timestamp,open,high,low,close,volume,symbol,m15_bias,m5_ema5,m5_ema10,m5_ema20,m5_ema50,m5_ema100,m5_ema200,m5_bias,m5_bb_upper,m5_bb_lower,m5_bb_width,m5_bbw_sma_100,m5_rsi7,m5_rsi14,m5_macd,m5_macd_signal,m5_macd_hist,m5_stoch_k,m5_stoch_d,m5_atr14,m5_atr_percentile,m5_atr_zscore,m5_atr_recent_avg,m5_atr_past_avg,m5_adx,m5_di_plus,m5_di_minus,m5_dx,m5_roc,m5_volume,m5_volume_ma20,m5_volume_ratio,m5_volume_spike,m5_volume_trend,m5_slope_10,m5_slope_20,m5_slope_50,m5_support,m5_resistance,m5_pivot,m5_r1,m5_r2,m5_s1,m5_s2,m5_box_duration,m5_box_tightness,m1_ema5,m1_ema20,m1_rsi14,m1_macd,m1_macd_signal,m1_stoch_k,m1_stoch_d,m1_atr14,m1_support,m1_resistance,m1_bb_upper,m1_bb_lower,m1_volume,m1_volume_ratio,meta_close,meta_high,meta_low,meta_open,meta_session,meta_data_age_ms,meta_data_quality,ohlcv_close,ohlcv_high,ohlcv_low,ohlcv_open,ohlcv_session,ohlcv_data_age_ms,ohlcv_data_quality,price_action_pattern,price_action_last_candle_bias,price_action_body_strength,price_action_wick_dominance,price_action_momentum_bias,price_action_move_quality,price_action_trap_alert,price_action_sr_interaction,behavior_conviction,behavior_hesitation,behavior_pressure_balance,behavior_participation,behavior_behavior,behavior_is_decisive,behavior_confidence,candle_pattern_patterns_detected,candle_pattern_pattern_count,candle_pattern_pattern_strength,candle_pattern_bias,candle_pattern_last_candle_color,candle_pattern_confidence,trap_detector_trap_detected,trap_detector_trap_type,trap_detector_trap_score,trap_detector_false_breakout,trap_detector_stop_hunt,trap_detector_rejection_wick,trap_detector_confidence,conflict_conflict_detected,conflict_conflict_score,conflict_agreement_score,conflict_ema_direction,conflict_momentum_direction,conflict_candle_direction,conflict_conflicting_signals,conflict_all_aligned,conflict_confidence,continuation_continuation_probability,continuation_reversal_probability,continuation_pullback_health,continuation_momentum_intact,continuation_volume_supports_move,continuation_bias,continuation_confidence,continuation_retest_detected,continuation_retest_quality,continuation_retest_type,divergence_divergence_detected,divergence_divergence_type,divergence_rsi_divergence,divergence_macd_divergence,divergence_divergence_strength,divergence_both_confirm,divergence_confidence,efficiency_efficiency_ratio,efficiency_path_efficiency,efficiency_directional_efficiency,efficiency_overall_efficiency,efficiency_movement_quality,efficiency_is_efficient,efficiency_confidence,persistence_persistence_score,persistence_autocorrelation,persistence_max_consecutive_run,persistence_trend_persistence,persistence_is_persistent,persistence_behavior,persistence_confidence,persistence_expansion_persistence,persistence_fatigue_risk,transition_in_transition,transition_transition_type,transition_volatility_shift,transition_momentum_shift,transition_structure_shift,transition_stability_score,transition_is_stable,transition_confidence,analysis_trend_direction,analysis_trend_strength,analysis_trend_type,analysis_volatility_regime,engines_trend_direction,engines_trend_strength,engines_trend_momentum,engines_trend_type,engines_trend_confidence,engines_trend_reversal_risk,engines_trend_sustain_probability,engines_strength_momentum_level,engines_strength_divergence,engines_strength_strength_score,engines_strength_exhaustion_risk,engines_strength_confidence,engines_volatility_regime,engines_volatility_volatility_score,engines_volatility_expansion_probability,engines_volatility_contraction_probability,engines_volatility_volatility_zscore,engines_volatility_spike_detected,engines_volatility_confidence,engines_volatility_bbw_compression_ratio,engines_volatility_compression_quality,engines_structure_structure_type,engines_structure_structure_score,engines_structure_bos_detected,engines_structure_bos_type,engines_structure_key_zones_strong_support,engines_structure_key_zones_strong_resistance,engines_structure_key_zones_middle,engines_structure_zone_proximity,engines_structure_breakout_probability,engines_structure_reversal_probability,engines_structure_confidence,engines_mtf_alignment_score,engines_mtf_dominant_direction,engines_mtf_htf_direction,engines_mtf_ltf_direction,engines_mtf_htf_ltf_conflict,engines_mtf_timeframes_analyzed,engines_mtf_confidence_from_mtf,engines_mtf_confidence,market_state,market_state_full_state,market_state_full_confidence,market_state_full_quality_score,market_state_full_tradeable,market_state_full_stability,market_state_full_description,market_state_full_metrics_volume_ratio,market_state_full_metrics_noise_level,market_state_full_metrics_rsi_extreme_bull,market_state_full_metrics_rsi_extreme_bear,market_state_full_metrics_price_above_ma20,market_state_full_metrics_price_above_ma50,market_state_full_metrics_wick_lower_ratio,market_state_full_metrics_wick_upper_ratio,market_state_full_metrics_compression_detected,market_state_full_metrics_divergence_detected,market_state_full_metrics_volume_surge,market_state_full_metrics_adaptive_adx_threshold,market_state_full_metrics_is_otc,signals_triggered,signals_count,signals_top_signal,market_context_state,market_context_description,market_context_volatility_regime,market_context_news_impact,market_context_expected_volatility_%,market_context_recent_ai_memory,decision_layer_tradeable,decision_layer_tradeable_reason,decision_layer_confidence_score,decision_layer_stability_score,decision_layer_quality_score,decision_layer_risk_level,decision_layer_suggested_expiry_minutes,decision_layer_suggested_action,decision_layer_final_reason_th
2026-06-26 06:58:00,0.861555,0.861635,0.861555,0.861605,109.0,EURGBP,BEARISH,0.86162,0.861659,0.861709,0.861728,0.861699,0.861648,BEARISH,0.86196,0.86154,0.000419,0.000471,16.0,20.51,-4.9e-05,-2.6e-05,-2.3e-05,20.82,14.69,7.4e-05,5.03,-1.65,6.7e-05,0.000132,28.97,11.65,29.94,43.96,-0.0238,364,231.5,1.572,False,FALLING,-2.3e-05,-1.7e-05,0.0,0.86152,0.86192,0.861608,0.861647,0.861693,0.861562,0.861523,22,5.41,0.861593,0.861609,48.33,-1.8e-05,-2.1e-05,46.91,48.56,4.4e-05,0.86152,0.861655,0.86165,0.861552,109,1.571,0.861605,0.861635,0.861555,0.861555,ASIAN,62967,HIGH,0.861605,0.861635,0.861555,0.861555,ASIAN,62967,HIGH,DOJI,BEARISH,WEAK,HIGH,BEARISH,NORMAL,True,NONE,37,46,-40.0,69,NEUTRAL,False,70,"['DOJI', 'EVENING_STAR']",2,40,BEARISH,BEARISH,80,True,BEAR_TRAP,50,True,False,False,70,False,0,100,DOWN,NONE,DOWN,0,True,75,55,45,80,False,True,NEUTRAL,70,False,0.0,NONE,False,NONE,False,False,0,False,60,45.76271186438127,18.772563176887434,75.0,46,FAIR,False,75,67,-0.14414308048641764,6,50.0,True,RANDOM,70,42.506589627757855,7.750471798053399,True,VOLATILITY_REGIME_CHANGE,True,True,False,30,False,70,NONE,40,CHOPPY,LOW,NONE,40,-0.0238,CHOPPY,20,50,30,NORMAL,NONE,75,30,85,LOW,58,70,30,-1.65,False,65,0.8895966029723991,91.0403397027601,RANGING,90,False,NONE,0.86152,0.861647,0.861608,FAR,30,50,85,50,NONE,NONE,NONE,False,[],0,0,BREAKOUT_EMERGING,BREAKOUT_EMERGING,50,70,True,32,"Volatility expansion after compression. Potential breakout opportunity. (breakout prob: 30%, reversal prob: 50%)",1.572,0.5,False,True,False,False,0.3,0.3,True,False,True,18,False,[],0,NO,BREAKOUT_EMERGING,"Volatility expansion after compression. Potential breakout opportunity. (breakout prob: 30%, reversal prob: 50%)",LOW,LOW,0.009,[],True,Passed basic checks,0,50,50,MEDIUM,5,WAIT,รอการวิเคราะห์จาก AI
2026-06-26 07:00:00,0.86156,0.86156,0.861535,0.861545,93.0,EURGBP,BEARISH,0.861595,0.861639,0.861694,0.861721,0.861699,0.861667,BEARISH,0.861956,0.861513,0.000443,0.000467,11.11,18.82,-5.6e-05,-3.2e-05,-2.4e-05,18.77,18.23,7.9e-05,6.03,-1.54,6.9e-05,0.00012,30.29,10.81,30.31,47.41,-0.029,375,246.05,1.524,False,RISING,-2.1e-05,-1.8e-05,-0.0,0.86152,0.86192,0.861572,0.861608,0.861672,0.861508,0.861472,23,5.06,0.86157,0.861598,44.62,-2.2e-05,-2.1e-05,37.04,41.56,4.3e-05,0.86152,0.861655,0.861654,0.861539,93,1.356,0.861545,0.86156,0.861535,0.86156,ASIAN,62893,HIGH,0.861545,0.86156,0.861535,0.86156,ASIAN,62893,HIGH,NONE,BEARISH,WEAK,HIGH,BEARISH,NORMAL,False,TESTING_SUPPORT,37,46,-40.0,65,NEUTRAL,False,70,[],0,0,NEUTRAL,BEARISH,40,False,NONE,0,False,False,False,60,False,0,100,DOWN,NONE,DOWN,0,True,75,55,45,80,False,True,NEUTRAL,70,False,0.0,NONE,False,NONE,False,False,0,False,60,49.60629921256979,22.945205479446535,75.0,49,FAIR,False,75,69,-0.1334955863525568,6,60.0,True,RANDOM,70,43.49323974950092,6.837111914547803,True,VOLATILITY_REGIME_CHANGE,True,True,True,0,False,70,NONE,40,CHOPPY,LOW,NONE,40,-0.029,CHOPPY,20,50,30,NORMAL,NONE,75,45,85,LOW,58,70,30,-1.54,False,65,0.9486081370449678,85.13918629550322,RANGING,90,False,NONE,0.861508,0.861608,0.861572,FAR,30,50,85,50,NONE,NONE,NONE,False,[],0,0,BREAKOUT_EMERGING,BREAKOUT_EMERGING,50,70,True,33,"Volatility expansion after compression. Potential breakout opportunity. (breakout prob: 30%, reversal prob: 50%)",1.524,0.5,False,True,False,False,0.3,0.3,True,False,True,18,False,[],0,NO,BREAKOUT_EMERGING,"Volatility expansion after compression. Potential breakout opportunity. (breakout prob: 30%, reversal prob: 50%)",LOW,LOW,0.009,[],True,Passed basic checks,0,50,50,MEDIUM,5,WAIT,รอการวิเคราะห์จาก AI
2026-06-26 07:02:00,0.86156,0.861575,0.86153,0.861535,227.0,EURGBP,BEARISH,0.861595,0.861639,0.861694,0.861721,0.861699,0.861667,BEARISH,0.861956,0.861513,0.000443,0.000467,11.11,18.82,-5.6e-05,-3.2e-05,-2.4e-05,18.77,18.23,7.9e-05,6.03,-1.54,6.9e-05,0.00012,30.29,10.81,30.31,47.41,-0.029,375,246.05,1.524,False,RISING,-2.1e-05,-1.8e-05,-0.0,0.86152,0.86192,0.861572,0.861608,0.861672,0.861508,0.861472,23,5.06,0.861555,0.861589,43.55,-2.5e-05,-2.2e-05,20.46,27.69,4.1e-05,0.861515,0.861655,0.861655,0.861525,227,2.643,0.861535,0.861575,0.86153,0.86156,ASIAN,62572,HIGH,0.861535,0.861575,0.86153,0.86156,ASIAN,62572,HIGH,NONE,BEARISH,WEAK,HIGH,BEARISH,NORMAL,False,TESTING_SUPPORT,37,46,-40.0,65,NEUTRAL,False,70,[],0,0,NEUTRAL,BEARISH,40,False,NONE,0,False,False,False,60,False,0,100,DOWN,NONE,DOWN,0,True,75,55,45,80,False,True,NEUTRAL,70,False,0.0,NONE,False,NONE,False,False,0,False,60,49.60629921256979,22.945205479446535,75.0,49,FAIR,False,75,69,-0.1334955863525568,6,60.0,True,RANDOM,70,43.49323974950092,6.837111914547803,True,VOLATILITY_REGIME_CHANGE,True,True,True,0,False,70,NONE,40,CHOPPY,LOW,NONE,40,-0.029,CHOPPY,20,50,30,NORMAL,NONE,75,45,85,LOW,58,70,30,-1.54,False,65,0.9486081370449678,85.13918629550322,RANGING,90,False,NONE,0.861508,0.861608,0.861572,FAR,30,50,85,50,NONE,NONE,NONE,False,[],0,0,BREAKOUT_EMERGING,BREAKOUT_EMERGING,50,70,True,33,"Volatility expansion after compression. Potential breakout opportunity. (breakout prob: 30%, reversal prob: 50%)",1.524,0.5,False,True,False,False,0.3,0.3,True,False,True,18,False,[],0,NO,BREAKOUT_EMERGING,"Volatility expansion after compression. Potential breakout opportunity. (breakout prob: 30%, reversal prob: 50%)",LOW,LOW,0.009,[],True,Passed basic checks,0,50,50,MEDIUM,5,WAIT,รอการวิเคราะห์จาก AI
2026-06-26 07:25:00,0.861385,0.861435,0.861385,0.861425,119.0,EURGBP,BEARISH,0.861433,0.861495,0.861584,0.861666,0.861672,0.861656,BEARISH,0.861916,0.86133,0.000586,0.000467,25.33,19.17,-9.8e-05,-7e-05,-2.8e-05,9.58,6.53,9e-05,13.57,-1.23,7.8e-05,7.9e-05,39.49,7.46,33.8,63.82,-0.0197,689,435.35,1.583,False,FALLING,-3e-05,-2.4e-05,-5e-06,0.861325,0.861845,0.861395,0.861465,0.861505,0.861355,0.861285,20,5.78,0.861384,0.861412,50.0,-4.3e-05,-5.1e-05,49.76,27.97,3.5e-05,0.861325,0.861495,0.861501,0.861313,119,0.711,0.861425,0.861435,0.861385,0.861385,ASIAN,63394,HIGH,0.861425,0.861435,0.861385,0.861385,ASIAN,63394,HIGH,NONE,BULLISH,WEAK,HIGH,BEARISH,NORMAL,False,NONE,42,40,-46.666666666666664,100,NEUTRAL,False,70,[],0,0,NEUTRAL,BULLISH,40,False,NONE,0,False,False,False,60,False,0,100,DOWN,NONE,DOWN,0,True,75,70,30,80,False,True,CONTINUATION,70,True,60.0,BEARISH,False,NONE,False,False,0,False,60,53.64238410595442,23.69230769230433,75.0,50,FAIR,False,75,75,-0.14867874221985983,6,100.0,True,RANDOM,70,41.85519071860038,8.516772263084425,True,MOMENTUM_SHIFT,False,True,True,35,False,70,DOWN,40,CHOPPY,LOW,DOWN,40,-0.0197,CHOPPY,55,30,50,STRONG,NONE,75,45,85,LOW,58,55,45,-1.23,False,65,1.2548179871520342,54.51820128479659,RANGING,90,False,NONE,0.861325,0.861465,0.861395,FAR,30,50,85,50,NONE,NONE,NONE,False,[],0,0,BREAKOUT_EMERGING,BREAKOUT_EMERGING,50,70,True,36,"Volatility expansion after compression. Potential breakout opportunity. (breakout prob: 30%, reversal prob: 50%)",1.583,0.5,False,True,False,False,0.3,0.3,True,False,True,18,False,[],0,NO,BREAKOUT_EMERGING,"Volatility expansion after compression. Potential breakout opportunity. (breakout prob: 30%, reversal prob: 50%)",LOW,LOW,0.01,[],True,Passed basic checks,0,50,50,MEDIUM,5,WAIT,รอการวิเคราะห์จาก AI
2026-06-26 07:26:00,0.861425,0.86143,0.861395,0.861405,235.0,EURGBP,BEARISH,0.861433,0.861495,0.861584,0.861666,0.861672,0.861656,BEARISH,0.861916,0.86133,0.000586,0.000467,25.33,19.17,-9.8e-05,-7e-05,-2.8e-05,9.58,6.53,9e-05,13.57,-1.23,7.8e-05,7.9e-05,39.49,7.46,33.8,63.82,-0.0197,689,435.35,1.583,False,FALLING,-3e-05,-2.4e-05,-5e-06,0.861325,0.861845,0.861395,0.861465,0.861505,0.861355,0.861285,20,5.78,0.861391,0.861411,45.83,-3.9e-05,-4.8e-05,61.98,44.95,3.5e-05,0.861325,0.86149,0.861494,0.861314,235,1.403,0.861405,0.86143,0.861395,0.861425,ASIAN,62747,HIGH,0.861405,0.86143,0.861395,0.861425,ASIAN,62747,HIGH,NONE,BULLISH,WEAK,HIGH,BEARISH,NORMAL,False,NONE,42,40,-46.666666666666664,100,NEUTRAL,False,70,[],0,0,NEUTRAL,BULLISH,40,False,NONE,0,False,False,False,60,False,0,100,DOWN,NONE,DOWN,0,True,75,70,30,80,False,True,CONTINUATION,70,True,60.0,BEARISH,False,NONE,False,False,0,False,60,53.64238410595442,23.69230769230433,75.0,50,FAIR,False,75,75,-0.14867874221985983,6,100.0,True,RANDOM,70,41.85519071860038,8.516772263084425,True,MOMENTUM_SHIFT,False,True,True,35,False,70,DOWN,40,CHOPPY,LOW,DOWN,40,-0.0197,CHOPPY,55,30,50,STRONG,NONE,75,45,85,LOW,58,55,45,-1.23,False,65,1.2548179871520342,54.51820128479659,RANGING,90,False,NONE,0.861325,0.861465,0.861395,FAR,30,50,85,50,NONE,NONE,NONE,False,[],0,0,BREAKOUT_EMERGING,BREAKOUT_EMERGING,50,70,True,36,"Volatility expansion after compression. Potential breakout opportunity. (breakout prob: 30%, reversal prob: 50%)",1.583,0.5,False,True,False,False,0.3,0.3,True,False,True,18,False,[],0,NO,BREAKOUT_EMERGING,"Volatility expansion after compression. Potential breakout opportunity. (breakout prob: 30%, reversal prob: 50%)",LOW,LOW,0.01,[],True,Passed basic checks,0,50,50,MEDIUM,5,WAIT,รอการวิเคราะห์จาก AI
2026-06-26 07:27:00,0.8614,0.861405,0.861385,0.8614,212.0,EURGBP,BEARISH,0.861433,0.861495,0.861584,0.861666,0.861672,0.861656,BEARISH,0.861916,0.86133,0.000586,0.000467,25.33,19.17,-9.8e-05,-7e-05,-2.8e-05,9.58,6.53,9e-05,13.57,-1.23,7.8e-05,7.9e-05,39.49,7.46,33.8,63.82,-0.0197,689,435.35,1.583,False,FALLING,-3e-05,-2.4e-05,-5e-06,0.861325,0.861845,0.861395,0.861465,0.861505,0.861355,0.861285,20,5.78,0.861394,0.86141,43.75,-3.5e-05,-4.6e-05,69.72,60.49,3.5e-05,0.861325,0.86149,0.861482,0.861318,212,1.231,0.8614,0.861405,0.861385,0.8614,ASIAN,63147,HIGH,0.8614,0.861405,0.861385,0.8614,ASIAN,63147,HIGH,NONE,BULLISH,WEAK,HIGH,BEARISH,NORMAL,False,NONE,42,40,-46.666666666666664,100,NEUTRAL,False,70,[],0,0,NEUTRAL,BULLISH,40,False,NONE,0,False,False,False,60,False,0,100,DOWN,NONE,DOWN,0,True,75,70,30,80,False,True,CONTINUATION,70,True,60.0,BEARISH,False,NONE,False,False,0,False,60,53.64238410595442,23.69230769230433,75.0,50,FAIR,False,75,75,-0.14867874221985983,6,100.0,True,RANDOM,70,41.85519071860038,8.516772263084425,True,MOMENTUM_SHIFT,False,True,True,35,False,70,DOWN,40,CHOPPY,LOW,DOWN,40,-0.0197,CHOPPY,55,30,50,STRONG,NONE,75,45,85,LOW,58,55,45,-1.23,False,65,1.2548179871520342,54.51820128479659,RANGING,90,False,NONE,0.861325,0.861465,0.861395,FAR,30,50,85,50,NONE,NONE,NONE,False,[],0,0,BREAKOUT_EMERGING,BREAKOUT_EMERGING,50,70,True,36,"Volatility expansion after compression. Potential breakout opportunity. (breakout prob: 30%, reversal prob: 50%)",1.583,0.5,False,True,False,False,0.3,0.3,True,False,True,18,False,[],0,NO,BREAKOUT_EMERGING,"Volatility expansion after compression. Potential breakout opportunity. (breakout prob: 30%, reversal prob: 50%)",LOW,LOW,0.01,[],True,Passed basic checks,0,50,50,MEDIUM,5,WAIT,รอการวิเคราะห์จาก AI
2026-06-26 07:29:00,0.861415,0.86144,0.8614,0.861435,150.0,EURGBP,BEARISH,0.861433,0.861495,0.861584,0.861666,0.861672,0.861656,BEARISH,0.861916,0.86133,0.000586,0.000467,25.33,19.17,-9.8e-05,-7e-05,-2.8e-05,9.58,6.53,9e-05,13.57,-1.23,7.8e-05,7.9e-05,39.49,7.46,33.8,63.82,-0.0197,689,435.35,1.583,False,FALLING,-3e-05,-2.4e-05,-5e-06,0.861325,0.861845,0.861395,0.861465,0.861505,0.861355,0.861285,20,5.78,0.861412,0.861413,52.0,-2.5e-05,-3.9e-05,76.39,71.39,3.5e-05,0.861325,0.861475,0.861468,0.861324,150,0.945,0.861435,0.86144,0.8614,0.861415,ASIAN,62897,HIGH,0.861435,0.86144,0.8614,0.861415,ASIAN,62897,HIGH,NONE,BULLISH,WEAK,HIGH,BEARISH,NORMAL,False,NONE,42,40,-46.666666666666664,100,NEUTRAL,False,70,[],0,0,NEUTRAL,BULLISH,40,False,NONE,0,False,False,False,60,False,0,100,DOWN,NONE,DOWN,0,True,75,70,30,80,False,True,CONTINUATION,70,True,60.0,BEARISH,False,NONE,False,False,0,False,60,53.64238410595442,23.69230769230433,75.0,50,FAIR,False,75,75,-0.14867874221985983,6,100.0,True,RANDOM,70,41.85519071860038,8.516772263084425,True,MOMENTUM_SHIFT,False,True,True,35,False,70,DOWN,40,CHOPPY,LOW,DOWN,40,-0.0197,CHOPPY,55,30,50,STRONG,NONE,75,45,85,LOW,58,55,45,-1.23,False,65,1.2548179871520342,54.51820128479659,RANGING,90,False,NONE,0.861325,0.861465,0.861395,FAR,30,50,85,50,NONE,NONE,NONE,False,[],0,0,BREAKOUT_EMERGING,BREAKOUT_EMERGING,50,70,True,36,"Volatility expansion after compression. Potential breakout opportunity. (breakout prob: 30%, reversal prob: 50%)",1.583,0.5,False,True,False,False,0.3,0.3,True,False,True,18,False,[],0,NO,BREAKOUT_EMERGING,"Volatility expansion after compression. Potential breakout opportunity. (breakout prob: 30%, reversal prob: 50%)",LOW,LOW,0.01,[],True,Passed basic checks,0,50,50,MEDIUM,5,WAIT,รอการวิเคราะห์จาก AI
2026-06-26 07:47:00,0.86155,0.861585,0.861545,0.861585,172.0,EURGBP,BEARISH,0.861497,0.861501,0.861556,0.861641,0.861662,0.861671,BEARISH,0.861819,0.861311,0.000508,0.000465,59.72,42.61,-7.4e-05,-7.8e-05,4e-06,53.4,40.94,8.6e-05,9.55,-1.28,8.5e-05,6.7e-05,39.71,15.16,27.28,28.56,-0.0023,609,542.9,1.122,False,FALLING,5e-06,-1.8e-05,-7e-06,0.861325,0.861825,0.86153,0.86155,0.861575,0.861505,0.861485,21,5.81,0.861553,0.861509,82.5,3e-05,2.3e-05,87.18,79.6,3.1e-05,0.861395,0.861585,0.861602,0.861402,172,1.161,0.861585,0.861585,0.861545,0.86155,ASIAN,63195,HIGH,0.861585,0.861585,0.861545,0.86155,ASIAN,63195,HIGH,NONE,BEARISH,WEAK,HIGH,BEARISH,CHOPPY,False,NONE,46,33,-33.33333333333333,91,NEUTRAL,False,70,[],0,0,NEUTRAL,BEARISH,40,False,NONE,0,False,False,False,60,False,0,100,DOWN,NONE,NONE,0,True,75,55,45,80,False,True,NEUTRAL,70,False,0.0,NONE,False,NONE,False,False,0,False,60,28.834355828218687,17.17791411043279,65.0,37,FAIR,False,75,75,-0.13935892456963006,6,100.0,True,RANDOM,70,50.26064349383479,0.05475228460620497,True,MOMENTUM_SHIFT,False,True,False,65,True,70,NONE,20,CHOPPY,LOW,NONE,20,-0.0023,CHOPPY,20,50,30,STRONG,NONE,65,30,75,LOW,58,40,60,-1.28,False,65,1.0924731182795697,70.75268817204304,RANGING,90,False,NONE,0.861325,0.86155,0.86153,FAR,30,50,85,50,NONE,NONE,NONE,False,[],0,0,BREAKOUT_EMERGING,BREAKOUT_EMERGING,53,70,True,37,"Volatility expansion after compression. Potential breakout opportunity. (breakout prob: 30%, reversal prob: 50%)",1.122,0.5,False,False,True,False,0.3,0.3,True,False,False,18,False,[],0,NO,BREAKOUT_EMERGING,"Volatility expansion after compression. Potential breakout opportunity. (breakout prob: 30%, reversal prob: 50%)",LOW,LOW,0.01,[],True,Passed basic checks,0,50,50,MEDIUM,5,WAIT,รอการวิเคราะห์จาก AI
2026-06-26 07:49:00,0.861565,0.861585,0.861545,0.861565,109.0,EURGBP,BEARISH,0.861497,0.861501,0.861556,0.861641,0.861662,0.861671,BEARISH,0.861819,0.861311,0.000508,0.000465,59.72,42.61,-7.4e-05,-7.8e-05,4e-06,53.4,40.94,8.6e-05,9.55,-1.28,8.5e-05,6.7e-05,39.71,15.16,27.28,28.56,-0.0023,609,542.9,1.122,False,FALLING,5e-06,-1.8e-05,-7e-06,0.861325,0.861825,0.86153,0.86155,0.861575,0.861505,0.861485,21,5.81,0.861562,0.86152,72.5,3.1e-05,2.6e-05,87.37,89.01,3.3e-05,0.86142,0.861595,0.861609,0.861424,109,0.763,0.861565,0.861585,0.861545,0.861565,ASIAN,62881,HIGH,0.861565,0.861585,0.861545,0.861565,ASIAN,62881,HIGH,NONE,BEARISH,WEAK,HIGH,BEARISH,CHOPPY,False,NONE,46,33,-33.33333333333333,91,NEUTRAL,False,70,[],0,0,NEUTRAL,BEARISH,40,False,NONE,0,False,False,False,60,False,0,100,DOWN,NONE,NONE,0,True,75,55,45,80,False,True,NEUTRAL,70,False,0.0,NONE,False,NONE,False,False,0,False,60,28.834355828218687,17.17791411043279,65.0,37,FAIR,False,75,75,-0.13935892456963006,6,100.0,True,RANDOM,70,50.26064349383479,0.05475228460620497,True,MOMENTUM_SHIFT,False,True,False,65,True,70,NONE,20,CHOPPY,LOW,NONE,20,-0.0023,CHOPPY,20,50,30,STRONG,NONE,65,30,75,LOW,58,40,60,-1.28,False,65,1.0924731182795697,70.75268817204304,RANGING,90,False,NONE,0.861325,0.86155,0.86153,FAR,30,50,85,50,NONE,NONE,NONE,False,[],0,0,SIDEWAY_RANGE,SIDEWAY_RANGE,53,60,True,37,Price ranging between clear levels. Suitable for mean-reversion strategies.,1.122,0.5,False,False,True,False,0.3,0.3,True,False,False,18,False,[],0,NO,SIDEWAY_RANGE,Price ranging between clear levels. Suitable for mean-reversion strategies.,LOW,LOW,0.01,"[{'symbol': 'EURGBP-OTC', 'action': 'NO_TRADE', 'reason': 'ไม่พบข้อมูลราคาตลาดปัจจุบัน ไม่สามารถวิเคราะห์แนวโน้มและสัญญาณทางเทคนิคได้', 'timestamp': '2026-06-26T07:47:37.511819'}, {'symbol': 'EURGBP-OTC', 'action': 'NO_TRADE', 'reason': 'ไม่มีข้อมูลราคาและตัวชี้วัดจากตลาดปัจจุบันจึงไม่สามารถวิเคราะห์สัญญาณได้', 'timestamp': '2026-06-26T07:48:33.947303'}]",True,Passed basic checks,0,50,50,MEDIUM,5,WAIT,รอการวิเคราะห์จาก AI
2026-06-26 07:51:00,0.86158,0.86159,0.86156,0.861575,93.0,EURGBP,BEARISH,0.861526,0.861516,0.861559,0.861639,0.861656,0.86164,BULLISH,0.861782,0.861326,0.000455,0.000464,70.51,49.19,-6.3e-05,-7.5e-05,1.3e-05,67.47,54.2,8.6e-05,9.05,-1.27,8.6e-05,6.9e-05,38.23,17.36,25.55,19.08,0.0163,518,561.6,0.922,False,FALLING,1.7e-05,-1.4e-05,-7e-06,0.861325,0.861825,0.861565,0.861615,0.861645,0.861535,0.861485,22,5.81,0.861571,0.861531,65.79,3.2e-05,2.8e-05,81.57,84.47,3.1e-05,0.861435,0.861595,0.861614,0.861446,93,0.68,0.861575,0.86159,0.86156,0.86158,ASIAN,62846,HIGH,0.861575,0.86159,0.86156,0.86158,ASIAN,62846,HIGH,BULLISH_ENGULFING,BULLISH,WEAK,HIGH,BEARISH,CHOPPY,False,NONE,47,33,-26.666666666666668,84,NEUTRAL,False,70,['BULLISH_ENGULFING'],1,20,BULLISH,BULLISH,60,False,NONE,0,False,False,False,60,False,0,50,NONE,NONE,NONE,0,False,75,55,45,80,False,True,NEUTRAL,70,False,0.0,NONE,False,NONE,False,False,0,False,60,26.50602409638538,12.688821752262072,65.0,34,POOR,False,75,73,-0.1422870151177779,6,90.0,True,RANDOM,70,49.85574966292145,0.2440227392922679,True,MOMENTUM_SHIFT,False,True,False,65,True,70,NONE,40,CHOPPY,LOW,NONE,40,0.0163,CHOPPY,20,50,30,STRONG,BEARISH,65,40,75,LOW,58,40,60,-1.27,False,65,0.9806034482758621,81.9396551724138,RANGING,90,False,NONE,0.861325,0.861615,0.861565,FAR,30,50,85,50,NONE,NONE,NONE,False,[],0,0,BREAKOUT_EMERGING,BREAKOUT_EMERGING,54,70,True,36,"Volatility expansion after compression. Potential breakout opportunity. (breakout prob: 30%, reversal prob: 50%)",0.922,0.5,False,False,True,False,0.3,0.3,True,False,False,18,False,[],0,NO,BREAKOUT_EMERGING,"Volatility expansion after compression. Potential breakout opportunity. (breakout prob: 30%, reversal prob: 50%)",LOW,LOW,0.01,"[{'symbol': 'EURGBP-OTC', 'action': 'NO_TRADE', 'reason': 'ไม่พบข้อมูลราคาตลาดปัจจุบัน ไม่สามารถวิเคราะห์แนวโน้มและสัญญาณทางเทคนิคได้', 'timestamp': '2026-06-26T07:47:37.511819'}, {'symbol': 'EURGBP-OTC', 'action': 'NO_TRADE', 'reason': 'ไม่มีข้อมูลราคาและตัวชี้วัดจากตลาดปัจจุบันจึงไม่สามารถวิเคราะห์สัญญาณได้', 'timestamp': '2026-06-26T07:48:33.947303'}, {'symbol': 'EURUSD', 'action': 'NO_TRADE', 'reason': 'ไม่มีข้อมูลตลาด JSON ให้วิเคราะห์ ไม่สามารถประเมินแนวโน้มและสัญญาณใด ๆ ได้', 'timestamp': '2026-06-26T07:49:31.466561'}, {'symbol': 'EURUSD', 'action': 'NO_TRADE', 'reason': 'ไม่มีข้อมูลราคาและตัวชี้วัดตลาดในปัจจุบัน จึงไม่สามารถวิเคราะห์สัญญาณเทคนิคได้อย่างแม่นยำ', 'timestamp': '2026-06-26T07:50:31.070509'}]",True,Passed basic checks,0,50,50,MEDIUM,5,WAIT,รอการวิเคราะห์จาก AI
2026-06-26 07:53:00,0.86154,0.86155,0.861505,0.861515,91.0,EURGBP,BEARISH,0.861526,0.861516,0.861559,0.861639,0.861656,0.86164,BULLISH,0.861782,0.861326,0.000455,0.000464,70.51,49.19,-6.3e-05,-7.5e-05,1.3e-05,67.47,54.2,8.6e-05,9.05,-1.27,8.6e-05,6.9e-05,38.23,17.36,25.55,19.08,0.0163,518,561.6,0.922,False,FALLING,1.7e-05,-1.4e-05,-7e-06,0.861325,0.861825,0.861565,0.861615,0.861645,0.861535,0.861485,22,5.81,0.861547,0.861531,40.48,2.4e-05,2.8e-05,42.92,64.71,3.3e-05,0.861445,0.861595,0.861605,0.861471,91,0.71,0.861515,0.86155,0.861505,0.86154,ASIAN,62734,HIGH,0.861515,0.86155,0.861505,0.86154,ASIAN,62734,HIGH,BULLISH_ENGULFING,BULLISH,WEAK,HIGH,BEARISH,CHOPPY,False,NONE,47,33,-26.666666666666668,84,NEUTRAL,False,70,['BULLISH_ENGULFING'],1,20,BULLISH,BULLISH,60,False,NONE,0,False,False,False,60,False,0,50,NONE,NONE,NONE,0,False,75,55,45,80,False,True,NEUTRAL,70,False,0.0,NONE,False,NONE,False,False,0,False,60,26.50602409638538,12.688821752262072,65.0,34,POOR,False,75,73,-0.1422870151177779,6,90.0,True,RANDOM,70,49.85574966292145,0.2440227392922679,True,MOMENTUM_SHIFT,False,True,False,65,True,70,DOWN,40,CHOPPY,LOW,DOWN,40,0.0163,CHOPPY,55,30,50,STRONG,BEARISH,65,40,75,LOW,58,40,60,-1.27,False,65,0.9806034482758621,81.9396551724138,RANGING,90,False,NONE,0.861325,0.861615,0.861565,FAR,30,50,85,50,NONE,NONE,NONE,False,[],0,0,SIDEWAY_RANGE,SIDEWAY_RANGE,54,60,True,36,Price ranging between clear levels. Suitable for mean-reversion strategies.,0.922,0.5,False,False,False,False,0.3,0.3,True,False,False,18,False,[],0,NO,SIDEWAY_RANGE,Price ranging between clear levels. Suitable for mean-reversion strategies.,LOW,LOW,0.01,"[{'symbol': 'EURGBP-OTC', 'action': 'NO_TRADE', 'reason': 'ไม่มีข้อมูลราคาและตัวชี้วัดจากตลาดปัจจุบันจึงไม่สามารถวิเคราะห์สัญญาณได้', 'timestamp': '2026-06-26T07:48:33.947303'}, {'symbol': 'EURUSD', 'action': 'NO_TRADE', 'reason': 'ไม่มีข้อมูลตลาด JSON ให้วิเคราะห์ ไม่สามารถประเมินแนวโน้มและสัญญาณใด ๆ ได้', 'timestamp': '2026-06-26T07:49:31.466561'}, {'symbol': 'EURUSD', 'action': 'NO_TRADE', 'reason': 'ไม่มีข้อมูลราคาและตัวชี้วัดตลาดในปัจจุบัน จึงไม่สามารถวิเคราะห์สัญญาณเทคนิคได้อย่างแม่นยำ', 'timestamp': '2026-06-26T07:50:31.070509'}, {'symbol': 'EURGBP-OTC', 'action': 'NO_TRADE', 'reason': 'ขาดข้อมูลตลาดจริง เช่น ราคา กราฟ หรือตัวชี้วัด ไม่สามารถวิเคราะห์สัญญาณใดได้', 'timestamp': '2026-06-26T07:51:31.131036'}, {'symbol': 'EURGBP-OTC', 'action': 'NO_TRADE', 'reason': 'ไม่พบข้อมูลราคาหรือตัวบ่งชี้ในปัจจุบัน ไม่สามารถวิเคราะห์สัญญาณเทคนิคได้', 'timestamp': '2026-06-26T07:52:30.740482'}]",True,Passed basic checks,0,50,50,MEDIUM,5,WAIT,รอการวิเคราะห์จาก AI
2026-06-26 07:55:00,0.861465,0.86148,0.861445,0.861455,110.0,EURGBP,BEARISH,0.861502,0.861505,0.861549,0.861632,0.861654,0.861653,BEARISH,0.861738,0.861336,0.000402,0.000462,63.22,39.04,-6.3e-05,-7.3e-05,9e-06,59.6,60.16,9.2e-05,17.59,-1.15,8.7e-05,7.1e-05,37.57,15.45,28.05,28.95,-0.0,529,580.9,0.911,False,FALLING,1.5e-05,-1.1e-05,-7e-06,0.861325,0.861805,0.861497,0.861548,0.861642,0.861403,0.861352,20,5.22,0.861499,0.861518,33.33,9e-06,2.2e-05,7.21,22.95,3.5e-05,0.861445,0.861595,0.861608,0.861466,110,0.88,0.861455,0.86148,0.861445,0.861465,ASIAN,63356,HIGH,0.861455,0.86148,0.861445,0.861465,ASIAN,63356,HIGH,NONE,BEARISH,WEAK,LOW,BEARISH,CHOPPY,False,NONE,49,30,-33.33333333333333,75,NEUTRAL,False,70,[],0,0,NEUTRAL,BEARISH,40,False,NONE,0,False,False,False,60,False,0,100,DOWN,NONE,NONE,0,True,75,55,45,80,False,True,NEUTRAL,70,False,0.0,NONE,False,NONE,False,False,0,False,60,35.78947368421102,13.031161473092112,65.0,37,FAIR,False,75,73,-0.15286726705792064,6,90.0,True,RANDOM,70,45.598052673833116,4.611268502642951,True,MOMENTUM_SHIFT,False,True,False,65,True,70,DOWN,40,CHOPPY,LOW,DOWN,40,-0.0,CHOPPY,55,30,50,STRONG,NONE,70,30,80,LOW,58,40,60,-1.15,False,65,0.8701298701298702,92.98701298701299,RANGING,90,False,NONE,0.861325,0.861548,0.861497,FAR,30,50,85,50,NONE,NONE,NONE,False,[],0,0,BREAKOUT_EMERGING,BREAKOUT_EMERGING,54,70,True,36,"Volatility expansion after compression. Potential breakout opportunity. (breakout prob: 30%, reversal prob: 50%)",0.911,0.5,False,False,False,False,0.3,0.3,True,False,False,18,False,[],0,NO,BREAKOUT_EMERGING,"Volatility expansion after compression. Potential breakout opportunity. (breakout prob: 30%, reversal prob: 50%)",LOW,LOW,0.011,"[{'symbol': 'EURUSD', 'action': 'NO_TRADE', 'reason': 'ไม่มีข้อมูลราคาและตัวชี้วัดตลาดในปัจจุบัน จึงไม่สามารถวิเคราะห์สัญญาณเทคนิคได้อย่างแม่นยำ', 'timestamp': '2026-06-26T07:50:31.070509'}, {'symbol': 'EURGBP-OTC', 'action': 'NO_TRADE', 'reason': 'ขาดข้อมูลตลาดจริง เช่น ราคา กราฟ หรือตัวชี้วัด ไม่สามารถวิเคราะห์สัญญาณใดได้', 'timestamp': '2026-06-26T07:51:31.131036'}, {'symbol': 'EURGBP-OTC', 'action': 'NO_TRADE', 'reason': 'ไม่พบข้อมูลราคาหรือตัวบ่งชี้ในปัจจุบัน ไม่สามารถวิเคราะห์สัญญาณเทคนิคได้', 'timestamp': '2026-06-26T07:52:30.740482'}, {'symbol': 'EURUSD-OTC', 'action': 'NO_TRADE', 'reason': 'ไม่พบข้อมูลราคาตลาดปัจจุบัน ไม่สามารถวิเคราะห์แนวโน้มและสัญญาณทางเทคนิคได้', 'timestamp': '2026-06-26T07:53:36.345198'}, {'symbol': 'EURUSD-OTC', 'action': 'NO_TRADE', 'reason': 'ไม่มีข้อมูลราคาและตัวบ่งชี้ตลาดในปัจจุบัน ไม่สามารถวิเคราะห์สัญญาณเทคนิคได้', 'timestamp': '2026-06-26T07:54:34.567329'}]",True,Passed basic checks,0,50,50,MEDIUM,5,WAIT,รอการวิเคราะห์จาก AI
2026-06-26 07:57:00,0.861465,0.86147,0.861445,0.861455,54.0,EURGBP,BEARISH,0.861502,0.861505,0.861549,0.861632,0.861654,0.861653,BEARISH,0.861738,0.861336,0.000402,0.000462,63.22,39.04,-6.3e-05,-7.3e-05,9e-06,59.6,60.16,9.2e-05,17.59,-1.15,8.7e-05,7.1e-05,37.57,15.45,28.05,28.95,-0.0,529,580.9,0.911,False,FALLING,1.5e-05,-1.1e-05,-7e-06,0.861325,0.861805,0.861497,0.861548,0.861642,0.861403,0.861352,20,5.22,0.861477,0.861508,34.62,-1e-06,1.5e-05,8.89,8.02,3.7e-05,0.861445,0.861595,0.861616,0.861449,54,0.45,0.861455,0.86147,0.861445,0.861465,ASIAN,63248,HIGH,0.861455,0.86147,0.861445,0.861465,ASIAN,63248,HIGH,NONE,BEARISH,WEAK,LOW,BEARISH,CHOPPY,False,NONE,49,30,-33.33333333333333,75,NEUTRAL,False,70,[],0,0,NEUTRAL,BEARISH,40,False,NONE,0,False,False,False,60,False,0,100,DOWN,NONE,NONE,0,True,75,55,45,80,False,True,NEUTRAL,70,False,0.0,NONE,False,NONE,False,False,0,False,60,35.78947368421102,13.031161473092112,65.0,37,FAIR,False,75,73,-0.15286726705792064,6,90.0,True,RANDOM,70,45.598052673833116,4.611268502642951,True,MOMENTUM_SHIFT,False,True,False,65,True,70,DOWN,40,CHOPPY,LOW,DOWN,40,-0.0,CHOPPY,55,30,50,STRONG,NONE,70,30,80,LOW,58,40,60,-1.15,False,65,0.8701298701298702,92.98701298701299,RANGING,90,False,NONE,0.861325,0.861548,0.861497,FAR,30,50,85,50,NONE,NONE,NONE,False,[],0,0,SIDEWAY_RANGE,SIDEWAY_RANGE,54,60,True,36,Price ranging between clear levels. Suitable for mean-reversion strategies.,0.911,0.5,False,False,False,False,0.3,0.3,True,False,False,18,False,[],0,NO,SIDEWAY_RANGE,Price ranging between clear levels. Suitable for mean-reversion strategies.,LOW,LOW,0.011,"[{'symbol': 'EURGBP-OTC', 'action': 'NO_TRADE', 'reason': 'ไม่พบข้อมูลราคาหรือตัวบ่งชี้ในปัจจุบัน ไม่สามารถวิเคราะห์สัญญาณเทคนิคได้', 'timestamp': '2026-06-26T07:52:30.740482'}, {'symbol': 'EURUSD-OTC', 'action': 'NO_TRADE', 'reason': 'ไม่พบข้อมูลราคาตลาดปัจจุบัน ไม่สามารถวิเคราะห์แนวโน้มและสัญญาณทางเทคนิคได้', 'timestamp': '2026-06-26T07:53:36.345198'}, {'symbol': 'EURUSD-OTC', 'action': 'NO_TRADE', 'reason': 'ไม่มีข้อมูลราคาและตัวบ่งชี้ตลาดในปัจจุบัน ไม่สามารถวิเคราะห์สัญญาณเทคนิคได้', 'timestamp': '2026-06-26T07:54:34.567329'}, {'symbol': 'EURUSD-OTC', 'action': 'NO_TRADE', 'reason': 'ไม่มีข้อมูลราคาและตัวชี้วัดทางเทคนิคในระบบ ไม่สามารถวิเคราะห์สัญญาณได้', 'timestamp': '2026-06-26T07:55:31.712837'}, {'symbol': 'EURUSD-OTC', 'action': 'NO_TRADE', 'reason': 'ไม่มีข้อมูลราคาและตัวชี้วัดตลาดในปัจจุบัน ไม่สามารถวิเคราะห์สัญญาณได้', 'timestamp': '2026-06-26T07:56:30.390987'}]",True,Passed basic checks,0,50,50,MEDIUM,5,WAIT,รอการวิเคราะห์จาก AI
2026-06-26 07:58:00,0.86146,0.861495,0.86146,0.861485,71.0,EURGBP,BEARISH,0.861502,0.861505,0.861549,0.861632,0.861654,0.861653,BEARISH,0.861738,0.861336,0.000402,0.000462,63.22,39.04,-6.3e-05,-7.3e-05,9e-06,59.6,60.16,9.2e-05,17.59,-1.15,8.7e-05,7.1e-05,37.57,15.45,28.05,28.95,-0.0,529,580.9,0.911,False,FALLING,1.5e-05,-1.1e-05,-7e-06,0.861325,0.861805,0.861497,0.861548,0.861642,0.861403,0.861352,20,5.22,0.86148,0.861506,42.86,-3e-06,1.1e-05,15.56,10.8,3.8e-05,0.861445,0.861595,0.861615,0.861444,71,0.638,0.861485,0.861495,0.86146,0.86146,ASIAN,62449,HIGH,0.861485,0.861495,0.86146,0.86146,ASIAN,62449,HIGH,NONE,BEARISH,WEAK,LOW,BEARISH,CHOPPY,False,NONE,49,30,-33.33333333333333,75,NEUTRAL,False,70,[],0,0,NEUTRAL,BEARISH,40,False,NONE,0,False,False,False,60,False,0,100,DOWN,NONE,NONE,0,True,75,55,45,80,False,True,NEUTRAL,70,False,0.0,NONE,False,NONE,False,False,0,False,60,35.78947368421102,13.031161473092112,65.0,37,FAIR,False,75,73,-0.15286726705792064,6,90.0,True,RANDOM,70,45.598052673833116,4.611268502642951,True,MOMENTUM_SHIFT,False,True,False,65,True,70,DOWN,40,CHOPPY,LOW,DOWN,40,-0.0,CHOPPY,55,30,50,STRONG,NONE,70,30,80,LOW,58,40,60,-1.15,False,65,0.8701298701298702,92.98701298701299,RANGING,90,False,NONE,0.861325,0.861548,0.861497,FAR,30,50,85,50,NONE,NONE,NONE,False,[],0,0,BREAKOUT_EMERGING,BREAKOUT_EMERGING,54,70,True,36,"Volatility expansion after compression. Potential breakout opportunity. (breakout prob: 30%, reversal prob: 50%)",0.911,0.5,False,False,False,False,0.3,0.3,True,False,False,18,False,[],0,NO,BREAKOUT_EMERGING,"Volatility expansion after compression. Potential breakout opportunity. (breakout prob: 30%, reversal prob: 50%)",LOW,LOW,0.011,"[{'symbol': 'EURUSD-OTC', 'action': 'NO_TRADE', 'reason': 'ไม่พบข้อมูลราคาตลาดปัจจุบัน ไม่สามารถวิเคราะห์แนวโน้มและสัญญาณทางเทคนิคได้', 'timestamp': '2026-06-26T07:53:36.345198'}, {'symbol': 'EURUSD-OTC', 'action': 'NO_TRADE', 'reason': 'ไม่มีข้อมูลราคาและตัวบ่งชี้ตลาดในปัจจุบัน ไม่สามารถวิเคราะห์สัญญาณเทคนิคได้', 'timestamp': '2026-06-26T07:54:34.567329'}, {'symbol': 'EURUSD-OTC', 'action': 'NO_TRADE', 'reason': 'ไม่มีข้อมูลราคาและตัวชี้วัดทางเทคนิคในระบบ ไม่สามารถวิเคราะห์สัญญาณได้', 'timestamp': '2026-06-26T07:55:31.712837'}, {'symbol': 'EURUSD-OTC', 'action': 'NO_TRADE', 'reason': 'ไม่มีข้อมูลราคาและตัวชี้วัดตลาดในปัจจุบัน ไม่สามารถวิเคราะห์สัญญาณได้', 'timestamp': '2026-06-26T07:56:30.390987'}, {'symbol': 'EURGBP', 'action': 'NO_TRADE', 'reason': 'ไม่มีข้อมูลราคาหรือตัวชี้วัดตลาดในปัจจุบัน ไม่สามารถวิเคราะห์ทางเทคนิคได้', 'timestamp': '2026-06-26T07:57:31.326819'}]",True,Passed basic checks,0,50,50,MEDIUM,5,WAIT,รอการวิเคราะห์จาก AI
2026-06-26 07:59:00,0.861485,0.8615,0.861455,0.861465,40.0,EURGBP,BEARISH,0.861502,0.861505,0.861549,0.861632,0.861654,0.861653,BEARISH,0.861738,0.861336,0.000402,0.000462,63.22,39.04,-6.3e-05,-7.3e-05,9e-06,59.6,60.16,9.2e-05,17.59,-1.15,8.7e-05,7.1e-05,37.57,15.45,28.05,28.95,-0.0,529,580.9,0.911,False,FALLING,1.5e-05,-1.1e-05,-7e-06,0.861325,0.861805,0.861497,0.861548,0.861642,0.861403,0.861352,20,5.22,0.861475,0.861502,40.0,-5e-06,8e-06,15.56,13.33,3.9e-05,0.861445,0.861595,0.861615,0.861436,40,0.378,0.861465,0.8615,0.861455,0.861485,ASIAN,62816,HIGH,0.861465,0.8615,0.861455,0.861485,ASIAN,62816,HIGH,NONE,BEARISH,WEAK,LOW,BEARISH,CHOPPY,False,NONE,49,30,-33.33333333333333,75,NEUTRAL,False,70,[],0,0,NEUTRAL,BEARISH,40,False,NONE,0,False,False,False,60,False,0,100,DOWN,NONE,NONE,0,True,75,55,45,80,False,True,NEUTRAL,70,False,0.0,NONE,False,NONE,False,False,0,False,60,35.78947368421102,13.031161473092112,65.0,37,FAIR,False,75,73,-0.15286726705792064,6,90.0,True,RANDOM,70,45.598052673833116,4.611268502642951,True,MOMENTUM_SHIFT,False,True,False,65,True,70,DOWN,40,CHOPPY,LOW,DOWN,40,-0.0,CHOPPY,55,30,50,STRONG,NONE,70,30,80,LOW,58,40,60,-1.15,False,65,0.8701298701298702,92.98701298701299,RANGING,90,False,NONE,0.861325,0.861548,0.861497,FAR,30,50,85,50,NONE,NONE,NONE,False,[],0,0,BREAKOUT_EMERGING,BREAKOUT_EMERGING,54,70,True,36,"Volatility expansion after compression. Potential breakout opportunity. (breakout prob: 30%, reversal prob: 50%)",0.911,0.5,False,False,False,False,0.3,0.3,True,False,False,18,False,[],0,NO,BREAKOUT_EMERGING,"Volatility expansion after compression. Potential breakout opportunity. (breakout prob: 30%, reversal prob: 50%)",LOW,LOW,0.011,"[{'symbol': 'EURUSD-OTC', 'action': 'NO_TRADE', 'reason': 'ไม่มีข้อมูลราคาและตัวบ่งชี้ตลาดในปัจจุบัน ไม่สามารถวิเคราะห์สัญญาณเทคนิคได้', 'timestamp': '2026-06-26T07:54:34.567329'}, {'symbol': 'EURUSD-OTC', 'action': 'NO_TRADE', 'reason': 'ไม่มีข้อมูลราคาและตัวชี้วัดทางเทคนิคในระบบ ไม่สามารถวิเคราะห์สัญญาณได้', 'timestamp': '2026-06-26T07:55:31.712837'}, {'symbol': 'EURUSD-OTC', 'action': 'NO_TRADE', 'reason': 'ไม่มีข้อมูลราคาและตัวชี้วัดตลาดในปัจจุบัน ไม่สามารถวิเคราะห์สัญญาณได้', 'timestamp': '2026-06-26T07:56:30.390987'}, {'symbol': 'EURGBP', 'action': 'NO_TRADE', 'reason': 'ไม่มีข้อมูลราคาหรือตัวชี้วัดตลาดในปัจจุบัน ไม่สามารถวิเคราะห์ทางเทคนิคได้', 'timestamp': '2026-06-26T07:57:31.326819'}, {'symbol': 'EURGBP', 'action': 'NO_TRADE', 'reason': 'ไม่มีข้อมูลราคาหรือตัวบ่งชี้ทางเทคนิคใน JSON ที่ให้มา จึงไม่สามารถวิเคราะห์และตัดสินใจเทรดได้', 'timestamp': '2026-06-26T07:58:30.215822'}]",True,Passed basic checks,0,50,50,MEDIUM,5,WAIT,รอการวิเคราะห์จาก AI
2026-06-26 08:01:00,0.861435,0.861475,0.861425,0.861455,152.0,EURGBP,BEARISH,0.861478,0.861491,0.861538,0.861624,0.861649,0.861644,BEARISH,0.861718,0.86133,0.000388,0.000459,50.67,38.0,-6.5e-05,-7.1e-05,6e-06,50.0,59.02,8.9e-05,14.07,-1.19,8.7e-05,7.3e-05,37.09,14.62,27.69,30.9,0.0006,346,585.0,0.591,False,FALLING,1.2e-05,-1.1e-05,-8e-06,0.861325,0.861735,0.861453,0.861477,0.861523,0.861407,0.861383,20,4.61,0.861458,0.861491,28.33,-1.2e-05,1e-06,10.33,13.07,3.9e-05,0.861425,0.861595,0.861616,0.861413,152,1.515,0.861455,0.861475,0.861425,0.861435,ASIAN,62625,HIGH,0.861455,0.861475,0.861425,0.861435,ASIAN,62625,HIGH,NONE,BEARISH,WEAK,LOW,BEARISH,CHOPPY,False,NONE,49,30,-33.33333333333333,63,NEUTRAL,False,70,[],0,0,NEUTRAL,BEARISH,40,False,NONE,0,False,False,False,60,False,0,100,DOWN,NONE,NONE,0,True,75,55,45,80,False,True,NEUTRAL,70,False,0.0,NONE,False,NONE,False,False,0,False,60,29.479768786127615,15.044247787611894,65.0,36,FAIR,False,75,73,-0.14399117993300312,6,90.0,True,RANDOM,70,46.8161197344544,3.413724282442372,True,MOMENTUM_SHIFT,False,True,False,65,True,70,DOWN,40,CHOPPY,LOW,DOWN,40,0.0006,CHOPPY,55,30,50,STRONG,BEARISH,70,40,80,LOW,58,40,60,-1.19,False,65,0.8453159041394336,95.46840958605665,RANGING,90,False,NONE,0.861325,0.861477,0.861453,FAR,30,50,85,50,NONE,NONE,NONE,False,[],0,0,SIDEWAY_RANGE,SIDEWAY_RANGE,53,60,True,35,Price ranging between clear levels. Suitable for mean-reversion strategies.,0.591,0.5,False,False,False,False,0.3,0.3,True,False,False,18,False,[],0,NO,SIDEWAY_RANGE,Price ranging between clear levels. Suitable for mean-reversion strategies.,LOW,LOW,0.01,"[{'symbol': 'EURUSD-OTC', 'action': 'NO_TRADE', 'reason': 'ไม่มีข้อมูลราคาและตัวชี้วัดตลาดในปัจจุบัน ไม่สามารถวิเคราะห์สัญญาณได้', 'timestamp': '2026-06-26T07:56:30.390987'}, {'symbol': 'EURGBP', 'action': 'NO_TRADE', 'reason': 'ไม่มีข้อมูลราคาหรือตัวชี้วัดตลาดในปัจจุบัน ไม่สามารถวิเคราะห์ทางเทคนิคได้', 'timestamp': '2026-06-26T07:57:31.326819'}, {'symbol': 'EURGBP', 'action': 'NO_TRADE', 'reason': 'ไม่มีข้อมูลราคาหรือตัวบ่งชี้ทางเทคนิคใน JSON ที่ให้มา จึงไม่สามารถวิเคราะห์และตัดสินใจเทรดได้', 'timestamp': '2026-06-26T07:58:30.215822'}, {'symbol': 'EURGBP-OTC', 'action': 'NO_TRADE', 'reason': 'ไม่พบข้อมูลตลาด JSON จึงไม่สามารถวิเคราะห์สัญญาณใด ๆ ได้อย่างถูกต้อง', 'timestamp': '2026-06-26T07:59:31.102807'}, {'symbol': 'EURGBP-OTC', 'action': 'NO_TRADE', 'reason': 'ไม่พบข้อมูลตลาดในปัจจุบัน ไม่สามารถวิเคราะห์สัญญาณทางเทคนิคได้', 'timestamp': '2026-06-26T08:00:30.987216'}]",True,Passed basic checks,0,50,50,MEDIUM,5,WAIT,รอการวิเคราะห์จาก AI
2026-06-26 08:03:00,0.86141,0.861425,0.861365,0.861385,165.0,EURGBP,BEARISH,0.861478,0.861491,0.861538,0.861624,0.861649,0.861644,BEARISH,0.861718,0.86133,0.000388,0.000459,50.67,38.0,-6.5e-05,-7.1e-05,6e-06,50.0,59.02,8.9e-05,14.07,-1.19,8.7e-05,7.3e-05,37.09,14.62,27.69,30.9,0.0006,346,585.0,0.591,False,FALLING,1.2e-05,-1.1e-05,-8e-06,0.861325,0.861735,0.861453,0.861477,0.861523,0.861407,0.861383,20,4.61,0.861422,0.861474,24.29,-2.3e-05,-7e-06,8.85,8.35,4.3e-05,0.861365,0.861595,0.861625,0.861377,165,1.523,0.861385,0.861425,0.861365,0.86141,ASIAN,62429,HIGH,0.861385,0.861425,0.861365,0.86141,ASIAN,62429,HIGH,NONE,BEARISH,WEAK,LOW,BEARISH,CHOPPY,False,NONE,49,30,-33.33333333333333,63,NEUTRAL,False,70,[],0,0,NEUTRAL,BEARISH,40,False,NONE,0,False,False,False,60,False,0,100,DOWN,NONE,NONE,0,True,75,55,45,80,False,True,NEUTRAL,70,False,0.0,NONE,False,NONE,False,False,0,False,60,29.479768786127615,15.044247787611894,65.0,36,FAIR,False,75,73,-0.14399117993300312,6,90.0,True,RANDOM,70,46.8161197344544,3.413724282442372,True,MOMENTUM_SHIFT,False,True,False,65,True,70,DOWN,40,CHOPPY,LOW,DOWN,40,0.0006,CHOPPY,55,30,50,STRONG,BEARISH,70,40,80,LOW,58,40,60,-1.19,False,65,0.8453159041394336,95.46840958605665,RANGING,90,False,NONE,0.861325,0.861477,0.861453,FAR,30,50,85,50,NONE,NONE,NONE,False,[],0,0,BREAKOUT_EMERGING,BREAKOUT_EMERGING,53,70,True,35,"Volatility expansion after compression. Potential breakout opportunity. (breakout prob: 30%, reversal prob: 50%)",0.591,0.5,False,False,False,False,0.3,0.3,True,False,False,18,False,[],0,NO,BREAKOUT_EMERGING,"Volatility expansion after compression. Potential breakout opportunity. (breakout prob: 30%, reversal prob: 50%)",LOW,LOW,0.01,"[{'symbol': 'EURGBP', 'action': 'NO_TRADE', 'reason': 'ไม่มีข้อมูลราคาหรือตัวบ่งชี้ทางเทคนิคใน JSON ที่ให้มา จึงไม่สามารถวิเคราะห์และตัดสินใจเทรดได้', 'timestamp': '2026-06-26T07:58:30.215822'}, {'symbol': 'EURGBP-OTC', 'action': 'NO_TRADE', 'reason': 'ไม่พบข้อมูลตลาด JSON จึงไม่สามารถวิเคราะห์สัญญาณใด ๆ ได้อย่างถูกต้อง', 'timestamp': '2026-06-26T07:59:31.102807'}, {'symbol': 'EURGBP-OTC', 'action': 'NO_TRADE', 'reason': 'ไม่พบข้อมูลตลาดในปัจจุบัน ไม่สามารถวิเคราะห์สัญญาณทางเทคนิคได้', 'timestamp': '2026-06-26T08:00:30.987216'}, {'symbol': 'EURUSD-OTC', 'action': 'NO_TRADE', 'reason': 'ไม่พบข้อมูลราคาหรือตัวบ่งชี้ทางเทคนิคใด ๆ ในระบบ จึงไม่สามารถวิเคราะห์สัญญาณเทรดได้', 'timestamp': '2026-06-26T08:01:31.090896'}, {'symbol': 'EURUSD-OTC', 'action': 'NO_TRADE', 'reason': 'ไม่พบข้อมูลราคาตลาดปัจจุบัน ไม่สามารถวิเคราะห์แนวโน้มและสัญญาณทางเทคนิคได้', 'timestamp': '2026-06-26T08:02:30.760465'}]",True,Passed basic checks,0,50,50,MEDIUM,5,WAIT,รอการวิเคราะห์จาก AI
2026-06-26 08:05:00,0.86138,0.861405,0.861375,0.861395,204.0,EURGBP,BEARISH,0.861451,0.861474,0.861524,0.861615,0.861648,0.861669,BEARISH,0.861696,0.861323,0.000373,0.000456,45.68,36.77,-6.9e-05,-7.1e-05,2e-06,31.26,46.95,9.2e-05,18.59,-1.13,8.8e-05,7.4e-05,37.32,13.24,31.11,40.29,0.0064,874,611.05,1.43,False,RISING,6e-06,-1e-05,-8e-06,0.861325,0.861735,0.861407,0.861463,0.861532,0.861338,0.861282,21,4.46,0.861405,0.861458,22.73,-2.9e-05,-1.4e-05,14.49,10.39,4.4e-05,0.86135,0.861595,0.861628,0.861347,204,1.8,0.861395,0.861405,0.861375,0.86138,ASIAN,63280,HIGH,0.861395,0.861405,0.861375,0.86138,ASIAN,63280,HIGH,NONE,BEARISH,WEAK,LOW,BEARISH,CHOPPY,False,NONE,47,30,-40.0,60,NEUTRAL,False,70,[],0,0,NEUTRAL,BEARISH,40,False,NONE,0,False,False,False,60,False,0,100,DOWN,NONE,NONE,0,True,75,55,45,80,False,True,NEUTRAL,70,False,0.0,NONE,False,NONE,False,False,0,False,60,32.22222222222318,16.05633802816813,65.0,37,FAIR,False,75,72,-0.12486053256136123,6,80.0,True,RANDOM,70,47.10780509261269,3.156519621182571,True,MOMENTUM_SHIFT,False,True,False,65,True,70,DOWN,20,CHOPPY,LOW,DOWN,20,0.0064,CHOPPY,55,30,50,STRONG,BEARISH,70,40,80,LOW,58,40,60,-1.13,False,65,0.8179824561403508,98.20175438596492,RANGING,90,False,NONE,0.861325,0.861463,0.861407,FAR,30,50,85,50,NONE,NONE,NONE,False,[],0,0,SIDEWAY_RANGE,SIDEWAY_RANGE,50,60,True,36,Price ranging between clear levels. Suitable for mean-reversion strategies.,1.43,0.5,False,False,False,False,0.3,0.3,True,False,False,18,False,[],0,NO,SIDEWAY_RANGE,Price ranging between clear levels. Suitable for mean-reversion strategies.,LOW,LOW,0.011,"[{'symbol': 'EURGBP-OTC', 'action': 'NO_TRADE', 'reason': 'ไม่พบข้อมูลตลาดในปัจจุบัน ไม่สามารถวิเคราะห์สัญญาณทางเทคนิคได้', 'timestamp': '2026-06-26T08:00:30.987216'}, {'symbol': 'EURUSD-OTC', 'action': 'NO_TRADE', 'reason': 'ไม่พบข้อมูลราคาหรือตัวบ่งชี้ทางเทคนิคใด ๆ ในระบบ จึงไม่สามารถวิเคราะห์สัญญาณเทรดได้', 'timestamp': '2026-06-26T08:01:31.090896'}, {'symbol': 'EURUSD-OTC', 'action': 'NO_TRADE', 'reason': 'ไม่พบข้อมูลราคาตลาดปัจจุบัน ไม่สามารถวิเคราะห์แนวโน้มและสัญญาณทางเทคนิคได้', 'timestamp': '2026-06-26T08:02:30.760465'}, {'symbol': 'EURUSD-OTC', 'action': 'NO_TRADE', 'reason': 'ไม่พบข้อมูลราคาหรือตัวชี้วัดในระบบ ไม่สามารถวิเคราะห์สัญญาณเทคนิคได้', 'timestamp': '2026-06-26T08:03:31.329432'}, {'symbol': 'EURUSD-OTC', 'action': 'NO_TRADE', 'reason': 'ไม่พบข้อมูลตลาดที่ป้อนเข้ามา จึงไม่สามารถวิเคราะห์สัญญาณใด ๆ ได้อย่างปลอดภัย', 'timestamp': '2026-06-26T08:04:31.365909'}]",True,Passed basic checks,0,50,50,MEDIUM,5,WAIT,รอการวิเคราะห์จาก AI
2026-06-26 08:06:00,0.8614,0.861445,0.86136,0.861375,185.0,EURGBP,BEARISH,0.861451,0.861474,0.861524,0.861615,0.861648,0.861669,BEARISH,0.861696,0.861323,0.000373,0.000456,45.68,36.77,-6.9e-05,-7.1e-05,2e-06,31.26,46.95,9.2e-05,18.59,-1.13,8.8e-05,7.4e-05,37.32,13.24,31.11,40.29,0.0064,874,611.05,1.43,False,RISING,6e-06,-1e-05,-8e-06,0.861325,0.861735,0.861407,0.861463,0.861532,0.861338,0.861282,21,4.46,0.861395,0.86145,23.44,-3.1e-05,-1.8e-05,15.69,12.67,4.6e-05,0.86135,0.861595,0.861623,0.861334,185,1.587,0.861375,0.861445,0.86136,0.8614,ASIAN,62577,HIGH,0.861375,0.861445,0.86136,0.8614,ASIAN,62577,HIGH,NONE,BEARISH,WEAK,LOW,BEARISH,CHOPPY,False,NONE,47,30,-40.0,60,NEUTRAL,False,70,[],0,0,NEUTRAL,BEARISH,40,False,NONE,0,False,False,False,60,False,0,100,DOWN,NONE,NONE,0,True,75,55,45,80,False,True,NEUTRAL,70,False,0.0,NONE,False,NONE,False,False,0,False,60,32.22222222222318,16.05633802816813,65.0,37,FAIR,False,75,72,-0.12486053256136123,6,80.0,True,RANDOM,70,47.10780509261269,3.156519621182571,True,MOMENTUM_SHIFT,False,True,False,65,True,70,DOWN,20,CHOPPY,LOW,DOWN,20,0.0064,CHOPPY,55,30,50,STRONG,BEARISH,70,40,80,LOW,58,40,60,-1.13,False,65,0.8179824561403508,98.20175438596492,RANGING,90,False,NONE,0.861325,0.861463,0.861407,FAR,30,50,85,50,NONE,NONE,NONE,False,[],0,0,ACCUMULATION,ACCUMULATION,50,65,True,36,"Smart money accumulation. Bullish bias, look for breakout.",1.43,0.5,False,False,False,False,0.3,0.3,True,False,False,18,False,[],0,NO,ACCUMULATION,"Smart money accumulation. Bullish bias, look for breakout.",LOW,LOW,0.011,"[{'symbol': 'EURUSD-OTC', 'action': 'NO_TRADE', 'reason': 'ไม่พบข้อมูลราคาหรือตัวบ่งชี้ทางเทคนิคใด ๆ ในระบบ จึงไม่สามารถวิเคราะห์สัญญาณเทรดได้', 'timestamp': '2026-06-26T08:01:31.090896'}, {'symbol': 'EURUSD-OTC', 'action': 'NO_TRADE', 'reason': 'ไม่พบข้อมูลราคาตลาดปัจจุบัน ไม่สามารถวิเคราะห์แนวโน้มและสัญญาณทางเทคนิคได้', 'timestamp': '2026-06-26T08:02:30.760465'}, {'symbol': 'EURUSD-OTC', 'action': 'NO_TRADE', 'reason': 'ไม่พบข้อมูลราคาหรือตัวชี้วัดในระบบ ไม่สามารถวิเคราะห์สัญญาณเทคนิคได้', 'timestamp': '2026-06-26T08:03:31.329432'}, {'symbol': 'EURUSD-OTC', 'action': 'NO_TRADE', 'reason': 'ไม่พบข้อมูลตลาดที่ป้อนเข้ามา จึงไม่สามารถวิเคราะห์สัญญาณใด ๆ ได้อย่างปลอดภัย', 'timestamp': '2026-06-26T08:04:31.365909'}, {'symbol': 'EURGBP', 'action': 'NO_TRADE', 'reason': 'ไม่พบข้อมูลราคาหรือตัวชี้วัดในปัจจุบัน ไม่สามารถวิเคราะห์แนวโน้มและสัญญาณทางเทคนิคได้', 'timestamp': '2026-06-26T08:05:36.744128'}]",True,Passed basic checks,0,50,50,MEDIUM,5,WAIT,รอการวิเคราะห์จาก AI
2026-06-26 08:07:00,0.86137,0.861385,0.861345,0.861365,201.0,EURGBP,BEARISH,0.861451,0.861474,0.861524,0.861615,0.861648,0.861669,BEARISH,0.861696,0.861323,0.000373,0.000456,45.68,36.77,-6.9e-05,-7.1e-05,2e-06,31.26,46.95,9.2e-05,18.59,-1.13,8.8e-05,7.4e-05,37.32,13.24,31.11,40.29,0.0064,874,611.05,1.43,False,RISING,6e-06,-1e-05,-8e-06,0.861325,0.861735,0.861407,0.861463,0.861532,0.861338,0.861282,21,4.46,0.861385,0.861442,25.0,-3.4e-05,-2.1e-05,14.64,14.94,4.5e-05,0.861345,0.861595,0.861612,0.861323,201,1.703,0.861365,0.861385,0.861345,0.86137,ASIAN,62978,HIGH,0.861365,0.861385,0.861345,0.86137,ASIAN,62978,HIGH,NONE,BEARISH,WEAK,LOW,BEARISH,CHOPPY,False,TESTING_SUPPORT,47,30,-40.0,60,NEUTRAL,False,70,[],0,0,NEUTRAL,BEARISH,40,False,NONE,0,False,False,False,60,False,0,100,DOWN,NONE,NONE,0,True,75,55,45,80,False,True,NEUTRAL,70,False,0.0,NONE,False,NONE,False,False,0,False,60,32.22222222222318,16.05633802816813,65.0,37,FAIR,False,75,72,-0.12486053256136123,6,80.0,True,RANDOM,70,47.10780509261269,3.156519621182571,True,MOMENTUM_SHIFT,False,True,False,65,True,70,DOWN,20,CHOPPY,LOW,DOWN,20,0.0064,CHOPPY,55,30,50,STRONG,BEARISH,70,40,80,LOW,58,40,60,-1.13,False,65,0.8179824561403508,98.20175438596492,RANGING,90,False,NONE,0.861325,0.861463,0.861407,FAR,30,50,85,50,NONE,NONE,NONE,False,[],0,0,ACCUMULATION,ACCUMULATION,50,65,True,36,"Smart money accumulation. Bullish bias, look for breakout.",1.43,0.5,False,False,False,False,0.3,0.3,True,False,False,18,False,[],0,NO,ACCUMULATION,"Smart money accumulation. Bullish bias, look for breakout.",LOW,LOW,0.011,"[{'symbol': 'EURUSD-OTC', 'action': 'NO_TRADE', 'reason': 'ไม่พบข้อมูลราคาตลาดปัจจุบัน ไม่สามารถวิเคราะห์แนวโน้มและสัญญาณทางเทคนิคได้', 'timestamp': '2026-06-26T08:02:30.760465'}, {'symbol': 'EURUSD-OTC', 'action': 'NO_TRADE', 'reason': 'ไม่พบข้อมูลราคาหรือตัวชี้วัดในระบบ ไม่สามารถวิเคราะห์สัญญาณเทคนิคได้', 'timestamp': '2026-06-26T08:03:31.329432'}, {'symbol': 'EURUSD-OTC', 'action': 'NO_TRADE', 'reason': 'ไม่พบข้อมูลตลาดที่ป้อนเข้ามา จึงไม่สามารถวิเคราะห์สัญญาณใด ๆ ได้อย่างปลอดภัย', 'timestamp': '2026-06-26T08:04:31.365909'}, {'symbol': 'EURGBP', 'action': 'NO_TRADE', 'reason': 'ไม่พบข้อมูลราคาหรือตัวชี้วัดในปัจจุบัน ไม่สามารถวิเคราะห์แนวโน้มและสัญญาณทางเทคนิคได้', 'timestamp': '2026-06-26T08:05:36.744128'}, {'symbol': 'EURGBP', 'action': 'NO_TRADE', 'reason': 'ไม่มีข้อมูลราคาตลาดปัจจุบัน ไม่สามารถวิเคราะห์แนวโน้มและสัญญาณทางเทคนิคได้', 'timestamp': '2026-06-26T08:06:35.144969'}]",True,Passed basic checks,0,50,50,MEDIUM,5,WAIT,รอการวิเคราะห์จาก AI
2026-06-26 08:09:00,0.861415,0.861425,0.861375,0.861395,196.0,EURGBP,BEARISH,0.861451,0.861474,0.861524,0.861615,0.861648,0.861669,BEARISH,0.861696,0.861323,0.000373,0.000456,45.68,36.77,-6.9e-05,-7.1e-05,2e-06,31.26,46.95,9.2e-05,18.59,-1.13,8.8e-05,7.4e-05,37.32,13.24,31.11,40.29,0.0064,874,611.05,1.43,False,RISING,6e-06,-1e-05,-8e-06,0.861325,0.861735,0.861407,0.861463,0.861532,0.861338,0.861282,21,4.46,0.861393,0.861435,39.66,-3.2e-05,-2.5e-05,27.47,21.0,4.6e-05,0.861345,0.86159,0.861581,0.86132,196,1.509,0.861395,0.861425,0.861375,0.861415,ASIAN,62663,HIGH,0.861395,0.861425,0.861375,0.861415,ASIAN,62663,HIGH,NONE,BEARISH,WEAK,LOW,BEARISH,CHOPPY,False,NONE,47,30,-40.0,60,NEUTRAL,False,70,[],0,0,NEUTRAL,BEARISH,40,False,NONE,0,False,False,False,60,False,0,100,DOWN,NONE,NONE,0,True,75,55,45,80,False,True,NEUTRAL,70,False,0.0,NONE,False,NONE,False,False,0,False,60,32.22222222222318,16.05633802816813,65.0,37,FAIR,False,75,72,-0.12486053256136123,6,80.0,True,RANDOM,70,47.10780509261269,3.156519621182571,True,MOMENTUM_SHIFT,False,True,False,65,True,70,DOWN,20,CHOPPY,LOW,DOWN,20,0.0064,CHOPPY,55,30,50,STRONG,BEARISH,70,40,80,LOW,58,40,60,-1.13,False,65,0.8179824561403508,98.20175438596492,RANGING,90,False,NONE,0.861325,0.861463,0.861407,FAR,30,50,85,50,NONE,NONE,NONE,False,[],0,0,SIDEWAY_RANGE,SIDEWAY_RANGE,50,60,True,36,Price ranging between clear levels. Suitable for mean-reversion strategies.,1.43,0.5,False,False,False,False,0.3,0.3,True,False,False,18,False,[],0,NO,SIDEWAY_RANGE,Price ranging between clear levels. Suitable for mean-reversion strategies.,LOW,LOW,0.011,"[{'symbol': 'EURUSD-OTC', 'action': 'NO_TRADE', 'reason': 'ไม่พบข้อมูลตลาดที่ป้อนเข้ามา จึงไม่สามารถวิเคราะห์สัญญาณใด ๆ ได้อย่างปลอดภัย', 'timestamp': '2026-06-26T08:04:31.365909'}, {'symbol': 'EURGBP', 'action': 'NO_TRADE', 'reason': 'ไม่พบข้อมูลราคาหรือตัวชี้วัดในปัจจุบัน ไม่สามารถวิเคราะห์แนวโน้มและสัญญาณทางเทคนิคได้', 'timestamp': '2026-06-26T08:05:36.744128'}, {'symbol': 'EURGBP', 'action': 'NO_TRADE', 'reason': 'ไม่มีข้อมูลราคาตลาดปัจจุบัน ไม่สามารถวิเคราะห์แนวโน้มและสัญญาณทางเทคนิคได้', 'timestamp': '2026-06-26T08:06:35.144969'}, {'symbol': 'EURGBP-OTC', 'action': 'NO_TRADE', 'reason': 'ไม่พบข้อมูลตลาดใด ๆ จึงไม่สามารถวิเคราะห์สัญญาณได้ กรุณาส่งข้อมูลราคาและตัวชี้วัด', 'timestamp': '2026-06-26T08:07:36.343019'}, {'symbol': 'EURGBP-OTC', 'action': 'NO_TRADE', 'reason': 'ไม่พบข้อมูลราคาตลาดปัจจุบัน ไม่สามารถวิเคราะห์แนวโน้มและสัญญาณทางเทคนิคได้', 'timestamp': '2026-06-26T08:08:34.337578'}]",True,Passed basic checks,0,50,50,MEDIUM,5,WAIT,รอการวิเคราะห์จาก AI
2026-06-26 08:10:00,0.861395,0.86142,0.86138,0.861385,122.0,EURGBP,BEARISH,0.861429,0.861458,0.861511,0.861606,0.861644,0.861675,BEARISH,0.861671,0.861319,0.000352,0.000452,37.84,39.04,-7.1e-05,-7.1e-05,-1e-06,25.54,35.6,9.2e-05,19.1,-1.11,8.9e-05,7.6e-05,37.57,12.25,29.15,40.83,-0.0046,904,642.75,1.406,False,RISING,-6e-06,-9e-06,-8e-06,0.861325,0.86169,0.861392,0.861438,0.861492,0.861338,0.861292,20,3.97,0.86139,0.86143,36.21,-3.2e-05,-2.6e-05,32.26,26.87,4.6e-05,0.861345,0.86159,0.861558,0.861323,122,0.92,0.861385,0.86142,0.86138,0.861395,ASIAN,63030,HIGH,0.861385,0.86142,0.86138,0.861395,ASIAN,63030,HIGH,NONE,BEARISH,WEAK,HIGH,BEARISH,CHOPPY,False,NONE,47,33,-40.0,63,NEUTRAL,False,70,[],0,0,NEUTRAL,BEARISH,40,False,NONE,0,False,False,False,60,False,0,100,DOWN,NONE,NONE,0,True,75,55,45,80,False,True,NEUTRAL,70,False,0.0,NONE,False,NONE,False,False,0,False,60,32.59668508287631,12.362637362639507,65.0,36,FAIR,False,75,57,-0.2673428689523984,6,80.0,False,MEAN_REVERTING,70,46.920970023356226,3.3340495205101233,False,NONE,False,False,False,100,True,70,DOWN,20,CHOPPY,LOW,DOWN,20,-0.0046,CHOPPY,55,30,50,STRONG,NONE,70,30,80,LOW,58,40,60,-1.11,False,65,0.7787610619469026,100.0,RANGING,90,False,NONE,0.861325,0.861438,0.861392,FAR,30,50,85,50,NONE,NONE,NONE,False,[],0,0,ACCUMULATION,ACCUMULATION,50,65,True,36,"Smart money accumulation. Bullish bias, look for breakout.",1.406,0.5,False,False,False,False,0.3,0.3,True,False,False,18,False,[],0,NO,ACCUMULATION,"Smart money accumulation. Bullish bias, look for breakout.",LOW,LOW,0.011,"[{'symbol': 'EURGBP', 'action': 'NO_TRADE', 'reason': 'ไม่พบข้อมูลราคาหรือตัวชี้วัดในปัจจุบัน ไม่สามารถวิเคราะห์แนวโน้มและสัญญาณทางเทคนิคได้', 'timestamp': '2026-06-26T08:05:36.744128'}, {'symbol': 'EURGBP', 'action': 'NO_TRADE', 'reason': 'ไม่มีข้อมูลราคาตลาดปัจจุบัน ไม่สามารถวิเคราะห์แนวโน้มและสัญญาณทางเทคนิคได้', 'timestamp': '2026-06-26T08:06:35.144969'}, {'symbol': 'EURGBP-OTC', 'action': 'NO_TRADE', 'reason': 'ไม่พบข้อมูลตลาดใด ๆ จึงไม่สามารถวิเคราะห์สัญญาณได้ กรุณาส่งข้อมูลราคาและตัวชี้วัด', 'timestamp': '2026-06-26T08:07:36.343019'}, {'symbol': 'EURGBP-OTC', 'action': 'NO_TRADE', 'reason': 'ไม่พบข้อมูลราคาตลาดปัจจุบัน ไม่สามารถวิเคราะห์แนวโน้มและสัญญาณทางเทคนิคได้', 'timestamp': '2026-06-26T08:08:34.337578'}, {'symbol': 'EURGBP', 'action': 'NO_TRADE', 'reason': 'ไม่พบข้อมูลราคาตลาดปัจจุบัน ไม่สามารถวิเคราะห์แนวโน้มและสัญญาณทางเทคนิคได้', 'timestamp': '2026-06-26T08:09:31.213347'}]",True,Passed basic checks,0,50,50,MEDIUM,5,WAIT,รอการวิเคราะห์จาก AI
2026-06-26 08:11:00,0.861385,0.861425,0.86138,0.861415,234.0,EURGBP,BEARISH,0.861429,0.861458,0.861511,0.861606,0.861644,0.861675,BEARISH,0.861671,0.861319,0.000352,0.000452,37.84,39.04,-7.1e-05,-7.1e-05,-1e-06,25.54,35.6,9.2e-05,19.1,-1.11,8.9e-05,7.6e-05,37.57,12.25,29.15,40.83,-0.0046,904,642.75,1.406,False,RISING,-6e-06,-9e-06,-8e-06,0.861325,0.86169,0.861392,0.861438,0.861492,0.861338,0.861292,20,3.97,0.861398,0.861428,43.55,-2.9e-05,-2.7e-05,34.41,31.38,4.7e-05,0.861345,0.861575,0.861531,0.861334,234,1.675,0.861415,0.861425,0.86138,0.861385,ASIAN,62498,HIGH,0.861415,0.861425,0.86138,0.861385,ASIAN,62498,HIGH,NONE,BEARISH,WEAK,HIGH,BEARISH,CHOPPY,False,NONE,47,33,-40.0,63,NEUTRAL,False,70,[],0,0,NEUTRAL,BEARISH,40,False,NONE,0,False,False,False,60,False,0,100,DOWN,NONE,NONE,0,True,75,55,45,80,False,True,NEUTRAL,70,False,0.0,NONE,False,NONE,False,False,0,False,60,32.59668508287631,12.362637362639507,65.0,36,FAIR,False,75,57,-0.2673428689523984,6,80.0,False,MEAN_REVERTING,70,46.920970023356226,3.3340495205101233,False,NONE,False,False,False,100,True,70,DOWN,20,CHOPPY,LOW,DOWN,20,-0.0046,CHOPPY,55,30,50,STRONG,NONE,70,30,80,LOW,58,40,60,-1.11,False,65,0.7787610619469026,100.0,RANGING,90,False,NONE,0.861325,0.861438,0.861392,FAR,30,50,85,50,NONE,NONE,NONE,False,[],0,0,ACCUMULATION,ACCUMULATION,50,65,True,36,"Smart money accumulation. Bullish bias, look for breakout.",1.406,0.5,False,False,False,False,0.3,0.3,True,False,False,18,False,[],0,NO,ACCUMULATION,"Smart money accumulation. Bullish bias, look for breakout.",LOW,LOW,0.011,"[{'symbol': 'EURGBP', 'action': 'NO_TRADE', 'reason': 'ไม่พบข้อมูลราคาหรือตัวชี้วัดในปัจจุบัน ไม่สามารถวิเคราะห์แนวโน้มและสัญญาณทางเทคนิคได้', 'timestamp': '2026-06-26T08:05:36.744128'}, {'symbol': 'EURGBP', 'action': 'NO_TRADE', 'reason': 'ไม่มีข้อมูลราคาตลาดปัจจุบัน ไม่สามารถวิเคราะห์แนวโน้มและสัญญาณทางเทคนิคได้', 'timestamp': '2026-06-26T08:06:35.144969'}, {'symbol': 'EURGBP-OTC', 'action': 'NO_TRADE', 'reason': 'ไม่พบข้อมูลตลาดใด ๆ จึงไม่สามารถวิเคราะห์สัญญาณได้ กรุณาส่งข้อมูลราคาและตัวชี้วัด', 'timestamp': '2026-06-26T08:07:36.343019'}, {'symbol': 'EURGBP-OTC', 'action': 'NO_TRADE', 'reason': 'ไม่พบข้อมูลราคาตลาดปัจจุบัน ไม่สามารถวิเคราะห์แนวโน้มและสัญญาณทางเทคนิคได้', 'timestamp': '2026-06-26T08:08:34.337578'}, {'symbol': 'EURGBP', 'action': 'NO_TRADE', 'reason': 'ไม่พบข้อมูลราคาตลาดปัจจุบัน ไม่สามารถวิเคราะห์แนวโน้มและสัญญาณทางเทคนิคได้', 'timestamp': '2026-06-26T08:09:31.213347'}]",True,Passed basic checks,0,50,50,MEDIUM,5,WAIT,รอการวิเคราะห์จาก AI
2026-06-26 08:13:00,0.86141,0.86143,0.86139,0.861425,216.0,EURGBP,BEARISH,0.861429,0.861458,0.861511,0.861606,0.861644,0.861675,BEARISH,0.861671,0.861319,0.000352,0.000452,37.84,39.04,-7.1e-05,-7.1e-05,-1e-06,25.54,35.6,9.2e-05,19.1,-1.11,8.9e-05,7.6e-05,37.57,12.25,29.15,40.83,-0.0046,904,642.75,1.406,False,RISING,-6e-06,-9e-06,-8e-06,0.861325,0.86169,0.861392,0.861438,0.861492,0.861338,0.861292,20,3.97,0.861409,0.861426,43.1,-2.4e-05,-2.6e-05,48.47,39.81,4.7e-05,0.861345,0.86152,0.861494,0.861348,216,1.457,0.861425,0.86143,0.86139,0.86141,ASIAN,63323,HIGH,0.861425,0.86143,0.86139,0.86141,ASIAN,63323,HIGH,NONE,BEARISH,WEAK,HIGH,BEARISH,CHOPPY,False,NONE,47,33,-40.0,63,NEUTRAL,False,70,[],0,0,NEUTRAL,BEARISH,40,False,NONE,0,False,False,False,60,False,0,100,DOWN,NONE,NONE,0,True,75,55,45,80,False,True,NEUTRAL,70,False,0.0,NONE,False,NONE,False,False,0,False,60,32.59668508287631,12.362637362639507,65.0,36,FAIR,False,75,57,-0.2673428689523984,6,80.0,False,MEAN_REVERTING,70,46.920970023356226,3.3340495205101233,False,NONE,False,False,False,100,True,70,DOWN,20,CHOPPY,LOW,DOWN,20,-0.0046,CHOPPY,55,30,50,STRONG,NONE,70,30,80,LOW,58,40,60,-1.11,False,65,0.7787610619469026,100.0,RANGING,90,False,NONE,0.861325,0.861438,0.861392,FAR,30,50,85,50,NONE,NONE,NONE,False,[],0,0,ACCUMULATION,ACCUMULATION,50,65,True,36,"Smart money accumulation. Bullish bias, look for breakout.",1.406,0.5,False,False,False,False,0.3,0.3,True,False,False,18,False,[],0,NO,ACCUMULATION,"Smart money accumulation. Bullish bias, look for breakout.",LOW,LOW,0.011,"[{'symbol': 'EURGBP-OTC', 'action': 'NO_TRADE', 'reason': 'ไม่พบข้อมูลตลาดใด ๆ จึงไม่สามารถวิเคราะห์สัญญาณได้ กรุณาส่งข้อมูลราคาและตัวชี้วัด', 'timestamp': '2026-06-26T08:07:36.343019'}, {'symbol': 'EURGBP-OTC', 'action': 'NO_TRADE', 'reason': 'ไม่พบข้อมูลราคาตลาดปัจจุบัน ไม่สามารถวิเคราะห์แนวโน้มและสัญญาณทางเทคนิคได้', 'timestamp': '2026-06-26T08:08:34.337578'}, {'symbol': 'EURGBP', 'action': 'NO_TRADE', 'reason': 'ไม่พบข้อมูลราคาตลาดปัจจุบัน ไม่สามารถวิเคราะห์แนวโน้มและสัญญาณทางเทคนิคได้', 'timestamp': '2026-06-26T08:09:31.213347'}, {'symbol': 'EURUSD', 'action': 'NO_TRADE', 'reason': 'ไม่พบข้อมูลราคาหรือสัญญาณทางเทคนิคในระบบ ไม่สามารถวิเคราะห์แนวโน้มและความเสี่ยงได้', 'timestamp': '2026-06-26T08:11:35.734112'}, {'symbol': 'EURUSD', 'action': 'NO_TRADE', 'reason': 'ไม่พบข้อมูลราคาและตัวชี้วัดตลาดในปัจจุบัน ไม่สามารถวิเคราะห์สัญญาณได้อย่างถูกต้อง', 'timestamp': '2026-06-26T08:12:34.466542'}]",True,Passed basic checks,0,50,50,MEDIUM,5,WAIT,รอการวิเคราะห์จาก AI
2026-06-26 08:14:00,0.861435,0.861455,0.861425,0.86143,137.0,EURGBP,BEARISH,0.861429,0.861458,0.861511,0.861606,0.861644,0.861675,BEARISH,0.861671,0.861319,0.000352,0.000452,37.84,39.04,-7.1e-05,-7.1e-05,-1e-06,25.54,35.6,9.2e-05,19.1,-1.11,8.9e-05,7.6e-05,37.57,12.25,29.15,40.83,-0.0046,904,642.75,1.406,False,RISING,-6e-06,-9e-06,-8e-06,0.861325,0.86169,0.861392,0.861438,0.861492,0.861338,0.861292,20,3.97,0.861416,0.861426,50.0,-2.1e-05,-2.5e-05,55.21,46.75,4.6e-05,0.861345,0.8615,0.861488,0.86135,137,0.922,0.86143,0.861455,0.861425,0.861435,ASIAN,62627,HIGH,0.86143,0.861455,0.861425,0.861435,ASIAN,62627,HIGH,NONE,BEARISH,WEAK,HIGH,BEARISH,CHOPPY,False,NONE,47,33,-40.0,63,NEUTRAL,False,70,[],0,0,NEUTRAL,BEARISH,40,False,NONE,0,False,False,False,60,False,0,100,DOWN,NONE,NONE,0,True,75,55,45,80,False,True,NEUTRAL,70,False,0.0,NONE,False,NONE,False,False,0,False,60,32.59668508287631,12.362637362639507,65.0,36,FAIR,False,75,57,-0.2673428689523984,6,80.0,False,MEAN_REVERTING,70,46.920970023356226,3.3340495205101233,False,NONE,False,False,False,100,True,70,DOWN,20,CHOPPY,LOW,DOWN,20,-0.0046,CHOPPY,55,30,50,STRONG,NONE,70,30,80,LOW,58,40,60,-1.11,False,65,0.7787610619469026,100.0,RANGING,90,False,NONE,0.861325,0.861438,0.861392,FAR,30,50,85,50,NONE,NONE,NONE,False,[],0,0,ACCUMULATION,ACCUMULATION,50,65,True,36,"Smart money accumulation. Bullish bias, look for breakout.",1.406,0.5,False,False,False,False,0.3,0.3,True,False,False,18,False,[],0,NO,ACCUMULATION,"Smart money accumulation. Bullish bias, look for breakout.",LOW,LOW,0.011,"[{'symbol': 'EURGBP-OTC', 'action': 'NO_TRADE', 'reason': 'ไม่พบข้อมูลราคาตลาดปัจจุบัน ไม่สามารถวิเคราะห์แนวโน้มและสัญญาณทางเทคนิคได้', 'timestamp': '2026-06-26T08:08:34.337578'}, {'symbol': 'EURGBP', 'action': 'NO_TRADE', 'reason': 'ไม่พบข้อมูลราคาตลาดปัจจุบัน ไม่สามารถวิเคราะห์แนวโน้มและสัญญาณทางเทคนิคได้', 'timestamp': '2026-06-26T08:09:31.213347'}, {'symbol': 'EURUSD', 'action': 'NO_TRADE', 'reason': 'ไม่พบข้อมูลราคาหรือสัญญาณทางเทคนิคในระบบ ไม่สามารถวิเคราะห์แนวโน้มและความเสี่ยงได้', 'timestamp': '2026-06-26T08:11:35.734112'}, {'symbol': 'EURUSD', 'action': 'NO_TRADE', 'reason': 'ไม่พบข้อมูลราคาและตัวชี้วัดตลาดในปัจจุบัน ไม่สามารถวิเคราะห์สัญญาณได้อย่างถูกต้อง', 'timestamp': '2026-06-26T08:12:34.466542'}, {'symbol': 'EURGBP', 'action': 'NO_TRADE', 'reason': 'ไม่พบข้อมูลราคาหรือตัวบ่งชี้ตลาดในปัจจุบัน ไม่สามารถวิเคราะห์สัญญาณเทคนิคได้', 'timestamp': '2026-06-26T08:13:36.764980'}]",True,Passed basic checks,0,50,50,MEDIUM,5,WAIT,รอการวิเคราะห์จาก AI
2026-06-26 08:15:00,0.861435,0.86146,0.861315,0.861355,151.0,EURGBP,BEARISH,0.861404,0.861439,0.861496,0.861596,0.861635,0.861653,BEARISH,0.86166,0.861304,0.000356,0.000449,18.75,43.18,-7.5e-05,-7.2e-05,-3e-06,19.7,25.5,9.2e-05,19.6,-1.09,8.9e-05,7.8e-05,38.04,10.96,28.26,44.11,-0.0087,888,665.6,1.334,False,RISING,-1.5e-05,-9e-06,-9e-06,0.861315,0.861655,0.861377,0.861438,0.861522,0.861293,0.861232,20,3.7,0.861396,0.86142,33.87,-2.4e-05,-2.5e-05,51.2,51.63,5.3e-05,0.861315,0.8615,0.861487,0.861341,151,1.003,0.861355,0.86146,0.861315,0.861435,ASIAN,63216,HIGH,0.861355,0.86146,0.861315,0.861435,ASIAN,63216,HIGH,NONE,BEARISH,WEAK,HIGH,BEARISH,CHOPPY,True,TESTING_SUPPORT,45,36,-40.0,66,NEUTRAL,False,70,[],0,0,NEUTRAL,BEARISH,40,True,BEAR_TRAP,50,True,False,False,70,False,0,100,DOWN,NONE,NONE,0,True,75,55,45,80,False,True,NEUTRAL,70,False,0.0,NONE,False,NONE,False,False,0,False,60,29.479768786127615,12.800000000001234,65.0,35,POOR,False,75,72,-0.06444750678303414,6,80.0,True,RANDOM,70,46.93862470767004,3.343498835539901,False,NONE,False,False,False,100,True,70,DOWN,40,CHOPPY,LOW,DOWN,40,-0.0087,CHOPPY,55,30,50,STRONG,NONE,65,30,75,LOW,58,40,60,-1.09,False,65,0.7928730512249442,100.0,RANGING,90,False,NONE,0.861293,0.861438,0.861377,FAR,30,50,85,50,NONE,NONE,NONE,False,[],0,0,ACCUMULATION,ACCUMULATION,50,65,True,36,"Smart money accumulation. Bullish bias, look for breakout.",1.334,0.5,False,False,False,False,0.3,0.3,True,False,False,18,False,[],0,NO,ACCUMULATION,"Smart money accumulation. Bullish bias, look for breakout.",LOW,LOW,0.011,"[{'symbol': 'EURGBP', 'action': 'NO_TRADE', 'reason': 'ไม่พบข้อมูลราคาตลาดปัจจุบัน ไม่สามารถวิเคราะห์แนวโน้มและสัญญาณทางเทคนิคได้', 'timestamp': '2026-06-26T08:09:31.213347'}, {'symbol': 'EURUSD', 'action': 'NO_TRADE', 'reason': 'ไม่พบข้อมูลราคาหรือสัญญาณทางเทคนิคในระบบ ไม่สามารถวิเคราะห์แนวโน้มและความเสี่ยงได้', 'timestamp': '2026-06-26T08:11:35.734112'}, {'symbol': 'EURUSD', 'action': 'NO_TRADE', 'reason': 'ไม่พบข้อมูลราคาและตัวชี้วัดตลาดในปัจจุบัน ไม่สามารถวิเคราะห์สัญญาณได้อย่างถูกต้อง', 'timestamp': '2026-06-26T08:12:34.466542'}, {'symbol': 'EURGBP', 'action': 'NO_TRADE', 'reason': 'ไม่พบข้อมูลราคาหรือตัวบ่งชี้ตลาดในปัจจุบัน ไม่สามารถวิเคราะห์สัญญาณเทคนิคได้', 'timestamp': '2026-06-26T08:13:36.764980'}, {'symbol': 'EURGBP', 'action': 'NO_TRADE', 'reason': 'ไม่พบข้อมูลตลาดปัจจุบัน กรุณาส่งราคาและตัวชี้วัดเพื่อวิเคราะห์สัญญาณ', 'timestamp': '2026-06-26T08:14:33.642676'}]",True,Passed basic checks,0,50,50,MEDIUM,5,WAIT,รอการวิเคราะห์จาก AI
2026-06-26 08:17:00,0.86127,0.861275,0.861235,0.861255,142.0,EURGBP,BEARISH,0.861404,0.861439,0.861496,0.861596,0.861635,0.861653,BEARISH,0.86166,0.861304,0.000356,0.000449,18.75,43.18,-7.5e-05,-7.2e-05,-3e-06,19.7,25.5,9.2e-05,19.6,-1.09,8.9e-05,7.8e-05,38.04,10.96,28.26,44.11,-0.0087,888,665.6,1.334,False,RISING,-1.5e-05,-9e-06,-9e-06,0.861315,0.861655,0.861377,0.861438,0.861522,0.861293,0.861232,20,3.7,0.861324,0.861392,30.88,-4e-05,-2.9e-05,13.65,32.45,5.5e-05,0.861235,0.8615,0.861503,0.861287,142,0.885,0.861255,0.861275,0.861235,0.86127,ASIAN,62994,HIGH,0.861255,0.861275,0.861235,0.86127,ASIAN,62994,HIGH,NONE,BEARISH,WEAK,HIGH,BEARISH,CHOPPY,True,NONE,45,36,-40.0,66,NEUTRAL,False,70,[],0,0,NEUTRAL,BEARISH,40,True,BEAR_TRAP,50,True,False,False,70,False,0,100,DOWN,NONE,NONE,0,True,75,55,45,80,False,True,NEUTRAL,70,False,0.0,NONE,False,NONE,False,False,0,False,60,29.479768786127615,12.800000000001234,65.0,35,POOR,False,75,72,-0.06444750678303414,6,80.0,True,RANDOM,70,46.93862470767004,3.343498835539901,False,NONE,False,False,False,100,True,70,DOWN,40,CHOPPY,LOW,DOWN,40,-0.0087,CHOPPY,55,30,50,STRONG,NONE,65,30,75,LOW,58,40,60,-1.09,False,65,0.7928730512249442,100.0,RANGING,90,False,NONE,0.861293,0.861438,0.861377,FAR,30,50,85,50,NONE,NONE,NONE,False,[],0,0,ACCUMULATION,ACCUMULATION,50,65,True,36,"Smart money accumulation. Bullish bias, look for breakout.",1.334,0.5,False,False,False,False,0.3,0.3,True,False,False,18,False,[],0,NO,ACCUMULATION,"Smart money accumulation. Bullish bias, look for breakout.",LOW,LOW,0.011,"[{'symbol': 'EURUSD', 'action': 'NO_TRADE', 'reason': 'ไม่พบข้อมูลราคาและตัวชี้วัดตลาดในปัจจุบัน ไม่สามารถวิเคราะห์สัญญาณได้อย่างถูกต้อง', 'timestamp': '2026-06-26T08:12:34.466542'}, {'symbol': 'EURGBP', 'action': 'NO_TRADE', 'reason': 'ไม่พบข้อมูลราคาหรือตัวบ่งชี้ตลาดในปัจจุบัน ไม่สามารถวิเคราะห์สัญญาณเทคนิคได้', 'timestamp': '2026-06-26T08:13:36.764980'}, {'symbol': 'EURGBP', 'action': 'NO_TRADE', 'reason': 'ไม่พบข้อมูลตลาดปัจจุบัน กรุณาส่งราคาและตัวชี้วัดเพื่อวิเคราะห์สัญญาณ', 'timestamp': '2026-06-26T08:14:33.642676'}, {'symbol': 'EURUSD-OTC', 'action': 'NO_TRADE', 'reason': 'ไม่มีข้อมูลราคาและตัวบ่งชี้ในปัจจุบัน ไม่สามารถวิเคราะห์สัญญาณได้', 'timestamp': '2026-06-26T08:15:31.706719'}, {'symbol': 'EURUSD-OTC', 'action': 'NO_TRADE', 'reason': 'ไม่มีข้อมูลราคาและอินดิเคเตอร์ในปัจจุบัน ไม่สามารถวิเคราะห์สัญญาณได้', 'timestamp': '2026-06-26T08:16:30.338526'}]",True,Passed basic checks,0,50,50,MEDIUM,5,WAIT,รอการวิเคราะห์จาก AI
2026-06-26 08:19:00,0.861265,0.861285,0.861255,0.86126,119.0,EURGBP,BEARISH,0.861404,0.861439,0.861496,0.861596,0.861635,0.861653,BEARISH,0.86166,0.861304,0.000356,0.000449,18.75,43.18,-7.5e-05,-7.2e-05,-3e-06,19.7,25.5,9.2e-05,19.6,-1.09,8.9e-05,7.8e-05,38.04,10.96,28.26,44.11,-0.0087,888,665.6,1.334,False,RISING,-1.5e-05,-9e-06,-9e-06,0.861315,0.861655,0.861377,0.861438,0.861522,0.861293,0.861232,20,3.7,0.861287,0.861368,29.85,-4.9e-05,-3.6e-05,9.63,10.34,5.5e-05,0.861235,0.861475,0.861495,0.861251,119,0.698,0.86126,0.861285,0.861255,0.861265,ASIAN,62983,HIGH,0.86126,0.861285,0.861255,0.861265,ASIAN,62983,HIGH,NONE,BEARISH,WEAK,HIGH,BEARISH,CHOPPY,True,NONE,45,36,-40.0,66,NEUTRAL,False,70,[],0,0,NEUTRAL,BEARISH,40,True,BEAR_TRAP,50,True,False,False,70,False,0,100,DOWN,NONE,NONE,0,True,75,55,45,80,False,True,NEUTRAL,70,False,0.0,NONE,False,NONE,False,False,0,False,60,29.479768786127615,12.800000000001234,65.0,35,POOR,False,75,72,-0.06444750678303414,6,80.0,True,RANDOM,70,46.93862470767004,3.343498835539901,False,NONE,False,False,False,100,True,70,DOWN,40,CHOPPY,LOW,DOWN,40,-0.0087,CHOPPY,55,30,50,STRONG,NONE,65,30,75,LOW,58,40,60,-1.09,False,65,0.7928730512249442,100.0,RANGING,90,False,NONE,0.861293,0.861438,0.861377,FAR,30,50,85,50,NONE,NONE,NONE,False,[],0,0,SIDEWAY_RANGE,SIDEWAY_RANGE,50,60,True,36,Price ranging between clear levels. Suitable for mean-reversion strategies.,1.334,0.5,False,False,False,False,0.3,0.3,True,False,False,18,False,[],0,NO,SIDEWAY_RANGE,Price ranging between clear levels. Suitable for mean-reversion strategies.,LOW,LOW,0.011,"[{'symbol': 'EURGBP', 'action': 'NO_TRADE', 'reason': 'ไม่พบข้อมูลตลาดปัจจุบัน กรุณาส่งราคาและตัวชี้วัดเพื่อวิเคราะห์สัญญาณ', 'timestamp': '2026-06-26T08:14:33.642676'}, {'symbol': 'EURUSD-OTC', 'action': 'NO_TRADE', 'reason': 'ไม่มีข้อมูลราคาและตัวบ่งชี้ในปัจจุบัน ไม่สามารถวิเคราะห์สัญญาณได้', 'timestamp': '2026-06-26T08:15:31.706719'}, {'symbol': 'EURUSD-OTC', 'action': 'NO_TRADE', 'reason': 'ไม่มีข้อมูลราคาและอินดิเคเตอร์ในปัจจุบัน ไม่สามารถวิเคราะห์สัญญาณได้', 'timestamp': '2026-06-26T08:16:30.338526'}, {'symbol': 'EURGBP-OTC', 'action': 'NO_TRADE', 'reason': 'ไม่พบข้อมูลตลาดปัจจุบัน กรุณาส่งราคาและตัวชี้วัดเพื่อวิเคราะห์', 'timestamp': '2026-06-26T08:17:36.586691'}, {'symbol': 'EURGBP-OTC', 'action': 'NO_TRADE', 'reason': 'ไม่มีข้อมูลราคาและตัวบ่งชี้ทางเทคนิคในโจทย์ ไม่สามารถวิเคราะห์สัญญาณได้', 'timestamp': '2026-06-26T08:18:35.272831'}]",True,Passed basic checks,0,50,50,MEDIUM,5,WAIT,รอการวิเคราะห์จาก AI
2026-06-26 08:21:00,0.861265,0.86128,0.86123,0.86123,96.0,EURGBP,BEARISH,0.861358,0.861407,0.861474,0.861583,0.861634,0.861695,BEARISH,0.86166,0.861271,0.000389,0.000446,15.79,37.16,-8.4e-05,-7.4e-05,-1e-05,14.95,20.06,9.8e-05,24.62,-0.96,9e-05,8e-05,39.02,9.88,31.11,51.77,-0.0244,764,685.9,1.114,False,RISING,-2.8e-05,-1e-05,-1.1e-05,0.861235,0.861655,0.861292,0.861348,0.861432,0.861208,0.861152,21,4.29,0.861263,0.861346,30.43,-5.5e-05,-4.2e-05,8.15,9.63,5.1e-05,0.86123,0.861465,0.861488,0.861219,96,0.569,0.86123,0.86128,0.86123,0.861265,ASIAN,62868,HIGH,0.86123,0.86128,0.86123,0.861265,ASIAN,62868,HIGH,NONE,BEARISH,WEAK,HIGH,BEARISH,CHOPPY,False,TESTING_SUPPORT,44,36,-40.0,68,NEUTRAL,False,70,[],0,0,NEUTRAL,BEARISH,40,False,NONE,0,False,False,False,60,False,0,100,DOWN,NONE,DOWN,0,True,75,55,45,80,False,True,NEUTRAL,70,False,0.0,NONE,False,NONE,False,False,0,False,60,35.10638297872705,18.08785529716222,65.0,39,FAIR,False,75,72,-0.08829420139567416,6,80.0,True,RANDOM,70,47.47910942581114,2.9266891792017002,True,STRUCTURE_BREAK,False,False,True,70,True,70,DOWN,40,CORRECTIVE,LOW,DOWN,40,-0.0244,CORRECTIVE,55,30,50,STRONG,NONE,70,30,80,LOW,58,40,60,-0.96,False,65,0.8721973094170404,89.08426905829596,RANGING,90,False,NONE,0.861208,0.861348,0.861292,FAR,30,50,85,50,NONE,NONE,NONE,False,[],0,0,BREAKOUT_EMERGING,BREAKOUT_EMERGING,54,70,True,36,"Volatility expansion after compression. Potential breakout opportunity. (breakout prob: 30%, reversal prob: 50%)",1.114,0.5,False,False,False,False,0.3,0.3,True,False,False,18,False,[],0,NO,BREAKOUT_EMERGING,"Volatility expansion after compression. Potential breakout opportunity. (breakout prob: 30%, reversal prob: 50%)",LOW,LOW,0.011,"[{'symbol': 'EURUSD-OTC', 'action': 'NO_TRADE', 'reason': 'ไม่มีข้อมูลราคาและอินดิเคเตอร์ในปัจจุบัน ไม่สามารถวิเคราะห์สัญญาณได้', 'timestamp': '2026-06-26T08:16:30.338526'}, {'symbol': 'EURGBP-OTC', 'action': 'NO_TRADE', 'reason': 'ไม่พบข้อมูลตลาดปัจจุบัน กรุณาส่งราคาและตัวชี้วัดเพื่อวิเคราะห์', 'timestamp': '2026-06-26T08:17:36.586691'}, {'symbol': 'EURGBP-OTC', 'action': 'NO_TRADE', 'reason': 'ไม่มีข้อมูลราคาและตัวบ่งชี้ทางเทคนิคในโจทย์ ไม่สามารถวิเคราะห์สัญญาณได้', 'timestamp': '2026-06-26T08:18:35.272831'}, {'symbol': 'EURGBP-OTC', 'action': 'NO_TRADE', 'reason': 'ไม่พบข้อมูลตลาดปัจจุบัน จึงไม่สามารถวิเคราะห์สัญญาณได้อย่างแม่นยำ', 'timestamp': '2026-06-26T08:19:31.450560'}, {'symbol': 'EURGBP-OTC', 'action': 'NO_TRADE', 'reason': 'ไม่พบข้อมูลตลาดที่จำเป็นในการวิเคราะห์ โปรดส่งข้อมูลราคาและตัวชี้วัด', 'timestamp': '2026-06-26T08:20:31.184621'}]",True,Passed basic checks,0,50,50,MEDIUM,5,WAIT,รอการวิเคราะห์จาก AI
2026-06-26 08:23:00,0.861225,0.861235,0.861205,0.861215,108.0,EURGBP,BEARISH,0.861358,0.861407,0.861474,0.861583,0.861634,0.861695,BEARISH,0.86166,0.861271,0.000389,0.000446,15.79,37.16,-8.4e-05,-7.4e-05,-1e-05,14.95,20.06,9.8e-05,24.62,-0.96,9e-05,8e-05,39.02,9.88,31.11,51.77,-0.0244,764,685.9,1.114,False,RISING,-2.8e-05,-1e-05,-1.1e-05,0.861235,0.861655,0.861292,0.861348,0.861432,0.861208,0.861152,21,4.29,0.861236,0.861322,20.97,-6.1e-05,-4.9e-05,1.97,5.08,5e-05,0.861205,0.86146,0.861491,0.861181,108,0.676,0.861215,0.861235,0.861205,0.861225,ASIAN,62613,HIGH,0.861215,0.861235,0.861205,0.861225,ASIAN,62613,HIGH,NONE,BEARISH,WEAK,HIGH,BEARISH,CHOPPY,False,TESTING_SUPPORT,44,36,-40.0,68,NEUTRAL,False,70,[],0,0,NEUTRAL,BEARISH,40,False,NONE,0,False,False,False,60,False,0,100,DOWN,NONE,DOWN,0,True,75,55,45,80,False,True,NEUTRAL,70,False,0.0,NONE,False,NONE,False,False,0,False,60,35.10638297872705,18.08785529716222,65.0,39,FAIR,False,75,72,-0.08829420139567416,6,80.0,True,RANDOM,70,47.47910942581114,2.9266891792017002,True,STRUCTURE_BREAK,False,False,True,70,True,70,DOWN,40,CORRECTIVE,LOW,DOWN,40,-0.0244,CORRECTIVE,55,30,50,STRONG,NONE,70,30,80,LOW,58,40,60,-0.96,False,65,0.8721973094170404,89.08426905829596,RANGING,90,False,NONE,0.861208,0.861348,0.861292,FAR,30,50,85,50,NONE,NONE,NONE,False,[],0,0,BREAKOUT_EMERGING,BREAKOUT_EMERGING,54,70,True,36,"Volatility expansion after compression. Potential breakout opportunity. (breakout prob: 30%, reversal prob: 50%)",1.114,0.5,False,False,False,False,0.3,0.3,True,False,False,18,False,[],0,NO,BREAKOUT_EMERGING,"Volatility expansion after compression. Potential breakout opportunity. (breakout prob: 30%, reversal prob: 50%)",LOW,LOW,0.011,"[{'symbol': 'EURGBP-OTC', 'action': 'NO_TRADE', 'reason': 'ไม่มีข้อมูลราคาและตัวบ่งชี้ทางเทคนิคในโจทย์ ไม่สามารถวิเคราะห์สัญญาณได้', 'timestamp': '2026-06-26T08:18:35.272831'}, {'symbol': 'EURGBP-OTC', 'action': 'NO_TRADE', 'reason': 'ไม่พบข้อมูลตลาดปัจจุบัน จึงไม่สามารถวิเคราะห์สัญญาณได้อย่างแม่นยำ', 'timestamp': '2026-06-26T08:19:31.450560'}, {'symbol': 'EURGBP-OTC', 'action': 'NO_TRADE', 'reason': 'ไม่พบข้อมูลตลาดที่จำเป็นในการวิเคราะห์ โปรดส่งข้อมูลราคาและตัวชี้วัด', 'timestamp': '2026-06-26T08:20:31.184621'}, {'symbol': 'EURUSD', 'action': 'NO_TRADE', 'reason': 'ไม่มีข้อมูลตลาดที่ใช้วิเคราะห์ทางเทคนิค จึงไม่สามารถประเมินสัญญาณใดๆ ได้อย่างแม่นยำ', 'timestamp': '2026-06-26T08:21:30.903939'}, {'symbol': 'EURUSD', 'action': 'NO_TRADE', 'reason': 'ไม่พบข้อมูลราคาและตัวชี้วัดตลาดในปัจจุบัน จึงไม่สามารถวิเคราะห์สัญญาณได้', 'timestamp': '2026-06-26T08:22:31.177247'}]",True,Passed basic checks,0,50,50,MEDIUM,5,WAIT,รอการวิเคราะห์จาก AI
2026-06-26 08:25:00,0.861195,0.861205,0.86117,0.86119,103.0,EURGBP,BEARISH,0.861302,0.861368,0.861447,0.861568,0.861622,0.861663,BEARISH,0.861662,0.861227,0.000435,0.000444,0.0,35.03,-9.7e-05,-7.9e-05,-1.8e-05,9.11,14.58,0.000101,27.64,-0.92,9.2e-05,8.2e-05,40.3,9.13,33.26,56.94,-0.0424,519,699.85,0.742,False,FALLING,-3.9e-05,-1.2e-05,-1.2e-05,0.86117,0.861655,0.861213,0.861257,0.861323,0.861147,0.861103,22,4.8,0.861212,0.861299,11.86,-6.5e-05,-5.4e-05,5.95,4.08,5e-05,0.86117,0.86146,0.861489,0.861143,103,0.67,0.86119,0.861205,0.86117,0.861195,ASIAN,63397,HIGH,0.86119,0.861205,0.86117,0.861195,ASIAN,63397,HIGH,NONE,BEARISH,WEAK,LOW,BEARISH,NORMAL,False,TESTING_SUPPORT,45,36,-40.0,69,NEUTRAL,False,70,[],0,0,NEUTRAL,BEARISH,40,False,NONE,0,False,False,False,60,False,0,100,DOWN,NONE,DOWN,0,True,75,70,30,80,False,True,CONTINUATION,70,True,85.0,BEARISH,False,NONE,False,False,0,False,60,42.71356783919823,21.21212121212019,70.0,44,FAIR,False,75,72,-0.16177645890276696,7,80.0,True,RANDOM,70,49.43608973707563,1.0595248520336058,True,STRUCTURE_BREAK,False,False,True,70,True,70,DOWN,60,CORRECTIVE,NORMAL,DOWN,60,-0.0424,CORRECTIVE,55,30,50,STRONG,NONE,75,40,85,NORMAL,58,40,60,-0.92,False,80,0.9797297297297297,75.91502702702704,RANGING,90,False,NONE,0.861147,0.861257,0.861213,FAR,30,50,85,50,NONE,NONE,NONE,False,[],0,0,SIDEWAY_RANGE,SIDEWAY_RANGE,52,60,True,37,Price ranging between clear levels. Suitable for mean-reversion strategies.,0.742,0.5,False,False,False,False,0.3,0.3,True,False,False,18,False,[],0,NO,SIDEWAY_RANGE,Price ranging between clear levels. Suitable for mean-reversion strategies.,NORMAL,LOW,0.012,"[{'symbol': 'EURGBP-OTC', 'action': 'NO_TRADE', 'reason': 'ไม่พบข้อมูลตลาดที่จำเป็นในการวิเคราะห์ โปรดส่งข้อมูลราคาและตัวชี้วัด', 'timestamp': '2026-06-26T08:20:31.184621'}, {'symbol': 'EURUSD', 'action': 'NO_TRADE', 'reason': 'ไม่มีข้อมูลตลาดที่ใช้วิเคราะห์ทางเทคนิค จึงไม่สามารถประเมินสัญญาณใดๆ ได้อย่างแม่นยำ', 'timestamp': '2026-06-26T08:21:30.903939'}, {'symbol': 'EURUSD', 'action': 'NO_TRADE', 'reason': 'ไม่พบข้อมูลราคาและตัวชี้วัดตลาดในปัจจุบัน จึงไม่สามารถวิเคราะห์สัญญาณได้', 'timestamp': '2026-06-26T08:22:31.177247'}, {'symbol': 'EURGBP-OTC', 'action': 'NO_TRADE', 'reason': 'ไม่พบข้อมูลราคาตลาดปัจจุบัน ไม่สามารถวิเคราะห์แนวโน้มและสัญญาณทางเทคนิคได้', 'timestamp': '2026-06-26T08:23:35.907003'}, {'symbol': 'EURGBP-OTC', 'action': 'NO_TRADE', 'reason': 'ไม่พบข้อมูลราคาตลาดปัจจุบัน ไม่สามารถวิเคราะห์สัญญาณทางเทคนิคได้', 'timestamp': '2026-06-26T08:24:34.524790'}]",True,Passed basic checks,0,50,50,MEDIUM,5,WAIT,รอการวิเคราะห์จาก AI
2026-06-26 08:26:00,0.861185,0.86122,0.861175,0.861195,156.0,EURGBP,BEARISH,0.861302,0.861368,0.861447,0.861568,0.861622,0.861663,BEARISH,0.861662,0.861227,0.000435,0.000444,0.0,35.03,-9.7e-05,-7.9e-05,-1.8e-05,9.11,14.58,0.000101,27.64,-0.92,9.2e-05,8.2e-05,40.3,9.13,33.26,56.94,-0.0424,519,699.85,0.742,False,FALLING,-3.9e-05,-1.2e-05,-1.2e-05,0.86117,0.861655,0.861213,0.861257,0.861323,0.861147,0.861103,22,4.8,0.861206,0.861289,13.79,-6.5e-05,-5.6e-05,7.51,5.92,5.1e-05,0.86117,0.86146,0.861485,0.861129,156,1.024,0.861195,0.86122,0.861175,0.861185,ASIAN,62855,HIGH,0.861195,0.86122,0.861175,0.861185,ASIAN,62855,HIGH,NONE,BEARISH,WEAK,LOW,BEARISH,NORMAL,False,TESTING_SUPPORT,45,36,-40.0,69,NEUTRAL,False,70,[],0,0,NEUTRAL,BEARISH,40,False,NONE,0,False,False,False,60,False,0,100,DOWN,NONE,DOWN,0,True,75,70,30,80,False,True,CONTINUATION,70,True,85.0,BEARISH,False,NONE,False,False,0,False,60,42.71356783919823,21.21212121212019,70.0,44,FAIR,False,75,72,-0.16177645890276696,7,80.0,True,RANDOM,70,49.43608973707563,1.0595248520336058,True,STRUCTURE_BREAK,False,False,True,70,True,70,DOWN,60,CORRECTIVE,NORMAL,DOWN,60,-0.0424,CORRECTIVE,55,30,50,STRONG,NONE,75,40,85,NORMAL,58,40,60,-0.92,False,80,0.9797297297297297,75.91502702702704,RANGING,90,False,NONE,0.861147,0.861257,0.861213,FAR,30,50,85,50,NONE,NONE,NONE,False,[],0,0,BREAKOUT_EMERGING,BREAKOUT_EMERGING,52,70,True,37,"Volatility expansion after compression. Potential breakout opportunity. (breakout prob: 30%, reversal prob: 50%)",0.742,0.5,False,False,False,False,0.3,0.3,True,False,False,18,False,[],0,NO,BREAKOUT_EMERGING,"Volatility expansion after compression. Potential breakout opportunity. (breakout prob: 30%, reversal prob: 50%)",NORMAL,LOW,0.012,"[{'symbol': 'EURUSD', 'action': 'NO_TRADE', 'reason': 'ไม่มีข้อมูลตลาดที่ใช้วิเคราะห์ทางเทคนิค จึงไม่สามารถประเมินสัญญาณใดๆ ได้อย่างแม่นยำ', 'timestamp': '2026-06-26T08:21:30.903939'}, {'symbol': 'EURUSD', 'action': 'NO_TRADE', 'reason': 'ไม่พบข้อมูลราคาและตัวชี้วัดตลาดในปัจจุบัน จึงไม่สามารถวิเคราะห์สัญญาณได้', 'timestamp': '2026-06-26T08:22:31.177247'}, {'symbol': 'EURGBP-OTC', 'action': 'NO_TRADE', 'reason': 'ไม่พบข้อมูลราคาตลาดปัจจุบัน ไม่สามารถวิเคราะห์แนวโน้มและสัญญาณทางเทคนิคได้', 'timestamp': '2026-06-26T08:23:35.907003'}, {'symbol': 'EURGBP-OTC', 'action': 'NO_TRADE', 'reason': 'ไม่พบข้อมูลราคาตลาดปัจจุบัน ไม่สามารถวิเคราะห์สัญญาณทางเทคนิคได้', 'timestamp': '2026-06-26T08:24:34.524790'}, {'symbol': 'EURGBP', 'action': 'NO_TRADE', 'reason': 'ไม่พบข้อมูลราคาตลาดปัจจุบันในระบบ จึงไม่สามารถวิเคราะห์สัญญาณทางเทคนิคได้', 'timestamp': '2026-06-26T08:25:31.764056'}]",True,Passed basic checks,0,50,50,MEDIUM,5,WAIT,รอการวิเคราะห์จาก AI
2026-06-26 08:27:00,0.8612,0.86121,0.861175,0.861205,181.0,EURGBP,BEARISH,0.861302,0.861368,0.861447,0.861568,0.861622,0.861663,BEARISH,0.861662,0.861227,0.000435,0.000444,0.0,35.03,-9.7e-05,-7.9e-05,-1.8e-05,9.11,14.58,0.000101,27.64,-0.92,9.2e-05,8.2e-05,40.3,9.13,33.26,56.94,-0.0424,519,699.85,0.742,False,FALLING,-3.9e-05,-1.2e-05,-1.2e-05,0.86117,0.861655,0.861213,0.861257,0.861323,0.861147,0.861103,22,4.8,0.861206,0.861281,10.71,-6.4e-05,-5.8e-05,9.2,7.55,5.1e-05,0.86117,0.86146,0.861481,0.861117,181,1.196,0.861205,0.86121,0.861175,0.8612,ASIAN,63328,HIGH,0.861205,0.86121,0.861175,0.8612,ASIAN,63328,HIGH,NONE,BEARISH,WEAK,LOW,BEARISH,NORMAL,False,TESTING_SUPPORT,45,36,-40.0,69,NEUTRAL,False,70,[],0,0,NEUTRAL,BEARISH,40,False,NONE,0,False,False,False,60,False,0,100,DOWN,NONE,DOWN,0,True,75,70,30,80,False,True,CONTINUATION,70,True,85.0,BEARISH,False,NONE,False,False,0,False,60,42.71356783919823,21.21212121212019,70.0,44,FAIR,False,75,72,-0.16177645890276696,7,80.0,True,RANDOM,70,49.43608973707563,1.0595248520336058,True,STRUCTURE_BREAK,False,False,True,70,True,70,DOWN,60,CORRECTIVE,NORMAL,DOWN,60,-0.0424,CORRECTIVE,55,30,50,STRONG,NONE,75,40,85,NORMAL,58,40,60,-0.92,False,80,0.9797297297297297,75.91502702702704,RANGING,90,False,NONE,0.861147,0.861257,0.861213,FAR,30,50,85,50,NONE,NONE,NONE,False,[],0,0,BREAKOUT_EMERGING,BREAKOUT_EMERGING,52,70,True,37,"Volatility expansion after compression. Potential breakout opportunity. (breakout prob: 30%, reversal prob: 50%)",0.742,0.5,False,False,False,False,0.3,0.3,True,False,False,18,False,[],0,NO,BREAKOUT_EMERGING,"Volatility expansion after compression. Potential breakout opportunity. (breakout prob: 30%, reversal prob: 50%)",NORMAL,LOW,0.012,"[{'symbol': 'EURUSD', 'action': 'NO_TRADE', 'reason': 'ไม่พบข้อมูลราคาและตัวชี้วัดตลาดในปัจจุบัน จึงไม่สามารถวิเคราะห์สัญญาณได้', 'timestamp': '2026-06-26T08:22:31.177247'}, {'symbol': 'EURGBP-OTC', 'action': 'NO_TRADE', 'reason': 'ไม่พบข้อมูลราคาตลาดปัจจุบัน ไม่สามารถวิเคราะห์แนวโน้มและสัญญาณทางเทคนิคได้', 'timestamp': '2026-06-26T08:23:35.907003'}, {'symbol': 'EURGBP-OTC', 'action': 'NO_TRADE', 'reason': 'ไม่พบข้อมูลราคาตลาดปัจจุบัน ไม่สามารถวิเคราะห์สัญญาณทางเทคนิคได้', 'timestamp': '2026-06-26T08:24:34.524790'}, {'symbol': 'EURGBP', 'action': 'NO_TRADE', 'reason': 'ไม่พบข้อมูลราคาตลาดปัจจุบันในระบบ จึงไม่สามารถวิเคราะห์สัญญาณทางเทคนิคได้', 'timestamp': '2026-06-26T08:25:31.764056'}, {'symbol': 'EURGBP', 'action': 'NO_TRADE', 'reason': 'ไม่พบข้อมูลราคาและตัวชี้วัดจากตลาดจึงไม่สามารถวิเคราะห์สัญญาณได้', 'timestamp': '2026-06-26T08:26:30.971631'}]",True,Passed basic checks,0,50,50,MEDIUM,5,WAIT,รอการวิเคราะห์จาก AI
2026-06-26 08:29:00,0.86119,0.861215,0.86118,0.861215,118.0,EURGBP,BEARISH,0.861302,0.861368,0.861447,0.861568,0.861622,0.861663,BEARISH,0.861662,0.861227,0.000435,0.000444,0.0,35.03,-9.7e-05,-7.9e-05,-1.8e-05,9.11,14.58,0.000101,27.64,-0.92,9.2e-05,8.2e-05,40.3,9.13,33.26,56.94,-0.0424,519,699.85,0.742,False,FALLING,-3.9e-05,-1.2e-05,-1.2e-05,0.86117,0.861655,0.861213,0.861257,0.861323,0.861147,0.861103,22,4.8,0.861204,0.861266,22.0,-6e-05,-5.9e-05,13.06,10.29,4.3e-05,0.86117,0.86146,0.861456,0.861102,118,0.813,0.861215,0.861215,0.86118,0.86119,ASIAN,63069,HIGH,0.861215,0.861215,0.86118,0.86119,ASIAN,63069,HIGH,NONE,BEARISH,WEAK,LOW,BEARISH,NORMAL,False,TESTING_SUPPORT,45,36,-40.0,69,NEUTRAL,False,70,[],0,0,NEUTRAL,BEARISH,40,False,NONE,0,False,False,False,60,False,0,100,DOWN,NONE,DOWN,0,True,75,70,30,80,False,True,CONTINUATION,70,True,85.0,BEARISH,False,NONE,False,False,0,False,60,42.71356783919823,21.21212121212019,70.0,44,FAIR,False,75,72,-0.16177645890276696,7,80.0,True,RANDOM,70,49.43608973707563,1.0595248520336058,True,STRUCTURE_BREAK,False,False,True,70,True,70,DOWN,60,CORRECTIVE,NORMAL,DOWN,60,-0.0424,CORRECTIVE,55,30,50,STRONG,NONE,75,40,85,NORMAL,58,40,60,-0.92,False,80,0.9797297297297297,75.91502702702704,RANGING,90,False,NONE,0.861147,0.861257,0.861213,FAR,30,50,85,50,NONE,NONE,NONE,False,[],0,0,SIDEWAY_RANGE,SIDEWAY_RANGE,52,60,True,37,Price ranging between clear levels. Suitable for mean-reversion strategies.,0.742,0.5,False,False,False,False,0.3,0.3,True,False,False,18,False,[],0,NO,SIDEWAY_RANGE,Price ranging between clear levels. Suitable for mean-reversion strategies.,NORMAL,LOW,0.012,"[{'symbol': 'EURGBP-OTC', 'action': 'NO_TRADE', 'reason': 'ไม่พบข้อมูลราคาตลาดปัจจุบัน ไม่สามารถวิเคราะห์สัญญาณทางเทคนิคได้', 'timestamp': '2026-06-26T08:24:34.524790'}, {'symbol': 'EURGBP', 'action': 'NO_TRADE', 'reason': 'ไม่พบข้อมูลราคาตลาดปัจจุบันในระบบ จึงไม่สามารถวิเคราะห์สัญญาณทางเทคนิคได้', 'timestamp': '2026-06-26T08:25:31.764056'}, {'symbol': 'EURGBP', 'action': 'NO_TRADE', 'reason': 'ไม่พบข้อมูลราคาและตัวชี้วัดจากตลาดจึงไม่สามารถวิเคราะห์สัญญาณได้', 'timestamp': '2026-06-26T08:26:30.971631'}, {'symbol': 'EURUSD', 'action': 'NO_TRADE', 'reason': 'ไม่มีข้อมูลราคาและตัวชี้วัดทางเทคนิคในปัจจุบัน ไม่สามารถวิเคราะห์สัญญาณได้', 'timestamp': '2026-06-26T08:27:36.577543'}, {'symbol': 'EURUSD', 'action': 'NO_TRADE', 'reason': 'ไม่พบข้อมูลตลาด JSON ที่ต้องวิเคราะห์ จึงไม่สามารถประเมินสัญญาณได้', 'timestamp': '2026-06-26T08:28:34.094043'}]",True,Passed basic checks,0,50,50,MEDIUM,5,WAIT,รอการวิเคราะห์จาก AI
2026-06-26 08:30:00,0.861205,0.861215,0.861165,0.861175,114.0,EURGBP,BEARISH,0.86126,0.861333,0.861421,0.861552,0.861613,0.861658,BEARISH,0.861657,0.861189,0.000468,0.000443,0.0,38.46,-0.000106,-8.4e-05,-2.2e-05,5.12,9.73,9.7e-05,23.5,-0.99,9.3e-05,8.4e-05,41.52,8.76,32.3,57.31,-0.0406,724,716.4,1.011,False,FALLING,-4.3e-05,-1.3e-05,-1.3e-05,0.861165,0.861655,0.861187,0.861208,0.861242,0.861153,0.861132,23,5.05,0.861194,0.861258,25.0,-6e-05,-5.9e-05,11.82,11.17,3.9e-05,0.861165,0.86146,0.861444,0.861093,114,0.788,0.861175,0.861215,0.861165,0.861205,ASIAN,62443,HIGH,0.861175,0.861215,0.861165,0.861205,ASIAN,62443,HIGH,NONE,BEARISH,WEAK,LOW,BEARISH,NORMAL,True,TESTING_SUPPORT,45,36,-46.666666666666664,65,NEUTRAL,False,70,[],0,0,NEUTRAL,BEARISH,40,True,REJECTION,25,False,False,True,70,False,0,100,DOWN,NONE,DOWN,0,True,75,70,30,80,False,True,CONTINUATION,70,True,85.0,BEARISH,False,NONE,False,False,0,False,60,43.283582089551906,22.077922077923052,70.0,45,FAIR,False,75,72,-0.037593479381781945,8,80.0,True,RANDOM,70,49.451871874834154,1.0297014845187438,True,STRUCTURE_BREAK,False,False,True,70,True,70,DOWN,60,CORRECTIVE,LOW,DOWN,60,-0.0406,CORRECTIVE,55,30,50,STRONG,NONE,75,40,85,LOW,58,40,60,-0.99,False,65,1.0564334085778782,71.55665914221218,RANGING,90,False,NONE,0.861153,0.861208,0.861187,FAR,30,50,85,50,NONE,NONE,NONE,False,[],0,0,BREAKOUT_EMERGING,BREAKOUT_EMERGING,54,70,True,37,"Volatility expansion after compression. Potential breakout opportunity. (breakout prob: 30%, reversal prob: 50%)",1.011,0.5,False,False,False,False,0.3,0.3,True,False,False,18,False,[],0,NO,BREAKOUT_EMERGING,"Volatility expansion after compression. Potential breakout opportunity. (breakout prob: 30%, reversal prob: 50%)",LOW,LOW,0.011,"[{'symbol': 'EURGBP', 'action': 'NO_TRADE', 'reason': 'ไม่พบข้อมูลราคาตลาดปัจจุบันในระบบ จึงไม่สามารถวิเคราะห์สัญญาณทางเทคนิคได้', 'timestamp': '2026-06-26T08:25:31.764056'}, {'symbol': 'EURGBP', 'action': 'NO_TRADE', 'reason': 'ไม่พบข้อมูลราคาและตัวชี้วัดจากตลาดจึงไม่สามารถวิเคราะห์สัญญาณได้', 'timestamp': '2026-06-26T08:26:30.971631'}, {'symbol': 'EURUSD', 'action': 'NO_TRADE', 'reason': 'ไม่มีข้อมูลราคาและตัวชี้วัดทางเทคนิคในปัจจุบัน ไม่สามารถวิเคราะห์สัญญาณได้', 'timestamp': '2026-06-26T08:27:36.577543'}, {'symbol': 'EURUSD', 'action': 'NO_TRADE', 'reason': 'ไม่พบข้อมูลตลาด JSON ที่ต้องวิเคราะห์ จึงไม่สามารถประเมินสัญญาณได้', 'timestamp': '2026-06-26T08:28:34.094043'}, {'symbol': 'EURGBP', 'action': 'NO_TRADE', 'reason': 'ไม่พบข้อมูลตลาดล่าสุด กรุณาส่งกราฟราคาหรือตัวเลขทางเทคนิคเพื่อวิเคราะห์', 'timestamp': '2026-06-26T08:29:36.239992'}]",True,Passed basic checks,0,50,50,MEDIUM,5,WAIT,รอการวิเคราะห์จาก AI
2026-06-26 08:31:00,0.861185,0.861225,0.861175,0.86122,224.0,EURGBP,BEARISH,0.86126,0.861333,0.861421,0.861552,0.861613,0.861658,BEARISH,0.861657,0.861189,0.000468,0.000443,0.0,38.46,-0.000106,-8.4e-05,-2.2e-05,5.12,9.73,9.7e-05,23.5,-0.99,9.3e-05,8.4e-05,41.52,8.76,32.3,57.31,-0.0406,724,716.4,1.011,False,FALLING,-4.3e-05,-1.3e-05,-1.3e-05,0.861165,0.861655,0.861187,0.861208,0.861242,0.861153,0.861132,23,5.05,0.861203,0.861254,42.55,-5.6e-05,-5.9e-05,25.37,16.75,3.9e-05,0.861165,0.86146,0.861421,0.861097,224,1.553,0.86122,0.861225,0.861175,0.861185,ASIAN,63036,HIGH,0.86122,0.861225,0.861175,0.861185,ASIAN,63036,HIGH,NONE,BEARISH,WEAK,LOW,BEARISH,NORMAL,True,NONE,45,36,-46.666666666666664,65,NEUTRAL,False,70,[],0,0,NEUTRAL,BEARISH,40,True,REJECTION,25,False,False,True,70,False,0,100,DOWN,NONE,DOWN,0,True,75,70,30,80,False,True,CONTINUATION,70,True,85.0,BEARISH,False,NONE,False,False,0,False,60,43.283582089551906,22.077922077923052,70.0,45,FAIR,False,75,72,-0.037593479381781945,8,80.0,True,RANDOM,70,49.451871874834154,1.0297014845187438,True,STRUCTURE_BREAK,False,False,True,70,True,70,DOWN,60,CORRECTIVE,LOW,DOWN,60,-0.0406,CORRECTIVE,55,30,50,STRONG,NONE,75,40,85,LOW,58,40,60,-0.99,False,65,1.0564334085778782,71.55665914221218,RANGING,90,False,NONE,0.861153,0.861208,0.861187,FAR,30,50,85,50,NONE,NONE,NONE,False,[],0,0,BREAKOUT_EMERGING,BREAKOUT_EMERGING,54,70,True,37,"Volatility expansion after compression. Potential breakout opportunity. (breakout prob: 30%, reversal prob: 50%)",1.011,0.5,False,False,False,False,0.3,0.3,True,False,False,18,False,[],0,NO,BREAKOUT_EMERGING,"Volatility expansion after compression. Potential breakout opportunity. (breakout prob: 30%, reversal prob: 50%)",LOW,LOW,0.011,"[{'symbol': 'EURGBP', 'action': 'NO_TRADE', 'reason': 'ไม่พบข้อมูลราคาและตัวชี้วัดจากตลาดจึงไม่สามารถวิเคราะห์สัญญาณได้', 'timestamp': '2026-06-26T08:26:30.971631'}, {'symbol': 'EURUSD', 'action': 'NO_TRADE', 'reason': 'ไม่มีข้อมูลราคาและตัวชี้วัดทางเทคนิคในปัจจุบัน ไม่สามารถวิเคราะห์สัญญาณได้', 'timestamp': '2026-06-26T08:27:36.577543'}, {'symbol': 'EURUSD', 'action': 'NO_TRADE', 'reason': 'ไม่พบข้อมูลตลาด JSON ที่ต้องวิเคราะห์ จึงไม่สามารถประเมินสัญญาณได้', 'timestamp': '2026-06-26T08:28:34.094043'}, {'symbol': 'EURGBP', 'action': 'NO_TRADE', 'reason': 'ไม่พบข้อมูลตลาดล่าสุด กรุณาส่งกราฟราคาหรือตัวเลขทางเทคนิคเพื่อวิเคราะห์', 'timestamp': '2026-06-26T08:29:36.239992'}, {'symbol': 'EURGBP', 'action': 'NO_TRADE', 'reason': 'ไม่พบข้อมูลราคาตลาดปัจจุบัน ไม่สามารถวิเคราะห์แนวโน้มและสัญญาณทางเทคนิคได้', 'timestamp': '2026-06-26T08:30:33.462033'}]",True,Passed basic checks,0,50,50,MEDIUM,5,WAIT,รอการวิเคราะห์จาก AI
2026-06-26 08:33:00,0.86119,0.86121,0.86117,0.8612,174.0,EURGBP,BEARISH,0.86126,0.861333,0.861421,0.861552,0.861613,0.861658,BEARISH,0.861657,0.861189,0.000468,0.000443,0.0,38.46,-0.000106,-8.4e-05,-2.2e-05,5.12,9.73,9.7e-05,23.5,-0.99,9.3e-05,8.4e-05,41.52,8.76,32.3,57.31,-0.0406,724,716.4,1.011,False,FALLING,-4.3e-05,-1.3e-05,-1.3e-05,0.861165,0.861655,0.861187,0.861208,0.861242,0.861153,0.861132,23,5.05,0.8612,0.861244,38.46,-5.1e-05,-5.6e-05,33.76,28.51,4.1e-05,0.861165,0.86146,0.861362,0.861112,174,1.199,0.8612,0.86121,0.86117,0.86119,ASIAN,62911,HIGH,0.8612,0.86121,0.86117,0.86119,ASIAN,62911,HIGH,NONE,BEARISH,WEAK,LOW,BEARISH,NORMAL,True,TESTING_SUPPORT,45,36,-46.666666666666664,65,NEUTRAL,False,70,[],0,0,NEUTRAL,BEARISH,40,True,REJECTION,25,False,False,True,70,False,0,100,DOWN,NONE,DOWN,0,True,75,70,30,80,False,True,CONTINUATION,70,True,85.0,BEARISH,False,NONE,False,False,0,False,60,43.283582089551906,22.077922077923052,70.0,45,FAIR,False,75,72,-0.037593479381781945,8,80.0,True,RANDOM,70,49.451871874834154,1.0297014845187438,True,STRUCTURE_BREAK,False,False,True,70,True,70,DOWN,60,CORRECTIVE,LOW,DOWN,60,-0.0406,CORRECTIVE,55,30,50,STRONG,NONE,75,40,85,LOW,58,40,60,-0.99,False,65,1.0564334085778782,71.55665914221218,RANGING,90,False,NONE,0.861153,0.861208,0.861187,FAR,30,50,85,50,NONE,NONE,NONE,False,[],0,0,BREAKOUT_EMERGING,BREAKOUT_EMERGING,54,70,True,37,"Volatility expansion after compression. Potential breakout opportunity. (breakout prob: 30%, reversal prob: 50%)",1.011,0.5,False,False,False,False,0.3,0.3,True,False,False,18,False,[],0,NO,BREAKOUT_EMERGING,"Volatility expansion after compression. Potential breakout opportunity. (breakout prob: 30%, reversal prob: 50%)",LOW,LOW,0.011,"[{'symbol': 'EURUSD', 'action': 'NO_TRADE', 'reason': 'ไม่พบข้อมูลตลาด JSON ที่ต้องวิเคราะห์ จึงไม่สามารถประเมินสัญญาณได้', 'timestamp': '2026-06-26T08:28:34.094043'}, {'symbol': 'EURGBP', 'action': 'NO_TRADE', 'reason': 'ไม่พบข้อมูลตลาดล่าสุด กรุณาส่งกราฟราคาหรือตัวเลขทางเทคนิคเพื่อวิเคราะห์', 'timestamp': '2026-06-26T08:29:36.239992'}, {'symbol': 'EURGBP', 'action': 'NO_TRADE', 'reason': 'ไม่พบข้อมูลราคาตลาดปัจจุบัน ไม่สามารถวิเคราะห์แนวโน้มและสัญญาณทางเทคนิคได้', 'timestamp': '2026-06-26T08:30:33.462033'}, {'symbol': 'EURUSD-OTC', 'action': 'NO_TRADE', 'reason': 'ไม่มีข้อมูลราคาและตัวบ่งชี้ทางเทคนิคในปัจจุบัน ไม่สามารถวิเคราะห์แนวโน้มหรือสัญญาณซื้อขายได้', 'timestamp': '2026-06-26T08:31:36.782404'}, {'symbol': 'EURUSD-OTC', 'action': 'NO_TRADE', 'reason': 'ไม่พบข้อมูลตลาดที่ใช้วิเคราะห์ กรุณาส่งข้อมูลราคาและตัวชี้วัดเพื่อการประเมินสัญญาณ', 'timestamp': '2026-06-26T08:32:34.897087'}]",True,Passed basic checks,0,50,50,MEDIUM,5,WAIT,รอการวิเคราะห์จาก AI
2026-06-26 08:35:00,0.86117,0.861195,0.861165,0.861175,290.0,EURGBP,BEARISH,0.861231,0.861304,0.861398,0.861537,0.861602,0.861637,BEARISH,0.861645,0.861158,0.000486,0.000442,0.0,30.16,-0.000113,-9e-05,-2.3e-05,3.49,5.91,9.4e-05,21.11,-1.03,9.3e-05,8.5e-05,42.54,8.71,30.74,55.84,-0.0476,1176,757.0,1.554,False,RISING,-4.4e-05,-1.4e-05,-1.3e-05,0.86116,0.861635,0.861187,0.861213,0.861252,0.861148,0.861122,20,5.05,0.861184,0.86123,39.62,-5e-05,-5.4e-05,16.3,23.31,4e-05,0.86116,0.861375,0.861282,0.861147,290,1.822,0.861175,0.861195,0.861165,0.86117,ASIAN,62710,HIGH,0.861175,0.861195,0.861165,0.86117,ASIAN,62710,HIGH,NONE,BEARISH,WEAK,LOW,BEARISH,CHOPPY,True,TESTING_SUPPORT,44,40,-46.666666666666664,67,NEUTRAL,False,70,[],0,0,NEUTRAL,BEARISH,40,True,REJECTION,25,False,False,True,70,False,0,100,DOWN,NONE,DOWN,0,True,75,70,30,80,False,True,CONTINUATION,70,True,85.0,BEARISH,False,NONE,False,False,0,False,60,42.71356783919823,19.422572178477385,70.0,44,FAIR,False,75,72,-0.08415193191593573,9,80.0,True,RANDOM,70,48.13146506555209,2.312256867808971,True,MOMENTUM_SHIFT,False,True,True,35,False,70,DOWN,60,CORRECTIVE,LOW,DOWN,60,-0.0476,CORRECTIVE,55,30,50,STRONG,NONE,75,40,85,LOW,58,40,60,-1.03,False,65,1.099547511312217,69.1572488687783,RANGING,90,False,NONE,0.861148,0.861213,0.861187,FAR,30,50,85,50,NONE,NONE,NONE,False,[],0,0,BREAKOUT_EMERGING,BREAKOUT_EMERGING,50,70,True,38,"Volatility expansion after compression. Potential breakout opportunity. (breakout prob: 30%, reversal prob: 50%)",1.554,0.5,False,False,False,False,0.3,0.3,True,False,True,18,False,[],0,NO,BREAKOUT_EMERGING,"Volatility expansion after compression. Potential breakout opportunity. (breakout prob: 30%, reversal prob: 50%)",LOW,LOW,0.011,"[{'symbol': 'EURGBP', 'action': 'NO_TRADE', 'reason': 'ไม่พบข้อมูลราคาตลาดปัจจุบัน ไม่สามารถวิเคราะห์แนวโน้มและสัญญาณทางเทคนิคได้', 'timestamp': '2026-06-26T08:30:33.462033'}, {'symbol': 'EURUSD-OTC', 'action': 'NO_TRADE', 'reason': 'ไม่มีข้อมูลราคาและตัวบ่งชี้ทางเทคนิคในปัจจุบัน ไม่สามารถวิเคราะห์แนวโน้มหรือสัญญาณซื้อขายได้', 'timestamp': '2026-06-26T08:31:36.782404'}, {'symbol': 'EURUSD-OTC', 'action': 'NO_TRADE', 'reason': 'ไม่พบข้อมูลตลาดที่ใช้วิเคราะห์ กรุณาส่งข้อมูลราคาและตัวชี้วัดเพื่อการประเมินสัญญาณ', 'timestamp': '2026-06-26T08:32:34.897087'}, {'symbol': 'EURGBP-OTC', 'action': 'NO_TRADE', 'reason': 'ไม่มีข้อมูลตลาด JSON กรุณาส่งข้อมูลราคาและตัวชี้วัดเพื่อวิเคราะห์สัญญาณ', 'timestamp': '2026-06-26T08:33:31.429741'}, {'symbol': 'EURGBP-OTC', 'action': 'NO_TRADE', 'reason': 'ไม่พบข้อมูลราคาหรือตัวชี้วัดตลาดในปัจจุบัน จึงไม่สามารถวิเคราะห์สัญญาณเทรดได้', 'timestamp': '2026-06-26T08:34:31.073838'}]",True,Passed basic checks,0,50,50,MEDIUM,5,WAIT,รอการวิเคราะห์จาก AI
2026-06-26 08:37:00,0.86122,0.86123,0.86118,0.861225,205.0,EURGBP,BEARISH,0.861231,0.861304,0.861398,0.861537,0.861602,0.861637,BEARISH,0.861645,0.861158,0.000486,0.000442,0.0,30.16,-0.000113,-9e-05,-2.3e-05,3.49,5.91,9.4e-05,21.11,-1.03,9.3e-05,8.5e-05,42.54,8.71,30.74,55.84,-0.0476,1176,757.0,1.554,False,RISING,-4.4e-05,-1.4e-05,-1.3e-05,0.86116,0.861635,0.861187,0.861213,0.861252,0.861148,0.861122,20,5.05,0.861207,0.861229,51.67,-4e-05,-5e-05,65.04,38.88,4.3e-05,0.861155,0.861285,0.861266,0.861154,205,1.195,0.861225,0.86123,0.86118,0.86122,ASIAN,62494,HIGH,0.861225,0.86123,0.86118,0.86122,ASIAN,62494,HIGH,NONE,BEARISH,WEAK,LOW,BEARISH,CHOPPY,True,NONE,44,40,-46.666666666666664,67,NEUTRAL,False,70,[],0,0,NEUTRAL,BEARISH,40,True,REJECTION,25,False,False,True,70,False,0,100,DOWN,NONE,DOWN,0,True,75,70,30,80,False,True,CONTINUATION,70,True,85.0,BEARISH,False,NONE,False,False,0,False,60,42.71356783919823,19.422572178477385,70.0,44,FAIR,False,75,72,-0.08415193191593573,9,80.0,True,RANDOM,70,48.13146506555209,2.312256867808971,True,MOMENTUM_SHIFT,False,True,True,35,False,70,DOWN,60,CORRECTIVE,LOW,DOWN,60,-0.0476,CORRECTIVE,55,30,50,STRONG,NONE,75,40,85,LOW,58,40,60,-1.03,False,65,1.099547511312217,69.1572488687783,RANGING,90,False,NONE,0.861148,0.861213,0.861187,FAR,30,50,85,50,NONE,NONE,NONE,False,[],0,0,SIDEWAY_RANGE,SIDEWAY_RANGE,50,60,True,38,Price ranging between clear levels. Suitable for mean-reversion strategies.,1.554,0.5,False,False,False,False,0.3,0.3,True,False,True,18,False,[],0,NO,SIDEWAY_RANGE,Price ranging between clear levels. Suitable for mean-reversion strategies.,LOW,LOW,0.011,"[{'symbol': 'EURUSD-OTC', 'action': 'NO_TRADE', 'reason': 'ไม่พบข้อมูลตลาดที่ใช้วิเคราะห์ กรุณาส่งข้อมูลราคาและตัวชี้วัดเพื่อการประเมินสัญญาณ', 'timestamp': '2026-06-26T08:32:34.897087'}, {'symbol': 'EURGBP-OTC', 'action': 'NO_TRADE', 'reason': 'ไม่มีข้อมูลตลาด JSON กรุณาส่งข้อมูลราคาและตัวชี้วัดเพื่อวิเคราะห์สัญญาณ', 'timestamp': '2026-06-26T08:33:31.429741'}, {'symbol': 'EURGBP-OTC', 'action': 'NO_TRADE', 'reason': 'ไม่พบข้อมูลราคาหรือตัวชี้วัดตลาดในปัจจุบัน จึงไม่สามารถวิเคราะห์สัญญาณเทรดได้', 'timestamp': '2026-06-26T08:34:31.073838'}, {'symbol': 'EURUSD-OTC', 'action': 'NO_TRADE', 'reason': 'ตลาดอยู่ในภาวะ Sideways และไม่มีสัญญาณยืนยันเพียงพอจากตัวชี้วัดหลัก', 'timestamp': '2026-06-26T08:35:30.941270'}, {'symbol': 'EURUSD-OTC', 'action': 'NO_TRADE', 'reason': 'ไม่พบข้อมูลราคาและตัวชี้วัดตลาดปัจจุบัน จึงไม่สามารถวิเคราะห์สัญญาณได้อย่างถูกต้อง', 'timestamp': '2026-06-26T08:36:30.767342'}]",True,Passed basic checks,0,50,50,MEDIUM,5,WAIT,รอการวิเคราะห์จาก AI
2026-06-26 08:38:00,0.861215,0.861245,0.861185,0.861225,253.0,EURGBP,BEARISH,0.861231,0.861304,0.861398,0.861537,0.861602,0.861637,BEARISH,0.861645,0.861158,0.000486,0.000442,0.0,30.16,-0.000113,-9e-05,-2.3e-05,3.49,5.91,9.4e-05,21.11,-1.03,9.3e-05,8.5e-05,42.54,8.71,30.74,55.84,-0.0476,1176,757.0,1.554,False,RISING,-4.4e-05,-1.4e-05,-1.3e-05,0.86116,0.861635,0.861187,0.861213,0.861252,0.861148,0.861122,20,5.05,0.861213,0.861229,55.36,-3.5e-05,-4.7e-05,86.2,62.19,4.4e-05,0.861155,0.861285,0.861261,0.861156,253,1.448,0.861225,0.861245,0.861185,0.861215,ASIAN,62797,HIGH,0.861225,0.861245,0.861185,0.861215,ASIAN,62797,HIGH,NONE,BEARISH,WEAK,LOW,BEARISH,CHOPPY,True,NONE,44,40,-46.666666666666664,67,NEUTRAL,False,70,[],0,0,NEUTRAL,BEARISH,40,True,REJECTION,25,False,False,True,70,False,0,100,DOWN,NONE,DOWN,0,True,75,70,30,80,False,True,CONTINUATION,70,True,85.0,BEARISH,False,NONE,False,False,0,False,60,42.71356783919823,19.422572178477385,70.0,44,FAIR,False,75,72,-0.08415193191593573,9,80.0,True,RANDOM,70,48.13146506555209,2.312256867808971,True,MOMENTUM_SHIFT,False,True,True,35,False,70,DOWN,60,CORRECTIVE,LOW,DOWN,60,-0.0476,CORRECTIVE,55,30,50,STRONG,NONE,75,40,85,LOW,58,40,60,-1.03,False,65,1.099547511312217,69.1572488687783,RANGING,90,False,NONE,0.861148,0.861213,0.861187,FAR,30,50,85,50,NONE,NONE,NONE,False,[],0,0,SIDEWAY_RANGE,SIDEWAY_RANGE,50,60,True,38,Price ranging between clear levels. Suitable for mean-reversion strategies.,1.554,0.5,False,False,False,False,0.3,0.3,True,False,True,18,False,[],0,NO,SIDEWAY_RANGE,Price ranging between clear levels. Suitable for mean-reversion strategies.,LOW,LOW,0.011,"[{'symbol': 'EURGBP-OTC', 'action': 'NO_TRADE', 'reason': 'ไม่มีข้อมูลตลาด JSON กรุณาส่งข้อมูลราคาและตัวชี้วัดเพื่อวิเคราะห์สัญญาณ', 'timestamp': '2026-06-26T08:33:31.429741'}, {'symbol': 'EURGBP-OTC', 'action': 'NO_TRADE', 'reason': 'ไม่พบข้อมูลราคาหรือตัวชี้วัดตลาดในปัจจุบัน จึงไม่สามารถวิเคราะห์สัญญาณเทรดได้', 'timestamp': '2026-06-26T08:34:31.073838'}, {'symbol': 'EURUSD-OTC', 'action': 'NO_TRADE', 'reason': 'ตลาดอยู่ในภาวะ Sideways และไม่มีสัญญาณยืนยันเพียงพอจากตัวชี้วัดหลัก', 'timestamp': '2026-06-26T08:35:30.941270'}, {'symbol': 'EURUSD-OTC', 'action': 'NO_TRADE', 'reason': 'ไม่พบข้อมูลราคาและตัวชี้วัดตลาดปัจจุบัน จึงไม่สามารถวิเคราะห์สัญญาณได้อย่างถูกต้อง', 'timestamp': '2026-06-26T08:36:30.767342'}, {'symbol': 'EURGBP', 'action': 'NO_TRADE', 'reason': 'ไม่พบข้อมูลตลาดปัจจุบัน จึงไม่สามารถวิเคราะห์สัญญาณซื้อขายได้', 'timestamp': '2026-06-26T08:37:30.617316'}]",True,Passed basic checks,0,50,50,MEDIUM,5,WAIT,รอการวิเคราะห์จาก AI
2026-06-26 08:39:00,0.861235,0.86124,0.86115,0.861155,206.0,EURGBP,BEARISH,0.861231,0.861304,0.861398,0.861537,0.861602,0.861637,BEARISH,0.861645,0.861158,0.000486,0.000442,0.0,30.16,-0.000113,-9e-05,-2.3e-05,3.49,5.91,9.4e-05,21.11,-1.03,9.3e-05,8.5e-05,42.54,8.71,30.74,55.84,-0.0476,1176,757.0,1.554,False,RISING,-4.4e-05,-1.4e-05,-1.3e-05,0.86116,0.861635,0.861187,0.861213,0.861252,0.861148,0.861122,20,5.05,0.861194,0.861222,44.93,-3.7e-05,-4.5e-05,58.79,70.01,4.8e-05,0.86115,0.86128,0.861255,0.861152,206,1.151,0.861155,0.86124,0.86115,0.861235,ASIAN,63239,HIGH,0.861155,0.86124,0.86115,0.861235,ASIAN,63239,HIGH,NONE,BEARISH,WEAK,LOW,BEARISH,CHOPPY,True,TESTING_SUPPORT,44,40,-46.666666666666664,67,NEUTRAL,False,70,[],0,0,NEUTRAL,BEARISH,40,True,REJECTION,25,False,False,True,70,False,0,100,DOWN,NONE,DOWN,0,True,75,70,30,80,False,True,CONTINUATION,70,True,85.0,BEARISH,False,NONE,False,False,0,False,60,42.71356783919823,19.422572178477385,70.0,44,FAIR,False,75,72,-0.08415193191593573,9,80.0,True,RANDOM,70,48.13146506555209,2.312256867808971,True,MOMENTUM_SHIFT,False,True,True,35,False,70,DOWN,60,CORRECTIVE,LOW,DOWN,60,-0.0476,CORRECTIVE,55,30,50,STRONG,NONE,75,40,85,LOW,58,40,60,-1.03,False,65,1.099547511312217,69.1572488687783,RANGING,90,False,NONE,0.861148,0.861213,0.861187,FAR,30,50,85,50,NONE,NONE,NONE,False,[],0,0,SIDEWAY_RANGE,SIDEWAY_RANGE,50,60,True,38,Price ranging between clear levels. Suitable for mean-reversion strategies.,1.554,0.5,False,False,False,False,0.3,0.3,True,False,True,18,False,[],0,NO,SIDEWAY_RANGE,Price ranging between clear levels. Suitable for mean-reversion strategies.,LOW,LOW,0.011,"[{'symbol': 'EURGBP-OTC', 'action': 'NO_TRADE', 'reason': 'ไม่พบข้อมูลราคาหรือตัวชี้วัดตลาดในปัจจุบัน จึงไม่สามารถวิเคราะห์สัญญาณเทรดได้', 'timestamp': '2026-06-26T08:34:31.073838'}, {'symbol': 'EURUSD-OTC', 'action': 'NO_TRADE', 'reason': 'ตลาดอยู่ในภาวะ Sideways และไม่มีสัญญาณยืนยันเพียงพอจากตัวชี้วัดหลัก', 'timestamp': '2026-06-26T08:35:30.941270'}, {'symbol': 'EURUSD-OTC', 'action': 'NO_TRADE', 'reason': 'ไม่พบข้อมูลราคาและตัวชี้วัดตลาดปัจจุบัน จึงไม่สามารถวิเคราะห์สัญญาณได้อย่างถูกต้อง', 'timestamp': '2026-06-26T08:36:30.767342'}, {'symbol': 'EURGBP', 'action': 'NO_TRADE', 'reason': 'ไม่พบข้อมูลตลาดปัจจุบัน จึงไม่สามารถวิเคราะห์สัญญาณซื้อขายได้', 'timestamp': '2026-06-26T08:37:30.617316'}, {'symbol': 'EURGBP', 'action': 'NO_TRADE', 'reason': 'ไม่พบข้อมูลราคาตลาดปัจจุบัน ไม่สามารถวิเคราะห์สัญญาณทางเทคนิคได้', 'timestamp': '2026-06-26T08:38:30.776539'}]",True,Passed basic checks,0,50,50,MEDIUM,5,WAIT,รอการวิเคราะห์จาก AI
2026-06-26 08:41:00,0.861155,0.861165,0.86114,0.861145,135.0,EURGBP,BEARISH,0.861204,0.861276,0.861374,0.861522,0.861591,0.861615,BEARISH,0.86164,0.861124,0.000516,0.000442,0.0,28.46,-0.000119,-9.6e-05,-2.3e-05,2.29,3.64,9.6e-05,24.12,-0.97,9.4e-05,8.6e-05,43.06,9.55,28.47,49.78,-0.0354,1143,795.4,1.437,False,RISING,-3.8e-05,-1.5e-05,-1.4e-05,0.861145,0.861595,0.86118,0.861215,0.86128,0.861115,0.86108,20,4.69,0.861168,0.861208,41.18,-4e-05,-4.3e-05,5.01,31.05,4.5e-05,0.86114,0.861265,0.861245,0.861142,135,0.75,0.861145,0.861165,0.86114,0.861155,ASIAN,63102,HIGH,0.861145,0.861165,0.86114,0.861155,ASIAN,63102,HIGH,SHOOTING_STAR,BEARISH,WEAK,LOW,BEARISH,CHOPPY,True,TESTING_SUPPORT,42,40,-53.333333333333336,67,NEUTRAL,False,70,['SHOOTING_STAR'],1,20,BEARISH,BEARISH,60,True,REJECTION,25,False,False,True,70,False,0,100,DOWN,NONE,DOWN,0,True,75,70,30,80,False,True,CONTINUATION,70,True,85.0,BEARISH,False,NONE,False,False,0,False,60,40.932642487050444,15.48556430446485,70.0,42,FAIR,False,75,72,-0.05580997689347062,10,80.0,True,RANDOM,70,49.04824850764423,1.403242842336839,True,STRUCTURE_BREAK,False,False,True,70,True,70,DOWN,60,CORRECTIVE,LOW,DOWN,60,-0.0354,CORRECTIVE,55,30,50,STRONG,NONE,80,40,90,LOW,58,40,60,-0.97,False,65,1.1674208144796379,59.96191855203622,RANGING,90,False,NONE,0.861115,0.861215,0.86118,FAR,30,50,85,50,NONE,NONE,NONE,False,[],0,0,SIDEWAY_RANGE,SIDEWAY_RANGE,50,60,True,38,Price ranging between clear levels. Suitable for mean-reversion strategies.,1.437,0.5,False,False,False,False,0.3,0.3,True,False,False,18,False,[],0,NO,SIDEWAY_RANGE,Price ranging between clear levels. Suitable for mean-reversion strategies.,LOW,LOW,0.011,"[{'symbol': 'EURUSD-OTC', 'action': 'NO_TRADE', 'reason': 'ไม่พบข้อมูลราคาและตัวชี้วัดตลาดปัจจุบัน จึงไม่สามารถวิเคราะห์สัญญาณได้อย่างถูกต้อง', 'timestamp': '2026-06-26T08:36:30.767342'}, {'symbol': 'EURGBP', 'action': 'NO_TRADE', 'reason': 'ไม่พบข้อมูลตลาดปัจจุบัน จึงไม่สามารถวิเคราะห์สัญญาณซื้อขายได้', 'timestamp': '2026-06-26T08:37:30.617316'}, {'symbol': 'EURGBP', 'action': 'NO_TRADE', 'reason': 'ไม่พบข้อมูลราคาตลาดปัจจุบัน ไม่สามารถวิเคราะห์สัญญาณทางเทคนิคได้', 'timestamp': '2026-06-26T08:38:30.776539'}, {'symbol': 'EURGBP-OTC', 'action': 'NO_TRADE', 'reason': 'ไม่พบข้อมูลตลาด JSON ที่ต้องวิเคราะห์ จึงไม่สามารถประเมินสัญญาณได้', 'timestamp': '2026-06-26T08:39:36.609211'}, {'symbol': 'EURGBP-OTC', 'action': 'NO_TRADE', 'reason': 'ไม่พบข้อมูลตลาดปัจจุบัน ไม่สามารถวิเคราะห์แนวโน้มและสัญญาณทางเทคนิคได้', 'timestamp': '2026-06-26T08:40:34.164679'}]",True,Passed basic checks,0,50,50,MEDIUM,5,WAIT,รอการวิเคราะห์จาก AI
2026-06-26 08:43:00,0.861145,0.861165,0.86114,0.861165,48.0,EURGBP,BEARISH,0.861204,0.861276,0.861374,0.861522,0.861591,0.861615,BEARISH,0.86164,0.861124,0.000516,0.000442,0.0,28.46,-0.000119,-9.6e-05,-2.3e-05,2.29,3.64,9.6e-05,24.12,-0.97,9.4e-05,8.6e-05,43.06,9.55,28.47,49.78,-0.0354,1143,795.4,1.437,False,RISING,-3.8e-05,-1.5e-05,-1.4e-05,0.861145,0.861595,0.86118,0.861215,0.86128,0.861115,0.86108,20,4.69,0.861162,0.861199,41.94,-3.8e-05,-4.2e-05,20.25,11.73,4.4e-05,0.86112,0.861245,0.861242,0.861133,48,0.273,0.861165,0.861165,0.86114,0.861145,ASIAN,62989,HIGH,0.861165,0.861165,0.86114,0.861145,ASIAN,62989,HIGH,SHOOTING_STAR,BEARISH,WEAK,LOW,BEARISH,CHOPPY,True,TESTING_SUPPORT,42,40,-53.333333333333336,67,NEUTRAL,False,70,['SHOOTING_STAR'],1,20,BEARISH,BEARISH,60,True,REJECTION,25,False,False,True,70,False,0,100,DOWN,NONE,DOWN,0,True,75,70,30,80,False,True,CONTINUATION,70,True,85.0,BEARISH,False,NONE,False,False,0,False,60,40.932642487050444,15.48556430446485,70.0,42,FAIR,False,75,72,-0.05580997689347062,10,80.0,True,RANDOM,70,49.04824850764423,1.403242842336839,True,STRUCTURE_BREAK,False,False,True,70,True,70,DOWN,60,CORRECTIVE,LOW,DOWN,60,-0.0354,CORRECTIVE,55,30,50,STRONG,NONE,80,40,90,LOW,58,40,60,-0.97,False,65,1.1674208144796379,59.96191855203622,RANGING,90,False,NONE,0.861115,0.861215,0.86118,FAR,30,50,85,50,NONE,NONE,NONE,False,[],0,0,SIDEWAY_RANGE,SIDEWAY_RANGE,50,60,True,38,Price ranging between clear levels. Suitable for mean-reversion strategies.,1.437,0.5,False,False,False,False,0.3,0.3,True,False,False,18,False,[],0,NO,SIDEWAY_RANGE,Price ranging between clear levels. Suitable for mean-reversion strategies.,LOW,LOW,0.011,"[{'symbol': 'EURGBP', 'action': 'NO_TRADE', 'reason': 'ไม่พบข้อมูลราคาตลาดปัจจุบัน ไม่สามารถวิเคราะห์สัญญาณทางเทคนิคได้', 'timestamp': '2026-06-26T08:38:30.776539'}, {'symbol': 'EURGBP-OTC', 'action': 'NO_TRADE', 'reason': 'ไม่พบข้อมูลตลาด JSON ที่ต้องวิเคราะห์ จึงไม่สามารถประเมินสัญญาณได้', 'timestamp': '2026-06-26T08:39:36.609211'}, {'symbol': 'EURGBP-OTC', 'action': 'NO_TRADE', 'reason': 'ไม่พบข้อมูลตลาดปัจจุบัน ไม่สามารถวิเคราะห์แนวโน้มและสัญญาณทางเทคนิคได้', 'timestamp': '2026-06-26T08:40:34.164679'}, {'symbol': 'EURGBP-OTC', 'action': 'NO_TRADE', 'reason': 'ไม่พบข้อมูลตลาดที่จำเป็นในการวิเคราะห์ จำเป็นต้องมีราคาและตัวชี้วัดทางเทคนิคเพื่อประเมินสัญญาณ', 'timestamp': '2026-06-26T08:41:36.518511'}, {'symbol': 'EURGBP-OTC', 'action': 'NO_TRADE', 'reason': 'ยังไม่มีข้อมูลราคาหรือตัวชี้วัดตลาดในขณะนี้ ไม่สามารถวิเคราะห์สัญญาณได้', 'timestamp': '2026-06-26T08:42:33.780504'}]",True,Passed basic checks,0,50,50,MEDIUM,5,WAIT,รอการวิเคราะห์จาก AI
2026-06-26 08:45:00,0.861165,0.8612,0.861155,0.861195,103.0,EURGBP,BEARISH,0.861201,0.861261,0.861357,0.861509,0.861585,0.861626,BEARISH,0.861638,0.8611,0.000538,0.000443,16.07,28.46,-0.000118,-0.0001,-1.8e-05,6.78,4.19,9.7e-05,25.13,-0.94,9.5e-05,8.7e-05,43.71,8.97,28.64,52.28,-0.0273,438,764.3,0.573,False,RISING,-3.3e-05,-1.7e-05,-1.5e-05,0.86112,0.861595,0.861172,0.861223,0.861252,0.861143,0.861092,21,4.9,0.861175,0.861196,45.1,-3.2e-05,-3.9e-05,45.33,32.53,4.2e-05,0.86112,0.861245,0.861241,0.861132,103,0.592,0.861195,0.8612,0.861155,0.861165,ASIAN,62816,HIGH,0.861195,0.8612,0.861155,0.861165,ASIAN,62816,HIGH,NONE,BULLISH,WEAK,HIGH,BEARISH,CHOPPY,True,NONE,43,36,-46.666666666666664,61,NEUTRAL,False,70,[],0,0,NEUTRAL,BULLISH,40,True,BEAR_TRAP,50,True,False,False,70,False,0,100,DOWN,NONE,DOWN,0,True,75,70,30,80,False,True,CONTINUATION,70,True,60.0,BEARISH,False,NONE,False,False,0,False,60,27.472527472522113,14.13043478260509,65.0,35,POOR,False,75,72,-0.07575208058241764,10,80.0,True,RANDOM,70,49.00346930091584,1.3466325770062644,True,STRUCTURE_BREAK,False,False,True,70,True,70,DOWN,60,CORRECTIVE,NORMAL,DOWN,60,-0.0273,CORRECTIVE,55,30,50,STRONG,NONE,80,40,90,NORMAL,58,40,60,-0.94,False,80,1.2144469525959367,54.451304740406336,RANGING,90,False,NONE,0.86112,0.861223,0.861172,FAR,30,50,85,50,NONE,NONE,NONE,False,[],0,0,BREAKOUT_EMERGING,BREAKOUT_EMERGING,53,70,True,38,"Volatility expansion after compression. Potential breakout opportunity. (breakout prob: 30%, reversal prob: 50%)",0.573,0.5,False,False,False,False,0.3,0.3,True,False,False,18,False,[],0,NO,BREAKOUT_EMERGING,"Volatility expansion after compression. Potential breakout opportunity. (breakout prob: 30%, reversal prob: 50%)",NORMAL,LOW,0.011,"[{'symbol': 'EURGBP-OTC', 'action': 'NO_TRADE', 'reason': 'ไม่พบข้อมูลตลาดปัจจุบัน ไม่สามารถวิเคราะห์แนวโน้มและสัญญาณทางเทคนิคได้', 'timestamp': '2026-06-26T08:40:34.164679'}, {'symbol': 'EURGBP-OTC', 'action': 'NO_TRADE', 'reason': 'ไม่พบข้อมูลตลาดที่จำเป็นในการวิเคราะห์ จำเป็นต้องมีราคาและตัวชี้วัดทางเทคนิคเพื่อประเมินสัญญาณ', 'timestamp': '2026-06-26T08:41:36.518511'}, {'symbol': 'EURGBP-OTC', 'action': 'NO_TRADE', 'reason': 'ยังไม่มีข้อมูลราคาหรือตัวชี้วัดตลาดในขณะนี้ ไม่สามารถวิเคราะห์สัญญาณได้', 'timestamp': '2026-06-26T08:42:33.780504'}, {'symbol': 'EURGBP-OTC', 'action': 'NO_TRADE', 'reason': 'ไม่พบข้อมูลราคาหรือตัวชี้วัดในปัจจุบัน ไม่สามารถวิเคราะห์สัญญาณเทรดได้อย่างแม่นยำ', 'timestamp': '2026-06-26T08:43:36.476846'}, {'symbol': 'EURGBP-OTC', 'action': 'NO_TRADE', 'reason': 'ไม่มีข้อมูลราคาและตัวชี้วัดทางเทคนิคในปัจจุบัน ไม่สามารถวิเคราะห์แนวโน้มและสัญญาณยืนยันได้', 'timestamp': '2026-06-26T08:44:34.904665'}]",True,Passed basic checks,0,50,50,MEDIUM,5,WAIT,รอการวิเคราะห์จาก AI
2026-06-26 08:47:00,0.86121,0.86125,0.861175,0.861225,166.0,EURGBP,BEARISH,0.861201,0.861261,0.861357,0.861509,0.861585,0.861626,BEARISH,0.861638,0.8611,0.000538,0.000443,16.07,28.46,-0.000118,-0.0001,-1.8e-05,6.78,4.19,9.7e-05,25.13,-0.94,9.5e-05,8.7e-05,43.71,8.97,28.64,52.28,-0.0273,438,764.3,0.573,False,RISING,-3.3e-05,-1.7e-05,-1.5e-05,0.86112,0.861595,0.861172,0.861223,0.861252,0.861143,0.861092,21,4.9,0.8612,0.8612,54.9,-2.2e-05,-3.3e-05,72.26,58.75,4.5e-05,0.86112,0.86125,0.861247,0.86113,166,0.967,0.861225,0.86125,0.861175,0.86121,ASIAN,62649,HIGH,0.861225,0.86125,0.861175,0.86121,ASIAN,62649,HIGH,NONE,BULLISH,WEAK,HIGH,BEARISH,CHOPPY,True,NONE,43,36,-46.666666666666664,61,NEUTRAL,False,70,[],0,0,NEUTRAL,BULLISH,40,True,BEAR_TRAP,50,True,False,False,70,False,0,100,DOWN,NONE,DOWN,0,True,75,70,30,80,False,True,CONTINUATION,70,True,60.0,BEARISH,False,NONE,False,False,0,False,60,27.472527472522113,14.13043478260509,65.0,35,POOR,False,75,72,-0.07575208058241764,10,80.0,True,RANDOM,70,49.00346930091584,1.3466325770062644,True,STRUCTURE_BREAK,False,False,True,70,True,70,DOWN,60,CORRECTIVE,NORMAL,DOWN,60,-0.0273,CORRECTIVE,55,30,50,STRONG,NONE,80,40,90,NORMAL,58,40,60,-0.94,False,80,1.2144469525959367,54.451304740406336,RANGING,90,False,NONE,0.86112,0.861223,0.861172,FAR,30,50,85,50,NONE,NONE,NONE,False,[],0,0,BREAKOUT_EMERGING,BREAKOUT_EMERGING,53,70,True,38,"Volatility expansion after compression. Potential breakout opportunity. (breakout prob: 30%, reversal prob: 50%)",0.573,0.5,False,False,False,False,0.3,0.3,True,False,False,18,False,[],0,NO,BREAKOUT_EMERGING,"Volatility expansion after compression. Potential breakout opportunity. (breakout prob: 30%, reversal prob: 50%)",NORMAL,LOW,0.011,"[{'symbol': 'EURGBP-OTC', 'action': 'NO_TRADE', 'reason': 'ยังไม่มีข้อมูลราคาหรือตัวชี้วัดตลาดในขณะนี้ ไม่สามารถวิเคราะห์สัญญาณได้', 'timestamp': '2026-06-26T08:42:33.780504'}, {'symbol': 'EURGBP-OTC', 'action': 'NO_TRADE', 'reason': 'ไม่พบข้อมูลราคาหรือตัวชี้วัดในปัจจุบัน ไม่สามารถวิเคราะห์สัญญาณเทรดได้อย่างแม่นยำ', 'timestamp': '2026-06-26T08:43:36.476846'}, {'symbol': 'EURGBP-OTC', 'action': 'NO_TRADE', 'reason': 'ไม่มีข้อมูลราคาและตัวชี้วัดทางเทคนิคในปัจจุบัน ไม่สามารถวิเคราะห์แนวโน้มและสัญญาณยืนยันได้', 'timestamp': '2026-06-26T08:44:34.904665'}, {'symbol': 'EURUSD-OTC', 'action': 'NO_TRADE', 'reason': 'ไม่พบข้อมูลราคาและตัวชี้วัดตลาดในปัจจุบัน จึงไม่สามารถวิเคราะห์สัญญาณเทคนิคได้', 'timestamp': '2026-06-26T08:45:31.331404'}, {'symbol': 'EURUSD-OTC', 'action': 'NO_TRADE', 'reason': 'ขาดข้อมูลราคาและตัวชี้วัดทางเทคนิคในปัจจุบัน ไม่สามารถวิเคราะห์สัญญาณได้อย่างถูกต้อง', 'timestamp': '2026-06-26T08:46:30.967724'}]",True,Passed basic checks,0,50,50,MEDIUM,5,WAIT,รอการวิเคราะห์จาก AI
2026-06-26 08:49:00,0.86123,0.861255,0.86119,0.861195,105.0,EURGBP,BEARISH,0.861201,0.861261,0.861357,0.861509,0.861585,0.861626,BEARISH,0.861638,0.8611,0.000538,0.000443,16.07,28.46,-0.000118,-0.0001,-1.8e-05,6.78,4.19,9.7e-05,25.13,-0.94,9.5e-05,8.7e-05,43.71,8.97,28.64,52.28,-0.0273,438,764.3,0.573,False,RISING,-3.3e-05,-1.7e-05,-1.5e-05,0.86112,0.861595,0.861172,0.861223,0.861252,0.861143,0.861092,21,4.9,0.861206,0.861203,53.85,-1.6e-05,-2.7e-05,74.93,76.31,4.6e-05,0.86112,0.861255,0.861251,0.861129,105,0.624,0.861195,0.861255,0.86119,0.86123,ASIAN,63432,HIGH,0.861195,0.861255,0.86119,0.86123,ASIAN,63432,HIGH,NONE,BULLISH,WEAK,HIGH,BEARISH,CHOPPY,True,NONE,43,36,-46.666666666666664,61,NEUTRAL,False,70,[],0,0,NEUTRAL,BULLISH,40,True,BEAR_TRAP,50,True,False,False,70,False,0,100,DOWN,NONE,DOWN,0,True,75,70,30,80,False,True,CONTINUATION,70,True,60.0,BEARISH,False,NONE,False,False,0,False,60,27.472527472522113,14.13043478260509,65.0,35,POOR,False,75,72,-0.07575208058241764,10,80.0,True,RANDOM,70,49.00346930091584,1.3466325770062644,True,STRUCTURE_BREAK,False,False,True,70,True,70,DOWN,60,CORRECTIVE,NORMAL,DOWN,60,-0.0273,CORRECTIVE,55,30,50,STRONG,NONE,80,40,90,NORMAL,58,40,60,-0.94,False,80,1.2144469525959367,54.451304740406336,RANGING,90,False,NONE,0.86112,0.861223,0.861172,FAR,30,50,85,50,NONE,NONE,NONE,False,[],0,0,BREAKOUT_EMERGING,BREAKOUT_EMERGING,53,70,True,38,"Volatility expansion after compression. Potential breakout opportunity. (breakout prob: 30%, reversal prob: 50%)",0.573,0.5,False,False,False,False,0.3,0.3,True,False,False,18,False,[],0,NO,BREAKOUT_EMERGING,"Volatility expansion after compression. Potential breakout opportunity. (breakout prob: 30%, reversal prob: 50%)",NORMAL,LOW,0.011,"[{'symbol': 'EURGBP-OTC', 'action': 'NO_TRADE', 'reason': 'ไม่มีข้อมูลราคาและตัวชี้วัดทางเทคนิคในปัจจุบัน ไม่สามารถวิเคราะห์แนวโน้มและสัญญาณยืนยันได้', 'timestamp': '2026-06-26T08:44:34.904665'}, {'symbol': 'EURUSD-OTC', 'action': 'NO_TRADE', 'reason': 'ไม่พบข้อมูลราคาและตัวชี้วัดตลาดในปัจจุบัน จึงไม่สามารถวิเคราะห์สัญญาณเทคนิคได้', 'timestamp': '2026-06-26T08:45:31.331404'}, {'symbol': 'EURUSD-OTC', 'action': 'NO_TRADE', 'reason': 'ขาดข้อมูลราคาและตัวชี้วัดทางเทคนิคในปัจจุบัน ไม่สามารถวิเคราะห์สัญญาณได้อย่างถูกต้อง', 'timestamp': '2026-06-26T08:46:30.967724'}, {'symbol': 'EURUSD', 'action': 'NO_TRADE', 'reason': 'ไม่มีข้อมูลตลาดให้วิเคราะห์ ไม่สามารถประเมินสัญญาณทางเทคนิคได้', 'timestamp': '2026-06-26T08:47:36.189856'}, {'symbol': 'EURUSD', 'action': 'NO_TRADE', 'reason': 'ไม่มีข้อมูลราคาและตัวชี้วัดทางเทคนิคในปัจจุบัน ไม่สามารถวิเคราะห์แนวโน้มหรือสัญญาณใดๆได้', 'timestamp': '2026-06-26T08:48:34.668028'}]",True,Passed basic checks,0,50,50,MEDIUM,5,WAIT,รอการวิเคราะห์จาก AI
2026-06-26 08:51:00,0.861215,0.86129,0.86119,0.86126,128.0,EURGBP,BEARISH,0.861207,0.861254,0.861344,0.861498,0.861577,0.86162,BEARISH,0.861631,0.861084,0.000547,0.000445,25.45,21.85,-0.000114,-0.000103,-1.1e-05,12.65,7.24,9.6e-05,23.62,-0.95,9.5e-05,8.7e-05,43.18,12.59,26.9,36.24,-0.0203,647,743.2,0.871,False,FALLING,-2.6e-05,-1.8e-05,-1.5e-05,0.86112,0.861595,0.861217,0.861258,0.861297,0.861178,0.861137,22,4.95,0.861227,0.86121,56.36,-7e-06,-2.1e-05,70.66,72.76,4.7e-05,0.86112,0.86129,0.861262,0.861126,128,0.774,0.86126,0.86129,0.86119,0.861215,ASIAN,63337,HIGH,0.86126,0.86129,0.86119,0.861215,ASIAN,63337,HIGH,NONE,BULLISH,WEAK,HIGH,BEARISH,CHOPPY,True,NONE,41,36,-40.0,62,NEUTRAL,False,70,[],0,0,NEUTRAL,BULLISH,40,True,BEAR_TRAP,50,True,False,False,70,False,0,100,DOWN,NONE,DOWN,0,True,75,55,45,80,False,True,NEUTRAL,70,False,0.0,NONE,False,NONE,False,False,0,False,60,25.405405405402032,11.021505376345482,65.0,33,POOR,False,75,72,-0.056134742817464896,10,80.0,True,RANDOM,70,49.47734670708909,0.8096018201696615,False,NONE,False,False,False,100,True,70,DOWN,40,CORRECTIVE,LOW,DOWN,40,-0.0203,CORRECTIVE,55,30,50,STRONG,NONE,80,40,90,LOW,58,40,60,-0.95,False,65,1.2292134831460675,54.18265168539325,RANGING,90,False,NONE,0.86112,0.861258,0.861217,FAR,30,50,85,50,NONE,NONE,NONE,False,[],0,0,BREAKOUT_EMERGING,BREAKOUT_EMERGING,54,70,True,38,"Volatility expansion after compression. Potential breakout opportunity. (breakout prob: 30%, reversal prob: 50%)",0.871,0.5,False,True,False,False,0.3,0.3,True,False,False,18,False,[],0,NO,BREAKOUT_EMERGING,"Volatility expansion after compression. Potential breakout opportunity. (breakout prob: 30%, reversal prob: 50%)",LOW,LOW,0.011,"[{'symbol': 'EURUSD-OTC', 'action': 'NO_TRADE', 'reason': 'ไม่พบข้อมูลราคาและตัวชี้วัดตลาดในปัจจุบัน จึงไม่สามารถวิเคราะห์สัญญาณเทคนิคได้', 'timestamp': '2026-06-26T08:45:31.331404'}, {'symbol': 'EURUSD-OTC', 'action': 'NO_TRADE', 'reason': 'ขาดข้อมูลราคาและตัวชี้วัดทางเทคนิคในปัจจุบัน ไม่สามารถวิเคราะห์สัญญาณได้อย่างถูกต้อง', 'timestamp': '2026-06-26T08:46:30.967724'}, {'symbol': 'EURUSD', 'action': 'NO_TRADE', 'reason': 'ไม่มีข้อมูลตลาดให้วิเคราะห์ ไม่สามารถประเมินสัญญาณทางเทคนิคได้', 'timestamp': '2026-06-26T08:47:36.189856'}, {'symbol': 'EURUSD', 'action': 'NO_TRADE', 'reason': 'ไม่มีข้อมูลราคาและตัวชี้วัดทางเทคนิคในปัจจุบัน ไม่สามารถวิเคราะห์แนวโน้มหรือสัญญาณใดๆได้', 'timestamp': '2026-06-26T08:48:34.668028'}, {'symbol': 'EURUSD-OTC', 'action': 'NO_TRADE', 'reason': 'ไม่พบข้อมูลตลาด JSON ที่ใช้วิเคราะห์ กรุณาส่งข้อมูลราคาและตัวชี้วัด', 'timestamp': '2026-06-26T08:49:36.532028'}]",True,Passed basic checks,0,50,50,MEDIUM,5,WAIT,รอการวิเคราะห์จาก AI
2026-06-26 08:53:00,0.86126,0.86127,0.861235,0.861255,191.0,EURGBP,BEARISH,0.861207,0.861254,0.861344,0.861498,0.861577,0.86162,BEARISH,0.861631,0.861084,0.000547,0.000445,25.45,21.85,-0.000114,-0.000103,-1.1e-05,12.65,7.24,9.6e-05,23.62,-0.95,9.5e-05,8.7e-05,43.18,12.59,26.9,36.24,-0.0203,647,743.2,0.871,False,FALLING,-2.6e-05,-1.8e-05,-1.5e-05,0.86112,0.861595,0.861217,0.861258,0.861297,0.861178,0.861137,22,4.95,0.861245,0.861219,72.73,1e-06,-1.3e-05,80.78,77.07,4.3e-05,0.86112,0.861295,0.86128,0.861121,191,1.19,0.861255,0.86127,0.861235,0.86126,ASIAN,62957,HIGH,0.861255,0.86127,0.861235,0.86126,ASIAN,62957,HIGH,NONE,BULLISH,WEAK,HIGH,BEARISH,CHOPPY,True,NONE,41,36,-40.0,62,NEUTRAL,False,70,[],0,0,NEUTRAL,BULLISH,40,True,BEAR_TRAP,50,True,False,False,70,False,0,100,DOWN,NONE,DOWN,0,True,75,55,45,80,False,True,NEUTRAL,70,False,0.0,NONE,False,NONE,False,False,0,False,60,25.405405405402032,11.021505376345482,65.0,33,POOR,False,75,72,-0.056134742817464896,10,80.0,True,RANDOM,70,49.47734670708909,0.8096018201696615,False,NONE,False,False,False,100,True,70,DOWN,40,CORRECTIVE,LOW,DOWN,40,-0.0203,CORRECTIVE,55,30,50,STRONG,NONE,80,40,90,LOW,58,40,60,-0.95,False,65,1.2292134831460675,54.18265168539325,RANGING,90,False,NONE,0.86112,0.861258,0.861217,FAR,30,50,85,50,NONE,NONE,NONE,False,[],0,0,BREAKOUT_EMERGING,BREAKOUT_EMERGING,54,70,True,38,"Volatility expansion after compression. Potential breakout opportunity. (breakout prob: 30%, reversal prob: 50%)",0.871,0.5,False,True,False,False,0.3,0.3,True,False,False,18,False,[],0,NO,BREAKOUT_EMERGING,"Volatility expansion after compression. Potential breakout opportunity. (breakout prob: 30%, reversal prob: 50%)",LOW,LOW,0.011,"[{'symbol': 'EURUSD', 'action': 'NO_TRADE', 'reason': 'ไม่มีข้อมูลตลาดให้วิเคราะห์ ไม่สามารถประเมินสัญญาณทางเทคนิคได้', 'timestamp': '2026-06-26T08:47:36.189856'}, {'symbol': 'EURUSD', 'action': 'NO_TRADE', 'reason': 'ไม่มีข้อมูลราคาและตัวชี้วัดทางเทคนิคในปัจจุบัน ไม่สามารถวิเคราะห์แนวโน้มหรือสัญญาณใดๆได้', 'timestamp': '2026-06-26T08:48:34.668028'}, {'symbol': 'EURUSD-OTC', 'action': 'NO_TRADE', 'reason': 'ไม่พบข้อมูลตลาด JSON ที่ใช้วิเคราะห์ กรุณาส่งข้อมูลราคาและตัวชี้วัด', 'timestamp': '2026-06-26T08:49:36.532028'}, {'symbol': 'EURUSD', 'action': 'NO_TRADE', 'reason': 'ไม่พบข้อมูลตลาด JSON ที่จำเป็นสำหรับการวิเคราะห์ ขาดตัวชี้วัดทางเทคนิคและราคาปัจจุบัน', 'timestamp': '2026-06-26T08:51:31.704110'}, {'symbol': 'EURUSD', 'action': 'NO_TRADE', 'reason': 'แนวโน้มขาข้างเคียง สัญญาณ RSI และ MACD ยังไม่ชัดเจน ขาดการยืนยันจากวอลุ่มและแนวรับแนวต้านสำคัญ', 'timestamp': '2026-06-26T08:52:30.335386'}]",True,Passed basic checks,0,50,50,MEDIUM,5,WAIT,รอการวิเคราะห์จาก AI
2026-06-26 08:55:00,0.86123,0.861245,0.861215,0.86122,140.0,EURGBP,BEARISH,0.861212,0.861248,0.861332,0.861487,0.861571,0.861618,BEARISH,0.861626,0.861069,0.000557,0.000447,37.84,23.01,-0.00011,-0.000104,-6e-06,19.3,12.91,0.0001,29.15,-0.88,9.6e-05,8.8e-05,41.94,14.6,24.78,25.85,-0.0192,750,735.5,1.02,False,FALLING,-1.8e-05,-1.9e-05,-1.6e-05,0.86112,0.861595,0.861235,0.86128,0.86134,0.861175,0.86113,23,4.75,0.861234,0.86122,65.31,1e-06,-8e-06,66.67,74.23,4.4e-05,0.86112,0.861295,0.861284,0.861128,140,0.94,0.86122,0.861245,0.861215,0.86123,ASIAN,62831,HIGH,0.86122,0.861245,0.861215,0.86123,ASIAN,62831,HIGH,DOJI,BULLISH,WEAK,HIGH,NEUTRAL,CHOPPY,True,NONE,41,36,-33.33333333333333,61,NEUTRAL,False,70,['DOJI'],1,20,NEUTRAL,BULLISH,60,True,BEAR_TRAP,75,True,False,True,70,False,0,100,DOWN,NONE,DOWN,0,True,75,55,45,80,False,True,NEUTRAL,70,False,0.0,NONE,False,NONE,False,False,0,False,60,22.905027932959783,6.31578947368501,60.0,29,POOR,False,75,72,-0.05450830381277116,10,80.0,True,RANDOM,70,53.68563826268707,0.19540508832558018,False,NONE,False,False,False,100,True,70,DOWN,40,CHOPPY,NORMAL,DOWN,40,-0.0192,CHOPPY,55,30,50,STRONG,NONE,80,40,90,NORMAL,58,40,60,-0.88,False,80,1.2460850111856823,48.07149888143178,RANGING,90,False,NONE,0.86112,0.86128,0.861235,FAR,30,50,85,50,NONE,NONE,NONE,False,[],0,0,SIDEWAY_RANGE,SIDEWAY_RANGE,53,60,True,37,Price ranging between clear levels. Suitable for mean-reversion strategies.,1.02,0.5,False,True,False,False,0.3,0.3,True,False,False,18,False,[],0,NO,SIDEWAY_RANGE,Price ranging between clear levels. Suitable for mean-reversion strategies.,NORMAL,LOW,0.012,"[{'symbol': 'EURUSD-OTC', 'action': 'NO_TRADE', 'reason': 'ไม่พบข้อมูลตลาด JSON ที่ใช้วิเคราะห์ กรุณาส่งข้อมูลราคาและตัวชี้วัด', 'timestamp': '2026-06-26T08:49:36.532028'}, {'symbol': 'EURUSD', 'action': 'NO_TRADE', 'reason': 'ไม่พบข้อมูลตลาด JSON ที่จำเป็นสำหรับการวิเคราะห์ ขาดตัวชี้วัดทางเทคนิคและราคาปัจจุบัน', 'timestamp': '2026-06-26T08:51:31.704110'}, {'symbol': 'EURUSD', 'action': 'NO_TRADE', 'reason': 'แนวโน้มขาข้างเคียง สัญญาณ RSI และ MACD ยังไม่ชัดเจน ขาดการยืนยันจากวอลุ่มและแนวรับแนวต้านสำคัญ', 'timestamp': '2026-06-26T08:52:30.335386'}, {'symbol': 'EURUSD', 'action': 'NO_TRADE', 'reason': 'ไม่พบข้อมูลราคาหรือตัวบ่งชี้ทางเทคนิคในระบบ จึงไม่สามารถวิเคราะห์สัญญาณซื้อขายได้', 'timestamp': '2026-06-26T08:53:31.968448'}, {'symbol': 'EURUSD', 'action': 'NO_TRADE', 'reason': 'ไม่ได้รับข้อมูลราคาหรือตัวบ่งชี้ทางเทคนิคจากตลาดปัจจุบัน จึงไม่สามารถวิเคราะห์ได้', 'timestamp': '2026-06-26T08:54:31.220286'}]",True,Passed basic checks,0,50,50,MEDIUM,5,WAIT,รอการวิเคราะห์จาก AI
2026-06-26 08:56:00,0.86122,0.86123,0.861205,0.86121,134.0,EURGBP,BEARISH,0.861212,0.861248,0.861332,0.861487,0.861571,0.861618,BEARISH,0.861626,0.861069,0.000557,0.000447,37.84,23.01,-0.00011,-0.000104,-6e-06,19.3,12.91,0.0001,29.15,-0.88,9.6e-05,8.8e-05,41.94,14.6,24.78,25.85,-0.0192,750,735.5,1.02,False,FALLING,-1.8e-05,-1.9e-05,-1.6e-05,0.86112,0.861595,0.861235,0.86128,0.86134,0.861175,0.86113,23,4.75,0.861226,0.861219,62.75,-0.0,-6e-06,56.01,65.97,4.4e-05,0.86112,0.861295,0.861283,0.861128,134,0.979,0.86121,0.86123,0.861205,0.86122,ASIAN,63191,HIGH,0.86121,0.86123,0.861205,0.86122,ASIAN,63191,HIGH,DOJI,BULLISH,WEAK,HIGH,NEUTRAL,CHOPPY,True,NONE,41,36,-33.33333333333333,61,NEUTRAL,False,70,['DOJI'],1,20,NEUTRAL,BULLISH,60,True,BEAR_TRAP,75,True,False,True,70,False,0,100,DOWN,NONE,DOWN,0,True,75,55,45,80,False,True,NEUTRAL,70,False,0.0,NONE,False,NONE,False,False,0,False,60,22.905027932959783,6.31578947368501,60.0,29,POOR,False,75,72,-0.05450830381277116,10,80.0,True,RANDOM,70,53.68563826268707,0.19540508832558018,False,NONE,False,False,False,100,True,70,DOWN,40,CHOPPY,NORMAL,DOWN,40,-0.0192,CHOPPY,55,30,50,STRONG,NONE,80,40,90,NORMAL,58,40,60,-0.88,False,80,1.2460850111856823,48.07149888143178,RANGING,90,False,NONE,0.86112,0.86128,0.861235,FAR,30,50,85,50,NONE,NONE,NONE,False,[],0,0,BREAKOUT_EMERGING,BREAKOUT_EMERGING,53,70,True,37,"Volatility expansion after compression. Potential breakout opportunity. (breakout prob: 30%, reversal prob: 50%)",1.02,0.5,False,True,False,False,0.3,0.3,True,False,False,18,False,[],0,NO,BREAKOUT_EMERGING,"Volatility expansion after compression. Potential breakout opportunity. (breakout prob: 30%, reversal prob: 50%)",NORMAL,LOW,0.012,"[{'symbol': 'EURUSD', 'action': 'NO_TRADE', 'reason': 'ไม่พบข้อมูลตลาด JSON ที่จำเป็นสำหรับการวิเคราะห์ ขาดตัวชี้วัดทางเทคนิคและราคาปัจจุบัน', 'timestamp': '2026-06-26T08:51:31.704110'}, {'symbol': 'EURUSD', 'action': 'NO_TRADE', 'reason': 'แนวโน้มขาข้างเคียง สัญญาณ RSI และ MACD ยังไม่ชัดเจน ขาดการยืนยันจากวอลุ่มและแนวรับแนวต้านสำคัญ', 'timestamp': '2026-06-26T08:52:30.335386'}, {'symbol': 'EURUSD', 'action': 'NO_TRADE', 'reason': 'ไม่พบข้อมูลราคาหรือตัวบ่งชี้ทางเทคนิคในระบบ จึงไม่สามารถวิเคราะห์สัญญาณซื้อขายได้', 'timestamp': '2026-06-26T08:53:31.968448'}, {'symbol': 'EURUSD', 'action': 'NO_TRADE', 'reason': 'ไม่ได้รับข้อมูลราคาหรือตัวบ่งชี้ทางเทคนิคจากตลาดปัจจุบัน จึงไม่สามารถวิเคราะห์ได้', 'timestamp': '2026-06-26T08:54:31.220286'}, {'symbol': 'EURGBP', 'action': 'NO_TRADE', 'reason': 'ไม่พบข้อมูลราคาตลาด JSON ที่จำเป็นในการวิเคราะห์ทางเทคนิค จึงไม่สามารถประเมินสัญญาณได้', 'timestamp': '2026-06-26T08:55:30.979077'}]",True,Passed basic checks,0,50,50,MEDIUM,5,WAIT,รอการวิเคราะห์จาก AI
2026-06-26 08:57:00,0.861205,0.861225,0.861185,0.861195,249.0,EURGBP,BEARISH,0.861212,0.861248,0.861332,0.861487,0.861571,0.861618,BEARISH,0.861626,0.861069,0.000557,0.000447,37.84,23.01,-0.00011,-0.000104,-6e-06,19.3,12.91,0.0001,29.15,-0.88,9.6e-05,8.8e-05,41.94,14.6,24.78,25.85,-0.0192,750,735.5,1.02,False,FALLING,-1.8e-05,-1.9e-05,-1.6e-05,0.86112,0.861595,0.861235,0.86128,0.86134,0.861175,0.86113,23,4.75,0.861216,0.861217,56.0,-2e-06,-6e-06,43.62,55.43,4.5e-05,0.86112,0.861295,0.861281,0.861127,249,1.79,0.861195,0.861225,0.861185,0.861205,ASIAN,62678,HIGH,0.861195,0.861225,0.861185,0.861205,ASIAN,62678,HIGH,DOJI,BULLISH,WEAK,HIGH,NEUTRAL,CHOPPY,True,NONE,41,36,-33.33333333333333,61,NEUTRAL,False,70,['DOJI'],1,20,NEUTRAL,BULLISH,60,True,BEAR_TRAP,75,True,False,True,70,False,0,100,DOWN,NONE,DOWN,0,True,75,55,45,80,False,True,NEUTRAL,70,False,0.0,NONE,False,NONE,False,False,0,False,60,22.905027932959783,6.31578947368501,60.0,29,POOR,False,75,72,-0.05450830381277116,10,80.0,True,RANDOM,70,53.68563826268707,0.19540508832558018,False,NONE,False,False,False,100,True,70,DOWN,40,CHOPPY,NORMAL,DOWN,40,-0.0192,CHOPPY,55,30,50,STRONG,NONE,80,40,90,NORMAL,58,40,60,-0.88,False,80,1.2460850111856823,48.07149888143178,RANGING,90,False,NONE,0.86112,0.86128,0.861235,FAR,30,50,85,50,NONE,NONE,NONE,False,[],0,0,BREAKOUT_EMERGING,BREAKOUT_EMERGING,53,70,True,37,"Volatility expansion after compression. Potential breakout opportunity. (breakout prob: 30%, reversal prob: 50%)",1.02,0.5,False,True,False,False,0.3,0.3,True,False,False,18,False,[],0,NO,BREAKOUT_EMERGING,"Volatility expansion after compression. Potential breakout opportunity. (breakout prob: 30%, reversal prob: 50%)",NORMAL,LOW,0.012,"[{'symbol': 'EURUSD', 'action': 'NO_TRADE', 'reason': 'แนวโน้มขาข้างเคียง สัญญาณ RSI และ MACD ยังไม่ชัดเจน ขาดการยืนยันจากวอลุ่มและแนวรับแนวต้านสำคัญ', 'timestamp': '2026-06-26T08:52:30.335386'}, {'symbol': 'EURUSD', 'action': 'NO_TRADE', 'reason': 'ไม่พบข้อมูลราคาหรือตัวบ่งชี้ทางเทคนิคในระบบ จึงไม่สามารถวิเคราะห์สัญญาณซื้อขายได้', 'timestamp': '2026-06-26T08:53:31.968448'}, {'symbol': 'EURUSD', 'action': 'NO_TRADE', 'reason': 'ไม่ได้รับข้อมูลราคาหรือตัวบ่งชี้ทางเทคนิคจากตลาดปัจจุบัน จึงไม่สามารถวิเคราะห์ได้', 'timestamp': '2026-06-26T08:54:31.220286'}, {'symbol': 'EURGBP', 'action': 'NO_TRADE', 'reason': 'ไม่พบข้อมูลราคาตลาด JSON ที่จำเป็นในการวิเคราะห์ทางเทคนิค จึงไม่สามารถประเมินสัญญาณได้', 'timestamp': '2026-06-26T08:55:30.979077'}, {'symbol': 'EURGBP', 'action': 'NO_TRADE', 'reason': 'ไม่พบข้อมูลราคาหรือตัวบ่งชี้ทางเทคนิคในระบบ ไม่สามารถวิเคราะห์สัญญาณได้', 'timestamp': '2026-06-26T08:56:31.098774'}]",True,Passed basic checks,0,50,50,MEDIUM,5,WAIT,รอการวิเคราะห์จาก AI
2026-06-26 08:59:00,0.861115,0.86115,0.861105,0.861145,267.0,EURGBP,BEARISH,0.861212,0.861248,0.861332,0.861487,0.861571,0.861618,BEARISH,0.861626,0.861069,0.000557,0.000447,37.84,23.01,-0.00011,-0.000104,-6e-06,19.3,12.91,0.0001,29.15,-0.88,9.6e-05,8.8e-05,41.94,14.6,24.78,25.85,-0.0192,750,735.5,1.02,False,FALLING,-1.8e-05,-1.9e-05,-1.6e-05,0.86112,0.861595,0.861235,0.86128,0.86134,0.861175,0.86113,23,4.75,0.861169,0.861201,42.65,-1.4e-05,-8e-06,20.36,30.35,5.1e-05,0.861095,0.861295,0.861286,0.86111,267,1.902,0.861145,0.86115,0.861105,0.861115,ASIAN,62470,HIGH,0.861145,0.86115,0.861105,0.861115,ASIAN,62470,HIGH,DOJI,BULLISH,WEAK,HIGH,NEUTRAL,CHOPPY,True,TESTING_SUPPORT,41,36,-33.33333333333333,61,NEUTRAL,False,70,['DOJI'],1,20,NEUTRAL,BULLISH,60,True,BEAR_TRAP,75,True,False,True,70,False,0,100,DOWN,NONE,DOWN,0,True,75,55,45,80,False,True,NEUTRAL,70,False,0.0,NONE,False,NONE,False,False,0,False,60,22.905027932959783,6.31578947368501,60.0,29,POOR,False,75,72,-0.05450830381277116,10,80.0,True,RANDOM,70,53.68563826268707,0.19540508832558018,False,NONE,False,False,False,100,True,70,DOWN,40,CHOPPY,NORMAL,DOWN,40,-0.0192,CHOPPY,55,30,50,STRONG,NONE,80,40,90,NORMAL,58,40,60,-0.88,False,80,1.2460850111856823,48.07149888143178,RANGING,90,False,NONE,0.86112,0.86128,0.861235,FAR,30,50,85,50,NONE,NONE,NONE,False,[],0,0,BREAKOUT_EMERGING,BREAKOUT_EMERGING,53,70,True,37,"Volatility expansion after compression. Potential breakout opportunity. (breakout prob: 30%, reversal prob: 50%)",1.02,0.5,False,True,False,False,0.3,0.3,True,False,False,18,False,[],0,NO,BREAKOUT_EMERGING,"Volatility expansion after compression. Potential breakout opportunity. (breakout prob: 30%, reversal prob: 50%)",NORMAL,LOW,0.012,"[{'symbol': 'EURUSD', 'action': 'NO_TRADE', 'reason': 'ไม่ได้รับข้อมูลราคาหรือตัวบ่งชี้ทางเทคนิคจากตลาดปัจจุบัน จึงไม่สามารถวิเคราะห์ได้', 'timestamp': '2026-06-26T08:54:31.220286'}, {'symbol': 'EURGBP', 'action': 'NO_TRADE', 'reason': 'ไม่พบข้อมูลราคาตลาด JSON ที่จำเป็นในการวิเคราะห์ทางเทคนิค จึงไม่สามารถประเมินสัญญาณได้', 'timestamp': '2026-06-26T08:55:30.979077'}, {'symbol': 'EURGBP', 'action': 'NO_TRADE', 'reason': 'ไม่พบข้อมูลราคาหรือตัวบ่งชี้ทางเทคนิคในระบบ ไม่สามารถวิเคราะห์สัญญาณได้', 'timestamp': '2026-06-26T08:56:31.098774'}, {'symbol': 'EURUSD', 'action': 'NO_TRADE', 'reason': 'ไม่พบข้อมูลราคาและตัวชี้วัดตลาดปัจจุบัน จึงไม่สามารถวิเคราะห์สัญญาณเทรดได้อย่างถูกต้อง', 'timestamp': '2026-06-26T08:57:30.855879'}, {'symbol': 'EURUSD', 'action': 'NO_TRADE', 'reason': 'ไม่มีข้อมูลตลาด JSON ให้วิเคราะห์ ไม่สามารถประเมินแนวโน้มและสัญญาณได้', 'timestamp': '2026-06-26T08:58:31.597604'}]",True,Passed basic checks,0,50,50,MEDIUM,5,WAIT,รอการวิเคราะห์จาก AI
2026-06-26 09:01:00,0.861175,0.8612,0.86116,0.861175,162.0,EURGBP,BEARISH,0.861199,0.861234,0.861317,0.861475,0.861563,0.861618,BEARISH,0.861628,0.86105,0.000578,0.000449,45.16,12.73,-0.000109,-0.000105,-4e-06,19.42,17.12,0.000104,34.17,-0.82,9.7e-05,8.9e-05,41.66,13.16,29.27,37.95,-0.0209,1052,753.85,1.396,False,RISING,-1.1e-05,-2.1e-05,-1.6e-05,0.861095,0.861595,0.861167,0.861238,0.861302,0.861103,0.861032,24,4.81,0.861172,0.861196,42.65,-1.5e-05,-1.1e-05,35.0,26.51,5.1e-05,0.861095,0.861295,0.861283,0.861118,162,1.112,0.861175,0.8612,0.86116,0.861175,ASIAN,63450,HIGH,0.861175,0.8612,0.86116,0.861175,ASIAN,63450,HIGH,EVENING_STAR,BEARISH,WEAK,HIGH,NEUTRAL,CHOPPY,True,NONE,42,33,-33.33333333333333,57,NEUTRAL,False,70,['EVENING_STAR'],1,20,BEARISH,BEARISH,60,True,BEAR_TRAP,50,True,False,False,70,False,0,100,DOWN,NONE,DOWN,0,True,75,55,45,80,False,True,NEUTRAL,70,False,0.0,NONE,True,BULLISH,True,True,90,True,70,19.29824561403053,13.02083333333243,60.0,30,POOR,False,75,72,-0.051723788643161135,10,80.0,True,RANDOM,70,52.75692477937643,0.24770283954035105,False,NONE,False,False,False,100,True,70,DOWN,40,CHOPPY,NORMAL,DOWN,40,-0.0209,CHOPPY,55,30,50,STRONG,NONE,80,55,90,NORMAL,58,40,60,-0.82,False,80,1.2873051224944319,39.93348775055682,RANGING,90,False,NONE,0.861095,0.861238,0.861167,FAR,30,50,85,50,NONE,NONE,NONE,False,[],0,0,BREAKOUT_EMERGING,BREAKOUT_EMERGING,50,70,True,37,"Volatility expansion after compression. Potential breakout opportunity. (breakout prob: 30%, reversal prob: 50%)",1.396,0.5,False,True,False,False,0.3,0.3,True,False,False,18,False,[],0,NO,BREAKOUT_EMERGING,"Volatility expansion after compression. Potential breakout opportunity. (breakout prob: 30%, reversal prob: 50%)",NORMAL,LOW,0.012,"[{'symbol': 'EURGBP', 'action': 'NO_TRADE', 'reason': 'ไม่พบข้อมูลราคาหรือตัวบ่งชี้ทางเทคนิคในระบบ ไม่สามารถวิเคราะห์สัญญาณได้', 'timestamp': '2026-06-26T08:56:31.098774'}, {'symbol': 'EURUSD', 'action': 'NO_TRADE', 'reason': 'ไม่พบข้อมูลราคาและตัวชี้วัดตลาดปัจจุบัน จึงไม่สามารถวิเคราะห์สัญญาณเทรดได้อย่างถูกต้อง', 'timestamp': '2026-06-26T08:57:30.855879'}, {'symbol': 'EURUSD', 'action': 'NO_TRADE', 'reason': 'ไม่มีข้อมูลตลาด JSON ให้วิเคราะห์ ไม่สามารถประเมินแนวโน้มและสัญญาณได้', 'timestamp': '2026-06-26T08:58:31.597604'}, {'symbol': 'EURGBP-OTC', 'action': 'NO_TRADE', 'reason': 'ไม่พบข้อมูลราคาตลาดปัจจุบัน จึงไม่สามารถวิเคราะห์แนวโน้มและสัญญาณได้', 'timestamp': '2026-06-26T08:59:35.715293'}, {'symbol': 'EURGBP-OTC', 'action': 'NO_TRADE', 'reason': 'ไม่พบข้อมูลราคาและตัวชี้วัดตลาดในปัจจุบัน ไม่สามารถวิเคราะห์สัญญาณทางเทคนิคได้', 'timestamp': '2026-06-26T09:00:34.477441'}]",True,Passed basic checks,0,50,50,MEDIUM,5,WAIT,รอการวิเคราะห์จาก AI
2026-06-26 09:03:00,0.86119,0.861225,0.86117,0.861215,154.0,EURGBP,BEARISH,0.861199,0.861234,0.861317,0.861475,0.861563,0.861618,BEARISH,0.861628,0.86105,0.000578,0.000449,45.16,12.73,-0.000109,-0.000105,-4e-06,19.42,17.12,0.000104,34.17,-0.82,9.7e-05,8.9e-05,41.66,13.16,29.27,37.95,-0.0209,1052,753.85,1.396,False,RISING,-1.1e-05,-2.1e-05,-1.6e-05,0.861095,0.861595,0.861167,0.861238,0.861302,0.861103,0.861032,24,4.81,0.861192,0.861198,53.03,-1e-05,-1.1e-05,50.0,42.78,5.2e-05,0.861095,0.861295,0.861282,0.861129,154,0.995,0.861215,0.861225,0.86117,0.86119,ASIAN,63464,HIGH,0.861215,0.861225,0.86117,0.86119,ASIAN,63464,HIGH,EVENING_STAR,BEARISH,WEAK,HIGH,NEUTRAL,CHOPPY,True,NONE,42,33,-33.33333333333333,57,NEUTRAL,False,70,['EVENING_STAR'],1,20,BEARISH,BEARISH,60,True,BEAR_TRAP,50,True,False,False,70,False,0,100,DOWN,NONE,DOWN,0,True,75,55,45,80,False,True,NEUTRAL,70,False,0.0,NONE,True,BULLISH,True,True,90,True,70,19.29824561403053,13.02083333333243,60.0,30,POOR,False,75,72,-0.051723788643161135,10,80.0,True,RANDOM,70,52.75692477937643,0.24770283954035105,False,NONE,False,False,False,100,True,70,DOWN,40,CHOPPY,NORMAL,DOWN,40,-0.0209,CHOPPY,55,30,50,STRONG,NONE,80,55,90,NORMAL,58,40,60,-0.82,False,80,1.2873051224944319,39.93348775055682,RANGING,90,False,NONE,0.861095,0.861238,0.861167,FAR,30,50,85,50,NONE,NONE,NONE,False,[],0,0,BREAKOUT_EMERGING,BREAKOUT_EMERGING,50,70,True,37,"Volatility expansion after compression. Potential breakout opportunity. (breakout prob: 30%, reversal prob: 50%)",1.396,0.5,False,True,False,False,0.3,0.3,True,False,False,18,False,[],0,NO,BREAKOUT_EMERGING,"Volatility expansion after compression. Potential breakout opportunity. (breakout prob: 30%, reversal prob: 50%)",NORMAL,LOW,0.012,"[{'symbol': 'EURUSD', 'action': 'NO_TRADE', 'reason': 'ไม่มีข้อมูลตลาด JSON ให้วิเคราะห์ ไม่สามารถประเมินแนวโน้มและสัญญาณได้', 'timestamp': '2026-06-26T08:58:31.597604'}, {'symbol': 'EURGBP-OTC', 'action': 'NO_TRADE', 'reason': 'ไม่พบข้อมูลราคาตลาดปัจจุบัน จึงไม่สามารถวิเคราะห์แนวโน้มและสัญญาณได้', 'timestamp': '2026-06-26T08:59:35.715293'}, {'symbol': 'EURGBP-OTC', 'action': 'NO_TRADE', 'reason': 'ไม่พบข้อมูลราคาและตัวชี้วัดตลาดในปัจจุบัน ไม่สามารถวิเคราะห์สัญญาณทางเทคนิคได้', 'timestamp': '2026-06-26T09:00:34.477441'}, {'symbol': 'EURGBP-OTC', 'action': 'NO_TRADE', 'reason': 'ไม่พบข้อมูลราคาและตัวชี้วัดในปัจจุบัน ไม่สามารถวิเคราะห์สัญญาณเทคนิคได้', 'timestamp': '2026-06-26T09:01:36.790371'}, {'symbol': 'EURGBP-OTC', 'action': 'NO_TRADE', 'reason': 'ไม่พบข้อมูลราคาและตัวชี้วัดตลาดในปัจจุบัน จึงไม่สามารถวิเคราะห์สัญญาณซื้อขายได้', 'timestamp': '2026-06-26T09:02:34.039085'}]",True,Passed basic checks,0,50,50,MEDIUM,5,WAIT,รอการวิเคราะห์จาก AI
2026-06-26 09:05:00,0.861245,0.861285,0.861215,0.861285,145.0,EURGBP,BEARISH,0.861228,0.861244,0.861314,0.861468,0.86156,0.861629,BEARISH,0.861619,0.861045,0.000574,0.000451,72.0,33.96,-9.8e-05,-0.000104,6e-06,28.04,22.25,0.000103,34.17,-0.82,9.9e-05,8.9e-05,40.48,15.81,26.46,25.21,0.0023,791,758.95,1.042,False,RISING,3e-06,-2.1e-05,-1.6e-05,0.861095,0.861595,0.86124,0.86133,0.861375,0.861195,0.861105,25,4.85,0.861236,0.861211,53.73,2e-06,-7e-06,77.5,63.33,5e-05,0.861095,0.861295,0.861298,0.86113,145,0.895,0.861285,0.861285,0.861215,0.861245,ASIAN,63328,HIGH,0.861285,0.861285,0.861215,0.861245,ASIAN,63328,HIGH,NONE,BULLISH,WEAK,HIGH,NEUTRAL,CHOPPY,True,NONE,42,33,-26.666666666666668,51,NEUTRAL,False,70,[],0,0,NEUTRAL,BULLISH,40,True,BEAR_TRAP,50,True,False,False,70,False,0,100,DOWN,NONE,NONE,0,True,75,55,45,80,False,True,NEUTRAL,70,False,0.0,NONE,True,BULLISH,True,True,90,True,70,15.90909090909435,7.4550128534737095,60.0,27,POOR,False,75,72,-0.09210976415602058,10,80.0,True,RANDOM,70,49.697107575696045,0.4362084464985484,True,MOMENTUM_SHIFT,False,True,False,65,True,70,DOWN,20,CHOPPY,NORMAL,DOWN,20,0.0023,CHOPPY,55,30,50,STRONG,BEARISH,75,50,85,NORMAL,58,40,60,-0.82,False,80,1.2727272727272727,41.391272727272735,RANGING,90,False,NONE,0.861095,0.86133,0.86124,FAR,30,50,85,50,NONE,NONE,NONE,False,[],0,0,ACCUMULATION,ACCUMULATION,50,65,True,37,"Smart money accumulation. Bullish bias, look for breakout.",1.042,0.5,False,False,False,False,0.3,0.3,True,False,False,18,False,[],0,NO,ACCUMULATION,"Smart money accumulation. Bullish bias, look for breakout.",NORMAL,LOW,0.012,"[{'symbol': 'EURGBP-OTC', 'action': 'NO_TRADE', 'reason': 'ไม่พบข้อมูลราคาและตัวชี้วัดตลาดในปัจจุบัน ไม่สามารถวิเคราะห์สัญญาณทางเทคนิคได้', 'timestamp': '2026-06-26T09:00:34.477441'}, {'symbol': 'EURGBP-OTC', 'action': 'NO_TRADE', 'reason': 'ไม่พบข้อมูลราคาและตัวชี้วัดในปัจจุบัน ไม่สามารถวิเคราะห์สัญญาณเทคนิคได้', 'timestamp': '2026-06-26T09:01:36.790371'}, {'symbol': 'EURGBP-OTC', 'action': 'NO_TRADE', 'reason': 'ไม่พบข้อมูลราคาและตัวชี้วัดตลาดในปัจจุบัน จึงไม่สามารถวิเคราะห์สัญญาณซื้อขายได้', 'timestamp': '2026-06-26T09:02:34.039085'}, {'symbol': 'EURUSD', 'action': 'NO_TRADE', 'reason': 'ไม่สามารถวิเคราะห์ได้เนื่องจากไม่ได้รับข้อมูลราคาตลาดปัจจุบันกรุณาส่งข้อมูล JSON', 'timestamp': '2026-06-26T09:03:36.964670'}, {'symbol': 'EURUSD', 'action': 'NO_TRADE', 'reason': 'ไม่พบข้อมูลราคาตลาดปัจจุบัน จึงไม่สามารถวิเคราะห์สัญญาณทางเทคนิคอย่างแม่นยำได้', 'timestamp': '2026-06-26T09:04:34.451392'}]",True,Passed basic checks,0,50,50,MEDIUM,5,WAIT,รอการวิเคราะห์จาก AI
2026-06-26 09:09:00,0.861285,0.86129,0.861265,0.861275,66.0,EURGBP,BEARISH,0.861228,0.861244,0.861314,0.861468,0.86156,0.861629,BEARISH,0.861619,0.861045,0.000574,0.000451,72.0,33.96,-9.8e-05,-0.000104,6e-06,28.04,22.25,0.000103,34.17,-0.82,9.9e-05,8.9e-05,40.48,15.81,26.46,25.21,0.0023,791,758.95,1.042,False,RISING,3e-06,-2.1e-05,-1.6e-05,0.861095,0.861595,0.86124,0.86133,0.861375,0.861195,0.861105,25,4.85,0.861273,0.861235,58.73,1.7e-05,5e-06,81.16,84.47,4.8e-05,0.861095,0.861325,0.861329,0.861126,66,0.417,0.861275,0.86129,0.861265,0.861285,ASIAN,62781,HIGH,0.861275,0.86129,0.861265,0.861285,ASIAN,62781,HIGH,NONE,BULLISH,WEAK,HIGH,NEUTRAL,CHOPPY,True,NONE,42,33,-26.666666666666668,51,NEUTRAL,False,70,[],0,0,NEUTRAL,BULLISH,40,True,BEAR_TRAP,50,True,False,False,70,False,0,100,DOWN,NONE,NONE,0,True,75,55,45,80,False,True,NEUTRAL,70,False,0.0,NONE,True,BULLISH,True,True,90,True,70,15.90909090909435,7.4550128534737095,60.0,27,POOR,False,75,72,-0.09210976415602058,10,80.0,True,RANDOM,70,49.697107575696045,0.4362084464985484,True,MOMENTUM_SHIFT,False,True,False,65,True,70,DOWN,20,CHOPPY,NORMAL,DOWN,20,0.0023,CHOPPY,55,30,50,STRONG,BEARISH,75,50,85,NORMAL,58,40,60,-0.82,False,80,1.2727272727272727,41.391272727272735,RANGING,90,False,NONE,0.861095,0.86133,0.86124,FAR,30,50,85,50,NONE,NONE,NONE,False,[],0,0,ACCUMULATION,ACCUMULATION,50,65,True,37,"Smart money accumulation. Bullish bias, look for breakout.",1.042,0.5,False,False,False,False,0.3,0.3,True,False,False,18,False,[],0,NO,ACCUMULATION,"Smart money accumulation. Bullish bias, look for breakout.",NORMAL,LOW,0.012,[],True,Passed basic checks,0,50,50,MEDIUM,5,WAIT,รอการวิเคราะห์จาก AI
2026-06-26 09:11:00,0.86127,0.86129,0.861265,0.86129,77.0,EURGBP,BEARISH,0.861242,0.861248,0.86131,0.86146,0.861555,0.861632,BEARISH,0.861608,0.86104,0.000569,0.000452,67.92,34.62,-9e-05,-0.000101,1.1e-05,36.38,27.95,0.000103,34.67,-0.81,9.9e-05,9e-05,38.79,17.91,25.12,16.77,0.0093,524,744.55,0.704,False,FALLING,1e-05,-2e-05,-1.6e-05,0.861095,0.861595,0.861283,0.861312,0.861353,0.861242,0.861213,26,4.85,0.861278,0.861243,65.08,1.9e-05,1e-05,79.71,79.95,4.8e-05,0.861095,0.861325,0.861338,0.861125,77,0.502,0.86129,0.86129,0.861265,0.86127,ASIAN,62606,HIGH,0.86129,0.86129,0.861265,0.86127,ASIAN,62606,HIGH,NONE,BEARISH,WEAK,HIGH,BEARISH,CHOPPY,True,NONE,42,36,-26.666666666666668,52,NEUTRAL,False,70,[],0,0,NEUTRAL,BEARISH,40,True,BEAR_TRAP,75,True,False,True,70,False,0,100,DOWN,NONE,NONE,0,True,75,55,45,80,False,True,NEUTRAL,70,False,0.0,NONE,True,BULLISH,True,True,90,True,70,17.97752808989423,10.512820512821621,65.0,31,POOR,False,75,72,-0.0887208563757382,10,80.0,True,RANDOM,70,46.69601616433344,3.453451445825234,True,MOMENTUM_SHIFT,False,True,False,65,True,70,DOWN,20,CHOPPY,NORMAL,DOWN,20,0.0093,CHOPPY,55,30,50,STRONG,BEARISH,70,40,80,NORMAL,58,40,60,-0.81,False,80,1.258849557522124,42.37904424778761,RANGING,90,False,NONE,0.861095,0.861312,0.861283,FAR,30,50,85,50,NONE,NONE,NONE,False,[],0,0,SIDEWAY_RANGE,SIDEWAY_RANGE,52,60,True,36,Price ranging between clear levels. Suitable for mean-reversion strategies.,0.704,0.5,False,False,False,False,0.3,0.3,True,False,False,18,False,[],0,NO,SIDEWAY_RANGE,Price ranging between clear levels. Suitable for mean-reversion strategies.,NORMAL,LOW,0.012,"[{'symbol': 'EURGBP-OTC', 'action': 'NO_TRADE', 'reason': 'ตลาดเอเชียมีปริมาณการซื้อขายต่ำและไม่มีข้อมูลเพียงพอในการวิเคราะห์แนวโน้มที่ชัดเจน', 'timestamp': '2026-06-26T09:09:35.953753'}]",True,Passed basic checks,0,50,50,MEDIUM,5,WAIT,รอการวิเคราะห์จาก AI
2026-06-26 19:21:00,0.862635,0.86293,0.86261,0.862785,347.0,EURGBP,BULLISH,0.862543,0.862534,0.862557,0.86252,0.862329,0.862095,BULLISH,0.862738,0.862374,0.000365,0.000527,65.43,52.91,-2.7e-05,-2.9e-05,3e-06,42.49,35.29,0.000165,64.82,0.46,0.000165,0.000176,10.96,20.41,17.73,7.03,0.0238,1127,1111.05,1.014,False,FALLING,1.1e-05,-7e-06,-6e-06,0.862355,0.862835,0.862577,0.862703,0.862767,0.862513,0.862387,20,2.91,0.862637,0.862537,73.98,4e-05,1.3e-05,82.63,79.02,8e-05,0.862375,0.86293,0.862679,0.862354,347,1.686,0.862785,0.86293,0.86261,0.862635,LONDON,62878,HIGH,0.862785,0.86293,0.86261,0.862635,LONDON,62878,HIGH,BULLISH_ENGULFING,BULLISH,WEAK,HIGH_WICK,NEUTRAL,CHAOTIC,NONE,TESTING_RESISTANCE,41,33,-3.4482758620689653,51,NEUTRAL,False,70,['BULLISH_ENGULFING'],1,20,BULLISH,BULLISH,60,False,NONE,0,False,False,False,60,False,0,100,UP,NONE,NONE,0,True,75,55,45,80,False,True,NEUTRAL,70,False,0.0,NONE,True,BULLISH,True,True,90,True,70,10.6060606060629,1.68970814132182,55.00000000000001,22,POOR,False,75,55,-0.22365787496102643,5,70.0,False,RANDOM,70,40.36036452527874,9.813830508397603,True,MOMENTUM_SHIFT,False,True,False,65,True,70,UP,40,CHOPPY,HIGH,UP,40,0.0238,CHOPPY,55,30,50,WEAK,NONE,50,40,60,HIGH,73,55,45,0.46,False,80,0.6925996204933585,64.144,RANGING,90,False,NONE,0.862355,0.862703,0.862577,FAR,30,50,85,50,NONE,NONE,NONE,False,[],0,0,SIDEWAY_RANGE,SIDEWAY_RANGE,53,60,True,23,Price ranging between clear levels. Suitable for mean-reversion strategies.,1.014,0.5,False,False,True,True,0.3,0.3,True,False,False,22,False,[],0,NO,SIDEWAY_RANGE,Price ranging between clear levels. Suitable for mean-reversion strategies.,HIGH,LOW,0.019,[],True,Passed basic checks,0,50,50,MEDIUM,5,WAIT,รอการวิเคราะห์จาก AI,0.86258,0.862523,84.21,0.862775,0.86294,0.86262,BULLISH,AT_RESISTANCE
2026-06-26 19:22:00,0.86278,0.86292,0.86274,0.862905,330.0,EURGBP,BULLISH,0.862543,0.862534,0.862557,0.86252,0.862329,0.862095,BULLISH,0.862738,0.862374,0.000365,0.000527,65.43,52.91,-2.7e-05,-2.9e-05,3e-06,42.49,35.29,0.000165,64.82,0.46,0.000165,0.000176,10.96,20.41,17.73,7.03,0.0238,1127,1111.05,1.014,False,FALLING,1.1e-05,-7e-06,-6e-06,0.862355,0.862835,0.862577,0.862703,0.862767,0.862513,0.862387,20,2.91,0.862726,0.862572,77.78,6.4e-05,2.4e-05,88.32,85.79,8.9e-05,0.862375,0.86293,0.862771,0.862312,330,1.585,0.862905,0.86292,0.86274,0.86278,LONDON,63285,HIGH,0.862905,0.86292,0.86274,0.86278,LONDON,63285,HIGH,BULLISH_ENGULFING,BULLISH,WEAK,HIGH_WICK,NEUTRAL,CHAOTIC,NONE,TESTING_RESISTANCE,41,33,-3.4482758620689653,51,NEUTRAL,False,70,['BULLISH_ENGULFING'],1,20,BULLISH,BULLISH,60,False,NONE,0,False,False,False,60,False,0,100,UP,NONE,NONE,0,True,75,55,45,80,False,True,NEUTRAL,70,False,0.0,NONE,True,BULLISH,True,True,90,True,70,10.6060606060629,1.68970814132182,55.00000000000001,22,POOR,False,75,55,-0.22365787496102643,5,70.0,False,RANDOM,70,40.36036452527874,9.813830508397603,True,MOMENTUM_SHIFT,False,True,False,65,True,70,UP,40,CHOPPY,HIGH,UP,40,0.0238,CHOPPY,55,30,50,WEAK,NONE,50,40,60,HIGH,73,55,45,0.46,False,80,0.6925996204933585,64.144,RANGING,90,False,NONE,0.862355,0.862703,0.862577,FAR,30,50,85,50,NONE,NONE,NONE,False,[],0,0,SIDEWAY_RANGE,SIDEWAY_RANGE,53,60,True,23,Price ranging between clear levels. Suitable for mean-reversion strategies.,1.014,0.5,False,False,True,True,0.3,0.3,True,False,False,22,False,[],0,NO,SIDEWAY_RANGE,Price ranging between clear levels. Suitable for mean-reversion strategies.,HIGH,LOW,0.019,[],True,Passed basic checks,0,50,50,MEDIUM,5,WAIT,รอการวิเคราะห์จาก AI,0.862639,0.862538,94.62,0.862855,0.86297,0.86279,BULLISH,AT_RESISTANCE
2026-06-26 19:23:00,0.8629,0.862915,0.862825,0.862835,260.0,EURGBP,BULLISH,0.862543,0.862534,0.862557,0.86252,0.862329,0.862095,BULLISH,0.862738,0.862374,0.000365,0.000527,65.43,52.91,-2.7e-05,-2.9e-05,3e-06,42.49,35.29,0.000165,64.82,0.46,0.000165,0.000176,10.96,20.41,17.73,7.03,0.0238,1127,1111.05,1.014,False,FALLING,1.1e-05,-7e-06,-6e-06,0.862355,0.862835,0.862577,0.862703,0.862767,0.862513,0.862387,20,2.91,0.862763,0.862597,69.13,7.6e-05,3.4e-05,81.79,84.24,9.1e-05,0.862435,0.86293,0.862821,0.862301,260,1.243,0.862835,0.862915,0.862825,0.8629,LONDON,62693,HIGH,0.862835,0.862915,0.862825,0.8629,LONDON,62693,HIGH,BULLISH_ENGULFING,BULLISH,WEAK,HIGH_WICK,NEUTRAL,CHAOTIC,NONE,TESTING_RESISTANCE,41,33,-3.4482758620689653,51,NEUTRAL,False,70,['BULLISH_ENGULFING'],1,20,BULLISH,BULLISH,60,False,NONE,0,False,False,False,60,False,0,100,UP,NONE,NONE,0,True,75,55,45,80,False,True,NEUTRAL,70,False,0.0,NONE,True,BULLISH,True,True,90,True,70,10.6060606060629,1.68970814132182,55.00000000000001,22,POOR,False,75,55,-0.22365787496102643,5,70.0,False,RANDOM,70,40.36036452527874,9.813830508397603,True,MOMENTUM_SHIFT,False,True,False,65,True,70,UP,40,CHOPPY,HIGH,UP,40,0.0238,CHOPPY,55,30,50,WEAK,NONE,50,40,60,HIGH,73,55,45,0.46,False,80,0.6925996204933585,64.144,RANGING,90,False,NONE,0.862355,0.862703,0.862577,FAR,30,50,85,50,NONE,NONE,NONE,False,[],0,0,SIDEWAY_RANGE,SIDEWAY_RANGE,53,60,True,23,Price ranging between clear levels. Suitable for mean-reversion strategies.,1.014,0.5,False,False,True,True,0.3,0.3,True,False,False,22,False,[],0,NO,SIDEWAY_RANGE,Price ranging between clear levels. Suitable for mean-reversion strategies.,HIGH,LOW,0.019,[],True,Passed basic checks,0,50,50,MEDIUM,5,WAIT,รอการวิเคราะห์จาก AI,0.862675,0.862549,85.44,0.862858,0.862892,0.862802,BULLISH,AT_RESISTANCE
2026-06-26 19:24:00,0.86283,0.863125,0.862825,0.86308,416.0,EURGBP,BULLISH,0.862543,0.862534,0.862557,0.86252,0.862329,0.862095,BULLISH,0.862738,0.862374,0.000365,0.000527,65.43,52.91,-2.7e-05,-2.9e-05,3e-06,42.49,35.29,0.000165,64.82,0.46,0.000165,0.000176,10.96,20.41,17.73,7.03,0.0238,1127,1111.05,1.014,False,FALLING,1.1e-05,-7e-06,-6e-06,0.862355,0.862835,0.862577,0.862703,0.862767,0.862513,0.862387,20,2.91,0.862868,0.862643,79.58,0.000105,4.8e-05,89.55,86.55,0.000108,0.862445,0.863125,0.862935,0.86225,416,1.89,0.86308,0.863125,0.862825,0.86283,LONDON,63086,HIGH,0.86308,0.863125,0.862825,0.86283,LONDON,63086,HIGH,BULLISH_ENGULFING,BULLISH,WEAK,HIGH_WICK,NEUTRAL,CHAOTIC,NONE,NONE,41,33,-3.4482758620689653,51,NEUTRAL,False,70,['BULLISH_ENGULFING'],1,20,BULLISH,BULLISH,60,False,NONE,0,False,False,False,60,False,0,100,UP,NONE,NONE,0,True,75,55,45,80,False,True,NEUTRAL,70,False,0.0,NONE,True,BULLISH,True,True,90,True,70,10.6060606060629,1.68970814132182,55.00000000000001,22,POOR,False,75,55,-0.22365787496102643,5,70.0,False,RANDOM,70,40.36036452527874,9.813830508397603,True,MOMENTUM_SHIFT,False,True,False,65,True,70,UP,40,CHOPPY,HIGH,UP,40,0.0238,CHOPPY,55,30,50,WEAK,NONE,50,40,60,HIGH,73,55,45,0.46,False,80,0.6925996204933585,64.144,RANGING,90,False,NONE,0.862355,0.862703,0.862577,FAR,30,50,85,50,NONE,NONE,NONE,False,[],0,0,SIDEWAY_RANGE,SIDEWAY_RANGE,53,60,True,23,Price ranging between clear levels. Suitable for mean-reversion strategies.,1.014,0.5,False,False,True,True,0.3,0.3,True,False,False,22,False,[],0,NO,SIDEWAY_RANGE,Price ranging between clear levels. Suitable for mean-reversion strategies.,HIGH,LOW,0.019,[],True,Passed basic checks,0,50,50,MEDIUM,5,WAIT,รอการวิเคราะห์จาก AI,0.862748,0.86257,89.73,0.86301,0.863195,0.862895,BULLISH,NONE
2026-06-26 19:25:00,0.863085,0.863145,0.86303,0.863135,308.0,EURGBP,BULLISH,0.86274,0.862643,0.862612,0.862544,0.862343,0.862088,BULLISH,0.862891,0.862265,0.000625,0.000529,85.39,69.57,2.3e-05,-1.9e-05,4.2e-05,63.68,46.87,0.000192,83.42,0.9,0.000167,0.000174,13.19,35.02,14.23,42.22,0.073,1661,1145.65,1.45,False,RISING,4.2e-05,3e-06,-5e-06,0.862355,0.863145,0.862963,0.863317,0.863498,0.862782,0.862428,50,4.11,0.862957,0.86269,80.6,0.00013,6.5e-05,90.79,87.37,0.000114,0.862445,0.863145,0.863041,0.862205,308,1.359,0.863135,0.863145,0.86303,0.863085,LONDON,62483,HIGH,0.863135,0.863145,0.86303,0.863085,LONDON,62483,HIGH,NONE,BULLISH,WEAK,HIGH_WICK,NEUTRAL,NOISY,NONE,TESTING_RESISTANCE,42,33,-3.4482758620689653,52,NEUTRAL,False,70,[],0,0,NEUTRAL,BULLISH,40,False,NONE,0,False,False,False,60,False,0,100,UP,NONE,NONE,0,True,75,55,45,80,False,True,NEUTRAL,70,False,0.0,NONE,True,BULLISH,True,True,90,True,70,25.43352601156032,12.500000000000389,50.0,29,POOR,False,75,81,0.010851496289082174,5,60.0,True,RANDOM,70,52.33644177451016,0.910010453348413,True,MOMENTUM_SHIFT,False,True,True,35,False,70,UP,60,CORRECTIVE,EXTREME,UP,60,0.073,CORRECTIVE,55,30,50,WEAK,NONE,55,30,65,EXTREME,88,55,45,0.9,False,40,1.181474480151229,11.116551984877105,RANGING,90,False,NONE,0.862355,0.863145,0.862963,FAR,30,50,85,50,NONE,NONE,NONE,False,[],0,0,ACCUMULATION,ACCUMULATION,50,56,False,9,"Smart money accumulation. Bullish bias, look for breakout.",1.45,0.8,False,False,True,True,0.3,0.3,True,False,False,22,False,[],0,NO,ACCUMULATION,"Smart money accumulation. Bullish bias, look for breakout.",EXTREME,LOW,0.022,[],False,Passed basic checks,0,50,50,MEDIUM,5,WAIT,รอการวิเคราะห์จาก AI,0.862819,0.862592,89.73,0.863103,0.863177,0.863062,BULLISH,AT_RESISTANCE
2026-06-26 19:26:00,0.86314,0.863145,0.86304,0.863065,323.0,EURGBP,BULLISH,0.86274,0.862643,0.862612,0.862544,0.862343,0.862088,BULLISH,0.862891,0.862265,0.000625,0.000529,85.39,69.57,2.3e-05,-1.9e-05,4.2e-05,63.68,46.87,0.000192,83.42,0.9,0.000167,0.000174,13.19,35.02,14.23,42.22,0.073,1661,1145.65,1.45,False,RISING,4.2e-05,3e-06,-5e-06,0.862355,0.863145,0.862963,0.863317,0.863498,0.862782,0.862428,50,4.11,0.862993,0.862726,79.8,0.000143,8e-05,93.51,91.28,0.000115,0.862445,0.863145,0.863108,0.862195,323,1.384,0.863065,0.863145,0.86304,0.86314,LONDON,62844,HIGH,0.863065,0.863145,0.86304,0.86314,LONDON,62844,HIGH,NONE,BULLISH,WEAK,HIGH_WICK,NEUTRAL,NOISY,NONE,TESTING_RESISTANCE,42,33,-3.4482758620689653,52,NEUTRAL,False,70,[],0,0,NEUTRAL,BULLISH,40,False,NONE,0,False,False,False,60,False,0,100,UP,NONE,NONE,0,True,75,55,45,80,False,True,NEUTRAL,70,False,0.0,NONE,True,BULLISH,True,True,90,True,70,25.43352601156032,12.500000000000389,50.0,29,POOR,False,75,81,0.010851496289082174,5,60.0,True,RANDOM,70,52.33644177451016,0.910010453348413,True,MOMENTUM_SHIFT,False,True,True,35,False,70,UP,60,CORRECTIVE,EXTREME,UP,60,0.073,CORRECTIVE,55,30,50,WEAK,NONE,55,30,65,EXTREME,88,55,45,0.9,False,40,1.181474480151229,11.116551984877105,RANGING,90,False,NONE,0.862355,0.863145,0.862963,FAR,30,50,85,50,NONE,NONE,NONE,False,[],0,0,ACCUMULATION,ACCUMULATION,50,56,False,9,"Smart money accumulation. Bullish bias, look for breakout.",1.45,0.8,False,False,True,True,0.3,0.3,True,False,False,22,False,[],0,NO,ACCUMULATION,"Smart money accumulation. Bullish bias, look for breakout.",EXTREME,LOW,0.022,[],False,Passed basic checks,0,50,50,MEDIUM,5,WAIT,รอการวิเคราะห์จาก AI,0.862863,0.862611,82.39,0.863083,0.863127,0.863022,BULLISH,AT_RESISTANCE
2026-06-26 19:27:00,0.86307,0.863085,0.86302,0.863085,208.0,EURGBP,BULLISH,0.86274,0.862643,0.862612,0.862544,0.862343,0.862088,BULLISH,0.862891,0.862265,0.000625,0.000529,85.39,69.57,2.3e-05,-1.9e-05,4.2e-05,63.68,46.87,0.000192,83.42,0.9,0.000167,0.000174,13.19,35.02,14.23,42.22,0.073,1661,1145.65,1.45,False,RISING,4.2e-05,3e-06,-5e-06,0.862355,0.863145,0.862963,0.863317,0.863498,0.862782,0.862428,50,4.11,0.863024,0.86276,80.58,0.000153,9.5e-05,92.86,92.38,0.000116,0.862445,0.863145,0.86317,0.862192,208,0.888,0.863085,0.863085,0.86302,0.86307,LONDON,63336,HIGH,0.863085,0.863085,0.86302,0.86307,LONDON,63336,HIGH,NONE,BULLISH,WEAK,HIGH_WICK,NEUTRAL,NOISY,NONE,TESTING_RESISTANCE,42,33,-3.4482758620689653,52,NEUTRAL,False,70,[],0,0,NEUTRAL,BULLISH,40,False,NONE,0,False,False,False,60,False,0,100,UP,NONE,NONE,0,True,75,55,45,80,False,True,NEUTRAL,70,False,0.0,NONE,True,BULLISH,True,True,90,True,70,25.43352601156032,12.500000000000389,50.0,29,POOR,False,75,81,0.010851496289082174,5,60.0,True,RANDOM,70,52.33644177451016,0.910010453348413,True,MOMENTUM_SHIFT,False,True,True,35,False,70,UP,60,CORRECTIVE,EXTREME,UP,60,0.073,CORRECTIVE,55,30,50,WEAK,NONE,55,30,65,EXTREME,88,55,45,0.9,False,40,1.181474480151229,11.116551984877105,RANGING,90,False,NONE,0.862355,0.863145,0.862963,FAR,30,50,85,50,NONE,NONE,NONE,False,[],0,0,ACCUMULATION,ACCUMULATION,50,56,False,9,"Smart money accumulation. Bullish bias, look for breakout.",1.45,0.8,False,False,True,True,0.3,0.3,True,False,False,22,False,[],0,NO,ACCUMULATION,"Smart money accumulation. Bullish bias, look for breakout.",EXTREME,LOW,0.022,[],False,Passed basic checks,0,50,50,MEDIUM,5,WAIT,รอการวิเคราะห์จาก AI,0.862904,0.86263,80.69,0.863063,0.863107,0.863042,BULLISH,AT_RESISTANCE
2026-06-26 19:28:00,0.86308,0.86311,0.863055,0.863075,181.0,EURGBP,BULLISH,0.86274,0.862643,0.862612,0.862544,0.862343,0.862088,BULLISH,0.862891,0.862265,0.000625,0.000529,85.39,69.57,2.3e-05,-1.9e-05,4.2e-05,63.68,46.87,0.000192,83.42,0.9,0.000167,0.000174,13.19,35.02,14.23,42.22,0.073,1661,1145.65,1.45,False,RISING,4.2e-05,3e-06,-5e-06,0.862355,0.863145,0.862963,0.863317,0.863498,0.862782,0.862428,50,4.11,0.863041,0.86279,78.35,0.000159,0.000108,89.98,92.11,0.000114,0.862445,0.863145,0.863221,0.862198,181,0.774,0.863075,0.86311,0.863055,0.86308,LONDON,62679,HIGH,0.863075,0.86311,0.863055,0.86308,LONDON,62679,HIGH,NONE,BULLISH,WEAK,HIGH_WICK,NEUTRAL,NOISY,NONE,TESTING_RESISTANCE,42,33,-3.4482758620689653,52,NEUTRAL,False,70,[],0,0,NEUTRAL,BULLISH,40,False,NONE,0,False,False,False,60,False,0,100,UP,NONE,NONE,0,True,75,55,45,80,False,True,NEUTRAL,70,False,0.0,NONE,True,BULLISH,True,True,90,True,70,25.43352601156032,12.500000000000389,50.0,29,POOR,False,75,81,0.010851496289082174,5,60.0,True,RANDOM,70,52.33644177451016,0.910010453348413,True,MOMENTUM_SHIFT,False,True,True,35,False,70,UP,60,CORRECTIVE,EXTREME,UP,60,0.073,CORRECTIVE,55,30,50,WEAK,NONE,55,30,65,EXTREME,88,55,45,0.9,False,40,1.181474480151229,11.116551984877105,RANGING,90,False,NONE,0.862355,0.863145,0.862963,FAR,30,50,85,50,NONE,NONE,NONE,False,[],0,0,ACCUMULATION,ACCUMULATION,50,56,False,9,"Smart money accumulation. Bullish bias, look for breakout.",1.45,0.8,False,False,True,True,0.3,0.3,True,False,False,22,False,[],0,NO,ACCUMULATION,"Smart money accumulation. Bullish bias, look for breakout.",EXTREME,LOW,0.022,[],False,Passed basic checks,0,50,50,MEDIUM,5,WAIT,รอการวิเคราะห์จาก AI,0.862935,0.862647,74.58,0.86308,0.863105,0.86305,BULLISH,AT_RESISTANCE
2026-06-26 19:29:00,0.86307,0.86308,0.86302,0.863065,254.0,EURGBP,BULLISH,0.86274,0.862643,0.862612,0.862544,0.862343,0.862088,BULLISH,0.862891,0.862265,0.000625,0.000529,85.39,69.57,2.3e-05,-1.9e-05,4.2e-05,63.68,46.87,0.000192,83.42,0.9,0.000167,0.000174,13.19,35.02,14.23,42.22,0.073,1661,1145.65,1.45,False,RISING,4.2e-05,3e-06,-5e-06,0.862355,0.863145,0.862963,0.863317,0.863498,0.862782,0.862428,50,4.11,0.863049,0.862816,80.42,0.00016,0.000118,89.95,90.93,0.000114,0.862445,0.863145,0.863265,0.862206,254,1.062,0.863065,0.86308,0.86302,0.86307,LONDON,63112,HIGH,0.863065,0.86308,0.86302,0.86307,LONDON,63112,HIGH,NONE,BULLISH,WEAK,HIGH_WICK,NEUTRAL,NOISY,NONE,TESTING_RESISTANCE,42,33,-3.4482758620689653,52,NEUTRAL,False,70,[],0,0,NEUTRAL,BULLISH,40,False,NONE,0,False,False,False,60,False,0,100,UP,NONE,NONE,0,True,75,55,45,80,False,True,NEUTRAL,70,False,0.0,NONE,True,BULLISH,True,True,90,True,70,25.43352601156032,12.500000000000389,50.0,29,POOR,False,75,81,0.010851496289082174,5,60.0,True,RANDOM,70,52.33644177451016,0.910010453348413,True,MOMENTUM_SHIFT,False,True,True,35,False,70,UP,60,CORRECTIVE,EXTREME,UP,60,0.073,CORRECTIVE,55,30,50,WEAK,NONE,55,30,65,EXTREME,88,55,45,0.9,False,40,1.181474480151229,11.116551984877105,RANGING,90,False,NONE,0.862355,0.863145,0.862963,FAR,30,50,85,50,NONE,NONE,NONE,False,[],0,0,ACCUMULATION,ACCUMULATION,50,56,False,9,"Smart money accumulation. Bullish bias, look for breakout.",1.45,0.8,False,False,True,True,0.3,0.3,True,False,False,22,False,[],0,NO,ACCUMULATION,"Smart money accumulation. Bullish bias, look for breakout.",EXTREME,LOW,0.022,[],False,Passed basic checks,0,50,50,MEDIUM,5,WAIT,รอการวิเคราะห์จาก AI,0.862958,0.862663,66.67,0.863055,0.86309,0.86303,BULLISH,AT_RESISTANCE
2026-06-26 19:30:00,0.86306,0.86307,0.86298,0.86301,162.0,EURGBP,BULLISH,0.86283,0.86271,0.86265,0.862562,0.862356,0.862094,BULLISH,0.862959,0.862229,0.00073,0.000534,81.72,63.29,5.2e-05,-5e-06,5.6e-05,81.43,62.53,0.000194,83.92,0.93,0.00017,0.000172,15.26,32.86,13.35,42.22,0.0574,1128,1161.75,0.971,False,RISING,6.2e-05,1.1e-05,-4e-06,0.862355,0.863145,0.863045,0.86311,0.86321,0.862945,0.86288,50,4.07,0.863036,0.862835,77.55,0.000155,0.000126,86.19,88.7,0.000117,0.862445,0.863145,0.863292,0.862228,162,0.683,0.86301,0.86307,0.86298,0.86306,LONDON,63466,HIGH,0.86301,0.86307,0.86298,0.86306,LONDON,63466,HIGH,NONE,BEARISH,WEAK,LOW_WICK,NEUTRAL,NOISY,NONE,TESTING_PIVOT,42,33,-10.344827586206897,51,NEUTRAL,False,70,[],0,0,NEUTRAL,BEARISH,40,False,NONE,0,False,False,False,60,False,0,100,UP,NONE,NONE,0,True,75,70,30,80,False,True,CONTINUATION,70,True,60.0,BULLISH,True,BULLISH,True,True,90,True,70,17.29729729730346,12.343966712898894,55.00000000000001,28,POOR,False,75,67,-0.08654680841042904,5,50.0,True,RANDOM,70,45.73397363988127,4.937160888137607,True,MOMENTUM_SHIFT,False,True,True,35,False,70,UP,80,CHOPPY,EXTREME,UP,80,0.0574,CHOPPY,65,30,65,WEAK,NONE,55,30,65,EXTREME,88,55,45,0.93,False,40,1.3670411985018727,0.0,RANGING,90,False,NONE,0.862355,0.86311,0.863045,FAR,30,50,85,50,NONE,NONE,NONE,False,[],0,0,ACCUMULATION,ACCUMULATION,54,56,False,9,"Smart money accumulation. Bullish bias, look for breakout.",0.971,0.8,False,False,True,True,0.3,0.3,True,False,False,22,False,[],0,NO,ACCUMULATION,"Smart money accumulation. Bullish bias, look for breakout.",EXTREME,LOW,0.022,[],False,Passed basic checks,0,50,50,MEDIUM,5,WAIT,รอการวิเคราะห์จาก AI,0.862968,0.862677,68.82,0.86302,0.86306,0.86297,BEARISH,AT_PIVOT
2026-06-26 19:31:00,0.863005,0.863025,0.86293,0.86294,216.0,EURGBP,BULLISH,0.86283,0.86271,0.86265,0.862562,0.862356,0.862094,BULLISH,0.862959,0.862229,0.00073,0.000534,81.72,63.29,5.2e-05,-5e-06,5.6e-05,81.43,62.53,0.000194,83.92,0.93,0.00017,0.000172,15.26,32.86,13.35,42.22,0.0574,1128,1161.75,0.971,False,RISING,6.2e-05,1.1e-05,-4e-06,0.862355,0.863145,0.863045,0.86311,0.86321,0.862945,0.86288,50,4.07,0.863004,0.862845,71.57,0.000144,0.000129,79.35,85.16,0.000121,0.862445,0.863145,0.863306,0.862256,216,0.895,0.86294,0.863025,0.86293,0.863005,LONDON,62854,HIGH,0.86294,0.863025,0.86293,0.863005,LONDON,62854,HIGH,NONE,BEARISH,WEAK,LOW_WICK,NEUTRAL,NOISY,NONE,NONE,42,33,-10.344827586206897,51,NEUTRAL,False,70,[],0,0,NEUTRAL,BEARISH,40,False,NONE,0,False,False,False,60,False,0,100,UP,NONE,NONE,0,True,75,70,30,80,False,True,CONTINUATION,70,True,60.0,BULLISH,True,BULLISH,True,True,90,True,70,17.29729729730346,12.343966712898894,55.00000000000001,28,POOR,False,75,67,-0.08654680841042904,5,50.0,True,RANDOM,70,45.73397363988127,4.937160888137607,True,MOMENTUM_SHIFT,False,True,True,35,False,70,UP,80,CHOPPY,EXTREME,UP,80,0.0574,CHOPPY,65,30,65,WEAK,NONE,55,30,65,EXTREME,88,55,45,0.93,False,40,1.3670411985018727,0.0,RANGING,90,False,NONE,0.862355,0.86311,0.863045,FAR,30,50,85,50,NONE,NONE,NONE,False,[],0,0,SIDEWAY_RANGE,SIDEWAY_RANGE,54,51,False,9,Price ranging between clear levels. Suitable for mean-reversion strategies.,0.971,0.8,False,False,True,True,0.3,0.3,True,False,False,22,False,[],0,NO,SIDEWAY_RANGE,Price ranging between clear levels. Suitable for mean-reversion strategies.,EXTREME,LOW,0.022,[],False,Passed basic checks,0,50,50,MEDIUM,5,WAIT,รอการวิเคราะห์จาก AI,0.862963,0.862687,25.86,0.862965,0.863,0.862905,BEARISH,NONE
2026-06-26 19:32:00,0.862945,0.86303,0.862885,0.86301,206.0,EURGBP,BULLISH,0.86283,0.86271,0.86265,0.862562,0.862356,0.862094,BULLISH,0.862959,0.862229,0.00073,0.000534,81.72,63.29,5.2e-05,-5e-06,5.6e-05,81.43,62.53,0.000194,83.92,0.93,0.00017,0.000172,15.26,32.86,13.35,42.22,0.0574,1128,1161.75,0.971,False,RISING,6.2e-05,1.1e-05,-4e-06,0.862355,0.863145,0.863045,0.86311,0.86321,0.862945,0.86288,50,4.07,0.863006,0.862861,71.98,0.000139,0.000131,75.68,80.41,0.000125,0.862445,0.863145,0.863321,0.862297,206,0.845,0.86301,0.86303,0.862885,0.862945,LONDON,63281,HIGH,0.86301,0.86303,0.862885,0.862945,LONDON,63281,HIGH,NONE,BEARISH,WEAK,LOW_WICK,NEUTRAL,NOISY,NONE,TESTING_PIVOT,42,33,-10.344827586206897,51,NEUTRAL,False,70,[],0,0,NEUTRAL,BEARISH,40,False,NONE,0,False,False,False,60,False,0,100,UP,NONE,NONE,0,True,75,70,30,80,False,True,CONTINUATION,70,True,60.0,BULLISH,True,BULLISH,True,True,90,True,70,17.29729729730346,12.343966712898894,55.00000000000001,28,POOR,False,75,67,-0.08654680841042904,5,50.0,True,RANDOM,70,45.73397363988127,4.937160888137607,True,MOMENTUM_SHIFT,False,True,True,35,False,70,UP,80,CHOPPY,EXTREME,UP,80,0.0574,CHOPPY,65,30,65,WEAK,NONE,55,30,65,EXTREME,88,55,45,0.93,False,40,1.3670411985018727,0.0,RANGING,90,False,NONE,0.862355,0.86311,0.863045,FAR,30,50,85,50,NONE,NONE,NONE,False,[],0,0,SIDEWAY_RANGE,SIDEWAY_RANGE,54,51,False,9,Price ranging between clear levels. Suitable for mean-reversion strategies.,0.971,0.8,False,False,True,True,0.3,0.3,True,False,False,22,False,[],0,NO,SIDEWAY_RANGE,Price ranging between clear levels. Suitable for mean-reversion strategies.,EXTREME,LOW,0.022,[],False,Passed basic checks,0,50,50,MEDIUM,5,WAIT,รอการวิเคราะห์จาก AI,0.862971,0.8627,29.51,0.862975,0.863065,0.86292,BEARISH,AT_PIVOT
2026-06-26 19:33:00,0.863015,0.863185,0.863005,0.863185,290.0,EURGBP,BULLISH,0.86283,0.86271,0.86265,0.862562,0.862356,0.862094,BULLISH,0.862959,0.862229,0.00073,0.000534,81.72,63.29,5.2e-05,-5e-06,5.6e-05,81.43,62.53,0.000194,83.92,0.93,0.00017,0.000172,15.26,32.86,13.35,42.22,0.0574,1128,1161.75,0.971,False,RISING,6.2e-05,1.1e-05,-4e-06,0.862355,0.863145,0.863045,0.86311,0.86321,0.862945,0.86288,50,4.07,0.863066,0.862891,76.35,0.000148,0.000135,82.3,79.11,0.000135,0.862445,0.863185,0.863355,0.862336,290,1.158,0.863185,0.863185,0.863005,0.863015,LONDON,62770,HIGH,0.863185,0.863185,0.863005,0.863015,LONDON,62770,HIGH,NONE,BEARISH,WEAK,LOW_WICK,NEUTRAL,NOISY,NONE,TESTING_RESISTANCE,42,33,-10.344827586206897,51,NEUTRAL,False,70,[],0,0,NEUTRAL,BEARISH,40,False,NONE,0,False,False,False,60,False,0,100,UP,NONE,NONE,0,True,75,70,30,80,False,True,CONTINUATION,70,True,60.0,BULLISH,True,BULLISH,True,True,90,True,70,17.29729729730346,12.343966712898894,55.00000000000001,28,POOR,False,75,67,-0.08654680841042904,5,50.0,True,RANDOM,70,45.73397363988127,4.937160888137607,True,MOMENTUM_SHIFT,False,True,True,35,False,70,UP,80,CHOPPY,EXTREME,UP,80,0.0574,CHOPPY,65,30,65,WEAK,NONE,55,30,65,EXTREME,88,55,45,0.93,False,40,1.3670411985018727,0.0,RANGING,90,False,NONE,0.862355,0.86311,0.863045,FAR,30,50,85,50,NONE,NONE,NONE,False,[],0,0,SIDEWAY_RANGE,SIDEWAY_RANGE,54,51,False,9,Price ranging between clear levels. Suitable for mean-reversion strategies.,0.971,0.8,False,False,True,True,0.3,0.3,True,False,False,22,False,[],0,NO,SIDEWAY_RANGE,Price ranging between clear levels. Suitable for mean-reversion strategies.,EXTREME,LOW,0.022,[],False,Passed basic checks,0,50,50,MEDIUM,5,WAIT,รอการวิเคราะห์จาก AI,0.86301,0.862719,64.63,0.863125,0.863245,0.863065,BEARISH,AT_RESISTANCE
2026-06-26 19:34:00,0.86318,0.863365,0.86317,0.863355,278.0,EURGBP,BULLISH,0.86283,0.86271,0.86265,0.862562,0.862356,0.862094,BULLISH,0.862959,0.862229,0.00073,0.000534,81.72,63.29,5.2e-05,-5e-06,5.6e-05,81.43,62.53,0.000194,83.92,0.93,0.00017,0.000172,15.26,32.86,13.35,42.22,0.0574,1128,1161.75,0.971,False,RISING,6.2e-05,1.1e-05,-4e-06,0.862355,0.863145,0.863045,0.86311,0.86321,0.862945,0.86288,50,4.07,0.863162,0.862936,77.82,0.000166,0.000141,92.06,83.35,0.000143,0.86245,0.863365,0.863421,0.862352,278,1.101,0.863355,0.863365,0.86317,0.86318,LONDON,63253,HIGH,0.863355,0.863365,0.86317,0.86318,LONDON,63253,HIGH,NONE,BEARISH,WEAK,LOW_WICK,NEUTRAL,NOISY,NONE,NONE,42,33,-10.344827586206897,51,NEUTRAL,False,70,[],0,0,NEUTRAL,BEARISH,40,False,NONE,0,False,False,False,60,False,0,100,UP,NONE,NONE,0,True,75,70,30,80,False,True,CONTINUATION,70,True,60.0,BULLISH,True,BULLISH,True,True,90,True,70,17.29729729730346,12.343966712898894,55.00000000000001,28,POOR,False,75,67,-0.08654680841042904,5,50.0,True,RANDOM,70,45.73397363988127,4.937160888137607,True,MOMENTUM_SHIFT,False,True,True,35,False,70,UP,80,CHOPPY,EXTREME,UP,80,0.0574,CHOPPY,65,30,65,WEAK,NONE,55,30,65,EXTREME,88,55,45,0.93,False,40,1.3670411985018727,0.0,RANGING,90,False,NONE,0.862355,0.86311,0.863045,FAR,30,50,85,50,NONE,NONE,NONE,False,[],0,0,SIDEWAY_RANGE,SIDEWAY_RANGE,54,51,False,9,Price ranging between clear levels. Suitable for mean-reversion strategies.,0.971,0.8,False,False,True,True,0.3,0.3,True,False,False,22,False,[],0,NO,SIDEWAY_RANGE,Price ranging between clear levels. Suitable for mean-reversion strategies.,EXTREME,LOW,0.022,[],False,Passed basic checks,0,50,50,MEDIUM,5,WAIT,รอการวิเคราะห์จาก AI,0.863073,0.862744,74.11,0.863297,0.863423,0.863228,BEARISH,NONE
2026-06-26 19:35:00,0.86335,0.863415,0.86331,0.8634,353.0,EURGBP,BULLISH,0.86302,0.862835,0.862721,0.862595,0.862378,0.862119,BULLISH,0.863148,0.862123,0.001025,0.000541,87.45,69.79,0.000105,1.7e-05,8.7e-05,93.41,79.51,0.000223,88.44,1.41,0.000176,0.00017,17.97,36.03,11.01,53.2,0.1038,1343,1192.45,1.126,False,RISING,9.8e-05,2.2e-05,-2e-06,0.862355,0.863415,0.863233,0.863582,0.863763,0.863052,0.862703,50,4.75,0.863241,0.86298,75.95,0.000183,0.000149,98.82,91.06,0.000127,0.86245,0.863415,0.863479,0.862385,353,1.342,0.8634,0.863415,0.86331,0.86335,LONDON,62695,HIGH,0.8634,0.863415,0.86331,0.86335,LONDON,62695,HIGH,BULLISH_ENGULFING,BULLISH,WEAK,LOW_WICK,NEUTRAL,NORMAL,NONE,TESTING_RESISTANCE,43,33,-3.4482758620689653,55,NEUTRAL,False,70,['BULLISH_ENGULFING'],1,20,BULLISH,BULLISH,60,False,NONE,0,False,False,False,60,False,0,100,UP,NONE,NONE,0,True,75,70,30,80,False,True,CONTINUATION,70,True,85.0,BULLISH,True,BULLISH,True,True,90,True,70,39.4799054373509,21.338383838382452,50.0,36,FAIR,False,75,66,-0.15205775130392174,5,40.0,True,RANDOM,70,42.82603842194953,8.443100774875578,True,MOMENTUM_SHIFT,False,True,True,35,False,70,UP,80,IMPULSIVE,EXTREME,UP,80,0.1038,IMPULSIVE,75,30,75,WEAK,NONE,55,30,65,EXTREME,88,40,60,1.41,False,40,1.8946395563770795,0.0,RANGING,90,False,NONE,0.862355,0.863415,0.863233,FAR,30,50,85,50,NONE,NONE,NONE,False,[],0,0,SIDEWAY_RANGE,SIDEWAY_RANGE,55,60,True,25,Price ranging between clear levels. Suitable for mean-reversion strategies.,1.126,0.5,False,False,True,True,0.3,0.3,True,False,False,22,False,[],0,NO,SIDEWAY_RANGE,Price ranging between clear levels. Suitable for mean-reversion strategies.,EXTREME,LOW,0.026,[],True,Passed basic checks,0,50,50,MEDIUM,5,WAIT,รอการวิเคราะห์จาก AI,0.863132,0.86277,77.31,0.863375,0.86344,0.863335,BULLISH,AT_RESISTANCE
2026-06-26 19:36:00,0.863395,0.863545,0.863395,0.863535,344.0,EURGBP,BULLISH,0.86302,0.862835,0.862721,0.862595,0.862378,0.862119,BULLISH,0.863148,0.862123,0.001025,0.000541,87.45,69.79,0.000105,1.7e-05,8.7e-05,93.41,79.51,0.000223,88.44,1.41,0.000176,0.00017,17.97,36.03,11.01,53.2,0.1038,1343,1192.45,1.126,False,RISING,9.8e-05,2.2e-05,-2e-06,0.862355,0.863415,0.863233,0.863582,0.863763,0.863052,0.862703,50,4.75,0.863339,0.863033,76.25,0.000204,0.00016,98.35,96.41,0.000125,0.862465,0.863545,0.86355,0.862421,344,1.271,0.863535,0.863545,0.863395,0.863395,LONDON,63086,HIGH,0.863535,0.863545,0.863395,0.863395,LONDON,63086,HIGH,BULLISH_ENGULFING,BULLISH,WEAK,LOW_WICK,NEUTRAL,NORMAL,NONE,NONE,43,33,-3.4482758620689653,55,NEUTRAL,False,70,['BULLISH_ENGULFING'],1,20,BULLISH,BULLISH,60,False,NONE,0,False,False,False,60,False,0,100,UP,NONE,NONE,0,True,75,70,30,80,False,True,CONTINUATION,70,True,85.0,BULLISH,True,BULLISH,True,True,90,True,70,39.4799054373509,21.338383838382452,50.0,36,FAIR,False,75,66,-0.15205775130392174,5,40.0,True,RANDOM,70,42.82603842194953,8.443100774875578,True,MOMENTUM_SHIFT,False,True,True,35,False,70,UP,80,IMPULSIVE,EXTREME,UP,80,0.1038,IMPULSIVE,75,30,75,WEAK,NONE,55,30,65,EXTREME,88,40,60,1.41,False,40,1.8946395563770795,0.0,RANGING,90,False,NONE,0.862355,0.863415,0.863233,FAR,30,50,85,50,NONE,NONE,NONE,False,[],0,0,SIDEWAY_RANGE,SIDEWAY_RANGE,55,60,True,25,Price ranging between clear levels. Suitable for mean-reversion strategies.,1.126,0.5,False,False,True,True,0.3,0.3,True,False,False,22,False,[],0,NO,SIDEWAY_RANGE,Price ranging between clear levels. Suitable for mean-reversion strategies.,EXTREME,LOW,0.026,[],True,Passed basic checks,0,50,50,MEDIUM,5,WAIT,รอการวิเคราะห์จาก AI,0.863206,0.8628,82.64,0.863492,0.863588,0.863438,BULLISH,NONE
2026-06-26 19:37:00,0.86353,0.86376,0.863505,0.86375,367.0,EURGBP,BULLISH,0.86302,0.862835,0.862721,0.862595,0.862378,0.862119,BULLISH,0.863148,0.862123,0.001025,0.000541,87.45,69.79,0.000105,1.7e-05,8.7e-05,93.41,79.51,0.000223,88.44,1.41,0.000176,0.00017,17.97,36.03,11.01,53.2,0.1038,1343,1192.45,1.126,False,RISING,9.8e-05,2.2e-05,-2e-06,0.862355,0.863415,0.863233,0.863582,0.863763,0.863052,0.862703,50,4.75,0.863476,0.863101,84.01,0.000236,0.000175,98.44,98.54,0.000137,0.862475,0.86376,0.863661,0.862435,367,1.328,0.86375,0.86376,0.863505,0.86353,LONDON,62519,HIGH,0.86375,0.86376,0.863505,0.86353,LONDON,62519,HIGH,BULLISH_ENGULFING,BULLISH,WEAK,LOW_WICK,NEUTRAL,NORMAL,NONE,NONE,43,33,-3.4482758620689653,55,NEUTRAL,False,70,['BULLISH_ENGULFING'],1,20,BULLISH,BULLISH,60,False,NONE,0,False,False,False,60,False,0,100,UP,NONE,NONE,0,True,75,70,30,80,False,True,CONTINUATION,70,True,85.0,BULLISH,True,BULLISH,True,True,90,True,70,39.4799054373509,21.338383838382452,50.0,36,FAIR,False,75,66,-0.15205775130392174,5,40.0,True,RANDOM,70,42.82603842194953,8.443100774875578,True,MOMENTUM_SHIFT,False,True,True,35,False,70,UP,80,IMPULSIVE,EXTREME,UP,80,0.1038,IMPULSIVE,75,30,75,WEAK,NONE,55,30,65,EXTREME,88,40,60,1.41,False,40,1.8946395563770795,0.0,RANGING,90,False,NONE,0.862355,0.863415,0.863233,FAR,30,50,85,50,NONE,NONE,NONE,False,[],0,0,SIDEWAY_RANGE,SIDEWAY_RANGE,55,60,True,25,Price ranging between clear levels. Suitable for mean-reversion strategies.,1.126,0.5,False,False,True,True,0.3,0.3,True,False,False,22,False,[],0,NO,SIDEWAY_RANGE,Price ranging between clear levels. Suitable for mean-reversion strategies.,EXTREME,LOW,0.026,[],True,Passed basic checks,0,50,50,MEDIUM,5,WAIT,รอการวิเคราะห์จาก AI,0.863305,0.862837,92.05,0.863672,0.863838,0.863583,BULLISH,NONE
2026-06-26 19:38:00,0.863755,0.863795,0.863645,0.86365,277.0,EURGBP,BULLISH,0.86302,0.862835,0.862721,0.862595,0.862378,0.862119,BULLISH,0.863148,0.862123,0.001025,0.000541,87.45,69.79,0.000105,1.7e-05,8.7e-05,93.41,79.51,0.000223,88.44,1.41,0.000176,0.00017,17.97,36.03,11.01,53.2,0.1038,1343,1192.45,1.126,False,RISING,9.8e-05,2.2e-05,-2e-06,0.862355,0.863415,0.863233,0.863582,0.863763,0.863052,0.862703,50,4.75,0.863534,0.863153,73.75,0.00025,0.00019,93.87,96.89,0.000126,0.862545,0.863795,0.863726,0.86248,277,0.991,0.86365,0.863795,0.863645,0.863755,LONDON,62921,HIGH,0.86365,0.863795,0.863645,0.863755,LONDON,62921,HIGH,BULLISH_ENGULFING,BULLISH,WEAK,LOW_WICK,NEUTRAL,NORMAL,NONE,NONE,43,33,-3.4482758620689653,55,NEUTRAL,False,70,['BULLISH_ENGULFING'],1,20,BULLISH,BULLISH,60,False,NONE,0,False,False,False,60,False,0,100,UP,NONE,NONE,0,True,75,70,30,80,False,True,CONTINUATION,70,True,85.0,BULLISH,True,BULLISH,True,True,90,True,70,39.4799054373509,21.338383838382452,50.0,36,FAIR,False,75,66,-0.15205775130392174,5,40.0,True,RANDOM,70,42.82603842194953,8.443100774875578,True,MOMENTUM_SHIFT,False,True,True,35,False,70,UP,80,IMPULSIVE,EXTREME,UP,80,0.1038,IMPULSIVE,75,30,75,WEAK,NONE,55,30,65,EXTREME,88,40,60,1.41,False,40,1.8946395563770795,0.0,RANGING,90,False,NONE,0.862355,0.863415,0.863233,FAR,30,50,85,50,NONE,NONE,NONE,False,[],0,0,SIDEWAY_RANGE,SIDEWAY_RANGE,55,60,True,25,Price ranging between clear levels. Suitable for mean-reversion strategies.,1.126,0.5,False,False,True,True,0.3,0.3,True,False,False,22,False,[],0,NO,SIDEWAY_RANGE,Price ranging between clear levels. Suitable for mean-reversion strategies.,EXTREME,LOW,0.026,[],True,Passed basic checks,0,50,50,MEDIUM,5,WAIT,รอการวิเคราะห์จาก AI,0.863367,0.862869,89.01,0.863697,0.863748,0.863598,BULLISH,NONE
2026-06-26 19:39:00,0.863655,0.86366,0.863545,0.8636,280.0,EURGBP,BULLISH,0.86302,0.862835,0.862721,0.862595,0.862378,0.862119,BULLISH,0.863148,0.862123,0.001025,0.000541,87.45,69.79,0.000105,1.7e-05,8.7e-05,93.41,79.51,0.000223,88.44,1.41,0.000176,0.00017,17.97,36.03,11.01,53.2,0.1038,1343,1192.45,1.126,False,RISING,9.8e-05,2.2e-05,-2e-06,0.862355,0.863415,0.863233,0.863582,0.863763,0.863052,0.862703,50,4.75,0.863556,0.863196,69.46,0.000254,0.000203,87.19,93.17,0.000126,0.862545,0.863795,0.863759,0.862552,280,0.986,0.8636,0.86366,0.863545,0.863655,LONDON,63415,HIGH,0.8636,0.86366,0.863545,0.863655,LONDON,63415,HIGH,BULLISH_ENGULFING,BULLISH,WEAK,LOW_WICK,NEUTRAL,NORMAL,NONE,NONE,43,33,-3.4482758620689653,55,NEUTRAL,False,70,['BULLISH_ENGULFING'],1,20,BULLISH,BULLISH,60,False,NONE,0,False,False,False,60,False,0,100,UP,NONE,NONE,0,True,75,70,30,80,False,True,CONTINUATION,70,True,85.0,BULLISH,True,BULLISH,True,True,90,True,70,39.4799054373509,21.338383838382452,50.0,36,FAIR,False,75,66,-0.15205775130392174,5,40.0,True,RANDOM,70,42.82603842194953,8.443100774875578,True,MOMENTUM_SHIFT,False,True,True,35,False,70,UP,80,IMPULSIVE,EXTREME,UP,80,0.1038,IMPULSIVE,75,30,75,WEAK,NONE,55,30,65,EXTREME,88,40,60,1.41,False,40,1.8946395563770795,0.0,RANGING,90,False,NONE,0.862355,0.863415,0.863233,FAR,30,50,85,50,NONE,NONE,NONE,False,[],0,0,SIDEWAY_RANGE,SIDEWAY_RANGE,55,60,True,25,Price ranging between clear levels. Suitable for mean-reversion strategies.,1.126,0.5,False,False,True,True,0.3,0.3,True,False,False,22,False,[],0,NO,SIDEWAY_RANGE,Price ranging between clear levels. Suitable for mean-reversion strategies.,EXTREME,LOW,0.026,[],True,Passed basic checks,0,50,50,MEDIUM,5,WAIT,รอการวิเคราะห์จาก AI,0.86341,0.862897,83.15,0.863602,0.863658,0.863543,BULLISH,NONE
2026-06-26 19:40:00,0.863605,0.863625,0.86354,0.863615,380.0,EURGBP,BULLISH,0.863218,0.862977,0.862806,0.862635,0.862403,0.862142,BULLISH,0.86336,0.862017,0.001343,0.000553,88.34,71.36,0.000162,4.6e-05,0.000116,89.67,88.17,0.000239,91.46,1.64,0.000183,0.000168,21.24,43.4,9.63,63.67,0.1386,1648,1220.45,1.35,False,RISING,0.000134,3.5e-05,1e-06,0.862355,0.863795,0.863602,0.863808,0.864002,0.863408,0.863202,50,6.03,0.863576,0.863236,74.12,0.000256,0.000213,80.95,87.34,0.000125,0.86261,0.863795,0.86379,0.862618,380,1.315,0.863615,0.863625,0.86354,0.863605,LONDON,62736,HIGH,0.863615,0.863625,0.86354,0.863605,LONDON,62736,HIGH,NONE,BULLISH,WEAK,LOW_WICK,NEUTRAL,NORMAL,NONE,TESTING_PIVOT,44,33,-3.4482758620689653,61,NEUTRAL,False,70,[],0,0,NEUTRAL,BULLISH,40,False,NONE,0,False,False,False,60,False,0,100,UP,NONE,NONE,0,True,75,97,3,80,True,True,CONTINUATION,70,True,85.0,BULLISH,True,BULLISH,True,True,90,True,70,45.689655172418824,25.653206650829674,55.00000000000001,42,FAIR,False,75,64,-0.041246203482012224,5,30.000000000000004,True,RANDOM,70,46.994323744177315,4.5513272878565845,True,VOLATILITY_REGIME_CHANGE,True,True,True,0,False,70,UP,100,IMPULSIVE,EXTREME,UP,100,0.1386,IMPULSIVE,85,30,85,NORMAL,NONE,70,30,80,EXTREME,88,40,60,1.64,False,40,2.4285714285714284,0.0,RANGING,90,False,NONE,0.862355,0.863795,0.863602,FAR,30,50,85,50,NONE,NONE,NONE,False,[],0,0,ACCUMULATION,ACCUMULATION,50,65,True,26,"Smart money accumulation. Bullish bias, look for breakout.",1.35,0.5,False,False,True,True,0.3,0.3,True,False,False,22,False,[],0,NO,ACCUMULATION,"Smart money accumulation. Bullish bias, look for breakout.",EXTREME,LOW,0.028,[],True,Passed basic checks,0,50,50,MEDIUM,5,WAIT,รอการวิเคราะห์จาก AI,0.863447,0.862926,79.45,0.863593,0.863647,0.863562,BULLISH,AT_PIVOT
2026-06-26 19:41:00,0.86361,0.86374,0.86361,0.86371,236.0,EURGBP,BULLISH,0.863218,0.862977,0.862806,0.862635,0.862403,0.862142,BULLISH,0.86336,0.862017,0.001343,0.000553,88.34,71.36,0.000162,4.6e-05,0.000116,89.67,88.17,0.000239,91.46,1.64,0.000183,0.000168,21.24,43.4,9.63,63.67,0.1386,1648,1220.45,1.35,False,RISING,0.000134,3.5e-05,1e-06,0.862355,0.863795,0.863602,0.863808,0.864002,0.863408,0.863202,50,6.03,0.86362,0.863281,75.72,0.000261,0.000223,83.15,83.76,0.000129,0.86274,0.863795,0.863843,0.862658,236,0.833,0.86371,0.86374,0.86361,0.86361,LONDON,63215,HIGH,0.86371,0.86374,0.86361,0.86361,LONDON,63215,HIGH,NONE,BULLISH,WEAK,LOW_WICK,NEUTRAL,NORMAL,NONE,TESTING_PIVOT,44,33,-3.4482758620689653,61,NEUTRAL,False,70,[],0,0,NEUTRAL,BULLISH,40,False,NONE,0,False,False,False,60,False,0,100,UP,NONE,NONE,0,True,75,97,3,80,True,True,CONTINUATION,70,True,85.0,BULLISH,True,BULLISH,True,True,90,True,70,45.689655172418824,25.653206650829674,55.00000000000001,42,FAIR,False,75,64,-0.041246203482012224,5,30.000000000000004,True,RANDOM,70,46.994323744177315,4.5513272878565845,True,VOLATILITY_REGIME_CHANGE,True,True,True,0,False,70,UP,100,IMPULSIVE,EXTREME,UP,100,0.1386,IMPULSIVE,85,30,85,NORMAL,NONE,70,30,80,EXTREME,88,40,60,1.64,False,40,2.4285714285714284,0.0,RANGING,90,False,NONE,0.862355,0.863795,0.863602,FAR,30,50,85,50,NONE,NONE,NONE,False,[],0,0,ACCUMULATION,ACCUMULATION,50,65,True,26,"Smart money accumulation. Bullish bias, look for breakout.",1.35,0.5,False,False,True,True,0.3,0.3,True,False,False,22,False,[],0,NO,ACCUMULATION,"Smart money accumulation. Bullish bias, look for breakout.",EXTREME,LOW,0.028,[],True,Passed basic checks,0,50,50,MEDIUM,5,WAIT,รอการวิเคราะห์จาก AI,0.863495,0.862956,77.1,0.863687,0.863763,0.863633,BULLISH,AT_PIVOT
2026-06-26 19:42:00,0.8637,0.86378,0.86366,0.863745,248.0,EURGBP,BULLISH,0.863218,0.862977,0.862806,0.862635,0.862403,0.862142,BULLISH,0.86336,0.862017,0.001343,0.000553,88.34,71.36,0.000162,4.6e-05,0.000116,89.67,88.17,0.000239,91.46,1.64,0.000183,0.000168,21.24,43.4,9.63,63.67,0.1386,1648,1220.45,1.35,False,RISING,0.000134,3.5e-05,1e-06,0.862355,0.863795,0.863602,0.863808,0.864002,0.863408,0.863202,50,6.03,0.863662,0.863325,77.02,0.000266,0.000232,88.46,84.19,0.000134,0.862825,0.863795,0.863901,0.862684,248,0.888,0.863745,0.86378,0.86366,0.8637,LONDON,62654,HIGH,0.863745,0.86378,0.86366,0.8637,LONDON,62654,HIGH,NONE,BULLISH,WEAK,LOW_WICK,NEUTRAL,NORMAL,NONE,TESTING_RESISTANCE,44,33,-3.4482758620689653,61,NEUTRAL,False,70,[],0,0,NEUTRAL,BULLISH,40,False,NONE,0,False,False,False,60,False,0,100,UP,NONE,NONE,0,True,75,97,3,80,True,True,CONTINUATION,70,True,85.0,BULLISH,True,BULLISH,True,True,90,True,70,45.689655172418824,25.653206650829674,55.00000000000001,42,FAIR,False,75,64,-0.041246203482012224,5,30.000000000000004,True,RANDOM,70,46.994323744177315,4.5513272878565845,True,VOLATILITY_REGIME_CHANGE,True,True,True,0,False,70,UP,100,IMPULSIVE,EXTREME,UP,100,0.1386,IMPULSIVE,85,30,85,NORMAL,NONE,70,30,80,EXTREME,88,40,60,1.64,False,40,2.4285714285714284,0.0,RANGING,90,False,NONE,0.862355,0.863795,0.863602,FAR,30,50,85,50,NONE,NONE,NONE,False,[],0,0,ACCUMULATION,ACCUMULATION,50,65,True,26,"Smart money accumulation. Bullish bias, look for breakout.",1.35,0.5,False,False,True,True,0.3,0.3,True,False,False,22,False,[],0,NO,ACCUMULATION,"Smart money accumulation. Bullish bias, look for breakout.",EXTREME,LOW,0.028,[],True,Passed basic checks,0,50,50,MEDIUM,5,WAIT,รอการวิเคราะห์จาก AI,0.86354,0.862987,76.74,0.863728,0.863797,0.863677,BULLISH,AT_RESISTANCE
2026-06-26 19:43:00,0.863755,0.863775,0.863705,0.86373,216.0,EURGBP,BULLISH,0.863218,0.862977,0.862806,0.862635,0.862403,0.862142,BULLISH,0.86336,0.862017,0.001343,0.000553,88.34,71.36,0.000162,4.6e-05,0.000116,89.67,88.17,0.000239,91.46,1.64,0.000183,0.000168,21.24,43.4,9.63,63.67,0.1386,1648,1220.45,1.35,False,RISING,0.000134,3.5e-05,1e-06,0.862355,0.863795,0.863602,0.863808,0.864002,0.863408,0.863202,50,6.03,0.863685,0.863364,76.71,0.000265,0.000238,92.67,88.1,0.000135,0.862825,0.863795,0.863935,0.862739,216,0.779,0.86373,0.863775,0.863705,0.863755,LONDON,63057,HIGH,0.86373,0.863775,0.863705,0.863755,LONDON,63057,HIGH,NONE,BULLISH,WEAK,LOW_WICK,NEUTRAL,NORMAL,NONE,TESTING_RESISTANCE,44,33,-3.4482758620689653,61,NEUTRAL,False,70,[],0,0,NEUTRAL,BULLISH,40,False,NONE,0,False,False,False,60,False,0,100,UP,NONE,NONE,0,True,75,97,3,80,True,True,CONTINUATION,70,True,85.0,BULLISH,True,BULLISH,True,True,90,True,70,45.689655172418824,25.653206650829674,55.00000000000001,42,FAIR,False,75,64,-0.041246203482012224,5,30.000000000000004,True,RANDOM,70,46.994323744177315,4.5513272878565845,True,VOLATILITY_REGIME_CHANGE,True,True,True,0,False,70,UP,100,IMPULSIVE,EXTREME,UP,100,0.1386,IMPULSIVE,85,30,85,NORMAL,NONE,70,30,80,EXTREME,88,40,60,1.64,False,40,2.4285714285714284,0.0,RANGING,90,False,NONE,0.862355,0.863795,0.863602,FAR,30,50,85,50,NONE,NONE,NONE,False,[],0,0,ACCUMULATION,ACCUMULATION,50,65,True,26,"Smart money accumulation. Bullish bias, look for breakout.",1.35,0.5,False,False,True,True,0.3,0.3,True,False,False,22,False,[],0,NO,ACCUMULATION,"Smart money accumulation. Bullish bias, look for breakout.",EXTREME,LOW,0.028,[],True,Passed basic checks,0,50,50,MEDIUM,5,WAIT,รอการวิเคราะห์จาก AI,0.863575,0.863016,68.57,0.863737,0.863768,0.863698,BULLISH,AT_RESISTANCE
2026-06-26 19:44:00,0.863725,0.86379,0.8637,0.863745,240.0,EURGBP,BULLISH,0.863218,0.862977,0.862806,0.862635,0.862403,0.862142,BULLISH,0.86336,0.862017,0.001343,0.000553,88.34,71.36,0.000162,4.6e-05,0.000116,89.67,88.17,0.000239,91.46,1.64,0.000183,0.000168,21.24,43.4,9.63,63.67,0.1386,1648,1220.45,1.35,False,RISING,0.000134,3.5e-05,1e-06,0.862355,0.863795,0.863602,0.863808,0.864002,0.863408,0.863202,50,6.03,0.863705,0.8634,80.5,0.000263,0.000243,93.96,91.7,0.000135,0.862885,0.863795,0.863982,0.862758,240,0.894,0.863745,0.86379,0.8637,0.863725,LONDON,63391,HIGH,0.863745,0.86379,0.8637,0.863725,LONDON,63391,HIGH,NONE,BULLISH,WEAK,LOW_WICK,NEUTRAL,NORMAL,NONE,TESTING_RESISTANCE,44,33,-3.4482758620689653,61,NEUTRAL,False,70,[],0,0,NEUTRAL,BULLISH,40,False,NONE,0,False,False,False,60,False,0,100,UP,NONE,NONE,0,True,75,97,3,80,True,True,CONTINUATION,70,True,85.0,BULLISH,True,BULLISH,True,True,90,True,70,45.689655172418824,25.653206650829674,55.00000000000001,42,FAIR,False,75,64,-0.041246203482012224,5,30.000000000000004,True,RANDOM,70,46.994323744177315,4.5513272878565845,True,VOLATILITY_REGIME_CHANGE,True,True,True,0,False,70,UP,100,IMPULSIVE,EXTREME,UP,100,0.1386,IMPULSIVE,85,30,85,NORMAL,NONE,70,30,80,EXTREME,88,40,60,1.64,False,40,2.4285714285714284,0.0,RANGING,90,False,NONE,0.862355,0.863795,0.863602,FAR,30,50,85,50,NONE,NONE,NONE,False,[],0,0,ACCUMULATION,ACCUMULATION,50,65,True,26,"Smart money accumulation. Bullish bias, look for breakout.",1.35,0.5,False,False,True,True,0.3,0.3,True,False,False,22,False,[],0,NO,ACCUMULATION,"Smart money accumulation. Bullish bias, look for breakout.",EXTREME,LOW,0.028,[],True,Passed basic checks,0,50,50,MEDIUM,5,WAIT,รอการวิเคราะห์จาก AI,0.863606,0.863045,49.23,0.863745,0.86379,0.8637,BULLISH,AT_RESISTANCE
2026-06-26 19:45:00,0.86375,0.863795,0.863715,0.863725,144.0,EURGBP,BULLISH,0.863387,0.863113,0.862894,0.862678,0.86243,0.862158,BULLISH,0.863559,0.861937,0.001622,0.000568,90.07,85.44,0.000214,8e-05,0.000134,93.74,92.27,0.000227,87.94,1.42,0.000189,0.000166,24.27,40.86,9.07,63.67,0.1519,1084,1206.4,0.899,False,FALLING,0.000157,4.7e-05,4e-06,0.862355,0.863795,0.86371,0.86381,0.863895,0.863625,0.863525,50,6.34,0.863712,0.863431,83.98,0.000256,0.000246,93.22,93.28,0.000134,0.862885,0.863795,0.864021,0.862779,144,0.554,0.863725,0.863795,0.863715,0.86375,LONDON,62884,HIGH,0.863725,0.863795,0.863715,0.86375,LONDON,62884,HIGH,NONE,BULLISH,WEAK,LOW_WICK,NEUTRAL,NORMAL,NONE,TESTING_PIVOT,43,33,3.4482758620689653,60,NEUTRAL,False,70,[],0,0,NEUTRAL,BULLISH,40,False,NONE,0,False,False,False,60,False,0,100,UP,NONE,NONE,0,True,75,70,30,80,False,True,CONTINUATION,70,True,85.0,BULLISH,True,BULLISH,True,True,90,True,70,49.377593360994055,27.197149643703295,60.0,45,FAIR,False,75,63,-0.016431128857295346,5,19.999999999999996,True,RANDOM,70,47.4846030880677,4.14951554780138,True,MOMENTUM_SHIFT,False,True,True,35,False,70,UP,100,IMPULSIVE,EXTREME,UP,100,0.1519,IMPULSIVE,90,30,95,NORMAL,NONE,70,45,80,EXTREME,88,40,60,1.42,False,40,2.855633802816901,0.0,RANGING,90,False,NONE,0.862355,0.863795,0.86371,FAR,30,50,85,50,NONE,NONE,NONE,False,[],0,0,TRENDING_STRONG,TRENDING_STRONG,50,75,True,27,Strong directional trend with high momentum. Favorable for trend-following strategies.,0.899,0.5,True,False,True,True,0.3,0.3,True,False,False,22,False,[],0,NO,TRENDING_STRONG,Strong directional trend with high momentum. Favorable for trend-following strategies.,EXTREME,LOW,0.026,[],True,Passed basic checks,0,50,50,MEDIUM,5,WAIT,รอการวิเคราะห์จาก AI,0.863627,0.863072,65.31,0.863745,0.863775,0.863695,BULLISH,AT_PIVOT
2026-06-26 19:46:00,0.863715,0.86383,0.8637,0.863815,184.0,EURGBP,BULLISH,0.863387,0.863113,0.862894,0.862678,0.86243,0.862158,BULLISH,0.863559,0.861937,0.001622,0.000568,90.07,85.44,0.000214,8e-05,0.000134,93.74,92.27,0.000227,87.94,1.42,0.000189,0.000166,24.27,40.86,9.07,63.67,0.1519,1084,1206.4,0.899,False,FALLING,0.000157,4.7e-05,4e-06,0.862355,0.863795,0.86371,0.86381,0.863895,0.863625,0.863525,50,6.34,0.863746,0.863468,84.26,0.000255,0.000248,95.0,94.06,0.000132,0.862885,0.86383,0.864064,0.862811,184,0.727,0.863815,0.86383,0.8637,0.863715,LONDON,63325,HIGH,0.863815,0.86383,0.8637,0.863715,LONDON,63325,HIGH,NONE,BULLISH,WEAK,LOW_WICK,NEUTRAL,NORMAL,NONE,TESTING_PIVOT,43,33,3.4482758620689653,60,NEUTRAL,False,70,[],0,0,NEUTRAL,BULLISH,40,False,NONE,0,False,False,False,60,False,0,100,UP,NONE,NONE,0,True,75,70,30,80,False,True,CONTINUATION,70,True,85.0,BULLISH,True,BULLISH,True,True,90,True,70,49.377593360994055,27.197149643703295,60.0,45,FAIR,False,75,63,-0.016431128857295346,5,19.999999999999996,True,RANDOM,70,47.4846030880677,4.14951554780138,True,MOMENTUM_SHIFT,False,True,True,35,False,70,UP,100,IMPULSIVE,EXTREME,UP,100,0.1519,IMPULSIVE,90,30,95,NORMAL,NONE,70,45,80,EXTREME,88,40,60,1.42,False,40,2.855633802816901,0.0,RANGING,90,False,NONE,0.862355,0.863795,0.86371,FAR,30,50,85,50,NONE,NONE,NONE,False,[],0,0,TRENDING_STRONG,TRENDING_STRONG,50,75,True,27,Strong directional trend with high momentum. Favorable for trend-following strategies.,0.899,0.5,True,False,True,True,0.3,0.3,True,False,False,22,False,[],0,NO,TRENDING_STRONG,Strong directional trend with high momentum. Favorable for trend-following strategies.,EXTREME,LOW,0.026,[],True,Passed basic checks,0,50,50,MEDIUM,5,WAIT,รอการวิเคราะห์จาก AI,0.863662,0.863101,87.72,0.863782,0.863863,0.863733,BULLISH,AT_PIVOT
2026-06-26 19:47:00,0.86381,0.864105,0.86381,0.86403,409.0,EURGBP,BULLISH,0.863387,0.863113,0.862894,0.862678,0.86243,0.862158,BULLISH,0.863559,0.861937,0.001622,0.000568,90.07,85.44,0.000214,8e-05,0.000134,93.74,92.27,0.000227,87.94,1.42,0.000189,0.000166,24.27,40.86,9.07,63.67,0.1519,1084,1206.4,0.899,False,FALLING,0.000157,4.7e-05,4e-06,0.862355,0.863795,0.86371,0.86381,0.863895,0.863625,0.863525,50,6.34,0.863841,0.863521,84.77,0.000269,0.000252,94.16,94.13,0.000141,0.862885,0.864105,0.864141,0.862828,409,1.554,0.86403,0.864105,0.86381,0.86381,LONDON,62661,HIGH,0.86403,0.864105,0.86381,0.86381,LONDON,62661,HIGH,NONE,BULLISH,WEAK,LOW_WICK,NEUTRAL,NORMAL,NONE,NONE,43,33,3.4482758620689653,60,NEUTRAL,False,70,[],0,0,NEUTRAL,BULLISH,40,False,NONE,0,False,False,False,60,False,0,100,UP,NONE,NONE,0,True,75,70,30,80,False,True,CONTINUATION,70,True,85.0,BULLISH,True,BULLISH,True,True,90,True,70,49.377593360994055,27.197149643703295,60.0,45,FAIR,False,75,63,-0.016431128857295346,5,19.999999999999996,True,RANDOM,70,47.4846030880677,4.14951554780138,True,MOMENTUM_SHIFT,False,True,True,35,False,70,UP,100,IMPULSIVE,EXTREME,UP,100,0.1519,IMPULSIVE,90,30,95,NORMAL,NONE,70,45,80,EXTREME,88,40,60,1.42,False,40,2.855633802816901,0.0,RANGING,90,False,NONE,0.862355,0.863795,0.86371,FAR,30,50,85,50,NONE,NONE,NONE,False,[],0,0,SIDEWAY_RANGE,SIDEWAY_RANGE,50,60,True,27,Price ranging between clear levels. Suitable for mean-reversion strategies.,0.899,0.5,True,False,True,True,0.3,0.3,True,False,False,22,False,[],0,NO,SIDEWAY_RANGE,Price ranging between clear levels. Suitable for mean-reversion strategies.,EXTREME,LOW,0.026,[],True,Passed basic checks,0,50,50,MEDIUM,5,WAIT,รอการวิเคราะห์จาก AI,0.863729,0.863137,92.78,0.863982,0.864153,0.863858,BULLISH,NONE
2026-06-26 19:48:00,0.864035,0.864035,0.863925,0.864,206.0,EURGBP,BULLISH,0.863387,0.863113,0.862894,0.862678,0.86243,0.862158,BULLISH,0.863559,0.861937,0.001622,0.000568,90.07,85.44,0.000214,8e-05,0.000134,93.74,92.27,0.000227,87.94,1.42,0.000189,0.000166,24.27,40.86,9.07,63.67,0.1519,1084,1206.4,0.899,False,FALLING,0.000157,4.7e-05,4e-06,0.862355,0.863795,0.86371,0.86381,0.863895,0.863625,0.863525,50,6.34,0.863894,0.863567,80.0,0.000274,0.000256,92.32,93.82,0.000135,0.862885,0.864105,0.864196,0.862866,206,0.779,0.864,0.864035,0.863925,0.864035,LONDON,63101,HIGH,0.864,0.864035,0.863925,0.864035,LONDON,63101,HIGH,NONE,BULLISH,WEAK,LOW_WICK,NEUTRAL,NORMAL,NONE,NONE,43,33,3.4482758620689653,60,NEUTRAL,False,70,[],0,0,NEUTRAL,BULLISH,40,False,NONE,0,False,False,False,60,False,0,100,UP,NONE,NONE,0,True,75,70,30,80,False,True,CONTINUATION,70,True,85.0,BULLISH,True,BULLISH,True,True,90,True,70,49.377593360994055,27.197149643703295,60.0,45,FAIR,False,75,63,-0.016431128857295346,5,19.999999999999996,True,RANDOM,70,47.4846030880677,4.14951554780138,True,MOMENTUM_SHIFT,False,True,True,35,False,70,UP,100,IMPULSIVE,EXTREME,UP,100,0.1519,IMPULSIVE,90,30,95,NORMAL,NONE,70,45,80,EXTREME,88,40,60,1.42,False,40,2.855633802816901,0.0,RANGING,90,False,NONE,0.862355,0.863795,0.86371,FAR,30,50,85,50,NONE,NONE,NONE,False,[],0,0,TRENDING_STRONG,TRENDING_STRONG,50,75,True,27,Strong directional trend with high momentum. Favorable for trend-following strategies.,0.899,0.5,True,False,True,True,0.3,0.3,True,False,False,22,False,[],0,NO,TRENDING_STRONG,Strong directional trend with high momentum. Favorable for trend-following strategies.,EXTREME,LOW,0.026,[],True,Passed basic checks,0,50,50,MEDIUM,5,WAIT,รอการวิเคราะห์จาก AI,0.863778,0.863171,84.52,0.863987,0.864048,0.863938,BULLISH,NONE
2026-06-26 19:49:00,0.863995,0.86414,0.86396,0.864115,207.0,EURGBP,BULLISH,0.863387,0.863113,0.862894,0.862678,0.86243,0.862158,BULLISH,0.863559,0.861937,0.001622,0.000568,90.07,85.44,0.000214,8e-05,0.000134,93.74,92.27,0.000227,87.94,1.42,0.000189,0.000166,24.27,40.86,9.07,63.67,0.1519,1084,1206.4,0.899,False,FALLING,0.000157,4.7e-05,4e-06,0.862355,0.863795,0.86371,0.86381,0.863895,0.863625,0.863525,50,6.34,0.863968,0.863619,81.22,0.000284,0.000262,91.81,92.76,0.00014,0.862885,0.86414,0.864259,0.862907,207,0.79,0.864115,0.86414,0.86396,0.863995,LONDON,62487,HIGH,0.864115,0.86414,0.86396,0.863995,LONDON,62487,HIGH,NONE,BULLISH,WEAK,LOW_WICK,NEUTRAL,NORMAL,NONE,NONE,43,33,3.4482758620689653,60,NEUTRAL,False,70,[],0,0,NEUTRAL,BULLISH,40,False,NONE,0,False,False,False,60,False,0,100,UP,NONE,NONE,0,True,75,70,30,80,False,True,CONTINUATION,70,True,85.0,BULLISH,True,BULLISH,True,True,90,True,70,49.377593360994055,27.197149643703295,60.0,45,FAIR,False,75,63,-0.016431128857295346,5,19.999999999999996,True,RANDOM,70,47.4846030880677,4.14951554780138,True,MOMENTUM_SHIFT,False,True,True,35,False,70,UP,100,IMPULSIVE,EXTREME,UP,100,0.1519,IMPULSIVE,90,30,95,NORMAL,NONE,70,45,80,EXTREME,88,40,60,1.42,False,40,2.855633802816901,0.0,RANGING,90,False,NONE,0.862355,0.863795,0.86371,FAR,30,50,85,50,NONE,NONE,NONE,False,[],0,0,TRENDING_STRONG,TRENDING_STRONG,50,75,True,27,Strong directional trend with high momentum. Favorable for trend-following strategies.,0.899,0.5,True,False,True,True,0.3,0.3,True,False,False,22,False,[],0,NO,TRENDING_STRONG,Strong directional trend with high momentum. Favorable for trend-following strategies.,EXTREME,LOW,0.026,[],True,Passed basic checks,0,50,50,MEDIUM,5,WAIT,รอการวิเคราะห์จาก AI,0.863839,0.863208,87.0,0.864072,0.864183,0.864003,BULLISH,NONE
2026-06-26 19:50:00,0.86411,0.86425,0.86409,0.86424,382.0,EURGBP,BULLISH,0.863672,0.863318,0.863022,0.862739,0.862465,0.862178,BULLISH,0.863876,0.861787,0.002089,0.000587,93.75,88.3,0.000293,0.000122,0.000171,94.04,92.48,0.000258,95.98,1.88,0.000199,0.000165,27.7,47.46,7.64,72.28,0.1983,1388,1234.3,1.125,False,RISING,0.000192,6.6e-05,8e-06,0.862355,0.86425,0.864063,0.864427,0.864613,0.863877,0.863513,50,7.34,0.864058,0.863678,81.06,0.000299,0.000269,94.03,92.72,0.000141,0.862885,0.86425,0.864325,0.862965,382,1.398,0.86424,0.86425,0.86409,0.86411,LONDON,62950,HIGH,0.86424,0.86425,0.86409,0.86411,LONDON,62950,HIGH,NONE,BULLISH,WEAK,LOW_WICK,NEUTRAL,NORMAL,NONE,TESTING_RESISTANCE,46,30,10.344827586206897,57,NEUTRAL,False,70,[],0,0,NEUTRAL,BULLISH,40,False,NONE,0,False,False,False,60,False,0,100,UP,NONE,UP,0,True,75,97,3,80,True,True,CONTINUATION,70,True,85.0,BULLISH,True,BULLISH,True,True,90,True,70,57.63888888888884,36.149732620319455,60.0,51,FAIR,False,75,73,0.03442075136608129,5,9.999999999999998,True,RANDOM,70,48.73518329963325,3.645595619630616,True,VOLATILITY_REGIME_CHANGE,True,True,True,0,False,70,UP,100,IMPULSIVE,EXTREME,UP,100,0.1983,IMPULSIVE,90,30,95,NORMAL,NONE,75,45,85,EXTREME,88,40,60,1.88,False,40,3.558773424190801,0.0,RANGING,90,False,NONE,0.862355,0.86425,0.864063,FAR,30,50,85,50,NONE,NONE,NONE,False,[],0,0,TRENDING_STRONG,TRENDING_STRONG,50,75,True,28,Strong directional trend with high momentum. Favorable for trend-following strategies.,1.125,0.5,True,False,True,True,0.3,0.3,True,False,False,22,False,[],0,NO,TRENDING_STRONG,Strong directional trend with high momentum. Favorable for trend-following strategies.,EXTREME,LOW,0.03,[],True,Passed basic checks,0,50,50,MEDIUM,5,WAIT,รอการวิเคราะห์จาก AI,0.863912,0.863249,91.8,0.864193,0.864297,0.864137,BULLISH,AT_RESISTANCE
2026-06-26 19:51:00,0.864235,0.86431,0.864185,0.864305,424.0,EURGBP,BULLISH,0.863672,0.863318,0.863022,0.862739,0.862465,0.862178,BULLISH,0.863876,0.861787,0.002089,0.000587,93.75,88.3,0.000293,0.000122,0.000171,94.04,92.48,0.000258,95.98,1.88,0.000199,0.000165,27.7,47.46,7.64,72.28,0.1983,1388,1234.3,1.125,False,RISING,0.000192,6.6e-05,8e-06,0.862355,0.86425,0.864063,0.864427,0.864613,0.863877,0.863513,50,7.34,0.864141,0.863738,78.17,0.000312,0.000278,98.22,94.68,0.000131,0.862885,0.86431,0.864369,0.863057,424,1.495,0.864305,0.86431,0.864185,0.864235,LONDON,63266,HIGH,0.864305,0.86431,0.864185,0.864235,LONDON,63266,HIGH,NONE,BULLISH,WEAK,LOW_WICK,NEUTRAL,NORMAL,NONE,TESTING_RESISTANCE,46,30,10.344827586206897,57,NEUTRAL,False,70,[],0,0,NEUTRAL,BULLISH,40,False,NONE,0,False,False,False,60,False,0,100,UP,NONE,UP,0,True,75,97,3,80,True,True,CONTINUATION,70,True,85.0,BULLISH,True,BULLISH,True,True,90,True,70,57.63888888888884,36.149732620319455,60.0,51,FAIR,False,75,73,0.03442075136608129,5,9.999999999999998,True,RANDOM,70,48.73518329963325,3.645595619630616,True,VOLATILITY_REGIME_CHANGE,True,True,True,0,False,70,UP,100,IMPULSIVE,EXTREME,UP,100,0.1983,IMPULSIVE,90,30,95,NORMAL,NONE,75,45,85,EXTREME,88,40,60,1.88,False,40,3.558773424190801,0.0,RANGING,90,False,NONE,0.862355,0.86425,0.864063,FAR,30,50,85,50,NONE,NONE,NONE,False,[],0,0,TRENDING_STRONG,TRENDING_STRONG,50,75,True,28,Strong directional trend with high momentum. Favorable for trend-following strategies.,1.125,0.5,True,False,True,True,0.3,0.3,True,False,False,22,False,[],0,NO,TRENDING_STRONG,Strong directional trend with high momentum. Favorable for trend-following strategies.,EXTREME,LOW,0.03,[],True,Passed basic checks,0,50,50,MEDIUM,5,WAIT,รอการวิเคราะห์จาก AI,0.863983,0.86329,92.42,0.864267,0.864348,0.864223,BULLISH,AT_RESISTANCE
2026-06-26 19:52:00,0.864305,0.864325,0.86411,0.86416,321.0,EURGBP,BULLISH,0.863672,0.863318,0.863022,0.862739,0.862465,0.862178,BULLISH,0.863876,0.861787,0.002089,0.000587,93.75,88.3,0.000293,0.000122,0.000171,94.04,92.48,0.000258,95.98,1.88,0.000199,0.000165,27.7,47.46,7.64,72.28,0.1983,1388,1234.3,1.125,False,RISING,0.000192,6.6e-05,8e-06,0.862355,0.86425,0.864063,0.864427,0.864613,0.863877,0.863513,50,7.34,0.864147,0.863778,74.76,0.000308,0.000284,92.33,94.86,0.000136,0.863005,0.864325,0.864366,0.863175,321,1.11,0.86416,0.864325,0.86411,0.864305,LONDON,62785,HIGH,0.86416,0.864325,0.86411,0.864305,LONDON,62785,HIGH,NONE,BULLISH,WEAK,LOW_WICK,NEUTRAL,NORMAL,NONE,TESTING_PIVOT,46,30,10.344827586206897,57,NEUTRAL,False,70,[],0,0,NEUTRAL,BULLISH,40,False,NONE,0,False,False,False,60,False,0,100,UP,NONE,UP,0,True,75,97,3,80,True,True,CONTINUATION,70,True,85.0,BULLISH,True,BULLISH,True,True,90,True,70,57.63888888888884,36.149732620319455,60.0,51,FAIR,False,75,73,0.03442075136608129,5,9.999999999999998,True,RANDOM,70,48.73518329963325,3.645595619630616,True,VOLATILITY_REGIME_CHANGE,True,True,True,0,False,70,UP,100,IMPULSIVE,EXTREME,UP,100,0.1983,IMPULSIVE,90,30,95,NORMAL,NONE,75,45,85,EXTREME,88,40,60,1.88,False,40,3.558773424190801,0.0,RANGING,90,False,NONE,0.862355,0.86425,0.864063,FAR,30,50,85,50,NONE,NONE,NONE,False,[],0,0,TRENDING_STRONG,TRENDING_STRONG,50,75,True,28,Strong directional trend with high momentum. Favorable for trend-following strategies.,1.125,0.5,True,False,True,True,0.3,0.3,True,False,False,22,False,[],0,NO,TRENDING_STRONG,Strong directional trend with high momentum. Favorable for trend-following strategies.,EXTREME,LOW,0.03,[],True,Passed basic checks,0,50,50,MEDIUM,5,WAIT,รอการวิเคราะห์จาก AI,0.864016,0.863324,77.71,0.864198,0.864287,0.864072,BULLISH,AT_PIVOT
2026-06-26 19:53:00,0.86416,0.864175,0.86391,0.863915,295.0,EURGBP,BULLISH,0.863672,0.863318,0.863022,0.862739,0.862465,0.862178,BULLISH,0.863876,0.861787,0.002089,0.000587,93.75,88.3,0.000293,0.000122,0.000171,94.04,92.48,0.000258,95.98,1.88,0.000199,0.000165,27.7,47.46,7.64,72.28,0.1983,1388,1234.3,1.125,False,RISING,0.000192,6.6e-05,8e-06,0.862355,0.86425,0.864063,0.864427,0.864613,0.863877,0.863513,50,7.34,0.86407,0.863791,62.86,0.000281,0.000283,75.37,88.64,0.000147,0.86317,0.864325,0.864337,0.863277,295,1.019,0.863915,0.864175,0.86391,0.86416,LONDON,63357,HIGH,0.863915,0.864175,0.86391,0.86416,LONDON,63357,HIGH,NONE,BULLISH,WEAK,LOW_WICK,NEUTRAL,NORMAL,NONE,NONE,46,30,10.344827586206897,57,NEUTRAL,False,70,[],0,0,NEUTRAL,BULLISH,40,False,NONE,0,False,False,False,60,False,0,100,UP,NONE,UP,0,True,75,97,3,80,True,True,CONTINUATION,70,True,85.0,BULLISH,True,BULLISH,True,True,90,True,70,57.63888888888884,36.149732620319455,60.0,51,FAIR,False,75,73,0.03442075136608129,5,9.999999999999998,True,RANDOM,70,48.73518329963325,3.645595619630616,True,VOLATILITY_REGIME_CHANGE,True,True,True,0,False,70,UP,100,IMPULSIVE,EXTREME,UP,100,0.1983,IMPULSIVE,90,30,95,NORMAL,NONE,75,45,85,EXTREME,88,40,60,1.88,False,40,3.558773424190801,0.0,RANGING,90,False,NONE,0.862355,0.86425,0.864063,FAR,30,50,85,50,NONE,NONE,NONE,False,[],0,0,TRENDING_STRONG,TRENDING_STRONG,50,75,True,28,Strong directional trend with high momentum. Favorable for trend-following strategies.,1.125,0.5,True,False,True,True,0.3,0.3,True,False,False,22,False,[],0,NO,TRENDING_STRONG,Strong directional trend with high momentum. Favorable for trend-following strategies.,EXTREME,LOW,0.03,[],True,Passed basic checks,0,50,50,MEDIUM,5,WAIT,รอการวิเคราะห์จาก AI,0.863997,0.863347,55.32,0.864,0.86409,0.863825,BULLISH,NONE
2026-06-26 19:54:00,0.86392,0.86397,0.863805,0.86383,293.0,EURGBP,BULLISH,0.863672,0.863318,0.863022,0.862739,0.862465,0.862178,BULLISH,0.863876,0.861787,0.002089,0.000587,93.75,88.3,0.000293,0.000122,0.000171,94.04,92.48,0.000258,95.98,1.88,0.000199,0.000165,27.7,47.46,7.64,72.28,0.1983,1388,1234.3,1.125,False,RISING,0.000192,6.6e-05,8e-06,0.862355,0.86425,0.864063,0.864427,0.864613,0.863877,0.863513,50,7.34,0.86399,0.863795,58.3,0.00025,0.000277,52.51,73.4,0.000152,0.86331,0.864325,0.864316,0.863345,293,1.009,0.86383,0.86397,0.863805,0.86392,LONDON,66938,HIGH,0.86383,0.86397,0.863805,0.86392,LONDON,66938,HIGH,NONE,BULLISH,WEAK,LOW_WICK,NEUTRAL,NORMAL,NONE,NONE,46,30,10.344827586206897,57,NEUTRAL,False,70,[],0,0,NEUTRAL,BULLISH,40,False,NONE,0,False,False,False,60,False,0,100,UP,NONE,UP,0,True,75,97,3,80,True,True,CONTINUATION,70,True,85.0,BULLISH,True,BULLISH,True,True,90,True,70,57.63888888888884,36.149732620319455,60.0,51,FAIR,False,75,73,0.03442075136608129,5,9.999999999999998,True,RANDOM,70,48.73518329963325,3.645595619630616,True,VOLATILITY_REGIME_CHANGE,True,True,True,0,False,70,UP,100,IMPULSIVE,EXTREME,UP,100,0.1983,IMPULSIVE,90,30,95,NORMAL,NONE,75,45,85,EXTREME,88,40,60,1.88,False,40,3.558773424190801,0.0,RANGING,90,False,NONE,0.862355,0.86425,0.864063,FAR,30,50,85,50,NONE,NONE,NONE,False,[],0,0,TRENDING_STRONG,TRENDING_STRONG,50,75,True,28,Strong directional trend with high momentum. Favorable for trend-following strategies.,1.125,0.5,True,False,True,True,0.3,0.3,True,False,False,22,False,[],0,NO,TRENDING_STRONG,Strong directional trend with high momentum. Favorable for trend-following strategies.,EXTREME,LOW,0.03,[],True,Passed basic checks,0,50,50,MEDIUM,5,WAIT,รอการวิเคราะห์จาก AI,0.863967,0.863366,37.65,0.863868,0.863932,0.863767,BULLISH,NONE
2026-06-26 19:55:00,0.86382,0.864005,0.86381,0.863965,246.0,EURGBP,BULLISH,0.863769,0.863436,0.863112,0.862787,0.862495,0.862199,BULLISH,0.864053,0.861751,0.002301,0.000609,81.18,78.66,0.00033,0.000164,0.000166,92.11,93.3,0.000285,98.99,2.27,0.00021,0.000165,30.96,42.89,6.58,73.4,0.1681,1579,1259.45,1.254,False,RISING,0.000197,7.8e-05,1.1e-05,0.862355,0.864325,0.864032,0.864258,0.864552,0.863738,0.863512,50,6.91,0.863982,0.863811,59.55,0.000234,0.000268,41.47,56.45,0.000157,0.863395,0.864325,0.864303,0.863415,246,0.863,0.863965,0.864005,0.86381,0.86382,LONDON,63265,HIGH,0.863965,0.864005,0.86381,0.86382,LONDON,63265,HIGH,NONE,BEARISH,WEAK,LOW_WICK,NEUTRAL,NORMAL,NONE,TESTING_PIVOT,46,30,10.344827586206897,60,NEUTRAL,False,70,[],0,0,NEUTRAL,BEARISH,40,False,NONE,0,False,False,False,60,False,0,100,UP,NONE,NONE,0,True,75,70,30,80,False,True,CONTINUATION,70,True,60.0,BULLISH,True,BULLISH,True,True,90,True,70,45.279999999997564,27.308838133068154,60.0,44,FAIR,False,75,60,-0.10378962237617581,5,0.0,False,RANDOM,70,43.25124494872565,8.54232361333784,True,VOLATILITY_REGIME_CHANGE,True,True,True,0,False,70,UP,100,IMPULSIVE,EXTREME,UP,100,0.1681,IMPULSIVE,90,30,95,NORMAL,NONE,75,30,85,EXTREME,88,40,60,2.27,True,40,3.77832512315271,0.0,RANGING,90,False,NONE,0.862355,0.864258,0.864032,FAR,30,50,85,50,NONE,NONE,NONE,False,[],0,0,ACCUMULATION,ACCUMULATION,50,65,True,29,"Smart money accumulation. Bullish bias, look for breakout.",1.254,0.5,True,False,True,True,0.3,0.3,True,False,False,22,False,[],0,NO,ACCUMULATION,"Smart money accumulation. Bullish bias, look for breakout.",EXTREME,LOW,0.033,[],True,Passed basic checks,0,50,50,MEDIUM,5,WAIT,รอการวิเคราะห์จาก AI,0.863967,0.86339,48.09,0.863927,0.864043,0.863848,BEARISH,AT_PIVOT
2026-06-26 19:56:00,0.86397,0.864315,0.86397,0.86422,541.0,EURGBP,BULLISH,0.863769,0.863436,0.863112,0.862787,0.862495,0.862199,BULLISH,0.864053,0.861751,0.002301,0.000609,81.18,78.66,0.00033,0.000164,0.000166,92.11,93.3,0.000285,98.99,2.27,0.00021,0.000165,30.96,42.89,6.58,73.4,0.1681,1579,1259.45,1.254,False,RISING,0.000197,7.8e-05,1.1e-05,0.862355,0.864325,0.864032,0.864258,0.864552,0.863738,0.863512,50,6.91,0.864061,0.86385,65.27,0.000238,0.000262,53.28,49.08,0.000174,0.863505,0.864325,0.864338,0.863449,541,1.835,0.86422,0.864315,0.86397,0.86397,LONDON,62738,HIGH,0.86422,0.864315,0.86397,0.86397,LONDON,62738,HIGH,NONE,BEARISH,WEAK,LOW_WICK,NEUTRAL,NORMAL,NONE,TESTING_RESISTANCE,46,30,10.344827586206897,60,NEUTRAL,False,70,[],0,0,NEUTRAL,BEARISH,40,False,NONE,0,False,False,False,60,False,0,100,UP,NONE,NONE,0,True,75,70,30,80,False,True,CONTINUATION,70,True,60.0,BULLISH,True,BULLISH,True,True,90,True,70,45.279999999997564,27.308838133068154,60.0,44,FAIR,False,75,60,-0.10378962237617581,5,0.0,False,RANDOM,70,43.25124494872565,8.54232361333784,True,VOLATILITY_REGIME_CHANGE,True,True,True,0,False,70,UP,100,IMPULSIVE,EXTREME,UP,100,0.1681,IMPULSIVE,90,30,95,NORMAL,NONE,75,30,85,EXTREME,88,40,60,2.27,True,40,3.77832512315271,0.0,RANGING,90,False,NONE,0.862355,0.864258,0.864032,FAR,30,50,85,50,NONE,NONE,NONE,False,[],0,0,ACCUMULATION,ACCUMULATION,50,65,True,29,"Smart money accumulation. Bullish bias, look for breakout.",1.254,0.5,True,False,True,True,0.3,0.3,True,False,False,22,False,[],0,NO,ACCUMULATION,"Smart money accumulation. Bullish bias, look for breakout.",EXTREME,LOW,0.033,[],True,Passed basic checks,0,50,50,MEDIUM,5,WAIT,รอการวิเคราะห์จาก AI,0.864013,0.863422,54.98,0.864168,0.864367,0.864022,BEARISH,AT_RESISTANCE
2026-06-26 19:57:00,0.864225,0.864365,0.864185,0.86435,418.0,EURGBP,BULLISH,0.863769,0.863436,0.863112,0.862787,0.862495,0.862199,BULLISH,0.864053,0.861751,0.002301,0.000609,81.18,78.66,0.00033,0.000164,0.000166,92.11,93.3,0.000285,98.99,2.27,0.00021,0.000165,30.96,42.89,6.58,73.4,0.1681,1579,1259.45,1.254,False,RISING,0.000197,7.8e-05,1.1e-05,0.862355,0.864325,0.864032,0.864258,0.864552,0.863738,0.863512,50,6.91,0.864157,0.863898,68.56,0.00025,0.00026,75.6,56.78,0.000181,0.86354,0.864365,0.864406,0.86344,418,1.406,0.86435,0.864365,0.864185,0.864225,LONDON,63021,HIGH,0.86435,0.864365,0.864185,0.864225,LONDON,63021,HIGH,NONE,BEARISH,WEAK,LOW_WICK,NEUTRAL,NORMAL,NONE,TESTING_RESISTANCE,46,30,10.344827586206897,60,NEUTRAL,False,70,[],0,0,NEUTRAL,BEARISH,40,False,NONE,0,False,False,False,60,False,0,100,UP,NONE,NONE,0,True,75,70,30,80,False,True,CONTINUATION,70,True,60.0,BULLISH,True,BULLISH,True,True,90,True,70,45.279999999997564,27.308838133068154,60.0,44,FAIR,False,75,60,-0.10378962237617581,5,0.0,False,RANDOM,70,43.25124494872565,8.54232361333784,True,VOLATILITY_REGIME_CHANGE,True,True,True,0,False,70,UP,100,IMPULSIVE,EXTREME,UP,100,0.1681,IMPULSIVE,90,30,95,NORMAL,NONE,75,30,85,EXTREME,88,40,60,2.27,True,40,3.77832512315271,0.0,RANGING,90,False,NONE,0.862355,0.864258,0.864032,FAR,30,50,85,50,NONE,NONE,NONE,False,[],0,0,ACCUMULATION,ACCUMULATION,50,65,True,29,"Smart money accumulation. Bullish bias, look for breakout.",1.254,0.5,True,False,True,True,0.3,0.3,True,False,False,22,False,[],0,NO,ACCUMULATION,"Smart money accumulation. Bullish bias, look for breakout.",EXTREME,LOW,0.033,[],True,Passed basic checks,0,50,50,MEDIUM,5,WAIT,รอการวิเคราะห์จาก AI,0.864074,0.863459,55.19,0.8643,0.864415,0.864235,BEARISH,AT_RESISTANCE
2026-06-26 19:58:00,0.864345,0.86478,0.86428,0.864635,782.0,EURGBP,BULLISH,0.863769,0.863436,0.863112,0.862787,0.862495,0.862199,BULLISH,0.864053,0.861751,0.002301,0.000609,81.18,78.66,0.00033,0.000164,0.000166,92.11,93.3,0.000285,98.99,2.27,0.00021,0.000165,30.96,42.89,6.58,73.4,0.1681,1579,1259.45,1.254,False,RISING,0.000197,7.8e-05,1.1e-05,0.862355,0.864325,0.864032,0.864258,0.864552,0.863738,0.863512,50,6.91,0.864317,0.863968,72.94,0.000279,0.000263,89.17,72.68,0.000211,0.86354,0.86478,0.864533,0.863412,782,2.424,0.864635,0.86478,0.86428,0.864345,LONDON,63464,HIGH,0.864635,0.86478,0.86428,0.864345,LONDON,63464,HIGH,NONE,BEARISH,WEAK,LOW_WICK,NEUTRAL,NORMAL,NONE,NONE,46,30,10.344827586206897,60,NEUTRAL,False,70,[],0,0,NEUTRAL,BEARISH,40,False,NONE,0,False,False,False,60,False,0,100,UP,NONE,NONE,0,True,75,70,30,80,False,True,CONTINUATION,70,True,60.0,BULLISH,True,BULLISH,True,True,90,True,70,45.279999999997564,27.308838133068154,60.0,44,FAIR,False,75,60,-0.10378962237617581,5,0.0,False,RANDOM,70,43.25124494872565,8.54232361333784,True,VOLATILITY_REGIME_CHANGE,True,True,True,0,False,70,UP,100,IMPULSIVE,EXTREME,UP,100,0.1681,IMPULSIVE,90,30,95,NORMAL,NONE,75,30,85,EXTREME,88,40,60,2.27,True,40,3.77832512315271,0.0,RANGING,90,False,NONE,0.862355,0.864258,0.864032,FAR,30,50,85,50,NONE,NONE,NONE,False,[],0,0,ACCUMULATION,ACCUMULATION,50,65,True,29,"Smart money accumulation. Bullish bias, look for breakout.",1.254,0.5,True,False,True,True,0.3,0.3,True,False,False,22,False,[],0,NO,ACCUMULATION,"Smart money accumulation. Bullish bias, look for breakout.",EXTREME,LOW,0.033,[],True,Passed basic checks,0,50,50,MEDIUM,5,WAIT,รอการวิเคราะห์จาก AI,0.864176,0.863505,62.89,0.864565,0.86485,0.86435,BEARISH,NONE
2026-06-26 19:59:00,0.86464,0.865105,0.864615,0.86509,848.0,EURGBP,BULLISH,0.863769,0.863436,0.863112,0.862787,0.862495,0.862199,BULLISH,0.864053,0.861751,0.002301,0.000609,81.18,78.66,0.00033,0.000164,0.000166,92.11,93.3,0.000285,98.99,2.27,0.00021,0.000165,30.96,42.89,6.58,73.4,0.1681,1579,1259.45,1.254,False,RISING,0.000197,7.8e-05,1.1e-05,0.862355,0.864325,0.864032,0.864258,0.864552,0.863738,0.863512,50,6.91,0.864574,0.864075,78.74,0.000335,0.000278,94.42,86.4,0.00024,0.86354,0.865105,0.864771,0.863323,848,2.416,0.86509,0.865105,0.864615,0.86464,LONDON,62823,HIGH,0.86509,0.865105,0.864615,0.86464,LONDON,62823,HIGH,NONE,BEARISH,WEAK,LOW_WICK,NEUTRAL,NORMAL,NONE,NONE,46,30,10.344827586206897,60,NEUTRAL,False,70,[],0,0,NEUTRAL,BEARISH,40,False,NONE,0,False,False,False,60,False,0,100,UP,NONE,NONE,0,True,75,70,30,80,False,True,CONTINUATION,70,True,60.0,BULLISH,True,BULLISH,True,True,90,True,70,45.279999999997564,27.308838133068154,60.0,44,FAIR,False,75,60,-0.10378962237617581,5,0.0,False,RANDOM,70,43.25124494872565,8.54232361333784,True,VOLATILITY_REGIME_CHANGE,True,True,True,0,False,70,UP,100,IMPULSIVE,EXTREME,UP,100,0.1681,IMPULSIVE,90,30,95,NORMAL,NONE,75,30,85,EXTREME,88,40,60,2.27,True,40,3.77832512315271,0.0,RANGING,90,False,NONE,0.862355,0.864258,0.864032,FAR,30,50,85,50,NONE,NONE,NONE,False,[],0,0,ACCUMULATION,ACCUMULATION,50,65,True,29,"Smart money accumulation. Bullish bias, look for breakout.",1.254,0.5,True,False,True,True,0.3,0.3,True,False,False,22,False,[],0,NO,ACCUMULATION,"Smart money accumulation. Bullish bias, look for breakout.",EXTREME,LOW,0.033,[],True,Passed basic checks,0,50,50,MEDIUM,5,WAIT,รอการวิเคราะห์จาก AI,0.864342,0.863567,79.25,0.864937,0.865258,0.864768,BEARISH,NONE
2026-06-26 20:00:00,0.86508,0.86508,0.86489,0.865015,796.0,EURGBP,BULLISH,0.864185,0.863723,0.863293,0.862874,0.862545,0.862225,BULLISH,0.8645,0.861546,0.002954,0.000637,85.07,85.15,0.000439,0.000219,0.00022,92.64,92.93,0.000354,100.0,3.22,0.000229,0.000164,34.58,49.18,4.96,81.68,0.2928,3385,1361.55,2.486,True,RISING,0.000242,0.000103,1.6e-05,0.862355,0.865105,0.864697,0.865423,0.865832,0.864288,0.863562,50,7.77,0.864721,0.864164,75.42,0.000368,0.000296,92.86,92.15,0.000245,0.86361,0.865105,0.86493,0.863304,796,2.141,0.865015,0.86508,0.86489,0.86508,LONDON,63311,HIGH,0.865015,0.86508,0.86489,0.86508,LONDON,63311,HIGH,NONE,BULLISH,WEAK,LOW_WICK,NEUTRAL,NORMAL,NONE,TESTING_RESISTANCE,48,30,10.344827586206897,73,NEUTRAL,False,70,[],0,0,NEUTRAL,BULLISH,40,False,NONE,0,False,False,False,60,False,0,100,UP,UP,UP,0,True,75,97,3,80,True,True,CONTINUATION,70,True,85.0,BULLISH,True,BULLISH,True,True,90,True,70,58.64570737605672,39.386401326699506,60.0,52,FAIR,False,75,46,-0.2677329744017341,5,10.000000000000009,False,MEAN_REVERTING,70,37.66409995005072,15.739655818093146,True,VOLATILITY_REGIME_CHANGE,True,True,True,0,False,70,UP,100,IMPULSIVE,EXTREME,UP,100,0.2928,IMPULSIVE,90,30,95,NORMAL,NONE,75,45,85,EXTREME,88,40,60,3.22,True,40,4.637362637362638,0.0,RANGING,90,False,NONE,0.862355,0.865105,0.864697,FAR,30,50,85,50,NONE,NONE,NONE,False,[],0,0,ACCUMULATION,ACCUMULATION,50,65,True,31,"Smart money accumulation. Bullish bias, look for breakout.",2.486,0.5,True,False,True,True,0.3,0.3,True,False,True,22,False,[],0,NO,ACCUMULATION,"Smart money accumulation. Bullish bias, look for breakout.",EXTREME,LOW,0.041,[],True,Passed basic checks,0,50,50,MEDIUM,5,WAIT,รอการวิเคราะห์จาก AI,0.864464,0.863624,88.73,0.864995,0.8651,0.86491,BULLISH,AT_RESISTANCE
2026-06-26 20:01:00,0.86502,0.86517,0.864935,0.864975,807.0,EURGBP,BULLISH,0.864185,0.863723,0.863293,0.862874,0.862545,0.862225,BULLISH,0.8645,0.861546,0.002954,0.000637,85.07,85.15,0.000439,0.000219,0.00022,92.64,92.93,0.000354,100.0,3.22,0.000229,0.000164,34.58,49.18,4.96,81.68,0.2928,3385,1361.55,2.486,True,RISING,0.000242,0.000103,1.6e-05,0.862355,0.865105,0.864697,0.865423,0.865832,0.864288,0.863562,50,7.77,0.864806,0.864241,71.62,0.000388,0.000314,92.57,93.28,0.000241,0.86366,0.86517,0.865055,0.863306,807,2.016,0.864975,0.86517,0.864935,0.86502,LONDON,62521,HIGH,0.864975,0.86517,0.864935,0.86502,LONDON,62521,HIGH,NONE,BULLISH,WEAK,LOW_WICK,NEUTRAL,NORMAL,NONE,TESTING_RESISTANCE,48,30,10.344827586206897,73,NEUTRAL,False,70,[],0,0,NEUTRAL,BULLISH,40,False,NONE,0,False,False,False,60,False,0,100,UP,UP,UP,0,True,75,97,3,80,True,True,CONTINUATION,70,True,85.0,BULLISH,True,BULLISH,True,True,90,True,70,58.64570737605672,39.386401326699506,60.0,52,FAIR,False,75,46,-0.2677329744017341,5,10.000000000000009,False,MEAN_REVERTING,70,37.66409995005072,15.739655818093146,True,VOLATILITY_REGIME_CHANGE,True,True,True,0,False,70,UP,100,IMPULSIVE,EXTREME,UP,100,0.2928,IMPULSIVE,90,30,95,NORMAL,NONE,75,45,85,EXTREME,88,40,60,3.22,True,40,4.637362637362638,0.0,RANGING,90,False,NONE,0.862355,0.865105,0.864697,FAR,30,50,85,50,NONE,NONE,NONE,False,[],0,0,ACCUMULATION,ACCUMULATION,50,65,True,31,"Smart money accumulation. Bullish bias, look for breakout.",2.486,0.5,True,False,True,True,0.3,0.3,True,False,True,22,False,[],0,NO,ACCUMULATION,"Smart money accumulation. Bullish bias, look for breakout.",EXTREME,LOW,0.041,[],True,Passed basic checks,0,50,50,MEDIUM,5,WAIT,รอการวิเคราะห์จาก AI,0.864557,0.863677,91.64,0.865027,0.865118,0.864883,BULLISH,AT_RESISTANCE
2026-06-26 20:02:00,0.86498,0.86504,0.86477,0.86486,699.0,EURGBP,BULLISH,0.864185,0.863723,0.863293,0.862874,0.862545,0.862225,BULLISH,0.8645,0.861546,0.002954,0.000637,85.07,85.15,0.000439,0.000219,0.00022,92.64,92.93,0.000354,100.0,3.22,0.000229,0.000164,34.58,49.18,4.96,81.68,0.2928,3385,1361.55,2.486,True,RISING,0.000242,0.000103,1.6e-05,0.862355,0.865105,0.864697,0.865423,0.865832,0.864288,0.863562,50,7.77,0.864824,0.8643,68.94,0.000389,0.000329,85.36,90.27,0.000252,0.8637,0.86517,0.865136,0.863336,699,1.653,0.86486,0.86504,0.86477,0.86498,LONDON,63024,HIGH,0.86486,0.86504,0.86477,0.86498,LONDON,63024,HIGH,NONE,BULLISH,WEAK,LOW_WICK,NEUTRAL,NORMAL,NONE,TESTING_PIVOT,48,30,10.344827586206897,73,NEUTRAL,False,70,[],0,0,NEUTRAL,BULLISH,40,False,NONE,0,False,False,False,60,False,0,100,UP,UP,UP,0,True,75,97,3,80,True,True,CONTINUATION,70,True,85.0,BULLISH,True,BULLISH,True,True,90,True,70,58.64570737605672,39.386401326699506,60.0,52,FAIR,False,75,46,-0.2677329744017341,5,10.000000000000009,False,MEAN_REVERTING,70,37.66409995005072,15.739655818093146,True,VOLATILITY_REGIME_CHANGE,True,True,True,0,False,70,UP,100,IMPULSIVE,EXTREME,UP,100,0.2928,IMPULSIVE,90,30,95,NORMAL,NONE,75,45,85,EXTREME,88,40,60,3.22,True,40,4.637362637362638,0.0,RANGING,90,False,NONE,0.862355,0.865105,0.864697,FAR,30,50,85,50,NONE,NONE,NONE,False,[],0,0,ACCUMULATION,ACCUMULATION,50,65,True,31,"Smart money accumulation. Bullish bias, look for breakout.",2.486,0.5,True,False,True,True,0.3,0.3,True,False,True,22,False,[],0,NO,ACCUMULATION,"Smart money accumulation. Bullish bias, look for breakout.",EXTREME,LOW,0.041,[],True,Passed basic checks,0,50,50,MEDIUM,5,WAIT,รอการวิเคราะห์จาก AI,0.864612,0.863723,83.03,0.86489,0.86501,0.86474,BULLISH,AT_PIVOT
2026-06-26 20:03:00,0.864865,0.864905,0.864585,0.86461,624.0,EURGBP,BULLISH,0.864185,0.863723,0.863293,0.862874,0.862545,0.862225,BULLISH,0.8645,0.861546,0.002954,0.000637,85.07,85.15,0.000439,0.000219,0.00022,92.64,92.93,0.000354,100.0,3.22,0.000229,0.000164,34.58,49.18,4.96,81.68,0.2928,3385,1361.55,2.486,True,RISING,0.000242,0.000103,1.6e-05,0.862355,0.865105,0.864697,0.865423,0.865832,0.864288,0.863562,50,7.77,0.864753,0.86433,60.29,0.000366,0.000336,73.99,83.98,0.000262,0.8637,0.86517,0.865161,0.863399,624,1.408,0.86461,0.864905,0.864585,0.864865,LONDON,63413,HIGH,0.86461,0.864905,0.864585,0.864865,LONDON,63413,HIGH,NONE,BULLISH,WEAK,LOW_WICK,NEUTRAL,NORMAL,NONE,TESTING_PIVOT,48,30,10.344827586206897,73,NEUTRAL,False,70,[],0,0,NEUTRAL,BULLISH,40,False,NONE,0,False,False,False,60,False,0,100,UP,UP,UP,0,True,75,97,3,80,True,True,CONTINUATION,70,True,85.0,BULLISH,True,BULLISH,True,True,90,True,70,58.64570737605672,39.386401326699506,60.0,52,FAIR,False,75,46,-0.2677329744017341,5,10.000000000000009,False,MEAN_REVERTING,70,37.66409995005072,15.739655818093146,True,VOLATILITY_REGIME_CHANGE,True,True,True,0,False,70,UP,100,IMPULSIVE,EXTREME,UP,100,0.2928,IMPULSIVE,90,30,95,NORMAL,NONE,75,45,85,EXTREME,88,40,60,3.22,True,40,4.637362637362638,0.0,RANGING,90,False,NONE,0.862355,0.865105,0.864697,FAR,30,50,85,50,NONE,NONE,NONE,False,[],0,0,ACCUMULATION,ACCUMULATION,50,65,True,31,"Smart money accumulation. Bullish bias, look for breakout.",2.486,0.5,True,False,True,True,0.3,0.3,True,False,True,22,False,[],0,NO,ACCUMULATION,"Smart money accumulation. Bullish bias, look for breakout.",EXTREME,LOW,0.041,[],True,Passed basic checks,0,50,50,MEDIUM,5,WAIT,รอการวิเคราะห์จาก AI,0.864612,0.863758,64.44,0.8647,0.864815,0.864495,BULLISH,AT_PIVOT
2026-06-26 20:04:00,0.86461,0.864615,0.864515,0.86455,405.0,EURGBP,BULLISH,0.864185,0.863723,0.863293,0.862874,0.862545,0.862225,BULLISH,0.8645,0.861546,0.002954,0.000637,85.07,85.15,0.000439,0.000219,0.00022,92.64,92.93,0.000354,100.0,3.22,0.000229,0.000164,34.58,49.18,4.96,81.68,0.2928,3385,1361.55,2.486,True,RISING,0.000242,0.000103,1.6e-05,0.862355,0.865105,0.864697,0.865423,0.865832,0.864288,0.863562,50,7.77,0.864685,0.864351,56.62,0.000339,0.000337,63.61,74.32,0.000258,0.8637,0.86517,0.865172,0.863469,405,0.897,0.86455,0.864615,0.864515,0.86461,LONDON,62792,HIGH,0.86455,0.864615,0.864515,0.86461,LONDON,62792,HIGH,NONE,BULLISH,WEAK,LOW_WICK,NEUTRAL,NORMAL,NONE,TESTING_PIVOT,48,30,10.344827586206897,73,NEUTRAL,False,70,[],0,0,NEUTRAL,BULLISH,40,False,NONE,0,False,False,False,60,False,0,100,UP,UP,UP,0,True,75,97,3,80,True,True,CONTINUATION,70,True,85.0,BULLISH,True,BULLISH,True,True,90,True,70,58.64570737605672,39.386401326699506,60.0,52,FAIR,False,75,46,-0.2677329744017341,5,10.000000000000009,False,MEAN_REVERTING,70,37.66409995005072,15.739655818093146,True,VOLATILITY_REGIME_CHANGE,True,True,True,0,False,70,UP,100,IMPULSIVE,EXTREME,UP,100,0.2928,IMPULSIVE,90,30,95,NORMAL,NONE,75,45,85,EXTREME,88,40,60,3.22,True,40,4.637362637362638,0.0,RANGING,90,False,NONE,0.862355,0.865105,0.864697,FAR,30,50,85,50,NONE,NONE,NONE,False,[],0,0,ACCUMULATION,ACCUMULATION,50,65,True,31,"Smart money accumulation. Bullish bias, look for breakout.",2.486,0.5,True,False,True,True,0.3,0.3,True,False,True,22,False,[],0,NO,ACCUMULATION,"Smart money accumulation. Bullish bias, look for breakout.",EXTREME,LOW,0.041,[],True,Passed basic checks,0,50,50,MEDIUM,5,WAIT,รอการวิเคราะห์จาก AI,0.864601,0.863789,57.81,0.86456,0.864605,0.864505,BULLISH,AT_PIVOT
2026-06-26 20:05:00,0.864555,0.864585,0.86446,0.864465,410.0,EURGBP,BULLISH,0.864278,0.863858,0.863405,0.862937,0.862584,0.862257,BULLISH,0.864712,0.861517,0.003196,0.000668,73.43,75.34,0.000476,0.00027,0.000205,84.4,89.72,0.000393,100.0,3.62,0.000253,0.000164,37.98,43.5,4.26,82.18,0.2116,2945,1459.9,2.017,True,RISING,0.000224,0.000117,2e-05,0.862355,0.86517,0.864698,0.864937,0.865408,0.864227,0.863988,50,7.16,0.864612,0.864362,53.39,0.000307,0.000331,53.97,63.86,0.000258,0.8637,0.86517,0.865163,0.863552,410,0.882,0.864465,0.864585,0.86446,0.864555,LONDON,63130,HIGH,0.864465,0.864585,0.86446,0.864555,LONDON,63130,HIGH,NONE,BEARISH,WEAK,LOW_WICK,NEUTRAL,NOISY,NONE,NONE,49,30,3.4482758620689653,79,NEUTRAL,False,70,[],0,0,NEUTRAL,BEARISH,40,False,NONE,0,False,False,False,60,False,0,100,UP,NONE,UP,0,True,75,97,3,80,True,True,CONTINUATION,70,True,60.0,BULLISH,True,BULLISH,True,True,90,True,70,39.37432578209395,25.88679245283012,55.00000000000001,40,FAIR,False,75,46,-0.4441827978139255,5,10.000000000000009,False,MEAN_REVERTING,70,32.15937092287119,20.152744184198085,True,VOLATILITY_REGIME_CHANGE,True,True,True,0,False,70,UP,100,IMPULSIVE,EXTREME,UP,100,0.2116,IMPULSIVE,90,30,95,STRONG,NONE,75,30,85,EXTREME,88,40,60,3.62,True,40,4.784431137724551,0.0,RANGING,90,False,NONE,0.862355,0.864937,0.864698,FAR,30,50,85,50,NONE,NONE,NONE,False,[],0,0,ACCUMULATION,ACCUMULATION,50,56,False,12,"Smart money accumulation. Bullish bias, look for breakout.",2.017,0.8,True,False,True,True,0.3,0.3,True,False,True,22,False,[],0,NO,ACCUMULATION,"Smart money accumulation. Bullish bias, look for breakout.",EXTREME,LOW,0.045,[],False,Passed basic checks,0,50,50,MEDIUM,5,WAIT,รอการวิเคราะห์จาก AI,0.864576,0.863815,42.13,0.864503,0.864547,0.864422,BEARISH,NONE
2026-06-26 20:06:00,0.86446,0.864475,0.864345,0.864405,378.0,EURGBP,BULLISH,0.864278,0.863858,0.863405,0.862937,0.862584,0.862257,BULLISH,0.864712,0.861517,0.003196,0.000668,73.43,75.34,0.000476,0.00027,0.000205,84.4,89.72,0.000393,100.0,3.62,0.000253,0.000164,37.98,43.5,4.26,82.18,0.2116,2945,1459.9,2.017,True,RISING,0.000224,0.000117,2e-05,0.862355,0.86517,0.864698,0.864937,0.865408,0.864227,0.863988,50,7.16,0.864543,0.864366,55.38,0.000273,0.000319,48.96,55.51,0.000252,0.863805,0.86517,0.865151,0.863623,378,0.797,0.864405,0.864475,0.864345,0.86446,LONDON,62641,HIGH,0.864405,0.864475,0.864345,0.86446,LONDON,62641,HIGH,NONE,BEARISH,WEAK,LOW_WICK,NEUTRAL,NOISY,NONE,NONE,49,30,3.4482758620689653,79,NEUTRAL,False,70,[],0,0,NEUTRAL,BEARISH,40,False,NONE,0,False,False,False,60,False,0,100,UP,NONE,UP,0,True,75,97,3,80,True,True,CONTINUATION,70,True,60.0,BULLISH,True,BULLISH,True,True,90,True,70,39.37432578209395,25.88679245283012,55.00000000000001,40,FAIR,False,75,46,-0.4441827978139255,5,10.000000000000009,False,MEAN_REVERTING,70,32.15937092287119,20.152744184198085,True,VOLATILITY_REGIME_CHANGE,True,True,True,0,False,70,UP,100,IMPULSIVE,EXTREME,UP,100,0.2116,IMPULSIVE,90,30,95,STRONG,NONE,75,30,85,EXTREME,88,40,60,3.62,True,40,4.784431137724551,0.0,RANGING,90,False,NONE,0.862355,0.864937,0.864698,FAR,30,50,85,50,NONE,NONE,NONE,False,[],0,0,SIDEWAY_RANGE,SIDEWAY_RANGE,50,51,False,12,Price ranging between clear levels. Suitable for mean-reversion strategies.,2.017,0.8,True,False,True,True,0.3,0.3,True,False,True,22,False,[],0,NO,SIDEWAY_RANGE,Price ranging between clear levels. Suitable for mean-reversion strategies.,EXTREME,LOW,0.045,[],False,Passed basic checks,0,50,50,MEDIUM,5,WAIT,รอการวิเคราะห์จาก AI,0.864545,0.863839,0.0,0.864408,0.864472,0.864342,BEARISH,NONE
2026-06-26 20:07:00,0.8644,0.864415,0.86433,0.864365,383.0,EURGBP,BULLISH,0.864278,0.863858,0.863405,0.862937,0.862584,0.862257,BULLISH,0.864712,0.861517,0.003196,0.000668,73.43,75.34,0.000476,0.00027,0.000205,84.4,89.72,0.000393,100.0,3.62,0.000253,0.000164,37.98,43.5,4.26,82.18,0.2116,2945,1459.9,2.017,True,RISING,0.000224,0.000117,2e-05,0.862355,0.86517,0.864698,0.864937,0.865408,0.864227,0.863988,50,7.16,0.864484,0.864366,60.87,0.000241,0.000304,44.44,49.12,0.000239,0.863805,0.86517,0.865149,0.863658,383,0.809,0.864365,0.864415,0.86433,0.8644,LONDON,63056,HIGH,0.864365,0.864415,0.86433,0.8644,LONDON,63056,HIGH,NONE,BEARISH,WEAK,LOW_WICK,NEUTRAL,NOISY,NONE,NONE,49,30,3.4482758620689653,79,NEUTRAL,False,70,[],0,0,NEUTRAL,BEARISH,40,False,NONE,0,False,False,False,60,False,0,100,UP,NONE,UP,0,True,75,97,3,80,True,True,CONTINUATION,70,True,60.0,BULLISH,True,BULLISH,True,True,90,True,70,39.37432578209395,25.88679245283012,55.00000000000001,40,FAIR,False,75,46,-0.4441827978139255,5,10.000000000000009,False,MEAN_REVERTING,70,32.15937092287119,20.152744184198085,True,VOLATILITY_REGIME_CHANGE,True,True,True,0,False,70,UP,100,IMPULSIVE,EXTREME,UP,100,0.2116,IMPULSIVE,90,30,95,STRONG,NONE,75,30,85,EXTREME,88,40,60,3.62,True,40,4.784431137724551,0.0,RANGING,90,False,NONE,0.862355,0.864937,0.864698,FAR,30,50,85,50,NONE,NONE,NONE,False,[],0,0,ACCUMULATION,ACCUMULATION,50,56,False,12,"Smart money accumulation. Bullish bias, look for breakout.",2.017,0.8,True,False,True,True,0.3,0.3,True,False,True,22,False,[],0,NO,ACCUMULATION,"Smart money accumulation. Bullish bias, look for breakout.",EXTREME,LOW,0.045,[],False,Passed basic checks,0,50,50,MEDIUM,5,WAIT,รอการวิเคราะห์จาก AI,0.864512,0.863859,0.0,0.86437,0.86441,0.864325,BEARISH,NONE
2026-06-26 20:08:00,0.86436,0.864375,0.86415,0.864205,408.0,EURGBP,BULLISH,0.864278,0.863858,0.863405,0.862937,0.862584,0.862257,BULLISH,0.864712,0.861517,0.003196,0.000668,73.43,75.34,0.000476,0.00027,0.000205,84.4,89.72,0.000393,100.0,3.62,0.000253,0.000164,37.98,43.5,4.26,82.18,0.2116,2945,1459.9,2.017,True,RISING,0.000224,0.000117,2e-05,0.862355,0.86517,0.864698,0.864937,0.865408,0.864227,0.863988,50,7.16,0.864391,0.86435,58.74,0.0002,0.000283,38.01,43.81,0.000243,0.863805,0.86517,0.865142,0.863686,408,0.844,0.864205,0.864375,0.86415,0.86436,LONDON,63468,HIGH,0.864205,0.864375,0.86415,0.86436,LONDON,63468,HIGH,NONE,BEARISH,WEAK,LOW_WICK,NEUTRAL,NOISY,NONE,NONE,49,30,3.4482758620689653,79,NEUTRAL,False,70,[],0,0,NEUTRAL,BEARISH,40,False,NONE,0,False,False,False,60,False,0,100,UP,NONE,UP,0,True,75,97,3,80,True,True,CONTINUATION,70,True,60.0,BULLISH,True,BULLISH,True,True,90,True,70,39.37432578209395,25.88679245283012,55.00000000000001,40,FAIR,False,75,46,-0.4441827978139255,5,10.000000000000009,False,MEAN_REVERTING,70,32.15937092287119,20.152744184198085,True,VOLATILITY_REGIME_CHANGE,True,True,True,0,False,70,UP,100,IMPULSIVE,EXTREME,UP,100,0.2116,IMPULSIVE,90,30,95,STRONG,NONE,75,30,85,EXTREME,88,40,60,3.62,True,40,4.784431137724551,0.0,RANGING,90,False,NONE,0.862355,0.864937,0.864698,FAR,30,50,85,50,NONE,NONE,NONE,False,[],0,0,ACCUMULATION,ACCUMULATION,50,56,False,12,"Smart money accumulation. Bullish bias, look for breakout.",2.017,0.8,True,False,True,True,0.3,0.3,True,False,True,22,False,[],0,NO,ACCUMULATION,"Smart money accumulation. Bullish bias, look for breakout.",EXTREME,LOW,0.045,[],False,Passed basic checks,0,50,50,MEDIUM,5,WAIT,รอการวิเคราะห์จาก AI,0.864456,0.863873,0.0,0.864243,0.864337,0.864112,BEARISH,NONE
2026-06-26 20:09:00,0.8642,0.86421,0.864135,0.86415,379.0,EURGBP,BULLISH,0.864278,0.863858,0.863405,0.862937,0.862584,0.862257,BULLISH,0.864712,0.861517,0.003196,0.000668,73.43,75.34,0.000476,0.00027,0.000205,84.4,89.72,0.000393,100.0,3.62,0.000253,0.000164,37.98,43.5,4.26,82.18,0.2116,2945,1459.9,2.017,True,RISING,0.000224,0.000117,2e-05,0.862355,0.86517,0.864698,0.864937,0.865408,0.864227,0.863988,50,7.16,0.86431,0.864331,54.48,0.000161,0.000259,28.36,36.94,0.000235,0.863805,0.86517,0.86514,0.863691,379,0.77,0.86415,0.86421,0.864135,0.8642,LONDON,62731,HIGH,0.86415,0.86421,0.864135,0.8642,LONDON,62731,HIGH,NONE,BEARISH,WEAK,LOW_WICK,NEUTRAL,NOISY,NONE,NONE,49,30,3.4482758620689653,79,NEUTRAL,False,70,[],0,0,NEUTRAL,BEARISH,40,False,NONE,0,False,False,False,60,False,0,100,UP,NONE,UP,0,True,75,97,3,80,True,True,CONTINUATION,70,True,60.0,BULLISH,True,BULLISH,True,True,90,True,70,39.37432578209395,25.88679245283012,55.00000000000001,40,FAIR,False,75,46,-0.4441827978139255,5,10.000000000000009,False,MEAN_REVERTING,70,32.15937092287119,20.152744184198085,True,VOLATILITY_REGIME_CHANGE,True,True,True,0,False,70,UP,100,IMPULSIVE,EXTREME,UP,100,0.2116,IMPULSIVE,90,30,95,STRONG,NONE,75,30,85,EXTREME,88,40,60,3.62,True,40,4.784431137724551,0.0,RANGING,90,False,NONE,0.862355,0.864937,0.864698,FAR,30,50,85,50,NONE,NONE,NONE,False,[],0,0,ACCUMULATION,ACCUMULATION,50,56,False,12,"Smart money accumulation. Bullish bias, look for breakout.",2.017,0.8,True,False,True,True,0.3,0.3,True,False,True,22,False,[],0,NO,ACCUMULATION,"Smart money accumulation. Bullish bias, look for breakout.",EXTREME,LOW,0.045,[],False,Passed basic checks,0,50,50,MEDIUM,5,WAIT,รอการวิเคราะห์จาก AI,0.864401,0.863884,0.0,0.864165,0.864195,0.86412,BEARISH,NONE
2026-06-26 20:10:00,0.864155,0.86416,0.864015,0.86405,420.0,EURGBP,BULLISH,0.864202,0.863893,0.863466,0.86298,0.862614,0.862275,BULLISH,0.86482,0.861539,0.003281,0.000699,60.38,68.39,0.000466,0.000309,0.000156,77.14,84.73,0.000411,100.0,3.66,0.000278,0.000165,38.97,39.59,12.58,51.76,0.106,1968,1497.75,1.314,False,RISING,0.00017,0.000125,2.2e-05,0.862355,0.86517,0.86418,0.864345,0.86464,0.863885,0.86372,50,6.85,0.864224,0.864305,45.55,0.000121,0.000231,15.69,27.35,0.00022,0.863805,0.86517,0.865145,0.863667,420,0.85,0.86405,0.86416,0.864015,0.864155,LONDON,63128,HIGH,0.86405,0.86416,0.864015,0.864155,LONDON,63128,HIGH,NONE,BEARISH,WEAK,LOW_WICK,NEUTRAL,NOISY,TRUE,TESTING_PIVOT,50,30,-3.4482758620689653,83,NEUTRAL,False,70,[],0,0,NEUTRAL,BEARISH,40,True,BULL_TRAP,50,True,False,False,70,False,0,100,UP,NONE,NONE,0,True,75,70,30,80,False,True,CONTINUATION,70,True,60.0,BULLISH,True,BULLISH,True,True,90,True,70,26.315789473683264,23.40579710144932,50.0,33,POOR,False,75,46,-0.2982241958294487,5,10.000000000000009,False,MEAN_REVERTING,70,38.99925502287587,12.515459379797916,True,VOLATILITY_REGIME_CHANGE,True,True,True,0,False,70,UP,100,IMPULSIVE,EXTREME,UP,100,0.106,IMPULSIVE,85,30,85,STRONG,NONE,70,30,80,EXTREME,88,40,60,3.66,True,40,4.693848354792561,0.0,RANGING,90,False,NONE,0.862355,0.864345,0.86418,FAR,30,50,85,50,NONE,NONE,NONE,False,[],0,0,ACCUMULATION,ACCUMULATION,50,56,False,13,"Smart money accumulation. Bullish bias, look for breakout.",1.314,0.8,False,False,True,True,0.3,0.3,True,False,False,22,False,[],0,NO,ACCUMULATION,"Smart money accumulation. Bullish bias, look for breakout.",EXTREME,LOW,0.048,[],False,Passed basic checks,0,50,50,MEDIUM,5,WAIT,รอการวิเคราะห์จาก AI,0.864337,0.86389,0.0,0.864075,0.864135,0.86399,BEARISH,AT_PIVOT
2026-06-26 20:11:00,0.864045,0.86412,0.86398,0.86403,431.0,EURGBP,BULLISH,0.864202,0.863893,0.863466,0.86298,0.862614,0.862275,BULLISH,0.86482,0.861539,0.003281,0.000699,60.38,68.39,0.000466,0.000309,0.000156,77.14,84.73,0.000411,100.0,3.66,0.000278,0.000165,38.97,39.59,12.58,51.76,0.106,1968,1497.75,1.314,False,RISING,0.00017,0.000125,2.2e-05,0.862355,0.86517,0.86418,0.864345,0.86464,0.863885,0.86372,50,6.85,0.864159,0.864278,41.11,8.7e-05,0.000202,7.41,17.15,0.000217,0.863805,0.86517,0.86515,0.863635,431,0.872,0.86403,0.86412,0.86398,0.864045,LONDON,62782,HIGH,0.86403,0.86412,0.86398,0.864045,LONDON,62782,HIGH,NONE,BEARISH,WEAK,LOW_WICK,NEUTRAL,NOISY,TRUE,TESTING_PIVOT,50,30,-3.4482758620689653,83,NEUTRAL,False,70,[],0,0,NEUTRAL,BEARISH,40,True,BULL_TRAP,50,True,False,False,70,False,0,100,UP,NONE,NONE,0,True,75,70,30,80,False,True,CONTINUATION,70,True,60.0,BULLISH,True,BULLISH,True,True,90,True,70,26.315789473683264,23.40579710144932,50.0,33,POOR,False,75,46,-0.2982241958294487,5,10.000000000000009,False,MEAN_REVERTING,70,38.99925502287587,12.515459379797916,True,VOLATILITY_REGIME_CHANGE,True,True,True,0,False,70,UP,100,IMPULSIVE,EXTREME,UP,100,0.106,IMPULSIVE,85,30,85,STRONG,NONE,70,30,80,EXTREME,88,40,60,3.66,True,40,4.693848354792561,0.0,RANGING,90,False,NONE,0.862355,0.864345,0.86418,FAR,30,50,85,50,NONE,NONE,NONE,False,[],0,0,ACCUMULATION,ACCUMULATION,50,56,False,13,"Smart money accumulation. Bullish bias, look for breakout.",1.314,0.8,False,False,True,True,0.3,0.3,True,False,False,22,False,[],0,NO,ACCUMULATION,"Smart money accumulation. Bullish bias, look for breakout.",EXTREME,LOW,0.048,[],False,Passed basic checks,0,50,50,MEDIUM,5,WAIT,รอการวิเคราะห์จาก AI,0.864281,0.863896,0.0,0.864043,0.864107,0.863967,BEARISH,AT_PIVOT
2026-06-26 20:12:00,0.864025,0.864065,0.863975,0.864045,378.0,EURGBP,BULLISH,0.864202,0.863893,0.863466,0.86298,0.862614,0.862275,BULLISH,0.86482,0.861539,0.003281,0.000699,60.38,68.39,0.000466,0.000309,0.000156,77.14,84.73,0.000411,100.0,3.66,0.000278,0.000165,38.97,39.59,12.58,51.76,0.106,1968,1497.75,1.314,False,RISING,0.00017,0.000125,2.2e-05,0.862355,0.86517,0.86418,0.864345,0.86464,0.863885,0.86372,50,6.85,0.864121,0.864256,30.72,6e-05,0.000174,4.36,9.16,0.000188,0.863805,0.86517,0.865153,0.86362,378,0.76,0.864045,0.864065,0.863975,0.864025,LONDON,63079,HIGH,0.864045,0.864065,0.863975,0.864025,LONDON,63079,HIGH,NONE,BEARISH,WEAK,LOW_WICK,NEUTRAL,NOISY,TRUE,TESTING_PIVOT,50,30,-3.4482758620689653,83,NEUTRAL,False,70,[],0,0,NEUTRAL,BEARISH,40,True,BULL_TRAP,50,True,False,False,70,False,0,100,UP,NONE,NONE,0,True,75,70,30,80,False,True,CONTINUATION,70,True,60.0,BULLISH,True,BULLISH,True,True,90,True,70,26.315789473683264,23.40579710144932,50.0,33,POOR,False,75,46,-0.2982241958294487,5,10.000000000000009,False,MEAN_REVERTING,70,38.99925502287587,12.515459379797916,True,VOLATILITY_REGIME_CHANGE,True,True,True,0,False,70,UP,100,IMPULSIVE,EXTREME,UP,100,0.106,IMPULSIVE,85,30,85,STRONG,NONE,70,30,80,EXTREME,88,40,60,3.66,True,40,4.693848354792561,0.0,RANGING,90,False,NONE,0.862355,0.864345,0.86418,FAR,30,50,85,50,NONE,NONE,NONE,False,[],0,0,ACCUMULATION,ACCUMULATION,50,56,False,13,"Smart money accumulation. Bullish bias, look for breakout.",1.314,0.8,False,False,True,True,0.3,0.3,True,False,False,22,False,[],0,NO,ACCUMULATION,"Smart money accumulation. Bullish bias, look for breakout.",EXTREME,LOW,0.048,[],False,Passed basic checks,0,50,50,MEDIUM,5,WAIT,รอการวิเคราะห์จาก AI,0.864238,0.863902,3.33,0.864028,0.864082,0.863992,BEARISH,AT_PIVOT
2026-06-26 20:13:00,0.86405,0.864065,0.863985,0.86401,245.0,EURGBP,BULLISH,0.864202,0.863893,0.863466,0.86298,0.862614,0.862275,BULLISH,0.86482,0.861539,0.003281,0.000699,60.38,68.39,0.000466,0.000309,0.000156,77.14,84.73,0.000411,100.0,3.66,0.000278,0.000165,38.97,39.59,12.58,51.76,0.106,1968,1497.75,1.314,False,RISING,0.00017,0.000125,2.2e-05,0.862355,0.86517,0.86418,0.864345,0.86464,0.863885,0.86372,50,6.85,0.864084,0.864233,1.35,3.6e-05,0.000146,4.33,5.37,0.000159,0.863805,0.86517,0.865146,0.863636,245,0.495,0.86401,0.864065,0.863985,0.86405,LONDON,62515,HIGH,0.86401,0.864065,0.863985,0.86405,LONDON,62515,HIGH,NONE,BEARISH,WEAK,LOW_WICK,NEUTRAL,NOISY,TRUE,TESTING_PIVOT,50,30,-3.4482758620689653,83,NEUTRAL,False,70,[],0,0,NEUTRAL,BEARISH,40,True,BULL_TRAP,50,True,False,False,70,False,0,100,UP,NONE,NONE,0,True,75,70,30,80,False,True,CONTINUATION,70,True,60.0,BULLISH,True,BULLISH,True,True,90,True,70,26.315789473683264,23.40579710144932,50.0,33,POOR,False,75,46,-0.2982241958294487,5,10.000000000000009,False,MEAN_REVERTING,70,38.99925502287587,12.515459379797916,True,VOLATILITY_REGIME_CHANGE,True,True,True,0,False,70,UP,100,IMPULSIVE,EXTREME,UP,100,0.106,IMPULSIVE,85,30,85,STRONG,NONE,70,30,80,EXTREME,88,40,60,3.66,True,40,4.693848354792561,0.0,RANGING,90,False,NONE,0.862355,0.864345,0.86418,FAR,30,50,85,50,NONE,NONE,NONE,False,[],0,0,ACCUMULATION,ACCUMULATION,50,56,False,13,"Smart money accumulation. Bullish bias, look for breakout.",1.314,0.8,False,False,True,True,0.3,0.3,True,False,False,22,False,[],0,NO,ACCUMULATION,"Smart money accumulation. Bullish bias, look for breakout.",EXTREME,LOW,0.048,[],False,Passed basic checks,0,50,50,MEDIUM,5,WAIT,รอการวิเคราะห์จาก AI,0.864197,0.863906,3.53,0.86402,0.864055,0.863975,BEARISH,AT_PIVOT
2026-06-26 20:14:00,0.864015,0.864085,0.86399,0.864025,331.0,EURGBP,BULLISH,0.864202,0.863893,0.863466,0.86298,0.862614,0.862275,BULLISH,0.86482,0.861539,0.003281,0.000699,60.38,68.39,0.000466,0.000309,0.000156,77.14,84.73,0.000411,100.0,3.66,0.000278,0.000165,38.97,39.59,12.58,51.76,0.106,1968,1497.75,1.314,False,RISING,0.00017,0.000125,2.2e-05,0.862355,0.86517,0.86418,0.864345,0.86464,0.863885,0.86372,50,6.85,0.864064,0.864213,2.86,1.7e-05,0.00012,4.32,4.34,0.000151,0.86381,0.86517,0.86513,0.863672,331,0.667,0.864025,0.864085,0.86399,0.864015,LONDON,62857,HIGH,0.864025,0.864085,0.86399,0.864015,LONDON,62857,HIGH,NONE,BEARISH,WEAK,LOW_WICK,NEUTRAL,NOISY,TRUE,TESTING_PIVOT,50,30,-3.4482758620689653,83,NEUTRAL,False,70,[],0,0,NEUTRAL,BEARISH,40,True,BULL_TRAP,50,True,False,False,70,False,0,100,UP,NONE,NONE,0,True,75,70,30,80,False,True,CONTINUATION,70,True,60.0,BULLISH,True,BULLISH,True,True,90,True,70,26.315789473683264,23.40579710144932,50.0,33,POOR,False,75,46,-0.2982241958294487,5,10.000000000000009,False,MEAN_REVERTING,70,38.99925502287587,12.515459379797916,True,VOLATILITY_REGIME_CHANGE,True,True,True,0,False,70,UP,100,IMPULSIVE,EXTREME,UP,100,0.106,IMPULSIVE,85,30,85,STRONG,NONE,70,30,80,EXTREME,88,40,60,3.66,True,40,4.693848354792561,0.0,RANGING,90,False,NONE,0.862355,0.864345,0.86418,FAR,30,50,85,50,NONE,NONE,NONE,False,[],0,0,ACCUMULATION,ACCUMULATION,50,56,False,13,"Smart money accumulation. Bullish bias, look for breakout.",1.314,0.8,False,False,True,True,0.3,0.3,True,False,False,22,False,[],0,NO,ACCUMULATION,"Smart money accumulation. Bullish bias, look for breakout.",EXTREME,LOW,0.048,[],False,Passed basic checks,0,50,50,MEDIUM,5,WAIT,รอการวิเคราะห์จาก AI,0.864165,0.86391,7.5,0.864033,0.864077,0.863982,BEARISH,AT_PIVOT
2026-06-26 20:15:00,0.86402,0.86403,0.863915,0.864025,277.0,EURGBP,BULLISH,0.864143,0.863917,0.863519,0.863021,0.862642,0.862296,BULLISH,0.864902,0.861616,0.003286,0.00073,56.97,67.16,0.00045,0.000338,0.000113,64.23,75.26,0.000414,100.0,3.47,0.0003,0.000167,39.46,37.95,14.08,45.87,0.1176,1662,1528.65,1.087,False,FALLING,0.00013,0.000125,2.4e-05,0.862355,0.86517,0.86402,0.864125,0.864225,0.86392,0.863815,50,6.8,0.864051,0.864195,2.97,3e-06,9.7e-05,5.63,4.76,0.000142,0.863915,0.86517,0.865126,0.863682,277,0.556,0.864025,0.86403,0.863915,0.86402,LONDON,63295,HIGH,0.864025,0.86403,0.863915,0.86402,LONDON,63295,HIGH,DOJI,BEARISH,WEAK,LOW_WICK,NEUTRAL,NOISY,TRUE,TESTING_PIVOT,49,33,-3.4482758620689653,84,NEUTRAL,False,70,['DOJI'],1,20,NEUTRAL,BEARISH,60,True,BULL_TRAP,50,True,False,False,70,False,0,100,UP,NONE,NONE,0,True,75,55,45,80,False,True,NEUTRAL,70,False,0.0,NONE,True,BULLISH,True,True,90,True,70,34.193548387099234,22.501850481125636,50.0,35,POOR,False,75,38,-0.27845280719529175,4,19.999999999999996,False,MEAN_REVERTING,70,40.40200485962015,10.978050068985631,True,VOLATILITY_REGIME_CHANGE,True,True,False,30,False,70,UP,100,IMPULSIVE,EXTREME,UP,100,0.1176,IMPULSIVE,85,30,85,STRONG,NONE,70,30,80,EXTREME,88,40,60,3.47,True,40,4.501369863013698,0.0,RANGING,90,False,NONE,0.862355,0.864125,0.86402,FAR,30,50,85,50,NONE,NONE,NONE,False,[],0,0,UNCLEAR,UNCLEAR,50,0,False,13,Mixed signals or insufficient data. Exercise caution.,1.087,0.8,False,False,True,True,0.3,0.3,True,False,False,22,False,[],0,NO,UNCLEAR,Mixed signals or insufficient data. Exercise caution.,EXTREME,LOW,0.048,[],False,Passed basic checks,0,50,50,MEDIUM,5,WAIT,รอการวิเคราะห์จาก AI,0.86414,0.863915,12.5,0.86399,0.864065,0.86395,BEARISH,AT_PIVOT
2026-06-26 20:16:00,0.86403,0.864045,0.863965,0.863985,299.0,EURGBP,BULLISH,0.864143,0.863917,0.863519,0.863021,0.862642,0.862296,BULLISH,0.864902,0.861616,0.003286,0.00073,56.97,67.16,0.00045,0.000338,0.000113,64.23,75.26,0.000414,100.0,3.47,0.0003,0.000167,39.46,37.95,14.08,45.87,0.1176,1662,1528.65,1.087,False,FALLING,0.00013,0.000125,2.4e-05,0.862355,0.86517,0.86402,0.864125,0.864225,0.86392,0.863815,50,6.8,0.864029,0.864175,3.21,-1.2e-05,7.5e-05,7.01,5.65,0.000129,0.863915,0.86517,0.865134,0.86365,299,0.615,0.863985,0.864045,0.863965,0.86403,LONDON,62743,HIGH,0.863985,0.864045,0.863965,0.86403,LONDON,62743,HIGH,DOJI,BEARISH,WEAK,LOW_WICK,NEUTRAL,NOISY,TRUE,TESTING_PIVOT,49,33,-3.4482758620689653,84,NEUTRAL,False,70,['DOJI'],1,20,NEUTRAL,BEARISH,60,True,BULL_TRAP,50,True,False,False,70,False,0,100,UP,NONE,NONE,0,True,75,55,45,80,False,True,NEUTRAL,70,False,0.0,NONE,True,BULLISH,True,True,90,True,70,34.193548387099234,22.501850481125636,50.0,35,POOR,False,75,38,-0.27845280719529175,4,19.999999999999996,False,MEAN_REVERTING,70,40.40200485962015,10.978050068985631,True,VOLATILITY_REGIME_CHANGE,True,True,False,30,False,70,UP,100,IMPULSIVE,EXTREME,UP,100,0.1176,IMPULSIVE,85,30,85,STRONG,NONE,70,30,80,EXTREME,88,40,60,3.47,True,40,4.501369863013698,0.0,RANGING,90,False,NONE,0.862355,0.864125,0.86402,FAR,30,50,85,50,NONE,NONE,NONE,False,[],0,0,UNCLEAR,UNCLEAR,50,0,False,13,Mixed signals or insufficient data. Exercise caution.,1.087,0.8,False,False,True,True,0.3,0.3,True,False,False,22,False,[],0,NO,UNCLEAR,Mixed signals or insufficient data. Exercise caution.,EXTREME,LOW,0.048,[],False,Passed basic checks,0,50,50,MEDIUM,5,WAIT,รอการวิเคราะห์จาก AI,0.864112,0.863918,13.33,0.863998,0.864032,0.863952,BEARISH,AT_PIVOT
2026-06-26 20:17:00,0.86399,0.864045,0.863955,0.86402,147.0,EURGBP,BULLISH,0.864143,0.863917,0.863519,0.863021,0.862642,0.862296,BULLISH,0.864902,0.861616,0.003286,0.00073,56.97,67.16,0.00045,0.000338,0.000113,64.23,75.26,0.000414,100.0,3.47,0.0003,0.000167,39.46,37.95,14.08,45.87,0.1176,1662,1528.65,1.087,False,FALLING,0.00013,0.000125,2.4e-05,0.862355,0.86517,0.86402,0.864125,0.864225,0.86392,0.863815,50,6.8,0.864026,0.86416,9.03,-2.1e-05,5.6e-05,10.62,7.75,0.000112,0.863915,0.86517,0.865136,0.863615,147,0.311,0.86402,0.864045,0.863955,0.86399,LONDON,63121,HIGH,0.86402,0.864045,0.863955,0.86399,LONDON,63121,HIGH,DOJI,BEARISH,WEAK,LOW_WICK,NEUTRAL,NOISY,TRUE,TESTING_PIVOT,49,33,-3.4482758620689653,84,NEUTRAL,False,70,['DOJI'],1,20,NEUTRAL,BEARISH,60,True,BULL_TRAP,50,True,False,False,70,False,0,100,UP,NONE,NONE,0,True,75,55,45,80,False,True,NEUTRAL,70,False,0.0,NONE,True,BULLISH,True,True,90,True,70,34.193548387099234,22.501850481125636,50.0,35,POOR,False,75,38,-0.27845280719529175,4,19.999999999999996,False,MEAN_REVERTING,70,40.40200485962015,10.978050068985631,True,VOLATILITY_REGIME_CHANGE,True,True,False,30,False,70,UP,100,IMPULSIVE,EXTREME,UP,100,0.1176,IMPULSIVE,85,30,85,STRONG,NONE,70,30,80,EXTREME,88,40,60,3.47,True,40,4.501369863013698,0.0,RANGING,90,False,NONE,0.862355,0.864125,0.86402,FAR,30,50,85,50,NONE,NONE,NONE,False,[],0,0,UNCLEAR,UNCLEAR,50,0,False,13,Mixed signals or insufficient data. Exercise caution.,1.087,0.8,False,False,True,True,0.3,0.3,True,False,False,22,False,[],0,NO,UNCLEAR,Mixed signals or insufficient data. Exercise caution.,EXTREME,LOW,0.048,[],False,Passed basic checks,0,50,50,MEDIUM,5,WAIT,รอการวิเคราะห์จาก AI,0.864095,0.863922,40.63,0.864007,0.864058,0.863968,BEARISH,AT_PIVOT
2026-06-26 20:18:00,0.864015,0.86415,0.863955,0.864125,153.0,EURGBP,BULLISH,0.864143,0.863917,0.863519,0.863021,0.862642,0.862296,BULLISH,0.864902,0.861616,0.003286,0.00073,56.97,67.16,0.00045,0.000338,0.000113,64.23,75.26,0.000414,100.0,3.47,0.0003,0.000167,39.46,37.95,14.08,45.87,0.1176,1662,1528.65,1.087,False,FALLING,0.00013,0.000125,2.4e-05,0.862355,0.86517,0.86402,0.864125,0.864225,0.86392,0.863815,50,6.8,0.864059,0.864157,22.22,-1.9e-05,4.1e-05,17.8,11.81,0.000119,0.863915,0.86517,0.865108,0.863592,153,0.347,0.864125,0.86415,0.863955,0.864015,LONDON,62515,HIGH,0.864125,0.86415,0.863955,0.864015,LONDON,62515,HIGH,DOJI,BEARISH,WEAK,LOW_WICK,NEUTRAL,NOISY,TRUE,TESTING_PIVOT,49,33,-3.4482758620689653,84,NEUTRAL,False,70,['DOJI'],1,20,NEUTRAL,BEARISH,60,True,BULL_TRAP,50,True,False,False,70,False,0,100,UP,NONE,NONE,0,True,75,55,45,80,False,True,NEUTRAL,70,False,0.0,NONE,True,BULLISH,True,True,90,True,70,34.193548387099234,22.501850481125636,50.0,35,POOR,False,75,38,-0.27845280719529175,4,19.999999999999996,False,MEAN_REVERTING,70,40.40200485962015,10.978050068985631,True,VOLATILITY_REGIME_CHANGE,True,True,False,30,False,70,UP,100,IMPULSIVE,EXTREME,UP,100,0.1176,IMPULSIVE,85,30,85,STRONG,NONE,70,30,80,EXTREME,88,40,60,3.47,True,40,4.501369863013698,0.0,RANGING,90,False,NONE,0.862355,0.864125,0.86402,FAR,30,50,85,50,NONE,NONE,NONE,False,[],0,0,UNCLEAR,UNCLEAR,50,0,False,13,Mixed signals or insufficient data. Exercise caution.,1.087,0.8,False,False,True,True,0.3,0.3,True,False,False,22,False,[],0,NO,UNCLEAR,Mixed signals or insufficient data. Exercise caution.,EXTREME,LOW,0.048,[],False,Passed basic checks,0,50,50,MEDIUM,5,WAIT,รอการวิเคราะห์จาก AI,0.864101,0.86393,69.39,0.864077,0.864198,0.864003,BEARISH,AT_PIVOT
2026-06-26 20:19:00,0.86412,0.864255,0.864105,0.86423,533.0,EURGBP,BULLISH,0.864143,0.863917,0.863519,0.863021,0.862642,0.862296,BULLISH,0.864902,0.861616,0.003286,0.00073,56.97,67.16,0.00045,0.000338,0.000113,64.23,75.26,0.000414,100.0,3.47,0.0003,0.000167,39.46,37.95,14.08,45.87,0.1176,1662,1528.65,1.087,False,FALLING,0.00013,0.000125,2.4e-05,0.862355,0.86517,0.86402,0.864125,0.864225,0.86392,0.863815,50,6.8,0.864116,0.864164,35.03,-9e-06,3.1e-05,34.2,20.87,0.000121,0.863915,0.86517,0.864982,0.863633,533,1.254,0.86423,0.864255,0.864105,0.86412,LONDON,62964,HIGH,0.86423,0.864255,0.864105,0.86412,LONDON,62964,HIGH,DOJI,BEARISH,WEAK,LOW_WICK,NEUTRAL,NOISY,TRUE,NONE,49,33,-3.4482758620689653,84,NEUTRAL,False,70,['DOJI'],1,20,NEUTRAL,BEARISH,60,True,BULL_TRAP,50,True,False,False,70,False,0,100,UP,NONE,NONE,0,True,75,55,45,80,False,True,NEUTRAL,70,False,0.0,NONE,True,BULLISH,True,True,90,True,70,34.193548387099234,22.501850481125636,50.0,35,POOR,False,75,38,-0.27845280719529175,4,19.999999999999996,False,MEAN_REVERTING,70,40.40200485962015,10.978050068985631,True,VOLATILITY_REGIME_CHANGE,True,True,False,30,False,70,UP,100,IMPULSIVE,EXTREME,UP,100,0.1176,IMPULSIVE,85,30,85,STRONG,NONE,70,30,80,EXTREME,88,40,60,3.47,True,40,4.501369863013698,0.0,RANGING,90,False,NONE,0.862355,0.864125,0.86402,FAR,30,50,85,50,NONE,NONE,NONE,False,[],0,0,UNCLEAR,UNCLEAR,50,0,False,13,Mixed signals or insufficient data. Exercise caution.,1.087,0.8,False,False,True,True,0.3,0.3,True,False,False,22,False,[],0,NO,UNCLEAR,Mixed signals or insufficient data. Exercise caution.,EXTREME,LOW,0.048,[],False,Passed basic checks,0,50,50,MEDIUM,5,WAIT,รอการวิเคราะห์จาก AI,0.864124,0.863942,77.61,0.864197,0.864288,0.864138,BEARISH,NONE
2026-06-26 20:20:00,0.864235,0.86447,0.86418,0.864315,741.0,EURGBP,BULLISH,0.8642,0.863989,0.863595,0.863072,0.862675,0.862312,BULLISH,0.865017,0.861682,0.003334,0.000761,59.46,69.44,0.000457,0.000361,9.5e-05,62.18,67.85,0.000443,100.0,3.56,0.000325,0.00017,40.41,40.97,12.66,52.78,0.106,1873,1558.05,1.202,False,FALLING,8.8e-05,0.000129,2.7e-05,0.862355,0.86517,0.864247,0.864538,0.864762,0.864023,0.863732,50,6.35,0.864182,0.864178,44.44,6e-06,2.6e-05,53.22,35.07,0.000132,0.863915,0.86517,0.864859,0.863685,741,1.754,0.864315,0.86447,0.86418,0.864235,LONDON,63378,HIGH,0.864315,0.86447,0.86418,0.864235,LONDON,63378,HIGH,MORNING_STAR,BULLISH,WEAK,LOW_WICK,NEUTRAL,NOISY,NONE,TESTING_PIVOT,51,30,0.0,84,NEUTRAL,False,70,['MORNING_STAR'],1,20,BULLISH,BULLISH,60,False,NONE,0,False,False,False,60,False,0,100,UP,NONE,NONE,0,True,75,55,45,80,False,True,NEUTRAL,70,False,0.0,NONE,True,BULLISH,True,True,90,True,70,37.16632443532064,25.15723270440277,50.0,37,FAIR,False,75,39,-0.2797536210890226,4,30.000000000000004,False,MEAN_REVERTING,70,40.11126506578044,11.653520770348432,True,VOLATILITY_REGIME_CHANGE,True,True,False,30,False,70,UP,80,IMPULSIVE,EXTREME,UP,80,0.106,IMPULSIVE,75,30,75,STRONG,NONE,75,40,85,EXTREME,88,40,60,3.56,True,40,4.381077529566361,0.0,RANGING,90,False,NONE,0.862355,0.864538,0.864247,FAR,30,50,85,50,NONE,NONE,NONE,False,[],0,0,ACCUMULATION,ACCUMULATION,50,56,False,13,"Smart money accumulation. Bullish bias, look for breakout.",1.202,0.8,False,False,True,True,0.3,0.3,True,False,False,22,False,[],0,NO,ACCUMULATION,"Smart money accumulation. Bullish bias, look for breakout.",EXTREME,LOW,0.051,[],False,Passed basic checks,0,50,50,MEDIUM,5,WAIT,รอการวิเคราะห์จาก AI,0.864159,0.863956,89.61,0.864322,0.864463,0.864173,BULLISH,AT_PIVOT
2026-06-26 20:21:00,0.864305,0.864515,0.864265,0.864295,528.0,EURGBP,BULLISH,0.8642,0.863989,0.863595,0.863072,0.862675,0.862312,BULLISH,0.865017,0.861682,0.003334,0.000761,59.46,69.44,0.000457,0.000361,9.5e-05,62.18,67.85,0.000443,100.0,3.56,0.000325,0.00017,40.41,40.97,12.66,52.78,0.106,1873,1558.05,1.202,False,FALLING,8.8e-05,0.000129,2.7e-05,0.862355,0.86517,0.864247,0.864538,0.864762,0.864023,0.863732,50,6.35,0.86422,0.864189,45.57,1.6e-05,2.4e-05,63.89,50.43,0.000144,0.863915,0.86504,0.864724,0.863753,528,1.293,0.864295,0.864515,0.864265,0.864305,LONDON,62851,HIGH,0.864295,0.864515,0.864265,0.864305,LONDON,62851,HIGH,MORNING_STAR,BULLISH,WEAK,LOW_WICK,NEUTRAL,NOISY,NONE,TESTING_PIVOT,51,30,0.0,84,NEUTRAL,False,70,['MORNING_STAR'],1,20,BULLISH,BULLISH,60,False,NONE,0,False,False,False,60,False,0,100,UP,NONE,NONE,0,True,75,55,45,80,False,True,NEUTRAL,70,False,0.0,NONE,True,BULLISH,True,True,90,True,70,37.16632443532064,25.15723270440277,50.0,37,FAIR,False,75,39,-0.2797536210890226,4,30.000000000000004,False,MEAN_REVERTING,70,40.11126506578044,11.653520770348432,True,VOLATILITY_REGIME_CHANGE,True,True,False,30,False,70,UP,80,IMPULSIVE,EXTREME,UP,80,0.106,IMPULSIVE,75,30,75,STRONG,NONE,75,40,85,EXTREME,88,40,60,3.56,True,40,4.381077529566361,0.0,RANGING,90,False,NONE,0.862355,0.864538,0.864247,FAR,30,50,85,50,NONE,NONE,NONE,False,[],0,0,BREAKOUT_EMERGING,BREAKOUT_EMERGING,50,61,False,13,"Volatility expansion after compression. Potential breakout opportunity. (breakout prob: 30%, reversal prob: 50%)",1.202,0.8,False,False,True,True,0.3,0.3,True,False,False,22,False,[],0,NO,BREAKOUT_EMERGING,"Volatility expansion after compression. Potential breakout opportunity. (breakout prob: 30%, reversal prob: 50%)",EXTREME,LOW,0.051,[],False,Passed basic checks,0,50,50,MEDIUM,5,WAIT,รอการวิเคราะห์จาก AI,0.864184,0.863969,84.62,0.864358,0.864452,0.864202,BULLISH,AT_PIVOT
2026-06-26 20:22:00,0.864295,0.86436,0.864265,0.86435,333.0,EURGBP,BULLISH,0.8642,0.863989,0.863595,0.863072,0.862675,0.862312,BULLISH,0.865017,0.861682,0.003334,0.000761,59.46,69.44,0.000457,0.000361,9.5e-05,62.18,67.85,0.000443,100.0,3.56,0.000325,0.00017,40.41,40.97,12.66,52.78,0.106,1873,1558.05,1.202,False,FALLING,8.8e-05,0.000129,2.7e-05,0.862355,0.86517,0.864247,0.864538,0.864762,0.864023,0.863732,50,6.35,0.864263,0.864205,60.58,2.8e-05,2.5e-05,69.3,62.14,0.000135,0.863915,0.864905,0.864605,0.86382,333,0.854,0.86435,0.86436,0.864265,0.864295,LONDON,63236,HIGH,0.86435,0.86436,0.864265,0.864295,LONDON,63236,HIGH,MORNING_STAR,BULLISH,WEAK,LOW_WICK,NEUTRAL,NOISY,NONE,TESTING_PIVOT,51,30,0.0,84,NEUTRAL,False,70,['MORNING_STAR'],1,20,BULLISH,BULLISH,60,False,NONE,0,False,False,False,60,False,0,100,UP,NONE,NONE,0,True,75,55,45,80,False,True,NEUTRAL,70,False,0.0,NONE,True,BULLISH,True,True,90,True,70,37.16632443532064,25.15723270440277,50.0,37,FAIR,False,75,39,-0.2797536210890226,4,30.000000000000004,False,MEAN_REVERTING,70,40.11126506578044,11.653520770348432,True,VOLATILITY_REGIME_CHANGE,True,True,False,30,False,70,UP,80,IMPULSIVE,EXTREME,UP,80,0.106,IMPULSIVE,75,30,75,STRONG,NONE,75,40,85,EXTREME,88,40,60,3.56,True,40,4.381077529566361,0.0,RANGING,90,False,NONE,0.862355,0.864538,0.864247,FAR,30,50,85,50,NONE,NONE,NONE,False,[],0,0,ACCUMULATION,ACCUMULATION,50,56,False,13,"Smart money accumulation. Bullish bias, look for breakout.",1.202,0.8,False,False,True,True,0.3,0.3,True,False,False,22,False,[],0,NO,ACCUMULATION,"Smart money accumulation. Bullish bias, look for breakout.",EXTREME,LOW,0.051,[],False,Passed basic checks,0,50,50,MEDIUM,5,WAIT,รอการวิเคราะห์จาก AI,0.864214,0.863984,86.52,0.864325,0.864385,0.86429,BULLISH,AT_PIVOT
2026-06-26 20:23:00,0.864355,0.864355,0.864165,0.864255,281.0,EURGBP,BULLISH,0.8642,0.863989,0.863595,0.863072,0.862675,0.862312,BULLISH,0.865017,0.861682,0.003334,0.000761,59.46,69.44,0.000457,0.000361,9.5e-05,62.18,67.85,0.000443,100.0,3.56,0.000325,0.00017,40.41,40.97,12.66,52.78,0.106,1873,1558.05,1.202,False,FALLING,8.8e-05,0.000129,2.7e-05,0.862355,0.86517,0.864247,0.864538,0.864762,0.864023,0.863732,50,6.35,0.864261,0.864209,57.24,3e-05,2.6e-05,64.17,65.78,0.000143,0.863915,0.864615,0.864541,0.863849,281,0.753,0.864255,0.864355,0.864165,0.864355,LONDON,62491,HIGH,0.864255,0.864355,0.864165,0.864355,LONDON,62491,HIGH,MORNING_STAR,BULLISH,WEAK,LOW_WICK,NEUTRAL,NOISY,NONE,TESTING_PIVOT,51,30,0.0,84,NEUTRAL,False,70,['MORNING_STAR'],1,20,BULLISH,BULLISH,60,False,NONE,0,False,False,False,60,False,0,100,UP,NONE,NONE,0,True,75,55,45,80,False,True,NEUTRAL,70,False,0.0,NONE,True,BULLISH,True,True,90,True,70,37.16632443532064,25.15723270440277,50.0,37,FAIR,False,75,39,-0.2797536210890226,4,30.000000000000004,False,MEAN_REVERTING,70,40.11126506578044,11.653520770348432,True,VOLATILITY_REGIME_CHANGE,True,True,False,30,False,70,UP,80,IMPULSIVE,EXTREME,UP,80,0.106,IMPULSIVE,75,30,75,STRONG,NONE,75,40,85,EXTREME,88,40,60,3.56,True,40,4.381077529566361,0.0,RANGING,90,False,NONE,0.862355,0.864538,0.864247,FAR,30,50,85,50,NONE,NONE,NONE,False,[],0,0,BREAKOUT_EMERGING,BREAKOUT_EMERGING,50,61,False,13,"Volatility expansion after compression. Potential breakout opportunity. (breakout prob: 30%, reversal prob: 50%)",1.202,0.8,False,False,True,True,0.3,0.3,True,False,False,22,False,[],0,NO,BREAKOUT_EMERGING,"Volatility expansion after compression. Potential breakout opportunity. (breakout prob: 30%, reversal prob: 50%)",EXTREME,LOW,0.051,[],False,Passed basic checks,0,50,50,MEDIUM,5,WAIT,รอการวิเคราะห์จาก AI,0.864221,0.863995,77.0,0.864258,0.864352,0.864162,BULLISH,AT_PIVOT
2026-06-26 20:24:00,0.864255,0.864315,0.864215,0.864215,186.0,EURGBP,BULLISH,0.8642,0.863989,0.863595,0.863072,0.862675,0.862312,BULLISH,0.865017,0.861682,0.003334,0.000761,59.46,69.44,0.000457,0.000361,9.5e-05,62.18,67.85,0.000443,100.0,3.56,0.000325,0.00017,40.41,40.97,12.66,52.78,0.106,1873,1558.05,1.202,False,FALLING,8.8e-05,0.000129,2.7e-05,0.862355,0.86517,0.864247,0.864538,0.864762,0.864023,0.863732,50,6.35,0.864245,0.86421,62.41,2.7e-05,2.6e-05,59.72,64.4,0.00014,0.863915,0.864585,0.864482,0.863874,186,0.514,0.864215,0.864315,0.864215,0.864255,LONDON,62898,HIGH,0.864215,0.864315,0.864215,0.864255,LONDON,62898,HIGH,MORNING_STAR,BULLISH,WEAK,LOW_WICK,NEUTRAL,NOISY,NONE,TESTING_PIVOT,51,30,0.0,84,NEUTRAL,False,70,['MORNING_STAR'],1,20,BULLISH,BULLISH,60,False,NONE,0,False,False,False,60,False,0,100,UP,NONE,NONE,0,True,75,55,45,80,False,True,NEUTRAL,70,False,0.0,NONE,True,BULLISH,True,True,90,True,70,37.16632443532064,25.15723270440277,50.0,37,FAIR,False,75,39,-0.2797536210890226,4,30.000000000000004,False,MEAN_REVERTING,70,40.11126506578044,11.653520770348432,True,VOLATILITY_REGIME_CHANGE,True,True,False,30,False,70,UP,80,IMPULSIVE,EXTREME,UP,80,0.106,IMPULSIVE,75,30,75,STRONG,NONE,75,40,85,EXTREME,88,40,60,3.56,True,40,4.381077529566361,0.0,RANGING,90,False,NONE,0.862355,0.864538,0.864247,FAR,30,50,85,50,NONE,NONE,NONE,False,[],0,0,ACCUMULATION,ACCUMULATION,50,56,False,13,"Smart money accumulation. Bullish bias, look for breakout.",1.202,0.8,False,False,True,True,0.3,0.3,True,False,False,22,False,[],0,NO,ACCUMULATION,"Smart money accumulation. Bullish bias, look for breakout.",EXTREME,LOW,0.051,[],False,Passed basic checks,0,50,50,MEDIUM,5,WAIT,รอการวิเคราะห์จาก AI,0.86422,0.864004,69.31,0.864248,0.864282,0.864182,BULLISH,AT_PIVOT
2026-06-26 20:25:00,0.864205,0.864215,0.86414,0.86414,229.0,EURGBP,BULLISH,0.86418,0.864017,0.863647,0.863114,0.862706,0.86235,BULLISH,0.865085,0.861777,0.003308,0.000791,48.2,67.26,0.000442,0.000378,6.5e-05,62.91,63.11,0.000463,100.0,3.41,0.000349,0.000176,41.35,38.85,11.74,53.6,0.0608,1557,1577.55,0.987,False,FALLING,4.5e-05,0.000127,2.9e-05,0.862355,0.86517,0.864265,0.86439,0.86464,0.864015,0.86389,50,6.08,0.86421,0.864203,57.64,1.9e-05,2.5e-05,48.06,57.31,0.000135,0.863915,0.864515,0.864434,0.86389,229,0.649,0.86414,0.864215,0.86414,0.864205,LONDON,63264,HIGH,0.86414,0.864215,0.86414,0.864205,LONDON,63264,HIGH,NONE,BEARISH,WEAK,LOW_WICK,NEUTRAL,NOISY,NONE,TESTING_PIVOT,50,30,0.0,69,NEUTRAL,False,70,[],0,0,NEUTRAL,BEARISH,40,False,NONE,0,False,False,False,60,False,0,100,UP,NONE,NONE,0,True,75,55,45,80,False,True,NEUTRAL,70,False,0.0,NONE,True,BULLISH,True,True,90,True,70,32.27408142999046,22.109533468560436,55.00000000000001,36,FAIR,False,75,41,-0.2929178354598377,4,39.99999999999999,False,MEAN_REVERTING,70,39.33156054184328,12.031540208416367,True,VOLATILITY_REGIME_CHANGE,True,True,False,30,False,70,UP,60,CORRECTIVE,EXTREME,UP,60,0.0608,CORRECTIVE,55,30,50,STRONG,NONE,75,40,85,EXTREME,88,40,60,3.41,True,40,4.18204804045512,0.0,RANGING,90,False,NONE,0.862355,0.86439,0.864265,FAR,30,50,85,50,NONE,NONE,NONE,False,[],0,0,ACCUMULATION,ACCUMULATION,50,56,False,13,"Smart money accumulation. Bullish bias, look for breakout.",0.987,0.8,False,False,True,True,0.3,0.3,True,False,False,22,False,[],0,NO,ACCUMULATION,"Smart money accumulation. Bullish bias, look for breakout.",EXTREME,LOW,0.054,[],False,Passed basic checks,0,50,50,MEDIUM,5,WAIT,รอการวิเคราะห์จาก AI,0.864206,0.864009,51.58,0.864165,0.86419,0.864115,BEARISH,AT_PIVOT
2026-06-26 20:26:00,0.864145,0.864195,0.86412,0.864175,264.0,EURGBP,BULLISH,0.86418,0.864017,0.863647,0.863114,0.862706,0.86235,BULLISH,0.865085,0.861777,0.003308,0.000791,48.2,67.26,0.000442,0.000378,6.5e-05,62.91,63.11,0.000463,100.0,3.41,0.000349,0.000176,41.35,38.85,11.74,53.6,0.0608,1557,1577.55,0.987,False,FALLING,4.5e-05,0.000127,2.9e-05,0.862355,0.86517,0.864265,0.86439,0.86464,0.864015,0.86389,50,6.08,0.864198,0.864201,58.78,1.5e-05,2.3e-05,43.61,50.46,0.000134,0.863915,0.864515,0.864398,0.863903,264,0.76,0.864175,0.864195,0.86412,0.864145,LONDON,62655,HIGH,0.864175,0.864195,0.86412,0.864145,LONDON,62655,HIGH,NONE,BEARISH,WEAK,LOW_WICK,NEUTRAL,NOISY,NONE,TESTING_PIVOT,50,30,0.0,69,NEUTRAL,False,70,[],0,0,NEUTRAL,BEARISH,40,False,NONE,0,False,False,False,60,False,0,100,UP,NONE,NONE,0,True,75,55,45,80,False,True,NEUTRAL,70,False,0.0,NONE,True,BULLISH,True,True,90,True,70,32.27408142999046,22.109533468560436,55.00000000000001,36,FAIR,False,75,41,-0.2929178354598377,4,39.99999999999999,False,MEAN_REVERTING,70,39.33156054184328,12.031540208416367,True,VOLATILITY_REGIME_CHANGE,True,True,False,30,False,70,UP,60,CORRECTIVE,EXTREME,UP,60,0.0608,CORRECTIVE,55,30,50,STRONG,NONE,75,40,85,EXTREME,88,40,60,3.41,True,40,4.18204804045512,0.0,RANGING,90,False,NONE,0.862355,0.86439,0.864265,FAR,30,50,85,50,NONE,NONE,NONE,False,[],0,0,ACCUMULATION,ACCUMULATION,50,56,False,13,"Smart money accumulation. Bullish bias, look for breakout.",0.987,0.8,False,False,True,True,0.3,0.3,True,False,False,22,False,[],0,NO,ACCUMULATION,"Smart money accumulation. Bullish bias, look for breakout.",EXTREME,LOW,0.054,[],False,Passed basic checks,0,50,50,MEDIUM,5,WAIT,รอการวิเคราะห์จาก AI,0.8642,0.864015,43.21,0.864163,0.864207,0.864132,BEARISH,AT_PIVOT
2026-06-26 20:27:00,0.86417,0.864255,0.864155,0.8642,224.0,EURGBP,BULLISH,0.86418,0.864017,0.863647,0.863114,0.862706,0.86235,BULLISH,0.865085,0.861777,0.003308,0.000791,48.2,67.26,0.000442,0.000378,6.5e-05,62.91,63.11,0.000463,100.0,3.41,0.000349,0.000176,41.35,38.85,11.74,53.6,0.0608,1557,1577.55,0.987,False,FALLING,4.5e-05,0.000127,2.9e-05,0.862355,0.86517,0.864265,0.86439,0.86464,0.864015,0.86389,50,6.08,0.864199,0.864201,63.01,1.4e-05,2.1e-05,42.78,44.81,0.000136,0.863915,0.864515,0.86437,0.863915,224,0.66,0.8642,0.864255,0.864155,0.86417,LONDON,63145,HIGH,0.8642,0.864255,0.864155,0.86417,LONDON,63145,HIGH,NONE,BEARISH,WEAK,LOW_WICK,NEUTRAL,NOISY,NONE,TESTING_PIVOT,50,30,0.0,69,NEUTRAL,False,70,[],0,0,NEUTRAL,BEARISH,40,False,NONE,0,False,False,False,60,False,0,100,UP,NONE,NONE,0,True,75,55,45,80,False,True,NEUTRAL,70,False,0.0,NONE,True,BULLISH,True,True,90,True,70,32.27408142999046,22.109533468560436,55.00000000000001,36,FAIR,False,75,41,-0.2929178354598377,4,39.99999999999999,False,MEAN_REVERTING,70,39.33156054184328,12.031540208416367,True,VOLATILITY_REGIME_CHANGE,True,True,False,30,False,70,UP,60,CORRECTIVE,EXTREME,UP,60,0.0608,CORRECTIVE,55,30,50,STRONG,NONE,75,40,85,EXTREME,88,40,60,3.41,True,40,4.18204804045512,0.0,RANGING,90,False,NONE,0.862355,0.86439,0.864265,FAR,30,50,85,50,NONE,NONE,NONE,False,[],0,0,ACCUMULATION,ACCUMULATION,50,56,False,13,"Smart money accumulation. Bullish bias, look for breakout.",0.987,0.8,False,False,True,True,0.3,0.3,True,False,False,22,False,[],0,NO,ACCUMULATION,"Smart money accumulation. Bullish bias, look for breakout.",EXTREME,LOW,0.054,[],False,Passed basic checks,0,50,50,MEDIUM,5,WAIT,รอการวิเคราะห์จาก AI,0.8642,0.864023,33.33,0.864203,0.864252,0.864152,BEARISH,AT_PIVOT
2026-06-26 20:28:00,0.864195,0.864235,0.86415,0.864195,259.0,EURGBP,BULLISH,0.86418,0.864017,0.863647,0.863114,0.862706,0.86235,BULLISH,0.865085,0.861777,0.003308,0.000791,48.2,67.26,0.000442,0.000378,6.5e-05,62.91,63.11,0.000463,100.0,3.41,0.000349,0.000176,41.35,38.85,11.74,53.6,0.0608,1557,1577.55,0.987,False,FALLING,4.5e-05,0.000127,2.9e-05,0.862355,0.86517,0.864265,0.86439,0.86464,0.864015,0.86389,50,6.08,0.864198,0.8642,61.81,1.3e-05,1.9e-05,45.83,44.07,0.000135,0.863915,0.864515,0.864369,0.863915,259,0.78,0.864195,0.864235,0.86415,0.864195,LONDON,62722,HIGH,0.864195,0.864235,0.86415,0.864195,LONDON,62722,HIGH,NONE,BEARISH,WEAK,LOW_WICK,NEUTRAL,NOISY,NONE,TESTING_PIVOT,50,30,0.0,69,NEUTRAL,False,70,[],0,0,NEUTRAL,BEARISH,40,False,NONE,0,False,False,False,60,False,0,100,UP,NONE,NONE,0,True,75,55,45,80,False,True,NEUTRAL,70,False,0.0,NONE,True,BULLISH,True,True,90,True,70,32.27408142999046,22.109533468560436,55.00000000000001,36,FAIR,False,75,41,-0.2929178354598377,4,39.99999999999999,False,MEAN_REVERTING,70,39.33156054184328,12.031540208416367,True,VOLATILITY_REGIME_CHANGE,True,True,False,30,False,70,UP,60,CORRECTIVE,EXTREME,UP,60,0.0608,CORRECTIVE,55,30,50,STRONG,NONE,75,40,85,EXTREME,88,40,60,3.41,True,40,4.18204804045512,0.0,RANGING,90,False,NONE,0.862355,0.86439,0.864265,FAR,30,50,85,50,NONE,NONE,NONE,False,[],0,0,ACCUMULATION,ACCUMULATION,50,56,False,13,"Smart money accumulation. Bullish bias, look for breakout.",0.987,0.8,False,False,True,True,0.3,0.3,True,False,False,22,False,[],0,NO,ACCUMULATION,"Smart money accumulation. Bullish bias, look for breakout.",EXTREME,LOW,0.054,[],False,Passed basic checks,0,50,50,MEDIUM,5,WAIT,รอการวิเคราะห์จาก AI,0.864199,0.864029,34.85,0.864193,0.864237,0.864152,BEARISH,AT_PIVOT
2026-06-26 20:29:00,0.864195,0.864245,0.864165,0.86421,232.0,EURGBP,BULLISH,0.86418,0.864017,0.863647,0.863114,0.862706,0.86235,BULLISH,0.865085,0.861777,0.003308,0.000791,48.2,67.26,0.000442,0.000378,6.5e-05,62.91,63.11,0.000463,100.0,3.41,0.000349,0.000176,41.35,38.85,11.74,53.6,0.0608,1557,1577.55,0.987,False,FALLING,4.5e-05,0.000127,2.9e-05,0.862355,0.86517,0.864265,0.86439,0.86464,0.864015,0.86389,50,6.08,0.864202,0.864201,62.59,1.3e-05,1.8e-05,46.57,45.06,0.000133,0.863915,0.864515,0.864374,0.863916,232,0.715,0.86421,0.864245,0.864165,0.864195,LONDON,63117,HIGH,0.86421,0.864245,0.864165,0.864195,LONDON,63117,HIGH,NONE,BEARISH,WEAK,LOW_WICK,NEUTRAL,NOISY,NONE,TESTING_PIVOT,50,30,0.0,69,NEUTRAL,False,70,[],0,0,NEUTRAL,BEARISH,40,False,NONE,0,False,False,False,60,False,0,100,UP,NONE,NONE,0,True,75,55,45,80,False,True,NEUTRAL,70,False,0.0,NONE,True,BULLISH,True,True,90,True,70,32.27408142999046,22.109533468560436,55.00000000000001,36,FAIR,False,75,41,-0.2929178354598377,4,39.99999999999999,False,MEAN_REVERTING,70,39.33156054184328,12.031540208416367,True,VOLATILITY_REGIME_CHANGE,True,True,False,30,False,70,UP,60,CORRECTIVE,EXTREME,UP,60,0.0608,CORRECTIVE,55,30,50,STRONG,NONE,75,40,85,EXTREME,88,40,60,3.41,True,40,4.18204804045512,0.0,RANGING,90,False,NONE,0.862355,0.86439,0.864265,FAR,30,50,85,50,NONE,NONE,NONE,False,[],0,0,ACCUMULATION,ACCUMULATION,50,56,False,13,"Smart money accumulation. Bullish bias, look for breakout.",0.987,0.8,False,False,True,True,0.3,0.3,True,False,False,22,False,[],0,NO,ACCUMULATION,"Smart money accumulation. Bullish bias, look for breakout.",EXTREME,LOW,0.054,[],False,Passed basic checks,0,50,50,MEDIUM,5,WAIT,รอการวิเคราะห์จาก AI,0.864201,0.864037,25.86,0.864207,0.864248,0.864168,BEARISH,AT_PIVOT
2026-06-26 20:30:00,0.864215,0.864225,0.864105,0.86411,284.0,EURGBP,BULLISH,0.864157,0.864034,0.863691,0.863153,0.862732,0.862355,BULLISH,0.865131,0.861891,0.003241,0.00082,52.86,65.77,0.000424,0.000387,3.7e-05,63.12,62.74,0.00046,98.49,3.04,0.000371,0.000183,42.07,37.66,12.09,51.4,0.0446,1263,1570.4,0.804,False,FALLING,7e-06,0.000122,3.1e-05,0.86237,0.86517,0.864157,0.864208,0.864307,0.864058,0.864007,20,6.09,0.864171,0.864192,57.86,4e-06,1.5e-05,39.96,44.12,0.000135,0.863915,0.864515,0.864373,0.863922,284,0.894,0.86411,0.864225,0.864105,0.864215,LONDON,62529,HIGH,0.86411,0.864225,0.864105,0.864215,LONDON,62529,HIGH,SHOOTING_STAR,BEARISH,WEAK,LOW_WICK,NEUTRAL,NOISY,TRUE,TESTING_PIVOT,51,30,0.0,57,NEUTRAL,False,70,['SHOOTING_STAR'],1,20,BEARISH,BEARISH,60,True,REJECTION,25,False,False,True,70,False,0,100,UP,NONE,NONE,0,True,75,55,45,80,False,True,NEUTRAL,70,False,0.0,NONE,True,BULLISH,True,True,90,True,70,31.75074183976536,22.93080054274197,55.00000000000001,36,FAIR,False,75,42,-0.2856098466081455,4,50.0,False,MEAN_REVERTING,70,39.62127622740495,11.593442521763793,True,VOLATILITY_REGIME_CHANGE,True,False,False,65,True,70,UP,20,CHOPPY,EXTREME,UP,20,0.0446,CHOPPY,55,30,50,STRONG,NONE,75,40,85,EXTREME,88,40,60,3.04,True,40,3.952439024390244,0.0,RANGING,90,False,NONE,0.86237,0.864208,0.864157,FAR,30,50,85,50,NONE,NONE,NONE,False,[],0,0,ACCUMULATION,ACCUMULATION,50,56,False,13,"Smart money accumulation. Bullish bias, look for breakout.",0.804,0.8,False,False,True,True,0.3,0.3,True,False,False,22,False,[],0,NO,ACCUMULATION,"Smart money accumulation. Bullish bias, look for breakout.",EXTREME,LOW,0.053,[],False,Passed basic checks,0,50,50,MEDIUM,5,WAIT,รอการวิเคราะห์จาก AI,0.864185,0.864039,25.42,0.864147,0.864188,0.864068,BEARISH,AT_PIVOT
2026-06-26 20:31:00,0.864115,0.864325,0.86411,0.86427,473.0,EURGBP,BULLISH,0.864157,0.864034,0.863691,0.863153,0.862732,0.862355,BULLISH,0.865131,0.861891,0.003241,0.00082,52.86,65.77,0.000424,0.000387,3.7e-05,63.12,62.74,0.00046,98.49,3.04,0.000371,0.000183,42.07,37.66,12.09,51.4,0.0446,1263,1570.4,0.804,False,FALLING,7e-06,0.000122,3.1e-05,0.86237,0.86517,0.864157,0.864208,0.864307,0.864058,0.864007,20,6.09,0.864204,0.8642,63.59,1.1e-05,1.4e-05,43.15,43.23,0.000144,0.863915,0.864515,0.864384,0.863935,473,1.479,0.86427,0.864325,0.86411,0.864115,LONDON,62915,HIGH,0.86427,0.864325,0.86411,0.864115,LONDON,62915,HIGH,SHOOTING_STAR,BEARISH,WEAK,LOW_WICK,NEUTRAL,NOISY,TRUE,TESTING_PIVOT,51,30,0.0,57,NEUTRAL,False,70,['SHOOTING_STAR'],1,20,BEARISH,BEARISH,60,True,REJECTION,25,False,False,True,70,False,0,100,UP,NONE,NONE,0,True,75,55,45,80,False,True,NEUTRAL,70,False,0.0,NONE,True,BULLISH,True,True,90,True,70,31.75074183976536,22.93080054274197,55.00000000000001,36,FAIR,False,75,42,-0.2856098466081455,4,50.0,False,MEAN_REVERTING,70,39.62127622740495,11.593442521763793,True,VOLATILITY_REGIME_CHANGE,True,False,False,65,True,70,UP,20,CHOPPY,EXTREME,UP,20,0.0446,CHOPPY,55,30,50,STRONG,NONE,75,40,85,EXTREME,88,40,60,3.04,True,40,3.952439024390244,0.0,RANGING,90,False,NONE,0.86237,0.864208,0.864157,FAR,30,50,85,50,NONE,NONE,NONE,False,[],0,0,ACCUMULATION,ACCUMULATION,50,56,False,13,"Smart money accumulation. Bullish bias, look for breakout.",0.804,0.8,False,False,True,True,0.3,0.3,True,False,False,22,False,[],0,NO,ACCUMULATION,"Smart money accumulation. Bullish bias, look for breakout.",EXTREME,LOW,0.053,[],False,Passed basic checks,0,50,50,MEDIUM,5,WAIT,รอการวิเคราะห์จาก AI,0.8642,0.864048,56.63,0.864235,0.86436,0.864145,BEARISH,AT_PIVOT
2026-06-26 20:32:00,0.864275,0.864315,0.86413,0.864135,436.0,EURGBP,BULLISH,0.864157,0.864034,0.863691,0.863153,0.862732,0.862355,BULLISH,0.865131,0.861891,0.003241,0.00082,52.86,65.77,0.000424,0.000387,3.7e-05,63.12,62.74,0.00046,98.49,3.04,0.000371,0.000183,42.07,37.66,12.09,51.4,0.0446,1263,1570.4,0.804,False,FALLING,7e-06,0.000122,3.1e-05,0.86237,0.86517,0.864157,0.864208,0.864307,0.864058,0.864007,20,6.09,0.864181,0.864194,50.53,5e-06,1.2e-05,30.42,37.84,0.000144,0.863915,0.864515,0.864383,0.863946,436,1.351,0.864135,0.864315,0.86413,0.864275,LONDON,63313,HIGH,0.864135,0.864315,0.86413,0.864275,LONDON,63313,HIGH,SHOOTING_STAR,BEARISH,WEAK,LOW_WICK,NEUTRAL,NOISY,TRUE,TESTING_PIVOT,51,30,0.0,57,NEUTRAL,False,70,['SHOOTING_STAR'],1,20,BEARISH,BEARISH,60,True,REJECTION,25,False,False,True,70,False,0,100,UP,NONE,NONE,0,True,75,55,45,80,False,True,NEUTRAL,70,False,0.0,NONE,True,BULLISH,True,True,90,True,70,31.75074183976536,22.93080054274197,55.00000000000001,36,FAIR,False,75,42,-0.2856098466081455,4,50.0,False,MEAN_REVERTING,70,39.62127622740495,11.593442521763793,True,VOLATILITY_REGIME_CHANGE,True,False,False,65,True,70,UP,20,CHOPPY,EXTREME,UP,20,0.0446,CHOPPY,55,30,50,STRONG,NONE,75,40,85,EXTREME,88,40,60,3.04,True,40,3.952439024390244,0.0,RANGING,90,False,NONE,0.86237,0.864208,0.864157,FAR,30,50,85,50,NONE,NONE,NONE,False,[],0,0,ACCUMULATION,ACCUMULATION,50,56,False,13,"Smart money accumulation. Bullish bias, look for breakout.",0.804,0.8,False,False,True,True,0.3,0.3,True,False,False,22,False,[],0,NO,ACCUMULATION,"Smart money accumulation. Bullish bias, look for breakout.",EXTREME,LOW,0.053,[],False,Passed basic checks,0,50,50,MEDIUM,5,WAIT,รอการวิเคราะห์จาก AI,0.864188,0.864052,49.47,0.864193,0.864257,0.864072,BEARISH,AT_PIVOT
2026-06-26 20:33:00,0.86414,0.864225,0.86412,0.864225,432.0,EURGBP,BULLISH,0.864157,0.864034,0.863691,0.863153,0.862732,0.862355,BULLISH,0.865131,0.861891,0.003241,0.00082,52.86,65.77,0.000424,0.000387,3.7e-05,63.12,62.74,0.00046,98.49,3.04,0.000371,0.000183,42.07,37.66,12.09,51.4,0.0446,1263,1570.4,0.804,False,FALLING,7e-06,0.000122,3.1e-05,0.86237,0.86517,0.864157,0.864208,0.864307,0.864058,0.864007,20,6.09,0.864196,0.864197,49.73,7e-06,1.1e-05,30.95,34.84,0.00014,0.863915,0.864515,0.864382,0.863968,432,1.301,0.864225,0.864225,0.86412,0.86414,LONDON,62773,HIGH,0.864225,0.864225,0.86412,0.86414,LONDON,62773,HIGH,SHOOTING_STAR,BEARISH,WEAK,LOW_WICK,NEUTRAL,NOISY,TRUE,TESTING_PIVOT,51,30,0.0,57,NEUTRAL,False,70,['SHOOTING_STAR'],1,20,BEARISH,BEARISH,60,True,REJECTION,25,False,False,True,70,False,0,100,UP,NONE,NONE,0,True,75,55,45,80,False,True,NEUTRAL,70,False,0.0,NONE,True,BULLISH,True,True,90,True,70,31.75074183976536,22.93080054274197,55.00000000000001,36,FAIR,False,75,42,-0.2856098466081455,4,50.0,False,MEAN_REVERTING,70,39.62127622740495,11.593442521763793,True,VOLATILITY_REGIME_CHANGE,True,False,False,65,True,70,UP,20,CHOPPY,EXTREME,UP,20,0.0446,CHOPPY,55,30,50,STRONG,NONE,75,40,85,EXTREME,88,40,60,3.04,True,40,3.952439024390244,0.0,RANGING,90,False,NONE,0.86237,0.864208,0.864157,FAR,30,50,85,50,NONE,NONE,NONE,False,[],0,0,ACCUMULATION,ACCUMULATION,50,56,False,13,"Smart money accumulation. Bullish bias, look for breakout.",0.804,0.8,False,False,True,True,0.3,0.3,True,False,False,22,False,[],0,NO,ACCUMULATION,"Smart money accumulation. Bullish bias, look for breakout.",EXTREME,LOW,0.053,[],False,Passed basic checks,0,50,50,MEDIUM,5,WAIT,รอการวิเคราะห์จาก AI,0.864195,0.864059,54.72,0.86419,0.86426,0.864155,BEARISH,AT_PIVOT
2026-06-26 20:34:00,0.86423,0.864405,0.86421,0.86438,336.0,EURGBP,BULLISH,0.864157,0.864034,0.863691,0.863153,0.862732,0.862355,BULLISH,0.865131,0.861891,0.003241,0.00082,52.86,65.77,0.000424,0.000387,3.7e-05,63.12,62.74,0.00046,98.49,3.04,0.000371,0.000183,42.07,37.66,12.09,51.4,0.0446,1263,1570.4,0.804,False,FALLING,7e-06,0.000122,3.1e-05,0.86237,0.86517,0.864157,0.864208,0.864307,0.864058,0.864007,20,6.09,0.864257,0.864214,53.23,2.1e-05,1.3e-05,34.55,31.97,0.000134,0.863915,0.864515,0.864407,0.863979,336,1.011,0.86438,0.864405,0.86421,0.86423,LONDON,63066,HIGH,0.86438,0.864405,0.86421,0.86423,LONDON,63066,HIGH,SHOOTING_STAR,BEARISH,WEAK,LOW_WICK,NEUTRAL,NOISY,TRUE,TESTING_PIVOT,51,30,0.0,57,NEUTRAL,False,70,['SHOOTING_STAR'],1,20,BEARISH,BEARISH,60,True,REJECTION,25,False,False,True,70,False,0,100,UP,NONE,NONE,0,True,75,55,45,80,False,True,NEUTRAL,70,False,0.0,NONE,True,BULLISH,True,True,90,True,70,31.75074183976536,22.93080054274197,55.00000000000001,36,FAIR,False,75,42,-0.2856098466081455,4,50.0,False,MEAN_REVERTING,70,39.62127622740495,11.593442521763793,True,VOLATILITY_REGIME_CHANGE,True,False,False,65,True,70,UP,20,CHOPPY,EXTREME,UP,20,0.0446,CHOPPY,55,30,50,STRONG,NONE,75,40,85,EXTREME,88,40,60,3.04,True,40,3.952439024390244,0.0,RANGING,90,False,NONE,0.86237,0.864208,0.864157,FAR,30,50,85,50,NONE,NONE,NONE,False,[],0,0,ACCUMULATION,ACCUMULATION,50,56,False,13,"Smart money accumulation. Bullish bias, look for breakout.",0.804,0.8,False,False,True,True,0.3,0.3,True,False,False,22,False,[],0,NO,ACCUMULATION,"Smart money accumulation. Bullish bias, look for breakout.",EXTREME,LOW,0.053,[],False,Passed basic checks,0,50,50,MEDIUM,5,WAIT,รอการวิเคราะห์จาก AI,0.864229,0.864071,63.64,0.864332,0.864453,0.864258,BEARISH,AT_PIVOT
2026-06-26 20:35:00,0.864385,0.864405,0.86422,0.86425,311.0,EURGBP,BULLISH,0.864188,0.864073,0.863744,0.863196,0.862753,0.862305,BULLISH,0.865169,0.862036,0.003134,0.000849,26.46,62.95,0.000415,0.000393,2.3e-05,60.15,62.06,0.000443,96.98,2.31,0.000392,0.000189,42.95,38.46,11.35,54.42,0.0012,1988,1598.95,1.243,False,RISING,-2.3e-05,0.000115,3.4e-05,0.862375,0.86517,0.864255,0.8644,0.86455,0.864105,0.86396,20,6.31,0.864255,0.864217,47.98,2.2e-05,1.5e-05,48.22,37.91,0.000129,0.863955,0.864515,0.864404,0.864004,311,0.931,0.86425,0.864405,0.86422,0.864385,LONDON,62415,HIGH,0.86425,0.864405,0.86422,0.864385,LONDON,62415,HIGH,MORNING_STAR,BULLISH,WEAK,LOW_WICK,NEUTRAL,NOISY,NONE,TESTING_PIVOT,52,26,6.666666666666667,57,NEUTRAL,False,70,['MORNING_STAR'],1,20,BULLISH,BULLISH,60,False,NONE,0,False,False,False,60,False,0,100,UP,NONE,NONE,0,True,75,55,45,80,False,True,NEUTRAL,70,False,0.0,NONE,True,BULLISH,True,True,90,True,70,35.81213307240893,24.499332443256982,50.0,36,FAIR,False,75,44,-0.286878479187921,4,60.00000000000001,False,MEAN_REVERTING,70,39.56550201868844,11.7731833298362,True,VOLATILITY_REGIME_CHANGE,True,True,False,30,False,70,UP,40,CHOPPY,EXTREME,UP,40,0.0012,CHOPPY,55,30,50,STRONG,NONE,75,40,85,EXTREME,88,40,60,2.31,True,40,3.691401648998822,0.0,RANGING,90,False,NONE,0.862375,0.8644,0.864255,FAR,30,50,85,50,NONE,NONE,NONE,False,[],0,0,ACCUMULATION,ACCUMULATION,50,56,False,13,"Smart money accumulation. Bullish bias, look for breakout.",1.243,0.8,False,False,True,True,0.3,0.3,True,False,False,22,False,[],0,NO,ACCUMULATION,"Smart money accumulation. Bullish bias, look for breakout.",EXTREME,LOW,0.051,[],False,Passed basic checks,0,50,50,MEDIUM,5,WAIT,รอการวิเคราะห์จาก AI,0.864232,0.864078,53.5,0.864292,0.864363,0.864178,BULLISH,AT_PIVOT
2026-06-26 20:36:00,0.86425,0.864255,0.864165,0.86421,402.0,EURGBP,BULLISH,0.864188,0.864073,0.863744,0.863196,0.862753,0.862305,BULLISH,0.865169,0.862036,0.003134,0.000849,26.46,62.95,0.000415,0.000393,2.3e-05,60.15,62.06,0.000443,96.98,2.31,0.000392,0.000189,42.95,38.46,11.35,54.42,0.0012,1988,1598.95,1.243,False,RISING,-2.3e-05,0.000115,3.4e-05,0.862375,0.86517,0.864255,0.8644,0.86455,0.864105,0.86396,20,6.31,0.86424,0.864217,43.64,1.9e-05,1.6e-05,50.14,44.3,0.000129,0.863955,0.864515,0.864387,0.864044,402,1.185,0.86421,0.864255,0.864165,0.86425,LONDON,62920,HIGH,0.86421,0.864255,0.864165,0.86425,LONDON,62920,HIGH,MORNING_STAR,BULLISH,WEAK,LOW_WICK,NEUTRAL,NOISY,NONE,TESTING_PIVOT,52,26,6.666666666666667,57,NEUTRAL,False,70,['MORNING_STAR'],1,20,BULLISH,BULLISH,60,False,NONE,0,False,False,False,60,False,0,100,UP,NONE,NONE,0,True,75,55,45,80,False,True,NEUTRAL,70,False,0.0,NONE,True,BULLISH,True,True,90,True,70,35.81213307240893,24.499332443256982,50.0,36,FAIR,False,75,44,-0.286878479187921,4,60.00000000000001,False,MEAN_REVERTING,70,39.56550201868844,11.7731833298362,True,VOLATILITY_REGIME_CHANGE,True,True,False,30,False,70,UP,40,CHOPPY,EXTREME,UP,40,0.0012,CHOPPY,55,30,50,STRONG,NONE,75,40,85,EXTREME,88,40,60,2.31,True,40,3.691401648998822,0.0,RANGING,90,False,NONE,0.862375,0.8644,0.864255,FAR,30,50,85,50,NONE,NONE,NONE,False,[],0,0,ACCUMULATION,ACCUMULATION,50,56,False,13,"Smart money accumulation. Bullish bias, look for breakout.",1.243,0.8,False,False,True,True,0.3,0.3,True,False,False,22,False,[],0,NO,ACCUMULATION,"Smart money accumulation. Bullish bias, look for breakout.",EXTREME,LOW,0.051,[],False,Passed basic checks,0,50,50,MEDIUM,5,WAIT,รอการวิเคราะห์จาก AI,0.864228,0.864083,50.0,0.86421,0.864255,0.864165,BULLISH,AT_PIVOT
2026-06-26 20:37:00,0.864215,0.86427,0.86419,0.86424,295.0,EURGBP,BULLISH,0.864188,0.864073,0.863744,0.863196,0.862753,0.862305,BULLISH,0.865169,0.862036,0.003134,0.000849,26.46,62.95,0.000415,0.000393,2.3e-05,60.15,62.06,0.000443,96.98,2.31,0.000392,0.000189,42.95,38.46,11.35,54.42,0.0012,1988,1598.95,1.243,False,RISING,-2.3e-05,0.000115,3.4e-05,0.862375,0.86517,0.864255,0.8644,0.86455,0.864105,0.86396,20,6.31,0.86424,0.864219,49.28,1.9e-05,1.6e-05,42.78,47.05,0.000121,0.863955,0.864515,0.864371,0.864081,295,0.851,0.86424,0.86427,0.86419,0.864215,LONDON,63389,HIGH,0.86424,0.86427,0.86419,0.864215,LONDON,63389,HIGH,MORNING_STAR,BULLISH,WEAK,LOW_WICK,NEUTRAL,NOISY,NONE,TESTING_PIVOT,52,26,6.666666666666667,57,NEUTRAL,False,70,['MORNING_STAR'],1,20,BULLISH,BULLISH,60,False,NONE,0,False,False,False,60,False,0,100,UP,NONE,NONE,0,True,75,55,45,80,False,True,NEUTRAL,70,False,0.0,NONE,True,BULLISH,True,True,90,True,70,35.81213307240893,24.499332443256982,50.0,36,FAIR,False,75,44,-0.286878479187921,4,60.00000000000001,False,MEAN_REVERTING,70,39.56550201868844,11.7731833298362,True,VOLATILITY_REGIME_CHANGE,True,True,False,30,False,70,UP,40,CHOPPY,EXTREME,UP,40,0.0012,CHOPPY,55,30,50,STRONG,NONE,75,40,85,EXTREME,88,40,60,2.31,True,40,3.691401648998822,0.0,RANGING,90,False,NONE,0.862375,0.8644,0.864255,FAR,30,50,85,50,NONE,NONE,NONE,False,[],0,0,ACCUMULATION,ACCUMULATION,50,56,False,13,"Smart money accumulation. Bullish bias, look for breakout.",1.243,0.8,False,False,True,True,0.3,0.3,True,False,False,22,False,[],0,NO,ACCUMULATION,"Smart money accumulation. Bullish bias, look for breakout.",EXTREME,LOW,0.051,[],False,Passed basic checks,0,50,50,MEDIUM,5,WAIT,รอการวิเคราะห์จาก AI,0.86423,0.86409,58.78,0.864233,0.864277,0.864197,BULLISH,AT_PIVOT
2026-06-26 20:38:00,0.864235,0.864315,0.864225,0.864295,357.0,EURGBP,BULLISH,0.864188,0.864073,0.863744,0.863196,0.862753,0.862305,BULLISH,0.865169,0.862036,0.003134,0.000849,26.46,62.95,0.000415,0.000393,2.3e-05,60.15,62.06,0.000443,96.98,2.31,0.000392,0.000189,42.95,38.46,11.35,54.42,0.0012,1988,1598.95,1.243,False,RISING,-2.3e-05,0.000115,3.4e-05,0.862375,0.86517,0.864255,0.8644,0.86455,0.864105,0.86396,20,6.31,0.864258,0.864226,53.81,2.3e-05,1.8e-05,47.78,46.9,0.00012,0.864105,0.864515,0.864374,0.864095,357,1.001,0.864295,0.864315,0.864225,0.864235,LONDON,62664,HIGH,0.864295,0.864315,0.864225,0.864235,LONDON,62664,HIGH,MORNING_STAR,BULLISH,WEAK,LOW_WICK,NEUTRAL,NOISY,NONE,TESTING_PIVOT,52,26,6.666666666666667,57,NEUTRAL,False,70,['MORNING_STAR'],1,20,BULLISH,BULLISH,60,False,NONE,0,False,False,False,60,False,0,100,UP,NONE,NONE,0,True,75,55,45,80,False,True,NEUTRAL,70,False,0.0,NONE,True,BULLISH,True,True,90,True,70,35.81213307240893,24.499332443256982,50.0,36,FAIR,False,75,44,-0.286878479187921,4,60.00000000000001,False,MEAN_REVERTING,70,39.56550201868844,11.7731833298362,True,VOLATILITY_REGIME_CHANGE,True,True,False,30,False,70,UP,40,CHOPPY,EXTREME,UP,40,0.0012,CHOPPY,55,30,50,STRONG,NONE,75,40,85,EXTREME,88,40,60,2.31,True,40,3.691401648998822,0.0,RANGING,90,False,NONE,0.862375,0.8644,0.864255,FAR,30,50,85,50,NONE,NONE,NONE,False,[],0,0,ACCUMULATION,ACCUMULATION,50,56,False,13,"Smart money accumulation. Bullish bias, look for breakout.",1.243,0.8,False,False,True,True,0.3,0.3,True,False,False,22,False,[],0,NO,ACCUMULATION,"Smart money accumulation. Bullish bias, look for breakout.",EXTREME,LOW,0.051,[],False,Passed basic checks,0,50,50,MEDIUM,5,WAIT,รอการวิเคราะห์จาก AI,0.864242,0.864098,51.97,0.864278,0.864332,0.864242,BULLISH,AT_PIVOT
2026-06-26 20:39:00,0.8643,0.864315,0.86425,0.86429,331.0,EURGBP,BULLISH,0.864188,0.864073,0.863744,0.863196,0.862753,0.862305,BULLISH,0.865169,0.862036,0.003134,0.000849,26.46,62.95,0.000415,0.000393,2.3e-05,60.15,62.06,0.000443,96.98,2.31,0.000392,0.000189,42.95,38.46,11.35,54.42,0.0012,1988,1598.95,1.243,False,RISING,-2.3e-05,0.000115,3.4e-05,0.862375,0.86517,0.864255,0.8644,0.86455,0.864105,0.86396,20,6.31,0.864269,0.864232,57.65,2.5e-05,1.9e-05,56.67,49.07,0.000119,0.864105,0.864515,0.864379,0.864096,331,0.955,0.86429,0.864315,0.86425,0.8643,LONDON,63107,HIGH,0.86429,0.864315,0.86425,0.8643,LONDON,63107,HIGH,MORNING_STAR,BULLISH,WEAK,LOW_WICK,NEUTRAL,NOISY,NONE,TESTING_PIVOT,52,26,6.666666666666667,57,NEUTRAL,False,70,['MORNING_STAR'],1,20,BULLISH,BULLISH,60,False,NONE,0,False,False,False,60,False,0,100,UP,NONE,NONE,0,True,75,55,45,80,False,True,NEUTRAL,70,False,0.0,NONE,True,BULLISH,True,True,90,True,70,35.81213307240893,24.499332443256982,50.0,36,FAIR,False,75,44,-0.286878479187921,4,60.00000000000001,False,MEAN_REVERTING,70,39.56550201868844,11.7731833298362,True,VOLATILITY_REGIME_CHANGE,True,True,False,30,False,70,UP,40,CHOPPY,EXTREME,UP,40,0.0012,CHOPPY,55,30,50,STRONG,NONE,75,40,85,EXTREME,88,40,60,2.31,True,40,3.691401648998822,0.0,RANGING,90,False,NONE,0.862375,0.8644,0.864255,FAR,30,50,85,50,NONE,NONE,NONE,False,[],0,0,ACCUMULATION,ACCUMULATION,50,56,False,13,"Smart money accumulation. Bullish bias, look for breakout.",1.243,0.8,False,False,True,True,0.3,0.3,True,False,False,22,False,[],0,NO,ACCUMULATION,"Smart money accumulation. Bullish bias, look for breakout.",EXTREME,LOW,0.051,[],False,Passed basic checks,0,50,50,MEDIUM,5,WAIT,รอการวิเคราะห์จาก AI,0.864251,0.864105,65.35,0.864285,0.86432,0.864255,BULLISH,AT_PIVOT
2026-06-26 20:40:00,0.864285,0.864315,0.864265,0.864305,303.0,EURGBP,BULLISH,0.864227,0.864115,0.863798,0.863239,0.862787,0.86235,BULLISH,0.865188,0.862206,0.002983,0.000875,42.92,65.29,0.000409,0.000396,1.3e-05,60.16,61.14,0.000442,97.49,3.17,0.000411,0.000199,43.77,37.22,10.99,54.42,0.0394,1688,1614.25,1.046,False,RISING,-2.1e-05,0.000106,3.6e-05,0.862375,0.86517,0.864262,0.864358,0.864412,0.864208,0.864112,21,6.32,0.864281,0.864239,56.77,2.8e-05,2.1e-05,63.89,56.11,0.000118,0.864105,0.864515,0.864378,0.864097,303,0.933,0.864305,0.864315,0.864265,0.864285,LONDON,63592,HIGH,0.864305,0.864315,0.864265,0.864285,LONDON,63592,HIGH,NONE,BULLISH,WEAK,LOW_WICK,NEUTRAL,NOISY,NONE,TESTING_PIVOT,51,26,6.666666666666667,56,NEUTRAL,False,70,[],0,0,NEUTRAL,BULLISH,40,False,NONE,0,False,False,False,60,False,0,100,UP,NONE,NONE,0,True,75,55,45,80,False,True,NEUTRAL,70,False,0.0,NONE,False,NONE,False,False,0,False,60,36.62790697674436,23.85752688172039,55.00000000000001,38,FAIR,False,75,45,-0.2867373749798649,4,70.0,False,MEAN_REVERTING,70,39.51388492000446,11.792670969045487,True,VOLATILITY_REGIME_CHANGE,True,True,False,30,False,70,UP,40,CORRECTIVE,EXTREME,UP,40,0.0394,CORRECTIVE,55,30,50,STRONG,NONE,75,40,85,EXTREME,88,40,60,3.17,True,40,3.4091428571428573,0.0,RANGING,90,False,NONE,0.862375,0.864358,0.864262,FAR,30,50,85,50,NONE,NONE,NONE,False,[],0,0,ACCUMULATION,ACCUMULATION,50,56,False,13,"Smart money accumulation. Bullish bias, look for breakout.",1.046,0.8,False,False,True,True,0.3,0.3,True,False,False,22,False,[],0,NO,ACCUMULATION,"Smart money accumulation. Bullish bias, look for breakout.",EXTREME,LOW,0.051,[],False,Passed basic checks,0,50,50,MEDIUM,5,WAIT,รอการวิเคราะห์จาก AI,0.864261,0.864113,59.3,0.864295,0.864325,0.864275,BULLISH,AT_PIVOT
2026-06-26 20:41:00,0.86431,0.86431,0.864225,0.86426,395.0,EURGBP,BULLISH,0.864227,0.864115,0.863798,0.863239,0.862787,0.86235,BULLISH,0.865188,0.862206,0.002983,0.000875,42.92,65.29,0.000409,0.000396,1.3e-05,60.16,61.14,0.000442,97.49,3.17,0.000411,0.000199,43.77,37.22,10.99,54.42,0.0394,1688,1614.25,1.046,False,RISING,-2.1e-05,0.000106,3.6e-05,0.862375,0.86517,0.864262,0.864358,0.864412,0.864208,0.864112,21,6.32,0.864274,0.864241,53.06,2.6e-05,2.2e-05,60.0,60.18,0.000116,0.864105,0.864405,0.864374,0.864097,395,1.242,0.86426,0.86431,0.864225,0.86431,LONDON,62907,HIGH,0.86426,0.86431,0.864225,0.86431,LONDON,62907,HIGH,NONE,BULLISH,WEAK,LOW_WICK,NEUTRAL,NOISY,NONE,TESTING_PIVOT,51,26,6.666666666666667,56,NEUTRAL,False,70,[],0,0,NEUTRAL,BULLISH,40,False,NONE,0,False,False,False,60,False,0,100,UP,NONE,NONE,0,True,75,55,45,80,False,True,NEUTRAL,70,False,0.0,NONE,False,NONE,False,False,0,False,60,36.62790697674436,23.85752688172039,55.00000000000001,38,FAIR,False,75,45,-0.2867373749798649,4,70.0,False,MEAN_REVERTING,70,39.51388492000446,11.792670969045487,True,VOLATILITY_REGIME_CHANGE,True,True,False,30,False,70,UP,40,CORRECTIVE,EXTREME,UP,40,0.0394,CORRECTIVE,55,30,50,STRONG,NONE,75,40,85,EXTREME,88,40,60,3.17,True,40,3.4091428571428573,0.0,RANGING,90,False,NONE,0.862375,0.864358,0.864262,FAR,30,50,85,50,NONE,NONE,NONE,False,[],0,0,ACCUMULATION,ACCUMULATION,50,56,False,13,"Smart money accumulation. Bullish bias, look for breakout.",1.046,0.8,False,False,True,True,0.3,0.3,True,False,False,22,False,[],0,NO,ACCUMULATION,"Smart money accumulation. Bullish bias, look for breakout.",EXTREME,LOW,0.051,[],False,Passed basic checks,0,50,50,MEDIUM,5,WAIT,รอการวิเคราะห์จาก AI,0.864261,0.864119,31.25,0.864265,0.864305,0.86422,BULLISH,AT_PIVOT
2026-06-26 20:42:00,0.864265,0.86436,0.86425,0.864315,335.0,EURGBP,BULLISH,0.864227,0.864115,0.863798,0.863239,0.862787,0.86235,BULLISH,0.865188,0.862206,0.002983,0.000875,42.92,65.29,0.000409,0.000396,1.3e-05,60.16,61.14,0.000442,97.49,3.17,0.000411,0.000199,43.77,37.22,10.99,54.42,0.0394,1688,1614.25,1.046,False,RISING,-2.1e-05,0.000106,3.6e-05,0.862375,0.86517,0.864262,0.864358,0.864412,0.864208,0.864112,21,6.32,0.864288,0.864248,55.83,2.9e-05,2.3e-05,62.78,62.22,0.000118,0.864105,0.864405,0.864367,0.864101,335,1.053,0.864315,0.86436,0.86425,0.864265,LONDON,63266,HIGH,0.864315,0.86436,0.86425,0.864265,LONDON,63266,HIGH,NONE,BULLISH,WEAK,LOW_WICK,NEUTRAL,NOISY,NONE,TESTING_PIVOT,51,26,6.666666666666667,56,NEUTRAL,False,70,[],0,0,NEUTRAL,BULLISH,40,False,NONE,0,False,False,False,60,False,0,100,UP,NONE,NONE,0,True,75,55,45,80,False,True,NEUTRAL,70,False,0.0,NONE,False,NONE,False,False,0,False,60,36.62790697674436,23.85752688172039,55.00000000000001,38,FAIR,False,75,45,-0.2867373749798649,4,70.0,False,MEAN_REVERTING,70,39.51388492000446,11.792670969045487,True,VOLATILITY_REGIME_CHANGE,True,True,False,30,False,70,UP,40,CORRECTIVE,EXTREME,UP,40,0.0394,CORRECTIVE,55,30,50,STRONG,NONE,75,40,85,EXTREME,88,40,60,3.17,True,40,3.4091428571428573,0.0,RANGING,90,False,NONE,0.862375,0.864358,0.864262,FAR,30,50,85,50,NONE,NONE,NONE,False,[],0,0,ACCUMULATION,ACCUMULATION,50,56,False,13,"Smart money accumulation. Bullish bias, look for breakout.",1.046,0.8,False,False,True,True,0.3,0.3,True,False,False,22,False,[],0,NO,ACCUMULATION,"Smart money accumulation. Bullish bias, look for breakout.",EXTREME,LOW,0.051,[],False,Passed basic checks,0,50,50,MEDIUM,5,WAIT,รอการวิเคราะห์จาก AI,0.86427,0.864126,63.27,0.864308,0.864367,0.864257,BULLISH,AT_PIVOT
2026-06-26 20:43:00,0.86431,0.86438,0.864305,0.864345,311.0,EURGBP,BULLISH,0.864227,0.864115,0.863798,0.863239,0.862787,0.86235,BULLISH,0.865188,0.862206,0.002983,0.000875,42.92,65.29,0.000409,0.000396,1.3e-05,60.16,61.14,0.000442,97.49,3.17,0.000411,0.000199,43.77,37.22,10.99,54.42,0.0394,1688,1614.25,1.046,False,RISING,-2.1e-05,0.000106,3.6e-05,0.862375,0.86517,0.864262,0.864358,0.864412,0.864208,0.864112,21,6.32,0.864307,0.864257,56.46,3.3e-05,2.5e-05,67.22,63.33,0.000118,0.864105,0.864405,0.86438,0.864096,311,0.973,0.864345,0.86438,0.864305,0.86431,LONDON,62700,HIGH,0.864345,0.86438,0.864305,0.86431,LONDON,62700,HIGH,NONE,BULLISH,WEAK,LOW_WICK,NEUTRAL,NOISY,NONE,TESTING_PIVOT,51,26,6.666666666666667,56,NEUTRAL,False,70,[],0,0,NEUTRAL,BULLISH,40,False,NONE,0,False,False,False,60,False,0,100,UP,NONE,NONE,0,True,75,55,45,80,False,True,NEUTRAL,70,False,0.0,NONE,False,NONE,False,False,0,False,60,36.62790697674436,23.85752688172039,55.00000000000001,38,FAIR,False,75,45,-0.2867373749798649,4,70.0,False,MEAN_REVERTING,70,39.51388492000446,11.792670969045487,True,VOLATILITY_REGIME_CHANGE,True,True,False,30,False,70,UP,40,CORRECTIVE,EXTREME,UP,40,0.0394,CORRECTIVE,55,30,50,STRONG,NONE,75,40,85,EXTREME,88,40,60,3.17,True,40,3.4091428571428573,0.0,RANGING,90,False,NONE,0.862375,0.864358,0.864262,FAR,30,50,85,50,NONE,NONE,NONE,False,[],0,0,ACCUMULATION,ACCUMULATION,50,56,False,13,"Smart money accumulation. Bullish bias, look for breakout.",1.046,0.8,False,False,True,True,0.3,0.3,True,False,False,22,False,[],0,NO,ACCUMULATION,"Smart money accumulation. Bullish bias, look for breakout.",EXTREME,LOW,0.051,[],False,Passed basic checks,0,50,50,MEDIUM,5,WAIT,รอการวิเคราะห์จาก AI,0.864284,0.864135,78.72,0.864343,0.864382,0.864307,BULLISH,AT_PIVOT
2026-06-26 20:44:00,0.86434,0.864345,0.864195,0.86422,347.0,EURGBP,BULLISH,0.864227,0.864115,0.863798,0.863239,0.862787,0.86235,BULLISH,0.865188,0.862206,0.002983,0.000875,42.92,65.29,0.000409,0.000396,1.3e-05,60.16,61.14,0.000442,97.49,3.17,0.000411,0.000199,43.77,37.22,10.99,54.42,0.0394,1688,1614.25,1.046,False,RISING,-2.1e-05,0.000106,3.6e-05,0.862375,0.86517,0.864262,0.864358,0.864412,0.864208,0.864112,21,6.32,0.864278,0.864254,55.14,2.6e-05,2.6e-05,62.43,64.14,0.00012,0.864105,0.864405,0.86438,0.864097,347,1.059,0.86422,0.864345,0.864195,0.86434,LONDON,63131,HIGH,0.86422,0.864345,0.864195,0.86434,LONDON,63131,HIGH,NONE,BULLISH,WEAK,LOW_WICK,NEUTRAL,NOISY,NONE,TESTING_PIVOT,51,26,6.666666666666667,56,NEUTRAL,False,70,[],0,0,NEUTRAL,BULLISH,40,False,NONE,0,False,False,False,60,False,0,100,UP,NONE,NONE,0,True,75,55,45,80,False,True,NEUTRAL,70,False,0.0,NONE,False,NONE,False,False,0,False,60,36.62790697674436,23.85752688172039,55.00000000000001,38,FAIR,False,75,45,-0.2867373749798649,4,70.0,False,MEAN_REVERTING,70,39.51388492000446,11.792670969045487,True,VOLATILITY_REGIME_CHANGE,True,True,False,30,False,70,UP,40,CORRECTIVE,EXTREME,UP,40,0.0394,CORRECTIVE,55,30,50,STRONG,NONE,75,40,85,EXTREME,88,40,60,3.17,True,40,3.4091428571428573,0.0,RANGING,90,False,NONE,0.862375,0.864358,0.864262,FAR,30,50,85,50,NONE,NONE,NONE,False,[],0,0,ACCUMULATION,ACCUMULATION,50,56,False,13,"Smart money accumulation. Bullish bias, look for breakout.",1.046,0.8,False,False,True,True,0.3,0.3,True,False,False,22,False,[],0,NO,ACCUMULATION,"Smart money accumulation. Bullish bias, look for breakout.",EXTREME,LOW,0.051,[],False,Passed basic checks,0,50,50,MEDIUM,5,WAIT,รอการวิเคราะห์จาก AI,0.864272,0.864138,46.97,0.864253,0.864312,0.864162,BULLISH,AT_PIVOT
2026-06-26 20:45:00,0.864215,0.864285,0.86418,0.86426,374.0,EURGBP,BULLISH,0.864238,0.864141,0.863842,0.86328,0.862817,0.862374,BULLISH,0.865188,0.862379,0.002809,0.0009,63.82,61.05,0.000395,0.000396,-1e-06,56.87,59.06,0.000418,97.49,3.05,0.000424,0.00021,44.63,37.02,10.5,55.79,-0.0873,1762,1639.65,1.075,False,RISING,-4.1e-05,9.6e-05,3.8e-05,0.862445,0.86517,0.864273,0.864367,0.864473,0.864167,0.864073,20,6.52,0.864272,0.864254,49.47,2.4e-05,2.5e-05,55.47,61.71,0.000112,0.864105,0.864405,0.864379,0.86411,374,1.116,0.86426,0.864285,0.86418,0.864215,LONDON,62801,HIGH,0.86426,0.864285,0.86418,0.864215,LONDON,62801,HIGH,NONE,BEARISH,WEAK,LOW_WICK,NEUTRAL,NOISY,NONE,TESTING_PIVOT,51,26,6.666666666666667,54,NEUTRAL,False,70,[],0,0,NEUTRAL,BEARISH,40,False,NONE,0,False,False,False,60,False,0,100,UP,NONE,NONE,0,True,75,55,45,80,False,True,NEUTRAL,70,False,0.0,NONE,False,NONE,False,False,0,False,60,33.988212180747965,23.344481605351096,50.0,35,POOR,False,75,47,-0.28912656427438177,4,80.0,False,MEAN_REVERTING,70,39.360982125862265,11.74940642903526,True,VOLATILITY_REGIME_CHANGE,True,True,False,30,False,70,UP,60,CORRECTIVE,EXTREME,UP,60,-0.0873,CORRECTIVE,65,30,60,STRONG,NONE,75,40,85,EXTREME,88,40,60,3.05,True,40,3.121111111111111,0.0,RANGING,90,False,NONE,0.862445,0.864367,0.864273,FAR,30,50,85,50,NONE,NONE,NONE,False,[],0,0,ACCUMULATION,ACCUMULATION,50,56,False,13,"Smart money accumulation. Bullish bias, look for breakout.",1.075,0.8,False,False,True,True,0.3,0.3,True,False,False,22,False,[],0,NO,ACCUMULATION,"Smart money accumulation. Bullish bias, look for breakout.",EXTREME,LOW,0.048,[],False,Passed basic checks,0,50,50,MEDIUM,5,WAIT,รอการวิเคราะห์จาก AI,0.86427,0.864143,44.44,0.864242,0.864303,0.864198,BEARISH,AT_PIVOT
2026-06-26 20:46:00,0.864255,0.86428,0.86411,0.864115,433.0,EURGBP,BULLISH,0.864238,0.864141,0.863842,0.86328,0.862817,0.862374,BULLISH,0.865188,0.862379,0.002809,0.0009,63.82,61.05,0.000395,0.000396,-1e-06,56.87,59.06,0.000418,97.49,3.05,0.000424,0.00021,44.63,37.02,10.5,55.79,-0.0873,1762,1639.65,1.075,False,RISING,-4.1e-05,9.6e-05,3.8e-05,0.862445,0.86517,0.864273,0.864367,0.864473,0.864167,0.864073,20,6.52,0.86422,0.864241,48.96,1e-05,2.2e-05,29.37,49.09,0.000111,0.864105,0.864405,0.864385,0.864098,433,1.261,0.864115,0.86428,0.86411,0.864255,LONDON,63121,HIGH,0.864115,0.86428,0.86411,0.864255,LONDON,63121,HIGH,NONE,BEARISH,WEAK,LOW_WICK,NEUTRAL,NOISY,NONE,TESTING_PIVOT,51,26,6.666666666666667,54,NEUTRAL,False,70,[],0,0,NEUTRAL,BEARISH,40,False,NONE,0,False,False,False,60,False,0,100,UP,NONE,NONE,0,True,75,55,45,80,False,True,NEUTRAL,70,False,0.0,NONE,False,NONE,False,False,0,False,60,33.988212180747965,23.344481605351096,50.0,35,POOR,False,75,47,-0.28912656427438177,4,80.0,False,MEAN_REVERTING,70,39.360982125862265,11.74940642903526,True,VOLATILITY_REGIME_CHANGE,True,True,False,30,False,70,UP,60,CORRECTIVE,EXTREME,UP,60,-0.0873,CORRECTIVE,65,30,60,STRONG,NONE,75,40,85,EXTREME,88,40,60,3.05,True,40,3.121111111111111,0.0,RANGING,90,False,NONE,0.862445,0.864367,0.864273,FAR,30,50,85,50,NONE,NONE,NONE,False,[],0,0,ACCUMULATION,ACCUMULATION,50,56,False,13,"Smart money accumulation. Bullish bias, look for breakout.",1.075,0.8,False,False,True,True,0.3,0.3,True,False,False,22,False,[],0,NO,ACCUMULATION,"Smart money accumulation. Bullish bias, look for breakout.",EXTREME,LOW,0.048,[],False,Passed basic checks,0,50,50,MEDIUM,5,WAIT,รอการวิเคราะห์จาก AI,0.864242,0.864142,30.77,0.864168,0.864227,0.864057,BEARISH,AT_PIVOT
2026-06-26 20:47:00,0.86412,0.864135,0.864075,0.86409,325.0,EURGBP,BULLISH,0.864238,0.864141,0.863842,0.86328,0.862817,0.862374,BULLISH,0.865188,0.862379,0.002809,0.0009,63.82,61.05,0.000395,0.000396,-1e-06,56.87,59.06,0.000418,97.49,3.05,0.000424,0.00021,44.63,37.02,10.5,55.79,-0.0873,1762,1639.65,1.075,False,RISING,-4.1e-05,9.6e-05,3.8e-05,0.862445,0.86517,0.864273,0.864367,0.864473,0.864167,0.864073,20,6.52,0.864176,0.864227,42.46,-3e-06,1.7e-05,18.45,34.43,0.000108,0.864075,0.864405,0.864394,0.864078,325,0.932,0.86409,0.864135,0.864075,0.86412,LONDON,62685,HIGH,0.86409,0.864135,0.864075,0.86412,LONDON,62685,HIGH,NONE,BEARISH,WEAK,LOW_WICK,NEUTRAL,NOISY,NONE,TESTING_PIVOT,51,26,6.666666666666667,54,NEUTRAL,False,70,[],0,0,NEUTRAL,BEARISH,40,False,NONE,0,False,False,False,60,False,0,100,UP,NONE,NONE,0,True,75,55,45,80,False,True,NEUTRAL,70,False,0.0,NONE,False,NONE,False,False,0,False,60,33.988212180747965,23.344481605351096,50.0,35,POOR,False,75,47,-0.28912656427438177,4,80.0,False,MEAN_REVERTING,70,39.360982125862265,11.74940642903526,True,VOLATILITY_REGIME_CHANGE,True,True,False,30,False,70,UP,60,CORRECTIVE,EXTREME,UP,60,-0.0873,CORRECTIVE,65,30,60,STRONG,NONE,75,40,85,EXTREME,88,40,60,3.05,True,40,3.121111111111111,0.0,RANGING,90,False,NONE,0.862445,0.864367,0.864273,FAR,30,50,85,50,NONE,NONE,NONE,False,[],0,0,ACCUMULATION,ACCUMULATION,50,56,False,13,"Smart money accumulation. Bullish bias, look for breakout.",1.075,0.8,False,False,True,True,0.3,0.3,True,False,False,22,False,[],0,NO,ACCUMULATION,"Smart money accumulation. Bullish bias, look for breakout.",EXTREME,LOW,0.048,[],False,Passed basic checks,0,50,50,MEDIUM,5,WAIT,รอการวิเคราะห์จาก AI,0.864214,0.86414,26.88,0.8641,0.864125,0.864065,BEARISH,AT_PIVOT
2026-06-26 20:48:00,0.864095,0.864145,0.864075,0.864105,380.0,EURGBP,BULLISH,0.864238,0.864141,0.863842,0.86328,0.862817,0.862374,BULLISH,0.865188,0.862379,0.002809,0.0009,63.82,61.05,0.000395,0.000396,-1e-06,56.87,59.06,0.000418,97.49,3.05,0.000424,0.00021,44.63,37.02,10.5,55.79,-0.0873,1762,1639.65,1.075,False,RISING,-4.1e-05,9.6e-05,3.8e-05,0.862445,0.86517,0.864273,0.864367,0.864473,0.864167,0.864073,20,6.52,0.864153,0.864215,31.79,-1.2e-05,1.1e-05,5.11,17.64,9.9e-05,0.864075,0.864405,0.864399,0.864064,380,1.072,0.864105,0.864145,0.864075,0.864095,LONDON,63164,HIGH,0.864105,0.864145,0.864075,0.864095,LONDON,63164,HIGH,NONE,BEARISH,WEAK,LOW_WICK,NEUTRAL,NOISY,NONE,TESTING_PIVOT,51,26,6.666666666666667,54,NEUTRAL,False,70,[],0,0,NEUTRAL,BEARISH,40,False,NONE,0,False,False,False,60,False,0,100,UP,NONE,NONE,0,True,75,55,45,80,False,True,NEUTRAL,70,False,0.0,NONE,False,NONE,False,False,0,False,60,33.988212180747965,23.344481605351096,50.0,35,POOR,False,75,47,-0.28912656427438177,4,80.0,False,MEAN_REVERTING,70,39.360982125862265,11.74940642903526,True,VOLATILITY_REGIME_CHANGE,True,True,False,30,False,70,UP,60,CORRECTIVE,EXTREME,UP,60,-0.0873,CORRECTIVE,65,30,60,STRONG,NONE,75,40,85,EXTREME,88,40,60,3.05,True,40,3.121111111111111,0.0,RANGING,90,False,NONE,0.862445,0.864367,0.864273,FAR,30,50,85,50,NONE,NONE,NONE,False,[],0,0,ACCUMULATION,ACCUMULATION,50,56,False,13,"Smart money accumulation. Bullish bias, look for breakout.",1.075,0.8,False,False,True,True,0.3,0.3,True,False,False,22,False,[],0,NO,ACCUMULATION,"Smart money accumulation. Bullish bias, look for breakout.",EXTREME,LOW,0.048,[],False,Passed basic checks,0,50,50,MEDIUM,5,WAIT,รอการวิเคราะห์จาก AI,0.864194,0.864139,32.18,0.864108,0.864142,0.864072,BEARISH,AT_PIVOT
2026-06-26 20:49:00,0.8641,0.864165,0.864075,0.86412,300.0,EURGBP,BULLISH,0.864238,0.864141,0.863842,0.86328,0.862817,0.862374,BULLISH,0.865188,0.862379,0.002809,0.0009,63.82,61.05,0.000395,0.000396,-1e-06,56.87,59.06,0.000418,97.49,3.05,0.000424,0.00021,44.63,37.02,10.5,55.79,-0.0873,1762,1639.65,1.075,False,RISING,-4.1e-05,9.6e-05,3.8e-05,0.862445,0.86517,0.864273,0.864367,0.864473,0.864167,0.864073,20,6.52,0.864142,0.864206,39.84,-1.8e-05,5e-06,9.46,11.01,9.2e-05,0.864075,0.864405,0.864401,0.864053,300,0.838,0.86412,0.864165,0.864075,0.8641,LONDON,62682,HIGH,0.86412,0.864165,0.864075,0.8641,LONDON,62682,HIGH,NONE,BEARISH,WEAK,LOW_WICK,NEUTRAL,NOISY,NONE,TESTING_PIVOT,51,26,6.666666666666667,54,NEUTRAL,False,70,[],0,0,NEUTRAL,BEARISH,40,False,NONE,0,False,False,False,60,False,0,100,UP,NONE,NONE,0,True,75,55,45,80,False,True,NEUTRAL,70,False,0.0,NONE,False,NONE,False,False,0,False,60,33.988212180747965,23.344481605351096,50.0,35,POOR,False,75,47,-0.28912656427438177,4,80.0,False,MEAN_REVERTING,70,39.360982125862265,11.74940642903526,True,VOLATILITY_REGIME_CHANGE,True,True,False,30,False,70,UP,60,CORRECTIVE,EXTREME,UP,60,-0.0873,CORRECTIVE,65,30,60,STRONG,NONE,75,40,85,EXTREME,88,40,60,3.05,True,40,3.121111111111111,0.0,RANGING,90,False,NONE,0.862445,0.864367,0.864273,FAR,30,50,85,50,NONE,NONE,NONE,False,[],0,0,ACCUMULATION,ACCUMULATION,50,56,False,13,"Smart money accumulation. Bullish bias, look for breakout.",1.075,0.8,False,False,True,True,0.3,0.3,True,False,False,22,False,[],0,NO,ACCUMULATION,"Smart money accumulation. Bullish bias, look for breakout.",EXTREME,LOW,0.048,[],False,Passed basic checks,0,50,50,MEDIUM,5,WAIT,รอการวิเคราะห์จาก AI,0.864181,0.864138,25.32,0.86412,0.864165,0.864075,BEARISH,AT_PIVOT
2026-06-26 20:50:00,0.864125,0.86413,0.86396,0.863985,428.0,EURGBP,BULLISH,0.864154,0.864113,0.863855,0.863307,0.862846,0.862436,BULLISH,0.86513,0.862584,0.002546,0.000922,48.02,54.68,0.000358,0.000388,-3e-05,44.97,54.0,0.000413,96.48,2.83,0.00043,0.000229,44.32,34.39,14.63,40.32,-0.0555,1866,1687.15,1.106,False,RISING,-1e-05,7.9e-05,3.9e-05,0.862445,0.86517,0.864075,0.86419,0.864395,0.86387,0.863755,21,6.6,0.864089,0.864185,34.69,-3.3e-05,-2e-06,9.93,8.17,9.8e-05,0.86396,0.864405,0.86442,0.864021,428,1.172,0.863985,0.86413,0.86396,0.864125,LONDON,63084,HIGH,0.863985,0.86413,0.86396,0.864125,LONDON,63084,HIGH,NONE,BEARISH,WEAK,LOW_WICK,NEUTRAL,NOISY,NONE,TESTING_PIVOT,53,26,0.0,56,NEUTRAL,False,70,[],0,0,NEUTRAL,BEARISH,40,False,NONE,0,False,False,False,60,True,100,50,UP,NONE,DOWN,1,False,75,55,45,80,False,True,NEUTRAL,70,False,0.0,NONE,False,NONE,False,False,0,False,60,27.4766355140189,19.453480806766606,50.0,32,POOR,False,75,48,-0.27772740906951526,4,89.99999999999999,False,MEAN_REVERTING,70,40.32275040515563,10.217824572337571,True,MOMENTUM_SHIFT,False,True,False,65,True,70,UP,20,CHOPPY,EXTREME,UP,20,-0.0555,CHOPPY,55,30,50,STRONG,NONE,70,40,80,EXTREME,88,40,60,2.83,True,40,2.7613882863340566,0.0,RANGING,90,False,NONE,0.862445,0.86419,0.864075,FAR,30,50,85,50,NONE,NONE,NONE,False,[],0,0,ACCUMULATION,ACCUMULATION,50,56,False,13,"Smart money accumulation. Bullish bias, look for breakout.",1.106,0.8,False,False,True,True,0.3,0.3,True,False,False,22,False,[],0,NO,ACCUMULATION,"Smart money accumulation. Bullish bias, look for breakout.",EXTREME,LOW,0.048,[],False,Passed basic checks,0,50,50,MEDIUM,5,WAIT,รอการวิเคราะห์จาก AI,0.864145,0.864132,14.0,0.864025,0.86409,0.86392,BEARISH,AT_PIVOT
2026-06-26 20:51:00,0.86398,0.864025,0.863925,0.86395,334.0,EURGBP,BULLISH,0.864154,0.864113,0.863855,0.863307,0.862846,0.862436,BULLISH,0.86513,0.862584,0.002546,0.000922,48.02,54.68,0.000358,0.000388,-3e-05,44.97,54.0,0.000413,96.48,2.83,0.00043,0.000229,44.32,34.39,14.63,40.32,-0.0555,1866,1687.15,1.106,False,RISING,-1e-05,7.9e-05,3.9e-05,0.862445,0.86517,0.864075,0.86419,0.864395,0.86387,0.863755,21,6.6,0.864043,0.864163,30.41,-4.7e-05,-1.1e-05,8.73,9.38,9.9e-05,0.863925,0.864405,0.864436,0.863973,334,0.932,0.86395,0.864025,0.863925,0.86398,LONDON,62624,HIGH,0.86395,0.864025,0.863925,0.86398,LONDON,62624,HIGH,NONE,BEARISH,WEAK,LOW_WICK,NEUTRAL,NOISY,NONE,TESTING_PIVOT,53,26,0.0,56,NEUTRAL,False,70,[],0,0,NEUTRAL,BEARISH,40,False,NONE,0,False,False,False,60,True,100,50,UP,NONE,DOWN,1,False,75,55,45,80,False,True,NEUTRAL,70,False,0.0,NONE,False,NONE,False,False,0,False,60,27.4766355140189,19.453480806766606,50.0,32,POOR,False,75,48,-0.27772740906951526,4,89.99999999999999,False,MEAN_REVERTING,70,40.32275040515563,10.217824572337571,True,MOMENTUM_SHIFT,False,True,False,65,True,70,UP,20,CHOPPY,EXTREME,UP,20,-0.0555,CHOPPY,55,30,50,STRONG,NONE,70,40,80,EXTREME,88,40,60,2.83,True,40,2.7613882863340566,0.0,RANGING,90,False,NONE,0.862445,0.86419,0.864075,FAR,30,50,85,50,NONE,NONE,NONE,False,[],0,0,ACCUMULATION,ACCUMULATION,50,56,False,13,"Smart money accumulation. Bullish bias, look for breakout.",1.106,0.8,False,False,True,True,0.3,0.3,True,False,False,22,False,[],0,NO,ACCUMULATION,"Smart money accumulation. Bullish bias, look for breakout.",EXTREME,LOW,0.048,[],False,Passed basic checks,0,50,50,MEDIUM,5,WAIT,รอการวิเคราะห์จาก AI,0.86411,0.864125,17.07,0.863967,0.864008,0.863908,BEARISH,AT_PIVOT
2026-06-26 20:52:00,0.863955,0.863955,0.86386,0.863895,348.0,EURGBP,BULLISH,0.864154,0.864113,0.863855,0.863307,0.862846,0.862436,BULLISH,0.86513,0.862584,0.002546,0.000922,48.02,54.68,0.000358,0.000388,-3e-05,44.97,54.0,0.000413,96.48,2.83,0.00043,0.000229,44.32,34.39,14.63,40.32,-0.0555,1866,1687.15,1.106,False,RISING,-1e-05,7.9e-05,3.9e-05,0.862445,0.86517,0.864075,0.86419,0.864395,0.86387,0.863755,21,6.6,0.863994,0.864137,22.97,-6.2e-05,-2.1e-05,6.06,8.24,0.0001,0.86386,0.864405,0.864461,0.863924,348,0.983,0.863895,0.863955,0.86386,0.863955,LONDON,63021,HIGH,0.863895,0.863955,0.86386,0.863955,LONDON,63021,HIGH,NONE,BEARISH,WEAK,LOW_WICK,NEUTRAL,NOISY,NONE,TESTING_PIVOT,53,26,0.0,56,NEUTRAL,False,70,[],0,0,NEUTRAL,BEARISH,40,False,NONE,0,False,False,False,60,True,100,50,UP,NONE,DOWN,1,False,75,55,45,80,False,True,NEUTRAL,70,False,0.0,NONE,False,NONE,False,False,0,False,60,27.4766355140189,19.453480806766606,50.0,32,POOR,False,75,48,-0.27772740906951526,4,89.99999999999999,False,MEAN_REVERTING,70,40.32275040515563,10.217824572337571,True,MOMENTUM_SHIFT,False,True,False,65,True,70,UP,20,CHOPPY,EXTREME,UP,20,-0.0555,CHOPPY,55,30,50,STRONG,NONE,70,40,80,EXTREME,88,40,60,2.83,True,40,2.7613882863340566,0.0,RANGING,90,False,NONE,0.862445,0.86419,0.864075,FAR,30,50,85,50,NONE,NONE,NONE,False,[],0,0,ACCUMULATION,ACCUMULATION,50,56,False,13,"Smart money accumulation. Bullish bias, look for breakout.",1.106,0.8,False,False,True,True,0.3,0.3,True,False,False,22,False,[],0,NO,ACCUMULATION,"Smart money accumulation. Bullish bias, look for breakout.",EXTREME,LOW,0.048,[],False,Passed basic checks,0,50,50,MEDIUM,5,WAIT,รอการวิเคราะห์จาก AI,0.864071,0.864116,7.06,0.863903,0.863947,0.863852,BEARISH,AT_PIVOT
2026-06-26 20:53:00,0.8639,0.863925,0.86385,0.86385,417.0,EURGBP,BULLISH,0.864154,0.864113,0.863855,0.863307,0.862846,0.862436,BULLISH,0.86513,0.862584,0.002546,0.000922,48.02,54.68,0.000358,0.000388,-3e-05,44.97,54.0,0.000413,96.48,2.83,0.00043,0.000229,44.32,34.39,14.63,40.32,-0.0555,1866,1687.15,1.106,False,RISING,-1e-05,7.9e-05,3.9e-05,0.862445,0.86517,0.864075,0.86419,0.864395,0.86387,0.863755,21,6.6,0.863946,0.86411,21.79,-7.7e-05,-3.2e-05,4.08,6.29,0.0001,0.86385,0.864405,0.864483,0.863865,417,1.181,0.86385,0.863925,0.86385,0.8639,LONDON,63414,HIGH,0.86385,0.863925,0.86385,0.8639,LONDON,63414,HIGH,NONE,BEARISH,WEAK,LOW_WICK,NEUTRAL,NOISY,NONE,NONE,53,26,0.0,56,NEUTRAL,False,70,[],0,0,NEUTRAL,BEARISH,40,False,NONE,0,False,False,False,60,True,100,50,UP,NONE,DOWN,1,False,75,55,45,80,False,True,NEUTRAL,70,False,0.0,NONE,False,NONE,False,False,0,False,60,27.4766355140189,19.453480806766606,50.0,32,POOR,False,75,48,-0.27772740906951526,4,89.99999999999999,False,MEAN_REVERTING,70,40.32275040515563,10.217824572337571,True,MOMENTUM_SHIFT,False,True,False,65,True,70,NONE,20,CHOPPY,EXTREME,NONE,20,-0.0555,CHOPPY,20,50,30,STRONG,NONE,70,40,80,EXTREME,88,40,60,2.83,True,40,2.7613882863340566,0.0,RANGING,90,False,NONE,0.862445,0.86419,0.864075,FAR,30,50,85,50,NONE,NONE,NONE,False,[],0,0,ACCUMULATION,ACCUMULATION,50,56,False,13,"Smart money accumulation. Bullish bias, look for breakout.",1.106,0.8,False,False,False,True,0.3,0.3,True,False,False,22,False,[],0,NO,ACCUMULATION,"Smart money accumulation. Bullish bias, look for breakout.",EXTREME,LOW,0.048,[],False,Passed basic checks,0,50,50,MEDIUM,5,WAIT,รอการวิเคราะห์จาก AI,0.864031,0.864105,9.23,0.863875,0.8639,0.863825,BEARISH,NONE
2026-06-26 20:54:00,0.863855,0.86388,0.863815,0.863865,287.0,EURGBP,BULLISH,0.864154,0.864113,0.863855,0.863307,0.862846,0.862436,BULLISH,0.86513,0.862584,0.002546,0.000922,48.02,54.68,0.000358,0.000388,-3e-05,44.97,54.0,0.000413,96.48,2.83,0.00043,0.000229,44.32,34.39,14.63,40.32,-0.0555,1866,1687.15,1.106,False,RISING,-1e-05,7.9e-05,3.9e-05,0.862445,0.86517,0.864075,0.86419,0.864395,0.86387,0.863755,21,6.6,0.863919,0.864087,21.79,-8.6e-05,-4.3e-05,5.19,5.11,0.000101,0.863815,0.864405,0.86447,0.863826,287,0.818,0.863865,0.86388,0.863815,0.863855,LONDON,62712,HIGH,0.863865,0.86388,0.863815,0.863855,LONDON,62712,HIGH,NONE,BEARISH,WEAK,LOW_WICK,NEUTRAL,NOISY,NONE,NONE,53,26,0.0,56,NEUTRAL,False,70,[],0,0,NEUTRAL,BEARISH,40,False,NONE,0,False,False,False,60,True,100,50,UP,NONE,DOWN,1,False,75,55,45,80,False,True,NEUTRAL,70,False,0.0,NONE,False,NONE,False,False,0,False,60,27.4766355140189,19.453480806766606,50.0,32,POOR,False,75,48,-0.27772740906951526,4,89.99999999999999,False,MEAN_REVERTING,70,40.32275040515563,10.217824572337571,True,MOMENTUM_SHIFT,False,True,False,65,True,70,UP,20,CHOPPY,EXTREME,UP,20,-0.0555,CHOPPY,55,30,50,STRONG,NONE,70,40,80,EXTREME,88,40,60,2.83,True,40,2.7613882863340566,0.0,RANGING,90,False,NONE,0.862445,0.86419,0.864075,FAR,30,50,85,50,NONE,NONE,NONE,False,[],0,0,ACCUMULATION,ACCUMULATION,50,56,False,13,"Smart money accumulation. Bullish bias, look for breakout.",1.106,0.8,False,False,True,True,0.3,0.3,True,False,False,22,False,[],0,NO,ACCUMULATION,"Smart money accumulation. Bullish bias, look for breakout.",EXTREME,LOW,0.048,[],False,Passed basic checks,0,50,50,MEDIUM,5,WAIT,รอการวิเคราะห์จาก AI,0.864,0.864096,14.29,0.863853,0.863892,0.863827,BEARISH,NONE
2026-06-26 20:55:00,0.86387,0.864005,0.863855,0.86397,365.0,EURGBP,BULLISH,0.864092,0.864087,0.863866,0.863333,0.862867,0.862438,BULLISH,0.865029,0.862833,0.002197,0.00094,26.53,53.18,0.000323,0.000375,-5.2e-05,30.38,44.07,0.000414,96.98,2.87,0.000432,0.000253,43.38,32.75,17.22,31.08,-0.0093,1751,1733.3,1.01,False,FALLING,-4e-06,5.9e-05,3.9e-05,0.86245,0.86517,0.863937,0.864058,0.864147,0.863848,0.863727,20,6.57,0.863936,0.864075,32.74,-8.4e-05,-5.1e-05,12.09,7.12,0.000106,0.863815,0.86438,0.864462,0.863807,365,1.033,0.86397,0.864005,0.863855,0.86387,LONDON,63179,HIGH,0.86397,0.864005,0.863855,0.86387,LONDON,63179,HIGH,DOJI,BEARISH,WEAK,LOW_WICK,NEUTRAL,NOISY,TRUE,TESTING_PIVOT,52,30,-6.666666666666667,58,NEUTRAL,False,70,['DOJI'],1,20,NEUTRAL,BEARISH,60,True,REJECTION,25,False,False,True,70,True,100,50,UP,NONE,DOWN,1,False,75,55,45,80,False,True,NEUTRAL,70,False,0.0,NONE,False,NONE,False,False,0,False,60,27.715355805245228,17.051282051282428,50.0,31,POOR,False,75,50,-0.2678592483581957,4,100.0,False,MEAN_REVERTING,70,40.11910201470329,10.296591613563768,True,MOMENTUM_SHIFT,False,True,False,65,True,70,UP,20,CHOPPY,EXTREME,UP,20,-0.0093,CHOPPY,55,30,50,STRONG,NONE,70,40,80,EXTREME,88,40,60,2.87,True,40,2.3372340425531917,0.0,RANGING,90,False,NONE,0.86245,0.864058,0.863937,FAR,30,50,85,50,NONE,NONE,NONE,False,[],0,0,ACCUMULATION,ACCUMULATION,50,56,False,13,"Smart money accumulation. Bullish bias, look for breakout.",1.01,0.8,False,False,True,True,0.3,0.3,True,False,False,22,False,[],0,NO,ACCUMULATION,"Smart money accumulation. Bullish bias, look for breakout.",EXTREME,LOW,0.048,[],False,Passed basic checks,0,50,50,MEDIUM,5,WAIT,รอการวิเคราะห์จาก AI,0.863995,0.864091,33.33,0.863943,0.864032,0.863882,BEARISH,AT_PIVOT
2026-06-26 20:56:00,0.863965,0.86398,0.863855,0.8639,423.0,EURGBP,BULLISH,0.864092,0.864087,0.863866,0.863333,0.862867,0.862438,BULLISH,0.865029,0.862833,0.002197,0.00094,26.53,53.18,0.000323,0.000375,-5.2e-05,30.38,44.07,0.000414,96.98,2.87,0.000432,0.000253,43.38,32.75,17.22,31.08,-0.0093,1751,1733.3,1.01,False,FALLING,-4e-06,5.9e-05,3.9e-05,0.86245,0.86517,0.863937,0.864058,0.864147,0.863848,0.863727,20,6.57,0.863924,0.864059,25.73,-8.7e-05,-5.8e-05,17.11,11.47,0.000107,0.863815,0.86438,0.86446,0.863777,423,1.194,0.8639,0.86398,0.863855,0.863965,LONDON,92500,HIGH,0.8639,0.86398,0.863855,0.863965,LONDON,92500,HIGH,DOJI,BEARISH,WEAK,LOW_WICK,NEUTRAL,NOISY,TRUE,TESTING_PIVOT,52,30,-6.666666666666667,58,NEUTRAL,False,70,['DOJI'],1,20,NEUTRAL,BEARISH,60,True,REJECTION,25,False,False,True,70,True,100,50,UP,NONE,DOWN,1,False,75,55,45,80,False,True,NEUTRAL,70,False,0.0,NONE,False,NONE,False,False,0,False,60,27.715355805245228,17.051282051282428,50.0,31,POOR,False,75,50,-0.2678592483581957,4,100.0,False,MEAN_REVERTING,70,40.11910201470329,10.296591613563768,True,MOMENTUM_SHIFT,False,True,False,65,True,70,UP,20,CHOPPY,EXTREME,UP,20,-0.0093,CHOPPY,55,30,50,STRONG,NONE,70,40,80,EXTREME,88,40,60,2.87,True,40,2.3372340425531917,0.0,RANGING,90,False,NONE,0.86245,0.864058,0.863937,FAR,30,50,85,50,NONE,NONE,NONE,False,[],0,0,ACCUMULATION,ACCUMULATION,50,56,False,13,"Smart money accumulation. Bullish bias, look for breakout.",1.01,0.8,False,False,True,True,0.3,0.3,True,False,False,22,False,[],0,NO,ACCUMULATION,"Smart money accumulation. Bullish bias, look for breakout.",EXTREME,LOW,0.048,[],False,Passed basic checks,0,50,50,MEDIUM,5,WAIT,รอการวิเคราะห์จาก AI,0.863978,0.864084,26.09,0.863912,0.863968,0.863843,BEARISH,AT_PIVOT
2026-06-26 20:57:00,0.86389,0.863955,0.86389,0.86392,382.0,EURGBP,BULLISH,0.864092,0.864087,0.863866,0.863333,0.862867,0.862438,BULLISH,0.865029,0.862833,0.002197,0.00094,26.53,53.18,0.000323,0.000375,-5.2e-05,30.38,44.07,0.000414,96.98,2.87,0.000432,0.000253,43.38,32.75,17.22,31.08,-0.0093,1751,1733.3,1.01,False,FALLING,-4e-06,5.9e-05,3.9e-05,0.86245,0.86517,0.863937,0.864058,0.864147,0.863848,0.863727,20,6.57,0.863923,0.864045,24.85,-8.7e-05,-6.4e-05,20.76,16.66,0.000106,0.863815,0.86438,0.86445,0.863755,382,1.065,0.86392,0.863955,0.86389,0.86389,LONDON,62944,HIGH,0.86392,0.863955,0.86389,0.86389,LONDON,62944,HIGH,DOJI,BEARISH,WEAK,LOW_WICK,NEUTRAL,NOISY,TRUE,TESTING_PIVOT,52,30,-6.666666666666667,58,NEUTRAL,False,70,['DOJI'],1,20,NEUTRAL,BEARISH,60,True,REJECTION,25,False,False,True,70,True,100,50,UP,NONE,DOWN,1,False,75,55,45,80,False,True,NEUTRAL,70,False,0.0,NONE,False,NONE,False,False,0,False,60,27.715355805245228,17.051282051282428,50.0,31,POOR,False,75,50,-0.2678592483581957,4,100.0,False,MEAN_REVERTING,70,40.11910201470329,10.296591613563768,True,MOMENTUM_SHIFT,False,True,False,65,True,70,UP,20,CHOPPY,EXTREME,UP,20,-0.0093,CHOPPY,55,30,50,STRONG,NONE,70,40,80,EXTREME,88,40,60,2.87,True,40,2.3372340425531917,0.0,RANGING,90,False,NONE,0.86245,0.864058,0.863937,FAR,30,50,85,50,NONE,NONE,NONE,False,[],0,0,ACCUMULATION,ACCUMULATION,50,56,False,13,"Smart money accumulation. Bullish bias, look for breakout.",1.01,0.8,False,False,True,True,0.3,0.3,True,False,False,22,False,[],0,NO,ACCUMULATION,"Smart money accumulation. Bullish bias, look for breakout.",EXTREME,LOW,0.048,[],False,Passed basic checks,0,50,50,MEDIUM,5,WAIT,รอการวิเคราะห์จาก AI,0.863967,0.864077,40.58,0.863922,0.863953,0.863888,BEARISH,AT_PIVOT
2026-06-26 20:58:00,0.863915,0.863975,0.863905,0.863915,315.0,EURGBP,BULLISH,0.864092,0.864087,0.863866,0.863333,0.862867,0.862438,BULLISH,0.865029,0.862833,0.002197,0.00094,26.53,53.18,0.000323,0.000375,-5.2e-05,30.38,44.07,0.000414,96.98,2.87,0.000432,0.000253,43.38,32.75,17.22,31.08,-0.0093,1751,1733.3,1.01,False,FALLING,-4e-06,5.9e-05,3.9e-05,0.86245,0.86517,0.863937,0.864058,0.864147,0.863848,0.863727,20,6.57,0.86392,0.864033,28.97,-8.6e-05,-6.8e-05,18.71,18.86,0.000101,0.863815,0.86438,0.864428,0.863739,315,0.883,0.863915,0.863975,0.863905,0.863915,LONDON,63312,HIGH,0.863915,0.863975,0.863905,0.863915,LONDON,63312,HIGH,DOJI,BEARISH,WEAK,LOW_WICK,NEUTRAL,NOISY,TRUE,TESTING_PIVOT,52,30,-6.666666666666667,58,NEUTRAL,False,70,['DOJI'],1,20,NEUTRAL,BEARISH,60,True,REJECTION,25,False,False,True,70,True,100,50,UP,NONE,DOWN,1,False,75,55,45,80,False,True,NEUTRAL,70,False,0.0,NONE,False,NONE,False,False,0,False,60,27.715355805245228,17.051282051282428,50.0,31,POOR,False,75,50,-0.2678592483581957,4,100.0,False,MEAN_REVERTING,70,40.11910201470329,10.296591613563768,True,MOMENTUM_SHIFT,False,True,False,65,True,70,UP,20,CHOPPY,EXTREME,UP,20,-0.0093,CHOPPY,55,30,50,STRONG,NONE,70,40,80,EXTREME,88,40,60,2.87,True,40,2.3372340425531917,0.0,RANGING,90,False,NONE,0.86245,0.864058,0.863937,FAR,30,50,85,50,NONE,NONE,NONE,False,[],0,0,ACCUMULATION,ACCUMULATION,50,56,False,13,"Smart money accumulation. Bullish bias, look for breakout.",1.01,0.8,False,False,True,True,0.3,0.3,True,False,False,22,False,[],0,NO,ACCUMULATION,"Smart money accumulation. Bullish bias, look for breakout.",EXTREME,LOW,0.048,[],False,Passed basic checks,0,50,50,MEDIUM,5,WAIT,รอการวิเคราะห์จาก AI,0.863958,0.864071,44.44,0.863932,0.863958,0.863888,BEARISH,AT_PIVOT
2026-06-26 20:59:00,0.863905,0.863925,0.863745,0.863755,254.0,EURGBP,BULLISH,0.864092,0.864087,0.863866,0.863333,0.862867,0.862438,BULLISH,0.865029,0.862833,0.002197,0.00094,26.53,53.18,0.000323,0.000375,-5.2e-05,30.38,44.07,0.000414,96.98,2.87,0.000432,0.000253,43.38,32.75,17.22,31.08,-0.0093,1751,1733.3,1.01,False,FALLING,-4e-06,5.9e-05,3.9e-05,0.86245,0.86517,0.863937,0.864058,0.864147,0.863848,0.863727,20,6.57,0.863865,0.864007,20.12,-9.7e-05,-7.4e-05,14.32,17.93,0.000106,0.863745,0.86438,0.864417,0.863697,254,0.72,0.863755,0.863925,0.863745,0.863905,LONDON,62712,HIGH,0.863755,0.863925,0.863745,0.863905,LONDON,62712,HIGH,DOJI,BEARISH,WEAK,LOW_WICK,NEUTRAL,NOISY,TRUE,TESTING_PIVOT,52,30,-6.666666666666667,58,NEUTRAL,False,70,['DOJI'],1,20,NEUTRAL,BEARISH,60,True,REJECTION,25,False,False,True,70,True,100,50,UP,NONE,DOWN,1,False,75,55,45,80,False,True,NEUTRAL,70,False,0.0,NONE,False,NONE,False,False,0,False,60,27.715355805245228,17.051282051282428,50.0,31,POOR,False,75,50,-0.2678592483581957,4,100.0,False,MEAN_REVERTING,70,40.11910201470329,10.296591613563768,True,MOMENTUM_SHIFT,False,True,False,65,True,70,NONE,20,CHOPPY,EXTREME,NONE,20,-0.0093,CHOPPY,20,50,30,STRONG,NONE,70,40,80,EXTREME,88,40,60,2.87,True,40,2.3372340425531917,0.0,RANGING,90,False,NONE,0.86245,0.864058,0.863937,FAR,30,50,85,50,NONE,NONE,NONE,False,[],0,0,ACCUMULATION,ACCUMULATION,50,56,False,13,"Smart money accumulation. Bullish bias, look for breakout.",1.01,0.8,False,False,False,True,0.3,0.3,True,False,False,22,False,[],0,NO,ACCUMULATION,"Smart money accumulation. Bullish bias, look for breakout.",EXTREME,LOW,0.048,[],False,Passed basic checks,0,50,50,MEDIUM,5,WAIT,รอการวิเคราะห์จาก AI,0.863921,0.864058,33.33,0.863808,0.863872,0.863692,BEARISH,AT_PIVOT
2026-06-26 21:00:00,0.86375,0.863925,0.86375,0.8639,382.0,EURGBP,BULLISH,0.864028,0.864053,0.86387,0.863355,0.862886,0.86244,BULLISH,0.86491,0.863078,0.001832,0.000955,30.95,45.01,0.000287,0.000358,-7e-05,17.76,31.04,0.000392,94.47,2.6,0.00043,0.000278,42.19,30.97,17.91,26.74,-0.0145,1756,1764.75,0.995,False,RISING,-2.3e-05,3.8e-05,4e-05,0.86261,0.86517,0.863875,0.864005,0.86411,0.86377,0.86364,20,6.53,0.863877,0.863996,37.28,-9.3e-05,-7.8e-05,20.02,17.68,0.000106,0.863745,0.86438,0.864383,0.86369,382,1.071,0.8639,0.863925,0.86375,0.86375,NEW YORK,63168,HIGH,0.8639,0.863925,0.86375,0.86375,NEW YORK,63168,HIGH,HAMMER,BEARISH,WEAK,LOW_WICK,NEUTRAL,CHAOTIC,TRUE,TESTING_PIVOT,51,30,-13.333333333333334,56,NEUTRAL,False,70,['HAMMER'],1,20,BULLISH,BEARISH,60,True,REJECTION,25,False,False,True,70,True,100,50,UP,NONE,DOWN,1,False,75,55,45,80,False,True,NEUTRAL,70,False,0.0,NONE,False,NONE,False,False,0,False,60,23.9543726235757,9.75143403441676,55.00000000000001,29,POOR,False,75,50,-0.2670526757003655,4,100.0,False,MEAN_REVERTING,70,40.69765579379033,9.507610595280672,True,MOMENTUM_SHIFT,False,True,False,65,True,70,UP,40,CHOPPY,EXTREME,UP,40,-0.0145,CHOPPY,55,30,50,STRONG,NONE,70,40,80,EXTREME,88,40,60,2.6,True,40,1.918324607329843,0.0,RANGING,90,False,NONE,0.86261,0.864005,0.863875,FAR,30,50,85,50,NONE,NONE,NONE,False,[],0,0,ACCUMULATION,ACCUMULATION,50,65,True,33,"Smart money accumulation. Bullish bias, look for breakout.",0.995,0.5,False,False,True,True,0.3,0.3,True,False,False,22,False,[],0,NO,ACCUMULATION,"Smart money accumulation. Bullish bias, look for breakout.",EXTREME,LOW,0.045,[],True,Passed basic checks,0,50,50,MEDIUM,5,WAIT,รอการวิเคราะห์จาก AI,0.863917,0.864052,54.81,0.863858,0.863967,0.863792,BEARISH,AT_PIVOT
2026-06-26 21:01:00,0.863915,0.86395,0.863715,0.86373,457.0,EURGBP,BULLISH,0.864028,0.864053,0.86387,0.863355,0.862886,0.86244,BULLISH,0.86491,0.863078,0.001832,0.000955,30.95,45.01,0.000287,0.000358,-7e-05,17.76,31.04,0.000392,94.47,2.6,0.00043,0.000278,42.19,30.97,17.91,26.74,-0.0145,1756,1764.75,0.995,False,RISING,-2.3e-05,3.8e-05,4e-05,0.86261,0.86517,0.863875,0.864005,0.86411,0.86377,0.86364,20,6.53,0.863828,0.863971,31.82,-0.000103,-8.3e-05,14.04,16.12,0.000119,0.863715,0.86438,0.864366,0.863655,457,1.27,0.86373,0.86395,0.863715,0.863915,NEW YORK,62759,HIGH,0.86373,0.86395,0.863715,0.863915,NEW YORK,62759,HIGH,HAMMER,BEARISH,WEAK,LOW_WICK,NEUTRAL,CHAOTIC,TRUE,TESTING_PIVOT,51,30,-13.333333333333334,56,NEUTRAL,False,70,['HAMMER'],1,20,BULLISH,BEARISH,60,True,REJECTION,25,False,False,True,70,True,100,50,UP,NONE,DOWN,1,False,75,55,45,80,False,True,NEUTRAL,70,False,0.0,NONE,False,NONE,False,False,0,False,60,23.9543726235757,9.75143403441676,55.00000000000001,29,POOR,False,75,50,-0.2670526757003655,4,100.0,False,MEAN_REVERTING,70,40.69765579379033,9.507610595280672,True,MOMENTUM_SHIFT,False,True,False,65,True,70,NONE,40,CHOPPY,EXTREME,NONE,40,-0.0145,CHOPPY,20,50,30,STRONG,NONE,70,40,80,EXTREME,88,40,60,2.6,True,40,1.918324607329843,0.0,RANGING,90,False,NONE,0.86261,0.864005,0.863875,FAR,30,50,85,50,NONE,NONE,NONE,False,[],0,0,SIDEWAY_RANGE,SIDEWAY_RANGE,50,60,True,33,Price ranging between clear levels. Suitable for mean-reversion strategies.,0.995,0.5,False,False,False,True,0.3,0.3,True,False,False,22,False,[],0,NO,SIDEWAY_RANGE,Price ranging between clear levels. Suitable for mean-reversion strategies.,EXTREME,LOW,0.045,[],True,Passed basic checks,0,50,50,MEDIUM,5,WAIT,รอการวิเคราะห์จาก AI,0.863883,0.864039,40.0,0.863798,0.863882,0.863647,BEARISH,AT_PIVOT
2026-06-26 21:02:00,0.863735,0.863775,0.863715,0.863765,217.0,EURGBP,BULLISH,0.864028,0.864053,0.86387,0.863355,0.862886,0.86244,BULLISH,0.86491,0.863078,0.001832,0.000955,30.95,45.01,0.000287,0.000358,-7e-05,17.76,31.04,0.000392,94.47,2.6,0.00043,0.000278,42.19,30.97,17.91,26.74,-0.0145,1756,1764.75,0.995,False,RISING,-2.3e-05,3.8e-05,4e-05,0.86261,0.86517,0.863875,0.864005,0.86411,0.86377,0.86364,20,6.53,0.863807,0.863951,33.17,-0.000106,-8.8e-05,17.12,17.06,0.000118,0.863715,0.86438,0.864324,0.863642,217,0.613,0.863765,0.863775,0.863715,0.863735,NEW YORK,63158,HIGH,0.863765,0.863775,0.863715,0.863735,NEW YORK,63158,HIGH,HAMMER,BEARISH,WEAK,LOW_WICK,NEUTRAL,CHAOTIC,TRUE,TESTING_PIVOT,51,30,-13.333333333333334,56,NEUTRAL,False,70,['HAMMER'],1,20,BULLISH,BEARISH,60,True,REJECTION,25,False,False,True,70,True,100,50,UP,NONE,DOWN,1,False,75,55,45,80,False,True,NEUTRAL,70,False,0.0,NONE,False,NONE,False,False,0,False,60,23.9543726235757,9.75143403441676,55.00000000000001,29,POOR,False,75,50,-0.2670526757003655,4,100.0,False,MEAN_REVERTING,70,40.69765579379033,9.507610595280672,True,MOMENTUM_SHIFT,False,True,False,65,True,70,NONE,40,CHOPPY,EXTREME,NONE,40,-0.0145,CHOPPY,20,50,30,STRONG,NONE,70,40,80,EXTREME,88,40,60,2.6,True,40,1.918324607329843,0.0,RANGING,90,False,NONE,0.86261,0.864005,0.863875,FAR,30,50,85,50,NONE,NONE,NONE,False,[],0,0,ACCUMULATION,ACCUMULATION,50,65,True,33,"Smart money accumulation. Bullish bias, look for breakout.",0.995,0.5,False,False,False,True,0.3,0.3,True,False,False,22,False,[],0,NO,ACCUMULATION,"Smart money accumulation. Bullish bias, look for breakout.",EXTREME,LOW,0.045,[],True,Passed basic checks,0,50,50,MEDIUM,5,WAIT,รอการวิเคราะห์จาก AI,0.863862,0.864029,33.06,0.863752,0.863788,0.863728,BEARISH,AT_PIVOT
2026-06-26 21:03:00,0.863765,0.863765,0.863625,0.863635,253.0,EURGBP,BULLISH,0.864028,0.864053,0.86387,0.863355,0.862886,0.86244,BULLISH,0.86491,0.863078,0.001832,0.000955,30.95,45.01,0.000287,0.000358,-7e-05,17.76,31.04,0.000392,94.47,2.6,0.00043,0.000278,42.19,30.97,17.91,26.74,-0.0145,1756,1764.75,0.995,False,RISING,-2.3e-05,3.8e-05,4e-05,0.86261,0.86517,0.863875,0.864005,0.86411,0.86377,0.86364,20,6.53,0.86375,0.863921,28.44,-0.000118,-9.4e-05,5.47,12.21,0.000122,0.863625,0.864345,0.864277,0.863617,253,0.721,0.863635,0.863765,0.863625,0.863765,NEW YORK,62779,HIGH,0.863635,0.863765,0.863625,0.863765,NEW YORK,62779,HIGH,HAMMER,BEARISH,WEAK,LOW_WICK,NEUTRAL,CHAOTIC,TRUE,NONE,51,30,-13.333333333333334,56,NEUTRAL,False,70,['HAMMER'],1,20,BULLISH,BEARISH,60,True,REJECTION,25,False,False,True,70,True,100,50,UP,NONE,DOWN,1,False,75,55,45,80,False,True,NEUTRAL,70,False,0.0,NONE,False,NONE,False,False,0,False,60,23.9543726235757,9.75143403441676,55.00000000000001,29,POOR,False,75,50,-0.2670526757003655,4,100.0,False,MEAN_REVERTING,70,40.69765579379033,9.507610595280672,True,MOMENTUM_SHIFT,False,True,False,65,True,70,NONE,40,CHOPPY,EXTREME,NONE,40,-0.0145,CHOPPY,20,50,30,STRONG,NONE,70,40,80,EXTREME,88,40,60,2.6,True,40,1.918324607329843,0.0,RANGING,90,False,NONE,0.86261,0.864005,0.863875,FAR,30,50,85,50,NONE,NONE,NONE,False,[],0,0,ACCUMULATION,ACCUMULATION,50,65,True,33,"Smart money accumulation. Bullish bias, look for breakout.",0.995,0.5,False,False,False,True,0.3,0.3,True,False,False,22,False,[],0,NO,ACCUMULATION,"Smart money accumulation. Bullish bias, look for breakout.",EXTREME,LOW,0.045,[],True,Passed basic checks,0,50,50,MEDIUM,5,WAIT,รอการวิเคราะห์จาก AI,0.86382,0.864013,30.08,0.863675,0.863725,0.863585,BEARISH,NONE
2026-06-26 21:04:00,0.86363,0.86364,0.863545,0.86355,279.0,EURGBP,BULLISH,0.864028,0.864053,0.86387,0.863355,0.862886,0.86244,BULLISH,0.86491,0.863078,0.001832,0.000955,30.95,45.01,0.000287,0.000358,-7e-05,17.76,31.04,0.000392,94.47,2.6,0.00043,0.000278,42.19,30.97,17.91,26.74,-0.0145,1756,1764.75,0.995,False,RISING,-2.3e-05,3.8e-05,4e-05,0.86261,0.86517,0.863875,0.864005,0.86411,0.86377,0.86364,20,6.53,0.863683,0.863886,29.77,-0.000133,-0.000102,4.71,9.1,0.000116,0.863545,0.864285,0.864263,0.863565,279,0.803,0.86355,0.86364,0.863545,0.86363,NEW YORK,63269,HIGH,0.86355,0.86364,0.863545,0.86363,NEW YORK,63269,HIGH,HAMMER,BEARISH,WEAK,LOW_WICK,NEUTRAL,CHAOTIC,TRUE,NONE,51,30,-13.333333333333334,56,NEUTRAL,False,70,['HAMMER'],1,20,BULLISH,BEARISH,60,True,REJECTION,25,False,False,True,70,True,100,50,UP,NONE,DOWN,1,False,75,55,45,80,False,True,NEUTRAL,70,False,0.0,NONE,False,NONE,False,False,0,False,60,23.9543726235757,9.75143403441676,55.00000000000001,29,POOR,False,75,50,-0.2670526757003655,4,100.0,False,MEAN_REVERTING,70,40.69765579379033,9.507610595280672,True,MOMENTUM_SHIFT,False,True,False,65,True,70,NONE,40,CHOPPY,EXTREME,NONE,40,-0.0145,CHOPPY,20,50,30,STRONG,NONE,70,40,80,EXTREME,88,40,60,2.6,True,40,1.918324607329843,0.0,RANGING,90,False,NONE,0.86261,0.864005,0.863875,FAR,30,50,85,50,NONE,NONE,NONE,False,[],0,0,SIDEWAY_RANGE,SIDEWAY_RANGE,50,60,True,33,Price ranging between clear levels. Suitable for mean-reversion strategies.,0.995,0.5,False,False,False,True,0.3,0.3,True,False,False,22,False,[],0,NO,SIDEWAY_RANGE,Price ranging between clear levels. Suitable for mean-reversion strategies.,EXTREME,LOW,0.045,[],True,Passed basic checks,0,50,50,MEDIUM,5,WAIT,รอการวิเคราะห์จาก AI,0.863771,0.863995,24.66,0.863578,0.863612,0.863517,BEARISH,NONE
2026-06-26 21:05:00,0.863555,0.86362,0.86354,0.86357,249.0,EURGBP,BULLISH,0.863876,0.863965,0.863841,0.863364,0.8629,0.862457,BEARISH,0.864864,0.863168,0.001696,0.000969,20.97,44.3,0.000229,0.000332,-0.000103,10.36,19.5,0.000384,93.97,2.5,0.000427,0.0003,40.23,28.11,20.88,14.75,-0.0862,1455,1754.45,0.829,False,FALLING,-6e-05,1.8e-05,4e-05,0.862885,0.86517,0.863687,0.863833,0.864097,0.863423,0.863277,20,5.95,0.863645,0.863856,32.08,-0.000141,-0.000109,3.16,4.45,0.000115,0.86354,0.86428,0.86422,0.863538,249,0.729,0.86357,0.86362,0.86354,0.863555,NEW YORK,62817,HIGH,0.86357,0.86362,0.86354,0.863555,NEW YORK,62817,HIGH,NONE,BEARISH,WEAK,LOW_WICK,NEUTRAL,CHAOTIC,NONE,TESTING_PIVOT,51,30,-13.333333333333334,54,NEUTRAL,False,70,[],0,0,NEUTRAL,BEARISH,40,False,NONE,0,False,False,False,60,False,0,100,NONE,NONE,DOWN,0,True,75,55,45,80,False,True,NEUTRAL,70,False,0.0,NONE,False,NONE,False,False,0,False,60,8.537782139351837,7.253886010361159,60.0,25,POOR,False,75,58,-0.25434651161225097,5,89.99999999999999,False,MEAN_REVERTING,70,41.947442990503106,8.596959563198062,True,MOMENTUM_SHIFT,False,True,False,65,True,70,NONE,80,CHOPPY,EXTREME,NONE,80,-0.0862,CHOPPY,20,50,30,STRONG,NONE,70,40,80,EXTREME,88,40,60,2.5,True,40,1.7502579979360164,0.0,RANGING,90,False,NONE,0.862885,0.863833,0.863687,FAR,30,50,85,50,NONE,NONE,NONE,False,[],0,0,ACCUMULATION,ACCUMULATION,50,65,True,33,"Smart money accumulation. Bullish bias, look for breakout.",0.829,0.5,False,False,False,True,0.3,0.3,True,False,False,22,False,[],0,NO,ACCUMULATION,"Smart money accumulation. Bullish bias, look for breakout.",EXTREME,LOW,0.044,[],True,Passed basic checks,0,50,50,MEDIUM,5,WAIT,รอการวิเคราะห์จาก AI,0.863735,0.863978,26.85,0.863577,0.863613,0.863533,BEARISH,AT_PIVOT
