timestamp,open,high,low,close,volume,symbol,m15_bias,m5_ema5,m5_ema10,m5_ema20,m5_ema50,m5_ema100,m5_ema200,m5_bias,m5_bb_upper,m5_bb_lower,m5_bb_width,m5_bbw_sma_100,m5_rsi7,m5_rsi14,m5_macd,m5_macd_signal,m5_macd_hist,m5_stoch_k,m5_stoch_d,m5_atr14,m5_atr_percentile,m5_atr_zscore,m5_atr_recent_avg,m5_atr_past_avg,m5_adx,m5_di_plus,m5_di_minus,m5_dx,m5_roc,m5_volume,m5_volume_ma20,m5_volume_ratio,m5_volume_spike,m5_volume_trend,m5_slope_10,m5_slope_20,m5_slope_50,m5_support,m5_resistance,m5_pivot,m5_r1,m5_r2,m5_s1,m5_s2,m5_box_duration,m5_box_tightness,m1_ema5,m1_ema10,m1_ema20,m1_ema50,m1_rsi7,m1_rsi14,m1_macd,m1_macd_signal,m1_stoch_k,m1_stoch_d,m1_atr14,m1_support,m1_resistance,m1_bb_upper,m1_bb_lower,m1_pivot,m1_r1,m1_s1,m1_volume,m1_volume_ratio,meta_close,meta_high,meta_low,meta_open,meta_session,meta_data_age_ms,meta_data_quality,ohlcv_close,ohlcv_high,ohlcv_low,ohlcv_open,ohlcv_session,ohlcv_data_age_ms,ohlcv_data_quality,price_action_pattern,price_action_last_candle_bias,price_action_last_candle,price_action_body_strength,price_action_rejection_zone,price_action_wick_dominance,price_action_momentum_bias,price_action_move_quality,price_action_trap_alert,price_action_sr_interaction,behavior_conviction,behavior_hesitation,behavior_pressure_balance,behavior_participation,behavior_behavior,behavior_is_decisive,behavior_confidence,candle_pattern_patterns_detected,candle_pattern_pattern_count,candle_pattern_pattern_strength,candle_pattern_bias,candle_pattern_last_candle_color,candle_pattern_confidence,trap_detector_trap_detected,trap_detector_trap_type,trap_detector_trap_score,trap_detector_false_breakout,trap_detector_stop_hunt,trap_detector_rejection_wick,trap_detector_confidence,conflict_conflict_detected,conflict_conflict_score,conflict_agreement_score,conflict_ema_direction,conflict_momentum_direction,conflict_candle_direction,conflict_conflicting_signals,conflict_all_aligned,conflict_confidence,continuation_continuation_probability,continuation_reversal_probability,continuation_pullback_health,continuation_momentum_intact,continuation_volume_supports_move,continuation_bias,continuation_confidence,continuation_retest_detected,continuation_retest_quality,continuation_retest_type,divergence_divergence_detected,divergence_divergence_type,divergence_rsi_divergence,divergence_macd_divergence,divergence_divergence_strength,divergence_both_confirm,divergence_confidence,efficiency_efficiency_ratio,efficiency_path_efficiency,efficiency_directional_efficiency,efficiency_overall_efficiency,efficiency_movement_quality,efficiency_is_efficient,efficiency_confidence,persistence_persistence_score,persistence_autocorrelation,persistence_max_consecutive_run,persistence_trend_persistence,persistence_is_persistent,persistence_behavior,persistence_confidence,persistence_expansion_persistence,persistence_fatigue_risk,transition_in_transition,transition_transition_type,transition_volatility_shift,transition_momentum_shift,transition_structure_shift,transition_stability_score,transition_is_stable,transition_confidence,analysis_trend_direction,analysis_trend_strength,analysis_trend_type,analysis_volatility_regime,engines_trend_direction,engines_trend_strength,engines_trend_momentum,engines_trend_type,engines_trend_confidence,engines_trend_reversal_risk,engines_trend_sustain_probability,engines_strength_momentum_level,engines_strength_divergence,engines_strength_strength_score,engines_strength_exhaustion_risk,engines_strength_confidence,engines_volatility_regime,engines_volatility_volatility_score,engines_volatility_expansion_probability,engines_volatility_contraction_probability,engines_volatility_volatility_zscore,engines_volatility_spike_detected,engines_volatility_confidence,engines_volatility_bbw_compression_ratio,engines_volatility_compression_quality,engines_structure_structure_type,engines_structure_structure_score,engines_structure_bos_detected,engines_structure_bos_type,engines_structure_key_zones_strong_support,engines_structure_key_zones_strong_resistance,engines_structure_key_zones_middle,engines_structure_zone_proximity,engines_structure_breakout_probability,engines_structure_reversal_probability,engines_structure_confidence,engines_mtf_alignment_score,engines_mtf_dominant_direction,engines_mtf_htf_direction,engines_mtf_ltf_direction,engines_mtf_htf_ltf_conflict,engines_mtf_timeframes_analyzed,engines_mtf_confidence_from_mtf,engines_mtf_confidence,market_state,market_state_full_state,market_state_full_confidence,market_state_full_quality_score,market_state_full_tradeable,market_state_full_stability,market_state_full_description,market_state_full_metrics_volume_ratio,market_state_full_metrics_noise_level,market_state_full_metrics_rsi_extreme_bull,market_state_full_metrics_rsi_extreme_bear,market_state_full_metrics_price_above_ma20,market_state_full_metrics_price_above_ma50,market_state_full_metrics_wick_lower_ratio,market_state_full_metrics_wick_upper_ratio,market_state_full_metrics_compression_detected,market_state_full_metrics_divergence_detected,market_state_full_metrics_volume_surge,market_state_full_metrics_adaptive_adx_threshold,market_state_full_metrics_is_otc,signals_triggered,signals_count,signals_top_signal,market_context_state,market_context_description,market_context_volatility_regime,market_context_news_impact,market_context_expected_volatility_%,market_context_recent_ai_memory,decision_layer_tradeable,decision_layer_tradeable_reason,decision_layer_confidence_score,decision_layer_stability_score,decision_layer_quality_score,decision_layer_risk_level,decision_layer_suggested_expiry_minutes,decision_layer_suggested_action,decision_layer_final_reason_th
2026-06-27 12:40:00,0.860385,0.860385,0.860135,0.860255,1.0,EURGBP-OTC,BEARISH,0.860975,0.861765,0.862647,0.863098,0.86265,0.861946,BEARISH,0.866685,0.859957,0.006727,0.003554,3.36,9.29,-0.00088,-0.000449,-0.000431,4.64,5.3,0.00072,97.49,1.86,0.00069,0.000662,39.52,7.97,36.64,64.28,-0.4709,1,1.0,1.0,False,STABLE,-0.000396,-0.000268,4e-06,0.860085,0.865495,0.860338,0.860592,0.860928,0.860002,0.859748,24,7.51,0.860369,0.860571,0.860936,0.86189,13.97,34.32,-0.000502,-0.000488,13.14,9.95,0.0003,0.860085,0.861865,0.861772,0.860068,0.860258,0.860382,0.860132,1,1.0,0.860255,0.860385,0.860135,0.860385,ASIAN,62989,HIGH,0.860255,0.860385,0.860135,0.860385,ASIAN,62989,HIGH,NONE,BEARISH,BEARISH,WEAK,AT_PIVOT,HIGH_WICK,BEARISH,CLEAN,NONE,TESTING_PIVOT,42,26,-26.666666666666668,50,NEUTRAL,False,70,[],0,0,NEUTRAL,BEARISH,40,False,NONE,0,False,False,False,60,False,0,100,DOWN,DOWN,DOWN,0,True,75,97,3,80,True,True,CONTINUATION,70,True,85.0,BEARISH,False,NONE,False,False,0,False,60,63.48074179742892,34.822051639916715,75.0,57,GOOD,False,75,76,0.12951371209685666,9,30.000000000000004,True,RANDOM,70,49.185673302683504,6.047946490115256,True,MOMENTUM_SHIFT,False,True,True,35,False,70,NONE,100,CHOPPY,EXTREME,NONE,100,-0.4709,CHOPPY,20,50,30,STRONG,NONE,75,45,85,EXTREME,88,40,60,1.86,False,40,1.892796848621272,0.0,RANGING,90,False,NONE,0.860002,0.860592,0.860338,FAR,30,50,85,50,NONE,NONE,NONE,False,[],0,0,ACCUMULATION,ACCUMULATION,50,65,True,32,"Smart money accumulation. Bullish bias, look for breakout.",1.0,0.5,False,True,False,False,0.3,0.3,True,False,False,22,True,[],0,NO,ACCUMULATION,"Smart money accumulation. Bullish bias, look for breakout.",EXTREME,LOW,0.084,[],True,Passed basic checks,0,50,50,MEDIUM,5,WAIT,รอการวิเคราะห์จาก AI
2026-06-27 12:41:00,0.860245,0.860375,0.860185,0.860335,1.0,EURGBP-OTC,BEARISH,0.860975,0.861765,0.862647,0.863098,0.86265,0.861946,BEARISH,0.866685,0.859957,0.006727,0.003554,3.36,9.29,-0.00088,-0.000449,-0.000431,4.64,5.3,0.00072,97.49,1.86,0.00069,0.000662,39.52,7.97,36.64,64.28,-0.4709,1,1.0,1.0,False,STABLE,-0.000396,-0.000268,4e-06,0.860085,0.865495,0.860338,0.860592,0.860928,0.860002,0.859748,24,7.51,0.860358,0.860528,0.860879,0.861829,27.55,28.9,-0.00049,-0.000489,17.03,13.61,0.000292,0.860085,0.861685,0.861662,0.860043,0.860298,0.860412,0.860222,1,1.0,0.860335,0.860375,0.860185,0.860245,ASIAN,63348,HIGH,0.860335,0.860375,0.860185,0.860245,ASIAN,63348,HIGH,NONE,BEARISH,BEARISH,WEAK,AT_PIVOT,HIGH_WICK,BEARISH,CLEAN,NONE,TESTING_PIVOT,42,26,-26.666666666666668,50,NEUTRAL,False,70,[],0,0,NEUTRAL,BEARISH,40,False,NONE,0,False,False,False,60,False,0,100,DOWN,DOWN,DOWN,0,True,75,97,3,80,True,True,CONTINUATION,70,True,85.0,BEARISH,False,NONE,False,False,0,False,60,63.48074179742892,34.822051639916715,75.0,57,GOOD,False,75,76,0.12951371209685666,9,30.000000000000004,True,RANDOM,70,49.185673302683504,6.047946490115256,True,MOMENTUM_SHIFT,False,True,True,35,False,70,NONE,100,CHOPPY,EXTREME,NONE,100,-0.4709,CHOPPY,20,50,30,STRONG,NONE,75,45,85,EXTREME,88,40,60,1.86,False,40,1.892796848621272,0.0,RANGING,90,False,NONE,0.860002,0.860592,0.860338,FAR,30,50,85,50,NONE,NONE,NONE,False,[],0,0,ACCUMULATION,ACCUMULATION,50,65,True,32,"Smart money accumulation. Bullish bias, look for breakout.",1.0,0.5,False,True,False,False,0.3,0.3,True,False,False,22,True,[],0,NO,ACCUMULATION,"Smart money accumulation. Bullish bias, look for breakout.",EXTREME,LOW,0.084,[],True,Passed basic checks,0,50,50,MEDIUM,5,WAIT,รอการวิเคราะห์จาก AI
2026-06-27 12:42:00,0.860325,0.860595,0.860325,0.860505,1.0,EURGBP-OTC,BEARISH,0.860975,0.861765,0.862647,0.863098,0.86265,0.861946,BEARISH,0.866685,0.859957,0.006727,0.003554,3.36,9.29,-0.00088,-0.000449,-0.000431,4.64,5.3,0.00072,97.49,1.86,0.00069,0.000662,39.52,7.97,36.64,64.28,-0.4709,1,1.0,1.0,False,STABLE,-0.000396,-0.000268,4e-06,0.860085,0.865495,0.860338,0.860592,0.860928,0.860002,0.859748,24,7.51,0.860407,0.860524,0.860843,0.861777,46.81,34.48,-0.000461,-0.000483,21.33,17.17,0.000293,0.860085,0.861455,0.861588,0.860027,0.860475,0.860625,0.860355,1,1.0,0.860505,0.860595,0.860325,0.860325,ASIAN,62647,HIGH,0.860505,0.860595,0.860325,0.860325,ASIAN,62647,HIGH,NONE,BEARISH,BEARISH,WEAK,AT_PIVOT,HIGH_WICK,BEARISH,CLEAN,NONE,TESTING_PIVOT,42,26,-26.666666666666668,50,NEUTRAL,False,70,[],0,0,NEUTRAL,BEARISH,40,False,NONE,0,False,False,False,60,False,0,100,DOWN,DOWN,DOWN,0,True,75,97,3,80,True,True,CONTINUATION,70,True,85.0,BEARISH,False,NONE,False,False,0,False,60,63.48074179742892,34.822051639916715,75.0,57,GOOD,False,75,76,0.12951371209685666,9,30.000000000000004,True,RANDOM,70,49.185673302683504,6.047946490115256,True,MOMENTUM_SHIFT,False,True,True,35,False,70,NONE,100,CHOPPY,EXTREME,NONE,100,-0.4709,CHOPPY,20,50,30,STRONG,NONE,75,45,85,EXTREME,88,40,60,1.86,False,40,1.892796848621272,0.0,RANGING,90,False,NONE,0.860002,0.860592,0.860338,FAR,30,50,85,50,NONE,NONE,NONE,False,[],0,0,ACCUMULATION,ACCUMULATION,50,65,True,32,"Smart money accumulation. Bullish bias, look for breakout.",1.0,0.5,False,True,False,False,0.3,0.3,True,False,False,22,True,[],0,NO,ACCUMULATION,"Smart money accumulation. Bullish bias, look for breakout.",EXTREME,LOW,0.084,[],True,Passed basic checks,0,50,50,MEDIUM,5,WAIT,รอการวิเคราะห์จาก AI
2026-06-27 15:14:00,0.861685,0.861685,0.861365,0.861395,1.0,EURGBP-OTC,BEARISH,0.86137,0.861439,0.861347,0.861648,0.861896,0.861909,BEARISH,0.862677,0.859787,0.002889,0.004015,35.42,49.61,5.4e-05,2.3e-05,3.1e-05,40.71,55.81,0.000705,88.94,1.2,0.000706,0.000656,24.9,21.76,24.38,5.67,-0.0975,1,1.0,1.0,False,STABLE,-3.7e-05,7.7e-05,-7.3e-05,0.859575,0.862855,0.861038,0.861432,0.862078,0.860392,0.859998,22,4.65,0.861546,0.861579,0.861627,0.86157,47.5,44.24,-4.6e-05,-2.6e-05,46.72,43.93,0.000252,0.861205,0.862265,0.862153,0.861239,0.861482,0.861598,0.861278,1,1.0,0.861395,0.861685,0.861365,0.861685,LONDON,543077,LOW,0.861395,0.861685,0.861365,0.861685,LONDON,543077,LOW,NONE,BEARISH,BEARISH,WEAK,NONE,LOW_WICK,NEUTRAL,CHAOTIC,NONE,NONE,55,13,-3.4482758620689653,50,NEUTRAL,False,70,[],0,0,NEUTRAL,BEARISH,40,False,NONE,0,False,False,False,60,False,0,100,DOWN,NONE,NONE,0,True,75,55,45,80,False,True,NEUTRAL,70,False,0.0,NONE,False,NONE,False,False,0,False,60,4.42890442890496,4.9743964886614185,50.0,19,POOR,False,75,81,0.06136340909298189,5,60.00000000000001,True,RANDOM,70,46.68395946993968,4.601476687621219,False,NONE,False,False,False,100,True,70,NONE,60,CHOPPY,EXTREME,NONE,60,-0.0975,CHOPPY,20,50,30,NORMAL,NONE,60,30,70,EXTREME,88,40,60,1.2,False,40,0.7195516811955168,44.848,RANGING,90,False,NONE,0.859575,0.861432,0.861038,FAR,30,50,85,50,NONE,NONE,NONE,False,[],0,0,ACCUMULATION,ACCUMULATION,50,65,True,27,"Smart money accumulation. Bullish bias, look for breakout.",1.0,0.5,False,False,True,False,0.3,0.3,True,False,False,22,True,[],0,NO,ACCUMULATION,"Smart money accumulation. Bullish bias, look for breakout.",EXTREME,LOW,0.082,[],True,Passed basic checks,0,50,50,MEDIUM,5,WAIT,รอการวิเคราะห์จาก AI
2026-06-27 15:15:00,0.860795,0.860895,0.860645,0.860665,1.0,EURGBP-OTC,BEARISH,0.861148,0.861305,0.861286,0.861611,0.861869,0.861872,BEARISH,0.862631,0.859893,0.002738,0.003974,38.31,44.93,-7e-06,1.7e-05,-2.4e-05,23.73,41.43,0.000696,85.43,1.03,0.000704,0.000663,23.6,20.51,23.5,6.8,-0.0871,1,1.0,1.0,False,STABLE,-8.1e-05,5.1e-05,-6.7e-05,0.859575,0.862855,0.860815,0.861035,0.861365,0.860485,0.860265,23,4.71,0.860934,0.861144,0.861348,0.861455,10.08,22.11,-0.000209,-0.000111,7.94,9.49,0.000276,0.860645,0.861875,0.862079,0.860787,0.860735,0.860825,0.860575,1,1.0,0.860665,0.860895,0.860645,0.860795,LONDON,303540,LOW,0.860665,0.860895,0.860645,0.860795,LONDON,303540,LOW,NONE,BEARISH,BEARISH,WEAK,AT_PIVOT,LOW_WICK,NEUTRAL,CHAOTIC,TRUE,TESTING_PIVOT,55,13,-6.666666666666667,50,NEUTRAL,False,70,[],0,0,NEUTRAL,BEARISH,40,True,REJECTION,25,False,False,True,70,False,0,100,DOWN,NONE,NONE,0,True,75,55,45,80,False,True,NEUTRAL,70,False,0.0,NONE,False,NONE,False,False,0,False,60,7.177033492823474,2.6239067055395635,50.0,19,POOR,False,75,81,0.08092143039923286,5,60.00000000000001,True,RANDOM,70,47.200775227825304,4.016275603813051,True,MOMENTUM_SHIFT,False,True,False,65,True,70,DOWN,80,CHOPPY,EXTREME,DOWN,80,-0.0871,CHOPPY,75,30,75,NORMAL,NONE,60,30,70,EXTREME,88,40,60,1.03,False,40,0.6889783593356819,47.65599999999999,RANGING,90,False,NONE,0.859575,0.861035,0.860815,FAR,30,50,85,50,NONE,NONE,NONE,False,[],0,0,SIDEWAY_RANGE,SIDEWAY_RANGE,50,60,True,27,Price ranging between clear levels. Suitable for mean-reversion strategies.,1.0,0.5,False,False,False,False,0.3,0.3,True,False,False,22,True,[],0,NO,SIDEWAY_RANGE,Price ranging between clear levels. Suitable for mean-reversion strategies.,EXTREME,LOW,0.081,[],True,Passed basic checks,0,50,50,MEDIUM,5,WAIT,รอการวิเคราะห์จาก AI
2026-06-27 15:16:00,0.860795,0.860895,0.860645,0.860665,1.0,EURGBP-OTC,BEARISH,0.861148,0.861305,0.861286,0.861611,0.861869,0.861872,BEARISH,0.862631,0.859893,0.002738,0.003974,38.31,44.93,-7e-06,1.7e-05,-2.4e-05,23.73,41.43,0.000696,85.43,1.03,0.000704,0.000663,23.6,20.51,23.5,6.8,-0.0871,1,1.0,1.0,False,STABLE,-8.1e-05,5.1e-05,-6.7e-05,0.859575,0.862855,0.860815,0.861035,0.861365,0.860485,0.860265,23,4.71,0.860934,0.861144,0.861348,0.861455,10.08,22.11,-0.000209,-0.000111,7.94,9.49,0.000276,0.860645,0.861875,0.862079,0.860787,0.860735,0.860825,0.860575,1,1.0,0.860665,0.860895,0.860645,0.860795,LONDON,362832,LOW,0.860665,0.860895,0.860645,0.860795,LONDON,362832,LOW,NONE,BEARISH,BEARISH,WEAK,AT_PIVOT,LOW_WICK,NEUTRAL,CHAOTIC,TRUE,TESTING_PIVOT,55,13,-6.666666666666667,50,NEUTRAL,False,70,[],0,0,NEUTRAL,BEARISH,40,True,REJECTION,25,False,False,True,70,False,0,100,DOWN,NONE,NONE,0,True,75,55,45,80,False,True,NEUTRAL,70,False,0.0,NONE,False,NONE,False,False,0,False,60,7.177033492823474,2.6239067055395635,50.0,19,POOR,False,75,81,0.08092143039923286,5,60.00000000000001,True,RANDOM,70,47.200775227825304,4.016275603813051,True,MOMENTUM_SHIFT,False,True,False,65,True,70,DOWN,80,CHOPPY,EXTREME,DOWN,80,-0.0871,CHOPPY,75,30,75,NORMAL,NONE,60,30,70,EXTREME,88,40,60,1.03,False,40,0.6889783593356819,47.65599999999999,RANGING,90,False,NONE,0.859575,0.861035,0.860815,FAR,30,50,85,50,NONE,NONE,NONE,False,[],0,0,ACCUMULATION,ACCUMULATION,50,65,True,27,"Smart money accumulation. Bullish bias, look for breakout.",1.0,0.5,False,False,False,False,0.3,0.3,True,False,False,22,True,[],0,NO,ACCUMULATION,"Smart money accumulation. Bullish bias, look for breakout.",EXTREME,LOW,0.081,[],True,Passed basic checks,0,50,50,MEDIUM,5,WAIT,รอการวิเคราะห์จาก AI
2026-06-27 15:18:00,0.860795,0.860895,0.860645,0.860665,1.0,EURGBP-OTC,BEARISH,0.861148,0.861305,0.861286,0.861611,0.861869,0.861872,BEARISH,0.862631,0.859893,0.002738,0.003974,38.31,44.93,-7e-06,1.7e-05,-2.4e-05,23.73,41.43,0.000696,85.43,1.03,0.000704,0.000663,23.6,20.51,23.5,6.8,-0.0871,1,1.0,1.0,False,STABLE,-8.1e-05,5.1e-05,-6.7e-05,0.859575,0.862855,0.860815,0.861035,0.861365,0.860485,0.860265,23,4.71,0.860934,0.861144,0.861348,0.861455,10.08,22.11,-0.000209,-0.000111,7.94,9.49,0.000276,0.860645,0.861875,0.862079,0.860787,0.860735,0.860825,0.860575,1,1.0,0.860665,0.860895,0.860645,0.860795,LONDON,483256,LOW,0.860665,0.860895,0.860645,0.860795,LONDON,483256,LOW,NONE,BEARISH,BEARISH,WEAK,AT_PIVOT,LOW_WICK,NEUTRAL,CHAOTIC,TRUE,TESTING_PIVOT,55,13,-6.666666666666667,50,NEUTRAL,False,70,[],0,0,NEUTRAL,BEARISH,40,True,REJECTION,25,False,False,True,70,False,0,100,DOWN,NONE,NONE,0,True,75,55,45,80,False,True,NEUTRAL,70,False,0.0,NONE,False,NONE,False,False,0,False,60,7.177033492823474,2.6239067055395635,50.0,19,POOR,False,75,81,0.08092143039923286,5,60.00000000000001,True,RANDOM,70,47.200775227825304,4.016275603813051,True,MOMENTUM_SHIFT,False,True,False,65,True,70,DOWN,80,CHOPPY,EXTREME,DOWN,80,-0.0871,CHOPPY,75,30,75,NORMAL,NONE,60,30,70,EXTREME,88,40,60,1.03,False,40,0.6889783593356819,47.65599999999999,RANGING,90,False,NONE,0.859575,0.861035,0.860815,FAR,30,50,85,50,NONE,NONE,NONE,False,[],0,0,ACCUMULATION,ACCUMULATION,50,65,True,27,"Smart money accumulation. Bullish bias, look for breakout.",1.0,0.5,False,False,False,False,0.3,0.3,True,False,False,22,True,[],0,NO,ACCUMULATION,"Smart money accumulation. Bullish bias, look for breakout.",EXTREME,LOW,0.081,[],True,Passed basic checks,0,50,50,MEDIUM,5,WAIT,รอการวิเคราะห์จาก AI
2026-06-27 15:19:00,0.860795,0.860895,0.860645,0.860665,1.0,EURGBP-OTC,BEARISH,0.861148,0.861305,0.861286,0.861611,0.861869,0.861872,BEARISH,0.862631,0.859893,0.002738,0.003974,38.31,44.93,-7e-06,1.7e-05,-2.4e-05,23.73,41.43,0.000696,85.43,1.03,0.000704,0.000663,23.6,20.51,23.5,6.8,-0.0871,1,1.0,1.0,False,STABLE,-8.1e-05,5.1e-05,-6.7e-05,0.859575,0.862855,0.860815,0.861035,0.861365,0.860485,0.860265,23,4.71,0.860934,0.861144,0.861348,0.861455,10.08,22.11,-0.000209,-0.000111,7.94,9.49,0.000276,0.860645,0.861875,0.862079,0.860787,0.860735,0.860825,0.860575,1,1.0,0.860665,0.860895,0.860645,0.860795,LONDON,542602,LOW,0.860665,0.860895,0.860645,0.860795,LONDON,542602,LOW,NONE,BEARISH,BEARISH,WEAK,AT_PIVOT,LOW_WICK,NEUTRAL,CHAOTIC,TRUE,TESTING_PIVOT,55,13,-6.666666666666667,50,NEUTRAL,False,70,[],0,0,NEUTRAL,BEARISH,40,True,REJECTION,25,False,False,True,70,False,0,100,DOWN,NONE,NONE,0,True,75,55,45,80,False,True,NEUTRAL,70,False,0.0,NONE,False,NONE,False,False,0,False,60,7.177033492823474,2.6239067055395635,50.0,19,POOR,False,75,81,0.08092143039923286,5,60.00000000000001,True,RANDOM,70,47.200775227825304,4.016275603813051,True,MOMENTUM_SHIFT,False,True,False,65,True,70,DOWN,80,CHOPPY,EXTREME,DOWN,80,-0.0871,CHOPPY,75,30,75,NORMAL,NONE,60,30,70,EXTREME,88,40,60,1.03,False,40,0.6889783593356819,47.65599999999999,RANGING,90,False,NONE,0.859575,0.861035,0.860815,FAR,30,50,85,50,NONE,NONE,NONE,False,[],0,0,ACCUMULATION,ACCUMULATION,50,65,True,27,"Smart money accumulation. Bullish bias, look for breakout.",1.0,0.5,False,False,False,False,0.3,0.3,True,False,False,22,True,[],0,NO,ACCUMULATION,"Smart money accumulation. Bullish bias, look for breakout.",EXTREME,LOW,0.081,[],True,Passed basic checks,0,50,50,MEDIUM,5,WAIT,รอการวิเคราะห์จาก AI
2026-06-27 15:20:00,0.860715,0.860795,0.860595,0.860775,1.0,EURGBP-OTC,BEARISH,0.860961,0.861174,0.861219,0.861571,0.861843,0.861853,BEARISH,0.862613,0.859935,0.002678,0.003934,28.94,44.33,-6.4e-05,0.0,-6.5e-05,5.54,23.33,0.00071,92.46,1.12,0.000704,0.000668,22.64,19.24,23.54,10.04,-0.1311,1,1.0,1.0,False,STABLE,-0.000131,2.7e-05,-6.2e-05,0.859575,0.862855,0.860692,0.860928,0.861272,0.860348,0.860112,24,4.62,0.860839,0.860951,0.86115,0.861344,42.86,31.47,-0.000233,-0.000189,22.97,24.84,0.000292,0.860595,0.861785,0.861973,0.860483,0.860722,0.860848,0.860648,1,1.0,0.860775,0.860795,0.860595,0.860715,LONDON,303003,LOW,0.860775,0.860795,0.860595,0.860715,LONDON,303003,LOW,NONE,BEARISH,BEARISH,WEAK,AT_PIVOT,LOW_WICK,NEUTRAL,CHAOTIC,NONE,TESTING_PIVOT,53,16,-13.333333333333334,50,NEUTRAL,False,70,[],0,0,NEUTRAL,BEARISH,40,False,NONE,0,False,False,False,60,False,0,100,DOWN,NONE,NONE,0,True,75,55,45,80,False,True,NEUTRAL,70,False,0.0,NONE,False,NONE,False,False,0,False,60,2.91262135922351,0.14566642388863038,55.00000000000001,19,POOR,False,75,79,0.08184969367709691,5,50.0,True,RANDOM,70,47.984572653541925,3.2287019094684455,True,MOMENTUM_SHIFT,False,True,False,65,True,70,DOWN,100,IMPULSIVE,EXTREME,DOWN,100,-0.1311,IMPULSIVE,85,30,85,NORMAL,NONE,60,30,70,EXTREME,88,40,60,1.12,False,40,0.6807320793085917,42.032000000000004,RANGING,90,False,NONE,0.859575,0.860928,0.860692,FAR,30,50,85,50,NONE,NONE,NONE,False,[],0,0,ACCUMULATION,ACCUMULATION,50,65,True,26,"Smart money accumulation. Bullish bias, look for breakout.",1.0,0.5,False,False,False,False,0.3,0.3,True,False,False,22,True,[],0,NO,ACCUMULATION,"Smart money accumulation. Bullish bias, look for breakout.",EXTREME,LOW,0.082,[],True,Passed basic checks,0,50,50,MEDIUM,5,WAIT,รอการวิเคราะห์จาก AI
2026-06-27 15:22:00,0.860715,0.860795,0.860595,0.860775,1.0,EURGBP-OTC,BEARISH,0.860961,0.861174,0.861219,0.861571,0.861843,0.861853,BEARISH,0.862613,0.859935,0.002678,0.003934,28.94,44.33,-6.4e-05,0.0,-6.5e-05,5.54,23.33,0.00071,92.46,1.12,0.000704,0.000668,22.64,19.24,23.54,10.04,-0.1311,1,1.0,1.0,False,STABLE,-0.000131,2.7e-05,-6.2e-05,0.859575,0.862855,0.860692,0.860928,0.861272,0.860348,0.860112,24,4.62,0.860839,0.860951,0.86115,0.861344,42.86,31.47,-0.000233,-0.000189,22.97,24.84,0.000292,0.860595,0.861785,0.861973,0.860483,0.860722,0.860848,0.860648,1,1.0,0.860775,0.860795,0.860595,0.860715,LONDON,422856,LOW,0.860775,0.860795,0.860595,0.860715,LONDON,422856,LOW,NONE,BEARISH,BEARISH,WEAK,AT_PIVOT,LOW_WICK,NEUTRAL,CHAOTIC,NONE,TESTING_PIVOT,53,16,-13.333333333333334,50,NEUTRAL,False,70,[],0,0,NEUTRAL,BEARISH,40,False,NONE,0,False,False,False,60,False,0,100,DOWN,NONE,NONE,0,True,75,55,45,80,False,True,NEUTRAL,70,False,0.0,NONE,False,NONE,False,False,0,False,60,2.91262135922351,0.14566642388863038,55.00000000000001,19,POOR,False,75,79,0.08184969367709691,5,50.0,True,RANDOM,70,47.984572653541925,3.2287019094684455,True,MOMENTUM_SHIFT,False,True,False,65,True,70,DOWN,100,IMPULSIVE,EXTREME,DOWN,100,-0.1311,IMPULSIVE,85,30,85,NORMAL,NONE,60,30,70,EXTREME,88,40,60,1.12,False,40,0.6807320793085917,42.032000000000004,RANGING,90,False,NONE,0.859575,0.860928,0.860692,FAR,30,50,85,50,NONE,NONE,NONE,False,[],0,0,ACCUMULATION,ACCUMULATION,50,65,True,26,"Smart money accumulation. Bullish bias, look for breakout.",1.0,0.5,False,False,False,False,0.3,0.3,True,False,False,22,True,[],0,NO,ACCUMULATION,"Smart money accumulation. Bullish bias, look for breakout.",EXTREME,LOW,0.082,[],True,Passed basic checks,0,50,50,MEDIUM,5,WAIT,รอการวิเคราะห์จาก AI
2026-06-27 15:23:00,0.860715,0.860795,0.860595,0.860775,1.0,EURGBP-OTC,BEARISH,0.860961,0.861174,0.861219,0.861571,0.861843,0.861853,BEARISH,0.862613,0.859935,0.002678,0.003934,28.94,44.33,-6.4e-05,0.0,-6.5e-05,5.54,23.33,0.00071,92.46,1.12,0.000704,0.000668,22.64,19.24,23.54,10.04,-0.1311,1,1.0,1.0,False,STABLE,-0.000131,2.7e-05,-6.2e-05,0.859575,0.862855,0.860692,0.860928,0.861272,0.860348,0.860112,24,4.62,0.860839,0.860951,0.86115,0.861344,42.86,31.47,-0.000233,-0.000189,22.97,24.84,0.000292,0.860595,0.861785,0.861973,0.860483,0.860722,0.860848,0.860648,1,1.0,0.860775,0.860795,0.860595,0.860715,LONDON,483122,LOW,0.860775,0.860795,0.860595,0.860715,LONDON,483122,LOW,NONE,BEARISH,BEARISH,WEAK,AT_PIVOT,LOW_WICK,NEUTRAL,CHAOTIC,NONE,TESTING_PIVOT,53,16,-13.333333333333334,50,NEUTRAL,False,70,[],0,0,NEUTRAL,BEARISH,40,False,NONE,0,False,False,False,60,False,0,100,DOWN,NONE,NONE,0,True,75,55,45,80,False,True,NEUTRAL,70,False,0.0,NONE,False,NONE,False,False,0,False,60,2.91262135922351,0.14566642388863038,55.00000000000001,19,POOR,False,75,79,0.08184969367709691,5,50.0,True,RANDOM,70,47.984572653541925,3.2287019094684455,True,MOMENTUM_SHIFT,False,True,False,65,True,70,DOWN,100,IMPULSIVE,EXTREME,DOWN,100,-0.1311,IMPULSIVE,85,30,85,NORMAL,NONE,60,30,70,EXTREME,88,40,60,1.12,False,40,0.6807320793085917,42.032000000000004,RANGING,90,False,NONE,0.859575,0.860928,0.860692,FAR,30,50,85,50,NONE,NONE,NONE,False,[],0,0,ACCUMULATION,ACCUMULATION,50,65,True,26,"Smart money accumulation. Bullish bias, look for breakout.",1.0,0.5,False,False,False,False,0.3,0.3,True,False,False,22,True,[],0,NO,ACCUMULATION,"Smart money accumulation. Bullish bias, look for breakout.",EXTREME,LOW,0.082,[],True,Passed basic checks,0,50,50,MEDIUM,5,WAIT,รอการวิเคราะห์จาก AI
2026-06-27 15:24:00,0.860715,0.860795,0.860595,0.860775,1.0,EURGBP-OTC,BEARISH,0.860961,0.861174,0.861219,0.861571,0.861843,0.861853,BEARISH,0.862613,0.859935,0.002678,0.003934,28.94,44.33,-6.4e-05,0.0,-6.5e-05,5.54,23.33,0.00071,92.46,1.12,0.000704,0.000668,22.64,19.24,23.54,10.04,-0.1311,1,1.0,1.0,False,STABLE,-0.000131,2.7e-05,-6.2e-05,0.859575,0.862855,0.860692,0.860928,0.861272,0.860348,0.860112,24,4.62,0.860839,0.860951,0.86115,0.861345,42.86,31.47,-0.000233,-0.000189,22.97,24.84,0.000292,0.860595,0.861785,0.861973,0.860483,0.860722,0.860848,0.860648,1,1.0,0.860775,0.860795,0.860595,0.860715,LONDON,542525,LOW,0.860775,0.860795,0.860595,0.860715,LONDON,542525,LOW,NONE,BEARISH,BEARISH,WEAK,AT_PIVOT,LOW_WICK,NEUTRAL,CHAOTIC,NONE,TESTING_PIVOT,53,16,-13.333333333333334,50,NEUTRAL,False,70,[],0,0,NEUTRAL,BEARISH,40,False,NONE,0,False,False,False,60,False,0,100,DOWN,NONE,NONE,0,True,75,55,45,80,False,True,NEUTRAL,70,False,0.0,NONE,False,NONE,False,False,0,False,60,2.91262135922351,0.14566642388863038,55.00000000000001,19,POOR,False,75,79,0.08184969367709691,5,50.0,True,RANDOM,70,47.984572653541925,3.2287019094684455,True,MOMENTUM_SHIFT,False,True,False,65,True,70,DOWN,100,IMPULSIVE,EXTREME,DOWN,100,-0.1311,IMPULSIVE,85,30,85,NORMAL,NONE,60,30,70,EXTREME,88,40,60,1.12,False,40,0.6807320793085917,42.032000000000004,RANGING,90,False,NONE,0.859575,0.860928,0.860692,FAR,30,50,85,50,NONE,NONE,NONE,False,[],0,0,ACCUMULATION,ACCUMULATION,50,65,True,26,"Smart money accumulation. Bullish bias, look for breakout.",1.0,0.5,False,False,False,False,0.3,0.3,True,False,False,22,True,[],0,NO,ACCUMULATION,"Smart money accumulation. Bullish bias, look for breakout.",EXTREME,LOW,0.082,[],True,Passed basic checks,0,50,50,MEDIUM,5,WAIT,รอการวิเคราะห์จาก AI
2026-06-27 15:25:00,0.860575,0.860685,0.860315,0.860455,1.0,EURGBP-OTC,BEARISH,0.860699,0.860993,0.86112,0.861516,0.861792,0.861705,BEARISH,0.862649,0.859856,0.002794,0.003894,10.98,36.67,-0.000141,-2.8e-05,-0.000113,5.19,11.49,0.000698,84.42,0.77,0.000705,0.000675,22.4,17.89,26.46,19.33,-0.1416,1,1.0,1.0,False,STABLE,-0.000176,1e-06,-5.8e-05,0.859575,0.862855,0.860295,0.860565,0.860955,0.859905,0.859635,25,4.7,0.860636,0.86076,0.860963,0.861226,22.31,34.67,-0.000249,-0.000218,12.23,14.84,0.000301,0.860315,0.861785,0.86178,0.860256,0.860485,0.860655,0.860285,1,1.0,0.860455,0.860685,0.860315,0.860575,LONDON,302882,LOW,0.860455,0.860685,0.860315,0.860575,LONDON,302882,LOW,NONE,BEARISH,BEARISH,WEAK,AT_PIVOT,LOW_WICK,NEUTRAL,CHAOTIC,NONE,TESTING_PIVOT,54,16,-13.333333333333334,50,NEUTRAL,False,70,[],0,0,NEUTRAL,BEARISH,40,False,NONE,0,False,False,False,60,False,0,100,DOWN,NONE,DOWN,0,True,75,82,18,80,True,True,CONTINUATION,70,False,0.0,NONE,False,NONE,False,False,0,False,60,5.125148986888252,1.0101010101012124,60.0,22,POOR,False,75,68,0.08245091308982708,4,39.99999999999999,True,RANDOM,70,48.236083557540155,3.4132355426415755,True,MOMENTUM_SHIFT,False,True,False,65,True,70,DOWN,100,IMPULSIVE,EXTREME,DOWN,100,-0.1416,IMPULSIVE,85,30,85,NORMAL,NONE,65,30,75,EXTREME,88,40,60,0.77,False,40,0.7175141242937854,48.464,RANGING,90,False,NONE,0.859575,0.860565,0.860295,FAR,30,50,85,50,NONE,NONE,NONE,False,[],0,0,ACCUMULATION,ACCUMULATION,50,65,True,26,"Smart money accumulation. Bullish bias, look for breakout.",1.0,0.5,False,False,False,False,0.3,0.3,True,False,False,22,True,[],0,NO,ACCUMULATION,"Smart money accumulation. Bullish bias, look for breakout.",EXTREME,LOW,0.081,[],True,Passed basic checks,0,50,50,MEDIUM,5,WAIT,รอการวิเคราะห์จาก AI
2026-06-27 15:26:00,0.860575,0.860685,0.860315,0.860455,1.0,EURGBP-OTC,BEARISH,0.860699,0.860993,0.86112,0.861516,0.861792,0.861705,BEARISH,0.862649,0.859856,0.002794,0.003894,10.98,36.67,-0.000141,-2.8e-05,-0.000113,5.19,11.49,0.000698,84.42,0.77,0.000705,0.000675,22.4,17.89,26.46,19.33,-0.1416,1,1.0,1.0,False,STABLE,-0.000176,1e-06,-5.8e-05,0.859575,0.862855,0.860295,0.860565,0.860955,0.859905,0.859635,25,4.7,0.860636,0.86076,0.860963,0.861225,22.31,34.67,-0.000249,-0.000218,12.23,14.84,0.000301,0.860315,0.861785,0.86178,0.860256,0.860485,0.860655,0.860285,1,1.0,0.860455,0.860685,0.860315,0.860575,LONDON,363181,LOW,0.860455,0.860685,0.860315,0.860575,LONDON,363181,LOW,NONE,BEARISH,BEARISH,WEAK,AT_PIVOT,LOW_WICK,NEUTRAL,CHAOTIC,NONE,TESTING_PIVOT,54,16,-13.333333333333334,50,NEUTRAL,False,70,[],0,0,NEUTRAL,BEARISH,40,False,NONE,0,False,False,False,60,False,0,100,DOWN,NONE,DOWN,0,True,75,82,18,80,True,True,CONTINUATION,70,False,0.0,NONE,False,NONE,False,False,0,False,60,5.125148986888252,1.0101010101012124,60.0,22,POOR,False,75,68,0.08245091308982708,4,39.99999999999999,True,RANDOM,70,48.236083557540155,3.4132355426415755,True,MOMENTUM_SHIFT,False,True,False,65,True,70,DOWN,100,IMPULSIVE,EXTREME,DOWN,100,-0.1416,IMPULSIVE,85,30,85,NORMAL,NONE,65,30,75,EXTREME,88,40,60,0.77,False,40,0.7175141242937854,48.464,RANGING,90,False,NONE,0.859575,0.860565,0.860295,FAR,30,50,85,50,NONE,NONE,NONE,False,[],0,0,ACCUMULATION,ACCUMULATION,50,65,True,26,"Smart money accumulation. Bullish bias, look for breakout.",1.0,0.5,False,False,False,False,0.3,0.3,True,False,False,22,True,[],0,NO,ACCUMULATION,"Smart money accumulation. Bullish bias, look for breakout.",EXTREME,LOW,0.081,[],True,Passed basic checks,0,50,50,MEDIUM,5,WAIT,รอการวิเคราะห์จาก AI
2026-06-27 15:27:00,0.860575,0.860685,0.860315,0.860455,1.0,EURGBP-OTC,BEARISH,0.860699,0.860993,0.86112,0.861516,0.861792,0.861705,BEARISH,0.862649,0.859856,0.002794,0.003894,10.98,36.67,-0.000141,-2.8e-05,-0.000113,5.19,11.49,0.000698,84.42,0.77,0.000705,0.000675,22.4,17.89,26.46,19.33,-0.1416,1,1.0,1.0,False,STABLE,-0.000176,1e-06,-5.8e-05,0.859575,0.862855,0.860295,0.860565,0.860955,0.859905,0.859635,25,4.7,0.860636,0.86076,0.860963,0.861225,22.31,34.67,-0.000249,-0.000218,12.23,14.84,0.000301,0.860315,0.861785,0.86178,0.860256,0.860485,0.860655,0.860285,1,1.0,0.860455,0.860685,0.860315,0.860575,LONDON,422498,LOW,0.860455,0.860685,0.860315,0.860575,LONDON,422498,LOW,NONE,BEARISH,BEARISH,WEAK,AT_PIVOT,LOW_WICK,NEUTRAL,CHAOTIC,NONE,TESTING_PIVOT,54,16,-13.333333333333334,50,NEUTRAL,False,70,[],0,0,NEUTRAL,BEARISH,40,False,NONE,0,False,False,False,60,False,0,100,DOWN,NONE,DOWN,0,True,75,82,18,80,True,True,CONTINUATION,70,False,0.0,NONE,False,NONE,False,False,0,False,60,5.125148986888252,1.0101010101012124,60.0,22,POOR,False,75,68,0.08245091308982708,4,39.99999999999999,True,RANDOM,70,48.236083557540155,3.4132355426415755,True,MOMENTUM_SHIFT,False,True,False,65,True,70,DOWN,100,IMPULSIVE,EXTREME,DOWN,100,-0.1416,IMPULSIVE,85,30,85,NORMAL,NONE,65,30,75,EXTREME,88,40,60,0.77,False,40,0.7175141242937854,48.464,RANGING,90,False,NONE,0.859575,0.860565,0.860295,FAR,30,50,85,50,NONE,NONE,NONE,False,[],0,0,ACCUMULATION,ACCUMULATION,50,65,True,26,"Smart money accumulation. Bullish bias, look for breakout.",1.0,0.5,False,False,False,False,0.3,0.3,True,False,False,22,True,[],0,NO,ACCUMULATION,"Smart money accumulation. Bullish bias, look for breakout.",EXTREME,LOW,0.081,[],True,Passed basic checks,0,50,50,MEDIUM,5,WAIT,รอการวิเคราะห์จาก AI
2026-06-27 16:49:00,0.860195,0.860215,0.859845,0.860015,1.0,EURGBP-OTC,BEARISH,0.860093,0.860183,0.860337,0.860853,0.861311,0.861317,BEARISH,0.86088,0.859488,0.001392,0.003709,34.84,50.16,-0.000226,-0.00024,1.4e-05,49.02,60.07,0.000587,20.1,-0.99,0.000586,0.000659,20.15,14.6,26.45,28.88,-0.0326,1,1.0,1.0,False,STABLE,-1.4e-05,-8e-06,0.0,0.859345,0.861685,0.859788,0.860092,0.860518,0.859362,0.859058,20,3.99,0.860166,0.860252,0.860293,0.8603,20.57,49.79,-2.7e-05,2e-05,22.71,26.14,0.000301,0.859765,0.860875,0.860797,0.859737,0.860025,0.860205,0.859835,1,1.0,0.860015,0.860215,0.859845,0.860195,LONDON,543268,LOW,0.860015,0.860215,0.859845,0.860195,LONDON,543268,LOW,NONE,BEARISH,BEARISH,WEAK,AT_PIVOT,HIGH_WICK,NEUTRAL,NOISY,NONE,TESTING_PIVOT,46,26,-13.333333333333334,50,NEUTRAL,False,70,[],0,0,NEUTRAL,BEARISH,40,False,NONE,0,False,False,False,60,False,0,100,DOWN,NONE,NONE,0,True,75,55,45,80,False,True,NEUTRAL,70,False,0.0,NONE,False,NONE,False,False,0,False,60,38.66666666666638,9.06882591093111,60.0,35,POOR,False,75,84,0.01635850772354651,6,80.0,True,RANDOM,70,48.833773484833834,2.369614718704689,False,NONE,False,False,False,100,True,70,DOWN,40,CHOPPY,LOW,DOWN,40,-0.0326,CHOPPY,55,30,50,NORMAL,BULLISH,60,30,70,LOW,58,55,45,-0.99,False,65,0.37530331625775143,99.92,RANGING,90,False,NONE,0.859345,0.860092,0.859788,FAR,30,50,85,50,NONE,NONE,NONE,False,[],0,0,ACCUMULATION,ACCUMULATION,50,56,False,11,"Smart money accumulation. Bullish bias, look for breakout.",1.0,0.8,False,False,False,False,0.3,0.3,True,False,False,18,True,[],0,NO,ACCUMULATION,"Smart money accumulation. Bullish bias, look for breakout.",LOW,LOW,0.068,[],False,Passed basic checks,0,50,50,MEDIUM,5,WAIT,รอการวิเคราะห์จาก AI
2026-06-27 16:50:00,0.859645,0.859645,0.859385,0.859535,1.0,EURGBP-OTC,BEARISH,0.859527,0.859858,0.860152,0.860756,0.861237,0.861175,BEARISH,0.861075,0.859054,0.002022,0.003708,20.99,33.72,-0.000354,-0.000263,-9.1e-05,26.24,47.87,0.000641,55.28,0.08,0.000591,0.000648,22.06,12.57,34.73,46.83,-0.2104,1,1.0,1.0,False,STABLE,-0.000133,-2.4e-05,-6e-06,0.858355,0.861145,0.858798,0.859242,0.860088,0.857952,0.857508,20,4.35,0.859678,0.859853,0.860033,0.86018,17.53,30.52,-0.00018,-8.7e-05,8.87,7.1,0.000303,0.859385,0.860875,0.860946,0.85941,0.859522,0.859658,0.859398,1,1.0,0.859535,0.859645,0.859385,0.859645,LONDON,302772,LOW,0.859535,0.859645,0.859385,0.859645,LONDON,302772,LOW,NONE,BEARISH,BEARISH,WEAK,NONE,HIGH_WICK,NEUTRAL,NORMAL,NONE,NONE,46,26,-20.0,50,NEUTRAL,False,70,[],0,0,NEUTRAL,BEARISH,40,False,NONE,0,False,False,False,60,False,0,100,DOWN,NONE,NONE,0,True,75,55,45,80,False,True,NEUTRAL,70,False,0.0,NONE,False,NONE,False,False,0,False,60,42.60249554367204,18.333333333333364,60.0,40,FAIR,False,75,84,0.08838253214974391,6,80.0,True,RANDOM,70,57.7502323539962,3.0642346958640787,True,MOMENTUM_SHIFT,False,True,True,35,False,70,DOWN,100,IMPULSIVE,HIGH,DOWN,100,-0.2104,IMPULSIVE,90,30,95,NORMAL,NONE,65,30,75,HIGH,73,55,45,0.08,False,80,0.5453074433656958,71.776,RANGING,90,False,NONE,0.857952,0.859242,0.858798,FAR,30,50,85,50,NONE,NONE,NONE,False,[],0,0,BREAKOUT_EMERGING,BREAKOUT_EMERGING,52,70,True,28,"Volatility expansion after compression. Potential breakout opportunity. (breakout prob: 30%, reversal prob: 50%)",1.0,0.5,False,False,False,False,0.3,0.3,True,False,False,18,True,[],0,NO,BREAKOUT_EMERGING,"Volatility expansion after compression. Potential breakout opportunity. (breakout prob: 30%, reversal prob: 50%)",HIGH,LOW,0.075,[],True,Passed basic checks,0,50,50,MEDIUM,5,WAIT,รอการวิเคราะห์จาก AI
2026-06-27 16:51:00,0.859645,0.859645,0.859385,0.859535,1.0,EURGBP-OTC,BEARISH,0.859527,0.859858,0.860152,0.860756,0.861237,0.861175,BEARISH,0.861075,0.859054,0.002022,0.003708,20.99,33.72,-0.000354,-0.000263,-9.1e-05,26.24,47.87,0.000641,55.28,0.08,0.000591,0.000648,22.06,12.57,34.73,46.83,-0.2104,1,1.0,1.0,False,STABLE,-0.000133,-2.4e-05,-6e-06,0.858355,0.861145,0.858798,0.859242,0.860088,0.857952,0.857508,20,4.35,0.859678,0.859853,0.860033,0.86018,17.53,30.52,-0.00018,-8.7e-05,8.87,7.1,0.000303,0.859385,0.860875,0.860946,0.85941,0.859522,0.859658,0.859398,1,1.0,0.859535,0.859645,0.859385,0.859645,LONDON,363067,LOW,0.859535,0.859645,0.859385,0.859645,LONDON,363067,LOW,NONE,BEARISH,BEARISH,WEAK,NONE,HIGH_WICK,NEUTRAL,NORMAL,NONE,NONE,46,26,-20.0,50,NEUTRAL,False,70,[],0,0,NEUTRAL,BEARISH,40,False,NONE,0,False,False,False,60,False,0,100,DOWN,NONE,NONE,0,True,75,55,45,80,False,True,NEUTRAL,70,False,0.0,NONE,False,NONE,False,False,0,False,60,42.60249554367204,18.333333333333364,60.0,40,FAIR,False,75,84,0.08838253214974391,6,80.0,True,RANDOM,70,57.7502323539962,3.0642346958640787,True,MOMENTUM_SHIFT,False,True,True,35,False,70,DOWN,100,IMPULSIVE,HIGH,DOWN,100,-0.2104,IMPULSIVE,90,30,95,NORMAL,NONE,65,30,75,HIGH,73,55,45,0.08,False,80,0.5453074433656958,71.776,RANGING,90,False,NONE,0.857952,0.859242,0.858798,FAR,30,50,85,50,NONE,NONE,NONE,False,[],0,0,BREAKOUT_EMERGING,BREAKOUT_EMERGING,52,70,True,28,"Volatility expansion after compression. Potential breakout opportunity. (breakout prob: 30%, reversal prob: 50%)",1.0,0.5,False,False,False,False,0.3,0.3,True,False,False,18,True,[],0,NO,BREAKOUT_EMERGING,"Volatility expansion after compression. Potential breakout opportunity. (breakout prob: 30%, reversal prob: 50%)",HIGH,LOW,0.075,[],True,Passed basic checks,0,50,50,MEDIUM,5,WAIT,รอการวิเคราะห์จาก AI
2026-06-27 16:52:00,0.859645,0.859645,0.859385,0.859535,1.0,EURGBP-OTC,BEARISH,0.859527,0.859858,0.860152,0.860756,0.861237,0.861175,BEARISH,0.861075,0.859054,0.002022,0.003708,20.99,33.72,-0.000354,-0.000263,-9.1e-05,26.24,47.87,0.000641,55.28,0.08,0.000591,0.000648,22.06,12.57,34.73,46.83,-0.2104,1,1.0,1.0,False,STABLE,-0.000133,-2.4e-05,-6e-06,0.858355,0.861145,0.858798,0.859242,0.860088,0.857952,0.857508,20,4.35,0.859678,0.859853,0.860033,0.86018,17.53,30.52,-0.00018,-8.7e-05,8.87,7.1,0.000303,0.859385,0.860875,0.860946,0.85941,0.859522,0.859658,0.859398,1,1.0,0.859535,0.859645,0.859385,0.859645,LONDON,423438,LOW,0.859535,0.859645,0.859385,0.859645,LONDON,423438,LOW,NONE,BEARISH,BEARISH,WEAK,NONE,HIGH_WICK,NEUTRAL,NORMAL,NONE,NONE,46,26,-20.0,50,NEUTRAL,False,70,[],0,0,NEUTRAL,BEARISH,40,False,NONE,0,False,False,False,60,False,0,100,DOWN,NONE,NONE,0,True,75,55,45,80,False,True,NEUTRAL,70,False,0.0,NONE,False,NONE,False,False,0,False,60,42.60249554367204,18.333333333333364,60.0,40,FAIR,False,75,84,0.08838253214974391,6,80.0,True,RANDOM,70,57.7502323539962,3.0642346958640787,True,MOMENTUM_SHIFT,False,True,True,35,False,70,DOWN,100,IMPULSIVE,HIGH,DOWN,100,-0.2104,IMPULSIVE,90,30,95,NORMAL,NONE,65,30,75,HIGH,73,55,45,0.08,False,80,0.5453074433656958,71.776,RANGING,90,False,NONE,0.857952,0.859242,0.858798,FAR,30,50,85,50,NONE,NONE,NONE,False,[],0,0,ACCUMULATION,ACCUMULATION,52,65,True,28,"Smart money accumulation. Bullish bias, look for breakout.",1.0,0.5,False,False,False,False,0.3,0.3,True,False,False,18,True,[],0,NO,ACCUMULATION,"Smart money accumulation. Bullish bias, look for breakout.",HIGH,LOW,0.075,[],True,Passed basic checks,0,50,50,MEDIUM,5,WAIT,รอการวิเคราะห์จาก AI
2026-06-27 16:53:00,0.859645,0.859645,0.859385,0.859535,1.0,EURGBP-OTC,BEARISH,0.859527,0.859858,0.860152,0.860756,0.861237,0.861175,BEARISH,0.861075,0.859054,0.002022,0.003708,20.99,33.72,-0.000354,-0.000263,-9.1e-05,26.24,47.87,0.000641,55.28,0.08,0.000591,0.000648,22.06,12.57,34.73,46.83,-0.2104,1,1.0,1.0,False,STABLE,-0.000133,-2.4e-05,-6e-06,0.858355,0.861145,0.858798,0.859242,0.860088,0.857952,0.857508,20,4.35,0.859678,0.859853,0.860033,0.86018,17.53,30.52,-0.00018,-8.7e-05,8.87,7.1,0.000303,0.859385,0.860875,0.860946,0.85941,0.859522,0.859658,0.859398,1,1.0,0.859535,0.859645,0.859385,0.859645,LONDON,482692,LOW,0.859535,0.859645,0.859385,0.859645,LONDON,482692,LOW,NONE,BEARISH,BEARISH,WEAK,NONE,HIGH_WICK,NEUTRAL,NORMAL,NONE,NONE,46,26,-20.0,50,NEUTRAL,False,70,[],0,0,NEUTRAL,BEARISH,40,False,NONE,0,False,False,False,60,False,0,100,DOWN,NONE,NONE,0,True,75,55,45,80,False,True,NEUTRAL,70,False,0.0,NONE,False,NONE,False,False,0,False,60,42.60249554367204,18.333333333333364,60.0,40,FAIR,False,75,84,0.08838253214974391,6,80.0,True,RANDOM,70,57.7502323539962,3.0642346958640787,True,MOMENTUM_SHIFT,False,True,True,35,False,70,DOWN,100,IMPULSIVE,HIGH,DOWN,100,-0.2104,IMPULSIVE,90,30,95,NORMAL,NONE,65,30,75,HIGH,73,55,45,0.08,False,80,0.5453074433656958,71.776,RANGING,90,False,NONE,0.857952,0.859242,0.858798,FAR,30,50,85,50,NONE,NONE,NONE,False,[],0,0,BREAKOUT_EMERGING,BREAKOUT_EMERGING,52,70,True,28,"Volatility expansion after compression. Potential breakout opportunity. (breakout prob: 30%, reversal prob: 50%)",1.0,0.5,False,False,False,False,0.3,0.3,True,False,False,18,True,[],0,NO,BREAKOUT_EMERGING,"Volatility expansion after compression. Potential breakout opportunity. (breakout prob: 30%, reversal prob: 50%)",HIGH,LOW,0.075,[],True,Passed basic checks,0,50,50,MEDIUM,5,WAIT,รอการวิเคราะห์จาก AI
2026-06-27 16:58:00,0.858395,0.858405,0.858205,0.858335,1.0,EURGBP-OTC,BEARISH,0.858996,0.859509,0.859941,0.860645,0.86117,0.861129,BEARISH,0.861271,0.858581,0.00269,0.003713,13.39,26.49,-0.000487,-0.000308,-0.000179,9.62,28.29,0.000658,65.83,0.49,0.000597,0.000637,24.32,11.68,38.82,53.74,-0.279,1,1.0,1.0,False,STABLE,-0.000241,-4.4e-05,-1.2e-05,0.857735,0.861035,0.858025,0.858315,0.858695,0.857645,0.857355,20,5.02,0.858725,0.859109,0.859521,0.859924,8.9,11.74,-0.000436,-0.000259,2.56,2.76,0.000318,0.858205,0.860875,0.861228,0.858342,0.858315,0.858425,0.858225,1,1.0,0.858335,0.858405,0.858205,0.858395,LONDON,482711,LOW,0.858335,0.858405,0.858205,0.858395,LONDON,482711,LOW,NONE,BEARISH,BEARISH,WEAK,AT_PIVOT,HIGH_WICK,NEUTRAL,NORMAL,NONE,TESTING_PIVOT,46,26,-20.0,50,NEUTRAL,False,70,[],0,0,NEUTRAL,BEARISH,40,False,NONE,0,False,False,False,60,False,0,100,DOWN,NONE,NONE,0,True,75,70,30,80,False,True,CONTINUATION,70,True,85.0,BEARISH,False,NONE,False,False,0,False,60,46.243739565943685,20.833333333333552,60.0,42,FAIR,False,75,84,0.13326699469566042,6,80.0,True,RANDOM,70,59.678411351178276,3.499047015538528,True,MOMENTUM_SHIFT,False,True,True,35,False,70,DOWN,100,IMPULSIVE,HIGH,DOWN,100,-0.279,IMPULSIVE,90,30,95,NORMAL,NONE,70,30,80,HIGH,73,55,45,0.49,False,80,0.7244815513062214,63.336,RANGING,90,False,NONE,0.857645,0.858315,0.858025,FAR,30,50,85,50,NONE,NONE,NONE,False,[],0,0,BREAKOUT_EMERGING,BREAKOUT_EMERGING,50,70,True,29,"Volatility expansion after compression. Potential breakout opportunity. (breakout prob: 30%, reversal prob: 50%)",1.0,0.5,False,False,False,False,0.3,0.3,True,False,False,22,True,[],0,NO,BREAKOUT_EMERGING,"Volatility expansion after compression. Potential breakout opportunity. (breakout prob: 30%, reversal prob: 50%)",HIGH,LOW,0.077,[],True,Passed basic checks,0,50,50,MEDIUM,5,WAIT,รอการวิเคราะห์จาก AI
2026-06-27 20:30:00,0.859565,0.859625,0.859255,0.859255,1.0,EURGBP-OTC,BULLISH,0.859896,0.859897,0.859607,0.859391,0.859849,0.860248,BULLISH,0.861222,0.857755,0.003466,0.003862,37.89,61.46,0.00037,0.000388,-1.8e-05,57.34,67.2,0.000613,37.19,-0.53,0.00066,0.000633,19.03,19.07,21.54,6.09,0.0314,1,1.0,1.0,False,STABLE,-3.7e-05,0.000116,3.4e-05,0.857785,0.860855,0.859602,0.859948,0.860142,0.859408,0.859062,20,5.01,0.859475,0.859659,0.859888,0.859902,23.75,16.5,-0.000225,-0.00012,11.03,12.34,0.00028,0.859255,0.860665,0.860949,0.859137,0.859378,0.859502,0.859132,1,1.0,0.859255,0.859625,0.859255,0.859565,LONDON,304157,LOW,0.859255,0.859625,0.859255,0.859565,LONDON,304157,LOW,NONE,BULLISH,BULLISH,WEAK,NONE,LOW_WICK,NEUTRAL,NOISY,NONE,NONE,48,23,13.333333333333334,50,NEUTRAL,False,70,[],0,0,NEUTRAL,BULLISH,40,False,NONE,0,False,False,False,60,False,0,100,UP,NONE,NONE,0,True,75,55,45,80,False,True,NEUTRAL,70,False,0.0,NONE,True,BEARISH,True,True,90,True,70,24.68265162200425,11.247130833971628,60.0,31,POOR,False,75,84,0.04232288895089041,5,80.0,True,RANDOM,70,41.954178655580904,8.767122592337081,True,MOMENTUM_SHIFT,False,True,False,65,True,70,NONE,60,CHOPPY,NORMAL,NONE,60,0.0314,CHOPPY,20,50,30,WEAK,BEARISH,55,30,65,NORMAL,58,40,60,-0.53,False,80,0.8974624546866908,76.50175453133093,RANGING,90,False,NONE,0.857785,0.859948,0.859602,FAR,30,50,85,50,NONE,NONE,NONE,False,[],0,0,SIDEWAY_RANGE,SIDEWAY_RANGE,51,51,False,11,Price ranging between clear levels. Suitable for mean-reversion strategies.,1.0,0.8,False,False,False,False,0.3,0.3,True,False,False,18,True,[],0,NO,SIDEWAY_RANGE,Price ranging between clear levels. Suitable for mean-reversion strategies.,NORMAL,LOW,0.071,[],False,Passed basic checks,0,50,50,MEDIUM,5,WAIT,รอการวิเคราะห์จาก AI
2026-06-27 20:31:00,0.859565,0.859625,0.859255,0.859255,1.0,EURGBP-OTC,BULLISH,0.859896,0.859897,0.859607,0.859391,0.859849,0.860248,BULLISH,0.861222,0.857755,0.003466,0.003862,37.89,61.46,0.00037,0.000388,-1.8e-05,57.34,67.2,0.000613,37.19,-0.53,0.00066,0.000633,19.03,19.07,21.54,6.09,0.0314,1,1.0,1.0,False,STABLE,-3.7e-05,0.000116,3.4e-05,0.857785,0.860855,0.859602,0.859948,0.860142,0.859408,0.859062,20,5.01,0.859475,0.859659,0.859888,0.859902,23.75,16.5,-0.000225,-0.00012,11.03,12.34,0.00028,0.859255,0.860665,0.860949,0.859137,0.859378,0.859502,0.859132,1,1.0,0.859255,0.859625,0.859255,0.859565,LONDON,362632,LOW,0.859255,0.859625,0.859255,0.859565,LONDON,362632,LOW,NONE,BULLISH,BULLISH,WEAK,NONE,LOW_WICK,NEUTRAL,NOISY,NONE,NONE,48,23,13.333333333333334,50,NEUTRAL,False,70,[],0,0,NEUTRAL,BULLISH,40,False,NONE,0,False,False,False,60,False,0,100,UP,NONE,NONE,0,True,75,55,45,80,False,True,NEUTRAL,70,False,0.0,NONE,True,BEARISH,True,True,90,True,70,24.68265162200425,11.247130833971628,60.0,31,POOR,False,75,84,0.04232288895089041,5,80.0,True,RANDOM,70,41.954178655580904,8.767122592337081,True,MOMENTUM_SHIFT,False,True,False,65,True,70,NONE,60,CHOPPY,NORMAL,NONE,60,0.0314,CHOPPY,20,50,30,WEAK,BEARISH,55,30,65,NORMAL,58,40,60,-0.53,False,80,0.8974624546866908,76.50175453133093,RANGING,90,False,NONE,0.857785,0.859948,0.859602,FAR,30,50,85,50,NONE,NONE,NONE,False,[],0,0,SIDEWAY_RANGE,SIDEWAY_RANGE,51,51,False,11,Price ranging between clear levels. Suitable for mean-reversion strategies.,1.0,0.8,False,False,False,False,0.3,0.3,True,False,False,18,True,[],0,NO,SIDEWAY_RANGE,Price ranging between clear levels. Suitable for mean-reversion strategies.,NORMAL,LOW,0.071,[],False,Passed basic checks,0,50,50,MEDIUM,5,WAIT,รอการวิเคราะห์จาก AI
2026-06-27 20:32:00,0.859565,0.859625,0.859255,0.859255,1.0,EURGBP-OTC,BULLISH,0.859896,0.859897,0.859607,0.859391,0.859849,0.860248,BULLISH,0.861222,0.857755,0.003466,0.003862,37.89,61.46,0.00037,0.000388,-1.8e-05,57.34,67.2,0.000613,37.19,-0.53,0.00066,0.000633,19.03,19.07,21.54,6.09,0.0314,1,1.0,1.0,False,STABLE,-3.7e-05,0.000116,3.4e-05,0.857785,0.860855,0.859602,0.859948,0.860142,0.859408,0.859062,20,5.01,0.859475,0.859659,0.859888,0.859902,23.75,16.5,-0.000225,-0.00012,11.03,12.34,0.00028,0.859255,0.860665,0.860949,0.859137,0.859378,0.859502,0.859132,1,1.0,0.859255,0.859625,0.859255,0.859565,LONDON,422984,LOW,0.859255,0.859625,0.859255,0.859565,LONDON,422984,LOW,NONE,BULLISH,BULLISH,WEAK,NONE,LOW_WICK,NEUTRAL,NOISY,NONE,NONE,48,23,13.333333333333334,50,NEUTRAL,False,70,[],0,0,NEUTRAL,BULLISH,40,False,NONE,0,False,False,False,60,False,0,100,UP,NONE,NONE,0,True,75,55,45,80,False,True,NEUTRAL,70,False,0.0,NONE,True,BEARISH,True,True,90,True,70,24.68265162200425,11.247130833971628,60.0,31,POOR,False,75,84,0.04232288895089041,5,80.0,True,RANDOM,70,41.954178655580904,8.767122592337081,True,MOMENTUM_SHIFT,False,True,False,65,True,70,NONE,60,CHOPPY,NORMAL,NONE,60,0.0314,CHOPPY,20,50,30,WEAK,BEARISH,55,30,65,NORMAL,58,40,60,-0.53,False,80,0.8974624546866908,76.50175453133093,RANGING,90,False,NONE,0.857785,0.859948,0.859602,FAR,30,50,85,50,NONE,NONE,NONE,False,[],0,0,SIDEWAY_RANGE,SIDEWAY_RANGE,51,51,False,11,Price ranging between clear levels. Suitable for mean-reversion strategies.,1.0,0.8,False,False,False,False,0.3,0.3,True,False,False,18,True,[],0,NO,SIDEWAY_RANGE,Price ranging between clear levels. Suitable for mean-reversion strategies.,NORMAL,LOW,0.071,[],False,Passed basic checks,0,50,50,MEDIUM,5,WAIT,รอการวิเคราะห์จาก AI
2026-06-27 20:33:00,0.859565,0.859625,0.859255,0.859255,1.0,EURGBP-OTC,BULLISH,0.859896,0.859897,0.859607,0.859391,0.859849,0.860248,BULLISH,0.861222,0.857755,0.003466,0.003862,37.89,61.46,0.00037,0.000388,-1.8e-05,57.34,67.2,0.000613,37.19,-0.53,0.00066,0.000633,19.03,19.07,21.54,6.09,0.0314,1,1.0,1.0,False,STABLE,-3.7e-05,0.000116,3.4e-05,0.857785,0.860855,0.859602,0.859948,0.860142,0.859408,0.859062,20,5.01,0.859475,0.859659,0.859888,0.859902,23.75,16.5,-0.000225,-0.00012,11.03,12.34,0.00028,0.859255,0.860665,0.860949,0.859137,0.859378,0.859502,0.859132,1,1.0,0.859255,0.859625,0.859255,0.859565,LONDON,483365,LOW,0.859255,0.859625,0.859255,0.859565,LONDON,483365,LOW,NONE,BULLISH,BULLISH,WEAK,NONE,LOW_WICK,NEUTRAL,NOISY,NONE,NONE,48,23,13.333333333333334,50,NEUTRAL,False,70,[],0,0,NEUTRAL,BULLISH,40,False,NONE,0,False,False,False,60,False,0,100,UP,NONE,NONE,0,True,75,55,45,80,False,True,NEUTRAL,70,False,0.0,NONE,True,BEARISH,True,True,90,True,70,24.68265162200425,11.247130833971628,60.0,31,POOR,False,75,84,0.04232288895089041,5,80.0,True,RANDOM,70,41.954178655580904,8.767122592337081,True,MOMENTUM_SHIFT,False,True,False,65,True,70,NONE,60,CHOPPY,NORMAL,NONE,60,0.0314,CHOPPY,20,50,30,WEAK,BEARISH,55,30,65,NORMAL,58,40,60,-0.53,False,80,0.8974624546866908,76.50175453133093,RANGING,90,False,NONE,0.857785,0.859948,0.859602,FAR,30,50,85,50,NONE,NONE,NONE,False,[],0,0,ACCUMULATION,ACCUMULATION,51,56,False,11,"Smart money accumulation. Bullish bias, look for breakout.",1.0,0.8,False,False,False,False,0.3,0.3,True,False,False,18,True,[],0,NO,ACCUMULATION,"Smart money accumulation. Bullish bias, look for breakout.",NORMAL,LOW,0.071,[],False,Passed basic checks,0,50,50,MEDIUM,5,WAIT,รอการวิเคราะห์จาก AI
2026-06-27 20:34:00,0.859565,0.859625,0.859255,0.859255,1.0,EURGBP-OTC,BULLISH,0.859896,0.859897,0.859607,0.859391,0.859849,0.860248,BULLISH,0.861222,0.857755,0.003466,0.003862,37.89,61.46,0.00037,0.000388,-1.8e-05,57.34,67.2,0.000613,37.19,-0.53,0.00066,0.000633,19.03,19.07,21.54,6.09,0.0314,1,1.0,1.0,False,STABLE,-3.7e-05,0.000116,3.4e-05,0.857785,0.860855,0.859602,0.859948,0.860142,0.859408,0.859062,20,5.01,0.859475,0.859659,0.859888,0.859902,23.75,16.5,-0.000225,-0.00012,11.03,12.34,0.00028,0.859255,0.860665,0.860949,0.859137,0.859378,0.859502,0.859132,1,1.0,0.859255,0.859625,0.859255,0.859565,LONDON,542791,LOW,0.859255,0.859625,0.859255,0.859565,LONDON,542791,LOW,NONE,BULLISH,BULLISH,WEAK,NONE,LOW_WICK,NEUTRAL,NOISY,NONE,NONE,48,23,13.333333333333334,50,NEUTRAL,False,70,[],0,0,NEUTRAL,BULLISH,40,False,NONE,0,False,False,False,60,False,0,100,UP,NONE,NONE,0,True,75,55,45,80,False,True,NEUTRAL,70,False,0.0,NONE,True,BEARISH,True,True,90,True,70,24.68265162200425,11.247130833971628,60.0,31,POOR,False,75,84,0.04232288895089041,5,80.0,True,RANDOM,70,41.954178655580904,8.767122592337081,True,MOMENTUM_SHIFT,False,True,False,65,True,70,NONE,60,CHOPPY,NORMAL,NONE,60,0.0314,CHOPPY,20,50,30,WEAK,BEARISH,55,30,65,NORMAL,58,40,60,-0.53,False,80,0.8974624546866908,76.50175453133093,RANGING,90,False,NONE,0.857785,0.859948,0.859602,FAR,30,50,85,50,NONE,NONE,NONE,False,[],0,0,SIDEWAY_RANGE,SIDEWAY_RANGE,51,51,False,11,Price ranging between clear levels. Suitable for mean-reversion strategies.,1.0,0.8,False,False,False,False,0.3,0.3,True,False,False,18,True,[],0,NO,SIDEWAY_RANGE,Price ranging between clear levels. Suitable for mean-reversion strategies.,NORMAL,LOW,0.071,[],False,Passed basic checks,0,50,50,MEDIUM,5,WAIT,รอการวิเคราะห์จาก AI
2026-06-27 20:35:00,0.859745,0.859795,0.859635,0.859705,1.0,EURGBP-OTC,BULLISH,0.859789,0.859839,0.859604,0.859398,0.859849,0.860279,BEARISH,0.861191,0.857915,0.003276,0.003855,13.92,57.44,0.000321,0.000375,-5.4e-05,49.52,58.07,0.000609,34.17,-0.54,0.000656,0.000637,18.1,18.16,20.52,6.09,-0.0849,1,1.0,1.0,False,STABLE,-0.000109,9.8e-05,3.9e-05,0.857785,0.860855,0.859585,0.859785,0.859995,0.859375,0.859175,21,5.04,0.859661,0.859676,0.859808,0.859863,57.25,37.14,-0.000162,-0.000161,34.27,31.6,0.000316,0.859255,0.860625,0.860697,0.859037,0.859712,0.859788,0.859628,1,1.0,0.859705,0.859795,0.859635,0.859745,LONDON,303171,LOW,0.859705,0.859795,0.859635,0.859745,LONDON,303171,LOW,NONE,BEARISH,BEARISH,WEAK,AT_PIVOT,LOW_WICK,NEUTRAL,CHAOTIC,NONE,TESTING_PIVOT,49,20,6.666666666666667,50,NEUTRAL,False,70,[],0,0,NEUTRAL,BEARISH,40,False,NONE,0,False,False,False,60,False,0,50,NONE,NONE,NONE,0,False,75,55,45,80,False,True,NEUTRAL,70,False,0.0,NONE,True,BEARISH,True,True,90,True,70,18.45493562231824,10.423197492162654,55.00000000000001,27,POOR,False,75,81,0.07196469785488742,5,60.00000000000001,True,RANDOM,70,41.73349081991104,8.708823349349533,True,MOMENTUM_SHIFT,False,True,False,65,True,70,NONE,100,CHOPPY,NORMAL,NONE,100,-0.0849,CHOPPY,20,50,30,WEAK,NONE,50,30,60,NORMAL,58,40,60,-0.54,False,80,0.8498054474708171,83.6834552529183,RANGING,90,False,NONE,0.857785,0.859785,0.859585,FAR,30,50,85,50,NONE,NONE,NONE,False,[],0,0,SIDEWAY_RANGE,SIDEWAY_RANGE,54,60,True,28,Price ranging between clear levels. Suitable for mean-reversion strategies.,1.0,0.5,False,False,True,True,0.3,0.3,True,False,False,18,True,[],0,NO,SIDEWAY_RANGE,Price ranging between clear levels. Suitable for mean-reversion strategies.,NORMAL,LOW,0.071,[],True,Passed basic checks,0,50,50,MEDIUM,5,WAIT,รอการวิเคราะห์จาก AI
2026-06-27 20:36:00,0.859745,0.859795,0.859635,0.859705,1.0,EURGBP-OTC,BULLISH,0.859789,0.859839,0.859604,0.859398,0.859849,0.860279,BEARISH,0.861191,0.857915,0.003276,0.003855,13.92,57.44,0.000321,0.000375,-5.4e-05,49.52,58.07,0.000609,34.17,-0.54,0.000656,0.000637,18.1,18.16,20.52,6.09,-0.0849,1,1.0,1.0,False,STABLE,-0.000109,9.8e-05,3.9e-05,0.857785,0.860855,0.859585,0.859785,0.859995,0.859375,0.859175,21,5.04,0.859661,0.859676,0.859808,0.859863,57.25,37.14,-0.000162,-0.000161,34.27,31.6,0.000316,0.859255,0.860625,0.860697,0.859037,0.859712,0.859788,0.859628,1,1.0,0.859705,0.859795,0.859635,0.859745,LONDON,362545,LOW,0.859705,0.859795,0.859635,0.859745,LONDON,362545,LOW,NONE,BEARISH,BEARISH,WEAK,AT_PIVOT,LOW_WICK,NEUTRAL,CHAOTIC,NONE,TESTING_PIVOT,49,20,6.666666666666667,50,NEUTRAL,False,70,[],0,0,NEUTRAL,BEARISH,40,False,NONE,0,False,False,False,60,False,0,50,NONE,NONE,NONE,0,False,75,55,45,80,False,True,NEUTRAL,70,False,0.0,NONE,True,BEARISH,True,True,90,True,70,18.45493562231824,10.423197492162654,55.00000000000001,27,POOR,False,75,81,0.07196469785488742,5,60.00000000000001,True,RANDOM,70,41.73349081991104,8.708823349349533,True,MOMENTUM_SHIFT,False,True,False,65,True,70,NONE,100,CHOPPY,NORMAL,NONE,100,-0.0849,CHOPPY,20,50,30,WEAK,NONE,50,30,60,NORMAL,58,40,60,-0.54,False,80,0.8498054474708171,83.6834552529183,RANGING,90,False,NONE,0.857785,0.859785,0.859585,FAR,30,50,85,50,NONE,NONE,NONE,False,[],0,0,SIDEWAY_RANGE,SIDEWAY_RANGE,54,60,True,28,Price ranging between clear levels. Suitable for mean-reversion strategies.,1.0,0.5,False,False,True,True,0.3,0.3,True,False,False,18,True,[],0,NO,SIDEWAY_RANGE,Price ranging between clear levels. Suitable for mean-reversion strategies.,NORMAL,LOW,0.071,[],True,Passed basic checks,0,50,50,MEDIUM,5,WAIT,รอการวิเคราะห์จาก AI
2026-06-27 20:37:00,0.859745,0.859795,0.859635,0.859705,1.0,EURGBP-OTC,BULLISH,0.859789,0.859839,0.859604,0.859398,0.859849,0.860279,BEARISH,0.861191,0.857915,0.003276,0.003855,13.92,57.44,0.000321,0.000375,-5.4e-05,49.52,58.07,0.000609,34.17,-0.54,0.000656,0.000637,18.1,18.16,20.52,6.09,-0.0849,1,1.0,1.0,False,STABLE,-0.000109,9.8e-05,3.9e-05,0.857785,0.860855,0.859585,0.859785,0.859995,0.859375,0.859175,21,5.04,0.859661,0.859676,0.859808,0.859863,57.25,37.14,-0.000162,-0.000161,34.27,31.6,0.000316,0.859255,0.860625,0.860697,0.859037,0.859712,0.859788,0.859628,1,1.0,0.859705,0.859795,0.859635,0.859745,LONDON,428963,LOW,0.859705,0.859795,0.859635,0.859745,LONDON,428963,LOW,NONE,BEARISH,BEARISH,WEAK,AT_PIVOT,LOW_WICK,NEUTRAL,CHAOTIC,NONE,TESTING_PIVOT,49,20,6.666666666666667,50,NEUTRAL,False,70,[],0,0,NEUTRAL,BEARISH,40,False,NONE,0,False,False,False,60,False,0,50,NONE,NONE,NONE,0,False,75,55,45,80,False,True,NEUTRAL,70,False,0.0,NONE,True,BEARISH,True,True,90,True,70,18.45493562231824,10.423197492162654,55.00000000000001,27,POOR,False,75,81,0.07196469785488742,5,60.00000000000001,True,RANDOM,70,41.73349081991104,8.708823349349533,True,MOMENTUM_SHIFT,False,True,False,65,True,70,NONE,100,CHOPPY,NORMAL,NONE,100,-0.0849,CHOPPY,20,50,30,WEAK,NONE,50,30,60,NORMAL,58,40,60,-0.54,False,80,0.8498054474708171,83.6834552529183,RANGING,90,False,NONE,0.857785,0.859785,0.859585,FAR,30,50,85,50,NONE,NONE,NONE,False,[],0,0,SIDEWAY_RANGE,SIDEWAY_RANGE,54,60,True,28,Price ranging between clear levels. Suitable for mean-reversion strategies.,1.0,0.5,False,False,True,True,0.3,0.3,True,False,False,18,True,[],0,NO,SIDEWAY_RANGE,Price ranging between clear levels. Suitable for mean-reversion strategies.,NORMAL,LOW,0.071,[],True,Passed basic checks,0,50,50,MEDIUM,5,WAIT,รอการวิเคราะห์จาก AI
2026-06-27 20:38:00,0.859745,0.859795,0.859635,0.859705,1.0,EURGBP-OTC,BULLISH,0.859789,0.859839,0.859604,0.859398,0.859849,0.860279,BEARISH,0.861191,0.857915,0.003276,0.003855,13.92,57.44,0.000321,0.000375,-5.4e-05,49.52,58.07,0.000609,34.17,-0.54,0.000656,0.000637,18.1,18.16,20.52,6.09,-0.0849,1,1.0,1.0,False,STABLE,-0.000109,9.8e-05,3.9e-05,0.857785,0.860855,0.859585,0.859785,0.859995,0.859375,0.859175,21,5.04,0.859661,0.859676,0.859808,0.859863,57.25,37.14,-0.000162,-0.000161,34.27,31.6,0.000316,0.859255,0.860625,0.860697,0.859037,0.859712,0.859788,0.859628,1,1.0,0.859705,0.859795,0.859635,0.859745,LONDON,483328,LOW,0.859705,0.859795,0.859635,0.859745,LONDON,483328,LOW,NONE,BEARISH,BEARISH,WEAK,AT_PIVOT,LOW_WICK,NEUTRAL,CHAOTIC,NONE,TESTING_PIVOT,49,20,6.666666666666667,50,NEUTRAL,False,70,[],0,0,NEUTRAL,BEARISH,40,False,NONE,0,False,False,False,60,False,0,50,NONE,NONE,NONE,0,False,75,55,45,80,False,True,NEUTRAL,70,False,0.0,NONE,True,BEARISH,True,True,90,True,70,18.45493562231824,10.423197492162654,55.00000000000001,27,POOR,False,75,81,0.07196469785488742,5,60.00000000000001,True,RANDOM,70,41.73349081991104,8.708823349349533,True,MOMENTUM_SHIFT,False,True,False,65,True,70,NONE,100,CHOPPY,NORMAL,NONE,100,-0.0849,CHOPPY,20,50,30,WEAK,NONE,50,30,60,NORMAL,58,40,60,-0.54,False,80,0.8498054474708171,83.6834552529183,RANGING,90,False,NONE,0.857785,0.859785,0.859585,FAR,30,50,85,50,NONE,NONE,NONE,False,[],0,0,SIDEWAY_RANGE,SIDEWAY_RANGE,54,60,True,28,Price ranging between clear levels. Suitable for mean-reversion strategies.,1.0,0.5,False,False,True,True,0.3,0.3,True,False,False,18,True,[],0,NO,SIDEWAY_RANGE,Price ranging between clear levels. Suitable for mean-reversion strategies.,NORMAL,LOW,0.071,[],True,Passed basic checks,0,50,50,MEDIUM,5,WAIT,รอการวิเคราะห์จาก AI
2026-06-27 20:39:00,0.859745,0.859795,0.859635,0.859705,1.0,EURGBP-OTC,BULLISH,0.859789,0.859839,0.859604,0.859398,0.859849,0.860279,BEARISH,0.861191,0.857915,0.003276,0.003855,13.92,57.44,0.000321,0.000375,-5.4e-05,49.52,58.07,0.000609,34.17,-0.54,0.000656,0.000637,18.1,18.16,20.52,6.09,-0.0849,1,1.0,1.0,False,STABLE,-0.000109,9.8e-05,3.9e-05,0.857785,0.860855,0.859585,0.859785,0.859995,0.859375,0.859175,21,5.04,0.859661,0.859676,0.859808,0.859863,57.25,37.14,-0.000162,-0.000161,34.27,31.6,0.000316,0.859255,0.860625,0.860697,0.859037,0.859712,0.859788,0.859628,1,1.0,0.859705,0.859795,0.859635,0.859745,LONDON,542774,LOW,0.859705,0.859795,0.859635,0.859745,LONDON,542774,LOW,NONE,BEARISH,BEARISH,WEAK,AT_PIVOT,LOW_WICK,NEUTRAL,CHAOTIC,NONE,TESTING_PIVOT,49,20,6.666666666666667,50,NEUTRAL,False,70,[],0,0,NEUTRAL,BEARISH,40,False,NONE,0,False,False,False,60,False,0,50,NONE,NONE,NONE,0,False,75,55,45,80,False,True,NEUTRAL,70,False,0.0,NONE,True,BEARISH,True,True,90,True,70,18.45493562231824,10.423197492162654,55.00000000000001,27,POOR,False,75,81,0.07196469785488742,5,60.00000000000001,True,RANDOM,70,41.73349081991104,8.708823349349533,True,MOMENTUM_SHIFT,False,True,False,65,True,70,NONE,100,CHOPPY,NORMAL,NONE,100,-0.0849,CHOPPY,20,50,30,WEAK,NONE,50,30,60,NORMAL,58,40,60,-0.54,False,80,0.8498054474708171,83.6834552529183,RANGING,90,False,NONE,0.857785,0.859785,0.859585,FAR,30,50,85,50,NONE,NONE,NONE,False,[],0,0,SIDEWAY_RANGE,SIDEWAY_RANGE,54,60,True,28,Price ranging between clear levels. Suitable for mean-reversion strategies.,1.0,0.5,False,False,True,True,0.3,0.3,True,False,False,18,True,[],0,NO,SIDEWAY_RANGE,Price ranging between clear levels. Suitable for mean-reversion strategies.,NORMAL,LOW,0.071,[],True,Passed basic checks,0,50,50,MEDIUM,5,WAIT,รอการวิเคราะห์จาก AI
2026-06-27 20:40:00,0.859575,0.859585,0.859235,0.859335,1.0,EURGBP-OTC,BULLISH,0.859568,0.859709,0.859558,0.859387,0.859823,0.860182,BEARISH,0.861131,0.858063,0.003068,0.003841,11.58,48.12,0.000243,0.000349,-0.000105,38.05,48.3,0.000631,45.73,-0.18,0.000655,0.000642,18.51,16.3,26.46,23.76,-0.1267,1,1.0,1.0,False,STABLE,-0.000152,7.1e-05,4.4e-05,0.857985,0.860855,0.859125,0.859585,0.860045,0.858665,0.858205,20,4.55,0.859509,0.859574,0.859699,0.859804,34.29,45.83,-0.000159,-0.000154,43.61,52.04,0.000287,0.859235,0.860555,0.860094,0.859181,0.859385,0.859535,0.859185,1,1.0,0.859335,0.859585,0.859235,0.859575,LONDON,303128,LOW,0.859335,0.859585,0.859235,0.859575,LONDON,303128,LOW,NONE,BEARISH,BEARISH,WEAK,AT_PIVOT,LOW_WICK,NEUTRAL,CHAOTIC,NONE,TESTING_PIVOT,49,20,0.0,50,NEUTRAL,False,70,[],0,0,NEUTRAL,BEARISH,40,False,NONE,0,False,False,False,60,False,0,100,NONE,NONE,DOWN,0,True,75,55,45,80,False,True,NEUTRAL,70,False,0.0,NONE,True,BEARISH,True,True,90,True,70,11.891891891892021,6.192660550458553,55.00000000000001,24,POOR,False,75,81,0.0836393153162542,5,60.00000000000001,True,RANDOM,70,42.77590744647361,8.265036003351229,True,MOMENTUM_SHIFT,False,True,False,65,True,70,NONE,100,CHOPPY,NORMAL,NONE,100,-0.1267,CHOPPY,20,50,30,WEAK,NONE,50,30,60,NORMAL,58,40,60,-0.18,False,80,0.7987503254360844,79.416,RANGING,90,False,NONE,0.857985,0.859585,0.859125,FAR,30,50,85,50,NONE,NONE,NONE,False,[],0,0,SIDEWAY_RANGE,SIDEWAY_RANGE,55,60,True,28,Price ranging between clear levels. Suitable for mean-reversion strategies.,1.0,0.5,False,False,False,False,0.3,0.3,True,False,False,18,True,[],0,NO,SIDEWAY_RANGE,Price ranging between clear levels. Suitable for mean-reversion strategies.,NORMAL,LOW,0.073,[],True,Passed basic checks,0,50,50,MEDIUM,5,WAIT,รอการวิเคราะห์จาก AI
2026-06-27 20:41:00,0.859575,0.859585,0.859235,0.859335,1.0,EURGBP-OTC,BULLISH,0.859568,0.859709,0.859558,0.859387,0.859823,0.860182,BEARISH,0.861131,0.858063,0.003068,0.003841,11.58,48.12,0.000243,0.000349,-0.000105,38.05,48.3,0.000631,45.73,-0.18,0.000655,0.000642,18.51,16.3,26.46,23.76,-0.1267,1,1.0,1.0,False,STABLE,-0.000152,7.1e-05,4.4e-05,0.857985,0.860855,0.859125,0.859585,0.860045,0.858665,0.858205,20,4.55,0.859509,0.859574,0.859699,0.859804,34.29,45.83,-0.000159,-0.000154,43.61,52.04,0.000287,0.859235,0.860555,0.860094,0.859181,0.859385,0.859535,0.859185,1,1.0,0.859335,0.859585,0.859235,0.859575,LONDON,362542,LOW,0.859335,0.859585,0.859235,0.859575,LONDON,362542,LOW,NONE,BEARISH,BEARISH,WEAK,AT_PIVOT,LOW_WICK,NEUTRAL,CHAOTIC,NONE,TESTING_PIVOT,49,20,0.0,50,NEUTRAL,False,70,[],0,0,NEUTRAL,BEARISH,40,False,NONE,0,False,False,False,60,False,0,100,NONE,NONE,DOWN,0,True,75,55,45,80,False,True,NEUTRAL,70,False,0.0,NONE,True,BEARISH,True,True,90,True,70,11.891891891892021,6.192660550458553,55.00000000000001,24,POOR,False,75,81,0.0836393153162542,5,60.00000000000001,True,RANDOM,70,42.77590744647361,8.265036003351229,True,MOMENTUM_SHIFT,False,True,False,65,True,70,NONE,100,CHOPPY,NORMAL,NONE,100,-0.1267,CHOPPY,20,50,30,WEAK,NONE,50,30,60,NORMAL,58,40,60,-0.18,False,80,0.7987503254360844,79.416,RANGING,90,False,NONE,0.857985,0.859585,0.859125,FAR,30,50,85,50,NONE,NONE,NONE,False,[],0,0,ACCUMULATION,ACCUMULATION,55,65,True,28,"Smart money accumulation. Bullish bias, look for breakout.",1.0,0.5,False,False,False,False,0.3,0.3,True,False,False,18,True,[],0,NO,ACCUMULATION,"Smart money accumulation. Bullish bias, look for breakout.",NORMAL,LOW,0.073,[],True,Passed basic checks,0,50,50,MEDIUM,5,WAIT,รอการวิเคราะห์จาก AI
2026-06-27 20:42:00,0.859575,0.859585,0.859235,0.859335,1.0,EURGBP-OTC,BULLISH,0.859568,0.859709,0.859558,0.859387,0.859823,0.860182,BEARISH,0.861131,0.858063,0.003068,0.003841,11.58,48.12,0.000243,0.000349,-0.000105,38.05,48.3,0.000631,45.73,-0.18,0.000655,0.000642,18.51,16.3,26.46,23.76,-0.1267,1,1.0,1.0,False,STABLE,-0.000152,7.1e-05,4.4e-05,0.857985,0.860855,0.859125,0.859585,0.860045,0.858665,0.858205,20,4.55,0.859509,0.859574,0.859699,0.859804,34.29,45.83,-0.000159,-0.000154,43.61,52.04,0.000287,0.859235,0.860555,0.860094,0.859181,0.859385,0.859535,0.859185,1,1.0,0.859335,0.859585,0.859235,0.859575,LONDON,422929,LOW,0.859335,0.859585,0.859235,0.859575,LONDON,422929,LOW,NONE,BEARISH,BEARISH,WEAK,AT_PIVOT,LOW_WICK,NEUTRAL,CHAOTIC,NONE,TESTING_PIVOT,49,20,0.0,50,NEUTRAL,False,70,[],0,0,NEUTRAL,BEARISH,40,False,NONE,0,False,False,False,60,False,0,100,NONE,NONE,DOWN,0,True,75,55,45,80,False,True,NEUTRAL,70,False,0.0,NONE,True,BEARISH,True,True,90,True,70,11.891891891892021,6.192660550458553,55.00000000000001,24,POOR,False,75,81,0.0836393153162542,5,60.00000000000001,True,RANDOM,70,42.77590744647361,8.265036003351229,True,MOMENTUM_SHIFT,False,True,False,65,True,70,NONE,100,CHOPPY,NORMAL,NONE,100,-0.1267,CHOPPY,20,50,30,WEAK,NONE,50,30,60,NORMAL,58,40,60,-0.18,False,80,0.7987503254360844,79.416,RANGING,90,False,NONE,0.857985,0.859585,0.859125,FAR,30,50,85,50,NONE,NONE,NONE,False,[],0,0,ACCUMULATION,ACCUMULATION,55,65,True,28,"Smart money accumulation. Bullish bias, look for breakout.",1.0,0.5,False,False,False,False,0.3,0.3,True,False,False,18,True,[],0,NO,ACCUMULATION,"Smart money accumulation. Bullish bias, look for breakout.",NORMAL,LOW,0.073,[],True,Passed basic checks,0,50,50,MEDIUM,5,WAIT,รอการวิเคราะห์จาก AI
2026-06-27 20:43:00,0.859575,0.859585,0.859235,0.859335,1.0,EURGBP-OTC,BULLISH,0.859568,0.859709,0.859558,0.859387,0.859823,0.860182,BEARISH,0.861131,0.858063,0.003068,0.003841,11.58,48.12,0.000243,0.000349,-0.000105,38.05,48.3,0.000631,45.73,-0.18,0.000655,0.000642,18.51,16.3,26.46,23.76,-0.1267,1,1.0,1.0,False,STABLE,-0.000152,7.1e-05,4.4e-05,0.857985,0.860855,0.859125,0.859585,0.860045,0.858665,0.858205,20,4.55,0.859509,0.859574,0.859699,0.859804,34.29,45.83,-0.000159,-0.000154,43.61,52.04,0.000287,0.859235,0.860555,0.860094,0.859181,0.859385,0.859535,0.859185,1,1.0,0.859335,0.859585,0.859235,0.859575,LONDON,483310,LOW,0.859335,0.859585,0.859235,0.859575,LONDON,483310,LOW,NONE,BEARISH,BEARISH,WEAK,AT_PIVOT,LOW_WICK,NEUTRAL,CHAOTIC,NONE,TESTING_PIVOT,49,20,0.0,50,NEUTRAL,False,70,[],0,0,NEUTRAL,BEARISH,40,False,NONE,0,False,False,False,60,False,0,100,NONE,NONE,DOWN,0,True,75,55,45,80,False,True,NEUTRAL,70,False,0.0,NONE,True,BEARISH,True,True,90,True,70,11.891891891892021,6.192660550458553,55.00000000000001,24,POOR,False,75,81,0.0836393153162542,5,60.00000000000001,True,RANDOM,70,42.77590744647361,8.265036003351229,True,MOMENTUM_SHIFT,False,True,False,65,True,70,NONE,100,CHOPPY,NORMAL,NONE,100,-0.1267,CHOPPY,20,50,30,WEAK,NONE,50,30,60,NORMAL,58,40,60,-0.18,False,80,0.7987503254360844,79.416,RANGING,90,False,NONE,0.857985,0.859585,0.859125,FAR,30,50,85,50,NONE,NONE,NONE,False,[],0,0,SIDEWAY_RANGE,SIDEWAY_RANGE,55,60,True,28,Price ranging between clear levels. Suitable for mean-reversion strategies.,1.0,0.5,False,False,False,False,0.3,0.3,True,False,False,18,True,[],0,NO,SIDEWAY_RANGE,Price ranging between clear levels. Suitable for mean-reversion strategies.,NORMAL,LOW,0.073,[],True,Passed basic checks,0,50,50,MEDIUM,5,WAIT,รอการวิเคราะห์จาก AI
2026-06-27 20:44:00,0.859575,0.859585,0.859235,0.859335,1.0,EURGBP-OTC,BULLISH,0.859568,0.859709,0.859558,0.859387,0.859823,0.860182,BEARISH,0.861131,0.858063,0.003068,0.003841,11.58,48.12,0.000243,0.000349,-0.000105,38.05,48.3,0.000631,45.73,-0.18,0.000655,0.000642,18.51,16.3,26.46,23.76,-0.1267,1,1.0,1.0,False,STABLE,-0.000152,7.1e-05,4.4e-05,0.857985,0.860855,0.859125,0.859585,0.860045,0.858665,0.858205,20,4.55,0.859509,0.859574,0.859699,0.859804,34.29,45.83,-0.000159,-0.000154,43.61,52.04,0.000287,0.859235,0.860555,0.860094,0.859181,0.859385,0.859535,0.859185,1,1.0,0.859335,0.859585,0.859235,0.859575,LONDON,542711,LOW,0.859335,0.859585,0.859235,0.859575,LONDON,542711,LOW,NONE,BEARISH,BEARISH,WEAK,AT_PIVOT,LOW_WICK,NEUTRAL,CHAOTIC,NONE,TESTING_PIVOT,49,20,0.0,50,NEUTRAL,False,70,[],0,0,NEUTRAL,BEARISH,40,False,NONE,0,False,False,False,60,False,0,100,NONE,NONE,DOWN,0,True,75,55,45,80,False,True,NEUTRAL,70,False,0.0,NONE,True,BEARISH,True,True,90,True,70,11.891891891892021,6.192660550458553,55.00000000000001,24,POOR,False,75,81,0.0836393153162542,5,60.00000000000001,True,RANDOM,70,42.77590744647361,8.265036003351229,True,MOMENTUM_SHIFT,False,True,False,65,True,70,NONE,100,CHOPPY,NORMAL,NONE,100,-0.1267,CHOPPY,20,50,30,WEAK,NONE,50,30,60,NORMAL,58,40,60,-0.18,False,80,0.7987503254360844,79.416,RANGING,90,False,NONE,0.857985,0.859585,0.859125,FAR,30,50,85,50,NONE,NONE,NONE,False,[],0,0,SIDEWAY_RANGE,SIDEWAY_RANGE,55,60,True,28,Price ranging between clear levels. Suitable for mean-reversion strategies.,1.0,0.5,False,False,False,False,0.3,0.3,True,False,False,18,True,[],0,NO,SIDEWAY_RANGE,Price ranging between clear levels. Suitable for mean-reversion strategies.,NORMAL,LOW,0.073,[],True,Passed basic checks,0,50,50,MEDIUM,5,WAIT,รอการวิเคราะห์จาก AI
2026-06-27 20:45:00,0.859115,0.859125,0.858795,0.858795,1.0,EURGBP-OTC,BEARISH,0.85924,0.859504,0.859466,0.859356,0.8598,0.860181,BEARISH,0.861101,0.85812,0.002981,0.00382,9.78,35.61,0.000136,0.000306,-0.00017,22.2,36.59,0.000634,46.73,-0.04,0.000651,0.00065,19.27,14.98,27.31,29.15,-0.2475,1,1.0,1.0,False,STABLE,-0.000216,3.7e-05,4.8e-05,0.857985,0.860855,0.858702,0.859008,0.859432,0.858278,0.857972,21,4.53,0.859009,0.859181,0.859409,0.859653,23.4,26.21,-0.00027,-0.000212,22.12,16.34,0.000279,0.858665,0.859795,0.860013,0.858818,0.858905,0.859015,0.858685,1,1.0,0.858795,0.859125,0.858795,0.859115,LONDON,304215,LOW,0.858795,0.859125,0.858795,0.859115,LONDON,304215,LOW,NONE,BEARISH,BEARISH,WEAK,AT_PIVOT,LOW_WICK,NEUTRAL,CHAOTIC,NONE,TESTING_PIVOT,50,20,0.0,50,NEUTRAL,False,70,[],0,0,NEUTRAL,BEARISH,40,False,NONE,0,False,False,False,60,False,0,100,NONE,NONE,DOWN,0,True,75,55,45,80,False,True,NEUTRAL,70,False,0.0,NONE,True,BEARISH,True,True,90,True,70,3.4307496823379746,1.881113619262393,50.0,18,POOR,False,75,79,0.10379617226309737,5,50.0,True,RANDOM,70,47.89232159196689,3.790575459794982,True,MOMENTUM_SHIFT,False,True,False,65,True,70,NONE,100,CHOPPY,NORMAL,NONE,100,-0.2475,CHOPPY,20,50,30,WEAK,NONE,55,30,65,NORMAL,58,40,60,-0.04,False,80,0.7803664921465969,78.616,RANGING,90,False,NONE,0.857985,0.859008,0.858702,FAR,30,50,85,50,NONE,NONE,NONE,False,[],0,0,SIDEWAY_RANGE,SIDEWAY_RANGE,55,60,True,28,Price ranging between clear levels. Suitable for mean-reversion strategies.,1.0,0.5,False,False,False,False,0.3,0.3,True,False,False,18,True,[],0,NO,SIDEWAY_RANGE,Price ranging between clear levels. Suitable for mean-reversion strategies.,NORMAL,LOW,0.074,[],True,Passed basic checks,0,50,50,MEDIUM,5,WAIT,รอการวิเคราะห์จาก AI
2026-06-27 20:46:00,0.859115,0.859125,0.858795,0.858795,1.0,EURGBP-OTC,BEARISH,0.85924,0.859504,0.859466,0.859356,0.8598,0.860181,BEARISH,0.861101,0.85812,0.002981,0.00382,9.78,35.61,0.000136,0.000306,-0.00017,22.2,36.59,0.000634,46.73,-0.04,0.000651,0.00065,19.27,14.98,27.31,29.15,-0.2475,1,1.0,1.0,False,STABLE,-0.000216,3.7e-05,4.8e-05,0.857985,0.860855,0.858702,0.859008,0.859432,0.858278,0.857972,21,4.53,0.859009,0.859181,0.859409,0.859653,23.4,26.21,-0.00027,-0.000212,22.12,16.34,0.000279,0.858665,0.859795,0.860013,0.858818,0.858905,0.859015,0.858685,1,1.0,0.858795,0.859125,0.858795,0.859115,LONDON,362548,LOW,0.858795,0.859125,0.858795,0.859115,LONDON,362548,LOW,NONE,BEARISH,BEARISH,WEAK,AT_PIVOT,LOW_WICK,NEUTRAL,CHAOTIC,NONE,TESTING_PIVOT,50,20,0.0,50,NEUTRAL,False,70,[],0,0,NEUTRAL,BEARISH,40,False,NONE,0,False,False,False,60,False,0,100,NONE,NONE,DOWN,0,True,75,55,45,80,False,True,NEUTRAL,70,False,0.0,NONE,True,BEARISH,True,True,90,True,70,3.4307496823379746,1.881113619262393,50.0,18,POOR,False,75,79,0.10379617226309737,5,50.0,True,RANDOM,70,47.89232159196689,3.790575459794982,True,MOMENTUM_SHIFT,False,True,False,65,True,70,NONE,100,CHOPPY,NORMAL,NONE,100,-0.2475,CHOPPY,20,50,30,WEAK,NONE,55,30,65,NORMAL,58,40,60,-0.04,False,80,0.7803664921465969,78.616,RANGING,90,False,NONE,0.857985,0.859008,0.858702,FAR,30,50,85,50,NONE,NONE,NONE,False,[],0,0,SIDEWAY_RANGE,SIDEWAY_RANGE,55,60,True,28,Price ranging between clear levels. Suitable for mean-reversion strategies.,1.0,0.5,False,False,False,False,0.3,0.3,True,False,False,18,True,[],0,NO,SIDEWAY_RANGE,Price ranging between clear levels. Suitable for mean-reversion strategies.,NORMAL,LOW,0.074,[],True,Passed basic checks,0,50,50,MEDIUM,5,WAIT,รอการวิเคราะห์จาก AI
2026-06-27 20:47:00,0.859115,0.859125,0.858795,0.858795,1.0,EURGBP-OTC,BEARISH,0.85924,0.859504,0.859466,0.859356,0.8598,0.860181,BEARISH,0.861101,0.85812,0.002981,0.00382,9.78,35.61,0.000136,0.000306,-0.00017,22.2,36.59,0.000634,46.73,-0.04,0.000651,0.00065,19.27,14.98,27.31,29.15,-0.2475,1,1.0,1.0,False,STABLE,-0.000216,3.7e-05,4.8e-05,0.857985,0.860855,0.858702,0.859008,0.859432,0.858278,0.857972,21,4.53,0.859009,0.859181,0.859409,0.859653,23.4,26.21,-0.00027,-0.000212,22.12,16.34,0.000279,0.858665,0.859795,0.860013,0.858818,0.858905,0.859015,0.858685,1,1.0,0.858795,0.859125,0.858795,0.859115,LONDON,422950,LOW,0.858795,0.859125,0.858795,0.859115,LONDON,422950,LOW,NONE,BEARISH,BEARISH,WEAK,AT_PIVOT,LOW_WICK,NEUTRAL,CHAOTIC,NONE,TESTING_PIVOT,50,20,0.0,50,NEUTRAL,False,70,[],0,0,NEUTRAL,BEARISH,40,False,NONE,0,False,False,False,60,False,0,100,NONE,NONE,DOWN,0,True,75,55,45,80,False,True,NEUTRAL,70,False,0.0,NONE,True,BEARISH,True,True,90,True,70,3.4307496823379746,1.881113619262393,50.0,18,POOR,False,75,79,0.10379617226309737,5,50.0,True,RANDOM,70,47.89232159196689,3.790575459794982,True,MOMENTUM_SHIFT,False,True,False,65,True,70,NONE,100,CHOPPY,NORMAL,NONE,100,-0.2475,CHOPPY,20,50,30,WEAK,NONE,55,30,65,NORMAL,58,40,60,-0.04,False,80,0.7803664921465969,78.616,RANGING,90,False,NONE,0.857985,0.859008,0.858702,FAR,30,50,85,50,NONE,NONE,NONE,False,[],0,0,SIDEWAY_RANGE,SIDEWAY_RANGE,55,60,True,28,Price ranging between clear levels. Suitable for mean-reversion strategies.,1.0,0.5,False,False,False,False,0.3,0.3,True,False,False,18,True,[],0,NO,SIDEWAY_RANGE,Price ranging between clear levels. Suitable for mean-reversion strategies.,NORMAL,LOW,0.074,[],True,Passed basic checks,0,50,50,MEDIUM,5,WAIT,รอการวิเคราะห์จาก AI
2026-06-27 20:48:00,0.859115,0.859125,0.858795,0.858795,1.0,EURGBP-OTC,BEARISH,0.85924,0.859504,0.859466,0.859356,0.8598,0.860181,BEARISH,0.861101,0.85812,0.002981,0.00382,9.78,35.61,0.000136,0.000306,-0.00017,22.2,36.59,0.000634,46.73,-0.04,0.000651,0.00065,19.27,14.98,27.31,29.15,-0.2475,1,1.0,1.0,False,STABLE,-0.000216,3.7e-05,4.8e-05,0.857985,0.860855,0.858702,0.859008,0.859432,0.858278,0.857972,21,4.53,0.859009,0.859181,0.859409,0.859653,23.4,26.21,-0.00027,-0.000212,22.12,16.34,0.000279,0.858665,0.859795,0.860013,0.858818,0.858905,0.859015,0.858685,1,1.0,0.858795,0.859125,0.858795,0.859115,LONDON,483385,LOW,0.858795,0.859125,0.858795,0.859115,LONDON,483385,LOW,NONE,BEARISH,BEARISH,WEAK,AT_PIVOT,LOW_WICK,NEUTRAL,CHAOTIC,NONE,TESTING_PIVOT,50,20,0.0,50,NEUTRAL,False,70,[],0,0,NEUTRAL,BEARISH,40,False,NONE,0,False,False,False,60,False,0,100,NONE,NONE,DOWN,0,True,75,55,45,80,False,True,NEUTRAL,70,False,0.0,NONE,True,BEARISH,True,True,90,True,70,3.4307496823379746,1.881113619262393,50.0,18,POOR,False,75,79,0.10379617226309737,5,50.0,True,RANDOM,70,47.89232159196689,3.790575459794982,True,MOMENTUM_SHIFT,False,True,False,65,True,70,NONE,100,CHOPPY,NORMAL,NONE,100,-0.2475,CHOPPY,20,50,30,WEAK,NONE,55,30,65,NORMAL,58,40,60,-0.04,False,80,0.7803664921465969,78.616,RANGING,90,False,NONE,0.857985,0.859008,0.858702,FAR,30,50,85,50,NONE,NONE,NONE,False,[],0,0,SIDEWAY_RANGE,SIDEWAY_RANGE,55,60,True,28,Price ranging between clear levels. Suitable for mean-reversion strategies.,1.0,0.5,False,False,False,False,0.3,0.3,True,False,False,18,True,[],0,NO,SIDEWAY_RANGE,Price ranging between clear levels. Suitable for mean-reversion strategies.,NORMAL,LOW,0.074,[],True,Passed basic checks,0,50,50,MEDIUM,5,WAIT,รอการวิเคราะห์จาก AI
2026-06-27 20:49:00,0.859115,0.859125,0.858795,0.858795,1.0,EURGBP-OTC,BEARISH,0.85924,0.859504,0.859466,0.859356,0.8598,0.860181,BEARISH,0.861101,0.85812,0.002981,0.00382,9.78,35.61,0.000136,0.000306,-0.00017,22.2,36.59,0.000634,46.73,-0.04,0.000651,0.00065,19.27,14.98,27.31,29.15,-0.2475,1,1.0,1.0,False,STABLE,-0.000216,3.7e-05,4.8e-05,0.857985,0.860855,0.858702,0.859008,0.859432,0.858278,0.857972,21,4.53,0.859009,0.859181,0.859409,0.859653,23.4,26.21,-0.00027,-0.000212,22.12,16.34,0.000279,0.858665,0.859795,0.860013,0.858818,0.858905,0.859015,0.858685,1,1.0,0.858795,0.859125,0.858795,0.859115,LONDON,542708,LOW,0.858795,0.859125,0.858795,0.859115,LONDON,542708,LOW,NONE,BEARISH,BEARISH,WEAK,AT_PIVOT,LOW_WICK,NEUTRAL,CHAOTIC,NONE,TESTING_PIVOT,50,20,0.0,50,NEUTRAL,False,70,[],0,0,NEUTRAL,BEARISH,40,False,NONE,0,False,False,False,60,False,0,100,NONE,NONE,DOWN,0,True,75,55,45,80,False,True,NEUTRAL,70,False,0.0,NONE,True,BEARISH,True,True,90,True,70,3.4307496823379746,1.881113619262393,50.0,18,POOR,False,75,79,0.10379617226309737,5,50.0,True,RANDOM,70,47.89232159196689,3.790575459794982,True,MOMENTUM_SHIFT,False,True,False,65,True,70,NONE,100,CHOPPY,NORMAL,NONE,100,-0.2475,CHOPPY,20,50,30,WEAK,NONE,55,30,65,NORMAL,58,40,60,-0.04,False,80,0.7803664921465969,78.616,RANGING,90,False,NONE,0.857985,0.859008,0.858702,FAR,30,50,85,50,NONE,NONE,NONE,False,[],0,0,SIDEWAY_RANGE,SIDEWAY_RANGE,55,60,True,28,Price ranging between clear levels. Suitable for mean-reversion strategies.,1.0,0.5,False,False,False,False,0.3,0.3,True,False,False,18,True,[],0,NO,SIDEWAY_RANGE,Price ranging between clear levels. Suitable for mean-reversion strategies.,NORMAL,LOW,0.074,[],True,Passed basic checks,0,50,50,MEDIUM,5,WAIT,รอการวิเคราะห์จาก AI
2026-06-27 20:50:00,0.858595,0.858845,0.858555,0.858795,1.0,EURGBP-OTC,BEARISH,0.859285,0.859481,0.859457,0.859357,0.859794,0.860186,BEARISH,0.861088,0.858187,0.002901,0.003793,32.33,43.55,0.000114,0.000268,-0.000154,22.86,27.7,0.000666,64.32,0.51,0.000649,0.000658,19.37,16.36,24.88,20.65,-0.1406,1,1.0,1.0,False,STABLE,-0.000184,2.1e-05,5.3e-05,0.857985,0.860855,0.859102,0.859648,0.859922,0.858828,0.858282,22,4.31,0.858742,0.858876,0.85913,0.859481,48.72,28.3,-0.000316,-0.00028,20.14,13.93,0.000284,0.858395,0.859795,0.860087,0.858367,0.858732,0.858908,0.858618,1,1.0,0.858795,0.858845,0.858555,0.858595,LONDON,303144,LOW,0.858795,0.858845,0.858555,0.858595,LONDON,303144,LOW,NONE,BULLISH,BULLISH,WEAK,AT_PIVOT,LOW_WICK,NEUTRAL,CHAOTIC,NONE,TESTING_PIVOT,50,20,0.0,50,NEUTRAL,False,70,[],0,0,NEUTRAL,BULLISH,40,False,NONE,0,False,False,False,60,False,0,100,NONE,NONE,DOWN,0,True,75,55,45,80,False,True,NEUTRAL,70,False,0.0,NONE,True,BEARISH,True,True,90,True,70,6.6339066339066,9.836065573770329,50.0,22,POOR,False,75,78,0.048148417337801654,5,39.99999999999999,True,RANDOM,70,48.052192173786636,2.1744476035734763,True,MOMENTUM_SHIFT,False,True,False,65,True,70,NONE,100,CHOPPY,HIGH,NONE,100,-0.1406,CHOPPY,20,50,30,WEAK,NONE,50,30,60,HIGH,73,55,45,0.51,False,80,0.7648299499077248,64.54400000000001,RANGING,90,False,NONE,0.857985,0.859648,0.859102,FAR,30,50,85,50,NONE,NONE,NONE,False,[],0,0,BREAKOUT_EMERGING,BREAKOUT_EMERGING,51,70,True,27,"Volatility expansion after compression. Potential breakout opportunity. (breakout prob: 30%, reversal prob: 50%)",1.0,0.5,False,False,False,False,0.3,0.3,True,False,False,22,True,[],0,NO,BREAKOUT_EMERGING,"Volatility expansion after compression. Potential breakout opportunity. (breakout prob: 30%, reversal prob: 50%)",HIGH,LOW,0.078,[],True,Passed basic checks,0,50,50,MEDIUM,5,WAIT,รอการวิเคราะห์จาก AI
2026-06-27 20:51:00,0.858595,0.858845,0.858555,0.858795,1.0,EURGBP-OTC,BEARISH,0.859285,0.859481,0.859457,0.859357,0.859794,0.860186,BEARISH,0.861088,0.858187,0.002901,0.003793,32.33,43.55,0.000114,0.000268,-0.000154,22.86,27.7,0.000666,64.32,0.51,0.000649,0.000658,19.37,16.36,24.88,20.65,-0.1406,1,1.0,1.0,False,STABLE,-0.000184,2.1e-05,5.3e-05,0.857985,0.860855,0.859102,0.859648,0.859922,0.858828,0.858282,22,4.31,0.858742,0.858876,0.85913,0.859481,48.72,28.3,-0.000316,-0.00028,20.14,13.93,0.000284,0.858395,0.859795,0.860087,0.858367,0.858732,0.858908,0.858618,1,1.0,0.858795,0.858845,0.858555,0.858595,LONDON,362503,LOW,0.858795,0.858845,0.858555,0.858595,LONDON,362503,LOW,NONE,BULLISH,BULLISH,WEAK,AT_PIVOT,LOW_WICK,NEUTRAL,CHAOTIC,NONE,TESTING_PIVOT,50,20,0.0,50,NEUTRAL,False,70,[],0,0,NEUTRAL,BULLISH,40,False,NONE,0,False,False,False,60,False,0,100,NONE,NONE,DOWN,0,True,75,55,45,80,False,True,NEUTRAL,70,False,0.0,NONE,True,BEARISH,True,True,90,True,70,6.6339066339066,9.836065573770329,50.0,22,POOR,False,75,78,0.048148417337801654,5,39.99999999999999,True,RANDOM,70,48.052192173786636,2.1744476035734763,True,MOMENTUM_SHIFT,False,True,False,65,True,70,NONE,100,CHOPPY,HIGH,NONE,100,-0.1406,CHOPPY,20,50,30,WEAK,NONE,50,30,60,HIGH,73,55,45,0.51,False,80,0.7648299499077248,64.54400000000001,RANGING,90,False,NONE,0.857985,0.859648,0.859102,FAR,30,50,85,50,NONE,NONE,NONE,False,[],0,0,BREAKOUT_EMERGING,BREAKOUT_EMERGING,51,70,True,27,"Volatility expansion after compression. Potential breakout opportunity. (breakout prob: 30%, reversal prob: 50%)",1.0,0.5,False,False,False,False,0.3,0.3,True,False,False,22,True,[],0,NO,BREAKOUT_EMERGING,"Volatility expansion after compression. Potential breakout opportunity. (breakout prob: 30%, reversal prob: 50%)",HIGH,LOW,0.078,[],True,Passed basic checks,0,50,50,MEDIUM,5,WAIT,รอการวิเคราะห์จาก AI
2026-06-27 20:52:00,0.858595,0.858845,0.858555,0.858795,1.0,EURGBP-OTC,BEARISH,0.859285,0.859481,0.859457,0.859357,0.859794,0.860186,BEARISH,0.861088,0.858187,0.002901,0.003793,32.33,43.55,0.000114,0.000268,-0.000154,22.86,27.7,0.000666,64.32,0.51,0.000649,0.000658,19.37,16.36,24.88,20.65,-0.1406,1,1.0,1.0,False,STABLE,-0.000184,2.1e-05,5.3e-05,0.857985,0.860855,0.859102,0.859648,0.859922,0.858828,0.858282,22,4.31,0.858742,0.858876,0.85913,0.859481,48.72,28.3,-0.000316,-0.00028,20.14,13.93,0.000284,0.858395,0.859795,0.860087,0.858367,0.858732,0.858908,0.858618,1,1.0,0.858795,0.858845,0.858555,0.858595,LONDON,422864,LOW,0.858795,0.858845,0.858555,0.858595,LONDON,422864,LOW,NONE,BULLISH,BULLISH,WEAK,AT_PIVOT,LOW_WICK,NEUTRAL,CHAOTIC,NONE,TESTING_PIVOT,50,20,0.0,50,NEUTRAL,False,70,[],0,0,NEUTRAL,BULLISH,40,False,NONE,0,False,False,False,60,False,0,100,NONE,NONE,DOWN,0,True,75,55,45,80,False,True,NEUTRAL,70,False,0.0,NONE,True,BEARISH,True,True,90,True,70,6.6339066339066,9.836065573770329,50.0,22,POOR,False,75,78,0.048148417337801654,5,39.99999999999999,True,RANDOM,70,48.052192173786636,2.1744476035734763,True,MOMENTUM_SHIFT,False,True,False,65,True,70,NONE,100,CHOPPY,HIGH,NONE,100,-0.1406,CHOPPY,20,50,30,WEAK,NONE,50,30,60,HIGH,73,55,45,0.51,False,80,0.7648299499077248,64.54400000000001,RANGING,90,False,NONE,0.857985,0.859648,0.859102,FAR,30,50,85,50,NONE,NONE,NONE,False,[],0,0,BREAKOUT_EMERGING,BREAKOUT_EMERGING,51,70,True,27,"Volatility expansion after compression. Potential breakout opportunity. (breakout prob: 30%, reversal prob: 50%)",1.0,0.5,False,False,False,False,0.3,0.3,True,False,False,22,True,[],0,NO,BREAKOUT_EMERGING,"Volatility expansion after compression. Potential breakout opportunity. (breakout prob: 30%, reversal prob: 50%)",HIGH,LOW,0.078,[],True,Passed basic checks,0,50,50,MEDIUM,5,WAIT,รอการวิเคราะห์จาก AI
2026-06-27 20:53:00,0.858595,0.858845,0.858555,0.858795,1.0,EURGBP-OTC,BEARISH,0.859285,0.859481,0.859457,0.859357,0.859794,0.860186,BEARISH,0.861088,0.858187,0.002901,0.003793,32.33,43.55,0.000114,0.000268,-0.000154,22.86,27.7,0.000666,64.32,0.51,0.000649,0.000658,19.37,16.36,24.88,20.65,-0.1406,1,1.0,1.0,False,STABLE,-0.000184,2.1e-05,5.3e-05,0.857985,0.860855,0.859102,0.859648,0.859922,0.858828,0.858282,22,4.31,0.858742,0.858876,0.85913,0.859481,48.72,28.3,-0.000316,-0.00028,20.14,13.93,0.000284,0.858395,0.859795,0.860087,0.858367,0.858732,0.858908,0.858618,1,1.0,0.858795,0.858845,0.858555,0.858595,LONDON,483308,LOW,0.858795,0.858845,0.858555,0.858595,LONDON,483308,LOW,NONE,BULLISH,BULLISH,WEAK,AT_PIVOT,LOW_WICK,NEUTRAL,CHAOTIC,NONE,TESTING_PIVOT,50,20,0.0,50,NEUTRAL,False,70,[],0,0,NEUTRAL,BULLISH,40,False,NONE,0,False,False,False,60,False,0,100,NONE,NONE,DOWN,0,True,75,55,45,80,False,True,NEUTRAL,70,False,0.0,NONE,True,BEARISH,True,True,90,True,70,6.6339066339066,9.836065573770329,50.0,22,POOR,False,75,78,0.048148417337801654,5,39.99999999999999,True,RANDOM,70,48.052192173786636,2.1744476035734763,True,MOMENTUM_SHIFT,False,True,False,65,True,70,NONE,100,CHOPPY,HIGH,NONE,100,-0.1406,CHOPPY,20,50,30,WEAK,NONE,50,30,60,HIGH,73,55,45,0.51,False,80,0.7648299499077248,64.54400000000001,RANGING,90,False,NONE,0.857985,0.859648,0.859102,FAR,30,50,85,50,NONE,NONE,NONE,False,[],0,0,BREAKOUT_EMERGING,BREAKOUT_EMERGING,51,70,True,27,"Volatility expansion after compression. Potential breakout opportunity. (breakout prob: 30%, reversal prob: 50%)",1.0,0.5,False,False,False,False,0.3,0.3,True,False,False,22,True,[],0,NO,BREAKOUT_EMERGING,"Volatility expansion after compression. Potential breakout opportunity. (breakout prob: 30%, reversal prob: 50%)",HIGH,LOW,0.078,[],True,Passed basic checks,0,50,50,MEDIUM,5,WAIT,รอการวิเคราะห์จาก AI
2026-06-27 20:54:00,0.858595,0.858845,0.858555,0.858795,1.0,EURGBP-OTC,BEARISH,0.859285,0.859481,0.859457,0.859357,0.859794,0.860186,BEARISH,0.861088,0.858187,0.002901,0.003793,32.33,43.55,0.000114,0.000268,-0.000154,22.86,27.7,0.000666,64.32,0.51,0.000649,0.000658,19.37,16.36,24.88,20.65,-0.1406,1,1.0,1.0,False,STABLE,-0.000184,2.1e-05,5.3e-05,0.857985,0.860855,0.859102,0.859648,0.859922,0.858828,0.858282,22,4.31,0.858742,0.858876,0.85913,0.859481,48.72,28.3,-0.000316,-0.00028,20.14,13.93,0.000284,0.858395,0.859795,0.860087,0.858367,0.858732,0.858908,0.858618,1,1.0,0.858795,0.858845,0.858555,0.858595,LONDON,542766,LOW,0.858795,0.858845,0.858555,0.858595,LONDON,542766,LOW,NONE,BULLISH,BULLISH,WEAK,AT_PIVOT,LOW_WICK,NEUTRAL,CHAOTIC,NONE,TESTING_PIVOT,50,20,0.0,50,NEUTRAL,False,70,[],0,0,NEUTRAL,BULLISH,40,False,NONE,0,False,False,False,60,False,0,100,NONE,NONE,DOWN,0,True,75,55,45,80,False,True,NEUTRAL,70,False,0.0,NONE,True,BEARISH,True,True,90,True,70,6.6339066339066,9.836065573770329,50.0,22,POOR,False,75,78,0.048148417337801654,5,39.99999999999999,True,RANDOM,70,48.052192173786636,2.1744476035734763,True,MOMENTUM_SHIFT,False,True,False,65,True,70,NONE,100,CHOPPY,HIGH,NONE,100,-0.1406,CHOPPY,20,50,30,WEAK,NONE,50,30,60,HIGH,73,55,45,0.51,False,80,0.7648299499077248,64.54400000000001,RANGING,90,False,NONE,0.857985,0.859648,0.859102,FAR,30,50,85,50,NONE,NONE,NONE,False,[],0,0,BREAKOUT_EMERGING,BREAKOUT_EMERGING,51,70,True,27,"Volatility expansion after compression. Potential breakout opportunity. (breakout prob: 30%, reversal prob: 50%)",1.0,0.5,False,False,False,False,0.3,0.3,True,False,False,22,True,[],0,NO,BREAKOUT_EMERGING,"Volatility expansion after compression. Potential breakout opportunity. (breakout prob: 30%, reversal prob: 50%)",HIGH,LOW,0.078,[],True,Passed basic checks,0,50,50,MEDIUM,5,WAIT,รอการวิเคราะห์จาก AI
2026-06-27 20:55:00,0.859385,0.859465,0.859175,0.859295,1.0,EURGBP-OTC,BEARISH,0.859292,0.859449,0.859442,0.859354,0.85978,0.860147,BEARISH,0.860958,0.858442,0.002516,0.003756,40.76,48.14,9e-05,0.000232,-0.000142,28.18,24.41,0.000649,56.28,0.18,0.000647,0.000661,19.0,17.86,23.77,14.18,-0.1267,1,1.0,1.0,False,STABLE,-0.000149,-9e-06,5.7e-05,0.857985,0.860855,0.859352,0.859528,0.859752,0.859128,0.858952,23,4.42,0.859134,0.859046,0.859125,0.859412,85.11,53.46,-0.000157,-0.000239,79.02,62.29,0.000292,0.858395,0.859765,0.859776,0.85838,0.859312,0.859448,0.859158,1,1.0,0.859295,0.859465,0.859175,0.859385,LONDON,303096,LOW,0.859295,0.859465,0.859175,0.859385,LONDON,303096,LOW,NONE,BEARISH,BEARISH,WEAK,AT_PIVOT,LOW_WICK,NEUTRAL,CHAOTIC,NONE,TESTING_PIVOT,49,23,0.0,50,NEUTRAL,False,70,[],0,0,NEUTRAL,BEARISH,40,False,NONE,0,False,False,False,60,False,0,100,NONE,NONE,DOWN,0,True,75,55,45,80,False,True,NEUTRAL,70,False,0.0,NONE,True,BEARISH,True,True,90,True,70,16.82368775235535,5.042668735454119,50.0,23,POOR,False,75,66,-0.0286864265685705,5,39.99999999999999,True,RANDOM,70,46.59766776102918,3.6776756018093124,True,MOMENTUM_SHIFT,False,True,False,65,True,70,NONE,100,CHOPPY,HIGH,NONE,100,-0.1267,CHOPPY,20,50,30,WEAK,NONE,50,30,60,HIGH,73,55,45,0.18,False,80,0.6698615548455804,70.976,RANGING,90,False,NONE,0.857985,0.859528,0.859352,FAR,30,50,85,50,NONE,NONE,NONE,False,[],0,0,BREAKOUT_EMERGING,BREAKOUT_EMERGING,51,70,True,26,"Volatility expansion after compression. Potential breakout opportunity. (breakout prob: 30%, reversal prob: 50%)",1.0,0.5,False,False,False,False,0.3,0.3,True,False,False,18,True,[],0,NO,BREAKOUT_EMERGING,"Volatility expansion after compression. Potential breakout opportunity. (breakout prob: 30%, reversal prob: 50%)",HIGH,LOW,0.076,[],True,Passed basic checks,0,50,50,MEDIUM,5,WAIT,รอการวิเคราะห์จาก AI
2026-06-27 20:56:00,0.859385,0.859465,0.859175,0.859295,1.0,EURGBP-OTC,BEARISH,0.859292,0.859449,0.859442,0.859354,0.85978,0.860147,BEARISH,0.860958,0.858442,0.002516,0.003756,40.76,48.14,9e-05,0.000232,-0.000142,28.18,24.41,0.000649,56.28,0.18,0.000647,0.000661,19.0,17.86,23.77,14.18,-0.1267,1,1.0,1.0,False,STABLE,-0.000149,-9e-06,5.7e-05,0.857985,0.860855,0.859352,0.859528,0.859752,0.859128,0.858952,23,4.42,0.859134,0.859046,0.859125,0.859412,85.11,53.46,-0.000157,-0.000239,79.02,62.29,0.000292,0.858395,0.859765,0.859776,0.85838,0.859312,0.859448,0.859158,1,1.0,0.859295,0.859465,0.859175,0.859385,LONDON,362470,LOW,0.859295,0.859465,0.859175,0.859385,LONDON,362470,LOW,NONE,BEARISH,BEARISH,WEAK,AT_PIVOT,LOW_WICK,NEUTRAL,CHAOTIC,NONE,TESTING_PIVOT,49,23,0.0,50,NEUTRAL,False,70,[],0,0,NEUTRAL,BEARISH,40,False,NONE,0,False,False,False,60,False,0,100,NONE,NONE,DOWN,0,True,75,55,45,80,False,True,NEUTRAL,70,False,0.0,NONE,True,BEARISH,True,True,90,True,70,16.82368775235535,5.042668735454119,50.0,23,POOR,False,75,66,-0.0286864265685705,5,39.99999999999999,True,RANDOM,70,46.59766776102918,3.6776756018093124,True,MOMENTUM_SHIFT,False,True,False,65,True,70,NONE,100,CHOPPY,HIGH,NONE,100,-0.1267,CHOPPY,20,50,30,WEAK,NONE,50,30,60,HIGH,73,55,45,0.18,False,80,0.6698615548455804,70.976,RANGING,90,False,NONE,0.857985,0.859528,0.859352,FAR,30,50,85,50,NONE,NONE,NONE,False,[],0,0,BREAKOUT_EMERGING,BREAKOUT_EMERGING,51,70,True,26,"Volatility expansion after compression. Potential breakout opportunity. (breakout prob: 30%, reversal prob: 50%)",1.0,0.5,False,False,False,False,0.3,0.3,True,False,False,18,True,[],0,NO,BREAKOUT_EMERGING,"Volatility expansion after compression. Potential breakout opportunity. (breakout prob: 30%, reversal prob: 50%)",HIGH,LOW,0.076,[],True,Passed basic checks,0,50,50,MEDIUM,5,WAIT,รอการวิเคราะห์จาก AI
2026-06-27 20:57:00,0.859385,0.859465,0.859175,0.859295,1.0,EURGBP-OTC,BEARISH,0.859292,0.859449,0.859442,0.859354,0.85978,0.860147,BEARISH,0.860958,0.858442,0.002516,0.003756,40.76,48.14,9e-05,0.000232,-0.000142,28.18,24.41,0.000649,56.28,0.18,0.000647,0.000661,19.0,17.86,23.77,14.18,-0.1267,1,1.0,1.0,False,STABLE,-0.000149,-9e-06,5.7e-05,0.857985,0.860855,0.859352,0.859528,0.859752,0.859128,0.858952,23,4.42,0.859134,0.859046,0.859125,0.859412,85.11,53.46,-0.000157,-0.000239,79.02,62.29,0.000292,0.858395,0.859765,0.859776,0.85838,0.859312,0.859448,0.859158,1,1.0,0.859295,0.859465,0.859175,0.859385,LONDON,422813,LOW,0.859295,0.859465,0.859175,0.859385,LONDON,422813,LOW,NONE,BEARISH,BEARISH,WEAK,AT_PIVOT,LOW_WICK,NEUTRAL,CHAOTIC,NONE,TESTING_PIVOT,49,23,0.0,50,NEUTRAL,False,70,[],0,0,NEUTRAL,BEARISH,40,False,NONE,0,False,False,False,60,False,0,100,NONE,NONE,DOWN,0,True,75,55,45,80,False,True,NEUTRAL,70,False,0.0,NONE,True,BEARISH,True,True,90,True,70,16.82368775235535,5.042668735454119,50.0,23,POOR,False,75,66,-0.0286864265685705,5,39.99999999999999,True,RANDOM,70,46.59766776102918,3.6776756018093124,True,MOMENTUM_SHIFT,False,True,False,65,True,70,NONE,100,CHOPPY,HIGH,NONE,100,-0.1267,CHOPPY,20,50,30,WEAK,NONE,50,30,60,HIGH,73,55,45,0.18,False,80,0.6698615548455804,70.976,RANGING,90,False,NONE,0.857985,0.859528,0.859352,FAR,30,50,85,50,NONE,NONE,NONE,False,[],0,0,BREAKOUT_EMERGING,BREAKOUT_EMERGING,51,70,True,26,"Volatility expansion after compression. Potential breakout opportunity. (breakout prob: 30%, reversal prob: 50%)",1.0,0.5,False,False,False,False,0.3,0.3,True,False,False,18,True,[],0,NO,BREAKOUT_EMERGING,"Volatility expansion after compression. Potential breakout opportunity. (breakout prob: 30%, reversal prob: 50%)",HIGH,LOW,0.076,[],True,Passed basic checks,0,50,50,MEDIUM,5,WAIT,รอการวิเคราะห์จาก AI
2026-06-27 20:58:00,0.859385,0.859465,0.859175,0.859295,1.0,EURGBP-OTC,BEARISH,0.859292,0.859449,0.859442,0.859354,0.85978,0.860147,BEARISH,0.860958,0.858442,0.002516,0.003756,40.76,48.14,9e-05,0.000232,-0.000142,28.18,24.41,0.000649,56.28,0.18,0.000647,0.000661,19.0,17.86,23.77,14.18,-0.1267,1,1.0,1.0,False,STABLE,-0.000149,-9e-06,5.7e-05,0.857985,0.860855,0.859352,0.859528,0.859752,0.859128,0.858952,23,4.42,0.859134,0.859046,0.859125,0.859412,85.11,53.46,-0.000157,-0.000239,79.02,62.29,0.000292,0.858395,0.859765,0.859776,0.85838,0.859312,0.859448,0.859158,1,1.0,0.859295,0.859465,0.859175,0.859385,LONDON,483104,LOW,0.859295,0.859465,0.859175,0.859385,LONDON,483104,LOW,NONE,BEARISH,BEARISH,WEAK,AT_PIVOT,LOW_WICK,NEUTRAL,CHAOTIC,NONE,TESTING_PIVOT,49,23,0.0,50,NEUTRAL,False,70,[],0,0,NEUTRAL,BEARISH,40,False,NONE,0,False,False,False,60,False,0,100,NONE,NONE,DOWN,0,True,75,55,45,80,False,True,NEUTRAL,70,False,0.0,NONE,True,BEARISH,True,True,90,True,70,16.82368775235535,5.042668735454119,50.0,23,POOR,False,75,66,-0.0286864265685705,5,39.99999999999999,True,RANDOM,70,46.59766776102918,3.6776756018093124,True,MOMENTUM_SHIFT,False,True,False,65,True,70,NONE,100,CHOPPY,HIGH,NONE,100,-0.1267,CHOPPY,20,50,30,WEAK,NONE,50,30,60,HIGH,73,55,45,0.18,False,80,0.6698615548455804,70.976,RANGING,90,False,NONE,0.857985,0.859528,0.859352,FAR,30,50,85,50,NONE,NONE,NONE,False,[],0,0,BREAKOUT_EMERGING,BREAKOUT_EMERGING,51,70,True,26,"Volatility expansion after compression. Potential breakout opportunity. (breakout prob: 30%, reversal prob: 50%)",1.0,0.5,False,False,False,False,0.3,0.3,True,False,False,18,True,[],0,NO,BREAKOUT_EMERGING,"Volatility expansion after compression. Potential breakout opportunity. (breakout prob: 30%, reversal prob: 50%)",HIGH,LOW,0.076,[],True,Passed basic checks,0,50,50,MEDIUM,5,WAIT,รอการวิเคราะห์จาก AI
2026-06-27 20:59:00,0.859385,0.859465,0.859175,0.859295,1.0,EURGBP-OTC,BEARISH,0.859292,0.859449,0.859442,0.859354,0.85978,0.860147,BEARISH,0.860958,0.858442,0.002516,0.003756,40.76,48.14,9e-05,0.000232,-0.000142,28.18,24.41,0.000649,56.28,0.18,0.000647,0.000661,19.0,17.86,23.77,14.18,-0.1267,1,1.0,1.0,False,STABLE,-0.000149,-9e-06,5.7e-05,0.857985,0.860855,0.859352,0.859528,0.859752,0.859128,0.858952,23,4.42,0.859134,0.859046,0.859125,0.859412,85.11,53.46,-0.000157,-0.000239,79.02,62.29,0.000292,0.858395,0.859765,0.859776,0.85838,0.859312,0.859448,0.859158,1,1.0,0.859295,0.859465,0.859175,0.859385,LONDON,542536,LOW,0.859295,0.859465,0.859175,0.859385,LONDON,542536,LOW,NONE,BEARISH,BEARISH,WEAK,AT_PIVOT,LOW_WICK,NEUTRAL,CHAOTIC,NONE,TESTING_PIVOT,49,23,0.0,50,NEUTRAL,False,70,[],0,0,NEUTRAL,BEARISH,40,False,NONE,0,False,False,False,60,False,0,100,NONE,NONE,DOWN,0,True,75,55,45,80,False,True,NEUTRAL,70,False,0.0,NONE,True,BEARISH,True,True,90,True,70,16.82368775235535,5.042668735454119,50.0,23,POOR,False,75,66,-0.0286864265685705,5,39.99999999999999,True,RANDOM,70,46.59766776102918,3.6776756018093124,True,MOMENTUM_SHIFT,False,True,False,65,True,70,NONE,100,CHOPPY,HIGH,NONE,100,-0.1267,CHOPPY,20,50,30,WEAK,NONE,50,30,60,HIGH,73,55,45,0.18,False,80,0.6698615548455804,70.976,RANGING,90,False,NONE,0.857985,0.859528,0.859352,FAR,30,50,85,50,NONE,NONE,NONE,False,[],0,0,BREAKOUT_EMERGING,BREAKOUT_EMERGING,51,70,True,26,"Volatility expansion after compression. Potential breakout opportunity. (breakout prob: 30%, reversal prob: 50%)",1.0,0.5,False,False,False,False,0.3,0.3,True,False,False,18,True,[],0,NO,BREAKOUT_EMERGING,"Volatility expansion after compression. Potential breakout opportunity. (breakout prob: 30%, reversal prob: 50%)",HIGH,LOW,0.076,[],True,Passed basic checks,0,50,50,MEDIUM,5,WAIT,รอการวิเคราะห์จาก AI
2026-06-27 21:00:00,0.859295,0.859365,0.859155,0.859265,1.0,EURGBP-OTC,BEARISH,0.859203,0.859372,0.859403,0.859342,0.859766,0.860143,BEARISH,0.860922,0.858515,0.002406,0.003713,38.96,35.12,4.7e-05,0.000195,-0.000148,34.15,28.4,0.000617,38.69,-0.39,0.000641,0.000661,19.24,16.74,26.43,22.46,-0.1639,1,1.0,1.0,False,STABLE,-0.000126,-3.5e-05,5.7e-05,0.858395,0.860855,0.859065,0.859325,0.859625,0.858765,0.858505,20,3.99,0.859288,0.859223,0.859207,0.859398,63.95,62.89,-4e-05,-0.000121,75.71,81.15,0.00026,0.858395,0.859575,0.859583,0.85847,0.859262,0.859368,0.859158,1,1.0,0.859265,0.859365,0.859155,0.859295,NEW YORK,304107,LOW,0.859265,0.859365,0.859155,0.859295,NEW YORK,304107,LOW,NONE,BEARISH,BEARISH,WEAK,AT_PIVOT,LOW_WICK,NEUTRAL,CHAOTIC,NONE,TESTING_PIVOT,49,23,0.0,50,NEUTRAL,False,70,[],0,0,NEUTRAL,BEARISH,40,False,NONE,0,False,False,False,60,False,0,100,NONE,NONE,DOWN,0,True,75,55,45,80,False,True,NEUTRAL,70,False,0.0,NONE,True,BEARISH,True,True,90,True,70,5.2039381153319395,1.2882447665060204,55.00000000000001,20,POOR,False,75,64,-0.10380296137015257,5,30.000000000000004,True,RANDOM,70,46.23111703176202,4.568120596786082,True,MOMENTUM_SHIFT,False,True,False,65,True,70,NONE,100,CHOPPY,NORMAL,NONE,100,-0.1639,CHOPPY,20,50,30,WEAK,NONE,55,30,65,NORMAL,58,55,45,-0.39,False,80,0.6479935362240776,85.048,RANGING,90,False,NONE,0.858395,0.859325,0.859065,FAR,30,50,85,50,NONE,NONE,NONE,False,[],0,0,SIDEWAY_RANGE,SIDEWAY_RANGE,54,60,True,28,Price ranging between clear levels. Suitable for mean-reversion strategies.,1.0,0.5,False,False,False,False,0.3,0.3,True,False,False,18,True,[],0,NO,SIDEWAY_RANGE,Price ranging between clear levels. Suitable for mean-reversion strategies.,NORMAL,LOW,0.072,[],True,Passed basic checks,0,50,50,MEDIUM,5,WAIT,รอการวิเคราะห์จาก AI
2026-06-27 21:01:00,0.859295,0.859365,0.859155,0.859265,1.0,EURGBP-OTC,BEARISH,0.859203,0.859372,0.859403,0.859342,0.859766,0.860143,BEARISH,0.860922,0.858515,0.002406,0.003713,38.96,35.12,4.7e-05,0.000195,-0.000148,34.15,28.4,0.000617,38.69,-0.39,0.000641,0.000661,19.24,16.74,26.43,22.46,-0.1639,1,1.0,1.0,False,STABLE,-0.000126,-3.5e-05,5.7e-05,0.858395,0.860855,0.859065,0.859325,0.859625,0.858765,0.858505,20,3.99,0.859288,0.859223,0.859207,0.859398,63.95,62.89,-4e-05,-0.000121,75.71,81.15,0.00026,0.858395,0.859575,0.859583,0.85847,0.859262,0.859368,0.859158,1,1.0,0.859265,0.859365,0.859155,0.859295,NEW YORK,363384,LOW,0.859265,0.859365,0.859155,0.859295,NEW YORK,363384,LOW,NONE,BEARISH,BEARISH,WEAK,AT_PIVOT,LOW_WICK,NEUTRAL,CHAOTIC,NONE,TESTING_PIVOT,49,23,0.0,50,NEUTRAL,False,70,[],0,0,NEUTRAL,BEARISH,40,False,NONE,0,False,False,False,60,False,0,100,NONE,NONE,DOWN,0,True,75,55,45,80,False,True,NEUTRAL,70,False,0.0,NONE,True,BEARISH,True,True,90,True,70,5.2039381153319395,1.2882447665060204,55.00000000000001,20,POOR,False,75,64,-0.10380296137015257,5,30.000000000000004,True,RANDOM,70,46.23111703176202,4.568120596786082,True,MOMENTUM_SHIFT,False,True,False,65,True,70,NONE,100,CHOPPY,NORMAL,NONE,100,-0.1639,CHOPPY,20,50,30,WEAK,NONE,55,30,65,NORMAL,58,55,45,-0.39,False,80,0.6479935362240776,85.048,RANGING,90,False,NONE,0.858395,0.859325,0.859065,FAR,30,50,85,50,NONE,NONE,NONE,False,[],0,0,SIDEWAY_RANGE,SIDEWAY_RANGE,54,60,True,28,Price ranging between clear levels. Suitable for mean-reversion strategies.,1.0,0.5,False,False,False,False,0.3,0.3,True,False,False,18,True,[],0,NO,SIDEWAY_RANGE,Price ranging between clear levels. Suitable for mean-reversion strategies.,NORMAL,LOW,0.072,[],True,Passed basic checks,0,50,50,MEDIUM,5,WAIT,รอการวิเคราะห์จาก AI
2026-06-27 21:02:00,0.859295,0.859365,0.859155,0.859265,1.0,EURGBP-OTC,BEARISH,0.859203,0.859372,0.859403,0.859342,0.859766,0.860143,BEARISH,0.860922,0.858515,0.002406,0.003713,38.96,35.12,4.7e-05,0.000195,-0.000148,34.15,28.4,0.000617,38.69,-0.39,0.000641,0.000661,19.24,16.74,26.43,22.46,-0.1639,1,1.0,1.0,False,STABLE,-0.000126,-3.5e-05,5.7e-05,0.858395,0.860855,0.859065,0.859325,0.859625,0.858765,0.858505,20,3.99,0.859288,0.859223,0.859207,0.859398,63.95,62.89,-4e-05,-0.000121,75.71,81.15,0.00026,0.858395,0.859575,0.859583,0.85847,0.859262,0.859368,0.859158,1,1.0,0.859265,0.859365,0.859155,0.859295,NEW YORK,422770,LOW,0.859265,0.859365,0.859155,0.859295,NEW YORK,422770,LOW,NONE,BEARISH,BEARISH,WEAK,AT_PIVOT,LOW_WICK,NEUTRAL,CHAOTIC,NONE,TESTING_PIVOT,49,23,0.0,50,NEUTRAL,False,70,[],0,0,NEUTRAL,BEARISH,40,False,NONE,0,False,False,False,60,False,0,100,NONE,NONE,DOWN,0,True,75,55,45,80,False,True,NEUTRAL,70,False,0.0,NONE,True,BEARISH,True,True,90,True,70,5.2039381153319395,1.2882447665060204,55.00000000000001,20,POOR,False,75,64,-0.10380296137015257,5,30.000000000000004,True,RANDOM,70,46.23111703176202,4.568120596786082,True,MOMENTUM_SHIFT,False,True,False,65,True,70,NONE,100,CHOPPY,NORMAL,NONE,100,-0.1639,CHOPPY,20,50,30,WEAK,NONE,55,30,65,NORMAL,58,55,45,-0.39,False,80,0.6479935362240776,85.048,RANGING,90,False,NONE,0.858395,0.859325,0.859065,FAR,30,50,85,50,NONE,NONE,NONE,False,[],0,0,SIDEWAY_RANGE,SIDEWAY_RANGE,54,60,True,28,Price ranging between clear levels. Suitable for mean-reversion strategies.,1.0,0.5,False,False,False,False,0.3,0.3,True,False,False,18,True,[],0,NO,SIDEWAY_RANGE,Price ranging between clear levels. Suitable for mean-reversion strategies.,NORMAL,LOW,0.072,[],True,Passed basic checks,0,50,50,MEDIUM,5,WAIT,รอการวิเคราะห์จาก AI
2026-06-27 21:03:00,0.859295,0.859365,0.859155,0.859265,1.0,EURGBP-OTC,BEARISH,0.859203,0.859372,0.859403,0.859342,0.859766,0.860143,BEARISH,0.860922,0.858515,0.002406,0.003713,38.96,35.12,4.7e-05,0.000195,-0.000148,34.15,28.4,0.000617,38.69,-0.39,0.000641,0.000661,19.24,16.74,26.43,22.46,-0.1639,1,1.0,1.0,False,STABLE,-0.000126,-3.5e-05,5.7e-05,0.858395,0.860855,0.859065,0.859325,0.859625,0.858765,0.858505,20,3.99,0.859288,0.859223,0.859207,0.859398,63.95,62.89,-4e-05,-0.000121,75.71,81.15,0.00026,0.858395,0.859575,0.859583,0.85847,0.859262,0.859368,0.859158,1,1.0,0.859265,0.859365,0.859155,0.859295,NEW YORK,483113,LOW,0.859265,0.859365,0.859155,0.859295,NEW YORK,483113,LOW,NONE,BEARISH,BEARISH,WEAK,AT_PIVOT,LOW_WICK,NEUTRAL,CHAOTIC,NONE,TESTING_PIVOT,49,23,0.0,50,NEUTRAL,False,70,[],0,0,NEUTRAL,BEARISH,40,False,NONE,0,False,False,False,60,False,0,100,NONE,NONE,DOWN,0,True,75,55,45,80,False,True,NEUTRAL,70,False,0.0,NONE,True,BEARISH,True,True,90,True,70,5.2039381153319395,1.2882447665060204,55.00000000000001,20,POOR,False,75,64,-0.10380296137015257,5,30.000000000000004,True,RANDOM,70,46.23111703176202,4.568120596786082,True,MOMENTUM_SHIFT,False,True,False,65,True,70,NONE,100,CHOPPY,NORMAL,NONE,100,-0.1639,CHOPPY,20,50,30,WEAK,NONE,55,30,65,NORMAL,58,55,45,-0.39,False,80,0.6479935362240776,85.048,RANGING,90,False,NONE,0.858395,0.859325,0.859065,FAR,30,50,85,50,NONE,NONE,NONE,False,[],0,0,SIDEWAY_RANGE,SIDEWAY_RANGE,54,60,True,28,Price ranging between clear levels. Suitable for mean-reversion strategies.,1.0,0.5,False,False,False,False,0.3,0.3,True,False,False,18,True,[],0,NO,SIDEWAY_RANGE,Price ranging between clear levels. Suitable for mean-reversion strategies.,NORMAL,LOW,0.072,[],True,Passed basic checks,0,50,50,MEDIUM,5,WAIT,รอการวิเคราะห์จาก AI
2026-06-27 21:04:00,0.859295,0.859365,0.859155,0.859265,1.0,EURGBP-OTC,BEARISH,0.859203,0.859372,0.859403,0.859342,0.859766,0.860143,BEARISH,0.860922,0.858515,0.002406,0.003713,38.96,35.12,4.7e-05,0.000195,-0.000148,34.15,28.4,0.000617,38.69,-0.39,0.000641,0.000661,19.24,16.74,26.43,22.46,-0.1639,1,1.0,1.0,False,STABLE,-0.000126,-3.5e-05,5.7e-05,0.858395,0.860855,0.859065,0.859325,0.859625,0.858765,0.858505,20,3.99,0.859288,0.859223,0.859207,0.859398,63.95,62.89,-4e-05,-0.000121,75.71,81.15,0.00026,0.858395,0.859575,0.859583,0.85847,0.859262,0.859368,0.859158,1,1.0,0.859265,0.859365,0.859155,0.859295,NEW YORK,542540,LOW,0.859265,0.859365,0.859155,0.859295,NEW YORK,542540,LOW,NONE,BEARISH,BEARISH,WEAK,AT_PIVOT,LOW_WICK,NEUTRAL,CHAOTIC,NONE,TESTING_PIVOT,49,23,0.0,50,NEUTRAL,False,70,[],0,0,NEUTRAL,BEARISH,40,False,NONE,0,False,False,False,60,False,0,100,NONE,NONE,DOWN,0,True,75,55,45,80,False,True,NEUTRAL,70,False,0.0,NONE,True,BEARISH,True,True,90,True,70,5.2039381153319395,1.2882447665060204,55.00000000000001,20,POOR,False,75,64,-0.10380296137015257,5,30.000000000000004,True,RANDOM,70,46.23111703176202,4.568120596786082,True,MOMENTUM_SHIFT,False,True,False,65,True,70,NONE,100,CHOPPY,NORMAL,NONE,100,-0.1639,CHOPPY,20,50,30,WEAK,NONE,55,30,65,NORMAL,58,55,45,-0.39,False,80,0.6479935362240776,85.048,RANGING,90,False,NONE,0.858395,0.859325,0.859065,FAR,30,50,85,50,NONE,NONE,NONE,False,[],0,0,SIDEWAY_RANGE,SIDEWAY_RANGE,54,60,True,28,Price ranging between clear levels. Suitable for mean-reversion strategies.,1.0,0.5,False,False,False,False,0.3,0.3,True,False,False,18,True,[],0,NO,SIDEWAY_RANGE,Price ranging between clear levels. Suitable for mean-reversion strategies.,NORMAL,LOW,0.072,[],True,Passed basic checks,0,50,50,MEDIUM,5,WAIT,รอการวิเคราะห์จาก AI
2026-06-27 21:05:00,0.859045,0.859305,0.859045,0.859305,1.0,EURGBP-OTC,BEARISH,0.859187,0.859332,0.859379,0.859334,0.85975,0.860102,BEARISH,0.860899,0.858567,0.002333,0.003666,37.7,37.79,2.4e-05,0.000161,-0.000137,31.17,31.17,0.000596,23.12,-0.89,0.000635,0.00066,19.47,16.07,25.39,22.46,-0.0686,1,1.0,1.0,False,STABLE,-7.6e-05,-5.7e-05,5.6e-05,0.858395,0.860855,0.859188,0.859332,0.859508,0.859012,0.858868,21,4.13,0.859144,0.85914,0.859156,0.859339,50.56,63.4,-5.2e-05,-8.1e-05,49.2,46.83,0.000264,0.858395,0.859575,0.859597,0.858501,0.859218,0.859392,0.859132,1,1.0,0.859305,0.859305,0.859045,0.859045,NEW YORK,302924,LOW,0.859305,0.859305,0.859045,0.859045,NEW YORK,302924,LOW,NONE,BULLISH,BULLISH,WEAK,AT_PIVOT,LOW_WICK,NEUTRAL,CHAOTIC,TRUE,TESTING_PIVOT,49,23,0.0,50,NEUTRAL,False,70,[],0,0,NEUTRAL,BULLISH,40,True,REJECTION,25,False,False,True,70,False,0,100,NONE,NONE,DOWN,0,True,75,55,45,80,False,True,NEUTRAL,70,False,0.0,NONE,True,BEARISH,True,True,90,True,70,4.125177809388655,1.2224938875304052,55.00000000000001,20,POOR,False,75,63,-0.11974838920523186,5,19.999999999999996,True,RANDOM,70,42.970854917231875,7.646416374746319,True,MOMENTUM_SHIFT,False,True,False,65,True,70,NONE,80,CHOPPY,LOW,NONE,80,-0.0686,CHOPPY,20,50,30,WEAK,NONE,55,30,65,LOW,58,55,45,-0.89,False,65,0.6363884342607747,97.504,RANGING,90,False,NONE,0.858395,0.859332,0.859188,FAR,30,50,85,50,NONE,NONE,NONE,False,[],0,0,BREAKOUT_EMERGING,BREAKOUT_EMERGING,51,70,True,28,"Volatility expansion after compression. Potential breakout opportunity. (breakout prob: 30%, reversal prob: 50%)",1.0,0.5,False,False,False,False,0.3,0.3,True,False,False,18,True,[],0,NO,BREAKOUT_EMERGING,"Volatility expansion after compression. Potential breakout opportunity. (breakout prob: 30%, reversal prob: 50%)",LOW,LOW,0.069,[],True,Passed basic checks,0,50,50,MEDIUM,5,WAIT,รอการวิเคราะห์จาก AI
2026-06-27 21:06:00,0.859045,0.859305,0.859045,0.859305,1.0,EURGBP-OTC,BEARISH,0.859187,0.859332,0.859379,0.859334,0.85975,0.860102,BEARISH,0.860899,0.858567,0.002333,0.003666,37.7,37.79,2.4e-05,0.000161,-0.000137,31.17,31.17,0.000596,23.12,-0.89,0.000635,0.00066,19.47,16.07,25.39,22.46,-0.0686,1,1.0,1.0,False,STABLE,-7.6e-05,-5.7e-05,5.6e-05,0.858395,0.860855,0.859188,0.859332,0.859508,0.859012,0.858868,21,4.13,0.859144,0.85914,0.859156,0.859339,50.56,63.4,-5.2e-05,-8.1e-05,49.2,46.83,0.000264,0.858395,0.859575,0.859597,0.858501,0.859218,0.859392,0.859132,1,1.0,0.859305,0.859305,0.859045,0.859045,NEW YORK,363344,LOW,0.859305,0.859305,0.859045,0.859045,NEW YORK,363344,LOW,NONE,BULLISH,BULLISH,WEAK,AT_PIVOT,LOW_WICK,NEUTRAL,CHAOTIC,TRUE,TESTING_PIVOT,49,23,0.0,50,NEUTRAL,False,70,[],0,0,NEUTRAL,BULLISH,40,True,REJECTION,25,False,False,True,70,False,0,100,NONE,NONE,DOWN,0,True,75,55,45,80,False,True,NEUTRAL,70,False,0.0,NONE,True,BEARISH,True,True,90,True,70,4.125177809388655,1.2224938875304052,55.00000000000001,20,POOR,False,75,63,-0.11974838920523186,5,19.999999999999996,True,RANDOM,70,42.970854917231875,7.646416374746319,True,MOMENTUM_SHIFT,False,True,False,65,True,70,NONE,80,CHOPPY,LOW,NONE,80,-0.0686,CHOPPY,20,50,30,WEAK,NONE,55,30,65,LOW,58,55,45,-0.89,False,65,0.6363884342607747,97.504,RANGING,90,False,NONE,0.858395,0.859332,0.859188,FAR,30,50,85,50,NONE,NONE,NONE,False,[],0,0,BREAKOUT_EMERGING,BREAKOUT_EMERGING,51,70,True,28,"Volatility expansion after compression. Potential breakout opportunity. (breakout prob: 30%, reversal prob: 50%)",1.0,0.5,False,False,False,False,0.3,0.3,True,False,False,18,True,[],0,NO,BREAKOUT_EMERGING,"Volatility expansion after compression. Potential breakout opportunity. (breakout prob: 30%, reversal prob: 50%)",LOW,LOW,0.069,[],True,Passed basic checks,0,50,50,MEDIUM,5,WAIT,รอการวิเคราะห์จาก AI
2026-06-27 21:07:00,0.859045,0.859305,0.859045,0.859305,1.0,EURGBP-OTC,BEARISH,0.859187,0.859332,0.859379,0.859334,0.85975,0.860102,BEARISH,0.860899,0.858567,0.002333,0.003666,37.7,37.79,2.4e-05,0.000161,-0.000137,31.17,31.17,0.000596,23.12,-0.89,0.000635,0.00066,19.47,16.07,25.39,22.46,-0.0686,1,1.0,1.0,False,STABLE,-7.6e-05,-5.7e-05,5.6e-05,0.858395,0.860855,0.859188,0.859332,0.859508,0.859012,0.858868,21,4.13,0.859144,0.85914,0.859156,0.859339,50.56,63.4,-5.2e-05,-8.1e-05,49.2,46.83,0.000264,0.858395,0.859575,0.859597,0.858501,0.859218,0.859392,0.859132,1,1.0,0.859305,0.859305,0.859045,0.859045,NEW YORK,422667,LOW,0.859305,0.859305,0.859045,0.859045,NEW YORK,422667,LOW,NONE,BULLISH,BULLISH,WEAK,AT_PIVOT,LOW_WICK,NEUTRAL,CHAOTIC,TRUE,TESTING_PIVOT,49,23,0.0,50,NEUTRAL,False,70,[],0,0,NEUTRAL,BULLISH,40,True,REJECTION,25,False,False,True,70,False,0,100,NONE,NONE,DOWN,0,True,75,55,45,80,False,True,NEUTRAL,70,False,0.0,NONE,True,BEARISH,True,True,90,True,70,4.125177809388655,1.2224938875304052,55.00000000000001,20,POOR,False,75,63,-0.11974838920523186,5,19.999999999999996,True,RANDOM,70,42.970854917231875,7.646416374746319,True,MOMENTUM_SHIFT,False,True,False,65,True,70,NONE,80,CHOPPY,LOW,NONE,80,-0.0686,CHOPPY,20,50,30,WEAK,NONE,55,30,65,LOW,58,55,45,-0.89,False,65,0.6363884342607747,97.504,RANGING,90,False,NONE,0.858395,0.859332,0.859188,FAR,30,50,85,50,NONE,NONE,NONE,False,[],0,0,BREAKOUT_EMERGING,BREAKOUT_EMERGING,51,70,True,28,"Volatility expansion after compression. Potential breakout opportunity. (breakout prob: 30%, reversal prob: 50%)",1.0,0.5,False,False,False,False,0.3,0.3,True,False,False,18,True,[],0,NO,BREAKOUT_EMERGING,"Volatility expansion after compression. Potential breakout opportunity. (breakout prob: 30%, reversal prob: 50%)",LOW,LOW,0.069,[],True,Passed basic checks,0,50,50,MEDIUM,5,WAIT,รอการวิเคราะห์จาก AI
2026-06-27 21:08:00,0.859045,0.859305,0.859045,0.859305,1.0,EURGBP-OTC,BEARISH,0.859187,0.859332,0.859379,0.859334,0.85975,0.860102,BEARISH,0.860899,0.858567,0.002333,0.003666,37.7,37.79,2.4e-05,0.000161,-0.000137,31.17,31.17,0.000596,23.12,-0.89,0.000635,0.00066,19.47,16.07,25.39,22.46,-0.0686,1,1.0,1.0,False,STABLE,-7.6e-05,-5.7e-05,5.6e-05,0.858395,0.860855,0.859188,0.859332,0.859508,0.859012,0.858868,21,4.13,0.859144,0.85914,0.859156,0.859339,50.56,63.4,-5.2e-05,-8.1e-05,49.2,46.83,0.000264,0.858395,0.859575,0.859597,0.858501,0.859218,0.859392,0.859132,1,1.0,0.859305,0.859305,0.859045,0.859045,NEW YORK,483115,LOW,0.859305,0.859305,0.859045,0.859045,NEW YORK,483115,LOW,NONE,BULLISH,BULLISH,WEAK,AT_PIVOT,LOW_WICK,NEUTRAL,CHAOTIC,TRUE,TESTING_PIVOT,49,23,0.0,50,NEUTRAL,False,70,[],0,0,NEUTRAL,BULLISH,40,True,REJECTION,25,False,False,True,70,False,0,100,NONE,NONE,DOWN,0,True,75,55,45,80,False,True,NEUTRAL,70,False,0.0,NONE,True,BEARISH,True,True,90,True,70,4.125177809388655,1.2224938875304052,55.00000000000001,20,POOR,False,75,63,-0.11974838920523186,5,19.999999999999996,True,RANDOM,70,42.970854917231875,7.646416374746319,True,MOMENTUM_SHIFT,False,True,False,65,True,70,NONE,80,CHOPPY,LOW,NONE,80,-0.0686,CHOPPY,20,50,30,WEAK,NONE,55,30,65,LOW,58,55,45,-0.89,False,65,0.6363884342607747,97.504,RANGING,90,False,NONE,0.858395,0.859332,0.859188,FAR,30,50,85,50,NONE,NONE,NONE,False,[],0,0,BREAKOUT_EMERGING,BREAKOUT_EMERGING,51,70,True,28,"Volatility expansion after compression. Potential breakout opportunity. (breakout prob: 30%, reversal prob: 50%)",1.0,0.5,False,False,False,False,0.3,0.3,True,False,False,18,True,[],0,NO,BREAKOUT_EMERGING,"Volatility expansion after compression. Potential breakout opportunity. (breakout prob: 30%, reversal prob: 50%)",LOW,LOW,0.069,[],True,Passed basic checks,0,50,50,MEDIUM,5,WAIT,รอการวิเคราะห์จาก AI
2026-06-27 21:09:00,0.859045,0.859305,0.859045,0.859305,1.0,EURGBP-OTC,BEARISH,0.859187,0.859332,0.859379,0.859334,0.85975,0.860102,BEARISH,0.860899,0.858567,0.002333,0.003666,37.7,37.79,2.4e-05,0.000161,-0.000137,31.17,31.17,0.000596,23.12,-0.89,0.000635,0.00066,19.47,16.07,25.39,22.46,-0.0686,1,1.0,1.0,False,STABLE,-7.6e-05,-5.7e-05,5.6e-05,0.858395,0.860855,0.859188,0.859332,0.859508,0.859012,0.858868,21,4.13,0.859144,0.85914,0.859156,0.859339,50.56,63.4,-5.2e-05,-8.1e-05,49.2,46.83,0.000264,0.858395,0.859575,0.859597,0.858501,0.859218,0.859392,0.859132,1,1.0,0.859305,0.859305,0.859045,0.859045,NEW YORK,542519,LOW,0.859305,0.859305,0.859045,0.859045,NEW YORK,542519,LOW,NONE,BULLISH,BULLISH,WEAK,AT_PIVOT,LOW_WICK,NEUTRAL,CHAOTIC,TRUE,TESTING_PIVOT,49,23,0.0,50,NEUTRAL,False,70,[],0,0,NEUTRAL,BULLISH,40,True,REJECTION,25,False,False,True,70,False,0,100,NONE,NONE,DOWN,0,True,75,55,45,80,False,True,NEUTRAL,70,False,0.0,NONE,True,BEARISH,True,True,90,True,70,4.125177809388655,1.2224938875304052,55.00000000000001,20,POOR,False,75,63,-0.11974838920523186,5,19.999999999999996,True,RANDOM,70,42.970854917231875,7.646416374746319,True,MOMENTUM_SHIFT,False,True,False,65,True,70,NONE,80,CHOPPY,LOW,NONE,80,-0.0686,CHOPPY,20,50,30,WEAK,NONE,55,30,65,LOW,58,55,45,-0.89,False,65,0.6363884342607747,97.504,RANGING,90,False,NONE,0.858395,0.859332,0.859188,FAR,30,50,85,50,NONE,NONE,NONE,False,[],0,0,BREAKOUT_EMERGING,BREAKOUT_EMERGING,51,70,True,28,"Volatility expansion after compression. Potential breakout opportunity. (breakout prob: 30%, reversal prob: 50%)",1.0,0.5,False,False,False,False,0.3,0.3,True,False,False,18,True,[],0,NO,BREAKOUT_EMERGING,"Volatility expansion after compression. Potential breakout opportunity. (breakout prob: 30%, reversal prob: 50%)",LOW,LOW,0.069,[],True,Passed basic checks,0,50,50,MEDIUM,5,WAIT,รอการวิเคราะห์จาก AI
2026-06-27 21:10:00,0.859145,0.859345,0.859075,0.859085,1.0,EURGBP-OTC,BEARISH,0.85921,0.859318,0.859367,0.859331,0.859739,0.860088,BEARISH,0.860901,0.85856,0.002341,0.003619,43.22,31.47,1.3e-05,0.000131,-0.000118,31.14,32.15,0.000575,10.55,-1.26,0.000624,0.000663,19.94,15.2,25.9,26.05,-0.0372,1,1.0,1.0,False,STABLE,-5.2e-05,-7e-05,5.5e-05,0.858395,0.860855,0.859162,0.859438,0.859622,0.858978,0.858702,22,4.28,0.859151,0.859159,0.859165,0.859311,59.68,41.33,-3e-05,-4.6e-05,43.29,50.07,0.000234,0.858665,0.859575,0.859525,0.858815,0.859168,0.859262,0.858992,1,1.0,0.859085,0.859345,0.859075,0.859145,NEW YORK,302856,LOW,0.859085,0.859345,0.859075,0.859145,NEW YORK,302856,LOW,MORNING_STAR,BULLISH,BULLISH,WEAK,AT_PIVOT,LOW_WICK,NEUTRAL,CHAOTIC,NONE,TESTING_PIVOT,48,26,6.666666666666667,50,NEUTRAL,False,70,['MORNING_STAR'],1,20,BULLISH,BULLISH,60,False,NONE,0,False,False,False,60,False,0,50,NONE,NONE,NONE,0,False,75,55,45,80,False,True,NEUTRAL,70,False,0.0,NONE,True,BEARISH,True,True,90,True,70,0.7473841554558497,5.605935696619975,55.00000000000001,20,POOR,False,75,61,-0.12313222721226766,5,10.000000000000009,True,RANDOM,70,41.65545049237324,8.820988408635174,True,MOMENTUM_SHIFT,False,True,False,65,True,70,NONE,80,CHOPPY,LOW,NONE,80,-0.0372,CHOPPY,20,50,30,WEAK,NONE,55,30,65,LOW,58,55,45,-1.26,False,65,0.6468637745233491,100.0,RANGING,90,False,NONE,0.858395,0.859438,0.859162,FAR,30,50,85,50,NONE,NONE,NONE,False,[],0,0,BREAKOUT_EMERGING,BREAKOUT_EMERGING,53,70,True,28,"Volatility expansion after compression. Potential breakout opportunity. (breakout prob: 30%, reversal prob: 50%)",1.0,0.5,False,False,False,False,0.3,0.3,True,False,False,18,True,[],0,NO,BREAKOUT_EMERGING,"Volatility expansion after compression. Potential breakout opportunity. (breakout prob: 30%, reversal prob: 50%)",LOW,LOW,0.067,[],True,Passed basic checks,0,50,50,MEDIUM,5,WAIT,รอการวิเคราะห์จาก AI
2026-06-27 21:11:00,0.859145,0.859345,0.859075,0.859085,1.0,EURGBP-OTC,BEARISH,0.85921,0.859318,0.859367,0.859331,0.859739,0.860088,BEARISH,0.860901,0.85856,0.002341,0.003619,43.22,31.47,1.3e-05,0.000131,-0.000118,31.14,32.15,0.000575,10.55,-1.26,0.000624,0.000663,19.94,15.2,25.9,26.05,-0.0372,1,1.0,1.0,False,STABLE,-5.2e-05,-7e-05,5.5e-05,0.858395,0.860855,0.859162,0.859438,0.859622,0.858978,0.858702,22,4.28,0.859151,0.859159,0.859165,0.859311,59.68,41.33,-3e-05,-4.6e-05,43.29,50.07,0.000234,0.858665,0.859575,0.859525,0.858815,0.859168,0.859262,0.858992,1,1.0,0.859085,0.859345,0.859075,0.859145,NEW YORK,363283,LOW,0.859085,0.859345,0.859075,0.859145,NEW YORK,363283,LOW,MORNING_STAR,BULLISH,BULLISH,WEAK,AT_PIVOT,LOW_WICK,NEUTRAL,CHAOTIC,NONE,TESTING_PIVOT,48,26,6.666666666666667,50,NEUTRAL,False,70,['MORNING_STAR'],1,20,BULLISH,BULLISH,60,False,NONE,0,False,False,False,60,False,0,50,NONE,NONE,NONE,0,False,75,55,45,80,False,True,NEUTRAL,70,False,0.0,NONE,True,BEARISH,True,True,90,True,70,0.7473841554558497,5.605935696619975,55.00000000000001,20,POOR,False,75,61,-0.12313222721226766,5,10.000000000000009,True,RANDOM,70,41.65545049237324,8.820988408635174,True,MOMENTUM_SHIFT,False,True,False,65,True,70,NONE,80,CHOPPY,LOW,NONE,80,-0.0372,CHOPPY,20,50,30,WEAK,NONE,55,30,65,LOW,58,55,45,-1.26,False,65,0.6468637745233491,100.0,RANGING,90,False,NONE,0.858395,0.859438,0.859162,FAR,30,50,85,50,NONE,NONE,NONE,False,[],0,0,ACCUMULATION,ACCUMULATION,53,65,True,28,"Smart money accumulation. Bullish bias, look for breakout.",1.0,0.5,False,False,False,False,0.3,0.3,True,False,False,18,True,[],0,NO,ACCUMULATION,"Smart money accumulation. Bullish bias, look for breakout.",LOW,LOW,0.067,[],True,Passed basic checks,0,50,50,MEDIUM,5,WAIT,รอการวิเคราะห์จาก AI
2026-06-27 21:12:00,0.859145,0.859345,0.859075,0.859085,1.0,EURGBP-OTC,BEARISH,0.85921,0.859318,0.859367,0.859331,0.859739,0.860088,BEARISH,0.860901,0.85856,0.002341,0.003619,43.22,31.47,1.3e-05,0.000131,-0.000118,31.14,32.15,0.000575,10.55,-1.26,0.000624,0.000663,19.94,15.2,25.9,26.05,-0.0372,1,1.0,1.0,False,STABLE,-5.2e-05,-7e-05,5.5e-05,0.858395,0.860855,0.859162,0.859438,0.859622,0.858978,0.858702,22,4.28,0.859151,0.859159,0.859165,0.859311,59.68,41.33,-3e-05,-4.6e-05,43.29,50.07,0.000234,0.858665,0.859575,0.859525,0.858815,0.859168,0.859262,0.858992,1,1.0,0.859085,0.859345,0.859075,0.859145,NEW YORK,422799,LOW,0.859085,0.859345,0.859075,0.859145,NEW YORK,422799,LOW,MORNING_STAR,BULLISH,BULLISH,WEAK,AT_PIVOT,LOW_WICK,NEUTRAL,CHAOTIC,NONE,TESTING_PIVOT,48,26,6.666666666666667,50,NEUTRAL,False,70,['MORNING_STAR'],1,20,BULLISH,BULLISH,60,False,NONE,0,False,False,False,60,False,0,50,NONE,NONE,NONE,0,False,75,55,45,80,False,True,NEUTRAL,70,False,0.0,NONE,True,BEARISH,True,True,90,True,70,0.7473841554558497,5.605935696619975,55.00000000000001,20,POOR,False,75,61,-0.12313222721226766,5,10.000000000000009,True,RANDOM,70,41.65545049237324,8.820988408635174,True,MOMENTUM_SHIFT,False,True,False,65,True,70,NONE,80,CHOPPY,LOW,NONE,80,-0.0372,CHOPPY,20,50,30,WEAK,NONE,55,30,65,LOW,58,55,45,-1.26,False,65,0.6468637745233491,100.0,RANGING,90,False,NONE,0.858395,0.859438,0.859162,FAR,30,50,85,50,NONE,NONE,NONE,False,[],0,0,BREAKOUT_EMERGING,BREAKOUT_EMERGING,53,70,True,28,"Volatility expansion after compression. Potential breakout opportunity. (breakout prob: 30%, reversal prob: 50%)",1.0,0.5,False,False,False,False,0.3,0.3,True,False,False,18,True,[],0,NO,BREAKOUT_EMERGING,"Volatility expansion after compression. Potential breakout opportunity. (breakout prob: 30%, reversal prob: 50%)",LOW,LOW,0.067,[],True,Passed basic checks,0,50,50,MEDIUM,5,WAIT,รอการวิเคราะห์จาก AI
2026-06-27 21:13:00,0.859145,0.859345,0.859075,0.859085,1.0,EURGBP-OTC,BEARISH,0.85921,0.859318,0.859367,0.859331,0.859739,0.860088,BEARISH,0.860901,0.85856,0.002341,0.003619,43.22,31.47,1.3e-05,0.000131,-0.000118,31.14,32.15,0.000575,10.55,-1.26,0.000624,0.000663,19.94,15.2,25.9,26.05,-0.0372,1,1.0,1.0,False,STABLE,-5.2e-05,-7e-05,5.5e-05,0.858395,0.860855,0.859162,0.859438,0.859622,0.858978,0.858702,22,4.28,0.859151,0.859159,0.859165,0.859311,59.68,41.33,-3e-05,-4.6e-05,43.29,50.07,0.000234,0.858665,0.859575,0.859525,0.858815,0.859168,0.859262,0.858992,1,1.0,0.859085,0.859345,0.859075,0.859145,NEW YORK,483275,LOW,0.859085,0.859345,0.859075,0.859145,NEW YORK,483275,LOW,MORNING_STAR,BULLISH,BULLISH,WEAK,AT_PIVOT,LOW_WICK,NEUTRAL,CHAOTIC,NONE,TESTING_PIVOT,48,26,6.666666666666667,50,NEUTRAL,False,70,['MORNING_STAR'],1,20,BULLISH,BULLISH,60,False,NONE,0,False,False,False,60,False,0,50,NONE,NONE,NONE,0,False,75,55,45,80,False,True,NEUTRAL,70,False,0.0,NONE,True,BEARISH,True,True,90,True,70,0.7473841554558497,5.605935696619975,55.00000000000001,20,POOR,False,75,61,-0.12313222721226766,5,10.000000000000009,True,RANDOM,70,41.65545049237324,8.820988408635174,True,MOMENTUM_SHIFT,False,True,False,65,True,70,NONE,80,CHOPPY,LOW,NONE,80,-0.0372,CHOPPY,20,50,30,WEAK,NONE,55,30,65,LOW,58,55,45,-1.26,False,65,0.6468637745233491,100.0,RANGING,90,False,NONE,0.858395,0.859438,0.859162,FAR,30,50,85,50,NONE,NONE,NONE,False,[],0,0,BREAKOUT_EMERGING,BREAKOUT_EMERGING,53,70,True,28,"Volatility expansion after compression. Potential breakout opportunity. (breakout prob: 30%, reversal prob: 50%)",1.0,0.5,False,False,False,False,0.3,0.3,True,False,False,18,True,[],0,NO,BREAKOUT_EMERGING,"Volatility expansion after compression. Potential breakout opportunity. (breakout prob: 30%, reversal prob: 50%)",LOW,LOW,0.067,[],True,Passed basic checks,0,50,50,MEDIUM,5,WAIT,รอการวิเคราะห์จาก AI
2026-06-27 21:14:00,0.859145,0.859345,0.859075,0.859085,1.0,EURGBP-OTC,BEARISH,0.85921,0.859318,0.859367,0.859331,0.859739,0.860088,BEARISH,0.860901,0.85856,0.002341,0.003619,43.22,31.47,1.3e-05,0.000131,-0.000118,31.14,32.15,0.000575,10.55,-1.26,0.000624,0.000663,19.94,15.2,25.9,26.05,-0.0372,1,1.0,1.0,False,STABLE,-5.2e-05,-7e-05,5.5e-05,0.858395,0.860855,0.859162,0.859438,0.859622,0.858978,0.858702,22,4.28,0.859151,0.859159,0.859165,0.859311,59.68,41.33,-3e-05,-4.6e-05,43.29,50.07,0.000234,0.858665,0.859575,0.859525,0.858815,0.859168,0.859262,0.858992,1,1.0,0.859085,0.859345,0.859075,0.859145,NEW YORK,542880,LOW,0.859085,0.859345,0.859075,0.859145,NEW YORK,542880,LOW,MORNING_STAR,BULLISH,BULLISH,WEAK,AT_PIVOT,LOW_WICK,NEUTRAL,CHAOTIC,NONE,TESTING_PIVOT,48,26,6.666666666666667,50,NEUTRAL,False,70,['MORNING_STAR'],1,20,BULLISH,BULLISH,60,False,NONE,0,False,False,False,60,False,0,50,NONE,NONE,NONE,0,False,75,55,45,80,False,True,NEUTRAL,70,False,0.0,NONE,True,BEARISH,True,True,90,True,70,0.7473841554558497,5.605935696619975,55.00000000000001,20,POOR,False,75,61,-0.12313222721226766,5,10.000000000000009,True,RANDOM,70,41.65545049237324,8.820988408635174,True,MOMENTUM_SHIFT,False,True,False,65,True,70,NONE,80,CHOPPY,LOW,NONE,80,-0.0372,CHOPPY,20,50,30,WEAK,NONE,55,30,65,LOW,58,55,45,-1.26,False,65,0.6468637745233491,100.0,RANGING,90,False,NONE,0.858395,0.859438,0.859162,FAR,30,50,85,50,NONE,NONE,NONE,False,[],0,0,BREAKOUT_EMERGING,BREAKOUT_EMERGING,53,70,True,28,"Volatility expansion after compression. Potential breakout opportunity. (breakout prob: 30%, reversal prob: 50%)",1.0,0.5,False,False,False,False,0.3,0.3,True,False,False,18,True,[],0,NO,BREAKOUT_EMERGING,"Volatility expansion after compression. Potential breakout opportunity. (breakout prob: 30%, reversal prob: 50%)",LOW,LOW,0.067,[],True,Passed basic checks,0,50,50,MEDIUM,5,WAIT,รอการวิเคราะห์จาก AI
2026-06-27 21:15:00,0.859265,0.859415,0.859255,0.859365,1.0,EURGBP-OTC,BULLISH,0.859425,0.859416,0.859414,0.859352,0.859749,0.860143,BULLISH,0.860894,0.858559,0.002336,0.003571,64.54,41.72,5.3e-05,0.000116,-6.3e-05,44.04,35.45,0.000614,34.17,-0.6,0.00062,0.000662,19.06,19.68,22.94,7.64,0.0116,1,1.0,1.0,False,STABLE,0.0,-6.5e-05,5.5e-05,0.858395,0.860855,0.859545,0.860205,0.860555,0.859195,0.858535,23,4.01,0.859228,0.859189,0.859175,0.859287,68.63,66.13,-5e-06,-3.2e-05,76.43,60.44,0.000224,0.858805,0.859575,0.85948,0.858902,0.859345,0.859435,0.859275,1,1.0,0.859365,0.859415,0.859255,0.859265,NEW YORK,304344,LOW,0.859365,0.859415,0.859255,0.859265,NEW YORK,304344,LOW,NONE,BULLISH,BULLISH,WEAK,AT_PIVOT,LOW_WICK,NEUTRAL,CHAOTIC,NONE,TESTING_PIVOT,47,26,13.333333333333334,50,NEUTRAL,False,70,[],0,0,NEUTRAL,BULLISH,40,False,NONE,0,False,False,False,60,False,0,100,UP,NONE,NONE,0,True,75,55,45,80,False,True,NEUTRAL,70,False,0.0,NONE,True,BEARISH,True,True,90,True,70,1.2012012012007756,1.6881028938901164,55.00000000000001,19,POOR,False,75,61,-0.12275394973582894,5,10.000000000000009,True,RANDOM,70,43.50029168597487,7.53019183800825,False,NONE,False,False,False,100,True,70,NONE,20,CHOPPY,NORMAL,NONE,20,0.0116,CHOPPY,20,50,30,WEAK,BEARISH,50,30,60,NORMAL,58,55,45,-0.6,False,80,0.6541584990198824,88.664,RANGING,90,False,NONE,0.858395,0.860205,0.859545,FAR,30,50,85,50,NONE,NONE,NONE,False,[],0,0,SIDEWAY_RANGE,SIDEWAY_RANGE,50,60,True,28,Price ranging between clear levels. Suitable for mean-reversion strategies.,1.0,0.5,False,False,False,True,0.3,0.3,True,False,False,18,True,[],0,NO,SIDEWAY_RANGE,Price ranging between clear levels. Suitable for mean-reversion strategies.,NORMAL,LOW,0.071,[],True,Passed basic checks,0,50,50,MEDIUM,5,WAIT,รอการวิเคราะห์จาก AI
2026-06-27 21:16:00,0.859265,0.859415,0.859255,0.859365,1.0,EURGBP-OTC,BULLISH,0.859425,0.859416,0.859414,0.859352,0.859749,0.860143,BULLISH,0.860894,0.858559,0.002336,0.003571,64.54,41.72,5.3e-05,0.000116,-6.3e-05,44.04,35.45,0.000614,34.17,-0.6,0.00062,0.000662,19.06,19.68,22.94,7.64,0.0116,1,1.0,1.0,False,STABLE,0.0,-6.5e-05,5.5e-05,0.858395,0.860855,0.859545,0.860205,0.860555,0.859195,0.858535,23,4.01,0.859228,0.859189,0.859175,0.859287,68.63,66.13,-5e-06,-3.2e-05,76.43,60.44,0.000224,0.858805,0.859575,0.85948,0.858902,0.859345,0.859435,0.859275,1,1.0,0.859365,0.859415,0.859255,0.859265,NEW YORK,362747,LOW,0.859365,0.859415,0.859255,0.859265,NEW YORK,362747,LOW,NONE,BULLISH,BULLISH,WEAK,AT_PIVOT,LOW_WICK,NEUTRAL,CHAOTIC,NONE,TESTING_PIVOT,47,26,13.333333333333334,50,NEUTRAL,False,70,[],0,0,NEUTRAL,BULLISH,40,False,NONE,0,False,False,False,60,False,0,100,UP,NONE,NONE,0,True,75,55,45,80,False,True,NEUTRAL,70,False,0.0,NONE,True,BEARISH,True,True,90,True,70,1.2012012012007756,1.6881028938901164,55.00000000000001,19,POOR,False,75,61,-0.12275394973582894,5,10.000000000000009,True,RANDOM,70,43.50029168597487,7.53019183800825,False,NONE,False,False,False,100,True,70,NONE,20,CHOPPY,NORMAL,NONE,20,0.0116,CHOPPY,20,50,30,WEAK,BEARISH,50,30,60,NORMAL,58,55,45,-0.6,False,80,0.6541584990198824,88.664,RANGING,90,False,NONE,0.858395,0.860205,0.859545,FAR,30,50,85,50,NONE,NONE,NONE,False,[],0,0,SIDEWAY_RANGE,SIDEWAY_RANGE,50,60,True,28,Price ranging between clear levels. Suitable for mean-reversion strategies.,1.0,0.5,False,False,False,True,0.3,0.3,True,False,False,18,True,[],0,NO,SIDEWAY_RANGE,Price ranging between clear levels. Suitable for mean-reversion strategies.,NORMAL,LOW,0.071,[],True,Passed basic checks,0,50,50,MEDIUM,5,WAIT,รอการวิเคราะห์จาก AI
2026-06-27 21:17:00,0.859265,0.859415,0.859255,0.859365,1.0,EURGBP-OTC,BULLISH,0.859425,0.859416,0.859414,0.859352,0.859749,0.860143,BULLISH,0.860894,0.858559,0.002336,0.003571,64.54,41.72,5.3e-05,0.000116,-6.3e-05,44.04,35.45,0.000614,34.17,-0.6,0.00062,0.000662,19.06,19.68,22.94,7.64,0.0116,1,1.0,1.0,False,STABLE,0.0,-6.5e-05,5.5e-05,0.858395,0.860855,0.859545,0.860205,0.860555,0.859195,0.858535,23,4.01,0.859228,0.859189,0.859175,0.859287,68.63,66.13,-5e-06,-3.2e-05,76.43,60.44,0.000224,0.858805,0.859575,0.85948,0.858902,0.859345,0.859435,0.859275,1,1.0,0.859365,0.859415,0.859255,0.859265,NEW YORK,423069,LOW,0.859365,0.859415,0.859255,0.859265,NEW YORK,423069,LOW,NONE,BULLISH,BULLISH,WEAK,AT_PIVOT,LOW_WICK,NEUTRAL,CHAOTIC,NONE,TESTING_PIVOT,47,26,13.333333333333334,50,NEUTRAL,False,70,[],0,0,NEUTRAL,BULLISH,40,False,NONE,0,False,False,False,60,False,0,100,UP,NONE,NONE,0,True,75,55,45,80,False,True,NEUTRAL,70,False,0.0,NONE,True,BEARISH,True,True,90,True,70,1.2012012012007756,1.6881028938901164,55.00000000000001,19,POOR,False,75,61,-0.12275394973582894,5,10.000000000000009,True,RANDOM,70,43.50029168597487,7.53019183800825,False,NONE,False,False,False,100,True,70,NONE,20,CHOPPY,NORMAL,NONE,20,0.0116,CHOPPY,20,50,30,WEAK,BEARISH,50,30,60,NORMAL,58,55,45,-0.6,False,80,0.6541584990198824,88.664,RANGING,90,False,NONE,0.858395,0.860205,0.859545,FAR,30,50,85,50,NONE,NONE,NONE,False,[],0,0,SIDEWAY_RANGE,SIDEWAY_RANGE,50,60,True,28,Price ranging between clear levels. Suitable for mean-reversion strategies.,1.0,0.5,False,False,False,True,0.3,0.3,True,False,False,18,True,[],0,NO,SIDEWAY_RANGE,Price ranging between clear levels. Suitable for mean-reversion strategies.,NORMAL,LOW,0.071,[],True,Passed basic checks,0,50,50,MEDIUM,5,WAIT,รอการวิเคราะห์จาก AI
2026-06-27 21:18:00,0.859265,0.859415,0.859255,0.859365,1.0,EURGBP-OTC,BULLISH,0.859425,0.859416,0.859414,0.859352,0.859749,0.860143,BULLISH,0.860894,0.858559,0.002336,0.003571,64.54,41.72,5.3e-05,0.000116,-6.3e-05,44.04,35.45,0.000614,34.17,-0.6,0.00062,0.000662,19.06,19.68,22.94,7.64,0.0116,1,1.0,1.0,False,STABLE,0.0,-6.5e-05,5.5e-05,0.858395,0.860855,0.859545,0.860205,0.860555,0.859195,0.858535,23,4.01,0.859228,0.859189,0.859175,0.859287,68.63,66.13,-5e-06,-3.2e-05,76.43,60.44,0.000224,0.858805,0.859575,0.85948,0.858902,0.859345,0.859435,0.859275,1,1.0,0.859365,0.859415,0.859255,0.859265,NEW YORK,482503,LOW,0.859365,0.859415,0.859255,0.859265,NEW YORK,482503,LOW,NONE,BULLISH,BULLISH,WEAK,AT_PIVOT,LOW_WICK,NEUTRAL,CHAOTIC,NONE,TESTING_PIVOT,47,26,13.333333333333334,50,NEUTRAL,False,70,[],0,0,NEUTRAL,BULLISH,40,False,NONE,0,False,False,False,60,False,0,100,UP,NONE,NONE,0,True,75,55,45,80,False,True,NEUTRAL,70,False,0.0,NONE,True,BEARISH,True,True,90,True,70,1.2012012012007756,1.6881028938901164,55.00000000000001,19,POOR,False,75,61,-0.12275394973582894,5,10.000000000000009,True,RANDOM,70,43.50029168597487,7.53019183800825,False,NONE,False,False,False,100,True,70,NONE,20,CHOPPY,NORMAL,NONE,20,0.0116,CHOPPY,20,50,30,WEAK,BEARISH,50,30,60,NORMAL,58,55,45,-0.6,False,80,0.6541584990198824,88.664,RANGING,90,False,NONE,0.858395,0.860205,0.859545,FAR,30,50,85,50,NONE,NONE,NONE,False,[],0,0,SIDEWAY_RANGE,SIDEWAY_RANGE,50,60,True,28,Price ranging between clear levels. Suitable for mean-reversion strategies.,1.0,0.5,False,False,False,True,0.3,0.3,True,False,False,18,True,[],0,NO,SIDEWAY_RANGE,Price ranging between clear levels. Suitable for mean-reversion strategies.,NORMAL,LOW,0.071,[],True,Passed basic checks,0,50,50,MEDIUM,5,WAIT,รอการวิเคราะห์จาก AI
2026-06-27 21:19:00,0.859265,0.859415,0.859255,0.859365,1.0,EURGBP-OTC,BULLISH,0.859425,0.859416,0.859414,0.859352,0.859749,0.860143,BULLISH,0.860894,0.858559,0.002336,0.003571,64.54,41.72,5.3e-05,0.000116,-6.3e-05,44.04,35.45,0.000614,34.17,-0.6,0.00062,0.000662,19.06,19.68,22.94,7.64,0.0116,1,1.0,1.0,False,STABLE,0.0,-6.5e-05,5.5e-05,0.858395,0.860855,0.859545,0.860205,0.860555,0.859195,0.858535,23,4.01,0.859228,0.859189,0.859175,0.859287,68.63,66.13,-5e-06,-3.2e-05,76.43,60.44,0.000224,0.858805,0.859575,0.85948,0.858902,0.859345,0.859435,0.859275,1,1.0,0.859365,0.859415,0.859255,0.859265,NEW YORK,542787,LOW,0.859365,0.859415,0.859255,0.859265,NEW YORK,542787,LOW,NONE,BULLISH,BULLISH,WEAK,AT_PIVOT,LOW_WICK,NEUTRAL,CHAOTIC,NONE,TESTING_PIVOT,47,26,13.333333333333334,50,NEUTRAL,False,70,[],0,0,NEUTRAL,BULLISH,40,False,NONE,0,False,False,False,60,False,0,100,UP,NONE,NONE,0,True,75,55,45,80,False,True,NEUTRAL,70,False,0.0,NONE,True,BEARISH,True,True,90,True,70,1.2012012012007756,1.6881028938901164,55.00000000000001,19,POOR,False,75,61,-0.12275394973582894,5,10.000000000000009,True,RANDOM,70,43.50029168597487,7.53019183800825,False,NONE,False,False,False,100,True,70,NONE,20,CHOPPY,NORMAL,NONE,20,0.0116,CHOPPY,20,50,30,WEAK,BEARISH,50,30,60,NORMAL,58,55,45,-0.6,False,80,0.6541584990198824,88.664,RANGING,90,False,NONE,0.858395,0.860205,0.859545,FAR,30,50,85,50,NONE,NONE,NONE,False,[],0,0,SIDEWAY_RANGE,SIDEWAY_RANGE,50,60,True,28,Price ranging between clear levels. Suitable for mean-reversion strategies.,1.0,0.5,False,False,False,True,0.3,0.3,True,False,False,18,True,[],0,NO,SIDEWAY_RANGE,Price ranging between clear levels. Suitable for mean-reversion strategies.,NORMAL,LOW,0.071,[],True,Passed basic checks,0,50,50,MEDIUM,5,WAIT,รอการวิเคราะห์จาก AI
2026-06-27 21:20:00,0.859845,0.860035,0.859825,0.859985,1.0,EURGBP-OTC,BULLISH,0.859325,0.859363,0.859386,0.859343,0.859738,0.860141,BEARISH,0.860866,0.858493,0.002372,0.003522,60.0,37.17,2.5e-05,9.7e-05,-7.3e-05,44.65,39.94,0.000636,44.72,-0.1,0.000623,0.00066,17.95,19.21,20.6,3.5,-0.0524,1,1.0,1.0,False,STABLE,2.1e-05,-6.8e-05,5.2e-05,0.858395,0.860855,0.859422,0.859738,0.860352,0.858808,0.858492,24,3.87,0.859682,0.859493,0.859352,0.859343,81.62,71.02,0.000126,3.2e-05,90.63,76.83,0.000276,0.858805,0.860035,0.859816,0.858685,0.859948,0.860072,0.859862,1,1.0,0.859985,0.860035,0.859825,0.859845,NEW YORK,303238,LOW,0.859985,0.860035,0.859825,0.859845,NEW YORK,303238,LOW,NONE,BEARISH,BEARISH,WEAK,NONE,LOW_WICK,NEUTRAL,CHAOTIC,NONE,NONE,49,23,6.666666666666667,50,NEUTRAL,False,70,[],0,0,NEUTRAL,BEARISH,40,False,NONE,0,False,False,False,60,False,0,50,NONE,NONE,NONE,0,False,75,55,45,80,False,True,NEUTRAL,70,False,0.0,NONE,True,BEARISH,True,True,90,True,70,12.947658402203361,2.767102229054764,60.0,25,POOR,False,75,60,-0.19589447431894538,5,0.0,False,RANDOM,70,43.78222601027149,6.947143525890261,False,NONE,False,False,False,100,True,70,NONE,40,CHOPPY,NORMAL,NONE,40,-0.0524,CHOPPY,20,50,30,WEAK,NONE,55,30,65,NORMAL,58,55,45,-0.1,False,80,0.673480976717774,80.224,RANGING,90,False,NONE,0.858395,0.859738,0.859422,FAR,30,50,85,50,NONE,NONE,NONE,False,[],0,0,SIDEWAY_RANGE,SIDEWAY_RANGE,60,60,True,28,Price ranging between clear levels. Suitable for mean-reversion strategies.,1.0,0.5,False,False,True,True,0.3,0.3,True,False,False,18,True,[],0,NO,SIDEWAY_RANGE,Price ranging between clear levels. Suitable for mean-reversion strategies.,NORMAL,LOW,0.074,[],True,Passed basic checks,0,50,50,MEDIUM,5,WAIT,รอการวิเคราะห์จาก AI
2026-06-27 21:21:00,0.859845,0.860035,0.859825,0.859985,1.0,EURGBP-OTC,BULLISH,0.859325,0.859363,0.859386,0.859343,0.859738,0.860141,BEARISH,0.860866,0.858493,0.002372,0.003522,60.0,37.17,2.5e-05,9.7e-05,-7.3e-05,44.65,39.94,0.000636,44.72,-0.1,0.000623,0.00066,17.95,19.21,20.6,3.5,-0.0524,1,1.0,1.0,False,STABLE,2.1e-05,-6.8e-05,5.2e-05,0.858395,0.860855,0.859422,0.859738,0.860352,0.858808,0.858492,24,3.87,0.859682,0.859493,0.859352,0.859343,81.62,71.02,0.000126,3.2e-05,90.63,76.83,0.000276,0.858805,0.860035,0.859816,0.858685,0.859948,0.860072,0.859862,1,1.0,0.859985,0.860035,0.859825,0.859845,NEW YORK,362810,LOW,0.859985,0.860035,0.859825,0.859845,NEW YORK,362810,LOW,NONE,BEARISH,BEARISH,WEAK,NONE,LOW_WICK,NEUTRAL,CHAOTIC,NONE,NONE,49,23,6.666666666666667,50,NEUTRAL,False,70,[],0,0,NEUTRAL,BEARISH,40,False,NONE,0,False,False,False,60,False,0,50,NONE,NONE,NONE,0,False,75,55,45,80,False,True,NEUTRAL,70,False,0.0,NONE,True,BEARISH,True,True,90,True,70,12.947658402203361,2.767102229054764,60.0,25,POOR,False,75,60,-0.19589447431894538,5,0.0,False,RANDOM,70,43.78222601027149,6.947143525890261,False,NONE,False,False,False,100,True,70,NONE,40,CHOPPY,NORMAL,NONE,40,-0.0524,CHOPPY,20,50,30,WEAK,NONE,55,30,65,NORMAL,58,55,45,-0.1,False,80,0.673480976717774,80.224,RANGING,90,False,NONE,0.858395,0.859738,0.859422,FAR,30,50,85,50,NONE,NONE,NONE,False,[],0,0,SIDEWAY_RANGE,SIDEWAY_RANGE,60,60,True,28,Price ranging between clear levels. Suitable for mean-reversion strategies.,1.0,0.5,False,False,True,True,0.3,0.3,True,False,False,18,True,[],0,NO,SIDEWAY_RANGE,Price ranging between clear levels. Suitable for mean-reversion strategies.,NORMAL,LOW,0.074,[],True,Passed basic checks,0,50,50,MEDIUM,5,WAIT,รอการวิเคราะห์จาก AI
2026-06-27 21:22:00,0.859845,0.860035,0.859825,0.859985,1.0,EURGBP-OTC,BULLISH,0.859325,0.859363,0.859386,0.859343,0.859738,0.860141,BEARISH,0.860866,0.858493,0.002372,0.003522,60.0,37.17,2.5e-05,9.7e-05,-7.3e-05,44.65,39.94,0.000636,44.72,-0.1,0.000623,0.00066,17.95,19.21,20.6,3.5,-0.0524,1,1.0,1.0,False,STABLE,2.1e-05,-6.8e-05,5.2e-05,0.858395,0.860855,0.859422,0.859738,0.860352,0.858808,0.858492,24,3.87,0.859682,0.859493,0.859352,0.859343,81.62,71.02,0.000126,3.2e-05,90.63,76.83,0.000276,0.858805,0.860035,0.859816,0.858685,0.859948,0.860072,0.859862,1,1.0,0.859985,0.860035,0.859825,0.859845,NEW YORK,423144,LOW,0.859985,0.860035,0.859825,0.859845,NEW YORK,423144,LOW,NONE,BEARISH,BEARISH,WEAK,NONE,LOW_WICK,NEUTRAL,CHAOTIC,NONE,NONE,49,23,6.666666666666667,50,NEUTRAL,False,70,[],0,0,NEUTRAL,BEARISH,40,False,NONE,0,False,False,False,60,False,0,50,NONE,NONE,NONE,0,False,75,55,45,80,False,True,NEUTRAL,70,False,0.0,NONE,True,BEARISH,True,True,90,True,70,12.947658402203361,2.767102229054764,60.0,25,POOR,False,75,60,-0.19589447431894538,5,0.0,False,RANDOM,70,43.78222601027149,6.947143525890261,False,NONE,False,False,False,100,True,70,NONE,40,CHOPPY,NORMAL,NONE,40,-0.0524,CHOPPY,20,50,30,WEAK,NONE,55,30,65,NORMAL,58,55,45,-0.1,False,80,0.673480976717774,80.224,RANGING,90,False,NONE,0.858395,0.859738,0.859422,FAR,30,50,85,50,NONE,NONE,NONE,False,[],0,0,SIDEWAY_RANGE,SIDEWAY_RANGE,60,60,True,28,Price ranging between clear levels. Suitable for mean-reversion strategies.,1.0,0.5,False,False,True,True,0.3,0.3,True,False,False,18,True,[],0,NO,SIDEWAY_RANGE,Price ranging between clear levels. Suitable for mean-reversion strategies.,NORMAL,LOW,0.074,[],True,Passed basic checks,0,50,50,MEDIUM,5,WAIT,รอการวิเคราะห์จาก AI
2026-06-27 21:23:00,0.859845,0.860035,0.859825,0.859985,1.0,EURGBP-OTC,BULLISH,0.859325,0.859363,0.859386,0.859343,0.859738,0.860141,BEARISH,0.860866,0.858493,0.002372,0.003522,60.0,37.17,2.5e-05,9.7e-05,-7.3e-05,44.65,39.94,0.000636,44.72,-0.1,0.000623,0.00066,17.95,19.21,20.6,3.5,-0.0524,1,1.0,1.0,False,STABLE,2.1e-05,-6.8e-05,5.2e-05,0.858395,0.860855,0.859422,0.859738,0.860352,0.858808,0.858492,24,3.87,0.859682,0.859493,0.859352,0.859343,81.62,71.02,0.000126,3.2e-05,90.63,76.83,0.000276,0.858805,0.860035,0.859816,0.858685,0.859948,0.860072,0.859862,1,1.0,0.859985,0.860035,0.859825,0.859845,NEW YORK,482607,LOW,0.859985,0.860035,0.859825,0.859845,NEW YORK,482607,LOW,NONE,BEARISH,BEARISH,WEAK,NONE,LOW_WICK,NEUTRAL,CHAOTIC,NONE,NONE,49,23,6.666666666666667,50,NEUTRAL,False,70,[],0,0,NEUTRAL,BEARISH,40,False,NONE,0,False,False,False,60,False,0,50,NONE,NONE,NONE,0,False,75,55,45,80,False,True,NEUTRAL,70,False,0.0,NONE,True,BEARISH,True,True,90,True,70,12.947658402203361,2.767102229054764,60.0,25,POOR,False,75,60,-0.19589447431894538,5,0.0,False,RANDOM,70,43.78222601027149,6.947143525890261,False,NONE,False,False,False,100,True,70,NONE,40,CHOPPY,NORMAL,NONE,40,-0.0524,CHOPPY,20,50,30,WEAK,NONE,55,30,65,NORMAL,58,55,45,-0.1,False,80,0.673480976717774,80.224,RANGING,90,False,NONE,0.858395,0.859738,0.859422,FAR,30,50,85,50,NONE,NONE,NONE,False,[],0,0,SIDEWAY_RANGE,SIDEWAY_RANGE,60,60,True,28,Price ranging between clear levels. Suitable for mean-reversion strategies.,1.0,0.5,False,False,True,True,0.3,0.3,True,False,False,18,True,[],0,NO,SIDEWAY_RANGE,Price ranging between clear levels. Suitable for mean-reversion strategies.,NORMAL,LOW,0.074,[],True,Passed basic checks,0,50,50,MEDIUM,5,WAIT,รอการวิเคราะห์จาก AI
2026-06-27 21:24:00,0.859845,0.860035,0.859825,0.859985,1.0,EURGBP-OTC,BULLISH,0.859325,0.859363,0.859386,0.859343,0.859738,0.860141,BEARISH,0.860866,0.858493,0.002372,0.003522,60.0,37.17,2.5e-05,9.7e-05,-7.3e-05,44.65,39.94,0.000636,44.72,-0.1,0.000623,0.00066,17.95,19.21,20.6,3.5,-0.0524,1,1.0,1.0,False,STABLE,2.1e-05,-6.8e-05,5.2e-05,0.858395,0.860855,0.859422,0.859738,0.860352,0.858808,0.858492,24,3.87,0.859682,0.859493,0.859352,0.859343,81.62,71.02,0.000126,3.2e-05,90.63,76.83,0.000276,0.858805,0.860035,0.859816,0.858685,0.859948,0.860072,0.859862,1,1.0,0.859985,0.860035,0.859825,0.859845,NEW YORK,543030,LOW,0.859985,0.860035,0.859825,0.859845,NEW YORK,543030,LOW,NONE,BEARISH,BEARISH,WEAK,NONE,LOW_WICK,NEUTRAL,CHAOTIC,NONE,NONE,49,23,6.666666666666667,50,NEUTRAL,False,70,[],0,0,NEUTRAL,BEARISH,40,False,NONE,0,False,False,False,60,False,0,50,NONE,NONE,NONE,0,False,75,55,45,80,False,True,NEUTRAL,70,False,0.0,NONE,True,BEARISH,True,True,90,True,70,12.947658402203361,2.767102229054764,60.0,25,POOR,False,75,60,-0.19589447431894538,5,0.0,False,RANDOM,70,43.78222601027149,6.947143525890261,False,NONE,False,False,False,100,True,70,NONE,40,CHOPPY,NORMAL,NONE,40,-0.0524,CHOPPY,20,50,30,WEAK,NONE,55,30,65,NORMAL,58,55,45,-0.1,False,80,0.673480976717774,80.224,RANGING,90,False,NONE,0.858395,0.859738,0.859422,FAR,30,50,85,50,NONE,NONE,NONE,False,[],0,0,SIDEWAY_RANGE,SIDEWAY_RANGE,60,60,True,28,Price ranging between clear levels. Suitable for mean-reversion strategies.,1.0,0.5,False,False,True,True,0.3,0.3,True,False,False,18,True,[],0,NO,SIDEWAY_RANGE,Price ranging between clear levels. Suitable for mean-reversion strategies.,NORMAL,LOW,0.074,[],True,Passed basic checks,0,50,50,MEDIUM,5,WAIT,รอการวิเคราะห์จาก AI
2026-06-27 21:25:00,0.859135,0.859145,0.858985,0.859065,1.0,EURGBP-OTC,BULLISH,0.859318,0.859352,0.859379,0.859341,0.859722,0.860082,BEARISH,0.860866,0.858475,0.00239,0.003474,48.33,38.9,1.7e-05,8.1e-05,-6.5e-05,46.39,45.03,0.000665,59.3,0.39,0.000628,0.000656,17.16,17.63,20.21,6.81,0.021,1,1.0,1.0,False,STABLE,4.7e-05,-7.7e-05,4.8e-05,0.858395,0.860855,0.859345,0.859705,0.860105,0.858945,0.858585,25,3.7,0.859279,0.859352,0.859331,0.859338,23.97,51.05,3.6e-05,6.5e-05,24.93,38.55,0.000301,0.858885,0.860035,0.859865,0.858767,0.859065,0.859145,0.858985,1,1.0,0.859065,0.859145,0.858985,0.859135,NEW YORK,303406,LOW,0.859065,0.859145,0.858985,0.859135,NEW YORK,303406,LOW,NONE,BULLISH,BULLISH,WEAK,AT_PIVOT,LOW_WICK,NEUTRAL,CHAOTIC,NONE,TESTING_PIVOT,49,26,6.666666666666667,50,NEUTRAL,False,70,[],0,0,NEUTRAL,BULLISH,40,False,NONE,0,False,False,False,60,False,0,50,NONE,NONE,NONE,0,False,75,55,45,80,False,True,NEUTRAL,70,False,0.0,NONE,True,BEARISH,True,True,90,True,70,2.6239067055404153,7.621951219512189,55.00000000000001,21,POOR,False,75,46,-0.2262704756709763,5,9.999999999999998,False,RANDOM,70,42.21375847716501,8.221610300688443,False,NONE,False,False,False,100,True,70,NONE,60,CHOPPY,HIGH,NONE,60,0.021,CHOPPY,20,50,30,WEAK,BEARISH,55,30,65,HIGH,73,55,45,0.39,False,80,0.6879677605066207,68.56,RANGING,90,False,NONE,0.858395,0.859705,0.859345,FAR,30,50,85,50,NONE,NONE,NONE,False,[],0,0,SIDEWAY_RANGE,SIDEWAY_RANGE,52,60,True,26,Price ranging between clear levels. Suitable for mean-reversion strategies.,1.0,0.5,False,False,False,False,0.3,0.3,True,False,False,18,True,[],0,NO,SIDEWAY_RANGE,Price ranging between clear levels. Suitable for mean-reversion strategies.,HIGH,LOW,0.077,[],True,Passed basic checks,0,50,50,MEDIUM,5,WAIT,รอการวิเคราะห์จาก AI
2026-06-27 21:26:00,0.859135,0.859145,0.858985,0.859065,1.0,EURGBP-OTC,BULLISH,0.859318,0.859352,0.859379,0.859341,0.859722,0.860082,BEARISH,0.860866,0.858475,0.00239,0.003474,48.33,38.9,1.7e-05,8.1e-05,-6.5e-05,46.39,45.03,0.000665,59.3,0.39,0.000628,0.000656,17.16,17.63,20.21,6.81,0.021,1,1.0,1.0,False,STABLE,4.7e-05,-7.7e-05,4.8e-05,0.858395,0.860855,0.859345,0.859705,0.860105,0.858945,0.858585,25,3.7,0.859279,0.859352,0.859331,0.859338,23.97,51.05,3.6e-05,6.5e-05,24.93,38.55,0.000301,0.858885,0.860035,0.859865,0.858767,0.859065,0.859145,0.858985,1,1.0,0.859065,0.859145,0.858985,0.859135,NEW YORK,362787,LOW,0.859065,0.859145,0.858985,0.859135,NEW YORK,362787,LOW,NONE,BULLISH,BULLISH,WEAK,AT_PIVOT,LOW_WICK,NEUTRAL,CHAOTIC,NONE,TESTING_PIVOT,49,26,6.666666666666667,50,NEUTRAL,False,70,[],0,0,NEUTRAL,BULLISH,40,False,NONE,0,False,False,False,60,False,0,50,NONE,NONE,NONE,0,False,75,55,45,80,False,True,NEUTRAL,70,False,0.0,NONE,True,BEARISH,True,True,90,True,70,2.6239067055404153,7.621951219512189,55.00000000000001,21,POOR,False,75,46,-0.2262704756709763,5,9.999999999999998,False,RANDOM,70,42.21375847716501,8.221610300688443,False,NONE,False,False,False,100,True,70,NONE,60,CHOPPY,HIGH,NONE,60,0.021,CHOPPY,20,50,30,WEAK,BEARISH,55,30,65,HIGH,73,55,45,0.39,False,80,0.6879677605066207,68.56,RANGING,90,False,NONE,0.858395,0.859705,0.859345,FAR,30,50,85,50,NONE,NONE,NONE,False,[],0,0,SIDEWAY_RANGE,SIDEWAY_RANGE,52,60,True,26,Price ranging between clear levels. Suitable for mean-reversion strategies.,1.0,0.5,False,False,False,False,0.3,0.3,True,False,False,18,True,[],0,NO,SIDEWAY_RANGE,Price ranging between clear levels. Suitable for mean-reversion strategies.,HIGH,LOW,0.077,[],True,Passed basic checks,0,50,50,MEDIUM,5,WAIT,รอการวิเคราะห์จาก AI
2026-06-27 21:27:00,0.859135,0.859145,0.858985,0.859065,1.0,EURGBP-OTC,BULLISH,0.859318,0.859352,0.859379,0.859341,0.859722,0.860082,BEARISH,0.860866,0.858475,0.00239,0.003474,48.33,38.9,1.7e-05,8.1e-05,-6.5e-05,46.39,45.03,0.000665,59.3,0.39,0.000628,0.000656,17.16,17.63,20.21,6.81,0.021,1,1.0,1.0,False,STABLE,4.7e-05,-7.7e-05,4.8e-05,0.858395,0.860855,0.859345,0.859705,0.860105,0.858945,0.858585,25,3.7,0.859279,0.859352,0.859331,0.859338,23.97,51.05,3.6e-05,6.5e-05,24.93,38.55,0.000301,0.858885,0.860035,0.859865,0.858767,0.859065,0.859145,0.858985,1,1.0,0.859065,0.859145,0.858985,0.859135,NEW YORK,423216,LOW,0.859065,0.859145,0.858985,0.859135,NEW YORK,423216,LOW,NONE,BULLISH,BULLISH,WEAK,AT_PIVOT,LOW_WICK,NEUTRAL,CHAOTIC,NONE,TESTING_PIVOT,49,26,6.666666666666667,50,NEUTRAL,False,70,[],0,0,NEUTRAL,BULLISH,40,False,NONE,0,False,False,False,60,False,0,50,NONE,NONE,NONE,0,False,75,55,45,80,False,True,NEUTRAL,70,False,0.0,NONE,True,BEARISH,True,True,90,True,70,2.6239067055404153,7.621951219512189,55.00000000000001,21,POOR,False,75,46,-0.2262704756709763,5,9.999999999999998,False,RANDOM,70,42.21375847716501,8.221610300688443,False,NONE,False,False,False,100,True,70,NONE,60,CHOPPY,HIGH,NONE,60,0.021,CHOPPY,20,50,30,WEAK,BEARISH,55,30,65,HIGH,73,55,45,0.39,False,80,0.6879677605066207,68.56,RANGING,90,False,NONE,0.858395,0.859705,0.859345,FAR,30,50,85,50,NONE,NONE,NONE,False,[],0,0,SIDEWAY_RANGE,SIDEWAY_RANGE,52,60,True,26,Price ranging between clear levels. Suitable for mean-reversion strategies.,1.0,0.5,False,False,False,False,0.3,0.3,True,False,False,18,True,[],0,NO,SIDEWAY_RANGE,Price ranging between clear levels. Suitable for mean-reversion strategies.,HIGH,LOW,0.077,[],True,Passed basic checks,0,50,50,MEDIUM,5,WAIT,รอการวิเคราะห์จาก AI
2026-06-27 21:28:00,0.859135,0.859145,0.858985,0.859065,1.0,EURGBP-OTC,BULLISH,0.859318,0.859352,0.859379,0.859341,0.859722,0.860082,BEARISH,0.860866,0.858475,0.00239,0.003474,48.33,38.9,1.7e-05,8.1e-05,-6.5e-05,46.39,45.03,0.000665,59.3,0.39,0.000628,0.000656,17.16,17.63,20.21,6.81,0.021,1,1.0,1.0,False,STABLE,4.7e-05,-7.7e-05,4.8e-05,0.858395,0.860855,0.859345,0.859705,0.860105,0.858945,0.858585,25,3.7,0.859279,0.859352,0.859331,0.859338,23.97,51.05,3.6e-05,6.5e-05,24.93,38.55,0.000301,0.858885,0.860035,0.859865,0.858767,0.859065,0.859145,0.858985,1,1.0,0.859065,0.859145,0.858985,0.859135,NEW YORK,482567,LOW,0.859065,0.859145,0.858985,0.859135,NEW YORK,482567,LOW,NONE,BULLISH,BULLISH,WEAK,AT_PIVOT,LOW_WICK,NEUTRAL,CHAOTIC,NONE,TESTING_PIVOT,49,26,6.666666666666667,50,NEUTRAL,False,70,[],0,0,NEUTRAL,BULLISH,40,False,NONE,0,False,False,False,60,False,0,50,NONE,NONE,NONE,0,False,75,55,45,80,False,True,NEUTRAL,70,False,0.0,NONE,True,BEARISH,True,True,90,True,70,2.6239067055404153,7.621951219512189,55.00000000000001,21,POOR,False,75,46,-0.2262704756709763,5,9.999999999999998,False,RANDOM,70,42.21375847716501,8.221610300688443,False,NONE,False,False,False,100,True,70,NONE,60,CHOPPY,HIGH,NONE,60,0.021,CHOPPY,20,50,30,WEAK,BEARISH,55,30,65,HIGH,73,55,45,0.39,False,80,0.6879677605066207,68.56,RANGING,90,False,NONE,0.858395,0.859705,0.859345,FAR,30,50,85,50,NONE,NONE,NONE,False,[],0,0,SIDEWAY_RANGE,SIDEWAY_RANGE,52,60,True,26,Price ranging between clear levels. Suitable for mean-reversion strategies.,1.0,0.5,False,False,False,False,0.3,0.3,True,False,False,18,True,[],0,NO,SIDEWAY_RANGE,Price ranging between clear levels. Suitable for mean-reversion strategies.,HIGH,LOW,0.077,[],True,Passed basic checks,0,50,50,MEDIUM,5,WAIT,รอการวิเคราะห์จาก AI
2026-06-27 21:29:00,0.859135,0.859145,0.858985,0.859065,1.0,EURGBP-OTC,BULLISH,0.859318,0.859352,0.859379,0.859341,0.859722,0.860082,BEARISH,0.860866,0.858475,0.00239,0.003474,48.33,38.9,1.7e-05,8.1e-05,-6.5e-05,46.39,45.03,0.000665,59.3,0.39,0.000628,0.000656,17.16,17.63,20.21,6.81,0.021,1,1.0,1.0,False,STABLE,4.7e-05,-7.7e-05,4.8e-05,0.858395,0.860855,0.859345,0.859705,0.860105,0.858945,0.858585,25,3.7,0.859279,0.859352,0.859331,0.859338,23.97,51.05,3.6e-05,6.5e-05,24.93,38.55,0.000301,0.858885,0.860035,0.859865,0.858767,0.859065,0.859145,0.858985,1,1.0,0.859065,0.859145,0.858985,0.859135,NEW YORK,542964,LOW,0.859065,0.859145,0.858985,0.859135,NEW YORK,542964,LOW,NONE,BULLISH,BULLISH,WEAK,AT_PIVOT,LOW_WICK,NEUTRAL,CHAOTIC,NONE,TESTING_PIVOT,49,26,6.666666666666667,50,NEUTRAL,False,70,[],0,0,NEUTRAL,BULLISH,40,False,NONE,0,False,False,False,60,False,0,50,NONE,NONE,NONE,0,False,75,55,45,80,False,True,NEUTRAL,70,False,0.0,NONE,True,BEARISH,True,True,90,True,70,2.6239067055404153,7.621951219512189,55.00000000000001,21,POOR,False,75,46,-0.2262704756709763,5,9.999999999999998,False,RANDOM,70,42.21375847716501,8.221610300688443,False,NONE,False,False,False,100,True,70,NONE,60,CHOPPY,HIGH,NONE,60,0.021,CHOPPY,20,50,30,WEAK,BEARISH,55,30,65,HIGH,73,55,45,0.39,False,80,0.6879677605066207,68.56,RANGING,90,False,NONE,0.858395,0.859705,0.859345,FAR,30,50,85,50,NONE,NONE,NONE,False,[],0,0,SIDEWAY_RANGE,SIDEWAY_RANGE,52,60,True,26,Price ranging between clear levels. Suitable for mean-reversion strategies.,1.0,0.5,False,False,False,False,0.3,0.3,True,False,False,18,True,[],0,NO,SIDEWAY_RANGE,Price ranging between clear levels. Suitable for mean-reversion strategies.,HIGH,LOW,0.077,[],True,Passed basic checks,0,50,50,MEDIUM,5,WAIT,รอการวิเคราะห์จาก AI
2026-06-27 21:30:00,0.859335,0.859355,0.858555,0.858555,1.0,EURGBP-OTC,BEARISH,0.858884,0.859109,0.859249,0.859289,0.859693,0.860097,BEARISH,0.860922,0.85819,0.002731,0.003428,30.51,34.8,-9.2e-05,4.7e-05,-0.000139,26.97,39.34,0.000699,83.92,1.08,0.000635,0.000655,18.1,15.05,28.2,30.39,-0.0664,1,1.0,1.0,False,STABLE,-2.4e-05,-9e-05,4e-05,0.857885,0.860855,0.858418,0.858952,0.859888,0.857482,0.856948,30,4.25,0.859127,0.859251,0.859292,0.859323,30.85,42.09,-2.3e-05,3.8e-05,35.36,47.34,0.000374,0.858555,0.860035,0.859998,0.858674,0.858822,0.859088,0.858288,1,1.0,0.858555,0.859355,0.858555,0.859335,NEW YORK,304744,LOW,0.858555,0.859355,0.858555,0.859335,NEW YORK,304744,LOW,BEARISH_ENGULFING,BEARISH,BEARISH,WEAK,AT_PIVOT,LOW_WICK,NEUTRAL,NOISY,NONE,TESTING_PIVOT,52,23,6.666666666666667,50,NEUTRAL,False,70,['BEARISH_ENGULFING'],1,20,BEARISH,BEARISH,60,False,NONE,0,False,False,False,60,False,0,100,DOWN,NONE,NONE,0,True,75,82,18,80,True,True,CONTINUATION,70,False,0.0,NONE,True,BEARISH,True,True,90,True,70,31.241473396999055,16.188373804267705,60.0,35,POOR,False,75,48,-0.21337045289232137,5,19.999999999999996,False,RANDOM,70,41.18804819014114,11.327136769036848,True,MOMENTUM_SHIFT,False,True,False,65,True,70,DOWN,40,CORRECTIVE,EXTREME,DOWN,40,-0.0664,CORRECTIVE,55,30,50,WEAK,NONE,55,30,65,EXTREME,88,55,45,1.08,False,40,0.7966744457409568,48.864,RANGING,90,False,NONE,0.857482,0.858952,0.858418,FAR,30,50,85,50,NONE,NONE,NONE,False,[],0,0,ACCUMULATION,ACCUMULATION,50,56,False,10,"Smart money accumulation. Bullish bias, look for breakout.",1.0,0.8,False,False,False,False,0.3,0.3,True,False,False,22,True,[],0,NO,ACCUMULATION,"Smart money accumulation. Bullish bias, look for breakout.",EXTREME,LOW,0.081,[],False,Passed basic checks,0,50,50,MEDIUM,5,WAIT,รอการวิเคราะห์จาก AI
2026-06-27 21:31:00,0.859335,0.859355,0.858555,0.858555,1.0,EURGBP-OTC,BEARISH,0.858884,0.859109,0.859249,0.859289,0.859693,0.860097,BEARISH,0.860922,0.85819,0.002731,0.003428,30.51,34.8,-9.2e-05,4.7e-05,-0.000139,26.97,39.34,0.000699,83.92,1.08,0.000635,0.000655,18.1,15.05,28.2,30.39,-0.0664,1,1.0,1.0,False,STABLE,-2.4e-05,-9e-05,4e-05,0.857885,0.860855,0.858418,0.858952,0.859888,0.857482,0.856948,30,4.25,0.859127,0.859251,0.859292,0.859323,30.85,42.09,-2.3e-05,3.8e-05,35.36,47.34,0.000374,0.858555,0.860035,0.859998,0.858674,0.858822,0.859088,0.858288,1,1.0,0.858555,0.859355,0.858555,0.859335,NEW YORK,363071,LOW,0.858555,0.859355,0.858555,0.859335,NEW YORK,363071,LOW,BEARISH_ENGULFING,BEARISH,BEARISH,WEAK,AT_PIVOT,LOW_WICK,NEUTRAL,NOISY,NONE,TESTING_PIVOT,52,23,6.666666666666667,50,NEUTRAL,False,70,['BEARISH_ENGULFING'],1,20,BEARISH,BEARISH,60,False,NONE,0,False,False,False,60,False,0,100,DOWN,NONE,NONE,0,True,75,82,18,80,True,True,CONTINUATION,70,False,0.0,NONE,True,BEARISH,True,True,90,True,70,31.241473396999055,16.188373804267705,60.0,35,POOR,False,75,48,-0.21337045289232137,5,19.999999999999996,False,RANDOM,70,41.18804819014114,11.327136769036848,True,MOMENTUM_SHIFT,False,True,False,65,True,70,DOWN,40,CORRECTIVE,EXTREME,DOWN,40,-0.0664,CORRECTIVE,55,30,50,WEAK,NONE,55,30,65,EXTREME,88,55,45,1.08,False,40,0.7966744457409568,48.864,RANGING,90,False,NONE,0.857482,0.858952,0.858418,FAR,30,50,85,50,NONE,NONE,NONE,False,[],0,0,ACCUMULATION,ACCUMULATION,50,56,False,10,"Smart money accumulation. Bullish bias, look for breakout.",1.0,0.8,False,False,False,False,0.3,0.3,True,False,False,22,True,[],0,NO,ACCUMULATION,"Smart money accumulation. Bullish bias, look for breakout.",EXTREME,LOW,0.081,[],False,Passed basic checks,0,50,50,MEDIUM,5,WAIT,รอการวิเคราะห์จาก AI
2026-06-27 21:32:00,0.859335,0.859355,0.858555,0.858555,1.0,EURGBP-OTC,BEARISH,0.858884,0.859109,0.859249,0.859289,0.859693,0.860097,BEARISH,0.860922,0.85819,0.002731,0.003428,30.51,34.8,-9.2e-05,4.7e-05,-0.000139,26.97,39.34,0.000699,83.92,1.08,0.000635,0.000655,18.1,15.05,28.2,30.39,-0.0664,1,1.0,1.0,False,STABLE,-2.4e-05,-9e-05,4e-05,0.857885,0.860855,0.858418,0.858952,0.859888,0.857482,0.856948,30,4.25,0.859127,0.859251,0.859292,0.859323,30.85,42.09,-2.3e-05,3.8e-05,35.36,47.34,0.000374,0.858555,0.860035,0.859998,0.858674,0.858822,0.859088,0.858288,1,1.0,0.858555,0.859355,0.858555,0.859335,NEW YORK,422510,LOW,0.858555,0.859355,0.858555,0.859335,NEW YORK,422510,LOW,BEARISH_ENGULFING,BEARISH,BEARISH,WEAK,AT_PIVOT,LOW_WICK,NEUTRAL,NOISY,NONE,TESTING_PIVOT,52,23,6.666666666666667,50,NEUTRAL,False,70,['BEARISH_ENGULFING'],1,20,BEARISH,BEARISH,60,False,NONE,0,False,False,False,60,False,0,100,DOWN,NONE,NONE,0,True,75,82,18,80,True,True,CONTINUATION,70,False,0.0,NONE,True,BEARISH,True,True,90,True,70,31.241473396999055,16.188373804267705,60.0,35,POOR,False,75,48,-0.21337045289232137,5,19.999999999999996,False,RANDOM,70,41.18804819014114,11.327136769036848,True,MOMENTUM_SHIFT,False,True,False,65,True,70,DOWN,40,CORRECTIVE,EXTREME,DOWN,40,-0.0664,CORRECTIVE,55,30,50,WEAK,NONE,55,30,65,EXTREME,88,55,45,1.08,False,40,0.7966744457409568,48.864,RANGING,90,False,NONE,0.857482,0.858952,0.858418,FAR,30,50,85,50,NONE,NONE,NONE,False,[],0,0,ACCUMULATION,ACCUMULATION,50,56,False,10,"Smart money accumulation. Bullish bias, look for breakout.",1.0,0.8,False,False,False,False,0.3,0.3,True,False,False,22,True,[],0,NO,ACCUMULATION,"Smart money accumulation. Bullish bias, look for breakout.",EXTREME,LOW,0.081,[],False,Passed basic checks,0,50,50,MEDIUM,5,WAIT,รอการวิเคราะห์จาก AI
2026-06-27 21:33:00,0.859335,0.859355,0.858555,0.858555,1.0,EURGBP-OTC,BEARISH,0.858884,0.859109,0.859249,0.859289,0.859693,0.860097,BEARISH,0.860922,0.85819,0.002731,0.003428,30.51,34.8,-9.2e-05,4.7e-05,-0.000139,26.97,39.34,0.000699,83.92,1.08,0.000635,0.000655,18.1,15.05,28.2,30.39,-0.0664,1,1.0,1.0,False,STABLE,-2.4e-05,-9e-05,4e-05,0.857885,0.860855,0.858418,0.858952,0.859888,0.857482,0.856948,30,4.25,0.859127,0.859251,0.859292,0.859323,30.85,42.09,-2.3e-05,3.8e-05,35.36,47.34,0.000374,0.858555,0.860035,0.859998,0.858674,0.858822,0.859088,0.858288,1,1.0,0.858555,0.859355,0.858555,0.859335,NEW YORK,482875,LOW,0.858555,0.859355,0.858555,0.859335,NEW YORK,482875,LOW,BEARISH_ENGULFING,BEARISH,BEARISH,WEAK,AT_PIVOT,LOW_WICK,NEUTRAL,NOISY,NONE,TESTING_PIVOT,52,23,6.666666666666667,50,NEUTRAL,False,70,['BEARISH_ENGULFING'],1,20,BEARISH,BEARISH,60,False,NONE,0,False,False,False,60,False,0,100,DOWN,NONE,NONE,0,True,75,82,18,80,True,True,CONTINUATION,70,False,0.0,NONE,True,BEARISH,True,True,90,True,70,31.241473396999055,16.188373804267705,60.0,35,POOR,False,75,48,-0.21337045289232137,5,19.999999999999996,False,RANDOM,70,41.18804819014114,11.327136769036848,True,MOMENTUM_SHIFT,False,True,False,65,True,70,DOWN,40,CORRECTIVE,EXTREME,DOWN,40,-0.0664,CORRECTIVE,55,30,50,WEAK,NONE,55,30,65,EXTREME,88,55,45,1.08,False,40,0.7966744457409568,48.864,RANGING,90,False,NONE,0.857482,0.858952,0.858418,FAR,30,50,85,50,NONE,NONE,NONE,False,[],0,0,ACCUMULATION,ACCUMULATION,50,56,False,10,"Smart money accumulation. Bullish bias, look for breakout.",1.0,0.8,False,False,False,False,0.3,0.3,True,False,False,22,True,[],0,NO,ACCUMULATION,"Smart money accumulation. Bullish bias, look for breakout.",EXTREME,LOW,0.081,[],False,Passed basic checks,0,50,50,MEDIUM,5,WAIT,รอการวิเคราะห์จาก AI
2026-06-27 21:34:00,0.859335,0.859355,0.858555,0.858555,1.0,EURGBP-OTC,BEARISH,0.858884,0.859109,0.859249,0.859289,0.859693,0.860097,BEARISH,0.860922,0.85819,0.002731,0.003428,30.51,34.8,-9.2e-05,4.7e-05,-0.000139,26.97,39.34,0.000699,83.92,1.08,0.000635,0.000655,18.1,15.05,28.2,30.39,-0.0664,1,1.0,1.0,False,STABLE,-2.4e-05,-9e-05,4e-05,0.857885,0.860855,0.858418,0.858952,0.859888,0.857482,0.856948,30,4.25,0.859127,0.859251,0.859292,0.859323,30.85,42.09,-2.3e-05,3.8e-05,35.36,47.34,0.000374,0.858555,0.860035,0.859998,0.858674,0.858822,0.859088,0.858288,1,1.0,0.858555,0.859355,0.858555,0.859335,NEW YORK,543293,LOW,0.858555,0.859355,0.858555,0.859335,NEW YORK,543293,LOW,BEARISH_ENGULFING,BEARISH,BEARISH,WEAK,AT_PIVOT,LOW_WICK,NEUTRAL,NOISY,NONE,TESTING_PIVOT,52,23,6.666666666666667,50,NEUTRAL,False,70,['BEARISH_ENGULFING'],1,20,BEARISH,BEARISH,60,False,NONE,0,False,False,False,60,False,0,100,DOWN,NONE,NONE,0,True,75,82,18,80,True,True,CONTINUATION,70,False,0.0,NONE,True,BEARISH,True,True,90,True,70,31.241473396999055,16.188373804267705,60.0,35,POOR,False,75,48,-0.21337045289232137,5,19.999999999999996,False,RANDOM,70,41.18804819014114,11.327136769036848,True,MOMENTUM_SHIFT,False,True,False,65,True,70,DOWN,40,CORRECTIVE,EXTREME,DOWN,40,-0.0664,CORRECTIVE,55,30,50,WEAK,NONE,55,30,65,EXTREME,88,55,45,1.08,False,40,0.7966744457409568,48.864,RANGING,90,False,NONE,0.857482,0.858952,0.858418,FAR,30,50,85,50,NONE,NONE,NONE,False,[],0,0,ACCUMULATION,ACCUMULATION,50,56,False,10,"Smart money accumulation. Bullish bias, look for breakout.",1.0,0.8,False,False,False,False,0.3,0.3,True,False,False,22,True,[],0,NO,ACCUMULATION,"Smart money accumulation. Bullish bias, look for breakout.",EXTREME,LOW,0.081,[],False,Passed basic checks,0,50,50,MEDIUM,5,WAIT,รอการวิเคราะห์จาก AI
2026-06-27 21:35:00,0.858005,0.858105,0.857835,0.857845,1.0,EURGBP-OTC,BEARISH,0.858624,0.858927,0.85914,0.859243,0.859666,0.860107,BEARISH,0.860924,0.857977,0.002946,0.003384,35.26,36.9,-0.00017,3e-06,-0.000173,20.8,31.39,0.000708,86.93,1.2,0.000642,0.000651,19.1,14.2,27.61,32.07,-0.1478,1,1.0,1.0,False,STABLE,-0.000112,-0.000101,3.4e-05,0.857785,0.860855,0.858078,0.858372,0.858638,0.857812,0.857518,33,4.34,0.858148,0.858486,0.85881,0.859098,3.06,22.01,-0.000323,-0.000149,3.45,4.43,0.000326,0.857835,0.860035,0.86039,0.857742,0.857928,0.858022,0.857752,1,1.0,0.857845,0.858105,0.857835,0.858005,NEW YORK,302739,LOW,0.857845,0.858105,0.857835,0.858005,NEW YORK,302739,LOW,NONE,BULLISH,BULLISH,WEAK,AT_PIVOT,LOW_WICK,NEUTRAL,NOISY,NONE,TESTING_PIVOT,52,23,6.666666666666667,50,NEUTRAL,False,70,[],0,0,NEUTRAL,BULLISH,40,False,NONE,0,False,False,False,60,False,0,100,DOWN,NONE,NONE,0,True,75,82,18,80,True,True,CONTINUATION,70,False,0.0,NONE,True,BEARISH,True,True,90,True,70,28.785811732605186,19.304733727810692,55.00000000000001,34,POOR,False,75,64,-0.19756599915900838,5,30.000000000000004,True,RANDOM,70,40.455913827852605,11.753535837856777,True,MOMENTUM_SHIFT,False,True,False,65,True,70,DOWN,100,IMPULSIVE,EXTREME,DOWN,100,-0.1478,IMPULSIVE,85,30,85,WEAK,NONE,55,30,65,EXTREME,88,55,45,1.2,False,40,0.8705673758865248,39.39926241134752,RANGING,90,False,NONE,0.857785,0.858372,0.858078,FAR,30,50,85,50,NONE,NONE,NONE,False,[],0,0,ACCUMULATION,ACCUMULATION,50,56,False,10,"Smart money accumulation. Bullish bias, look for breakout.",1.0,0.8,False,False,False,False,0.3,0.3,True,False,False,22,True,[],0,NO,ACCUMULATION,"Smart money accumulation. Bullish bias, look for breakout.",EXTREME,LOW,0.083,[],False,Passed basic checks,0,50,50,MEDIUM,5,WAIT,รอการวิเคราะห์จาก AI
2026-06-27 21:36:00,0.858005,0.858105,0.857835,0.857845,1.0,EURGBP-OTC,BEARISH,0.858624,0.858927,0.85914,0.859243,0.859666,0.860107,BEARISH,0.860924,0.857977,0.002946,0.003384,35.26,36.9,-0.00017,3e-06,-0.000173,20.8,31.39,0.000708,86.93,1.2,0.000642,0.000651,19.1,14.2,27.61,32.07,-0.1478,1,1.0,1.0,False,STABLE,-0.000112,-0.000101,3.4e-05,0.857785,0.860855,0.858078,0.858372,0.858638,0.857812,0.857518,33,4.34,0.858148,0.858486,0.85881,0.859098,3.06,22.01,-0.000323,-0.000149,3.45,4.43,0.000326,0.857835,0.860035,0.86039,0.857742,0.857928,0.858022,0.857752,1,1.0,0.857845,0.858105,0.857835,0.858005,NEW YORK,363115,LOW,0.857845,0.858105,0.857835,0.858005,NEW YORK,363115,LOW,NONE,BULLISH,BULLISH,WEAK,AT_PIVOT,LOW_WICK,NEUTRAL,NOISY,NONE,TESTING_PIVOT,52,23,6.666666666666667,50,NEUTRAL,False,70,[],0,0,NEUTRAL,BULLISH,40,False,NONE,0,False,False,False,60,False,0,100,DOWN,NONE,NONE,0,True,75,82,18,80,True,True,CONTINUATION,70,False,0.0,NONE,True,BEARISH,True,True,90,True,70,28.785811732605186,19.304733727810692,55.00000000000001,34,POOR,False,75,64,-0.19756599915900838,5,30.000000000000004,True,RANDOM,70,40.455913827852605,11.753535837856777,True,MOMENTUM_SHIFT,False,True,False,65,True,70,DOWN,100,IMPULSIVE,EXTREME,DOWN,100,-0.1478,IMPULSIVE,85,30,85,WEAK,NONE,55,30,65,EXTREME,88,55,45,1.2,False,40,0.8705673758865248,39.39926241134752,RANGING,90,False,NONE,0.857785,0.858372,0.858078,FAR,30,50,85,50,NONE,NONE,NONE,False,[],0,0,ACCUMULATION,ACCUMULATION,50,56,False,10,"Smart money accumulation. Bullish bias, look for breakout.",1.0,0.8,False,False,False,False,0.3,0.3,True,False,False,22,True,[],0,NO,ACCUMULATION,"Smart money accumulation. Bullish bias, look for breakout.",EXTREME,LOW,0.083,[],False,Passed basic checks,0,50,50,MEDIUM,5,WAIT,รอการวิเคราะห์จาก AI
2026-06-27 21:37:00,0.858005,0.858105,0.857835,0.857845,1.0,EURGBP-OTC,BEARISH,0.858624,0.858927,0.85914,0.859243,0.859666,0.860107,BEARISH,0.860924,0.857977,0.002946,0.003384,35.26,36.9,-0.00017,3e-06,-0.000173,20.8,31.39,0.000708,86.93,1.2,0.000642,0.000651,19.1,14.2,27.61,32.07,-0.1478,1,1.0,1.0,False,STABLE,-0.000112,-0.000101,3.4e-05,0.857785,0.860855,0.858078,0.858372,0.858638,0.857812,0.857518,33,4.34,0.858148,0.858486,0.85881,0.859098,3.06,22.01,-0.000323,-0.000149,3.45,4.43,0.000326,0.857835,0.860035,0.86039,0.857742,0.857928,0.858022,0.857752,1,1.0,0.857845,0.858105,0.857835,0.858005,NEW YORK,422454,LOW,0.857845,0.858105,0.857835,0.858005,NEW YORK,422454,LOW,NONE,BULLISH,BULLISH,WEAK,AT_PIVOT,LOW_WICK,NEUTRAL,NOISY,NONE,TESTING_PIVOT,52,23,6.666666666666667,50,NEUTRAL,False,70,[],0,0,NEUTRAL,BULLISH,40,False,NONE,0,False,False,False,60,False,0,100,DOWN,NONE,NONE,0,True,75,82,18,80,True,True,CONTINUATION,70,False,0.0,NONE,True,BEARISH,True,True,90,True,70,28.785811732605186,19.304733727810692,55.00000000000001,34,POOR,False,75,64,-0.19756599915900838,5,30.000000000000004,True,RANDOM,70,40.455913827852605,11.753535837856777,True,MOMENTUM_SHIFT,False,True,False,65,True,70,DOWN,100,IMPULSIVE,EXTREME,DOWN,100,-0.1478,IMPULSIVE,85,30,85,WEAK,NONE,55,30,65,EXTREME,88,55,45,1.2,False,40,0.8705673758865248,39.39926241134752,RANGING,90,False,NONE,0.857785,0.858372,0.858078,FAR,30,50,85,50,NONE,NONE,NONE,False,[],0,0,ACCUMULATION,ACCUMULATION,50,56,False,10,"Smart money accumulation. Bullish bias, look for breakout.",1.0,0.8,False,False,False,False,0.3,0.3,True,False,False,22,True,[],0,NO,ACCUMULATION,"Smart money accumulation. Bullish bias, look for breakout.",EXTREME,LOW,0.083,[],False,Passed basic checks,0,50,50,MEDIUM,5,WAIT,รอการวิเคราะห์จาก AI
2026-06-27 21:38:00,0.858005,0.858105,0.857835,0.857845,1.0,EURGBP-OTC,BEARISH,0.858624,0.858927,0.85914,0.859243,0.859666,0.860107,BEARISH,0.860924,0.857977,0.002946,0.003384,35.26,36.9,-0.00017,3e-06,-0.000173,20.8,31.39,0.000708,86.93,1.2,0.000642,0.000651,19.1,14.2,27.61,32.07,-0.1478,1,1.0,1.0,False,STABLE,-0.000112,-0.000101,3.4e-05,0.857785,0.860855,0.858078,0.858372,0.858638,0.857812,0.857518,33,4.34,0.858148,0.858486,0.85881,0.859098,3.06,22.01,-0.000323,-0.000149,3.45,4.43,0.000326,0.857835,0.860035,0.86039,0.857742,0.857928,0.858022,0.857752,1,1.0,0.857845,0.858105,0.857835,0.858005,NEW YORK,482858,LOW,0.857845,0.858105,0.857835,0.858005,NEW YORK,482858,LOW,NONE,BULLISH,BULLISH,WEAK,AT_PIVOT,LOW_WICK,NEUTRAL,NOISY,NONE,TESTING_PIVOT,52,23,6.666666666666667,50,NEUTRAL,False,70,[],0,0,NEUTRAL,BULLISH,40,False,NONE,0,False,False,False,60,False,0,100,DOWN,NONE,NONE,0,True,75,82,18,80,True,True,CONTINUATION,70,False,0.0,NONE,True,BEARISH,True,True,90,True,70,28.785811732605186,19.304733727810692,55.00000000000001,34,POOR,False,75,64,-0.19756599915900838,5,30.000000000000004,True,RANDOM,70,40.455913827852605,11.753535837856777,True,MOMENTUM_SHIFT,False,True,False,65,True,70,DOWN,100,IMPULSIVE,EXTREME,DOWN,100,-0.1478,IMPULSIVE,85,30,85,WEAK,NONE,55,30,65,EXTREME,88,55,45,1.2,False,40,0.8705673758865248,39.39926241134752,RANGING,90,False,NONE,0.857785,0.858372,0.858078,FAR,30,50,85,50,NONE,NONE,NONE,False,[],0,0,ACCUMULATION,ACCUMULATION,50,56,False,10,"Smart money accumulation. Bullish bias, look for breakout.",1.0,0.8,False,False,False,False,0.3,0.3,True,False,False,22,True,[],0,NO,ACCUMULATION,"Smart money accumulation. Bullish bias, look for breakout.",EXTREME,LOW,0.083,[],False,Passed basic checks,0,50,50,MEDIUM,5,WAIT,รอการวิเคราะห์จาก AI
2026-06-27 21:39:00,0.858005,0.858105,0.857835,0.857845,1.0,EURGBP-OTC,BEARISH,0.858624,0.858927,0.85914,0.859243,0.859666,0.860107,BEARISH,0.860924,0.857977,0.002946,0.003384,35.26,36.9,-0.00017,3e-06,-0.000173,20.8,31.39,0.000708,86.93,1.2,0.000642,0.000651,19.1,14.2,27.61,32.07,-0.1478,1,1.0,1.0,False,STABLE,-0.000112,-0.000101,3.4e-05,0.857785,0.860855,0.858078,0.858372,0.858638,0.857812,0.857518,33,4.34,0.858148,0.858486,0.85881,0.859098,3.06,22.01,-0.000323,-0.000149,3.45,4.43,0.000326,0.857835,0.860035,0.86039,0.857742,0.857928,0.858022,0.857752,1,1.0,0.857845,0.858105,0.857835,0.858005,NEW YORK,543281,LOW,0.857845,0.858105,0.857835,0.858005,NEW YORK,543281,LOW,NONE,BULLISH,BULLISH,WEAK,AT_PIVOT,LOW_WICK,NEUTRAL,NOISY,NONE,TESTING_PIVOT,52,23,6.666666666666667,50,NEUTRAL,False,70,[],0,0,NEUTRAL,BULLISH,40,False,NONE,0,False,False,False,60,False,0,100,DOWN,NONE,NONE,0,True,75,82,18,80,True,True,CONTINUATION,70,False,0.0,NONE,True,BEARISH,True,True,90,True,70,28.785811732605186,19.304733727810692,55.00000000000001,34,POOR,False,75,64,-0.19756599915900838,5,30.000000000000004,True,RANDOM,70,40.455913827852605,11.753535837856777,True,MOMENTUM_SHIFT,False,True,False,65,True,70,DOWN,100,IMPULSIVE,EXTREME,DOWN,100,-0.1478,IMPULSIVE,85,30,85,WEAK,NONE,55,30,65,EXTREME,88,55,45,1.2,False,40,0.8705673758865248,39.39926241134752,RANGING,90,False,NONE,0.857785,0.858372,0.858078,FAR,30,50,85,50,NONE,NONE,NONE,False,[],0,0,ACCUMULATION,ACCUMULATION,50,56,False,10,"Smart money accumulation. Bullish bias, look for breakout.",1.0,0.8,False,False,False,False,0.3,0.3,True,False,False,22,True,[],0,NO,ACCUMULATION,"Smart money accumulation. Bullish bias, look for breakout.",EXTREME,LOW,0.083,[],False,Passed basic checks,0,50,50,MEDIUM,5,WAIT,รอการวิเคราะห์จาก AI
2026-06-27 21:40:00,0.858105,0.858285,0.858065,0.858175,1.0,EURGBP-OTC,BEARISH,0.858474,0.85879,0.859048,0.859201,0.85963,0.860043,BEARISH,0.860775,0.857872,0.002904,0.003344,33.99,35.64,-0.000223,-4.2e-05,-0.000181,12.53,20.1,0.000704,81.41,1.05,0.000646,0.000649,19.54,15.65,26.21,25.22,-0.1315,1,1.0,1.0,False,STABLE,-0.000139,-9.9e-05,2.8e-05,0.857785,0.860725,0.858265,0.858465,0.858755,0.857975,0.857775,20,4.18,0.858132,0.858251,0.858533,0.858917,63.64,31.4,-0.000333,-0.00028,17.86,16.67,0.000349,0.857785,0.860015,0.860031,0.857361,0.858175,0.858285,0.858065,1,1.0,0.858175,0.858285,0.858065,0.858105,NEW YORK,302867,LOW,0.858175,0.858285,0.858065,0.858105,NEW YORK,302867,LOW,NONE,BULLISH,BULLISH,WEAK,AT_PIVOT,LOW_WICK,NEUTRAL,NOISY,TRUE,TESTING_PIVOT,50,26,6.666666666666667,50,NEUTRAL,False,70,[],0,0,NEUTRAL,BULLISH,40,True,REJECTION,25,False,False,True,70,False,0,100,DOWN,NONE,NONE,0,True,75,82,18,80,True,True,CONTINUATION,70,False,0.0,NONE,False,NONE,False,False,0,False,60,36.81159420289886,18.188679245283215,55.00000000000001,36,FAIR,False,75,66,-0.1972757175091079,5,40.0,True,RANDOM,70,40.90783558386348,11.012167478945223,True,MOMENTUM_SHIFT,False,True,False,65,True,70,DOWN,100,IMPULSIVE,EXTREME,DOWN,100,-0.1315,IMPULSIVE,85,30,85,WEAK,NONE,55,30,65,EXTREME,88,55,45,1.05,False,40,0.8684210526315789,44.02989473684211,RANGING,90,False,NONE,0.857785,0.858465,0.858265,FAR,30,50,85,50,NONE,NONE,NONE,False,[],0,0,ACCUMULATION,ACCUMULATION,50,56,False,10,"Smart money accumulation. Bullish bias, look for breakout.",1.0,0.8,False,False,False,False,0.3,0.3,True,False,False,22,True,[],0,NO,ACCUMULATION,"Smart money accumulation. Bullish bias, look for breakout.",EXTREME,LOW,0.082,[],False,Passed basic checks,0,50,50,MEDIUM,5,WAIT,รอการวิเคราะห์จาก AI
2026-06-27 21:41:00,0.858105,0.858285,0.858065,0.858175,1.0,EURGBP-OTC,BEARISH,0.858474,0.85879,0.859048,0.859201,0.85963,0.860043,BEARISH,0.860775,0.857872,0.002904,0.003344,33.99,35.64,-0.000223,-4.2e-05,-0.000181,12.53,20.1,0.000704,81.41,1.05,0.000646,0.000649,19.54,15.65,26.21,25.22,-0.1315,1,1.0,1.0,False,STABLE,-0.000139,-9.9e-05,2.8e-05,0.857785,0.860725,0.858265,0.858465,0.858755,0.857975,0.857775,20,4.18,0.858132,0.858251,0.858533,0.858917,63.64,31.4,-0.000333,-0.00028,17.86,16.67,0.000349,0.857785,0.860015,0.860031,0.857361,0.858175,0.858285,0.858065,1,1.0,0.858175,0.858285,0.858065,0.858105,NEW YORK,363306,LOW,0.858175,0.858285,0.858065,0.858105,NEW YORK,363306,LOW,NONE,BULLISH,BULLISH,WEAK,AT_PIVOT,LOW_WICK,NEUTRAL,NOISY,TRUE,TESTING_PIVOT,50,26,6.666666666666667,50,NEUTRAL,False,70,[],0,0,NEUTRAL,BULLISH,40,True,REJECTION,25,False,False,True,70,False,0,100,DOWN,NONE,NONE,0,True,75,82,18,80,True,True,CONTINUATION,70,False,0.0,NONE,False,NONE,False,False,0,False,60,36.81159420289886,18.188679245283215,55.00000000000001,36,FAIR,False,75,66,-0.1972757175091079,5,40.0,True,RANDOM,70,40.90783558386348,11.012167478945223,True,MOMENTUM_SHIFT,False,True,False,65,True,70,DOWN,100,IMPULSIVE,EXTREME,DOWN,100,-0.1315,IMPULSIVE,85,30,85,WEAK,NONE,55,30,65,EXTREME,88,55,45,1.05,False,40,0.8684210526315789,44.02989473684211,RANGING,90,False,NONE,0.857785,0.858465,0.858265,FAR,30,50,85,50,NONE,NONE,NONE,False,[],0,0,SIDEWAY_RANGE,SIDEWAY_RANGE,50,51,False,10,Price ranging between clear levels. Suitable for mean-reversion strategies.,1.0,0.8,False,False,False,False,0.3,0.3,True,False,False,22,True,[],0,NO,SIDEWAY_RANGE,Price ranging between clear levels. Suitable for mean-reversion strategies.,EXTREME,LOW,0.082,[],False,Passed basic checks,0,50,50,MEDIUM,5,WAIT,รอการวิเคราะห์จาก AI
2026-06-27 21:42:00,0.858105,0.858285,0.858065,0.858175,1.0,EURGBP-OTC,BEARISH,0.858474,0.85879,0.859048,0.859201,0.85963,0.860043,BEARISH,0.860775,0.857872,0.002904,0.003344,33.99,35.64,-0.000223,-4.2e-05,-0.000181,12.53,20.1,0.000704,81.41,1.05,0.000646,0.000649,19.54,15.65,26.21,25.22,-0.1315,1,1.0,1.0,False,STABLE,-0.000139,-9.9e-05,2.8e-05,0.857785,0.860725,0.858265,0.858465,0.858755,0.857975,0.857775,20,4.18,0.858132,0.858251,0.858533,0.858917,63.64,31.4,-0.000333,-0.00028,17.86,16.67,0.000349,0.857785,0.860015,0.860031,0.857361,0.858175,0.858285,0.858065,1,1.0,0.858175,0.858285,0.858065,0.858105,NEW YORK,422744,LOW,0.858175,0.858285,0.858065,0.858105,NEW YORK,422744,LOW,NONE,BULLISH,BULLISH,WEAK,AT_PIVOT,LOW_WICK,NEUTRAL,NOISY,TRUE,TESTING_PIVOT,50,26,6.666666666666667,50,NEUTRAL,False,70,[],0,0,NEUTRAL,BULLISH,40,True,REJECTION,25,False,False,True,70,False,0,100,DOWN,NONE,NONE,0,True,75,82,18,80,True,True,CONTINUATION,70,False,0.0,NONE,False,NONE,False,False,0,False,60,36.81159420289886,18.188679245283215,55.00000000000001,36,FAIR,False,75,66,-0.1972757175091079,5,40.0,True,RANDOM,70,40.90783558386348,11.012167478945223,True,MOMENTUM_SHIFT,False,True,False,65,True,70,DOWN,100,IMPULSIVE,EXTREME,DOWN,100,-0.1315,IMPULSIVE,85,30,85,WEAK,NONE,55,30,65,EXTREME,88,55,45,1.05,False,40,0.8684210526315789,44.02989473684211,RANGING,90,False,NONE,0.857785,0.858465,0.858265,FAR,30,50,85,50,NONE,NONE,NONE,False,[],0,0,ACCUMULATION,ACCUMULATION,50,56,False,10,"Smart money accumulation. Bullish bias, look for breakout.",1.0,0.8,False,False,False,False,0.3,0.3,True,False,False,22,True,[],0,NO,ACCUMULATION,"Smart money accumulation. Bullish bias, look for breakout.",EXTREME,LOW,0.082,[],False,Passed basic checks,0,50,50,MEDIUM,5,WAIT,รอการวิเคราะห์จาก AI
2026-06-27 21:43:00,0.858105,0.858285,0.858065,0.858175,1.0,EURGBP-OTC,BEARISH,0.858474,0.85879,0.859048,0.859201,0.85963,0.860043,BEARISH,0.860775,0.857872,0.002904,0.003344,33.99,35.64,-0.000223,-4.2e-05,-0.000181,12.53,20.1,0.000704,81.41,1.05,0.000646,0.000649,19.54,15.65,26.21,25.22,-0.1315,1,1.0,1.0,False,STABLE,-0.000139,-9.9e-05,2.8e-05,0.857785,0.860725,0.858265,0.858465,0.858755,0.857975,0.857775,20,4.18,0.858132,0.858251,0.858533,0.858917,63.64,31.4,-0.000333,-0.00028,17.86,16.67,0.000349,0.857785,0.860015,0.860031,0.857361,0.858175,0.858285,0.858065,1,1.0,0.858175,0.858285,0.858065,0.858105,NEW YORK,483114,LOW,0.858175,0.858285,0.858065,0.858105,NEW YORK,483114,LOW,NONE,BULLISH,BULLISH,WEAK,AT_PIVOT,LOW_WICK,NEUTRAL,NOISY,TRUE,TESTING_PIVOT,50,26,6.666666666666667,50,NEUTRAL,False,70,[],0,0,NEUTRAL,BULLISH,40,True,REJECTION,25,False,False,True,70,False,0,100,DOWN,NONE,NONE,0,True,75,82,18,80,True,True,CONTINUATION,70,False,0.0,NONE,False,NONE,False,False,0,False,60,36.81159420289886,18.188679245283215,55.00000000000001,36,FAIR,False,75,66,-0.1972757175091079,5,40.0,True,RANDOM,70,40.90783558386348,11.012167478945223,True,MOMENTUM_SHIFT,False,True,False,65,True,70,DOWN,100,IMPULSIVE,EXTREME,DOWN,100,-0.1315,IMPULSIVE,85,30,85,WEAK,NONE,55,30,65,EXTREME,88,55,45,1.05,False,40,0.8684210526315789,44.02989473684211,RANGING,90,False,NONE,0.857785,0.858465,0.858265,FAR,30,50,85,50,NONE,NONE,NONE,False,[],0,0,ACCUMULATION,ACCUMULATION,50,56,False,10,"Smart money accumulation. Bullish bias, look for breakout.",1.0,0.8,False,False,False,False,0.3,0.3,True,False,False,22,True,[],0,NO,ACCUMULATION,"Smart money accumulation. Bullish bias, look for breakout.",EXTREME,LOW,0.082,[],False,Passed basic checks,0,50,50,MEDIUM,5,WAIT,รอการวิเคราะห์จาก AI
2026-06-27 21:44:00,0.858105,0.858285,0.858065,0.858175,1.0,EURGBP-OTC,BEARISH,0.858474,0.85879,0.859048,0.859201,0.85963,0.860043,BEARISH,0.860775,0.857872,0.002904,0.003344,33.99,35.64,-0.000223,-4.2e-05,-0.000181,12.53,20.1,0.000704,81.41,1.05,0.000646,0.000649,19.54,15.65,26.21,25.22,-0.1315,1,1.0,1.0,False,STABLE,-0.000139,-9.9e-05,2.8e-05,0.857785,0.860725,0.858265,0.858465,0.858755,0.857975,0.857775,20,4.18,0.858132,0.858251,0.858533,0.858917,63.64,31.4,-0.000333,-0.00028,17.86,16.67,0.000349,0.857785,0.860015,0.860031,0.857361,0.858175,0.858285,0.858065,1,1.0,0.858175,0.858285,0.858065,0.858105,NEW YORK,542520,LOW,0.858175,0.858285,0.858065,0.858105,NEW YORK,542520,LOW,NONE,BULLISH,BULLISH,WEAK,AT_PIVOT,LOW_WICK,NEUTRAL,NOISY,TRUE,TESTING_PIVOT,50,26,6.666666666666667,50,NEUTRAL,False,70,[],0,0,NEUTRAL,BULLISH,40,True,REJECTION,25,False,False,True,70,False,0,100,DOWN,NONE,NONE,0,True,75,82,18,80,True,True,CONTINUATION,70,False,0.0,NONE,False,NONE,False,False,0,False,60,36.81159420289886,18.188679245283215,55.00000000000001,36,FAIR,False,75,66,-0.1972757175091079,5,40.0,True,RANDOM,70,40.90783558386348,11.012167478945223,True,MOMENTUM_SHIFT,False,True,False,65,True,70,DOWN,100,IMPULSIVE,EXTREME,DOWN,100,-0.1315,IMPULSIVE,85,30,85,WEAK,NONE,55,30,65,EXTREME,88,55,45,1.05,False,40,0.8684210526315789,44.02989473684211,RANGING,90,False,NONE,0.857785,0.858465,0.858265,FAR,30,50,85,50,NONE,NONE,NONE,False,[],0,0,SIDEWAY_RANGE,SIDEWAY_RANGE,50,51,False,10,Price ranging between clear levels. Suitable for mean-reversion strategies.,1.0,0.8,False,False,False,False,0.3,0.3,True,False,False,22,True,[],0,NO,SIDEWAY_RANGE,Price ranging between clear levels. Suitable for mean-reversion strategies.,EXTREME,LOW,0.082,[],False,Passed basic checks,0,50,50,MEDIUM,5,WAIT,รอการวิเคราะห์จาก AI
2026-06-27 21:45:00,0.858165,0.858285,0.858115,0.858125,1.0,EURGBP-OTC,BEARISH,0.858295,0.858635,0.858942,0.859151,0.859603,0.860065,BEARISH,0.860642,0.85774,0.002902,0.003309,29.38,35.25,-0.000281,-9e-05,-0.000191,15.63,16.32,0.000727,94.97,1.45,0.000654,0.000647,20.58,14.48,29.49,34.15,-0.1269,1,1.0,1.0,False,STABLE,-0.000168,-9.9e-05,2.1e-05,0.857555,0.860665,0.857925,0.858295,0.858655,0.857565,0.857195,20,4.28,0.858194,0.858237,0.858418,0.858796,50.0,44.57,-0.000251,-0.00027,39.69,35.24,0.000279,0.857785,0.859745,0.859539,0.857317,0.858175,0.858235,0.858065,1,1.0,0.858125,0.858285,0.858115,0.858165,NEW YORK,304086,LOW,0.858125,0.858285,0.858115,0.858165,NEW YORK,304086,LOW,NONE,BEARISH,BEARISH,WEAK,AT_PIVOT,LOW_WICK,NEUTRAL,NOISY,TRUE,TESTING_PIVOT,48,26,6.666666666666667,50,NEUTRAL,False,70,[],0,0,NEUTRAL,BEARISH,40,True,BEAR_TRAP,50,True,False,False,70,False,0,100,DOWN,NONE,NONE,0,True,75,55,45,80,False,True,NEUTRAL,70,False,0.0,NONE,False,NONE,False,False,0,False,60,37.80313837375258,18.208734270910536,55.00000000000001,37,FAIR,False,75,67,-0.19782878732481696,5,50.0,True,RANDOM,70,40.84480632287041,11.30908556623133,True,MOMENTUM_SHIFT,False,True,True,35,False,70,DOWN,100,IMPULSIVE,EXTREME,DOWN,100,-0.1269,IMPULSIVE,85,30,85,NORMAL,NONE,65,30,75,EXTREME,88,40,60,1.45,False,40,0.877002115442732,32.3237884557268,RANGING,90,False,NONE,0.857555,0.858295,0.857925,FAR,30,50,85,50,NONE,NONE,NONE,False,[],0,0,ACCUMULATION,ACCUMULATION,50,56,False,10,"Smart money accumulation. Bullish bias, look for breakout.",1.0,0.8,False,False,False,False,0.3,0.3,True,False,False,22,True,[],0,NO,ACCUMULATION,"Smart money accumulation. Bullish bias, look for breakout.",EXTREME,LOW,0.085,[],False,Passed basic checks,0,50,50,MEDIUM,5,WAIT,รอการวิเคราะห์จาก AI
2026-06-27 21:46:00,0.858165,0.858285,0.858115,0.858125,1.0,EURGBP-OTC,BEARISH,0.858295,0.858635,0.858942,0.859151,0.859603,0.860065,BEARISH,0.860642,0.85774,0.002902,0.003309,29.38,35.25,-0.000281,-9e-05,-0.000191,15.63,16.32,0.000727,94.97,1.45,0.000654,0.000647,20.58,14.48,29.49,34.15,-0.1269,1,1.0,1.0,False,STABLE,-0.000168,-9.9e-05,2.1e-05,0.857555,0.860665,0.857925,0.858295,0.858655,0.857565,0.857195,20,4.28,0.858194,0.858237,0.858418,0.858796,50.0,44.57,-0.000251,-0.00027,39.69,35.24,0.000279,0.857785,0.859745,0.859539,0.857317,0.858175,0.858235,0.858065,1,1.0,0.858125,0.858285,0.858115,0.858165,NEW YORK,362468,LOW,0.858125,0.858285,0.858115,0.858165,NEW YORK,362468,LOW,NONE,BEARISH,BEARISH,WEAK,AT_PIVOT,LOW_WICK,NEUTRAL,NOISY,TRUE,TESTING_PIVOT,48,26,6.666666666666667,50,NEUTRAL,False,70,[],0,0,NEUTRAL,BEARISH,40,True,BEAR_TRAP,50,True,False,False,70,False,0,100,DOWN,NONE,NONE,0,True,75,55,45,80,False,True,NEUTRAL,70,False,0.0,NONE,False,NONE,False,False,0,False,60,37.80313837375258,18.208734270910536,55.00000000000001,37,FAIR,False,75,67,-0.19782878732481696,5,50.0,True,RANDOM,70,40.84480632287041,11.30908556623133,True,MOMENTUM_SHIFT,False,True,True,35,False,70,DOWN,100,IMPULSIVE,EXTREME,DOWN,100,-0.1269,IMPULSIVE,85,30,85,NORMAL,NONE,65,30,75,EXTREME,88,40,60,1.45,False,40,0.877002115442732,32.3237884557268,RANGING,90,False,NONE,0.857555,0.858295,0.857925,FAR,30,50,85,50,NONE,NONE,NONE,False,[],0,0,ACCUMULATION,ACCUMULATION,50,56,False,10,"Smart money accumulation. Bullish bias, look for breakout.",1.0,0.8,False,False,False,False,0.3,0.3,True,False,False,22,True,[],0,NO,ACCUMULATION,"Smart money accumulation. Bullish bias, look for breakout.",EXTREME,LOW,0.085,[],False,Passed basic checks,0,50,50,MEDIUM,5,WAIT,รอการวิเคราะห์จาก AI
2026-06-27 21:47:00,0.858165,0.858285,0.858115,0.858125,1.0,EURGBP-OTC,BEARISH,0.858295,0.858635,0.858942,0.859151,0.859603,0.860065,BEARISH,0.860642,0.85774,0.002902,0.003309,29.38,35.25,-0.000281,-9e-05,-0.000191,15.63,16.32,0.000727,94.97,1.45,0.000654,0.000647,20.58,14.48,29.49,34.15,-0.1269,1,1.0,1.0,False,STABLE,-0.000168,-9.9e-05,2.1e-05,0.857555,0.860665,0.857925,0.858295,0.858655,0.857565,0.857195,20,4.28,0.858194,0.858237,0.858418,0.858796,50.0,44.57,-0.000251,-0.00027,39.69,35.24,0.000279,0.857785,0.859745,0.859539,0.857317,0.858175,0.858235,0.858065,1,1.0,0.858125,0.858285,0.858115,0.858165,NEW YORK,422768,LOW,0.858125,0.858285,0.858115,0.858165,NEW YORK,422768,LOW,NONE,BEARISH,BEARISH,WEAK,AT_PIVOT,LOW_WICK,NEUTRAL,NOISY,TRUE,TESTING_PIVOT,48,26,6.666666666666667,50,NEUTRAL,False,70,[],0,0,NEUTRAL,BEARISH,40,True,BEAR_TRAP,50,True,False,False,70,False,0,100,DOWN,NONE,NONE,0,True,75,55,45,80,False,True,NEUTRAL,70,False,0.0,NONE,False,NONE,False,False,0,False,60,37.80313837375258,18.208734270910536,55.00000000000001,37,FAIR,False,75,67,-0.19782878732481696,5,50.0,True,RANDOM,70,40.84480632287041,11.30908556623133,True,MOMENTUM_SHIFT,False,True,True,35,False,70,DOWN,100,IMPULSIVE,EXTREME,DOWN,100,-0.1269,IMPULSIVE,85,30,85,NORMAL,NONE,65,30,75,EXTREME,88,40,60,1.45,False,40,0.877002115442732,32.3237884557268,RANGING,90,False,NONE,0.857555,0.858295,0.857925,FAR,30,50,85,50,NONE,NONE,NONE,False,[],0,0,ACCUMULATION,ACCUMULATION,50,56,False,10,"Smart money accumulation. Bullish bias, look for breakout.",1.0,0.8,False,False,False,False,0.3,0.3,True,False,False,22,True,[],0,NO,ACCUMULATION,"Smart money accumulation. Bullish bias, look for breakout.",EXTREME,LOW,0.085,[],False,Passed basic checks,0,50,50,MEDIUM,5,WAIT,รอการวิเคราะห์จาก AI
2026-06-27 21:48:00,0.858165,0.858285,0.858115,0.858125,1.0,EURGBP-OTC,BEARISH,0.858295,0.858635,0.858942,0.859151,0.859603,0.860065,BEARISH,0.860642,0.85774,0.002902,0.003309,29.38,35.25,-0.000281,-9e-05,-0.000191,15.63,16.32,0.000727,94.97,1.45,0.000654,0.000647,20.58,14.48,29.49,34.15,-0.1269,1,1.0,1.0,False,STABLE,-0.000168,-9.9e-05,2.1e-05,0.857555,0.860665,0.857925,0.858295,0.858655,0.857565,0.857195,20,4.28,0.858194,0.858237,0.858418,0.858796,50.0,44.57,-0.000251,-0.00027,39.69,35.24,0.000279,0.857785,0.859745,0.859539,0.857317,0.858175,0.858235,0.858065,1,1.0,0.858125,0.858285,0.858115,0.858165,NEW YORK,483104,LOW,0.858125,0.858285,0.858115,0.858165,NEW YORK,483104,LOW,NONE,BEARISH,BEARISH,WEAK,AT_PIVOT,LOW_WICK,NEUTRAL,NOISY,TRUE,TESTING_PIVOT,48,26,6.666666666666667,50,NEUTRAL,False,70,[],0,0,NEUTRAL,BEARISH,40,True,BEAR_TRAP,50,True,False,False,70,False,0,100,DOWN,NONE,NONE,0,True,75,55,45,80,False,True,NEUTRAL,70,False,0.0,NONE,False,NONE,False,False,0,False,60,37.80313837375258,18.208734270910536,55.00000000000001,37,FAIR,False,75,67,-0.19782878732481696,5,50.0,True,RANDOM,70,40.84480632287041,11.30908556623133,True,MOMENTUM_SHIFT,False,True,True,35,False,70,DOWN,100,IMPULSIVE,EXTREME,DOWN,100,-0.1269,IMPULSIVE,85,30,85,NORMAL,NONE,65,30,75,EXTREME,88,40,60,1.45,False,40,0.877002115442732,32.3237884557268,RANGING,90,False,NONE,0.857555,0.858295,0.857925,FAR,30,50,85,50,NONE,NONE,NONE,False,[],0,0,ACCUMULATION,ACCUMULATION,50,56,False,10,"Smart money accumulation. Bullish bias, look for breakout.",1.0,0.8,False,False,False,False,0.3,0.3,True,False,False,22,True,[],0,NO,ACCUMULATION,"Smart money accumulation. Bullish bias, look for breakout.",EXTREME,LOW,0.085,[],False,Passed basic checks,0,50,50,MEDIUM,5,WAIT,รอการวิเคราะห์จาก AI
2026-06-27 21:49:00,0.858165,0.858285,0.858115,0.858125,1.0,EURGBP-OTC,BEARISH,0.858295,0.858635,0.858942,0.859151,0.859603,0.860065,BEARISH,0.860642,0.85774,0.002902,0.003309,29.38,35.25,-0.000281,-9e-05,-0.000191,15.63,16.32,0.000727,94.97,1.45,0.000654,0.000647,20.58,14.48,29.49,34.15,-0.1269,1,1.0,1.0,False,STABLE,-0.000168,-9.9e-05,2.1e-05,0.857555,0.860665,0.857925,0.858295,0.858655,0.857565,0.857195,20,4.28,0.858194,0.858237,0.858418,0.858796,50.0,44.57,-0.000251,-0.00027,39.69,35.24,0.000279,0.857785,0.859745,0.859539,0.857317,0.858175,0.858235,0.858065,1,1.0,0.858125,0.858285,0.858115,0.858165,NEW YORK,542407,LOW,0.858125,0.858285,0.858115,0.858165,NEW YORK,542407,LOW,NONE,BEARISH,BEARISH,WEAK,AT_PIVOT,LOW_WICK,NEUTRAL,NOISY,TRUE,TESTING_PIVOT,48,26,6.666666666666667,50,NEUTRAL,False,70,[],0,0,NEUTRAL,BEARISH,40,True,BEAR_TRAP,50,True,False,False,70,False,0,100,DOWN,NONE,NONE,0,True,75,55,45,80,False,True,NEUTRAL,70,False,0.0,NONE,False,NONE,False,False,0,False,60,37.80313837375258,18.208734270910536,55.00000000000001,37,FAIR,False,75,67,-0.19782878732481696,5,50.0,True,RANDOM,70,40.84480632287041,11.30908556623133,True,MOMENTUM_SHIFT,False,True,True,35,False,70,DOWN,100,IMPULSIVE,EXTREME,DOWN,100,-0.1269,IMPULSIVE,85,30,85,NORMAL,NONE,65,30,75,EXTREME,88,40,60,1.45,False,40,0.877002115442732,32.3237884557268,RANGING,90,False,NONE,0.857555,0.858295,0.857925,FAR,30,50,85,50,NONE,NONE,NONE,False,[],0,0,ACCUMULATION,ACCUMULATION,50,56,False,10,"Smart money accumulation. Bullish bias, look for breakout.",1.0,0.8,False,False,False,False,0.3,0.3,True,False,False,22,True,[],0,NO,ACCUMULATION,"Smart money accumulation. Bullish bias, look for breakout.",EXTREME,LOW,0.085,[],False,Passed basic checks,0,50,50,MEDIUM,5,WAIT,รอการวิเคราะห์จาก AI
2026-06-27 21:50:00,0.857945,0.858425,0.857945,0.858265,1.0,EURGBP-OTC,BEARISH,0.858405,0.858633,0.858912,0.859131,0.859577,0.860001,BEARISH,0.860457,0.857748,0.002709,0.00328,31.31,45.69,-0.000268,-0.000126,-0.000143,25.27,17.81,0.000715,85.43,0.94,0.000664,0.000641,20.67,17.46,27.23,21.86,-0.0617,1,1.0,1.0,False,STABLE,-0.000162,-8.8e-05,1.5e-05,0.857555,0.860625,0.858418,0.858892,0.859158,0.858152,0.857678,20,4.29,0.858007,0.858043,0.858218,0.858633,52.38,58.62,-0.00025,-0.000273,37.02,20.96,0.000308,0.857555,0.858595,0.858529,0.857639,0.858212,0.858478,0.857998,1,1.0,0.858265,0.858425,0.857945,0.857945,NEW YORK,302897,LOW,0.858265,0.858425,0.857945,0.857945,NEW YORK,302897,LOW,NONE,BULLISH,BULLISH,WEAK,AT_PIVOT,LOW_WICK,NEUTRAL,NOISY,TRUE,TESTING_PIVOT,49,26,6.666666666666667,50,NEUTRAL,False,70,[],0,0,NEUTRAL,BULLISH,40,True,BEAR_TRAP,50,True,False,False,70,True,100,50,DOWN,NONE,UP,1,False,75,55,45,80,False,True,NEUTRAL,70,False,0.0,NONE,False,NONE,False,False,0,False,60,23.56857523302359,13.279530447541996,50.0,28,POOR,False,75,44,-0.21195001756160745,4,60.0,False,RANDOM,70,41.192846518580275,9.659690671311862,True,MOMENTUM_SHIFT,False,True,False,65,True,70,DOWN,100,CHOPPY,EXTREME,DOWN,100,-0.0617,CHOPPY,75,30,75,NORMAL,NONE,60,30,70,EXTREME,88,40,60,0.94,False,40,0.8259146341463415,45.06453658536584,RANGING,90,False,NONE,0.857555,0.858892,0.858418,FAR,30,50,85,50,NONE,NONE,NONE,False,[],0,0,ACCUMULATION,ACCUMULATION,50,56,False,10,"Smart money accumulation. Bullish bias, look for breakout.",1.0,0.8,False,False,False,False,0.3,0.3,True,False,False,22,True,[],0,NO,ACCUMULATION,"Smart money accumulation. Bullish bias, look for breakout.",EXTREME,LOW,0.083,[],False,Passed basic checks,0,50,50,MEDIUM,5,WAIT,รอการวิเคราะห์จาก AI
2026-06-27 21:51:00,0.857945,0.858425,0.857945,0.858265,1.0,EURGBP-OTC,BEARISH,0.858405,0.858633,0.858912,0.859131,0.859577,0.860001,BEARISH,0.860457,0.857748,0.002709,0.00328,31.31,45.69,-0.000268,-0.000126,-0.000143,25.27,17.81,0.000715,85.43,0.94,0.000664,0.000641,20.67,17.46,27.23,21.86,-0.0617,1,1.0,1.0,False,STABLE,-0.000162,-8.8e-05,1.5e-05,0.857555,0.860625,0.858418,0.858892,0.859158,0.858152,0.857678,20,4.29,0.858007,0.858043,0.858218,0.858633,52.38,58.62,-0.00025,-0.000273,37.02,20.96,0.000308,0.857555,0.858595,0.858529,0.857639,0.858212,0.858478,0.857998,1,1.0,0.858265,0.858425,0.857945,0.857945,NEW YORK,363277,LOW,0.858265,0.858425,0.857945,0.857945,NEW YORK,363277,LOW,NONE,BULLISH,BULLISH,WEAK,AT_PIVOT,LOW_WICK,NEUTRAL,NOISY,TRUE,TESTING_PIVOT,49,26,6.666666666666667,50,NEUTRAL,False,70,[],0,0,NEUTRAL,BULLISH,40,True,BEAR_TRAP,50,True,False,False,70,True,100,50,DOWN,NONE,UP,1,False,75,55,45,80,False,True,NEUTRAL,70,False,0.0,NONE,False,NONE,False,False,0,False,60,23.56857523302359,13.279530447541996,50.0,28,POOR,False,75,44,-0.21195001756160745,4,60.0,False,RANDOM,70,41.192846518580275,9.659690671311862,True,MOMENTUM_SHIFT,False,True,False,65,True,70,DOWN,100,CHOPPY,EXTREME,DOWN,100,-0.0617,CHOPPY,75,30,75,NORMAL,NONE,60,30,70,EXTREME,88,40,60,0.94,False,40,0.8259146341463415,45.06453658536584,RANGING,90,False,NONE,0.857555,0.858892,0.858418,FAR,30,50,85,50,NONE,NONE,NONE,False,[],0,0,ACCUMULATION,ACCUMULATION,50,56,False,10,"Smart money accumulation. Bullish bias, look for breakout.",1.0,0.8,False,False,False,False,0.3,0.3,True,False,False,22,True,[],0,NO,ACCUMULATION,"Smart money accumulation. Bullish bias, look for breakout.",EXTREME,LOW,0.083,[],False,Passed basic checks,0,50,50,MEDIUM,5,WAIT,รอการวิเคราะห์จาก AI
2026-06-27 21:52:00,0.857945,0.858425,0.857945,0.858265,1.0,EURGBP-OTC,BEARISH,0.858405,0.858633,0.858912,0.859131,0.859577,0.860001,BEARISH,0.860457,0.857748,0.002709,0.00328,31.31,45.69,-0.000268,-0.000126,-0.000143,25.27,17.81,0.000715,85.43,0.94,0.000664,0.000641,20.67,17.46,27.23,21.86,-0.0617,1,1.0,1.0,False,STABLE,-0.000162,-8.8e-05,1.5e-05,0.857555,0.860625,0.858418,0.858892,0.859158,0.858152,0.857678,20,4.29,0.858007,0.858043,0.858218,0.858633,52.38,58.62,-0.00025,-0.000273,37.02,20.96,0.000308,0.857555,0.858595,0.858529,0.857639,0.858212,0.858478,0.857998,1,1.0,0.858265,0.858425,0.857945,0.857945,NEW YORK,422730,LOW,0.858265,0.858425,0.857945,0.857945,NEW YORK,422730,LOW,NONE,BULLISH,BULLISH,WEAK,AT_PIVOT,LOW_WICK,NEUTRAL,NOISY,TRUE,TESTING_PIVOT,49,26,6.666666666666667,50,NEUTRAL,False,70,[],0,0,NEUTRAL,BULLISH,40,True,BEAR_TRAP,50,True,False,False,70,True,100,50,DOWN,NONE,UP,1,False,75,55,45,80,False,True,NEUTRAL,70,False,0.0,NONE,False,NONE,False,False,0,False,60,23.56857523302359,13.279530447541996,50.0,28,POOR,False,75,44,-0.21195001756160745,4,60.0,False,RANDOM,70,41.192846518580275,9.659690671311862,True,MOMENTUM_SHIFT,False,True,False,65,True,70,DOWN,100,CHOPPY,EXTREME,DOWN,100,-0.0617,CHOPPY,75,30,75,NORMAL,NONE,60,30,70,EXTREME,88,40,60,0.94,False,40,0.8259146341463415,45.06453658536584,RANGING,90,False,NONE,0.857555,0.858892,0.858418,FAR,30,50,85,50,NONE,NONE,NONE,False,[],0,0,ACCUMULATION,ACCUMULATION,50,56,False,10,"Smart money accumulation. Bullish bias, look for breakout.",1.0,0.8,False,False,False,False,0.3,0.3,True,False,False,22,True,[],0,NO,ACCUMULATION,"Smart money accumulation. Bullish bias, look for breakout.",EXTREME,LOW,0.083,[],False,Passed basic checks,0,50,50,MEDIUM,5,WAIT,รอการวิเคราะห์จาก AI
2026-06-27 21:53:00,0.857945,0.858425,0.857945,0.858265,1.0,EURGBP-OTC,BEARISH,0.858405,0.858633,0.858912,0.859131,0.859577,0.860001,BEARISH,0.860457,0.857748,0.002709,0.00328,31.31,45.69,-0.000268,-0.000126,-0.000143,25.27,17.81,0.000715,85.43,0.94,0.000664,0.000641,20.67,17.46,27.23,21.86,-0.0617,1,1.0,1.0,False,STABLE,-0.000162,-8.8e-05,1.5e-05,0.857555,0.860625,0.858418,0.858892,0.859158,0.858152,0.857678,20,4.29,0.858007,0.858043,0.858218,0.858633,52.38,58.62,-0.00025,-0.000273,37.02,20.96,0.000308,0.857555,0.858595,0.858529,0.857639,0.858212,0.858478,0.857998,1,1.0,0.858265,0.858425,0.857945,0.857945,NEW YORK,483149,LOW,0.858265,0.858425,0.857945,0.857945,NEW YORK,483149,LOW,NONE,BULLISH,BULLISH,WEAK,AT_PIVOT,LOW_WICK,NEUTRAL,NOISY,TRUE,TESTING_PIVOT,49,26,6.666666666666667,50,NEUTRAL,False,70,[],0,0,NEUTRAL,BULLISH,40,True,BEAR_TRAP,50,True,False,False,70,True,100,50,DOWN,NONE,UP,1,False,75,55,45,80,False,True,NEUTRAL,70,False,0.0,NONE,False,NONE,False,False,0,False,60,23.56857523302359,13.279530447541996,50.0,28,POOR,False,75,44,-0.21195001756160745,4,60.0,False,RANDOM,70,41.192846518580275,9.659690671311862,True,MOMENTUM_SHIFT,False,True,False,65,True,70,DOWN,100,CHOPPY,EXTREME,DOWN,100,-0.0617,CHOPPY,75,30,75,NORMAL,NONE,60,30,70,EXTREME,88,40,60,0.94,False,40,0.8259146341463415,45.06453658536584,RANGING,90,False,NONE,0.857555,0.858892,0.858418,FAR,30,50,85,50,NONE,NONE,NONE,False,[],0,0,ACCUMULATION,ACCUMULATION,50,56,False,10,"Smart money accumulation. Bullish bias, look for breakout.",1.0,0.8,False,False,False,False,0.3,0.3,True,False,False,22,True,[],0,NO,ACCUMULATION,"Smart money accumulation. Bullish bias, look for breakout.",EXTREME,LOW,0.083,[],False,Passed basic checks,0,50,50,MEDIUM,5,WAIT,รอการวิเคราะห์จาก AI
2026-06-27 21:54:00,0.857945,0.858425,0.857945,0.858265,1.0,EURGBP-OTC,BEARISH,0.858405,0.858633,0.858912,0.859131,0.859577,0.860001,BEARISH,0.860457,0.857748,0.002709,0.00328,31.31,45.69,-0.000268,-0.000126,-0.000143,25.27,17.81,0.000715,85.43,0.94,0.000664,0.000641,20.67,17.46,27.23,21.86,-0.0617,1,1.0,1.0,False,STABLE,-0.000162,-8.8e-05,1.5e-05,0.857555,0.860625,0.858418,0.858892,0.859158,0.858152,0.857678,20,4.29,0.858007,0.858043,0.858218,0.858633,52.38,58.62,-0.00025,-0.000273,37.02,20.96,0.000308,0.857555,0.858595,0.858529,0.857639,0.858212,0.858478,0.857998,1,1.0,0.858265,0.858425,0.857945,0.857945,NEW YORK,542510,LOW,0.858265,0.858425,0.857945,0.857945,NEW YORK,542510,LOW,NONE,BULLISH,BULLISH,WEAK,AT_PIVOT,LOW_WICK,NEUTRAL,NOISY,TRUE,TESTING_PIVOT,49,26,6.666666666666667,50,NEUTRAL,False,70,[],0,0,NEUTRAL,BULLISH,40,True,BEAR_TRAP,50,True,False,False,70,True,100,50,DOWN,NONE,UP,1,False,75,55,45,80,False,True,NEUTRAL,70,False,0.0,NONE,False,NONE,False,False,0,False,60,23.56857523302359,13.279530447541996,50.0,28,POOR,False,75,44,-0.21195001756160745,4,60.0,False,RANDOM,70,41.192846518580275,9.659690671311862,True,MOMENTUM_SHIFT,False,True,False,65,True,70,DOWN,100,CHOPPY,EXTREME,DOWN,100,-0.0617,CHOPPY,75,30,75,NORMAL,NONE,60,30,70,EXTREME,88,40,60,0.94,False,40,0.8259146341463415,45.06453658536584,RANGING,90,False,NONE,0.857555,0.858892,0.858418,FAR,30,50,85,50,NONE,NONE,NONE,False,[],0,0,ACCUMULATION,ACCUMULATION,50,56,False,10,"Smart money accumulation. Bullish bias, look for breakout.",1.0,0.8,False,False,False,False,0.3,0.3,True,False,False,22,True,[],0,NO,ACCUMULATION,"Smart money accumulation. Bullish bias, look for breakout.",EXTREME,LOW,0.083,[],False,Passed basic checks,0,50,50,MEDIUM,5,WAIT,รอการวิเคราะห์จาก AI
2026-06-27 21:55:00,0.858615,0.858735,0.858355,0.858395,1.0,EURGBP-OTC,BEARISH,0.858422,0.8586,0.858868,0.859104,0.859565,0.860066,BEARISH,0.860231,0.857776,0.002456,0.003259,37.73,48.8,-0.000269,-0.000154,-0.000115,31.59,24.16,0.000695,79.4,0.95,0.000674,0.000635,20.65,17.16,25.94,20.38,-0.0931,1,1.0,1.0,False,STABLE,-0.000152,-7.6e-05,1.1e-05,0.857555,0.860555,0.858492,0.858698,0.858942,0.858248,0.858042,20,4.32,0.858435,0.858334,0.85833,0.85861,81.6,51.79,-6.4e-05,-0.000163,86.56,89.78,0.000277,0.857555,0.858735,0.858741,0.857631,0.858495,0.858635,0.858255,1,1.0,0.858395,0.858735,0.858355,0.858615,NEW YORK,302945,LOW,0.858395,0.858735,0.858355,0.858615,NEW YORK,302945,LOW,NONE,BEARISH,BEARISH,WEAK,AT_PIVOT,LOW_WICK,NEUTRAL,CHAOTIC,TRUE,TESTING_PIVOT,49,26,0.0,50,NEUTRAL,False,70,[],0,0,NEUTRAL,BEARISH,40,True,BEAR_TRAP,50,True,False,False,70,False,0,100,DOWN,NONE,NONE,0,True,75,55,45,80,False,True,NEUTRAL,70,False,0.0,NONE,False,NONE,False,False,0,False,60,25.916230366491977,9.39548434085944,55.00000000000001,30,POOR,False,75,45,-0.25943317572721697,3,70.0,False,MEAN_REVERTING,70,40.42328421576499,10.603059439007067,True,MOMENTUM_SHIFT,False,True,False,65,True,70,DOWN,100,CHOPPY,EXTREME,DOWN,100,-0.0931,CHOPPY,85,30,85,NORMAL,NONE,60,30,70,EXTREME,88,40,60,0.95,False,40,0.7536054004295796,52.47999999999999,RANGING,90,False,NONE,0.857555,0.858698,0.858492,FAR,30,50,85,50,NONE,NONE,NONE,False,[],0,0,ACCUMULATION,ACCUMULATION,50,65,True,25,"Smart money accumulation. Bullish bias, look for breakout.",1.0,0.5,False,False,False,False,0.3,0.3,True,False,False,22,True,[],0,NO,ACCUMULATION,"Smart money accumulation. Bullish bias, look for breakout.",EXTREME,LOW,0.081,[],True,Passed basic checks,0,50,50,MEDIUM,5,WAIT,รอการวิเคราะห์จาก AI
2026-06-27 21:56:00,0.858615,0.858735,0.858355,0.858395,1.0,EURGBP-OTC,BEARISH,0.858422,0.8586,0.858868,0.859104,0.859565,0.860066,BEARISH,0.860231,0.857776,0.002456,0.003259,37.73,48.8,-0.000269,-0.000154,-0.000115,31.59,24.16,0.000695,79.4,0.95,0.000674,0.000635,20.65,17.16,25.94,20.38,-0.0931,1,1.0,1.0,False,STABLE,-0.000152,-7.6e-05,1.1e-05,0.857555,0.860555,0.858492,0.858698,0.858942,0.858248,0.858042,20,4.32,0.858435,0.858334,0.85833,0.85861,81.6,51.79,-6.4e-05,-0.000163,86.56,89.78,0.000277,0.857555,0.858735,0.858741,0.857631,0.858495,0.858635,0.858255,1,1.0,0.858395,0.858735,0.858355,0.858615,NEW YORK,363437,LOW,0.858395,0.858735,0.858355,0.858615,NEW YORK,363437,LOW,NONE,BEARISH,BEARISH,WEAK,AT_PIVOT,LOW_WICK,NEUTRAL,CHAOTIC,TRUE,TESTING_PIVOT,49,26,0.0,50,NEUTRAL,False,70,[],0,0,NEUTRAL,BEARISH,40,True,BEAR_TRAP,50,True,False,False,70,False,0,100,DOWN,NONE,NONE,0,True,75,55,45,80,False,True,NEUTRAL,70,False,0.0,NONE,False,NONE,False,False,0,False,60,25.916230366491977,9.39548434085944,55.00000000000001,30,POOR,False,75,45,-0.25943317572721697,3,70.0,False,MEAN_REVERTING,70,40.42328421576499,10.603059439007067,True,MOMENTUM_SHIFT,False,True,False,65,True,70,DOWN,100,CHOPPY,EXTREME,DOWN,100,-0.0931,CHOPPY,85,30,85,NORMAL,NONE,60,30,70,EXTREME,88,40,60,0.95,False,40,0.7536054004295796,52.47999999999999,RANGING,90,False,NONE,0.857555,0.858698,0.858492,FAR,30,50,85,50,NONE,NONE,NONE,False,[],0,0,ACCUMULATION,ACCUMULATION,50,65,True,25,"Smart money accumulation. Bullish bias, look for breakout.",1.0,0.5,False,False,False,False,0.3,0.3,True,False,False,22,True,[],0,NO,ACCUMULATION,"Smart money accumulation. Bullish bias, look for breakout.",EXTREME,LOW,0.081,[],True,Passed basic checks,0,50,50,MEDIUM,5,WAIT,รอการวิเคราะห์จาก AI
2026-06-27 21:57:00,0.858615,0.858735,0.858355,0.858395,1.0,EURGBP-OTC,BEARISH,0.858422,0.8586,0.858868,0.859104,0.859565,0.860066,BEARISH,0.860231,0.857776,0.002456,0.003259,37.73,48.8,-0.000269,-0.000154,-0.000115,31.59,24.16,0.000695,79.4,0.95,0.000674,0.000635,20.65,17.16,25.94,20.38,-0.0931,1,1.0,1.0,False,STABLE,-0.000152,-7.6e-05,1.1e-05,0.857555,0.860555,0.858492,0.858698,0.858942,0.858248,0.858042,20,4.32,0.858435,0.858334,0.85833,0.858609,81.6,51.79,-6.4e-05,-0.000163,86.56,89.78,0.000277,0.857555,0.858735,0.858741,0.857631,0.858495,0.858635,0.858255,1,1.0,0.858395,0.858735,0.858355,0.858615,NEW YORK,422864,LOW,0.858395,0.858735,0.858355,0.858615,NEW YORK,422864,LOW,NONE,BEARISH,BEARISH,WEAK,AT_PIVOT,LOW_WICK,NEUTRAL,CHAOTIC,TRUE,TESTING_PIVOT,49,26,0.0,50,NEUTRAL,False,70,[],0,0,NEUTRAL,BEARISH,40,True,BEAR_TRAP,50,True,False,False,70,False,0,100,DOWN,NONE,NONE,0,True,75,55,45,80,False,True,NEUTRAL,70,False,0.0,NONE,False,NONE,False,False,0,False,60,25.916230366491977,9.39548434085944,55.00000000000001,30,POOR,False,75,45,-0.25943317572721697,3,70.0,False,MEAN_REVERTING,70,40.42328421576499,10.603059439007067,True,MOMENTUM_SHIFT,False,True,False,65,True,70,DOWN,100,CHOPPY,EXTREME,DOWN,100,-0.0931,CHOPPY,85,30,85,NORMAL,NONE,60,30,70,EXTREME,88,40,60,0.95,False,40,0.7536054004295796,52.47999999999999,RANGING,90,False,NONE,0.857555,0.858698,0.858492,FAR,30,50,85,50,NONE,NONE,NONE,False,[],0,0,ACCUMULATION,ACCUMULATION,50,65,True,25,"Smart money accumulation. Bullish bias, look for breakout.",1.0,0.5,False,False,False,False,0.3,0.3,True,False,False,22,True,[],0,NO,ACCUMULATION,"Smart money accumulation. Bullish bias, look for breakout.",EXTREME,LOW,0.081,[],True,Passed basic checks,0,50,50,MEDIUM,5,WAIT,รอการวิเคราะห์จาก AI
2026-06-27 21:58:00,0.858615,0.858735,0.858355,0.858395,1.0,EURGBP-OTC,BEARISH,0.858422,0.8586,0.858868,0.859104,0.859565,0.860066,BEARISH,0.860231,0.857776,0.002456,0.003259,37.73,48.8,-0.000269,-0.000154,-0.000115,31.59,24.16,0.000695,79.4,0.95,0.000674,0.000635,20.65,17.16,25.94,20.38,-0.0931,1,1.0,1.0,False,STABLE,-0.000152,-7.6e-05,1.1e-05,0.857555,0.860555,0.858492,0.858698,0.858942,0.858248,0.858042,20,4.32,0.858435,0.858334,0.85833,0.858609,81.6,51.79,-6.4e-05,-0.000163,86.56,89.78,0.000277,0.857555,0.858735,0.858741,0.857631,0.858495,0.858635,0.858255,1,1.0,0.858395,0.858735,0.858355,0.858615,NEW YORK,483292,LOW,0.858395,0.858735,0.858355,0.858615,NEW YORK,483292,LOW,NONE,BEARISH,BEARISH,WEAK,AT_PIVOT,LOW_WICK,NEUTRAL,CHAOTIC,TRUE,TESTING_PIVOT,49,26,0.0,50,NEUTRAL,False,70,[],0,0,NEUTRAL,BEARISH,40,True,BEAR_TRAP,50,True,False,False,70,False,0,100,DOWN,NONE,NONE,0,True,75,55,45,80,False,True,NEUTRAL,70,False,0.0,NONE,False,NONE,False,False,0,False,60,25.916230366491977,9.39548434085944,55.00000000000001,30,POOR,False,75,45,-0.25943317572721697,3,70.0,False,MEAN_REVERTING,70,40.42328421576499,10.603059439007067,True,MOMENTUM_SHIFT,False,True,False,65,True,70,DOWN,100,CHOPPY,EXTREME,DOWN,100,-0.0931,CHOPPY,85,30,85,NORMAL,NONE,60,30,70,EXTREME,88,40,60,0.95,False,40,0.7536054004295796,52.47999999999999,RANGING,90,False,NONE,0.857555,0.858698,0.858492,FAR,30,50,85,50,NONE,NONE,NONE,False,[],0,0,ACCUMULATION,ACCUMULATION,50,65,True,25,"Smart money accumulation. Bullish bias, look for breakout.",1.0,0.5,False,False,False,False,0.3,0.3,True,False,False,22,True,[],0,NO,ACCUMULATION,"Smart money accumulation. Bullish bias, look for breakout.",EXTREME,LOW,0.081,[],True,Passed basic checks,0,50,50,MEDIUM,5,WAIT,รอการวิเคราะห์จาก AI
2026-06-27 21:59:00,0.858615,0.858735,0.858355,0.858395,1.0,EURGBP-OTC,BEARISH,0.858422,0.8586,0.858868,0.859104,0.859565,0.860066,BEARISH,0.860231,0.857776,0.002456,0.003259,37.73,48.8,-0.000269,-0.000154,-0.000115,31.59,24.16,0.000695,79.4,0.95,0.000674,0.000635,20.65,17.16,25.94,20.38,-0.0931,1,1.0,1.0,False,STABLE,-0.000152,-7.6e-05,1.1e-05,0.857555,0.860555,0.858492,0.858698,0.858942,0.858248,0.858042,20,4.32,0.858435,0.858334,0.85833,0.858609,81.6,51.79,-6.4e-05,-0.000163,86.56,89.78,0.000277,0.857555,0.858735,0.858741,0.857631,0.858495,0.858635,0.858255,1,1.0,0.858395,0.858735,0.858355,0.858615,NEW YORK,542802,LOW,0.858395,0.858735,0.858355,0.858615,NEW YORK,542802,LOW,NONE,BEARISH,BEARISH,WEAK,AT_PIVOT,LOW_WICK,NEUTRAL,CHAOTIC,TRUE,TESTING_PIVOT,49,26,0.0,50,NEUTRAL,False,70,[],0,0,NEUTRAL,BEARISH,40,True,BEAR_TRAP,50,True,False,False,70,False,0,100,DOWN,NONE,NONE,0,True,75,55,45,80,False,True,NEUTRAL,70,False,0.0,NONE,False,NONE,False,False,0,False,60,25.916230366491977,9.39548434085944,55.00000000000001,30,POOR,False,75,45,-0.25943317572721697,3,70.0,False,MEAN_REVERTING,70,40.42328421576499,10.603059439007067,True,MOMENTUM_SHIFT,False,True,False,65,True,70,DOWN,100,CHOPPY,EXTREME,DOWN,100,-0.0931,CHOPPY,85,30,85,NORMAL,NONE,60,30,70,EXTREME,88,40,60,0.95,False,40,0.7536054004295796,52.47999999999999,RANGING,90,False,NONE,0.857555,0.858698,0.858492,FAR,30,50,85,50,NONE,NONE,NONE,False,[],0,0,ACCUMULATION,ACCUMULATION,50,65,True,25,"Smart money accumulation. Bullish bias, look for breakout.",1.0,0.5,False,False,False,False,0.3,0.3,True,False,False,22,True,[],0,NO,ACCUMULATION,"Smart money accumulation. Bullish bias, look for breakout.",EXTREME,LOW,0.081,[],True,Passed basic checks,0,50,50,MEDIUM,5,WAIT,รอการวิเคราะห์จาก AI
2026-06-27 22:00:00,0.858465,0.858705,0.858465,0.858625,1.0,EURGBP-OTC,BEARISH,0.858269,0.858485,0.858782,0.85906,0.85953,0.860021,BEARISH,0.860174,0.857655,0.002518,0.003244,27.96,36.26,-0.000306,-0.000184,-0.000121,31.99,29.61,0.00069,75.88,0.84,0.000685,0.000624,21.08,15.82,27.35,26.72,-0.2198,1,1.0,1.0,False,STABLE,-0.000153,-7.9e-05,6e-06,0.857555,0.860035,0.858208,0.858462,0.858958,0.857712,0.857458,20,3.59,0.858505,0.858437,0.858392,0.858586,50.82,66.33,3e-06,-6.7e-05,81.36,77.02,0.000269,0.857555,0.858735,0.858867,0.857696,0.858598,0.858732,0.858492,1,1.0,0.858625,0.858705,0.858465,0.858465,NEW YORK,304351,LOW,0.858625,0.858705,0.858465,0.858465,NEW YORK,304351,LOW,EVENING_STAR,BEARISH,BEARISH,WEAK,NONE,LOW_WICK,NEUTRAL,NOISY,NONE,NONE,49,26,-6.666666666666667,50,NEUTRAL,False,70,['EVENING_STAR'],1,20,BEARISH,BEARISH,60,False,NONE,0,False,False,False,60,False,0,100,DOWN,NONE,NONE,0,True,75,55,45,80,False,True,NEUTRAL,70,False,0.0,NONE,False,NONE,False,False,0,False,60,23.924731182795746,11.934766493698842,55.00000000000001,30,POOR,False,75,47,-0.2611005566243882,3,80.0,False,MEAN_REVERTING,70,41.033959786305736,10.710584138887246,True,MOMENTUM_SHIFT,False,True,False,65,True,70,DOWN,100,IMPULSIVE,EXTREME,DOWN,100,-0.2198,IMPULSIVE,90,30,95,NORMAL,NONE,65,30,75,EXTREME,88,40,60,0.84,False,40,0.7762022194821208,55.296,RANGING,90,False,NONE,0.857555,0.858462,0.858208,FAR,30,50,85,50,NONE,NONE,NONE,False,[],0,0,ACCUMULATION,ACCUMULATION,50,56,False,10,"Smart money accumulation. Bullish bias, look for breakout.",1.0,0.8,False,False,False,False,0.3,0.3,True,False,False,22,True,[],0,NO,ACCUMULATION,"Smart money accumulation. Bullish bias, look for breakout.",EXTREME,LOW,0.08,[],False,Passed basic checks,0,50,50,MEDIUM,5,WAIT,รอการวิเคราะห์จาก AI
2026-06-27 22:01:00,0.858465,0.858705,0.858465,0.858625,1.0,EURGBP-OTC,BEARISH,0.858269,0.858485,0.858782,0.85906,0.85953,0.860021,BEARISH,0.860174,0.857655,0.002518,0.003244,27.96,36.26,-0.000306,-0.000184,-0.000121,31.99,29.61,0.00069,75.88,0.84,0.000685,0.000624,21.08,15.82,27.35,26.72,-0.2198,1,1.0,1.0,False,STABLE,-0.000153,-7.9e-05,6e-06,0.857555,0.860035,0.858208,0.858462,0.858958,0.857712,0.857458,20,3.59,0.858505,0.858437,0.858392,0.858586,50.82,66.33,3e-06,-6.7e-05,81.36,77.02,0.000269,0.857555,0.858735,0.858867,0.857696,0.858598,0.858732,0.858492,1,1.0,0.858625,0.858705,0.858465,0.858465,NEW YORK,362865,LOW,0.858625,0.858705,0.858465,0.858465,NEW YORK,362865,LOW,EVENING_STAR,BEARISH,BEARISH,WEAK,NONE,LOW_WICK,NEUTRAL,NOISY,NONE,NONE,49,26,-6.666666666666667,50,NEUTRAL,False,70,['EVENING_STAR'],1,20,BEARISH,BEARISH,60,False,NONE,0,False,False,False,60,False,0,100,DOWN,NONE,NONE,0,True,75,55,45,80,False,True,NEUTRAL,70,False,0.0,NONE,False,NONE,False,False,0,False,60,23.924731182795746,11.934766493698842,55.00000000000001,30,POOR,False,75,47,-0.2611005566243882,3,80.0,False,MEAN_REVERTING,70,41.033959786305736,10.710584138887246,True,MOMENTUM_SHIFT,False,True,False,65,True,70,DOWN,100,IMPULSIVE,EXTREME,DOWN,100,-0.2198,IMPULSIVE,90,30,95,NORMAL,NONE,65,30,75,EXTREME,88,40,60,0.84,False,40,0.7762022194821208,55.296,RANGING,90,False,NONE,0.857555,0.858462,0.858208,FAR,30,50,85,50,NONE,NONE,NONE,False,[],0,0,ACCUMULATION,ACCUMULATION,50,56,False,10,"Smart money accumulation. Bullish bias, look for breakout.",1.0,0.8,False,False,False,False,0.3,0.3,True,False,False,22,True,[],0,NO,ACCUMULATION,"Smart money accumulation. Bullish bias, look for breakout.",EXTREME,LOW,0.08,[],False,Passed basic checks,0,50,50,MEDIUM,5,WAIT,รอการวิเคราะห์จาก AI
2026-06-27 22:02:00,0.858465,0.858705,0.858465,0.858625,1.0,EURGBP-OTC,BEARISH,0.858269,0.858485,0.858782,0.85906,0.85953,0.860021,BEARISH,0.860174,0.857655,0.002518,0.003244,27.96,36.26,-0.000306,-0.000184,-0.000121,31.99,29.61,0.00069,75.88,0.84,0.000685,0.000624,21.08,15.82,27.35,26.72,-0.2198,1,1.0,1.0,False,STABLE,-0.000153,-7.9e-05,6e-06,0.857555,0.860035,0.858208,0.858462,0.858958,0.857712,0.857458,20,3.59,0.858505,0.858437,0.858392,0.858586,50.82,66.33,3e-06,-6.7e-05,81.36,77.02,0.000269,0.857555,0.858735,0.858867,0.857696,0.858598,0.858732,0.858492,1,1.0,0.858625,0.858705,0.858465,0.858465,NEW YORK,423189,LOW,0.858625,0.858705,0.858465,0.858465,NEW YORK,423189,LOW,EVENING_STAR,BEARISH,BEARISH,WEAK,NONE,LOW_WICK,NEUTRAL,NOISY,NONE,NONE,49,26,-6.666666666666667,50,NEUTRAL,False,70,['EVENING_STAR'],1,20,BEARISH,BEARISH,60,False,NONE,0,False,False,False,60,False,0,100,DOWN,NONE,NONE,0,True,75,55,45,80,False,True,NEUTRAL,70,False,0.0,NONE,False,NONE,False,False,0,False,60,23.924731182795746,11.934766493698842,55.00000000000001,30,POOR,False,75,47,-0.2611005566243882,3,80.0,False,MEAN_REVERTING,70,41.033959786305736,10.710584138887246,True,MOMENTUM_SHIFT,False,True,False,65,True,70,DOWN,100,IMPULSIVE,EXTREME,DOWN,100,-0.2198,IMPULSIVE,90,30,95,NORMAL,NONE,65,30,75,EXTREME,88,40,60,0.84,False,40,0.7762022194821208,55.296,RANGING,90,False,NONE,0.857555,0.858462,0.858208,FAR,30,50,85,50,NONE,NONE,NONE,False,[],0,0,ACCUMULATION,ACCUMULATION,50,56,False,10,"Smart money accumulation. Bullish bias, look for breakout.",1.0,0.8,False,False,False,False,0.3,0.3,True,False,False,22,True,[],0,NO,ACCUMULATION,"Smart money accumulation. Bullish bias, look for breakout.",EXTREME,LOW,0.08,[],False,Passed basic checks,0,50,50,MEDIUM,5,WAIT,รอการวิเคราะห์จาก AI
2026-06-27 22:03:00,0.858465,0.858705,0.858465,0.858625,1.0,EURGBP-OTC,BEARISH,0.858269,0.858485,0.858782,0.85906,0.85953,0.860021,BEARISH,0.860174,0.857655,0.002518,0.003244,27.96,36.26,-0.000306,-0.000184,-0.000121,31.99,29.61,0.00069,75.88,0.84,0.000685,0.000624,21.08,15.82,27.35,26.72,-0.2198,1,1.0,1.0,False,STABLE,-0.000153,-7.9e-05,6e-06,0.857555,0.860035,0.858208,0.858462,0.858958,0.857712,0.857458,20,3.59,0.858505,0.858437,0.858392,0.858586,50.82,66.33,3e-06,-6.7e-05,81.36,77.02,0.000269,0.857555,0.858735,0.858867,0.857696,0.858598,0.858732,0.858492,1,1.0,0.858625,0.858705,0.858465,0.858465,NEW YORK,482579,LOW,0.858625,0.858705,0.858465,0.858465,NEW YORK,482579,LOW,EVENING_STAR,BEARISH,BEARISH,WEAK,NONE,LOW_WICK,NEUTRAL,NOISY,NONE,NONE,49,26,-6.666666666666667,50,NEUTRAL,False,70,['EVENING_STAR'],1,20,BEARISH,BEARISH,60,False,NONE,0,False,False,False,60,False,0,100,DOWN,NONE,NONE,0,True,75,55,45,80,False,True,NEUTRAL,70,False,0.0,NONE,False,NONE,False,False,0,False,60,23.924731182795746,11.934766493698842,55.00000000000001,30,POOR,False,75,47,-0.2611005566243882,3,80.0,False,MEAN_REVERTING,70,41.033959786305736,10.710584138887246,True,MOMENTUM_SHIFT,False,True,False,65,True,70,DOWN,100,IMPULSIVE,EXTREME,DOWN,100,-0.2198,IMPULSIVE,90,30,95,NORMAL,NONE,65,30,75,EXTREME,88,40,60,0.84,False,40,0.7762022194821208,55.296,RANGING,90,False,NONE,0.857555,0.858462,0.858208,FAR,30,50,85,50,NONE,NONE,NONE,False,[],0,0,ACCUMULATION,ACCUMULATION,50,56,False,10,"Smart money accumulation. Bullish bias, look for breakout.",1.0,0.8,False,False,False,False,0.3,0.3,True,False,False,22,True,[],0,NO,ACCUMULATION,"Smart money accumulation. Bullish bias, look for breakout.",EXTREME,LOW,0.08,[],False,Passed basic checks,0,50,50,MEDIUM,5,WAIT,รอการวิเคราะห์จาก AI
2026-06-27 22:04:00,0.858465,0.858705,0.858465,0.858625,1.0,EURGBP-OTC,BEARISH,0.858269,0.858485,0.858782,0.85906,0.85953,0.860021,BEARISH,0.860174,0.857655,0.002518,0.003244,27.96,36.26,-0.000306,-0.000184,-0.000121,31.99,29.61,0.00069,75.88,0.84,0.000685,0.000624,21.08,15.82,27.35,26.72,-0.2198,1,1.0,1.0,False,STABLE,-0.000153,-7.9e-05,6e-06,0.857555,0.860035,0.858208,0.858462,0.858958,0.857712,0.857458,20,3.59,0.858505,0.858437,0.858392,0.858586,50.82,66.33,3e-06,-6.7e-05,81.36,77.02,0.000269,0.857555,0.858735,0.858867,0.857696,0.858598,0.858732,0.858492,1,1.0,0.858625,0.858705,0.858465,0.858465,NEW YORK,542886,LOW,0.858625,0.858705,0.858465,0.858465,NEW YORK,542886,LOW,EVENING_STAR,BEARISH,BEARISH,WEAK,NONE,LOW_WICK,NEUTRAL,NOISY,NONE,NONE,49,26,-6.666666666666667,50,NEUTRAL,False,70,['EVENING_STAR'],1,20,BEARISH,BEARISH,60,False,NONE,0,False,False,False,60,False,0,100,DOWN,NONE,NONE,0,True,75,55,45,80,False,True,NEUTRAL,70,False,0.0,NONE,False,NONE,False,False,0,False,60,23.924731182795746,11.934766493698842,55.00000000000001,30,POOR,False,75,47,-0.2611005566243882,3,80.0,False,MEAN_REVERTING,70,41.033959786305736,10.710584138887246,True,MOMENTUM_SHIFT,False,True,False,65,True,70,DOWN,100,IMPULSIVE,EXTREME,DOWN,100,-0.2198,IMPULSIVE,90,30,95,NORMAL,NONE,65,30,75,EXTREME,88,40,60,0.84,False,40,0.7762022194821208,55.296,RANGING,90,False,NONE,0.857555,0.858462,0.858208,FAR,30,50,85,50,NONE,NONE,NONE,False,[],0,0,ACCUMULATION,ACCUMULATION,50,56,False,10,"Smart money accumulation. Bullish bias, look for breakout.",1.0,0.8,False,False,False,False,0.3,0.3,True,False,False,22,True,[],0,NO,ACCUMULATION,"Smart money accumulation. Bullish bias, look for breakout.",EXTREME,LOW,0.08,[],False,Passed basic checks,0,50,50,MEDIUM,5,WAIT,รอการวิเคราะห์จาก AI
2026-06-27 22:05:00,0.857945,0.857955,0.857475,0.857495,1.0,EURGBP-OTC,BEARISH,0.857961,0.858278,0.858645,0.858992,0.859487,0.859991,BEARISH,0.860203,0.857403,0.0028,0.003238,35.86,32.75,-0.00038,-0.000224,-0.000156,18.92,27.5,0.000714,87.94,1.21,0.000695,0.00062,22.31,14.62,32.75,38.28,-0.2072,1,1.0,1.0,False,STABLE,-0.000133,-9.1e-05,1e-06,0.857235,0.860035,0.857512,0.857788,0.858232,0.857068,0.856792,21,3.92,0.858013,0.858179,0.858267,0.858498,19.11,29.09,-0.000102,-5e-05,22.48,44.11,0.000281,0.857475,0.858735,0.858941,0.857553,0.857642,0.857808,0.857328,1,1.0,0.857495,0.857955,0.857475,0.857945,NEW YORK,303343,LOW,0.857495,0.857955,0.857475,0.857945,NEW YORK,303343,LOW,NONE,BEARISH,BEARISH,WEAK,AT_PIVOT,LOW_WICK,NEUTRAL,NOISY,NONE,TESTING_PIVOT,48,26,-13.333333333333334,50,NEUTRAL,False,70,[],0,0,NEUTRAL,BEARISH,40,False,NONE,0,False,False,False,60,False,0,100,DOWN,NONE,NONE,0,True,75,55,45,80,False,True,NEUTRAL,70,False,0.0,NONE,False,NONE,False,False,0,False,60,28.2636248415712,17.50181554103104,55.00000000000001,33,POOR,False,75,48,-0.22568360089336095,3,90.0,False,RANDOM,70,42.902847507183694,9.733883924705417,True,MOMENTUM_SHIFT,False,True,True,35,False,70,DOWN,100,IMPULSIVE,EXTREME,DOWN,100,-0.2072,IMPULSIVE,90,30,95,NORMAL,NONE,65,30,75,EXTREME,88,40,60,1.21,False,40,0.8647313156269302,39.17486843730698,RANGING,90,False,NONE,0.857068,0.857788,0.857512,FAR,30,50,85,50,NONE,NONE,NONE,False,[],0,0,ACCUMULATION,ACCUMULATION,50,56,False,10,"Smart money accumulation. Bullish bias, look for breakout.",1.0,0.8,False,False,False,False,0.3,0.3,True,False,False,22,True,[],0,NO,ACCUMULATION,"Smart money accumulation. Bullish bias, look for breakout.",EXTREME,LOW,0.083,[],False,Passed basic checks,0,50,50,MEDIUM,5,WAIT,รอการวิเคราะห์จาก AI
2026-06-27 22:06:00,0.857945,0.857955,0.857475,0.857495,1.0,EURGBP-OTC,BEARISH,0.857961,0.858278,0.858645,0.858992,0.859487,0.859991,BEARISH,0.860203,0.857403,0.0028,0.003238,35.86,32.75,-0.00038,-0.000224,-0.000156,18.92,27.5,0.000714,87.94,1.21,0.000695,0.00062,22.31,14.62,32.75,38.28,-0.2072,1,1.0,1.0,False,STABLE,-0.000133,-9.1e-05,1e-06,0.857235,0.860035,0.857512,0.857788,0.858232,0.857068,0.856792,21,3.92,0.858013,0.858179,0.858267,0.858498,19.11,29.09,-0.000102,-5e-05,22.48,44.11,0.000281,0.857475,0.858735,0.858941,0.857553,0.857642,0.857808,0.857328,1,1.0,0.857495,0.857955,0.857475,0.857945,NEW YORK,362716,LOW,0.857495,0.857955,0.857475,0.857945,NEW YORK,362716,LOW,NONE,BEARISH,BEARISH,WEAK,AT_PIVOT,LOW_WICK,NEUTRAL,NOISY,NONE,TESTING_PIVOT,48,26,-13.333333333333334,50,NEUTRAL,False,70,[],0,0,NEUTRAL,BEARISH,40,False,NONE,0,False,False,False,60,False,0,100,DOWN,NONE,NONE,0,True,75,55,45,80,False,True,NEUTRAL,70,False,0.0,NONE,False,NONE,False,False,0,False,60,28.2636248415712,17.50181554103104,55.00000000000001,33,POOR,False,75,48,-0.22568360089336095,3,90.0,False,RANDOM,70,42.902847507183694,9.733883924705417,True,MOMENTUM_SHIFT,False,True,True,35,False,70,DOWN,100,IMPULSIVE,EXTREME,DOWN,100,-0.2072,IMPULSIVE,90,30,95,NORMAL,NONE,65,30,75,EXTREME,88,40,60,1.21,False,40,0.8647313156269302,39.17486843730698,RANGING,90,False,NONE,0.857068,0.857788,0.857512,FAR,30,50,85,50,NONE,NONE,NONE,False,[],0,0,ACCUMULATION,ACCUMULATION,50,56,False,10,"Smart money accumulation. Bullish bias, look for breakout.",1.0,0.8,False,False,False,False,0.3,0.3,True,False,False,22,True,[],0,NO,ACCUMULATION,"Smart money accumulation. Bullish bias, look for breakout.",EXTREME,LOW,0.083,[],False,Passed basic checks,0,50,50,MEDIUM,5,WAIT,รอการวิเคราะห์จาก AI
2026-06-27 22:07:00,0.857945,0.857955,0.857475,0.857495,1.0,EURGBP-OTC,BEARISH,0.857961,0.858278,0.858645,0.858992,0.859487,0.859991,BEARISH,0.860203,0.857403,0.0028,0.003238,35.86,32.75,-0.00038,-0.000224,-0.000156,18.92,27.5,0.000714,87.94,1.21,0.000695,0.00062,22.31,14.62,32.75,38.28,-0.2072,1,1.0,1.0,False,STABLE,-0.000133,-9.1e-05,1e-06,0.857235,0.860035,0.857512,0.857788,0.858232,0.857068,0.856792,21,3.92,0.858013,0.858179,0.858267,0.858498,19.11,29.09,-0.000102,-5e-05,22.48,44.11,0.000281,0.857475,0.858735,0.858941,0.857553,0.857642,0.857808,0.857328,1,1.0,0.857495,0.857955,0.857475,0.857945,NEW YORK,423084,LOW,0.857495,0.857955,0.857475,0.857945,NEW YORK,423084,LOW,NONE,BEARISH,BEARISH,WEAK,AT_PIVOT,LOW_WICK,NEUTRAL,NOISY,NONE,TESTING_PIVOT,48,26,-13.333333333333334,50,NEUTRAL,False,70,[],0,0,NEUTRAL,BEARISH,40,False,NONE,0,False,False,False,60,False,0,100,DOWN,NONE,NONE,0,True,75,55,45,80,False,True,NEUTRAL,70,False,0.0,NONE,False,NONE,False,False,0,False,60,28.2636248415712,17.50181554103104,55.00000000000001,33,POOR,False,75,48,-0.22568360089336095,3,90.0,False,RANDOM,70,42.902847507183694,9.733883924705417,True,MOMENTUM_SHIFT,False,True,True,35,False,70,DOWN,100,IMPULSIVE,EXTREME,DOWN,100,-0.2072,IMPULSIVE,90,30,95,NORMAL,NONE,65,30,75,EXTREME,88,40,60,1.21,False,40,0.8647313156269302,39.17486843730698,RANGING,90,False,NONE,0.857068,0.857788,0.857512,FAR,30,50,85,50,NONE,NONE,NONE,False,[],0,0,ACCUMULATION,ACCUMULATION,50,56,False,10,"Smart money accumulation. Bullish bias, look for breakout.",1.0,0.8,False,False,False,False,0.3,0.3,True,False,False,22,True,[],0,NO,ACCUMULATION,"Smart money accumulation. Bullish bias, look for breakout.",EXTREME,LOW,0.083,[],False,Passed basic checks,0,50,50,MEDIUM,5,WAIT,รอการวิเคราะห์จาก AI
2026-06-27 22:08:00,0.857945,0.857955,0.857475,0.857495,1.0,EURGBP-OTC,BEARISH,0.857961,0.858278,0.858645,0.858992,0.859487,0.859991,BEARISH,0.860203,0.857403,0.0028,0.003238,35.86,32.75,-0.00038,-0.000224,-0.000156,18.92,27.5,0.000714,87.94,1.21,0.000695,0.00062,22.31,14.62,32.75,38.28,-0.2072,1,1.0,1.0,False,STABLE,-0.000133,-9.1e-05,1e-06,0.857235,0.860035,0.857512,0.857788,0.858232,0.857068,0.856792,21,3.92,0.858013,0.858179,0.858267,0.858498,19.11,29.09,-0.000102,-5e-05,22.48,44.11,0.000281,0.857475,0.858735,0.858941,0.857553,0.857642,0.857808,0.857328,1,1.0,0.857495,0.857955,0.857475,0.857945,NEW YORK,482508,LOW,0.857495,0.857955,0.857475,0.857945,NEW YORK,482508,LOW,NONE,BEARISH,BEARISH,WEAK,AT_PIVOT,LOW_WICK,NEUTRAL,NOISY,NONE,TESTING_PIVOT,48,26,-13.333333333333334,50,NEUTRAL,False,70,[],0,0,NEUTRAL,BEARISH,40,False,NONE,0,False,False,False,60,False,0,100,DOWN,NONE,NONE,0,True,75,55,45,80,False,True,NEUTRAL,70,False,0.0,NONE,False,NONE,False,False,0,False,60,28.2636248415712,17.50181554103104,55.00000000000001,33,POOR,False,75,48,-0.22568360089336095,3,90.0,False,RANDOM,70,42.902847507183694,9.733883924705417,True,MOMENTUM_SHIFT,False,True,True,35,False,70,DOWN,100,IMPULSIVE,EXTREME,DOWN,100,-0.2072,IMPULSIVE,90,30,95,NORMAL,NONE,65,30,75,EXTREME,88,40,60,1.21,False,40,0.8647313156269302,39.17486843730698,RANGING,90,False,NONE,0.857068,0.857788,0.857512,FAR,30,50,85,50,NONE,NONE,NONE,False,[],0,0,SIDEWAY_RANGE,SIDEWAY_RANGE,50,51,False,10,Price ranging between clear levels. Suitable for mean-reversion strategies.,1.0,0.8,False,False,False,False,0.3,0.3,True,False,False,22,True,[],0,NO,SIDEWAY_RANGE,Price ranging between clear levels. Suitable for mean-reversion strategies.,EXTREME,LOW,0.083,[],False,Passed basic checks,0,50,50,MEDIUM,5,WAIT,รอการวิเคราะห์จาก AI
2026-06-27 22:09:00,0.857945,0.857955,0.857475,0.857495,1.0,EURGBP-OTC,BEARISH,0.857961,0.858278,0.858645,0.858992,0.859487,0.859991,BEARISH,0.860203,0.857403,0.0028,0.003238,35.86,32.75,-0.00038,-0.000224,-0.000156,18.92,27.5,0.000714,87.94,1.21,0.000695,0.00062,22.31,14.62,32.75,38.28,-0.2072,1,1.0,1.0,False,STABLE,-0.000133,-9.1e-05,1e-06,0.857235,0.860035,0.857512,0.857788,0.858232,0.857068,0.856792,21,3.92,0.858013,0.858179,0.858267,0.858498,19.11,29.09,-0.000102,-5e-05,22.48,44.11,0.000281,0.857475,0.858735,0.858941,0.857553,0.857642,0.857808,0.857328,1,1.0,0.857495,0.857955,0.857475,0.857945,NEW YORK,542857,LOW,0.857495,0.857955,0.857475,0.857945,NEW YORK,542857,LOW,NONE,BEARISH,BEARISH,WEAK,AT_PIVOT,LOW_WICK,NEUTRAL,NOISY,NONE,TESTING_PIVOT,48,26,-13.333333333333334,50,NEUTRAL,False,70,[],0,0,NEUTRAL,BEARISH,40,False,NONE,0,False,False,False,60,False,0,100,DOWN,NONE,NONE,0,True,75,55,45,80,False,True,NEUTRAL,70,False,0.0,NONE,False,NONE,False,False,0,False,60,28.2636248415712,17.50181554103104,55.00000000000001,33,POOR,False,75,48,-0.22568360089336095,3,90.0,False,RANDOM,70,42.902847507183694,9.733883924705417,True,MOMENTUM_SHIFT,False,True,True,35,False,70,DOWN,100,IMPULSIVE,EXTREME,DOWN,100,-0.2072,IMPULSIVE,90,30,95,NORMAL,NONE,65,30,75,EXTREME,88,40,60,1.21,False,40,0.8647313156269302,39.17486843730698,RANGING,90,False,NONE,0.857068,0.857788,0.857512,FAR,30,50,85,50,NONE,NONE,NONE,False,[],0,0,ACCUMULATION,ACCUMULATION,50,56,False,10,"Smart money accumulation. Bullish bias, look for breakout.",1.0,0.8,False,False,False,False,0.3,0.3,True,False,False,22,True,[],0,NO,ACCUMULATION,"Smart money accumulation. Bullish bias, look for breakout.",EXTREME,LOW,0.083,[],False,Passed basic checks,0,50,50,MEDIUM,5,WAIT,รอการวิเคราะห์จาก AI
2026-06-27 22:10:00,0.857325,0.857375,0.857205,0.857275,1.0,EURGBP-OTC,BEARISH,0.857699,0.858077,0.858505,0.858922,0.859462,0.860119,BEARISH,0.860176,0.857172,0.003005,0.003237,31.02,33.39,-0.000448,-0.000268,-0.000179,9.5,20.14,0.000706,82.41,0.8,0.000702,0.000623,23.75,13.92,34.48,42.48,-0.2479,1,1.0,1.0,False,STABLE,-0.00014,-0.0001,-5e-06,0.856925,0.860035,0.857158,0.857392,0.857608,0.856942,0.856708,22,4.41,0.857489,0.857714,0.85795,0.858312,14.46,25.42,-0.000261,-0.000161,10.3,15.49,0.000304,0.857205,0.858735,0.859089,0.857199,0.857285,0.857365,0.857195,1,1.0,0.857275,0.857375,0.857205,0.857325,NEW YORK,303193,LOW,0.857275,0.857375,0.857205,0.857325,NEW YORK,303193,LOW,NONE,BEARISH,BEARISH,WEAK,AT_PIVOT,LOW_WICK,NEUTRAL,NOISY,NONE,TESTING_PIVOT,48,26,-20.0,50,NEUTRAL,False,70,[],0,0,NEUTRAL,BEARISH,40,False,NONE,0,False,False,False,60,False,0,100,DOWN,NONE,NONE,0,True,75,97,3,80,True,True,CONTINUATION,70,True,85.0,BEARISH,False,NONE,False,False,0,False,60,32.74111675126984,17.543859649122183,60.0,36,FAIR,False,75,48,-0.21378936122672534,4,90.0,False,RANDOM,70,43.08287978660339,9.639489726265731,True,MOMENTUM_SHIFT,False,True,True,35,False,70,DOWN,100,IMPULSIVE,EXTREME,DOWN,100,-0.2479,IMPULSIVE,90,30,95,NORMAL,NONE,65,30,75,EXTREME,88,40,60,0.8,False,40,0.9283286994130368,37.23913005869633,RANGING,90,False,NONE,0.856925,0.857392,0.857158,FAR,30,50,85,50,NONE,NONE,NONE,False,[],0,0,ACCUMULATION,ACCUMULATION,50,56,False,10,"Smart money accumulation. Bullish bias, look for breakout.",1.0,0.8,False,False,False,False,0.3,0.3,True,False,False,22,True,[],0,NO,ACCUMULATION,"Smart money accumulation. Bullish bias, look for breakout.",EXTREME,LOW,0.082,[],False,Passed basic checks,0,50,50,MEDIUM,5,WAIT,รอการวิเคราะห์จาก AI
2026-06-27 22:11:00,0.857325,0.857375,0.857205,0.857275,1.0,EURGBP-OTC,BEARISH,0.857699,0.858077,0.858505,0.858922,0.859462,0.860119,BEARISH,0.860176,0.857172,0.003005,0.003237,31.02,33.39,-0.000448,-0.000268,-0.000179,9.5,20.14,0.000706,82.41,0.8,0.000702,0.000623,23.75,13.92,34.48,42.48,-0.2479,1,1.0,1.0,False,STABLE,-0.00014,-0.0001,-5e-06,0.856925,0.860035,0.857158,0.857392,0.857608,0.856942,0.856708,22,4.41,0.857489,0.857714,0.85795,0.858312,14.46,25.42,-0.000261,-0.000161,10.3,15.49,0.000304,0.857205,0.858735,0.859089,0.857199,0.857285,0.857365,0.857195,1,1.0,0.857275,0.857375,0.857205,0.857325,NEW YORK,362578,LOW,0.857275,0.857375,0.857205,0.857325,NEW YORK,362578,LOW,NONE,BEARISH,BEARISH,WEAK,AT_PIVOT,LOW_WICK,NEUTRAL,NOISY,NONE,TESTING_PIVOT,48,26,-20.0,50,NEUTRAL,False,70,[],0,0,NEUTRAL,BEARISH,40,False,NONE,0,False,False,False,60,False,0,100,DOWN,NONE,NONE,0,True,75,97,3,80,True,True,CONTINUATION,70,True,85.0,BEARISH,False,NONE,False,False,0,False,60,32.74111675126984,17.543859649122183,60.0,36,FAIR,False,75,48,-0.21378936122672534,4,90.0,False,RANDOM,70,43.08287978660339,9.639489726265731,True,MOMENTUM_SHIFT,False,True,True,35,False,70,DOWN,100,IMPULSIVE,EXTREME,DOWN,100,-0.2479,IMPULSIVE,90,30,95,NORMAL,NONE,65,30,75,EXTREME,88,40,60,0.8,False,40,0.9283286994130368,37.23913005869633,RANGING,90,False,NONE,0.856925,0.857392,0.857158,FAR,30,50,85,50,NONE,NONE,NONE,False,[],0,0,ACCUMULATION,ACCUMULATION,50,56,False,10,"Smart money accumulation. Bullish bias, look for breakout.",1.0,0.8,False,False,False,False,0.3,0.3,True,False,False,22,True,[],0,NO,ACCUMULATION,"Smart money accumulation. Bullish bias, look for breakout.",EXTREME,LOW,0.082,[],False,Passed basic checks,0,50,50,MEDIUM,5,WAIT,รอการวิเคราะห์จาก AI
2026-06-27 22:12:00,0.857325,0.857375,0.857205,0.857275,1.0,EURGBP-OTC,BEARISH,0.857699,0.858077,0.858505,0.858922,0.859462,0.860119,BEARISH,0.860176,0.857172,0.003005,0.003237,31.02,33.39,-0.000448,-0.000268,-0.000179,9.5,20.14,0.000706,82.41,0.8,0.000702,0.000623,23.75,13.92,34.48,42.48,-0.2479,1,1.0,1.0,False,STABLE,-0.00014,-0.0001,-5e-06,0.856925,0.860035,0.857158,0.857392,0.857608,0.856942,0.856708,22,4.41,0.857489,0.857714,0.85795,0.858312,14.46,25.42,-0.000261,-0.000161,10.3,15.49,0.000304,0.857205,0.858735,0.859089,0.857199,0.857285,0.857365,0.857195,1,1.0,0.857275,0.857375,0.857205,0.857325,NEW YORK,423013,LOW,0.857275,0.857375,0.857205,0.857325,NEW YORK,423013,LOW,NONE,BEARISH,BEARISH,WEAK,AT_PIVOT,LOW_WICK,NEUTRAL,NOISY,NONE,TESTING_PIVOT,48,26,-20.0,50,NEUTRAL,False,70,[],0,0,NEUTRAL,BEARISH,40,False,NONE,0,False,False,False,60,False,0,100,DOWN,NONE,NONE,0,True,75,97,3,80,True,True,CONTINUATION,70,True,85.0,BEARISH,False,NONE,False,False,0,False,60,32.74111675126984,17.543859649122183,60.0,36,FAIR,False,75,48,-0.21378936122672534,4,90.0,False,RANDOM,70,43.08287978660339,9.639489726265731,True,MOMENTUM_SHIFT,False,True,True,35,False,70,DOWN,100,IMPULSIVE,EXTREME,DOWN,100,-0.2479,IMPULSIVE,90,30,95,NORMAL,NONE,65,30,75,EXTREME,88,40,60,0.8,False,40,0.9283286994130368,37.23913005869633,RANGING,90,False,NONE,0.856925,0.857392,0.857158,FAR,30,50,85,50,NONE,NONE,NONE,False,[],0,0,ACCUMULATION,ACCUMULATION,50,56,False,10,"Smart money accumulation. Bullish bias, look for breakout.",1.0,0.8,False,False,False,False,0.3,0.3,True,False,False,22,True,[],0,NO,ACCUMULATION,"Smart money accumulation. Bullish bias, look for breakout.",EXTREME,LOW,0.082,[],False,Passed basic checks,0,50,50,MEDIUM,5,WAIT,รอการวิเคราะห์จาก AI
2026-06-27 22:13:00,0.857325,0.857375,0.857205,0.857275,1.0,EURGBP-OTC,BEARISH,0.857699,0.858077,0.858505,0.858922,0.859462,0.860119,BEARISH,0.860176,0.857172,0.003005,0.003237,31.02,33.39,-0.000448,-0.000268,-0.000179,9.5,20.14,0.000706,82.41,0.8,0.000702,0.000623,23.75,13.92,34.48,42.48,-0.2479,1,1.0,1.0,False,STABLE,-0.00014,-0.0001,-5e-06,0.856925,0.860035,0.857158,0.857392,0.857608,0.856942,0.856708,22,4.41,0.857489,0.857714,0.85795,0.858312,14.46,25.42,-0.000261,-0.000161,10.3,15.49,0.000304,0.857205,0.858735,0.859089,0.857199,0.857285,0.857365,0.857195,1,1.0,0.857275,0.857375,0.857205,0.857325,NEW YORK,483290,LOW,0.857275,0.857375,0.857205,0.857325,NEW YORK,483290,LOW,NONE,BEARISH,BEARISH,WEAK,AT_PIVOT,LOW_WICK,NEUTRAL,NOISY,NONE,TESTING_PIVOT,48,26,-20.0,50,NEUTRAL,False,70,[],0,0,NEUTRAL,BEARISH,40,False,NONE,0,False,False,False,60,False,0,100,DOWN,NONE,NONE,0,True,75,97,3,80,True,True,CONTINUATION,70,True,85.0,BEARISH,False,NONE,False,False,0,False,60,32.74111675126984,17.543859649122183,60.0,36,FAIR,False,75,48,-0.21378936122672534,4,90.0,False,RANDOM,70,43.08287978660339,9.639489726265731,True,MOMENTUM_SHIFT,False,True,True,35,False,70,DOWN,100,IMPULSIVE,EXTREME,DOWN,100,-0.2479,IMPULSIVE,90,30,95,NORMAL,NONE,65,30,75,EXTREME,88,40,60,0.8,False,40,0.9283286994130368,37.23913005869633,RANGING,90,False,NONE,0.856925,0.857392,0.857158,FAR,30,50,85,50,NONE,NONE,NONE,False,[],0,0,ACCUMULATION,ACCUMULATION,50,56,False,10,"Smart money accumulation. Bullish bias, look for breakout.",1.0,0.8,False,False,False,False,0.3,0.3,True,False,False,22,True,[],0,NO,ACCUMULATION,"Smart money accumulation. Bullish bias, look for breakout.",EXTREME,LOW,0.082,[],False,Passed basic checks,0,50,50,MEDIUM,5,WAIT,รอการวิเคราะห์จาก AI
2026-06-27 22:14:00,0.857325,0.857375,0.857205,0.857275,1.0,EURGBP-OTC,BEARISH,0.857699,0.858077,0.858505,0.858922,0.859462,0.860119,BEARISH,0.860176,0.857172,0.003005,0.003237,31.02,33.39,-0.000448,-0.000268,-0.000179,9.5,20.14,0.000706,82.41,0.8,0.000702,0.000623,23.75,13.92,34.48,42.48,-0.2479,1,1.0,1.0,False,STABLE,-0.00014,-0.0001,-5e-06,0.856925,0.860035,0.857158,0.857392,0.857608,0.856942,0.856708,22,4.41,0.857489,0.857714,0.85795,0.858312,14.46,25.42,-0.000261,-0.000161,10.3,15.49,0.000304,0.857205,0.858735,0.859089,0.857199,0.857285,0.857365,0.857195,1,1.0,0.857275,0.857375,0.857205,0.857325,NEW YORK,542671,LOW,0.857275,0.857375,0.857205,0.857325,NEW YORK,542671,LOW,NONE,BEARISH,BEARISH,WEAK,AT_PIVOT,LOW_WICK,NEUTRAL,NOISY,NONE,TESTING_PIVOT,48,26,-20.0,50,NEUTRAL,False,70,[],0,0,NEUTRAL,BEARISH,40,False,NONE,0,False,False,False,60,False,0,100,DOWN,NONE,NONE,0,True,75,97,3,80,True,True,CONTINUATION,70,True,85.0,BEARISH,False,NONE,False,False,0,False,60,32.74111675126984,17.543859649122183,60.0,36,FAIR,False,75,48,-0.21378936122672534,4,90.0,False,RANDOM,70,43.08287978660339,9.639489726265731,True,MOMENTUM_SHIFT,False,True,True,35,False,70,DOWN,100,IMPULSIVE,EXTREME,DOWN,100,-0.2479,IMPULSIVE,90,30,95,NORMAL,NONE,65,30,75,EXTREME,88,40,60,0.8,False,40,0.9283286994130368,37.23913005869633,RANGING,90,False,NONE,0.856925,0.857392,0.857158,FAR,30,50,85,50,NONE,NONE,NONE,False,[],0,0,ACCUMULATION,ACCUMULATION,50,56,False,10,"Smart money accumulation. Bullish bias, look for breakout.",1.0,0.8,False,False,False,False,0.3,0.3,True,False,False,22,True,[],0,NO,ACCUMULATION,"Smart money accumulation. Bullish bias, look for breakout.",EXTREME,LOW,0.082,[],False,Passed basic checks,0,50,50,MEDIUM,5,WAIT,รอการวิเคราะห์จาก AI
2026-06-27 22:15:00,0.857185,0.857665,0.857175,0.857645,1.0,EURGBP-OTC,BEARISH,0.857678,0.857997,0.858422,0.858871,0.859422,0.860067,BEARISH,0.860085,0.857069,0.003016,0.003241,40.49,37.12,-0.000459,-0.000307,-0.000152,11.6,13.34,0.000721,94.47,1.52,0.000708,0.000628,24.29,16.96,32.4,31.29,-0.0443,1,1.0,1.0,False,STABLE,-8.6e-05,-0.0001,-9e-06,0.856925,0.860035,0.857515,0.857855,0.858075,0.857295,0.856955,23,4.31,0.857339,0.857425,0.857666,0.858113,53.39,37.31,-0.000301,-0.000269,23.27,12.33,0.000314,0.856925,0.858705,0.858956,0.856683,0.857495,0.857815,0.857325,1,1.0,0.857645,0.857665,0.857175,0.857185,NEW YORK,304262,LOW,0.857645,0.857665,0.857175,0.857185,NEW YORK,304262,LOW,NONE,BULLISH,BULLISH,WEAK,AT_PIVOT,LOW_WICK,NEUTRAL,CHAOTIC,TRUE,TESTING_PIVOT,48,26,-13.333333333333334,50,NEUTRAL,False,70,[],0,0,NEUTRAL,BULLISH,40,True,BEAR_TRAP,50,True,False,False,70,False,0,100,DOWN,NONE,NONE,0,True,75,55,45,80,False,True,NEUTRAL,70,False,0.0,NONE,False,NONE,False,False,0,False,60,23.77450980392134,10.773680404916606,55.00000000000001,29,POOR,False,75,48,-0.22030099951872742,4,90.0,False,RANDOM,70,41.892335713093274,9.884093943903283,True,MOMENTUM_SHIFT,False,True,False,65,True,70,DOWN,80,CHOPPY,EXTREME,DOWN,80,-0.0443,CHOPPY,65,30,65,NORMAL,NONE,65,30,75,EXTREME,88,40,60,1.52,False,40,0.9305769824128356,27.36630175871644,RANGING,90,False,NONE,0.856925,0.857855,0.857515,FAR,30,50,85,50,NONE,NONE,NONE,False,[],0,0,ACCUMULATION,ACCUMULATION,50,65,True,27,"Smart money accumulation. Bullish bias, look for breakout.",1.0,0.5,False,False,False,False,0.3,0.3,True,False,False,22,True,[],0,NO,ACCUMULATION,"Smart money accumulation. Bullish bias, look for breakout.",EXTREME,LOW,0.084,[],True,Passed basic checks,0,50,50,MEDIUM,5,WAIT,รอการวิเคราะห์จาก AI
2026-06-27 22:16:00,0.857185,0.857665,0.857175,0.857645,1.0,EURGBP-OTC,BEARISH,0.857678,0.857997,0.858422,0.858871,0.859422,0.860067,BEARISH,0.860085,0.857069,0.003016,0.003241,40.49,37.12,-0.000459,-0.000307,-0.000152,11.6,13.34,0.000721,94.47,1.52,0.000708,0.000628,24.29,16.96,32.4,31.29,-0.0443,1,1.0,1.0,False,STABLE,-8.6e-05,-0.0001,-9e-06,0.856925,0.860035,0.857515,0.857855,0.858075,0.857295,0.856955,23,4.31,0.857339,0.857425,0.857666,0.858113,53.39,37.31,-0.000301,-0.000269,23.27,12.33,0.000314,0.856925,0.858705,0.858956,0.856683,0.857495,0.857815,0.857325,1,1.0,0.857645,0.857665,0.857175,0.857185,NEW YORK,362733,LOW,0.857645,0.857665,0.857175,0.857185,NEW YORK,362733,LOW,NONE,BULLISH,BULLISH,WEAK,AT_PIVOT,LOW_WICK,NEUTRAL,CHAOTIC,TRUE,TESTING_PIVOT,48,26,-13.333333333333334,50,NEUTRAL,False,70,[],0,0,NEUTRAL,BULLISH,40,True,BEAR_TRAP,50,True,False,False,70,False,0,100,DOWN,NONE,NONE,0,True,75,55,45,80,False,True,NEUTRAL,70,False,0.0,NONE,False,NONE,False,False,0,False,60,23.77450980392134,10.773680404916606,55.00000000000001,29,POOR,False,75,48,-0.22030099951872742,4,90.0,False,RANDOM,70,41.892335713093274,9.884093943903283,True,MOMENTUM_SHIFT,False,True,False,65,True,70,DOWN,80,CHOPPY,EXTREME,DOWN,80,-0.0443,CHOPPY,65,30,65,NORMAL,NONE,65,30,75,EXTREME,88,40,60,1.52,False,40,0.9305769824128356,27.36630175871644,RANGING,90,False,NONE,0.856925,0.857855,0.857515,FAR,30,50,85,50,NONE,NONE,NONE,False,[],0,0,ACCUMULATION,ACCUMULATION,50,65,True,27,"Smart money accumulation. Bullish bias, look for breakout.",1.0,0.5,False,False,False,False,0.3,0.3,True,False,False,22,True,[],0,NO,ACCUMULATION,"Smart money accumulation. Bullish bias, look for breakout.",EXTREME,LOW,0.084,[],True,Passed basic checks,0,50,50,MEDIUM,5,WAIT,รอการวิเคราะห์จาก AI
2026-06-27 22:17:00,0.857185,0.857665,0.857175,0.857645,1.0,EURGBP-OTC,BEARISH,0.857678,0.857997,0.858422,0.858871,0.859422,0.860067,BEARISH,0.860085,0.857069,0.003016,0.003241,40.49,37.12,-0.000459,-0.000307,-0.000152,11.6,13.34,0.000721,94.47,1.52,0.000708,0.000628,24.29,16.96,32.4,31.29,-0.0443,1,1.0,1.0,False,STABLE,-8.6e-05,-0.0001,-9e-06,0.856925,0.860035,0.857515,0.857855,0.858075,0.857295,0.856955,23,4.31,0.857339,0.857425,0.857666,0.858113,53.39,37.31,-0.000301,-0.000269,23.27,12.33,0.000314,0.856925,0.858705,0.858956,0.856683,0.857495,0.857815,0.857325,1,1.0,0.857645,0.857665,0.857175,0.857185,NEW YORK,423120,LOW,0.857645,0.857665,0.857175,0.857185,NEW YORK,423120,LOW,NONE,BULLISH,BULLISH,WEAK,AT_PIVOT,LOW_WICK,NEUTRAL,CHAOTIC,TRUE,TESTING_PIVOT,48,26,-13.333333333333334,50,NEUTRAL,False,70,[],0,0,NEUTRAL,BULLISH,40,True,BEAR_TRAP,50,True,False,False,70,False,0,100,DOWN,NONE,NONE,0,True,75,55,45,80,False,True,NEUTRAL,70,False,0.0,NONE,False,NONE,False,False,0,False,60,23.77450980392134,10.773680404916606,55.00000000000001,29,POOR,False,75,48,-0.22030099951872742,4,90.0,False,RANDOM,70,41.892335713093274,9.884093943903283,True,MOMENTUM_SHIFT,False,True,False,65,True,70,DOWN,80,CHOPPY,EXTREME,DOWN,80,-0.0443,CHOPPY,65,30,65,NORMAL,NONE,65,30,75,EXTREME,88,40,60,1.52,False,40,0.9305769824128356,27.36630175871644,RANGING,90,False,NONE,0.856925,0.857855,0.857515,FAR,30,50,85,50,NONE,NONE,NONE,False,[],0,0,SIDEWAY_RANGE,SIDEWAY_RANGE,50,60,True,27,Price ranging between clear levels. Suitable for mean-reversion strategies.,1.0,0.5,False,False,False,False,0.3,0.3,True,False,False,22,True,[],0,NO,SIDEWAY_RANGE,Price ranging between clear levels. Suitable for mean-reversion strategies.,EXTREME,LOW,0.084,[],True,Passed basic checks,0,50,50,MEDIUM,5,WAIT,รอการวิเคราะห์จาก AI
2026-06-27 22:18:00,0.857185,0.857665,0.857175,0.857645,1.0,EURGBP-OTC,BEARISH,0.857678,0.857997,0.858422,0.858871,0.859422,0.860067,BEARISH,0.860085,0.857069,0.003016,0.003241,40.49,37.12,-0.000459,-0.000307,-0.000152,11.6,13.34,0.000721,94.47,1.52,0.000708,0.000628,24.29,16.96,32.4,31.29,-0.0443,1,1.0,1.0,False,STABLE,-8.6e-05,-0.0001,-9e-06,0.856925,0.860035,0.857515,0.857855,0.858075,0.857295,0.856955,23,4.31,0.857339,0.857425,0.857666,0.858113,53.39,37.31,-0.000301,-0.000269,23.27,12.33,0.000314,0.856925,0.858705,0.858956,0.856683,0.857495,0.857815,0.857325,1,1.0,0.857645,0.857665,0.857175,0.857185,NEW YORK,482506,LOW,0.857645,0.857665,0.857175,0.857185,NEW YORK,482506,LOW,NONE,BULLISH,BULLISH,WEAK,AT_PIVOT,LOW_WICK,NEUTRAL,CHAOTIC,TRUE,TESTING_PIVOT,48,26,-13.333333333333334,50,NEUTRAL,False,70,[],0,0,NEUTRAL,BULLISH,40,True,BEAR_TRAP,50,True,False,False,70,False,0,100,DOWN,NONE,NONE,0,True,75,55,45,80,False,True,NEUTRAL,70,False,0.0,NONE,False,NONE,False,False,0,False,60,23.77450980392134,10.773680404916606,55.00000000000001,29,POOR,False,75,48,-0.22030099951872742,4,90.0,False,RANDOM,70,41.892335713093274,9.884093943903283,True,MOMENTUM_SHIFT,False,True,False,65,True,70,DOWN,80,CHOPPY,EXTREME,DOWN,80,-0.0443,CHOPPY,65,30,65,NORMAL,NONE,65,30,75,EXTREME,88,40,60,1.52,False,40,0.9305769824128356,27.36630175871644,RANGING,90,False,NONE,0.856925,0.857855,0.857515,FAR,30,50,85,50,NONE,NONE,NONE,False,[],0,0,ACCUMULATION,ACCUMULATION,50,65,True,27,"Smart money accumulation. Bullish bias, look for breakout.",1.0,0.5,False,False,False,False,0.3,0.3,True,False,False,22,True,[],0,NO,ACCUMULATION,"Smart money accumulation. Bullish bias, look for breakout.",EXTREME,LOW,0.084,[],True,Passed basic checks,0,50,50,MEDIUM,5,WAIT,รอการวิเคราะห์จาก AI
2026-06-27 22:19:00,0.857185,0.857665,0.857175,0.857645,1.0,EURGBP-OTC,BEARISH,0.857678,0.857997,0.858422,0.858871,0.859422,0.860067,BEARISH,0.860085,0.857069,0.003016,0.003241,40.49,37.12,-0.000459,-0.000307,-0.000152,11.6,13.34,0.000721,94.47,1.52,0.000708,0.000628,24.29,16.96,32.4,31.29,-0.0443,1,1.0,1.0,False,STABLE,-8.6e-05,-0.0001,-9e-06,0.856925,0.860035,0.857515,0.857855,0.858075,0.857295,0.856955,23,4.31,0.857339,0.857425,0.857666,0.858113,53.39,37.31,-0.000301,-0.000269,23.27,12.33,0.000314,0.856925,0.858705,0.858956,0.856683,0.857495,0.857815,0.857325,1,1.0,0.857645,0.857665,0.857175,0.857185,NEW YORK,542928,LOW,0.857645,0.857665,0.857175,0.857185,NEW YORK,542928,LOW,NONE,BULLISH,BULLISH,WEAK,AT_PIVOT,LOW_WICK,NEUTRAL,CHAOTIC,TRUE,TESTING_PIVOT,48,26,-13.333333333333334,50,NEUTRAL,False,70,[],0,0,NEUTRAL,BULLISH,40,True,BEAR_TRAP,50,True,False,False,70,False,0,100,DOWN,NONE,NONE,0,True,75,55,45,80,False,True,NEUTRAL,70,False,0.0,NONE,False,NONE,False,False,0,False,60,23.77450980392134,10.773680404916606,55.00000000000001,29,POOR,False,75,48,-0.22030099951872742,4,90.0,False,RANDOM,70,41.892335713093274,9.884093943903283,True,MOMENTUM_SHIFT,False,True,False,65,True,70,DOWN,80,CHOPPY,EXTREME,DOWN,80,-0.0443,CHOPPY,65,30,65,NORMAL,NONE,65,30,75,EXTREME,88,40,60,1.52,False,40,0.9305769824128356,27.36630175871644,RANGING,90,False,NONE,0.856925,0.857855,0.857515,FAR,30,50,85,50,NONE,NONE,NONE,False,[],0,0,ACCUMULATION,ACCUMULATION,50,65,True,27,"Smart money accumulation. Bullish bias, look for breakout.",1.0,0.5,False,False,False,False,0.3,0.3,True,False,False,22,True,[],0,NO,ACCUMULATION,"Smart money accumulation. Bullish bias, look for breakout.",EXTREME,LOW,0.084,[],True,Passed basic checks,0,50,50,MEDIUM,5,WAIT,รอการวิเคราะห์จาก AI
2026-06-27 22:20:00,0.857625,0.857665,0.857345,0.857445,1.0,EURGBP-OTC,BEARISH,0.857534,0.85786,0.85831,0.858807,0.859385,0.860081,BEARISH,0.860079,0.856887,0.003192,0.003249,38.46,33.76,-0.000494,-0.000344,-0.00015,13.72,11.61,0.000724,95.98,1.53,0.00071,0.000635,24.8,16.03,30.74,31.46,-0.1002,1,1.0,1.0,False,STABLE,-0.000119,-0.000111,-1.4e-05,0.856925,0.860035,0.857358,0.857552,0.857858,0.857052,0.856858,24,4.3,0.8575,0.857492,0.857614,0.858008,68.37,49.0,-0.000192,-0.000236,65.81,56.99,0.000271,0.856925,0.858665,0.858409,0.856758,0.857485,0.857625,0.857305,1,1.0,0.857445,0.857665,0.857345,0.857625,NEW YORK,303474,LOW,0.857445,0.857665,0.857345,0.857625,NEW YORK,303474,LOW,NONE,BEARISH,BEARISH,WEAK,AT_PIVOT,LOW_WICK,NEUTRAL,CHAOTIC,TRUE,TESTING_PIVOT,48,26,-20.0,50,NEUTRAL,False,70,[],0,0,NEUTRAL,BEARISH,40,True,BEAR_TRAP,50,True,False,False,70,False,0,100,DOWN,DOWN,NONE,0,True,75,97,3,80,True,True,CONTINUATION,70,True,85.0,BEARISH,False,NONE,False,False,0,False,60,23.209876543210118,9.992542878448788,55.00000000000001,29,POOR,False,75,48,-0.22994790133435275,4,90.0,False,RANDOM,70,42.96498782878932,9.338731362895587,True,MOMENTUM_SHIFT,False,True,True,35,False,70,DOWN,100,IMPULSIVE,EXTREME,DOWN,100,-0.1002,IMPULSIVE,85,30,85,NORMAL,NONE,65,30,75,EXTREME,88,40,60,1.53,False,40,0.9824561403508771,20.970385964912282,RANGING,90,False,NONE,0.856925,0.857552,0.857358,FAR,30,50,85,50,NONE,NONE,NONE,False,[],0,0,TRENDING_STRONG,TRENDING_STRONG,50,75,True,27,Strong directional trend with high momentum. Favorable for trend-following strategies.,1.0,0.5,False,False,False,False,0.3,0.3,True,False,False,22,True,[],0,NO,TRENDING_STRONG,Strong directional trend with high momentum. Favorable for trend-following strategies.,EXTREME,LOW,0.084,[],True,Passed basic checks,0,50,50,MEDIUM,5,WAIT,รอการวิเคราะห์จาก AI
2026-06-27 22:21:00,0.857625,0.857665,0.857345,0.857445,1.0,EURGBP-OTC,BEARISH,0.857534,0.85786,0.85831,0.858807,0.859385,0.860081,BEARISH,0.860079,0.856887,0.003192,0.003249,38.46,33.76,-0.000494,-0.000344,-0.00015,13.72,11.61,0.000724,95.98,1.53,0.00071,0.000635,24.8,16.03,30.74,31.46,-0.1002,1,1.0,1.0,False,STABLE,-0.000119,-0.000111,-1.4e-05,0.856925,0.860035,0.857358,0.857552,0.857858,0.857052,0.856858,24,4.3,0.8575,0.857492,0.857614,0.858008,68.37,49.0,-0.000192,-0.000236,65.81,56.99,0.000271,0.856925,0.858665,0.858409,0.856758,0.857485,0.857625,0.857305,1,1.0,0.857445,0.857665,0.857345,0.857625,NEW YORK,362801,LOW,0.857445,0.857665,0.857345,0.857625,NEW YORK,362801,LOW,NONE,BEARISH,BEARISH,WEAK,AT_PIVOT,LOW_WICK,NEUTRAL,CHAOTIC,TRUE,TESTING_PIVOT,48,26,-20.0,50,NEUTRAL,False,70,[],0,0,NEUTRAL,BEARISH,40,True,BEAR_TRAP,50,True,False,False,70,False,0,100,DOWN,DOWN,NONE,0,True,75,97,3,80,True,True,CONTINUATION,70,True,85.0,BEARISH,False,NONE,False,False,0,False,60,23.209876543210118,9.992542878448788,55.00000000000001,29,POOR,False,75,48,-0.22994790133435275,4,90.0,False,RANDOM,70,42.96498782878932,9.338731362895587,True,MOMENTUM_SHIFT,False,True,True,35,False,70,DOWN,100,IMPULSIVE,EXTREME,DOWN,100,-0.1002,IMPULSIVE,85,30,85,NORMAL,NONE,65,30,75,EXTREME,88,40,60,1.53,False,40,0.9824561403508771,20.970385964912282,RANGING,90,False,NONE,0.856925,0.857552,0.857358,FAR,30,50,85,50,NONE,NONE,NONE,False,[],0,0,TRENDING_STRONG,TRENDING_STRONG,50,75,True,27,Strong directional trend with high momentum. Favorable for trend-following strategies.,1.0,0.5,False,False,False,False,0.3,0.3,True,False,False,22,True,[],0,NO,TRENDING_STRONG,Strong directional trend with high momentum. Favorable for trend-following strategies.,EXTREME,LOW,0.084,[],True,Passed basic checks,0,50,50,MEDIUM,5,WAIT,รอการวิเคราะห์จาก AI
2026-06-27 22:22:00,0.857625,0.857665,0.857345,0.857445,1.0,EURGBP-OTC,BEARISH,0.857534,0.85786,0.85831,0.858807,0.859385,0.860081,BEARISH,0.860079,0.856887,0.003192,0.003249,38.46,33.76,-0.000494,-0.000344,-0.00015,13.72,11.61,0.000724,95.98,1.53,0.00071,0.000635,24.8,16.03,30.74,31.46,-0.1002,1,1.0,1.0,False,STABLE,-0.000119,-0.000111,-1.4e-05,0.856925,0.860035,0.857358,0.857552,0.857858,0.857052,0.856858,24,4.3,0.8575,0.857492,0.857614,0.858008,68.37,49.0,-0.000192,-0.000236,65.81,56.99,0.000271,0.856925,0.858665,0.858409,0.856758,0.857485,0.857625,0.857305,1,1.0,0.857445,0.857665,0.857345,0.857625,NEW YORK,423144,LOW,0.857445,0.857665,0.857345,0.857625,NEW YORK,423144,LOW,NONE,BEARISH,BEARISH,WEAK,AT_PIVOT,LOW_WICK,NEUTRAL,CHAOTIC,TRUE,TESTING_PIVOT,48,26,-20.0,50,NEUTRAL,False,70,[],0,0,NEUTRAL,BEARISH,40,True,BEAR_TRAP,50,True,False,False,70,False,0,100,DOWN,DOWN,NONE,0,True,75,97,3,80,True,True,CONTINUATION,70,True,85.0,BEARISH,False,NONE,False,False,0,False,60,23.209876543210118,9.992542878448788,55.00000000000001,29,POOR,False,75,48,-0.22994790133435275,4,90.0,False,RANDOM,70,42.96498782878932,9.338731362895587,True,MOMENTUM_SHIFT,False,True,True,35,False,70,DOWN,100,IMPULSIVE,EXTREME,DOWN,100,-0.1002,IMPULSIVE,85,30,85,NORMAL,NONE,65,30,75,EXTREME,88,40,60,1.53,False,40,0.9824561403508771,20.970385964912282,RANGING,90,False,NONE,0.856925,0.857552,0.857358,FAR,30,50,85,50,NONE,NONE,NONE,False,[],0,0,TRENDING_STRONG,TRENDING_STRONG,50,75,True,27,Strong directional trend with high momentum. Favorable for trend-following strategies.,1.0,0.5,False,False,False,False,0.3,0.3,True,False,False,22,True,[],0,NO,TRENDING_STRONG,Strong directional trend with high momentum. Favorable for trend-following strategies.,EXTREME,LOW,0.084,[],True,Passed basic checks,0,50,50,MEDIUM,5,WAIT,รอการวิเคราะห์จาก AI
2026-06-27 22:23:00,0.857625,0.857665,0.857345,0.857445,1.0,EURGBP-OTC,BEARISH,0.857534,0.85786,0.85831,0.858807,0.859385,0.860081,BEARISH,0.860079,0.856887,0.003192,0.003249,38.46,33.76,-0.000494,-0.000344,-0.00015,13.72,11.61,0.000724,95.98,1.53,0.00071,0.000635,24.8,16.03,30.74,31.46,-0.1002,1,1.0,1.0,False,STABLE,-0.000119,-0.000111,-1.4e-05,0.856925,0.860035,0.857358,0.857552,0.857858,0.857052,0.856858,24,4.3,0.8575,0.857492,0.857614,0.858008,68.37,49.0,-0.000192,-0.000236,65.81,56.99,0.000271,0.856925,0.858665,0.858409,0.856758,0.857485,0.857625,0.857305,1,1.0,0.857445,0.857665,0.857345,0.857625,NEW YORK,482585,LOW,0.857445,0.857665,0.857345,0.857625,NEW YORK,482585,LOW,NONE,BEARISH,BEARISH,WEAK,AT_PIVOT,LOW_WICK,NEUTRAL,CHAOTIC,TRUE,TESTING_PIVOT,48,26,-20.0,50,NEUTRAL,False,70,[],0,0,NEUTRAL,BEARISH,40,True,BEAR_TRAP,50,True,False,False,70,False,0,100,DOWN,DOWN,NONE,0,True,75,97,3,80,True,True,CONTINUATION,70,True,85.0,BEARISH,False,NONE,False,False,0,False,60,23.209876543210118,9.992542878448788,55.00000000000001,29,POOR,False,75,48,-0.22994790133435275,4,90.0,False,RANDOM,70,42.96498782878932,9.338731362895587,True,MOMENTUM_SHIFT,False,True,True,35,False,70,DOWN,100,IMPULSIVE,EXTREME,DOWN,100,-0.1002,IMPULSIVE,85,30,85,NORMAL,NONE,65,30,75,EXTREME,88,40,60,1.53,False,40,0.9824561403508771,20.970385964912282,RANGING,90,False,NONE,0.856925,0.857552,0.857358,FAR,30,50,85,50,NONE,NONE,NONE,False,[],0,0,TRENDING_STRONG,TRENDING_STRONG,50,75,True,27,Strong directional trend with high momentum. Favorable for trend-following strategies.,1.0,0.5,False,False,False,False,0.3,0.3,True,False,False,22,True,[],0,NO,TRENDING_STRONG,Strong directional trend with high momentum. Favorable for trend-following strategies.,EXTREME,LOW,0.084,[],True,Passed basic checks,0,50,50,MEDIUM,5,WAIT,รอการวิเคราะห์จาก AI
2026-06-27 22:24:00,0.857625,0.857665,0.857345,0.857445,1.0,EURGBP-OTC,BEARISH,0.857534,0.85786,0.85831,0.858807,0.859385,0.860081,BEARISH,0.860079,0.856887,0.003192,0.003249,38.46,33.76,-0.000494,-0.000344,-0.00015,13.72,11.61,0.000724,95.98,1.53,0.00071,0.000635,24.8,16.03,30.74,31.46,-0.1002,1,1.0,1.0,False,STABLE,-0.000119,-0.000111,-1.4e-05,0.856925,0.860035,0.857358,0.857552,0.857858,0.857052,0.856858,24,4.3,0.8575,0.857492,0.857614,0.858008,68.37,49.0,-0.000192,-0.000236,65.81,56.99,0.000271,0.856925,0.858665,0.858409,0.856758,0.857485,0.857625,0.857305,1,1.0,0.857445,0.857665,0.857345,0.857625,NEW YORK,542960,LOW,0.857445,0.857665,0.857345,0.857625,NEW YORK,542960,LOW,NONE,BEARISH,BEARISH,WEAK,AT_PIVOT,LOW_WICK,NEUTRAL,CHAOTIC,TRUE,TESTING_PIVOT,48,26,-20.0,50,NEUTRAL,False,70,[],0,0,NEUTRAL,BEARISH,40,True,BEAR_TRAP,50,True,False,False,70,False,0,100,DOWN,DOWN,NONE,0,True,75,97,3,80,True,True,CONTINUATION,70,True,85.0,BEARISH,False,NONE,False,False,0,False,60,23.209876543210118,9.992542878448788,55.00000000000001,29,POOR,False,75,48,-0.22994790133435275,4,90.0,False,RANDOM,70,42.96498782878932,9.338731362895587,True,MOMENTUM_SHIFT,False,True,True,35,False,70,DOWN,100,IMPULSIVE,EXTREME,DOWN,100,-0.1002,IMPULSIVE,85,30,85,NORMAL,NONE,65,30,75,EXTREME,88,40,60,1.53,False,40,0.9824561403508771,20.970385964912282,RANGING,90,False,NONE,0.856925,0.857552,0.857358,FAR,30,50,85,50,NONE,NONE,NONE,False,[],0,0,TRENDING_STRONG,TRENDING_STRONG,50,75,True,27,Strong directional trend with high momentum. Favorable for trend-following strategies.,1.0,0.5,False,False,False,False,0.3,0.3,True,False,False,22,True,[],0,NO,TRENDING_STRONG,Strong directional trend with high momentum. Favorable for trend-following strategies.,EXTREME,LOW,0.084,[],True,Passed basic checks,0,50,50,MEDIUM,5,WAIT,รอการวิเคราะห์จาก AI
