timestamp,open,high,low,close,volume,symbol,m15_bias,m5_ema5,m5_ema10,m5_ema20,m5_ema50,m5_ema100,m5_ema200,m5_bias,m5_bb_upper,m5_bb_lower,m5_bb_width,m5_bbw_sma_100,m5_rsi7,m5_rsi14,m5_macd,m5_macd_signal,m5_macd_hist,m5_stoch_k,m5_stoch_d,m5_atr14,m5_atr_percentile,m5_atr_zscore,m5_atr_recent_avg,m5_atr_past_avg,m5_adx,m5_di_plus,m5_di_minus,m5_dx,m5_roc,m5_volume,m5_volume_ma20,m5_volume_ratio,m5_volume_spike,m5_volume_trend,m5_slope_10,m5_slope_20,m5_slope_50,m5_support,m5_resistance,m5_pivot,m5_r1,m5_r2,m5_s1,m5_s2,m5_box_duration,m5_box_tightness,m1_ema5,m1_ema10,m1_ema20,m1_ema50,m1_rsi7,m1_rsi14,m1_macd,m1_macd_signal,m1_stoch_k,m1_stoch_d,m1_atr14,m1_support,m1_resistance,m1_bb_upper,m1_bb_lower,m1_pivot,m1_r1,m1_s1,m1_volume,m1_volume_ratio,meta_close,meta_high,meta_low,meta_open,meta_session,meta_data_age_ms,meta_data_quality,ohlcv_close,ohlcv_high,ohlcv_low,ohlcv_open,ohlcv_session,ohlcv_data_age_ms,ohlcv_data_quality,price_action_pattern,price_action_last_candle_bias,price_action_last_candle,price_action_body_strength,price_action_rejection_zone,price_action_wick_dominance,price_action_momentum_bias,price_action_move_quality,price_action_trap_alert,price_action_sr_interaction,behavior_conviction,behavior_hesitation,behavior_pressure_balance,behavior_participation,behavior_behavior,behavior_is_decisive,behavior_confidence,candle_pattern_patterns_detected,candle_pattern_pattern_count,candle_pattern_pattern_strength,candle_pattern_bias,candle_pattern_last_candle_color,candle_pattern_confidence,trap_detector_trap_detected,trap_detector_trap_type,trap_detector_trap_score,trap_detector_false_breakout,trap_detector_stop_hunt,trap_detector_rejection_wick,trap_detector_confidence,conflict_conflict_detected,conflict_conflict_score,conflict_agreement_score,conflict_ema_direction,conflict_momentum_direction,conflict_candle_direction,conflict_conflicting_signals,conflict_all_aligned,conflict_confidence,continuation_continuation_probability,continuation_reversal_probability,continuation_pullback_health,continuation_momentum_intact,continuation_volume_supports_move,continuation_bias,continuation_confidence,continuation_retest_detected,continuation_retest_quality,continuation_retest_type,divergence_divergence_detected,divergence_divergence_type,divergence_rsi_divergence,divergence_macd_divergence,divergence_divergence_strength,divergence_both_confirm,divergence_confidence,efficiency_efficiency_ratio,efficiency_path_efficiency,efficiency_directional_efficiency,efficiency_overall_efficiency,efficiency_movement_quality,efficiency_is_efficient,efficiency_confidence,persistence_persistence_score,persistence_autocorrelation,persistence_max_consecutive_run,persistence_trend_persistence,persistence_is_persistent,persistence_behavior,persistence_confidence,persistence_expansion_persistence,persistence_fatigue_risk,transition_in_transition,transition_transition_type,transition_volatility_shift,transition_momentum_shift,transition_structure_shift,transition_stability_score,transition_is_stable,transition_confidence,analysis_trend_direction,analysis_trend_strength,analysis_trend_type,analysis_volatility_regime,engines_trend_direction,engines_trend_strength,engines_trend_momentum,engines_trend_type,engines_trend_confidence,engines_trend_reversal_risk,engines_trend_sustain_probability,engines_strength_momentum_level,engines_strength_divergence,engines_strength_strength_score,engines_strength_exhaustion_risk,engines_strength_confidence,engines_volatility_regime,engines_volatility_volatility_score,engines_volatility_expansion_probability,engines_volatility_contraction_probability,engines_volatility_volatility_zscore,engines_volatility_spike_detected,engines_volatility_confidence,engines_volatility_bbw_compression_ratio,engines_volatility_compression_quality,engines_structure_structure_type,engines_structure_structure_score,engines_structure_bos_detected,engines_structure_bos_type,engines_structure_key_zones_strong_support,engines_structure_key_zones_strong_resistance,engines_structure_key_zones_middle,engines_structure_zone_proximity,engines_structure_breakout_probability,engines_structure_reversal_probability,engines_structure_confidence,engines_mtf_alignment_score,engines_mtf_dominant_direction,engines_mtf_htf_direction,engines_mtf_ltf_direction,engines_mtf_htf_ltf_conflict,engines_mtf_timeframes_analyzed,engines_mtf_confidence_from_mtf,engines_mtf_confidence,market_state,market_state_full_state,market_state_full_confidence,market_state_full_quality_score,market_state_full_tradeable,market_state_full_stability,market_state_full_description,market_state_full_metrics_volume_ratio,market_state_full_metrics_noise_level,market_state_full_metrics_rsi_extreme_bull,market_state_full_metrics_rsi_extreme_bear,market_state_full_metrics_price_above_ma20,market_state_full_metrics_price_above_ma50,market_state_full_metrics_wick_lower_ratio,market_state_full_metrics_wick_upper_ratio,market_state_full_metrics_compression_detected,market_state_full_metrics_divergence_detected,market_state_full_metrics_volume_surge,market_state_full_metrics_adaptive_adx_threshold,market_state_full_metrics_is_otc,signals_triggered,signals_count,signals_top_signal,market_context_state,market_context_description,market_context_volatility_regime,market_context_news_impact,market_context_expected_volatility_%,market_context_recent_ai_memory,decision_layer_tradeable,decision_layer_tradeable_reason,decision_layer_confidence_score,decision_layer_stability_score,decision_layer_quality_score,decision_layer_risk_level,decision_layer_suggested_expiry_minutes,decision_layer_suggested_action,decision_layer_final_reason_th
2026-06-27 12:40:00,1.110215,1.110935,1.110215,1.110895,1.0,EURUSD-OTC,BEARISH,1.109775,1.109319,1.109683,1.112178,1.11601,1.122205,BULLISH,1.112388,1.105875,0.006514,0.006544,84.94,60.19,-0.000855,-0.001373,0.000518,84.89,75.0,0.001466,52.76,-0.0,0.001567,0.00143,32.08,19.63,20.83,2.96,0.3768,1,1.0,1.0,False,STABLE,0.000435,-8.8e-05,-0.000234,1.105175,1.113165,1.110445,1.111385,1.111875,1.109955,1.109015,20,5.45,1.110227,1.109898,1.109499,1.108978,87.65,62.47,0.000496,0.000416,88.87,84.32,0.000579,1.108495,1.110935,1.110583,1.108516,1.110682,1.111148,1.110428,1,1.0,1.110895,1.110935,1.110215,1.110215,ASIAN,63013,HIGH,1.110895,1.110935,1.110215,1.110215,ASIAN,63013,HIGH,NONE,BULLISH,BULLISH,WEAK,AT_PIVOT,HIGH_WICK,NEUTRAL,CHAOTIC,NONE,TESTING_PIVOT,43,20,-6.666666666666667,50,NEUTRAL,False,70,[],0,0,NEUTRAL,BULLISH,40,False,NONE,0,False,False,False,60,False,0,50,NONE,NONE,NONE,0,False,75,82,18,80,True,True,CONTINUATION,70,False,0.0,NONE,True,BULLISH,False,True,50,False,70,11.962365591398797,6.625527768756252,55.00000000000001,24,POOR,False,75,71,0.08875637473136874,4,60.0,True,RANDOM,70,48.520617668748656,3.4702846456090617,True,MOMENTUM_SHIFT,False,True,False,65,True,70,NONE,100,CHOPPY,HIGH,NONE,100,0.3768,CHOPPY,20,50,30,NORMAL,NONE,70,40,80,HIGH,73,40,60,-0.0,False,80,0.9954156479217603,54.25043520782398,RANGING,90,False,NONE,1.105175,1.111385,1.110445,FAR,30,50,85,50,NONE,NONE,NONE,False,[],0,0,BREAKOUT_EMERGING,BREAKOUT_EMERGING,51,70,True,32,"Volatility expansion after compression. Potential breakout opportunity. (breakout prob: 30%, reversal prob: 50%)",1.0,0.5,False,False,True,False,0.3,0.3,True,False,False,18,True,[],0,NO,BREAKOUT_EMERGING,"Volatility expansion after compression. Potential breakout opportunity. (breakout prob: 30%, reversal prob: 50%)",HIGH,LOW,0.132,[],True,Passed basic checks,0,50,50,MEDIUM,5,WAIT,รอการวิเคราะห์จาก AI
2026-06-27 12:41:00,1.110875,1.111215,1.110675,1.110715,1.0,EURUSD-OTC,BEARISH,1.109775,1.109319,1.109683,1.112178,1.11601,1.122205,BULLISH,1.112388,1.105875,0.006514,0.006544,84.94,60.19,-0.000855,-0.001373,0.000518,84.89,75.0,0.001466,52.76,-0.0,0.001567,0.00143,32.08,19.63,20.83,2.96,0.3768,1,1.0,1.0,False,STABLE,0.000435,-8.8e-05,-0.000234,1.105175,1.113165,1.110445,1.111385,1.111875,1.109955,1.109015,20,5.45,1.11039,1.110047,1.109615,1.109046,80.72,64.46,0.000531,0.000439,91.89,88.93,0.000584,1.108495,1.111215,1.110732,1.108565,1.110868,1.111062,1.110522,1,1.0,1.110715,1.111215,1.110675,1.110875,ASIAN,63324,HIGH,1.110715,1.111215,1.110675,1.110875,ASIAN,63324,HIGH,NONE,BULLISH,BULLISH,WEAK,AT_PIVOT,HIGH_WICK,NEUTRAL,CHAOTIC,NONE,TESTING_PIVOT,43,20,-6.666666666666667,50,NEUTRAL,False,70,[],0,0,NEUTRAL,BULLISH,40,False,NONE,0,False,False,False,60,False,0,50,NONE,NONE,NONE,0,False,75,82,18,80,True,True,CONTINUATION,70,False,0.0,NONE,True,BULLISH,False,True,50,False,70,11.962365591398797,6.625527768756252,55.00000000000001,24,POOR,False,75,71,0.08875637473136874,4,60.0,True,RANDOM,70,48.520617668748656,3.4702846456090617,True,MOMENTUM_SHIFT,False,True,False,65,True,70,NONE,100,CHOPPY,HIGH,NONE,100,0.3768,CHOPPY,20,50,30,NORMAL,NONE,70,40,80,HIGH,73,40,60,-0.0,False,80,0.9954156479217603,54.25043520782398,RANGING,90,False,NONE,1.105175,1.111385,1.110445,FAR,30,50,85,50,NONE,NONE,NONE,False,[],0,0,BREAKOUT_EMERGING,BREAKOUT_EMERGING,51,70,True,32,"Volatility expansion after compression. Potential breakout opportunity. (breakout prob: 30%, reversal prob: 50%)",1.0,0.5,False,False,True,False,0.3,0.3,True,False,False,18,True,[],0,NO,BREAKOUT_EMERGING,"Volatility expansion after compression. Potential breakout opportunity. (breakout prob: 30%, reversal prob: 50%)",HIGH,LOW,0.132,[],True,Passed basic checks,0,50,50,MEDIUM,5,WAIT,รอการวิเคราะห์จาก AI
2026-06-27 12:42:00,1.110725,1.110985,1.110595,1.110985,1.0,EURUSD-OTC,BEARISH,1.109775,1.109319,1.109683,1.112178,1.11601,1.122205,BULLISH,1.112388,1.105875,0.006514,0.006544,84.94,60.19,-0.000855,-0.001373,0.000518,84.89,75.0,0.001466,52.76,-0.0,0.001567,0.00143,32.08,19.63,20.83,2.96,0.3768,1,1.0,1.0,False,STABLE,0.000435,-8.8e-05,-0.000234,1.105175,1.113165,1.110445,1.111385,1.111875,1.109955,1.109015,20,5.45,1.110588,1.110217,1.109745,1.109122,78.57,66.51,0.000575,0.000466,90.14,90.3,0.000583,1.108595,1.111215,1.110938,1.108559,1.110855,1.111115,1.110725,1,1.0,1.110985,1.110985,1.110595,1.110725,ASIAN,62666,HIGH,1.110985,1.110985,1.110595,1.110725,ASIAN,62666,HIGH,NONE,BULLISH,BULLISH,WEAK,AT_PIVOT,HIGH_WICK,NEUTRAL,CHAOTIC,NONE,TESTING_PIVOT,43,20,-6.666666666666667,50,NEUTRAL,False,70,[],0,0,NEUTRAL,BULLISH,40,False,NONE,0,False,False,False,60,False,0,50,NONE,NONE,NONE,0,False,75,82,18,80,True,True,CONTINUATION,70,False,0.0,NONE,True,BULLISH,False,True,50,False,70,11.962365591398797,6.625527768756252,55.00000000000001,24,POOR,False,75,71,0.08875637473136874,4,60.0,True,RANDOM,70,48.520617668748656,3.4702846456090617,True,MOMENTUM_SHIFT,False,True,False,65,True,70,NONE,100,CHOPPY,HIGH,NONE,100,0.3768,CHOPPY,20,50,30,NORMAL,NONE,70,40,80,HIGH,73,40,60,-0.0,False,80,0.9954156479217603,54.25043520782398,RANGING,90,False,NONE,1.105175,1.111385,1.110445,FAR,30,50,85,50,NONE,NONE,NONE,False,[],0,0,BREAKOUT_EMERGING,BREAKOUT_EMERGING,51,70,True,32,"Volatility expansion after compression. Potential breakout opportunity. (breakout prob: 30%, reversal prob: 50%)",1.0,0.5,False,False,True,False,0.3,0.3,True,False,False,18,True,[],0,NO,BREAKOUT_EMERGING,"Volatility expansion after compression. Potential breakout opportunity. (breakout prob: 30%, reversal prob: 50%)",HIGH,LOW,0.132,[],True,Passed basic checks,0,50,50,MEDIUM,5,WAIT,รอการวิเคราะห์จาก AI
2026-06-27 15:14:00,1.114645,1.114725,1.114465,1.114575,1.0,EURUSD-OTC,BULLISH,1.114885,1.114554,1.113489,1.112599,1.114335,1.118869,BULLISH,1.118218,1.107521,0.010698,0.006571,37.29,67.7,0.001287,0.001176,0.000111,70.3,76.17,0.001408,33.67,-0.37,0.001573,0.0015,19.69,24.6,18.33,14.61,0.2221,1,1.0,1.0,False,STABLE,7.9e-05,0.000397,0.000121,1.107055,1.116705,1.114765,1.115065,1.115585,1.114245,1.113945,36,6.85,1.114713,1.114854,1.115022,1.114502,47.74,41.53,-0.0001,2.5e-05,34.06,27.98,0.000588,1.114105,1.116675,1.116354,1.114016,1.114588,1.114712,1.114452,1,1.0,1.114575,1.114725,1.114465,1.114645,LONDON,843095,LOW,1.114575,1.114725,1.114465,1.114645,LONDON,843095,LOW,NONE,BEARISH,BEARISH,WEAK,AT_PIVOT,LOW_WICK,NEUTRAL,NOISY,TRUE,TESTING_PIVOT,52,23,6.666666666666667,50,NEUTRAL,False,70,[],0,0,NEUTRAL,BEARISH,40,True,REJECTION,25,False,False,True,70,False,0,100,UP,NONE,NONE,0,True,75,55,45,80,False,True,NEUTRAL,70,False,0.0,NONE,False,NONE,False,False,0,False,60,18.152173913042954,16.05384110308517,55.00000000000001,29,POOR,False,75,82,0.05827491078510729,5,70.0,True,RANDOM,70,51.21669392160636,1.7939367707729807,False,NONE,False,False,False,100,True,70,NONE,80,CHOPPY,NORMAL,NONE,80,0.2221,CHOPPY,20,50,30,WEAK,NONE,55,30,65,NORMAL,58,40,60,-0.37,False,80,1.6280626997412875,6.257730025871259,RANGING,90,False,NONE,1.107055,1.115065,1.114765,FAR,30,50,85,50,NONE,NONE,NONE,False,[],0,0,SIDEWAY_RANGE,SIDEWAY_RANGE,53,51,False,11,Price ranging between clear levels. Suitable for mean-reversion strategies.,1.0,0.8,False,False,True,True,0.3,0.3,True,False,False,18,True,[],0,NO,SIDEWAY_RANGE,Price ranging between clear levels. Suitable for mean-reversion strategies.,NORMAL,LOW,0.126,[],False,Passed basic checks,0,50,50,MEDIUM,5,WAIT,รอการวิเคราะห์จาก AI
2026-06-27 15:15:00,1.114545,1.138245,1.114545,1.137705,1.0,EURUSD-OTC,BULLISH,1.122355,1.118689,1.115757,1.113567,1.114796,1.119099,BULLISH,1.126251,1.102252,0.023999,0.006768,90.17,89.13,0.003024,0.001545,0.001478,75.43,73.39,0.002955,100.0,9.98,0.001706,0.001533,23.86,65.27,8.02,78.12,1.9735,1,1.0,1.0,False,STABLE,0.001093,0.000695,0.000187,1.107055,1.138245,1.130028,1.145512,1.153728,1.121812,1.106328,37,10.55,1.122389,1.118966,1.117107,1.11545,96.02,91.23,0.001724,0.000307,60.66,50.46,0.002249,1.114105,1.138245,1.126268,1.105832,1.130165,1.145785,1.122085,1,1.0,1.137705,1.138245,1.114545,1.114545,LONDON,303514,LOW,1.137705,1.138245,1.114545,1.114545,LONDON,303514,LOW,MORNING_STAR,BULLISH,BULLISH,STRONG,AT_RESISTANCE,LOW_WICK,NEUTRAL,CLEAN,NONE,TESTING_RESISTANCE,52,23,6.666666666666667,50,NEUTRAL,False,70,['MORNING_STAR'],1,20,BULLISH,BULLISH,60,False,NONE,0,False,False,False,60,False,0,100,UP,UP,NONE,0,True,75,80,20,40,True,True,CONTINUATION,70,False,0.0,NONE,False,NONE,False,False,0,False,60,69.79797979797937,56.396568160151816,60.0,62,GOOD,True,75,84,0.004068899476149258,5,80.0,True,RANDOM,70,49.8115978668349,31.92551498622116,True,VOLATILITY_REGIME_CHANGE,True,True,True,0,False,70,NONE,100,CHOPPY,EXTREME,NONE,100,1.9735,CHOPPY,20,50,30,NORMAL,NONE,74,45,84,EXTREME,88,40,60,9.98,True,40,3.545951536643026,0.0,RANGING,90,False,NONE,1.107055,1.138245,1.130028,FAR,30,50,85,50,NONE,NONE,NONE,False,[],0,0,SIDEWAY_RANGE,SIDEWAY_RANGE,50,60,True,27,Price ranging between clear levels. Suitable for mean-reversion strategies.,1.0,0.5,True,False,True,True,0.3,0.3,True,False,False,22,True,[],0,NO,SIDEWAY_RANGE,Price ranging between clear levels. Suitable for mean-reversion strategies.,EXTREME,LOW,0.26,[],True,Passed basic checks,0,50,50,MEDIUM,5,WAIT,รอการวิเคราะห์จาก AI
2026-06-27 15:16:00,1.114545,1.138245,1.114545,1.137705,1.0,EURUSD-OTC,BULLISH,1.122355,1.118689,1.115757,1.113567,1.114796,1.119099,BULLISH,1.126251,1.102252,0.023999,0.006768,90.17,89.13,0.003024,0.001545,0.001478,75.43,73.39,0.002955,100.0,9.98,0.001706,0.001533,23.86,65.27,8.02,78.12,1.9735,1,1.0,1.0,False,STABLE,0.001093,0.000695,0.000187,1.107055,1.138245,1.130028,1.145512,1.153728,1.121812,1.106328,37,10.55,1.122389,1.118966,1.117107,1.11545,96.02,91.23,0.001724,0.000307,60.66,50.46,0.002249,1.114105,1.138245,1.126268,1.105832,1.130165,1.145785,1.122085,1,1.0,1.137705,1.138245,1.114545,1.114545,LONDON,362815,LOW,1.137705,1.138245,1.114545,1.114545,LONDON,362815,LOW,MORNING_STAR,BULLISH,BULLISH,STRONG,AT_RESISTANCE,LOW_WICK,NEUTRAL,CLEAN,NONE,TESTING_RESISTANCE,52,23,6.666666666666667,50,NEUTRAL,False,70,['MORNING_STAR'],1,20,BULLISH,BULLISH,60,False,NONE,0,False,False,False,60,False,0,100,UP,UP,NONE,0,True,75,80,20,40,True,True,CONTINUATION,70,False,0.0,NONE,False,NONE,False,False,0,False,60,69.79797979797937,56.396568160151816,60.0,62,GOOD,True,75,84,0.004068899476149258,5,80.0,True,RANDOM,70,49.8115978668349,31.92551498622116,True,VOLATILITY_REGIME_CHANGE,True,True,True,0,False,70,NONE,100,CHOPPY,EXTREME,NONE,100,1.9735,CHOPPY,20,50,30,NORMAL,NONE,74,45,84,EXTREME,88,40,60,9.98,True,40,3.545951536643026,0.0,RANGING,90,False,NONE,1.107055,1.138245,1.130028,FAR,30,50,85,50,NONE,NONE,NONE,False,[],0,0,ACCUMULATION,ACCUMULATION,50,65,True,27,"Smart money accumulation. Bullish bias, look for breakout.",1.0,0.5,True,False,True,True,0.3,0.3,True,False,False,22,True,[],0,NO,ACCUMULATION,"Smart money accumulation. Bullish bias, look for breakout.",EXTREME,LOW,0.26,[],True,Passed basic checks,0,50,50,MEDIUM,5,WAIT,รอการวิเคราะห์จาก AI
2026-06-27 15:18:00,1.114545,1.138245,1.114545,1.137705,1.0,EURUSD-OTC,BULLISH,1.122355,1.118689,1.115757,1.113567,1.114796,1.119099,BULLISH,1.126251,1.102252,0.023999,0.006768,90.17,89.13,0.003024,0.001545,0.001478,75.43,73.39,0.002955,100.0,9.98,0.001706,0.001533,23.86,65.27,8.02,78.12,1.9735,1,1.0,1.0,False,STABLE,0.001093,0.000695,0.000187,1.107055,1.138245,1.130028,1.145512,1.153728,1.121812,1.106328,37,10.55,1.122389,1.118966,1.117107,1.11545,96.02,91.23,0.001724,0.000307,60.66,50.46,0.002249,1.114105,1.138245,1.126268,1.105832,1.130165,1.145785,1.122085,1,1.0,1.137705,1.138245,1.114545,1.114545,LONDON,483237,LOW,1.137705,1.138245,1.114545,1.114545,LONDON,483237,LOW,MORNING_STAR,BULLISH,BULLISH,STRONG,AT_RESISTANCE,LOW_WICK,NEUTRAL,CLEAN,NONE,TESTING_RESISTANCE,52,23,6.666666666666667,50,NEUTRAL,False,70,['MORNING_STAR'],1,20,BULLISH,BULLISH,60,False,NONE,0,False,False,False,60,False,0,100,UP,UP,NONE,0,True,75,80,20,40,True,True,CONTINUATION,70,False,0.0,NONE,False,NONE,False,False,0,False,60,69.79797979797937,56.396568160151816,60.0,62,GOOD,True,75,84,0.004068899476149258,5,80.0,True,RANDOM,70,49.8115978668349,31.92551498622116,True,VOLATILITY_REGIME_CHANGE,True,True,True,0,False,70,NONE,100,CHOPPY,EXTREME,NONE,100,1.9735,CHOPPY,20,50,30,NORMAL,NONE,74,45,84,EXTREME,88,40,60,9.98,True,40,3.545951536643026,0.0,RANGING,90,False,NONE,1.107055,1.138245,1.130028,FAR,30,50,85,50,NONE,NONE,NONE,False,[],0,0,ACCUMULATION,ACCUMULATION,50,65,True,27,"Smart money accumulation. Bullish bias, look for breakout.",1.0,0.5,True,False,True,True,0.3,0.3,True,False,False,22,True,[],0,NO,ACCUMULATION,"Smart money accumulation. Bullish bias, look for breakout.",EXTREME,LOW,0.26,[],True,Passed basic checks,0,50,50,MEDIUM,5,WAIT,รอการวิเคราะห์จาก AI
2026-06-27 15:19:00,1.114545,1.138245,1.114545,1.137705,1.0,EURUSD-OTC,BULLISH,1.122355,1.118689,1.115757,1.113567,1.114796,1.119099,BULLISH,1.126251,1.102252,0.023999,0.006768,90.17,89.13,0.003024,0.001545,0.001478,75.43,73.39,0.002955,100.0,9.98,0.001706,0.001533,23.86,65.27,8.02,78.12,1.9735,1,1.0,1.0,False,STABLE,0.001093,0.000695,0.000187,1.107055,1.138245,1.130028,1.145512,1.153728,1.121812,1.106328,37,10.55,1.122389,1.118966,1.117107,1.11545,96.02,91.23,0.001724,0.000307,60.66,50.46,0.002249,1.114105,1.138245,1.126268,1.105832,1.130165,1.145785,1.122085,1,1.0,1.137705,1.138245,1.114545,1.114545,LONDON,542641,LOW,1.137705,1.138245,1.114545,1.114545,LONDON,542641,LOW,MORNING_STAR,BULLISH,BULLISH,STRONG,AT_RESISTANCE,LOW_WICK,NEUTRAL,CLEAN,NONE,TESTING_RESISTANCE,52,23,6.666666666666667,50,NEUTRAL,False,70,['MORNING_STAR'],1,20,BULLISH,BULLISH,60,False,NONE,0,False,False,False,60,False,0,100,UP,UP,NONE,0,True,75,80,20,40,True,True,CONTINUATION,70,False,0.0,NONE,False,NONE,False,False,0,False,60,69.79797979797937,56.396568160151816,60.0,62,GOOD,True,75,84,0.004068899476149258,5,80.0,True,RANDOM,70,49.8115978668349,31.92551498622116,True,VOLATILITY_REGIME_CHANGE,True,True,True,0,False,70,NONE,100,CHOPPY,EXTREME,NONE,100,1.9735,CHOPPY,20,50,30,NORMAL,NONE,74,45,84,EXTREME,88,40,60,9.98,True,40,3.545951536643026,0.0,RANGING,90,False,NONE,1.107055,1.138245,1.130028,FAR,30,50,85,50,NONE,NONE,NONE,False,[],0,0,ACCUMULATION,ACCUMULATION,50,65,True,27,"Smart money accumulation. Bullish bias, look for breakout.",1.0,0.5,True,False,True,True,0.3,0.3,True,False,False,22,True,[],0,NO,ACCUMULATION,"Smart money accumulation. Bullish bias, look for breakout.",EXTREME,LOW,0.26,[],True,Passed basic checks,0,50,50,MEDIUM,5,WAIT,รอการวิเคราะห์จาก AI
2026-06-27 15:20:00,1.137285,1.137605,1.137205,1.137545,1.0,EURUSD-OTC,BULLISH,1.127638,1.122237,1.117895,1.114534,1.115258,1.119277,BULLISH,1.131461,1.100091,0.031369,0.007038,90.21,89.41,0.004423,0.002121,0.002302,86.12,77.28,0.003009,100.0,8.34,0.001827,0.001574,27.77,64.17,7.68,78.62,2.0249,1,1.0,1.0,False,STABLE,0.002066,0.000934,0.000254,1.107055,1.138905,1.138105,1.139005,1.139805,1.137305,1.136405,38,10.58,1.13526,1.130481,1.124985,1.119375,93.23,89.23,0.005818,0.003424,95.31,94.78,0.002267,1.114105,1.138245,1.142579,1.100487,1.137452,1.137698,1.137298,1,1.0,1.137545,1.137605,1.137205,1.137285,LONDON,303037,LOW,1.137545,1.137605,1.137205,1.137285,LONDON,303037,LOW,NONE,BULLISH,BULLISH,STRONG,AT_PIVOT,LOW_WICK,BULLISH,CLEAN,NONE,TESTING_PIVOT,52,23,13.333333333333334,50,NEUTRAL,False,70,[],0,0,NEUTRAL,BULLISH,40,False,NONE,0,False,False,False,60,False,0,100,UP,UP,NONE,0,True,75,80,20,40,True,True,CONTINUATION,70,False,0.0,NONE,False,NONE,False,False,0,False,60,79.05107596577629,58.08951753536049,65.0,67,GOOD,True,75,85,0.016087496978105836,5,89.99999999999999,True,RANDOM,70,52.241069463792655,28.74894121101632,True,VOLATILITY_REGIME_CHANGE,True,True,True,0,False,70,NONE,100,CHOPPY,EXTREME,NONE,100,2.0249,CHOPPY,20,50,30,NORMAL,NONE,79,45,89,EXTREME,88,40,60,8.34,True,40,4.457090082409776,0.0,RANGING,90,False,NONE,1.107055,1.138905,1.138105,FAR,30,50,85,50,NONE,NONE,NONE,False,[],0,0,ACCUMULATION,ACCUMULATION,50,65,True,28,"Smart money accumulation. Bullish bias, look for breakout.",1.0,0.5,True,False,True,True,0.3,0.3,True,False,False,22,True,[],0,NO,ACCUMULATION,"Smart money accumulation. Bullish bias, look for breakout.",EXTREME,LOW,0.265,[],True,Passed basic checks,0,50,50,MEDIUM,5,WAIT,รอการวิเคราะห์จาก AI
2026-06-27 15:22:00,1.137285,1.137605,1.137205,1.137545,1.0,EURUSD-OTC,BULLISH,1.127638,1.122237,1.117895,1.114534,1.115258,1.119277,BULLISH,1.131461,1.100091,0.031369,0.007038,90.21,89.41,0.004423,0.002121,0.002302,86.12,77.28,0.003009,100.0,8.34,0.001827,0.001574,27.77,64.17,7.68,78.62,2.0249,1,1.0,1.0,False,STABLE,0.002066,0.000934,0.000254,1.107055,1.138905,1.138105,1.139005,1.139805,1.137305,1.136405,38,10.58,1.13526,1.130481,1.124985,1.119375,93.23,89.23,0.005818,0.003424,95.31,94.78,0.002267,1.114105,1.138245,1.142579,1.100487,1.137452,1.137698,1.137298,1,1.0,1.137545,1.137605,1.137205,1.137285,LONDON,422803,LOW,1.137545,1.137605,1.137205,1.137285,LONDON,422803,LOW,NONE,BULLISH,BULLISH,STRONG,AT_PIVOT,LOW_WICK,BULLISH,CLEAN,NONE,TESTING_PIVOT,52,23,13.333333333333334,50,NEUTRAL,False,70,[],0,0,NEUTRAL,BULLISH,40,False,NONE,0,False,False,False,60,False,0,100,UP,UP,NONE,0,True,75,80,20,40,True,True,CONTINUATION,70,False,0.0,NONE,False,NONE,False,False,0,False,60,79.05107596577629,58.08951753536049,65.0,67,GOOD,True,75,85,0.016087496978105836,5,89.99999999999999,True,RANDOM,70,52.241069463792655,28.74894121101632,True,VOLATILITY_REGIME_CHANGE,True,True,True,0,False,70,NONE,100,CHOPPY,EXTREME,NONE,100,2.0249,CHOPPY,20,50,30,NORMAL,NONE,79,45,89,EXTREME,88,40,60,8.34,True,40,4.457090082409776,0.0,RANGING,90,False,NONE,1.107055,1.138905,1.138105,FAR,30,50,85,50,NONE,NONE,NONE,False,[],0,0,ACCUMULATION,ACCUMULATION,50,65,True,28,"Smart money accumulation. Bullish bias, look for breakout.",1.0,0.5,True,False,True,True,0.3,0.3,True,False,False,22,True,[],0,NO,ACCUMULATION,"Smart money accumulation. Bullish bias, look for breakout.",EXTREME,LOW,0.265,[],True,Passed basic checks,0,50,50,MEDIUM,5,WAIT,รอการวิเคราะห์จาก AI
2026-06-27 15:23:00,1.137285,1.137605,1.137205,1.137545,1.0,EURUSD-OTC,BULLISH,1.127638,1.122237,1.117895,1.114534,1.115258,1.119277,BULLISH,1.131461,1.100091,0.031369,0.007038,90.21,89.41,0.004423,0.002121,0.002302,86.12,77.28,0.003009,100.0,8.34,0.001827,0.001574,27.77,64.17,7.68,78.62,2.0249,1,1.0,1.0,False,STABLE,0.002066,0.000934,0.000254,1.107055,1.138905,1.138105,1.139005,1.139805,1.137305,1.136405,38,10.58,1.13526,1.130481,1.124985,1.119375,93.23,89.23,0.005818,0.003424,95.31,94.78,0.002267,1.114105,1.138245,1.142579,1.100487,1.137452,1.137698,1.137298,1,1.0,1.137545,1.137605,1.137205,1.137285,LONDON,483183,LOW,1.137545,1.137605,1.137205,1.137285,LONDON,483183,LOW,NONE,BULLISH,BULLISH,STRONG,AT_PIVOT,LOW_WICK,BULLISH,CLEAN,NONE,TESTING_PIVOT,52,23,13.333333333333334,50,NEUTRAL,False,70,[],0,0,NEUTRAL,BULLISH,40,False,NONE,0,False,False,False,60,False,0,100,UP,UP,NONE,0,True,75,80,20,40,True,True,CONTINUATION,70,False,0.0,NONE,False,NONE,False,False,0,False,60,79.05107596577629,58.08951753536049,65.0,67,GOOD,True,75,85,0.016087496978105836,5,89.99999999999999,True,RANDOM,70,52.241069463792655,28.74894121101632,True,VOLATILITY_REGIME_CHANGE,True,True,True,0,False,70,NONE,100,CHOPPY,EXTREME,NONE,100,2.0249,CHOPPY,20,50,30,NORMAL,NONE,79,45,89,EXTREME,88,40,60,8.34,True,40,4.457090082409776,0.0,RANGING,90,False,NONE,1.107055,1.138905,1.138105,FAR,30,50,85,50,NONE,NONE,NONE,False,[],0,0,ACCUMULATION,ACCUMULATION,50,65,True,28,"Smart money accumulation. Bullish bias, look for breakout.",1.0,0.5,True,False,True,True,0.3,0.3,True,False,False,22,True,[],0,NO,ACCUMULATION,"Smart money accumulation. Bullish bias, look for breakout.",EXTREME,LOW,0.265,[],True,Passed basic checks,0,50,50,MEDIUM,5,WAIT,รอการวิเคราะห์จาก AI
2026-06-27 15:24:00,1.137285,1.137605,1.137205,1.137545,1.0,EURUSD-OTC,BULLISH,1.127638,1.122237,1.117895,1.114534,1.115258,1.119277,BULLISH,1.131461,1.100091,0.031369,0.007038,90.21,89.41,0.004423,0.002121,0.002302,86.12,77.28,0.003009,100.0,8.34,0.001827,0.001574,27.77,64.17,7.68,78.62,2.0249,1,1.0,1.0,False,STABLE,0.002066,0.000934,0.000254,1.107055,1.138905,1.138105,1.139005,1.139805,1.137305,1.136405,38,10.58,1.13526,1.130481,1.124985,1.119375,93.23,89.23,0.005818,0.003424,95.31,94.78,0.002267,1.114105,1.138245,1.142579,1.100487,1.137452,1.137698,1.137298,1,1.0,1.137545,1.137605,1.137205,1.137285,LONDON,542505,LOW,1.137545,1.137605,1.137205,1.137285,LONDON,542505,LOW,NONE,BULLISH,BULLISH,STRONG,AT_PIVOT,LOW_WICK,BULLISH,CLEAN,NONE,TESTING_PIVOT,52,23,13.333333333333334,50,NEUTRAL,False,70,[],0,0,NEUTRAL,BULLISH,40,False,NONE,0,False,False,False,60,False,0,100,UP,UP,NONE,0,True,75,80,20,40,True,True,CONTINUATION,70,False,0.0,NONE,False,NONE,False,False,0,False,60,79.05107596577629,58.08951753536049,65.0,67,GOOD,True,75,85,0.016087496978105836,5,89.99999999999999,True,RANDOM,70,52.241069463792655,28.74894121101632,True,VOLATILITY_REGIME_CHANGE,True,True,True,0,False,70,NONE,100,CHOPPY,EXTREME,NONE,100,2.0249,CHOPPY,20,50,30,NORMAL,NONE,79,45,89,EXTREME,88,40,60,8.34,True,40,4.457090082409776,0.0,RANGING,90,False,NONE,1.107055,1.138905,1.138105,FAR,30,50,85,50,NONE,NONE,NONE,False,[],0,0,ACCUMULATION,ACCUMULATION,50,65,True,28,"Smart money accumulation. Bullish bias, look for breakout.",1.0,0.5,True,False,True,True,0.3,0.3,True,False,False,22,True,[],0,NO,ACCUMULATION,"Smart money accumulation. Bullish bias, look for breakout.",EXTREME,LOW,0.265,[],True,Passed basic checks,0,50,50,MEDIUM,5,WAIT,รอการวิเคราะห์จาก AI
2026-06-27 15:25:00,1.138195,1.138245,1.137735,1.138145,1.0,EURUSD-OTC,BULLISH,1.130791,1.124938,1.119723,1.115418,1.115668,1.119294,BULLISH,1.135134,1.099305,0.035828,0.007353,88.0,87.94,0.005379,0.002773,0.002607,95.82,85.79,0.002952,98.99,6.99,0.001954,0.0016,31.31,62.12,7.92,77.38,1.9163,1,1.0,1.0,False,STABLE,0.002722,0.00112,0.000312,1.108165,1.138905,1.137458,1.137902,1.138708,1.136652,1.136208,20,10.41,1.137782,1.135351,1.130177,1.122783,78.16,91.01,0.006225,0.005336,96.71,97.53,0.002287,1.114105,1.138905,1.150739,1.103914,1.138042,1.138348,1.137838,1,1.0,1.138145,1.138245,1.137735,1.138195,LONDON,302857,LOW,1.138145,1.138245,1.137735,1.138195,LONDON,302857,LOW,NONE,BEARISH,BEARISH,STRONG,AT_PIVOT,LOW_WICK,NEUTRAL,CLEAN,NONE,TESTING_PIVOT,52,23,13.333333333333334,50,NEUTRAL,False,70,[],0,0,NEUTRAL,BEARISH,40,False,NONE,0,False,False,False,60,False,0,100,UP,UP,NONE,0,True,75,80,20,40,True,True,CONTINUATION,70,False,0.0,NONE,False,NONE,False,False,0,False,60,73.7043655859076,52.40870240870199,60.0,62,GOOD,True,75,87,0.012408916824344361,5,100.0,True,RANDOM,70,53.103767649110104,24.646440845435148,True,VOLATILITY_REGIME_CHANGE,True,True,True,0,False,70,NONE,100,CHOPPY,EXTREME,NONE,100,1.9163,CHOPPY,20,50,30,NORMAL,NONE,79,45,89,EXTREME,88,40,60,6.99,True,40,4.872569019447844,0.0,RANGING,90,False,NONE,1.108165,1.137902,1.137458,FAR,30,50,85,50,NONE,NONE,NONE,False,[],0,0,ACCUMULATION,ACCUMULATION,50,65,True,29,"Smart money accumulation. Bullish bias, look for breakout.",1.0,0.5,True,False,True,True,0.3,0.3,True,False,False,22,True,[],0,NO,ACCUMULATION,"Smart money accumulation. Bullish bias, look for breakout.",EXTREME,LOW,0.259,[],True,Passed basic checks,0,50,50,MEDIUM,5,WAIT,รอการวิเคราะห์จาก AI
2026-06-27 15:26:00,1.138195,1.138245,1.137735,1.138145,1.0,EURUSD-OTC,BULLISH,1.130791,1.124938,1.119723,1.115418,1.115668,1.119294,BULLISH,1.135134,1.099305,0.035828,0.007353,88.0,87.94,0.005379,0.002773,0.002607,95.82,85.79,0.002952,98.99,6.99,0.001954,0.0016,31.31,62.12,7.92,77.38,1.9163,1,1.0,1.0,False,STABLE,0.002722,0.00112,0.000312,1.108165,1.138905,1.137458,1.137902,1.138708,1.136652,1.136208,20,10.41,1.137782,1.135351,1.130177,1.122783,78.16,91.01,0.006225,0.005336,96.71,97.53,0.002287,1.114105,1.138905,1.150739,1.103914,1.138042,1.138348,1.137838,1,1.0,1.138145,1.138245,1.137735,1.138195,LONDON,363201,LOW,1.138145,1.138245,1.137735,1.138195,LONDON,363201,LOW,NONE,BEARISH,BEARISH,STRONG,AT_PIVOT,LOW_WICK,NEUTRAL,CLEAN,NONE,TESTING_PIVOT,52,23,13.333333333333334,50,NEUTRAL,False,70,[],0,0,NEUTRAL,BEARISH,40,False,NONE,0,False,False,False,60,False,0,100,UP,UP,NONE,0,True,75,80,20,40,True,True,CONTINUATION,70,False,0.0,NONE,False,NONE,False,False,0,False,60,73.7043655859076,52.40870240870199,60.0,62,GOOD,True,75,87,0.012408916824344361,5,100.0,True,RANDOM,70,53.103767649110104,24.646440845435148,True,VOLATILITY_REGIME_CHANGE,True,True,True,0,False,70,NONE,100,CHOPPY,EXTREME,NONE,100,1.9163,CHOPPY,20,50,30,NORMAL,NONE,79,45,89,EXTREME,88,40,60,6.99,True,40,4.872569019447844,0.0,RANGING,90,False,NONE,1.108165,1.137902,1.137458,FAR,30,50,85,50,NONE,NONE,NONE,False,[],0,0,ACCUMULATION,ACCUMULATION,50,65,True,29,"Smart money accumulation. Bullish bias, look for breakout.",1.0,0.5,True,False,True,True,0.3,0.3,True,False,False,22,True,[],0,NO,ACCUMULATION,"Smart money accumulation. Bullish bias, look for breakout.",EXTREME,LOW,0.259,[],True,Passed basic checks,0,50,50,MEDIUM,5,WAIT,รอการวิเคราะห์จาก AI
2026-06-27 15:27:00,1.138195,1.138245,1.137735,1.138145,1.0,EURUSD-OTC,BULLISH,1.130791,1.124938,1.119723,1.115418,1.115668,1.119294,BULLISH,1.135134,1.099305,0.035828,0.007353,88.0,87.94,0.005379,0.002773,0.002607,95.82,85.79,0.002952,98.99,6.99,0.001954,0.0016,31.31,62.12,7.92,77.38,1.9163,1,1.0,1.0,False,STABLE,0.002722,0.00112,0.000312,1.108165,1.138905,1.137458,1.137902,1.138708,1.136652,1.136208,20,10.41,1.137782,1.135351,1.130177,1.122783,78.16,91.01,0.006225,0.005336,96.71,97.53,0.002287,1.114105,1.138905,1.150739,1.103914,1.138042,1.138348,1.137838,1,1.0,1.138145,1.138245,1.137735,1.138195,LONDON,422432,LOW,1.138145,1.138245,1.137735,1.138195,LONDON,422432,LOW,NONE,BEARISH,BEARISH,STRONG,AT_PIVOT,LOW_WICK,NEUTRAL,CLEAN,NONE,TESTING_PIVOT,52,23,13.333333333333334,50,NEUTRAL,False,70,[],0,0,NEUTRAL,BEARISH,40,False,NONE,0,False,False,False,60,False,0,100,UP,UP,NONE,0,True,75,80,20,40,True,True,CONTINUATION,70,False,0.0,NONE,False,NONE,False,False,0,False,60,73.7043655859076,52.40870240870199,60.0,62,GOOD,True,75,87,0.012408916824344361,5,100.0,True,RANDOM,70,53.103767649110104,24.646440845435148,True,VOLATILITY_REGIME_CHANGE,True,True,True,0,False,70,NONE,100,CHOPPY,EXTREME,NONE,100,1.9163,CHOPPY,20,50,30,NORMAL,NONE,79,45,89,EXTREME,88,40,60,6.99,True,40,4.872569019447844,0.0,RANGING,90,False,NONE,1.108165,1.137902,1.137458,FAR,30,50,85,50,NONE,NONE,NONE,False,[],0,0,ACCUMULATION,ACCUMULATION,50,65,True,29,"Smart money accumulation. Bullish bias, look for breakout.",1.0,0.5,True,False,True,True,0.3,0.3,True,False,False,22,True,[],0,NO,ACCUMULATION,"Smart money accumulation. Bullish bias, look for breakout.",EXTREME,LOW,0.259,[],True,Passed basic checks,0,50,50,MEDIUM,5,WAIT,รอการวิเคราะห์จาก AI
2026-06-27 16:49:00,1.125645,1.125855,1.125525,1.125845,1.0,EURUSD-OTC,BULLISH,1.126516,1.127374,1.126755,1.122016,1.119437,1.120282,BEARISH,1.141781,1.118943,0.022838,0.012326,34.96,16.78,0.001776,0.003088,-0.001312,5.93,3.44,0.001532,69.35,-0.12,0.002401,0.002868,24.72,31.43,28.24,5.35,-0.3212,1,1.0,1.0,False,STABLE,-0.000458,-0.000422,0.000555,1.114465,1.138905,1.126282,1.127038,1.127542,1.125778,1.125022,20,15.95,1.125749,1.125893,1.126445,1.127793,56.43,27.12,-0.000813,-0.000886,26.23,23.87,0.000609,1.125115,1.129085,1.128467,1.124478,1.125742,1.125958,1.125628,1,1.0,1.125845,1.125855,1.125525,1.125645,LONDON,543326,LOW,1.125845,1.125855,1.125525,1.125645,LONDON,543326,LOW,MORNING_STAR,BULLISH,BULLISH,WEAK,AT_PIVOT,LOW_WICK,BEARISH,NOISY,NONE,TESTING_PIVOT,55,13,-13.333333333333334,50,NEUTRAL,False,70,['MORNING_STAR'],1,20,BULLISH,BULLISH,60,False,NONE,0,False,False,False,60,False,0,100,NONE,DOWN,DOWN,0,True,75,82,18,80,True,True,CONTINUATION,70,False,0.0,NONE,False,NONE,False,False,0,False,60,29.374075899458198,22.742792109256627,65.0,39,FAIR,False,75,79,0.04123967308966393,5,50.0,True,RANDOM,70,62.35982048232352,0.29279568860030153,True,MOMENTUM_SHIFT,False,True,False,65,True,70,NONE,100,CHOPPY,HIGH,NONE,100,-0.3212,CHOPPY,20,50,30,NORMAL,NONE,70,45,80,HIGH,73,55,45,-0.12,False,80,1.8528314132727568,0.0,RANGING,90,False,NONE,1.114465,1.127038,1.126282,FAR,30,50,85,50,NONE,NONE,NONE,False,[],0,0,ACCUMULATION,ACCUMULATION,50,56,False,11,"Smart money accumulation. Bullish bias, look for breakout.",1.0,0.8,False,True,False,True,0.3,0.3,True,False,False,22,True,[],0,NO,ACCUMULATION,"Smart money accumulation. Bullish bias, look for breakout.",HIGH,LOW,0.136,[],False,Passed basic checks,0,50,50,MEDIUM,5,WAIT,รอการวิเคราะห์จาก AI
2026-06-27 16:50:00,1.126565,1.126615,1.126005,1.126285,1.0,EURUSD-OTC,BULLISH,1.125956,1.126912,1.126572,1.122127,1.119575,1.120556,BEARISH,1.139989,1.121764,0.018225,0.012462,27.03,15.5,0.001434,0.002757,-0.001323,5.85,4.77,0.001498,58.79,-0.2,0.002234,0.003044,23.0,29.31,28.94,0.63,-0.3552,1,1.0,1.0,False,STABLE,-0.000423,-0.000751,0.000544,1.114545,1.138905,1.125428,1.126022,1.127208,1.124242,1.123648,20,16.26,1.126213,1.126117,1.126358,1.127506,76.32,54.78,-0.000485,-0.000687,73.51,65.82,0.000573,1.125115,1.127405,1.127034,1.125099,1.126302,1.126598,1.125988,1,1.0,1.126285,1.126615,1.126005,1.126565,LONDON,302809,LOW,1.126285,1.126615,1.126005,1.126565,LONDON,302809,LOW,BEARISH_ENGULFING,BEARISH,BEARISH,WEAK,NONE,LOW_WICK,BEARISH,NORMAL,NONE,NONE,58,10,-13.333333333333334,50,NEUTRAL,False,70,['BEARISH_ENGULFING'],1,20,BEARISH,BEARISH,60,False,NONE,0,False,False,False,60,False,0,100,NONE,DOWN,DOWN,0,True,75,92,8,80,True,True,CONTINUATION,70,False,0.0,NONE,False,NONE,False,False,0,False,60,24.378109452736584,23.211624441132408,65.0,37,FAIR,False,75,78,0.03932090784458553,5,39.99999999999999,True,RANDOM,70,46.29797663560619,9.01842738903669,True,MOMENTUM_SHIFT,False,True,False,65,True,70,NONE,100,CHOPPY,HIGH,NONE,100,-0.3552,CHOPPY,20,50,30,NORMAL,NONE,70,45,80,HIGH,73,70,30,-0.2,False,80,1.4624458353394318,2.7234164660568148,RANGING,90,False,NONE,1.114545,1.126022,1.125428,FAR,30,50,85,50,NONE,NONE,NONE,False,[],0,0,ACCUMULATION,ACCUMULATION,50,65,True,28,"Smart money accumulation. Bullish bias, look for breakout.",1.0,0.5,False,True,False,True,0.3,0.3,True,False,False,18,True,[],0,NO,ACCUMULATION,"Smart money accumulation. Bullish bias, look for breakout.",HIGH,LOW,0.133,[],True,Passed basic checks,0,50,50,MEDIUM,5,WAIT,รอการวิเคราะห์จาก AI
2026-06-27 16:51:00,1.126565,1.126615,1.126005,1.126285,1.0,EURUSD-OTC,BULLISH,1.125956,1.126912,1.126572,1.122127,1.119575,1.120556,BEARISH,1.139989,1.121764,0.018225,0.012462,27.03,15.5,0.001434,0.002757,-0.001323,5.85,4.77,0.001498,58.79,-0.2,0.002234,0.003044,23.0,29.31,28.94,0.63,-0.3552,1,1.0,1.0,False,STABLE,-0.000423,-0.000751,0.000544,1.114545,1.138905,1.125428,1.126022,1.127208,1.124242,1.123648,20,16.26,1.126213,1.126117,1.126358,1.127506,76.32,54.78,-0.000485,-0.000687,73.51,65.82,0.000573,1.125115,1.127405,1.127034,1.125099,1.126302,1.126598,1.125988,1,1.0,1.126285,1.126615,1.126005,1.126565,LONDON,363084,LOW,1.126285,1.126615,1.126005,1.126565,LONDON,363084,LOW,BEARISH_ENGULFING,BEARISH,BEARISH,WEAK,NONE,LOW_WICK,BEARISH,NORMAL,NONE,NONE,58,10,-13.333333333333334,50,NEUTRAL,False,70,['BEARISH_ENGULFING'],1,20,BEARISH,BEARISH,60,False,NONE,0,False,False,False,60,False,0,100,NONE,DOWN,DOWN,0,True,75,92,8,80,True,True,CONTINUATION,70,False,0.0,NONE,False,NONE,False,False,0,False,60,24.378109452736584,23.211624441132408,65.0,37,FAIR,False,75,78,0.03932090784458553,5,39.99999999999999,True,RANDOM,70,46.29797663560619,9.01842738903669,True,MOMENTUM_SHIFT,False,True,False,65,True,70,NONE,100,CHOPPY,HIGH,NONE,100,-0.3552,CHOPPY,20,50,30,NORMAL,NONE,70,45,80,HIGH,73,70,30,-0.2,False,80,1.4624458353394318,2.7234164660568148,RANGING,90,False,NONE,1.114545,1.126022,1.125428,FAR,30,50,85,50,NONE,NONE,NONE,False,[],0,0,ACCUMULATION,ACCUMULATION,50,65,True,28,"Smart money accumulation. Bullish bias, look for breakout.",1.0,0.5,False,True,False,True,0.3,0.3,True,False,False,18,True,[],0,NO,ACCUMULATION,"Smart money accumulation. Bullish bias, look for breakout.",HIGH,LOW,0.133,[],True,Passed basic checks,0,50,50,MEDIUM,5,WAIT,รอการวิเคราะห์จาก AI
2026-06-27 16:52:00,1.126565,1.126615,1.126005,1.126285,1.0,EURUSD-OTC,BULLISH,1.125956,1.126912,1.126572,1.122127,1.119575,1.120556,BEARISH,1.139989,1.121764,0.018225,0.012462,27.03,15.5,0.001434,0.002757,-0.001323,5.85,4.77,0.001498,58.79,-0.2,0.002234,0.003044,23.0,29.31,28.94,0.63,-0.3552,1,1.0,1.0,False,STABLE,-0.000423,-0.000751,0.000544,1.114545,1.138905,1.125428,1.126022,1.127208,1.124242,1.123648,20,16.26,1.126213,1.126117,1.126358,1.127505,76.32,54.78,-0.000485,-0.000687,73.51,65.82,0.000573,1.125115,1.127405,1.127034,1.125099,1.126302,1.126598,1.125988,1,1.0,1.126285,1.126615,1.126005,1.126565,LONDON,423398,LOW,1.126285,1.126615,1.126005,1.126565,LONDON,423398,LOW,BEARISH_ENGULFING,BEARISH,BEARISH,WEAK,NONE,LOW_WICK,BEARISH,NORMAL,NONE,NONE,58,10,-13.333333333333334,50,NEUTRAL,False,70,['BEARISH_ENGULFING'],1,20,BEARISH,BEARISH,60,False,NONE,0,False,False,False,60,False,0,100,NONE,DOWN,DOWN,0,True,75,92,8,80,True,True,CONTINUATION,70,False,0.0,NONE,False,NONE,False,False,0,False,60,24.378109452736584,23.211624441132408,65.0,37,FAIR,False,75,78,0.03932090784458553,5,39.99999999999999,True,RANDOM,70,46.29797663560619,9.01842738903669,True,MOMENTUM_SHIFT,False,True,False,65,True,70,NONE,100,CHOPPY,HIGH,NONE,100,-0.3552,CHOPPY,20,50,30,NORMAL,NONE,70,45,80,HIGH,73,70,30,-0.2,False,80,1.4624458353394318,2.7234164660568148,RANGING,90,False,NONE,1.114545,1.126022,1.125428,FAR,30,50,85,50,NONE,NONE,NONE,False,[],0,0,ACCUMULATION,ACCUMULATION,50,65,True,28,"Smart money accumulation. Bullish bias, look for breakout.",1.0,0.5,False,True,False,True,0.3,0.3,True,False,False,18,True,[],0,NO,ACCUMULATION,"Smart money accumulation. Bullish bias, look for breakout.",HIGH,LOW,0.133,[],True,Passed basic checks,0,50,50,MEDIUM,5,WAIT,รอการวิเคราะห์จาก AI
2026-06-27 16:53:00,1.126565,1.126615,1.126005,1.126285,1.0,EURUSD-OTC,BULLISH,1.125956,1.126912,1.126572,1.122127,1.119575,1.120556,BEARISH,1.139989,1.121764,0.018225,0.012462,27.03,15.5,0.001434,0.002757,-0.001323,5.85,4.77,0.001498,58.79,-0.2,0.002234,0.003044,23.0,29.31,28.94,0.63,-0.3552,1,1.0,1.0,False,STABLE,-0.000423,-0.000751,0.000544,1.114545,1.138905,1.125428,1.126022,1.127208,1.124242,1.123648,20,16.26,1.126213,1.126117,1.126358,1.127505,76.32,54.78,-0.000485,-0.000687,73.51,65.82,0.000573,1.125115,1.127405,1.127034,1.125099,1.126302,1.126598,1.125988,1,1.0,1.126285,1.126615,1.126005,1.126565,LONDON,482701,LOW,1.126285,1.126615,1.126005,1.126565,LONDON,482701,LOW,BEARISH_ENGULFING,BEARISH,BEARISH,WEAK,NONE,LOW_WICK,BEARISH,NORMAL,NONE,NONE,58,10,-13.333333333333334,50,NEUTRAL,False,70,['BEARISH_ENGULFING'],1,20,BEARISH,BEARISH,60,False,NONE,0,False,False,False,60,False,0,100,NONE,DOWN,DOWN,0,True,75,92,8,80,True,True,CONTINUATION,70,False,0.0,NONE,False,NONE,False,False,0,False,60,24.378109452736584,23.211624441132408,65.0,37,FAIR,False,75,78,0.03932090784458553,5,39.99999999999999,True,RANDOM,70,46.29797663560619,9.01842738903669,True,MOMENTUM_SHIFT,False,True,False,65,True,70,NONE,100,CHOPPY,HIGH,NONE,100,-0.3552,CHOPPY,20,50,30,NORMAL,NONE,70,45,80,HIGH,73,70,30,-0.2,False,80,1.4624458353394318,2.7234164660568148,RANGING,90,False,NONE,1.114545,1.126022,1.125428,FAR,30,50,85,50,NONE,NONE,NONE,False,[],0,0,ACCUMULATION,ACCUMULATION,50,65,True,28,"Smart money accumulation. Bullish bias, look for breakout.",1.0,0.5,False,True,False,True,0.3,0.3,True,False,False,18,True,[],0,NO,ACCUMULATION,"Smart money accumulation. Bullish bias, look for breakout.",HIGH,LOW,0.133,[],True,Passed basic checks,0,50,50,MEDIUM,5,WAIT,รอการวิเคราะห์จาก AI
2026-06-27 16:58:00,1.124805,1.124835,1.124205,1.124335,1.0,EURUSD-OTC,BULLISH,1.125305,1.126384,1.126328,1.122201,1.119643,1.120447,BEARISH,1.139292,1.121132,0.01816,0.012598,18.18,16.6,0.001083,0.002422,-0.001339,4.99,5.59,0.00143,35.18,-0.33,0.002057,0.003069,21.78,27.95,31.52,6.0,-0.3661,1,1.0,1.0,False,STABLE,-0.000456,-0.000748,0.000534,1.123825,1.138905,1.124285,1.124745,1.125485,1.123545,1.123085,20,10.55,1.12505,1.125411,1.12585,1.12707,13.39,30.61,-0.000622,-0.000595,9.17,16.43,0.000566,1.124205,1.126785,1.126692,1.124688,1.124458,1.124712,1.124082,1,1.0,1.124335,1.124835,1.124205,1.124805,LONDON,482689,LOW,1.124335,1.124835,1.124205,1.124805,LONDON,482689,LOW,NONE,BEARISH,BEARISH,WEAK,AT_PIVOT,LOW_WICK,BEARISH,CLEAN,NONE,TESTING_PIVOT,59,10,-20.0,50,NEUTRAL,False,70,[],0,0,NEUTRAL,BEARISH,40,False,NONE,0,False,False,False,60,False,0,100,NONE,DOWN,DOWN,0,True,75,92,8,80,True,True,CONTINUATION,70,False,0.0,NONE,False,NONE,False,False,0,False,60,65.5002464268109,45.542014111609994,70.0,60,GOOD,False,75,76,0.04417164956895685,5,30.000000000000004,True,RANDOM,70,47.32605588717832,8.757895419987689,True,VOLATILITY_REGIME_CHANGE,True,True,False,30,False,70,NONE,100,CHOPPY,NORMAL,NONE,100,-0.3661,CHOPPY,20,50,30,NORMAL,NONE,70,45,80,NORMAL,58,70,30,-0.33,False,80,1.441498650579457,23.706134942054312,RANGING,90,False,NONE,1.123545,1.124745,1.124285,FAR,30,50,85,50,NONE,NONE,NONE,False,[],0,0,SIDEWAY_RANGE,SIDEWAY_RANGE,57,60,True,29,Price ranging between clear levels. Suitable for mean-reversion strategies.,1.0,0.5,False,True,False,True,0.3,0.3,True,False,False,18,True,[],0,NO,SIDEWAY_RANGE,Price ranging between clear levels. Suitable for mean-reversion strategies.,NORMAL,LOW,0.127,[],True,Passed basic checks,0,50,50,MEDIUM,5,WAIT,รอการวิเคราะห์จาก AI
2026-06-27 20:30:00,1.114805,1.114805,1.114005,1.114525,1.0,EURUSD-OTC,BEARISH,1.11461,1.115831,1.117585,1.119822,1.119729,1.119299,BEARISH,1.123076,1.112774,0.010302,0.013082,15.97,32.66,-0.002121,-0.001749,-0.000372,14.76,14.02,0.001809,91.96,0.56,0.00175,0.001391,33.21,13.47,39.54,49.17,-0.5807,1,1.0,1.0,False,STABLE,-0.000711,-0.000382,-0.000218,1.112725,1.122565,1.113458,1.114192,1.115538,1.112112,1.111378,20,5.44,1.114971,1.11507,1.115386,1.116625,32.68,49.45,-0.000534,-0.000663,55.01,67.03,0.000696,1.113585,1.116015,1.115931,1.113897,1.114445,1.114885,1.114085,1,1.0,1.114525,1.114805,1.114005,1.114805,LONDON,304203,LOW,1.114525,1.114805,1.114005,1.114805,LONDON,304203,LOW,EVENING_STAR,BEARISH,BEARISH,STRONG,NONE,LOW_WICK,BEARISH,NOISY,NONE,NONE,54,26,-40.0,50,NEUTRAL,False,70,['EVENING_STAR'],1,20,BEARISH,BEARISH,60,False,NONE,0,False,False,False,60,False,0,100,DOWN,DOWN,DOWN,0,True,75,70,30,80,False,True,CONTINUATION,70,True,85.0,BEARISH,True,BULLISH,False,True,50,False,70,42.73010226767341,21.66044240160811,75.0,46,FAIR,False,75,87,0.049784652808967794,5,100.0,True,RANDOM,70,54.24030648849011,6.362546785630088,True,MOMENTUM_SHIFT,False,True,True,35,False,70,NONE,100,CHOPPY,EXTREME,NONE,100,-0.5807,CHOPPY,20,50,30,NORMAL,NONE,70,30,80,EXTREME,88,40,60,0.56,False,40,0.7874942669316619,42.432,RANGING,90,False,NONE,1.112112,1.114192,1.113458,FAR,30,50,85,50,NONE,NONE,NONE,False,[],0,0,ACCUMULATION,ACCUMULATION,50,56,False,12,"Smart money accumulation. Bullish bias, look for breakout.",1.0,0.8,False,False,False,False,0.3,0.3,True,False,False,22,True,[],0,NO,ACCUMULATION,"Smart money accumulation. Bullish bias, look for breakout.",EXTREME,LOW,0.162,[],False,Passed basic checks,0,50,50,MEDIUM,5,WAIT,รอการวิเคราะห์จาก AI
2026-06-27 20:31:00,1.114805,1.114805,1.114005,1.114525,1.0,EURUSD-OTC,BEARISH,1.11461,1.115831,1.117585,1.119822,1.119729,1.119299,BEARISH,1.123076,1.112774,0.010302,0.013082,15.97,32.66,-0.002121,-0.001749,-0.000372,14.76,14.02,0.001809,91.96,0.56,0.00175,0.001391,33.21,13.47,39.54,49.17,-0.5807,1,1.0,1.0,False,STABLE,-0.000711,-0.000382,-0.000218,1.112725,1.122565,1.113458,1.114192,1.115538,1.112112,1.111378,20,5.44,1.114971,1.11507,1.115386,1.116625,32.68,49.45,-0.000534,-0.000663,55.01,67.03,0.000696,1.113585,1.116015,1.115931,1.113897,1.114445,1.114885,1.114085,1,1.0,1.114525,1.114805,1.114005,1.114805,LONDON,362713,LOW,1.114525,1.114805,1.114005,1.114805,LONDON,362713,LOW,EVENING_STAR,BEARISH,BEARISH,STRONG,NONE,LOW_WICK,BEARISH,NOISY,NONE,NONE,54,26,-40.0,50,NEUTRAL,False,70,['EVENING_STAR'],1,20,BEARISH,BEARISH,60,False,NONE,0,False,False,False,60,False,0,100,DOWN,DOWN,DOWN,0,True,75,70,30,80,False,True,CONTINUATION,70,True,85.0,BEARISH,True,BULLISH,False,True,50,False,70,42.73010226767341,21.66044240160811,75.0,46,FAIR,False,75,87,0.049784652808967794,5,100.0,True,RANDOM,70,54.24030648849011,6.362546785630088,True,MOMENTUM_SHIFT,False,True,True,35,False,70,NONE,100,CHOPPY,EXTREME,NONE,100,-0.5807,CHOPPY,20,50,30,NORMAL,NONE,70,30,80,EXTREME,88,40,60,0.56,False,40,0.7874942669316619,42.432,RANGING,90,False,NONE,1.112112,1.114192,1.113458,FAR,30,50,85,50,NONE,NONE,NONE,False,[],0,0,ACCUMULATION,ACCUMULATION,50,56,False,12,"Smart money accumulation. Bullish bias, look for breakout.",1.0,0.8,False,False,False,False,0.3,0.3,True,False,False,22,True,[],0,NO,ACCUMULATION,"Smart money accumulation. Bullish bias, look for breakout.",EXTREME,LOW,0.162,[],False,Passed basic checks,0,50,50,MEDIUM,5,WAIT,รอการวิเคราะห์จาก AI
2026-06-27 20:32:00,1.114805,1.114805,1.114005,1.114525,1.0,EURUSD-OTC,BEARISH,1.11461,1.115831,1.117585,1.119822,1.119729,1.119299,BEARISH,1.123076,1.112774,0.010302,0.013082,15.97,32.66,-0.002121,-0.001749,-0.000372,14.76,14.02,0.001809,91.96,0.56,0.00175,0.001391,33.21,13.47,39.54,49.17,-0.5807,1,1.0,1.0,False,STABLE,-0.000711,-0.000382,-0.000218,1.112725,1.122565,1.113458,1.114192,1.115538,1.112112,1.111378,20,5.44,1.114971,1.11507,1.115386,1.116625,32.68,49.45,-0.000534,-0.000663,55.01,67.03,0.000696,1.113585,1.116015,1.115931,1.113897,1.114445,1.114885,1.114085,1,1.0,1.114525,1.114805,1.114005,1.114805,LONDON,423037,LOW,1.114525,1.114805,1.114005,1.114805,LONDON,423037,LOW,EVENING_STAR,BEARISH,BEARISH,STRONG,NONE,LOW_WICK,BEARISH,NOISY,NONE,NONE,54,26,-40.0,50,NEUTRAL,False,70,['EVENING_STAR'],1,20,BEARISH,BEARISH,60,False,NONE,0,False,False,False,60,False,0,100,DOWN,DOWN,DOWN,0,True,75,70,30,80,False,True,CONTINUATION,70,True,85.0,BEARISH,True,BULLISH,False,True,50,False,70,42.73010226767341,21.66044240160811,75.0,46,FAIR,False,75,87,0.049784652808967794,5,100.0,True,RANDOM,70,54.24030648849011,6.362546785630088,True,MOMENTUM_SHIFT,False,True,True,35,False,70,NONE,100,CHOPPY,EXTREME,NONE,100,-0.5807,CHOPPY,20,50,30,NORMAL,NONE,70,30,80,EXTREME,88,40,60,0.56,False,40,0.7874942669316619,42.432,RANGING,90,False,NONE,1.112112,1.114192,1.113458,FAR,30,50,85,50,NONE,NONE,NONE,False,[],0,0,SIDEWAY_RANGE,SIDEWAY_RANGE,50,51,False,12,Price ranging between clear levels. Suitable for mean-reversion strategies.,1.0,0.8,False,False,False,False,0.3,0.3,True,False,False,22,True,[],0,NO,SIDEWAY_RANGE,Price ranging between clear levels. Suitable for mean-reversion strategies.,EXTREME,LOW,0.162,[],False,Passed basic checks,0,50,50,MEDIUM,5,WAIT,รอการวิเคราะห์จาก AI
2026-06-27 20:33:00,1.114805,1.114805,1.114005,1.114525,1.0,EURUSD-OTC,BEARISH,1.11461,1.115831,1.117585,1.119822,1.119729,1.119299,BEARISH,1.123076,1.112774,0.010302,0.013082,15.97,32.66,-0.002121,-0.001749,-0.000372,14.76,14.02,0.001809,91.96,0.56,0.00175,0.001391,33.21,13.47,39.54,49.17,-0.5807,1,1.0,1.0,False,STABLE,-0.000711,-0.000382,-0.000218,1.112725,1.122565,1.113458,1.114192,1.115538,1.112112,1.111378,20,5.44,1.114971,1.11507,1.115386,1.116625,32.68,49.45,-0.000534,-0.000663,55.01,67.03,0.000696,1.113585,1.116015,1.115931,1.113897,1.114445,1.114885,1.114085,1,1.0,1.114525,1.114805,1.114005,1.114805,LONDON,483375,LOW,1.114525,1.114805,1.114005,1.114805,LONDON,483375,LOW,EVENING_STAR,BEARISH,BEARISH,STRONG,NONE,LOW_WICK,BEARISH,NOISY,NONE,NONE,54,26,-40.0,50,NEUTRAL,False,70,['EVENING_STAR'],1,20,BEARISH,BEARISH,60,False,NONE,0,False,False,False,60,False,0,100,DOWN,DOWN,DOWN,0,True,75,70,30,80,False,True,CONTINUATION,70,True,85.0,BEARISH,True,BULLISH,False,True,50,False,70,42.73010226767341,21.66044240160811,75.0,46,FAIR,False,75,87,0.049784652808967794,5,100.0,True,RANDOM,70,54.24030648849011,6.362546785630088,True,MOMENTUM_SHIFT,False,True,True,35,False,70,NONE,100,CHOPPY,EXTREME,NONE,100,-0.5807,CHOPPY,20,50,30,NORMAL,NONE,70,30,80,EXTREME,88,40,60,0.56,False,40,0.7874942669316619,42.432,RANGING,90,False,NONE,1.112112,1.114192,1.113458,FAR,30,50,85,50,NONE,NONE,NONE,False,[],0,0,ACCUMULATION,ACCUMULATION,50,56,False,12,"Smart money accumulation. Bullish bias, look for breakout.",1.0,0.8,False,False,False,False,0.3,0.3,True,False,False,22,True,[],0,NO,ACCUMULATION,"Smart money accumulation. Bullish bias, look for breakout.",EXTREME,LOW,0.162,[],False,Passed basic checks,0,50,50,MEDIUM,5,WAIT,รอการวิเคราะห์จาก AI
2026-06-27 20:34:00,1.114805,1.114805,1.114005,1.114525,1.0,EURUSD-OTC,BEARISH,1.11461,1.115831,1.117585,1.119822,1.119729,1.119299,BEARISH,1.123076,1.112774,0.010302,0.013082,15.97,32.66,-0.002121,-0.001749,-0.000372,14.76,14.02,0.001809,91.96,0.56,0.00175,0.001391,33.21,13.47,39.54,49.17,-0.5807,1,1.0,1.0,False,STABLE,-0.000711,-0.000382,-0.000218,1.112725,1.122565,1.113458,1.114192,1.115538,1.112112,1.111378,20,5.44,1.114971,1.11507,1.115386,1.116625,32.68,49.45,-0.000534,-0.000663,55.01,67.03,0.000696,1.113585,1.116015,1.115931,1.113897,1.114445,1.114885,1.114085,1,1.0,1.114525,1.114805,1.114005,1.114805,LONDON,542771,LOW,1.114525,1.114805,1.114005,1.114805,LONDON,542771,LOW,EVENING_STAR,BEARISH,BEARISH,STRONG,NONE,LOW_WICK,BEARISH,NOISY,NONE,NONE,54,26,-40.0,50,NEUTRAL,False,70,['EVENING_STAR'],1,20,BEARISH,BEARISH,60,False,NONE,0,False,False,False,60,False,0,100,DOWN,DOWN,DOWN,0,True,75,70,30,80,False,True,CONTINUATION,70,True,85.0,BEARISH,True,BULLISH,False,True,50,False,70,42.73010226767341,21.66044240160811,75.0,46,FAIR,False,75,87,0.049784652808967794,5,100.0,True,RANDOM,70,54.24030648849011,6.362546785630088,True,MOMENTUM_SHIFT,False,True,True,35,False,70,NONE,100,CHOPPY,EXTREME,NONE,100,-0.5807,CHOPPY,20,50,30,NORMAL,NONE,70,30,80,EXTREME,88,40,60,0.56,False,40,0.7874942669316619,42.432,RANGING,90,False,NONE,1.112112,1.114192,1.113458,FAR,30,50,85,50,NONE,NONE,NONE,False,[],0,0,ACCUMULATION,ACCUMULATION,50,56,False,12,"Smart money accumulation. Bullish bias, look for breakout.",1.0,0.8,False,False,False,False,0.3,0.3,True,False,False,22,True,[],0,NO,ACCUMULATION,"Smart money accumulation. Bullish bias, look for breakout.",EXTREME,LOW,0.162,[],False,Passed basic checks,0,50,50,MEDIUM,5,WAIT,รอการวิเคราะห์จาก AI
2026-06-27 20:35:00,1.112875,1.112975,1.112445,1.112445,1.0,EURUSD-OTC,BEARISH,1.113395,1.114946,1.116955,1.119475,1.119556,1.119217,BEARISH,1.123329,1.111579,0.011751,0.013104,14.88,32.13,-0.002384,-0.001876,-0.000509,6.97,12.71,0.001774,89.95,0.48,0.001765,0.001415,34.87,12.23,44.05,56.54,-0.6972,1,1.0,1.0,False,STABLE,-0.000809,-0.000442,-0.000229,1.110785,1.122305,1.111575,1.112365,1.113765,1.110175,1.109385,20,6.49,1.113226,1.113841,1.114534,1.116019,0.0,30.65,-0.000872,-0.000713,1.22,8.49,0.000704,1.112445,1.116015,1.11635,1.112656,1.112622,1.112798,1.112268,1,1.0,1.112445,1.112975,1.112445,1.112875,LONDON,303208,LOW,1.112445,1.112975,1.112445,1.112875,LONDON,303208,LOW,NONE,BEARISH,BEARISH,STRONG,AT_PIVOT,LOW_WICK,BEARISH,NORMAL,NONE,TESTING_PIVOT,54,26,-46.666666666666664,50,NEUTRAL,False,70,[],0,0,NEUTRAL,BEARISH,40,False,NONE,0,False,False,False,60,False,0,100,DOWN,DOWN,DOWN,0,True,75,91,9,60,True,True,CONTINUATION,70,True,85.0,BEARISH,True,BULLISH,False,True,50,False,70,42.242152466366825,30.317002881844086,75.0,49,FAIR,False,75,87,0.08914272566983036,5,100.0,True,RANDOM,70,56.06382813953571,8.044111246156678,True,MOMENTUM_SHIFT,False,True,True,35,False,70,DOWN,100,IMPULSIVE,EXTREME,DOWN,100,-0.6972,IMPULSIVE,90,30,95,NORMAL,NONE,70,30,80,EXTREME,88,40,60,0.48,False,40,0.8967490842490843,34.36509157509157,RANGING,90,False,NONE,1.110175,1.112365,1.111575,FAR,30,50,85,50,NONE,NONE,NONE,False,[],0,0,SIDEWAY_RANGE,SIDEWAY_RANGE,50,60,True,31,Price ranging between clear levels. Suitable for mean-reversion strategies.,1.0,0.5,False,False,False,False,0.3,0.3,True,False,False,22,True,[],0,NO,SIDEWAY_RANGE,Price ranging between clear levels. Suitable for mean-reversion strategies.,EXTREME,LOW,0.159,[],True,Passed basic checks,0,50,50,MEDIUM,5,WAIT,รอการวิเคราะห์จาก AI
2026-06-27 20:36:00,1.112875,1.112975,1.112445,1.112445,1.0,EURUSD-OTC,BEARISH,1.113395,1.114946,1.116955,1.119475,1.119556,1.119217,BEARISH,1.123329,1.111579,0.011751,0.013104,14.88,32.13,-0.002384,-0.001876,-0.000509,6.97,12.71,0.001774,89.95,0.48,0.001765,0.001415,34.87,12.23,44.05,56.54,-0.6972,1,1.0,1.0,False,STABLE,-0.000809,-0.000442,-0.000229,1.110785,1.122305,1.111575,1.112365,1.113765,1.110175,1.109385,20,6.49,1.113226,1.113841,1.114534,1.116019,0.0,30.65,-0.000872,-0.000713,1.22,8.49,0.000704,1.112445,1.116015,1.11635,1.112656,1.112622,1.112798,1.112268,1,1.0,1.112445,1.112975,1.112445,1.112875,LONDON,362609,LOW,1.112445,1.112975,1.112445,1.112875,LONDON,362609,LOW,NONE,BEARISH,BEARISH,STRONG,AT_PIVOT,LOW_WICK,BEARISH,NORMAL,NONE,TESTING_PIVOT,54,26,-46.666666666666664,50,NEUTRAL,False,70,[],0,0,NEUTRAL,BEARISH,40,False,NONE,0,False,False,False,60,False,0,100,DOWN,DOWN,DOWN,0,True,75,91,9,60,True,True,CONTINUATION,70,True,85.0,BEARISH,True,BULLISH,False,True,50,False,70,42.242152466366825,30.317002881844086,75.0,49,FAIR,False,75,87,0.08914272566983036,5,100.0,True,RANDOM,70,56.06382813953571,8.044111246156678,True,MOMENTUM_SHIFT,False,True,True,35,False,70,DOWN,100,IMPULSIVE,EXTREME,DOWN,100,-0.6972,IMPULSIVE,90,30,95,NORMAL,NONE,70,30,80,EXTREME,88,40,60,0.48,False,40,0.8967490842490843,34.36509157509157,RANGING,90,False,NONE,1.110175,1.112365,1.111575,FAR,30,50,85,50,NONE,NONE,NONE,False,[],0,0,TRENDING_STRONG,TRENDING_STRONG,50,75,True,31,Strong directional trend with high momentum. Favorable for trend-following strategies.,1.0,0.5,False,False,False,False,0.3,0.3,True,False,False,22,True,[],0,NO,TRENDING_STRONG,Strong directional trend with high momentum. Favorable for trend-following strategies.,EXTREME,LOW,0.159,[],True,Passed basic checks,0,50,50,MEDIUM,5,WAIT,รอการวิเคราะห์จาก AI
2026-06-27 20:37:00,1.112875,1.112975,1.112445,1.112445,1.0,EURUSD-OTC,BEARISH,1.113395,1.114946,1.116955,1.119475,1.119556,1.119217,BEARISH,1.123329,1.111579,0.011751,0.013104,14.88,32.13,-0.002384,-0.001876,-0.000509,6.97,12.71,0.001774,89.95,0.48,0.001765,0.001415,34.87,12.23,44.05,56.54,-0.6972,1,1.0,1.0,False,STABLE,-0.000809,-0.000442,-0.000229,1.110785,1.122305,1.111575,1.112365,1.113765,1.110175,1.109385,20,6.49,1.113226,1.113841,1.114534,1.116019,0.0,30.65,-0.000872,-0.000713,1.22,8.49,0.000704,1.112445,1.116015,1.11635,1.112656,1.112622,1.112798,1.112268,1,1.0,1.112445,1.112975,1.112445,1.112875,LONDON,429010,LOW,1.112445,1.112975,1.112445,1.112875,LONDON,429010,LOW,NONE,BEARISH,BEARISH,STRONG,AT_PIVOT,LOW_WICK,BEARISH,NORMAL,NONE,TESTING_PIVOT,54,26,-46.666666666666664,50,NEUTRAL,False,70,[],0,0,NEUTRAL,BEARISH,40,False,NONE,0,False,False,False,60,False,0,100,DOWN,DOWN,DOWN,0,True,75,91,9,60,True,True,CONTINUATION,70,True,85.0,BEARISH,True,BULLISH,False,True,50,False,70,42.242152466366825,30.317002881844086,75.0,49,FAIR,False,75,87,0.08914272566983036,5,100.0,True,RANDOM,70,56.06382813953571,8.044111246156678,True,MOMENTUM_SHIFT,False,True,True,35,False,70,DOWN,100,IMPULSIVE,EXTREME,DOWN,100,-0.6972,IMPULSIVE,90,30,95,NORMAL,NONE,70,30,80,EXTREME,88,40,60,0.48,False,40,0.8967490842490843,34.36509157509157,RANGING,90,False,NONE,1.110175,1.112365,1.111575,FAR,30,50,85,50,NONE,NONE,NONE,False,[],0,0,SIDEWAY_RANGE,SIDEWAY_RANGE,50,60,True,31,Price ranging between clear levels. Suitable for mean-reversion strategies.,1.0,0.5,False,False,False,False,0.3,0.3,True,False,False,22,True,[],0,NO,SIDEWAY_RANGE,Price ranging between clear levels. Suitable for mean-reversion strategies.,EXTREME,LOW,0.159,[],True,Passed basic checks,0,50,50,MEDIUM,5,WAIT,รอการวิเคราะห์จาก AI
2026-06-27 20:38:00,1.112875,1.112975,1.112445,1.112445,1.0,EURUSD-OTC,BEARISH,1.113395,1.114946,1.116955,1.119475,1.119556,1.119217,BEARISH,1.123329,1.111579,0.011751,0.013104,14.88,32.13,-0.002384,-0.001876,-0.000509,6.97,12.71,0.001774,89.95,0.48,0.001765,0.001415,34.87,12.23,44.05,56.54,-0.6972,1,1.0,1.0,False,STABLE,-0.000809,-0.000442,-0.000229,1.110785,1.122305,1.111575,1.112365,1.113765,1.110175,1.109385,20,6.49,1.113226,1.113841,1.114534,1.116019,0.0,30.65,-0.000872,-0.000713,1.22,8.49,0.000704,1.112445,1.116015,1.11635,1.112656,1.112622,1.112798,1.112268,1,1.0,1.112445,1.112975,1.112445,1.112875,LONDON,483284,LOW,1.112445,1.112975,1.112445,1.112875,LONDON,483284,LOW,NONE,BEARISH,BEARISH,STRONG,AT_PIVOT,LOW_WICK,BEARISH,NORMAL,NONE,TESTING_PIVOT,54,26,-46.666666666666664,50,NEUTRAL,False,70,[],0,0,NEUTRAL,BEARISH,40,False,NONE,0,False,False,False,60,False,0,100,DOWN,DOWN,DOWN,0,True,75,91,9,60,True,True,CONTINUATION,70,True,85.0,BEARISH,True,BULLISH,False,True,50,False,70,42.242152466366825,30.317002881844086,75.0,49,FAIR,False,75,87,0.08914272566983036,5,100.0,True,RANDOM,70,56.06382813953571,8.044111246156678,True,MOMENTUM_SHIFT,False,True,True,35,False,70,DOWN,100,IMPULSIVE,EXTREME,DOWN,100,-0.6972,IMPULSIVE,90,30,95,NORMAL,NONE,70,30,80,EXTREME,88,40,60,0.48,False,40,0.8967490842490843,34.36509157509157,RANGING,90,False,NONE,1.110175,1.112365,1.111575,FAR,30,50,85,50,NONE,NONE,NONE,False,[],0,0,TRENDING_STRONG,TRENDING_STRONG,50,75,True,31,Strong directional trend with high momentum. Favorable for trend-following strategies.,1.0,0.5,False,False,False,False,0.3,0.3,True,False,False,22,True,[],0,NO,TRENDING_STRONG,Strong directional trend with high momentum. Favorable for trend-following strategies.,EXTREME,LOW,0.159,[],True,Passed basic checks,0,50,50,MEDIUM,5,WAIT,รอการวิเคราะห์จาก AI
2026-06-27 20:39:00,1.112875,1.112975,1.112445,1.112445,1.0,EURUSD-OTC,BEARISH,1.113395,1.114946,1.116955,1.119475,1.119556,1.119217,BEARISH,1.123329,1.111579,0.011751,0.013104,14.88,32.13,-0.002384,-0.001876,-0.000509,6.97,12.71,0.001774,89.95,0.48,0.001765,0.001415,34.87,12.23,44.05,56.54,-0.6972,1,1.0,1.0,False,STABLE,-0.000809,-0.000442,-0.000229,1.110785,1.122305,1.111575,1.112365,1.113765,1.110175,1.109385,20,6.49,1.113226,1.113841,1.114534,1.116019,0.0,30.65,-0.000872,-0.000713,1.22,8.49,0.000704,1.112445,1.116015,1.11635,1.112656,1.112622,1.112798,1.112268,1,1.0,1.112445,1.112975,1.112445,1.112875,LONDON,542843,LOW,1.112445,1.112975,1.112445,1.112875,LONDON,542843,LOW,NONE,BEARISH,BEARISH,STRONG,AT_PIVOT,LOW_WICK,BEARISH,NORMAL,NONE,TESTING_PIVOT,54,26,-46.666666666666664,50,NEUTRAL,False,70,[],0,0,NEUTRAL,BEARISH,40,False,NONE,0,False,False,False,60,False,0,100,DOWN,DOWN,DOWN,0,True,75,91,9,60,True,True,CONTINUATION,70,True,85.0,BEARISH,True,BULLISH,False,True,50,False,70,42.242152466366825,30.317002881844086,75.0,49,FAIR,False,75,87,0.08914272566983036,5,100.0,True,RANDOM,70,56.06382813953571,8.044111246156678,True,MOMENTUM_SHIFT,False,True,True,35,False,70,DOWN,100,IMPULSIVE,EXTREME,DOWN,100,-0.6972,IMPULSIVE,90,30,95,NORMAL,NONE,70,30,80,EXTREME,88,40,60,0.48,False,40,0.8967490842490843,34.36509157509157,RANGING,90,False,NONE,1.110175,1.112365,1.111575,FAR,30,50,85,50,NONE,NONE,NONE,False,[],0,0,TRENDING_STRONG,TRENDING_STRONG,50,75,True,31,Strong directional trend with high momentum. Favorable for trend-following strategies.,1.0,0.5,False,False,False,False,0.3,0.3,True,False,False,22,True,[],0,NO,TRENDING_STRONG,Strong directional trend with high momentum. Favorable for trend-following strategies.,EXTREME,LOW,0.159,[],True,Passed basic checks,0,50,50,MEDIUM,5,WAIT,รอการวิเคราะห์จาก AI
2026-06-27 20:40:00,1.110895,1.111115,1.110665,1.110905,1.0,EURUSD-OTC,BEARISH,1.113158,1.114535,1.116548,1.119208,1.11941,1.11908,BEARISH,1.122936,1.111092,0.011845,0.013127,31.63,33.33,-0.002427,-0.001986,-0.000441,8.36,10.03,0.001784,89.95,0.5,0.001776,0.001447,36.45,11.13,40.59,56.95,-0.5852,1,1.0,1.0,False,STABLE,-0.000751,-0.000447,-0.000236,1.110665,1.122305,1.112065,1.113465,1.114245,1.111285,1.109885,21,6.52,1.111457,1.112235,1.113289,1.115184,0.0,8.64,-0.001274,-0.00101,3.03,3.01,0.000671,1.110665,1.116015,1.117143,1.110424,1.110895,1.111125,1.110675,1,1.0,1.110905,1.111115,1.110665,1.110895,LONDON,303166,LOW,1.110905,1.111115,1.110665,1.110895,LONDON,303166,LOW,NONE,BULLISH,BULLISH,STRONG,AT_SUPPORT,LOW_WICK,BEARISH,NOISY,NONE,TESTING_SUPPORT,56,26,-46.666666666666664,50,NEUTRAL,False,70,[],0,0,NEUTRAL,BULLISH,40,False,NONE,0,False,False,False,60,False,0,100,DOWN,DOWN,DOWN,0,True,75,97,3,80,True,True,CONTINUATION,70,True,60.0,BEARISH,True,BULLISH,False,True,50,False,70,38.3944153577663,24.551066217732597,75.0,45,FAIR,False,75,87,0.018991231473721313,5,100.0,True,RANDOM,70,52.26587581374956,5.190029388626841,True,MOMENTUM_SHIFT,False,True,True,35,False,70,DOWN,100,IMPULSIVE,EXTREME,DOWN,100,-0.5852,IMPULSIVE,90,30,95,STRONG,NONE,70,30,80,EXTREME,88,40,60,0.5,False,40,0.902338691247048,33.806130875295196,RANGING,90,False,NONE,1.110665,1.113465,1.112065,FAR,30,50,85,50,NONE,NONE,NONE,False,[],0,0,ACCUMULATION,ACCUMULATION,50,56,False,12,"Smart money accumulation. Bullish bias, look for breakout.",1.0,0.8,False,False,False,False,0.3,0.3,True,False,False,22,True,[],0,NO,ACCUMULATION,"Smart money accumulation. Bullish bias, look for breakout.",EXTREME,LOW,0.161,[],False,Passed basic checks,0,50,50,MEDIUM,5,WAIT,รอการวิเคราะห์จาก AI
2026-06-27 20:41:00,1.110895,1.111115,1.110665,1.110905,1.0,EURUSD-OTC,BEARISH,1.113158,1.114535,1.116548,1.119208,1.11941,1.11908,BEARISH,1.122936,1.111092,0.011845,0.013127,31.63,33.33,-0.002427,-0.001986,-0.000441,8.36,10.03,0.001784,89.95,0.5,0.001776,0.001447,36.45,11.13,40.59,56.95,-0.5852,1,1.0,1.0,False,STABLE,-0.000751,-0.000447,-0.000236,1.110665,1.122305,1.112065,1.113465,1.114245,1.111285,1.109885,21,6.52,1.111457,1.112235,1.113289,1.115184,0.0,8.64,-0.001274,-0.00101,3.03,3.01,0.000671,1.110665,1.116015,1.117143,1.110424,1.110895,1.111125,1.110675,1,1.0,1.110905,1.111115,1.110665,1.110895,LONDON,362572,LOW,1.110905,1.111115,1.110665,1.110895,LONDON,362572,LOW,NONE,BULLISH,BULLISH,STRONG,AT_SUPPORT,LOW_WICK,BEARISH,NOISY,NONE,TESTING_SUPPORT,56,26,-46.666666666666664,50,NEUTRAL,False,70,[],0,0,NEUTRAL,BULLISH,40,False,NONE,0,False,False,False,60,False,0,100,DOWN,DOWN,DOWN,0,True,75,97,3,80,True,True,CONTINUATION,70,True,60.0,BEARISH,True,BULLISH,False,True,50,False,70,38.3944153577663,24.551066217732597,75.0,45,FAIR,False,75,87,0.018991231473721313,5,100.0,True,RANDOM,70,52.26587581374956,5.190029388626841,True,MOMENTUM_SHIFT,False,True,True,35,False,70,DOWN,100,IMPULSIVE,EXTREME,DOWN,100,-0.5852,IMPULSIVE,90,30,95,STRONG,NONE,70,30,80,EXTREME,88,40,60,0.5,False,40,0.902338691247048,33.806130875295196,RANGING,90,False,NONE,1.110665,1.113465,1.112065,FAR,30,50,85,50,NONE,NONE,NONE,False,[],0,0,ACCUMULATION,ACCUMULATION,50,56,False,12,"Smart money accumulation. Bullish bias, look for breakout.",1.0,0.8,False,False,False,False,0.3,0.3,True,False,False,22,True,[],0,NO,ACCUMULATION,"Smart money accumulation. Bullish bias, look for breakout.",EXTREME,LOW,0.161,[],False,Passed basic checks,0,50,50,MEDIUM,5,WAIT,รอการวิเคราะห์จาก AI
2026-06-27 20:42:00,1.110895,1.111115,1.110665,1.110905,1.0,EURUSD-OTC,BEARISH,1.113158,1.114535,1.116548,1.119208,1.11941,1.11908,BEARISH,1.122936,1.111092,0.011845,0.013127,31.63,33.33,-0.002427,-0.001986,-0.000441,8.36,10.03,0.001784,89.95,0.5,0.001776,0.001447,36.45,11.13,40.59,56.95,-0.5852,1,1.0,1.0,False,STABLE,-0.000751,-0.000447,-0.000236,1.110665,1.122305,1.112065,1.113465,1.114245,1.111285,1.109885,21,6.52,1.111457,1.112235,1.113289,1.115184,0.0,8.64,-0.001274,-0.00101,3.03,3.01,0.000671,1.110665,1.116015,1.117143,1.110424,1.110895,1.111125,1.110675,1,1.0,1.110905,1.111115,1.110665,1.110895,LONDON,422947,LOW,1.110905,1.111115,1.110665,1.110895,LONDON,422947,LOW,NONE,BULLISH,BULLISH,STRONG,AT_SUPPORT,LOW_WICK,BEARISH,NOISY,NONE,TESTING_SUPPORT,56,26,-46.666666666666664,50,NEUTRAL,False,70,[],0,0,NEUTRAL,BULLISH,40,False,NONE,0,False,False,False,60,False,0,100,DOWN,DOWN,DOWN,0,True,75,97,3,80,True,True,CONTINUATION,70,True,60.0,BEARISH,True,BULLISH,False,True,50,False,70,38.3944153577663,24.551066217732597,75.0,45,FAIR,False,75,87,0.018991231473721313,5,100.0,True,RANDOM,70,52.26587581374956,5.190029388626841,True,MOMENTUM_SHIFT,False,True,True,35,False,70,DOWN,100,IMPULSIVE,EXTREME,DOWN,100,-0.5852,IMPULSIVE,90,30,95,STRONG,NONE,70,30,80,EXTREME,88,40,60,0.5,False,40,0.902338691247048,33.806130875295196,RANGING,90,False,NONE,1.110665,1.113465,1.112065,FAR,30,50,85,50,NONE,NONE,NONE,False,[],0,0,ACCUMULATION,ACCUMULATION,50,56,False,12,"Smart money accumulation. Bullish bias, look for breakout.",1.0,0.8,False,False,False,False,0.3,0.3,True,False,False,22,True,[],0,NO,ACCUMULATION,"Smart money accumulation. Bullish bias, look for breakout.",EXTREME,LOW,0.161,[],False,Passed basic checks,0,50,50,MEDIUM,5,WAIT,รอการวิเคราะห์จาก AI
2026-06-27 20:43:00,1.110895,1.111115,1.110665,1.110905,1.0,EURUSD-OTC,BEARISH,1.113158,1.114535,1.116548,1.119208,1.11941,1.11908,BEARISH,1.122936,1.111092,0.011845,0.013127,31.63,33.33,-0.002427,-0.001986,-0.000441,8.36,10.03,0.001784,89.95,0.5,0.001776,0.001447,36.45,11.13,40.59,56.95,-0.5852,1,1.0,1.0,False,STABLE,-0.000751,-0.000447,-0.000236,1.110665,1.122305,1.112065,1.113465,1.114245,1.111285,1.109885,21,6.52,1.111457,1.112235,1.113289,1.115184,0.0,8.64,-0.001274,-0.00101,3.03,3.01,0.000671,1.110665,1.116015,1.117143,1.110424,1.110895,1.111125,1.110675,1,1.0,1.110905,1.111115,1.110665,1.110895,LONDON,483276,LOW,1.110905,1.111115,1.110665,1.110895,LONDON,483276,LOW,NONE,BULLISH,BULLISH,STRONG,AT_SUPPORT,LOW_WICK,BEARISH,NOISY,NONE,TESTING_SUPPORT,56,26,-46.666666666666664,50,NEUTRAL,False,70,[],0,0,NEUTRAL,BULLISH,40,False,NONE,0,False,False,False,60,False,0,100,DOWN,DOWN,DOWN,0,True,75,97,3,80,True,True,CONTINUATION,70,True,60.0,BEARISH,True,BULLISH,False,True,50,False,70,38.3944153577663,24.551066217732597,75.0,45,FAIR,False,75,87,0.018991231473721313,5,100.0,True,RANDOM,70,52.26587581374956,5.190029388626841,True,MOMENTUM_SHIFT,False,True,True,35,False,70,DOWN,100,IMPULSIVE,EXTREME,DOWN,100,-0.5852,IMPULSIVE,90,30,95,STRONG,NONE,70,30,80,EXTREME,88,40,60,0.5,False,40,0.902338691247048,33.806130875295196,RANGING,90,False,NONE,1.110665,1.113465,1.112065,FAR,30,50,85,50,NONE,NONE,NONE,False,[],0,0,SIDEWAY_RANGE,SIDEWAY_RANGE,50,51,False,12,Price ranging between clear levels. Suitable for mean-reversion strategies.,1.0,0.8,False,False,False,False,0.3,0.3,True,False,False,22,True,[],0,NO,SIDEWAY_RANGE,Price ranging between clear levels. Suitable for mean-reversion strategies.,EXTREME,LOW,0.161,[],False,Passed basic checks,0,50,50,MEDIUM,5,WAIT,รอการวิเคราะห์จาก AI
2026-06-27 20:44:00,1.110895,1.111115,1.110665,1.110905,1.0,EURUSD-OTC,BEARISH,1.113158,1.114535,1.116548,1.119208,1.11941,1.11908,BEARISH,1.122936,1.111092,0.011845,0.013127,31.63,33.33,-0.002427,-0.001986,-0.000441,8.36,10.03,0.001784,89.95,0.5,0.001776,0.001447,36.45,11.13,40.59,56.95,-0.5852,1,1.0,1.0,False,STABLE,-0.000751,-0.000447,-0.000236,1.110665,1.122305,1.112065,1.113465,1.114245,1.111285,1.109885,21,6.52,1.111457,1.112235,1.113289,1.115184,0.0,8.64,-0.001274,-0.00101,3.03,3.01,0.000671,1.110665,1.116015,1.117143,1.110424,1.110895,1.111125,1.110675,1,1.0,1.110905,1.111115,1.110665,1.110895,LONDON,542658,LOW,1.110905,1.111115,1.110665,1.110895,LONDON,542658,LOW,NONE,BULLISH,BULLISH,STRONG,AT_SUPPORT,LOW_WICK,BEARISH,NOISY,NONE,TESTING_SUPPORT,56,26,-46.666666666666664,50,NEUTRAL,False,70,[],0,0,NEUTRAL,BULLISH,40,False,NONE,0,False,False,False,60,False,0,100,DOWN,DOWN,DOWN,0,True,75,97,3,80,True,True,CONTINUATION,70,True,60.0,BEARISH,True,BULLISH,False,True,50,False,70,38.3944153577663,24.551066217732597,75.0,45,FAIR,False,75,87,0.018991231473721313,5,100.0,True,RANDOM,70,52.26587581374956,5.190029388626841,True,MOMENTUM_SHIFT,False,True,True,35,False,70,DOWN,100,IMPULSIVE,EXTREME,DOWN,100,-0.5852,IMPULSIVE,90,30,95,STRONG,NONE,70,30,80,EXTREME,88,40,60,0.5,False,40,0.902338691247048,33.806130875295196,RANGING,90,False,NONE,1.110665,1.113465,1.112065,FAR,30,50,85,50,NONE,NONE,NONE,False,[],0,0,ACCUMULATION,ACCUMULATION,50,56,False,12,"Smart money accumulation. Bullish bias, look for breakout.",1.0,0.8,False,False,False,False,0.3,0.3,True,False,False,22,True,[],0,NO,ACCUMULATION,"Smart money accumulation. Bullish bias, look for breakout.",EXTREME,LOW,0.161,[],False,Passed basic checks,0,50,50,MEDIUM,5,WAIT,รอการวิเคราะห์จาก AI
2026-06-27 20:45:00,1.112755,1.112835,1.112355,1.112405,1.0,EURUSD-OTC,BEARISH,1.112787,1.114082,1.116119,1.118927,1.119258,1.118968,BEARISH,1.12248,1.110609,0.011871,0.013156,36.14,32.68,-0.002483,-0.002085,-0.000398,12.72,9.35,0.001788,90.45,0.51,0.001789,0.00148,37.92,10.52,38.36,56.95,-0.5367,1,1.0,1.0,False,STABLE,-0.000622,-0.000448,-0.000246,1.110665,1.122305,1.112135,1.112745,1.113445,1.111435,1.110825,22,6.51,1.11213,1.112153,1.112793,1.114604,71.21,33.81,-0.000945,-0.001071,44.68,33.57,0.000651,1.110665,1.115945,1.116125,1.109793,1.112532,1.112708,1.112228,1,1.0,1.112405,1.112835,1.112355,1.112755,LONDON,304251,LOW,1.112405,1.112835,1.112355,1.112755,LONDON,304251,LOW,NONE,BEARISH,BEARISH,STRONG,AT_PIVOT,LOW_WICK,BEARISH,NOISY,NONE,TESTING_PIVOT,56,26,-46.666666666666664,50,NEUTRAL,False,70,[],0,0,NEUTRAL,BEARISH,40,False,NONE,0,False,False,False,60,False,0,100,DOWN,DOWN,DOWN,0,True,75,97,3,80,True,True,CONTINUATION,70,True,85.0,BEARISH,True,BULLISH,False,True,50,False,70,39.940450871969176,26.177864510732856,75.0,47,FAIR,False,75,87,0.015485237925372916,5,100.0,True,RANDOM,70,52.007305490950415,5.475751827776578,True,MOMENTUM_SHIFT,False,True,True,35,False,70,DOWN,100,IMPULSIVE,EXTREME,DOWN,100,-0.5367,IMPULSIVE,90,30,95,STRONG,NONE,70,30,80,EXTREME,88,40,60,0.51,False,40,0.9023259349346306,33.40740650653694,RANGING,90,False,NONE,1.110665,1.112745,1.112135,FAR,30,50,85,50,NONE,NONE,NONE,False,[],0,0,ACCUMULATION,ACCUMULATION,50,56,False,12,"Smart money accumulation. Bullish bias, look for breakout.",1.0,0.8,False,False,False,False,0.3,0.3,True,False,False,22,True,[],0,NO,ACCUMULATION,"Smart money accumulation. Bullish bias, look for breakout.",EXTREME,LOW,0.161,[],False,Passed basic checks,0,50,50,MEDIUM,5,WAIT,รอการวิเคราะห์จาก AI
2026-06-27 20:46:00,1.112755,1.112835,1.112355,1.112405,1.0,EURUSD-OTC,BEARISH,1.112787,1.114082,1.116119,1.118927,1.119258,1.118968,BEARISH,1.12248,1.110609,0.011871,0.013156,36.14,32.68,-0.002483,-0.002085,-0.000398,12.72,9.35,0.001788,90.45,0.51,0.001789,0.00148,37.92,10.52,38.36,56.95,-0.5367,1,1.0,1.0,False,STABLE,-0.000622,-0.000448,-0.000246,1.110665,1.122305,1.112135,1.112745,1.113445,1.111435,1.110825,22,6.51,1.11213,1.112153,1.112793,1.114603,71.21,33.81,-0.000945,-0.001071,44.68,33.57,0.000651,1.110665,1.115945,1.116125,1.109793,1.112532,1.112708,1.112228,1,1.0,1.112405,1.112835,1.112355,1.112755,LONDON,362629,LOW,1.112405,1.112835,1.112355,1.112755,LONDON,362629,LOW,NONE,BEARISH,BEARISH,STRONG,AT_PIVOT,LOW_WICK,BEARISH,NOISY,NONE,TESTING_PIVOT,56,26,-46.666666666666664,50,NEUTRAL,False,70,[],0,0,NEUTRAL,BEARISH,40,False,NONE,0,False,False,False,60,False,0,100,DOWN,DOWN,DOWN,0,True,75,97,3,80,True,True,CONTINUATION,70,True,85.0,BEARISH,True,BULLISH,False,True,50,False,70,39.940450871969176,26.177864510732856,75.0,47,FAIR,False,75,87,0.015485237925372916,5,100.0,True,RANDOM,70,52.007305490950415,5.475751827776578,True,MOMENTUM_SHIFT,False,True,True,35,False,70,DOWN,100,IMPULSIVE,EXTREME,DOWN,100,-0.5367,IMPULSIVE,90,30,95,STRONG,NONE,70,30,80,EXTREME,88,40,60,0.51,False,40,0.9023259349346306,33.40740650653694,RANGING,90,False,NONE,1.110665,1.112745,1.112135,FAR,30,50,85,50,NONE,NONE,NONE,False,[],0,0,ACCUMULATION,ACCUMULATION,50,56,False,12,"Smart money accumulation. Bullish bias, look for breakout.",1.0,0.8,False,False,False,False,0.3,0.3,True,False,False,22,True,[],0,NO,ACCUMULATION,"Smart money accumulation. Bullish bias, look for breakout.",EXTREME,LOW,0.161,[],False,Passed basic checks,0,50,50,MEDIUM,5,WAIT,รอการวิเคราะห์จาก AI
2026-06-27 20:47:00,1.112755,1.112835,1.112355,1.112405,1.0,EURUSD-OTC,BEARISH,1.112787,1.114082,1.116119,1.118927,1.119258,1.118968,BEARISH,1.12248,1.110609,0.011871,0.013156,36.14,32.68,-0.002483,-0.002085,-0.000398,12.72,9.35,0.001788,90.45,0.51,0.001789,0.00148,37.92,10.52,38.36,56.95,-0.5367,1,1.0,1.0,False,STABLE,-0.000622,-0.000448,-0.000246,1.110665,1.122305,1.112135,1.112745,1.113445,1.111435,1.110825,22,6.51,1.11213,1.112153,1.112793,1.114604,71.21,33.81,-0.000945,-0.001071,44.68,33.57,0.000651,1.110665,1.115945,1.116125,1.109793,1.112532,1.112708,1.112228,1,1.0,1.112405,1.112835,1.112355,1.112755,LONDON,422998,LOW,1.112405,1.112835,1.112355,1.112755,LONDON,422998,LOW,NONE,BEARISH,BEARISH,STRONG,AT_PIVOT,LOW_WICK,BEARISH,NOISY,NONE,TESTING_PIVOT,56,26,-46.666666666666664,50,NEUTRAL,False,70,[],0,0,NEUTRAL,BEARISH,40,False,NONE,0,False,False,False,60,False,0,100,DOWN,DOWN,DOWN,0,True,75,97,3,80,True,True,CONTINUATION,70,True,85.0,BEARISH,True,BULLISH,False,True,50,False,70,39.940450871969176,26.177864510732856,75.0,47,FAIR,False,75,87,0.015485237925372916,5,100.0,True,RANDOM,70,52.007305490950415,5.475751827776578,True,MOMENTUM_SHIFT,False,True,True,35,False,70,DOWN,100,IMPULSIVE,EXTREME,DOWN,100,-0.5367,IMPULSIVE,90,30,95,STRONG,NONE,70,30,80,EXTREME,88,40,60,0.51,False,40,0.9023259349346306,33.40740650653694,RANGING,90,False,NONE,1.110665,1.112745,1.112135,FAR,30,50,85,50,NONE,NONE,NONE,False,[],0,0,ACCUMULATION,ACCUMULATION,50,56,False,12,"Smart money accumulation. Bullish bias, look for breakout.",1.0,0.8,False,False,False,False,0.3,0.3,True,False,False,22,True,[],0,NO,ACCUMULATION,"Smart money accumulation. Bullish bias, look for breakout.",EXTREME,LOW,0.161,[],False,Passed basic checks,0,50,50,MEDIUM,5,WAIT,รอการวิเคราะห์จาก AI
2026-06-27 20:48:00,1.112755,1.112835,1.112355,1.112405,1.0,EURUSD-OTC,BEARISH,1.112787,1.114082,1.116119,1.118927,1.119258,1.118968,BEARISH,1.12248,1.110609,0.011871,0.013156,36.14,32.68,-0.002483,-0.002085,-0.000398,12.72,9.35,0.001788,90.45,0.51,0.001789,0.00148,37.92,10.52,38.36,56.95,-0.5367,1,1.0,1.0,False,STABLE,-0.000622,-0.000448,-0.000246,1.110665,1.122305,1.112135,1.112745,1.113445,1.111435,1.110825,22,6.51,1.11213,1.112153,1.112793,1.114604,71.21,33.81,-0.000945,-0.001071,44.68,33.57,0.000651,1.110665,1.115945,1.116125,1.109793,1.112532,1.112708,1.112228,1,1.0,1.112405,1.112835,1.112355,1.112755,LONDON,483366,LOW,1.112405,1.112835,1.112355,1.112755,LONDON,483366,LOW,NONE,BEARISH,BEARISH,STRONG,AT_PIVOT,LOW_WICK,BEARISH,NOISY,NONE,TESTING_PIVOT,56,26,-46.666666666666664,50,NEUTRAL,False,70,[],0,0,NEUTRAL,BEARISH,40,False,NONE,0,False,False,False,60,False,0,100,DOWN,DOWN,DOWN,0,True,75,97,3,80,True,True,CONTINUATION,70,True,85.0,BEARISH,True,BULLISH,False,True,50,False,70,39.940450871969176,26.177864510732856,75.0,47,FAIR,False,75,87,0.015485237925372916,5,100.0,True,RANDOM,70,52.007305490950415,5.475751827776578,True,MOMENTUM_SHIFT,False,True,True,35,False,70,DOWN,100,IMPULSIVE,EXTREME,DOWN,100,-0.5367,IMPULSIVE,90,30,95,STRONG,NONE,70,30,80,EXTREME,88,40,60,0.51,False,40,0.9023259349346306,33.40740650653694,RANGING,90,False,NONE,1.110665,1.112745,1.112135,FAR,30,50,85,50,NONE,NONE,NONE,False,[],0,0,ACCUMULATION,ACCUMULATION,50,56,False,12,"Smart money accumulation. Bullish bias, look for breakout.",1.0,0.8,False,False,False,False,0.3,0.3,True,False,False,22,True,[],0,NO,ACCUMULATION,"Smart money accumulation. Bullish bias, look for breakout.",EXTREME,LOW,0.161,[],False,Passed basic checks,0,50,50,MEDIUM,5,WAIT,รอการวิเคราะห์จาก AI
2026-06-27 20:49:00,1.112755,1.112835,1.112355,1.112405,1.0,EURUSD-OTC,BEARISH,1.112787,1.114082,1.116119,1.118927,1.119258,1.118968,BEARISH,1.12248,1.110609,0.011871,0.013156,36.14,32.68,-0.002483,-0.002085,-0.000398,12.72,9.35,0.001788,90.45,0.51,0.001789,0.00148,37.92,10.52,38.36,56.95,-0.5367,1,1.0,1.0,False,STABLE,-0.000622,-0.000448,-0.000246,1.110665,1.122305,1.112135,1.112745,1.113445,1.111435,1.110825,22,6.51,1.11213,1.112153,1.112793,1.114603,71.21,33.81,-0.000945,-0.001071,44.68,33.57,0.000651,1.110665,1.115945,1.116125,1.109793,1.112532,1.112708,1.112228,1,1.0,1.112405,1.112835,1.112355,1.112755,LONDON,542681,LOW,1.112405,1.112835,1.112355,1.112755,LONDON,542681,LOW,NONE,BEARISH,BEARISH,STRONG,AT_PIVOT,LOW_WICK,BEARISH,NOISY,NONE,TESTING_PIVOT,56,26,-46.666666666666664,50,NEUTRAL,False,70,[],0,0,NEUTRAL,BEARISH,40,False,NONE,0,False,False,False,60,False,0,100,DOWN,DOWN,DOWN,0,True,75,97,3,80,True,True,CONTINUATION,70,True,85.0,BEARISH,True,BULLISH,False,True,50,False,70,39.940450871969176,26.177864510732856,75.0,47,FAIR,False,75,87,0.015485237925372916,5,100.0,True,RANDOM,70,52.007305490950415,5.475751827776578,True,MOMENTUM_SHIFT,False,True,True,35,False,70,DOWN,100,IMPULSIVE,EXTREME,DOWN,100,-0.5367,IMPULSIVE,90,30,95,STRONG,NONE,70,30,80,EXTREME,88,40,60,0.51,False,40,0.9023259349346306,33.40740650653694,RANGING,90,False,NONE,1.110665,1.112745,1.112135,FAR,30,50,85,50,NONE,NONE,NONE,False,[],0,0,ACCUMULATION,ACCUMULATION,50,56,False,12,"Smart money accumulation. Bullish bias, look for breakout.",1.0,0.8,False,False,False,False,0.3,0.3,True,False,False,22,True,[],0,NO,ACCUMULATION,"Smart money accumulation. Bullish bias, look for breakout.",EXTREME,LOW,0.161,[],False,Passed basic checks,0,50,50,MEDIUM,5,WAIT,รอการวิเคราะห์จาก AI
2026-06-27 20:50:00,1.111995,1.112395,1.111965,1.112265,1.0,EURUSD-OTC,BEARISH,1.112273,1.113567,1.115655,1.118626,1.119117,1.119015,BEARISH,1.121952,1.110118,0.011834,0.013191,34.44,32.36,-0.002563,-0.002181,-0.000382,14.13,11.74,0.001766,88.44,0.44,0.001791,0.001524,39.4,9.88,37.94,58.67,-0.464,1,1.0,1.0,False,STABLE,-0.000529,-0.000447,-0.000255,1.110665,1.121765,1.111608,1.112142,1.113038,1.110712,1.110178,20,6.29,1.112201,1.112201,1.112575,1.114176,52.94,50.11,-0.000653,-0.000841,65.48,65.0,0.000625,1.110665,1.114505,1.114054,1.110426,1.112208,1.112452,1.112022,1,1.0,1.112265,1.112395,1.111965,1.111995,LONDON,303086,LOW,1.112265,1.112395,1.111965,1.111995,LONDON,303086,LOW,EVENING_STAR,BEARISH,BEARISH,STRONG,AT_PIVOT,LOW_WICK,BEARISH,NORMAL,TRUE,TESTING_PIVOT,57,23,-46.666666666666664,50,NEUTRAL,False,70,['EVENING_STAR'],1,20,BEARISH,BEARISH,60,True,BEAR_TRAP,50,True,False,False,70,False,0,100,DOWN,DOWN,DOWN,0,True,75,97,3,80,True,True,CONTINUATION,70,True,85.0,BEARISH,True,BULLISH,False,True,50,False,70,41.91690662278856,26.206896551724068,75.0,47,FAIR,False,75,87,0.004888126669399992,5,100.0,True,RANDOM,70,51.70446302618705,6.011118330653755,True,STRUCTURE_BREAK,False,False,True,70,True,70,DOWN,100,IMPULSIVE,EXTREME,DOWN,100,-0.464,IMPULSIVE,90,30,95,STRONG,NONE,70,30,80,EXTREME,88,40,60,0.44,False,40,0.8971268288984915,35.53531711015085,RANGING,90,False,NONE,1.110665,1.112142,1.111608,FAR,30,50,85,50,NONE,NONE,NONE,False,[],0,0,TRENDING_STRONG,TRENDING_STRONG,50,75,True,32,Strong directional trend with high momentum. Favorable for trend-following strategies.,1.0,0.5,False,False,False,False,0.3,0.3,True,False,False,22,True,[],0,NO,TRENDING_STRONG,Strong directional trend with high momentum. Favorable for trend-following strategies.,EXTREME,LOW,0.159,[],True,Passed basic checks,0,50,50,MEDIUM,5,WAIT,รอการวิเคราะห์จาก AI
2026-06-27 20:51:00,1.111995,1.112395,1.111965,1.112265,1.0,EURUSD-OTC,BEARISH,1.112273,1.113567,1.115655,1.118626,1.119117,1.119015,BEARISH,1.121952,1.110118,0.011834,0.013191,34.44,32.36,-0.002563,-0.002181,-0.000382,14.13,11.74,0.001766,88.44,0.44,0.001791,0.001524,39.4,9.88,37.94,58.67,-0.464,1,1.0,1.0,False,STABLE,-0.000529,-0.000447,-0.000255,1.110665,1.121765,1.111608,1.112142,1.113038,1.110712,1.110178,20,6.29,1.112201,1.112201,1.112575,1.114176,52.94,50.11,-0.000653,-0.000841,65.48,65.0,0.000625,1.110665,1.114505,1.114054,1.110426,1.112208,1.112452,1.112022,1,1.0,1.112265,1.112395,1.111965,1.111995,LONDON,362466,LOW,1.112265,1.112395,1.111965,1.111995,LONDON,362466,LOW,EVENING_STAR,BEARISH,BEARISH,STRONG,AT_PIVOT,LOW_WICK,BEARISH,NORMAL,TRUE,TESTING_PIVOT,57,23,-46.666666666666664,50,NEUTRAL,False,70,['EVENING_STAR'],1,20,BEARISH,BEARISH,60,True,BEAR_TRAP,50,True,False,False,70,False,0,100,DOWN,DOWN,DOWN,0,True,75,97,3,80,True,True,CONTINUATION,70,True,85.0,BEARISH,True,BULLISH,False,True,50,False,70,41.91690662278856,26.206896551724068,75.0,47,FAIR,False,75,87,0.004888126669399992,5,100.0,True,RANDOM,70,51.70446302618705,6.011118330653755,True,STRUCTURE_BREAK,False,False,True,70,True,70,DOWN,100,IMPULSIVE,EXTREME,DOWN,100,-0.464,IMPULSIVE,90,30,95,STRONG,NONE,70,30,80,EXTREME,88,40,60,0.44,False,40,0.8971268288984915,35.53531711015085,RANGING,90,False,NONE,1.110665,1.112142,1.111608,FAR,30,50,85,50,NONE,NONE,NONE,False,[],0,0,TRENDING_STRONG,TRENDING_STRONG,50,75,True,32,Strong directional trend with high momentum. Favorable for trend-following strategies.,1.0,0.5,False,False,False,False,0.3,0.3,True,False,False,22,True,[],0,NO,TRENDING_STRONG,Strong directional trend with high momentum. Favorable for trend-following strategies.,EXTREME,LOW,0.159,[],True,Passed basic checks,0,50,50,MEDIUM,5,WAIT,รอการวิเคราะห์จาก AI
2026-06-27 20:52:00,1.111995,1.112395,1.111965,1.112265,1.0,EURUSD-OTC,BEARISH,1.112273,1.113567,1.115655,1.118626,1.119117,1.119015,BEARISH,1.121952,1.110118,0.011834,0.013191,34.44,32.36,-0.002563,-0.002181,-0.000382,14.13,11.74,0.001766,88.44,0.44,0.001791,0.001524,39.4,9.88,37.94,58.67,-0.464,1,1.0,1.0,False,STABLE,-0.000529,-0.000447,-0.000255,1.110665,1.121765,1.111608,1.112142,1.113038,1.110712,1.110178,20,6.29,1.112201,1.112201,1.112575,1.114176,52.94,50.11,-0.000653,-0.000841,65.48,65.0,0.000625,1.110665,1.114505,1.114054,1.110426,1.112208,1.112452,1.112022,1,1.0,1.112265,1.112395,1.111965,1.111995,LONDON,422895,LOW,1.112265,1.112395,1.111965,1.111995,LONDON,422895,LOW,EVENING_STAR,BEARISH,BEARISH,STRONG,AT_PIVOT,LOW_WICK,BEARISH,NORMAL,TRUE,TESTING_PIVOT,57,23,-46.666666666666664,50,NEUTRAL,False,70,['EVENING_STAR'],1,20,BEARISH,BEARISH,60,True,BEAR_TRAP,50,True,False,False,70,False,0,100,DOWN,DOWN,DOWN,0,True,75,97,3,80,True,True,CONTINUATION,70,True,85.0,BEARISH,True,BULLISH,False,True,50,False,70,41.91690662278856,26.206896551724068,75.0,47,FAIR,False,75,87,0.004888126669399992,5,100.0,True,RANDOM,70,51.70446302618705,6.011118330653755,True,STRUCTURE_BREAK,False,False,True,70,True,70,DOWN,100,IMPULSIVE,EXTREME,DOWN,100,-0.464,IMPULSIVE,90,30,95,STRONG,NONE,70,30,80,EXTREME,88,40,60,0.44,False,40,0.8971268288984915,35.53531711015085,RANGING,90,False,NONE,1.110665,1.112142,1.111608,FAR,30,50,85,50,NONE,NONE,NONE,False,[],0,0,TRENDING_STRONG,TRENDING_STRONG,50,75,True,32,Strong directional trend with high momentum. Favorable for trend-following strategies.,1.0,0.5,False,False,False,False,0.3,0.3,True,False,False,22,True,[],0,NO,TRENDING_STRONG,Strong directional trend with high momentum. Favorable for trend-following strategies.,EXTREME,LOW,0.159,[],True,Passed basic checks,0,50,50,MEDIUM,5,WAIT,รอการวิเคราะห์จาก AI
2026-06-27 20:53:00,1.111995,1.112395,1.111965,1.112265,1.0,EURUSD-OTC,BEARISH,1.112273,1.113567,1.115655,1.118626,1.119117,1.119015,BEARISH,1.121952,1.110118,0.011834,0.013191,34.44,32.36,-0.002563,-0.002181,-0.000382,14.13,11.74,0.001766,88.44,0.44,0.001791,0.001524,39.4,9.88,37.94,58.67,-0.464,1,1.0,1.0,False,STABLE,-0.000529,-0.000447,-0.000255,1.110665,1.121765,1.111608,1.112142,1.113038,1.110712,1.110178,20,6.29,1.112201,1.112201,1.112575,1.114176,52.94,50.11,-0.000653,-0.000841,65.48,65.0,0.000625,1.110665,1.114505,1.114054,1.110426,1.112208,1.112452,1.112022,1,1.0,1.112265,1.112395,1.111965,1.111995,LONDON,483301,LOW,1.112265,1.112395,1.111965,1.111995,LONDON,483301,LOW,EVENING_STAR,BEARISH,BEARISH,STRONG,AT_PIVOT,LOW_WICK,BEARISH,NORMAL,TRUE,TESTING_PIVOT,57,23,-46.666666666666664,50,NEUTRAL,False,70,['EVENING_STAR'],1,20,BEARISH,BEARISH,60,True,BEAR_TRAP,50,True,False,False,70,False,0,100,DOWN,DOWN,DOWN,0,True,75,97,3,80,True,True,CONTINUATION,70,True,85.0,BEARISH,True,BULLISH,False,True,50,False,70,41.91690662278856,26.206896551724068,75.0,47,FAIR,False,75,87,0.004888126669399992,5,100.0,True,RANDOM,70,51.70446302618705,6.011118330653755,True,STRUCTURE_BREAK,False,False,True,70,True,70,DOWN,100,IMPULSIVE,EXTREME,DOWN,100,-0.464,IMPULSIVE,90,30,95,STRONG,NONE,70,30,80,EXTREME,88,40,60,0.44,False,40,0.8971268288984915,35.53531711015085,RANGING,90,False,NONE,1.110665,1.112142,1.111608,FAR,30,50,85,50,NONE,NONE,NONE,False,[],0,0,TRENDING_STRONG,TRENDING_STRONG,50,75,True,32,Strong directional trend with high momentum. Favorable for trend-following strategies.,1.0,0.5,False,False,False,False,0.3,0.3,True,False,False,22,True,[],0,NO,TRENDING_STRONG,Strong directional trend with high momentum. Favorable for trend-following strategies.,EXTREME,LOW,0.159,[],True,Passed basic checks,0,50,50,MEDIUM,5,WAIT,รอการวิเคราะห์จาก AI
2026-06-27 20:54:00,1.111995,1.112395,1.111965,1.112265,1.0,EURUSD-OTC,BEARISH,1.112273,1.113567,1.115655,1.118626,1.119117,1.119015,BEARISH,1.121952,1.110118,0.011834,0.013191,34.44,32.36,-0.002563,-0.002181,-0.000382,14.13,11.74,0.001766,88.44,0.44,0.001791,0.001524,39.4,9.88,37.94,58.67,-0.464,1,1.0,1.0,False,STABLE,-0.000529,-0.000447,-0.000255,1.110665,1.121765,1.111608,1.112142,1.113038,1.110712,1.110178,20,6.29,1.112201,1.112201,1.112575,1.114176,52.94,50.11,-0.000653,-0.000841,65.48,65.0,0.000625,1.110665,1.114505,1.114054,1.110426,1.112208,1.112452,1.112022,1,1.0,1.112265,1.112395,1.111965,1.111995,LONDON,542734,LOW,1.112265,1.112395,1.111965,1.111995,LONDON,542734,LOW,EVENING_STAR,BEARISH,BEARISH,STRONG,AT_PIVOT,LOW_WICK,BEARISH,NORMAL,TRUE,TESTING_PIVOT,57,23,-46.666666666666664,50,NEUTRAL,False,70,['EVENING_STAR'],1,20,BEARISH,BEARISH,60,True,BEAR_TRAP,50,True,False,False,70,False,0,100,DOWN,DOWN,DOWN,0,True,75,97,3,80,True,True,CONTINUATION,70,True,85.0,BEARISH,True,BULLISH,False,True,50,False,70,41.91690662278856,26.206896551724068,75.0,47,FAIR,False,75,87,0.004888126669399992,5,100.0,True,RANDOM,70,51.70446302618705,6.011118330653755,True,STRUCTURE_BREAK,False,False,True,70,True,70,DOWN,100,IMPULSIVE,EXTREME,DOWN,100,-0.464,IMPULSIVE,90,30,95,STRONG,NONE,70,30,80,EXTREME,88,40,60,0.44,False,40,0.8971268288984915,35.53531711015085,RANGING,90,False,NONE,1.110665,1.112142,1.111608,FAR,30,50,85,50,NONE,NONE,NONE,False,[],0,0,TRENDING_STRONG,TRENDING_STRONG,50,75,True,32,Strong directional trend with high momentum. Favorable for trend-following strategies.,1.0,0.5,False,False,False,False,0.3,0.3,True,False,False,22,True,[],0,NO,TRENDING_STRONG,Strong directional trend with high momentum. Favorable for trend-following strategies.,EXTREME,LOW,0.159,[],True,Passed basic checks,0,50,50,MEDIUM,5,WAIT,รอการวิเคราะห์จาก AI
2026-06-27 20:55:00,1.111255,1.111535,1.110875,1.111395,1.0,EURUSD-OTC,BEARISH,1.112084,1.113228,1.115279,1.118355,1.118967,1.11892,BEARISH,1.121365,1.109801,0.011564,0.013228,26.23,26.04,-0.002559,-0.002256,-0.000303,10.74,12.53,0.001687,86.93,0.26,0.001788,0.001567,40.89,9.39,37.97,60.34,-0.2521,1,1.0,1.0,False,STABLE,-0.000437,-0.000434,-0.00026,1.110635,1.120965,1.111372,1.112108,1.112512,1.110968,1.110232,20,6.12,1.111552,1.111764,1.11217,1.113703,30.06,56.37,-0.000633,-0.000696,26.59,38.21,0.000626,1.110665,1.112845,1.112955,1.110657,1.111268,1.111662,1.111002,1,1.0,1.111395,1.111535,1.110875,1.111255,LONDON,303116,LOW,1.111395,1.111535,1.110875,1.111255,LONDON,303116,LOW,NONE,BULLISH,BULLISH,STRONG,AT_PIVOT,LOW_WICK,BEARISH,NOISY,TRUE,TESTING_PIVOT,55,23,-40.0,50,NEUTRAL,False,70,[],0,0,NEUTRAL,BULLISH,40,True,BEAR_TRAP,50,True,False,False,70,False,0,100,DOWN,DOWN,DOWN,0,True,75,97,3,80,True,True,CONTINUATION,70,True,60.0,BEARISH,True,BULLISH,False,True,50,False,70,37.54152823920316,18.93244370308571,70.0,42,FAIR,False,75,87,0.027302489668424926,5,100.0,True,RANDOM,70,48.95660282715222,7.586273593216347,True,STRUCTURE_BREAK,False,False,True,70,True,70,DOWN,100,IMPULSIVE,EXTREME,DOWN,100,-0.2521,IMPULSIVE,90,30,95,STRONG,NONE,80,40,90,EXTREME,88,40,60,0.26,False,40,0.874206229210765,39.0353770789235,RANGING,90,False,NONE,1.110635,1.112108,1.111372,FAR,30,50,85,50,NONE,NONE,NONE,False,[],0,0,ACCUMULATION,ACCUMULATION,50,56,False,13,"Smart money accumulation. Bullish bias, look for breakout.",1.0,0.8,False,False,False,False,0.3,0.3,True,False,False,22,True,[],0,NO,ACCUMULATION,"Smart money accumulation. Bullish bias, look for breakout.",EXTREME,LOW,0.152,[],False,Passed basic checks,0,50,50,MEDIUM,5,WAIT,รอการวิเคราะห์จาก AI
2026-06-27 20:56:00,1.111255,1.111535,1.110875,1.111395,1.0,EURUSD-OTC,BEARISH,1.112084,1.113228,1.115279,1.118355,1.118967,1.11892,BEARISH,1.121365,1.109801,0.011564,0.013228,26.23,26.04,-0.002559,-0.002256,-0.000303,10.74,12.53,0.001687,86.93,0.26,0.001788,0.001567,40.89,9.39,37.97,60.34,-0.2521,1,1.0,1.0,False,STABLE,-0.000437,-0.000434,-0.00026,1.110635,1.120965,1.111372,1.112108,1.112512,1.110968,1.110232,20,6.12,1.111552,1.111764,1.11217,1.113703,30.06,56.37,-0.000633,-0.000696,26.59,38.21,0.000626,1.110665,1.112845,1.112955,1.110657,1.111268,1.111662,1.111002,1,1.0,1.111395,1.111535,1.110875,1.111255,LONDON,362510,LOW,1.111395,1.111535,1.110875,1.111255,LONDON,362510,LOW,NONE,BULLISH,BULLISH,STRONG,AT_PIVOT,LOW_WICK,BEARISH,NOISY,TRUE,TESTING_PIVOT,55,23,-40.0,50,NEUTRAL,False,70,[],0,0,NEUTRAL,BULLISH,40,True,BEAR_TRAP,50,True,False,False,70,False,0,100,DOWN,DOWN,DOWN,0,True,75,97,3,80,True,True,CONTINUATION,70,True,60.0,BEARISH,True,BULLISH,False,True,50,False,70,37.54152823920316,18.93244370308571,70.0,42,FAIR,False,75,87,0.027302489668424926,5,100.0,True,RANDOM,70,48.95660282715222,7.586273593216347,True,STRUCTURE_BREAK,False,False,True,70,True,70,DOWN,100,IMPULSIVE,EXTREME,DOWN,100,-0.2521,IMPULSIVE,90,30,95,STRONG,NONE,80,40,90,EXTREME,88,40,60,0.26,False,40,0.874206229210765,39.0353770789235,RANGING,90,False,NONE,1.110635,1.112108,1.111372,FAR,30,50,85,50,NONE,NONE,NONE,False,[],0,0,ACCUMULATION,ACCUMULATION,50,56,False,13,"Smart money accumulation. Bullish bias, look for breakout.",1.0,0.8,False,False,False,False,0.3,0.3,True,False,False,22,True,[],0,NO,ACCUMULATION,"Smart money accumulation. Bullish bias, look for breakout.",EXTREME,LOW,0.152,[],False,Passed basic checks,0,50,50,MEDIUM,5,WAIT,รอการวิเคราะห์จาก AI
2026-06-27 20:57:00,1.111255,1.111535,1.110875,1.111395,1.0,EURUSD-OTC,BEARISH,1.112084,1.113228,1.115279,1.118355,1.118967,1.11892,BEARISH,1.121365,1.109801,0.011564,0.013228,26.23,26.04,-0.002559,-0.002256,-0.000303,10.74,12.53,0.001687,86.93,0.26,0.001788,0.001567,40.89,9.39,37.97,60.34,-0.2521,1,1.0,1.0,False,STABLE,-0.000437,-0.000434,-0.00026,1.110635,1.120965,1.111372,1.112108,1.112512,1.110968,1.110232,20,6.12,1.111552,1.111764,1.11217,1.113703,30.06,56.37,-0.000633,-0.000696,26.59,38.21,0.000626,1.110665,1.112845,1.112955,1.110657,1.111268,1.111662,1.111002,1,1.0,1.111395,1.111535,1.110875,1.111255,LONDON,422822,LOW,1.111395,1.111535,1.110875,1.111255,LONDON,422822,LOW,NONE,BULLISH,BULLISH,STRONG,AT_PIVOT,LOW_WICK,BEARISH,NOISY,TRUE,TESTING_PIVOT,55,23,-40.0,50,NEUTRAL,False,70,[],0,0,NEUTRAL,BULLISH,40,True,BEAR_TRAP,50,True,False,False,70,False,0,100,DOWN,DOWN,DOWN,0,True,75,97,3,80,True,True,CONTINUATION,70,True,60.0,BEARISH,True,BULLISH,False,True,50,False,70,37.54152823920316,18.93244370308571,70.0,42,FAIR,False,75,87,0.027302489668424926,5,100.0,True,RANDOM,70,48.95660282715222,7.586273593216347,True,STRUCTURE_BREAK,False,False,True,70,True,70,DOWN,100,IMPULSIVE,EXTREME,DOWN,100,-0.2521,IMPULSIVE,90,30,95,STRONG,NONE,80,40,90,EXTREME,88,40,60,0.26,False,40,0.874206229210765,39.0353770789235,RANGING,90,False,NONE,1.110635,1.112108,1.111372,FAR,30,50,85,50,NONE,NONE,NONE,False,[],0,0,ACCUMULATION,ACCUMULATION,50,56,False,13,"Smart money accumulation. Bullish bias, look for breakout.",1.0,0.8,False,False,False,False,0.3,0.3,True,False,False,22,True,[],0,NO,ACCUMULATION,"Smart money accumulation. Bullish bias, look for breakout.",EXTREME,LOW,0.152,[],False,Passed basic checks,0,50,50,MEDIUM,5,WAIT,รอการวิเคราะห์จาก AI
2026-06-27 20:58:00,1.111255,1.111535,1.110875,1.111395,1.0,EURUSD-OTC,BEARISH,1.112084,1.113228,1.115279,1.118355,1.118967,1.11892,BEARISH,1.121365,1.109801,0.011564,0.013228,26.23,26.04,-0.002559,-0.002256,-0.000303,10.74,12.53,0.001687,86.93,0.26,0.001788,0.001567,40.89,9.39,37.97,60.34,-0.2521,1,1.0,1.0,False,STABLE,-0.000437,-0.000434,-0.00026,1.110635,1.120965,1.111372,1.112108,1.112512,1.110968,1.110232,20,6.12,1.111552,1.111764,1.11217,1.113703,30.06,56.37,-0.000633,-0.000696,26.59,38.21,0.000626,1.110665,1.112845,1.112955,1.110657,1.111268,1.111662,1.111002,1,1.0,1.111395,1.111535,1.110875,1.111255,LONDON,483126,LOW,1.111395,1.111535,1.110875,1.111255,LONDON,483126,LOW,NONE,BULLISH,BULLISH,STRONG,AT_PIVOT,LOW_WICK,BEARISH,NOISY,TRUE,TESTING_PIVOT,55,23,-40.0,50,NEUTRAL,False,70,[],0,0,NEUTRAL,BULLISH,40,True,BEAR_TRAP,50,True,False,False,70,False,0,100,DOWN,DOWN,DOWN,0,True,75,97,3,80,True,True,CONTINUATION,70,True,60.0,BEARISH,True,BULLISH,False,True,50,False,70,37.54152823920316,18.93244370308571,70.0,42,FAIR,False,75,87,0.027302489668424926,5,100.0,True,RANDOM,70,48.95660282715222,7.586273593216347,True,STRUCTURE_BREAK,False,False,True,70,True,70,DOWN,100,IMPULSIVE,EXTREME,DOWN,100,-0.2521,IMPULSIVE,90,30,95,STRONG,NONE,80,40,90,EXTREME,88,40,60,0.26,False,40,0.874206229210765,39.0353770789235,RANGING,90,False,NONE,1.110635,1.112108,1.111372,FAR,30,50,85,50,NONE,NONE,NONE,False,[],0,0,ACCUMULATION,ACCUMULATION,50,56,False,13,"Smart money accumulation. Bullish bias, look for breakout.",1.0,0.8,False,False,False,False,0.3,0.3,True,False,False,22,True,[],0,NO,ACCUMULATION,"Smart money accumulation. Bullish bias, look for breakout.",EXTREME,LOW,0.152,[],False,Passed basic checks,0,50,50,MEDIUM,5,WAIT,รอการวิเคราะห์จาก AI
2026-06-27 20:59:00,1.111255,1.111535,1.110875,1.111395,1.0,EURUSD-OTC,BEARISH,1.112084,1.113228,1.115279,1.118355,1.118967,1.11892,BEARISH,1.121365,1.109801,0.011564,0.013228,26.23,26.04,-0.002559,-0.002256,-0.000303,10.74,12.53,0.001687,86.93,0.26,0.001788,0.001567,40.89,9.39,37.97,60.34,-0.2521,1,1.0,1.0,False,STABLE,-0.000437,-0.000434,-0.00026,1.110635,1.120965,1.111372,1.112108,1.112512,1.110968,1.110232,20,6.12,1.111552,1.111764,1.11217,1.113703,30.06,56.37,-0.000633,-0.000696,26.59,38.21,0.000626,1.110665,1.112845,1.112955,1.110657,1.111268,1.111662,1.111002,1,1.0,1.111395,1.111535,1.110875,1.111255,LONDON,542467,LOW,1.111395,1.111535,1.110875,1.111255,LONDON,542467,LOW,NONE,BULLISH,BULLISH,STRONG,AT_PIVOT,LOW_WICK,BEARISH,NOISY,TRUE,TESTING_PIVOT,55,23,-40.0,50,NEUTRAL,False,70,[],0,0,NEUTRAL,BULLISH,40,True,BEAR_TRAP,50,True,False,False,70,False,0,100,DOWN,DOWN,DOWN,0,True,75,97,3,80,True,True,CONTINUATION,70,True,60.0,BEARISH,True,BULLISH,False,True,50,False,70,37.54152823920316,18.93244370308571,70.0,42,FAIR,False,75,87,0.027302489668424926,5,100.0,True,RANDOM,70,48.95660282715222,7.586273593216347,True,STRUCTURE_BREAK,False,False,True,70,True,70,DOWN,100,IMPULSIVE,EXTREME,DOWN,100,-0.2521,IMPULSIVE,90,30,95,STRONG,NONE,80,40,90,EXTREME,88,40,60,0.26,False,40,0.874206229210765,39.0353770789235,RANGING,90,False,NONE,1.110635,1.112108,1.111372,FAR,30,50,85,50,NONE,NONE,NONE,False,[],0,0,ACCUMULATION,ACCUMULATION,50,56,False,13,"Smart money accumulation. Bullish bias, look for breakout.",1.0,0.8,False,False,False,False,0.3,0.3,True,False,False,22,True,[],0,NO,ACCUMULATION,"Smart money accumulation. Bullish bias, look for breakout.",EXTREME,LOW,0.152,[],False,Passed basic checks,0,50,50,MEDIUM,5,WAIT,รอการวิเคราะห์จาก AI
2026-06-27 21:00:00,1.111725,1.112235,1.111695,1.112095,1.0,EURUSD-OTC,BEARISH,1.112451,1.11322,1.11508,1.118152,1.118853,1.118872,BEARISH,1.12102,1.109613,0.011407,0.013271,40.67,33.43,-0.002409,-0.002287,-0.000122,14.87,13.25,0.001696,86.93,0.28,0.001779,0.00161,40.62,16.08,35.02,37.06,-0.0871,1,1.0,1.0,False,STABLE,-0.000334,-0.000422,-0.000264,1.110635,1.120055,1.112792,1.113888,1.114592,1.112088,1.110992,20,5.55,1.11155,1.111542,1.111846,1.113268,69.61,47.17,-0.000521,-0.000642,44.63,25.22,0.000606,1.110635,1.112845,1.112978,1.110554,1.112008,1.112322,1.111782,1,1.0,1.112095,1.112235,1.111695,1.111725,NEW YORK,304058,LOW,1.112095,1.112235,1.111695,1.111725,NEW YORK,304058,LOW,NONE,BULLISH,BULLISH,STRONG,AT_PIVOT,LOW_WICK,BEARISH,CHAOTIC,TRUE,TESTING_PIVOT,56,23,-33.33333333333333,50,NEUTRAL,False,70,[],0,0,NEUTRAL,BULLISH,40,True,BEAR_TRAP,50,True,False,False,70,False,0,100,DOWN,DOWN,NONE,0,True,75,55,45,80,False,True,NEUTRAL,70,False,0.0,NONE,True,BULLISH,False,True,50,False,70,22.846120874409852,10.532276330690667,65.0,32,POOR,False,75,87,0.035751305438761455,5,100.0,True,RANDOM,70,52.71154957663525,2.548521174075182,False,NONE,False,False,False,100,True,70,DOWN,100,CHOPPY,EXTREME,DOWN,100,-0.0871,CHOPPY,85,30,85,STRONG,NONE,75,40,85,EXTREME,88,40,60,0.28,False,40,0.8595433652324618,40.50166347675382,RANGING,90,False,NONE,1.110635,1.113888,1.112792,FAR,30,50,85,50,NONE,NONE,NONE,False,[],0,0,TRENDING_STRONG,TRENDING_STRONG,51,75,True,33,Strong directional trend with high momentum. Favorable for trend-following strategies.,1.0,0.5,False,False,False,False,0.3,0.3,True,False,False,22,True,[],0,NO,TRENDING_STRONG,Strong directional trend with high momentum. Favorable for trend-following strategies.,EXTREME,LOW,0.153,[],True,Passed basic checks,0,50,50,MEDIUM,5,WAIT,รอการวิเคราะห์จาก AI
2026-06-27 21:01:00,1.111725,1.112235,1.111695,1.112095,1.0,EURUSD-OTC,BEARISH,1.112451,1.11322,1.11508,1.118152,1.118853,1.118872,BEARISH,1.12102,1.109613,0.011407,0.013271,40.67,33.43,-0.002409,-0.002287,-0.000122,14.87,13.25,0.001696,86.93,0.28,0.001779,0.00161,40.62,16.08,35.02,37.06,-0.0871,1,1.0,1.0,False,STABLE,-0.000334,-0.000422,-0.000264,1.110635,1.120055,1.112792,1.113888,1.114592,1.112088,1.110992,20,5.55,1.11155,1.111542,1.111846,1.113268,69.61,47.17,-0.000521,-0.000642,44.63,25.22,0.000606,1.110635,1.112845,1.112978,1.110554,1.112008,1.112322,1.111782,1,1.0,1.112095,1.112235,1.111695,1.111725,NEW YORK,363416,LOW,1.112095,1.112235,1.111695,1.111725,NEW YORK,363416,LOW,NONE,BULLISH,BULLISH,STRONG,AT_PIVOT,LOW_WICK,BEARISH,CHAOTIC,TRUE,TESTING_PIVOT,56,23,-33.33333333333333,50,NEUTRAL,False,70,[],0,0,NEUTRAL,BULLISH,40,True,BEAR_TRAP,50,True,False,False,70,False,0,100,DOWN,DOWN,NONE,0,True,75,55,45,80,False,True,NEUTRAL,70,False,0.0,NONE,True,BULLISH,False,True,50,False,70,22.846120874409852,10.532276330690667,65.0,32,POOR,False,75,87,0.035751305438761455,5,100.0,True,RANDOM,70,52.71154957663525,2.548521174075182,False,NONE,False,False,False,100,True,70,DOWN,100,CHOPPY,EXTREME,DOWN,100,-0.0871,CHOPPY,85,30,85,STRONG,NONE,75,40,85,EXTREME,88,40,60,0.28,False,40,0.8595433652324618,40.50166347675382,RANGING,90,False,NONE,1.110635,1.113888,1.112792,FAR,30,50,85,50,NONE,NONE,NONE,False,[],0,0,TRENDING_STRONG,TRENDING_STRONG,51,75,True,33,Strong directional trend with high momentum. Favorable for trend-following strategies.,1.0,0.5,False,False,False,False,0.3,0.3,True,False,False,22,True,[],0,NO,TRENDING_STRONG,Strong directional trend with high momentum. Favorable for trend-following strategies.,EXTREME,LOW,0.153,[],True,Passed basic checks,0,50,50,MEDIUM,5,WAIT,รอการวิเคราะห์จาก AI
2026-06-27 21:02:00,1.111725,1.112235,1.111695,1.112095,1.0,EURUSD-OTC,BEARISH,1.112451,1.11322,1.11508,1.118152,1.118853,1.118872,BEARISH,1.12102,1.109613,0.011407,0.013271,40.67,33.43,-0.002409,-0.002287,-0.000122,14.87,13.25,0.001696,86.93,0.28,0.001779,0.00161,40.62,16.08,35.02,37.06,-0.0871,1,1.0,1.0,False,STABLE,-0.000334,-0.000422,-0.000264,1.110635,1.120055,1.112792,1.113888,1.114592,1.112088,1.110992,20,5.55,1.11155,1.111542,1.111846,1.113268,69.61,47.17,-0.000521,-0.000642,44.63,25.22,0.000606,1.110635,1.112845,1.112978,1.110554,1.112008,1.112322,1.111782,1,1.0,1.112095,1.112235,1.111695,1.111725,NEW YORK,422797,LOW,1.112095,1.112235,1.111695,1.111725,NEW YORK,422797,LOW,NONE,BULLISH,BULLISH,STRONG,AT_PIVOT,LOW_WICK,BEARISH,CHAOTIC,TRUE,TESTING_PIVOT,56,23,-33.33333333333333,50,NEUTRAL,False,70,[],0,0,NEUTRAL,BULLISH,40,True,BEAR_TRAP,50,True,False,False,70,False,0,100,DOWN,DOWN,NONE,0,True,75,55,45,80,False,True,NEUTRAL,70,False,0.0,NONE,True,BULLISH,False,True,50,False,70,22.846120874409852,10.532276330690667,65.0,32,POOR,False,75,87,0.035751305438761455,5,100.0,True,RANDOM,70,52.71154957663525,2.548521174075182,False,NONE,False,False,False,100,True,70,DOWN,100,CHOPPY,EXTREME,DOWN,100,-0.0871,CHOPPY,85,30,85,STRONG,NONE,75,40,85,EXTREME,88,40,60,0.28,False,40,0.8595433652324618,40.50166347675382,RANGING,90,False,NONE,1.110635,1.113888,1.112792,FAR,30,50,85,50,NONE,NONE,NONE,False,[],0,0,TRENDING_STRONG,TRENDING_STRONG,51,75,True,33,Strong directional trend with high momentum. Favorable for trend-following strategies.,1.0,0.5,False,False,False,False,0.3,0.3,True,False,False,22,True,[],0,NO,TRENDING_STRONG,Strong directional trend with high momentum. Favorable for trend-following strategies.,EXTREME,LOW,0.153,[],True,Passed basic checks,0,50,50,MEDIUM,5,WAIT,รอการวิเคราะห์จาก AI
2026-06-27 21:03:00,1.111725,1.112235,1.111695,1.112095,1.0,EURUSD-OTC,BEARISH,1.112451,1.11322,1.11508,1.118152,1.118853,1.118872,BEARISH,1.12102,1.109613,0.011407,0.013271,40.67,33.43,-0.002409,-0.002287,-0.000122,14.87,13.25,0.001696,86.93,0.28,0.001779,0.00161,40.62,16.08,35.02,37.06,-0.0871,1,1.0,1.0,False,STABLE,-0.000334,-0.000422,-0.000264,1.110635,1.120055,1.112792,1.113888,1.114592,1.112088,1.110992,20,5.55,1.11155,1.111542,1.111846,1.113268,69.61,47.17,-0.000521,-0.000642,44.63,25.22,0.000606,1.110635,1.112845,1.112978,1.110554,1.112008,1.112322,1.111782,1,1.0,1.112095,1.112235,1.111695,1.111725,NEW YORK,483177,LOW,1.112095,1.112235,1.111695,1.111725,NEW YORK,483177,LOW,NONE,BULLISH,BULLISH,STRONG,AT_PIVOT,LOW_WICK,BEARISH,CHAOTIC,TRUE,TESTING_PIVOT,56,23,-33.33333333333333,50,NEUTRAL,False,70,[],0,0,NEUTRAL,BULLISH,40,True,BEAR_TRAP,50,True,False,False,70,False,0,100,DOWN,DOWN,NONE,0,True,75,55,45,80,False,True,NEUTRAL,70,False,0.0,NONE,True,BULLISH,False,True,50,False,70,22.846120874409852,10.532276330690667,65.0,32,POOR,False,75,87,0.035751305438761455,5,100.0,True,RANDOM,70,52.71154957663525,2.548521174075182,False,NONE,False,False,False,100,True,70,DOWN,100,CHOPPY,EXTREME,DOWN,100,-0.0871,CHOPPY,85,30,85,STRONG,NONE,75,40,85,EXTREME,88,40,60,0.28,False,40,0.8595433652324618,40.50166347675382,RANGING,90,False,NONE,1.110635,1.113888,1.112792,FAR,30,50,85,50,NONE,NONE,NONE,False,[],0,0,TRENDING_STRONG,TRENDING_STRONG,51,75,True,33,Strong directional trend with high momentum. Favorable for trend-following strategies.,1.0,0.5,False,False,False,False,0.3,0.3,True,False,False,22,True,[],0,NO,TRENDING_STRONG,Strong directional trend with high momentum. Favorable for trend-following strategies.,EXTREME,LOW,0.153,[],True,Passed basic checks,0,50,50,MEDIUM,5,WAIT,รอการวิเคราะห์จาก AI
2026-06-27 21:04:00,1.111725,1.112235,1.111695,1.112095,1.0,EURUSD-OTC,BEARISH,1.112451,1.11322,1.11508,1.118152,1.118853,1.118872,BEARISH,1.12102,1.109613,0.011407,0.013271,40.67,33.43,-0.002409,-0.002287,-0.000122,14.87,13.25,0.001696,86.93,0.28,0.001779,0.00161,40.62,16.08,35.02,37.06,-0.0871,1,1.0,1.0,False,STABLE,-0.000334,-0.000422,-0.000264,1.110635,1.120055,1.112792,1.113888,1.114592,1.112088,1.110992,20,5.55,1.11155,1.111542,1.111846,1.113268,69.61,47.17,-0.000521,-0.000642,44.63,25.22,0.000606,1.110635,1.112845,1.112978,1.110554,1.112008,1.112322,1.111782,1,1.0,1.112095,1.112235,1.111695,1.111725,NEW YORK,542571,LOW,1.112095,1.112235,1.111695,1.111725,NEW YORK,542571,LOW,NONE,BULLISH,BULLISH,STRONG,AT_PIVOT,LOW_WICK,BEARISH,CHAOTIC,TRUE,TESTING_PIVOT,56,23,-33.33333333333333,50,NEUTRAL,False,70,[],0,0,NEUTRAL,BULLISH,40,True,BEAR_TRAP,50,True,False,False,70,False,0,100,DOWN,DOWN,NONE,0,True,75,55,45,80,False,True,NEUTRAL,70,False,0.0,NONE,True,BULLISH,False,True,50,False,70,22.846120874409852,10.532276330690667,65.0,32,POOR,False,75,87,0.035751305438761455,5,100.0,True,RANDOM,70,52.71154957663525,2.548521174075182,False,NONE,False,False,False,100,True,70,DOWN,100,CHOPPY,EXTREME,DOWN,100,-0.0871,CHOPPY,85,30,85,STRONG,NONE,75,40,85,EXTREME,88,40,60,0.28,False,40,0.8595433652324618,40.50166347675382,RANGING,90,False,NONE,1.110635,1.113888,1.112792,FAR,30,50,85,50,NONE,NONE,NONE,False,[],0,0,TRENDING_STRONG,TRENDING_STRONG,51,75,True,33,Strong directional trend with high momentum. Favorable for trend-following strategies.,1.0,0.5,False,False,False,False,0.3,0.3,True,False,False,22,True,[],0,NO,TRENDING_STRONG,Strong directional trend with high momentum. Favorable for trend-following strategies.,EXTREME,LOW,0.153,[],True,Passed basic checks,0,50,50,MEDIUM,5,WAIT,รอการวิเคราะห์จาก AI
2026-06-27 21:05:00,1.113215,1.113775,1.113145,1.113485,1.0,EURUSD-OTC,BEARISH,1.112686,1.113208,1.114896,1.117956,1.118714,1.118623,BEARISH,1.120859,1.109399,0.01146,0.013321,52.21,31.46,-0.002267,-0.002283,1.6e-05,21.73,15.78,0.00171,86.93,0.29,0.00177,0.001648,40.12,16.39,33.02,33.66,-0.2241,1,1.0,1.0,False,STABLE,-0.000241,-0.000428,-0.00027,1.110635,1.120055,1.113132,1.113798,1.114442,1.112488,1.111822,21,5.51,1.112969,1.112539,1.112332,1.113231,90.55,65.85,3.1e-05,-0.000297,85.15,84.61,0.000634,1.110635,1.113775,1.113613,1.110467,1.113468,1.113792,1.113162,1,1.0,1.113485,1.113775,1.113145,1.113215,NEW YORK,302937,LOW,1.113485,1.113775,1.113145,1.113215,NEW YORK,302937,LOW,DOJI,BEARISH,BEARISH,STRONG,AT_PIVOT,LOW_WICK,BEARISH,NOISY,TRUE,TESTING_PIVOT,56,23,-40.0,50,NEUTRAL,False,70,['DOJI'],1,20,NEUTRAL,BEARISH,60,True,BEAR_TRAP,50,True,False,False,70,False,0,100,DOWN,DOWN,NONE,0,True,75,55,45,80,False,True,NEUTRAL,70,False,0.0,NONE,True,BULLISH,True,False,50,False,70,17.241379310345177,15.232763700648617,65.0,32,POOR,False,75,87,0.04957446648520239,5,100.0,True,RANDOM,70,53.23735421509714,2.3427023966146665,False,NONE,False,False,False,100,True,70,DOWN,100,IMPULSIVE,EXTREME,DOWN,100,-0.2241,IMPULSIVE,90,30,95,STRONG,NONE,75,40,85,EXTREME,88,40,60,0.29,False,40,0.8602957735905713,40.42642264094286,RANGING,90,False,NONE,1.110635,1.113798,1.113132,FAR,30,50,85,50,NONE,NONE,NONE,False,[],0,0,ACCUMULATION,ACCUMULATION,50,56,False,13,"Smart money accumulation. Bullish bias, look for breakout.",1.0,0.8,False,False,False,False,0.3,0.3,True,False,False,22,True,[],0,NO,ACCUMULATION,"Smart money accumulation. Bullish bias, look for breakout.",EXTREME,LOW,0.154,[],False,Passed basic checks,0,50,50,MEDIUM,5,WAIT,รอการวิเคราะห์จาก AI
2026-06-27 21:06:00,1.113215,1.113775,1.113145,1.113485,1.0,EURUSD-OTC,BEARISH,1.112686,1.113208,1.114896,1.117956,1.118714,1.118623,BEARISH,1.120859,1.109399,0.01146,0.013321,52.21,31.46,-0.002267,-0.002283,1.6e-05,21.73,15.78,0.00171,86.93,0.29,0.00177,0.001648,40.12,16.39,33.02,33.66,-0.2241,1,1.0,1.0,False,STABLE,-0.000241,-0.000428,-0.00027,1.110635,1.120055,1.113132,1.113798,1.114442,1.112488,1.111822,21,5.51,1.112969,1.112539,1.112332,1.113231,90.55,65.85,3.1e-05,-0.000297,85.15,84.61,0.000634,1.110635,1.113775,1.113613,1.110467,1.113468,1.113792,1.113162,1,1.0,1.113485,1.113775,1.113145,1.113215,NEW YORK,363296,LOW,1.113485,1.113775,1.113145,1.113215,NEW YORK,363296,LOW,DOJI,BEARISH,BEARISH,STRONG,AT_PIVOT,LOW_WICK,BEARISH,NOISY,TRUE,TESTING_PIVOT,56,23,-40.0,50,NEUTRAL,False,70,['DOJI'],1,20,NEUTRAL,BEARISH,60,True,BEAR_TRAP,50,True,False,False,70,False,0,100,DOWN,DOWN,NONE,0,True,75,55,45,80,False,True,NEUTRAL,70,False,0.0,NONE,True,BULLISH,True,False,50,False,70,17.241379310345177,15.232763700648617,65.0,32,POOR,False,75,87,0.04957446648520239,5,100.0,True,RANDOM,70,53.23735421509714,2.3427023966146665,False,NONE,False,False,False,100,True,70,DOWN,100,IMPULSIVE,EXTREME,DOWN,100,-0.2241,IMPULSIVE,90,30,95,STRONG,NONE,75,40,85,EXTREME,88,40,60,0.29,False,40,0.8602957735905713,40.42642264094286,RANGING,90,False,NONE,1.110635,1.113798,1.113132,FAR,30,50,85,50,NONE,NONE,NONE,False,[],0,0,ACCUMULATION,ACCUMULATION,50,56,False,13,"Smart money accumulation. Bullish bias, look for breakout.",1.0,0.8,False,False,False,False,0.3,0.3,True,False,False,22,True,[],0,NO,ACCUMULATION,"Smart money accumulation. Bullish bias, look for breakout.",EXTREME,LOW,0.154,[],False,Passed basic checks,0,50,50,MEDIUM,5,WAIT,รอการวิเคราะห์จาก AI
2026-06-27 21:07:00,1.113215,1.113775,1.113145,1.113485,1.0,EURUSD-OTC,BEARISH,1.112686,1.113208,1.114896,1.117956,1.118714,1.118623,BEARISH,1.120859,1.109399,0.01146,0.013321,52.21,31.46,-0.002267,-0.002283,1.6e-05,21.73,15.78,0.00171,86.93,0.29,0.00177,0.001648,40.12,16.39,33.02,33.66,-0.2241,1,1.0,1.0,False,STABLE,-0.000241,-0.000428,-0.00027,1.110635,1.120055,1.113132,1.113798,1.114442,1.112488,1.111822,21,5.51,1.112969,1.112539,1.112332,1.113231,90.55,65.85,3.1e-05,-0.000297,85.15,84.61,0.000634,1.110635,1.113775,1.113613,1.110467,1.113468,1.113792,1.113162,1,1.0,1.113485,1.113775,1.113145,1.113215,NEW YORK,422717,LOW,1.113485,1.113775,1.113145,1.113215,NEW YORK,422717,LOW,DOJI,BEARISH,BEARISH,STRONG,AT_PIVOT,LOW_WICK,BEARISH,NOISY,TRUE,TESTING_PIVOT,56,23,-40.0,50,NEUTRAL,False,70,['DOJI'],1,20,NEUTRAL,BEARISH,60,True,BEAR_TRAP,50,True,False,False,70,False,0,100,DOWN,DOWN,NONE,0,True,75,55,45,80,False,True,NEUTRAL,70,False,0.0,NONE,True,BULLISH,True,False,50,False,70,17.241379310345177,15.232763700648617,65.0,32,POOR,False,75,87,0.04957446648520239,5,100.0,True,RANDOM,70,53.23735421509714,2.3427023966146665,False,NONE,False,False,False,100,True,70,DOWN,100,IMPULSIVE,EXTREME,DOWN,100,-0.2241,IMPULSIVE,90,30,95,STRONG,NONE,75,40,85,EXTREME,88,40,60,0.29,False,40,0.8602957735905713,40.42642264094286,RANGING,90,False,NONE,1.110635,1.113798,1.113132,FAR,30,50,85,50,NONE,NONE,NONE,False,[],0,0,BREAKOUT_EMERGING,BREAKOUT_EMERGING,50,61,False,13,"Volatility expansion after compression. Potential breakout opportunity. (breakout prob: 30%, reversal prob: 50%)",1.0,0.8,False,False,False,False,0.3,0.3,True,False,False,22,True,[],0,NO,BREAKOUT_EMERGING,"Volatility expansion after compression. Potential breakout opportunity. (breakout prob: 30%, reversal prob: 50%)",EXTREME,LOW,0.154,[],False,Passed basic checks,0,50,50,MEDIUM,5,WAIT,รอการวิเคราะห์จาก AI
2026-06-27 21:08:00,1.113215,1.113775,1.113145,1.113485,1.0,EURUSD-OTC,BEARISH,1.112686,1.113208,1.114896,1.117956,1.118714,1.118623,BEARISH,1.120859,1.109399,0.01146,0.013321,52.21,31.46,-0.002267,-0.002283,1.6e-05,21.73,15.78,0.00171,86.93,0.29,0.00177,0.001648,40.12,16.39,33.02,33.66,-0.2241,1,1.0,1.0,False,STABLE,-0.000241,-0.000428,-0.00027,1.110635,1.120055,1.113132,1.113798,1.114442,1.112488,1.111822,21,5.51,1.112969,1.112539,1.112332,1.113231,90.55,65.85,3.1e-05,-0.000297,85.15,84.61,0.000634,1.110635,1.113775,1.113613,1.110467,1.113468,1.113792,1.113162,1,1.0,1.113485,1.113775,1.113145,1.113215,NEW YORK,483168,LOW,1.113485,1.113775,1.113145,1.113215,NEW YORK,483168,LOW,DOJI,BEARISH,BEARISH,STRONG,AT_PIVOT,LOW_WICK,BEARISH,NOISY,TRUE,TESTING_PIVOT,56,23,-40.0,50,NEUTRAL,False,70,['DOJI'],1,20,NEUTRAL,BEARISH,60,True,BEAR_TRAP,50,True,False,False,70,False,0,100,DOWN,DOWN,NONE,0,True,75,55,45,80,False,True,NEUTRAL,70,False,0.0,NONE,True,BULLISH,True,False,50,False,70,17.241379310345177,15.232763700648617,65.0,32,POOR,False,75,87,0.04957446648520239,5,100.0,True,RANDOM,70,53.23735421509714,2.3427023966146665,False,NONE,False,False,False,100,True,70,DOWN,100,IMPULSIVE,EXTREME,DOWN,100,-0.2241,IMPULSIVE,90,30,95,STRONG,NONE,75,40,85,EXTREME,88,40,60,0.29,False,40,0.8602957735905713,40.42642264094286,RANGING,90,False,NONE,1.110635,1.113798,1.113132,FAR,30,50,85,50,NONE,NONE,NONE,False,[],0,0,ACCUMULATION,ACCUMULATION,50,56,False,13,"Smart money accumulation. Bullish bias, look for breakout.",1.0,0.8,False,False,False,False,0.3,0.3,True,False,False,22,True,[],0,NO,ACCUMULATION,"Smart money accumulation. Bullish bias, look for breakout.",EXTREME,LOW,0.154,[],False,Passed basic checks,0,50,50,MEDIUM,5,WAIT,รอการวิเคราะห์จาก AI
2026-06-27 21:09:00,1.113215,1.113775,1.113145,1.113485,1.0,EURUSD-OTC,BEARISH,1.112686,1.113208,1.114896,1.117956,1.118714,1.118623,BEARISH,1.120859,1.109399,0.01146,0.013321,52.21,31.46,-0.002267,-0.002283,1.6e-05,21.73,15.78,0.00171,86.93,0.29,0.00177,0.001648,40.12,16.39,33.02,33.66,-0.2241,1,1.0,1.0,False,STABLE,-0.000241,-0.000428,-0.00027,1.110635,1.120055,1.113132,1.113798,1.114442,1.112488,1.111822,21,5.51,1.112969,1.112539,1.112332,1.113231,90.55,65.85,3.1e-05,-0.000297,85.15,84.61,0.000634,1.110635,1.113775,1.113613,1.110467,1.113468,1.113792,1.113162,1,1.0,1.113485,1.113775,1.113145,1.113215,NEW YORK,542453,LOW,1.113485,1.113775,1.113145,1.113215,NEW YORK,542453,LOW,DOJI,BEARISH,BEARISH,STRONG,AT_PIVOT,LOW_WICK,BEARISH,NOISY,TRUE,TESTING_PIVOT,56,23,-40.0,50,NEUTRAL,False,70,['DOJI'],1,20,NEUTRAL,BEARISH,60,True,BEAR_TRAP,50,True,False,False,70,False,0,100,DOWN,DOWN,NONE,0,True,75,55,45,80,False,True,NEUTRAL,70,False,0.0,NONE,True,BULLISH,True,False,50,False,70,17.241379310345177,15.232763700648617,65.0,32,POOR,False,75,87,0.04957446648520239,5,100.0,True,RANDOM,70,53.23735421509714,2.3427023966146665,False,NONE,False,False,False,100,True,70,DOWN,100,IMPULSIVE,EXTREME,DOWN,100,-0.2241,IMPULSIVE,90,30,95,STRONG,NONE,75,40,85,EXTREME,88,40,60,0.29,False,40,0.8602957735905713,40.42642264094286,RANGING,90,False,NONE,1.110635,1.113798,1.113132,FAR,30,50,85,50,NONE,NONE,NONE,False,[],0,0,ACCUMULATION,ACCUMULATION,50,56,False,13,"Smart money accumulation. Bullish bias, look for breakout.",1.0,0.8,False,False,False,False,0.3,0.3,True,False,False,22,True,[],0,NO,ACCUMULATION,"Smart money accumulation. Bullish bias, look for breakout.",EXTREME,LOW,0.154,[],False,Passed basic checks,0,50,50,MEDIUM,5,WAIT,รอการวิเคราะห์จาก AI
2026-06-27 21:10:00,1.113175,1.113695,1.112775,1.113525,1.0,EURUSD-OTC,BEARISH,1.113032,1.113302,1.114785,1.11779,1.11863,1.118681,BEARISH,1.120456,1.109342,0.011114,0.013376,74.21,36.31,-0.002084,-0.002243,0.000159,31.77,22.79,0.001642,81.41,0.14,0.001749,0.001686,39.66,15.52,31.26,33.66,-0.1023,1,1.0,1.0,False,STABLE,-4e-06,-0.000397,-0.000271,1.110635,1.120055,1.113355,1.114135,1.114545,1.112945,1.112165,22,5.74,1.113141,1.112899,1.112628,1.113202,64.66,75.24,0.000189,-8e-06,78.34,73.32,0.000646,1.110635,1.113775,1.114096,1.110389,1.113332,1.113888,1.112968,1,1.0,1.113525,1.113695,1.112775,1.113175,NEW YORK,302846,LOW,1.113525,1.113695,1.112775,1.113175,NEW YORK,302846,LOW,NONE,BULLISH,BULLISH,WEAK,AT_PIVOT,LOW_WICK,BEARISH,NOISY,NONE,TESTING_PIVOT,56,20,-33.33333333333333,50,NEUTRAL,False,70,[],0,0,NEUTRAL,BULLISH,40,False,NONE,0,False,False,False,60,False,0,100,DOWN,NONE,NONE,0,True,75,55,45,80,False,True,NEUTRAL,70,False,0.0,NONE,True,BULLISH,True,False,50,False,70,22.009569377989514,12.994862496222485,65.0,33,POOR,False,75,87,0.07386038976850609,5,100.0,True,RANDOM,70,53.303164734547806,1.4258799435753802,False,NONE,False,False,False,100,True,70,DOWN,20,CHOPPY,EXTREME,DOWN,20,-0.1023,CHOPPY,65,30,60,STRONG,NONE,70,30,80,EXTREME,88,40,60,0.14,False,40,0.8308911483253588,47.782885167464116,RANGING,90,False,NONE,1.110635,1.114135,1.113355,FAR,30,50,85,50,NONE,NONE,NONE,False,[],0,0,ACCUMULATION,ACCUMULATION,50,56,False,13,"Smart money accumulation. Bullish bias, look for breakout.",1.0,0.8,False,False,False,False,0.3,0.3,True,False,False,22,True,[],0,NO,ACCUMULATION,"Smart money accumulation. Bullish bias, look for breakout.",EXTREME,LOW,0.147,[],False,Passed basic checks,0,50,50,MEDIUM,5,WAIT,รอการวิเคราะห์จาก AI
2026-06-27 21:11:00,1.113175,1.113695,1.112775,1.113525,1.0,EURUSD-OTC,BEARISH,1.113032,1.113302,1.114785,1.11779,1.11863,1.118681,BEARISH,1.120456,1.109342,0.011114,0.013376,74.21,36.31,-0.002084,-0.002243,0.000159,31.77,22.79,0.001642,81.41,0.14,0.001749,0.001686,39.66,15.52,31.26,33.66,-0.1023,1,1.0,1.0,False,STABLE,-4e-06,-0.000397,-0.000271,1.110635,1.120055,1.113355,1.114135,1.114545,1.112945,1.112165,22,5.74,1.113141,1.112899,1.112628,1.113202,64.66,75.24,0.000189,-8e-06,78.34,73.32,0.000646,1.110635,1.113775,1.114096,1.110389,1.113332,1.113888,1.112968,1,1.0,1.113525,1.113695,1.112775,1.113175,NEW YORK,363252,LOW,1.113525,1.113695,1.112775,1.113175,NEW YORK,363252,LOW,NONE,BULLISH,BULLISH,WEAK,AT_PIVOT,LOW_WICK,BEARISH,NOISY,NONE,TESTING_PIVOT,56,20,-33.33333333333333,50,NEUTRAL,False,70,[],0,0,NEUTRAL,BULLISH,40,False,NONE,0,False,False,False,60,False,0,100,DOWN,NONE,NONE,0,True,75,55,45,80,False,True,NEUTRAL,70,False,0.0,NONE,True,BULLISH,True,False,50,False,70,22.009569377989514,12.994862496222485,65.0,33,POOR,False,75,87,0.07386038976850609,5,100.0,True,RANDOM,70,53.303164734547806,1.4258799435753802,False,NONE,False,False,False,100,True,70,DOWN,20,CHOPPY,EXTREME,DOWN,20,-0.1023,CHOPPY,65,30,60,STRONG,NONE,70,30,80,EXTREME,88,40,60,0.14,False,40,0.8308911483253588,47.782885167464116,RANGING,90,False,NONE,1.110635,1.114135,1.113355,FAR,30,50,85,50,NONE,NONE,NONE,False,[],0,0,ACCUMULATION,ACCUMULATION,50,56,False,13,"Smart money accumulation. Bullish bias, look for breakout.",1.0,0.8,False,False,False,False,0.3,0.3,True,False,False,22,True,[],0,NO,ACCUMULATION,"Smart money accumulation. Bullish bias, look for breakout.",EXTREME,LOW,0.147,[],False,Passed basic checks,0,50,50,MEDIUM,5,WAIT,รอการวิเคราะห์จาก AI
2026-06-27 21:12:00,1.113175,1.113695,1.112775,1.113525,1.0,EURUSD-OTC,BEARISH,1.113032,1.113302,1.114785,1.11779,1.11863,1.118681,BEARISH,1.120456,1.109342,0.011114,0.013376,74.21,36.31,-0.002084,-0.002243,0.000159,31.77,22.79,0.001642,81.41,0.14,0.001749,0.001686,39.66,15.52,31.26,33.66,-0.1023,1,1.0,1.0,False,STABLE,-4e-06,-0.000397,-0.000271,1.110635,1.120055,1.113355,1.114135,1.114545,1.112945,1.112165,22,5.74,1.113141,1.112899,1.112628,1.113202,64.66,75.24,0.000189,-8e-06,78.34,73.32,0.000646,1.110635,1.113775,1.114096,1.110389,1.113332,1.113888,1.112968,1,1.0,1.113525,1.113695,1.112775,1.113175,NEW YORK,422756,LOW,1.113525,1.113695,1.112775,1.113175,NEW YORK,422756,LOW,NONE,BULLISH,BULLISH,WEAK,AT_PIVOT,LOW_WICK,BEARISH,NOISY,NONE,TESTING_PIVOT,56,20,-33.33333333333333,50,NEUTRAL,False,70,[],0,0,NEUTRAL,BULLISH,40,False,NONE,0,False,False,False,60,False,0,100,DOWN,NONE,NONE,0,True,75,55,45,80,False,True,NEUTRAL,70,False,0.0,NONE,True,BULLISH,True,False,50,False,70,22.009569377989514,12.994862496222485,65.0,33,POOR,False,75,87,0.07386038976850609,5,100.0,True,RANDOM,70,53.303164734547806,1.4258799435753802,False,NONE,False,False,False,100,True,70,DOWN,20,CHOPPY,EXTREME,DOWN,20,-0.1023,CHOPPY,65,30,60,STRONG,NONE,70,30,80,EXTREME,88,40,60,0.14,False,40,0.8308911483253588,47.782885167464116,RANGING,90,False,NONE,1.110635,1.114135,1.113355,FAR,30,50,85,50,NONE,NONE,NONE,False,[],0,0,ACCUMULATION,ACCUMULATION,50,56,False,13,"Smart money accumulation. Bullish bias, look for breakout.",1.0,0.8,False,False,False,False,0.3,0.3,True,False,False,22,True,[],0,NO,ACCUMULATION,"Smart money accumulation. Bullish bias, look for breakout.",EXTREME,LOW,0.147,[],False,Passed basic checks,0,50,50,MEDIUM,5,WAIT,รอการวิเคราะห์จาก AI
2026-06-27 21:13:00,1.113175,1.113695,1.112775,1.113525,1.0,EURUSD-OTC,BEARISH,1.113032,1.113302,1.114785,1.11779,1.11863,1.118681,BEARISH,1.120456,1.109342,0.011114,0.013376,74.21,36.31,-0.002084,-0.002243,0.000159,31.77,22.79,0.001642,81.41,0.14,0.001749,0.001686,39.66,15.52,31.26,33.66,-0.1023,1,1.0,1.0,False,STABLE,-4e-06,-0.000397,-0.000271,1.110635,1.120055,1.113355,1.114135,1.114545,1.112945,1.112165,22,5.74,1.113141,1.112899,1.112628,1.113201,64.66,75.24,0.000189,-8e-06,78.34,73.32,0.000646,1.110635,1.113775,1.114096,1.110389,1.113332,1.113888,1.112968,1,1.0,1.113525,1.113695,1.112775,1.113175,NEW YORK,483227,LOW,1.113525,1.113695,1.112775,1.113175,NEW YORK,483227,LOW,NONE,BULLISH,BULLISH,WEAK,AT_PIVOT,LOW_WICK,BEARISH,NOISY,NONE,TESTING_PIVOT,56,20,-33.33333333333333,50,NEUTRAL,False,70,[],0,0,NEUTRAL,BULLISH,40,False,NONE,0,False,False,False,60,False,0,100,DOWN,NONE,NONE,0,True,75,55,45,80,False,True,NEUTRAL,70,False,0.0,NONE,True,BULLISH,True,False,50,False,70,22.009569377989514,12.994862496222485,65.0,33,POOR,False,75,87,0.07386038976850609,5,100.0,True,RANDOM,70,53.303164734547806,1.4258799435753802,False,NONE,False,False,False,100,True,70,DOWN,20,CHOPPY,EXTREME,DOWN,20,-0.1023,CHOPPY,65,30,60,STRONG,NONE,70,30,80,EXTREME,88,40,60,0.14,False,40,0.8308911483253588,47.782885167464116,RANGING,90,False,NONE,1.110635,1.114135,1.113355,FAR,30,50,85,50,NONE,NONE,NONE,False,[],0,0,ACCUMULATION,ACCUMULATION,50,56,False,13,"Smart money accumulation. Bullish bias, look for breakout.",1.0,0.8,False,False,False,False,0.3,0.3,True,False,False,22,True,[],0,NO,ACCUMULATION,"Smart money accumulation. Bullish bias, look for breakout.",EXTREME,LOW,0.147,[],False,Passed basic checks,0,50,50,MEDIUM,5,WAIT,รอการวิเคราะห์จาก AI
2026-06-27 21:14:00,1.113175,1.113695,1.112775,1.113525,1.0,EURUSD-OTC,BEARISH,1.113032,1.113302,1.114785,1.11779,1.11863,1.118681,BEARISH,1.120456,1.109342,0.011114,0.013376,74.21,36.31,-0.002084,-0.002243,0.000159,31.77,22.79,0.001642,81.41,0.14,0.001749,0.001686,39.66,15.52,31.26,33.66,-0.1023,1,1.0,1.0,False,STABLE,-4e-06,-0.000397,-0.000271,1.110635,1.120055,1.113355,1.114135,1.114545,1.112945,1.112165,22,5.74,1.113141,1.112899,1.112628,1.113202,64.66,75.24,0.000189,-8e-06,78.34,73.32,0.000646,1.110635,1.113775,1.114096,1.110389,1.113332,1.113888,1.112968,1,1.0,1.113525,1.113695,1.112775,1.113175,NEW YORK,542912,LOW,1.113525,1.113695,1.112775,1.113175,NEW YORK,542912,LOW,NONE,BULLISH,BULLISH,WEAK,AT_PIVOT,LOW_WICK,BEARISH,NOISY,NONE,TESTING_PIVOT,56,20,-33.33333333333333,50,NEUTRAL,False,70,[],0,0,NEUTRAL,BULLISH,40,False,NONE,0,False,False,False,60,False,0,100,DOWN,NONE,NONE,0,True,75,55,45,80,False,True,NEUTRAL,70,False,0.0,NONE,True,BULLISH,True,False,50,False,70,22.009569377989514,12.994862496222485,65.0,33,POOR,False,75,87,0.07386038976850609,5,100.0,True,RANDOM,70,53.303164734547806,1.4258799435753802,False,NONE,False,False,False,100,True,70,DOWN,20,CHOPPY,EXTREME,DOWN,20,-0.1023,CHOPPY,65,30,60,STRONG,NONE,70,30,80,EXTREME,88,40,60,0.14,False,40,0.8308911483253588,47.782885167464116,RANGING,90,False,NONE,1.110635,1.114135,1.113355,FAR,30,50,85,50,NONE,NONE,NONE,False,[],0,0,ACCUMULATION,ACCUMULATION,50,56,False,13,"Smart money accumulation. Bullish bias, look for breakout.",1.0,0.8,False,False,False,False,0.3,0.3,True,False,False,22,True,[],0,NO,ACCUMULATION,"Smart money accumulation. Bullish bias, look for breakout.",EXTREME,LOW,0.147,[],False,Passed basic checks,0,50,50,MEDIUM,5,WAIT,รอการวิเคราะห์จาก AI
2026-06-27 21:15:00,1.113695,1.113695,1.113195,1.113595,1.0,EURUSD-OTC,BEARISH,1.113263,1.113379,1.114684,1.11763,1.118519,1.118529,BEARISH,1.120061,1.109307,0.010755,0.013431,63.07,40.47,-0.001917,-0.002178,0.000261,40.11,31.2,0.00161,77.39,0.06,0.001727,0.001721,38.39,18.68,29.14,21.88,0.0791,1,1.0,1.0,False,STABLE,0.000203,-0.000365,-0.000275,1.110635,1.120055,1.113875,1.114555,1.115385,1.113045,1.112365,23,5.85,1.113446,1.11324,1.112934,1.113235,71.81,60.22,0.000289,0.000164,88.05,83.51,0.000649,1.110635,1.113775,1.114544,1.110838,1.113495,1.113795,1.113295,1,1.0,1.113595,1.113695,1.113195,1.113695,NEW YORK,304368,LOW,1.113595,1.113695,1.113195,1.113695,NEW YORK,304368,LOW,DOJI,BULLISH,BULLISH,WEAK,AT_PIVOT,LOW_WICK,NEUTRAL,CHAOTIC,TRUE,TESTING_PIVOT,54,23,-33.33333333333333,50,NEUTRAL,False,70,['DOJI'],1,20,NEUTRAL,BULLISH,60,True,REJECTION,25,False,False,True,70,False,0,100,DOWN,NONE,NONE,0,True,75,55,45,80,False,True,NEUTRAL,70,False,0.0,NONE,True,BULLISH,True,False,50,False,70,20.87378640776622,11.004497751124035,60.0,30,POOR,False,75,87,0.06650221900672772,5,100.0,True,RANDOM,70,54.555743172128786,1.2901986559395981,True,MOMENTUM_SHIFT,False,True,False,65,True,70,DOWN,100,CHOPPY,EXTREME,DOWN,100,0.0791,CHOPPY,75,30,75,STRONG,BEARISH,65,40,75,EXTREME,88,40,60,0.06,False,40,0.8007594371230735,54.012056287692644,RANGING,90,False,NONE,1.110635,1.114555,1.113875,FAR,30,50,85,50,NONE,NONE,NONE,False,[],0,0,TRENDING_STRONG,TRENDING_STRONG,50,75,True,32,Strong directional trend with high momentum. Favorable for trend-following strategies.,1.0,0.5,False,False,False,False,0.3,0.3,True,False,False,22,True,[],0,NO,TRENDING_STRONG,Strong directional trend with high momentum. Favorable for trend-following strategies.,EXTREME,LOW,0.145,[],True,Passed basic checks,0,50,50,MEDIUM,5,WAIT,รอการวิเคราะห์จาก AI
2026-06-27 21:16:00,1.113695,1.113695,1.113195,1.113595,1.0,EURUSD-OTC,BEARISH,1.113263,1.113379,1.114684,1.11763,1.118519,1.118529,BEARISH,1.120061,1.109307,0.010755,0.013431,63.07,40.47,-0.001917,-0.002178,0.000261,40.11,31.2,0.00161,77.39,0.06,0.001727,0.001721,38.39,18.68,29.14,21.88,0.0791,1,1.0,1.0,False,STABLE,0.000203,-0.000365,-0.000275,1.110635,1.120055,1.113875,1.114555,1.115385,1.113045,1.112365,23,5.85,1.113446,1.11324,1.112934,1.113235,71.81,60.22,0.000289,0.000164,88.05,83.51,0.000649,1.110635,1.113775,1.114544,1.110838,1.113495,1.113795,1.113295,1,1.0,1.113595,1.113695,1.113195,1.113695,NEW YORK,362737,LOW,1.113595,1.113695,1.113195,1.113695,NEW YORK,362737,LOW,DOJI,BULLISH,BULLISH,WEAK,AT_PIVOT,LOW_WICK,NEUTRAL,CHAOTIC,TRUE,TESTING_PIVOT,54,23,-33.33333333333333,50,NEUTRAL,False,70,['DOJI'],1,20,NEUTRAL,BULLISH,60,True,REJECTION,25,False,False,True,70,False,0,100,DOWN,NONE,NONE,0,True,75,55,45,80,False,True,NEUTRAL,70,False,0.0,NONE,True,BULLISH,True,False,50,False,70,20.87378640776622,11.004497751124035,60.0,30,POOR,False,75,87,0.06650221900672772,5,100.0,True,RANDOM,70,54.555743172128786,1.2901986559395981,True,MOMENTUM_SHIFT,False,True,False,65,True,70,DOWN,100,CHOPPY,EXTREME,DOWN,100,0.0791,CHOPPY,75,30,75,STRONG,BEARISH,65,40,75,EXTREME,88,40,60,0.06,False,40,0.8007594371230735,54.012056287692644,RANGING,90,False,NONE,1.110635,1.114555,1.113875,FAR,30,50,85,50,NONE,NONE,NONE,False,[],0,0,SIDEWAY_RANGE,SIDEWAY_RANGE,50,60,True,32,Price ranging between clear levels. Suitable for mean-reversion strategies.,1.0,0.5,False,False,False,False,0.3,0.3,True,False,False,22,True,[],0,NO,SIDEWAY_RANGE,Price ranging between clear levels. Suitable for mean-reversion strategies.,EXTREME,LOW,0.145,[],True,Passed basic checks,0,50,50,MEDIUM,5,WAIT,รอการวิเคราะห์จาก AI
2026-06-27 21:17:00,1.113695,1.113695,1.113195,1.113595,1.0,EURUSD-OTC,BEARISH,1.113263,1.113379,1.114684,1.11763,1.118519,1.118529,BEARISH,1.120061,1.109307,0.010755,0.013431,63.07,40.47,-0.001917,-0.002178,0.000261,40.11,31.2,0.00161,77.39,0.06,0.001727,0.001721,38.39,18.68,29.14,21.88,0.0791,1,1.0,1.0,False,STABLE,0.000203,-0.000365,-0.000275,1.110635,1.120055,1.113875,1.114555,1.115385,1.113045,1.112365,23,5.85,1.113446,1.11324,1.112934,1.113235,71.81,60.22,0.000289,0.000164,88.05,83.51,0.000649,1.110635,1.113775,1.114544,1.110838,1.113495,1.113795,1.113295,1,1.0,1.113595,1.113695,1.113195,1.113695,NEW YORK,423042,LOW,1.113595,1.113695,1.113195,1.113695,NEW YORK,423042,LOW,DOJI,BULLISH,BULLISH,WEAK,AT_PIVOT,LOW_WICK,NEUTRAL,CHAOTIC,TRUE,TESTING_PIVOT,54,23,-33.33333333333333,50,NEUTRAL,False,70,['DOJI'],1,20,NEUTRAL,BULLISH,60,True,REJECTION,25,False,False,True,70,False,0,100,DOWN,NONE,NONE,0,True,75,55,45,80,False,True,NEUTRAL,70,False,0.0,NONE,True,BULLISH,True,False,50,False,70,20.87378640776622,11.004497751124035,60.0,30,POOR,False,75,87,0.06650221900672772,5,100.0,True,RANDOM,70,54.555743172128786,1.2901986559395981,True,MOMENTUM_SHIFT,False,True,False,65,True,70,DOWN,100,CHOPPY,EXTREME,DOWN,100,0.0791,CHOPPY,75,30,75,STRONG,BEARISH,65,40,75,EXTREME,88,40,60,0.06,False,40,0.8007594371230735,54.012056287692644,RANGING,90,False,NONE,1.110635,1.114555,1.113875,FAR,30,50,85,50,NONE,NONE,NONE,False,[],0,0,TRENDING_STRONG,TRENDING_STRONG,50,75,True,32,Strong directional trend with high momentum. Favorable for trend-following strategies.,1.0,0.5,False,False,False,False,0.3,0.3,True,False,False,22,True,[],0,NO,TRENDING_STRONG,Strong directional trend with high momentum. Favorable for trend-following strategies.,EXTREME,LOW,0.145,[],True,Passed basic checks,0,50,50,MEDIUM,5,WAIT,รอการวิเคราะห์จาก AI
2026-06-27 21:18:00,1.113695,1.113695,1.113195,1.113595,1.0,EURUSD-OTC,BEARISH,1.113263,1.113379,1.114684,1.11763,1.118519,1.118529,BEARISH,1.120061,1.109307,0.010755,0.013431,63.07,40.47,-0.001917,-0.002178,0.000261,40.11,31.2,0.00161,77.39,0.06,0.001727,0.001721,38.39,18.68,29.14,21.88,0.0791,1,1.0,1.0,False,STABLE,0.000203,-0.000365,-0.000275,1.110635,1.120055,1.113875,1.114555,1.115385,1.113045,1.112365,23,5.85,1.113446,1.11324,1.112934,1.113236,71.81,60.22,0.000289,0.000164,88.05,83.51,0.000649,1.110635,1.113775,1.114544,1.110838,1.113495,1.113795,1.113295,1,1.0,1.113595,1.113695,1.113195,1.113695,NEW YORK,482436,LOW,1.113595,1.113695,1.113195,1.113695,NEW YORK,482436,LOW,DOJI,BULLISH,BULLISH,WEAK,AT_PIVOT,LOW_WICK,NEUTRAL,CHAOTIC,TRUE,TESTING_PIVOT,54,23,-33.33333333333333,50,NEUTRAL,False,70,['DOJI'],1,20,NEUTRAL,BULLISH,60,True,REJECTION,25,False,False,True,70,False,0,100,DOWN,NONE,NONE,0,True,75,55,45,80,False,True,NEUTRAL,70,False,0.0,NONE,True,BULLISH,True,False,50,False,70,20.87378640776622,11.004497751124035,60.0,30,POOR,False,75,87,0.06650221900672772,5,100.0,True,RANDOM,70,54.555743172128786,1.2901986559395981,True,MOMENTUM_SHIFT,False,True,False,65,True,70,DOWN,100,CHOPPY,EXTREME,DOWN,100,0.0791,CHOPPY,75,30,75,STRONG,BEARISH,65,40,75,EXTREME,88,40,60,0.06,False,40,0.8007594371230735,54.012056287692644,RANGING,90,False,NONE,1.110635,1.114555,1.113875,FAR,30,50,85,50,NONE,NONE,NONE,False,[],0,0,TRENDING_STRONG,TRENDING_STRONG,50,75,True,32,Strong directional trend with high momentum. Favorable for trend-following strategies.,1.0,0.5,False,False,False,False,0.3,0.3,True,False,False,22,True,[],0,NO,TRENDING_STRONG,Strong directional trend with high momentum. Favorable for trend-following strategies.,EXTREME,LOW,0.145,[],True,Passed basic checks,0,50,50,MEDIUM,5,WAIT,รอการวิเคราะห์จาก AI
2026-06-27 21:19:00,1.113695,1.113695,1.113195,1.113595,1.0,EURUSD-OTC,BEARISH,1.113263,1.113379,1.114684,1.11763,1.118519,1.118529,BEARISH,1.120061,1.109307,0.010755,0.013431,63.07,40.47,-0.001917,-0.002178,0.000261,40.11,31.2,0.00161,77.39,0.06,0.001727,0.001721,38.39,18.68,29.14,21.88,0.0791,1,1.0,1.0,False,STABLE,0.000203,-0.000365,-0.000275,1.110635,1.120055,1.113875,1.114555,1.115385,1.113045,1.112365,23,5.85,1.113446,1.11324,1.112934,1.113236,71.81,60.22,0.000289,0.000164,88.05,83.51,0.000649,1.110635,1.113775,1.114544,1.110838,1.113495,1.113795,1.113295,1,1.0,1.113595,1.113695,1.113195,1.113695,NEW YORK,542810,LOW,1.113595,1.113695,1.113195,1.113695,NEW YORK,542810,LOW,DOJI,BULLISH,BULLISH,WEAK,AT_PIVOT,LOW_WICK,NEUTRAL,CHAOTIC,TRUE,TESTING_PIVOT,54,23,-33.33333333333333,50,NEUTRAL,False,70,['DOJI'],1,20,NEUTRAL,BULLISH,60,True,REJECTION,25,False,False,True,70,False,0,100,DOWN,NONE,NONE,0,True,75,55,45,80,False,True,NEUTRAL,70,False,0.0,NONE,True,BULLISH,True,False,50,False,70,20.87378640776622,11.004497751124035,60.0,30,POOR,False,75,87,0.06650221900672772,5,100.0,True,RANDOM,70,54.555743172128786,1.2901986559395981,True,MOMENTUM_SHIFT,False,True,False,65,True,70,DOWN,100,CHOPPY,EXTREME,DOWN,100,0.0791,CHOPPY,75,30,75,STRONG,BEARISH,65,40,75,EXTREME,88,40,60,0.06,False,40,0.8007594371230735,54.012056287692644,RANGING,90,False,NONE,1.110635,1.114555,1.113875,FAR,30,50,85,50,NONE,NONE,NONE,False,[],0,0,SIDEWAY_RANGE,SIDEWAY_RANGE,50,60,True,32,Price ranging between clear levels. Suitable for mean-reversion strategies.,1.0,0.5,False,False,False,False,0.3,0.3,True,False,False,22,True,[],0,NO,SIDEWAY_RANGE,Price ranging between clear levels. Suitable for mean-reversion strategies.,EXTREME,LOW,0.145,[],True,Passed basic checks,0,50,50,MEDIUM,5,WAIT,รอการวิเคราะห์จาก AI
2026-06-27 21:20:00,1.113745,1.114275,1.113625,1.114195,1.0,EURUSD-OTC,BEARISH,1.11346,1.113466,1.114605,1.117482,1.118432,1.118524,BEARISH,1.11974,1.109274,0.010465,0.013487,76.08,47.33,-0.001753,-0.002093,0.000339,51.15,41.01,0.001515,65.83,-0.15,0.001697,0.00175,37.21,17.99,28.07,21.88,0.2601,1,1.0,1.0,False,STABLE,0.000296,-0.000334,-0.00028,1.110635,1.120055,1.113912,1.114278,1.114702,1.113488,1.113122,24,6.22,1.113984,1.113782,1.1134,1.113398,65.41,58.98,0.000422,0.000332,64.88,72.11,0.000685,1.112045,1.114705,1.114512,1.112301,1.114032,1.114438,1.113788,1,1.0,1.114195,1.114275,1.113625,1.113745,NEW YORK,303264,LOW,1.114195,1.114275,1.113625,1.113745,NEW YORK,303264,LOW,NONE,BULLISH,BULLISH,WEAK,AT_PIVOT,LOW_WICK,NEUTRAL,NOISY,TRUE,TESTING_PIVOT,54,23,-26.666666666666668,50,NEUTRAL,False,70,[],0,0,NEUTRAL,BULLISH,40,True,REJECTION,25,False,False,True,70,False,0,100,DOWN,NONE,NONE,0,True,75,55,45,80,False,True,NEUTRAL,70,False,0.0,NONE,True,BULLISH,True,False,50,False,70,17.611940298506454,16.944444444444436,55.00000000000001,29,POOR,False,75,87,0.06951703633530848,5,100.0,True,RANDOM,70,55.65696193750207,1.0091172560427533,True,MOMENTUM_SHIFT,False,True,False,65,True,70,DOWN,100,IMPULSIVE,HIGH,DOWN,100,0.2601,IMPULSIVE,90,30,95,STRONG,BEARISH,65,40,75,HIGH,73,55,45,-0.15,False,80,0.775932379328242,63.336,RANGING,90,False,NONE,1.110635,1.114278,1.113912,FAR,30,50,85,50,NONE,NONE,NONE,False,[],0,0,ACCUMULATION,ACCUMULATION,50,56,False,13,"Smart money accumulation. Bullish bias, look for breakout.",1.0,0.8,False,False,False,False,0.3,0.3,True,False,False,22,True,[],0,NO,ACCUMULATION,"Smart money accumulation. Bullish bias, look for breakout.",HIGH,LOW,0.136,[],False,Passed basic checks,0,50,50,MEDIUM,5,WAIT,รอการวิเคราะห์จาก AI
2026-06-27 21:21:00,1.113745,1.114275,1.113625,1.114195,1.0,EURUSD-OTC,BEARISH,1.11346,1.113466,1.114605,1.117482,1.118432,1.118524,BEARISH,1.11974,1.109274,0.010465,0.013487,76.08,47.33,-0.001753,-0.002093,0.000339,51.15,41.01,0.001515,65.83,-0.15,0.001697,0.00175,37.21,17.99,28.07,21.88,0.2601,1,1.0,1.0,False,STABLE,0.000296,-0.000334,-0.00028,1.110635,1.120055,1.113912,1.114278,1.114702,1.113488,1.113122,24,6.22,1.113984,1.113782,1.1134,1.113398,65.41,58.98,0.000422,0.000332,64.88,72.11,0.000685,1.112045,1.114705,1.114512,1.112301,1.114032,1.114438,1.113788,1,1.0,1.114195,1.114275,1.113625,1.113745,NEW YORK,362829,LOW,1.114195,1.114275,1.113625,1.113745,NEW YORK,362829,LOW,NONE,BULLISH,BULLISH,WEAK,AT_PIVOT,LOW_WICK,NEUTRAL,NOISY,TRUE,TESTING_PIVOT,54,23,-26.666666666666668,50,NEUTRAL,False,70,[],0,0,NEUTRAL,BULLISH,40,True,REJECTION,25,False,False,True,70,False,0,100,DOWN,NONE,NONE,0,True,75,55,45,80,False,True,NEUTRAL,70,False,0.0,NONE,True,BULLISH,True,False,50,False,70,17.611940298506454,16.944444444444436,55.00000000000001,29,POOR,False,75,87,0.06951703633530848,5,100.0,True,RANDOM,70,55.65696193750207,1.0091172560427533,True,MOMENTUM_SHIFT,False,True,False,65,True,70,DOWN,100,IMPULSIVE,HIGH,DOWN,100,0.2601,IMPULSIVE,90,30,95,STRONG,BEARISH,65,40,75,HIGH,73,55,45,-0.15,False,80,0.775932379328242,63.336,RANGING,90,False,NONE,1.110635,1.114278,1.113912,FAR,30,50,85,50,NONE,NONE,NONE,False,[],0,0,ACCUMULATION,ACCUMULATION,50,56,False,13,"Smart money accumulation. Bullish bias, look for breakout.",1.0,0.8,False,False,False,False,0.3,0.3,True,False,False,22,True,[],0,NO,ACCUMULATION,"Smart money accumulation. Bullish bias, look for breakout.",HIGH,LOW,0.136,[],False,Passed basic checks,0,50,50,MEDIUM,5,WAIT,รอการวิเคราะห์จาก AI
2026-06-27 21:22:00,1.113745,1.114275,1.113625,1.114195,1.0,EURUSD-OTC,BEARISH,1.11346,1.113466,1.114605,1.117482,1.118432,1.118524,BEARISH,1.11974,1.109274,0.010465,0.013487,76.08,47.33,-0.001753,-0.002093,0.000339,51.15,41.01,0.001515,65.83,-0.15,0.001697,0.00175,37.21,17.99,28.07,21.88,0.2601,1,1.0,1.0,False,STABLE,0.000296,-0.000334,-0.00028,1.110635,1.120055,1.113912,1.114278,1.114702,1.113488,1.113122,24,6.22,1.113984,1.113782,1.1134,1.113398,65.41,58.98,0.000422,0.000332,64.88,72.11,0.000685,1.112045,1.114705,1.114512,1.112301,1.114032,1.114438,1.113788,1,1.0,1.114195,1.114275,1.113625,1.113745,NEW YORK,423182,LOW,1.114195,1.114275,1.113625,1.113745,NEW YORK,423182,LOW,NONE,BULLISH,BULLISH,WEAK,AT_PIVOT,LOW_WICK,NEUTRAL,NOISY,TRUE,TESTING_PIVOT,54,23,-26.666666666666668,50,NEUTRAL,False,70,[],0,0,NEUTRAL,BULLISH,40,True,REJECTION,25,False,False,True,70,False,0,100,DOWN,NONE,NONE,0,True,75,55,45,80,False,True,NEUTRAL,70,False,0.0,NONE,True,BULLISH,True,False,50,False,70,17.611940298506454,16.944444444444436,55.00000000000001,29,POOR,False,75,87,0.06951703633530848,5,100.0,True,RANDOM,70,55.65696193750207,1.0091172560427533,True,MOMENTUM_SHIFT,False,True,False,65,True,70,DOWN,100,IMPULSIVE,HIGH,DOWN,100,0.2601,IMPULSIVE,90,30,95,STRONG,BEARISH,65,40,75,HIGH,73,55,45,-0.15,False,80,0.775932379328242,63.336,RANGING,90,False,NONE,1.110635,1.114278,1.113912,FAR,30,50,85,50,NONE,NONE,NONE,False,[],0,0,SIDEWAY_RANGE,SIDEWAY_RANGE,50,51,False,13,Price ranging between clear levels. Suitable for mean-reversion strategies.,1.0,0.8,False,False,False,False,0.3,0.3,True,False,False,22,True,[],0,NO,SIDEWAY_RANGE,Price ranging between clear levels. Suitable for mean-reversion strategies.,HIGH,LOW,0.136,[],False,Passed basic checks,0,50,50,MEDIUM,5,WAIT,รอการวิเคราะห์จาก AI
2026-06-27 21:23:00,1.113745,1.114275,1.113625,1.114195,1.0,EURUSD-OTC,BEARISH,1.11346,1.113466,1.114605,1.117482,1.118432,1.118524,BEARISH,1.11974,1.109274,0.010465,0.013487,76.08,47.33,-0.001753,-0.002093,0.000339,51.15,41.01,0.001515,65.83,-0.15,0.001697,0.00175,37.21,17.99,28.07,21.88,0.2601,1,1.0,1.0,False,STABLE,0.000296,-0.000334,-0.00028,1.110635,1.120055,1.113912,1.114278,1.114702,1.113488,1.113122,24,6.22,1.113984,1.113782,1.1134,1.113399,65.41,58.98,0.000422,0.000332,64.88,72.11,0.000685,1.112045,1.114705,1.114512,1.112301,1.114032,1.114438,1.113788,1,1.0,1.114195,1.114275,1.113625,1.113745,NEW YORK,482702,LOW,1.114195,1.114275,1.113625,1.113745,NEW YORK,482702,LOW,NONE,BULLISH,BULLISH,WEAK,AT_PIVOT,LOW_WICK,NEUTRAL,NOISY,TRUE,TESTING_PIVOT,54,23,-26.666666666666668,50,NEUTRAL,False,70,[],0,0,NEUTRAL,BULLISH,40,True,REJECTION,25,False,False,True,70,False,0,100,DOWN,NONE,NONE,0,True,75,55,45,80,False,True,NEUTRAL,70,False,0.0,NONE,True,BULLISH,True,False,50,False,70,17.611940298506454,16.944444444444436,55.00000000000001,29,POOR,False,75,87,0.06951703633530848,5,100.0,True,RANDOM,70,55.65696193750207,1.0091172560427533,True,MOMENTUM_SHIFT,False,True,False,65,True,70,DOWN,100,IMPULSIVE,HIGH,DOWN,100,0.2601,IMPULSIVE,90,30,95,STRONG,BEARISH,65,40,75,HIGH,73,55,45,-0.15,False,80,0.775932379328242,63.336,RANGING,90,False,NONE,1.110635,1.114278,1.113912,FAR,30,50,85,50,NONE,NONE,NONE,False,[],0,0,ACCUMULATION,ACCUMULATION,50,56,False,13,"Smart money accumulation. Bullish bias, look for breakout.",1.0,0.8,False,False,False,False,0.3,0.3,True,False,False,22,True,[],0,NO,ACCUMULATION,"Smart money accumulation. Bullish bias, look for breakout.",HIGH,LOW,0.136,[],False,Passed basic checks,0,50,50,MEDIUM,5,WAIT,รอการวิเคราะห์จาก AI
2026-06-27 21:24:00,1.113745,1.114275,1.113625,1.114195,1.0,EURUSD-OTC,BEARISH,1.11346,1.113466,1.114605,1.117482,1.118432,1.118524,BEARISH,1.11974,1.109274,0.010465,0.013487,76.08,47.33,-0.001753,-0.002093,0.000339,51.15,41.01,0.001515,65.83,-0.15,0.001697,0.00175,37.21,17.99,28.07,21.88,0.2601,1,1.0,1.0,False,STABLE,0.000296,-0.000334,-0.00028,1.110635,1.120055,1.113912,1.114278,1.114702,1.113488,1.113122,24,6.22,1.113984,1.113782,1.1134,1.113399,65.41,58.98,0.000422,0.000332,64.88,72.11,0.000685,1.112045,1.114705,1.114512,1.112301,1.114032,1.114438,1.113788,1,1.0,1.114195,1.114275,1.113625,1.113745,NEW YORK,542974,LOW,1.114195,1.114275,1.113625,1.113745,NEW YORK,542974,LOW,NONE,BULLISH,BULLISH,WEAK,AT_PIVOT,LOW_WICK,NEUTRAL,NOISY,TRUE,TESTING_PIVOT,54,23,-26.666666666666668,50,NEUTRAL,False,70,[],0,0,NEUTRAL,BULLISH,40,True,REJECTION,25,False,False,True,70,False,0,100,DOWN,NONE,NONE,0,True,75,55,45,80,False,True,NEUTRAL,70,False,0.0,NONE,True,BULLISH,True,False,50,False,70,17.611940298506454,16.944444444444436,55.00000000000001,29,POOR,False,75,87,0.06951703633530848,5,100.0,True,RANDOM,70,55.65696193750207,1.0091172560427533,True,MOMENTUM_SHIFT,False,True,False,65,True,70,DOWN,100,IMPULSIVE,HIGH,DOWN,100,0.2601,IMPULSIVE,90,30,95,STRONG,BEARISH,65,40,75,HIGH,73,55,45,-0.15,False,80,0.775932379328242,63.336,RANGING,90,False,NONE,1.110635,1.114278,1.113912,FAR,30,50,85,50,NONE,NONE,NONE,False,[],0,0,ACCUMULATION,ACCUMULATION,50,56,False,13,"Smart money accumulation. Bullish bias, look for breakout.",1.0,0.8,False,False,False,False,0.3,0.3,True,False,False,22,True,[],0,NO,ACCUMULATION,"Smart money accumulation. Bullish bias, look for breakout.",HIGH,LOW,0.136,[],False,Passed basic checks,0,50,50,MEDIUM,5,WAIT,รอการวิเคราะห์จาก AI
2026-06-27 21:25:00,1.113845,1.113925,1.113485,1.113925,1.0,EURUSD-OTC,BEARISH,1.113392,1.113427,1.114476,1.117317,1.118341,1.118552,BEARISH,1.118935,1.10947,0.009464,0.013533,80.73,46.43,-0.001653,-0.002005,0.000352,53.55,48.27,0.00152,63.82,-0.16,0.001672,0.001765,36.48,16.86,29.36,27.04,0.0512,1,1.0,1.0,False,STABLE,0.00022,-0.000275,-0.000285,1.110635,1.120055,1.113462,1.114028,1.114802,1.112688,1.112122,25,6.2,1.113927,1.113868,1.113604,1.113493,52.33,58.41,0.000342,0.000357,65.41,64.2,0.000639,1.112465,1.114705,1.114671,1.112578,1.113778,1.114072,1.113632,1,1.0,1.113925,1.113925,1.113485,1.113845,NEW YORK,303396,LOW,1.113925,1.113925,1.113485,1.113845,NEW YORK,303396,LOW,NONE,BEARISH,BEARISH,WEAK,AT_PIVOT,LOW_WICK,NEUTRAL,NOISY,NONE,TESTING_PIVOT,53,23,-26.666666666666668,50,NEUTRAL,False,70,[],0,0,NEUTRAL,BEARISH,40,False,NONE,0,False,False,False,60,False,0,100,DOWN,NONE,NONE,0,True,75,55,45,80,False,True,NEUTRAL,70,False,0.0,NONE,True,BULLISH,True,False,50,False,70,32.47999999999916,17.49206349206314,60.0,36,FAIR,False,75,87,0.060959256341405255,5,100.0,True,RANDOM,70,55.58290785436427,1.6437604362092022,True,MOMENTUM_SHIFT,False,True,False,65,True,70,DOWN,100,CHOPPY,HIGH,DOWN,100,0.0512,CHOPPY,75,30,75,STRONG,BEARISH,65,40,75,HIGH,73,55,45,-0.16,False,80,0.6993275696445725,64.94399999999999,RANGING,90,False,NONE,1.110635,1.114028,1.113462,FAR,30,50,85,50,NONE,NONE,NONE,False,[],0,0,SIDEWAY_RANGE,SIDEWAY_RANGE,50,51,False,13,Price ranging between clear levels. Suitable for mean-reversion strategies.,1.0,0.8,False,False,False,False,0.3,0.3,True,False,False,22,True,[],0,NO,SIDEWAY_RANGE,Price ranging between clear levels. Suitable for mean-reversion strategies.,HIGH,LOW,0.136,[],False,Passed basic checks,0,50,50,MEDIUM,5,WAIT,รอการวิเคราะห์จาก AI
2026-06-27 21:26:00,1.113845,1.113925,1.113485,1.113925,1.0,EURUSD-OTC,BEARISH,1.113392,1.113427,1.114476,1.117317,1.118341,1.118552,BEARISH,1.118935,1.10947,0.009464,0.013533,80.73,46.43,-0.001653,-0.002005,0.000352,53.55,48.27,0.00152,63.82,-0.16,0.001672,0.001765,36.48,16.86,29.36,27.04,0.0512,1,1.0,1.0,False,STABLE,0.00022,-0.000275,-0.000285,1.110635,1.120055,1.113462,1.114028,1.114802,1.112688,1.112122,25,6.2,1.113927,1.113868,1.113604,1.113493,52.33,58.41,0.000342,0.000357,65.41,64.2,0.000639,1.112465,1.114705,1.114671,1.112578,1.113778,1.114072,1.113632,1,1.0,1.113925,1.113925,1.113485,1.113845,NEW YORK,362771,LOW,1.113925,1.113925,1.113485,1.113845,NEW YORK,362771,LOW,NONE,BEARISH,BEARISH,WEAK,AT_PIVOT,LOW_WICK,NEUTRAL,NOISY,NONE,TESTING_PIVOT,53,23,-26.666666666666668,50,NEUTRAL,False,70,[],0,0,NEUTRAL,BEARISH,40,False,NONE,0,False,False,False,60,False,0,100,DOWN,NONE,NONE,0,True,75,55,45,80,False,True,NEUTRAL,70,False,0.0,NONE,True,BULLISH,True,False,50,False,70,32.47999999999916,17.49206349206314,60.0,36,FAIR,False,75,87,0.060959256341405255,5,100.0,True,RANDOM,70,55.58290785436427,1.6437604362092022,True,MOMENTUM_SHIFT,False,True,False,65,True,70,DOWN,100,CHOPPY,HIGH,DOWN,100,0.0512,CHOPPY,75,30,75,STRONG,BEARISH,65,40,75,HIGH,73,55,45,-0.16,False,80,0.6993275696445725,64.94399999999999,RANGING,90,False,NONE,1.110635,1.114028,1.113462,FAR,30,50,85,50,NONE,NONE,NONE,False,[],0,0,ACCUMULATION,ACCUMULATION,50,56,False,13,"Smart money accumulation. Bullish bias, look for breakout.",1.0,0.8,False,False,False,False,0.3,0.3,True,False,False,22,True,[],0,NO,ACCUMULATION,"Smart money accumulation. Bullish bias, look for breakout.",HIGH,LOW,0.136,[],False,Passed basic checks,0,50,50,MEDIUM,5,WAIT,รอการวิเคราะห์จาก AI
2026-06-27 21:27:00,1.113845,1.113925,1.113485,1.113925,1.0,EURUSD-OTC,BEARISH,1.113392,1.113427,1.114476,1.117317,1.118341,1.118552,BEARISH,1.118935,1.10947,0.009464,0.013533,80.73,46.43,-0.001653,-0.002005,0.000352,53.55,48.27,0.00152,63.82,-0.16,0.001672,0.001765,36.48,16.86,29.36,27.04,0.0512,1,1.0,1.0,False,STABLE,0.00022,-0.000275,-0.000285,1.110635,1.120055,1.113462,1.114028,1.114802,1.112688,1.112122,25,6.2,1.113927,1.113868,1.113604,1.113493,52.33,58.41,0.000342,0.000357,65.41,64.2,0.000639,1.112465,1.114705,1.114671,1.112578,1.113778,1.114072,1.113632,1,1.0,1.113925,1.113925,1.113485,1.113845,NEW YORK,423259,LOW,1.113925,1.113925,1.113485,1.113845,NEW YORK,423259,LOW,NONE,BEARISH,BEARISH,WEAK,AT_PIVOT,LOW_WICK,NEUTRAL,NOISY,NONE,TESTING_PIVOT,53,23,-26.666666666666668,50,NEUTRAL,False,70,[],0,0,NEUTRAL,BEARISH,40,False,NONE,0,False,False,False,60,False,0,100,DOWN,NONE,NONE,0,True,75,55,45,80,False,True,NEUTRAL,70,False,0.0,NONE,True,BULLISH,True,False,50,False,70,32.47999999999916,17.49206349206314,60.0,36,FAIR,False,75,87,0.060959256341405255,5,100.0,True,RANDOM,70,55.58290785436427,1.6437604362092022,True,MOMENTUM_SHIFT,False,True,False,65,True,70,DOWN,100,CHOPPY,HIGH,DOWN,100,0.0512,CHOPPY,75,30,75,STRONG,BEARISH,65,40,75,HIGH,73,55,45,-0.16,False,80,0.6993275696445725,64.94399999999999,RANGING,90,False,NONE,1.110635,1.114028,1.113462,FAR,30,50,85,50,NONE,NONE,NONE,False,[],0,0,SIDEWAY_RANGE,SIDEWAY_RANGE,50,51,False,13,Price ranging between clear levels. Suitable for mean-reversion strategies.,1.0,0.8,False,False,False,False,0.3,0.3,True,False,False,22,True,[],0,NO,SIDEWAY_RANGE,Price ranging between clear levels. Suitable for mean-reversion strategies.,HIGH,LOW,0.136,[],False,Passed basic checks,0,50,50,MEDIUM,5,WAIT,รอการวิเคราะห์จาก AI
2026-06-27 21:28:00,1.113845,1.113925,1.113485,1.113925,1.0,EURUSD-OTC,BEARISH,1.113392,1.113427,1.114476,1.117317,1.118341,1.118552,BEARISH,1.118935,1.10947,0.009464,0.013533,80.73,46.43,-0.001653,-0.002005,0.000352,53.55,48.27,0.00152,63.82,-0.16,0.001672,0.001765,36.48,16.86,29.36,27.04,0.0512,1,1.0,1.0,False,STABLE,0.00022,-0.000275,-0.000285,1.110635,1.120055,1.113462,1.114028,1.114802,1.112688,1.112122,25,6.2,1.113927,1.113868,1.113604,1.113493,52.33,58.41,0.000342,0.000357,65.41,64.2,0.000639,1.112465,1.114705,1.114671,1.112578,1.113778,1.114072,1.113632,1,1.0,1.113925,1.113925,1.113485,1.113845,NEW YORK,482546,LOW,1.113925,1.113925,1.113485,1.113845,NEW YORK,482546,LOW,NONE,BEARISH,BEARISH,WEAK,AT_PIVOT,LOW_WICK,NEUTRAL,NOISY,NONE,TESTING_PIVOT,53,23,-26.666666666666668,50,NEUTRAL,False,70,[],0,0,NEUTRAL,BEARISH,40,False,NONE,0,False,False,False,60,False,0,100,DOWN,NONE,NONE,0,True,75,55,45,80,False,True,NEUTRAL,70,False,0.0,NONE,True,BULLISH,True,False,50,False,70,32.47999999999916,17.49206349206314,60.0,36,FAIR,False,75,87,0.060959256341405255,5,100.0,True,RANDOM,70,55.58290785436427,1.6437604362092022,True,MOMENTUM_SHIFT,False,True,False,65,True,70,DOWN,100,CHOPPY,HIGH,DOWN,100,0.0512,CHOPPY,75,30,75,STRONG,BEARISH,65,40,75,HIGH,73,55,45,-0.16,False,80,0.6993275696445725,64.94399999999999,RANGING,90,False,NONE,1.110635,1.114028,1.113462,FAR,30,50,85,50,NONE,NONE,NONE,False,[],0,0,ACCUMULATION,ACCUMULATION,50,56,False,13,"Smart money accumulation. Bullish bias, look for breakout.",1.0,0.8,False,False,False,False,0.3,0.3,True,False,False,22,True,[],0,NO,ACCUMULATION,"Smart money accumulation. Bullish bias, look for breakout.",HIGH,LOW,0.136,[],False,Passed basic checks,0,50,50,MEDIUM,5,WAIT,รอการวิเคราะห์จาก AI
2026-06-27 21:29:00,1.113845,1.113925,1.113485,1.113925,1.0,EURUSD-OTC,BEARISH,1.113392,1.113427,1.114476,1.117317,1.118341,1.118552,BEARISH,1.118935,1.10947,0.009464,0.013533,80.73,46.43,-0.001653,-0.002005,0.000352,53.55,48.27,0.00152,63.82,-0.16,0.001672,0.001765,36.48,16.86,29.36,27.04,0.0512,1,1.0,1.0,False,STABLE,0.00022,-0.000275,-0.000285,1.110635,1.120055,1.113462,1.114028,1.114802,1.112688,1.112122,25,6.2,1.113927,1.113868,1.113604,1.113493,52.33,58.41,0.000342,0.000357,65.41,64.2,0.000639,1.112465,1.114705,1.114671,1.112578,1.113778,1.114072,1.113632,1,1.0,1.113925,1.113925,1.113485,1.113845,NEW YORK,542940,LOW,1.113925,1.113925,1.113485,1.113845,NEW YORK,542940,LOW,NONE,BEARISH,BEARISH,WEAK,AT_PIVOT,LOW_WICK,NEUTRAL,NOISY,NONE,TESTING_PIVOT,53,23,-26.666666666666668,50,NEUTRAL,False,70,[],0,0,NEUTRAL,BEARISH,40,False,NONE,0,False,False,False,60,False,0,100,DOWN,NONE,NONE,0,True,75,55,45,80,False,True,NEUTRAL,70,False,0.0,NONE,True,BULLISH,True,False,50,False,70,32.47999999999916,17.49206349206314,60.0,36,FAIR,False,75,87,0.060959256341405255,5,100.0,True,RANDOM,70,55.58290785436427,1.6437604362092022,True,MOMENTUM_SHIFT,False,True,False,65,True,70,DOWN,100,CHOPPY,HIGH,DOWN,100,0.0512,CHOPPY,75,30,75,STRONG,BEARISH,65,40,75,HIGH,73,55,45,-0.16,False,80,0.6993275696445725,64.94399999999999,RANGING,90,False,NONE,1.110635,1.114028,1.113462,FAR,30,50,85,50,NONE,NONE,NONE,False,[],0,0,SIDEWAY_RANGE,SIDEWAY_RANGE,50,51,False,13,Price ranging between clear levels. Suitable for mean-reversion strategies.,1.0,0.8,False,False,False,False,0.3,0.3,True,False,False,22,True,[],0,NO,SIDEWAY_RANGE,Price ranging between clear levels. Suitable for mean-reversion strategies.,HIGH,LOW,0.136,[],False,Passed basic checks,0,50,50,MEDIUM,5,WAIT,รอการวิเคราะห์จาก AI
2026-06-27 21:30:00,1.113275,1.113625,1.112965,1.113625,1.0,EURUSD-OTC,BEARISH,1.113476,1.113467,1.114397,1.117172,1.118223,1.118319,BEARISH,1.118166,1.109727,0.008438,0.013569,80.31,41.27,-0.001525,-0.001909,0.000384,55.08,53.26,0.001455,44.22,-0.34,0.001639,0.001776,35.86,16.08,28.43,27.75,0.1439,1,1.0,1.0,False,STABLE,0.000251,-0.000211,-0.000284,1.110635,1.120055,1.113405,1.114005,1.114365,1.113045,1.112445,26,6.47,1.113474,1.113565,1.113518,1.113473,37.86,39.72,0.000127,0.000236,21.74,21.5,0.000619,1.112575,1.114705,1.114561,1.112849,1.113405,1.113845,1.113185,1,1.0,1.113625,1.113625,1.112965,1.113275,NEW YORK,304718,LOW,1.113625,1.113625,1.112965,1.113275,NEW YORK,304718,LOW,NONE,BULLISH,BULLISH,WEAK,AT_PIVOT,LOW_WICK,NEUTRAL,NOISY,NONE,TESTING_PIVOT,51,23,-26.666666666666668,50,NEUTRAL,False,70,[],0,0,NEUTRAL,BULLISH,40,False,NONE,0,False,False,False,60,False,0,100,DOWN,NONE,NONE,0,True,75,55,45,80,False,True,NEUTRAL,70,False,0.0,NONE,True,BULLISH,True,False,50,False,70,27.5862068965516,18.16114359974015,55.00000000000001,33,POOR,False,75,87,0.040342569957370726,5,100.0,True,RANDOM,70,56.047646543921665,1.0123649618208077,True,MOMENTUM_SHIFT,False,True,False,65,True,70,DOWN,100,IMPULSIVE,NORMAL,DOWN,100,0.1439,IMPULSIVE,85,30,85,STRONG,BEARISH,65,40,75,NORMAL,58,55,45,-0.34,False,80,0.6218586483897118,80.624,RANGING,90,False,NONE,1.110635,1.114005,1.113405,FAR,30,50,85,50,NONE,NONE,NONE,False,[],0,0,SIDEWAY_RANGE,SIDEWAY_RANGE,52,51,False,14,Price ranging between clear levels. Suitable for mean-reversion strategies.,1.0,0.8,False,False,False,False,0.3,0.3,True,False,False,18,True,[],0,NO,SIDEWAY_RANGE,Price ranging between clear levels. Suitable for mean-reversion strategies.,NORMAL,LOW,0.131,[],False,Passed basic checks,0,50,50,MEDIUM,5,WAIT,รอการวิเคราะห์จาก AI
2026-06-27 21:31:00,1.113275,1.113625,1.112965,1.113625,1.0,EURUSD-OTC,BEARISH,1.113476,1.113467,1.114397,1.117172,1.118223,1.118319,BEARISH,1.118166,1.109727,0.008438,0.013569,80.31,41.27,-0.001525,-0.001909,0.000384,55.08,53.26,0.001455,44.22,-0.34,0.001639,0.001776,35.86,16.08,28.43,27.75,0.1439,1,1.0,1.0,False,STABLE,0.000251,-0.000211,-0.000284,1.110635,1.120055,1.113405,1.114005,1.114365,1.113045,1.112445,26,6.47,1.113474,1.113565,1.113518,1.113473,37.86,39.72,0.000127,0.000236,21.74,21.5,0.000619,1.112575,1.114705,1.114561,1.112849,1.113405,1.113845,1.113185,1,1.0,1.113625,1.113625,1.112965,1.113275,NEW YORK,363090,LOW,1.113625,1.113625,1.112965,1.113275,NEW YORK,363090,LOW,NONE,BULLISH,BULLISH,WEAK,AT_PIVOT,LOW_WICK,NEUTRAL,NOISY,NONE,TESTING_PIVOT,51,23,-26.666666666666668,50,NEUTRAL,False,70,[],0,0,NEUTRAL,BULLISH,40,False,NONE,0,False,False,False,60,False,0,100,DOWN,NONE,NONE,0,True,75,55,45,80,False,True,NEUTRAL,70,False,0.0,NONE,True,BULLISH,True,False,50,False,70,27.5862068965516,18.16114359974015,55.00000000000001,33,POOR,False,75,87,0.040342569957370726,5,100.0,True,RANDOM,70,56.047646543921665,1.0123649618208077,True,MOMENTUM_SHIFT,False,True,False,65,True,70,DOWN,100,IMPULSIVE,NORMAL,DOWN,100,0.1439,IMPULSIVE,85,30,85,STRONG,BEARISH,65,40,75,NORMAL,58,55,45,-0.34,False,80,0.6218586483897118,80.624,RANGING,90,False,NONE,1.110635,1.114005,1.113405,FAR,30,50,85,50,NONE,NONE,NONE,False,[],0,0,SIDEWAY_RANGE,SIDEWAY_RANGE,52,51,False,14,Price ranging between clear levels. Suitable for mean-reversion strategies.,1.0,0.8,False,False,False,False,0.3,0.3,True,False,False,18,True,[],0,NO,SIDEWAY_RANGE,Price ranging between clear levels. Suitable for mean-reversion strategies.,NORMAL,LOW,0.131,[],False,Passed basic checks,0,50,50,MEDIUM,5,WAIT,รอการวิเคราะห์จาก AI
2026-06-27 21:32:00,1.113275,1.113625,1.112965,1.113625,1.0,EURUSD-OTC,BEARISH,1.113476,1.113467,1.114397,1.117172,1.118223,1.118319,BEARISH,1.118166,1.109727,0.008438,0.013569,80.31,41.27,-0.001525,-0.001909,0.000384,55.08,53.26,0.001455,44.22,-0.34,0.001639,0.001776,35.86,16.08,28.43,27.75,0.1439,1,1.0,1.0,False,STABLE,0.000251,-0.000211,-0.000284,1.110635,1.120055,1.113405,1.114005,1.114365,1.113045,1.112445,26,6.47,1.113474,1.113565,1.113518,1.113473,37.86,39.72,0.000127,0.000236,21.74,21.5,0.000619,1.112575,1.114705,1.114561,1.112849,1.113405,1.113845,1.113185,1,1.0,1.113625,1.113625,1.112965,1.113275,NEW YORK,422488,LOW,1.113625,1.113625,1.112965,1.113275,NEW YORK,422488,LOW,NONE,BULLISH,BULLISH,WEAK,AT_PIVOT,LOW_WICK,NEUTRAL,NOISY,NONE,TESTING_PIVOT,51,23,-26.666666666666668,50,NEUTRAL,False,70,[],0,0,NEUTRAL,BULLISH,40,False,NONE,0,False,False,False,60,False,0,100,DOWN,NONE,NONE,0,True,75,55,45,80,False,True,NEUTRAL,70,False,0.0,NONE,True,BULLISH,True,False,50,False,70,27.5862068965516,18.16114359974015,55.00000000000001,33,POOR,False,75,87,0.040342569957370726,5,100.0,True,RANDOM,70,56.047646543921665,1.0123649618208077,True,MOMENTUM_SHIFT,False,True,False,65,True,70,DOWN,100,IMPULSIVE,NORMAL,DOWN,100,0.1439,IMPULSIVE,85,30,85,STRONG,BEARISH,65,40,75,NORMAL,58,55,45,-0.34,False,80,0.6218586483897118,80.624,RANGING,90,False,NONE,1.110635,1.114005,1.113405,FAR,30,50,85,50,NONE,NONE,NONE,False,[],0,0,SIDEWAY_RANGE,SIDEWAY_RANGE,52,51,False,14,Price ranging between clear levels. Suitable for mean-reversion strategies.,1.0,0.8,False,False,False,False,0.3,0.3,True,False,False,18,True,[],0,NO,SIDEWAY_RANGE,Price ranging between clear levels. Suitable for mean-reversion strategies.,NORMAL,LOW,0.131,[],False,Passed basic checks,0,50,50,MEDIUM,5,WAIT,รอการวิเคราะห์จาก AI
2026-06-27 21:33:00,1.113275,1.113625,1.112965,1.113625,1.0,EURUSD-OTC,BEARISH,1.113476,1.113467,1.114397,1.117172,1.118223,1.118319,BEARISH,1.118166,1.109727,0.008438,0.013569,80.31,41.27,-0.001525,-0.001909,0.000384,55.08,53.26,0.001455,44.22,-0.34,0.001639,0.001776,35.86,16.08,28.43,27.75,0.1439,1,1.0,1.0,False,STABLE,0.000251,-0.000211,-0.000284,1.110635,1.120055,1.113405,1.114005,1.114365,1.113045,1.112445,26,6.47,1.113474,1.113565,1.113518,1.113473,37.86,39.72,0.000127,0.000236,21.74,21.5,0.000619,1.112575,1.114705,1.114561,1.112849,1.113405,1.113845,1.113185,1,1.0,1.113625,1.113625,1.112965,1.113275,NEW YORK,482859,LOW,1.113625,1.113625,1.112965,1.113275,NEW YORK,482859,LOW,NONE,BULLISH,BULLISH,WEAK,AT_PIVOT,LOW_WICK,NEUTRAL,NOISY,NONE,TESTING_PIVOT,51,23,-26.666666666666668,50,NEUTRAL,False,70,[],0,0,NEUTRAL,BULLISH,40,False,NONE,0,False,False,False,60,False,0,100,DOWN,NONE,NONE,0,True,75,55,45,80,False,True,NEUTRAL,70,False,0.0,NONE,True,BULLISH,True,False,50,False,70,27.5862068965516,18.16114359974015,55.00000000000001,33,POOR,False,75,87,0.040342569957370726,5,100.0,True,RANDOM,70,56.047646543921665,1.0123649618208077,True,MOMENTUM_SHIFT,False,True,False,65,True,70,DOWN,100,IMPULSIVE,NORMAL,DOWN,100,0.1439,IMPULSIVE,85,30,85,STRONG,BEARISH,65,40,75,NORMAL,58,55,45,-0.34,False,80,0.6218586483897118,80.624,RANGING,90,False,NONE,1.110635,1.114005,1.113405,FAR,30,50,85,50,NONE,NONE,NONE,False,[],0,0,SIDEWAY_RANGE,SIDEWAY_RANGE,52,51,False,14,Price ranging between clear levels. Suitable for mean-reversion strategies.,1.0,0.8,False,False,False,False,0.3,0.3,True,False,False,18,True,[],0,NO,SIDEWAY_RANGE,Price ranging between clear levels. Suitable for mean-reversion strategies.,NORMAL,LOW,0.131,[],False,Passed basic checks,0,50,50,MEDIUM,5,WAIT,รอการวิเคราะห์จาก AI
2026-06-27 21:34:00,1.113275,1.113625,1.112965,1.113625,1.0,EURUSD-OTC,BEARISH,1.113476,1.113467,1.114397,1.117172,1.118223,1.118319,BEARISH,1.118166,1.109727,0.008438,0.013569,80.31,41.27,-0.001525,-0.001909,0.000384,55.08,53.26,0.001455,44.22,-0.34,0.001639,0.001776,35.86,16.08,28.43,27.75,0.1439,1,1.0,1.0,False,STABLE,0.000251,-0.000211,-0.000284,1.110635,1.120055,1.113405,1.114005,1.114365,1.113045,1.112445,26,6.47,1.113474,1.113565,1.113518,1.113473,37.86,39.72,0.000127,0.000236,21.74,21.5,0.000619,1.112575,1.114705,1.114561,1.112849,1.113405,1.113845,1.113185,1,1.0,1.113625,1.113625,1.112965,1.113275,NEW YORK,543329,LOW,1.113625,1.113625,1.112965,1.113275,NEW YORK,543329,LOW,NONE,BULLISH,BULLISH,WEAK,AT_PIVOT,LOW_WICK,NEUTRAL,NOISY,NONE,TESTING_PIVOT,51,23,-26.666666666666668,50,NEUTRAL,False,70,[],0,0,NEUTRAL,BULLISH,40,False,NONE,0,False,False,False,60,False,0,100,DOWN,NONE,NONE,0,True,75,55,45,80,False,True,NEUTRAL,70,False,0.0,NONE,True,BULLISH,True,False,50,False,70,27.5862068965516,18.16114359974015,55.00000000000001,33,POOR,False,75,87,0.040342569957370726,5,100.0,True,RANDOM,70,56.047646543921665,1.0123649618208077,True,MOMENTUM_SHIFT,False,True,False,65,True,70,DOWN,100,IMPULSIVE,NORMAL,DOWN,100,0.1439,IMPULSIVE,85,30,85,STRONG,BEARISH,65,40,75,NORMAL,58,55,45,-0.34,False,80,0.6218586483897118,80.624,RANGING,90,False,NONE,1.110635,1.114005,1.113405,FAR,30,50,85,50,NONE,NONE,NONE,False,[],0,0,SIDEWAY_RANGE,SIDEWAY_RANGE,52,51,False,14,Price ranging between clear levels. Suitable for mean-reversion strategies.,1.0,0.8,False,False,False,False,0.3,0.3,True,False,False,18,True,[],0,NO,SIDEWAY_RANGE,Price ranging between clear levels. Suitable for mean-reversion strategies.,NORMAL,LOW,0.131,[],False,Passed basic checks,0,50,50,MEDIUM,5,WAIT,รอการวิเคราะห์จาก AI
2026-06-27 21:35:00,1.113675,1.114125,1.113635,1.113865,1.0,EURUSD-OTC,BEARISH,1.113423,1.113439,1.114294,1.117022,1.118148,1.118432,BEARISH,1.11706,1.110241,0.00682,0.013587,53.17,42.99,-0.001434,-0.001814,0.00038,56.55,55.06,0.001481,53.27,-0.28,0.001608,0.001789,34.91,16.69,26.44,22.6,0.1863,1,1.0,1.0,False,STABLE,0.00021,-0.000137,-0.000282,1.110635,1.120055,1.113372,1.114068,1.114822,1.112618,1.111922,27,6.36,1.11362,1.113571,1.113526,1.113481,68.51,48.27,9.4e-05,0.000127,61.87,44.3,0.000636,1.112805,1.114705,1.114572,1.112901,1.113875,1.114115,1.113625,1,1.0,1.113865,1.114125,1.113635,1.113675,NEW YORK,302756,LOW,1.113865,1.114125,1.113635,1.113675,NEW YORK,302756,LOW,NONE,BEARISH,BEARISH,WEAK,AT_PIVOT,LOW_WICK,NEUTRAL,NOISY,NONE,TESTING_PIVOT,52,23,-26.666666666666668,50,NEUTRAL,False,70,[],0,0,NEUTRAL,BEARISH,40,False,NONE,0,False,False,False,60,False,0,100,DOWN,NONE,NONE,0,True,75,55,45,80,False,True,NEUTRAL,70,False,0.0,NONE,True,BULLISH,True,False,50,False,70,32.138979370249146,15.19922879177355,60.0,35,POOR,False,75,77,0.040628200103019325,4,100.0,True,RANDOM,70,54.187602308808074,1.317954030644412,True,MOMENTUM_SHIFT,False,True,False,65,True,70,DOWN,100,IMPULSIVE,HIGH,DOWN,100,0.1863,IMPULSIVE,90,30,95,NORMAL,BEARISH,65,40,75,HIGH,73,55,45,-0.28,False,80,0.50195039375874,73.384,RANGING,90,False,NONE,1.110635,1.114068,1.113372,FAR,30,50,85,50,NONE,NONE,NONE,False,[],0,0,ACCUMULATION,ACCUMULATION,50,56,False,13,"Smart money accumulation. Bullish bias, look for breakout.",1.0,0.8,False,False,False,False,0.3,0.3,True,False,False,18,True,[],0,NO,ACCUMULATION,"Smart money accumulation. Bullish bias, look for breakout.",HIGH,LOW,0.133,[],False,Passed basic checks,0,50,50,MEDIUM,5,WAIT,รอการวิเคราะห์จาก AI
2026-06-27 21:36:00,1.113675,1.114125,1.113635,1.113865,1.0,EURUSD-OTC,BEARISH,1.113423,1.113439,1.114294,1.117022,1.118148,1.118432,BEARISH,1.11706,1.110241,0.00682,0.013587,53.17,42.99,-0.001434,-0.001814,0.00038,56.55,55.06,0.001481,53.27,-0.28,0.001608,0.001789,34.91,16.69,26.44,22.6,0.1863,1,1.0,1.0,False,STABLE,0.00021,-0.000137,-0.000282,1.110635,1.120055,1.113372,1.114068,1.114822,1.112618,1.111922,27,6.36,1.11362,1.113571,1.113526,1.11348,68.51,48.27,9.4e-05,0.000127,61.87,44.3,0.000636,1.112805,1.114705,1.114572,1.112901,1.113875,1.114115,1.113625,1,1.0,1.113865,1.114125,1.113635,1.113675,NEW YORK,363124,LOW,1.113865,1.114125,1.113635,1.113675,NEW YORK,363124,LOW,NONE,BEARISH,BEARISH,WEAK,AT_PIVOT,LOW_WICK,NEUTRAL,NOISY,NONE,TESTING_PIVOT,52,23,-26.666666666666668,50,NEUTRAL,False,70,[],0,0,NEUTRAL,BEARISH,40,False,NONE,0,False,False,False,60,False,0,100,DOWN,NONE,NONE,0,True,75,55,45,80,False,True,NEUTRAL,70,False,0.0,NONE,True,BULLISH,True,False,50,False,70,32.138979370249146,15.19922879177355,60.0,35,POOR,False,75,77,0.040628200103019325,4,100.0,True,RANDOM,70,54.187602308808074,1.317954030644412,True,MOMENTUM_SHIFT,False,True,False,65,True,70,DOWN,100,IMPULSIVE,HIGH,DOWN,100,0.1863,IMPULSIVE,90,30,95,NORMAL,BEARISH,65,40,75,HIGH,73,55,45,-0.28,False,80,0.50195039375874,73.384,RANGING,90,False,NONE,1.110635,1.114068,1.113372,FAR,30,50,85,50,NONE,NONE,NONE,False,[],0,0,ACCUMULATION,ACCUMULATION,50,56,False,13,"Smart money accumulation. Bullish bias, look for breakout.",1.0,0.8,False,False,False,False,0.3,0.3,True,False,False,18,True,[],0,NO,ACCUMULATION,"Smart money accumulation. Bullish bias, look for breakout.",HIGH,LOW,0.133,[],False,Passed basic checks,0,50,50,MEDIUM,5,WAIT,รอการวิเคราะห์จาก AI
2026-06-27 21:37:00,1.113675,1.114125,1.113635,1.113865,1.0,EURUSD-OTC,BEARISH,1.113423,1.113439,1.114294,1.117022,1.118148,1.118432,BEARISH,1.11706,1.110241,0.00682,0.013587,53.17,42.99,-0.001434,-0.001814,0.00038,56.55,55.06,0.001481,53.27,-0.28,0.001608,0.001789,34.91,16.69,26.44,22.6,0.1863,1,1.0,1.0,False,STABLE,0.00021,-0.000137,-0.000282,1.110635,1.120055,1.113372,1.114068,1.114822,1.112618,1.111922,27,6.36,1.11362,1.113571,1.113526,1.11348,68.51,48.27,9.4e-05,0.000127,61.87,44.3,0.000636,1.112805,1.114705,1.114572,1.112901,1.113875,1.114115,1.113625,1,1.0,1.113865,1.114125,1.113635,1.113675,NEW YORK,422445,LOW,1.113865,1.114125,1.113635,1.113675,NEW YORK,422445,LOW,NONE,BEARISH,BEARISH,WEAK,AT_PIVOT,LOW_WICK,NEUTRAL,NOISY,NONE,TESTING_PIVOT,52,23,-26.666666666666668,50,NEUTRAL,False,70,[],0,0,NEUTRAL,BEARISH,40,False,NONE,0,False,False,False,60,False,0,100,DOWN,NONE,NONE,0,True,75,55,45,80,False,True,NEUTRAL,70,False,0.0,NONE,True,BULLISH,True,False,50,False,70,32.138979370249146,15.19922879177355,60.0,35,POOR,False,75,77,0.040628200103019325,4,100.0,True,RANDOM,70,54.187602308808074,1.317954030644412,True,MOMENTUM_SHIFT,False,True,False,65,True,70,DOWN,100,IMPULSIVE,HIGH,DOWN,100,0.1863,IMPULSIVE,90,30,95,NORMAL,BEARISH,65,40,75,HIGH,73,55,45,-0.28,False,80,0.50195039375874,73.384,RANGING,90,False,NONE,1.110635,1.114068,1.113372,FAR,30,50,85,50,NONE,NONE,NONE,False,[],0,0,ACCUMULATION,ACCUMULATION,50,56,False,13,"Smart money accumulation. Bullish bias, look for breakout.",1.0,0.8,False,False,False,False,0.3,0.3,True,False,False,18,True,[],0,NO,ACCUMULATION,"Smart money accumulation. Bullish bias, look for breakout.",HIGH,LOW,0.133,[],False,Passed basic checks,0,50,50,MEDIUM,5,WAIT,รอการวิเคราะห์จาก AI
2026-06-27 21:38:00,1.113675,1.114125,1.113635,1.113865,1.0,EURUSD-OTC,BEARISH,1.113423,1.113439,1.114294,1.117022,1.118148,1.118432,BEARISH,1.11706,1.110241,0.00682,0.013587,53.17,42.99,-0.001434,-0.001814,0.00038,56.55,55.06,0.001481,53.27,-0.28,0.001608,0.001789,34.91,16.69,26.44,22.6,0.1863,1,1.0,1.0,False,STABLE,0.00021,-0.000137,-0.000282,1.110635,1.120055,1.113372,1.114068,1.114822,1.112618,1.111922,27,6.36,1.11362,1.113571,1.113526,1.11348,68.51,48.27,9.4e-05,0.000127,61.87,44.3,0.000636,1.112805,1.114705,1.114572,1.112901,1.113875,1.114115,1.113625,1,1.0,1.113865,1.114125,1.113635,1.113675,NEW YORK,482896,LOW,1.113865,1.114125,1.113635,1.113675,NEW YORK,482896,LOW,NONE,BEARISH,BEARISH,WEAK,AT_PIVOT,LOW_WICK,NEUTRAL,NOISY,NONE,TESTING_PIVOT,52,23,-26.666666666666668,50,NEUTRAL,False,70,[],0,0,NEUTRAL,BEARISH,40,False,NONE,0,False,False,False,60,False,0,100,DOWN,NONE,NONE,0,True,75,55,45,80,False,True,NEUTRAL,70,False,0.0,NONE,True,BULLISH,True,False,50,False,70,32.138979370249146,15.19922879177355,60.0,35,POOR,False,75,77,0.040628200103019325,4,100.0,True,RANDOM,70,54.187602308808074,1.317954030644412,True,MOMENTUM_SHIFT,False,True,False,65,True,70,DOWN,100,IMPULSIVE,HIGH,DOWN,100,0.1863,IMPULSIVE,90,30,95,NORMAL,BEARISH,65,40,75,HIGH,73,55,45,-0.28,False,80,0.50195039375874,73.384,RANGING,90,False,NONE,1.110635,1.114068,1.113372,FAR,30,50,85,50,NONE,NONE,NONE,False,[],0,0,ACCUMULATION,ACCUMULATION,50,56,False,13,"Smart money accumulation. Bullish bias, look for breakout.",1.0,0.8,False,False,False,False,0.3,0.3,True,False,False,18,True,[],0,NO,ACCUMULATION,"Smart money accumulation. Bullish bias, look for breakout.",HIGH,LOW,0.133,[],False,Passed basic checks,0,50,50,MEDIUM,5,WAIT,รอการวิเคราะห์จาก AI
2026-06-27 21:39:00,1.113675,1.114125,1.113635,1.113865,1.0,EURUSD-OTC,BEARISH,1.113423,1.113439,1.114294,1.117022,1.118148,1.118432,BEARISH,1.11706,1.110241,0.00682,0.013587,53.17,42.99,-0.001434,-0.001814,0.00038,56.55,55.06,0.001481,53.27,-0.28,0.001608,0.001789,34.91,16.69,26.44,22.6,0.1863,1,1.0,1.0,False,STABLE,0.00021,-0.000137,-0.000282,1.110635,1.120055,1.113372,1.114068,1.114822,1.112618,1.111922,27,6.36,1.11362,1.113571,1.113526,1.11348,68.51,48.27,9.4e-05,0.000127,61.87,44.3,0.000636,1.112805,1.114705,1.114572,1.112901,1.113875,1.114115,1.113625,1,1.0,1.113865,1.114125,1.113635,1.113675,NEW YORK,543266,LOW,1.113865,1.114125,1.113635,1.113675,NEW YORK,543266,LOW,NONE,BEARISH,BEARISH,WEAK,AT_PIVOT,LOW_WICK,NEUTRAL,NOISY,NONE,TESTING_PIVOT,52,23,-26.666666666666668,50,NEUTRAL,False,70,[],0,0,NEUTRAL,BEARISH,40,False,NONE,0,False,False,False,60,False,0,100,DOWN,NONE,NONE,0,True,75,55,45,80,False,True,NEUTRAL,70,False,0.0,NONE,True,BULLISH,True,False,50,False,70,32.138979370249146,15.19922879177355,60.0,35,POOR,False,75,77,0.040628200103019325,4,100.0,True,RANDOM,70,54.187602308808074,1.317954030644412,True,MOMENTUM_SHIFT,False,True,False,65,True,70,DOWN,100,IMPULSIVE,HIGH,DOWN,100,0.1863,IMPULSIVE,90,30,95,NORMAL,BEARISH,65,40,75,HIGH,73,55,45,-0.28,False,80,0.50195039375874,73.384,RANGING,90,False,NONE,1.110635,1.114068,1.113372,FAR,30,50,85,50,NONE,NONE,NONE,False,[],0,0,ACCUMULATION,ACCUMULATION,50,56,False,13,"Smart money accumulation. Bullish bias, look for breakout.",1.0,0.8,False,False,False,False,0.3,0.3,True,False,False,18,True,[],0,NO,ACCUMULATION,"Smart money accumulation. Bullish bias, look for breakout.",HIGH,LOW,0.133,[],False,Passed basic checks,0,50,50,MEDIUM,5,WAIT,รอการวิเคราะห์จาก AI
2026-06-27 21:40:00,1.113325,1.113405,1.112985,1.113085,1.0,EURUSD-OTC,BEARISH,1.11312,1.113271,1.114125,1.116844,1.118007,1.118161,BEARISH,1.116115,1.110633,0.005481,0.01359,38.65,48.32,-0.001409,-0.001733,0.000324,55.72,55.78,0.001414,31.66,-0.41,0.001573,0.001791,34.29,15.71,26.9,26.24,0.0729,1,1.0,1.0,False,STABLE,5.7e-05,-8.4e-05,-0.000282,1.110635,1.118085,1.112748,1.113232,1.113948,1.112032,1.111548,20,5.27,1.113185,1.113282,1.113363,1.113414,33.98,45.78,-4.8e-05,3e-05,29.94,24.0,0.000607,1.112675,1.114335,1.114245,1.112713,1.113158,1.113332,1.112912,1,1.0,1.113085,1.113405,1.112985,1.113325,NEW YORK,302910,LOW,1.113085,1.113405,1.112985,1.113325,NEW YORK,302910,LOW,NONE,BEARISH,BEARISH,WEAK,AT_PIVOT,LOW_WICK,NEUTRAL,NOISY,NONE,TESTING_PIVOT,54,20,-26.666666666666668,50,NEUTRAL,False,70,[],0,0,NEUTRAL,BEARISH,40,False,NONE,0,False,False,False,60,False,0,100,DOWN,NONE,NONE,0,True,75,55,45,80,False,True,NEUTRAL,70,False,0.0,NONE,True,BULLISH,True,False,50,False,70,30.671103716028675,12.955599734924206,60.0,34,POOR,False,75,77,0.03928839033534938,4,100.0,True,RANDOM,70,50.73412839723081,2.167115795554432,True,MOMENTUM_SHIFT,False,True,False,65,True,70,DOWN,80,CORRECTIVE,NORMAL,DOWN,80,0.0729,CORRECTIVE,65,30,65,NORMAL,BEARISH,65,40,75,NORMAL,58,55,45,-0.41,False,80,0.4033112582781457,90.672,RANGING,90,False,NONE,1.110635,1.113232,1.112748,FAR,30,50,85,50,NONE,NONE,NONE,False,[],0,0,SIDEWAY_RANGE,SIDEWAY_RANGE,50,51,False,13,Price ranging between clear levels. Suitable for mean-reversion strategies.,1.0,0.8,False,False,False,False,0.3,0.3,True,False,False,18,True,[],0,NO,SIDEWAY_RANGE,Price ranging between clear levels. Suitable for mean-reversion strategies.,NORMAL,LOW,0.127,[],False,Passed basic checks,0,50,50,MEDIUM,5,WAIT,รอการวิเคราะห์จาก AI
2026-06-27 21:41:00,1.113325,1.113405,1.112985,1.113085,1.0,EURUSD-OTC,BEARISH,1.11312,1.113271,1.114125,1.116844,1.118007,1.118161,BEARISH,1.116115,1.110633,0.005481,0.01359,38.65,48.32,-0.001409,-0.001733,0.000324,55.72,55.78,0.001414,31.66,-0.41,0.001573,0.001791,34.29,15.71,26.9,26.24,0.0729,1,1.0,1.0,False,STABLE,5.7e-05,-8.4e-05,-0.000282,1.110635,1.118085,1.112748,1.113232,1.113948,1.112032,1.111548,20,5.27,1.113185,1.113282,1.113363,1.113414,33.98,45.78,-4.8e-05,3e-05,29.94,24.0,0.000607,1.112675,1.114335,1.114245,1.112713,1.113158,1.113332,1.112912,1,1.0,1.113085,1.113405,1.112985,1.113325,NEW YORK,363245,LOW,1.113085,1.113405,1.112985,1.113325,NEW YORK,363245,LOW,NONE,BEARISH,BEARISH,WEAK,AT_PIVOT,LOW_WICK,NEUTRAL,NOISY,NONE,TESTING_PIVOT,54,20,-26.666666666666668,50,NEUTRAL,False,70,[],0,0,NEUTRAL,BEARISH,40,False,NONE,0,False,False,False,60,False,0,100,DOWN,NONE,NONE,0,True,75,55,45,80,False,True,NEUTRAL,70,False,0.0,NONE,True,BULLISH,True,False,50,False,70,30.671103716028675,12.955599734924206,60.0,34,POOR,False,75,77,0.03928839033534938,4,100.0,True,RANDOM,70,50.73412839723081,2.167115795554432,True,MOMENTUM_SHIFT,False,True,False,65,True,70,DOWN,80,CORRECTIVE,NORMAL,DOWN,80,0.0729,CORRECTIVE,65,30,65,NORMAL,BEARISH,65,40,75,NORMAL,58,55,45,-0.41,False,80,0.4033112582781457,90.672,RANGING,90,False,NONE,1.110635,1.113232,1.112748,FAR,30,50,85,50,NONE,NONE,NONE,False,[],0,0,SIDEWAY_RANGE,SIDEWAY_RANGE,50,51,False,13,Price ranging between clear levels. Suitable for mean-reversion strategies.,1.0,0.8,False,False,False,False,0.3,0.3,True,False,False,18,True,[],0,NO,SIDEWAY_RANGE,Price ranging between clear levels. Suitable for mean-reversion strategies.,NORMAL,LOW,0.127,[],False,Passed basic checks,0,50,50,MEDIUM,5,WAIT,รอการวิเคราะห์จาก AI
2026-06-27 21:42:00,1.113325,1.113405,1.112985,1.113085,1.0,EURUSD-OTC,BEARISH,1.11312,1.113271,1.114125,1.116844,1.118007,1.118161,BEARISH,1.116115,1.110633,0.005481,0.01359,38.65,48.32,-0.001409,-0.001733,0.000324,55.72,55.78,0.001414,31.66,-0.41,0.001573,0.001791,34.29,15.71,26.9,26.24,0.0729,1,1.0,1.0,False,STABLE,5.7e-05,-8.4e-05,-0.000282,1.110635,1.118085,1.112748,1.113232,1.113948,1.112032,1.111548,20,5.27,1.113185,1.113282,1.113363,1.113413,33.98,45.78,-4.8e-05,3e-05,29.94,24.0,0.000607,1.112675,1.114335,1.114245,1.112713,1.113158,1.113332,1.112912,1,1.0,1.113085,1.113405,1.112985,1.113325,NEW YORK,422778,LOW,1.113085,1.113405,1.112985,1.113325,NEW YORK,422778,LOW,NONE,BEARISH,BEARISH,WEAK,AT_PIVOT,LOW_WICK,NEUTRAL,NOISY,NONE,TESTING_PIVOT,54,20,-26.666666666666668,50,NEUTRAL,False,70,[],0,0,NEUTRAL,BEARISH,40,False,NONE,0,False,False,False,60,False,0,100,DOWN,NONE,NONE,0,True,75,55,45,80,False,True,NEUTRAL,70,False,0.0,NONE,True,BULLISH,True,False,50,False,70,30.671103716028675,12.955599734924206,60.0,34,POOR,False,75,77,0.03928839033534938,4,100.0,True,RANDOM,70,50.73412839723081,2.167115795554432,True,MOMENTUM_SHIFT,False,True,False,65,True,70,DOWN,80,CORRECTIVE,NORMAL,DOWN,80,0.0729,CORRECTIVE,65,30,65,NORMAL,BEARISH,65,40,75,NORMAL,58,55,45,-0.41,False,80,0.4033112582781457,90.672,RANGING,90,False,NONE,1.110635,1.113232,1.112748,FAR,30,50,85,50,NONE,NONE,NONE,False,[],0,0,SIDEWAY_RANGE,SIDEWAY_RANGE,50,51,False,13,Price ranging between clear levels. Suitable for mean-reversion strategies.,1.0,0.8,False,False,False,False,0.3,0.3,True,False,False,18,True,[],0,NO,SIDEWAY_RANGE,Price ranging between clear levels. Suitable for mean-reversion strategies.,NORMAL,LOW,0.127,[],False,Passed basic checks,0,50,50,MEDIUM,5,WAIT,รอการวิเคราะห์จาก AI
2026-06-27 21:43:00,1.113325,1.113405,1.112985,1.113085,1.0,EURUSD-OTC,BEARISH,1.11312,1.113271,1.114125,1.116844,1.118007,1.118161,BEARISH,1.116115,1.110633,0.005481,0.01359,38.65,48.32,-0.001409,-0.001733,0.000324,55.72,55.78,0.001414,31.66,-0.41,0.001573,0.001791,34.29,15.71,26.9,26.24,0.0729,1,1.0,1.0,False,STABLE,5.7e-05,-8.4e-05,-0.000282,1.110635,1.118085,1.112748,1.113232,1.113948,1.112032,1.111548,20,5.27,1.113185,1.113282,1.113363,1.113413,33.98,45.78,-4.8e-05,3e-05,29.94,24.0,0.000607,1.112675,1.114335,1.114245,1.112713,1.113158,1.113332,1.112912,1,1.0,1.113085,1.113405,1.112985,1.113325,NEW YORK,483078,LOW,1.113085,1.113405,1.112985,1.113325,NEW YORK,483078,LOW,NONE,BEARISH,BEARISH,WEAK,AT_PIVOT,LOW_WICK,NEUTRAL,NOISY,NONE,TESTING_PIVOT,54,20,-26.666666666666668,50,NEUTRAL,False,70,[],0,0,NEUTRAL,BEARISH,40,False,NONE,0,False,False,False,60,False,0,100,DOWN,NONE,NONE,0,True,75,55,45,80,False,True,NEUTRAL,70,False,0.0,NONE,True,BULLISH,True,False,50,False,70,30.671103716028675,12.955599734924206,60.0,34,POOR,False,75,77,0.03928839033534938,4,100.0,True,RANDOM,70,50.73412839723081,2.167115795554432,True,MOMENTUM_SHIFT,False,True,False,65,True,70,DOWN,80,CORRECTIVE,NORMAL,DOWN,80,0.0729,CORRECTIVE,65,30,65,NORMAL,BEARISH,65,40,75,NORMAL,58,55,45,-0.41,False,80,0.4033112582781457,90.672,RANGING,90,False,NONE,1.110635,1.113232,1.112748,FAR,30,50,85,50,NONE,NONE,NONE,False,[],0,0,SIDEWAY_RANGE,SIDEWAY_RANGE,50,51,False,13,Price ranging between clear levels. Suitable for mean-reversion strategies.,1.0,0.8,False,False,False,False,0.3,0.3,True,False,False,18,True,[],0,NO,SIDEWAY_RANGE,Price ranging between clear levels. Suitable for mean-reversion strategies.,NORMAL,LOW,0.127,[],False,Passed basic checks,0,50,50,MEDIUM,5,WAIT,รอการวิเคราะห์จาก AI
2026-06-27 21:44:00,1.113325,1.113405,1.112985,1.113085,1.0,EURUSD-OTC,BEARISH,1.11312,1.113271,1.114125,1.116844,1.118007,1.118161,BEARISH,1.116115,1.110633,0.005481,0.01359,38.65,48.32,-0.001409,-0.001733,0.000324,55.72,55.78,0.001414,31.66,-0.41,0.001573,0.001791,34.29,15.71,26.9,26.24,0.0729,1,1.0,1.0,False,STABLE,5.7e-05,-8.4e-05,-0.000282,1.110635,1.118085,1.112748,1.113232,1.113948,1.112032,1.111548,20,5.27,1.113185,1.113282,1.113363,1.113413,33.98,45.78,-4.8e-05,3e-05,29.94,24.0,0.000607,1.112675,1.114335,1.114245,1.112713,1.113158,1.113332,1.112912,1,1.0,1.113085,1.113405,1.112985,1.113325,NEW YORK,542536,LOW,1.113085,1.113405,1.112985,1.113325,NEW YORK,542536,LOW,NONE,BEARISH,BEARISH,WEAK,AT_PIVOT,LOW_WICK,NEUTRAL,NOISY,NONE,TESTING_PIVOT,54,20,-26.666666666666668,50,NEUTRAL,False,70,[],0,0,NEUTRAL,BEARISH,40,False,NONE,0,False,False,False,60,False,0,100,DOWN,NONE,NONE,0,True,75,55,45,80,False,True,NEUTRAL,70,False,0.0,NONE,True,BULLISH,True,False,50,False,70,30.671103716028675,12.955599734924206,60.0,34,POOR,False,75,77,0.03928839033534938,4,100.0,True,RANDOM,70,50.73412839723081,2.167115795554432,True,MOMENTUM_SHIFT,False,True,False,65,True,70,DOWN,80,CORRECTIVE,NORMAL,DOWN,80,0.0729,CORRECTIVE,65,30,65,NORMAL,BEARISH,65,40,75,NORMAL,58,55,45,-0.41,False,80,0.4033112582781457,90.672,RANGING,90,False,NONE,1.110635,1.113232,1.112748,FAR,30,50,85,50,NONE,NONE,NONE,False,[],0,0,SIDEWAY_RANGE,SIDEWAY_RANGE,50,51,False,13,Price ranging between clear levels. Suitable for mean-reversion strategies.,1.0,0.8,False,False,False,False,0.3,0.3,True,False,False,18,True,[],0,NO,SIDEWAY_RANGE,Price ranging between clear levels. Suitable for mean-reversion strategies.,NORMAL,LOW,0.127,[],False,Passed basic checks,0,50,50,MEDIUM,5,WAIT,รอการวิเคราะห์จาก AI
2026-06-27 21:45:00,1.112535,1.112745,1.112255,1.112385,1.0,EURUSD-OTC,BEARISH,1.113298,1.113341,1.11408,1.116719,1.117912,1.118053,BEARISH,1.115578,1.110893,0.004685,0.013578,48.97,64.8,-0.001283,-0.001643,0.00036,61.55,57.94,0.001391,24.12,-0.45,0.001543,0.001788,33.29,16.23,24.5,20.29,0.0422,1,1.0,1.0,False,STABLE,-1.9e-05,-3.1e-05,-0.000281,1.110635,1.116565,1.113175,1.114345,1.115035,1.112485,1.111315,20,4.26,1.112555,1.112775,1.113022,1.113248,30.82,39.37,-0.00024,-0.000117,9.84,8.34,0.000565,1.112255,1.114235,1.114056,1.112199,1.112462,1.112668,1.112178,1,1.0,1.112385,1.112745,1.112255,1.112535,NEW YORK,304132,LOW,1.112385,1.112745,1.112255,1.112535,NEW YORK,304132,LOW,NONE,BULLISH,BULLISH,WEAK,NONE,LOW_WICK,NEUTRAL,CHAOTIC,NONE,NONE,54,20,-20.0,50,NEUTRAL,False,70,[],0,0,NEUTRAL,BULLISH,40,False,NONE,0,False,False,False,60,False,0,100,DOWN,NONE,NONE,0,True,75,55,45,80,False,True,NEUTRAL,70,False,0.0,NONE,True,BULLISH,True,False,50,False,70,15.78347578347508,2.859042553191038,55.00000000000001,24,POOR,False,75,77,0.02261831230783181,4,100.0,True,RANDOM,70,48.480045942938034,2.2176626027079642,False,NONE,False,False,False,100,True,70,DOWN,40,CHOPPY,LOW,DOWN,40,0.0422,CHOPPY,55,30,50,NORMAL,NONE,70,40,80,LOW,58,55,45,-0.45,False,65,0.3450434526439829,96.704,RANGING,90,False,NONE,1.110635,1.114345,1.113175,FAR,30,50,85,50,NONE,NONE,NONE,False,[],0,0,BREAKOUT_EMERGING,BREAKOUT_EMERGING,53,70,True,34,"Volatility expansion after compression. Potential breakout opportunity. (breakout prob: 30%, reversal prob: 50%)",1.0,0.5,False,False,False,False,0.3,0.3,True,False,False,18,True,[],0,NO,BREAKOUT_EMERGING,"Volatility expansion after compression. Potential breakout opportunity. (breakout prob: 30%, reversal prob: 50%)",LOW,LOW,0.125,[],True,Passed basic checks,0,50,50,MEDIUM,5,WAIT,รอการวิเคราะห์จาก AI
2026-06-27 21:46:00,1.112535,1.112745,1.112255,1.112385,1.0,EURUSD-OTC,BEARISH,1.113298,1.113341,1.11408,1.116719,1.117912,1.118053,BEARISH,1.115578,1.110893,0.004685,0.013578,48.97,64.8,-0.001283,-0.001643,0.00036,61.55,57.94,0.001391,24.12,-0.45,0.001543,0.001788,33.29,16.23,24.5,20.29,0.0422,1,1.0,1.0,False,STABLE,-1.9e-05,-3.1e-05,-0.000281,1.110635,1.116565,1.113175,1.114345,1.115035,1.112485,1.111315,20,4.26,1.112555,1.112775,1.113022,1.113248,30.82,39.37,-0.00024,-0.000117,9.84,8.34,0.000565,1.112255,1.114235,1.114056,1.112199,1.112462,1.112668,1.112178,1,1.0,1.112385,1.112745,1.112255,1.112535,NEW YORK,362476,LOW,1.112385,1.112745,1.112255,1.112535,NEW YORK,362476,LOW,NONE,BULLISH,BULLISH,WEAK,NONE,LOW_WICK,NEUTRAL,CHAOTIC,NONE,NONE,54,20,-20.0,50,NEUTRAL,False,70,[],0,0,NEUTRAL,BULLISH,40,False,NONE,0,False,False,False,60,False,0,100,DOWN,NONE,NONE,0,True,75,55,45,80,False,True,NEUTRAL,70,False,0.0,NONE,True,BULLISH,True,False,50,False,70,15.78347578347508,2.859042553191038,55.00000000000001,24,POOR,False,75,77,0.02261831230783181,4,100.0,True,RANDOM,70,48.480045942938034,2.2176626027079642,False,NONE,False,False,False,100,True,70,DOWN,40,CHOPPY,LOW,DOWN,40,0.0422,CHOPPY,55,30,50,NORMAL,NONE,70,40,80,LOW,58,55,45,-0.45,False,65,0.3450434526439829,96.704,RANGING,90,False,NONE,1.110635,1.114345,1.113175,FAR,30,50,85,50,NONE,NONE,NONE,False,[],0,0,BREAKOUT_EMERGING,BREAKOUT_EMERGING,53,70,True,34,"Volatility expansion after compression. Potential breakout opportunity. (breakout prob: 30%, reversal prob: 50%)",1.0,0.5,False,False,False,False,0.3,0.3,True,False,False,18,True,[],0,NO,BREAKOUT_EMERGING,"Volatility expansion after compression. Potential breakout opportunity. (breakout prob: 30%, reversal prob: 50%)",LOW,LOW,0.125,[],True,Passed basic checks,0,50,50,MEDIUM,5,WAIT,รอการวิเคราะห์จาก AI
2026-06-27 21:47:00,1.112535,1.112745,1.112255,1.112385,1.0,EURUSD-OTC,BEARISH,1.113298,1.113341,1.11408,1.116719,1.117912,1.118053,BEARISH,1.115578,1.110893,0.004685,0.013578,48.97,64.8,-0.001283,-0.001643,0.00036,61.55,57.94,0.001391,24.12,-0.45,0.001543,0.001788,33.29,16.23,24.5,20.29,0.0422,1,1.0,1.0,False,STABLE,-1.9e-05,-3.1e-05,-0.000281,1.110635,1.116565,1.113175,1.114345,1.115035,1.112485,1.111315,20,4.26,1.112555,1.112775,1.113022,1.113248,30.82,39.37,-0.00024,-0.000117,9.84,8.34,0.000565,1.112255,1.114235,1.114056,1.112199,1.112462,1.112668,1.112178,1,1.0,1.112385,1.112745,1.112255,1.112535,NEW YORK,422819,LOW,1.112385,1.112745,1.112255,1.112535,NEW YORK,422819,LOW,NONE,BULLISH,BULLISH,WEAK,NONE,LOW_WICK,NEUTRAL,CHAOTIC,NONE,NONE,54,20,-20.0,50,NEUTRAL,False,70,[],0,0,NEUTRAL,BULLISH,40,False,NONE,0,False,False,False,60,False,0,100,DOWN,NONE,NONE,0,True,75,55,45,80,False,True,NEUTRAL,70,False,0.0,NONE,True,BULLISH,True,False,50,False,70,15.78347578347508,2.859042553191038,55.00000000000001,24,POOR,False,75,77,0.02261831230783181,4,100.0,True,RANDOM,70,48.480045942938034,2.2176626027079642,False,NONE,False,False,False,100,True,70,DOWN,40,CHOPPY,LOW,DOWN,40,0.0422,CHOPPY,55,30,50,NORMAL,NONE,70,40,80,LOW,58,55,45,-0.45,False,65,0.3450434526439829,96.704,RANGING,90,False,NONE,1.110635,1.114345,1.113175,FAR,30,50,85,50,NONE,NONE,NONE,False,[],0,0,BREAKOUT_EMERGING,BREAKOUT_EMERGING,53,70,True,34,"Volatility expansion after compression. Potential breakout opportunity. (breakout prob: 30%, reversal prob: 50%)",1.0,0.5,False,False,False,False,0.3,0.3,True,False,False,18,True,[],0,NO,BREAKOUT_EMERGING,"Volatility expansion after compression. Potential breakout opportunity. (breakout prob: 30%, reversal prob: 50%)",LOW,LOW,0.125,[],True,Passed basic checks,0,50,50,MEDIUM,5,WAIT,รอการวิเคราะห์จาก AI
2026-06-27 21:48:00,1.112535,1.112745,1.112255,1.112385,1.0,EURUSD-OTC,BEARISH,1.113298,1.113341,1.11408,1.116719,1.117912,1.118053,BEARISH,1.115578,1.110893,0.004685,0.013578,48.97,64.8,-0.001283,-0.001643,0.00036,61.55,57.94,0.001391,24.12,-0.45,0.001543,0.001788,33.29,16.23,24.5,20.29,0.0422,1,1.0,1.0,False,STABLE,-1.9e-05,-3.1e-05,-0.000281,1.110635,1.116565,1.113175,1.114345,1.115035,1.112485,1.111315,20,4.26,1.112555,1.112775,1.113022,1.113248,30.82,39.37,-0.00024,-0.000117,9.84,8.34,0.000565,1.112255,1.114235,1.114056,1.112199,1.112462,1.112668,1.112178,1,1.0,1.112385,1.112745,1.112255,1.112535,NEW YORK,483127,LOW,1.112385,1.112745,1.112255,1.112535,NEW YORK,483127,LOW,NONE,BULLISH,BULLISH,WEAK,NONE,LOW_WICK,NEUTRAL,CHAOTIC,NONE,NONE,54,20,-20.0,50,NEUTRAL,False,70,[],0,0,NEUTRAL,BULLISH,40,False,NONE,0,False,False,False,60,False,0,100,DOWN,NONE,NONE,0,True,75,55,45,80,False,True,NEUTRAL,70,False,0.0,NONE,True,BULLISH,True,False,50,False,70,15.78347578347508,2.859042553191038,55.00000000000001,24,POOR,False,75,77,0.02261831230783181,4,100.0,True,RANDOM,70,48.480045942938034,2.2176626027079642,False,NONE,False,False,False,100,True,70,DOWN,40,CHOPPY,LOW,DOWN,40,0.0422,CHOPPY,55,30,50,NORMAL,NONE,70,40,80,LOW,58,55,45,-0.45,False,65,0.3450434526439829,96.704,RANGING,90,False,NONE,1.110635,1.114345,1.113175,FAR,30,50,85,50,NONE,NONE,NONE,False,[],0,0,BREAKOUT_EMERGING,BREAKOUT_EMERGING,53,70,True,34,"Volatility expansion after compression. Potential breakout opportunity. (breakout prob: 30%, reversal prob: 50%)",1.0,0.5,False,False,False,False,0.3,0.3,True,False,False,18,True,[],0,NO,BREAKOUT_EMERGING,"Volatility expansion after compression. Potential breakout opportunity. (breakout prob: 30%, reversal prob: 50%)",LOW,LOW,0.125,[],True,Passed basic checks,0,50,50,MEDIUM,5,WAIT,รอการวิเคราะห์จาก AI
2026-06-27 21:49:00,1.112535,1.112745,1.112255,1.112385,1.0,EURUSD-OTC,BEARISH,1.113298,1.113341,1.11408,1.116719,1.117912,1.118053,BEARISH,1.115578,1.110893,0.004685,0.013578,48.97,64.8,-0.001283,-0.001643,0.00036,61.55,57.94,0.001391,24.12,-0.45,0.001543,0.001788,33.29,16.23,24.5,20.29,0.0422,1,1.0,1.0,False,STABLE,-1.9e-05,-3.1e-05,-0.000281,1.110635,1.116565,1.113175,1.114345,1.115035,1.112485,1.111315,20,4.26,1.112555,1.112775,1.113022,1.113248,30.82,39.37,-0.00024,-0.000117,9.84,8.34,0.000565,1.112255,1.114235,1.114056,1.112199,1.112462,1.112668,1.112178,1,1.0,1.112385,1.112745,1.112255,1.112535,NEW YORK,542433,LOW,1.112385,1.112745,1.112255,1.112535,NEW YORK,542433,LOW,NONE,BULLISH,BULLISH,WEAK,NONE,LOW_WICK,NEUTRAL,CHAOTIC,NONE,NONE,54,20,-20.0,50,NEUTRAL,False,70,[],0,0,NEUTRAL,BULLISH,40,False,NONE,0,False,False,False,60,False,0,100,DOWN,NONE,NONE,0,True,75,55,45,80,False,True,NEUTRAL,70,False,0.0,NONE,True,BULLISH,True,False,50,False,70,15.78347578347508,2.859042553191038,55.00000000000001,24,POOR,False,75,77,0.02261831230783181,4,100.0,True,RANDOM,70,48.480045942938034,2.2176626027079642,False,NONE,False,False,False,100,True,70,DOWN,40,CHOPPY,LOW,DOWN,40,0.0422,CHOPPY,55,30,50,NORMAL,NONE,70,40,80,LOW,58,55,45,-0.45,False,65,0.3450434526439829,96.704,RANGING,90,False,NONE,1.110635,1.114345,1.113175,FAR,30,50,85,50,NONE,NONE,NONE,False,[],0,0,BREAKOUT_EMERGING,BREAKOUT_EMERGING,53,70,True,34,"Volatility expansion after compression. Potential breakout opportunity. (breakout prob: 30%, reversal prob: 50%)",1.0,0.5,False,False,False,False,0.3,0.3,True,False,False,18,True,[],0,NO,BREAKOUT_EMERGING,"Volatility expansion after compression. Potential breakout opportunity. (breakout prob: 30%, reversal prob: 50%)",LOW,LOW,0.125,[],True,Passed basic checks,0,50,50,MEDIUM,5,WAIT,รอการวิเคราะห์จาก AI
2026-06-27 21:50:00,1.113665,1.113745,1.113005,1.113305,1.0,EURUSD-OTC,BEARISH,1.113487,1.113436,1.114059,1.116607,1.117812,1.117865,BEARISH,1.115488,1.110918,0.00457,0.013563,51.94,57.78,-0.001153,-0.001545,0.000392,66.58,61.28,0.001333,11.06,-0.61,0.001507,0.001779,31.84,17.62,22.88,12.98,0.0638,1,1.0,1.0,False,STABLE,-8e-06,-2e-06,-0.000279,1.110635,1.116015,1.113748,1.114492,1.115118,1.113122,1.112378,20,4.04,1.113167,1.113036,1.113069,1.113224,73.77,49.61,-6.9e-05,-0.000136,70.64,57.2,0.000554,1.112005,1.114125,1.113998,1.112112,1.113352,1.113698,1.112958,1,1.0,1.113305,1.113745,1.113005,1.113665,NEW YORK,302935,LOW,1.113305,1.113745,1.113005,1.113665,NEW YORK,302935,LOW,NONE,BULLISH,BULLISH,WEAK,AT_PIVOT,LOW_WICK,NEUTRAL,CHAOTIC,NONE,TESTING_PIVOT,52,23,-13.333333333333334,50,NEUTRAL,False,70,[],0,0,NEUTRAL,BULLISH,40,False,NONE,0,False,False,False,60,False,0,100,DOWN,NONE,NONE,0,True,75,55,45,80,False,True,NEUTRAL,70,False,0.0,NONE,True,BULLISH,True,False,50,False,70,4.100946372238502,0.9887487214452952,50.0,18,POOR,False,75,77,0.03176555224075965,4,100.0,True,RANDOM,70,49.58592556071286,0.6847051193839362,False,NONE,False,False,False,100,True,70,DOWN,20,CHOPPY,LOW,DOWN,20,0.0638,CHOPPY,55,30,50,NORMAL,NONE,65,40,75,LOW,58,55,45,-0.61,False,65,0.33694610336946107,100.0,RANGING,90,False,NONE,1.110635,1.114492,1.113748,FAR,30,50,85,50,NONE,NONE,NONE,False,[],0,0,BREAKOUT_EMERGING,BREAKOUT_EMERGING,53,70,True,33,"Volatility expansion after compression. Potential breakout opportunity. (breakout prob: 30%, reversal prob: 50%)",1.0,0.5,False,False,False,False,0.3,0.3,True,False,False,18,True,[],0,NO,BREAKOUT_EMERGING,"Volatility expansion after compression. Potential breakout opportunity. (breakout prob: 30%, reversal prob: 50%)",LOW,LOW,0.12,[],True,Passed basic checks,0,50,50,MEDIUM,5,WAIT,รอการวิเคราะห์จาก AI
2026-06-27 21:51:00,1.113665,1.113745,1.113005,1.113305,1.0,EURUSD-OTC,BEARISH,1.113487,1.113436,1.114059,1.116607,1.117812,1.117865,BEARISH,1.115488,1.110918,0.00457,0.013563,51.94,57.78,-0.001153,-0.001545,0.000392,66.58,61.28,0.001333,11.06,-0.61,0.001507,0.001779,31.84,17.62,22.88,12.98,0.0638,1,1.0,1.0,False,STABLE,-8e-06,-2e-06,-0.000279,1.110635,1.116015,1.113748,1.114492,1.115118,1.113122,1.112378,20,4.04,1.113167,1.113036,1.113069,1.113224,73.77,49.61,-6.9e-05,-0.000136,70.64,57.2,0.000554,1.112005,1.114125,1.113998,1.112112,1.113352,1.113698,1.112958,1,1.0,1.113305,1.113745,1.113005,1.113665,NEW YORK,363206,LOW,1.113305,1.113745,1.113005,1.113665,NEW YORK,363206,LOW,NONE,BULLISH,BULLISH,WEAK,AT_PIVOT,LOW_WICK,NEUTRAL,CHAOTIC,NONE,TESTING_PIVOT,52,23,-13.333333333333334,50,NEUTRAL,False,70,[],0,0,NEUTRAL,BULLISH,40,False,NONE,0,False,False,False,60,False,0,100,DOWN,NONE,NONE,0,True,75,55,45,80,False,True,NEUTRAL,70,False,0.0,NONE,True,BULLISH,True,False,50,False,70,4.100946372238502,0.9887487214452952,50.0,18,POOR,False,75,77,0.03176555224075965,4,100.0,True,RANDOM,70,49.58592556071286,0.6847051193839362,False,NONE,False,False,False,100,True,70,DOWN,20,CHOPPY,LOW,DOWN,20,0.0638,CHOPPY,55,30,50,NORMAL,NONE,65,40,75,LOW,58,55,45,-0.61,False,65,0.33694610336946107,100.0,RANGING,90,False,NONE,1.110635,1.114492,1.113748,FAR,30,50,85,50,NONE,NONE,NONE,False,[],0,0,BREAKOUT_EMERGING,BREAKOUT_EMERGING,53,70,True,33,"Volatility expansion after compression. Potential breakout opportunity. (breakout prob: 30%, reversal prob: 50%)",1.0,0.5,False,False,False,False,0.3,0.3,True,False,False,18,True,[],0,NO,BREAKOUT_EMERGING,"Volatility expansion after compression. Potential breakout opportunity. (breakout prob: 30%, reversal prob: 50%)",LOW,LOW,0.12,[],True,Passed basic checks,0,50,50,MEDIUM,5,WAIT,รอการวิเคราะห์จาก AI
2026-06-27 21:52:00,1.113665,1.113745,1.113005,1.113305,1.0,EURUSD-OTC,BEARISH,1.113487,1.113436,1.114059,1.116607,1.117812,1.117865,BEARISH,1.115488,1.110918,0.00457,0.013563,51.94,57.78,-0.001153,-0.001545,0.000392,66.58,61.28,0.001333,11.06,-0.61,0.001507,0.001779,31.84,17.62,22.88,12.98,0.0638,1,1.0,1.0,False,STABLE,-8e-06,-2e-06,-0.000279,1.110635,1.116015,1.113748,1.114492,1.115118,1.113122,1.112378,20,4.04,1.113167,1.113036,1.113069,1.113224,73.77,49.61,-6.9e-05,-0.000136,70.64,57.2,0.000554,1.112005,1.114125,1.113998,1.112112,1.113352,1.113698,1.112958,1,1.0,1.113305,1.113745,1.113005,1.113665,NEW YORK,422750,LOW,1.113305,1.113745,1.113005,1.113665,NEW YORK,422750,LOW,NONE,BULLISH,BULLISH,WEAK,AT_PIVOT,LOW_WICK,NEUTRAL,CHAOTIC,NONE,TESTING_PIVOT,52,23,-13.333333333333334,50,NEUTRAL,False,70,[],0,0,NEUTRAL,BULLISH,40,False,NONE,0,False,False,False,60,False,0,100,DOWN,NONE,NONE,0,True,75,55,45,80,False,True,NEUTRAL,70,False,0.0,NONE,True,BULLISH,True,False,50,False,70,4.100946372238502,0.9887487214452952,50.0,18,POOR,False,75,77,0.03176555224075965,4,100.0,True,RANDOM,70,49.58592556071286,0.6847051193839362,False,NONE,False,False,False,100,True,70,DOWN,20,CHOPPY,LOW,DOWN,20,0.0638,CHOPPY,55,30,50,NORMAL,NONE,65,40,75,LOW,58,55,45,-0.61,False,65,0.33694610336946107,100.0,RANGING,90,False,NONE,1.110635,1.114492,1.113748,FAR,30,50,85,50,NONE,NONE,NONE,False,[],0,0,ACCUMULATION,ACCUMULATION,53,65,True,33,"Smart money accumulation. Bullish bias, look for breakout.",1.0,0.5,False,False,False,False,0.3,0.3,True,False,False,18,True,[],0,NO,ACCUMULATION,"Smart money accumulation. Bullish bias, look for breakout.",LOW,LOW,0.12,[],True,Passed basic checks,0,50,50,MEDIUM,5,WAIT,รอการวิเคราะห์จาก AI
2026-06-27 21:53:00,1.113665,1.113745,1.113005,1.113305,1.0,EURUSD-OTC,BEARISH,1.113487,1.113436,1.114059,1.116607,1.117812,1.117865,BEARISH,1.115488,1.110918,0.00457,0.013563,51.94,57.78,-0.001153,-0.001545,0.000392,66.58,61.28,0.001333,11.06,-0.61,0.001507,0.001779,31.84,17.62,22.88,12.98,0.0638,1,1.0,1.0,False,STABLE,-8e-06,-2e-06,-0.000279,1.110635,1.116015,1.113748,1.114492,1.115118,1.113122,1.112378,20,4.04,1.113167,1.113036,1.113069,1.113224,73.77,49.61,-6.9e-05,-0.000136,70.64,57.2,0.000554,1.112005,1.114125,1.113998,1.112112,1.113352,1.113698,1.112958,1,1.0,1.113305,1.113745,1.113005,1.113665,NEW YORK,483083,LOW,1.113305,1.113745,1.113005,1.113665,NEW YORK,483083,LOW,NONE,BULLISH,BULLISH,WEAK,AT_PIVOT,LOW_WICK,NEUTRAL,CHAOTIC,NONE,TESTING_PIVOT,52,23,-13.333333333333334,50,NEUTRAL,False,70,[],0,0,NEUTRAL,BULLISH,40,False,NONE,0,False,False,False,60,False,0,100,DOWN,NONE,NONE,0,True,75,55,45,80,False,True,NEUTRAL,70,False,0.0,NONE,True,BULLISH,True,False,50,False,70,4.100946372238502,0.9887487214452952,50.0,18,POOR,False,75,77,0.03176555224075965,4,100.0,True,RANDOM,70,49.58592556071286,0.6847051193839362,False,NONE,False,False,False,100,True,70,DOWN,20,CHOPPY,LOW,DOWN,20,0.0638,CHOPPY,55,30,50,NORMAL,NONE,65,40,75,LOW,58,55,45,-0.61,False,65,0.33694610336946107,100.0,RANGING,90,False,NONE,1.110635,1.114492,1.113748,FAR,30,50,85,50,NONE,NONE,NONE,False,[],0,0,BREAKOUT_EMERGING,BREAKOUT_EMERGING,53,70,True,33,"Volatility expansion after compression. Potential breakout opportunity. (breakout prob: 30%, reversal prob: 50%)",1.0,0.5,False,False,False,False,0.3,0.3,True,False,False,18,True,[],0,NO,BREAKOUT_EMERGING,"Volatility expansion after compression. Potential breakout opportunity. (breakout prob: 30%, reversal prob: 50%)",LOW,LOW,0.12,[],True,Passed basic checks,0,50,50,MEDIUM,5,WAIT,รอการวิเคราะห์จาก AI
2026-06-27 21:54:00,1.113665,1.113745,1.113005,1.113305,1.0,EURUSD-OTC,BEARISH,1.113487,1.113436,1.114059,1.116607,1.117812,1.117865,BEARISH,1.115488,1.110918,0.00457,0.013563,51.94,57.78,-0.001153,-0.001545,0.000392,66.58,61.28,0.001333,11.06,-0.61,0.001507,0.001779,31.84,17.62,22.88,12.98,0.0638,1,1.0,1.0,False,STABLE,-8e-06,-2e-06,-0.000279,1.110635,1.116015,1.113748,1.114492,1.115118,1.113122,1.112378,20,4.04,1.113167,1.113036,1.113069,1.113224,73.77,49.61,-6.9e-05,-0.000136,70.64,57.2,0.000554,1.112005,1.114125,1.113998,1.112112,1.113352,1.113698,1.112958,1,1.0,1.113305,1.113745,1.113005,1.113665,NEW YORK,542494,LOW,1.113305,1.113745,1.113005,1.113665,NEW YORK,542494,LOW,NONE,BULLISH,BULLISH,WEAK,AT_PIVOT,LOW_WICK,NEUTRAL,CHAOTIC,NONE,TESTING_PIVOT,52,23,-13.333333333333334,50,NEUTRAL,False,70,[],0,0,NEUTRAL,BULLISH,40,False,NONE,0,False,False,False,60,False,0,100,DOWN,NONE,NONE,0,True,75,55,45,80,False,True,NEUTRAL,70,False,0.0,NONE,True,BULLISH,True,False,50,False,70,4.100946372238502,0.9887487214452952,50.0,18,POOR,False,75,77,0.03176555224075965,4,100.0,True,RANDOM,70,49.58592556071286,0.6847051193839362,False,NONE,False,False,False,100,True,70,DOWN,20,CHOPPY,LOW,DOWN,20,0.0638,CHOPPY,55,30,50,NORMAL,NONE,65,40,75,LOW,58,55,45,-0.61,False,65,0.33694610336946107,100.0,RANGING,90,False,NONE,1.110635,1.114492,1.113748,FAR,30,50,85,50,NONE,NONE,NONE,False,[],0,0,ACCUMULATION,ACCUMULATION,53,65,True,33,"Smart money accumulation. Bullish bias, look for breakout.",1.0,0.5,False,False,False,False,0.3,0.3,True,False,False,18,True,[],0,NO,ACCUMULATION,"Smart money accumulation. Bullish bias, look for breakout.",LOW,LOW,0.12,[],True,Passed basic checks,0,50,50,MEDIUM,5,WAIT,รอการวิเคราะห์จาก AI
2026-06-27 21:55:00,1.113895,1.114195,1.113535,1.113665,1.0,EURUSD-OTC,BEARISH,1.11382,1.113627,1.1141,1.116523,1.117735,1.11775,BULLISH,1.115538,1.110901,0.004637,0.013552,57.7,66.14,-0.000989,-0.001434,0.000445,79.77,69.3,0.001353,16.08,-0.54,0.001471,0.00177,29.79,19.88,21.13,3.06,0.0682,1,1.0,1.0,False,STABLE,2.6e-05,3.1e-05,-0.000276,1.110635,1.116015,1.114382,1.115228,1.115972,1.113638,1.112792,21,3.98,1.113675,1.113473,1.113321,1.113309,60.08,59.66,0.000129,4e-06,82.39,82.84,0.000563,1.112005,1.114375,1.114148,1.112053,1.113798,1.114062,1.113402,1,1.0,1.113665,1.114195,1.113535,1.113895,NEW YORK,303001,LOW,1.113665,1.114195,1.113535,1.113895,NEW YORK,303001,LOW,NONE,BULLISH,BULLISH,WEAK,NONE,LOW_WICK,NEUTRAL,CHAOTIC,NONE,NONE,51,23,-6.666666666666667,50,NEUTRAL,False,70,[],0,0,NEUTRAL,BULLISH,40,False,NONE,0,False,False,False,60,False,0,100,NONE,NONE,UP,0,True,75,82,18,80,True,True,CONTINUATION,70,False,0.0,NONE,True,BULLISH,True,False,50,False,70,2.0484171322156146,3.9460370994945224,55.00000000000001,20,POOR,False,75,74,0.04003687425490803,4,80.0,True,RANDOM,70,51.963211072687415,0.518406394450123,True,MOMENTUM_SHIFT,False,True,False,65,True,70,DOWN,40,CORRECTIVE,LOW,DOWN,40,0.0682,CORRECTIVE,55,30,50,NORMAL,NONE,70,40,80,LOW,58,55,45,-0.54,False,65,0.3421635182998819,100.0,RANGING,90,False,NONE,1.110635,1.115228,1.114382,FAR,30,50,85,50,NONE,NONE,NONE,False,[],0,0,ACCUMULATION,ACCUMULATION,53,65,True,32,"Smart money accumulation. Bullish bias, look for breakout.",1.0,0.5,False,False,False,False,0.3,0.3,True,False,False,18,True,[],0,NO,ACCUMULATION,"Smart money accumulation. Bullish bias, look for breakout.",LOW,LOW,0.121,[],True,Passed basic checks,0,50,50,MEDIUM,5,WAIT,รอการวิเคราะห์จาก AI
2026-06-27 21:56:00,1.113895,1.114195,1.113535,1.113665,1.0,EURUSD-OTC,BEARISH,1.11382,1.113627,1.1141,1.116523,1.117735,1.11775,BULLISH,1.115538,1.110901,0.004637,0.013552,57.7,66.14,-0.000989,-0.001434,0.000445,79.77,69.3,0.001353,16.08,-0.54,0.001471,0.00177,29.79,19.88,21.13,3.06,0.0682,1,1.0,1.0,False,STABLE,2.6e-05,3.1e-05,-0.000276,1.110635,1.116015,1.114382,1.115228,1.115972,1.113638,1.112792,21,3.98,1.113675,1.113473,1.113321,1.113309,60.08,59.66,0.000129,4e-06,82.39,82.84,0.000563,1.112005,1.114375,1.114148,1.112053,1.113798,1.114062,1.113402,1,1.0,1.113665,1.114195,1.113535,1.113895,NEW YORK,363342,LOW,1.113665,1.114195,1.113535,1.113895,NEW YORK,363342,LOW,NONE,BULLISH,BULLISH,WEAK,NONE,LOW_WICK,NEUTRAL,CHAOTIC,NONE,NONE,51,23,-6.666666666666667,50,NEUTRAL,False,70,[],0,0,NEUTRAL,BULLISH,40,False,NONE,0,False,False,False,60,False,0,100,NONE,NONE,UP,0,True,75,82,18,80,True,True,CONTINUATION,70,False,0.0,NONE,True,BULLISH,True,False,50,False,70,2.0484171322156146,3.9460370994945224,55.00000000000001,20,POOR,False,75,74,0.04003687425490803,4,80.0,True,RANDOM,70,51.963211072687415,0.518406394450123,True,MOMENTUM_SHIFT,False,True,False,65,True,70,DOWN,40,CORRECTIVE,LOW,DOWN,40,0.0682,CORRECTIVE,55,30,50,NORMAL,NONE,70,40,80,LOW,58,55,45,-0.54,False,65,0.3421635182998819,100.0,RANGING,90,False,NONE,1.110635,1.115228,1.114382,FAR,30,50,85,50,NONE,NONE,NONE,False,[],0,0,BREAKOUT_EMERGING,BREAKOUT_EMERGING,53,70,True,32,"Volatility expansion after compression. Potential breakout opportunity. (breakout prob: 30%, reversal prob: 50%)",1.0,0.5,False,False,False,False,0.3,0.3,True,False,False,18,True,[],0,NO,BREAKOUT_EMERGING,"Volatility expansion after compression. Potential breakout opportunity. (breakout prob: 30%, reversal prob: 50%)",LOW,LOW,0.121,[],True,Passed basic checks,0,50,50,MEDIUM,5,WAIT,รอการวิเคราะห์จาก AI
2026-06-27 21:57:00,1.113895,1.114195,1.113535,1.113665,1.0,EURUSD-OTC,BEARISH,1.11382,1.113627,1.1141,1.116523,1.117735,1.11775,BULLISH,1.115538,1.110901,0.004637,0.013552,57.7,66.14,-0.000989,-0.001434,0.000445,79.77,69.3,0.001353,16.08,-0.54,0.001471,0.00177,29.79,19.88,21.13,3.06,0.0682,1,1.0,1.0,False,STABLE,2.6e-05,3.1e-05,-0.000276,1.110635,1.116015,1.114382,1.115228,1.115972,1.113638,1.112792,21,3.98,1.113675,1.113473,1.113321,1.113309,60.08,59.66,0.000129,4e-06,82.39,82.84,0.000563,1.112005,1.114375,1.114148,1.112053,1.113798,1.114062,1.113402,1,1.0,1.113665,1.114195,1.113535,1.113895,NEW YORK,422932,LOW,1.113665,1.114195,1.113535,1.113895,NEW YORK,422932,LOW,NONE,BULLISH,BULLISH,WEAK,NONE,LOW_WICK,NEUTRAL,CHAOTIC,NONE,NONE,51,23,-6.666666666666667,50,NEUTRAL,False,70,[],0,0,NEUTRAL,BULLISH,40,False,NONE,0,False,False,False,60,False,0,100,NONE,NONE,UP,0,True,75,82,18,80,True,True,CONTINUATION,70,False,0.0,NONE,True,BULLISH,True,False,50,False,70,2.0484171322156146,3.9460370994945224,55.00000000000001,20,POOR,False,75,74,0.04003687425490803,4,80.0,True,RANDOM,70,51.963211072687415,0.518406394450123,True,MOMENTUM_SHIFT,False,True,False,65,True,70,DOWN,40,CORRECTIVE,LOW,DOWN,40,0.0682,CORRECTIVE,55,30,50,NORMAL,NONE,70,40,80,LOW,58,55,45,-0.54,False,65,0.3421635182998819,100.0,RANGING,90,False,NONE,1.110635,1.115228,1.114382,FAR,30,50,85,50,NONE,NONE,NONE,False,[],0,0,ACCUMULATION,ACCUMULATION,53,65,True,32,"Smart money accumulation. Bullish bias, look for breakout.",1.0,0.5,False,False,False,False,0.3,0.3,True,False,False,18,True,[],0,NO,ACCUMULATION,"Smart money accumulation. Bullish bias, look for breakout.",LOW,LOW,0.121,[],True,Passed basic checks,0,50,50,MEDIUM,5,WAIT,รอการวิเคราะห์จาก AI
2026-06-27 21:58:00,1.113895,1.114195,1.113535,1.113665,1.0,EURUSD-OTC,BEARISH,1.11382,1.113627,1.1141,1.116523,1.117735,1.11775,BULLISH,1.115538,1.110901,0.004637,0.013552,57.7,66.14,-0.000989,-0.001434,0.000445,79.77,69.3,0.001353,16.08,-0.54,0.001471,0.00177,29.79,19.88,21.13,3.06,0.0682,1,1.0,1.0,False,STABLE,2.6e-05,3.1e-05,-0.000276,1.110635,1.116015,1.114382,1.115228,1.115972,1.113638,1.112792,21,3.98,1.113675,1.113473,1.113321,1.113309,60.08,59.66,0.000129,4e-06,82.39,82.84,0.000563,1.112005,1.114375,1.114148,1.112053,1.113798,1.114062,1.113402,1,1.0,1.113665,1.114195,1.113535,1.113895,NEW YORK,483316,LOW,1.113665,1.114195,1.113535,1.113895,NEW YORK,483316,LOW,NONE,BULLISH,BULLISH,WEAK,NONE,LOW_WICK,NEUTRAL,CHAOTIC,NONE,NONE,51,23,-6.666666666666667,50,NEUTRAL,False,70,[],0,0,NEUTRAL,BULLISH,40,False,NONE,0,False,False,False,60,False,0,100,NONE,NONE,UP,0,True,75,82,18,80,True,True,CONTINUATION,70,False,0.0,NONE,True,BULLISH,True,False,50,False,70,2.0484171322156146,3.9460370994945224,55.00000000000001,20,POOR,False,75,74,0.04003687425490803,4,80.0,True,RANDOM,70,51.963211072687415,0.518406394450123,True,MOMENTUM_SHIFT,False,True,False,65,True,70,DOWN,40,CORRECTIVE,LOW,DOWN,40,0.0682,CORRECTIVE,55,30,50,NORMAL,NONE,70,40,80,LOW,58,55,45,-0.54,False,65,0.3421635182998819,100.0,RANGING,90,False,NONE,1.110635,1.115228,1.114382,FAR,30,50,85,50,NONE,NONE,NONE,False,[],0,0,BREAKOUT_EMERGING,BREAKOUT_EMERGING,53,70,True,32,"Volatility expansion after compression. Potential breakout opportunity. (breakout prob: 30%, reversal prob: 50%)",1.0,0.5,False,False,False,False,0.3,0.3,True,False,False,18,True,[],0,NO,BREAKOUT_EMERGING,"Volatility expansion after compression. Potential breakout opportunity. (breakout prob: 30%, reversal prob: 50%)",LOW,LOW,0.121,[],True,Passed basic checks,0,50,50,MEDIUM,5,WAIT,รอการวิเคราะห์จาก AI
2026-06-27 21:59:00,1.113895,1.114195,1.113535,1.113665,1.0,EURUSD-OTC,BEARISH,1.11382,1.113627,1.1141,1.116523,1.117735,1.11775,BULLISH,1.115538,1.110901,0.004637,0.013552,57.7,66.14,-0.000989,-0.001434,0.000445,79.77,69.3,0.001353,16.08,-0.54,0.001471,0.00177,29.79,19.88,21.13,3.06,0.0682,1,1.0,1.0,False,STABLE,2.6e-05,3.1e-05,-0.000276,1.110635,1.116015,1.114382,1.115228,1.115972,1.113638,1.112792,21,3.98,1.113675,1.113473,1.113321,1.113309,60.08,59.66,0.000129,4e-06,82.39,82.84,0.000563,1.112005,1.114375,1.114148,1.112053,1.113798,1.114062,1.113402,1,1.0,1.113665,1.114195,1.113535,1.113895,NEW YORK,542821,LOW,1.113665,1.114195,1.113535,1.113895,NEW YORK,542821,LOW,NONE,BULLISH,BULLISH,WEAK,NONE,LOW_WICK,NEUTRAL,CHAOTIC,NONE,NONE,51,23,-6.666666666666667,50,NEUTRAL,False,70,[],0,0,NEUTRAL,BULLISH,40,False,NONE,0,False,False,False,60,False,0,100,NONE,NONE,UP,0,True,75,82,18,80,True,True,CONTINUATION,70,False,0.0,NONE,True,BULLISH,True,False,50,False,70,2.0484171322156146,3.9460370994945224,55.00000000000001,20,POOR,False,75,74,0.04003687425490803,4,80.0,True,RANDOM,70,51.963211072687415,0.518406394450123,True,MOMENTUM_SHIFT,False,True,False,65,True,70,DOWN,40,CORRECTIVE,LOW,DOWN,40,0.0682,CORRECTIVE,55,30,50,NORMAL,NONE,70,40,80,LOW,58,55,45,-0.54,False,65,0.3421635182998819,100.0,RANGING,90,False,NONE,1.110635,1.115228,1.114382,FAR,30,50,85,50,NONE,NONE,NONE,False,[],0,0,BREAKOUT_EMERGING,BREAKOUT_EMERGING,53,70,True,32,"Volatility expansion after compression. Potential breakout opportunity. (breakout prob: 30%, reversal prob: 50%)",1.0,0.5,False,False,False,False,0.3,0.3,True,False,False,18,True,[],0,NO,BREAKOUT_EMERGING,"Volatility expansion after compression. Potential breakout opportunity. (breakout prob: 30%, reversal prob: 50%)",LOW,LOW,0.121,[],True,Passed basic checks,0,50,50,MEDIUM,5,WAIT,รอการวิเคราะห์จาก AI
2026-06-27 22:00:00,1.114535,1.115005,1.114355,1.114545,1.0,EURUSD-OTC,BEARISH,1.114338,1.113945,1.114221,1.116479,1.117713,1.117906,BULLISH,1.115465,1.110946,0.004519,0.013544,74.2,76.99,-0.000778,-0.001303,0.000525,86.38,77.58,0.001345,15.08,-0.55,0.001442,0.001749,27.92,21.27,19.78,3.63,0.1482,1,1.0,1.0,False,STABLE,0.000131,0.0001,-0.000267,1.110635,1.115945,1.115135,1.115915,1.116455,1.114595,1.113815,20,3.95,1.114369,1.114081,1.113748,1.113505,58.85,72.98,0.000343,0.00019,81.78,84.98,0.000612,1.112005,1.115125,1.114977,1.111856,1.114635,1.114915,1.114265,1,1.0,1.114545,1.115005,1.114355,1.114535,NEW YORK,304332,LOW,1.114545,1.115005,1.114355,1.114535,NEW YORK,304332,LOW,NONE,BULLISH,BULLISH,WEAK,AT_PIVOT,LOW_WICK,NEUTRAL,CHAOTIC,NONE,TESTING_PIVOT,51,23,-6.666666666666667,50,NEUTRAL,False,70,[],0,0,NEUTRAL,BULLISH,40,False,NONE,0,False,False,False,60,False,0,100,NONE,UP,UP,0,True,75,82,18,80,True,True,CONTINUATION,70,False,0.0,NONE,True,BULLISH,True,False,50,False,70,1.806451612903566,1.7525773195876841,55.00000000000001,19,POOR,False,75,72,0.06129891561256312,4,70.0,True,RANDOM,70,50.620566637180346,1.5530201730310178,True,MOMENTUM_SHIFT,False,True,False,65,True,70,NONE,100,CHOPPY,LOW,NONE,100,0.1482,CHOPPY,20,50,30,NORMAL,NONE,75,40,85,LOW,58,55,45,-0.55,False,65,0.3336532782043709,100.0,RANGING,90,False,NONE,1.110635,1.115915,1.115135,FAR,30,50,85,50,NONE,NONE,NONE,False,[],0,0,BREAKOUT_EMERGING,BREAKOUT_EMERGING,53,70,True,32,"Volatility expansion after compression. Potential breakout opportunity. (breakout prob: 30%, reversal prob: 50%)",1.0,0.5,True,False,True,False,0.3,0.3,True,False,False,18,True,[],0,NO,BREAKOUT_EMERGING,"Volatility expansion after compression. Potential breakout opportunity. (breakout prob: 30%, reversal prob: 50%)",LOW,LOW,0.121,[],True,Passed basic checks,0,50,50,MEDIUM,5,WAIT,รอการวิเคราะห์จาก AI
2026-06-27 22:01:00,1.114535,1.115005,1.114355,1.114545,1.0,EURUSD-OTC,BEARISH,1.114338,1.113945,1.114221,1.116479,1.117713,1.117906,BULLISH,1.115465,1.110946,0.004519,0.013544,74.2,76.99,-0.000778,-0.001303,0.000525,86.38,77.58,0.001345,15.08,-0.55,0.001442,0.001749,27.92,21.27,19.78,3.63,0.1482,1,1.0,1.0,False,STABLE,0.000131,0.0001,-0.000267,1.110635,1.115945,1.115135,1.115915,1.116455,1.114595,1.113815,20,3.95,1.114369,1.114081,1.113748,1.113505,58.85,72.98,0.000343,0.00019,81.78,84.98,0.000612,1.112005,1.115125,1.114977,1.111856,1.114635,1.114915,1.114265,1,1.0,1.114545,1.115005,1.114355,1.114535,NEW YORK,362874,LOW,1.114545,1.115005,1.114355,1.114535,NEW YORK,362874,LOW,NONE,BULLISH,BULLISH,WEAK,AT_PIVOT,LOW_WICK,NEUTRAL,CHAOTIC,NONE,TESTING_PIVOT,51,23,-6.666666666666667,50,NEUTRAL,False,70,[],0,0,NEUTRAL,BULLISH,40,False,NONE,0,False,False,False,60,False,0,100,NONE,UP,UP,0,True,75,82,18,80,True,True,CONTINUATION,70,False,0.0,NONE,True,BULLISH,True,False,50,False,70,1.806451612903566,1.7525773195876841,55.00000000000001,19,POOR,False,75,72,0.06129891561256312,4,70.0,True,RANDOM,70,50.620566637180346,1.5530201730310178,True,MOMENTUM_SHIFT,False,True,False,65,True,70,NONE,100,CHOPPY,LOW,NONE,100,0.1482,CHOPPY,20,50,30,NORMAL,NONE,75,40,85,LOW,58,55,45,-0.55,False,65,0.3336532782043709,100.0,RANGING,90,False,NONE,1.110635,1.115915,1.115135,FAR,30,50,85,50,NONE,NONE,NONE,False,[],0,0,BREAKOUT_EMERGING,BREAKOUT_EMERGING,53,70,True,32,"Volatility expansion after compression. Potential breakout opportunity. (breakout prob: 30%, reversal prob: 50%)",1.0,0.5,True,False,True,False,0.3,0.3,True,False,False,18,True,[],0,NO,BREAKOUT_EMERGING,"Volatility expansion after compression. Potential breakout opportunity. (breakout prob: 30%, reversal prob: 50%)",LOW,LOW,0.121,[],True,Passed basic checks,0,50,50,MEDIUM,5,WAIT,รอการวิเคราะห์จาก AI
2026-06-27 22:02:00,1.114535,1.115005,1.114355,1.114545,1.0,EURUSD-OTC,BEARISH,1.114338,1.113945,1.114221,1.116479,1.117713,1.117906,BULLISH,1.115465,1.110946,0.004519,0.013544,74.2,76.99,-0.000778,-0.001303,0.000525,86.38,77.58,0.001345,15.08,-0.55,0.001442,0.001749,27.92,21.27,19.78,3.63,0.1482,1,1.0,1.0,False,STABLE,0.000131,0.0001,-0.000267,1.110635,1.115945,1.115135,1.115915,1.116455,1.114595,1.113815,20,3.95,1.114369,1.114081,1.113748,1.113505,58.85,72.98,0.000343,0.00019,81.78,84.98,0.000612,1.112005,1.115125,1.114977,1.111856,1.114635,1.114915,1.114265,1,1.0,1.114545,1.115005,1.114355,1.114535,NEW YORK,423206,LOW,1.114545,1.115005,1.114355,1.114535,NEW YORK,423206,LOW,NONE,BULLISH,BULLISH,WEAK,AT_PIVOT,LOW_WICK,NEUTRAL,CHAOTIC,NONE,TESTING_PIVOT,51,23,-6.666666666666667,50,NEUTRAL,False,70,[],0,0,NEUTRAL,BULLISH,40,False,NONE,0,False,False,False,60,False,0,100,NONE,UP,UP,0,True,75,82,18,80,True,True,CONTINUATION,70,False,0.0,NONE,True,BULLISH,True,False,50,False,70,1.806451612903566,1.7525773195876841,55.00000000000001,19,POOR,False,75,72,0.06129891561256312,4,70.0,True,RANDOM,70,50.620566637180346,1.5530201730310178,True,MOMENTUM_SHIFT,False,True,False,65,True,70,NONE,100,CHOPPY,LOW,NONE,100,0.1482,CHOPPY,20,50,30,NORMAL,NONE,75,40,85,LOW,58,55,45,-0.55,False,65,0.3336532782043709,100.0,RANGING,90,False,NONE,1.110635,1.115915,1.115135,FAR,30,50,85,50,NONE,NONE,NONE,False,[],0,0,BREAKOUT_EMERGING,BREAKOUT_EMERGING,53,70,True,32,"Volatility expansion after compression. Potential breakout opportunity. (breakout prob: 30%, reversal prob: 50%)",1.0,0.5,True,False,True,False,0.3,0.3,True,False,False,18,True,[],0,NO,BREAKOUT_EMERGING,"Volatility expansion after compression. Potential breakout opportunity. (breakout prob: 30%, reversal prob: 50%)",LOW,LOW,0.121,[],True,Passed basic checks,0,50,50,MEDIUM,5,WAIT,รอการวิเคราะห์จาก AI
2026-06-27 22:03:00,1.114535,1.115005,1.114355,1.114545,1.0,EURUSD-OTC,BEARISH,1.114338,1.113945,1.114221,1.116479,1.117713,1.117906,BULLISH,1.115465,1.110946,0.004519,0.013544,74.2,76.99,-0.000778,-0.001303,0.000525,86.38,77.58,0.001345,15.08,-0.55,0.001442,0.001749,27.92,21.27,19.78,3.63,0.1482,1,1.0,1.0,False,STABLE,0.000131,0.0001,-0.000267,1.110635,1.115945,1.115135,1.115915,1.116455,1.114595,1.113815,20,3.95,1.114369,1.114081,1.113748,1.113505,58.85,72.98,0.000343,0.00019,81.78,84.98,0.000612,1.112005,1.115125,1.114977,1.111856,1.114635,1.114915,1.114265,1,1.0,1.114545,1.115005,1.114355,1.114535,NEW YORK,482541,LOW,1.114545,1.115005,1.114355,1.114535,NEW YORK,482541,LOW,NONE,BULLISH,BULLISH,WEAK,AT_PIVOT,LOW_WICK,NEUTRAL,CHAOTIC,NONE,TESTING_PIVOT,51,23,-6.666666666666667,50,NEUTRAL,False,70,[],0,0,NEUTRAL,BULLISH,40,False,NONE,0,False,False,False,60,False,0,100,NONE,UP,UP,0,True,75,82,18,80,True,True,CONTINUATION,70,False,0.0,NONE,True,BULLISH,True,False,50,False,70,1.806451612903566,1.7525773195876841,55.00000000000001,19,POOR,False,75,72,0.06129891561256312,4,70.0,True,RANDOM,70,50.620566637180346,1.5530201730310178,True,MOMENTUM_SHIFT,False,True,False,65,True,70,NONE,100,CHOPPY,LOW,NONE,100,0.1482,CHOPPY,20,50,30,NORMAL,NONE,75,40,85,LOW,58,55,45,-0.55,False,65,0.3336532782043709,100.0,RANGING,90,False,NONE,1.110635,1.115915,1.115135,FAR,30,50,85,50,NONE,NONE,NONE,False,[],0,0,BREAKOUT_EMERGING,BREAKOUT_EMERGING,53,70,True,32,"Volatility expansion after compression. Potential breakout opportunity. (breakout prob: 30%, reversal prob: 50%)",1.0,0.5,True,False,True,False,0.3,0.3,True,False,False,18,True,[],0,NO,BREAKOUT_EMERGING,"Volatility expansion after compression. Potential breakout opportunity. (breakout prob: 30%, reversal prob: 50%)",LOW,LOW,0.121,[],True,Passed basic checks,0,50,50,MEDIUM,5,WAIT,รอการวิเคราะห์จาก AI
2026-06-27 22:04:00,1.114535,1.115005,1.114355,1.114545,1.0,EURUSD-OTC,BEARISH,1.114338,1.113945,1.114221,1.116479,1.117713,1.117906,BULLISH,1.115465,1.110946,0.004519,0.013544,74.2,76.99,-0.000778,-0.001303,0.000525,86.38,77.58,0.001345,15.08,-0.55,0.001442,0.001749,27.92,21.27,19.78,3.63,0.1482,1,1.0,1.0,False,STABLE,0.000131,0.0001,-0.000267,1.110635,1.115945,1.115135,1.115915,1.116455,1.114595,1.113815,20,3.95,1.114369,1.114081,1.113748,1.113505,58.85,72.98,0.000343,0.00019,81.78,84.98,0.000612,1.112005,1.115125,1.114977,1.111856,1.114635,1.114915,1.114265,1,1.0,1.114545,1.115005,1.114355,1.114535,NEW YORK,542862,LOW,1.114545,1.115005,1.114355,1.114535,NEW YORK,542862,LOW,NONE,BULLISH,BULLISH,WEAK,AT_PIVOT,LOW_WICK,NEUTRAL,CHAOTIC,NONE,TESTING_PIVOT,51,23,-6.666666666666667,50,NEUTRAL,False,70,[],0,0,NEUTRAL,BULLISH,40,False,NONE,0,False,False,False,60,False,0,100,NONE,UP,UP,0,True,75,82,18,80,True,True,CONTINUATION,70,False,0.0,NONE,True,BULLISH,True,False,50,False,70,1.806451612903566,1.7525773195876841,55.00000000000001,19,POOR,False,75,72,0.06129891561256312,4,70.0,True,RANDOM,70,50.620566637180346,1.5530201730310178,True,MOMENTUM_SHIFT,False,True,False,65,True,70,NONE,100,CHOPPY,LOW,NONE,100,0.1482,CHOPPY,20,50,30,NORMAL,NONE,75,40,85,LOW,58,55,45,-0.55,False,65,0.3336532782043709,100.0,RANGING,90,False,NONE,1.110635,1.115915,1.115135,FAR,30,50,85,50,NONE,NONE,NONE,False,[],0,0,BREAKOUT_EMERGING,BREAKOUT_EMERGING,53,70,True,32,"Volatility expansion after compression. Potential breakout opportunity. (breakout prob: 30%, reversal prob: 50%)",1.0,0.5,True,False,True,False,0.3,0.3,True,False,False,18,True,[],0,NO,BREAKOUT_EMERGING,"Volatility expansion after compression. Potential breakout opportunity. (breakout prob: 30%, reversal prob: 50%)",LOW,LOW,0.121,[],True,Passed basic checks,0,50,50,MEDIUM,5,WAIT,รอการวิเคราะห์จาก AI
2026-06-27 22:05:00,1.115385,1.115705,1.115265,1.115345,1.0,EURUSD-OTC,BEARISH,1.114854,1.114298,1.11438,1.116456,1.117689,1.117976,BULLISH,1.115711,1.110802,0.004909,0.013545,74.89,77.14,-0.000563,-0.001155,0.000592,90.36,85.5,0.001339,14.07,-0.55,0.001415,0.001727,26.68,23.18,18.75,10.56,0.1822,1,1.0,1.0,False,STABLE,0.000243,0.000165,-0.000258,1.110635,1.116285,1.115802,1.116368,1.116852,1.115318,1.114752,23,4.22,1.115138,1.11481,1.114328,1.113816,65.02,73.06,0.000542,0.000397,82.64,84.33,0.000652,1.112005,1.115705,1.115837,1.112347,1.115438,1.115612,1.115172,1,1.0,1.115345,1.115705,1.115265,1.115385,NEW YORK,303314,LOW,1.115345,1.115705,1.115265,1.115385,NEW YORK,303314,LOW,NONE,BULLISH,BULLISH,WEAK,AT_PIVOT,LOW_WICK,NEUTRAL,NOISY,NONE,TESTING_PIVOT,51,20,0.0,50,NEUTRAL,False,70,[],0,0,NEUTRAL,BULLISH,40,False,NONE,0,False,False,False,60,False,0,100,NONE,NONE,UP,0,True,75,82,18,80,True,True,CONTINUATION,70,False,0.0,NONE,True,BULLISH,True,False,50,False,70,6.701708278580849,10.457516339869152,60.0,25,POOR,False,75,81,0.0788181130089908,5,60.0,True,RANDOM,70,40.18063934649528,12.504834401162977,True,MOMENTUM_SHIFT,False,True,False,65,True,70,NONE,100,CHOPPY,LOW,NONE,100,0.1822,CHOPPY,20,50,30,NORMAL,NONE,75,40,85,LOW,58,55,45,-0.55,False,65,0.362421557770395,100.0,RANGING,90,False,NONE,1.110635,1.116285,1.115802,FAR,30,50,85,50,NONE,NONE,NONE,False,[],0,0,SIDEWAY_RANGE,SIDEWAY_RANGE,54,51,False,12,Price ranging between clear levels. Suitable for mean-reversion strategies.,1.0,0.8,True,False,True,False,0.3,0.3,True,False,False,18,True,[],0,NO,SIDEWAY_RANGE,Price ranging between clear levels. Suitable for mean-reversion strategies.,LOW,LOW,0.12,[],False,Passed basic checks,0,50,50,MEDIUM,5,WAIT,รอการวิเคราะห์จาก AI
2026-06-27 22:06:00,1.115385,1.115705,1.115265,1.115345,1.0,EURUSD-OTC,BEARISH,1.114854,1.114298,1.11438,1.116456,1.117689,1.117976,BULLISH,1.115711,1.110802,0.004909,0.013545,74.89,77.14,-0.000563,-0.001155,0.000592,90.36,85.5,0.001339,14.07,-0.55,0.001415,0.001727,26.68,23.18,18.75,10.56,0.1822,1,1.0,1.0,False,STABLE,0.000243,0.000165,-0.000258,1.110635,1.116285,1.115802,1.116368,1.116852,1.115318,1.114752,23,4.22,1.115138,1.11481,1.114328,1.113816,65.02,73.06,0.000542,0.000397,82.64,84.33,0.000652,1.112005,1.115705,1.115837,1.112347,1.115438,1.115612,1.115172,1,1.0,1.115345,1.115705,1.115265,1.115385,NEW YORK,362734,LOW,1.115345,1.115705,1.115265,1.115385,NEW YORK,362734,LOW,NONE,BULLISH,BULLISH,WEAK,AT_PIVOT,LOW_WICK,NEUTRAL,NOISY,NONE,TESTING_PIVOT,51,20,0.0,50,NEUTRAL,False,70,[],0,0,NEUTRAL,BULLISH,40,False,NONE,0,False,False,False,60,False,0,100,NONE,NONE,UP,0,True,75,82,18,80,True,True,CONTINUATION,70,False,0.0,NONE,True,BULLISH,True,False,50,False,70,6.701708278580849,10.457516339869152,60.0,25,POOR,False,75,81,0.0788181130089908,5,60.0,True,RANDOM,70,40.18063934649528,12.504834401162977,True,MOMENTUM_SHIFT,False,True,False,65,True,70,NONE,100,CHOPPY,LOW,NONE,100,0.1822,CHOPPY,20,50,30,NORMAL,NONE,75,40,85,LOW,58,55,45,-0.55,False,65,0.362421557770395,100.0,RANGING,90,False,NONE,1.110635,1.116285,1.115802,FAR,30,50,85,50,NONE,NONE,NONE,False,[],0,0,ACCUMULATION,ACCUMULATION,54,56,False,12,"Smart money accumulation. Bullish bias, look for breakout.",1.0,0.8,True,False,True,False,0.3,0.3,True,False,False,18,True,[],0,NO,ACCUMULATION,"Smart money accumulation. Bullish bias, look for breakout.",LOW,LOW,0.12,[],False,Passed basic checks,0,50,50,MEDIUM,5,WAIT,รอการวิเคราะห์จาก AI
2026-06-27 22:07:00,1.115385,1.115705,1.115265,1.115345,1.0,EURUSD-OTC,BEARISH,1.114854,1.114298,1.11438,1.116456,1.117689,1.117976,BULLISH,1.115711,1.110802,0.004909,0.013545,74.89,77.14,-0.000563,-0.001155,0.000592,90.36,85.5,0.001339,14.07,-0.55,0.001415,0.001727,26.68,23.18,18.75,10.56,0.1822,1,1.0,1.0,False,STABLE,0.000243,0.000165,-0.000258,1.110635,1.116285,1.115802,1.116368,1.116852,1.115318,1.114752,23,4.22,1.115138,1.11481,1.114328,1.113815,65.02,73.06,0.000542,0.000397,82.64,84.33,0.000652,1.112005,1.115705,1.115837,1.112347,1.115438,1.115612,1.115172,1,1.0,1.115345,1.115705,1.115265,1.115385,NEW YORK,423030,LOW,1.115345,1.115705,1.115265,1.115385,NEW YORK,423030,LOW,NONE,BULLISH,BULLISH,WEAK,AT_PIVOT,LOW_WICK,NEUTRAL,NOISY,NONE,TESTING_PIVOT,51,20,0.0,50,NEUTRAL,False,70,[],0,0,NEUTRAL,BULLISH,40,False,NONE,0,False,False,False,60,False,0,100,NONE,NONE,UP,0,True,75,82,18,80,True,True,CONTINUATION,70,False,0.0,NONE,True,BULLISH,True,False,50,False,70,6.701708278580849,10.457516339869152,60.0,25,POOR,False,75,81,0.0788181130089908,5,60.0,True,RANDOM,70,40.18063934649528,12.504834401162977,True,MOMENTUM_SHIFT,False,True,False,65,True,70,NONE,100,CHOPPY,LOW,NONE,100,0.1822,CHOPPY,20,50,30,NORMAL,NONE,75,40,85,LOW,58,55,45,-0.55,False,65,0.362421557770395,100.0,RANGING,90,False,NONE,1.110635,1.116285,1.115802,FAR,30,50,85,50,NONE,NONE,NONE,False,[],0,0,SIDEWAY_RANGE,SIDEWAY_RANGE,54,51,False,12,Price ranging between clear levels. Suitable for mean-reversion strategies.,1.0,0.8,True,False,True,False,0.3,0.3,True,False,False,18,True,[],0,NO,SIDEWAY_RANGE,Price ranging between clear levels. Suitable for mean-reversion strategies.,LOW,LOW,0.12,[],False,Passed basic checks,0,50,50,MEDIUM,5,WAIT,รอการวิเคราะห์จาก AI
2026-06-27 22:08:00,1.115385,1.115705,1.115265,1.115345,1.0,EURUSD-OTC,BEARISH,1.114854,1.114298,1.11438,1.116456,1.117689,1.117976,BULLISH,1.115711,1.110802,0.004909,0.013545,74.89,77.14,-0.000563,-0.001155,0.000592,90.36,85.5,0.001339,14.07,-0.55,0.001415,0.001727,26.68,23.18,18.75,10.56,0.1822,1,1.0,1.0,False,STABLE,0.000243,0.000165,-0.000258,1.110635,1.116285,1.115802,1.116368,1.116852,1.115318,1.114752,23,4.22,1.115138,1.11481,1.114328,1.113815,65.02,73.06,0.000542,0.000397,82.64,84.33,0.000652,1.112005,1.115705,1.115837,1.112347,1.115438,1.115612,1.115172,1,1.0,1.115345,1.115705,1.115265,1.115385,NEW YORK,482532,LOW,1.115345,1.115705,1.115265,1.115385,NEW YORK,482532,LOW,NONE,BULLISH,BULLISH,WEAK,AT_PIVOT,LOW_WICK,NEUTRAL,NOISY,NONE,TESTING_PIVOT,51,20,0.0,50,NEUTRAL,False,70,[],0,0,NEUTRAL,BULLISH,40,False,NONE,0,False,False,False,60,False,0,100,NONE,NONE,UP,0,True,75,82,18,80,True,True,CONTINUATION,70,False,0.0,NONE,True,BULLISH,True,False,50,False,70,6.701708278580849,10.457516339869152,60.0,25,POOR,False,75,81,0.0788181130089908,5,60.0,True,RANDOM,70,40.18063934649528,12.504834401162977,True,MOMENTUM_SHIFT,False,True,False,65,True,70,NONE,100,CHOPPY,LOW,NONE,100,0.1822,CHOPPY,20,50,30,NORMAL,NONE,75,40,85,LOW,58,55,45,-0.55,False,65,0.362421557770395,100.0,RANGING,90,False,NONE,1.110635,1.116285,1.115802,FAR,30,50,85,50,NONE,NONE,NONE,False,[],0,0,SIDEWAY_RANGE,SIDEWAY_RANGE,54,51,False,12,Price ranging between clear levels. Suitable for mean-reversion strategies.,1.0,0.8,True,False,True,False,0.3,0.3,True,False,False,18,True,[],0,NO,SIDEWAY_RANGE,Price ranging between clear levels. Suitable for mean-reversion strategies.,LOW,LOW,0.12,[],False,Passed basic checks,0,50,50,MEDIUM,5,WAIT,รอการวิเคราะห์จาก AI
2026-06-27 22:09:00,1.115385,1.115705,1.115265,1.115345,1.0,EURUSD-OTC,BEARISH,1.114854,1.114298,1.11438,1.116456,1.117689,1.117976,BULLISH,1.115711,1.110802,0.004909,0.013545,74.89,77.14,-0.000563,-0.001155,0.000592,90.36,85.5,0.001339,14.07,-0.55,0.001415,0.001727,26.68,23.18,18.75,10.56,0.1822,1,1.0,1.0,False,STABLE,0.000243,0.000165,-0.000258,1.110635,1.116285,1.115802,1.116368,1.116852,1.115318,1.114752,23,4.22,1.115138,1.11481,1.114328,1.113815,65.02,73.06,0.000542,0.000397,82.64,84.33,0.000652,1.112005,1.115705,1.115837,1.112347,1.115438,1.115612,1.115172,1,1.0,1.115345,1.115705,1.115265,1.115385,NEW YORK,542841,LOW,1.115345,1.115705,1.115265,1.115385,NEW YORK,542841,LOW,NONE,BULLISH,BULLISH,WEAK,AT_PIVOT,LOW_WICK,NEUTRAL,NOISY,NONE,TESTING_PIVOT,51,20,0.0,50,NEUTRAL,False,70,[],0,0,NEUTRAL,BULLISH,40,False,NONE,0,False,False,False,60,False,0,100,NONE,NONE,UP,0,True,75,82,18,80,True,True,CONTINUATION,70,False,0.0,NONE,True,BULLISH,True,False,50,False,70,6.701708278580849,10.457516339869152,60.0,25,POOR,False,75,81,0.0788181130089908,5,60.0,True,RANDOM,70,40.18063934649528,12.504834401162977,True,MOMENTUM_SHIFT,False,True,False,65,True,70,NONE,100,CHOPPY,LOW,NONE,100,0.1822,CHOPPY,20,50,30,NORMAL,NONE,75,40,85,LOW,58,55,45,-0.55,False,65,0.362421557770395,100.0,RANGING,90,False,NONE,1.110635,1.116285,1.115802,FAR,30,50,85,50,NONE,NONE,NONE,False,[],0,0,SIDEWAY_RANGE,SIDEWAY_RANGE,54,51,False,12,Price ranging between clear levels. Suitable for mean-reversion strategies.,1.0,0.8,True,False,True,False,0.3,0.3,True,False,False,18,True,[],0,NO,SIDEWAY_RANGE,Price ranging between clear levels. Suitable for mean-reversion strategies.,LOW,LOW,0.12,[],False,Passed basic checks,0,50,50,MEDIUM,5,WAIT,รอการวิเคราะห์จาก AI
2026-06-27 22:10:00,1.115865,1.116675,1.115775,1.116675,1.0,EURUSD-OTC,BEARISH,1.115484,1.114743,1.114605,1.116467,1.117664,1.11792,BULLISH,1.116348,1.110555,0.005794,0.013559,84.1,75.14,-0.000319,-0.000988,0.000668,91.93,89.56,0.001315,9.05,-0.63,0.001395,0.001697,26.22,26.24,17.39,20.27,0.3135,1,1.0,1.0,False,STABLE,0.000385,0.000208,-0.000244,1.110635,1.117245,1.116588,1.117402,1.118058,1.115932,1.115118,25,5.03,1.116054,1.115638,1.115019,1.114222,86.29,78.62,0.000728,0.00058,91.2,89.46,0.000656,1.113035,1.116675,1.116746,1.112915,1.116375,1.116975,1.116075,1,1.0,1.116675,1.116675,1.115775,1.115865,NEW YORK,303219,LOW,1.116675,1.116675,1.115775,1.115865,NEW YORK,303219,LOW,NONE,BULLISH,BULLISH,WEAK,AT_PIVOT,HIGH_WICK,BULLISH,NORMAL,NONE,TESTING_PIVOT,52,20,6.666666666666667,50,NEUTRAL,False,70,[],0,0,NEUTRAL,BULLISH,40,False,NONE,0,False,False,False,60,False,0,100,NONE,UP,UP,0,True,75,55,45,80,False,True,NEUTRAL,70,False,0.0,NONE,True,BULLISH,True,False,50,False,70,27.738264580369147,20.30920590302241,65.0,37,FAIR,False,75,79,0.06851239498303544,6,50.0,True,RANDOM,70,48.28667163884352,5.425966995788089,True,MOMENTUM_SHIFT,False,True,False,65,True,70,NONE,100,CHOPPY,LOW,NONE,100,0.3135,CHOPPY,20,50,30,NORMAL,NONE,75,40,85,LOW,58,55,45,-0.63,False,65,0.42731764879415884,100.0,RANGING,90,False,NONE,1.110635,1.117245,1.116588,FAR,30,50,85,50,NONE,NONE,NONE,False,[],0,0,BREAKOUT_EMERGING,BREAKOUT_EMERGING,53,70,True,31,"Volatility expansion after compression. Potential breakout opportunity. (breakout prob: 30%, reversal prob: 50%)",1.0,0.5,True,False,True,True,0.3,0.3,True,False,False,18,True,[],0,NO,BREAKOUT_EMERGING,"Volatility expansion after compression. Potential breakout opportunity. (breakout prob: 30%, reversal prob: 50%)",LOW,LOW,0.118,[],True,Passed basic checks,0,50,50,MEDIUM,5,WAIT,รอการวิเคราะห์จาก AI
2026-06-27 22:11:00,1.115865,1.116675,1.115775,1.116675,1.0,EURUSD-OTC,BEARISH,1.115484,1.114743,1.114605,1.116467,1.117664,1.11792,BULLISH,1.116348,1.110555,0.005794,0.013559,84.1,75.14,-0.000319,-0.000988,0.000668,91.93,89.56,0.001315,9.05,-0.63,0.001395,0.001697,26.22,26.24,17.39,20.27,0.3135,1,1.0,1.0,False,STABLE,0.000385,0.000208,-0.000244,1.110635,1.117245,1.116588,1.117402,1.118058,1.115932,1.115118,25,5.03,1.116054,1.115638,1.115019,1.114222,86.29,78.62,0.000728,0.00058,91.2,89.46,0.000656,1.113035,1.116675,1.116746,1.112915,1.116375,1.116975,1.116075,1,1.0,1.116675,1.116675,1.115775,1.115865,NEW YORK,362627,LOW,1.116675,1.116675,1.115775,1.115865,NEW YORK,362627,LOW,NONE,BULLISH,BULLISH,WEAK,AT_PIVOT,HIGH_WICK,BULLISH,NORMAL,NONE,TESTING_PIVOT,52,20,6.666666666666667,50,NEUTRAL,False,70,[],0,0,NEUTRAL,BULLISH,40,False,NONE,0,False,False,False,60,False,0,100,NONE,UP,UP,0,True,75,55,45,80,False,True,NEUTRAL,70,False,0.0,NONE,True,BULLISH,True,False,50,False,70,27.738264580369147,20.30920590302241,65.0,37,FAIR,False,75,79,0.06851239498303544,6,50.0,True,RANDOM,70,48.28667163884352,5.425966995788089,True,MOMENTUM_SHIFT,False,True,False,65,True,70,NONE,100,CHOPPY,LOW,NONE,100,0.3135,CHOPPY,20,50,30,NORMAL,NONE,75,40,85,LOW,58,55,45,-0.63,False,65,0.42731764879415884,100.0,RANGING,90,False,NONE,1.110635,1.117245,1.116588,FAR,30,50,85,50,NONE,NONE,NONE,False,[],0,0,ACCUMULATION,ACCUMULATION,53,65,True,31,"Smart money accumulation. Bullish bias, look for breakout.",1.0,0.5,True,False,True,True,0.3,0.3,True,False,False,18,True,[],0,NO,ACCUMULATION,"Smart money accumulation. Bullish bias, look for breakout.",LOW,LOW,0.118,[],True,Passed basic checks,0,50,50,MEDIUM,5,WAIT,รอการวิเคราะห์จาก AI
2026-06-27 22:12:00,1.115865,1.116675,1.115775,1.116675,1.0,EURUSD-OTC,BEARISH,1.115484,1.114743,1.114605,1.116467,1.117664,1.11792,BULLISH,1.116348,1.110555,0.005794,0.013559,84.1,75.14,-0.000319,-0.000988,0.000668,91.93,89.56,0.001315,9.05,-0.63,0.001395,0.001697,26.22,26.24,17.39,20.27,0.3135,1,1.0,1.0,False,STABLE,0.000385,0.000208,-0.000244,1.110635,1.117245,1.116588,1.117402,1.118058,1.115932,1.115118,25,5.03,1.116054,1.115638,1.115019,1.114222,86.29,78.62,0.000728,0.00058,91.2,89.46,0.000656,1.113035,1.116675,1.116746,1.112915,1.116375,1.116975,1.116075,1,1.0,1.116675,1.116675,1.115775,1.115865,NEW YORK,423003,LOW,1.116675,1.116675,1.115775,1.115865,NEW YORK,423003,LOW,NONE,BULLISH,BULLISH,WEAK,AT_PIVOT,HIGH_WICK,BULLISH,NORMAL,NONE,TESTING_PIVOT,52,20,6.666666666666667,50,NEUTRAL,False,70,[],0,0,NEUTRAL,BULLISH,40,False,NONE,0,False,False,False,60,False,0,100,NONE,UP,UP,0,True,75,55,45,80,False,True,NEUTRAL,70,False,0.0,NONE,True,BULLISH,True,False,50,False,70,27.738264580369147,20.30920590302241,65.0,37,FAIR,False,75,79,0.06851239498303544,6,50.0,True,RANDOM,70,48.28667163884352,5.425966995788089,True,MOMENTUM_SHIFT,False,True,False,65,True,70,NONE,100,CHOPPY,LOW,NONE,100,0.3135,CHOPPY,20,50,30,NORMAL,NONE,75,40,85,LOW,58,55,45,-0.63,False,65,0.42731764879415884,100.0,RANGING,90,False,NONE,1.110635,1.117245,1.116588,FAR,30,50,85,50,NONE,NONE,NONE,False,[],0,0,BREAKOUT_EMERGING,BREAKOUT_EMERGING,53,70,True,31,"Volatility expansion after compression. Potential breakout opportunity. (breakout prob: 30%, reversal prob: 50%)",1.0,0.5,True,False,True,True,0.3,0.3,True,False,False,18,True,[],0,NO,BREAKOUT_EMERGING,"Volatility expansion after compression. Potential breakout opportunity. (breakout prob: 30%, reversal prob: 50%)",LOW,LOW,0.118,[],True,Passed basic checks,0,50,50,MEDIUM,5,WAIT,รอการวิเคราะห์จาก AI
2026-06-27 22:13:00,1.115865,1.116675,1.115775,1.116675,1.0,EURUSD-OTC,BEARISH,1.115484,1.114743,1.114605,1.116467,1.117664,1.11792,BULLISH,1.116348,1.110555,0.005794,0.013559,84.1,75.14,-0.000319,-0.000988,0.000668,91.93,89.56,0.001315,9.05,-0.63,0.001395,0.001697,26.22,26.24,17.39,20.27,0.3135,1,1.0,1.0,False,STABLE,0.000385,0.000208,-0.000244,1.110635,1.117245,1.116588,1.117402,1.118058,1.115932,1.115118,25,5.03,1.116054,1.115638,1.115019,1.114222,86.29,78.62,0.000728,0.00058,91.2,89.46,0.000656,1.113035,1.116675,1.116746,1.112915,1.116375,1.116975,1.116075,1,1.0,1.116675,1.116675,1.115775,1.115865,NEW YORK,483307,LOW,1.116675,1.116675,1.115775,1.115865,NEW YORK,483307,LOW,NONE,BULLISH,BULLISH,WEAK,AT_PIVOT,HIGH_WICK,BULLISH,NORMAL,NONE,TESTING_PIVOT,52,20,6.666666666666667,50,NEUTRAL,False,70,[],0,0,NEUTRAL,BULLISH,40,False,NONE,0,False,False,False,60,False,0,100,NONE,UP,UP,0,True,75,55,45,80,False,True,NEUTRAL,70,False,0.0,NONE,True,BULLISH,True,False,50,False,70,27.738264580369147,20.30920590302241,65.0,37,FAIR,False,75,79,0.06851239498303544,6,50.0,True,RANDOM,70,48.28667163884352,5.425966995788089,True,MOMENTUM_SHIFT,False,True,False,65,True,70,NONE,100,CHOPPY,LOW,NONE,100,0.3135,CHOPPY,20,50,30,NORMAL,NONE,75,40,85,LOW,58,55,45,-0.63,False,65,0.42731764879415884,100.0,RANGING,90,False,NONE,1.110635,1.117245,1.116588,FAR,30,50,85,50,NONE,NONE,NONE,False,[],0,0,BREAKOUT_EMERGING,BREAKOUT_EMERGING,53,70,True,31,"Volatility expansion after compression. Potential breakout opportunity. (breakout prob: 30%, reversal prob: 50%)",1.0,0.5,True,False,True,True,0.3,0.3,True,False,False,18,True,[],0,NO,BREAKOUT_EMERGING,"Volatility expansion after compression. Potential breakout opportunity. (breakout prob: 30%, reversal prob: 50%)",LOW,LOW,0.118,[],True,Passed basic checks,0,50,50,MEDIUM,5,WAIT,รอการวิเคราะห์จาก AI
2026-06-27 22:14:00,1.115865,1.116675,1.115775,1.116675,1.0,EURUSD-OTC,BEARISH,1.115484,1.114743,1.114605,1.116467,1.117664,1.11792,BULLISH,1.116348,1.110555,0.005794,0.013559,84.1,75.14,-0.000319,-0.000988,0.000668,91.93,89.56,0.001315,9.05,-0.63,0.001395,0.001697,26.22,26.24,17.39,20.27,0.3135,1,1.0,1.0,False,STABLE,0.000385,0.000208,-0.000244,1.110635,1.117245,1.116588,1.117402,1.118058,1.115932,1.115118,25,5.03,1.116054,1.115638,1.115019,1.114222,86.29,78.62,0.000728,0.00058,91.2,89.46,0.000656,1.113035,1.116675,1.116746,1.112915,1.116375,1.116975,1.116075,1,1.0,1.116675,1.116675,1.115775,1.115865,NEW YORK,542702,LOW,1.116675,1.116675,1.115775,1.115865,NEW YORK,542702,LOW,NONE,BULLISH,BULLISH,WEAK,AT_PIVOT,HIGH_WICK,BULLISH,NORMAL,NONE,TESTING_PIVOT,52,20,6.666666666666667,50,NEUTRAL,False,70,[],0,0,NEUTRAL,BULLISH,40,False,NONE,0,False,False,False,60,False,0,100,NONE,UP,UP,0,True,75,55,45,80,False,True,NEUTRAL,70,False,0.0,NONE,True,BULLISH,True,False,50,False,70,27.738264580369147,20.30920590302241,65.0,37,FAIR,False,75,79,0.06851239498303544,6,50.0,True,RANDOM,70,48.28667163884352,5.425966995788089,True,MOMENTUM_SHIFT,False,True,False,65,True,70,NONE,100,CHOPPY,LOW,NONE,100,0.3135,CHOPPY,20,50,30,NORMAL,NONE,75,40,85,LOW,58,55,45,-0.63,False,65,0.42731764879415884,100.0,RANGING,90,False,NONE,1.110635,1.117245,1.116588,FAR,30,50,85,50,NONE,NONE,NONE,False,[],0,0,ACCUMULATION,ACCUMULATION,53,65,True,31,"Smart money accumulation. Bullish bias, look for breakout.",1.0,0.5,True,False,True,True,0.3,0.3,True,False,False,18,True,[],0,NO,ACCUMULATION,"Smart money accumulation. Bullish bias, look for breakout.",LOW,LOW,0.118,[],True,Passed basic checks,0,50,50,MEDIUM,5,WAIT,รอการวิเคราะห์จาก AI
2026-06-27 22:15:00,1.116725,1.116845,1.115885,1.116205,1.0,EURUSD-OTC,BEARISH,1.115961,1.115138,1.114825,1.116484,1.117612,1.117633,BULLISH,1.116789,1.110709,0.00608,0.013575,100.0,76.04,-0.000111,-0.000812,0.000701,91.82,91.37,0.001314,8.54,-0.65,0.001374,0.001672,25.77,24.54,16.42,19.84,0.2936,1,1.0,1.0,False,STABLE,0.000461,0.000218,-0.000226,1.110635,1.117245,1.116568,1.117392,1.117868,1.116092,1.115268,26,5.03,1.116549,1.116314,1.115698,1.114683,54.92,61.26,0.000787,0.000744,77.11,86.33,0.000675,1.113575,1.117245,1.117543,1.113667,1.116312,1.116738,1.115778,1,1.0,1.116205,1.116845,1.115885,1.116725,NEW YORK,304291,LOW,1.116205,1.116845,1.115885,1.116725,NEW YORK,304291,LOW,NONE,BULLISH,BULLISH,WEAK,AT_PIVOT,HIGH_WICK,BULLISH,NOISY,TRUE,TESTING_PIVOT,50,23,6.666666666666667,50,NEUTRAL,False,70,[],0,0,NEUTRAL,BULLISH,40,True,REJECTION,25,False,False,True,70,False,0,100,NONE,NONE,UP,0,True,75,55,45,80,False,True,NEUTRAL,70,False,0.0,NONE,False,NONE,False,False,0,False,60,48.17813765182166,15.342763873776683,70.0,44,FAIR,False,75,78,0.06081046706748478,7,40.0,True,RANDOM,70,53.09029399634732,2.811994350831527,True,MOMENTUM_SHIFT,False,True,False,65,True,70,NONE,100,CHOPPY,LOW,NONE,100,0.2936,CHOPPY,20,50,30,NORMAL,NONE,75,40,85,LOW,58,55,45,-0.65,False,65,0.44788213627992635,100.0,RANGING,90,False,NONE,1.110635,1.117245,1.116568,FAR,30,50,85,50,NONE,NONE,NONE,False,[],0,0,ACCUMULATION,ACCUMULATION,54,56,False,12,"Smart money accumulation. Bullish bias, look for breakout.",1.0,0.8,True,False,True,False,0.3,0.3,True,False,False,18,True,[],0,NO,ACCUMULATION,"Smart money accumulation. Bullish bias, look for breakout.",LOW,LOW,0.118,[],False,Passed basic checks,0,50,50,MEDIUM,5,WAIT,รอการวิเคราะห์จาก AI
2026-06-27 22:16:00,1.116725,1.116845,1.115885,1.116205,1.0,EURUSD-OTC,BEARISH,1.115961,1.115138,1.114825,1.116484,1.117612,1.117633,BULLISH,1.116789,1.110709,0.00608,0.013575,100.0,76.04,-0.000111,-0.000812,0.000701,91.82,91.37,0.001314,8.54,-0.65,0.001374,0.001672,25.77,24.54,16.42,19.84,0.2936,1,1.0,1.0,False,STABLE,0.000461,0.000218,-0.000226,1.110635,1.117245,1.116568,1.117392,1.117868,1.116092,1.115268,26,5.03,1.116549,1.116314,1.115698,1.114683,54.92,61.26,0.000787,0.000744,77.11,86.33,0.000675,1.113575,1.117245,1.117543,1.113667,1.116312,1.116738,1.115778,1,1.0,1.116205,1.116845,1.115885,1.116725,NEW YORK,362770,LOW,1.116205,1.116845,1.115885,1.116725,NEW YORK,362770,LOW,NONE,BULLISH,BULLISH,WEAK,AT_PIVOT,HIGH_WICK,BULLISH,NOISY,TRUE,TESTING_PIVOT,50,23,6.666666666666667,50,NEUTRAL,False,70,[],0,0,NEUTRAL,BULLISH,40,True,REJECTION,25,False,False,True,70,False,0,100,NONE,NONE,UP,0,True,75,55,45,80,False,True,NEUTRAL,70,False,0.0,NONE,False,NONE,False,False,0,False,60,48.17813765182166,15.342763873776683,70.0,44,FAIR,False,75,78,0.06081046706748478,7,40.0,True,RANDOM,70,53.09029399634732,2.811994350831527,True,MOMENTUM_SHIFT,False,True,False,65,True,70,NONE,100,CHOPPY,LOW,NONE,100,0.2936,CHOPPY,20,50,30,NORMAL,NONE,75,40,85,LOW,58,55,45,-0.65,False,65,0.44788213627992635,100.0,RANGING,90,False,NONE,1.110635,1.117245,1.116568,FAR,30,50,85,50,NONE,NONE,NONE,False,[],0,0,SIDEWAY_RANGE,SIDEWAY_RANGE,54,51,False,12,Price ranging between clear levels. Suitable for mean-reversion strategies.,1.0,0.8,True,False,True,False,0.3,0.3,True,False,False,18,True,[],0,NO,SIDEWAY_RANGE,Price ranging between clear levels. Suitable for mean-reversion strategies.,LOW,LOW,0.118,[],False,Passed basic checks,0,50,50,MEDIUM,5,WAIT,รอการวิเคราะห์จาก AI
2026-06-27 22:17:00,1.116725,1.116845,1.115885,1.116205,1.0,EURUSD-OTC,BEARISH,1.115961,1.115138,1.114825,1.116484,1.117612,1.117633,BULLISH,1.116789,1.110709,0.00608,0.013575,100.0,76.04,-0.000111,-0.000812,0.000701,91.82,91.37,0.001314,8.54,-0.65,0.001374,0.001672,25.77,24.54,16.42,19.84,0.2936,1,1.0,1.0,False,STABLE,0.000461,0.000218,-0.000226,1.110635,1.117245,1.116568,1.117392,1.117868,1.116092,1.115268,26,5.03,1.116549,1.116314,1.115698,1.114683,54.92,61.26,0.000787,0.000744,77.11,86.33,0.000675,1.113575,1.117245,1.117543,1.113667,1.116312,1.116738,1.115778,1,1.0,1.116205,1.116845,1.115885,1.116725,NEW YORK,423098,LOW,1.116205,1.116845,1.115885,1.116725,NEW YORK,423098,LOW,NONE,BULLISH,BULLISH,WEAK,AT_PIVOT,HIGH_WICK,BULLISH,NOISY,TRUE,TESTING_PIVOT,50,23,6.666666666666667,50,NEUTRAL,False,70,[],0,0,NEUTRAL,BULLISH,40,True,REJECTION,25,False,False,True,70,False,0,100,NONE,NONE,UP,0,True,75,55,45,80,False,True,NEUTRAL,70,False,0.0,NONE,False,NONE,False,False,0,False,60,48.17813765182166,15.342763873776683,70.0,44,FAIR,False,75,78,0.06081046706748478,7,40.0,True,RANDOM,70,53.09029399634732,2.811994350831527,True,MOMENTUM_SHIFT,False,True,False,65,True,70,NONE,100,CHOPPY,LOW,NONE,100,0.2936,CHOPPY,20,50,30,NORMAL,NONE,75,40,85,LOW,58,55,45,-0.65,False,65,0.44788213627992635,100.0,RANGING,90,False,NONE,1.110635,1.117245,1.116568,FAR,30,50,85,50,NONE,NONE,NONE,False,[],0,0,SIDEWAY_RANGE,SIDEWAY_RANGE,54,51,False,12,Price ranging between clear levels. Suitable for mean-reversion strategies.,1.0,0.8,True,False,True,False,0.3,0.3,True,False,False,18,True,[],0,NO,SIDEWAY_RANGE,Price ranging between clear levels. Suitable for mean-reversion strategies.,LOW,LOW,0.118,[],False,Passed basic checks,0,50,50,MEDIUM,5,WAIT,รอการวิเคราะห์จาก AI
2026-06-27 22:18:00,1.116725,1.116845,1.115885,1.116205,1.0,EURUSD-OTC,BEARISH,1.115961,1.115138,1.114825,1.116484,1.117612,1.117633,BULLISH,1.116789,1.110709,0.00608,0.013575,100.0,76.04,-0.000111,-0.000812,0.000701,91.82,91.37,0.001314,8.54,-0.65,0.001374,0.001672,25.77,24.54,16.42,19.84,0.2936,1,1.0,1.0,False,STABLE,0.000461,0.000218,-0.000226,1.110635,1.117245,1.116568,1.117392,1.117868,1.116092,1.115268,26,5.03,1.116549,1.116314,1.115698,1.114684,54.92,61.26,0.000787,0.000744,77.11,86.33,0.000675,1.113575,1.117245,1.117543,1.113667,1.116312,1.116738,1.115778,1,1.0,1.116205,1.116845,1.115885,1.116725,NEW YORK,482448,LOW,1.116205,1.116845,1.115885,1.116725,NEW YORK,482448,LOW,NONE,BULLISH,BULLISH,WEAK,AT_PIVOT,HIGH_WICK,BULLISH,NOISY,TRUE,TESTING_PIVOT,50,23,6.666666666666667,50,NEUTRAL,False,70,[],0,0,NEUTRAL,BULLISH,40,True,REJECTION,25,False,False,True,70,False,0,100,NONE,NONE,UP,0,True,75,55,45,80,False,True,NEUTRAL,70,False,0.0,NONE,False,NONE,False,False,0,False,60,48.17813765182166,15.342763873776683,70.0,44,FAIR,False,75,78,0.06081046706748478,7,40.0,True,RANDOM,70,53.09029399634732,2.811994350831527,True,MOMENTUM_SHIFT,False,True,False,65,True,70,NONE,100,CHOPPY,LOW,NONE,100,0.2936,CHOPPY,20,50,30,NORMAL,NONE,75,40,85,LOW,58,55,45,-0.65,False,65,0.44788213627992635,100.0,RANGING,90,False,NONE,1.110635,1.117245,1.116568,FAR,30,50,85,50,NONE,NONE,NONE,False,[],0,0,ACCUMULATION,ACCUMULATION,54,56,False,12,"Smart money accumulation. Bullish bias, look for breakout.",1.0,0.8,True,False,True,False,0.3,0.3,True,False,False,18,True,[],0,NO,ACCUMULATION,"Smart money accumulation. Bullish bias, look for breakout.",LOW,LOW,0.118,[],False,Passed basic checks,0,50,50,MEDIUM,5,WAIT,รอการวิเคราะห์จาก AI
2026-06-27 22:19:00,1.116725,1.116845,1.115885,1.116205,1.0,EURUSD-OTC,BEARISH,1.115961,1.115138,1.114825,1.116484,1.117612,1.117633,BULLISH,1.116789,1.110709,0.00608,0.013575,100.0,76.04,-0.000111,-0.000812,0.000701,91.82,91.37,0.001314,8.54,-0.65,0.001374,0.001672,25.77,24.54,16.42,19.84,0.2936,1,1.0,1.0,False,STABLE,0.000461,0.000218,-0.000226,1.110635,1.117245,1.116568,1.117392,1.117868,1.116092,1.115268,26,5.03,1.116549,1.116314,1.115698,1.114683,54.92,61.26,0.000787,0.000744,77.11,86.33,0.000675,1.113575,1.117245,1.117543,1.113667,1.116312,1.116738,1.115778,1,1.0,1.116205,1.116845,1.115885,1.116725,NEW YORK,542964,LOW,1.116205,1.116845,1.115885,1.116725,NEW YORK,542964,LOW,NONE,BULLISH,BULLISH,WEAK,AT_PIVOT,HIGH_WICK,BULLISH,NOISY,TRUE,TESTING_PIVOT,50,23,6.666666666666667,50,NEUTRAL,False,70,[],0,0,NEUTRAL,BULLISH,40,True,REJECTION,25,False,False,True,70,False,0,100,NONE,NONE,UP,0,True,75,55,45,80,False,True,NEUTRAL,70,False,0.0,NONE,False,NONE,False,False,0,False,60,48.17813765182166,15.342763873776683,70.0,44,FAIR,False,75,78,0.06081046706748478,7,40.0,True,RANDOM,70,53.09029399634732,2.811994350831527,True,MOMENTUM_SHIFT,False,True,False,65,True,70,NONE,100,CHOPPY,LOW,NONE,100,0.2936,CHOPPY,20,50,30,NORMAL,NONE,75,40,85,LOW,58,55,45,-0.65,False,65,0.44788213627992635,100.0,RANGING,90,False,NONE,1.110635,1.117245,1.116568,FAR,30,50,85,50,NONE,NONE,NONE,False,[],0,0,ACCUMULATION,ACCUMULATION,54,56,False,12,"Smart money accumulation. Bullish bias, look for breakout.",1.0,0.8,True,False,True,False,0.3,0.3,True,False,False,18,True,[],0,NO,ACCUMULATION,"Smart money accumulation. Bullish bias, look for breakout.",LOW,LOW,0.118,[],False,Passed basic checks,0,50,50,MEDIUM,5,WAIT,รอการวิเคราะห์จาก AI
2026-06-27 22:20:00,1.116925,1.117415,1.116915,1.117055,1.0,EURUSD-OTC,BEARISH,1.116466,1.115563,1.115077,1.116523,1.117628,1.117767,BULLISH,1.117407,1.11057,0.006837,0.0136,100.0,76.01,9.8e-05,-0.00063,0.000728,90.33,91.36,0.001329,11.56,-0.58,0.001361,0.001639,26.15,29.12,15.28,31.18,0.3737,1,1.0,1.0,False,STABLE,0.000549,0.000255,-0.000204,1.110635,1.118305,1.117565,1.118215,1.118955,1.116825,1.116175,28,5.77,1.116738,1.116542,1.116062,1.115029,54.64,63.37,0.000667,0.000694,75.93,68.5,0.000633,1.114505,1.117415,1.117548,1.114759,1.117128,1.117342,1.116842,1,1.0,1.117055,1.117415,1.116915,1.116925,NEW YORK,303455,LOW,1.117055,1.117415,1.116915,1.116925,NEW YORK,303455,LOW,NONE,BULLISH,BULLISH,WEAK,AT_PIVOT,HIGH_WICK,BULLISH,NORMAL,NONE,TESTING_PIVOT,50,23,13.333333333333334,50,NEUTRAL,False,70,[],0,0,NEUTRAL,BULLISH,40,False,NONE,0,False,False,False,60,False,0,100,NONE,UP,UP,0,True,75,82,18,80,True,True,CONTINUATION,70,False,0.0,NONE,False,NONE,False,False,0,False,60,42.80607685433389,20.276325616131928,70.0,44,FAIR,False,75,76,0.07807136160144337,8,30.000000000000004,True,RANDOM,70,48.780838282807366,5.463736762983954,True,MOMENTUM_SHIFT,False,True,False,65,True,70,NONE,100,CHOPPY,LOW,NONE,100,0.3737,CHOPPY,20,50,30,NORMAL,NONE,75,30,85,LOW,58,55,45,-0.58,False,65,0.5027205882352942,100.0,RANGING,90,False,NONE,1.110635,1.118215,1.117565,FAR,30,50,85,50,NONE,NONE,NONE,False,[],0,0,BREAKOUT_EMERGING,BREAKOUT_EMERGING,52,70,True,31,"Volatility expansion after compression. Potential breakout opportunity. (breakout prob: 30%, reversal prob: 50%)",1.0,0.5,True,False,True,True,0.3,0.3,True,False,False,18,True,[],0,NO,BREAKOUT_EMERGING,"Volatility expansion after compression. Potential breakout opportunity. (breakout prob: 30%, reversal prob: 50%)",LOW,LOW,0.119,[],True,Passed basic checks,0,50,50,MEDIUM,5,WAIT,รอการวิเคราะห์จาก AI
2026-06-27 22:21:00,1.116925,1.117415,1.116915,1.117055,1.0,EURUSD-OTC,BEARISH,1.116466,1.115563,1.115077,1.116523,1.117628,1.117767,BULLISH,1.117407,1.11057,0.006837,0.0136,100.0,76.01,9.8e-05,-0.00063,0.000728,90.33,91.36,0.001329,11.56,-0.58,0.001361,0.001639,26.15,29.12,15.28,31.18,0.3737,1,1.0,1.0,False,STABLE,0.000549,0.000255,-0.000204,1.110635,1.118305,1.117565,1.118215,1.118955,1.116825,1.116175,28,5.77,1.116738,1.116542,1.116062,1.11503,54.64,63.37,0.000667,0.000694,75.93,68.5,0.000633,1.114505,1.117415,1.117548,1.114759,1.117128,1.117342,1.116842,1,1.0,1.117055,1.117415,1.116915,1.116925,NEW YORK,362857,LOW,1.117055,1.117415,1.116915,1.116925,NEW YORK,362857,LOW,NONE,BULLISH,BULLISH,WEAK,AT_PIVOT,HIGH_WICK,BULLISH,NORMAL,NONE,TESTING_PIVOT,50,23,13.333333333333334,50,NEUTRAL,False,70,[],0,0,NEUTRAL,BULLISH,40,False,NONE,0,False,False,False,60,False,0,100,NONE,UP,UP,0,True,75,82,18,80,True,True,CONTINUATION,70,False,0.0,NONE,False,NONE,False,False,0,False,60,42.80607685433389,20.276325616131928,70.0,44,FAIR,False,75,76,0.07807136160144337,8,30.000000000000004,True,RANDOM,70,48.780838282807366,5.463736762983954,True,MOMENTUM_SHIFT,False,True,False,65,True,70,NONE,100,CHOPPY,LOW,NONE,100,0.3737,CHOPPY,20,50,30,NORMAL,NONE,75,30,85,LOW,58,55,45,-0.58,False,65,0.5027205882352942,100.0,RANGING,90,False,NONE,1.110635,1.118215,1.117565,FAR,30,50,85,50,NONE,NONE,NONE,False,[],0,0,TRENDING_STRONG,TRENDING_STRONG,52,75,True,31,Strong directional trend with high momentum. Favorable for trend-following strategies.,1.0,0.5,True,False,True,True,0.3,0.3,True,False,False,18,True,[],0,NO,TRENDING_STRONG,Strong directional trend with high momentum. Favorable for trend-following strategies.,LOW,LOW,0.119,[],True,Passed basic checks,0,50,50,MEDIUM,5,WAIT,รอการวิเคราะห์จาก AI
2026-06-27 22:22:00,1.116925,1.117415,1.116915,1.117055,1.0,EURUSD-OTC,BEARISH,1.116466,1.115563,1.115077,1.116523,1.117628,1.117767,BULLISH,1.117407,1.11057,0.006837,0.0136,100.0,76.01,9.8e-05,-0.00063,0.000728,90.33,91.36,0.001329,11.56,-0.58,0.001361,0.001639,26.15,29.12,15.28,31.18,0.3737,1,1.0,1.0,False,STABLE,0.000549,0.000255,-0.000204,1.110635,1.118305,1.117565,1.118215,1.118955,1.116825,1.116175,28,5.77,1.116738,1.116542,1.116062,1.11503,54.64,63.37,0.000667,0.000694,75.93,68.5,0.000633,1.114505,1.117415,1.117548,1.114759,1.117128,1.117342,1.116842,1,1.0,1.117055,1.117415,1.116915,1.116925,NEW YORK,423226,LOW,1.117055,1.117415,1.116915,1.116925,NEW YORK,423226,LOW,NONE,BULLISH,BULLISH,WEAK,AT_PIVOT,HIGH_WICK,BULLISH,NORMAL,NONE,TESTING_PIVOT,50,23,13.333333333333334,50,NEUTRAL,False,70,[],0,0,NEUTRAL,BULLISH,40,False,NONE,0,False,False,False,60,False,0,100,NONE,UP,UP,0,True,75,82,18,80,True,True,CONTINUATION,70,False,0.0,NONE,False,NONE,False,False,0,False,60,42.80607685433389,20.276325616131928,70.0,44,FAIR,False,75,76,0.07807136160144337,8,30.000000000000004,True,RANDOM,70,48.780838282807366,5.463736762983954,True,MOMENTUM_SHIFT,False,True,False,65,True,70,NONE,100,CHOPPY,LOW,NONE,100,0.3737,CHOPPY,20,50,30,NORMAL,NONE,75,30,85,LOW,58,55,45,-0.58,False,65,0.5027205882352942,100.0,RANGING,90,False,NONE,1.110635,1.118215,1.117565,FAR,30,50,85,50,NONE,NONE,NONE,False,[],0,0,BREAKOUT_EMERGING,BREAKOUT_EMERGING,52,70,True,31,"Volatility expansion after compression. Potential breakout opportunity. (breakout prob: 30%, reversal prob: 50%)",1.0,0.5,True,False,True,True,0.3,0.3,True,False,False,18,True,[],0,NO,BREAKOUT_EMERGING,"Volatility expansion after compression. Potential breakout opportunity. (breakout prob: 30%, reversal prob: 50%)",LOW,LOW,0.119,[],True,Passed basic checks,0,50,50,MEDIUM,5,WAIT,รอการวิเคราะห์จาก AI
2026-06-27 22:23:00,1.116925,1.117415,1.116915,1.117055,1.0,EURUSD-OTC,BEARISH,1.116466,1.115563,1.115077,1.116523,1.117628,1.117767,BULLISH,1.117407,1.11057,0.006837,0.0136,100.0,76.01,9.8e-05,-0.00063,0.000728,90.33,91.36,0.001329,11.56,-0.58,0.001361,0.001639,26.15,29.12,15.28,31.18,0.3737,1,1.0,1.0,False,STABLE,0.000549,0.000255,-0.000204,1.110635,1.118305,1.117565,1.118215,1.118955,1.116825,1.116175,28,5.77,1.116738,1.116542,1.116062,1.115029,54.64,63.37,0.000667,0.000694,75.93,68.5,0.000633,1.114505,1.117415,1.117548,1.114759,1.117128,1.117342,1.116842,1,1.0,1.117055,1.117415,1.116915,1.116925,NEW YORK,482568,LOW,1.117055,1.117415,1.116915,1.116925,NEW YORK,482568,LOW,NONE,BULLISH,BULLISH,WEAK,AT_PIVOT,HIGH_WICK,BULLISH,NORMAL,NONE,TESTING_PIVOT,50,23,13.333333333333334,50,NEUTRAL,False,70,[],0,0,NEUTRAL,BULLISH,40,False,NONE,0,False,False,False,60,False,0,100,NONE,UP,UP,0,True,75,82,18,80,True,True,CONTINUATION,70,False,0.0,NONE,False,NONE,False,False,0,False,60,42.80607685433389,20.276325616131928,70.0,44,FAIR,False,75,76,0.07807136160144337,8,30.000000000000004,True,RANDOM,70,48.780838282807366,5.463736762983954,True,MOMENTUM_SHIFT,False,True,False,65,True,70,NONE,100,CHOPPY,LOW,NONE,100,0.3737,CHOPPY,20,50,30,NORMAL,NONE,75,30,85,LOW,58,55,45,-0.58,False,65,0.5027205882352942,100.0,RANGING,90,False,NONE,1.110635,1.118215,1.117565,FAR,30,50,85,50,NONE,NONE,NONE,False,[],0,0,BREAKOUT_EMERGING,BREAKOUT_EMERGING,52,70,True,31,"Volatility expansion after compression. Potential breakout opportunity. (breakout prob: 30%, reversal prob: 50%)",1.0,0.5,True,False,True,True,0.3,0.3,True,False,False,18,True,[],0,NO,BREAKOUT_EMERGING,"Volatility expansion after compression. Potential breakout opportunity. (breakout prob: 30%, reversal prob: 50%)",LOW,LOW,0.119,[],True,Passed basic checks,0,50,50,MEDIUM,5,WAIT,รอการวิเคราะห์จาก AI
2026-06-27 22:24:00,1.116925,1.117415,1.116915,1.117055,1.0,EURUSD-OTC,BEARISH,1.116466,1.115563,1.115077,1.116523,1.117628,1.117767,BULLISH,1.117407,1.11057,0.006837,0.0136,100.0,76.01,9.8e-05,-0.00063,0.000728,90.33,91.36,0.001329,11.56,-0.58,0.001361,0.001639,26.15,29.12,15.28,31.18,0.3737,1,1.0,1.0,False,STABLE,0.000549,0.000255,-0.000204,1.110635,1.118305,1.117565,1.118215,1.118955,1.116825,1.116175,28,5.77,1.116738,1.116542,1.116062,1.11503,54.64,63.37,0.000667,0.000694,75.93,68.5,0.000633,1.114505,1.117415,1.117548,1.114759,1.117128,1.117342,1.116842,1,1.0,1.117055,1.117415,1.116915,1.116925,NEW YORK,542929,LOW,1.117055,1.117415,1.116915,1.116925,NEW YORK,542929,LOW,NONE,BULLISH,BULLISH,WEAK,AT_PIVOT,HIGH_WICK,BULLISH,NORMAL,NONE,TESTING_PIVOT,50,23,13.333333333333334,50,NEUTRAL,False,70,[],0,0,NEUTRAL,BULLISH,40,False,NONE,0,False,False,False,60,False,0,100,NONE,UP,UP,0,True,75,82,18,80,True,True,CONTINUATION,70,False,0.0,NONE,False,NONE,False,False,0,False,60,42.80607685433389,20.276325616131928,70.0,44,FAIR,False,75,76,0.07807136160144337,8,30.000000000000004,True,RANDOM,70,48.780838282807366,5.463736762983954,True,MOMENTUM_SHIFT,False,True,False,65,True,70,NONE,100,CHOPPY,LOW,NONE,100,0.3737,CHOPPY,20,50,30,NORMAL,NONE,75,30,85,LOW,58,55,45,-0.58,False,65,0.5027205882352942,100.0,RANGING,90,False,NONE,1.110635,1.118215,1.117565,FAR,30,50,85,50,NONE,NONE,NONE,False,[],0,0,TRENDING_STRONG,TRENDING_STRONG,52,75,True,31,Strong directional trend with high momentum. Favorable for trend-following strategies.,1.0,0.5,True,False,True,True,0.3,0.3,True,False,False,18,True,[],0,NO,TRENDING_STRONG,Strong directional trend with high momentum. Favorable for trend-following strategies.,LOW,LOW,0.119,[],True,Passed basic checks,0,50,50,MEDIUM,5,WAIT,รอการวิเคราะห์จาก AI
