timestamp,open,high,low,close,volume,symbol,m15_bias,m5_ema5,m5_ema10,m5_ema20,m5_ema50,m5_ema100,m5_ema200,m5_bias,m5_bb_upper,m5_bb_lower,m5_bb_width,m5_bbw_sma_100,m5_rsi7,m5_rsi14,m5_macd,m5_macd_signal,m5_macd_hist,m5_stoch_k,m5_stoch_d,m5_atr14,m5_atr_percentile,m5_atr_zscore,m5_atr_recent_avg,m5_atr_past_avg,m5_adx,m5_di_plus,m5_di_minus,m5_dx,m5_roc,m5_volume,m5_volume_ma20,m5_volume_ratio,m5_volume_spike,m5_volume_trend,m5_slope_10,m5_slope_20,m5_slope_50,m5_support,m5_resistance,m5_pivot,m5_r1,m5_r2,m5_s1,m5_s2,m5_box_duration,m5_box_tightness,m1_ema5,m1_ema20,m1_rsi14,m1_macd,m1_macd_signal,m1_stoch_k,m1_stoch_d,m1_atr14,m1_support,m1_resistance,m1_bb_upper,m1_bb_lower,m1_volume,m1_volume_ratio,meta_close,meta_high,meta_low,meta_open,meta_session,meta_data_age_ms,meta_data_quality,ohlcv_close,ohlcv_high,ohlcv_low,ohlcv_open,ohlcv_session,ohlcv_data_age_ms,ohlcv_data_quality,price_action_pattern,price_action_last_candle_bias,price_action_body_strength,price_action_wick_dominance,price_action_momentum_bias,price_action_move_quality,price_action_trap_alert,price_action_sr_interaction,behavior_conviction,behavior_hesitation,behavior_pressure_balance,behavior_participation,behavior_behavior,behavior_is_decisive,behavior_confidence,candle_pattern_patterns_detected,candle_pattern_pattern_count,candle_pattern_pattern_strength,candle_pattern_bias,candle_pattern_last_candle_color,candle_pattern_confidence,trap_detector_trap_detected,trap_detector_trap_type,trap_detector_trap_score,trap_detector_false_breakout,trap_detector_stop_hunt,trap_detector_rejection_wick,trap_detector_confidence,conflict_conflict_detected,conflict_conflict_score,conflict_agreement_score,conflict_ema_direction,conflict_momentum_direction,conflict_candle_direction,conflict_conflicting_signals,conflict_all_aligned,conflict_confidence,continuation_continuation_probability,continuation_reversal_probability,continuation_pullback_health,continuation_momentum_intact,continuation_volume_supports_move,continuation_bias,continuation_confidence,continuation_retest_detected,continuation_retest_quality,continuation_retest_type,divergence_divergence_detected,divergence_divergence_type,divergence_rsi_divergence,divergence_macd_divergence,divergence_divergence_strength,divergence_both_confirm,divergence_confidence,efficiency_efficiency_ratio,efficiency_path_efficiency,efficiency_directional_efficiency,efficiency_overall_efficiency,efficiency_movement_quality,efficiency_is_efficient,efficiency_confidence,persistence_persistence_score,persistence_autocorrelation,persistence_max_consecutive_run,persistence_trend_persistence,persistence_is_persistent,persistence_behavior,persistence_confidence,persistence_expansion_persistence,persistence_fatigue_risk,transition_in_transition,transition_transition_type,transition_volatility_shift,transition_momentum_shift,transition_structure_shift,transition_stability_score,transition_is_stable,transition_confidence,analysis_trend_direction,analysis_trend_strength,analysis_trend_type,analysis_volatility_regime,engines_trend_direction,engines_trend_strength,engines_trend_momentum,engines_trend_type,engines_trend_confidence,engines_trend_reversal_risk,engines_trend_sustain_probability,engines_strength_momentum_level,engines_strength_divergence,engines_strength_strength_score,engines_strength_exhaustion_risk,engines_strength_confidence,engines_volatility_regime,engines_volatility_volatility_score,engines_volatility_expansion_probability,engines_volatility_contraction_probability,engines_volatility_volatility_zscore,engines_volatility_spike_detected,engines_volatility_confidence,engines_volatility_bbw_compression_ratio,engines_volatility_compression_quality,engines_structure_structure_type,engines_structure_structure_score,engines_structure_bos_detected,engines_structure_bos_type,engines_structure_key_zones_strong_support,engines_structure_key_zones_strong_resistance,engines_structure_key_zones_middle,engines_structure_zone_proximity,engines_structure_breakout_probability,engines_structure_reversal_probability,engines_structure_confidence,engines_mtf_alignment_score,engines_mtf_dominant_direction,engines_mtf_htf_direction,engines_mtf_ltf_direction,engines_mtf_htf_ltf_conflict,engines_mtf_timeframes_analyzed,engines_mtf_confidence_from_mtf,engines_mtf_confidence,market_state,market_state_full_state,market_state_full_confidence,market_state_full_quality_score,market_state_full_tradeable,market_state_full_stability,market_state_full_description,market_state_full_metrics_volume_ratio,market_state_full_metrics_noise_level,market_state_full_metrics_rsi_extreme_bull,market_state_full_metrics_rsi_extreme_bear,market_state_full_metrics_price_above_ma20,market_state_full_metrics_price_above_ma50,market_state_full_metrics_wick_lower_ratio,market_state_full_metrics_wick_upper_ratio,market_state_full_metrics_compression_detected,market_state_full_metrics_divergence_detected,market_state_full_metrics_volume_surge,market_state_full_metrics_adaptive_adx_threshold,market_state_full_metrics_is_otc,signals_triggered,signals_count,signals_top_signal,market_context_state,market_context_description,market_context_volatility_regime,market_context_news_impact,market_context_expected_volatility_%,market_context_recent_ai_memory,decision_layer_tradeable,decision_layer_tradeable_reason,decision_layer_confidence_score,decision_layer_stability_score,decision_layer_quality_score,decision_layer_risk_level,decision_layer_suggested_expiry_minutes,decision_layer_suggested_action,decision_layer_final_reason_th
2026-06-26 06:58:00,1.13605,1.136065,1.13603,1.13603,64.0,EURUSD,BEARISH,1.136311,1.136405,1.136594,1.136897,1.136964,1.136663,BEARISH,1.137307,1.13601,0.001297,0.001082,42.86,31.72,-0.000232,-0.000203,-3e-05,19.34,14.37,0.000202,12.56,-1.05,0.000196,0.000166,31.35,14.59,30.17,34.81,-0.0299,306,272.3,1.124,False,FALLING,-4.5e-05,-5.2e-05,-1.9e-05,1.136115,1.137185,1.136302,1.136363,1.136407,1.136258,1.136197,20,5.3,1.136147,1.136232,35.2,-5.2e-05,-4.5e-05,17.12,46.47,6.9e-05,1.13603,1.136345,1.136369,1.136077,64,1.143,1.13603,1.136065,1.13603,1.13605,ASIAN,62867,HIGH,1.13603,1.136065,1.13603,1.13605,ASIAN,62867,HIGH,BULLISH_ENGULFING,BULLISH,WEAK,LOW,NEUTRAL,CHOPPY,False,TESTING_SUPPORT,55,26,-13.333333333333334,67,NEUTRAL,False,70,['BULLISH_ENGULFING'],1,20,BULLISH,BULLISH,60,False,NONE,0,False,False,False,60,False,0,100,DOWN,NONE,NONE,0,True,75,70,30,80,False,True,CONTINUATION,70,True,60.0,BEARISH,False,NONE,False,False,0,False,60,34.48275862068437,20.080862533695658,60.0,38,FAIR,False,75,48,-0.30350003627974215,4,90.0,False,MEAN_REVERTING,70,34.389390167292646,16.179814191397003,True,MOMENTUM_SHIFT,False,True,True,35,False,70,DOWN,60,CORRECTIVE,LOW,DOWN,60,-0.0299,CORRECTIVE,55,30,50,NORMAL,NONE,70,30,80,LOW,58,40,60,-1.05,False,65,1.198706099815157,60.129390018484294,RANGING,90,False,NONE,1.136115,1.136363,1.136302,FAR,30,50,85,50,NONE,NONE,NONE,False,[],0,0,BREAKOUT_EMERGING,BREAKOUT_EMERGING,53,70,True,33,"Volatility expansion after compression. Potential breakout opportunity. (breakout prob: 30%, reversal prob: 50%)",1.124,0.5,False,False,False,False,0.3,0.3,True,False,False,18,False,[],0,NO,BREAKOUT_EMERGING,"Volatility expansion after compression. Potential breakout opportunity. (breakout prob: 30%, reversal prob: 50%)",LOW,LOW,0.018,[],True,Passed basic checks,0,50,50,MEDIUM,5,WAIT,รอการวิเคราะห์จาก AI
2026-06-26 07:00:00,1.136105,1.1362,1.136105,1.136145,78.0,EURUSD,BEARISH,1.136256,1.136358,1.136551,1.136868,1.136951,1.136677,BEARISH,1.13727,1.135955,0.001315,0.001075,35.29,29.25,-0.000239,-0.00021,-2.9e-05,16.86,16.95,0.000215,15.58,-0.96,0.000199,0.000165,32.34,13.05,34.61,45.24,-0.0479,262,282.2,0.928,False,RISING,-3.9e-05,-5.3e-05,-2e-05,1.13603,1.137185,1.136165,1.1363,1.136455,1.13601,1.135875,21,5.37,1.136138,1.136213,42.15,-5.5e-05,-4.8e-05,20.63,15.41,7e-05,1.13603,1.136345,1.136374,1.13606,78,1.371,1.136145,1.1362,1.136105,1.136105,ASIAN,62847,HIGH,1.136145,1.1362,1.136105,1.136105,ASIAN,62847,HIGH,NONE,BEARISH,WEAK,LOW,NEUTRAL,NORMAL,True,NONE,54,26,-13.333333333333334,60,NEUTRAL,False,70,[],0,0,NEUTRAL,BEARISH,40,True,BEAR_TRAP,50,True,False,False,70,False,0,100,DOWN,NONE,NONE,0,True,75,55,45,80,False,True,NEUTRAL,70,False,0.0,NONE,False,NONE,False,False,0,False,60,37.704918032784796,26.403061224497836,60.0,41,FAIR,False,75,48,-0.3354194550549173,4,90.0,False,MEAN_REVERTING,70,35.23436644389644,15.513041516326155,True,MOMENTUM_SHIFT,False,True,True,35,False,70,DOWN,60,CORRECTIVE,LOW,DOWN,60,-0.0479,CORRECTIVE,55,30,50,NORMAL,NONE,75,30,85,LOW,58,40,60,-0.96,False,65,1.2232558139534884,57.674418604651166,RANGING,90,False,NONE,1.13601,1.1363,1.136165,FAR,30,50,85,50,NONE,NONE,NONE,False,[],0,0,BREAKOUT_EMERGING,BREAKOUT_EMERGING,53,70,True,34,"Volatility expansion after compression. Potential breakout opportunity. (breakout prob: 30%, reversal prob: 50%)",0.928,0.5,False,False,False,False,0.3,0.3,True,False,False,18,False,[],0,NO,BREAKOUT_EMERGING,"Volatility expansion after compression. Potential breakout opportunity. (breakout prob: 30%, reversal prob: 50%)",LOW,LOW,0.019,[],True,Passed basic checks,0,50,50,MEDIUM,5,WAIT,รอการวิเคราะห์จาก AI
2026-06-26 07:01:00,1.136155,1.136385,1.1361,1.136365,223.0,EURUSD,BEARISH,1.136256,1.136358,1.136551,1.136868,1.136951,1.136677,BEARISH,1.13727,1.135955,0.001315,0.001075,35.29,29.25,-0.000239,-0.00021,-2.9e-05,16.86,16.95,0.000215,15.58,-0.96,0.000199,0.000165,32.34,13.05,34.61,45.24,-0.0479,262,282.2,0.928,False,RISING,-3.9e-05,-5.3e-05,-2e-05,1.13603,1.137185,1.136165,1.1363,1.136455,1.13601,1.135875,21,5.37,1.136214,1.136228,59.75,-3.6e-05,-4.6e-05,52.09,27.06,8.5e-05,1.13603,1.136385,1.136396,1.136056,223,3.381,1.136365,1.136385,1.1361,1.136155,ASIAN,63139,HIGH,1.136365,1.136385,1.1361,1.136155,ASIAN,63139,HIGH,NONE,BEARISH,WEAK,LOW,NEUTRAL,NORMAL,True,NONE,54,26,-13.333333333333334,60,NEUTRAL,False,70,[],0,0,NEUTRAL,BEARISH,40,True,BEAR_TRAP,50,True,False,False,70,False,0,100,DOWN,NONE,NONE,0,True,75,55,45,80,False,True,NEUTRAL,70,False,0.0,NONE,False,NONE,False,False,0,False,60,37.704918032784796,26.403061224497836,60.0,41,FAIR,False,75,48,-0.3354194550549173,4,90.0,False,MEAN_REVERTING,70,35.23436644389644,15.513041516326155,True,MOMENTUM_SHIFT,False,True,True,35,False,70,DOWN,60,CORRECTIVE,LOW,DOWN,60,-0.0479,CORRECTIVE,55,30,50,NORMAL,NONE,75,30,85,LOW,58,40,60,-0.96,False,65,1.2232558139534884,57.674418604651166,RANGING,90,False,NONE,1.13601,1.1363,1.136165,FAR,30,50,85,50,NONE,NONE,NONE,False,[],0,0,BREAKOUT_EMERGING,BREAKOUT_EMERGING,53,70,True,34,"Volatility expansion after compression. Potential breakout opportunity. (breakout prob: 30%, reversal prob: 50%)",0.928,0.5,False,False,False,False,0.3,0.3,True,False,False,18,False,[],0,NO,BREAKOUT_EMERGING,"Volatility expansion after compression. Potential breakout opportunity. (breakout prob: 30%, reversal prob: 50%)",LOW,LOW,0.019,[],True,Passed basic checks,0,50,50,MEDIUM,5,WAIT,รอการวิเคราะห์จาก AI
2026-06-26 07:02:00,1.13636,1.136385,1.136145,1.136155,188.0,EURUSD,BEARISH,1.136256,1.136358,1.136551,1.136868,1.136951,1.136677,BEARISH,1.13727,1.135955,0.001315,0.001075,35.29,29.25,-0.000239,-0.00021,-2.9e-05,16.86,16.95,0.000215,15.58,-0.96,0.000199,0.000165,32.34,13.05,34.61,45.24,-0.0479,262,282.2,0.928,False,RISING,-3.9e-05,-5.3e-05,-2e-05,1.13603,1.137185,1.136165,1.1363,1.136455,1.13601,1.135875,21,5.37,1.136194,1.136221,46.73,-3.8e-05,-4.4e-05,55.36,42.7,9.7e-05,1.13603,1.136385,1.136396,1.13605,188,2.554,1.136155,1.136385,1.136145,1.13636,ASIAN,62601,HIGH,1.136155,1.136385,1.136145,1.13636,ASIAN,62601,HIGH,NONE,BEARISH,WEAK,LOW,NEUTRAL,NORMAL,True,NONE,54,26,-13.333333333333334,60,NEUTRAL,False,70,[],0,0,NEUTRAL,BEARISH,40,True,BEAR_TRAP,50,True,False,False,70,False,0,100,DOWN,NONE,NONE,0,True,75,55,45,80,False,True,NEUTRAL,70,False,0.0,NONE,False,NONE,False,False,0,False,60,37.704918032784796,26.403061224497836,60.0,41,FAIR,False,75,48,-0.3354194550549173,4,90.0,False,MEAN_REVERTING,70,35.23436644389644,15.513041516326155,True,MOMENTUM_SHIFT,False,True,True,35,False,70,DOWN,60,CORRECTIVE,LOW,DOWN,60,-0.0479,CORRECTIVE,55,30,50,NORMAL,NONE,75,30,85,LOW,58,40,60,-0.96,False,65,1.2232558139534884,57.674418604651166,RANGING,90,False,NONE,1.13601,1.1363,1.136165,FAR,30,50,85,50,NONE,NONE,NONE,False,[],0,0,BREAKOUT_EMERGING,BREAKOUT_EMERGING,53,70,True,34,"Volatility expansion after compression. Potential breakout opportunity. (breakout prob: 30%, reversal prob: 50%)",0.928,0.5,False,False,False,False,0.3,0.3,True,False,False,18,False,[],0,NO,BREAKOUT_EMERGING,"Volatility expansion after compression. Potential breakout opportunity. (breakout prob: 30%, reversal prob: 50%)",LOW,LOW,0.019,[],True,Passed basic checks,0,50,50,MEDIUM,5,WAIT,รอการวิเคราะห์จาก AI
2026-06-26 07:25:00,1.13643,1.136475,1.13642,1.13642,58.0,EURUSD,BEARISH,1.136333,1.136342,1.136463,1.136769,1.136899,1.136725,BEARISH,1.136907,1.13597,0.000936,0.001034,59.86,41.46,-0.000178,-0.000205,2.6e-05,45.08,37.25,0.000204,14.07,-0.99,0.000206,0.000178,32.22,14.95,23.11,21.46,0.0202,329,414.25,0.794,False,FALLING,1.4e-05,-3e-05,-2.4e-05,1.13603,1.137055,1.136372,1.136523,1.136627,1.136268,1.136117,21,5.02,1.136386,1.136307,59.88,3.9e-05,1.9e-05,91.83,85.17,9.3e-05,1.13616,1.136475,1.13645,1.136136,58,0.482,1.13642,1.136475,1.13642,1.13643,ASIAN,63339,HIGH,1.13642,1.136475,1.13642,1.13643,ASIAN,63339,HIGH,NONE,BULLISH,WEAK,LOW,NEUTRAL,CHOPPY,False,NONE,56,23,-6.666666666666667,100,NEUTRAL,False,70,[],0,0,NEUTRAL,BULLISH,40,False,NONE,0,False,False,False,60,True,100,50,DOWN,NONE,UP,1,False,75,55,45,80,False,True,NEUTRAL,70,False,0.0,NONE,False,NONE,False,False,0,False,60,20.993227990969206,9.9644128113924,50.0,26,POOR,False,75,50,-0.3399352365392673,4,100.0,False,MEAN_REVERTING,70,38.36008419711423,11.816979353216507,True,MOMENTUM_SHIFT,False,True,False,65,True,70,DOWN,40,CHOPPY,LOW,DOWN,40,0.0202,CHOPPY,55,30,50,NORMAL,BEARISH,65,40,75,LOW,58,40,60,-0.99,False,65,0.9052224371373307,89.47775628626692,RANGING,90,False,NONE,1.13603,1.136523,1.136372,FAR,30,50,85,50,NONE,NONE,NONE,False,[],0,0,BREAKOUT_EMERGING,BREAKOUT_EMERGING,52,70,True,33,"Volatility expansion after compression. Potential breakout opportunity. (breakout prob: 30%, reversal prob: 50%)",0.794,0.5,False,False,False,False,0.3,0.3,True,False,False,18,False,[],0,NO,BREAKOUT_EMERGING,"Volatility expansion after compression. Potential breakout opportunity. (breakout prob: 30%, reversal prob: 50%)",LOW,LOW,0.018,[],True,Passed basic checks,0,50,50,MEDIUM,5,WAIT,รอการวิเคราะห์จาก AI
2026-06-26 07:27:00,1.136375,1.136375,1.13629,1.13632,105.0,EURUSD,BEARISH,1.136333,1.136342,1.136463,1.136769,1.136899,1.136725,BEARISH,1.136907,1.13597,0.000936,0.001034,59.86,41.46,-0.000178,-0.000205,2.6e-05,45.08,37.25,0.000204,14.07,-0.99,0.000206,0.000178,32.22,14.95,23.11,21.46,0.0202,329,414.25,0.794,False,FALLING,1.4e-05,-3e-05,-2.4e-05,1.13603,1.137055,1.136372,1.136523,1.136627,1.136268,1.136117,21,5.02,1.136363,1.136315,59.15,3.5e-05,2.6e-05,67.3,80.45,9.1e-05,1.13616,1.136475,1.136459,1.136144,105,0.894,1.13632,1.136375,1.13629,1.136375,ASIAN,63135,HIGH,1.13632,1.136375,1.13629,1.136375,ASIAN,63135,HIGH,NONE,BULLISH,WEAK,LOW,NEUTRAL,CHOPPY,False,NONE,56,23,-6.666666666666667,100,NEUTRAL,False,70,[],0,0,NEUTRAL,BULLISH,40,False,NONE,0,False,False,False,60,True,100,50,DOWN,NONE,UP,1,False,75,55,45,80,False,True,NEUTRAL,70,False,0.0,NONE,False,NONE,False,False,0,False,60,20.993227990969206,9.9644128113924,50.0,26,POOR,False,75,50,-0.3399352365392673,4,100.0,False,MEAN_REVERTING,70,38.36008419711423,11.816979353216507,True,MOMENTUM_SHIFT,False,True,False,65,True,70,DOWN,40,CHOPPY,LOW,DOWN,40,0.0202,CHOPPY,55,30,50,NORMAL,BEARISH,65,40,75,LOW,58,40,60,-0.99,False,65,0.9052224371373307,89.47775628626692,RANGING,90,False,NONE,1.13603,1.136523,1.136372,FAR,30,50,85,50,NONE,NONE,NONE,False,[],0,0,BREAKOUT_EMERGING,BREAKOUT_EMERGING,52,70,True,33,"Volatility expansion after compression. Potential breakout opportunity. (breakout prob: 30%, reversal prob: 50%)",0.794,0.5,False,False,False,False,0.3,0.3,True,False,False,18,False,[],0,NO,BREAKOUT_EMERGING,"Volatility expansion after compression. Potential breakout opportunity. (breakout prob: 30%, reversal prob: 50%)",LOW,LOW,0.018,[],True,Passed basic checks,0,50,50,MEDIUM,5,WAIT,รอการวิเคราะห์จาก AI
2026-06-26 07:29:00,1.13631,1.13643,1.13628,1.136415,133.0,EURUSD,BEARISH,1.136333,1.136342,1.136463,1.136769,1.136899,1.136725,BEARISH,1.136907,1.13597,0.000936,0.001034,59.86,41.46,-0.000178,-0.000205,2.6e-05,45.08,37.25,0.000204,14.07,-0.99,0.000206,0.000178,32.22,14.95,23.11,21.46,0.0202,329,414.25,0.794,False,FALLING,1.4e-05,-3e-05,-2.4e-05,1.13603,1.137055,1.136372,1.136523,1.136627,1.136268,1.136117,21,5.02,1.136366,1.136323,52.98,3.3e-05,2.8e-05,53.05,57.01,9.1e-05,1.13616,1.136475,1.136473,1.136153,133,1.2,1.136415,1.13643,1.13628,1.13631,ASIAN,62850,HIGH,1.136415,1.13643,1.13628,1.13631,ASIAN,62850,HIGH,NONE,BULLISH,WEAK,LOW,NEUTRAL,CHOPPY,False,NONE,56,23,-6.666666666666667,100,NEUTRAL,False,70,[],0,0,NEUTRAL,BULLISH,40,False,NONE,0,False,False,False,60,True,100,50,DOWN,NONE,UP,1,False,75,55,45,80,False,True,NEUTRAL,70,False,0.0,NONE,False,NONE,False,False,0,False,60,20.993227990969206,9.9644128113924,50.0,26,POOR,False,75,50,-0.3399352365392673,4,100.0,False,MEAN_REVERTING,70,38.36008419711423,11.816979353216507,True,MOMENTUM_SHIFT,False,True,False,65,True,70,DOWN,40,CHOPPY,LOW,DOWN,40,0.0202,CHOPPY,55,30,50,NORMAL,BEARISH,65,40,75,LOW,58,40,60,-0.99,False,65,0.9052224371373307,89.47775628626692,RANGING,90,False,NONE,1.13603,1.136523,1.136372,FAR,30,50,85,50,NONE,NONE,NONE,False,[],0,0,ACCUMULATION,ACCUMULATION,52,65,True,33,"Smart money accumulation. Bullish bias, look for breakout.",0.794,0.5,False,False,False,False,0.3,0.3,True,False,False,18,False,[],0,NO,ACCUMULATION,"Smart money accumulation. Bullish bias, look for breakout.",LOW,LOW,0.018,[],True,Passed basic checks,0,50,50,MEDIUM,5,WAIT,รอการวิเคราะห์จาก AI
2026-06-26 07:47:00,1.13654,1.136685,1.13654,1.13668,78.0,EURUSD,BEARISH,1.136429,1.136403,1.136459,1.136723,1.136873,1.136777,BULLISH,1.13667,1.136072,0.000598,0.00101,62.04,63.41,-0.000111,-0.00016,4.9e-05,71.7,75.47,0.000199,13.57,-0.96,0.000206,0.000196,27.82,14.04,19.46,16.17,0.0312,412,459.0,0.898,False,RISING,3.3e-05,-4e-06,-2.3e-05,1.13603,1.13677,1.136458,1.136587,1.136673,1.136372,1.136243,20,3.72,1.136554,1.136467,63.37,5.3e-05,4.1e-05,75.97,64.79,9.2e-05,1.13628,1.136685,1.136639,1.136301,78,0.662,1.13668,1.136685,1.13654,1.13654,ASIAN,63184,HIGH,1.13668,1.136685,1.13654,1.13654,ASIAN,63184,HIGH,NONE,BULLISH,WEAK,HIGH,NEUTRAL,CHOPPY,False,TESTING_RESISTANCE,55,23,0.0,71,NEUTRAL,False,70,[],0,0,NEUTRAL,BULLISH,40,False,NONE,0,False,False,False,60,False,0,100,NONE,NONE,UP,0,True,75,55,45,80,False,True,NEUTRAL,70,False,0.0,NONE,False,NONE,False,False,0,False,60,8.04020100502047,3.975155279502715,60.0,24,POOR,False,75,45,-0.33978460491084717,4,70.0,False,MEAN_REVERTING,70,42.17162847881797,7.8972397826057135,True,MOMENTUM_SHIFT,False,True,False,65,True,70,NONE,60,CHOPPY,LOW,NONE,60,0.0312,CHOPPY,20,50,30,NORMAL,NONE,70,40,80,LOW,58,40,60,-0.96,False,65,0.592079207920792,100.0,RANGING,90,False,NONE,1.13603,1.136587,1.136458,FAR,30,50,85,50,NONE,NONE,NONE,False,[],0,0,BREAKOUT_EMERGING,BREAKOUT_EMERGING,52,70,True,32,"Volatility expansion after compression. Potential breakout opportunity. (breakout prob: 30%, reversal prob: 50%)",0.898,0.5,False,False,True,False,0.3,0.3,True,False,False,18,False,[],0,NO,BREAKOUT_EMERGING,"Volatility expansion after compression. Potential breakout opportunity. (breakout prob: 30%, reversal prob: 50%)",LOW,LOW,0.018,[],True,Passed basic checks,0,50,50,MEDIUM,5,WAIT,รอการวิเคราะห์จาก AI
2026-06-26 07:49:00,1.136675,1.136675,1.136525,1.13656,50.0,EURUSD,BEARISH,1.136429,1.136403,1.136459,1.136723,1.136873,1.136777,BULLISH,1.13667,1.136072,0.000598,0.00101,62.04,63.41,-0.000111,-0.00016,4.9e-05,71.7,75.47,0.000199,13.57,-0.96,0.000206,0.000196,27.82,14.04,19.46,16.17,0.0312,412,459.0,0.898,False,RISING,3.3e-05,-4e-06,-2.3e-05,1.13603,1.13677,1.136458,1.136587,1.136673,1.136372,1.136243,20,3.72,1.136584,1.136494,53.72,6.1e-05,4.9e-05,86.57,83.79,0.0001,1.13633,1.13669,1.13667,1.136323,50,0.458,1.13656,1.136675,1.136525,1.136675,ASIAN,62938,HIGH,1.13656,1.136675,1.136525,1.136675,ASIAN,62938,HIGH,NONE,BULLISH,WEAK,HIGH,NEUTRAL,CHOPPY,False,NONE,55,23,0.0,71,NEUTRAL,False,70,[],0,0,NEUTRAL,BULLISH,40,False,NONE,0,False,False,False,60,False,0,100,NONE,NONE,UP,0,True,75,55,45,80,False,True,NEUTRAL,70,False,0.0,NONE,False,NONE,False,False,0,False,60,8.04020100502047,3.975155279502715,60.0,24,POOR,False,75,45,-0.33978460491084717,4,70.0,False,MEAN_REVERTING,70,42.17162847881797,7.8972397826057135,True,MOMENTUM_SHIFT,False,True,False,65,True,70,NONE,60,CHOPPY,LOW,NONE,60,0.0312,CHOPPY,20,50,30,NORMAL,NONE,70,40,80,LOW,58,40,60,-0.96,False,65,0.592079207920792,100.0,RANGING,90,False,NONE,1.13603,1.136587,1.136458,FAR,30,50,85,50,NONE,NONE,NONE,False,[],0,0,BREAKOUT_EMERGING,BREAKOUT_EMERGING,52,70,True,32,"Volatility expansion after compression. Potential breakout opportunity. (breakout prob: 30%, reversal prob: 50%)",0.898,0.5,False,False,True,False,0.3,0.3,True,False,False,18,False,[],0,NO,BREAKOUT_EMERGING,"Volatility expansion after compression. Potential breakout opportunity. (breakout prob: 30%, reversal prob: 50%)",LOW,LOW,0.018,"[{'symbol': 'EURGBP-OTC', 'action': 'NO_TRADE', 'reason': 'ไม่พบข้อมูลราคาตลาดปัจจุบัน ไม่สามารถวิเคราะห์แนวโน้มและสัญญาณทางเทคนิคได้', 'timestamp': '2026-06-26T07:47:37.511819'}, {'symbol': 'EURGBP-OTC', 'action': 'NO_TRADE', 'reason': 'ไม่มีข้อมูลราคาและตัวชี้วัดจากตลาดปัจจุบันจึงไม่สามารถวิเคราะห์สัญญาณได้', 'timestamp': '2026-06-26T07:48:33.947303'}]",True,Passed basic checks,0,50,50,MEDIUM,5,WAIT,รอการวิเคราะห์จาก AI
2026-06-26 07:50:00,1.13656,1.136585,1.13656,1.136575,52.0,EURUSD,BEARISH,1.136477,1.136434,1.13647,1.136717,1.136867,1.136775,BULLISH,1.13665,1.136083,0.000568,0.001002,64.14,64.98,-8.9e-05,-0.000146,5.7e-05,71.59,73.23,0.000206,17.09,-0.92,0.000205,0.000199,25.84,18.09,18.15,0.18,0.0321,283,462.25,0.612,False,FALLING,3.1e-05,4e-06,-2.3e-05,1.13603,1.13677,1.136587,1.136678,1.136782,1.136483,1.136392,21,3.59,1.136581,1.136502,54.21,6e-05,5.1e-05,76.39,83.93,9.7e-05,1.13633,1.13669,1.136678,1.136324,52,0.501,1.136575,1.136585,1.13656,1.13656,ASIAN,63265,HIGH,1.136575,1.136585,1.13656,1.13656,ASIAN,63265,HIGH,NONE,BULLISH,WEAK,LOW,BULLISH,CHOPPY,False,NONE,54,23,6.666666666666667,69,NEUTRAL,False,70,[],0,0,NEUTRAL,BULLISH,40,False,NONE,0,False,False,False,60,False,0,100,NONE,NONE,UP,0,True,75,55,45,80,False,True,NEUTRAL,70,False,0.0,NONE,False,NONE,False,False,0,False,60,4.116222760295607,2.81862745098324,65.0,23,POOR,False,75,44,-0.31766685448746695,4,60.0,False,MEAN_REVERTING,70,44.10892703664938,6.0441557788298015,True,MOMENTUM_SHIFT,False,True,False,65,True,70,NONE,60,CHOPPY,LOW,NONE,60,0.0321,CHOPPY,20,50,30,NORMAL,NONE,70,40,80,LOW,58,40,60,-0.92,False,65,0.5668662674650699,100.0,RANGING,90,False,NONE,1.13603,1.136678,1.136587,FAR,30,50,85,50,NONE,NONE,NONE,False,[],0,0,BREAKOUT_EMERGING,BREAKOUT_EMERGING,50,70,True,31,"Volatility expansion after compression. Potential breakout opportunity. (breakout prob: 30%, reversal prob: 50%)",0.612,0.5,False,False,True,False,0.3,0.3,True,False,False,18,False,[],0,NO,BREAKOUT_EMERGING,"Volatility expansion after compression. Potential breakout opportunity. (breakout prob: 30%, reversal prob: 50%)",LOW,LOW,0.018,"[{'symbol': 'EURGBP-OTC', 'action': 'NO_TRADE', 'reason': 'ไม่พบข้อมูลราคาตลาดปัจจุบัน ไม่สามารถวิเคราะห์แนวโน้มและสัญญาณทางเทคนิคได้', 'timestamp': '2026-06-26T07:47:37.511819'}, {'symbol': 'EURGBP-OTC', 'action': 'NO_TRADE', 'reason': 'ไม่มีข้อมูลราคาและตัวชี้วัดจากตลาดปัจจุบันจึงไม่สามารถวิเคราะห์สัญญาณได้', 'timestamp': '2026-06-26T07:48:33.947303'}, {'symbol': 'EURUSD', 'action': 'NO_TRADE', 'reason': 'ไม่มีข้อมูลตลาด JSON ให้วิเคราะห์ ไม่สามารถประเมินแนวโน้มและสัญญาณใด ๆ ได้', 'timestamp': '2026-06-26T07:49:31.466561'}]",True,Passed basic checks,0,50,50,MEDIUM,5,WAIT,รอการวิเคราะห์จาก AI
2026-06-26 07:51:00,1.136575,1.13658,1.13654,1.13658,65.0,EURUSD,BEARISH,1.136477,1.136434,1.13647,1.136717,1.136867,1.136775,BULLISH,1.13665,1.136083,0.000568,0.001002,64.14,64.98,-8.9e-05,-0.000146,5.7e-05,71.59,73.23,0.000206,17.09,-0.92,0.000205,0.000199,25.84,18.09,18.15,0.18,0.0321,283,462.25,0.612,False,FALLING,3.1e-05,4e-06,-2.3e-05,1.13603,1.13677,1.136587,1.136678,1.136782,1.136483,1.136392,21,3.59,1.136581,1.136509,49.71,5.9e-05,5.3e-05,67.13,76.7,9e-05,1.13633,1.13669,1.136685,1.13633,65,0.662,1.13658,1.13658,1.13654,1.136575,ASIAN,62917,HIGH,1.13658,1.13658,1.13654,1.136575,ASIAN,62917,HIGH,NONE,BULLISH,WEAK,LOW,BULLISH,CHOPPY,False,NONE,54,23,6.666666666666667,69,NEUTRAL,False,70,[],0,0,NEUTRAL,BULLISH,40,False,NONE,0,False,False,False,60,False,0,100,NONE,NONE,UP,0,True,75,55,45,80,False,True,NEUTRAL,70,False,0.0,NONE,False,NONE,False,False,0,False,60,4.116222760295607,2.81862745098324,65.0,23,POOR,False,75,44,-0.31766685448746695,4,60.0,False,MEAN_REVERTING,70,44.10892703664938,6.0441557788298015,True,MOMENTUM_SHIFT,False,True,False,65,True,70,NONE,60,CHOPPY,LOW,NONE,60,0.0321,CHOPPY,20,50,30,NORMAL,NONE,70,40,80,LOW,58,40,60,-0.92,False,65,0.5668662674650699,100.0,RANGING,90,False,NONE,1.13603,1.136678,1.136587,FAR,30,50,85,50,NONE,NONE,NONE,False,[],0,0,BREAKOUT_EMERGING,BREAKOUT_EMERGING,50,70,True,31,"Volatility expansion after compression. Potential breakout opportunity. (breakout prob: 30%, reversal prob: 50%)",0.612,0.5,False,False,True,False,0.3,0.3,True,False,False,18,False,[],0,NO,BREAKOUT_EMERGING,"Volatility expansion after compression. Potential breakout opportunity. (breakout prob: 30%, reversal prob: 50%)",LOW,LOW,0.018,"[{'symbol': 'EURGBP-OTC', 'action': 'NO_TRADE', 'reason': 'ไม่พบข้อมูลราคาตลาดปัจจุบัน ไม่สามารถวิเคราะห์แนวโน้มและสัญญาณทางเทคนิคได้', 'timestamp': '2026-06-26T07:47:37.511819'}, {'symbol': 'EURGBP-OTC', 'action': 'NO_TRADE', 'reason': 'ไม่มีข้อมูลราคาและตัวชี้วัดจากตลาดปัจจุบันจึงไม่สามารถวิเคราะห์สัญญาณได้', 'timestamp': '2026-06-26T07:48:33.947303'}, {'symbol': 'EURUSD', 'action': 'NO_TRADE', 'reason': 'ไม่มีข้อมูลตลาด JSON ให้วิเคราะห์ ไม่สามารถประเมินแนวโน้มและสัญญาณใด ๆ ได้', 'timestamp': '2026-06-26T07:49:31.466561'}, {'symbol': 'EURUSD', 'action': 'NO_TRADE', 'reason': 'ไม่มีข้อมูลราคาและตัวชี้วัดตลาดในปัจจุบัน จึงไม่สามารถวิเคราะห์สัญญาณเทคนิคได้อย่างแม่นยำ', 'timestamp': '2026-06-26T07:50:31.070509'}]",True,Passed basic checks,0,50,50,MEDIUM,5,WAIT,รอการวิเคราะห์จาก AI
2026-06-26 07:53:00,1.13667,1.13671,1.13662,1.13664,73.0,EURUSD,BEARISH,1.136477,1.136434,1.13647,1.136717,1.136867,1.136775,BULLISH,1.13665,1.136083,0.000568,0.001002,64.14,64.98,-8.9e-05,-0.000146,5.7e-05,71.59,73.23,0.000206,17.09,-0.92,0.000205,0.000199,25.84,18.09,18.15,0.18,0.0321,283,462.25,0.612,False,FALLING,3.1e-05,4e-06,-2.3e-05,1.13603,1.13677,1.136587,1.136678,1.136782,1.136483,1.136392,21,3.59,1.13662,1.136535,63.03,6.6e-05,5.7e-05,80.97,74.85,8.9e-05,1.13633,1.13671,1.136722,1.136328,73,0.855,1.13664,1.13671,1.13662,1.13667,ASIAN,62744,HIGH,1.13664,1.13671,1.13662,1.13667,ASIAN,62744,HIGH,NONE,BULLISH,WEAK,LOW,BULLISH,CHOPPY,False,NONE,54,23,6.666666666666667,69,NEUTRAL,False,70,[],0,0,NEUTRAL,BULLISH,40,False,NONE,0,False,False,False,60,False,0,100,NONE,NONE,UP,0,True,75,55,45,80,False,True,NEUTRAL,70,False,0.0,NONE,False,NONE,False,False,0,False,60,4.116222760295607,2.81862745098324,65.0,23,POOR,False,75,44,-0.31766685448746695,4,60.0,False,MEAN_REVERTING,70,44.10892703664938,6.0441557788298015,True,MOMENTUM_SHIFT,False,True,False,65,True,70,NONE,60,CHOPPY,LOW,NONE,60,0.0321,CHOPPY,20,50,30,NORMAL,NONE,70,40,80,LOW,58,40,60,-0.92,False,65,0.5668662674650699,100.0,RANGING,90,False,NONE,1.13603,1.136678,1.136587,FAR,30,50,85,50,NONE,NONE,NONE,False,[],0,0,SIDEWAY_RANGE,SIDEWAY_RANGE,50,60,True,31,Price ranging between clear levels. Suitable for mean-reversion strategies.,0.612,0.5,False,False,True,False,0.3,0.3,True,False,False,18,False,[],0,NO,SIDEWAY_RANGE,Price ranging between clear levels. Suitable for mean-reversion strategies.,LOW,LOW,0.018,"[{'symbol': 'EURGBP-OTC', 'action': 'NO_TRADE', 'reason': 'ไม่มีข้อมูลราคาและตัวชี้วัดจากตลาดปัจจุบันจึงไม่สามารถวิเคราะห์สัญญาณได้', 'timestamp': '2026-06-26T07:48:33.947303'}, {'symbol': 'EURUSD', 'action': 'NO_TRADE', 'reason': 'ไม่มีข้อมูลตลาด JSON ให้วิเคราะห์ ไม่สามารถประเมินแนวโน้มและสัญญาณใด ๆ ได้', 'timestamp': '2026-06-26T07:49:31.466561'}, {'symbol': 'EURUSD', 'action': 'NO_TRADE', 'reason': 'ไม่มีข้อมูลราคาและตัวชี้วัดตลาดในปัจจุบัน จึงไม่สามารถวิเคราะห์สัญญาณเทคนิคได้อย่างแม่นยำ', 'timestamp': '2026-06-26T07:50:31.070509'}, {'symbol': 'EURGBP-OTC', 'action': 'NO_TRADE', 'reason': 'ขาดข้อมูลตลาดจริง เช่น ราคา กราฟ หรือตัวชี้วัด ไม่สามารถวิเคราะห์สัญญาณใดได้', 'timestamp': '2026-06-26T07:51:31.131036'}, {'symbol': 'EURGBP-OTC', 'action': 'NO_TRADE', 'reason': 'ไม่พบข้อมูลราคาหรือตัวบ่งชี้ในปัจจุบัน ไม่สามารถวิเคราะห์สัญญาณเทคนิคได้', 'timestamp': '2026-06-26T07:52:30.740482'}]",True,Passed basic checks,0,50,50,MEDIUM,5,WAIT,รอการวิเคราะห์จาก AI
2026-06-26 07:55:00,1.13646,1.13646,1.1363,1.13636,133.0,EURUSD,BEARISH,1.136438,1.136421,1.13646,1.136703,1.136869,1.136854,BEARISH,1.13659,1.13611,0.000479,0.000995,56.02,52.33,-8.8e-05,-0.000134,4.6e-05,70.26,71.18,0.000224,21.61,-0.82,0.000205,0.000204,25.19,15.7,22.03,16.77,0.0022,393,465.35,0.845,False,FALLING,1.6e-05,9e-06,-2.3e-05,1.13603,1.13671,1.136457,1.136613,1.136867,1.136203,1.136047,20,3.04,1.136499,1.136513,46.52,3.2e-05,5.1e-05,43.91,64.85,0.0001,1.1363,1.13671,1.136728,1.136309,133,1.595,1.13636,1.13646,1.1363,1.13646,ASIAN,63397,HIGH,1.13636,1.13646,1.1363,1.13646,ASIAN,63397,HIGH,EVENING_STAR,BEARISH,WEAK,LOW,NEUTRAL,CHOPPY,True,NONE,52,23,0.0,61,NEUTRAL,False,70,['EVENING_STAR'],1,20,BEARISH,BEARISH,60,True,BULL_TRAP,50,True,False,False,70,True,100,50,DOWN,NONE,UP,1,False,75,55,45,80,False,True,NEUTRAL,70,False,0.0,NONE,False,NONE,False,False,0,False,60,14.666666666663508,1.1494252873539164,60.0,25,POOR,False,75,44,-0.3257173884855632,4,60.0,False,MEAN_REVERTING,70,40.85584890935812,9.310755613192828,True,MOMENTUM_SHIFT,False,True,False,65,True,70,DOWN,40,CHOPPY,LOW,DOWN,40,0.0022,CHOPPY,55,30,50,NORMAL,NONE,65,40,75,LOW,58,40,60,-0.82,False,65,0.4814070351758794,98.712,RANGING,90,False,NONE,1.13603,1.136613,1.136457,FAR,30,50,85,50,NONE,NONE,NONE,False,[],0,0,SIDEWAY_RANGE,SIDEWAY_RANGE,51,60,True,31,Price ranging between clear levels. Suitable for mean-reversion strategies.,0.845,0.5,False,False,False,False,0.3,0.3,True,False,False,18,False,[],0,NO,SIDEWAY_RANGE,Price ranging between clear levels. Suitable for mean-reversion strategies.,LOW,LOW,0.02,"[{'symbol': 'EURUSD', 'action': 'NO_TRADE', 'reason': 'ไม่มีข้อมูลราคาและตัวชี้วัดตลาดในปัจจุบัน จึงไม่สามารถวิเคราะห์สัญญาณเทคนิคได้อย่างแม่นยำ', 'timestamp': '2026-06-26T07:50:31.070509'}, {'symbol': 'EURGBP-OTC', 'action': 'NO_TRADE', 'reason': 'ขาดข้อมูลตลาดจริง เช่น ราคา กราฟ หรือตัวชี้วัด ไม่สามารถวิเคราะห์สัญญาณใดได้', 'timestamp': '2026-06-26T07:51:31.131036'}, {'symbol': 'EURGBP-OTC', 'action': 'NO_TRADE', 'reason': 'ไม่พบข้อมูลราคาหรือตัวบ่งชี้ในปัจจุบัน ไม่สามารถวิเคราะห์สัญญาณเทคนิคได้', 'timestamp': '2026-06-26T07:52:30.740482'}, {'symbol': 'EURUSD-OTC', 'action': 'NO_TRADE', 'reason': 'ไม่พบข้อมูลราคาตลาดปัจจุบัน ไม่สามารถวิเคราะห์แนวโน้มและสัญญาณทางเทคนิคได้', 'timestamp': '2026-06-26T07:53:36.345198'}, {'symbol': 'EURUSD-OTC', 'action': 'NO_TRADE', 'reason': 'ไม่มีข้อมูลราคาและตัวบ่งชี้ตลาดในปัจจุบัน ไม่สามารถวิเคราะห์สัญญาณเทคนิคได้', 'timestamp': '2026-06-26T07:54:34.567329'}]",True,Passed basic checks,0,50,50,MEDIUM,5,WAIT,รอการวิเคราะห์จาก AI
2026-06-26 07:57:00,1.136475,1.136495,1.136415,1.13649,88.0,EURUSD,BEARISH,1.136438,1.136421,1.13646,1.136703,1.136869,1.136854,BEARISH,1.13659,1.13611,0.000479,0.000995,56.02,52.33,-8.8e-05,-0.000134,4.6e-05,70.26,71.18,0.000224,21.61,-0.82,0.000205,0.000204,25.19,15.7,22.03,16.77,0.0022,393,465.35,0.845,False,FALLING,1.6e-05,9e-06,-2.3e-05,1.13603,1.13671,1.136457,1.136613,1.136867,1.136203,1.136047,20,3.04,1.136491,1.136507,52.88,2.1e-05,4.1e-05,34.55,36.47,0.000105,1.1363,1.13671,1.136721,1.136304,88,1.064,1.13649,1.136495,1.136415,1.136475,ASIAN,63203,HIGH,1.13649,1.136495,1.136415,1.136475,ASIAN,63203,HIGH,EVENING_STAR,BEARISH,WEAK,LOW,NEUTRAL,CHOPPY,True,NONE,52,23,0.0,61,NEUTRAL,False,70,['EVENING_STAR'],1,20,BEARISH,BEARISH,60,True,BULL_TRAP,50,True,False,False,70,True,100,50,DOWN,NONE,UP,1,False,75,55,45,80,False,True,NEUTRAL,70,False,0.0,NONE,False,NONE,False,False,0,False,60,14.666666666663508,1.1494252873539164,60.0,25,POOR,False,75,44,-0.3257173884855632,4,60.0,False,MEAN_REVERTING,70,40.85584890935812,9.310755613192828,True,MOMENTUM_SHIFT,False,True,False,65,True,70,NONE,40,CHOPPY,LOW,NONE,40,0.0022,CHOPPY,20,50,30,NORMAL,NONE,65,40,75,LOW,58,40,60,-0.82,False,65,0.4814070351758794,98.712,RANGING,90,False,NONE,1.13603,1.136613,1.136457,FAR,30,50,85,50,NONE,NONE,NONE,False,[],0,0,SIDEWAY_RANGE,SIDEWAY_RANGE,51,60,True,31,Price ranging between clear levels. Suitable for mean-reversion strategies.,0.845,0.5,False,False,True,False,0.3,0.3,True,False,False,18,False,[],0,NO,SIDEWAY_RANGE,Price ranging between clear levels. Suitable for mean-reversion strategies.,LOW,LOW,0.02,"[{'symbol': 'EURGBP-OTC', 'action': 'NO_TRADE', 'reason': 'ไม่พบข้อมูลราคาหรือตัวบ่งชี้ในปัจจุบัน ไม่สามารถวิเคราะห์สัญญาณเทคนิคได้', 'timestamp': '2026-06-26T07:52:30.740482'}, {'symbol': 'EURUSD-OTC', 'action': 'NO_TRADE', 'reason': 'ไม่พบข้อมูลราคาตลาดปัจจุบัน ไม่สามารถวิเคราะห์แนวโน้มและสัญญาณทางเทคนิคได้', 'timestamp': '2026-06-26T07:53:36.345198'}, {'symbol': 'EURUSD-OTC', 'action': 'NO_TRADE', 'reason': 'ไม่มีข้อมูลราคาและตัวบ่งชี้ตลาดในปัจจุบัน ไม่สามารถวิเคราะห์สัญญาณเทคนิคได้', 'timestamp': '2026-06-26T07:54:34.567329'}, {'symbol': 'EURUSD-OTC', 'action': 'NO_TRADE', 'reason': 'ไม่มีข้อมูลราคาและตัวชี้วัดทางเทคนิคในระบบ ไม่สามารถวิเคราะห์สัญญาณได้', 'timestamp': '2026-06-26T07:55:31.712837'}, {'symbol': 'EURUSD-OTC', 'action': 'NO_TRADE', 'reason': 'ไม่มีข้อมูลราคาและตัวชี้วัดตลาดในปัจจุบัน ไม่สามารถวิเคราะห์สัญญาณได้', 'timestamp': '2026-06-26T07:56:30.390987'}]",True,Passed basic checks,0,50,50,MEDIUM,5,WAIT,รอการวิเคราะห์จาก AI
2026-06-26 07:59:00,1.136545,1.13657,1.136505,1.13655,83.0,EURUSD,BEARISH,1.136438,1.136421,1.13646,1.136703,1.136869,1.136854,BEARISH,1.13659,1.13611,0.000479,0.000995,56.02,52.33,-8.8e-05,-0.000134,4.6e-05,70.26,71.18,0.000224,21.61,-0.82,0.000205,0.000204,25.19,15.7,22.03,16.77,0.0022,393,465.35,0.845,False,FALLING,1.6e-05,9e-06,-2.3e-05,1.13603,1.13671,1.136457,1.136613,1.136867,1.136203,1.136047,20,3.04,1.136521,1.136514,52.75,2.3e-05,3.4e-05,55.28,46.34,0.000102,1.1363,1.13671,1.136725,1.136315,83,1.03,1.13655,1.13657,1.136505,1.136545,ASIAN,62854,HIGH,1.13655,1.13657,1.136505,1.136545,ASIAN,62854,HIGH,EVENING_STAR,BEARISH,WEAK,LOW,NEUTRAL,CHOPPY,True,NONE,52,23,0.0,61,NEUTRAL,False,70,['EVENING_STAR'],1,20,BEARISH,BEARISH,60,True,BULL_TRAP,50,True,False,False,70,True,100,50,DOWN,NONE,UP,1,False,75,55,45,80,False,True,NEUTRAL,70,False,0.0,NONE,False,NONE,False,False,0,False,60,14.666666666663508,1.1494252873539164,60.0,25,POOR,False,75,44,-0.3257173884855632,4,60.0,False,MEAN_REVERTING,70,40.85584890935812,9.310755613192828,True,MOMENTUM_SHIFT,False,True,False,65,True,70,NONE,40,CHOPPY,LOW,NONE,40,0.0022,CHOPPY,20,50,30,NORMAL,NONE,65,40,75,LOW,58,40,60,-0.82,False,65,0.4814070351758794,98.712,RANGING,90,False,NONE,1.13603,1.136613,1.136457,FAR,30,50,85,50,NONE,NONE,NONE,False,[],0,0,BREAKOUT_EMERGING,BREAKOUT_EMERGING,51,70,True,31,"Volatility expansion after compression. Potential breakout opportunity. (breakout prob: 30%, reversal prob: 50%)",0.845,0.5,False,False,True,False,0.3,0.3,True,False,False,18,False,[],0,NO,BREAKOUT_EMERGING,"Volatility expansion after compression. Potential breakout opportunity. (breakout prob: 30%, reversal prob: 50%)",LOW,LOW,0.02,"[{'symbol': 'EURUSD-OTC', 'action': 'NO_TRADE', 'reason': 'ไม่มีข้อมูลราคาและตัวบ่งชี้ตลาดในปัจจุบัน ไม่สามารถวิเคราะห์สัญญาณเทคนิคได้', 'timestamp': '2026-06-26T07:54:34.567329'}, {'symbol': 'EURUSD-OTC', 'action': 'NO_TRADE', 'reason': 'ไม่มีข้อมูลราคาและตัวชี้วัดทางเทคนิคในระบบ ไม่สามารถวิเคราะห์สัญญาณได้', 'timestamp': '2026-06-26T07:55:31.712837'}, {'symbol': 'EURUSD-OTC', 'action': 'NO_TRADE', 'reason': 'ไม่มีข้อมูลราคาและตัวชี้วัดตลาดในปัจจุบัน ไม่สามารถวิเคราะห์สัญญาณได้', 'timestamp': '2026-06-26T07:56:30.390987'}, {'symbol': 'EURGBP', 'action': 'NO_TRADE', 'reason': 'ไม่มีข้อมูลราคาหรือตัวชี้วัดตลาดในปัจจุบัน ไม่สามารถวิเคราะห์ทางเทคนิคได้', 'timestamp': '2026-06-26T07:57:31.326819'}, {'symbol': 'EURGBP', 'action': 'NO_TRADE', 'reason': 'ไม่มีข้อมูลราคาหรือตัวบ่งชี้ทางเทคนิคใน JSON ที่ให้มา จึงไม่สามารถวิเคราะห์และตัดสินใจเทรดได้', 'timestamp': '2026-06-26T07:58:30.215822'}]",True,Passed basic checks,0,50,50,MEDIUM,5,WAIT,รอการวิเคราะห์จาก AI
2026-06-26 08:01:00,1.13648,1.136665,1.13646,1.13666,192.0,EURUSD,BEARISH,1.136454,1.136432,1.136462,1.136694,1.136862,1.136854,BULLISH,1.1366,1.136108,0.000492,0.000989,54.09,56.81,-7.7e-05,-0.000123,4.6e-05,66.01,69.28,0.000229,24.12,-0.76,0.000205,0.000207,24.59,14.59,20.47,16.77,0.0101,501,472.8,1.06,False,FALLING,1.5e-05,1.2e-05,-2.2e-05,1.13603,1.13671,1.136468,1.136587,1.136688,1.136367,1.136248,21,2.97,1.13656,1.136526,48.97,2.8e-05,3e-05,64.63,58.27,0.000109,1.1363,1.13671,1.136729,1.136349,192,2.31,1.13666,1.136665,1.13646,1.13648,ASIAN,62635,HIGH,1.13666,1.136665,1.13646,1.13648,ASIAN,62635,HIGH,NONE,BULLISH,WEAK,HIGH,BULLISH,CHOPPY,True,TESTING_RESISTANCE,51,23,6.666666666666667,52,NEUTRAL,False,70,[],0,0,NEUTRAL,BULLISH,40,True,BULL_TRAP,50,True,False,False,70,False,0,100,NONE,NONE,UP,0,True,75,55,45,80,False,True,NEUTRAL,70,False,0.0,NONE,False,NONE,False,False,0,False,60,3.57995226730543,2.7186761229288545,65.0,23,POOR,False,75,42,-0.34075352188761565,4,50.0,False,MEAN_REVERTING,70,39.45739937578181,10.619149110745532,True,MOMENTUM_SHIFT,False,True,False,65,True,70,NONE,40,CHOPPY,LOW,NONE,40,0.0101,CHOPPY,20,50,30,NORMAL,NONE,60,40,70,LOW,58,55,45,-0.76,False,65,0.4974721941354904,96.704,RANGING,90,False,NONE,1.13603,1.136587,1.136468,FAR,30,50,85,50,NONE,NONE,NONE,False,[],0,0,SIDEWAY_RANGE,SIDEWAY_RANGE,51,60,True,30,Price ranging between clear levels. Suitable for mean-reversion strategies.,1.06,0.5,False,False,True,False,0.3,0.3,True,False,False,18,False,[],0,NO,SIDEWAY_RANGE,Price ranging between clear levels. Suitable for mean-reversion strategies.,LOW,LOW,0.02,"[{'symbol': 'EURUSD-OTC', 'action': 'NO_TRADE', 'reason': 'ไม่มีข้อมูลราคาและตัวชี้วัดตลาดในปัจจุบัน ไม่สามารถวิเคราะห์สัญญาณได้', 'timestamp': '2026-06-26T07:56:30.390987'}, {'symbol': 'EURGBP', 'action': 'NO_TRADE', 'reason': 'ไม่มีข้อมูลราคาหรือตัวชี้วัดตลาดในปัจจุบัน ไม่สามารถวิเคราะห์ทางเทคนิคได้', 'timestamp': '2026-06-26T07:57:31.326819'}, {'symbol': 'EURGBP', 'action': 'NO_TRADE', 'reason': 'ไม่มีข้อมูลราคาหรือตัวบ่งชี้ทางเทคนิคใน JSON ที่ให้มา จึงไม่สามารถวิเคราะห์และตัดสินใจเทรดได้', 'timestamp': '2026-06-26T07:58:30.215822'}, {'symbol': 'EURGBP-OTC', 'action': 'NO_TRADE', 'reason': 'ไม่พบข้อมูลตลาด JSON จึงไม่สามารถวิเคราะห์สัญญาณใด ๆ ได้อย่างถูกต้อง', 'timestamp': '2026-06-26T07:59:31.102807'}, {'symbol': 'EURGBP-OTC', 'action': 'NO_TRADE', 'reason': 'ไม่พบข้อมูลตลาดในปัจจุบัน ไม่สามารถวิเคราะห์สัญญาณทางเทคนิคได้', 'timestamp': '2026-06-26T08:00:30.987216'}]",True,Passed basic checks,0,50,50,MEDIUM,5,WAIT,รอการวิเคราะห์จาก AI
2026-06-26 08:03:00,1.13667,1.136705,1.136615,1.136675,197.0,EURUSD,BEARISH,1.136454,1.136432,1.136462,1.136694,1.136862,1.136854,BULLISH,1.1366,1.136108,0.000492,0.000989,54.09,56.81,-7.7e-05,-0.000123,4.6e-05,66.01,69.28,0.000229,24.12,-0.76,0.000205,0.000207,24.59,14.59,20.47,16.77,0.0101,501,472.8,1.06,False,FALLING,1.5e-05,1.2e-05,-2.2e-05,1.13603,1.13671,1.136468,1.136587,1.136688,1.136367,1.136248,21,2.97,1.136621,1.136552,56.65,4.2e-05,3.4e-05,88.71,75.66,0.000103,1.1363,1.136715,1.136746,1.136385,197,2.196,1.136675,1.136705,1.136615,1.13667,ASIAN,62419,HIGH,1.136675,1.136705,1.136615,1.13667,ASIAN,62419,HIGH,NONE,BULLISH,WEAK,HIGH,BULLISH,CHOPPY,True,TESTING_RESISTANCE,51,23,6.666666666666667,52,NEUTRAL,False,70,[],0,0,NEUTRAL,BULLISH,40,True,BULL_TRAP,50,True,False,False,70,False,0,100,NONE,NONE,UP,0,True,75,55,45,80,False,True,NEUTRAL,70,False,0.0,NONE,False,NONE,False,False,0,False,60,3.57995226730543,2.7186761229288545,65.0,23,POOR,False,75,42,-0.34075352188761565,4,50.0,False,MEAN_REVERTING,70,39.45739937578181,10.619149110745532,True,MOMENTUM_SHIFT,False,True,False,65,True,70,NONE,40,CHOPPY,LOW,NONE,40,0.0101,CHOPPY,20,50,30,NORMAL,NONE,60,40,70,LOW,58,55,45,-0.76,False,65,0.4974721941354904,96.704,RANGING,90,False,NONE,1.13603,1.136587,1.136468,FAR,30,50,85,50,NONE,NONE,NONE,False,[],0,0,BREAKOUT_EMERGING,BREAKOUT_EMERGING,51,70,True,30,"Volatility expansion after compression. Potential breakout opportunity. (breakout prob: 30%, reversal prob: 50%)",1.06,0.5,False,False,True,False,0.3,0.3,True,False,False,18,False,[],0,NO,BREAKOUT_EMERGING,"Volatility expansion after compression. Potential breakout opportunity. (breakout prob: 30%, reversal prob: 50%)",LOW,LOW,0.02,"[{'symbol': 'EURGBP', 'action': 'NO_TRADE', 'reason': 'ไม่มีข้อมูลราคาหรือตัวบ่งชี้ทางเทคนิคใน JSON ที่ให้มา จึงไม่สามารถวิเคราะห์และตัดสินใจเทรดได้', 'timestamp': '2026-06-26T07:58:30.215822'}, {'symbol': 'EURGBP-OTC', 'action': 'NO_TRADE', 'reason': 'ไม่พบข้อมูลตลาด JSON จึงไม่สามารถวิเคราะห์สัญญาณใด ๆ ได้อย่างถูกต้อง', 'timestamp': '2026-06-26T07:59:31.102807'}, {'symbol': 'EURGBP-OTC', 'action': 'NO_TRADE', 'reason': 'ไม่พบข้อมูลตลาดในปัจจุบัน ไม่สามารถวิเคราะห์สัญญาณทางเทคนิคได้', 'timestamp': '2026-06-26T08:00:30.987216'}, {'symbol': 'EURUSD-OTC', 'action': 'NO_TRADE', 'reason': 'ไม่พบข้อมูลราคาหรือตัวบ่งชี้ทางเทคนิคใด ๆ ในระบบ จึงไม่สามารถวิเคราะห์สัญญาณเทรดได้', 'timestamp': '2026-06-26T08:01:31.090896'}, {'symbol': 'EURUSD-OTC', 'action': 'NO_TRADE', 'reason': 'ไม่พบข้อมูลราคาตลาดปัจจุบัน ไม่สามารถวิเคราะห์แนวโน้มและสัญญาณทางเทคนิคได้', 'timestamp': '2026-06-26T08:02:30.760465'}]",True,Passed basic checks,0,50,50,MEDIUM,5,WAIT,รอการวิเคราะห์จาก AI
2026-06-26 08:05:00,1.136685,1.13672,1.13661,1.13667,131.0,EURUSD,BEARISH,1.136526,1.136475,1.136482,1.136694,1.136864,1.136897,BULLISH,1.136653,1.136085,0.000568,0.000984,60.11,60.61,-5.2e-05,-0.000109,5.7e-05,69.4,68.55,0.00024,26.63,-0.7,0.00021,0.000207,22.96,18.15,18.78,1.69,0.0361,789,490.2,1.61,False,RISING,2.4e-05,1.6e-05,-2.2e-05,1.13603,1.13672,1.136617,1.136773,1.136877,1.136513,1.136357,22,2.87,1.136653,1.136575,55.11,5.1e-05,3.9e-05,90.44,89.84,0.000111,1.1363,1.13672,1.136771,1.136394,131,1.333,1.13667,1.13672,1.13661,1.136685,ASIAN,63246,HIGH,1.13667,1.13672,1.13661,1.136685,ASIAN,63246,HIGH,NONE,BULLISH,WEAK,LOW,BULLISH,CHOPPY,True,TESTING_RESISTANCE,51,23,6.666666666666667,55,NEUTRAL,False,70,[],0,0,NEUTRAL,BULLISH,40,True,BULL_TRAP,50,True,False,False,70,False,0,100,NONE,NONE,UP,0,True,75,55,45,80,False,True,NEUTRAL,70,False,0.0,NONE,False,NONE,False,False,0,False,60,13.392857142854222,4.457142857147566,70.0,29,POOR,False,75,41,-0.3207996826410785,4,40.0,False,MEAN_REVERTING,70,44.03057803067135,6.28311829862294,True,MOMENTUM_SHIFT,False,True,False,65,True,70,NONE,40,CHOPPY,NORMAL,NONE,40,0.0361,CHOPPY,20,50,30,NORMAL,NONE,65,40,75,NORMAL,58,40,60,-0.7,False,80,0.5772357723577236,94.696,RANGING,90,False,NONE,1.13603,1.13672,1.136617,FAR,30,50,85,50,NONE,NONE,NONE,False,[],0,0,SIDEWAY_RANGE,SIDEWAY_RANGE,50,60,True,30,Price ranging between clear levels. Suitable for mean-reversion strategies.,1.61,0.5,False,False,True,False,0.3,0.3,True,False,True,18,False,[],0,NO,SIDEWAY_RANGE,Price ranging between clear levels. Suitable for mean-reversion strategies.,NORMAL,LOW,0.021,"[{'symbol': 'EURGBP-OTC', 'action': 'NO_TRADE', 'reason': 'ไม่พบข้อมูลตลาดในปัจจุบัน ไม่สามารถวิเคราะห์สัญญาณทางเทคนิคได้', 'timestamp': '2026-06-26T08:00:30.987216'}, {'symbol': 'EURUSD-OTC', 'action': 'NO_TRADE', 'reason': 'ไม่พบข้อมูลราคาหรือตัวบ่งชี้ทางเทคนิคใด ๆ ในระบบ จึงไม่สามารถวิเคราะห์สัญญาณเทรดได้', 'timestamp': '2026-06-26T08:01:31.090896'}, {'symbol': 'EURUSD-OTC', 'action': 'NO_TRADE', 'reason': 'ไม่พบข้อมูลราคาตลาดปัจจุบัน ไม่สามารถวิเคราะห์แนวโน้มและสัญญาณทางเทคนิคได้', 'timestamp': '2026-06-26T08:02:30.760465'}, {'symbol': 'EURUSD-OTC', 'action': 'NO_TRADE', 'reason': 'ไม่พบข้อมูลราคาหรือตัวชี้วัดในระบบ ไม่สามารถวิเคราะห์สัญญาณเทคนิคได้', 'timestamp': '2026-06-26T08:03:31.329432'}, {'symbol': 'EURUSD-OTC', 'action': 'NO_TRADE', 'reason': 'ไม่พบข้อมูลตลาดที่ป้อนเข้ามา จึงไม่สามารถวิเคราะห์สัญญาณใด ๆ ได้อย่างปลอดภัย', 'timestamp': '2026-06-26T08:04:31.365909'}]",True,Passed basic checks,0,50,50,MEDIUM,5,WAIT,รอการวิเคราะห์จาก AI
2026-06-26 08:07:00,1.136575,1.13669,1.13656,1.13667,188.0,EURUSD,BEARISH,1.136526,1.136475,1.136482,1.136694,1.136864,1.136897,BULLISH,1.136653,1.136085,0.000568,0.000984,60.11,60.61,-5.2e-05,-0.000109,5.7e-05,69.4,68.55,0.00024,26.63,-0.7,0.00021,0.000207,22.96,18.15,18.78,1.69,0.0361,789,490.2,1.61,False,RISING,2.4e-05,1.6e-05,-2.2e-05,1.13603,1.13672,1.136617,1.136773,1.136877,1.136513,1.136357,22,2.87,1.13664,1.136584,51.56,4.6e-05,4.2e-05,80.16,84.11,0.000114,1.1363,1.13672,1.13677,1.136397,188,1.735,1.13667,1.13669,1.13656,1.136575,ASIAN,63038,HIGH,1.13667,1.13669,1.13656,1.136575,ASIAN,63038,HIGH,NONE,BULLISH,WEAK,LOW,BULLISH,CHOPPY,True,TESTING_RESISTANCE,51,23,6.666666666666667,55,NEUTRAL,False,70,[],0,0,NEUTRAL,BULLISH,40,True,BULL_TRAP,50,True,False,False,70,False,0,100,NONE,NONE,UP,0,True,75,55,45,80,False,True,NEUTRAL,70,False,0.0,NONE,False,NONE,False,False,0,False,60,13.392857142854222,4.457142857147566,70.0,29,POOR,False,75,41,-0.3207996826410785,4,40.0,False,MEAN_REVERTING,70,44.03057803067135,6.28311829862294,True,MOMENTUM_SHIFT,False,True,False,65,True,70,NONE,40,CHOPPY,NORMAL,NONE,40,0.0361,CHOPPY,20,50,30,NORMAL,NONE,65,40,75,NORMAL,58,40,60,-0.7,False,80,0.5772357723577236,94.696,RANGING,90,False,NONE,1.13603,1.13672,1.136617,FAR,30,50,85,50,NONE,NONE,NONE,False,[],0,0,BREAKOUT_EMERGING,BREAKOUT_EMERGING,50,70,True,30,"Volatility expansion after compression. Potential breakout opportunity. (breakout prob: 30%, reversal prob: 50%)",1.61,0.5,False,False,True,False,0.3,0.3,True,False,True,18,False,[],0,NO,BREAKOUT_EMERGING,"Volatility expansion after compression. Potential breakout opportunity. (breakout prob: 30%, reversal prob: 50%)",NORMAL,LOW,0.021,"[{'symbol': 'EURUSD-OTC', 'action': 'NO_TRADE', 'reason': 'ไม่พบข้อมูลราคาตลาดปัจจุบัน ไม่สามารถวิเคราะห์แนวโน้มและสัญญาณทางเทคนิคได้', 'timestamp': '2026-06-26T08:02:30.760465'}, {'symbol': 'EURUSD-OTC', 'action': 'NO_TRADE', 'reason': 'ไม่พบข้อมูลราคาหรือตัวชี้วัดในระบบ ไม่สามารถวิเคราะห์สัญญาณเทคนิคได้', 'timestamp': '2026-06-26T08:03:31.329432'}, {'symbol': 'EURUSD-OTC', 'action': 'NO_TRADE', 'reason': 'ไม่พบข้อมูลตลาดที่ป้อนเข้ามา จึงไม่สามารถวิเคราะห์สัญญาณใด ๆ ได้อย่างปลอดภัย', 'timestamp': '2026-06-26T08:04:31.365909'}, {'symbol': 'EURGBP', 'action': 'NO_TRADE', 'reason': 'ไม่พบข้อมูลราคาหรือตัวชี้วัดในปัจจุบัน ไม่สามารถวิเคราะห์แนวโน้มและสัญญาณทางเทคนิคได้', 'timestamp': '2026-06-26T08:05:36.744128'}, {'symbol': 'EURGBP', 'action': 'NO_TRADE', 'reason': 'ไม่มีข้อมูลราคาตลาดปัจจุบัน ไม่สามารถวิเคราะห์แนวโน้มและสัญญาณทางเทคนิคได้', 'timestamp': '2026-06-26T08:06:35.144969'}]",True,Passed basic checks,0,50,50,MEDIUM,5,WAIT,รอการวิเคราะห์จาก AI
2026-06-26 08:09:00,1.136675,1.136735,1.13667,1.136725,118.0,EURUSD,BEARISH,1.136526,1.136475,1.136482,1.136694,1.136864,1.136897,BULLISH,1.136653,1.136085,0.000568,0.000984,60.11,60.61,-5.2e-05,-0.000109,5.7e-05,69.4,68.55,0.00024,26.63,-0.7,0.00021,0.000207,22.96,18.15,18.78,1.69,0.0361,789,490.2,1.61,False,RISING,2.4e-05,1.6e-05,-2.2e-05,1.13603,1.13672,1.136617,1.136773,1.136877,1.136513,1.136357,22,2.87,1.136675,1.136604,74.83,5.2e-05,4.5e-05,91.2,83.84,0.000102,1.1363,1.136735,1.136787,1.136396,118,1.002,1.136725,1.136735,1.13667,1.136675,ASIAN,62724,HIGH,1.136725,1.136735,1.13667,1.136675,ASIAN,62724,HIGH,NONE,BULLISH,WEAK,LOW,BULLISH,CHOPPY,True,TESTING_RESISTANCE,51,23,6.666666666666667,55,NEUTRAL,False,70,[],0,0,NEUTRAL,BULLISH,40,True,BULL_TRAP,50,True,False,False,70,False,0,100,NONE,NONE,UP,0,True,75,55,45,80,False,True,NEUTRAL,70,False,0.0,NONE,False,NONE,False,False,0,False,60,13.392857142854222,4.457142857147566,70.0,29,POOR,False,75,41,-0.3207996826410785,4,40.0,False,MEAN_REVERTING,70,44.03057803067135,6.28311829862294,True,MOMENTUM_SHIFT,False,True,False,65,True,70,NONE,40,CHOPPY,NORMAL,NONE,40,0.0361,CHOPPY,20,50,30,NORMAL,NONE,65,40,75,NORMAL,58,40,60,-0.7,False,80,0.5772357723577236,94.696,RANGING,90,False,NONE,1.13603,1.13672,1.136617,FAR,30,50,85,50,NONE,NONE,NONE,False,[],0,0,SIDEWAY_RANGE,SIDEWAY_RANGE,50,60,True,30,Price ranging between clear levels. Suitable for mean-reversion strategies.,1.61,0.5,False,False,True,True,0.3,0.3,True,False,True,18,False,[],0,NO,SIDEWAY_RANGE,Price ranging between clear levels. Suitable for mean-reversion strategies.,NORMAL,LOW,0.021,"[{'symbol': 'EURUSD-OTC', 'action': 'NO_TRADE', 'reason': 'ไม่พบข้อมูลตลาดที่ป้อนเข้ามา จึงไม่สามารถวิเคราะห์สัญญาณใด ๆ ได้อย่างปลอดภัย', 'timestamp': '2026-06-26T08:04:31.365909'}, {'symbol': 'EURGBP', 'action': 'NO_TRADE', 'reason': 'ไม่พบข้อมูลราคาหรือตัวชี้วัดในปัจจุบัน ไม่สามารถวิเคราะห์แนวโน้มและสัญญาณทางเทคนิคได้', 'timestamp': '2026-06-26T08:05:36.744128'}, {'symbol': 'EURGBP', 'action': 'NO_TRADE', 'reason': 'ไม่มีข้อมูลราคาตลาดปัจจุบัน ไม่สามารถวิเคราะห์แนวโน้มและสัญญาณทางเทคนิคได้', 'timestamp': '2026-06-26T08:06:35.144969'}, {'symbol': 'EURGBP-OTC', 'action': 'NO_TRADE', 'reason': 'ไม่พบข้อมูลตลาดใด ๆ จึงไม่สามารถวิเคราะห์สัญญาณได้ กรุณาส่งข้อมูลราคาและตัวชี้วัด', 'timestamp': '2026-06-26T08:07:36.343019'}, {'symbol': 'EURGBP-OTC', 'action': 'NO_TRADE', 'reason': 'ไม่พบข้อมูลราคาตลาดปัจจุบัน ไม่สามารถวิเคราะห์แนวโน้มและสัญญาณทางเทคนิคได้', 'timestamp': '2026-06-26T08:08:34.337578'}]",True,Passed basic checks,0,50,50,MEDIUM,5,WAIT,รอการวิเคราะห์จาก AI
2026-06-26 08:11:00,1.136735,1.136895,1.13673,1.136885,182.0,EURUSD,BEARISH,1.136597,1.136524,1.136507,1.136695,1.136862,1.136902,BULLISH,1.136708,1.136056,0.000652,0.000979,62.76,69.26,-2.6e-05,-9.2e-05,6.6e-05,86.55,73.99,0.000232,25.13,-0.73,0.000214,0.000207,21.33,17.75,17.69,0.16,0.0282,799,512.75,1.558,False,RISING,2.6e-05,2.3e-05,-2.1e-05,1.13603,1.13674,1.13668,1.1368,1.13686,1.13662,1.1365,23,3.06,1.136759,1.136643,75.82,7.1e-05,5.2e-05,98.37,94.91,0.000101,1.1363,1.136895,1.136857,1.136373,182,1.401,1.136885,1.136895,1.13673,1.136735,ASIAN,62468,HIGH,1.136885,1.136895,1.13673,1.136735,ASIAN,62468,HIGH,NONE,BULLISH,WEAK,HIGH,BULLISH,CHOPPY,True,NONE,49,23,13.333333333333334,61,NEUTRAL,False,70,[],0,0,NEUTRAL,BULLISH,40,True,REJECTION,25,False,False,True,70,False,0,100,NONE,NONE,UP,0,True,75,55,45,80,False,True,NEUTRAL,70,False,0.0,NONE,False,NONE,False,False,0,False,60,12.018140589574914,12.939841089676928,70.0,31,POOR,False,75,39,-0.2911266531751986,3,30.000000000000004,False,MEAN_REVERTING,70,43.7353818232461,6.666187995550967,True,MOMENTUM_SHIFT,False,True,False,65,True,70,NONE,40,CHOPPY,NORMAL,NONE,40,0.0282,CHOPPY,20,50,30,NORMAL,NONE,65,40,75,NORMAL,58,40,60,-0.73,False,80,0.6659856996935648,95.896,RANGING,90,False,NONE,1.13603,1.13674,1.13668,FAR,30,50,85,50,NONE,NONE,NONE,False,[],0,0,BREAKOUT_EMERGING,BREAKOUT_EMERGING,50,70,True,29,"Volatility expansion after compression. Potential breakout opportunity. (breakout prob: 30%, reversal prob: 50%)",1.558,0.5,False,False,True,True,0.3,0.3,True,False,True,18,False,[],0,NO,BREAKOUT_EMERGING,"Volatility expansion after compression. Potential breakout opportunity. (breakout prob: 30%, reversal prob: 50%)",NORMAL,LOW,0.02,"[{'symbol': 'EURGBP', 'action': 'NO_TRADE', 'reason': 'ไม่พบข้อมูลราคาหรือตัวชี้วัดในปัจจุบัน ไม่สามารถวิเคราะห์แนวโน้มและสัญญาณทางเทคนิคได้', 'timestamp': '2026-06-26T08:05:36.744128'}, {'symbol': 'EURGBP', 'action': 'NO_TRADE', 'reason': 'ไม่มีข้อมูลราคาตลาดปัจจุบัน ไม่สามารถวิเคราะห์แนวโน้มและสัญญาณทางเทคนิคได้', 'timestamp': '2026-06-26T08:06:35.144969'}, {'symbol': 'EURGBP-OTC', 'action': 'NO_TRADE', 'reason': 'ไม่พบข้อมูลตลาดใด ๆ จึงไม่สามารถวิเคราะห์สัญญาณได้ กรุณาส่งข้อมูลราคาและตัวชี้วัด', 'timestamp': '2026-06-26T08:07:36.343019'}, {'symbol': 'EURGBP-OTC', 'action': 'NO_TRADE', 'reason': 'ไม่พบข้อมูลราคาตลาดปัจจุบัน ไม่สามารถวิเคราะห์แนวโน้มและสัญญาณทางเทคนิคได้', 'timestamp': '2026-06-26T08:08:34.337578'}, {'symbol': 'EURGBP', 'action': 'NO_TRADE', 'reason': 'ไม่พบข้อมูลราคาตลาดปัจจุบัน ไม่สามารถวิเคราะห์แนวโน้มและสัญญาณทางเทคนิคได้', 'timestamp': '2026-06-26T08:09:31.213347'}]",True,Passed basic checks,0,50,50,MEDIUM,5,WAIT,รอการวิเคราะห์จาก AI
2026-06-26 08:12:00,1.13689,1.136915,1.13681,1.13685,107.0,EURUSD,BEARISH,1.136597,1.136524,1.136507,1.136695,1.136862,1.136902,BULLISH,1.136708,1.136056,0.000652,0.000979,62.76,69.26,-2.6e-05,-9.2e-05,6.6e-05,86.55,73.99,0.000232,25.13,-0.73,0.000214,0.000207,21.33,17.75,17.69,0.16,0.0282,799,512.75,1.558,False,RISING,2.6e-05,2.3e-05,-2.1e-05,1.13603,1.13674,1.13668,1.1368,1.13686,1.13662,1.1365,23,3.06,1.13679,1.136663,70.67,7.9e-05,5.7e-05,94.47,96.0,0.000104,1.1363,1.136915,1.136887,1.13636,107,0.807,1.13685,1.136915,1.13681,1.13689,ASIAN,62840,HIGH,1.13685,1.136915,1.13681,1.13689,ASIAN,62840,HIGH,NONE,BULLISH,WEAK,HIGH,BULLISH,CHOPPY,True,TESTING_RESISTANCE,49,23,13.333333333333334,61,NEUTRAL,False,70,[],0,0,NEUTRAL,BULLISH,40,True,REJECTION,25,False,False,True,70,False,0,100,NONE,NONE,UP,0,True,75,55,45,80,False,True,NEUTRAL,70,False,0.0,NONE,False,NONE,False,False,0,False,60,12.018140589574914,12.939841089676928,70.0,31,POOR,False,75,39,-0.2911266531751986,3,30.000000000000004,False,MEAN_REVERTING,70,43.7353818232461,6.666187995550967,True,MOMENTUM_SHIFT,False,True,False,65,True,70,NONE,40,CHOPPY,NORMAL,NONE,40,0.0282,CHOPPY,20,50,30,NORMAL,NONE,65,40,75,NORMAL,58,40,60,-0.73,False,80,0.6659856996935648,95.896,RANGING,90,False,NONE,1.13603,1.13674,1.13668,FAR,30,50,85,50,NONE,NONE,NONE,False,[],0,0,BREAKOUT_EMERGING,BREAKOUT_EMERGING,50,70,True,29,"Volatility expansion after compression. Potential breakout opportunity. (breakout prob: 30%, reversal prob: 50%)",1.558,0.5,False,False,True,True,0.3,0.3,True,False,True,18,False,[],0,NO,BREAKOUT_EMERGING,"Volatility expansion after compression. Potential breakout opportunity. (breakout prob: 30%, reversal prob: 50%)",NORMAL,LOW,0.02,"[{'symbol': 'EURGBP', 'action': 'NO_TRADE', 'reason': 'ไม่มีข้อมูลราคาตลาดปัจจุบัน ไม่สามารถวิเคราะห์แนวโน้มและสัญญาณทางเทคนิคได้', 'timestamp': '2026-06-26T08:06:35.144969'}, {'symbol': 'EURGBP-OTC', 'action': 'NO_TRADE', 'reason': 'ไม่พบข้อมูลตลาดใด ๆ จึงไม่สามารถวิเคราะห์สัญญาณได้ กรุณาส่งข้อมูลราคาและตัวชี้วัด', 'timestamp': '2026-06-26T08:07:36.343019'}, {'symbol': 'EURGBP-OTC', 'action': 'NO_TRADE', 'reason': 'ไม่พบข้อมูลราคาตลาดปัจจุบัน ไม่สามารถวิเคราะห์แนวโน้มและสัญญาณทางเทคนิคได้', 'timestamp': '2026-06-26T08:08:34.337578'}, {'symbol': 'EURGBP', 'action': 'NO_TRADE', 'reason': 'ไม่พบข้อมูลราคาตลาดปัจจุบัน ไม่สามารถวิเคราะห์แนวโน้มและสัญญาณทางเทคนิคได้', 'timestamp': '2026-06-26T08:09:31.213347'}, {'symbol': 'EURUSD', 'action': 'NO_TRADE', 'reason': 'ไม่พบข้อมูลราคาหรือสัญญาณทางเทคนิคในระบบ ไม่สามารถวิเคราะห์แนวโน้มและความเสี่ยงได้', 'timestamp': '2026-06-26T08:11:35.734112'}]",True,Passed basic checks,0,50,50,MEDIUM,5,WAIT,รอการวิเคราะห์จาก AI
2026-06-26 08:13:00,1.136855,1.136885,1.13682,1.13683,138.0,EURUSD,BEARISH,1.136597,1.136524,1.136507,1.136695,1.136862,1.136902,BULLISH,1.136708,1.136056,0.000652,0.000979,62.76,69.26,-2.6e-05,-9.2e-05,6.6e-05,86.55,73.99,0.000232,25.13,-0.73,0.000214,0.000207,21.33,17.75,17.69,0.16,0.0282,799,512.75,1.558,False,RISING,2.6e-05,2.3e-05,-2.1e-05,1.13603,1.13674,1.13668,1.1368,1.13686,1.13662,1.1365,23,3.06,1.136803,1.136679,68.42,8.2e-05,6.2e-05,88.24,93.69,0.000104,1.1363,1.136915,1.136912,1.136354,138,1.016,1.13683,1.136885,1.13682,1.136855,ASIAN,63347,HIGH,1.13683,1.136885,1.13682,1.136855,ASIAN,63347,HIGH,NONE,BULLISH,WEAK,HIGH,BULLISH,CHOPPY,True,TESTING_RESISTANCE,49,23,13.333333333333334,61,NEUTRAL,False,70,[],0,0,NEUTRAL,BULLISH,40,True,REJECTION,25,False,False,True,70,False,0,100,NONE,NONE,UP,0,True,75,55,45,80,False,True,NEUTRAL,70,False,0.0,NONE,False,NONE,False,False,0,False,60,12.018140589574914,12.939841089676928,70.0,31,POOR,False,75,39,-0.2911266531751986,3,30.000000000000004,False,MEAN_REVERTING,70,43.7353818232461,6.666187995550967,True,MOMENTUM_SHIFT,False,True,False,65,True,70,NONE,40,CHOPPY,NORMAL,NONE,40,0.0282,CHOPPY,20,50,30,NORMAL,NONE,65,40,75,NORMAL,58,40,60,-0.73,False,80,0.6659856996935648,95.896,RANGING,90,False,NONE,1.13603,1.13674,1.13668,FAR,30,50,85,50,NONE,NONE,NONE,False,[],0,0,BREAKOUT_EMERGING,BREAKOUT_EMERGING,50,70,True,29,"Volatility expansion after compression. Potential breakout opportunity. (breakout prob: 30%, reversal prob: 50%)",1.558,0.5,False,False,True,True,0.3,0.3,True,False,True,18,False,[],0,NO,BREAKOUT_EMERGING,"Volatility expansion after compression. Potential breakout opportunity. (breakout prob: 30%, reversal prob: 50%)",NORMAL,LOW,0.02,"[{'symbol': 'EURGBP-OTC', 'action': 'NO_TRADE', 'reason': 'ไม่พบข้อมูลตลาดใด ๆ จึงไม่สามารถวิเคราะห์สัญญาณได้ กรุณาส่งข้อมูลราคาและตัวชี้วัด', 'timestamp': '2026-06-26T08:07:36.343019'}, {'symbol': 'EURGBP-OTC', 'action': 'NO_TRADE', 'reason': 'ไม่พบข้อมูลราคาตลาดปัจจุบัน ไม่สามารถวิเคราะห์แนวโน้มและสัญญาณทางเทคนิคได้', 'timestamp': '2026-06-26T08:08:34.337578'}, {'symbol': 'EURGBP', 'action': 'NO_TRADE', 'reason': 'ไม่พบข้อมูลราคาตลาดปัจจุบัน ไม่สามารถวิเคราะห์แนวโน้มและสัญญาณทางเทคนิคได้', 'timestamp': '2026-06-26T08:09:31.213347'}, {'symbol': 'EURUSD', 'action': 'NO_TRADE', 'reason': 'ไม่พบข้อมูลราคาหรือสัญญาณทางเทคนิคในระบบ ไม่สามารถวิเคราะห์แนวโน้มและความเสี่ยงได้', 'timestamp': '2026-06-26T08:11:35.734112'}, {'symbol': 'EURUSD', 'action': 'NO_TRADE', 'reason': 'ไม่พบข้อมูลราคาและตัวชี้วัดตลาดในปัจจุบัน ไม่สามารถวิเคราะห์สัญญาณได้อย่างถูกต้อง', 'timestamp': '2026-06-26T08:12:34.466542'}]",True,Passed basic checks,0,50,50,MEDIUM,5,WAIT,รอการวิเคราะห์จาก AI
2026-06-26 08:15:00,1.136815,1.136815,1.13664,1.136725,146.0,EURUSD,BEARISH,1.13664,1.13656,1.136527,1.136697,1.136858,1.136891,BULLISH,1.136754,1.136066,0.000688,0.000974,72.78,67.22,-7e-06,-7.5e-05,6.8e-05,89.2,81.72,0.000231,24.62,-0.73,0.000216,0.000206,20.86,21.75,16.15,14.78,0.0211,675,526.95,1.281,False,RISING,3.2e-05,2.5e-05,-2e-05,1.13603,1.136915,1.13676,1.13688,1.137035,1.136605,1.136485,26,3.83,1.136779,1.136694,55.2,7.5e-05,6.8e-05,68.24,79.27,9.8e-05,1.13635,1.136915,1.136912,1.136425,146,1.056,1.136725,1.136815,1.13664,1.136815,ASIAN,63180,HIGH,1.136725,1.136815,1.13664,1.136815,ASIAN,63180,HIGH,DOJI,BEARISH,WEAK,HIGH,BULLISH,CHOPPY,True,NONE,46,26,13.333333333333334,67,NEUTRAL,False,70,['DOJI'],1,20,NEUTRAL,BEARISH,60,True,REJECTION,25,False,False,True,70,False,0,100,NONE,NONE,UP,0,True,75,55,45,80,False,True,NEUTRAL,70,False,0.0,NONE,True,BULLISH,True,False,50,False,70,28.981723237593854,12.369942196532842,70.0,37,FAIR,False,75,38,-0.25219185273208,3,19.999999999999996,False,MEAN_REVERTING,70,43.58095251338954,6.7795656698476625,True,MOMENTUM_SHIFT,False,True,False,65,True,70,NONE,60,CHOPPY,LOW,NONE,60,0.0211,CHOPPY,20,50,30,NORMAL,NONE,65,40,75,LOW,58,40,60,-0.73,False,65,0.7063655030800822,96.304,RANGING,90,False,NONE,1.13603,1.13688,1.13676,FAR,30,50,85,50,NONE,NONE,NONE,False,[],0,0,ACCUMULATION,ACCUMULATION,50,65,True,29,"Smart money accumulation. Bullish bias, look for breakout.",1.281,0.5,False,False,True,True,0.3,0.3,True,False,False,18,False,[],0,NO,ACCUMULATION,"Smart money accumulation. Bullish bias, look for breakout.",LOW,LOW,0.02,"[{'symbol': 'EURGBP', 'action': 'NO_TRADE', 'reason': 'ไม่พบข้อมูลราคาตลาดปัจจุบัน ไม่สามารถวิเคราะห์แนวโน้มและสัญญาณทางเทคนิคได้', 'timestamp': '2026-06-26T08:09:31.213347'}, {'symbol': 'EURUSD', 'action': 'NO_TRADE', 'reason': 'ไม่พบข้อมูลราคาหรือสัญญาณทางเทคนิคในระบบ ไม่สามารถวิเคราะห์แนวโน้มและความเสี่ยงได้', 'timestamp': '2026-06-26T08:11:35.734112'}, {'symbol': 'EURUSD', 'action': 'NO_TRADE', 'reason': 'ไม่พบข้อมูลราคาและตัวชี้วัดตลาดในปัจจุบัน ไม่สามารถวิเคราะห์สัญญาณได้อย่างถูกต้อง', 'timestamp': '2026-06-26T08:12:34.466542'}, {'symbol': 'EURGBP', 'action': 'NO_TRADE', 'reason': 'ไม่พบข้อมูลราคาหรือตัวบ่งชี้ตลาดในปัจจุบัน ไม่สามารถวิเคราะห์สัญญาณเทคนิคได้', 'timestamp': '2026-06-26T08:13:36.764980'}, {'symbol': 'EURGBP', 'action': 'NO_TRADE', 'reason': 'ไม่พบข้อมูลตลาดปัจจุบัน กรุณาส่งราคาและตัวชี้วัดเพื่อวิเคราะห์สัญญาณ', 'timestamp': '2026-06-26T08:14:33.642676'}]",True,Passed basic checks,0,50,50,MEDIUM,5,WAIT,รอการวิเคราะห์จาก AI
2026-06-26 08:17:00,1.13674,1.13683,1.13667,1.136825,207.0,EURUSD,BEARISH,1.13664,1.13656,1.136527,1.136697,1.136858,1.136891,BULLISH,1.136754,1.136066,0.000688,0.000974,72.78,67.22,-7e-06,-7.5e-05,6.8e-05,89.2,81.72,0.000231,24.62,-0.73,0.000216,0.000206,20.86,21.75,16.15,14.78,0.0211,675,526.95,1.281,False,RISING,3.2e-05,2.5e-05,-2e-05,1.13603,1.136915,1.13676,1.13688,1.137035,1.136605,1.136485,26,3.83,1.136787,1.136711,60.56,7.1e-05,6.9e-05,57.75,61.5,0.000114,1.13646,1.136915,1.136916,1.136482,207,1.379,1.136825,1.13683,1.13667,1.13674,ASIAN,62944,HIGH,1.136825,1.13683,1.13667,1.13674,ASIAN,62944,HIGH,DOJI,BEARISH,WEAK,HIGH,BULLISH,CHOPPY,True,TESTING_RESISTANCE,46,26,13.333333333333334,67,NEUTRAL,False,70,['DOJI'],1,20,NEUTRAL,BEARISH,60,True,REJECTION,25,False,False,True,70,False,0,100,NONE,NONE,UP,0,True,75,55,45,80,False,True,NEUTRAL,70,False,0.0,NONE,True,BULLISH,True,False,50,False,70,28.981723237593854,12.369942196532842,70.0,37,FAIR,False,75,38,-0.25219185273208,3,19.999999999999996,False,MEAN_REVERTING,70,43.58095251338954,6.7795656698476625,True,MOMENTUM_SHIFT,False,True,False,65,True,70,NONE,60,CHOPPY,LOW,NONE,60,0.0211,CHOPPY,20,50,30,NORMAL,NONE,65,40,75,LOW,58,40,60,-0.73,False,65,0.7063655030800822,96.304,RANGING,90,False,NONE,1.13603,1.13688,1.13676,FAR,30,50,85,50,NONE,NONE,NONE,False,[],0,0,SIDEWAY_RANGE,SIDEWAY_RANGE,50,60,True,29,Price ranging between clear levels. Suitable for mean-reversion strategies.,1.281,0.5,False,False,True,True,0.3,0.3,True,False,False,18,False,[],0,NO,SIDEWAY_RANGE,Price ranging between clear levels. Suitable for mean-reversion strategies.,LOW,LOW,0.02,"[{'symbol': 'EURUSD', 'action': 'NO_TRADE', 'reason': 'ไม่พบข้อมูลราคาและตัวชี้วัดตลาดในปัจจุบัน ไม่สามารถวิเคราะห์สัญญาณได้อย่างถูกต้อง', 'timestamp': '2026-06-26T08:12:34.466542'}, {'symbol': 'EURGBP', 'action': 'NO_TRADE', 'reason': 'ไม่พบข้อมูลราคาหรือตัวบ่งชี้ตลาดในปัจจุบัน ไม่สามารถวิเคราะห์สัญญาณเทคนิคได้', 'timestamp': '2026-06-26T08:13:36.764980'}, {'symbol': 'EURGBP', 'action': 'NO_TRADE', 'reason': 'ไม่พบข้อมูลตลาดปัจจุบัน กรุณาส่งราคาและตัวชี้วัดเพื่อวิเคราะห์สัญญาณ', 'timestamp': '2026-06-26T08:14:33.642676'}, {'symbol': 'EURUSD-OTC', 'action': 'NO_TRADE', 'reason': 'ไม่มีข้อมูลราคาและตัวบ่งชี้ในปัจจุบัน ไม่สามารถวิเคราะห์สัญญาณได้', 'timestamp': '2026-06-26T08:15:31.706719'}, {'symbol': 'EURUSD-OTC', 'action': 'NO_TRADE', 'reason': 'ไม่มีข้อมูลราคาและอินดิเคเตอร์ในปัจจุบัน ไม่สามารถวิเคราะห์สัญญาณได้', 'timestamp': '2026-06-26T08:16:30.338526'}]",True,Passed basic checks,0,50,50,MEDIUM,5,WAIT,รอการวิเคราะห์จาก AI
2026-06-26 08:19:00,1.136765,1.136775,1.13672,1.136735,126.0,EURUSD,BEARISH,1.13664,1.13656,1.136527,1.136697,1.136858,1.136891,BULLISH,1.136754,1.136066,0.000688,0.000974,72.78,67.22,-7e-06,-7.5e-05,6.8e-05,89.2,81.72,0.000231,24.62,-0.73,0.000216,0.000206,20.86,21.75,16.15,14.78,0.0211,675,526.95,1.281,False,RISING,3.2e-05,2.5e-05,-2e-05,1.13603,1.136915,1.13676,1.13688,1.137035,1.136605,1.136485,26,3.83,1.136766,1.136718,54.25,6.1e-05,6.7e-05,61.03,60.25,0.000111,1.13646,1.136915,1.136911,1.136528,126,0.822,1.136735,1.136775,1.13672,1.136765,ASIAN,62961,HIGH,1.136735,1.136775,1.13672,1.136765,ASIAN,62961,HIGH,DOJI,BEARISH,WEAK,HIGH,BULLISH,CHOPPY,True,NONE,46,26,13.333333333333334,67,NEUTRAL,False,70,['DOJI'],1,20,NEUTRAL,BEARISH,60,True,REJECTION,25,False,False,True,70,False,0,100,NONE,NONE,UP,0,True,75,55,45,80,False,True,NEUTRAL,70,False,0.0,NONE,True,BULLISH,True,False,50,False,70,28.981723237593854,12.369942196532842,70.0,37,FAIR,False,75,38,-0.25219185273208,3,19.999999999999996,False,MEAN_REVERTING,70,43.58095251338954,6.7795656698476625,True,MOMENTUM_SHIFT,False,True,False,65,True,70,NONE,60,CHOPPY,LOW,NONE,60,0.0211,CHOPPY,20,50,30,NORMAL,NONE,65,40,75,LOW,58,40,60,-0.73,False,65,0.7063655030800822,96.304,RANGING,90,False,NONE,1.13603,1.13688,1.13676,FAR,30,50,85,50,NONE,NONE,NONE,False,[],0,0,SIDEWAY_RANGE,SIDEWAY_RANGE,50,60,True,29,Price ranging between clear levels. Suitable for mean-reversion strategies.,1.281,0.5,False,False,True,True,0.3,0.3,True,False,False,18,False,[],0,NO,SIDEWAY_RANGE,Price ranging between clear levels. Suitable for mean-reversion strategies.,LOW,LOW,0.02,"[{'symbol': 'EURGBP', 'action': 'NO_TRADE', 'reason': 'ไม่พบข้อมูลตลาดปัจจุบัน กรุณาส่งราคาและตัวชี้วัดเพื่อวิเคราะห์สัญญาณ', 'timestamp': '2026-06-26T08:14:33.642676'}, {'symbol': 'EURUSD-OTC', 'action': 'NO_TRADE', 'reason': 'ไม่มีข้อมูลราคาและตัวบ่งชี้ในปัจจุบัน ไม่สามารถวิเคราะห์สัญญาณได้', 'timestamp': '2026-06-26T08:15:31.706719'}, {'symbol': 'EURUSD-OTC', 'action': 'NO_TRADE', 'reason': 'ไม่มีข้อมูลราคาและอินดิเคเตอร์ในปัจจุบัน ไม่สามารถวิเคราะห์สัญญาณได้', 'timestamp': '2026-06-26T08:16:30.338526'}, {'symbol': 'EURGBP-OTC', 'action': 'NO_TRADE', 'reason': 'ไม่พบข้อมูลตลาดปัจจุบัน กรุณาส่งราคาและตัวชี้วัดเพื่อวิเคราะห์', 'timestamp': '2026-06-26T08:17:36.586691'}, {'symbol': 'EURGBP-OTC', 'action': 'NO_TRADE', 'reason': 'ไม่มีข้อมูลราคาและตัวบ่งชี้ทางเทคนิคในโจทย์ ไม่สามารถวิเคราะห์สัญญาณได้', 'timestamp': '2026-06-26T08:18:35.272831'}]",True,Passed basic checks,0,50,50,MEDIUM,5,WAIT,รอการวิเคราะห์จาก AI
2026-06-26 08:21:00,1.13673,1.136765,1.13668,1.1367,88.0,EURUSD,BEARISH,1.13667,1.136591,1.136547,1.136698,1.136857,1.136896,BULLISH,1.136793,1.136081,0.000712,0.000968,66.67,64.36,8e-06,-5.8e-05,6.7e-05,83.44,86.4,0.000239,27.64,-0.7,0.000221,0.000206,19.88,19.91,17.28,7.06,0.0211,815,555.95,1.466,False,RISING,3.9e-05,2.6e-05,-2e-05,1.13603,1.136915,1.136707,1.136853,1.136977,1.136583,1.136437,27,3.7,1.136736,1.136718,52.5,4.6e-05,6.1e-05,45.54,52.89,0.000104,1.13656,1.136915,1.136887,1.136581,88,0.592,1.1367,1.136765,1.13668,1.13673,ASIAN,62906,HIGH,1.1367,1.136765,1.13668,1.13673,ASIAN,62906,HIGH,DOJI,BULLISH,WEAK,HIGH,BULLISH,CHOPPY,False,NONE,45,30,20.0,72,NEUTRAL,False,70,['DOJI'],1,20,NEUTRAL,BULLISH,60,False,NONE,0,False,False,False,60,False,0,100,NONE,NONE,UP,0,True,75,55,45,80,False,True,NEUTRAL,70,False,0.0,NONE,True,BULLISH,True,True,90,True,70,28.42105263157132,9.6559378468375,70.0,36,FAIR,False,75,50,-0.1565035148312205,3,0.0,False,RANDOM,70,43.99857630059344,6.347485199397661,True,MOMENTUM_SHIFT,False,True,False,65,True,70,NONE,60,CHOPPY,NORMAL,NONE,60,0.0211,CHOPPY,20,50,30,WEAK,NONE,55,30,65,NORMAL,58,40,60,-0.7,False,80,0.7355371900826446,93.888,RANGING,90,False,NONE,1.13603,1.136853,1.136707,FAR,30,50,85,50,NONE,NONE,NONE,False,[],0,0,ACCUMULATION,ACCUMULATION,50,65,True,28,"Smart money accumulation. Bullish bias, look for breakout.",1.466,0.5,False,False,True,True,0.3,0.3,True,False,False,18,False,[],0,NO,ACCUMULATION,"Smart money accumulation. Bullish bias, look for breakout.",NORMAL,LOW,0.021,"[{'symbol': 'EURUSD-OTC', 'action': 'NO_TRADE', 'reason': 'ไม่มีข้อมูลราคาและอินดิเคเตอร์ในปัจจุบัน ไม่สามารถวิเคราะห์สัญญาณได้', 'timestamp': '2026-06-26T08:16:30.338526'}, {'symbol': 'EURGBP-OTC', 'action': 'NO_TRADE', 'reason': 'ไม่พบข้อมูลตลาดปัจจุบัน กรุณาส่งราคาและตัวชี้วัดเพื่อวิเคราะห์', 'timestamp': '2026-06-26T08:17:36.586691'}, {'symbol': 'EURGBP-OTC', 'action': 'NO_TRADE', 'reason': 'ไม่มีข้อมูลราคาและตัวบ่งชี้ทางเทคนิคในโจทย์ ไม่สามารถวิเคราะห์สัญญาณได้', 'timestamp': '2026-06-26T08:18:35.272831'}, {'symbol': 'EURGBP-OTC', 'action': 'NO_TRADE', 'reason': 'ไม่พบข้อมูลตลาดปัจจุบัน จึงไม่สามารถวิเคราะห์สัญญาณได้อย่างแม่นยำ', 'timestamp': '2026-06-26T08:19:31.450560'}, {'symbol': 'EURGBP-OTC', 'action': 'NO_TRADE', 'reason': 'ไม่พบข้อมูลตลาดที่จำเป็นในการวิเคราะห์ โปรดส่งข้อมูลราคาและตัวชี้วัด', 'timestamp': '2026-06-26T08:20:31.184621'}]",True,Passed basic checks,0,50,50,MEDIUM,5,WAIT,รอการวิเคราะห์จาก AI
2026-06-26 08:22:00,1.136695,1.13671,1.13656,1.13657,88.0,EURUSD,BEARISH,1.13667,1.136591,1.136547,1.136698,1.136857,1.136896,BULLISH,1.136793,1.136081,0.000712,0.000968,66.67,64.36,8e-06,-5.8e-05,6.7e-05,83.44,86.4,0.000239,27.64,-0.7,0.000221,0.000206,19.88,19.91,17.28,7.06,0.0211,815,555.95,1.466,False,RISING,3.9e-05,2.6e-05,-2e-05,1.13603,1.136915,1.136707,1.136853,1.136977,1.136583,1.136437,27,3.7,1.136681,1.136704,43.15,2.9e-05,5.5e-05,30.05,42.57,0.000107,1.13656,1.136915,1.136897,1.136562,88,0.596,1.13657,1.13671,1.13656,1.136695,ASIAN,63202,HIGH,1.13657,1.13671,1.13656,1.136695,ASIAN,63202,HIGH,DOJI,BULLISH,WEAK,HIGH,BULLISH,CHOPPY,False,NONE,45,30,20.0,72,NEUTRAL,False,70,['DOJI'],1,20,NEUTRAL,BULLISH,60,False,NONE,0,False,False,False,60,False,0,100,NONE,NONE,UP,0,True,75,55,45,80,False,True,NEUTRAL,70,False,0.0,NONE,True,BULLISH,True,True,90,True,70,28.42105263157132,9.6559378468375,70.0,36,FAIR,False,75,50,-0.1565035148312205,3,0.0,False,RANDOM,70,43.99857630059344,6.347485199397661,True,MOMENTUM_SHIFT,False,True,False,65,True,70,NONE,60,CHOPPY,NORMAL,NONE,60,0.0211,CHOPPY,20,50,30,WEAK,NONE,55,30,65,NORMAL,58,40,60,-0.7,False,80,0.7355371900826446,93.888,RANGING,90,False,NONE,1.13603,1.136853,1.136707,FAR,30,50,85,50,NONE,NONE,NONE,False,[],0,0,ACCUMULATION,ACCUMULATION,50,65,True,28,"Smart money accumulation. Bullish bias, look for breakout.",1.466,0.5,False,False,True,False,0.3,0.3,True,False,False,18,False,[],0,NO,ACCUMULATION,"Smart money accumulation. Bullish bias, look for breakout.",NORMAL,LOW,0.021,"[{'symbol': 'EURGBP-OTC', 'action': 'NO_TRADE', 'reason': 'ไม่พบข้อมูลตลาดปัจจุบัน กรุณาส่งราคาและตัวชี้วัดเพื่อวิเคราะห์', 'timestamp': '2026-06-26T08:17:36.586691'}, {'symbol': 'EURGBP-OTC', 'action': 'NO_TRADE', 'reason': 'ไม่มีข้อมูลราคาและตัวบ่งชี้ทางเทคนิคในโจทย์ ไม่สามารถวิเคราะห์สัญญาณได้', 'timestamp': '2026-06-26T08:18:35.272831'}, {'symbol': 'EURGBP-OTC', 'action': 'NO_TRADE', 'reason': 'ไม่พบข้อมูลตลาดปัจจุบัน จึงไม่สามารถวิเคราะห์สัญญาณได้อย่างแม่นยำ', 'timestamp': '2026-06-26T08:19:31.450560'}, {'symbol': 'EURGBP-OTC', 'action': 'NO_TRADE', 'reason': 'ไม่พบข้อมูลตลาดที่จำเป็นในการวิเคราะห์ โปรดส่งข้อมูลราคาและตัวชี้วัด', 'timestamp': '2026-06-26T08:20:31.184621'}, {'symbol': 'EURUSD', 'action': 'NO_TRADE', 'reason': 'ไม่มีข้อมูลตลาดที่ใช้วิเคราะห์ทางเทคนิค จึงไม่สามารถประเมินสัญญาณใดๆ ได้อย่างแม่นยำ', 'timestamp': '2026-06-26T08:21:30.903939'}]",True,Passed basic checks,0,50,50,MEDIUM,5,WAIT,รอการวิเคราะห์จาก AI
2026-06-26 08:23:00,1.136575,1.136625,1.13656,1.136575,77.0,EURUSD,BEARISH,1.13667,1.136591,1.136547,1.136698,1.136857,1.136896,BULLISH,1.136793,1.136081,0.000712,0.000968,66.67,64.36,8e-06,-5.8e-05,6.7e-05,83.44,86.4,0.000239,27.64,-0.7,0.000221,0.000206,19.88,19.91,17.28,7.06,0.0211,815,555.95,1.466,False,RISING,3.9e-05,2.6e-05,-2e-05,1.13603,1.136915,1.136707,1.136853,1.136977,1.136583,1.136437,27,3.7,1.136645,1.136691,38.97,1.6e-05,4.7e-05,15.49,30.36,0.000107,1.13656,1.136915,1.136904,1.136544,77,0.543,1.136575,1.136625,1.13656,1.136575,ASIAN,62622,HIGH,1.136575,1.136625,1.13656,1.136575,ASIAN,62622,HIGH,DOJI,BULLISH,WEAK,HIGH,BULLISH,CHOPPY,False,NONE,45,30,20.0,72,NEUTRAL,False,70,['DOJI'],1,20,NEUTRAL,BULLISH,60,False,NONE,0,False,False,False,60,False,0,100,NONE,NONE,UP,0,True,75,55,45,80,False,True,NEUTRAL,70,False,0.0,NONE,True,BULLISH,True,True,90,True,70,28.42105263157132,9.6559378468375,70.0,36,FAIR,False,75,50,-0.1565035148312205,3,0.0,False,RANDOM,70,43.99857630059344,6.347485199397661,True,MOMENTUM_SHIFT,False,True,False,65,True,70,NONE,60,CHOPPY,NORMAL,NONE,60,0.0211,CHOPPY,20,50,30,WEAK,NONE,55,30,65,NORMAL,58,40,60,-0.7,False,80,0.7355371900826446,93.888,RANGING,90,False,NONE,1.13603,1.136853,1.136707,FAR,30,50,85,50,NONE,NONE,NONE,False,[],0,0,ACCUMULATION,ACCUMULATION,50,65,True,28,"Smart money accumulation. Bullish bias, look for breakout.",1.466,0.5,False,False,True,False,0.3,0.3,True,False,False,18,False,[],0,NO,ACCUMULATION,"Smart money accumulation. Bullish bias, look for breakout.",NORMAL,LOW,0.021,"[{'symbol': 'EURGBP-OTC', 'action': 'NO_TRADE', 'reason': 'ไม่มีข้อมูลราคาและตัวบ่งชี้ทางเทคนิคในโจทย์ ไม่สามารถวิเคราะห์สัญญาณได้', 'timestamp': '2026-06-26T08:18:35.272831'}, {'symbol': 'EURGBP-OTC', 'action': 'NO_TRADE', 'reason': 'ไม่พบข้อมูลตลาดปัจจุบัน จึงไม่สามารถวิเคราะห์สัญญาณได้อย่างแม่นยำ', 'timestamp': '2026-06-26T08:19:31.450560'}, {'symbol': 'EURGBP-OTC', 'action': 'NO_TRADE', 'reason': 'ไม่พบข้อมูลตลาดที่จำเป็นในการวิเคราะห์ โปรดส่งข้อมูลราคาและตัวชี้วัด', 'timestamp': '2026-06-26T08:20:31.184621'}, {'symbol': 'EURUSD', 'action': 'NO_TRADE', 'reason': 'ไม่มีข้อมูลตลาดที่ใช้วิเคราะห์ทางเทคนิค จึงไม่สามารถประเมินสัญญาณใดๆ ได้อย่างแม่นยำ', 'timestamp': '2026-06-26T08:21:30.903939'}, {'symbol': 'EURUSD', 'action': 'NO_TRADE', 'reason': 'ไม่พบข้อมูลราคาและตัวชี้วัดตลาดในปัจจุบัน จึงไม่สามารถวิเคราะห์สัญญาณได้', 'timestamp': '2026-06-26T08:22:31.177247'}]",True,Passed basic checks,0,50,50,MEDIUM,5,WAIT,รอการวิเคราะห์จาก AI
2026-06-26 08:25:00,1.13653,1.13653,1.13648,1.1365,39.0,EURUSD,BEARISH,1.136613,1.136575,1.136542,1.13669,1.136842,1.136833,BEARISH,1.136798,1.136096,0.000701,0.00096,45.56,54.14,2e-06,-4.6e-05,4.8e-05,63.54,78.73,0.000244,30.15,-0.66,0.000225,0.000205,18.47,18.17,18.23,0.17,0.0141,370,563.5,0.657,False,FALLING,3.1e-05,2.5e-05,-1.9e-05,1.13603,1.136915,1.136582,1.136683,1.136867,1.136398,1.136297,28,3.63,1.136571,1.136659,17.65,-1.2e-05,2.8e-05,4.19,7.76,9.9e-05,1.13648,1.136915,1.136929,1.136487,39,0.293,1.1365,1.13653,1.13648,1.13653,ASIAN,63452,HIGH,1.1365,1.13653,1.13648,1.13653,ASIAN,63452,HIGH,NONE,BEARISH,WEAK,HIGH,BULLISH,CHOPPY,True,NONE,45,30,20.0,69,NEUTRAL,False,70,[],0,0,NEUTRAL,BEARISH,40,True,BULL_TRAP,50,True,False,False,70,False,0,100,DOWN,NONE,NONE,0,True,75,55,45,80,False,True,NEUTRAL,70,False,0.0,NONE,True,BULLISH,True,True,90,True,70,10.123456790122049,4.751619870413496,65.0,26,POOR,False,75,35,-0.20940324970450114,3,0.0,False,RANDOM,70,45.272623450721476,4.88181509567079,True,MOMENTUM_SHIFT,False,True,False,65,True,70,DOWN,60,CHOPPY,NORMAL,DOWN,60,0.0141,CHOPPY,55,30,50,WEAK,NONE,50,30,60,NORMAL,58,40,60,-0.66,False,80,0.7302083333333333,91.88,RANGING,90,False,NONE,1.13603,1.136683,1.136582,FAR,30,50,85,50,NONE,NONE,NONE,False,[],0,0,SIDEWAY_RANGE,SIDEWAY_RANGE,56,60,True,28,Price ranging between clear levels. Suitable for mean-reversion strategies.,0.657,0.5,False,False,False,False,0.3,0.3,True,False,False,18,False,[],0,NO,SIDEWAY_RANGE,Price ranging between clear levels. Suitable for mean-reversion strategies.,NORMAL,LOW,0.021,"[{'symbol': 'EURGBP-OTC', 'action': 'NO_TRADE', 'reason': 'ไม่พบข้อมูลตลาดที่จำเป็นในการวิเคราะห์ โปรดส่งข้อมูลราคาและตัวชี้วัด', 'timestamp': '2026-06-26T08:20:31.184621'}, {'symbol': 'EURUSD', 'action': 'NO_TRADE', 'reason': 'ไม่มีข้อมูลตลาดที่ใช้วิเคราะห์ทางเทคนิค จึงไม่สามารถประเมินสัญญาณใดๆ ได้อย่างแม่นยำ', 'timestamp': '2026-06-26T08:21:30.903939'}, {'symbol': 'EURUSD', 'action': 'NO_TRADE', 'reason': 'ไม่พบข้อมูลราคาและตัวชี้วัดตลาดในปัจจุบัน จึงไม่สามารถวิเคราะห์สัญญาณได้', 'timestamp': '2026-06-26T08:22:31.177247'}, {'symbol': 'EURGBP-OTC', 'action': 'NO_TRADE', 'reason': 'ไม่พบข้อมูลราคาตลาดปัจจุบัน ไม่สามารถวิเคราะห์แนวโน้มและสัญญาณทางเทคนิคได้', 'timestamp': '2026-06-26T08:23:35.907003'}, {'symbol': 'EURGBP-OTC', 'action': 'NO_TRADE', 'reason': 'ไม่พบข้อมูลราคาตลาดปัจจุบัน ไม่สามารถวิเคราะห์สัญญาณทางเทคนิคได้', 'timestamp': '2026-06-26T08:24:34.524790'}]",True,Passed basic checks,0,50,50,MEDIUM,5,WAIT,รอการวิเคราะห์จาก AI
2026-06-26 08:27:00,1.136465,1.136515,1.136435,1.13651,31.0,EURUSD,BEARISH,1.136613,1.136575,1.136542,1.13669,1.136842,1.136833,BEARISH,1.136798,1.136096,0.000701,0.00096,45.56,54.14,2e-06,-4.6e-05,4.8e-05,63.54,78.73,0.000244,30.15,-0.66,0.000225,0.000205,18.47,18.17,18.23,0.17,0.0141,370,563.5,0.657,False,FALLING,3.1e-05,2.5e-05,-1.9e-05,1.13603,1.136915,1.136582,1.136683,1.136867,1.136398,1.136297,28,3.63,1.136528,1.136629,23.77,-3.2e-05,7e-06,10.22,6.6,9.7e-05,1.136435,1.136915,1.136948,1.136442,31,0.258,1.13651,1.136515,1.136435,1.136465,ASIAN,63270,HIGH,1.13651,1.136515,1.136435,1.136465,ASIAN,63270,HIGH,NONE,BEARISH,WEAK,HIGH,BULLISH,CHOPPY,True,NONE,45,30,20.0,69,NEUTRAL,False,70,[],0,0,NEUTRAL,BEARISH,40,True,BULL_TRAP,50,True,False,False,70,False,0,100,DOWN,NONE,NONE,0,True,75,55,45,80,False,True,NEUTRAL,70,False,0.0,NONE,True,BULLISH,True,True,90,True,70,10.123456790122049,4.751619870413496,65.0,26,POOR,False,75,35,-0.20940324970450114,3,0.0,False,RANDOM,70,45.272623450721476,4.88181509567079,True,MOMENTUM_SHIFT,False,True,False,65,True,70,DOWN,60,CHOPPY,NORMAL,DOWN,60,0.0141,CHOPPY,55,30,50,WEAK,NONE,50,30,60,NORMAL,58,40,60,-0.66,False,80,0.7302083333333333,91.88,RANGING,90,False,NONE,1.13603,1.136683,1.136582,FAR,30,50,85,50,NONE,NONE,NONE,False,[],0,0,SIDEWAY_RANGE,SIDEWAY_RANGE,56,60,True,28,Price ranging between clear levels. Suitable for mean-reversion strategies.,0.657,0.5,False,False,False,False,0.3,0.3,True,False,False,18,False,[],0,NO,SIDEWAY_RANGE,Price ranging between clear levels. Suitable for mean-reversion strategies.,NORMAL,LOW,0.021,"[{'symbol': 'EURUSD', 'action': 'NO_TRADE', 'reason': 'ไม่พบข้อมูลราคาและตัวชี้วัดตลาดในปัจจุบัน จึงไม่สามารถวิเคราะห์สัญญาณได้', 'timestamp': '2026-06-26T08:22:31.177247'}, {'symbol': 'EURGBP-OTC', 'action': 'NO_TRADE', 'reason': 'ไม่พบข้อมูลราคาตลาดปัจจุบัน ไม่สามารถวิเคราะห์แนวโน้มและสัญญาณทางเทคนิคได้', 'timestamp': '2026-06-26T08:23:35.907003'}, {'symbol': 'EURGBP-OTC', 'action': 'NO_TRADE', 'reason': 'ไม่พบข้อมูลราคาตลาดปัจจุบัน ไม่สามารถวิเคราะห์สัญญาณทางเทคนิคได้', 'timestamp': '2026-06-26T08:24:34.524790'}, {'symbol': 'EURGBP', 'action': 'NO_TRADE', 'reason': 'ไม่พบข้อมูลราคาตลาดปัจจุบันในระบบ จึงไม่สามารถวิเคราะห์สัญญาณทางเทคนิคได้', 'timestamp': '2026-06-26T08:25:31.764056'}, {'symbol': 'EURGBP', 'action': 'NO_TRADE', 'reason': 'ไม่พบข้อมูลราคาและตัวชี้วัดจากตลาดจึงไม่สามารถวิเคราะห์สัญญาณได้', 'timestamp': '2026-06-26T08:26:30.971631'}]",True,Passed basic checks,0,50,50,MEDIUM,5,WAIT,รอการวิเคราะห์จาก AI
2026-06-26 08:28:00,1.136505,1.136515,1.136465,1.136515,53.0,EURUSD,BEARISH,1.136613,1.136575,1.136542,1.13669,1.136842,1.136833,BEARISH,1.136798,1.136096,0.000701,0.00096,45.56,54.14,2e-06,-4.6e-05,4.8e-05,63.54,78.73,0.000244,30.15,-0.66,0.000225,0.000205,18.47,18.17,18.23,0.17,0.0141,370,563.5,0.657,False,FALLING,3.1e-05,2.5e-05,-1.9e-05,1.13603,1.136915,1.136582,1.136683,1.136867,1.136398,1.136297,28,3.63,1.136524,1.136618,25.21,-3.6e-05,-1e-06,15.44,10.35,9.8e-05,1.136435,1.136915,1.136952,1.136422,53,0.46,1.136515,1.136515,1.136465,1.136505,ASIAN,62556,HIGH,1.136515,1.136515,1.136465,1.136505,ASIAN,62556,HIGH,NONE,BEARISH,WEAK,HIGH,BULLISH,CHOPPY,True,NONE,45,30,20.0,69,NEUTRAL,False,70,[],0,0,NEUTRAL,BEARISH,40,True,BULL_TRAP,50,True,False,False,70,False,0,100,DOWN,NONE,NONE,0,True,75,55,45,80,False,True,NEUTRAL,70,False,0.0,NONE,True,BULLISH,True,True,90,True,70,10.123456790122049,4.751619870413496,65.0,26,POOR,False,75,35,-0.20940324970450114,3,0.0,False,RANDOM,70,45.272623450721476,4.88181509567079,True,MOMENTUM_SHIFT,False,True,False,65,True,70,DOWN,60,CHOPPY,NORMAL,DOWN,60,0.0141,CHOPPY,55,30,50,WEAK,NONE,50,30,60,NORMAL,58,40,60,-0.66,False,80,0.7302083333333333,91.88,RANGING,90,False,NONE,1.13603,1.136683,1.136582,FAR,30,50,85,50,NONE,NONE,NONE,False,[],0,0,SIDEWAY_RANGE,SIDEWAY_RANGE,56,60,True,28,Price ranging between clear levels. Suitable for mean-reversion strategies.,0.657,0.5,False,False,False,False,0.3,0.3,True,False,False,18,False,[],0,NO,SIDEWAY_RANGE,Price ranging between clear levels. Suitable for mean-reversion strategies.,NORMAL,LOW,0.021,"[{'symbol': 'EURGBP-OTC', 'action': 'NO_TRADE', 'reason': 'ไม่พบข้อมูลราคาตลาดปัจจุบัน ไม่สามารถวิเคราะห์แนวโน้มและสัญญาณทางเทคนิคได้', 'timestamp': '2026-06-26T08:23:35.907003'}, {'symbol': 'EURGBP-OTC', 'action': 'NO_TRADE', 'reason': 'ไม่พบข้อมูลราคาตลาดปัจจุบัน ไม่สามารถวิเคราะห์สัญญาณทางเทคนิคได้', 'timestamp': '2026-06-26T08:24:34.524790'}, {'symbol': 'EURGBP', 'action': 'NO_TRADE', 'reason': 'ไม่พบข้อมูลราคาตลาดปัจจุบันในระบบ จึงไม่สามารถวิเคราะห์สัญญาณทางเทคนิคได้', 'timestamp': '2026-06-26T08:25:31.764056'}, {'symbol': 'EURGBP', 'action': 'NO_TRADE', 'reason': 'ไม่พบข้อมูลราคาและตัวชี้วัดจากตลาดจึงไม่สามารถวิเคราะห์สัญญาณได้', 'timestamp': '2026-06-26T08:26:30.971631'}, {'symbol': 'EURUSD', 'action': 'NO_TRADE', 'reason': 'ไม่มีข้อมูลราคาและตัวชี้วัดทางเทคนิคในปัจจุบัน ไม่สามารถวิเคราะห์สัญญาณได้', 'timestamp': '2026-06-26T08:27:36.577543'}]",True,Passed basic checks,0,50,50,MEDIUM,5,WAIT,รอการวิเคราะห์จาก AI
2026-06-26 08:29:00,1.136515,1.136565,1.136485,1.13656,67.0,EURUSD,BEARISH,1.136613,1.136575,1.136542,1.13669,1.136842,1.136833,BEARISH,1.136798,1.136096,0.000701,0.00096,45.56,54.14,2e-06,-4.6e-05,4.8e-05,63.54,78.73,0.000244,30.15,-0.66,0.000225,0.000205,18.47,18.17,18.23,0.17,0.0141,370,563.5,0.657,False,FALLING,3.1e-05,2.5e-05,-1.9e-05,1.13603,1.136915,1.136582,1.136683,1.136867,1.136398,1.136297,28,3.63,1.136536,1.136612,35.14,-3.5e-05,-8e-06,23.4,16.35,9.1e-05,1.136435,1.136915,1.136949,1.136408,67,0.594,1.13656,1.136565,1.136485,1.136515,ASIAN,62994,HIGH,1.13656,1.136565,1.136485,1.136515,ASIAN,62994,HIGH,NONE,BEARISH,WEAK,HIGH,BULLISH,CHOPPY,True,NONE,45,30,20.0,69,NEUTRAL,False,70,[],0,0,NEUTRAL,BEARISH,40,True,BULL_TRAP,50,True,False,False,70,False,0,100,DOWN,NONE,NONE,0,True,75,55,45,80,False,True,NEUTRAL,70,False,0.0,NONE,True,BULLISH,True,True,90,True,70,10.123456790122049,4.751619870413496,65.0,26,POOR,False,75,35,-0.20940324970450114,3,0.0,False,RANDOM,70,45.272623450721476,4.88181509567079,True,MOMENTUM_SHIFT,False,True,False,65,True,70,NONE,60,CHOPPY,NORMAL,NONE,60,0.0141,CHOPPY,20,50,30,WEAK,NONE,50,30,60,NORMAL,58,40,60,-0.66,False,80,0.7302083333333333,91.88,RANGING,90,False,NONE,1.13603,1.136683,1.136582,FAR,30,50,85,50,NONE,NONE,NONE,False,[],0,0,SIDEWAY_RANGE,SIDEWAY_RANGE,56,60,True,28,Price ranging between clear levels. Suitable for mean-reversion strategies.,0.657,0.5,False,False,True,False,0.3,0.3,True,False,False,18,False,[],0,NO,SIDEWAY_RANGE,Price ranging between clear levels. Suitable for mean-reversion strategies.,NORMAL,LOW,0.021,"[{'symbol': 'EURGBP-OTC', 'action': 'NO_TRADE', 'reason': 'ไม่พบข้อมูลราคาตลาดปัจจุบัน ไม่สามารถวิเคราะห์สัญญาณทางเทคนิคได้', 'timestamp': '2026-06-26T08:24:34.524790'}, {'symbol': 'EURGBP', 'action': 'NO_TRADE', 'reason': 'ไม่พบข้อมูลราคาตลาดปัจจุบันในระบบ จึงไม่สามารถวิเคราะห์สัญญาณทางเทคนิคได้', 'timestamp': '2026-06-26T08:25:31.764056'}, {'symbol': 'EURGBP', 'action': 'NO_TRADE', 'reason': 'ไม่พบข้อมูลราคาและตัวชี้วัดจากตลาดจึงไม่สามารถวิเคราะห์สัญญาณได้', 'timestamp': '2026-06-26T08:26:30.971631'}, {'symbol': 'EURUSD', 'action': 'NO_TRADE', 'reason': 'ไม่มีข้อมูลราคาและตัวชี้วัดทางเทคนิคในปัจจุบัน ไม่สามารถวิเคราะห์สัญญาณได้', 'timestamp': '2026-06-26T08:27:36.577543'}, {'symbol': 'EURUSD', 'action': 'NO_TRADE', 'reason': 'ไม่พบข้อมูลตลาด JSON ที่ต้องวิเคราะห์ จึงไม่สามารถประเมินสัญญาณได้', 'timestamp': '2026-06-26T08:28:34.094043'}]",True,Passed basic checks,0,50,50,MEDIUM,5,WAIT,รอการวิเคราะห์จาก AI
2026-06-26 08:31:00,1.13657,1.136625,1.13651,1.13658,180.0,EURUSD,BEARISH,1.136597,1.136573,1.136544,1.136685,1.136836,1.13683,BULLISH,1.136807,1.136116,0.000691,0.000952,64.75,60.0,2e-06,-3.7e-05,3.9e-05,55.14,67.37,0.000241,29.0,-0.67,0.000229,0.000206,17.44,17.39,18.87,4.09,0.0057,266,559.25,0.476,False,FALLING,1.6e-05,2.4e-05,-1.8e-05,1.13603,1.136915,1.136523,1.136612,1.136658,1.136477,1.136388,29,3.67,1.136557,1.136605,24.21,-3.2e-05,-1.7e-05,33.76,28.47,7.6e-05,1.136435,1.136915,1.136911,1.136398,180,1.695,1.13658,1.136625,1.13651,1.13657,ASIAN,63009,HIGH,1.13658,1.136625,1.13651,1.13657,ASIAN,63009,HIGH,NONE,BULLISH,WEAK,HIGH,BULLISH,CHOPPY,False,NONE,44,30,20.0,59,NEUTRAL,False,70,[],0,0,NEUTRAL,BULLISH,40,False,NONE,0,False,False,False,60,False,0,100,NONE,NONE,UP,0,True,75,55,45,80,False,True,NEUTRAL,70,False,0.0,NONE,True,BULLISH,True,True,90,True,70,13.734939759038722,5.314533622561518,70.0,29,POOR,False,75,36,-0.2346152015890724,3,10.000000000000009,False,RANDOM,70,44.700854387999385,5.421297485526826,True,MOMENTUM_SHIFT,False,True,False,65,True,70,NONE,40,CHOPPY,NORMAL,NONE,40,0.0057,CHOPPY,20,50,30,WEAK,NONE,50,30,60,NORMAL,58,40,60,-0.67,False,80,0.7258403361344538,92.8,RANGING,90,False,NONE,1.13603,1.136612,1.136523,FAR,30,50,85,50,NONE,NONE,NONE,False,[],0,0,BREAKOUT_EMERGING,BREAKOUT_EMERGING,59,50,True,27,"Volatility expansion after compression. Potential breakout opportunity. (breakout prob: 30%, reversal prob: 50%)",0.476,0.5,False,False,True,False,0.3,0.3,True,False,False,18,False,[],0,NO,BREAKOUT_EMERGING,"Volatility expansion after compression. Potential breakout opportunity. (breakout prob: 30%, reversal prob: 50%)",NORMAL,LOW,0.021,"[{'symbol': 'EURGBP', 'action': 'NO_TRADE', 'reason': 'ไม่พบข้อมูลราคาและตัวชี้วัดจากตลาดจึงไม่สามารถวิเคราะห์สัญญาณได้', 'timestamp': '2026-06-26T08:26:30.971631'}, {'symbol': 'EURUSD', 'action': 'NO_TRADE', 'reason': 'ไม่มีข้อมูลราคาและตัวชี้วัดทางเทคนิคในปัจจุบัน ไม่สามารถวิเคราะห์สัญญาณได้', 'timestamp': '2026-06-26T08:27:36.577543'}, {'symbol': 'EURUSD', 'action': 'NO_TRADE', 'reason': 'ไม่พบข้อมูลตลาด JSON ที่ต้องวิเคราะห์ จึงไม่สามารถประเมินสัญญาณได้', 'timestamp': '2026-06-26T08:28:34.094043'}, {'symbol': 'EURGBP', 'action': 'NO_TRADE', 'reason': 'ไม่พบข้อมูลตลาดล่าสุด กรุณาส่งกราฟราคาหรือตัวเลขทางเทคนิคเพื่อวิเคราะห์', 'timestamp': '2026-06-26T08:29:36.239992'}, {'symbol': 'EURGBP', 'action': 'NO_TRADE', 'reason': 'ไม่พบข้อมูลราคาตลาดปัจจุบัน ไม่สามารถวิเคราะห์แนวโน้มและสัญญาณทางเทคนิคได้', 'timestamp': '2026-06-26T08:30:33.462033'}]",True,Passed basic checks,0,50,50,MEDIUM,5,WAIT,รอการวิเคราะห์จาก AI
2026-06-26 08:33:00,1.13655,1.13655,1.13637,1.13637,90.0,EURUSD,BEARISH,1.136597,1.136573,1.136544,1.136685,1.136836,1.13683,BULLISH,1.136807,1.136116,0.000691,0.000952,64.75,60.0,2e-06,-3.7e-05,3.9e-05,55.14,67.37,0.000241,29.0,-0.67,0.000229,0.000206,17.44,17.39,18.87,4.09,0.0057,266,559.25,0.476,False,FALLING,1.6e-05,2.4e-05,-1.8e-05,1.13603,1.136915,1.136523,1.136612,1.136658,1.136477,1.136388,29,3.67,1.136494,1.136578,19.33,-4.5e-05,-2.5e-05,24.0,30.91,8.5e-05,1.13637,1.136845,1.136871,1.136363,90,0.878,1.13637,1.13655,1.13637,1.13655,ASIAN,62843,HIGH,1.13637,1.13655,1.13637,1.13655,ASIAN,62843,HIGH,NONE,BULLISH,WEAK,HIGH,BULLISH,CHOPPY,False,NONE,44,30,20.0,59,NEUTRAL,False,70,[],0,0,NEUTRAL,BULLISH,40,False,NONE,0,False,False,False,60,False,0,100,NONE,NONE,UP,0,True,75,55,45,80,False,True,NEUTRAL,70,False,0.0,NONE,True,BULLISH,True,True,90,True,70,13.734939759038722,5.314533622561518,70.0,29,POOR,False,75,36,-0.2346152015890724,3,10.000000000000009,False,RANDOM,70,44.700854387999385,5.421297485526826,True,MOMENTUM_SHIFT,False,True,False,65,True,70,DOWN,40,CHOPPY,NORMAL,DOWN,40,0.0057,CHOPPY,55,30,50,WEAK,NONE,50,30,60,NORMAL,58,40,60,-0.67,False,80,0.7258403361344538,92.8,RANGING,90,False,NONE,1.13603,1.136612,1.136523,FAR,30,50,85,50,NONE,NONE,NONE,False,[],0,0,BREAKOUT_EMERGING,BREAKOUT_EMERGING,59,50,True,27,"Volatility expansion after compression. Potential breakout opportunity. (breakout prob: 30%, reversal prob: 50%)",0.476,0.5,False,False,False,False,0.3,0.3,True,False,False,18,False,[],0,NO,BREAKOUT_EMERGING,"Volatility expansion after compression. Potential breakout opportunity. (breakout prob: 30%, reversal prob: 50%)",NORMAL,LOW,0.021,"[{'symbol': 'EURUSD', 'action': 'NO_TRADE', 'reason': 'ไม่พบข้อมูลตลาด JSON ที่ต้องวิเคราะห์ จึงไม่สามารถประเมินสัญญาณได้', 'timestamp': '2026-06-26T08:28:34.094043'}, {'symbol': 'EURGBP', 'action': 'NO_TRADE', 'reason': 'ไม่พบข้อมูลตลาดล่าสุด กรุณาส่งกราฟราคาหรือตัวเลขทางเทคนิคเพื่อวิเคราะห์', 'timestamp': '2026-06-26T08:29:36.239992'}, {'symbol': 'EURGBP', 'action': 'NO_TRADE', 'reason': 'ไม่พบข้อมูลราคาตลาดปัจจุบัน ไม่สามารถวิเคราะห์แนวโน้มและสัญญาณทางเทคนิคได้', 'timestamp': '2026-06-26T08:30:33.462033'}, {'symbol': 'EURUSD-OTC', 'action': 'NO_TRADE', 'reason': 'ไม่มีข้อมูลราคาและตัวบ่งชี้ทางเทคนิคในปัจจุบัน ไม่สามารถวิเคราะห์แนวโน้มหรือสัญญาณซื้อขายได้', 'timestamp': '2026-06-26T08:31:36.782404'}, {'symbol': 'EURUSD-OTC', 'action': 'NO_TRADE', 'reason': 'ไม่พบข้อมูลตลาดที่ใช้วิเคราะห์ กรุณาส่งข้อมูลราคาและตัวชี้วัดเพื่อการประเมินสัญญาณ', 'timestamp': '2026-06-26T08:32:34.897087'}]",True,Passed basic checks,0,50,50,MEDIUM,5,WAIT,รอการวิเคราะห์จาก AI
2026-06-26 08:35:00,1.136275,1.136275,1.13611,1.13611,175.0,EURUSD,BEARISH,1.136435,1.136489,1.136503,1.136663,1.136823,1.13683,BEARISH,1.136826,1.136076,0.00075,0.000945,31.71,41.48,-3.4e-05,-3.6e-05,2e-06,29.98,49.55,0.00026,34.17,-0.54,0.000235,0.000206,18.09,14.77,25.45,26.54,-0.0409,675,577.7,1.168,False,FALLING,-1.5e-05,1.6e-05,-1.8e-05,1.13603,1.136915,1.136283,1.136457,1.136803,1.135937,1.135763,30,3.4,1.136316,1.136507,14.02,-9.1e-05,-4.4e-05,0.0,11.92,9.9e-05,1.13611,1.13683,1.136905,1.136213,175,1.646,1.13611,1.136275,1.13611,1.136275,ASIAN,62797,HIGH,1.13611,1.136275,1.13611,1.136275,ASIAN,62797,HIGH,BEARISH_ENGULFING,BEARISH,WEAK,HIGH,BULLISH,CHOPPY,False,TESTING_SUPPORT,46,30,20.0,56,NEUTRAL,False,70,['BEARISH_ENGULFING'],1,20,BEARISH,BEARISH,60,False,NONE,0,False,False,False,60,False,0,100,DOWN,NONE,NONE,0,True,75,55,45,80,False,True,NEUTRAL,70,False,0.0,NONE,True,BULLISH,True,True,90,True,70,8.433734939759681,0.696517412935552,65.0,24,POOR,False,75,36,-0.22336889936271218,3,10.000000000000009,False,RANDOM,70,44.80831945631953,5.776325653720981,False,NONE,False,False,False,100,True,70,DOWN,40,CHOPPY,NORMAL,DOWN,40,-0.0409,CHOPPY,55,30,50,WEAK,NONE,50,30,60,NORMAL,58,40,60,-0.54,False,80,0.7936507936507937,88.664,RANGING,90,False,NONE,1.135937,1.136457,1.136283,FAR,30,50,85,50,NONE,NONE,NONE,False,[],0,0,SIDEWAY_RANGE,SIDEWAY_RANGE,53,60,True,28,Price ranging between clear levels. Suitable for mean-reversion strategies.,1.168,0.5,False,False,False,False,0.3,0.3,True,False,False,18,False,[],0,NO,SIDEWAY_RANGE,Price ranging between clear levels. Suitable for mean-reversion strategies.,NORMAL,LOW,0.023,"[{'symbol': 'EURGBP', 'action': 'NO_TRADE', 'reason': 'ไม่พบข้อมูลราคาตลาดปัจจุบัน ไม่สามารถวิเคราะห์แนวโน้มและสัญญาณทางเทคนิคได้', 'timestamp': '2026-06-26T08:30:33.462033'}, {'symbol': 'EURUSD-OTC', 'action': 'NO_TRADE', 'reason': 'ไม่มีข้อมูลราคาและตัวบ่งชี้ทางเทคนิคในปัจจุบัน ไม่สามารถวิเคราะห์แนวโน้มหรือสัญญาณซื้อขายได้', 'timestamp': '2026-06-26T08:31:36.782404'}, {'symbol': 'EURUSD-OTC', 'action': 'NO_TRADE', 'reason': 'ไม่พบข้อมูลตลาดที่ใช้วิเคราะห์ กรุณาส่งข้อมูลราคาและตัวชี้วัดเพื่อการประเมินสัญญาณ', 'timestamp': '2026-06-26T08:32:34.897087'}, {'symbol': 'EURGBP-OTC', 'action': 'NO_TRADE', 'reason': 'ไม่มีข้อมูลตลาด JSON กรุณาส่งข้อมูลราคาและตัวชี้วัดเพื่อวิเคราะห์สัญญาณ', 'timestamp': '2026-06-26T08:33:31.429741'}, {'symbol': 'EURGBP-OTC', 'action': 'NO_TRADE', 'reason': 'ไม่พบข้อมูลราคาหรือตัวชี้วัดตลาดในปัจจุบัน จึงไม่สามารถวิเคราะห์สัญญาณเทรดได้', 'timestamp': '2026-06-26T08:34:31.073838'}]",True,Passed basic checks,0,50,50,MEDIUM,5,WAIT,รอการวิเคราะห์จาก AI
2026-06-26 08:37:00,1.1359,1.135935,1.13578,1.1358,147.0,EURUSD,BEARISH,1.136435,1.136489,1.136503,1.136663,1.136823,1.13683,BEARISH,1.136826,1.136076,0.00075,0.000945,31.71,41.48,-3.4e-05,-3.6e-05,2e-06,29.98,49.55,0.00026,34.17,-0.54,0.000235,0.000206,18.09,14.77,25.45,26.54,-0.0409,675,577.7,1.168,False,FALLING,-1.5e-05,1.6e-05,-1.8e-05,1.13603,1.136915,1.136283,1.136457,1.136803,1.135937,1.135763,30,3.4,1.136053,1.136388,11.06,-0.000162,-8.1e-05,2.32,1.28,0.000111,1.13578,1.13683,1.136988,1.135944,147,1.479,1.1358,1.135935,1.13578,1.1359,ASIAN,62543,HIGH,1.1358,1.135935,1.13578,1.1359,ASIAN,62543,HIGH,BEARISH_ENGULFING,BEARISH,WEAK,HIGH,BULLISH,CHOPPY,False,NONE,46,30,20.0,56,NEUTRAL,False,70,['BEARISH_ENGULFING'],1,20,BEARISH,BEARISH,60,False,NONE,0,False,False,False,60,False,0,100,DOWN,NONE,NONE,0,True,75,55,45,80,False,True,NEUTRAL,70,False,0.0,NONE,True,BULLISH,True,True,90,True,70,8.433734939759681,0.696517412935552,65.0,24,POOR,False,75,36,-0.22336889936271218,3,10.000000000000009,False,RANDOM,70,44.80831945631953,5.776325653720981,False,NONE,False,False,False,100,True,70,DOWN,40,CHOPPY,NORMAL,DOWN,40,-0.0409,CHOPPY,55,30,50,WEAK,NONE,50,30,60,NORMAL,58,40,60,-0.54,False,80,0.7936507936507937,88.664,RANGING,90,False,NONE,1.135937,1.136457,1.136283,FAR,30,50,85,50,NONE,NONE,NONE,False,[],0,0,SIDEWAY_RANGE,SIDEWAY_RANGE,53,60,True,28,Price ranging between clear levels. Suitable for mean-reversion strategies.,1.168,0.5,False,False,False,False,0.3,0.3,True,False,False,18,False,[],0,NO,SIDEWAY_RANGE,Price ranging between clear levels. Suitable for mean-reversion strategies.,NORMAL,LOW,0.023,"[{'symbol': 'EURUSD-OTC', 'action': 'NO_TRADE', 'reason': 'ไม่พบข้อมูลตลาดที่ใช้วิเคราะห์ กรุณาส่งข้อมูลราคาและตัวชี้วัดเพื่อการประเมินสัญญาณ', 'timestamp': '2026-06-26T08:32:34.897087'}, {'symbol': 'EURGBP-OTC', 'action': 'NO_TRADE', 'reason': 'ไม่มีข้อมูลตลาด JSON กรุณาส่งข้อมูลราคาและตัวชี้วัดเพื่อวิเคราะห์สัญญาณ', 'timestamp': '2026-06-26T08:33:31.429741'}, {'symbol': 'EURGBP-OTC', 'action': 'NO_TRADE', 'reason': 'ไม่พบข้อมูลราคาหรือตัวชี้วัดตลาดในปัจจุบัน จึงไม่สามารถวิเคราะห์สัญญาณเทรดได้', 'timestamp': '2026-06-26T08:34:31.073838'}, {'symbol': 'EURUSD-OTC', 'action': 'NO_TRADE', 'reason': 'ตลาดอยู่ในภาวะ Sideways และไม่มีสัญญาณยืนยันเพียงพอจากตัวชี้วัดหลัก', 'timestamp': '2026-06-26T08:35:30.941270'}, {'symbol': 'EURUSD-OTC', 'action': 'NO_TRADE', 'reason': 'ไม่พบข้อมูลราคาและตัวชี้วัดตลาดปัจจุบัน จึงไม่สามารถวิเคราะห์สัญญาณได้อย่างถูกต้อง', 'timestamp': '2026-06-26T08:36:30.767342'}]",True,Passed basic checks,0,50,50,MEDIUM,5,WAIT,รอการวิเคราะห์จาก AI
2026-06-26 08:39:00,1.13582,1.135865,1.13578,1.13581,123.0,EURUSD,BEARISH,1.136435,1.136489,1.136503,1.136663,1.136823,1.13683,BEARISH,1.136826,1.136076,0.00075,0.000945,31.71,41.48,-3.4e-05,-3.6e-05,2e-06,29.98,49.55,0.00026,34.17,-0.54,0.000235,0.000206,18.09,14.77,25.45,26.54,-0.0409,675,577.7,1.168,False,FALLING,-1.5e-05,1.6e-05,-1.8e-05,1.13603,1.136915,1.136283,1.136457,1.136803,1.135937,1.135763,30,3.4,1.135921,1.136284,14.06,-0.000203,-0.000122,4.1,3.56,0.000115,1.135775,1.136765,1.136987,1.135758,123,1.263,1.13581,1.135865,1.13578,1.13582,ASIAN,63256,HIGH,1.13581,1.135865,1.13578,1.13582,ASIAN,63256,HIGH,BEARISH_ENGULFING,BEARISH,WEAK,HIGH,BULLISH,CHOPPY,False,NONE,46,30,20.0,56,NEUTRAL,False,70,['BEARISH_ENGULFING'],1,20,BEARISH,BEARISH,60,False,NONE,0,False,False,False,60,False,0,100,DOWN,NONE,NONE,0,True,75,55,45,80,False,True,NEUTRAL,70,False,0.0,NONE,True,BULLISH,True,True,90,True,70,8.433734939759681,0.696517412935552,65.0,24,POOR,False,75,36,-0.22336889936271218,3,10.000000000000009,False,RANDOM,70,44.80831945631953,5.776325653720981,False,NONE,False,False,False,100,True,70,DOWN,40,CHOPPY,NORMAL,DOWN,40,-0.0409,CHOPPY,55,30,50,WEAK,NONE,50,30,60,NORMAL,58,40,60,-0.54,False,80,0.7936507936507937,88.664,RANGING,90,False,NONE,1.135937,1.136457,1.136283,FAR,30,50,85,50,NONE,NONE,NONE,False,[],0,0,SIDEWAY_RANGE,SIDEWAY_RANGE,53,60,True,28,Price ranging between clear levels. Suitable for mean-reversion strategies.,1.168,0.5,False,False,False,False,0.3,0.3,True,False,False,18,False,[],0,NO,SIDEWAY_RANGE,Price ranging between clear levels. Suitable for mean-reversion strategies.,NORMAL,LOW,0.023,"[{'symbol': 'EURGBP-OTC', 'action': 'NO_TRADE', 'reason': 'ไม่พบข้อมูลราคาหรือตัวชี้วัดตลาดในปัจจุบัน จึงไม่สามารถวิเคราะห์สัญญาณเทรดได้', 'timestamp': '2026-06-26T08:34:31.073838'}, {'symbol': 'EURUSD-OTC', 'action': 'NO_TRADE', 'reason': 'ตลาดอยู่ในภาวะ Sideways และไม่มีสัญญาณยืนยันเพียงพอจากตัวชี้วัดหลัก', 'timestamp': '2026-06-26T08:35:30.941270'}, {'symbol': 'EURUSD-OTC', 'action': 'NO_TRADE', 'reason': 'ไม่พบข้อมูลราคาและตัวชี้วัดตลาดปัจจุบัน จึงไม่สามารถวิเคราะห์สัญญาณได้อย่างถูกต้อง', 'timestamp': '2026-06-26T08:36:30.767342'}, {'symbol': 'EURGBP', 'action': 'NO_TRADE', 'reason': 'ไม่พบข้อมูลตลาดปัจจุบัน จึงไม่สามารถวิเคราะห์สัญญาณซื้อขายได้', 'timestamp': '2026-06-26T08:37:30.617316'}, {'symbol': 'EURGBP', 'action': 'NO_TRADE', 'reason': 'ไม่พบข้อมูลราคาตลาดปัจจุบัน ไม่สามารถวิเคราะห์สัญญาณทางเทคนิคได้', 'timestamp': '2026-06-26T08:38:30.776539'}]",True,Passed basic checks,0,50,50,MEDIUM,5,WAIT,รอการวิเคราะห์จาก AI
2026-06-26 08:41:00,1.13592,1.13592,1.13586,1.13592,83.0,EURUSD,BEARISH,1.136262,1.136384,1.136447,1.136633,1.136798,1.136773,BEARISH,1.136864,1.136014,0.00085,0.000937,13.53,35.38,-7.7e-05,-4.4e-05,-3.3e-05,20.64,35.25,0.000269,37.69,-0.49,0.000241,0.000205,19.78,13.37,32.5,41.69,-0.0392,651,597.15,1.09,False,FALLING,-4.8e-05,4e-06,-1.9e-05,1.135775,1.136915,1.135933,1.136092,1.136268,1.135757,1.135598,31,4.24,1.135919,1.136218,20.5,-0.000206,-0.000153,12.48,8.45,0.000118,1.135775,1.13671,1.136916,1.135669,83,0.848,1.13592,1.13592,1.13586,1.13592,ASIAN,63076,HIGH,1.13592,1.13592,1.13586,1.13592,ASIAN,63076,HIGH,NONE,BEARISH,WEAK,HIGH,BULLISH,CHOPPY,False,NONE,47,26,20.0,54,NEUTRAL,False,70,[],0,0,NEUTRAL,BEARISH,40,False,NONE,0,False,False,False,60,False,0,100,DOWN,NONE,NONE,0,True,75,55,45,80,False,True,NEUTRAL,70,False,0.0,NONE,True,BULLISH,True,True,90,True,70,9.163346613543068,5.818540433924367,65.0,26,POOR,False,75,51,-0.15332834758783212,3,10.000000000000009,False,RANDOM,70,50.85713698884927,0.7021965148896389,True,STRUCTURE_BREAK,False,False,True,70,True,70,DOWN,60,CORRECTIVE,NORMAL,DOWN,60,-0.0392,CORRECTIVE,55,30,50,WEAK,NONE,55,30,65,NORMAL,58,40,60,-0.49,False,80,0.9071504802561365,75.13295197438634,RANGING,90,False,NONE,1.135757,1.136092,1.135933,FAR,30,50,85,50,NONE,NONE,NONE,False,[],0,0,SIDEWAY_RANGE,SIDEWAY_RANGE,55,60,True,28,Price ranging between clear levels. Suitable for mean-reversion strategies.,1.09,0.5,False,False,False,False,0.3,0.3,True,False,False,18,False,[],0,NO,SIDEWAY_RANGE,Price ranging between clear levels. Suitable for mean-reversion strategies.,NORMAL,LOW,0.024,"[{'symbol': 'EURUSD-OTC', 'action': 'NO_TRADE', 'reason': 'ไม่พบข้อมูลราคาและตัวชี้วัดตลาดปัจจุบัน จึงไม่สามารถวิเคราะห์สัญญาณได้อย่างถูกต้อง', 'timestamp': '2026-06-26T08:36:30.767342'}, {'symbol': 'EURGBP', 'action': 'NO_TRADE', 'reason': 'ไม่พบข้อมูลตลาดปัจจุบัน จึงไม่สามารถวิเคราะห์สัญญาณซื้อขายได้', 'timestamp': '2026-06-26T08:37:30.617316'}, {'symbol': 'EURGBP', 'action': 'NO_TRADE', 'reason': 'ไม่พบข้อมูลราคาตลาดปัจจุบัน ไม่สามารถวิเคราะห์สัญญาณทางเทคนิคได้', 'timestamp': '2026-06-26T08:38:30.776539'}, {'symbol': 'EURGBP-OTC', 'action': 'NO_TRADE', 'reason': 'ไม่พบข้อมูลตลาด JSON ที่ต้องวิเคราะห์ จึงไม่สามารถประเมินสัญญาณได้', 'timestamp': '2026-06-26T08:39:36.609211'}, {'symbol': 'EURGBP-OTC', 'action': 'NO_TRADE', 'reason': 'ไม่พบข้อมูลตลาดปัจจุบัน ไม่สามารถวิเคราะห์แนวโน้มและสัญญาณทางเทคนิคได้', 'timestamp': '2026-06-26T08:40:34.164679'}]",True,Passed basic checks,0,50,50,MEDIUM,5,WAIT,รอการวิเคราะห์จาก AI
2026-06-26 08:43:00,1.135845,1.13589,1.135825,1.13586,79.0,EURUSD,BEARISH,1.136262,1.136384,1.136447,1.136633,1.136798,1.136773,BEARISH,1.136864,1.136014,0.00085,0.000937,13.53,35.38,-7.7e-05,-4.4e-05,-3.3e-05,20.64,35.25,0.000269,37.69,-0.49,0.000241,0.000205,19.78,13.37,32.5,41.69,-0.0392,651,597.15,1.09,False,FALLING,-4.8e-05,4e-06,-1.9e-05,1.135775,1.136915,1.135933,1.136092,1.136268,1.135757,1.135598,31,4.24,1.135883,1.136152,16.35,-0.000209,-0.000173,11.7,12.67,0.00012,1.135775,1.13663,1.136866,1.135576,79,0.806,1.13586,1.13589,1.135825,1.135845,ASIAN,62998,HIGH,1.13586,1.13589,1.135825,1.135845,ASIAN,62998,HIGH,NONE,BEARISH,WEAK,HIGH,BULLISH,CHOPPY,False,TESTING_SUPPORT,47,26,20.0,54,NEUTRAL,False,70,[],0,0,NEUTRAL,BEARISH,40,False,NONE,0,False,False,False,60,False,0,100,DOWN,NONE,NONE,0,True,75,55,45,80,False,True,NEUTRAL,70,False,0.0,NONE,True,BULLISH,True,True,90,True,70,9.163346613543068,5.818540433924367,65.0,26,POOR,False,75,51,-0.15332834758783212,3,10.000000000000009,False,RANDOM,70,50.85713698884927,0.7021965148896389,True,STRUCTURE_BREAK,False,False,True,70,True,70,DOWN,60,CORRECTIVE,NORMAL,DOWN,60,-0.0392,CORRECTIVE,55,30,50,WEAK,NONE,55,30,65,NORMAL,58,40,60,-0.49,False,80,0.9071504802561365,75.13295197438634,RANGING,90,False,NONE,1.135757,1.136092,1.135933,FAR,30,50,85,50,NONE,NONE,NONE,False,[],0,0,SIDEWAY_RANGE,SIDEWAY_RANGE,55,60,True,28,Price ranging between clear levels. Suitable for mean-reversion strategies.,1.09,0.5,False,False,False,False,0.3,0.3,True,False,False,18,False,[],0,NO,SIDEWAY_RANGE,Price ranging between clear levels. Suitable for mean-reversion strategies.,NORMAL,LOW,0.024,"[{'symbol': 'EURGBP', 'action': 'NO_TRADE', 'reason': 'ไม่พบข้อมูลราคาตลาดปัจจุบัน ไม่สามารถวิเคราะห์สัญญาณทางเทคนิคได้', 'timestamp': '2026-06-26T08:38:30.776539'}, {'symbol': 'EURGBP-OTC', 'action': 'NO_TRADE', 'reason': 'ไม่พบข้อมูลตลาด JSON ที่ต้องวิเคราะห์ จึงไม่สามารถประเมินสัญญาณได้', 'timestamp': '2026-06-26T08:39:36.609211'}, {'symbol': 'EURGBP-OTC', 'action': 'NO_TRADE', 'reason': 'ไม่พบข้อมูลตลาดปัจจุบัน ไม่สามารถวิเคราะห์แนวโน้มและสัญญาณทางเทคนิคได้', 'timestamp': '2026-06-26T08:40:34.164679'}, {'symbol': 'EURGBP-OTC', 'action': 'NO_TRADE', 'reason': 'ไม่พบข้อมูลตลาดที่จำเป็นในการวิเคราะห์ จำเป็นต้องมีราคาและตัวชี้วัดทางเทคนิคเพื่อประเมินสัญญาณ', 'timestamp': '2026-06-26T08:41:36.518511'}, {'symbol': 'EURGBP-OTC', 'action': 'NO_TRADE', 'reason': 'ยังไม่มีข้อมูลราคาหรือตัวชี้วัดตลาดในขณะนี้ ไม่สามารถวิเคราะห์สัญญาณได้', 'timestamp': '2026-06-26T08:42:33.780504'}]",True,Passed basic checks,0,50,50,MEDIUM,5,WAIT,รอการวิเคราะห์จาก AI
2026-06-26 08:45:00,1.1359,1.135965,1.135885,1.13591,90.0,EURUSD,BEARISH,1.136144,1.136298,1.136396,1.136605,1.136784,1.13679,BEARISH,1.136901,1.135947,0.000954,0.00093,7.22,35.13,-0.000111,-5.8e-05,-5.3e-05,8.04,19.55,0.000267,37.19,-0.48,0.000245,0.000205,21.34,12.81,31.13,41.69,-0.0506,380,570.65,0.666,False,RISING,-8.7e-05,-7e-06,-2e-05,1.135775,1.136915,1.135898,1.135977,1.136043,1.135832,1.135753,32,4.27,1.135895,1.136107,18.69,-0.000195,-0.000182,13.26,11.89,0.000117,1.135775,1.13663,1.136797,1.135522,90,0.913,1.13591,1.135965,1.135885,1.1359,ASIAN,62844,HIGH,1.13591,1.135965,1.135885,1.1359,ASIAN,62844,HIGH,DOJI,BEARISH,WEAK,LOW,NEUTRAL,CHOPPY,True,NONE,47,26,13.333333333333334,46,NEUTRAL,False,70,['DOJI'],1,20,NEUTRAL,BEARISH,60,True,REJECTION,25,False,False,True,70,False,0,100,DOWN,NONE,NONE,0,True,75,70,30,80,False,True,CONTINUATION,70,True,85.0,BEARISH,True,BULLISH,True,True,90,True,70,12.244897959180898,8.62068965517583,60.0,26,POOR,False,75,51,-0.15350018088871242,3,10.000000000000009,False,RANDOM,70,50.137109031247014,0.6413205079928816,True,MOMENTUM_SHIFT,False,True,True,35,False,70,DOWN,80,CHOPPY,NORMAL,DOWN,80,-0.0506,CHOPPY,65,30,65,NORMAL,NONE,65,30,75,NORMAL,58,40,60,-0.48,False,80,1.025806451612903,63.6673548387097,RANGING,90,False,NONE,1.135775,1.135977,1.135898,FAR,30,50,85,50,NONE,NONE,NONE,False,[],0,0,SIDEWAY_RANGE,SIDEWAY_RANGE,56,60,True,29,Price ranging between clear levels. Suitable for mean-reversion strategies.,0.666,0.5,False,False,False,False,0.3,0.3,True,False,False,18,False,[],0,NO,SIDEWAY_RANGE,Price ranging between clear levels. Suitable for mean-reversion strategies.,NORMAL,LOW,0.024,"[{'symbol': 'EURGBP-OTC', 'action': 'NO_TRADE', 'reason': 'ไม่พบข้อมูลตลาดปัจจุบัน ไม่สามารถวิเคราะห์แนวโน้มและสัญญาณทางเทคนิคได้', 'timestamp': '2026-06-26T08:40:34.164679'}, {'symbol': 'EURGBP-OTC', 'action': 'NO_TRADE', 'reason': 'ไม่พบข้อมูลตลาดที่จำเป็นในการวิเคราะห์ จำเป็นต้องมีราคาและตัวชี้วัดทางเทคนิคเพื่อประเมินสัญญาณ', 'timestamp': '2026-06-26T08:41:36.518511'}, {'symbol': 'EURGBP-OTC', 'action': 'NO_TRADE', 'reason': 'ยังไม่มีข้อมูลราคาหรือตัวชี้วัดตลาดในขณะนี้ ไม่สามารถวิเคราะห์สัญญาณได้', 'timestamp': '2026-06-26T08:42:33.780504'}, {'symbol': 'EURGBP-OTC', 'action': 'NO_TRADE', 'reason': 'ไม่พบข้อมูลราคาหรือตัวชี้วัดในปัจจุบัน ไม่สามารถวิเคราะห์สัญญาณเทรดได้อย่างแม่นยำ', 'timestamp': '2026-06-26T08:43:36.476846'}, {'symbol': 'EURGBP-OTC', 'action': 'NO_TRADE', 'reason': 'ไม่มีข้อมูลราคาและตัวชี้วัดทางเทคนิคในปัจจุบัน ไม่สามารถวิเคราะห์แนวโน้มและสัญญาณยืนยันได้', 'timestamp': '2026-06-26T08:44:34.904665'}]",True,Passed basic checks,0,50,50,MEDIUM,5,WAIT,รอการวิเคราะห์จาก AI
2026-06-26 08:47:00,1.13586,1.13587,1.13581,1.135855,108.0,EURUSD,BEARISH,1.136144,1.136298,1.136396,1.136605,1.136784,1.13679,BEARISH,1.136901,1.135947,0.000954,0.00093,7.22,35.13,-0.000111,-5.8e-05,-5.3e-05,8.04,19.55,0.000267,37.19,-0.48,0.000245,0.000205,21.34,12.81,31.13,41.69,-0.0506,380,570.65,0.666,False,RISING,-8.7e-05,-7e-06,-2e-05,1.135775,1.136915,1.135898,1.135977,1.136043,1.135832,1.135753,32,4.27,1.135873,1.136061,21.86,-0.000185,-0.000184,12.63,13.09,0.000111,1.135775,1.13663,1.136714,1.135478,108,1.029,1.135855,1.13587,1.13581,1.13586,ASIAN,62631,HIGH,1.135855,1.13587,1.13581,1.13586,ASIAN,62631,HIGH,DOJI,BEARISH,WEAK,LOW,NEUTRAL,CHOPPY,True,TESTING_SUPPORT,47,26,13.333333333333334,46,NEUTRAL,False,70,['DOJI'],1,20,NEUTRAL,BEARISH,60,True,REJECTION,25,False,False,True,70,False,0,100,DOWN,NONE,NONE,0,True,75,70,30,80,False,True,CONTINUATION,70,True,85.0,BEARISH,True,BULLISH,True,True,90,True,70,12.244897959180898,8.62068965517583,60.0,26,POOR,False,75,51,-0.15350018088871242,3,10.000000000000009,False,RANDOM,70,50.137109031247014,0.6413205079928816,True,MOMENTUM_SHIFT,False,True,True,35,False,70,DOWN,80,CHOPPY,NORMAL,DOWN,80,-0.0506,CHOPPY,65,30,65,NORMAL,NONE,65,30,75,NORMAL,58,40,60,-0.48,False,80,1.025806451612903,63.6673548387097,RANGING,90,False,NONE,1.135775,1.135977,1.135898,FAR,30,50,85,50,NONE,NONE,NONE,False,[],0,0,BREAKOUT_EMERGING,BREAKOUT_EMERGING,56,70,True,29,"Volatility expansion after compression. Potential breakout opportunity. (breakout prob: 30%, reversal prob: 50%)",0.666,0.5,False,False,False,False,0.3,0.3,True,False,False,18,False,[],0,NO,BREAKOUT_EMERGING,"Volatility expansion after compression. Potential breakout opportunity. (breakout prob: 30%, reversal prob: 50%)",NORMAL,LOW,0.024,"[{'symbol': 'EURGBP-OTC', 'action': 'NO_TRADE', 'reason': 'ยังไม่มีข้อมูลราคาหรือตัวชี้วัดตลาดในขณะนี้ ไม่สามารถวิเคราะห์สัญญาณได้', 'timestamp': '2026-06-26T08:42:33.780504'}, {'symbol': 'EURGBP-OTC', 'action': 'NO_TRADE', 'reason': 'ไม่พบข้อมูลราคาหรือตัวชี้วัดในปัจจุบัน ไม่สามารถวิเคราะห์สัญญาณเทรดได้อย่างแม่นยำ', 'timestamp': '2026-06-26T08:43:36.476846'}, {'symbol': 'EURGBP-OTC', 'action': 'NO_TRADE', 'reason': 'ไม่มีข้อมูลราคาและตัวชี้วัดทางเทคนิคในปัจจุบัน ไม่สามารถวิเคราะห์แนวโน้มและสัญญาณยืนยันได้', 'timestamp': '2026-06-26T08:44:34.904665'}, {'symbol': 'EURUSD-OTC', 'action': 'NO_TRADE', 'reason': 'ไม่พบข้อมูลราคาและตัวชี้วัดตลาดในปัจจุบัน จึงไม่สามารถวิเคราะห์สัญญาณเทคนิคได้', 'timestamp': '2026-06-26T08:45:31.331404'}, {'symbol': 'EURUSD-OTC', 'action': 'NO_TRADE', 'reason': 'ขาดข้อมูลราคาและตัวชี้วัดทางเทคนิคในปัจจุบัน ไม่สามารถวิเคราะห์สัญญาณได้อย่างถูกต้อง', 'timestamp': '2026-06-26T08:46:30.967724'}]",True,Passed basic checks,0,50,50,MEDIUM,5,WAIT,รอการวิเคราะห์จาก AI
2026-06-26 08:48:00,1.135855,1.135885,1.135805,1.135805,82.0,EURUSD,BEARISH,1.136144,1.136298,1.136396,1.136605,1.136784,1.13679,BEARISH,1.136901,1.135947,0.000954,0.00093,7.22,35.13,-0.000111,-5.8e-05,-5.3e-05,8.04,19.55,0.000267,37.19,-0.48,0.000245,0.000205,21.34,12.81,31.13,41.69,-0.0506,380,570.65,0.666,False,RISING,-8.7e-05,-7e-06,-2e-05,1.135775,1.136915,1.135898,1.135977,1.136043,1.135832,1.135753,32,4.27,1.13585,1.136037,23.12,-0.000183,-0.000184,9.36,11.79,0.000104,1.135775,1.13663,1.136658,1.135463,82,0.771,1.135805,1.135885,1.135805,1.135855,ASIAN,62933,HIGH,1.135805,1.135885,1.135805,1.135855,ASIAN,62933,HIGH,DOJI,BEARISH,WEAK,LOW,NEUTRAL,CHOPPY,True,TESTING_SUPPORT,47,26,13.333333333333334,46,NEUTRAL,False,70,['DOJI'],1,20,NEUTRAL,BEARISH,60,True,REJECTION,25,False,False,True,70,False,0,100,DOWN,NONE,NONE,0,True,75,70,30,80,False,True,CONTINUATION,70,True,85.0,BEARISH,True,BULLISH,True,True,90,True,70,12.244897959180898,8.62068965517583,60.0,26,POOR,False,75,51,-0.15350018088871242,3,10.000000000000009,False,RANDOM,70,50.137109031247014,0.6413205079928816,True,MOMENTUM_SHIFT,False,True,True,35,False,70,DOWN,80,CHOPPY,NORMAL,DOWN,80,-0.0506,CHOPPY,65,30,65,NORMAL,NONE,65,30,75,NORMAL,58,40,60,-0.48,False,80,1.025806451612903,63.6673548387097,RANGING,90,False,NONE,1.135775,1.135977,1.135898,FAR,30,50,85,50,NONE,NONE,NONE,False,[],0,0,SIDEWAY_RANGE,SIDEWAY_RANGE,56,60,True,29,Price ranging between clear levels. Suitable for mean-reversion strategies.,0.666,0.5,False,False,False,False,0.3,0.3,True,False,False,18,False,[],0,NO,SIDEWAY_RANGE,Price ranging between clear levels. Suitable for mean-reversion strategies.,NORMAL,LOW,0.024,"[{'symbol': 'EURGBP-OTC', 'action': 'NO_TRADE', 'reason': 'ไม่พบข้อมูลราคาหรือตัวชี้วัดในปัจจุบัน ไม่สามารถวิเคราะห์สัญญาณเทรดได้อย่างแม่นยำ', 'timestamp': '2026-06-26T08:43:36.476846'}, {'symbol': 'EURGBP-OTC', 'action': 'NO_TRADE', 'reason': 'ไม่มีข้อมูลราคาและตัวชี้วัดทางเทคนิคในปัจจุบัน ไม่สามารถวิเคราะห์แนวโน้มและสัญญาณยืนยันได้', 'timestamp': '2026-06-26T08:44:34.904665'}, {'symbol': 'EURUSD-OTC', 'action': 'NO_TRADE', 'reason': 'ไม่พบข้อมูลราคาและตัวชี้วัดตลาดในปัจจุบัน จึงไม่สามารถวิเคราะห์สัญญาณเทคนิคได้', 'timestamp': '2026-06-26T08:45:31.331404'}, {'symbol': 'EURUSD-OTC', 'action': 'NO_TRADE', 'reason': 'ขาดข้อมูลราคาและตัวชี้วัดทางเทคนิคในปัจจุบัน ไม่สามารถวิเคราะห์สัญญาณได้อย่างถูกต้อง', 'timestamp': '2026-06-26T08:46:30.967724'}, {'symbol': 'EURUSD', 'action': 'NO_TRADE', 'reason': 'ไม่มีข้อมูลตลาดให้วิเคราะห์ ไม่สามารถประเมินสัญญาณทางเทคนิคได้', 'timestamp': '2026-06-26T08:47:36.189856'}]",True,Passed basic checks,0,50,50,MEDIUM,5,WAIT,รอการวิเคราะห์จาก AI
2026-06-26 08:49:00,1.13581,1.135865,1.135795,1.135855,121.0,EURUSD,BEARISH,1.136144,1.136298,1.136396,1.136605,1.136784,1.13679,BEARISH,1.136901,1.135947,0.000954,0.00093,7.22,35.13,-0.000111,-5.8e-05,-5.3e-05,8.04,19.55,0.000267,37.19,-0.48,0.000245,0.000205,21.34,12.81,31.13,41.69,-0.0506,380,570.65,0.666,False,RISING,-8.7e-05,-7e-06,-2e-05,1.135775,1.136915,1.135898,1.135977,1.136043,1.135832,1.135753,32,4.27,1.135852,1.136019,33.11,-0.000175,-0.000182,13.88,11.96,9.7e-05,1.135775,1.13663,1.136581,1.13547,121,1.109,1.135855,1.135865,1.135795,1.13581,ASIAN,63415,HIGH,1.135855,1.135865,1.135795,1.13581,ASIAN,63415,HIGH,DOJI,BEARISH,WEAK,LOW,NEUTRAL,CHOPPY,True,TESTING_SUPPORT,47,26,13.333333333333334,46,NEUTRAL,False,70,['DOJI'],1,20,NEUTRAL,BEARISH,60,True,REJECTION,25,False,False,True,70,False,0,100,DOWN,NONE,NONE,0,True,75,70,30,80,False,True,CONTINUATION,70,True,85.0,BEARISH,True,BULLISH,True,True,90,True,70,12.244897959180898,8.62068965517583,60.0,26,POOR,False,75,51,-0.15350018088871242,3,10.000000000000009,False,RANDOM,70,50.137109031247014,0.6413205079928816,True,MOMENTUM_SHIFT,False,True,True,35,False,70,DOWN,80,CHOPPY,NORMAL,DOWN,80,-0.0506,CHOPPY,65,30,65,NORMAL,NONE,65,30,75,NORMAL,58,40,60,-0.48,False,80,1.025806451612903,63.6673548387097,RANGING,90,False,NONE,1.135775,1.135977,1.135898,FAR,30,50,85,50,NONE,NONE,NONE,False,[],0,0,SIDEWAY_RANGE,SIDEWAY_RANGE,56,60,True,29,Price ranging between clear levels. Suitable for mean-reversion strategies.,0.666,0.5,False,False,False,False,0.3,0.3,True,False,False,18,False,[],0,NO,SIDEWAY_RANGE,Price ranging between clear levels. Suitable for mean-reversion strategies.,NORMAL,LOW,0.024,"[{'symbol': 'EURGBP-OTC', 'action': 'NO_TRADE', 'reason': 'ไม่มีข้อมูลราคาและตัวชี้วัดทางเทคนิคในปัจจุบัน ไม่สามารถวิเคราะห์แนวโน้มและสัญญาณยืนยันได้', 'timestamp': '2026-06-26T08:44:34.904665'}, {'symbol': 'EURUSD-OTC', 'action': 'NO_TRADE', 'reason': 'ไม่พบข้อมูลราคาและตัวชี้วัดตลาดในปัจจุบัน จึงไม่สามารถวิเคราะห์สัญญาณเทคนิคได้', 'timestamp': '2026-06-26T08:45:31.331404'}, {'symbol': 'EURUSD-OTC', 'action': 'NO_TRADE', 'reason': 'ขาดข้อมูลราคาและตัวชี้วัดทางเทคนิคในปัจจุบัน ไม่สามารถวิเคราะห์สัญญาณได้อย่างถูกต้อง', 'timestamp': '2026-06-26T08:46:30.967724'}, {'symbol': 'EURUSD', 'action': 'NO_TRADE', 'reason': 'ไม่มีข้อมูลตลาดให้วิเคราะห์ ไม่สามารถประเมินสัญญาณทางเทคนิคได้', 'timestamp': '2026-06-26T08:47:36.189856'}, {'symbol': 'EURUSD', 'action': 'NO_TRADE', 'reason': 'ไม่มีข้อมูลราคาและตัวชี้วัดทางเทคนิคในปัจจุบัน ไม่สามารถวิเคราะห์แนวโน้มหรือสัญญาณใดๆได้', 'timestamp': '2026-06-26T08:48:34.668028'}]",True,Passed basic checks,0,50,50,MEDIUM,5,WAIT,รอการวิเคราะห์จาก AI
2026-06-26 08:51:00,1.13581,1.13586,1.135785,1.135825,83.0,EURUSD,BEARISH,1.136035,1.13621,1.136341,1.136574,1.136764,1.13677,BEARISH,1.136947,1.135849,0.001098,0.000923,6.67,36.15,-0.000144,-7.5e-05,-6.9e-05,9.21,12.63,0.000259,34.67,-0.54,0.000248,0.000205,22.87,12.14,30.25,42.72,-0.0752,487,557.0,0.874,False,RISING,-0.000117,-1.7e-05,-2.1e-05,1.135775,1.136915,1.13586,1.135925,1.136035,1.13575,1.135685,33,4.4,1.135835,1.135983,52.53,-0.000163,-0.000176,23.34,18.01,7.9e-05,1.135775,1.13663,1.13637,1.13553,83,0.792,1.135825,1.13586,1.135785,1.13581,ASIAN,63301,HIGH,1.135825,1.13586,1.135785,1.13581,ASIAN,63301,HIGH,NONE,BEARISH,WEAK,HIGH,NEUTRAL,CHOPPY,False,TESTING_SUPPORT,46,26,13.333333333333334,48,NEUTRAL,False,70,[],0,0,NEUTRAL,BEARISH,40,False,NONE,0,False,False,False,60,False,0,100,DOWN,NONE,NONE,0,True,75,70,30,80,False,True,CONTINUATION,70,True,85.0,BEARISH,True,BULLISH,True,False,50,False,70,21.487603305787477,11.246200607906141,55.00000000000001,29,POOR,False,75,51,-0.16399144837343643,4,10.000000000000009,False,RANDOM,70,50.40562266925775,0.6937300606426757,True,MOMENTUM_SHIFT,False,True,True,35,False,70,DOWN,100,CHOPPY,NORMAL,DOWN,100,-0.0752,CHOPPY,75,30,75,NORMAL,NONE,65,30,75,NORMAL,58,40,60,-0.54,False,80,1.1895991332611051,49.304086673889486,RANGING,90,False,NONE,1.13575,1.135925,1.13586,FAR,30,50,85,50,NONE,NONE,NONE,False,[],0,0,SIDEWAY_RANGE,SIDEWAY_RANGE,55,60,True,30,Price ranging between clear levels. Suitable for mean-reversion strategies.,0.874,0.5,False,False,False,False,0.3,0.3,True,False,False,18,False,[],0,NO,SIDEWAY_RANGE,Price ranging between clear levels. Suitable for mean-reversion strategies.,NORMAL,LOW,0.023,"[{'symbol': 'EURUSD-OTC', 'action': 'NO_TRADE', 'reason': 'ไม่พบข้อมูลราคาและตัวชี้วัดตลาดในปัจจุบัน จึงไม่สามารถวิเคราะห์สัญญาณเทคนิคได้', 'timestamp': '2026-06-26T08:45:31.331404'}, {'symbol': 'EURUSD-OTC', 'action': 'NO_TRADE', 'reason': 'ขาดข้อมูลราคาและตัวชี้วัดทางเทคนิคในปัจจุบัน ไม่สามารถวิเคราะห์สัญญาณได้อย่างถูกต้อง', 'timestamp': '2026-06-26T08:46:30.967724'}, {'symbol': 'EURUSD', 'action': 'NO_TRADE', 'reason': 'ไม่มีข้อมูลตลาดให้วิเคราะห์ ไม่สามารถประเมินสัญญาณทางเทคนิคได้', 'timestamp': '2026-06-26T08:47:36.189856'}, {'symbol': 'EURUSD', 'action': 'NO_TRADE', 'reason': 'ไม่มีข้อมูลราคาและตัวชี้วัดทางเทคนิคในปัจจุบัน ไม่สามารถวิเคราะห์แนวโน้มหรือสัญญาณใดๆได้', 'timestamp': '2026-06-26T08:48:34.668028'}, {'symbol': 'EURUSD-OTC', 'action': 'NO_TRADE', 'reason': 'ไม่พบข้อมูลตลาด JSON ที่ใช้วิเคราะห์ กรุณาส่งข้อมูลราคาและตัวชี้วัด', 'timestamp': '2026-06-26T08:49:36.532028'}]",True,Passed basic checks,0,50,50,MEDIUM,5,WAIT,รอการวิเคราะห์จาก AI
2026-06-26 08:52:00,1.13582,1.135825,1.13578,1.1358,86.0,EURUSD,BEARISH,1.136035,1.13621,1.136341,1.136574,1.136764,1.13677,BEARISH,1.136947,1.135849,0.001098,0.000923,6.67,36.15,-0.000144,-7.5e-05,-6.9e-05,9.21,12.63,0.000259,34.67,-0.54,0.000248,0.000205,22.87,12.14,30.25,42.72,-0.0752,487,557.0,0.874,False,RISING,-0.000117,-1.7e-05,-2.1e-05,1.135775,1.136915,1.13586,1.135925,1.136035,1.13575,1.135685,33,4.4,1.135823,1.135966,47.47,-0.000158,-0.000173,18.89,19.68,7.6e-05,1.135775,1.13655,1.136225,1.135599,86,0.818,1.1358,1.135825,1.13578,1.13582,ASIAN,62564,HIGH,1.1358,1.135825,1.13578,1.13582,ASIAN,62564,HIGH,NONE,BEARISH,WEAK,HIGH,NEUTRAL,CHOPPY,False,TESTING_SUPPORT,46,26,13.333333333333334,48,NEUTRAL,False,70,[],0,0,NEUTRAL,BEARISH,40,False,NONE,0,False,False,False,60,False,0,100,DOWN,NONE,NONE,0,True,75,70,30,80,False,True,CONTINUATION,70,True,85.0,BEARISH,True,BULLISH,True,False,50,False,70,21.487603305787477,11.246200607906141,55.00000000000001,29,POOR,False,75,51,-0.16399144837343643,4,10.000000000000009,False,RANDOM,70,50.40562266925775,0.6937300606426757,True,MOMENTUM_SHIFT,False,True,True,35,False,70,DOWN,100,CHOPPY,NORMAL,DOWN,100,-0.0752,CHOPPY,75,30,75,NORMAL,NONE,65,30,75,NORMAL,58,40,60,-0.54,False,80,1.1895991332611051,49.304086673889486,RANGING,90,False,NONE,1.13575,1.135925,1.13586,FAR,30,50,85,50,NONE,NONE,NONE,False,[],0,0,SIDEWAY_RANGE,SIDEWAY_RANGE,55,60,True,30,Price ranging between clear levels. Suitable for mean-reversion strategies.,0.874,0.5,False,False,False,False,0.3,0.3,True,False,False,18,False,[],0,NO,SIDEWAY_RANGE,Price ranging between clear levels. Suitable for mean-reversion strategies.,NORMAL,LOW,0.023,"[{'symbol': 'EURUSD-OTC', 'action': 'NO_TRADE', 'reason': 'ขาดข้อมูลราคาและตัวชี้วัดทางเทคนิคในปัจจุบัน ไม่สามารถวิเคราะห์สัญญาณได้อย่างถูกต้อง', 'timestamp': '2026-06-26T08:46:30.967724'}, {'symbol': 'EURUSD', 'action': 'NO_TRADE', 'reason': 'ไม่มีข้อมูลตลาดให้วิเคราะห์ ไม่สามารถประเมินสัญญาณทางเทคนิคได้', 'timestamp': '2026-06-26T08:47:36.189856'}, {'symbol': 'EURUSD', 'action': 'NO_TRADE', 'reason': 'ไม่มีข้อมูลราคาและตัวชี้วัดทางเทคนิคในปัจจุบัน ไม่สามารถวิเคราะห์แนวโน้มหรือสัญญาณใดๆได้', 'timestamp': '2026-06-26T08:48:34.668028'}, {'symbol': 'EURUSD-OTC', 'action': 'NO_TRADE', 'reason': 'ไม่พบข้อมูลตลาด JSON ที่ใช้วิเคราะห์ กรุณาส่งข้อมูลราคาและตัวชี้วัด', 'timestamp': '2026-06-26T08:49:36.532028'}, {'symbol': 'EURUSD', 'action': 'NO_TRADE', 'reason': 'ไม่พบข้อมูลตลาด JSON ที่จำเป็นสำหรับการวิเคราะห์ ขาดตัวชี้วัดทางเทคนิคและราคาปัจจุบัน', 'timestamp': '2026-06-26T08:51:31.704110'}]",True,Passed basic checks,0,50,50,MEDIUM,5,WAIT,รอการวิเคราะห์จาก AI
2026-06-26 08:53:00,1.135805,1.13587,1.13578,1.13583,67.0,EURUSD,BEARISH,1.136035,1.13621,1.136341,1.136574,1.136764,1.13677,BEARISH,1.136947,1.135849,0.001098,0.000923,6.67,36.15,-0.000144,-7.5e-05,-6.9e-05,9.21,12.63,0.000259,34.67,-0.54,0.000248,0.000205,22.87,12.14,30.25,42.72,-0.0752,487,557.0,0.874,False,RISING,-0.000117,-1.7e-05,-2.1e-05,1.135775,1.136915,1.13586,1.135925,1.136035,1.13575,1.135685,33,4.4,1.135825,1.135953,51.96,-0.00015,-0.000168,20.83,21.02,7.6e-05,1.135775,1.136455,1.136114,1.135656,67,0.645,1.13583,1.13587,1.13578,1.135805,ASIAN,62982,HIGH,1.13583,1.13587,1.13578,1.135805,ASIAN,62982,HIGH,NONE,BEARISH,WEAK,HIGH,NEUTRAL,CHOPPY,False,TESTING_SUPPORT,46,26,13.333333333333334,48,NEUTRAL,False,70,[],0,0,NEUTRAL,BEARISH,40,False,NONE,0,False,False,False,60,False,0,100,DOWN,NONE,NONE,0,True,75,70,30,80,False,True,CONTINUATION,70,True,85.0,BEARISH,True,BULLISH,True,False,50,False,70,21.487603305787477,11.246200607906141,55.00000000000001,29,POOR,False,75,51,-0.16399144837343643,4,10.000000000000009,False,RANDOM,70,50.40562266925775,0.6937300606426757,True,MOMENTUM_SHIFT,False,True,True,35,False,70,DOWN,100,CHOPPY,NORMAL,DOWN,100,-0.0752,CHOPPY,75,30,75,NORMAL,NONE,65,30,75,NORMAL,58,40,60,-0.54,False,80,1.1895991332611051,49.304086673889486,RANGING,90,False,NONE,1.13575,1.135925,1.13586,FAR,30,50,85,50,NONE,NONE,NONE,False,[],0,0,SIDEWAY_RANGE,SIDEWAY_RANGE,55,60,True,30,Price ranging between clear levels. Suitable for mean-reversion strategies.,0.874,0.5,False,False,False,False,0.3,0.3,True,False,False,18,False,[],0,NO,SIDEWAY_RANGE,Price ranging between clear levels. Suitable for mean-reversion strategies.,NORMAL,LOW,0.023,"[{'symbol': 'EURUSD', 'action': 'NO_TRADE', 'reason': 'ไม่มีข้อมูลตลาดให้วิเคราะห์ ไม่สามารถประเมินสัญญาณทางเทคนิคได้', 'timestamp': '2026-06-26T08:47:36.189856'}, {'symbol': 'EURUSD', 'action': 'NO_TRADE', 'reason': 'ไม่มีข้อมูลราคาและตัวชี้วัดทางเทคนิคในปัจจุบัน ไม่สามารถวิเคราะห์แนวโน้มหรือสัญญาณใดๆได้', 'timestamp': '2026-06-26T08:48:34.668028'}, {'symbol': 'EURUSD-OTC', 'action': 'NO_TRADE', 'reason': 'ไม่พบข้อมูลตลาด JSON ที่ใช้วิเคราะห์ กรุณาส่งข้อมูลราคาและตัวชี้วัด', 'timestamp': '2026-06-26T08:49:36.532028'}, {'symbol': 'EURUSD', 'action': 'NO_TRADE', 'reason': 'ไม่พบข้อมูลตลาด JSON ที่จำเป็นสำหรับการวิเคราะห์ ขาดตัวชี้วัดทางเทคนิคและราคาปัจจุบัน', 'timestamp': '2026-06-26T08:51:31.704110'}, {'symbol': 'EURUSD', 'action': 'NO_TRADE', 'reason': 'แนวโน้มขาข้างเคียง สัญญาณ RSI และ MACD ยังไม่ชัดเจน ขาดการยืนยันจากวอลุ่มและแนวรับแนวต้านสำคัญ', 'timestamp': '2026-06-26T08:52:30.335386'}]",True,Passed basic checks,0,50,50,MEDIUM,5,WAIT,รอการวิเคราะห์จาก AI
2026-06-26 08:54:00,1.135835,1.13587,1.135815,1.135845,74.0,EURUSD,BEARISH,1.136035,1.13621,1.136341,1.136574,1.136764,1.13677,BEARISH,1.136947,1.135849,0.001098,0.000923,6.67,36.15,-0.000144,-7.5e-05,-6.9e-05,9.21,12.63,0.000259,34.67,-0.54,0.000248,0.000205,22.87,12.14,30.25,42.72,-0.0752,487,557.0,0.874,False,RISING,-0.000117,-1.7e-05,-2.1e-05,1.135775,1.136915,1.13586,1.135925,1.136035,1.13575,1.135685,33,4.4,1.135832,1.135943,41.67,-0.000141,-0.000163,23.68,21.13,7.1e-05,1.135775,1.136275,1.136004,1.135724,74,0.739,1.135845,1.13587,1.135815,1.135835,ASIAN,63342,HIGH,1.135845,1.13587,1.135815,1.135835,ASIAN,63342,HIGH,NONE,BEARISH,WEAK,HIGH,NEUTRAL,CHOPPY,False,TESTING_SUPPORT,46,26,13.333333333333334,48,NEUTRAL,False,70,[],0,0,NEUTRAL,BEARISH,40,False,NONE,0,False,False,False,60,False,0,100,DOWN,NONE,NONE,0,True,75,70,30,80,False,True,CONTINUATION,70,True,85.0,BEARISH,True,BULLISH,True,False,50,False,70,21.487603305787477,11.246200607906141,55.00000000000001,29,POOR,False,75,51,-0.16399144837343643,4,10.000000000000009,False,RANDOM,70,50.40562266925775,0.6937300606426757,True,MOMENTUM_SHIFT,False,True,True,35,False,70,DOWN,100,CHOPPY,NORMAL,DOWN,100,-0.0752,CHOPPY,75,30,75,NORMAL,NONE,65,30,75,NORMAL,58,40,60,-0.54,False,80,1.1895991332611051,49.304086673889486,RANGING,90,False,NONE,1.13575,1.135925,1.13586,FAR,30,50,85,50,NONE,NONE,NONE,False,[],0,0,SIDEWAY_RANGE,SIDEWAY_RANGE,55,60,True,30,Price ranging between clear levels. Suitable for mean-reversion strategies.,0.874,0.5,False,False,False,False,0.3,0.3,True,False,False,18,False,[],0,NO,SIDEWAY_RANGE,Price ranging between clear levels. Suitable for mean-reversion strategies.,NORMAL,LOW,0.023,"[{'symbol': 'EURUSD', 'action': 'NO_TRADE', 'reason': 'ไม่มีข้อมูลราคาและตัวชี้วัดทางเทคนิคในปัจจุบัน ไม่สามารถวิเคราะห์แนวโน้มหรือสัญญาณใดๆได้', 'timestamp': '2026-06-26T08:48:34.668028'}, {'symbol': 'EURUSD-OTC', 'action': 'NO_TRADE', 'reason': 'ไม่พบข้อมูลตลาด JSON ที่ใช้วิเคราะห์ กรุณาส่งข้อมูลราคาและตัวชี้วัด', 'timestamp': '2026-06-26T08:49:36.532028'}, {'symbol': 'EURUSD', 'action': 'NO_TRADE', 'reason': 'ไม่พบข้อมูลตลาด JSON ที่จำเป็นสำหรับการวิเคราะห์ ขาดตัวชี้วัดทางเทคนิคและราคาปัจจุบัน', 'timestamp': '2026-06-26T08:51:31.704110'}, {'symbol': 'EURUSD', 'action': 'NO_TRADE', 'reason': 'แนวโน้มขาข้างเคียง สัญญาณ RSI และ MACD ยังไม่ชัดเจน ขาดการยืนยันจากวอลุ่มและแนวรับแนวต้านสำคัญ', 'timestamp': '2026-06-26T08:52:30.335386'}, {'symbol': 'EURUSD', 'action': 'NO_TRADE', 'reason': 'ไม่พบข้อมูลราคาหรือตัวบ่งชี้ทางเทคนิคในระบบ จึงไม่สามารถวิเคราะห์สัญญาณซื้อขายได้', 'timestamp': '2026-06-26T08:53:31.968448'}]",True,Passed basic checks,0,50,50,MEDIUM,5,WAIT,รอการวิเคราะห์จาก AI
2026-06-26 08:55:00,1.13584,1.13587,1.135825,1.13584,45.0,EURUSD,BEARISH,1.13597,1.136143,1.136293,1.136545,1.136747,1.136776,BEARISH,1.136975,1.135769,0.001206,0.000917,8.41,31.25,-0.000166,-9.3e-05,-7.3e-05,7.02,8.09,0.00025,33.17,-0.61,0.000249,0.00021,24.33,11.8,29.87,43.36,-0.0792,355,543.25,0.653,False,FALLING,-0.000126,-2.6e-05,-2.1e-05,1.135775,1.136915,1.13583,1.13588,1.13592,1.13579,1.13574,34,4.56,1.135835,1.135933,40.48,-0.000132,-0.000156,30.7,25.07,7e-05,1.135775,1.13611,1.135929,1.135772,45,0.481,1.13584,1.13587,1.135825,1.13584,ASIAN,62873,HIGH,1.13584,1.13587,1.135825,1.13584,ASIAN,62873,HIGH,NONE,BULLISH,WEAK,LOW,NEUTRAL,CHOPPY,False,TESTING_SUPPORT,46,26,20.0,50,NEUTRAL,False,70,[],0,0,NEUTRAL,BULLISH,40,False,NONE,0,False,False,False,60,False,0,100,DOWN,NONE,NONE,0,True,75,70,30,80,False,True,CONTINUATION,70,True,60.0,BEARISH,True,BULLISH,True,False,50,False,70,21.991701244818938,8.731808731811784,55.00000000000001,28,POOR,False,75,36,-0.21830009886841714,4,10.000000000000009,False,RANDOM,70,51.237181436941995,0.5978278607378795,True,MOMENTUM_SHIFT,False,True,True,35,False,70,DOWN,100,CHOPPY,NORMAL,DOWN,100,-0.0792,CHOPPY,75,30,75,NORMAL,NONE,65,30,75,NORMAL,58,40,60,-0.61,False,80,1.3151581243184298,37.948187568157024,RANGING,90,False,NONE,1.135775,1.13588,1.13583,FAR,30,50,85,50,NONE,NONE,NONE,False,[],0,0,SIDEWAY_RANGE,SIDEWAY_RANGE,55,60,True,30,Price ranging between clear levels. Suitable for mean-reversion strategies.,0.653,0.5,False,False,False,False,0.3,0.3,True,False,False,18,False,[],0,NO,SIDEWAY_RANGE,Price ranging between clear levels. Suitable for mean-reversion strategies.,NORMAL,LOW,0.022,"[{'symbol': 'EURUSD-OTC', 'action': 'NO_TRADE', 'reason': 'ไม่พบข้อมูลตลาด JSON ที่ใช้วิเคราะห์ กรุณาส่งข้อมูลราคาและตัวชี้วัด', 'timestamp': '2026-06-26T08:49:36.532028'}, {'symbol': 'EURUSD', 'action': 'NO_TRADE', 'reason': 'ไม่พบข้อมูลตลาด JSON ที่จำเป็นสำหรับการวิเคราะห์ ขาดตัวชี้วัดทางเทคนิคและราคาปัจจุบัน', 'timestamp': '2026-06-26T08:51:31.704110'}, {'symbol': 'EURUSD', 'action': 'NO_TRADE', 'reason': 'แนวโน้มขาข้างเคียง สัญญาณ RSI และ MACD ยังไม่ชัดเจน ขาดการยืนยันจากวอลุ่มและแนวรับแนวต้านสำคัญ', 'timestamp': '2026-06-26T08:52:30.335386'}, {'symbol': 'EURUSD', 'action': 'NO_TRADE', 'reason': 'ไม่พบข้อมูลราคาหรือตัวบ่งชี้ทางเทคนิคในระบบ จึงไม่สามารถวิเคราะห์สัญญาณซื้อขายได้', 'timestamp': '2026-06-26T08:53:31.968448'}, {'symbol': 'EURUSD', 'action': 'NO_TRADE', 'reason': 'ไม่ได้รับข้อมูลราคาหรือตัวบ่งชี้ทางเทคนิคจากตลาดปัจจุบัน จึงไม่สามารถวิเคราะห์ได้', 'timestamp': '2026-06-26T08:54:31.220286'}]",True,Passed basic checks,0,50,50,MEDIUM,5,WAIT,รอการวิเคราะห์จาก AI
2026-06-26 08:57:00,1.135845,1.13589,1.13579,1.135805,100.0,EURUSD,BEARISH,1.13597,1.136143,1.136293,1.136545,1.136747,1.136776,BEARISH,1.136975,1.135769,0.001206,0.000917,8.41,31.25,-0.000166,-9.3e-05,-7.3e-05,7.02,8.09,0.00025,33.17,-0.61,0.000249,0.00021,24.33,11.8,29.87,43.36,-0.0792,355,543.25,0.653,False,FALLING,-0.000126,-2.6e-05,-2.1e-05,1.135775,1.136915,1.13583,1.13588,1.13592,1.13579,1.13574,34,4.56,1.135826,1.135913,42.47,-0.000119,-0.000144,25.44,29.53,6.9e-05,1.135775,1.13597,1.135922,1.135773,100,1.145,1.135805,1.13589,1.13579,1.135845,ASIAN,62706,HIGH,1.135805,1.13589,1.13579,1.135845,ASIAN,62706,HIGH,NONE,BULLISH,WEAK,LOW,NEUTRAL,CHOPPY,False,TESTING_SUPPORT,46,26,20.0,50,NEUTRAL,False,70,[],0,0,NEUTRAL,BULLISH,40,False,NONE,0,False,False,False,60,False,0,100,DOWN,NONE,NONE,0,True,75,70,30,80,False,True,CONTINUATION,70,True,60.0,BEARISH,True,BULLISH,True,False,50,False,70,21.991701244818938,8.731808731811784,55.00000000000001,28,POOR,False,75,36,-0.21830009886841714,4,10.000000000000009,False,RANDOM,70,51.237181436941995,0.5978278607378795,True,MOMENTUM_SHIFT,False,True,True,35,False,70,DOWN,100,CHOPPY,NORMAL,DOWN,100,-0.0792,CHOPPY,75,30,75,NORMAL,NONE,65,30,75,NORMAL,58,40,60,-0.61,False,80,1.3151581243184298,37.948187568157024,RANGING,90,False,NONE,1.135775,1.13588,1.13583,FAR,30,50,85,50,NONE,NONE,NONE,False,[],0,0,BREAKOUT_EMERGING,BREAKOUT_EMERGING,55,70,True,30,"Volatility expansion after compression. Potential breakout opportunity. (breakout prob: 30%, reversal prob: 50%)",0.653,0.5,False,False,False,False,0.3,0.3,True,False,False,18,False,[],0,NO,BREAKOUT_EMERGING,"Volatility expansion after compression. Potential breakout opportunity. (breakout prob: 30%, reversal prob: 50%)",NORMAL,LOW,0.022,"[{'symbol': 'EURUSD', 'action': 'NO_TRADE', 'reason': 'แนวโน้มขาข้างเคียง สัญญาณ RSI และ MACD ยังไม่ชัดเจน ขาดการยืนยันจากวอลุ่มและแนวรับแนวต้านสำคัญ', 'timestamp': '2026-06-26T08:52:30.335386'}, {'symbol': 'EURUSD', 'action': 'NO_TRADE', 'reason': 'ไม่พบข้อมูลราคาหรือตัวบ่งชี้ทางเทคนิคในระบบ จึงไม่สามารถวิเคราะห์สัญญาณซื้อขายได้', 'timestamp': '2026-06-26T08:53:31.968448'}, {'symbol': 'EURUSD', 'action': 'NO_TRADE', 'reason': 'ไม่ได้รับข้อมูลราคาหรือตัวบ่งชี้ทางเทคนิคจากตลาดปัจจุบัน จึงไม่สามารถวิเคราะห์ได้', 'timestamp': '2026-06-26T08:54:31.220286'}, {'symbol': 'EURGBP', 'action': 'NO_TRADE', 'reason': 'ไม่พบข้อมูลราคาตลาด JSON ที่จำเป็นในการวิเคราะห์ทางเทคนิค จึงไม่สามารถประเมินสัญญาณได้', 'timestamp': '2026-06-26T08:55:30.979077'}, {'symbol': 'EURGBP', 'action': 'NO_TRADE', 'reason': 'ไม่พบข้อมูลราคาหรือตัวบ่งชี้ทางเทคนิคในระบบ ไม่สามารถวิเคราะห์สัญญาณได้', 'timestamp': '2026-06-26T08:56:31.098774'}]",True,Passed basic checks,0,50,50,MEDIUM,5,WAIT,รอการวิเคราะห์จาก AI
2026-06-26 08:58:00,1.135805,1.135805,1.13564,1.135695,157.0,EURUSD,BEARISH,1.13597,1.136143,1.136293,1.136545,1.136747,1.136776,BEARISH,1.136975,1.135769,0.001206,0.000917,8.41,31.25,-0.000166,-9.3e-05,-7.3e-05,7.02,8.09,0.00025,33.17,-0.61,0.000249,0.00021,24.33,11.8,29.87,43.36,-0.0792,355,543.25,0.653,False,FALLING,-0.000126,-2.6e-05,-2.1e-05,1.135775,1.136915,1.13583,1.13588,1.13592,1.13579,1.13574,34,4.56,1.135782,1.135892,27.27,-0.000122,-0.000139,20.47,26.12,7.8e-05,1.13564,1.13597,1.135942,1.13574,157,1.754,1.135695,1.135805,1.13564,1.135805,ASIAN,63020,HIGH,1.135695,1.135805,1.13564,1.135805,ASIAN,63020,HIGH,NONE,BULLISH,WEAK,LOW,NEUTRAL,CHOPPY,False,TESTING_SUPPORT,46,26,20.0,50,NEUTRAL,False,70,[],0,0,NEUTRAL,BULLISH,40,False,NONE,0,False,False,False,60,False,0,100,DOWN,NONE,NONE,0,True,75,70,30,80,False,True,CONTINUATION,70,True,60.0,BEARISH,True,BULLISH,True,False,50,False,70,21.991701244818938,8.731808731811784,55.00000000000001,28,POOR,False,75,36,-0.21830009886841714,4,10.000000000000009,False,RANDOM,70,51.237181436941995,0.5978278607378795,True,MOMENTUM_SHIFT,False,True,True,35,False,70,DOWN,100,CHOPPY,NORMAL,DOWN,100,-0.0792,CHOPPY,75,30,75,NORMAL,NONE,65,30,75,NORMAL,58,40,60,-0.61,False,80,1.3151581243184298,37.948187568157024,RANGING,90,False,NONE,1.135775,1.13588,1.13583,FAR,30,50,85,50,NONE,NONE,NONE,False,[],0,0,BREAKOUT_EMERGING,BREAKOUT_EMERGING,55,70,True,30,"Volatility expansion after compression. Potential breakout opportunity. (breakout prob: 30%, reversal prob: 50%)",0.653,0.5,False,False,False,False,0.3,0.3,True,False,False,18,False,[],0,NO,BREAKOUT_EMERGING,"Volatility expansion after compression. Potential breakout opportunity. (breakout prob: 30%, reversal prob: 50%)",NORMAL,LOW,0.022,"[{'symbol': 'EURUSD', 'action': 'NO_TRADE', 'reason': 'ไม่พบข้อมูลราคาหรือตัวบ่งชี้ทางเทคนิคในระบบ จึงไม่สามารถวิเคราะห์สัญญาณซื้อขายได้', 'timestamp': '2026-06-26T08:53:31.968448'}, {'symbol': 'EURUSD', 'action': 'NO_TRADE', 'reason': 'ไม่ได้รับข้อมูลราคาหรือตัวบ่งชี้ทางเทคนิคจากตลาดปัจจุบัน จึงไม่สามารถวิเคราะห์ได้', 'timestamp': '2026-06-26T08:54:31.220286'}, {'symbol': 'EURGBP', 'action': 'NO_TRADE', 'reason': 'ไม่พบข้อมูลราคาตลาด JSON ที่จำเป็นในการวิเคราะห์ทางเทคนิค จึงไม่สามารถประเมินสัญญาณได้', 'timestamp': '2026-06-26T08:55:30.979077'}, {'symbol': 'EURGBP', 'action': 'NO_TRADE', 'reason': 'ไม่พบข้อมูลราคาหรือตัวบ่งชี้ทางเทคนิคในระบบ ไม่สามารถวิเคราะห์สัญญาณได้', 'timestamp': '2026-06-26T08:56:31.098774'}, {'symbol': 'EURUSD', 'action': 'NO_TRADE', 'reason': 'ไม่พบข้อมูลราคาและตัวชี้วัดตลาดปัจจุบัน จึงไม่สามารถวิเคราะห์สัญญาณเทรดได้อย่างถูกต้อง', 'timestamp': '2026-06-26T08:57:30.855879'}]",True,Passed basic checks,0,50,50,MEDIUM,5,WAIT,รอการวิเคราะห์จาก AI
2026-06-26 08:59:00,1.13569,1.135895,1.13569,1.135815,258.0,EURUSD,BEARISH,1.13597,1.136143,1.136293,1.136545,1.136747,1.136776,BEARISH,1.136975,1.135769,0.001206,0.000917,8.41,31.25,-0.000166,-9.3e-05,-7.3e-05,7.02,8.09,0.00025,33.17,-0.61,0.000249,0.00021,24.33,11.8,29.87,43.36,-0.0792,355,543.25,0.653,False,FALLING,-0.000126,-2.6e-05,-2.1e-05,1.135775,1.136915,1.13583,1.13588,1.13592,1.13579,1.13574,34,4.56,1.135793,1.135885,41.28,-0.000114,-0.000134,27.62,24.51,8.7e-05,1.13564,1.13597,1.135941,1.135741,258,2.681,1.135815,1.135895,1.13569,1.13569,ASIAN,62449,HIGH,1.135815,1.135895,1.13569,1.13569,ASIAN,62449,HIGH,NONE,BULLISH,WEAK,LOW,NEUTRAL,CHOPPY,False,TESTING_SUPPORT,46,26,20.0,50,NEUTRAL,False,70,[],0,0,NEUTRAL,BULLISH,40,False,NONE,0,False,False,False,60,False,0,100,DOWN,NONE,NONE,0,True,75,70,30,80,False,True,CONTINUATION,70,True,60.0,BEARISH,True,BULLISH,True,False,50,False,70,21.991701244818938,8.731808731811784,55.00000000000001,28,POOR,False,75,36,-0.21830009886841714,4,10.000000000000009,False,RANDOM,70,51.237181436941995,0.5978278607378795,True,MOMENTUM_SHIFT,False,True,True,35,False,70,DOWN,100,CHOPPY,NORMAL,DOWN,100,-0.0792,CHOPPY,75,30,75,NORMAL,NONE,65,30,75,NORMAL,58,40,60,-0.61,False,80,1.3151581243184298,37.948187568157024,RANGING,90,False,NONE,1.135775,1.13588,1.13583,FAR,30,50,85,50,NONE,NONE,NONE,False,[],0,0,SIDEWAY_RANGE,SIDEWAY_RANGE,55,60,True,30,Price ranging between clear levels. Suitable for mean-reversion strategies.,0.653,0.5,False,False,False,False,0.3,0.3,True,False,False,18,False,[],0,NO,SIDEWAY_RANGE,Price ranging between clear levels. Suitable for mean-reversion strategies.,NORMAL,LOW,0.022,"[{'symbol': 'EURUSD', 'action': 'NO_TRADE', 'reason': 'ไม่ได้รับข้อมูลราคาหรือตัวบ่งชี้ทางเทคนิคจากตลาดปัจจุบัน จึงไม่สามารถวิเคราะห์ได้', 'timestamp': '2026-06-26T08:54:31.220286'}, {'symbol': 'EURGBP', 'action': 'NO_TRADE', 'reason': 'ไม่พบข้อมูลราคาตลาด JSON ที่จำเป็นในการวิเคราะห์ทางเทคนิค จึงไม่สามารถประเมินสัญญาณได้', 'timestamp': '2026-06-26T08:55:30.979077'}, {'symbol': 'EURGBP', 'action': 'NO_TRADE', 'reason': 'ไม่พบข้อมูลราคาหรือตัวบ่งชี้ทางเทคนิคในระบบ ไม่สามารถวิเคราะห์สัญญาณได้', 'timestamp': '2026-06-26T08:56:31.098774'}, {'symbol': 'EURUSD', 'action': 'NO_TRADE', 'reason': 'ไม่พบข้อมูลราคาและตัวชี้วัดตลาดปัจจุบัน จึงไม่สามารถวิเคราะห์สัญญาณเทรดได้อย่างถูกต้อง', 'timestamp': '2026-06-26T08:57:30.855879'}, {'symbol': 'EURUSD', 'action': 'NO_TRADE', 'reason': 'ไม่มีข้อมูลตลาด JSON ให้วิเคราะห์ ไม่สามารถประเมินแนวโน้มและสัญญาณได้', 'timestamp': '2026-06-26T08:58:31.597604'}]",True,Passed basic checks,0,50,50,MEDIUM,5,WAIT,รอการวิเคราะห์จาก AI
2026-06-26 09:01:00,1.135975,1.13599,1.13592,1.135965,116.0,EURUSD,BEARISH,1.135966,1.13611,1.136261,1.136522,1.136738,1.136815,BEARISH,1.136986,1.135728,0.001258,0.000911,21.88,32.96,-0.000171,-0.000109,-6.3e-05,11.44,9.22,0.000261,35.68,-0.55,0.000252,0.000214,26.1,10.56,30.93,49.09,-0.0673,775,547.6,1.415,False,RISING,-0.000113,-3.3e-05,-2.1e-05,1.13564,1.136915,1.135863,1.136087,1.136213,1.135737,1.135513,35,4.89,1.135888,1.135899,58.59,-7.8e-05,-0.000117,79.11,53.48,9.3e-05,1.13564,1.13599,1.135963,1.135729,116,1.143,1.135965,1.13599,1.13592,1.135975,ASIAN,63460,HIGH,1.135965,1.13599,1.13592,1.135975,ASIAN,63460,HIGH,MORNING_STAR,BULLISH,WEAK,HIGH,NEUTRAL,CHOPPY,True,NONE,45,26,20.0,50,NEUTRAL,False,70,['MORNING_STAR'],1,20,BULLISH,BULLISH,60,True,BEAR_TRAP,50,True,False,False,70,False,0,100,DOWN,NONE,NONE,0,True,75,70,30,80,False,True,CONTINUATION,70,True,60.0,BEARISH,True,BULLISH,True,False,50,False,70,12.396694214874213,9.218436873746729,60.0,27,POOR,False,75,36,-0.21581096948909825,4,10.000000000000009,False,RANDOM,70,50.638779621737974,0.3975797552427405,True,MOMENTUM_SHIFT,False,True,True,35,False,70,DOWN,100,CHOPPY,NORMAL,DOWN,100,-0.0673,CHOPPY,75,30,75,NORMAL,NONE,70,30,80,NORMAL,58,40,60,-0.55,False,80,1.380900109769484,29.365989023051608,RANGING,90,False,NONE,1.13564,1.136087,1.135863,FAR,30,50,85,50,NONE,NONE,NONE,False,[],0,0,BREAKOUT_EMERGING,BREAKOUT_EMERGING,50,70,True,31,"Volatility expansion after compression. Potential breakout opportunity. (breakout prob: 30%, reversal prob: 50%)",1.415,0.5,False,False,False,False,0.3,0.3,True,False,False,18,False,[],0,NO,BREAKOUT_EMERGING,"Volatility expansion after compression. Potential breakout opportunity. (breakout prob: 30%, reversal prob: 50%)",NORMAL,LOW,0.023,"[{'symbol': 'EURGBP', 'action': 'NO_TRADE', 'reason': 'ไม่พบข้อมูลราคาหรือตัวบ่งชี้ทางเทคนิคในระบบ ไม่สามารถวิเคราะห์สัญญาณได้', 'timestamp': '2026-06-26T08:56:31.098774'}, {'symbol': 'EURUSD', 'action': 'NO_TRADE', 'reason': 'ไม่พบข้อมูลราคาและตัวชี้วัดตลาดปัจจุบัน จึงไม่สามารถวิเคราะห์สัญญาณเทรดได้อย่างถูกต้อง', 'timestamp': '2026-06-26T08:57:30.855879'}, {'symbol': 'EURUSD', 'action': 'NO_TRADE', 'reason': 'ไม่มีข้อมูลตลาด JSON ให้วิเคราะห์ ไม่สามารถประเมินแนวโน้มและสัญญาณได้', 'timestamp': '2026-06-26T08:58:31.597604'}, {'symbol': 'EURGBP-OTC', 'action': 'NO_TRADE', 'reason': 'ไม่พบข้อมูลราคาตลาดปัจจุบัน จึงไม่สามารถวิเคราะห์แนวโน้มและสัญญาณได้', 'timestamp': '2026-06-26T08:59:35.715293'}, {'symbol': 'EURGBP-OTC', 'action': 'NO_TRADE', 'reason': 'ไม่พบข้อมูลราคาและตัวชี้วัดตลาดในปัจจุบัน ไม่สามารถวิเคราะห์สัญญาณทางเทคนิคได้', 'timestamp': '2026-06-26T09:00:34.477441'}]",True,Passed basic checks,0,50,50,MEDIUM,5,WAIT,รอการวิเคราะห์จาก AI
2026-06-26 09:03:00,1.13594,1.13607,1.13594,1.13604,118.0,EURUSD,BEARISH,1.135966,1.13611,1.136261,1.136522,1.136738,1.136815,BEARISH,1.136986,1.135728,0.001258,0.000911,21.88,32.96,-0.000171,-0.000109,-6.3e-05,11.44,9.22,0.000261,35.68,-0.55,0.000252,0.000214,26.1,10.56,30.93,49.09,-0.0673,775,547.6,1.415,False,RISING,-0.000113,-3.3e-05,-2.1e-05,1.13564,1.136915,1.135863,1.136087,1.136213,1.135737,1.135513,35,4.89,1.135949,1.135915,63.7,-4.8e-05,-9.5e-05,88.18,84.98,9.9e-05,1.13564,1.13607,1.136009,1.135709,118,1.148,1.13604,1.13607,1.13594,1.13594,ASIAN,63445,HIGH,1.13604,1.13607,1.13594,1.13594,ASIAN,63445,HIGH,MORNING_STAR,BULLISH,WEAK,HIGH,NEUTRAL,CHOPPY,True,NONE,45,26,20.0,50,NEUTRAL,False,70,['MORNING_STAR'],1,20,BULLISH,BULLISH,60,True,BEAR_TRAP,50,True,False,False,70,False,0,100,DOWN,NONE,NONE,0,True,75,70,30,80,False,True,CONTINUATION,70,True,60.0,BEARISH,True,BULLISH,True,False,50,False,70,12.396694214874213,9.218436873746729,60.0,27,POOR,False,75,36,-0.21581096948909825,4,10.000000000000009,False,RANDOM,70,50.638779621737974,0.3975797552427405,True,MOMENTUM_SHIFT,False,True,True,35,False,70,DOWN,100,CHOPPY,NORMAL,DOWN,100,-0.0673,CHOPPY,75,30,75,NORMAL,NONE,70,30,80,NORMAL,58,40,60,-0.55,False,80,1.380900109769484,29.365989023051608,RANGING,90,False,NONE,1.13564,1.136087,1.135863,FAR,30,50,85,50,NONE,NONE,NONE,False,[],0,0,BREAKOUT_EMERGING,BREAKOUT_EMERGING,50,70,True,31,"Volatility expansion after compression. Potential breakout opportunity. (breakout prob: 30%, reversal prob: 50%)",1.415,0.5,False,False,False,False,0.3,0.3,True,False,False,18,False,[],0,NO,BREAKOUT_EMERGING,"Volatility expansion after compression. Potential breakout opportunity. (breakout prob: 30%, reversal prob: 50%)",NORMAL,LOW,0.023,"[{'symbol': 'EURUSD', 'action': 'NO_TRADE', 'reason': 'ไม่มีข้อมูลตลาด JSON ให้วิเคราะห์ ไม่สามารถประเมินแนวโน้มและสัญญาณได้', 'timestamp': '2026-06-26T08:58:31.597604'}, {'symbol': 'EURGBP-OTC', 'action': 'NO_TRADE', 'reason': 'ไม่พบข้อมูลราคาตลาดปัจจุบัน จึงไม่สามารถวิเคราะห์แนวโน้มและสัญญาณได้', 'timestamp': '2026-06-26T08:59:35.715293'}, {'symbol': 'EURGBP-OTC', 'action': 'NO_TRADE', 'reason': 'ไม่พบข้อมูลราคาและตัวชี้วัดตลาดในปัจจุบัน ไม่สามารถวิเคราะห์สัญญาณทางเทคนิคได้', 'timestamp': '2026-06-26T09:00:34.477441'}, {'symbol': 'EURGBP-OTC', 'action': 'NO_TRADE', 'reason': 'ไม่พบข้อมูลราคาและตัวชี้วัดในปัจจุบัน ไม่สามารถวิเคราะห์สัญญาณเทคนิคได้', 'timestamp': '2026-06-26T09:01:36.790371'}, {'symbol': 'EURGBP-OTC', 'action': 'NO_TRADE', 'reason': 'ไม่พบข้อมูลราคาและตัวชี้วัดตลาดในปัจจุบัน จึงไม่สามารถวิเคราะห์สัญญาณซื้อขายได้', 'timestamp': '2026-06-26T09:02:34.039085'}]",True,Passed basic checks,0,50,50,MEDIUM,5,WAIT,รอการวิเคราะห์จาก AI
2026-06-26 09:04:00,1.13604,1.13613,1.13604,1.136105,64.0,EURUSD,BEARISH,1.135966,1.13611,1.136261,1.136522,1.136738,1.136815,BEARISH,1.136986,1.135728,0.001258,0.000911,21.88,32.96,-0.000171,-0.000109,-6.3e-05,11.44,9.22,0.000261,35.68,-0.55,0.000252,0.000214,26.1,10.56,30.93,49.09,-0.0673,775,547.6,1.415,False,RISING,-0.000113,-3.3e-05,-2.1e-05,1.13564,1.136915,1.135863,1.136087,1.136213,1.135737,1.135513,35,4.89,1.136001,1.135933,70.71,-2.9e-05,-8.2e-05,88.86,88.23,0.000101,1.13564,1.13613,1.136055,1.135684,64,0.615,1.136105,1.13613,1.13604,1.13604,ASIAN,62856,HIGH,1.136105,1.13613,1.13604,1.13604,ASIAN,62856,HIGH,MORNING_STAR,BULLISH,WEAK,HIGH,NEUTRAL,CHOPPY,True,NONE,45,26,20.0,50,NEUTRAL,False,70,['MORNING_STAR'],1,20,BULLISH,BULLISH,60,True,BEAR_TRAP,50,True,False,False,70,False,0,100,DOWN,NONE,NONE,0,True,75,70,30,80,False,True,CONTINUATION,70,True,60.0,BEARISH,True,BULLISH,True,False,50,False,70,12.396694214874213,9.218436873746729,60.0,27,POOR,False,75,36,-0.21581096948909825,4,10.000000000000009,False,RANDOM,70,50.638779621737974,0.3975797552427405,True,MOMENTUM_SHIFT,False,True,True,35,False,70,DOWN,100,CHOPPY,NORMAL,DOWN,100,-0.0673,CHOPPY,75,30,75,NORMAL,NONE,70,30,80,NORMAL,58,40,60,-0.55,False,80,1.380900109769484,29.365989023051608,RANGING,90,False,NONE,1.13564,1.136087,1.135863,FAR,30,50,85,50,NONE,NONE,NONE,False,[],0,0,ACCUMULATION,ACCUMULATION,50,65,True,31,"Smart money accumulation. Bullish bias, look for breakout.",1.415,0.5,False,False,False,False,0.3,0.3,True,False,False,18,False,[],0,NO,ACCUMULATION,"Smart money accumulation. Bullish bias, look for breakout.",NORMAL,LOW,0.023,"[{'symbol': 'EURGBP-OTC', 'action': 'NO_TRADE', 'reason': 'ไม่พบข้อมูลราคาตลาดปัจจุบัน จึงไม่สามารถวิเคราะห์แนวโน้มและสัญญาณได้', 'timestamp': '2026-06-26T08:59:35.715293'}, {'symbol': 'EURGBP-OTC', 'action': 'NO_TRADE', 'reason': 'ไม่พบข้อมูลราคาและตัวชี้วัดตลาดในปัจจุบัน ไม่สามารถวิเคราะห์สัญญาณทางเทคนิคได้', 'timestamp': '2026-06-26T09:00:34.477441'}, {'symbol': 'EURGBP-OTC', 'action': 'NO_TRADE', 'reason': 'ไม่พบข้อมูลราคาและตัวชี้วัดในปัจจุบัน ไม่สามารถวิเคราะห์สัญญาณเทคนิคได้', 'timestamp': '2026-06-26T09:01:36.790371'}, {'symbol': 'EURGBP-OTC', 'action': 'NO_TRADE', 'reason': 'ไม่พบข้อมูลราคาและตัวชี้วัดตลาดในปัจจุบัน จึงไม่สามารถวิเคราะห์สัญญาณซื้อขายได้', 'timestamp': '2026-06-26T09:02:34.039085'}, {'symbol': 'EURUSD', 'action': 'NO_TRADE', 'reason': 'ไม่สามารถวิเคราะห์ได้เนื่องจากไม่ได้รับข้อมูลราคาตลาดปัจจุบันกรุณาส่งข้อมูล JSON', 'timestamp': '2026-06-26T09:03:36.964670'}]",True,Passed basic checks,0,50,50,MEDIUM,5,WAIT,รอการวิเคราะห์จาก AI
2026-06-26 09:05:00,1.13611,1.136225,1.13611,1.136165,127.0,EURUSD,BEARISH,1.136033,1.13612,1.136252,1.136508,1.136729,1.136824,BEARISH,1.136978,1.13571,0.001268,0.000906,31.82,44.57,-0.000157,-0.000118,-3.9e-05,23.99,14.15,0.000253,33.67,-0.58,0.000254,0.000216,26.1,16.53,28.16,26.03,-0.0497,502,556.25,0.902,False,RISING,-8.1e-05,-3.5e-05,-2e-05,1.13564,1.136915,1.136103,1.136287,1.136408,1.135982,1.135798,36,5.04,1.136056,1.135955,72.67,-8e-06,-6.7e-05,92.55,89.87,0.000104,1.13564,1.136225,1.13611,1.135655,127,1.199,1.136165,1.136225,1.13611,1.13611,ASIAN,63311,HIGH,1.136165,1.136225,1.13611,1.13611,ASIAN,63311,HIGH,NONE,BULLISH,WEAK,HIGH,NEUTRAL,CHOPPY,True,NONE,44,26,26.666666666666668,47,NEUTRAL,False,70,[],0,0,NEUTRAL,BULLISH,40,True,BEAR_TRAP,50,True,False,False,70,False,0,100,DOWN,NONE,NONE,0,True,75,55,45,80,False,True,NEUTRAL,70,False,0.0,NONE,True,BULLISH,True,False,50,False,70,10.344827586201927,6.349206349204531,60.0,25,POOR,False,75,50,-0.17742569939103994,4,0.0,False,RANDOM,70,52.55071299251551,0.11486529251801328,True,MOMENTUM_SHIFT,False,True,False,65,True,70,DOWN,80,CHOPPY,NORMAL,DOWN,80,-0.0497,CHOPPY,65,30,65,NORMAL,NONE,65,30,75,NORMAL,58,40,60,-0.58,False,80,1.3995584988962473,29.108150110375277,RANGING,90,False,NONE,1.13564,1.136287,1.136103,FAR,30,50,85,50,NONE,NONE,NONE,False,[],0,0,ACCUMULATION,ACCUMULATION,54,65,True,31,"Smart money accumulation. Bullish bias, look for breakout.",0.902,0.5,False,False,False,False,0.3,0.3,True,False,False,18,False,[],0,NO,ACCUMULATION,"Smart money accumulation. Bullish bias, look for breakout.",NORMAL,LOW,0.022,"[{'symbol': 'EURGBP-OTC', 'action': 'NO_TRADE', 'reason': 'ไม่พบข้อมูลราคาและตัวชี้วัดตลาดในปัจจุบัน ไม่สามารถวิเคราะห์สัญญาณทางเทคนิคได้', 'timestamp': '2026-06-26T09:00:34.477441'}, {'symbol': 'EURGBP-OTC', 'action': 'NO_TRADE', 'reason': 'ไม่พบข้อมูลราคาและตัวชี้วัดในปัจจุบัน ไม่สามารถวิเคราะห์สัญญาณเทคนิคได้', 'timestamp': '2026-06-26T09:01:36.790371'}, {'symbol': 'EURGBP-OTC', 'action': 'NO_TRADE', 'reason': 'ไม่พบข้อมูลราคาและตัวชี้วัดตลาดในปัจจุบัน จึงไม่สามารถวิเคราะห์สัญญาณซื้อขายได้', 'timestamp': '2026-06-26T09:02:34.039085'}, {'symbol': 'EURUSD', 'action': 'NO_TRADE', 'reason': 'ไม่สามารถวิเคราะห์ได้เนื่องจากไม่ได้รับข้อมูลราคาตลาดปัจจุบันกรุณาส่งข้อมูล JSON', 'timestamp': '2026-06-26T09:03:36.964670'}, {'symbol': 'EURUSD', 'action': 'NO_TRADE', 'reason': 'ไม่พบข้อมูลราคาตลาดปัจจุบัน จึงไม่สามารถวิเคราะห์สัญญาณทางเทคนิคอย่างแม่นยำได้', 'timestamp': '2026-06-26T09:04:34.451392'}]",True,Passed basic checks,0,50,50,MEDIUM,5,WAIT,รอการวิเคราะห์จาก AI
2026-06-26 09:09:00,1.136225,1.13624,1.13619,1.13623,58.0,EURUSD,BEARISH,1.136033,1.13612,1.136252,1.136508,1.136729,1.136824,BEARISH,1.136978,1.13571,0.001268,0.000906,31.82,44.57,-0.000157,-0.000118,-3.9e-05,23.99,14.15,0.000253,33.67,-0.58,0.000254,0.000216,26.1,16.53,28.16,26.03,-0.0497,502,556.25,0.902,False,RISING,-8.1e-05,-3.5e-05,-2e-05,1.13564,1.136915,1.136103,1.136287,1.136408,1.135982,1.135798,36,5.04,1.136193,1.136045,75.66,5.2e-05,-5e-06,90.96,90.76,0.000114,1.13564,1.136285,1.136313,1.135606,58,0.548,1.13623,1.13624,1.13619,1.136225,ASIAN,62761,HIGH,1.13623,1.13624,1.13619,1.136225,ASIAN,62761,HIGH,NONE,BULLISH,WEAK,HIGH,NEUTRAL,CHOPPY,True,NONE,44,26,26.666666666666668,47,NEUTRAL,False,70,[],0,0,NEUTRAL,BULLISH,40,True,BEAR_TRAP,50,True,False,False,70,False,0,100,DOWN,NONE,NONE,0,True,75,55,45,80,False,True,NEUTRAL,70,False,0.0,NONE,True,BULLISH,True,False,50,False,70,10.344827586201927,6.349206349204531,60.0,25,POOR,False,75,50,-0.17742569939103994,4,0.0,False,RANDOM,70,52.55071299251551,0.11486529251801328,True,MOMENTUM_SHIFT,False,True,False,65,True,70,DOWN,80,CHOPPY,NORMAL,DOWN,80,-0.0497,CHOPPY,65,30,65,NORMAL,NONE,65,30,75,NORMAL,58,40,60,-0.58,False,80,1.3995584988962473,29.108150110375277,RANGING,90,False,NONE,1.13564,1.136287,1.136103,FAR,30,50,85,50,NONE,NONE,NONE,False,[],0,0,SIDEWAY_RANGE,SIDEWAY_RANGE,54,60,True,31,Price ranging between clear levels. Suitable for mean-reversion strategies.,0.902,0.5,False,False,False,False,0.3,0.3,True,False,False,18,False,[],0,NO,SIDEWAY_RANGE,Price ranging between clear levels. Suitable for mean-reversion strategies.,NORMAL,LOW,0.022,[],True,Passed basic checks,0,50,50,MEDIUM,5,WAIT,รอการวิเคราะห์จาก AI
2026-06-26 09:11:00,1.13618,1.136195,1.136125,1.136125,62.0,EURUSD,BEARISH,1.136083,1.136132,1.136246,1.136496,1.136714,1.136785,BEARISH,1.136963,1.135695,0.001269,0.000901,55.64,41.12,-0.000143,-0.000123,-2e-05,36.34,23.92,0.000246,32.16,-0.6,0.000255,0.000221,25.72,17.73,27.09,20.89,-0.0277,531,552.05,0.962,False,RISING,-4.1e-05,-3.5e-05,-1.9e-05,1.13564,1.136915,1.13621,1.13626,1.136335,1.136135,1.136085,37,5.18,1.136168,1.136065,69.28,5.3e-05,1.6e-05,83.72,87.77,0.000115,1.13564,1.136285,1.136351,1.135634,62,0.579,1.136125,1.136195,1.136125,1.13618,ASIAN,62585,HIGH,1.136125,1.136195,1.136125,1.13618,ASIAN,62585,HIGH,SHOOTING_STAR,BULLISH,WEAK,HIGH,NEUTRAL,CHOPPY,True,NONE,44,26,26.666666666666668,49,NEUTRAL,False,70,['SHOOTING_STAR'],1,20,BEARISH,BULLISH,60,True,BEAR_TRAP,75,True,False,True,70,False,0,100,DOWN,NONE,NONE,0,True,75,55,45,80,False,True,NEUTRAL,70,False,0.0,NONE,True,BULLISH,True,False,50,False,70,12.396694214874213,6.161616161616973,60.0,26,POOR,False,75,51,-0.15711932599431364,4,9.999999999999998,False,RANDOM,70,53.14804125396422,0.08003812931724964,True,MOMENTUM_SHIFT,False,True,False,65,True,70,DOWN,60,CORRECTIVE,NORMAL,DOWN,60,-0.0277,CORRECTIVE,55,30,50,NORMAL,NONE,65,30,75,NORMAL,58,40,60,-0.6,False,80,1.4084350721420642,29.428492785793583,RANGING,90,False,NONE,1.13564,1.13626,1.13621,FAR,30,50,85,50,NONE,NONE,NONE,False,[],0,0,SIDEWAY_RANGE,SIDEWAY_RANGE,54,60,True,31,Price ranging between clear levels. Suitable for mean-reversion strategies.,0.962,0.5,False,False,False,False,0.3,0.3,True,False,False,18,False,[],0,NO,SIDEWAY_RANGE,Price ranging between clear levels. Suitable for mean-reversion strategies.,NORMAL,LOW,0.022,"[{'symbol': 'EURGBP-OTC', 'action': 'NO_TRADE', 'reason': 'ตลาดเอเชียมีปริมาณการซื้อขายต่ำและไม่มีข้อมูลเพียงพอในการวิเคราะห์แนวโน้มที่ชัดเจน', 'timestamp': '2026-06-26T09:09:35.953753'}]",True,Passed basic checks,0,50,50,MEDIUM,5,WAIT,รอการวิเคราะห์จาก AI
2026-06-26 19:21:00,1.140305,1.14031,1.140035,1.140045,219.0,EURUSD,BULLISH,1.140127,1.140107,1.140152,1.139889,1.139179,1.138372,BULLISH,1.140721,1.139683,0.001038,0.001595,64.1,48.25,-2.8e-05,-1.1e-05,-1.7e-05,63.37,57.36,0.00035,75.88,0.55,0.00034,0.000324,16.61,21.75,18.66,7.64,0.0118,704,743.25,0.947,False,FALLING,1.9e-05,-2.6e-05,3e-06,1.139375,1.14068,1.140272,1.140448,1.140587,1.140133,1.139957,24,3.73,1.140202,1.140133,43.75,7.4e-05,7.1e-05,48.1,70.06,0.000129,1.139825,1.14041,1.140379,1.139904,219,1.611,1.140045,1.14031,1.140035,1.140305,LONDON,62888,HIGH,1.140045,1.14031,1.140035,1.140305,LONDON,62888,HIGH,NONE,BULLISH,WEAK,HIGH_WICK,NEUTRAL,CHAOTIC,NONE,NONE,43,26,-10.344827586206897,52,NEUTRAL,False,70,[],0,0,NEUTRAL,BULLISH,40,False,NONE,0,False,False,False,60,False,0,100,UP,NONE,NONE,0,True,75,55,45,80,False,True,NEUTRAL,70,False,0.0,NONE,False,NONE,False,False,0,False,60,8.16993464052603,0.37650602409550926,55.00000000000001,21,POOR,False,75,67,-0.16348665057306253,5,50.0,True,RANDOM,70,49.08657986032249,1.2231743832576272,False,NONE,False,False,False,100,True,70,NONE,40,CHOPPY,EXTREME,NONE,40,0.0118,CHOPPY,20,50,30,WEAK,BEARISH,50,40,60,EXTREME,88,40,60,0.55,False,40,0.6507836990595611,55.296,RANGING,90,False,NONE,1.139375,1.140448,1.140272,FAR,30,50,85,50,NONE,NONE,NONE,False,[],0,0,SIDEWAY_RANGE,SIDEWAY_RANGE,53,60,True,24,Price ranging between clear levels. Suitable for mean-reversion strategies.,0.947,0.5,False,False,False,True,0.3,0.3,True,False,False,22,False,[],0,NO,SIDEWAY_RANGE,Price ranging between clear levels. Suitable for mean-reversion strategies.,EXTREME,LOW,0.031,[],True,Passed basic checks,0,50,50,MEDIUM,5,WAIT,รอการวิเคราะห์จาก AI,1.140194,1.140094,47.97,1.14013,1.140225,1.13995,BULLISH,NONE
2026-06-26 19:22:00,1.140045,1.140155,1.13998,1.140085,251.0,EURUSD,BULLISH,1.140127,1.140107,1.140152,1.139889,1.139179,1.138372,BULLISH,1.140721,1.139683,0.001038,0.001595,64.1,48.25,-2.8e-05,-1.1e-05,-1.7e-05,63.37,57.36,0.00035,75.88,0.55,0.00034,0.000324,16.61,21.75,18.66,7.64,0.0118,704,743.25,0.947,False,FALLING,1.9e-05,-2.6e-05,3e-06,1.139375,1.14068,1.140272,1.140448,1.140587,1.140133,1.139957,24,3.73,1.140163,1.140128,51.3,6e-05,6.9e-05,35.57,53.75,0.000134,1.139905,1.14041,1.140368,1.139931,251,1.806,1.140085,1.140155,1.13998,1.140045,LONDON,63307,HIGH,1.140085,1.140155,1.13998,1.140045,LONDON,63307,HIGH,NONE,BULLISH,WEAK,HIGH_WICK,NEUTRAL,CHAOTIC,NONE,NONE,43,26,-10.344827586206897,52,NEUTRAL,False,70,[],0,0,NEUTRAL,BULLISH,40,False,NONE,0,False,False,False,60,False,0,100,UP,NONE,NONE,0,True,75,55,45,80,False,True,NEUTRAL,70,False,0.0,NONE,False,NONE,False,False,0,False,60,8.16993464052603,0.37650602409550926,55.00000000000001,21,POOR,False,75,67,-0.16348665057306253,5,50.0,True,RANDOM,70,49.08657986032249,1.2231743832576272,False,NONE,False,False,False,100,True,70,NONE,40,CHOPPY,EXTREME,NONE,40,0.0118,CHOPPY,20,50,30,WEAK,BEARISH,50,40,60,EXTREME,88,40,60,0.55,False,40,0.6507836990595611,55.296,RANGING,90,False,NONE,1.139375,1.140448,1.140272,FAR,30,50,85,50,NONE,NONE,NONE,False,[],0,0,SIDEWAY_RANGE,SIDEWAY_RANGE,53,60,True,24,Price ranging between clear levels. Suitable for mean-reversion strategies.,0.947,0.5,False,False,False,True,0.3,0.3,True,False,False,22,False,[],0,NO,SIDEWAY_RANGE,Price ranging between clear levels. Suitable for mean-reversion strategies.,EXTREME,LOW,0.031,[],True,Passed basic checks,0,50,50,MEDIUM,5,WAIT,รอการวิเคราะห์จาก AI,1.140174,1.140094,49.34,1.140073,1.140167,1.139992,BULLISH,NONE
2026-06-26 19:23:00,1.140085,1.14025,1.14004,1.140185,150.0,EURUSD,BULLISH,1.140127,1.140107,1.140152,1.139889,1.139179,1.138372,BULLISH,1.140721,1.139683,0.001038,0.001595,64.1,48.25,-2.8e-05,-1.1e-05,-1.7e-05,63.37,57.36,0.00035,75.88,0.55,0.00034,0.000324,16.61,21.75,18.66,7.64,0.0118,704,743.25,0.947,False,FALLING,1.9e-05,-2.6e-05,3e-06,1.139375,1.14068,1.140272,1.140448,1.140587,1.140133,1.139957,24,3.73,1.14017,1.140133,54.81,5.7e-05,6.6e-05,26.56,36.74,0.000142,1.139905,1.14041,1.140356,1.139968,150,1.093,1.140185,1.14025,1.14004,1.140085,LONDON,62613,HIGH,1.140185,1.14025,1.14004,1.140085,LONDON,62613,HIGH,NONE,BULLISH,WEAK,HIGH_WICK,NEUTRAL,CHAOTIC,NONE,TESTING_PIVOT,43,26,-10.344827586206897,52,NEUTRAL,False,70,[],0,0,NEUTRAL,BULLISH,40,False,NONE,0,False,False,False,60,False,0,100,UP,NONE,NONE,0,True,75,55,45,80,False,True,NEUTRAL,70,False,0.0,NONE,False,NONE,False,False,0,False,60,8.16993464052603,0.37650602409550926,55.00000000000001,21,POOR,False,75,67,-0.16348665057306253,5,50.0,True,RANDOM,70,49.08657986032249,1.2231743832576272,False,NONE,False,False,False,100,True,70,UP,40,CHOPPY,EXTREME,UP,40,0.0118,CHOPPY,55,30,50,WEAK,BEARISH,50,40,60,EXTREME,88,40,60,0.55,False,40,0.6507836990595611,55.296,RANGING,90,False,NONE,1.139375,1.140448,1.140272,FAR,30,50,85,50,NONE,NONE,NONE,False,[],0,0,SIDEWAY_RANGE,SIDEWAY_RANGE,53,60,True,24,Price ranging between clear levels. Suitable for mean-reversion strategies.,0.947,0.5,False,False,True,True,0.3,0.3,True,False,False,22,False,[],0,NO,SIDEWAY_RANGE,Price ranging between clear levels. Suitable for mean-reversion strategies.,EXTREME,LOW,0.031,[],True,Passed basic checks,0,50,50,MEDIUM,5,WAIT,รอการวิเคราะห์จาก AI,1.140176,1.140097,45.0,1.140158,1.140277,1.140067,BULLISH,AT_PIVOT
2026-06-26 19:24:00,1.140185,1.140275,1.140075,1.14021,207.0,EURUSD,BULLISH,1.140127,1.140107,1.140152,1.139889,1.139179,1.138372,BULLISH,1.140721,1.139683,0.001038,0.001595,64.1,48.25,-2.8e-05,-1.1e-05,-1.7e-05,63.37,57.36,0.00035,75.88,0.55,0.00034,0.000324,16.61,21.75,18.66,7.64,0.0118,704,743.25,0.947,False,FALLING,1.9e-05,-2.6e-05,3e-06,1.139375,1.14068,1.140272,1.140448,1.140587,1.140133,1.139957,24,3.73,1.140184,1.140141,54.15,5.6e-05,6.4e-05,41.86,34.66,0.000145,1.13998,1.14041,1.140358,1.139982,207,1.475,1.14021,1.140275,1.140075,1.140185,LONDON,63019,HIGH,1.14021,1.140275,1.140075,1.140185,LONDON,63019,HIGH,NONE,BULLISH,WEAK,HIGH_WICK,NEUTRAL,CHAOTIC,NONE,TESTING_PIVOT,43,26,-10.344827586206897,52,NEUTRAL,False,70,[],0,0,NEUTRAL,BULLISH,40,False,NONE,0,False,False,False,60,False,0,100,UP,NONE,NONE,0,True,75,55,45,80,False,True,NEUTRAL,70,False,0.0,NONE,False,NONE,False,False,0,False,60,8.16993464052603,0.37650602409550926,55.00000000000001,21,POOR,False,75,67,-0.16348665057306253,5,50.0,True,RANDOM,70,49.08657986032249,1.2231743832576272,False,NONE,False,False,False,100,True,70,UP,40,CHOPPY,EXTREME,UP,40,0.0118,CHOPPY,55,30,50,WEAK,BEARISH,50,40,60,EXTREME,88,40,60,0.55,False,40,0.6507836990595611,55.296,RANGING,90,False,NONE,1.139375,1.140448,1.140272,FAR,30,50,85,50,NONE,NONE,NONE,False,[],0,0,SIDEWAY_RANGE,SIDEWAY_RANGE,53,60,True,24,Price ranging between clear levels. Suitable for mean-reversion strategies.,0.947,0.5,False,False,True,True,0.3,0.3,True,False,False,22,False,[],0,NO,SIDEWAY_RANGE,Price ranging between clear levels. Suitable for mean-reversion strategies.,EXTREME,LOW,0.031,[],True,Passed basic checks,0,50,50,MEDIUM,5,WAIT,รอการวิเคราะห์จาก AI,1.140182,1.140102,41.67,1.140187,1.140298,1.140098,BULLISH,AT_PIVOT
2026-06-26 19:25:00,1.14021,1.14026,1.14014,1.140175,176.0,EURUSD,BULLISH,1.140143,1.140119,1.140154,1.1399,1.139194,1.138359,BULLISH,1.140714,1.139679,0.001035,0.001586,68.18,49.47,-2.1e-05,-1.3e-05,-8e-06,64.69,61.97,0.000338,71.36,0.43,0.000341,0.000323,15.5,20.23,19.79,1.1,0.0066,1003,750.05,1.337,False,RISING,3.9e-05,-2.5e-05,2e-06,1.139375,1.14064,1.140155,1.14033,1.140485,1.14,1.139825,20,3.74,1.140181,1.140144,50.97,5.2e-05,6.2e-05,48.84,39.09,0.000149,1.13998,1.14041,1.140359,1.139988,176,1.248,1.140175,1.14026,1.14014,1.14021,LONDON,62517,HIGH,1.140175,1.14026,1.14014,1.14021,LONDON,62517,HIGH,NONE,BEARISH,WEAK,HIGH_WICK,NEUTRAL,CHAOTIC,NONE,TESTING_PIVOT,44,23,-13.333333333333334,50,NEUTRAL,False,70,[],0,0,NEUTRAL,BEARISH,40,False,NONE,0,False,False,False,60,False,0,100,UP,NONE,NONE,0,True,75,55,45,80,False,True,NEUTRAL,70,False,0.0,NONE,False,NONE,False,False,0,False,60,3.7671232876733423,2.611367127496207,55.00000000000001,20,POOR,False,75,66,-0.17087317349771403,5,40.0,True,RANDOM,70,47.20461139653064,2.920968880964235,True,MOMENTUM_SHIFT,False,True,False,65,True,70,UP,60,CHOPPY,HIGH,UP,60,0.0066,CHOPPY,55,30,50,WEAK,BEARISH,50,40,60,HIGH,73,40,60,0.43,False,80,0.6525851197982345,58.912,RANGING,90,False,NONE,1.139375,1.14033,1.140155,FAR,30,50,85,50,NONE,NONE,NONE,False,[],0,0,ACCUMULATION,ACCUMULATION,50,65,True,25,"Smart money accumulation. Bullish bias, look for breakout.",1.337,0.5,False,False,True,True,0.3,0.3,True,False,False,22,False,[],0,NO,ACCUMULATION,"Smart money accumulation. Bullish bias, look for breakout.",HIGH,LOW,0.03,[],True,Passed basic checks,0,50,50,MEDIUM,5,WAIT,รอการวิเคราะห์จาก AI,1.140181,1.140105,33.86,1.140192,1.140243,1.140123,BEARISH,AT_PIVOT
2026-06-26 19:26:00,1.14017,1.14041,1.140165,1.140305,193.0,EURUSD,BULLISH,1.140143,1.140119,1.140154,1.1399,1.139194,1.138359,BULLISH,1.140714,1.139679,0.001035,0.001586,68.18,49.47,-2.1e-05,-1.3e-05,-8e-06,64.69,61.97,0.000338,71.36,0.43,0.000341,0.000323,15.5,20.23,19.79,1.1,0.0066,1003,750.05,1.337,False,RISING,3.9e-05,-2.5e-05,2e-06,1.139375,1.14064,1.140155,1.14033,1.140485,1.14,1.139825,20,3.74,1.140222,1.140159,56.28,5.9e-05,6.1e-05,58.14,49.61,0.000155,1.13998,1.14041,1.140375,1.139987,193,1.348,1.140305,1.14041,1.140165,1.14017,LONDON,62818,HIGH,1.140305,1.14041,1.140165,1.14017,LONDON,62818,HIGH,NONE,BEARISH,WEAK,HIGH_WICK,NEUTRAL,CHAOTIC,NONE,TESTING_PIVOT,44,23,-13.333333333333334,50,NEUTRAL,False,70,[],0,0,NEUTRAL,BEARISH,40,False,NONE,0,False,False,False,60,False,0,100,UP,NONE,NONE,0,True,75,55,45,80,False,True,NEUTRAL,70,False,0.0,NONE,False,NONE,False,False,0,False,60,3.7671232876733423,2.611367127496207,55.00000000000001,20,POOR,False,75,66,-0.17087317349771403,5,40.0,True,RANDOM,70,47.20461139653064,2.920968880964235,True,MOMENTUM_SHIFT,False,True,False,65,True,70,UP,60,CHOPPY,HIGH,UP,60,0.0066,CHOPPY,55,30,50,WEAK,BEARISH,50,40,60,HIGH,73,40,60,0.43,False,80,0.6525851197982345,58.912,RANGING,90,False,NONE,1.139375,1.14033,1.140155,FAR,30,50,85,50,NONE,NONE,NONE,False,[],0,0,ACCUMULATION,ACCUMULATION,50,65,True,25,"Smart money accumulation. Bullish bias, look for breakout.",1.337,0.5,False,False,True,True,0.3,0.3,True,False,False,22,False,[],0,NO,ACCUMULATION,"Smart money accumulation. Bullish bias, look for breakout.",HIGH,LOW,0.03,[],True,Passed basic checks,0,50,50,MEDIUM,5,WAIT,รอการวิเคราะห์จาก AI,1.140203,1.140112,53.49,1.140293,1.140422,1.140177,BEARISH,AT_PIVOT
2026-06-26 19:27:00,1.1403,1.14043,1.14029,1.140385,102.0,EURUSD,BULLISH,1.140143,1.140119,1.140154,1.1399,1.139194,1.138359,BULLISH,1.140714,1.139679,0.001035,0.001586,68.18,49.47,-2.1e-05,-1.3e-05,-8e-06,64.69,61.97,0.000338,71.36,0.43,0.000341,0.000323,15.5,20.23,19.79,1.1,0.0066,1003,750.05,1.337,False,RISING,3.9e-05,-2.5e-05,2e-06,1.139375,1.14064,1.140155,1.14033,1.140485,1.14,1.139825,20,3.74,1.140276,1.140181,59.35,6.9e-05,6.3e-05,70.31,59.1,0.000159,1.13998,1.14043,1.140406,1.139977,102,0.723,1.140385,1.14043,1.14029,1.1403,LONDON,63311,HIGH,1.140385,1.14043,1.14029,1.1403,LONDON,63311,HIGH,NONE,BEARISH,WEAK,HIGH_WICK,NEUTRAL,CHAOTIC,NONE,NONE,44,23,-13.333333333333334,50,NEUTRAL,False,70,[],0,0,NEUTRAL,BEARISH,40,False,NONE,0,False,False,False,60,False,0,100,UP,NONE,NONE,0,True,75,55,45,80,False,True,NEUTRAL,70,False,0.0,NONE,False,NONE,False,False,0,False,60,3.7671232876733423,2.611367127496207,55.00000000000001,20,POOR,False,75,66,-0.17087317349771403,5,40.0,True,RANDOM,70,47.20461139653064,2.920968880964235,True,MOMENTUM_SHIFT,False,True,False,65,True,70,UP,60,CHOPPY,HIGH,UP,60,0.0066,CHOPPY,55,30,50,WEAK,BEARISH,50,40,60,HIGH,73,40,60,0.43,False,80,0.6525851197982345,58.912,RANGING,90,False,NONE,1.139375,1.14033,1.140155,FAR,30,50,85,50,NONE,NONE,NONE,False,[],0,0,ACCUMULATION,ACCUMULATION,50,65,True,25,"Smart money accumulation. Bullish bias, look for breakout.",1.337,0.5,False,False,True,True,0.3,0.3,True,False,False,22,False,[],0,NO,ACCUMULATION,"Smart money accumulation. Bullish bias, look for breakout.",HIGH,LOW,0.03,[],True,Passed basic checks,0,50,50,MEDIUM,5,WAIT,รอการวิเคราะห์จาก AI,1.140236,1.140123,55.56,1.140368,1.140447,1.140307,BEARISH,NONE
2026-06-26 19:28:00,1.140385,1.140645,1.140385,1.140615,159.0,EURUSD,BULLISH,1.140143,1.140119,1.140154,1.1399,1.139194,1.138359,BULLISH,1.140714,1.139679,0.001035,0.001586,68.18,49.47,-2.1e-05,-1.3e-05,-8e-06,64.69,61.97,0.000338,71.36,0.43,0.000341,0.000323,15.5,20.23,19.79,1.1,0.0066,1003,750.05,1.337,False,RISING,3.9e-05,-2.5e-05,2e-06,1.139375,1.14064,1.140155,1.14033,1.140485,1.14,1.139825,20,3.74,1.140389,1.140222,69.57,9.5e-05,6.9e-05,87.02,71.82,0.000171,1.13998,1.140645,1.140496,1.139942,159,1.114,1.140615,1.140645,1.140385,1.140385,LONDON,62716,HIGH,1.140615,1.140645,1.140385,1.140385,LONDON,62716,HIGH,NONE,BEARISH,WEAK,HIGH_WICK,NEUTRAL,CHAOTIC,NONE,TESTING_RESISTANCE,44,23,-13.333333333333334,50,NEUTRAL,False,70,[],0,0,NEUTRAL,BEARISH,40,False,NONE,0,False,False,False,60,False,0,100,UP,NONE,NONE,0,True,75,55,45,80,False,True,NEUTRAL,70,False,0.0,NONE,False,NONE,False,False,0,False,60,3.7671232876733423,2.611367127496207,55.00000000000001,20,POOR,False,75,66,-0.17087317349771403,5,40.0,True,RANDOM,70,47.20461139653064,2.920968880964235,True,MOMENTUM_SHIFT,False,True,False,65,True,70,UP,60,CHOPPY,HIGH,UP,60,0.0066,CHOPPY,55,30,50,WEAK,BEARISH,50,40,60,HIGH,73,40,60,0.43,False,80,0.6525851197982345,58.912,RANGING,90,False,NONE,1.139375,1.14033,1.140155,FAR,30,50,85,50,NONE,NONE,NONE,False,[],0,0,ACCUMULATION,ACCUMULATION,50,65,True,25,"Smart money accumulation. Bullish bias, look for breakout.",1.337,0.5,False,False,True,True,0.3,0.3,True,False,False,22,False,[],0,NO,ACCUMULATION,"Smart money accumulation. Bullish bias, look for breakout.",HIGH,LOW,0.03,[],True,Passed basic checks,0,50,50,MEDIUM,5,WAIT,รอการวิเคราะห์จาก AI,1.140305,1.140143,94.53,1.140548,1.140712,1.140452,BEARISH,AT_RESISTANCE
2026-06-26 19:29:00,1.14061,1.14061,1.14049,1.14051,119.0,EURUSD,BULLISH,1.140143,1.140119,1.140154,1.1399,1.139194,1.138359,BULLISH,1.140714,1.139679,0.001035,0.001586,68.18,49.47,-2.1e-05,-1.3e-05,-8e-06,64.69,61.97,0.000338,71.36,0.43,0.000341,0.000323,15.5,20.23,19.79,1.1,0.0066,1003,750.05,1.337,False,RISING,3.9e-05,-2.5e-05,2e-06,1.139375,1.14064,1.140155,1.14033,1.140485,1.14,1.139825,20,3.74,1.14043,1.14025,64.16,0.000106,7.7e-05,88.4,81.91,0.000175,1.13998,1.140645,1.140539,1.139942,119,0.821,1.14051,1.14061,1.14049,1.14061,LONDON,63029,HIGH,1.14051,1.14061,1.14049,1.14061,LONDON,63029,HIGH,NONE,BEARISH,WEAK,HIGH_WICK,NEUTRAL,CHAOTIC,NONE,TESTING_RESISTANCE,44,23,-13.333333333333334,50,NEUTRAL,False,70,[],0,0,NEUTRAL,BEARISH,40,False,NONE,0,False,False,False,60,False,0,100,UP,NONE,NONE,0,True,75,55,45,80,False,True,NEUTRAL,70,False,0.0,NONE,False,NONE,False,False,0,False,60,3.7671232876733423,2.611367127496207,55.00000000000001,20,POOR,False,75,66,-0.17087317349771403,5,40.0,True,RANDOM,70,47.20461139653064,2.920968880964235,True,MOMENTUM_SHIFT,False,True,False,65,True,70,UP,60,CHOPPY,HIGH,UP,60,0.0066,CHOPPY,55,30,50,WEAK,BEARISH,50,40,60,HIGH,73,40,60,0.43,False,80,0.6525851197982345,58.912,RANGING,90,False,NONE,1.139375,1.14033,1.140155,FAR,30,50,85,50,NONE,NONE,NONE,False,[],0,0,ACCUMULATION,ACCUMULATION,50,65,True,25,"Smart money accumulation. Bullish bias, look for breakout.",1.337,0.5,False,False,True,True,0.3,0.3,True,False,False,22,False,[],0,NO,ACCUMULATION,"Smart money accumulation. Bullish bias, look for breakout.",HIGH,LOW,0.03,[],True,Passed basic checks,0,50,50,MEDIUM,5,WAIT,รอการวิเคราะห์จาก AI,1.140343,1.140157,80.14,1.140537,1.140583,1.140463,BEARISH,AT_RESISTANCE
2026-06-26 19:30:00,1.14052,1.140535,1.140385,1.140445,161.0,EURUSD,BULLISH,1.140244,1.140178,1.140182,1.139921,1.139225,1.138425,BULLISH,1.140727,1.139676,0.001051,0.001577,86.08,50.52,6e-06,-9e-06,1.5e-05,73.8,67.29,0.000339,72.36,0.45,0.000341,0.000322,15.6,25.12,17.84,16.94,0.0408,734,759.05,0.967,False,RISING,6.9e-05,-1.9e-05,1e-06,1.139375,1.140645,1.140418,1.140672,1.140898,1.140192,1.139938,21,3.75,1.140435,1.140268,56.93,0.000108,8.3e-05,81.7,85.71,0.000174,1.13998,1.140645,1.140563,1.13995,161,1.113,1.140445,1.140535,1.140385,1.14052,LONDON,63512,HIGH,1.140445,1.140535,1.140385,1.14052,LONDON,63512,HIGH,BULLISH_ENGULFING,BULLISH,WEAK,HIGH_WICK,NEUTRAL,CHAOTIC,TRUE,TESTING_PIVOT,43,23,-6.666666666666667,48,NEUTRAL,False,70,['BULLISH_ENGULFING'],1,20,BULLISH,BULLISH,60,True,BULL_TRAP,50,True,False,False,70,False,0,100,UP,NONE,NONE,0,True,75,55,45,80,False,True,NEUTRAL,70,False,0.0,NONE,False,NONE,False,False,0,False,60,3.194888178913534,0.741839762612845,55.00000000000001,19,POOR,False,75,64,-0.18462871730431396,5,30.000000000000004,True,RANDOM,70,45.71527836988777,4.705505875428386,True,MOMENTUM_SHIFT,False,True,False,65,True,70,UP,80,CHOPPY,HIGH,UP,80,0.0408,CHOPPY,65,30,65,WEAK,NONE,50,30,60,HIGH,73,40,60,0.45,False,80,0.6664552948636652,58.111999999999995,RANGING,90,False,NONE,1.139375,1.140645,1.140418,FAR,30,50,85,50,NONE,NONE,NONE,False,[],0,0,SIDEWAY_RANGE,SIDEWAY_RANGE,57,60,True,25,Price ranging between clear levels. Suitable for mean-reversion strategies.,0.967,0.5,False,False,True,True,0.3,0.3,True,False,False,22,False,[],0,NO,SIDEWAY_RANGE,Price ranging between clear levels. Suitable for mean-reversion strategies.,HIGH,LOW,0.03,[],True,Passed basic checks,0,50,50,MEDIUM,5,WAIT,รอการวิเคราะห์จาก AI,1.140361,1.140168,69.4,1.140455,1.140525,1.140375,BULLISH,AT_PIVOT
2026-06-26 19:31:00,1.140435,1.140455,1.14031,1.14043,148.0,EURUSD,BULLISH,1.140244,1.140178,1.140182,1.139921,1.139225,1.138425,BULLISH,1.140727,1.139676,0.001051,0.001577,86.08,50.52,6e-06,-9e-06,1.5e-05,73.8,67.29,0.000339,72.36,0.45,0.000341,0.000322,15.6,25.12,17.84,16.94,0.0408,734,759.05,0.967,False,RISING,6.9e-05,-1.9e-05,1e-06,1.139375,1.140645,1.140418,1.140672,1.140898,1.140192,1.139938,21,3.75,1.140433,1.140284,54.17,0.000108,8.8e-05,72.43,80.84,0.000177,1.13998,1.140645,1.140582,1.139958,148,0.996,1.14043,1.140455,1.14031,1.140435,LONDON,62885,HIGH,1.14043,1.140455,1.14031,1.140435,LONDON,62885,HIGH,BULLISH_ENGULFING,BULLISH,WEAK,HIGH_WICK,NEUTRAL,CHAOTIC,TRUE,TESTING_PIVOT,43,23,-6.666666666666667,48,NEUTRAL,False,70,['BULLISH_ENGULFING'],1,20,BULLISH,BULLISH,60,True,BULL_TRAP,50,True,False,False,70,False,0,100,UP,NONE,NONE,0,True,75,55,45,80,False,True,NEUTRAL,70,False,0.0,NONE,False,NONE,False,False,0,False,60,3.194888178913534,0.741839762612845,55.00000000000001,19,POOR,False,75,64,-0.18462871730431396,5,30.000000000000004,True,RANDOM,70,45.71527836988777,4.705505875428386,True,MOMENTUM_SHIFT,False,True,False,65,True,70,UP,80,CHOPPY,HIGH,UP,80,0.0408,CHOPPY,65,30,65,WEAK,NONE,50,30,60,HIGH,73,40,60,0.45,False,80,0.6664552948636652,58.111999999999995,RANGING,90,False,NONE,1.139375,1.140645,1.140418,FAR,30,50,85,50,NONE,NONE,NONE,False,[],0,0,SIDEWAY_RANGE,SIDEWAY_RANGE,57,60,True,25,Price ranging between clear levels. Suitable for mean-reversion strategies.,0.967,0.5,False,False,True,True,0.3,0.3,True,False,False,22,False,[],0,NO,SIDEWAY_RANGE,Price ranging between clear levels. Suitable for mean-reversion strategies.,HIGH,LOW,0.03,[],True,Passed basic checks,0,50,50,MEDIUM,5,WAIT,รอการวิเคราะห์จาก AI,1.140374,1.140178,66.67,1.140398,1.140487,1.140342,BULLISH,AT_PIVOT
2026-06-26 19:32:00,1.140435,1.14064,1.140425,1.140605,142.0,EURUSD,BULLISH,1.140244,1.140178,1.140182,1.139921,1.139225,1.138425,BULLISH,1.140727,1.139676,0.001051,0.001577,86.08,50.52,6e-06,-9e-06,1.5e-05,73.8,67.29,0.000339,72.36,0.45,0.000341,0.000322,15.6,25.12,17.84,16.94,0.0408,734,759.05,0.967,False,RISING,6.9e-05,-1.9e-05,1e-06,1.139375,1.140645,1.140418,1.140672,1.140898,1.140192,1.139938,21,3.75,1.14049,1.140314,57.84,0.00012,9.4e-05,77.19,77.11,0.000183,1.13998,1.140645,1.140633,1.139951,142,0.95,1.140605,1.14064,1.140425,1.140435,LONDON,63292,HIGH,1.140605,1.14064,1.140425,1.140435,LONDON,63292,HIGH,BULLISH_ENGULFING,BULLISH,WEAK,HIGH_WICK,NEUTRAL,CHAOTIC,TRUE,TESTING_RESISTANCE,43,23,-6.666666666666667,48,NEUTRAL,False,70,['BULLISH_ENGULFING'],1,20,BULLISH,BULLISH,60,True,BULL_TRAP,50,True,False,False,70,False,0,100,UP,NONE,NONE,0,True,75,55,45,80,False,True,NEUTRAL,70,False,0.0,NONE,False,NONE,False,False,0,False,60,3.194888178913534,0.741839762612845,55.00000000000001,19,POOR,False,75,64,-0.18462871730431396,5,30.000000000000004,True,RANDOM,70,45.71527836988777,4.705505875428386,True,MOMENTUM_SHIFT,False,True,False,65,True,70,UP,80,CHOPPY,HIGH,UP,80,0.0408,CHOPPY,65,30,65,WEAK,NONE,50,30,60,HIGH,73,40,60,0.45,False,80,0.6664552948636652,58.111999999999995,RANGING,90,False,NONE,1.139375,1.140645,1.140418,FAR,30,50,85,50,NONE,NONE,NONE,False,[],0,0,SIDEWAY_RANGE,SIDEWAY_RANGE,57,60,True,25,Price ranging between clear levels. Suitable for mean-reversion strategies.,0.967,0.5,False,False,True,True,0.3,0.3,True,False,False,22,False,[],0,NO,SIDEWAY_RANGE,Price ranging between clear levels. Suitable for mean-reversion strategies.,HIGH,LOW,0.03,[],True,Passed basic checks,0,50,50,MEDIUM,5,WAIT,รอการวิเคราะห์จาก AI,1.140416,1.140195,76.88,1.140557,1.140688,1.140473,BULLISH,AT_RESISTANCE
2026-06-26 19:33:00,1.140615,1.14063,1.14043,1.14043,158.0,EURUSD,BULLISH,1.140244,1.140178,1.140182,1.139921,1.139225,1.138425,BULLISH,1.140727,1.139676,0.001051,0.001577,86.08,50.52,6e-06,-9e-06,1.5e-05,73.8,67.29,0.000339,72.36,0.45,0.000341,0.000322,15.6,25.12,17.84,16.94,0.0408,734,759.05,0.967,False,RISING,6.9e-05,-1.9e-05,1e-06,1.139375,1.140645,1.140418,1.140672,1.140898,1.140192,1.139938,21,3.75,1.14047,1.140325,55.7,0.000114,9.8e-05,76.44,75.35,0.000186,1.13998,1.140645,1.140646,1.139966,158,1.033,1.14043,1.14063,1.14043,1.140615,LONDON,62733,HIGH,1.14043,1.14063,1.14043,1.140615,LONDON,62733,HIGH,BULLISH_ENGULFING,BULLISH,WEAK,HIGH_WICK,NEUTRAL,CHAOTIC,TRUE,TESTING_PIVOT,43,23,-6.666666666666667,48,NEUTRAL,False,70,['BULLISH_ENGULFING'],1,20,BULLISH,BULLISH,60,True,BULL_TRAP,50,True,False,False,70,False,0,100,UP,NONE,NONE,0,True,75,55,45,80,False,True,NEUTRAL,70,False,0.0,NONE,False,NONE,False,False,0,False,60,3.194888178913534,0.741839762612845,55.00000000000001,19,POOR,False,75,64,-0.18462871730431396,5,30.000000000000004,True,RANDOM,70,45.71527836988777,4.705505875428386,True,MOMENTUM_SHIFT,False,True,False,65,True,70,UP,80,CHOPPY,HIGH,UP,80,0.0408,CHOPPY,65,30,65,WEAK,NONE,50,30,60,HIGH,73,40,60,0.45,False,80,0.6664552948636652,58.111999999999995,RANGING,90,False,NONE,1.139375,1.140645,1.140418,FAR,30,50,85,50,NONE,NONE,NONE,False,[],0,0,SIDEWAY_RANGE,SIDEWAY_RANGE,57,60,True,25,Price ranging between clear levels. Suitable for mean-reversion strategies.,0.967,0.5,False,False,True,True,0.3,0.3,True,False,False,22,False,[],0,NO,SIDEWAY_RANGE,Price ranging between clear levels. Suitable for mean-reversion strategies.,HIGH,LOW,0.03,[],True,Passed basic checks,0,50,50,MEDIUM,5,WAIT,รอการวิเคราะห์จาก AI,1.140418,1.140204,57.4,1.140497,1.140563,1.140363,BULLISH,AT_PIVOT
2026-06-26 19:34:00,1.140435,1.14044,1.14015,1.14028,182.0,EURUSD,BULLISH,1.140244,1.140178,1.140182,1.139921,1.139225,1.138425,BULLISH,1.140727,1.139676,0.001051,0.001577,86.08,50.52,6e-06,-9e-06,1.5e-05,73.8,67.29,0.000339,72.36,0.45,0.000341,0.000322,15.6,25.12,17.84,16.94,0.0408,734,759.05,0.967,False,RISING,6.9e-05,-1.9e-05,1e-06,1.139375,1.140645,1.140418,1.140672,1.140898,1.140192,1.139938,21,3.75,1.140407,1.140321,49.06,9.6e-05,9.8e-05,68.92,74.19,0.000196,1.13998,1.140645,1.140639,1.139994,182,1.161,1.14028,1.14044,1.14015,1.140435,LONDON,63213,HIGH,1.14028,1.14044,1.14015,1.140435,LONDON,63213,HIGH,BULLISH_ENGULFING,BULLISH,WEAK,HIGH_WICK,NEUTRAL,CHAOTIC,TRUE,TESTING_PIVOT,43,23,-6.666666666666667,48,NEUTRAL,False,70,['BULLISH_ENGULFING'],1,20,BULLISH,BULLISH,60,True,BULL_TRAP,50,True,False,False,70,False,0,100,UP,NONE,NONE,0,True,75,55,45,80,False,True,NEUTRAL,70,False,0.0,NONE,False,NONE,False,False,0,False,60,3.194888178913534,0.741839762612845,55.00000000000001,19,POOR,False,75,64,-0.18462871730431396,5,30.000000000000004,True,RANDOM,70,45.71527836988777,4.705505875428386,True,MOMENTUM_SHIFT,False,True,False,65,True,70,UP,80,CHOPPY,HIGH,UP,80,0.0408,CHOPPY,65,30,65,WEAK,NONE,50,30,60,HIGH,73,40,60,0.45,False,80,0.6664552948636652,58.111999999999995,RANGING,90,False,NONE,1.139375,1.140645,1.140418,FAR,30,50,85,50,NONE,NONE,NONE,False,[],0,0,SIDEWAY_RANGE,SIDEWAY_RANGE,57,60,True,25,Price ranging between clear levels. Suitable for mean-reversion strategies.,0.967,0.5,False,False,True,True,0.3,0.3,True,False,False,22,False,[],0,NO,SIDEWAY_RANGE,Price ranging between clear levels. Suitable for mean-reversion strategies.,HIGH,LOW,0.03,[],True,Passed basic checks,0,50,50,MEDIUM,5,WAIT,รอการวิเคราะห์จาก AI,1.140393,1.140207,44.26,1.14029,1.14043,1.14014,BULLISH,AT_PIVOT
2026-06-26 19:35:00,1.14028,1.14043,1.14021,1.14028,194.0,EURUSD,BULLISH,1.140256,1.140197,1.140191,1.139935,1.139248,1.138457,BULLISH,1.140699,1.139682,0.001017,0.001567,70.27,48.04,1.4e-05,-5e-06,1.9e-05,72.92,70.47,0.000351,77.39,0.58,0.000343,0.000321,15.63,22.66,16.4,16.05,0.0443,824,769.65,1.071,False,RISING,7.8e-05,-1.3e-05,-0.0,1.139375,1.140645,1.140357,1.140563,1.140847,1.140073,1.139867,22,3.62,1.140365,1.140317,58.87,8.1e-05,9.5e-05,52.63,66.0,0.000193,1.13998,1.140645,1.140632,1.140019,194,1.188,1.14028,1.14043,1.14021,1.14028,LONDON,62727,HIGH,1.14028,1.14043,1.14021,1.14028,LONDON,62727,HIGH,NONE,BEARISH,WEAK,HIGH_WICK,NEUTRAL,CHAOTIC,TRUE,TESTING_PIVOT,43,23,-6.666666666666667,51,NEUTRAL,False,70,[],0,0,NEUTRAL,BEARISH,40,True,BULL_TRAP,50,True,False,False,70,False,0,100,UP,NONE,NONE,0,True,75,55,45,80,False,True,NEUTRAL,70,False,0.0,NONE,False,NONE,False,False,0,False,60,6.836248012721609,2.8735632183904563,60.0,23,POOR,False,75,64,-0.15840847061494193,5,30.000000000000004,True,RANDOM,70,43.993071926835604,6.175337555460207,True,MOMENTUM_SHIFT,False,True,False,65,True,70,UP,80,CHOPPY,EXTREME,UP,80,0.0443,CHOPPY,65,30,65,WEAK,BEARISH,50,30,60,EXTREME,88,40,60,0.58,False,40,0.6490108487555838,54.087999999999994,RANGING,90,False,NONE,1.139375,1.140563,1.140357,FAR,30,50,85,50,NONE,NONE,NONE,False,[],0,0,SIDEWAY_RANGE,SIDEWAY_RANGE,56,60,True,24,Price ranging between clear levels. Suitable for mean-reversion strategies.,1.071,0.5,False,False,True,True,0.3,0.3,True,False,False,22,False,[],0,NO,SIDEWAY_RANGE,Price ranging between clear levels. Suitable for mean-reversion strategies.,EXTREME,LOW,0.031,[],True,Passed basic checks,0,50,50,MEDIUM,5,WAIT,รอการวิเคราะห์จาก AI,1.140373,1.14021,25.55,1.140307,1.140403,1.140183,BEARISH,AT_PIVOT
2026-06-26 19:36:00,1.140275,1.140345,1.1402,1.140345,169.0,EURUSD,BULLISH,1.140256,1.140197,1.140191,1.139935,1.139248,1.138457,BULLISH,1.140699,1.139682,0.001017,0.001567,70.27,48.04,1.4e-05,-5e-06,1.9e-05,72.92,70.47,0.000351,77.39,0.58,0.000343,0.000321,15.63,22.66,16.4,16.05,0.0443,824,769.65,1.071,False,RISING,7.8e-05,-1.3e-05,-0.0,1.139375,1.140645,1.140357,1.140563,1.140847,1.140073,1.139867,22,3.62,1.140358,1.14032,59.63,7.4e-05,9e-05,46.88,56.14,0.00019,1.13998,1.140645,1.140634,1.140026,169,1.043,1.140345,1.140345,1.1402,1.140275,LONDON,63057,HIGH,1.140345,1.140345,1.1402,1.140275,LONDON,63057,HIGH,NONE,BEARISH,WEAK,HIGH_WICK,NEUTRAL,CHAOTIC,TRUE,TESTING_PIVOT,43,23,-6.666666666666667,51,NEUTRAL,False,70,[],0,0,NEUTRAL,BEARISH,40,True,BULL_TRAP,50,True,False,False,70,False,0,100,UP,NONE,NONE,0,True,75,55,45,80,False,True,NEUTRAL,70,False,0.0,NONE,False,NONE,False,False,0,False,60,6.836248012721609,2.8735632183904563,60.0,23,POOR,False,75,64,-0.15840847061494193,5,30.000000000000004,True,RANDOM,70,43.993071926835604,6.175337555460207,True,MOMENTUM_SHIFT,False,True,False,65,True,70,UP,80,CHOPPY,EXTREME,UP,80,0.0443,CHOPPY,65,30,65,WEAK,BEARISH,50,30,60,EXTREME,88,40,60,0.58,False,40,0.6490108487555838,54.087999999999994,RANGING,90,False,NONE,1.139375,1.140563,1.140357,FAR,30,50,85,50,NONE,NONE,NONE,False,[],0,0,SIDEWAY_RANGE,SIDEWAY_RANGE,56,60,True,24,Price ranging between clear levels. Suitable for mean-reversion strategies.,1.071,0.5,False,False,True,True,0.3,0.3,True,False,False,22,False,[],0,NO,SIDEWAY_RANGE,Price ranging between clear levels. Suitable for mean-reversion strategies.,EXTREME,LOW,0.031,[],True,Passed basic checks,0,50,50,MEDIUM,5,WAIT,รอการวิเคราะห์จาก AI,1.140368,1.140216,37.21,1.140297,1.140393,1.140248,BEARISH,AT_PIVOT
2026-06-26 19:37:00,1.140335,1.140555,1.140285,1.140545,234.0,EURUSD,BULLISH,1.140256,1.140197,1.140191,1.139935,1.139248,1.138457,BULLISH,1.140699,1.139682,0.001017,0.001567,70.27,48.04,1.4e-05,-5e-06,1.9e-05,72.92,70.47,0.000351,77.39,0.58,0.000343,0.000321,15.63,22.66,16.4,16.05,0.0443,824,769.65,1.071,False,RISING,7.8e-05,-1.3e-05,-0.0,1.139375,1.140645,1.140357,1.140563,1.140847,1.140073,1.139867,22,3.62,1.14042,1.140341,62.41,8.3e-05,8.9e-05,59.33,52.95,0.000195,1.13998,1.140645,1.14066,1.140022,234,1.42,1.140545,1.140555,1.140285,1.140335,LONDON,62492,HIGH,1.140545,1.140555,1.140285,1.140335,LONDON,62492,HIGH,NONE,BEARISH,WEAK,HIGH_WICK,NEUTRAL,CHAOTIC,TRUE,TESTING_RESISTANCE,43,23,-6.666666666666667,51,NEUTRAL,False,70,[],0,0,NEUTRAL,BEARISH,40,True,BULL_TRAP,50,True,False,False,70,False,0,100,UP,NONE,NONE,0,True,75,55,45,80,False,True,NEUTRAL,70,False,0.0,NONE,False,NONE,False,False,0,False,60,6.836248012721609,2.8735632183904563,60.0,23,POOR,False,75,64,-0.15840847061494193,5,30.000000000000004,True,RANDOM,70,43.993071926835604,6.175337555460207,True,MOMENTUM_SHIFT,False,True,False,65,True,70,UP,80,CHOPPY,EXTREME,UP,80,0.0443,CHOPPY,65,30,65,WEAK,BEARISH,50,30,60,EXTREME,88,40,60,0.58,False,40,0.6490108487555838,54.087999999999994,RANGING,90,False,NONE,1.139375,1.140563,1.140357,FAR,30,50,85,50,NONE,NONE,NONE,False,[],0,0,SIDEWAY_RANGE,SIDEWAY_RANGE,56,60,True,24,Price ranging between clear levels. Suitable for mean-reversion strategies.,1.071,0.5,False,False,True,True,0.3,0.3,True,False,False,22,False,[],0,NO,SIDEWAY_RANGE,Price ranging between clear levels. Suitable for mean-reversion strategies.,EXTREME,LOW,0.031,[],True,Passed basic checks,0,50,50,MEDIUM,5,WAIT,รอการวิเคราะห์จาก AI,1.1404,1.140228,56.41,1.140462,1.140638,1.140368,BEARISH,AT_RESISTANCE
2026-06-26 19:38:00,1.14055,1.140565,1.14048,1.14056,179.0,EURUSD,BULLISH,1.140256,1.140197,1.140191,1.139935,1.139248,1.138457,BULLISH,1.140699,1.139682,0.001017,0.001567,70.27,48.04,1.4e-05,-5e-06,1.9e-05,72.92,70.47,0.000351,77.39,0.58,0.000343,0.000321,15.63,22.66,16.4,16.05,0.0443,824,769.65,1.071,False,RISING,7.8e-05,-1.3e-05,-0.0,1.139375,1.140645,1.140357,1.140563,1.140847,1.140073,1.139867,22,3.62,1.140467,1.140362,62.15,9e-05,8.9e-05,72.01,59.41,0.000186,1.13998,1.140645,1.140684,1.140017,179,1.066,1.14056,1.140565,1.14048,1.14055,LONDON,62940,HIGH,1.14056,1.140565,1.14048,1.14055,LONDON,62940,HIGH,NONE,BEARISH,WEAK,HIGH_WICK,NEUTRAL,CHAOTIC,TRUE,TESTING_RESISTANCE,43,23,-6.666666666666667,51,NEUTRAL,False,70,[],0,0,NEUTRAL,BEARISH,40,True,BULL_TRAP,50,True,False,False,70,False,0,100,UP,NONE,NONE,0,True,75,55,45,80,False,True,NEUTRAL,70,False,0.0,NONE,False,NONE,False,False,0,False,60,6.836248012721609,2.8735632183904563,60.0,23,POOR,False,75,64,-0.15840847061494193,5,30.000000000000004,True,RANDOM,70,43.993071926835604,6.175337555460207,True,MOMENTUM_SHIFT,False,True,False,65,True,70,UP,80,CHOPPY,EXTREME,UP,80,0.0443,CHOPPY,65,30,65,WEAK,BEARISH,50,30,60,EXTREME,88,40,60,0.58,False,40,0.6490108487555838,54.087999999999994,RANGING,90,False,NONE,1.139375,1.140563,1.140357,FAR,30,50,85,50,NONE,NONE,NONE,False,[],0,0,SIDEWAY_RANGE,SIDEWAY_RANGE,56,60,True,24,Price ranging between clear levels. Suitable for mean-reversion strategies.,1.071,0.5,False,False,True,True,0.3,0.3,True,False,False,22,False,[],0,NO,SIDEWAY_RANGE,Price ranging between clear levels. Suitable for mean-reversion strategies.,EXTREME,LOW,0.031,[],True,Passed basic checks,0,50,50,MEDIUM,5,WAIT,รอการวิเคราะห์จาก AI,1.140429,1.140241,58.33,1.140535,1.14059,1.140505,BEARISH,AT_RESISTANCE
2026-06-26 19:39:00,1.140555,1.140655,1.140465,1.140605,202.0,EURUSD,BULLISH,1.140256,1.140197,1.140191,1.139935,1.139248,1.138457,BULLISH,1.140699,1.139682,0.001017,0.001567,70.27,48.04,1.4e-05,-5e-06,1.9e-05,72.92,70.47,0.000351,77.39,0.58,0.000343,0.000321,15.63,22.66,16.4,16.05,0.0443,824,769.65,1.071,False,RISING,7.8e-05,-1.3e-05,-0.0,1.139375,1.140645,1.140357,1.140563,1.140847,1.140073,1.139867,22,3.62,1.140513,1.140385,64.83,9.9e-05,9.1e-05,85.24,72.19,0.000191,1.13998,1.140655,1.140717,1.140018,202,1.174,1.140605,1.140655,1.140465,1.140555,LONDON,63358,HIGH,1.140605,1.140655,1.140465,1.140555,LONDON,63358,HIGH,NONE,BEARISH,WEAK,HIGH_WICK,NEUTRAL,CHAOTIC,TRUE,TESTING_RESISTANCE,43,23,-6.666666666666667,51,NEUTRAL,False,70,[],0,0,NEUTRAL,BEARISH,40,True,BULL_TRAP,50,True,False,False,70,False,0,100,UP,NONE,NONE,0,True,75,55,45,80,False,True,NEUTRAL,70,False,0.0,NONE,False,NONE,False,False,0,False,60,6.836248012721609,2.8735632183904563,60.0,23,POOR,False,75,64,-0.15840847061494193,5,30.000000000000004,True,RANDOM,70,43.993071926835604,6.175337555460207,True,MOMENTUM_SHIFT,False,True,False,65,True,70,UP,80,CHOPPY,EXTREME,UP,80,0.0443,CHOPPY,65,30,65,WEAK,BEARISH,50,30,60,EXTREME,88,40,60,0.58,False,40,0.6490108487555838,54.087999999999994,RANGING,90,False,NONE,1.139375,1.140563,1.140357,FAR,30,50,85,50,NONE,NONE,NONE,False,[],0,0,SIDEWAY_RANGE,SIDEWAY_RANGE,56,60,True,24,Price ranging between clear levels. Suitable for mean-reversion strategies.,1.071,0.5,False,False,True,True,0.3,0.3,True,False,False,22,False,[],0,NO,SIDEWAY_RANGE,Price ranging between clear levels. Suitable for mean-reversion strategies.,EXTREME,LOW,0.031,[],True,Passed basic checks,0,50,50,MEDIUM,5,WAIT,รอการวิเคราะห์จาก AI,1.140461,1.140256,50.0,1.140575,1.140685,1.140495,BEARISH,AT_RESISTANCE
2026-06-26 19:40:00,1.14061,1.14075,1.14046,1.14054,267.0,EURUSD,BULLISH,1.140351,1.140259,1.140225,1.139959,1.139271,1.138461,BULLISH,1.14071,1.139677,0.001033,0.001558,70.0,49.14,4.1e-05,4e-06,3.6e-05,80.08,75.6,0.000363,78.89,0.68,0.000346,0.000324,16.01,22.38,14.66,20.84,0.0834,1051,792.5,1.326,False,RISING,8.4e-05,-3e-06,0.0,1.139375,1.14075,1.140497,1.140793,1.141047,1.140243,1.139947,31,3.79,1.140522,1.1404,58.48,9.9e-05,9.3e-05,79.42,78.89,0.000195,1.13998,1.14075,1.140735,1.140023,267,1.478,1.14054,1.14075,1.14046,1.14061,LONDON,62754,HIGH,1.14054,1.14075,1.14046,1.14061,LONDON,62754,HIGH,BULLISH_ENGULFING,BULLISH,WEAK,HIGH_WICK,NEUTRAL,CHAOTIC,TRUE,TESTING_PIVOT,44,20,-6.666666666666667,58,NEUTRAL,False,70,['BULLISH_ENGULFING'],1,20,BULLISH,BULLISH,60,True,BULL_TRAP,50,True,False,False,70,False,0,100,UP,NONE,NONE,0,True,75,55,45,80,False,True,NEUTRAL,70,False,0.0,NONE,False,NONE,False,False,0,False,60,1.7699115044299374,2.269601100415341,55.00000000000001,19,POOR,False,75,64,-0.07800338837416539,5,30.000000000000004,True,RANDOM,70,42.640901355525656,7.787631383541248,True,MOMENTUM_SHIFT,False,True,False,65,True,70,UP,80,CHOPPY,EXTREME,UP,80,0.0834,CHOPPY,75,30,75,WEAK,BEARISH,50,30,60,EXTREME,88,40,60,0.68,False,40,0.6630295250320924,52.888,RANGING,90,False,NONE,1.139375,1.14075,1.140497,FAR,30,50,85,50,NONE,NONE,NONE,False,[],0,0,SIDEWAY_RANGE,SIDEWAY_RANGE,50,60,True,24,Price ranging between clear levels. Suitable for mean-reversion strategies.,1.326,0.5,False,False,True,True,0.3,0.3,True,False,False,22,False,[],0,NO,SIDEWAY_RANGE,Price ranging between clear levels. Suitable for mean-reversion strategies.,EXTREME,LOW,0.032,[],True,Passed basic checks,0,50,50,MEDIUM,5,WAIT,รอการวิเคราะห์จาก AI,1.140475,1.140267,60.19,1.140583,1.140707,1.140417,BULLISH,AT_PIVOT
2026-06-26 19:41:00,1.140545,1.14082,1.14054,1.1408,247.0,EURUSD,BULLISH,1.140351,1.140259,1.140225,1.139959,1.139271,1.138461,BULLISH,1.14071,1.139677,0.001033,0.001558,70.0,49.14,4.1e-05,4e-06,3.6e-05,80.08,75.6,0.000363,78.89,0.68,0.000346,0.000324,16.01,22.38,14.66,20.84,0.0834,1051,792.5,1.326,False,RISING,8.4e-05,-3e-06,0.0,1.139375,1.14075,1.140497,1.140793,1.141047,1.140243,1.139947,31,3.79,1.140615,1.140438,63.26,0.000119,9.8e-05,84.04,82.9,0.000205,1.13998,1.14082,1.140784,1.14005,247,1.357,1.1408,1.14082,1.14054,1.140545,LONDON,63144,HIGH,1.1408,1.14082,1.14054,1.140545,LONDON,63144,HIGH,BULLISH_ENGULFING,BULLISH,WEAK,HIGH_WICK,NEUTRAL,CHAOTIC,TRUE,TESTING_RESISTANCE,44,20,-6.666666666666667,58,NEUTRAL,False,70,['BULLISH_ENGULFING'],1,20,BULLISH,BULLISH,60,True,BULL_TRAP,50,True,False,False,70,False,0,100,UP,NONE,NONE,0,True,75,55,45,80,False,True,NEUTRAL,70,False,0.0,NONE,False,NONE,False,False,0,False,60,1.7699115044299374,2.269601100415341,55.00000000000001,19,POOR,False,75,64,-0.07800338837416539,5,30.000000000000004,True,RANDOM,70,42.640901355525656,7.787631383541248,True,MOMENTUM_SHIFT,False,True,False,65,True,70,UP,80,CHOPPY,EXTREME,UP,80,0.0834,CHOPPY,75,30,75,WEAK,BEARISH,50,30,60,EXTREME,88,40,60,0.68,False,40,0.6630295250320924,52.888,RANGING,90,False,NONE,1.139375,1.14075,1.140497,FAR,30,50,85,50,NONE,NONE,NONE,False,[],0,0,ACCUMULATION,ACCUMULATION,50,65,True,24,"Smart money accumulation. Bullish bias, look for breakout.",1.326,0.5,False,False,True,True,0.3,0.3,True,False,False,22,False,[],0,NO,ACCUMULATION,"Smart money accumulation. Bullish bias, look for breakout.",EXTREME,LOW,0.032,[],True,Passed basic checks,0,50,50,MEDIUM,5,WAIT,รอการวิเคราะห์จาก AI,1.140534,1.140288,90.0,1.14072,1.1409,1.14062,BULLISH,AT_RESISTANCE
2026-06-26 19:42:00,1.140805,1.140965,1.140755,1.14095,220.0,EURUSD,BULLISH,1.140351,1.140259,1.140225,1.139959,1.139271,1.138461,BULLISH,1.14071,1.139677,0.001033,0.001558,70.0,49.14,4.1e-05,4e-06,3.6e-05,80.08,75.6,0.000363,78.89,0.68,0.000346,0.000324,16.01,22.38,14.66,20.84,0.0834,1051,792.5,1.326,False,RISING,8.4e-05,-3e-06,0.0,1.139375,1.14075,1.140497,1.140793,1.141047,1.140243,1.139947,31,3.79,1.140726,1.140487,61.28,0.000145,0.000107,86.72,83.39,0.000201,1.14004,1.140965,1.140864,1.140056,220,1.219,1.14095,1.140965,1.140755,1.140805,LONDON,62644,HIGH,1.14095,1.140965,1.140755,1.140805,LONDON,62644,HIGH,BULLISH_ENGULFING,BULLISH,WEAK,HIGH_WICK,NEUTRAL,CHAOTIC,TRUE,NONE,44,20,-6.666666666666667,58,NEUTRAL,False,70,['BULLISH_ENGULFING'],1,20,BULLISH,BULLISH,60,True,BULL_TRAP,50,True,False,False,70,False,0,100,UP,NONE,NONE,0,True,75,55,45,80,False,True,NEUTRAL,70,False,0.0,NONE,False,NONE,False,False,0,False,60,1.7699115044299374,2.269601100415341,55.00000000000001,19,POOR,False,75,64,-0.07800338837416539,5,30.000000000000004,True,RANDOM,70,42.640901355525656,7.787631383541248,True,MOMENTUM_SHIFT,False,True,False,65,True,70,UP,80,CHOPPY,EXTREME,UP,80,0.0834,CHOPPY,75,30,75,WEAK,BEARISH,50,30,60,EXTREME,88,40,60,0.68,False,40,0.6630295250320924,52.888,RANGING,90,False,NONE,1.139375,1.14075,1.140497,FAR,30,50,85,50,NONE,NONE,NONE,False,[],0,0,ACCUMULATION,ACCUMULATION,50,65,True,24,"Smart money accumulation. Bullish bias, look for breakout.",1.326,0.5,False,False,True,True,0.3,0.3,True,False,False,22,False,[],0,NO,ACCUMULATION,"Smart money accumulation. Bullish bias, look for breakout.",EXTREME,LOW,0.032,[],True,Passed basic checks,0,50,50,MEDIUM,5,WAIT,รอการวิเคราะห์จาก AI,1.14061,1.140314,91.88,1.14089,1.141025,1.140815,BULLISH,NONE
2026-06-26 19:43:00,1.140945,1.140945,1.14075,1.140765,143.0,EURUSD,BULLISH,1.140351,1.140259,1.140225,1.139959,1.139271,1.138461,BULLISH,1.14071,1.139677,0.001033,0.001558,70.0,49.14,4.1e-05,4e-06,3.6e-05,80.08,75.6,0.000363,78.89,0.68,0.000346,0.000324,16.01,22.38,14.66,20.84,0.0834,1051,792.5,1.326,False,RISING,8.4e-05,-3e-06,0.0,1.139375,1.14075,1.140497,1.140793,1.141047,1.140243,1.139947,31,3.79,1.140739,1.140513,58.15,0.000149,0.000116,90.21,86.99,0.000206,1.140075,1.140965,1.140894,1.140084,143,0.794,1.140765,1.140945,1.14075,1.140945,LONDON,62967,HIGH,1.140765,1.140945,1.14075,1.140945,LONDON,62967,HIGH,BULLISH_ENGULFING,BULLISH,WEAK,HIGH_WICK,NEUTRAL,CHAOTIC,TRUE,TESTING_RESISTANCE,44,20,-6.666666666666667,58,NEUTRAL,False,70,['BULLISH_ENGULFING'],1,20,BULLISH,BULLISH,60,True,BULL_TRAP,50,True,False,False,70,False,0,100,UP,NONE,NONE,0,True,75,55,45,80,False,True,NEUTRAL,70,False,0.0,NONE,False,NONE,False,False,0,False,60,1.7699115044299374,2.269601100415341,55.00000000000001,19,POOR,False,75,64,-0.07800338837416539,5,30.000000000000004,True,RANDOM,70,42.640901355525656,7.787631383541248,True,MOMENTUM_SHIFT,False,True,False,65,True,70,UP,80,CHOPPY,EXTREME,UP,80,0.0834,CHOPPY,75,30,75,WEAK,BEARISH,50,30,60,EXTREME,88,40,60,0.68,False,40,0.6630295250320924,52.888,RANGING,90,False,NONE,1.139375,1.14075,1.140497,FAR,30,50,85,50,NONE,NONE,NONE,False,[],0,0,ACCUMULATION,ACCUMULATION,50,65,True,24,"Smart money accumulation. Bullish bias, look for breakout.",1.326,0.5,False,False,True,True,0.3,0.3,True,False,False,22,False,[],0,NO,ACCUMULATION,"Smart money accumulation. Bullish bias, look for breakout.",EXTREME,LOW,0.032,[],True,Passed basic checks,0,50,50,MEDIUM,5,WAIT,รอการวิเคราะห์จาก AI,1.140638,1.140331,72.83,1.14082,1.14089,1.140695,BULLISH,AT_RESISTANCE
2026-06-26 19:44:00,1.14077,1.1408,1.14069,1.14075,186.0,EURUSD,BULLISH,1.140351,1.140259,1.140225,1.139959,1.139271,1.138461,BULLISH,1.14071,1.139677,0.001033,0.001558,70.0,49.14,4.1e-05,4e-06,3.6e-05,80.08,75.6,0.000363,78.89,0.68,0.000346,0.000324,16.01,22.38,14.66,20.84,0.0834,1051,792.5,1.326,False,RISING,8.4e-05,-3e-06,0.0,1.139375,1.14075,1.140497,1.140793,1.141047,1.140243,1.139947,31,3.79,1.140743,1.140536,60.07,0.000149,0.000122,82.41,86.45,0.000204,1.14014,1.140965,1.140914,1.140118,186,1.039,1.14075,1.1408,1.14069,1.14077,LONDON,63382,HIGH,1.14075,1.1408,1.14069,1.14077,LONDON,63382,HIGH,BULLISH_ENGULFING,BULLISH,WEAK,HIGH_WICK,NEUTRAL,CHAOTIC,TRUE,TESTING_RESISTANCE,44,20,-6.666666666666667,58,NEUTRAL,False,70,['BULLISH_ENGULFING'],1,20,BULLISH,BULLISH,60,True,BULL_TRAP,50,True,False,False,70,False,0,100,UP,NONE,NONE,0,True,75,55,45,80,False,True,NEUTRAL,70,False,0.0,NONE,False,NONE,False,False,0,False,60,1.7699115044299374,2.269601100415341,55.00000000000001,19,POOR,False,75,64,-0.07800338837416539,5,30.000000000000004,True,RANDOM,70,42.640901355525656,7.787631383541248,True,MOMENTUM_SHIFT,False,True,False,65,True,70,UP,80,CHOPPY,EXTREME,UP,80,0.0834,CHOPPY,75,30,75,WEAK,BEARISH,50,30,60,EXTREME,88,40,60,0.68,False,40,0.6630295250320924,52.888,RANGING,90,False,NONE,1.139375,1.14075,1.140497,FAR,30,50,85,50,NONE,NONE,NONE,False,[],0,0,ACCUMULATION,ACCUMULATION,50,65,True,24,"Smart money accumulation. Bullish bias, look for breakout.",1.326,0.5,False,False,True,True,0.3,0.3,True,False,False,22,False,[],0,NO,ACCUMULATION,"Smart money accumulation. Bullish bias, look for breakout.",EXTREME,LOW,0.032,[],True,Passed basic checks,0,50,50,MEDIUM,5,WAIT,รอการวิเคราะห์จาก AI,1.140658,1.140348,63.95,1.140747,1.140803,1.140693,BULLISH,AT_RESISTANCE
2026-06-26 19:45:00,1.14075,1.14082,1.140725,1.140785,114.0,EURUSD,BULLISH,1.140495,1.140355,1.140278,1.139991,1.139301,1.138482,BULLISH,1.14079,1.139638,0.001152,0.001549,75.0,62.5,8.1e-05,2e-05,6.1e-05,81.56,78.18,0.000359,77.39,0.64,0.000348,0.000325,16.96,24.66,13.48,29.33,0.0838,910,794.15,1.146,False,RISING,8.1e-05,8e-06,0.0,1.139375,1.140965,1.140763,1.140987,1.141188,1.140562,1.140338,33,4.43,1.140757,1.14056,61.56,0.000151,0.000128,75.66,82.76,0.0002,1.14015,1.140965,1.140928,1.140165,114,0.648,1.140785,1.14082,1.140725,1.14075,LONDON,62943,HIGH,1.140785,1.14082,1.140725,1.14075,LONDON,62943,HIGH,NONE,BULLISH,WEAK,HIGH_WICK,NEUTRAL,CHAOTIC,NONE,TESTING_PIVOT,44,20,0.0,60,NEUTRAL,False,70,[],0,0,NEUTRAL,BULLISH,40,False,NONE,0,False,False,False,60,False,0,100,UP,NONE,UP,0,True,75,55,45,80,False,True,NEUTRAL,70,False,0.0,NONE,False,NONE,False,False,0,False,60,11.61473087818893,5.291723202169566,50.0,22,POOR,False,75,64,-0.05210064031751797,5,30.000000000000004,True,RANDOM,70,45.46327536922838,5.235505725360942,True,MOMENTUM_SHIFT,False,True,True,35,False,70,UP,80,CHOPPY,EXTREME,UP,80,0.0838,CHOPPY,75,30,75,WEAK,NONE,55,30,65,EXTREME,88,40,60,0.64,False,40,0.7437056165267915,54.087999999999994,RANGING,90,False,NONE,1.139375,1.140965,1.140763,FAR,30,50,85,50,NONE,NONE,NONE,False,[],0,0,SIDEWAY_RANGE,SIDEWAY_RANGE,55,60,True,24,Price ranging between clear levels. Suitable for mean-reversion strategies.,1.146,0.5,False,False,True,True,0.3,0.3,True,False,False,22,False,[],0,NO,SIDEWAY_RANGE,Price ranging between clear levels. Suitable for mean-reversion strategies.,EXTREME,LOW,0.031,[],True,Passed basic checks,0,50,50,MEDIUM,5,WAIT,รอการวิเคราะห์จาก AI,1.140681,1.140365,64.9,1.140777,1.140828,1.140733,BULLISH,AT_PIVOT
2026-06-26 19:46:00,1.14079,1.14079,1.140635,1.14069,106.0,EURUSD,BULLISH,1.140495,1.140355,1.140278,1.139991,1.139301,1.138482,BULLISH,1.14079,1.139638,0.001152,0.001549,75.0,62.5,8.1e-05,2e-05,6.1e-05,81.56,78.18,0.000359,77.39,0.64,0.000348,0.000325,16.96,24.66,13.48,29.33,0.0838,910,794.15,1.146,False,RISING,8.1e-05,8e-06,0.0,1.139375,1.140965,1.140763,1.140987,1.141188,1.140562,1.140338,33,4.43,1.140735,1.140572,52.92,0.000142,0.000131,72.6,76.89,0.000196,1.14015,1.140965,1.140934,1.140197,106,0.618,1.14069,1.14079,1.140635,1.14079,LONDON,63275,HIGH,1.14069,1.14079,1.140635,1.14079,LONDON,63275,HIGH,NONE,BULLISH,WEAK,HIGH_WICK,NEUTRAL,CHAOTIC,NONE,TESTING_PIVOT,44,20,0.0,60,NEUTRAL,False,70,[],0,0,NEUTRAL,BULLISH,40,False,NONE,0,False,False,False,60,False,0,100,UP,NONE,UP,0,True,75,55,45,80,False,True,NEUTRAL,70,False,0.0,NONE,False,NONE,False,False,0,False,60,11.61473087818893,5.291723202169566,50.0,22,POOR,False,75,64,-0.05210064031751797,5,30.000000000000004,True,RANDOM,70,45.46327536922838,5.235505725360942,True,MOMENTUM_SHIFT,False,True,True,35,False,70,UP,80,CHOPPY,EXTREME,UP,80,0.0838,CHOPPY,75,30,75,WEAK,NONE,55,30,65,EXTREME,88,40,60,0.64,False,40,0.7437056165267915,54.087999999999994,RANGING,90,False,NONE,1.139375,1.140965,1.140763,FAR,30,50,85,50,NONE,NONE,NONE,False,[],0,0,SIDEWAY_RANGE,SIDEWAY_RANGE,55,60,True,24,Price ranging between clear levels. Suitable for mean-reversion strategies.,1.146,0.5,False,False,True,True,0.3,0.3,True,False,False,22,False,[],0,NO,SIDEWAY_RANGE,Price ranging between clear levels. Suitable for mean-reversion strategies.,EXTREME,LOW,0.031,[],True,Passed basic checks,0,50,50,MEDIUM,5,WAIT,รอการวิเคราะห์จาก AI,1.140683,1.140378,55.28,1.140705,1.140775,1.14062,BULLISH,AT_PIVOT
2026-06-26 19:47:00,1.140685,1.141135,1.140625,1.14109,290.0,EURUSD,BULLISH,1.140495,1.140355,1.140278,1.139991,1.139301,1.138482,BULLISH,1.14079,1.139638,0.001152,0.001549,75.0,62.5,8.1e-05,2e-05,6.1e-05,81.56,78.18,0.000359,77.39,0.64,0.000348,0.000325,16.96,24.66,13.48,29.33,0.0838,910,794.15,1.146,False,RISING,8.1e-05,8e-06,0.0,1.139375,1.140965,1.140763,1.140987,1.141188,1.140562,1.140338,33,4.43,1.140853,1.140621,69.64,0.000166,0.000138,79.87,76.04,0.000218,1.14015,1.141135,1.141027,1.140175,290,1.602,1.14109,1.141135,1.140625,1.140685,LONDON,62652,HIGH,1.14109,1.141135,1.140625,1.140685,LONDON,62652,HIGH,NONE,BULLISH,WEAK,HIGH_WICK,NEUTRAL,CHAOTIC,NONE,TESTING_RESISTANCE,44,20,0.0,60,NEUTRAL,False,70,[],0,0,NEUTRAL,BULLISH,40,False,NONE,0,False,False,False,60,False,0,100,UP,NONE,UP,0,True,75,55,45,80,False,True,NEUTRAL,70,False,0.0,NONE,False,NONE,False,False,0,False,60,11.61473087818893,5.291723202169566,50.0,22,POOR,False,75,64,-0.05210064031751797,5,30.000000000000004,True,RANDOM,70,45.46327536922838,5.235505725360942,True,MOMENTUM_SHIFT,False,True,True,35,False,70,UP,80,CHOPPY,EXTREME,UP,80,0.0838,CHOPPY,75,30,75,WEAK,NONE,55,30,65,EXTREME,88,40,60,0.64,False,40,0.7437056165267915,54.087999999999994,RANGING,90,False,NONE,1.139375,1.140965,1.140763,FAR,30,50,85,50,NONE,NONE,NONE,False,[],0,0,SIDEWAY_RANGE,SIDEWAY_RANGE,55,60,True,24,Price ranging between clear levels. Suitable for mean-reversion strategies.,1.146,0.5,False,False,True,True,0.3,0.3,True,False,False,22,False,[],0,NO,SIDEWAY_RANGE,Price ranging between clear levels. Suitable for mean-reversion strategies.,EXTREME,LOW,0.031,[],True,Passed basic checks,0,50,50,MEDIUM,5,WAIT,รอการวิเคราะห์จาก AI,1.140757,1.140406,74.12,1.14095,1.141275,1.140765,BULLISH,AT_RESISTANCE
2026-06-26 19:48:00,1.14109,1.1411,1.140855,1.140865,152.0,EURUSD,BULLISH,1.140495,1.140355,1.140278,1.139991,1.139301,1.138482,BULLISH,1.14079,1.139638,0.001152,0.001549,75.0,62.5,8.1e-05,2e-05,6.1e-05,81.56,78.18,0.000359,77.39,0.64,0.000348,0.000325,16.96,24.66,13.48,29.33,0.0838,910,794.15,1.146,False,RISING,8.1e-05,8e-06,0.0,1.139375,1.140965,1.140763,1.140987,1.141188,1.140562,1.140338,33,4.43,1.140857,1.140645,66.67,0.000165,0.000143,77.6,76.69,0.000215,1.14015,1.141135,1.141056,1.140171,152,0.841,1.140865,1.1411,1.140855,1.14109,LONDON,63041,HIGH,1.140865,1.1411,1.140855,1.14109,LONDON,63041,HIGH,NONE,BULLISH,WEAK,HIGH_WICK,NEUTRAL,CHAOTIC,NONE,TESTING_PIVOT,44,20,0.0,60,NEUTRAL,False,70,[],0,0,NEUTRAL,BULLISH,40,False,NONE,0,False,False,False,60,False,0,100,UP,NONE,UP,0,True,75,55,45,80,False,True,NEUTRAL,70,False,0.0,NONE,False,NONE,False,False,0,False,60,11.61473087818893,5.291723202169566,50.0,22,POOR,False,75,64,-0.05210064031751797,5,30.000000000000004,True,RANDOM,70,45.46327536922838,5.235505725360942,True,MOMENTUM_SHIFT,False,True,True,35,False,70,UP,80,CHOPPY,EXTREME,UP,80,0.0838,CHOPPY,75,30,75,WEAK,NONE,55,30,65,EXTREME,88,40,60,0.64,False,40,0.7437056165267915,54.087999999999994,RANGING,90,False,NONE,1.139375,1.140965,1.140763,FAR,30,50,85,50,NONE,NONE,NONE,False,[],0,0,SIDEWAY_RANGE,SIDEWAY_RANGE,55,60,True,24,Price ranging between clear levels. Suitable for mean-reversion strategies.,1.146,0.5,False,False,True,True,0.3,0.3,True,False,False,22,False,[],0,NO,SIDEWAY_RANGE,Price ranging between clear levels. Suitable for mean-reversion strategies.,EXTREME,LOW,0.031,[],True,Passed basic checks,0,50,50,MEDIUM,5,WAIT,รอการวิเคราะห์จาก AI,1.140777,1.140424,52.94,1.14094,1.141025,1.14078,BULLISH,AT_PIVOT
2026-06-26 19:49:00,1.140865,1.14093,1.140795,1.140905,129.0,EURUSD,BULLISH,1.140495,1.140355,1.140278,1.139991,1.139301,1.138482,BULLISH,1.14079,1.139638,0.001152,0.001549,75.0,62.5,8.1e-05,2e-05,6.1e-05,81.56,78.18,0.000359,77.39,0.64,0.000348,0.000325,16.96,24.66,13.48,29.33,0.0838,910,794.15,1.146,False,RISING,8.1e-05,8e-06,0.0,1.139375,1.140965,1.140763,1.140987,1.141188,1.140562,1.140338,33,4.43,1.140873,1.140669,67.41,0.000165,0.000148,80.65,79.37,0.000209,1.14015,1.141135,1.141091,1.140175,129,0.712,1.140905,1.14093,1.140795,1.140865,LONDON,62454,HIGH,1.140905,1.14093,1.140795,1.140865,LONDON,62454,HIGH,NONE,BULLISH,WEAK,HIGH_WICK,NEUTRAL,CHAOTIC,NONE,TESTING_PIVOT,44,20,0.0,60,NEUTRAL,False,70,[],0,0,NEUTRAL,BULLISH,40,False,NONE,0,False,False,False,60,False,0,100,UP,NONE,UP,0,True,75,55,45,80,False,True,NEUTRAL,70,False,0.0,NONE,False,NONE,False,False,0,False,60,11.61473087818893,5.291723202169566,50.0,22,POOR,False,75,64,-0.05210064031751797,5,30.000000000000004,True,RANDOM,70,45.46327536922838,5.235505725360942,True,MOMENTUM_SHIFT,False,True,True,35,False,70,UP,80,CHOPPY,EXTREME,UP,80,0.0838,CHOPPY,75,30,75,WEAK,NONE,55,30,65,EXTREME,88,40,60,0.64,False,40,0.7437056165267915,54.087999999999994,RANGING,90,False,NONE,1.139375,1.140965,1.140763,FAR,30,50,85,50,NONE,NONE,NONE,False,[],0,0,SIDEWAY_RANGE,SIDEWAY_RANGE,55,60,True,24,Price ranging between clear levels. Suitable for mean-reversion strategies.,1.146,0.5,False,False,True,True,0.3,0.3,True,False,False,22,False,[],0,NO,SIDEWAY_RANGE,Price ranging between clear levels. Suitable for mean-reversion strategies.,EXTREME,LOW,0.031,[],True,Passed basic checks,0,50,50,MEDIUM,5,WAIT,รอการวิเคราะห์จาก AI,1.1408,1.140443,47.74,1.140877,1.140958,1.140823,BULLISH,AT_PIVOT
2026-06-26 19:50:00,1.1409,1.141045,1.140795,1.140915,274.0,EURUSD,BULLISH,1.140635,1.140457,1.140339,1.140028,1.139332,1.138503,BULLISH,1.140892,1.139588,0.001304,0.001542,78.87,66.33,0.000122,4e-05,8.2e-05,86.97,82.87,0.000376,82.91,0.77,0.000352,0.000329,18.26,25.48,12.2,35.24,0.0715,951,816.15,1.165,False,RISING,8.7e-05,2.1e-05,1e-06,1.139375,1.141135,1.140892,1.141158,1.141402,1.140648,1.140382,35,4.68,1.140887,1.140693,66.38,0.000165,0.000151,73.55,77.27,0.000216,1.14015,1.141135,1.141122,1.140191,274,1.467,1.140915,1.141045,1.140795,1.1409,LONDON,62854,HIGH,1.140915,1.141045,1.140795,1.1409,LONDON,62854,HIGH,NONE,BULLISH,WEAK,HIGH_WICK,NEUTRAL,NOISY,NONE,TESTING_PIVOT,43,23,6.666666666666667,59,NEUTRAL,False,70,[],0,0,NEUTRAL,BULLISH,40,False,NONE,0,False,False,False,60,False,0,100,UP,NONE,UP,0,True,75,70,30,80,False,True,CONTINUATION,70,True,85.0,BULLISH,False,NONE,False,False,0,False,60,14.285714285712542,9.303838646712103,50.0,24,POOR,False,75,63,-0.04730771838816571,5,19.999999999999996,True,RANDOM,70,47.98733801449423,2.8540553940982774,True,MOMENTUM_SHIFT,False,True,True,35,False,70,UP,80,CHOPPY,EXTREME,UP,80,0.0715,CHOPPY,65,30,65,WEAK,NONE,55,30,65,EXTREME,88,40,60,0.77,False,40,0.8456549935149157,45.10650064850843,RANGING,90,False,NONE,1.139375,1.141135,1.140892,FAR,30,50,85,50,NONE,NONE,NONE,False,[],0,0,ACCUMULATION,ACCUMULATION,50,56,False,10,"Smart money accumulation. Bullish bias, look for breakout.",1.165,0.8,False,False,True,True,0.3,0.3,True,False,False,22,False,[],0,NO,ACCUMULATION,"Smart money accumulation. Bullish bias, look for breakout.",EXTREME,LOW,0.033,[],False,Passed basic checks,0,50,50,MEDIUM,5,WAIT,รอการวิเคราะห์จาก AI,1.140821,1.140461,59.15,1.140918,1.141042,1.140792,BULLISH,AT_PIVOT
2026-06-26 19:51:00,1.14091,1.141095,1.140835,1.14109,155.0,EURUSD,BULLISH,1.140635,1.140457,1.140339,1.140028,1.139332,1.138503,BULLISH,1.140892,1.139588,0.001304,0.001542,78.87,66.33,0.000122,4e-05,8.2e-05,86.97,82.87,0.000376,82.91,0.77,0.000352,0.000329,18.26,25.48,12.2,35.24,0.0715,951,816.15,1.165,False,RISING,8.7e-05,2.1e-05,1e-06,1.139375,1.141135,1.140892,1.141158,1.141402,1.140648,1.140382,35,4.68,1.140955,1.140731,65.89,0.000176,0.000156,80.95,78.38,0.000215,1.14015,1.141135,1.14118,1.140199,155,0.828,1.14109,1.141095,1.140835,1.14091,LONDON,63277,HIGH,1.14109,1.141095,1.140835,1.14091,LONDON,63277,HIGH,NONE,BULLISH,WEAK,HIGH_WICK,NEUTRAL,NOISY,NONE,TESTING_RESISTANCE,43,23,6.666666666666667,59,NEUTRAL,False,70,[],0,0,NEUTRAL,BULLISH,40,False,NONE,0,False,False,False,60,False,0,100,UP,NONE,UP,0,True,75,70,30,80,False,True,CONTINUATION,70,True,85.0,BULLISH,False,NONE,False,False,0,False,60,14.285714285712542,9.303838646712103,50.0,24,POOR,False,75,63,-0.04730771838816571,5,19.999999999999996,True,RANDOM,70,47.98733801449423,2.8540553940982774,True,MOMENTUM_SHIFT,False,True,True,35,False,70,UP,80,CHOPPY,EXTREME,UP,80,0.0715,CHOPPY,65,30,65,WEAK,NONE,55,30,65,EXTREME,88,40,60,0.77,False,40,0.8456549935149157,45.10650064850843,RANGING,90,False,NONE,1.139375,1.141135,1.140892,FAR,30,50,85,50,NONE,NONE,NONE,False,[],0,0,ACCUMULATION,ACCUMULATION,50,56,False,10,"Smart money accumulation. Bullish bias, look for breakout.",1.165,0.8,False,False,True,True,0.3,0.3,True,False,False,22,False,[],0,NO,ACCUMULATION,"Smart money accumulation. Bullish bias, look for breakout.",EXTREME,LOW,0.033,[],False,Passed basic checks,0,50,50,MEDIUM,5,WAIT,รอการวิเคราะห์จาก AI,1.14087,1.140486,67.35,1.141007,1.141178,1.140918,BULLISH,AT_RESISTANCE
2026-06-26 19:52:00,1.14109,1.1413,1.141065,1.14127,144.0,EURUSD,BULLISH,1.140635,1.140457,1.140339,1.140028,1.139332,1.138503,BULLISH,1.140892,1.139588,0.001304,0.001542,78.87,66.33,0.000122,4e-05,8.2e-05,86.97,82.87,0.000376,82.91,0.77,0.000352,0.000329,18.26,25.48,12.2,35.24,0.0715,951,816.15,1.165,False,RISING,8.7e-05,2.1e-05,1e-06,1.139375,1.141135,1.140892,1.141158,1.141402,1.140648,1.140382,35,4.68,1.14106,1.140782,68.88,0.000197,0.000164,87.96,80.82,0.000226,1.14015,1.1413,1.141276,1.14017,144,0.769,1.14127,1.1413,1.141065,1.14109,LONDON,62777,HIGH,1.14127,1.1413,1.141065,1.14109,LONDON,62777,HIGH,NONE,BULLISH,WEAK,HIGH_WICK,NEUTRAL,NOISY,NONE,TESTING_RESISTANCE,43,23,6.666666666666667,59,NEUTRAL,False,70,[],0,0,NEUTRAL,BULLISH,40,False,NONE,0,False,False,False,60,False,0,100,UP,NONE,UP,0,True,75,70,30,80,False,True,CONTINUATION,70,True,85.0,BULLISH,False,NONE,False,False,0,False,60,14.285714285712542,9.303838646712103,50.0,24,POOR,False,75,63,-0.04730771838816571,5,19.999999999999996,True,RANDOM,70,47.98733801449423,2.8540553940982774,True,MOMENTUM_SHIFT,False,True,True,35,False,70,UP,80,CHOPPY,EXTREME,UP,80,0.0715,CHOPPY,65,30,65,WEAK,NONE,55,30,65,EXTREME,88,40,60,0.77,False,40,0.8456549935149157,45.10650064850843,RANGING,90,False,NONE,1.139375,1.141135,1.140892,FAR,30,50,85,50,NONE,NONE,NONE,False,[],0,0,ACCUMULATION,ACCUMULATION,50,56,False,10,"Smart money accumulation. Bullish bias, look for breakout.",1.165,0.8,False,False,True,True,0.3,0.3,True,False,False,22,False,[],0,NO,ACCUMULATION,"Smart money accumulation. Bullish bias, look for breakout.",EXTREME,LOW,0.033,[],False,Passed basic checks,0,50,50,MEDIUM,5,WAIT,รอการวิเคราะห์จาก AI,1.140943,1.140517,71.56,1.141212,1.141358,1.141123,BULLISH,AT_RESISTANCE
2026-06-26 19:53:00,1.14127,1.14132,1.14112,1.14119,168.0,EURUSD,BULLISH,1.140635,1.140457,1.140339,1.140028,1.139332,1.138503,BULLISH,1.140892,1.139588,0.001304,0.001542,78.87,66.33,0.000122,4e-05,8.2e-05,86.97,82.87,0.000376,82.91,0.77,0.000352,0.000329,18.26,25.48,12.2,35.24,0.0715,951,816.15,1.165,False,RISING,8.7e-05,2.1e-05,1e-06,1.139375,1.141135,1.140892,1.141158,1.141402,1.140648,1.140382,35,4.68,1.141103,1.140821,65.27,0.000206,0.000173,91.55,86.82,0.000227,1.14015,1.14132,1.141333,1.140189,168,0.895,1.14119,1.14132,1.14112,1.14127,LONDON,63318,HIGH,1.14119,1.14132,1.14112,1.14127,LONDON,63318,HIGH,NONE,BULLISH,WEAK,HIGH_WICK,NEUTRAL,NOISY,NONE,TESTING_RESISTANCE,43,23,6.666666666666667,59,NEUTRAL,False,70,[],0,0,NEUTRAL,BULLISH,40,False,NONE,0,False,False,False,60,False,0,100,UP,NONE,UP,0,True,75,70,30,80,False,True,CONTINUATION,70,True,85.0,BULLISH,False,NONE,False,False,0,False,60,14.285714285712542,9.303838646712103,50.0,24,POOR,False,75,63,-0.04730771838816571,5,19.999999999999996,True,RANDOM,70,47.98733801449423,2.8540553940982774,True,MOMENTUM_SHIFT,False,True,True,35,False,70,UP,80,CHOPPY,EXTREME,UP,80,0.0715,CHOPPY,65,30,65,WEAK,NONE,55,30,65,EXTREME,88,40,60,0.77,False,40,0.8456549935149157,45.10650064850843,RANGING,90,False,NONE,1.139375,1.141135,1.140892,FAR,30,50,85,50,NONE,NONE,NONE,False,[],0,0,ACCUMULATION,ACCUMULATION,50,56,False,10,"Smart money accumulation. Bullish bias, look for breakout.",1.165,0.8,False,False,True,True,0.3,0.3,True,False,False,22,False,[],0,NO,ACCUMULATION,"Smart money accumulation. Bullish bias, look for breakout.",EXTREME,LOW,0.033,[],False,Passed basic checks,0,50,50,MEDIUM,5,WAIT,รอการวิเคราะห์จาก AI,1.140988,1.140543,72.52,1.14121,1.1413,1.1411,BULLISH,AT_RESISTANCE
2026-06-26 19:54:00,1.141195,1.14145,1.141195,1.14144,192.0,EURUSD,BULLISH,1.140635,1.140457,1.140339,1.140028,1.139332,1.138503,BULLISH,1.140892,1.139588,0.001304,0.001542,78.87,66.33,0.000122,4e-05,8.2e-05,86.97,82.87,0.000376,82.91,0.77,0.000352,0.000329,18.26,25.48,12.2,35.24,0.0715,951,816.15,1.165,False,RISING,8.7e-05,2.1e-05,1e-06,1.139375,1.141135,1.140892,1.141158,1.141402,1.140648,1.140382,35,4.68,1.141215,1.14088,71.43,0.000229,0.000184,93.4,90.97,0.000225,1.1402,1.14145,1.14142,1.140218,192,1.02,1.14144,1.14145,1.141195,1.141195,LONDON,66849,HIGH,1.14144,1.14145,1.141195,1.141195,LONDON,66849,HIGH,NONE,BULLISH,WEAK,HIGH_WICK,NEUTRAL,NOISY,NONE,NONE,43,23,6.666666666666667,59,NEUTRAL,False,70,[],0,0,NEUTRAL,BULLISH,40,False,NONE,0,False,False,False,60,False,0,100,UP,NONE,UP,0,True,75,70,30,80,False,True,CONTINUATION,70,True,85.0,BULLISH,False,NONE,False,False,0,False,60,14.285714285712542,9.303838646712103,50.0,24,POOR,False,75,63,-0.04730771838816571,5,19.999999999999996,True,RANDOM,70,47.98733801449423,2.8540553940982774,True,MOMENTUM_SHIFT,False,True,True,35,False,70,UP,80,CHOPPY,EXTREME,UP,80,0.0715,CHOPPY,65,30,65,WEAK,NONE,55,30,65,EXTREME,88,40,60,0.77,False,40,0.8456549935149157,45.10650064850843,RANGING,90,False,NONE,1.139375,1.141135,1.140892,FAR,30,50,85,50,NONE,NONE,NONE,False,[],0,0,ACCUMULATION,ACCUMULATION,50,56,False,10,"Smart money accumulation. Bullish bias, look for breakout.",1.165,0.8,False,False,True,True,0.3,0.3,True,False,False,22,False,[],0,NO,ACCUMULATION,"Smart money accumulation. Bullish bias, look for breakout.",EXTREME,LOW,0.033,[],False,Passed basic checks,0,50,50,MEDIUM,5,WAIT,รอการวิเคราะห์จาก AI,1.14107,1.140578,68.23,1.141362,1.141528,1.141273,BULLISH,NONE
2026-06-26 19:55:00,1.14144,1.141455,1.14125,1.141315,120.0,EURUSD,BULLISH,1.140862,1.140613,1.140432,1.140078,1.139372,1.138535,BULLISH,1.141105,1.139487,0.001619,0.001539,81.31,74.05,0.000184,6.9e-05,0.000115,89.82,86.11,0.000399,84.42,0.97,0.000357,0.000333,20.15,28.36,10.86,44.63,0.1044,779,815.85,0.955,False,FALLING,0.00012,3.6e-05,3e-06,1.139375,1.141455,1.141202,1.141568,1.141822,1.140948,1.140582,50,5.21,1.141249,1.140921,63.1,0.000236,0.000194,88.97,91.31,0.000219,1.1402,1.141455,1.141454,1.140287,120,0.65,1.141315,1.141455,1.14125,1.14144,LONDON,63313,HIGH,1.141315,1.141455,1.14125,1.14144,LONDON,63313,HIGH,NONE,BULLISH,WEAK,HIGH_WICK,NEUTRAL,NOISY,NONE,TESTING_PIVOT,44,23,13.333333333333334,59,NEUTRAL,False,70,[],0,0,NEUTRAL,BULLISH,40,False,NONE,0,False,False,False,60,False,0,100,UP,NONE,UP,0,True,75,70,30,80,False,True,CONTINUATION,70,True,85.0,BULLISH,False,NONE,False,False,0,False,60,28.998699609884977,11.467008327996592,55.00000000000001,31,POOR,False,75,61,-0.011874966800415058,5,9.999999999999998,True,RANDOM,70,50.10005562780667,1.203952819511267,True,MOMENTUM_SHIFT,False,True,True,35,False,70,UP,100,IMPULSIVE,EXTREME,UP,100,0.1044,IMPULSIVE,85,30,85,NORMAL,NONE,70,30,80,EXTREME,88,40,60,0.97,False,40,1.0519818063677713,23.265819363222874,RANGING,90,False,NONE,1.139375,1.141455,1.141202,FAR,30,50,85,50,NONE,NONE,NONE,False,[],0,0,UNCLEAR,UNCLEAR,52,0,False,10,Mixed signals or insufficient data. Exercise caution.,0.955,0.8,False,False,True,True,0.3,0.3,True,False,False,22,False,[],0,NO,UNCLEAR,Mixed signals or insufficient data. Exercise caution.,EXTREME,LOW,0.035,[],False,Passed basic checks,0,50,50,MEDIUM,5,WAIT,รอการวิเคราะห์จาก AI,1.141114,1.140607,76.16,1.14134,1.14143,1.141225,BULLISH,AT_PIVOT
2026-06-26 19:56:00,1.14131,1.14166,1.14131,1.14149,359.0,EURUSD,BULLISH,1.140862,1.140613,1.140432,1.140078,1.139372,1.138535,BULLISH,1.141105,1.139487,0.001619,0.001539,81.31,74.05,0.000184,6.9e-05,0.000115,89.82,86.11,0.000399,84.42,0.97,0.000357,0.000333,20.15,28.36,10.86,44.63,0.1044,779,815.85,0.955,False,FALLING,0.00012,3.6e-05,3e-06,1.139375,1.141455,1.141202,1.141568,1.141822,1.140948,1.140582,50,5.21,1.141329,1.140975,63.57,0.000252,0.000206,88.54,90.3,0.000229,1.140285,1.14166,1.141519,1.140337,359,1.85,1.14149,1.14166,1.14131,1.14131,LONDON,62713,HIGH,1.14149,1.14166,1.14131,1.14131,LONDON,62713,HIGH,NONE,BULLISH,WEAK,HIGH_WICK,NEUTRAL,NOISY,NONE,TESTING_RESISTANCE,44,23,13.333333333333334,59,NEUTRAL,False,70,[],0,0,NEUTRAL,BULLISH,40,False,NONE,0,False,False,False,60,False,0,100,UP,NONE,UP,0,True,75,70,30,80,False,True,CONTINUATION,70,True,85.0,BULLISH,False,NONE,False,False,0,False,60,28.998699609884977,11.467008327996592,55.00000000000001,31,POOR,False,75,61,-0.011874966800415058,5,9.999999999999998,True,RANDOM,70,50.10005562780667,1.203952819511267,True,MOMENTUM_SHIFT,False,True,True,35,False,70,UP,100,IMPULSIVE,EXTREME,UP,100,0.1044,IMPULSIVE,85,30,85,NORMAL,NONE,70,30,80,EXTREME,88,40,60,0.97,False,40,1.0519818063677713,23.265819363222874,RANGING,90,False,NONE,1.139375,1.141455,1.141202,FAR,30,50,85,50,NONE,NONE,NONE,False,[],0,0,SIDEWAY_RANGE,SIDEWAY_RANGE,52,51,False,10,Price ranging between clear levels. Suitable for mean-reversion strategies.,0.955,0.8,False,False,True,True,0.3,0.3,True,False,False,22,False,[],0,NO,SIDEWAY_RANGE,Price ranging between clear levels. Suitable for mean-reversion strategies.,EXTREME,LOW,0.035,[],False,Passed basic checks,0,50,50,MEDIUM,5,WAIT,รอการวิเคราะห์จาก AI,1.141183,1.140642,79.4,1.141487,1.141663,1.141313,BULLISH,AT_RESISTANCE
2026-06-26 19:57:00,1.141495,1.141835,1.14149,1.14182,324.0,EURUSD,BULLISH,1.140862,1.140613,1.140432,1.140078,1.139372,1.138535,BULLISH,1.141105,1.139487,0.001619,0.001539,81.31,74.05,0.000184,6.9e-05,0.000115,89.82,86.11,0.000399,84.42,0.97,0.000357,0.000333,20.15,28.36,10.86,44.63,0.1044,779,815.85,0.955,False,FALLING,0.00012,3.6e-05,3e-06,1.139375,1.141455,1.141202,1.141568,1.141822,1.140948,1.140582,50,5.21,1.141493,1.141056,74.71,0.000288,0.000222,88.49,88.67,0.00024,1.14046,1.141835,1.141677,1.140307,324,1.632,1.14182,1.141835,1.14149,1.141495,LONDON,63107,HIGH,1.14182,1.141835,1.14149,1.141495,LONDON,63107,HIGH,NONE,BULLISH,WEAK,HIGH_WICK,NEUTRAL,NOISY,NONE,NONE,44,23,13.333333333333334,59,NEUTRAL,False,70,[],0,0,NEUTRAL,BULLISH,40,False,NONE,0,False,False,False,60,False,0,100,UP,NONE,UP,0,True,75,70,30,80,False,True,CONTINUATION,70,True,85.0,BULLISH,False,NONE,False,False,0,False,60,28.998699609884977,11.467008327996592,55.00000000000001,31,POOR,False,75,61,-0.011874966800415058,5,9.999999999999998,True,RANDOM,70,50.10005562780667,1.203952819511267,True,MOMENTUM_SHIFT,False,True,True,35,False,70,UP,100,IMPULSIVE,EXTREME,UP,100,0.1044,IMPULSIVE,85,30,85,NORMAL,NONE,70,30,80,EXTREME,88,40,60,0.97,False,40,1.0519818063677713,23.265819363222874,RANGING,90,False,NONE,1.139375,1.141455,1.141202,FAR,30,50,85,50,NONE,NONE,NONE,False,[],0,0,UNCLEAR,UNCLEAR,52,0,False,10,Mixed signals or insufficient data. Exercise caution.,0.955,0.8,False,False,True,True,0.3,0.3,True,False,False,22,False,[],0,NO,UNCLEAR,Mixed signals or insufficient data. Exercise caution.,EXTREME,LOW,0.035,[],False,Passed basic checks,0,50,50,MEDIUM,5,WAIT,รอการวิเคราะห์จาก AI,1.141299,1.140688,84.41,1.141715,1.14194,1.141595,BULLISH,NONE
2026-06-26 19:58:00,1.141825,1.14296,1.141815,1.14279,946.0,EURUSD,BULLISH,1.140862,1.140613,1.140432,1.140078,1.139372,1.138535,BULLISH,1.141105,1.139487,0.001619,0.001539,81.31,74.05,0.000184,6.9e-05,0.000115,89.82,86.11,0.000399,84.42,0.97,0.000357,0.000333,20.15,28.36,10.86,44.63,0.1044,779,815.85,0.955,False,FALLING,0.00012,3.6e-05,3e-06,1.139375,1.141455,1.141202,1.141568,1.141822,1.140948,1.140582,50,5.21,1.141925,1.141221,83.01,0.00039,0.000256,91.68,89.57,0.000314,1.14046,1.14296,1.142132,1.140075,946,3.993,1.14279,1.14296,1.141815,1.141825,LONDON,63452,HIGH,1.14279,1.14296,1.141815,1.141825,LONDON,63452,HIGH,NONE,BULLISH,WEAK,HIGH_WICK,NEUTRAL,NOISY,NONE,NONE,44,23,13.333333333333334,59,NEUTRAL,False,70,[],0,0,NEUTRAL,BULLISH,40,False,NONE,0,False,False,False,60,False,0,100,UP,NONE,UP,0,True,75,70,30,80,False,True,CONTINUATION,70,True,85.0,BULLISH,False,NONE,False,False,0,False,60,28.998699609884977,11.467008327996592,55.00000000000001,31,POOR,False,75,61,-0.011874966800415058,5,9.999999999999998,True,RANDOM,70,50.10005562780667,1.203952819511267,True,MOMENTUM_SHIFT,False,True,True,35,False,70,UP,100,IMPULSIVE,EXTREME,UP,100,0.1044,IMPULSIVE,85,30,85,NORMAL,NONE,70,30,80,EXTREME,88,40,60,0.97,False,40,1.0519818063677713,23.265819363222874,RANGING,90,False,NONE,1.139375,1.141455,1.141202,FAR,30,50,85,50,NONE,NONE,NONE,False,[],0,0,UNCLEAR,UNCLEAR,52,0,False,10,Mixed signals or insufficient data. Exercise caution.,0.955,0.8,False,False,True,True,0.3,0.3,True,False,False,22,False,[],0,NO,UNCLEAR,Mixed signals or insufficient data. Exercise caution.,EXTREME,LOW,0.035,[],False,Passed basic checks,0,50,50,MEDIUM,5,WAIT,รอการวิเคราะห์จาก AI,1.14157,1.14077,90.28,1.142522,1.143228,1.142083,BULLISH,NONE
2026-06-26 19:59:00,1.142785,1.143395,1.14254,1.143395,785.0,EURUSD,BULLISH,1.140862,1.140613,1.140432,1.140078,1.139372,1.138535,BULLISH,1.141105,1.139487,0.001619,0.001539,81.31,74.05,0.000184,6.9e-05,0.000115,89.82,86.11,0.000399,84.42,0.97,0.000357,0.000333,20.15,28.36,10.86,44.63,0.1044,779,815.85,0.955,False,FALLING,0.00012,3.6e-05,3e-06,1.139375,1.141455,1.141202,1.141568,1.141822,1.140948,1.140582,50,5.21,1.142415,1.141428,85.66,0.000514,0.000307,97.16,92.44,0.000368,1.14046,1.143395,1.142667,1.139818,785,2.951,1.143395,1.143395,1.14254,1.142785,LONDON,62847,HIGH,1.143395,1.143395,1.14254,1.142785,LONDON,62847,HIGH,NONE,BULLISH,WEAK,HIGH_WICK,NEUTRAL,NOISY,NONE,NONE,44,23,13.333333333333334,59,NEUTRAL,False,70,[],0,0,NEUTRAL,BULLISH,40,False,NONE,0,False,False,False,60,False,0,100,UP,NONE,UP,0,True,75,70,30,80,False,True,CONTINUATION,70,True,85.0,BULLISH,False,NONE,False,False,0,False,60,28.998699609884977,11.467008327996592,55.00000000000001,31,POOR,False,75,61,-0.011874966800415058,5,9.999999999999998,True,RANDOM,70,50.10005562780667,1.203952819511267,True,MOMENTUM_SHIFT,False,True,True,35,False,70,UP,100,IMPULSIVE,EXTREME,UP,100,0.1044,IMPULSIVE,85,30,85,NORMAL,NONE,70,30,80,EXTREME,88,40,60,0.97,False,40,1.0519818063677713,23.265819363222874,RANGING,90,False,NONE,1.139375,1.141455,1.141202,FAR,30,50,85,50,NONE,NONE,NONE,False,[],0,0,UNCLEAR,UNCLEAR,52,0,False,10,Mixed signals or insufficient data. Exercise caution.,0.955,0.8,False,False,True,True,0.3,0.3,True,False,False,22,False,[],0,NO,UNCLEAR,Mixed signals or insufficient data. Exercise caution.,EXTREME,LOW,0.035,[],False,Passed basic checks,0,50,50,MEDIUM,5,WAIT,รอการวิเคราะห์จาก AI,1.141902,1.140873,91.91,1.14311,1.14368,1.142825,BULLISH,NONE
2026-06-26 20:00:00,1.14339,1.1434,1.142645,1.14273,897.0,EURUSD,BULLISH,1.141485,1.140998,1.14065,1.140182,1.13944,1.138586,BULLISH,1.141769,1.139054,0.002715,0.001548,94.28,87.08,0.000344,0.000124,0.00022,88.04,88.28,0.00053,94.97,2.12,0.000375,0.000336,23.82,46.85,7.75,71.6,0.2311,3311,939.05,3.526,True,RISING,0.000217,7.2e-05,9e-06,1.139375,1.1434,1.14248,1.14365,1.14457,1.14156,1.14039,50,7.59,1.14252,1.141552,74.11,0.000552,0.000356,89.53,92.79,0.000411,1.14054,1.1434,1.142882,1.139822,897,3.015,1.14273,1.1434,1.142645,1.14339,LONDON,63255,HIGH,1.14273,1.1434,1.142645,1.14339,LONDON,63255,HIGH,NONE,BULLISH,WEAK,LOW_WICK,NEUTRAL,NORMAL,NONE,TESTING_PIVOT,44,23,13.333333333333334,82,NEUTRAL,False,70,[],0,0,NEUTRAL,BULLISH,40,False,NONE,0,False,False,False,60,False,0,100,UP,NONE,UP,0,True,75,97,3,80,True,True,CONTINUATION,70,True,85.0,BULLISH,False,NONE,False,False,0,False,60,45.83333333333664,24.93368700265444,55.00000000000001,41,FAIR,False,75,72,0.16497529263777536,5,0.0,True,RANDOM,70,60.05023810991201,2.734661594496029,True,VOLATILITY_REGIME_CHANGE,True,True,True,0,False,70,UP,100,IMPULSIVE,EXTREME,UP,100,0.2311,IMPULSIVE,90,30,95,NORMAL,NONE,70,45,80,EXTREME,88,40,60,2.12,True,40,1.753875968992248,0.0,RANGING,90,False,NONE,1.139375,1.1434,1.14248,FAR,30,50,85,50,NONE,NONE,NONE,False,[],0,0,SIDEWAY_RANGE,SIDEWAY_RANGE,50,60,True,27,Price ranging between clear levels. Suitable for mean-reversion strategies.,3.526,0.5,True,False,True,True,0.3,0.3,True,False,True,22,False,[],0,NO,SIDEWAY_RANGE,Price ranging between clear levels. Suitable for mean-reversion strategies.,EXTREME,LOW,0.046,[],True,Passed basic checks,0,50,50,MEDIUM,5,WAIT,รอการวิเคราะห์จาก AI,1.142052,1.140946,74.68,1.142925,1.143205,1.14245,BULLISH,AT_PIVOT
2026-06-26 20:01:00,1.142725,1.142985,1.14261,1.14263,653.0,EURUSD,BULLISH,1.141485,1.140998,1.14065,1.140182,1.13944,1.138586,BULLISH,1.141769,1.139054,0.002715,0.001548,94.28,87.08,0.000344,0.000124,0.00022,88.04,88.28,0.00053,94.97,2.12,0.000375,0.000336,23.82,46.85,7.75,71.6,0.2311,3311,939.05,3.526,True,RISING,0.000217,7.2e-05,9e-06,1.139375,1.1434,1.14248,1.14365,1.14457,1.14156,1.14039,50,7.59,1.142557,1.141655,69.59,0.000568,0.000399,82.1,89.59,0.000401,1.140625,1.1434,1.143052,1.139836,653,2.054,1.14263,1.142985,1.14261,1.142725,LONDON,62545,HIGH,1.14263,1.142985,1.14261,1.142725,LONDON,62545,HIGH,NONE,BULLISH,WEAK,LOW_WICK,NEUTRAL,NORMAL,NONE,TESTING_PIVOT,44,23,13.333333333333334,82,NEUTRAL,False,70,[],0,0,NEUTRAL,BULLISH,40,False,NONE,0,False,False,False,60,False,0,100,UP,NONE,UP,0,True,75,97,3,80,True,True,CONTINUATION,70,True,85.0,BULLISH,False,NONE,False,False,0,False,60,45.83333333333664,24.93368700265444,55.00000000000001,41,FAIR,False,75,72,0.16497529263777536,5,0.0,True,RANDOM,70,60.05023810991201,2.734661594496029,True,VOLATILITY_REGIME_CHANGE,True,True,True,0,False,70,UP,100,IMPULSIVE,EXTREME,UP,100,0.2311,IMPULSIVE,90,30,95,NORMAL,NONE,70,45,80,EXTREME,88,40,60,2.12,True,40,1.753875968992248,0.0,RANGING,90,False,NONE,1.139375,1.1434,1.14248,FAR,30,50,85,50,NONE,NONE,NONE,False,[],0,0,ACCUMULATION,ACCUMULATION,50,65,True,27,"Smart money accumulation. Bullish bias, look for breakout.",3.526,0.5,True,False,True,True,0.3,0.3,True,False,True,22,False,[],0,NO,ACCUMULATION,"Smart money accumulation. Bullish bias, look for breakout.",EXTREME,LOW,0.046,[],True,Passed basic checks,0,50,50,MEDIUM,5,WAIT,รอการวิเคราะห์จาก AI,1.142157,1.141012,70.03,1.142742,1.142873,1.142498,BULLISH,AT_PIVOT
2026-06-26 20:02:00,1.142635,1.142695,1.14237,1.142585,606.0,EURUSD,BULLISH,1.141485,1.140998,1.14065,1.140182,1.13944,1.138586,BULLISH,1.141769,1.139054,0.002715,0.001548,94.28,87.08,0.000344,0.000124,0.00022,88.04,88.28,0.00053,94.97,2.12,0.000375,0.000336,23.82,46.85,7.75,71.6,0.2311,3311,939.05,3.526,True,RISING,0.000217,7.2e-05,9e-06,1.139375,1.1434,1.14248,1.14365,1.14457,1.14156,1.14039,50,7.59,1.142566,1.141743,72.93,0.00057,0.000433,71.67,81.1,0.000407,1.140625,1.1434,1.143193,1.139858,606,1.797,1.142585,1.142695,1.14237,1.142635,LONDON,62985,HIGH,1.142585,1.142695,1.14237,1.142635,LONDON,62985,HIGH,NONE,BULLISH,WEAK,LOW_WICK,NEUTRAL,NORMAL,NONE,TESTING_PIVOT,44,23,13.333333333333334,82,NEUTRAL,False,70,[],0,0,NEUTRAL,BULLISH,40,False,NONE,0,False,False,False,60,False,0,100,UP,NONE,UP,0,True,75,97,3,80,True,True,CONTINUATION,70,True,85.0,BULLISH,False,NONE,False,False,0,False,60,45.83333333333664,24.93368700265444,55.00000000000001,41,FAIR,False,75,72,0.16497529263777536,5,0.0,True,RANDOM,70,60.05023810991201,2.734661594496029,True,VOLATILITY_REGIME_CHANGE,True,True,True,0,False,70,UP,100,IMPULSIVE,EXTREME,UP,100,0.2311,IMPULSIVE,90,30,95,NORMAL,NONE,70,45,80,EXTREME,88,40,60,2.12,True,40,1.753875968992248,0.0,RANGING,90,False,NONE,1.139375,1.1434,1.14248,FAR,30,50,85,50,NONE,NONE,NONE,False,[],0,0,ACCUMULATION,ACCUMULATION,50,65,True,27,"Smart money accumulation. Bullish bias, look for breakout.",3.526,0.5,True,False,True,True,0.3,0.3,True,False,True,22,False,[],0,NO,ACCUMULATION,"Smart money accumulation. Bullish bias, look for breakout.",EXTREME,LOW,0.046,[],True,Passed basic checks,0,50,50,MEDIUM,5,WAIT,รอการวิเคราะห์จาก AI,1.142235,1.141074,71.97,1.14255,1.14273,1.142405,BULLISH,AT_PIVOT
2026-06-26 20:03:00,1.14258,1.142835,1.142355,1.142445,580.0,EURUSD,BULLISH,1.141485,1.140998,1.14065,1.140182,1.13944,1.138586,BULLISH,1.141769,1.139054,0.002715,0.001548,94.28,87.08,0.000344,0.000124,0.00022,88.04,88.28,0.00053,94.97,2.12,0.000375,0.000336,23.82,46.85,7.75,71.6,0.2311,3311,939.05,3.526,True,RISING,0.000217,7.2e-05,9e-06,1.139375,1.1434,1.14248,1.14365,1.14457,1.14156,1.14039,50,7.59,1.142526,1.14181,70.0,0.000554,0.000457,67.5,73.76,0.000431,1.140625,1.1434,1.143285,1.139934,580,1.616,1.142445,1.142835,1.142355,1.14258,LONDON,63425,HIGH,1.142445,1.142835,1.142355,1.14258,LONDON,63425,HIGH,NONE,BULLISH,WEAK,LOW_WICK,NEUTRAL,NORMAL,NONE,TESTING_PIVOT,44,23,13.333333333333334,82,NEUTRAL,False,70,[],0,0,NEUTRAL,BULLISH,40,False,NONE,0,False,False,False,60,False,0,100,UP,NONE,UP,0,True,75,97,3,80,True,True,CONTINUATION,70,True,85.0,BULLISH,False,NONE,False,False,0,False,60,45.83333333333664,24.93368700265444,55.00000000000001,41,FAIR,False,75,72,0.16497529263777536,5,0.0,True,RANDOM,70,60.05023810991201,2.734661594496029,True,VOLATILITY_REGIME_CHANGE,True,True,True,0,False,70,UP,100,IMPULSIVE,EXTREME,UP,100,0.2311,IMPULSIVE,90,30,95,NORMAL,NONE,70,45,80,EXTREME,88,40,60,2.12,True,40,1.753875968992248,0.0,RANGING,90,False,NONE,1.139375,1.1434,1.14248,FAR,30,50,85,50,NONE,NONE,NONE,False,[],0,0,ACCUMULATION,ACCUMULATION,50,65,True,27,"Smart money accumulation. Bullish bias, look for breakout.",3.526,0.5,True,False,True,True,0.3,0.3,True,False,True,22,False,[],0,NO,ACCUMULATION,"Smart money accumulation. Bullish bias, look for breakout.",EXTREME,LOW,0.046,[],True,Passed basic checks,0,50,50,MEDIUM,5,WAIT,รอการวิเคราะห์จาก AI,1.142273,1.141128,66.73,1.142545,1.142735,1.142255,BULLISH,AT_PIVOT
2026-06-26 20:04:00,1.14244,1.142455,1.142215,1.142215,366.0,EURUSD,BULLISH,1.141485,1.140998,1.14065,1.140182,1.13944,1.138586,BULLISH,1.141769,1.139054,0.002715,0.001548,94.28,87.08,0.000344,0.000124,0.00022,88.04,88.28,0.00053,94.97,2.12,0.000375,0.000336,23.82,46.85,7.75,71.6,0.2311,3311,939.05,3.526,True,RISING,0.000217,7.2e-05,9e-06,1.139375,1.1434,1.14248,1.14365,1.14457,1.14156,1.14039,50,7.59,1.142422,1.141849,65.97,0.000517,0.000469,61.95,67.04,0.000431,1.140625,1.1434,1.143328,1.140038,366,0.995,1.142215,1.142455,1.142215,1.14244,LONDON,62750,HIGH,1.142215,1.142455,1.142215,1.14244,LONDON,62750,HIGH,NONE,BULLISH,WEAK,LOW_WICK,NEUTRAL,NORMAL,NONE,TESTING_PIVOT,44,23,13.333333333333334,82,NEUTRAL,False,70,[],0,0,NEUTRAL,BULLISH,40,False,NONE,0,False,False,False,60,False,0,100,UP,NONE,UP,0,True,75,97,3,80,True,True,CONTINUATION,70,True,85.0,BULLISH,False,NONE,False,False,0,False,60,45.83333333333664,24.93368700265444,55.00000000000001,41,FAIR,False,75,72,0.16497529263777536,5,0.0,True,RANDOM,70,60.05023810991201,2.734661594496029,True,VOLATILITY_REGIME_CHANGE,True,True,True,0,False,70,UP,100,IMPULSIVE,EXTREME,UP,100,0.2311,IMPULSIVE,90,30,95,NORMAL,NONE,70,45,80,EXTREME,88,40,60,2.12,True,40,1.753875968992248,0.0,RANGING,90,False,NONE,1.139375,1.1434,1.14248,FAR,30,50,85,50,NONE,NONE,NONE,False,[],0,0,ACCUMULATION,ACCUMULATION,50,65,True,27,"Smart money accumulation. Bullish bias, look for breakout.",3.526,0.5,True,False,True,True,0.3,0.3,True,False,True,22,False,[],0,NO,ACCUMULATION,"Smart money accumulation. Bullish bias, look for breakout.",EXTREME,LOW,0.046,[],True,Passed basic checks,0,50,50,MEDIUM,5,WAIT,รอการวิเคราะห์จาก AI,1.142263,1.14117,57.17,1.142295,1.142375,1.142135,BULLISH,AT_PIVOT
2026-06-26 20:05:00,1.14222,1.14253,1.142185,1.14243,329.0,EURUSD,BULLISH,1.1418,1.141258,1.14082,1.14027,1.139499,1.138626,BULLISH,1.142144,1.138884,0.00326,0.001563,84.05,84.63,0.000441,0.000187,0.000254,83.74,87.2,0.000557,95.98,2.33,0.000396,0.000338,27.23,41.91,6.94,71.6,0.1859,2534,1025.15,2.472,True,RISING,0.000263,0.000101,1.4e-05,1.139375,1.1434,1.142533,1.142882,1.143333,1.142082,1.141733,50,7.23,1.142425,1.141904,66.3,0.000499,0.000475,58.53,62.66,0.000437,1.140625,1.1434,1.143385,1.140145,329,0.869,1.14243,1.14253,1.142185,1.14222,LONDON,63102,HIGH,1.14243,1.14253,1.142185,1.14222,LONDON,63102,HIGH,NONE,BEARISH,WEAK,LOW_WICK,NEUTRAL,NOISY,NONE,TESTING_PIVOT,42,23,6.666666666666667,92,NEUTRAL,False,70,[],0,0,NEUTRAL,BEARISH,40,False,NONE,0,False,False,False,60,False,0,100,UP,NONE,UP,0,True,75,97,3,80,True,True,CONTINUATION,70,True,60.0,BULLISH,False,NONE,False,False,0,False,60,38.67924528302353,18.617558022201862,55.00000000000001,37,FAIR,False,75,73,0.05961086180594597,5,10.000000000000009,True,RANDOM,70,50.28073888052072,2.2385408085198364,True,VOLATILITY_REGIME_CHANGE,True,True,True,0,False,70,UP,100,IMPULSIVE,EXTREME,UP,100,0.1859,IMPULSIVE,90,30,95,NORMAL,NONE,75,45,85,EXTREME,88,40,60,2.33,True,40,2.085732565579015,0.0,RANGING,90,False,NONE,1.139375,1.142882,1.142533,FAR,30,50,85,50,NONE,NONE,NONE,False,[],0,0,ACCUMULATION,ACCUMULATION,50,56,False,11,"Smart money accumulation. Bullish bias, look for breakout.",2.472,0.8,True,False,True,True,0.3,0.3,True,False,True,22,False,[],0,NO,ACCUMULATION,"Smart money accumulation. Bullish bias, look for breakout.",EXTREME,LOW,0.049,[],False,Passed basic checks,0,50,50,MEDIUM,5,WAIT,รอการวิเคราะห์จาก AI,1.142293,1.14122,41.0,1.142382,1.142578,1.142233,BEARISH,AT_PIVOT
2026-06-26 20:06:00,1.142425,1.142435,1.142205,1.142285,392.0,EURUSD,BULLISH,1.1418,1.141258,1.14082,1.14027,1.139499,1.138626,BULLISH,1.142144,1.138884,0.00326,0.001563,84.05,84.63,0.000441,0.000187,0.000254,83.74,87.2,0.000557,95.98,2.33,0.000396,0.000338,27.23,41.91,6.94,71.6,0.1859,2534,1025.15,2.472,True,RISING,0.000263,0.000101,1.4e-05,1.139375,1.1434,1.142533,1.142882,1.143333,1.142082,1.141733,50,7.23,1.142378,1.14194,62.45,0.000468,0.000474,54.45,58.31,0.000436,1.140625,1.1434,1.143398,1.140292,392,0.997,1.142285,1.142435,1.142205,1.142425,LONDON,62652,HIGH,1.142285,1.142435,1.142205,1.142425,LONDON,62652,HIGH,NONE,BEARISH,WEAK,LOW_WICK,NEUTRAL,NOISY,NONE,TESTING_PIVOT,42,23,6.666666666666667,92,NEUTRAL,False,70,[],0,0,NEUTRAL,BEARISH,40,False,NONE,0,False,False,False,60,False,0,100,UP,NONE,UP,0,True,75,97,3,80,True,True,CONTINUATION,70,True,60.0,BULLISH,False,NONE,False,False,0,False,60,38.67924528302353,18.617558022201862,55.00000000000001,37,FAIR,False,75,73,0.05961086180594597,5,10.000000000000009,True,RANDOM,70,50.28073888052072,2.2385408085198364,True,VOLATILITY_REGIME_CHANGE,True,True,True,0,False,70,UP,100,IMPULSIVE,EXTREME,UP,100,0.1859,IMPULSIVE,90,30,95,NORMAL,NONE,75,45,85,EXTREME,88,40,60,2.33,True,40,2.085732565579015,0.0,RANGING,90,False,NONE,1.139375,1.142882,1.142533,FAR,30,50,85,50,NONE,NONE,NONE,False,[],0,0,ACCUMULATION,ACCUMULATION,50,56,False,11,"Smart money accumulation. Bullish bias, look for breakout.",2.472,0.8,True,False,True,True,0.3,0.3,True,False,True,22,False,[],0,NO,ACCUMULATION,"Smart money accumulation. Bullish bias, look for breakout.",EXTREME,LOW,0.049,[],False,Passed basic checks,0,50,50,MEDIUM,5,WAIT,รอการวิเคราะห์จาก AI,1.142292,1.141262,13.96,1.142308,1.142412,1.142182,BEARISH,AT_PIVOT
2026-06-26 20:07:00,1.142285,1.142525,1.14218,1.14249,389.0,EURUSD,BULLISH,1.1418,1.141258,1.14082,1.14027,1.139499,1.138626,BULLISH,1.142144,1.138884,0.00326,0.001563,84.05,84.63,0.000441,0.000187,0.000254,83.74,87.2,0.000557,95.98,2.33,0.000396,0.000338,27.23,41.91,6.94,71.6,0.1859,2534,1025.15,2.472,True,RISING,0.000263,0.000101,1.4e-05,1.139375,1.1434,1.142533,1.142882,1.143333,1.142082,1.141733,50,7.23,1.142415,1.141993,65.48,0.000455,0.00047,56.09,56.36,0.000447,1.140795,1.1434,1.143451,1.140379,389,0.977,1.14249,1.142525,1.14218,1.142285,LONDON,63039,HIGH,1.14249,1.142525,1.14218,1.142285,LONDON,63039,HIGH,NONE,BEARISH,WEAK,LOW_WICK,NEUTRAL,NOISY,NONE,TESTING_PIVOT,42,23,6.666666666666667,92,NEUTRAL,False,70,[],0,0,NEUTRAL,BEARISH,40,False,NONE,0,False,False,False,60,False,0,100,UP,NONE,UP,0,True,75,97,3,80,True,True,CONTINUATION,70,True,60.0,BULLISH,False,NONE,False,False,0,False,60,38.67924528302353,18.617558022201862,55.00000000000001,37,FAIR,False,75,73,0.05961086180594597,5,10.000000000000009,True,RANDOM,70,50.28073888052072,2.2385408085198364,True,VOLATILITY_REGIME_CHANGE,True,True,True,0,False,70,UP,100,IMPULSIVE,EXTREME,UP,100,0.1859,IMPULSIVE,90,30,95,NORMAL,NONE,75,45,85,EXTREME,88,40,60,2.33,True,40,2.085732565579015,0.0,RANGING,90,False,NONE,1.139375,1.142882,1.142533,FAR,30,50,85,50,NONE,NONE,NONE,False,[],0,0,SIDEWAY_RANGE,SIDEWAY_RANGE,50,51,False,11,Price ranging between clear levels. Suitable for mean-reversion strategies.,2.472,0.8,True,False,True,True,0.3,0.3,True,False,True,22,False,[],0,NO,SIDEWAY_RANGE,Price ranging between clear levels. Suitable for mean-reversion strategies.,EXTREME,LOW,0.049,[],False,Passed basic checks,0,50,50,MEDIUM,5,WAIT,รอการวิเคราะห์จาก AI,1.142328,1.14131,38.89,1.142398,1.142617,1.142272,BEARISH,AT_PIVOT
2026-06-26 20:08:00,1.142485,1.142735,1.14243,1.14248,356.0,EURUSD,BULLISH,1.1418,1.141258,1.14082,1.14027,1.139499,1.138626,BULLISH,1.142144,1.138884,0.00326,0.001563,84.05,84.63,0.000441,0.000187,0.000254,83.74,87.2,0.000557,95.98,2.33,0.000396,0.000338,27.23,41.91,6.94,71.6,0.1859,2534,1025.15,2.472,True,RISING,0.000263,0.000101,1.4e-05,1.139375,1.1434,1.142533,1.142882,1.143333,1.142082,1.141733,50,7.23,1.142437,1.142039,63.13,0.000438,0.000464,55.68,55.41,0.00045,1.140795,1.1434,1.143467,1.140524,356,0.872,1.14248,1.142735,1.14243,1.142485,LONDON,63437,HIGH,1.14248,1.142735,1.14243,1.142485,LONDON,63437,HIGH,NONE,BEARISH,WEAK,LOW_WICK,NEUTRAL,NOISY,NONE,TESTING_PIVOT,42,23,6.666666666666667,92,NEUTRAL,False,70,[],0,0,NEUTRAL,BEARISH,40,False,NONE,0,False,False,False,60,False,0,100,UP,NONE,UP,0,True,75,97,3,80,True,True,CONTINUATION,70,True,60.0,BULLISH,False,NONE,False,False,0,False,60,38.67924528302353,18.617558022201862,55.00000000000001,37,FAIR,False,75,73,0.05961086180594597,5,10.000000000000009,True,RANDOM,70,50.28073888052072,2.2385408085198364,True,VOLATILITY_REGIME_CHANGE,True,True,True,0,False,70,UP,100,IMPULSIVE,EXTREME,UP,100,0.1859,IMPULSIVE,90,30,95,NORMAL,NONE,75,45,85,EXTREME,88,40,60,2.33,True,40,2.085732565579015,0.0,RANGING,90,False,NONE,1.139375,1.142882,1.142533,FAR,30,50,85,50,NONE,NONE,NONE,False,[],0,0,SIDEWAY_RANGE,SIDEWAY_RANGE,50,51,False,11,Price ranging between clear levels. Suitable for mean-reversion strategies.,2.472,0.8,True,False,True,True,0.3,0.3,True,False,True,22,False,[],0,NO,SIDEWAY_RANGE,Price ranging between clear levels. Suitable for mean-reversion strategies.,EXTREME,LOW,0.049,[],False,Passed basic checks,0,50,50,MEDIUM,5,WAIT,รอการวิเคราะห์จาก AI,1.142355,1.141356,42.42,1.142548,1.142667,1.142362,BEARISH,AT_PIVOT
2026-06-26 20:09:00,1.142475,1.142505,1.14233,1.142355,363.0,EURUSD,BULLISH,1.1418,1.141258,1.14082,1.14027,1.139499,1.138626,BULLISH,1.142144,1.138884,0.00326,0.001563,84.05,84.63,0.000441,0.000187,0.000254,83.74,87.2,0.000557,95.98,2.33,0.000396,0.000338,27.23,41.91,6.94,71.6,0.1859,2534,1025.15,2.472,True,RISING,0.000263,0.000101,1.4e-05,1.139375,1.1434,1.142533,1.142882,1.143333,1.142082,1.141733,50,7.23,1.14241,1.142069,63.13,0.00041,0.000453,55.31,55.7,0.000448,1.140795,1.1434,1.143454,1.140682,363,0.864,1.142355,1.142505,1.14233,1.142475,LONDON,62765,HIGH,1.142355,1.142505,1.14233,1.142475,LONDON,62765,HIGH,NONE,BEARISH,WEAK,LOW_WICK,NEUTRAL,NOISY,NONE,TESTING_PIVOT,42,23,6.666666666666667,92,NEUTRAL,False,70,[],0,0,NEUTRAL,BEARISH,40,False,NONE,0,False,False,False,60,False,0,100,UP,NONE,UP,0,True,75,97,3,80,True,True,CONTINUATION,70,True,60.0,BULLISH,False,NONE,False,False,0,False,60,38.67924528302353,18.617558022201862,55.00000000000001,37,FAIR,False,75,73,0.05961086180594597,5,10.000000000000009,True,RANDOM,70,50.28073888052072,2.2385408085198364,True,VOLATILITY_REGIME_CHANGE,True,True,True,0,False,70,UP,100,IMPULSIVE,EXTREME,UP,100,0.1859,IMPULSIVE,90,30,95,NORMAL,NONE,75,45,85,EXTREME,88,40,60,2.33,True,40,2.085732565579015,0.0,RANGING,90,False,NONE,1.139375,1.142882,1.142533,FAR,30,50,85,50,NONE,NONE,NONE,False,[],0,0,ACCUMULATION,ACCUMULATION,50,56,False,11,"Smart money accumulation. Bullish bias, look for breakout.",2.472,0.8,True,False,True,True,0.3,0.3,True,False,True,22,False,[],0,NO,ACCUMULATION,"Smart money accumulation. Bullish bias, look for breakout.",EXTREME,LOW,0.049,[],False,Passed basic checks,0,50,50,MEDIUM,5,WAIT,รอการวิเคราะห์จาก AI,1.142355,1.141395,39.25,1.142397,1.142463,1.142288,BEARISH,AT_PIVOT
2026-06-26 20:10:00,1.14236,1.14238,1.14182,1.141855,431.0,EURUSD,BULLISH,1.141818,1.141367,1.140919,1.140332,1.139543,1.138637,BULLISH,1.142314,1.138841,0.003474,0.001582,73.68,72.83,0.000467,0.000243,0.000223,71.84,81.21,0.000597,98.49,2.66,0.000421,0.00034,29.23,37.1,10.72,55.15,0.1473,1931,1087.8,1.775,False,RISING,0.000265,0.000121,1.7e-05,1.139375,1.1434,1.142137,1.142453,1.143052,1.141538,1.141222,50,6.74,1.142225,1.142049,54.26,0.000344,0.000431,42.11,51.03,0.000463,1.140835,1.1434,1.143396,1.140834,431,1.008,1.141855,1.14238,1.14182,1.14236,LONDON,63228,HIGH,1.141855,1.14238,1.14182,1.14236,LONDON,63228,HIGH,EVENING_STAR,BEARISH,WEAK,LOW_WICK,NEUTRAL,NOISY,NONE,TESTING_PIVOT,44,20,0.0,98,NEUTRAL,False,70,['EVENING_STAR'],1,20,BEARISH,BEARISH,60,False,NONE,0,False,False,False,60,False,0,100,UP,NONE,NONE,0,True,75,97,3,80,True,True,CONTINUATION,70,True,60.0,BULLISH,False,NONE,False,False,0,False,60,22.398589065259074,16.09195402299073,50.0,29,POOR,False,75,73,0.047371385885082634,5,10.000000000000009,True,RANDOM,70,52.473852544979025,1.2312100856934258,True,VOLATILITY_REGIME_CHANGE,True,True,True,0,False,70,UP,100,IMPULSIVE,EXTREME,UP,100,0.1473,IMPULSIVE,85,30,85,NORMAL,NONE,75,30,85,EXTREME,88,40,60,2.66,True,40,2.1959544879898862,0.0,RANGING,90,False,NONE,1.139375,1.142453,1.142137,FAR,30,50,85,50,NONE,NONE,NONE,False,[],0,0,ACCUMULATION,ACCUMULATION,50,56,False,11,"Smart money accumulation. Bullish bias, look for breakout.",1.775,0.8,False,False,True,True,0.3,0.3,True,False,True,22,False,[],0,NO,ACCUMULATION,"Smart money accumulation. Bullish bias, look for breakout.",EXTREME,LOW,0.052,[],False,Passed basic checks,0,50,50,MEDIUM,5,WAIT,รอการวิเคราะห์จาก AI,1.142264,1.141413,29.37,1.142018,1.142217,1.141657,BEARISH,AT_PIVOT
2026-06-26 20:11:00,1.141855,1.1421,1.14183,1.141875,430.0,EURUSD,BULLISH,1.141818,1.141367,1.140919,1.140332,1.139543,1.138637,BULLISH,1.142314,1.138841,0.003474,0.001582,73.68,72.83,0.000467,0.000243,0.000223,71.84,81.21,0.000597,98.49,2.66,0.000421,0.00034,29.23,37.1,10.72,55.15,0.1473,1931,1087.8,1.775,False,RISING,0.000265,0.000121,1.7e-05,1.139375,1.1434,1.142137,1.142453,1.143052,1.141538,1.141222,50,6.74,1.142108,1.142032,50.69,0.00029,0.000403,24.3,40.57,0.000458,1.141065,1.1434,1.143348,1.14096,430,0.974,1.141875,1.1421,1.14183,1.141855,LONDON,62763,HIGH,1.141875,1.1421,1.14183,1.141855,LONDON,62763,HIGH,EVENING_STAR,BEARISH,WEAK,LOW_WICK,NEUTRAL,NOISY,NONE,TESTING_PIVOT,44,20,0.0,98,NEUTRAL,False,70,['EVENING_STAR'],1,20,BEARISH,BEARISH,60,False,NONE,0,False,False,False,60,False,0,100,UP,NONE,NONE,0,True,75,97,3,80,True,True,CONTINUATION,70,True,60.0,BULLISH,False,NONE,False,False,0,False,60,22.398589065259074,16.09195402299073,50.0,29,POOR,False,75,73,0.047371385885082634,5,10.000000000000009,True,RANDOM,70,52.473852544979025,1.2312100856934258,True,VOLATILITY_REGIME_CHANGE,True,True,True,0,False,70,UP,100,IMPULSIVE,EXTREME,UP,100,0.1473,IMPULSIVE,85,30,85,NORMAL,NONE,75,30,85,EXTREME,88,40,60,2.66,True,40,2.1959544879898862,0.0,RANGING,90,False,NONE,1.139375,1.142453,1.142137,FAR,30,50,85,50,NONE,NONE,NONE,False,[],0,0,ACCUMULATION,ACCUMULATION,50,56,False,11,"Smart money accumulation. Bullish bias, look for breakout.",1.775,0.8,False,False,True,True,0.3,0.3,True,False,True,22,False,[],0,NO,ACCUMULATION,"Smart money accumulation. Bullish bias, look for breakout.",EXTREME,LOW,0.052,[],False,Passed basic checks,0,50,50,MEDIUM,5,WAIT,รอการวิเคราะห์จาก AI,1.142194,1.141431,36.07,1.141935,1.14204,1.14177,BEARISH,AT_PIVOT
2026-06-26 20:12:00,1.141875,1.14212,1.14177,1.1421,392.0,EURUSD,BULLISH,1.141818,1.141367,1.140919,1.140332,1.139543,1.138637,BULLISH,1.142314,1.138841,0.003474,0.001582,73.68,72.83,0.000467,0.000243,0.000223,71.84,81.21,0.000597,98.49,2.66,0.000421,0.00034,29.23,37.1,10.72,55.15,0.1473,1931,1087.8,1.775,False,RISING,0.000265,0.000121,1.7e-05,1.139375,1.1434,1.142137,1.142453,1.143052,1.141538,1.141222,50,6.74,1.142105,1.142039,39.32,0.000262,0.000375,14.38,26.93,0.000401,1.14112,1.1434,1.143316,1.141076,392,0.864,1.1421,1.14212,1.14177,1.141875,LONDON,63131,HIGH,1.1421,1.14212,1.14177,1.141875,LONDON,63131,HIGH,EVENING_STAR,BEARISH,WEAK,LOW_WICK,NEUTRAL,NOISY,NONE,TESTING_PIVOT,44,20,0.0,98,NEUTRAL,False,70,['EVENING_STAR'],1,20,BEARISH,BEARISH,60,False,NONE,0,False,False,False,60,False,0,100,UP,NONE,NONE,0,True,75,97,3,80,True,True,CONTINUATION,70,True,60.0,BULLISH,False,NONE,False,False,0,False,60,22.398589065259074,16.09195402299073,50.0,29,POOR,False,75,73,0.047371385885082634,5,10.000000000000009,True,RANDOM,70,52.473852544979025,1.2312100856934258,True,VOLATILITY_REGIME_CHANGE,True,True,True,0,False,70,UP,100,IMPULSIVE,EXTREME,UP,100,0.1473,IMPULSIVE,85,30,85,NORMAL,NONE,75,30,85,EXTREME,88,40,60,2.66,True,40,2.1959544879898862,0.0,RANGING,90,False,NONE,1.139375,1.142453,1.142137,FAR,30,50,85,50,NONE,NONE,NONE,False,[],0,0,ACCUMULATION,ACCUMULATION,50,56,False,11,"Smart money accumulation. Bullish bias, look for breakout.",1.775,0.8,False,False,True,True,0.3,0.3,True,False,True,22,False,[],0,NO,ACCUMULATION,"Smart money accumulation. Bullish bias, look for breakout.",EXTREME,LOW,0.052,[],False,Passed basic checks,0,50,50,MEDIUM,5,WAIT,รอการวิเคราะห์จาก AI,1.142177,1.141457,36.59,1.141997,1.142223,1.141873,BEARISH,AT_PIVOT
2026-06-26 20:13:00,1.142105,1.14212,1.14197,1.142025,221.0,EURUSD,BULLISH,1.141818,1.141367,1.140919,1.140332,1.139543,1.138637,BULLISH,1.142314,1.138841,0.003474,0.001582,73.68,72.83,0.000467,0.000243,0.000223,71.84,81.21,0.000597,98.49,2.66,0.000421,0.00034,29.23,37.1,10.72,55.15,0.1473,1931,1087.8,1.775,False,RISING,0.000265,0.000121,1.7e-05,1.139375,1.1434,1.142137,1.142453,1.143052,1.141538,1.141222,50,6.74,1.142079,1.142037,24.63,0.000231,0.000346,13.23,17.3,0.00035,1.141195,1.1434,1.143258,1.141217,221,0.484,1.142025,1.14212,1.14197,1.142105,LONDON,62533,HIGH,1.142025,1.14212,1.14197,1.142105,LONDON,62533,HIGH,EVENING_STAR,BEARISH,WEAK,LOW_WICK,NEUTRAL,NOISY,NONE,TESTING_PIVOT,44,20,0.0,98,NEUTRAL,False,70,['EVENING_STAR'],1,20,BEARISH,BEARISH,60,False,NONE,0,False,False,False,60,False,0,100,UP,NONE,NONE,0,True,75,97,3,80,True,True,CONTINUATION,70,True,60.0,BULLISH,False,NONE,False,False,0,False,60,22.398589065259074,16.09195402299073,50.0,29,POOR,False,75,73,0.047371385885082634,5,10.000000000000009,True,RANDOM,70,52.473852544979025,1.2312100856934258,True,VOLATILITY_REGIME_CHANGE,True,True,True,0,False,70,UP,100,IMPULSIVE,EXTREME,UP,100,0.1473,IMPULSIVE,85,30,85,NORMAL,NONE,75,30,85,EXTREME,88,40,60,2.66,True,40,2.1959544879898862,0.0,RANGING,90,False,NONE,1.139375,1.142453,1.142137,FAR,30,50,85,50,NONE,NONE,NONE,False,[],0,0,ACCUMULATION,ACCUMULATION,50,56,False,11,"Smart money accumulation. Bullish bias, look for breakout.",1.775,0.8,False,False,True,True,0.3,0.3,True,False,True,22,False,[],0,NO,ACCUMULATION,"Smart money accumulation. Bullish bias, look for breakout.",EXTREME,LOW,0.052,[],False,Passed basic checks,0,50,50,MEDIUM,5,WAIT,รอการวิเคราะห์จาก AI,1.142149,1.14148,38.79,1.142038,1.142107,1.141957,BEARISH,AT_PIVOT
2026-06-26 20:14:00,1.14202,1.1421,1.14193,1.14202,284.0,EURUSD,BULLISH,1.141818,1.141367,1.140919,1.140332,1.139543,1.138637,BULLISH,1.142314,1.138841,0.003474,0.001582,73.68,72.83,0.000467,0.000243,0.000223,71.84,81.21,0.000597,98.49,2.66,0.000421,0.00034,29.23,37.1,10.72,55.15,0.1473,1931,1087.8,1.775,False,RISING,0.000265,0.000121,1.7e-05,1.139375,1.1434,1.142137,1.142453,1.143052,1.141538,1.141222,50,6.74,1.142059,1.142036,32.6,0.000204,0.000317,18.82,15.48,0.000309,1.14125,1.1434,1.143222,1.141311,284,0.616,1.14202,1.1421,1.14193,1.14202,LONDON,62840,HIGH,1.14202,1.1421,1.14193,1.14202,LONDON,62840,HIGH,EVENING_STAR,BEARISH,WEAK,LOW_WICK,NEUTRAL,NOISY,NONE,TESTING_PIVOT,44,20,0.0,98,NEUTRAL,False,70,['EVENING_STAR'],1,20,BEARISH,BEARISH,60,False,NONE,0,False,False,False,60,False,0,100,UP,NONE,NONE,0,True,75,97,3,80,True,True,CONTINUATION,70,True,60.0,BULLISH,False,NONE,False,False,0,False,60,22.398589065259074,16.09195402299073,50.0,29,POOR,False,75,73,0.047371385885082634,5,10.000000000000009,True,RANDOM,70,52.473852544979025,1.2312100856934258,True,VOLATILITY_REGIME_CHANGE,True,True,True,0,False,70,UP,100,IMPULSIVE,EXTREME,UP,100,0.1473,IMPULSIVE,85,30,85,NORMAL,NONE,75,30,85,EXTREME,88,40,60,2.66,True,40,2.1959544879898862,0.0,RANGING,90,False,NONE,1.139375,1.142453,1.142137,FAR,30,50,85,50,NONE,NONE,NONE,False,[],0,0,ACCUMULATION,ACCUMULATION,50,56,False,11,"Smart money accumulation. Bullish bias, look for breakout.",1.775,0.8,False,False,True,True,0.3,0.3,True,False,True,22,False,[],0,NO,ACCUMULATION,"Smart money accumulation. Bullish bias, look for breakout.",EXTREME,LOW,0.052,[],False,Passed basic checks,0,50,50,MEDIUM,5,WAIT,รอการวิเคราะห์จาก AI,1.142126,1.141501,25.52,1.142017,1.142103,1.141933,BEARISH,AT_PIVOT
2026-06-26 20:15:00,1.142025,1.14206,1.141895,1.141985,171.0,EURUSD,BULLISH,1.141874,1.141479,1.14102,1.140397,1.139592,1.138678,BULLISH,1.142502,1.138834,0.003669,0.001602,72.61,71.94,0.000491,0.000293,0.000199,63.6,73.06,0.000595,97.49,2.57,0.000447,0.000341,30.93,35.42,10.88,52.99,0.135,1498,1131.7,1.324,False,RISING,0.000246,0.000135,1.8e-05,1.139375,1.1434,1.141958,1.142147,1.142308,1.141797,1.141608,50,6.76,1.142034,1.142031,33.67,0.000177,0.000289,18.8,16.95,0.000294,1.14131,1.1434,1.143157,1.141443,171,0.369,1.141985,1.14206,1.141895,1.142025,LONDON,63315,HIGH,1.141985,1.14206,1.141895,1.142025,LONDON,63315,HIGH,NONE,BULLISH,WEAK,LOW_WICK,NEUTRAL,NOISY,NONE,TESTING_PIVOT,43,20,6.666666666666667,100,NEUTRAL,False,70,[],0,0,NEUTRAL,BULLISH,40,False,NONE,0,False,False,False,60,False,0,100,UP,NONE,UP,0,True,75,97,3,80,True,True,CONTINUATION,70,True,85.0,BULLISH,False,NONE,False,False,0,False,60,33.58070500928083,18.274357731461414,55.00000000000001,35,POOR,False,75,75,0.05517648251696883,5,19.999999999999996,True,RANDOM,70,51.78079294087926,1.2684763659699219,True,VOLATILITY_REGIME_CHANGE,True,True,True,0,False,70,UP,100,IMPULSIVE,EXTREME,UP,100,0.135,IMPULSIVE,85,30,85,NORMAL,NONE,75,30,85,EXTREME,88,40,60,2.57,True,40,2.290262172284644,0.0,RANGING,90,False,NONE,1.139375,1.142147,1.141958,FAR,30,50,85,50,NONE,NONE,NONE,False,[],0,0,ACCUMULATION,ACCUMULATION,50,56,False,11,"Smart money accumulation. Bullish bias, look for breakout.",1.324,0.8,False,False,True,True,0.3,0.3,True,False,False,22,False,[],0,NO,ACCUMULATION,"Smart money accumulation. Bullish bias, look for breakout.",EXTREME,LOW,0.052,[],False,Passed basic checks,0,50,50,MEDIUM,5,WAIT,รอการวิเคราะห์จาก AI,1.1421,1.14152,24.87,1.14198,1.142065,1.1419,BULLISH,AT_PIVOT
2026-06-26 20:16:00,1.141985,1.141985,1.14174,1.141845,273.0,EURUSD,BULLISH,1.141874,1.141479,1.14102,1.140397,1.139592,1.138678,BULLISH,1.142502,1.138834,0.003669,0.001602,72.61,71.94,0.000491,0.000293,0.000199,63.6,73.06,0.000595,97.49,2.57,0.000447,0.000341,30.93,35.42,10.88,52.99,0.135,1498,1131.7,1.324,False,RISING,0.000246,0.000135,1.8e-05,1.139375,1.1434,1.141958,1.142147,1.142308,1.141797,1.141608,50,6.76,1.141971,1.142013,32.13,0.000143,0.00026,16.78,18.14,0.000288,1.14149,1.1434,1.143117,1.141519,273,0.594,1.141845,1.141985,1.14174,1.141985,LONDON,62771,HIGH,1.141845,1.141985,1.14174,1.141985,LONDON,62771,HIGH,NONE,BULLISH,WEAK,LOW_WICK,NEUTRAL,NOISY,NONE,TESTING_PIVOT,43,20,6.666666666666667,100,NEUTRAL,False,70,[],0,0,NEUTRAL,BULLISH,40,False,NONE,0,False,False,False,60,False,0,100,UP,NONE,UP,0,True,75,97,3,80,True,True,CONTINUATION,70,True,85.0,BULLISH,False,NONE,False,False,0,False,60,33.58070500928083,18.274357731461414,55.00000000000001,35,POOR,False,75,75,0.05517648251696883,5,19.999999999999996,True,RANDOM,70,51.78079294087926,1.2684763659699219,True,VOLATILITY_REGIME_CHANGE,True,True,True,0,False,70,UP,100,IMPULSIVE,EXTREME,UP,100,0.135,IMPULSIVE,85,30,85,NORMAL,NONE,75,30,85,EXTREME,88,40,60,2.57,True,40,2.290262172284644,0.0,RANGING,90,False,NONE,1.139375,1.142147,1.141958,FAR,30,50,85,50,NONE,NONE,NONE,False,[],0,0,ACCUMULATION,ACCUMULATION,50,56,False,11,"Smart money accumulation. Bullish bias, look for breakout.",1.324,0.8,False,False,True,True,0.3,0.3,True,False,False,22,False,[],0,NO,ACCUMULATION,"Smart money accumulation. Bullish bias, look for breakout.",EXTREME,LOW,0.052,[],False,Passed basic checks,0,50,50,MEDIUM,5,WAIT,รอการวิเคราะห์จาก AI,1.142054,1.141532,24.5,1.141857,1.141973,1.141728,BULLISH,AT_PIVOT
2026-06-26 20:17:00,1.141845,1.141945,1.14178,1.14193,158.0,EURUSD,BULLISH,1.141874,1.141479,1.14102,1.140397,1.139592,1.138678,BULLISH,1.142502,1.138834,0.003669,0.001602,72.61,71.94,0.000491,0.000293,0.000199,63.6,73.06,0.000595,97.49,2.57,0.000447,0.000341,30.93,35.42,10.88,52.99,0.135,1498,1131.7,1.324,False,RISING,0.000246,0.000135,1.8e-05,1.139375,1.1434,1.141958,1.142147,1.142308,1.141797,1.141608,50,6.76,1.141958,1.142005,37.22,0.000122,0.000232,16.29,17.29,0.000265,1.14174,1.1434,1.143109,1.141537,158,0.35,1.14193,1.141945,1.14178,1.141845,LONDON,63158,HIGH,1.14193,1.141945,1.14178,1.141845,LONDON,63158,HIGH,NONE,BULLISH,WEAK,LOW_WICK,NEUTRAL,NOISY,NONE,TESTING_PIVOT,43,20,6.666666666666667,100,NEUTRAL,False,70,[],0,0,NEUTRAL,BULLISH,40,False,NONE,0,False,False,False,60,False,0,100,UP,NONE,UP,0,True,75,97,3,80,True,True,CONTINUATION,70,True,85.0,BULLISH,False,NONE,False,False,0,False,60,33.58070500928083,18.274357731461414,55.00000000000001,35,POOR,False,75,75,0.05517648251696883,5,19.999999999999996,True,RANDOM,70,51.78079294087926,1.2684763659699219,True,VOLATILITY_REGIME_CHANGE,True,True,True,0,False,70,UP,100,IMPULSIVE,EXTREME,UP,100,0.135,IMPULSIVE,85,30,85,NORMAL,NONE,75,30,85,EXTREME,88,40,60,2.57,True,40,2.290262172284644,0.0,RANGING,90,False,NONE,1.139375,1.142147,1.141958,FAR,30,50,85,50,NONE,NONE,NONE,False,[],0,0,ACCUMULATION,ACCUMULATION,50,56,False,11,"Smart money accumulation. Bullish bias, look for breakout.",1.324,0.8,False,False,True,True,0.3,0.3,True,False,False,22,False,[],0,NO,ACCUMULATION,"Smart money accumulation. Bullish bias, look for breakout.",EXTREME,LOW,0.052,[],False,Passed basic checks,0,50,50,MEDIUM,5,WAIT,รอการวิเคราะห์จาก AI,1.142031,1.141548,56.41,1.141885,1.14199,1.141825,BULLISH,AT_PIVOT
2026-06-26 20:18:00,1.14193,1.142035,1.14193,1.142025,155.0,EURUSD,BULLISH,1.141874,1.141479,1.14102,1.140397,1.139592,1.138678,BULLISH,1.142502,1.138834,0.003669,0.001602,72.61,71.94,0.000491,0.000293,0.000199,63.6,73.06,0.000595,97.49,2.57,0.000447,0.000341,30.93,35.42,10.88,52.99,0.135,1498,1131.7,1.324,False,RISING,0.000246,0.000135,1.8e-05,1.139375,1.1434,1.141958,1.142147,1.142308,1.141797,1.141608,50,6.76,1.14198,1.142007,44.95,0.000111,0.000208,19.11,17.39,0.000256,1.14174,1.1434,1.14305,1.14152,155,0.377,1.142025,1.142035,1.14193,1.14193,LONDON,62551,HIGH,1.142025,1.142035,1.14193,1.14193,LONDON,62551,HIGH,NONE,BULLISH,WEAK,LOW_WICK,NEUTRAL,NOISY,NONE,TESTING_PIVOT,43,20,6.666666666666667,100,NEUTRAL,False,70,[],0,0,NEUTRAL,BULLISH,40,False,NONE,0,False,False,False,60,False,0,100,UP,NONE,UP,0,True,75,97,3,80,True,True,CONTINUATION,70,True,85.0,BULLISH,False,NONE,False,False,0,False,60,33.58070500928083,18.274357731461414,55.00000000000001,35,POOR,False,75,75,0.05517648251696883,5,19.999999999999996,True,RANDOM,70,51.78079294087926,1.2684763659699219,True,VOLATILITY_REGIME_CHANGE,True,True,True,0,False,70,UP,100,IMPULSIVE,EXTREME,UP,100,0.135,IMPULSIVE,85,30,85,NORMAL,NONE,75,30,85,EXTREME,88,40,60,2.57,True,40,2.290262172284644,0.0,RANGING,90,False,NONE,1.139375,1.142147,1.141958,FAR,30,50,85,50,NONE,NONE,NONE,False,[],0,0,ACCUMULATION,ACCUMULATION,50,56,False,11,"Smart money accumulation. Bullish bias, look for breakout.",1.324,0.8,False,False,True,True,0.3,0.3,True,False,False,22,False,[],0,NO,ACCUMULATION,"Smart money accumulation. Bullish bias, look for breakout.",EXTREME,LOW,0.052,[],False,Passed basic checks,0,50,50,MEDIUM,5,WAIT,รอการวิเคราะห์จาก AI,1.14203,1.141567,61.36,1.141997,1.142063,1.141958,BULLISH,AT_PIVOT
2026-06-26 20:19:00,1.14203,1.14203,1.141335,1.14142,626.0,EURUSD,BULLISH,1.141874,1.141479,1.14102,1.140397,1.139592,1.138678,BULLISH,1.142502,1.138834,0.003669,0.001602,72.61,71.94,0.000491,0.000293,0.000199,63.6,73.06,0.000595,97.49,2.57,0.000447,0.000341,30.93,35.42,10.88,52.99,0.135,1498,1131.7,1.324,False,RISING,0.000246,0.000135,1.8e-05,1.139375,1.1434,1.141958,1.142147,1.142308,1.141797,1.141608,50,6.76,1.141793,1.141951,27.75,5.3e-05,0.000177,17.94,17.78,0.000281,1.141335,1.1434,1.142851,1.141521,626,1.551,1.14142,1.14203,1.141335,1.14203,LONDON,62918,HIGH,1.14142,1.14203,1.141335,1.14203,LONDON,62918,HIGH,NONE,BULLISH,WEAK,LOW_WICK,NEUTRAL,NOISY,NONE,NONE,43,20,6.666666666666667,100,NEUTRAL,False,70,[],0,0,NEUTRAL,BULLISH,40,False,NONE,0,False,False,False,60,False,0,100,UP,NONE,UP,0,True,75,97,3,80,True,True,CONTINUATION,70,True,85.0,BULLISH,False,NONE,False,False,0,False,60,33.58070500928083,18.274357731461414,55.00000000000001,35,POOR,False,75,75,0.05517648251696883,5,19.999999999999996,True,RANDOM,70,51.78079294087926,1.2684763659699219,True,VOLATILITY_REGIME_CHANGE,True,True,True,0,False,70,UP,100,IMPULSIVE,EXTREME,UP,100,0.135,IMPULSIVE,85,30,85,NORMAL,NONE,75,30,85,EXTREME,88,40,60,2.57,True,40,2.290262172284644,0.0,RANGING,90,False,NONE,1.139375,1.142147,1.141958,FAR,30,50,85,50,NONE,NONE,NONE,False,[],0,0,ACCUMULATION,ACCUMULATION,50,56,False,11,"Smart money accumulation. Bullish bias, look for breakout.",1.324,0.8,False,False,True,True,0.3,0.3,True,False,False,22,False,[],0,NO,ACCUMULATION,"Smart money accumulation. Bullish bias, look for breakout.",EXTREME,LOW,0.052,[],False,Passed basic checks,0,50,50,MEDIUM,5,WAIT,รอการวิเคราะห์จาก AI,1.141919,1.141561,17.31,1.141595,1.141855,1.14116,BULLISH,NONE
2026-06-26 20:20:00,1.141425,1.141705,1.14117,1.14169,848.0,EURUSD,BULLISH,1.141813,1.141517,1.141084,1.140448,1.139634,1.138705,BULLISH,1.142616,1.138879,0.003737,0.001622,63.94,67.14,0.000482,0.000331,0.000151,55.39,63.61,0.000639,100.0,2.9,0.000477,0.000341,30.83,31.62,17.16,29.63,0.1237,2060,1190.1,1.731,False,FALLING,0.000207,0.00014,2e-05,1.139375,1.1434,1.141632,1.142093,1.142497,1.141228,1.140767,50,6.3,1.141759,1.141926,37.58,2.9e-05,0.000148,22.65,19.9,0.000303,1.14117,1.142985,1.142782,1.141486,848,2.114,1.14169,1.141705,1.14117,1.141425,LONDON,63438,HIGH,1.14169,1.141705,1.14117,1.141425,LONDON,63438,HIGH,NONE,BEARISH,WEAK,LOW_WICK,NEUTRAL,NOISY,TRUE,TESTING_PIVOT,44,20,0.0,100,NEUTRAL,False,70,[],0,0,NEUTRAL,BEARISH,40,True,REJECTION,25,False,False,True,70,False,0,100,UP,NONE,NONE,0,True,75,70,30,80,False,True,CONTINUATION,70,True,60.0,BULLISH,False,NONE,False,False,0,False,60,28.342245989311206,15.688073394497101,55.00000000000001,33,POOR,False,75,76,0.05827050870539678,5,30.000000000000004,True,RANDOM,70,50.9720165778107,0.7967480366661616,True,VOLATILITY_REGIME_CHANGE,True,True,True,0,False,70,UP,100,IMPULSIVE,EXTREME,UP,100,0.1237,IMPULSIVE,85,30,85,NORMAL,NONE,70,30,80,EXTREME,88,40,60,2.9,True,40,2.3039457459926016,0.0,RANGING,90,False,NONE,1.139375,1.142093,1.141632,FAR,30,50,85,50,NONE,NONE,NONE,False,[],0,0,ACCUMULATION,ACCUMULATION,50,56,False,11,"Smart money accumulation. Bullish bias, look for breakout.",1.731,0.8,False,False,True,True,0.3,0.3,True,False,True,22,False,[],0,NO,ACCUMULATION,"Smart money accumulation. Bullish bias, look for breakout.",EXTREME,LOW,0.056,[],False,Passed basic checks,0,50,50,MEDIUM,5,WAIT,รอการวิเคราะห์จาก AI,1.141877,1.141566,36.44,1.141522,1.141873,1.141338,BEARISH,AT_PIVOT
2026-06-26 20:21:00,1.141695,1.14197,1.141595,1.141775,614.0,EURUSD,BULLISH,1.141813,1.141517,1.141084,1.140448,1.139634,1.138705,BULLISH,1.142616,1.138879,0.003737,0.001622,63.94,67.14,0.000482,0.000331,0.000151,55.39,63.61,0.000639,100.0,2.9,0.000477,0.000341,30.83,31.62,17.16,29.63,0.1237,2060,1190.1,1.731,False,FALLING,0.000207,0.00014,2e-05,1.139375,1.1434,1.141632,1.142093,1.142497,1.141228,1.140767,50,6.3,1.141764,1.141912,34.29,1.6e-05,0.000121,25.99,22.19,0.000305,1.14117,1.142835,1.142714,1.141469,614,1.538,1.141775,1.14197,1.141595,1.141695,LONDON,62790,HIGH,1.141775,1.14197,1.141595,1.141695,LONDON,62790,HIGH,NONE,BEARISH,WEAK,LOW_WICK,NEUTRAL,NOISY,TRUE,TESTING_PIVOT,44,20,0.0,100,NEUTRAL,False,70,[],0,0,NEUTRAL,BEARISH,40,True,REJECTION,25,False,False,True,70,False,0,100,UP,NONE,NONE,0,True,75,70,30,80,False,True,CONTINUATION,70,True,60.0,BULLISH,False,NONE,False,False,0,False,60,28.342245989311206,15.688073394497101,55.00000000000001,33,POOR,False,75,76,0.05827050870539678,5,30.000000000000004,True,RANDOM,70,50.9720165778107,0.7967480366661616,True,VOLATILITY_REGIME_CHANGE,True,True,True,0,False,70,UP,100,IMPULSIVE,EXTREME,UP,100,0.1237,IMPULSIVE,85,30,85,NORMAL,NONE,70,30,80,EXTREME,88,40,60,2.9,True,40,2.3039457459926016,0.0,RANGING,90,False,NONE,1.139375,1.142093,1.141632,FAR,30,50,85,50,NONE,NONE,NONE,False,[],0,0,BREAKOUT_EMERGING,BREAKOUT_EMERGING,50,61,False,11,"Volatility expansion after compression. Potential breakout opportunity. (breakout prob: 30%, reversal prob: 50%)",1.731,0.8,False,False,True,True,0.3,0.3,True,False,True,22,False,[],0,NO,BREAKOUT_EMERGING,"Volatility expansion after compression. Potential breakout opportunity. (breakout prob: 30%, reversal prob: 50%)",EXTREME,LOW,0.056,[],False,Passed basic checks,0,50,50,MEDIUM,5,WAIT,รอการวิเคราะห์จาก AI,1.141859,1.141574,40.68,1.14178,1.141965,1.14159,BEARISH,AT_PIVOT
2026-06-26 20:22:00,1.14177,1.142245,1.14175,1.14223,376.0,EURUSD,BULLISH,1.141813,1.141517,1.141084,1.140448,1.139634,1.138705,BULLISH,1.142616,1.138879,0.003737,0.001622,63.94,67.14,0.000482,0.000331,0.000151,55.39,63.61,0.000639,100.0,2.9,0.000477,0.000341,30.83,31.62,17.16,29.63,0.1237,2060,1190.1,1.731,False,FALLING,0.000207,0.00014,2e-05,1.139375,1.1434,1.141632,1.142093,1.142497,1.141228,1.140767,50,6.3,1.14192,1.141942,45.4,4.3e-05,0.000106,50.43,33.02,0.000318,1.14117,1.142835,1.142656,1.141491,376,0.97,1.14223,1.142245,1.14175,1.14177,LONDON,63207,HIGH,1.14223,1.142245,1.14175,1.14177,LONDON,63207,HIGH,NONE,BEARISH,WEAK,LOW_WICK,NEUTRAL,NOISY,TRUE,NONE,44,20,0.0,100,NEUTRAL,False,70,[],0,0,NEUTRAL,BEARISH,40,True,REJECTION,25,False,False,True,70,False,0,100,UP,NONE,NONE,0,True,75,70,30,80,False,True,CONTINUATION,70,True,60.0,BULLISH,False,NONE,False,False,0,False,60,28.342245989311206,15.688073394497101,55.00000000000001,33,POOR,False,75,76,0.05827050870539678,5,30.000000000000004,True,RANDOM,70,50.9720165778107,0.7967480366661616,True,VOLATILITY_REGIME_CHANGE,True,True,True,0,False,70,UP,100,IMPULSIVE,EXTREME,UP,100,0.1237,IMPULSIVE,85,30,85,NORMAL,NONE,70,30,80,EXTREME,88,40,60,2.9,True,40,2.3039457459926016,0.0,RANGING,90,False,NONE,1.139375,1.142093,1.141632,FAR,30,50,85,50,NONE,NONE,NONE,False,[],0,0,ACCUMULATION,ACCUMULATION,50,56,False,11,"Smart money accumulation. Bullish bias, look for breakout.",1.731,0.8,False,False,True,True,0.3,0.3,True,False,True,22,False,[],0,NO,ACCUMULATION,"Smart money accumulation. Bullish bias, look for breakout.",EXTREME,LOW,0.056,[],False,Passed basic checks,0,50,50,MEDIUM,5,WAIT,รอการวิเคราะห์จาก AI,1.141926,1.1416,57.06,1.142075,1.1424,1.141905,BEARISH,NONE
2026-06-26 20:23:00,1.14223,1.142335,1.14218,1.142285,388.0,EURUSD,BULLISH,1.141813,1.141517,1.141084,1.140448,1.139634,1.138705,BULLISH,1.142616,1.138879,0.003737,0.001622,63.94,67.14,0.000482,0.000331,0.000151,55.39,63.61,0.000639,100.0,2.9,0.000477,0.000341,30.83,31.62,17.16,29.63,0.1237,2060,1190.1,1.731,False,FALLING,0.000207,0.00014,2e-05,1.139375,1.1434,1.141632,1.142093,1.142497,1.141228,1.140767,50,6.3,1.142041,1.141975,48.68,6.7e-05,9.8e-05,70.07,48.83,0.000317,1.14117,1.142735,1.142631,1.141501,388,1.026,1.142285,1.142335,1.14218,1.14223,LONDON,62442,HIGH,1.142285,1.142335,1.14218,1.14223,LONDON,62442,HIGH,NONE,BEARISH,WEAK,LOW_WICK,NEUTRAL,NOISY,TRUE,NONE,44,20,0.0,100,NEUTRAL,False,70,[],0,0,NEUTRAL,BEARISH,40,True,REJECTION,25,False,False,True,70,False,0,100,UP,NONE,NONE,0,True,75,70,30,80,False,True,CONTINUATION,70,True,60.0,BULLISH,False,NONE,False,False,0,False,60,28.342245989311206,15.688073394497101,55.00000000000001,33,POOR,False,75,76,0.05827050870539678,5,30.000000000000004,True,RANDOM,70,50.9720165778107,0.7967480366661616,True,VOLATILITY_REGIME_CHANGE,True,True,True,0,False,70,UP,100,IMPULSIVE,EXTREME,UP,100,0.1237,IMPULSIVE,85,30,85,NORMAL,NONE,70,30,80,EXTREME,88,40,60,2.9,True,40,2.3039457459926016,0.0,RANGING,90,False,NONE,1.139375,1.142093,1.141632,FAR,30,50,85,50,NONE,NONE,NONE,False,[],0,0,BREAKOUT_EMERGING,BREAKOUT_EMERGING,50,61,False,11,"Volatility expansion after compression. Potential breakout opportunity. (breakout prob: 30%, reversal prob: 50%)",1.731,0.8,False,False,True,True,0.3,0.3,True,False,True,22,False,[],0,NO,BREAKOUT_EMERGING,"Volatility expansion after compression. Potential breakout opportunity. (breakout prob: 30%, reversal prob: 50%)",EXTREME,LOW,0.056,[],False,Passed basic checks,0,50,50,MEDIUM,5,WAIT,รอการวิเคราะห์จาก AI,1.141992,1.141627,63.33,1.142267,1.142353,1.142198,BEARISH,NONE
2026-06-26 20:24:00,1.142285,1.142285,1.14212,1.142185,217.0,EURUSD,BULLISH,1.141813,1.141517,1.141084,1.140448,1.139634,1.138705,BULLISH,1.142616,1.138879,0.003737,0.001622,63.94,67.14,0.000482,0.000331,0.000151,55.39,63.61,0.000639,100.0,2.9,0.000477,0.000341,30.83,31.62,17.16,29.63,0.1237,2060,1190.1,1.731,False,FALLING,0.000207,0.00014,2e-05,1.139375,1.1434,1.141632,1.142093,1.142497,1.141228,1.140767,50,6.3,1.142089,1.141995,57.33,7.7e-05,9.4e-05,86.22,68.91,0.000289,1.14117,1.142735,1.142628,1.141501,217,0.585,1.142185,1.142285,1.14212,1.142285,LONDON,62916,HIGH,1.142185,1.142285,1.14212,1.142285,LONDON,62916,HIGH,NONE,BEARISH,WEAK,LOW_WICK,NEUTRAL,NOISY,TRUE,NONE,44,20,0.0,100,NEUTRAL,False,70,[],0,0,NEUTRAL,BEARISH,40,True,REJECTION,25,False,False,True,70,False,0,100,UP,NONE,NONE,0,True,75,70,30,80,False,True,CONTINUATION,70,True,60.0,BULLISH,False,NONE,False,False,0,False,60,28.342245989311206,15.688073394497101,55.00000000000001,33,POOR,False,75,76,0.05827050870539678,5,30.000000000000004,True,RANDOM,70,50.9720165778107,0.7967480366661616,True,VOLATILITY_REGIME_CHANGE,True,True,True,0,False,70,UP,100,IMPULSIVE,EXTREME,UP,100,0.1237,IMPULSIVE,85,30,85,NORMAL,NONE,70,30,80,EXTREME,88,40,60,2.9,True,40,2.3039457459926016,0.0,RANGING,90,False,NONE,1.139375,1.142093,1.141632,FAR,30,50,85,50,NONE,NONE,NONE,False,[],0,0,ACCUMULATION,ACCUMULATION,50,56,False,11,"Smart money accumulation. Bullish bias, look for breakout.",1.731,0.8,False,False,True,True,0.3,0.3,True,False,True,22,False,[],0,NO,ACCUMULATION,"Smart money accumulation. Bullish bias, look for breakout.",EXTREME,LOW,0.056,[],False,Passed basic checks,0,50,50,MEDIUM,5,WAIT,รอการวิเคราะห์จาก AI,1.142027,1.141649,57.66,1.142197,1.142273,1.142108,BEARISH,NONE
2026-06-26 20:25:00,1.14219,1.14219,1.142025,1.14206,296.0,EURUSD,BULLISH,1.141895,1.141616,1.141177,1.140511,1.13968,1.138728,BULLISH,1.142771,1.138932,0.003839,0.001644,66.43,70.03,0.000498,0.000364,0.000134,56.48,58.49,0.000677,100.0,3.16,0.000509,0.000343,31.13,32.42,15.62,34.98,0.1333,1891,1244.05,1.52,False,FALLING,0.000162,0.000147,2.1e-05,1.139375,1.1434,1.141997,1.142398,1.142737,1.141658,1.141257,50,5.95,1.142079,1.142001,53.93,7.5e-05,9e-05,85.22,80.51,0.000281,1.14117,1.142735,1.142582,1.141509,296,0.802,1.14206,1.14219,1.142025,1.14219,LONDON,63297,HIGH,1.14206,1.14219,1.142025,1.14219,LONDON,63297,HIGH,NONE,BULLISH,WEAK,LOW_WICK,NEUTRAL,NORMAL,NONE,TESTING_PIVOT,43,20,0.0,92,NEUTRAL,False,70,[],0,0,NEUTRAL,BULLISH,40,False,NONE,0,False,False,False,60,False,0,100,UP,NONE,UP,0,True,75,55,45,80,False,True,NEUTRAL,70,False,0.0,NONE,False,NONE,False,False,0,False,60,35.494880546079315,20.14103129131908,60.0,38,FAIR,False,75,78,0.03618047678359798,5,39.99999999999999,True,RANDOM,70,48.99213254852624,2.756186661945132,True,VOLATILITY_REGIME_CHANGE,True,True,False,30,False,70,UP,100,IMPULSIVE,EXTREME,UP,100,0.1333,IMPULSIVE,85,30,85,NORMAL,NONE,75,30,85,EXTREME,88,40,60,3.16,True,40,2.3351581508515813,0.0,RANGING,90,False,NONE,1.139375,1.142398,1.141997,FAR,30,50,85,50,NONE,NONE,NONE,False,[],0,0,ACCUMULATION,ACCUMULATION,50,65,True,29,"Smart money accumulation. Bullish bias, look for breakout.",1.52,0.5,False,False,True,True,0.3,0.3,True,False,True,22,False,[],0,NO,ACCUMULATION,"Smart money accumulation. Bullish bias, look for breakout.",EXTREME,LOW,0.059,[],True,Passed basic checks,0,50,50,MEDIUM,5,WAIT,รอการวิเคราะห์จาก AI,1.142033,1.141665,51.03,1.142092,1.142158,1.141993,BULLISH,AT_PIVOT
2026-06-26 20:26:00,1.142065,1.142215,1.141965,1.14219,189.0,EURUSD,BULLISH,1.141895,1.141616,1.141177,1.140511,1.13968,1.138728,BULLISH,1.142771,1.138932,0.003839,0.001644,66.43,70.03,0.000498,0.000364,0.000134,56.48,58.49,0.000677,100.0,3.16,0.000509,0.000343,31.13,32.42,15.62,34.98,0.1333,1891,1244.05,1.52,False,FALLING,0.000162,0.000147,2.1e-05,1.139375,1.1434,1.141997,1.142398,1.142737,1.141658,1.141257,50,5.95,1.142116,1.142019,51.99,8.2e-05,8.8e-05,83.69,85.05,0.000274,1.14117,1.142735,1.14257,1.141512,189,0.527,1.14219,1.142215,1.141965,1.142065,LONDON,62710,HIGH,1.14219,1.142215,1.141965,1.142065,LONDON,62710,HIGH,NONE,BULLISH,WEAK,LOW_WICK,NEUTRAL,NORMAL,NONE,TESTING_PIVOT,43,20,0.0,92,NEUTRAL,False,70,[],0,0,NEUTRAL,BULLISH,40,False,NONE,0,False,False,False,60,False,0,100,UP,NONE,UP,0,True,75,55,45,80,False,True,NEUTRAL,70,False,0.0,NONE,False,NONE,False,False,0,False,60,35.494880546079315,20.14103129131908,60.0,38,FAIR,False,75,78,0.03618047678359798,5,39.99999999999999,True,RANDOM,70,48.99213254852624,2.756186661945132,True,VOLATILITY_REGIME_CHANGE,True,True,False,30,False,70,UP,100,IMPULSIVE,EXTREME,UP,100,0.1333,IMPULSIVE,85,30,85,NORMAL,NONE,75,30,85,EXTREME,88,40,60,3.16,True,40,2.3351581508515813,0.0,RANGING,90,False,NONE,1.139375,1.142398,1.141997,FAR,30,50,85,50,NONE,NONE,NONE,False,[],0,0,ACCUMULATION,ACCUMULATION,50,65,True,29,"Smart money accumulation. Bullish bias, look for breakout.",1.52,0.5,False,False,True,True,0.3,0.3,True,False,True,22,False,[],0,NO,ACCUMULATION,"Smart money accumulation. Bullish bias, look for breakout.",EXTREME,LOW,0.059,[],True,Passed basic checks,0,50,50,MEDIUM,5,WAIT,รอการวิเคราะห์จาก AI,1.142061,1.141685,81.56,1.142123,1.142282,1.142032,BULLISH,AT_PIVOT
2026-06-26 20:27:00,1.14218,1.142325,1.14213,1.14228,179.0,EURUSD,BULLISH,1.141895,1.141616,1.141177,1.140511,1.13968,1.138728,BULLISH,1.142771,1.138932,0.003839,0.001644,66.43,70.03,0.000498,0.000364,0.000134,56.48,58.49,0.000677,100.0,3.16,0.000509,0.000343,31.13,32.42,15.62,34.98,0.1333,1891,1244.05,1.52,False,FALLING,0.000162,0.000147,2.1e-05,1.139375,1.1434,1.141997,1.142398,1.142737,1.141658,1.141257,50,5.95,1.142171,1.142044,55.6,9.4e-05,9e-05,86.41,85.11,0.000277,1.14117,1.142735,1.14253,1.141531,179,0.514,1.14228,1.142325,1.14213,1.14218,LONDON,63125,HIGH,1.14228,1.142325,1.14213,1.14218,LONDON,63125,HIGH,NONE,BULLISH,WEAK,LOW_WICK,NEUTRAL,NORMAL,NONE,TESTING_PIVOT,43,20,0.0,92,NEUTRAL,False,70,[],0,0,NEUTRAL,BULLISH,40,False,NONE,0,False,False,False,60,False,0,100,UP,NONE,UP,0,True,75,55,45,80,False,True,NEUTRAL,70,False,0.0,NONE,False,NONE,False,False,0,False,60,35.494880546079315,20.14103129131908,60.0,38,FAIR,False,75,78,0.03618047678359798,5,39.99999999999999,True,RANDOM,70,48.99213254852624,2.756186661945132,True,VOLATILITY_REGIME_CHANGE,True,True,False,30,False,70,UP,100,IMPULSIVE,EXTREME,UP,100,0.1333,IMPULSIVE,85,30,85,NORMAL,NONE,75,30,85,EXTREME,88,40,60,3.16,True,40,2.3351581508515813,0.0,RANGING,90,False,NONE,1.139375,1.142398,1.141997,FAR,30,50,85,50,NONE,NONE,NONE,False,[],0,0,ACCUMULATION,ACCUMULATION,50,65,True,29,"Smart money accumulation. Bullish bias, look for breakout.",1.52,0.5,False,False,True,True,0.3,0.3,True,False,True,22,False,[],0,NO,ACCUMULATION,"Smart money accumulation. Bullish bias, look for breakout.",EXTREME,LOW,0.059,[],True,Passed basic checks,0,50,50,MEDIUM,5,WAIT,รอการวิเคราะห์จาก AI,1.142101,1.141709,78.37,1.142245,1.14236,1.142165,BULLISH,AT_PIVOT
2026-06-26 20:28:00,1.142265,1.14234,1.14222,1.14228,206.0,EURUSD,BULLISH,1.141895,1.141616,1.141177,1.140511,1.13968,1.138728,BULLISH,1.142771,1.138932,0.003839,0.001644,66.43,70.03,0.000498,0.000364,0.000134,56.48,58.49,0.000677,100.0,3.16,0.000509,0.000343,31.13,32.42,15.62,34.98,0.1333,1891,1244.05,1.52,False,FALLING,0.000162,0.000147,2.1e-05,1.139375,1.1434,1.141997,1.142398,1.142737,1.141658,1.141257,50,5.95,1.142207,1.142066,55.73,0.000103,9.2e-05,92.57,87.56,0.000274,1.14117,1.142505,1.142489,1.141552,206,0.604,1.14228,1.14234,1.14222,1.142265,LONDON,62753,HIGH,1.14228,1.14234,1.14222,1.142265,LONDON,62753,HIGH,NONE,BULLISH,WEAK,LOW_WICK,NEUTRAL,NORMAL,NONE,TESTING_PIVOT,43,20,0.0,92,NEUTRAL,False,70,[],0,0,NEUTRAL,BULLISH,40,False,NONE,0,False,False,False,60,False,0,100,UP,NONE,UP,0,True,75,55,45,80,False,True,NEUTRAL,70,False,0.0,NONE,False,NONE,False,False,0,False,60,35.494880546079315,20.14103129131908,60.0,38,FAIR,False,75,78,0.03618047678359798,5,39.99999999999999,True,RANDOM,70,48.99213254852624,2.756186661945132,True,VOLATILITY_REGIME_CHANGE,True,True,False,30,False,70,UP,100,IMPULSIVE,EXTREME,UP,100,0.1333,IMPULSIVE,85,30,85,NORMAL,NONE,75,30,85,EXTREME,88,40,60,3.16,True,40,2.3351581508515813,0.0,RANGING,90,False,NONE,1.139375,1.142398,1.141997,FAR,30,50,85,50,NONE,NONE,NONE,False,[],0,0,ACCUMULATION,ACCUMULATION,50,65,True,29,"Smart money accumulation. Bullish bias, look for breakout.",1.52,0.5,False,False,True,True,0.3,0.3,True,False,True,22,False,[],0,NO,ACCUMULATION,"Smart money accumulation. Bullish bias, look for breakout.",EXTREME,LOW,0.059,[],True,Passed basic checks,0,50,50,MEDIUM,5,WAIT,รอการวิเคราะห์จาก AI,1.142134,1.141731,76.44,1.14228,1.14234,1.14222,BULLISH,AT_PIVOT
2026-06-26 20:29:00,1.142275,1.14228,1.14207,1.14215,186.0,EURUSD,BULLISH,1.141895,1.141616,1.141177,1.140511,1.13968,1.138728,BULLISH,1.142771,1.138932,0.003839,0.001644,66.43,70.03,0.000498,0.000364,0.000134,56.48,58.49,0.000677,100.0,3.16,0.000509,0.000343,31.13,32.42,15.62,34.98,0.1333,1891,1244.05,1.52,False,FALLING,0.000162,0.000147,2.1e-05,1.139375,1.1434,1.141997,1.142398,1.142737,1.141658,1.141257,50,5.95,1.142188,1.142074,53.49,9.8e-05,9.3e-05,91.3,90.09,0.000277,1.14117,1.14238,1.142456,1.141564,186,0.56,1.14215,1.14228,1.14207,1.142275,LONDON,63105,HIGH,1.14215,1.14228,1.14207,1.142275,LONDON,63105,HIGH,NONE,BULLISH,WEAK,LOW_WICK,NEUTRAL,NORMAL,NONE,TESTING_PIVOT,43,20,0.0,92,NEUTRAL,False,70,[],0,0,NEUTRAL,BULLISH,40,False,NONE,0,False,False,False,60,False,0,100,UP,NONE,UP,0,True,75,55,45,80,False,True,NEUTRAL,70,False,0.0,NONE,False,NONE,False,False,0,False,60,35.494880546079315,20.14103129131908,60.0,38,FAIR,False,75,78,0.03618047678359798,5,39.99999999999999,True,RANDOM,70,48.99213254852624,2.756186661945132,True,VOLATILITY_REGIME_CHANGE,True,True,False,30,False,70,UP,100,IMPULSIVE,EXTREME,UP,100,0.1333,IMPULSIVE,85,30,85,NORMAL,NONE,75,30,85,EXTREME,88,40,60,3.16,True,40,2.3351581508515813,0.0,RANGING,90,False,NONE,1.139375,1.142398,1.141997,FAR,30,50,85,50,NONE,NONE,NONE,False,[],0,0,ACCUMULATION,ACCUMULATION,50,65,True,29,"Smart money accumulation. Bullish bias, look for breakout.",1.52,0.5,False,False,True,True,0.3,0.3,True,False,True,22,False,[],0,NO,ACCUMULATION,"Smart money accumulation. Bullish bias, look for breakout.",EXTREME,LOW,0.059,[],True,Passed basic checks,0,50,50,MEDIUM,5,WAIT,รอการวิเคราะห์จาก AI,1.142137,1.141747,43.65,1.142167,1.142263,1.142053,BULLISH,AT_PIVOT
2026-06-26 20:30:00,1.142155,1.14228,1.142135,1.14217,241.0,EURUSD,BULLISH,1.141987,1.141717,1.141271,1.140576,1.139727,1.138744,BULLISH,1.142907,1.139036,0.003871,0.001667,63.38,69.38,0.000514,0.000394,0.00012,58.28,56.72,0.000681,100.0,3.11,0.000541,0.000346,31.41,30.97,14.89,35.07,0.1214,1001,1256.45,0.797,False,FALLING,0.000118,0.000149,2.3e-05,1.139375,1.1434,1.142158,1.142352,1.142533,1.141977,1.141783,50,5.91,1.142182,1.142083,57.24,9.4e-05,9.3e-05,88.03,90.64,0.00027,1.14117,1.14234,1.142471,1.141581,241,0.747,1.14217,1.14228,1.142135,1.142155,LONDON,62497,HIGH,1.14217,1.14228,1.142135,1.142155,LONDON,62497,HIGH,NONE,BULLISH,WEAK,LOW_WICK,BULLISH,NORMAL,NONE,TESTING_PIVOT,44,16,6.666666666666667,76,NEUTRAL,False,70,[],0,0,NEUTRAL,BULLISH,40,False,NONE,0,False,False,False,60,False,0,100,UP,NONE,UP,0,True,75,55,45,80,False,True,NEUTRAL,70,False,0.0,NONE,True,BULLISH,True,False,50,False,70,41.54379878577959,22.51308900523472,65.0,43,FAIR,False,75,79,0.04084677786586245,5,50.0,True,RANDOM,70,49.26278166922398,2.5130550875399136,True,VOLATILITY_REGIME_CHANGE,True,True,False,30,False,70,UP,100,IMPULSIVE,EXTREME,UP,100,0.1214,IMPULSIVE,85,30,85,NORMAL,NONE,70,30,80,EXTREME,88,40,60,3.11,True,40,2.322135572885423,0.0,RANGING,90,False,NONE,1.139375,1.142352,1.142158,FAR,30,50,85,50,NONE,NONE,NONE,False,[],0,0,TRENDING_STRONG,TRENDING_STRONG,50,75,True,29,Strong directional trend with high momentum. Favorable for trend-following strategies.,0.797,0.5,False,False,True,True,0.3,0.3,True,False,False,22,False,[],0,NO,TRENDING_STRONG,Strong directional trend with high momentum. Favorable for trend-following strategies.,EXTREME,LOW,0.06,[],True,Passed basic checks,0,50,50,MEDIUM,5,WAIT,รอการวิเคราะห์จาก AI,1.142143,1.141764,40.34,1.142195,1.142255,1.14211,BULLISH,AT_PIVOT
2026-06-26 20:31:00,1.14217,1.142385,1.142035,1.1423,570.0,EURUSD,BULLISH,1.141987,1.141717,1.141271,1.140576,1.139727,1.138744,BULLISH,1.142907,1.139036,0.003871,0.001667,63.38,69.38,0.000514,0.000394,0.00012,58.28,56.72,0.000681,100.0,3.11,0.000541,0.000346,31.41,30.97,14.89,35.07,0.1214,1001,1256.45,0.797,False,FALLING,0.000118,0.000149,2.3e-05,1.139375,1.1434,1.142158,1.142352,1.142533,1.141977,1.141783,50,5.91,1.142221,1.142104,58.08,0.000101,9.5e-05,87.41,88.92,0.000283,1.14117,1.142385,1.142503,1.141592,570,1.73,1.1423,1.142385,1.142035,1.14217,LONDON,62904,HIGH,1.1423,1.142385,1.142035,1.14217,LONDON,62904,HIGH,NONE,BULLISH,WEAK,LOW_WICK,BULLISH,NORMAL,NONE,TESTING_PIVOT,44,16,6.666666666666667,76,NEUTRAL,False,70,[],0,0,NEUTRAL,BULLISH,40,False,NONE,0,False,False,False,60,False,0,100,UP,NONE,UP,0,True,75,55,45,80,False,True,NEUTRAL,70,False,0.0,NONE,True,BULLISH,True,False,50,False,70,41.54379878577959,22.51308900523472,65.0,43,FAIR,False,75,79,0.04084677786586245,5,50.0,True,RANDOM,70,49.26278166922398,2.5130550875399136,True,VOLATILITY_REGIME_CHANGE,True,True,False,30,False,70,UP,100,IMPULSIVE,EXTREME,UP,100,0.1214,IMPULSIVE,85,30,85,NORMAL,NONE,70,30,80,EXTREME,88,40,60,3.11,True,40,2.322135572885423,0.0,RANGING,90,False,NONE,1.139375,1.142352,1.142158,FAR,30,50,85,50,NONE,NONE,NONE,False,[],0,0,TRENDING_STRONG,TRENDING_STRONG,50,75,True,29,Strong directional trend with high momentum. Favorable for trend-following strategies.,0.797,0.5,False,False,True,True,0.3,0.3,True,False,False,22,False,[],0,NO,TRENDING_STRONG,Strong directional trend with high momentum. Favorable for trend-following strategies.,EXTREME,LOW,0.06,[],True,Passed basic checks,0,50,50,MEDIUM,5,WAIT,รอการวิเคราะห์จาก AI,1.142171,1.141785,59.2,1.14224,1.142445,1.142095,BULLISH,AT_PIVOT
2026-06-26 20:32:00,1.142295,1.142295,1.14198,1.14223,462.0,EURUSD,BULLISH,1.141987,1.141717,1.141271,1.140576,1.139727,1.138744,BULLISH,1.142907,1.139036,0.003871,0.001667,63.38,69.38,0.000514,0.000394,0.00012,58.28,56.72,0.000681,100.0,3.11,0.000541,0.000346,31.41,30.97,14.89,35.07,0.1214,1001,1256.45,0.797,False,FALLING,0.000118,0.000149,2.3e-05,1.139375,1.1434,1.142158,1.142352,1.142533,1.141977,1.141783,50,5.91,1.142224,1.142116,54.53,9.9e-05,9.6e-05,88.57,88.01,0.000298,1.14117,1.142385,1.142516,1.141591,462,1.387,1.14223,1.142295,1.14198,1.142295,LONDON,63288,HIGH,1.14223,1.142295,1.14198,1.142295,LONDON,63288,HIGH,NONE,BULLISH,WEAK,LOW_WICK,BULLISH,NORMAL,NONE,TESTING_PIVOT,44,16,6.666666666666667,76,NEUTRAL,False,70,[],0,0,NEUTRAL,BULLISH,40,False,NONE,0,False,False,False,60,False,0,100,UP,NONE,UP,0,True,75,55,45,80,False,True,NEUTRAL,70,False,0.0,NONE,True,BULLISH,True,False,50,False,70,41.54379878577959,22.51308900523472,65.0,43,FAIR,False,75,79,0.04084677786586245,5,50.0,True,RANDOM,70,49.26278166922398,2.5130550875399136,True,VOLATILITY_REGIME_CHANGE,True,True,False,30,False,70,UP,100,IMPULSIVE,EXTREME,UP,100,0.1214,IMPULSIVE,85,30,85,NORMAL,NONE,70,30,80,EXTREME,88,40,60,3.11,True,40,2.322135572885423,0.0,RANGING,90,False,NONE,1.139375,1.142352,1.142158,FAR,30,50,85,50,NONE,NONE,NONE,False,[],0,0,TRENDING_STRONG,TRENDING_STRONG,50,75,True,29,Strong directional trend with high momentum. Favorable for trend-following strategies.,0.797,0.5,False,False,True,True,0.3,0.3,True,False,False,22,False,[],0,NO,TRENDING_STRONG,Strong directional trend with high momentum. Favorable for trend-following strategies.,EXTREME,LOW,0.06,[],True,Passed basic checks,0,50,50,MEDIUM,5,WAIT,รอการวิเคราะห์จาก AI,1.142182,1.141802,64.91,1.142168,1.142357,1.142042,BULLISH,AT_PIVOT
2026-06-26 20:33:00,1.142225,1.142225,1.14204,1.14208,411.0,EURUSD,BULLISH,1.141987,1.141717,1.141271,1.140576,1.139727,1.138744,BULLISH,1.142907,1.139036,0.003871,0.001667,63.38,69.38,0.000514,0.000394,0.00012,58.28,56.72,0.000681,100.0,3.11,0.000541,0.000346,31.41,30.97,14.89,35.07,0.1214,1001,1256.45,0.797,False,FALLING,0.000118,0.000149,2.3e-05,1.139375,1.1434,1.142158,1.142352,1.142533,1.141977,1.141783,50,5.91,1.142176,1.142113,68.23,8.5e-05,9.4e-05,85.05,87.01,0.000262,1.14117,1.142385,1.142519,1.141594,411,1.2,1.14208,1.142225,1.14204,1.142225,LONDON,62791,HIGH,1.14208,1.142225,1.14204,1.142225,LONDON,62791,HIGH,NONE,BULLISH,WEAK,LOW_WICK,BULLISH,NORMAL,NONE,TESTING_PIVOT,44,16,6.666666666666667,76,NEUTRAL,False,70,[],0,0,NEUTRAL,BULLISH,40,False,NONE,0,False,False,False,60,False,0,100,UP,NONE,UP,0,True,75,55,45,80,False,True,NEUTRAL,70,False,0.0,NONE,True,BULLISH,True,False,50,False,70,41.54379878577959,22.51308900523472,65.0,43,FAIR,False,75,79,0.04084677786586245,5,50.0,True,RANDOM,70,49.26278166922398,2.5130550875399136,True,VOLATILITY_REGIME_CHANGE,True,True,False,30,False,70,UP,100,IMPULSIVE,EXTREME,UP,100,0.1214,IMPULSIVE,85,30,85,NORMAL,NONE,70,30,80,EXTREME,88,40,60,3.11,True,40,2.322135572885423,0.0,RANGING,90,False,NONE,1.139375,1.142352,1.142158,FAR,30,50,85,50,NONE,NONE,NONE,False,[],0,0,ACCUMULATION,ACCUMULATION,50,65,True,29,"Smart money accumulation. Bullish bias, look for breakout.",0.797,0.5,False,False,True,True,0.3,0.3,True,False,False,22,False,[],0,NO,ACCUMULATION,"Smart money accumulation. Bullish bias, look for breakout.",EXTREME,LOW,0.06,[],True,Passed basic checks,0,50,50,MEDIUM,5,WAIT,รอการวิเคราะห์จาก AI,1.142163,1.141813,40.68,1.142115,1.14219,1.142005,BULLISH,AT_PIVOT
2026-06-26 20:34:00,1.142085,1.14227,1.142085,1.14214,321.0,EURUSD,BULLISH,1.141987,1.141717,1.141271,1.140576,1.139727,1.138744,BULLISH,1.142907,1.139036,0.003871,0.001667,63.38,69.38,0.000514,0.000394,0.00012,58.28,56.72,0.000681,100.0,3.11,0.000541,0.000346,31.41,30.97,14.89,35.07,0.1214,1001,1256.45,0.797,False,FALLING,0.000118,0.000149,2.3e-05,1.139375,1.1434,1.142158,1.142352,1.142533,1.141977,1.141783,50,5.91,1.142164,1.142115,64.06,7.7e-05,9e-05,77.04,83.55,0.000238,1.14117,1.142385,1.142526,1.141599,321,0.932,1.14214,1.14227,1.142085,1.142085,LONDON,63114,HIGH,1.14214,1.14227,1.142085,1.142085,LONDON,63114,HIGH,NONE,BULLISH,WEAK,LOW_WICK,BULLISH,NORMAL,NONE,TESTING_PIVOT,44,16,6.666666666666667,76,NEUTRAL,False,70,[],0,0,NEUTRAL,BULLISH,40,False,NONE,0,False,False,False,60,False,0,100,UP,NONE,UP,0,True,75,55,45,80,False,True,NEUTRAL,70,False,0.0,NONE,True,BULLISH,True,False,50,False,70,41.54379878577959,22.51308900523472,65.0,43,FAIR,False,75,79,0.04084677786586245,5,50.0,True,RANDOM,70,49.26278166922398,2.5130550875399136,True,VOLATILITY_REGIME_CHANGE,True,True,False,30,False,70,UP,100,IMPULSIVE,EXTREME,UP,100,0.1214,IMPULSIVE,85,30,85,NORMAL,NONE,70,30,80,EXTREME,88,40,60,3.11,True,40,2.322135572885423,0.0,RANGING,90,False,NONE,1.139375,1.142352,1.142158,FAR,30,50,85,50,NONE,NONE,NONE,False,[],0,0,TRENDING_STRONG,TRENDING_STRONG,50,75,True,29,Strong directional trend with high momentum. Favorable for trend-following strategies.,0.797,0.5,False,False,True,True,0.3,0.3,True,False,False,22,False,[],0,NO,TRENDING_STRONG,Strong directional trend with high momentum. Favorable for trend-following strategies.,EXTREME,LOW,0.06,[],True,Passed basic checks,0,50,50,MEDIUM,5,WAIT,รอการวิเคราะห์จาก AI,1.142159,1.141826,37.5,1.142165,1.142245,1.14206,BULLISH,AT_PIVOT
2026-06-26 20:35:00,1.142135,1.142385,1.14213,1.142345,361.0,EURUSD,BULLISH,1.142106,1.141831,1.141374,1.140646,1.139783,1.138807,BULLISH,1.143022,1.139196,0.003827,0.001691,40.15,72.42,0.000535,0.000422,0.000113,64.13,59.63,0.000687,100.0,3.04,0.000574,0.000348,31.73,29.94,14.12,35.91,0.1253,2125,1320.5,1.609,False,RISING,8.1e-05,0.000147,2.6e-05,1.13958,1.1434,1.142237,1.142493,1.142642,1.142088,1.141832,20,5.56,1.142224,1.142137,66.57,8.7e-05,9e-05,79.19,80.43,0.000229,1.14117,1.142385,1.142559,1.141602,361,1.02,1.142345,1.142385,1.14213,1.142135,LONDON,62446,HIGH,1.142345,1.142385,1.14213,1.142135,LONDON,62446,HIGH,NONE,BULLISH,WEAK,LOW_WICK,BULLISH,NORMAL,NONE,TESTING_PIVOT,44,16,13.333333333333334,75,NEUTRAL,False,70,[],0,0,NEUTRAL,BULLISH,40,False,NONE,0,False,False,False,60,False,0,100,UP,NONE,UP,0,True,75,55,45,80,False,True,NEUTRAL,70,False,0.0,NONE,False,NONE,False,False,0,False,60,47.87141615986229,21.96506550218473,70.0,46,FAIR,False,75,81,0.04509851957739986,5,60.00000000000001,True,RANDOM,70,49.07916168348253,2.783449427593358,True,VOLATILITY_REGIME_CHANGE,True,True,False,30,False,70,UP,80,IMPULSIVE,EXTREME,UP,80,0.1253,IMPULSIVE,75,30,75,NORMAL,NONE,75,30,85,EXTREME,88,40,60,3.04,True,40,2.263157894736842,0.0,RANGING,90,False,NONE,1.13958,1.142493,1.142237,FAR,30,50,85,50,NONE,NONE,NONE,False,[],0,0,ACCUMULATION,ACCUMULATION,50,65,True,30,"Smart money accumulation. Bullish bias, look for breakout.",1.609,0.5,False,False,True,True,0.3,0.3,True,False,True,22,False,[],0,NO,ACCUMULATION,"Smart money accumulation. Bullish bias, look for breakout.",EXTREME,LOW,0.06,[],True,Passed basic checks,0,50,50,MEDIUM,5,WAIT,รอการวิเคราะห์จาก AI,1.142193,1.141847,54.25,1.142287,1.142443,1.142188,BULLISH,AT_PIVOT
2026-06-26 20:36:00,1.14234,1.14239,1.14216,1.14231,427.0,EURUSD,BULLISH,1.142106,1.141831,1.141374,1.140646,1.139783,1.138807,BULLISH,1.143022,1.139196,0.003827,0.001691,40.15,72.42,0.000535,0.000422,0.000113,64.13,59.63,0.000687,100.0,3.04,0.000574,0.000348,31.73,29.94,14.12,35.91,0.1253,2125,1320.5,1.609,False,RISING,8.1e-05,0.000147,2.6e-05,1.13958,1.1434,1.142237,1.142493,1.142642,1.142088,1.141832,20,5.56,1.142253,1.142154,53.08,9.1e-05,9e-05,81.29,79.18,0.00021,1.14117,1.14239,1.142579,1.141628,427,1.181,1.14231,1.14239,1.14216,1.14234,LONDON,62885,HIGH,1.14231,1.14239,1.14216,1.14234,LONDON,62885,HIGH,NONE,BULLISH,WEAK,LOW_WICK,BULLISH,NORMAL,NONE,TESTING_PIVOT,44,16,13.333333333333334,75,NEUTRAL,False,70,[],0,0,NEUTRAL,BULLISH,40,False,NONE,0,False,False,False,60,False,0,100,UP,NONE,UP,0,True,75,55,45,80,False,True,NEUTRAL,70,False,0.0,NONE,False,NONE,False,False,0,False,60,47.87141615986229,21.96506550218473,70.0,46,FAIR,False,75,81,0.04509851957739986,5,60.00000000000001,True,RANDOM,70,49.07916168348253,2.783449427593358,True,VOLATILITY_REGIME_CHANGE,True,True,False,30,False,70,UP,80,IMPULSIVE,EXTREME,UP,80,0.1253,IMPULSIVE,75,30,75,NORMAL,NONE,75,30,85,EXTREME,88,40,60,3.04,True,40,2.263157894736842,0.0,RANGING,90,False,NONE,1.13958,1.142493,1.142237,FAR,30,50,85,50,NONE,NONE,NONE,False,[],0,0,ACCUMULATION,ACCUMULATION,50,65,True,30,"Smart money accumulation. Bullish bias, look for breakout.",1.609,0.5,False,False,True,True,0.3,0.3,True,False,True,22,False,[],0,NO,ACCUMULATION,"Smart money accumulation. Bullish bias, look for breakout.",EXTREME,LOW,0.06,[],True,Passed basic checks,0,50,50,MEDIUM,5,WAIT,รอการวิเคราะห์จาก AI,1.142214,1.141865,61.94,1.142287,1.142413,1.142183,BULLISH,AT_PIVOT
2026-06-26 20:37:00,1.142315,1.14246,1.14228,1.14233,288.0,EURUSD,BULLISH,1.142106,1.141831,1.141374,1.140646,1.139783,1.138807,BULLISH,1.143022,1.139196,0.003827,0.001691,40.15,72.42,0.000535,0.000422,0.000113,64.13,59.63,0.000687,100.0,3.04,0.000574,0.000348,31.73,29.94,14.12,35.91,0.1253,2125,1320.5,1.609,False,RISING,8.1e-05,0.000147,2.6e-05,1.13958,1.1434,1.142237,1.142493,1.142642,1.142088,1.141832,20,5.56,1.142279,1.14217,51.78,9.4e-05,9.1e-05,82.87,81.12,0.000212,1.14117,1.14246,1.142602,1.141645,288,0.783,1.14233,1.14246,1.14228,1.142315,LONDON,63326,HIGH,1.14233,1.14246,1.14228,1.142315,LONDON,63326,HIGH,NONE,BULLISH,WEAK,LOW_WICK,BULLISH,NORMAL,NONE,TESTING_PIVOT,44,16,13.333333333333334,75,NEUTRAL,False,70,[],0,0,NEUTRAL,BULLISH,40,False,NONE,0,False,False,False,60,False,0,100,UP,NONE,UP,0,True,75,55,45,80,False,True,NEUTRAL,70,False,0.0,NONE,False,NONE,False,False,0,False,60,47.87141615986229,21.96506550218473,70.0,46,FAIR,False,75,81,0.04509851957739986,5,60.00000000000001,True,RANDOM,70,49.07916168348253,2.783449427593358,True,VOLATILITY_REGIME_CHANGE,True,True,False,30,False,70,UP,80,IMPULSIVE,EXTREME,UP,80,0.1253,IMPULSIVE,75,30,75,NORMAL,NONE,75,30,85,EXTREME,88,40,60,3.04,True,40,2.263157894736842,0.0,RANGING,90,False,NONE,1.13958,1.142493,1.142237,FAR,30,50,85,50,NONE,NONE,NONE,False,[],0,0,ACCUMULATION,ACCUMULATION,50,65,True,30,"Smart money accumulation. Bullish bias, look for breakout.",1.609,0.5,False,False,True,True,0.3,0.3,True,False,True,22,False,[],0,NO,ACCUMULATION,"Smart money accumulation. Bullish bias, look for breakout.",EXTREME,LOW,0.06,[],True,Passed basic checks,0,50,50,MEDIUM,5,WAIT,รอการวิเคราะห์จาก AI,1.142235,1.141883,61.94,1.142357,1.142433,1.142253,BULLISH,AT_PIVOT
2026-06-26 20:38:00,1.142335,1.14236,1.14221,1.142225,349.0,EURUSD,BULLISH,1.142106,1.141831,1.141374,1.140646,1.139783,1.138807,BULLISH,1.143022,1.139196,0.003827,0.001691,40.15,72.42,0.000535,0.000422,0.000113,64.13,59.63,0.000687,100.0,3.04,0.000574,0.000348,31.73,29.94,14.12,35.91,0.1253,2125,1320.5,1.609,False,RISING,8.1e-05,0.000147,2.6e-05,1.13958,1.1434,1.142237,1.142493,1.142642,1.142088,1.141832,20,5.56,1.142261,1.142176,51.57,8.8e-05,9e-05,69.15,77.77,0.000211,1.14117,1.14246,1.142612,1.141656,349,0.924,1.142225,1.14236,1.14221,1.142335,LONDON,62737,HIGH,1.142225,1.14236,1.14221,1.142335,LONDON,62737,HIGH,NONE,BULLISH,WEAK,LOW_WICK,BULLISH,NORMAL,NONE,TESTING_PIVOT,44,16,13.333333333333334,75,NEUTRAL,False,70,[],0,0,NEUTRAL,BULLISH,40,False,NONE,0,False,False,False,60,False,0,100,UP,NONE,UP,0,True,75,55,45,80,False,True,NEUTRAL,70,False,0.0,NONE,False,NONE,False,False,0,False,60,47.87141615986229,21.96506550218473,70.0,46,FAIR,False,75,81,0.04509851957739986,5,60.00000000000001,True,RANDOM,70,49.07916168348253,2.783449427593358,True,VOLATILITY_REGIME_CHANGE,True,True,False,30,False,70,UP,80,IMPULSIVE,EXTREME,UP,80,0.1253,IMPULSIVE,75,30,75,NORMAL,NONE,75,30,85,EXTREME,88,40,60,3.04,True,40,2.263157894736842,0.0,RANGING,90,False,NONE,1.13958,1.142493,1.142237,FAR,30,50,85,50,NONE,NONE,NONE,False,[],0,0,ACCUMULATION,ACCUMULATION,50,65,True,30,"Smart money accumulation. Bullish bias, look for breakout.",1.609,0.5,False,False,True,True,0.3,0.3,True,False,True,22,False,[],0,NO,ACCUMULATION,"Smart money accumulation. Bullish bias, look for breakout.",EXTREME,LOW,0.06,[],True,Passed basic checks,0,50,50,MEDIUM,5,WAIT,รอการวิเคราะห์จาก AI,1.142233,1.141896,44.19,1.142265,1.14232,1.14217,BULLISH,AT_PIVOT
2026-06-26 20:39:00,1.14223,1.142295,1.142165,1.142225,262.0,EURUSD,BULLISH,1.142106,1.141831,1.141374,1.140646,1.139783,1.138807,BULLISH,1.143022,1.139196,0.003827,0.001691,40.15,72.42,0.000535,0.000422,0.000113,64.13,59.63,0.000687,100.0,3.04,0.000574,0.000348,31.73,29.94,14.12,35.91,0.1253,2125,1320.5,1.609,False,RISING,8.1e-05,0.000147,2.6e-05,1.13958,1.1434,1.142237,1.142493,1.142642,1.142088,1.141832,20,5.56,1.142249,1.14218,57.21,8.2e-05,8.9e-05,59.6,70.54,0.000208,1.14117,1.14246,1.142515,1.141833,262,0.729,1.142225,1.142295,1.142165,1.14223,LONDON,63038,HIGH,1.142225,1.142295,1.142165,1.14223,LONDON,63038,HIGH,NONE,BULLISH,WEAK,LOW_WICK,BULLISH,NORMAL,NONE,TESTING_PIVOT,44,16,13.333333333333334,75,NEUTRAL,False,70,[],0,0,NEUTRAL,BULLISH,40,False,NONE,0,False,False,False,60,False,0,100,UP,NONE,UP,0,True,75,55,45,80,False,True,NEUTRAL,70,False,0.0,NONE,False,NONE,False,False,0,False,60,47.87141615986229,21.96506550218473,70.0,46,FAIR,False,75,81,0.04509851957739986,5,60.00000000000001,True,RANDOM,70,49.07916168348253,2.783449427593358,True,VOLATILITY_REGIME_CHANGE,True,True,False,30,False,70,UP,80,IMPULSIVE,EXTREME,UP,80,0.1253,IMPULSIVE,75,30,75,NORMAL,NONE,75,30,85,EXTREME,88,40,60,3.04,True,40,2.263157894736842,0.0,RANGING,90,False,NONE,1.13958,1.142493,1.142237,FAR,30,50,85,50,NONE,NONE,NONE,False,[],0,0,ACCUMULATION,ACCUMULATION,50,65,True,30,"Smart money accumulation. Bullish bias, look for breakout.",1.609,0.5,False,False,True,True,0.3,0.3,True,False,True,22,False,[],0,NO,ACCUMULATION,"Smart money accumulation. Bullish bias, look for breakout.",EXTREME,LOW,0.06,[],True,Passed basic checks,0,50,50,MEDIUM,5,WAIT,รอการวิเคราะห์จาก AI,1.142232,1.141909,49.57,1.142228,1.142292,1.142162,BULLISH,AT_PIVOT
2026-06-26 20:40:00,1.14222,1.142315,1.14221,1.142285,215.0,EURUSD,BULLISH,1.142166,1.141914,1.14146,1.14071,1.139826,1.138794,BULLISH,1.143114,1.139349,0.003765,0.001716,45.77,69.87,0.00054,0.000446,9.4e-05,65.76,62.72,0.000674,98.49,2.84,0.000604,0.000352,32.14,29.75,13.56,37.38,0.085,1541,1343.8,1.147,False,FALLING,3.1e-05,0.000143,2.9e-05,1.13976,1.1434,1.142302,1.142443,1.142602,1.142143,1.142002,20,5.4,1.142261,1.14219,54.42,8.1e-05,8.7e-05,56.2,61.65,0.000198,1.141595,1.14246,1.14246,1.141947,215,0.656,1.142285,1.142315,1.14221,1.14222,LONDON,63518,HIGH,1.142285,1.142315,1.14221,1.14222,LONDON,63518,HIGH,NONE,BEARISH,WEAK,HIGH_WICK,BULLISH,NORMAL,NONE,TESTING_PIVOT,45,16,6.666666666666667,73,NEUTRAL,False,70,[],0,0,NEUTRAL,BEARISH,40,False,NONE,0,False,False,False,60,False,0,100,UP,NONE,NONE,0,True,75,55,45,80,False,True,NEUTRAL,70,False,0.0,NONE,False,NONE,False,False,0,False,60,44.03587443946626,19.166666666668565,65.0,42,FAIR,False,75,82,0.033809798348012676,5,70.0,True,RANDOM,70,49.12068261915023,2.5353525615463215,True,VOLATILITY_REGIME_CHANGE,True,True,False,30,False,70,UP,60,CORRECTIVE,EXTREME,UP,60,0.085,CORRECTIVE,65,30,60,NORMAL,NONE,70,30,80,EXTREME,88,40,60,2.84,True,40,2.194055944055944,0.0,RANGING,90,False,NONE,1.13976,1.142443,1.142302,FAR,30,50,85,50,NONE,NONE,NONE,False,[],0,0,ACCUMULATION,ACCUMULATION,50,65,True,30,"Smart money accumulation. Bullish bias, look for breakout.",1.147,0.5,False,False,True,True,0.3,0.3,True,False,False,22,False,[],0,NO,ACCUMULATION,"Smart money accumulation. Bullish bias, look for breakout.",EXTREME,LOW,0.059,[],True,Passed basic checks,0,50,50,MEDIUM,5,WAIT,รอการวิเคราะห์จาก AI,1.142242,1.141924,71.13,1.14227,1.14233,1.142225,BEARISH,AT_PIVOT
2026-06-26 20:41:00,1.14229,1.14234,1.14221,1.1423,313.0,EURUSD,BULLISH,1.142166,1.141914,1.14146,1.14071,1.139826,1.138794,BULLISH,1.143114,1.139349,0.003765,0.001716,45.77,69.87,0.00054,0.000446,9.4e-05,65.76,62.72,0.000674,98.49,2.84,0.000604,0.000352,32.14,29.75,13.56,37.38,0.085,1541,1343.8,1.147,False,FALLING,3.1e-05,0.000143,2.9e-05,1.13976,1.1434,1.142302,1.142443,1.142602,1.142143,1.142002,20,5.4,1.142274,1.142201,51.0,8e-05,8.6e-05,60.91,58.9,0.000193,1.14175,1.14246,1.142391,1.142069,313,1.0,1.1423,1.14234,1.14221,1.14229,LONDON,62866,HIGH,1.1423,1.14234,1.14221,1.14229,LONDON,62866,HIGH,NONE,BEARISH,WEAK,HIGH_WICK,BULLISH,NORMAL,NONE,TESTING_PIVOT,45,16,6.666666666666667,73,NEUTRAL,False,70,[],0,0,NEUTRAL,BEARISH,40,False,NONE,0,False,False,False,60,False,0,100,UP,NONE,NONE,0,True,75,55,45,80,False,True,NEUTRAL,70,False,0.0,NONE,False,NONE,False,False,0,False,60,44.03587443946626,19.166666666668565,65.0,42,FAIR,False,75,82,0.033809798348012676,5,70.0,True,RANDOM,70,49.12068261915023,2.5353525615463215,True,VOLATILITY_REGIME_CHANGE,True,True,False,30,False,70,UP,60,CORRECTIVE,EXTREME,UP,60,0.085,CORRECTIVE,65,30,60,NORMAL,NONE,70,30,80,EXTREME,88,40,60,2.84,True,40,2.194055944055944,0.0,RANGING,90,False,NONE,1.13976,1.142443,1.142302,FAR,30,50,85,50,NONE,NONE,NONE,False,[],0,0,ACCUMULATION,ACCUMULATION,50,65,True,30,"Smart money accumulation. Bullish bias, look for breakout.",1.147,0.5,False,False,True,True,0.3,0.3,True,False,False,22,False,[],0,NO,ACCUMULATION,"Smart money accumulation. Bullish bias, look for breakout.",EXTREME,LOW,0.059,[],True,Passed basic checks,0,50,50,MEDIUM,5,WAIT,รอการวิเคราะห์จาก AI,1.142252,1.141939,68.18,1.142283,1.142357,1.142227,BEARISH,AT_PIVOT
2026-06-26 20:42:00,1.142295,1.14232,1.142175,1.142225,309.0,EURUSD,BULLISH,1.142166,1.141914,1.14146,1.14071,1.139826,1.138794,BULLISH,1.143114,1.139349,0.003765,0.001716,45.77,69.87,0.00054,0.000446,9.4e-05,65.76,62.72,0.000674,98.49,2.84,0.000604,0.000352,32.14,29.75,13.56,37.38,0.085,1541,1343.8,1.147,False,FALLING,3.1e-05,0.000143,2.9e-05,1.13976,1.1434,1.142302,1.142443,1.142602,1.142143,1.142002,20,5.4,1.142258,1.142203,47.44,7.3e-05,8.3e-05,60.42,59.17,0.000195,1.141965,1.14246,1.142391,1.142068,309,0.998,1.142225,1.14232,1.142175,1.142295,LONDON,63304,HIGH,1.142225,1.14232,1.142175,1.142295,LONDON,63304,HIGH,NONE,BEARISH,WEAK,HIGH_WICK,BULLISH,NORMAL,NONE,TESTING_PIVOT,45,16,6.666666666666667,73,NEUTRAL,False,70,[],0,0,NEUTRAL,BEARISH,40,False,NONE,0,False,False,False,60,False,0,100,UP,NONE,NONE,0,True,75,55,45,80,False,True,NEUTRAL,70,False,0.0,NONE,False,NONE,False,False,0,False,60,44.03587443946626,19.166666666668565,65.0,42,FAIR,False,75,82,0.033809798348012676,5,70.0,True,RANDOM,70,49.12068261915023,2.5353525615463215,True,VOLATILITY_REGIME_CHANGE,True,True,False,30,False,70,UP,60,CORRECTIVE,EXTREME,UP,60,0.085,CORRECTIVE,65,30,60,NORMAL,NONE,70,30,80,EXTREME,88,40,60,2.84,True,40,2.194055944055944,0.0,RANGING,90,False,NONE,1.13976,1.142443,1.142302,FAR,30,50,85,50,NONE,NONE,NONE,False,[],0,0,ACCUMULATION,ACCUMULATION,50,65,True,30,"Smart money accumulation. Bullish bias, look for breakout.",1.147,0.5,False,False,True,True,0.3,0.3,True,False,False,22,False,[],0,NO,ACCUMULATION,"Smart money accumulation. Bullish bias, look for breakout.",EXTREME,LOW,0.059,[],True,Passed basic checks,0,50,50,MEDIUM,5,WAIT,รอการวิเคราะห์จาก AI,1.142247,1.14195,30.65,1.14224,1.142305,1.14216,BEARISH,AT_PIVOT
2026-06-26 20:43:00,1.14223,1.14248,1.142225,1.14239,256.0,EURUSD,BULLISH,1.142166,1.141914,1.14146,1.14071,1.139826,1.138794,BULLISH,1.143114,1.139349,0.003765,0.001716,45.77,69.87,0.00054,0.000446,9.4e-05,65.76,62.72,0.000674,98.49,2.84,0.000604,0.000352,32.14,29.75,13.56,37.38,0.085,1541,1343.8,1.147,False,FALLING,3.1e-05,0.000143,2.9e-05,1.13976,1.1434,1.142302,1.142443,1.142602,1.142143,1.142002,20,5.4,1.142302,1.142221,60.81,7.9e-05,8.2e-05,66.57,62.63,0.000198,1.141965,1.14248,1.14241,1.14206,256,0.845,1.14239,1.14248,1.142225,1.14223,LONDON,62640,HIGH,1.14239,1.14248,1.142225,1.14223,LONDON,62640,HIGH,NONE,BEARISH,WEAK,HIGH_WICK,BULLISH,NORMAL,NONE,TESTING_PIVOT,45,16,6.666666666666667,73,NEUTRAL,False,70,[],0,0,NEUTRAL,BEARISH,40,False,NONE,0,False,False,False,60,False,0,100,UP,NONE,NONE,0,True,75,55,45,80,False,True,NEUTRAL,70,False,0.0,NONE,False,NONE,False,False,0,False,60,44.03587443946626,19.166666666668565,65.0,42,FAIR,False,75,82,0.033809798348012676,5,70.0,True,RANDOM,70,49.12068261915023,2.5353525615463215,True,VOLATILITY_REGIME_CHANGE,True,True,False,30,False,70,UP,60,CORRECTIVE,EXTREME,UP,60,0.085,CORRECTIVE,65,30,60,NORMAL,NONE,70,30,80,EXTREME,88,40,60,2.84,True,40,2.194055944055944,0.0,RANGING,90,False,NONE,1.13976,1.142443,1.142302,FAR,30,50,85,50,NONE,NONE,NONE,False,[],0,0,ACCUMULATION,ACCUMULATION,50,65,True,30,"Smart money accumulation. Bullish bias, look for breakout.",1.147,0.5,False,False,True,True,0.3,0.3,True,False,False,22,False,[],0,NO,ACCUMULATION,"Smart money accumulation. Bullish bias, look for breakout.",EXTREME,LOW,0.059,[],True,Passed basic checks,0,50,50,MEDIUM,5,WAIT,รอการวิเคราะห์จาก AI,1.142273,1.141967,59.09,1.142365,1.142505,1.14225,BEARISH,AT_PIVOT
2026-06-26 20:44:00,1.142385,1.142395,1.142135,1.14216,257.0,EURUSD,BULLISH,1.142166,1.141914,1.14146,1.14071,1.139826,1.138794,BULLISH,1.143114,1.139349,0.003765,0.001716,45.77,69.87,0.00054,0.000446,9.4e-05,65.76,62.72,0.000674,98.49,2.84,0.000604,0.000352,32.14,29.75,13.56,37.38,0.085,1541,1343.8,1.147,False,FALLING,3.1e-05,0.000143,2.9e-05,1.13976,1.1434,1.142302,1.142443,1.142602,1.142143,1.142002,20,5.4,1.142254,1.142215,49.62,6.5e-05,7.9e-05,56.35,61.11,0.000206,1.141965,1.14248,1.142411,1.142057,257,0.843,1.14216,1.142395,1.142135,1.142385,LONDON,63094,HIGH,1.14216,1.142395,1.142135,1.142385,LONDON,63094,HIGH,NONE,BEARISH,WEAK,HIGH_WICK,BULLISH,NORMAL,NONE,TESTING_PIVOT,45,16,6.666666666666667,73,NEUTRAL,False,70,[],0,0,NEUTRAL,BEARISH,40,False,NONE,0,False,False,False,60,False,0,100,UP,NONE,NONE,0,True,75,55,45,80,False,True,NEUTRAL,70,False,0.0,NONE,False,NONE,False,False,0,False,60,44.03587443946626,19.166666666668565,65.0,42,FAIR,False,75,82,0.033809798348012676,5,70.0,True,RANDOM,70,49.12068261915023,2.5353525615463215,True,VOLATILITY_REGIME_CHANGE,True,True,False,30,False,70,UP,60,CORRECTIVE,EXTREME,UP,60,0.085,CORRECTIVE,65,30,60,NORMAL,NONE,70,30,80,EXTREME,88,40,60,2.84,True,40,2.194055944055944,0.0,RANGING,90,False,NONE,1.13976,1.142443,1.142302,FAR,30,50,85,50,NONE,NONE,NONE,False,[],0,0,ACCUMULATION,ACCUMULATION,50,65,True,30,"Smart money accumulation. Bullish bias, look for breakout.",1.147,0.5,False,False,True,True,0.3,0.3,True,False,False,22,False,[],0,NO,ACCUMULATION,"Smart money accumulation. Bullish bias, look for breakout.",EXTREME,LOW,0.059,[],True,Passed basic checks,0,50,50,MEDIUM,5,WAIT,รอการวิเคราะห์จาก AI,1.142253,1.141975,36.92,1.14223,1.142325,1.142065,BEARISH,AT_PIVOT
2026-06-26 20:45:00,1.14216,1.14237,1.142155,1.142325,330.0,EURUSD,BULLISH,1.142219,1.141988,1.141543,1.140773,1.139883,1.138883,BULLISH,1.143207,1.139479,0.003728,0.001742,69.92,72.7,0.000541,0.000465,7.6e-05,66.55,65.48,0.000664,97.99,2.73,0.00063,0.000357,32.43,28.36,13.26,36.26,-0.0354,1465,1371.35,1.068,False,FALLING,-8e-06,0.000141,3.2e-05,1.13998,1.1434,1.142313,1.142492,1.142658,1.142147,1.141968,20,5.15,1.142278,1.142226,50.92,6.7e-05,7.6e-05,62.33,61.75,0.000197,1.141965,1.14248,1.142408,1.142086,330,1.076,1.142325,1.14237,1.142155,1.14216,LONDON,62779,HIGH,1.142325,1.14237,1.142155,1.14216,LONDON,62779,HIGH,NONE,BULLISH,WEAK,HIGH_WICK,BULLISH,NORMAL,NONE,TESTING_PIVOT,44,20,13.333333333333334,67,NEUTRAL,False,70,[],0,0,NEUTRAL,BULLISH,40,False,NONE,0,False,False,False,60,False,0,100,UP,NONE,NONE,0,True,75,55,45,80,False,True,NEUTRAL,70,False,0.0,NONE,False,NONE,False,False,0,False,60,41.62768942937819,19.37472479084161,65.0,42,FAIR,False,75,84,0.033345310569008794,5,80.0,True,RANDOM,70,49.11507186113083,2.476248461662257,True,VOLATILITY_REGIME_CHANGE,True,True,False,30,False,70,UP,20,CHOPPY,EXTREME,UP,20,-0.0354,CHOPPY,55,30,50,NORMAL,BULLISH,75,30,85,EXTREME,88,40,60,2.73,True,40,2.1400688863375428,0.0,RANGING,90,False,NONE,1.13998,1.142492,1.142313,FAR,30,50,85,50,NONE,NONE,NONE,False,[],0,0,ACCUMULATION,ACCUMULATION,50,65,True,30,"Smart money accumulation. Bullish bias, look for breakout.",1.068,0.5,False,False,True,True,0.3,0.3,True,False,False,22,False,[],0,NO,ACCUMULATION,"Smart money accumulation. Bullish bias, look for breakout.",EXTREME,LOW,0.058,[],True,Passed basic checks,0,50,50,MEDIUM,5,WAIT,รอการวิเคราะห์จาก AI,1.142266,1.141988,57.04,1.142283,1.142412,1.142197,BULLISH,AT_PIVOT
2026-06-26 20:46:00,1.14233,1.14233,1.141915,1.14193,361.0,EURUSD,BULLISH,1.142219,1.141988,1.141543,1.140773,1.139883,1.138883,BULLISH,1.143207,1.139479,0.003728,0.001742,69.92,72.7,0.000541,0.000465,7.6e-05,66.55,65.48,0.000664,97.99,2.73,0.00063,0.000357,32.43,28.36,13.26,36.26,-0.0354,1465,1371.35,1.068,False,FALLING,-8e-06,0.000141,3.2e-05,1.13998,1.1434,1.142313,1.142492,1.142658,1.142147,1.141968,20,5.15,1.142162,1.142197,41.07,3.5e-05,6.8e-05,35.88,51.52,0.000204,1.141915,1.14248,1.142448,1.14202,361,1.145,1.14193,1.14233,1.141915,1.14233,LONDON,63170,HIGH,1.14193,1.14233,1.141915,1.14233,LONDON,63170,HIGH,NONE,BULLISH,WEAK,HIGH_WICK,BULLISH,NORMAL,NONE,NONE,44,20,13.333333333333334,67,NEUTRAL,False,70,[],0,0,NEUTRAL,BULLISH,40,False,NONE,0,False,False,False,60,False,0,100,UP,NONE,NONE,0,True,75,55,45,80,False,True,NEUTRAL,70,False,0.0,NONE,False,NONE,False,False,0,False,60,41.62768942937819,19.37472479084161,65.0,42,FAIR,False,75,84,0.033345310569008794,5,80.0,True,RANDOM,70,49.11507186113083,2.476248461662257,True,VOLATILITY_REGIME_CHANGE,True,True,False,30,False,70,UP,20,CHOPPY,EXTREME,UP,20,-0.0354,CHOPPY,55,30,50,NORMAL,BULLISH,75,30,85,EXTREME,88,40,60,2.73,True,40,2.1400688863375428,0.0,RANGING,90,False,NONE,1.13998,1.142492,1.142313,FAR,30,50,85,50,NONE,NONE,NONE,False,[],0,0,ACCUMULATION,ACCUMULATION,50,65,True,30,"Smart money accumulation. Bullish bias, look for breakout.",1.068,0.5,False,False,True,True,0.3,0.3,True,False,False,22,False,[],0,NO,ACCUMULATION,"Smart money accumulation. Bullish bias, look for breakout.",EXTREME,LOW,0.058,[],True,Passed basic checks,0,50,50,MEDIUM,5,WAIT,รอการวิเคราะห์จาก AI,1.142205,1.141986,36.65,1.142058,1.142202,1.141787,BULLISH,NONE
2026-06-26 20:47:00,1.141925,1.141955,1.14182,1.141835,298.0,EURUSD,BULLISH,1.142219,1.141988,1.141543,1.140773,1.139883,1.138883,BULLISH,1.143207,1.139479,0.003728,0.001742,69.92,72.7,0.000541,0.000465,7.6e-05,66.55,65.48,0.000664,97.99,2.73,0.00063,0.000357,32.43,28.36,13.26,36.26,-0.0354,1465,1371.35,1.068,False,FALLING,-8e-06,0.000141,3.2e-05,1.13998,1.1434,1.142313,1.142492,1.142658,1.142147,1.141968,20,5.15,1.142053,1.142163,42.46,3e-06,5.5e-05,24.64,40.95,0.0002,1.14182,1.14248,1.142489,1.141935,298,0.928,1.141835,1.141955,1.14182,1.141925,LONDON,62741,HIGH,1.141835,1.141955,1.14182,1.141925,LONDON,62741,HIGH,NONE,BULLISH,WEAK,HIGH_WICK,BULLISH,NORMAL,NONE,NONE,44,20,13.333333333333334,67,NEUTRAL,False,70,[],0,0,NEUTRAL,BULLISH,40,False,NONE,0,False,False,False,60,False,0,100,UP,NONE,NONE,0,True,75,55,45,80,False,True,NEUTRAL,70,False,0.0,NONE,False,NONE,False,False,0,False,60,41.62768942937819,19.37472479084161,65.0,42,FAIR,False,75,84,0.033345310569008794,5,80.0,True,RANDOM,70,49.11507186113083,2.476248461662257,True,VOLATILITY_REGIME_CHANGE,True,True,False,30,False,70,UP,20,CHOPPY,EXTREME,UP,20,-0.0354,CHOPPY,55,30,50,NORMAL,BULLISH,75,30,85,EXTREME,88,40,60,2.73,True,40,2.1400688863375428,0.0,RANGING,90,False,NONE,1.13998,1.142492,1.142313,FAR,30,50,85,50,NONE,NONE,NONE,False,[],0,0,ACCUMULATION,ACCUMULATION,50,65,True,30,"Smart money accumulation. Bullish bias, look for breakout.",1.068,0.5,False,False,True,True,0.3,0.3,True,False,False,22,False,[],0,NO,ACCUMULATION,"Smart money accumulation. Bullish bias, look for breakout.",EXTREME,LOW,0.058,[],True,Passed basic checks,0,50,50,MEDIUM,5,WAIT,รอการวิเคราะห์จาก AI,1.142137,1.14198,30.26,1.14187,1.14192,1.141785,BULLISH,NONE
2026-06-26 20:48:00,1.14183,1.14196,1.14175,1.14178,391.0,EURUSD,BULLISH,1.142219,1.141988,1.141543,1.140773,1.139883,1.138883,BULLISH,1.143207,1.139479,0.003728,0.001742,69.92,72.7,0.000541,0.000465,7.6e-05,66.55,65.48,0.000664,97.99,2.73,0.00063,0.000357,32.43,28.36,13.26,36.26,-0.0354,1465,1371.35,1.068,False,FALLING,-8e-06,0.000141,3.2e-05,1.13998,1.1434,1.142313,1.142492,1.142658,1.142147,1.141968,20,5.15,1.141962,1.142126,38.89,-2.7e-05,3.9e-05,3.01,21.18,0.000201,1.14175,1.14248,1.142522,1.141852,391,1.183,1.14178,1.14196,1.14175,1.14183,LONDON,63208,HIGH,1.14178,1.14196,1.14175,1.14183,LONDON,63208,HIGH,NONE,BULLISH,WEAK,HIGH_WICK,BULLISH,NORMAL,NONE,NONE,44,20,13.333333333333334,67,NEUTRAL,False,70,[],0,0,NEUTRAL,BULLISH,40,False,NONE,0,False,False,False,60,False,0,100,UP,NONE,NONE,0,True,75,55,45,80,False,True,NEUTRAL,70,False,0.0,NONE,False,NONE,False,False,0,False,60,41.62768942937819,19.37472479084161,65.0,42,FAIR,False,75,84,0.033345310569008794,5,80.0,True,RANDOM,70,49.11507186113083,2.476248461662257,True,VOLATILITY_REGIME_CHANGE,True,True,False,30,False,70,UP,20,CHOPPY,EXTREME,UP,20,-0.0354,CHOPPY,55,30,50,NORMAL,BULLISH,75,30,85,EXTREME,88,40,60,2.73,True,40,2.1400688863375428,0.0,RANGING,90,False,NONE,1.13998,1.142492,1.142313,FAR,30,50,85,50,NONE,NONE,NONE,False,[],0,0,ACCUMULATION,ACCUMULATION,50,65,True,30,"Smart money accumulation. Bullish bias, look for breakout.",1.068,0.5,False,False,True,True,0.3,0.3,True,False,False,22,False,[],0,NO,ACCUMULATION,"Smart money accumulation. Bullish bias, look for breakout.",EXTREME,LOW,0.058,[],True,Passed basic checks,0,50,50,MEDIUM,5,WAIT,รอการวิเคราะห์จาก AI,1.142072,1.141972,27.97,1.14183,1.14191,1.1417,BULLISH,NONE
2026-06-26 20:49:00,1.141785,1.141905,1.14174,1.141835,299.0,EURUSD,BULLISH,1.142219,1.141988,1.141543,1.140773,1.139883,1.138883,BULLISH,1.143207,1.139479,0.003728,0.001742,69.92,72.7,0.000541,0.000465,7.6e-05,66.55,65.48,0.000664,97.99,2.73,0.00063,0.000357,32.43,28.36,13.26,36.26,-0.0354,1465,1371.35,1.068,False,FALLING,-8e-06,0.000141,3.2e-05,1.13998,1.1434,1.142313,1.142492,1.142658,1.142147,1.141968,20,5.15,1.14192,1.142099,32.65,-4.5e-05,2.2e-05,6.41,11.35,0.000195,1.14174,1.14248,1.142541,1.141801,299,0.89,1.141835,1.141905,1.14174,1.141785,LONDON,62649,HIGH,1.141835,1.141905,1.14174,1.141785,LONDON,62649,HIGH,NONE,BULLISH,WEAK,HIGH_WICK,BULLISH,NORMAL,NONE,NONE,44,20,13.333333333333334,67,NEUTRAL,False,70,[],0,0,NEUTRAL,BULLISH,40,False,NONE,0,False,False,False,60,False,0,100,UP,NONE,NONE,0,True,75,55,45,80,False,True,NEUTRAL,70,False,0.0,NONE,False,NONE,False,False,0,False,60,41.62768942937819,19.37472479084161,65.0,42,FAIR,False,75,84,0.033345310569008794,5,80.0,True,RANDOM,70,49.11507186113083,2.476248461662257,True,VOLATILITY_REGIME_CHANGE,True,True,False,30,False,70,UP,20,CHOPPY,EXTREME,UP,20,-0.0354,CHOPPY,55,30,50,NORMAL,BULLISH,75,30,85,EXTREME,88,40,60,2.73,True,40,2.1400688863375428,0.0,RANGING,90,False,NONE,1.13998,1.142492,1.142313,FAR,30,50,85,50,NONE,NONE,NONE,False,[],0,0,ACCUMULATION,ACCUMULATION,50,65,True,30,"Smart money accumulation. Bullish bias, look for breakout.",1.068,0.5,False,False,True,True,0.3,0.3,True,False,False,22,False,[],0,NO,ACCUMULATION,"Smart money accumulation. Bullish bias, look for breakout.",EXTREME,LOW,0.058,[],True,Passed basic checks,0,50,50,MEDIUM,5,WAIT,รอการวิเคราะห์จาก AI,1.142029,1.141967,33.19,1.141827,1.141913,1.141748,BULLISH,NONE
2026-06-26 20:50:00,1.14184,1.1419,1.14176,1.141825,245.0,EURUSD,BULLISH,1.142088,1.141959,1.14157,1.140815,1.139923,1.138925,BULLISH,1.143211,1.139645,0.003567,0.001768,44.84,63.54,0.000496,0.000471,2.5e-05,59.01,63.77,0.000666,97.99,2.67,0.000644,0.000375,31.52,26.11,17.52,19.7,-0.053,1594,1417.95,1.124,False,RISING,9e-06,0.000129,3.4e-05,1.13998,1.1434,1.141965,1.14219,1.142555,1.1416,1.141375,21,5.14,1.141888,1.142073,33.22,-6e-05,5e-06,9.48,6.3,0.000188,1.14174,1.14248,1.142555,1.141752,245,0.729,1.141825,1.1419,1.14176,1.14184,LONDON,63165,HIGH,1.141825,1.1419,1.14176,1.14184,LONDON,63165,HIGH,BEARISH_ENGULFING,BEARISH,WEAK,HIGH_WICK,NEUTRAL,NOISY,NONE,TESTING_PIVOT,45,20,6.666666666666667,63,NEUTRAL,False,70,['BEARISH_ENGULFING'],1,20,BEARISH,BEARISH,60,False,NONE,0,False,False,False,60,False,0,100,UP,NONE,NONE,0,True,75,55,45,80,False,True,NEUTRAL,70,False,0.0,NONE,False,NONE,False,False,0,False,60,29.2096219931303,14.786324786325372,60.0,34,POOR,False,75,85,0.0319477105322001,5,89.99999999999999,True,RANDOM,70,49.78973521338904,1.05987427067627,False,NONE,False,False,False,100,True,70,UP,20,CHOPPY,EXTREME,UP,20,-0.053,CHOPPY,55,30,50,NORMAL,BULLISH,70,30,80,EXTREME,88,40,60,2.67,True,40,2.0175339366515836,0.0,RANGING,90,False,NONE,1.13998,1.14219,1.141965,FAR,30,50,85,50,NONE,NONE,NONE,False,[],0,0,ACCUMULATION,ACCUMULATION,50,56,False,11,"Smart money accumulation. Bullish bias, look for breakout.",1.124,0.8,False,False,True,True,0.3,0.3,True,False,False,22,False,[],0,NO,ACCUMULATION,"Smart money accumulation. Bullish bias, look for breakout.",EXTREME,LOW,0.058,[],False,Passed basic checks,0,50,50,MEDIUM,5,WAIT,รอการวิเคราะห์จาก AI,1.141992,1.141961,21.89,1.141828,1.141897,1.141757,BEARISH,AT_PIVOT
2026-06-26 20:51:00,1.141835,1.141875,1.141715,1.14172,254.0,EURUSD,BULLISH,1.142088,1.141959,1.14157,1.140815,1.139923,1.138925,BULLISH,1.143211,1.139645,0.003567,0.001768,44.84,63.54,0.000496,0.000471,2.5e-05,59.01,63.77,0.000666,97.99,2.67,0.000644,0.000375,31.52,26.11,17.52,19.7,-0.053,1594,1417.95,1.124,False,RISING,9e-06,0.000129,3.4e-05,1.13998,1.1434,1.141965,1.14219,1.142555,1.1416,1.141375,21,5.14,1.141832,1.142039,30.07,-8e-05,-1.2e-05,8.33,8.07,0.000187,1.141715,1.14248,1.142564,1.141686,254,0.793,1.14172,1.141875,1.141715,1.141835,LONDON,62605,HIGH,1.14172,1.141875,1.141715,1.141835,LONDON,62605,HIGH,BEARISH_ENGULFING,BEARISH,WEAK,HIGH_WICK,NEUTRAL,NOISY,NONE,TESTING_PIVOT,45,20,6.666666666666667,63,NEUTRAL,False,70,['BEARISH_ENGULFING'],1,20,BEARISH,BEARISH,60,False,NONE,0,False,False,False,60,False,0,100,UP,NONE,NONE,0,True,75,55,45,80,False,True,NEUTRAL,70,False,0.0,NONE,False,NONE,False,False,0,False,60,29.2096219931303,14.786324786325372,60.0,34,POOR,False,75,85,0.0319477105322001,5,89.99999999999999,True,RANDOM,70,49.78973521338904,1.05987427067627,False,NONE,False,False,False,100,True,70,UP,20,CHOPPY,EXTREME,UP,20,-0.053,CHOPPY,55,30,50,NORMAL,BULLISH,70,30,80,EXTREME,88,40,60,2.67,True,40,2.0175339366515836,0.0,RANGING,90,False,NONE,1.13998,1.14219,1.141965,FAR,30,50,85,50,NONE,NONE,NONE,False,[],0,0,ACCUMULATION,ACCUMULATION,50,56,False,11,"Smart money accumulation. Bullish bias, look for breakout.",1.124,0.8,False,False,True,True,0.3,0.3,True,False,False,22,False,[],0,NO,ACCUMULATION,"Smart money accumulation. Bullish bias, look for breakout.",EXTREME,LOW,0.058,[],False,Passed basic checks,0,50,50,MEDIUM,5,WAIT,รอการวิเคราะห์จาก AI,1.141943,1.141952,25.0,1.14177,1.141825,1.141665,BEARISH,AT_PIVOT
2026-06-26 20:52:00,1.141715,1.14193,1.14166,1.14181,276.0,EURUSD,BULLISH,1.142088,1.141959,1.14157,1.140815,1.139923,1.138925,BULLISH,1.143211,1.139645,0.003567,0.001768,44.84,63.54,0.000496,0.000471,2.5e-05,59.01,63.77,0.000666,97.99,2.67,0.000644,0.000375,31.52,26.11,17.52,19.7,-0.053,1594,1417.95,1.124,False,RISING,9e-06,0.000129,3.4e-05,1.13998,1.1434,1.141965,1.14219,1.142555,1.1416,1.141375,21,5.14,1.141825,1.142017,36.3,-8.7e-05,-2.7e-05,10.14,9.32,0.000195,1.14166,1.14248,1.142561,1.141646,276,0.887,1.14181,1.14193,1.14166,1.141715,LONDON,63047,HIGH,1.14181,1.14193,1.14166,1.141715,LONDON,63047,HIGH,BEARISH_ENGULFING,BEARISH,WEAK,HIGH_WICK,NEUTRAL,NOISY,NONE,TESTING_PIVOT,45,20,6.666666666666667,63,NEUTRAL,False,70,['BEARISH_ENGULFING'],1,20,BEARISH,BEARISH,60,False,NONE,0,False,False,False,60,False,0,100,UP,NONE,NONE,0,True,75,55,45,80,False,True,NEUTRAL,70,False,0.0,NONE,False,NONE,False,False,0,False,60,29.2096219931303,14.786324786325372,60.0,34,POOR,False,75,85,0.0319477105322001,5,89.99999999999999,True,RANDOM,70,49.78973521338904,1.05987427067627,False,NONE,False,False,False,100,True,70,UP,20,CHOPPY,EXTREME,UP,20,-0.053,CHOPPY,55,30,50,NORMAL,BULLISH,70,30,80,EXTREME,88,40,60,2.67,True,40,2.0175339366515836,0.0,RANGING,90,False,NONE,1.13998,1.14219,1.141965,FAR,30,50,85,50,NONE,NONE,NONE,False,[],0,0,ACCUMULATION,ACCUMULATION,50,56,False,11,"Smart money accumulation. Bullish bias, look for breakout.",1.124,0.8,False,False,True,True,0.3,0.3,True,False,False,22,False,[],0,NO,ACCUMULATION,"Smart money accumulation. Bullish bias, look for breakout.",EXTREME,LOW,0.058,[],False,Passed basic checks,0,50,50,MEDIUM,5,WAIT,รอการวิเคราะห์จาก AI,1.141919,1.141946,18.01,1.1418,1.14194,1.14167,BEARISH,AT_PIVOT
2026-06-26 20:53:00,1.141815,1.14187,1.14173,1.141805,279.0,EURUSD,BULLISH,1.142088,1.141959,1.14157,1.140815,1.139923,1.138925,BULLISH,1.143211,1.139645,0.003567,0.001768,44.84,63.54,0.000496,0.000471,2.5e-05,59.01,63.77,0.000666,97.99,2.67,0.000644,0.000375,31.52,26.11,17.52,19.7,-0.053,1594,1417.95,1.124,False,RISING,9e-06,0.000129,3.4e-05,1.13998,1.1434,1.141965,1.14219,1.142555,1.1416,1.141375,21,5.14,1.141818,1.141997,36.18,-9.2e-05,-4e-05,12.21,10.23,0.000196,1.14166,1.14248,1.142567,1.141613,279,0.916,1.141805,1.14187,1.14173,1.141815,LONDON,63392,HIGH,1.141805,1.14187,1.14173,1.141815,LONDON,63392,HIGH,BEARISH_ENGULFING,BEARISH,WEAK,HIGH_WICK,NEUTRAL,NOISY,NONE,TESTING_PIVOT,45,20,6.666666666666667,63,NEUTRAL,False,70,['BEARISH_ENGULFING'],1,20,BEARISH,BEARISH,60,False,NONE,0,False,False,False,60,False,0,100,UP,NONE,NONE,0,True,75,55,45,80,False,True,NEUTRAL,70,False,0.0,NONE,False,NONE,False,False,0,False,60,29.2096219931303,14.786324786325372,60.0,34,POOR,False,75,85,0.0319477105322001,5,89.99999999999999,True,RANDOM,70,49.78973521338904,1.05987427067627,False,NONE,False,False,False,100,True,70,UP,20,CHOPPY,EXTREME,UP,20,-0.053,CHOPPY,55,30,50,NORMAL,BULLISH,70,30,80,EXTREME,88,40,60,2.67,True,40,2.0175339366515836,0.0,RANGING,90,False,NONE,1.13998,1.14219,1.141965,FAR,30,50,85,50,NONE,NONE,NONE,False,[],0,0,ACCUMULATION,ACCUMULATION,50,56,False,11,"Smart money accumulation. Bullish bias, look for breakout.",1.124,0.8,False,False,True,True,0.3,0.3,True,False,False,22,False,[],0,NO,ACCUMULATION,"Smart money accumulation. Bullish bias, look for breakout.",EXTREME,LOW,0.058,[],False,Passed basic checks,0,50,50,MEDIUM,5,WAIT,รอการวิเคราะห์จาก AI,1.141898,1.141941,34.94,1.141802,1.141873,1.141733,BEARISH,AT_PIVOT
2026-06-26 20:54:00,1.1418,1.141885,1.14175,1.14176,175.0,EURUSD,BULLISH,1.142088,1.141959,1.14157,1.140815,1.139923,1.138925,BULLISH,1.143211,1.139645,0.003567,0.001768,44.84,63.54,0.000496,0.000471,2.5e-05,59.01,63.77,0.000666,97.99,2.67,0.000644,0.000375,31.52,26.11,17.52,19.7,-0.053,1594,1417.95,1.124,False,RISING,9e-06,0.000129,3.4e-05,1.13998,1.1434,1.141965,1.14219,1.142555,1.1416,1.141375,21,5.14,1.141799,1.141974,32.56,-9.8e-05,-5.1e-05,16.06,12.8,0.000198,1.14166,1.14248,1.142569,1.141573,175,0.589,1.14176,1.141885,1.14175,1.1418,LONDON,62760,HIGH,1.14176,1.141885,1.14175,1.1418,LONDON,62760,HIGH,BEARISH_ENGULFING,BEARISH,WEAK,HIGH_WICK,NEUTRAL,NOISY,NONE,TESTING_PIVOT,45,20,6.666666666666667,63,NEUTRAL,False,70,['BEARISH_ENGULFING'],1,20,BEARISH,BEARISH,60,False,NONE,0,False,False,False,60,False,0,100,UP,NONE,NONE,0,True,75,55,45,80,False,True,NEUTRAL,70,False,0.0,NONE,False,NONE,False,False,0,False,60,29.2096219931303,14.786324786325372,60.0,34,POOR,False,75,85,0.0319477105322001,5,89.99999999999999,True,RANDOM,70,49.78973521338904,1.05987427067627,False,NONE,False,False,False,100,True,70,UP,20,CHOPPY,EXTREME,UP,20,-0.053,CHOPPY,55,30,50,NORMAL,BULLISH,70,30,80,EXTREME,88,40,60,2.67,True,40,2.0175339366515836,0.0,RANGING,90,False,NONE,1.13998,1.14219,1.141965,FAR,30,50,85,50,NONE,NONE,NONE,False,[],0,0,ACCUMULATION,ACCUMULATION,50,56,False,11,"Smart money accumulation. Bullish bias, look for breakout.",1.124,0.8,False,False,True,True,0.3,0.3,True,False,False,22,False,[],0,NO,ACCUMULATION,"Smart money accumulation. Bullish bias, look for breakout.",EXTREME,LOW,0.058,[],False,Passed basic checks,0,50,50,MEDIUM,5,WAIT,รอการวิเคราะห์จาก AI,1.141873,1.141934,39.73,1.141798,1.141847,1.141712,BEARISH,AT_PIVOT
2026-06-26 20:55:00,1.14176,1.142005,1.14173,1.141965,341.0,EURUSD,BULLISH,1.142047,1.14196,1.141607,1.14086,1.139965,1.138968,BULLISH,1.143204,1.139839,0.003365,0.001792,59.86,62.72,0.000467,0.00047,-4e-06,53.21,59.59,0.000661,96.98,2.57,0.000654,0.000396,30.46,24.87,17.79,16.6,0.0096,1325,1461.6,0.907,False,FALLING,2.4e-05,0.000115,3.6e-05,1.13998,1.1434,1.141877,1.142093,1.142222,1.141748,1.141532,22,5.17,1.141854,1.141974,40.12,-8.6e-05,-5.8e-05,22.36,16.87,0.000209,1.14166,1.14248,1.142535,1.141569,341,1.151,1.141965,1.142005,1.14173,1.14176,LONDON,63107,HIGH,1.141965,1.142005,1.14173,1.14176,LONDON,63107,HIGH,NONE,BULLISH,WEAK,HIGH_WICK,BULLISH,NOISY,NONE,TESTING_PIVOT,46,16,13.333333333333334,65,NEUTRAL,False,70,[],0,0,NEUTRAL,BULLISH,40,False,NONE,0,False,False,False,60,False,0,100,UP,NONE,NONE,0,True,75,55,45,80,False,True,NEUTRAL,70,False,0.0,NONE,False,NONE,False,False,0,False,60,31.534569983137082,13.97804054054066,65.0,36,FAIR,False,75,87,0.017956522244192898,5,100.0,True,RANDOM,70,49.73475755274336,1.1958202488428533,False,NONE,False,False,False,100,True,70,UP,40,CHOPPY,EXTREME,UP,40,0.0096,CHOPPY,55,30,50,NORMAL,BEARISH,70,30,80,EXTREME,88,40,60,2.57,True,40,1.8777901785714286,0.0,RANGING,90,False,NONE,1.13998,1.142093,1.141877,FAR,30,50,85,50,NONE,NONE,NONE,False,[],0,0,ACCUMULATION,ACCUMULATION,50,56,False,11,"Smart money accumulation. Bullish bias, look for breakout.",0.907,0.8,False,False,True,True,0.3,0.3,True,False,False,22,False,[],0,NO,ACCUMULATION,"Smart money accumulation. Bullish bias, look for breakout.",EXTREME,LOW,0.058,[],False,Passed basic checks,0,50,50,MEDIUM,5,WAIT,รอการวิเคราะห์จาก AI,1.14189,1.141935,67.96,1.1419,1.14207,1.141795,BULLISH,AT_PIVOT
2026-06-26 20:56:00,1.141975,1.14199,1.141785,1.141835,274.0,EURUSD,BULLISH,1.142047,1.14196,1.141607,1.14086,1.139965,1.138968,BULLISH,1.143204,1.139839,0.003365,0.001792,59.86,62.72,0.000467,0.00047,-4e-06,53.21,59.59,0.000661,96.98,2.57,0.000654,0.000396,30.46,24.87,17.79,16.6,0.0096,1325,1461.6,0.907,False,FALLING,2.4e-05,0.000115,3.6e-05,1.13998,1.1434,1.141877,1.142093,1.142222,1.141748,1.141532,22,5.17,1.141848,1.14196,38.86,-8.5e-05,-6.4e-05,23.58,20.66,0.000213,1.14166,1.14248,1.142504,1.141552,274,0.949,1.141835,1.14199,1.141785,1.141975,LONDON,92453,HIGH,1.141835,1.14199,1.141785,1.141975,LONDON,92453,HIGH,NONE,BULLISH,WEAK,HIGH_WICK,BULLISH,NOISY,NONE,TESTING_PIVOT,46,16,13.333333333333334,65,NEUTRAL,False,70,[],0,0,NEUTRAL,BULLISH,40,False,NONE,0,False,False,False,60,False,0,100,UP,NONE,NONE,0,True,75,55,45,80,False,True,NEUTRAL,70,False,0.0,NONE,False,NONE,False,False,0,False,60,31.534569983137082,13.97804054054066,65.0,36,FAIR,False,75,87,0.017956522244192898,5,100.0,True,RANDOM,70,49.73475755274336,1.1958202488428533,False,NONE,False,False,False,100,True,70,UP,40,CHOPPY,EXTREME,UP,40,0.0096,CHOPPY,55,30,50,NORMAL,BEARISH,70,30,80,EXTREME,88,40,60,2.57,True,40,1.8777901785714286,0.0,RANGING,90,False,NONE,1.13998,1.142093,1.141877,FAR,30,50,85,50,NONE,NONE,NONE,False,[],0,0,ACCUMULATION,ACCUMULATION,50,56,False,11,"Smart money accumulation. Bullish bias, look for breakout.",0.907,0.8,False,False,True,True,0.3,0.3,True,False,False,22,False,[],0,NO,ACCUMULATION,"Smart money accumulation. Bullish bias, look for breakout.",EXTREME,LOW,0.058,[],False,Passed basic checks,0,50,50,MEDIUM,5,WAIT,รอการวิเคราะห์จาก AI,1.14188,1.141931,50.0,1.14187,1.141955,1.14175,BULLISH,AT_PIVOT
2026-06-26 20:57:00,1.14184,1.14199,1.141785,1.14198,196.0,EURUSD,BULLISH,1.142047,1.14196,1.141607,1.14086,1.139965,1.138968,BULLISH,1.143204,1.139839,0.003365,0.001792,59.86,62.72,0.000467,0.00047,-4e-06,53.21,59.59,0.000661,96.98,2.57,0.000654,0.000396,30.46,24.87,17.79,16.6,0.0096,1325,1461.6,0.907,False,FALLING,2.4e-05,0.000115,3.6e-05,1.13998,1.1434,1.141877,1.142093,1.142222,1.141748,1.141532,22,5.17,1.141892,1.141962,38.15,-7.3e-05,-6.5e-05,34.02,26.65,0.000209,1.14166,1.14248,1.142465,1.141556,196,0.69,1.14198,1.14199,1.141785,1.14184,LONDON,62864,HIGH,1.14198,1.14199,1.141785,1.14184,LONDON,62864,HIGH,NONE,BULLISH,WEAK,HIGH_WICK,BULLISH,NOISY,NONE,TESTING_PIVOT,46,16,13.333333333333334,65,NEUTRAL,False,70,[],0,0,NEUTRAL,BULLISH,40,False,NONE,0,False,False,False,60,False,0,100,UP,NONE,NONE,0,True,75,55,45,80,False,True,NEUTRAL,70,False,0.0,NONE,False,NONE,False,False,0,False,60,31.534569983137082,13.97804054054066,65.0,36,FAIR,False,75,87,0.017956522244192898,5,100.0,True,RANDOM,70,49.73475755274336,1.1958202488428533,False,NONE,False,False,False,100,True,70,UP,40,CHOPPY,EXTREME,UP,40,0.0096,CHOPPY,55,30,50,NORMAL,BEARISH,70,30,80,EXTREME,88,40,60,2.57,True,40,1.8777901785714286,0.0,RANGING,90,False,NONE,1.13998,1.142093,1.141877,FAR,30,50,85,50,NONE,NONE,NONE,False,[],0,0,ACCUMULATION,ACCUMULATION,50,56,False,11,"Smart money accumulation. Bullish bias, look for breakout.",0.907,0.8,False,False,True,True,0.3,0.3,True,False,False,22,False,[],0,NO,ACCUMULATION,"Smart money accumulation. Bullish bias, look for breakout.",EXTREME,LOW,0.058,[],False,Passed basic checks,0,50,50,MEDIUM,5,WAIT,รอการวิเคราะห์จาก AI,1.141898,1.141933,60.69,1.141918,1.142052,1.141847,BULLISH,AT_PIVOT
2026-06-26 20:58:00,1.141975,1.14216,1.141955,1.14214,254.0,EURUSD,BULLISH,1.142047,1.14196,1.141607,1.14086,1.139965,1.138968,BULLISH,1.143204,1.139839,0.003365,0.001792,59.86,62.72,0.000467,0.00047,-4e-06,53.21,59.59,0.000661,96.98,2.57,0.000654,0.000396,30.46,24.87,17.79,16.6,0.0096,1325,1461.6,0.907,False,FALLING,2.4e-05,0.000115,3.6e-05,1.13998,1.1434,1.141877,1.142093,1.142222,1.141748,1.141532,22,5.17,1.141975,1.141979,49.4,-4.9e-05,-6.2e-05,44.16,33.92,0.000205,1.14166,1.14248,1.142454,1.141559,254,0.91,1.14214,1.14216,1.141955,1.141975,LONDON,63293,HIGH,1.14214,1.14216,1.141955,1.141975,LONDON,63293,HIGH,NONE,BULLISH,WEAK,HIGH_WICK,BULLISH,NOISY,NONE,TESTING_PIVOT,46,16,13.333333333333334,65,NEUTRAL,False,70,[],0,0,NEUTRAL,BULLISH,40,False,NONE,0,False,False,False,60,False,0,100,UP,NONE,NONE,0,True,75,55,45,80,False,True,NEUTRAL,70,False,0.0,NONE,False,NONE,False,False,0,False,60,31.534569983137082,13.97804054054066,65.0,36,FAIR,False,75,87,0.017956522244192898,5,100.0,True,RANDOM,70,49.73475755274336,1.1958202488428533,False,NONE,False,False,False,100,True,70,UP,40,CHOPPY,EXTREME,UP,40,0.0096,CHOPPY,55,30,50,NORMAL,BEARISH,70,30,80,EXTREME,88,40,60,2.57,True,40,1.8777901785714286,0.0,RANGING,90,False,NONE,1.13998,1.142093,1.141877,FAR,30,50,85,50,NONE,NONE,NONE,False,[],0,0,ACCUMULATION,ACCUMULATION,50,56,False,11,"Smart money accumulation. Bullish bias, look for breakout.",0.907,0.8,False,False,True,True,0.3,0.3,True,False,False,22,False,[],0,NO,ACCUMULATION,"Smart money accumulation. Bullish bias, look for breakout.",EXTREME,LOW,0.058,[],False,Passed basic checks,0,50,50,MEDIUM,5,WAIT,รอการวิเคราะห์จาก AI,1.141942,1.141941,76.92,1.142085,1.142215,1.14201,BULLISH,AT_PIVOT
2026-06-26 20:59:00,1.14214,1.14232,1.14214,1.142305,185.0,EURUSD,BULLISH,1.142047,1.14196,1.141607,1.14086,1.139965,1.138968,BULLISH,1.143204,1.139839,0.003365,0.001792,59.86,62.72,0.000467,0.00047,-4e-06,53.21,59.59,0.000661,96.98,2.57,0.000654,0.000396,30.46,24.87,17.79,16.6,0.0096,1325,1461.6,0.907,False,FALLING,2.4e-05,0.000115,3.6e-05,1.13998,1.1434,1.141877,1.142093,1.142222,1.141748,1.141532,22,5.17,1.142085,1.14201,49.4,-1.7e-05,-5.3e-05,69.14,49.11,0.000203,1.14166,1.14248,1.142468,1.141553,185,0.672,1.142305,1.14232,1.14214,1.14214,LONDON,62638,HIGH,1.142305,1.14232,1.14214,1.14214,LONDON,62638,HIGH,NONE,BULLISH,WEAK,HIGH_WICK,BULLISH,NOISY,NONE,NONE,46,16,13.333333333333334,65,NEUTRAL,False,70,[],0,0,NEUTRAL,BULLISH,40,False,NONE,0,False,False,False,60,False,0,100,UP,NONE,NONE,0,True,75,55,45,80,False,True,NEUTRAL,70,False,0.0,NONE,False,NONE,False,False,0,False,60,31.534569983137082,13.97804054054066,65.0,36,FAIR,False,75,87,0.017956522244192898,5,100.0,True,RANDOM,70,49.73475755274336,1.1958202488428533,False,NONE,False,False,False,100,True,70,UP,40,CHOPPY,EXTREME,UP,40,0.0096,CHOPPY,55,30,50,NORMAL,BEARISH,70,30,80,EXTREME,88,40,60,2.57,True,40,1.8777901785714286,0.0,RANGING,90,False,NONE,1.13998,1.142093,1.141877,FAR,30,50,85,50,NONE,NONE,NONE,False,[],0,0,ACCUMULATION,ACCUMULATION,50,56,False,11,"Smart money accumulation. Bullish bias, look for breakout.",0.907,0.8,False,False,True,True,0.3,0.3,True,False,False,22,False,[],0,NO,ACCUMULATION,"Smart money accumulation. Bullish bias, look for breakout.",EXTREME,LOW,0.058,[],False,Passed basic checks,0,50,50,MEDIUM,5,WAIT,รอการวิเคราะห์จาก AI,1.142008,1.141955,78.95,1.142255,1.14237,1.14219,BULLISH,NONE
2026-06-26 21:00:00,1.14231,1.142515,1.14229,1.142515,390.0,EURUSD,BULLISH,1.142203,1.142061,1.141694,1.140924,1.140008,1.138947,BULLISH,1.143268,1.139995,0.003273,0.001815,64.44,65.81,0.000482,0.000473,9e-06,52.91,55.04,0.000676,98.49,2.63,0.000662,0.000421,30.36,29.26,16.05,29.17,0.0464,1299,1491.35,0.871,False,FALLING,3.6e-05,0.00011,4e-05,1.13998,1.1434,1.142272,1.142758,1.143002,1.142028,1.141542,23,5.06,1.142228,1.142058,69.83,2.5e-05,-3.7e-05,87.96,67.09,0.000189,1.14166,1.142515,1.142518,1.141526,390,1.373,1.142515,1.142515,1.14229,1.14231,NEW YORK,63198,HIGH,1.142515,1.142515,1.14229,1.14231,NEW YORK,63198,HIGH,MORNING_STAR,BULLISH,WEAK,LOW_WICK,BULLISH,NOISY,NONE,TESTING_PIVOT,47,16,13.333333333333334,57,NEUTRAL,False,70,['MORNING_STAR'],1,20,BULLISH,BULLISH,60,False,NONE,0,False,False,False,60,False,0,100,UP,NONE,UP,0,True,75,55,45,80,False,True,NEUTRAL,70,False,0.0,NONE,False,NONE,False,False,0,False,60,35.195530726259875,19.094247246022597,65.0,39,FAIR,False,75,87,0.03313040179605155,5,100.0,True,RANDOM,70,50.259056918111206,1.2607780649236946,False,NONE,False,False,False,100,True,70,UP,60,CORRECTIVE,EXTREME,UP,60,0.0464,CORRECTIVE,55,30,50,NORMAL,NONE,70,30,80,EXTREME,88,40,60,2.63,True,40,1.8033057851239669,0.0,RANGING,90,False,NONE,1.13998,1.142758,1.142272,FAR,30,50,85,50,NONE,NONE,NONE,False,[],0,0,ACCUMULATION,ACCUMULATION,50,56,False,11,"Smart money accumulation. Bullish bias, look for breakout.",0.871,0.8,False,False,True,True,0.3,0.3,True,False,False,22,False,[],0,NO,ACCUMULATION,"Smart money accumulation. Bullish bias, look for breakout.",EXTREME,LOW,0.059,[],False,Passed basic checks,0,50,50,MEDIUM,5,WAIT,รอการวิเคราะห์จาก AI,1.1421,1.141977,83.49,1.14244,1.14259,1.142365,BULLISH,AT_PIVOT
2026-06-26 21:01:00,1.14252,1.142845,1.142275,1.142315,596.0,EURUSD,BULLISH,1.142203,1.142061,1.141694,1.140924,1.140008,1.138947,BULLISH,1.143268,1.139995,0.003273,0.001815,64.44,65.81,0.000482,0.000473,9e-06,52.91,55.04,0.000676,98.49,2.63,0.000662,0.000421,30.36,29.26,16.05,29.17,0.0464,1299,1491.35,0.871,False,FALLING,3.6e-05,0.00011,4e-05,1.13998,1.1434,1.142272,1.142758,1.143002,1.142028,1.141542,23,5.06,1.142257,1.142083,65.19,4.2e-05,-2.1e-05,83.85,80.31,0.00022,1.14166,1.142845,1.142521,1.141525,596,1.998,1.142315,1.142845,1.142275,1.14252,NEW YORK,62826,HIGH,1.142315,1.142845,1.142275,1.14252,NEW YORK,62826,HIGH,MORNING_STAR,BULLISH,WEAK,LOW_WICK,BULLISH,NOISY,NONE,TESTING_PIVOT,47,16,13.333333333333334,57,NEUTRAL,False,70,['MORNING_STAR'],1,20,BULLISH,BULLISH,60,False,NONE,0,False,False,False,60,False,0,100,UP,NONE,UP,0,True,75,55,45,80,False,True,NEUTRAL,70,False,0.0,NONE,False,NONE,False,False,0,False,60,35.195530726259875,19.094247246022597,65.0,39,FAIR,False,75,87,0.03313040179605155,5,100.0,True,RANDOM,70,50.259056918111206,1.2607780649236946,False,NONE,False,False,False,100,True,70,UP,60,CORRECTIVE,EXTREME,UP,60,0.0464,CORRECTIVE,55,30,50,NORMAL,NONE,70,30,80,EXTREME,88,40,60,2.63,True,40,1.8033057851239669,0.0,RANGING,90,False,NONE,1.13998,1.142758,1.142272,FAR,30,50,85,50,NONE,NONE,NONE,False,[],0,0,SIDEWAY_RANGE,SIDEWAY_RANGE,50,51,False,11,Price ranging between clear levels. Suitable for mean-reversion strategies.,0.871,0.8,False,False,True,True,0.3,0.3,True,False,False,22,False,[],0,NO,SIDEWAY_RANGE,Price ranging between clear levels. Suitable for mean-reversion strategies.,EXTREME,LOW,0.059,[],False,Passed basic checks,0,50,50,MEDIUM,5,WAIT,รอการวิเคราะห์จาก AI,1.142139,1.141991,72.84,1.142478,1.142682,1.142112,BULLISH,AT_PIVOT
2026-06-26 21:02:00,1.14232,1.14248,1.14232,1.14244,252.0,EURUSD,BULLISH,1.142203,1.142061,1.141694,1.140924,1.140008,1.138947,BULLISH,1.143268,1.139995,0.003273,0.001815,64.44,65.81,0.000482,0.000473,9e-06,52.91,55.04,0.000676,98.49,2.63,0.000662,0.000421,30.36,29.26,16.05,29.17,0.0464,1299,1491.35,0.871,False,FALLING,3.6e-05,0.00011,4e-05,1.13998,1.1434,1.142272,1.142758,1.143002,1.142028,1.141542,23,5.06,1.142318,1.142117,70.0,6.5e-05,-4e-06,73.7,81.83,0.000217,1.14166,1.142845,1.142558,1.141509,252,0.853,1.14244,1.14248,1.14232,1.14232,NEW YORK,63215,HIGH,1.14244,1.14248,1.14232,1.14232,NEW YORK,63215,HIGH,MORNING_STAR,BULLISH,WEAK,LOW_WICK,BULLISH,NOISY,NONE,TESTING_PIVOT,47,16,13.333333333333334,57,NEUTRAL,False,70,['MORNING_STAR'],1,20,BULLISH,BULLISH,60,False,NONE,0,False,False,False,60,False,0,100,UP,NONE,UP,0,True,75,55,45,80,False,True,NEUTRAL,70,False,0.0,NONE,False,NONE,False,False,0,False,60,35.195530726259875,19.094247246022597,65.0,39,FAIR,False,75,87,0.03313040179605155,5,100.0,True,RANDOM,70,50.259056918111206,1.2607780649236946,False,NONE,False,False,False,100,True,70,UP,60,CORRECTIVE,EXTREME,UP,60,0.0464,CORRECTIVE,55,30,50,NORMAL,NONE,70,30,80,EXTREME,88,40,60,2.63,True,40,1.8033057851239669,0.0,RANGING,90,False,NONE,1.13998,1.142758,1.142272,FAR,30,50,85,50,NONE,NONE,NONE,False,[],0,0,ACCUMULATION,ACCUMULATION,50,56,False,11,"Smart money accumulation. Bullish bias, look for breakout.",0.871,0.8,False,False,True,True,0.3,0.3,True,False,False,22,False,[],0,NO,ACCUMULATION,"Smart money accumulation. Bullish bias, look for breakout.",EXTREME,LOW,0.059,[],False,Passed basic checks,0,50,50,MEDIUM,5,WAIT,รอการวิเคราะห์จาก AI,1.142194,1.142008,70.93,1.142413,1.142507,1.142347,BULLISH,AT_PIVOT
2026-06-26 21:03:00,1.14244,1.14246,1.142195,1.14238,214.0,EURUSD,BULLISH,1.142203,1.142061,1.141694,1.140924,1.140008,1.138947,BULLISH,1.143268,1.139995,0.003273,0.001815,64.44,65.81,0.000482,0.000473,9e-06,52.91,55.04,0.000676,98.49,2.63,0.000662,0.000421,30.36,29.26,16.05,29.17,0.0464,1299,1491.35,0.871,False,FALLING,3.6e-05,0.00011,4e-05,1.13998,1.1434,1.142272,1.142758,1.143002,1.142028,1.141542,23,5.06,1.142339,1.142142,66.47,7.7e-05,1.2e-05,60.62,72.72,0.000224,1.14166,1.142845,1.142557,1.141509,214,0.73,1.14238,1.14246,1.142195,1.14244,NEW YORK,62848,HIGH,1.14238,1.14246,1.142195,1.14244,NEW YORK,62848,HIGH,MORNING_STAR,BULLISH,WEAK,LOW_WICK,BULLISH,NOISY,NONE,TESTING_PIVOT,47,16,13.333333333333334,57,NEUTRAL,False,70,['MORNING_STAR'],1,20,BULLISH,BULLISH,60,False,NONE,0,False,False,False,60,False,0,100,UP,NONE,UP,0,True,75,55,45,80,False,True,NEUTRAL,70,False,0.0,NONE,False,NONE,False,False,0,False,60,35.195530726259875,19.094247246022597,65.0,39,FAIR,False,75,87,0.03313040179605155,5,100.0,True,RANDOM,70,50.259056918111206,1.2607780649236946,False,NONE,False,False,False,100,True,70,UP,60,CORRECTIVE,EXTREME,UP,60,0.0464,CORRECTIVE,55,30,50,NORMAL,NONE,70,30,80,EXTREME,88,40,60,2.63,True,40,1.8033057851239669,0.0,RANGING,90,False,NONE,1.13998,1.142758,1.142272,FAR,30,50,85,50,NONE,NONE,NONE,False,[],0,0,ACCUMULATION,ACCUMULATION,50,56,False,11,"Smart money accumulation. Bullish bias, look for breakout.",0.871,0.8,False,False,True,True,0.3,0.3,True,False,False,22,False,[],0,NO,ACCUMULATION,"Smart money accumulation. Bullish bias, look for breakout.",EXTREME,LOW,0.059,[],False,Passed basic checks,0,50,50,MEDIUM,5,WAIT,รอการวิเคราะห์จาก AI,1.142228,1.142023,75.59,1.142345,1.142495,1.14223,BULLISH,AT_PIVOT
2026-06-26 21:04:00,1.142375,1.14243,1.142075,1.142085,391.0,EURUSD,BULLISH,1.142203,1.142061,1.141694,1.140924,1.140008,1.138947,BULLISH,1.143268,1.139995,0.003273,0.001815,64.44,65.81,0.000482,0.000473,9e-06,52.91,55.04,0.000676,98.49,2.63,0.000662,0.000421,30.36,29.26,16.05,29.17,0.0464,1299,1491.35,0.871,False,FALLING,3.6e-05,0.00011,4e-05,1.13998,1.1434,1.142272,1.142758,1.143002,1.142028,1.141542,23,5.06,1.142254,1.142136,56.7,6.2e-05,2.2e-05,54.15,62.82,0.00024,1.14166,1.142845,1.14255,1.141508,391,1.303,1.142085,1.14243,1.142075,1.142375,NEW YORK,63317,HIGH,1.142085,1.14243,1.142075,1.142375,NEW YORK,63317,HIGH,MORNING_STAR,BULLISH,WEAK,LOW_WICK,BULLISH,NOISY,NONE,TESTING_PIVOT,47,16,13.333333333333334,57,NEUTRAL,False,70,['MORNING_STAR'],1,20,BULLISH,BULLISH,60,False,NONE,0,False,False,False,60,False,0,100,UP,NONE,UP,0,True,75,55,45,80,False,True,NEUTRAL,70,False,0.0,NONE,False,NONE,False,False,0,False,60,35.195530726259875,19.094247246022597,65.0,39,FAIR,False,75,87,0.03313040179605155,5,100.0,True,RANDOM,70,50.259056918111206,1.2607780649236946,False,NONE,False,False,False,100,True,70,UP,60,CORRECTIVE,EXTREME,UP,60,0.0464,CORRECTIVE,55,30,50,NORMAL,NONE,70,30,80,EXTREME,88,40,60,2.63,True,40,1.8033057851239669,0.0,RANGING,90,False,NONE,1.13998,1.142758,1.142272,FAR,30,50,85,50,NONE,NONE,NONE,False,[],0,0,SIDEWAY_RANGE,SIDEWAY_RANGE,50,51,False,11,Price ranging between clear levels. Suitable for mean-reversion strategies.,0.871,0.8,False,False,True,True,0.3,0.3,True,False,False,22,False,[],0,NO,SIDEWAY_RANGE,Price ranging between clear levels. Suitable for mean-reversion strategies.,EXTREME,LOW,0.059,[],False,Passed basic checks,0,50,50,MEDIUM,5,WAIT,รอการวิเคราะห์จาก AI,1.142202,1.142025,54.32,1.142197,1.142318,1.141963,BULLISH,AT_PIVOT
2026-06-26 21:05:00,1.14209,1.14214,1.14198,1.14208,418.0,EURUSD,BULLISH,1.142162,1.142064,1.141731,1.14097,1.140048,1.138972,BULLISH,1.143222,1.140232,0.00299,0.001834,47.63,57.51,0.000453,0.000469,-1.5e-05,51.53,52.55,0.000694,100.0,2.66,0.000672,0.000447,30.76,30.25,14.27,35.89,0.0342,1871,1534.75,1.219,False,RISING,2.5e-05,9.4e-05,4.4e-05,1.14015,1.1434,1.142302,1.142623,1.143167,1.141758,1.141437,20,4.68,1.142196,1.142131,59.78,5e-05,2.8e-05,44.02,52.93,0.00024,1.14166,1.142845,1.14252,1.141514,418,1.373,1.14208,1.14214,1.14198,1.14209,NEW YORK,62844,HIGH,1.14208,1.14214,1.14198,1.14209,NEW YORK,62844,HIGH,NONE,BEARISH,WEAK,LOW_WICK,BULLISH,NOISY,NONE,TESTING_PIVOT,45,16,13.333333333333334,58,NEUTRAL,False,70,[],0,0,NEUTRAL,BEARISH,40,False,NONE,0,False,False,False,60,False,0,100,UP,NONE,NONE,0,True,75,55,45,80,False,True,NEUTRAL,70,False,0.0,NONE,False,NONE,False,False,0,False,60,29.01751713633198,12.783424550430581,65.0,35,POOR,False,75,75,-0.021630735797819472,5,100.0,True,RANDOM,70,48.51718767218253,2.316395745144092,False,NONE,False,False,False,100,True,70,UP,40,CORRECTIVE,EXTREME,UP,40,0.0342,CORRECTIVE,55,30,50,NORMAL,BEARISH,65,30,75,EXTREME,88,40,60,2.66,True,40,1.6303162486368594,0.0,RANGING,90,False,NONE,1.14015,1.142623,1.142302,FAR,30,50,85,50,NONE,NONE,NONE,False,[],0,0,ACCUMULATION,ACCUMULATION,50,56,False,11,"Smart money accumulation. Bullish bias, look for breakout.",1.219,0.8,False,False,True,True,0.3,0.3,True,False,False,22,False,[],0,NO,ACCUMULATION,"Smart money accumulation. Bullish bias, look for breakout.",EXTREME,LOW,0.061,[],False,Passed basic checks,0,50,50,MEDIUM,5,WAIT,รอการวิเคราะห์จาก AI,1.14218,1.142027,47.17,1.142067,1.142153,1.141993,BEARISH,AT_PIVOT
