timestamp,open,high,low,close,volume,symbol,m5_ema5,m5_ema10,m5_ema20,m5_ema50,m5_ema100,m5_ema200,m5_bb_upper,m5_bb_lower,m5_bb_width,m5_bbw_sma_100,m5_rsi7,m5_rsi14,m5_macd,m5_macd_signal,m5_macd_hist,m5_stoch_k,m5_stoch_d,m5_atr14,m5_atr_percentile,m5_atr_zscore,m5_atr_recent_avg,m5_atr_past_avg,m5_adx,m5_di_plus,m5_di_minus,m5_dx,m5_roc,m5_volume,m5_volume_ma20,m5_volume_ratio,m5_volume_spike,m5_volume_trend,m5_slope_10,m5_slope_20,m5_slope_50,m5_support,m5_resistance,m5_pivot,m5_r1,m5_r2,m5_s1,m5_s2,m5_box_duration,m5_box_tightness,m1_ema5,m1_ema20,m1_rsi14,m1_macd,m1_macd_signal,m1_stoch_k,m1_stoch_d,m1_atr14,m1_support,m1_resistance,m1_bb_upper,m1_bb_lower,m1_volume,m1_volume_ratio,ohlcv_close,ohlcv_high,ohlcv_low,ohlcv_open,price_action_recent_body_size,price_action_wick_to_body_ratio,price_action_momentum_strength,price_action_move_type,price_action_directional_bias,price_action_price_action_quality,price_action_confidence,behavior_conviction,behavior_hesitation,behavior_pressure_balance,behavior_participation,behavior_behavior,behavior_is_decisive,behavior_confidence,candle_pattern_patterns_detected,candle_pattern_pattern_count,candle_pattern_pattern_strength,candle_pattern_bias,candle_pattern_last_candle_color,candle_pattern_confidence,conflict_conflict_detected,conflict_conflict_score,conflict_agreement_score,conflict_ema_direction,conflict_momentum_direction,conflict_candle_direction,conflict_conflicting_signals,conflict_all_aligned,conflict_confidence,continuation_continuation_probability,continuation_reversal_probability,continuation_pullback_health,continuation_momentum_intact,continuation_volume_supports_move,continuation_bias,continuation_confidence,continuation_retest_detected,continuation_retest_quality,continuation_retest_type,divergence_divergence_detected,divergence_divergence_type,divergence_rsi_divergence,divergence_macd_divergence,divergence_divergence_strength,divergence_both_confirm,divergence_confidence,efficiency_efficiency_ratio,efficiency_path_efficiency,efficiency_directional_efficiency,efficiency_overall_efficiency,efficiency_movement_quality,efficiency_is_efficient,efficiency_confidence,persistence_persistence_score,persistence_autocorrelation,persistence_max_consecutive_run,persistence_trend_persistence,persistence_is_persistent,persistence_behavior,persistence_confidence,persistence_expansion_persistence,persistence_fatigue_risk,transition_in_transition,transition_transition_type,transition_volatility_shift,transition_momentum_shift,transition_structure_shift,transition_stability_score,transition_is_stable,transition_confidence,analysis_trend_direction,analysis_trend_strength,analysis_trend_type,analysis_volatility_regime,engines_trend_direction,engines_trend_strength,engines_trend_momentum,engines_trend_type,engines_trend_confidence,engines_trend_reversal_risk,engines_trend_sustain_probability,engines_strength_momentum_level,engines_strength_divergence,engines_strength_strength_score,engines_strength_exhaustion_risk,engines_strength_confidence,engines_volatility_regime,engines_volatility_volatility_score,engines_volatility_expansion_probability,engines_volatility_contraction_probability,engines_volatility_volatility_zscore,engines_volatility_spike_detected,engines_volatility_confidence,engines_volatility_bbw_compression_ratio,engines_volatility_compression_quality,engines_structure_structure_type,engines_structure_structure_score,engines_structure_bos_detected,engines_structure_bos_type,engines_structure_key_zones_strong_support,engines_structure_key_zones_strong_resistance,engines_structure_key_zones_middle,engines_structure_zone_proximity,engines_structure_breakout_probability,engines_structure_reversal_probability,engines_structure_confidence,engines_mtf_alignment_score,engines_mtf_dominant_direction,engines_mtf_htf_direction,engines_mtf_ltf_direction,engines_mtf_htf_ltf_conflict,engines_mtf_timeframes_analyzed,engines_mtf_confidence_from_mtf,engines_mtf_confidence,market_state,market_state_full_state,market_state_full_confidence,market_state_full_quality_score,market_state_full_tradeable,market_state_full_stability,market_state_full_description,market_state_full_metrics_volume_ratio,market_state_full_metrics_noise_level,market_state_full_metrics_rsi_extreme_bull,market_state_full_metrics_rsi_extreme_bear,market_state_full_metrics_price_above_ma20,market_state_full_metrics_price_above_ma50,market_state_full_metrics_wick_lower_ratio,market_state_full_metrics_wick_upper_ratio,market_state_full_metrics_compression_detected,market_state_full_metrics_divergence_detected,market_state_full_metrics_volume_surge,market_state_full_metrics_adaptive_adx_threshold,market_state_full_metrics_is_otc
2026-06-25 12:32:00,1.136355,1.13639,1.13633,1.136355,99.0,EURUSD,1.136542,1.136625,1.13667,1.136481,1.136127,1.135497,1.137161,1.136418,0.000743,0.000956,16.28,19.59,-6e-06,6.3e-05,-6.9e-05,6.97,7.56,0.000159,12.0,-1.05,0.000162,0.000193,18.41,15.1,23.62,22.01,-0.0224,492,312.2,1.576,False,RISING,-2.7e-05,-2.9e-05,1.7e-05,1.13636,1.13712,1.136445,1.13653,1.136625,1.13635,1.136265,29,4.78,1.136393,1.136499,25.89,-8.3e-05,-7.3e-05,11.68,17.56,8e-05,1.13633,1.136795,1.13675,1.136285,99,1.246,1.136355,1.13639,1.13633,1.136355,0.006202513381590358,1.6113360323897143,80,NORMAL,NEUTRAL,70,70,43,26,0.0,57,NEUTRAL,False,70,[],0,0,NEUTRAL,BEARISH,40,False,0,100,NONE,NONE,DOWN,0,True,75,55,45,80,False,True,NEUTRAL,70,False,0.0,NONE,True,BEARISH,False,True,50,False,70,45.8333333333156,17.209302325578097,60.0,41,FAIR,False,75,73,0.06297964882108066,6,9.999999999999998,True,RANDOM,70,50.863021036929055,0.3101332820075787,True,MOMENTUM_SHIFT,False,True,False,65,True,70,NONE,40,CHOPPY,LOW,NONE,40,-0.0224,CHOPPY,20,50,30,WEAK,NONE,60,45,70,LOW,58,70,30,-1.05,False,65,0.7771966527196652,100.0,RANGING,90,False,NONE,1.13635,1.13653,1.136445,FAR,30,50,85,50,NONE,NONE,NONE,False,[],0,0,BREAKOUT_EMERGING,BREAKOUT_EMERGING,50,70,True,28,"Volatility expansion after compression. Potential breakout opportunity. (breakout prob: 30%, reversal prob: 50%)",1.576,0.5,False,True,False,False,0.3,0.3,True,False,True,18,False
2026-06-25 12:33:00,1.13636,1.136475,1.136355,1.13646,102.0,EURUSD,1.136542,1.136625,1.13667,1.136481,1.136127,1.135497,1.137161,1.136418,0.000743,0.000956,16.28,19.59,-6e-06,6.3e-05,-6.9e-05,6.97,7.56,0.000159,12.0,-1.05,0.000162,0.000193,18.41,15.1,23.62,22.01,-0.0224,492,312.2,1.576,False,RISING,-2.7e-05,-2.9e-05,1.7e-05,1.13636,1.13712,1.136445,1.13653,1.136625,1.13635,1.136265,29,4.78,1.136416,1.136495,38.76,-7.6e-05,-7.4e-05,17.95,14.97,8.6e-05,1.13633,1.136745,1.136715,1.136293,102,1.238,1.13646,1.136475,1.136355,1.13636,0.006202513381590358,1.6113360323897143,80,NORMAL,NEUTRAL,70,70,43,26,0.0,57,NEUTRAL,False,70,[],0,0,NEUTRAL,BEARISH,40,False,0,100,NONE,NONE,DOWN,0,True,75,55,45,80,False,True,NEUTRAL,70,False,0.0,NONE,True,BEARISH,False,True,50,False,70,45.8333333333156,17.209302325578097,60.0,41,FAIR,False,75,73,0.06297964882108066,6,9.999999999999998,True,RANDOM,70,50.863021036929055,0.3101332820075787,True,MOMENTUM_SHIFT,False,True,False,65,True,70,NONE,40,CHOPPY,LOW,NONE,40,-0.0224,CHOPPY,20,50,30,WEAK,NONE,60,45,70,LOW,58,70,30,-1.05,False,65,0.7771966527196652,100.0,RANGING,90,False,NONE,1.13635,1.13653,1.136445,FAR,30,50,85,50,NONE,NONE,NONE,False,[],0,0,BREAKOUT_EMERGING,BREAKOUT_EMERGING,50,70,True,28,"Volatility expansion after compression. Potential breakout opportunity. (breakout prob: 30%, reversal prob: 50%)",1.576,0.5,False,True,False,False,0.3,0.3,True,False,True,18,False
2026-06-25 12:35:00,1.136475,1.136475,1.13641,1.136425,57.0,EURUSD,1.136503,1.136588,1.136647,1.136479,1.136135,1.135522,1.137154,1.136368,0.000785,0.000955,16.28,20.65,-2.3e-05,4.6e-05,-6.9e-05,11.14,7.89,0.000161,13.5,-1.02,0.000161,0.00019,18.84,14.07,23.22,24.53,-0.0172,503,315.0,1.597,False,RISING,-3.5e-05,-3.1e-05,1.7e-05,1.13633,1.137095,1.136418,1.136507,1.136588,1.136337,1.136248,20,4.75,1.136431,1.136486,42.62,-6.6e-05,-7.2e-05,47.24,33.36,8.5e-05,1.13633,1.136675,1.136657,1.136306,57,0.673,1.136425,1.136475,1.13641,1.136475,0.005542800759624888,1.6341463414641544,80,NORMAL,BEARISH,70,70,41,30,-6.666666666666667,61,NEUTRAL,False,70,['DOJI'],1,20,NEUTRAL,BEARISH,60,False,0,100,NONE,NONE,DOWN,0,True,75,55,45,80,False,True,NEUTRAL,70,False,0.0,NONE,True,BEARISH,False,True,50,False,70,46.88796680496839,17.901234567902506,65.0,43,FAIR,False,75,75,0.0014039745004918675,6,19.999999999999996,True,RANDOM,70,51.921990710604206,0.29254242353153687,True,MOMENTUM_SHIFT,False,True,False,65,True,70,NONE,60,CHOPPY,LOW,NONE,60,-0.0172,CHOPPY,20,50,30,WEAK,NONE,60,30,70,LOW,58,55,45,-1.02,False,65,0.8219895287958116,97.80104712041884,RANGING,90,False,NONE,1.13633,1.136507,1.136418,FAR,30,50,85,50,NONE,NONE,NONE,False,[],0,0,BREAKOUT_EMERGING,BREAKOUT_EMERGING,50,70,True,28,"Volatility expansion after compression. Potential breakout opportunity. (breakout prob: 30%, reversal prob: 50%)",1.597,0.5,False,True,False,False,0.3,0.3,True,False,True,18,False
2026-06-25 12:36:00,1.136425,1.13643,1.136385,1.136425,55.0,EURUSD,1.136503,1.136588,1.136647,1.136479,1.136135,1.135522,1.137154,1.136368,0.000785,0.000955,16.28,20.65,-2.3e-05,4.6e-05,-6.9e-05,11.14,7.89,0.000161,13.5,-1.02,0.000161,0.00019,18.84,14.07,23.22,24.53,-0.0172,503,315.0,1.597,False,RISING,-3.5e-05,-3.1e-05,1.7e-05,1.13633,1.137095,1.136418,1.136507,1.136588,1.136337,1.136248,20,4.75,1.136429,1.13648,46.43,-6.3e-05,-7e-05,48.11,43.41,8.3e-05,1.13633,1.136675,1.136637,1.136307,55,0.641,1.136425,1.13643,1.136385,1.136425,0.005542800759624888,1.6341463414641544,80,NORMAL,BEARISH,70,70,41,30,-6.666666666666667,61,NEUTRAL,False,70,['DOJI'],1,20,NEUTRAL,BEARISH,60,False,0,100,NONE,NONE,DOWN,0,True,75,55,45,80,False,True,NEUTRAL,70,False,0.0,NONE,True,BEARISH,False,True,50,False,70,46.88796680496839,17.901234567902506,65.0,43,FAIR,False,75,75,0.0014039745004918675,6,19.999999999999996,True,RANDOM,70,51.921990710604206,0.29254242353153687,True,MOMENTUM_SHIFT,False,True,False,65,True,70,NONE,60,CHOPPY,LOW,NONE,60,-0.0172,CHOPPY,20,50,30,WEAK,NONE,60,30,70,LOW,58,55,45,-1.02,False,65,0.8219895287958116,97.80104712041884,RANGING,90,False,NONE,1.13633,1.136507,1.136418,FAR,30,50,85,50,NONE,NONE,NONE,False,[],0,0,BREAKOUT_EMERGING,BREAKOUT_EMERGING,50,70,True,28,"Volatility expansion after compression. Potential breakout opportunity. (breakout prob: 30%, reversal prob: 50%)",1.597,0.5,False,True,False,False,0.3,0.3,True,False,True,18,False
2026-06-25 12:40:00,1.136475,1.13648,1.13639,1.13642,62.0,EURUSD,1.136475,1.136558,1.136625,1.136477,1.136139,1.135522,1.137135,1.136329,0.000806,0.000954,0.0,19.23,-3.7e-05,2.9e-05,-6.6e-05,11.82,9.98,0.000166,15.0,-0.98,0.00016,0.000186,18.58,15.83,21.5,15.18,-0.0268,335,321.3,1.043,False,RISING,-4.4e-05,-3.2e-05,1.6e-05,1.13633,1.137095,1.136458,1.136532,1.136643,1.136347,1.136273,21,4.61,1.136449,1.136474,50.91,-4.3e-05,-5.6e-05,58.13,63.16,7.8e-05,1.13633,1.13659,1.136528,1.136357,62,0.74,1.13642,1.13648,1.13639,1.136475,0.004971011961659901,1.6502057613179155,80,NORMAL,BEARISH,70,70,40,33,-6.666666666666667,61,NEUTRAL,False,70,['DOJI'],1,20,NEUTRAL,BEARISH,60,False,0,100,NONE,NONE,DOWN,0,True,75,55,45,80,False,True,NEUTRAL,70,False,0.0,NONE,True,BEARISH,True,True,90,True,70,48.95397489539997,15.217391304350974,70.0,44,FAIR,False,75,64,-0.15793416084849685,7,30.000000000000004,True,RANDOM,70,53.57248465033443,0.2706563234215101,True,MOMENTUM_SHIFT,False,True,False,65,True,70,NONE,60,CHOPPY,LOW,NONE,60,-0.0268,CHOPPY,20,50,30,WEAK,NONE,60,45,70,LOW,58,55,45,-0.98,False,65,0.8448637316561844,95.51362683438155,RANGING,90,False,NONE,1.13633,1.136532,1.136458,FAR,30,50,85,50,NONE,NONE,NONE,False,[],0,0,BREAKOUT_EMERGING,BREAKOUT_EMERGING,51,70,True,28,"Volatility expansion after compression. Potential breakout opportunity. (breakout prob: 30%, reversal prob: 50%)",1.043,0.5,False,True,False,False,0.3,0.3,True,False,False,18,False
2026-06-25 12:41:00,1.136425,1.136435,1.1363,1.1363,89.0,EURUSD,1.136475,1.136558,1.136625,1.136477,1.136139,1.135522,1.137135,1.136329,0.000806,0.000954,0.0,19.23,-3.7e-05,2.9e-05,-6.6e-05,11.82,9.98,0.000166,15.0,-0.98,0.00016,0.000186,18.58,15.83,21.5,15.18,-0.0268,335,321.3,1.043,False,RISING,-4.4e-05,-3.2e-05,1.6e-05,1.13633,1.137095,1.136458,1.136532,1.136643,1.136347,1.136273,21,4.61,1.136399,1.136458,42.11,-5.2e-05,-5.5e-05,31.94,52.65,8.2e-05,1.1363,1.13657,1.136531,1.136332,89,1.037,1.1363,1.136435,1.1363,1.136425,0.004971011961659901,1.6502057613179155,80,NORMAL,BEARISH,70,70,40,33,-6.666666666666667,61,NEUTRAL,False,70,['DOJI'],1,20,NEUTRAL,BEARISH,60,False,0,100,NONE,NONE,DOWN,0,True,75,55,45,80,False,True,NEUTRAL,70,False,0.0,NONE,True,BEARISH,True,True,90,True,70,48.95397489539997,15.217391304350974,70.0,44,FAIR,False,75,64,-0.15793416084849685,7,30.000000000000004,True,RANDOM,70,53.57248465033443,0.2706563234215101,True,MOMENTUM_SHIFT,False,True,False,65,True,70,NONE,60,CHOPPY,LOW,NONE,60,-0.0268,CHOPPY,20,50,30,WEAK,NONE,60,45,70,LOW,58,55,45,-0.98,False,65,0.8448637316561844,95.51362683438155,RANGING,90,False,NONE,1.13633,1.136532,1.136458,FAR,30,50,85,50,NONE,NONE,NONE,False,[],0,0,BREAKOUT_EMERGING,BREAKOUT_EMERGING,51,70,True,28,"Volatility expansion after compression. Potential breakout opportunity. (breakout prob: 30%, reversal prob: 50%)",1.043,0.5,False,True,False,False,0.3,0.3,True,False,False,18,False
2026-06-25 12:42:00,1.1363,1.13637,1.1363,1.136335,116.0,EURUSD,1.136475,1.136558,1.136625,1.136477,1.136139,1.135522,1.137135,1.136329,0.000806,0.000954,0.0,19.23,-3.7e-05,2.9e-05,-6.6e-05,11.82,9.98,0.000166,15.0,-0.98,0.00016,0.000186,18.58,15.83,21.5,15.18,-0.0268,335,321.3,1.043,False,RISING,-4.4e-05,-3.2e-05,1.6e-05,1.13633,1.137095,1.136458,1.136532,1.136643,1.136347,1.136273,21,4.61,1.136378,1.136446,37.9,-5.6e-05,-5.5e-05,16.82,35.63,7.8e-05,1.1363,1.13657,1.136532,1.136318,116,1.31,1.136335,1.13637,1.1363,1.1363,0.004971011961659901,1.6502057613179155,80,NORMAL,BEARISH,70,70,40,33,-6.666666666666667,61,NEUTRAL,False,70,['DOJI'],1,20,NEUTRAL,BEARISH,60,False,0,100,NONE,NONE,DOWN,0,True,75,55,45,80,False,True,NEUTRAL,70,False,0.0,NONE,True,BEARISH,True,True,90,True,70,48.95397489539997,15.217391304350974,70.0,44,FAIR,False,75,64,-0.15793416084849685,7,30.000000000000004,True,RANDOM,70,53.57248465033443,0.2706563234215101,True,MOMENTUM_SHIFT,False,True,False,65,True,70,NONE,60,CHOPPY,LOW,NONE,60,-0.0268,CHOPPY,20,50,30,WEAK,NONE,60,45,70,LOW,58,55,45,-0.98,False,65,0.8448637316561844,95.51362683438155,RANGING,90,False,NONE,1.13633,1.136532,1.136458,FAR,30,50,85,50,NONE,NONE,NONE,False,[],0,0,BREAKOUT_EMERGING,BREAKOUT_EMERGING,51,70,True,28,"Volatility expansion after compression. Potential breakout opportunity. (breakout prob: 30%, reversal prob: 50%)",1.043,0.5,False,True,False,False,0.3,0.3,True,False,False,18,False
2026-06-25 12:43:00,1.13633,1.136335,1.136285,1.136295,80.0,EURUSD,1.136475,1.136558,1.136625,1.136477,1.136139,1.135522,1.137135,1.136329,0.000806,0.000954,0.0,19.23,-3.7e-05,2.9e-05,-6.6e-05,11.82,9.98,0.000166,15.0,-0.98,0.00016,0.000186,18.58,15.83,21.5,15.18,-0.0268,335,321.3,1.043,False,RISING,-4.4e-05,-3.2e-05,1.6e-05,1.13633,1.137095,1.136458,1.136532,1.136643,1.136347,1.136273,21,4.61,1.13635,1.136432,39.5,-6.1e-05,-5.7e-05,5.49,18.09,7.7e-05,1.136285,1.13657,1.136541,1.136297,80,0.904,1.136295,1.136335,1.136285,1.13633,0.004971011961659901,1.6502057613179155,80,NORMAL,BEARISH,70,70,40,33,-6.666666666666667,61,NEUTRAL,False,70,['DOJI'],1,20,NEUTRAL,BEARISH,60,False,0,100,NONE,NONE,DOWN,0,True,75,55,45,80,False,True,NEUTRAL,70,False,0.0,NONE,True,BEARISH,True,True,90,True,70,48.95397489539997,15.217391304350974,70.0,44,FAIR,False,75,64,-0.15793416084849685,7,30.000000000000004,True,RANDOM,70,53.57248465033443,0.2706563234215101,True,MOMENTUM_SHIFT,False,True,False,65,True,70,NONE,60,CHOPPY,LOW,NONE,60,-0.0268,CHOPPY,20,50,30,WEAK,NONE,60,45,70,LOW,58,55,45,-0.98,False,65,0.8448637316561844,95.51362683438155,RANGING,90,False,NONE,1.13633,1.136532,1.136458,FAR,30,50,85,50,NONE,NONE,NONE,False,[],0,0,BREAKOUT_EMERGING,BREAKOUT_EMERGING,51,70,True,28,"Volatility expansion after compression. Potential breakout opportunity. (breakout prob: 30%, reversal prob: 50%)",1.043,0.5,False,True,False,False,0.3,0.3,True,False,False,18,False
2026-06-25 12:44:00,1.13629,1.136335,1.136285,1.136305,45.0,EURUSD,1.136475,1.136558,1.136625,1.136477,1.136139,1.135522,1.137135,1.136329,0.000806,0.000954,0.0,19.23,-3.7e-05,2.9e-05,-6.6e-05,11.82,9.98,0.000166,15.0,-0.98,0.00016,0.000186,18.58,15.83,21.5,15.18,-0.0268,335,321.3,1.043,False,RISING,-4.4e-05,-3.2e-05,1.6e-05,1.13633,1.137095,1.136458,1.136532,1.136643,1.136347,1.136273,21,4.61,1.136335,1.136419,38.98,-6.4e-05,-5.8e-05,7.83,10.05,7.6e-05,1.136285,1.13657,1.136539,1.136281,45,0.518,1.136305,1.136335,1.136285,1.13629,0.004971011961659901,1.6502057613179155,80,NORMAL,BEARISH,70,70,40,33,-6.666666666666667,61,NEUTRAL,False,70,['DOJI'],1,20,NEUTRAL,BEARISH,60,False,0,100,NONE,NONE,DOWN,0,True,75,55,45,80,False,True,NEUTRAL,70,False,0.0,NONE,True,BEARISH,True,True,90,True,70,48.95397489539997,15.217391304350974,70.0,44,FAIR,False,75,64,-0.15793416084849685,7,30.000000000000004,True,RANDOM,70,53.57248465033443,0.2706563234215101,True,MOMENTUM_SHIFT,False,True,False,65,True,70,NONE,60,CHOPPY,LOW,NONE,60,-0.0268,CHOPPY,20,50,30,WEAK,NONE,60,45,70,LOW,58,55,45,-0.98,False,65,0.8448637316561844,95.51362683438155,RANGING,90,False,NONE,1.13633,1.136532,1.136458,FAR,30,50,85,50,NONE,NONE,NONE,False,[],0,0,BREAKOUT_EMERGING,BREAKOUT_EMERGING,51,70,True,28,"Volatility expansion after compression. Potential breakout opportunity. (breakout prob: 30%, reversal prob: 50%)",1.043,0.5,False,True,False,False,0.3,0.3,True,False,False,18,False
2026-06-25 12:45:00,1.13631,1.13633,1.13628,1.136285,37.0,EURUSD,1.136412,1.136508,1.136593,1.136469,1.136138,1.135498,1.137141,1.13626,0.00088,0.000954,0.0,19.77,-5.8e-05,1.2e-05,-6.9e-05,8.68,10.55,0.00016,13.0,-1.01,0.000159,0.000182,18.99,14.84,24.39,24.35,-0.0378,373,312.5,1.194,False,FALLING,-5.2e-05,-3.5e-05,1.4e-05,1.13628,1.137095,1.136333,1.136387,1.136488,1.136232,1.136178,22,5.09,1.136318,1.136407,43.4,-6.7e-05,-6e-05,4.08,5.8,7.3e-05,1.13628,1.13657,1.136538,1.136264,37,0.435,1.136285,1.13633,1.13628,1.13631,0.005279155124011419,1.5816733067739142,90,NORMAL,BEARISH,70,70,40,33,-13.333333333333334,62,NEUTRAL,False,70,[],0,0,NEUTRAL,BEARISH,40,False,0,100,NONE,NONE,DOWN,0,True,75,55,45,80,False,True,NEUTRAL,70,False,0.0,NONE,True,BEARISH,True,True,90,True,70,50.607287449396644,20.216049382717454,70.0,46,FAIR,False,75,78,0.008776663432002873,8,40.0,True,RANDOM,70,50.28145419866795,0.4060825880476177,True,MOMENTUM_SHIFT,False,True,True,35,False,70,NONE,80,CHOPPY,LOW,NONE,80,-0.0378,CHOPPY,20,50,30,WEAK,NONE,60,45,70,LOW,58,55,45,-1.01,False,65,0.9224318658280923,87.75681341719077,RANGING,90,False,NONE,1.136232,1.136387,1.136333,FAR,30,50,85,50,NONE,NONE,NONE,False,[],0,0,SIDEWAY_RANGE,SIDEWAY_RANGE,52,60,True,28,Price ranging between clear levels. Suitable for mean-reversion strategies.,1.194,0.5,False,True,False,False,0.3,0.3,True,False,False,18,False
2026-06-25 12:46:00,1.13628,1.13628,1.13621,1.136275,89.0,EURUSD,1.136412,1.136508,1.136593,1.136469,1.136138,1.135498,1.137141,1.13626,0.00088,0.000954,0.0,19.77,-5.8e-05,1.2e-05,-6.9e-05,8.68,10.55,0.00016,13.0,-1.01,0.000159,0.000182,18.99,14.84,24.39,24.35,-0.0378,373,312.5,1.194,False,FALLING,-5.2e-05,-3.5e-05,1.4e-05,1.13628,1.137095,1.136333,1.136387,1.136488,1.136232,1.136178,22,5.09,1.136304,1.136394,42.59,-6.9e-05,-6.2e-05,8.93,6.95,7.4e-05,1.13621,1.13657,1.136542,1.136246,89,1.077,1.136275,1.13628,1.13621,1.13628,0.005279155124011419,1.5816733067739142,90,NORMAL,BEARISH,70,70,40,33,-13.333333333333334,62,NEUTRAL,False,70,[],0,0,NEUTRAL,BEARISH,40,False,0,100,NONE,NONE,DOWN,0,True,75,55,45,80,False,True,NEUTRAL,70,False,0.0,NONE,True,BEARISH,True,True,90,True,70,50.607287449396644,20.216049382717454,70.0,46,FAIR,False,75,78,0.008776663432002873,8,40.0,True,RANDOM,70,50.28145419866795,0.4060825880476177,True,MOMENTUM_SHIFT,False,True,True,35,False,70,NONE,80,CHOPPY,LOW,NONE,80,-0.0378,CHOPPY,20,50,30,WEAK,NONE,60,45,70,LOW,58,55,45,-1.01,False,65,0.9224318658280923,87.75681341719077,RANGING,90,False,NONE,1.136232,1.136387,1.136333,FAR,30,50,85,50,NONE,NONE,NONE,False,[],0,0,BREAKOUT_EMERGING,BREAKOUT_EMERGING,52,70,True,28,"Volatility expansion after compression. Potential breakout opportunity. (breakout prob: 30%, reversal prob: 50%)",1.194,0.5,False,True,False,False,0.3,0.3,True,False,False,18,False
2026-06-25 12:47:00,1.136275,1.13628,1.136145,1.136225,66.0,EURUSD,1.136412,1.136508,1.136593,1.136469,1.136138,1.135498,1.137141,1.13626,0.00088,0.000954,0.0,19.77,-5.8e-05,1.2e-05,-6.9e-05,8.68,10.55,0.00016,13.0,-1.01,0.000159,0.000182,18.99,14.84,24.39,24.35,-0.0378,373,312.5,1.194,False,FALLING,-5.2e-05,-3.5e-05,1.4e-05,1.13628,1.137095,1.136333,1.136387,1.136488,1.136232,1.136178,22,5.09,1.136278,1.136378,25.77,-7.4e-05,-6.4e-05,12.87,8.63,7.5e-05,1.136145,1.13657,1.136551,1.136219,66,0.803,1.136225,1.13628,1.136145,1.136275,0.005279155124011419,1.5816733067739142,90,NORMAL,BEARISH,70,70,40,33,-13.333333333333334,62,NEUTRAL,False,70,[],0,0,NEUTRAL,BEARISH,40,False,0,100,NONE,NONE,DOWN,0,True,75,55,45,80,False,True,NEUTRAL,70,False,0.0,NONE,True,BEARISH,True,True,90,True,70,50.607287449396644,20.216049382717454,70.0,46,FAIR,False,75,78,0.008776663432002873,8,40.0,True,RANDOM,70,50.28145419866795,0.4060825880476177,True,MOMENTUM_SHIFT,False,True,True,35,False,70,NONE,80,CHOPPY,LOW,NONE,80,-0.0378,CHOPPY,20,50,30,WEAK,NONE,60,45,70,LOW,58,55,45,-1.01,False,65,0.9224318658280923,87.75681341719077,RANGING,90,False,NONE,1.136232,1.136387,1.136333,FAR,30,50,85,50,NONE,NONE,NONE,False,[],0,0,SIDEWAY_RANGE,SIDEWAY_RANGE,52,60,True,28,Price ranging between clear levels. Suitable for mean-reversion strategies.,1.194,0.5,False,True,False,False,0.3,0.3,True,False,False,18,False
2026-06-25 12:48:00,1.136225,1.13627,1.136145,1.136265,111.0,EURUSD,1.136412,1.136508,1.136593,1.136469,1.136138,1.135498,1.137141,1.13626,0.00088,0.000954,0.0,19.77,-5.8e-05,1.2e-05,-6.9e-05,8.68,10.55,0.00016,13.0,-1.01,0.000159,0.000182,18.99,14.84,24.39,24.35,-0.0378,373,312.5,1.194,False,FALLING,-5.2e-05,-3.5e-05,1.4e-05,1.13628,1.137095,1.136333,1.136387,1.136488,1.136232,1.136178,22,5.09,1.136273,1.136367,30.1,-7.4e-05,-6.6e-05,21.7,14.5,7.8e-05,1.136145,1.13657,1.136542,1.136207,111,1.354,1.136265,1.13627,1.136145,1.136225,0.005279155124011419,1.5816733067739142,90,NORMAL,BEARISH,70,70,40,33,-13.333333333333334,62,NEUTRAL,False,70,[],0,0,NEUTRAL,BEARISH,40,False,0,100,NONE,NONE,DOWN,0,True,75,55,45,80,False,True,NEUTRAL,70,False,0.0,NONE,True,BEARISH,True,True,90,True,70,50.607287449396644,20.216049382717454,70.0,46,FAIR,False,75,78,0.008776663432002873,8,40.0,True,RANDOM,70,50.28145419866795,0.4060825880476177,True,MOMENTUM_SHIFT,False,True,True,35,False,70,NONE,80,CHOPPY,LOW,NONE,80,-0.0378,CHOPPY,20,50,30,WEAK,NONE,60,45,70,LOW,58,55,45,-1.01,False,65,0.9224318658280923,87.75681341719077,RANGING,90,False,NONE,1.136232,1.136387,1.136333,FAR,30,50,85,50,NONE,NONE,NONE,False,[],0,0,BREAKOUT_EMERGING,BREAKOUT_EMERGING,52,70,True,28,"Volatility expansion after compression. Potential breakout opportunity. (breakout prob: 30%, reversal prob: 50%)",1.194,0.5,False,True,False,False,0.3,0.3,True,False,False,18,False
2026-06-25 12:49:00,1.13627,1.136355,1.13626,1.13631,92.0,EURUSD,1.136412,1.136508,1.136593,1.136469,1.136138,1.135498,1.137141,1.13626,0.00088,0.000954,0.0,19.77,-5.8e-05,1.2e-05,-6.9e-05,8.68,10.55,0.00016,13.0,-1.01,0.000159,0.000182,18.99,14.84,24.39,24.35,-0.0378,373,312.5,1.194,False,FALLING,-5.2e-05,-3.5e-05,1.4e-05,1.13628,1.137095,1.136333,1.136387,1.136488,1.136232,1.136178,22,5.09,1.136287,1.136362,38.83,-6.9e-05,-6.7e-05,29.02,21.33,8e-05,1.136145,1.13657,1.136537,1.136201,92,1.103,1.13631,1.136355,1.13626,1.13627,0.005279155124011419,1.5816733067739142,90,NORMAL,BEARISH,70,70,40,33,-13.333333333333334,62,NEUTRAL,False,70,[],0,0,NEUTRAL,BEARISH,40,False,0,100,NONE,NONE,DOWN,0,True,75,55,45,80,False,True,NEUTRAL,70,False,0.0,NONE,True,BEARISH,True,True,90,True,70,50.607287449396644,20.216049382717454,70.0,46,FAIR,False,75,78,0.008776663432002873,8,40.0,True,RANDOM,70,50.28145419866795,0.4060825880476177,True,MOMENTUM_SHIFT,False,True,True,35,False,70,NONE,80,CHOPPY,LOW,NONE,80,-0.0378,CHOPPY,20,50,30,WEAK,NONE,60,45,70,LOW,58,55,45,-1.01,False,65,0.9224318658280923,87.75681341719077,RANGING,90,False,NONE,1.136232,1.136387,1.136333,FAR,30,50,85,50,NONE,NONE,NONE,False,[],0,0,SIDEWAY_RANGE,SIDEWAY_RANGE,52,60,True,28,Price ranging between clear levels. Suitable for mean-reversion strategies.,1.194,0.5,False,True,False,False,0.3,0.3,True,False,False,18,False
2026-06-25 12:50:00,1.136315,1.136315,1.13627,1.13628,50.0,EURUSD,1.136368,1.136467,1.136563,1.136462,1.13614,1.135502,1.13713,1.136205,0.000926,0.000955,0.0,20.83,-7.4e-05,-5e-06,-6.8e-05,11.03,10.51,0.000164,15.0,-0.97,0.00016,0.000177,20.08,13.6,27.73,34.21,-0.0444,409,315.0,1.298,False,FALLING,-5.5e-05,-3.7e-05,1.2e-05,1.136145,1.137095,1.13626,1.136375,1.13647,1.136165,1.13605,23,5.79,1.136284,1.136354,36.7,-6.8e-05,-6.7e-05,33.33,28.15,8e-05,1.136145,1.13657,1.136531,1.136192,50,0.617,1.13628,1.136315,1.13627,1.136315,0.005191367899041502,1.6653061224501182,80,NORMAL,BEARISH,70,70,40,33,-17.24137931034483,64,NEUTRAL,False,70,['DOJI'],1,20,NEUTRAL,BEARISH,60,False,0,100,NONE,NONE,DOWN,0,True,75,70,30,80,False,True,CONTINUATION,70,True,60.0,BEARISH,True,BEARISH,True,True,90,True,70,54.54545454545622,22.66462480857262,70.0,49,FAIR,False,75,79,0.00828067812906892,9,50.0,True,RANDOM,70,46.78056354011813,3.7422982095036623,True,MOMENTUM_SHIFT,False,True,True,35,False,70,NONE,80,CHOPPY,LOW,NONE,80,-0.0444,CHOPPY,20,50,30,NORMAL,NONE,70,30,80,LOW,58,55,45,-0.97,False,65,0.9696335078534031,83.03664921465969,RANGING,90,False,NONE,1.136145,1.136375,1.13626,FAR,30,50,85,50,NONE,NONE,NONE,False,[],0,0,BREAKOUT_EMERGING,BREAKOUT_EMERGING,51,70,True,28,"Volatility expansion after compression. Potential breakout opportunity. (breakout prob: 30%, reversal prob: 50%)",1.298,0.5,False,True,False,False,0.3,0.3,True,False,False,18,False
2026-06-25 12:51:00,1.136275,1.136385,1.13627,1.13637,71.0,EURUSD,1.136368,1.136467,1.136563,1.136462,1.13614,1.135502,1.13713,1.136205,0.000926,0.000955,0.0,20.83,-7.4e-05,-5e-06,-6.8e-05,11.03,10.51,0.000164,15.0,-0.97,0.00016,0.000177,20.08,13.6,27.73,34.21,-0.0444,409,315.0,1.298,False,FALLING,-5.5e-05,-3.7e-05,1.2e-05,1.136145,1.137095,1.13626,1.136375,1.13647,1.136165,1.13605,23,5.79,1.136313,1.136356,41.53,-5.8e-05,-6.5e-05,41.18,34.51,8.4e-05,1.136145,1.13657,1.136531,1.136193,71,0.916,1.13637,1.136385,1.13627,1.136275,0.005191367899041502,1.6653061224501182,80,NORMAL,BEARISH,70,70,40,33,-17.24137931034483,64,NEUTRAL,False,70,['DOJI'],1,20,NEUTRAL,BEARISH,60,False,0,100,NONE,NONE,DOWN,0,True,75,70,30,80,False,True,CONTINUATION,70,True,60.0,BEARISH,True,BEARISH,True,True,90,True,70,54.54545454545622,22.66462480857262,70.0,49,FAIR,False,75,79,0.00828067812906892,9,50.0,True,RANDOM,70,46.78056354011813,3.7422982095036623,True,MOMENTUM_SHIFT,False,True,True,35,False,70,NONE,80,CHOPPY,LOW,NONE,80,-0.0444,CHOPPY,20,50,30,NORMAL,NONE,70,30,80,LOW,58,55,45,-0.97,False,65,0.9696335078534031,83.03664921465969,RANGING,90,False,NONE,1.136145,1.136375,1.13626,FAR,30,50,85,50,NONE,NONE,NONE,False,[],0,0,BREAKOUT_EMERGING,BREAKOUT_EMERGING,51,70,True,28,"Volatility expansion after compression. Potential breakout opportunity. (breakout prob: 30%, reversal prob: 50%)",1.298,0.5,False,True,False,False,0.3,0.3,True,False,False,18,False
2026-06-25 12:52:00,1.136375,1.136385,1.136335,1.13638,55.0,EURUSD,1.136368,1.136467,1.136563,1.136462,1.13614,1.135502,1.13713,1.136205,0.000926,0.000955,0.0,20.83,-7.4e-05,-5e-06,-6.8e-05,11.03,10.51,0.000164,15.0,-0.97,0.00016,0.000177,20.08,13.6,27.73,34.21,-0.0444,409,315.0,1.298,False,FALLING,-5.5e-05,-3.7e-05,1.2e-05,1.136145,1.137095,1.13626,1.136375,1.13647,1.136165,1.13605,23,5.79,1.136335,1.136358,40.0,-4.9e-05,-6.2e-05,46.67,40.39,8.5e-05,1.136145,1.13657,1.136533,1.136194,55,0.73,1.13638,1.136385,1.136335,1.136375,0.005191367899041502,1.6653061224501182,80,NORMAL,BEARISH,70,70,40,33,-17.24137931034483,64,NEUTRAL,False,70,['DOJI'],1,20,NEUTRAL,BEARISH,60,False,0,100,NONE,NONE,DOWN,0,True,75,70,30,80,False,True,CONTINUATION,70,True,60.0,BEARISH,True,BEARISH,True,True,90,True,70,54.54545454545622,22.66462480857262,70.0,49,FAIR,False,75,79,0.00828067812906892,9,50.0,True,RANDOM,70,46.78056354011813,3.7422982095036623,True,MOMENTUM_SHIFT,False,True,True,35,False,70,NONE,80,CHOPPY,LOW,NONE,80,-0.0444,CHOPPY,20,50,30,NORMAL,NONE,70,30,80,LOW,58,55,45,-0.97,False,65,0.9696335078534031,83.03664921465969,RANGING,90,False,NONE,1.136145,1.136375,1.13626,FAR,30,50,85,50,NONE,NONE,NONE,False,[],0,0,BREAKOUT_EMERGING,BREAKOUT_EMERGING,51,70,True,28,"Volatility expansion after compression. Potential breakout opportunity. (breakout prob: 30%, reversal prob: 50%)",1.298,0.5,False,True,False,False,0.3,0.3,True,False,False,18,False
2026-06-25 12:53:00,1.13638,1.13643,1.13634,1.136355,99.0,EURUSD,1.136368,1.136467,1.136563,1.136462,1.13614,1.135502,1.13713,1.136205,0.000926,0.000955,0.0,20.83,-7.4e-05,-5e-06,-6.8e-05,11.03,10.51,0.000164,15.0,-0.97,0.00016,0.000177,20.08,13.6,27.73,34.21,-0.0444,409,315.0,1.298,False,FALLING,-5.5e-05,-3.7e-05,1.2e-05,1.136145,1.137095,1.13626,1.136375,1.13647,1.136165,1.13605,23,5.79,1.136342,1.136358,40.0,-4.4e-05,-5.8e-05,56.97,48.27,8.4e-05,1.136145,1.13657,1.136521,1.136195,99,1.316,1.136355,1.13643,1.13634,1.13638,0.005191367899041502,1.6653061224501182,80,NORMAL,BEARISH,70,70,40,33,-17.24137931034483,64,NEUTRAL,False,70,['DOJI'],1,20,NEUTRAL,BEARISH,60,False,0,100,NONE,NONE,DOWN,0,True,75,70,30,80,False,True,CONTINUATION,70,True,60.0,BEARISH,True,BEARISH,True,True,90,True,70,54.54545454545622,22.66462480857262,70.0,49,FAIR,False,75,79,0.00828067812906892,9,50.0,True,RANDOM,70,46.78056354011813,3.7422982095036623,True,MOMENTUM_SHIFT,False,True,True,35,False,70,NONE,80,CHOPPY,LOW,NONE,80,-0.0444,CHOPPY,20,50,30,NORMAL,NONE,70,30,80,LOW,58,55,45,-0.97,False,65,0.9696335078534031,83.03664921465969,RANGING,90,False,NONE,1.136145,1.136375,1.13626,FAR,30,50,85,50,NONE,NONE,NONE,False,[],0,0,BREAKOUT_EMERGING,BREAKOUT_EMERGING,51,70,True,28,"Volatility expansion after compression. Potential breakout opportunity. (breakout prob: 30%, reversal prob: 50%)",1.298,0.5,False,True,False,False,0.3,0.3,True,False,False,18,False
2026-06-25 12:54:00,1.136355,1.13637,1.136285,1.1363,141.0,EURUSD,1.136368,1.136467,1.136563,1.136462,1.13614,1.135502,1.13713,1.136205,0.000926,0.000955,0.0,20.83,-7.4e-05,-5e-06,-6.8e-05,11.03,10.51,0.000164,15.0,-0.97,0.00016,0.000177,20.08,13.6,27.73,34.21,-0.0444,409,315.0,1.298,False,FALLING,-5.5e-05,-3.7e-05,1.2e-05,1.136145,1.137095,1.13626,1.136375,1.13647,1.136165,1.13605,23,5.79,1.136329,1.136353,39.66,-4.3e-05,-5.5e-05,57.64,53.93,8.4e-05,1.136145,1.13657,1.136506,1.136193,141,1.828,1.1363,1.13637,1.136285,1.136355,0.005191367899041502,1.6653061224501182,80,NORMAL,BEARISH,70,70,40,33,-17.24137931034483,64,NEUTRAL,False,70,['DOJI'],1,20,NEUTRAL,BEARISH,60,False,0,100,NONE,NONE,DOWN,0,True,75,70,30,80,False,True,CONTINUATION,70,True,60.0,BEARISH,True,BEARISH,True,True,90,True,70,54.54545454545622,22.66462480857262,70.0,49,FAIR,False,75,79,0.00828067812906892,9,50.0,True,RANDOM,70,46.78056354011813,3.7422982095036623,True,MOMENTUM_SHIFT,False,True,True,35,False,70,NONE,80,CHOPPY,LOW,NONE,80,-0.0444,CHOPPY,20,50,30,NORMAL,NONE,70,30,80,LOW,58,55,45,-0.97,False,65,0.9696335078534031,83.03664921465969,RANGING,90,False,NONE,1.136145,1.136375,1.13626,FAR,30,50,85,50,NONE,NONE,NONE,False,[],0,0,BREAKOUT_EMERGING,BREAKOUT_EMERGING,51,70,True,28,"Volatility expansion after compression. Potential breakout opportunity. (breakout prob: 30%, reversal prob: 50%)",1.298,0.5,False,True,False,False,0.3,0.3,True,False,False,18,False
2026-06-25 12:55:00,1.1363,1.136335,1.136225,1.136265,69.0,EURUSD,1.136334,1.13643,1.136535,1.136454,1.136149,1.13556,1.137095,1.136165,0.00093,0.000956,0.0,22.58,-8.7e-05,-2.2e-05,-6.5e-05,12.57,10.76,0.000166,16.5,-0.94,0.000161,0.000173,20.4,15.46,25.49,24.5,-0.0405,438,319.8,1.37,False,FALLING,-4.9e-05,-3.8e-05,1e-05,1.136145,1.137095,1.136307,1.136388,1.136512,1.136183,1.136102,24,5.72,1.136308,1.136344,46.46,-4.5e-05,-5.3e-05,53.24,56.12,8.2e-05,1.136145,1.13657,1.136498,1.136185,69,0.887,1.136265,1.136335,1.136225,1.1363,0.004619648906680142,1.8441558441570725,90,NORMAL,BEARISH,70,70,39,36,-17.24137931034483,62,NEUTRAL,False,70,['DOJI'],1,20,NEUTRAL,BEARISH,60,False,0,100,NONE,NONE,DOWN,0,True,75,70,30,80,False,True,CONTINUATION,70,True,85.0,BEARISH,True,BEARISH,True,True,90,True,70,65.9388646287969,23.135464231349303,75.0,54,FAIR,False,75,82,0.010569399128069961,10,70.0,True,RANDOM,70,47.49001397721656,3.0159438728796615,True,MOMENTUM_SHIFT,False,True,True,35,False,70,NONE,60,CHOPPY,LOW,NONE,60,-0.0405,CHOPPY,20,50,30,NORMAL,NONE,70,30,80,LOW,58,55,45,-0.94,False,65,0.9728033472803348,82.71966527196653,RANGING,90,False,NONE,1.136145,1.136388,1.136307,FAR,30,50,85,50,NONE,NONE,NONE,False,[],0,0,ACCUMULATION,ACCUMULATION,50,65,True,29,"Smart money accumulation. Bullish bias, look for breakout.",1.37,0.5,False,True,False,False,0.3,0.3,True,False,False,18,False
2026-06-25 12:56:00,1.13626,1.13626,1.136115,1.13612,92.0,EURUSD,1.136334,1.13643,1.136535,1.136454,1.136149,1.13556,1.137095,1.136165,0.00093,0.000956,0.0,22.58,-8.7e-05,-2.2e-05,-6.5e-05,12.57,10.76,0.000166,16.5,-0.94,0.000161,0.000173,20.4,15.46,25.49,24.5,-0.0405,438,319.8,1.37,False,FALLING,-4.9e-05,-3.8e-05,1e-05,1.136145,1.137095,1.136307,1.136388,1.136512,1.136183,1.136102,24,5.72,1.136245,1.136323,32.23,-5.8e-05,-5.4e-05,32.38,47.75,8.8e-05,1.136115,1.13657,1.136506,1.136147,92,1.156,1.13612,1.13626,1.136115,1.13626,0.004619648906680142,1.8441558441570725,90,NORMAL,BEARISH,70,70,39,36,-17.24137931034483,62,NEUTRAL,False,70,['DOJI'],1,20,NEUTRAL,BEARISH,60,False,0,100,NONE,NONE,DOWN,0,True,75,70,30,80,False,True,CONTINUATION,70,True,85.0,BEARISH,True,BEARISH,True,True,90,True,70,65.9388646287969,23.135464231349303,75.0,54,FAIR,False,75,82,0.010569399128069961,10,70.0,True,RANDOM,70,47.49001397721656,3.0159438728796615,True,MOMENTUM_SHIFT,False,True,True,35,False,70,NONE,60,CHOPPY,LOW,NONE,60,-0.0405,CHOPPY,20,50,30,NORMAL,NONE,70,30,80,LOW,58,55,45,-0.94,False,65,0.9728033472803348,82.71966527196653,RANGING,90,False,NONE,1.136145,1.136388,1.136307,FAR,30,50,85,50,NONE,NONE,NONE,False,[],0,0,ACCUMULATION,ACCUMULATION,50,65,True,29,"Smart money accumulation. Bullish bias, look for breakout.",1.37,0.5,False,True,False,False,0.3,0.3,True,False,False,18,False
2026-06-25 18:01:00,1.134585,1.134595,1.134415,1.13443,103.0,EURUSD,1.13476,1.135081,1.135509,1.135908,1.136023,1.135994,1.13741,1.134152,0.003259,0.001438,8.73,13.21,-0.000461,-0.000306,-0.000155,6.91,4.07,0.000305,70.35,0.53,0.000312,0.000332,29.88,12.1,40.65,54.11,-0.0955,593,551.6,1.075,False,RISING,-0.000137,-0.000134,-3e-06,1.13429,1.137405,1.134485,1.13468,1.13478,1.134385,1.13419,50,10.21,1.134489,1.134669,41.03,-0.000198,-0.000213,35.42,32.19,0.000144,1.13429,1.135145,1.135031,1.134262,103,0.954,1.13443,1.134595,1.134415,1.134585,,,,,,,,51,20,-26.666666666666668,44,NEUTRAL,False,70,['HAMMER'],1,20,BULLISH,BULLISH,60,False,0,100,DOWN,NONE,DOWN,0,True,75,70,30,80,False,True,CONTINUATION,70,True,60.0,BEARISH,False,NONE,False,False,0,False,60,52.21476510068308,31.733746130037428,70.0,51,FAIR,False,75,81,0.07477001729307178,6,60.0,True,RANDOM,70,54.77148286007262,1.2276080166391719,True,MOMENTUM_SHIFT,False,True,True,35,False,70,DOWN,100,CHOPPY,HIGH,DOWN,100,-0.0955,CHOPPY,85,30,85,NORMAL,NONE,75,45,85,HIGH,73,55,45,0.53,False,80,2.2663421418636998,0.0,RANGING,90,False,NONE,1.13429,1.13468,1.134485,FAR,30,50,85,50,NONE,NONE,NONE,False,[],0,0,TRENDING_STRONG,TRENDING_STRONG,50,75,True,31,Strong directional trend with high momentum. Favorable for trend-following strategies.,1.075,0.5,False,True,False,False,0.3,0.3,True,False,False,22,False,BEARISH,BEARISH,1.13443,1.134595,1.134415,1.134585,LONDON,63013,HIGH,LONDON,63013,HIGH,HAMMER,BULLISH,WEAK,LOW,BEARISH,NORMAL,True,NO,True,REJECTION,25,False,False,True,70,[],0,NO,TRENDING_STRONG,Strong directional trend with high momentum. Favorable for trend-following strategies.,HIGH,NO,0.027,True,Passed basic checks,0,50,50,MEDIUM,5,WAIT,รอการวิเคราะห์จาก AI
2026-06-25 18:02:00,1.13443,1.134505,1.13443,1.134485,57.0,EURUSD,1.13476,1.135081,1.135509,1.135908,1.136023,1.135994,1.13741,1.134152,0.003259,0.001438,8.73,13.21,-0.000461,-0.000306,-0.000155,6.91,4.07,0.000305,70.35,0.53,0.000312,0.000332,29.88,12.1,40.65,54.11,-0.0955,593,551.6,1.075,False,RISING,-0.000137,-0.000134,-3e-06,1.13429,1.137405,1.134485,1.13468,1.13478,1.134385,1.13419,50,10.21,1.134488,1.134652,41.77,-0.000189,-0.000209,39.68,36.8,0.000143,1.13429,1.135085,1.134946,1.134286,57,0.548,1.134485,1.134505,1.13443,1.13443,,,,,,,,51,20,-26.666666666666668,44,NEUTRAL,False,70,['HAMMER'],1,20,BULLISH,BULLISH,60,False,0,100,DOWN,NONE,DOWN,0,True,75,70,30,80,False,True,CONTINUATION,70,True,60.0,BEARISH,False,NONE,False,False,0,False,60,52.21476510068308,31.733746130037428,70.0,51,FAIR,False,75,81,0.07477001729307178,6,60.0,True,RANDOM,70,54.77148286007262,1.2276080166391719,True,MOMENTUM_SHIFT,False,True,True,35,False,70,DOWN,100,CHOPPY,HIGH,DOWN,100,-0.0955,CHOPPY,85,30,85,NORMAL,NONE,75,45,85,HIGH,73,55,45,0.53,False,80,2.2663421418636998,0.0,RANGING,90,False,NONE,1.13429,1.13468,1.134485,FAR,30,50,85,50,NONE,NONE,NONE,False,[],0,0,TRENDING_STRONG,TRENDING_STRONG,50,75,True,31,Strong directional trend with high momentum. Favorable for trend-following strategies.,1.075,0.5,False,True,False,False,0.3,0.3,True,False,False,22,False,BEARISH,BEARISH,1.134485,1.134505,1.13443,1.13443,LONDON,62685,HIGH,LONDON,62685,HIGH,HAMMER,BULLISH,WEAK,LOW,BEARISH,NORMAL,True,NO,True,REJECTION,25,False,False,True,70,[],0,NO,TRENDING_STRONG,Strong directional trend with high momentum. Favorable for trend-following strategies.,HIGH,NO,0.027,True,Passed basic checks,0,50,50,MEDIUM,5,WAIT,รอการวิเคราะห์จาก AI
2026-06-25 18:03:00,1.13449,1.134555,1.13443,1.13443,91.0,EURUSD,1.13476,1.135081,1.135509,1.135908,1.136023,1.135994,1.13741,1.134152,0.003259,0.001438,8.73,13.21,-0.000461,-0.000306,-0.000155,6.91,4.07,0.000305,70.35,0.53,0.000312,0.000332,29.88,12.1,40.65,54.11,-0.0955,593,551.6,1.075,False,RISING,-0.000137,-0.000134,-3e-06,1.13429,1.137405,1.134485,1.13468,1.13478,1.134385,1.13419,50,10.21,1.134469,1.134631,43.23,-0.000184,-0.000204,30.16,35.09,0.000141,1.13429,1.134995,1.134906,1.13428,91,0.892,1.13443,1.134555,1.13443,1.13449,,,,,,,,51,20,-26.666666666666668,44,NEUTRAL,False,70,['HAMMER'],1,20,BULLISH,BULLISH,60,False,0,100,DOWN,NONE,DOWN,0,True,75,70,30,80,False,True,CONTINUATION,70,True,60.0,BEARISH,False,NONE,False,False,0,False,60,52.21476510068308,31.733746130037428,70.0,51,FAIR,False,75,81,0.07477001729307178,6,60.0,True,RANDOM,70,54.77148286007262,1.2276080166391719,True,MOMENTUM_SHIFT,False,True,True,35,False,70,DOWN,100,CHOPPY,HIGH,DOWN,100,-0.0955,CHOPPY,85,30,85,NORMAL,NONE,75,45,85,HIGH,73,55,45,0.53,False,80,2.2663421418636998,0.0,RANGING,90,False,NONE,1.13429,1.13468,1.134485,FAR,30,50,85,50,NONE,NONE,NONE,False,[],0,0,TRENDING_STRONG,TRENDING_STRONG,50,75,True,31,Strong directional trend with high momentum. Favorable for trend-following strategies.,1.075,0.5,False,True,False,False,0.3,0.3,True,False,False,22,False,BEARISH,BEARISH,1.13443,1.134555,1.13443,1.13449,LONDON,63044,HIGH,LONDON,63044,HIGH,HAMMER,BULLISH,WEAK,LOW,BEARISH,NORMAL,True,NO,True,REJECTION,25,False,False,True,70,[],0,NO,TRENDING_STRONG,Strong directional trend with high momentum. Favorable for trend-following strategies.,HIGH,NO,0.027,True,Passed basic checks,0,50,50,MEDIUM,5,WAIT,รอการวิเคราะห์จาก AI
2026-06-25 18:04:00,1.134435,1.13444,1.134235,1.13427,196.0,EURUSD,1.13476,1.135081,1.135509,1.135908,1.136023,1.135994,1.13741,1.134152,0.003259,0.001438,8.73,13.21,-0.000461,-0.000306,-0.000155,6.91,4.07,0.000305,70.35,0.53,0.000312,0.000332,29.88,12.1,40.65,54.11,-0.0955,593,551.6,1.075,False,RISING,-0.000137,-0.000134,-3e-06,1.13429,1.137405,1.134485,1.13468,1.13478,1.134385,1.13419,50,10.21,1.134402,1.134596,32.5,-0.000191,-0.000201,23.28,31.04,0.000146,1.134235,1.134995,1.134844,1.134271,196,1.821,1.13427,1.13444,1.134235,1.134435,,,,,,,,51,20,-26.666666666666668,44,NEUTRAL,False,70,['HAMMER'],1,20,BULLISH,BULLISH,60,False,0,100,DOWN,NONE,DOWN,0,True,75,70,30,80,False,True,CONTINUATION,70,True,60.0,BEARISH,False,NONE,False,False,0,False,60,52.21476510068308,31.733746130037428,70.0,51,FAIR,False,75,81,0.07477001729307178,6,60.0,True,RANDOM,70,54.77148286007262,1.2276080166391719,True,MOMENTUM_SHIFT,False,True,True,35,False,70,DOWN,100,CHOPPY,HIGH,DOWN,100,-0.0955,CHOPPY,85,30,85,NORMAL,NONE,75,45,85,HIGH,73,55,45,0.53,False,80,2.2663421418636998,0.0,RANGING,90,False,NONE,1.13429,1.13468,1.134485,FAR,30,50,85,50,NONE,NONE,NONE,False,[],0,0,TRENDING_STRONG,TRENDING_STRONG,50,75,True,31,Strong directional trend with high momentum. Favorable for trend-following strategies.,1.075,0.5,False,True,False,False,0.3,0.3,True,False,False,22,False,BEARISH,BEARISH,1.13427,1.13444,1.134235,1.134435,LONDON,63456,HIGH,LONDON,63456,HIGH,HAMMER,BULLISH,WEAK,LOW,BEARISH,NORMAL,True,NO,True,REJECTION,25,False,False,True,70,[],0,NO,TRENDING_STRONG,Strong directional trend with high momentum. Favorable for trend-following strategies.,HIGH,NO,0.027,True,Passed basic checks,0,50,50,MEDIUM,5,WAIT,รอการวิเคราะห์จาก AI
2026-06-25 18:05:00,1.134265,1.134425,1.134175,1.134345,147.0,EURUSD,1.134622,1.134948,1.135398,1.135847,1.135989,1.135977,1.137365,1.133969,0.003396,0.001462,7.52,7.96,-0.000495,-0.000344,-0.000151,7.48,5.81,0.000316,71.86,0.63,0.000311,0.000333,31.77,11.0,39.44,56.38,-0.0947,594,556.45,1.067,False,RISING,-0.000142,-0.000142,-8e-06,1.134175,1.137405,1.134372,1.134568,1.134792,1.134148,1.133952,50,10.22,1.134383,1.134572,31.93,-0.000189,-0.000199,20.11,24.52,0.000155,1.134175,1.134885,1.134783,1.134276,147,1.317,1.134345,1.134425,1.134175,1.134265,,,,,,,,51,20,-33.33333333333333,48,NEUTRAL,False,70,['BEARISH_ENGULFING'],1,20,BEARISH,BEARISH,60,False,0,100,DOWN,NONE,DOWN,0,True,75,70,30,80,False,True,CONTINUATION,70,True,85.0,BEARISH,False,NONE,False,False,0,False,60,59.27367055773078,39.62406015038344,75.0,57,GOOD,False,75,82,0.058334285219489586,6,70.0,True,RANDOM,70,47.41963370808499,4.5380634653800564,True,MOMENTUM_SHIFT,False,True,True,35,False,70,DOWN,100,CHOPPY,HIGH,DOWN,100,-0.0947,CHOPPY,85,30,85,NORMAL,NONE,75,45,85,HIGH,73,55,45,0.63,False,80,2.322845417236662,0.0,RANGING,90,False,NONE,1.134148,1.134568,1.134372,FAR,30,50,85,50,NONE,NONE,NONE,False,[],0,0,TRENDING_STRONG,TRENDING_STRONG,50,75,True,31,Strong directional trend with high momentum. Favorable for trend-following strategies.,1.067,0.5,False,True,False,False,0.3,0.3,True,False,False,22,False,BEARISH,BEARISH,1.134345,1.134425,1.134175,1.134265,LONDON,62864,HIGH,LONDON,62864,HIGH,BEARISH_ENGULFING,BEARISH,WEAK,LOW,BEARISH,CLEAN,False,NO,False,NONE,0,False,False,False,60,[],0,NO,TRENDING_STRONG,Strong directional trend with high momentum. Favorable for trend-following strategies.,HIGH,NO,0.028,True,Passed basic checks,0,50,50,MEDIUM,5,WAIT,รอการวิเคราะห์จาก AI
2026-06-25 18:06:00,1.13434,1.13437,1.13429,1.134305,99.0,EURUSD,1.134622,1.134948,1.135398,1.135847,1.135989,1.135977,1.137365,1.133969,0.003396,0.001462,7.52,7.96,-0.000495,-0.000344,-0.000151,7.48,5.81,0.000316,71.86,0.63,0.000311,0.000333,31.77,11.0,39.44,56.38,-0.0947,594,556.45,1.067,False,RISING,-0.000142,-0.000142,-8e-06,1.134175,1.137405,1.134372,1.134568,1.134792,1.134148,1.133952,50,10.22,1.134357,1.134547,36.36,-0.000188,-0.000197,21.07,21.49,0.000146,1.134175,1.134815,1.13477,1.13425,99,0.897,1.134305,1.13437,1.13429,1.13434,,,,,,,,51,20,-33.33333333333333,48,NEUTRAL,False,70,['BEARISH_ENGULFING'],1,20,BEARISH,BEARISH,60,False,0,100,DOWN,NONE,DOWN,0,True,75,70,30,80,False,True,CONTINUATION,70,True,85.0,BEARISH,False,NONE,False,False,0,False,60,59.27367055773078,39.62406015038344,75.0,57,GOOD,False,75,82,0.058334285219489586,6,70.0,True,RANDOM,70,47.41963370808499,4.5380634653800564,True,MOMENTUM_SHIFT,False,True,True,35,False,70,DOWN,100,CHOPPY,HIGH,DOWN,100,-0.0947,CHOPPY,85,30,85,NORMAL,NONE,75,45,85,HIGH,73,55,45,0.63,False,80,2.322845417236662,0.0,RANGING,90,False,NONE,1.134148,1.134568,1.134372,FAR,30,50,85,50,NONE,NONE,NONE,False,[],0,0,TRENDING_STRONG,TRENDING_STRONG,50,75,True,31,Strong directional trend with high momentum. Favorable for trend-following strategies.,1.067,0.5,False,True,False,False,0.3,0.3,True,False,False,22,False,BEARISH,BEARISH,1.134305,1.13437,1.13429,1.13434,LONDON,63158,HIGH,LONDON,63158,HIGH,BEARISH_ENGULFING,BEARISH,WEAK,LOW,BEARISH,CLEAN,False,NO,False,NONE,0,False,False,False,60,[],0,NO,TRENDING_STRONG,Strong directional trend with high momentum. Favorable for trend-following strategies.,HIGH,NO,0.028,True,Passed basic checks,0,50,50,MEDIUM,5,WAIT,รอการวิเคราะห์จาก AI
2026-06-25 18:07:00,1.134305,1.13438,1.134275,1.134355,121.0,EURUSD,1.134622,1.134948,1.135398,1.135847,1.135989,1.135977,1.137365,1.133969,0.003396,0.001462,7.52,7.96,-0.000495,-0.000344,-0.000151,7.48,5.81,0.000316,71.86,0.63,0.000311,0.000333,31.77,11.0,39.44,56.38,-0.0947,594,556.45,1.067,False,RISING,-0.000142,-0.000142,-8e-06,1.134175,1.137405,1.134372,1.134568,1.134792,1.134148,1.133952,50,10.22,1.134356,1.134529,43.43,-0.000181,-0.000193,33.35,24.85,0.000142,1.134175,1.134815,1.134757,1.134235,121,1.127,1.134355,1.13438,1.134275,1.134305,,,,,,,,51,20,-33.33333333333333,48,NEUTRAL,False,70,['BEARISH_ENGULFING'],1,20,BEARISH,BEARISH,60,False,0,100,DOWN,NONE,DOWN,0,True,75,70,30,80,False,True,CONTINUATION,70,True,85.0,BEARISH,False,NONE,False,False,0,False,60,59.27367055773078,39.62406015038344,75.0,57,GOOD,False,75,82,0.058334285219489586,6,70.0,True,RANDOM,70,47.41963370808499,4.5380634653800564,True,MOMENTUM_SHIFT,False,True,True,35,False,70,DOWN,100,CHOPPY,HIGH,DOWN,100,-0.0947,CHOPPY,85,30,85,NORMAL,NONE,75,45,85,HIGH,73,55,45,0.63,False,80,2.322845417236662,0.0,RANGING,90,False,NONE,1.134148,1.134568,1.134372,FAR,30,50,85,50,NONE,NONE,NONE,False,[],0,0,TRENDING_STRONG,TRENDING_STRONG,50,75,True,31,Strong directional trend with high momentum. Favorable for trend-following strategies.,1.067,0.5,False,True,False,False,0.3,0.3,True,False,False,22,False,BEARISH,BEARISH,1.134355,1.13438,1.134275,1.134305,LONDON,62660,HIGH,LONDON,62660,HIGH,BEARISH_ENGULFING,BEARISH,WEAK,LOW,BEARISH,CLEAN,False,NO,False,NONE,0,False,False,False,60,[],0,NO,TRENDING_STRONG,Strong directional trend with high momentum. Favorable for trend-following strategies.,HIGH,NO,0.028,True,Passed basic checks,0,50,50,MEDIUM,5,WAIT,รอการวิเคราะห์จาก AI
2026-06-25 18:08:00,1.134355,1.134385,1.13434,1.134375,42.0,EURUSD,1.134622,1.134948,1.135398,1.135847,1.135989,1.135977,1.137365,1.133969,0.003396,0.001462,7.52,7.96,-0.000495,-0.000344,-0.000151,7.48,5.81,0.000316,71.86,0.63,0.000311,0.000333,31.77,11.0,39.44,56.38,-0.0947,594,556.45,1.067,False,RISING,-0.000142,-0.000142,-8e-06,1.134175,1.137405,1.134372,1.134568,1.134792,1.134148,1.133952,50,10.22,1.134363,1.134514,44.78,-0.000172,-0.000189,40.01,31.48,0.00014,1.134175,1.134815,1.134732,1.134229,42,0.409,1.134375,1.134385,1.13434,1.134355,,,,,,,,51,20,-33.33333333333333,48,NEUTRAL,False,70,['BEARISH_ENGULFING'],1,20,BEARISH,BEARISH,60,False,0,100,DOWN,NONE,DOWN,0,True,75,70,30,80,False,True,CONTINUATION,70,True,85.0,BEARISH,False,NONE,False,False,0,False,60,59.27367055773078,39.62406015038344,75.0,57,GOOD,False,75,82,0.058334285219489586,6,70.0,True,RANDOM,70,47.41963370808499,4.5380634653800564,True,MOMENTUM_SHIFT,False,True,True,35,False,70,DOWN,100,CHOPPY,HIGH,DOWN,100,-0.0947,CHOPPY,85,30,85,NORMAL,NONE,75,45,85,HIGH,73,55,45,0.63,False,80,2.322845417236662,0.0,RANGING,90,False,NONE,1.134148,1.134568,1.134372,FAR,30,50,85,50,NONE,NONE,NONE,False,[],0,0,TRENDING_STRONG,TRENDING_STRONG,50,75,True,31,Strong directional trend with high momentum. Favorable for trend-following strategies.,1.067,0.5,False,True,False,False,0.3,0.3,True,False,False,22,False,BEARISH,BEARISH,1.134375,1.134385,1.13434,1.134355,LONDON,63054,HIGH,LONDON,63054,HIGH,BEARISH_ENGULFING,BEARISH,WEAK,LOW,BEARISH,CLEAN,False,NO,False,NONE,0,False,False,False,60,[],0,NO,TRENDING_STRONG,Strong directional trend with high momentum. Favorable for trend-following strategies.,HIGH,NO,0.028,True,Passed basic checks,0,50,50,MEDIUM,5,WAIT,รอการวิเคราะห์จาก AI
2026-06-25 18:09:00,1.134375,1.1345,1.134375,1.13447,48.0,EURUSD,1.134622,1.134948,1.135398,1.135847,1.135989,1.135977,1.137365,1.133969,0.003396,0.001462,7.52,7.96,-0.000495,-0.000344,-0.000151,7.48,5.81,0.000316,71.86,0.63,0.000311,0.000333,31.77,11.0,39.44,56.38,-0.0947,594,556.45,1.067,False,RISING,-0.000142,-0.000142,-8e-06,1.134175,1.137405,1.134372,1.134568,1.134792,1.134148,1.133952,50,10.22,1.134398,1.13451,49.55,-0.000155,-0.000182,53.57,42.31,0.000143,1.134175,1.134815,1.134722,1.134228,48,0.471,1.13447,1.1345,1.134375,1.134375,,,,,,,,51,20,-33.33333333333333,48,NEUTRAL,False,70,['BEARISH_ENGULFING'],1,20,BEARISH,BEARISH,60,False,0,100,DOWN,NONE,DOWN,0,True,75,70,30,80,False,True,CONTINUATION,70,True,85.0,BEARISH,False,NONE,False,False,0,False,60,59.27367055773078,39.62406015038344,75.0,57,GOOD,False,75,82,0.058334285219489586,6,70.0,True,RANDOM,70,47.41963370808499,4.5380634653800564,True,MOMENTUM_SHIFT,False,True,True,35,False,70,DOWN,100,CHOPPY,HIGH,DOWN,100,-0.0947,CHOPPY,85,30,85,NORMAL,NONE,75,45,85,HIGH,73,55,45,0.63,False,80,2.322845417236662,0.0,RANGING,90,False,NONE,1.134148,1.134568,1.134372,FAR,30,50,85,50,NONE,NONE,NONE,False,[],0,0,TRENDING_STRONG,TRENDING_STRONG,50,75,True,31,Strong directional trend with high momentum. Favorable for trend-following strategies.,1.067,0.5,False,True,False,False,0.3,0.3,True,False,False,22,False,BEARISH,BEARISH,1.13447,1.1345,1.134375,1.134375,LONDON,63327,HIGH,LONDON,63327,HIGH,BEARISH_ENGULFING,BEARISH,WEAK,LOW,BEARISH,CLEAN,False,NO,False,NONE,0,False,False,False,60,[],0,NO,TRENDING_STRONG,Strong directional trend with high momentum. Favorable for trend-following strategies.,HIGH,NO,0.028,True,Passed basic checks,0,50,50,MEDIUM,5,WAIT,รอการวิเคราะห์จาก AI
2026-06-25 18:10:00,1.134475,1.134475,1.134325,1.13442,75.0,EURUSD,1.134555,1.134852,1.135305,1.135791,1.135957,1.13595,1.137205,1.133872,0.003333,0.001485,13.67,12.12,-0.000509,-0.000377,-0.000132,10.62,8.34,0.000304,69.35,0.52,0.00031,0.00033,33.53,10.45,37.47,56.38,-0.0973,385,541.0,0.712,False,FALLING,-0.000143,-0.000139,-1.3e-05,1.134175,1.137405,1.134398,1.134522,1.134623,1.134297,1.134173,50,10.62,1.134406,1.134501,47.81,-0.000144,-0.000175,58.73,50.77,0.000147,1.134175,1.134815,1.134687,1.134236,75,0.733,1.13442,1.134475,1.134325,1.134475,,,,,,,,51,16,-33.33333333333333,46,NEUTRAL,False,70,[],0,0,NEUTRAL,BULLISH,40,False,0,100,DOWN,NONE,DOWN,0,True,75,70,30,80,False,True,CONTINUATION,70,True,60.0,BEARISH,False,NONE,False,False,0,False,60,71.50837988828643,42.61771747805665,75.0,63,GOOD,True,75,84,0.1004840043378826,6,80.0,True,RANDOM,70,47.53258579303579,4.1913179597599814,True,MOMENTUM_SHIFT,False,True,True,35,False,70,DOWN,100,CHOPPY,HIGH,DOWN,100,-0.0973,CHOPPY,85,30,85,NORMAL,NONE,75,45,85,HIGH,73,55,45,0.52,False,80,2.2444444444444445,0.0,RANGING,90,False,NONE,1.134175,1.134522,1.134398,FAR,30,50,85,50,NONE,NONE,NONE,False,[],0,0,TRENDING_STRONG,TRENDING_STRONG,50,75,True,32,Strong directional trend with high momentum. Favorable for trend-following strategies.,0.712,0.5,False,True,False,False,0.3,0.3,True,False,False,22,False,BEARISH,BEARISH,1.13442,1.134475,1.134325,1.134475,LONDON,62710,HIGH,LONDON,62710,HIGH,NO,BULLISH,WEAK,LOW,BEARISH,CLEAN,False,NO,False,NONE,0,False,False,False,60,[],0,NO,TRENDING_STRONG,Strong directional trend with high momentum. Favorable for trend-following strategies.,HIGH,NO,0.027,True,Passed basic checks,0,50,50,MEDIUM,5,WAIT,รอการวิเคราะห์จาก AI
2026-06-25 18:44:00,1.13378,1.133855,1.133695,1.133845,149.0,EURUSD,1.133777,1.134104,1.13464,1.135379,1.135719,1.135813,1.136202,1.133262,0.00294,0.001607,7.77,7.63,-0.000643,-0.000539,-0.000104,2.81,3.34,0.000322,74.37,0.68,0.000308,0.000317,45.34,6.78,42.41,72.44,-0.0837,748,544.45,1.374,False,RISING,-0.000123,-0.000123,-4.8e-05,1.133375,1.13619,1.133522,1.133668,1.133807,1.133383,1.133237,20,8.74,1.13375,1.133775,53.71,-0.000116,-0.000164,85.24,73.04,0.000145,1.133375,1.13405,1.134068,1.133399,149,1.161,1.133845,1.133855,1.133695,1.13378,,,,,,,,52,20,-46.666666666666664,55,NEUTRAL,False,70,[],0,0,NEUTRAL,BEARISH,40,False,0,100,DOWN,NONE,DOWN,0,True,75,70,30,80,False,True,CONTINUATION,70,True,85.0,BEARISH,False,NONE,False,False,0,False,60,82.50000000000833,36.7430441898572,85.0,68,GOOD,True,75,87,0.1862577281619112,6,100.0,True,RANDOM,70,41.957937439450426,9.999212440059944,True,STRUCTURE_BREAK,False,False,True,70,True,70,DOWN,100,CHOPPY,HIGH,DOWN,100,-0.0837,CHOPPY,85,30,85,STRONG,NONE,80,55,90,HIGH,73,55,45,0.68,False,80,1.8294959551960175,0.0,RANGING,90,False,NONE,1.133375,1.133668,1.133522,FAR,30,50,85,50,NONE,NONE,NONE,False,[],0,0,ACCUMULATION,ACCUMULATION,50,65,True,37,"Smart money accumulation. Bullish bias, look for breakout.",1.374,0.5,False,True,False,False,0.3,0.3,True,False,False,22,False,BEARISH,BEARISH,1.133845,1.133855,1.133695,1.13378,LONDON,62916,HIGH,LONDON,62916,HIGH,NO,BEARISH,WEAK,LOW,BEARISH,CLEAN,False,NO,False,NONE,0,False,False,False,60,[],0,NO,ACCUMULATION,"Smart money accumulation. Bullish bias, look for breakout.",HIGH,NO,0.028,True,Passed basic checks,0,50,50,MEDIUM,5,WAIT,รอการวิเคราะห์จาก AI
2026-06-25 19:04:00,1.133945,1.13398,1.133795,1.13385,111.0,EURUSD,1.133681,1.133854,1.134313,1.135123,1.135558,1.135717,1.135674,1.132996,0.002678,0.001676,41.0,29.49,-0.0006,-0.000587,-1.3e-05,16.43,14.12,0.000335,79.9,0.82,0.000315,0.00031,48.06,9.02,34.17,58.23,-0.0573,882,584.35,1.509,False,RISING,-7.1e-05,-0.000109,-7e-05,1.13334,1.13562,1.133627,1.133913,1.134062,1.133478,1.133192,20,6.81,1.133794,1.133683,58.66,5e-06,-4.9e-05,86.32,79.72,0.000186,1.13334,1.13398,1.133913,1.13335,111,0.696,1.13385,1.13398,1.133795,1.133945,,,,,,,,51,23,-53.333333333333336,66,NEUTRAL,False,70,['BULLISH_ENGULFING'],1,20,BULLISH,BULLISH,60,False,0,100,DOWN,NONE,DOWN,0,True,75,55,45,80,False,True,NEUTRAL,70,False,0.0,NONE,True,BULLISH,False,True,50,False,70,51.79968701096662,27.521501172792252,75.0,51,FAIR,False,75,87,0.1400378016030517,6,100.0,True,RANDOM,70,47.06340500552369,4.096673785479404,False,NONE,False,False,False,100,True,70,DOWN,80,CHOPPY,EXTREME,DOWN,80,-0.0573,CHOPPY,65,30,65,STRONG,NONE,80,40,90,EXTREME,88,40,60,0.82,False,40,1.597852028639618,0.0,RANGING,90,False,NONE,1.13334,1.133913,1.133627,FAR,30,50,85,50,NONE,NONE,NONE,False,[],0,0,ACCUMULATION,ACCUMULATION,50,65,True,36,"Smart money accumulation. Bullish bias, look for breakout.",1.509,0.5,False,False,False,False,0.3,0.3,True,False,True,22,False,BEARISH,BEARISH,1.13385,1.13398,1.133795,1.133945,LONDON,63285,HIGH,LONDON,63285,HIGH,BULLISH_ENGULFING,BULLISH,WEAK,HIGH,BEARISH,NORMAL,True,NO,True,BEAR_TRAP,50,True,False,False,70,[],0,NO,ACCUMULATION,"Smart money accumulation. Bullish bias, look for breakout.",EXTREME,NO,0.03,True,Passed basic checks,0,50,50,MEDIUM,5,WAIT,รอการวิเคราะห์จาก AI
2026-06-25 19:05:00,1.133845,1.133865,1.133765,1.133855,132.0,EURUSD,1.133739,1.133855,1.13427,1.135074,1.135525,1.135699,1.135482,1.133021,0.002461,0.001692,55.5,35.36,-0.000563,-0.000582,1.9e-05,25.82,18.43,0.000331,77.39,0.77,0.00032,0.000307,47.67,12.74,31.65,42.59,-0.0176,727,600.9,1.21,False,RISING,-2.6e-05,-9.7e-05,-7.4e-05,1.13334,1.13562,1.133823,1.134012,1.134168,1.133667,1.133478,21,6.89,1.133814,1.133699,60.95,1.7e-05,-3.6e-05,85.16,83.47,0.000183,1.13334,1.13398,1.133931,1.133342,132,0.817,1.133855,1.133865,1.133765,1.133845,,,,,,,,51,26,-53.333333333333336,66,NEUTRAL,False,70,[],0,0,NEUTRAL,BULLISH,40,False,0,100,DOWN,NONE,DOWN,0,True,75,55,45,80,False,True,NEUTRAL,70,False,0.0,NONE,True,BULLISH,False,True,50,False,70,52.51572327043582,24.60136674259755,75.0,50,FAIR,False,75,87,0.12962679885783499,6,100.0,True,RANDOM,70,51.65864891433519,0.5485076484579412,False,NONE,False,False,False,100,True,70,DOWN,40,CHOPPY,EXTREME,DOWN,40,-0.0176,CHOPPY,55,30,50,STRONG,NONE,75,40,85,EXTREME,88,40,60,0.77,False,40,1.4544917257683216,0.0,RANGING,90,False,NONE,1.13334,1.134012,1.133823,FAR,30,50,85,50,NONE,NONE,NONE,False,[],0,0,ACCUMULATION,ACCUMULATION,50,65,True,35,"Smart money accumulation. Bullish bias, look for breakout.",1.21,0.5,False,False,False,False,0.3,0.3,True,False,False,22,False,BEARISH,BEARISH,1.133855,1.133865,1.133765,1.133845,LONDON,62751,HIGH,LONDON,62751,HIGH,NO,BULLISH,WEAK,HIGH,BEARISH,NORMAL,True,NO,True,BEAR_TRAP,50,True,False,False,70,[],0,NO,ACCUMULATION,"Smart money accumulation. Bullish bias, look for breakout.",EXTREME,NO,0.029,True,Passed basic checks,0,50,50,MEDIUM,5,WAIT,รอการวิเคราะห์จาก AI
2026-06-25 19:06:00,1.133855,1.13392,1.13379,1.133915,128.0,EURUSD,1.133739,1.133855,1.13427,1.135074,1.135525,1.135699,1.135482,1.133021,0.002461,0.001692,55.5,35.36,-0.000563,-0.000582,1.9e-05,25.82,18.43,0.000331,77.39,0.77,0.00032,0.000307,47.67,12.74,31.65,42.59,-0.0176,727,600.9,1.21,False,RISING,-2.6e-05,-9.7e-05,-7.4e-05,1.13334,1.13562,1.133823,1.134012,1.134168,1.133667,1.133478,21,6.89,1.133848,1.13372,56.5,3.1e-05,-2.3e-05,83.33,84.94,0.000165,1.13334,1.13398,1.13397,1.13333,128,0.781,1.133915,1.13392,1.13379,1.133855,,,,,,,,51,26,-53.333333333333336,66,NEUTRAL,False,70,[],0,0,NEUTRAL,BULLISH,40,False,0,100,DOWN,NONE,DOWN,0,True,75,55,45,80,False,True,NEUTRAL,70,False,0.0,NONE,True,BULLISH,False,True,50,False,70,52.51572327043582,24.60136674259755,75.0,50,FAIR,False,75,87,0.12962679885783499,6,100.0,True,RANDOM,70,51.65864891433519,0.5485076484579412,False,NONE,False,False,False,100,True,70,DOWN,40,CHOPPY,EXTREME,DOWN,40,-0.0176,CHOPPY,55,30,50,STRONG,NONE,75,40,85,EXTREME,88,40,60,0.77,False,40,1.4544917257683216,0.0,RANGING,90,False,NONE,1.13334,1.134012,1.133823,FAR,30,50,85,50,NONE,NONE,NONE,False,[],0,0,ACCUMULATION,ACCUMULATION,50,65,True,35,"Smart money accumulation. Bullish bias, look for breakout.",1.21,0.5,False,False,False,False,0.3,0.3,True,False,False,22,False,BEARISH,BEARISH,1.133915,1.13392,1.13379,1.133855,LONDON,63222,HIGH,LONDON,63222,HIGH,NO,BULLISH,WEAK,HIGH,BEARISH,NORMAL,True,NO,True,BEAR_TRAP,50,True,False,False,70,[],0,NO,ACCUMULATION,"Smart money accumulation. Bullish bias, look for breakout.",EXTREME,NO,0.029,True,Passed basic checks,0,50,50,MEDIUM,5,WAIT,รอการวิเคราะห์จาก AI
2026-06-25 19:09:00,1.13396,1.13406,1.133905,1.134055,148.0,EURUSD,1.133739,1.133855,1.13427,1.135074,1.135525,1.135699,1.135482,1.133021,0.002461,0.001692,55.5,35.36,-0.000563,-0.000582,1.9e-05,25.82,18.43,0.000331,77.39,0.77,0.00032,0.000307,47.67,12.74,31.65,42.59,-0.0176,727,600.9,1.21,False,RISING,-2.6e-05,-9.7e-05,-7.4e-05,1.13334,1.13562,1.133823,1.134012,1.134168,1.133667,1.133478,21,6.89,1.133942,1.133782,72.69,6.6e-05,1.4e-05,91.96,87.94,0.000145,1.13334,1.13406,1.134093,1.133314,148,0.877,1.134055,1.13406,1.133905,1.13396,,,,,,,,51,26,-53.333333333333336,66,NEUTRAL,False,70,[],0,0,NEUTRAL,BULLISH,40,False,0,100,DOWN,NONE,DOWN,0,True,75,55,45,80,False,True,NEUTRAL,70,False,0.0,NONE,True,BULLISH,False,True,50,False,70,52.51572327043582,24.60136674259755,75.0,50,FAIR,False,75,87,0.12962679885783499,6,100.0,True,RANDOM,70,51.65864891433519,0.5485076484579412,False,NONE,False,False,False,100,True,70,DOWN,40,CHOPPY,EXTREME,DOWN,40,-0.0176,CHOPPY,55,30,50,STRONG,NONE,75,40,85,EXTREME,88,40,60,0.77,False,40,1.4544917257683216,0.0,RANGING,90,False,NONE,1.13334,1.134012,1.133823,FAR,30,50,85,50,NONE,NONE,NONE,False,[],0,0,ACCUMULATION,ACCUMULATION,50,65,True,35,"Smart money accumulation. Bullish bias, look for breakout.",1.21,0.5,False,False,False,False,0.3,0.3,True,False,False,22,False,BEARISH,BEARISH,1.134055,1.13406,1.133905,1.13396,LONDON,63229,HIGH,LONDON,63229,HIGH,NO,BULLISH,WEAK,HIGH,BEARISH,NORMAL,True,NO,True,BEAR_TRAP,50,True,False,False,70,[],0,NO,ACCUMULATION,"Smart money accumulation. Bullish bias, look for breakout.",EXTREME,NO,0.029,True,Passed basic checks,0,50,50,MEDIUM,5,WAIT,รอการวิเคราะห์จาก AI
2026-06-25 19:10:00,1.13405,1.134285,1.134045,1.13416,205.0,EURUSD,1.133879,1.13391,1.134259,1.135038,1.135499,1.135694,1.135274,1.133098,0.002175,0.001705,75.32,41.03,-0.000503,-0.000567,6.3e-05,45.06,29.1,0.000346,81.41,0.92,0.000324,0.000306,45.91,17.75,28.4,23.09,0.0159,740,620.45,1.193,False,RISING,1.9e-05,-7.9e-05,-7.7e-05,1.13334,1.135545,1.134078,1.134367,1.134573,1.133872,1.133583,20,6.37,1.134015,1.133818,77.69,8.7e-05,2.9e-05,94.58,91.78,0.000154,1.13334,1.134285,1.134168,1.133295,205,1.181,1.13416,1.134285,1.134045,1.13405,,,,,,,,50,26,-46.666666666666664,68,NEUTRAL,False,70,[],0,0,NEUTRAL,BULLISH,40,False,0,100,DOWN,NONE,NONE,0,True,75,55,45,80,False,True,NEUTRAL,70,False,0.0,NONE,True,BULLISH,False,True,50,False,70,38.28238719068197,17.43589743589929,70.0,41,FAIR,False,75,87,0.1172641517871735,6,100.0,True,RANDOM,70,54.50520081029273,0.1313404721558184,True,MOMENTUM_SHIFT,False,True,False,65,True,70,DOWN,40,CHOPPY,EXTREME,DOWN,40,0.0159,CHOPPY,55,30,50,STRONG,BEARISH,70,50,80,EXTREME,88,40,60,0.92,False,40,1.2756598240469208,3.306017595307921,RANGING,90,False,NONE,1.13334,1.134367,1.134078,FAR,30,50,85,50,NONE,NONE,NONE,False,[],0,0,ACCUMULATION,ACCUMULATION,50,65,True,35,"Smart money accumulation. Bullish bias, look for breakout.",1.193,0.5,False,False,False,False,0.3,0.3,True,False,False,22,False,BEARISH,BEARISH,1.13416,1.134285,1.134045,1.13405,LONDON,62754,HIGH,LONDON,62754,HIGH,NO,BULLISH,WEAK,LOW,BEARISH,CHOPPY,True,NO,True,BEAR_TRAP,50,True,False,False,70,[],0,NO,ACCUMULATION,"Smart money accumulation. Bullish bias, look for breakout.",EXTREME,NO,0.031,True,Passed basic checks,0,50,50,MEDIUM,5,WAIT,รอการวิเคราะห์จาก AI
2026-06-25 19:11:00,1.13416,1.13417,1.13407,1.134105,160.0,EURUSD,1.133879,1.13391,1.134259,1.135038,1.135499,1.135694,1.135274,1.133098,0.002175,0.001705,75.32,41.03,-0.000503,-0.000567,6.3e-05,45.06,29.1,0.000346,81.41,0.92,0.000324,0.000306,45.91,17.75,28.4,23.09,0.0159,740,620.45,1.193,False,RISING,1.9e-05,-7.9e-05,-7.7e-05,1.13334,1.135545,1.134078,1.134367,1.134573,1.133872,1.133583,20,6.37,1.134045,1.133846,74.54,9.8e-05,4.2e-05,89.01,91.85,0.000155,1.13334,1.134285,1.134217,1.133301,160,0.907,1.134105,1.13417,1.13407,1.13416,,,,,,,,50,26,-46.666666666666664,68,NEUTRAL,False,70,[],0,0,NEUTRAL,BULLISH,40,False,0,100,DOWN,NONE,NONE,0,True,75,55,45,80,False,True,NEUTRAL,70,False,0.0,NONE,True,BULLISH,False,True,50,False,70,38.28238719068197,17.43589743589929,70.0,41,FAIR,False,75,87,0.1172641517871735,6,100.0,True,RANDOM,70,54.50520081029273,0.1313404721558184,True,MOMENTUM_SHIFT,False,True,False,65,True,70,DOWN,40,CHOPPY,EXTREME,DOWN,40,0.0159,CHOPPY,55,30,50,STRONG,BEARISH,70,50,80,EXTREME,88,40,60,0.92,False,40,1.2756598240469208,3.306017595307921,RANGING,90,False,NONE,1.13334,1.134367,1.134078,FAR,30,50,85,50,NONE,NONE,NONE,False,[],0,0,ACCUMULATION,ACCUMULATION,50,65,True,35,"Smart money accumulation. Bullish bias, look for breakout.",1.193,0.5,False,False,False,False,0.3,0.3,True,False,False,22,False,BEARISH,BEARISH,1.134105,1.13417,1.13407,1.13416,LONDON,63138,HIGH,LONDON,63138,HIGH,NO,BULLISH,WEAK,LOW,BEARISH,CHOPPY,True,NO,True,BEAR_TRAP,50,True,False,False,70,[],0,NO,ACCUMULATION,"Smart money accumulation. Bullish bias, look for breakout.",EXTREME,NO,0.031,True,Passed basic checks,0,50,50,MEDIUM,5,WAIT,รอการวิเคราะห์จาก AI
2026-06-25 19:12:00,1.134095,1.13412,1.134055,1.134115,141.0,EURUSD,1.133879,1.13391,1.134259,1.135038,1.135499,1.135694,1.135274,1.133098,0.002175,0.001705,75.32,41.03,-0.000503,-0.000567,6.3e-05,45.06,29.1,0.000346,81.41,0.92,0.000324,0.000306,45.91,17.75,28.4,23.09,0.0159,740,620.45,1.193,False,RISING,1.9e-05,-7.9e-05,-7.7e-05,1.13334,1.135545,1.134078,1.134367,1.134573,1.133872,1.133583,20,6.37,1.134068,1.133871,74.73,0.000106,5.5e-05,82.69,88.76,0.000151,1.13334,1.134285,1.134262,1.133292,141,0.85,1.134115,1.13412,1.134055,1.134095,,,,,,,,50,26,-46.666666666666664,68,NEUTRAL,False,70,[],0,0,NEUTRAL,BULLISH,40,False,0,100,DOWN,NONE,NONE,0,True,75,55,45,80,False,True,NEUTRAL,70,False,0.0,NONE,True,BULLISH,False,True,50,False,70,38.28238719068197,17.43589743589929,70.0,41,FAIR,False,75,87,0.1172641517871735,6,100.0,True,RANDOM,70,54.50520081029273,0.1313404721558184,True,MOMENTUM_SHIFT,False,True,False,65,True,70,DOWN,40,CHOPPY,EXTREME,DOWN,40,0.0159,CHOPPY,55,30,50,STRONG,BEARISH,70,50,80,EXTREME,88,40,60,0.92,False,40,1.2756598240469208,3.306017595307921,RANGING,90,False,NONE,1.13334,1.134367,1.134078,FAR,30,50,85,50,NONE,NONE,NONE,False,[],0,0,ACCUMULATION,ACCUMULATION,50,65,True,35,"Smart money accumulation. Bullish bias, look for breakout.",1.193,0.5,False,False,False,False,0.3,0.3,True,False,False,22,False,BEARISH,BEARISH,1.134115,1.13412,1.134055,1.134095,LONDON,62376,HIGH,LONDON,62376,HIGH,NO,BULLISH,WEAK,LOW,BEARISH,CHOPPY,True,NO,True,BEAR_TRAP,50,True,False,False,70,[],0,NO,ACCUMULATION,"Smart money accumulation. Bullish bias, look for breakout.",EXTREME,NO,0.031,True,Passed basic checks,0,50,50,MEDIUM,5,WAIT,รอการวิเคราะห์จาก AI
2026-06-25 19:13:00,1.134115,1.134185,1.134115,1.134165,73.0,EURUSD,1.133879,1.13391,1.134259,1.135038,1.135499,1.135694,1.135274,1.133098,0.002175,0.001705,75.32,41.03,-0.000503,-0.000567,6.3e-05,45.06,29.1,0.000346,81.41,0.92,0.000324,0.000306,45.91,17.75,28.4,23.09,0.0159,740,620.45,1.193,False,RISING,1.9e-05,-7.9e-05,-7.7e-05,1.13334,1.135545,1.134078,1.134367,1.134573,1.133872,1.133583,20,6.37,1.134101,1.133899,72.06,0.000115,6.7e-05,81.26,84.32,0.000141,1.13334,1.134285,1.134312,1.1333,73,0.478,1.134165,1.134185,1.134115,1.134115,,,,,,,,50,26,-46.666666666666664,68,NEUTRAL,False,70,[],0,0,NEUTRAL,BULLISH,40,False,0,100,DOWN,NONE,NONE,0,True,75,55,45,80,False,True,NEUTRAL,70,False,0.0,NONE,True,BULLISH,False,True,50,False,70,38.28238719068197,17.43589743589929,70.0,41,FAIR,False,75,87,0.1172641517871735,6,100.0,True,RANDOM,70,54.50520081029273,0.1313404721558184,True,MOMENTUM_SHIFT,False,True,False,65,True,70,DOWN,40,CHOPPY,EXTREME,DOWN,40,0.0159,CHOPPY,55,30,50,STRONG,BEARISH,70,50,80,EXTREME,88,40,60,0.92,False,40,1.2756598240469208,3.306017595307921,RANGING,90,False,NONE,1.13334,1.134367,1.134078,FAR,30,50,85,50,NONE,NONE,NONE,False,[],0,0,ACCUMULATION,ACCUMULATION,50,65,True,35,"Smart money accumulation. Bullish bias, look for breakout.",1.193,0.5,False,False,False,False,0.3,0.3,True,False,False,22,False,BEARISH,BEARISH,1.134165,1.134185,1.134115,1.134115,LONDON,62817,HIGH,LONDON,62817,HIGH,NO,BULLISH,WEAK,LOW,BEARISH,CHOPPY,True,NO,True,BEAR_TRAP,50,True,False,False,70,[],0,NO,ACCUMULATION,"Smart money accumulation. Bullish bias, look for breakout.",EXTREME,NO,0.031,True,Passed basic checks,0,50,50,MEDIUM,5,WAIT,รอการวิเคราะห์จาก AI
2026-06-25 19:14:00,1.13416,1.13417,1.133985,1.13406,188.0,EURUSD,1.133879,1.13391,1.134259,1.135038,1.135499,1.135694,1.135274,1.133098,0.002175,0.001705,75.32,41.03,-0.000503,-0.000567,6.3e-05,45.06,29.1,0.000346,81.41,0.92,0.000324,0.000306,45.91,17.75,28.4,23.09,0.0159,740,620.45,1.193,False,RISING,1.9e-05,-7.9e-05,-7.7e-05,1.13334,1.135545,1.134078,1.134367,1.134573,1.133872,1.133583,20,6.37,1.134087,1.133915,62.34,0.000113,7.6e-05,76.07,80.01,0.000142,1.13334,1.134285,1.134331,1.133335,188,1.223,1.13406,1.13417,1.133985,1.13416,,,,,,,,50,26,-46.666666666666664,68,NEUTRAL,False,70,[],0,0,NEUTRAL,BULLISH,40,False,0,100,DOWN,NONE,NONE,0,True,75,55,45,80,False,True,NEUTRAL,70,False,0.0,NONE,True,BULLISH,False,True,50,False,70,38.28238719068197,17.43589743589929,70.0,41,FAIR,False,75,87,0.1172641517871735,6,100.0,True,RANDOM,70,54.50520081029273,0.1313404721558184,True,MOMENTUM_SHIFT,False,True,False,65,True,70,DOWN,40,CHOPPY,EXTREME,DOWN,40,0.0159,CHOPPY,55,30,50,STRONG,BEARISH,70,50,80,EXTREME,88,40,60,0.92,False,40,1.2756598240469208,3.306017595307921,RANGING,90,False,NONE,1.13334,1.134367,1.134078,FAR,30,50,85,50,NONE,NONE,NONE,False,[],0,0,ACCUMULATION,ACCUMULATION,50,65,True,35,"Smart money accumulation. Bullish bias, look for breakout.",1.193,0.5,False,False,False,False,0.3,0.3,True,False,False,22,False,BEARISH,BEARISH,1.13406,1.13417,1.133985,1.13416,LONDON,63165,HIGH,LONDON,63165,HIGH,NO,BULLISH,WEAK,LOW,BEARISH,CHOPPY,True,NO,True,BEAR_TRAP,50,True,False,False,70,[],0,NO,ACCUMULATION,"Smart money accumulation. Bullish bias, look for breakout.",EXTREME,NO,0.031,True,Passed basic checks,0,50,50,MEDIUM,5,WAIT,รอการวิเคราะห์จาก AI
2026-06-25 19:15:00,1.134055,1.13418,1.134055,1.13418,150.0,EURUSD,1.133979,1.133959,1.134252,1.135004,1.135475,1.135696,1.135067,1.133188,0.00188,0.001715,78.02,46.12,-0.000449,-0.000543,9.4e-05,59.6,43.49,0.00033,75.88,0.74,0.000326,0.000304,44.28,16.99,27.19,23.09,0.0388,712,625.25,1.139,False,FALLING,5.9e-05,-6e-05,-7.8e-05,1.13334,1.135355,1.134117,1.134248,1.134317,1.134048,1.133917,20,6.11,1.134118,1.13394,72.38,0.000119,8.5e-05,77.2,78.18,0.000137,1.13334,1.134285,1.134361,1.133374,150,0.98,1.13418,1.13418,1.134055,1.134055,,,,,,,,47,30,-40.0,70,NEUTRAL,False,70,['DOJI'],1,20,NEUTRAL,BULLISH,60,False,0,100,DOWN,NONE,NONE,0,True,75,55,45,80,False,True,NEUTRAL,70,False,0.0,NONE,True,BULLISH,False,True,50,False,70,35.135135135138015,13.15789473684272,65.0,37,FAIR,False,75,87,0.1269302130428809,6,100.0,True,RANDOM,70,54.046812606824076,0.09490245944848474,True,MOMENTUM_SHIFT,False,True,False,65,True,70,DOWN,80,CORRECTIVE,EXTREME,DOWN,80,0.0388,CORRECTIVE,65,30,65,STRONG,BEARISH,70,50,80,EXTREME,88,40,60,0.74,False,40,1.096209912536443,25.675008746355694,RANGING,90,False,NONE,1.13334,1.134248,1.134117,FAR,30,50,85,50,NONE,NONE,NONE,False,[],0,0,ACCUMULATION,ACCUMULATION,50,65,True,34,"Smart money accumulation. Bullish bias, look for breakout.",1.139,0.5,False,False,False,False,0.3,0.3,True,False,False,22,False,BEARISH,BEARISH,1.13418,1.13418,1.134055,1.134055,LONDON,62768,HIGH,LONDON,62768,HIGH,DOJI,BULLISH,WEAK,HIGH,BEARISH,CHOPPY,True,NO,True,REJECTION,25,False,False,True,70,[],0,NO,ACCUMULATION,"Smart money accumulation. Bullish bias, look for breakout.",EXTREME,NO,0.029,True,Passed basic checks,0,50,50,MEDIUM,5,WAIT,รอการวิเคราะห์จาก AI
2026-06-25 19:16:00,1.134175,1.1342,1.134135,1.13418,166.0,EURUSD,1.133979,1.133959,1.134252,1.135004,1.135475,1.135696,1.135067,1.133188,0.00188,0.001715,78.02,46.12,-0.000449,-0.000543,9.4e-05,59.6,43.49,0.00033,75.88,0.74,0.000326,0.000304,44.28,16.99,27.19,23.09,0.0388,712,625.25,1.139,False,FALLING,5.9e-05,-6e-05,-7.8e-05,1.13334,1.135355,1.134117,1.134248,1.134317,1.134048,1.133917,20,6.11,1.134139,1.133963,68.72,0.000123,9.2e-05,76.49,76.59,0.000131,1.13334,1.134285,1.134374,1.133436,166,1.099,1.13418,1.1342,1.134135,1.134175,,,,,,,,47,30,-40.0,70,NEUTRAL,False,70,['DOJI'],1,20,NEUTRAL,BULLISH,60,False,0,100,DOWN,NONE,NONE,0,True,75,55,45,80,False,True,NEUTRAL,70,False,0.0,NONE,True,BULLISH,False,True,50,False,70,35.135135135138015,13.15789473684272,65.0,37,FAIR,False,75,87,0.1269302130428809,6,100.0,True,RANDOM,70,54.046812606824076,0.09490245944848474,True,MOMENTUM_SHIFT,False,True,False,65,True,70,DOWN,80,CORRECTIVE,EXTREME,DOWN,80,0.0388,CORRECTIVE,65,30,65,STRONG,BEARISH,70,50,80,EXTREME,88,40,60,0.74,False,40,1.096209912536443,25.675008746355694,RANGING,90,False,NONE,1.13334,1.134248,1.134117,FAR,30,50,85,50,NONE,NONE,NONE,False,[],0,0,ACCUMULATION,ACCUMULATION,50,65,True,34,"Smart money accumulation. Bullish bias, look for breakout.",1.139,0.5,False,False,False,False,0.3,0.3,True,False,False,22,False,BEARISH,BEARISH,1.13418,1.1342,1.134135,1.134175,LONDON,63096,HIGH,LONDON,63096,HIGH,DOJI,BULLISH,WEAK,HIGH,BEARISH,CHOPPY,True,NO,True,REJECTION,25,False,False,True,70,[],0,NO,ACCUMULATION,"Smart money accumulation. Bullish bias, look for breakout.",EXTREME,NO,0.029,True,Passed basic checks,0,50,50,MEDIUM,5,WAIT,รอการวิเคราะห์จาก AI
2026-06-25 19:17:00,1.13417,1.13426,1.13415,1.13416,95.0,EURUSD,1.133979,1.133959,1.134252,1.135004,1.135475,1.135696,1.135067,1.133188,0.00188,0.001715,78.02,46.12,-0.000449,-0.000543,9.4e-05,59.6,43.49,0.00033,75.88,0.74,0.000326,0.000304,44.28,16.99,27.19,23.09,0.0388,712,625.25,1.139,False,FALLING,5.9e-05,-6e-05,-7.8e-05,1.13334,1.135355,1.134117,1.134248,1.134317,1.134048,1.133917,20,6.11,1.134146,1.133982,61.54,0.000123,9.8e-05,80.02,77.9,0.000123,1.13334,1.134285,1.134368,1.133513,95,0.658,1.13416,1.13426,1.13415,1.13417,,,,,,,,47,30,-40.0,70,NEUTRAL,False,70,['DOJI'],1,20,NEUTRAL,BULLISH,60,False,0,100,DOWN,NONE,NONE,0,True,75,55,45,80,False,True,NEUTRAL,70,False,0.0,NONE,True,BULLISH,False,True,50,False,70,35.135135135138015,13.15789473684272,65.0,37,FAIR,False,75,87,0.1269302130428809,6,100.0,True,RANDOM,70,54.046812606824076,0.09490245944848474,True,MOMENTUM_SHIFT,False,True,False,65,True,70,DOWN,80,CORRECTIVE,EXTREME,DOWN,80,0.0388,CORRECTIVE,65,30,65,STRONG,BEARISH,70,50,80,EXTREME,88,40,60,0.74,False,40,1.096209912536443,25.675008746355694,RANGING,90,False,NONE,1.13334,1.134248,1.134117,FAR,30,50,85,50,NONE,NONE,NONE,False,[],0,0,ACCUMULATION,ACCUMULATION,50,65,True,34,"Smart money accumulation. Bullish bias, look for breakout.",1.139,0.5,False,False,False,False,0.3,0.3,True,False,False,22,False,BEARISH,BEARISH,1.13416,1.13426,1.13415,1.13417,LONDON,62567,HIGH,LONDON,62567,HIGH,DOJI,BULLISH,WEAK,HIGH,BEARISH,CHOPPY,True,NO,True,REJECTION,25,False,False,True,70,[],0,NO,ACCUMULATION,"Smart money accumulation. Bullish bias, look for breakout.",EXTREME,NO,0.029,True,Passed basic checks,0,50,50,MEDIUM,5,WAIT,รอการวิเคราะห์จาก AI
2026-06-25 19:18:00,1.13416,1.13416,1.13392,1.13396,190.0,EURUSD,1.133979,1.133959,1.134252,1.135004,1.135475,1.135696,1.135067,1.133188,0.00188,0.001715,78.02,46.12,-0.000449,-0.000543,9.4e-05,59.6,43.49,0.00033,75.88,0.74,0.000326,0.000304,44.28,16.99,27.19,23.09,0.0388,712,625.25,1.139,False,FALLING,5.9e-05,-6e-05,-7.8e-05,1.13334,1.135355,1.134117,1.134248,1.134317,1.134048,1.133917,20,6.11,1.134084,1.133979,55.45,0.000105,0.0001,64.61,73.71,0.000127,1.13342,1.134285,1.134323,1.13361,190,1.311,1.13396,1.13416,1.13392,1.13416,,,,,,,,47,30,-40.0,70,NEUTRAL,False,70,['DOJI'],1,20,NEUTRAL,BULLISH,60,False,0,100,DOWN,NONE,NONE,0,True,75,55,45,80,False,True,NEUTRAL,70,False,0.0,NONE,True,BULLISH,False,True,50,False,70,35.135135135138015,13.15789473684272,65.0,37,FAIR,False,75,87,0.1269302130428809,6,100.0,True,RANDOM,70,54.046812606824076,0.09490245944848474,True,MOMENTUM_SHIFT,False,True,False,65,True,70,DOWN,80,CORRECTIVE,EXTREME,DOWN,80,0.0388,CORRECTIVE,65,30,65,STRONG,BEARISH,70,50,80,EXTREME,88,40,60,0.74,False,40,1.096209912536443,25.675008746355694,RANGING,90,False,NONE,1.13334,1.134248,1.134117,FAR,30,50,85,50,NONE,NONE,NONE,False,[],0,0,ACCUMULATION,ACCUMULATION,50,65,True,34,"Smart money accumulation. Bullish bias, look for breakout.",1.139,0.5,False,False,False,False,0.3,0.3,True,False,False,22,False,BEARISH,BEARISH,1.13396,1.13416,1.13392,1.13416,LONDON,62959,HIGH,LONDON,62959,HIGH,DOJI,BULLISH,WEAK,HIGH,BEARISH,CHOPPY,True,NO,True,REJECTION,25,False,False,True,70,[],0,NO,ACCUMULATION,"Smart money accumulation. Bullish bias, look for breakout.",EXTREME,NO,0.029,True,Passed basic checks,0,50,50,MEDIUM,5,WAIT,รอการวิเคราะห์จาก AI
2026-06-25 19:19:00,1.133965,1.13411,1.13395,1.13411,127.0,EURUSD,1.133979,1.133959,1.134252,1.135004,1.135475,1.135696,1.135067,1.133188,0.00188,0.001715,78.02,46.12,-0.000449,-0.000543,9.4e-05,59.6,43.49,0.00033,75.88,0.74,0.000326,0.000304,44.28,16.99,27.19,23.09,0.0388,712,625.25,1.139,False,FALLING,5.9e-05,-6e-05,-7.8e-05,1.13334,1.135355,1.134117,1.134248,1.134317,1.134048,1.133917,20,6.11,1.134093,1.133992,61.04,0.000102,0.0001,59.37,68.0,0.000131,1.1336,1.134285,1.134313,1.133669,127,0.874,1.13411,1.13411,1.13395,1.133965,,,,,,,,47,30,-40.0,70,NEUTRAL,False,70,['DOJI'],1,20,NEUTRAL,BULLISH,60,False,0,100,DOWN,NONE,NONE,0,True,75,55,45,80,False,True,NEUTRAL,70,False,0.0,NONE,True,BULLISH,False,True,50,False,70,35.135135135138015,13.15789473684272,65.0,37,FAIR,False,75,87,0.1269302130428809,6,100.0,True,RANDOM,70,54.046812606824076,0.09490245944848474,True,MOMENTUM_SHIFT,False,True,False,65,True,70,DOWN,80,CORRECTIVE,EXTREME,DOWN,80,0.0388,CORRECTIVE,65,30,65,STRONG,BEARISH,70,50,80,EXTREME,88,40,60,0.74,False,40,1.096209912536443,25.675008746355694,RANGING,90,False,NONE,1.13334,1.134248,1.134117,FAR,30,50,85,50,NONE,NONE,NONE,False,[],0,0,ACCUMULATION,ACCUMULATION,50,65,True,34,"Smart money accumulation. Bullish bias, look for breakout.",1.139,0.5,False,False,False,False,0.3,0.3,True,False,False,22,False,BEARISH,BEARISH,1.13411,1.13411,1.13395,1.133965,LONDON,63279,HIGH,LONDON,63279,HIGH,DOJI,BULLISH,WEAK,HIGH,BEARISH,CHOPPY,True,NO,True,REJECTION,25,False,False,True,70,[],0,NO,ACCUMULATION,"Smart money accumulation. Bullish bias, look for breakout.",EXTREME,NO,0.029,True,Passed basic checks,0,50,50,MEDIUM,5,WAIT,รอการวิเคราะห์จาก AI
2026-06-25 19:27:00,1.134095,1.134095,1.134035,1.13404,65.0,EURUSD,1.134069,1.13402,1.134233,1.134938,1.135424,1.13567,1.134786,1.133303,0.001483,0.001728,79.31,42.89,-0.000365,-0.000485,0.00012,72.08,67.35,0.00035,82.41,0.92,0.000332,0.000306,40.94,16.14,24.94,21.44,0.0516,717,645.85,1.11,False,FALLING,8.1e-05,-3.2e-05,-8.1e-05,1.13334,1.134885,1.134047,1.134243,1.134372,1.133918,1.133722,20,4.41,1.134052,1.134025,44.9,5.2e-05,7.1e-05,56.91,45.93,0.000139,1.133845,1.134285,1.134256,1.13391,65,0.465,1.13404,1.134095,1.134035,1.134095,,,,,,,,46,33,-40.0,59,NEUTRAL,False,70,"['HAMMER', 'EVENING_STAR']",2,40,NEUTRAL,BEARISH,80,False,0,100,DOWN,NONE,NONE,0,True,75,55,45,80,False,True,NEUTRAL,70,False,0.0,NONE,True,BULLISH,False,True,50,False,70,26.530612244898578,8.562918838421862,60.0,31,POOR,False,75,87,0.127064871832013,6,100.0,True,RANDOM,70,51.5740154263028,0.15546233454582986,True,MOMENTUM_SHIFT,False,True,False,65,True,70,DOWN,80,CHOPPY,EXTREME,DOWN,80,0.0516,CHOPPY,65,30,65,STRONG,BEARISH,70,50,80,EXTREME,88,40,60,0.92,False,40,0.8582175925925926,44.25024074074075,RANGING,90,False,NONE,1.13334,1.134243,1.134047,FAR,30,50,85,50,NONE,NONE,NONE,False,[],0,0,ACCUMULATION,ACCUMULATION,50,65,True,33,"Smart money accumulation. Bullish bias, look for breakout.",1.11,0.5,False,False,False,False,0.3,0.3,True,False,False,22,False,BEARISH,BEARISH,1.13404,1.134095,1.134035,1.134095,LONDON,63250,HIGH,LONDON,63250,HIGH,HAMMER,BEARISH,WEAK,HIGH,NEUTRAL,CHOPPY,True,NONE,True,REJECTION,25,False,False,True,70,[],0,NO,ACCUMULATION,"Smart money accumulation. Bullish bias, look for breakout.",EXTREME,LOW,0.031,True,Passed basic checks,0,50,50,MEDIUM,5,WAIT,รอการวิเคราะห์จาก AI
2026-06-25 19:28:00,1.134045,1.134045,1.13395,1.13401,107.0,EURUSD,1.134069,1.13402,1.134233,1.134938,1.135424,1.13567,1.134786,1.133303,0.001483,0.001728,79.31,42.89,-0.000365,-0.000485,0.00012,72.08,67.35,0.00035,82.41,0.92,0.000332,0.000306,40.94,16.14,24.94,21.44,0.0516,717,645.85,1.11,False,FALLING,8.1e-05,-3.2e-05,-8.1e-05,1.13334,1.134885,1.134047,1.134243,1.134372,1.133918,1.133722,20,4.41,1.134038,1.134023,47.83,4.5e-05,6.6e-05,48.37,50.81,0.000133,1.13385,1.134285,1.134253,1.133918,107,0.775,1.13401,1.134045,1.13395,1.134045,,,,,,,,46,33,-40.0,59,NEUTRAL,False,70,"['HAMMER', 'EVENING_STAR']",2,40,NEUTRAL,BEARISH,80,False,0,100,DOWN,NONE,NONE,0,True,75,55,45,80,False,True,NEUTRAL,70,False,0.0,NONE,True,BULLISH,False,True,50,False,70,26.530612244898578,8.562918838421862,60.0,31,POOR,False,75,87,0.127064871832013,6,100.0,True,RANDOM,70,51.5740154263028,0.15546233454582986,True,MOMENTUM_SHIFT,False,True,False,65,True,70,DOWN,80,CHOPPY,EXTREME,DOWN,80,0.0516,CHOPPY,65,30,65,STRONG,BEARISH,70,50,80,EXTREME,88,40,60,0.92,False,40,0.8582175925925926,44.25024074074075,RANGING,90,False,NONE,1.13334,1.134243,1.134047,FAR,30,50,85,50,NONE,NONE,NONE,False,[],0,0,ACCUMULATION,ACCUMULATION,50,65,True,33,"Smart money accumulation. Bullish bias, look for breakout.",1.11,0.5,False,False,False,False,0.3,0.3,True,False,False,22,False,BEARISH,BEARISH,1.13401,1.134045,1.13395,1.134045,LONDON,62699,HIGH,LONDON,62699,HIGH,HAMMER,BEARISH,WEAK,HIGH,NEUTRAL,CHOPPY,True,NONE,True,REJECTION,25,False,False,True,70,[],0,NO,ACCUMULATION,"Smart money accumulation. Bullish bias, look for breakout.",EXTREME,LOW,0.031,True,Passed basic checks,0,50,50,MEDIUM,5,WAIT,รอการวิเคราะห์จาก AI
2026-06-25 19:29:00,1.134,1.134145,1.13398,1.13411,78.0,EURUSD,1.134069,1.13402,1.134233,1.134938,1.135424,1.13567,1.134786,1.133303,0.001483,0.001728,79.31,42.89,-0.000365,-0.000485,0.00012,72.08,67.35,0.00035,82.41,0.92,0.000332,0.000306,40.94,16.14,24.94,21.44,0.0516,717,645.85,1.11,False,FALLING,8.1e-05,-3.2e-05,-8.1e-05,1.13334,1.134885,1.134047,1.134243,1.134372,1.133918,1.133722,20,4.41,1.134062,1.134032,46.9,4.6e-05,6.2e-05,49.59,51.63,0.000136,1.13385,1.134285,1.134256,1.133921,78,0.579,1.13411,1.134145,1.13398,1.134,,,,,,,,46,33,-40.0,59,NEUTRAL,False,70,"['HAMMER', 'EVENING_STAR']",2,40,NEUTRAL,BEARISH,80,False,0,100,DOWN,NONE,NONE,0,True,75,55,45,80,False,True,NEUTRAL,70,False,0.0,NONE,True,BULLISH,False,True,50,False,70,26.530612244898578,8.562918838421862,60.0,31,POOR,False,75,87,0.127064871832013,6,100.0,True,RANDOM,70,51.5740154263028,0.15546233454582986,True,MOMENTUM_SHIFT,False,True,False,65,True,70,DOWN,80,CHOPPY,EXTREME,DOWN,80,0.0516,CHOPPY,65,30,65,STRONG,BEARISH,70,50,80,EXTREME,88,40,60,0.92,False,40,0.8582175925925926,44.25024074074075,RANGING,90,False,NONE,1.13334,1.134243,1.134047,FAR,30,50,85,50,NONE,NONE,NONE,False,[],0,0,ACCUMULATION,ACCUMULATION,50,65,True,33,"Smart money accumulation. Bullish bias, look for breakout.",1.11,0.5,False,False,False,False,0.3,0.3,True,False,False,22,False,BEARISH,BEARISH,1.13411,1.134145,1.13398,1.134,LONDON,63104,HIGH,LONDON,63104,HIGH,HAMMER,BEARISH,WEAK,HIGH,NEUTRAL,CHOPPY,True,NONE,True,REJECTION,25,False,False,True,70,[],0,NO,ACCUMULATION,"Smart money accumulation. Bullish bias, look for breakout.",EXTREME,LOW,0.031,True,Passed basic checks,0,50,50,MEDIUM,5,WAIT,รอการวิเคราะห์จาก AI
2026-06-25 19:30:00,1.134115,1.13416,1.134035,1.134145,284.0,EURUSD,1.134094,1.134043,1.134224,1.134907,1.135392,1.135605,1.134697,1.133338,0.001358,0.001732,91.72,52.53,-0.000329,-0.000454,0.000124,76.33,72.93,0.000332,74.87,0.71,0.000333,0.000308,39.54,15.36,23.74,21.44,0.0353,643,649.45,0.99,False,FALLING,7.4e-05,-2e-05,-8.3e-05,1.13334,1.134815,1.134088,1.134227,1.134308,1.134007,1.133868,20,4.44,1.13409,1.134043,48.5,5e-05,5.9e-05,58.13,52.03,0.00014,1.13385,1.13426,1.134254,1.133921,284,2.049,1.134145,1.13416,1.134035,1.134115,,,,,,,,43,36,-33.33333333333333,57,NEUTRAL,False,70,[],0,0,NEUTRAL,BULLISH,40,True,100,50,DOWN,NONE,UP,1,False,75,55,45,80,False,True,NEUTRAL,70,False,0.0,NONE,True,BULLISH,False,True,50,False,70,19.71066907775899,5.0642479213907,55.00000000000001,26,POOR,False,75,87,0.12695954987600327,6,100.0,True,RANDOM,70,52.72474370461787,0.10476127876279198,True,MOMENTUM_SHIFT,False,True,False,65,True,70,DOWN,80,CHOPPY,HIGH,DOWN,80,0.0353,CHOPPY,65,30,65,STRONG,NONE,65,40,75,HIGH,73,40,60,0.71,False,80,0.7840646651270208,56.10399999999999,RANGING,90,False,NONE,1.13334,1.134227,1.134088,FAR,30,50,85,50,NONE,NONE,NONE,False,[],0,0,ACCUMULATION,ACCUMULATION,50,65,True,34,"Smart money accumulation. Bullish bias, look for breakout.",0.99,0.5,False,False,False,False,0.3,0.3,True,False,False,22,False,BEARISH,BEARISH,1.134145,1.13416,1.134035,1.134115,LONDON,62447,HIGH,LONDON,62447,HIGH,NONE,BULLISH,WEAK,HIGH,NEUTRAL,CHOPPY,True,NONE,True,REJECTION,25,False,False,True,70,[],0,NO,ACCUMULATION,"Smart money accumulation. Bullish bias, look for breakout.",HIGH,HIGH,0.029,True,Passed basic checks,0,50,50,MEDIUM,5,WAIT,รอการวิเคราะห์จาก AI
2026-06-25 19:31:00,1.13415,1.13574,1.13415,1.1356,1271.0,EURUSD,1.134094,1.134043,1.134224,1.134907,1.135392,1.135605,1.134697,1.133338,0.001358,0.001732,91.72,52.53,-0.000329,-0.000454,0.000124,76.33,72.93,0.000332,74.87,0.71,0.000333,0.000308,39.54,15.36,23.74,21.44,0.0353,643,649.45,0.99,False,FALLING,7.4e-05,-2e-05,-8.3e-05,1.13334,1.134815,1.134088,1.134227,1.134308,1.134007,1.133868,20,4.44,1.134593,1.134191,77.69,0.000169,8.1e-05,75.99,61.24,0.000246,1.13385,1.13574,1.134859,1.133465,1271,6.546,1.1356,1.13574,1.13415,1.13415,,,,,,,,43,36,-33.33333333333333,57,NEUTRAL,False,70,[],0,0,NEUTRAL,BULLISH,40,True,100,50,DOWN,NONE,UP,1,False,75,55,45,80,False,True,NEUTRAL,70,False,0.0,NONE,True,BULLISH,False,True,50,False,70,19.71066907775899,5.0642479213907,55.00000000000001,26,POOR,False,75,87,0.12695954987600327,6,100.0,True,RANDOM,70,52.72474370461787,0.10476127876279198,True,MOMENTUM_SHIFT,False,True,False,65,True,70,NONE,80,CHOPPY,HIGH,NONE,80,0.0353,CHOPPY,20,50,30,STRONG,NONE,65,40,75,HIGH,73,40,60,0.71,False,80,0.7840646651270208,56.10399999999999,RANGING,90,False,NONE,1.13334,1.134227,1.134088,FAR,30,50,85,50,NONE,NONE,NONE,False,[],0,0,SIDEWAY_RANGE,SIDEWAY_RANGE,50,60,True,34,Price ranging between clear levels. Suitable for mean-reversion strategies.,0.99,0.5,False,False,True,True,0.3,0.3,True,False,False,22,False,BEARISH,BEARISH,1.1356,1.13574,1.13415,1.13415,LONDON,62813,HIGH,LONDON,62813,HIGH,NONE,BULLISH,WEAK,HIGH,NEUTRAL,CHOPPY,True,NONE,True,REJECTION,25,False,False,True,70,[],0,NO,SIDEWAY_RANGE,Price ranging between clear levels. Suitable for mean-reversion strategies.,HIGH,HIGH,0.029,True,Passed basic checks,0,50,50,MEDIUM,5,WAIT,รอการวิเคราะห์จาก AI
2026-06-25 19:32:00,1.135595,1.13565,1.134735,1.13481,631.0,EURUSD,1.134094,1.134043,1.134224,1.134907,1.135392,1.135605,1.134697,1.133338,0.001358,0.001732,91.72,52.53,-0.000329,-0.000454,0.000124,76.33,72.93,0.000332,74.87,0.71,0.000333,0.000308,39.54,15.36,23.74,21.44,0.0353,643,649.45,0.99,False,FALLING,7.4e-05,-2e-05,-8.3e-05,1.13334,1.134815,1.134088,1.134227,1.134308,1.134007,1.133868,20,4.44,1.134665,1.13425,63.32,0.000196,0.000104,71.78,68.63,0.000294,1.13385,1.13574,1.134951,1.133443,631,2.886,1.13481,1.13565,1.134735,1.135595,,,,,,,,43,36,-33.33333333333333,57,NEUTRAL,False,70,[],0,0,NEUTRAL,BULLISH,40,True,100,50,DOWN,NONE,UP,1,False,75,55,45,80,False,True,NEUTRAL,70,False,0.0,NONE,True,BULLISH,False,True,50,False,70,19.71066907775899,5.0642479213907,55.00000000000001,26,POOR,False,75,87,0.12695954987600327,6,100.0,True,RANDOM,70,52.72474370461787,0.10476127876279198,True,MOMENTUM_SHIFT,False,True,False,65,True,70,NONE,80,CHOPPY,HIGH,NONE,80,0.0353,CHOPPY,20,50,30,STRONG,NONE,65,40,75,HIGH,73,40,60,0.71,False,80,0.7840646651270208,56.10399999999999,RANGING,90,False,NONE,1.13334,1.134227,1.134088,FAR,30,50,85,50,NONE,NONE,NONE,False,[],0,0,ACCUMULATION,ACCUMULATION,50,65,True,34,"Smart money accumulation. Bullish bias, look for breakout.",0.99,0.5,False,False,True,False,0.3,0.3,True,False,False,22,False,BEARISH,BEARISH,1.13481,1.13565,1.134735,1.135595,LONDON,63109,HIGH,LONDON,63109,HIGH,NONE,BULLISH,WEAK,HIGH,NEUTRAL,CHOPPY,True,TESTING_RESISTANCE,True,REJECTION,25,False,False,True,70,[],0,NO,ACCUMULATION,"Smart money accumulation. Bullish bias, look for breakout.",HIGH,HIGH,0.029,True,Passed basic checks,0,50,50,MEDIUM,5,WAIT,รอการวิเคราะห์จาก AI
2026-06-25 19:33:00,1.134805,1.135,1.1347,1.13486,423.0,EURUSD,1.134094,1.134043,1.134224,1.134907,1.135392,1.135605,1.134697,1.133338,0.001358,0.001732,91.72,52.53,-0.000329,-0.000454,0.000124,76.33,72.93,0.000332,74.87,0.71,0.000333,0.000308,39.54,15.36,23.74,21.44,0.0353,643,649.45,0.99,False,FALLING,7.4e-05,-2e-05,-8.3e-05,1.13334,1.134815,1.134088,1.134227,1.134308,1.134007,1.133868,20,4.44,1.13473,1.134308,62.14,0.00022,0.000127,65.61,71.12,0.000304,1.13385,1.13574,1.135042,1.133422,423,1.791,1.13486,1.135,1.1347,1.134805,,,,,,,,43,36,-33.33333333333333,57,NEUTRAL,False,70,[],0,0,NEUTRAL,BULLISH,40,True,100,50,DOWN,NONE,UP,1,False,75,55,45,80,False,True,NEUTRAL,70,False,0.0,NONE,True,BULLISH,False,True,50,False,70,19.71066907775899,5.0642479213907,55.00000000000001,26,POOR,False,75,87,0.12695954987600327,6,100.0,True,RANDOM,70,52.72474370461787,0.10476127876279198,True,MOMENTUM_SHIFT,False,True,False,65,True,70,NONE,80,CHOPPY,HIGH,NONE,80,0.0353,CHOPPY,20,50,30,STRONG,NONE,65,40,75,HIGH,73,40,60,0.71,False,80,0.7840646651270208,56.10399999999999,RANGING,90,False,NONE,1.13334,1.134227,1.134088,FAR,30,50,85,50,NONE,NONE,NONE,False,[],0,0,SIDEWAY_RANGE,SIDEWAY_RANGE,50,60,True,34,Price ranging between clear levels. Suitable for mean-reversion strategies.,0.99,0.5,False,False,True,False,0.3,0.3,True,False,False,22,False,BEARISH,BEARISH,1.13486,1.135,1.1347,1.134805,LONDON,62590,HIGH,LONDON,62590,HIGH,NONE,BULLISH,WEAK,HIGH,NEUTRAL,CHOPPY,True,TESTING_RESISTANCE,True,REJECTION,25,False,False,True,70,[],0,NO,SIDEWAY_RANGE,Price ranging between clear levels. Suitable for mean-reversion strategies.,HIGH,MEDIUM,0.029,True,Passed basic checks,0,50,50,MEDIUM,5,WAIT,รอการวิเคราะห์จาก AI
2026-06-25 19:34:00,1.13485,1.13485,1.13455,1.13467,529.0,EURUSD,1.134094,1.134043,1.134224,1.134907,1.135392,1.135605,1.134697,1.133338,0.001358,0.001732,91.72,52.53,-0.000329,-0.000454,0.000124,76.33,72.93,0.000332,74.87,0.71,0.000333,0.000308,39.54,15.36,23.74,21.44,0.0353,643,649.45,0.99,False,FALLING,7.4e-05,-2e-05,-8.3e-05,1.13334,1.134815,1.134088,1.134227,1.134308,1.134007,1.133868,20,4.44,1.13471,1.134342,57.63,0.000221,0.000146,49.21,62.2,0.000316,1.13385,1.13574,1.135091,1.133434,529,2.089,1.13467,1.13485,1.13455,1.13485,,,,,,,,43,36,-33.33333333333333,57,NEUTRAL,False,70,[],0,0,NEUTRAL,BULLISH,40,True,100,50,DOWN,NONE,UP,1,False,75,55,45,80,False,True,NEUTRAL,70,False,0.0,NONE,True,BULLISH,False,True,50,False,70,19.71066907775899,5.0642479213907,55.00000000000001,26,POOR,False,75,87,0.12695954987600327,6,100.0,True,RANDOM,70,52.72474370461787,0.10476127876279198,True,MOMENTUM_SHIFT,False,True,False,65,True,70,NONE,80,CHOPPY,HIGH,NONE,80,0.0353,CHOPPY,20,50,30,STRONG,NONE,65,40,75,HIGH,73,40,60,0.71,False,80,0.7840646651270208,56.10399999999999,RANGING,90,False,NONE,1.13334,1.134227,1.134088,FAR,30,50,85,50,NONE,NONE,NONE,False,[],0,0,SIDEWAY_RANGE,SIDEWAY_RANGE,50,60,True,34,Price ranging between clear levels. Suitable for mean-reversion strategies.,0.99,0.5,False,False,True,False,0.3,0.3,True,False,False,22,False,BEARISH,BEARISH,1.13467,1.13485,1.13455,1.13485,LONDON,62886,HIGH,LONDON,62886,HIGH,NONE,BULLISH,WEAK,HIGH,NEUTRAL,CHOPPY,True,TESTING_RESISTANCE,True,REJECTION,25,False,False,True,70,[],0,NO,SIDEWAY_RANGE,Price ranging between clear levels. Suitable for mean-reversion strategies.,HIGH,HIGH,0.029,True,Passed basic checks,0,50,50,MEDIUM,5,WAIT,รอการวิเคราะห์จาก AI
2026-06-25 19:35:00,1.134675,1.13512,1.13467,1.13512,565.0,EURUSD,1.134436,1.134239,1.13431,1.134915,1.135389,1.135617,1.134867,1.133232,0.001635,0.001738,95.62,71.27,-0.00022,-0.000407,0.000187,76.6,75.0,0.000423,93.97,1.68,0.000343,0.00031,39.4,38.04,17.26,37.58,0.1336,3419,796.7,4.291,True,RISING,0.000127,3e-06,-8e-05,1.13334,1.13574,1.135003,1.135857,1.136593,1.134267,1.133413,29,5.67,1.134847,1.134416,63.1,0.000255,0.000168,54.67,56.5,0.000342,1.13385,1.13574,1.13522,1.133398,565,2.062,1.13512,1.13512,1.13467,1.134675,,,,,,,,42,36,-26.666666666666668,88,NEUTRAL,False,70,['MORNING_STAR'],1,20,BULLISH,BULLISH,60,False,0,100,NONE,NONE,UP,0,True,75,82,18,80,True,True,CONTINUATION,70,False,0.0,NONE,True,BULLISH,False,True,50,False,70,18.13031161473111,6.914212548015482,50.0,25,POOR,False,75,85,0.12741368031730152,6,90.0,True,RANDOM,70,54.43227357702969,1.0717603367710222,True,MOMENTUM_SHIFT,False,True,False,65,True,70,NONE,100,CHOPPY,EXTREME,NONE,100,0.1336,CHOPPY,20,50,30,STRONG,NONE,75,40,85,EXTREME,88,40,60,1.68,False,40,0.9407364787111623,26.750352128883776,RANGING,90,False,NONE,1.13334,1.13574,1.135003,FAR,30,50,85,50,NONE,NONE,NONE,False,[],0,0,ACCUMULATION,ACCUMULATION,50,65,True,32,"Smart money accumulation. Bullish bias, look for breakout.",4.291,0.5,False,False,True,True,0.3,0.3,True,False,True,22,False,BEARISH,BULLISH,1.13512,1.13512,1.13467,1.134675,LONDON,63274,HIGH,LONDON,63274,HIGH,MORNING_STAR,BULLISH,WEAK,HIGH,NEUTRAL,CHOPPY,False,NONE,False,NONE,0,False,False,False,60,[],0,NO,ACCUMULATION,"Smart money accumulation. Bullish bias, look for breakout.",EXTREME,HIGH,0.037,True,Passed basic checks,0,50,50,MEDIUM,5,WAIT,รอการวิเคราะห์จาก AI
2026-06-25 19:36:00,1.135125,1.135215,1.134985,1.135185,556.0,EURUSD,1.134436,1.134239,1.13431,1.134915,1.135389,1.135617,1.134867,1.133232,0.001635,0.001738,95.62,71.27,-0.00022,-0.000407,0.000187,76.6,75.0,0.000423,93.97,1.68,0.000343,0.00031,39.4,38.04,17.26,37.58,0.1336,3419,796.7,4.291,True,RISING,0.000127,3e-06,-8e-05,1.13334,1.13574,1.135003,1.135857,1.136593,1.134267,1.133413,29,5.67,1.13496,1.13449,67.48,0.000284,0.000191,60.41,54.76,0.000344,1.13385,1.13574,1.135348,1.133371,556,1.895,1.135185,1.135215,1.134985,1.135125,,,,,,,,42,36,-26.666666666666668,88,NEUTRAL,False,70,['MORNING_STAR'],1,20,BULLISH,BULLISH,60,False,0,100,NONE,NONE,UP,0,True,75,82,18,80,True,True,CONTINUATION,70,False,0.0,NONE,True,BULLISH,False,True,50,False,70,18.13031161473111,6.914212548015482,50.0,25,POOR,False,75,85,0.12741368031730152,6,90.0,True,RANDOM,70,54.43227357702969,1.0717603367710222,True,MOMENTUM_SHIFT,False,True,False,65,True,70,NONE,100,CHOPPY,EXTREME,NONE,100,0.1336,CHOPPY,20,50,30,STRONG,NONE,75,40,85,EXTREME,88,40,60,1.68,False,40,0.9407364787111623,26.750352128883776,RANGING,90,False,NONE,1.13334,1.13574,1.135003,FAR,30,50,85,50,NONE,NONE,NONE,False,[],0,0,ACCUMULATION,ACCUMULATION,50,65,True,32,"Smart money accumulation. Bullish bias, look for breakout.",4.291,0.5,False,False,True,True,0.3,0.3,True,False,True,22,False,BEARISH,BULLISH,1.135185,1.135215,1.134985,1.135125,LONDON,62663,HIGH,LONDON,62663,HIGH,MORNING_STAR,BULLISH,WEAK,HIGH,NEUTRAL,CHOPPY,False,NONE,False,NONE,0,False,False,False,60,[],0,NO,ACCUMULATION,"Smart money accumulation. Bullish bias, look for breakout.",EXTREME,MEDIUM,0.037,True,Passed basic checks,0,50,50,MEDIUM,5,WAIT,รอการวิเคราะห์จาก AI
2026-06-25 19:37:00,1.13518,1.135695,1.135175,1.13564,580.0,EURUSD,1.134436,1.134239,1.13431,1.134915,1.135389,1.135617,1.134867,1.133232,0.001635,0.001738,95.62,71.27,-0.00022,-0.000407,0.000187,76.6,75.0,0.000423,93.97,1.68,0.000343,0.00031,39.4,38.04,17.26,37.58,0.1336,3419,796.7,4.291,True,RISING,0.000127,3e-06,-8e-05,1.13334,1.13574,1.135003,1.135857,1.136593,1.134267,1.133413,29,5.67,1.135186,1.134599,71.1,0.000339,0.000221,77.51,64.2,0.000374,1.13385,1.13574,1.13557,1.133297,580,1.826,1.13564,1.135695,1.135175,1.13518,,,,,,,,42,36,-26.666666666666668,88,NEUTRAL,False,70,['MORNING_STAR'],1,20,BULLISH,BULLISH,60,False,0,100,NONE,NONE,UP,0,True,75,82,18,80,True,True,CONTINUATION,70,False,0.0,NONE,True,BULLISH,False,True,50,False,70,18.13031161473111,6.914212548015482,50.0,25,POOR,False,75,85,0.12741368031730152,6,90.0,True,RANDOM,70,54.43227357702969,1.0717603367710222,True,MOMENTUM_SHIFT,False,True,False,65,True,70,NONE,100,CHOPPY,EXTREME,NONE,100,0.1336,CHOPPY,20,50,30,STRONG,NONE,75,40,85,EXTREME,88,40,60,1.68,False,40,0.9407364787111623,26.750352128883776,RANGING,90,False,NONE,1.13334,1.13574,1.135003,FAR,30,50,85,50,NONE,NONE,NONE,False,[],0,0,ACCUMULATION,ACCUMULATION,50,65,True,32,"Smart money accumulation. Bullish bias, look for breakout.",4.291,0.5,False,False,True,True,0.3,0.3,True,False,True,22,False,BEARISH,BULLISH,1.13564,1.135695,1.135175,1.13518,LONDON,63178,HIGH,LONDON,63178,HIGH,MORNING_STAR,BULLISH,WEAK,HIGH,NEUTRAL,CHOPPY,False,TESTING_RESISTANCE,False,NONE,0,False,False,False,60,[],0,NO,ACCUMULATION,"Smart money accumulation. Bullish bias, look for breakout.",EXTREME,MEDIUM,0.037,True,Passed basic checks,0,50,50,MEDIUM,5,WAIT,รอการวิเคราะห์จาก AI
2026-06-25 19:38:00,1.135645,1.13589,1.135535,1.13588,679.0,EURUSD,1.134436,1.134239,1.13431,1.134915,1.135389,1.135617,1.134867,1.133232,0.001635,0.001738,95.62,71.27,-0.00022,-0.000407,0.000187,76.6,75.0,0.000423,93.97,1.68,0.000343,0.00031,39.4,38.04,17.26,37.58,0.1336,3419,796.7,4.291,True,RISING,0.000127,3e-06,-8e-05,1.13334,1.13574,1.135003,1.135857,1.136593,1.134267,1.133413,29,5.67,1.135418,1.134721,73.73,0.000398,0.000256,88.28,75.4,0.000388,1.13385,1.13589,1.135812,1.133247,679,1.985,1.13588,1.13589,1.135535,1.135645,,,,,,,,42,36,-26.666666666666668,88,NEUTRAL,False,70,['MORNING_STAR'],1,20,BULLISH,BULLISH,60,False,0,100,NONE,NONE,UP,0,True,75,82,18,80,True,True,CONTINUATION,70,False,0.0,NONE,True,BULLISH,False,True,50,False,70,18.13031161473111,6.914212548015482,50.0,25,POOR,False,75,85,0.12741368031730152,6,90.0,True,RANDOM,70,54.43227357702969,1.0717603367710222,True,MOMENTUM_SHIFT,False,True,False,65,True,70,NONE,100,CHOPPY,EXTREME,NONE,100,0.1336,CHOPPY,20,50,30,STRONG,NONE,75,40,85,EXTREME,88,40,60,1.68,False,40,0.9407364787111623,26.750352128883776,RANGING,90,False,NONE,1.13334,1.13574,1.135003,FAR,30,50,85,50,NONE,NONE,NONE,False,[],0,0,ACCUMULATION,ACCUMULATION,50,65,True,32,"Smart money accumulation. Bullish bias, look for breakout.",4.291,0.5,False,False,True,True,0.3,0.3,True,False,True,22,False,BEARISH,BULLISH,1.13588,1.13589,1.135535,1.135645,LONDON,62415,HIGH,LONDON,62415,HIGH,MORNING_STAR,BULLISH,WEAK,HIGH,NEUTRAL,CHOPPY,False,TESTING_RESISTANCE,False,NONE,0,False,False,False,60,[],0,NO,ACCUMULATION,"Smart money accumulation. Bullish bias, look for breakout.",EXTREME,MEDIUM,0.037,True,Passed basic checks,0,50,50,MEDIUM,5,WAIT,รอการวิเคราะห์จาก AI
2026-06-25 19:39:00,1.135885,1.135895,1.13551,1.1357,628.0,EURUSD,1.134436,1.134239,1.13431,1.134915,1.135389,1.135617,1.134867,1.133232,0.001635,0.001738,95.62,71.27,-0.00022,-0.000407,0.000187,76.6,75.0,0.000423,93.97,1.68,0.000343,0.00031,39.4,38.04,17.26,37.58,0.1336,3419,796.7,4.291,True,RISING,0.000127,3e-06,-8e-05,1.13334,1.13574,1.135003,1.135857,1.136593,1.134267,1.133413,29,5.67,1.135512,1.134814,69.26,0.000425,0.00029,94.73,86.84,0.000402,1.13385,1.135895,1.135977,1.133241,628,1.71,1.1357,1.135895,1.13551,1.135885,,,,,,,,42,36,-26.666666666666668,88,NEUTRAL,False,70,['MORNING_STAR'],1,20,BULLISH,BULLISH,60,False,0,100,NONE,NONE,UP,0,True,75,82,18,80,True,True,CONTINUATION,70,False,0.0,NONE,True,BULLISH,False,True,50,False,70,18.13031161473111,6.914212548015482,50.0,25,POOR,False,75,85,0.12741368031730152,6,90.0,True,RANDOM,70,54.43227357702969,1.0717603367710222,True,MOMENTUM_SHIFT,False,True,False,65,True,70,NONE,100,CHOPPY,EXTREME,NONE,100,0.1336,CHOPPY,20,50,30,STRONG,NONE,75,40,85,EXTREME,88,40,60,1.68,False,40,0.9407364787111623,26.750352128883776,RANGING,90,False,NONE,1.13334,1.13574,1.135003,FAR,30,50,85,50,NONE,NONE,NONE,False,[],0,0,ACCUMULATION,ACCUMULATION,50,65,True,32,"Smart money accumulation. Bullish bias, look for breakout.",4.291,0.5,False,False,True,True,0.3,0.3,True,False,True,22,False,BEARISH,BULLISH,1.1357,1.135895,1.13551,1.135885,LONDON,62760,HIGH,LONDON,62760,HIGH,MORNING_STAR,BULLISH,WEAK,HIGH,NEUTRAL,CHOPPY,False,TESTING_RESISTANCE,False,NONE,0,False,False,False,60,[],0,NO,ACCUMULATION,"Smart money accumulation. Bullish bias, look for breakout.",EXTREME,MEDIUM,0.037,True,Passed basic checks,0,50,50,MEDIUM,5,WAIT,รอการวิเคราะห์จาก AI
2026-06-25 19:40:00,1.135695,1.135695,1.135515,1.13558,518.0,EURUSD,1.134818,1.134483,1.134431,1.134942,1.135392,1.135613,1.135144,1.133055,0.002089,0.001749,96.5,81.72,-9.5e-05,-0.000345,0.000249,82.34,78.43,0.000464,97.99,2.1,0.000358,0.000311,39.49,35.02,14.78,40.65,0.1844,2961,915.1,3.236,True,RISING,0.000179,3.3e-05,-7.6e-05,1.13334,1.135895,1.135487,1.135988,1.136397,1.135078,1.134577,31,5.51,1.135534,1.134887,67.62,0.000432,0.000318,91.09,91.36,0.000406,1.13385,1.135895,1.136097,1.133261,518,1.339,1.13558,1.135695,1.135515,1.135695,,,,,,,,42,36,-20.0,100,NEUTRAL,False,70,[],0,0,NEUTRAL,BULLISH,40,False,0,100,NONE,NONE,UP,0,True,75,82,18,80,True,True,CONTINUATION,70,False,0.0,NONE,True,BULLISH,False,True,50,False,70,25.7069408740392,14.65875370920013,50.0,30,POOR,False,75,97,0.261751657480556,6,80.0,True,TRENDING,70,60.7215732468826,1.5198920752087233,True,VOLATILITY_REGIME_CHANGE,True,True,False,30,False,70,NONE,100,CHOPPY,EXTREME,NONE,100,0.1844,CHOPPY,20,50,30,STRONG,NONE,75,55,85,EXTREME,88,40,60,2.1,True,40,1.1943967981703831,0.0,RANGING,90,False,NONE,1.13334,1.135895,1.135487,FAR,30,50,85,50,NONE,NONE,NONE,False,[],0,0,ACCUMULATION,ACCUMULATION,50,65,True,32,"Smart money accumulation. Bullish bias, look for breakout.",3.236,0.5,True,False,True,True,0.3,0.3,True,False,True,22,False,BEARISH,BULLISH,1.13558,1.135695,1.135515,1.135695,LONDON,63245,HIGH,LONDON,63245,HIGH,NONE,BULLISH,WEAK,HIGH,NEUTRAL,CHOPPY,False,NONE,False,NONE,0,False,False,False,60,[],0,NO,ACCUMULATION,"Smart money accumulation. Bullish bias, look for breakout.",EXTREME,MEDIUM,0.041,True,Passed basic checks,0,50,50,MEDIUM,5,WAIT,รอการวิเคราะห์จาก AI
2026-06-25 19:41:00,1.135585,1.135635,1.135275,1.13536,453.0,EURUSD,1.134818,1.134483,1.134431,1.134942,1.135392,1.135613,1.135144,1.133055,0.002089,0.001749,96.5,81.72,-9.5e-05,-0.000345,0.000249,82.34,78.43,0.000464,97.99,2.1,0.000358,0.000311,39.49,35.02,14.78,40.65,0.1844,2961,915.1,3.236,True,RISING,0.000179,3.3e-05,-7.6e-05,1.13334,1.135895,1.135487,1.135988,1.136397,1.135078,1.134577,31,5.51,1.135476,1.134932,65.07,0.000415,0.000338,82.09,89.3,0.000428,1.13385,1.135895,1.136166,1.133312,453,1.126,1.13536,1.135635,1.135275,1.135585,,,,,,,,42,36,-20.0,100,NEUTRAL,False,70,[],0,0,NEUTRAL,BULLISH,40,False,0,100,NONE,NONE,UP,0,True,75,82,18,80,True,True,CONTINUATION,70,False,0.0,NONE,True,BULLISH,False,True,50,False,70,25.7069408740392,14.65875370920013,50.0,30,POOR,False,75,97,0.261751657480556,6,80.0,True,TRENDING,70,60.7215732468826,1.5198920752087233,True,VOLATILITY_REGIME_CHANGE,True,True,False,30,False,70,NONE,100,CHOPPY,EXTREME,NONE,100,0.1844,CHOPPY,20,50,30,STRONG,NONE,75,55,85,EXTREME,88,40,60,2.1,True,40,1.1943967981703831,0.0,RANGING,90,False,NONE,1.13334,1.135895,1.135487,FAR,30,50,85,50,NONE,NONE,NONE,False,[],0,0,ACCUMULATION,ACCUMULATION,50,65,True,32,"Smart money accumulation. Bullish bias, look for breakout.",3.236,0.5,True,False,True,True,0.3,0.3,True,False,True,22,False,BEARISH,BULLISH,1.13536,1.135635,1.135275,1.135585,LONDON,62642,HIGH,LONDON,62642,HIGH,NONE,BULLISH,WEAK,HIGH,NEUTRAL,CHOPPY,False,NONE,False,NONE,0,False,False,False,60,[],0,NO,ACCUMULATION,"Smart money accumulation. Bullish bias, look for breakout.",EXTREME,LOW,0.041,True,Passed basic checks,0,50,50,MEDIUM,5,WAIT,รอการวิเคราะห์จาก AI
2026-06-25 19:42:00,1.135355,1.13573,1.135315,1.13573,384.0,EURUSD,1.134818,1.134483,1.134431,1.134942,1.135392,1.135613,1.135144,1.133055,0.002089,0.001749,96.5,81.72,-9.5e-05,-0.000345,0.000249,82.34,78.43,0.000464,97.99,2.1,0.000358,0.000311,39.49,35.02,14.78,40.65,0.1844,2961,915.1,3.236,True,RISING,0.000179,3.3e-05,-7.6e-05,1.13334,1.135895,1.135487,1.135988,1.136397,1.135078,1.134577,31,5.51,1.135561,1.135008,68.22,0.000427,0.000356,82.56,85.25,0.000451,1.13385,1.135895,1.13627,1.133384,384,0.923,1.13573,1.13573,1.135315,1.135355,,,,,,,,42,36,-20.0,100,NEUTRAL,False,70,[],0,0,NEUTRAL,BULLISH,40,False,0,100,NONE,NONE,UP,0,True,75,82,18,80,True,True,CONTINUATION,70,False,0.0,NONE,True,BULLISH,False,True,50,False,70,25.7069408740392,14.65875370920013,50.0,30,POOR,False,75,97,0.261751657480556,6,80.0,True,TRENDING,70,60.7215732468826,1.5198920752087233,True,VOLATILITY_REGIME_CHANGE,True,True,False,30,False,70,NONE,100,CHOPPY,EXTREME,NONE,100,0.1844,CHOPPY,20,50,30,STRONG,NONE,75,55,85,EXTREME,88,40,60,2.1,True,40,1.1943967981703831,0.0,RANGING,90,False,NONE,1.13334,1.135895,1.135487,FAR,30,50,85,50,NONE,NONE,NONE,False,[],0,0,ACCUMULATION,ACCUMULATION,50,65,True,32,"Smart money accumulation. Bullish bias, look for breakout.",3.236,0.5,True,False,True,True,0.3,0.3,True,False,True,22,False,BEARISH,BULLISH,1.13573,1.13573,1.135315,1.135355,LONDON,62996,HIGH,LONDON,62996,HIGH,NONE,BULLISH,WEAK,HIGH,NEUTRAL,CHOPPY,False,TESTING_RESISTANCE,False,NONE,0,False,False,False,60,[],0,NO,ACCUMULATION,"Smart money accumulation. Bullish bias, look for breakout.",EXTREME,LOW,0.041,True,Passed basic checks,0,50,50,MEDIUM,5,WAIT,รอการวิเคราะห์จาก AI
2026-06-25 19:43:00,1.135735,1.136305,1.135725,1.136185,619.0,EURUSD,1.134818,1.134483,1.134431,1.134942,1.135392,1.135613,1.135144,1.133055,0.002089,0.001749,96.5,81.72,-9.5e-05,-0.000345,0.000249,82.34,78.43,0.000464,97.99,2.1,0.000358,0.000311,39.49,35.02,14.78,40.65,0.1844,2961,915.1,3.236,True,RISING,0.000179,3.3e-05,-7.6e-05,1.13334,1.135895,1.135487,1.135988,1.136397,1.135078,1.134577,31,5.51,1.135769,1.13512,70.44,0.000467,0.000378,86.2,83.62,0.00048,1.13385,1.136305,1.136443,1.133432,619,1.406,1.136185,1.136305,1.135725,1.135735,,,,,,,,42,36,-20.0,100,NEUTRAL,False,70,[],0,0,NEUTRAL,BULLISH,40,False,0,100,NONE,NONE,UP,0,True,75,82,18,80,True,True,CONTINUATION,70,False,0.0,NONE,True,BULLISH,False,True,50,False,70,25.7069408740392,14.65875370920013,50.0,30,POOR,False,75,97,0.261751657480556,6,80.0,True,TRENDING,70,60.7215732468826,1.5198920752087233,True,VOLATILITY_REGIME_CHANGE,True,True,False,30,False,70,NONE,100,CHOPPY,EXTREME,NONE,100,0.1844,CHOPPY,20,50,30,STRONG,NONE,75,55,85,EXTREME,88,40,60,2.1,True,40,1.1943967981703831,0.0,RANGING,90,False,NONE,1.13334,1.135895,1.135487,FAR,30,50,85,50,NONE,NONE,NONE,False,[],0,0,ACCUMULATION,ACCUMULATION,50,65,True,32,"Smart money accumulation. Bullish bias, look for breakout.",3.236,0.5,True,False,True,True,0.3,0.3,True,False,True,22,False,BEARISH,BULLISH,1.136185,1.136305,1.135725,1.135735,LONDON,63315,HIGH,LONDON,63315,HIGH,NONE,BULLISH,WEAK,HIGH,NEUTRAL,CHOPPY,False,NONE,False,NONE,0,False,False,False,60,[],0,NO,ACCUMULATION,"Smart money accumulation. Bullish bias, look for breakout.",EXTREME,MEDIUM,0.041,True,Passed basic checks,0,50,50,MEDIUM,5,WAIT,รอการวิเคราะห์จาก AI
2026-06-25 19:44:00,1.13618,1.13637,1.136045,1.136345,492.0,EURUSD,1.134818,1.134483,1.134431,1.134942,1.135392,1.135613,1.135144,1.133055,0.002089,0.001749,96.5,81.72,-9.5e-05,-0.000345,0.000249,82.34,78.43,0.000464,97.99,2.1,0.000358,0.000311,39.49,35.02,14.78,40.65,0.1844,2961,915.1,3.236,True,RISING,0.000179,3.3e-05,-7.6e-05,1.13334,1.135895,1.135487,1.135988,1.136397,1.135078,1.134577,31,5.51,1.135961,1.135237,71.15,0.000506,0.000404,94.99,87.92,0.000495,1.13392,1.13637,1.136609,1.133509,492,1.08,1.136345,1.13637,1.136045,1.13618,,,,,,,,42,36,-20.0,100,NEUTRAL,False,70,[],0,0,NEUTRAL,BULLISH,40,False,0,100,NONE,NONE,UP,0,True,75,82,18,80,True,True,CONTINUATION,70,False,0.0,NONE,True,BULLISH,False,True,50,False,70,25.7069408740392,14.65875370920013,50.0,30,POOR,False,75,97,0.261751657480556,6,80.0,True,TRENDING,70,60.7215732468826,1.5198920752087233,True,VOLATILITY_REGIME_CHANGE,True,True,False,30,False,70,NONE,100,CHOPPY,EXTREME,NONE,100,0.1844,CHOPPY,20,50,30,STRONG,NONE,75,55,85,EXTREME,88,40,60,2.1,True,40,1.1943967981703831,0.0,RANGING,90,False,NONE,1.13334,1.135895,1.135487,FAR,30,50,85,50,NONE,NONE,NONE,False,[],0,0,ACCUMULATION,ACCUMULATION,50,65,True,32,"Smart money accumulation. Bullish bias, look for breakout.",3.236,0.5,True,False,True,True,0.3,0.3,True,False,True,22,False,BEARISH,BULLISH,1.136345,1.13637,1.136045,1.13618,LONDON,62684,HIGH,LONDON,62684,HIGH,NONE,BULLISH,WEAK,HIGH,NEUTRAL,CHOPPY,False,NONE,False,NONE,0,False,False,False,60,[],0,NO,ACCUMULATION,"Smart money accumulation. Bullish bias, look for breakout.",EXTREME,LOW,0.041,True,Passed basic checks,0,50,50,MEDIUM,5,WAIT,รอการวิเคราะห์จาก AI
2026-06-25 19:45:00,1.13634,1.13646,1.13625,1.13628,468.0,EURUSD,1.135305,1.134809,1.134607,1.134994,1.135408,1.135613,1.135625,1.132768,0.002857,0.001768,97.11,89.64,5.9e-05,-0.000264,0.000323,85.36,81.43,0.000528,100.0,2.71,0.000378,0.000312,40.26,37.15,12.3,50.25,0.2218,2416,1006.2,2.401,True,RISING,0.000238,6.8e-05,-6.9e-05,1.13334,1.13646,1.136005,1.136735,1.13719,1.13555,1.13482,33,5.91,1.136067,1.135336,58.92,0.000526,0.000428,94.72,91.97,0.000396,1.13395,1.13646,1.136742,1.133592,468,0.992,1.13628,1.13646,1.13625,1.13634,,,,,,,,44,33,-13.333333333333334,100,NEUTRAL,False,70,[],0,0,NEUTRAL,BULLISH,40,False,0,100,NONE,NONE,UP,0,True,75,82,18,80,True,True,CONTINUATION,70,False,0.0,NONE,True,BULLISH,False,True,50,False,70,44.43168771527142,20.2393906420023,55.00000000000001,39,FAIR,False,75,92,0.3388649590624387,6,50.0,True,TRENDING,70,63.60867275361775,2.212221536668498,True,VOLATILITY_REGIME_CHANGE,True,True,True,0,False,70,NONE,100,CHOPPY,EXTREME,NONE,100,0.2218,CHOPPY,20,50,30,STRONG,NONE,80,55,90,EXTREME,88,40,60,2.71,True,40,1.615950226244344,0.0,RANGING,90,False,NONE,1.13334,1.13646,1.136005,FAR,30,50,85,50,NONE,NONE,NONE,False,[],0,0,ACCUMULATION,ACCUMULATION,50,65,True,33,"Smart money accumulation. Bullish bias, look for breakout.",2.401,0.5,True,False,True,True,0.3,0.3,True,False,True,22,False,BULLISH,BULLISH,1.13628,1.13646,1.13625,1.13634,LONDON,63178,HIGH,LONDON,63178,HIGH,NONE,BULLISH,WEAK,HIGH,NEUTRAL,NORMAL,False,TESTING_RESISTANCE,False,NONE,0,False,False,False,60,[],0,NO,ACCUMULATION,"Smart money accumulation. Bullish bias, look for breakout.",EXTREME,LOW,0.046,True,Passed basic checks,0,50,50,MEDIUM,5,WAIT,รอการวิเคราะห์จาก AI
2026-06-25 19:46:00,1.136275,1.13638,1.136115,1.136245,473.0,EURUSD,1.135305,1.134809,1.134607,1.134994,1.135408,1.135613,1.135625,1.132768,0.002857,0.001768,97.11,89.64,5.9e-05,-0.000264,0.000323,85.36,81.43,0.000528,100.0,2.71,0.000378,0.000312,40.26,37.15,12.3,50.25,0.2218,2416,1006.2,2.401,True,RISING,0.000238,6.8e-05,-6.9e-05,1.13334,1.13646,1.136005,1.136735,1.13719,1.13555,1.13482,33,5.91,1.136127,1.135423,73.49,0.000533,0.000449,92.73,94.15,0.000349,1.13395,1.13646,1.136835,1.133715,473,0.965,1.136245,1.13638,1.136115,1.136275,,,,,,,,44,33,-13.333333333333334,100,NEUTRAL,False,70,[],0,0,NEUTRAL,BULLISH,40,False,0,100,NONE,NONE,UP,0,True,75,82,18,80,True,True,CONTINUATION,70,False,0.0,NONE,True,BULLISH,False,True,50,False,70,44.43168771527142,20.2393906420023,55.00000000000001,39,FAIR,False,75,92,0.3388649590624387,6,50.0,True,TRENDING,70,63.60867275361775,2.212221536668498,True,VOLATILITY_REGIME_CHANGE,True,True,True,0,False,70,NONE,100,CHOPPY,EXTREME,NONE,100,0.2218,CHOPPY,20,50,30,STRONG,NONE,80,55,90,EXTREME,88,40,60,2.71,True,40,1.615950226244344,0.0,RANGING,90,False,NONE,1.13334,1.13646,1.136005,FAR,30,50,85,50,NONE,NONE,NONE,False,[],0,0,ACCUMULATION,ACCUMULATION,50,65,True,33,"Smart money accumulation. Bullish bias, look for breakout.",2.401,0.5,True,False,True,True,0.3,0.3,True,False,True,22,False,BULLISH,BULLISH,1.136245,1.13638,1.136115,1.136275,LONDON,62760,HIGH,LONDON,62760,HIGH,NONE,BULLISH,WEAK,HIGH,NEUTRAL,NORMAL,False,TESTING_RESISTANCE,False,NONE,0,False,False,False,60,[],0,NO,ACCUMULATION,"Smart money accumulation. Bullish bias, look for breakout.",EXTREME,LOW,0.046,True,Passed basic checks,0,50,50,MEDIUM,5,WAIT,รอการวิเคราะห์จาก AI
2026-06-25 19:47:00,1.13624,1.136295,1.13599,1.13611,365.0,EURUSD,1.135305,1.134809,1.134607,1.134994,1.135408,1.135613,1.135625,1.132768,0.002857,0.001768,97.11,89.64,5.9e-05,-0.000264,0.000323,85.36,81.43,0.000528,100.0,2.71,0.000378,0.000312,40.26,37.15,12.3,50.25,0.2218,2416,1006.2,2.401,True,RISING,0.000238,6.8e-05,-6.9e-05,1.13334,1.13646,1.136005,1.136735,1.13719,1.13555,1.13482,33,5.91,1.136121,1.135488,69.9,0.000521,0.000463,87.0,91.48,0.00035,1.13395,1.13646,1.136867,1.13389,365,0.723,1.13611,1.136295,1.13599,1.13624,,,,,,,,44,33,-13.333333333333334,100,NEUTRAL,False,70,[],0,0,NEUTRAL,BULLISH,40,False,0,100,NONE,NONE,UP,0,True,75,82,18,80,True,True,CONTINUATION,70,False,0.0,NONE,True,BULLISH,False,True,50,False,70,44.43168771527142,20.2393906420023,55.00000000000001,39,FAIR,False,75,92,0.3388649590624387,6,50.0,True,TRENDING,70,63.60867275361775,2.212221536668498,True,VOLATILITY_REGIME_CHANGE,True,True,True,0,False,70,NONE,100,CHOPPY,EXTREME,NONE,100,0.2218,CHOPPY,20,50,30,STRONG,NONE,80,55,90,EXTREME,88,40,60,2.71,True,40,1.615950226244344,0.0,RANGING,90,False,NONE,1.13334,1.13646,1.136005,FAR,30,50,85,50,NONE,NONE,NONE,False,[],0,0,ACCUMULATION,ACCUMULATION,50,65,True,33,"Smart money accumulation. Bullish bias, look for breakout.",2.401,0.5,True,False,True,True,0.3,0.3,True,False,True,22,False,BULLISH,BULLISH,1.13611,1.136295,1.13599,1.13624,LONDON,63144,HIGH,LONDON,63144,HIGH,NONE,BULLISH,WEAK,HIGH,NEUTRAL,NORMAL,False,NONE,False,NONE,0,False,False,False,60,[],0,NO,ACCUMULATION,"Smart money accumulation. Bullish bias, look for breakout.",EXTREME,LOW,0.046,True,Passed basic checks,0,50,50,MEDIUM,5,WAIT,รอการวิเคราะห์จาก AI
2026-06-25 19:48:00,1.13611,1.1364,1.135935,1.136365,402.0,EURUSD,1.135305,1.134809,1.134607,1.134994,1.135408,1.135613,1.135625,1.132768,0.002857,0.001768,97.11,89.64,5.9e-05,-0.000264,0.000323,85.36,81.43,0.000528,100.0,2.71,0.000378,0.000312,40.26,37.15,12.3,50.25,0.2218,2416,1006.2,2.401,True,RISING,0.000238,6.8e-05,-6.9e-05,1.13334,1.13646,1.136005,1.136735,1.13719,1.13555,1.13482,33,5.91,1.136202,1.135572,76.44,0.000526,0.000476,88.37,89.37,0.000361,1.13398,1.13646,1.136899,1.134093,402,0.773,1.136365,1.1364,1.135935,1.13611,,,,,,,,44,33,-13.333333333333334,100,NEUTRAL,False,70,[],0,0,NEUTRAL,BULLISH,40,False,0,100,NONE,NONE,UP,0,True,75,82,18,80,True,True,CONTINUATION,70,False,0.0,NONE,True,BULLISH,False,True,50,False,70,44.43168771527142,20.2393906420023,55.00000000000001,39,FAIR,False,75,92,0.3388649590624387,6,50.0,True,TRENDING,70,63.60867275361775,2.212221536668498,True,VOLATILITY_REGIME_CHANGE,True,True,True,0,False,70,NONE,100,CHOPPY,EXTREME,NONE,100,0.2218,CHOPPY,20,50,30,STRONG,NONE,80,55,90,EXTREME,88,40,60,2.71,True,40,1.615950226244344,0.0,RANGING,90,False,NONE,1.13334,1.13646,1.136005,FAR,30,50,85,50,NONE,NONE,NONE,False,[],0,0,ACCUMULATION,ACCUMULATION,50,65,True,33,"Smart money accumulation. Bullish bias, look for breakout.",2.401,0.5,True,False,True,True,0.3,0.3,True,False,True,22,False,BULLISH,BULLISH,1.136365,1.1364,1.135935,1.13611,LONDON,62629,HIGH,LONDON,62629,HIGH,NONE,BULLISH,WEAK,HIGH,NEUTRAL,NORMAL,False,TESTING_RESISTANCE,False,NONE,0,False,False,False,60,[],0,NO,ACCUMULATION,"Smart money accumulation. Bullish bias, look for breakout.",EXTREME,LOW,0.046,True,Passed basic checks,0,50,50,MEDIUM,5,WAIT,รอการวิเคราะห์จาก AI
2026-06-25 19:49:00,1.13637,1.13644,1.136175,1.13618,401.0,EURUSD,1.135305,1.134809,1.134607,1.134994,1.135408,1.135613,1.135625,1.132768,0.002857,0.001768,97.11,89.64,5.9e-05,-0.000264,0.000323,85.36,81.43,0.000528,100.0,2.71,0.000378,0.000312,40.26,37.15,12.3,50.25,0.2218,2416,1006.2,2.401,True,RISING,0.000238,6.8e-05,-6.9e-05,1.13334,1.13646,1.136005,1.136735,1.13719,1.13555,1.13482,33,5.91,1.136195,1.13563,68.03,0.00051,0.000483,85.79,87.05,0.000347,1.134035,1.13646,1.136871,1.134328,401,0.748,1.13618,1.13644,1.136175,1.13637,,,,,,,,44,33,-13.333333333333334,100,NEUTRAL,False,70,[],0,0,NEUTRAL,BULLISH,40,False,0,100,NONE,NONE,UP,0,True,75,82,18,80,True,True,CONTINUATION,70,False,0.0,NONE,True,BULLISH,False,True,50,False,70,44.43168771527142,20.2393906420023,55.00000000000001,39,FAIR,False,75,92,0.3388649590624387,6,50.0,True,TRENDING,70,63.60867275361775,2.212221536668498,True,VOLATILITY_REGIME_CHANGE,True,True,True,0,False,70,NONE,100,CHOPPY,EXTREME,NONE,100,0.2218,CHOPPY,20,50,30,STRONG,NONE,80,55,90,EXTREME,88,40,60,2.71,True,40,1.615950226244344,0.0,RANGING,90,False,NONE,1.13334,1.13646,1.136005,FAR,30,50,85,50,NONE,NONE,NONE,False,[],0,0,ACCUMULATION,ACCUMULATION,50,65,True,33,"Smart money accumulation. Bullish bias, look for breakout.",2.401,0.5,True,False,True,True,0.3,0.3,True,False,True,22,False,BULLISH,BULLISH,1.13618,1.13644,1.136175,1.13637,LONDON,62960,HIGH,LONDON,62960,HIGH,NONE,BULLISH,WEAK,HIGH,NEUTRAL,NORMAL,False,NONE,False,NONE,0,False,False,False,60,[],0,NO,ACCUMULATION,"Smart money accumulation. Bullish bias, look for breakout.",EXTREME,LOW,0.046,True,Passed basic checks,0,50,50,MEDIUM,5,WAIT,รอการวิเคราะห์จาก AI
2026-06-25 19:50:00,1.136165,1.136165,1.13581,1.13592,338.0,EURUSD,1.13551,1.135011,1.134732,1.13503,1.13542,1.135624,1.135893,1.132649,0.003244,0.001791,83.59,81.87,0.000151,-0.000181,0.000332,88.2,85.3,0.000553,100.0,2.89,0.0004,0.000315,40.97,33.89,11.22,50.25,0.1821,1979,1085.9,1.822,False,RISING,0.000262,9.6e-05,-6.3e-05,1.13334,1.13646,1.136057,1.136303,1.136687,1.135673,1.135427,34,5.64,1.136103,1.135657,61.72,0.00047,0.00048,77.9,84.02,0.000357,1.13415,1.13646,1.136765,1.134611,338,0.627,1.13592,1.136165,1.13581,1.136165,,,,,,,,44,33,-13.333333333333334,100,NEUTRAL,False,70,[],0,0,NEUTRAL,BEARISH,40,False,0,100,NONE,NONE,UP,0,True,75,97,3,80,True,True,CONTINUATION,70,True,60.0,BULLISH,True,BULLISH,False,True,50,False,70,32.32758620689948,15.685252735801521,50.0,32,POOR,False,75,91,0.24064788126322645,6,40.0,True,RANDOM,70,57.33890697208642,1.5707519750192576,True,VOLATILITY_REGIME_CHANGE,True,True,True,0,False,70,NONE,100,CHOPPY,EXTREME,NONE,100,0.1821,CHOPPY,20,50,30,STRONG,NONE,80,55,90,EXTREME,88,40,60,2.89,True,40,1.8112786152987157,0.0,RANGING,90,False,NONE,1.13334,1.136303,1.136057,FAR,30,50,85,50,NONE,NONE,NONE,False,[],0,0,ACCUMULATION,ACCUMULATION,50,65,True,33,"Smart money accumulation. Bullish bias, look for breakout.",1.822,0.5,True,False,True,True,0.3,0.3,True,False,True,22,False,BULLISH,BULLISH,1.13592,1.136165,1.13581,1.136165,LONDON,63390,HIGH,LONDON,63390,HIGH,NONE,BEARISH,WEAK,HIGH,NEUTRAL,CHOPPY,False,NONE,False,NONE,0,False,False,False,60,[],0,NO,ACCUMULATION,"Smart money accumulation. Bullish bias, look for breakout.",EXTREME,LOW,0.049,True,Passed basic checks,0,50,50,MEDIUM,5,WAIT,รอการวิเคราะห์จาก AI
2026-06-25 21:14:00,1.137525,1.137605,1.1374,1.13749,423.0,EURUSD,1.137138,1.136715,1.136163,1.135653,1.135659,1.135742,1.137685,1.134565,0.00312,0.002243,66.75,69.75,0.000622,0.000463,0.00016,82.73,76.97,0.000697,99.5,2.83,0.000658,0.000557,36.67,37.85,11.26,54.16,0.117,3263,2071.25,1.575,False,RISING,0.00012,9.9e-05,3.9e-05,1.13415,1.138375,1.137807,1.138233,1.138802,1.137238,1.136812,20,6.06,1.137578,1.137267,70.25,0.000326,0.000322,61.51,66.57,0.000384,1.135905,1.138375,1.138505,1.135727,423,0.739,1.13749,1.137605,1.1374,1.137525,,,,,,,,46,26,20.0,82,NEUTRAL,False,70,[],0,0,NEUTRAL,BEARISH,40,False,0,100,UP,NONE,NONE,0,True,75,70,30,80,False,True,CONTINUATION,70,True,60.0,BULLISH,False,NONE,False,False,0,False,60,39.59505061867004,16.666666666666664,55.00000000000001,37,FAIR,False,75,75,-0.01770618683802956,5,100.0,True,RANDOM,70,44.06168258338923,8.31545439736477,True,VOLATILITY_REGIME_CHANGE,True,False,True,35,False,70,NONE,100,CHOPPY,EXTREME,NONE,100,0.117,CHOPPY,20,50,30,STRONG,NONE,70,30,80,EXTREME,88,40,60,2.83,True,40,1.3909942041908157,0.0,RANGING,90,False,NONE,1.13415,1.138233,1.137807,FAR,30,50,85,50,NONE,NONE,NONE,False,[],0,0,ACCUMULATION,ACCUMULATION,50,65,True,31,"Smart money accumulation. Bullish bias, look for breakout.",1.575,0.5,False,False,True,True,0.3,0.3,True,False,True,22,False,BULLISH,BULLISH,1.13749,1.137605,1.1374,1.137525,NEW YORK,63337,HIGH,NEW YORK,63337,HIGH,NONE,BEARISH,WEAK,LOW,NEUTRAL,CHOPPY,False,NONE,False,NONE,0,False,False,False,60,[],0,NO,ACCUMULATION,"Smart money accumulation. Bullish bias, look for breakout.",EXTREME,LOW,0.061,[],True,Passed basic checks,0,50,50,MEDIUM,5,WAIT,รอการวิเคราะห์จาก AI
2026-06-25 21:15:00,1.137485,1.137505,1.137335,1.1374,313.0,EURUSD,1.137226,1.136839,1.136281,1.135721,1.135696,1.135774,1.137823,1.134655,0.003168,0.002266,56.02,66.83,0.000641,0.000498,0.000143,83.41,81.42,0.000694,98.99,2.74,0.000661,0.000581,37.8,35.88,11.16,52.56,0.0752,2052,2002.9,1.025,False,RISING,0.000132,0.000101,4.6e-05,1.13492,1.138375,1.137517,1.137698,1.137997,1.137218,1.137037,20,4.98,1.137519,1.13728,66.36,0.000297,0.000317,56.02,61.7,0.000379,1.135905,1.138375,1.138508,1.135837,313,0.551,1.1374,1.137505,1.137335,1.137485,,,,,,,,47,26,13.333333333333334,79,NEUTRAL,False,70,[],0,0,NEUTRAL,BEARISH,40,False,0,100,UP,NONE,NONE,0,True,75,97,3,80,True,True,CONTINUATION,70,True,60.0,BULLISH,False,NONE,False,False,0,False,60,27.87286063569578,12.853107344632136,50.0,30,POOR,False,75,75,-0.01342645148148345,5,100.0,True,RANDOM,70,43.61471863751941,8.26627283400297,True,VOLATILITY_REGIME_CHANGE,True,False,True,35,False,70,UP,100,CHOPPY,EXTREME,UP,100,0.0752,CHOPPY,75,30,75,STRONG,NONE,70,30,80,EXTREME,88,40,60,2.74,True,40,1.3980582524271845,0.0,RANGING,90,False,NONE,1.13492,1.137698,1.137517,FAR,30,50,85,50,NONE,NONE,NONE,False,[],0,0,ACCUMULATION,ACCUMULATION,50,65,True,32,"Smart money accumulation. Bullish bias, look for breakout.",1.025,0.5,False,False,True,True,0.3,0.3,True,False,False,22,False,BULLISH,BULLISH,1.1374,1.137505,1.137335,1.137485,NEW YORK,62866,HIGH,NEW YORK,62866,HIGH,NONE,BEARISH,WEAK,LOW,NEUTRAL,CHOPPY,False,NONE,False,NONE,0,False,False,False,60,[],0,NO,ACCUMULATION,"Smart money accumulation. Bullish bias, look for breakout.",EXTREME,LOW,0.061,[],True,Passed basic checks,0,50,50,MEDIUM,5,WAIT,รอการวิเคราะห์จาก AI
2026-06-25 21:16:00,1.137405,1.137675,1.137345,1.13737,409.0,EURUSD,1.137226,1.136839,1.136281,1.135721,1.135696,1.135774,1.137823,1.134655,0.003168,0.002266,56.02,66.83,0.000641,0.000498,0.000143,83.41,81.42,0.000694,98.99,2.74,0.000661,0.000581,37.8,35.88,11.16,52.56,0.0752,2052,2002.9,1.025,False,RISING,0.000132,0.000101,4.6e-05,1.13492,1.138375,1.137517,1.137698,1.137997,1.137218,1.137037,20,4.98,1.137469,1.137289,60.58,0.000268,0.000307,48.94,55.49,0.000363,1.13601,1.138375,1.138473,1.136,409,0.736,1.13737,1.137675,1.137345,1.137405,,,,,,,,47,26,13.333333333333334,79,NEUTRAL,False,70,[],0,0,NEUTRAL,BEARISH,40,False,0,100,UP,NONE,NONE,0,True,75,97,3,80,True,True,CONTINUATION,70,True,60.0,BULLISH,False,NONE,False,False,0,False,60,27.87286063569578,12.853107344632136,50.0,30,POOR,False,75,75,-0.01342645148148345,5,100.0,True,RANDOM,70,43.61471863751941,8.26627283400297,True,VOLATILITY_REGIME_CHANGE,True,False,True,35,False,70,UP,100,CHOPPY,EXTREME,UP,100,0.0752,CHOPPY,75,30,75,STRONG,NONE,70,30,80,EXTREME,88,40,60,2.74,True,40,1.3980582524271845,0.0,RANGING,90,False,NONE,1.13492,1.137698,1.137517,FAR,30,50,85,50,NONE,NONE,NONE,False,[],0,0,TRENDING_STRONG,TRENDING_STRONG,50,75,True,32,Strong directional trend with high momentum. Favorable for trend-following strategies.,1.025,0.5,False,False,True,True,0.3,0.3,True,False,False,22,False,BULLISH,BULLISH,1.13737,1.137675,1.137345,1.137405,NEW YORK,63321,HIGH,NEW YORK,63321,HIGH,NONE,BEARISH,WEAK,LOW,NEUTRAL,CHOPPY,False,NONE,False,NONE,0,False,False,False,60,[],0,NO,TRENDING_STRONG,Strong directional trend with high momentum. Favorable for trend-following strategies.,EXTREME,LOW,0.061,[],True,Passed basic checks,0,50,50,MEDIUM,5,WAIT,รอการวิเคราะห์จาก AI
2026-06-25 21:17:00,1.137365,1.13768,1.137345,1.137665,370.0,EURUSD,1.137226,1.136839,1.136281,1.135721,1.135696,1.135774,1.137823,1.134655,0.003168,0.002266,56.02,66.83,0.000641,0.000498,0.000143,83.41,81.42,0.000694,98.99,2.74,0.000661,0.000581,37.8,35.88,11.16,52.56,0.0752,2052,2002.9,1.025,False,RISING,0.000132,0.000101,4.6e-05,1.13492,1.138375,1.137517,1.137698,1.137997,1.137218,1.137037,20,4.98,1.137534,1.137324,63.67,0.000266,0.000299,46.86,50.61,0.000368,1.136055,1.138375,1.138436,1.136197,370,0.663,1.137665,1.13768,1.137345,1.137365,,,,,,,,47,26,13.333333333333334,79,NEUTRAL,False,70,[],0,0,NEUTRAL,BEARISH,40,False,0,100,UP,NONE,NONE,0,True,75,97,3,80,True,True,CONTINUATION,70,True,60.0,BULLISH,False,NONE,False,False,0,False,60,27.87286063569578,12.853107344632136,50.0,30,POOR,False,75,75,-0.01342645148148345,5,100.0,True,RANDOM,70,43.61471863751941,8.26627283400297,True,VOLATILITY_REGIME_CHANGE,True,False,True,35,False,70,UP,100,CHOPPY,EXTREME,UP,100,0.0752,CHOPPY,75,30,75,STRONG,NONE,70,30,80,EXTREME,88,40,60,2.74,True,40,1.3980582524271845,0.0,RANGING,90,False,NONE,1.13492,1.137698,1.137517,FAR,30,50,85,50,NONE,NONE,NONE,False,[],0,0,TRENDING_STRONG,TRENDING_STRONG,50,75,True,32,Strong directional trend with high momentum. Favorable for trend-following strategies.,1.025,0.5,False,False,True,True,0.3,0.3,True,False,False,22,False,BULLISH,BULLISH,1.137665,1.13768,1.137345,1.137365,NEW YORK,62939,HIGH,NEW YORK,62939,HIGH,NONE,BEARISH,WEAK,LOW,NEUTRAL,CHOPPY,False,NONE,False,NONE,0,False,False,False,60,[],0,NO,TRENDING_STRONG,Strong directional trend with high momentum. Favorable for trend-following strategies.,EXTREME,LOW,0.061,[],True,Passed basic checks,0,50,50,MEDIUM,5,WAIT,รอการวิเคราะห์จาก AI
2026-06-25 21:18:00,1.13766,1.137725,1.137465,1.1375,405.0,EURUSD,1.137226,1.136839,1.136281,1.135721,1.135696,1.135774,1.137823,1.134655,0.003168,0.002266,56.02,66.83,0.000641,0.000498,0.000143,83.41,81.42,0.000694,98.99,2.74,0.000661,0.000581,37.8,35.88,11.16,52.56,0.0752,2052,2002.9,1.025,False,RISING,0.000132,0.000101,4.6e-05,1.13492,1.138375,1.137517,1.137698,1.137997,1.137218,1.137037,20,4.98,1.137523,1.137341,52.04,0.000248,0.000289,35.57,43.79,0.000348,1.136155,1.138375,1.138404,1.13634,405,0.732,1.1375,1.137725,1.137465,1.13766,,,,,,,,47,26,13.333333333333334,79,NEUTRAL,False,70,[],0,0,NEUTRAL,BEARISH,40,False,0,100,UP,NONE,NONE,0,True,75,97,3,80,True,True,CONTINUATION,70,True,60.0,BULLISH,False,NONE,False,False,0,False,60,27.87286063569578,12.853107344632136,50.0,30,POOR,False,75,75,-0.01342645148148345,5,100.0,True,RANDOM,70,43.61471863751941,8.26627283400297,True,VOLATILITY_REGIME_CHANGE,True,False,True,35,False,70,UP,100,CHOPPY,EXTREME,UP,100,0.0752,CHOPPY,75,30,75,STRONG,NONE,70,30,80,EXTREME,88,40,60,2.74,True,40,1.3980582524271845,0.0,RANGING,90,False,NONE,1.13492,1.137698,1.137517,FAR,30,50,85,50,NONE,NONE,NONE,False,[],0,0,TRENDING_STRONG,TRENDING_STRONG,50,75,True,32,Strong directional trend with high momentum. Favorable for trend-following strategies.,1.025,0.5,False,False,True,True,0.3,0.3,True,False,False,22,False,BULLISH,BULLISH,1.1375,1.137725,1.137465,1.13766,NEW YORK,63270,HIGH,NEW YORK,63270,HIGH,NONE,BEARISH,WEAK,LOW,NEUTRAL,CHOPPY,False,NONE,False,NONE,0,False,False,False,60,[],0,NO,TRENDING_STRONG,Strong directional trend with high momentum. Favorable for trend-following strategies.,EXTREME,LOW,0.061,[],True,Passed basic checks,0,50,50,MEDIUM,5,WAIT,รอการวิเคราะห์จาก AI
2026-06-25 21:19:00,1.137495,1.137515,1.137145,1.137175,329.0,EURUSD,1.137226,1.136839,1.136281,1.135721,1.135696,1.135774,1.137823,1.134655,0.003168,0.002266,56.02,66.83,0.000641,0.000498,0.000143,83.41,81.42,0.000694,98.99,2.74,0.000661,0.000581,37.8,35.88,11.16,52.56,0.0752,2052,2002.9,1.025,False,RISING,0.000132,0.000101,4.6e-05,1.13492,1.138375,1.137517,1.137698,1.137997,1.137218,1.137037,20,4.98,1.137407,1.137325,32.24,0.000205,0.000272,23.17,35.2,0.000334,1.13619,1.138375,1.138314,1.136521,329,0.607,1.137175,1.137515,1.137145,1.137495,,,,,,,,47,26,13.333333333333334,79,NEUTRAL,False,70,[],0,0,NEUTRAL,BEARISH,40,False,0,100,UP,NONE,NONE,0,True,75,97,3,80,True,True,CONTINUATION,70,True,60.0,BULLISH,False,NONE,False,False,0,False,60,27.87286063569578,12.853107344632136,50.0,30,POOR,False,75,75,-0.01342645148148345,5,100.0,True,RANDOM,70,43.61471863751941,8.26627283400297,True,VOLATILITY_REGIME_CHANGE,True,False,True,35,False,70,UP,100,CHOPPY,EXTREME,UP,100,0.0752,CHOPPY,75,30,75,STRONG,NONE,70,30,80,EXTREME,88,40,60,2.74,True,40,1.3980582524271845,0.0,RANGING,90,False,NONE,1.13492,1.137698,1.137517,FAR,30,50,85,50,NONE,NONE,NONE,False,[],0,0,TRENDING_STRONG,TRENDING_STRONG,50,75,True,32,Strong directional trend with high momentum. Favorable for trend-following strategies.,1.025,0.5,False,False,True,True,0.3,0.3,True,False,False,22,False,BULLISH,BULLISH,1.137175,1.137515,1.137145,1.137495,NEW YORK,62693,HIGH,NEW YORK,62693,HIGH,NONE,BEARISH,WEAK,LOW,NEUTRAL,CHOPPY,False,NONE,False,NONE,0,False,False,False,60,[],0,NO,TRENDING_STRONG,Strong directional trend with high momentum. Favorable for trend-following strategies.,EXTREME,LOW,0.061,[],True,Passed basic checks,0,50,50,MEDIUM,5,WAIT,รอการวิเคราะห์จาก AI
2026-06-25 21:20:00,1.13717,1.137185,1.136955,1.137085,460.0,EURUSD,1.137179,1.136884,1.136358,1.135775,1.135719,1.135757,1.137909,1.13472,0.00319,0.002288,65.38,66.94,0.000624,0.000524,0.000101,71.3,79.15,0.000707,100.0,2.76,0.000665,0.000601,37.92,32.93,14.3,39.43,0.0616,1973,1953.5,1.01,False,FALLING,0.000129,0.000103,5.2e-05,1.13492,1.138375,1.137255,1.137555,1.138025,1.136785,1.136485,21,4.89,1.1373,1.137302,25.73,0.000162,0.00025,9.15,22.63,0.000314,1.136295,1.138375,1.13822,1.136688,460,0.849,1.137085,1.137185,1.136955,1.13717,,,,,,,,46,26,13.333333333333334,77,NEUTRAL,False,70,[],0,0,NEUTRAL,BEARISH,40,False,0,100,UP,NONE,NONE,0,True,75,70,30,80,False,True,CONTINUATION,70,True,60.0,BULLISH,False,NONE,False,False,0,False,60,18.73055382700413,5.7417974322392045,55.00000000000001,26,POOR,False,75,75,-5.22844109148818e-05,5,100.0,True,RANDOM,70,45.83298437758775,5.537745288994421,True,VOLATILITY_REGIME_CHANGE,True,False,True,35,False,70,UP,100,CHOPPY,EXTREME,UP,100,0.0616,CHOPPY,75,30,75,STRONG,NONE,70,30,80,EXTREME,88,40,60,2.76,True,40,1.3942307692307692,0.0,RANGING,90,False,NONE,1.13492,1.137555,1.137255,FAR,30,50,85,50,NONE,NONE,NONE,False,[],0,0,TRENDING_STRONG,TRENDING_STRONG,50,75,True,32,Strong directional trend with high momentum. Favorable for trend-following strategies.,1.01,0.5,False,False,True,True,0.3,0.3,True,False,False,22,False,BULLISH,BULLISH,1.137085,1.137185,1.136955,1.13717,NEW YORK,63121,HIGH,NEW YORK,63121,HIGH,NONE,BEARISH,WEAK,LOW,NEUTRAL,CHOPPY,True,NONE,True,BULL_TRAP,50,True,False,False,70,[],0,NO,TRENDING_STRONG,Strong directional trend with high momentum. Favorable for trend-following strategies.,EXTREME,LOW,0.062,[],True,Passed basic checks,0,50,50,MEDIUM,5,WAIT,รอการวิเคราะห์จาก AI
2026-06-25 21:21:00,1.13709,1.13712,1.136965,1.137085,483.0,EURUSD,1.137179,1.136884,1.136358,1.135775,1.135719,1.135757,1.137909,1.13472,0.00319,0.002288,65.38,66.94,0.000624,0.000524,0.000101,71.3,79.15,0.000707,100.0,2.76,0.000665,0.000601,37.92,32.93,14.3,39.43,0.0616,1973,1953.5,1.01,False,FALLING,0.000129,0.000103,5.2e-05,1.13492,1.138375,1.137255,1.137555,1.138025,1.136785,1.136485,21,4.89,1.137228,1.137282,30.2,0.000126,0.000225,7.46,13.26,0.00028,1.136435,1.138375,1.138132,1.136834,483,0.9,1.137085,1.13712,1.136965,1.13709,,,,,,,,46,26,13.333333333333334,77,NEUTRAL,False,70,[],0,0,NEUTRAL,BEARISH,40,False,0,100,UP,NONE,NONE,0,True,75,70,30,80,False,True,CONTINUATION,70,True,60.0,BULLISH,False,NONE,False,False,0,False,60,18.73055382700413,5.7417974322392045,55.00000000000001,26,POOR,False,75,75,-5.22844109148818e-05,5,100.0,True,RANDOM,70,45.83298437758775,5.537745288994421,True,VOLATILITY_REGIME_CHANGE,True,False,True,35,False,70,UP,100,CHOPPY,EXTREME,UP,100,0.0616,CHOPPY,75,30,75,STRONG,NONE,70,30,80,EXTREME,88,40,60,2.76,True,40,1.3942307692307692,0.0,RANGING,90,False,NONE,1.13492,1.137555,1.137255,FAR,30,50,85,50,NONE,NONE,NONE,False,[],0,0,TRENDING_STRONG,TRENDING_STRONG,50,75,True,32,Strong directional trend with high momentum. Favorable for trend-following strategies.,1.01,0.5,False,False,True,True,0.3,0.3,True,False,False,22,False,BULLISH,BULLISH,1.137085,1.13712,1.136965,1.13709,NEW YORK,62745,HIGH,NEW YORK,62745,HIGH,NONE,BEARISH,WEAK,LOW,NEUTRAL,CHOPPY,True,NONE,True,BULL_TRAP,50,True,False,False,70,[],0,NO,TRENDING_STRONG,Strong directional trend with high momentum. Favorable for trend-following strategies.,EXTREME,LOW,0.062,[],True,Passed basic checks,0,50,50,MEDIUM,5,WAIT,รอการวิเคราะห์จาก AI
2026-06-25 21:22:00,1.13708,1.137185,1.13696,1.13699,352.0,EURUSD,1.137179,1.136884,1.136358,1.135775,1.135719,1.135757,1.137909,1.13472,0.00319,0.002288,65.38,66.94,0.000624,0.000524,0.000101,71.3,79.15,0.000707,100.0,2.76,0.000665,0.000601,37.92,32.93,14.3,39.43,0.0616,1973,1953.5,1.01,False,FALLING,0.000129,0.000103,5.2e-05,1.13492,1.138375,1.137255,1.137555,1.138025,1.136785,1.136485,21,4.89,1.137149,1.137254,32.02,9e-05,0.000198,7.77,8.13,0.000255,1.13671,1.138375,1.138115,1.136864,352,0.676,1.13699,1.137185,1.13696,1.13708,,,,,,,,46,26,13.333333333333334,77,NEUTRAL,False,70,[],0,0,NEUTRAL,BEARISH,40,False,0,100,UP,NONE,NONE,0,True,75,70,30,80,False,True,CONTINUATION,70,True,60.0,BULLISH,False,NONE,False,False,0,False,60,18.73055382700413,5.7417974322392045,55.00000000000001,26,POOR,False,75,75,-5.22844109148818e-05,5,100.0,True,RANDOM,70,45.83298437758775,5.537745288994421,True,VOLATILITY_REGIME_CHANGE,True,False,True,35,False,70,UP,100,CHOPPY,EXTREME,UP,100,0.0616,CHOPPY,75,30,75,STRONG,NONE,70,30,80,EXTREME,88,40,60,2.76,True,40,1.3942307692307692,0.0,RANGING,90,False,NONE,1.13492,1.137555,1.137255,FAR,30,50,85,50,NONE,NONE,NONE,False,[],0,0,TRENDING_STRONG,TRENDING_STRONG,50,75,True,32,Strong directional trend with high momentum. Favorable for trend-following strategies.,1.01,0.5,False,False,True,True,0.3,0.3,True,False,False,22,False,BULLISH,BULLISH,1.13699,1.137185,1.13696,1.13708,NEW YORK,63116,HIGH,NEW YORK,63116,HIGH,NONE,BEARISH,WEAK,LOW,NEUTRAL,CHOPPY,True,NONE,True,BULL_TRAP,50,True,False,False,70,[],0,NO,TRENDING_STRONG,Strong directional trend with high momentum. Favorable for trend-following strategies.,EXTREME,LOW,0.062,[],True,Passed basic checks,0,50,50,MEDIUM,5,WAIT,รอการวิเคราะห์จาก AI
2026-06-25 21:23:00,1.136985,1.136985,1.136705,1.136715,307.0,EURUSD,1.137179,1.136884,1.136358,1.135775,1.135719,1.135757,1.137909,1.13472,0.00319,0.002288,65.38,66.94,0.000624,0.000524,0.000101,71.3,79.15,0.000707,100.0,2.76,0.000665,0.000601,37.92,32.93,14.3,39.43,0.0616,1973,1953.5,1.01,False,FALLING,0.000129,0.000103,5.2e-05,1.13492,1.138375,1.137255,1.137555,1.138025,1.136785,1.136485,21,4.89,1.137004,1.137203,23.91,3.8e-05,0.000166,4.98,6.74,0.000253,1.136705,1.138375,1.138152,1.136803,307,0.611,1.136715,1.136985,1.136705,1.136985,,,,,,,,46,26,13.333333333333334,77,NEUTRAL,False,70,[],0,0,NEUTRAL,BEARISH,40,False,0,100,UP,NONE,NONE,0,True,75,70,30,80,False,True,CONTINUATION,70,True,60.0,BULLISH,False,NONE,False,False,0,False,60,18.73055382700413,5.7417974322392045,55.00000000000001,26,POOR,False,75,75,-5.22844109148818e-05,5,100.0,True,RANDOM,70,45.83298437758775,5.537745288994421,True,VOLATILITY_REGIME_CHANGE,True,False,True,35,False,70,UP,100,CHOPPY,EXTREME,UP,100,0.0616,CHOPPY,75,30,75,STRONG,NONE,70,30,80,EXTREME,88,40,60,2.76,True,40,1.3942307692307692,0.0,RANGING,90,False,NONE,1.13492,1.137555,1.137255,FAR,30,50,85,50,NONE,NONE,NONE,False,[],0,0,TRENDING_STRONG,TRENDING_STRONG,50,75,True,32,Strong directional trend with high momentum. Favorable for trend-following strategies.,1.01,0.5,False,False,True,True,0.3,0.3,True,False,False,22,False,BULLISH,BULLISH,1.136715,1.136985,1.136705,1.136985,NEW YORK,62818,HIGH,NEW YORK,62818,HIGH,NONE,BEARISH,WEAK,LOW,NEUTRAL,CHOPPY,True,NONE,True,BULL_TRAP,50,True,False,False,70,[],0,NO,TRENDING_STRONG,Strong directional trend with high momentum. Favorable for trend-following strategies.,EXTREME,LOW,0.062,[],True,Passed basic checks,0,50,50,MEDIUM,5,WAIT,รอการวิเคราะห์จาก AI
2026-06-25 21:24:00,1.13672,1.13689,1.13668,1.1368,343.0,EURUSD,1.137179,1.136884,1.136358,1.135775,1.135719,1.135757,1.137909,1.13472,0.00319,0.002288,65.38,66.94,0.000624,0.000524,0.000101,71.3,79.15,0.000707,100.0,2.76,0.000665,0.000601,37.92,32.93,14.3,39.43,0.0616,1973,1953.5,1.01,False,FALLING,0.000129,0.000103,5.2e-05,1.13492,1.138375,1.137255,1.137555,1.138025,1.136785,1.136485,21,4.89,1.136936,1.137164,27.42,3e-06,0.000133,4.9,5.88,0.000243,1.13668,1.138375,1.138187,1.136708,343,0.711,1.1368,1.13689,1.13668,1.13672,,,,,,,,46,26,13.333333333333334,77,NEUTRAL,False,70,[],0,0,NEUTRAL,BEARISH,40,False,0,100,UP,NONE,NONE,0,True,75,70,30,80,False,True,CONTINUATION,70,True,60.0,BULLISH,False,NONE,False,False,0,False,60,18.73055382700413,5.7417974322392045,55.00000000000001,26,POOR,False,75,75,-5.22844109148818e-05,5,100.0,True,RANDOM,70,45.83298437758775,5.537745288994421,True,VOLATILITY_REGIME_CHANGE,True,False,True,35,False,70,UP,100,CHOPPY,EXTREME,UP,100,0.0616,CHOPPY,75,30,75,STRONG,NONE,70,30,80,EXTREME,88,40,60,2.76,True,40,1.3942307692307692,0.0,RANGING,90,False,NONE,1.13492,1.137555,1.137255,FAR,30,50,85,50,NONE,NONE,NONE,False,[],0,0,TRENDING_STRONG,TRENDING_STRONG,50,75,True,32,Strong directional trend with high momentum. Favorable for trend-following strategies.,1.01,0.5,False,False,True,True,0.3,0.3,True,False,False,22,False,BULLISH,BULLISH,1.1368,1.13689,1.13668,1.13672,NEW YORK,63146,HIGH,NEW YORK,63146,HIGH,NONE,BEARISH,WEAK,LOW,NEUTRAL,CHOPPY,True,NONE,True,BULL_TRAP,50,True,False,False,70,[],0,NO,TRENDING_STRONG,Strong directional trend with high momentum. Favorable for trend-following strategies.,EXTREME,LOW,0.062,[],True,Passed basic checks,0,50,50,MEDIUM,5,WAIT,รอการวิเคราะห์จาก AI
2026-06-25 21:25:00,1.13679,1.13681,1.13656,1.13662,330.0,EURUSD,1.136993,1.136836,1.136383,1.135808,1.135737,1.135765,1.137932,1.134731,0.003201,0.00231,52.46,60.02,0.000566,0.000532,3.4e-05,58.94,71.22,0.000714,100.0,2.73,0.000669,0.000616,37.15,30.72,17.59,27.18,-0.0317,1815,1923.45,0.944,False,FALLING,8.3e-05,0.000107,5.6e-05,1.13492,1.138375,1.136788,1.137017,1.137413,1.136392,1.136163,22,4.84,1.136831,1.137112,19.49,-3.8e-05,9.9e-05,5.39,5.09,0.000249,1.13656,1.138375,1.138172,1.136592,330,0.725,1.13662,1.13681,1.13656,1.13679,,,,,,,,47,23,13.333333333333334,72,NEUTRAL,False,70,[],0,0,NEUTRAL,BEARISH,40,False,0,100,UP,NONE,NONE,0,True,75,55,45,80,False,True,NEUTRAL,70,False,0.0,NONE,True,BEARISH,True,False,50,False,70,4.358974358974184,5.200594353639833,60.0,23,POOR,False,75,87,0.02079087881875158,5,100.0,True,RANDOM,70,46.650259542924985,4.0889678058671715,True,VOLATILITY_REGIME_CHANGE,True,False,False,65,True,70,UP,80,CHOPPY,EXTREME,UP,80,-0.0317,CHOPPY,65,30,65,STRONG,BULLISH,70,30,80,EXTREME,88,40,60,2.73,True,40,1.3857142857142857,0.0,RANGING,90,False,NONE,1.13492,1.137017,1.136788,FAR,30,50,85,50,NONE,NONE,NONE,False,[],0,0,TRENDING_STRONG,TRENDING_STRONG,50,75,True,32,Strong directional trend with high momentum. Favorable for trend-following strategies.,0.944,0.5,False,False,True,True,0.3,0.3,True,False,False,22,False,BULLISH,BULLISH,1.13662,1.13681,1.13656,1.13679,NEW YORK,62579,HIGH,NEW YORK,62579,HIGH,NONE,BEARISH,WEAK,LOW,NEUTRAL,CHOPPY,False,NONE,False,NONE,0,False,False,False,60,[],0,NO,TRENDING_STRONG,Strong directional trend with high momentum. Favorable for trend-following strategies.,EXTREME,LOW,0.063,[],True,Passed basic checks,0,50,50,MEDIUM,5,WAIT,รอการวิเคราะห์จาก AI
2026-06-25 21:26:00,1.136615,1.136765,1.1366,1.13676,317.0,EURUSD,1.136993,1.136836,1.136383,1.135808,1.135737,1.135765,1.137932,1.134731,0.003201,0.00231,52.46,60.02,0.000566,0.000532,3.4e-05,58.94,71.22,0.000714,100.0,2.73,0.000669,0.000616,37.15,30.72,17.59,27.18,-0.0317,1815,1923.45,0.944,False,FALLING,8.3e-05,0.000107,5.6e-05,1.13492,1.138375,1.136788,1.137017,1.137413,1.136392,1.136163,22,4.84,1.136807,1.137079,27.3,-5.9e-05,6.8e-05,10.85,7.05,0.000243,1.13656,1.138375,1.138079,1.136552,317,0.738,1.13676,1.136765,1.1366,1.136615,,,,,,,,47,23,13.333333333333334,72,NEUTRAL,False,70,[],0,0,NEUTRAL,BEARISH,40,False,0,100,UP,NONE,NONE,0,True,75,55,45,80,False,True,NEUTRAL,70,False,0.0,NONE,True,BEARISH,True,False,50,False,70,4.358974358974184,5.200594353639833,60.0,23,POOR,False,75,87,0.02079087881875158,5,100.0,True,RANDOM,70,46.650259542924985,4.0889678058671715,True,VOLATILITY_REGIME_CHANGE,True,False,False,65,True,70,UP,80,CHOPPY,EXTREME,UP,80,-0.0317,CHOPPY,65,30,65,STRONG,BULLISH,70,30,80,EXTREME,88,40,60,2.73,True,40,1.3857142857142857,0.0,RANGING,90,False,NONE,1.13492,1.137017,1.136788,FAR,30,50,85,50,NONE,NONE,NONE,False,[],0,0,ACCUMULATION,ACCUMULATION,50,65,True,32,"Smart money accumulation. Bullish bias, look for breakout.",0.944,0.5,False,False,True,True,0.3,0.3,True,False,False,22,False,BULLISH,BULLISH,1.13676,1.136765,1.1366,1.136615,NEW YORK,63005,HIGH,NEW YORK,63005,HIGH,NONE,BEARISH,WEAK,LOW,NEUTRAL,CHOPPY,False,NONE,False,NONE,0,False,False,False,60,[],0,NO,ACCUMULATION,"Smart money accumulation. Bullish bias, look for breakout.",EXTREME,LOW,0.063,[],True,Passed basic checks,0,50,50,MEDIUM,5,WAIT,รอการวิเคราะห์จาก AI
2026-06-25 21:27:00,1.136765,1.136915,1.13676,1.136875,330.0,EURUSD,1.136993,1.136836,1.136383,1.135808,1.135737,1.135765,1.137932,1.134731,0.003201,0.00231,52.46,60.02,0.000566,0.000532,3.4e-05,58.94,71.22,0.000714,100.0,2.73,0.000669,0.000616,37.15,30.72,17.59,27.18,-0.0317,1815,1923.45,0.944,False,FALLING,8.3e-05,0.000107,5.6e-05,1.13492,1.138375,1.136788,1.137017,1.137413,1.136392,1.136163,22,4.84,1.13683,1.137059,33.16,-6.5e-05,4.1e-05,16.34,10.86,0.000239,1.13656,1.13816,1.138025,1.136516,330,0.797,1.136875,1.136915,1.13676,1.136765,,,,,,,,47,23,13.333333333333334,72,NEUTRAL,False,70,[],0,0,NEUTRAL,BEARISH,40,False,0,100,UP,NONE,NONE,0,True,75,55,45,80,False,True,NEUTRAL,70,False,0.0,NONE,True,BEARISH,True,False,50,False,70,4.358974358974184,5.200594353639833,60.0,23,POOR,False,75,87,0.02079087881875158,5,100.0,True,RANDOM,70,46.650259542924985,4.0889678058671715,True,VOLATILITY_REGIME_CHANGE,True,False,False,65,True,70,UP,80,CHOPPY,EXTREME,UP,80,-0.0317,CHOPPY,65,30,65,STRONG,BULLISH,70,30,80,EXTREME,88,40,60,2.73,True,40,1.3857142857142857,0.0,RANGING,90,False,NONE,1.13492,1.137017,1.136788,FAR,30,50,85,50,NONE,NONE,NONE,False,[],0,0,ACCUMULATION,ACCUMULATION,50,65,True,32,"Smart money accumulation. Bullish bias, look for breakout.",0.944,0.5,False,False,True,True,0.3,0.3,True,False,False,22,False,BULLISH,BULLISH,1.136875,1.136915,1.13676,1.136765,NEW YORK,63485,HIGH,NEW YORK,63485,HIGH,NONE,BEARISH,WEAK,LOW,NEUTRAL,CHOPPY,False,NONE,False,NONE,0,False,False,False,60,[],0,NO,ACCUMULATION,"Smart money accumulation. Bullish bias, look for breakout.",EXTREME,LOW,0.063,[],True,Passed basic checks,0,50,50,MEDIUM,5,WAIT,รอการวิเคราะห์จาก AI
2026-06-25 21:28:00,1.13687,1.13703,1.136715,1.13676,385.0,EURUSD,1.136993,1.136836,1.136383,1.135808,1.135737,1.135765,1.137932,1.134731,0.003201,0.00231,52.46,60.02,0.000566,0.000532,3.4e-05,58.94,71.22,0.000714,100.0,2.73,0.000669,0.000616,37.15,30.72,17.59,27.18,-0.0317,1815,1923.45,0.944,False,FALLING,8.3e-05,0.000107,5.6e-05,1.13492,1.138375,1.136788,1.137017,1.137413,1.136392,1.136163,22,4.84,1.136807,1.137031,31.75,-7.8e-05,1.7e-05,20.46,15.88,0.000247,1.13656,1.137995,1.138002,1.136457,385,0.959,1.13676,1.13703,1.136715,1.13687,,,,,,,,47,23,13.333333333333334,72,NEUTRAL,False,70,[],0,0,NEUTRAL,BEARISH,40,False,0,100,UP,NONE,NONE,0,True,75,55,45,80,False,True,NEUTRAL,70,False,0.0,NONE,True,BEARISH,True,False,50,False,70,4.358974358974184,5.200594353639833,60.0,23,POOR,False,75,87,0.02079087881875158,5,100.0,True,RANDOM,70,46.650259542924985,4.0889678058671715,True,VOLATILITY_REGIME_CHANGE,True,False,False,65,True,70,UP,80,CHOPPY,EXTREME,UP,80,-0.0317,CHOPPY,65,30,65,STRONG,BULLISH,70,30,80,EXTREME,88,40,60,2.73,True,40,1.3857142857142857,0.0,RANGING,90,False,NONE,1.13492,1.137017,1.136788,FAR,30,50,85,50,NONE,NONE,NONE,False,[],0,0,ACCUMULATION,ACCUMULATION,50,65,True,32,"Smart money accumulation. Bullish bias, look for breakout.",0.944,0.5,False,False,True,True,0.3,0.3,True,False,False,22,False,BULLISH,BULLISH,1.13676,1.13703,1.136715,1.13687,NEW YORK,62922,HIGH,NEW YORK,62922,HIGH,NONE,BEARISH,WEAK,LOW,NEUTRAL,CHOPPY,False,NONE,False,NONE,0,False,False,False,60,[],0,NO,ACCUMULATION,"Smart money accumulation. Bullish bias, look for breakout.",EXTREME,LOW,0.063,[],True,Passed basic checks,0,50,50,MEDIUM,5,WAIT,รอการวิเคราะห์จาก AI
2026-06-25 21:29:00,1.136765,1.137025,1.13676,1.13702,360.0,EURUSD,1.136993,1.136836,1.136383,1.135808,1.135737,1.135765,1.137932,1.134731,0.003201,0.00231,52.46,60.02,0.000566,0.000532,3.4e-05,58.94,71.22,0.000714,100.0,2.73,0.000669,0.000616,37.15,30.72,17.59,27.18,-0.0317,1815,1923.45,0.944,False,FALLING,8.3e-05,0.000107,5.6e-05,1.13492,1.138375,1.136788,1.137017,1.137413,1.136392,1.136163,22,4.84,1.136878,1.13703,41.24,-6.7e-05,0.0,27.9,21.57,0.000254,1.13656,1.137995,1.137945,1.136448,360,0.932,1.13702,1.137025,1.13676,1.136765,,,,,,,,47,23,13.333333333333334,72,NEUTRAL,False,70,[],0,0,NEUTRAL,BEARISH,40,False,0,100,UP,NONE,NONE,0,True,75,55,45,80,False,True,NEUTRAL,70,False,0.0,NONE,True,BEARISH,True,False,50,False,70,4.358974358974184,5.200594353639833,60.0,23,POOR,False,75,87,0.02079087881875158,5,100.0,True,RANDOM,70,46.650259542924985,4.0889678058671715,True,VOLATILITY_REGIME_CHANGE,True,False,False,65,True,70,UP,80,CHOPPY,EXTREME,UP,80,-0.0317,CHOPPY,65,30,65,STRONG,BULLISH,70,30,80,EXTREME,88,40,60,2.73,True,40,1.3857142857142857,0.0,RANGING,90,False,NONE,1.13492,1.137017,1.136788,FAR,30,50,85,50,NONE,NONE,NONE,False,[],0,0,ACCUMULATION,ACCUMULATION,50,65,True,32,"Smart money accumulation. Bullish bias, look for breakout.",0.944,0.5,False,False,True,True,0.3,0.3,True,False,False,22,False,BULLISH,BULLISH,1.13702,1.137025,1.13676,1.136765,NEW YORK,63317,HIGH,NEW YORK,63317,HIGH,NONE,BEARISH,WEAK,LOW,NEUTRAL,CHOPPY,False,NONE,False,NONE,0,False,False,False,60,[],0,NO,ACCUMULATION,"Smart money accumulation. Bullish bias, look for breakout.",EXTREME,LOW,0.063,[],True,Passed basic checks,0,50,50,MEDIUM,5,WAIT,รอการวิเคราะห์จาก AI
2026-06-25 21:30:00,1.137025,1.1372,1.136975,1.137165,404.0,EURUSD,1.13705,1.136896,1.136457,1.135861,1.135772,1.135828,1.138024,1.134764,0.00326,0.002334,62.68,62.04,0.000558,0.000537,2.1e-05,53.81,61.35,0.000734,100.0,2.78,0.000672,0.000631,36.46,28.88,16.44,27.44,0.088,1796,1914.3,0.938,False,FALLING,0.000103,0.000112,6.2e-05,1.13492,1.138375,1.136988,1.137377,1.137588,1.136777,1.136388,23,4.71,1.136973,1.137043,45.51,-4.6e-05,-9e-06,36.19,28.18,0.000246,1.13656,1.137815,1.137886,1.136457,404,1.058,1.137165,1.1372,1.136975,1.137025,,,,,,,,48,23,13.333333333333334,61,NEUTRAL,False,70,['BULLISH_ENGULFING'],1,20,BULLISH,BULLISH,60,False,0,100,UP,NONE,NONE,0,True,75,55,45,80,False,True,NEUTRAL,70,False,0.0,NONE,True,BEARISH,True,True,90,True,70,15.591734502189741,10.238272524198798,55.00000000000001,26,POOR,False,75,75,-0.009463247962445529,5,100.0,True,RANDOM,70,44.75557025391359,6.626279987773405,True,VOLATILITY_REGIME_CHANGE,True,False,False,65,True,70,UP,100,CHOPPY,EXTREME,UP,100,0.088,CHOPPY,85,30,85,STRONG,NONE,70,30,80,EXTREME,88,40,60,2.78,True,40,1.3967437874892887,0.0,RANGING,90,False,NONE,1.13492,1.137377,1.136988,FAR,30,50,85,50,NONE,NONE,NONE,False,[],0,0,TRENDING_STRONG,TRENDING_STRONG,50,75,True,31,Strong directional trend with high momentum. Favorable for trend-following strategies.,0.938,0.5,False,False,True,True,0.3,0.3,True,False,False,22,False,BULLISH,BULLISH,1.137165,1.1372,1.136975,1.137025,NEW YORK,62854,HIGH,NEW YORK,62854,HIGH,BULLISH_ENGULFING,BULLISH,WEAK,LOW,NEUTRAL,CHOPPY,False,NONE,False,NONE,0,False,False,False,60,[],0,NO,TRENDING_STRONG,Strong directional trend with high momentum. Favorable for trend-following strategies.,EXTREME,LOW,0.065,[],True,Passed basic checks,0,50,50,MEDIUM,5,WAIT,รอการวิเคราะห์จาก AI
2026-06-25 21:32:00,1.13702,1.137345,1.13702,1.137325,559.0,EURUSD,1.13705,1.136896,1.136457,1.135861,1.135772,1.135828,1.138024,1.134764,0.00326,0.002334,62.68,62.04,0.000558,0.000537,2.1e-05,53.81,61.35,0.000734,100.0,2.78,0.000672,0.000631,36.46,28.88,16.44,27.44,0.088,1796,1914.3,0.938,False,FALLING,0.000103,0.000112,6.2e-05,1.13492,1.138375,1.136988,1.137377,1.137588,1.136777,1.136388,23,4.71,1.1371,1.137067,46.17,-1.2e-05,-1.5e-05,57.03,45.57,0.000251,1.13656,1.137725,1.137733,1.136501,559,1.434,1.137325,1.137345,1.13702,1.13702,,,,,,,,48,23,13.333333333333334,61,NEUTRAL,False,70,['BULLISH_ENGULFING'],1,20,BULLISH,BULLISH,60,False,0,100,UP,NONE,NONE,0,True,75,55,45,80,False,True,NEUTRAL,70,False,0.0,NONE,True,BEARISH,True,True,90,True,70,15.591734502189741,10.238272524198798,55.00000000000001,26,POOR,False,75,75,-0.009463247962445529,5,100.0,True,RANDOM,70,44.75557025391359,6.626279987773405,True,VOLATILITY_REGIME_CHANGE,True,False,False,65,True,70,UP,100,CHOPPY,EXTREME,UP,100,0.088,CHOPPY,85,30,85,STRONG,NONE,70,30,80,EXTREME,88,40,60,2.78,True,40,1.3967437874892887,0.0,RANGING,90,False,NONE,1.13492,1.137377,1.136988,FAR,30,50,85,50,NONE,NONE,NONE,False,[],0,0,TRENDING_STRONG,TRENDING_STRONG,50,75,True,31,Strong directional trend with high momentum. Favorable for trend-following strategies.,0.938,0.5,False,False,True,True,0.3,0.3,True,False,False,22,False,BULLISH,BULLISH,1.137325,1.137345,1.13702,1.13702,NEW YORK,63046,HIGH,NEW YORK,63046,HIGH,BULLISH_ENGULFING,BULLISH,WEAK,LOW,NEUTRAL,CHOPPY,False,NONE,False,NONE,0,False,False,False,60,[],0,NO,TRENDING_STRONG,Strong directional trend with high momentum. Favorable for trend-following strategies.,EXTREME,LOW,0.065,[],True,Passed basic checks,0,50,50,MEDIUM,5,WAIT,รอการวิเคราะห์จาก AI
2026-06-25 21:33:00,1.137325,1.137395,1.137245,1.137325,480.0,EURUSD,1.13705,1.136896,1.136457,1.135861,1.135772,1.135828,1.138024,1.134764,0.00326,0.002334,62.68,62.04,0.000558,0.000537,2.1e-05,53.81,61.35,0.000734,100.0,2.78,0.000672,0.000631,36.46,28.88,16.44,27.44,0.088,1796,1914.3,0.938,False,FALLING,0.000103,0.000112,6.2e-05,1.13492,1.138375,1.136988,1.137377,1.137588,1.136777,1.136388,23,4.71,1.137175,1.137092,53.83,1.1e-05,-1e-05,70.26,56.93,0.000236,1.13656,1.137725,1.137702,1.136512,480,1.223,1.137325,1.137395,1.137245,1.137325,,,,,,,,48,23,13.333333333333334,61,NEUTRAL,False,70,['BULLISH_ENGULFING'],1,20,BULLISH,BULLISH,60,False,0,100,UP,NONE,NONE,0,True,75,55,45,80,False,True,NEUTRAL,70,False,0.0,NONE,True,BEARISH,True,True,90,True,70,15.591734502189741,10.238272524198798,55.00000000000001,26,POOR,False,75,75,-0.009463247962445529,5,100.0,True,RANDOM,70,44.75557025391359,6.626279987773405,True,VOLATILITY_REGIME_CHANGE,True,False,False,65,True,70,UP,100,CHOPPY,EXTREME,UP,100,0.088,CHOPPY,85,30,85,STRONG,NONE,70,30,80,EXTREME,88,40,60,2.78,True,40,1.3967437874892887,0.0,RANGING,90,False,NONE,1.13492,1.137377,1.136988,FAR,30,50,85,50,NONE,NONE,NONE,False,[],0,0,TRENDING_STRONG,TRENDING_STRONG,50,75,True,31,Strong directional trend with high momentum. Favorable for trend-following strategies.,0.938,0.5,False,False,True,True,0.3,0.3,True,False,False,22,False,BULLISH,BULLISH,1.137325,1.137395,1.137245,1.137325,NEW YORK,62703,HIGH,NEW YORK,62703,HIGH,BULLISH_ENGULFING,BULLISH,WEAK,LOW,NEUTRAL,CHOPPY,False,NONE,False,NONE,0,False,False,False,60,[],0,NO,TRENDING_STRONG,Strong directional trend with high momentum. Favorable for trend-following strategies.,EXTREME,LOW,0.065,[],True,Passed basic checks,0,50,50,MEDIUM,5,WAIT,รอการวิเคราะห์จาก AI
