timestamp,open,high,low,close,volume,symbol,m15_bias,m5_ema5,m5_ema10,m5_ema20,m5_ema50,m5_ema100,m5_ema200,m5_bias,m5_bb_upper,m5_bb_lower,m5_bb_width,m5_bbw_sma_100,m5_rsi7,m5_rsi14,m5_macd,m5_macd_signal,m5_macd_hist,m5_stoch_k,m5_stoch_d,m5_atr14,m5_atr_percentile,m5_atr_zscore,m5_atr_recent_avg,m5_atr_past_avg,m5_adx,m5_di_plus,m5_di_minus,m5_dx,m5_roc,m5_volume,m5_volume_ma20,m5_volume_ratio,m5_volume_spike,m5_slope_10,m5_slope_20,m5_slope_50,m5_pivot,m5_r1,m5_r2,m5_s1,m5_s2,m5_box_duration,m5_box_tightness,m5_support,m5_resistance,m5_volume_trend,m1_ema5,m1_ema10,m1_ema20,m1_ema50,m1_rsi7,m1_rsi14,m1_macd,m1_macd_signal,m1_stoch_k,m1_stoch_d,m1_atr14,m1_bb_upper,m1_bb_lower,m1_pivot,m1_r1,m1_s1,m1_volume,m1_volume_ratio,meta_close,meta_high,meta_low,meta_open,meta_session,meta_data_age_ms,meta_data_quality,ohlcv_close,ohlcv_high,ohlcv_low,ohlcv_open,ohlcv_session,ohlcv_data_age_ms,ohlcv_data_quality,price_action_pattern,price_action_last_candle_bias,price_action_last_candle,price_action_body_strength,price_action_rejection_zone,price_action_wick_dominance,price_action_momentum_bias,price_action_move_quality,price_action_trap_alert,price_action_sr_interaction,price_action_volume_momentum,behavior_conviction,behavior_hesitation,behavior_pressure_balance,behavior_participation,behavior_behavior,behavior_is_decisive,behavior_confidence,candle_pattern_patterns_detected,candle_pattern_pattern_count,candle_pattern_pattern_strength,candle_pattern_bias,candle_pattern_last_candle_color,candle_pattern_confidence,trap_detector_trap_detected,trap_detector_trap_type,trap_detector_trap_score,trap_detector_false_breakout,trap_detector_stop_hunt,trap_detector_rejection_wick,trap_detector_confidence,conflict_conflict_detected,conflict_conflict_score,conflict_agreement_score,conflict_ema_direction,conflict_momentum_direction,conflict_candle_direction,conflict_conflicting_signals,conflict_all_aligned,conflict_confidence,continuation_continuation_probability,continuation_reversal_probability,continuation_pullback_health,continuation_momentum_intact,continuation_volume_supports_move,continuation_bias,continuation_confidence,continuation_retest_detected,continuation_retest_quality,continuation_retest_type,divergence_divergence_detected,divergence_divergence_type,divergence_rsi_divergence,divergence_macd_divergence,divergence_divergence_strength,divergence_both_confirm,divergence_confidence,efficiency_efficiency_ratio,efficiency_path_efficiency,efficiency_directional_efficiency,efficiency_overall_efficiency,efficiency_movement_quality,efficiency_is_efficient,efficiency_confidence,persistence_persistence_score,persistence_autocorrelation,persistence_max_consecutive_run,persistence_trend_persistence,persistence_is_persistent,persistence_behavior,persistence_confidence,persistence_expansion_persistence,persistence_fatigue_risk,transition_in_transition,transition_transition_type,transition_volatility_shift,transition_momentum_shift,transition_structure_shift,transition_stability_score,transition_is_stable,transition_confidence,analysis_trend_direction,analysis_trend_strength,analysis_trend_type,analysis_volatility_regime,engines_trend_direction,engines_trend_strength,engines_trend_momentum,engines_trend_type,engines_trend_confidence,engines_trend_reversal_risk,engines_trend_sustain_probability,engines_strength_momentum_level,engines_strength_divergence,engines_strength_strength_score,engines_strength_exhaustion_risk,engines_strength_confidence,engines_volatility_regime,engines_volatility_volatility_score,engines_volatility_expansion_probability,engines_volatility_contraction_probability,engines_volatility_volatility_zscore,engines_volatility_spike_detected,engines_volatility_confidence,engines_volatility_bbw_compression_ratio,engines_volatility_compression_quality,engines_structure_structure_type,engines_structure_structure_score,engines_structure_bos_detected,engines_structure_bos_type,engines_structure_key_zones_strong_support,engines_structure_key_zones_strong_resistance,engines_structure_key_zones_middle,engines_structure_zone_proximity,engines_structure_breakout_probability,engines_structure_reversal_probability,engines_structure_confidence,engines_mtf_directions_by_tf_M1,engines_mtf_directions_by_tf_M5,engines_mtf_directions_by_tf_M15,engines_mtf_alignment_score,engines_mtf_dominant_direction,engines_mtf_htf_direction,engines_mtf_ltf_direction,engines_mtf_htf_ltf_conflict,engines_mtf_timeframes_analyzed,engines_mtf_confidence_from_mtf,engines_mtf_confidence,market_state,market_state_full_state,market_state_full_confidence,market_state_full_quality_score,market_state_full_tradeable,market_state_full_stability,market_state_full_description,market_state_full_risk_level,market_state_full_suggested_action,market_state_full_suggested_expiry,market_state_full_metrics_volume_ratio,market_state_full_metrics_noise_level,market_state_full_metrics_rsi_extreme_bull,market_state_full_metrics_rsi_extreme_bear,market_state_full_metrics_price_above_ma20,market_state_full_metrics_price_above_ma50,market_state_full_metrics_wick_lower_ratio,market_state_full_metrics_wick_upper_ratio,market_state_full_metrics_compression_detected,market_state_full_metrics_divergence_detected,market_state_full_metrics_volume_surge,market_state_full_metrics_adaptive_adx_threshold,market_state_full_metrics_is_otc,signals_triggered,signals_count,signals_top_signal,market_context_state,market_context_description,market_context_volatility_regime,market_context_news_impact,market_context_expected_volatility_%,market_context_recent_ai_memory,decision_layer_tradeable,decision_layer_tradeable_reason,decision_layer_confidence_score,decision_layer_stability_score,decision_layer_quality_score,decision_layer_risk_level,decision_layer_suggested_expiry_minutes,decision_layer_suggested_action,decision_layer_final_reason_th
2026-07-02 19:39:00,1.144735,1.145065,1.144455,1.145025,1.0,EURUSD-OTC,BEARISH,1.143939,1.143853,1.143884,1.144708,1.146404,1.146976,BULLISH,1.145774,1.142471,0.003304,0.008826,54.74,51.72,-7.6e-05,-9.4e-05,1.7e-05,65.5,50.22,0.001467,17.5,-0.8,0.001483,0.00157,11.01,23.66,18.09,13.34,0.0586,1.0,1.0,1.0,False,3.1e-05,-7.9e-05,3.9e-05,1.144545,1.144805,1.145325,1.144025,1.143765,20,2.84,1.142035,1.144875,NO_VOLUME_DATA,1.144228,1.143864,1.143648,1.143683,80.52,66.98,0.000168,-1.9e-05,85.63,70.07,0.000624,1.144799,1.141962,1.144848,1.145242,1.144632,1.0,1.0,1.145025,1.145065,1.144455,1.144735,LONDON,244339,LOW,1.145025,1.145065,1.144455,1.144735,LONDON,244339,LOW,NONE,BEARISH,BEARISH,WEAK,AT_PIVOT,HIGH_WICK,NEUTRAL,CHAOTIC,NONE,TESTING_PIVOT,NORMAL,44,26,12.203844434511675,50,NEUTRAL,False,70,[],0,0,NEUTRAL,BEARISH,40,False,NONE,0,False,False,False,60,False,0,50,NONE,NONE,NONE,0,False,50,55,45,80,False,True,NEUTRAL,70,False,0.0,NONE,False,NONE,False,False,0,False,60,10.839445802772007,5.319528739735676,50.0,22,POOR,False,75,66,0.09081876561539487,4,30.000000000000004,True,RANDOM,70,42.38625958270611,8.454095635949436,False,NONE,False,False,False,100,True,70,NONE,60,CHOPPY,LOW,NONE,60,0.0586,CHOPPY,20,50,30,WEAK,NONE,50,40,60,LOW,58,55,45,-0.8,False,65,0.37434851574892364,100.0,RANGING,90,False,NONE,1.142035,1.144805,1.144545,FAR,30,50,85,NONE,NONE,DOWN,33,DOWN,DOWN,NONE,False,"['M1', 'M5', 'M15']",33,33,SIDEWAY_RANGE,SIDEWAY_RANGE,56,60,True,25,Price ranging between clear levels. Suitable for mean-reversion strategies.,MEDIUM,WAIT,5,1.0,0.5,False,False,True,True,0.3,0.3,True,False,False,18,True,[],0,NO,SIDEWAY_RANGE,Price ranging between clear levels. Suitable for mean-reversion strategies.,LOW,NONE_OTC,0.128,[],True,Passed basic checks,0,33,50,MEDIUM,5,WAIT,รอการวิเคราะห์จาก AI
2026-07-02 19:40:00,1.144735,1.145065,1.144455,1.145025,1.0,EURUSD-OTC,BEARISH,1.144049,1.143913,1.143916,1.144721,1.14641,1.146979,BULLISH,1.145803,1.142475,0.003329,0.008826,58.47,53.42,-5e-05,-8.8e-05,3.8e-05,69.01,51.39,0.001469,18.0,-0.79,0.001483,0.00157,11.01,23.62,18.06,13.34,0.0874,1.0,1.0,1.0,False,4.9e-05,-7.4e-05,4e-05,1.144645,1.145035,1.145455,1.144225,1.143835,20,2.84,1.142035,1.144875,NO_VOLUME_DATA,1.144228,1.143864,1.143648,1.143683,80.52,66.98,0.000168,-1.9e-05,85.63,70.07,0.000624,1.144799,1.141962,1.144848,1.145242,1.144632,1.0,1.0,1.145025,1.145065,1.144455,1.144735,LONDON,304811,LOW,1.145025,1.145065,1.144455,1.144735,LONDON,304811,LOW,NONE,BEARISH,BEARISH,WEAK,AT_PIVOT,HIGH_WICK,NEUTRAL,CHAOTIC,NONE,TESTING_PIVOT,NORMAL,43,30,13.883847549910092,50,NEUTRAL,False,70,[],0,0,NEUTRAL,BEARISH,40,False,NONE,0,False,False,False,60,False,0,50,NONE,NONE,NONE,0,False,50,55,45,80,False,True,NEUTRAL,70,False,0.0,NONE,False,NONE,False,False,0,False,60,8.375209380235866,4.136947218259731,50.0,20,POOR,False,75,66,0.10224201426121476,4,30.000000000000004,True,RANDOM,70,43.630643993771,7.5823520003215314,False,NONE,False,False,False,100,True,70,NONE,60,CHOPPY,LOW,NONE,60,0.0874,CHOPPY,20,50,30,WEAK,NONE,50,40,60,LOW,58,55,45,-0.79,False,65,0.37718105597099477,100.0,RANGING,90,False,NONE,1.142035,1.144875,1.144645,FAR,30,50,85,NONE,NONE,DOWN,33,DOWN,DOWN,NONE,False,"['M1', 'M5', 'M15']",33,33,SIDEWAY_RANGE,SIDEWAY_RANGE,56,60,True,25,Price ranging between clear levels. Suitable for mean-reversion strategies.,MEDIUM,WAIT,5,1.0,0.5,False,False,True,True,0.3,0.3,True,False,False,18,True,[],0,NO,SIDEWAY_RANGE,Price ranging between clear levels. Suitable for mean-reversion strategies.,LOW,NONE_OTC,0.128,[],True,Passed basic checks,0,33,50,MEDIUM,5,WAIT,รอการวิเคราะห์จาก AI
2026-07-02 19:41:00,1.144735,1.145065,1.144455,1.145025,1.0,EURUSD-OTC,BEARISH,1.144049,1.143913,1.143916,1.144721,1.14641,1.146979,BULLISH,1.145803,1.142475,0.003329,0.008826,58.47,53.42,-5e-05,-8.8e-05,3.8e-05,69.01,51.39,0.001469,18.0,-0.79,0.001483,0.00157,11.01,23.62,18.06,13.34,0.0874,1.0,1.0,1.0,False,4.9e-05,-7.4e-05,4e-05,1.144645,1.145035,1.145455,1.144225,1.143835,20,2.84,1.142035,1.144875,NO_VOLUME_DATA,1.144228,1.143864,1.143648,1.143683,80.52,66.98,0.000168,-1.9e-05,85.63,70.07,0.000624,1.144799,1.141962,1.144848,1.145242,1.144632,1.0,1.0,1.145025,1.145065,1.144455,1.144735,LONDON,364644,LOW,1.145025,1.145065,1.144455,1.144735,LONDON,364644,LOW,NONE,BEARISH,BEARISH,WEAK,AT_PIVOT,HIGH_WICK,NEUTRAL,CHAOTIC,NONE,TESTING_PIVOT,NORMAL,43,30,13.883847549910092,50,NEUTRAL,False,70,[],0,0,NEUTRAL,BEARISH,40,False,NONE,0,False,False,False,60,False,0,50,NONE,NONE,NONE,0,False,50,55,45,80,False,True,NEUTRAL,70,False,0.0,NONE,False,NONE,False,False,0,False,60,8.375209380235866,4.136947218259731,50.0,20,POOR,False,75,66,0.10224201426121476,4,30.000000000000004,True,RANDOM,70,43.630643993771,7.5823520003215314,False,NONE,False,False,False,100,True,70,NONE,60,CHOPPY,LOW,NONE,60,0.0874,CHOPPY,20,50,30,WEAK,NONE,50,40,60,LOW,58,55,45,-0.79,False,65,0.37718105597099477,100.0,RANGING,90,False,NONE,1.142035,1.144875,1.144645,FAR,30,50,85,NONE,NONE,DOWN,33,DOWN,DOWN,NONE,False,"['M1', 'M5', 'M15']",33,33,SIDEWAY_RANGE,SIDEWAY_RANGE,56,60,True,25,Price ranging between clear levels. Suitable for mean-reversion strategies.,MEDIUM,WAIT,5,1.0,0.5,False,False,True,True,0.3,0.3,True,False,False,18,True,[],0,NO,SIDEWAY_RANGE,Price ranging between clear levels. Suitable for mean-reversion strategies.,LOW,NONE_OTC,0.128,[],True,Passed basic checks,0,33,50,MEDIUM,5,WAIT,รอการวิเคราะห์จาก AI
2026-07-02 19:42:00,1.144735,1.145065,1.144455,1.145025,1.0,EURUSD-OTC,BEARISH,1.144049,1.143913,1.143916,1.144721,1.14641,1.146979,BULLISH,1.145803,1.142475,0.003329,0.008826,58.47,53.42,-5e-05,-8.8e-05,3.8e-05,69.01,51.39,0.001469,18.0,-0.79,0.001483,0.00157,11.01,23.62,18.06,13.34,0.0874,1.0,1.0,1.0,False,4.9e-05,-7.4e-05,4e-05,1.144645,1.145035,1.145455,1.144225,1.143835,20,2.84,1.142035,1.144875,NO_VOLUME_DATA,1.144228,1.143864,1.143648,1.143683,80.52,66.98,0.000168,-1.9e-05,85.63,70.07,0.000624,1.144799,1.141962,1.144848,1.145242,1.144632,1.0,1.0,1.145025,1.145065,1.144455,1.144735,LONDON,424078,LOW,1.145025,1.145065,1.144455,1.144735,LONDON,424078,LOW,NONE,BEARISH,BEARISH,WEAK,AT_PIVOT,HIGH_WICK,NEUTRAL,CHAOTIC,NONE,TESTING_PIVOT,NORMAL,43,30,13.883847549910092,50,NEUTRAL,False,70,[],0,0,NEUTRAL,BEARISH,40,False,NONE,0,False,False,False,60,False,0,50,NONE,NONE,NONE,0,False,50,55,45,80,False,True,NEUTRAL,70,False,0.0,NONE,False,NONE,False,False,0,False,60,8.375209380235866,4.136947218259731,50.0,20,POOR,False,75,66,0.10224201426121476,4,30.000000000000004,True,RANDOM,70,43.630643993771,7.5823520003215314,False,NONE,False,False,False,100,True,70,NONE,60,CHOPPY,LOW,NONE,60,0.0874,CHOPPY,20,50,30,WEAK,NONE,50,40,60,LOW,58,55,45,-0.79,False,65,0.37718105597099477,100.0,RANGING,90,False,NONE,1.142035,1.144875,1.144645,FAR,30,50,85,NONE,NONE,DOWN,33,DOWN,DOWN,NONE,False,"['M1', 'M5', 'M15']",33,33,BREAKOUT_EMERGING,BREAKOUT_EMERGING,56,70,True,25,"Volatility expansion after compression. Potential breakout opportunity. (breakout prob: 30%, reversal prob: 50%)",MEDIUM,PREPARE_TO_TRADE,5,1.0,0.5,False,False,True,True,0.3,0.3,True,False,False,18,True,[],0,NO,BREAKOUT_EMERGING,"Volatility expansion after compression. Potential breakout opportunity. (breakout prob: 30%, reversal prob: 50%)",LOW,NONE_OTC,0.128,[],True,Passed basic checks,0,33,50,MEDIUM,5,WAIT,รอการวิเคราะห์จาก AI
2026-07-02 19:43:00,1.144735,1.145065,1.144455,1.145025,1.0,EURUSD-OTC,BEARISH,1.144049,1.143913,1.143916,1.144721,1.14641,1.146979,BULLISH,1.145803,1.142475,0.003329,0.008826,58.47,53.42,-5e-05,-8.8e-05,3.8e-05,69.01,51.39,0.001469,18.0,-0.79,0.001483,0.00157,11.01,23.62,18.06,13.34,0.0874,1.0,1.0,1.0,False,4.9e-05,-7.4e-05,4e-05,1.144645,1.145035,1.145455,1.144225,1.143835,20,2.84,1.142035,1.144875,NO_VOLUME_DATA,1.144228,1.143864,1.143648,1.143683,80.52,66.98,0.000168,-1.9e-05,85.63,70.07,0.000624,1.144799,1.141962,1.144848,1.145242,1.144632,1.0,1.0,1.145025,1.145065,1.144455,1.144735,LONDON,484416,LOW,1.145025,1.145065,1.144455,1.144735,LONDON,484416,LOW,NONE,BEARISH,BEARISH,WEAK,AT_PIVOT,HIGH_WICK,NEUTRAL,CHAOTIC,NONE,TESTING_PIVOT,NORMAL,43,30,13.883847549910092,50,NEUTRAL,False,70,[],0,0,NEUTRAL,BEARISH,40,False,NONE,0,False,False,False,60,False,0,50,NONE,NONE,NONE,0,False,50,55,45,80,False,True,NEUTRAL,70,False,0.0,NONE,False,NONE,False,False,0,False,60,8.375209380235866,4.136947218259731,50.0,20,POOR,False,75,66,0.10224201426121476,4,30.000000000000004,True,RANDOM,70,43.630643993771,7.5823520003215314,False,NONE,False,False,False,100,True,70,NONE,60,CHOPPY,LOW,NONE,60,0.0874,CHOPPY,20,50,30,WEAK,NONE,50,40,60,LOW,58,55,45,-0.79,False,65,0.37718105597099477,100.0,RANGING,90,False,NONE,1.142035,1.144875,1.144645,FAR,30,50,85,NONE,NONE,DOWN,33,DOWN,DOWN,NONE,False,"['M1', 'M5', 'M15']",33,33,SIDEWAY_RANGE,SIDEWAY_RANGE,56,60,True,25,Price ranging between clear levels. Suitable for mean-reversion strategies.,MEDIUM,WAIT,5,1.0,0.5,False,False,True,True,0.3,0.3,True,False,False,18,True,[],0,NO,SIDEWAY_RANGE,Price ranging between clear levels. Suitable for mean-reversion strategies.,LOW,NONE_OTC,0.128,[],True,Passed basic checks,0,33,50,MEDIUM,5,WAIT,รอการวิเคราะห์จาก AI
2026-07-02 19:44:00,1.144735,1.145065,1.144455,1.145025,1.0,EURUSD-OTC,BEARISH,1.144049,1.143913,1.143916,1.144721,1.14641,1.146979,BULLISH,1.145803,1.142475,0.003329,0.008826,58.47,53.42,-5e-05,-8.8e-05,3.8e-05,69.01,51.39,0.001469,18.0,-0.79,0.001483,0.00157,11.01,23.62,18.06,13.34,0.0874,1.0,1.0,1.0,False,4.9e-05,-7.4e-05,4e-05,1.144645,1.145035,1.145455,1.144225,1.143835,20,2.84,1.142035,1.144875,NO_VOLUME_DATA,1.144228,1.143864,1.143648,1.143683,80.52,66.98,0.000168,-1.9e-05,85.63,70.07,0.000624,1.144799,1.141962,1.144848,1.145242,1.144632,1.0,1.0,1.145025,1.145065,1.144455,1.144735,LONDON,543996,LOW,1.145025,1.145065,1.144455,1.144735,LONDON,543996,LOW,NONE,BEARISH,BEARISH,WEAK,AT_PIVOT,HIGH_WICK,NEUTRAL,CHAOTIC,NONE,TESTING_PIVOT,NORMAL,43,30,13.883847549910092,50,NEUTRAL,False,70,[],0,0,NEUTRAL,BEARISH,40,False,NONE,0,False,False,False,60,False,0,50,NONE,NONE,NONE,0,False,50,55,45,80,False,True,NEUTRAL,70,False,0.0,NONE,False,NONE,False,False,0,False,60,8.375209380235866,4.136947218259731,50.0,20,POOR,False,75,66,0.10224201426121476,4,30.000000000000004,True,RANDOM,70,43.630643993771,7.5823520003215314,False,NONE,False,False,False,100,True,70,NONE,60,CHOPPY,LOW,NONE,60,0.0874,CHOPPY,20,50,30,WEAK,NONE,50,40,60,LOW,58,55,45,-0.79,False,65,0.37718105597099477,100.0,RANGING,90,False,NONE,1.142035,1.144875,1.144645,FAR,30,50,85,NONE,NONE,DOWN,33,DOWN,DOWN,NONE,False,"['M1', 'M5', 'M15']",33,33,SIDEWAY_RANGE,SIDEWAY_RANGE,56,60,True,25,Price ranging between clear levels. Suitable for mean-reversion strategies.,MEDIUM,WAIT,5,1.0,0.5,False,False,True,True,0.3,0.3,True,False,False,18,True,[],0,NO,SIDEWAY_RANGE,Price ranging between clear levels. Suitable for mean-reversion strategies.,LOW,NONE_OTC,0.128,[],True,Passed basic checks,0,33,50,MEDIUM,5,WAIT,รอการวิเคราะห์จาก AI
2026-07-02 19:45:00,1.144535,1.144725,1.144315,1.144475,1.0,EURUSD-OTC,BEARISH,1.144044,1.143936,1.143927,1.144695,1.146397,1.147199,BULLISH,1.145538,1.142566,0.002971,0.008791,51.3,50.3,-3.7e-05,-7.8e-05,4.1e-05,77.74,67.57,0.00145,12.5,-0.86,0.001475,0.00156,10.74,22.21,19.25,7.14,0.0184,1.0,1.0,1.0,False,6.3e-05,-5e-05,3.6e-05,1.144278,1.144762,1.145488,1.143552,1.143068,20,2.84,1.142035,1.144875,NO_VOLUME_DATA,1.144513,1.144304,1.144007,1.143842,58.95,57.64,0.000305,0.000182,80.81,80.3,0.000589,1.145107,1.142692,1.144505,1.144695,1.144285,1.0,1.0,1.144475,1.144725,1.144315,1.144535,LONDON,305999,LOW,1.144475,1.144725,1.144315,1.144535,LONDON,305999,LOW,NONE,BEARISH,BEARISH,WEAK,AT_PIVOT,HIGH_WICK,NEUTRAL,CHAOTIC,NONE,TESTING_PIVOT,NORMAL,43,26,13.318284424378668,50,NEUTRAL,False,70,[],0,0,NEUTRAL,BEARISH,40,False,NONE,0,False,False,False,60,False,0,50,NONE,NONE,NONE,0,False,50,55,45,80,False,True,NEUTRAL,70,False,0.0,NONE,False,NONE,False,False,0,False,60,14.077669902913817,2.996789154477895,55.00000000000001,24,POOR,False,75,66,0.11693241055838877,4,30.000000000000004,True,RANDOM,70,44.56715301456673,5.773018268997642,False,NONE,False,False,False,100,True,70,NONE,80,CHOPPY,LOW,NONE,80,0.0184,CHOPPY,20,50,30,WEAK,NONE,50,40,60,LOW,58,55,45,-0.86,False,65,0.33795927653281765,100.0,RANGING,90,False,NONE,1.142035,1.144762,1.144278,FAR,30,50,85,UP,NONE,DOWN,33,NONE,DOWN,UP,True,"['M1', 'M5', 'M15']",33,33,BREAKOUT_EMERGING,BREAKOUT_EMERGING,55,70,True,25,"Volatility expansion after compression. Potential breakout opportunity. (breakout prob: 30%, reversal prob: 50%)",MEDIUM,PREPARE_TO_TRADE,5,1.0,0.5,False,False,True,False,0.3,0.3,True,False,False,18,True,[],0,NO,BREAKOUT_EMERGING,"Volatility expansion after compression. Potential breakout opportunity. (breakout prob: 30%, reversal prob: 50%)",LOW,NONE_OTC,0.127,[],True,Passed basic checks,0,33,50,MEDIUM,5,WAIT,รอการวิเคราะห์จาก AI
2026-07-02 19:46:00,1.144535,1.144725,1.144315,1.144475,1.0,EURUSD-OTC,BEARISH,1.144044,1.143936,1.143927,1.144695,1.146397,1.147199,BULLISH,1.145538,1.142566,0.002971,0.008791,51.3,50.3,-3.7e-05,-7.8e-05,4.1e-05,77.74,67.57,0.00145,12.5,-0.86,0.001475,0.00156,10.74,22.21,19.25,7.14,0.0184,1.0,1.0,1.0,False,6.3e-05,-5e-05,3.6e-05,1.144278,1.144762,1.145488,1.143552,1.143068,20,2.84,1.142035,1.144875,NO_VOLUME_DATA,1.144513,1.144304,1.144007,1.143842,58.95,57.64,0.000305,0.000182,80.81,80.3,0.000589,1.145107,1.142692,1.144505,1.144695,1.144285,1.0,1.0,1.144475,1.144725,1.144315,1.144535,LONDON,364551,LOW,1.144475,1.144725,1.144315,1.144535,LONDON,364551,LOW,NONE,BEARISH,BEARISH,WEAK,AT_PIVOT,HIGH_WICK,NEUTRAL,CHAOTIC,NONE,TESTING_PIVOT,NORMAL,43,26,13.318284424378668,50,NEUTRAL,False,70,[],0,0,NEUTRAL,BEARISH,40,False,NONE,0,False,False,False,60,False,0,50,NONE,NONE,NONE,0,False,50,55,45,80,False,True,NEUTRAL,70,False,0.0,NONE,False,NONE,False,False,0,False,60,14.077669902913817,2.996789154477895,55.00000000000001,24,POOR,False,75,66,0.11693241055838877,4,30.000000000000004,True,RANDOM,70,44.56715301456673,5.773018268997642,False,NONE,False,False,False,100,True,70,NONE,80,CHOPPY,LOW,NONE,80,0.0184,CHOPPY,20,50,30,WEAK,NONE,50,40,60,LOW,58,55,45,-0.86,False,65,0.33795927653281765,100.0,RANGING,90,False,NONE,1.142035,1.144762,1.144278,FAR,30,50,85,UP,NONE,DOWN,33,NONE,DOWN,UP,True,"['M1', 'M5', 'M15']",33,33,SIDEWAY_RANGE,SIDEWAY_RANGE,55,60,True,25,Price ranging between clear levels. Suitable for mean-reversion strategies.,MEDIUM,WAIT,5,1.0,0.5,False,False,True,False,0.3,0.3,True,False,False,18,True,[],0,NO,SIDEWAY_RANGE,Price ranging between clear levels. Suitable for mean-reversion strategies.,LOW,NONE_OTC,0.127,[],True,Passed basic checks,0,33,50,MEDIUM,5,WAIT,รอการวิเคราะห์จาก AI
2026-07-02 19:47:00,1.144535,1.144725,1.144315,1.144475,1.0,EURUSD-OTC,BEARISH,1.144044,1.143936,1.143927,1.144695,1.146397,1.147199,BULLISH,1.145538,1.142566,0.002971,0.008791,51.3,50.3,-3.7e-05,-7.8e-05,4.1e-05,77.74,67.57,0.00145,12.5,-0.86,0.001475,0.00156,10.74,22.21,19.25,7.14,0.0184,1.0,1.0,1.0,False,6.3e-05,-5e-05,3.6e-05,1.144278,1.144762,1.145488,1.143552,1.143068,20,2.84,1.142035,1.144875,NO_VOLUME_DATA,1.144513,1.144304,1.144007,1.143842,58.95,57.64,0.000305,0.000182,80.81,80.3,0.000589,1.145107,1.142692,1.144505,1.144695,1.144285,1.0,1.0,1.144475,1.144725,1.144315,1.144535,LONDON,423933,LOW,1.144475,1.144725,1.144315,1.144535,LONDON,423933,LOW,NONE,BEARISH,BEARISH,WEAK,AT_PIVOT,HIGH_WICK,NEUTRAL,CHAOTIC,NONE,TESTING_PIVOT,NORMAL,43,26,13.318284424378668,50,NEUTRAL,False,70,[],0,0,NEUTRAL,BEARISH,40,False,NONE,0,False,False,False,60,False,0,50,NONE,NONE,NONE,0,False,50,55,45,80,False,True,NEUTRAL,70,False,0.0,NONE,False,NONE,False,False,0,False,60,14.077669902913817,2.996789154477895,55.00000000000001,24,POOR,False,75,66,0.11693241055838877,4,30.000000000000004,True,RANDOM,70,44.56715301456673,5.773018268997642,False,NONE,False,False,False,100,True,70,NONE,80,CHOPPY,LOW,NONE,80,0.0184,CHOPPY,20,50,30,WEAK,NONE,50,40,60,LOW,58,55,45,-0.86,False,65,0.33795927653281765,100.0,RANGING,90,False,NONE,1.142035,1.144762,1.144278,FAR,30,50,85,UP,NONE,DOWN,33,NONE,DOWN,UP,True,"['M1', 'M5', 'M15']",33,33,SIDEWAY_RANGE,SIDEWAY_RANGE,55,60,True,25,Price ranging between clear levels. Suitable for mean-reversion strategies.,MEDIUM,WAIT,5,1.0,0.5,False,False,True,False,0.3,0.3,True,False,False,18,True,[],0,NO,SIDEWAY_RANGE,Price ranging between clear levels. Suitable for mean-reversion strategies.,LOW,NONE_OTC,0.127,[],True,Passed basic checks,0,33,50,MEDIUM,5,WAIT,รอการวิเคราะห์จาก AI
2026-07-02 19:48:00,1.144535,1.144725,1.144315,1.144475,1.0,EURUSD-OTC,BEARISH,1.144044,1.143936,1.143927,1.144695,1.146397,1.147199,BULLISH,1.145538,1.142566,0.002971,0.008791,51.3,50.3,-3.7e-05,-7.8e-05,4.1e-05,77.74,67.57,0.00145,12.5,-0.86,0.001475,0.00156,10.74,22.21,19.25,7.14,0.0184,1.0,1.0,1.0,False,6.3e-05,-5e-05,3.6e-05,1.144278,1.144762,1.145488,1.143552,1.143068,20,2.84,1.142035,1.144875,NO_VOLUME_DATA,1.144513,1.144304,1.144007,1.143842,58.95,57.64,0.000305,0.000182,80.81,80.3,0.000589,1.145107,1.142692,1.144505,1.144695,1.144285,1.0,1.0,1.144475,1.144725,1.144315,1.144535,LONDON,484326,LOW,1.144475,1.144725,1.144315,1.144535,LONDON,484326,LOW,NONE,BEARISH,BEARISH,WEAK,AT_PIVOT,HIGH_WICK,NEUTRAL,CHAOTIC,NONE,TESTING_PIVOT,NORMAL,43,26,13.318284424378668,50,NEUTRAL,False,70,[],0,0,NEUTRAL,BEARISH,40,False,NONE,0,False,False,False,60,False,0,50,NONE,NONE,NONE,0,False,50,55,45,80,False,True,NEUTRAL,70,False,0.0,NONE,False,NONE,False,False,0,False,60,14.077669902913817,2.996789154477895,55.00000000000001,24,POOR,False,75,66,0.11693241055838877,4,30.000000000000004,True,RANDOM,70,44.56715301456673,5.773018268997642,False,NONE,False,False,False,100,True,70,NONE,80,CHOPPY,LOW,NONE,80,0.0184,CHOPPY,20,50,30,WEAK,NONE,50,40,60,LOW,58,55,45,-0.86,False,65,0.33795927653281765,100.0,RANGING,90,False,NONE,1.142035,1.144762,1.144278,FAR,30,50,85,UP,NONE,DOWN,33,NONE,DOWN,UP,True,"['M1', 'M5', 'M15']",33,33,SIDEWAY_RANGE,SIDEWAY_RANGE,55,60,True,25,Price ranging between clear levels. Suitable for mean-reversion strategies.,MEDIUM,WAIT,5,1.0,0.5,False,False,True,False,0.3,0.3,True,False,False,18,True,[],0,NO,SIDEWAY_RANGE,Price ranging between clear levels. Suitable for mean-reversion strategies.,LOW,NONE_OTC,0.127,[],True,Passed basic checks,0,33,50,MEDIUM,5,WAIT,รอการวิเคราะห์จาก AI
2026-07-02 19:49:00,1.144535,1.144725,1.144315,1.144475,1.0,EURUSD-OTC,BEARISH,1.144044,1.143936,1.143927,1.144695,1.146397,1.147199,BULLISH,1.145538,1.142566,0.002971,0.008791,51.3,50.3,-3.7e-05,-7.8e-05,4.1e-05,77.74,67.57,0.00145,12.5,-0.86,0.001475,0.00156,10.74,22.21,19.25,7.14,0.0184,1.0,1.0,1.0,False,6.3e-05,-5e-05,3.6e-05,1.144278,1.144762,1.145488,1.143552,1.143068,20,2.84,1.142035,1.144875,NO_VOLUME_DATA,1.144513,1.144304,1.144007,1.143842,58.95,57.64,0.000305,0.000182,80.81,80.3,0.000589,1.145107,1.142692,1.144505,1.144695,1.144285,1.0,1.0,1.144475,1.144725,1.144315,1.144535,LONDON,543906,LOW,1.144475,1.144725,1.144315,1.144535,LONDON,543906,LOW,NONE,BEARISH,BEARISH,WEAK,AT_PIVOT,HIGH_WICK,NEUTRAL,CHAOTIC,NONE,TESTING_PIVOT,NORMAL,43,26,13.318284424378668,50,NEUTRAL,False,70,[],0,0,NEUTRAL,BEARISH,40,False,NONE,0,False,False,False,60,False,0,50,NONE,NONE,NONE,0,False,50,55,45,80,False,True,NEUTRAL,70,False,0.0,NONE,False,NONE,False,False,0,False,60,14.077669902913817,2.996789154477895,55.00000000000001,24,POOR,False,75,66,0.11693241055838877,4,30.000000000000004,True,RANDOM,70,44.56715301456673,5.773018268997642,False,NONE,False,False,False,100,True,70,NONE,80,CHOPPY,LOW,NONE,80,0.0184,CHOPPY,20,50,30,WEAK,NONE,50,40,60,LOW,58,55,45,-0.86,False,65,0.33795927653281765,100.0,RANGING,90,False,NONE,1.142035,1.144762,1.144278,FAR,30,50,85,UP,NONE,DOWN,33,NONE,DOWN,UP,True,"['M1', 'M5', 'M15']",33,33,SIDEWAY_RANGE,SIDEWAY_RANGE,55,60,True,25,Price ranging between clear levels. Suitable for mean-reversion strategies.,MEDIUM,WAIT,5,1.0,0.5,False,False,True,False,0.3,0.3,True,False,False,18,True,[],0,NO,SIDEWAY_RANGE,Price ranging between clear levels. Suitable for mean-reversion strategies.,LOW,NONE_OTC,0.127,[],True,Passed basic checks,0,33,50,MEDIUM,5,WAIT,รอการวิเคราะห์จาก AI
2026-07-02 19:50:00,1.144065,1.144545,1.143995,1.144355,1.0,EURUSD-OTC,BEARISH,1.144128,1.144001,1.143962,1.144679,1.146353,1.147152,BULLISH,1.145465,1.142581,0.002885,0.008754,54.24,51.66,-5e-06,-6.3e-05,5.9e-05,72.84,73.2,0.001417,14.0,-0.68,0.001467,0.001547,10.48,21.12,18.3,7.14,0.0035,1.0,1.0,1.0,False,0.000101,-3.3e-05,3.3e-05,1.144422,1.144848,1.145402,1.143868,1.143442,20,2.48,1.142035,1.145065,NO_VOLUME_DATA,1.14423,1.144221,1.144071,1.143901,56.3,55.43,0.000195,0.000208,60.21,58.31,0.000572,1.145216,1.142782,1.144298,1.144602,1.144052,1.0,1.0,1.144355,1.144545,1.143995,1.144065,LONDON,305581,LOW,1.144355,1.144545,1.143995,1.144065,LONDON,305581,LOW,SHOOTING_STAR,BULLISH,BULLISH,WEAK,AT_PIVOT,HIGH_WICK,NEUTRAL,CHAOTIC,TRUE,TESTING_PIVOT,NORMAL,43,30,16.605839416058167,50,NEUTRAL,False,70,['SHOOTING_STAR'],1,20,BEARISH,BULLISH,60,True,REJECTION,25,False,False,True,70,False,0,50,NONE,NONE,NONE,0,False,50,55,45,80,False,True,NEUTRAL,70,False,0.0,NONE,False,NONE,False,False,0,False,60,4.9488054607511796,3.7321624588364486,50.0,19,POOR,False,75,66,0.10165345646216413,4,30.000000000000004,True,RANDOM,70,45.26168249092431,5.3075963028313495,False,NONE,False,False,False,100,True,70,NONE,100,CHOPPY,LOW,NONE,100,0.0035,CHOPPY,20,50,30,WEAK,NONE,50,40,60,LOW,58,55,45,-0.68,False,65,0.32956362805574596,100.0,RANGING,90,False,NONE,1.142035,1.144848,1.144422,FAR,30,50,85,UP,NONE,DOWN,33,NONE,DOWN,UP,True,"['M1', 'M5', 'M15']",33,33,SIDEWAY_RANGE,SIDEWAY_RANGE,55,60,True,24,Price ranging between clear levels. Suitable for mean-reversion strategies.,MEDIUM,WAIT,5,1.0,0.5,False,False,True,False,0.3,0.3,True,False,False,18,True,[],0,NO,SIDEWAY_RANGE,Price ranging between clear levels. Suitable for mean-reversion strategies.,LOW,NONE_OTC,0.124,[],True,Passed basic checks,0,33,50,MEDIUM,5,WAIT,รอการวิเคราะห์จาก AI
2026-07-02 19:54:00,1.144315,1.144405,1.143905,1.143945,1.0,EURUSD-OTC,BEARISH,1.14362,1.143747,1.143833,1.144598,1.1463,1.147261,BEARISH,1.145328,1.142447,0.002881,0.008718,37.23,43.34,-0.000115,-7.4e-05,-4.1e-05,51.44,67.34,0.001447,12.0,-0.88,0.001464,0.001537,10.48,19.2,23.7,10.49,-0.1425,1.0,1.0,1.0,False,6.9e-05,-3.3e-05,2.9e-05,1.143192,1.143818,1.145032,1.141978,1.141352,21,2.43,1.142035,1.145065,NO_VOLUME_DATA,1.144282,1.1443,1.144188,1.143988,40.93,47.8,0.000166,0.000201,46.86,60.1,0.000563,1.145242,1.143293,1.144085,1.144265,1.143765,1.0,1.0,1.143945,1.144405,1.143905,1.144315,LONDON,243748,LOW,1.143945,1.144405,1.143905,1.144315,LONDON,243748,LOW,BEARISH_ENGULFING,BEARISH,BEARISH,WEAK,NONE,HIGH_WICK,BEARISH,CHAOTIC,NONE,NONE,NORMAL,46,26,7.580919931857191,50,NEUTRAL,False,70,['BEARISH_ENGULFING'],1,20,BEARISH,BEARISH,60,False,NONE,0,False,False,False,60,False,0,100,DOWN,NONE,DOWN,0,True,100,55,45,80,False,True,NEUTRAL,70,False,0.0,NONE,False,NONE,False,False,0,False,60,20.89437162683155,5.473163841807632,55.00000000000001,27,POOR,False,75,65,0.07198501500655118,4,19.999999999999996,True,RANDOM,70,43.17769553992902,8.564764987178524,False,NONE,False,False,False,100,True,70,NONE,80,CHOPPY,LOW,NONE,80,-0.1425,CHOPPY,20,50,30,WEAK,NONE,50,30,60,LOW,58,55,45,-0.88,False,65,0.3304657031429227,100.0,RANGING,90,False,NONE,1.141978,1.143818,1.143192,FAR,30,50,85,NONE,DOWN,DOWN,66,DOWN,DOWN,NONE,False,"['M1', 'M5', 'M15']",66,66,SIDEWAY_RANGE,SIDEWAY_RANGE,55,60,True,24,Price ranging between clear levels. Suitable for mean-reversion strategies.,MEDIUM,WAIT,5,1.0,0.5,False,False,True,False,0.3,0.3,True,False,False,18,True,[],0,NO,SIDEWAY_RANGE,Price ranging between clear levels. Suitable for mean-reversion strategies.,LOW,NONE_OTC,0.126,[],True,Passed basic checks,0,66,50,MEDIUM,5,WAIT,รอการวิเคราะห์จาก AI
2026-07-02 19:55:00,1.144315,1.144405,1.143905,1.143945,1.0,EURUSD-OTC,BEARISH,1.143954,1.143929,1.143928,1.144637,1.146319,1.147271,BEARISH,1.145261,1.142614,0.002647,0.008715,45.71,47.9,-3.5e-05,-5.8e-05,2.3e-05,62.09,70.89,0.001455,16.0,-0.83,0.001464,0.001537,10.56,19.1,24.11,11.61,-0.0551,1.0,1.0,1.0,False,0.000123,-1.9e-05,3.2e-05,1.143488,1.144522,1.145438,1.142572,1.141538,21,2.41,1.142035,1.145065,NO_VOLUME_DATA,1.144282,1.1443,1.144188,1.143988,40.93,47.8,0.000166,0.000201,46.86,60.1,0.000563,1.145242,1.143293,1.144085,1.144265,1.143765,1.0,1.0,1.143945,1.144405,1.143905,1.144315,LONDON,305383,LOW,1.143945,1.144405,1.143905,1.144315,LONDON,305383,LOW,BEARISH_ENGULFING,BEARISH,BEARISH,WEAK,AT_PIVOT,HIGH_WICK,NEUTRAL,CHAOTIC,NONE,TESTING_PIVOT,NORMAL,44,26,12.36654804270425,50,NEUTRAL,False,70,['BEARISH_ENGULFING'],1,20,BEARISH,BEARISH,60,False,NONE,0,False,False,False,60,False,0,100,DOWN,NONE,DOWN,0,True,100,55,45,80,False,True,NEUTRAL,70,False,0.0,NONE,False,NONE,False,False,0,False,60,14.285714285715345,1.9345761519523137,55.00000000000001,23,POOR,False,75,65,0.07933226821250272,4,19.999999999999996,True,RANDOM,70,43.12428277880806,7.374512602137123,False,NONE,False,False,False,100,True,70,NONE,100,CHOPPY,LOW,NONE,100,-0.0551,CHOPPY,20,50,30,WEAK,NONE,50,30,60,LOW,58,55,45,-0.83,False,65,0.30372920252438323,100.0,RANGING,90,False,NONE,1.142035,1.144522,1.143488,FAR,30,50,85,NONE,DOWN,DOWN,66,DOWN,DOWN,NONE,False,"['M1', 'M5', 'M15']",66,66,SIDEWAY_RANGE,SIDEWAY_RANGE,56,60,True,25,Price ranging between clear levels. Suitable for mean-reversion strategies.,MEDIUM,WAIT,5,1.0,0.5,False,False,True,False,0.3,0.3,True,False,False,18,True,[],0,NO,SIDEWAY_RANGE,Price ranging between clear levels. Suitable for mean-reversion strategies.,LOW,NONE_OTC,0.127,[],True,Passed basic checks,0,66,50,MEDIUM,5,WAIT,รอการวิเคราะห์จาก AI
2026-07-02 19:56:00,1.144315,1.144405,1.143905,1.143945,1.0,EURUSD-OTC,BEARISH,1.143954,1.143929,1.143928,1.144637,1.146319,1.147271,BEARISH,1.145261,1.142614,0.002647,0.008715,45.71,47.9,-3.5e-05,-5.8e-05,2.3e-05,62.09,70.89,0.001455,16.0,-0.83,0.001464,0.001537,10.56,19.1,24.11,11.61,-0.0551,1.0,1.0,1.0,False,0.000123,-1.9e-05,3.2e-05,1.143488,1.144522,1.145438,1.142572,1.141538,21,2.41,1.142035,1.145065,NO_VOLUME_DATA,1.144282,1.1443,1.144188,1.143988,40.93,47.8,0.000166,0.000201,46.86,60.1,0.000563,1.145242,1.143293,1.144085,1.144265,1.143765,1.0,1.0,1.143945,1.144405,1.143905,1.144315,LONDON,363826,LOW,1.143945,1.144405,1.143905,1.144315,LONDON,363826,LOW,BEARISH_ENGULFING,BEARISH,BEARISH,WEAK,AT_PIVOT,HIGH_WICK,NEUTRAL,CHAOTIC,NONE,TESTING_PIVOT,NORMAL,44,26,12.36654804270425,50,NEUTRAL,False,70,['BEARISH_ENGULFING'],1,20,BEARISH,BEARISH,60,False,NONE,0,False,False,False,60,False,0,100,DOWN,NONE,DOWN,0,True,100,55,45,80,False,True,NEUTRAL,70,False,0.0,NONE,False,NONE,False,False,0,False,60,14.285714285715345,1.9345761519523137,55.00000000000001,23,POOR,False,75,65,0.07933226821250272,4,19.999999999999996,True,RANDOM,70,43.12428277880806,7.374512602137123,False,NONE,False,False,False,100,True,70,NONE,100,CHOPPY,LOW,NONE,100,-0.0551,CHOPPY,20,50,30,WEAK,NONE,50,30,60,LOW,58,55,45,-0.83,False,65,0.30372920252438323,100.0,RANGING,90,False,NONE,1.142035,1.144522,1.143488,FAR,30,50,85,NONE,DOWN,DOWN,66,DOWN,DOWN,NONE,False,"['M1', 'M5', 'M15']",66,66,SIDEWAY_RANGE,SIDEWAY_RANGE,56,60,True,25,Price ranging between clear levels. Suitable for mean-reversion strategies.,MEDIUM,WAIT,5,1.0,0.5,False,False,True,False,0.3,0.3,True,False,False,18,True,[],0,NO,SIDEWAY_RANGE,Price ranging between clear levels. Suitable for mean-reversion strategies.,LOW,NONE_OTC,0.127,[],True,Passed basic checks,0,66,50,MEDIUM,5,WAIT,รอการวิเคราะห์จาก AI
2026-07-02 19:59:00,1.143615,1.144075,1.143505,1.143885,1.0,EURUSD-OTC,BEARISH,1.143934,1.143923,1.143925,1.144608,1.146284,1.147328,BEARISH,1.145244,1.142605,0.00264,0.008677,49.6,49.56,-3.5e-05,-5.3e-05,1.8e-05,60.6,65.18,0.001426,7.0,-0.92,0.001463,0.001522,10.63,18.09,22.84,11.61,0.1208,1.0,1.0,1.0,False,0.000169,-1.6e-05,3.3e-05,1.143732,1.144338,1.144782,1.143288,1.142682,20,2.19,1.142035,1.145065,NO_VOLUME_DATA,1.143591,1.143733,1.143866,1.143872,51.73,50.08,-9.8e-05,2e-05,39.96,23.47,0.000611,1.145236,1.14299,1.143822,1.144138,1.143568,1.0,1.0,1.143885,1.144075,1.143505,1.143615,LONDON,244013,LOW,1.143885,1.144075,1.143505,1.143615,LONDON,244013,LOW,NONE,BULLISH,BULLISH,WEAK,AT_PIVOT,HIGH_WICK,NEUTRAL,CHAOTIC,NONE,TESTING_PIVOT,NORMAL,42,26,8.796296296296058,50,NEUTRAL,False,70,[],0,0,NEUTRAL,BULLISH,40,False,NONE,0,False,False,False,60,False,0,100,DOWN,NONE,NONE,0,True,100,55,45,80,False,True,NEUTRAL,70,False,0.0,NONE,False,NONE,False,False,0,False,60,2.3423423423417082,0.5434782608699019,50.0,17,POOR,False,75,63,0.07647207674550008,4,10.000000000000009,True,RANDOM,70,43.23738336100635,6.865699114860011,False,NONE,False,False,False,100,True,70,DOWN,100,IMPULSIVE,LOW,DOWN,100,0.1208,IMPULSIVE,85,30,85,WEAK,BEARISH,50,40,60,LOW,58,55,45,-0.92,False,65,0.30425262187391955,100.0,RANGING,90,False,NONE,1.142035,1.144338,1.143732,FAR,30,50,85,NONE,DOWN,DOWN,66,DOWN,DOWN,NONE,False,"['M1', 'M5', 'M15']",66,66,SIDEWAY_RANGE,SIDEWAY_RANGE,55,60,True,25,Price ranging between clear levels. Suitable for mean-reversion strategies.,MEDIUM,WAIT,5,1.0,0.5,False,False,False,False,0.3,0.3,True,False,False,18,True,[],0,NO,SIDEWAY_RANGE,Price ranging between clear levels. Suitable for mean-reversion strategies.,LOW,NONE_OTC,0.125,[],True,Passed basic checks,0,66,50,MEDIUM,5,WAIT,รอการวิเคราะห์จาก AI
2026-07-02 20:00:00,1.143615,1.144075,1.143505,1.143885,1.0,EURUSD-OTC,BEARISH,1.143801,1.14385,1.143887,1.144593,1.146276,1.147324,BEARISH,1.145238,1.142571,0.002666,0.008677,44.41,47.31,-6.7e-05,-5.9e-05,-7e-06,56.34,63.76,0.001426,7.0,-0.92,0.001463,0.001522,10.63,18.09,22.84,11.61,0.0858,1.0,1.0,1.0,False,0.000147,-2.2e-05,3.2e-05,1.143598,1.144072,1.144648,1.143022,1.142548,20,2.19,1.142035,1.145065,NO_VOLUME_DATA,1.143591,1.143733,1.143866,1.143872,51.73,50.08,-9.8e-05,2e-05,39.96,23.47,0.000611,1.145236,1.14299,1.143822,1.144138,1.143568,1.0,1.0,1.143885,1.144075,1.143505,1.143615,LONDON,305724,LOW,1.143885,1.144075,1.143505,1.143615,LONDON,305724,LOW,NONE,BEARISH,BEARISH,WEAK,AT_PIVOT,HIGH_WICK,NEUTRAL,CHAOTIC,NONE,TESTING_PIVOT,NORMAL,42,30,6.996268656715389,50,NEUTRAL,False,70,[],0,0,NEUTRAL,BEARISH,40,False,NONE,0,False,False,False,60,False,0,100,DOWN,NONE,DOWN,0,True,100,55,45,80,False,True,NEUTRAL,70,False,0.0,NONE,False,NONE,False,False,0,False,60,6.043956043957106,0.9057971014495684,55.00000000000001,20,POOR,False,75,63,0.08308171352263696,4,10.000000000000009,True,RANDOM,70,44.00432859889949,6.5961847331273376,False,NONE,False,False,False,100,True,70,DOWN,100,CHOPPY,LOW,DOWN,100,0.0858,CHOPPY,85,30,85,WEAK,BEARISH,50,40,60,LOW,58,55,45,-0.92,False,65,0.3072490492105566,100.0,RANGING,90,False,NONE,1.142035,1.144072,1.143598,FAR,30,50,85,NONE,DOWN,DOWN,66,DOWN,DOWN,NONE,False,"['M1', 'M5', 'M15']",66,66,SIDEWAY_RANGE,SIDEWAY_RANGE,55,60,True,25,Price ranging between clear levels. Suitable for mean-reversion strategies.,MEDIUM,WAIT,5,1.0,0.5,False,False,False,False,0.3,0.3,True,False,False,18,True,[],0,NO,SIDEWAY_RANGE,Price ranging between clear levels. Suitable for mean-reversion strategies.,LOW,NONE_OTC,0.125,[],True,Passed basic checks,0,66,50,MEDIUM,5,WAIT,รอการวิเคราะห์จาก AI
2026-07-02 20:01:00,1.143615,1.144075,1.143505,1.143885,1.0,EURUSD-OTC,BEARISH,1.143801,1.14385,1.143887,1.144593,1.146276,1.147324,BEARISH,1.145238,1.142571,0.002666,0.008677,44.41,47.31,-6.7e-05,-5.9e-05,-7e-06,56.34,63.76,0.001426,7.0,-0.92,0.001463,0.001522,10.63,18.09,22.84,11.61,0.0858,1.0,1.0,1.0,False,0.000147,-2.2e-05,3.2e-05,1.143598,1.144072,1.144648,1.143022,1.142548,20,2.19,1.142035,1.145065,NO_VOLUME_DATA,1.143591,1.143733,1.143866,1.143872,51.73,50.08,-9.8e-05,2e-05,39.96,23.47,0.000611,1.145236,1.14299,1.143822,1.144138,1.143568,1.0,1.0,1.143885,1.144075,1.143505,1.143615,LONDON,364266,LOW,1.143885,1.144075,1.143505,1.143615,LONDON,364266,LOW,NONE,BEARISH,BEARISH,WEAK,AT_PIVOT,HIGH_WICK,NEUTRAL,CHAOTIC,NONE,TESTING_PIVOT,NORMAL,42,30,6.996268656715389,50,NEUTRAL,False,70,[],0,0,NEUTRAL,BEARISH,40,False,NONE,0,False,False,False,60,False,0,100,DOWN,NONE,DOWN,0,True,100,55,45,80,False,True,NEUTRAL,70,False,0.0,NONE,False,NONE,False,False,0,False,60,6.043956043957106,0.9057971014495684,55.00000000000001,20,POOR,False,75,63,0.08308171352263696,4,10.000000000000009,True,RANDOM,70,44.00432859889949,6.5961847331273376,False,NONE,False,False,False,100,True,70,DOWN,100,CHOPPY,LOW,DOWN,100,0.0858,CHOPPY,85,30,85,WEAK,BEARISH,50,40,60,LOW,58,55,45,-0.92,False,65,0.3072490492105566,100.0,RANGING,90,False,NONE,1.142035,1.144072,1.143598,FAR,30,50,85,NONE,DOWN,DOWN,66,DOWN,DOWN,NONE,False,"['M1', 'M5', 'M15']",66,66,SIDEWAY_RANGE,SIDEWAY_RANGE,55,60,True,25,Price ranging between clear levels. Suitable for mean-reversion strategies.,MEDIUM,WAIT,5,1.0,0.5,False,False,False,False,0.3,0.3,True,False,False,18,True,[],0,NO,SIDEWAY_RANGE,Price ranging between clear levels. Suitable for mean-reversion strategies.,LOW,NONE_OTC,0.125,[],True,Passed basic checks,0,66,50,MEDIUM,5,WAIT,รอการวิเคราะห์จาก AI
2026-07-02 20:02:00,1.143615,1.144075,1.143505,1.143885,1.0,EURUSD-OTC,BEARISH,1.143801,1.14385,1.143887,1.144593,1.146276,1.147324,BEARISH,1.145238,1.142571,0.002666,0.008677,44.41,47.31,-6.7e-05,-5.9e-05,-7e-06,56.34,63.76,0.001426,7.0,-0.92,0.001463,0.001522,10.63,18.09,22.84,11.61,0.0858,1.0,1.0,1.0,False,0.000147,-2.2e-05,3.2e-05,1.143598,1.144072,1.144648,1.143022,1.142548,20,2.19,1.142035,1.145065,NO_VOLUME_DATA,1.143591,1.143733,1.143866,1.143872,51.73,50.08,-9.8e-05,2e-05,39.96,23.47,0.000611,1.145236,1.14299,1.143822,1.144138,1.143568,1.0,1.0,1.143885,1.144075,1.143505,1.143615,LONDON,423659,LOW,1.143885,1.144075,1.143505,1.143615,LONDON,423659,LOW,NONE,BEARISH,BEARISH,WEAK,AT_PIVOT,HIGH_WICK,NEUTRAL,CHAOTIC,NONE,TESTING_PIVOT,NORMAL,42,30,6.996268656715389,50,NEUTRAL,False,70,[],0,0,NEUTRAL,BEARISH,40,False,NONE,0,False,False,False,60,False,0,100,DOWN,NONE,DOWN,0,True,100,55,45,80,False,True,NEUTRAL,70,False,0.0,NONE,False,NONE,False,False,0,False,60,6.043956043957106,0.9057971014495684,55.00000000000001,20,POOR,False,75,63,0.08308171352263696,4,10.000000000000009,True,RANDOM,70,44.00432859889949,6.5961847331273376,False,NONE,False,False,False,100,True,70,DOWN,100,CHOPPY,LOW,DOWN,100,0.0858,CHOPPY,85,30,85,WEAK,BEARISH,50,40,60,LOW,58,55,45,-0.92,False,65,0.3072490492105566,100.0,RANGING,90,False,NONE,1.142035,1.144072,1.143598,FAR,30,50,85,NONE,DOWN,DOWN,66,DOWN,DOWN,NONE,False,"['M1', 'M5', 'M15']",66,66,SIDEWAY_RANGE,SIDEWAY_RANGE,55,60,True,25,Price ranging between clear levels. Suitable for mean-reversion strategies.,MEDIUM,WAIT,5,1.0,0.5,False,False,False,False,0.3,0.3,True,False,False,18,True,[],0,NO,SIDEWAY_RANGE,Price ranging between clear levels. Suitable for mean-reversion strategies.,LOW,NONE_OTC,0.125,[],True,Passed basic checks,0,66,50,MEDIUM,5,WAIT,รอการวิเคราะห์จาก AI
2026-07-02 20:03:00,1.143615,1.144075,1.143505,1.143885,1.0,EURUSD-OTC,BEARISH,1.143801,1.14385,1.143887,1.144593,1.146276,1.147324,BEARISH,1.145238,1.142571,0.002666,0.008677,44.41,47.31,-6.7e-05,-5.9e-05,-7e-06,56.34,63.76,0.001426,7.0,-0.92,0.001463,0.001522,10.63,18.09,22.84,11.61,0.0858,1.0,1.0,1.0,False,0.000147,-2.2e-05,3.2e-05,1.143598,1.144072,1.144648,1.143022,1.142548,20,2.19,1.142035,1.145065,NO_VOLUME_DATA,1.143591,1.143733,1.143866,1.143871,51.73,50.08,-9.8e-05,2e-05,39.96,23.47,0.000611,1.145236,1.14299,1.143822,1.144138,1.143568,1.0,1.0,1.143885,1.144075,1.143505,1.143615,LONDON,484200,LOW,1.143885,1.144075,1.143505,1.143615,LONDON,484200,LOW,NONE,BEARISH,BEARISH,WEAK,AT_PIVOT,HIGH_WICK,NEUTRAL,CHAOTIC,NONE,TESTING_PIVOT,NORMAL,42,30,6.996268656715389,50,NEUTRAL,False,70,[],0,0,NEUTRAL,BEARISH,40,False,NONE,0,False,False,False,60,False,0,100,DOWN,NONE,DOWN,0,True,100,55,45,80,False,True,NEUTRAL,70,False,0.0,NONE,False,NONE,False,False,0,False,60,6.043956043957106,0.9057971014495684,55.00000000000001,20,POOR,False,75,63,0.08308171352263696,4,10.000000000000009,True,RANDOM,70,44.00432859889949,6.5961847331273376,False,NONE,False,False,False,100,True,70,DOWN,100,CHOPPY,LOW,DOWN,100,0.0858,CHOPPY,85,30,85,WEAK,BEARISH,50,40,60,LOW,58,55,45,-0.92,False,65,0.3072490492105566,100.0,RANGING,90,False,NONE,1.142035,1.144072,1.143598,FAR,30,50,85,NONE,DOWN,DOWN,66,DOWN,DOWN,NONE,False,"['M1', 'M5', 'M15']",66,66,SIDEWAY_RANGE,SIDEWAY_RANGE,55,60,True,25,Price ranging between clear levels. Suitable for mean-reversion strategies.,MEDIUM,WAIT,5,1.0,0.5,False,False,False,False,0.3,0.3,True,False,False,18,True,[],0,NO,SIDEWAY_RANGE,Price ranging between clear levels. Suitable for mean-reversion strategies.,LOW,NONE_OTC,0.125,[],True,Passed basic checks,0,66,50,MEDIUM,5,WAIT,รอการวิเคราะห์จาก AI
2026-07-02 20:04:00,1.143615,1.144075,1.143505,1.143885,1.0,EURUSD-OTC,BEARISH,1.143801,1.14385,1.143887,1.144593,1.146276,1.147324,BEARISH,1.145238,1.142571,0.002666,0.008677,44.41,47.31,-6.7e-05,-5.9e-05,-7e-06,56.34,63.76,0.001426,7.0,-0.92,0.001463,0.001522,10.63,18.09,22.84,11.61,0.0858,1.0,1.0,1.0,False,0.000147,-2.2e-05,3.2e-05,1.143598,1.144072,1.144648,1.143022,1.142548,20,2.19,1.142035,1.145065,NO_VOLUME_DATA,1.143591,1.143733,1.143866,1.143871,51.73,50.08,-9.8e-05,2e-05,39.96,23.47,0.000611,1.145236,1.14299,1.143822,1.144138,1.143568,1.0,1.0,1.143885,1.144075,1.143505,1.143615,LONDON,543715,LOW,1.143885,1.144075,1.143505,1.143615,LONDON,543715,LOW,NONE,BEARISH,BEARISH,WEAK,AT_PIVOT,HIGH_WICK,NEUTRAL,CHAOTIC,NONE,TESTING_PIVOT,NORMAL,42,30,6.996268656715389,50,NEUTRAL,False,70,[],0,0,NEUTRAL,BEARISH,40,False,NONE,0,False,False,False,60,False,0,100,DOWN,NONE,DOWN,0,True,100,55,45,80,False,True,NEUTRAL,70,False,0.0,NONE,False,NONE,False,False,0,False,60,6.043956043957106,0.9057971014495684,55.00000000000001,20,POOR,False,75,63,0.08308171352263696,4,10.000000000000009,True,RANDOM,70,44.00432859889949,6.5961847331273376,False,NONE,False,False,False,100,True,70,DOWN,100,CHOPPY,LOW,DOWN,100,0.0858,CHOPPY,85,30,85,WEAK,BEARISH,50,40,60,LOW,58,55,45,-0.92,False,65,0.3072490492105566,100.0,RANGING,90,False,NONE,1.142035,1.144072,1.143598,FAR,30,50,85,NONE,DOWN,DOWN,66,DOWN,DOWN,NONE,False,"['M1', 'M5', 'M15']",66,66,SIDEWAY_RANGE,SIDEWAY_RANGE,55,60,True,25,Price ranging between clear levels. Suitable for mean-reversion strategies.,MEDIUM,WAIT,5,1.0,0.5,False,False,False,False,0.3,0.3,True,False,False,18,True,[],0,NO,SIDEWAY_RANGE,Price ranging between clear levels. Suitable for mean-reversion strategies.,LOW,NONE_OTC,0.125,[],True,Passed basic checks,0,66,50,MEDIUM,5,WAIT,รอการวิเคราะห์จาก AI
2026-07-02 20:05:00,1.143515,1.144465,1.143375,1.144185,1.0,EURUSD-OTC,BEARISH,1.143572,1.143716,1.143813,1.144535,1.146203,1.147204,BEARISH,1.145249,1.142497,0.002752,0.00864,39.85,45.24,-0.000121,-7.2e-05,-5e-05,44.15,54.19,0.001454,14.5,-0.85,0.00146,0.001512,11.08,16.47,23.16,16.87,0.0744,1.0,1.0,1.0,False,4.4e-05,-3.5e-05,3.1e-05,1.143408,1.144172,1.145228,1.142352,1.141588,21,2.15,1.142455,1.145065,NO_VOLUME_DATA,1.143794,1.143758,1.143819,1.143846,57.89,53.5,-6.3e-05,-5.7e-05,52.38,49.51,0.00068,1.144963,1.142846,1.144008,1.144642,1.143552,1.0,1.0,1.144185,1.144465,1.143375,1.143515,LONDON,305263,LOW,1.144185,1.144465,1.143375,1.143515,LONDON,305263,LOW,NONE,BEARISH,BEARISH,WEAK,NONE,HIGH_WICK,NEUTRAL,CHAOTIC,NONE,NONE,NORMAL,42,30,5.6169429097604215,50,NEUTRAL,False,70,[],0,0,NEUTRAL,BEARISH,40,False,NONE,0,False,False,False,60,False,0,100,DOWN,NONE,DOWN,0,True,100,55,45,80,False,True,NEUTRAL,70,False,0.0,NONE,False,NONE,False,False,0,False,60,5.785123966941509,4.367897727272104,55.00000000000001,21,POOR,False,75,63,0.08869676402915293,4,10.000000000000009,True,RANDOM,70,44.35399962980435,6.703664624401698,False,NONE,False,False,False,100,True,70,NONE,60,CHOPPY,LOW,NONE,60,0.0744,CHOPPY,20,50,30,WEAK,BEARISH,50,40,60,LOW,58,55,45,-0.85,False,65,0.31851851851851853,100.0,RANGING,90,False,NONE,1.142352,1.144172,1.143408,FAR,30,50,85,NONE,DOWN,DOWN,66,DOWN,DOWN,NONE,False,"['M1', 'M5', 'M15']",66,66,SIDEWAY_RANGE,SIDEWAY_RANGE,55,60,True,25,Price ranging between clear levels. Suitable for mean-reversion strategies.,MEDIUM,WAIT,5,1.0,0.5,False,False,True,False,0.3,0.3,True,False,False,18,True,[],0,NO,SIDEWAY_RANGE,Price ranging between clear levels. Suitable for mean-reversion strategies.,LOW,NONE_OTC,0.127,[],True,Passed basic checks,0,66,50,MEDIUM,5,WAIT,รอการวิเคราะห์จาก AI
2026-07-02 20:06:00,1.143515,1.144465,1.143375,1.144185,1.0,EURUSD-OTC,BEARISH,1.143572,1.143716,1.143813,1.144535,1.146203,1.147204,BEARISH,1.145249,1.142497,0.002752,0.00864,39.85,45.24,-0.000121,-7.2e-05,-5e-05,44.15,54.19,0.001454,14.5,-0.85,0.00146,0.001512,11.08,16.47,23.16,16.87,0.0744,1.0,1.0,1.0,False,4.4e-05,-3.5e-05,3.1e-05,1.143408,1.144172,1.145228,1.142352,1.141588,21,2.15,1.142455,1.145065,NO_VOLUME_DATA,1.143794,1.143758,1.143819,1.143846,57.89,53.5,-6.3e-05,-5.7e-05,52.38,49.51,0.00068,1.144963,1.142846,1.144008,1.144642,1.143552,1.0,1.0,1.144185,1.144465,1.143375,1.143515,LONDON,363554,LOW,1.144185,1.144465,1.143375,1.143515,LONDON,363554,LOW,NONE,BEARISH,BEARISH,WEAK,NONE,HIGH_WICK,NEUTRAL,CHAOTIC,NONE,NONE,NORMAL,42,30,5.6169429097604215,50,NEUTRAL,False,70,[],0,0,NEUTRAL,BEARISH,40,False,NONE,0,False,False,False,60,False,0,100,DOWN,NONE,DOWN,0,True,100,55,45,80,False,True,NEUTRAL,70,False,0.0,NONE,False,NONE,False,False,0,False,60,5.785123966941509,4.367897727272104,55.00000000000001,21,POOR,False,75,63,0.08869676402915293,4,10.000000000000009,True,RANDOM,70,44.35399962980435,6.703664624401698,False,NONE,False,False,False,100,True,70,NONE,60,CHOPPY,LOW,NONE,60,0.0744,CHOPPY,20,50,30,WEAK,BEARISH,50,40,60,LOW,58,55,45,-0.85,False,65,0.31851851851851853,100.0,RANGING,90,False,NONE,1.142352,1.144172,1.143408,FAR,30,50,85,NONE,DOWN,DOWN,66,DOWN,DOWN,NONE,False,"['M1', 'M5', 'M15']",66,66,SIDEWAY_RANGE,SIDEWAY_RANGE,55,60,True,25,Price ranging between clear levels. Suitable for mean-reversion strategies.,MEDIUM,WAIT,5,1.0,0.5,False,False,True,False,0.3,0.3,True,False,False,18,True,[],0,NO,SIDEWAY_RANGE,Price ranging between clear levels. Suitable for mean-reversion strategies.,LOW,NONE_OTC,0.127,[],True,Passed basic checks,0,66,50,MEDIUM,5,WAIT,รอการวิเคราะห์จาก AI
2026-07-02 20:07:00,1.143515,1.144465,1.143375,1.144185,1.0,EURUSD-OTC,BEARISH,1.143572,1.143716,1.143813,1.144535,1.146203,1.147204,BEARISH,1.145249,1.142497,0.002752,0.00864,39.85,45.24,-0.000121,-7.2e-05,-5e-05,44.15,54.19,0.001454,14.5,-0.85,0.00146,0.001512,11.08,16.47,23.16,16.87,0.0744,1.0,1.0,1.0,False,4.4e-05,-3.5e-05,3.1e-05,1.143408,1.144172,1.145228,1.142352,1.141588,21,2.15,1.142455,1.145065,NO_VOLUME_DATA,1.143794,1.143758,1.143819,1.143846,57.89,53.5,-6.3e-05,-5.7e-05,52.38,49.51,0.00068,1.144963,1.142846,1.144008,1.144642,1.143552,1.0,1.0,1.144185,1.144465,1.143375,1.143515,LONDON,424112,LOW,1.144185,1.144465,1.143375,1.143515,LONDON,424112,LOW,NONE,BEARISH,BEARISH,WEAK,NONE,HIGH_WICK,NEUTRAL,CHAOTIC,NONE,NONE,NORMAL,42,30,5.6169429097604215,50,NEUTRAL,False,70,[],0,0,NEUTRAL,BEARISH,40,False,NONE,0,False,False,False,60,False,0,100,DOWN,NONE,DOWN,0,True,100,55,45,80,False,True,NEUTRAL,70,False,0.0,NONE,False,NONE,False,False,0,False,60,5.785123966941509,4.367897727272104,55.00000000000001,21,POOR,False,75,63,0.08869676402915293,4,10.000000000000009,True,RANDOM,70,44.35399962980435,6.703664624401698,False,NONE,False,False,False,100,True,70,NONE,60,CHOPPY,LOW,NONE,60,0.0744,CHOPPY,20,50,30,WEAK,BEARISH,50,40,60,LOW,58,55,45,-0.85,False,65,0.31851851851851853,100.0,RANGING,90,False,NONE,1.142352,1.144172,1.143408,FAR,30,50,85,NONE,DOWN,DOWN,66,DOWN,DOWN,NONE,False,"['M1', 'M5', 'M15']",66,66,SIDEWAY_RANGE,SIDEWAY_RANGE,55,60,True,25,Price ranging between clear levels. Suitable for mean-reversion strategies.,MEDIUM,WAIT,5,1.0,0.5,False,False,True,False,0.3,0.3,True,False,False,18,True,[],0,NO,SIDEWAY_RANGE,Price ranging between clear levels. Suitable for mean-reversion strategies.,LOW,NONE_OTC,0.127,[],True,Passed basic checks,0,66,50,MEDIUM,5,WAIT,รอการวิเคราะห์จาก AI
2026-07-02 20:08:00,1.143515,1.144465,1.143375,1.144185,1.0,EURUSD-OTC,BEARISH,1.143572,1.143716,1.143813,1.144535,1.146203,1.147204,BEARISH,1.145249,1.142497,0.002752,0.00864,39.85,45.24,-0.000121,-7.2e-05,-5e-05,44.15,54.19,0.001454,14.5,-0.85,0.00146,0.001512,11.08,16.47,23.16,16.87,0.0744,1.0,1.0,1.0,False,4.4e-05,-3.5e-05,3.1e-05,1.143408,1.144172,1.145228,1.142352,1.141588,21,2.15,1.142455,1.145065,NO_VOLUME_DATA,1.143794,1.143758,1.143819,1.143846,57.89,53.5,-6.3e-05,-5.7e-05,52.38,49.51,0.00068,1.144963,1.142846,1.144008,1.144642,1.143552,1.0,1.0,1.144185,1.144465,1.143375,1.143515,LONDON,483525,LOW,1.144185,1.144465,1.143375,1.143515,LONDON,483525,LOW,NONE,BEARISH,BEARISH,WEAK,NONE,HIGH_WICK,NEUTRAL,CHAOTIC,NONE,NONE,NORMAL,42,30,5.6169429097604215,50,NEUTRAL,False,70,[],0,0,NEUTRAL,BEARISH,40,False,NONE,0,False,False,False,60,False,0,100,DOWN,NONE,DOWN,0,True,100,55,45,80,False,True,NEUTRAL,70,False,0.0,NONE,False,NONE,False,False,0,False,60,5.785123966941509,4.367897727272104,55.00000000000001,21,POOR,False,75,63,0.08869676402915293,4,10.000000000000009,True,RANDOM,70,44.35399962980435,6.703664624401698,False,NONE,False,False,False,100,True,70,NONE,60,CHOPPY,LOW,NONE,60,0.0744,CHOPPY,20,50,30,WEAK,BEARISH,50,40,60,LOW,58,55,45,-0.85,False,65,0.31851851851851853,100.0,RANGING,90,False,NONE,1.142352,1.144172,1.143408,FAR,30,50,85,NONE,DOWN,DOWN,66,DOWN,DOWN,NONE,False,"['M1', 'M5', 'M15']",66,66,SIDEWAY_RANGE,SIDEWAY_RANGE,55,60,True,25,Price ranging between clear levels. Suitable for mean-reversion strategies.,MEDIUM,WAIT,5,1.0,0.5,False,False,True,False,0.3,0.3,True,False,False,18,True,[],0,NO,SIDEWAY_RANGE,Price ranging between clear levels. Suitable for mean-reversion strategies.,LOW,NONE_OTC,0.127,[],True,Passed basic checks,0,66,50,MEDIUM,5,WAIT,รอการวิเคราะห์จาก AI
2026-07-02 20:09:00,1.143515,1.144465,1.143375,1.144185,1.0,EURUSD-OTC,BEARISH,1.143572,1.143716,1.143813,1.144535,1.146203,1.147204,BEARISH,1.145249,1.142497,0.002752,0.00864,39.85,45.24,-0.000121,-7.2e-05,-5e-05,44.15,54.19,0.001454,14.5,-0.85,0.00146,0.001512,11.08,16.47,23.16,16.87,0.0744,1.0,1.0,1.0,False,4.4e-05,-3.5e-05,3.1e-05,1.143408,1.144172,1.145228,1.142352,1.141588,21,2.15,1.142455,1.145065,NO_VOLUME_DATA,1.143794,1.143758,1.143819,1.143846,57.89,53.5,-6.3e-05,-5.7e-05,52.38,49.51,0.00068,1.144963,1.142846,1.144008,1.144642,1.143552,1.0,1.0,1.144185,1.144465,1.143375,1.143515,LONDON,544183,LOW,1.144185,1.144465,1.143375,1.143515,LONDON,544183,LOW,NONE,BEARISH,BEARISH,WEAK,NONE,HIGH_WICK,NEUTRAL,CHAOTIC,NONE,NONE,NORMAL,42,30,5.6169429097604215,50,NEUTRAL,False,70,[],0,0,NEUTRAL,BEARISH,40,False,NONE,0,False,False,False,60,False,0,100,DOWN,NONE,DOWN,0,True,100,55,45,80,False,True,NEUTRAL,70,False,0.0,NONE,False,NONE,False,False,0,False,60,5.785123966941509,4.367897727272104,55.00000000000001,21,POOR,False,75,63,0.08869676402915293,4,10.000000000000009,True,RANDOM,70,44.35399962980435,6.703664624401698,False,NONE,False,False,False,100,True,70,NONE,60,CHOPPY,LOW,NONE,60,0.0744,CHOPPY,20,50,30,WEAK,BEARISH,50,40,60,LOW,58,55,45,-0.85,False,65,0.31851851851851853,100.0,RANGING,90,False,NONE,1.142352,1.144172,1.143408,FAR,30,50,85,NONE,DOWN,DOWN,66,DOWN,DOWN,NONE,False,"['M1', 'M5', 'M15']",66,66,SIDEWAY_RANGE,SIDEWAY_RANGE,55,60,True,25,Price ranging between clear levels. Suitable for mean-reversion strategies.,MEDIUM,WAIT,5,1.0,0.5,False,False,True,False,0.3,0.3,True,False,False,18,True,[],0,NO,SIDEWAY_RANGE,Price ranging between clear levels. Suitable for mean-reversion strategies.,LOW,NONE_OTC,0.127,[],True,Passed basic checks,0,66,50,MEDIUM,5,WAIT,รอการวิเคราะห์จาก AI
2026-07-02 20:10:00,1.143125,1.143525,1.143115,1.143385,1.0,EURUSD-OTC,BEARISH,1.14355,1.143678,1.143784,1.144494,1.146126,1.146994,BEARISH,1.145198,1.142464,0.002734,0.008603,46.44,47.77,-0.000132,-8.4e-05,-4.8e-05,43.6,48.03,0.001419,4.5,-1.03,0.001458,0.001499,11.49,15.68,22.04,16.87,-0.0044,1.0,1.0,1.0,False,-6.2e-05,-3.3e-05,3.4e-05,1.143385,1.143925,1.144345,1.142965,1.142425,22,2.21,1.142455,1.145065,NO_VOLUME_DATA,1.143276,1.143396,1.143569,1.143726,48.41,47.48,-0.000188,-0.00013,32.5,29.15,0.000653,1.144823,1.142496,1.143342,1.143568,1.143158,1.0,1.0,1.143385,1.143525,1.143115,1.143125,LONDON,305022,LOW,1.143385,1.143525,1.143115,1.143125,LONDON,305022,LOW,NONE,BULLISH,BULLISH,WEAK,AT_PIVOT,HIGH_WICK,NEUTRAL,CHAOTIC,NONE,TESTING_PIVOT,NORMAL,41,30,0.918318028032419,50,NEUTRAL,False,70,[],0,0,NEUTRAL,BULLISH,40,False,NONE,0,False,False,False,60,False,0,100,DOWN,NONE,NONE,0,True,100,55,45,80,False,True,NEUTRAL,70,False,0.0,NONE,False,NONE,False,False,0,False,60,7.865168539325702,2.258652094717889,55.00000000000001,21,POOR,False,75,62,0.10700505202085665,3,0.0,True,RANDOM,70,44.08557477647168,6.413357211014257,True,MOMENTUM_SHIFT,False,True,False,65,True,70,DOWN,80,CHOPPY,LOW,DOWN,80,-0.0044,CHOPPY,65,30,65,WEAK,NONE,50,30,60,LOW,58,55,45,-1.03,False,65,0.3177961176333837,100.0,RANGING,90,False,NONE,1.142455,1.143925,1.143385,FAR,30,50,85,DOWN,DOWN,DOWN,100,DOWN,DOWN,DOWN,False,"['M1', 'M5', 'M15']",100,100,SIDEWAY_RANGE,SIDEWAY_RANGE,54,60,True,25,Price ranging between clear levels. Suitable for mean-reversion strategies.,MEDIUM,WAIT,5,1.0,0.5,False,False,False,False,0.3,0.3,True,False,False,18,True,[],0,NO,SIDEWAY_RANGE,Price ranging between clear levels. Suitable for mean-reversion strategies.,LOW,NONE_OTC,0.124,[],True,Passed basic checks,0,100,50,MEDIUM,5,WAIT,รอการวิเคราะห์จาก AI
2026-07-02 20:11:00,1.143125,1.143525,1.143115,1.143385,1.0,EURUSD-OTC,BEARISH,1.14355,1.143678,1.143784,1.144494,1.146126,1.146994,BEARISH,1.145198,1.142464,0.002734,0.008603,46.44,47.77,-0.000132,-8.4e-05,-4.8e-05,43.6,48.03,0.001419,4.5,-1.03,0.001458,0.001499,11.49,15.68,22.04,16.87,-0.0044,1.0,1.0,1.0,False,-6.2e-05,-3.3e-05,3.4e-05,1.143385,1.143925,1.144345,1.142965,1.142425,22,2.21,1.142455,1.145065,NO_VOLUME_DATA,1.143276,1.143396,1.143569,1.143726,48.41,47.48,-0.000188,-0.00013,32.5,29.15,0.000653,1.144823,1.142496,1.143342,1.143568,1.143158,1.0,1.0,1.143385,1.143525,1.143115,1.143125,LONDON,364514,LOW,1.143385,1.143525,1.143115,1.143125,LONDON,364514,LOW,NONE,BULLISH,BULLISH,WEAK,AT_PIVOT,HIGH_WICK,NEUTRAL,CHAOTIC,NONE,TESTING_PIVOT,NORMAL,41,30,0.918318028032419,50,NEUTRAL,False,70,[],0,0,NEUTRAL,BULLISH,40,False,NONE,0,False,False,False,60,False,0,100,DOWN,NONE,NONE,0,True,100,55,45,80,False,True,NEUTRAL,70,False,0.0,NONE,False,NONE,False,False,0,False,60,7.865168539325702,2.258652094717889,55.00000000000001,21,POOR,False,75,62,0.10700505202085665,3,0.0,True,RANDOM,70,44.08557477647168,6.413357211014257,True,MOMENTUM_SHIFT,False,True,False,65,True,70,DOWN,80,CHOPPY,LOW,DOWN,80,-0.0044,CHOPPY,65,30,65,WEAK,NONE,50,30,60,LOW,58,55,45,-1.03,False,65,0.3177961176333837,100.0,RANGING,90,False,NONE,1.142455,1.143925,1.143385,FAR,30,50,85,DOWN,DOWN,DOWN,100,DOWN,DOWN,DOWN,False,"['M1', 'M5', 'M15']",100,100,SIDEWAY_RANGE,SIDEWAY_RANGE,54,60,True,25,Price ranging between clear levels. Suitable for mean-reversion strategies.,MEDIUM,WAIT,5,1.0,0.5,False,False,False,False,0.3,0.3,True,False,False,18,True,[],0,NO,SIDEWAY_RANGE,Price ranging between clear levels. Suitable for mean-reversion strategies.,LOW,NONE_OTC,0.124,[],True,Passed basic checks,0,100,50,MEDIUM,5,WAIT,รอการวิเคราะห์จาก AI
2026-07-02 20:12:00,1.143125,1.143525,1.143115,1.143385,1.0,EURUSD-OTC,BEARISH,1.14355,1.143678,1.143784,1.144494,1.146126,1.146994,BEARISH,1.145198,1.142464,0.002734,0.008603,46.44,47.77,-0.000132,-8.4e-05,-4.8e-05,43.6,48.03,0.001419,4.5,-1.03,0.001458,0.001499,11.49,15.68,22.04,16.87,-0.0044,1.0,1.0,1.0,False,-6.2e-05,-3.3e-05,3.4e-05,1.143385,1.143925,1.144345,1.142965,1.142425,22,2.21,1.142455,1.145065,NO_VOLUME_DATA,1.143276,1.143396,1.143569,1.143726,48.41,47.48,-0.000188,-0.00013,32.5,29.15,0.000653,1.144823,1.142496,1.143342,1.143568,1.143158,1.0,1.0,1.143385,1.143525,1.143115,1.143125,LONDON,423852,LOW,1.143385,1.143525,1.143115,1.143125,LONDON,423852,LOW,NONE,BULLISH,BULLISH,WEAK,AT_PIVOT,HIGH_WICK,NEUTRAL,CHAOTIC,NONE,TESTING_PIVOT,NORMAL,41,30,0.918318028032419,50,NEUTRAL,False,70,[],0,0,NEUTRAL,BULLISH,40,False,NONE,0,False,False,False,60,False,0,100,DOWN,NONE,NONE,0,True,100,55,45,80,False,True,NEUTRAL,70,False,0.0,NONE,False,NONE,False,False,0,False,60,7.865168539325702,2.258652094717889,55.00000000000001,21,POOR,False,75,62,0.10700505202085665,3,0.0,True,RANDOM,70,44.08557477647168,6.413357211014257,True,MOMENTUM_SHIFT,False,True,False,65,True,70,DOWN,80,CHOPPY,LOW,DOWN,80,-0.0044,CHOPPY,65,30,65,WEAK,NONE,50,30,60,LOW,58,55,45,-1.03,False,65,0.3177961176333837,100.0,RANGING,90,False,NONE,1.142455,1.143925,1.143385,FAR,30,50,85,DOWN,DOWN,DOWN,100,DOWN,DOWN,DOWN,False,"['M1', 'M5', 'M15']",100,100,SIDEWAY_RANGE,SIDEWAY_RANGE,54,60,True,25,Price ranging between clear levels. Suitable for mean-reversion strategies.,MEDIUM,WAIT,5,1.0,0.5,False,False,False,False,0.3,0.3,True,False,False,18,True,[],0,NO,SIDEWAY_RANGE,Price ranging between clear levels. Suitable for mean-reversion strategies.,LOW,NONE_OTC,0.124,[],True,Passed basic checks,0,100,50,MEDIUM,5,WAIT,รอการวิเคราะห์จาก AI
2026-07-02 20:13:00,1.143125,1.143525,1.143115,1.143385,1.0,EURUSD-OTC,BEARISH,1.14355,1.143678,1.143784,1.144494,1.146126,1.146994,BEARISH,1.145198,1.142464,0.002734,0.008603,46.44,47.77,-0.000132,-8.4e-05,-4.8e-05,43.6,48.03,0.001419,4.5,-1.03,0.001458,0.001499,11.49,15.68,22.04,16.87,-0.0044,1.0,1.0,1.0,False,-6.2e-05,-3.3e-05,3.4e-05,1.143385,1.143925,1.144345,1.142965,1.142425,22,2.21,1.142455,1.145065,NO_VOLUME_DATA,1.143276,1.143396,1.143569,1.143726,48.41,47.48,-0.000188,-0.00013,32.5,29.15,0.000653,1.144823,1.142496,1.143342,1.143568,1.143158,1.0,1.0,1.143385,1.143525,1.143115,1.143125,LONDON,484321,LOW,1.143385,1.143525,1.143115,1.143125,LONDON,484321,LOW,NONE,BULLISH,BULLISH,WEAK,AT_PIVOT,HIGH_WICK,NEUTRAL,CHAOTIC,NONE,TESTING_PIVOT,NORMAL,41,30,0.918318028032419,50,NEUTRAL,False,70,[],0,0,NEUTRAL,BULLISH,40,False,NONE,0,False,False,False,60,False,0,100,DOWN,NONE,NONE,0,True,100,55,45,80,False,True,NEUTRAL,70,False,0.0,NONE,False,NONE,False,False,0,False,60,7.865168539325702,2.258652094717889,55.00000000000001,21,POOR,False,75,62,0.10700505202085665,3,0.0,True,RANDOM,70,44.08557477647168,6.413357211014257,True,MOMENTUM_SHIFT,False,True,False,65,True,70,DOWN,80,CHOPPY,LOW,DOWN,80,-0.0044,CHOPPY,65,30,65,WEAK,NONE,50,30,60,LOW,58,55,45,-1.03,False,65,0.3177961176333837,100.0,RANGING,90,False,NONE,1.142455,1.143925,1.143385,FAR,30,50,85,DOWN,DOWN,DOWN,100,DOWN,DOWN,DOWN,False,"['M1', 'M5', 'M15']",100,100,SIDEWAY_RANGE,SIDEWAY_RANGE,54,60,True,25,Price ranging between clear levels. Suitable for mean-reversion strategies.,MEDIUM,WAIT,5,1.0,0.5,False,False,False,False,0.3,0.3,True,False,False,18,True,[],0,NO,SIDEWAY_RANGE,Price ranging between clear levels. Suitable for mean-reversion strategies.,LOW,NONE_OTC,0.124,[],True,Passed basic checks,0,100,50,MEDIUM,5,WAIT,รอการวิเคราะห์จาก AI
2026-07-02 20:14:00,1.143125,1.143525,1.143115,1.143385,1.0,EURUSD-OTC,BEARISH,1.14355,1.143678,1.143784,1.144494,1.146126,1.146994,BEARISH,1.145198,1.142464,0.002734,0.008603,46.44,47.77,-0.000132,-8.4e-05,-4.8e-05,43.6,48.03,0.001419,4.5,-1.03,0.001458,0.001499,11.49,15.68,22.04,16.87,-0.0044,1.0,1.0,1.0,False,-6.2e-05,-3.3e-05,3.4e-05,1.143385,1.143925,1.144345,1.142965,1.142425,22,2.21,1.142455,1.145065,NO_VOLUME_DATA,1.143276,1.143396,1.143569,1.143726,48.41,47.48,-0.000188,-0.00013,32.5,29.15,0.000653,1.144823,1.142496,1.143342,1.143568,1.143158,1.0,1.0,1.143385,1.143525,1.143115,1.143125,LONDON,544000,LOW,1.143385,1.143525,1.143115,1.143125,LONDON,544000,LOW,NONE,BULLISH,BULLISH,WEAK,AT_PIVOT,HIGH_WICK,NEUTRAL,CHAOTIC,NONE,TESTING_PIVOT,NORMAL,41,30,0.918318028032419,50,NEUTRAL,False,70,[],0,0,NEUTRAL,BULLISH,40,False,NONE,0,False,False,False,60,False,0,100,DOWN,NONE,NONE,0,True,100,55,45,80,False,True,NEUTRAL,70,False,0.0,NONE,False,NONE,False,False,0,False,60,7.865168539325702,2.258652094717889,55.00000000000001,21,POOR,False,75,62,0.10700505202085665,3,0.0,True,RANDOM,70,44.08557477647168,6.413357211014257,True,MOMENTUM_SHIFT,False,True,False,65,True,70,DOWN,80,CHOPPY,LOW,DOWN,80,-0.0044,CHOPPY,65,30,65,WEAK,NONE,50,30,60,LOW,58,55,45,-1.03,False,65,0.3177961176333837,100.0,RANGING,90,False,NONE,1.142455,1.143925,1.143385,FAR,30,50,85,DOWN,DOWN,DOWN,100,DOWN,DOWN,DOWN,False,"['M1', 'M5', 'M15']",100,100,SIDEWAY_RANGE,SIDEWAY_RANGE,54,60,True,25,Price ranging between clear levels. Suitable for mean-reversion strategies.,MEDIUM,WAIT,5,1.0,0.5,False,False,False,False,0.3,0.3,True,False,False,18,True,[],0,NO,SIDEWAY_RANGE,Price ranging between clear levels. Suitable for mean-reversion strategies.,LOW,NONE_OTC,0.124,[],True,Passed basic checks,0,100,50,MEDIUM,5,WAIT,รอการวิเคราะห์จาก AI
2026-07-02 20:15:00,1.143515,1.143905,1.143485,1.143815,1.0,EURUSD-OTC,BEARISH,1.143751,1.143765,1.143819,1.14448,1.146041,1.146624,BULLISH,1.145201,1.142464,0.002736,0.008565,55.84,51.77,-8.6e-05,-8.4e-05,-2e-06,51.38,46.38,0.001375,1.0,-1.09,0.001447,0.001493,11.33,17.56,21.11,9.18,0.0822,1.0,1.0,1.0,False,-6.1e-05,-2.4e-05,3.7e-05,1.143978,1.144472,1.144788,1.143662,1.143168,23,2.28,1.142455,1.144465,NO_VOLUME_DATA,1.143555,1.143496,1.143555,1.143688,60.52,52.77,-9.5e-05,-0.000135,52.38,47.23,0.000605,1.144198,1.142682,1.143735,1.143985,1.143565,1.0,1.0,1.143815,1.143905,1.143485,1.143515,LONDON,305552,LOW,1.143815,1.143905,1.143485,1.143515,LONDON,305552,LOW,NONE,BULLISH,BULLISH,WEAK,AT_PIVOT,HIGH_WICK,NEUTRAL,CHAOTIC,NONE,TESTING_PIVOT,NORMAL,40,30,-4.645227156713466,50,NEUTRAL,False,70,[],0,0,NEUTRAL,BULLISH,40,False,NONE,0,False,False,False,60,False,0,50,NONE,NONE,NONE,0,False,50,55,45,80,False,True,NEUTRAL,70,False,0.0,NONE,False,NONE,False,False,0,False,60,0.2700270027000469,0.3683241252301589,50.0,16,POOR,False,75,62,0.10901780570309368,3,0.0,True,RANDOM,70,44.945264593568005,5.590907551756116,True,MOMENTUM_SHIFT,False,True,False,65,True,70,DOWN,80,CHOPPY,LOW,DOWN,80,0.0822,CHOPPY,75,30,75,WEAK,BEARISH,50,40,60,LOW,58,55,45,-1.09,False,65,0.3194395796847636,100.0,RANGING,90,False,NONE,1.142455,1.144465,1.143978,FAR,30,50,85,NONE,NONE,DOWN,33,DOWN,DOWN,NONE,False,"['M1', 'M5', 'M15']",33,33,SIDEWAY_RANGE,SIDEWAY_RANGE,54,60,True,25,Price ranging between clear levels. Suitable for mean-reversion strategies.,MEDIUM,WAIT,5,1.0,0.5,False,False,False,False,0.3,0.3,True,False,False,18,True,[],0,NO,SIDEWAY_RANGE,Price ranging between clear levels. Suitable for mean-reversion strategies.,LOW,NONE_OTC,0.12,[],True,Passed basic checks,0,33,50,MEDIUM,5,WAIT,รอการวิเคราะห์จาก AI
2026-07-02 20:16:00,1.143515,1.143905,1.143485,1.143815,1.0,EURUSD-OTC,BEARISH,1.143751,1.143765,1.143819,1.14448,1.146041,1.146624,BULLISH,1.145201,1.142464,0.002736,0.008565,55.84,51.77,-8.6e-05,-8.4e-05,-2e-06,51.38,46.38,0.001375,1.0,-1.09,0.001447,0.001493,11.33,17.56,21.11,9.18,0.0822,1.0,1.0,1.0,False,-6.1e-05,-2.4e-05,3.7e-05,1.143978,1.144472,1.144788,1.143662,1.143168,23,2.28,1.142455,1.144465,NO_VOLUME_DATA,1.143555,1.143496,1.143555,1.143688,60.52,52.77,-9.5e-05,-0.000135,52.38,47.23,0.000605,1.144198,1.142682,1.143735,1.143985,1.143565,1.0,1.0,1.143815,1.143905,1.143485,1.143515,LONDON,364219,LOW,1.143815,1.143905,1.143485,1.143515,LONDON,364219,LOW,NONE,BULLISH,BULLISH,WEAK,AT_PIVOT,HIGH_WICK,NEUTRAL,CHAOTIC,NONE,TESTING_PIVOT,NORMAL,40,30,-4.645227156713466,50,NEUTRAL,False,70,[],0,0,NEUTRAL,BULLISH,40,False,NONE,0,False,False,False,60,False,0,50,NONE,NONE,NONE,0,False,50,55,45,80,False,True,NEUTRAL,70,False,0.0,NONE,False,NONE,False,False,0,False,60,0.2700270027000469,0.3683241252301589,50.0,16,POOR,False,75,62,0.10901780570309368,3,0.0,True,RANDOM,70,44.945264593568005,5.590907551756116,True,MOMENTUM_SHIFT,False,True,False,65,True,70,DOWN,80,CHOPPY,LOW,DOWN,80,0.0822,CHOPPY,75,30,75,WEAK,BEARISH,50,40,60,LOW,58,55,45,-1.09,False,65,0.3194395796847636,100.0,RANGING,90,False,NONE,1.142455,1.144465,1.143978,FAR,30,50,85,NONE,NONE,DOWN,33,DOWN,DOWN,NONE,False,"['M1', 'M5', 'M15']",33,33,SIDEWAY_RANGE,SIDEWAY_RANGE,54,60,True,25,Price ranging between clear levels. Suitable for mean-reversion strategies.,MEDIUM,WAIT,5,1.0,0.5,False,False,False,False,0.3,0.3,True,False,False,18,True,[],0,NO,SIDEWAY_RANGE,Price ranging between clear levels. Suitable for mean-reversion strategies.,LOW,NONE_OTC,0.12,[],True,Passed basic checks,0,33,50,MEDIUM,5,WAIT,รอการวิเคราะห์จาก AI
2026-07-02 20:19:00,1.144135,1.144635,1.144055,1.144425,1.0,EURUSD-OTC,BEARISH,1.144009,1.143903,1.143887,1.144481,1.145986,1.146422,BULLISH,1.145236,1.142456,0.00278,0.008526,60.45,53.94,-2e-05,-7.2e-05,5.1e-05,64.49,53.16,0.00137,0.5,-1.27,0.001435,0.001486,10.9,21.9,19.68,5.34,-0.0201,1.0,1.0,1.0,False,-7e-05,-7e-06,4e-05,1.144645,1.145235,1.145945,1.143935,1.143345,24,2.42,1.142455,1.144465,NO_VOLUME_DATA,1.144112,1.143912,1.143782,1.143767,73.57,59.95,0.000101,-1.8e-05,82.22,77.91,0.00057,1.14444,1.142827,1.144372,1.144688,1.144108,1.0,1.0,1.144425,1.144635,1.144055,1.144135,LONDON,244889,LOW,1.144425,1.144635,1.144055,1.144135,LONDON,244889,LOW,SHOOTING_STAR,BULLISH,BULLISH,WEAK,AT_PIVOT,HIGH_WICK,NEUTRAL,CHAOTIC,TRUE,TESTING_PIVOT,NORMAL,38,30,-12.57550796265822,50,NEUTRAL,False,70,['SHOOTING_STAR'],1,20,BEARISH,BULLISH,60,True,BULL_TRAP,75,True,False,True,70,False,0,50,NONE,NONE,NONE,0,False,50,55,45,80,False,True,NEUTRAL,70,False,0.0,NONE,False,NONE,False,False,0,False,60,2.3788546255506473,0.409988818486973,50.0,17,POOR,False,75,62,0.1075063669361158,3,0.0,True,RANDOM,70,45.39917807155081,5.467770616681499,True,MOMENTUM_SHIFT,False,True,False,65,True,70,NONE,80,CHOPPY,LOW,NONE,80,-0.0201,CHOPPY,20,50,30,WEAK,BULLISH,50,30,60,LOW,58,55,45,-1.27,False,65,0.3260614590663851,100.0,RANGING,90,False,NONE,1.142455,1.144465,1.144645,FAR,30,50,85,UP,NONE,DOWN,33,NONE,DOWN,UP,True,"['M1', 'M5', 'M15']",33,33,SIDEWAY_RANGE,SIDEWAY_RANGE,54,60,True,25,Price ranging between clear levels. Suitable for mean-reversion strategies.,MEDIUM,WAIT,5,1.0,0.5,False,False,True,False,0.3,0.3,True,False,False,18,True,[],0,NO,SIDEWAY_RANGE,Price ranging between clear levels. Suitable for mean-reversion strategies.,LOW,NONE_OTC,0.12,[],True,Passed basic checks,0,33,50,MEDIUM,5,WAIT,รอการวิเคราะห์จาก AI
2026-07-02 20:20:00,1.144135,1.144635,1.144055,1.144425,1.0,EURUSD-OTC,BEARISH,1.144239,1.144028,1.143952,1.144508,1.146,1.146429,BULLISH,1.145367,1.142394,0.002973,0.008528,66.9,57.49,3.5e-05,-6.1e-05,9.5e-05,71.42,55.47,0.00137,0.5,-1.27,0.001435,0.001486,10.9,21.9,19.68,5.34,0.0402,1.0,1.0,1.0,False,-3.3e-05,2e-06,4.2e-05,1.144875,1.145695,1.146175,1.144395,1.143575,24,2.42,1.142455,1.144465,NO_VOLUME_DATA,1.144112,1.143912,1.143782,1.143767,73.57,59.95,0.000101,-1.8e-05,82.22,77.91,0.00057,1.14444,1.142827,1.144372,1.144688,1.144108,1.0,1.0,1.144425,1.144635,1.144055,1.144135,LONDON,305543,LOW,1.144425,1.144635,1.144055,1.144135,LONDON,305543,LOW,NONE,BULLISH,BULLISH,WEAK,AT_PIVOT,HIGH_WICK,NEUTRAL,CHAOTIC,NONE,TESTING_PIVOT,NORMAL,40,30,-8.465608465608447,50,NEUTRAL,False,70,[],0,0,NEUTRAL,BULLISH,40,False,NONE,0,False,False,False,60,False,0,50,NONE,NONE,NONE,0,False,50,55,45,80,False,True,NEUTRAL,70,False,0.0,NONE,False,NONE,False,False,0,False,60,7.97342192691101,2.9817368617224624,50.0,20,POOR,False,75,62,0.11718423251360208,3,0.0,True,RANDOM,70,46.78024880217206,4.885242404376248,True,MOMENTUM_SHIFT,False,True,False,65,True,70,NONE,60,CHOPPY,LOW,NONE,60,0.0402,CHOPPY,20,50,30,WEAK,NONE,50,30,60,LOW,58,55,45,-1.27,False,65,0.3486163227016885,100.0,RANGING,90,False,NONE,1.142455,1.144465,1.144875,FAR,30,50,85,UP,NONE,DOWN,33,NONE,DOWN,UP,True,"['M1', 'M5', 'M15']",33,33,SIDEWAY_RANGE,SIDEWAY_RANGE,54,60,True,25,Price ranging between clear levels. Suitable for mean-reversion strategies.,MEDIUM,WAIT,5,1.0,0.5,False,False,True,False,0.3,0.3,True,False,False,18,True,[],0,NO,SIDEWAY_RANGE,Price ranging between clear levels. Suitable for mean-reversion strategies.,LOW,NONE_OTC,0.12,[],True,Passed basic checks,0,33,50,MEDIUM,5,WAIT,รอการวิเคราะห์จาก AI
2026-07-02 20:21:00,1.144135,1.144635,1.144055,1.144425,1.0,EURUSD-OTC,BEARISH,1.144239,1.144028,1.143952,1.144508,1.146,1.146429,BULLISH,1.145367,1.142394,0.002973,0.008528,66.9,57.49,3.5e-05,-6.1e-05,9.5e-05,71.42,55.47,0.00137,0.5,-1.27,0.001435,0.001486,10.9,21.9,19.68,5.34,0.0402,1.0,1.0,1.0,False,-3.3e-05,2e-06,4.2e-05,1.144875,1.145695,1.146175,1.144395,1.143575,24,2.42,1.142455,1.144465,NO_VOLUME_DATA,1.144112,1.143912,1.143782,1.143767,73.57,59.95,0.000101,-1.8e-05,82.22,77.91,0.00057,1.14444,1.142827,1.144372,1.144688,1.144108,1.0,1.0,1.144425,1.144635,1.144055,1.144135,LONDON,364259,LOW,1.144425,1.144635,1.144055,1.144135,LONDON,364259,LOW,NONE,BULLISH,BULLISH,WEAK,AT_PIVOT,HIGH_WICK,NEUTRAL,CHAOTIC,NONE,TESTING_PIVOT,NORMAL,40,30,-8.465608465608447,50,NEUTRAL,False,70,[],0,0,NEUTRAL,BULLISH,40,False,NONE,0,False,False,False,60,False,0,50,NONE,NONE,NONE,0,False,50,55,45,80,False,True,NEUTRAL,70,False,0.0,NONE,False,NONE,False,False,0,False,60,7.97342192691101,2.9817368617224624,50.0,20,POOR,False,75,62,0.11718423251360208,3,0.0,True,RANDOM,70,46.78024880217206,4.885242404376248,True,MOMENTUM_SHIFT,False,True,False,65,True,70,NONE,60,CHOPPY,LOW,NONE,60,0.0402,CHOPPY,20,50,30,WEAK,NONE,50,30,60,LOW,58,55,45,-1.27,False,65,0.3486163227016885,100.0,RANGING,90,False,NONE,1.142455,1.144465,1.144875,FAR,30,50,85,UP,NONE,DOWN,33,NONE,DOWN,UP,True,"['M1', 'M5', 'M15']",33,33,SIDEWAY_RANGE,SIDEWAY_RANGE,54,60,True,25,Price ranging between clear levels. Suitable for mean-reversion strategies.,MEDIUM,WAIT,5,1.0,0.5,False,False,True,False,0.3,0.3,True,False,False,18,True,[],0,NO,SIDEWAY_RANGE,Price ranging between clear levels. Suitable for mean-reversion strategies.,LOW,NONE_OTC,0.12,[],True,Passed basic checks,0,33,50,MEDIUM,5,WAIT,รอการวิเคราะห์จาก AI
2026-07-02 20:22:00,1.144135,1.144635,1.144055,1.144425,1.0,EURUSD-OTC,BEARISH,1.144239,1.144028,1.143952,1.144508,1.146,1.146429,BULLISH,1.145367,1.142394,0.002973,0.008528,66.9,57.49,3.5e-05,-6.1e-05,9.5e-05,71.42,55.47,0.00137,0.5,-1.27,0.001435,0.001486,10.9,21.9,19.68,5.34,0.0402,1.0,1.0,1.0,False,-3.3e-05,2e-06,4.2e-05,1.144875,1.145695,1.146175,1.144395,1.143575,24,2.42,1.142455,1.144465,NO_VOLUME_DATA,1.144112,1.143912,1.143782,1.143767,73.57,59.95,0.000101,-1.8e-05,82.22,77.91,0.00057,1.14444,1.142827,1.144372,1.144688,1.144108,1.0,1.0,1.144425,1.144635,1.144055,1.144135,LONDON,423970,LOW,1.144425,1.144635,1.144055,1.144135,LONDON,423970,LOW,NONE,BULLISH,BULLISH,WEAK,AT_PIVOT,HIGH_WICK,NEUTRAL,CHAOTIC,NONE,TESTING_PIVOT,NORMAL,40,30,-8.465608465608447,50,NEUTRAL,False,70,[],0,0,NEUTRAL,BULLISH,40,False,NONE,0,False,False,False,60,False,0,50,NONE,NONE,NONE,0,False,50,55,45,80,False,True,NEUTRAL,70,False,0.0,NONE,False,NONE,False,False,0,False,60,7.97342192691101,2.9817368617224624,50.0,20,POOR,False,75,62,0.11718423251360208,3,0.0,True,RANDOM,70,46.78024880217206,4.885242404376248,True,MOMENTUM_SHIFT,False,True,False,65,True,70,NONE,60,CHOPPY,LOW,NONE,60,0.0402,CHOPPY,20,50,30,WEAK,NONE,50,30,60,LOW,58,55,45,-1.27,False,65,0.3486163227016885,100.0,RANGING,90,False,NONE,1.142455,1.144465,1.144875,FAR,30,50,85,UP,NONE,DOWN,33,NONE,DOWN,UP,True,"['M1', 'M5', 'M15']",33,33,SIDEWAY_RANGE,SIDEWAY_RANGE,54,60,True,25,Price ranging between clear levels. Suitable for mean-reversion strategies.,MEDIUM,WAIT,5,1.0,0.5,False,False,True,False,0.3,0.3,True,False,False,18,True,[],0,NO,SIDEWAY_RANGE,Price ranging between clear levels. Suitable for mean-reversion strategies.,LOW,NONE_OTC,0.12,[],True,Passed basic checks,0,33,50,MEDIUM,5,WAIT,รอการวิเคราะห์จาก AI
2026-07-02 20:23:00,1.144135,1.144635,1.144055,1.144425,1.0,EURUSD-OTC,BEARISH,1.144239,1.144028,1.143952,1.144508,1.146,1.146429,BULLISH,1.145367,1.142394,0.002973,0.008528,66.9,57.49,3.5e-05,-6.1e-05,9.5e-05,71.42,55.47,0.00137,0.5,-1.27,0.001435,0.001486,10.9,21.9,19.68,5.34,0.0402,1.0,1.0,1.0,False,-3.3e-05,2e-06,4.2e-05,1.144875,1.145695,1.146175,1.144395,1.143575,24,2.42,1.142455,1.144465,NO_VOLUME_DATA,1.144112,1.143912,1.143782,1.143767,73.57,59.95,0.000101,-1.8e-05,82.22,77.91,0.00057,1.14444,1.142827,1.144372,1.144688,1.144108,1.0,1.0,1.144425,1.144635,1.144055,1.144135,LONDON,484566,LOW,1.144425,1.144635,1.144055,1.144135,LONDON,484566,LOW,NONE,BULLISH,BULLISH,WEAK,AT_PIVOT,HIGH_WICK,NEUTRAL,CHAOTIC,NONE,TESTING_PIVOT,NORMAL,40,30,-8.465608465608447,50,NEUTRAL,False,70,[],0,0,NEUTRAL,BULLISH,40,False,NONE,0,False,False,False,60,False,0,50,NONE,NONE,NONE,0,False,50,55,45,80,False,True,NEUTRAL,70,False,0.0,NONE,False,NONE,False,False,0,False,60,7.97342192691101,2.9817368617224624,50.0,20,POOR,False,75,62,0.11718423251360208,3,0.0,True,RANDOM,70,46.78024880217206,4.885242404376248,True,MOMENTUM_SHIFT,False,True,False,65,True,70,NONE,60,CHOPPY,LOW,NONE,60,0.0402,CHOPPY,20,50,30,WEAK,NONE,50,30,60,LOW,58,55,45,-1.27,False,65,0.3486163227016885,100.0,RANGING,90,False,NONE,1.142455,1.144465,1.144875,FAR,30,50,85,UP,NONE,DOWN,33,NONE,DOWN,UP,True,"['M1', 'M5', 'M15']",33,33,SIDEWAY_RANGE,SIDEWAY_RANGE,54,60,True,25,Price ranging between clear levels. Suitable for mean-reversion strategies.,MEDIUM,WAIT,5,1.0,0.5,False,False,True,False,0.3,0.3,True,False,False,18,True,[],0,NO,SIDEWAY_RANGE,Price ranging between clear levels. Suitable for mean-reversion strategies.,LOW,NONE_OTC,0.12,[],True,Passed basic checks,0,33,50,MEDIUM,5,WAIT,รอการวิเคราะห์จาก AI
2026-07-02 20:24:00,1.144135,1.144635,1.144055,1.144425,1.0,EURUSD-OTC,BEARISH,1.144239,1.144028,1.143952,1.144508,1.146,1.146429,BULLISH,1.145367,1.142394,0.002973,0.008528,66.9,57.49,3.5e-05,-6.1e-05,9.5e-05,71.42,55.47,0.00137,0.5,-1.27,0.001435,0.001486,10.9,21.9,19.68,5.34,0.0402,1.0,1.0,1.0,False,-3.3e-05,2e-06,4.2e-05,1.144875,1.145695,1.146175,1.144395,1.143575,24,2.42,1.142455,1.144465,NO_VOLUME_DATA,1.144112,1.143912,1.143782,1.143767,73.57,59.95,0.000101,-1.8e-05,82.22,77.91,0.00057,1.14444,1.142827,1.144372,1.144688,1.144108,1.0,1.0,1.144425,1.144635,1.144055,1.144135,LONDON,544217,LOW,1.144425,1.144635,1.144055,1.144135,LONDON,544217,LOW,NONE,BULLISH,BULLISH,WEAK,AT_PIVOT,HIGH_WICK,NEUTRAL,CHAOTIC,NONE,TESTING_PIVOT,NORMAL,40,30,-8.465608465608447,50,NEUTRAL,False,70,[],0,0,NEUTRAL,BULLISH,40,False,NONE,0,False,False,False,60,False,0,50,NONE,NONE,NONE,0,False,50,55,45,80,False,True,NEUTRAL,70,False,0.0,NONE,False,NONE,False,False,0,False,60,7.97342192691101,2.9817368617224624,50.0,20,POOR,False,75,62,0.11718423251360208,3,0.0,True,RANDOM,70,46.78024880217206,4.885242404376248,True,MOMENTUM_SHIFT,False,True,False,65,True,70,NONE,60,CHOPPY,LOW,NONE,60,0.0402,CHOPPY,20,50,30,WEAK,NONE,50,30,60,LOW,58,55,45,-1.27,False,65,0.3486163227016885,100.0,RANGING,90,False,NONE,1.142455,1.144465,1.144875,FAR,30,50,85,UP,NONE,DOWN,33,NONE,DOWN,UP,True,"['M1', 'M5', 'M15']",33,33,SIDEWAY_RANGE,SIDEWAY_RANGE,54,60,True,25,Price ranging between clear levels. Suitable for mean-reversion strategies.,MEDIUM,WAIT,5,1.0,0.5,False,False,True,False,0.3,0.3,True,False,False,18,True,[],0,NO,SIDEWAY_RANGE,Price ranging between clear levels. Suitable for mean-reversion strategies.,LOW,NONE_OTC,0.12,[],True,Passed basic checks,0,33,50,MEDIUM,5,WAIT,รอการวิเคราะห์จาก AI
2026-07-02 20:25:00,1.145195,1.145235,1.144785,1.145215,1.0,EURUSD-OTC,BEARISH,1.145001,1.144482,1.144197,1.144587,1.146029,1.146569,BULLISH,1.145859,1.142113,0.003745,0.008496,75.68,63.29,0.000234,-2e-06,0.000235,87.58,70.12,0.001418,5.5,-1.02,0.001425,0.001486,11.52,26.25,17.66,19.57,0.1669,1.0,1.0,1.0,False,0.000146,4.9e-05,4.7e-05,1.145938,1.147252,1.147978,1.145212,1.143898,29,3.27,1.142455,1.144465,NO_VOLUME_DATA,1.144923,1.144603,1.144255,1.143986,69.51,63.05,0.000353,0.000185,87.95,82.34,0.000603,1.145378,1.142511,1.145078,1.145372,1.144922,1.0,1.0,1.145215,1.145235,1.144785,1.145195,LONDON,304789,LOW,1.145215,1.145235,1.144785,1.145195,LONDON,304789,LOW,NONE,BULLISH,BULLISH,WEAK,NONE,HIGH_WICK,NEUTRAL,CHAOTIC,NONE,NONE,NORMAL,40,30,-5.615662029881515,50,NEUTRAL,False,70,[],0,0,NEUTRAL,BULLISH,40,False,NONE,0,False,False,False,60,False,0,100,NONE,UP,NONE,0,True,100,82,18,80,True,True,CONTINUATION,70,False,0.0,NONE,False,NONE,False,False,0,False,60,15.996967399545763,5.76784426820495,50.0,23,POOR,False,75,62,0.14843824395349822,4,0.0,True,RANDOM,70,52.19442178828339,3.0515660636940867,True,MOMENTUM_SHIFT,False,True,False,65,True,70,NONE,100,CHOPPY,LOW,NONE,100,0.1669,CHOPPY,20,50,30,WEAK,NONE,55,30,65,LOW,58,55,45,-1.02,False,65,0.4407956685499058,100.0,RANGING,90,False,NONE,1.142455,1.144465,1.145938,FAR,30,50,85,UP,NONE,DOWN,33,NONE,DOWN,UP,True,"['M1', 'M5', 'M15']",33,33,SIDEWAY_RANGE,SIDEWAY_RANGE,55,60,True,25,Price ranging between clear levels. Suitable for mean-reversion strategies.,MEDIUM,WAIT,5,1.0,0.5,False,False,True,True,0.3,0.3,True,False,False,18,True,[],0,NO,SIDEWAY_RANGE,Price ranging between clear levels. Suitable for mean-reversion strategies.,LOW,NONE_OTC,0.124,[],True,Passed basic checks,0,33,50,MEDIUM,5,WAIT,รอการวิเคราะห์จาก AI
2026-07-02 20:26:00,1.145195,1.145235,1.144785,1.145215,1.0,EURUSD-OTC,BEARISH,1.145001,1.144482,1.144197,1.144587,1.146029,1.146569,BULLISH,1.145859,1.142113,0.003745,0.008496,75.68,63.29,0.000234,-2e-06,0.000235,87.58,70.12,0.001418,5.5,-1.02,0.001425,0.001486,11.52,26.25,17.66,19.57,0.1669,1.0,1.0,1.0,False,0.000146,4.9e-05,4.7e-05,1.145938,1.147252,1.147978,1.145212,1.143898,29,3.27,1.142455,1.144465,NO_VOLUME_DATA,1.144923,1.144603,1.144255,1.143986,69.51,63.05,0.000353,0.000185,87.95,82.34,0.000603,1.145378,1.142511,1.145078,1.145372,1.144922,1.0,1.0,1.145215,1.145235,1.144785,1.145195,LONDON,364347,LOW,1.145215,1.145235,1.144785,1.145195,LONDON,364347,LOW,NONE,BULLISH,BULLISH,WEAK,NONE,HIGH_WICK,NEUTRAL,CHAOTIC,NONE,NONE,NORMAL,40,30,-5.615662029881515,50,NEUTRAL,False,70,[],0,0,NEUTRAL,BULLISH,40,False,NONE,0,False,False,False,60,False,0,100,NONE,UP,NONE,0,True,100,82,18,80,True,True,CONTINUATION,70,False,0.0,NONE,False,NONE,False,False,0,False,60,15.996967399545763,5.76784426820495,50.0,23,POOR,False,75,62,0.14843824395349822,4,0.0,True,RANDOM,70,52.19442178828339,3.0515660636940867,True,MOMENTUM_SHIFT,False,True,False,65,True,70,NONE,100,CHOPPY,LOW,NONE,100,0.1669,CHOPPY,20,50,30,WEAK,NONE,55,30,65,LOW,58,55,45,-1.02,False,65,0.4407956685499058,100.0,RANGING,90,False,NONE,1.142455,1.144465,1.145938,FAR,30,50,85,UP,NONE,DOWN,33,NONE,DOWN,UP,True,"['M1', 'M5', 'M15']",33,33,SIDEWAY_RANGE,SIDEWAY_RANGE,55,60,True,25,Price ranging between clear levels. Suitable for mean-reversion strategies.,MEDIUM,WAIT,5,1.0,0.5,False,False,True,True,0.3,0.3,True,False,False,18,True,[],0,NO,SIDEWAY_RANGE,Price ranging between clear levels. Suitable for mean-reversion strategies.,LOW,NONE_OTC,0.124,[],True,Passed basic checks,0,33,50,MEDIUM,5,WAIT,รอการวิเคราะห์จาก AI
2026-07-02 20:27:00,1.145195,1.145235,1.144785,1.145215,1.0,EURUSD-OTC,BEARISH,1.145001,1.144482,1.144197,1.144587,1.146029,1.146569,BULLISH,1.145859,1.142113,0.003745,0.008496,75.68,63.29,0.000234,-2e-06,0.000235,87.58,70.12,0.001418,5.5,-1.02,0.001425,0.001486,11.52,26.25,17.66,19.57,0.1669,1.0,1.0,1.0,False,0.000146,4.9e-05,4.7e-05,1.145938,1.147252,1.147978,1.145212,1.143898,29,3.27,1.142455,1.144465,NO_VOLUME_DATA,1.144923,1.144603,1.144255,1.143986,69.51,63.05,0.000353,0.000185,87.95,82.34,0.000603,1.145378,1.142511,1.145078,1.145372,1.144922,1.0,1.0,1.145215,1.145235,1.144785,1.145195,LONDON,423720,LOW,1.145215,1.145235,1.144785,1.145195,LONDON,423720,LOW,NONE,BULLISH,BULLISH,WEAK,NONE,HIGH_WICK,NEUTRAL,CHAOTIC,NONE,NONE,NORMAL,40,30,-5.615662029881515,50,NEUTRAL,False,70,[],0,0,NEUTRAL,BULLISH,40,False,NONE,0,False,False,False,60,False,0,100,NONE,UP,NONE,0,True,100,82,18,80,True,True,CONTINUATION,70,False,0.0,NONE,False,NONE,False,False,0,False,60,15.996967399545763,5.76784426820495,50.0,23,POOR,False,75,62,0.14843824395349822,4,0.0,True,RANDOM,70,52.19442178828339,3.0515660636940867,True,MOMENTUM_SHIFT,False,True,False,65,True,70,NONE,100,CHOPPY,LOW,NONE,100,0.1669,CHOPPY,20,50,30,WEAK,NONE,55,30,65,LOW,58,55,45,-1.02,False,65,0.4407956685499058,100.0,RANGING,90,False,NONE,1.142455,1.144465,1.145938,FAR,30,50,85,UP,NONE,DOWN,33,NONE,DOWN,UP,True,"['M1', 'M5', 'M15']",33,33,SIDEWAY_RANGE,SIDEWAY_RANGE,55,60,True,25,Price ranging between clear levels. Suitable for mean-reversion strategies.,MEDIUM,WAIT,5,1.0,0.5,False,False,True,True,0.3,0.3,True,False,False,18,True,[],0,NO,SIDEWAY_RANGE,Price ranging between clear levels. Suitable for mean-reversion strategies.,LOW,NONE_OTC,0.124,[],True,Passed basic checks,0,33,50,MEDIUM,5,WAIT,รอการวิเคราะห์จาก AI
2026-07-02 20:28:00,1.145195,1.145235,1.144785,1.145215,1.0,EURUSD-OTC,BEARISH,1.145001,1.144482,1.144197,1.144587,1.146029,1.146569,BULLISH,1.145859,1.142113,0.003745,0.008496,75.68,63.29,0.000234,-2e-06,0.000235,87.58,70.12,0.001418,5.5,-1.02,0.001425,0.001486,11.52,26.25,17.66,19.57,0.1669,1.0,1.0,1.0,False,0.000146,4.9e-05,4.7e-05,1.145938,1.147252,1.147978,1.145212,1.143898,29,3.27,1.142455,1.144465,NO_VOLUME_DATA,1.144923,1.144603,1.144255,1.143986,69.51,63.05,0.000353,0.000185,87.95,82.34,0.000603,1.145378,1.142511,1.145078,1.145372,1.144922,1.0,1.0,1.145215,1.145235,1.144785,1.145195,LONDON,484109,LOW,1.145215,1.145235,1.144785,1.145195,LONDON,484109,LOW,NONE,BULLISH,BULLISH,WEAK,NONE,HIGH_WICK,NEUTRAL,CHAOTIC,NONE,NONE,NORMAL,40,30,-5.615662029881515,50,NEUTRAL,False,70,[],0,0,NEUTRAL,BULLISH,40,False,NONE,0,False,False,False,60,False,0,100,NONE,UP,NONE,0,True,100,82,18,80,True,True,CONTINUATION,70,False,0.0,NONE,False,NONE,False,False,0,False,60,15.996967399545763,5.76784426820495,50.0,23,POOR,False,75,62,0.14843824395349822,4,0.0,True,RANDOM,70,52.19442178828339,3.0515660636940867,True,MOMENTUM_SHIFT,False,True,False,65,True,70,NONE,100,CHOPPY,LOW,NONE,100,0.1669,CHOPPY,20,50,30,WEAK,NONE,55,30,65,LOW,58,55,45,-1.02,False,65,0.4407956685499058,100.0,RANGING,90,False,NONE,1.142455,1.144465,1.145938,FAR,30,50,85,UP,NONE,DOWN,33,NONE,DOWN,UP,True,"['M1', 'M5', 'M15']",33,33,SIDEWAY_RANGE,SIDEWAY_RANGE,55,60,True,25,Price ranging between clear levels. Suitable for mean-reversion strategies.,MEDIUM,WAIT,5,1.0,0.5,False,False,True,True,0.3,0.3,True,False,False,18,True,[],0,NO,SIDEWAY_RANGE,Price ranging between clear levels. Suitable for mean-reversion strategies.,LOW,NONE_OTC,0.124,[],True,Passed basic checks,0,33,50,MEDIUM,5,WAIT,รอการวิเคราะห์จาก AI
2026-07-02 21:29:00,1.150035,1.150115,1.149335,1.149505,1.0,EURUSD-OTC,BULLISH,1.149885,1.149169,1.147846,1.146367,1.146781,1.147603,BULLISH,1.152353,1.142054,0.0103,0.008619,64.46,64.09,0.001571,0.001308,0.000263,79.08,82.38,0.001591,74.0,0.17,0.001505,0.001419,24.63,24.74,14.06,27.5,0.3087,1.0,1.0,1.0,False,0.000388,0.000415,0.000115,1.150098,1.150862,1.151368,1.149592,1.148828,25,5.52,1.146015,1.151245,NO_VOLUME_DATA,1.149676,1.149664,1.14961,1.148758,46.92,50.4,0.000183,0.00029,56.6,57.89,0.000716,1.151252,1.148642,1.149652,1.149968,1.149188,1.0,1.0,1.149505,1.150115,1.149335,1.150035,NEW YORK,244179,LOW,1.149505,1.150115,1.149335,1.150035,NEW YORK,244179,LOW,NONE,BULLISH,BULLISH,WEAK,AT_PIVOT,LOW_WICK,BULLISH,NOISY,NONE,TESTING_PIVOT,NORMAL,46,26,27.875915553639025,50,NEUTRAL,False,70,[],0,0,NEUTRAL,BULLISH,40,False,NONE,0,False,False,False,60,False,0,100,UP,UP,NONE,0,True,100,55,45,80,False,True,NEUTRAL,70,False,0.0,NONE,True,BEARISH,False,True,50,False,70,36.2874251496995,21.42857142857163,55.00000000000001,37,FAIR,False,75,81,0.06768568589567252,5,60.00000000000001,True,RANDOM,70,52.11015918817472,3.2786844312595598,True,MOMENTUM_SHIFT,False,True,False,65,True,70,NONE,100,CHOPPY,HIGH,NONE,100,0.3087,CHOPPY,20,50,30,NORMAL,NONE,65,30,75,HIGH,73,40,60,0.17,False,80,1.1950342267084348,17.29657732915652,RANGING,90,False,NONE,1.146015,1.150862,1.150098,FAR,30,50,85,NONE,UP,NONE,33,UP,NONE,NONE,False,"['M1', 'M5', 'M15']",33,33,ACCUMULATION,ACCUMULATION,50,56,False,11,"Smart money accumulation. Bullish bias, look for breakout.",HIGH,WAIT,5,1.0,0.8,False,False,True,True,0.3,0.3,True,False,False,22,True,,,,ACCUMULATION,"Smart money accumulation. Bullish bias, look for breakout.",HIGH,NONE_OTC,0.138,[],False,Passed basic checks,รอการวิเคราะห์จาก AI,33,56,HIGH,รอการวิเคราะห์จาก AI,รอการวิเคราะห์จาก AI,รอการวิเคราะห์จาก AI
2026-07-02 21:30:00,1.150035,1.150115,1.149335,1.149505,1.0,EURUSD-OTC,BULLISH,1.150118,1.149296,1.147913,1.146395,1.146795,1.14761,BULLISH,1.152482,1.141995,0.010488,0.008621,67.88,66.08,0.001627,0.001319,0.000308,82.56,83.54,0.001638,83.5,0.45,0.001509,0.001419,24.99,26.87,13.67,32.57,0.3697,1.0,1.0,1.0,False,0.000426,0.000425,0.000117,1.150548,1.151762,1.152468,1.149842,1.148628,25,5.37,1.146015,1.151245,NO_VOLUME_DATA,1.149676,1.149664,1.14961,1.148758,46.92,50.4,0.000183,0.00029,56.6,57.89,0.000716,1.151252,1.148642,1.149652,1.149968,1.149188,1.0,1.0,1.149505,1.150115,1.149335,1.150035,NEW YORK,305799,LOW,1.149505,1.150115,1.149335,1.150035,NEW YORK,305799,LOW,NONE,BULLISH,BULLISH,WEAK,NONE,LOW_WICK,BULLISH,NOISY,TRUE,NONE,NORMAL,47,26,29.98745294855515,50,NEUTRAL,False,70,[],0,0,NEUTRAL,BULLISH,40,True,BULL_TRAP,50,True,False,False,70,False,0,100,UP,UP,NONE,0,True,100,97,3,80,True,True,CONTINUATION,70,True,85.0,BULLISH,True,BEARISH,False,True,50,False,70,38.85057471264229,23.172628304821245,55.00000000000001,39,FAIR,False,75,81,0.08364442610832197,5,60.00000000000001,True,RANDOM,70,53.22161766456843,4.106083071443539,True,MOMENTUM_SHIFT,False,True,True,35,False,70,NONE,100,CHOPPY,EXTREME,NONE,100,0.3697,CHOPPY,20,50,30,NORMAL,NONE,65,30,75,EXTREME,88,40,60,0.45,False,40,1.2165642036886672,7.543579631133277,RANGING,90,False,NONE,1.146015,1.151245,1.150548,FAR,30,50,85,NONE,UP,NONE,33,UP,NONE,NONE,False,"['M1', 'M5', 'M15']",33,33,ACCUMULATION,ACCUMULATION,50,56,False,11,"Smart money accumulation. Bullish bias, look for breakout.",HIGH,WAIT,5,1.0,0.8,False,False,True,True,0.3,0.3,True,False,False,22,True,,,,ACCUMULATION,"Smart money accumulation. Bullish bias, look for breakout.",EXTREME,NONE_OTC,0.142,[],False,Passed basic checks,รอการวิเคราะห์จาก AI,33,56,HIGH,รอการวิเคราะห์จาก AI,รอการวิเคราะห์จาก AI,รอการวิเคราะห์จาก AI
2026-07-02 21:31:00,1.150035,1.150115,1.149335,1.149505,1.0,EURUSD-OTC,BULLISH,1.150118,1.149296,1.147913,1.146395,1.146795,1.14761,BULLISH,1.152482,1.141995,0.010488,0.008621,67.88,66.08,0.001627,0.001319,0.000308,82.56,83.54,0.001638,83.5,0.45,0.001509,0.001419,24.99,26.87,13.67,32.57,0.3697,1.0,1.0,1.0,False,0.000426,0.000425,0.000117,1.150548,1.151762,1.152468,1.149842,1.148628,25,5.37,1.146015,1.151245,NO_VOLUME_DATA,1.149676,1.149664,1.14961,1.148758,46.92,50.4,0.000183,0.00029,56.6,57.89,0.000716,1.151252,1.148642,1.149652,1.149968,1.149188,1.0,1.0,1.149505,1.150115,1.149335,1.150035,NEW YORK,364275,LOW,1.149505,1.150115,1.149335,1.150035,NEW YORK,364275,LOW,NONE,BULLISH,BULLISH,WEAK,NONE,LOW_WICK,BULLISH,NOISY,TRUE,NONE,NORMAL,47,26,29.98745294855515,50,NEUTRAL,False,70,[],0,0,NEUTRAL,BULLISH,40,True,BULL_TRAP,50,True,False,False,70,False,0,100,UP,UP,NONE,0,True,100,97,3,80,True,True,CONTINUATION,70,True,85.0,BULLISH,True,BEARISH,False,True,50,False,70,38.85057471264229,23.172628304821245,55.00000000000001,39,FAIR,False,75,81,0.08364442610832197,5,60.00000000000001,True,RANDOM,70,53.22161766456843,4.106083071443539,True,MOMENTUM_SHIFT,False,True,True,35,False,70,NONE,100,CHOPPY,EXTREME,NONE,100,0.3697,CHOPPY,20,50,30,NORMAL,NONE,65,30,75,EXTREME,88,40,60,0.45,False,40,1.2165642036886672,7.543579631133277,RANGING,90,False,NONE,1.146015,1.151245,1.150548,FAR,30,50,85,NONE,UP,NONE,33,UP,NONE,NONE,False,"['M1', 'M5', 'M15']",33,33,ACCUMULATION,ACCUMULATION,50,56,False,11,"Smart money accumulation. Bullish bias, look for breakout.",HIGH,WAIT,5,1.0,0.8,False,False,True,True,0.3,0.3,True,False,False,22,True,,,,ACCUMULATION,"Smart money accumulation. Bullish bias, look for breakout.",EXTREME,NONE_OTC,0.142,[],False,Passed basic checks,รอการวิเคราะห์จาก AI,33,56,HIGH,รอการวิเคราะห์จาก AI,รอการวิเคราะห์จาก AI,รอการวิเคราะห์จาก AI
2026-07-02 21:32:00,1.150035,1.150115,1.149335,1.149505,1.0,EURUSD-OTC,BULLISH,1.150118,1.149296,1.147913,1.146395,1.146795,1.14761,BULLISH,1.152482,1.141995,0.010488,0.008621,67.88,66.08,0.001627,0.001319,0.000308,82.56,83.54,0.001638,83.5,0.45,0.001509,0.001419,24.99,26.87,13.67,32.57,0.3697,1.0,1.0,1.0,False,0.000426,0.000425,0.000117,1.150548,1.151762,1.152468,1.149842,1.148628,25,5.37,1.146015,1.151245,NO_VOLUME_DATA,1.149676,1.149664,1.14961,1.148758,46.92,50.4,0.000183,0.00029,56.6,57.89,0.000716,1.151252,1.148642,1.149652,1.149968,1.149188,1.0,1.0,1.149505,1.150115,1.149335,1.150035,NEW YORK,423566,LOW,1.149505,1.150115,1.149335,1.150035,NEW YORK,423566,LOW,NONE,BULLISH,BULLISH,WEAK,NONE,LOW_WICK,BULLISH,NOISY,TRUE,NONE,NORMAL,47,26,29.98745294855515,50,NEUTRAL,False,70,[],0,0,NEUTRAL,BULLISH,40,True,BULL_TRAP,50,True,False,False,70,False,0,100,UP,UP,NONE,0,True,100,97,3,80,True,True,CONTINUATION,70,True,85.0,BULLISH,True,BEARISH,False,True,50,False,70,38.85057471264229,23.172628304821245,55.00000000000001,39,FAIR,False,75,81,0.08364442610832197,5,60.00000000000001,True,RANDOM,70,53.22161766456843,4.106083071443539,True,MOMENTUM_SHIFT,False,True,True,35,False,70,NONE,100,CHOPPY,EXTREME,NONE,100,0.3697,CHOPPY,20,50,30,NORMAL,NONE,65,30,75,EXTREME,88,40,60,0.45,False,40,1.2165642036886672,7.543579631133277,RANGING,90,False,NONE,1.146015,1.151245,1.150548,FAR,30,50,85,NONE,UP,NONE,33,UP,NONE,NONE,False,"['M1', 'M5', 'M15']",33,33,ACCUMULATION,ACCUMULATION,50,56,False,11,"Smart money accumulation. Bullish bias, look for breakout.",HIGH,WAIT,5,1.0,0.8,False,False,True,True,0.3,0.3,True,False,False,22,True,,,,ACCUMULATION,"Smart money accumulation. Bullish bias, look for breakout.",EXTREME,NONE_OTC,0.142,[],False,Passed basic checks,รอการวิเคราะห์จาก AI,33,56,HIGH,รอการวิเคราะห์จาก AI,รอการวิเคราะห์จาก AI,รอการวิเคราะห์จาก AI
2026-07-02 21:33:00,1.150035,1.150115,1.149335,1.149505,1.0,EURUSD-OTC,BULLISH,1.150118,1.149296,1.147913,1.146395,1.146795,1.14761,BULLISH,1.152482,1.141995,0.010488,0.008621,67.88,66.08,0.001627,0.001319,0.000308,82.56,83.54,0.001638,83.5,0.45,0.001509,0.001419,24.99,26.87,13.67,32.57,0.3697,1.0,1.0,1.0,False,0.000426,0.000425,0.000117,1.150548,1.151762,1.152468,1.149842,1.148628,25,5.37,1.146015,1.151245,NO_VOLUME_DATA,1.149676,1.149664,1.14961,1.148758,46.92,50.4,0.000183,0.00029,56.6,57.89,0.000716,1.151252,1.148642,1.149652,1.149968,1.149188,1.0,1.0,1.149505,1.150115,1.149335,1.150035,NEW YORK,484120,LOW,1.149505,1.150115,1.149335,1.150035,NEW YORK,484120,LOW,NONE,BULLISH,BULLISH,WEAK,NONE,LOW_WICK,BULLISH,NOISY,TRUE,NONE,NORMAL,47,26,29.98745294855515,50,NEUTRAL,False,70,[],0,0,NEUTRAL,BULLISH,40,True,BULL_TRAP,50,True,False,False,70,False,0,100,UP,UP,NONE,0,True,100,97,3,80,True,True,CONTINUATION,70,True,85.0,BULLISH,True,BEARISH,False,True,50,False,70,38.85057471264229,23.172628304821245,55.00000000000001,39,FAIR,False,75,81,0.08364442610832197,5,60.00000000000001,True,RANDOM,70,53.22161766456843,4.106083071443539,True,MOMENTUM_SHIFT,False,True,True,35,False,70,NONE,100,CHOPPY,EXTREME,NONE,100,0.3697,CHOPPY,20,50,30,NORMAL,NONE,65,30,75,EXTREME,88,40,60,0.45,False,40,1.2165642036886672,7.543579631133277,RANGING,90,False,NONE,1.146015,1.151245,1.150548,FAR,30,50,85,NONE,UP,NONE,33,UP,NONE,NONE,False,"['M1', 'M5', 'M15']",33,33,ACCUMULATION,ACCUMULATION,50,56,False,11,"Smart money accumulation. Bullish bias, look for breakout.",HIGH,WAIT,5,1.0,0.8,False,False,True,True,0.3,0.3,True,False,False,22,True,,,,ACCUMULATION,"Smart money accumulation. Bullish bias, look for breakout.",EXTREME,NONE_OTC,0.142,[],False,Passed basic checks,รอการวิเคราะห์จาก AI,33,56,HIGH,รอการวิเคราะห์จาก AI,รอการวิเคราะห์จาก AI,รอการวิเคราะห์จาก AI
2026-07-02 21:34:00,1.150035,1.150115,1.149335,1.149505,1.0,EURUSD-OTC,BULLISH,1.150118,1.149296,1.147913,1.146395,1.146795,1.14761,BULLISH,1.152482,1.141995,0.010488,0.008621,67.88,66.08,0.001627,0.001319,0.000308,82.56,83.54,0.001638,83.5,0.45,0.001509,0.001419,24.99,26.87,13.67,32.57,0.3697,1.0,1.0,1.0,False,0.000426,0.000425,0.000117,1.150548,1.151762,1.152468,1.149842,1.148628,25,5.37,1.146015,1.151245,NO_VOLUME_DATA,1.149676,1.149664,1.14961,1.148758,46.92,50.4,0.000183,0.00029,56.6,57.89,0.000716,1.151252,1.148642,1.149652,1.149968,1.149188,1.0,1.0,1.149505,1.150115,1.149335,1.150035,NEW YORK,543459,LOW,1.149505,1.150115,1.149335,1.150035,NEW YORK,543459,LOW,NONE,BULLISH,BULLISH,WEAK,NONE,LOW_WICK,BULLISH,NOISY,TRUE,NONE,NORMAL,47,26,29.98745294855515,50,NEUTRAL,False,70,[],0,0,NEUTRAL,BULLISH,40,True,BULL_TRAP,50,True,False,False,70,False,0,100,UP,UP,NONE,0,True,100,97,3,80,True,True,CONTINUATION,70,True,85.0,BULLISH,True,BEARISH,False,True,50,False,70,38.85057471264229,23.172628304821245,55.00000000000001,39,FAIR,False,75,81,0.08364442610832197,5,60.00000000000001,True,RANDOM,70,53.22161766456843,4.106083071443539,True,MOMENTUM_SHIFT,False,True,True,35,False,70,NONE,100,CHOPPY,EXTREME,NONE,100,0.3697,CHOPPY,20,50,30,NORMAL,NONE,65,30,75,EXTREME,88,40,60,0.45,False,40,1.2165642036886672,7.543579631133277,RANGING,90,False,NONE,1.146015,1.151245,1.150548,FAR,30,50,85,NONE,UP,NONE,33,UP,NONE,NONE,False,"['M1', 'M5', 'M15']",33,33,ACCUMULATION,ACCUMULATION,50,56,False,11,"Smart money accumulation. Bullish bias, look for breakout.",HIGH,WAIT,5,1.0,0.8,False,False,True,True,0.3,0.3,True,False,False,22,True,,,,ACCUMULATION,"Smart money accumulation. Bullish bias, look for breakout.",EXTREME,NONE_OTC,0.142,[],False,Passed basic checks,รอการวิเคราะห์จาก AI,33,56,HIGH,รอการวิเคราะห์จาก AI,รอการวิเคราะห์จาก AI,รอการวิเคราะห์จาก AI
2026-07-02 21:35:00,1.151015,1.151365,1.150855,1.151165,1.0,EURUSD-OTC,BULLISH,1.149661,1.149196,1.147992,1.146487,1.146855,1.147781,BULLISH,1.1525,1.142491,0.010009,0.008647,49.56,55.24,0.001488,0.001353,0.000135,77.01,80.37,0.001718,87.5,0.91,0.001541,0.001414,24.79,23.79,15.13,22.23,0.2059,1.0,1.0,1.0,False,0.000238,0.00039,0.000113,1.149572,1.150538,1.152332,1.147778,1.146812,20,5.08,1.148165,1.151245,NO_VOLUME_DATA,1.15067,1.150329,1.150023,1.149096,68.57,62.26,0.000394,0.000302,86.56,80.32,0.000695,1.151278,1.148607,1.151128,1.151402,1.150892,1.0,1.0,1.151165,1.151365,1.150855,1.151015,NEW YORK,305283,LOW,1.151165,1.151365,1.150855,1.151015,NEW YORK,305283,LOW,NONE,BEARISH,BEARISH,STRONG,AT_RESISTANCE,LOW_WICK,BULLISH,NOISY,TRUE,TESTING_RESISTANCE,NORMAL,48,26,17.230649552702147,50,NEUTRAL,False,70,[],0,0,NEUTRAL,BEARISH,40,True,BULL_TRAP,50,True,False,False,70,False,0,100,UP,NONE,NONE,0,True,100,55,45,80,False,True,NEUTRAL,70,False,0.0,NONE,False,NONE,False,False,0,False,60,27.024185068348334,15.928398058252524,55.00000000000001,32,POOR,False,75,82,0.038196561669452234,5,70.0,True,RANDOM,70,49.91835688666487,2.624085148289815,True,MOMENTUM_SHIFT,False,True,False,65,True,70,NONE,100,CHOPPY,EXTREME,NONE,100,0.2059,CHOPPY,20,50,30,NORMAL,NONE,60,30,70,EXTREME,88,40,60,0.91,False,40,1.1575112755869088,10.248872441309118,RANGING,90,False,NONE,1.147778,1.150538,1.149572,FAR,30,50,85,UP,UP,NONE,66,UP,NONE,UP,False,"['M1', 'M5', 'M15']",66,66,ACCUMULATION,ACCUMULATION,50,56,False,11,"Smart money accumulation. Bullish bias, look for breakout.",HIGH,WAIT,5,1.0,0.8,False,False,True,True,0.3,0.3,True,False,False,22,True,,,,ACCUMULATION,"Smart money accumulation. Bullish bias, look for breakout.",EXTREME,NONE_OTC,0.149,[],False,Passed basic checks,รอการวิเคราะห์จาก AI,66,56,HIGH,รอการวิเคราะห์จาก AI,รอการวิเคราะห์จาก AI,รอการวิเคราะห์จาก AI
2026-07-02 21:36:00,1.151015,1.151365,1.150855,1.151165,1.0,EURUSD-OTC,BULLISH,1.149661,1.149196,1.147992,1.146487,1.146855,1.147781,BULLISH,1.1525,1.142491,0.010009,0.008647,49.56,55.24,0.001488,0.001353,0.000135,77.01,80.37,0.001718,87.5,0.91,0.001541,0.001414,24.79,23.79,15.13,22.23,0.2059,1.0,1.0,1.0,False,0.000238,0.00039,0.000113,1.149572,1.150538,1.152332,1.147778,1.146812,20,5.08,1.148165,1.151245,NO_VOLUME_DATA,1.15067,1.150329,1.150023,1.149096,68.57,62.26,0.000394,0.000302,86.56,80.32,0.000695,1.151278,1.148607,1.151128,1.151402,1.150892,1.0,1.0,1.151165,1.151365,1.150855,1.151015,NEW YORK,363570,LOW,1.151165,1.151365,1.150855,1.151015,NEW YORK,363570,LOW,NONE,BEARISH,BEARISH,STRONG,AT_RESISTANCE,LOW_WICK,BULLISH,NOISY,TRUE,TESTING_RESISTANCE,NORMAL,48,26,17.230649552702147,50,NEUTRAL,False,70,[],0,0,NEUTRAL,BEARISH,40,True,BULL_TRAP,50,True,False,False,70,False,0,100,UP,NONE,NONE,0,True,100,55,45,80,False,True,NEUTRAL,70,False,0.0,NONE,False,NONE,False,False,0,False,60,27.024185068348334,15.928398058252524,55.00000000000001,32,POOR,False,75,82,0.038196561669452234,5,70.0,True,RANDOM,70,49.91835688666487,2.624085148289815,True,MOMENTUM_SHIFT,False,True,False,65,True,70,NONE,100,CHOPPY,EXTREME,NONE,100,0.2059,CHOPPY,20,50,30,NORMAL,NONE,60,30,70,EXTREME,88,40,60,0.91,False,40,1.1575112755869088,10.248872441309118,RANGING,90,False,NONE,1.147778,1.150538,1.149572,FAR,30,50,85,UP,UP,NONE,66,UP,NONE,UP,False,"['M1', 'M5', 'M15']",66,66,ACCUMULATION,ACCUMULATION,50,56,False,11,"Smart money accumulation. Bullish bias, look for breakout.",HIGH,WAIT,5,1.0,0.8,False,False,True,True,0.3,0.3,True,False,False,22,True,,,,ACCUMULATION,"Smart money accumulation. Bullish bias, look for breakout.",EXTREME,NONE_OTC,0.149,[],False,Passed basic checks,รอการวิเคราะห์จาก AI,66,56,HIGH,รอการวิเคราะห์จาก AI,รอการวิเคราะห์จาก AI,รอการวิเคราะห์จาก AI
2026-07-02 21:37:00,1.151015,1.151365,1.150855,1.151165,1.0,EURUSD-OTC,BULLISH,1.149661,1.149196,1.147992,1.146487,1.146855,1.147781,BULLISH,1.1525,1.142491,0.010009,0.008647,49.56,55.24,0.001488,0.001353,0.000135,77.01,80.37,0.001718,87.5,0.91,0.001541,0.001414,24.79,23.79,15.13,22.23,0.2059,1.0,1.0,1.0,False,0.000238,0.00039,0.000113,1.149572,1.150538,1.152332,1.147778,1.146812,20,5.08,1.148165,1.151245,NO_VOLUME_DATA,1.15067,1.150329,1.150023,1.149096,68.57,62.26,0.000394,0.000302,86.56,80.32,0.000695,1.151278,1.148607,1.151128,1.151402,1.150892,1.0,1.0,1.151165,1.151365,1.150855,1.151015,NEW YORK,424191,LOW,1.151165,1.151365,1.150855,1.151015,NEW YORK,424191,LOW,NONE,BEARISH,BEARISH,STRONG,AT_RESISTANCE,LOW_WICK,BULLISH,NOISY,TRUE,TESTING_RESISTANCE,NORMAL,48,26,17.230649552702147,50,NEUTRAL,False,70,[],0,0,NEUTRAL,BEARISH,40,True,BULL_TRAP,50,True,False,False,70,False,0,100,UP,NONE,NONE,0,True,100,55,45,80,False,True,NEUTRAL,70,False,0.0,NONE,False,NONE,False,False,0,False,60,27.024185068348334,15.928398058252524,55.00000000000001,32,POOR,False,75,82,0.038196561669452234,5,70.0,True,RANDOM,70,49.91835688666487,2.624085148289815,True,MOMENTUM_SHIFT,False,True,False,65,True,70,NONE,100,CHOPPY,EXTREME,NONE,100,0.2059,CHOPPY,20,50,30,NORMAL,NONE,60,30,70,EXTREME,88,40,60,0.91,False,40,1.1575112755869088,10.248872441309118,RANGING,90,False,NONE,1.147778,1.150538,1.149572,FAR,30,50,85,UP,UP,NONE,66,UP,NONE,UP,False,"['M1', 'M5', 'M15']",66,66,ACCUMULATION,ACCUMULATION,50,56,False,11,"Smart money accumulation. Bullish bias, look for breakout.",HIGH,WAIT,5,1.0,0.8,False,False,True,True,0.3,0.3,True,False,False,22,True,,,,ACCUMULATION,"Smart money accumulation. Bullish bias, look for breakout.",EXTREME,NONE_OTC,0.149,[],False,Passed basic checks,รอการวิเคราะห์จาก AI,66,56,HIGH,รอการวิเคราะห์จาก AI,รอการวิเคราะห์จาก AI,รอการวิเคราะห์จาก AI
2026-07-02 21:38:00,1.151015,1.151365,1.150855,1.151165,1.0,EURUSD-OTC,BULLISH,1.149661,1.149196,1.147992,1.146487,1.146855,1.147781,BULLISH,1.1525,1.142491,0.010009,0.008647,49.56,55.24,0.001488,0.001353,0.000135,77.01,80.37,0.001718,87.5,0.91,0.001541,0.001414,24.79,23.79,15.13,22.23,0.2059,1.0,1.0,1.0,False,0.000238,0.00039,0.000113,1.149572,1.150538,1.152332,1.147778,1.146812,20,5.08,1.148165,1.151245,NO_VOLUME_DATA,1.15067,1.150329,1.150023,1.149096,68.57,62.26,0.000394,0.000302,86.56,80.32,0.000695,1.151278,1.148607,1.151128,1.151402,1.150892,1.0,1.0,1.151165,1.151365,1.150855,1.151015,NEW YORK,483617,LOW,1.151165,1.151365,1.150855,1.151015,NEW YORK,483617,LOW,NONE,BEARISH,BEARISH,STRONG,AT_RESISTANCE,LOW_WICK,BULLISH,NOISY,TRUE,TESTING_RESISTANCE,NORMAL,48,26,17.230649552702147,50,NEUTRAL,False,70,[],0,0,NEUTRAL,BEARISH,40,True,BULL_TRAP,50,True,False,False,70,False,0,100,UP,NONE,NONE,0,True,100,55,45,80,False,True,NEUTRAL,70,False,0.0,NONE,False,NONE,False,False,0,False,60,27.024185068348334,15.928398058252524,55.00000000000001,32,POOR,False,75,82,0.038196561669452234,5,70.0,True,RANDOM,70,49.91835688666487,2.624085148289815,True,MOMENTUM_SHIFT,False,True,False,65,True,70,NONE,100,CHOPPY,EXTREME,NONE,100,0.2059,CHOPPY,20,50,30,NORMAL,NONE,60,30,70,EXTREME,88,40,60,0.91,False,40,1.1575112755869088,10.248872441309118,RANGING,90,False,NONE,1.147778,1.150538,1.149572,FAR,30,50,85,UP,UP,NONE,66,UP,NONE,UP,False,"['M1', 'M5', 'M15']",66,66,ACCUMULATION,ACCUMULATION,50,56,False,11,"Smart money accumulation. Bullish bias, look for breakout.",HIGH,WAIT,5,1.0,0.8,False,False,True,True,0.3,0.3,True,False,False,22,True,,,,ACCUMULATION,"Smart money accumulation. Bullish bias, look for breakout.",EXTREME,NONE_OTC,0.149,[],False,Passed basic checks,รอการวิเคราะห์จาก AI,66,56,HIGH,รอการวิเคราะห์จาก AI,รอการวิเคราะห์จาก AI,รอการวิเคราะห์จาก AI
2026-07-02 21:44:00,1.149885,1.150175,1.149665,1.149885,1.0,EURUSD-OTC,BULLISH,1.150202,1.14965,1.148454,1.146797,1.146993,1.147795,BULLISH,1.152657,1.143774,0.008883,0.008689,62.86,62.45,0.001509,0.0014,0.000109,72.96,74.41,0.001682,86.0,0.78,0.001593,0.00141,25.19,26.25,13.32,32.66,0.1244,1.0,1.0,1.0,False,3.8e-05,0.000334,0.000118,1.150702,1.151738,1.152322,1.150118,1.149082,20,5.07,1.148165,1.151365,NO_VOLUME_DATA,1.149692,1.149716,1.149769,1.149274,52.79,51.43,4e-06,7.8e-05,43.84,34.06,0.000711,1.151185,1.148655,1.149908,1.150152,1.149642,1.0,1.0,1.149885,1.150175,1.149665,1.149885,NEW YORK,243596,LOW,1.149885,1.150175,1.149665,1.149885,NEW YORK,243596,LOW,MORNING_STAR,BULLISH,BULLISH,STRONG,AT_PIVOT,LOW_WICK,BULLISH,NOISY,TRUE,TESTING_PIVOT,NORMAL,51,23,32.39650588681952,50,NEUTRAL,False,70,['MORNING_STAR'],1,20,BULLISH,BULLISH,60,True,BULL_TRAP,50,True,False,False,70,False,0,100,UP,UP,NONE,0,True,100,55,45,80,False,True,NEUTRAL,70,False,0.0,NONE,False,NONE,False,False,0,False,60,38.39541547277779,23.19587628866006,65.0,42,FAIR,False,75,85,0.022487297303049967,5,89.99999999999999,True,RANDOM,70,48.4402025838119,6.422793030065781,False,NONE,False,False,False,100,True,70,NONE,60,CHOPPY,EXTREME,NONE,60,0.1244,CHOPPY,20,50,30,NORMAL,NONE,70,30,80,EXTREME,88,40,60,0.78,False,40,1.0223270802163655,24.967291978363455,RANGING,90,False,NONE,1.148165,1.151365,1.150702,FAR,30,50,85,UP,UP,NONE,66,UP,NONE,UP,False,"['M1', 'M5', 'M15']",66,66,ACCUMULATION,ACCUMULATION,50,56,False,11,"Smart money accumulation. Bullish bias, look for breakout.",HIGH,WAIT,5,1.0,0.8,False,False,True,True,0.3,0.3,True,False,False,22,True,,,,ACCUMULATION,"Smart money accumulation. Bullish bias, look for breakout.",EXTREME,NONE_OTC,0.146,[],False,Passed basic checks,รอการวิเคราะห์จาก AI,66,56,HIGH,รอการวิเคราะห์จาก AI,รอการวิเคราะห์จาก AI,รอการวิเคราะห์จาก AI
2026-07-02 21:45:00,1.149885,1.150175,1.149665,1.149885,1.0,EURUSD-OTC,BULLISH,1.150222,1.149661,1.148459,1.146799,1.146994,1.147795,BULLISH,1.152668,1.143769,0.008899,0.00869,63.12,62.6,0.001514,0.001401,0.000113,72.51,74.26,0.001698,87.0,0.87,0.001595,0.00141,25.3,26.93,13.2,34.22,0.1296,1.0,1.0,1.0,False,4.1e-05,0.000335,0.000118,1.150795,1.151925,1.152635,1.150085,1.148955,20,5.1,1.148165,1.151245,NO_VOLUME_DATA,1.149692,1.149716,1.149769,1.149274,52.79,51.43,4e-06,7.8e-05,43.84,34.06,0.000711,1.151185,1.148655,1.149908,1.150152,1.149642,1.0,1.0,1.149885,1.150175,1.149665,1.149885,NEW YORK,305467,LOW,1.149885,1.150175,1.149665,1.149885,NEW YORK,305467,LOW,MORNING_STAR,BULLISH,BULLISH,STRONG,NONE,LOW_WICK,BULLISH,NOISY,TRUE,NONE,NORMAL,51,23,32.55020841227621,50,NEUTRAL,False,70,['MORNING_STAR'],1,20,BULLISH,BULLISH,60,True,BULL_TRAP,50,True,False,False,70,False,0,100,UP,UP,NONE,0,True,100,55,45,80,False,True,NEUTRAL,70,False,0.0,NONE,False,NONE,False,False,0,False,60,38.5714285714275,23.222891566265762,65.0,42,FAIR,False,75,85,0.023526581590899386,5,89.99999999999999,True,RANDOM,70,48.50235346180877,6.434955602812476,False,NONE,False,False,False,100,True,70,NONE,60,CHOPPY,EXTREME,NONE,60,0.1296,CHOPPY,20,50,30,NORMAL,NONE,70,30,80,EXTREME,88,40,60,0.87,False,40,1.0240506329113925,23.994936708860756,RANGING,90,False,NONE,1.148165,1.151245,1.150795,FAR,30,50,85,UP,UP,NONE,66,UP,NONE,UP,False,"['M1', 'M5', 'M15']",66,66,ACCUMULATION,ACCUMULATION,50,56,False,11,"Smart money accumulation. Bullish bias, look for breakout.",HIGH,WAIT,5,1.0,0.8,False,False,True,True,0.3,0.3,True,False,False,22,True,,,,ACCUMULATION,"Smart money accumulation. Bullish bias, look for breakout.",EXTREME,NONE_OTC,0.148,[],False,Passed basic checks,รอการวิเคราะห์จาก AI,66,56,HIGH,รอการวิเคราะห์จาก AI,รอการวิเคราะห์จาก AI,รอการวิเคราะห์จาก AI
2026-07-02 21:49:00,1.151255,1.151265,1.150635,1.150875,1.0,EURUSD-OTC,BULLISH,1.150146,1.149722,1.148606,1.146924,1.147043,1.147743,BULLISH,1.152488,1.144598,0.00789,0.008701,54.15,57.41,0.001449,0.00141,3.8e-05,79.66,75.14,0.001675,85.0,0.72,0.001612,0.001418,25.93,25.34,12.42,34.22,0.047,1.0,1.0,1.0,False,1.5e-05,0.000286,0.000121,1.150382,1.150878,1.151762,1.149498,1.149002,20,4.79,1.148165,1.151245,NO_VOLUME_DATA,1.150824,1.150524,1.150248,1.149584,60.83,57.32,0.000314,0.000189,85.08,85.18,0.000686,1.151708,1.148735,1.150925,1.151215,1.150585,1.0,1.0,1.150875,1.151265,1.150635,1.151255,NEW YORK,243566,LOW,1.150875,1.151265,1.150635,1.151255,NEW YORK,243566,LOW,NONE,BEARISH,BEARISH,STRONG,AT_PIVOT,LOW_WICK,BULLISH,NOISY,TRUE,TESTING_PIVOT,NORMAL,53,23,27.75748721694659,50,NEUTRAL,False,70,[],0,0,NEUTRAL,BEARISH,40,True,BULL_TRAP,50,True,False,False,70,False,0,100,UP,NONE,NONE,0,True,100,82,18,80,True,True,CONTINUATION,70,False,0.0,NONE,False,NONE,False,False,0,False,60,29.729729729729286,17.370612730517987,60.0,35,POOR,False,75,75,-0.04674923398152865,5,100.0,True,RANDOM,70,46.54557925824862,6.410874239877733,False,NONE,False,False,False,100,True,70,NONE,40,CHOPPY,EXTREME,NONE,40,0.047,CHOPPY,20,50,30,NORMAL,NONE,65,30,75,EXTREME,88,40,60,0.72,False,40,0.9067923227215261,37.3207677278474,RANGING,90,False,NONE,1.148165,1.150878,1.150382,FAR,30,50,85,UP,UP,UP,100,UP,UP,UP,False,"['M1', 'M5', 'M15']",100,100,ACCUMULATION,ACCUMULATION,50,56,False,11,"Smart money accumulation. Bullish bias, look for breakout.",HIGH,WAIT,5,1.0,0.8,False,False,True,True,0.3,0.3,True,False,False,22,True,,,,ACCUMULATION,"Smart money accumulation. Bullish bias, look for breakout.",EXTREME,NONE_OTC,0.146,[],False,Passed basic checks,รอการวิเคราะห์จาก AI,100,56,HIGH,รอการวิเคราะห์จาก AI,รอการวิเคราะห์จาก AI,รอการวิเคราะห์จาก AI
2026-07-02 22:00:00,1.150025,1.150455,1.149635,1.150365,1.0,EURUSD-OTC,BULLISH,1.150349,1.149961,1.148933,1.147191,1.147161,1.1477,BULLISH,1.152221,1.146003,0.006219,0.0087,59.78,60.11,0.001379,0.001396,-1.7e-05,76.88,78.09,0.001649,82.5,0.55,0.001646,0.001444,26.94,23.59,11.29,35.25,0.0165,1.0,1.0,1.0,False,6.8e-05,0.000208,0.000141,1.150545,1.151475,1.152025,1.149995,1.149065,20,4.17,1.148165,1.151505,NO_VOLUME_DATA,1.150289,1.150292,1.150242,1.149796,51.97,51.96,0.0001,0.000135,39.49,42.31,0.000697,1.151392,1.149067,1.150152,1.150668,1.149848,1.0,1.0,1.150365,1.150455,1.149635,1.150025,NEW YORK,305666,LOW,1.150365,1.150455,1.149635,1.150025,NEW YORK,305666,LOW,MORNING_STAR,BULLISH,BULLISH,STRONG,AT_PIVOT,LOW_WICK,BULLISH,CHAOTIC,NONE,TESTING_PIVOT,NORMAL,52,26,28.13308687615371,50,NEUTRAL,False,70,['MORNING_STAR'],1,20,BULLISH,BULLISH,60,False,NONE,0,False,False,False,60,False,0,100,UP,NONE,NONE,0,True,100,55,45,80,False,True,NEUTRAL,70,False,0.0,NONE,False,NONE,False,False,0,False,60,26.6448903406425,12.753623188405772,60.0,33,POOR,False,75,75,-0.1387180351334644,5,100.0,True,RANDOM,70,43.76421467233241,9.667393582202283,False,NONE,False,False,False,100,True,70,UP,80,CHOPPY,EXTREME,UP,80,0.0165,CHOPPY,65,30,65,NORMAL,BEARISH,70,30,80,EXTREME,88,40,60,0.55,False,40,0.7148275862068966,50.0,RANGING,90,False,NONE,1.148165,1.151475,1.150545,FAR,30,50,85,UP,UP,UP,100,UP,UP,UP,False,"['M1', 'M5', 'M15']",100,100,TRENDING_STRONG,TRENDING_STRONG,55,75,True,28,Strong directional trend with high momentum. Favorable for trend-following strategies.,HIGH,PREPARE_TO_TRADE,5,1.0,0.5,False,False,True,True,0.3,0.3,True,False,False,22,True,,,,TRENDING_STRONG,Strong directional trend with high momentum. Favorable for trend-following strategies.,EXTREME,NONE_OTC,0.143,[],True,Passed basic checks,รอการวิเคราะห์จาก AI,100,75,HIGH,รอการวิเคราะห์จาก AI,รอการวิเคราะห์จาก AI,รอการวิเคราะห์จาก AI
2026-07-02 22:01:00,1.150025,1.150455,1.149635,1.150365,1.0,EURUSD-OTC,BULLISH,1.150349,1.149961,1.148933,1.147191,1.147161,1.1477,BULLISH,1.152221,1.146003,0.006219,0.0087,59.78,60.11,0.001379,0.001396,-1.7e-05,76.88,78.09,0.001649,82.5,0.55,0.001646,0.001444,26.94,23.59,11.29,35.25,0.0165,1.0,1.0,1.0,False,6.8e-05,0.000208,0.000141,1.150545,1.151475,1.152025,1.149995,1.149065,20,4.17,1.148165,1.151505,NO_VOLUME_DATA,1.150289,1.150292,1.150242,1.149795,51.97,51.96,0.0001,0.000135,39.49,42.31,0.000697,1.151392,1.149067,1.150152,1.150668,1.149848,1.0,1.0,1.150365,1.150455,1.149635,1.150025,NEW YORK,364260,LOW,1.150365,1.150455,1.149635,1.150025,NEW YORK,364260,LOW,MORNING_STAR,BULLISH,BULLISH,STRONG,AT_PIVOT,LOW_WICK,BULLISH,CHAOTIC,NONE,TESTING_PIVOT,NORMAL,52,26,28.13308687615371,50,NEUTRAL,False,70,['MORNING_STAR'],1,20,BULLISH,BULLISH,60,False,NONE,0,False,False,False,60,False,0,100,UP,NONE,NONE,0,True,100,55,45,80,False,True,NEUTRAL,70,False,0.0,NONE,False,NONE,False,False,0,False,60,26.6448903406425,12.753623188405772,60.0,33,POOR,False,75,75,-0.1387180351334644,5,100.0,True,RANDOM,70,43.76421467233241,9.667393582202283,False,NONE,False,False,False,100,True,70,UP,80,CHOPPY,EXTREME,UP,80,0.0165,CHOPPY,65,30,65,NORMAL,BEARISH,70,30,80,EXTREME,88,40,60,0.55,False,40,0.7148275862068966,50.0,RANGING,90,False,NONE,1.148165,1.151475,1.150545,FAR,30,50,85,UP,UP,UP,100,UP,UP,UP,False,"['M1', 'M5', 'M15']",100,100,TRENDING_STRONG,TRENDING_STRONG,55,75,True,28,Strong directional trend with high momentum. Favorable for trend-following strategies.,HIGH,PREPARE_TO_TRADE,5,1.0,0.5,False,False,True,True,0.3,0.3,True,False,False,22,True,,,,TRENDING_STRONG,Strong directional trend with high momentum. Favorable for trend-following strategies.,EXTREME,NONE_OTC,0.143,[],True,Passed basic checks,รอการวิเคราะห์จาก AI,100,75,HIGH,รอการวิเคราะห์จาก AI,รอการวิเคราะห์จาก AI,รอการวิเคราะห์จาก AI
2026-07-02 22:02:00,1.150025,1.150455,1.149635,1.150365,1.0,EURUSD-OTC,BULLISH,1.150349,1.149961,1.148933,1.147191,1.147161,1.1477,BULLISH,1.152221,1.146003,0.006219,0.0087,59.78,60.11,0.001379,0.001396,-1.7e-05,76.88,78.09,0.001649,82.5,0.55,0.001646,0.001444,26.94,23.59,11.29,35.25,0.0165,1.0,1.0,1.0,False,6.8e-05,0.000208,0.000141,1.150545,1.151475,1.152025,1.149995,1.149065,20,4.17,1.148165,1.151505,NO_VOLUME_DATA,1.150289,1.150292,1.150242,1.149796,51.97,51.96,0.0001,0.000135,39.49,42.31,0.000697,1.151392,1.149067,1.150152,1.150668,1.149848,1.0,1.0,1.150365,1.150455,1.149635,1.150025,NEW YORK,423928,LOW,1.150365,1.150455,1.149635,1.150025,NEW YORK,423928,LOW,MORNING_STAR,BULLISH,BULLISH,STRONG,AT_PIVOT,LOW_WICK,BULLISH,CHAOTIC,NONE,TESTING_PIVOT,NORMAL,52,26,28.13308687615371,50,NEUTRAL,False,70,['MORNING_STAR'],1,20,BULLISH,BULLISH,60,False,NONE,0,False,False,False,60,False,0,100,UP,NONE,NONE,0,True,100,55,45,80,False,True,NEUTRAL,70,False,0.0,NONE,False,NONE,False,False,0,False,60,26.6448903406425,12.753623188405772,60.0,33,POOR,False,75,75,-0.1387180351334644,5,100.0,True,RANDOM,70,43.76421467233241,9.667393582202283,False,NONE,False,False,False,100,True,70,UP,80,CHOPPY,EXTREME,UP,80,0.0165,CHOPPY,65,30,65,NORMAL,BEARISH,70,30,80,EXTREME,88,40,60,0.55,False,40,0.7148275862068966,50.0,RANGING,90,False,NONE,1.148165,1.151475,1.150545,FAR,30,50,85,UP,UP,UP,100,UP,UP,UP,False,"['M1', 'M5', 'M15']",100,100,TRENDING_STRONG,TRENDING_STRONG,55,75,True,28,Strong directional trend with high momentum. Favorable for trend-following strategies.,HIGH,PREPARE_TO_TRADE,5,1.0,0.5,False,False,True,True,0.3,0.3,True,False,False,22,True,,,,TRENDING_STRONG,Strong directional trend with high momentum. Favorable for trend-following strategies.,EXTREME,NONE_OTC,0.143,[],True,Passed basic checks,รอการวิเคราะห์จาก AI,100,75,HIGH,รอการวิเคราะห์จาก AI,รอการวิเคราะห์จาก AI,รอการวิเคราะห์จาก AI
2026-07-02 22:03:00,1.150025,1.150455,1.149635,1.150365,1.0,EURUSD-OTC,BULLISH,1.150349,1.149961,1.148933,1.147191,1.147161,1.1477,BULLISH,1.152221,1.146003,0.006219,0.0087,59.78,60.11,0.001379,0.001396,-1.7e-05,76.88,78.09,0.001649,82.5,0.55,0.001646,0.001444,26.94,23.59,11.29,35.25,0.0165,1.0,1.0,1.0,False,6.8e-05,0.000208,0.000141,1.150545,1.151475,1.152025,1.149995,1.149065,20,4.17,1.148165,1.151505,NO_VOLUME_DATA,1.150289,1.150292,1.150242,1.149796,51.97,51.96,0.0001,0.000135,39.49,42.31,0.000697,1.151392,1.149067,1.150152,1.150668,1.149848,1.0,1.0,1.150365,1.150455,1.149635,1.150025,NEW YORK,484534,LOW,1.150365,1.150455,1.149635,1.150025,NEW YORK,484534,LOW,MORNING_STAR,BULLISH,BULLISH,STRONG,AT_PIVOT,LOW_WICK,BULLISH,CHAOTIC,NONE,TESTING_PIVOT,NORMAL,52,26,28.13308687615371,50,NEUTRAL,False,70,['MORNING_STAR'],1,20,BULLISH,BULLISH,60,False,NONE,0,False,False,False,60,False,0,100,UP,NONE,NONE,0,True,100,55,45,80,False,True,NEUTRAL,70,False,0.0,NONE,False,NONE,False,False,0,False,60,26.6448903406425,12.753623188405772,60.0,33,POOR,False,75,75,-0.1387180351334644,5,100.0,True,RANDOM,70,43.76421467233241,9.667393582202283,False,NONE,False,False,False,100,True,70,UP,80,CHOPPY,EXTREME,UP,80,0.0165,CHOPPY,65,30,65,NORMAL,BEARISH,70,30,80,EXTREME,88,40,60,0.55,False,40,0.7148275862068966,50.0,RANGING,90,False,NONE,1.148165,1.151475,1.150545,FAR,30,50,85,UP,UP,UP,100,UP,UP,UP,False,"['M1', 'M5', 'M15']",100,100,TRENDING_STRONG,TRENDING_STRONG,55,75,True,28,Strong directional trend with high momentum. Favorable for trend-following strategies.,HIGH,PREPARE_TO_TRADE,5,1.0,0.5,False,False,True,True,0.3,0.3,True,False,False,22,True,,,,TRENDING_STRONG,Strong directional trend with high momentum. Favorable for trend-following strategies.,EXTREME,NONE_OTC,0.143,[],True,Passed basic checks,รอการวิเคราะห์จาก AI,100,75,HIGH,รอการวิเคราะห์จาก AI,รอการวิเคราะห์จาก AI,รอการวิเคราะห์จาก AI
2026-07-02 22:06:00,1.150955,1.151395,1.150835,1.151255,1.0,EURUSD-OTC,BULLISH,1.150297,1.150004,1.149053,1.147309,1.147241,1.147867,BULLISH,1.152199,1.146392,0.005807,0.008694,53.71,56.9,0.001311,0.001379,-6.8e-05,75.83,77.19,0.001622,79.5,0.37,0.001656,0.001454,27.71,23.59,10.66,37.75,0.1271,1.0,1.0,1.0,False,0.000114,0.000182,0.000153,1.150572,1.151018,1.151842,1.149748,1.149302,20,3.38,1.148165,1.151505,NO_VOLUME_DATA,1.150678,1.150477,1.150345,1.149915,67.72,59.69,0.000158,0.0001,74.29,49.29,0.000708,1.151376,1.149542,1.151162,1.151488,1.150928,1.0,1.0,1.151255,1.151395,1.150835,1.150955,NEW YORK,364296,LOW,1.151255,1.151395,1.150835,1.150955,NEW YORK,364296,LOW,NONE,BEARISH,BEARISH,STRONG,AT_PIVOT,LOW_WICK,NEUTRAL,CHAOTIC,NONE,TESTING_PIVOT,NORMAL,52,26,20.30418250950532,50,NEUTRAL,False,70,[],0,0,NEUTRAL,BEARISH,40,False,NONE,0,False,False,False,60,False,0,100,UP,NONE,NONE,0,True,100,55,45,80,False,True,NEUTRAL,70,False,0.0,NONE,False,NONE,False,False,0,False,60,17.601918465227524,6.878150014823977,55.00000000000001,26,POOR,False,75,75,-0.12629643826403453,5,100.0,True,RANDOM,70,43.64692130067046,8.57308053381005,False,NONE,False,False,False,100,True,70,UP,100,IMPULSIVE,EXTREME,UP,100,0.1271,IMPULSIVE,85,30,85,NORMAL,BEARISH,65,30,75,EXTREME,88,40,60,0.37,False,40,0.6679319070623417,52.4,RANGING,90,False,NONE,1.148165,1.151018,1.150572,FAR,30,50,85,UP,UP,UP,100,UP,UP,UP,False,"['M1', 'M5', 'M15']",100,100,TRENDING_STRONG,TRENDING_STRONG,55,75,True,28,Strong directional trend with high momentum. Favorable for trend-following strategies.,HIGH,PREPARE_TO_TRADE,5,1.0,0.5,False,False,True,True,0.3,0.3,True,False,False,22,True,,,,TRENDING_STRONG,Strong directional trend with high momentum. Favorable for trend-following strategies.,EXTREME,NONE_OTC,0.141,[],True,,รอการวิเคราะห์จาก AI,100,75,HIGH,รอการวิเคราะห์จาก AI,รอการวิเคราะห์จาก AI,รอการวิเคราะห์จาก AI
2026-07-02 22:07:00,1.150955,1.151395,1.150835,1.151255,1.0,EURUSD-OTC,BULLISH,1.150297,1.150004,1.149053,1.147309,1.147241,1.147867,BULLISH,1.152199,1.146392,0.005807,0.008694,53.71,56.9,0.001311,0.001379,-6.8e-05,75.83,77.19,0.001622,79.5,0.37,0.001656,0.001454,27.71,23.59,10.66,37.75,0.1271,1.0,1.0,1.0,False,0.000114,0.000182,0.000153,1.150572,1.151018,1.151842,1.149748,1.149302,20,3.38,1.148165,1.151505,NO_VOLUME_DATA,1.150678,1.150477,1.150345,1.149915,67.72,59.69,0.000158,0.0001,74.29,49.29,0.000708,1.151376,1.149542,1.151162,1.151488,1.150928,1.0,1.0,1.151255,1.151395,1.150835,1.150955,NEW YORK,423958,LOW,1.151255,1.151395,1.150835,1.150955,NEW YORK,423958,LOW,NONE,BEARISH,BEARISH,STRONG,AT_PIVOT,LOW_WICK,NEUTRAL,CHAOTIC,NONE,TESTING_PIVOT,NORMAL,52,26,20.30418250950532,50,NEUTRAL,False,70,[],0,0,NEUTRAL,BEARISH,40,False,NONE,0,False,False,False,60,False,0,100,UP,NONE,NONE,0,True,100,55,45,80,False,True,NEUTRAL,70,False,0.0,NONE,False,NONE,False,False,0,False,60,17.601918465227524,6.878150014823977,55.00000000000001,26,POOR,False,75,75,-0.12629643826403453,5,100.0,True,RANDOM,70,43.64692130067046,8.57308053381005,False,NONE,False,False,False,100,True,70,UP,100,IMPULSIVE,EXTREME,UP,100,0.1271,IMPULSIVE,85,30,85,NORMAL,BEARISH,65,30,75,EXTREME,88,40,60,0.37,False,40,0.6679319070623417,52.4,RANGING,90,False,NONE,1.148165,1.151018,1.150572,FAR,30,50,85,UP,UP,UP,100,UP,UP,UP,False,"['M1', 'M5', 'M15']",100,100,TRENDING_STRONG,TRENDING_STRONG,55,75,True,28,Strong directional trend with high momentum. Favorable for trend-following strategies.,HIGH,PREPARE_TO_TRADE,5,1.0,0.5,False,False,True,True,0.3,0.3,True,False,False,22,True,,,,TRENDING_STRONG,Strong directional trend with high momentum. Favorable for trend-following strategies.,EXTREME,NONE_OTC,0.141,[],True,,รอการวิเคราะห์จาก AI,100,75,HIGH,รอการวิเคราะห์จาก AI,รอการวิเคราะห์จาก AI,รอการวิเคราะห์จาก AI
2026-07-02 22:09:00,1.150115,1.150635,1.150075,1.150295,1.0,EURUSD-OTC,BULLISH,1.150038,1.149913,1.149096,1.147395,1.14729,1.147918,BULLISH,1.152203,1.14655,0.005653,0.008691,48.8,54.24,0.001188,0.00134,-0.000151,64.91,72.33,0.001615,78.5,0.37,0.00166,0.001467,27.21,22.0,14.45,20.7,-0.04,1.0,1.0,1.0,False,-4e-06,0.000163,0.000159,1.149768,1.150432,1.151298,1.148902,1.148238,21,3.4,1.148165,1.151505,NO_VOLUME_DATA,1.150394,1.150431,1.150381,1.150014,46.64,49.67,9.2e-05,0.000123,38.33,46.22,0.000668,1.151094,1.149571,1.150335,1.150595,1.150035,1.0,1.0,1.150295,1.150635,1.150075,1.150115,NEW YORK,244223,LOW,1.150295,1.150635,1.150075,1.150115,NEW YORK,244223,LOW,NONE,BEARISH,BEARISH,WEAK,AT_PIVOT,LOW_WICK,NEUTRAL,CHAOTIC,NONE,TESTING_PIVOT,NORMAL,53,23,18.059701492537272,50,NEUTRAL,False,70,[],0,0,NEUTRAL,BEARISH,40,False,NONE,0,False,False,False,60,False,0,100,UP,NONE,NONE,0,True,100,55,45,80,False,True,NEUTRAL,70,False,0.0,NONE,False,NONE,False,False,0,False,60,8.395429706904602,6.285373845695793,50.0,21,POOR,False,75,75,-0.115853191857451,5,100.0,True,RANDOM,70,44.325800578246984,6.938134851033224,True,MOMENTUM_SHIFT,False,True,False,65,True,70,UP,20,CHOPPY,EXTREME,UP,20,-0.04,CHOPPY,55,30,50,NORMAL,NONE,65,30,75,EXTREME,88,40,60,0.37,False,40,0.6504429869980439,53.199999999999996,RANGING,90,False,NONE,1.148165,1.150432,1.149768,FAR,30,50,85,NONE,UP,UP,66,UP,UP,NONE,False,"['M1', 'M5', 'M15']",66,66,ACCUMULATION,ACCUMULATION,50,65,True,28,"Smart money accumulation. Bullish bias, look for breakout.",HIGH,WAIT,5,1.0,0.5,False,False,True,True,0.3,0.3,True,False,False,22,True,,,,ACCUMULATION,"Smart money accumulation. Bullish bias, look for breakout.",EXTREME,NONE_OTC,0.14,[],True,,รอการวิเคราะห์จาก AI,66,65,HIGH,รอการวิเคราะห์จาก AI,รอการวิเคราะห์จาก AI,รอการวิเคราะห์จาก AI
2026-07-02 22:10:00,1.150115,1.150635,1.150075,1.150295,1.0,EURUSD-OTC,BULLISH,1.150188,1.149995,1.149139,1.147412,1.147299,1.147923,BULLISH,1.152238,1.14656,0.005679,0.008691,52.27,56.13,0.001224,0.001347,-0.000123,69.4,73.83,0.001615,78.5,0.37,0.00166,0.001467,27.21,22.0,14.45,20.7,-0.0009,1.0,1.0,1.0,False,2e-05,0.000169,0.000161,1.149918,1.150732,1.151448,1.149202,1.148388,21,3.4,1.148165,1.151505,NO_VOLUME_DATA,1.150394,1.150431,1.150381,1.150013,46.64,49.67,9.2e-05,0.000123,38.33,46.22,0.000668,1.151094,1.149571,1.150335,1.150595,1.150035,1.0,1.0,1.150295,1.150635,1.150075,1.150115,NEW YORK,305300,LOW,1.150295,1.150635,1.150075,1.150115,NEW YORK,305300,LOW,DOJI,BEARISH,BEARISH,WEAK,AT_PIVOT,LOW_WICK,NEUTRAL,CHAOTIC,NONE,TESTING_PIVOT,NORMAL,52,26,20.075901328273403,50,NEUTRAL,False,70,['DOJI'],1,20,NEUTRAL,BEARISH,60,False,NONE,0,False,False,False,60,False,0,100,UP,NONE,NONE,0,True,100,55,45,80,False,True,NEUTRAL,70,False,0.0,NONE,False,NONE,False,False,0,False,60,10.873983739837108,7.625856419422532,50.0,22,POOR,False,75,75,-0.12495681181397891,5,100.0,True,RANDOM,70,43.83755907350482,7.983521639337379,False,NONE,False,False,False,100,True,70,UP,40,CHOPPY,EXTREME,UP,40,-0.0009,CHOPPY,55,30,50,NORMAL,NONE,65,30,75,EXTREME,88,40,60,0.37,False,40,0.6534345875043147,53.199999999999996,RANGING,90,False,NONE,1.148165,1.150732,1.149918,FAR,30,50,85,NONE,UP,UP,66,UP,UP,NONE,False,"['M1', 'M5', 'M15']",66,66,ACCUMULATION,ACCUMULATION,50,65,True,28,"Smart money accumulation. Bullish bias, look for breakout.",HIGH,WAIT,5,1.0,0.5,False,False,True,True,0.3,0.3,True,False,False,22,True,,,,ACCUMULATION,"Smart money accumulation. Bullish bias, look for breakout.",EXTREME,NONE_OTC,0.14,[],True,,รอการวิเคราะห์จาก AI,66,65,HIGH,รอการวิเคราะห์จาก AI,รอการวิเคราะห์จาก AI,รอการวิเคราะห์จาก AI
2026-07-02 22:11:00,1.150115,1.150635,1.150075,1.150295,1.0,EURUSD-OTC,BULLISH,1.150188,1.149995,1.149139,1.147412,1.147299,1.147923,BULLISH,1.152238,1.14656,0.005679,0.008691,52.27,56.13,0.001224,0.001347,-0.000123,69.4,73.83,0.001615,78.5,0.37,0.00166,0.001467,27.21,22.0,14.45,20.7,-0.0009,1.0,1.0,1.0,False,2e-05,0.000169,0.000161,1.149918,1.150732,1.151448,1.149202,1.148388,21,3.4,1.148165,1.151505,NO_VOLUME_DATA,1.150394,1.150431,1.150381,1.150013,46.64,49.67,9.2e-05,0.000123,38.33,46.22,0.000668,1.151094,1.149571,1.150335,1.150595,1.150035,1.0,1.0,1.150295,1.150635,1.150075,1.150115,NEW YORK,363563,LOW,1.150295,1.150635,1.150075,1.150115,NEW YORK,363563,LOW,DOJI,BEARISH,BEARISH,WEAK,AT_PIVOT,LOW_WICK,NEUTRAL,CHAOTIC,NONE,TESTING_PIVOT,NORMAL,52,26,20.075901328273403,50,NEUTRAL,False,70,['DOJI'],1,20,NEUTRAL,BEARISH,60,False,NONE,0,False,False,False,60,False,0,100,UP,NONE,NONE,0,True,100,55,45,80,False,True,NEUTRAL,70,False,0.0,NONE,False,NONE,False,False,0,False,60,10.873983739837108,7.625856419422532,50.0,22,POOR,False,75,75,-0.12495681181397891,5,100.0,True,RANDOM,70,43.83755907350482,7.983521639337379,False,NONE,False,False,False,100,True,70,UP,40,CHOPPY,EXTREME,UP,40,-0.0009,CHOPPY,55,30,50,NORMAL,NONE,65,30,75,EXTREME,88,40,60,0.37,False,40,0.6534345875043147,53.199999999999996,RANGING,90,False,NONE,1.148165,1.150732,1.149918,FAR,30,50,85,NONE,UP,UP,66,UP,UP,NONE,False,"['M1', 'M5', 'M15']",66,66,ACCUMULATION,ACCUMULATION,50,65,True,28,"Smart money accumulation. Bullish bias, look for breakout.",HIGH,WAIT,5,1.0,0.5,False,False,True,True,0.3,0.3,True,False,False,22,True,,,,ACCUMULATION,"Smart money accumulation. Bullish bias, look for breakout.",EXTREME,NONE_OTC,0.14,[],True,,รอการวิเคราะห์จาก AI,66,65,HIGH,รอการวิเคราะห์จาก AI,รอการวิเคราะห์จาก AI,รอการวิเคราะห์จาก AI
2026-07-02 22:12:00,1.150115,1.150635,1.150075,1.150295,1.0,EURUSD-OTC,BULLISH,1.150188,1.149995,1.149139,1.147412,1.147299,1.147923,BULLISH,1.152238,1.14656,0.005679,0.008691,52.27,56.13,0.001224,0.001347,-0.000123,69.4,73.83,0.001615,78.5,0.37,0.00166,0.001467,27.21,22.0,14.45,20.7,-0.0009,1.0,1.0,1.0,False,2e-05,0.000169,0.000161,1.149918,1.150732,1.151448,1.149202,1.148388,21,3.4,1.148165,1.151505,NO_VOLUME_DATA,1.150394,1.150431,1.150381,1.150013,46.64,49.67,9.2e-05,0.000123,38.33,46.22,0.000668,1.151094,1.149571,1.150335,1.150595,1.150035,1.0,1.0,1.150295,1.150635,1.150075,1.150115,NEW YORK,424275,LOW,1.150295,1.150635,1.150075,1.150115,NEW YORK,424275,LOW,DOJI,BEARISH,BEARISH,WEAK,AT_PIVOT,LOW_WICK,NEUTRAL,CHAOTIC,NONE,TESTING_PIVOT,NORMAL,52,26,20.075901328273403,50,NEUTRAL,False,70,['DOJI'],1,20,NEUTRAL,BEARISH,60,False,NONE,0,False,False,False,60,False,0,100,UP,NONE,NONE,0,True,100,55,45,80,False,True,NEUTRAL,70,False,0.0,NONE,False,NONE,False,False,0,False,60,10.873983739837108,7.625856419422532,50.0,22,POOR,False,75,75,-0.12495681181397891,5,100.0,True,RANDOM,70,43.83755907350482,7.983521639337379,False,NONE,False,False,False,100,True,70,UP,40,CHOPPY,EXTREME,UP,40,-0.0009,CHOPPY,55,30,50,NORMAL,NONE,65,30,75,EXTREME,88,40,60,0.37,False,40,0.6534345875043147,53.199999999999996,RANGING,90,False,NONE,1.148165,1.150732,1.149918,FAR,30,50,85,NONE,UP,UP,66,UP,UP,NONE,False,"['M1', 'M5', 'M15']",66,66,ACCUMULATION,ACCUMULATION,50,65,True,28,"Smart money accumulation. Bullish bias, look for breakout.",HIGH,WAIT,5,1.0,0.5,False,False,True,True,0.3,0.3,True,False,False,22,True,,,,ACCUMULATION,"Smart money accumulation. Bullish bias, look for breakout.",EXTREME,NONE_OTC,0.14,[],True,,รอการวิเคราะห์จาก AI,66,65,HIGH,รอการวิเคราะห์จาก AI,รอการวิเคราะห์จาก AI,รอการวิเคราะห์จาก AI
2026-07-02 22:13:00,1.150115,1.150635,1.150075,1.150295,1.0,EURUSD-OTC,BULLISH,1.150188,1.149995,1.149139,1.147412,1.147299,1.147923,BULLISH,1.152238,1.14656,0.005679,0.008691,52.27,56.13,0.001224,0.001347,-0.000123,69.4,73.83,0.001615,78.5,0.37,0.00166,0.001467,27.21,22.0,14.45,20.7,-0.0009,1.0,1.0,1.0,False,2e-05,0.000169,0.000161,1.149918,1.150732,1.151448,1.149202,1.148388,21,3.4,1.148165,1.151505,NO_VOLUME_DATA,1.150394,1.150431,1.150381,1.150013,46.64,49.67,9.2e-05,0.000123,38.33,46.22,0.000668,1.151094,1.149571,1.150335,1.150595,1.150035,1.0,1.0,1.150295,1.150635,1.150075,1.150115,NEW YORK,483753,LOW,1.150295,1.150635,1.150075,1.150115,NEW YORK,483753,LOW,DOJI,BEARISH,BEARISH,WEAK,AT_PIVOT,LOW_WICK,NEUTRAL,CHAOTIC,NONE,TESTING_PIVOT,NORMAL,52,26,20.075901328273403,50,NEUTRAL,False,70,['DOJI'],1,20,NEUTRAL,BEARISH,60,False,NONE,0,False,False,False,60,False,0,100,UP,NONE,NONE,0,True,100,55,45,80,False,True,NEUTRAL,70,False,0.0,NONE,False,NONE,False,False,0,False,60,10.873983739837108,7.625856419422532,50.0,22,POOR,False,75,75,-0.12495681181397891,5,100.0,True,RANDOM,70,43.83755907350482,7.983521639337379,False,NONE,False,False,False,100,True,70,UP,40,CHOPPY,EXTREME,UP,40,-0.0009,CHOPPY,55,30,50,NORMAL,NONE,65,30,75,EXTREME,88,40,60,0.37,False,40,0.6534345875043147,53.199999999999996,RANGING,90,False,NONE,1.148165,1.150732,1.149918,FAR,30,50,85,NONE,UP,UP,66,UP,UP,NONE,False,"['M1', 'M5', 'M15']",66,66,SIDEWAY_RANGE,SIDEWAY_RANGE,50,60,True,28,Price ranging between clear levels. Suitable for mean-reversion strategies.,HIGH,WAIT,5,1.0,0.5,False,False,True,True,0.3,0.3,True,False,False,22,True,,,,SIDEWAY_RANGE,Price ranging between clear levels. Suitable for mean-reversion strategies.,EXTREME,NONE_OTC,0.14,[],True,,รอการวิเคราะห์จาก AI,66,60,HIGH,รอการวิเคราะห์จาก AI,รอการวิเคราะห์จาก AI,รอการวิเคราะห์จาก AI
2026-07-02 22:33:00,1.149615,1.150185,1.149495,1.149735,1.0,EURUSD-OTC,BULLISH,1.150392,1.150408,1.14978,1.148034,1.147664,1.148258,BULLISH,1.152052,1.148542,0.00351,0.008645,45.95,52.63,0.001005,0.001231,-0.000226,46.06,64.06,0.001544,61.0,-0.05,0.001624,0.001595,25.59,22.78,19.17,8.59,0.0043,1.0,1.0,1.0,False,4.1e-05,4.6e-05,0.000189,1.149845,1.150195,1.150535,1.149505,1.149155,20,3.19,1.149105,1.152585,NO_VOLUME_DATA,1.149848,1.150232,1.150527,1.150431,30.28,39.4,-0.000229,2.2e-05,7.71,5.56,0.000677,1.152805,1.149084,1.149805,1.150115,1.149425,1.0,1.0,1.149735,1.150185,1.149495,1.149615,NEW YORK,184597,LOW,1.149735,1.150185,1.149495,1.149615,NEW YORK,184597,LOW,NONE,BULLISH,BULLISH,WEAK,AT_PIVOT,LOW_WICK,NEUTRAL,CHAOTIC,NONE,TESTING_PIVOT,NORMAL,56,20,22.771587743734287,50,NEUTRAL,False,70,[],0,0,NEUTRAL,BULLISH,40,False,NONE,0,False,False,False,60,False,0,100,UP,NONE,NONE,0,True,100,55,45,80,False,True,NEUTRAL,70,False,0.0,NONE,False,NONE,False,False,0,False,60,7.481662591686841,0.3881755747983406,50.0,19,POOR,False,75,72,-0.1131070490735178,5,80.0,True,RANDOM,70,41.56853715763956,8.7119782188474,False,NONE,False,False,False,100,True,70,NONE,60,CHOPPY,HIGH,NONE,60,0.0043,CHOPPY,20,50,30,NORMAL,BEARISH,65,30,75,HIGH,73,40,60,-0.05,False,80,0.406015037593985,67.19999999999999,RANGING,90,False,NONE,1.149105,1.150195,1.149845,FAR,30,50,85,NONE,UP,UP,66,UP,UP,NONE,False,"['M1', 'M5', 'M15']",66,66,ACCUMULATION,ACCUMULATION,50,65,True,29,"Smart money accumulation. Bullish bias, look for breakout.",MEDIUM,WAIT,5,1.0,0.5,False,False,False,True,0.3,0.3,True,False,False,22,True,,,,ACCUMULATION,"Smart money accumulation. Bullish bias, look for breakout.",HIGH,NONE_OTC,0.134,[],True,,รอการวิเคราะห์จาก AI,66,65,MEDIUM,รอการวิเคราะห์จาก AI,รอการวิเคราะห์จาก AI,รอการวิเคราะห์จาก AI
2026-07-02 22:34:00,1.149615,1.150185,1.149495,1.149735,1.0,EURUSD-OTC,BULLISH,1.150392,1.150408,1.14978,1.148034,1.147664,1.148258,BULLISH,1.152052,1.148542,0.00351,0.008645,45.95,52.63,0.001005,0.001231,-0.000226,46.06,64.06,0.001544,61.0,-0.05,0.001624,0.001595,25.59,22.78,19.17,8.59,0.0043,1.0,1.0,1.0,False,4.1e-05,4.6e-05,0.000189,1.149845,1.150195,1.150535,1.149505,1.149155,20,3.19,1.149105,1.152585,NO_VOLUME_DATA,1.149848,1.150232,1.150527,1.150431,30.28,39.4,-0.000229,2.2e-05,7.71,5.56,0.000677,1.152805,1.149084,1.149805,1.150115,1.149425,1.0,1.0,1.149735,1.150185,1.149495,1.149615,NEW YORK,244365,LOW,1.149735,1.150185,1.149495,1.149615,NEW YORK,244365,LOW,NONE,BULLISH,BULLISH,WEAK,AT_PIVOT,LOW_WICK,NEUTRAL,CHAOTIC,NONE,TESTING_PIVOT,NORMAL,56,20,22.771587743734287,50,NEUTRAL,False,70,[],0,0,NEUTRAL,BULLISH,40,False,NONE,0,False,False,False,60,False,0,100,UP,NONE,NONE,0,True,100,55,45,80,False,True,NEUTRAL,70,False,0.0,NONE,False,NONE,False,False,0,False,60,7.481662591686841,0.3881755747983406,50.0,19,POOR,False,75,72,-0.1131070490735178,5,80.0,True,RANDOM,70,41.56853715763956,8.7119782188474,False,NONE,False,False,False,100,True,70,NONE,60,CHOPPY,HIGH,NONE,60,0.0043,CHOPPY,20,50,30,NORMAL,BEARISH,65,30,75,HIGH,73,40,60,-0.05,False,80,0.406015037593985,67.19999999999999,RANGING,90,False,NONE,1.149105,1.150195,1.149845,FAR,30,50,85,NONE,UP,UP,66,UP,UP,NONE,False,"['M1', 'M5', 'M15']",66,66,ACCUMULATION,ACCUMULATION,50,65,True,29,"Smart money accumulation. Bullish bias, look for breakout.",MEDIUM,WAIT,5,1.0,0.5,False,False,False,True,0.3,0.3,True,False,False,22,True,,,,ACCUMULATION,"Smart money accumulation. Bullish bias, look for breakout.",HIGH,NONE_OTC,0.134,[],True,,รอการวิเคราะห์จาก AI,66,65,MEDIUM,รอการวิเคราะห์จาก AI,รอการวิเคราะห์จาก AI,รอการวิเคราะห์จาก AI
2026-07-02 22:35:00,1.149615,1.150185,1.149495,1.149735,1.0,EURUSD-OTC,BULLISH,1.150379,1.1504,1.149776,1.148032,1.147663,1.148258,BULLISH,1.152052,1.148538,0.003515,0.008646,45.59,52.48,0.001002,0.001231,-0.000229,45.73,63.95,0.00158,71.5,0.16,0.001628,0.001595,25.27,22.26,20.5,4.11,0.0009,1.0,1.0,1.0,False,3.9e-05,4.5e-05,0.000189,1.149665,1.150335,1.150855,1.149145,1.148475,20,3.11,1.149105,1.152585,NO_VOLUME_DATA,1.149848,1.150232,1.150527,1.150431,30.28,39.4,-0.000229,2.2e-05,7.71,5.56,0.000677,1.152805,1.149084,1.149805,1.150115,1.149425,1.0,1.0,1.149735,1.150185,1.149495,1.149615,NEW YORK,305060,LOW,1.149735,1.150185,1.149495,1.149615,NEW YORK,305060,LOW,NONE,BULLISH,BULLISH,WEAK,AT_PIVOT,LOW_WICK,NEUTRAL,CHAOTIC,NONE,TESTING_PIVOT,NORMAL,55,23,22.663877266389317,50,NEUTRAL,False,70,[],0,0,NEUTRAL,BULLISH,40,False,NONE,0,False,False,False,60,False,0,100,UP,NONE,NONE,0,True,100,55,45,80,False,True,NEUTRAL,70,False,0.0,NONE,False,NONE,False,False,0,False,60,7.300342969132403,0.26478375992916786,50.0,19,POOR,False,75,72,-0.11159950180090188,5,80.0,True,RANDOM,70,41.639862385612545,8.591153426398295,False,NONE,False,False,False,100,True,70,NONE,60,CHOPPY,HIGH,NONE,60,0.0009,CHOPPY,20,50,30,NORMAL,BEARISH,65,30,75,HIGH,73,40,60,0.16,False,80,0.4065463798288226,58.8,RANGING,90,False,NONE,1.149105,1.150335,1.149665,FAR,30,50,85,NONE,UP,UP,66,UP,UP,NONE,False,"['M1', 'M5', 'M15']",66,66,SIDEWAY_RANGE,SIDEWAY_RANGE,50,60,True,29,Price ranging between clear levels. Suitable for mean-reversion strategies.,MEDIUM,WAIT,5,1.0,0.5,False,False,False,True,0.3,0.3,True,False,False,22,True,,,,SIDEWAY_RANGE,Price ranging between clear levels. Suitable for mean-reversion strategies.,HIGH,NONE_OTC,0.137,[],True,,รอการวิเคราะห์จาก AI,66,60,MEDIUM,รอการวิเคราะห์จาก AI,รอการวิเคราะห์จาก AI,รอการวิเคราะห์จาก AI
2026-07-02 22:36:00,1.149615,1.150185,1.149495,1.149735,1.0,EURUSD-OTC,BULLISH,1.150379,1.1504,1.149776,1.148032,1.147663,1.148258,BULLISH,1.152052,1.148538,0.003515,0.008646,45.59,52.48,0.001002,0.001231,-0.000229,45.73,63.95,0.00158,71.5,0.16,0.001628,0.001595,25.27,22.26,20.5,4.11,0.0009,1.0,1.0,1.0,False,3.9e-05,4.5e-05,0.000189,1.149665,1.150335,1.150855,1.149145,1.148475,20,3.11,1.149105,1.152585,NO_VOLUME_DATA,1.149848,1.150232,1.150527,1.150431,30.28,39.4,-0.000229,2.2e-05,7.71,5.56,0.000677,1.152805,1.149084,1.149805,1.150115,1.149425,1.0,1.0,1.149735,1.150185,1.149495,1.149615,NEW YORK,364653,LOW,1.149735,1.150185,1.149495,1.149615,NEW YORK,364653,LOW,NONE,BULLISH,BULLISH,WEAK,AT_PIVOT,LOW_WICK,NEUTRAL,CHAOTIC,NONE,TESTING_PIVOT,NORMAL,55,23,22.663877266389317,50,NEUTRAL,False,70,[],0,0,NEUTRAL,BULLISH,40,False,NONE,0,False,False,False,60,False,0,100,UP,NONE,NONE,0,True,100,55,45,80,False,True,NEUTRAL,70,False,0.0,NONE,False,NONE,False,False,0,False,60,7.300342969132403,0.26478375992916786,50.0,19,POOR,False,75,72,-0.11159950180090188,5,80.0,True,RANDOM,70,41.639862385612545,8.591153426398295,False,NONE,False,False,False,100,True,70,NONE,60,CHOPPY,HIGH,NONE,60,0.0009,CHOPPY,20,50,30,NORMAL,BEARISH,65,30,75,HIGH,73,40,60,0.16,False,80,0.4065463798288226,58.8,RANGING,90,False,NONE,1.149105,1.150335,1.149665,FAR,30,50,85,NONE,UP,UP,66,UP,UP,NONE,False,"['M1', 'M5', 'M15']",66,66,ACCUMULATION,ACCUMULATION,50,65,True,29,"Smart money accumulation. Bullish bias, look for breakout.",MEDIUM,WAIT,5,1.0,0.5,False,False,False,True,0.3,0.3,True,False,False,22,True,,,,ACCUMULATION,"Smart money accumulation. Bullish bias, look for breakout.",HIGH,NONE_OTC,0.137,[],True,,รอการวิเคราะห์จาก AI,66,65,MEDIUM,รอการวิเคราะห์จาก AI,รอการวิเคราะห์จาก AI,รอการวิเคราะห์จาก AI
2026-07-02 22:37:00,1.149615,1.150185,1.149495,1.149735,1.0,EURUSD-OTC,BULLISH,1.150379,1.1504,1.149776,1.148032,1.147663,1.148258,BULLISH,1.152052,1.148538,0.003515,0.008646,45.59,52.48,0.001002,0.001231,-0.000229,45.73,63.95,0.00158,71.5,0.16,0.001628,0.001595,25.27,22.26,20.5,4.11,0.0009,1.0,1.0,1.0,False,3.9e-05,4.5e-05,0.000189,1.149665,1.150335,1.150855,1.149145,1.148475,20,3.11,1.149105,1.152585,NO_VOLUME_DATA,1.149848,1.150232,1.150527,1.150431,30.28,39.4,-0.000229,2.2e-05,7.71,5.56,0.000677,1.152805,1.149084,1.149805,1.150115,1.149425,1.0,1.0,1.149735,1.150185,1.149495,1.149615,NEW YORK,424410,LOW,1.149735,1.150185,1.149495,1.149615,NEW YORK,424410,LOW,NONE,BULLISH,BULLISH,WEAK,AT_PIVOT,LOW_WICK,NEUTRAL,CHAOTIC,NONE,TESTING_PIVOT,NORMAL,55,23,22.663877266389317,50,NEUTRAL,False,70,[],0,0,NEUTRAL,BULLISH,40,False,NONE,0,False,False,False,60,False,0,100,UP,NONE,NONE,0,True,100,55,45,80,False,True,NEUTRAL,70,False,0.0,NONE,False,NONE,False,False,0,False,60,7.300342969132403,0.26478375992916786,50.0,19,POOR,False,75,72,-0.11159950180090188,5,80.0,True,RANDOM,70,41.639862385612545,8.591153426398295,False,NONE,False,False,False,100,True,70,NONE,60,CHOPPY,HIGH,NONE,60,0.0009,CHOPPY,20,50,30,NORMAL,BEARISH,65,30,75,HIGH,73,40,60,0.16,False,80,0.4065463798288226,58.8,RANGING,90,False,NONE,1.149105,1.150335,1.149665,FAR,30,50,85,NONE,UP,UP,66,UP,UP,NONE,False,"['M1', 'M5', 'M15']",66,66,ACCUMULATION,ACCUMULATION,50,65,True,29,"Smart money accumulation. Bullish bias, look for breakout.",MEDIUM,WAIT,5,1.0,0.5,False,False,False,True,0.3,0.3,True,False,False,22,True,,,,ACCUMULATION,"Smart money accumulation. Bullish bias, look for breakout.",HIGH,NONE_OTC,0.137,[],True,,รอการวิเคราะห์จาก AI,66,65,MEDIUM,รอการวิเคราะห์จาก AI,รอการวิเคราะห์จาก AI,รอการวิเคราะห์จาก AI
2026-07-02 22:38:00,1.149615,1.150185,1.149495,1.149735,1.0,EURUSD-OTC,BULLISH,1.150379,1.1504,1.149776,1.148032,1.147663,1.148258,BULLISH,1.152052,1.148538,0.003515,0.008646,45.59,52.48,0.001002,0.001231,-0.000229,45.73,63.95,0.00158,71.5,0.16,0.001628,0.001595,25.27,22.26,20.5,4.11,0.0009,1.0,1.0,1.0,False,3.9e-05,4.5e-05,0.000189,1.149665,1.150335,1.150855,1.149145,1.148475,20,3.11,1.149105,1.152585,NO_VOLUME_DATA,1.149848,1.150232,1.150527,1.150431,30.28,39.4,-0.000229,2.2e-05,7.71,5.56,0.000677,1.152805,1.149084,1.149805,1.150115,1.149425,1.0,1.0,1.149735,1.150185,1.149495,1.149615,NEW YORK,483978,LOW,1.149735,1.150185,1.149495,1.149615,NEW YORK,483978,LOW,NONE,BULLISH,BULLISH,WEAK,AT_PIVOT,LOW_WICK,NEUTRAL,CHAOTIC,NONE,TESTING_PIVOT,NORMAL,55,23,22.663877266389317,50,NEUTRAL,False,70,[],0,0,NEUTRAL,BULLISH,40,False,NONE,0,False,False,False,60,False,0,100,UP,NONE,NONE,0,True,100,55,45,80,False,True,NEUTRAL,70,False,0.0,NONE,False,NONE,False,False,0,False,60,7.300342969132403,0.26478375992916786,50.0,19,POOR,False,75,72,-0.11159950180090188,5,80.0,True,RANDOM,70,41.639862385612545,8.591153426398295,False,NONE,False,False,False,100,True,70,NONE,60,CHOPPY,HIGH,NONE,60,0.0009,CHOPPY,20,50,30,NORMAL,BEARISH,65,30,75,HIGH,73,40,60,0.16,False,80,0.4065463798288226,58.8,RANGING,90,False,NONE,1.149105,1.150335,1.149665,FAR,30,50,85,NONE,UP,UP,66,UP,UP,NONE,False,"['M1', 'M5', 'M15']",66,66,SIDEWAY_RANGE,SIDEWAY_RANGE,50,60,True,29,Price ranging between clear levels. Suitable for mean-reversion strategies.,MEDIUM,WAIT,5,1.0,0.5,False,False,False,True,0.3,0.3,True,False,False,22,True,,,,SIDEWAY_RANGE,Price ranging between clear levels. Suitable for mean-reversion strategies.,HIGH,NONE_OTC,0.137,[],True,,รอการวิเคราะห์จาก AI,66,60,MEDIUM,รอการวิเคราะห์จาก AI,รอการวิเคราะห์จาก AI,รอการวิเคราะห์จาก AI
2026-07-02 22:39:00,1.149615,1.150185,1.149495,1.149735,1.0,EURUSD-OTC,BULLISH,1.150379,1.1504,1.149776,1.148032,1.147663,1.148258,BULLISH,1.152052,1.148538,0.003515,0.008646,45.59,52.48,0.001002,0.001231,-0.000229,45.73,63.95,0.00158,71.5,0.16,0.001628,0.001595,25.27,22.26,20.5,4.11,0.0009,1.0,1.0,1.0,False,3.9e-05,4.5e-05,0.000189,1.149665,1.150335,1.150855,1.149145,1.148475,20,3.11,1.149105,1.152585,NO_VOLUME_DATA,1.149848,1.150232,1.150527,1.150431,30.28,39.4,-0.000229,2.2e-05,7.71,5.56,0.000677,1.152805,1.149084,1.149805,1.150115,1.149425,1.0,1.0,1.149735,1.150185,1.149495,1.149615,NEW YORK,544433,LOW,1.149735,1.150185,1.149495,1.149615,NEW YORK,544433,LOW,NONE,BULLISH,BULLISH,WEAK,AT_PIVOT,LOW_WICK,NEUTRAL,CHAOTIC,NONE,TESTING_PIVOT,NORMAL,55,23,22.663877266389317,50,NEUTRAL,False,70,[],0,0,NEUTRAL,BULLISH,40,False,NONE,0,False,False,False,60,False,0,100,UP,NONE,NONE,0,True,100,55,45,80,False,True,NEUTRAL,70,False,0.0,NONE,False,NONE,False,False,0,False,60,7.300342969132403,0.26478375992916786,50.0,19,POOR,False,75,72,-0.11159950180090188,5,80.0,True,RANDOM,70,41.639862385612545,8.591153426398295,False,NONE,False,False,False,100,True,70,NONE,60,CHOPPY,HIGH,NONE,60,0.0009,CHOPPY,20,50,30,NORMAL,BEARISH,65,30,75,HIGH,73,40,60,0.16,False,80,0.4065463798288226,58.8,RANGING,90,False,NONE,1.149105,1.150335,1.149665,FAR,30,50,85,NONE,UP,UP,66,UP,UP,NONE,False,"['M1', 'M5', 'M15']",66,66,ACCUMULATION,ACCUMULATION,50,65,True,29,"Smart money accumulation. Bullish bias, look for breakout.",MEDIUM,WAIT,5,1.0,0.5,False,False,False,True,0.3,0.3,True,False,False,22,True,,,,ACCUMULATION,"Smart money accumulation. Bullish bias, look for breakout.",HIGH,NONE_OTC,0.137,[],True,,รอการวิเคราะห์จาก AI,66,65,MEDIUM,รอการวิเคราะห์จาก AI,รอการวิเคราะห์จาก AI,รอการวิเคราะห์จาก AI
2026-07-02 22:40:00,1.149835,1.149965,1.149535,1.149965,1.0,EURUSD-OTC,BULLISH,1.15059,1.150512,1.149894,1.148149,1.147724,1.148245,BULLISH,1.152122,1.148597,0.003524,0.008627,55.89,56.91,0.000983,0.001181,-0.000198,41.4,49.76,0.001576,66.5,0.05,0.001615,0.001615,24.36,24.53,19.09,12.48,0.0861,1.0,1.0,1.0,False,1.7e-05,4.6e-05,0.000192,1.150512,1.151518,1.152032,1.149998,1.148992,20,2.8,1.149105,1.152585,NO_VOLUME_DATA,1.149802,1.149925,1.150211,1.1503,47.95,45.58,-0.000296,-0.000199,29.11,21.04,0.000648,1.152646,1.148579,1.149822,1.150108,1.149678,1.0,1.0,1.149965,1.149965,1.149535,1.149835,NEW YORK,305601,LOW,1.149965,1.149965,1.149535,1.149835,NEW YORK,305601,LOW,MORNING_STAR,BULLISH,BULLISH,WEAK,AT_PIVOT,LOW_WICK,NEUTRAL,CHAOTIC,NONE,TESTING_PIVOT,NORMAL,56,23,24.762550881955708,50,NEUTRAL,False,70,['MORNING_STAR'],1,20,BULLISH,BULLISH,60,False,NONE,0,False,False,False,60,False,0,100,UP,NONE,NONE,0,True,100,55,45,80,False,True,NEUTRAL,70,False,0.0,NONE,False,NONE,False,False,0,False,60,6.336633663365801,4.656052868729892,50.0,20,POOR,False,75,62,-0.10626342844356694,4,80.0,True,RANDOM,70,42.149052406126,9.48551631485544,False,NONE,False,False,False,100,True,70,UP,40,CHOPPY,HIGH,UP,40,0.0861,CHOPPY,65,30,60,NORMAL,BEARISH,60,30,70,HIGH,73,40,60,0.05,False,80,0.40848498898806074,62.8,RANGING,90,False,NONE,1.149105,1.151518,1.150512,FAR,30,50,85,DOWN,UP,UP,66,UP,UP,DOWN,True,"['M1', 'M5', 'M15']",66,66,SIDEWAY_RANGE,SIDEWAY_RANGE,50,60,True,29,Price ranging between clear levels. Suitable for mean-reversion strategies.,MEDIUM,WAIT,5,1.0,0.5,False,False,True,True,0.3,0.3,True,False,False,22,True,,,,SIDEWAY_RANGE,Price ranging between clear levels. Suitable for mean-reversion strategies.,HIGH,NONE_OTC,0.137,[],True,,รอการวิเคราะห์จาก AI,66,60,MEDIUM,รอการวิเคราะห์จาก AI,รอการวิเคราะห์จาก AI,รอการวิเคราะห์จาก AI
2026-07-02 22:41:00,1.149835,1.149965,1.149535,1.149965,1.0,EURUSD-OTC,BULLISH,1.15059,1.150512,1.149894,1.148149,1.147724,1.148245,BULLISH,1.152122,1.148597,0.003524,0.008627,55.89,56.91,0.000983,0.001181,-0.000198,41.4,49.76,0.001576,66.5,0.05,0.001615,0.001615,24.36,24.53,19.09,12.48,0.0861,1.0,1.0,1.0,False,1.7e-05,4.6e-05,0.000192,1.150512,1.151518,1.152032,1.149998,1.148992,20,2.8,1.149105,1.152585,NO_VOLUME_DATA,1.149802,1.149925,1.150211,1.150301,47.95,45.58,-0.000296,-0.000199,29.11,21.04,0.000648,1.152646,1.148579,1.149822,1.150108,1.149678,1.0,1.0,1.149965,1.149965,1.149535,1.149835,NEW YORK,364187,LOW,1.149965,1.149965,1.149535,1.149835,NEW YORK,364187,LOW,MORNING_STAR,BULLISH,BULLISH,WEAK,AT_PIVOT,LOW_WICK,NEUTRAL,CHAOTIC,NONE,TESTING_PIVOT,NORMAL,56,23,24.762550881955708,50,NEUTRAL,False,70,['MORNING_STAR'],1,20,BULLISH,BULLISH,60,False,NONE,0,False,False,False,60,False,0,100,UP,NONE,NONE,0,True,100,55,45,80,False,True,NEUTRAL,70,False,0.0,NONE,False,NONE,False,False,0,False,60,6.336633663365801,4.656052868729892,50.0,20,POOR,False,75,62,-0.10626342844356694,4,80.0,True,RANDOM,70,42.149052406126,9.48551631485544,False,NONE,False,False,False,100,True,70,UP,40,CHOPPY,HIGH,UP,40,0.0861,CHOPPY,65,30,60,NORMAL,BEARISH,60,30,70,HIGH,73,40,60,0.05,False,80,0.40848498898806074,62.8,RANGING,90,False,NONE,1.149105,1.151518,1.150512,FAR,30,50,85,DOWN,UP,UP,66,UP,UP,DOWN,True,"['M1', 'M5', 'M15']",66,66,SIDEWAY_RANGE,SIDEWAY_RANGE,50,60,True,29,Price ranging between clear levels. Suitable for mean-reversion strategies.,MEDIUM,WAIT,5,1.0,0.5,False,False,True,True,0.3,0.3,True,False,False,22,True,,,,SIDEWAY_RANGE,Price ranging between clear levels. Suitable for mean-reversion strategies.,HIGH,NONE_OTC,0.137,[],True,,รอการวิเคราะห์จาก AI,66,60,MEDIUM,รอการวิเคราะห์จาก AI,รอการวิเคราะห์จาก AI,รอการวิเคราะห์จาก AI
2026-07-02 22:42:00,1.149835,1.149965,1.149535,1.149965,1.0,EURUSD-OTC,BULLISH,1.15059,1.150512,1.149894,1.148149,1.147724,1.148245,BULLISH,1.152122,1.148597,0.003524,0.008627,55.89,56.91,0.000983,0.001181,-0.000198,41.4,49.76,0.001576,66.5,0.05,0.001615,0.001615,24.36,24.53,19.09,12.48,0.0861,1.0,1.0,1.0,False,1.7e-05,4.6e-05,0.000192,1.150512,1.151518,1.152032,1.149998,1.148992,20,2.8,1.149105,1.152585,NO_VOLUME_DATA,1.149802,1.149925,1.150211,1.150301,47.95,45.58,-0.000296,-0.000199,29.11,21.04,0.000648,1.152646,1.148579,1.149822,1.150108,1.149678,1.0,1.0,1.149965,1.149965,1.149535,1.149835,NEW YORK,423426,LOW,1.149965,1.149965,1.149535,1.149835,NEW YORK,423426,LOW,MORNING_STAR,BULLISH,BULLISH,WEAK,AT_PIVOT,LOW_WICK,NEUTRAL,CHAOTIC,NONE,TESTING_PIVOT,NORMAL,56,23,24.762550881955708,50,NEUTRAL,False,70,['MORNING_STAR'],1,20,BULLISH,BULLISH,60,False,NONE,0,False,False,False,60,False,0,100,UP,NONE,NONE,0,True,100,55,45,80,False,True,NEUTRAL,70,False,0.0,NONE,False,NONE,False,False,0,False,60,6.336633663365801,4.656052868729892,50.0,20,POOR,False,75,62,-0.10626342844356694,4,80.0,True,RANDOM,70,42.149052406126,9.48551631485544,False,NONE,False,False,False,100,True,70,UP,40,CHOPPY,HIGH,UP,40,0.0861,CHOPPY,65,30,60,NORMAL,BEARISH,60,30,70,HIGH,73,40,60,0.05,False,80,0.40848498898806074,62.8,RANGING,90,False,NONE,1.149105,1.151518,1.150512,FAR,30,50,85,DOWN,UP,UP,66,UP,UP,DOWN,True,"['M1', 'M5', 'M15']",66,66,SIDEWAY_RANGE,SIDEWAY_RANGE,50,60,True,29,Price ranging between clear levels. Suitable for mean-reversion strategies.,MEDIUM,WAIT,5,1.0,0.5,False,False,True,True,0.3,0.3,True,False,False,22,True,,,,SIDEWAY_RANGE,Price ranging between clear levels. Suitable for mean-reversion strategies.,HIGH,NONE_OTC,0.137,[],True,,รอการวิเคราะห์จาก AI,66,60,MEDIUM,รอการวิเคราะห์จาก AI,รอการวิเคราะห์จาก AI,รอการวิเคราะห์จาก AI
2026-07-02 22:43:00,1.149835,1.149965,1.149535,1.149965,1.0,EURUSD-OTC,BULLISH,1.15059,1.150512,1.149894,1.148149,1.147724,1.148245,BULLISH,1.152122,1.148597,0.003524,0.008627,55.89,56.91,0.000983,0.001181,-0.000198,41.4,49.76,0.001576,66.5,0.05,0.001615,0.001615,24.36,24.53,19.09,12.48,0.0861,1.0,1.0,1.0,False,1.7e-05,4.6e-05,0.000192,1.150512,1.151518,1.152032,1.149998,1.148992,20,2.8,1.149105,1.152585,NO_VOLUME_DATA,1.149802,1.149925,1.150211,1.150301,47.95,45.58,-0.000296,-0.000199,29.11,21.04,0.000648,1.152646,1.148579,1.149822,1.150108,1.149678,1.0,1.0,1.149965,1.149965,1.149535,1.149835,NEW YORK,484193,LOW,1.149965,1.149965,1.149535,1.149835,NEW YORK,484193,LOW,MORNING_STAR,BULLISH,BULLISH,WEAK,AT_PIVOT,LOW_WICK,NEUTRAL,CHAOTIC,NONE,TESTING_PIVOT,NORMAL,56,23,24.762550881955708,50,NEUTRAL,False,70,['MORNING_STAR'],1,20,BULLISH,BULLISH,60,False,NONE,0,False,False,False,60,False,0,100,UP,NONE,NONE,0,True,100,55,45,80,False,True,NEUTRAL,70,False,0.0,NONE,False,NONE,False,False,0,False,60,6.336633663365801,4.656052868729892,50.0,20,POOR,False,75,62,-0.10626342844356694,4,80.0,True,RANDOM,70,42.149052406126,9.48551631485544,False,NONE,False,False,False,100,True,70,UP,40,CHOPPY,HIGH,UP,40,0.0861,CHOPPY,65,30,60,NORMAL,BEARISH,60,30,70,HIGH,73,40,60,0.05,False,80,0.40848498898806074,62.8,RANGING,90,False,NONE,1.149105,1.151518,1.150512,FAR,30,50,85,DOWN,UP,UP,66,UP,UP,DOWN,True,"['M1', 'M5', 'M15']",66,66,SIDEWAY_RANGE,SIDEWAY_RANGE,50,60,True,29,Price ranging between clear levels. Suitable for mean-reversion strategies.,MEDIUM,WAIT,5,1.0,0.5,False,False,True,True,0.3,0.3,True,False,False,22,True,,,,SIDEWAY_RANGE,Price ranging between clear levels. Suitable for mean-reversion strategies.,HIGH,NONE_OTC,0.137,[],True,,รอการวิเคราะห์จาก AI,66,60,MEDIUM,รอการวิเคราะห์จาก AI,รอการวิเคราะห์จาก AI,รอการวิเคราะห์จาก AI
2026-07-02 22:44:00,1.149835,1.149965,1.149535,1.149965,1.0,EURUSD-OTC,BULLISH,1.15059,1.150512,1.149894,1.148149,1.147724,1.148245,BULLISH,1.152122,1.148597,0.003524,0.008627,55.89,56.91,0.000983,0.001181,-0.000198,41.4,49.76,0.001576,66.5,0.05,0.001615,0.001615,24.36,24.53,19.09,12.48,0.0861,1.0,1.0,1.0,False,1.7e-05,4.6e-05,0.000192,1.150512,1.151518,1.152032,1.149998,1.148992,20,2.8,1.149105,1.152585,NO_VOLUME_DATA,1.149802,1.149925,1.150211,1.150301,47.95,45.58,-0.000296,-0.000199,29.11,21.04,0.000648,1.152646,1.148579,1.149822,1.150108,1.149678,1.0,1.0,1.149965,1.149965,1.149535,1.149835,NEW YORK,543555,LOW,1.149965,1.149965,1.149535,1.149835,NEW YORK,543555,LOW,MORNING_STAR,BULLISH,BULLISH,WEAK,AT_PIVOT,LOW_WICK,NEUTRAL,CHAOTIC,NONE,TESTING_PIVOT,NORMAL,56,23,24.762550881955708,50,NEUTRAL,False,70,['MORNING_STAR'],1,20,BULLISH,BULLISH,60,False,NONE,0,False,False,False,60,False,0,100,UP,NONE,NONE,0,True,100,55,45,80,False,True,NEUTRAL,70,False,0.0,NONE,False,NONE,False,False,0,False,60,6.336633663365801,4.656052868729892,50.0,20,POOR,False,75,62,-0.10626342844356694,4,80.0,True,RANDOM,70,42.149052406126,9.48551631485544,False,NONE,False,False,False,100,True,70,UP,40,CHOPPY,HIGH,UP,40,0.0861,CHOPPY,65,30,60,NORMAL,BEARISH,60,30,70,HIGH,73,40,60,0.05,False,80,0.40848498898806074,62.8,RANGING,90,False,NONE,1.149105,1.151518,1.150512,FAR,30,50,85,DOWN,UP,UP,66,UP,UP,DOWN,True,"['M1', 'M5', 'M15']",66,66,SIDEWAY_RANGE,SIDEWAY_RANGE,50,60,True,29,Price ranging between clear levels. Suitable for mean-reversion strategies.,MEDIUM,WAIT,5,1.0,0.5,False,False,True,True,0.3,0.3,True,False,False,22,True,,,,SIDEWAY_RANGE,Price ranging between clear levels. Suitable for mean-reversion strategies.,HIGH,NONE_OTC,0.137,[],True,,รอการวิเคราะห์จาก AI,66,60,MEDIUM,รอการวิเคราะห์จาก AI,รอการวิเคราะห์จาก AI,รอการวิเคราะห์จาก AI
2026-07-02 22:45:00,1.150965,1.151455,1.150825,1.151195,1.0,EURUSD-OTC,BULLISH,1.150972,1.150734,1.150069,1.148289,1.147767,1.148014,BULLISH,1.152281,1.148666,0.003616,0.00861,61.16,59.41,0.001015,0.001148,-0.000133,56.23,47.82,0.001542,43.0,-0.41,0.001603,0.001632,24.09,27.49,18.11,20.57,0.0704,1.0,1.0,1.0,False,3.4e-05,5.2e-05,0.000196,1.151498,1.152172,1.152608,1.151062,1.150388,21,2.87,1.148995,1.152585,NO_VOLUME_DATA,1.15075,1.150479,1.150423,1.150377,69.14,58.93,7e-06,-0.000136,87.82,70.3,0.000664,1.151822,1.14881,1.151158,1.151492,1.150862,1.0,1.0,1.151195,1.151455,1.150825,1.150965,NEW YORK,305728,LOW,1.151195,1.151455,1.150825,1.150965,NEW YORK,305728,LOW,NONE,BULLISH,BULLISH,WEAK,AT_PIVOT,LOW_WICK,NEUTRAL,CHAOTIC,NONE,TESTING_PIVOT,NORMAL,56,23,25.092874029045976,50,NEUTRAL,False,70,[],0,0,NEUTRAL,BULLISH,40,False,NONE,0,False,False,False,60,False,0,100,UP,NONE,NONE,0,True,100,55,45,80,False,True,NEUTRAL,70,False,0.0,NONE,False,NONE,False,False,0,False,60,11.035818005808313,1.9963702359343316,55.00000000000001,22,POOR,False,75,62,-0.09301411601740128,3,80.0,True,RANDOM,70,43.61405134283933,8.765163696029557,False,NONE,False,False,False,100,True,70,UP,60,CORRECTIVE,NORMAL,UP,60,0.0704,CORRECTIVE,55,30,50,NORMAL,BEARISH,60,30,70,NORMAL,58,55,45,-0.41,False,80,0.4199767711962834,81.6,RANGING,90,False,NONE,1.148995,1.152172,1.151498,FAR,30,50,85,UP,UP,UP,100,UP,UP,UP,False,"['M1', 'M5', 'M15']",100,100,SIDEWAY_RANGE,SIDEWAY_RANGE,53,60,True,30,Price ranging between clear levels. Suitable for mean-reversion strategies.,MEDIUM,WAIT,5,1.0,0.5,False,False,True,True,0.3,0.3,True,False,False,18,True,,,,SIDEWAY_RANGE,Price ranging between clear levels. Suitable for mean-reversion strategies.,NORMAL,NONE_OTC,0.134,[],True,,รอการวิเคราะห์จาก AI,100,60,MEDIUM,รอการวิเคราะห์จาก AI,รอการวิเคราะห์จาก AI,รอการวิเคราะห์จาก AI
2026-07-02 22:46:00,1.150965,1.151455,1.150825,1.151195,1.0,EURUSD-OTC,BULLISH,1.150972,1.150734,1.150069,1.148289,1.147767,1.148014,BULLISH,1.152281,1.148666,0.003616,0.00861,61.16,59.41,0.001015,0.001148,-0.000133,56.23,47.82,0.001542,43.0,-0.41,0.001603,0.001632,24.09,27.49,18.11,20.57,0.0704,1.0,1.0,1.0,False,3.4e-05,5.2e-05,0.000196,1.151498,1.152172,1.152608,1.151062,1.150388,21,2.87,1.148995,1.152585,NO_VOLUME_DATA,1.15075,1.150479,1.150423,1.150376,69.14,58.93,7e-06,-0.000136,87.82,70.3,0.000664,1.151822,1.14881,1.151158,1.151492,1.150862,1.0,1.0,1.151195,1.151455,1.150825,1.150965,NEW YORK,364262,LOW,1.151195,1.151455,1.150825,1.150965,NEW YORK,364262,LOW,NONE,BULLISH,BULLISH,WEAK,AT_PIVOT,LOW_WICK,NEUTRAL,CHAOTIC,NONE,TESTING_PIVOT,NORMAL,56,23,25.092874029045976,50,NEUTRAL,False,70,[],0,0,NEUTRAL,BULLISH,40,False,NONE,0,False,False,False,60,False,0,100,UP,NONE,NONE,0,True,100,55,45,80,False,True,NEUTRAL,70,False,0.0,NONE,False,NONE,False,False,0,False,60,11.035818005808313,1.9963702359343316,55.00000000000001,22,POOR,False,75,62,-0.09301411601740128,3,80.0,True,RANDOM,70,43.61405134283933,8.765163696029557,False,NONE,False,False,False,100,True,70,UP,60,CORRECTIVE,NORMAL,UP,60,0.0704,CORRECTIVE,55,30,50,NORMAL,BEARISH,60,30,70,NORMAL,58,55,45,-0.41,False,80,0.4199767711962834,81.6,RANGING,90,False,NONE,1.148995,1.152172,1.151498,FAR,30,50,85,UP,UP,UP,100,UP,UP,UP,False,"['M1', 'M5', 'M15']",100,100,SIDEWAY_RANGE,SIDEWAY_RANGE,53,60,True,30,Price ranging between clear levels. Suitable for mean-reversion strategies.,MEDIUM,WAIT,5,1.0,0.5,False,False,True,True,0.3,0.3,True,False,False,18,True,,,,SIDEWAY_RANGE,Price ranging between clear levels. Suitable for mean-reversion strategies.,NORMAL,NONE_OTC,0.134,[],True,,รอการวิเคราะห์จาก AI,100,60,MEDIUM,รอการวิเคราะห์จาก AI,รอการวิเคราะห์จาก AI,รอการวิเคราะห์จาก AI
2026-07-02 22:47:00,1.150965,1.151455,1.150825,1.151195,1.0,EURUSD-OTC,BULLISH,1.150972,1.150734,1.150069,1.148289,1.147767,1.148014,BULLISH,1.152281,1.148666,0.003616,0.00861,61.16,59.41,0.001015,0.001148,-0.000133,56.23,47.82,0.001542,43.0,-0.41,0.001603,0.001632,24.09,27.49,18.11,20.57,0.0704,1.0,1.0,1.0,False,3.4e-05,5.2e-05,0.000196,1.151498,1.152172,1.152608,1.151062,1.150388,21,2.87,1.148995,1.152585,NO_VOLUME_DATA,1.15075,1.150479,1.150423,1.150376,69.14,58.93,7e-06,-0.000136,87.82,70.3,0.000664,1.151822,1.14881,1.151158,1.151492,1.150862,1.0,1.0,1.151195,1.151455,1.150825,1.150965,NEW YORK,423659,LOW,1.151195,1.151455,1.150825,1.150965,NEW YORK,423659,LOW,NONE,BULLISH,BULLISH,WEAK,AT_PIVOT,LOW_WICK,NEUTRAL,CHAOTIC,NONE,TESTING_PIVOT,NORMAL,56,23,25.092874029045976,50,NEUTRAL,False,70,[],0,0,NEUTRAL,BULLISH,40,False,NONE,0,False,False,False,60,False,0,100,UP,NONE,NONE,0,True,100,55,45,80,False,True,NEUTRAL,70,False,0.0,NONE,False,NONE,False,False,0,False,60,11.035818005808313,1.9963702359343316,55.00000000000001,22,POOR,False,75,62,-0.09301411601740128,3,80.0,True,RANDOM,70,43.61405134283933,8.765163696029557,False,NONE,False,False,False,100,True,70,UP,60,CORRECTIVE,NORMAL,UP,60,0.0704,CORRECTIVE,55,30,50,NORMAL,BEARISH,60,30,70,NORMAL,58,55,45,-0.41,False,80,0.4199767711962834,81.6,RANGING,90,False,NONE,1.148995,1.152172,1.151498,FAR,30,50,85,UP,UP,UP,100,UP,UP,UP,False,"['M1', 'M5', 'M15']",100,100,SIDEWAY_RANGE,SIDEWAY_RANGE,53,60,True,30,Price ranging between clear levels. Suitable for mean-reversion strategies.,MEDIUM,WAIT,5,1.0,0.5,False,False,True,True,0.3,0.3,True,False,False,18,True,,,,SIDEWAY_RANGE,Price ranging between clear levels. Suitable for mean-reversion strategies.,NORMAL,NONE_OTC,0.134,[],True,,รอการวิเคราะห์จาก AI,100,60,MEDIUM,รอการวิเคราะห์จาก AI,รอการวิเคราะห์จาก AI,รอการวิเคราะห์จาก AI
2026-07-02 22:48:00,1.150965,1.151455,1.150825,1.151195,1.0,EURUSD-OTC,BULLISH,1.150972,1.150734,1.150069,1.148289,1.147767,1.148014,BULLISH,1.152281,1.148666,0.003616,0.00861,61.16,59.41,0.001015,0.001148,-0.000133,56.23,47.82,0.001542,43.0,-0.41,0.001603,0.001632,24.09,27.49,18.11,20.57,0.0704,1.0,1.0,1.0,False,3.4e-05,5.2e-05,0.000196,1.151498,1.152172,1.152608,1.151062,1.150388,21,2.87,1.148995,1.152585,NO_VOLUME_DATA,1.15075,1.150479,1.150423,1.150376,69.14,58.93,7e-06,-0.000136,87.82,70.3,0.000664,1.151822,1.14881,1.151158,1.151492,1.150862,1.0,1.0,1.151195,1.151455,1.150825,1.150965,NEW YORK,484093,LOW,1.151195,1.151455,1.150825,1.150965,NEW YORK,484093,LOW,NONE,BULLISH,BULLISH,WEAK,AT_PIVOT,LOW_WICK,NEUTRAL,CHAOTIC,NONE,TESTING_PIVOT,NORMAL,56,23,25.092874029045976,50,NEUTRAL,False,70,[],0,0,NEUTRAL,BULLISH,40,False,NONE,0,False,False,False,60,False,0,100,UP,NONE,NONE,0,True,100,55,45,80,False,True,NEUTRAL,70,False,0.0,NONE,False,NONE,False,False,0,False,60,11.035818005808313,1.9963702359343316,55.00000000000001,22,POOR,False,75,62,-0.09301411601740128,3,80.0,True,RANDOM,70,43.61405134283933,8.765163696029557,False,NONE,False,False,False,100,True,70,UP,60,CORRECTIVE,NORMAL,UP,60,0.0704,CORRECTIVE,55,30,50,NORMAL,BEARISH,60,30,70,NORMAL,58,55,45,-0.41,False,80,0.4199767711962834,81.6,RANGING,90,False,NONE,1.148995,1.152172,1.151498,FAR,30,50,85,UP,UP,UP,100,UP,UP,UP,False,"['M1', 'M5', 'M15']",100,100,SIDEWAY_RANGE,SIDEWAY_RANGE,53,60,True,30,Price ranging between clear levels. Suitable for mean-reversion strategies.,MEDIUM,WAIT,5,1.0,0.5,False,False,True,True,0.3,0.3,True,False,False,18,True,,,,SIDEWAY_RANGE,Price ranging between clear levels. Suitable for mean-reversion strategies.,NORMAL,NONE_OTC,0.134,[],True,,รอการวิเคราะห์จาก AI,100,60,MEDIUM,รอการวิเคราะห์จาก AI,รอการวิเคราะห์จาก AI,รอการวิเคราะห์จาก AI
2026-07-02 22:49:00,1.150965,1.151455,1.150825,1.151195,1.0,EURUSD-OTC,BULLISH,1.150972,1.150734,1.150069,1.148289,1.147767,1.148014,BULLISH,1.152281,1.148666,0.003616,0.00861,61.16,59.41,0.001015,0.001148,-0.000133,56.23,47.82,0.001542,43.0,-0.41,0.001603,0.001632,24.09,27.49,18.11,20.57,0.0704,1.0,1.0,1.0,False,3.4e-05,5.2e-05,0.000196,1.151498,1.152172,1.152608,1.151062,1.150388,21,2.87,1.148995,1.152585,NO_VOLUME_DATA,1.15075,1.150479,1.150423,1.150376,69.14,58.93,7e-06,-0.000136,87.82,70.3,0.000664,1.151822,1.14881,1.151158,1.151492,1.150862,1.0,1.0,1.151195,1.151455,1.150825,1.150965,NEW YORK,544492,LOW,1.151195,1.151455,1.150825,1.150965,NEW YORK,544492,LOW,NONE,BULLISH,BULLISH,WEAK,AT_PIVOT,LOW_WICK,NEUTRAL,CHAOTIC,NONE,TESTING_PIVOT,NORMAL,56,23,25.092874029045976,50,NEUTRAL,False,70,[],0,0,NEUTRAL,BULLISH,40,False,NONE,0,False,False,False,60,False,0,100,UP,NONE,NONE,0,True,100,55,45,80,False,True,NEUTRAL,70,False,0.0,NONE,False,NONE,False,False,0,False,60,11.035818005808313,1.9963702359343316,55.00000000000001,22,POOR,False,75,62,-0.09301411601740128,3,80.0,True,RANDOM,70,43.61405134283933,8.765163696029557,False,NONE,False,False,False,100,True,70,UP,60,CORRECTIVE,NORMAL,UP,60,0.0704,CORRECTIVE,55,30,50,NORMAL,BEARISH,60,30,70,NORMAL,58,55,45,-0.41,False,80,0.4199767711962834,81.6,RANGING,90,False,NONE,1.148995,1.152172,1.151498,FAR,30,50,85,UP,UP,UP,100,UP,UP,UP,False,"['M1', 'M5', 'M15']",100,100,SIDEWAY_RANGE,SIDEWAY_RANGE,53,60,True,30,Price ranging between clear levels. Suitable for mean-reversion strategies.,MEDIUM,WAIT,5,1.0,0.5,False,False,True,True,0.3,0.3,True,False,False,18,True,,,,SIDEWAY_RANGE,Price ranging between clear levels. Suitable for mean-reversion strategies.,NORMAL,NONE_OTC,0.134,[],True,,รอการวิเคราะห์จาก AI,100,60,MEDIUM,รอการวิเคราะห์จาก AI,รอการวิเคราะห์จาก AI,รอการวิเคราะห์จาก AI
2026-07-02 22:50:00,1.151755,1.152185,1.151705,1.151955,1.0,EURUSD-OTC,BULLISH,1.151529,1.151082,1.150314,1.14846,1.14788,1.148177,BULLISH,1.15258,1.148524,0.004057,0.008599,66.91,62.34,0.001101,0.001139,-3.8e-05,77.62,58.42,0.001514,48.5,-0.27,0.00159,0.001646,24.35,30.3,17.14,27.76,0.2191,1.0,1.0,1.0,False,0.00014,9.2e-05,0.000201,1.152398,1.153092,1.153538,1.151952,1.151258,22,3.09,1.148995,1.152585,NO_VOLUME_DATA,1.151551,1.151185,1.150867,1.150585,79.63,66.04,0.000297,9.1e-05,93.06,92.25,0.000609,1.152041,1.148732,1.151948,1.152192,1.151712,1.0,1.0,1.151955,1.152185,1.151705,1.151755,NEW YORK,305262,LOW,1.151955,1.152185,1.151705,1.151755,NEW YORK,305262,LOW,NONE,BULLISH,BULLISH,WEAK,AT_PIVOT,LOW_WICK,NEUTRAL,CHAOTIC,NONE,TESTING_PIVOT,NORMAL,56,23,24.60910944935502,50,NEUTRAL,False,70,[],0,0,NEUTRAL,BULLISH,40,False,NONE,0,False,False,False,60,False,0,100,UP,NONE,NONE,0,True,100,55,45,80,False,True,NEUTRAL,70,False,0.0,NONE,True,BEARISH,False,True,50,False,70,7.869674185462763,5.9133126934980895,55.00000000000001,22,POOR,False,75,62,-0.0837771586579057,4,80.0,True,RANDOM,70,43.001187389690465,10.406363195208282,True,STRUCTURE_BREAK,False,False,True,70,True,70,UP,100,IMPULSIVE,NORMAL,UP,100,0.2191,IMPULSIVE,90,30,95,NORMAL,BEARISH,65,30,75,NORMAL,58,55,45,-0.27,False,80,0.4717990464007442,77.2,RANGING,90,False,NONE,1.148995,1.152585,1.152398,FAR,30,50,85,UP,UP,UP,100,UP,UP,UP,False,"['M1', 'M5', 'M15']",100,100,SIDEWAY_RANGE,SIDEWAY_RANGE,52,60,True,30,Price ranging between clear levels. Suitable for mean-reversion strategies.,MEDIUM,WAIT,5,1.0,0.5,False,False,True,True,0.3,0.3,True,False,False,18,True,,,,SIDEWAY_RANGE,Price ranging between clear levels. Suitable for mean-reversion strategies.,NORMAL,NONE_OTC,0.131,[],True,,รอการวิเคราะห์จาก AI,100,60,MEDIUM,รอการวิเคราะห์จาก AI,รอการวิเคราะห์จาก AI,รอการวิเคราะห์จาก AI
2026-07-02 22:51:00,1.151755,1.152185,1.151705,1.151955,1.0,EURUSD-OTC,BULLISH,1.151529,1.151082,1.150314,1.14846,1.14788,1.148177,BULLISH,1.15258,1.148524,0.004057,0.008599,66.91,62.34,0.001101,0.001139,-3.8e-05,77.62,58.42,0.001514,48.5,-0.27,0.00159,0.001646,24.35,30.3,17.14,27.76,0.2191,1.0,1.0,1.0,False,0.00014,9.2e-05,0.000201,1.152398,1.153092,1.153538,1.151952,1.151258,22,3.09,1.148995,1.152585,NO_VOLUME_DATA,1.151551,1.151185,1.150867,1.150585,79.63,66.04,0.000297,9.1e-05,93.06,92.25,0.000609,1.152041,1.148732,1.151948,1.152192,1.151712,1.0,1.0,1.151955,1.152185,1.151705,1.151755,NEW YORK,364146,LOW,1.151955,1.152185,1.151705,1.151755,NEW YORK,364146,LOW,NONE,BULLISH,BULLISH,WEAK,AT_PIVOT,LOW_WICK,NEUTRAL,CHAOTIC,NONE,TESTING_PIVOT,NORMAL,56,23,24.60910944935502,50,NEUTRAL,False,70,[],0,0,NEUTRAL,BULLISH,40,False,NONE,0,False,False,False,60,False,0,100,UP,NONE,NONE,0,True,100,55,45,80,False,True,NEUTRAL,70,False,0.0,NONE,True,BEARISH,False,True,50,False,70,7.869674185462763,5.9133126934980895,55.00000000000001,22,POOR,False,75,62,-0.0837771586579057,4,80.0,True,RANDOM,70,43.001187389690465,10.406363195208282,True,STRUCTURE_BREAK,False,False,True,70,True,70,UP,100,IMPULSIVE,NORMAL,UP,100,0.2191,IMPULSIVE,90,30,95,NORMAL,BEARISH,65,30,75,NORMAL,58,55,45,-0.27,False,80,0.4717990464007442,77.2,RANGING,90,False,NONE,1.148995,1.152585,1.152398,FAR,30,50,85,UP,UP,UP,100,UP,UP,UP,False,"['M1', 'M5', 'M15']",100,100,TRENDING_STRONG,TRENDING_STRONG,52,75,True,30,Strong directional trend with high momentum. Favorable for trend-following strategies.,MEDIUM,PREPARE_TO_TRADE,5,1.0,0.5,False,False,True,True,0.3,0.3,True,False,False,18,True,,,,TRENDING_STRONG,Strong directional trend with high momentum. Favorable for trend-following strategies.,NORMAL,NONE_OTC,0.131,[],True,,รอการวิเคราะห์จาก AI,100,75,MEDIUM,รอการวิเคราะห์จาก AI,รอการวิเคราะห์จาก AI,รอการวิเคราะห์จาก AI
2026-07-02 22:52:00,1.151755,1.152185,1.151705,1.151955,1.0,EURUSD-OTC,BULLISH,1.151529,1.151082,1.150314,1.14846,1.14788,1.148177,BULLISH,1.15258,1.148524,0.004057,0.008599,66.91,62.34,0.001101,0.001139,-3.8e-05,77.62,58.42,0.001514,48.5,-0.27,0.00159,0.001646,24.35,30.3,17.14,27.76,0.2191,1.0,1.0,1.0,False,0.00014,9.2e-05,0.000201,1.152398,1.153092,1.153538,1.151952,1.151258,22,3.09,1.148995,1.152585,NO_VOLUME_DATA,1.151551,1.151185,1.150867,1.150585,79.63,66.04,0.000297,9.1e-05,93.06,92.25,0.000609,1.152041,1.148732,1.151948,1.152192,1.151712,1.0,1.0,1.151955,1.152185,1.151705,1.151755,NEW YORK,423666,LOW,1.151955,1.152185,1.151705,1.151755,NEW YORK,423666,LOW,NONE,BULLISH,BULLISH,WEAK,AT_PIVOT,LOW_WICK,NEUTRAL,CHAOTIC,NONE,TESTING_PIVOT,NORMAL,56,23,24.60910944935502,50,NEUTRAL,False,70,[],0,0,NEUTRAL,BULLISH,40,False,NONE,0,False,False,False,60,False,0,100,UP,NONE,NONE,0,True,100,55,45,80,False,True,NEUTRAL,70,False,0.0,NONE,True,BEARISH,False,True,50,False,70,7.869674185462763,5.9133126934980895,55.00000000000001,22,POOR,False,75,62,-0.0837771586579057,4,80.0,True,RANDOM,70,43.001187389690465,10.406363195208282,True,STRUCTURE_BREAK,False,False,True,70,True,70,UP,100,IMPULSIVE,NORMAL,UP,100,0.2191,IMPULSIVE,90,30,95,NORMAL,BEARISH,65,30,75,NORMAL,58,55,45,-0.27,False,80,0.4717990464007442,77.2,RANGING,90,False,NONE,1.148995,1.152585,1.152398,FAR,30,50,85,UP,UP,UP,100,UP,UP,UP,False,"['M1', 'M5', 'M15']",100,100,SIDEWAY_RANGE,SIDEWAY_RANGE,52,60,True,30,Price ranging between clear levels. Suitable for mean-reversion strategies.,MEDIUM,WAIT,5,1.0,0.5,False,False,True,True,0.3,0.3,True,False,False,18,True,,,,SIDEWAY_RANGE,Price ranging between clear levels. Suitable for mean-reversion strategies.,NORMAL,NONE_OTC,0.131,[],True,,รอการวิเคราะห์จาก AI,100,60,MEDIUM,รอการวิเคราะห์จาก AI,รอการวิเคราะห์จาก AI,รอการวิเคราะห์จาก AI
2026-07-02 22:53:00,1.151755,1.152185,1.151705,1.151955,1.0,EURUSD-OTC,BULLISH,1.151529,1.151082,1.150314,1.14846,1.14788,1.148177,BULLISH,1.15258,1.148524,0.004057,0.008599,66.91,62.34,0.001101,0.001139,-3.8e-05,77.62,58.42,0.001514,48.5,-0.27,0.00159,0.001646,24.35,30.3,17.14,27.76,0.2191,1.0,1.0,1.0,False,0.00014,9.2e-05,0.000201,1.152398,1.153092,1.153538,1.151952,1.151258,22,3.09,1.148995,1.152585,NO_VOLUME_DATA,1.151551,1.151185,1.150867,1.150585,79.63,66.04,0.000297,9.1e-05,93.06,92.25,0.000609,1.152041,1.148732,1.151948,1.152192,1.151712,1.0,1.0,1.151955,1.152185,1.151705,1.151755,NEW YORK,484219,LOW,1.151955,1.152185,1.151705,1.151755,NEW YORK,484219,LOW,NONE,BULLISH,BULLISH,WEAK,AT_PIVOT,LOW_WICK,NEUTRAL,CHAOTIC,NONE,TESTING_PIVOT,NORMAL,56,23,24.60910944935502,50,NEUTRAL,False,70,[],0,0,NEUTRAL,BULLISH,40,False,NONE,0,False,False,False,60,False,0,100,UP,NONE,NONE,0,True,100,55,45,80,False,True,NEUTRAL,70,False,0.0,NONE,True,BEARISH,False,True,50,False,70,7.869674185462763,5.9133126934980895,55.00000000000001,22,POOR,False,75,62,-0.0837771586579057,4,80.0,True,RANDOM,70,43.001187389690465,10.406363195208282,True,STRUCTURE_BREAK,False,False,True,70,True,70,UP,100,IMPULSIVE,NORMAL,UP,100,0.2191,IMPULSIVE,90,30,95,NORMAL,BEARISH,65,30,75,NORMAL,58,55,45,-0.27,False,80,0.4717990464007442,77.2,RANGING,90,False,NONE,1.148995,1.152585,1.152398,FAR,30,50,85,UP,UP,UP,100,UP,UP,UP,False,"['M1', 'M5', 'M15']",100,100,TRENDING_STRONG,TRENDING_STRONG,52,75,True,30,Strong directional trend with high momentum. Favorable for trend-following strategies.,MEDIUM,PREPARE_TO_TRADE,5,1.0,0.5,False,False,True,True,0.3,0.3,True,False,False,18,True,,,,TRENDING_STRONG,Strong directional trend with high momentum. Favorable for trend-following strategies.,NORMAL,NONE_OTC,0.131,[],True,,รอการวิเคราะห์จาก AI,100,75,MEDIUM,รอการวิเคราะห์จาก AI,รอการวิเคราะห์จาก AI,รอการวิเคราะห์จาก AI
2026-07-02 22:58:00,1.150775,1.151355,1.150735,1.151095,1.0,EURUSD-OTC,BULLISH,1.151331,1.151101,1.150462,1.148664,1.147935,1.147577,BULLISH,1.15257,1.148809,0.003761,0.008572,54.25,56.03,0.000974,0.001085,-0.000111,68.23,72.98,0.001501,33.2,-0.51,0.001572,0.00166,22.8,26.35,20.24,13.1,-0.0373,1.0,1.0,1.0,False,2.2e-05,8.2e-05,0.000205,1.151205,1.151675,1.151925,1.150955,1.150485,24,3.12,1.148995,1.152845,NO_VOLUME_DATA,1.151162,1.151348,1.151286,1.150931,42.73,48.74,0.000152,0.000283,16.72,18.95,0.000618,1.152785,1.150023,1.151062,1.151388,1.150768,1.0,1.0,1.151095,1.151355,1.150735,1.150775,NEW YORK,184189,LOW,1.151095,1.151355,1.150735,1.150775,NEW YORK,184189,LOW,NONE,BULLISH,BULLISH,WEAK,AT_PIVOT,LOW_WICK,NEUTRAL,CHAOTIC,TRUE,TESTING_PIVOT,NORMAL,57,23,11.437350631615505,50,NEUTRAL,False,70,[],0,0,NEUTRAL,BULLISH,40,True,BULL_TRAP,50,True,False,False,70,False,0,100,UP,NONE,NONE,0,True,100,55,45,80,False,True,NEUTRAL,70,False,0.0,NONE,True,BEARISH,True,True,90,True,70,13.389746142358572,4.464285714285341,60.0,25,POOR,False,75,62,-0.1141021647015535,4,80.0,True,RANDOM,70,41.41958713655859,10.165208968119293,False,NONE,False,False,False,100,True,70,UP,40,CORRECTIVE,NORMAL,UP,40,-0.0373,CORRECTIVE,55,30,50,NORMAL,NONE,60,30,70,NORMAL,58,55,45,-0.51,False,80,0.4387540830611293,89.44,RANGING,90,False,NONE,1.148995,1.151675,1.151205,FAR,30,50,85,NONE,UP,UP,66,UP,UP,NONE,False,"['M1', 'M5', 'M15']",66,66,SIDEWAY_RANGE,SIDEWAY_RANGE,52,60,True,30,Price ranging between clear levels. Suitable for mean-reversion strategies.,MEDIUM,WAIT,5,1.0,0.5,False,False,True,True,0.3,0.3,True,False,False,18,True,,,,SIDEWAY_RANGE,Price ranging between clear levels. Suitable for mean-reversion strategies.,NORMAL,NONE_OTC,0.13,[],True,,รอการวิเคราะห์จาก AI,66,60,MEDIUM,รอการวิเคราะห์จาก AI,รอการวิเคราะห์จาก AI,รอการวิเคราะห์จาก AI
2026-07-02 22:59:00,1.150775,1.151355,1.150735,1.151095,1.0,EURUSD-OTC,BULLISH,1.151331,1.151101,1.150462,1.148664,1.147935,1.147577,BULLISH,1.15257,1.148809,0.003761,0.008572,54.25,56.03,0.000974,0.001085,-0.000111,68.23,72.98,0.001501,33.2,-0.51,0.001572,0.00166,22.8,26.35,20.24,13.1,-0.0373,1.0,1.0,1.0,False,2.2e-05,8.2e-05,0.000205,1.151205,1.151675,1.151925,1.150955,1.150485,24,3.12,1.148995,1.152845,NO_VOLUME_DATA,1.151162,1.151348,1.151286,1.150931,42.73,48.74,0.000152,0.000283,16.72,18.95,0.000618,1.152785,1.150023,1.151062,1.151388,1.150768,1.0,1.0,1.151095,1.151355,1.150735,1.150775,NEW YORK,243634,LOW,1.151095,1.151355,1.150735,1.150775,NEW YORK,243634,LOW,NONE,BULLISH,BULLISH,WEAK,AT_PIVOT,LOW_WICK,NEUTRAL,CHAOTIC,TRUE,TESTING_PIVOT,NORMAL,57,23,11.437350631615505,50,NEUTRAL,False,70,[],0,0,NEUTRAL,BULLISH,40,True,BULL_TRAP,50,True,False,False,70,False,0,100,UP,NONE,NONE,0,True,100,55,45,80,False,True,NEUTRAL,70,False,0.0,NONE,True,BEARISH,True,True,90,True,70,13.389746142358572,4.464285714285341,60.0,25,POOR,False,75,62,-0.1141021647015535,4,80.0,True,RANDOM,70,41.41958713655859,10.165208968119293,False,NONE,False,False,False,100,True,70,UP,40,CORRECTIVE,NORMAL,UP,40,-0.0373,CORRECTIVE,55,30,50,NORMAL,NONE,60,30,70,NORMAL,58,55,45,-0.51,False,80,0.4387540830611293,89.44,RANGING,90,False,NONE,1.148995,1.151675,1.151205,FAR,30,50,85,NONE,UP,UP,66,UP,UP,NONE,False,"['M1', 'M5', 'M15']",66,66,SIDEWAY_RANGE,SIDEWAY_RANGE,52,60,True,30,Price ranging between clear levels. Suitable for mean-reversion strategies.,MEDIUM,WAIT,5,1.0,0.5,False,False,True,True,0.3,0.3,True,False,False,18,True,,,,SIDEWAY_RANGE,Price ranging between clear levels. Suitable for mean-reversion strategies.,NORMAL,NONE_OTC,0.13,[],True,,รอการวิเคราะห์จาก AI,66,60,MEDIUM,รอการวิเคราะห์จาก AI,รอการวิเคราะห์จาก AI,รอการวิเคราะห์จาก AI
2026-07-02 23:00:00,1.150775,1.151355,1.150735,1.151095,1.0,EURUSD-OTC,BULLISH,1.151205,1.151032,1.150425,1.14865,1.14801,1.14831,BULLISH,1.152528,1.148813,0.003716,0.008572,51.51,54.72,0.000944,0.001079,-0.000135,64.94,71.89,0.001527,41.5,-0.34,0.001575,0.00166,22.8,25.9,19.9,13.1,-0.0703,1.0,1.0,1.0,False,1e-06,7.7e-05,0.000204,1.151198,1.151662,1.152278,1.150582,1.150118,24,3.06,1.148995,1.152845,NO_VOLUME_DATA,1.151162,1.151348,1.151286,1.150931,42.73,48.74,0.000152,0.000283,16.72,18.95,0.000618,1.152785,1.150023,1.151062,1.151388,1.150768,1.0,1.0,1.151095,1.151355,1.150735,1.150775,NEW YORK,305640,STALE,1.151095,1.151355,1.150735,1.150775,NEW YORK,305640,STALE,SHOOTING_STAR,BULLISH,BULLISH,WEAK,AT_PIVOT,LOW_WICK,NEUTRAL,CHAOTIC,TRUE,TESTING_PIVOT,NORMAL,55,23,10.273261847112899,50,NEUTRAL,False,70,['SHOOTING_STAR'],1,20,BEARISH,BULLISH,60,True,BULL_TRAP,75,True,False,True,70,False,0,100,UP,NONE,NONE,0,True,100,55,45,80,False,True,NEUTRAL,70,False,0.0,NONE,True,BEARISH,True,True,90,True,70,11.719939117199365,3.2156368221943357,60.0,24,POOR,False,75,62,-0.10067407365815266,4,80.0,True,RANDOM,70,42.191136016448404,8.923703916386895,False,NONE,False,False,False,100,True,70,UP,20,CHOPPY,NORMAL,UP,20,-0.0703,CHOPPY,55,30,50,NORMAL,NONE,60,30,70,NORMAL,58,55,45,-0.34,False,80,0.4335044330377975,82.8,RANGING,90,False,NONE,1.148995,1.151662,1.151198,FAR,30,50,85,NONE,UP,UP,66,UP,UP,NONE,False,"['M1', 'M5', 'M15']",66,66,SIDEWAY_RANGE,SIDEWAY_RANGE,50,60,True,30,Price ranging between clear levels. Suitable for mean-reversion strategies.,MEDIUM,WAIT,5,1.0,0.5,False,False,True,True,0.3,0.3,True,False,False,18,True,,,,SIDEWAY_RANGE,Price ranging between clear levels. Suitable for mean-reversion strategies.,NORMAL,NONE_OTC,0.133,[],True,,รอการวิเคราะห์จาก AI,66,60,MEDIUM,รอการวิเคราะห์จาก AI,รอการวิเคราะห์จาก AI,รอการวิเคราะห์จาก AI
2026-07-02 23:01:00,1.150775,1.151355,1.150735,1.151095,1.0,EURUSD-OTC,BULLISH,1.151205,1.151032,1.150425,1.14865,1.14801,1.14831,BULLISH,1.152528,1.148813,0.003716,0.008572,51.51,54.72,0.000944,0.001079,-0.000135,64.94,71.89,0.001527,41.5,-0.34,0.001575,0.00166,22.8,25.9,19.9,13.1,-0.0703,1.0,1.0,1.0,False,1e-06,7.7e-05,0.000204,1.151198,1.151662,1.152278,1.150582,1.150118,24,3.06,1.148995,1.152845,NO_VOLUME_DATA,1.151162,1.151348,1.151286,1.150931,42.73,48.74,0.000152,0.000283,16.72,18.95,0.000618,1.152785,1.150023,1.151062,1.151388,1.150768,1.0,1.0,1.151095,1.151355,1.150735,1.150775,NEW YORK,364378,STALE,1.151095,1.151355,1.150735,1.150775,NEW YORK,364378,STALE,SHOOTING_STAR,BULLISH,BULLISH,WEAK,AT_PIVOT,LOW_WICK,NEUTRAL,CHAOTIC,TRUE,TESTING_PIVOT,NORMAL,55,23,10.273261847112899,50,NEUTRAL,False,70,['SHOOTING_STAR'],1,20,BEARISH,BULLISH,60,True,BULL_TRAP,75,True,False,True,70,False,0,100,UP,NONE,NONE,0,True,100,55,45,80,False,True,NEUTRAL,70,False,0.0,NONE,True,BEARISH,True,True,90,True,70,11.719939117199365,3.2156368221943357,60.0,24,POOR,False,75,62,-0.10067407365815266,4,80.0,True,RANDOM,70,42.191136016448404,8.923703916386895,False,NONE,False,False,False,100,True,70,UP,20,CHOPPY,NORMAL,UP,20,-0.0703,CHOPPY,55,30,50,NORMAL,NONE,60,30,70,NORMAL,58,55,45,-0.34,False,80,0.4335044330377975,82.8,RANGING,90,False,NONE,1.148995,1.151662,1.151198,FAR,30,50,85,NONE,UP,UP,66,UP,UP,NONE,False,"['M1', 'M5', 'M15']",66,66,SIDEWAY_RANGE,SIDEWAY_RANGE,50,60,True,30,Price ranging between clear levels. Suitable for mean-reversion strategies.,MEDIUM,WAIT,5,1.0,0.5,False,False,True,True,0.3,0.3,True,False,False,18,True,,,,SIDEWAY_RANGE,Price ranging between clear levels. Suitable for mean-reversion strategies.,NORMAL,NONE_OTC,0.133,[],True,,รอการวิเคราะห์จาก AI,66,60,MEDIUM,รอการวิเคราะห์จาก AI,รอการวิเคราะห์จาก AI,รอการวิเคราะห์จาก AI
2026-07-02 23:02:00,1.150775,1.151355,1.150735,1.151095,1.0,EURUSD-OTC,BULLISH,1.151205,1.151032,1.150425,1.14865,1.14801,1.14831,BULLISH,1.152528,1.148813,0.003716,0.008572,51.51,54.72,0.000944,0.001079,-0.000135,64.94,71.89,0.001527,41.5,-0.34,0.001575,0.00166,22.8,25.9,19.9,13.1,-0.0703,1.0,1.0,1.0,False,1e-06,7.7e-05,0.000204,1.151198,1.151662,1.152278,1.150582,1.150118,24,3.06,1.148995,1.152845,NO_VOLUME_DATA,1.151162,1.151348,1.151286,1.150931,42.73,48.74,0.000152,0.000283,16.72,18.95,0.000618,1.152785,1.150023,1.151062,1.151388,1.150768,1.0,1.0,1.151095,1.151355,1.150735,1.150775,NEW YORK,424114,STALE,1.151095,1.151355,1.150735,1.150775,NEW YORK,424114,STALE,SHOOTING_STAR,BULLISH,BULLISH,WEAK,AT_PIVOT,LOW_WICK,NEUTRAL,CHAOTIC,TRUE,TESTING_PIVOT,NORMAL,55,23,10.273261847112899,50,NEUTRAL,False,70,['SHOOTING_STAR'],1,20,BEARISH,BULLISH,60,True,BULL_TRAP,75,True,False,True,70,False,0,100,UP,NONE,NONE,0,True,100,55,45,80,False,True,NEUTRAL,70,False,0.0,NONE,True,BEARISH,True,True,90,True,70,11.719939117199365,3.2156368221943357,60.0,24,POOR,False,75,62,-0.10067407365815266,4,80.0,True,RANDOM,70,42.191136016448404,8.923703916386895,False,NONE,False,False,False,100,True,70,UP,20,CHOPPY,NORMAL,UP,20,-0.0703,CHOPPY,55,30,50,NORMAL,NONE,60,30,70,NORMAL,58,55,45,-0.34,False,80,0.4335044330377975,82.8,RANGING,90,False,NONE,1.148995,1.151662,1.151198,FAR,30,50,85,NONE,UP,UP,66,UP,UP,NONE,False,"['M1', 'M5', 'M15']",66,66,SIDEWAY_RANGE,SIDEWAY_RANGE,50,60,True,30,Price ranging between clear levels. Suitable for mean-reversion strategies.,MEDIUM,WAIT,5,1.0,0.5,False,False,True,True,0.3,0.3,True,False,False,18,True,,,,SIDEWAY_RANGE,Price ranging between clear levels. Suitable for mean-reversion strategies.,NORMAL,NONE_OTC,0.133,[],True,,รอการวิเคราะห์จาก AI,66,60,MEDIUM,รอการวิเคราะห์จาก AI,รอการวิเคราะห์จาก AI,รอการวิเคราะห์จาก AI
2026-07-02 23:03:00,1.150775,1.151355,1.150735,1.151095,1.0,EURUSD-OTC,BULLISH,1.151205,1.151032,1.150425,1.14865,1.14801,1.14831,BULLISH,1.152528,1.148813,0.003716,0.008572,51.51,54.72,0.000944,0.001079,-0.000135,64.94,71.89,0.001527,41.5,-0.34,0.001575,0.00166,22.8,25.9,19.9,13.1,-0.0703,1.0,1.0,1.0,False,1e-06,7.7e-05,0.000204,1.151198,1.151662,1.152278,1.150582,1.150118,24,3.06,1.148995,1.152845,NO_VOLUME_DATA,1.151162,1.151348,1.151286,1.150931,42.73,48.74,0.000152,0.000283,16.72,18.95,0.000618,1.152785,1.150023,1.151062,1.151388,1.150768,1.0,1.0,1.151095,1.151355,1.150735,1.150775,NEW YORK,483554,STALE,1.151095,1.151355,1.150735,1.150775,NEW YORK,483554,STALE,SHOOTING_STAR,BULLISH,BULLISH,WEAK,AT_PIVOT,LOW_WICK,NEUTRAL,CHAOTIC,TRUE,TESTING_PIVOT,NORMAL,55,23,10.273261847112899,50,NEUTRAL,False,70,['SHOOTING_STAR'],1,20,BEARISH,BULLISH,60,True,BULL_TRAP,75,True,False,True,70,False,0,100,UP,NONE,NONE,0,True,100,55,45,80,False,True,NEUTRAL,70,False,0.0,NONE,True,BEARISH,True,True,90,True,70,11.719939117199365,3.2156368221943357,60.0,24,POOR,False,75,62,-0.10067407365815266,4,80.0,True,RANDOM,70,42.191136016448404,8.923703916386895,False,NONE,False,False,False,100,True,70,UP,20,CHOPPY,NORMAL,UP,20,-0.0703,CHOPPY,55,30,50,NORMAL,NONE,60,30,70,NORMAL,58,55,45,-0.34,False,80,0.4335044330377975,82.8,RANGING,90,False,NONE,1.148995,1.151662,1.151198,FAR,30,50,85,NONE,UP,UP,66,UP,UP,NONE,False,"['M1', 'M5', 'M15']",66,66,SIDEWAY_RANGE,SIDEWAY_RANGE,50,60,True,30,Price ranging between clear levels. Suitable for mean-reversion strategies.,MEDIUM,WAIT,5,1.0,0.5,False,False,True,True,0.3,0.3,True,False,False,18,True,,,,SIDEWAY_RANGE,Price ranging between clear levels. Suitable for mean-reversion strategies.,NORMAL,NONE_OTC,0.133,[],True,,รอการวิเคราะห์จาก AI,66,60,MEDIUM,รอการวิเคราะห์จาก AI,รอการวิเคราะห์จาก AI,รอการวิเคราะห์จาก AI
2026-07-02 23:23:00,1.152625,1.153185,1.152575,1.153065,1.0,EURUSD-OTC,BULLISH,1.152256,1.151804,1.15111,1.149277,1.1483,1.147493,BULLISH,1.153132,1.14916,0.003972,0.008527,66.07,61.42,0.000984,0.000977,8e-06,77.24,70.35,0.001523,39.2,-0.4,0.001549,0.001628,21.32,28.72,16.58,26.8,0.1772,1.0,1.0,1.0,False,0.000136,0.000115,0.0002,1.153085,1.153595,1.154145,1.152535,1.152025,21,3.05,1.150115,1.153225,NO_VOLUME_DATA,1.152646,1.15236,1.152047,1.151554,74.54,64.27,0.000359,0.000252,80.47,72.81,0.000677,1.153156,1.15068,1.152942,1.153308,1.152698,1.0,1.0,1.153065,1.153185,1.152575,1.152625,NEW YORK,184032,LOW,1.153065,1.153185,1.152575,1.152625,NEW YORK,184032,LOW,NONE,BULLISH,BULLISH,WEAK,AT_PIVOT,LOW_WICK,NEUTRAL,CHAOTIC,TRUE,TESTING_PIVOT,NORMAL,54,23,16.12903225806748,50,NEUTRAL,False,70,[],0,0,NEUTRAL,BULLISH,40,True,BULL_TRAP,50,True,False,False,70,False,0,100,UP,NONE,UP,0,True,100,55,45,80,False,True,NEUTRAL,70,False,0.0,NONE,True,BEARISH,True,True,90,True,70,11.738293778062522,10.98305084745829,60.0,27,POOR,False,75,62,-0.14191066248671436,4,80.0,True,RANDOM,70,46.997572023913484,5.981635845648876,True,STRUCTURE_BREAK,False,False,True,70,True,70,UP,100,IMPULSIVE,NORMAL,UP,100,0.1772,IMPULSIVE,90,30,95,NORMAL,NONE,65,30,75,NORMAL,58,55,45,-0.4,False,80,0.46581447167819867,84.64,RANGING,90,False,NONE,1.150115,1.153225,1.153085,FAR,30,50,85,UP,UP,UP,100,UP,UP,UP,False,"['M1', 'M5', 'M15']",100,100,TRENDING_STRONG,TRENDING_STRONG,51,75,True,29,Strong directional trend with high momentum. Favorable for trend-following strategies.,MEDIUM,PREPARE_TO_TRADE,5,1.0,0.5,False,False,True,True,0.3,0.3,True,False,False,18,True,,,,TRENDING_STRONG,Strong directional trend with high momentum. Favorable for trend-following strategies.,NORMAL,NONE_OTC,0.132,[],True,,รอการวิเคราะห์จาก AI,100,75,MEDIUM,รอการวิเคราะห์จาก AI,รอการวิเคราะห์จาก AI,รอการวิเคราะห์จาก AI
2026-07-02 23:40:00,1.153715,1.153955,1.153125,1.153595,1.0,EURUSD-OTC,BULLISH,1.152644,1.152255,1.151543,1.149671,1.148572,1.147812,BULLISH,1.153773,1.149266,0.004506,0.008356,51.34,54.63,0.000999,0.000985,1.4e-05,86.61,83.2,0.001641,84.0,0.58,0.001589,0.00159,22.19,22.4,14.98,19.86,0.1225,1.0,1.0,1.0,False,0.000266,0.00013,0.000187,1.152788,1.153372,1.154538,1.151622,1.151038,24,3.02,1.151365,1.153225,NO_VOLUME_DATA,1.153459,1.153228,1.152864,1.152194,62.67,60.24,0.00045,0.000381,85.56,79.85,0.000699,1.154054,1.151589,1.153558,1.153992,1.153162,1.0,1.0,1.153595,1.153955,1.153125,1.153715,NEW YORK,305117,STALE,1.153595,1.153955,1.153125,1.153715,NEW YORK,305117,STALE,EVENING_STAR,BEARISH,BEARISH,WEAK,AT_PIVOT,LOW_WICK,NEUTRAL,CHAOTIC,TRUE,TESTING_PIVOT,NORMAL,56,23,3.4918523445324166,50,NEUTRAL,False,70,['EVENING_STAR'],1,20,BEARISH,BEARISH,60,True,BULL_TRAP,50,True,False,False,70,False,0,100,UP,NONE,NONE,0,True,100,55,45,80,False,True,NEUTRAL,70,False,0.0,NONE,True,BEARISH,True,True,90,True,70,7.1348940914154255,6.5635847270428815,50.0,21,POOR,False,75,62,-0.17965856529410978,4,80.0,True,RANDOM,70,42.25010396783567,9.130641027919468,False,NONE,False,False,False,100,True,70,UP,100,IMPULSIVE,EXTREME,UP,100,0.1225,IMPULSIVE,85,30,85,NORMAL,NONE,60,30,70,EXTREME,88,55,45,0.58,False,40,0.5392532312111057,48.8,RANGING,90,False,NONE,1.151365,1.153225,1.152788,FAR,30,50,85,UP,UP,UP,100,UP,UP,UP,False,"['M1', 'M5', 'M15']",100,100,TRENDING_STRONG,TRENDING_STRONG,55,75,True,26,Strong directional trend with high momentum. Favorable for trend-following strategies.,HIGH,PREPARE_TO_TRADE,5,1.0,0.5,False,False,True,True,0.3,0.3,True,False,False,22,True,,,,TRENDING_STRONG,Strong directional trend with high momentum. Favorable for trend-following strategies.,EXTREME,NONE_OTC,0.142,[],True,,รอการวิเคราะห์จาก AI,100,75,HIGH,รอการวิเคราะห์จาก AI,รอการวิเคราะห์จาก AI,รอการวิเคราะห์จาก AI
2026-07-02 23:41:00,1.153715,1.153955,1.153125,1.153595,1.0,EURUSD-OTC,BULLISH,1.152644,1.152255,1.151543,1.149671,1.148572,1.147812,BULLISH,1.153773,1.149266,0.004506,0.008356,51.34,54.63,0.000999,0.000985,1.4e-05,86.61,83.2,0.001641,84.0,0.58,0.001589,0.00159,22.19,22.4,14.98,19.86,0.1225,1.0,1.0,1.0,False,0.000266,0.00013,0.000187,1.152788,1.153372,1.154538,1.151622,1.151038,24,3.02,1.151365,1.153225,NO_VOLUME_DATA,1.153459,1.153228,1.152864,1.152194,62.67,60.24,0.00045,0.000381,85.56,79.85,0.000699,1.154054,1.151589,1.153558,1.153992,1.153162,1.0,1.0,1.153595,1.153955,1.153125,1.153715,NEW YORK,365027,STALE,1.153595,1.153955,1.153125,1.153715,NEW YORK,365027,STALE,EVENING_STAR,BEARISH,BEARISH,WEAK,AT_PIVOT,LOW_WICK,NEUTRAL,CHAOTIC,TRUE,TESTING_PIVOT,NORMAL,56,23,3.4918523445324166,50,NEUTRAL,False,70,['EVENING_STAR'],1,20,BEARISH,BEARISH,60,True,BULL_TRAP,50,True,False,False,70,False,0,100,UP,NONE,NONE,0,True,100,55,45,80,False,True,NEUTRAL,70,False,0.0,NONE,True,BEARISH,True,True,90,True,70,7.1348940914154255,6.5635847270428815,50.0,21,POOR,False,75,62,-0.17965856529410978,4,80.0,True,RANDOM,70,42.25010396783567,9.130641027919468,False,NONE,False,False,False,100,True,70,UP,100,IMPULSIVE,EXTREME,UP,100,0.1225,IMPULSIVE,85,30,85,NORMAL,NONE,60,30,70,EXTREME,88,55,45,0.58,False,40,0.5392532312111057,48.8,RANGING,90,False,NONE,1.151365,1.153225,1.152788,FAR,30,50,85,UP,UP,UP,100,UP,UP,UP,False,"['M1', 'M5', 'M15']",100,100,SIDEWAY_RANGE,SIDEWAY_RANGE,55,60,True,26,Price ranging between clear levels. Suitable for mean-reversion strategies.,HIGH,WAIT,5,1.0,0.5,False,False,True,True,0.3,0.3,True,False,False,22,True,,,,SIDEWAY_RANGE,Price ranging between clear levels. Suitable for mean-reversion strategies.,EXTREME,NONE_OTC,0.142,[],True,,รอการวิเคราะห์จาก AI,100,60,HIGH,รอการวิเคราะห์จาก AI,รอการวิเคราะห์จาก AI,รอการวิเคราะห์จาก AI
2026-07-02 23:42:00,1.153715,1.153955,1.153125,1.153595,1.0,EURUSD-OTC,BULLISH,1.152644,1.152255,1.151543,1.149671,1.148572,1.147812,BULLISH,1.153773,1.149266,0.004506,0.008356,51.34,54.63,0.000999,0.000985,1.4e-05,86.61,83.2,0.001641,84.0,0.58,0.001589,0.00159,22.19,22.4,14.98,19.86,0.1225,1.0,1.0,1.0,False,0.000266,0.00013,0.000187,1.152788,1.153372,1.154538,1.151622,1.151038,24,3.02,1.151365,1.153225,NO_VOLUME_DATA,1.153459,1.153228,1.152864,1.152194,62.67,60.24,0.00045,0.000381,85.56,79.85,0.000699,1.154054,1.151589,1.153558,1.153992,1.153162,1.0,1.0,1.153595,1.153955,1.153125,1.153715,NEW YORK,424583,STALE,1.153595,1.153955,1.153125,1.153715,NEW YORK,424583,STALE,EVENING_STAR,BEARISH,BEARISH,WEAK,AT_PIVOT,LOW_WICK,NEUTRAL,CHAOTIC,TRUE,TESTING_PIVOT,NORMAL,56,23,3.4918523445324166,50,NEUTRAL,False,70,['EVENING_STAR'],1,20,BEARISH,BEARISH,60,True,BULL_TRAP,50,True,False,False,70,False,0,100,UP,NONE,NONE,0,True,100,55,45,80,False,True,NEUTRAL,70,False,0.0,NONE,True,BEARISH,True,True,90,True,70,7.1348940914154255,6.5635847270428815,50.0,21,POOR,False,75,62,-0.17965856529410978,4,80.0,True,RANDOM,70,42.25010396783567,9.130641027919468,False,NONE,False,False,False,100,True,70,UP,100,IMPULSIVE,EXTREME,UP,100,0.1225,IMPULSIVE,85,30,85,NORMAL,NONE,60,30,70,EXTREME,88,55,45,0.58,False,40,0.5392532312111057,48.8,RANGING,90,False,NONE,1.151365,1.153225,1.152788,FAR,30,50,85,UP,UP,UP,100,UP,UP,UP,False,"['M1', 'M5', 'M15']",100,100,SIDEWAY_RANGE,SIDEWAY_RANGE,55,60,True,26,Price ranging between clear levels. Suitable for mean-reversion strategies.,HIGH,WAIT,5,1.0,0.5,False,False,True,True,0.3,0.3,True,False,False,22,True,,,,SIDEWAY_RANGE,Price ranging between clear levels. Suitable for mean-reversion strategies.,EXTREME,NONE_OTC,0.142,[],True,,รอการวิเคราะห์จาก AI,100,60,HIGH,รอการวิเคราะห์จาก AI,รอการวิเคราะห์จาก AI,รอการวิเคราะห์จาก AI
2026-07-02 23:43:00,1.153715,1.153955,1.153125,1.153595,1.0,EURUSD-OTC,BULLISH,1.152644,1.152255,1.151543,1.149671,1.148572,1.147812,BULLISH,1.153773,1.149266,0.004506,0.008356,51.34,54.63,0.000999,0.000985,1.4e-05,86.61,83.2,0.001641,84.0,0.58,0.001589,0.00159,22.19,22.4,14.98,19.86,0.1225,1.0,1.0,1.0,False,0.000266,0.00013,0.000187,1.152788,1.153372,1.154538,1.151622,1.151038,24,3.02,1.151365,1.153225,NO_VOLUME_DATA,1.153459,1.153228,1.152864,1.152194,62.67,60.24,0.00045,0.000381,85.56,79.85,0.000699,1.154054,1.151589,1.153558,1.153992,1.153162,1.0,1.0,1.153595,1.153955,1.153125,1.153715,NEW YORK,484701,STALE,1.153595,1.153955,1.153125,1.153715,NEW YORK,484701,STALE,EVENING_STAR,BEARISH,BEARISH,WEAK,AT_PIVOT,LOW_WICK,NEUTRAL,CHAOTIC,TRUE,TESTING_PIVOT,NORMAL,56,23,3.4918523445324166,50,NEUTRAL,False,70,['EVENING_STAR'],1,20,BEARISH,BEARISH,60,True,BULL_TRAP,50,True,False,False,70,False,0,100,UP,NONE,NONE,0,True,100,55,45,80,False,True,NEUTRAL,70,False,0.0,NONE,True,BEARISH,True,True,90,True,70,7.1348940914154255,6.5635847270428815,50.0,21,POOR,False,75,62,-0.17965856529410978,4,80.0,True,RANDOM,70,42.25010396783567,9.130641027919468,False,NONE,False,False,False,100,True,70,UP,100,IMPULSIVE,EXTREME,UP,100,0.1225,IMPULSIVE,85,30,85,NORMAL,NONE,60,30,70,EXTREME,88,55,45,0.58,False,40,0.5392532312111057,48.8,RANGING,90,False,NONE,1.151365,1.153225,1.152788,FAR,30,50,85,UP,UP,UP,100,UP,UP,UP,False,"['M1', 'M5', 'M15']",100,100,SIDEWAY_RANGE,SIDEWAY_RANGE,55,60,True,26,Price ranging between clear levels. Suitable for mean-reversion strategies.,HIGH,WAIT,5,1.0,0.5,False,False,True,True,0.3,0.3,True,False,False,22,True,,,,SIDEWAY_RANGE,Price ranging between clear levels. Suitable for mean-reversion strategies.,EXTREME,NONE_OTC,0.142,[],True,,รอการวิเคราะห์จาก AI,100,60,HIGH,รอการวิเคราะห์จาก AI,รอการวิเคราะห์จาก AI,รอการวิเคราะห์จาก AI
2026-07-02 23:44:00,1.153715,1.153955,1.153125,1.153595,1.0,EURUSD-OTC,BULLISH,1.152644,1.152255,1.151543,1.149671,1.148572,1.147812,BULLISH,1.153773,1.149266,0.004506,0.008356,51.34,54.63,0.000999,0.000985,1.4e-05,86.61,83.2,0.001641,84.0,0.58,0.001589,0.00159,22.19,22.4,14.98,19.86,0.1225,1.0,1.0,1.0,False,0.000266,0.00013,0.000187,1.152788,1.153372,1.154538,1.151622,1.151038,24,3.02,1.151365,1.153225,NO_VOLUME_DATA,1.153459,1.153228,1.152864,1.152194,62.67,60.24,0.00045,0.000381,85.56,79.85,0.000699,1.154054,1.151589,1.153558,1.153992,1.153162,1.0,1.0,1.153595,1.153955,1.153125,1.153715,NEW YORK,544334,STALE,1.153595,1.153955,1.153125,1.153715,NEW YORK,544334,STALE,EVENING_STAR,BEARISH,BEARISH,WEAK,AT_PIVOT,LOW_WICK,NEUTRAL,CHAOTIC,TRUE,TESTING_PIVOT,NORMAL,56,23,3.4918523445324166,50,NEUTRAL,False,70,['EVENING_STAR'],1,20,BEARISH,BEARISH,60,True,BULL_TRAP,50,True,False,False,70,False,0,100,UP,NONE,NONE,0,True,100,55,45,80,False,True,NEUTRAL,70,False,0.0,NONE,True,BEARISH,True,True,90,True,70,7.1348940914154255,6.5635847270428815,50.0,21,POOR,False,75,62,-0.17965856529410978,4,80.0,True,RANDOM,70,42.25010396783567,9.130641027919468,False,NONE,False,False,False,100,True,70,UP,100,IMPULSIVE,EXTREME,UP,100,0.1225,IMPULSIVE,85,30,85,NORMAL,NONE,60,30,70,EXTREME,88,55,45,0.58,False,40,0.5392532312111057,48.8,RANGING,90,False,NONE,1.151365,1.153225,1.152788,FAR,30,50,85,UP,UP,UP,100,UP,UP,UP,False,"['M1', 'M5', 'M15']",100,100,SIDEWAY_RANGE,SIDEWAY_RANGE,55,60,True,26,Price ranging between clear levels. Suitable for mean-reversion strategies.,HIGH,WAIT,5,1.0,0.5,False,False,True,True,0.3,0.3,True,False,False,22,True,,,,SIDEWAY_RANGE,Price ranging between clear levels. Suitable for mean-reversion strategies.,EXTREME,NONE_OTC,0.142,[],True,,รอการวิเคราะห์จาก AI,100,60,HIGH,รอการวิเคราะห์จาก AI,รอการวิเคราะห์จาก AI,รอการวิเคราะห์จาก AI
2026-07-02 23:45:00,1.152155,1.153015,1.152155,1.152795,1.0,EURUSD-OTC,BULLISH,1.15291,1.15247,1.151723,1.149818,1.148673,1.147925,BULLISH,1.153992,1.149378,0.004614,0.008217,59.48,58.7,0.001031,0.000994,3.7e-05,82.8,84.07,0.001651,83.2,0.54,0.001599,0.001584,21.93,20.67,14.02,19.17,0.2094,1.0,1.0,1.0,False,0.000258,0.000135,0.000187,1.153168,1.154182,1.154908,1.152442,1.151428,25,3.0,1.151365,1.153225,NO_VOLUME_DATA,1.152842,1.152954,1.152848,1.152311,47.0,50.75,0.000214,0.000324,42.95,53.6,0.000723,1.154111,1.15164,1.152655,1.153155,1.152295,1.0,1.0,1.152795,1.153015,1.152155,1.152155,NEW YORK,305535,STALE,1.152795,1.153015,1.152155,1.152155,NEW YORK,305535,STALE,NONE,BULLISH,BULLISH,WEAK,AT_PIVOT,LOW_WICK,NEUTRAL,CHAOTIC,TRUE,TESTING_PIVOT,NORMAL,57,20,8.564069542822995,50,NEUTRAL,False,70,[],0,0,NEUTRAL,BULLISH,40,True,BULL_TRAP,50,True,False,False,70,False,0,100,UP,NONE,NONE,0,True,100,97,3,80,True,True,CONTINUATION,70,True,85.0,BULLISH,True,BEARISH,True,True,90,True,70,18.06836679327077,10.679913070474855,55.00000000000001,27,POOR,False,75,47,-0.20072931880269906,4,80.0,False,RANDOM,70,40.606595555711564,12.188567504958696,True,STRUCTURE_BREAK,False,False,True,70,True,70,UP,100,IMPULSIVE,EXTREME,UP,100,0.2094,IMPULSIVE,90,30,95,NORMAL,NONE,60,30,70,EXTREME,88,40,60,0.54,False,40,0.5615188024826578,49.44,RANGING,90,False,NONE,1.151365,1.153225,1.153168,FAR,30,50,85,NONE,UP,UP,66,UP,UP,NONE,False,"['M1', 'M5', 'M15']",66,66,SIDEWAY_RANGE,SIDEWAY_RANGE,50,60,True,26,Price ranging between clear levels. Suitable for mean-reversion strategies.,HIGH,WAIT,5,1.0,0.5,False,False,True,True,0.3,0.3,True,False,False,22,True,,,,SIDEWAY_RANGE,Price ranging between clear levels. Suitable for mean-reversion strategies.,EXTREME,NONE_OTC,0.143,[],True,,รอการวิเคราะห์จาก AI,66,60,HIGH,รอการวิเคราะห์จาก AI,รอการวิเคราะห์จาก AI,รอการวิเคราะห์จาก AI
2026-07-02 23:46:00,1.152155,1.153015,1.152155,1.152795,1.0,EURUSD-OTC,BULLISH,1.15291,1.15247,1.151723,1.149818,1.148673,1.147925,BULLISH,1.153992,1.149378,0.004614,0.008217,59.48,58.7,0.001031,0.000994,3.7e-05,82.8,84.07,0.001651,83.2,0.54,0.001599,0.001584,21.93,20.67,14.02,19.17,0.2094,1.0,1.0,1.0,False,0.000258,0.000135,0.000187,1.153168,1.154182,1.154908,1.152442,1.151428,25,3.0,1.151365,1.153225,NO_VOLUME_DATA,1.152842,1.152954,1.152848,1.152311,47.0,50.75,0.000214,0.000324,42.95,53.6,0.000723,1.154111,1.15164,1.152655,1.153155,1.152295,1.0,1.0,1.152795,1.153015,1.152155,1.152155,NEW YORK,360744,STALE,1.152795,1.153015,1.152155,1.152155,NEW YORK,360744,STALE,NONE,BULLISH,BULLISH,WEAK,AT_PIVOT,LOW_WICK,NEUTRAL,CHAOTIC,TRUE,TESTING_PIVOT,NORMAL,57,20,8.564069542822995,50,NEUTRAL,False,70,[],0,0,NEUTRAL,BULLISH,40,True,BULL_TRAP,50,True,False,False,70,False,0,100,UP,NONE,NONE,0,True,100,97,3,80,True,True,CONTINUATION,70,True,85.0,BULLISH,True,BEARISH,True,True,90,True,70,18.06836679327077,10.679913070474855,55.00000000000001,27,POOR,False,75,47,-0.20072931880269906,4,80.0,False,RANDOM,70,40.606595555711564,12.188567504958696,True,STRUCTURE_BREAK,False,False,True,70,True,70,UP,100,IMPULSIVE,EXTREME,UP,100,0.2094,IMPULSIVE,90,30,95,NORMAL,NONE,60,30,70,EXTREME,88,40,60,0.54,False,40,0.5615188024826578,49.44,RANGING,90,False,NONE,1.151365,1.153225,1.153168,FAR,30,50,85,NONE,UP,UP,66,UP,UP,NONE,False,"['M1', 'M5', 'M15']",66,66,SIDEWAY_RANGE,SIDEWAY_RANGE,50,60,True,26,Price ranging between clear levels. Suitable for mean-reversion strategies.,HIGH,WAIT,5,1.0,0.5,False,False,True,True,0.3,0.3,True,False,False,22,True,,,,SIDEWAY_RANGE,Price ranging between clear levels. Suitable for mean-reversion strategies.,EXTREME,NONE_OTC,0.143,[],True,,รอการวิเคราะห์จาก AI,66,60,HIGH,รอการวิเคราะห์จาก AI,รอการวิเคราะห์จาก AI,รอการวิเคราะห์จาก AI
2026-07-02 23:47:00,1.152155,1.153015,1.152155,1.152795,1.0,EURUSD-OTC,BULLISH,1.15291,1.15247,1.151723,1.149818,1.148673,1.147925,BULLISH,1.153992,1.149378,0.004614,0.008217,59.48,58.7,0.001031,0.000994,3.7e-05,82.8,84.07,0.001651,83.2,0.54,0.001599,0.001584,21.93,20.67,14.02,19.17,0.2094,1.0,1.0,1.0,False,0.000258,0.000135,0.000187,1.153168,1.154182,1.154908,1.152442,1.151428,25,3.0,1.151365,1.153225,NO_VOLUME_DATA,1.152842,1.152954,1.152848,1.152311,47.0,50.75,0.000214,0.000324,42.95,53.6,0.000723,1.154111,1.15164,1.152655,1.153155,1.152295,1.0,1.0,1.152795,1.153015,1.152155,1.152155,NEW YORK,424003,STALE,1.152795,1.153015,1.152155,1.152155,NEW YORK,424003,STALE,NONE,BULLISH,BULLISH,WEAK,AT_PIVOT,LOW_WICK,NEUTRAL,CHAOTIC,TRUE,TESTING_PIVOT,NORMAL,57,20,8.564069542822995,50,NEUTRAL,False,70,[],0,0,NEUTRAL,BULLISH,40,True,BULL_TRAP,50,True,False,False,70,False,0,100,UP,NONE,NONE,0,True,100,97,3,80,True,True,CONTINUATION,70,True,85.0,BULLISH,True,BEARISH,True,True,90,True,70,18.06836679327077,10.679913070474855,55.00000000000001,27,POOR,False,75,47,-0.20072931880269906,4,80.0,False,RANDOM,70,40.606595555711564,12.188567504958696,True,STRUCTURE_BREAK,False,False,True,70,True,70,UP,100,IMPULSIVE,EXTREME,UP,100,0.2094,IMPULSIVE,90,30,95,NORMAL,NONE,60,30,70,EXTREME,88,40,60,0.54,False,40,0.5615188024826578,49.44,RANGING,90,False,NONE,1.151365,1.153225,1.153168,FAR,30,50,85,NONE,UP,UP,66,UP,UP,NONE,False,"['M1', 'M5', 'M15']",66,66,SIDEWAY_RANGE,SIDEWAY_RANGE,50,60,True,26,Price ranging between clear levels. Suitable for mean-reversion strategies.,HIGH,WAIT,5,1.0,0.5,False,False,True,True,0.3,0.3,True,False,False,22,True,,,,SIDEWAY_RANGE,Price ranging between clear levels. Suitable for mean-reversion strategies.,EXTREME,NONE_OTC,0.143,[],True,,รอการวิเคราะห์จาก AI,66,60,HIGH,รอการวิเคราะห์จาก AI,รอการวิเคราะห์จาก AI,รอการวิเคราะห์จาก AI
2026-07-02 23:48:00,1.152155,1.153015,1.152155,1.152795,1.0,EURUSD-OTC,BULLISH,1.15291,1.15247,1.151723,1.149818,1.148673,1.147925,BULLISH,1.153992,1.149378,0.004614,0.008217,59.48,58.7,0.001031,0.000994,3.7e-05,82.8,84.07,0.001651,83.2,0.54,0.001599,0.001584,21.93,20.67,14.02,19.17,0.2094,1.0,1.0,1.0,False,0.000258,0.000135,0.000187,1.153168,1.154182,1.154908,1.152442,1.151428,25,3.0,1.151365,1.153225,NO_VOLUME_DATA,1.152842,1.152954,1.152848,1.152311,47.0,50.75,0.000214,0.000324,42.95,53.6,0.000723,1.154111,1.15164,1.152655,1.153155,1.152295,1.0,1.0,1.152795,1.153015,1.152155,1.152155,NEW YORK,484754,STALE,1.152795,1.153015,1.152155,1.152155,NEW YORK,484754,STALE,NONE,BULLISH,BULLISH,WEAK,AT_PIVOT,LOW_WICK,NEUTRAL,CHAOTIC,TRUE,TESTING_PIVOT,NORMAL,57,20,8.564069542822995,50,NEUTRAL,False,70,[],0,0,NEUTRAL,BULLISH,40,True,BULL_TRAP,50,True,False,False,70,False,0,100,UP,NONE,NONE,0,True,100,97,3,80,True,True,CONTINUATION,70,True,85.0,BULLISH,True,BEARISH,True,True,90,True,70,18.06836679327077,10.679913070474855,55.00000000000001,27,POOR,False,75,47,-0.20072931880269906,4,80.0,False,RANDOM,70,40.606595555711564,12.188567504958696,True,STRUCTURE_BREAK,False,False,True,70,True,70,UP,100,IMPULSIVE,EXTREME,UP,100,0.2094,IMPULSIVE,90,30,95,NORMAL,NONE,60,30,70,EXTREME,88,40,60,0.54,False,40,0.5615188024826578,49.44,RANGING,90,False,NONE,1.151365,1.153225,1.153168,FAR,30,50,85,NONE,UP,UP,66,UP,UP,NONE,False,"['M1', 'M5', 'M15']",66,66,SIDEWAY_RANGE,SIDEWAY_RANGE,50,60,True,26,Price ranging between clear levels. Suitable for mean-reversion strategies.,HIGH,WAIT,5,1.0,0.5,False,False,True,True,0.3,0.3,True,False,False,22,True,,,,SIDEWAY_RANGE,Price ranging between clear levels. Suitable for mean-reversion strategies.,EXTREME,NONE_OTC,0.143,[],True,,รอการวิเคราะห์จาก AI,66,60,HIGH,รอการวิเคราะห์จาก AI,รอการวิเคราะห์จาก AI,รอการวิเคราะห์จาก AI
2026-07-02 23:49:00,1.152155,1.153015,1.152155,1.152795,1.0,EURUSD-OTC,BULLISH,1.15291,1.15247,1.151723,1.149818,1.148673,1.147925,BULLISH,1.153992,1.149378,0.004614,0.008217,59.48,58.7,0.001031,0.000994,3.7e-05,82.8,84.07,0.001651,83.2,0.54,0.001599,0.001584,21.93,20.67,14.02,19.17,0.2094,1.0,1.0,1.0,False,0.000258,0.000135,0.000187,1.153168,1.154182,1.154908,1.152442,1.151428,25,3.0,1.151365,1.153225,NO_VOLUME_DATA,1.152842,1.152954,1.152848,1.152311,47.0,50.75,0.000214,0.000324,42.95,53.6,0.000723,1.154111,1.15164,1.152655,1.153155,1.152295,1.0,1.0,1.152795,1.153015,1.152155,1.152155,NEW YORK,544185,STALE,1.152795,1.153015,1.152155,1.152155,NEW YORK,544185,STALE,NONE,BULLISH,BULLISH,WEAK,AT_PIVOT,LOW_WICK,NEUTRAL,CHAOTIC,TRUE,TESTING_PIVOT,NORMAL,57,20,8.564069542822995,50,NEUTRAL,False,70,[],0,0,NEUTRAL,BULLISH,40,True,BULL_TRAP,50,True,False,False,70,False,0,100,UP,NONE,NONE,0,True,100,97,3,80,True,True,CONTINUATION,70,True,85.0,BULLISH,True,BEARISH,True,True,90,True,70,18.06836679327077,10.679913070474855,55.00000000000001,27,POOR,False,75,47,-0.20072931880269906,4,80.0,False,RANDOM,70,40.606595555711564,12.188567504958696,True,STRUCTURE_BREAK,False,False,True,70,True,70,UP,100,IMPULSIVE,EXTREME,UP,100,0.2094,IMPULSIVE,90,30,95,NORMAL,NONE,60,30,70,EXTREME,88,40,60,0.54,False,40,0.5615188024826578,49.44,RANGING,90,False,NONE,1.151365,1.153225,1.153168,FAR,30,50,85,NONE,UP,UP,66,UP,UP,NONE,False,"['M1', 'M5', 'M15']",66,66,SIDEWAY_RANGE,SIDEWAY_RANGE,50,60,True,26,Price ranging between clear levels. Suitable for mean-reversion strategies.,HIGH,WAIT,5,1.0,0.5,False,False,True,True,0.3,0.3,True,False,False,22,True,,,,SIDEWAY_RANGE,Price ranging between clear levels. Suitable for mean-reversion strategies.,EXTREME,NONE_OTC,0.143,[],True,,รอการวิเคราะห์จาก AI,66,60,HIGH,รอการวิเคราะห์จาก AI,รอการวิเคราะห์จาก AI,รอการวิเคราะห์จาก AI
2026-07-02 23:50:00,1.153445,1.154435,1.153445,1.154135,1.0,EURUSD-OTC,BULLISH,1.153055,1.152629,1.151878,1.149957,1.148787,1.148239,BULLISH,1.154133,1.14957,0.004562,0.008061,58.48,58.2,0.001037,0.001003,3.4e-05,75.95,81.74,0.001623,67.87,0.01,0.001608,0.001575,22.12,21.9,13.24,24.63,0.1746,1.0,1.0,1.0,False,0.00023,0.000132,0.000185,1.153652,1.154128,1.154912,1.152868,1.152392,26,3.35,1.151365,1.153225,NO_VOLUME_DATA,1.15361,1.153395,1.153149,1.152543,67.71,61.64,0.000326,0.000291,80.43,75.51,0.000715,1.15423,1.152196,1.154005,1.154565,1.153575,1.0,1.0,1.154135,1.154435,1.153445,1.153445,NEW YORK,305362,STALE,1.154135,1.154435,1.153445,1.153445,NEW YORK,305362,STALE,DOJI,BEARISH,BEARISH,WEAK,AT_PIVOT,LOW_WICK,NEUTRAL,CHAOTIC,TRUE,TESTING_PIVOT,NORMAL,55,23,15.717227179137863,50,NEUTRAL,False,70,['DOJI'],1,20,NEUTRAL,BEARISH,60,True,BULL_TRAP,75,True,False,True,70,False,0,100,UP,NONE,NONE,0,True,100,55,45,80,False,True,NEUTRAL,70,False,0.0,NONE,True,BEARISH,True,True,90,True,70,18.06836679327219,4.664996869129676,55.00000000000001,25,POOR,False,75,47,-0.20925496973750912,4,80.0,False,RANDOM,70,40.545050217705196,11.894805914461985,False,NONE,False,False,False,100,True,70,UP,100,IMPULSIVE,HIGH,UP,100,0.1746,IMPULSIVE,90,30,95,NORMAL,NONE,60,30,70,HIGH,73,40,60,0.01,False,80,0.5659347475499318,61.70399999999999,RANGING,90,False,NONE,1.151365,1.153225,1.153652,FAR,30,50,85,UP,UP,UP,100,UP,UP,UP,False,"['M1', 'M5', 'M15']",100,100,SIDEWAY_RANGE,SIDEWAY_RANGE,55,60,True,28,Price ranging between clear levels. Suitable for mean-reversion strategies.,MEDIUM,WAIT,5,1.0,0.5,False,False,True,True,0.3,0.3,True,False,False,22,True,,,,SIDEWAY_RANGE,Price ranging between clear levels. Suitable for mean-reversion strategies.,HIGH,NONE_OTC,0.141,[],True,,รอการวิเคราะห์จาก AI,100,60,MEDIUM,รอการวิเคราะห์จาก AI,รอการวิเคราะห์จาก AI,รอการวิเคราะห์จาก AI
2026-07-02 23:51:00,1.153445,1.154435,1.153445,1.154135,1.0,EURUSD-OTC,BULLISH,1.153055,1.152629,1.151878,1.149957,1.148787,1.148239,BULLISH,1.154133,1.14957,0.004562,0.008061,58.48,58.2,0.001037,0.001003,3.4e-05,75.95,81.74,0.001623,67.87,0.01,0.001608,0.001575,22.12,21.9,13.24,24.63,0.1746,1.0,1.0,1.0,False,0.00023,0.000132,0.000185,1.153652,1.154128,1.154912,1.152868,1.152392,26,3.35,1.151365,1.153225,NO_VOLUME_DATA,1.15361,1.153395,1.153149,1.152543,67.71,61.64,0.000326,0.000291,80.43,75.51,0.000715,1.15423,1.152196,1.154005,1.154565,1.153575,1.0,1.0,1.154135,1.154435,1.153445,1.153445,NEW YORK,363996,STALE,1.154135,1.154435,1.153445,1.153445,NEW YORK,363996,STALE,DOJI,BEARISH,BEARISH,WEAK,AT_PIVOT,LOW_WICK,NEUTRAL,CHAOTIC,TRUE,TESTING_PIVOT,NORMAL,55,23,15.717227179137863,50,NEUTRAL,False,70,['DOJI'],1,20,NEUTRAL,BEARISH,60,True,BULL_TRAP,75,True,False,True,70,False,0,100,UP,NONE,NONE,0,True,100,55,45,80,False,True,NEUTRAL,70,False,0.0,NONE,True,BEARISH,True,True,90,True,70,18.06836679327219,4.664996869129676,55.00000000000001,25,POOR,False,75,47,-0.20925496973750912,4,80.0,False,RANDOM,70,40.545050217705196,11.894805914461985,False,NONE,False,False,False,100,True,70,UP,100,IMPULSIVE,HIGH,UP,100,0.1746,IMPULSIVE,90,30,95,NORMAL,NONE,60,30,70,HIGH,73,40,60,0.01,False,80,0.5659347475499318,61.70399999999999,RANGING,90,False,NONE,1.151365,1.153225,1.153652,FAR,30,50,85,UP,UP,UP,100,UP,UP,UP,False,"['M1', 'M5', 'M15']",100,100,SIDEWAY_RANGE,SIDEWAY_RANGE,55,60,True,28,Price ranging between clear levels. Suitable for mean-reversion strategies.,MEDIUM,WAIT,5,1.0,0.5,False,False,True,True,0.3,0.3,True,False,False,22,True,,,,SIDEWAY_RANGE,Price ranging between clear levels. Suitable for mean-reversion strategies.,HIGH,NONE_OTC,0.141,[],True,,รอการวิเคราะห์จาก AI,100,60,MEDIUM,รอการวิเคราะห์จาก AI,รอการวิเคราะห์จาก AI,รอการวิเคราะห์จาก AI
2026-07-02 23:52:00,1.153445,1.154435,1.153445,1.154135,1.0,EURUSD-OTC,BULLISH,1.153055,1.152629,1.151878,1.149957,1.148787,1.148239,BULLISH,1.154133,1.14957,0.004562,0.008061,58.48,58.2,0.001037,0.001003,3.4e-05,75.95,81.74,0.001623,67.87,0.01,0.001608,0.001575,22.12,21.9,13.24,24.63,0.1746,1.0,1.0,1.0,False,0.00023,0.000132,0.000185,1.153652,1.154128,1.154912,1.152868,1.152392,26,3.35,1.151365,1.153225,NO_VOLUME_DATA,1.15361,1.153395,1.153149,1.152543,67.71,61.64,0.000326,0.000291,80.43,75.51,0.000715,1.15423,1.152196,1.154005,1.154565,1.153575,1.0,1.0,1.154135,1.154435,1.153445,1.153445,NEW YORK,424663,STALE,1.154135,1.154435,1.153445,1.153445,NEW YORK,424663,STALE,DOJI,BEARISH,BEARISH,WEAK,AT_PIVOT,LOW_WICK,NEUTRAL,CHAOTIC,TRUE,TESTING_PIVOT,NORMAL,55,23,15.717227179137863,50,NEUTRAL,False,70,['DOJI'],1,20,NEUTRAL,BEARISH,60,True,BULL_TRAP,75,True,False,True,70,False,0,100,UP,NONE,NONE,0,True,100,55,45,80,False,True,NEUTRAL,70,False,0.0,NONE,True,BEARISH,True,True,90,True,70,18.06836679327219,4.664996869129676,55.00000000000001,25,POOR,False,75,47,-0.20925496973750912,4,80.0,False,RANDOM,70,40.545050217705196,11.894805914461985,False,NONE,False,False,False,100,True,70,UP,100,IMPULSIVE,HIGH,UP,100,0.1746,IMPULSIVE,90,30,95,NORMAL,NONE,60,30,70,HIGH,73,40,60,0.01,False,80,0.5659347475499318,61.70399999999999,RANGING,90,False,NONE,1.151365,1.153225,1.153652,FAR,30,50,85,UP,UP,UP,100,UP,UP,UP,False,"['M1', 'M5', 'M15']",100,100,SIDEWAY_RANGE,SIDEWAY_RANGE,55,60,True,28,Price ranging between clear levels. Suitable for mean-reversion strategies.,MEDIUM,WAIT,5,1.0,0.5,False,False,True,True,0.3,0.3,True,False,False,22,True,,,,SIDEWAY_RANGE,Price ranging between clear levels. Suitable for mean-reversion strategies.,HIGH,NONE_OTC,0.141,[],True,,รอการวิเคราะห์จาก AI,100,60,MEDIUM,รอการวิเคราะห์จาก AI,รอการวิเคราะห์จาก AI,รอการวิเคราะห์จาก AI
2026-07-02 23:53:00,1.153445,1.154435,1.153445,1.154135,1.0,EURUSD-OTC,BULLISH,1.153055,1.152629,1.151878,1.149957,1.148787,1.148239,BULLISH,1.154133,1.14957,0.004562,0.008061,58.48,58.2,0.001037,0.001003,3.4e-05,75.95,81.74,0.001623,67.87,0.01,0.001608,0.001575,22.12,21.9,13.24,24.63,0.1746,1.0,1.0,1.0,False,0.00023,0.000132,0.000185,1.153652,1.154128,1.154912,1.152868,1.152392,26,3.35,1.151365,1.153225,NO_VOLUME_DATA,1.15361,1.153395,1.153149,1.152543,67.71,61.64,0.000326,0.000291,80.43,75.51,0.000715,1.15423,1.152196,1.154005,1.154565,1.153575,1.0,1.0,1.154135,1.154435,1.153445,1.153445,NEW YORK,484669,STALE,1.154135,1.154435,1.153445,1.153445,NEW YORK,484669,STALE,DOJI,BEARISH,BEARISH,WEAK,AT_PIVOT,LOW_WICK,NEUTRAL,CHAOTIC,TRUE,TESTING_PIVOT,NORMAL,55,23,15.717227179137863,50,NEUTRAL,False,70,['DOJI'],1,20,NEUTRAL,BEARISH,60,True,BULL_TRAP,75,True,False,True,70,False,0,100,UP,NONE,NONE,0,True,100,55,45,80,False,True,NEUTRAL,70,False,0.0,NONE,True,BEARISH,True,True,90,True,70,18.06836679327219,4.664996869129676,55.00000000000001,25,POOR,False,75,47,-0.20925496973750912,4,80.0,False,RANDOM,70,40.545050217705196,11.894805914461985,False,NONE,False,False,False,100,True,70,UP,100,IMPULSIVE,HIGH,UP,100,0.1746,IMPULSIVE,90,30,95,NORMAL,NONE,60,30,70,HIGH,73,40,60,0.01,False,80,0.5659347475499318,61.70399999999999,RANGING,90,False,NONE,1.151365,1.153225,1.153652,FAR,30,50,85,UP,UP,UP,100,UP,UP,UP,False,"['M1', 'M5', 'M15']",100,100,SIDEWAY_RANGE,SIDEWAY_RANGE,55,60,True,28,Price ranging between clear levels. Suitable for mean-reversion strategies.,MEDIUM,WAIT,5,1.0,0.5,False,False,True,True,0.3,0.3,True,False,False,22,True,,,,SIDEWAY_RANGE,Price ranging between clear levels. Suitable for mean-reversion strategies.,HIGH,NONE_OTC,0.141,[],True,,รอการวิเคราะห์จาก AI,100,60,MEDIUM,รอการวิเคราะห์จาก AI,รอการวิเคราะห์จาก AI,รอการวิเคราะห์จาก AI
2026-07-02 23:54:00,1.153445,1.154435,1.153445,1.154135,1.0,EURUSD-OTC,BULLISH,1.153055,1.152629,1.151878,1.149957,1.148787,1.148239,BULLISH,1.154133,1.14957,0.004562,0.008061,58.48,58.2,0.001037,0.001003,3.4e-05,75.95,81.74,0.001623,67.87,0.01,0.001608,0.001575,22.12,21.9,13.24,24.63,0.1746,1.0,1.0,1.0,False,0.00023,0.000132,0.000185,1.153652,1.154128,1.154912,1.152868,1.152392,26,3.35,1.151365,1.153225,NO_VOLUME_DATA,1.15361,1.153395,1.153149,1.152543,67.71,61.64,0.000326,0.000291,80.43,75.51,0.000715,1.15423,1.152196,1.154005,1.154565,1.153575,1.0,1.0,1.154135,1.154435,1.153445,1.153445,NEW YORK,544147,STALE,1.154135,1.154435,1.153445,1.153445,NEW YORK,544147,STALE,DOJI,BEARISH,BEARISH,WEAK,AT_PIVOT,LOW_WICK,NEUTRAL,CHAOTIC,TRUE,TESTING_PIVOT,NORMAL,55,23,15.717227179137863,50,NEUTRAL,False,70,['DOJI'],1,20,NEUTRAL,BEARISH,60,True,BULL_TRAP,75,True,False,True,70,False,0,100,UP,NONE,NONE,0,True,100,55,45,80,False,True,NEUTRAL,70,False,0.0,NONE,True,BEARISH,True,True,90,True,70,18.06836679327219,4.664996869129676,55.00000000000001,25,POOR,False,75,47,-0.20925496973750912,4,80.0,False,RANDOM,70,40.545050217705196,11.894805914461985,False,NONE,False,False,False,100,True,70,UP,100,IMPULSIVE,HIGH,UP,100,0.1746,IMPULSIVE,90,30,95,NORMAL,NONE,60,30,70,HIGH,73,40,60,0.01,False,80,0.5659347475499318,61.70399999999999,RANGING,90,False,NONE,1.151365,1.153225,1.153652,FAR,30,50,85,UP,UP,UP,100,UP,UP,UP,False,"['M1', 'M5', 'M15']",100,100,SIDEWAY_RANGE,SIDEWAY_RANGE,55,60,True,28,Price ranging between clear levels. Suitable for mean-reversion strategies.,MEDIUM,WAIT,5,1.0,0.5,False,False,True,True,0.3,0.3,True,False,False,22,True,,,,SIDEWAY_RANGE,Price ranging between clear levels. Suitable for mean-reversion strategies.,HIGH,NONE_OTC,0.141,[],True,,รอการวิเคราะห์จาก AI,100,60,MEDIUM,รอการวิเคราะห์จาก AI,รอการวิเคราะห์จาก AI,รอการวิเคราะห์จาก AI
2026-07-02 23:55:00,1.153325,1.153695,1.153145,1.153335,1.0,EURUSD-OTC,BULLISH,1.153262,1.152819,1.152049,1.150102,1.148883,1.148283,BULLISH,1.154358,1.149527,0.004831,0.007892,60.79,59.32,0.001056,0.001013,4.3e-05,81.98,80.24,0.001584,71.89,0.24,0.001612,0.001565,22.23,20.84,12.88,23.63,0.1519,1.0,1.0,1.0,False,0.000212,0.000158,0.000182,1.153658,1.154202,1.154728,1.153132,1.152588,27,3.43,1.151365,1.153225,NO_VOLUME_DATA,1.153536,1.153508,1.153325,1.152736,47.12,51.59,0.000275,0.000306,60.38,67.64,0.000714,1.154216,1.152509,1.153392,1.153638,1.153088,1.0,1.0,1.153335,1.153695,1.153145,1.153325,NEW YORK,305199,STALE,1.153335,1.153695,1.153145,1.153325,NEW YORK,305199,STALE,BULLISH_ENGULFING,BULLISH,BULLISH,WEAK,AT_PIVOT,LOW_WICK,NEUTRAL,CHAOTIC,TRUE,TESTING_PIVOT,NORMAL,54,23,12.84599006387756,50,NEUTRAL,False,70,['BULLISH_ENGULFING'],1,20,BULLISH,BULLISH,60,True,BULL_TRAP,50,True,False,False,70,False,0,100,UP,NONE,NONE,0,True,100,55,45,80,False,True,NEUTRAL,70,False,0.0,NONE,True,BEARISH,True,True,90,True,70,10.756501182032812,6.472491909385228,55.00000000000001,24,POOR,False,75,47,-0.2099065870527194,4,80.0,False,RANDOM,70,40.43089372914111,12.319887967965375,False,NONE,False,False,False,100,True,70,UP,100,IMPULSIVE,HIGH,UP,100,0.1519,IMPULSIVE,90,30,95,NORMAL,NONE,60,30,70,HIGH,73,40,60,0.24,False,80,0.6121388748099341,58.488,RANGING,90,False,NONE,1.151365,1.153225,1.153658,FAR,30,50,85,UP,UP,UP,100,UP,UP,UP,False,"['M1', 'M5', 'M15']",100,100,SIDEWAY_RANGE,SIDEWAY_RANGE,55,60,True,28,Price ranging between clear levels. Suitable for mean-reversion strategies.,MEDIUM,WAIT,5,1.0,0.5,False,False,True,True,0.3,0.3,True,False,False,22,True,,,,SIDEWAY_RANGE,Price ranging between clear levels. Suitable for mean-reversion strategies.,HIGH,NONE_OTC,0.137,[],True,,รอการวิเคราะห์จาก AI,100,60,MEDIUM,รอการวิเคราะห์จาก AI,รอการวิเคราะห์จาก AI,รอการวิเคราะห์จาก AI
2026-07-02 23:56:00,1.153325,1.153695,1.153145,1.153335,1.0,EURUSD-OTC,BULLISH,1.153262,1.152819,1.152049,1.150102,1.148883,1.148283,BULLISH,1.154358,1.149527,0.004831,0.007892,60.79,59.32,0.001056,0.001013,4.3e-05,81.98,80.24,0.001584,71.89,0.24,0.001612,0.001565,22.23,20.84,12.88,23.63,0.1519,1.0,1.0,1.0,False,0.000212,0.000158,0.000182,1.153658,1.154202,1.154728,1.153132,1.152588,27,3.43,1.151365,1.153225,NO_VOLUME_DATA,1.153536,1.153508,1.153325,1.152736,47.12,51.59,0.000275,0.000306,60.38,67.64,0.000714,1.154216,1.152509,1.153392,1.153638,1.153088,1.0,1.0,1.153335,1.153695,1.153145,1.153325,NEW YORK,363824,STALE,1.153335,1.153695,1.153145,1.153325,NEW YORK,363824,STALE,BULLISH_ENGULFING,BULLISH,BULLISH,WEAK,AT_PIVOT,LOW_WICK,NEUTRAL,CHAOTIC,TRUE,TESTING_PIVOT,NORMAL,54,23,12.84599006387756,50,NEUTRAL,False,70,['BULLISH_ENGULFING'],1,20,BULLISH,BULLISH,60,True,BULL_TRAP,50,True,False,False,70,False,0,100,UP,NONE,NONE,0,True,100,55,45,80,False,True,NEUTRAL,70,False,0.0,NONE,True,BEARISH,True,True,90,True,70,10.756501182032812,6.472491909385228,55.00000000000001,24,POOR,False,75,47,-0.2099065870527194,4,80.0,False,RANDOM,70,40.43089372914111,12.319887967965375,False,NONE,False,False,False,100,True,70,UP,100,IMPULSIVE,HIGH,UP,100,0.1519,IMPULSIVE,90,30,95,NORMAL,NONE,60,30,70,HIGH,73,40,60,0.24,False,80,0.6121388748099341,58.488,RANGING,90,False,NONE,1.151365,1.153225,1.153658,FAR,30,50,85,UP,UP,UP,100,UP,UP,UP,False,"['M1', 'M5', 'M15']",100,100,SIDEWAY_RANGE,SIDEWAY_RANGE,55,60,True,28,Price ranging between clear levels. Suitable for mean-reversion strategies.,MEDIUM,WAIT,5,1.0,0.5,False,False,True,True,0.3,0.3,True,False,False,22,True,,,,SIDEWAY_RANGE,Price ranging between clear levels. Suitable for mean-reversion strategies.,HIGH,NONE_OTC,0.137,[],True,,รอการวิเคราะห์จาก AI,100,60,MEDIUM,รอการวิเคราะห์จาก AI,รอการวิเคราะห์จาก AI,รอการวิเคราะห์จาก AI
2026-07-02 23:57:00,1.153325,1.153695,1.153145,1.153335,1.0,EURUSD-OTC,BULLISH,1.153262,1.152819,1.152049,1.150102,1.148883,1.148283,BULLISH,1.154358,1.149527,0.004831,0.007892,60.79,59.32,0.001056,0.001013,4.3e-05,81.98,80.24,0.001584,71.89,0.24,0.001612,0.001565,22.23,20.84,12.88,23.63,0.1519,1.0,1.0,1.0,False,0.000212,0.000158,0.000182,1.153658,1.154202,1.154728,1.153132,1.152588,27,3.43,1.151365,1.153225,NO_VOLUME_DATA,1.153536,1.153508,1.153325,1.152736,47.12,51.59,0.000275,0.000306,60.38,67.64,0.000714,1.154216,1.152509,1.153392,1.153638,1.153088,1.0,1.0,1.153335,1.153695,1.153145,1.153325,NEW YORK,424133,STALE,1.153335,1.153695,1.153145,1.153325,NEW YORK,424133,STALE,BULLISH_ENGULFING,BULLISH,BULLISH,WEAK,AT_PIVOT,LOW_WICK,NEUTRAL,CHAOTIC,TRUE,TESTING_PIVOT,NORMAL,54,23,12.84599006387756,50,NEUTRAL,False,70,['BULLISH_ENGULFING'],1,20,BULLISH,BULLISH,60,True,BULL_TRAP,50,True,False,False,70,False,0,100,UP,NONE,NONE,0,True,100,55,45,80,False,True,NEUTRAL,70,False,0.0,NONE,True,BEARISH,True,True,90,True,70,10.756501182032812,6.472491909385228,55.00000000000001,24,POOR,False,75,47,-0.2099065870527194,4,80.0,False,RANDOM,70,40.43089372914111,12.319887967965375,False,NONE,False,False,False,100,True,70,UP,100,IMPULSIVE,HIGH,UP,100,0.1519,IMPULSIVE,90,30,95,NORMAL,NONE,60,30,70,HIGH,73,40,60,0.24,False,80,0.6121388748099341,58.488,RANGING,90,False,NONE,1.151365,1.153225,1.153658,FAR,30,50,85,UP,UP,UP,100,UP,UP,UP,False,"['M1', 'M5', 'M15']",100,100,SIDEWAY_RANGE,SIDEWAY_RANGE,55,60,True,28,Price ranging between clear levels. Suitable for mean-reversion strategies.,MEDIUM,WAIT,5,1.0,0.5,False,False,True,True,0.3,0.3,True,False,False,22,True,,,,SIDEWAY_RANGE,Price ranging between clear levels. Suitable for mean-reversion strategies.,HIGH,NONE_OTC,0.137,[],True,,รอการวิเคราะห์จาก AI,100,60,MEDIUM,รอการวิเคราะห์จาก AI,รอการวิเคราะห์จาก AI,รอการวิเคราะห์จาก AI
2026-07-02 23:58:00,1.153325,1.153695,1.153145,1.153335,1.0,EURUSD-OTC,BULLISH,1.153262,1.152819,1.152049,1.150102,1.148883,1.148283,BULLISH,1.154358,1.149527,0.004831,0.007892,60.79,59.32,0.001056,0.001013,4.3e-05,81.98,80.24,0.001584,71.89,0.24,0.001612,0.001565,22.23,20.84,12.88,23.63,0.1519,1.0,1.0,1.0,False,0.000212,0.000158,0.000182,1.153658,1.154202,1.154728,1.153132,1.152588,27,3.43,1.151365,1.153225,NO_VOLUME_DATA,1.153536,1.153508,1.153325,1.152736,47.12,51.59,0.000275,0.000306,60.38,67.64,0.000714,1.154216,1.152509,1.153392,1.153638,1.153088,1.0,1.0,1.153335,1.153695,1.153145,1.153325,NEW YORK,484902,STALE,1.153335,1.153695,1.153145,1.153325,NEW YORK,484902,STALE,BULLISH_ENGULFING,BULLISH,BULLISH,WEAK,AT_PIVOT,LOW_WICK,NEUTRAL,CHAOTIC,TRUE,TESTING_PIVOT,NORMAL,54,23,12.84599006387756,50,NEUTRAL,False,70,['BULLISH_ENGULFING'],1,20,BULLISH,BULLISH,60,True,BULL_TRAP,50,True,False,False,70,False,0,100,UP,NONE,NONE,0,True,100,55,45,80,False,True,NEUTRAL,70,False,0.0,NONE,True,BEARISH,True,True,90,True,70,10.756501182032812,6.472491909385228,55.00000000000001,24,POOR,False,75,47,-0.2099065870527194,4,80.0,False,RANDOM,70,40.43089372914111,12.319887967965375,False,NONE,False,False,False,100,True,70,UP,100,IMPULSIVE,HIGH,UP,100,0.1519,IMPULSIVE,90,30,95,NORMAL,NONE,60,30,70,HIGH,73,40,60,0.24,False,80,0.6121388748099341,58.488,RANGING,90,False,NONE,1.151365,1.153225,1.153658,FAR,30,50,85,UP,UP,UP,100,UP,UP,UP,False,"['M1', 'M5', 'M15']",100,100,SIDEWAY_RANGE,SIDEWAY_RANGE,55,60,True,28,Price ranging between clear levels. Suitable for mean-reversion strategies.,MEDIUM,WAIT,5,1.0,0.5,False,False,True,True,0.3,0.3,True,False,False,22,True,,,,SIDEWAY_RANGE,Price ranging between clear levels. Suitable for mean-reversion strategies.,HIGH,NONE_OTC,0.137,[],True,,รอการวิเคราะห์จาก AI,100,60,MEDIUM,รอการวิเคราะห์จาก AI,รอการวิเคราะห์จาก AI,รอการวิเคราะห์จาก AI
