timestamp,open,high,low,close,volume,symbol,m15_bias,m5_ema5,m5_ema10,m5_ema20,m5_ema50,m5_ema100,m5_ema200,m5_bias,m5_bb_upper,m5_bb_lower,m5_bb_width,m5_bbw_sma_100,m5_rsi7,m5_rsi14,m5_macd,m5_macd_signal,m5_macd_hist,m5_stoch_k,m5_stoch_d,m5_atr14,m5_atr_percentile,m5_atr_zscore,m5_atr_recent_avg,m5_atr_past_avg,m5_adx,m5_di_plus,m5_di_minus,m5_dx,m5_roc,m5_volume,m5_volume_ma20,m5_volume_ratio,m5_volume_spike,m5_slope_10,m5_slope_20,m5_slope_50,m5_pivot,m5_r1,m5_r2,m5_s1,m5_s2,m5_box_duration,m5_box_tightness,m5_support,m5_resistance,m5_volume_trend,m1_ema5,m1_ema10,m1_ema20,m1_ema50,m1_rsi7,m1_rsi14,m1_macd,m1_macd_signal,m1_stoch_k,m1_stoch_d,m1_atr14,m1_bb_upper,m1_bb_lower,m1_pivot,m1_r1,m1_s1,m1_volume,m1_volume_ratio,meta_close,meta_high,meta_low,meta_open,meta_session,meta_data_age_ms,meta_data_quality,ohlcv_close,ohlcv_high,ohlcv_low,ohlcv_open,ohlcv_session,ohlcv_data_age_ms,ohlcv_data_quality,price_action_pattern,price_action_last_candle_bias,price_action_last_candle,price_action_body_strength,price_action_rejection_zone,price_action_wick_dominance,price_action_momentum_bias,price_action_move_quality,price_action_trap_alert,price_action_sr_interaction,price_action_volume_momentum,behavior_conviction,behavior_hesitation,behavior_pressure_balance,behavior_participation,behavior_behavior,behavior_is_decisive,behavior_confidence,candle_pattern_patterns_detected,candle_pattern_pattern_count,candle_pattern_pattern_strength,candle_pattern_bias,candle_pattern_last_candle_color,candle_pattern_confidence,trap_detector_trap_detected,trap_detector_trap_type,trap_detector_trap_score,trap_detector_false_breakout,trap_detector_stop_hunt,trap_detector_rejection_wick,trap_detector_confidence,conflict_conflict_detected,conflict_conflict_score,conflict_agreement_score,conflict_ema_direction,conflict_momentum_direction,conflict_candle_direction,conflict_conflicting_signals,conflict_all_aligned,conflict_confidence,continuation_continuation_probability,continuation_reversal_probability,continuation_pullback_health,continuation_momentum_intact,continuation_volume_supports_move,continuation_bias,continuation_confidence,continuation_retest_detected,continuation_retest_quality,continuation_retest_type,divergence_divergence_detected,divergence_divergence_type,divergence_rsi_divergence,divergence_macd_divergence,divergence_divergence_strength,divergence_both_confirm,divergence_confidence,efficiency_efficiency_ratio,efficiency_path_efficiency,efficiency_directional_efficiency,efficiency_overall_efficiency,efficiency_movement_quality,efficiency_is_efficient,efficiency_confidence,persistence_persistence_score,persistence_autocorrelation,persistence_max_consecutive_run,persistence_trend_persistence,persistence_is_persistent,persistence_behavior,persistence_confidence,persistence_expansion_persistence,persistence_fatigue_risk,transition_in_transition,transition_transition_type,transition_volatility_shift,transition_momentum_shift,transition_structure_shift,transition_stability_score,transition_is_stable,transition_confidence,analysis_trend_direction,analysis_trend_strength,analysis_trend_type,analysis_volatility_regime,engines_trend_direction,engines_trend_strength,engines_trend_momentum,engines_trend_type,engines_trend_confidence,engines_trend_reversal_risk,engines_trend_sustain_probability,engines_strength_momentum_level,engines_strength_divergence,engines_strength_strength_score,engines_strength_exhaustion_risk,engines_strength_confidence,engines_volatility_regime,engines_volatility_volatility_score,engines_volatility_expansion_probability,engines_volatility_contraction_probability,engines_volatility_volatility_zscore,engines_volatility_spike_detected,engines_volatility_confidence,engines_volatility_bbw_compression_ratio,engines_volatility_compression_quality,engines_structure_structure_type,engines_structure_structure_score,engines_structure_bos_detected,engines_structure_bos_type,engines_structure_key_zones_strong_support,engines_structure_key_zones_strong_resistance,engines_structure_key_zones_middle,engines_structure_zone_proximity,engines_structure_breakout_probability,engines_structure_reversal_probability,engines_structure_confidence,engines_mtf_directions_by_tf_M1,engines_mtf_directions_by_tf_M5,engines_mtf_directions_by_tf_M15,engines_mtf_alignment_score,engines_mtf_dominant_direction,engines_mtf_htf_direction,engines_mtf_ltf_direction,engines_mtf_htf_ltf_conflict,engines_mtf_timeframes_analyzed,engines_mtf_confidence_from_mtf,engines_mtf_confidence,market_state,market_state_full_state,market_state_full_confidence,market_state_full_quality_score,market_state_full_tradeable,market_state_full_stability,market_state_full_description,market_state_full_metrics_volume_ratio,market_state_full_metrics_noise_level,market_state_full_metrics_rsi_extreme_bull,market_state_full_metrics_rsi_extreme_bear,market_state_full_metrics_price_above_ma20,market_state_full_metrics_price_above_ma50,market_state_full_metrics_wick_lower_ratio,market_state_full_metrics_wick_upper_ratio,market_state_full_metrics_compression_detected,market_state_full_metrics_divergence_detected,market_state_full_metrics_volume_surge,market_state_full_metrics_adaptive_adx_threshold,market_state_full_metrics_is_otc,signals_triggered,signals_count,signals_top_signal,market_context_state,market_context_description,market_context_volatility_regime,market_context_news_impact,market_context_expected_volatility_%,market_context_recent_ai_memory,decision_layer_tradeable,decision_layer_tradeable_reason,decision_layer_confidence_score,decision_layer_stability_score,decision_layer_quality_score,decision_layer_risk_level,decision_layer_suggested_expiry_minutes,decision_layer_suggested_action,decision_layer_final_reason_th
2026-06-30 20:02:00,1.143535,1.143725,1.143275,1.143315,1.0,EURUSD-OTC,BEARISH,1.142272,1.141385,1.140985,1.142521,1.14564,1.147684,BULLISH,1.14437,1.136487,0.007882,0.01092,68.35,58.83,0.000119,-0.00048,0.000599,93.71,89.98,0.001535,37.5,-0.42,0.001523,0.001456,20.54,25.16,16.6,20.49,0.4676,1.0,1.0,1.0,False,0.000597,3.9e-05,-1.5e-05,1.143312,1.143538,1.143952,1.142898,1.142672,50,5.12,1.135865,1.143725,NO_VOLUME_DATA,1.14291,1.142436,1.14182,1.140836,68.7,65.97,0.000772,0.000656,92.13,91.34,0.000706,1.143488,1.139975,1.143438,1.143602,1.143152,1.0,1.0,1.143315,1.143725,1.143275,1.143535,LONDON,124501,LOW,1.143315,1.143725,1.143275,1.143535,LONDON,124501,LOW,NONE,BEARISH,BEARISH,WEAK,AT_PIVOT,LOW_WICK,NEUTRAL,CHAOTIC,NONE,TESTING_PIVOT,NORMAL,50,23,4.183757178014878,50,NEUTRAL,False,70,[],0,0,NEUTRAL,BEARISH,40,False,NONE,0,False,False,False,60,False,0,100,NONE,UP,UP,0,True,75,82,18,80,True,True,CONTINUATION,70,False,0.0,NONE,True,BEARISH,True,True,90,True,70,1.940035273368266,0.9051290646999136,50.0,17,POOR,False,75,73,0.09468772694283391,5,9.999999999999998,True,RANDOM,70,54.76456041427455,2.813444493183512,True,MOMENTUM_SHIFT,False,True,False,65,True,70,NONE,100,CHOPPY,NORMAL,NONE,100,0.4676,CHOPPY,20,50,30,NORMAL,NONE,60,30,70,NORMAL,58,40,60,-0.42,False,80,0.7217948717948719,86.0,RANGING,90,False,NONE,1.135865,1.143538,1.143312,FAR,30,50,85,UP,NONE,DOWN,33,NONE,DOWN,UP,True,"['M1', 'M5', 'M15']",33,33,SIDEWAY_RANGE,SIDEWAY_RANGE,55,60,True,29,Price ranging between clear levels. Suitable for mean-reversion strategies.,1.0,0.5,False,False,True,True,0.3,0.3,True,False,False,18,True,[],0,NO,SIDEWAY_RANGE,Price ranging between clear levels. Suitable for mean-reversion strategies.,NORMAL,NONE_OTC,0.134,[],True,Passed basic checks,0,33,50,MEDIUM,5,WAIT,รอการวิเคราะห์จาก AI
2026-06-30 20:04:00,1.143535,1.143725,1.143275,1.143315,1.0,EURUSD-OTC,BULLISH,1.142399,1.141454,1.141021,1.142536,1.145648,1.147688,BULLISH,1.144444,1.136451,0.007992,0.010921,72.73,60.72,0.000149,-0.000474,0.000623,94.1,90.11,0.001557,43.0,-0.31,0.001526,0.001456,20.73,26.23,16.37,23.15,0.501,1.0,1.0,1.0,False,0.000618,4.5e-05,-1.4e-05,1.143542,1.143998,1.144492,1.143048,1.142592,50,5.25,1.135865,1.143725,NO_VOLUME_DATA,1.14291,1.142436,1.14182,1.140836,68.7,65.97,0.000772,0.000656,92.13,91.34,0.000706,1.143488,1.139975,1.143438,1.143602,1.143152,1.0,1.0,1.143315,1.143725,1.143275,1.143535,LONDON,243928,LOW,1.143315,1.143725,1.143275,1.143535,LONDON,243928,LOW,DOJI,BEARISH,BEARISH,WEAK,AT_PIVOT,LOW_WICK,NEUTRAL,CHAOTIC,TRUE,TESTING_PIVOT,NORMAL,48,26,5.833333333333665,50,NEUTRAL,False,70,['DOJI'],1,20,NEUTRAL,BEARISH,60,True,BULL_TRAP,50,True,False,False,70,False,0,100,NONE,UP,UP,0,True,75,82,18,80,True,True,CONTINUATION,70,False,0.0,NONE,True,BEARISH,True,True,90,True,70,4.269392663860443,2.1566025215661044,50.0,18,POOR,False,75,73,0.108066474015009,5,9.999999999999998,True,RANDOM,70,55.85705874254745,3.2653313638826473,True,MOMENTUM_SHIFT,False,True,False,65,True,70,NONE,100,CHOPPY,NORMAL,NONE,100,0.501,CHOPPY,20,50,30,NORMAL,NONE,65,30,75,NORMAL,58,40,60,-0.31,False,80,0.7318011171138175,81.6,RANGING,90,False,NONE,1.135865,1.143725,1.143542,FAR,30,50,85,UP,NONE,NONE,33,UP,NONE,UP,False,"['M1', 'M5', 'M15']",33,33,SIDEWAY_RANGE,SIDEWAY_RANGE,56,60,True,29,Price ranging between clear levels. Suitable for mean-reversion strategies.,1.0,0.5,False,False,True,True,0.3,0.3,True,False,False,18,True,[],0,NO,SIDEWAY_RANGE,Price ranging between clear levels. Suitable for mean-reversion strategies.,NORMAL,NONE_OTC,0.136,[],True,Passed basic checks,0,33,50,MEDIUM,5,WAIT,รอการวิเคราะห์จาก AI
2026-06-30 20:05:00,1.143535,1.143725,1.143275,1.143315,1.0,EURUSD-OTC,BULLISH,1.142606,1.141566,1.14108,1.14256,1.14566,1.147696,BULLISH,1.144577,1.13638,0.008198,0.010923,75.71,62.78,0.000199,-0.000464,0.000663,94.61,90.28,0.001594,64.32,-0.1,0.001529,0.001456,21.02,27.95,15.99,27.22,0.5555,1.0,1.0,1.0,False,0.000652,5.4e-05,-1.2e-05,1.143922,1.144758,1.145392,1.143288,1.142452,50,5.45,1.135865,1.143725,NO_VOLUME_DATA,1.14291,1.142436,1.14182,1.140836,68.7,65.97,0.000772,0.000656,92.13,91.34,0.000706,1.143488,1.139975,1.143438,1.143602,1.143152,1.0,1.0,1.143315,1.143725,1.143275,1.143535,LONDON,305944,LOW,1.143315,1.143725,1.143275,1.143535,LONDON,305944,LOW,NONE,BULLISH,BULLISH,WEAK,AT_PIVOT,LOW_WICK,NEUTRAL,CHAOTIC,NONE,TESTING_PIVOT,NORMAL,50,23,8.224755700326302,50,NEUTRAL,False,70,[],0,0,NEUTRAL,BULLISH,40,False,NONE,0,False,False,False,60,False,0,100,NONE,UP,UP,0,True,75,82,18,80,True,True,CONTINUATION,70,False,0.0,NONE,True,BEARISH,True,True,90,True,70,7.755102040816738,4.142204827136567,50.0,20,POOR,False,75,73,0.1292357209699198,5,9.999999999999998,True,RANDOM,70,57.551049422270204,4.002558933367124,True,MOMENTUM_SHIFT,False,True,True,35,False,70,NONE,100,CHOPPY,HIGH,NONE,100,0.5555,CHOPPY,20,50,30,NORMAL,NONE,65,30,75,HIGH,73,40,60,-0.1,False,80,0.7505264121578321,64.54400000000001,RANGING,90,False,NONE,1.135865,1.143725,1.143922,FAR,30,50,85,UP,NONE,NONE,33,UP,NONE,UP,False,"['M1', 'M5', 'M15']",33,33,SIDEWAY_RANGE,SIDEWAY_RANGE,50,60,True,27,Price ranging between clear levels. Suitable for mean-reversion strategies.,1.0,0.5,False,False,True,True,0.3,0.3,True,False,False,22,True,[],0,NO,SIDEWAY_RANGE,Price ranging between clear levels. Suitable for mean-reversion strategies.,HIGH,NONE_OTC,0.139,[],True,Passed basic checks,0,33,50,MEDIUM,5,WAIT,รอการวิเคราะห์จาก AI
2026-06-30 20:12:00,1.142485,1.142955,1.142255,1.142955,1.0,EURUSD-OTC,BEARISH,1.142666,1.141939,1.141371,1.142569,1.145521,1.147431,BULLISH,1.144529,1.136397,0.008132,0.010982,60.84,56.32,0.00036,-0.000181,0.000541,83.93,89.52,0.001553,49.5,-0.23,0.001543,0.001464,20.42,24.74,17.7,16.58,0.3098,1.0,1.0,1.0,False,0.000436,0.000191,-1.1e-05,1.142675,1.143095,1.143315,1.142455,1.142035,50,5.6,1.135865,1.144555,NO_VOLUME_DATA,1.142941,1.14303,1.142722,1.141657,49.58,55.19,0.000534,0.000707,39.8,47.42,0.000685,1.14467,1.140907,1.142722,1.143188,1.142488,1.0,1.0,1.142955,1.142955,1.142255,1.142485,LONDON,123816,LOW,1.142955,1.142955,1.142255,1.142485,LONDON,123816,LOW,NONE,BULLISH,BULLISH,WEAK,AT_PIVOT,LOW_WICK,NEUTRAL,CHAOTIC,TRUE,TESTING_PIVOT,NORMAL,51,20,-2.0973486347444457,50,NEUTRAL,False,70,[],0,0,NEUTRAL,BULLISH,40,True,BULL_TRAP,50,True,False,False,70,False,0,100,NONE,UP,UP,0,True,75,82,18,80,True,True,CONTINUATION,70,False,0.0,NONE,True,BEARISH,True,True,90,True,70,0.36668412781568094,4.3478260869565215,50.0,18,POOR,False,75,73,0.06388220821240477,5,9.999999999999998,True,RANDOM,70,53.56239175343536,1.9761781284941993,True,MOMENTUM_SHIFT,False,True,False,65,True,70,NONE,100,CHOPPY,NORMAL,NONE,100,0.3098,CHOPPY,20,50,30,NORMAL,NONE,60,30,70,NORMAL,58,40,60,-0.23,False,80,0.740484429065744,76.4,RANGING,90,False,NONE,1.135865,1.143095,1.142675,FAR,30,50,85,UP,NONE,DOWN,33,NONE,DOWN,UP,True,"['M1', 'M5', 'M15']",33,33,SIDEWAY_RANGE,SIDEWAY_RANGE,57,60,True,29,Price ranging between clear levels. Suitable for mean-reversion strategies.,1.0,0.5,False,False,True,True,0.3,0.3,True,False,False,18,True,[],0,NO,SIDEWAY_RANGE,Price ranging between clear levels. Suitable for mean-reversion strategies.,NORMAL,NONE_OTC,0.136,[],True,Passed basic checks,0,33,50,MEDIUM,5,WAIT,รอการวิเคราะห์จาก AI
2026-06-30 20:32:00,1.141965,1.142885,1.141905,1.142855,1.0,EURUSD-OTC,BEARISH,1.142693,1.142385,1.141833,1.142602,1.145356,1.147592,BULLISH,1.145353,1.136342,0.009012,0.01113,55.57,54.41,0.000485,0.00021,0.000275,73.16,78.5,0.00152,44.0,-0.14,0.001567,0.001481,19.39,22.38,18.24,10.19,0.0902,1.0,1.0,1.0,False,4.7e-05,0.000334,-3e-06,1.142512,1.143118,1.143502,1.142128,1.141522,50,5.72,1.135865,1.144075,NO_VOLUME_DATA,1.142832,1.142969,1.142981,1.142411,47.63,49.7,8.4e-05,0.000207,33.75,45.82,0.000706,1.143997,1.142025,1.142548,1.143192,1.142212,1.0,1.0,1.142855,1.142885,1.141905,1.141965,LONDON,125104,LOW,1.142855,1.142885,1.141905,1.141965,LONDON,125104,LOW,NONE,BULLISH,BULLISH,WEAK,AT_PIVOT,LOW_WICK,NEUTRAL,CHAOTIC,NONE,TESTING_PIVOT,NORMAL,50,20,1.2762453684645263,50,NEUTRAL,False,70,[],0,0,NEUTRAL,BULLISH,40,False,NONE,0,False,False,False,60,False,0,100,NONE,NONE,UP,0,True,75,55,45,80,False,True,NEUTRAL,70,False,0.0,NONE,True,BEARISH,False,True,50,False,70,12.785145888594116,10.429835651074661,55.00000000000001,26,POOR,False,75,76,0.07992782916792623,5,30.000000000000004,True,RANDOM,70,51.73569504832912,1.1848695179258462,True,MOMENTUM_SHIFT,False,True,False,65,True,70,NONE,60,CHOPPY,NORMAL,NONE,60,0.0902,CHOPPY,20,50,30,WEAK,NONE,50,30,60,NORMAL,58,40,60,-0.14,False,80,0.8097035040431266,79.82964959568734,RANGING,90,False,NONE,1.135865,1.143118,1.142512,FAR,30,50,85,NONE,NONE,DOWN,33,DOWN,DOWN,NONE,False,"['M1', 'M5', 'M15']",33,33,SIDEWAY_RANGE,SIDEWAY_RANGE,54,60,True,28,Price ranging between clear levels. Suitable for mean-reversion strategies.,1.0,0.5,False,False,True,True,0.3,0.3,True,False,False,18,True,[],0,NO,SIDEWAY_RANGE,Price ranging between clear levels. Suitable for mean-reversion strategies.,NORMAL,NONE_OTC,0.133,[],True,Passed basic checks,0,33,50,MEDIUM,5,WAIT,รอการวิเคราะห์จาก AI
2026-06-30 20:33:00,1.141965,1.142885,1.141905,1.142855,1.0,EURUSD-OTC,BEARISH,1.142693,1.142385,1.141833,1.142602,1.145356,1.147592,BULLISH,1.145353,1.136342,0.009012,0.01113,55.57,54.41,0.000485,0.00021,0.000275,73.16,78.5,0.00152,44.0,-0.14,0.001567,0.001481,19.39,22.38,18.24,10.19,0.0902,1.0,1.0,1.0,False,4.7e-05,0.000334,-3e-06,1.142512,1.143118,1.143502,1.142128,1.141522,50,5.72,1.135865,1.144075,NO_VOLUME_DATA,1.142832,1.142969,1.142981,1.142411,47.63,49.7,8.4e-05,0.000207,33.75,45.82,0.000706,1.143997,1.142025,1.142548,1.143192,1.142212,1.0,1.0,1.142855,1.142885,1.141905,1.141965,LONDON,184608,LOW,1.142855,1.142885,1.141905,1.141965,LONDON,184608,LOW,NONE,BULLISH,BULLISH,WEAK,AT_PIVOT,LOW_WICK,NEUTRAL,CHAOTIC,NONE,TESTING_PIVOT,NORMAL,50,20,1.2762453684645263,50,NEUTRAL,False,70,[],0,0,NEUTRAL,BULLISH,40,False,NONE,0,False,False,False,60,False,0,100,NONE,NONE,UP,0,True,75,55,45,80,False,True,NEUTRAL,70,False,0.0,NONE,True,BEARISH,False,True,50,False,70,12.785145888594116,10.429835651074661,55.00000000000001,26,POOR,False,75,76,0.07992782916792623,5,30.000000000000004,True,RANDOM,70,51.73569504832912,1.1848695179258462,True,MOMENTUM_SHIFT,False,True,False,65,True,70,NONE,60,CHOPPY,NORMAL,NONE,60,0.0902,CHOPPY,20,50,30,WEAK,NONE,50,30,60,NORMAL,58,40,60,-0.14,False,80,0.8097035040431266,79.82964959568734,RANGING,90,False,NONE,1.135865,1.143118,1.142512,FAR,30,50,85,NONE,NONE,DOWN,33,DOWN,DOWN,NONE,False,"['M1', 'M5', 'M15']",33,33,SIDEWAY_RANGE,SIDEWAY_RANGE,54,60,True,28,Price ranging between clear levels. Suitable for mean-reversion strategies.,1.0,0.5,False,False,True,True,0.3,0.3,True,False,False,18,True,[],0,NO,SIDEWAY_RANGE,Price ranging between clear levels. Suitable for mean-reversion strategies.,NORMAL,NONE_OTC,0.133,[],True,Passed basic checks,0,33,50,MEDIUM,5,WAIT,รอการวิเคราะห์จาก AI
2026-06-30 20:34:00,1.141965,1.142885,1.141905,1.142855,1.0,EURUSD-OTC,BEARISH,1.142693,1.142385,1.141833,1.142602,1.145356,1.147592,BULLISH,1.145353,1.136342,0.009012,0.01113,55.57,54.41,0.000485,0.00021,0.000275,73.16,78.5,0.00152,44.0,-0.14,0.001567,0.001481,19.39,22.38,18.24,10.19,0.0902,1.0,1.0,1.0,False,4.7e-05,0.000334,-3e-06,1.142512,1.143118,1.143502,1.142128,1.141522,50,5.72,1.135865,1.144075,NO_VOLUME_DATA,1.142832,1.142969,1.142981,1.142411,47.63,49.7,8.4e-05,0.000207,33.75,45.82,0.000706,1.143997,1.142025,1.142548,1.143192,1.142212,1.0,1.0,1.142855,1.142885,1.141905,1.141965,LONDON,244273,LOW,1.142855,1.142885,1.141905,1.141965,LONDON,244273,LOW,NONE,BULLISH,BULLISH,WEAK,AT_PIVOT,LOW_WICK,NEUTRAL,CHAOTIC,NONE,TESTING_PIVOT,NORMAL,50,20,1.2762453684645263,50,NEUTRAL,False,70,[],0,0,NEUTRAL,BULLISH,40,False,NONE,0,False,False,False,60,False,0,100,NONE,NONE,UP,0,True,75,55,45,80,False,True,NEUTRAL,70,False,0.0,NONE,True,BEARISH,False,True,50,False,70,12.785145888594116,10.429835651074661,55.00000000000001,26,POOR,False,75,76,0.07992782916792623,5,30.000000000000004,True,RANDOM,70,51.73569504832912,1.1848695179258462,True,MOMENTUM_SHIFT,False,True,False,65,True,70,NONE,60,CHOPPY,NORMAL,NONE,60,0.0902,CHOPPY,20,50,30,WEAK,NONE,50,30,60,NORMAL,58,40,60,-0.14,False,80,0.8097035040431266,79.82964959568734,RANGING,90,False,NONE,1.135865,1.143118,1.142512,FAR,30,50,85,NONE,NONE,DOWN,33,DOWN,DOWN,NONE,False,"['M1', 'M5', 'M15']",33,33,SIDEWAY_RANGE,SIDEWAY_RANGE,54,60,True,28,Price ranging between clear levels. Suitable for mean-reversion strategies.,1.0,0.5,False,False,True,True,0.3,0.3,True,False,False,18,True,[],0,NO,SIDEWAY_RANGE,Price ranging between clear levels. Suitable for mean-reversion strategies.,NORMAL,NONE_OTC,0.133,[],True,Passed basic checks,0,33,50,MEDIUM,5,WAIT,รอการวิเคราะห์จาก AI
2026-06-30 20:35:00,1.141965,1.142885,1.141905,1.142855,1.0,EURUSD-OTC,BEARISH,1.143026,1.142566,1.141928,1.142641,1.145378,1.147616,BULLISH,1.145507,1.136288,0.009219,0.011132,61.94,57.91,0.000564,0.000226,0.000339,78.58,80.31,0.001618,77.39,0.19,0.001577,0.001481,19.77,23.33,17.06,15.53,0.1778,1.0,1.0,1.0,False,0.000102,0.000348,-1e-06,1.143298,1.144692,1.145648,1.142342,1.140948,50,5.37,1.135865,1.144555,NO_VOLUME_DATA,1.142832,1.142969,1.142981,1.142411,47.63,49.7,8.4e-05,0.000207,33.75,45.82,0.000706,1.143997,1.142025,1.142548,1.143192,1.142212,1.0,1.0,1.142855,1.142885,1.141905,1.141965,LONDON,304968,LOW,1.142855,1.142885,1.141905,1.141965,LONDON,304968,LOW,BULLISH_ENGULFING,BULLISH,BULLISH,WEAK,AT_PIVOT,LOW_WICK,NEUTRAL,CHAOTIC,NONE,TESTING_PIVOT,NORMAL,50,20,5.179913009094235,50,NEUTRAL,False,70,['BULLISH_ENGULFING'],1,20,BULLISH,BULLISH,60,False,NONE,0,False,False,False,60,False,0,100,NONE,UP,UP,0,True,75,55,45,80,False,True,NEUTRAL,70,False,0.0,NONE,True,BEARISH,False,True,50,False,70,17.178841309823113,13.03030303030271,55.00000000000001,28,POOR,False,75,76,0.0484253539446257,5,30.000000000000004,True,RANDOM,70,49.717921033671146,4.048789271949781,True,MOMENTUM_SHIFT,False,True,False,65,True,70,NONE,100,CHOPPY,EXTREME,NONE,100,0.1778,CHOPPY,20,50,30,WEAK,NONE,50,30,60,EXTREME,88,40,60,0.19,False,40,0.8281530722242185,51.27269277757814,RANGING,90,False,NONE,1.135865,1.144555,1.143298,FAR,30,50,85,NONE,NONE,DOWN,33,DOWN,DOWN,NONE,False,"['M1', 'M5', 'M15']",33,33,ACCUMULATION,ACCUMULATION,50,65,True,25,"Smart money accumulation. Bullish bias, look for breakout.",1.0,0.5,False,False,True,True,0.3,0.3,True,False,False,22,True,[],0,NO,ACCUMULATION,"Smart money accumulation. Bullish bias, look for breakout.",EXTREME,NONE_OTC,0.142,[],True,Passed basic checks,0,33,50,MEDIUM,5,WAIT,รอการวิเคราะห์จาก AI
2026-06-30 20:36:00,1.141965,1.142885,1.141905,1.142855,1.0,EURUSD-OTC,BEARISH,1.143026,1.142566,1.141928,1.142641,1.145378,1.147616,BULLISH,1.145507,1.136288,0.009219,0.011132,61.94,57.91,0.000564,0.000226,0.000339,78.58,80.31,0.001618,77.39,0.19,0.001577,0.001481,19.77,23.33,17.06,15.53,0.1778,1.0,1.0,1.0,False,0.000102,0.000348,-1e-06,1.143298,1.144692,1.145648,1.142342,1.140948,50,5.37,1.135865,1.144555,NO_VOLUME_DATA,1.142832,1.142969,1.142981,1.142411,47.63,49.7,8.4e-05,0.000207,33.75,45.82,0.000706,1.143997,1.142025,1.142548,1.143192,1.142212,1.0,1.0,1.142855,1.142885,1.141905,1.141965,LONDON,364306,LOW,1.142855,1.142885,1.141905,1.141965,LONDON,364306,LOW,BULLISH_ENGULFING,BULLISH,BULLISH,WEAK,AT_PIVOT,LOW_WICK,NEUTRAL,CHAOTIC,NONE,TESTING_PIVOT,NORMAL,50,20,5.179913009094235,50,NEUTRAL,False,70,['BULLISH_ENGULFING'],1,20,BULLISH,BULLISH,60,False,NONE,0,False,False,False,60,False,0,100,NONE,UP,UP,0,True,75,55,45,80,False,True,NEUTRAL,70,False,0.0,NONE,True,BEARISH,False,True,50,False,70,17.178841309823113,13.03030303030271,55.00000000000001,28,POOR,False,75,76,0.0484253539446257,5,30.000000000000004,True,RANDOM,70,49.717921033671146,4.048789271949781,True,MOMENTUM_SHIFT,False,True,False,65,True,70,NONE,100,CHOPPY,EXTREME,NONE,100,0.1778,CHOPPY,20,50,30,WEAK,NONE,50,30,60,EXTREME,88,40,60,0.19,False,40,0.8281530722242185,51.27269277757814,RANGING,90,False,NONE,1.135865,1.144555,1.143298,FAR,30,50,85,NONE,NONE,DOWN,33,DOWN,DOWN,NONE,False,"['M1', 'M5', 'M15']",33,33,ACCUMULATION,ACCUMULATION,50,65,True,25,"Smart money accumulation. Bullish bias, look for breakout.",1.0,0.5,False,False,True,True,0.3,0.3,True,False,False,22,True,[],0,NO,ACCUMULATION,"Smart money accumulation. Bullish bias, look for breakout.",EXTREME,NONE_OTC,0.142,[],True,Passed basic checks,0,33,50,MEDIUM,5,WAIT,รอการวิเคราะห์จาก AI
2026-06-30 20:37:00,1.141965,1.142885,1.141905,1.142855,1.0,EURUSD-OTC,BEARISH,1.143026,1.142566,1.141928,1.142641,1.145378,1.147616,BULLISH,1.145507,1.136288,0.009219,0.011132,61.94,57.91,0.000564,0.000226,0.000339,78.58,80.31,0.001618,77.39,0.19,0.001577,0.001481,19.77,23.33,17.06,15.53,0.1778,1.0,1.0,1.0,False,0.000102,0.000348,-1e-06,1.143298,1.144692,1.145648,1.142342,1.140948,50,5.37,1.135865,1.144555,NO_VOLUME_DATA,1.142832,1.142969,1.142981,1.142411,47.63,49.7,8.4e-05,0.000207,33.75,45.82,0.000706,1.143997,1.142025,1.142548,1.143192,1.142212,1.0,1.0,1.142855,1.142885,1.141905,1.141965,LONDON,423876,LOW,1.142855,1.142885,1.141905,1.141965,LONDON,423876,LOW,BULLISH_ENGULFING,BULLISH,BULLISH,WEAK,AT_PIVOT,LOW_WICK,NEUTRAL,CHAOTIC,NONE,TESTING_PIVOT,NORMAL,50,20,5.179913009094235,50,NEUTRAL,False,70,['BULLISH_ENGULFING'],1,20,BULLISH,BULLISH,60,False,NONE,0,False,False,False,60,False,0,100,NONE,UP,UP,0,True,75,55,45,80,False,True,NEUTRAL,70,False,0.0,NONE,True,BEARISH,False,True,50,False,70,17.178841309823113,13.03030303030271,55.00000000000001,28,POOR,False,75,76,0.0484253539446257,5,30.000000000000004,True,RANDOM,70,49.717921033671146,4.048789271949781,True,MOMENTUM_SHIFT,False,True,False,65,True,70,NONE,100,CHOPPY,EXTREME,NONE,100,0.1778,CHOPPY,20,50,30,WEAK,NONE,50,30,60,EXTREME,88,40,60,0.19,False,40,0.8281530722242185,51.27269277757814,RANGING,90,False,NONE,1.135865,1.144555,1.143298,FAR,30,50,85,NONE,NONE,DOWN,33,DOWN,DOWN,NONE,False,"['M1', 'M5', 'M15']",33,33,ACCUMULATION,ACCUMULATION,50,65,True,25,"Smart money accumulation. Bullish bias, look for breakout.",1.0,0.5,False,False,True,True,0.3,0.3,True,False,False,22,True,[],0,NO,ACCUMULATION,"Smart money accumulation. Bullish bias, look for breakout.",EXTREME,NONE_OTC,0.142,[],True,Passed basic checks,0,33,50,MEDIUM,5,WAIT,รอการวิเคราะห์จาก AI
2026-06-30 20:38:00,1.141965,1.142885,1.141905,1.142855,1.0,EURUSD-OTC,BEARISH,1.143026,1.142566,1.141928,1.142641,1.145378,1.147616,BULLISH,1.145507,1.136288,0.009219,0.011132,61.94,57.91,0.000564,0.000226,0.000339,78.58,80.31,0.001618,77.39,0.19,0.001577,0.001481,19.77,23.33,17.06,15.53,0.1778,1.0,1.0,1.0,False,0.000102,0.000348,-1e-06,1.143298,1.144692,1.145648,1.142342,1.140948,50,5.37,1.135865,1.144555,NO_VOLUME_DATA,1.142832,1.142969,1.142981,1.142411,47.63,49.7,8.4e-05,0.000207,33.75,45.82,0.000706,1.143997,1.142025,1.142548,1.143192,1.142212,1.0,1.0,1.142855,1.142885,1.141905,1.141965,LONDON,484401,LOW,1.142855,1.142885,1.141905,1.141965,LONDON,484401,LOW,BULLISH_ENGULFING,BULLISH,BULLISH,WEAK,AT_PIVOT,LOW_WICK,NEUTRAL,CHAOTIC,NONE,TESTING_PIVOT,NORMAL,50,20,5.179913009094235,50,NEUTRAL,False,70,['BULLISH_ENGULFING'],1,20,BULLISH,BULLISH,60,False,NONE,0,False,False,False,60,False,0,100,NONE,UP,UP,0,True,75,55,45,80,False,True,NEUTRAL,70,False,0.0,NONE,True,BEARISH,False,True,50,False,70,17.178841309823113,13.03030303030271,55.00000000000001,28,POOR,False,75,76,0.0484253539446257,5,30.000000000000004,True,RANDOM,70,49.717921033671146,4.048789271949781,True,MOMENTUM_SHIFT,False,True,False,65,True,70,NONE,100,CHOPPY,EXTREME,NONE,100,0.1778,CHOPPY,20,50,30,WEAK,NONE,50,30,60,EXTREME,88,40,60,0.19,False,40,0.8281530722242185,51.27269277757814,RANGING,90,False,NONE,1.135865,1.144555,1.143298,FAR,30,50,85,NONE,NONE,DOWN,33,DOWN,DOWN,NONE,False,"['M1', 'M5', 'M15']",33,33,ACCUMULATION,ACCUMULATION,50,65,True,25,"Smart money accumulation. Bullish bias, look for breakout.",1.0,0.5,False,False,True,True,0.3,0.3,True,False,False,22,True,[],0,NO,ACCUMULATION,"Smart money accumulation. Bullish bias, look for breakout.",EXTREME,NONE_OTC,0.142,[],True,Passed basic checks,0,33,50,MEDIUM,5,WAIT,รอการวิเคราะห์จาก AI
2026-06-30 20:39:00,1.141965,1.142885,1.141905,1.142855,1.0,EURUSD-OTC,BEARISH,1.143026,1.142566,1.141928,1.142641,1.145378,1.147616,BULLISH,1.145507,1.136288,0.009219,0.011132,61.94,57.91,0.000564,0.000226,0.000339,78.58,80.31,0.001618,77.39,0.19,0.001577,0.001481,19.77,23.33,17.06,15.53,0.1778,1.0,1.0,1.0,False,0.000102,0.000348,-1e-06,1.143298,1.144692,1.145648,1.142342,1.140948,50,5.37,1.135865,1.144555,NO_VOLUME_DATA,1.142832,1.142969,1.142981,1.142411,47.63,49.7,8.4e-05,0.000207,33.75,45.82,0.000706,1.143997,1.142025,1.142548,1.143192,1.142212,1.0,1.0,1.142855,1.142885,1.141905,1.141965,LONDON,543878,LOW,1.142855,1.142885,1.141905,1.141965,LONDON,543878,LOW,BULLISH_ENGULFING,BULLISH,BULLISH,WEAK,AT_PIVOT,LOW_WICK,NEUTRAL,CHAOTIC,NONE,TESTING_PIVOT,NORMAL,50,20,5.179913009094235,50,NEUTRAL,False,70,['BULLISH_ENGULFING'],1,20,BULLISH,BULLISH,60,False,NONE,0,False,False,False,60,False,0,100,NONE,UP,UP,0,True,75,55,45,80,False,True,NEUTRAL,70,False,0.0,NONE,True,BEARISH,False,True,50,False,70,17.178841309823113,13.03030303030271,55.00000000000001,28,POOR,False,75,76,0.0484253539446257,5,30.000000000000004,True,RANDOM,70,49.717921033671146,4.048789271949781,True,MOMENTUM_SHIFT,False,True,False,65,True,70,NONE,100,CHOPPY,EXTREME,NONE,100,0.1778,CHOPPY,20,50,30,WEAK,NONE,50,30,60,EXTREME,88,40,60,0.19,False,40,0.8281530722242185,51.27269277757814,RANGING,90,False,NONE,1.135865,1.144555,1.143298,FAR,30,50,85,NONE,NONE,DOWN,33,DOWN,DOWN,NONE,False,"['M1', 'M5', 'M15']",33,33,ACCUMULATION,ACCUMULATION,50,65,True,25,"Smart money accumulation. Bullish bias, look for breakout.",1.0,0.5,False,False,True,True,0.3,0.3,True,False,False,22,True,[],0,NO,ACCUMULATION,"Smart money accumulation. Bullish bias, look for breakout.",EXTREME,NONE_OTC,0.142,[],True,Passed basic checks,0,33,50,MEDIUM,5,WAIT,รอการวิเคราะห์จาก AI
2026-06-30 20:40:00,1.143725,1.143725,1.142395,1.142645,1.0,EURUSD-OTC,BEARISH,1.143006,1.142639,1.142027,1.142654,1.145337,1.147622,BULLISH,1.145716,1.136432,0.009284,0.01117,54.87,54.44,0.000569,0.000294,0.000274,74.09,77.21,0.001641,79.9,0.22,0.001589,0.00149,19.36,21.35,16.13,13.92,0.1051,1.0,1.0,1.0,False,2.9e-05,0.000355,5e-06,1.142825,1.143865,1.144765,1.141925,1.140885,50,5.3,1.135865,1.144555,NO_VOLUME_DATA,1.143286,1.143284,1.143193,1.142617,40.1,46.3,0.000165,0.000198,65.53,76.58,0.000759,1.144281,1.142208,1.142922,1.143448,1.142118,1.0,1.0,1.142645,1.143725,1.142395,1.143725,LONDON,305521,LOW,1.142645,1.143725,1.142395,1.143725,LONDON,305521,LOW,NONE,BEARISH,BEARISH,WEAK,AT_PIVOT,LOW_WICK,NEUTRAL,CHAOTIC,TRUE,TESTING_PIVOT,NORMAL,50,20,6.14525139664758,50,NEUTRAL,False,70,[],0,0,NEUTRAL,BEARISH,40,True,REJECTION,25,False,False,True,70,False,0,50,NONE,NONE,NONE,0,False,75,55,45,80,False,True,NEUTRAL,70,False,0.0,NONE,True,BEARISH,False,True,50,False,70,17.89153573238737,12.947494033412665,55.00000000000001,28,POOR,False,75,78,0.0344384960287807,5,39.99999999999999,True,RANDOM,70,45.16888494745375,7.482351978733328,True,MOMENTUM_SHIFT,False,True,False,65,True,70,NONE,40,CHOPPY,EXTREME,NONE,40,0.1051,CHOPPY,20,50,30,WEAK,NONE,50,30,60,EXTREME,88,40,60,0.22,False,40,0.8311548791405552,48.96451208594447,RANGING,90,False,NONE,1.135865,1.143865,1.142825,FAR,30,50,85,NONE,NONE,DOWN,33,DOWN,DOWN,NONE,False,"['M1', 'M5', 'M15']",33,33,ACCUMULATION,ACCUMULATION,50,65,True,25,"Smart money accumulation. Bullish bias, look for breakout.",1.0,0.5,False,False,True,False,0.3,0.3,True,False,False,22,True,[],0,NO,ACCUMULATION,"Smart money accumulation. Bullish bias, look for breakout.",EXTREME,NONE_OTC,0.144,[],True,Passed basic checks,0,33,50,MEDIUM,5,WAIT,รอการวิเคราะห์จาก AI
2026-06-30 20:41:00,1.143725,1.143725,1.142395,1.142645,1.0,EURUSD-OTC,BEARISH,1.143006,1.142639,1.142027,1.142654,1.145337,1.147622,BULLISH,1.145716,1.136432,0.009284,0.01117,54.87,54.44,0.000569,0.000294,0.000274,74.09,77.21,0.001641,79.9,0.22,0.001589,0.00149,19.36,21.35,16.13,13.92,0.1051,1.0,1.0,1.0,False,2.9e-05,0.000355,5e-06,1.142825,1.143865,1.144765,1.141925,1.140885,50,5.3,1.135865,1.144555,NO_VOLUME_DATA,1.143286,1.143284,1.143193,1.142617,40.1,46.3,0.000165,0.000198,65.53,76.58,0.000759,1.144281,1.142208,1.142922,1.143448,1.142118,1.0,1.0,1.142645,1.143725,1.142395,1.143725,LONDON,364039,LOW,1.142645,1.143725,1.142395,1.143725,LONDON,364039,LOW,NONE,BEARISH,BEARISH,WEAK,AT_PIVOT,LOW_WICK,NEUTRAL,CHAOTIC,TRUE,TESTING_PIVOT,NORMAL,50,20,6.14525139664758,50,NEUTRAL,False,70,[],0,0,NEUTRAL,BEARISH,40,True,REJECTION,25,False,False,True,70,False,0,50,NONE,NONE,NONE,0,False,75,55,45,80,False,True,NEUTRAL,70,False,0.0,NONE,True,BEARISH,False,True,50,False,70,17.89153573238737,12.947494033412665,55.00000000000001,28,POOR,False,75,78,0.0344384960287807,5,39.99999999999999,True,RANDOM,70,45.16888494745375,7.482351978733328,True,MOMENTUM_SHIFT,False,True,False,65,True,70,NONE,40,CHOPPY,EXTREME,NONE,40,0.1051,CHOPPY,20,50,30,WEAK,NONE,50,30,60,EXTREME,88,40,60,0.22,False,40,0.8311548791405552,48.96451208594447,RANGING,90,False,NONE,1.135865,1.143865,1.142825,FAR,30,50,85,NONE,NONE,DOWN,33,DOWN,DOWN,NONE,False,"['M1', 'M5', 'M15']",33,33,ACCUMULATION,ACCUMULATION,50,65,True,25,"Smart money accumulation. Bullish bias, look for breakout.",1.0,0.5,False,False,True,False,0.3,0.3,True,False,False,22,True,[],0,NO,ACCUMULATION,"Smart money accumulation. Bullish bias, look for breakout.",EXTREME,NONE_OTC,0.144,[],True,Passed basic checks,0,33,50,MEDIUM,5,WAIT,รอการวิเคราะห์จาก AI
2026-06-30 20:42:00,1.143725,1.143725,1.142395,1.142645,1.0,EURUSD-OTC,BEARISH,1.143006,1.142639,1.142027,1.142654,1.145337,1.147622,BULLISH,1.145716,1.136432,0.009284,0.01117,54.87,54.44,0.000569,0.000294,0.000274,74.09,77.21,0.001641,79.9,0.22,0.001589,0.00149,19.36,21.35,16.13,13.92,0.1051,1.0,1.0,1.0,False,2.9e-05,0.000355,5e-06,1.142825,1.143865,1.144765,1.141925,1.140885,50,5.3,1.135865,1.144555,NO_VOLUME_DATA,1.143286,1.143284,1.143193,1.142617,40.1,46.3,0.000165,0.000198,65.53,76.58,0.000759,1.144281,1.142208,1.142922,1.143448,1.142118,1.0,1.0,1.142645,1.143725,1.142395,1.143725,LONDON,423962,LOW,1.142645,1.143725,1.142395,1.143725,LONDON,423962,LOW,NONE,BEARISH,BEARISH,WEAK,AT_PIVOT,LOW_WICK,NEUTRAL,CHAOTIC,TRUE,TESTING_PIVOT,NORMAL,50,20,6.14525139664758,50,NEUTRAL,False,70,[],0,0,NEUTRAL,BEARISH,40,True,REJECTION,25,False,False,True,70,False,0,50,NONE,NONE,NONE,0,False,75,55,45,80,False,True,NEUTRAL,70,False,0.0,NONE,True,BEARISH,False,True,50,False,70,17.89153573238737,12.947494033412665,55.00000000000001,28,POOR,False,75,78,0.0344384960287807,5,39.99999999999999,True,RANDOM,70,45.16888494745375,7.482351978733328,True,MOMENTUM_SHIFT,False,True,False,65,True,70,NONE,40,CHOPPY,EXTREME,NONE,40,0.1051,CHOPPY,20,50,30,WEAK,NONE,50,30,60,EXTREME,88,40,60,0.22,False,40,0.8311548791405552,48.96451208594447,RANGING,90,False,NONE,1.135865,1.143865,1.142825,FAR,30,50,85,NONE,NONE,DOWN,33,DOWN,DOWN,NONE,False,"['M1', 'M5', 'M15']",33,33,ACCUMULATION,ACCUMULATION,50,65,True,25,"Smart money accumulation. Bullish bias, look for breakout.",1.0,0.5,False,False,True,False,0.3,0.3,True,False,False,22,True,[],0,NO,ACCUMULATION,"Smart money accumulation. Bullish bias, look for breakout.",EXTREME,NONE_OTC,0.144,[],True,Passed basic checks,0,33,50,MEDIUM,5,WAIT,รอการวิเคราะห์จาก AI
2026-06-30 20:43:00,1.143725,1.143725,1.142395,1.142645,1.0,EURUSD-OTC,BEARISH,1.143006,1.142639,1.142027,1.142654,1.145337,1.147622,BULLISH,1.145716,1.136432,0.009284,0.01117,54.87,54.44,0.000569,0.000294,0.000274,74.09,77.21,0.001641,79.9,0.22,0.001589,0.00149,19.36,21.35,16.13,13.92,0.1051,1.0,1.0,1.0,False,2.9e-05,0.000355,5e-06,1.142825,1.143865,1.144765,1.141925,1.140885,50,5.3,1.135865,1.144555,NO_VOLUME_DATA,1.143286,1.143284,1.143193,1.142617,40.1,46.3,0.000165,0.000198,65.53,76.58,0.000759,1.144281,1.142208,1.142922,1.143448,1.142118,1.0,1.0,1.142645,1.143725,1.142395,1.143725,LONDON,484316,LOW,1.142645,1.143725,1.142395,1.143725,LONDON,484316,LOW,NONE,BEARISH,BEARISH,WEAK,AT_PIVOT,LOW_WICK,NEUTRAL,CHAOTIC,TRUE,TESTING_PIVOT,NORMAL,50,20,6.14525139664758,50,NEUTRAL,False,70,[],0,0,NEUTRAL,BEARISH,40,True,REJECTION,25,False,False,True,70,False,0,50,NONE,NONE,NONE,0,False,75,55,45,80,False,True,NEUTRAL,70,False,0.0,NONE,True,BEARISH,False,True,50,False,70,17.89153573238737,12.947494033412665,55.00000000000001,28,POOR,False,75,78,0.0344384960287807,5,39.99999999999999,True,RANDOM,70,45.16888494745375,7.482351978733328,True,MOMENTUM_SHIFT,False,True,False,65,True,70,NONE,40,CHOPPY,EXTREME,NONE,40,0.1051,CHOPPY,20,50,30,WEAK,NONE,50,30,60,EXTREME,88,40,60,0.22,False,40,0.8311548791405552,48.96451208594447,RANGING,90,False,NONE,1.135865,1.143865,1.142825,FAR,30,50,85,NONE,NONE,DOWN,33,DOWN,DOWN,NONE,False,"['M1', 'M5', 'M15']",33,33,ACCUMULATION,ACCUMULATION,50,65,True,25,"Smart money accumulation. Bullish bias, look for breakout.",1.0,0.5,False,False,True,False,0.3,0.3,True,False,False,22,True,[],0,NO,ACCUMULATION,"Smart money accumulation. Bullish bias, look for breakout.",EXTREME,NONE_OTC,0.144,[],True,Passed basic checks,0,33,50,MEDIUM,5,WAIT,รอการวิเคราะห์จาก AI
2026-06-30 20:44:00,1.143725,1.143725,1.142395,1.142645,1.0,EURUSD-OTC,BEARISH,1.143006,1.142639,1.142027,1.142654,1.145337,1.147622,BULLISH,1.145716,1.136432,0.009284,0.01117,54.87,54.44,0.000569,0.000294,0.000274,74.09,77.21,0.001641,79.9,0.22,0.001589,0.00149,19.36,21.35,16.13,13.92,0.1051,1.0,1.0,1.0,False,2.9e-05,0.000355,5e-06,1.142825,1.143865,1.144765,1.141925,1.140885,50,5.3,1.135865,1.144555,NO_VOLUME_DATA,1.143286,1.143284,1.143193,1.142617,40.1,46.3,0.000165,0.000198,65.53,76.58,0.000759,1.144281,1.142208,1.142922,1.143448,1.142118,1.0,1.0,1.142645,1.143725,1.142395,1.143725,LONDON,544011,LOW,1.142645,1.143725,1.142395,1.143725,LONDON,544011,LOW,NONE,BEARISH,BEARISH,WEAK,AT_PIVOT,LOW_WICK,NEUTRAL,CHAOTIC,TRUE,TESTING_PIVOT,NORMAL,50,20,6.14525139664758,50,NEUTRAL,False,70,[],0,0,NEUTRAL,BEARISH,40,True,REJECTION,25,False,False,True,70,False,0,50,NONE,NONE,NONE,0,False,75,55,45,80,False,True,NEUTRAL,70,False,0.0,NONE,True,BEARISH,False,True,50,False,70,17.89153573238737,12.947494033412665,55.00000000000001,28,POOR,False,75,78,0.0344384960287807,5,39.99999999999999,True,RANDOM,70,45.16888494745375,7.482351978733328,True,MOMENTUM_SHIFT,False,True,False,65,True,70,NONE,40,CHOPPY,EXTREME,NONE,40,0.1051,CHOPPY,20,50,30,WEAK,NONE,50,30,60,EXTREME,88,40,60,0.22,False,40,0.8311548791405552,48.96451208594447,RANGING,90,False,NONE,1.135865,1.143865,1.142825,FAR,30,50,85,NONE,NONE,DOWN,33,DOWN,DOWN,NONE,False,"['M1', 'M5', 'M15']",33,33,ACCUMULATION,ACCUMULATION,50,65,True,25,"Smart money accumulation. Bullish bias, look for breakout.",1.0,0.5,False,False,True,False,0.3,0.3,True,False,False,22,True,[],0,NO,ACCUMULATION,"Smart money accumulation. Bullish bias, look for breakout.",EXTREME,NONE_OTC,0.144,[],True,Passed basic checks,0,33,50,MEDIUM,5,WAIT,รอการวิเคราะห์จาก AI
2026-06-30 20:45:00,1.142945,1.143145,1.142905,1.143015,1.0,EURUSD-OTC,BULLISH,1.143009,1.142707,1.142121,1.142668,1.145298,1.147626,BULLISH,1.145866,1.136721,0.009146,0.011204,55.26,54.63,0.000569,0.000349,0.00022,75.87,76.18,0.001608,70.85,-0.03,0.001594,0.001501,18.98,20.29,15.3,14.03,-0.0472,1.0,1.0,1.0,False,-5.1e-05,0.000344,8e-06,1.143105,1.143645,1.144275,1.142475,1.141935,50,5.4,1.135865,1.144255,NO_VOLUME_DATA,1.142835,1.142901,1.142973,1.142615,51.49,50.63,-2.4e-05,5.4e-05,43.99,30.41,0.0007,1.144175,1.141978,1.143022,1.143138,1.142898,1.0,1.0,1.143015,1.143145,1.142905,1.142945,LONDON,305973,LOW,1.143015,1.143145,1.142905,1.142945,LONDON,305973,LOW,DOJI,BULLISH,BULLISH,WEAK,AT_PIVOT,LOW_WICK,BULLISH,NOISY,TRUE,TESTING_PIVOT,NORMAL,49,23,4.969696969695515,50,NEUTRAL,False,70,['DOJI'],1,20,NEUTRAL,BULLISH,60,True,REJECTION,25,False,False,True,70,False,0,50,NONE,NONE,NONE,0,False,75,55,45,80,False,True,NEUTRAL,70,False,0.0,NONE,True,BEARISH,False,True,50,False,70,23.14180284659942,17.1912832929776,60.0,33,POOR,False,75,79,0.015274759289719641,5,50.0,True,RANDOM,70,41.44519433882317,11.104272355884204,False,NONE,False,False,False,100,True,70,NONE,80,CHOPPY,HIGH,NONE,80,-0.0472,CHOPPY,20,50,30,WEAK,BULLISH,50,30,60,HIGH,73,40,60,-0.03,False,80,0.8163156015708675,57.68843984291326,RANGING,90,False,NONE,1.135865,1.143645,1.143105,FAR,30,50,85,UP,NONE,NONE,33,UP,NONE,UP,False,"['M1', 'M5', 'M15']",33,33,ACCUMULATION,ACCUMULATION,50,56,False,10,"Smart money accumulation. Bullish bias, look for breakout.",1.0,0.8,False,False,True,True,0.3,0.3,True,False,False,22,True,[],0,NO,ACCUMULATION,"Smart money accumulation. Bullish bias, look for breakout.",HIGH,NONE_OTC,0.141,[],False,Passed basic checks,0,33,50,MEDIUM,5,WAIT,รอการวิเคราะห์จาก AI
2026-06-30 20:46:00,1.142945,1.143145,1.142905,1.143015,1.0,EURUSD-OTC,BULLISH,1.143009,1.142707,1.142121,1.142668,1.145298,1.147626,BULLISH,1.145866,1.136721,0.009146,0.011204,55.26,54.63,0.000569,0.000349,0.00022,75.87,76.18,0.001608,70.85,-0.03,0.001594,0.001501,18.98,20.29,15.3,14.03,-0.0472,1.0,1.0,1.0,False,-5.1e-05,0.000344,8e-06,1.143105,1.143645,1.144275,1.142475,1.141935,50,5.4,1.135865,1.144255,NO_VOLUME_DATA,1.142835,1.142901,1.142973,1.142615,51.49,50.63,-2.4e-05,5.4e-05,43.99,30.41,0.0007,1.144175,1.141978,1.143022,1.143138,1.142898,1.0,1.0,1.143015,1.143145,1.142905,1.142945,LONDON,364373,LOW,1.143015,1.143145,1.142905,1.142945,LONDON,364373,LOW,DOJI,BULLISH,BULLISH,WEAK,AT_PIVOT,LOW_WICK,BULLISH,NOISY,TRUE,TESTING_PIVOT,NORMAL,49,23,4.969696969695515,50,NEUTRAL,False,70,['DOJI'],1,20,NEUTRAL,BULLISH,60,True,REJECTION,25,False,False,True,70,False,0,50,NONE,NONE,NONE,0,False,75,55,45,80,False,True,NEUTRAL,70,False,0.0,NONE,True,BEARISH,False,True,50,False,70,23.14180284659942,17.1912832929776,60.0,33,POOR,False,75,79,0.015274759289719641,5,50.0,True,RANDOM,70,41.44519433882317,11.104272355884204,False,NONE,False,False,False,100,True,70,NONE,80,CHOPPY,HIGH,NONE,80,-0.0472,CHOPPY,20,50,30,WEAK,BULLISH,50,30,60,HIGH,73,40,60,-0.03,False,80,0.8163156015708675,57.68843984291326,RANGING,90,False,NONE,1.135865,1.143645,1.143105,FAR,30,50,85,UP,NONE,NONE,33,UP,NONE,UP,False,"['M1', 'M5', 'M15']",33,33,ACCUMULATION,ACCUMULATION,50,56,False,10,"Smart money accumulation. Bullish bias, look for breakout.",1.0,0.8,False,False,True,True,0.3,0.3,True,False,False,22,True,[],0,NO,ACCUMULATION,"Smart money accumulation. Bullish bias, look for breakout.",HIGH,NONE_OTC,0.141,[],False,Passed basic checks,0,33,50,MEDIUM,5,WAIT,รอการวิเคราะห์จาก AI
2026-06-30 20:47:00,1.142945,1.143145,1.142905,1.143015,1.0,EURUSD-OTC,BULLISH,1.143009,1.142707,1.142121,1.142668,1.145298,1.147626,BULLISH,1.145866,1.136721,0.009146,0.011204,55.26,54.63,0.000569,0.000349,0.00022,75.87,76.18,0.001608,70.85,-0.03,0.001594,0.001501,18.98,20.29,15.3,14.03,-0.0472,1.0,1.0,1.0,False,-5.1e-05,0.000344,8e-06,1.143105,1.143645,1.144275,1.142475,1.141935,50,5.4,1.135865,1.144255,NO_VOLUME_DATA,1.142835,1.142901,1.142973,1.142615,51.49,50.63,-2.4e-05,5.4e-05,43.99,30.41,0.0007,1.144175,1.141978,1.143022,1.143138,1.142898,1.0,1.0,1.143015,1.143145,1.142905,1.142945,LONDON,423861,LOW,1.143015,1.143145,1.142905,1.142945,LONDON,423861,LOW,DOJI,BULLISH,BULLISH,WEAK,AT_PIVOT,LOW_WICK,BULLISH,NOISY,TRUE,TESTING_PIVOT,NORMAL,49,23,4.969696969695515,50,NEUTRAL,False,70,['DOJI'],1,20,NEUTRAL,BULLISH,60,True,REJECTION,25,False,False,True,70,False,0,50,NONE,NONE,NONE,0,False,75,55,45,80,False,True,NEUTRAL,70,False,0.0,NONE,True,BEARISH,False,True,50,False,70,23.14180284659942,17.1912832929776,60.0,33,POOR,False,75,79,0.015274759289719641,5,50.0,True,RANDOM,70,41.44519433882317,11.104272355884204,False,NONE,False,False,False,100,True,70,NONE,80,CHOPPY,HIGH,NONE,80,-0.0472,CHOPPY,20,50,30,WEAK,BULLISH,50,30,60,HIGH,73,40,60,-0.03,False,80,0.8163156015708675,57.68843984291326,RANGING,90,False,NONE,1.135865,1.143645,1.143105,FAR,30,50,85,UP,NONE,NONE,33,UP,NONE,UP,False,"['M1', 'M5', 'M15']",33,33,ACCUMULATION,ACCUMULATION,50,56,False,10,"Smart money accumulation. Bullish bias, look for breakout.",1.0,0.8,False,False,True,True,0.3,0.3,True,False,False,22,True,[],0,NO,ACCUMULATION,"Smart money accumulation. Bullish bias, look for breakout.",HIGH,NONE_OTC,0.141,[],False,Passed basic checks,0,33,50,MEDIUM,5,WAIT,รอการวิเคราะห์จาก AI
2026-06-30 20:48:00,1.142945,1.143145,1.142905,1.143015,1.0,EURUSD-OTC,BULLISH,1.143009,1.142707,1.142121,1.142668,1.145298,1.147626,BULLISH,1.145866,1.136721,0.009146,0.011204,55.26,54.63,0.000569,0.000349,0.00022,75.87,76.18,0.001608,70.85,-0.03,0.001594,0.001501,18.98,20.29,15.3,14.03,-0.0472,1.0,1.0,1.0,False,-5.1e-05,0.000344,8e-06,1.143105,1.143645,1.144275,1.142475,1.141935,50,5.4,1.135865,1.144255,NO_VOLUME_DATA,1.142835,1.142901,1.142973,1.142615,51.49,50.63,-2.4e-05,5.4e-05,43.99,30.41,0.0007,1.144175,1.141978,1.143022,1.143138,1.142898,1.0,1.0,1.143015,1.143145,1.142905,1.142945,LONDON,484322,LOW,1.143015,1.143145,1.142905,1.142945,LONDON,484322,LOW,DOJI,BULLISH,BULLISH,WEAK,AT_PIVOT,LOW_WICK,BULLISH,NOISY,TRUE,TESTING_PIVOT,NORMAL,49,23,4.969696969695515,50,NEUTRAL,False,70,['DOJI'],1,20,NEUTRAL,BULLISH,60,True,REJECTION,25,False,False,True,70,False,0,50,NONE,NONE,NONE,0,False,75,55,45,80,False,True,NEUTRAL,70,False,0.0,NONE,True,BEARISH,False,True,50,False,70,23.14180284659942,17.1912832929776,60.0,33,POOR,False,75,79,0.015274759289719641,5,50.0,True,RANDOM,70,41.44519433882317,11.104272355884204,False,NONE,False,False,False,100,True,70,NONE,80,CHOPPY,HIGH,NONE,80,-0.0472,CHOPPY,20,50,30,WEAK,BULLISH,50,30,60,HIGH,73,40,60,-0.03,False,80,0.8163156015708675,57.68843984291326,RANGING,90,False,NONE,1.135865,1.143645,1.143105,FAR,30,50,85,UP,NONE,NONE,33,UP,NONE,UP,False,"['M1', 'M5', 'M15']",33,33,ACCUMULATION,ACCUMULATION,50,56,False,10,"Smart money accumulation. Bullish bias, look for breakout.",1.0,0.8,False,False,True,True,0.3,0.3,True,False,False,22,True,[],0,NO,ACCUMULATION,"Smart money accumulation. Bullish bias, look for breakout.",HIGH,NONE_OTC,0.141,[],False,Passed basic checks,0,33,50,MEDIUM,5,WAIT,รอการวิเคราะห์จาก AI
2026-06-30 20:49:00,1.142945,1.143145,1.142905,1.143015,1.0,EURUSD-OTC,BULLISH,1.143009,1.142707,1.142121,1.142668,1.145298,1.147626,BULLISH,1.145866,1.136721,0.009146,0.011204,55.26,54.63,0.000569,0.000349,0.00022,75.87,76.18,0.001608,70.85,-0.03,0.001594,0.001501,18.98,20.29,15.3,14.03,-0.0472,1.0,1.0,1.0,False,-5.1e-05,0.000344,8e-06,1.143105,1.143645,1.144275,1.142475,1.141935,50,5.4,1.135865,1.144255,NO_VOLUME_DATA,1.142835,1.142901,1.142973,1.142615,51.49,50.63,-2.4e-05,5.4e-05,43.99,30.41,0.0007,1.144175,1.141978,1.143022,1.143138,1.142898,1.0,1.0,1.143015,1.143145,1.142905,1.142945,LONDON,543838,LOW,1.143015,1.143145,1.142905,1.142945,LONDON,543838,LOW,DOJI,BULLISH,BULLISH,WEAK,AT_PIVOT,LOW_WICK,BULLISH,NOISY,TRUE,TESTING_PIVOT,NORMAL,49,23,4.969696969695515,50,NEUTRAL,False,70,['DOJI'],1,20,NEUTRAL,BULLISH,60,True,REJECTION,25,False,False,True,70,False,0,50,NONE,NONE,NONE,0,False,75,55,45,80,False,True,NEUTRAL,70,False,0.0,NONE,True,BEARISH,False,True,50,False,70,23.14180284659942,17.1912832929776,60.0,33,POOR,False,75,79,0.015274759289719641,5,50.0,True,RANDOM,70,41.44519433882317,11.104272355884204,False,NONE,False,False,False,100,True,70,NONE,80,CHOPPY,HIGH,NONE,80,-0.0472,CHOPPY,20,50,30,WEAK,BULLISH,50,30,60,HIGH,73,40,60,-0.03,False,80,0.8163156015708675,57.68843984291326,RANGING,90,False,NONE,1.135865,1.143645,1.143105,FAR,30,50,85,UP,NONE,NONE,33,UP,NONE,UP,False,"['M1', 'M5', 'M15']",33,33,ACCUMULATION,ACCUMULATION,50,56,False,10,"Smart money accumulation. Bullish bias, look for breakout.",1.0,0.8,False,False,True,True,0.3,0.3,True,False,False,22,True,[],0,NO,ACCUMULATION,"Smart money accumulation. Bullish bias, look for breakout.",HIGH,NONE_OTC,0.141,[],False,Passed basic checks,0,33,50,MEDIUM,5,WAIT,รอการวิเคราะห์จาก AI
2026-06-30 20:50:00,1.143095,1.143545,1.142965,1.143285,1.0,EURUSD-OTC,BULLISH,1.143224,1.14288,1.142267,1.142707,1.14525,1.147471,BULLISH,1.14591,1.137309,0.008601,0.011229,60.33,57.1,0.000615,0.000402,0.000212,73.77,74.57,0.001576,49.25,-0.24,0.001591,0.001516,18.93,20.99,14.49,18.31,-0.0411,1.0,1.0,1.0,False,7e-06,0.000315,1.1e-05,1.143582,1.144198,1.144742,1.143038,1.142422,50,5.51,1.141785,1.144255,NO_VOLUME_DATA,1.143076,1.143029,1.143024,1.142704,56.12,52.88,2.7e-05,2.6e-05,51.15,49.89,0.000653,1.144149,1.141955,1.143265,1.143565,1.142985,1.0,1.0,1.143285,1.143545,1.142965,1.143095,LONDON,305673,LOW,1.143285,1.143545,1.142965,1.143095,LONDON,305673,LOW,MORNING_STAR,BULLISH,BULLISH,WEAK,AT_PIVOT,LOW_WICK,BULLISH,NOISY,NONE,TESTING_PIVOT,NORMAL,49,23,4.700162074553633,50,NEUTRAL,False,70,['MORNING_STAR'],1,20,BULLISH,BULLISH,60,False,NONE,0,False,False,False,60,False,0,50,NONE,NONE,NONE,0,False,75,55,45,80,False,True,NEUTRAL,70,False,0.0,NONE,True,BEARISH,False,True,50,False,70,34.49781659388681,22.848392036753154,65.0,40,FAIR,False,75,69,-0.0011525550792822207,5,60.00000000000001,True,RANDOM,70,43.3265962564754,9.756252017567437,True,MOMENTUM_SHIFT,False,True,False,65,True,70,NONE,20,CHOPPY,NORMAL,NONE,20,-0.0411,CHOPPY,20,50,30,WEAK,BULLISH,50,30,60,NORMAL,58,40,60,-0.24,False,80,0.7659631311781993,76.6,RANGING,90,False,NONE,1.141785,1.144198,1.143582,FAR,30,50,85,UP,NONE,NONE,33,UP,NONE,UP,False,"['M1', 'M5', 'M15']",33,33,ACCUMULATION,ACCUMULATION,50,56,False,11,"Smart money accumulation. Bullish bias, look for breakout.",1.0,0.8,False,False,True,True,0.3,0.3,True,False,False,18,True,[],0,NO,ACCUMULATION,"Smart money accumulation. Bullish bias, look for breakout.",NORMAL,NONE_OTC,0.138,[],False,Passed basic checks,0,33,50,MEDIUM,5,WAIT,รอการวิเคราะห์จาก AI
2026-06-30 20:51:00,1.143095,1.143545,1.142965,1.143285,1.0,EURUSD-OTC,BULLISH,1.143224,1.14288,1.142267,1.142707,1.14525,1.147471,BULLISH,1.14591,1.137309,0.008601,0.011229,60.33,57.1,0.000615,0.000402,0.000212,73.77,74.57,0.001576,49.25,-0.24,0.001591,0.001516,18.93,20.99,14.49,18.31,-0.0411,1.0,1.0,1.0,False,7e-06,0.000315,1.1e-05,1.143582,1.144198,1.144742,1.143038,1.142422,50,5.51,1.141785,1.144255,NO_VOLUME_DATA,1.143076,1.143029,1.143024,1.142704,56.12,52.88,2.7e-05,2.6e-05,51.15,49.89,0.000653,1.144149,1.141955,1.143265,1.143565,1.142985,1.0,1.0,1.143285,1.143545,1.142965,1.143095,LONDON,364129,LOW,1.143285,1.143545,1.142965,1.143095,LONDON,364129,LOW,MORNING_STAR,BULLISH,BULLISH,WEAK,AT_PIVOT,LOW_WICK,BULLISH,NOISY,NONE,TESTING_PIVOT,NORMAL,49,23,4.700162074553633,50,NEUTRAL,False,70,['MORNING_STAR'],1,20,BULLISH,BULLISH,60,False,NONE,0,False,False,False,60,False,0,50,NONE,NONE,NONE,0,False,75,55,45,80,False,True,NEUTRAL,70,False,0.0,NONE,True,BEARISH,False,True,50,False,70,34.49781659388681,22.848392036753154,65.0,40,FAIR,False,75,69,-0.0011525550792822207,5,60.00000000000001,True,RANDOM,70,43.3265962564754,9.756252017567437,True,MOMENTUM_SHIFT,False,True,False,65,True,70,NONE,20,CHOPPY,NORMAL,NONE,20,-0.0411,CHOPPY,20,50,30,WEAK,BULLISH,50,30,60,NORMAL,58,40,60,-0.24,False,80,0.7659631311781993,76.6,RANGING,90,False,NONE,1.141785,1.144198,1.143582,FAR,30,50,85,UP,NONE,NONE,33,UP,NONE,UP,False,"['M1', 'M5', 'M15']",33,33,ACCUMULATION,ACCUMULATION,50,56,False,11,"Smart money accumulation. Bullish bias, look for breakout.",1.0,0.8,False,False,True,True,0.3,0.3,True,False,False,18,True,[],0,NO,ACCUMULATION,"Smart money accumulation. Bullish bias, look for breakout.",NORMAL,NONE_OTC,0.138,[],False,Passed basic checks,0,33,50,MEDIUM,5,WAIT,รอการวิเคราะห์จาก AI
2026-06-30 20:52:00,1.143095,1.143545,1.142965,1.143285,1.0,EURUSD-OTC,BULLISH,1.143224,1.14288,1.142267,1.142707,1.14525,1.147471,BULLISH,1.14591,1.137309,0.008601,0.011229,60.33,57.1,0.000615,0.000402,0.000212,73.77,74.57,0.001576,49.25,-0.24,0.001591,0.001516,18.93,20.99,14.49,18.31,-0.0411,1.0,1.0,1.0,False,7e-06,0.000315,1.1e-05,1.143582,1.144198,1.144742,1.143038,1.142422,50,5.51,1.141785,1.144255,NO_VOLUME_DATA,1.143076,1.143029,1.143024,1.142704,56.12,52.88,2.7e-05,2.6e-05,51.15,49.89,0.000653,1.144149,1.141955,1.143265,1.143565,1.142985,1.0,1.0,1.143285,1.143545,1.142965,1.143095,LONDON,423650,LOW,1.143285,1.143545,1.142965,1.143095,LONDON,423650,LOW,MORNING_STAR,BULLISH,BULLISH,WEAK,AT_PIVOT,LOW_WICK,BULLISH,NOISY,NONE,TESTING_PIVOT,NORMAL,49,23,4.700162074553633,50,NEUTRAL,False,70,['MORNING_STAR'],1,20,BULLISH,BULLISH,60,False,NONE,0,False,False,False,60,False,0,50,NONE,NONE,NONE,0,False,75,55,45,80,False,True,NEUTRAL,70,False,0.0,NONE,True,BEARISH,False,True,50,False,70,34.49781659388681,22.848392036753154,65.0,40,FAIR,False,75,69,-0.0011525550792822207,5,60.00000000000001,True,RANDOM,70,43.3265962564754,9.756252017567437,True,MOMENTUM_SHIFT,False,True,False,65,True,70,NONE,20,CHOPPY,NORMAL,NONE,20,-0.0411,CHOPPY,20,50,30,WEAK,BULLISH,50,30,60,NORMAL,58,40,60,-0.24,False,80,0.7659631311781993,76.6,RANGING,90,False,NONE,1.141785,1.144198,1.143582,FAR,30,50,85,UP,NONE,NONE,33,UP,NONE,UP,False,"['M1', 'M5', 'M15']",33,33,ACCUMULATION,ACCUMULATION,50,56,False,11,"Smart money accumulation. Bullish bias, look for breakout.",1.0,0.8,False,False,True,True,0.3,0.3,True,False,False,18,True,[],0,NO,ACCUMULATION,"Smart money accumulation. Bullish bias, look for breakout.",NORMAL,NONE_OTC,0.138,[],False,Passed basic checks,0,33,50,MEDIUM,5,WAIT,รอการวิเคราะห์จาก AI
2026-06-30 20:53:00,1.143095,1.143545,1.142965,1.143285,1.0,EURUSD-OTC,BULLISH,1.143224,1.14288,1.142267,1.142707,1.14525,1.147471,BULLISH,1.14591,1.137309,0.008601,0.011229,60.33,57.1,0.000615,0.000402,0.000212,73.77,74.57,0.001576,49.25,-0.24,0.001591,0.001516,18.93,20.99,14.49,18.31,-0.0411,1.0,1.0,1.0,False,7e-06,0.000315,1.1e-05,1.143582,1.144198,1.144742,1.143038,1.142422,50,5.51,1.141785,1.144255,NO_VOLUME_DATA,1.143076,1.143029,1.143024,1.142704,56.12,52.88,2.7e-05,2.6e-05,51.15,49.89,0.000653,1.144149,1.141955,1.143265,1.143565,1.142985,1.0,1.0,1.143285,1.143545,1.142965,1.143095,LONDON,484332,LOW,1.143285,1.143545,1.142965,1.143095,LONDON,484332,LOW,MORNING_STAR,BULLISH,BULLISH,WEAK,AT_PIVOT,LOW_WICK,BULLISH,NOISY,NONE,TESTING_PIVOT,NORMAL,49,23,4.700162074553633,50,NEUTRAL,False,70,['MORNING_STAR'],1,20,BULLISH,BULLISH,60,False,NONE,0,False,False,False,60,False,0,50,NONE,NONE,NONE,0,False,75,55,45,80,False,True,NEUTRAL,70,False,0.0,NONE,True,BEARISH,False,True,50,False,70,34.49781659388681,22.848392036753154,65.0,40,FAIR,False,75,69,-0.0011525550792822207,5,60.00000000000001,True,RANDOM,70,43.3265962564754,9.756252017567437,True,MOMENTUM_SHIFT,False,True,False,65,True,70,NONE,20,CHOPPY,NORMAL,NONE,20,-0.0411,CHOPPY,20,50,30,WEAK,BULLISH,50,30,60,NORMAL,58,40,60,-0.24,False,80,0.7659631311781993,76.6,RANGING,90,False,NONE,1.141785,1.144198,1.143582,FAR,30,50,85,UP,NONE,NONE,33,UP,NONE,UP,False,"['M1', 'M5', 'M15']",33,33,ACCUMULATION,ACCUMULATION,50,56,False,11,"Smart money accumulation. Bullish bias, look for breakout.",1.0,0.8,False,False,True,True,0.3,0.3,True,False,False,18,True,[],0,NO,ACCUMULATION,"Smart money accumulation. Bullish bias, look for breakout.",NORMAL,NONE_OTC,0.138,[],False,Passed basic checks,0,33,50,MEDIUM,5,WAIT,รอการวิเคราะห์จาก AI
2026-06-30 20:54:00,1.143095,1.143545,1.142965,1.143285,1.0,EURUSD-OTC,BULLISH,1.143224,1.14288,1.142267,1.142707,1.14525,1.147471,BULLISH,1.14591,1.137309,0.008601,0.011229,60.33,57.1,0.000615,0.000402,0.000212,73.77,74.57,0.001576,49.25,-0.24,0.001591,0.001516,18.93,20.99,14.49,18.31,-0.0411,1.0,1.0,1.0,False,7e-06,0.000315,1.1e-05,1.143582,1.144198,1.144742,1.143038,1.142422,50,5.51,1.141785,1.144255,NO_VOLUME_DATA,1.143076,1.143029,1.143024,1.142704,56.12,52.88,2.7e-05,2.6e-05,51.15,49.89,0.000653,1.144149,1.141955,1.143265,1.143565,1.142985,1.0,1.0,1.143285,1.143545,1.142965,1.143095,LONDON,543557,LOW,1.143285,1.143545,1.142965,1.143095,LONDON,543557,LOW,MORNING_STAR,BULLISH,BULLISH,WEAK,AT_PIVOT,LOW_WICK,BULLISH,NOISY,NONE,TESTING_PIVOT,NORMAL,49,23,4.700162074553633,50,NEUTRAL,False,70,['MORNING_STAR'],1,20,BULLISH,BULLISH,60,False,NONE,0,False,False,False,60,False,0,50,NONE,NONE,NONE,0,False,75,55,45,80,False,True,NEUTRAL,70,False,0.0,NONE,True,BEARISH,False,True,50,False,70,34.49781659388681,22.848392036753154,65.0,40,FAIR,False,75,69,-0.0011525550792822207,5,60.00000000000001,True,RANDOM,70,43.3265962564754,9.756252017567437,True,MOMENTUM_SHIFT,False,True,False,65,True,70,NONE,20,CHOPPY,NORMAL,NONE,20,-0.0411,CHOPPY,20,50,30,WEAK,BULLISH,50,30,60,NORMAL,58,40,60,-0.24,False,80,0.7659631311781993,76.6,RANGING,90,False,NONE,1.141785,1.144198,1.143582,FAR,30,50,85,UP,NONE,NONE,33,UP,NONE,UP,False,"['M1', 'M5', 'M15']",33,33,ACCUMULATION,ACCUMULATION,50,56,False,11,"Smart money accumulation. Bullish bias, look for breakout.",1.0,0.8,False,False,True,True,0.3,0.3,True,False,False,18,True,[],0,NO,ACCUMULATION,"Smart money accumulation. Bullish bias, look for breakout.",NORMAL,NONE_OTC,0.138,[],False,Passed basic checks,0,33,50,MEDIUM,5,WAIT,รอการวิเคราะห์จาก AI
2026-06-30 20:55:00,1.143685,1.144295,1.143645,1.143775,1.0,EURUSD-OTC,BULLISH,1.143488,1.143086,1.142434,1.142757,1.145197,1.147224,BULLISH,1.14563,1.138371,0.007259,0.011247,63.08,58.47,0.000672,0.000456,0.000216,77.09,75.58,0.001545,32.66,-0.53,0.001586,0.001529,19.37,22.93,13.73,25.11,0.1348,1.0,1.0,1.0,False,0.000122,0.000264,1.2e-05,1.144148,1.144652,1.145288,1.143512,1.143008,50,5.77,1.141785,1.144255,NO_VOLUME_DATA,1.143585,1.143429,1.143276,1.142878,59.77,55.83,0.000173,0.000105,73.72,76.32,0.000657,1.144341,1.142125,1.143905,1.144165,1.143515,1.0,1.0,1.143775,1.144295,1.143645,1.143685,LONDON,305348,LOW,1.143775,1.144295,1.143645,1.143685,LONDON,305348,LOW,SHOOTING_STAR,BULLISH,BULLISH,WEAK,AT_PIVOT,LOW_WICK,BULLISH,NOISY,TRUE,TESTING_PIVOT,NORMAL,49,23,4.622871046227541,50,NEUTRAL,False,70,['SHOOTING_STAR'],1,20,BEARISH,BULLISH,60,True,BULL_TRAP,75,True,False,True,70,False,0,50,NONE,NONE,NONE,0,False,75,55,45,80,False,True,NEUTRAL,70,False,0.0,NONE,True,BEARISH,False,True,50,False,70,44.583808437855694,19.273743016759582,70.0,44,FAIR,False,75,70,-0.0025155017780178353,5,70.0,True,RANDOM,70,41.56587217647944,11.566318545558271,True,MOMENTUM_SHIFT,False,True,False,65,True,70,NONE,100,CHOPPY,NORMAL,NONE,100,0.1348,CHOPPY,20,50,30,WEAK,NONE,50,30,60,NORMAL,58,40,60,-0.53,False,80,0.645416555525918,89.872,RANGING,90,False,NONE,1.141785,1.144255,1.144148,FAR,30,50,85,UP,NONE,NONE,33,UP,NONE,UP,False,"['M1', 'M5', 'M15']",33,33,SIDEWAY_RANGE,SIDEWAY_RANGE,55,51,False,11,Price ranging between clear levels. Suitable for mean-reversion strategies.,1.0,0.8,False,False,True,True,0.3,0.3,True,False,False,18,True,[],0,NO,SIDEWAY_RANGE,Price ranging between clear levels. Suitable for mean-reversion strategies.,NORMAL,NONE_OTC,0.135,[],False,Passed basic checks,0,33,50,MEDIUM,5,WAIT,รอการวิเคราะห์จาก AI
2026-06-30 20:56:00,1.143685,1.144295,1.143645,1.143775,1.0,EURUSD-OTC,BULLISH,1.143488,1.143086,1.142434,1.142757,1.145197,1.147224,BULLISH,1.14563,1.138371,0.007259,0.011247,63.08,58.47,0.000672,0.000456,0.000216,77.09,75.58,0.001545,32.66,-0.53,0.001586,0.001529,19.37,22.93,13.73,25.11,0.1348,1.0,1.0,1.0,False,0.000122,0.000264,1.2e-05,1.144148,1.144652,1.145288,1.143512,1.143008,50,5.77,1.141785,1.144255,NO_VOLUME_DATA,1.143585,1.143429,1.143276,1.142878,59.77,55.83,0.000173,0.000105,73.72,76.32,0.000657,1.144341,1.142125,1.143905,1.144165,1.143515,1.0,1.0,1.143775,1.144295,1.143645,1.143685,LONDON,363625,LOW,1.143775,1.144295,1.143645,1.143685,LONDON,363625,LOW,SHOOTING_STAR,BULLISH,BULLISH,WEAK,AT_PIVOT,LOW_WICK,BULLISH,NOISY,TRUE,TESTING_PIVOT,NORMAL,49,23,4.622871046227541,50,NEUTRAL,False,70,['SHOOTING_STAR'],1,20,BEARISH,BULLISH,60,True,BULL_TRAP,75,True,False,True,70,False,0,50,NONE,NONE,NONE,0,False,75,55,45,80,False,True,NEUTRAL,70,False,0.0,NONE,True,BEARISH,False,True,50,False,70,44.583808437855694,19.273743016759582,70.0,44,FAIR,False,75,70,-0.0025155017780178353,5,70.0,True,RANDOM,70,41.56587217647944,11.566318545558271,True,MOMENTUM_SHIFT,False,True,False,65,True,70,NONE,100,CHOPPY,NORMAL,NONE,100,0.1348,CHOPPY,20,50,30,WEAK,NONE,50,30,60,NORMAL,58,40,60,-0.53,False,80,0.645416555525918,89.872,RANGING,90,False,NONE,1.141785,1.144255,1.144148,FAR,30,50,85,UP,NONE,NONE,33,UP,NONE,UP,False,"['M1', 'M5', 'M15']",33,33,SIDEWAY_RANGE,SIDEWAY_RANGE,55,51,False,11,Price ranging between clear levels. Suitable for mean-reversion strategies.,1.0,0.8,False,False,True,True,0.3,0.3,True,False,False,18,True,[],0,NO,SIDEWAY_RANGE,Price ranging between clear levels. Suitable for mean-reversion strategies.,NORMAL,NONE_OTC,0.135,[],False,Passed basic checks,0,33,50,MEDIUM,5,WAIT,รอการวิเคราะห์จาก AI
2026-06-30 20:57:00,1.143685,1.144295,1.143645,1.143775,1.0,EURUSD-OTC,BULLISH,1.143488,1.143086,1.142434,1.142757,1.145197,1.147224,BULLISH,1.14563,1.138371,0.007259,0.011247,63.08,58.47,0.000672,0.000456,0.000216,77.09,75.58,0.001545,32.66,-0.53,0.001586,0.001529,19.37,22.93,13.73,25.11,0.1348,1.0,1.0,1.0,False,0.000122,0.000264,1.2e-05,1.144148,1.144652,1.145288,1.143512,1.143008,50,5.77,1.141785,1.144255,NO_VOLUME_DATA,1.143585,1.143429,1.143276,1.142878,59.77,55.83,0.000173,0.000105,73.72,76.32,0.000657,1.144341,1.142125,1.143905,1.144165,1.143515,1.0,1.0,1.143775,1.144295,1.143645,1.143685,LONDON,423980,LOW,1.143775,1.144295,1.143645,1.143685,LONDON,423980,LOW,SHOOTING_STAR,BULLISH,BULLISH,WEAK,AT_PIVOT,LOW_WICK,BULLISH,NOISY,TRUE,TESTING_PIVOT,NORMAL,49,23,4.622871046227541,50,NEUTRAL,False,70,['SHOOTING_STAR'],1,20,BEARISH,BULLISH,60,True,BULL_TRAP,75,True,False,True,70,False,0,50,NONE,NONE,NONE,0,False,75,55,45,80,False,True,NEUTRAL,70,False,0.0,NONE,True,BEARISH,False,True,50,False,70,44.583808437855694,19.273743016759582,70.0,44,FAIR,False,75,70,-0.0025155017780178353,5,70.0,True,RANDOM,70,41.56587217647944,11.566318545558271,True,MOMENTUM_SHIFT,False,True,False,65,True,70,NONE,100,CHOPPY,NORMAL,NONE,100,0.1348,CHOPPY,20,50,30,WEAK,NONE,50,30,60,NORMAL,58,40,60,-0.53,False,80,0.645416555525918,89.872,RANGING,90,False,NONE,1.141785,1.144255,1.144148,FAR,30,50,85,UP,NONE,NONE,33,UP,NONE,UP,False,"['M1', 'M5', 'M15']",33,33,SIDEWAY_RANGE,SIDEWAY_RANGE,55,51,False,11,Price ranging between clear levels. Suitable for mean-reversion strategies.,1.0,0.8,False,False,True,True,0.3,0.3,True,False,False,18,True,[],0,NO,SIDEWAY_RANGE,Price ranging between clear levels. Suitable for mean-reversion strategies.,NORMAL,NONE_OTC,0.135,[],False,Passed basic checks,0,33,50,MEDIUM,5,WAIT,รอการวิเคราะห์จาก AI
2026-06-30 20:58:00,1.143685,1.144295,1.143645,1.143775,1.0,EURUSD-OTC,BULLISH,1.143488,1.143086,1.142434,1.142757,1.145197,1.147224,BULLISH,1.14563,1.138371,0.007259,0.011247,63.08,58.47,0.000672,0.000456,0.000216,77.09,75.58,0.001545,32.66,-0.53,0.001586,0.001529,19.37,22.93,13.73,25.11,0.1348,1.0,1.0,1.0,False,0.000122,0.000264,1.2e-05,1.144148,1.144652,1.145288,1.143512,1.143008,50,5.77,1.141785,1.144255,NO_VOLUME_DATA,1.143585,1.143429,1.143276,1.142878,59.77,55.83,0.000173,0.000105,73.72,76.32,0.000657,1.144341,1.142125,1.143905,1.144165,1.143515,1.0,1.0,1.143775,1.144295,1.143645,1.143685,LONDON,484681,LOW,1.143775,1.144295,1.143645,1.143685,LONDON,484681,LOW,SHOOTING_STAR,BULLISH,BULLISH,WEAK,AT_PIVOT,LOW_WICK,BULLISH,NOISY,TRUE,TESTING_PIVOT,NORMAL,49,23,4.622871046227541,50,NEUTRAL,False,70,['SHOOTING_STAR'],1,20,BEARISH,BULLISH,60,True,BULL_TRAP,75,True,False,True,70,False,0,50,NONE,NONE,NONE,0,False,75,55,45,80,False,True,NEUTRAL,70,False,0.0,NONE,True,BEARISH,False,True,50,False,70,44.583808437855694,19.273743016759582,70.0,44,FAIR,False,75,70,-0.0025155017780178353,5,70.0,True,RANDOM,70,41.56587217647944,11.566318545558271,True,MOMENTUM_SHIFT,False,True,False,65,True,70,NONE,100,CHOPPY,NORMAL,NONE,100,0.1348,CHOPPY,20,50,30,WEAK,NONE,50,30,60,NORMAL,58,40,60,-0.53,False,80,0.645416555525918,89.872,RANGING,90,False,NONE,1.141785,1.144255,1.144148,FAR,30,50,85,UP,NONE,NONE,33,UP,NONE,UP,False,"['M1', 'M5', 'M15']",33,33,SIDEWAY_RANGE,SIDEWAY_RANGE,55,51,False,11,Price ranging between clear levels. Suitable for mean-reversion strategies.,1.0,0.8,False,False,True,True,0.3,0.3,True,False,False,18,True,[],0,NO,SIDEWAY_RANGE,Price ranging between clear levels. Suitable for mean-reversion strategies.,NORMAL,NONE_OTC,0.135,[],False,Passed basic checks,0,33,50,MEDIUM,5,WAIT,รอการวิเคราะห์จาก AI
2026-06-30 20:59:00,1.143685,1.144295,1.143645,1.143775,1.0,EURUSD-OTC,BULLISH,1.143488,1.143086,1.142434,1.142757,1.145197,1.147224,BULLISH,1.14563,1.138371,0.007259,0.011247,63.08,58.47,0.000672,0.000456,0.000216,77.09,75.58,0.001545,32.66,-0.53,0.001586,0.001529,19.37,22.93,13.73,25.11,0.1348,1.0,1.0,1.0,False,0.000122,0.000264,1.2e-05,1.144148,1.144652,1.145288,1.143512,1.143008,50,5.77,1.141785,1.144255,NO_VOLUME_DATA,1.143585,1.143429,1.143276,1.142879,59.77,55.83,0.000173,0.000105,73.72,76.32,0.000657,1.144341,1.142125,1.143905,1.144165,1.143515,1.0,1.0,1.143775,1.144295,1.143645,1.143685,LONDON,543985,LOW,1.143775,1.144295,1.143645,1.143685,LONDON,543985,LOW,SHOOTING_STAR,BULLISH,BULLISH,WEAK,AT_PIVOT,LOW_WICK,BULLISH,NOISY,TRUE,TESTING_PIVOT,NORMAL,49,23,4.622871046227541,50,NEUTRAL,False,70,['SHOOTING_STAR'],1,20,BEARISH,BULLISH,60,True,BULL_TRAP,75,True,False,True,70,False,0,50,NONE,NONE,NONE,0,False,75,55,45,80,False,True,NEUTRAL,70,False,0.0,NONE,True,BEARISH,False,True,50,False,70,44.583808437855694,19.273743016759582,70.0,44,FAIR,False,75,70,-0.0025155017780178353,5,70.0,True,RANDOM,70,41.56587217647944,11.566318545558271,True,MOMENTUM_SHIFT,False,True,False,65,True,70,NONE,100,CHOPPY,NORMAL,NONE,100,0.1348,CHOPPY,20,50,30,WEAK,NONE,50,30,60,NORMAL,58,40,60,-0.53,False,80,0.645416555525918,89.872,RANGING,90,False,NONE,1.141785,1.144255,1.144148,FAR,30,50,85,UP,NONE,NONE,33,UP,NONE,UP,False,"['M1', 'M5', 'M15']",33,33,SIDEWAY_RANGE,SIDEWAY_RANGE,55,51,False,11,Price ranging between clear levels. Suitable for mean-reversion strategies.,1.0,0.8,False,False,True,True,0.3,0.3,True,False,False,18,True,[],0,NO,SIDEWAY_RANGE,Price ranging between clear levels. Suitable for mean-reversion strategies.,NORMAL,NONE_OTC,0.135,[],False,Passed basic checks,0,33,50,MEDIUM,5,WAIT,รอการวิเคราะห์จาก AI
2026-06-30 21:00:00,1.144045,1.144825,1.143875,1.144675,1.0,EURUSD-OTC,BULLISH,1.14393,1.1434,1.14266,1.142838,1.145199,1.147276,BULLISH,1.145629,1.139073,0.006557,0.011262,68.7,61.41,0.000773,0.00052,0.000253,82.74,77.87,0.001553,45.73,-0.29,0.001579,0.001539,20.27,24.63,12.68,32.04,0.2004,1.0,1.0,1.0,False,0.000171,0.000238,1.4e-05,1.144742,1.145608,1.146402,1.143948,1.143082,20,5.14,1.141785,1.144255,NO_VOLUME_DATA,1.144318,1.144047,1.143716,1.143152,66.04,60.9,0.000372,0.000252,82.77,86.07,0.000654,1.144894,1.141979,1.144458,1.145042,1.144092,1.0,1.0,1.144675,1.144825,1.143875,1.144045,NEW YORK,305317,LOW,1.144675,1.144825,1.143875,1.144045,NEW YORK,305317,LOW,NONE,BULLISH,BULLISH,WEAK,AT_PIVOT,LOW_WICK,BULLISH,NOISY,NONE,TESTING_PIVOT,NORMAL,51,20,7.2189349112417895,50,NEUTRAL,False,70,[],0,0,NEUTRAL,BULLISH,40,False,NONE,0,False,False,False,60,False,0,100,NONE,NONE,UP,0,True,75,82,18,80,True,True,CONTINUATION,70,False,0.0,NONE,True,BEARISH,False,True,50,False,70,41.90077704722,19.593521752937182,70.0,43,FAIR,False,75,84,0.007365567735366467,5,80.0,True,RANDOM,70,41.078262552453936,12.70182742679604,True,MOMENTUM_SHIFT,False,True,True,35,False,70,NONE,100,CHOPPY,NORMAL,NONE,100,0.2004,CHOPPY,20,50,30,NORMAL,NONE,65,30,75,NORMAL,58,40,60,-0.29,False,80,0.5822234061445569,79.416,RANGING,90,False,NONE,1.141785,1.144255,1.144742,FAR,30,50,85,UP,NONE,NONE,33,UP,NONE,UP,False,"['M1', 'M5', 'M15']",33,33,SIDEWAY_RANGE,SIDEWAY_RANGE,55,51,False,11,Price ranging between clear levels. Suitable for mean-reversion strategies.,1.0,0.8,False,False,True,True,0.3,0.3,True,False,False,18,True,[],0,NO,SIDEWAY_RANGE,Price ranging between clear levels. Suitable for mean-reversion strategies.,NORMAL,NONE_OTC,0.136,[],False,Passed basic checks,0,33,50,MEDIUM,5,WAIT,รอการวิเคราะห์จาก AI
2026-06-30 21:01:00,1.144045,1.144825,1.143875,1.144675,1.0,EURUSD-OTC,BULLISH,1.14393,1.1434,1.14266,1.142838,1.145199,1.147276,BULLISH,1.145629,1.139073,0.006557,0.011262,68.7,61.41,0.000773,0.00052,0.000253,82.74,77.87,0.001553,45.73,-0.29,0.001579,0.001539,20.27,24.63,12.68,32.04,0.2004,1.0,1.0,1.0,False,0.000171,0.000238,1.4e-05,1.144742,1.145608,1.146402,1.143948,1.143082,20,5.14,1.141785,1.144255,NO_VOLUME_DATA,1.144318,1.144047,1.143716,1.143152,66.04,60.9,0.000372,0.000252,82.77,86.07,0.000654,1.144894,1.141979,1.144458,1.145042,1.144092,1.0,1.0,1.144675,1.144825,1.143875,1.144045,NEW YORK,363669,LOW,1.144675,1.144825,1.143875,1.144045,NEW YORK,363669,LOW,NONE,BULLISH,BULLISH,WEAK,AT_PIVOT,LOW_WICK,BULLISH,NOISY,NONE,TESTING_PIVOT,NORMAL,51,20,7.2189349112417895,50,NEUTRAL,False,70,[],0,0,NEUTRAL,BULLISH,40,False,NONE,0,False,False,False,60,False,0,100,NONE,NONE,UP,0,True,75,82,18,80,True,True,CONTINUATION,70,False,0.0,NONE,True,BEARISH,False,True,50,False,70,41.90077704722,19.593521752937182,70.0,43,FAIR,False,75,84,0.007365567735366467,5,80.0,True,RANDOM,70,41.078262552453936,12.70182742679604,True,MOMENTUM_SHIFT,False,True,True,35,False,70,NONE,100,CHOPPY,NORMAL,NONE,100,0.2004,CHOPPY,20,50,30,NORMAL,NONE,65,30,75,NORMAL,58,40,60,-0.29,False,80,0.5822234061445569,79.416,RANGING,90,False,NONE,1.141785,1.144255,1.144742,FAR,30,50,85,UP,NONE,NONE,33,UP,NONE,UP,False,"['M1', 'M5', 'M15']",33,33,ACCUMULATION,ACCUMULATION,55,56,False,11,"Smart money accumulation. Bullish bias, look for breakout.",1.0,0.8,False,False,True,True,0.3,0.3,True,False,False,18,True,[],0,NO,ACCUMULATION,"Smart money accumulation. Bullish bias, look for breakout.",NORMAL,NONE_OTC,0.136,[],False,Passed basic checks,0,33,50,MEDIUM,5,WAIT,รอการวิเคราะห์จาก AI
2026-06-30 21:02:00,1.144045,1.144825,1.143875,1.144675,1.0,EURUSD-OTC,BULLISH,1.14393,1.1434,1.14266,1.142838,1.145199,1.147276,BULLISH,1.145629,1.139073,0.006557,0.011262,68.7,61.41,0.000773,0.00052,0.000253,82.74,77.87,0.001553,45.73,-0.29,0.001579,0.001539,20.27,24.63,12.68,32.04,0.2004,1.0,1.0,1.0,False,0.000171,0.000238,1.4e-05,1.144742,1.145608,1.146402,1.143948,1.143082,20,5.14,1.141785,1.144255,NO_VOLUME_DATA,1.144318,1.144047,1.143716,1.143152,66.04,60.9,0.000372,0.000252,82.77,86.07,0.000654,1.144894,1.141979,1.144458,1.145042,1.144092,1.0,1.0,1.144675,1.144825,1.143875,1.144045,NEW YORK,424242,LOW,1.144675,1.144825,1.143875,1.144045,NEW YORK,424242,LOW,NONE,BULLISH,BULLISH,WEAK,AT_PIVOT,LOW_WICK,BULLISH,NOISY,NONE,TESTING_PIVOT,NORMAL,51,20,7.2189349112417895,50,NEUTRAL,False,70,[],0,0,NEUTRAL,BULLISH,40,False,NONE,0,False,False,False,60,False,0,100,NONE,NONE,UP,0,True,75,82,18,80,True,True,CONTINUATION,70,False,0.0,NONE,True,BEARISH,False,True,50,False,70,41.90077704722,19.593521752937182,70.0,43,FAIR,False,75,84,0.007365567735366467,5,80.0,True,RANDOM,70,41.078262552453936,12.70182742679604,True,MOMENTUM_SHIFT,False,True,True,35,False,70,NONE,100,CHOPPY,NORMAL,NONE,100,0.2004,CHOPPY,20,50,30,NORMAL,NONE,65,30,75,NORMAL,58,40,60,-0.29,False,80,0.5822234061445569,79.416,RANGING,90,False,NONE,1.141785,1.144255,1.144742,FAR,30,50,85,UP,NONE,NONE,33,UP,NONE,UP,False,"['M1', 'M5', 'M15']",33,33,SIDEWAY_RANGE,SIDEWAY_RANGE,55,51,False,11,Price ranging between clear levels. Suitable for mean-reversion strategies.,1.0,0.8,False,False,True,True,0.3,0.3,True,False,False,18,True,[],0,NO,SIDEWAY_RANGE,Price ranging between clear levels. Suitable for mean-reversion strategies.,NORMAL,NONE_OTC,0.136,[],False,Passed basic checks,0,33,50,MEDIUM,5,WAIT,รอการวิเคราะห์จาก AI
2026-06-30 21:03:00,1.144045,1.144825,1.143875,1.144675,1.0,EURUSD-OTC,BULLISH,1.14393,1.1434,1.14266,1.142838,1.145199,1.147276,BULLISH,1.145629,1.139073,0.006557,0.011262,68.7,61.41,0.000773,0.00052,0.000253,82.74,77.87,0.001553,45.73,-0.29,0.001579,0.001539,20.27,24.63,12.68,32.04,0.2004,1.0,1.0,1.0,False,0.000171,0.000238,1.4e-05,1.144742,1.145608,1.146402,1.143948,1.143082,20,5.14,1.141785,1.144255,NO_VOLUME_DATA,1.144318,1.144047,1.143716,1.143152,66.04,60.9,0.000372,0.000252,82.77,86.07,0.000654,1.144894,1.141979,1.144458,1.145042,1.144092,1.0,1.0,1.144675,1.144825,1.143875,1.144045,NEW YORK,483621,LOW,1.144675,1.144825,1.143875,1.144045,NEW YORK,483621,LOW,NONE,BULLISH,BULLISH,WEAK,AT_PIVOT,LOW_WICK,BULLISH,NOISY,NONE,TESTING_PIVOT,NORMAL,51,20,7.2189349112417895,50,NEUTRAL,False,70,[],0,0,NEUTRAL,BULLISH,40,False,NONE,0,False,False,False,60,False,0,100,NONE,NONE,UP,0,True,75,82,18,80,True,True,CONTINUATION,70,False,0.0,NONE,True,BEARISH,False,True,50,False,70,41.90077704722,19.593521752937182,70.0,43,FAIR,False,75,84,0.007365567735366467,5,80.0,True,RANDOM,70,41.078262552453936,12.70182742679604,True,MOMENTUM_SHIFT,False,True,True,35,False,70,NONE,100,CHOPPY,NORMAL,NONE,100,0.2004,CHOPPY,20,50,30,NORMAL,NONE,65,30,75,NORMAL,58,40,60,-0.29,False,80,0.5822234061445569,79.416,RANGING,90,False,NONE,1.141785,1.144255,1.144742,FAR,30,50,85,UP,NONE,NONE,33,UP,NONE,UP,False,"['M1', 'M5', 'M15']",33,33,ACCUMULATION,ACCUMULATION,55,56,False,11,"Smart money accumulation. Bullish bias, look for breakout.",1.0,0.8,False,False,True,True,0.3,0.3,True,False,False,18,True,[],0,NO,ACCUMULATION,"Smart money accumulation. Bullish bias, look for breakout.",NORMAL,NONE_OTC,0.136,[],False,Passed basic checks,0,33,50,MEDIUM,5,WAIT,รอการวิเคราะห์จาก AI
2026-06-30 21:04:00,1.144045,1.144825,1.143875,1.144675,1.0,EURUSD-OTC,BULLISH,1.14393,1.1434,1.14266,1.142838,1.145199,1.147276,BULLISH,1.145629,1.139073,0.006557,0.011262,68.7,61.41,0.000773,0.00052,0.000253,82.74,77.87,0.001553,45.73,-0.29,0.001579,0.001539,20.27,24.63,12.68,32.04,0.2004,1.0,1.0,1.0,False,0.000171,0.000238,1.4e-05,1.144742,1.145608,1.146402,1.143948,1.143082,20,5.14,1.141785,1.144255,NO_VOLUME_DATA,1.144318,1.144047,1.143716,1.143152,66.04,60.9,0.000372,0.000252,82.77,86.07,0.000654,1.144894,1.141979,1.144458,1.145042,1.144092,1.0,1.0,1.144675,1.144825,1.143875,1.144045,NEW YORK,544175,LOW,1.144675,1.144825,1.143875,1.144045,NEW YORK,544175,LOW,NONE,BULLISH,BULLISH,WEAK,AT_PIVOT,LOW_WICK,BULLISH,NOISY,NONE,TESTING_PIVOT,NORMAL,51,20,7.2189349112417895,50,NEUTRAL,False,70,[],0,0,NEUTRAL,BULLISH,40,False,NONE,0,False,False,False,60,False,0,100,NONE,NONE,UP,0,True,75,82,18,80,True,True,CONTINUATION,70,False,0.0,NONE,True,BEARISH,False,True,50,False,70,41.90077704722,19.593521752937182,70.0,43,FAIR,False,75,84,0.007365567735366467,5,80.0,True,RANDOM,70,41.078262552453936,12.70182742679604,True,MOMENTUM_SHIFT,False,True,True,35,False,70,NONE,100,CHOPPY,NORMAL,NONE,100,0.2004,CHOPPY,20,50,30,NORMAL,NONE,65,30,75,NORMAL,58,40,60,-0.29,False,80,0.5822234061445569,79.416,RANGING,90,False,NONE,1.141785,1.144255,1.144742,FAR,30,50,85,UP,NONE,NONE,33,UP,NONE,UP,False,"['M1', 'M5', 'M15']",33,33,SIDEWAY_RANGE,SIDEWAY_RANGE,55,51,False,11,Price ranging between clear levels. Suitable for mean-reversion strategies.,1.0,0.8,False,False,True,True,0.3,0.3,True,False,False,18,True,[],0,NO,SIDEWAY_RANGE,Price ranging between clear levels. Suitable for mean-reversion strategies.,NORMAL,NONE_OTC,0.136,[],False,Passed basic checks,0,33,50,MEDIUM,5,WAIT,รอการวิเคราะห์จาก AI
2026-06-30 21:05:00,1.144825,1.145745,1.144825,1.145465,1.0,EURUSD-OTC,BULLISH,1.143985,1.143527,1.142797,1.142888,1.145177,1.147244,BULLISH,1.145507,1.13974,0.005766,0.011265,59.23,57.46,0.000786,0.000573,0.000213,76.65,78.83,0.001577,58.0,-0.18,0.00158,0.001545,21.25,23.48,11.59,33.88,0.0525,1.0,1.0,1.0,False,0.000157,0.000204,1.6e-05,1.144565,1.145275,1.146455,1.143385,1.142675,20,4.65,1.141785,1.144255,NO_VOLUME_DATA,1.145111,1.144799,1.144316,1.143532,66.92,63.18,0.000566,0.000442,81.64,85.76,0.000647,1.145782,1.142422,1.145345,1.145865,1.144945,1.0,1.0,1.145465,1.145745,1.144825,1.144825,NEW YORK,304926,LOW,1.145465,1.145745,1.144825,1.144825,NEW YORK,304926,LOW,NONE,BEARISH,BEARISH,WEAK,NONE,LOW_WICK,BULLISH,CHAOTIC,TRUE,NONE,NORMAL,52,16,4.257767548905755,50,NEUTRAL,False,70,[],0,0,NEUTRAL,BEARISH,40,True,BULL_TRAP,50,True,False,False,70,False,0,50,NONE,NONE,NONE,0,False,75,55,45,80,False,True,NEUTRAL,70,False,0.0,NONE,False,NONE,False,False,0,False,60,32.811559301626566,14.788293897882868,65.0,37,FAIR,False,75,73,-0.034457359531565715,5,89.99999999999999,True,RANDOM,70,40.07664227166307,12.444326005755574,True,MOMENTUM_SHIFT,False,True,False,65,True,70,NONE,100,CHOPPY,HIGH,NONE,100,0.0525,CHOPPY,20,50,30,NORMAL,NONE,60,30,70,HIGH,73,40,60,-0.18,False,80,0.5118508655126498,69.6,RANGING,90,False,NONE,1.141785,1.144255,1.144565,FAR,30,50,85,UP,NONE,NONE,33,UP,NONE,UP,False,"['M1', 'M5', 'M15']",33,33,BREAKOUT_EMERGING,BREAKOUT_EMERGING,51,70,True,27,"Volatility expansion after compression. Potential breakout opportunity. (breakout prob: 30%, reversal prob: 50%)",1.0,0.5,False,False,True,True,0.3,0.3,True,False,False,18,True,[],0,NO,BREAKOUT_EMERGING,"Volatility expansion after compression. Potential breakout opportunity. (breakout prob: 30%, reversal prob: 50%)",HIGH,NONE_OTC,0.138,[],True,Passed basic checks,0,33,50,MEDIUM,5,WAIT,รอการวิเคราะห์จาก AI
2026-06-30 21:06:00,1.144825,1.145745,1.144825,1.145465,1.0,EURUSD-OTC,BULLISH,1.143985,1.143527,1.142797,1.142888,1.145177,1.147244,BULLISH,1.145507,1.13974,0.005766,0.011265,59.23,57.46,0.000786,0.000573,0.000213,76.65,78.83,0.001577,58.0,-0.18,0.00158,0.001545,21.25,23.48,11.59,33.88,0.0525,1.0,1.0,1.0,False,0.000157,0.000204,1.6e-05,1.144565,1.145275,1.146455,1.143385,1.142675,20,4.65,1.141785,1.144255,NO_VOLUME_DATA,1.145111,1.144799,1.144316,1.143531,66.92,63.18,0.000566,0.000442,81.64,85.76,0.000647,1.145782,1.142422,1.145345,1.145865,1.144945,1.0,1.0,1.145465,1.145745,1.144825,1.144825,NEW YORK,364345,LOW,1.145465,1.145745,1.144825,1.144825,NEW YORK,364345,LOW,NONE,BEARISH,BEARISH,WEAK,NONE,LOW_WICK,BULLISH,CHAOTIC,TRUE,NONE,NORMAL,52,16,4.257767548905755,50,NEUTRAL,False,70,[],0,0,NEUTRAL,BEARISH,40,True,BULL_TRAP,50,True,False,False,70,False,0,50,NONE,NONE,NONE,0,False,75,55,45,80,False,True,NEUTRAL,70,False,0.0,NONE,False,NONE,False,False,0,False,60,32.811559301626566,14.788293897882868,65.0,37,FAIR,False,75,73,-0.034457359531565715,5,89.99999999999999,True,RANDOM,70,40.07664227166307,12.444326005755574,True,MOMENTUM_SHIFT,False,True,False,65,True,70,NONE,100,CHOPPY,HIGH,NONE,100,0.0525,CHOPPY,20,50,30,NORMAL,NONE,60,30,70,HIGH,73,40,60,-0.18,False,80,0.5118508655126498,69.6,RANGING,90,False,NONE,1.141785,1.144255,1.144565,FAR,30,50,85,UP,NONE,NONE,33,UP,NONE,UP,False,"['M1', 'M5', 'M15']",33,33,BREAKOUT_EMERGING,BREAKOUT_EMERGING,51,70,True,27,"Volatility expansion after compression. Potential breakout opportunity. (breakout prob: 30%, reversal prob: 50%)",1.0,0.5,False,False,True,True,0.3,0.3,True,False,False,18,True,[],0,NO,BREAKOUT_EMERGING,"Volatility expansion after compression. Potential breakout opportunity. (breakout prob: 30%, reversal prob: 50%)",HIGH,NONE_OTC,0.138,[],True,Passed basic checks,0,33,50,MEDIUM,5,WAIT,รอการวิเคราะห์จาก AI
2026-06-30 21:07:00,1.144825,1.145745,1.144825,1.145465,1.0,EURUSD-OTC,BULLISH,1.143985,1.143527,1.142797,1.142888,1.145177,1.147244,BULLISH,1.145507,1.13974,0.005766,0.011265,59.23,57.46,0.000786,0.000573,0.000213,76.65,78.83,0.001577,58.0,-0.18,0.00158,0.001545,21.25,23.48,11.59,33.88,0.0525,1.0,1.0,1.0,False,0.000157,0.000204,1.6e-05,1.144565,1.145275,1.146455,1.143385,1.142675,20,4.65,1.141785,1.144255,NO_VOLUME_DATA,1.145111,1.144799,1.144316,1.143531,66.92,63.18,0.000566,0.000442,81.64,85.76,0.000647,1.145782,1.142422,1.145345,1.145865,1.144945,1.0,1.0,1.145465,1.145745,1.144825,1.144825,NEW YORK,423827,LOW,1.145465,1.145745,1.144825,1.144825,NEW YORK,423827,LOW,NONE,BEARISH,BEARISH,WEAK,NONE,LOW_WICK,BULLISH,CHAOTIC,TRUE,NONE,NORMAL,52,16,4.257767548905755,50,NEUTRAL,False,70,[],0,0,NEUTRAL,BEARISH,40,True,BULL_TRAP,50,True,False,False,70,False,0,50,NONE,NONE,NONE,0,False,75,55,45,80,False,True,NEUTRAL,70,False,0.0,NONE,False,NONE,False,False,0,False,60,32.811559301626566,14.788293897882868,65.0,37,FAIR,False,75,73,-0.034457359531565715,5,89.99999999999999,True,RANDOM,70,40.07664227166307,12.444326005755574,True,MOMENTUM_SHIFT,False,True,False,65,True,70,NONE,100,CHOPPY,HIGH,NONE,100,0.0525,CHOPPY,20,50,30,NORMAL,NONE,60,30,70,HIGH,73,40,60,-0.18,False,80,0.5118508655126498,69.6,RANGING,90,False,NONE,1.141785,1.144255,1.144565,FAR,30,50,85,UP,NONE,NONE,33,UP,NONE,UP,False,"['M1', 'M5', 'M15']",33,33,SIDEWAY_RANGE,SIDEWAY_RANGE,51,60,True,27,Price ranging between clear levels. Suitable for mean-reversion strategies.,1.0,0.5,False,False,True,True,0.3,0.3,True,False,False,18,True,[],0,NO,SIDEWAY_RANGE,Price ranging between clear levels. Suitable for mean-reversion strategies.,HIGH,NONE_OTC,0.138,[],True,Passed basic checks,0,33,50,MEDIUM,5,WAIT,รอการวิเคราะห์จาก AI
2026-06-30 21:08:00,1.144825,1.145745,1.144825,1.145465,1.0,EURUSD-OTC,BULLISH,1.143985,1.143527,1.142797,1.142888,1.145177,1.147244,BULLISH,1.145507,1.13974,0.005766,0.011265,59.23,57.46,0.000786,0.000573,0.000213,76.65,78.83,0.001577,58.0,-0.18,0.00158,0.001545,21.25,23.48,11.59,33.88,0.0525,1.0,1.0,1.0,False,0.000157,0.000204,1.6e-05,1.144565,1.145275,1.146455,1.143385,1.142675,20,4.65,1.141785,1.144255,NO_VOLUME_DATA,1.145111,1.144799,1.144316,1.143531,66.92,63.18,0.000566,0.000442,81.64,85.76,0.000647,1.145782,1.142422,1.145345,1.145865,1.144945,1.0,1.0,1.145465,1.145745,1.144825,1.144825,NEW YORK,484258,LOW,1.145465,1.145745,1.144825,1.144825,NEW YORK,484258,LOW,NONE,BEARISH,BEARISH,WEAK,NONE,LOW_WICK,BULLISH,CHAOTIC,TRUE,NONE,NORMAL,52,16,4.257767548905755,50,NEUTRAL,False,70,[],0,0,NEUTRAL,BEARISH,40,True,BULL_TRAP,50,True,False,False,70,False,0,50,NONE,NONE,NONE,0,False,75,55,45,80,False,True,NEUTRAL,70,False,0.0,NONE,False,NONE,False,False,0,False,60,32.811559301626566,14.788293897882868,65.0,37,FAIR,False,75,73,-0.034457359531565715,5,89.99999999999999,True,RANDOM,70,40.07664227166307,12.444326005755574,True,MOMENTUM_SHIFT,False,True,False,65,True,70,NONE,100,CHOPPY,HIGH,NONE,100,0.0525,CHOPPY,20,50,30,NORMAL,NONE,60,30,70,HIGH,73,40,60,-0.18,False,80,0.5118508655126498,69.6,RANGING,90,False,NONE,1.141785,1.144255,1.144565,FAR,30,50,85,UP,NONE,NONE,33,UP,NONE,UP,False,"['M1', 'M5', 'M15']",33,33,BREAKOUT_EMERGING,BREAKOUT_EMERGING,51,70,True,27,"Volatility expansion after compression. Potential breakout opportunity. (breakout prob: 30%, reversal prob: 50%)",1.0,0.5,False,False,True,True,0.3,0.3,True,False,False,18,True,[],0,NO,BREAKOUT_EMERGING,"Volatility expansion after compression. Potential breakout opportunity. (breakout prob: 30%, reversal prob: 50%)",HIGH,NONE_OTC,0.138,[],True,Passed basic checks,0,33,50,MEDIUM,5,WAIT,รอการวิเคราะห์จาก AI
2026-06-30 21:09:00,1.144825,1.145745,1.144825,1.145465,1.0,EURUSD-OTC,BULLISH,1.143985,1.143527,1.142797,1.142888,1.145177,1.147244,BULLISH,1.145507,1.13974,0.005766,0.011265,59.23,57.46,0.000786,0.000573,0.000213,76.65,78.83,0.001577,58.0,-0.18,0.00158,0.001545,21.25,23.48,11.59,33.88,0.0525,1.0,1.0,1.0,False,0.000157,0.000204,1.6e-05,1.144565,1.145275,1.146455,1.143385,1.142675,20,4.65,1.141785,1.144255,NO_VOLUME_DATA,1.145111,1.144799,1.144316,1.143531,66.92,63.18,0.000566,0.000442,81.64,85.76,0.000647,1.145782,1.142422,1.145345,1.145865,1.144945,1.0,1.0,1.145465,1.145745,1.144825,1.144825,NEW YORK,543926,LOW,1.145465,1.145745,1.144825,1.144825,NEW YORK,543926,LOW,NONE,BEARISH,BEARISH,WEAK,NONE,LOW_WICK,BULLISH,CHAOTIC,TRUE,NONE,NORMAL,52,16,4.257767548905755,50,NEUTRAL,False,70,[],0,0,NEUTRAL,BEARISH,40,True,BULL_TRAP,50,True,False,False,70,False,0,50,NONE,NONE,NONE,0,False,75,55,45,80,False,True,NEUTRAL,70,False,0.0,NONE,False,NONE,False,False,0,False,60,32.811559301626566,14.788293897882868,65.0,37,FAIR,False,75,73,-0.034457359531565715,5,89.99999999999999,True,RANDOM,70,40.07664227166307,12.444326005755574,True,MOMENTUM_SHIFT,False,True,False,65,True,70,NONE,100,CHOPPY,HIGH,NONE,100,0.0525,CHOPPY,20,50,30,NORMAL,NONE,60,30,70,HIGH,73,40,60,-0.18,False,80,0.5118508655126498,69.6,RANGING,90,False,NONE,1.141785,1.144255,1.144565,FAR,30,50,85,UP,NONE,NONE,33,UP,NONE,UP,False,"['M1', 'M5', 'M15']",33,33,SIDEWAY_RANGE,SIDEWAY_RANGE,51,60,True,27,Price ranging between clear levels. Suitable for mean-reversion strategies.,1.0,0.5,False,False,True,True,0.3,0.3,True,False,False,18,True,[],0,NO,SIDEWAY_RANGE,Price ranging between clear levels. Suitable for mean-reversion strategies.,HIGH,NONE_OTC,0.138,[],True,Passed basic checks,0,33,50,MEDIUM,5,WAIT,รอการวิเคราะห์จาก AI
2026-06-30 21:10:00,1.144145,1.144425,1.143555,1.143835,1.0,EURUSD-OTC,BULLISH,1.143622,1.143412,1.142806,1.142888,1.145152,1.147343,BULLISH,1.145261,1.140341,0.00492,0.011258,46.71,51.52,0.000691,0.000596,9.5e-05,58.59,72.66,0.001578,64.32,-0.03,0.00158,0.001555,20.96,21.79,15.38,17.25,-0.0367,1.0,1.0,1.0,False,0.000122,0.000156,1.9e-05,1.143385,1.143935,1.144975,1.142345,1.141795,20,4.39,1.141785,1.144255,NO_VOLUME_DATA,1.144239,1.144404,1.144274,1.143658,37.94,47.16,0.000253,0.000388,20.74,33.39,0.000676,1.145629,1.143143,1.143938,1.144322,1.143452,1.0,1.0,1.143835,1.144425,1.143555,1.144145,NEW YORK,305806,LOW,1.143835,1.144425,1.143555,1.144145,NEW YORK,305806,LOW,NONE,BEARISH,BEARISH,WEAK,AT_PIVOT,LOW_WICK,BULLISH,CHAOTIC,TRUE,TESTING_PIVOT,NORMAL,52,16,4.498269896192531,50,NEUTRAL,False,70,[],0,0,NEUTRAL,BEARISH,40,True,BULL_TRAP,50,True,False,False,70,False,0,50,NONE,NONE,NONE,0,False,75,55,45,80,False,True,NEUTRAL,70,False,0.0,NONE,False,NONE,False,False,0,False,60,20.748100526007896,8.870472682627485,60.0,29,POOR,False,75,75,-0.04304500745683638,5,100.0,True,RANDOM,70,41.63266681503478,9.109427705271516,True,MOMENTUM_SHIFT,False,True,False,65,True,70,NONE,100,CHOPPY,HIGH,NONE,100,-0.0367,CHOPPY,20,50,30,NORMAL,BULLISH,60,30,70,HIGH,73,40,60,-0.03,False,80,0.4370225617338781,64.54400000000001,RANGING,90,False,NONE,1.141785,1.143935,1.143385,FAR,30,50,85,NONE,NONE,NONE,0,NONE,NONE,NONE,False,"['M1', 'M5', 'M15']",0,0,BREAKOUT_EMERGING,BREAKOUT_EMERGING,50,70,True,27,"Volatility expansion after compression. Potential breakout opportunity. (breakout prob: 30%, reversal prob: 50%)",1.0,0.5,False,False,True,True,0.3,0.3,True,False,False,22,True,[],0,NO,BREAKOUT_EMERGING,"Volatility expansion after compression. Potential breakout opportunity. (breakout prob: 30%, reversal prob: 50%)",HIGH,NONE_OTC,0.138,[],True,Passed basic checks,0,0,50,MEDIUM,5,WAIT,รอการวิเคราะห์จาก AI
2026-06-30 21:11:00,1.144145,1.144425,1.143555,1.143835,1.0,EURUSD-OTC,BULLISH,1.143622,1.143412,1.142806,1.142888,1.145152,1.147343,BULLISH,1.145261,1.140341,0.00492,0.011258,46.71,51.52,0.000691,0.000596,9.5e-05,58.59,72.66,0.001578,64.32,-0.03,0.00158,0.001555,20.96,21.79,15.38,17.25,-0.0367,1.0,1.0,1.0,False,0.000122,0.000156,1.9e-05,1.143385,1.143935,1.144975,1.142345,1.141795,20,4.39,1.141785,1.144255,NO_VOLUME_DATA,1.144239,1.144404,1.144274,1.143658,37.94,47.16,0.000253,0.000388,20.74,33.39,0.000676,1.145629,1.143143,1.143938,1.144322,1.143452,1.0,1.0,1.143835,1.144425,1.143555,1.144145,NEW YORK,364467,LOW,1.143835,1.144425,1.143555,1.144145,NEW YORK,364467,LOW,NONE,BEARISH,BEARISH,WEAK,AT_PIVOT,LOW_WICK,BULLISH,CHAOTIC,TRUE,TESTING_PIVOT,NORMAL,52,16,4.498269896192531,50,NEUTRAL,False,70,[],0,0,NEUTRAL,BEARISH,40,True,BULL_TRAP,50,True,False,False,70,False,0,50,NONE,NONE,NONE,0,False,75,55,45,80,False,True,NEUTRAL,70,False,0.0,NONE,False,NONE,False,False,0,False,60,20.748100526007896,8.870472682627485,60.0,29,POOR,False,75,75,-0.04304500745683638,5,100.0,True,RANDOM,70,41.63266681503478,9.109427705271516,True,MOMENTUM_SHIFT,False,True,False,65,True,70,NONE,100,CHOPPY,HIGH,NONE,100,-0.0367,CHOPPY,20,50,30,NORMAL,BULLISH,60,30,70,HIGH,73,40,60,-0.03,False,80,0.4370225617338781,64.54400000000001,RANGING,90,False,NONE,1.141785,1.143935,1.143385,FAR,30,50,85,NONE,NONE,NONE,0,NONE,NONE,NONE,False,"['M1', 'M5', 'M15']",0,0,BREAKOUT_EMERGING,BREAKOUT_EMERGING,50,70,True,27,"Volatility expansion after compression. Potential breakout opportunity. (breakout prob: 30%, reversal prob: 50%)",1.0,0.5,False,False,True,True,0.3,0.3,True,False,False,22,True,[],0,NO,BREAKOUT_EMERGING,"Volatility expansion after compression. Potential breakout opportunity. (breakout prob: 30%, reversal prob: 50%)",HIGH,NONE_OTC,0.138,[],True,Passed basic checks,0,0,50,MEDIUM,5,WAIT,รอการวิเคราะห์จาก AI
2026-06-30 21:12:00,1.144145,1.144425,1.143555,1.143835,1.0,EURUSD-OTC,BULLISH,1.143622,1.143412,1.142806,1.142888,1.145152,1.147343,BULLISH,1.145261,1.140341,0.00492,0.011258,46.71,51.52,0.000691,0.000596,9.5e-05,58.59,72.66,0.001578,64.32,-0.03,0.00158,0.001555,20.96,21.79,15.38,17.25,-0.0367,1.0,1.0,1.0,False,0.000122,0.000156,1.9e-05,1.143385,1.143935,1.144975,1.142345,1.141795,20,4.39,1.141785,1.144255,NO_VOLUME_DATA,1.144239,1.144404,1.144274,1.143657,37.94,47.16,0.000253,0.000388,20.74,33.39,0.000676,1.145629,1.143143,1.143938,1.144322,1.143452,1.0,1.0,1.143835,1.144425,1.143555,1.144145,NEW YORK,423940,LOW,1.143835,1.144425,1.143555,1.144145,NEW YORK,423940,LOW,NONE,BEARISH,BEARISH,WEAK,AT_PIVOT,LOW_WICK,BULLISH,CHAOTIC,TRUE,TESTING_PIVOT,NORMAL,52,16,4.498269896192531,50,NEUTRAL,False,70,[],0,0,NEUTRAL,BEARISH,40,True,BULL_TRAP,50,True,False,False,70,False,0,50,NONE,NONE,NONE,0,False,75,55,45,80,False,True,NEUTRAL,70,False,0.0,NONE,False,NONE,False,False,0,False,60,20.748100526007896,8.870472682627485,60.0,29,POOR,False,75,75,-0.04304500745683638,5,100.0,True,RANDOM,70,41.63266681503478,9.109427705271516,True,MOMENTUM_SHIFT,False,True,False,65,True,70,NONE,100,CHOPPY,HIGH,NONE,100,-0.0367,CHOPPY,20,50,30,NORMAL,BULLISH,60,30,70,HIGH,73,40,60,-0.03,False,80,0.4370225617338781,64.54400000000001,RANGING,90,False,NONE,1.141785,1.143935,1.143385,FAR,30,50,85,NONE,NONE,NONE,0,NONE,NONE,NONE,False,"['M1', 'M5', 'M15']",0,0,BREAKOUT_EMERGING,BREAKOUT_EMERGING,50,70,True,27,"Volatility expansion after compression. Potential breakout opportunity. (breakout prob: 30%, reversal prob: 50%)",1.0,0.5,False,False,True,True,0.3,0.3,True,False,False,22,True,[],0,NO,BREAKOUT_EMERGING,"Volatility expansion after compression. Potential breakout opportunity. (breakout prob: 30%, reversal prob: 50%)",HIGH,NONE_OTC,0.138,[],True,Passed basic checks,0,0,50,MEDIUM,5,WAIT,รอการวิเคราะห์จาก AI
2026-06-30 21:13:00,1.144145,1.144425,1.143555,1.143835,1.0,EURUSD-OTC,BULLISH,1.143622,1.143412,1.142806,1.142888,1.145152,1.147343,BULLISH,1.145261,1.140341,0.00492,0.011258,46.71,51.52,0.000691,0.000596,9.5e-05,58.59,72.66,0.001578,64.32,-0.03,0.00158,0.001555,20.96,21.79,15.38,17.25,-0.0367,1.0,1.0,1.0,False,0.000122,0.000156,1.9e-05,1.143385,1.143935,1.144975,1.142345,1.141795,20,4.39,1.141785,1.144255,NO_VOLUME_DATA,1.144239,1.144404,1.144274,1.143658,37.94,47.16,0.000253,0.000388,20.74,33.39,0.000676,1.145629,1.143143,1.143938,1.144322,1.143452,1.0,1.0,1.143835,1.144425,1.143555,1.144145,NEW YORK,484313,LOW,1.143835,1.144425,1.143555,1.144145,NEW YORK,484313,LOW,NONE,BEARISH,BEARISH,WEAK,AT_PIVOT,LOW_WICK,BULLISH,CHAOTIC,TRUE,TESTING_PIVOT,NORMAL,52,16,4.498269896192531,50,NEUTRAL,False,70,[],0,0,NEUTRAL,BEARISH,40,True,BULL_TRAP,50,True,False,False,70,False,0,50,NONE,NONE,NONE,0,False,75,55,45,80,False,True,NEUTRAL,70,False,0.0,NONE,False,NONE,False,False,0,False,60,20.748100526007896,8.870472682627485,60.0,29,POOR,False,75,75,-0.04304500745683638,5,100.0,True,RANDOM,70,41.63266681503478,9.109427705271516,True,MOMENTUM_SHIFT,False,True,False,65,True,70,NONE,100,CHOPPY,HIGH,NONE,100,-0.0367,CHOPPY,20,50,30,NORMAL,BULLISH,60,30,70,HIGH,73,40,60,-0.03,False,80,0.4370225617338781,64.54400000000001,RANGING,90,False,NONE,1.141785,1.143935,1.143385,FAR,30,50,85,NONE,NONE,NONE,0,NONE,NONE,NONE,False,"['M1', 'M5', 'M15']",0,0,BREAKOUT_EMERGING,BREAKOUT_EMERGING,50,70,True,27,"Volatility expansion after compression. Potential breakout opportunity. (breakout prob: 30%, reversal prob: 50%)",1.0,0.5,False,False,True,True,0.3,0.3,True,False,False,22,True,[],0,NO,BREAKOUT_EMERGING,"Volatility expansion after compression. Potential breakout opportunity. (breakout prob: 30%, reversal prob: 50%)",HIGH,NONE_OTC,0.138,[],True,Passed basic checks,0,0,50,MEDIUM,5,WAIT,รอการวิเคราะห์จาก AI
2026-06-30 21:14:00,1.144145,1.144425,1.143555,1.143835,1.0,EURUSD-OTC,BULLISH,1.143622,1.143412,1.142806,1.142888,1.145152,1.147343,BULLISH,1.145261,1.140341,0.00492,0.011258,46.71,51.52,0.000691,0.000596,9.5e-05,58.59,72.66,0.001578,64.32,-0.03,0.00158,0.001555,20.96,21.79,15.38,17.25,-0.0367,1.0,1.0,1.0,False,0.000122,0.000156,1.9e-05,1.143385,1.143935,1.144975,1.142345,1.141795,20,4.39,1.141785,1.144255,NO_VOLUME_DATA,1.144239,1.144404,1.144274,1.143658,37.94,47.16,0.000253,0.000388,20.74,33.39,0.000676,1.145629,1.143143,1.143938,1.144322,1.143452,1.0,1.0,1.143835,1.144425,1.143555,1.144145,NEW YORK,543823,LOW,1.143835,1.144425,1.143555,1.144145,NEW YORK,543823,LOW,NONE,BEARISH,BEARISH,WEAK,AT_PIVOT,LOW_WICK,BULLISH,CHAOTIC,TRUE,TESTING_PIVOT,NORMAL,52,16,4.498269896192531,50,NEUTRAL,False,70,[],0,0,NEUTRAL,BEARISH,40,True,BULL_TRAP,50,True,False,False,70,False,0,50,NONE,NONE,NONE,0,False,75,55,45,80,False,True,NEUTRAL,70,False,0.0,NONE,False,NONE,False,False,0,False,60,20.748100526007896,8.870472682627485,60.0,29,POOR,False,75,75,-0.04304500745683638,5,100.0,True,RANDOM,70,41.63266681503478,9.109427705271516,True,MOMENTUM_SHIFT,False,True,False,65,True,70,NONE,100,CHOPPY,HIGH,NONE,100,-0.0367,CHOPPY,20,50,30,NORMAL,BULLISH,60,30,70,HIGH,73,40,60,-0.03,False,80,0.4370225617338781,64.54400000000001,RANGING,90,False,NONE,1.141785,1.143935,1.143385,FAR,30,50,85,NONE,NONE,NONE,0,NONE,NONE,NONE,False,"['M1', 'M5', 'M15']",0,0,SIDEWAY_RANGE,SIDEWAY_RANGE,50,60,True,27,Price ranging between clear levels. Suitable for mean-reversion strategies.,1.0,0.5,False,False,True,True,0.3,0.3,True,False,False,22,True,[],0,NO,SIDEWAY_RANGE,Price ranging between clear levels. Suitable for mean-reversion strategies.,HIGH,NONE_OTC,0.138,[],True,Passed basic checks,0,0,50,MEDIUM,5,WAIT,รอการวิเคราะห์จาก AI
2026-06-30 21:15:00,1.142855,1.143115,1.142565,1.143005,1.0,EURUSD-OTC,BEARISH,1.143316,1.143283,1.142797,1.142881,1.145079,1.147117,BEARISH,1.145038,1.140834,0.004203,0.011242,44.96,50.63,0.000594,0.000596,-2e-06,37.78,57.67,0.001567,42.71,-0.33,0.001582,0.001561,19.74,20.37,18.84,3.89,0.063,1.0,1.0,1.0,False,7.3e-05,0.000111,2.4e-05,1.142615,1.143375,1.144045,1.141945,1.141185,20,3.9,1.141785,1.145745,NO_VOLUME_DATA,1.14325,1.143607,1.14384,1.143572,29.77,40.76,-0.000143,0.000106,8.91,9.43,0.000652,1.145811,1.142725,1.142895,1.143225,1.142675,1.0,1.0,1.143005,1.143115,1.142565,1.142855,NEW YORK,305699,LOW,1.143005,1.143115,1.142565,1.142855,NEW YORK,305699,LOW,NONE,BEARISH,BEARISH,WEAK,AT_PIVOT,LOW_WICK,NEUTRAL,CHAOTIC,TRUE,TESTING_PIVOT,NORMAL,50,20,7.176656151418466,50,NEUTRAL,False,70,[],0,0,NEUTRAL,BEARISH,40,True,BULL_TRAP,50,True,False,False,70,False,0,100,DOWN,NONE,NONE,0,True,75,55,45,80,False,True,NEUTRAL,70,False,0.0,NONE,False,NONE,False,False,0,False,60,16.225961538462432,3.9950829748004595,55.00000000000001,25,POOR,False,75,73,-0.044646548531045806,5,89.99999999999999,True,RANDOM,70,44.14737378306939,6.416776804550208,True,MOMENTUM_SHIFT,False,True,False,65,True,70,NONE,80,CHOPPY,NORMAL,NONE,80,0.063,CHOPPY,20,50,30,WEAK,BEARISH,50,30,60,NORMAL,58,40,60,-0.33,False,80,0.37386586016723006,81.832,RANGING,90,False,NONE,1.141785,1.143375,1.142615,FAR,30,50,85,NONE,DOWN,DOWN,66,DOWN,DOWN,NONE,False,"['M1', 'M5', 'M15']",66,66,SIDEWAY_RANGE,SIDEWAY_RANGE,55,60,True,28,Price ranging between clear levels. Suitable for mean-reversion strategies.,1.0,0.5,False,False,True,True,0.3,0.3,True,False,False,18,True,[],0,NO,SIDEWAY_RANGE,Price ranging between clear levels. Suitable for mean-reversion strategies.,NORMAL,NONE_OTC,0.137,[],True,Passed basic checks,0,66,50,MEDIUM,5,WAIT,รอการวิเคราะห์จาก AI
2026-06-30 21:16:00,1.142855,1.143115,1.142565,1.143005,1.0,EURUSD-OTC,BEARISH,1.143316,1.143283,1.142797,1.142881,1.145079,1.147117,BEARISH,1.145038,1.140834,0.004203,0.011242,44.96,50.63,0.000594,0.000596,-2e-06,37.78,57.67,0.001567,42.71,-0.33,0.001582,0.001561,19.74,20.37,18.84,3.89,0.063,1.0,1.0,1.0,False,7.3e-05,0.000111,2.4e-05,1.142615,1.143375,1.144045,1.141945,1.141185,20,3.9,1.141785,1.145745,NO_VOLUME_DATA,1.14325,1.143607,1.14384,1.143573,29.77,40.76,-0.000143,0.000106,8.91,9.43,0.000652,1.145811,1.142725,1.142895,1.143225,1.142675,1.0,1.0,1.143005,1.143115,1.142565,1.142855,NEW YORK,364403,LOW,1.143005,1.143115,1.142565,1.142855,NEW YORK,364403,LOW,NONE,BEARISH,BEARISH,WEAK,AT_PIVOT,LOW_WICK,NEUTRAL,CHAOTIC,TRUE,TESTING_PIVOT,NORMAL,50,20,7.176656151418466,50,NEUTRAL,False,70,[],0,0,NEUTRAL,BEARISH,40,True,BULL_TRAP,50,True,False,False,70,False,0,100,DOWN,NONE,NONE,0,True,75,55,45,80,False,True,NEUTRAL,70,False,0.0,NONE,False,NONE,False,False,0,False,60,16.225961538462432,3.9950829748004595,55.00000000000001,25,POOR,False,75,73,-0.044646548531045806,5,89.99999999999999,True,RANDOM,70,44.14737378306939,6.416776804550208,True,MOMENTUM_SHIFT,False,True,False,65,True,70,NONE,80,CHOPPY,NORMAL,NONE,80,0.063,CHOPPY,20,50,30,WEAK,BEARISH,50,30,60,NORMAL,58,40,60,-0.33,False,80,0.37386586016723006,81.832,RANGING,90,False,NONE,1.141785,1.143375,1.142615,FAR,30,50,85,NONE,DOWN,DOWN,66,DOWN,DOWN,NONE,False,"['M1', 'M5', 'M15']",66,66,SIDEWAY_RANGE,SIDEWAY_RANGE,55,60,True,28,Price ranging between clear levels. Suitable for mean-reversion strategies.,1.0,0.5,False,False,True,True,0.3,0.3,True,False,False,18,True,[],0,NO,SIDEWAY_RANGE,Price ranging between clear levels. Suitable for mean-reversion strategies.,NORMAL,NONE_OTC,0.137,[],True,Passed basic checks,0,66,50,MEDIUM,5,WAIT,รอการวิเคราะห์จาก AI
2026-06-30 21:17:00,1.142855,1.143115,1.142565,1.143005,1.0,EURUSD-OTC,BEARISH,1.143316,1.143283,1.142797,1.142881,1.145079,1.147117,BEARISH,1.145038,1.140834,0.004203,0.011242,44.96,50.63,0.000594,0.000596,-2e-06,37.78,57.67,0.001567,42.71,-0.33,0.001582,0.001561,19.74,20.37,18.84,3.89,0.063,1.0,1.0,1.0,False,7.3e-05,0.000111,2.4e-05,1.142615,1.143375,1.144045,1.141945,1.141185,20,3.9,1.141785,1.145745,NO_VOLUME_DATA,1.14325,1.143607,1.14384,1.143573,29.77,40.76,-0.000143,0.000106,8.91,9.43,0.000652,1.145811,1.142725,1.142895,1.143225,1.142675,1.0,1.0,1.143005,1.143115,1.142565,1.142855,NEW YORK,424003,LOW,1.143005,1.143115,1.142565,1.142855,NEW YORK,424003,LOW,NONE,BEARISH,BEARISH,WEAK,AT_PIVOT,LOW_WICK,NEUTRAL,CHAOTIC,TRUE,TESTING_PIVOT,NORMAL,50,20,7.176656151418466,50,NEUTRAL,False,70,[],0,0,NEUTRAL,BEARISH,40,True,BULL_TRAP,50,True,False,False,70,False,0,100,DOWN,NONE,NONE,0,True,75,55,45,80,False,True,NEUTRAL,70,False,0.0,NONE,False,NONE,False,False,0,False,60,16.225961538462432,3.9950829748004595,55.00000000000001,25,POOR,False,75,73,-0.044646548531045806,5,89.99999999999999,True,RANDOM,70,44.14737378306939,6.416776804550208,True,MOMENTUM_SHIFT,False,True,False,65,True,70,NONE,80,CHOPPY,NORMAL,NONE,80,0.063,CHOPPY,20,50,30,WEAK,BEARISH,50,30,60,NORMAL,58,40,60,-0.33,False,80,0.37386586016723006,81.832,RANGING,90,False,NONE,1.141785,1.143375,1.142615,FAR,30,50,85,NONE,DOWN,DOWN,66,DOWN,DOWN,NONE,False,"['M1', 'M5', 'M15']",66,66,SIDEWAY_RANGE,SIDEWAY_RANGE,55,60,True,28,Price ranging between clear levels. Suitable for mean-reversion strategies.,1.0,0.5,False,False,True,True,0.3,0.3,True,False,False,18,True,[],0,NO,SIDEWAY_RANGE,Price ranging between clear levels. Suitable for mean-reversion strategies.,NORMAL,NONE_OTC,0.137,[],True,Passed basic checks,0,66,50,MEDIUM,5,WAIT,รอการวิเคราะห์จาก AI
2026-06-30 21:18:00,1.142855,1.143115,1.142565,1.143005,1.0,EURUSD-OTC,BEARISH,1.143316,1.143283,1.142797,1.142881,1.145079,1.147117,BEARISH,1.145038,1.140834,0.004203,0.011242,44.96,50.63,0.000594,0.000596,-2e-06,37.78,57.67,0.001567,42.71,-0.33,0.001582,0.001561,19.74,20.37,18.84,3.89,0.063,1.0,1.0,1.0,False,7.3e-05,0.000111,2.4e-05,1.142615,1.143375,1.144045,1.141945,1.141185,20,3.9,1.141785,1.145745,NO_VOLUME_DATA,1.14325,1.143607,1.14384,1.143573,29.77,40.76,-0.000143,0.000106,8.91,9.43,0.000652,1.145811,1.142725,1.142895,1.143225,1.142675,1.0,1.0,1.143005,1.143115,1.142565,1.142855,NEW YORK,484619,LOW,1.143005,1.143115,1.142565,1.142855,NEW YORK,484619,LOW,NONE,BEARISH,BEARISH,WEAK,AT_PIVOT,LOW_WICK,NEUTRAL,CHAOTIC,TRUE,TESTING_PIVOT,NORMAL,50,20,7.176656151418466,50,NEUTRAL,False,70,[],0,0,NEUTRAL,BEARISH,40,True,BULL_TRAP,50,True,False,False,70,False,0,100,DOWN,NONE,NONE,0,True,75,55,45,80,False,True,NEUTRAL,70,False,0.0,NONE,False,NONE,False,False,0,False,60,16.225961538462432,3.9950829748004595,55.00000000000001,25,POOR,False,75,73,-0.044646548531045806,5,89.99999999999999,True,RANDOM,70,44.14737378306939,6.416776804550208,True,MOMENTUM_SHIFT,False,True,False,65,True,70,NONE,80,CHOPPY,NORMAL,NONE,80,0.063,CHOPPY,20,50,30,WEAK,BEARISH,50,30,60,NORMAL,58,40,60,-0.33,False,80,0.37386586016723006,81.832,RANGING,90,False,NONE,1.141785,1.143375,1.142615,FAR,30,50,85,NONE,DOWN,DOWN,66,DOWN,DOWN,NONE,False,"['M1', 'M5', 'M15']",66,66,SIDEWAY_RANGE,SIDEWAY_RANGE,55,60,True,28,Price ranging between clear levels. Suitable for mean-reversion strategies.,1.0,0.5,False,False,True,True,0.3,0.3,True,False,False,18,True,[],0,NO,SIDEWAY_RANGE,Price ranging between clear levels. Suitable for mean-reversion strategies.,NORMAL,NONE_OTC,0.137,[],True,Passed basic checks,0,66,50,MEDIUM,5,WAIT,รอการวิเคราะห์จาก AI
2026-06-30 21:19:00,1.142855,1.143115,1.142565,1.143005,1.0,EURUSD-OTC,BEARISH,1.143316,1.143283,1.142797,1.142881,1.145079,1.147117,BEARISH,1.145038,1.140834,0.004203,0.011242,44.96,50.63,0.000594,0.000596,-2e-06,37.78,57.67,0.001567,42.71,-0.33,0.001582,0.001561,19.74,20.37,18.84,3.89,0.063,1.0,1.0,1.0,False,7.3e-05,0.000111,2.4e-05,1.142615,1.143375,1.144045,1.141945,1.141185,20,3.9,1.141785,1.145745,NO_VOLUME_DATA,1.14325,1.143607,1.14384,1.143572,29.77,40.76,-0.000143,0.000106,8.91,9.43,0.000652,1.145811,1.142725,1.142895,1.143225,1.142675,1.0,1.0,1.143005,1.143115,1.142565,1.142855,NEW YORK,544169,LOW,1.143005,1.143115,1.142565,1.142855,NEW YORK,544169,LOW,NONE,BEARISH,BEARISH,WEAK,AT_PIVOT,LOW_WICK,NEUTRAL,CHAOTIC,TRUE,TESTING_PIVOT,NORMAL,50,20,7.176656151418466,50,NEUTRAL,False,70,[],0,0,NEUTRAL,BEARISH,40,True,BULL_TRAP,50,True,False,False,70,False,0,100,DOWN,NONE,NONE,0,True,75,55,45,80,False,True,NEUTRAL,70,False,0.0,NONE,False,NONE,False,False,0,False,60,16.225961538462432,3.9950829748004595,55.00000000000001,25,POOR,False,75,73,-0.044646548531045806,5,89.99999999999999,True,RANDOM,70,44.14737378306939,6.416776804550208,True,MOMENTUM_SHIFT,False,True,False,65,True,70,NONE,80,CHOPPY,NORMAL,NONE,80,0.063,CHOPPY,20,50,30,WEAK,BEARISH,50,30,60,NORMAL,58,40,60,-0.33,False,80,0.37386586016723006,81.832,RANGING,90,False,NONE,1.141785,1.143375,1.142615,FAR,30,50,85,NONE,DOWN,DOWN,66,DOWN,DOWN,NONE,False,"['M1', 'M5', 'M15']",66,66,SIDEWAY_RANGE,SIDEWAY_RANGE,55,60,True,28,Price ranging between clear levels. Suitable for mean-reversion strategies.,1.0,0.5,False,False,True,True,0.3,0.3,True,False,False,18,True,[],0,NO,SIDEWAY_RANGE,Price ranging between clear levels. Suitable for mean-reversion strategies.,NORMAL,NONE_OTC,0.137,[],True,Passed basic checks,0,66,50,MEDIUM,5,WAIT,รอการวิเคราะห์จาก AI
2026-06-30 21:20:00,1.142645,1.143225,1.142645,1.142955,1.0,EURUSD-OTC,BEARISH,1.143082,1.143162,1.142779,1.14287,1.145036,1.14712,BEARISH,1.144985,1.141008,0.003977,0.011224,44.04,50.18,0.000504,0.000577,-7.4e-05,24.07,40.15,0.001535,36.68,-0.38,0.00158,0.001566,18.61,19.3,17.86,3.89,-0.0979,1.0,1.0,1.0,False,-6.3e-05,8.2e-05,2.9e-05,1.142648,1.143192,1.143768,1.142072,1.141528,20,3.76,1.141785,1.145745,NO_VOLUME_DATA,1.142741,1.142977,1.143349,1.143393,45.81,44.64,-0.000361,-0.000192,22.51,14.67,0.000648,1.145932,1.141701,1.142942,1.143238,1.142658,1.0,1.0,1.142955,1.143225,1.142645,1.142645,NEW YORK,305008,LOW,1.142955,1.143225,1.142645,1.142645,NEW YORK,305008,LOW,DOJI,BEARISH,BEARISH,WEAK,AT_PIVOT,HIGH_WICK,NEUTRAL,CHAOTIC,NONE,TESTING_PIVOT,NORMAL,49,20,6.013540422142183,50,NEUTRAL,False,70,['DOJI'],1,20,NEUTRAL,BEARISH,60,False,NONE,0,False,False,False,60,False,0,100,DOWN,NONE,NONE,0,True,75,55,45,80,False,True,NEUTRAL,70,False,0.0,NONE,False,NONE,False,False,0,False,60,7.893020221786877,6.714778788829657,50.0,21,POOR,False,75,72,-0.04358866374386418,5,80.0,True,RANDOM,70,45.85029100842001,4.694237210255635,True,MOMENTUM_SHIFT,False,True,False,65,True,70,NONE,80,CHOPPY,NORMAL,NONE,80,-0.0979,CHOPPY,20,50,30,WEAK,NONE,50,30,60,NORMAL,58,40,60,-0.38,False,80,0.3543300071275837,86.656,RANGING,90,False,NONE,1.141785,1.143192,1.142648,FAR,30,50,85,DOWN,DOWN,DOWN,100,DOWN,DOWN,DOWN,False,"['M1', 'M5', 'M15']",100,100,SIDEWAY_RANGE,SIDEWAY_RANGE,55,60,True,28,Price ranging between clear levels. Suitable for mean-reversion strategies.,1.0,0.5,False,False,True,True,0.3,0.3,True,False,False,18,True,[],0,NO,SIDEWAY_RANGE,Price ranging between clear levels. Suitable for mean-reversion strategies.,NORMAL,NONE_OTC,0.134,[],True,Passed basic checks,0,100,50,MEDIUM,5,WAIT,รอการวิเคราะห์จาก AI
2026-06-30 21:21:00,1.142645,1.143225,1.142645,1.142955,1.0,EURUSD-OTC,BEARISH,1.143082,1.143162,1.142779,1.14287,1.145036,1.14712,BEARISH,1.144985,1.141008,0.003977,0.011224,44.04,50.18,0.000504,0.000577,-7.4e-05,24.07,40.15,0.001535,36.68,-0.38,0.00158,0.001566,18.61,19.3,17.86,3.89,-0.0979,1.0,1.0,1.0,False,-6.3e-05,8.2e-05,2.9e-05,1.142648,1.143192,1.143768,1.142072,1.141528,20,3.76,1.141785,1.145745,NO_VOLUME_DATA,1.142741,1.142977,1.143349,1.143393,45.81,44.64,-0.000361,-0.000192,22.51,14.67,0.000648,1.145932,1.141701,1.142942,1.143238,1.142658,1.0,1.0,1.142955,1.143225,1.142645,1.142645,NEW YORK,364569,LOW,1.142955,1.143225,1.142645,1.142645,NEW YORK,364569,LOW,DOJI,BEARISH,BEARISH,WEAK,AT_PIVOT,HIGH_WICK,NEUTRAL,CHAOTIC,NONE,TESTING_PIVOT,NORMAL,49,20,6.013540422142183,50,NEUTRAL,False,70,['DOJI'],1,20,NEUTRAL,BEARISH,60,False,NONE,0,False,False,False,60,False,0,100,DOWN,NONE,NONE,0,True,75,55,45,80,False,True,NEUTRAL,70,False,0.0,NONE,False,NONE,False,False,0,False,60,7.893020221786877,6.714778788829657,50.0,21,POOR,False,75,72,-0.04358866374386418,5,80.0,True,RANDOM,70,45.85029100842001,4.694237210255635,True,MOMENTUM_SHIFT,False,True,False,65,True,70,NONE,80,CHOPPY,NORMAL,NONE,80,-0.0979,CHOPPY,20,50,30,WEAK,NONE,50,30,60,NORMAL,58,40,60,-0.38,False,80,0.3543300071275837,86.656,RANGING,90,False,NONE,1.141785,1.143192,1.142648,FAR,30,50,85,DOWN,DOWN,DOWN,100,DOWN,DOWN,DOWN,False,"['M1', 'M5', 'M15']",100,100,SIDEWAY_RANGE,SIDEWAY_RANGE,55,60,True,28,Price ranging between clear levels. Suitable for mean-reversion strategies.,1.0,0.5,False,False,True,True,0.3,0.3,True,False,False,18,True,[],0,NO,SIDEWAY_RANGE,Price ranging between clear levels. Suitable for mean-reversion strategies.,NORMAL,NONE_OTC,0.134,[],True,Passed basic checks,0,100,50,MEDIUM,5,WAIT,รอการวิเคราะห์จาก AI
2026-06-30 21:22:00,1.142645,1.143225,1.142645,1.142955,1.0,EURUSD-OTC,BEARISH,1.143082,1.143162,1.142779,1.14287,1.145036,1.14712,BEARISH,1.144985,1.141008,0.003977,0.011224,44.04,50.18,0.000504,0.000577,-7.4e-05,24.07,40.15,0.001535,36.68,-0.38,0.00158,0.001566,18.61,19.3,17.86,3.89,-0.0979,1.0,1.0,1.0,False,-6.3e-05,8.2e-05,2.9e-05,1.142648,1.143192,1.143768,1.142072,1.141528,20,3.76,1.141785,1.145745,NO_VOLUME_DATA,1.142741,1.142977,1.143349,1.143393,45.81,44.64,-0.000361,-0.000192,22.51,14.67,0.000648,1.145932,1.141701,1.142942,1.143238,1.142658,1.0,1.0,1.142955,1.143225,1.142645,1.142645,NEW YORK,424423,LOW,1.142955,1.143225,1.142645,1.142645,NEW YORK,424423,LOW,DOJI,BEARISH,BEARISH,WEAK,AT_PIVOT,HIGH_WICK,NEUTRAL,CHAOTIC,NONE,TESTING_PIVOT,NORMAL,49,20,6.013540422142183,50,NEUTRAL,False,70,['DOJI'],1,20,NEUTRAL,BEARISH,60,False,NONE,0,False,False,False,60,False,0,100,DOWN,NONE,NONE,0,True,75,55,45,80,False,True,NEUTRAL,70,False,0.0,NONE,False,NONE,False,False,0,False,60,7.893020221786877,6.714778788829657,50.0,21,POOR,False,75,72,-0.04358866374386418,5,80.0,True,RANDOM,70,45.85029100842001,4.694237210255635,True,MOMENTUM_SHIFT,False,True,False,65,True,70,NONE,80,CHOPPY,NORMAL,NONE,80,-0.0979,CHOPPY,20,50,30,WEAK,NONE,50,30,60,NORMAL,58,40,60,-0.38,False,80,0.3543300071275837,86.656,RANGING,90,False,NONE,1.141785,1.143192,1.142648,FAR,30,50,85,DOWN,DOWN,DOWN,100,DOWN,DOWN,DOWN,False,"['M1', 'M5', 'M15']",100,100,SIDEWAY_RANGE,SIDEWAY_RANGE,55,60,True,28,Price ranging between clear levels. Suitable for mean-reversion strategies.,1.0,0.5,False,False,True,True,0.3,0.3,True,False,False,18,True,[],0,NO,SIDEWAY_RANGE,Price ranging between clear levels. Suitable for mean-reversion strategies.,NORMAL,NONE_OTC,0.134,[],True,Passed basic checks,0,100,50,MEDIUM,5,WAIT,รอการวิเคราะห์จาก AI
2026-06-30 21:23:00,1.142645,1.143225,1.142645,1.142955,1.0,EURUSD-OTC,BEARISH,1.143082,1.143162,1.142779,1.14287,1.145036,1.14712,BEARISH,1.144985,1.141008,0.003977,0.011224,44.04,50.18,0.000504,0.000577,-7.4e-05,24.07,40.15,0.001535,36.68,-0.38,0.00158,0.001566,18.61,19.3,17.86,3.89,-0.0979,1.0,1.0,1.0,False,-6.3e-05,8.2e-05,2.9e-05,1.142648,1.143192,1.143768,1.142072,1.141528,20,3.76,1.141785,1.145745,NO_VOLUME_DATA,1.142741,1.142977,1.143349,1.143393,45.81,44.64,-0.000361,-0.000192,22.51,14.67,0.000648,1.145932,1.141701,1.142942,1.143238,1.142658,1.0,1.0,1.142955,1.143225,1.142645,1.142645,NEW YORK,483874,LOW,1.142955,1.143225,1.142645,1.142645,NEW YORK,483874,LOW,DOJI,BEARISH,BEARISH,WEAK,AT_PIVOT,HIGH_WICK,NEUTRAL,CHAOTIC,NONE,TESTING_PIVOT,NORMAL,49,20,6.013540422142183,50,NEUTRAL,False,70,['DOJI'],1,20,NEUTRAL,BEARISH,60,False,NONE,0,False,False,False,60,False,0,100,DOWN,NONE,NONE,0,True,75,55,45,80,False,True,NEUTRAL,70,False,0.0,NONE,False,NONE,False,False,0,False,60,7.893020221786877,6.714778788829657,50.0,21,POOR,False,75,72,-0.04358866374386418,5,80.0,True,RANDOM,70,45.85029100842001,4.694237210255635,True,MOMENTUM_SHIFT,False,True,False,65,True,70,NONE,80,CHOPPY,NORMAL,NONE,80,-0.0979,CHOPPY,20,50,30,WEAK,NONE,50,30,60,NORMAL,58,40,60,-0.38,False,80,0.3543300071275837,86.656,RANGING,90,False,NONE,1.141785,1.143192,1.142648,FAR,30,50,85,DOWN,DOWN,DOWN,100,DOWN,DOWN,DOWN,False,"['M1', 'M5', 'M15']",100,100,SIDEWAY_RANGE,SIDEWAY_RANGE,55,60,True,28,Price ranging between clear levels. Suitable for mean-reversion strategies.,1.0,0.5,False,False,True,True,0.3,0.3,True,False,False,18,True,[],0,NO,SIDEWAY_RANGE,Price ranging between clear levels. Suitable for mean-reversion strategies.,NORMAL,NONE_OTC,0.134,[],True,Passed basic checks,0,100,50,MEDIUM,5,WAIT,รอการวิเคราะห์จาก AI
2026-06-30 21:24:00,1.142645,1.143225,1.142645,1.142955,1.0,EURUSD-OTC,BEARISH,1.143082,1.143162,1.142779,1.14287,1.145036,1.14712,BEARISH,1.144985,1.141008,0.003977,0.011224,44.04,50.18,0.000504,0.000577,-7.4e-05,24.07,40.15,0.001535,36.68,-0.38,0.00158,0.001566,18.61,19.3,17.86,3.89,-0.0979,1.0,1.0,1.0,False,-6.3e-05,8.2e-05,2.9e-05,1.142648,1.143192,1.143768,1.142072,1.141528,20,3.76,1.141785,1.145745,NO_VOLUME_DATA,1.142741,1.142977,1.143349,1.143393,45.81,44.64,-0.000361,-0.000192,22.51,14.67,0.000648,1.145932,1.141701,1.142942,1.143238,1.142658,1.0,1.0,1.142955,1.143225,1.142645,1.142645,NEW YORK,544587,LOW,1.142955,1.143225,1.142645,1.142645,NEW YORK,544587,LOW,DOJI,BEARISH,BEARISH,WEAK,AT_PIVOT,HIGH_WICK,NEUTRAL,CHAOTIC,NONE,TESTING_PIVOT,NORMAL,49,20,6.013540422142183,50,NEUTRAL,False,70,['DOJI'],1,20,NEUTRAL,BEARISH,60,False,NONE,0,False,False,False,60,False,0,100,DOWN,NONE,NONE,0,True,75,55,45,80,False,True,NEUTRAL,70,False,0.0,NONE,False,NONE,False,False,0,False,60,7.893020221786877,6.714778788829657,50.0,21,POOR,False,75,72,-0.04358866374386418,5,80.0,True,RANDOM,70,45.85029100842001,4.694237210255635,True,MOMENTUM_SHIFT,False,True,False,65,True,70,NONE,80,CHOPPY,NORMAL,NONE,80,-0.0979,CHOPPY,20,50,30,WEAK,NONE,50,30,60,NORMAL,58,40,60,-0.38,False,80,0.3543300071275837,86.656,RANGING,90,False,NONE,1.141785,1.143192,1.142648,FAR,30,50,85,DOWN,DOWN,DOWN,100,DOWN,DOWN,DOWN,False,"['M1', 'M5', 'M15']",100,100,SIDEWAY_RANGE,SIDEWAY_RANGE,55,60,True,28,Price ranging between clear levels. Suitable for mean-reversion strategies.,1.0,0.5,False,False,True,True,0.3,0.3,True,False,False,18,True,[],0,NO,SIDEWAY_RANGE,Price ranging between clear levels. Suitable for mean-reversion strategies.,NORMAL,NONE_OTC,0.134,[],True,Passed basic checks,0,100,50,MEDIUM,5,WAIT,รอการวิเคราะห์จาก AI
2026-06-30 21:25:00,1.142575,1.143185,1.142575,1.143085,1.0,EURUSD-OTC,BEARISH,1.14306,1.143135,1.142802,1.142876,1.145022,1.147268,BULLISH,1.144741,1.141506,0.003236,0.011199,49.38,52.19,0.000459,0.000554,-9.4e-05,25.08,28.98,0.001494,13.57,-0.68,0.001567,0.001577,17.62,18.75,17.04,4.79,0.0044,1.0,1.0,1.0,False,-6.8e-05,4.3e-05,3.5e-05,1.142882,1.143428,1.143842,1.142468,1.141922,20,3.54,1.141855,1.145745,NO_VOLUME_DATA,1.142809,1.14285,1.143116,1.143276,53.91,48.33,-0.000316,-0.000299,47.21,36.62,0.000668,1.144597,1.14178,1.142948,1.143322,1.142712,1.0,1.0,1.143085,1.143185,1.142575,1.142575,NEW YORK,305183,LOW,1.143085,1.143185,1.142575,1.142575,NEW YORK,305183,LOW,BULLISH_ENGULFING,BULLISH,BULLISH,WEAK,AT_PIVOT,HIGH_WICK,NEUTRAL,CHAOTIC,NONE,TESTING_PIVOT,NORMAL,49,20,10.441767068272867,50,NEUTRAL,False,70,"['BULLISH_ENGULFING', 'MORNING_STAR']",2,40,BULLISH,BULLISH,80,False,NONE,0,False,False,False,60,False,0,50,NONE,NONE,NONE,0,False,75,55,45,80,False,True,NEUTRAL,70,False,0.0,NONE,False,NONE,False,False,0,False,60,17.162162162162158,4.1960281870593255,55.00000000000001,25,POOR,False,75,72,-0.0483614611073292,5,80.0,True,RANDOM,70,45.417803364887796,5.032439050522613,True,MOMENTUM_SHIFT,False,True,False,65,True,70,NONE,80,CHOPPY,LOW,NONE,80,0.0044,CHOPPY,20,50,30,WEAK,BEARISH,50,30,60,LOW,58,55,45,-0.68,False,65,0.28895437092597553,100.0,RANGING,90,False,NONE,1.141855,1.143428,1.142882,FAR,30,50,85,DOWN,NONE,DOWN,66,DOWN,DOWN,DOWN,False,"['M1', 'M5', 'M15']",66,66,SIDEWAY_RANGE,SIDEWAY_RANGE,55,60,True,27,Price ranging between clear levels. Suitable for mean-reversion strategies.,1.0,0.5,False,False,True,True,0.3,0.3,True,False,False,18,True,[],0,NO,SIDEWAY_RANGE,Price ranging between clear levels. Suitable for mean-reversion strategies.,LOW,NONE_OTC,0.131,[],True,Passed basic checks,0,66,50,MEDIUM,5,WAIT,รอการวิเคราะห์จาก AI
2026-06-30 21:31:00,1.142995,1.143205,1.142385,1.142405,1.0,EURUSD-OTC,BEARISH,1.142778,1.142968,1.142746,1.142851,1.144966,1.147217,BEARISH,1.144691,1.141607,0.003084,0.011169,40.39,48.02,0.000355,0.000514,-0.000159,21.11,23.42,0.00149,13.0,-0.7,0.001552,0.001589,16.59,17.46,18.6,3.15,-0.07,1.0,1.0,1.0,False,-0.000159,7e-06,3.6e-05,1.142395,1.143025,1.143835,1.141585,1.140955,20,3.51,1.141855,1.145745,NO_VOLUME_DATA,1.14271,1.142771,1.142966,1.143179,38.13,41.69,-0.000262,-0.000279,61.11,61.26,0.000645,1.143504,1.142125,1.142665,1.142945,1.142125,1.0,1.0,1.142405,1.143205,1.142385,1.142995,NEW YORK,364032,LOW,1.142405,1.143205,1.142385,1.142995,NEW YORK,364032,LOW,NONE,BEARISH,BEARISH,WEAK,AT_PIVOT,HIGH_WICK,NEUTRAL,CHAOTIC,NONE,TESTING_PIVOT,NORMAL,49,20,10.887096774193274,50,NEUTRAL,False,70,[],0,0,NEUTRAL,BEARISH,40,False,NONE,0,False,False,False,60,False,0,100,DOWN,NONE,NONE,0,True,75,55,45,80,False,True,NEUTRAL,70,False,0.0,NONE,False,NONE,False,False,0,False,60,3.549060542797624,1.454898157129194,50.0,18,POOR,False,75,70,-0.034971118263757046,5,70.0,True,RANDOM,70,44.297588230810746,6.428380603633458,True,MOMENTUM_SHIFT,False,True,False,65,True,70,DOWN,100,CHOPPY,LOW,DOWN,100,-0.07,CHOPPY,75,30,75,WEAK,NONE,50,30,60,LOW,58,55,45,-0.7,False,65,0.2761214074670964,100.0,RANGING,90,False,NONE,1.141585,1.143025,1.142395,FAR,30,50,85,DOWN,DOWN,DOWN,100,DOWN,DOWN,DOWN,False,"['M1', 'M5', 'M15']",100,100,SIDEWAY_RANGE,SIDEWAY_RANGE,55,60,True,27,Price ranging between clear levels. Suitable for mean-reversion strategies.,1.0,0.5,False,False,False,False,0.3,0.3,True,False,False,18,True,[],0,NO,SIDEWAY_RANGE,Price ranging between clear levels. Suitable for mean-reversion strategies.,LOW,NONE_OTC,0.13,[],True,Passed basic checks,0,100,50,MEDIUM,5,WAIT,รอการวิเคราะห์จาก AI
2026-06-30 21:58:00,1.138925,1.139055,1.138645,1.138865,1.0,EURUSD-OTC,BEARISH,1.140031,1.14096,1.141631,1.142325,1.144491,1.147117,BEARISH,1.145478,1.139297,0.006182,0.011027,21.04,34.61,-0.000571,-3.9e-05,-0.000531,6.16,13.16,0.001468,11.5,-0.82,0.001498,0.00158,18.72,13.65,27.28,33.31,-0.3308,1.0,1.0,1.0,False,-0.00045,-0.0002,2.6e-05,1.138922,1.139278,1.139632,1.138568,1.138212,30,4.89,1.140055,1.141985,NO_VOLUME_DATA,1.139409,1.139976,1.140587,1.141552,17.16,27.02,-0.000718,-0.000522,6.98,7.22,0.000691,1.142342,1.138975,1.138855,1.139065,1.138655,1.0,1.0,1.138865,1.139055,1.138645,1.138925,NEW YORK,183885,LOW,1.138865,1.139055,1.138645,1.138925,NEW YORK,183885,LOW,DOJI,BEARISH,BEARISH,WEAK,AT_PIVOT,HIGH_WICK,BEARISH,CHAOTIC,NONE,TESTING_PIVOT,NORMAL,43,26,-1.0337078651693188,50,NEUTRAL,False,70,['DOJI'],1,20,NEUTRAL,BEARISH,60,False,NONE,0,False,False,False,60,False,0,100,DOWN,DOWN,DOWN,0,True,100,82,18,80,True,True,CONTINUATION,70,False,0.0,NONE,True,BEARISH,False,True,50,False,70,33.977695167286065,14.962508520791165,60.0,36,FAIR,False,75,63,0.07495254603003809,4,10.000000000000009,True,RANDOM,70,46.715573466782814,7.6409654577004105,True,MOMENTUM_SHIFT,False,True,False,65,True,70,DOWN,100,IMPULSIVE,LOW,DOWN,100,-0.3308,IMPULSIVE,90,30,95,WEAK,NONE,55,30,65,LOW,58,55,45,-0.82,False,65,0.5606239230978507,100.0,RANGING,90,False,NONE,1.138568,1.139278,1.138922,FAR,30,50,85,DOWN,DOWN,DOWN,100,DOWN,DOWN,DOWN,False,"['M1', 'M5', 'M15']",100,100,BREAKOUT_EMERGING,BREAKOUT_EMERGING,51,70,True,28,"Volatility expansion after compression. Potential breakout opportunity. (breakout prob: 30%, reversal prob: 50%)",1.0,0.5,False,False,False,False,0.3,0.3,True,False,False,18,True,[],0,NO,BREAKOUT_EMERGING,"Volatility expansion after compression. Potential breakout opportunity. (breakout prob: 30%, reversal prob: 50%)",LOW,NONE_OTC,0.129,[],True,Passed basic checks,0,100,50,MEDIUM,5,WAIT,รอการวิเคราะห์จาก AI,MEDIUM,PREPARE_TO_TRADE,5
