timestamp,open,high,low,close,volume,symbol,m15_bias,m5_ema5,m5_ema10,m5_ema20,m5_ema50,m5_ema100,m5_ema200,m5_bias,m5_bb_upper,m5_bb_lower,m5_bb_width,m5_bbw_sma_100,m5_rsi7,m5_rsi14,m5_macd,m5_macd_signal,m5_macd_hist,m5_stoch_k,m5_stoch_d,m5_atr14,m5_atr_percentile,m5_atr_zscore,m5_atr_recent_avg,m5_atr_past_avg,m5_adx,m5_di_plus,m5_di_minus,m5_dx,m5_roc,m5_volume,m5_volume_ma20,m5_volume_ratio,m5_volume_spike,m5_volume_trend,m5_slope_10,m5_slope_20,m5_slope_50,m5_support,m5_resistance,m5_pivot,m5_r1,m5_r2,m5_s1,m5_s2,m5_box_duration,m5_box_tightness,m1_ema5,m1_ema20,m1_rsi14,m1_macd,m1_macd_signal,m1_stoch_k,m1_stoch_d,m1_atr14,m1_support,m1_resistance,m1_bb_upper,m1_bb_lower,m1_volume,m1_volume_ratio,meta_close,meta_high,meta_low,meta_open,meta_session,meta_data_age_ms,meta_data_quality,ohlcv_close,ohlcv_high,ohlcv_low,ohlcv_open,ohlcv_session,ohlcv_data_age_ms,ohlcv_data_quality,price_action_pattern,price_action_last_candle_bias,price_action_body_strength,price_action_wick_dominance,price_action_momentum_bias,price_action_move_quality,price_action_trap_alert,price_action_sr_interaction,behavior_conviction,behavior_hesitation,behavior_pressure_balance,behavior_participation,behavior_behavior,behavior_is_decisive,behavior_confidence,candle_pattern_patterns_detected,candle_pattern_pattern_count,candle_pattern_pattern_strength,candle_pattern_bias,candle_pattern_last_candle_color,candle_pattern_confidence,trap_detector_trap_detected,trap_detector_trap_type,trap_detector_trap_score,trap_detector_false_breakout,trap_detector_stop_hunt,trap_detector_rejection_wick,trap_detector_confidence,conflict_conflict_detected,conflict_conflict_score,conflict_agreement_score,conflict_ema_direction,conflict_momentum_direction,conflict_candle_direction,conflict_conflicting_signals,conflict_all_aligned,conflict_confidence,continuation_continuation_probability,continuation_reversal_probability,continuation_pullback_health,continuation_momentum_intact,continuation_volume_supports_move,continuation_bias,continuation_confidence,continuation_retest_detected,continuation_retest_quality,continuation_retest_type,divergence_divergence_detected,divergence_divergence_type,divergence_rsi_divergence,divergence_macd_divergence,divergence_divergence_strength,divergence_both_confirm,divergence_confidence,efficiency_efficiency_ratio,efficiency_path_efficiency,efficiency_directional_efficiency,efficiency_overall_efficiency,efficiency_movement_quality,efficiency_is_efficient,efficiency_confidence,persistence_persistence_score,persistence_autocorrelation,persistence_max_consecutive_run,persistence_trend_persistence,persistence_is_persistent,persistence_behavior,persistence_confidence,persistence_expansion_persistence,persistence_fatigue_risk,transition_in_transition,transition_transition_type,transition_volatility_shift,transition_momentum_shift,transition_structure_shift,transition_stability_score,transition_is_stable,transition_confidence,analysis_trend_direction,analysis_trend_strength,analysis_trend_type,analysis_volatility_regime,engines_trend_direction,engines_trend_strength,engines_trend_momentum,engines_trend_type,engines_trend_confidence,engines_trend_reversal_risk,engines_trend_sustain_probability,engines_strength_momentum_level,engines_strength_divergence,engines_strength_strength_score,engines_strength_exhaustion_risk,engines_strength_confidence,engines_volatility_regime,engines_volatility_volatility_score,engines_volatility_expansion_probability,engines_volatility_contraction_probability,engines_volatility_volatility_zscore,engines_volatility_spike_detected,engines_volatility_confidence,engines_volatility_bbw_compression_ratio,engines_volatility_compression_quality,engines_structure_structure_type,engines_structure_structure_score,engines_structure_bos_detected,engines_structure_bos_type,engines_structure_key_zones_strong_support,engines_structure_key_zones_strong_resistance,engines_structure_key_zones_middle,engines_structure_zone_proximity,engines_structure_breakout_probability,engines_structure_reversal_probability,engines_structure_confidence,engines_mtf_alignment_score,engines_mtf_dominant_direction,engines_mtf_htf_direction,engines_mtf_ltf_direction,engines_mtf_htf_ltf_conflict,engines_mtf_timeframes_analyzed,engines_mtf_confidence_from_mtf,engines_mtf_confidence,market_state,market_state_full_state,market_state_full_confidence,market_state_full_quality_score,market_state_full_tradeable,market_state_full_stability,market_state_full_description,market_state_full_metrics_volume_ratio,market_state_full_metrics_noise_level,market_state_full_metrics_rsi_extreme_bull,market_state_full_metrics_rsi_extreme_bear,market_state_full_metrics_price_above_ma20,market_state_full_metrics_price_above_ma50,market_state_full_metrics_wick_lower_ratio,market_state_full_metrics_wick_upper_ratio,market_state_full_metrics_compression_detected,market_state_full_metrics_divergence_detected,market_state_full_metrics_volume_surge,market_state_full_metrics_adaptive_adx_threshold,market_state_full_metrics_is_otc,signals_triggered,signals_count,signals_top_signal,market_context_state,market_context_description,market_context_volatility_regime,market_context_news_impact,market_context_expected_volatility_%,market_context_recent_ai_memory,decision_layer_tradeable,decision_layer_tradeable_reason,decision_layer_confidence_score,decision_layer_stability_score,decision_layer_quality_score,decision_layer_risk_level,decision_layer_suggested_expiry_minutes,decision_layer_suggested_action,decision_layer_final_reason_th
2026-06-26 06:58:00,1.116605,1.116815,1.116355,1.116475,1.0,EURUSD-OTC,BEARISH,1.117685,1.118246,1.118695,1.120365,1.123728,1.130583,BEARISH,1.12142,1.115642,0.005778,0.006179,37.86,33.6,-0.000622,-0.000533,-8.9e-05,30.59,55.46,0.0016,80.9,0.04,0.001523,0.00161,16.21,19.23,32.19,25.21,-0.2815,1,1.0,1.0,False,STABLE,-0.0001,1.2e-05,-0.000114,1.115505,1.121025,1.115988,1.116472,1.117068,1.115392,1.114908,26,3.45,1.116403,1.117407,16.0,-0.000808,-0.000647,19.78,15.1,0.000659,1.115505,1.121025,1.122034,1.114092,1,1.0,1.116475,1.116815,1.116355,1.116605,ASIAN,62929,HIGH,1.116475,1.116815,1.116355,1.116605,ASIAN,62929,HIGH,NONE,BEARISH,WEAK,LOW,NEUTRAL,CHOPPY,True,NONE,54,20,6.666666666666667,50,NEUTRAL,False,70,[],0,0,NEUTRAL,BEARISH,40,True,BULL_TRAP,50,True,False,False,70,False,0,100,DOWN,DOWN,NONE,0,True,75,82,18,80,True,True,CONTINUATION,70,False,0.0,NONE,True,BULLISH,True,True,90,True,70,4.0988208871426,1.3107416879796001,55.00000000000001,20,POOR,False,75,63,0.049218554136563585,4,9.999999999999998,True,RANDOM,70,52.72062986402642,3.7805818945325993,False,NONE,False,False,False,100,True,70,DOWN,80,IMPULSIVE,EXTREME,DOWN,80,-0.2815,IMPULSIVE,80,30,85,WEAK,NONE,55,30,65,EXTREME,88,55,45,0.04,False,40,0.9351027674380968,37.76972325619031,RANGING,90,False,NONE,1.115392,1.116472,1.115988,FAR,30,50,85,50,NONE,NONE,NONE,False,[],0,0,SIDEWAY_RANGE,SIDEWAY_RANGE,54,60,True,24,Price ranging between clear levels. Suitable for mean-reversion strategies.,1.0,0.5,False,False,False,False,0.3,0.3,True,False,False,22,True,[],0,NO,SIDEWAY_RANGE,Price ranging between clear levels. Suitable for mean-reversion strategies.,EXTREME,LOW,0.143,[],True,Passed basic checks,0,50,50,MEDIUM,5,WAIT,รอการวิเคราะห์จาก AI
2026-06-26 06:59:00,1.116425,1.117305,1.116425,1.117245,1.0,EURUSD-OTC,BEARISH,1.117685,1.118246,1.118695,1.120365,1.123728,1.130583,BEARISH,1.12142,1.115642,0.005778,0.006179,37.86,33.6,-0.000622,-0.000533,-8.9e-05,30.59,55.46,0.0016,80.9,0.04,0.001523,0.00161,16.21,19.23,32.19,25.21,-0.2815,1,1.0,1.0,False,STABLE,-0.0001,1.2e-05,-0.000114,1.115505,1.121025,1.115988,1.116472,1.117068,1.115392,1.114908,26,3.45,1.116684,1.117391,26.32,-0.000717,-0.000661,25.34,20.17,0.000682,1.115505,1.121025,1.121749,1.11407,1,1.0,1.117245,1.117305,1.116425,1.116425,ASIAN,63339,HIGH,1.117245,1.117305,1.116425,1.116425,ASIAN,63339,HIGH,NONE,BEARISH,WEAK,LOW,NEUTRAL,CHOPPY,True,NONE,54,20,6.666666666666667,50,NEUTRAL,False,70,[],0,0,NEUTRAL,BEARISH,40,True,BULL_TRAP,50,True,False,False,70,False,0,100,DOWN,DOWN,NONE,0,True,75,82,18,80,True,True,CONTINUATION,70,False,0.0,NONE,True,BULLISH,True,True,90,True,70,4.0988208871426,1.3107416879796001,55.00000000000001,20,POOR,False,75,63,0.049218554136563585,4,9.999999999999998,True,RANDOM,70,52.72062986402642,3.7805818945325993,False,NONE,False,False,False,100,True,70,DOWN,80,IMPULSIVE,EXTREME,DOWN,80,-0.2815,IMPULSIVE,80,30,85,WEAK,NONE,55,30,65,EXTREME,88,55,45,0.04,False,40,0.9351027674380968,37.76972325619031,RANGING,90,False,NONE,1.115392,1.116472,1.115988,FAR,30,50,85,50,NONE,NONE,NONE,False,[],0,0,SIDEWAY_RANGE,SIDEWAY_RANGE,54,60,True,24,Price ranging between clear levels. Suitable for mean-reversion strategies.,1.0,0.5,False,False,False,False,0.3,0.3,True,False,False,22,True,[],0,NO,SIDEWAY_RANGE,Price ranging between clear levels. Suitable for mean-reversion strategies.,EXTREME,LOW,0.143,[],True,Passed basic checks,0,50,50,MEDIUM,5,WAIT,รอการวิเคราะห์จาก AI
2026-06-26 07:00:00,1.117255,1.117915,1.117145,1.117455,1.0,EURUSD-OTC,BEARISH,1.117608,1.118102,1.118576,1.12025,1.123592,1.13037,BEARISH,1.121331,1.115848,0.005482,0.006206,46.93,39.11,-0.000648,-0.000556,-9.2e-05,15.22,34.56,0.001646,89.45,0.14,0.001527,0.00161,15.87,23.19,29.19,11.47,-0.0295,1,1.0,1.0,False,STABLE,-0.000107,-3.8e-05,-0.000111,1.115505,1.121025,1.117045,1.118325,1.119195,1.116175,1.114895,27,3.35,1.116941,1.117397,33.88,-0.000622,-0.000653,35.8,26.97,0.000648,1.115505,1.121025,1.12141,1.114109,1,1.0,1.117455,1.117915,1.117145,1.117255,ASIAN,62901,HIGH,1.117455,1.117915,1.117145,1.117255,ASIAN,62901,HIGH,NONE,BULLISH,WEAK,LOW,NEUTRAL,CHOPPY,True,NONE,54,20,13.333333333333334,50,NEUTRAL,False,70,[],0,0,NEUTRAL,BULLISH,40,True,BEAR_TRAP,50,True,False,False,70,False,0,100,DOWN,NONE,NONE,0,True,75,82,18,80,True,True,CONTINUATION,70,False,0.0,NONE,True,BULLISH,True,True,90,True,70,6.135291033036599,0.25078369905980985,60.0,22,POOR,False,75,63,0.03324893472828878,4,9.999999999999998,True,RANDOM,70,52.28696242691127,1.5039101844418612,False,NONE,False,False,False,100,True,70,DOWN,100,CHOPPY,EXTREME,DOWN,100,-0.0295,CHOPPY,75,30,75,WEAK,NONE,55,30,65,EXTREME,88,55,45,0.14,False,40,0.883338704479536,36.1061295520464,RANGING,90,False,NONE,1.115505,1.118325,1.117045,FAR,30,50,85,50,NONE,NONE,NONE,False,[],0,0,SIDEWAY_RANGE,SIDEWAY_RANGE,56,60,True,24,Price ranging between clear levels. Suitable for mean-reversion strategies.,1.0,0.5,False,False,False,False,0.3,0.3,True,False,False,22,True,[],0,NO,SIDEWAY_RANGE,Price ranging between clear levels. Suitable for mean-reversion strategies.,EXTREME,LOW,0.147,[],True,Passed basic checks,0,50,50,MEDIUM,5,WAIT,รอการวิเคราะห์จาก AI
2026-06-26 07:02:00,1.117555,1.117965,1.117155,1.117855,1.0,EURUSD-OTC,BEARISH,1.117608,1.118102,1.118576,1.12025,1.123592,1.13037,BEARISH,1.121331,1.115848,0.005482,0.006206,46.93,39.11,-0.000648,-0.000556,-9.2e-05,15.22,34.56,0.001646,89.45,0.14,0.001527,0.00161,15.87,23.19,29.19,11.47,-0.0295,1,1.0,1.0,False,STABLE,-0.000107,-3.8e-05,-0.000111,1.115505,1.121025,1.117045,1.118325,1.119195,1.116175,1.114895,27,3.35,1.117386,1.117456,50.0,-0.00043,-0.000589,73.26,54.12,0.000634,1.115505,1.120825,1.120503,1.114415,1,1.0,1.117855,1.117965,1.117155,1.117555,ASIAN,62564,HIGH,1.117855,1.117965,1.117155,1.117555,ASIAN,62564,HIGH,NONE,BULLISH,WEAK,LOW,NEUTRAL,CHOPPY,True,NONE,54,20,13.333333333333334,50,NEUTRAL,False,70,[],0,0,NEUTRAL,BULLISH,40,True,BEAR_TRAP,50,True,False,False,70,False,0,100,DOWN,NONE,NONE,0,True,75,82,18,80,True,True,CONTINUATION,70,False,0.0,NONE,True,BULLISH,True,True,90,True,70,6.135291033036599,0.25078369905980985,60.0,22,POOR,False,75,63,0.03324893472828878,4,9.999999999999998,True,RANDOM,70,52.28696242691127,1.5039101844418612,False,NONE,False,False,False,100,True,70,DOWN,100,CHOPPY,EXTREME,DOWN,100,-0.0295,CHOPPY,75,30,75,WEAK,NONE,55,30,65,EXTREME,88,55,45,0.14,False,40,0.883338704479536,36.1061295520464,RANGING,90,False,NONE,1.115505,1.118325,1.117045,FAR,30,50,85,50,NONE,NONE,NONE,False,[],0,0,SIDEWAY_RANGE,SIDEWAY_RANGE,56,60,True,24,Price ranging between clear levels. Suitable for mean-reversion strategies.,1.0,0.5,False,False,False,False,0.3,0.3,True,False,False,22,True,[],0,NO,SIDEWAY_RANGE,Price ranging between clear levels. Suitable for mean-reversion strategies.,EXTREME,LOW,0.147,[],True,Passed basic checks,0,50,50,MEDIUM,5,WAIT,รอการวิเคราะห์จาก AI
2026-06-26 07:25:00,1.119305,1.119315,1.118545,1.118955,1.0,EURUSD-OTC,BEARISH,1.118701,1.118593,1.118696,1.120002,1.123137,1.12975,BULLISH,1.121225,1.116235,0.00499,0.006291,71.18,54.64,-0.000278,-0.00043,0.000152,60.02,62.18,0.001609,80.9,-0.05,0.001595,0.001553,12.44,25.36,22.04,6.99,-0.1339,1,1.0,1.0,False,STABLE,-8e-06,-5.9e-05,-8.5e-05,1.115505,1.121025,1.118985,1.119635,1.120315,1.118305,1.117655,32,3.43,1.119103,1.118872,45.45,0.000245,0.000262,56.13,60.01,0.000581,1.117645,1.119885,1.119873,1.118085,1,1.0,1.118955,1.119315,1.118545,1.119305,ASIAN,63360,HIGH,1.118955,1.119315,1.118545,1.119305,ASIAN,63360,HIGH,NONE,BULLISH,WEAK,LOW,NEUTRAL,CHOPPY,False,NONE,55,13,13.333333333333334,50,NEUTRAL,False,70,[],0,0,NEUTRAL,BULLISH,40,False,NONE,0,False,False,False,60,False,0,50,NONE,NONE,NONE,0,False,75,55,45,80,False,True,NEUTRAL,70,False,0.0,NONE,True,BULLISH,True,True,90,True,70,6.11329220415035,4.829996822371092,55.00000000000001,21,POOR,False,75,63,0.1451378446341591,4,10.000000000000009,True,RANDOM,70,53.57791306096723,0.34689669512977594,False,NONE,False,False,False,100,True,70,NONE,20,CHOPPY,EXTREME,NONE,20,-0.1339,CHOPPY,20,50,30,WEAK,BULLISH,50,30,60,EXTREME,88,40,60,-0.05,False,40,0.7931966301065013,51.279999999999994,RANGING,90,False,NONE,1.115505,1.119635,1.118985,FAR,30,50,85,50,NONE,NONE,NONE,False,[],0,0,ACCUMULATION,ACCUMULATION,50,65,True,22,"Smart money accumulation. Bullish bias, look for breakout.",1.0,0.5,False,False,True,False,0.3,0.3,True,False,False,22,True,[],0,NO,ACCUMULATION,"Smart money accumulation. Bullish bias, look for breakout.",EXTREME,LOW,0.144,[],True,Passed basic checks,0,50,50,MEDIUM,5,WAIT,รอการวิเคราะห์จาก AI
2026-06-26 07:27:00,1.118035,1.118625,1.117805,1.118545,1.0,EURUSD-OTC,BEARISH,1.118701,1.118593,1.118696,1.120002,1.123137,1.12975,BULLISH,1.121225,1.116235,0.00499,0.006291,71.18,54.64,-0.000278,-0.00043,0.000152,60.02,62.18,0.001609,80.9,-0.05,0.001595,0.001553,12.44,25.36,22.04,6.99,-0.1339,1,1.0,1.0,False,STABLE,-8e-06,-5.9e-05,-8.5e-05,1.115505,1.121025,1.118985,1.119635,1.120315,1.118305,1.117655,32,3.43,1.118677,1.118768,40.68,0.000111,0.000213,25.19,38.43,0.000639,1.117645,1.119885,1.119797,1.118211,1,1.0,1.118545,1.118625,1.117805,1.118035,ASIAN,63178,HIGH,1.118545,1.118625,1.117805,1.118035,ASIAN,63178,HIGH,NONE,BULLISH,WEAK,LOW,NEUTRAL,CHOPPY,False,NONE,55,13,13.333333333333334,50,NEUTRAL,False,70,[],0,0,NEUTRAL,BULLISH,40,False,NONE,0,False,False,False,60,False,0,50,NONE,NONE,NONE,0,False,75,55,45,80,False,True,NEUTRAL,70,False,0.0,NONE,True,BULLISH,True,True,90,True,70,6.11329220415035,4.829996822371092,55.00000000000001,21,POOR,False,75,63,0.1451378446341591,4,10.000000000000009,True,RANDOM,70,53.57791306096723,0.34689669512977594,False,NONE,False,False,False,100,True,70,DOWN,20,CHOPPY,EXTREME,DOWN,20,-0.1339,CHOPPY,65,30,60,WEAK,BULLISH,50,30,60,EXTREME,88,40,60,-0.05,False,40,0.7931966301065013,51.279999999999994,RANGING,90,False,NONE,1.115505,1.119635,1.118985,FAR,30,50,85,50,NONE,NONE,NONE,False,[],0,0,BREAKOUT_EMERGING,BREAKOUT_EMERGING,50,70,True,22,"Volatility expansion after compression. Potential breakout opportunity. (breakout prob: 30%, reversal prob: 50%)",1.0,0.5,False,False,False,False,0.3,0.3,True,False,False,22,True,[],0,NO,BREAKOUT_EMERGING,"Volatility expansion after compression. Potential breakout opportunity. (breakout prob: 30%, reversal prob: 50%)",EXTREME,LOW,0.144,[],True,Passed basic checks,0,50,50,MEDIUM,5,WAIT,รอการวิเคราะห์จาก AI
2026-06-26 07:28:00,1.118485,1.118595,1.118155,1.118465,1.0,EURUSD-OTC,BEARISH,1.118701,1.118593,1.118696,1.120002,1.123137,1.12975,BULLISH,1.121225,1.116235,0.00499,0.006291,71.18,54.64,-0.000278,-0.00043,0.000152,60.02,62.18,0.001609,80.9,-0.05,0.001595,0.001553,12.44,25.36,22.04,6.99,-0.1339,1,1.0,1.0,False,STABLE,-8e-06,-5.9e-05,-8.5e-05,1.115505,1.121025,1.118985,1.119635,1.120315,1.118305,1.117655,32,3.43,1.118607,1.118739,37.88,7.4e-05,0.000185,23.69,27.62,0.000633,1.117805,1.119885,1.119781,1.118241,1,1.0,1.118465,1.118595,1.118155,1.118485,ASIAN,62415,HIGH,1.118465,1.118595,1.118155,1.118485,ASIAN,62415,HIGH,NONE,BULLISH,WEAK,LOW,NEUTRAL,CHOPPY,False,NONE,55,13,13.333333333333334,50,NEUTRAL,False,70,[],0,0,NEUTRAL,BULLISH,40,False,NONE,0,False,False,False,60,False,0,50,NONE,NONE,NONE,0,False,75,55,45,80,False,True,NEUTRAL,70,False,0.0,NONE,True,BULLISH,True,True,90,True,70,6.11329220415035,4.829996822371092,55.00000000000001,21,POOR,False,75,63,0.1451378446341591,4,10.000000000000009,True,RANDOM,70,53.57791306096723,0.34689669512977594,False,NONE,False,False,False,100,True,70,DOWN,20,CHOPPY,EXTREME,DOWN,20,-0.1339,CHOPPY,65,30,60,WEAK,BULLISH,50,30,60,EXTREME,88,40,60,-0.05,False,40,0.7931966301065013,51.279999999999994,RANGING,90,False,NONE,1.115505,1.119635,1.118985,FAR,30,50,85,50,NONE,NONE,NONE,False,[],0,0,ACCUMULATION,ACCUMULATION,50,65,True,22,"Smart money accumulation. Bullish bias, look for breakout.",1.0,0.5,False,False,False,False,0.3,0.3,True,False,False,22,True,[],0,NO,ACCUMULATION,"Smart money accumulation. Bullish bias, look for breakout.",EXTREME,LOW,0.144,[],True,Passed basic checks,0,50,50,MEDIUM,5,WAIT,รอการวิเคราะห์จาก AI
2026-06-26 07:29:00,1.118455,1.118535,1.117725,1.118045,1.0,EURUSD-OTC,BEARISH,1.118701,1.118593,1.118696,1.120002,1.123137,1.12975,BULLISH,1.121225,1.116235,0.00499,0.006291,71.18,54.64,-0.000278,-0.00043,0.000152,60.02,62.18,0.001609,80.9,-0.05,0.001595,0.001553,12.44,25.36,22.04,6.99,-0.1339,1,1.0,1.0,False,STABLE,-8e-06,-5.9e-05,-8.5e-05,1.115505,1.121025,1.118985,1.119635,1.120315,1.118305,1.117655,32,3.43,1.118419,1.118673,38.41,1.1e-05,0.000151,29.19,26.02,0.000628,1.117725,1.119885,1.119834,1.118077,1,1.0,1.118045,1.118535,1.117725,1.118455,ASIAN,62916,HIGH,1.118045,1.118535,1.117725,1.118455,ASIAN,62916,HIGH,NONE,BULLISH,WEAK,LOW,NEUTRAL,CHOPPY,False,NONE,55,13,13.333333333333334,50,NEUTRAL,False,70,[],0,0,NEUTRAL,BULLISH,40,False,NONE,0,False,False,False,60,False,0,50,NONE,NONE,NONE,0,False,75,55,45,80,False,True,NEUTRAL,70,False,0.0,NONE,True,BULLISH,True,True,90,True,70,6.11329220415035,4.829996822371092,55.00000000000001,21,POOR,False,75,63,0.1451378446341591,4,10.000000000000009,True,RANDOM,70,53.57791306096723,0.34689669512977594,False,NONE,False,False,False,100,True,70,DOWN,20,CHOPPY,EXTREME,DOWN,20,-0.1339,CHOPPY,65,30,60,WEAK,BULLISH,50,30,60,EXTREME,88,40,60,-0.05,False,40,0.7931966301065013,51.279999999999994,RANGING,90,False,NONE,1.115505,1.119635,1.118985,FAR,30,50,85,50,NONE,NONE,NONE,False,[],0,0,ACCUMULATION,ACCUMULATION,50,65,True,22,"Smart money accumulation. Bullish bias, look for breakout.",1.0,0.5,False,False,False,False,0.3,0.3,True,False,False,22,True,[],0,NO,ACCUMULATION,"Smart money accumulation. Bullish bias, look for breakout.",EXTREME,LOW,0.144,[],True,Passed basic checks,0,50,50,MEDIUM,5,WAIT,รอการวิเคราะห์จาก AI
2026-06-26 07:47:00,1.116815,1.117505,1.116805,1.117445,1.0,EURUSD-OTC,BEARISH,1.117337,1.117746,1.118168,1.119568,1.122238,1.126053,BEARISH,1.120725,1.115692,0.005032,0.006181,23.63,41.61,-0.000552,-0.000451,-0.000101,23.49,32.77,0.001649,87.94,-0.1,0.001638,0.001523,12.1,18.9,26.56,16.85,-0.034,1,1.0,1.0,False,STABLE,-0.000198,-6.2e-05,-6.8e-05,1.115505,1.121025,1.116808,1.117822,1.118568,1.116062,1.115048,36,3.35,1.117109,1.117238,52.72,-0.000313,-0.000408,73.25,67.74,0.000667,1.115795,1.118595,1.11833,1.115867,1,1.0,1.117445,1.117505,1.116805,1.116815,ASIAN,63170,HIGH,1.117445,1.117505,1.116805,1.116815,ASIAN,63170,HIGH,NONE,BULLISH,WEAK,LOW,NEUTRAL,CHOPPY,False,NONE,52,13,6.666666666666667,50,NEUTRAL,False,70,[],0,0,NEUTRAL,BULLISH,40,False,NONE,0,False,False,False,60,False,0,100,DOWN,DOWN,NONE,0,True,75,82,18,80,True,True,CONTINUATION,70,False,0.0,NONE,True,BULLISH,True,True,90,True,70,11.399881866509006,6.19637750238287,50.0,22,POOR,False,75,63,0.1578523664531692,4,9.999999999999998,True,RANDOM,70,57.95660983958851,1.4664000053701332,True,MOMENTUM_SHIFT,False,True,False,65,True,70,DOWN,100,CHOPPY,EXTREME,DOWN,100,-0.034,CHOPPY,75,30,75,WEAK,NONE,50,30,60,EXTREME,88,40,60,-0.1,False,40,0.8141077495550882,44.23722504449118,RANGING,90,False,NONE,1.115505,1.117822,1.116808,FAR,30,50,85,50,NONE,NONE,NONE,False,[],0,0,SIDEWAY_RANGE,SIDEWAY_RANGE,57,60,True,22,Price ranging between clear levels. Suitable for mean-reversion strategies.,1.0,0.5,False,False,False,False,0.3,0.3,True,False,False,22,True,[],0,NO,SIDEWAY_RANGE,Price ranging between clear levels. Suitable for mean-reversion strategies.,EXTREME,LOW,0.148,[],True,Passed basic checks,0,50,50,MEDIUM,5,WAIT,รอการวิเคราะห์จาก AI
2026-06-26 07:49:00,1.117285,1.117355,1.116455,1.116595,1.0,EURUSD-OTC,BEARISH,1.117337,1.117746,1.118168,1.119568,1.122238,1.126053,BEARISH,1.120725,1.115692,0.005032,0.006181,23.63,41.61,-0.000552,-0.000451,-0.000101,23.49,32.77,0.001649,87.94,-0.1,0.001638,0.001523,12.1,18.9,26.56,16.85,-0.034,1,1.0,1.0,False,STABLE,-0.000198,-6.2e-05,-6.8e-05,1.115505,1.121025,1.116808,1.117822,1.118568,1.116062,1.115048,36,3.35,1.116972,1.117179,47.86,-0.000293,-0.000364,74.24,75.18,0.000681,1.115795,1.118305,1.117925,1.116007,1,1.0,1.116595,1.117355,1.116455,1.117285,ASIAN,62898,HIGH,1.116595,1.117355,1.116455,1.117285,ASIAN,62898,HIGH,NONE,BULLISH,WEAK,LOW,NEUTRAL,CHOPPY,False,NONE,52,13,6.666666666666667,50,NEUTRAL,False,70,[],0,0,NEUTRAL,BULLISH,40,False,NONE,0,False,False,False,60,False,0,100,DOWN,DOWN,NONE,0,True,75,82,18,80,True,True,CONTINUATION,70,False,0.0,NONE,True,BULLISH,True,True,90,True,70,11.399881866509006,6.19637750238287,50.0,22,POOR,False,75,63,0.1578523664531692,4,9.999999999999998,True,RANDOM,70,57.95660983958851,1.4664000053701332,True,MOMENTUM_SHIFT,False,True,False,65,True,70,DOWN,100,CHOPPY,EXTREME,DOWN,100,-0.034,CHOPPY,75,30,75,WEAK,NONE,50,30,60,EXTREME,88,40,60,-0.1,False,40,0.8141077495550882,44.23722504449118,RANGING,90,False,NONE,1.115505,1.117822,1.116808,FAR,30,50,85,50,NONE,NONE,NONE,False,[],0,0,SIDEWAY_RANGE,SIDEWAY_RANGE,57,60,True,22,Price ranging between clear levels. Suitable for mean-reversion strategies.,1.0,0.5,False,False,False,False,0.3,0.3,True,False,False,22,True,[],0,NO,SIDEWAY_RANGE,Price ranging between clear levels. Suitable for mean-reversion strategies.,EXTREME,LOW,0.148,"[{'symbol': 'EURGBP-OTC', 'action': 'NO_TRADE', 'reason': 'ไม่พบข้อมูลราคาตลาดปัจจุบัน ไม่สามารถวิเคราะห์แนวโน้มและสัญญาณทางเทคนิคได้', 'timestamp': '2026-06-26T07:47:37.511819'}, {'symbol': 'EURGBP-OTC', 'action': 'NO_TRADE', 'reason': 'ไม่มีข้อมูลราคาและตัวชี้วัดจากตลาดปัจจุบันจึงไม่สามารถวิเคราะห์สัญญาณได้', 'timestamp': '2026-06-26T07:48:33.947303'}]",True,Passed basic checks,0,50,50,MEDIUM,5,WAIT,รอการวิเคราะห์จาก AI
2026-06-26 07:51:00,1.116945,1.117255,1.115935,1.115935,1.0,EURUSD-OTC,BEARISH,1.117203,1.117598,1.118051,1.119464,1.122125,1.125907,BEARISH,1.120651,1.115557,0.005093,0.006133,25.35,36.36,-0.000584,-0.000478,-0.000106,24.03,25.83,0.001618,82.91,0.97,0.001636,0.001527,12.44,17.97,25.26,16.85,-0.1377,1,1.0,1.0,False,STABLE,-0.000298,-6.7e-05,-6.6e-05,1.115505,1.121025,1.116965,1.117475,1.118015,1.116425,1.115915,37,3.41,1.116618,1.11704,40.62,-0.000342,-0.000346,39.39,59.41,0.000714,1.115795,1.117645,1.117643,1.116,1,1.0,1.115935,1.117255,1.115935,1.116945,ASIAN,62888,HIGH,1.115935,1.117255,1.115935,1.116945,ASIAN,62888,HIGH,NONE,BEARISH,WEAK,LOW,NEUTRAL,CHOPPY,False,TESTING_SUPPORT,52,13,6.666666666666667,50,NEUTRAL,False,70,[],0,0,NEUTRAL,BEARISH,40,False,NONE,0,False,False,False,60,False,0,100,DOWN,NONE,NONE,0,True,75,82,18,80,True,True,CONTINUATION,70,False,0.0,NONE,True,BULLISH,True,True,90,True,70,12.258064516128428,2.7139208173691474,55.00000000000001,23,POOR,False,75,65,0.14048061493531366,4,19.999999999999996,True,RANDOM,70,57.91544629540524,1.4968208467699988,True,MOMENTUM_SHIFT,False,True,False,65,True,70,DOWN,100,IMPULSIVE,EXTREME,DOWN,100,-0.1377,IMPULSIVE,85,30,85,WEAK,NONE,55,30,65,EXTREME,88,40,60,0.97,False,40,0.8304255666068808,46.62944333931192,RANGING,90,False,NONE,1.115505,1.117475,1.116965,FAR,30,50,85,50,NONE,NONE,NONE,False,[],0,0,SIDEWAY_RANGE,SIDEWAY_RANGE,57,60,True,22,Price ranging between clear levels. Suitable for mean-reversion strategies.,1.0,0.5,False,False,False,False,0.3,0.3,True,False,False,22,True,[],0,NO,SIDEWAY_RANGE,Price ranging between clear levels. Suitable for mean-reversion strategies.,EXTREME,LOW,0.145,"[{'symbol': 'EURGBP-OTC', 'action': 'NO_TRADE', 'reason': 'ไม่พบข้อมูลราคาตลาดปัจจุบัน ไม่สามารถวิเคราะห์แนวโน้มและสัญญาณทางเทคนิคได้', 'timestamp': '2026-06-26T07:47:37.511819'}, {'symbol': 'EURGBP-OTC', 'action': 'NO_TRADE', 'reason': 'ไม่มีข้อมูลราคาและตัวชี้วัดจากตลาดปัจจุบันจึงไม่สามารถวิเคราะห์สัญญาณได้', 'timestamp': '2026-06-26T07:48:33.947303'}, {'symbol': 'EURUSD', 'action': 'NO_TRADE', 'reason': 'ไม่มีข้อมูลตลาด JSON ให้วิเคราะห์ ไม่สามารถประเมินแนวโน้มและสัญญาณใด ๆ ได้', 'timestamp': '2026-06-26T07:49:31.466561'}, {'symbol': 'EURUSD', 'action': 'NO_TRADE', 'reason': 'ไม่มีข้อมูลราคาและตัวชี้วัดตลาดในปัจจุบัน จึงไม่สามารถวิเคราะห์สัญญาณเทคนิคได้อย่างแม่นยำ', 'timestamp': '2026-06-26T07:50:31.070509'}]",True,Passed basic checks,0,50,50,MEDIUM,5,WAIT,รอการวิเคราะห์จาก AI
2026-06-26 07:53:00,1.116055,1.116235,1.115905,1.116175,1.0,EURUSD-OTC,BEARISH,1.117203,1.117598,1.118051,1.119464,1.122125,1.125907,BEARISH,1.120651,1.115557,0.005093,0.006133,25.35,36.36,-0.000584,-0.000478,-0.000106,24.03,25.83,0.001618,82.91,0.97,0.001636,0.001527,12.44,17.97,25.26,16.85,-0.1377,1,1.0,1.0,False,STABLE,-0.000298,-6.7e-05,-6.6e-05,1.115505,1.121025,1.116965,1.117475,1.118015,1.116425,1.115915,37,3.41,1.116341,1.116871,45.37,-0.000396,-0.000361,15.61,28.15,0.000662,1.115755,1.117555,1.11765,1.115819,1,1.0,1.116175,1.116235,1.115905,1.116055,ASIAN,62697,HIGH,1.116175,1.116235,1.115905,1.116055,ASIAN,62697,HIGH,NONE,BEARISH,WEAK,LOW,NEUTRAL,CHOPPY,False,TESTING_SUPPORT,52,13,6.666666666666667,50,NEUTRAL,False,70,[],0,0,NEUTRAL,BEARISH,40,False,NONE,0,False,False,False,60,False,0,100,DOWN,NONE,NONE,0,True,75,82,18,80,True,True,CONTINUATION,70,False,0.0,NONE,True,BULLISH,True,True,90,True,70,12.258064516128428,2.7139208173691474,55.00000000000001,23,POOR,False,75,65,0.14048061493531366,4,19.999999999999996,True,RANDOM,70,57.91544629540524,1.4968208467699988,True,MOMENTUM_SHIFT,False,True,False,65,True,70,DOWN,100,IMPULSIVE,EXTREME,DOWN,100,-0.1377,IMPULSIVE,85,30,85,WEAK,NONE,55,30,65,EXTREME,88,40,60,0.97,False,40,0.8304255666068808,46.62944333931192,RANGING,90,False,NONE,1.115505,1.117475,1.116965,FAR,30,50,85,50,NONE,NONE,NONE,False,[],0,0,SIDEWAY_RANGE,SIDEWAY_RANGE,57,60,True,22,Price ranging between clear levels. Suitable for mean-reversion strategies.,1.0,0.5,False,False,False,False,0.3,0.3,True,False,False,22,True,[],0,NO,SIDEWAY_RANGE,Price ranging between clear levels. Suitable for mean-reversion strategies.,EXTREME,LOW,0.145,"[{'symbol': 'EURGBP-OTC', 'action': 'NO_TRADE', 'reason': 'ไม่มีข้อมูลราคาและตัวชี้วัดจากตลาดปัจจุบันจึงไม่สามารถวิเคราะห์สัญญาณได้', 'timestamp': '2026-06-26T07:48:33.947303'}, {'symbol': 'EURUSD', 'action': 'NO_TRADE', 'reason': 'ไม่มีข้อมูลตลาด JSON ให้วิเคราะห์ ไม่สามารถประเมินแนวโน้มและสัญญาณใด ๆ ได้', 'timestamp': '2026-06-26T07:49:31.466561'}, {'symbol': 'EURUSD', 'action': 'NO_TRADE', 'reason': 'ไม่มีข้อมูลราคาและตัวชี้วัดตลาดในปัจจุบัน จึงไม่สามารถวิเคราะห์สัญญาณเทคนิคได้อย่างแม่นยำ', 'timestamp': '2026-06-26T07:50:31.070509'}, {'symbol': 'EURGBP-OTC', 'action': 'NO_TRADE', 'reason': 'ขาดข้อมูลตลาดจริง เช่น ราคา กราฟ หรือตัวชี้วัด ไม่สามารถวิเคราะห์สัญญาณใดได้', 'timestamp': '2026-06-26T07:51:31.131036'}, {'symbol': 'EURGBP-OTC', 'action': 'NO_TRADE', 'reason': 'ไม่พบข้อมูลราคาหรือตัวบ่งชี้ในปัจจุบัน ไม่สามารถวิเคราะห์สัญญาณเทคนิคได้', 'timestamp': '2026-06-26T07:52:30.740482'}]",True,Passed basic checks,0,50,50,MEDIUM,5,WAIT,รอการวิเคราะห์จาก AI
2026-06-26 07:54:00,1.116185,1.116565,1.116085,1.116335,1.0,EURUSD-OTC,BEARISH,1.117203,1.117598,1.118051,1.119464,1.122125,1.125907,BEARISH,1.120651,1.115557,0.005093,0.006133,25.35,36.36,-0.000584,-0.000478,-0.000106,24.03,25.83,0.001618,82.91,0.97,0.001636,0.001527,12.44,17.97,25.26,16.85,-0.1377,1,1.0,1.0,False,STABLE,-0.000298,-6.7e-05,-6.6e-05,1.115505,1.121025,1.116965,1.117475,1.118015,1.116425,1.115915,37,3.41,1.116339,1.11682,48.65,-0.000391,-0.000367,23.7,22.92,0.000668,1.115755,1.117555,1.117648,1.115781,1,1.0,1.116335,1.116565,1.116085,1.116185,ASIAN,62946,HIGH,1.116335,1.116565,1.116085,1.116185,ASIAN,62946,HIGH,NONE,BEARISH,WEAK,LOW,NEUTRAL,CHOPPY,False,NONE,52,13,6.666666666666667,50,NEUTRAL,False,70,[],0,0,NEUTRAL,BEARISH,40,False,NONE,0,False,False,False,60,False,0,100,DOWN,NONE,NONE,0,True,75,82,18,80,True,True,CONTINUATION,70,False,0.0,NONE,True,BULLISH,True,True,90,True,70,12.258064516128428,2.7139208173691474,55.00000000000001,23,POOR,False,75,65,0.14048061493531366,4,19.999999999999996,True,RANDOM,70,57.91544629540524,1.4968208467699988,True,MOMENTUM_SHIFT,False,True,False,65,True,70,DOWN,100,IMPULSIVE,EXTREME,DOWN,100,-0.1377,IMPULSIVE,85,30,85,WEAK,NONE,55,30,65,EXTREME,88,40,60,0.97,False,40,0.8304255666068808,46.62944333931192,RANGING,90,False,NONE,1.115505,1.117475,1.116965,FAR,30,50,85,50,NONE,NONE,NONE,False,[],0,0,SIDEWAY_RANGE,SIDEWAY_RANGE,57,60,True,22,Price ranging between clear levels. Suitable for mean-reversion strategies.,1.0,0.5,False,False,False,False,0.3,0.3,True,False,False,22,True,[],0,NO,SIDEWAY_RANGE,Price ranging between clear levels. Suitable for mean-reversion strategies.,EXTREME,LOW,0.145,"[{'symbol': 'EURUSD', 'action': 'NO_TRADE', 'reason': 'ไม่มีข้อมูลตลาด JSON ให้วิเคราะห์ ไม่สามารถประเมินแนวโน้มและสัญญาณใด ๆ ได้', 'timestamp': '2026-06-26T07:49:31.466561'}, {'symbol': 'EURUSD', 'action': 'NO_TRADE', 'reason': 'ไม่มีข้อมูลราคาและตัวชี้วัดตลาดในปัจจุบัน จึงไม่สามารถวิเคราะห์สัญญาณเทคนิคได้อย่างแม่นยำ', 'timestamp': '2026-06-26T07:50:31.070509'}, {'symbol': 'EURGBP-OTC', 'action': 'NO_TRADE', 'reason': 'ขาดข้อมูลตลาดจริง เช่น ราคา กราฟ หรือตัวชี้วัด ไม่สามารถวิเคราะห์สัญญาณใดได้', 'timestamp': '2026-06-26T07:51:31.131036'}, {'symbol': 'EURGBP-OTC', 'action': 'NO_TRADE', 'reason': 'ไม่พบข้อมูลราคาหรือตัวบ่งชี้ในปัจจุบัน ไม่สามารถวิเคราะห์สัญญาณเทคนิคได้', 'timestamp': '2026-06-26T07:52:30.740482'}, {'symbol': 'EURUSD-OTC', 'action': 'NO_TRADE', 'reason': 'ไม่พบข้อมูลราคาตลาดปัจจุบัน ไม่สามารถวิเคราะห์แนวโน้มและสัญญาณทางเทคนิคได้', 'timestamp': '2026-06-26T07:53:36.345198'}]",True,Passed basic checks,0,50,50,MEDIUM,5,WAIT,รอการวิเคราะห์จาก AI
2026-06-26 07:55:00,1.116355,1.116825,1.116345,1.116515,1.0,EURUSD-OTC,BEARISH,1.116974,1.117401,1.117904,1.119348,1.121997,1.125689,BEARISH,1.120682,1.115399,0.005284,0.006087,26.28,35.86,-0.000636,-0.000509,-0.000127,25.01,24.18,0.00164,86.93,0.97,0.001634,0.001534,13.2,16.71,26.76,23.13,-0.2653,1,1.0,1.0,False,STABLE,-0.000346,-9.5e-05,-6.7e-05,1.115505,1.121025,1.116508,1.117262,1.118008,1.115762,1.115008,38,3.37,1.116398,1.116791,53.52,-0.000367,-0.000367,32.59,23.97,0.000643,1.115755,1.117555,1.117633,1.115763,1,1.0,1.116515,1.116825,1.116345,1.116355,ASIAN,63418,HIGH,1.116515,1.116825,1.116345,1.116355,ASIAN,63418,HIGH,EVENING_STAR,BEARISH,WEAK,LOW,NEUTRAL,CHOPPY,False,NONE,50,13,0.0,50,NEUTRAL,False,70,['EVENING_STAR'],1,20,BEARISH,BEARISH,60,False,NONE,0,False,False,False,60,False,0,100,DOWN,NONE,DOWN,0,True,75,55,45,80,False,True,NEUTRAL,70,False,0.0,NONE,True,BULLISH,True,True,90,True,70,7.825015403574074,3.678822776711395,55.00000000000001,22,POOR,False,75,65,0.13280441466757845,4,19.999999999999996,True,RANDOM,70,58.10951008324673,1.8643262399585157,True,MOMENTUM_SHIFT,False,True,False,65,True,70,DOWN,100,IMPULSIVE,EXTREME,DOWN,100,-0.2653,IMPULSIVE,90,30,95,WEAK,NONE,55,30,65,EXTREME,88,40,60,0.97,False,40,0.868079513717759,39.64804862822409,RANGING,90,False,NONE,1.115505,1.117262,1.116508,FAR,30,50,85,50,NONE,NONE,NONE,False,[],0,0,SIDEWAY_RANGE,SIDEWAY_RANGE,57,60,True,23,Price ranging between clear levels. Suitable for mean-reversion strategies.,1.0,0.5,False,False,False,False,0.3,0.3,True,False,False,22,True,[],0,NO,SIDEWAY_RANGE,Price ranging between clear levels. Suitable for mean-reversion strategies.,EXTREME,LOW,0.147,"[{'symbol': 'EURUSD', 'action': 'NO_TRADE', 'reason': 'ไม่มีข้อมูลราคาและตัวชี้วัดตลาดในปัจจุบัน จึงไม่สามารถวิเคราะห์สัญญาณเทคนิคได้อย่างแม่นยำ', 'timestamp': '2026-06-26T07:50:31.070509'}, {'symbol': 'EURGBP-OTC', 'action': 'NO_TRADE', 'reason': 'ขาดข้อมูลตลาดจริง เช่น ราคา กราฟ หรือตัวชี้วัด ไม่สามารถวิเคราะห์สัญญาณใดได้', 'timestamp': '2026-06-26T07:51:31.131036'}, {'symbol': 'EURGBP-OTC', 'action': 'NO_TRADE', 'reason': 'ไม่พบข้อมูลราคาหรือตัวบ่งชี้ในปัจจุบัน ไม่สามารถวิเคราะห์สัญญาณเทคนิคได้', 'timestamp': '2026-06-26T07:52:30.740482'}, {'symbol': 'EURUSD-OTC', 'action': 'NO_TRADE', 'reason': 'ไม่พบข้อมูลราคาตลาดปัจจุบัน ไม่สามารถวิเคราะห์แนวโน้มและสัญญาณทางเทคนิคได้', 'timestamp': '2026-06-26T07:53:36.345198'}, {'symbol': 'EURUSD-OTC', 'action': 'NO_TRADE', 'reason': 'ไม่มีข้อมูลราคาและตัวบ่งชี้ตลาดในปัจจุบัน ไม่สามารถวิเคราะห์สัญญาณเทคนิคได้', 'timestamp': '2026-06-26T07:54:34.567329'}]",True,Passed basic checks,0,50,50,MEDIUM,5,WAIT,รอการวิเคราะห์จาก AI
2026-06-26 07:56:00,1.116505,1.116835,1.116365,1.116635,1.0,EURUSD-OTC,BEARISH,1.116974,1.117401,1.117904,1.119348,1.121997,1.125689,BEARISH,1.120682,1.115399,0.005284,0.006087,26.28,35.86,-0.000636,-0.000509,-0.000127,25.01,24.18,0.00164,86.93,0.97,0.001634,0.001534,13.2,16.71,26.76,23.13,-0.2653,1,1.0,1.0,False,STABLE,-0.000346,-9.5e-05,-6.7e-05,1.115505,1.121025,1.116508,1.117262,1.118008,1.115762,1.115008,38,3.37,1.116477,1.116776,49.6,-0.000335,-0.000361,41.11,32.47,0.000613,1.115755,1.117555,1.117623,1.115755,1,1.0,1.116635,1.116835,1.116365,1.116505,ASIAN,62766,HIGH,1.116635,1.116835,1.116365,1.116505,ASIAN,62766,HIGH,EVENING_STAR,BEARISH,WEAK,LOW,NEUTRAL,CHOPPY,False,NONE,50,13,0.0,50,NEUTRAL,False,70,['EVENING_STAR'],1,20,BEARISH,BEARISH,60,False,NONE,0,False,False,False,60,False,0,100,DOWN,NONE,DOWN,0,True,75,55,45,80,False,True,NEUTRAL,70,False,0.0,NONE,True,BULLISH,True,True,90,True,70,7.825015403574074,3.678822776711395,55.00000000000001,22,POOR,False,75,65,0.13280441466757845,4,19.999999999999996,True,RANDOM,70,58.10951008324673,1.8643262399585157,True,MOMENTUM_SHIFT,False,True,False,65,True,70,DOWN,100,IMPULSIVE,EXTREME,DOWN,100,-0.2653,IMPULSIVE,90,30,95,WEAK,NONE,55,30,65,EXTREME,88,40,60,0.97,False,40,0.868079513717759,39.64804862822409,RANGING,90,False,NONE,1.115505,1.117262,1.116508,FAR,30,50,85,50,NONE,NONE,NONE,False,[],0,0,SIDEWAY_RANGE,SIDEWAY_RANGE,57,60,True,23,Price ranging between clear levels. Suitable for mean-reversion strategies.,1.0,0.5,False,False,False,False,0.3,0.3,True,False,False,22,True,[],0,NO,SIDEWAY_RANGE,Price ranging between clear levels. Suitable for mean-reversion strategies.,EXTREME,LOW,0.147,"[{'symbol': 'EURGBP-OTC', 'action': 'NO_TRADE', 'reason': 'ขาดข้อมูลตลาดจริง เช่น ราคา กราฟ หรือตัวชี้วัด ไม่สามารถวิเคราะห์สัญญาณใดได้', 'timestamp': '2026-06-26T07:51:31.131036'}, {'symbol': 'EURGBP-OTC', 'action': 'NO_TRADE', 'reason': 'ไม่พบข้อมูลราคาหรือตัวบ่งชี้ในปัจจุบัน ไม่สามารถวิเคราะห์สัญญาณเทคนิคได้', 'timestamp': '2026-06-26T07:52:30.740482'}, {'symbol': 'EURUSD-OTC', 'action': 'NO_TRADE', 'reason': 'ไม่พบข้อมูลราคาตลาดปัจจุบัน ไม่สามารถวิเคราะห์แนวโน้มและสัญญาณทางเทคนิคได้', 'timestamp': '2026-06-26T07:53:36.345198'}, {'symbol': 'EURUSD-OTC', 'action': 'NO_TRADE', 'reason': 'ไม่มีข้อมูลราคาและตัวบ่งชี้ตลาดในปัจจุบัน ไม่สามารถวิเคราะห์สัญญาณเทคนิคได้', 'timestamp': '2026-06-26T07:54:34.567329'}, {'symbol': 'EURUSD-OTC', 'action': 'NO_TRADE', 'reason': 'ไม่มีข้อมูลราคาและตัวชี้วัดทางเทคนิคในระบบ ไม่สามารถวิเคราะห์สัญญาณได้', 'timestamp': '2026-06-26T07:55:31.712837'}]",True,Passed basic checks,0,50,50,MEDIUM,5,WAIT,รอการวิเคราะห์จาก AI
2026-06-26 07:57:00,1.116595,1.116845,1.116155,1.116515,1.0,EURUSD-OTC,BEARISH,1.116974,1.117401,1.117904,1.119348,1.121997,1.125689,BEARISH,1.120682,1.115399,0.005284,0.006087,26.28,35.86,-0.000636,-0.000509,-0.000127,25.01,24.18,0.00164,86.93,0.97,0.001634,0.001534,13.2,16.71,26.76,23.13,-0.2653,1,1.0,1.0,False,STABLE,-0.000346,-9.5e-05,-6.7e-05,1.115505,1.121025,1.116508,1.117262,1.118008,1.115762,1.115008,38,3.37,1.116489,1.116751,43.32,-0.000316,-0.000352,44.44,39.38,0.000606,1.115755,1.117555,1.117558,1.115751,1,1.0,1.116515,1.116845,1.116155,1.116595,ASIAN,63181,HIGH,1.116515,1.116845,1.116155,1.116595,ASIAN,63181,HIGH,EVENING_STAR,BEARISH,WEAK,LOW,NEUTRAL,CHOPPY,False,NONE,50,13,0.0,50,NEUTRAL,False,70,['EVENING_STAR'],1,20,BEARISH,BEARISH,60,False,NONE,0,False,False,False,60,False,0,100,DOWN,NONE,DOWN,0,True,75,55,45,80,False,True,NEUTRAL,70,False,0.0,NONE,True,BULLISH,True,True,90,True,70,7.825015403574074,3.678822776711395,55.00000000000001,22,POOR,False,75,65,0.13280441466757845,4,19.999999999999996,True,RANDOM,70,58.10951008324673,1.8643262399585157,True,MOMENTUM_SHIFT,False,True,False,65,True,70,DOWN,100,IMPULSIVE,EXTREME,DOWN,100,-0.2653,IMPULSIVE,90,30,95,WEAK,NONE,55,30,65,EXTREME,88,40,60,0.97,False,40,0.868079513717759,39.64804862822409,RANGING,90,False,NONE,1.115505,1.117262,1.116508,FAR,30,50,85,50,NONE,NONE,NONE,False,[],0,0,SIDEWAY_RANGE,SIDEWAY_RANGE,57,60,True,23,Price ranging between clear levels. Suitable for mean-reversion strategies.,1.0,0.5,False,False,False,False,0.3,0.3,True,False,False,22,True,[],0,NO,SIDEWAY_RANGE,Price ranging between clear levels. Suitable for mean-reversion strategies.,EXTREME,LOW,0.147,"[{'symbol': 'EURGBP-OTC', 'action': 'NO_TRADE', 'reason': 'ไม่พบข้อมูลราคาหรือตัวบ่งชี้ในปัจจุบัน ไม่สามารถวิเคราะห์สัญญาณเทคนิคได้', 'timestamp': '2026-06-26T07:52:30.740482'}, {'symbol': 'EURUSD-OTC', 'action': 'NO_TRADE', 'reason': 'ไม่พบข้อมูลราคาตลาดปัจจุบัน ไม่สามารถวิเคราะห์แนวโน้มและสัญญาณทางเทคนิคได้', 'timestamp': '2026-06-26T07:53:36.345198'}, {'symbol': 'EURUSD-OTC', 'action': 'NO_TRADE', 'reason': 'ไม่มีข้อมูลราคาและตัวบ่งชี้ตลาดในปัจจุบัน ไม่สามารถวิเคราะห์สัญญาณเทคนิคได้', 'timestamp': '2026-06-26T07:54:34.567329'}, {'symbol': 'EURUSD-OTC', 'action': 'NO_TRADE', 'reason': 'ไม่มีข้อมูลราคาและตัวชี้วัดทางเทคนิคในระบบ ไม่สามารถวิเคราะห์สัญญาณได้', 'timestamp': '2026-06-26T07:55:31.712837'}, {'symbol': 'EURUSD-OTC', 'action': 'NO_TRADE', 'reason': 'ไม่มีข้อมูลราคาและตัวชี้วัดตลาดในปัจจุบัน ไม่สามารถวิเคราะห์สัญญาณได้', 'timestamp': '2026-06-26T07:56:30.390987'}]",True,Passed basic checks,0,50,50,MEDIUM,5,WAIT,รอการวิเคราะห์จาก AI
2026-06-26 07:59:00,1.116505,1.116595,1.116165,1.116515,1.0,EURUSD-OTC,BEARISH,1.116974,1.117401,1.117904,1.119348,1.121997,1.125689,BEARISH,1.120682,1.115399,0.005284,0.006087,26.28,35.86,-0.000636,-0.000509,-0.000127,25.01,24.18,0.00164,86.93,0.97,0.001634,0.001534,13.2,16.71,26.76,23.13,-0.2653,1,1.0,1.0,False,STABLE,-0.000346,-9.5e-05,-6.7e-05,1.115505,1.121025,1.116508,1.117262,1.118008,1.115762,1.115008,38,3.37,1.116504,1.116708,42.89,-0.000279,-0.000329,43.03,44.11,0.000601,1.115755,1.117555,1.117548,1.115769,1,1.0,1.116515,1.116595,1.116165,1.116505,ASIAN,62833,HIGH,1.116515,1.116595,1.116165,1.116505,ASIAN,62833,HIGH,EVENING_STAR,BEARISH,WEAK,LOW,NEUTRAL,CHOPPY,False,NONE,50,13,0.0,50,NEUTRAL,False,70,['EVENING_STAR'],1,20,BEARISH,BEARISH,60,False,NONE,0,False,False,False,60,False,0,100,DOWN,NONE,DOWN,0,True,75,55,45,80,False,True,NEUTRAL,70,False,0.0,NONE,True,BULLISH,True,True,90,True,70,7.825015403574074,3.678822776711395,55.00000000000001,22,POOR,False,75,65,0.13280441466757845,4,19.999999999999996,True,RANDOM,70,58.10951008324673,1.8643262399585157,True,MOMENTUM_SHIFT,False,True,False,65,True,70,DOWN,100,IMPULSIVE,EXTREME,DOWN,100,-0.2653,IMPULSIVE,90,30,95,WEAK,NONE,55,30,65,EXTREME,88,40,60,0.97,False,40,0.868079513717759,39.64804862822409,RANGING,90,False,NONE,1.115505,1.117262,1.116508,FAR,30,50,85,50,NONE,NONE,NONE,False,[],0,0,BREAKOUT_EMERGING,BREAKOUT_EMERGING,57,70,True,23,"Volatility expansion after compression. Potential breakout opportunity. (breakout prob: 30%, reversal prob: 50%)",1.0,0.5,False,False,False,False,0.3,0.3,True,False,False,22,True,[],0,NO,BREAKOUT_EMERGING,"Volatility expansion after compression. Potential breakout opportunity. (breakout prob: 30%, reversal prob: 50%)",EXTREME,LOW,0.147,"[{'symbol': 'EURUSD-OTC', 'action': 'NO_TRADE', 'reason': 'ไม่มีข้อมูลราคาและตัวบ่งชี้ตลาดในปัจจุบัน ไม่สามารถวิเคราะห์สัญญาณเทคนิคได้', 'timestamp': '2026-06-26T07:54:34.567329'}, {'symbol': 'EURUSD-OTC', 'action': 'NO_TRADE', 'reason': 'ไม่มีข้อมูลราคาและตัวชี้วัดทางเทคนิคในระบบ ไม่สามารถวิเคราะห์สัญญาณได้', 'timestamp': '2026-06-26T07:55:31.712837'}, {'symbol': 'EURUSD-OTC', 'action': 'NO_TRADE', 'reason': 'ไม่มีข้อมูลราคาและตัวชี้วัดตลาดในปัจจุบัน ไม่สามารถวิเคราะห์สัญญาณได้', 'timestamp': '2026-06-26T07:56:30.390987'}, {'symbol': 'EURGBP', 'action': 'NO_TRADE', 'reason': 'ไม่มีข้อมูลราคาหรือตัวชี้วัดตลาดในปัจจุบัน ไม่สามารถวิเคราะห์ทางเทคนิคได้', 'timestamp': '2026-06-26T07:57:31.326819'}, {'symbol': 'EURGBP', 'action': 'NO_TRADE', 'reason': 'ไม่มีข้อมูลราคาหรือตัวบ่งชี้ทางเทคนิคใน JSON ที่ให้มา จึงไม่สามารถวิเคราะห์และตัดสินใจเทรดได้', 'timestamp': '2026-06-26T07:58:30.215822'}]",True,Passed basic checks,0,50,50,MEDIUM,5,WAIT,รอการวิเคราะห์จาก AI
2026-06-26 08:01:00,1.116685,1.116755,1.116355,1.116395,1.0,EURUSD-OTC,BEARISH,1.116887,1.117277,1.117791,1.119246,1.121938,1.125929,BEARISH,1.120697,1.115289,0.005407,0.00604,20.68,51.04,-0.000653,-0.000538,-0.000115,24.74,24.6,0.00141,21.61,-0.66,0.001609,0.001546,13.91,16.04,25.7,23.13,-0.2073,1,1.0,1.0,False,STABLE,-0.000292,-0.00012,-6.8e-05,1.115505,1.121025,1.116615,1.117075,1.117435,1.116255,1.115795,39,3.91,1.116514,1.116679,35.13,-0.000243,-0.000298,45.16,45.14,0.000573,1.115755,1.117555,1.117543,1.115823,1,1.0,1.116395,1.116755,1.116355,1.116685,ASIAN,62576,HIGH,1.116395,1.116755,1.116355,1.116685,ASIAN,62576,HIGH,NONE,BULLISH,WEAK,LOW,NEUTRAL,CHOPPY,False,NONE,50,13,6.666666666666667,50,NEUTRAL,False,70,[],0,0,NEUTRAL,BULLISH,40,False,NONE,0,False,False,False,60,False,0,100,DOWN,NONE,DOWN,0,True,75,55,45,80,False,True,NEUTRAL,70,False,0.0,NONE,True,BULLISH,True,True,90,True,70,5.8246474555486865,4.1260558804421805,50.0,19,POOR,False,75,65,0.134704236634432,4,19.999999999999996,True,RANDOM,70,57.759059699714186,1.444116457253123,True,MOMENTUM_SHIFT,False,True,False,65,True,70,DOWN,100,IMPULSIVE,LOW,DOWN,100,-0.2073,IMPULSIVE,90,30,95,WEAK,NONE,50,30,60,LOW,58,40,60,-0.66,False,65,0.8951986754966887,89.19213245033113,RANGING,90,False,NONE,1.115505,1.117075,1.116615,FAR,30,50,85,50,NONE,NONE,NONE,False,[],0,0,SIDEWAY_RANGE,SIDEWAY_RANGE,57,60,True,26,Price ranging between clear levels. Suitable for mean-reversion strategies.,1.0,0.5,False,False,False,False,0.3,0.3,True,False,False,18,True,[],0,NO,SIDEWAY_RANGE,Price ranging between clear levels. Suitable for mean-reversion strategies.,LOW,LOW,0.126,"[{'symbol': 'EURUSD-OTC', 'action': 'NO_TRADE', 'reason': 'ไม่มีข้อมูลราคาและตัวชี้วัดตลาดในปัจจุบัน ไม่สามารถวิเคราะห์สัญญาณได้', 'timestamp': '2026-06-26T07:56:30.390987'}, {'symbol': 'EURGBP', 'action': 'NO_TRADE', 'reason': 'ไม่มีข้อมูลราคาหรือตัวชี้วัดตลาดในปัจจุบัน ไม่สามารถวิเคราะห์ทางเทคนิคได้', 'timestamp': '2026-06-26T07:57:31.326819'}, {'symbol': 'EURGBP', 'action': 'NO_TRADE', 'reason': 'ไม่มีข้อมูลราคาหรือตัวบ่งชี้ทางเทคนิคใน JSON ที่ให้มา จึงไม่สามารถวิเคราะห์และตัดสินใจเทรดได้', 'timestamp': '2026-06-26T07:58:30.215822'}, {'symbol': 'EURGBP-OTC', 'action': 'NO_TRADE', 'reason': 'ไม่พบข้อมูลตลาด JSON จึงไม่สามารถวิเคราะห์สัญญาณใด ๆ ได้อย่างถูกต้อง', 'timestamp': '2026-06-26T07:59:31.102807'}, {'symbol': 'EURGBP-OTC', 'action': 'NO_TRADE', 'reason': 'ไม่พบข้อมูลตลาดในปัจจุบัน ไม่สามารถวิเคราะห์สัญญาณทางเทคนิคได้', 'timestamp': '2026-06-26T08:00:30.987216'}]",True,Passed basic checks,0,50,50,MEDIUM,5,WAIT,รอการวิเคราะห์จาก AI
2026-06-26 08:02:00,1.116405,1.116905,1.116335,1.116425,1.0,EURUSD-OTC,BEARISH,1.116887,1.117277,1.117791,1.119246,1.121938,1.125929,BEARISH,1.120697,1.115289,0.005407,0.00604,20.68,51.04,-0.000653,-0.000538,-0.000115,24.74,24.6,0.00141,21.61,-0.66,0.001609,0.001546,13.91,16.04,25.7,23.13,-0.2073,1,1.0,1.0,False,STABLE,-0.000292,-0.00012,-6.8e-05,1.115505,1.121025,1.116615,1.117075,1.117435,1.116255,1.115795,39,3.91,1.116485,1.116655,37.57,-0.000235,-0.000286,44.65,45.68,0.000578,1.115755,1.117555,1.117538,1.115803,1,1.0,1.116425,1.116905,1.116335,1.116405,ASIAN,62977,HIGH,1.116425,1.116905,1.116335,1.116405,ASIAN,62977,HIGH,NONE,BULLISH,WEAK,LOW,NEUTRAL,CHOPPY,False,NONE,50,13,6.666666666666667,50,NEUTRAL,False,70,[],0,0,NEUTRAL,BULLISH,40,False,NONE,0,False,False,False,60,False,0,100,DOWN,NONE,DOWN,0,True,75,55,45,80,False,True,NEUTRAL,70,False,0.0,NONE,True,BULLISH,True,True,90,True,70,5.8246474555486865,4.1260558804421805,50.0,19,POOR,False,75,65,0.134704236634432,4,19.999999999999996,True,RANDOM,70,57.759059699714186,1.444116457253123,True,MOMENTUM_SHIFT,False,True,False,65,True,70,DOWN,100,IMPULSIVE,LOW,DOWN,100,-0.2073,IMPULSIVE,90,30,95,WEAK,NONE,50,30,60,LOW,58,40,60,-0.66,False,65,0.8951986754966887,89.19213245033113,RANGING,90,False,NONE,1.115505,1.117075,1.116615,FAR,30,50,85,50,NONE,NONE,NONE,False,[],0,0,SIDEWAY_RANGE,SIDEWAY_RANGE,57,60,True,26,Price ranging between clear levels. Suitable for mean-reversion strategies.,1.0,0.5,False,False,False,False,0.3,0.3,True,False,False,18,True,[],0,NO,SIDEWAY_RANGE,Price ranging between clear levels. Suitable for mean-reversion strategies.,LOW,LOW,0.126,"[{'symbol': 'EURGBP', 'action': 'NO_TRADE', 'reason': 'ไม่มีข้อมูลราคาหรือตัวชี้วัดตลาดในปัจจุบัน ไม่สามารถวิเคราะห์ทางเทคนิคได้', 'timestamp': '2026-06-26T07:57:31.326819'}, {'symbol': 'EURGBP', 'action': 'NO_TRADE', 'reason': 'ไม่มีข้อมูลราคาหรือตัวบ่งชี้ทางเทคนิคใน JSON ที่ให้มา จึงไม่สามารถวิเคราะห์และตัดสินใจเทรดได้', 'timestamp': '2026-06-26T07:58:30.215822'}, {'symbol': 'EURGBP-OTC', 'action': 'NO_TRADE', 'reason': 'ไม่พบข้อมูลตลาด JSON จึงไม่สามารถวิเคราะห์สัญญาณใด ๆ ได้อย่างถูกต้อง', 'timestamp': '2026-06-26T07:59:31.102807'}, {'symbol': 'EURGBP-OTC', 'action': 'NO_TRADE', 'reason': 'ไม่พบข้อมูลตลาดในปัจจุบัน ไม่สามารถวิเคราะห์สัญญาณทางเทคนิคได้', 'timestamp': '2026-06-26T08:00:30.987216'}, {'symbol': 'EURUSD-OTC', 'action': 'NO_TRADE', 'reason': 'ไม่พบข้อมูลราคาหรือตัวบ่งชี้ทางเทคนิคใด ๆ ในระบบ จึงไม่สามารถวิเคราะห์สัญญาณเทรดได้', 'timestamp': '2026-06-26T08:01:31.090896'}]",True,Passed basic checks,0,50,50,MEDIUM,5,WAIT,รอการวิเคราะห์จาก AI
2026-06-26 08:03:00,1.116375,1.116685,1.116345,1.116645,1.0,EURUSD-OTC,BEARISH,1.116887,1.117277,1.117791,1.119246,1.121938,1.125929,BEARISH,1.120697,1.115289,0.005407,0.00604,20.68,51.04,-0.000653,-0.000538,-0.000115,24.74,24.6,0.00141,21.61,-0.66,0.001609,0.001546,13.91,16.04,25.7,23.13,-0.2073,1,1.0,1.0,False,STABLE,-0.000292,-0.00012,-6.8e-05,1.115505,1.121025,1.116615,1.117075,1.117435,1.116255,1.115795,39,3.91,1.116538,1.116654,50.85,-0.000209,-0.00027,46.14,45.32,0.000538,1.115755,1.117555,1.117486,1.115806,1,1.0,1.116645,1.116685,1.116345,1.116375,ASIAN,62479,HIGH,1.116645,1.116685,1.116345,1.116375,ASIAN,62479,HIGH,NONE,BULLISH,WEAK,LOW,NEUTRAL,CHOPPY,False,NONE,50,13,6.666666666666667,50,NEUTRAL,False,70,[],0,0,NEUTRAL,BULLISH,40,False,NONE,0,False,False,False,60,False,0,100,DOWN,NONE,DOWN,0,True,75,55,45,80,False,True,NEUTRAL,70,False,0.0,NONE,True,BULLISH,True,True,90,True,70,5.8246474555486865,4.1260558804421805,50.0,19,POOR,False,75,65,0.134704236634432,4,19.999999999999996,True,RANDOM,70,57.759059699714186,1.444116457253123,True,MOMENTUM_SHIFT,False,True,False,65,True,70,DOWN,100,IMPULSIVE,LOW,DOWN,100,-0.2073,IMPULSIVE,90,30,95,WEAK,NONE,50,30,60,LOW,58,40,60,-0.66,False,65,0.8951986754966887,89.19213245033113,RANGING,90,False,NONE,1.115505,1.117075,1.116615,FAR,30,50,85,50,NONE,NONE,NONE,False,[],0,0,SIDEWAY_RANGE,SIDEWAY_RANGE,57,60,True,26,Price ranging between clear levels. Suitable for mean-reversion strategies.,1.0,0.5,False,False,False,False,0.3,0.3,True,False,False,18,True,[],0,NO,SIDEWAY_RANGE,Price ranging between clear levels. Suitable for mean-reversion strategies.,LOW,LOW,0.126,"[{'symbol': 'EURGBP', 'action': 'NO_TRADE', 'reason': 'ไม่มีข้อมูลราคาหรือตัวบ่งชี้ทางเทคนิคใน JSON ที่ให้มา จึงไม่สามารถวิเคราะห์และตัดสินใจเทรดได้', 'timestamp': '2026-06-26T07:58:30.215822'}, {'symbol': 'EURGBP-OTC', 'action': 'NO_TRADE', 'reason': 'ไม่พบข้อมูลตลาด JSON จึงไม่สามารถวิเคราะห์สัญญาณใด ๆ ได้อย่างถูกต้อง', 'timestamp': '2026-06-26T07:59:31.102807'}, {'symbol': 'EURGBP-OTC', 'action': 'NO_TRADE', 'reason': 'ไม่พบข้อมูลตลาดในปัจจุบัน ไม่สามารถวิเคราะห์สัญญาณทางเทคนิคได้', 'timestamp': '2026-06-26T08:00:30.987216'}, {'symbol': 'EURUSD-OTC', 'action': 'NO_TRADE', 'reason': 'ไม่พบข้อมูลราคาหรือตัวบ่งชี้ทางเทคนิคใด ๆ ในระบบ จึงไม่สามารถวิเคราะห์สัญญาณเทรดได้', 'timestamp': '2026-06-26T08:01:31.090896'}, {'symbol': 'EURUSD-OTC', 'action': 'NO_TRADE', 'reason': 'ไม่พบข้อมูลราคาตลาดปัจจุบัน ไม่สามารถวิเคราะห์แนวโน้มและสัญญาณทางเทคนิคได้', 'timestamp': '2026-06-26T08:02:30.760465'}]",True,Passed basic checks,0,50,50,MEDIUM,5,WAIT,รอการวิเคราะห์จาก AI
2026-06-26 08:04:00,1.116675,1.116695,1.115825,1.115935,1.0,EURUSD-OTC,BEARISH,1.116887,1.117277,1.117791,1.119246,1.121938,1.125929,BEARISH,1.120697,1.115289,0.005407,0.00604,20.68,51.04,-0.000653,-0.000538,-0.000115,24.74,24.6,0.00141,21.61,-0.66,0.001609,0.001546,13.91,16.04,25.7,23.13,-0.2073,1,1.0,1.0,False,STABLE,-0.000292,-0.00012,-6.8e-05,1.115505,1.121025,1.116615,1.117075,1.117435,1.116255,1.115795,39,3.91,1.116337,1.116585,34.85,-0.000242,-0.000265,37.74,42.84,0.000567,1.115755,1.117505,1.117376,1.115764,1,1.0,1.115935,1.116695,1.115825,1.116675,ASIAN,62802,HIGH,1.115935,1.116695,1.115825,1.116675,ASIAN,62802,HIGH,NONE,BULLISH,WEAK,LOW,NEUTRAL,CHOPPY,False,TESTING_SUPPORT,50,13,6.666666666666667,50,NEUTRAL,False,70,[],0,0,NEUTRAL,BULLISH,40,False,NONE,0,False,False,False,60,False,0,100,DOWN,NONE,DOWN,0,True,75,55,45,80,False,True,NEUTRAL,70,False,0.0,NONE,True,BULLISH,True,True,90,True,70,5.8246474555486865,4.1260558804421805,50.0,19,POOR,False,75,65,0.134704236634432,4,19.999999999999996,True,RANDOM,70,57.759059699714186,1.444116457253123,True,MOMENTUM_SHIFT,False,True,False,65,True,70,DOWN,100,IMPULSIVE,LOW,DOWN,100,-0.2073,IMPULSIVE,90,30,95,WEAK,NONE,50,30,60,LOW,58,40,60,-0.66,False,65,0.8951986754966887,89.19213245033113,RANGING,90,False,NONE,1.115505,1.117075,1.116615,FAR,30,50,85,50,NONE,NONE,NONE,False,[],0,0,SIDEWAY_RANGE,SIDEWAY_RANGE,57,60,True,26,Price ranging between clear levels. Suitable for mean-reversion strategies.,1.0,0.5,False,False,False,False,0.3,0.3,True,False,False,18,True,[],0,NO,SIDEWAY_RANGE,Price ranging between clear levels. Suitable for mean-reversion strategies.,LOW,LOW,0.126,"[{'symbol': 'EURGBP-OTC', 'action': 'NO_TRADE', 'reason': 'ไม่พบข้อมูลตลาด JSON จึงไม่สามารถวิเคราะห์สัญญาณใด ๆ ได้อย่างถูกต้อง', 'timestamp': '2026-06-26T07:59:31.102807'}, {'symbol': 'EURGBP-OTC', 'action': 'NO_TRADE', 'reason': 'ไม่พบข้อมูลตลาดในปัจจุบัน ไม่สามารถวิเคราะห์สัญญาณทางเทคนิคได้', 'timestamp': '2026-06-26T08:00:30.987216'}, {'symbol': 'EURUSD-OTC', 'action': 'NO_TRADE', 'reason': 'ไม่พบข้อมูลราคาหรือตัวบ่งชี้ทางเทคนิคใด ๆ ในระบบ จึงไม่สามารถวิเคราะห์สัญญาณเทรดได้', 'timestamp': '2026-06-26T08:01:31.090896'}, {'symbol': 'EURUSD-OTC', 'action': 'NO_TRADE', 'reason': 'ไม่พบข้อมูลราคาตลาดปัจจุบัน ไม่สามารถวิเคราะห์แนวโน้มและสัญญาณทางเทคนิคได้', 'timestamp': '2026-06-26T08:02:30.760465'}, {'symbol': 'EURUSD-OTC', 'action': 'NO_TRADE', 'reason': 'ไม่พบข้อมูลราคาหรือตัวชี้วัดในระบบ ไม่สามารถวิเคราะห์สัญญาณเทคนิคได้', 'timestamp': '2026-06-26T08:03:31.329432'}]",True,Passed basic checks,0,50,50,MEDIUM,5,WAIT,รอการวิเคราะห์จาก AI
2026-06-26 08:05:00,1.115885,1.115905,1.115285,1.115285,1.0,EURUSD-OTC,BEARISH,1.116353,1.116915,1.117552,1.119091,1.121814,1.125883,BEARISH,1.120821,1.114895,0.005925,0.005996,17.79,47.16,-0.000774,-0.000585,-0.000188,16.11,21.95,0.001449,32.16,-0.41,0.001589,0.001565,15.11,14.79,27.88,30.68,-0.2843,1,1.0,1.0,False,STABLE,-0.000313,-0.000159,-7.2e-05,1.115285,1.121025,1.115825,1.116365,1.117445,1.114745,1.114205,40,3.96,1.115986,1.116462,38.98,-0.000318,-0.000275,23.78,35.88,0.000519,1.115285,1.117505,1.117434,1.115527,1,1.0,1.115285,1.115905,1.115285,1.115885,ASIAN,63233,HIGH,1.115285,1.115905,1.115285,1.115885,ASIAN,63233,HIGH,NONE,BEARISH,WEAK,LOW,NEUTRAL,CHOPPY,False,TESTING_SUPPORT,50,13,0.0,50,NEUTRAL,False,70,[],0,0,NEUTRAL,BEARISH,40,False,NONE,0,False,False,False,60,False,0,100,DOWN,NONE,DOWN,0,True,75,82,18,80,True,True,CONTINUATION,70,False,0.0,NONE,True,BULLISH,True,True,90,True,70,15.499425947186719,11.359999999999815,55.00000000000001,27,POOR,False,75,65,0.1231617223938021,4,19.999999999999996,True,RANDOM,70,56.55273972131809,3.0434361498470395,True,MOMENTUM_SHIFT,False,True,True,35,False,70,DOWN,100,IMPULSIVE,NORMAL,DOWN,100,-0.2843,IMPULSIVE,90,30,95,WEAK,NONE,50,30,60,NORMAL,58,40,60,-0.41,False,80,0.98815877251501,71.456122748499,RANGING,90,False,NONE,1.114745,1.116365,1.115825,FAR,30,50,85,50,NONE,NONE,NONE,False,[],0,0,SIDEWAY_RANGE,SIDEWAY_RANGE,63,60,True,26,Price ranging between clear levels. Suitable for mean-reversion strategies.,1.0,0.5,False,False,False,False,0.3,0.3,True,False,False,18,True,[],0,NO,SIDEWAY_RANGE,Price ranging between clear levels. Suitable for mean-reversion strategies.,NORMAL,LOW,0.13,"[{'symbol': 'EURGBP-OTC', 'action': 'NO_TRADE', 'reason': 'ไม่พบข้อมูลตลาดในปัจจุบัน ไม่สามารถวิเคราะห์สัญญาณทางเทคนิคได้', 'timestamp': '2026-06-26T08:00:30.987216'}, {'symbol': 'EURUSD-OTC', 'action': 'NO_TRADE', 'reason': 'ไม่พบข้อมูลราคาหรือตัวบ่งชี้ทางเทคนิคใด ๆ ในระบบ จึงไม่สามารถวิเคราะห์สัญญาณเทรดได้', 'timestamp': '2026-06-26T08:01:31.090896'}, {'symbol': 'EURUSD-OTC', 'action': 'NO_TRADE', 'reason': 'ไม่พบข้อมูลราคาตลาดปัจจุบัน ไม่สามารถวิเคราะห์แนวโน้มและสัญญาณทางเทคนิคได้', 'timestamp': '2026-06-26T08:02:30.760465'}, {'symbol': 'EURUSD-OTC', 'action': 'NO_TRADE', 'reason': 'ไม่พบข้อมูลราคาหรือตัวชี้วัดในระบบ ไม่สามารถวิเคราะห์สัญญาณเทคนิคได้', 'timestamp': '2026-06-26T08:03:31.329432'}, {'symbol': 'EURUSD-OTC', 'action': 'NO_TRADE', 'reason': 'ไม่พบข้อมูลตลาดที่ป้อนเข้ามา จึงไม่สามารถวิเคราะห์สัญญาณใด ๆ ได้อย่างปลอดภัย', 'timestamp': '2026-06-26T08:04:31.365909'}]",True,Passed basic checks,0,50,50,MEDIUM,5,WAIT,รอการวิเคราะห์จาก AI
2026-06-26 08:07:00,1.115925,1.116525,1.115915,1.116515,1.0,EURUSD-OTC,BEARISH,1.116353,1.116915,1.117552,1.119091,1.121814,1.125883,BEARISH,1.120821,1.114895,0.005925,0.005996,17.79,47.16,-0.000774,-0.000585,-0.000188,16.11,21.95,0.001449,32.16,-0.41,0.001589,0.001565,15.11,14.79,27.88,30.68,-0.2843,1,1.0,1.0,False,STABLE,-0.000313,-0.000159,-7.2e-05,1.115285,1.121025,1.115825,1.116365,1.117445,1.114745,1.114205,40,3.96,1.116147,1.11642,54.31,-0.000276,-0.000283,37.88,26.3,0.00056,1.115215,1.117475,1.117242,1.115538,1,1.0,1.116515,1.116525,1.115915,1.115925,ASIAN,63047,HIGH,1.116515,1.116525,1.115915,1.115925,ASIAN,63047,HIGH,NONE,BEARISH,WEAK,LOW,NEUTRAL,CHOPPY,False,NONE,50,13,0.0,50,NEUTRAL,False,70,[],0,0,NEUTRAL,BEARISH,40,False,NONE,0,False,False,False,60,False,0,100,DOWN,NONE,DOWN,0,True,75,82,18,80,True,True,CONTINUATION,70,False,0.0,NONE,True,BULLISH,True,True,90,True,70,15.499425947186719,11.359999999999815,55.00000000000001,27,POOR,False,75,65,0.1231617223938021,4,19.999999999999996,True,RANDOM,70,56.55273972131809,3.0434361498470395,True,MOMENTUM_SHIFT,False,True,True,35,False,70,DOWN,100,IMPULSIVE,NORMAL,DOWN,100,-0.2843,IMPULSIVE,90,30,95,WEAK,NONE,50,30,60,NORMAL,58,40,60,-0.41,False,80,0.98815877251501,71.456122748499,RANGING,90,False,NONE,1.114745,1.116365,1.115825,FAR,30,50,85,50,NONE,NONE,NONE,False,[],0,0,SIDEWAY_RANGE,SIDEWAY_RANGE,63,60,True,26,Price ranging between clear levels. Suitable for mean-reversion strategies.,1.0,0.5,False,False,False,False,0.3,0.3,True,False,False,18,True,[],0,NO,SIDEWAY_RANGE,Price ranging between clear levels. Suitable for mean-reversion strategies.,NORMAL,LOW,0.13,"[{'symbol': 'EURUSD-OTC', 'action': 'NO_TRADE', 'reason': 'ไม่พบข้อมูลราคาตลาดปัจจุบัน ไม่สามารถวิเคราะห์แนวโน้มและสัญญาณทางเทคนิคได้', 'timestamp': '2026-06-26T08:02:30.760465'}, {'symbol': 'EURUSD-OTC', 'action': 'NO_TRADE', 'reason': 'ไม่พบข้อมูลราคาหรือตัวชี้วัดในระบบ ไม่สามารถวิเคราะห์สัญญาณเทคนิคได้', 'timestamp': '2026-06-26T08:03:31.329432'}, {'symbol': 'EURUSD-OTC', 'action': 'NO_TRADE', 'reason': 'ไม่พบข้อมูลตลาดที่ป้อนเข้ามา จึงไม่สามารถวิเคราะห์สัญญาณใด ๆ ได้อย่างปลอดภัย', 'timestamp': '2026-06-26T08:04:31.365909'}, {'symbol': 'EURGBP', 'action': 'NO_TRADE', 'reason': 'ไม่พบข้อมูลราคาหรือตัวชี้วัดในปัจจุบัน ไม่สามารถวิเคราะห์แนวโน้มและสัญญาณทางเทคนิคได้', 'timestamp': '2026-06-26T08:05:36.744128'}, {'symbol': 'EURGBP', 'action': 'NO_TRADE', 'reason': 'ไม่มีข้อมูลราคาตลาดปัจจุบัน ไม่สามารถวิเคราะห์แนวโน้มและสัญญาณทางเทคนิคได้', 'timestamp': '2026-06-26T08:06:35.144969'}]",True,Passed basic checks,0,50,50,MEDIUM,5,WAIT,รอการวิเคราะห์จาก AI
2026-06-26 08:09:00,1.116695,1.116695,1.115995,1.116285,1.0,EURUSD-OTC,BEARISH,1.116353,1.116915,1.117552,1.119091,1.121814,1.125883,BEARISH,1.120821,1.114895,0.005925,0.005996,17.79,47.16,-0.000774,-0.000585,-0.000188,16.11,21.95,0.001449,32.16,-0.41,0.001589,0.001565,15.11,14.79,27.88,30.68,-0.2843,1,1.0,1.0,False,STABLE,-0.000313,-0.000159,-7.2e-05,1.115285,1.121025,1.115825,1.116365,1.117445,1.114745,1.114205,40,3.96,1.116324,1.116434,47.31,-0.000206,-0.000257,70.06,57.49,0.000588,1.115215,1.117255,1.117107,1.115589,1,1.0,1.116285,1.116695,1.115995,1.116695,ASIAN,62704,HIGH,1.116285,1.116695,1.115995,1.116695,ASIAN,62704,HIGH,NONE,BEARISH,WEAK,LOW,NEUTRAL,CHOPPY,False,NONE,50,13,0.0,50,NEUTRAL,False,70,[],0,0,NEUTRAL,BEARISH,40,False,NONE,0,False,False,False,60,False,0,100,DOWN,NONE,DOWN,0,True,75,82,18,80,True,True,CONTINUATION,70,False,0.0,NONE,True,BULLISH,True,True,90,True,70,15.499425947186719,11.359999999999815,55.00000000000001,27,POOR,False,75,65,0.1231617223938021,4,19.999999999999996,True,RANDOM,70,56.55273972131809,3.0434361498470395,True,MOMENTUM_SHIFT,False,True,True,35,False,70,DOWN,100,IMPULSIVE,NORMAL,DOWN,100,-0.2843,IMPULSIVE,90,30,95,WEAK,NONE,50,30,60,NORMAL,58,40,60,-0.41,False,80,0.98815877251501,71.456122748499,RANGING,90,False,NONE,1.114745,1.116365,1.115825,FAR,30,50,85,50,NONE,NONE,NONE,False,[],0,0,SIDEWAY_RANGE,SIDEWAY_RANGE,63,60,True,26,Price ranging between clear levels. Suitable for mean-reversion strategies.,1.0,0.5,False,False,False,False,0.3,0.3,True,False,False,18,True,[],0,NO,SIDEWAY_RANGE,Price ranging between clear levels. Suitable for mean-reversion strategies.,NORMAL,LOW,0.13,"[{'symbol': 'EURUSD-OTC', 'action': 'NO_TRADE', 'reason': 'ไม่พบข้อมูลตลาดที่ป้อนเข้ามา จึงไม่สามารถวิเคราะห์สัญญาณใด ๆ ได้อย่างปลอดภัย', 'timestamp': '2026-06-26T08:04:31.365909'}, {'symbol': 'EURGBP', 'action': 'NO_TRADE', 'reason': 'ไม่พบข้อมูลราคาหรือตัวชี้วัดในปัจจุบัน ไม่สามารถวิเคราะห์แนวโน้มและสัญญาณทางเทคนิคได้', 'timestamp': '2026-06-26T08:05:36.744128'}, {'symbol': 'EURGBP', 'action': 'NO_TRADE', 'reason': 'ไม่มีข้อมูลราคาตลาดปัจจุบัน ไม่สามารถวิเคราะห์แนวโน้มและสัญญาณทางเทคนิคได้', 'timestamp': '2026-06-26T08:06:35.144969'}, {'symbol': 'EURGBP-OTC', 'action': 'NO_TRADE', 'reason': 'ไม่พบข้อมูลตลาดใด ๆ จึงไม่สามารถวิเคราะห์สัญญาณได้ กรุณาส่งข้อมูลราคาและตัวชี้วัด', 'timestamp': '2026-06-26T08:07:36.343019'}, {'symbol': 'EURGBP-OTC', 'action': 'NO_TRADE', 'reason': 'ไม่พบข้อมูลราคาตลาดปัจจุบัน ไม่สามารถวิเคราะห์แนวโน้มและสัญญาณทางเทคนิคได้', 'timestamp': '2026-06-26T08:08:34.337578'}]",True,Passed basic checks,0,50,50,MEDIUM,5,WAIT,รอการวิเคราะห์จาก AI
2026-06-26 08:11:00,1.115365,1.115825,1.115345,1.115565,1.0,EURUSD-OTC,BEARISH,1.116037,1.11664,1.117348,1.118945,1.121643,1.125458,BEARISH,1.120804,1.114569,0.006235,0.005956,27.91,38.5,-0.00085,-0.000638,-0.000212,10.56,17.14,0.001431,27.14,-0.52,0.00157,0.00158,15.99,14.46,25.38,27.43,-0.3173,1,1.0,1.0,False,STABLE,-0.000319,-0.000178,-7.4e-05,1.115215,1.121025,1.115912,1.116608,1.117812,1.114708,1.114012,41,4.06,1.115867,1.116262,40.63,-0.000294,-0.000266,28.25,49.03,0.000616,1.115215,1.117115,1.117117,1.115389,1,1.0,1.115565,1.115825,1.115345,1.115365,ASIAN,62459,HIGH,1.115565,1.115825,1.115345,1.115365,ASIAN,62459,HIGH,DOJI,BULLISH,WEAK,LOW,NEUTRAL,CHOPPY,True,TESTING_SUPPORT,48,16,0.0,50,NEUTRAL,False,70,['DOJI'],1,20,NEUTRAL,BULLISH,60,True,REJECTION,25,False,False,True,70,False,0,100,DOWN,NONE,NONE,0,True,75,70,30,80,False,True,CONTINUATION,70,True,60.0,BEARISH,True,BULLISH,True,True,90,True,70,20.55122828040785,12.792561718499298,55.00000000000001,29,POOR,False,75,66,0.11320713664656382,4,30.000000000000004,True,RANDOM,70,54.904934328655116,2.608335807574972,True,MOMENTUM_SHIFT,False,True,True,35,False,70,DOWN,100,IMPULSIVE,NORMAL,DOWN,100,-0.3173,IMPULSIVE,90,30,95,WEAK,NONE,55,30,65,NORMAL,58,55,45,-0.52,False,80,1.0468435191403627,69.60364808596374,RANGING,90,False,NONE,1.114708,1.116608,1.115912,FAR,30,50,85,50,NONE,NONE,NONE,False,[],0,0,SIDEWAY_RANGE,SIDEWAY_RANGE,57,60,True,27,Price ranging between clear levels. Suitable for mean-reversion strategies.,1.0,0.5,False,False,False,False,0.3,0.3,True,False,False,18,True,[],0,NO,SIDEWAY_RANGE,Price ranging between clear levels. Suitable for mean-reversion strategies.,NORMAL,LOW,0.128,"[{'symbol': 'EURGBP', 'action': 'NO_TRADE', 'reason': 'ไม่พบข้อมูลราคาหรือตัวชี้วัดในปัจจุบัน ไม่สามารถวิเคราะห์แนวโน้มและสัญญาณทางเทคนิคได้', 'timestamp': '2026-06-26T08:05:36.744128'}, {'symbol': 'EURGBP', 'action': 'NO_TRADE', 'reason': 'ไม่มีข้อมูลราคาตลาดปัจจุบัน ไม่สามารถวิเคราะห์แนวโน้มและสัญญาณทางเทคนิคได้', 'timestamp': '2026-06-26T08:06:35.144969'}, {'symbol': 'EURGBP-OTC', 'action': 'NO_TRADE', 'reason': 'ไม่พบข้อมูลตลาดใด ๆ จึงไม่สามารถวิเคราะห์สัญญาณได้ กรุณาส่งข้อมูลราคาและตัวชี้วัด', 'timestamp': '2026-06-26T08:07:36.343019'}, {'symbol': 'EURGBP-OTC', 'action': 'NO_TRADE', 'reason': 'ไม่พบข้อมูลราคาตลาดปัจจุบัน ไม่สามารถวิเคราะห์แนวโน้มและสัญญาณทางเทคนิคได้', 'timestamp': '2026-06-26T08:08:34.337578'}, {'symbol': 'EURGBP', 'action': 'NO_TRADE', 'reason': 'ไม่พบข้อมูลราคาตลาดปัจจุบัน ไม่สามารถวิเคราะห์แนวโน้มและสัญญาณทางเทคนิคได้', 'timestamp': '2026-06-26T08:09:31.213347'}]",True,Passed basic checks,0,50,50,MEDIUM,5,WAIT,รอการวิเคราะห์จาก AI
2026-06-26 08:13:00,1.114965,1.115415,1.114955,1.115045,1.0,EURUSD-OTC,BEARISH,1.116037,1.11664,1.117348,1.118945,1.121643,1.125458,BEARISH,1.120804,1.114569,0.006235,0.005956,27.91,38.5,-0.00085,-0.000638,-0.000212,10.56,17.14,0.001431,27.14,-0.52,0.00157,0.00158,15.99,14.46,25.38,27.43,-0.3173,1,1.0,1.0,False,STABLE,-0.000319,-0.000178,-7.4e-05,1.115215,1.121025,1.115912,1.116608,1.117812,1.114708,1.114012,41,4.06,1.115399,1.116037,37.08,-0.000403,-0.000308,14.37,18.62,0.000652,1.114725,1.117115,1.117296,1.114993,1,1.0,1.115045,1.115415,1.114955,1.114965,ASIAN,63360,HIGH,1.115045,1.115415,1.114955,1.114965,ASIAN,63360,HIGH,DOJI,BULLISH,WEAK,LOW,NEUTRAL,CHOPPY,True,TESTING_SUPPORT,48,16,0.0,50,NEUTRAL,False,70,['DOJI'],1,20,NEUTRAL,BULLISH,60,True,REJECTION,25,False,False,True,70,False,0,100,DOWN,NONE,NONE,0,True,75,70,30,80,False,True,CONTINUATION,70,True,60.0,BEARISH,True,BULLISH,True,True,90,True,70,20.55122828040785,12.792561718499298,55.00000000000001,29,POOR,False,75,66,0.11320713664656382,4,30.000000000000004,True,RANDOM,70,54.904934328655116,2.608335807574972,True,MOMENTUM_SHIFT,False,True,True,35,False,70,DOWN,100,IMPULSIVE,NORMAL,DOWN,100,-0.3173,IMPULSIVE,90,30,95,WEAK,NONE,55,30,65,NORMAL,58,55,45,-0.52,False,80,1.0468435191403627,69.60364808596374,RANGING,90,False,NONE,1.114708,1.116608,1.115912,FAR,30,50,85,50,NONE,NONE,NONE,False,[],0,0,SIDEWAY_RANGE,SIDEWAY_RANGE,57,60,True,27,Price ranging between clear levels. Suitable for mean-reversion strategies.,1.0,0.5,False,False,False,False,0.3,0.3,True,False,False,18,True,[],0,NO,SIDEWAY_RANGE,Price ranging between clear levels. Suitable for mean-reversion strategies.,NORMAL,LOW,0.128,"[{'symbol': 'EURGBP-OTC', 'action': 'NO_TRADE', 'reason': 'ไม่พบข้อมูลตลาดใด ๆ จึงไม่สามารถวิเคราะห์สัญญาณได้ กรุณาส่งข้อมูลราคาและตัวชี้วัด', 'timestamp': '2026-06-26T08:07:36.343019'}, {'symbol': 'EURGBP-OTC', 'action': 'NO_TRADE', 'reason': 'ไม่พบข้อมูลราคาตลาดปัจจุบัน ไม่สามารถวิเคราะห์แนวโน้มและสัญญาณทางเทคนิคได้', 'timestamp': '2026-06-26T08:08:34.337578'}, {'symbol': 'EURGBP', 'action': 'NO_TRADE', 'reason': 'ไม่พบข้อมูลราคาตลาดปัจจุบัน ไม่สามารถวิเคราะห์แนวโน้มและสัญญาณทางเทคนิคได้', 'timestamp': '2026-06-26T08:09:31.213347'}, {'symbol': 'EURUSD', 'action': 'NO_TRADE', 'reason': 'ไม่พบข้อมูลราคาหรือสัญญาณทางเทคนิคในระบบ ไม่สามารถวิเคราะห์แนวโน้มและความเสี่ยงได้', 'timestamp': '2026-06-26T08:11:35.734112'}, {'symbol': 'EURUSD', 'action': 'NO_TRADE', 'reason': 'ไม่พบข้อมูลราคาและตัวชี้วัดตลาดในปัจจุบัน ไม่สามารถวิเคราะห์สัญญาณได้อย่างถูกต้อง', 'timestamp': '2026-06-26T08:12:34.466542'}]",True,Passed basic checks,0,50,50,MEDIUM,5,WAIT,รอการวิเคราะห์จาก AI
2026-06-26 08:15:00,1.115225,1.115515,1.114965,1.115045,1.0,EURUSD-OTC,BEARISH,1.115706,1.11635,1.117129,1.118792,1.121508,1.125323,BEARISH,1.12069,1.114248,0.006442,0.005918,27.91,29.21,-0.000928,-0.000696,-0.000232,3.42,10.03,0.001393,15.08,-0.85,0.001548,0.001595,17.11,13.69,26.4,31.7,-0.2772,1,1.0,1.0,False,STABLE,-0.000276,-0.000189,-7.7e-05,1.114725,1.121025,1.115198,1.115672,1.116298,1.114572,1.114098,42,4.52,1.115238,1.115871,37.7,-0.000441,-0.000353,15.62,14.97,0.000671,1.114725,1.117115,1.117302,1.114727,1,1.0,1.115045,1.115515,1.114965,1.115225,ASIAN,63257,HIGH,1.115045,1.115515,1.114965,1.115225,ASIAN,63257,HIGH,NONE,BEARISH,WEAK,LOW,NEUTRAL,CHOPPY,False,TESTING_SUPPORT,47,16,-6.666666666666667,50,NEUTRAL,False,70,[],0,0,NEUTRAL,BEARISH,40,False,NONE,0,False,False,False,60,False,0,100,DOWN,DOWN,DOWN,0,True,75,97,3,80,True,True,CONTINUATION,70,True,85.0,BEARISH,True,BULLISH,True,False,50,False,70,26.37962401455356,17.412294818152198,60.0,34,POOR,False,75,68,0.10526166280099254,4,40.0,True,RANDOM,70,54.977219888817444,2.7977319242998253,True,MOMENTUM_SHIFT,False,True,True,35,False,70,DOWN,100,IMPULSIVE,LOW,DOWN,100,-0.2772,IMPULSIVE,90,30,95,WEAK,NONE,60,30,70,LOW,58,55,45,-0.85,False,65,1.0885434268333898,71.14565731666103,RANGING,90,False,NONE,1.114572,1.115672,1.115198,FAR,30,50,85,50,NONE,NONE,NONE,False,[],0,0,SIDEWAY_RANGE,SIDEWAY_RANGE,56,60,True,27,Price ranging between clear levels. Suitable for mean-reversion strategies.,1.0,0.5,False,False,False,False,0.3,0.3,True,False,False,18,True,[],0,NO,SIDEWAY_RANGE,Price ranging between clear levels. Suitable for mean-reversion strategies.,LOW,LOW,0.125,"[{'symbol': 'EURGBP', 'action': 'NO_TRADE', 'reason': 'ไม่พบข้อมูลราคาตลาดปัจจุบัน ไม่สามารถวิเคราะห์แนวโน้มและสัญญาณทางเทคนิคได้', 'timestamp': '2026-06-26T08:09:31.213347'}, {'symbol': 'EURUSD', 'action': 'NO_TRADE', 'reason': 'ไม่พบข้อมูลราคาหรือสัญญาณทางเทคนิคในระบบ ไม่สามารถวิเคราะห์แนวโน้มและความเสี่ยงได้', 'timestamp': '2026-06-26T08:11:35.734112'}, {'symbol': 'EURUSD', 'action': 'NO_TRADE', 'reason': 'ไม่พบข้อมูลราคาและตัวชี้วัดตลาดในปัจจุบัน ไม่สามารถวิเคราะห์สัญญาณได้อย่างถูกต้อง', 'timestamp': '2026-06-26T08:12:34.466542'}, {'symbol': 'EURGBP', 'action': 'NO_TRADE', 'reason': 'ไม่พบข้อมูลราคาหรือตัวบ่งชี้ตลาดในปัจจุบัน ไม่สามารถวิเคราะห์สัญญาณเทคนิคได้', 'timestamp': '2026-06-26T08:13:36.764980'}, {'symbol': 'EURGBP', 'action': 'NO_TRADE', 'reason': 'ไม่พบข้อมูลตลาดปัจจุบัน กรุณาส่งราคาและตัวชี้วัดเพื่อวิเคราะห์สัญญาณ', 'timestamp': '2026-06-26T08:14:33.642676'}]",True,Passed basic checks,0,50,50,MEDIUM,5,WAIT,รอการวิเคราะห์จาก AI
2026-06-26 08:16:00,1.115035,1.115305,1.114525,1.114855,1.0,EURUSD-OTC,BEARISH,1.115706,1.11635,1.117129,1.118792,1.121508,1.125323,BEARISH,1.12069,1.114248,0.006442,0.005918,27.91,29.21,-0.000928,-0.000696,-0.000232,3.42,10.03,0.001393,15.08,-0.85,0.001548,0.001595,17.11,13.69,26.4,31.7,-0.2772,1,1.0,1.0,False,STABLE,-0.000276,-0.000189,-7.7e-05,1.114725,1.121025,1.115198,1.115672,1.116298,1.114572,1.114098,42,4.52,1.11511,1.115774,36.11,-0.000468,-0.000376,15.4,15.32,0.000686,1.114525,1.117115,1.117277,1.114574,1,1.0,1.114855,1.115305,1.114525,1.115035,ASIAN,62476,HIGH,1.114855,1.115305,1.114525,1.115035,ASIAN,62476,HIGH,NONE,BEARISH,WEAK,LOW,NEUTRAL,CHOPPY,False,TESTING_SUPPORT,47,16,-6.666666666666667,50,NEUTRAL,False,70,[],0,0,NEUTRAL,BEARISH,40,False,NONE,0,False,False,False,60,False,0,100,DOWN,DOWN,DOWN,0,True,75,97,3,80,True,True,CONTINUATION,70,True,85.0,BEARISH,True,BULLISH,True,False,50,False,70,26.37962401455356,17.412294818152198,60.0,34,POOR,False,75,68,0.10526166280099254,4,40.0,True,RANDOM,70,54.977219888817444,2.7977319242998253,True,MOMENTUM_SHIFT,False,True,True,35,False,70,DOWN,100,IMPULSIVE,LOW,DOWN,100,-0.2772,IMPULSIVE,90,30,95,WEAK,NONE,60,30,70,LOW,58,55,45,-0.85,False,65,1.0885434268333898,71.14565731666103,RANGING,90,False,NONE,1.114572,1.115672,1.115198,FAR,30,50,85,50,NONE,NONE,NONE,False,[],0,0,SIDEWAY_RANGE,SIDEWAY_RANGE,56,60,True,27,Price ranging between clear levels. Suitable for mean-reversion strategies.,1.0,0.5,False,False,False,False,0.3,0.3,True,False,False,18,True,[],0,NO,SIDEWAY_RANGE,Price ranging between clear levels. Suitable for mean-reversion strategies.,LOW,LOW,0.125,"[{'symbol': 'EURUSD', 'action': 'NO_TRADE', 'reason': 'ไม่พบข้อมูลราคาหรือสัญญาณทางเทคนิคในระบบ ไม่สามารถวิเคราะห์แนวโน้มและความเสี่ยงได้', 'timestamp': '2026-06-26T08:11:35.734112'}, {'symbol': 'EURUSD', 'action': 'NO_TRADE', 'reason': 'ไม่พบข้อมูลราคาและตัวชี้วัดตลาดในปัจจุบัน ไม่สามารถวิเคราะห์สัญญาณได้อย่างถูกต้อง', 'timestamp': '2026-06-26T08:12:34.466542'}, {'symbol': 'EURGBP', 'action': 'NO_TRADE', 'reason': 'ไม่พบข้อมูลราคาหรือตัวบ่งชี้ตลาดในปัจจุบัน ไม่สามารถวิเคราะห์สัญญาณเทคนิคได้', 'timestamp': '2026-06-26T08:13:36.764980'}, {'symbol': 'EURGBP', 'action': 'NO_TRADE', 'reason': 'ไม่พบข้อมูลตลาดปัจจุบัน กรุณาส่งราคาและตัวชี้วัดเพื่อวิเคราะห์สัญญาณ', 'timestamp': '2026-06-26T08:14:33.642676'}, {'symbol': 'EURUSD-OTC', 'action': 'NO_TRADE', 'reason': 'ไม่มีข้อมูลราคาและตัวบ่งชี้ในปัจจุบัน ไม่สามารถวิเคราะห์สัญญาณได้', 'timestamp': '2026-06-26T08:15:31.706719'}]",True,Passed basic checks,0,50,50,MEDIUM,5,WAIT,รอการวิเคราะห์จาก AI
2026-06-26 08:17:00,1.114835,1.114965,1.114455,1.114665,1.0,EURUSD-OTC,BEARISH,1.115706,1.11635,1.117129,1.118792,1.121508,1.125323,BEARISH,1.12069,1.114248,0.006442,0.005918,27.91,29.21,-0.000928,-0.000696,-0.000232,3.42,10.03,0.001393,15.08,-0.85,0.001548,0.001595,17.11,13.69,26.4,31.7,-0.2772,1,1.0,1.0,False,STABLE,-0.000276,-0.000189,-7.7e-05,1.114725,1.121025,1.115198,1.115672,1.116298,1.114572,1.114098,42,4.52,1.114962,1.115669,32.38,-0.000498,-0.0004,11.34,14.12,0.000698,1.114455,1.117115,1.117266,1.1144,1,1.0,1.114665,1.114965,1.114455,1.114835,ASIAN,62970,HIGH,1.114665,1.114965,1.114455,1.114835,ASIAN,62970,HIGH,NONE,BEARISH,WEAK,LOW,NEUTRAL,CHOPPY,False,TESTING_SUPPORT,47,16,-6.666666666666667,50,NEUTRAL,False,70,[],0,0,NEUTRAL,BEARISH,40,False,NONE,0,False,False,False,60,False,0,100,DOWN,DOWN,DOWN,0,True,75,97,3,80,True,True,CONTINUATION,70,True,85.0,BEARISH,True,BULLISH,True,False,50,False,70,26.37962401455356,17.412294818152198,60.0,34,POOR,False,75,68,0.10526166280099254,4,40.0,True,RANDOM,70,54.977219888817444,2.7977319242998253,True,MOMENTUM_SHIFT,False,True,True,35,False,70,DOWN,100,IMPULSIVE,LOW,DOWN,100,-0.2772,IMPULSIVE,90,30,95,WEAK,NONE,60,30,70,LOW,58,55,45,-0.85,False,65,1.0885434268333898,71.14565731666103,RANGING,90,False,NONE,1.114572,1.115672,1.115198,FAR,30,50,85,50,NONE,NONE,NONE,False,[],0,0,SIDEWAY_RANGE,SIDEWAY_RANGE,56,60,True,27,Price ranging between clear levels. Suitable for mean-reversion strategies.,1.0,0.5,False,False,False,False,0.3,0.3,True,False,False,18,True,[],0,NO,SIDEWAY_RANGE,Price ranging between clear levels. Suitable for mean-reversion strategies.,LOW,LOW,0.125,"[{'symbol': 'EURUSD', 'action': 'NO_TRADE', 'reason': 'ไม่พบข้อมูลราคาและตัวชี้วัดตลาดในปัจจุบัน ไม่สามารถวิเคราะห์สัญญาณได้อย่างถูกต้อง', 'timestamp': '2026-06-26T08:12:34.466542'}, {'symbol': 'EURGBP', 'action': 'NO_TRADE', 'reason': 'ไม่พบข้อมูลราคาหรือตัวบ่งชี้ตลาดในปัจจุบัน ไม่สามารถวิเคราะห์สัญญาณเทคนิคได้', 'timestamp': '2026-06-26T08:13:36.764980'}, {'symbol': 'EURGBP', 'action': 'NO_TRADE', 'reason': 'ไม่พบข้อมูลตลาดปัจจุบัน กรุณาส่งราคาและตัวชี้วัดเพื่อวิเคราะห์สัญญาณ', 'timestamp': '2026-06-26T08:14:33.642676'}, {'symbol': 'EURUSD-OTC', 'action': 'NO_TRADE', 'reason': 'ไม่มีข้อมูลราคาและตัวบ่งชี้ในปัจจุบัน ไม่สามารถวิเคราะห์สัญญาณได้', 'timestamp': '2026-06-26T08:15:31.706719'}, {'symbol': 'EURUSD-OTC', 'action': 'NO_TRADE', 'reason': 'ไม่มีข้อมูลราคาและอินดิเคเตอร์ในปัจจุบัน ไม่สามารถวิเคราะห์สัญญาณได้', 'timestamp': '2026-06-26T08:16:30.338526'}]",True,Passed basic checks,0,50,50,MEDIUM,5,WAIT,รอการวิเคราะห์จาก AI
2026-06-26 08:19:00,1.114355,1.114605,1.114235,1.114465,1.0,EURUSD-OTC,BEARISH,1.115706,1.11635,1.117129,1.118792,1.121508,1.125323,BEARISH,1.12069,1.114248,0.006442,0.005918,27.91,29.21,-0.000928,-0.000696,-0.000232,3.42,10.03,0.001393,15.08,-0.85,0.001548,0.001595,17.11,13.69,26.4,31.7,-0.2772,1,1.0,1.0,False,STABLE,-0.000276,-0.000189,-7.7e-05,1.114725,1.121025,1.115198,1.115672,1.116298,1.114572,1.114098,42,4.52,1.11467,1.115444,41.09,-0.000558,-0.000454,10.61,10.81,0.00067,1.114065,1.117115,1.117207,1.114042,1,1.0,1.114465,1.114605,1.114235,1.114355,ASIAN,63021,HIGH,1.114465,1.114605,1.114235,1.114355,ASIAN,63021,HIGH,NONE,BEARISH,WEAK,LOW,NEUTRAL,CHOPPY,False,TESTING_SUPPORT,47,16,-6.666666666666667,50,NEUTRAL,False,70,[],0,0,NEUTRAL,BEARISH,40,False,NONE,0,False,False,False,60,False,0,100,DOWN,DOWN,DOWN,0,True,75,97,3,80,True,True,CONTINUATION,70,True,85.0,BEARISH,True,BULLISH,True,False,50,False,70,26.37962401455356,17.412294818152198,60.0,34,POOR,False,75,68,0.10526166280099254,4,40.0,True,RANDOM,70,54.977219888817444,2.7977319242998253,True,MOMENTUM_SHIFT,False,True,True,35,False,70,DOWN,100,IMPULSIVE,LOW,DOWN,100,-0.2772,IMPULSIVE,90,30,95,WEAK,NONE,60,30,70,LOW,58,55,45,-0.85,False,65,1.0885434268333898,71.14565731666103,RANGING,90,False,NONE,1.114572,1.115672,1.115198,FAR,30,50,85,50,NONE,NONE,NONE,False,[],0,0,SIDEWAY_RANGE,SIDEWAY_RANGE,56,60,True,27,Price ranging between clear levels. Suitable for mean-reversion strategies.,1.0,0.5,False,False,False,False,0.3,0.3,True,False,False,18,True,[],0,NO,SIDEWAY_RANGE,Price ranging between clear levels. Suitable for mean-reversion strategies.,LOW,LOW,0.125,"[{'symbol': 'EURGBP', 'action': 'NO_TRADE', 'reason': 'ไม่พบข้อมูลตลาดปัจจุบัน กรุณาส่งราคาและตัวชี้วัดเพื่อวิเคราะห์สัญญาณ', 'timestamp': '2026-06-26T08:14:33.642676'}, {'symbol': 'EURUSD-OTC', 'action': 'NO_TRADE', 'reason': 'ไม่มีข้อมูลราคาและตัวบ่งชี้ในปัจจุบัน ไม่สามารถวิเคราะห์สัญญาณได้', 'timestamp': '2026-06-26T08:15:31.706719'}, {'symbol': 'EURUSD-OTC', 'action': 'NO_TRADE', 'reason': 'ไม่มีข้อมูลราคาและอินดิเคเตอร์ในปัจจุบัน ไม่สามารถวิเคราะห์สัญญาณได้', 'timestamp': '2026-06-26T08:16:30.338526'}, {'symbol': 'EURGBP-OTC', 'action': 'NO_TRADE', 'reason': 'ไม่พบข้อมูลตลาดปัจจุบัน กรุณาส่งราคาและตัวชี้วัดเพื่อวิเคราะห์', 'timestamp': '2026-06-26T08:17:36.586691'}, {'symbol': 'EURGBP-OTC', 'action': 'NO_TRADE', 'reason': 'ไม่มีข้อมูลราคาและตัวบ่งชี้ทางเทคนิคในโจทย์ ไม่สามารถวิเคราะห์สัญญาณได้', 'timestamp': '2026-06-26T08:18:35.272831'}]",True,Passed basic checks,0,50,50,MEDIUM,5,WAIT,รอการวิเคราะห์จาก AI
2026-06-26 08:21:00,1.114545,1.114635,1.113525,1.113925,1.0,EURUSD-OTC,BEARISH,1.115333,1.116029,1.116886,1.118627,1.121368,1.12519,BEARISH,1.12032,1.114031,0.006288,0.005884,10.22,18.18,-0.001016,-0.00076,-0.000256,6.4,6.8,0.00135,9.05,-1.17,0.001521,0.00161,18.54,12.86,28.02,37.07,-0.2024,1,1.0,1.0,False,STABLE,-0.000264,-0.000183,-7.6e-05,1.114065,1.121025,1.114652,1.115238,1.115892,1.113998,1.113412,43,5.16,1.114403,1.115226,18.8,-0.000603,-0.0005,13.77,12.68,0.000674,1.113525,1.117115,1.11705,1.113739,1,1.0,1.113925,1.114635,1.113525,1.114545,ASIAN,62928,HIGH,1.113925,1.114635,1.113525,1.114545,ASIAN,62928,HIGH,NONE,BEARISH,WEAK,LOW,BEARISH,CHOPPY,False,TESTING_SUPPORT,47,16,-13.333333333333334,50,NEUTRAL,False,70,[],0,0,NEUTRAL,BEARISH,40,False,NONE,0,False,False,False,60,False,0,100,DOWN,DOWN,DOWN,0,True,75,97,3,80,True,True,CONTINUATION,70,True,85.0,BEARISH,False,NONE,False,False,0,False,60,36.941472624292366,18.2614336685047,65.0,40,FAIR,False,75,69,0.12609835057790017,4,50.0,True,RANDOM,70,57.19020904534588,3.0907821474631865,True,MOMENTUM_SHIFT,False,True,True,35,False,70,DOWN,100,IMPULSIVE,LOW,DOWN,100,-0.2024,IMPULSIVE,90,30,95,WEAK,NONE,60,45,70,LOW,58,55,45,-1.17,False,65,1.0686607749830048,73.13392250169952,RANGING,90,False,NONE,1.113998,1.115238,1.114652,FAR,30,50,85,50,NONE,NONE,NONE,False,[],0,0,BREAKOUT_EMERGING,BREAKOUT_EMERGING,52,70,True,28,"Volatility expansion after compression. Potential breakout opportunity. (breakout prob: 30%, reversal prob: 50%)",1.0,0.5,False,True,False,False,0.3,0.3,True,False,False,18,True,[],0,NO,BREAKOUT_EMERGING,"Volatility expansion after compression. Potential breakout opportunity. (breakout prob: 30%, reversal prob: 50%)",LOW,LOW,0.121,"[{'symbol': 'EURUSD-OTC', 'action': 'NO_TRADE', 'reason': 'ไม่มีข้อมูลราคาและอินดิเคเตอร์ในปัจจุบัน ไม่สามารถวิเคราะห์สัญญาณได้', 'timestamp': '2026-06-26T08:16:30.338526'}, {'symbol': 'EURGBP-OTC', 'action': 'NO_TRADE', 'reason': 'ไม่พบข้อมูลตลาดปัจจุบัน กรุณาส่งราคาและตัวชี้วัดเพื่อวิเคราะห์', 'timestamp': '2026-06-26T08:17:36.586691'}, {'symbol': 'EURGBP-OTC', 'action': 'NO_TRADE', 'reason': 'ไม่มีข้อมูลราคาและตัวบ่งชี้ทางเทคนิคในโจทย์ ไม่สามารถวิเคราะห์สัญญาณได้', 'timestamp': '2026-06-26T08:18:35.272831'}, {'symbol': 'EURGBP-OTC', 'action': 'NO_TRADE', 'reason': 'ไม่พบข้อมูลตลาดปัจจุบัน จึงไม่สามารถวิเคราะห์สัญญาณได้อย่างแม่นยำ', 'timestamp': '2026-06-26T08:19:31.450560'}, {'symbol': 'EURGBP-OTC', 'action': 'NO_TRADE', 'reason': 'ไม่พบข้อมูลตลาดที่จำเป็นในการวิเคราะห์ โปรดส่งข้อมูลราคาและตัวชี้วัด', 'timestamp': '2026-06-26T08:20:31.184621'}]",True,Passed basic checks,0,50,50,MEDIUM,5,WAIT,รอการวิเคราะห์จาก AI
2026-06-26 08:23:00,1.113585,1.113895,1.113365,1.113895,1.0,EURUSD-OTC,BEARISH,1.115333,1.116029,1.116886,1.118627,1.121368,1.12519,BEARISH,1.12032,1.114031,0.006288,0.005884,10.22,18.18,-0.001016,-0.00076,-0.000256,6.4,6.8,0.00135,9.05,-1.17,0.001521,0.00161,18.54,12.86,28.02,37.07,-0.2024,1,1.0,1.0,False,STABLE,-0.000264,-0.000183,-7.6e-05,1.114065,1.121025,1.114652,1.115238,1.115892,1.113998,1.113412,43,5.16,1.114061,1.114961,20.49,-0.000668,-0.000559,11.39,12.17,0.00065,1.113365,1.117115,1.116848,1.113386,1,1.0,1.113895,1.113895,1.113365,1.113585,ASIAN,62647,HIGH,1.113895,1.113895,1.113365,1.113585,ASIAN,62647,HIGH,NONE,BEARISH,WEAK,LOW,BEARISH,CHOPPY,False,TESTING_SUPPORT,47,16,-13.333333333333334,50,NEUTRAL,False,70,[],0,0,NEUTRAL,BEARISH,40,False,NONE,0,False,False,False,60,False,0,100,DOWN,DOWN,DOWN,0,True,75,97,3,80,True,True,CONTINUATION,70,True,85.0,BEARISH,False,NONE,False,False,0,False,60,36.941472624292366,18.2614336685047,65.0,40,FAIR,False,75,69,0.12609835057790017,4,50.0,True,RANDOM,70,57.19020904534588,3.0907821474631865,True,MOMENTUM_SHIFT,False,True,True,35,False,70,DOWN,100,IMPULSIVE,LOW,DOWN,100,-0.2024,IMPULSIVE,90,30,95,WEAK,NONE,60,45,70,LOW,58,55,45,-1.17,False,65,1.0686607749830048,73.13392250169952,RANGING,90,False,NONE,1.113998,1.115238,1.114652,FAR,30,50,85,50,NONE,NONE,NONE,False,[],0,0,BREAKOUT_EMERGING,BREAKOUT_EMERGING,52,70,True,28,"Volatility expansion after compression. Potential breakout opportunity. (breakout prob: 30%, reversal prob: 50%)",1.0,0.5,False,True,False,False,0.3,0.3,True,False,False,18,True,[],0,NO,BREAKOUT_EMERGING,"Volatility expansion after compression. Potential breakout opportunity. (breakout prob: 30%, reversal prob: 50%)",LOW,LOW,0.121,"[{'symbol': 'EURGBP-OTC', 'action': 'NO_TRADE', 'reason': 'ไม่มีข้อมูลราคาและตัวบ่งชี้ทางเทคนิคในโจทย์ ไม่สามารถวิเคราะห์สัญญาณได้', 'timestamp': '2026-06-26T08:18:35.272831'}, {'symbol': 'EURGBP-OTC', 'action': 'NO_TRADE', 'reason': 'ไม่พบข้อมูลตลาดปัจจุบัน จึงไม่สามารถวิเคราะห์สัญญาณได้อย่างแม่นยำ', 'timestamp': '2026-06-26T08:19:31.450560'}, {'symbol': 'EURGBP-OTC', 'action': 'NO_TRADE', 'reason': 'ไม่พบข้อมูลตลาดที่จำเป็นในการวิเคราะห์ โปรดส่งข้อมูลราคาและตัวชี้วัด', 'timestamp': '2026-06-26T08:20:31.184621'}, {'symbol': 'EURUSD', 'action': 'NO_TRADE', 'reason': 'ไม่มีข้อมูลตลาดที่ใช้วิเคราะห์ทางเทคนิค จึงไม่สามารถประเมินสัญญาณใดๆ ได้อย่างแม่นยำ', 'timestamp': '2026-06-26T08:21:30.903939'}, {'symbol': 'EURUSD', 'action': 'NO_TRADE', 'reason': 'ไม่พบข้อมูลราคาและตัวชี้วัดตลาดในปัจจุบัน จึงไม่สามารถวิเคราะห์สัญญาณได้', 'timestamp': '2026-06-26T08:22:31.177247'}]",True,Passed basic checks,0,50,50,MEDIUM,5,WAIT,รอการวิเคราะห์จาก AI
2026-06-26 08:25:00,1.113245,1.113645,1.113205,1.113505,1.0,EURUSD-OTC,BEARISH,1.114723,1.11557,1.116564,1.118427,1.121235,1.125242,BEARISH,1.12005,1.11363,0.00642,0.005853,7.86,16.81,-0.001159,-0.00084,-0.000319,7.08,5.63,0.00137,12.06,-1.01,0.001492,0.001633,20.35,11.91,30.6,43.98,-0.2669,1,1.0,1.0,False,STABLE,-0.000354,-0.000188,-8e-05,1.113105,1.120385,1.113748,1.114392,1.115278,1.112862,1.112218,20,5.31,1.11369,1.114673,23.99,-0.000737,-0.000621,12.44,10.99,0.00064,1.113105,1.117115,1.116877,1.112908,1,1.0,1.113505,1.113645,1.113205,1.113245,ASIAN,63428,HIGH,1.113505,1.113645,1.113205,1.113245,ASIAN,63428,HIGH,NONE,BEARISH,WEAK,LOW,BEARISH,CHOPPY,False,TESTING_SUPPORT,46,16,-13.333333333333334,50,NEUTRAL,False,70,[],0,0,NEUTRAL,BEARISH,40,False,NONE,0,False,False,False,60,False,0,100,DOWN,DOWN,DOWN,0,True,75,97,3,80,True,True,CONTINUATION,70,True,85.0,BEARISH,False,NONE,False,False,0,False,60,40.10759115361643,9.656721206287916,65.0,38,FAIR,False,75,71,0.13122401485235133,4,60.0,True,RANDOM,70,55.69737696670654,4.109928725503628,True,MOMENTUM_SHIFT,False,True,True,35,False,70,DOWN,100,IMPULSIVE,LOW,DOWN,100,-0.2669,IMPULSIVE,90,30,95,NORMAL,NONE,70,45,80,LOW,58,55,45,-1.01,False,65,1.096873398257304,70.31266017426961,RANGING,90,False,NONE,1.112862,1.114392,1.113748,FAR,30,50,85,50,NONE,NONE,NONE,False,[],0,0,SIDEWAY_RANGE,SIDEWAY_RANGE,52,60,True,29,Price ranging between clear levels. Suitable for mean-reversion strategies.,1.0,0.5,False,True,False,False,0.3,0.3,True,False,False,18,True,[],0,NO,SIDEWAY_RANGE,Price ranging between clear levels. Suitable for mean-reversion strategies.,LOW,LOW,0.123,"[{'symbol': 'EURGBP-OTC', 'action': 'NO_TRADE', 'reason': 'ไม่พบข้อมูลตลาดที่จำเป็นในการวิเคราะห์ โปรดส่งข้อมูลราคาและตัวชี้วัด', 'timestamp': '2026-06-26T08:20:31.184621'}, {'symbol': 'EURUSD', 'action': 'NO_TRADE', 'reason': 'ไม่มีข้อมูลตลาดที่ใช้วิเคราะห์ทางเทคนิค จึงไม่สามารถประเมินสัญญาณใดๆ ได้อย่างแม่นยำ', 'timestamp': '2026-06-26T08:21:30.903939'}, {'symbol': 'EURUSD', 'action': 'NO_TRADE', 'reason': 'ไม่พบข้อมูลราคาและตัวชี้วัดตลาดในปัจจุบัน จึงไม่สามารถวิเคราะห์สัญญาณได้', 'timestamp': '2026-06-26T08:22:31.177247'}, {'symbol': 'EURGBP-OTC', 'action': 'NO_TRADE', 'reason': 'ไม่พบข้อมูลราคาตลาดปัจจุบัน ไม่สามารถวิเคราะห์แนวโน้มและสัญญาณทางเทคนิคได้', 'timestamp': '2026-06-26T08:23:35.907003'}, {'symbol': 'EURGBP-OTC', 'action': 'NO_TRADE', 'reason': 'ไม่พบข้อมูลราคาตลาดปัจจุบัน ไม่สามารถวิเคราะห์สัญญาณทางเทคนิคได้', 'timestamp': '2026-06-26T08:24:34.524790'}]",True,Passed basic checks,0,50,50,MEDIUM,5,WAIT,รอการวิเคราะห์จาก AI
2026-06-26 08:27:00,1.113405,1.113845,1.113245,1.113275,1.0,EURUSD-OTC,BEARISH,1.114723,1.11557,1.116564,1.118427,1.121235,1.125242,BEARISH,1.12005,1.11363,0.00642,0.005853,7.86,16.81,-0.001159,-0.00084,-0.000319,7.08,5.63,0.00137,12.06,-1.01,0.001492,0.001633,20.35,11.91,30.6,43.98,-0.2669,1,1.0,1.0,False,STABLE,-0.000354,-0.000188,-8e-05,1.113105,1.120385,1.113748,1.114392,1.115278,1.112862,1.112218,20,5.31,1.113484,1.114429,25.21,-0.000757,-0.000668,11.45,11.49,0.000624,1.113105,1.117115,1.116564,1.112644,1,1.0,1.113275,1.113845,1.113245,1.113405,ASIAN,63310,HIGH,1.113275,1.113845,1.113245,1.113405,ASIAN,63310,HIGH,NONE,BEARISH,WEAK,LOW,BEARISH,CHOPPY,False,TESTING_SUPPORT,46,16,-13.333333333333334,50,NEUTRAL,False,70,[],0,0,NEUTRAL,BEARISH,40,False,NONE,0,False,False,False,60,False,0,100,DOWN,DOWN,DOWN,0,True,75,97,3,80,True,True,CONTINUATION,70,True,85.0,BEARISH,False,NONE,False,False,0,False,60,40.10759115361643,9.656721206287916,65.0,38,FAIR,False,75,71,0.13122401485235133,4,60.0,True,RANDOM,70,55.69737696670654,4.109928725503628,True,MOMENTUM_SHIFT,False,True,True,35,False,70,DOWN,100,IMPULSIVE,LOW,DOWN,100,-0.2669,IMPULSIVE,90,30,95,NORMAL,NONE,70,45,80,LOW,58,55,45,-1.01,False,65,1.096873398257304,70.31266017426961,RANGING,90,False,NONE,1.112862,1.114392,1.113748,FAR,30,50,85,50,NONE,NONE,NONE,False,[],0,0,BREAKOUT_EMERGING,BREAKOUT_EMERGING,52,70,True,29,"Volatility expansion after compression. Potential breakout opportunity. (breakout prob: 30%, reversal prob: 50%)",1.0,0.5,False,True,False,False,0.3,0.3,True,False,False,18,True,[],0,NO,BREAKOUT_EMERGING,"Volatility expansion after compression. Potential breakout opportunity. (breakout prob: 30%, reversal prob: 50%)",LOW,LOW,0.123,"[{'symbol': 'EURUSD', 'action': 'NO_TRADE', 'reason': 'ไม่พบข้อมูลราคาและตัวชี้วัดตลาดในปัจจุบัน จึงไม่สามารถวิเคราะห์สัญญาณได้', 'timestamp': '2026-06-26T08:22:31.177247'}, {'symbol': 'EURGBP-OTC', 'action': 'NO_TRADE', 'reason': 'ไม่พบข้อมูลราคาตลาดปัจจุบัน ไม่สามารถวิเคราะห์แนวโน้มและสัญญาณทางเทคนิคได้', 'timestamp': '2026-06-26T08:23:35.907003'}, {'symbol': 'EURGBP-OTC', 'action': 'NO_TRADE', 'reason': 'ไม่พบข้อมูลราคาตลาดปัจจุบัน ไม่สามารถวิเคราะห์สัญญาณทางเทคนิคได้', 'timestamp': '2026-06-26T08:24:34.524790'}, {'symbol': 'EURGBP', 'action': 'NO_TRADE', 'reason': 'ไม่พบข้อมูลราคาตลาดปัจจุบันในระบบ จึงไม่สามารถวิเคราะห์สัญญาณทางเทคนิคได้', 'timestamp': '2026-06-26T08:25:31.764056'}, {'symbol': 'EURGBP', 'action': 'NO_TRADE', 'reason': 'ไม่พบข้อมูลราคาและตัวชี้วัดจากตลาดจึงไม่สามารถวิเคราะห์สัญญาณได้', 'timestamp': '2026-06-26T08:26:30.971631'}]",True,Passed basic checks,0,50,50,MEDIUM,5,WAIT,รอการวิเคราะห์จาก AI
2026-06-26 08:29:00,1.113105,1.113465,1.112785,1.112795,1.0,EURUSD-OTC,BEARISH,1.114723,1.11557,1.116564,1.118427,1.121235,1.125242,BEARISH,1.12005,1.11363,0.00642,0.005853,7.86,16.81,-0.001159,-0.00084,-0.000319,7.08,5.63,0.00137,12.06,-1.01,0.001492,0.001633,20.35,11.91,30.6,43.98,-0.2669,1,1.0,1.0,False,STABLE,-0.000354,-0.000188,-8e-05,1.113105,1.120385,1.113748,1.114392,1.115278,1.112862,1.112218,20,5.31,1.113163,1.114156,19.84,-0.000797,-0.000711,5.13,8.48,0.000639,1.112785,1.116445,1.115959,1.112534,1,1.0,1.112795,1.113465,1.112785,1.113105,ASIAN,63044,HIGH,1.112795,1.113465,1.112785,1.113105,ASIAN,63044,HIGH,NONE,BEARISH,WEAK,LOW,BEARISH,CHOPPY,False,TESTING_SUPPORT,46,16,-13.333333333333334,50,NEUTRAL,False,70,[],0,0,NEUTRAL,BEARISH,40,False,NONE,0,False,False,False,60,False,0,100,DOWN,DOWN,DOWN,0,True,75,97,3,80,True,True,CONTINUATION,70,True,85.0,BEARISH,False,NONE,False,False,0,False,60,40.10759115361643,9.656721206287916,65.0,38,FAIR,False,75,71,0.13122401485235133,4,60.0,True,RANDOM,70,55.69737696670654,4.109928725503628,True,MOMENTUM_SHIFT,False,True,True,35,False,70,DOWN,100,IMPULSIVE,LOW,DOWN,100,-0.2669,IMPULSIVE,90,30,95,NORMAL,NONE,70,45,80,LOW,58,55,45,-1.01,False,65,1.096873398257304,70.31266017426961,RANGING,90,False,NONE,1.112862,1.114392,1.113748,FAR,30,50,85,50,NONE,NONE,NONE,False,[],0,0,BREAKOUT_EMERGING,BREAKOUT_EMERGING,52,70,True,29,"Volatility expansion after compression. Potential breakout opportunity. (breakout prob: 30%, reversal prob: 50%)",1.0,0.5,False,True,False,False,0.3,0.3,True,False,False,18,True,[],0,NO,BREAKOUT_EMERGING,"Volatility expansion after compression. Potential breakout opportunity. (breakout prob: 30%, reversal prob: 50%)",LOW,LOW,0.123,"[{'symbol': 'EURGBP-OTC', 'action': 'NO_TRADE', 'reason': 'ไม่พบข้อมูลราคาตลาดปัจจุบัน ไม่สามารถวิเคราะห์สัญญาณทางเทคนิคได้', 'timestamp': '2026-06-26T08:24:34.524790'}, {'symbol': 'EURGBP', 'action': 'NO_TRADE', 'reason': 'ไม่พบข้อมูลราคาตลาดปัจจุบันในระบบ จึงไม่สามารถวิเคราะห์สัญญาณทางเทคนิคได้', 'timestamp': '2026-06-26T08:25:31.764056'}, {'symbol': 'EURGBP', 'action': 'NO_TRADE', 'reason': 'ไม่พบข้อมูลราคาและตัวชี้วัดจากตลาดจึงไม่สามารถวิเคราะห์สัญญาณได้', 'timestamp': '2026-06-26T08:26:30.971631'}, {'symbol': 'EURUSD', 'action': 'NO_TRADE', 'reason': 'ไม่มีข้อมูลราคาและตัวชี้วัดทางเทคนิคในปัจจุบัน ไม่สามารถวิเคราะห์สัญญาณได้', 'timestamp': '2026-06-26T08:27:36.577543'}, {'symbol': 'EURUSD', 'action': 'NO_TRADE', 'reason': 'ไม่พบข้อมูลตลาด JSON ที่ต้องวิเคราะห์ จึงไม่สามารถประเมินสัญญาณได้', 'timestamp': '2026-06-26T08:28:34.094043'}]",True,Passed basic checks,0,50,50,MEDIUM,5,WAIT,รอการวิเคราะห์จาก AI
2026-06-26 08:31:00,1.112795,1.113045,1.112335,1.112495,1.0,EURUSD-OTC,BEARISH,1.114077,1.115064,1.116204,1.118206,1.121068,1.125118,BEARISH,1.120341,1.112966,0.007374,0.005833,7.32,16.51,-0.001315,-0.000935,-0.00038,5.68,6.39,0.001391,15.5,-0.84,0.00147,0.001634,22.25,11.2,31.06,46.98,-0.384,1,1.0,1.0,False,STABLE,-0.000468,-0.000251,-8.5e-05,1.112645,1.119885,1.113092,1.113538,1.114292,1.112338,1.111892,20,5.2,1.112856,1.11388,20.27,-0.000831,-0.00075,4.29,4.73,0.000629,1.112335,1.115655,1.115706,1.112218,1,1.0,1.112495,1.113045,1.112335,1.112795,ASIAN,63023,HIGH,1.112495,1.113045,1.112335,1.112795,ASIAN,63023,HIGH,NONE,BEARISH,WEAK,HIGH,BEARISH,CHOPPY,False,TESTING_SUPPORT,46,16,-20.0,50,NEUTRAL,False,70,[],0,0,NEUTRAL,BEARISH,40,False,NONE,0,False,False,False,60,False,0,100,DOWN,DOWN,DOWN,0,True,75,97,3,80,True,True,CONTINUATION,70,True,85.0,BEARISH,False,NONE,False,False,0,False,60,27.12727272727295,10.907165548888248,65.0,34,POOR,False,75,71,0.14164360347462995,4,60.0,True,RANDOM,70,60.784859311280805,4.5951217317515,True,MOMENTUM_SHIFT,False,True,True,35,False,70,DOWN,100,IMPULSIVE,LOW,DOWN,100,-0.384,IMPULSIVE,90,30,95,NORMAL,NONE,70,45,80,LOW,58,55,45,-0.84,False,65,1.2641865249442827,53.58134750557173,RANGING,90,False,NONE,1.112338,1.113538,1.113092,FAR,30,50,85,50,NONE,NONE,NONE,False,[],0,0,BREAKOUT_EMERGING,BREAKOUT_EMERGING,51,70,True,29,"Volatility expansion after compression. Potential breakout opportunity. (breakout prob: 30%, reversal prob: 50%)",1.0,0.5,False,True,False,False,0.3,0.3,True,False,False,18,True,[],0,NO,BREAKOUT_EMERGING,"Volatility expansion after compression. Potential breakout opportunity. (breakout prob: 30%, reversal prob: 50%)",LOW,LOW,0.125,"[{'symbol': 'EURGBP', 'action': 'NO_TRADE', 'reason': 'ไม่พบข้อมูลราคาและตัวชี้วัดจากตลาดจึงไม่สามารถวิเคราะห์สัญญาณได้', 'timestamp': '2026-06-26T08:26:30.971631'}, {'symbol': 'EURUSD', 'action': 'NO_TRADE', 'reason': 'ไม่มีข้อมูลราคาและตัวชี้วัดทางเทคนิคในปัจจุบัน ไม่สามารถวิเคราะห์สัญญาณได้', 'timestamp': '2026-06-26T08:27:36.577543'}, {'symbol': 'EURUSD', 'action': 'NO_TRADE', 'reason': 'ไม่พบข้อมูลตลาด JSON ที่ต้องวิเคราะห์ จึงไม่สามารถประเมินสัญญาณได้', 'timestamp': '2026-06-26T08:28:34.094043'}, {'symbol': 'EURGBP', 'action': 'NO_TRADE', 'reason': 'ไม่พบข้อมูลตลาดล่าสุด กรุณาส่งกราฟราคาหรือตัวเลขทางเทคนิคเพื่อวิเคราะห์', 'timestamp': '2026-06-26T08:29:36.239992'}, {'symbol': 'EURGBP', 'action': 'NO_TRADE', 'reason': 'ไม่พบข้อมูลราคาตลาดปัจจุบัน ไม่สามารถวิเคราะห์แนวโน้มและสัญญาณทางเทคนิคได้', 'timestamp': '2026-06-26T08:30:33.462033'}]",True,Passed basic checks,0,50,50,MEDIUM,5,WAIT,รอการวิเคราะห์จาก AI
2026-06-26 08:32:00,1.112505,1.113115,1.112465,1.112535,1.0,EURUSD-OTC,BEARISH,1.114077,1.115064,1.116204,1.118206,1.121068,1.125118,BEARISH,1.120341,1.112966,0.007374,0.005833,7.32,16.51,-0.001315,-0.000935,-0.00038,5.68,6.39,0.001391,15.5,-0.84,0.00147,0.001634,22.25,11.2,31.06,46.98,-0.384,1,1.0,1.0,False,STABLE,-0.000468,-0.000251,-8.5e-05,1.112645,1.119885,1.113092,1.113538,1.114292,1.112338,1.111892,20,5.2,1.112749,1.113752,22.81,-0.000836,-0.000767,6.84,5.3,0.000621,1.112335,1.115515,1.115622,1.112056,1,1.0,1.112535,1.113115,1.112465,1.112505,ASIAN,63301,HIGH,1.112535,1.113115,1.112465,1.112505,ASIAN,63301,HIGH,NONE,BEARISH,WEAK,HIGH,BEARISH,CHOPPY,False,TESTING_SUPPORT,46,16,-20.0,50,NEUTRAL,False,70,[],0,0,NEUTRAL,BEARISH,40,False,NONE,0,False,False,False,60,False,0,100,DOWN,DOWN,DOWN,0,True,75,97,3,80,True,True,CONTINUATION,70,True,85.0,BEARISH,False,NONE,False,False,0,False,60,27.12727272727295,10.907165548888248,65.0,34,POOR,False,75,71,0.14164360347462995,4,60.0,True,RANDOM,70,60.784859311280805,4.5951217317515,True,MOMENTUM_SHIFT,False,True,True,35,False,70,DOWN,100,IMPULSIVE,LOW,DOWN,100,-0.384,IMPULSIVE,90,30,95,NORMAL,NONE,70,45,80,LOW,58,55,45,-0.84,False,65,1.2641865249442827,53.58134750557173,RANGING,90,False,NONE,1.112338,1.113538,1.113092,FAR,30,50,85,50,NONE,NONE,NONE,False,[],0,0,BREAKOUT_EMERGING,BREAKOUT_EMERGING,51,70,True,29,"Volatility expansion after compression. Potential breakout opportunity. (breakout prob: 30%, reversal prob: 50%)",1.0,0.5,False,True,False,False,0.3,0.3,True,False,False,18,True,[],0,NO,BREAKOUT_EMERGING,"Volatility expansion after compression. Potential breakout opportunity. (breakout prob: 30%, reversal prob: 50%)",LOW,LOW,0.125,"[{'symbol': 'EURUSD', 'action': 'NO_TRADE', 'reason': 'ไม่มีข้อมูลราคาและตัวชี้วัดทางเทคนิคในปัจจุบัน ไม่สามารถวิเคราะห์สัญญาณได้', 'timestamp': '2026-06-26T08:27:36.577543'}, {'symbol': 'EURUSD', 'action': 'NO_TRADE', 'reason': 'ไม่พบข้อมูลตลาด JSON ที่ต้องวิเคราะห์ จึงไม่สามารถประเมินสัญญาณได้', 'timestamp': '2026-06-26T08:28:34.094043'}, {'symbol': 'EURGBP', 'action': 'NO_TRADE', 'reason': 'ไม่พบข้อมูลตลาดล่าสุด กรุณาส่งกราฟราคาหรือตัวเลขทางเทคนิคเพื่อวิเคราะห์', 'timestamp': '2026-06-26T08:29:36.239992'}, {'symbol': 'EURGBP', 'action': 'NO_TRADE', 'reason': 'ไม่พบข้อมูลราคาตลาดปัจจุบัน ไม่สามารถวิเคราะห์แนวโน้มและสัญญาณทางเทคนิคได้', 'timestamp': '2026-06-26T08:30:33.462033'}, {'symbol': 'EURUSD-OTC', 'action': 'NO_TRADE', 'reason': 'ไม่มีข้อมูลราคาและตัวบ่งชี้ทางเทคนิคในปัจจุบัน ไม่สามารถวิเคราะห์แนวโน้มหรือสัญญาณซื้อขายได้', 'timestamp': '2026-06-26T08:31:36.782404'}]",True,Passed basic checks,0,50,50,MEDIUM,5,WAIT,รอการวิเคราะห์จาก AI
2026-06-26 08:33:00,1.112545,1.112925,1.112025,1.112205,1.0,EURUSD-OTC,BEARISH,1.114077,1.115064,1.116204,1.118206,1.121068,1.125118,BEARISH,1.120341,1.112966,0.007374,0.005833,7.32,16.51,-0.001315,-0.000935,-0.00038,5.68,6.39,0.001391,15.5,-0.84,0.00147,0.001634,22.25,11.2,31.06,46.98,-0.384,1,1.0,1.0,False,STABLE,-0.000468,-0.000251,-8.5e-05,1.112645,1.119885,1.113092,1.113538,1.114292,1.112338,1.111892,20,5.2,1.112568,1.113605,19.29,-0.000857,-0.000785,6.98,6.04,0.000659,1.112025,1.115515,1.115528,1.111866,1,1.0,1.112205,1.112925,1.112025,1.112545,ASIAN,62893,HIGH,1.112205,1.112925,1.112025,1.112545,ASIAN,62893,HIGH,NONE,BEARISH,WEAK,HIGH,BEARISH,CHOPPY,False,TESTING_SUPPORT,46,16,-20.0,50,NEUTRAL,False,70,[],0,0,NEUTRAL,BEARISH,40,False,NONE,0,False,False,False,60,False,0,100,DOWN,DOWN,DOWN,0,True,75,97,3,80,True,True,CONTINUATION,70,True,85.0,BEARISH,False,NONE,False,False,0,False,60,27.12727272727295,10.907165548888248,65.0,34,POOR,False,75,71,0.14164360347462995,4,60.0,True,RANDOM,70,60.784859311280805,4.5951217317515,True,MOMENTUM_SHIFT,False,True,True,35,False,70,DOWN,100,IMPULSIVE,LOW,DOWN,100,-0.384,IMPULSIVE,90,30,95,NORMAL,NONE,70,45,80,LOW,58,55,45,-0.84,False,65,1.2641865249442827,53.58134750557173,RANGING,90,False,NONE,1.112338,1.113538,1.113092,FAR,30,50,85,50,NONE,NONE,NONE,False,[],0,0,BREAKOUT_EMERGING,BREAKOUT_EMERGING,51,70,True,29,"Volatility expansion after compression. Potential breakout opportunity. (breakout prob: 30%, reversal prob: 50%)",1.0,0.5,False,True,False,False,0.3,0.3,True,False,False,18,True,[],0,NO,BREAKOUT_EMERGING,"Volatility expansion after compression. Potential breakout opportunity. (breakout prob: 30%, reversal prob: 50%)",LOW,LOW,0.125,"[{'symbol': 'EURUSD', 'action': 'NO_TRADE', 'reason': 'ไม่พบข้อมูลตลาด JSON ที่ต้องวิเคราะห์ จึงไม่สามารถประเมินสัญญาณได้', 'timestamp': '2026-06-26T08:28:34.094043'}, {'symbol': 'EURGBP', 'action': 'NO_TRADE', 'reason': 'ไม่พบข้อมูลตลาดล่าสุด กรุณาส่งกราฟราคาหรือตัวเลขทางเทคนิคเพื่อวิเคราะห์', 'timestamp': '2026-06-26T08:29:36.239992'}, {'symbol': 'EURGBP', 'action': 'NO_TRADE', 'reason': 'ไม่พบข้อมูลราคาตลาดปัจจุบัน ไม่สามารถวิเคราะห์แนวโน้มและสัญญาณทางเทคนิคได้', 'timestamp': '2026-06-26T08:30:33.462033'}, {'symbol': 'EURUSD-OTC', 'action': 'NO_TRADE', 'reason': 'ไม่มีข้อมูลราคาและตัวบ่งชี้ทางเทคนิคในปัจจุบัน ไม่สามารถวิเคราะห์แนวโน้มหรือสัญญาณซื้อขายได้', 'timestamp': '2026-06-26T08:31:36.782404'}, {'symbol': 'EURUSD-OTC', 'action': 'NO_TRADE', 'reason': 'ไม่พบข้อมูลตลาดที่ใช้วิเคราะห์ กรุณาส่งข้อมูลราคาและตัวชี้วัดเพื่อการประเมินสัญญาณ', 'timestamp': '2026-06-26T08:32:34.897087'}]",True,Passed basic checks,0,50,50,MEDIUM,5,WAIT,รอการวิเคราะห์จาก AI
2026-06-26 08:35:00,1.111275,1.111895,1.111275,1.111885,1.0,EURUSD-OTC,BEARISH,1.113347,1.114486,1.115793,1.117958,1.120881,1.124948,BEARISH,1.120707,1.112201,0.008506,0.005832,2.37,10.24,-0.001495,-0.001047,-0.000448,5.49,6.08,0.001431,31.16,-0.48,0.001448,0.001638,24.59,10.18,35.07,55.0,-0.4521,1,1.0,1.0,False,STABLE,-0.000546,-0.000331,-9.5e-05,1.111225,1.119885,1.112075,1.112925,1.113965,1.111035,1.110185,21,6.05,1.112051,1.113239,27.13,-0.000942,-0.000841,10.26,7.49,0.00066,1.111225,1.115305,1.115316,1.111368,1,1.0,1.111885,1.111895,1.111275,1.111275,ASIAN,62760,HIGH,1.111885,1.111895,1.111275,1.111275,ASIAN,62760,HIGH,NONE,BEARISH,WEAK,HIGH,BEARISH,NORMAL,False,TESTING_SUPPORT,45,16,-20.0,50,NEUTRAL,False,70,[],0,0,NEUTRAL,BEARISH,40,False,NONE,0,False,False,False,60,False,0,100,DOWN,DOWN,DOWN,0,True,75,97,3,80,True,True,CONTINUATION,70,True,85.0,BEARISH,False,NONE,False,False,0,False,60,28.479657387580147,19.114619080302138,65.0,37,FAIR,False,75,81,0.13771332913924947,5,60.0,True,RANDOM,70,55.944983834656604,5.253696929691087,True,MOMENTUM_SHIFT,False,True,True,35,False,70,DOWN,100,IMPULSIVE,NORMAL,DOWN,100,-0.4521,IMPULSIVE,90,30,95,NORMAL,NONE,70,45,80,NORMAL,58,55,45,-0.48,False,80,1.4585048010973936,25.221519890260648,RANGING,90,False,NONE,1.111035,1.112925,1.112075,FAR,30,50,85,50,NONE,NONE,NONE,False,[],0,0,BREAKOUT_EMERGING,BREAKOUT_EMERGING,54,70,True,30,"Volatility expansion after compression. Potential breakout opportunity. (breakout prob: 30%, reversal prob: 50%)",1.0,0.5,False,True,False,False,0.3,0.3,True,False,False,18,True,[],0,NO,BREAKOUT_EMERGING,"Volatility expansion after compression. Potential breakout opportunity. (breakout prob: 30%, reversal prob: 50%)",NORMAL,LOW,0.129,"[{'symbol': 'EURGBP', 'action': 'NO_TRADE', 'reason': 'ไม่พบข้อมูลราคาตลาดปัจจุบัน ไม่สามารถวิเคราะห์แนวโน้มและสัญญาณทางเทคนิคได้', 'timestamp': '2026-06-26T08:30:33.462033'}, {'symbol': 'EURUSD-OTC', 'action': 'NO_TRADE', 'reason': 'ไม่มีข้อมูลราคาและตัวบ่งชี้ทางเทคนิคในปัจจุบัน ไม่สามารถวิเคราะห์แนวโน้มหรือสัญญาณซื้อขายได้', 'timestamp': '2026-06-26T08:31:36.782404'}, {'symbol': 'EURUSD-OTC', 'action': 'NO_TRADE', 'reason': 'ไม่พบข้อมูลตลาดที่ใช้วิเคราะห์ กรุณาส่งข้อมูลราคาและตัวชี้วัดเพื่อการประเมินสัญญาณ', 'timestamp': '2026-06-26T08:32:34.897087'}, {'symbol': 'EURGBP-OTC', 'action': 'NO_TRADE', 'reason': 'ไม่มีข้อมูลตลาด JSON กรุณาส่งข้อมูลราคาและตัวชี้วัดเพื่อวิเคราะห์สัญญาณ', 'timestamp': '2026-06-26T08:33:31.429741'}, {'symbol': 'EURGBP-OTC', 'action': 'NO_TRADE', 'reason': 'ไม่พบข้อมูลราคาหรือตัวชี้วัดตลาดในปัจจุบัน จึงไม่สามารถวิเคราะห์สัญญาณเทรดได้', 'timestamp': '2026-06-26T08:34:31.073838'}]",True,Passed basic checks,0,50,50,MEDIUM,5,WAIT,รอการวิเคราะห์จาก AI
2026-06-26 08:36:00,1.111855,1.112695,1.111855,1.112585,1.0,EURUSD-OTC,BEARISH,1.113347,1.114486,1.115793,1.117958,1.120881,1.124948,BEARISH,1.120707,1.112201,0.008506,0.005832,2.37,10.24,-0.001495,-0.001047,-0.000448,5.49,6.08,0.001431,31.16,-0.48,0.001448,0.001638,24.59,10.18,35.07,55.0,-0.4521,1,1.0,1.0,False,STABLE,-0.000546,-0.000331,-9.5e-05,1.111225,1.119885,1.112075,1.112925,1.113965,1.111035,1.110185,21,6.05,1.112229,1.113177,39.3,-0.000878,-0.000848,24.02,13.17,0.000685,1.111225,1.114965,1.115094,1.111363,1,1.0,1.112585,1.112695,1.111855,1.111855,ASIAN,63064,HIGH,1.112585,1.112695,1.111855,1.111855,ASIAN,63064,HIGH,NONE,BEARISH,WEAK,HIGH,BEARISH,NORMAL,False,NONE,45,16,-20.0,50,NEUTRAL,False,70,[],0,0,NEUTRAL,BEARISH,40,False,NONE,0,False,False,False,60,False,0,100,DOWN,DOWN,DOWN,0,True,75,97,3,80,True,True,CONTINUATION,70,True,85.0,BEARISH,False,NONE,False,False,0,False,60,28.479657387580147,19.114619080302138,65.0,37,FAIR,False,75,81,0.13771332913924947,5,60.0,True,RANDOM,70,55.944983834656604,5.253696929691087,True,MOMENTUM_SHIFT,False,True,True,35,False,70,DOWN,100,IMPULSIVE,NORMAL,DOWN,100,-0.4521,IMPULSIVE,90,30,95,NORMAL,NONE,70,45,80,NORMAL,58,55,45,-0.48,False,80,1.4585048010973936,25.221519890260648,RANGING,90,False,NONE,1.111035,1.112925,1.112075,FAR,30,50,85,50,NONE,NONE,NONE,False,[],0,0,SIDEWAY_RANGE,SIDEWAY_RANGE,54,60,True,30,Price ranging between clear levels. Suitable for mean-reversion strategies.,1.0,0.5,False,True,False,False,0.3,0.3,True,False,False,18,True,[],0,NO,SIDEWAY_RANGE,Price ranging between clear levels. Suitable for mean-reversion strategies.,NORMAL,LOW,0.129,"[{'symbol': 'EURUSD-OTC', 'action': 'NO_TRADE', 'reason': 'ไม่มีข้อมูลราคาและตัวบ่งชี้ทางเทคนิคในปัจจุบัน ไม่สามารถวิเคราะห์แนวโน้มหรือสัญญาณซื้อขายได้', 'timestamp': '2026-06-26T08:31:36.782404'}, {'symbol': 'EURUSD-OTC', 'action': 'NO_TRADE', 'reason': 'ไม่พบข้อมูลตลาดที่ใช้วิเคราะห์ กรุณาส่งข้อมูลราคาและตัวชี้วัดเพื่อการประเมินสัญญาณ', 'timestamp': '2026-06-26T08:32:34.897087'}, {'symbol': 'EURGBP-OTC', 'action': 'NO_TRADE', 'reason': 'ไม่มีข้อมูลตลาด JSON กรุณาส่งข้อมูลราคาและตัวชี้วัดเพื่อวิเคราะห์สัญญาณ', 'timestamp': '2026-06-26T08:33:31.429741'}, {'symbol': 'EURGBP-OTC', 'action': 'NO_TRADE', 'reason': 'ไม่พบข้อมูลราคาหรือตัวชี้วัดตลาดในปัจจุบัน จึงไม่สามารถวิเคราะห์สัญญาณเทรดได้', 'timestamp': '2026-06-26T08:34:31.073838'}, {'symbol': 'EURUSD-OTC', 'action': 'NO_TRADE', 'reason': 'ตลาดอยู่ในภาวะ Sideways และไม่มีสัญญาณยืนยันเพียงพอจากตัวชี้วัดหลัก', 'timestamp': '2026-06-26T08:35:30.941270'}]",True,Passed basic checks,0,50,50,MEDIUM,5,WAIT,รอการวิเคราะห์จาก AI
2026-06-26 08:37:00,1.112555,1.113015,1.112515,1.112745,1.0,EURUSD-OTC,BEARISH,1.113347,1.114486,1.115793,1.117958,1.120881,1.124948,BEARISH,1.120707,1.112201,0.008506,0.005832,2.37,10.24,-0.001495,-0.001047,-0.000448,5.49,6.08,0.001431,31.16,-0.48,0.001448,0.001638,24.59,10.18,35.07,55.0,-0.4521,1,1.0,1.0,False,STABLE,-0.000546,-0.000331,-9.5e-05,1.111225,1.119885,1.112075,1.112925,1.113965,1.111035,1.110185,21,6.05,1.112401,1.113136,37.89,-0.000806,-0.00084,41.4,25.23,0.000683,1.111225,1.114825,1.114881,1.111384,1,1.0,1.112745,1.113015,1.112515,1.112555,ASIAN,62567,HIGH,1.112745,1.113015,1.112515,1.112555,ASIAN,62567,HIGH,NONE,BEARISH,WEAK,HIGH,BEARISH,NORMAL,False,NONE,45,16,-20.0,50,NEUTRAL,False,70,[],0,0,NEUTRAL,BEARISH,40,False,NONE,0,False,False,False,60,False,0,100,DOWN,DOWN,DOWN,0,True,75,97,3,80,True,True,CONTINUATION,70,True,85.0,BEARISH,False,NONE,False,False,0,False,60,28.479657387580147,19.114619080302138,65.0,37,FAIR,False,75,81,0.13771332913924947,5,60.0,True,RANDOM,70,55.944983834656604,5.253696929691087,True,MOMENTUM_SHIFT,False,True,True,35,False,70,DOWN,100,IMPULSIVE,NORMAL,DOWN,100,-0.4521,IMPULSIVE,90,30,95,NORMAL,NONE,70,45,80,NORMAL,58,55,45,-0.48,False,80,1.4585048010973936,25.221519890260648,RANGING,90,False,NONE,1.111035,1.112925,1.112075,FAR,30,50,85,50,NONE,NONE,NONE,False,[],0,0,SIDEWAY_RANGE,SIDEWAY_RANGE,54,60,True,30,Price ranging between clear levels. Suitable for mean-reversion strategies.,1.0,0.5,False,True,False,False,0.3,0.3,True,False,False,18,True,[],0,NO,SIDEWAY_RANGE,Price ranging between clear levels. Suitable for mean-reversion strategies.,NORMAL,LOW,0.129,"[{'symbol': 'EURUSD-OTC', 'action': 'NO_TRADE', 'reason': 'ไม่พบข้อมูลตลาดที่ใช้วิเคราะห์ กรุณาส่งข้อมูลราคาและตัวชี้วัดเพื่อการประเมินสัญญาณ', 'timestamp': '2026-06-26T08:32:34.897087'}, {'symbol': 'EURGBP-OTC', 'action': 'NO_TRADE', 'reason': 'ไม่มีข้อมูลตลาด JSON กรุณาส่งข้อมูลราคาและตัวชี้วัดเพื่อวิเคราะห์สัญญาณ', 'timestamp': '2026-06-26T08:33:31.429741'}, {'symbol': 'EURGBP-OTC', 'action': 'NO_TRADE', 'reason': 'ไม่พบข้อมูลราคาหรือตัวชี้วัดตลาดในปัจจุบัน จึงไม่สามารถวิเคราะห์สัญญาณเทรดได้', 'timestamp': '2026-06-26T08:34:31.073838'}, {'symbol': 'EURUSD-OTC', 'action': 'NO_TRADE', 'reason': 'ตลาดอยู่ในภาวะ Sideways และไม่มีสัญญาณยืนยันเพียงพอจากตัวชี้วัดหลัก', 'timestamp': '2026-06-26T08:35:30.941270'}, {'symbol': 'EURUSD-OTC', 'action': 'NO_TRADE', 'reason': 'ไม่พบข้อมูลราคาและตัวชี้วัดตลาดปัจจุบัน จึงไม่สามารถวิเคราะห์สัญญาณได้อย่างถูกต้อง', 'timestamp': '2026-06-26T08:36:30.767342'}]",True,Passed basic checks,0,50,50,MEDIUM,5,WAIT,รอการวิเคราะห์จาก AI
2026-06-26 08:39:00,1.112465,1.112615,1.112195,1.112375,1.0,EURUSD-OTC,BEARISH,1.113347,1.114486,1.115793,1.117958,1.120881,1.124948,BEARISH,1.120707,1.112201,0.008506,0.005832,2.37,10.24,-0.001495,-0.001047,-0.000448,5.49,6.08,0.001431,31.16,-0.48,0.001448,0.001638,24.59,10.18,35.07,55.0,-0.4521,1,1.0,1.0,False,STABLE,-0.000546,-0.000331,-9.5e-05,1.111225,1.119885,1.112075,1.112925,1.113965,1.111035,1.110185,21,6.05,1.112404,1.113005,36.45,-0.000727,-0.000805,48.06,46.26,0.000659,1.111225,1.114815,1.114478,1.111384,1,1.0,1.112375,1.112615,1.112195,1.112465,ASIAN,63288,HIGH,1.112375,1.112615,1.112195,1.112465,ASIAN,63288,HIGH,NONE,BEARISH,WEAK,HIGH,BEARISH,NORMAL,False,NONE,45,16,-20.0,50,NEUTRAL,False,70,[],0,0,NEUTRAL,BEARISH,40,False,NONE,0,False,False,False,60,False,0,100,DOWN,DOWN,DOWN,0,True,75,97,3,80,True,True,CONTINUATION,70,True,85.0,BEARISH,False,NONE,False,False,0,False,60,28.479657387580147,19.114619080302138,65.0,37,FAIR,False,75,81,0.13771332913924947,5,60.0,True,RANDOM,70,55.944983834656604,5.253696929691087,True,MOMENTUM_SHIFT,False,True,True,35,False,70,DOWN,100,IMPULSIVE,NORMAL,DOWN,100,-0.4521,IMPULSIVE,90,30,95,NORMAL,NONE,70,45,80,NORMAL,58,55,45,-0.48,False,80,1.4585048010973936,25.221519890260648,RANGING,90,False,NONE,1.111035,1.112925,1.112075,FAR,30,50,85,50,NONE,NONE,NONE,False,[],0,0,SIDEWAY_RANGE,SIDEWAY_RANGE,54,60,True,30,Price ranging between clear levels. Suitable for mean-reversion strategies.,1.0,0.5,False,True,False,False,0.3,0.3,True,False,False,18,True,[],0,NO,SIDEWAY_RANGE,Price ranging between clear levels. Suitable for mean-reversion strategies.,NORMAL,LOW,0.129,"[{'symbol': 'EURGBP-OTC', 'action': 'NO_TRADE', 'reason': 'ไม่พบข้อมูลราคาหรือตัวชี้วัดตลาดในปัจจุบัน จึงไม่สามารถวิเคราะห์สัญญาณเทรดได้', 'timestamp': '2026-06-26T08:34:31.073838'}, {'symbol': 'EURUSD-OTC', 'action': 'NO_TRADE', 'reason': 'ตลาดอยู่ในภาวะ Sideways และไม่มีสัญญาณยืนยันเพียงพอจากตัวชี้วัดหลัก', 'timestamp': '2026-06-26T08:35:30.941270'}, {'symbol': 'EURUSD-OTC', 'action': 'NO_TRADE', 'reason': 'ไม่พบข้อมูลราคาและตัวชี้วัดตลาดปัจจุบัน จึงไม่สามารถวิเคราะห์สัญญาณได้อย่างถูกต้อง', 'timestamp': '2026-06-26T08:36:30.767342'}, {'symbol': 'EURGBP', 'action': 'NO_TRADE', 'reason': 'ไม่พบข้อมูลตลาดปัจจุบัน จึงไม่สามารถวิเคราะห์สัญญาณซื้อขายได้', 'timestamp': '2026-06-26T08:37:30.617316'}, {'symbol': 'EURGBP', 'action': 'NO_TRADE', 'reason': 'ไม่พบข้อมูลราคาตลาดปัจจุบัน ไม่สามารถวิเคราะห์สัญญาณทางเทคนิคได้', 'timestamp': '2026-06-26T08:38:30.776539'}]",True,Passed basic checks,0,50,50,MEDIUM,5,WAIT,รอการวิเคราะห์จาก AI
2026-06-26 08:41:00,1.111765,1.111925,1.111385,1.111495,1.0,EURUSD-OTC,BEARISH,1.112816,1.113989,1.115408,1.117714,1.120675,1.12463,BEARISH,1.120879,1.111459,0.00942,0.005853,3.18,11.08,-0.001629,-0.001163,-0.000465,6.01,5.72,0.001424,28.14,-0.57,0.001429,0.001636,26.76,9.52,32.77,55.0,-0.4263,1,1.0,1.0,False,STABLE,-0.000578,-0.000382,-0.000106,1.111225,1.119885,1.112205,1.112655,1.113555,1.111305,1.110855,22,6.08,1.111957,1.112753,31.54,-0.000762,-0.000786,25.3,36.79,0.000666,1.111225,1.114075,1.114098,1.111238,1,1.0,1.111495,1.111925,1.111385,1.111765,ASIAN,63061,HIGH,1.111495,1.111925,1.111385,1.111765,ASIAN,63061,HIGH,DOJI,BEARISH,WEAK,HIGH,BEARISH,NORMAL,True,TESTING_SUPPORT,45,16,-26.666666666666668,50,NEUTRAL,False,70,['DOJI'],1,20,NEUTRAL,BEARISH,60,True,REJECTION,25,False,False,True,70,False,0,100,DOWN,DOWN,DOWN,0,True,75,97,3,80,True,True,CONTINUATION,70,True,85.0,BEARISH,False,NONE,False,False,0,False,60,45.38216560509699,23.71206774876518,70.0,46,FAIR,False,75,81,0.13407065742743424,6,60.0,True,RANDOM,70,47.72572454602876,8.71723763163139,True,MOMENTUM_SHIFT,False,True,True,35,False,70,DOWN,100,IMPULSIVE,NORMAL,DOWN,100,-0.4263,IMPULSIVE,90,30,95,NORMAL,NONE,75,45,85,NORMAL,58,55,45,-0.57,False,80,1.6094310609943618,12.544893900563821,RANGING,90,False,NONE,1.111225,1.112655,1.112205,FAR,30,50,85,50,NONE,NONE,NONE,False,[],0,0,SIDEWAY_RANGE,SIDEWAY_RANGE,50,60,True,31,Price ranging between clear levels. Suitable for mean-reversion strategies.,1.0,0.5,False,True,False,False,0.3,0.3,True,False,False,18,True,[],0,NO,SIDEWAY_RANGE,Price ranging between clear levels. Suitable for mean-reversion strategies.,NORMAL,LOW,0.128,"[{'symbol': 'EURUSD-OTC', 'action': 'NO_TRADE', 'reason': 'ไม่พบข้อมูลราคาและตัวชี้วัดตลาดปัจจุบัน จึงไม่สามารถวิเคราะห์สัญญาณได้อย่างถูกต้อง', 'timestamp': '2026-06-26T08:36:30.767342'}, {'symbol': 'EURGBP', 'action': 'NO_TRADE', 'reason': 'ไม่พบข้อมูลตลาดปัจจุบัน จึงไม่สามารถวิเคราะห์สัญญาณซื้อขายได้', 'timestamp': '2026-06-26T08:37:30.617316'}, {'symbol': 'EURGBP', 'action': 'NO_TRADE', 'reason': 'ไม่พบข้อมูลราคาตลาดปัจจุบัน ไม่สามารถวิเคราะห์สัญญาณทางเทคนิคได้', 'timestamp': '2026-06-26T08:38:30.776539'}, {'symbol': 'EURGBP-OTC', 'action': 'NO_TRADE', 'reason': 'ไม่พบข้อมูลตลาด JSON ที่ต้องวิเคราะห์ จึงไม่สามารถประเมินสัญญาณได้', 'timestamp': '2026-06-26T08:39:36.609211'}, {'symbol': 'EURGBP-OTC', 'action': 'NO_TRADE', 'reason': 'ไม่พบข้อมูลตลาดปัจจุบัน ไม่สามารถวิเคราะห์แนวโน้มและสัญญาณทางเทคนิคได้', 'timestamp': '2026-06-26T08:40:34.164679'}]",True,Passed basic checks,0,50,50,MEDIUM,5,WAIT,รอการวิเคราะห์จาก AI
2026-06-26 08:43:00,1.111535,1.111845,1.111335,1.111445,1.0,EURUSD-OTC,BEARISH,1.112816,1.113989,1.115408,1.117714,1.120675,1.12463,BEARISH,1.120879,1.111459,0.00942,0.005853,3.18,11.08,-0.001629,-0.001163,-0.000465,6.01,5.72,0.001424,28.14,-0.57,0.001429,0.001636,26.76,9.52,32.77,55.0,-0.4263,1,1.0,1.0,False,STABLE,-0.000578,-0.000382,-0.000106,1.111225,1.119885,1.112205,1.112655,1.113555,1.111305,1.110855,22,6.08,1.111706,1.112529,35.29,-0.000767,-0.000778,13.32,18.27,0.00064,1.111225,1.114075,1.113815,1.111073,1,1.0,1.111445,1.111845,1.111335,1.111535,ASIAN,63038,HIGH,1.111445,1.111845,1.111335,1.111535,ASIAN,63038,HIGH,DOJI,BEARISH,WEAK,HIGH,BEARISH,NORMAL,True,TESTING_SUPPORT,45,16,-26.666666666666668,50,NEUTRAL,False,70,['DOJI'],1,20,NEUTRAL,BEARISH,60,True,REJECTION,25,False,False,True,70,False,0,100,DOWN,DOWN,DOWN,0,True,75,97,3,80,True,True,CONTINUATION,70,True,85.0,BEARISH,False,NONE,False,False,0,False,60,45.38216560509699,23.71206774876518,70.0,46,FAIR,False,75,81,0.13407065742743424,6,60.0,True,RANDOM,70,47.72572454602876,8.71723763163139,True,MOMENTUM_SHIFT,False,True,True,35,False,70,DOWN,100,IMPULSIVE,NORMAL,DOWN,100,-0.4263,IMPULSIVE,90,30,95,NORMAL,NONE,75,45,85,NORMAL,58,55,45,-0.57,False,80,1.6094310609943618,12.544893900563821,RANGING,90,False,NONE,1.111225,1.112655,1.112205,FAR,30,50,85,50,NONE,NONE,NONE,False,[],0,0,SIDEWAY_RANGE,SIDEWAY_RANGE,50,60,True,31,Price ranging between clear levels. Suitable for mean-reversion strategies.,1.0,0.5,False,True,False,False,0.3,0.3,True,False,False,18,True,[],0,NO,SIDEWAY_RANGE,Price ranging between clear levels. Suitable for mean-reversion strategies.,NORMAL,LOW,0.128,"[{'symbol': 'EURGBP', 'action': 'NO_TRADE', 'reason': 'ไม่พบข้อมูลราคาตลาดปัจจุบัน ไม่สามารถวิเคราะห์สัญญาณทางเทคนิคได้', 'timestamp': '2026-06-26T08:38:30.776539'}, {'symbol': 'EURGBP-OTC', 'action': 'NO_TRADE', 'reason': 'ไม่พบข้อมูลตลาด JSON ที่ต้องวิเคราะห์ จึงไม่สามารถประเมินสัญญาณได้', 'timestamp': '2026-06-26T08:39:36.609211'}, {'symbol': 'EURGBP-OTC', 'action': 'NO_TRADE', 'reason': 'ไม่พบข้อมูลตลาดปัจจุบัน ไม่สามารถวิเคราะห์แนวโน้มและสัญญาณทางเทคนิคได้', 'timestamp': '2026-06-26T08:40:34.164679'}, {'symbol': 'EURGBP-OTC', 'action': 'NO_TRADE', 'reason': 'ไม่พบข้อมูลตลาดที่จำเป็นในการวิเคราะห์ จำเป็นต้องมีราคาและตัวชี้วัดทางเทคนิคเพื่อประเมินสัญญาณ', 'timestamp': '2026-06-26T08:41:36.518511'}, {'symbol': 'EURGBP-OTC', 'action': 'NO_TRADE', 'reason': 'ยังไม่มีข้อมูลราคาหรือตัวชี้วัดตลาดในขณะนี้ ไม่สามารถวิเคราะห์สัญญาณได้', 'timestamp': '2026-06-26T08:42:33.780504'}]",True,Passed basic checks,0,50,50,MEDIUM,5,WAIT,รอการวิเคราะห์จาก AI
2026-06-26 08:45:00,1.111595,1.112365,1.111595,1.112145,1.0,EURUSD-OTC,BEARISH,1.112592,1.113654,1.115098,1.117495,1.120498,1.124452,BEARISH,1.120757,1.110948,0.009808,0.005889,9.65,17.81,-0.001684,-0.001267,-0.000416,10.76,7.42,0.001389,15.58,-0.87,0.001404,0.001634,29.02,8.92,33.97,58.39,-0.4092,1,1.0,1.0,False,STABLE,-0.000553,-0.000404,-0.000116,1.111095,1.119885,1.111868,1.112642,1.113138,1.111372,1.110598,23,6.33,1.111825,1.112411,46.49,-0.000684,-0.000755,29.29,20.03,0.000653,1.111095,1.113845,1.113556,1.111032,1,1.0,1.112145,1.112365,1.111595,1.111595,ASIAN,62878,HIGH,1.112145,1.112365,1.111595,1.111595,ASIAN,62878,HIGH,NONE,BULLISH,WEAK,HIGH,BEARISH,NORMAL,False,NONE,43,16,-20.0,50,NEUTRAL,False,70,[],0,0,NEUTRAL,BULLISH,40,False,NONE,0,False,False,False,60,False,0,100,DOWN,DOWN,DOWN,0,True,75,97,3,80,True,True,CONTINUATION,70,True,60.0,BEARISH,False,NONE,False,False,0,False,60,53.05951383068237,26.233023588277675,70.0,49,FAIR,False,75,82,0.14073988328762632,6,70.0,True,RANDOM,70,48.86784432153877,6.71808368039018,True,MOMENTUM_SHIFT,False,True,True,35,False,70,DOWN,100,IMPULSIVE,LOW,DOWN,100,-0.4092,IMPULSIVE,90,30,95,NORMAL,NONE,75,45,85,LOW,58,55,45,-0.87,False,65,1.6654780098488708,13.452199015112924,RANGING,90,False,NONE,1.111095,1.112642,1.111868,FAR,30,50,85,50,NONE,NONE,NONE,False,[],0,0,SIDEWAY_RANGE,SIDEWAY_RANGE,52,60,True,32,Price ranging between clear levels. Suitable for mean-reversion strategies.,1.0,0.5,False,True,False,False,0.3,0.3,True,False,False,18,True,[],0,NO,SIDEWAY_RANGE,Price ranging between clear levels. Suitable for mean-reversion strategies.,LOW,LOW,0.125,"[{'symbol': 'EURGBP-OTC', 'action': 'NO_TRADE', 'reason': 'ไม่พบข้อมูลตลาดปัจจุบัน ไม่สามารถวิเคราะห์แนวโน้มและสัญญาณทางเทคนิคได้', 'timestamp': '2026-06-26T08:40:34.164679'}, {'symbol': 'EURGBP-OTC', 'action': 'NO_TRADE', 'reason': 'ไม่พบข้อมูลตลาดที่จำเป็นในการวิเคราะห์ จำเป็นต้องมีราคาและตัวชี้วัดทางเทคนิคเพื่อประเมินสัญญาณ', 'timestamp': '2026-06-26T08:41:36.518511'}, {'symbol': 'EURGBP-OTC', 'action': 'NO_TRADE', 'reason': 'ยังไม่มีข้อมูลราคาหรือตัวชี้วัดตลาดในขณะนี้ ไม่สามารถวิเคราะห์สัญญาณได้', 'timestamp': '2026-06-26T08:42:33.780504'}, {'symbol': 'EURGBP-OTC', 'action': 'NO_TRADE', 'reason': 'ไม่พบข้อมูลราคาหรือตัวชี้วัดในปัจจุบัน ไม่สามารถวิเคราะห์สัญญาณเทรดได้อย่างแม่นยำ', 'timestamp': '2026-06-26T08:43:36.476846'}, {'symbol': 'EURGBP-OTC', 'action': 'NO_TRADE', 'reason': 'ไม่มีข้อมูลราคาและตัวชี้วัดทางเทคนิคในปัจจุบัน ไม่สามารถวิเคราะห์แนวโน้มและสัญญาณยืนยันได้', 'timestamp': '2026-06-26T08:44:34.904665'}]",True,Passed basic checks,0,50,50,MEDIUM,5,WAIT,รอการวิเคราะห์จาก AI
2026-06-26 08:46:00,1.112165,1.112205,1.111345,1.111405,1.0,EURUSD-OTC,BEARISH,1.112592,1.113654,1.115098,1.117495,1.120498,1.124452,BEARISH,1.120757,1.110948,0.009808,0.005889,9.65,17.81,-0.001684,-0.001267,-0.000416,10.76,7.42,0.001389,15.58,-0.87,0.001404,0.001634,29.02,8.92,33.97,58.39,-0.4092,1,1.0,1.0,False,STABLE,-0.000553,-0.000404,-0.000116,1.111095,1.119885,1.111868,1.112642,1.113138,1.111372,1.110598,23,6.33,1.111685,1.112315,40.07,-0.000683,-0.000741,30.55,25.77,0.000668,1.111095,1.113845,1.113407,1.110983,1,1.0,1.111405,1.112205,1.111345,1.112165,ASIAN,63176,HIGH,1.111405,1.112205,1.111345,1.112165,ASIAN,63176,HIGH,NONE,BULLISH,WEAK,HIGH,BEARISH,NORMAL,False,TESTING_SUPPORT,43,16,-20.0,50,NEUTRAL,False,70,[],0,0,NEUTRAL,BULLISH,40,False,NONE,0,False,False,False,60,False,0,100,DOWN,DOWN,DOWN,0,True,75,97,3,80,True,True,CONTINUATION,70,True,60.0,BEARISH,False,NONE,False,False,0,False,60,53.05951383068237,26.233023588277675,70.0,49,FAIR,False,75,82,0.14073988328762632,6,70.0,True,RANDOM,70,48.86784432153877,6.71808368039018,True,MOMENTUM_SHIFT,False,True,True,35,False,70,DOWN,100,IMPULSIVE,LOW,DOWN,100,-0.4092,IMPULSIVE,90,30,95,NORMAL,NONE,75,45,85,LOW,58,55,45,-0.87,False,65,1.6654780098488708,13.452199015112924,RANGING,90,False,NONE,1.111095,1.112642,1.111868,FAR,30,50,85,50,NONE,NONE,NONE,False,[],0,0,BREAKOUT_EMERGING,BREAKOUT_EMERGING,52,70,True,32,"Volatility expansion after compression. Potential breakout opportunity. (breakout prob: 30%, reversal prob: 50%)",1.0,0.5,False,True,False,False,0.3,0.3,True,False,False,18,True,[],0,NO,BREAKOUT_EMERGING,"Volatility expansion after compression. Potential breakout opportunity. (breakout prob: 30%, reversal prob: 50%)",LOW,LOW,0.125,"[{'symbol': 'EURGBP-OTC', 'action': 'NO_TRADE', 'reason': 'ไม่พบข้อมูลตลาดที่จำเป็นในการวิเคราะห์ จำเป็นต้องมีราคาและตัวชี้วัดทางเทคนิคเพื่อประเมินสัญญาณ', 'timestamp': '2026-06-26T08:41:36.518511'}, {'symbol': 'EURGBP-OTC', 'action': 'NO_TRADE', 'reason': 'ยังไม่มีข้อมูลราคาหรือตัวชี้วัดตลาดในขณะนี้ ไม่สามารถวิเคราะห์สัญญาณได้', 'timestamp': '2026-06-26T08:42:33.780504'}, {'symbol': 'EURGBP-OTC', 'action': 'NO_TRADE', 'reason': 'ไม่พบข้อมูลราคาหรือตัวชี้วัดในปัจจุบัน ไม่สามารถวิเคราะห์สัญญาณเทรดได้อย่างแม่นยำ', 'timestamp': '2026-06-26T08:43:36.476846'}, {'symbol': 'EURGBP-OTC', 'action': 'NO_TRADE', 'reason': 'ไม่มีข้อมูลราคาและตัวชี้วัดทางเทคนิคในปัจจุบัน ไม่สามารถวิเคราะห์แนวโน้มและสัญญาณยืนยันได้', 'timestamp': '2026-06-26T08:44:34.904665'}, {'symbol': 'EURUSD-OTC', 'action': 'NO_TRADE', 'reason': 'ไม่พบข้อมูลราคาและตัวชี้วัดตลาดในปัจจุบัน จึงไม่สามารถวิเคราะห์สัญญาณเทคนิคได้', 'timestamp': '2026-06-26T08:45:31.331404'}]",True,Passed basic checks,0,50,50,MEDIUM,5,WAIT,รอการวิเคราะห์จาก AI
2026-06-26 08:47:00,1.111395,1.111835,1.111345,1.111575,1.0,EURUSD-OTC,BEARISH,1.112592,1.113654,1.115098,1.117495,1.120498,1.124452,BEARISH,1.120757,1.110948,0.009808,0.005889,9.65,17.81,-0.001684,-0.001267,-0.000416,10.76,7.42,0.001389,15.58,-0.87,0.001404,0.001634,29.02,8.92,33.97,58.39,-0.4092,1,1.0,1.0,False,STABLE,-0.000553,-0.000404,-0.000116,1.111095,1.119885,1.111868,1.112642,1.113138,1.111372,1.110598,23,6.33,1.111649,1.112245,44.3,-0.000661,-0.000725,30.43,30.09,0.000639,1.111095,1.113515,1.113238,1.110982,1,1.0,1.111575,1.111835,1.111345,1.111395,ASIAN,62690,HIGH,1.111575,1.111835,1.111345,1.111395,ASIAN,62690,HIGH,NONE,BULLISH,WEAK,HIGH,BEARISH,NORMAL,False,TESTING_SUPPORT,43,16,-20.0,50,NEUTRAL,False,70,[],0,0,NEUTRAL,BULLISH,40,False,NONE,0,False,False,False,60,False,0,100,DOWN,DOWN,DOWN,0,True,75,97,3,80,True,True,CONTINUATION,70,True,60.0,BEARISH,False,NONE,False,False,0,False,60,53.05951383068237,26.233023588277675,70.0,49,FAIR,False,75,82,0.14073988328762632,6,70.0,True,RANDOM,70,48.86784432153877,6.71808368039018,True,MOMENTUM_SHIFT,False,True,True,35,False,70,DOWN,100,IMPULSIVE,LOW,DOWN,100,-0.4092,IMPULSIVE,90,30,95,NORMAL,NONE,75,45,85,LOW,58,55,45,-0.87,False,65,1.6654780098488708,13.452199015112924,RANGING,90,False,NONE,1.111095,1.112642,1.111868,FAR,30,50,85,50,NONE,NONE,NONE,False,[],0,0,BREAKOUT_EMERGING,BREAKOUT_EMERGING,52,70,True,32,"Volatility expansion after compression. Potential breakout opportunity. (breakout prob: 30%, reversal prob: 50%)",1.0,0.5,False,True,False,False,0.3,0.3,True,False,False,18,True,[],0,NO,BREAKOUT_EMERGING,"Volatility expansion after compression. Potential breakout opportunity. (breakout prob: 30%, reversal prob: 50%)",LOW,LOW,0.125,"[{'symbol': 'EURGBP-OTC', 'action': 'NO_TRADE', 'reason': 'ยังไม่มีข้อมูลราคาหรือตัวชี้วัดตลาดในขณะนี้ ไม่สามารถวิเคราะห์สัญญาณได้', 'timestamp': '2026-06-26T08:42:33.780504'}, {'symbol': 'EURGBP-OTC', 'action': 'NO_TRADE', 'reason': 'ไม่พบข้อมูลราคาหรือตัวชี้วัดในปัจจุบัน ไม่สามารถวิเคราะห์สัญญาณเทรดได้อย่างแม่นยำ', 'timestamp': '2026-06-26T08:43:36.476846'}, {'symbol': 'EURGBP-OTC', 'action': 'NO_TRADE', 'reason': 'ไม่มีข้อมูลราคาและตัวชี้วัดทางเทคนิคในปัจจุบัน ไม่สามารถวิเคราะห์แนวโน้มและสัญญาณยืนยันได้', 'timestamp': '2026-06-26T08:44:34.904665'}, {'symbol': 'EURUSD-OTC', 'action': 'NO_TRADE', 'reason': 'ไม่พบข้อมูลราคาและตัวชี้วัดตลาดในปัจจุบัน จึงไม่สามารถวิเคราะห์สัญญาณเทคนิคได้', 'timestamp': '2026-06-26T08:45:31.331404'}, {'symbol': 'EURUSD-OTC', 'action': 'NO_TRADE', 'reason': 'ขาดข้อมูลราคาและตัวชี้วัดทางเทคนิคในปัจจุบัน ไม่สามารถวิเคราะห์สัญญาณได้อย่างถูกต้อง', 'timestamp': '2026-06-26T08:46:30.967724'}]",True,Passed basic checks,0,50,50,MEDIUM,5,WAIT,รอการวิเคราะห์จาก AI
2026-06-26 08:49:00,1.111225,1.111545,1.110945,1.111205,1.0,EURUSD-OTC,BEARISH,1.112592,1.113654,1.115098,1.117495,1.120498,1.124452,BEARISH,1.120757,1.110948,0.009808,0.005889,9.65,17.81,-0.001684,-0.001267,-0.000416,10.76,7.42,0.001389,15.58,-0.87,0.001404,0.001634,29.02,8.92,33.97,58.39,-0.4092,1,1.0,1.0,False,STABLE,-0.000553,-0.000404,-0.000116,1.111095,1.119885,1.111868,1.112642,1.113138,1.111372,1.110598,23,6.33,1.111409,1.112059,42.17,-0.00066,-0.000702,15.34,20.74,0.000609,1.110945,1.113115,1.113029,1.110848,1,1.0,1.111205,1.111545,1.110945,1.111225,ASIAN,63366,HIGH,1.111205,1.111545,1.110945,1.111225,ASIAN,63366,HIGH,NONE,BULLISH,WEAK,HIGH,BEARISH,NORMAL,False,TESTING_SUPPORT,43,16,-20.0,50,NEUTRAL,False,70,[],0,0,NEUTRAL,BULLISH,40,False,NONE,0,False,False,False,60,False,0,100,DOWN,DOWN,DOWN,0,True,75,97,3,80,True,True,CONTINUATION,70,True,60.0,BEARISH,False,NONE,False,False,0,False,60,53.05951383068237,26.233023588277675,70.0,49,FAIR,False,75,82,0.14073988328762632,6,70.0,True,RANDOM,70,48.86784432153877,6.71808368039018,True,MOMENTUM_SHIFT,False,True,True,35,False,70,DOWN,100,IMPULSIVE,LOW,DOWN,100,-0.4092,IMPULSIVE,90,30,95,NORMAL,NONE,75,45,85,LOW,58,55,45,-0.87,False,65,1.6654780098488708,13.452199015112924,RANGING,90,False,NONE,1.111095,1.112642,1.111868,FAR,30,50,85,50,NONE,NONE,NONE,False,[],0,0,BREAKOUT_EMERGING,BREAKOUT_EMERGING,52,70,True,32,"Volatility expansion after compression. Potential breakout opportunity. (breakout prob: 30%, reversal prob: 50%)",1.0,0.5,False,True,False,False,0.3,0.3,True,False,False,18,True,[],0,NO,BREAKOUT_EMERGING,"Volatility expansion after compression. Potential breakout opportunity. (breakout prob: 30%, reversal prob: 50%)",LOW,LOW,0.125,"[{'symbol': 'EURGBP-OTC', 'action': 'NO_TRADE', 'reason': 'ไม่มีข้อมูลราคาและตัวชี้วัดทางเทคนิคในปัจจุบัน ไม่สามารถวิเคราะห์แนวโน้มและสัญญาณยืนยันได้', 'timestamp': '2026-06-26T08:44:34.904665'}, {'symbol': 'EURUSD-OTC', 'action': 'NO_TRADE', 'reason': 'ไม่พบข้อมูลราคาและตัวชี้วัดตลาดในปัจจุบัน จึงไม่สามารถวิเคราะห์สัญญาณเทคนิคได้', 'timestamp': '2026-06-26T08:45:31.331404'}, {'symbol': 'EURUSD-OTC', 'action': 'NO_TRADE', 'reason': 'ขาดข้อมูลราคาและตัวชี้วัดทางเทคนิคในปัจจุบัน ไม่สามารถวิเคราะห์สัญญาณได้อย่างถูกต้อง', 'timestamp': '2026-06-26T08:46:30.967724'}, {'symbol': 'EURUSD', 'action': 'NO_TRADE', 'reason': 'ไม่มีข้อมูลตลาดให้วิเคราะห์ ไม่สามารถประเมินสัญญาณทางเทคนิคได้', 'timestamp': '2026-06-26T08:47:36.189856'}, {'symbol': 'EURUSD', 'action': 'NO_TRADE', 'reason': 'ไม่มีข้อมูลราคาและตัวชี้วัดทางเทคนิคในปัจจุบัน ไม่สามารถวิเคราะห์แนวโน้มหรือสัญญาณใดๆได้', 'timestamp': '2026-06-26T08:48:34.668028'}]",True,Passed basic checks,0,50,50,MEDIUM,5,WAIT,รอการวิเคราะห์จาก AI
2026-06-26 08:50:00,1.111275,1.111865,1.111275,1.111535,1.0,EURUSD-OTC,BEARISH,1.11224,1.113269,1.114758,1.117262,1.120344,1.124496,BEARISH,1.120408,1.110502,0.009906,0.005934,9.09,17.22,-0.001757,-0.001365,-0.000391,10.95,9.24,0.001392,16.58,-0.81,0.001402,0.001609,31.17,8.37,32.59,59.14,-0.3362,1,1.0,1.0,False,STABLE,-0.000496,-0.000408,-0.000125,1.110945,1.119885,1.111562,1.112178,1.112822,1.110918,1.110302,24,6.42,1.111451,1.112009,36.78,-0.000624,-0.000687,16.48,16.1,0.000596,1.110945,1.113115,1.112903,1.110849,1,1.0,1.111535,1.111865,1.111275,1.111275,ASIAN,62845,HIGH,1.111535,1.111865,1.111275,1.111275,ASIAN,62845,HIGH,BEARISH_ENGULFING,BEARISH,WEAK,HIGH,BEARISH,NORMAL,True,TESTING_SUPPORT,45,13,-20.0,50,NEUTRAL,False,70,['BEARISH_ENGULFING'],1,20,BEARISH,BEARISH,60,True,BEAR_TRAP,50,True,False,False,70,False,0,100,DOWN,DOWN,DOWN,0,True,75,97,3,80,True,True,CONTINUATION,70,True,85.0,BEARISH,False,NONE,False,False,0,False,60,68.9505637467511,27.372262773722767,75.0,57,GOOD,False,75,84,0.1205981901729186,6,80.0,True,RANDOM,70,48.10441826760942,7.864261625112604,True,MOMENTUM_SHIFT,False,True,True,35,False,70,DOWN,100,IMPULSIVE,LOW,DOWN,100,-0.3362,IMPULSIVE,90,30,95,NORMAL,NONE,75,45,85,LOW,58,55,45,-0.81,False,65,1.6693629929221436,13.063700707785642,RANGING,90,False,NONE,1.110918,1.112178,1.111562,FAR,30,50,85,50,NONE,NONE,NONE,False,[],0,0,BREAKOUT_EMERGING,BREAKOUT_EMERGING,52,70,True,33,"Volatility expansion after compression. Potential breakout opportunity. (breakout prob: 30%, reversal prob: 50%)",1.0,0.5,False,True,False,False,0.3,0.3,True,False,False,18,True,[],0,NO,BREAKOUT_EMERGING,"Volatility expansion after compression. Potential breakout opportunity. (breakout prob: 30%, reversal prob: 50%)",LOW,LOW,0.125,"[{'symbol': 'EURUSD-OTC', 'action': 'NO_TRADE', 'reason': 'ไม่พบข้อมูลราคาและตัวชี้วัดตลาดในปัจจุบัน จึงไม่สามารถวิเคราะห์สัญญาณเทคนิคได้', 'timestamp': '2026-06-26T08:45:31.331404'}, {'symbol': 'EURUSD-OTC', 'action': 'NO_TRADE', 'reason': 'ขาดข้อมูลราคาและตัวชี้วัดทางเทคนิคในปัจจุบัน ไม่สามารถวิเคราะห์สัญญาณได้อย่างถูกต้อง', 'timestamp': '2026-06-26T08:46:30.967724'}, {'symbol': 'EURUSD', 'action': 'NO_TRADE', 'reason': 'ไม่มีข้อมูลตลาดให้วิเคราะห์ ไม่สามารถประเมินสัญญาณทางเทคนิคได้', 'timestamp': '2026-06-26T08:47:36.189856'}, {'symbol': 'EURUSD', 'action': 'NO_TRADE', 'reason': 'ไม่มีข้อมูลราคาและตัวชี้วัดทางเทคนิคในปัจจุบัน ไม่สามารถวิเคราะห์แนวโน้มหรือสัญญาณใดๆได้', 'timestamp': '2026-06-26T08:48:34.668028'}, {'symbol': 'EURUSD-OTC', 'action': 'NO_TRADE', 'reason': 'ไม่พบข้อมูลตลาด JSON ที่ใช้วิเคราะห์ กรุณาส่งข้อมูลราคาและตัวชี้วัด', 'timestamp': '2026-06-26T08:49:36.532028'}]",True,Passed basic checks,0,50,50,MEDIUM,5,WAIT,รอการวิเคราะห์จาก AI
2026-06-26 08:51:00,1.111555,1.111975,1.111475,1.111685,1.0,EURUSD-OTC,BEARISH,1.11224,1.113269,1.114758,1.117262,1.120344,1.124496,BEARISH,1.120408,1.110502,0.009906,0.005934,9.09,17.22,-0.001757,-0.001365,-0.000391,10.95,9.24,0.001392,16.58,-0.81,0.001402,0.001609,31.17,8.37,32.59,59.14,-0.3362,1,1.0,1.0,False,STABLE,-0.000496,-0.000408,-0.000125,1.110945,1.119885,1.111562,1.112178,1.112822,1.110918,1.110302,24,6.42,1.111529,1.111978,36.62,-0.000576,-0.000665,24.54,18.79,0.000596,1.110945,1.113115,1.112823,1.110848,1,1.0,1.111685,1.111975,1.111475,1.111555,ASIAN,63276,HIGH,1.111685,1.111975,1.111475,1.111555,ASIAN,63276,HIGH,BEARISH_ENGULFING,BEARISH,WEAK,HIGH,BEARISH,NORMAL,True,NONE,45,13,-20.0,50,NEUTRAL,False,70,['BEARISH_ENGULFING'],1,20,BEARISH,BEARISH,60,True,BEAR_TRAP,50,True,False,False,70,False,0,100,DOWN,DOWN,DOWN,0,True,75,97,3,80,True,True,CONTINUATION,70,True,85.0,BEARISH,False,NONE,False,False,0,False,60,68.9505637467511,27.372262773722767,75.0,57,GOOD,False,75,84,0.1205981901729186,6,80.0,True,RANDOM,70,48.10441826760942,7.864261625112604,True,MOMENTUM_SHIFT,False,True,True,35,False,70,DOWN,100,IMPULSIVE,LOW,DOWN,100,-0.3362,IMPULSIVE,90,30,95,NORMAL,NONE,75,45,85,LOW,58,55,45,-0.81,False,65,1.6693629929221436,13.063700707785642,RANGING,90,False,NONE,1.110918,1.112178,1.111562,FAR,30,50,85,50,NONE,NONE,NONE,False,[],0,0,BREAKOUT_EMERGING,BREAKOUT_EMERGING,52,70,True,33,"Volatility expansion after compression. Potential breakout opportunity. (breakout prob: 30%, reversal prob: 50%)",1.0,0.5,False,True,False,False,0.3,0.3,True,False,False,18,True,[],0,NO,BREAKOUT_EMERGING,"Volatility expansion after compression. Potential breakout opportunity. (breakout prob: 30%, reversal prob: 50%)",LOW,LOW,0.125,"[{'symbol': 'EURUSD-OTC', 'action': 'NO_TRADE', 'reason': 'ไม่พบข้อมูลราคาและตัวชี้วัดตลาดในปัจจุบัน จึงไม่สามารถวิเคราะห์สัญญาณเทคนิคได้', 'timestamp': '2026-06-26T08:45:31.331404'}, {'symbol': 'EURUSD-OTC', 'action': 'NO_TRADE', 'reason': 'ขาดข้อมูลราคาและตัวชี้วัดทางเทคนิคในปัจจุบัน ไม่สามารถวิเคราะห์สัญญาณได้อย่างถูกต้อง', 'timestamp': '2026-06-26T08:46:30.967724'}, {'symbol': 'EURUSD', 'action': 'NO_TRADE', 'reason': 'ไม่มีข้อมูลตลาดให้วิเคราะห์ ไม่สามารถประเมินสัญญาณทางเทคนิคได้', 'timestamp': '2026-06-26T08:47:36.189856'}, {'symbol': 'EURUSD', 'action': 'NO_TRADE', 'reason': 'ไม่มีข้อมูลราคาและตัวชี้วัดทางเทคนิคในปัจจุบัน ไม่สามารถวิเคราะห์แนวโน้มหรือสัญญาณใดๆได้', 'timestamp': '2026-06-26T08:48:34.668028'}, {'symbol': 'EURUSD-OTC', 'action': 'NO_TRADE', 'reason': 'ไม่พบข้อมูลตลาด JSON ที่ใช้วิเคราะห์ กรุณาส่งข้อมูลราคาและตัวชี้วัด', 'timestamp': '2026-06-26T08:49:36.532028'}]",True,Passed basic checks,0,50,50,MEDIUM,5,WAIT,รอการวิเคราะห์จาก AI
2026-06-26 08:53:00,1.112495,1.112495,1.111715,1.112055,1.0,EURUSD-OTC,BEARISH,1.11224,1.113269,1.114758,1.117262,1.120344,1.124496,BEARISH,1.120408,1.110502,0.009906,0.005934,9.09,17.22,-0.001757,-0.001365,-0.000391,10.95,9.24,0.001392,16.58,-0.81,0.001402,0.001609,31.17,8.37,32.59,59.14,-0.3362,1,1.0,1.0,False,STABLE,-0.000496,-0.000408,-0.000125,1.110945,1.119885,1.111562,1.112178,1.112822,1.110918,1.110302,24,6.42,1.111923,1.112032,46.72,-0.000411,-0.000582,66.03,47.48,0.000641,1.110945,1.113105,1.112802,1.110852,1,1.0,1.112055,1.112495,1.111715,1.112495,ASIAN,62937,HIGH,1.112055,1.112495,1.111715,1.112495,ASIAN,62937,HIGH,BEARISH_ENGULFING,BEARISH,WEAK,HIGH,BEARISH,NORMAL,True,NONE,45,13,-20.0,50,NEUTRAL,False,70,['BEARISH_ENGULFING'],1,20,BEARISH,BEARISH,60,True,BEAR_TRAP,50,True,False,False,70,False,0,100,DOWN,DOWN,DOWN,0,True,75,97,3,80,True,True,CONTINUATION,70,True,85.0,BEARISH,False,NONE,False,False,0,False,60,68.9505637467511,27.372262773722767,75.0,57,GOOD,False,75,84,0.1205981901729186,6,80.0,True,RANDOM,70,48.10441826760942,7.864261625112604,True,MOMENTUM_SHIFT,False,True,True,35,False,70,DOWN,100,IMPULSIVE,LOW,DOWN,100,-0.3362,IMPULSIVE,90,30,95,NORMAL,NONE,75,45,85,LOW,58,55,45,-0.81,False,65,1.6693629929221436,13.063700707785642,RANGING,90,False,NONE,1.110918,1.112178,1.111562,FAR,30,50,85,50,NONE,NONE,NONE,False,[],0,0,SIDEWAY_RANGE,SIDEWAY_RANGE,52,60,True,33,Price ranging between clear levels. Suitable for mean-reversion strategies.,1.0,0.5,False,True,False,False,0.3,0.3,True,False,False,18,True,[],0,NO,SIDEWAY_RANGE,Price ranging between clear levels. Suitable for mean-reversion strategies.,LOW,LOW,0.125,"[{'symbol': 'EURUSD', 'action': 'NO_TRADE', 'reason': 'ไม่มีข้อมูลตลาดให้วิเคราะห์ ไม่สามารถประเมินสัญญาณทางเทคนิคได้', 'timestamp': '2026-06-26T08:47:36.189856'}, {'symbol': 'EURUSD', 'action': 'NO_TRADE', 'reason': 'ไม่มีข้อมูลราคาและตัวชี้วัดทางเทคนิคในปัจจุบัน ไม่สามารถวิเคราะห์แนวโน้มหรือสัญญาณใดๆได้', 'timestamp': '2026-06-26T08:48:34.668028'}, {'symbol': 'EURUSD-OTC', 'action': 'NO_TRADE', 'reason': 'ไม่พบข้อมูลตลาด JSON ที่ใช้วิเคราะห์ กรุณาส่งข้อมูลราคาและตัวชี้วัด', 'timestamp': '2026-06-26T08:49:36.532028'}, {'symbol': 'EURUSD', 'action': 'NO_TRADE', 'reason': 'ไม่พบข้อมูลตลาด JSON ที่จำเป็นสำหรับการวิเคราะห์ ขาดตัวชี้วัดทางเทคนิคและราคาปัจจุบัน', 'timestamp': '2026-06-26T08:51:31.704110'}, {'symbol': 'EURUSD', 'action': 'NO_TRADE', 'reason': 'แนวโน้มขาข้างเคียง สัญญาณ RSI และ MACD ยังไม่ชัดเจน ขาดการยืนยันจากวอลุ่มและแนวรับแนวต้านสำคัญ', 'timestamp': '2026-06-26T08:52:30.335386'}]",True,Passed basic checks,0,50,50,MEDIUM,5,WAIT,รอการวิเคราะห์จาก AI
2026-06-26 08:55:00,1.112425,1.112735,1.112205,1.112735,1.0,EURUSD-OTC,BEARISH,1.112405,1.113172,1.114566,1.117084,1.120186,1.124326,BEARISH,1.119933,1.110347,0.009586,0.005987,31.61,23.41,-0.001698,-0.001432,-0.000266,17.49,13.06,0.001356,10.55,-1.05,0.001393,0.001589,32.44,10.49,30.54,48.88,-0.2394,1,1.0,1.0,False,STABLE,-0.000406,-0.00039,-0.000129,1.110945,1.119665,1.112315,1.113155,1.113575,1.111895,1.111055,20,6.43,1.112303,1.112132,63.25,-0.000246,-0.000475,87.42,79.62,0.000623,1.110945,1.113105,1.11297,1.110884,1,1.0,1.112735,1.112735,1.112205,1.112425,ASIAN,62894,HIGH,1.112735,1.112735,1.112205,1.112425,ASIAN,62894,HIGH,NONE,BULLISH,WEAK,HIGH,BEARISH,NORMAL,True,NONE,47,13,-20.0,50,NEUTRAL,False,70,[],0,0,NEUTRAL,BULLISH,40,True,BEAR_TRAP,50,True,False,False,70,False,0,100,DOWN,DOWN,DOWN,0,True,75,55,45,80,False,True,NEUTRAL,70,False,0.0,NONE,False,NONE,False,False,0,False,60,51.30293159609255,20.904779277635825,70.0,47,FAIR,False,75,85,0.10181921949092838,6,90.0,True,RANDOM,70,47.60148193211826,6.422953925385067,True,MOMENTUM_SHIFT,False,True,False,65,True,70,DOWN,100,IMPULSIVE,LOW,DOWN,100,-0.2394,IMPULSIVE,90,30,95,NORMAL,NONE,75,30,85,LOW,58,55,45,-1.05,False,65,1.6011357942208118,19.886420577918827,RANGING,90,False,NONE,1.110945,1.113155,1.112315,FAR,30,50,85,50,NONE,NONE,NONE,False,[],0,0,BREAKOUT_EMERGING,BREAKOUT_EMERGING,53,70,True,34,"Volatility expansion after compression. Potential breakout opportunity. (breakout prob: 30%, reversal prob: 50%)",1.0,0.5,False,True,False,False,0.3,0.3,True,False,False,18,True,[],0,NO,BREAKOUT_EMERGING,"Volatility expansion after compression. Potential breakout opportunity. (breakout prob: 30%, reversal prob: 50%)",LOW,LOW,0.122,"[{'symbol': 'EURUSD-OTC', 'action': 'NO_TRADE', 'reason': 'ไม่พบข้อมูลตลาด JSON ที่ใช้วิเคราะห์ กรุณาส่งข้อมูลราคาและตัวชี้วัด', 'timestamp': '2026-06-26T08:49:36.532028'}, {'symbol': 'EURUSD', 'action': 'NO_TRADE', 'reason': 'ไม่พบข้อมูลตลาด JSON ที่จำเป็นสำหรับการวิเคราะห์ ขาดตัวชี้วัดทางเทคนิคและราคาปัจจุบัน', 'timestamp': '2026-06-26T08:51:31.704110'}, {'symbol': 'EURUSD', 'action': 'NO_TRADE', 'reason': 'แนวโน้มขาข้างเคียง สัญญาณ RSI และ MACD ยังไม่ชัดเจน ขาดการยืนยันจากวอลุ่มและแนวรับแนวต้านสำคัญ', 'timestamp': '2026-06-26T08:52:30.335386'}, {'symbol': 'EURUSD', 'action': 'NO_TRADE', 'reason': 'ไม่พบข้อมูลราคาหรือตัวบ่งชี้ทางเทคนิคในระบบ จึงไม่สามารถวิเคราะห์สัญญาณซื้อขายได้', 'timestamp': '2026-06-26T08:53:31.968448'}, {'symbol': 'EURUSD', 'action': 'NO_TRADE', 'reason': 'ไม่ได้รับข้อมูลราคาหรือตัวบ่งชี้ทางเทคนิคจากตลาดปัจจุบัน จึงไม่สามารถวิเคราะห์ได้', 'timestamp': '2026-06-26T08:54:31.220286'}]",True,Passed basic checks,0,50,50,MEDIUM,5,WAIT,รอการวิเคราะห์จาก AI
2026-06-26 08:57:00,1.112945,1.113025,1.112155,1.113025,1.0,EURUSD-OTC,BEARISH,1.112405,1.113172,1.114566,1.117084,1.120186,1.124326,BEARISH,1.119933,1.110347,0.009586,0.005987,31.61,23.41,-0.001698,-0.001432,-0.000266,17.49,13.06,0.001356,10.55,-1.05,0.001393,0.001589,32.44,10.49,30.54,48.88,-0.2394,1,1.0,1.0,False,STABLE,-0.000406,-0.00039,-0.000129,1.110945,1.119665,1.112315,1.113155,1.113575,1.111895,1.111055,20,6.43,1.112689,1.112288,66.74,-7.8e-05,-0.000345,96.16,92.87,0.000648,1.110945,1.113115,1.113112,1.110807,1,1.0,1.113025,1.113025,1.112155,1.112945,ASIAN,62649,HIGH,1.113025,1.113025,1.112155,1.112945,ASIAN,62649,HIGH,NONE,BULLISH,WEAK,HIGH,BEARISH,NORMAL,True,NONE,47,13,-20.0,50,NEUTRAL,False,70,[],0,0,NEUTRAL,BULLISH,40,True,BEAR_TRAP,50,True,False,False,70,False,0,100,DOWN,DOWN,DOWN,0,True,75,55,45,80,False,True,NEUTRAL,70,False,0.0,NONE,False,NONE,False,False,0,False,60,51.30293159609255,20.904779277635825,70.0,47,FAIR,False,75,85,0.10181921949092838,6,90.0,True,RANDOM,70,47.60148193211826,6.422953925385067,True,MOMENTUM_SHIFT,False,True,False,65,True,70,DOWN,100,IMPULSIVE,LOW,DOWN,100,-0.2394,IMPULSIVE,90,30,95,NORMAL,NONE,75,30,85,LOW,58,55,45,-1.05,False,65,1.6011357942208118,19.886420577918827,RANGING,90,False,NONE,1.110945,1.113155,1.112315,FAR,30,50,85,50,NONE,NONE,NONE,False,[],0,0,BREAKOUT_EMERGING,BREAKOUT_EMERGING,53,70,True,34,"Volatility expansion after compression. Potential breakout opportunity. (breakout prob: 30%, reversal prob: 50%)",1.0,0.5,False,True,False,False,0.3,0.3,True,False,False,18,True,[],0,NO,BREAKOUT_EMERGING,"Volatility expansion after compression. Potential breakout opportunity. (breakout prob: 30%, reversal prob: 50%)",LOW,LOW,0.122,"[{'symbol': 'EURUSD', 'action': 'NO_TRADE', 'reason': 'แนวโน้มขาข้างเคียง สัญญาณ RSI และ MACD ยังไม่ชัดเจน ขาดการยืนยันจากวอลุ่มและแนวรับแนวต้านสำคัญ', 'timestamp': '2026-06-26T08:52:30.335386'}, {'symbol': 'EURUSD', 'action': 'NO_TRADE', 'reason': 'ไม่พบข้อมูลราคาหรือตัวบ่งชี้ทางเทคนิคในระบบ จึงไม่สามารถวิเคราะห์สัญญาณซื้อขายได้', 'timestamp': '2026-06-26T08:53:31.968448'}, {'symbol': 'EURUSD', 'action': 'NO_TRADE', 'reason': 'ไม่ได้รับข้อมูลราคาหรือตัวบ่งชี้ทางเทคนิคจากตลาดปัจจุบัน จึงไม่สามารถวิเคราะห์ได้', 'timestamp': '2026-06-26T08:54:31.220286'}, {'symbol': 'EURGBP', 'action': 'NO_TRADE', 'reason': 'ไม่พบข้อมูลราคาตลาด JSON ที่จำเป็นในการวิเคราะห์ทางเทคนิค จึงไม่สามารถประเมินสัญญาณได้', 'timestamp': '2026-06-26T08:55:30.979077'}, {'symbol': 'EURGBP', 'action': 'NO_TRADE', 'reason': 'ไม่พบข้อมูลราคาหรือตัวบ่งชี้ทางเทคนิคในระบบ ไม่สามารถวิเคราะห์สัญญาณได้', 'timestamp': '2026-06-26T08:56:31.098774'}]",True,Passed basic checks,0,50,50,MEDIUM,5,WAIT,รอการวิเคราะห์จาก AI
2026-06-26 08:59:00,1.112235,1.112845,1.112215,1.112755,1.0,EURUSD-OTC,BEARISH,1.112405,1.113172,1.114566,1.117084,1.120186,1.124326,BEARISH,1.119933,1.110347,0.009586,0.005987,31.61,23.41,-0.001698,-0.001432,-0.000266,17.49,13.06,0.001356,10.55,-1.05,0.001393,0.001589,32.44,10.49,30.54,48.88,-0.2394,1,1.0,1.0,False,STABLE,-0.000406,-0.00039,-0.000129,1.110945,1.119665,1.112315,1.113155,1.113575,1.111895,1.111055,20,6.43,1.112612,1.112328,55.74,-3.6e-05,-0.00024,79.72,86.23,0.000659,1.110945,1.113115,1.113147,1.110789,1,1.0,1.112755,1.112845,1.112215,1.112235,ASIAN,62489,HIGH,1.112755,1.112845,1.112215,1.112235,ASIAN,62489,HIGH,NONE,BULLISH,WEAK,HIGH,BEARISH,NORMAL,True,NONE,47,13,-20.0,50,NEUTRAL,False,70,[],0,0,NEUTRAL,BULLISH,40,True,BEAR_TRAP,50,True,False,False,70,False,0,100,DOWN,DOWN,DOWN,0,True,75,55,45,80,False,True,NEUTRAL,70,False,0.0,NONE,False,NONE,False,False,0,False,60,51.30293159609255,20.904779277635825,70.0,47,FAIR,False,75,85,0.10181921949092838,6,90.0,True,RANDOM,70,47.60148193211826,6.422953925385067,True,MOMENTUM_SHIFT,False,True,False,65,True,70,DOWN,100,IMPULSIVE,LOW,DOWN,100,-0.2394,IMPULSIVE,90,30,95,NORMAL,NONE,75,30,85,LOW,58,55,45,-1.05,False,65,1.6011357942208118,19.886420577918827,RANGING,90,False,NONE,1.110945,1.113155,1.112315,FAR,30,50,85,50,NONE,NONE,NONE,False,[],0,0,BREAKOUT_EMERGING,BREAKOUT_EMERGING,53,70,True,34,"Volatility expansion after compression. Potential breakout opportunity. (breakout prob: 30%, reversal prob: 50%)",1.0,0.5,False,True,False,False,0.3,0.3,True,False,False,18,True,[],0,NO,BREAKOUT_EMERGING,"Volatility expansion after compression. Potential breakout opportunity. (breakout prob: 30%, reversal prob: 50%)",LOW,LOW,0.122,"[{'symbol': 'EURUSD', 'action': 'NO_TRADE', 'reason': 'ไม่ได้รับข้อมูลราคาหรือตัวบ่งชี้ทางเทคนิคจากตลาดปัจจุบัน จึงไม่สามารถวิเคราะห์ได้', 'timestamp': '2026-06-26T08:54:31.220286'}, {'symbol': 'EURGBP', 'action': 'NO_TRADE', 'reason': 'ไม่พบข้อมูลราคาตลาด JSON ที่จำเป็นในการวิเคราะห์ทางเทคนิค จึงไม่สามารถประเมินสัญญาณได้', 'timestamp': '2026-06-26T08:55:30.979077'}, {'symbol': 'EURGBP', 'action': 'NO_TRADE', 'reason': 'ไม่พบข้อมูลราคาหรือตัวบ่งชี้ทางเทคนิคในระบบ ไม่สามารถวิเคราะห์สัญญาณได้', 'timestamp': '2026-06-26T08:56:31.098774'}, {'symbol': 'EURUSD', 'action': 'NO_TRADE', 'reason': 'ไม่พบข้อมูลราคาและตัวชี้วัดตลาดปัจจุบัน จึงไม่สามารถวิเคราะห์สัญญาณเทรดได้อย่างถูกต้อง', 'timestamp': '2026-06-26T08:57:30.855879'}, {'symbol': 'EURUSD', 'action': 'NO_TRADE', 'reason': 'ไม่มีข้อมูลตลาด JSON ให้วิเคราะห์ ไม่สามารถประเมินแนวโน้มและสัญญาณได้', 'timestamp': '2026-06-26T08:58:31.597604'}]",True,Passed basic checks,0,50,50,MEDIUM,5,WAIT,รอการวิเคราะห์จาก AI
2026-06-26 09:01:00,1.113515,1.113705,1.113275,1.113495,1.0,EURUSD-OTC,BEARISH,1.112768,1.11323,1.114464,1.116943,1.12003,1.124041,BEARISH,1.119469,1.110314,0.009155,0.006046,49.89,30.41,-0.001572,-0.00146,-0.000112,25.54,17.99,0.001389,16.58,-0.76,0.001388,0.00157,32.47,14.28,28.26,32.87,-0.139,1,1.0,1.0,False,STABLE,-0.000235,-0.000361,-0.00013,1.110945,1.119665,1.113102,1.114048,1.114602,1.112548,1.111602,21,6.28,1.113103,1.11254,68.68,0.000127,-0.000119,89.97,82.94,0.000664,1.110945,1.113705,1.113627,1.110683,1,1.0,1.113495,1.113705,1.113275,1.113515,ASIAN,63430,HIGH,1.113495,1.113705,1.113275,1.113515,ASIAN,63430,HIGH,NONE,BULLISH,WEAK,HIGH,BEARISH,NORMAL,True,NONE,47,13,-20.0,50,NEUTRAL,False,70,[],0,0,NEUTRAL,BULLISH,40,True,BEAR_TRAP,50,True,False,False,70,False,0,100,DOWN,NONE,DOWN,0,True,75,55,45,80,False,True,NEUTRAL,70,False,0.0,NONE,False,NONE,False,False,0,False,60,39.85565356856717,19.4999999999999,65.0,41,FAIR,False,75,85,0.13463156453381697,6,90.0,True,RANDOM,70,55.79141891982542,1.3037853478114076,False,NONE,False,False,False,100,True,70,DOWN,100,IMPULSIVE,LOW,DOWN,100,-0.139,IMPULSIVE,85,30,85,NORMAL,NONE,70,30,80,LOW,58,55,45,-0.76,False,65,1.5142242805160435,28.577571948395658,RANGING,90,False,NONE,1.110945,1.114048,1.113102,FAR,30,50,85,50,NONE,NONE,NONE,False,[],0,0,BREAKOUT_EMERGING,BREAKOUT_EMERGING,52,70,True,34,"Volatility expansion after compression. Potential breakout opportunity. (breakout prob: 30%, reversal prob: 50%)",1.0,0.5,False,False,False,False,0.3,0.3,True,False,False,18,True,[],0,NO,BREAKOUT_EMERGING,"Volatility expansion after compression. Potential breakout opportunity. (breakout prob: 30%, reversal prob: 50%)",LOW,LOW,0.125,"[{'symbol': 'EURGBP', 'action': 'NO_TRADE', 'reason': 'ไม่พบข้อมูลราคาหรือตัวบ่งชี้ทางเทคนิคในระบบ ไม่สามารถวิเคราะห์สัญญาณได้', 'timestamp': '2026-06-26T08:56:31.098774'}, {'symbol': 'EURUSD', 'action': 'NO_TRADE', 'reason': 'ไม่พบข้อมูลราคาและตัวชี้วัดตลาดปัจจุบัน จึงไม่สามารถวิเคราะห์สัญญาณเทรดได้อย่างถูกต้อง', 'timestamp': '2026-06-26T08:57:30.855879'}, {'symbol': 'EURUSD', 'action': 'NO_TRADE', 'reason': 'ไม่มีข้อมูลตลาด JSON ให้วิเคราะห์ ไม่สามารถประเมินแนวโน้มและสัญญาณได้', 'timestamp': '2026-06-26T08:58:31.597604'}, {'symbol': 'EURGBP-OTC', 'action': 'NO_TRADE', 'reason': 'ไม่พบข้อมูลราคาตลาดปัจจุบัน จึงไม่สามารถวิเคราะห์แนวโน้มและสัญญาณได้', 'timestamp': '2026-06-26T08:59:35.715293'}, {'symbol': 'EURGBP-OTC', 'action': 'NO_TRADE', 'reason': 'ไม่พบข้อมูลราคาและตัวชี้วัดตลาดในปัจจุบัน ไม่สามารถวิเคราะห์สัญญาณทางเทคนิคได้', 'timestamp': '2026-06-26T09:00:34.477441'}]",True,Passed basic checks,0,50,50,MEDIUM,5,WAIT,รอการวิเคราะห์จาก AI
2026-06-26 09:03:00,1.114065,1.114475,1.113935,1.114305,1.0,EURUSD-OTC,BEARISH,1.112768,1.11323,1.114464,1.116943,1.12003,1.124041,BEARISH,1.119469,1.110314,0.009155,0.006046,49.89,30.41,-0.001572,-0.00146,-0.000112,25.54,17.99,0.001389,16.58,-0.76,0.001388,0.00157,32.47,14.28,28.26,32.87,-0.139,1,1.0,1.0,False,STABLE,-0.000235,-0.000361,-0.00013,1.110945,1.119665,1.113102,1.114048,1.114602,1.112548,1.111602,21,6.28,1.113722,1.112841,77.78,0.000323,2.5e-05,94.66,93.03,0.00067,1.110945,1.114475,1.11428,1.110565,1,1.0,1.114305,1.114475,1.113935,1.114065,ASIAN,63510,HIGH,1.114305,1.114475,1.113935,1.114065,ASIAN,63510,HIGH,NONE,BULLISH,WEAK,HIGH,BEARISH,NORMAL,True,NONE,47,13,-20.0,50,NEUTRAL,False,70,[],0,0,NEUTRAL,BULLISH,40,True,BEAR_TRAP,50,True,False,False,70,False,0,100,DOWN,NONE,DOWN,0,True,75,55,45,80,False,True,NEUTRAL,70,False,0.0,NONE,False,NONE,False,False,0,False,60,39.85565356856717,19.4999999999999,65.0,41,FAIR,False,75,85,0.13463156453381697,6,90.0,True,RANDOM,70,55.79141891982542,1.3037853478114076,False,NONE,False,False,False,100,True,70,DOWN,100,IMPULSIVE,LOW,DOWN,100,-0.139,IMPULSIVE,85,30,85,NORMAL,NONE,70,30,80,LOW,58,55,45,-0.76,False,65,1.5142242805160435,28.577571948395658,RANGING,90,False,NONE,1.110945,1.114048,1.113102,FAR,30,50,85,50,NONE,NONE,NONE,False,[],0,0,BREAKOUT_EMERGING,BREAKOUT_EMERGING,52,70,True,34,"Volatility expansion after compression. Potential breakout opportunity. (breakout prob: 30%, reversal prob: 50%)",1.0,0.5,False,False,False,False,0.3,0.3,True,False,False,18,True,[],0,NO,BREAKOUT_EMERGING,"Volatility expansion after compression. Potential breakout opportunity. (breakout prob: 30%, reversal prob: 50%)",LOW,LOW,0.125,"[{'symbol': 'EURUSD', 'action': 'NO_TRADE', 'reason': 'ไม่มีข้อมูลตลาด JSON ให้วิเคราะห์ ไม่สามารถประเมินแนวโน้มและสัญญาณได้', 'timestamp': '2026-06-26T08:58:31.597604'}, {'symbol': 'EURGBP-OTC', 'action': 'NO_TRADE', 'reason': 'ไม่พบข้อมูลราคาตลาดปัจจุบัน จึงไม่สามารถวิเคราะห์แนวโน้มและสัญญาณได้', 'timestamp': '2026-06-26T08:59:35.715293'}, {'symbol': 'EURGBP-OTC', 'action': 'NO_TRADE', 'reason': 'ไม่พบข้อมูลราคาและตัวชี้วัดตลาดในปัจจุบัน ไม่สามารถวิเคราะห์สัญญาณทางเทคนิคได้', 'timestamp': '2026-06-26T09:00:34.477441'}, {'symbol': 'EURGBP-OTC', 'action': 'NO_TRADE', 'reason': 'ไม่พบข้อมูลราคาและตัวชี้วัดในปัจจุบัน ไม่สามารถวิเคราะห์สัญญาณเทคนิคได้', 'timestamp': '2026-06-26T09:01:36.790371'}, {'symbol': 'EURGBP-OTC', 'action': 'NO_TRADE', 'reason': 'ไม่พบข้อมูลราคาและตัวชี้วัดตลาดในปัจจุบัน จึงไม่สามารถวิเคราะห์สัญญาณซื้อขายได้', 'timestamp': '2026-06-26T09:02:34.039085'}]",True,Passed basic checks,0,50,50,MEDIUM,5,WAIT,รอการวิเคราะห์จาก AI
2026-06-26 09:05:00,1.114175,1.114265,1.113875,1.114105,1.0,EURUSD-OTC,BEARISH,1.113214,1.113389,1.11443,1.116832,1.11991,1.123923,BEARISH,1.118816,1.110482,0.008334,0.006101,64.35,36.57,-0.001407,-0.001449,4.3e-05,39.64,27.56,0.001389,17.09,-0.79,0.001388,0.001548,31.33,18.77,26.16,16.45,-0.0431,1,1.0,1.0,False,STABLE,-3.2e-05,-0.000308,-0.000133,1.110945,1.119115,1.114052,1.114828,1.115552,1.113328,1.112552,20,5.88,1.113955,1.113078,72.83,0.000421,0.000162,85.28,90.43,0.000656,1.110945,1.114775,1.114731,1.110571,1,1.0,1.114105,1.114265,1.113875,1.114175,ASIAN,63273,HIGH,1.114105,1.114265,1.113875,1.114175,ASIAN,63273,HIGH,NONE,BULLISH,WEAK,HIGH,BEARISH,CHOPPY,False,NONE,47,13,-20.0,50,NEUTRAL,False,70,[],0,0,NEUTRAL,BULLISH,40,False,NONE,0,False,False,False,60,False,0,100,DOWN,NONE,NONE,0,True,75,55,45,80,False,True,NEUTRAL,70,False,0.0,NONE,False,NONE,False,False,0,False,60,38.522637013503996,14.34149804756825,65.0,39,FAIR,False,75,87,0.1662629488630857,6,100.0,True,RANDOM,70,56.59655307109883,0.4367986198253759,False,NONE,False,False,False,100,True,70,DOWN,60,CORRECTIVE,LOW,DOWN,60,-0.0431,CORRECTIVE,55,30,50,NORMAL,NONE,70,30,80,LOW,58,55,45,-0.79,False,65,1.3660055728569087,43.39944271430913,RANGING,90,False,NONE,1.110945,1.114828,1.114052,FAR,30,50,85,50,NONE,NONE,NONE,False,[],0,0,BREAKOUT_EMERGING,BREAKOUT_EMERGING,52,70,True,33,"Volatility expansion after compression. Potential breakout opportunity. (breakout prob: 30%, reversal prob: 50%)",1.0,0.5,False,False,False,False,0.3,0.3,True,False,False,18,True,[],0,NO,BREAKOUT_EMERGING,"Volatility expansion after compression. Potential breakout opportunity. (breakout prob: 30%, reversal prob: 50%)",LOW,LOW,0.125,"[{'symbol': 'EURGBP-OTC', 'action': 'NO_TRADE', 'reason': 'ไม่พบข้อมูลราคาและตัวชี้วัดตลาดในปัจจุบัน ไม่สามารถวิเคราะห์สัญญาณทางเทคนิคได้', 'timestamp': '2026-06-26T09:00:34.477441'}, {'symbol': 'EURGBP-OTC', 'action': 'NO_TRADE', 'reason': 'ไม่พบข้อมูลราคาและตัวชี้วัดในปัจจุบัน ไม่สามารถวิเคราะห์สัญญาณเทคนิคได้', 'timestamp': '2026-06-26T09:01:36.790371'}, {'symbol': 'EURGBP-OTC', 'action': 'NO_TRADE', 'reason': 'ไม่พบข้อมูลราคาและตัวชี้วัดตลาดในปัจจุบัน จึงไม่สามารถวิเคราะห์สัญญาณซื้อขายได้', 'timestamp': '2026-06-26T09:02:34.039085'}, {'symbol': 'EURUSD', 'action': 'NO_TRADE', 'reason': 'ไม่สามารถวิเคราะห์ได้เนื่องจากไม่ได้รับข้อมูลราคาตลาดปัจจุบันกรุณาส่งข้อมูล JSON', 'timestamp': '2026-06-26T09:03:36.964670'}, {'symbol': 'EURUSD', 'action': 'NO_TRADE', 'reason': 'ไม่พบข้อมูลราคาตลาดปัจจุบัน จึงไม่สามารถวิเคราะห์สัญญาณทางเทคนิคอย่างแม่นยำได้', 'timestamp': '2026-06-26T09:04:34.451392'}]",True,Passed basic checks,0,50,50,MEDIUM,5,WAIT,รอการวิเคราะห์จาก AI
2026-06-26 09:09:00,1.113835,1.113855,1.113045,1.113045,1.0,EURUSD-OTC,BEARISH,1.113214,1.113389,1.11443,1.116832,1.11991,1.123923,BEARISH,1.118816,1.110482,0.008334,0.006101,64.35,36.57,-0.001407,-0.001449,4.3e-05,39.64,27.56,0.001389,17.09,-0.79,0.001388,0.001548,31.33,18.77,26.16,16.45,-0.0431,1,1.0,1.0,False,STABLE,-3.2e-05,-0.000308,-0.000133,1.110945,1.119115,1.114052,1.114828,1.115552,1.113328,1.112552,20,5.88,1.113603,1.113265,53.11,0.000344,0.000304,52.64,64.99,0.000654,1.111275,1.114775,1.114858,1.111376,1,1.0,1.113045,1.113855,1.113045,1.113835,ASIAN,62731,HIGH,1.113045,1.113855,1.113045,1.113835,ASIAN,62731,HIGH,NONE,BULLISH,WEAK,HIGH,BEARISH,CHOPPY,False,NONE,47,13,-20.0,50,NEUTRAL,False,70,[],0,0,NEUTRAL,BULLISH,40,False,NONE,0,False,False,False,60,False,0,100,DOWN,NONE,NONE,0,True,75,55,45,80,False,True,NEUTRAL,70,False,0.0,NONE,False,NONE,False,False,0,False,60,38.522637013503996,14.34149804756825,65.0,39,FAIR,False,75,87,0.1662629488630857,6,100.0,True,RANDOM,70,56.59655307109883,0.4367986198253759,False,NONE,False,False,False,100,True,70,DOWN,60,CORRECTIVE,LOW,DOWN,60,-0.0431,CORRECTIVE,55,30,50,NORMAL,NONE,70,30,80,LOW,58,55,45,-0.79,False,65,1.3660055728569087,43.39944271430913,RANGING,90,False,NONE,1.110945,1.114828,1.114052,FAR,30,50,85,50,NONE,NONE,NONE,False,[],0,0,BREAKOUT_EMERGING,BREAKOUT_EMERGING,52,70,True,33,"Volatility expansion after compression. Potential breakout opportunity. (breakout prob: 30%, reversal prob: 50%)",1.0,0.5,False,False,False,False,0.3,0.3,True,False,False,18,True,[],0,NO,BREAKOUT_EMERGING,"Volatility expansion after compression. Potential breakout opportunity. (breakout prob: 30%, reversal prob: 50%)",LOW,LOW,0.125,[],True,Passed basic checks,0,50,50,MEDIUM,5,WAIT,รอการวิเคราะห์จาก AI
2026-06-26 09:11:00,1.112525,1.113295,1.112525,1.113045,1.0,EURUSD-OTC,BEARISH,1.112958,1.113218,1.114241,1.11666,1.119784,1.123969,BEARISH,1.118297,1.110431,0.007866,0.006152,55.22,29.53,-0.001393,-0.001438,4.5e-05,38.65,34.61,0.001472,47.74,-0.14,0.0014,0.001521,30.82,16.97,27.85,24.28,-0.0952,1,1.0,1.0,False,STABLE,6.1e-05,-0.000285,-0.000138,1.110945,1.118145,1.113082,1.113758,1.115072,1.111768,1.111092,20,4.89,1.11316,1.113173,50.17,0.000192,0.00027,26.08,38.33,0.000671,1.111625,1.114775,1.114684,1.111777,1,1.0,1.113045,1.113295,1.112525,1.112525,ASIAN,62558,HIGH,1.113045,1.113295,1.112525,1.112525,ASIAN,62558,HIGH,BEARISH_ENGULFING,BEARISH,WEAK,HIGH,BEARISH,CHOPPY,False,NONE,47,13,-26.666666666666668,50,NEUTRAL,False,70,['BEARISH_ENGULFING'],1,20,BEARISH,BEARISH,60,False,NONE,0,False,False,False,60,False,0,100,DOWN,NONE,NONE,0,True,75,55,45,80,False,True,NEUTRAL,70,False,0.0,NONE,False,NONE,False,False,0,False,60,42.4107142857156,15.32033426183891,65.0,40,FAIR,False,75,87,0.13045939723588762,6,100.0,True,RANDOM,70,51.504340768421955,2.417142659554231,True,MOMENTUM_SHIFT,False,True,False,65,True,70,DOWN,80,CHOPPY,NORMAL,DOWN,80,-0.0952,CHOPPY,75,30,75,NORMAL,NONE,75,30,85,NORMAL,58,55,45,-0.14,False,80,1.2786085825747724,29.947141742522764,RANGING,90,False,NONE,1.110945,1.113758,1.113082,FAR,30,50,85,50,NONE,NONE,NONE,False,[],0,0,SIDEWAY_RANGE,SIDEWAY_RANGE,54,60,True,33,Price ranging between clear levels. Suitable for mean-reversion strategies.,1.0,0.5,False,False,False,False,0.3,0.3,True,False,False,18,True,[],0,NO,SIDEWAY_RANGE,Price ranging between clear levels. Suitable for mean-reversion strategies.,NORMAL,LOW,0.132,"[{'symbol': 'EURGBP-OTC', 'action': 'NO_TRADE', 'reason': 'ตลาดเอเชียมีปริมาณการซื้อขายต่ำและไม่มีข้อมูลเพียงพอในการวิเคราะห์แนวโน้มที่ชัดเจน', 'timestamp': '2026-06-26T09:09:35.953753'}]",True,Passed basic checks,0,50,50,MEDIUM,5,WAIT,รอการวิเคราะห์จาก AI
2026-06-26 19:21:00,1.139895,1.140585,1.139815,1.140325,1.0,EURUSD-OTC,BULLISH,1.139693,1.139413,1.138865,1.135857,1.130869,1.126554,BULLISH,1.141253,1.136491,0.004761,0.012579,25.0,58.23,0.000864,0.000906,-4.1e-05,61.62,58.29,0.001553,60.8,-0.13,0.00149,0.001289,16.16,26.14,19.96,13.42,0.174,1,1.0,1.0,False,STABLE,9.1e-05,9e-05,-3.7e-05,1.135945,1.142155,1.139878,1.140192,1.140458,1.139612,1.139298,26,4.0,1.140037,1.139718,65.67,0.000212,0.000156,79.55,71.83,0.000631,1.138225,1.140585,1.140672,1.138431,1,1.0,1.140325,1.140585,1.139815,1.139895,LONDON,62918,HIGH,1.140325,1.140585,1.139815,1.139895,LONDON,62918,HIGH,NONE,BULLISH,WEAK,LOW_WICK,NEUTRAL,CHAOTIC,NONE,TESTING_PIVOT,43,33,13.333333333333334,50,NEUTRAL,False,70,[],0,0,NEUTRAL,BULLISH,40,False,NONE,0,False,False,False,60,False,0,100,UP,NONE,UP,0,True,75,55,45,80,False,True,NEUTRAL,70,False,0.0,NONE,True,BEARISH,True,True,90,True,70,18.934081346424673,6.53479335923741,60.0,28,POOR,False,75,45,-0.2101268732884269,4,70.0,False,RANDOM,70,46.81047317359932,4.945150577400942,True,MOMENTUM_SHIFT,False,True,False,65,True,70,UP,80,IMPULSIVE,HIGH,UP,80,0.174,IMPULSIVE,80,30,85,WEAK,BEARISH,50,30,60,HIGH,73,40,60,-0.13,False,80,0.3784879561173384,67.36,RANGING,90,False,NONE,1.135945,1.140192,1.139878,FAR,30,50,85,50,NONE,NONE,NONE,False,[],0,0,SIDEWAY_RANGE,SIDEWAY_RANGE,54,60,True,25,Price ranging between clear levels. Suitable for mean-reversion strategies.,1.0,0.5,False,False,True,True,0.3,0.3,True,False,False,22,True,[],0,NO,SIDEWAY_RANGE,Price ranging between clear levels. Suitable for mean-reversion strategies.,HIGH,LOW,0.136,[],True,Passed basic checks,0,50,50,MEDIUM,5,WAIT,รอการวิเคราะห์จาก AI,1.139898,1.139358,47.4,1.140242,1.140668,1.139898,BULLISH,AT_PIVOT
2026-06-26 19:22:00,1.140345,1.141025,1.139965,1.141025,1.0,EURUSD-OTC,BULLISH,1.139693,1.139413,1.138865,1.135857,1.130869,1.126554,BULLISH,1.141253,1.136491,0.004761,0.012579,25.0,58.23,0.000864,0.000906,-4.1e-05,61.62,58.29,0.001553,60.8,-0.13,0.00149,0.001289,16.16,26.14,19.96,13.42,0.174,1,1.0,1.0,False,STABLE,9.1e-05,9e-05,-3.7e-05,1.135945,1.142155,1.139878,1.140192,1.140458,1.139612,1.139298,26,4.0,1.140366,1.139843,73.68,0.00029,0.000183,86.71,78.67,0.000655,1.138225,1.141025,1.140928,1.13833,1,1.0,1.141025,1.141025,1.139965,1.140345,LONDON,63268,HIGH,1.141025,1.141025,1.139965,1.140345,LONDON,63268,HIGH,NONE,BULLISH,WEAK,LOW_WICK,NEUTRAL,CHAOTIC,NONE,NONE,43,33,13.333333333333334,50,NEUTRAL,False,70,[],0,0,NEUTRAL,BULLISH,40,False,NONE,0,False,False,False,60,False,0,100,UP,NONE,UP,0,True,75,55,45,80,False,True,NEUTRAL,70,False,0.0,NONE,True,BEARISH,True,True,90,True,70,18.934081346424673,6.53479335923741,60.0,28,POOR,False,75,45,-0.2101268732884269,4,70.0,False,RANDOM,70,46.81047317359932,4.945150577400942,True,MOMENTUM_SHIFT,False,True,False,65,True,70,UP,80,IMPULSIVE,HIGH,UP,80,0.174,IMPULSIVE,80,30,85,WEAK,BEARISH,50,30,60,HIGH,73,40,60,-0.13,False,80,0.3784879561173384,67.36,RANGING,90,False,NONE,1.135945,1.140192,1.139878,FAR,30,50,85,50,NONE,NONE,NONE,False,[],0,0,SIDEWAY_RANGE,SIDEWAY_RANGE,54,60,True,25,Price ranging between clear levels. Suitable for mean-reversion strategies.,1.0,0.5,False,False,True,True,0.3,0.3,True,False,False,22,True,[],0,NO,SIDEWAY_RANGE,Price ranging between clear levels. Suitable for mean-reversion strategies.,HIGH,LOW,0.136,[],True,Passed basic checks,0,50,50,MEDIUM,5,WAIT,รอการวิเคราะห์จาก AI,1.140103,1.139424,77.4,1.140672,1.141378,1.140318,BULLISH,NONE
2026-06-26 19:23:00,1.141045,1.141255,1.140155,1.140155,1.0,EURUSD-OTC,BULLISH,1.139693,1.139413,1.138865,1.135857,1.130869,1.126554,BULLISH,1.141253,1.136491,0.004761,0.012579,25.0,58.23,0.000864,0.000906,-4.1e-05,61.62,58.29,0.001553,60.8,-0.13,0.00149,0.001289,16.16,26.14,19.96,13.42,0.174,1,1.0,1.0,False,STABLE,9.1e-05,9e-05,-3.7e-05,1.135945,1.142155,1.139878,1.140192,1.140458,1.139612,1.139298,26,4.0,1.140296,1.139873,58.89,0.000278,0.000202,78.76,81.67,0.000669,1.138225,1.141255,1.140902,1.138529,1,1.0,1.140155,1.141255,1.140155,1.141045,LONDON,62672,HIGH,1.140155,1.141255,1.140155,1.141045,LONDON,62672,HIGH,NONE,BULLISH,WEAK,LOW_WICK,NEUTRAL,CHAOTIC,NONE,TESTING_PIVOT,43,33,13.333333333333334,50,NEUTRAL,False,70,[],0,0,NEUTRAL,BULLISH,40,False,NONE,0,False,False,False,60,False,0,100,UP,NONE,UP,0,True,75,55,45,80,False,True,NEUTRAL,70,False,0.0,NONE,True,BEARISH,True,True,90,True,70,18.934081346424673,6.53479335923741,60.0,28,POOR,False,75,45,-0.2101268732884269,4,70.0,False,RANDOM,70,46.81047317359932,4.945150577400942,True,MOMENTUM_SHIFT,False,True,False,65,True,70,UP,80,IMPULSIVE,HIGH,UP,80,0.174,IMPULSIVE,80,30,85,WEAK,BEARISH,50,30,60,HIGH,73,40,60,-0.13,False,80,0.3784879561173384,67.36,RANGING,90,False,NONE,1.135945,1.140192,1.139878,FAR,30,50,85,50,NONE,NONE,NONE,False,[],0,0,SIDEWAY_RANGE,SIDEWAY_RANGE,54,60,True,25,Price ranging between clear levels. Suitable for mean-reversion strategies.,1.0,0.5,False,False,True,True,0.3,0.3,True,False,False,22,True,[],0,NO,SIDEWAY_RANGE,Price ranging between clear levels. Suitable for mean-reversion strategies.,HIGH,LOW,0.136,[],True,Passed basic checks,0,50,50,MEDIUM,5,WAIT,รอการวิเคราะห์จาก AI,1.140113,1.139453,53.47,1.140522,1.140888,1.139788,BULLISH,AT_PIVOT
2026-06-26 19:24:00,1.140115,1.140335,1.139715,1.140085,1.0,EURUSD-OTC,BULLISH,1.139693,1.139413,1.138865,1.135857,1.130869,1.126554,BULLISH,1.141253,1.136491,0.004761,0.012579,25.0,58.23,0.000864,0.000906,-4.1e-05,61.62,58.29,0.001553,60.8,-0.13,0.00149,0.001289,16.16,26.14,19.96,13.42,0.174,1,1.0,1.0,False,STABLE,9.1e-05,9e-05,-3.7e-05,1.135945,1.142155,1.139878,1.140192,1.140458,1.139612,1.139298,26,4.0,1.140226,1.139893,55.62,0.00026,0.000214,63.7,76.39,0.000668,1.138295,1.141255,1.14093,1.138592,1,1.0,1.140085,1.140335,1.139715,1.140115,LONDON,63047,HIGH,1.140085,1.140335,1.139715,1.140115,LONDON,63047,HIGH,NONE,BULLISH,WEAK,LOW_WICK,NEUTRAL,CHAOTIC,NONE,TESTING_PIVOT,43,33,13.333333333333334,50,NEUTRAL,False,70,[],0,0,NEUTRAL,BULLISH,40,False,NONE,0,False,False,False,60,False,0,100,UP,NONE,UP,0,True,75,55,45,80,False,True,NEUTRAL,70,False,0.0,NONE,True,BEARISH,True,True,90,True,70,18.934081346424673,6.53479335923741,60.0,28,POOR,False,75,45,-0.2101268732884269,4,70.0,False,RANDOM,70,46.81047317359932,4.945150577400942,True,MOMENTUM_SHIFT,False,True,False,65,True,70,UP,80,IMPULSIVE,HIGH,UP,80,0.174,IMPULSIVE,80,30,85,WEAK,BEARISH,50,30,60,HIGH,73,40,60,-0.13,False,80,0.3784879561173384,67.36,RANGING,90,False,NONE,1.135945,1.140192,1.139878,FAR,30,50,85,50,NONE,NONE,NONE,False,[],0,0,SIDEWAY_RANGE,SIDEWAY_RANGE,54,60,True,25,Price ranging between clear levels. Suitable for mean-reversion strategies.,1.0,0.5,False,False,True,True,0.3,0.3,True,False,False,22,True,[],0,NO,SIDEWAY_RANGE,Price ranging between clear levels. Suitable for mean-reversion strategies.,HIGH,LOW,0.136,[],True,Passed basic checks,0,50,50,MEDIUM,5,WAIT,รอการวิเคราะห์จาก AI,1.140108,1.139477,58.11,1.140045,1.140375,1.139755,BULLISH,AT_PIVOT
2026-06-26 19:25:00,1.140065,1.141355,1.140035,1.141355,1.0,EURUSD-OTC,BULLISH,1.140247,1.139766,1.139102,1.136072,1.131076,1.126693,BULLISH,1.141628,1.136444,0.005184,0.012594,57.89,67.75,0.000964,0.000917,4.7e-05,71.55,64.02,0.00154,54.77,-0.16,0.001515,0.001282,16.72,29.94,18.37,23.95,0.282,1,1.0,1.0,False,STABLE,8.2e-05,0.000113,-2.6e-05,1.135945,1.142155,1.140808,1.141902,1.142448,1.140262,1.139168,27,4.03,1.140602,1.140032,62.4,0.000344,0.00024,63.7,68.72,0.000703,1.138295,1.141355,1.141213,1.138503,1,1.0,1.141355,1.141355,1.140035,1.140065,LONDON,62451,HIGH,1.141355,1.141355,1.140035,1.140065,LONDON,62451,HIGH,NONE,BULLISH,WEAK,LOW_WICK,NEUTRAL,CHAOTIC,NONE,TESTING_PIVOT,45,33,13.333333333333334,50,NEUTRAL,False,70,[],0,0,NEUTRAL,BULLISH,40,False,NONE,0,False,False,False,60,False,0,100,UP,UP,UP,0,True,75,82,18,80,True,True,CONTINUATION,70,False,0.0,NONE,True,BEARISH,True,True,90,True,70,22.102425876010827,8.36805555555482,60.0,30,POOR,False,75,70,-0.10560107851396608,5,70.0,True,RANDOM,70,46.74552663984377,6.67214909235175,True,MOMENTUM_SHIFT,False,True,False,65,True,70,UP,80,IMPULSIVE,HIGH,UP,80,0.282,IMPULSIVE,80,30,85,WEAK,NONE,55,30,65,HIGH,73,40,60,-0.16,False,80,0.41162458313482614,72.184,RANGING,90,False,NONE,1.135945,1.141902,1.140808,FAR,30,50,85,50,NONE,NONE,NONE,False,[],0,0,SIDEWAY_RANGE,SIDEWAY_RANGE,54,60,True,26,Price ranging between clear levels. Suitable for mean-reversion strategies.,1.0,0.5,False,False,True,True,0.3,0.3,True,False,False,18,True,[],0,NO,SIDEWAY_RANGE,Price ranging between clear levels. Suitable for mean-reversion strategies.,HIGH,LOW,0.135,[],True,Passed basic checks,0,50,50,MEDIUM,5,WAIT,รอการวิเคราะห์จาก AI,1.140334,1.139551,71.87,1.140915,1.141795,1.140475,BULLISH,AT_PIVOT
2026-06-26 19:26:00,1.141365,1.141425,1.140705,1.141025,1.0,EURUSD-OTC,BULLISH,1.140247,1.139766,1.139102,1.136072,1.131076,1.126693,BULLISH,1.141628,1.136444,0.005184,0.012594,57.89,67.75,0.000964,0.000917,4.7e-05,71.55,64.02,0.00154,54.77,-0.16,0.001515,0.001282,16.72,29.94,18.37,23.95,0.282,1,1.0,1.0,False,STABLE,8.2e-05,0.000113,-2.6e-05,1.135945,1.142155,1.140808,1.141902,1.142448,1.140262,1.139168,27,4.03,1.140743,1.140127,62.5,0.00038,0.000268,74.43,67.27,0.000726,1.138295,1.141425,1.141339,1.138587,1,1.0,1.141025,1.141425,1.140705,1.141365,LONDON,62865,HIGH,1.141025,1.141425,1.140705,1.141365,LONDON,62865,HIGH,NONE,BULLISH,WEAK,LOW_WICK,NEUTRAL,CHAOTIC,NONE,TESTING_PIVOT,45,33,13.333333333333334,50,NEUTRAL,False,70,[],0,0,NEUTRAL,BULLISH,40,False,NONE,0,False,False,False,60,False,0,100,UP,UP,UP,0,True,75,82,18,80,True,True,CONTINUATION,70,False,0.0,NONE,True,BEARISH,True,True,90,True,70,22.102425876010827,8.36805555555482,60.0,30,POOR,False,75,70,-0.10560107851396608,5,70.0,True,RANDOM,70,46.74552663984377,6.67214909235175,True,MOMENTUM_SHIFT,False,True,False,65,True,70,UP,80,IMPULSIVE,HIGH,UP,80,0.282,IMPULSIVE,80,30,85,WEAK,NONE,55,30,65,HIGH,73,40,60,-0.16,False,80,0.41162458313482614,72.184,RANGING,90,False,NONE,1.135945,1.141902,1.140808,FAR,30,50,85,50,NONE,NONE,NONE,False,[],0,0,ACCUMULATION,ACCUMULATION,54,65,True,26,"Smart money accumulation. Bullish bias, look for breakout.",1.0,0.5,False,False,True,True,0.3,0.3,True,False,False,18,True,[],0,NO,ACCUMULATION,"Smart money accumulation. Bullish bias, look for breakout.",HIGH,LOW,0.135,[],True,Passed basic checks,0,50,50,MEDIUM,5,WAIT,รอการวิเคราะห์จาก AI,1.14046,1.139609,62.37,1.141052,1.141398,1.140678,BULLISH,AT_PIVOT
2026-06-26 19:27:00,1.141015,1.141935,1.140935,1.141695,1.0,EURUSD-OTC,BULLISH,1.140247,1.139766,1.139102,1.136072,1.131076,1.126693,BULLISH,1.141628,1.136444,0.005184,0.012594,57.89,67.75,0.000964,0.000917,4.7e-05,71.55,64.02,0.00154,54.77,-0.16,0.001515,0.001282,16.72,29.94,18.37,23.95,0.282,1,1.0,1.0,False,STABLE,8.2e-05,0.000113,-2.6e-05,1.135945,1.142155,1.140808,1.141902,1.142448,1.140262,1.139168,27,4.03,1.14106,1.140276,62.25,0.000457,0.000306,89.89,76.0,0.000741,1.138295,1.141935,1.141582,1.138628,1,1.0,1.141695,1.141935,1.140935,1.141015,LONDON,63297,HIGH,1.141695,1.141935,1.140935,1.141015,LONDON,63297,HIGH,NONE,BULLISH,WEAK,LOW_WICK,NEUTRAL,CHAOTIC,NONE,TESTING_RESISTANCE,45,33,13.333333333333334,50,NEUTRAL,False,70,[],0,0,NEUTRAL,BULLISH,40,False,NONE,0,False,False,False,60,False,0,100,UP,UP,UP,0,True,75,82,18,80,True,True,CONTINUATION,70,False,0.0,NONE,True,BEARISH,True,True,90,True,70,22.102425876010827,8.36805555555482,60.0,30,POOR,False,75,70,-0.10560107851396608,5,70.0,True,RANDOM,70,46.74552663984377,6.67214909235175,True,MOMENTUM_SHIFT,False,True,False,65,True,70,UP,80,IMPULSIVE,HIGH,UP,80,0.282,IMPULSIVE,80,30,85,WEAK,NONE,55,30,65,HIGH,73,40,60,-0.16,False,80,0.41162458313482614,72.184,RANGING,90,False,NONE,1.135945,1.141902,1.140808,FAR,30,50,85,50,NONE,NONE,NONE,False,[],0,0,ACCUMULATION,ACCUMULATION,54,65,True,26,"Smart money accumulation. Bullish bias, look for breakout.",1.0,0.5,False,False,True,True,0.3,0.3,True,False,False,18,True,[],0,NO,ACCUMULATION,"Smart money accumulation. Bullish bias, look for breakout.",HIGH,LOW,0.135,[],True,Passed basic checks,0,50,50,MEDIUM,5,WAIT,รอการวิเคราะห์จาก AI,1.140685,1.139691,70.53,1.141522,1.142108,1.141108,BULLISH,AT_RESISTANCE
2026-06-26 19:28:00,1.141685,1.141745,1.141285,1.141415,1.0,EURUSD-OTC,BULLISH,1.140247,1.139766,1.139102,1.136072,1.131076,1.126693,BULLISH,1.141628,1.136444,0.005184,0.012594,57.89,67.75,0.000964,0.000917,4.7e-05,71.55,64.02,0.00154,54.77,-0.16,0.001515,0.001282,16.72,29.94,18.37,23.95,0.282,1,1.0,1.0,False,STABLE,8.2e-05,0.000113,-2.6e-05,1.135945,1.142155,1.140808,1.141902,1.142448,1.140262,1.139168,27,4.03,1.141179,1.140385,58.1,0.00049,0.000343,82.58,82.3,0.00073,1.138295,1.141935,1.141653,1.138839,1,1.0,1.141415,1.141745,1.141285,1.141685,LONDON,62735,HIGH,1.141415,1.141745,1.141285,1.141685,LONDON,62735,HIGH,NONE,BULLISH,WEAK,LOW_WICK,NEUTRAL,CHAOTIC,NONE,TESTING_PIVOT,45,33,13.333333333333334,50,NEUTRAL,False,70,[],0,0,NEUTRAL,BULLISH,40,False,NONE,0,False,False,False,60,False,0,100,UP,UP,UP,0,True,75,82,18,80,True,True,CONTINUATION,70,False,0.0,NONE,True,BEARISH,True,True,90,True,70,22.102425876010827,8.36805555555482,60.0,30,POOR,False,75,70,-0.10560107851396608,5,70.0,True,RANDOM,70,46.74552663984377,6.67214909235175,True,MOMENTUM_SHIFT,False,True,False,65,True,70,UP,80,IMPULSIVE,HIGH,UP,80,0.282,IMPULSIVE,80,30,85,WEAK,NONE,55,30,65,HIGH,73,40,60,-0.16,False,80,0.41162458313482614,72.184,RANGING,90,False,NONE,1.135945,1.141902,1.140808,FAR,30,50,85,50,NONE,NONE,NONE,False,[],0,0,ACCUMULATION,ACCUMULATION,54,65,True,26,"Smart money accumulation. Bullish bias, look for breakout.",1.0,0.5,False,False,True,True,0.3,0.3,True,False,False,18,True,[],0,NO,ACCUMULATION,"Smart money accumulation. Bullish bias, look for breakout.",HIGH,LOW,0.135,[],True,Passed basic checks,0,50,50,MEDIUM,5,WAIT,รอการวิเคราะห์จาก AI,1.140817,1.139758,63.01,1.141482,1.141678,1.141218,BULLISH,AT_PIVOT
2026-06-26 19:29:00,1.141395,1.141655,1.141075,1.141525,1.0,EURUSD-OTC,BULLISH,1.140247,1.139766,1.139102,1.136072,1.131076,1.126693,BULLISH,1.141628,1.136444,0.005184,0.012594,57.89,67.75,0.000964,0.000917,4.7e-05,71.55,64.02,0.00154,54.77,-0.16,0.001515,0.001282,16.72,29.94,18.37,23.95,0.282,1,1.0,1.0,False,STABLE,8.2e-05,0.000113,-2.6e-05,1.135945,1.142155,1.140808,1.141902,1.142448,1.140262,1.139168,27,4.03,1.141294,1.140493,64.44,0.000519,0.000378,83.54,85.34,0.000711,1.139155,1.141935,1.141789,1.138936,1,1.0,1.141525,1.141655,1.141075,1.141395,LONDON,63086,HIGH,1.141525,1.141655,1.141075,1.141395,LONDON,63086,HIGH,NONE,BULLISH,WEAK,LOW_WICK,NEUTRAL,CHAOTIC,NONE,TESTING_PIVOT,45,33,13.333333333333334,50,NEUTRAL,False,70,[],0,0,NEUTRAL,BULLISH,40,False,NONE,0,False,False,False,60,False,0,100,UP,UP,UP,0,True,75,82,18,80,True,True,CONTINUATION,70,False,0.0,NONE,True,BEARISH,True,True,90,True,70,22.102425876010827,8.36805555555482,60.0,30,POOR,False,75,70,-0.10560107851396608,5,70.0,True,RANDOM,70,46.74552663984377,6.67214909235175,True,MOMENTUM_SHIFT,False,True,False,65,True,70,UP,80,IMPULSIVE,HIGH,UP,80,0.282,IMPULSIVE,80,30,85,WEAK,NONE,55,30,65,HIGH,73,40,60,-0.16,False,80,0.41162458313482614,72.184,RANGING,90,False,NONE,1.135945,1.141902,1.140808,FAR,30,50,85,50,NONE,NONE,NONE,False,[],0,0,ACCUMULATION,ACCUMULATION,54,65,True,26,"Smart money accumulation. Bullish bias, look for breakout.",1.0,0.5,False,False,True,True,0.3,0.3,True,False,False,18,True,[],0,NO,ACCUMULATION,"Smart money accumulation. Bullish bias, look for breakout.",HIGH,LOW,0.135,[],True,Passed basic checks,0,50,50,MEDIUM,5,WAIT,รอการวิเคราะห์จาก AI,1.140946,1.139827,56.94,1.141418,1.141762,1.141182,BULLISH,AT_PIVOT
2026-06-26 19:30:00,1.141505,1.141685,1.141185,1.141185,1.0,EURUSD-OTC,BULLISH,1.14056,1.140024,1.139301,1.136273,1.131272,1.126806,BULLISH,1.141911,1.136385,0.005527,0.012607,86.52,64.95,0.001018,0.000937,8e-05,78.53,70.57,0.001541,52.76,-0.17,0.001541,0.001273,17.56,30.98,17.26,28.45,-0.0438,1,1.0,1.0,False,STABLE,3.6e-05,0.000142,-1.9e-05,1.135945,1.142155,1.141275,1.141845,1.142505,1.140615,1.140045,28,4.03,1.141258,1.140559,60.34,0.000509,0.000404,76.37,80.83,0.000715,1.139185,1.141935,1.141858,1.139035,1,1.0,1.141185,1.141685,1.141185,1.141505,LONDON,63488,HIGH,1.141185,1.141685,1.141185,1.141505,LONDON,63488,HIGH,NONE,BEARISH,WEAK,HIGH_WICK,NEUTRAL,CHAOTIC,NONE,TESTING_PIVOT,44,36,6.666666666666667,50,NEUTRAL,False,70,[],0,0,NEUTRAL,BEARISH,40,False,NONE,0,False,False,False,60,False,0,100,UP,UP,NONE,0,True,75,82,18,80,True,True,CONTINUATION,70,False,0.0,NONE,True,BEARISH,True,True,90,True,70,15.841584158414863,6.866804692891428,55.00000000000001,25,POOR,False,75,70,-0.09908813349608814,5,70.0,True,RANDOM,70,46.552088851621555,6.497138625935245,True,MOMENTUM_SHIFT,False,True,False,65,True,70,UP,60,CORRECTIVE,HIGH,UP,60,-0.0438,CORRECTIVE,55,30,50,WEAK,BULLISH,55,30,65,HIGH,73,40,60,-0.17,False,80,0.4384072340763068,73.792,RANGING,90,False,NONE,1.135945,1.141845,1.141275,FAR,30,50,85,50,NONE,NONE,NONE,False,[],0,0,SIDEWAY_RANGE,SIDEWAY_RANGE,52,60,True,26,Price ranging between clear levels. Suitable for mean-reversion strategies.,1.0,0.5,False,False,True,True,0.3,0.3,True,False,False,18,True,[],0,NO,SIDEWAY_RANGE,Price ranging between clear levels. Suitable for mean-reversion strategies.,HIGH,LOW,0.135,[],True,Passed basic checks,0,50,50,MEDIUM,5,WAIT,รอการวิเคราะห์จาก AI,1.140989,1.139881,66.78,1.141352,1.141518,1.141018,BEARISH,AT_PIVOT
2026-06-26 19:31:00,1.141205,1.141215,1.140445,1.140645,1.0,EURUSD-OTC,BULLISH,1.14056,1.140024,1.139301,1.136273,1.131272,1.126806,BULLISH,1.141911,1.136385,0.005527,0.012607,86.52,64.95,0.001018,0.000937,8e-05,78.53,70.57,0.001541,52.76,-0.17,0.001541,0.001273,17.56,30.98,17.26,28.45,-0.0438,1,1.0,1.0,False,STABLE,3.6e-05,0.000142,-1.9e-05,1.135945,1.142155,1.141275,1.141845,1.142505,1.140615,1.140045,28,4.03,1.141053,1.140567,58.0,0.000452,0.000414,65.54,75.15,0.000738,1.139445,1.141935,1.141871,1.139102,1,1.0,1.140645,1.141215,1.140445,1.141205,LONDON,62863,HIGH,1.140645,1.141215,1.140445,1.141205,LONDON,62863,HIGH,NONE,BEARISH,WEAK,HIGH_WICK,NEUTRAL,CHAOTIC,NONE,TESTING_PIVOT,44,36,6.666666666666667,50,NEUTRAL,False,70,[],0,0,NEUTRAL,BEARISH,40,False,NONE,0,False,False,False,60,False,0,100,UP,UP,NONE,0,True,75,82,18,80,True,True,CONTINUATION,70,False,0.0,NONE,True,BEARISH,True,True,90,True,70,15.841584158414863,6.866804692891428,55.00000000000001,25,POOR,False,75,70,-0.09908813349608814,5,70.0,True,RANDOM,70,46.552088851621555,6.497138625935245,True,MOMENTUM_SHIFT,False,True,False,65,True,70,UP,60,CORRECTIVE,HIGH,UP,60,-0.0438,CORRECTIVE,55,30,50,WEAK,BULLISH,55,30,65,HIGH,73,40,60,-0.17,False,80,0.4384072340763068,73.792,RANGING,90,False,NONE,1.135945,1.141845,1.141275,FAR,30,50,85,50,NONE,NONE,NONE,False,[],0,0,SIDEWAY_RANGE,SIDEWAY_RANGE,52,60,True,26,Price ranging between clear levels. Suitable for mean-reversion strategies.,1.0,0.5,False,False,True,True,0.3,0.3,True,False,False,18,True,[],0,NO,SIDEWAY_RANGE,Price ranging between clear levels. Suitable for mean-reversion strategies.,HIGH,LOW,0.135,[],True,Passed basic checks,0,50,50,MEDIUM,5,WAIT,รอการวิเคราะห์จาก AI,1.140927,1.139911,57.91,1.140768,1.141092,1.140322,BEARISH,AT_PIVOT
2026-06-26 19:32:00,1.140625,1.140675,1.139825,1.140095,1.0,EURUSD-OTC,BULLISH,1.14056,1.140024,1.139301,1.136273,1.131272,1.126806,BULLISH,1.141911,1.136385,0.005527,0.012607,86.52,64.95,0.001018,0.000937,8e-05,78.53,70.57,0.001541,52.76,-0.17,0.001541,0.001273,17.56,30.98,17.26,28.45,-0.0438,1,1.0,1.0,False,STABLE,3.6e-05,0.000142,-1.9e-05,1.135945,1.142155,1.141275,1.141845,1.142505,1.140615,1.140045,28,4.03,1.140734,1.140522,53.34,0.000358,0.000403,45.21,62.37,0.000771,1.139445,1.141935,1.141836,1.139196,1,1.0,1.140095,1.140675,1.139825,1.140625,LONDON,63232,HIGH,1.140095,1.140675,1.139825,1.140625,LONDON,63232,HIGH,NONE,BEARISH,WEAK,HIGH_WICK,NEUTRAL,CHAOTIC,NONE,NONE,44,36,6.666666666666667,50,NEUTRAL,False,70,[],0,0,NEUTRAL,BEARISH,40,False,NONE,0,False,False,False,60,False,0,100,UP,UP,NONE,0,True,75,82,18,80,True,True,CONTINUATION,70,False,0.0,NONE,True,BEARISH,True,True,90,True,70,15.841584158414863,6.866804692891428,55.00000000000001,25,POOR,False,75,70,-0.09908813349608814,5,70.0,True,RANDOM,70,46.552088851621555,6.497138625935245,True,MOMENTUM_SHIFT,False,True,False,65,True,70,UP,60,CORRECTIVE,HIGH,UP,60,-0.0438,CORRECTIVE,55,30,50,WEAK,BULLISH,55,30,65,HIGH,73,40,60,-0.17,False,80,0.4384072340763068,73.792,RANGING,90,False,NONE,1.135945,1.141845,1.141275,FAR,30,50,85,50,NONE,NONE,NONE,False,[],0,0,SIDEWAY_RANGE,SIDEWAY_RANGE,52,60,True,26,Price ranging between clear levels. Suitable for mean-reversion strategies.,1.0,0.5,False,False,True,True,0.3,0.3,True,False,False,18,True,[],0,NO,SIDEWAY_RANGE,Price ranging between clear levels. Suitable for mean-reversion strategies.,HIGH,LOW,0.135,[],True,Passed basic checks,0,50,50,MEDIUM,5,WAIT,รอการวิเคราะห์จาก AI,1.140776,1.139918,27.66,1.140198,1.140572,1.139722,BEARISH,NONE
2026-06-26 19:33:00,1.140105,1.140765,1.140075,1.140725,1.0,EURUSD-OTC,BULLISH,1.14056,1.140024,1.139301,1.136273,1.131272,1.126806,BULLISH,1.141911,1.136385,0.005527,0.012607,86.52,64.95,0.001018,0.000937,8e-05,78.53,70.57,0.001541,52.76,-0.17,0.001541,0.001273,17.56,30.98,17.26,28.45,-0.0438,1,1.0,1.0,False,STABLE,3.6e-05,0.000142,-1.9e-05,1.135945,1.142155,1.141275,1.141845,1.142505,1.140615,1.140045,28,4.03,1.140731,1.140542,54.62,0.000331,0.000388,38.59,49.78,0.000784,1.139565,1.141935,1.141857,1.139226,1,1.0,1.140725,1.140765,1.140075,1.140105,LONDON,62802,HIGH,1.140725,1.140765,1.140075,1.140105,LONDON,62802,HIGH,NONE,BEARISH,WEAK,HIGH_WICK,NEUTRAL,CHAOTIC,NONE,TESTING_PIVOT,44,36,6.666666666666667,50,NEUTRAL,False,70,[],0,0,NEUTRAL,BEARISH,40,False,NONE,0,False,False,False,60,False,0,100,UP,UP,NONE,0,True,75,82,18,80,True,True,CONTINUATION,70,False,0.0,NONE,True,BEARISH,True,True,90,True,70,15.841584158414863,6.866804692891428,55.00000000000001,25,POOR,False,75,70,-0.09908813349608814,5,70.0,True,RANDOM,70,46.552088851621555,6.497138625935245,True,MOMENTUM_SHIFT,False,True,False,65,True,70,UP,60,CORRECTIVE,HIGH,UP,60,-0.0438,CORRECTIVE,55,30,50,WEAK,BULLISH,55,30,65,HIGH,73,40,60,-0.17,False,80,0.4384072340763068,73.792,RANGING,90,False,NONE,1.135945,1.141845,1.141275,FAR,30,50,85,50,NONE,NONE,NONE,False,[],0,0,SIDEWAY_RANGE,SIDEWAY_RANGE,52,60,True,26,Price ranging between clear levels. Suitable for mean-reversion strategies.,1.0,0.5,False,False,True,True,0.3,0.3,True,False,False,18,True,[],0,NO,SIDEWAY_RANGE,Price ranging between clear levels. Suitable for mean-reversion strategies.,HIGH,LOW,0.135,[],True,Passed basic checks,0,50,50,MEDIUM,5,WAIT,รอการวิเคราะห์จาก AI,1.140766,1.13995,45.19,1.140522,1.140968,1.140278,BEARISH,AT_PIVOT
2026-06-26 19:34:00,1.140715,1.141205,1.140465,1.140865,1.0,EURUSD-OTC,BULLISH,1.14056,1.140024,1.139301,1.136273,1.131272,1.126806,BULLISH,1.141911,1.136385,0.005527,0.012607,86.52,64.95,0.001018,0.000937,8e-05,78.53,70.57,0.001541,52.76,-0.17,0.001541,0.001273,17.56,30.98,17.26,28.45,-0.0438,1,1.0,1.0,False,STABLE,3.6e-05,0.000142,-1.9e-05,1.135945,1.142155,1.141275,1.141845,1.142505,1.140615,1.140045,28,4.03,1.140776,1.140572,56.81,0.000317,0.000374,40.67,41.49,0.000799,1.139565,1.141935,1.141885,1.139242,1,1.0,1.140865,1.141205,1.140465,1.140715,LONDON,63205,HIGH,1.140865,1.141205,1.140465,1.140715,LONDON,63205,HIGH,NONE,BEARISH,WEAK,HIGH_WICK,NEUTRAL,CHAOTIC,NONE,TESTING_PIVOT,44,36,6.666666666666667,50,NEUTRAL,False,70,[],0,0,NEUTRAL,BEARISH,40,False,NONE,0,False,False,False,60,False,0,100,UP,UP,NONE,0,True,75,82,18,80,True,True,CONTINUATION,70,False,0.0,NONE,True,BEARISH,True,True,90,True,70,15.841584158414863,6.866804692891428,55.00000000000001,25,POOR,False,75,70,-0.09908813349608814,5,70.0,True,RANDOM,70,46.552088851621555,6.497138625935245,True,MOMENTUM_SHIFT,False,True,False,65,True,70,UP,60,CORRECTIVE,HIGH,UP,60,-0.0438,CORRECTIVE,55,30,50,WEAK,BULLISH,55,30,65,HIGH,73,40,60,-0.17,False,80,0.4384072340763068,73.792,RANGING,90,False,NONE,1.135945,1.141845,1.141275,FAR,30,50,85,50,NONE,NONE,NONE,False,[],0,0,SIDEWAY_RANGE,SIDEWAY_RANGE,52,60,True,26,Price ranging between clear levels. Suitable for mean-reversion strategies.,1.0,0.5,False,False,True,True,0.3,0.3,True,False,False,18,True,[],0,NO,SIDEWAY_RANGE,Price ranging between clear levels. Suitable for mean-reversion strategies.,HIGH,LOW,0.135,[],True,Passed basic checks,0,50,50,MEDIUM,5,WAIT,รอการวิเคราะห์จาก AI,1.140784,1.139985,33.98,1.140845,1.141225,1.140485,BEARISH,AT_PIVOT
2026-06-26 19:35:00,1.140925,1.141065,1.140445,1.140575,1.0,EURUSD-OTC,BULLISH,1.140565,1.140124,1.139422,1.136441,1.131424,1.126709,BULLISH,1.142053,1.136381,0.005672,0.012605,74.76,68.16,0.000999,0.00095,4.9e-05,81.62,77.23,0.001489,36.18,-0.33,0.001541,0.001283,17.53,28.85,20.41,17.14,-0.0131,1,1.0,1.0,False,STABLE,0.000156,0.000163,-1.2e-05,1.135945,1.142155,1.140538,1.141252,1.141928,1.139862,1.139148,29,4.17,1.140709,1.140573,51.84,0.000279,0.000355,46.35,41.87,0.000788,1.139565,1.141935,1.141881,1.139315,1,1.0,1.140575,1.141065,1.140445,1.140925,LONDON,62655,HIGH,1.140575,1.141065,1.140445,1.140925,LONDON,62655,HIGH,EVENING_STAR,BEARISH,WEAK,LOW_WICK,NEUTRAL,CHAOTIC,NONE,TESTING_PIVOT,45,33,6.666666666666667,50,NEUTRAL,False,70,['EVENING_STAR'],1,20,BEARISH,BEARISH,60,False,NONE,0,False,False,False,60,False,0,100,UP,NONE,NONE,0,True,75,82,18,80,True,True,CONTINUATION,70,False,0.0,NONE,True,BEARISH,True,False,50,False,70,9.517241379310084,5.150068212823668,50.0,21,POOR,False,75,70,-0.11669133836985139,5,70.0,True,RANDOM,70,46.90095507905432,5.269695464920122,True,MOMENTUM_SHIFT,False,True,False,65,True,70,UP,100,CHOPPY,NORMAL,UP,100,-0.0131,CHOPPY,75,30,75,WEAK,BULLISH,55,30,65,NORMAL,58,40,60,-0.33,False,80,0.44998016660055534,87.056,RANGING,90,False,NONE,1.135945,1.141252,1.140538,FAR,30,50,85,50,NONE,NONE,NONE,False,[],0,0,SIDEWAY_RANGE,SIDEWAY_RANGE,63,60,True,27,Price ranging between clear levels. Suitable for mean-reversion strategies.,1.0,0.5,False,False,True,True,0.3,0.3,True,False,False,18,True,[],0,NO,SIDEWAY_RANGE,Price ranging between clear levels. Suitable for mean-reversion strategies.,NORMAL,LOW,0.131,[],True,Passed basic checks,0,50,50,MEDIUM,5,WAIT,รอการวิเคราะห์จาก AI,1.140746,1.140009,33.85,1.140695,1.140945,1.140325,BEARISH,AT_PIVOT
2026-06-26 19:36:00,1.140555,1.141125,1.140425,1.141125,1.0,EURUSD-OTC,BULLISH,1.140565,1.140124,1.139422,1.136441,1.131424,1.126709,BULLISH,1.142053,1.136381,0.005672,0.012605,74.76,68.16,0.000999,0.00095,4.9e-05,81.62,77.23,0.001489,36.18,-0.33,0.001541,0.001283,17.53,28.85,20.41,17.14,-0.0131,1,1.0,1.0,False,STABLE,0.000156,0.000163,-1.2e-05,1.135945,1.142155,1.140538,1.141252,1.141928,1.139862,1.139148,29,4.17,1.140848,1.140625,50.75,0.000291,0.000342,51.35,46.12,0.000762,1.139565,1.141935,1.141922,1.139391,1,1.0,1.141125,1.141125,1.140425,1.140555,LONDON,63115,HIGH,1.141125,1.141125,1.140425,1.140555,LONDON,63115,HIGH,EVENING_STAR,BEARISH,WEAK,LOW_WICK,NEUTRAL,CHAOTIC,NONE,TESTING_PIVOT,45,33,6.666666666666667,50,NEUTRAL,False,70,['EVENING_STAR'],1,20,BEARISH,BEARISH,60,False,NONE,0,False,False,False,60,False,0,100,UP,NONE,NONE,0,True,75,82,18,80,True,True,CONTINUATION,70,False,0.0,NONE,True,BEARISH,True,False,50,False,70,9.517241379310084,5.150068212823668,50.0,21,POOR,False,75,70,-0.11669133836985139,5,70.0,True,RANDOM,70,46.90095507905432,5.269695464920122,True,MOMENTUM_SHIFT,False,True,False,65,True,70,UP,100,CHOPPY,NORMAL,UP,100,-0.0131,CHOPPY,75,30,75,WEAK,BULLISH,55,30,65,NORMAL,58,40,60,-0.33,False,80,0.44998016660055534,87.056,RANGING,90,False,NONE,1.135945,1.141252,1.140538,FAR,30,50,85,50,NONE,NONE,NONE,False,[],0,0,SIDEWAY_RANGE,SIDEWAY_RANGE,63,60,True,27,Price ranging between clear levels. Suitable for mean-reversion strategies.,1.0,0.5,False,False,True,True,0.3,0.3,True,False,False,18,True,[],0,NO,SIDEWAY_RANGE,Price ranging between clear levels. Suitable for mean-reversion strategies.,NORMAL,LOW,0.13,[],True,Passed basic checks,0,50,50,MEDIUM,5,WAIT,รอการวิเคราะห์จาก AI,1.140815,1.140052,43.42,1.140892,1.141358,1.140658,BEARISH,AT_PIVOT
2026-06-26 19:37:00,1.141185,1.141675,1.141145,1.141565,1.0,EURUSD-OTC,BULLISH,1.140565,1.140124,1.139422,1.136441,1.131424,1.126709,BULLISH,1.142053,1.136381,0.005672,0.012605,74.76,68.16,0.000999,0.00095,4.9e-05,81.62,77.23,0.001489,36.18,-0.33,0.001541,0.001283,17.53,28.85,20.41,17.14,-0.0131,1,1.0,1.0,False,STABLE,0.000156,0.000163,-1.2e-05,1.135945,1.142155,1.140538,1.141252,1.141928,1.139862,1.139148,29,4.17,1.141087,1.140715,61.35,0.000331,0.00034,61.86,53.19,0.000723,1.139565,1.141935,1.141988,1.139516,1,1.0,1.141565,1.141675,1.141145,1.141185,LONDON,62466,HIGH,1.141565,1.141675,1.141145,1.141185,LONDON,62466,HIGH,EVENING_STAR,BEARISH,WEAK,LOW_WICK,NEUTRAL,CHAOTIC,NONE,TESTING_RESISTANCE,45,33,6.666666666666667,50,NEUTRAL,False,70,['EVENING_STAR'],1,20,BEARISH,BEARISH,60,False,NONE,0,False,False,False,60,False,0,100,UP,NONE,NONE,0,True,75,82,18,80,True,True,CONTINUATION,70,False,0.0,NONE,True,BEARISH,True,False,50,False,70,9.517241379310084,5.150068212823668,50.0,21,POOR,False,75,70,-0.11669133836985139,5,70.0,True,RANDOM,70,46.90095507905432,5.269695464920122,True,MOMENTUM_SHIFT,False,True,False,65,True,70,UP,100,CHOPPY,NORMAL,UP,100,-0.0131,CHOPPY,75,30,75,WEAK,BULLISH,55,30,65,NORMAL,58,40,60,-0.33,False,80,0.44998016660055534,87.056,RANGING,90,False,NONE,1.135945,1.141252,1.140538,FAR,30,50,85,50,NONE,NONE,NONE,False,[],0,0,SIDEWAY_RANGE,SIDEWAY_RANGE,63,60,True,27,Price ranging between clear levels. Suitable for mean-reversion strategies.,1.0,0.5,False,False,True,True,0.3,0.3,True,False,False,18,True,[],0,NO,SIDEWAY_RANGE,Price ranging between clear levels. Suitable for mean-reversion strategies.,NORMAL,LOW,0.13,[],True,Passed basic checks,0,50,50,MEDIUM,5,WAIT,รอการวิเคราะห์จาก AI,1.140951,1.140112,56.05,1.141462,1.141778,1.141248,BEARISH,AT_RESISTANCE
2026-06-26 19:38:00,1.141535,1.142195,1.141465,1.141915,1.0,EURUSD-OTC,BULLISH,1.140565,1.140124,1.139422,1.136441,1.131424,1.126709,BULLISH,1.142053,1.136381,0.005672,0.012605,74.76,68.16,0.000999,0.00095,4.9e-05,81.62,77.23,0.001489,36.18,-0.33,0.001541,0.001283,17.53,28.85,20.41,17.14,-0.0131,1,1.0,1.0,False,STABLE,0.000156,0.000163,-1.2e-05,1.135945,1.142155,1.140538,1.141252,1.141928,1.139862,1.139148,29,4.17,1.141363,1.140829,64.1,0.000387,0.000349,78.34,63.85,0.000731,1.139585,1.142195,1.14209,1.139641,1,1.0,1.141915,1.142195,1.141465,1.141535,LONDON,62965,HIGH,1.141915,1.142195,1.141465,1.141535,LONDON,62965,HIGH,EVENING_STAR,BEARISH,WEAK,LOW_WICK,NEUTRAL,CHAOTIC,NONE,TESTING_RESISTANCE,45,33,6.666666666666667,50,NEUTRAL,False,70,['EVENING_STAR'],1,20,BEARISH,BEARISH,60,False,NONE,0,False,False,False,60,False,0,100,UP,NONE,NONE,0,True,75,82,18,80,True,True,CONTINUATION,70,False,0.0,NONE,True,BEARISH,True,False,50,False,70,9.517241379310084,5.150068212823668,50.0,21,POOR,False,75,70,-0.11669133836985139,5,70.0,True,RANDOM,70,46.90095507905432,5.269695464920122,True,MOMENTUM_SHIFT,False,True,False,65,True,70,UP,100,CHOPPY,NORMAL,UP,100,-0.0131,CHOPPY,75,30,75,WEAK,BULLISH,55,30,65,NORMAL,58,40,60,-0.33,False,80,0.44998016660055534,87.056,RANGING,90,False,NONE,1.135945,1.141252,1.140538,FAR,30,50,85,50,NONE,NONE,NONE,False,[],0,0,SIDEWAY_RANGE,SIDEWAY_RANGE,63,60,True,27,Price ranging between clear levels. Suitable for mean-reversion strategies.,1.0,0.5,False,False,True,True,0.3,0.3,True,False,False,18,True,[],0,NO,SIDEWAY_RANGE,Price ranging between clear levels. Suitable for mean-reversion strategies.,NORMAL,LOW,0.13,[],True,Passed basic checks,0,50,50,MEDIUM,5,WAIT,รอการวิเคราะห์จาก AI,1.141127,1.140182,71.53,1.141858,1.142252,1.141522,BEARISH,AT_RESISTANCE
2026-06-26 19:39:00,1.141975,1.142185,1.141555,1.142185,1.0,EURUSD-OTC,BULLISH,1.140565,1.140124,1.139422,1.136441,1.131424,1.126709,BULLISH,1.142053,1.136381,0.005672,0.012605,74.76,68.16,0.000999,0.00095,4.9e-05,81.62,77.23,0.001489,36.18,-0.33,0.001541,0.001283,17.53,28.85,20.41,17.14,-0.0131,1,1.0,1.0,False,STABLE,0.000156,0.000163,-1.2e-05,1.135945,1.142155,1.140538,1.141252,1.141928,1.139862,1.139148,29,4.17,1.141637,1.140958,57.56,0.000448,0.000369,90.37,76.86,0.000681,1.139585,1.142195,1.142271,1.13967,1,1.0,1.142185,1.142185,1.141555,1.141975,LONDON,63383,HIGH,1.142185,1.142185,1.141555,1.141975,LONDON,63383,HIGH,EVENING_STAR,BEARISH,WEAK,LOW_WICK,NEUTRAL,CHAOTIC,NONE,TESTING_RESISTANCE,45,33,6.666666666666667,50,NEUTRAL,False,70,['EVENING_STAR'],1,20,BEARISH,BEARISH,60,False,NONE,0,False,False,False,60,False,0,100,UP,NONE,NONE,0,True,75,82,18,80,True,True,CONTINUATION,70,False,0.0,NONE,True,BEARISH,True,False,50,False,70,9.517241379310084,5.150068212823668,50.0,21,POOR,False,75,70,-0.11669133836985139,5,70.0,True,RANDOM,70,46.90095507905432,5.269695464920122,True,MOMENTUM_SHIFT,False,True,False,65,True,70,UP,100,CHOPPY,NORMAL,UP,100,-0.0131,CHOPPY,75,30,75,WEAK,BULLISH,55,30,65,NORMAL,58,40,60,-0.33,False,80,0.44998016660055534,87.056,RANGING,90,False,NONE,1.135945,1.141252,1.140538,FAR,30,50,85,50,NONE,NONE,NONE,False,[],0,0,SIDEWAY_RANGE,SIDEWAY_RANGE,63,60,True,27,Price ranging between clear levels. Suitable for mean-reversion strategies.,1.0,0.5,False,False,True,True,0.3,0.3,True,False,False,18,True,[],0,NO,SIDEWAY_RANGE,Price ranging between clear levels. Suitable for mean-reversion strategies.,NORMAL,LOW,0.13,[],True,Passed basic checks,0,50,50,MEDIUM,5,WAIT,รอการวิเคราะห์จาก AI,1.141319,1.140261,89.14,1.141975,1.142395,1.141765,BEARISH,AT_RESISTANCE
2026-06-26 19:40:00,1.142195,1.142625,1.142145,1.142555,1.0,EURUSD-OTC,BULLISH,1.141228,1.140566,1.13972,1.136681,1.131648,1.126893,BULLISH,1.142594,1.136189,0.006405,0.012595,83.4,70.34,0.001131,0.000986,0.000145,85.47,81.87,0.001521,47.74,-0.21,0.001541,0.001305,18.28,32.54,18.28,28.07,0.2914,1,1.0,1.0,False,STABLE,0.000334,0.000208,4e-06,1.135945,1.142625,1.141868,1.143312,1.144068,1.141112,1.139668,30,4.39,1.141943,1.14111,63.83,0.00052,0.000399,95.09,87.93,0.000664,1.139715,1.142625,1.142487,1.139717,1,1.0,1.142555,1.142625,1.142145,1.142195,LONDON,62809,HIGH,1.142555,1.142625,1.142145,1.142195,LONDON,62809,HIGH,BULLISH_ENGULFING,BULLISH,WEAK,LOW_WICK,NEUTRAL,NOISY,NONE,TESTING_PIVOT,46,33,6.666666666666667,50,NEUTRAL,False,70,['BULLISH_ENGULFING'],1,20,BULLISH,BULLISH,60,False,NONE,0,False,False,False,60,False,0,100,UP,UP,NONE,0,True,75,82,18,80,True,True,CONTINUATION,70,False,0.0,NONE,True,BEARISH,True,False,50,False,70,21.34556574923561,11.760797342192275,55.00000000000001,29,POOR,False,75,70,-0.10729011838447879,5,70.0,True,RANDOM,70,45.46572367087804,9.098863932499532,True,MOMENTUM_SHIFT,False,True,True,35,False,70,UP,100,IMPULSIVE,NORMAL,UP,100,0.2914,IMPULSIVE,90,30,95,WEAK,NONE,60,30,70,NORMAL,58,40,60,-0.21,False,80,0.5085351329892814,77.80799999999999,RANGING,90,False,NONE,1.135945,1.142625,1.141868,FAR,30,50,85,50,NONE,NONE,NONE,False,[],0,0,SIDEWAY_RANGE,SIDEWAY_RANGE,55,51,False,11,Price ranging between clear levels. Suitable for mean-reversion strategies.,1.0,0.8,False,False,True,True,0.3,0.3,True,False,False,18,True,[],0,NO,SIDEWAY_RANGE,Price ranging between clear levels. Suitable for mean-reversion strategies.,NORMAL,LOW,0.133,[],False,Passed basic checks,0,50,50,MEDIUM,5,WAIT,รอการวิเคราะห์จาก AI,1.141544,1.140351,87.97,1.142442,1.142738,1.142258,BULLISH,AT_PIVOT
2026-06-26 19:41:00,1.142545,1.142965,1.142405,1.142815,1.0,EURUSD-OTC,BULLISH,1.141228,1.140566,1.13972,1.136681,1.131648,1.126893,BULLISH,1.142594,1.136189,0.006405,0.012595,83.4,70.34,0.001131,0.000986,0.000145,85.47,81.87,0.001521,47.74,-0.21,0.001541,0.001305,18.28,32.54,18.28,28.07,0.2914,1,1.0,1.0,False,STABLE,0.000334,0.000208,4e-06,1.135945,1.142625,1.141868,1.143312,1.144068,1.141112,1.139668,30,4.39,1.142234,1.141273,60.94,0.000592,0.000438,97.43,94.3,0.000633,1.139715,1.142965,1.142757,1.139696,1,1.0,1.142815,1.142965,1.142405,1.142545,LONDON,63196,HIGH,1.142815,1.142965,1.142405,1.142545,LONDON,63196,HIGH,BULLISH_ENGULFING,BULLISH,WEAK,LOW_WICK,NEUTRAL,NOISY,NONE,TESTING_RESISTANCE,46,33,6.666666666666667,50,NEUTRAL,False,70,['BULLISH_ENGULFING'],1,20,BULLISH,BULLISH,60,False,NONE,0,False,False,False,60,False,0,100,UP,UP,NONE,0,True,75,82,18,80,True,True,CONTINUATION,70,False,0.0,NONE,True,BEARISH,True,False,50,False,70,21.34556574923561,11.760797342192275,55.00000000000001,29,POOR,False,75,70,-0.10729011838447879,5,70.0,True,RANDOM,70,45.46572367087804,9.098863932499532,True,MOMENTUM_SHIFT,False,True,True,35,False,70,UP,100,IMPULSIVE,NORMAL,UP,100,0.2914,IMPULSIVE,90,30,95,WEAK,NONE,60,30,70,NORMAL,58,40,60,-0.21,False,80,0.5085351329892814,77.80799999999999,RANGING,90,False,NONE,1.135945,1.142625,1.141868,FAR,30,50,85,50,NONE,NONE,NONE,False,[],0,0,SIDEWAY_RANGE,SIDEWAY_RANGE,55,51,False,11,Price ranging between clear levels. Suitable for mean-reversion strategies.,1.0,0.8,False,False,True,True,0.3,0.3,True,False,False,18,True,[],0,NO,SIDEWAY_RANGE,Price ranging between clear levels. Suitable for mean-reversion strategies.,NORMAL,LOW,0.133,[],False,Passed basic checks,0,50,50,MEDIUM,5,WAIT,รอการวิเคราะห์จาก AI,1.141775,1.140447,88.54,1.142728,1.143052,1.142492,BULLISH,AT_RESISTANCE
2026-06-26 19:42:00,1.142765,1.143235,1.142715,1.143045,1.0,EURUSD-OTC,BULLISH,1.141228,1.140566,1.13972,1.136681,1.131648,1.126893,BULLISH,1.142594,1.136189,0.006405,0.012595,83.4,70.34,0.001131,0.000986,0.000145,85.47,81.87,0.001521,47.74,-0.21,0.001541,0.001305,18.28,32.54,18.28,28.07,0.2914,1,1.0,1.0,False,STABLE,0.000334,0.000208,4e-06,1.135945,1.142625,1.141868,1.143312,1.144068,1.141112,1.139668,30,4.39,1.142504,1.141441,66.07,0.000659,0.000482,95.72,96.08,0.000637,1.139715,1.143235,1.143056,1.139599,1,1.0,1.143045,1.143235,1.142715,1.142765,LONDON,62623,HIGH,1.143045,1.143235,1.142715,1.142765,LONDON,62623,HIGH,BULLISH_ENGULFING,BULLISH,WEAK,LOW_WICK,NEUTRAL,NOISY,NONE,TESTING_RESISTANCE,46,33,6.666666666666667,50,NEUTRAL,False,70,['BULLISH_ENGULFING'],1,20,BULLISH,BULLISH,60,False,NONE,0,False,False,False,60,False,0,100,UP,UP,NONE,0,True,75,82,18,80,True,True,CONTINUATION,70,False,0.0,NONE,True,BEARISH,True,False,50,False,70,21.34556574923561,11.760797342192275,55.00000000000001,29,POOR,False,75,70,-0.10729011838447879,5,70.0,True,RANDOM,70,45.46572367087804,9.098863932499532,True,MOMENTUM_SHIFT,False,True,True,35,False,70,UP,100,IMPULSIVE,NORMAL,UP,100,0.2914,IMPULSIVE,90,30,95,WEAK,NONE,60,30,70,NORMAL,58,40,60,-0.21,False,80,0.5085351329892814,77.80799999999999,RANGING,90,False,NONE,1.135945,1.142625,1.141868,FAR,30,50,85,50,NONE,NONE,NONE,False,[],0,0,SIDEWAY_RANGE,SIDEWAY_RANGE,55,51,False,11,Price ranging between clear levels. Suitable for mean-reversion strategies.,1.0,0.8,False,False,True,True,0.3,0.3,True,False,False,18,True,[],0,NO,SIDEWAY_RANGE,Price ranging between clear levels. Suitable for mean-reversion strategies.,NORMAL,LOW,0.133,[],False,Passed basic checks,0,50,50,MEDIUM,5,WAIT,รอการวิเคราะห์จาก AI,1.142006,1.140549,100.0,1.142998,1.143282,1.142762,BULLISH,AT_RESISTANCE
2026-06-26 19:43:00,1.143065,1.143375,1.142735,1.142835,1.0,EURUSD-OTC,BULLISH,1.141228,1.140566,1.13972,1.136681,1.131648,1.126893,BULLISH,1.142594,1.136189,0.006405,0.012595,83.4,70.34,0.001131,0.000986,0.000145,85.47,81.87,0.001521,47.74,-0.21,0.001541,0.001305,18.28,32.54,18.28,28.07,0.2914,1,1.0,1.0,False,STABLE,0.000334,0.000208,4e-06,1.135945,1.142625,1.141868,1.143312,1.144068,1.141112,1.139668,30,4.39,1.142614,1.141574,62.67,0.000688,0.000523,91.48,94.88,0.000641,1.139715,1.143375,1.143222,1.139701,1,1.0,1.142835,1.143375,1.142735,1.143065,LONDON,63024,HIGH,1.142835,1.143375,1.142735,1.143065,LONDON,63024,HIGH,BULLISH_ENGULFING,BULLISH,WEAK,LOW_WICK,NEUTRAL,NOISY,NONE,TESTING_RESISTANCE,46,33,6.666666666666667,50,NEUTRAL,False,70,['BULLISH_ENGULFING'],1,20,BULLISH,BULLISH,60,False,NONE,0,False,False,False,60,False,0,100,UP,UP,NONE,0,True,75,82,18,80,True,True,CONTINUATION,70,False,0.0,NONE,True,BEARISH,True,False,50,False,70,21.34556574923561,11.760797342192275,55.00000000000001,29,POOR,False,75,70,-0.10729011838447879,5,70.0,True,RANDOM,70,45.46572367087804,9.098863932499532,True,MOMENTUM_SHIFT,False,True,True,35,False,70,UP,100,IMPULSIVE,NORMAL,UP,100,0.2914,IMPULSIVE,90,30,95,WEAK,NONE,60,30,70,NORMAL,58,40,60,-0.21,False,80,0.5085351329892814,77.80799999999999,RANGING,90,False,NONE,1.135945,1.142625,1.141868,FAR,30,50,85,50,NONE,NONE,NONE,False,[],0,0,ACCUMULATION,ACCUMULATION,55,56,False,11,"Smart money accumulation. Bullish bias, look for breakout.",1.0,0.8,False,False,True,True,0.3,0.3,True,False,False,18,True,[],0,NO,ACCUMULATION,"Smart money accumulation. Bullish bias, look for breakout.",NORMAL,LOW,0.133,[],False,Passed basic checks,0,50,50,MEDIUM,5,WAIT,รอการวิเคราะห์จาก AI,1.142157,1.140639,90.14,1.142982,1.143228,1.142588,BULLISH,AT_RESISTANCE
2026-06-26 19:44:00,1.142755,1.142785,1.142095,1.142245,1.0,EURUSD-OTC,BULLISH,1.141228,1.140566,1.13972,1.136681,1.131648,1.126893,BULLISH,1.142594,1.136189,0.006405,0.012595,83.4,70.34,0.001131,0.000986,0.000145,85.47,81.87,0.001521,47.74,-0.21,0.001541,0.001305,18.28,32.54,18.28,28.07,0.2914,1,1.0,1.0,False,STABLE,0.000334,0.000208,4e-06,1.135945,1.142625,1.141868,1.143312,1.144068,1.141112,1.139668,30,4.39,1.142491,1.141638,59.78,0.000655,0.00055,82.46,89.89,0.000659,1.139825,1.143375,1.143237,1.139902,1,1.0,1.142245,1.142785,1.142095,1.142755,LONDON,63431,HIGH,1.142245,1.142785,1.142095,1.142755,LONDON,63431,HIGH,BULLISH_ENGULFING,BULLISH,WEAK,LOW_WICK,NEUTRAL,NOISY,NONE,TESTING_PIVOT,46,33,6.666666666666667,50,NEUTRAL,False,70,['BULLISH_ENGULFING'],1,20,BULLISH,BULLISH,60,False,NONE,0,False,False,False,60,False,0,100,UP,UP,NONE,0,True,75,82,18,80,True,True,CONTINUATION,70,False,0.0,NONE,True,BEARISH,True,False,50,False,70,21.34556574923561,11.760797342192275,55.00000000000001,29,POOR,False,75,70,-0.10729011838447879,5,70.0,True,RANDOM,70,45.46572367087804,9.098863932499532,True,MOMENTUM_SHIFT,False,True,True,35,False,70,UP,100,IMPULSIVE,NORMAL,UP,100,0.2914,IMPULSIVE,90,30,95,WEAK,NONE,60,30,70,NORMAL,58,40,60,-0.21,False,80,0.5085351329892814,77.80799999999999,RANGING,90,False,NONE,1.135945,1.142625,1.141868,FAR,30,50,85,50,NONE,NONE,NONE,False,[],0,0,SIDEWAY_RANGE,SIDEWAY_RANGE,55,51,False,11,Price ranging between clear levels. Suitable for mean-reversion strategies.,1.0,0.8,False,False,True,True,0.3,0.3,True,False,False,18,True,[],0,NO,SIDEWAY_RANGE,Price ranging between clear levels. Suitable for mean-reversion strategies.,NORMAL,LOW,0.133,[],False,Passed basic checks,0,50,50,MEDIUM,5,WAIT,รอการวิเคราะห์จาก AI,1.142173,1.140701,64.91,1.142375,1.142655,1.141965,BULLISH,AT_PIVOT
2026-06-26 19:45:00,1.142255,1.143125,1.142255,1.142565,1.0,EURUSD-OTC,BULLISH,1.141674,1.14093,1.139991,1.136911,1.131852,1.126961,BULLISH,1.143064,1.136074,0.00699,0.012572,83.12,70.16,0.001223,0.001033,0.000189,86.17,84.42,0.001535,50.75,-0.19,0.00154,0.001339,19.34,34.14,17.15,33.12,0.309,1,1.0,1.0,False,STABLE,0.00039,0.000248,1.7e-05,1.135945,1.143375,1.142678,1.143262,1.143958,1.141982,1.141398,31,4.84,1.142516,1.141726,68.46,0.000648,0.000569,76.71,83.55,0.000666,1.139825,1.143375,1.143352,1.139908,1,1.0,1.142565,1.143125,1.142255,1.142255,LONDON,62906,HIGH,1.142565,1.143125,1.142255,1.142255,LONDON,62906,HIGH,DOJI,BULLISH,WEAK,LOW_WICK,NEUTRAL,NOISY,TRUE,TESTING_PIVOT,45,36,13.333333333333334,50,NEUTRAL,False,70,['DOJI'],1,20,NEUTRAL,BULLISH,60,True,REJECTION,25,False,False,True,70,False,0,100,UP,UP,UP,0,True,75,97,3,80,True,True,CONTINUATION,70,True,85.0,BULLISH,True,BEARISH,True,False,50,False,70,21.765787860208043,14.630960156760478,60.0,32,POOR,False,75,70,-0.10261801005545156,5,70.0,True,RANDOM,70,43.56957841240097,10.808365955284822,True,MOMENTUM_SHIFT,False,True,True,35,False,70,UP,100,IMPULSIVE,HIGH,UP,100,0.309,IMPULSIVE,90,30,95,WEAK,NONE,60,30,70,HIGH,73,40,60,-0.19,False,80,0.5559974546611518,75.4,RANGING,90,False,NONE,1.135945,1.143262,1.142678,FAR,30,50,85,50,NONE,NONE,NONE,False,[],0,0,ACCUMULATION,ACCUMULATION,50,56,False,10,"Smart money accumulation. Bullish bias, look for breakout.",1.0,0.8,False,False,True,True,0.3,0.3,True,False,False,18,True,[],0,NO,ACCUMULATION,"Smart money accumulation. Bullish bias, look for breakout.",HIGH,LOW,0.134,[],False,Passed basic checks,0,50,50,MEDIUM,5,WAIT,รอการวิเคราะห์จาก AI,1.142244,1.140775,64.44,1.142648,1.143042,1.142172,BULLISH,AT_PIVOT
2026-06-26 19:46:00,1.142525,1.142655,1.141685,1.141695,1.0,EURUSD-OTC,BULLISH,1.141674,1.14093,1.139991,1.136911,1.131852,1.126961,BULLISH,1.143064,1.136074,0.00699,0.012572,83.12,70.16,0.001223,0.001033,0.000189,86.17,84.42,0.001535,50.75,-0.19,0.00154,0.001339,19.34,34.14,17.15,33.12,0.309,1,1.0,1.0,False,STABLE,0.00039,0.000248,1.7e-05,1.135945,1.143375,1.142678,1.143262,1.143958,1.141982,1.141398,31,4.84,1.142242,1.141723,64.49,0.000565,0.000568,64.81,74.66,0.000675,1.139825,1.143375,1.143362,1.139965,1,1.0,1.141695,1.142655,1.141685,1.142525,LONDON,63229,HIGH,1.141695,1.142655,1.141685,1.142525,LONDON,63229,HIGH,DOJI,BULLISH,WEAK,LOW_WICK,NEUTRAL,NOISY,TRUE,NONE,45,36,13.333333333333334,50,NEUTRAL,False,70,['DOJI'],1,20,NEUTRAL,BULLISH,60,True,REJECTION,25,False,False,True,70,False,0,100,UP,UP,UP,0,True,75,97,3,80,True,True,CONTINUATION,70,True,85.0,BULLISH,True,BEARISH,True,False,50,False,70,21.765787860208043,14.630960156760478,60.0,32,POOR,False,75,70,-0.10261801005545156,5,70.0,True,RANDOM,70,43.56957841240097,10.808365955284822,True,MOMENTUM_SHIFT,False,True,True,35,False,70,UP,100,IMPULSIVE,HIGH,UP,100,0.309,IMPULSIVE,90,30,95,WEAK,NONE,60,30,70,HIGH,73,40,60,-0.19,False,80,0.5559974546611518,75.4,RANGING,90,False,NONE,1.135945,1.143262,1.142678,FAR,30,50,85,50,NONE,NONE,NONE,False,[],0,0,ACCUMULATION,ACCUMULATION,50,56,False,10,"Smart money accumulation. Bullish bias, look for breakout.",1.0,0.8,False,False,True,True,0.3,0.3,True,False,False,18,True,[],0,NO,ACCUMULATION,"Smart money accumulation. Bullish bias, look for breakout.",HIGH,LOW,0.134,[],False,Passed basic checks,0,50,50,MEDIUM,5,WAIT,รอการวิเคราะห์จาก AI,1.142144,1.14081,41.4,1.142012,1.142338,1.141368,BULLISH,NONE
2026-06-26 19:47:00,1.141715,1.141985,1.141485,1.141985,1.0,EURUSD-OTC,BULLISH,1.141674,1.14093,1.139991,1.136911,1.131852,1.126961,BULLISH,1.143064,1.136074,0.00699,0.012572,83.12,70.16,0.001223,0.001033,0.000189,86.17,84.42,0.001535,50.75,-0.19,0.00154,0.001339,19.34,34.14,17.15,33.12,0.309,1,1.0,1.0,False,STABLE,0.00039,0.000248,1.7e-05,1.135945,1.143375,1.142678,1.143262,1.143958,1.141982,1.141398,31,4.84,1.142156,1.141748,62.16,0.000517,0.000558,59.72,67.08,0.000661,1.139825,1.143375,1.143382,1.139974,1,1.0,1.141985,1.141985,1.141485,1.141715,LONDON,62700,HIGH,1.141985,1.141985,1.141485,1.141715,LONDON,62700,HIGH,DOJI,BULLISH,WEAK,LOW_WICK,NEUTRAL,NOISY,TRUE,TESTING_PIVOT,45,36,13.333333333333334,50,NEUTRAL,False,70,['DOJI'],1,20,NEUTRAL,BULLISH,60,True,REJECTION,25,False,False,True,70,False,0,100,UP,UP,UP,0,True,75,97,3,80,True,True,CONTINUATION,70,True,85.0,BULLISH,True,BEARISH,True,False,50,False,70,21.765787860208043,14.630960156760478,60.0,32,POOR,False,75,70,-0.10261801005545156,5,70.0,True,RANDOM,70,43.56957841240097,10.808365955284822,True,MOMENTUM_SHIFT,False,True,True,35,False,70,UP,100,IMPULSIVE,HIGH,UP,100,0.309,IMPULSIVE,90,30,95,WEAK,NONE,60,30,70,HIGH,73,40,60,-0.19,False,80,0.5559974546611518,75.4,RANGING,90,False,NONE,1.135945,1.143262,1.142678,FAR,30,50,85,50,NONE,NONE,NONE,False,[],0,0,ACCUMULATION,ACCUMULATION,50,56,False,10,"Smart money accumulation. Bullish bias, look for breakout.",1.0,0.8,False,False,True,True,0.3,0.3,True,False,False,18,True,[],0,NO,ACCUMULATION,"Smart money accumulation. Bullish bias, look for breakout.",HIGH,LOW,0.134,[],False,Passed basic checks,0,50,50,MEDIUM,5,WAIT,รอการวิเคราะห์จาก AI,1.142115,1.140856,39.71,1.141818,1.142152,1.141652,BULLISH,AT_PIVOT
2026-06-26 19:48:00,1.142015,1.142415,1.141835,1.141855,1.0,EURUSD-OTC,BULLISH,1.141674,1.14093,1.139991,1.136911,1.131852,1.126961,BULLISH,1.143064,1.136074,0.00699,0.012572,83.12,70.16,0.001223,0.001033,0.000189,86.17,84.42,0.001535,50.75,-0.19,0.00154,0.001339,19.34,34.14,17.15,33.12,0.309,1,1.0,1.0,False,STABLE,0.00039,0.000248,1.7e-05,1.135945,1.143375,1.142678,1.143262,1.143958,1.141982,1.141398,31,4.84,1.142056,1.141758,59.57,0.000463,0.000539,50.15,58.23,0.00065,1.139825,1.143375,1.143401,1.139999,1,1.0,1.141855,1.142415,1.141835,1.142015,LONDON,63082,HIGH,1.141855,1.142415,1.141835,1.142015,LONDON,63082,HIGH,DOJI,BULLISH,WEAK,LOW_WICK,NEUTRAL,NOISY,TRUE,NONE,45,36,13.333333333333334,50,NEUTRAL,False,70,['DOJI'],1,20,NEUTRAL,BULLISH,60,True,REJECTION,25,False,False,True,70,False,0,100,UP,UP,UP,0,True,75,97,3,80,True,True,CONTINUATION,70,True,85.0,BULLISH,True,BEARISH,True,False,50,False,70,21.765787860208043,14.630960156760478,60.0,32,POOR,False,75,70,-0.10261801005545156,5,70.0,True,RANDOM,70,43.56957841240097,10.808365955284822,True,MOMENTUM_SHIFT,False,True,True,35,False,70,UP,100,IMPULSIVE,HIGH,UP,100,0.309,IMPULSIVE,90,30,95,WEAK,NONE,60,30,70,HIGH,73,40,60,-0.19,False,80,0.5559974546611518,75.4,RANGING,90,False,NONE,1.135945,1.143262,1.142678,FAR,30,50,85,50,NONE,NONE,NONE,False,[],0,0,SIDEWAY_RANGE,SIDEWAY_RANGE,50,51,False,10,Price ranging between clear levels. Suitable for mean-reversion strategies.,1.0,0.8,False,False,True,True,0.3,0.3,True,False,False,18,True,[],0,NO,SIDEWAY_RANGE,Price ranging between clear levels. Suitable for mean-reversion strategies.,HIGH,LOW,0.134,[],False,Passed basic checks,0,50,50,MEDIUM,5,WAIT,รอการวิเคราะห์จาก AI,1.142068,1.140896,31.82,1.142035,1.142235,1.141655,BULLISH,NONE
2026-06-26 19:49:00,1.141775,1.141795,1.141315,1.141545,1.0,EURUSD-OTC,BULLISH,1.141674,1.14093,1.139991,1.136911,1.131852,1.126961,BULLISH,1.143064,1.136074,0.00699,0.012572,83.12,70.16,0.001223,0.001033,0.000189,86.17,84.42,0.001535,50.75,-0.19,0.00154,0.001339,19.34,34.14,17.15,33.12,0.309,1,1.0,1.0,False,STABLE,0.00039,0.000248,1.7e-05,1.135945,1.143375,1.142678,1.143262,1.143958,1.141982,1.141398,31,4.84,1.141886,1.141738,59.34,0.000391,0.00051,46.44,52.1,0.000644,1.139825,1.143375,1.143402,1.14,1,1.0,1.141545,1.141795,1.141315,1.141775,LONDON,62433,HIGH,1.141545,1.141795,1.141315,1.141775,LONDON,62433,HIGH,DOJI,BULLISH,WEAK,LOW_WICK,NEUTRAL,NOISY,TRUE,NONE,45,36,13.333333333333334,50,NEUTRAL,False,70,['DOJI'],1,20,NEUTRAL,BULLISH,60,True,REJECTION,25,False,False,True,70,False,0,100,UP,UP,UP,0,True,75,97,3,80,True,True,CONTINUATION,70,True,85.0,BULLISH,True,BEARISH,True,False,50,False,70,21.765787860208043,14.630960156760478,60.0,32,POOR,False,75,70,-0.10261801005545156,5,70.0,True,RANDOM,70,43.56957841240097,10.808365955284822,True,MOMENTUM_SHIFT,False,True,True,35,False,70,UP,100,IMPULSIVE,HIGH,UP,100,0.309,IMPULSIVE,90,30,95,WEAK,NONE,60,30,70,HIGH,73,40,60,-0.19,False,80,0.5559974546611518,75.4,RANGING,90,False,NONE,1.135945,1.143262,1.142678,FAR,30,50,85,50,NONE,NONE,NONE,False,[],0,0,ACCUMULATION,ACCUMULATION,50,56,False,10,"Smart money accumulation. Bullish bias, look for breakout.",1.0,0.8,False,False,True,True,0.3,0.3,True,False,False,18,True,[],0,NO,ACCUMULATION,"Smart money accumulation. Bullish bias, look for breakout.",HIGH,LOW,0.134,[],False,Passed basic checks,0,50,50,MEDIUM,5,WAIT,รอการวิเคราะห์จาก AI,1.141973,1.140921,22.43,1.141552,1.141788,1.141308,BULLISH,NONE
2026-06-26 19:50:00,1.141555,1.142105,1.141495,1.141995,1.0,EURUSD-OTC,BULLISH,1.141781,1.141123,1.140182,1.137111,1.132095,1.127421,BULLISH,1.143346,1.136183,0.007163,0.012537,71.93,66.27,0.001235,0.001074,0.000161,86.2,85.94,0.001529,48.74,-0.21,0.00154,0.001369,19.63,31.93,19.81,23.41,0.2264,1,1.0,1.0,False,STABLE,0.000362,0.000259,3e-05,1.135945,1.143375,1.141988,1.142662,1.143328,1.141322,1.140648,32,4.86,1.141922,1.141763,58.55,0.000366,0.000481,41.52,46.04,0.000638,1.139825,1.143375,1.143429,1.140054,1,1.0,1.141995,1.142105,1.141495,1.141555,LONDON,62930,HIGH,1.141995,1.142105,1.141495,1.141555,LONDON,62930,HIGH,NONE,BEARISH,WEAK,LOW_WICK,NEUTRAL,NOISY,TRUE,TESTING_PIVOT,45,36,6.666666666666667,50,NEUTRAL,False,70,[],0,0,NEUTRAL,BEARISH,40,True,BULL_TRAP,50,True,False,False,70,False,0,100,UP,NONE,UP,0,True,75,55,45,80,False,True,NEUTRAL,70,False,0.0,NONE,True,BEARISH,True,False,50,False,70,24.514106583072742,15.604681404421939,60.0,33,POOR,False,75,70,-0.10158413748153397,5,70.0,True,RANDOM,70,44.291697007810065,9.129645537107654,True,MOMENTUM_SHIFT,False,True,False,65,True,70,UP,100,IMPULSIVE,NORMAL,UP,100,0.2264,IMPULSIVE,90,30,95,WEAK,NONE,55,30,65,NORMAL,58,40,60,-0.21,False,80,0.5713488075297121,77.008,RANGING,90,False,NONE,1.135945,1.142662,1.141988,FAR,30,50,85,50,NONE,NONE,NONE,False,[],0,0,SIDEWAY_RANGE,SIDEWAY_RANGE,55,51,False,11,Price ranging between clear levels. Suitable for mean-reversion strategies.,1.0,0.8,False,False,True,True,0.3,0.3,True,False,False,18,True,[],0,NO,SIDEWAY_RANGE,Price ranging between clear levels. Suitable for mean-reversion strategies.,NORMAL,LOW,0.134,[],False,Passed basic checks,0,50,50,MEDIUM,5,WAIT,รอการวิเคราะห์จาก AI,1.141977,1.140963,35.81,1.141865,1.142235,1.141625,BEARISH,AT_PIVOT
2026-06-26 19:51:00,1.142025,1.142115,1.141415,1.141595,1.0,EURUSD-OTC,BULLISH,1.141781,1.141123,1.140182,1.137111,1.132095,1.127421,BULLISH,1.143346,1.136183,0.007163,0.012537,71.93,66.27,0.001235,0.001074,0.000161,86.2,85.94,0.001529,48.74,-0.21,0.00154,0.001369,19.63,31.93,19.81,23.41,0.2264,1,1.0,1.0,False,STABLE,0.000362,0.000259,3e-05,1.135945,1.143375,1.141988,1.142662,1.143328,1.141322,1.140648,32,4.86,1.141813,1.141747,50.3,0.00031,0.000447,29.89,39.28,0.000649,1.139825,1.143375,1.143399,1.140179,1,1.0,1.141595,1.142115,1.141415,1.142025,LONDON,63343,HIGH,1.141595,1.142115,1.141415,1.142025,LONDON,63343,HIGH,NONE,BEARISH,WEAK,LOW_WICK,NEUTRAL,NOISY,TRUE,TESTING_PIVOT,45,36,6.666666666666667,50,NEUTRAL,False,70,[],0,0,NEUTRAL,BEARISH,40,True,BULL_TRAP,50,True,False,False,70,False,0,100,UP,NONE,UP,0,True,75,55,45,80,False,True,NEUTRAL,70,False,0.0,NONE,True,BEARISH,True,False,50,False,70,24.514106583072742,15.604681404421939,60.0,33,POOR,False,75,70,-0.10158413748153397,5,70.0,True,RANDOM,70,44.291697007810065,9.129645537107654,True,MOMENTUM_SHIFT,False,True,False,65,True,70,UP,100,IMPULSIVE,NORMAL,UP,100,0.2264,IMPULSIVE,90,30,95,WEAK,NONE,55,30,65,NORMAL,58,40,60,-0.21,False,80,0.5713488075297121,77.008,RANGING,90,False,NONE,1.135945,1.142662,1.141988,FAR,30,50,85,50,NONE,NONE,NONE,False,[],0,0,SIDEWAY_RANGE,SIDEWAY_RANGE,55,51,False,11,Price ranging between clear levels. Suitable for mean-reversion strategies.,1.0,0.8,False,False,True,True,0.3,0.3,True,False,False,18,True,[],0,NO,SIDEWAY_RANGE,Price ranging between clear levels. Suitable for mean-reversion strategies.,NORMAL,LOW,0.134,[],False,Passed basic checks,0,50,50,MEDIUM,5,WAIT,รอการวิเคราะห์จาก AI,1.141907,1.140987,38.27,1.141708,1.142002,1.141302,BEARISH,AT_PIVOT
2026-06-26 19:52:00,1.141565,1.141635,1.140925,1.141215,1.0,EURUSD-OTC,BULLISH,1.141781,1.141123,1.140182,1.137111,1.132095,1.127421,BULLISH,1.143346,1.136183,0.007163,0.012537,71.93,66.27,0.001235,0.001074,0.000161,86.2,85.94,0.001529,48.74,-0.21,0.00154,0.001369,19.63,31.93,19.81,23.41,0.2264,1,1.0,1.0,False,STABLE,0.000362,0.000259,3e-05,1.135945,1.143375,1.141988,1.142662,1.143328,1.141322,1.140648,32,4.86,1.141614,1.141696,43.11,0.000233,0.000404,21.18,30.86,0.000647,1.140075,1.143375,1.143274,1.140416,1,1.0,1.141215,1.141635,1.140925,1.141565,LONDON,62833,HIGH,1.141215,1.141635,1.140925,1.141565,LONDON,62833,HIGH,NONE,BEARISH,WEAK,LOW_WICK,NEUTRAL,NOISY,TRUE,NONE,45,36,6.666666666666667,50,NEUTRAL,False,70,[],0,0,NEUTRAL,BEARISH,40,True,BULL_TRAP,50,True,False,False,70,False,0,100,UP,NONE,UP,0,True,75,55,45,80,False,True,NEUTRAL,70,False,0.0,NONE,True,BEARISH,True,False,50,False,70,24.514106583072742,15.604681404421939,60.0,33,POOR,False,75,70,-0.10158413748153397,5,70.0,True,RANDOM,70,44.291697007810065,9.129645537107654,True,MOMENTUM_SHIFT,False,True,False,65,True,70,UP,100,IMPULSIVE,NORMAL,UP,100,0.2264,IMPULSIVE,90,30,95,WEAK,NONE,55,30,65,NORMAL,58,40,60,-0.21,False,80,0.5713488075297121,77.008,RANGING,90,False,NONE,1.135945,1.142662,1.141988,FAR,30,50,85,50,NONE,NONE,NONE,False,[],0,0,SIDEWAY_RANGE,SIDEWAY_RANGE,55,51,False,11,Price ranging between clear levels. Suitable for mean-reversion strategies.,1.0,0.8,False,False,True,True,0.3,0.3,True,False,False,18,True,[],0,NO,SIDEWAY_RANGE,Price ranging between clear levels. Suitable for mean-reversion strategies.,NORMAL,LOW,0.134,[],False,Passed basic checks,0,50,50,MEDIUM,5,WAIT,รอการวิเคราะห์จาก AI,1.141782,1.140996,26.15,1.141258,1.141592,1.140882,BEARISH,NONE
2026-06-26 19:53:00,1.141225,1.141745,1.141145,1.141715,1.0,EURUSD-OTC,BULLISH,1.141781,1.141123,1.140182,1.137111,1.132095,1.127421,BULLISH,1.143346,1.136183,0.007163,0.012537,71.93,66.27,0.001235,0.001074,0.000161,86.2,85.94,0.001529,48.74,-0.21,0.00154,0.001369,19.63,31.93,19.81,23.41,0.2264,1,1.0,1.0,False,STABLE,0.000362,0.000259,3e-05,1.135945,1.143375,1.141988,1.142662,1.143328,1.141322,1.140648,32,4.86,1.141647,1.141698,45.57,0.000209,0.000365,19.22,23.43,0.000645,1.140425,1.143375,1.143226,1.140563,1,1.0,1.141715,1.141745,1.141145,1.141225,LONDON,63294,HIGH,1.141715,1.141745,1.141145,1.141225,LONDON,63294,HIGH,NONE,BEARISH,WEAK,LOW_WICK,NEUTRAL,NOISY,TRUE,TESTING_PIVOT,45,36,6.666666666666667,50,NEUTRAL,False,70,[],0,0,NEUTRAL,BEARISH,40,True,BULL_TRAP,50,True,False,False,70,False,0,100,UP,NONE,UP,0,True,75,55,45,80,False,True,NEUTRAL,70,False,0.0,NONE,True,BEARISH,True,False,50,False,70,24.514106583072742,15.604681404421939,60.0,33,POOR,False,75,70,-0.10158413748153397,5,70.0,True,RANDOM,70,44.291697007810065,9.129645537107654,True,MOMENTUM_SHIFT,False,True,False,65,True,70,UP,100,IMPULSIVE,NORMAL,UP,100,0.2264,IMPULSIVE,90,30,95,WEAK,NONE,55,30,65,NORMAL,58,40,60,-0.21,False,80,0.5713488075297121,77.008,RANGING,90,False,NONE,1.135945,1.142662,1.141988,FAR,30,50,85,50,NONE,NONE,NONE,False,[],0,0,SIDEWAY_RANGE,SIDEWAY_RANGE,55,51,False,11,Price ranging between clear levels. Suitable for mean-reversion strategies.,1.0,0.8,False,False,True,True,0.3,0.3,True,False,False,18,True,[],0,NO,SIDEWAY_RANGE,Price ranging between clear levels. Suitable for mean-reversion strategies.,NORMAL,LOW,0.134,[],False,Passed basic checks,0,50,50,MEDIUM,5,WAIT,รอการวิเคราะห์จาก AI,1.141769,1.141024,50.41,1.141535,1.141925,1.141325,BEARISH,AT_PIVOT
2026-06-26 19:54:00,1.141735,1.142145,1.141385,1.141435,1.0,EURUSD-OTC,BULLISH,1.141781,1.141123,1.140182,1.137111,1.132095,1.127421,BULLISH,1.143346,1.136183,0.007163,0.012537,71.93,66.27,0.001235,0.001074,0.000161,86.2,85.94,0.001529,48.74,-0.21,0.00154,0.001369,19.63,31.93,19.81,23.41,0.2264,1,1.0,1.0,False,STABLE,0.000362,0.000259,3e-05,1.135945,1.143375,1.141988,1.142662,1.143328,1.141322,1.140648,32,4.86,1.141577,1.141673,39.27,0.000166,0.000325,21.63,20.68,0.000665,1.140425,1.143375,1.143184,1.140662,1,1.0,1.141435,1.142145,1.141385,1.141735,LONDON,66904,HIGH,1.141435,1.142145,1.141385,1.141735,LONDON,66904,HIGH,NONE,BEARISH,WEAK,LOW_WICK,NEUTRAL,NOISY,TRUE,TESTING_PIVOT,45,36,6.666666666666667,50,NEUTRAL,False,70,[],0,0,NEUTRAL,BEARISH,40,True,BULL_TRAP,50,True,False,False,70,False,0,100,UP,NONE,UP,0,True,75,55,45,80,False,True,NEUTRAL,70,False,0.0,NONE,True,BEARISH,True,False,50,False,70,24.514106583072742,15.604681404421939,60.0,33,POOR,False,75,70,-0.10158413748153397,5,70.0,True,RANDOM,70,44.291697007810065,9.129645537107654,True,MOMENTUM_SHIFT,False,True,False,65,True,70,UP,100,IMPULSIVE,NORMAL,UP,100,0.2264,IMPULSIVE,90,30,95,WEAK,NONE,55,30,65,NORMAL,58,40,60,-0.21,False,80,0.5713488075297121,77.008,RANGING,90,False,NONE,1.135945,1.142662,1.141988,FAR,30,50,85,50,NONE,NONE,NONE,False,[],0,0,SIDEWAY_RANGE,SIDEWAY_RANGE,55,51,False,11,Price ranging between clear levels. Suitable for mean-reversion strategies.,1.0,0.8,False,False,True,True,0.3,0.3,True,False,False,18,True,[],0,NO,SIDEWAY_RANGE,Price ranging between clear levels. Suitable for mean-reversion strategies.,NORMAL,LOW,0.134,[],False,Passed basic checks,0,50,50,MEDIUM,5,WAIT,รอการวิเคราะห์จาก AI,1.141709,1.14104,38.78,1.141655,1.141925,1.141165,BEARISH,AT_PIVOT
2026-06-26 19:55:00,1.141455,1.141645,1.140955,1.141575,1.0,EURUSD-OTC,BULLISH,1.141712,1.141205,1.140315,1.137286,1.132271,1.127473,BULLISH,1.143437,1.13653,0.006907,0.012484,65.9,49.37,0.001197,0.001098,9.9e-05,75.0,82.45,0.001361,13.57,-0.59,0.001522,0.001396,19.57,30.02,20.54,18.75,0.1817,1,1.0,1.0,False,STABLE,0.000301,0.000244,4.1e-05,1.135945,1.143375,1.141548,1.142172,1.142768,1.140952,1.140328,33,5.46,1.141576,1.141663,37.84,0.000141,0.000288,26.53,22.46,0.000674,1.140425,1.143375,1.143079,1.140867,1,1.0,1.141575,1.141645,1.140955,1.141455,LONDON,63241,HIGH,1.141575,1.141645,1.140955,1.141455,LONDON,63241,HIGH,NONE,BEARISH,WEAK,LOW_WICK,NEUTRAL,NOISY,TRUE,TESTING_PIVOT,43,36,0.0,50,NEUTRAL,False,70,[],0,0,NEUTRAL,BEARISH,40,True,BULL_TRAP,50,True,False,False,70,False,0,100,UP,NONE,NONE,0,True,75,55,45,80,False,True,NEUTRAL,70,False,0.0,NONE,True,BEARISH,True,False,50,False,70,28.29457364341129,12.46684350132632,60.0,33,POOR,False,75,72,-0.10308211990881648,5,80.0,True,RANDOM,70,45.43435405999668,7.200901539771072,False,NONE,False,False,False,100,True,70,UP,100,IMPULSIVE,LOW,UP,100,0.1817,IMPULSIVE,90,30,95,WEAK,BEARISH,50,30,60,LOW,58,40,60,-0.59,False,65,0.5532681832745915,100.0,RANGING,90,False,NONE,1.135945,1.142172,1.141548,FAR,30,50,85,50,NONE,NONE,NONE,False,[],0,0,SIDEWAY_RANGE,SIDEWAY_RANGE,55,51,False,11,Price ranging between clear levels. Suitable for mean-reversion strategies.,1.0,0.8,False,False,True,True,0.3,0.3,True,False,False,18,True,[],0,NO,SIDEWAY_RANGE,Price ranging between clear levels. Suitable for mean-reversion strategies.,LOW,LOW,0.119,[],False,Passed basic checks,0,50,50,MEDIUM,5,WAIT,รอการวิเคราะห์จาก AI,1.141684,1.141061,44.31,1.141392,1.141828,1.141138,BEARISH,AT_PIVOT
2026-06-26 19:56:00,1.141625,1.142235,1.141625,1.141985,1.0,EURUSD-OTC,BULLISH,1.141712,1.141205,1.140315,1.137286,1.132271,1.127473,BULLISH,1.143437,1.13653,0.006907,0.012484,65.9,49.37,0.001197,0.001098,9.9e-05,75.0,82.45,0.001361,13.57,-0.59,0.001522,0.001396,19.57,30.02,20.54,18.75,0.1817,1,1.0,1.0,False,STABLE,0.000301,0.000244,4.1e-05,1.135945,1.143375,1.141548,1.142172,1.142768,1.140952,1.140328,33,5.46,1.141712,1.141694,39.96,0.000153,0.000261,30.2,26.12,0.000684,1.140925,1.143375,1.143047,1.140985,1,1.0,1.141985,1.142235,1.141625,1.141625,LONDON,62656,HIGH,1.141985,1.142235,1.141625,1.141625,LONDON,62656,HIGH,NONE,BEARISH,WEAK,LOW_WICK,NEUTRAL,NOISY,TRUE,TESTING_PIVOT,43,36,0.0,50,NEUTRAL,False,70,[],0,0,NEUTRAL,BEARISH,40,True,BULL_TRAP,50,True,False,False,70,False,0,100,UP,NONE,NONE,0,True,75,55,45,80,False,True,NEUTRAL,70,False,0.0,NONE,True,BEARISH,True,False,50,False,70,28.29457364341129,12.46684350132632,60.0,33,POOR,False,75,72,-0.10308211990881648,5,80.0,True,RANDOM,70,45.43435405999668,7.200901539771072,False,NONE,False,False,False,100,True,70,UP,100,IMPULSIVE,LOW,UP,100,0.1817,IMPULSIVE,90,30,95,WEAK,BEARISH,50,30,60,LOW,58,40,60,-0.59,False,65,0.5532681832745915,100.0,RANGING,90,False,NONE,1.135945,1.142172,1.141548,FAR,30,50,85,50,NONE,NONE,NONE,False,[],0,0,SIDEWAY_RANGE,SIDEWAY_RANGE,55,51,False,11,Price ranging between clear levels. Suitable for mean-reversion strategies.,1.0,0.8,False,False,True,True,0.3,0.3,True,False,False,18,True,[],0,NO,SIDEWAY_RANGE,Price ranging between clear levels. Suitable for mean-reversion strategies.,LOW,LOW,0.119,[],False,Passed basic checks,0,50,50,MEDIUM,5,WAIT,รอการวิเคราะห์จาก AI,1.141739,1.141098,58.59,1.141948,1.142272,1.141662,BEARISH,AT_PIVOT
2026-06-26 19:57:00,1.141975,1.142505,1.141905,1.142325,1.0,EURUSD-OTC,BULLISH,1.141712,1.141205,1.140315,1.137286,1.132271,1.127473,BULLISH,1.143437,1.13653,0.006907,0.012484,65.9,49.37,0.001197,0.001098,9.9e-05,75.0,82.45,0.001361,13.57,-0.59,0.001522,0.001396,19.57,30.02,20.54,18.75,0.1817,1,1.0,1.0,False,STABLE,0.000301,0.000244,4.1e-05,1.135945,1.143375,1.141548,1.142172,1.142768,1.140952,1.140328,33,5.46,1.141917,1.141754,45.29,0.000188,0.000247,44.48,33.74,0.000681,1.140925,1.143375,1.143071,1.141037,1,1.0,1.142325,1.142505,1.141905,1.141975,LONDON,63063,HIGH,1.142325,1.142505,1.141905,1.141975,LONDON,63063,HIGH,NONE,BEARISH,WEAK,LOW_WICK,NEUTRAL,NOISY,TRUE,NONE,43,36,0.0,50,NEUTRAL,False,70,[],0,0,NEUTRAL,BEARISH,40,True,BULL_TRAP,50,True,False,False,70,False,0,100,UP,NONE,NONE,0,True,75,55,45,80,False,True,NEUTRAL,70,False,0.0,NONE,True,BEARISH,True,False,50,False,70,28.29457364341129,12.46684350132632,60.0,33,POOR,False,75,72,-0.10308211990881648,5,80.0,True,RANDOM,70,45.43435405999668,7.200901539771072,False,NONE,False,False,False,100,True,70,UP,100,IMPULSIVE,LOW,UP,100,0.1817,IMPULSIVE,90,30,95,WEAK,BEARISH,50,30,60,LOW,58,40,60,-0.59,False,65,0.5532681832745915,100.0,RANGING,90,False,NONE,1.135945,1.142172,1.141548,FAR,30,50,85,50,NONE,NONE,NONE,False,[],0,0,SIDEWAY_RANGE,SIDEWAY_RANGE,55,51,False,11,Price ranging between clear levels. Suitable for mean-reversion strategies.,1.0,0.8,False,False,True,True,0.3,0.3,True,False,False,18,True,[],0,NO,SIDEWAY_RANGE,Price ranging between clear levels. Suitable for mean-reversion strategies.,LOW,LOW,0.119,[],False,Passed basic checks,0,50,50,MEDIUM,5,WAIT,รอการวิเคราะห์จาก AI,1.141846,1.141146,56.73,1.142245,1.142585,1.141985,BEARISH,NONE
2026-06-26 19:58:00,1.142255,1.142715,1.142165,1.142515,1.0,EURUSD-OTC,BULLISH,1.141712,1.141205,1.140315,1.137286,1.132271,1.127473,BULLISH,1.143437,1.13653,0.006907,0.012484,65.9,49.37,0.001197,0.001098,9.9e-05,75.0,82.45,0.001361,13.57,-0.59,0.001522,0.001396,19.57,30.02,20.54,18.75,0.1817,1,1.0,1.0,False,STABLE,0.000301,0.000244,4.1e-05,1.135945,1.143375,1.141548,1.142172,1.142768,1.140952,1.140328,33,5.46,1.142116,1.141827,52.69,0.000228,0.000243,59.72,44.8,0.000668,1.140925,1.143375,1.143119,1.141049,1,1.0,1.142515,1.142715,1.142165,1.142255,LONDON,63510,HIGH,1.142515,1.142715,1.142165,1.142255,LONDON,63510,HIGH,NONE,BEARISH,WEAK,LOW_WICK,NEUTRAL,NOISY,TRUE,NONE,43,36,0.0,50,NEUTRAL,False,70,[],0,0,NEUTRAL,BEARISH,40,True,BULL_TRAP,50,True,False,False,70,False,0,100,UP,NONE,NONE,0,True,75,55,45,80,False,True,NEUTRAL,70,False,0.0,NONE,True,BEARISH,True,False,50,False,70,28.29457364341129,12.46684350132632,60.0,33,POOR,False,75,72,-0.10308211990881648,5,80.0,True,RANDOM,70,45.43435405999668,7.200901539771072,False,NONE,False,False,False,100,True,70,UP,100,IMPULSIVE,LOW,UP,100,0.1817,IMPULSIVE,90,30,95,WEAK,BEARISH,50,30,60,LOW,58,40,60,-0.59,False,65,0.5532681832745915,100.0,RANGING,90,False,NONE,1.135945,1.142172,1.141548,FAR,30,50,85,50,NONE,NONE,NONE,False,[],0,0,SIDEWAY_RANGE,SIDEWAY_RANGE,55,51,False,11,Price ranging between clear levels. Suitable for mean-reversion strategies.,1.0,0.8,False,False,True,True,0.3,0.3,True,False,False,18,True,[],0,NO,SIDEWAY_RANGE,Price ranging between clear levels. Suitable for mean-reversion strategies.,LOW,LOW,0.119,[],False,Passed basic checks,0,50,50,MEDIUM,5,WAIT,รอการวิเคราะห์จาก AI,1.141967,1.141199,70.54,1.142465,1.142765,1.142215,BEARISH,NONE
2026-06-26 19:59:00,1.142555,1.142595,1.141415,1.141835,1.0,EURUSD-OTC,BULLISH,1.141712,1.141205,1.140315,1.137286,1.132271,1.127473,BULLISH,1.143437,1.13653,0.006907,0.012484,65.9,49.37,0.001197,0.001098,9.9e-05,75.0,82.45,0.001361,13.57,-0.59,0.001522,0.001396,19.57,30.02,20.54,18.75,0.1817,1,1.0,1.0,False,STABLE,0.000301,0.000244,4.1e-05,1.135945,1.143375,1.141548,1.142172,1.142768,1.140952,1.140328,33,5.46,1.142022,1.141827,43.2,0.000203,0.000235,62.25,55.48,0.000689,1.140925,1.143375,1.143106,1.141027,1,1.0,1.141835,1.142595,1.141415,1.142555,LONDON,62885,HIGH,1.141835,1.142595,1.141415,1.142555,LONDON,62885,HIGH,NONE,BEARISH,WEAK,LOW_WICK,NEUTRAL,NOISY,TRUE,TESTING_PIVOT,43,36,0.0,50,NEUTRAL,False,70,[],0,0,NEUTRAL,BEARISH,40,True,BULL_TRAP,50,True,False,False,70,False,0,100,UP,NONE,NONE,0,True,75,55,45,80,False,True,NEUTRAL,70,False,0.0,NONE,True,BEARISH,True,False,50,False,70,28.29457364341129,12.46684350132632,60.0,33,POOR,False,75,72,-0.10308211990881648,5,80.0,True,RANDOM,70,45.43435405999668,7.200901539771072,False,NONE,False,False,False,100,True,70,UP,100,IMPULSIVE,LOW,UP,100,0.1817,IMPULSIVE,90,30,95,WEAK,BEARISH,50,30,60,LOW,58,40,60,-0.59,False,65,0.5532681832745915,100.0,RANGING,90,False,NONE,1.135945,1.142172,1.141548,FAR,30,50,85,50,NONE,NONE,NONE,False,[],0,0,SIDEWAY_RANGE,SIDEWAY_RANGE,55,51,False,11,Price ranging between clear levels. Suitable for mean-reversion strategies.,1.0,0.8,False,False,True,True,0.3,0.3,True,False,False,18,True,[],0,NO,SIDEWAY_RANGE,Price ranging between clear levels. Suitable for mean-reversion strategies.,LOW,LOW,0.119,[],False,Passed basic checks,0,50,50,MEDIUM,5,WAIT,รอการวิเคราะห์จาก AI,1.141943,1.141224,62.2,1.141948,1.142482,1.141302,BEARISH,AT_PIVOT
2026-06-26 20:00:00,1.141825,1.142025,1.141565,1.141885,1.0,EURUSD-OTC,BULLISH,1.14177,1.141329,1.140464,1.137467,1.132466,1.127652,BULLISH,1.143582,1.136792,0.006789,0.012423,56.51,57.2,0.001179,0.001114,6.4e-05,69.86,77.02,0.001336,8.54,-0.65,0.0015,0.001431,19.83,30.91,19.22,23.31,0.1755,1,1.0,1.0,False,STABLE,0.000236,0.000237,5e-05,1.135945,1.143375,1.142005,1.142595,1.143305,1.141295,1.140705,34,5.56,1.141977,1.141833,52.09,0.000185,0.000225,58.91,60.3,0.000653,1.140925,1.143375,1.143049,1.141017,1,1.0,1.141885,1.142025,1.141565,1.141825,LONDON,63222,HIGH,1.141885,1.142025,1.141565,1.141825,LONDON,63222,HIGH,NONE,BULLISH,WEAK,LOW_WICK,NEUTRAL,NOISY,TRUE,TESTING_PIVOT,42,40,6.666666666666667,50,NEUTRAL,False,70,[],0,0,NEUTRAL,BULLISH,40,True,REJECTION,25,False,False,True,70,False,0,100,UP,NONE,NONE,0,True,75,55,45,80,False,True,NEUTRAL,70,False,0.0,NONE,True,BEARISH,True,False,50,False,70,26.82926829268321,17.22314049586775,60.0,34,POOR,False,75,73,-0.0713393996996828,5,89.99999999999999,True,RANDOM,70,46.80601379145904,6.011757756635997,False,NONE,False,False,False,100,True,70,UP,100,IMPULSIVE,LOW,UP,100,0.1755,IMPULSIVE,90,30,95,WEAK,NONE,50,30,60,LOW,58,40,60,-0.65,False,65,0.5464863559526685,100.0,RANGING,90,False,NONE,1.135945,1.142595,1.142005,FAR,30,50,85,50,NONE,NONE,NONE,False,[],0,0,SIDEWAY_RANGE,SIDEWAY_RANGE,55,51,False,11,Price ranging between clear levels. Suitable for mean-reversion strategies.,1.0,0.8,False,False,True,True,0.3,0.3,True,False,False,18,True,[],0,NO,SIDEWAY_RANGE,Price ranging between clear levels. Suitable for mean-reversion strategies.,LOW,LOW,0.117,[],False,Passed basic checks,0,50,50,MEDIUM,5,WAIT,รอการวิเคราะห์จาก AI,1.141933,1.14125,54.07,1.141825,1.142085,1.141625,BULLISH,AT_PIVOT
2026-06-26 20:01:00,1.141875,1.142385,1.141875,1.142225,1.0,EURUSD-OTC,BULLISH,1.14177,1.141329,1.140464,1.137467,1.132466,1.127652,BULLISH,1.143582,1.136792,0.006789,0.012423,56.51,57.2,0.001179,0.001114,6.4e-05,69.86,77.02,0.001336,8.54,-0.65,0.0015,0.001431,19.83,30.91,19.22,23.31,0.1755,1,1.0,1.0,False,STABLE,0.000236,0.000237,5e-05,1.135945,1.143375,1.142005,1.142595,1.143305,1.141295,1.140705,34,5.56,1.142059,1.14187,52.61,0.000195,0.000219,59.03,60.06,0.000654,1.140925,1.143375,1.142956,1.141051,1,1.0,1.142225,1.142385,1.141875,1.141875,LONDON,62610,HIGH,1.142225,1.142385,1.141875,1.141875,LONDON,62610,HIGH,NONE,BULLISH,WEAK,LOW_WICK,NEUTRAL,NOISY,TRUE,TESTING_PIVOT,42,40,6.666666666666667,50,NEUTRAL,False,70,[],0,0,NEUTRAL,BULLISH,40,True,REJECTION,25,False,False,True,70,False,0,100,UP,NONE,NONE,0,True,75,55,45,80,False,True,NEUTRAL,70,False,0.0,NONE,True,BEARISH,True,False,50,False,70,26.82926829268321,17.22314049586775,60.0,34,POOR,False,75,73,-0.0713393996996828,5,89.99999999999999,True,RANDOM,70,46.80601379145904,6.011757756635997,False,NONE,False,False,False,100,True,70,UP,100,IMPULSIVE,LOW,UP,100,0.1755,IMPULSIVE,90,30,95,WEAK,NONE,50,30,60,LOW,58,40,60,-0.65,False,65,0.5464863559526685,100.0,RANGING,90,False,NONE,1.135945,1.142595,1.142005,FAR,30,50,85,50,NONE,NONE,NONE,False,[],0,0,ACCUMULATION,ACCUMULATION,55,56,False,11,"Smart money accumulation. Bullish bias, look for breakout.",1.0,0.8,False,False,True,True,0.3,0.3,True,False,False,18,True,[],0,NO,ACCUMULATION,"Smart money accumulation. Bullish bias, look for breakout.",LOW,LOW,0.117,[],False,Passed basic checks,0,50,50,MEDIUM,5,WAIT,รอการวิเคราะห์จาก AI,1.141986,1.141289,68.37,1.142162,1.142448,1.141938,BULLISH,AT_PIVOT
2026-06-26 20:02:00,1.142235,1.142595,1.141795,1.141965,1.0,EURUSD-OTC,BULLISH,1.14177,1.141329,1.140464,1.137467,1.132466,1.127652,BULLISH,1.143582,1.136792,0.006789,0.012423,56.51,57.2,0.001179,0.001114,6.4e-05,69.86,77.02,0.001336,8.54,-0.65,0.0015,0.001431,19.83,30.91,19.22,23.31,0.1755,1,1.0,1.0,False,STABLE,0.000236,0.000237,5e-05,1.135945,1.143375,1.142005,1.142595,1.143305,1.141295,1.140705,34,5.56,1.142028,1.141879,51.16,0.000181,0.000211,61.45,59.8,0.000669,1.140925,1.143375,1.142767,1.141132,1,1.0,1.141965,1.142595,1.141795,1.142235,LONDON,62967,HIGH,1.141965,1.142595,1.141795,1.142235,LONDON,62967,HIGH,NONE,BULLISH,WEAK,LOW_WICK,NEUTRAL,NOISY,TRUE,TESTING_PIVOT,42,40,6.666666666666667,50,NEUTRAL,False,70,[],0,0,NEUTRAL,BULLISH,40,True,REJECTION,25,False,False,True,70,False,0,100,UP,NONE,NONE,0,True,75,55,45,80,False,True,NEUTRAL,70,False,0.0,NONE,True,BEARISH,True,False,50,False,70,26.82926829268321,17.22314049586775,60.0,34,POOR,False,75,73,-0.0713393996996828,5,89.99999999999999,True,RANDOM,70,46.80601379145904,6.011757756635997,False,NONE,False,False,False,100,True,70,UP,100,IMPULSIVE,LOW,UP,100,0.1755,IMPULSIVE,90,30,95,WEAK,NONE,50,30,60,LOW,58,40,60,-0.65,False,65,0.5464863559526685,100.0,RANGING,90,False,NONE,1.135945,1.142595,1.142005,FAR,30,50,85,50,NONE,NONE,NONE,False,[],0,0,SIDEWAY_RANGE,SIDEWAY_RANGE,55,51,False,11,Price ranging between clear levels. Suitable for mean-reversion strategies.,1.0,0.8,False,False,True,True,0.3,0.3,True,False,False,18,True,[],0,NO,SIDEWAY_RANGE,Price ranging between clear levels. Suitable for mean-reversion strategies.,LOW,LOW,0.117,[],False,Passed basic checks,0,50,50,MEDIUM,5,WAIT,รอการวิเคราะห์จาก AI,1.141982,1.141315,58.59,1.142118,1.142442,1.141642,BULLISH,AT_PIVOT
2026-06-26 20:03:00,1.141975,1.142135,1.141405,1.141525,1.0,EURUSD-OTC,BULLISH,1.14177,1.141329,1.140464,1.137467,1.132466,1.127652,BULLISH,1.143582,1.136792,0.006789,0.012423,56.51,57.2,0.001179,0.001114,6.4e-05,69.86,77.02,0.001336,8.54,-0.65,0.0015,0.001431,19.83,30.91,19.22,23.31,0.1755,1,1.0,1.0,False,STABLE,0.000236,0.000237,5e-05,1.135945,1.143375,1.142005,1.142595,1.143305,1.141295,1.140705,34,5.56,1.14186,1.141846,49.79,0.000132,0.000196,54.75,58.41,0.000683,1.140925,1.143125,1.142607,1.141161,1,1.0,1.141525,1.142135,1.141405,1.141975,LONDON,63340,HIGH,1.141525,1.142135,1.141405,1.141975,LONDON,63340,HIGH,NONE,BULLISH,WEAK,LOW_WICK,NEUTRAL,NOISY,TRUE,TESTING_PIVOT,42,40,6.666666666666667,50,NEUTRAL,False,70,[],0,0,NEUTRAL,BULLISH,40,True,REJECTION,25,False,False,True,70,False,0,100,UP,NONE,NONE,0,True,75,55,45,80,False,True,NEUTRAL,70,False,0.0,NONE,True,BEARISH,True,False,50,False,70,26.82926829268321,17.22314049586775,60.0,34,POOR,False,75,73,-0.0713393996996828,5,89.99999999999999,True,RANDOM,70,46.80601379145904,6.011757756635997,False,NONE,False,False,False,100,True,70,UP,100,IMPULSIVE,LOW,UP,100,0.1755,IMPULSIVE,90,30,95,WEAK,NONE,50,30,60,LOW,58,40,60,-0.65,False,65,0.5464863559526685,100.0,RANGING,90,False,NONE,1.135945,1.142595,1.142005,FAR,30,50,85,50,NONE,NONE,NONE,False,[],0,0,SIDEWAY_RANGE,SIDEWAY_RANGE,55,51,False,11,Price ranging between clear levels. Suitable for mean-reversion strategies.,1.0,0.8,False,False,True,True,0.3,0.3,True,False,False,18,True,[],0,NO,SIDEWAY_RANGE,Price ranging between clear levels. Suitable for mean-reversion strategies.,LOW,LOW,0.117,[],False,Passed basic checks,0,50,50,MEDIUM,5,WAIT,รอการวิเคราะห์จาก AI,1.141899,1.141323,40.0,1.141688,1.141972,1.141242,BULLISH,AT_PIVOT
2026-06-26 20:04:00,1.141505,1.141705,1.141115,1.141435,1.0,EURUSD-OTC,BULLISH,1.14177,1.141329,1.140464,1.137467,1.132466,1.127652,BULLISH,1.143582,1.136792,0.006789,0.012423,56.51,57.2,0.001179,0.001114,6.4e-05,69.86,77.02,0.001336,8.54,-0.65,0.0015,0.001431,19.83,30.91,19.22,23.31,0.1755,1,1.0,1.0,False,STABLE,0.000236,0.000237,5e-05,1.135945,1.143375,1.142005,1.142595,1.143305,1.141295,1.140705,34,5.56,1.141719,1.141806,43.78,8.6e-05,0.000174,40.04,52.08,0.000681,1.140925,1.143125,1.142572,1.141115,1,1.0,1.141435,1.141705,1.141115,1.141505,LONDON,62727,HIGH,1.141435,1.141705,1.141115,1.141505,LONDON,62727,HIGH,NONE,BULLISH,WEAK,LOW_WICK,NEUTRAL,NOISY,TRUE,TESTING_PIVOT,42,40,6.666666666666667,50,NEUTRAL,False,70,[],0,0,NEUTRAL,BULLISH,40,True,REJECTION,25,False,False,True,70,False,0,100,UP,NONE,NONE,0,True,75,55,45,80,False,True,NEUTRAL,70,False,0.0,NONE,True,BEARISH,True,False,50,False,70,26.82926829268321,17.22314049586775,60.0,34,POOR,False,75,73,-0.0713393996996828,5,89.99999999999999,True,RANDOM,70,46.80601379145904,6.011757756635997,False,NONE,False,False,False,100,True,70,UP,100,IMPULSIVE,LOW,UP,100,0.1755,IMPULSIVE,90,30,95,WEAK,NONE,50,30,60,LOW,58,40,60,-0.65,False,65,0.5464863559526685,100.0,RANGING,90,False,NONE,1.135945,1.142595,1.142005,FAR,30,50,85,50,NONE,NONE,NONE,False,[],0,0,ACCUMULATION,ACCUMULATION,55,56,False,11,"Smart money accumulation. Bullish bias, look for breakout.",1.0,0.8,False,False,True,True,0.3,0.3,True,False,False,18,True,[],0,NO,ACCUMULATION,"Smart money accumulation. Bullish bias, look for breakout.",LOW,LOW,0.117,[],False,Passed basic checks,0,50,50,MEDIUM,5,WAIT,รอการวิเคราะห์จาก AI,1.141815,1.141328,28.29,1.141418,1.141722,1.141132,BULLISH,AT_PIVOT
2026-06-26 20:05:00,1.141425,1.141525,1.140945,1.141135,1.0,EURUSD-OTC,BULLISH,1.141558,1.141294,1.140528,1.13761,1.13263,1.127729,BULLISH,1.143394,1.137426,0.005969,0.01235,49.46,62.98,0.001091,0.00111,-1.9e-05,64.21,69.69,0.001339,6.03,-0.67,0.001474,0.001464,19.66,28.41,19.97,17.45,0.1061,1,1.0,1.0,False,STABLE,0.000126,0.000195,6.1e-05,1.136225,1.143375,1.141558,1.142172,1.143208,1.140522,1.139908,20,5.34,1.141524,1.141742,44.77,2.4e-05,0.000144,24.58,39.79,0.000673,1.140925,1.142715,1.142483,1.141061,1,1.0,1.141135,1.141525,1.140945,1.141425,LONDON,63153,HIGH,1.141135,1.141525,1.140945,1.141425,LONDON,63153,HIGH,NONE,BEARISH,WEAK,HIGH_WICK,NEUTRAL,NOISY,NONE,TESTING_PIVOT,43,40,6.666666666666667,50,NEUTRAL,False,70,[],0,0,NEUTRAL,BEARISH,40,False,NONE,0,False,False,False,60,False,0,100,UP,NONE,NONE,0,True,75,55,45,80,False,True,NEUTRAL,70,False,0.0,NONE,True,BEARISH,True,False,50,False,70,30.17591339648108,10.980523841504915,60.0,33,POOR,False,75,75,-0.05275700057481203,5,100.0,True,RANDOM,70,46.710891291408714,4.868741021712928,False,NONE,False,False,False,100,True,70,UP,100,IMPULSIVE,LOW,UP,100,0.1061,IMPULSIVE,85,30,85,WEAK,BEARISH,55,30,65,LOW,58,40,60,-0.67,False,65,0.4833198380566802,100.0,RANGING,90,False,NONE,1.136225,1.142172,1.141558,FAR,30,50,85,50,NONE,NONE,NONE,False,[],0,0,SIDEWAY_RANGE,SIDEWAY_RANGE,55,51,False,11,Price ranging between clear levels. Suitable for mean-reversion strategies.,1.0,0.8,False,False,True,True,0.3,0.3,True,False,False,18,True,[],0,NO,SIDEWAY_RANGE,Price ranging between clear levels. Suitable for mean-reversion strategies.,LOW,LOW,0.117,[],False,Passed basic checks,0,50,50,MEDIUM,5,WAIT,รอการวิเคราะห์จาก AI,1.141691,1.14132,18.06,1.141202,1.141458,1.140878,BEARISH,AT_PIVOT
2026-06-26 20:06:00,1.141125,1.141325,1.140475,1.140585,1.0,EURUSD-OTC,BULLISH,1.141558,1.141294,1.140528,1.13761,1.13263,1.127729,BULLISH,1.143394,1.137426,0.005969,0.01235,49.46,62.98,0.001091,0.00111,-1.9e-05,64.21,69.69,0.001339,6.03,-0.67,0.001474,0.001464,19.66,28.41,19.97,17.45,0.1061,1,1.0,1.0,False,STABLE,0.000126,0.000195,6.1e-05,1.136225,1.143375,1.141558,1.142172,1.143208,1.140522,1.139908,20,5.34,1.141211,1.141632,43.11,-6.8e-05,0.000101,15.04,26.55,0.000683,1.140475,1.142715,1.142604,1.140829,1,1.0,1.140585,1.141325,1.140475,1.141125,LONDON,62612,HIGH,1.140585,1.141325,1.140475,1.141125,LONDON,62612,HIGH,NONE,BEARISH,WEAK,HIGH_WICK,NEUTRAL,NOISY,NONE,NONE,43,40,6.666666666666667,50,NEUTRAL,False,70,[],0,0,NEUTRAL,BEARISH,40,False,NONE,0,False,False,False,60,False,0,100,UP,NONE,NONE,0,True,75,55,45,80,False,True,NEUTRAL,70,False,0.0,NONE,True,BEARISH,True,False,50,False,70,30.17591339648108,10.980523841504915,60.0,33,POOR,False,75,75,-0.05275700057481203,5,100.0,True,RANDOM,70,46.710891291408714,4.868741021712928,False,NONE,False,False,False,100,True,70,UP,100,IMPULSIVE,LOW,UP,100,0.1061,IMPULSIVE,85,30,85,WEAK,BEARISH,55,30,65,LOW,58,40,60,-0.67,False,65,0.4833198380566802,100.0,RANGING,90,False,NONE,1.136225,1.142172,1.141558,FAR,30,50,85,50,NONE,NONE,NONE,False,[],0,0,SIDEWAY_RANGE,SIDEWAY_RANGE,55,51,False,11,Price ranging between clear levels. Suitable for mean-reversion strategies.,1.0,0.8,False,False,True,True,0.3,0.3,True,False,False,18,True,[],0,NO,SIDEWAY_RANGE,Price ranging between clear levels. Suitable for mean-reversion strategies.,LOW,LOW,0.117,[],False,Passed basic checks,0,50,50,MEDIUM,5,WAIT,รอการวิเคราะห์จาก AI,1.14149,1.141291,19.21,1.140795,1.141115,1.140265,BEARISH,NONE
2026-06-26 20:07:00,1.140555,1.141425,1.140525,1.141425,1.0,EURUSD-OTC,BULLISH,1.141558,1.141294,1.140528,1.13761,1.13263,1.127729,BULLISH,1.143394,1.137426,0.005969,0.01235,49.46,62.98,0.001091,0.00111,-1.9e-05,64.21,69.69,0.001339,6.03,-0.67,0.001474,0.001464,19.66,28.41,19.97,17.45,0.1061,1,1.0,1.0,False,STABLE,0.000126,0.000195,6.1e-05,1.136225,1.143375,1.141558,1.142172,1.143208,1.140522,1.139908,20,5.34,1.141282,1.141613,47.05,-7.3e-05,6.6e-05,19.68,19.77,0.000704,1.140475,1.142715,1.142576,1.140801,1,1.0,1.141425,1.141425,1.140525,1.140555,LONDON,63075,HIGH,1.141425,1.141425,1.140525,1.140555,LONDON,63075,HIGH,NONE,BEARISH,WEAK,HIGH_WICK,NEUTRAL,NOISY,NONE,TESTING_PIVOT,43,40,6.666666666666667,50,NEUTRAL,False,70,[],0,0,NEUTRAL,BEARISH,40,False,NONE,0,False,False,False,60,False,0,100,UP,NONE,NONE,0,True,75,55,45,80,False,True,NEUTRAL,70,False,0.0,NONE,True,BEARISH,True,False,50,False,70,30.17591339648108,10.980523841504915,60.0,33,POOR,False,75,75,-0.05275700057481203,5,100.0,True,RANDOM,70,46.710891291408714,4.868741021712928,False,NONE,False,False,False,100,True,70,UP,100,IMPULSIVE,LOW,UP,100,0.1061,IMPULSIVE,85,30,85,WEAK,BEARISH,55,30,65,LOW,58,40,60,-0.67,False,65,0.4833198380566802,100.0,RANGING,90,False,NONE,1.136225,1.142172,1.141558,FAR,30,50,85,50,NONE,NONE,NONE,False,[],0,0,ACCUMULATION,ACCUMULATION,55,56,False,11,"Smart money accumulation. Bullish bias, look for breakout.",1.0,0.8,False,False,True,True,0.3,0.3,True,False,False,18,True,[],0,NO,ACCUMULATION,"Smart money accumulation. Bullish bias, look for breakout.",LOW,LOW,0.117,[],False,Passed basic checks,0,50,50,MEDIUM,5,WAIT,รอการวิเคราะห์จาก AI,1.141478,1.141296,41.84,1.141125,1.141725,1.140825,BEARISH,AT_PIVOT
2026-06-26 20:08:00,1.141395,1.141915,1.141395,1.141735,1.0,EURUSD-OTC,BULLISH,1.141558,1.141294,1.140528,1.13761,1.13263,1.127729,BULLISH,1.143394,1.137426,0.005969,0.01235,49.46,62.98,0.001091,0.00111,-1.9e-05,64.21,69.69,0.001339,6.03,-0.67,0.001474,0.001464,19.66,28.41,19.97,17.45,0.1061,1,1.0,1.0,False,STABLE,0.000126,0.000195,6.1e-05,1.136225,1.143375,1.141558,1.142172,1.143208,1.140522,1.139908,20,5.34,1.141433,1.141624,53.04,-5.1e-05,4.3e-05,34.52,23.08,0.000687,1.140475,1.142715,1.142566,1.140799,1,1.0,1.141735,1.141915,1.141395,1.141395,LONDON,63414,HIGH,1.141735,1.141915,1.141395,1.141395,LONDON,63414,HIGH,NONE,BEARISH,WEAK,HIGH_WICK,NEUTRAL,NOISY,NONE,TESTING_PIVOT,43,40,6.666666666666667,50,NEUTRAL,False,70,[],0,0,NEUTRAL,BEARISH,40,False,NONE,0,False,False,False,60,False,0,100,UP,NONE,NONE,0,True,75,55,45,80,False,True,NEUTRAL,70,False,0.0,NONE,True,BEARISH,True,False,50,False,70,30.17591339648108,10.980523841504915,60.0,33,POOR,False,75,75,-0.05275700057481203,5,100.0,True,RANDOM,70,46.710891291408714,4.868741021712928,False,NONE,False,False,False,100,True,70,UP,100,IMPULSIVE,LOW,UP,100,0.1061,IMPULSIVE,85,30,85,WEAK,BEARISH,55,30,65,LOW,58,40,60,-0.67,False,65,0.4833198380566802,100.0,RANGING,90,False,NONE,1.136225,1.142172,1.141558,FAR,30,50,85,50,NONE,NONE,NONE,False,[],0,0,SIDEWAY_RANGE,SIDEWAY_RANGE,55,51,False,11,Price ranging between clear levels. Suitable for mean-reversion strategies.,1.0,0.8,False,False,True,True,0.3,0.3,True,False,False,18,True,[],0,NO,SIDEWAY_RANGE,Price ranging between clear levels. Suitable for mean-reversion strategies.,LOW,LOW,0.117,[],False,Passed basic checks,0,50,50,MEDIUM,5,WAIT,รอการวิเคราะห์จาก AI,1.141525,1.141313,41.22,1.141682,1.141968,1.141448,BEARISH,AT_PIVOT
2026-06-26 20:09:00,1.141785,1.142465,1.141725,1.142145,1.0,EURUSD-OTC,BULLISH,1.141558,1.141294,1.140528,1.13761,1.13263,1.127729,BULLISH,1.143394,1.137426,0.005969,0.01235,49.46,62.98,0.001091,0.00111,-1.9e-05,64.21,69.69,0.001339,6.03,-0.67,0.001474,0.001464,19.66,28.41,19.97,17.45,0.1061,1,1.0,1.0,False,STABLE,0.000126,0.000195,6.1e-05,1.136225,1.143375,1.141558,1.142172,1.143208,1.140522,1.139908,20,5.34,1.14167,1.141674,55.47,-0.0,3.4e-05,57.74,37.32,0.000691,1.140475,1.142715,1.142617,1.140808,1,1.0,1.142145,1.142465,1.141725,1.141785,LONDON,62743,HIGH,1.142145,1.142465,1.141725,1.141785,LONDON,62743,HIGH,NONE,BEARISH,WEAK,HIGH_WICK,NEUTRAL,NOISY,NONE,TESTING_PIVOT,43,40,6.666666666666667,50,NEUTRAL,False,70,[],0,0,NEUTRAL,BEARISH,40,False,NONE,0,False,False,False,60,False,0,100,UP,NONE,NONE,0,True,75,55,45,80,False,True,NEUTRAL,70,False,0.0,NONE,True,BEARISH,True,False,50,False,70,30.17591339648108,10.980523841504915,60.0,33,POOR,False,75,75,-0.05275700057481203,5,100.0,True,RANDOM,70,46.710891291408714,4.868741021712928,False,NONE,False,False,False,100,True,70,UP,100,IMPULSIVE,LOW,UP,100,0.1061,IMPULSIVE,85,30,85,WEAK,BEARISH,55,30,65,LOW,58,40,60,-0.67,False,65,0.4833198380566802,100.0,RANGING,90,False,NONE,1.136225,1.142172,1.141558,FAR,30,50,85,50,NONE,NONE,NONE,False,[],0,0,ACCUMULATION,ACCUMULATION,55,56,False,11,"Smart money accumulation. Bullish bias, look for breakout.",1.0,0.8,False,False,True,True,0.3,0.3,True,False,False,18,True,[],0,NO,ACCUMULATION,"Smart money accumulation. Bullish bias, look for breakout.",LOW,LOW,0.117,[],False,Passed basic checks,0,50,50,MEDIUM,5,WAIT,รอการวิเคราะห์จาก AI,1.141638,1.141346,53.06,1.142112,1.142498,1.141758,BEARISH,AT_PIVOT
2026-06-26 20:10:00,1.142185,1.142555,1.142035,1.142325,1.0,EURUSD-OTC,BULLISH,1.141814,1.141481,1.140699,1.137795,1.132821,1.127866,BULLISH,1.14348,1.137786,0.005694,0.012276,66.73,69.71,0.001104,0.001109,-4e-06,69.06,67.71,0.001444,29.15,-0.4,0.001464,0.00149,19.1,25.61,20.23,11.74,0.085,1,1.0,1.0,False,STABLE,6.9e-05,0.000183,7.2e-05,1.137385,1.143375,1.141785,1.143095,1.143865,1.141015,1.139705,20,4.15,1.141889,1.141736,53.41,5.4e-05,3.8e-05,71.13,54.46,0.000681,1.140475,1.142715,1.142667,1.140791,1,1.0,1.142325,1.142555,1.142035,1.142185,LONDON,63198,HIGH,1.142325,1.142555,1.142035,1.142185,LONDON,63198,HIGH,BULLISH_ENGULFING,BULLISH,WEAK,HIGH_WICK,NEUTRAL,NOISY,NONE,TESTING_PIVOT,44,36,13.333333333333334,50,NEUTRAL,False,70,['BULLISH_ENGULFING'],1,20,BULLISH,BULLISH,60,False,NONE,0,False,False,False,60,False,0,100,UP,NONE,NONE,0,True,75,55,45,80,False,True,NEUTRAL,70,False,0.0,NONE,True,BEARISH,True,False,50,False,70,30.17591339648213,14.551495016611671,60.0,34,POOR,False,75,75,-0.05540822190677117,5,100.0,True,RANDOM,70,45.62371438976933,7.244290137863688,False,NONE,False,False,False,100,True,70,UP,80,CHOPPY,NORMAL,UP,80,0.085,CHOPPY,75,30,75,WEAK,BEARISH,55,30,65,NORMAL,58,55,45,-0.4,False,80,0.46383186705767354,92.68,RANGING,90,False,NONE,1.137385,1.143095,1.141785,FAR,30,50,85,50,NONE,NONE,NONE,False,[],0,0,SIDEWAY_RANGE,SIDEWAY_RANGE,53,51,False,11,Price ranging between clear levels. Suitable for mean-reversion strategies.,1.0,0.8,False,False,True,True,0.3,0.3,True,False,False,18,True,[],0,NO,SIDEWAY_RANGE,Price ranging between clear levels. Suitable for mean-reversion strategies.,NORMAL,LOW,0.126,[],False,Passed basic checks,0,50,50,MEDIUM,5,WAIT,รอการวิเคราะห์จาก AI,1.141763,1.141384,64.93,1.142305,1.142575,1.142055,BULLISH,AT_PIVOT
2026-06-26 20:11:00,1.142365,1.142875,1.142225,1.142875,1.0,EURUSD-OTC,BULLISH,1.141814,1.141481,1.140699,1.137795,1.132821,1.127866,BULLISH,1.14348,1.137786,0.005694,0.012276,66.73,69.71,0.001104,0.001109,-4e-06,69.06,67.71,0.001444,29.15,-0.4,0.001464,0.00149,19.1,25.61,20.23,11.74,0.085,1,1.0,1.0,False,STABLE,6.9e-05,0.000183,7.2e-05,1.137385,1.143375,1.141785,1.143095,1.143865,1.141015,1.139705,20,4.15,1.142217,1.141844,55.3,0.000139,5.8e-05,85.71,71.53,0.000684,1.140475,1.142875,1.142858,1.140728,1,1.0,1.142875,1.142875,1.142225,1.142365,LONDON,62714,HIGH,1.142875,1.142875,1.142225,1.142365,LONDON,62714,HIGH,BULLISH_ENGULFING,BULLISH,WEAK,HIGH_WICK,NEUTRAL,NOISY,NONE,TESTING_RESISTANCE,44,36,13.333333333333334,50,NEUTRAL,False,70,['BULLISH_ENGULFING'],1,20,BULLISH,BULLISH,60,False,NONE,0,False,False,False,60,False,0,100,UP,NONE,NONE,0,True,75,55,45,80,False,True,NEUTRAL,70,False,0.0,NONE,True,BEARISH,True,False,50,False,70,30.17591339648213,14.551495016611671,60.0,34,POOR,False,75,75,-0.05540822190677117,5,100.0,True,RANDOM,70,45.62371438976933,7.244290137863688,False,NONE,False,False,False,100,True,70,UP,80,CHOPPY,NORMAL,UP,80,0.085,CHOPPY,75,30,75,WEAK,BEARISH,55,30,65,NORMAL,58,55,45,-0.4,False,80,0.46383186705767354,92.68,RANGING,90,False,NONE,1.137385,1.143095,1.141785,FAR,30,50,85,50,NONE,NONE,NONE,False,[],0,0,ACCUMULATION,ACCUMULATION,53,56,False,11,"Smart money accumulation. Bullish bias, look for breakout.",1.0,0.8,False,False,True,True,0.3,0.3,True,False,False,18,True,[],0,NO,ACCUMULATION,"Smart money accumulation. Bullish bias, look for breakout.",NORMAL,LOW,0.126,[],False,Passed basic checks,0,50,50,MEDIUM,5,WAIT,รอการวิเคราะห์จาก AI,1.141965,1.141443,72.93,1.142658,1.143092,1.142442,BULLISH,AT_RESISTANCE
2026-06-26 20:12:00,1.142905,1.142925,1.142555,1.142745,1.0,EURUSD-OTC,BULLISH,1.141814,1.141481,1.140699,1.137795,1.132821,1.127866,BULLISH,1.14348,1.137786,0.005694,0.012276,66.73,69.71,0.001104,0.001109,-4e-06,69.06,67.71,0.001444,29.15,-0.4,0.001464,0.00149,19.1,25.61,20.23,11.74,0.085,1,1.0,1.0,False,STABLE,6.9e-05,0.000183,7.2e-05,1.137385,1.143375,1.141785,1.143095,1.143865,1.141015,1.139705,20,4.15,1.142393,1.14193,52.24,0.000194,8.6e-05,91.75,82.86,0.000671,1.140475,1.142925,1.142979,1.14076,1,1.0,1.142745,1.142925,1.142555,1.142905,LONDON,63113,HIGH,1.142745,1.142925,1.142555,1.142905,LONDON,63113,HIGH,BULLISH_ENGULFING,BULLISH,WEAK,HIGH_WICK,NEUTRAL,NOISY,NONE,TESTING_RESISTANCE,44,36,13.333333333333334,50,NEUTRAL,False,70,['BULLISH_ENGULFING'],1,20,BULLISH,BULLISH,60,False,NONE,0,False,False,False,60,False,0,100,UP,NONE,NONE,0,True,75,55,45,80,False,True,NEUTRAL,70,False,0.0,NONE,True,BEARISH,True,False,50,False,70,30.17591339648213,14.551495016611671,60.0,34,POOR,False,75,75,-0.05540822190677117,5,100.0,True,RANDOM,70,45.62371438976933,7.244290137863688,False,NONE,False,False,False,100,True,70,UP,80,CHOPPY,NORMAL,UP,80,0.085,CHOPPY,75,30,75,WEAK,BEARISH,55,30,65,NORMAL,58,55,45,-0.4,False,80,0.46383186705767354,92.68,RANGING,90,False,NONE,1.137385,1.143095,1.141785,FAR,30,50,85,50,NONE,NONE,NONE,False,[],0,0,ACCUMULATION,ACCUMULATION,53,56,False,11,"Smart money accumulation. Bullish bias, look for breakout.",1.0,0.8,False,False,True,True,0.3,0.3,True,False,False,18,True,[],0,NO,ACCUMULATION,"Smart money accumulation. Bullish bias, look for breakout.",NORMAL,LOW,0.126,[],False,Passed basic checks,0,50,50,MEDIUM,5,WAIT,รอการวิเคราะห์จาก AI,1.142107,1.141494,77.1,1.142742,1.142928,1.142558,BULLISH,AT_RESISTANCE
2026-06-26 20:13:00,1.142765,1.142875,1.142235,1.142425,1.0,EURUSD-OTC,BULLISH,1.141814,1.141481,1.140699,1.137795,1.132821,1.127866,BULLISH,1.14348,1.137786,0.005694,0.012276,66.73,69.71,0.001104,0.001109,-4e-06,69.06,67.71,0.001444,29.15,-0.4,0.001464,0.00149,19.1,25.61,20.23,11.74,0.085,1,1.0,1.0,False,STABLE,6.9e-05,0.000183,7.2e-05,1.137385,1.143375,1.141785,1.143095,1.143865,1.141015,1.139705,20,4.15,1.142404,1.141977,56.18,0.00021,0.00011,90.75,89.4,0.000633,1.140475,1.142925,1.143039,1.140771,1,1.0,1.142425,1.142875,1.142235,1.142765,LONDON,62493,HIGH,1.142425,1.142875,1.142235,1.142765,LONDON,62493,HIGH,BULLISH_ENGULFING,BULLISH,WEAK,HIGH_WICK,NEUTRAL,NOISY,NONE,TESTING_PIVOT,44,36,13.333333333333334,50,NEUTRAL,False,70,['BULLISH_ENGULFING'],1,20,BULLISH,BULLISH,60,False,NONE,0,False,False,False,60,False,0,100,UP,NONE,NONE,0,True,75,55,45,80,False,True,NEUTRAL,70,False,0.0,NONE,True,BEARISH,True,False,50,False,70,30.17591339648213,14.551495016611671,60.0,34,POOR,False,75,75,-0.05540822190677117,5,100.0,True,RANDOM,70,45.62371438976933,7.244290137863688,False,NONE,False,False,False,100,True,70,UP,80,CHOPPY,NORMAL,UP,80,0.085,CHOPPY,75,30,75,WEAK,BEARISH,55,30,65,NORMAL,58,55,45,-0.4,False,80,0.46383186705767354,92.68,RANGING,90,False,NONE,1.137385,1.143095,1.141785,FAR,30,50,85,50,NONE,NONE,NONE,False,[],0,0,ACCUMULATION,ACCUMULATION,53,56,False,11,"Smart money accumulation. Bullish bias, look for breakout.",1.0,0.8,False,False,True,True,0.3,0.3,True,False,False,18,True,[],0,NO,ACCUMULATION,"Smart money accumulation. Bullish bias, look for breakout.",NORMAL,LOW,0.126,[],False,Passed basic checks,0,50,50,MEDIUM,5,WAIT,รอการวิเคราะห์จาก AI,1.142165,1.14153,83.58,1.142512,1.142788,1.142148,BULLISH,AT_PIVOT
2026-06-26 20:14:00,1.142485,1.142775,1.142325,1.142625,1.0,EURUSD-OTC,BULLISH,1.141814,1.141481,1.140699,1.137795,1.132821,1.127866,BULLISH,1.14348,1.137786,0.005694,0.012276,66.73,69.71,0.001104,0.001109,-4e-06,69.06,67.71,0.001444,29.15,-0.4,0.001464,0.00149,19.1,25.61,20.23,11.74,0.085,1,1.0,1.0,False,STABLE,6.9e-05,0.000183,7.2e-05,1.137385,1.143375,1.141785,1.143095,1.143865,1.141015,1.139705,20,4.15,1.142478,1.142039,57.52,0.000235,0.000135,86.67,89.72,0.000632,1.140475,1.142925,1.143119,1.14081,1,1.0,1.142625,1.142775,1.142325,1.142485,LONDON,62909,HIGH,1.142625,1.142775,1.142325,1.142485,LONDON,62909,HIGH,BULLISH_ENGULFING,BULLISH,WEAK,HIGH_WICK,NEUTRAL,NOISY,NONE,NONE,44,36,13.333333333333334,50,NEUTRAL,False,70,['BULLISH_ENGULFING'],1,20,BULLISH,BULLISH,60,False,NONE,0,False,False,False,60,False,0,100,UP,NONE,NONE,0,True,75,55,45,80,False,True,NEUTRAL,70,False,0.0,NONE,True,BEARISH,True,False,50,False,70,30.17591339648213,14.551495016611671,60.0,34,POOR,False,75,75,-0.05540822190677117,5,100.0,True,RANDOM,70,45.62371438976933,7.244290137863688,False,NONE,False,False,False,100,True,70,UP,80,CHOPPY,NORMAL,UP,80,0.085,CHOPPY,75,30,75,WEAK,BEARISH,55,30,65,NORMAL,58,55,45,-0.4,False,80,0.46383186705767354,92.68,RANGING,90,False,NONE,1.137385,1.143095,1.141785,FAR,30,50,85,50,NONE,NONE,NONE,False,[],0,0,ACCUMULATION,ACCUMULATION,53,56,False,11,"Smart money accumulation. Bullish bias, look for breakout.",1.0,0.8,False,False,True,True,0.3,0.3,True,False,False,18,True,[],0,NO,ACCUMULATION,"Smart money accumulation. Bullish bias, look for breakout.",NORMAL,LOW,0.126,[],False,Passed basic checks,0,50,50,MEDIUM,5,WAIT,รอการวิเคราะห์จาก AI,1.142248,1.141574,78.57,1.142575,1.142825,1.142375,BULLISH,NONE
2026-06-26 20:15:00,1.142545,1.143385,1.142545,1.143285,1.0,EURUSD-OTC,BULLISH,1.142304,1.141809,1.140946,1.13801,1.133009,1.127879,BULLISH,1.143687,1.138113,0.005573,0.012197,58.67,71.72,0.001179,0.001123,5.6e-05,78.05,70.44,0.001426,27.64,-0.43,0.001452,0.001515,19.11,28.18,19.1,19.21,0.184,1,1.0,1.0,False,STABLE,0.000131,0.000178,8.9e-05,1.137385,1.143385,1.142965,1.143705,1.144125,1.142545,1.141805,21,4.21,1.142747,1.142158,60.11,0.000305,0.000169,87.97,88.46,0.000656,1.140475,1.143385,1.14333,1.14077,1,1.0,1.143285,1.143385,1.142545,1.142545,LONDON,63254,HIGH,1.143285,1.143385,1.142545,1.142545,LONDON,63254,HIGH,NONE,BULLISH,WEAK,LOW_WICK,NEUTRAL,NOISY,TRUE,TESTING_PIVOT,44,36,13.333333333333334,50,NEUTRAL,False,70,[],0,0,NEUTRAL,BULLISH,40,True,BULL_TRAP,50,True,False,False,70,False,0,100,UP,UP,NONE,0,True,75,55,45,80,False,True,NEUTRAL,70,False,0.0,NONE,True,BEARISH,True,False,50,False,70,34.09961685823783,17.0311464546065,60.0,37,FAIR,False,75,75,-0.02083972955536371,5,100.0,True,RANDOM,70,45.32454716921709,8.463126334294,False,NONE,False,False,False,100,True,70,UP,100,IMPULSIVE,NORMAL,UP,100,0.184,IMPULSIVE,90,30,95,WEAK,NONE,60,30,70,NORMAL,58,55,45,-0.43,False,80,0.4569156349922112,93.888,RANGING,90,False,NONE,1.137385,1.143385,1.142965,FAR,30,50,85,50,NONE,NONE,NONE,False,[],0,0,SIDEWAY_RANGE,SIDEWAY_RANGE,55,51,False,11,Price ranging between clear levels. Suitable for mean-reversion strategies.,1.0,0.8,False,False,True,True,0.3,0.3,True,False,False,18,True,[],0,NO,SIDEWAY_RANGE,Price ranging between clear levels. Suitable for mean-reversion strategies.,NORMAL,LOW,0.125,[],False,Passed basic checks,0,50,50,MEDIUM,5,WAIT,รอการวิเคราะห์จาก AI,1.142437,1.141641,81.63,1.143072,1.143598,1.142758,BULLISH,AT_PIVOT
2026-06-26 20:16:00,1.143305,1.144105,1.143235,1.143885,1.0,EURUSD-OTC,BULLISH,1.142304,1.141809,1.140946,1.13801,1.133009,1.127879,BULLISH,1.143687,1.138113,0.005573,0.012197,58.67,71.72,0.001179,0.001123,5.6e-05,78.05,70.44,0.001426,27.64,-0.43,0.001452,0.001515,19.11,28.18,19.1,19.21,0.184,1,1.0,1.0,False,STABLE,0.000131,0.000178,8.9e-05,1.137385,1.143385,1.142965,1.143705,1.144125,1.142545,1.141805,21,4.21,1.143126,1.142322,67.2,0.000405,0.000216,92.75,89.13,0.000661,1.140475,1.144105,1.143664,1.140626,1,1.0,1.143885,1.144105,1.143235,1.143305,LONDON,62674,HIGH,1.143885,1.144105,1.143235,1.143305,LONDON,62674,HIGH,NONE,BULLISH,WEAK,LOW_WICK,NEUTRAL,NOISY,TRUE,TESTING_RESISTANCE,44,36,13.333333333333334,50,NEUTRAL,False,70,[],0,0,NEUTRAL,BULLISH,40,True,BULL_TRAP,50,True,False,False,70,False,0,100,UP,UP,NONE,0,True,75,55,45,80,False,True,NEUTRAL,70,False,0.0,NONE,True,BEARISH,True,False,50,False,70,34.09961685823783,17.0311464546065,60.0,37,FAIR,False,75,75,-0.02083972955536371,5,100.0,True,RANDOM,70,45.32454716921709,8.463126334294,False,NONE,False,False,False,100,True,70,UP,100,IMPULSIVE,NORMAL,UP,100,0.184,IMPULSIVE,90,30,95,WEAK,NONE,60,30,70,NORMAL,58,55,45,-0.43,False,80,0.4569156349922112,93.888,RANGING,90,False,NONE,1.137385,1.143385,1.142965,FAR,30,50,85,50,NONE,NONE,NONE,False,[],0,0,SIDEWAY_RANGE,SIDEWAY_RANGE,55,51,False,11,Price ranging between clear levels. Suitable for mean-reversion strategies.,1.0,0.8,False,False,True,True,0.3,0.3,True,False,False,18,True,[],0,NO,SIDEWAY_RANGE,Price ranging between clear levels. Suitable for mean-reversion strategies.,NORMAL,LOW,0.125,[],False,Passed basic checks,0,50,50,MEDIUM,5,WAIT,รอการวิเคราะห์จาก AI,1.1427,1.141729,82.95,1.143742,1.144248,1.143378,BULLISH,AT_RESISTANCE
2026-06-26 20:17:00,1.143895,1.143895,1.143025,1.143305,1.0,EURUSD-OTC,BULLISH,1.142304,1.141809,1.140946,1.13801,1.133009,1.127879,BULLISH,1.143687,1.138113,0.005573,0.012197,58.67,71.72,0.001179,0.001123,5.6e-05,78.05,70.44,0.001426,27.64,-0.43,0.001452,0.001515,19.11,28.18,19.1,19.21,0.184,1,1.0,1.0,False,STABLE,0.000131,0.000178,8.9e-05,1.137385,1.143385,1.142965,1.143705,1.144125,1.142545,1.141805,21,4.21,1.143186,1.142416,65.56,0.000431,0.000259,89.49,90.07,0.000671,1.140475,1.144105,1.143798,1.14059,1,1.0,1.143305,1.143895,1.143025,1.143895,LONDON,63140,HIGH,1.143305,1.143895,1.143025,1.143895,LONDON,63140,HIGH,NONE,BULLISH,WEAK,LOW_WICK,NEUTRAL,NOISY,TRUE,TESTING_PIVOT,44,36,13.333333333333334,50,NEUTRAL,False,70,[],0,0,NEUTRAL,BULLISH,40,True,BULL_TRAP,50,True,False,False,70,False,0,100,UP,UP,NONE,0,True,75,55,45,80,False,True,NEUTRAL,70,False,0.0,NONE,True,BEARISH,True,False,50,False,70,34.09961685823783,17.0311464546065,60.0,37,FAIR,False,75,75,-0.02083972955536371,5,100.0,True,RANDOM,70,45.32454716921709,8.463126334294,False,NONE,False,False,False,100,True,70,UP,100,IMPULSIVE,NORMAL,UP,100,0.184,IMPULSIVE,90,30,95,WEAK,NONE,60,30,70,NORMAL,58,55,45,-0.43,False,80,0.4569156349922112,93.888,RANGING,90,False,NONE,1.137385,1.143385,1.142965,FAR,30,50,85,50,NONE,NONE,NONE,False,[],0,0,SIDEWAY_RANGE,SIDEWAY_RANGE,55,51,False,11,Price ranging between clear levels. Suitable for mean-reversion strategies.,1.0,0.8,False,False,True,True,0.3,0.3,True,False,False,18,True,[],0,NO,SIDEWAY_RANGE,Price ranging between clear levels. Suitable for mean-reversion strategies.,NORMAL,LOW,0.125,[],False,Passed basic checks,0,50,50,MEDIUM,5,WAIT,รอการวิเคราะห์จาก AI,1.14281,1.141791,66.12,1.143408,1.143792,1.142922,BULLISH,AT_PIVOT
2026-06-26 20:18:00,1.143315,1.143595,1.143095,1.143525,1.0,EURUSD-OTC,BULLISH,1.142304,1.141809,1.140946,1.13801,1.133009,1.127879,BULLISH,1.143687,1.138113,0.005573,0.012197,58.67,71.72,0.001179,0.001123,5.6e-05,78.05,70.44,0.001426,27.64,-0.43,0.001452,0.001515,19.11,28.18,19.1,19.21,0.184,1,1.0,1.0,False,STABLE,0.000131,0.000178,8.9e-05,1.137385,1.143385,1.142965,1.143705,1.144125,1.142545,1.141805,21,4.21,1.143299,1.142521,67.86,0.000465,0.000301,85.31,89.18,0.000664,1.140475,1.144105,1.143952,1.140537,1,1.0,1.143525,1.143595,1.143095,1.143315,LONDON,62578,HIGH,1.143525,1.143595,1.143095,1.143315,LONDON,62578,HIGH,NONE,BULLISH,WEAK,LOW_WICK,NEUTRAL,NOISY,TRUE,TESTING_PIVOT,44,36,13.333333333333334,50,NEUTRAL,False,70,[],0,0,NEUTRAL,BULLISH,40,True,BULL_TRAP,50,True,False,False,70,False,0,100,UP,UP,NONE,0,True,75,55,45,80,False,True,NEUTRAL,70,False,0.0,NONE,True,BEARISH,True,False,50,False,70,34.09961685823783,17.0311464546065,60.0,37,FAIR,False,75,75,-0.02083972955536371,5,100.0,True,RANDOM,70,45.32454716921709,8.463126334294,False,NONE,False,False,False,100,True,70,UP,100,IMPULSIVE,NORMAL,UP,100,0.184,IMPULSIVE,90,30,95,WEAK,NONE,60,30,70,NORMAL,58,55,45,-0.43,False,80,0.4569156349922112,93.888,RANGING,90,False,NONE,1.137385,1.143385,1.142965,FAR,30,50,85,50,NONE,NONE,NONE,False,[],0,0,SIDEWAY_RANGE,SIDEWAY_RANGE,55,51,False,11,Price ranging between clear levels. Suitable for mean-reversion strategies.,1.0,0.8,False,False,True,True,0.3,0.3,True,False,False,18,True,[],0,NO,SIDEWAY_RANGE,Price ranging between clear levels. Suitable for mean-reversion strategies.,NORMAL,LOW,0.125,[],False,Passed basic checks,0,50,50,MEDIUM,5,WAIT,รอการวิเคราะห์จาก AI,1.14294,1.141858,61.99,1.143405,1.143715,1.143215,BULLISH,AT_PIVOT
2026-06-26 20:19:00,1.143515,1.143625,1.143135,1.143485,1.0,EURUSD-OTC,BULLISH,1.142304,1.141809,1.140946,1.13801,1.133009,1.127879,BULLISH,1.143687,1.138113,0.005573,0.012197,58.67,71.72,0.001179,0.001123,5.6e-05,78.05,70.44,0.001426,27.64,-0.43,0.001452,0.001515,19.11,28.18,19.1,19.21,0.184,1,1.0,1.0,False,STABLE,0.000131,0.000178,8.9e-05,1.137385,1.143385,1.142965,1.143705,1.144125,1.142545,1.141805,21,4.21,1.143361,1.142613,71.02,0.000483,0.000337,81.63,85.48,0.000658,1.140475,1.144105,1.144109,1.140545,1,1.0,1.143485,1.143625,1.143135,1.143515,LONDON,62983,HIGH,1.143485,1.143625,1.143135,1.143515,LONDON,62983,HIGH,NONE,BULLISH,WEAK,LOW_WICK,NEUTRAL,NOISY,TRUE,TESTING_PIVOT,44,36,13.333333333333334,50,NEUTRAL,False,70,[],0,0,NEUTRAL,BULLISH,40,True,BULL_TRAP,50,True,False,False,70,False,0,100,UP,UP,NONE,0,True,75,55,45,80,False,True,NEUTRAL,70,False,0.0,NONE,True,BEARISH,True,False,50,False,70,34.09961685823783,17.0311464546065,60.0,37,FAIR,False,75,75,-0.02083972955536371,5,100.0,True,RANDOM,70,45.32454716921709,8.463126334294,False,NONE,False,False,False,100,True,70,UP,100,IMPULSIVE,NORMAL,UP,100,0.184,IMPULSIVE,90,30,95,WEAK,NONE,60,30,70,NORMAL,58,55,45,-0.43,False,80,0.4569156349922112,93.888,RANGING,90,False,NONE,1.137385,1.143385,1.142965,FAR,30,50,85,50,NONE,NONE,NONE,False,[],0,0,SIDEWAY_RANGE,SIDEWAY_RANGE,55,51,False,11,Price ranging between clear levels. Suitable for mean-reversion strategies.,1.0,0.8,False,False,True,True,0.3,0.3,True,False,False,18,True,[],0,NO,SIDEWAY_RANGE,Price ranging between clear levels. Suitable for mean-reversion strategies.,NORMAL,LOW,0.125,[],False,Passed basic checks,0,50,50,MEDIUM,5,WAIT,รอการวิเคราะห์จาก AI,1.143039,1.141922,64.12,1.143415,1.143695,1.143205,BULLISH,AT_PIVOT
2026-06-26 20:20:00,1.143415,1.143535,1.142835,1.142975,1.0,EURUSD-OTC,BULLISH,1.142528,1.142021,1.141139,1.138204,1.133183,1.127863,BULLISH,1.143755,1.138528,0.005226,0.012115,54.55,69.0,0.001199,0.001138,6.1e-05,84.89,77.34,0.001409,23.12,-0.48,0.001439,0.001541,19.54,29.95,17.92,25.14,0.2104,1,1.0,1.0,False,STABLE,0.000141,0.000164,0.000102,1.138175,1.144105,1.143305,1.143775,1.144575,1.142505,1.142035,20,4.21,1.143232,1.142648,71.53,0.000451,0.00036,78.46,81.8,0.000647,1.140475,1.144105,1.144173,1.14059,1,1.0,1.142975,1.143535,1.142835,1.143415,LONDON,63394,HIGH,1.142975,1.143535,1.142835,1.143415,LONDON,63394,HIGH,SHOOTING_STAR,BEARISH,WEAK,LOW_WICK,NEUTRAL,CHAOTIC,TRUE,TESTING_PIVOT,42,36,6.666666666666667,50,NEUTRAL,False,70,['SHOOTING_STAR'],1,20,BEARISH,BEARISH,60,True,BULL_TRAP,75,True,False,True,70,False,0,100,UP,NONE,NONE,0,True,75,55,45,80,False,True,NEUTRAL,70,False,0.0,NONE,True,BEARISH,True,False,50,False,70,30.627774254914552,4.295704295704436,55.00000000000001,29,POOR,False,75,75,-0.022584089871255476,5,100.0,True,RANDOM,70,50.8431979463332,2.4136015634190318,False,NONE,False,False,False,100,True,70,UP,100,IMPULSIVE,LOW,UP,100,0.2104,IMPULSIVE,90,30,95,WEAK,NONE,55,30,65,LOW,58,55,45,-0.48,False,65,0.4313660751134956,97.504,RANGING,90,False,NONE,1.138175,1.143775,1.143305,FAR,30,50,85,50,NONE,NONE,NONE,False,[],0,0,BREAKOUT_EMERGING,BREAKOUT_EMERGING,51,70,True,28,"Volatility expansion after compression. Potential breakout opportunity. (breakout prob: 30%, reversal prob: 50%)",1.0,0.5,False,False,True,True,0.3,0.3,True,False,False,18,True,[],0,NO,BREAKOUT_EMERGING,"Volatility expansion after compression. Potential breakout opportunity. (breakout prob: 30%, reversal prob: 50%)",LOW,LOW,0.123,[],True,Passed basic checks,0,50,50,MEDIUM,5,WAIT,รอการวิเคราะห์จาก AI,1.143027,1.141964,59.79,1.143115,1.143395,1.142695,BEARISH,AT_PIVOT
2026-06-26 20:21:00,1.142955,1.143435,1.142905,1.143035,1.0,EURUSD-OTC,BULLISH,1.142528,1.142021,1.141139,1.138204,1.133183,1.127863,BULLISH,1.143755,1.138528,0.005226,0.012115,54.55,69.0,0.001199,0.001138,6.1e-05,84.89,77.34,0.001409,23.12,-0.48,0.001439,0.001541,19.54,29.95,17.92,25.14,0.2104,1,1.0,1.0,False,STABLE,0.000141,0.000164,0.000102,1.138175,1.144105,1.143305,1.143775,1.144575,1.142505,1.142035,20,4.21,1.143167,1.142684,66.88,0.000425,0.000373,70.62,76.91,0.000621,1.140475,1.144105,1.144235,1.140609,1,1.0,1.143035,1.143435,1.142905,1.142955,LONDON,62804,HIGH,1.143035,1.143435,1.142905,1.142955,LONDON,62804,HIGH,SHOOTING_STAR,BEARISH,WEAK,LOW_WICK,NEUTRAL,CHAOTIC,TRUE,TESTING_PIVOT,42,36,6.666666666666667,50,NEUTRAL,False,70,['SHOOTING_STAR'],1,20,BEARISH,BEARISH,60,True,BULL_TRAP,75,True,False,True,70,False,0,100,UP,NONE,NONE,0,True,75,55,45,80,False,True,NEUTRAL,70,False,0.0,NONE,True,BEARISH,True,False,50,False,70,30.627774254914552,4.295704295704436,55.00000000000001,29,POOR,False,75,75,-0.022584089871255476,5,100.0,True,RANDOM,70,50.8431979463332,2.4136015634190318,False,NONE,False,False,False,100,True,70,UP,100,IMPULSIVE,LOW,UP,100,0.2104,IMPULSIVE,90,30,95,WEAK,NONE,55,30,65,LOW,58,55,45,-0.48,False,65,0.4313660751134956,97.504,RANGING,90,False,NONE,1.138175,1.143775,1.143305,FAR,30,50,85,50,NONE,NONE,NONE,False,[],0,0,BREAKOUT_EMERGING,BREAKOUT_EMERGING,51,70,True,28,"Volatility expansion after compression. Potential breakout opportunity. (breakout prob: 30%, reversal prob: 50%)",1.0,0.5,False,False,True,True,0.3,0.3,True,False,False,18,True,[],0,NO,BREAKOUT_EMERGING,"Volatility expansion after compression. Potential breakout opportunity. (breakout prob: 30%, reversal prob: 50%)",LOW,LOW,0.123,[],True,Passed basic checks,0,50,50,MEDIUM,5,WAIT,รอการวิเคราะห์จาก AI,1.143029,1.142006,57.68,1.143125,1.143345,1.142815,BEARISH,AT_PIVOT
2026-06-26 20:22:00,1.143025,1.143345,1.142725,1.143345,1.0,EURUSD-OTC,BULLISH,1.142528,1.142021,1.141139,1.138204,1.133183,1.127863,BULLISH,1.143755,1.138528,0.005226,0.012115,54.55,69.0,0.001199,0.001138,6.1e-05,84.89,77.34,0.001409,23.12,-0.48,0.001439,0.001541,19.54,29.95,17.92,25.14,0.2104,1,1.0,1.0,False,STABLE,0.000141,0.000164,0.000102,1.138175,1.144105,1.143305,1.143775,1.144575,1.142505,1.142035,20,4.21,1.143226,1.142747,66.88,0.000425,0.000383,65.67,71.59,0.000628,1.140475,1.144105,1.144336,1.140646,1,1.0,1.143345,1.143345,1.142725,1.143025,LONDON,63249,HIGH,1.143345,1.143345,1.142725,1.143025,LONDON,63249,HIGH,SHOOTING_STAR,BEARISH,WEAK,LOW_WICK,NEUTRAL,CHAOTIC,TRUE,TESTING_PIVOT,42,36,6.666666666666667,50,NEUTRAL,False,70,['SHOOTING_STAR'],1,20,BEARISH,BEARISH,60,True,BULL_TRAP,75,True,False,True,70,False,0,100,UP,NONE,NONE,0,True,75,55,45,80,False,True,NEUTRAL,70,False,0.0,NONE,True,BEARISH,True,False,50,False,70,30.627774254914552,4.295704295704436,55.00000000000001,29,POOR,False,75,75,-0.022584089871255476,5,100.0,True,RANDOM,70,50.8431979463332,2.4136015634190318,False,NONE,False,False,False,100,True,70,UP,100,IMPULSIVE,LOW,UP,100,0.2104,IMPULSIVE,90,30,95,WEAK,NONE,55,30,65,LOW,58,55,45,-0.48,False,65,0.4313660751134956,97.504,RANGING,90,False,NONE,1.138175,1.143775,1.143305,FAR,30,50,85,50,NONE,NONE,NONE,False,[],0,0,ACCUMULATION,ACCUMULATION,51,65,True,28,"Smart money accumulation. Bullish bias, look for breakout.",1.0,0.5,False,False,True,True,0.3,0.3,True,False,False,18,True,[],0,NO,ACCUMULATION,"Smart money accumulation. Bullish bias, look for breakout.",LOW,LOW,0.123,[],True,Passed basic checks,0,50,50,MEDIUM,5,WAIT,รอการวิเคราะห์จาก AI,1.143086,1.142058,51.29,1.143138,1.143552,1.142932,BEARISH,AT_PIVOT
2026-06-26 20:23:00,1.143405,1.143715,1.143005,1.143715,1.0,EURUSD-OTC,BULLISH,1.142528,1.142021,1.141139,1.138204,1.133183,1.127863,BULLISH,1.143755,1.138528,0.005226,0.012115,54.55,69.0,0.001199,0.001138,6.1e-05,84.89,77.34,0.001409,23.12,-0.48,0.001439,0.001541,19.54,29.95,17.92,25.14,0.2104,1,1.0,1.0,False,STABLE,0.000141,0.000164,0.000102,1.138175,1.144105,1.143305,1.143775,1.144575,1.142505,1.142035,20,4.21,1.143389,1.14284,66.6,0.00045,0.000397,69.91,68.74,0.000626,1.140475,1.144105,1.144464,1.140737,1,1.0,1.143715,1.143715,1.143005,1.143405,LONDON,62468,HIGH,1.143715,1.143715,1.143005,1.143405,LONDON,62468,HIGH,SHOOTING_STAR,BEARISH,WEAK,LOW_WICK,NEUTRAL,CHAOTIC,TRUE,TESTING_PIVOT,42,36,6.666666666666667,50,NEUTRAL,False,70,['SHOOTING_STAR'],1,20,BEARISH,BEARISH,60,True,BULL_TRAP,75,True,False,True,70,False,0,100,UP,NONE,NONE,0,True,75,55,45,80,False,True,NEUTRAL,70,False,0.0,NONE,True,BEARISH,True,False,50,False,70,30.627774254914552,4.295704295704436,55.00000000000001,29,POOR,False,75,75,-0.022584089871255476,5,100.0,True,RANDOM,70,50.8431979463332,2.4136015634190318,False,NONE,False,False,False,100,True,70,UP,100,IMPULSIVE,LOW,UP,100,0.2104,IMPULSIVE,90,30,95,WEAK,NONE,55,30,65,LOW,58,55,45,-0.48,False,65,0.4313660751134956,97.504,RANGING,90,False,NONE,1.138175,1.143775,1.143305,FAR,30,50,85,50,NONE,NONE,NONE,False,[],0,0,BREAKOUT_EMERGING,BREAKOUT_EMERGING,51,70,True,28,"Volatility expansion after compression. Potential breakout opportunity. (breakout prob: 30%, reversal prob: 50%)",1.0,0.5,False,False,True,True,0.3,0.3,True,False,False,18,True,[],0,NO,BREAKOUT_EMERGING,"Volatility expansion after compression. Potential breakout opportunity. (breakout prob: 30%, reversal prob: 50%)",LOW,LOW,0.123,[],True,Passed basic checks,0,50,50,MEDIUM,5,WAIT,รอการวิเคราะห์จาก AI,1.143201,1.142123,45.93,1.143478,1.143952,1.143242,BEARISH,AT_PIVOT
2026-06-26 20:24:00,1.143695,1.144015,1.143335,1.143365,1.0,EURUSD-OTC,BULLISH,1.142528,1.142021,1.141139,1.138204,1.133183,1.127863,BULLISH,1.143755,1.138528,0.005226,0.012115,54.55,69.0,0.001199,0.001138,6.1e-05,84.89,77.34,0.001409,23.12,-0.48,0.001439,0.001541,19.54,29.95,17.92,25.14,0.2104,1,1.0,1.0,False,STABLE,0.000141,0.000164,0.000102,1.138175,1.144105,1.143305,1.143775,1.144575,1.142505,1.142035,20,4.21,1.143381,1.14289,60.61,0.000436,0.000404,69.95,68.51,0.000637,1.140475,1.144105,1.144505,1.140889,1,1.0,1.143365,1.144015,1.143335,1.143695,LONDON,62860,HIGH,1.143365,1.144015,1.143335,1.143695,LONDON,62860,HIGH,SHOOTING_STAR,BEARISH,WEAK,LOW_WICK,NEUTRAL,CHAOTIC,TRUE,TESTING_PIVOT,42,36,6.666666666666667,50,NEUTRAL,False,70,['SHOOTING_STAR'],1,20,BEARISH,BEARISH,60,True,BULL_TRAP,75,True,False,True,70,False,0,100,UP,NONE,NONE,0,True,75,55,45,80,False,True,NEUTRAL,70,False,0.0,NONE,True,BEARISH,True,False,50,False,70,30.627774254914552,4.295704295704436,55.00000000000001,29,POOR,False,75,75,-0.022584089871255476,5,100.0,True,RANDOM,70,50.8431979463332,2.4136015634190318,False,NONE,False,False,False,100,True,70,UP,100,IMPULSIVE,LOW,UP,100,0.2104,IMPULSIVE,90,30,95,WEAK,NONE,55,30,65,LOW,58,55,45,-0.48,False,65,0.4313660751134956,97.504,RANGING,90,False,NONE,1.138175,1.143775,1.143305,FAR,30,50,85,50,NONE,NONE,NONE,False,[],0,0,BREAKOUT_EMERGING,BREAKOUT_EMERGING,51,70,True,28,"Volatility expansion after compression. Potential breakout opportunity. (breakout prob: 30%, reversal prob: 50%)",1.0,0.5,False,False,True,True,0.3,0.3,True,False,False,18,True,[],0,NO,BREAKOUT_EMERGING,"Volatility expansion after compression. Potential breakout opportunity. (breakout prob: 30%, reversal prob: 50%)",LOW,LOW,0.123,[],True,Passed basic checks,0,50,50,MEDIUM,5,WAIT,รอการวิเคราะห์จาก AI,1.143231,1.142172,51.61,1.143572,1.143808,1.143128,BEARISH,AT_PIVOT
2026-06-26 20:25:00,1.143325,1.143385,1.142785,1.143325,1.0,EURUSD-OTC,BULLISH,1.142794,1.142258,1.141347,1.138405,1.133374,1.127943,BULLISH,1.144006,1.138441,0.005565,0.012041,65.5,68.9,0.00123,0.001156,7.3e-05,85.96,82.97,0.001402,23.12,-0.46,0.00143,0.001541,19.83,28.05,17.32,23.65,0.0674,1,1.0,1.0,False,STABLE,0.000108,0.000204,0.000117,1.138225,1.144105,1.143355,1.143985,1.144645,1.142695,1.142065,20,4.19,1.143362,1.142931,55.13,0.000417,0.000407,66.7,68.85,0.000634,1.140475,1.144105,1.144476,1.141137,1,1.0,1.143325,1.143385,1.142785,1.143325,LONDON,63313,HIGH,1.143325,1.143385,1.142785,1.143325,LONDON,63313,HIGH,BULLISH_ENGULFING,BULLISH,WEAK,HIGH_WICK,NEUTRAL,NOISY,TRUE,TESTING_PIVOT,42,33,6.666666666666667,50,NEUTRAL,False,70,['BULLISH_ENGULFING'],1,20,BULLISH,BULLISH,60,True,BULL_TRAP,50,True,False,False,70,False,0,100,UP,NONE,NONE,0,True,75,82,18,80,True,True,CONTINUATION,70,False,0.0,NONE,True,BEARISH,True,False,50,False,70,13.03656597774133,9.362621534029572,55.00000000000001,25,POOR,False,75,75,-0.024381606056412864,5,100.0,True,RANDOM,70,45.880283746401034,7.534896716814622,False,NONE,False,False,False,100,True,70,UP,100,CHOPPY,LOW,UP,100,0.0674,CHOPPY,75,30,75,WEAK,NONE,55,30,65,LOW,58,55,45,-0.46,False,65,0.462170916036874,97.504,RANGING,90,False,NONE,1.138225,1.143985,1.143355,FAR,30,50,85,50,NONE,NONE,NONE,False,[],0,0,ACCUMULATION,ACCUMULATION,55,56,False,11,"Smart money accumulation. Bullish bias, look for breakout.",1.0,0.8,False,False,True,True,0.3,0.3,True,False,False,18,True,[],0,NO,ACCUMULATION,"Smart money accumulation. Bullish bias, look for breakout.",LOW,LOW,0.123,[],False,Passed basic checks,0,50,50,MEDIUM,5,WAIT,รอการวิเคราะห์จาก AI,1.143248,1.142217,44.05,1.143165,1.143545,1.142945,BULLISH,AT_PIVOT
2026-06-26 20:26:00,1.143355,1.143955,1.143295,1.143955,1.0,EURUSD-OTC,BULLISH,1.142794,1.142258,1.141347,1.138405,1.133374,1.127943,BULLISH,1.144006,1.138441,0.005565,0.012041,65.5,68.9,0.00123,0.001156,7.3e-05,85.96,82.97,0.001402,23.12,-0.46,0.00143,0.001541,19.83,28.05,17.32,23.65,0.0674,1,1.0,1.0,False,STABLE,0.000108,0.000204,0.000117,1.138225,1.144105,1.143355,1.143985,1.144645,1.142695,1.142065,20,4.19,1.14356,1.143029,62.37,0.000448,0.000415,70.3,68.98,0.000654,1.140525,1.144105,1.144356,1.141594,1,1.0,1.143955,1.143955,1.143295,1.143355,LONDON,62730,HIGH,1.143955,1.143955,1.143295,1.143355,LONDON,62730,HIGH,BULLISH_ENGULFING,BULLISH,WEAK,HIGH_WICK,NEUTRAL,NOISY,TRUE,TESTING_PIVOT,42,33,6.666666666666667,50,NEUTRAL,False,70,['BULLISH_ENGULFING'],1,20,BULLISH,BULLISH,60,True,BULL_TRAP,50,True,False,False,70,False,0,100,UP,NONE,NONE,0,True,75,82,18,80,True,True,CONTINUATION,70,False,0.0,NONE,True,BEARISH,True,False,50,False,70,13.03656597774133,9.362621534029572,55.00000000000001,25,POOR,False,75,75,-0.024381606056412864,5,100.0,True,RANDOM,70,45.880283746401034,7.534896716814622,False,NONE,False,False,False,100,True,70,UP,100,CHOPPY,LOW,UP,100,0.0674,CHOPPY,75,30,75,WEAK,NONE,55,30,65,LOW,58,55,45,-0.46,False,65,0.462170916036874,97.504,RANGING,90,False,NONE,1.138225,1.143985,1.143355,FAR,30,50,85,50,NONE,NONE,NONE,False,[],0,0,SIDEWAY_RANGE,SIDEWAY_RANGE,55,51,False,11,Price ranging between clear levels. Suitable for mean-reversion strategies.,1.0,0.8,False,False,True,True,0.3,0.3,True,False,False,18,True,[],0,NO,SIDEWAY_RANGE,Price ranging between clear levels. Suitable for mean-reversion strategies.,LOW,LOW,0.123,[],False,Passed basic checks,0,50,50,MEDIUM,5,WAIT,รอการวิเคราะห์จาก AI,1.143376,1.142285,60.35,1.143735,1.144175,1.143515,BULLISH,AT_PIVOT
2026-06-26 20:27:00,1.143915,1.144045,1.143325,1.143555,1.0,EURUSD-OTC,BULLISH,1.142794,1.142258,1.141347,1.138405,1.133374,1.127943,BULLISH,1.144006,1.138441,0.005565,0.012041,65.5,68.9,0.00123,0.001156,7.3e-05,85.96,82.97,0.001402,23.12,-0.46,0.00143,0.001541,19.83,28.05,17.32,23.65,0.0674,1,1.0,1.0,False,STABLE,0.000108,0.000204,0.000117,1.138225,1.144105,1.143355,1.143985,1.144645,1.142695,1.142065,20,4.19,1.143558,1.143079,61.37,0.000435,0.000419,73.12,70.04,0.00066,1.141395,1.144105,1.144275,1.141888,1,1.0,1.143555,1.144045,1.143325,1.143915,LONDON,63180,HIGH,1.143555,1.144045,1.143325,1.143915,LONDON,63180,HIGH,BULLISH_ENGULFING,BULLISH,WEAK,HIGH_WICK,NEUTRAL,NOISY,TRUE,TESTING_PIVOT,42,33,6.666666666666667,50,NEUTRAL,False,70,['BULLISH_ENGULFING'],1,20,BULLISH,BULLISH,60,True,BULL_TRAP,50,True,False,False,70,False,0,100,UP,NONE,NONE,0,True,75,82,18,80,True,True,CONTINUATION,70,False,0.0,NONE,True,BEARISH,True,False,50,False,70,13.03656597774133,9.362621534029572,55.00000000000001,25,POOR,False,75,75,-0.024381606056412864,5,100.0,True,RANDOM,70,45.880283746401034,7.534896716814622,False,NONE,False,False,False,100,True,70,UP,100,CHOPPY,LOW,UP,100,0.0674,CHOPPY,75,30,75,WEAK,NONE,55,30,65,LOW,58,55,45,-0.46,False,65,0.462170916036874,97.504,RANGING,90,False,NONE,1.138225,1.143985,1.143355,FAR,30,50,85,50,NONE,NONE,NONE,False,[],0,0,ACCUMULATION,ACCUMULATION,55,56,False,11,"Smart money accumulation. Bullish bias, look for breakout.",1.0,0.8,False,False,True,True,0.3,0.3,True,False,False,18,True,[],0,NO,ACCUMULATION,"Smart money accumulation. Bullish bias, look for breakout.",LOW,LOW,0.123,[],False,Passed basic checks,0,50,50,MEDIUM,5,WAIT,รอการวิเคราะห์จาก AI,1.143409,1.142335,63.43,1.143642,1.143958,1.143238,BULLISH,AT_PIVOT
2026-06-26 20:28:00,1.143545,1.143595,1.142815,1.142815,1.0,EURUSD-OTC,BULLISH,1.142794,1.142258,1.141347,1.138405,1.133374,1.127943,BULLISH,1.144006,1.138441,0.005565,0.012041,65.5,68.9,0.00123,0.001156,7.3e-05,85.96,82.97,0.001402,23.12,-0.46,0.00143,0.001541,19.83,28.05,17.32,23.65,0.0674,1,1.0,1.0,False,STABLE,0.000108,0.000204,0.000117,1.138225,1.144105,1.143355,1.143985,1.144645,1.142695,1.142065,20,4.19,1.143311,1.143054,51.72,0.00036,0.000407,59.46,67.63,0.000684,1.141725,1.144105,1.144158,1.142113,1,1.0,1.142815,1.143595,1.142815,1.143545,LONDON,62735,HIGH,1.142815,1.143595,1.142815,1.143545,LONDON,62735,HIGH,BULLISH_ENGULFING,BULLISH,WEAK,HIGH_WICK,NEUTRAL,NOISY,TRUE,TESTING_PIVOT,42,33,6.666666666666667,50,NEUTRAL,False,70,['BULLISH_ENGULFING'],1,20,BULLISH,BULLISH,60,True,BULL_TRAP,50,True,False,False,70,False,0,100,UP,NONE,NONE,0,True,75,82,18,80,True,True,CONTINUATION,70,False,0.0,NONE,True,BEARISH,True,False,50,False,70,13.03656597774133,9.362621534029572,55.00000000000001,25,POOR,False,75,75,-0.024381606056412864,5,100.0,True,RANDOM,70,45.880283746401034,7.534896716814622,False,NONE,False,False,False,100,True,70,UP,100,CHOPPY,LOW,UP,100,0.0674,CHOPPY,75,30,75,WEAK,NONE,55,30,65,LOW,58,55,45,-0.46,False,65,0.462170916036874,97.504,RANGING,90,False,NONE,1.138225,1.143985,1.143355,FAR,30,50,85,50,NONE,NONE,NONE,False,[],0,0,SIDEWAY_RANGE,SIDEWAY_RANGE,55,51,False,11,Price ranging between clear levels. Suitable for mean-reversion strategies.,1.0,0.8,False,False,True,True,0.3,0.3,True,False,False,18,True,[],0,NO,SIDEWAY_RANGE,Price ranging between clear levels. Suitable for mean-reversion strategies.,LOW,LOW,0.123,[],False,Passed basic checks,0,50,50,MEDIUM,5,WAIT,รอการวิเคราะห์จาก AI,1.143301,1.142354,46.13,1.143075,1.143335,1.142555,BULLISH,AT_PIVOT
2026-06-26 20:29:00,1.142805,1.142805,1.141885,1.142035,1.0,EURUSD-OTC,BULLISH,1.142794,1.142258,1.141347,1.138405,1.133374,1.127943,BULLISH,1.144006,1.138441,0.005565,0.012041,65.5,68.9,0.00123,0.001156,7.3e-05,85.96,82.97,0.001402,23.12,-0.46,0.00143,0.001541,19.83,28.05,17.32,23.65,0.0674,1,1.0,1.0,False,STABLE,0.000108,0.000204,0.000117,1.138225,1.144105,1.143355,1.143985,1.144645,1.142695,1.142065,20,4.19,1.142885,1.142957,38.9,0.000236,0.000373,31.06,54.55,0.00069,1.141885,1.144105,1.144176,1.142084,1,1.0,1.142035,1.142805,1.141885,1.142805,LONDON,63135,HIGH,1.142035,1.142805,1.141885,1.142805,LONDON,63135,HIGH,BULLISH_ENGULFING,BULLISH,WEAK,HIGH_WICK,NEUTRAL,NOISY,TRUE,NONE,42,33,6.666666666666667,50,NEUTRAL,False,70,['BULLISH_ENGULFING'],1,20,BULLISH,BULLISH,60,True,BULL_TRAP,50,True,False,False,70,False,0,100,UP,NONE,NONE,0,True,75,82,18,80,True,True,CONTINUATION,70,False,0.0,NONE,True,BEARISH,True,False,50,False,70,13.03656597774133,9.362621534029572,55.00000000000001,25,POOR,False,75,75,-0.024381606056412864,5,100.0,True,RANDOM,70,45.880283746401034,7.534896716814622,False,NONE,False,False,False,100,True,70,UP,100,CHOPPY,LOW,UP,100,0.0674,CHOPPY,75,30,75,WEAK,NONE,55,30,65,LOW,58,55,45,-0.46,False,65,0.462170916036874,97.504,RANGING,90,False,NONE,1.138225,1.143985,1.143355,FAR,30,50,85,50,NONE,NONE,NONE,False,[],0,0,SIDEWAY_RANGE,SIDEWAY_RANGE,55,51,False,11,Price ranging between clear levels. Suitable for mean-reversion strategies.,1.0,0.8,False,False,True,True,0.3,0.3,True,False,False,18,True,[],0,NO,SIDEWAY_RANGE,Price ranging between clear levels. Suitable for mean-reversion strategies.,LOW,LOW,0.123,[],False,Passed basic checks,0,50,50,MEDIUM,5,WAIT,รอการวิเคราะห์จาก AI,1.143071,1.142342,30.21,1.142242,1.142598,1.141678,BULLISH,NONE
2026-06-26 20:30:00,1.142095,1.142255,1.141775,1.141945,1.0,EURUSD-OTC,BULLISH,1.142511,1.142201,1.141404,1.138544,1.13355,1.128127,BULLISH,1.144074,1.138495,0.00558,0.011971,53.52,59.67,0.001129,0.001151,-2.2e-05,70.22,80.36,0.001523,50.75,-0.16,0.00143,0.001541,19.22,25.04,19.95,11.31,-0.0543,1,1.0,1.0,False,STABLE,9.8e-05,0.000206,0.000129,1.138225,1.144105,1.142588,1.143402,1.144858,1.141132,1.140318,21,3.86,1.142572,1.14286,31.05,0.000129,0.000324,10.52,33.68,0.000662,1.141775,1.144105,1.14423,1.141992,1,1.0,1.141945,1.142255,1.141775,1.142095,LONDON,62559,HIGH,1.141945,1.142255,1.141775,1.142095,LONDON,62559,HIGH,BEARISH_ENGULFING,BEARISH,WEAK,HIGH_WICK,NEUTRAL,NOISY,TRUE,TESTING_PIVOT,44,30,6.666666666666667,50,NEUTRAL,False,70,['BEARISH_ENGULFING'],1,20,BEARISH,BEARISH,60,True,BULL_TRAP,50,True,False,False,70,False,0,100,UP,NONE,NONE,0,True,75,55,45,80,False,True,NEUTRAL,70,False,0.0,NONE,True,BEARISH,True,False,50,False,70,9.384615384615449,9.54225352112703,55.00000000000001,24,POOR,False,75,75,-0.032965209483855736,5,100.0,True,RANDOM,70,43.21330679475087,8.323091828843095,False,NONE,False,False,False,100,True,70,UP,80,CHOPPY,HIGH,UP,80,-0.0543,CHOPPY,65,30,65,WEAK,NONE,50,30,60,HIGH,73,55,45,-0.16,False,80,0.4661264723080778,75.4,RANGING,90,False,NONE,1.138225,1.143402,1.142588,FAR,30,50,85,50,NONE,NONE,NONE,False,[],0,0,ACCUMULATION,ACCUMULATION,50,56,False,10,"Smart money accumulation. Bullish bias, look for breakout.",1.0,0.8,False,False,True,True,0.3,0.3,True,False,False,18,True,[],0,NO,ACCUMULATION,"Smart money accumulation. Bullish bias, look for breakout.",HIGH,LOW,0.133,[],False,Passed basic checks,0,50,50,MEDIUM,5,WAIT,รอการวิเคราะห์จาก AI,1.142866,1.142326,20.79,1.141992,1.142208,1.141728,BEARISH,AT_PIVOT
2026-06-26 20:31:00,1.141935,1.141935,1.141275,1.141695,1.0,EURUSD-OTC,BULLISH,1.142511,1.142201,1.141404,1.138544,1.13355,1.128127,BULLISH,1.144074,1.138495,0.00558,0.011971,53.52,59.67,0.001129,0.001151,-2.2e-05,70.22,80.36,0.001523,50.75,-0.16,0.00143,0.001541,19.22,25.04,19.95,11.31,-0.0543,1,1.0,1.0,False,STABLE,9.8e-05,0.000206,0.000129,1.138225,1.144105,1.142588,1.143402,1.144858,1.141132,1.140318,21,3.86,1.14228,1.142749,33.19,2.3e-05,0.000264,9.8,17.13,0.000648,1.141275,1.144105,1.144335,1.141769,1,1.0,1.141695,1.141935,1.141275,1.141935,LONDON,62886,HIGH,1.141695,1.141935,1.141275,1.141935,LONDON,62886,HIGH,BEARISH_ENGULFING,BEARISH,WEAK,HIGH_WICK,NEUTRAL,NOISY,TRUE,NONE,44,30,6.666666666666667,50,NEUTRAL,False,70,['BEARISH_ENGULFING'],1,20,BEARISH,BEARISH,60,True,BULL_TRAP,50,True,False,False,70,False,0,100,UP,NONE,NONE,0,True,75,55,45,80,False,True,NEUTRAL,70,False,0.0,NONE,True,BEARISH,True,False,50,False,70,9.384615384615449,9.54225352112703,55.00000000000001,24,POOR,False,75,75,-0.032965209483855736,5,100.0,True,RANDOM,70,43.21330679475087,8.323091828843095,False,NONE,False,False,False,100,True,70,UP,80,CHOPPY,HIGH,UP,80,-0.0543,CHOPPY,65,30,65,WEAK,NONE,50,30,60,HIGH,73,55,45,-0.16,False,80,0.4661264723080778,75.4,RANGING,90,False,NONE,1.138225,1.143402,1.142588,FAR,30,50,85,50,NONE,NONE,NONE,False,[],0,0,ACCUMULATION,ACCUMULATION,50,56,False,10,"Smart money accumulation. Bullish bias, look for breakout.",1.0,0.8,False,False,True,True,0.3,0.3,True,False,False,18,True,[],0,NO,ACCUMULATION,"Smart money accumulation. Bullish bias, look for breakout.",HIGH,LOW,0.133,[],False,Passed basic checks,0,50,50,MEDIUM,5,WAIT,รอการวิเคราะห์จาก AI,1.142653,1.142301,21.5,1.141635,1.141995,1.141335,BEARISH,NONE
2026-06-26 20:32:00,1.141705,1.141925,1.141585,1.141855,1.0,EURUSD-OTC,BULLISH,1.142511,1.142201,1.141404,1.138544,1.13355,1.128127,BULLISH,1.144074,1.138495,0.00558,0.011971,53.52,59.67,0.001129,0.001151,-2.2e-05,70.22,80.36,0.001523,50.75,-0.16,0.00143,0.001541,19.22,25.04,19.95,11.31,-0.0543,1,1.0,1.0,False,STABLE,9.8e-05,0.000206,0.000129,1.138225,1.144105,1.142588,1.143402,1.144858,1.141132,1.140318,21,3.86,1.142138,1.142664,32.35,-4.7e-05,0.000202,14.53,11.62,0.000636,1.141275,1.144105,1.144393,1.141622,1,1.0,1.141855,1.141925,1.141585,1.141705,LONDON,63337,HIGH,1.141855,1.141925,1.141585,1.141705,LONDON,63337,HIGH,BEARISH_ENGULFING,BEARISH,WEAK,HIGH_WICK,NEUTRAL,NOISY,TRUE,TESTING_PIVOT,44,30,6.666666666666667,50,NEUTRAL,False,70,['BEARISH_ENGULFING'],1,20,BEARISH,BEARISH,60,True,BULL_TRAP,50,True,False,False,70,False,0,100,UP,NONE,NONE,0,True,75,55,45,80,False,True,NEUTRAL,70,False,0.0,NONE,True,BEARISH,True,False,50,False,70,9.384615384615449,9.54225352112703,55.00000000000001,24,POOR,False,75,75,-0.032965209483855736,5,100.0,True,RANDOM,70,43.21330679475087,8.323091828843095,False,NONE,False,False,False,100,True,70,UP,80,CHOPPY,HIGH,UP,80,-0.0543,CHOPPY,65,30,65,WEAK,NONE,50,30,60,HIGH,73,55,45,-0.16,False,80,0.4661264723080778,75.4,RANGING,90,False,NONE,1.138225,1.143402,1.142588,FAR,30,50,85,50,NONE,NONE,NONE,False,[],0,0,ACCUMULATION,ACCUMULATION,50,56,False,10,"Smart money accumulation. Bullish bias, look for breakout.",1.0,0.8,False,False,True,True,0.3,0.3,True,False,False,18,True,[],0,NO,ACCUMULATION,"Smart money accumulation. Bullish bias, look for breakout.",HIGH,LOW,0.133,[],False,Passed basic checks,0,50,50,MEDIUM,5,WAIT,รอการวิเคราะห์จาก AI,1.142508,1.142284,25.9,1.141788,1.141992,1.141652,BEARISH,AT_PIVOT
2026-06-26 20:33:00,1.141835,1.142025,1.141545,1.141815,1.0,EURUSD-OTC,BULLISH,1.142511,1.142201,1.141404,1.138544,1.13355,1.128127,BULLISH,1.144074,1.138495,0.00558,0.011971,53.52,59.67,0.001129,0.001151,-2.2e-05,70.22,80.36,0.001523,50.75,-0.16,0.00143,0.001541,19.22,25.04,19.95,11.31,-0.0543,1,1.0,1.0,False,STABLE,9.8e-05,0.000206,0.000129,1.138225,1.144105,1.142588,1.143402,1.144858,1.141132,1.140318,21,3.86,1.14203,1.142583,32.35,-0.000105,0.00014,18.53,14.29,0.000636,1.141275,1.144105,1.144441,1.141513,1,1.0,1.141815,1.142025,1.141545,1.141835,LONDON,62718,HIGH,1.141815,1.142025,1.141545,1.141835,LONDON,62718,HIGH,BEARISH_ENGULFING,BEARISH,WEAK,HIGH_WICK,NEUTRAL,NOISY,TRUE,NONE,44,30,6.666666666666667,50,NEUTRAL,False,70,['BEARISH_ENGULFING'],1,20,BEARISH,BEARISH,60,True,BULL_TRAP,50,True,False,False,70,False,0,100,UP,NONE,NONE,0,True,75,55,45,80,False,True,NEUTRAL,70,False,0.0,NONE,True,BEARISH,True,False,50,False,70,9.384615384615449,9.54225352112703,55.00000000000001,24,POOR,False,75,75,-0.032965209483855736,5,100.0,True,RANDOM,70,43.21330679475087,8.323091828843095,False,NONE,False,False,False,100,True,70,UP,80,CHOPPY,HIGH,UP,80,-0.0543,CHOPPY,65,30,65,WEAK,NONE,50,30,60,HIGH,73,55,45,-0.16,False,80,0.4661264723080778,75.4,RANGING,90,False,NONE,1.138225,1.143402,1.142588,FAR,30,50,85,50,NONE,NONE,NONE,False,[],0,0,ACCUMULATION,ACCUMULATION,50,56,False,10,"Smart money accumulation. Bullish bias, look for breakout.",1.0,0.8,False,False,True,True,0.3,0.3,True,False,False,18,True,[],0,NO,ACCUMULATION,"Smart money accumulation. Bullish bias, look for breakout.",HIGH,LOW,0.133,[],False,Passed basic checks,0,50,50,MEDIUM,5,WAIT,รอการวิเคราะห์จาก AI,1.142382,1.142265,6.5,1.141795,1.142045,1.141565,BEARISH,NONE
2026-06-26 20:34:00,1.141825,1.142595,1.141645,1.142565,1.0,EURUSD-OTC,BULLISH,1.142511,1.142201,1.141404,1.138544,1.13355,1.128127,BULLISH,1.144074,1.138495,0.00558,0.011971,53.52,59.67,0.001129,0.001151,-2.2e-05,70.22,80.36,0.001523,50.75,-0.16,0.00143,0.001541,19.22,25.04,19.95,11.31,-0.0543,1,1.0,1.0,False,STABLE,9.8e-05,0.000206,0.000129,1.138225,1.144105,1.142588,1.143402,1.144858,1.141132,1.140318,21,3.86,1.142209,1.142581,45.88,-8.9e-05,9.5e-05,29.0,20.69,0.000654,1.141275,1.144105,1.144442,1.141506,1,1.0,1.142565,1.142595,1.141645,1.141825,LONDON,63095,HIGH,1.142565,1.142595,1.141645,1.141825,LONDON,63095,HIGH,BEARISH_ENGULFING,BEARISH,WEAK,HIGH_WICK,NEUTRAL,NOISY,TRUE,TESTING_PIVOT,44,30,6.666666666666667,50,NEUTRAL,False,70,['BEARISH_ENGULFING'],1,20,BEARISH,BEARISH,60,True,BULL_TRAP,50,True,False,False,70,False,0,100,UP,NONE,NONE,0,True,75,55,45,80,False,True,NEUTRAL,70,False,0.0,NONE,True,BEARISH,True,False,50,False,70,9.384615384615449,9.54225352112703,55.00000000000001,24,POOR,False,75,75,-0.032965209483855736,5,100.0,True,RANDOM,70,43.21330679475087,8.323091828843095,False,NONE,False,False,False,100,True,70,UP,80,CHOPPY,HIGH,UP,80,-0.0543,CHOPPY,65,30,65,WEAK,NONE,50,30,60,HIGH,73,55,45,-0.16,False,80,0.4661264723080778,75.4,RANGING,90,False,NONE,1.138225,1.143402,1.142588,FAR,30,50,85,50,NONE,NONE,NONE,False,[],0,0,ACCUMULATION,ACCUMULATION,50,56,False,10,"Smart money accumulation. Bullish bias, look for breakout.",1.0,0.8,False,False,True,True,0.3,0.3,True,False,False,18,True,[],0,NO,ACCUMULATION,"Smart money accumulation. Bullish bias, look for breakout.",HIGH,LOW,0.133,[],False,Passed basic checks,0,50,50,MEDIUM,5,WAIT,รอการวิเคราะห์จาก AI,1.142415,1.142277,32.38,1.142268,1.142892,1.141942,BEARISH,AT_PIVOT
2026-06-26 20:35:00,1.142525,1.142675,1.141625,1.141755,1.0,EURUSD-OTC,BULLISH,1.142259,1.14212,1.141437,1.13867,1.133717,1.128295,BULLISH,1.144033,1.138788,0.005245,0.011903,48.73,52.17,0.001022,0.001125,-0.000103,59.57,71.92,0.001506,44.72,-0.24,0.001427,0.00154,18.23,23.37,21.0,5.35,-0.021,1,1.0,1.0,False,STABLE,8.6e-05,0.000181,0.000139,1.138225,1.144105,1.141902,1.142528,1.143302,1.141128,1.140502,22,3.9,1.142057,1.142503,38.81,-0.00014,4.8e-05,27.8,25.11,0.000691,1.141275,1.144105,1.144454,1.141341,1,1.0,1.141755,1.142675,1.141625,1.142525,LONDON,62454,HIGH,1.141755,1.142675,1.141625,1.142525,LONDON,62454,HIGH,NONE,BEARISH,WEAK,HIGH_WICK,NEUTRAL,NOISY,NONE,TESTING_PIVOT,44,30,6.666666666666667,50,NEUTRAL,False,70,[],0,0,NEUTRAL,BEARISH,40,False,NONE,0,False,False,False,60,False,0,100,UP,NONE,NONE,0,True,75,55,45,80,False,True,NEUTRAL,70,False,0.0,NONE,True,BEARISH,True,False,50,False,70,21.53846153846253,9.603118355776267,55.00000000000001,28,POOR,False,75,75,-0.04794489540853802,5,100.0,True,RANDOM,70,45.477476532570854,5.6627283547639555,False,NONE,False,False,False,100,True,70,UP,80,CHOPPY,NORMAL,UP,80,-0.021,CHOPPY,65,30,65,WEAK,NONE,50,30,60,NORMAL,58,55,45,-0.24,False,80,0.4406452154918928,80.224,RANGING,90,False,NONE,1.138225,1.142528,1.141902,FAR,30,50,85,50,NONE,NONE,NONE,False,[],0,0,SIDEWAY_RANGE,SIDEWAY_RANGE,53,51,False,11,Price ranging between clear levels. Suitable for mean-reversion strategies.,1.0,0.8,False,False,True,True,0.3,0.3,True,False,False,18,True,[],0,NO,SIDEWAY_RANGE,Price ranging between clear levels. Suitable for mean-reversion strategies.,NORMAL,LOW,0.132,[],False,Passed basic checks,0,50,50,MEDIUM,5,WAIT,รอการวิเคราะห์จาก AI,1.142295,1.142257,31.6,1.142018,1.142412,1.141362,BEARISH,AT_PIVOT
2026-06-26 20:36:00,1.141825,1.142185,1.141645,1.142185,1.0,EURUSD-OTC,BULLISH,1.142259,1.14212,1.141437,1.13867,1.133717,1.128295,BULLISH,1.144033,1.138788,0.005245,0.011903,48.73,52.17,0.001022,0.001125,-0.000103,59.57,71.92,0.001506,44.72,-0.24,0.001427,0.00154,18.23,23.37,21.0,5.35,-0.021,1,1.0,1.0,False,STABLE,8.6e-05,0.000181,0.000139,1.138225,1.144105,1.141902,1.142528,1.143302,1.141128,1.140502,22,3.9,1.1421,1.142473,40.07,-0.000144,9e-06,32.25,29.68,0.000685,1.141275,1.144045,1.144327,1.141298,1,1.0,1.142185,1.142185,1.141645,1.141825,LONDON,62962,HIGH,1.142185,1.142185,1.141645,1.141825,LONDON,62962,HIGH,NONE,BEARISH,WEAK,HIGH_WICK,NEUTRAL,NOISY,NONE,TESTING_PIVOT,44,30,6.666666666666667,50,NEUTRAL,False,70,[],0,0,NEUTRAL,BEARISH,40,False,NONE,0,False,False,False,60,False,0,100,UP,NONE,NONE,0,True,75,55,45,80,False,True,NEUTRAL,70,False,0.0,NONE,True,BEARISH,True,False,50,False,70,21.53846153846253,9.603118355776267,55.00000000000001,28,POOR,False,75,75,-0.04794489540853802,5,100.0,True,RANDOM,70,45.477476532570854,5.6627283547639555,False,NONE,False,False,False,100,True,70,UP,80,CHOPPY,NORMAL,UP,80,-0.021,CHOPPY,65,30,65,WEAK,NONE,50,30,60,NORMAL,58,55,45,-0.24,False,80,0.4406452154918928,80.224,RANGING,90,False,NONE,1.138225,1.142528,1.141902,FAR,30,50,85,50,NONE,NONE,NONE,False,[],0,0,ACCUMULATION,ACCUMULATION,53,56,False,11,"Smart money accumulation. Bullish bias, look for breakout.",1.0,0.8,False,False,True,True,0.3,0.3,True,False,False,18,True,[],0,NO,ACCUMULATION,"Smart money accumulation. Bullish bias, look for breakout.",NORMAL,LOW,0.132,[],False,Passed basic checks,0,50,50,MEDIUM,5,WAIT,รอการวิเคราะห์จาก AI,1.142275,1.142254,52.96,1.142005,1.142365,1.141825,BEARISH,AT_PIVOT
2026-06-26 20:37:00,1.142165,1.142655,1.142055,1.142605,1.0,EURUSD-OTC,BULLISH,1.142259,1.14212,1.141437,1.13867,1.133717,1.128295,BULLISH,1.144033,1.138788,0.005245,0.011903,48.73,52.17,0.001022,0.001125,-0.000103,59.57,71.92,0.001506,44.72,-0.24,0.001427,0.00154,18.23,23.37,21.0,5.35,-0.021,1,1.0,1.0,False,STABLE,8.6e-05,0.000181,0.000139,1.138225,1.144105,1.141902,1.142528,1.143302,1.141128,1.140502,22,3.9,1.142268,1.142485,40.58,-0.000112,-1.5e-05,32.73,30.93,0.000677,1.141275,1.144045,1.144276,1.141279,1,1.0,1.142605,1.142655,1.142055,1.142165,LONDON,63366,HIGH,1.142605,1.142655,1.142055,1.142165,LONDON,63366,HIGH,NONE,BEARISH,WEAK,HIGH_WICK,NEUTRAL,NOISY,NONE,TESTING_PIVOT,44,30,6.666666666666667,50,NEUTRAL,False,70,[],0,0,NEUTRAL,BEARISH,40,False,NONE,0,False,False,False,60,False,0,100,UP,NONE,NONE,0,True,75,55,45,80,False,True,NEUTRAL,70,False,0.0,NONE,True,BEARISH,True,False,50,False,70,21.53846153846253,9.603118355776267,55.00000000000001,28,POOR,False,75,75,-0.04794489540853802,5,100.0,True,RANDOM,70,45.477476532570854,5.6627283547639555,False,NONE,False,False,False,100,True,70,UP,80,CHOPPY,NORMAL,UP,80,-0.021,CHOPPY,65,30,65,WEAK,NONE,50,30,60,NORMAL,58,55,45,-0.24,False,80,0.4406452154918928,80.224,RANGING,90,False,NONE,1.138225,1.142528,1.141902,FAR,30,50,85,50,NONE,NONE,NONE,False,[],0,0,SIDEWAY_RANGE,SIDEWAY_RANGE,53,51,False,11,Price ranging between clear levels. Suitable for mean-reversion strategies.,1.0,0.8,False,False,True,True,0.3,0.3,True,False,False,18,True,[],0,NO,SIDEWAY_RANGE,Price ranging between clear levels. Suitable for mean-reversion strategies.,NORMAL,LOW,0.132,[],False,Passed basic checks,0,50,50,MEDIUM,5,WAIT,รอการวิเคราะห์จาก AI,1.142335,1.142268,61.54,1.142438,1.142822,1.142222,BEARISH,AT_PIVOT
2026-06-26 20:38:00,1.142595,1.143025,1.142505,1.142735,1.0,EURUSD-OTC,BULLISH,1.142259,1.14212,1.141437,1.13867,1.133717,1.128295,BULLISH,1.144033,1.138788,0.005245,0.011903,48.73,52.17,0.001022,0.001125,-0.000103,59.57,71.92,0.001506,44.72,-0.24,0.001427,0.00154,18.23,23.37,21.0,5.35,-0.021,1,1.0,1.0,False,STABLE,8.6e-05,0.000181,0.000139,1.138225,1.144105,1.141902,1.142528,1.143302,1.141128,1.140502,22,3.9,1.142424,1.142509,44.44,-7.6e-05,-2.7e-05,44.52,36.5,0.000666,1.141275,1.144045,1.144195,1.141281,1,1.0,1.142735,1.143025,1.142505,1.142595,LONDON,62748,HIGH,1.142735,1.143025,1.142505,1.142595,LONDON,62748,HIGH,NONE,BEARISH,WEAK,HIGH_WICK,NEUTRAL,NOISY,NONE,NONE,44,30,6.666666666666667,50,NEUTRAL,False,70,[],0,0,NEUTRAL,BEARISH,40,False,NONE,0,False,False,False,60,False,0,100,UP,NONE,NONE,0,True,75,55,45,80,False,True,NEUTRAL,70,False,0.0,NONE,True,BEARISH,True,False,50,False,70,21.53846153846253,9.603118355776267,55.00000000000001,28,POOR,False,75,75,-0.04794489540853802,5,100.0,True,RANDOM,70,45.477476532570854,5.6627283547639555,False,NONE,False,False,False,100,True,70,UP,80,CHOPPY,NORMAL,UP,80,-0.021,CHOPPY,65,30,65,WEAK,NONE,50,30,60,NORMAL,58,55,45,-0.24,False,80,0.4406452154918928,80.224,RANGING,90,False,NONE,1.138225,1.142528,1.141902,FAR,30,50,85,50,NONE,NONE,NONE,False,[],0,0,ACCUMULATION,ACCUMULATION,53,56,False,11,"Smart money accumulation. Bullish bias, look for breakout.",1.0,0.8,False,False,True,True,0.3,0.3,True,False,False,18,True,[],0,NO,ACCUMULATION,"Smart money accumulation. Bullish bias, look for breakout.",NORMAL,LOW,0.132,[],False,Passed basic checks,0,50,50,MEDIUM,5,WAIT,รอการวิเคราะห์จาก AI,1.142408,1.142286,68.98,1.142755,1.143005,1.142485,BEARISH,NONE
2026-06-26 20:39:00,1.142715,1.142885,1.142495,1.142645,1.0,EURUSD-OTC,BULLISH,1.142259,1.14212,1.141437,1.13867,1.133717,1.128295,BULLISH,1.144033,1.138788,0.005245,0.011903,48.73,52.17,0.001022,0.001125,-0.000103,59.57,71.92,0.001506,44.72,-0.24,0.001427,0.00154,18.23,23.37,21.0,5.35,-0.021,1,1.0,1.0,False,STABLE,8.6e-05,0.000181,0.000139,1.138225,1.144105,1.141902,1.142528,1.143302,1.141128,1.140502,22,3.9,1.142498,1.142522,44.06,-5.3e-05,-3.2e-05,50.06,42.44,0.000651,1.141275,1.144045,1.14411,1.141282,1,1.0,1.142645,1.142885,1.142495,1.142715,LONDON,63087,HIGH,1.142645,1.142885,1.142495,1.142715,LONDON,63087,HIGH,NONE,BEARISH,WEAK,HIGH_WICK,NEUTRAL,NOISY,NONE,TESTING_PIVOT,44,30,6.666666666666667,50,NEUTRAL,False,70,[],0,0,NEUTRAL,BEARISH,40,False,NONE,0,False,False,False,60,False,0,100,UP,NONE,NONE,0,True,75,55,45,80,False,True,NEUTRAL,70,False,0.0,NONE,True,BEARISH,True,False,50,False,70,21.53846153846253,9.603118355776267,55.00000000000001,28,POOR,False,75,75,-0.04794489540853802,5,100.0,True,RANDOM,70,45.477476532570854,5.6627283547639555,False,NONE,False,False,False,100,True,70,UP,80,CHOPPY,NORMAL,UP,80,-0.021,CHOPPY,65,30,65,WEAK,NONE,50,30,60,NORMAL,58,55,45,-0.24,False,80,0.4406452154918928,80.224,RANGING,90,False,NONE,1.138225,1.142528,1.141902,FAR,30,50,85,50,NONE,NONE,NONE,False,[],0,0,SIDEWAY_RANGE,SIDEWAY_RANGE,53,51,False,11,Price ranging between clear levels. Suitable for mean-reversion strategies.,1.0,0.8,False,False,True,True,0.3,0.3,True,False,False,18,True,[],0,NO,SIDEWAY_RANGE,Price ranging between clear levels. Suitable for mean-reversion strategies.,NORMAL,LOW,0.132,[],False,Passed basic checks,0,50,50,MEDIUM,5,WAIT,รอการวิเคราะห์จาก AI,1.142451,1.1423,64.79,1.142675,1.142855,1.142465,BEARISH,AT_PIVOT
2026-06-26 20:40:00,1.142425,1.142635,1.141915,1.142045,1.0,EURUSD-OTC,BULLISH,1.142188,1.142106,1.141495,1.138802,1.133886,1.128466,BULLISH,1.143946,1.139175,0.004771,0.011837,59.74,54.61,0.00095,0.00109,-0.00014,49.25,59.68,0.001516,47.74,-0.2,0.001426,0.00154,17.57,23.5,19.61,9.02,0.0412,1,1.0,1.0,False,STABLE,6.1e-05,0.000152,0.000145,1.138225,1.144105,1.142238,1.142832,1.143618,1.141452,1.140858,23,3.88,1.142347,1.142476,33.22,-8.3e-05,-4.3e-05,43.32,45.97,0.000656,1.141275,1.144045,1.144086,1.141213,1,1.0,1.142045,1.142635,1.141915,1.142425,LONDON,63621,HIGH,1.142045,1.142635,1.141915,1.142425,LONDON,63621,HIGH,NONE,BULLISH,WEAK,HIGH_WICK,NEUTRAL,NOISY,TRUE,TESTING_PIVOT,42,33,13.333333333333334,50,NEUTRAL,False,70,[],0,0,NEUTRAL,BULLISH,40,True,REJECTION,25,False,False,True,70,False,0,100,UP,NONE,NONE,0,True,75,55,45,80,False,True,NEUTRAL,70,False,0.0,NONE,True,BEARISH,True,False,50,False,70,25.42372881355881,9.075224292615564,60.0,31,POOR,False,75,75,-0.14769468095608088,5,100.0,True,RANDOM,70,45.277871553856954,6.054209781580458,False,NONE,False,False,False,100,True,70,UP,80,CHOPPY,NORMAL,UP,80,0.0412,CHOPPY,65,30,65,WEAK,BEARISH,50,30,60,NORMAL,58,55,45,-0.2,False,80,0.4030582073160429,77.80799999999999,RANGING,90,False,NONE,1.138225,1.142832,1.142238,FAR,30,50,85,50,NONE,NONE,NONE,False,[],0,0,ACCUMULATION,ACCUMULATION,61,56,False,11,"Smart money accumulation. Bullish bias, look for breakout.",1.0,0.8,False,False,True,True,0.3,0.3,True,False,False,18,True,[],0,NO,ACCUMULATION,"Smart money accumulation. Bullish bias, look for breakout.",NORMAL,LOW,0.133,[],False,Passed basic checks,0,50,50,MEDIUM,5,WAIT,รอการวิเคราะห์จาก AI,1.142377,1.142291,53.56,1.142198,1.142482,1.141762,BULLISH,AT_PIVOT
2026-06-26 20:41:00,1.142055,1.142095,1.140945,1.141115,1.0,EURUSD-OTC,BULLISH,1.142188,1.142106,1.141495,1.138802,1.133886,1.128466,BULLISH,1.143946,1.139175,0.004771,0.011837,59.74,54.61,0.00095,0.00109,-0.00014,49.25,59.68,0.001516,47.74,-0.2,0.001426,0.00154,17.57,23.5,19.61,9.02,0.0412,1,1.0,1.0,False,STABLE,6.1e-05,0.000152,0.000145,1.138225,1.144105,1.142238,1.142832,1.143618,1.141452,1.140858,23,3.88,1.141936,1.142347,30.39,-0.00018,-7e-05,27.89,40.42,0.000686,1.140945,1.144045,1.144131,1.140976,1,1.0,1.141115,1.142095,1.140945,1.142055,LONDON,62884,HIGH,1.141115,1.142095,1.140945,1.142055,LONDON,62884,HIGH,NONE,BULLISH,WEAK,HIGH_WICK,NEUTRAL,NOISY,TRUE,NONE,42,33,13.333333333333334,50,NEUTRAL,False,70,[],0,0,NEUTRAL,BULLISH,40,True,REJECTION,25,False,False,True,70,False,0,100,UP,NONE,NONE,0,True,75,55,45,80,False,True,NEUTRAL,70,False,0.0,NONE,True,BEARISH,True,False,50,False,70,25.42372881355881,9.075224292615564,60.0,31,POOR,False,75,75,-0.14769468095608088,5,100.0,True,RANDOM,70,45.277871553856954,6.054209781580458,False,NONE,False,False,False,100,True,70,NONE,80,CHOPPY,NORMAL,NONE,80,0.0412,CHOPPY,20,50,30,WEAK,BEARISH,50,30,60,NORMAL,58,55,45,-0.2,False,80,0.4030582073160429,77.80799999999999,RANGING,90,False,NONE,1.138225,1.142832,1.142238,FAR,30,50,85,50,NONE,NONE,NONE,False,[],0,0,SIDEWAY_RANGE,SIDEWAY_RANGE,61,51,False,11,Price ranging between clear levels. Suitable for mean-reversion strategies.,1.0,0.8,False,False,False,True,0.3,0.3,True,False,False,18,True,[],0,NO,SIDEWAY_RANGE,Price ranging between clear levels. Suitable for mean-reversion strategies.,NORMAL,LOW,0.133,[],False,Passed basic checks,0,50,50,MEDIUM,5,WAIT,รอการวิเคราะห์จาก AI,1.142148,1.142244,28.74,1.141385,1.141825,1.140675,BULLISH,NONE
2026-06-26 20:42:00,1.141145,1.141165,1.140185,1.140225,1.0,EURUSD-OTC,BULLISH,1.142188,1.142106,1.141495,1.138802,1.133886,1.128466,BULLISH,1.143946,1.139175,0.004771,0.011837,59.74,54.61,0.00095,0.00109,-0.00014,49.25,59.68,0.001516,47.74,-0.2,0.001426,0.00154,17.57,23.5,19.61,9.02,0.0412,1,1.0,1.0,False,STABLE,6.1e-05,0.000152,0.000145,1.138225,1.144105,1.142238,1.142832,1.143618,1.141452,1.140858,23,3.88,1.141366,1.142145,29.67,-0.000324,-0.000121,11.87,27.7,0.000701,1.140185,1.144045,1.14424,1.140555,1,1.0,1.140225,1.141165,1.140185,1.141145,LONDON,63321,HIGH,1.140225,1.141165,1.140185,1.141145,LONDON,63321,HIGH,NONE,BULLISH,WEAK,HIGH_WICK,NEUTRAL,NOISY,TRUE,NONE,42,33,13.333333333333334,50,NEUTRAL,False,70,[],0,0,NEUTRAL,BULLISH,40,True,REJECTION,25,False,False,True,70,False,0,100,UP,NONE,NONE,0,True,75,55,45,80,False,True,NEUTRAL,70,False,0.0,NONE,True,BEARISH,True,False,50,False,70,25.42372881355881,9.075224292615564,60.0,31,POOR,False,75,75,-0.14769468095608088,5,100.0,True,RANDOM,70,45.277871553856954,6.054209781580458,False,NONE,False,False,False,100,True,70,NONE,80,CHOPPY,NORMAL,NONE,80,0.0412,CHOPPY,20,50,30,WEAK,BEARISH,50,30,60,NORMAL,58,55,45,-0.2,False,80,0.4030582073160429,77.80799999999999,RANGING,90,False,NONE,1.138225,1.142832,1.142238,FAR,30,50,85,50,NONE,NONE,NONE,False,[],0,0,SIDEWAY_RANGE,SIDEWAY_RANGE,61,51,False,11,Price ranging between clear levels. Suitable for mean-reversion strategies.,1.0,0.8,False,False,False,True,0.3,0.3,True,False,False,18,True,[],0,NO,SIDEWAY_RANGE,Price ranging between clear levels. Suitable for mean-reversion strategies.,NORMAL,LOW,0.133,[],False,Passed basic checks,0,50,50,MEDIUM,5,WAIT,รอการวิเคราะห์จาก AI,1.141798,1.142165,28.08,1.140525,1.140865,1.139885,BULLISH,NONE
2026-06-26 20:43:00,1.140205,1.140675,1.140105,1.140635,1.0,EURUSD-OTC,BULLISH,1.142188,1.142106,1.141495,1.138802,1.133886,1.128466,BULLISH,1.143946,1.139175,0.004771,0.011837,59.74,54.61,0.00095,0.00109,-0.00014,49.25,59.68,0.001516,47.74,-0.2,0.001426,0.00154,17.57,23.5,19.61,9.02,0.0412,1,1.0,1.0,False,STABLE,6.1e-05,0.000152,0.000145,1.138225,1.144105,1.142238,1.142832,1.143618,1.141452,1.140858,23,3.88,1.141122,1.142001,38.33,-0.000401,-0.000177,8.66,16.14,0.000675,1.140105,1.144045,1.144137,1.14035,1,1.0,1.140635,1.140675,1.140105,1.140205,LONDON,62713,HIGH,1.140635,1.140675,1.140105,1.140205,LONDON,62713,HIGH,NONE,BULLISH,WEAK,HIGH_WICK,NEUTRAL,NOISY,TRUE,NONE,42,33,13.333333333333334,50,NEUTRAL,False,70,[],0,0,NEUTRAL,BULLISH,40,True,REJECTION,25,False,False,True,70,False,0,100,UP,NONE,NONE,0,True,75,55,45,80,False,True,NEUTRAL,70,False,0.0,NONE,True,BEARISH,True,False,50,False,70,25.42372881355881,9.075224292615564,60.0,31,POOR,False,75,75,-0.14769468095608088,5,100.0,True,RANDOM,70,45.277871553856954,6.054209781580458,False,NONE,False,False,False,100,True,70,NONE,80,CHOPPY,NORMAL,NONE,80,0.0412,CHOPPY,20,50,30,WEAK,BEARISH,50,30,60,NORMAL,58,55,45,-0.2,False,80,0.4030582073160429,77.80799999999999,RANGING,90,False,NONE,1.138225,1.142832,1.142238,FAR,30,50,85,50,NONE,NONE,NONE,False,[],0,0,SIDEWAY_RANGE,SIDEWAY_RANGE,61,51,False,11,Price ranging between clear levels. Suitable for mean-reversion strategies.,1.0,0.8,False,False,False,True,0.3,0.3,True,False,False,18,True,[],0,NO,SIDEWAY_RANGE,Price ranging between clear levels. Suitable for mean-reversion strategies.,NORMAL,LOW,0.133,[],False,Passed basic checks,0,50,50,MEDIUM,5,WAIT,รอการวิเคราะห์จาก AI,1.141587,1.142105,27.67,1.140472,1.140838,1.140268,BULLISH,NONE
2026-06-26 20:44:00,1.140605,1.140995,1.140515,1.140855,1.0,EURUSD-OTC,BULLISH,1.142188,1.142106,1.141495,1.138802,1.133886,1.128466,BULLISH,1.143946,1.139175,0.004771,0.011837,59.74,54.61,0.00095,0.00109,-0.00014,49.25,59.68,0.001516,47.74,-0.2,0.001426,0.00154,17.57,23.5,19.61,9.02,0.0412,1,1.0,1.0,False,STABLE,6.1e-05,0.000152,0.000145,1.138225,1.144105,1.142238,1.142832,1.143618,1.141452,1.140858,23,3.88,1.141033,1.141892,41.11,-0.000439,-0.000229,15.08,11.87,0.000675,1.140105,1.144045,1.144031,1.140205,1,1.0,1.140855,1.140995,1.140515,1.140605,LONDON,63106,HIGH,1.140855,1.140995,1.140515,1.140605,LONDON,63106,HIGH,NONE,BULLISH,WEAK,HIGH_WICK,NEUTRAL,NOISY,TRUE,NONE,42,33,13.333333333333334,50,NEUTRAL,False,70,[],0,0,NEUTRAL,BULLISH,40,True,REJECTION,25,False,False,True,70,False,0,100,UP,NONE,NONE,0,True,75,55,45,80,False,True,NEUTRAL,70,False,0.0,NONE,True,BEARISH,True,False,50,False,70,25.42372881355881,9.075224292615564,60.0,31,POOR,False,75,75,-0.14769468095608088,5,100.0,True,RANDOM,70,45.277871553856954,6.054209781580458,False,NONE,False,False,False,100,True,70,NONE,80,CHOPPY,NORMAL,NONE,80,0.0412,CHOPPY,20,50,30,WEAK,BEARISH,50,30,60,NORMAL,58,55,45,-0.2,False,80,0.4030582073160429,77.80799999999999,RANGING,90,False,NONE,1.138225,1.142832,1.142238,FAR,30,50,85,50,NONE,NONE,NONE,False,[],0,0,SIDEWAY_RANGE,SIDEWAY_RANGE,61,51,False,11,Price ranging between clear levels. Suitable for mean-reversion strategies.,1.0,0.8,False,False,False,True,0.3,0.3,True,False,False,18,True,[],0,NO,SIDEWAY_RANGE,Price ranging between clear levels. Suitable for mean-reversion strategies.,NORMAL,LOW,0.133,[],False,Passed basic checks,0,50,50,MEDIUM,5,WAIT,รอการวิเคราะห์จาก AI,1.141454,1.142056,23.24,1.140788,1.141062,1.140582,BULLISH,NONE
2026-06-26 20:45:00,1.140885,1.141565,1.140445,1.141485,1.0,EURUSD-OTC,BULLISH,1.141953,1.141993,1.141494,1.138908,1.134058,1.12875,BEARISH,1.143827,1.139501,0.004326,0.011776,39.6,54.91,0.000838,0.00104,-0.000202,43.82,50.88,0.001559,63.32,-0.13,0.001446,0.001522,16.88,21.32,24.98,7.91,-0.035,1,1.0,1.0,False,STABLE,-2.3e-05,0.000117,0.000144,1.138295,1.144105,1.141228,1.142352,1.143218,1.140362,1.139238,20,3.73,1.141184,1.141853,48.39,-0.000414,-0.000266,30.37,18.03,0.000707,1.140105,1.144045,1.14387,1.140182,1,1.0,1.141485,1.141565,1.140445,1.140885,LONDON,62820,HIGH,1.141485,1.141565,1.140445,1.140885,LONDON,62820,HIGH,BEARISH_ENGULFING,BEARISH,WEAK,HIGH_WICK,NEUTRAL,CHAOTIC,TRUE,TESTING_PIVOT,41,33,13.333333333333334,50,NEUTRAL,False,70,"['BEARISH_ENGULFING', 'HAMMER']",2,40,NEUTRAL,BEARISH,80,True,REJECTION,25,False,False,True,70,False,0,50,NONE,NONE,NONE,0,False,75,55,45,80,False,True,NEUTRAL,70,False,0.0,NONE,True,BEARISH,True,False,50,False,70,17.264386989158165,6.69824086603564,55.00000000000001,26,POOR,False,75,73,-0.1609360390377644,5,89.99999999999999,True,RANDOM,70,44.998386168488075,5.4837317755026,True,MOMENTUM_SHIFT,False,True,False,65,True,70,NONE,40,CHOPPY,HIGH,NONE,40,-0.035,CHOPPY,20,50,30,WEAK,NONE,50,30,60,HIGH,73,55,45,-0.13,False,80,0.36735733695652173,65.344,RANGING,90,False,NONE,1.138295,1.142352,1.141228,FAR,30,50,85,50,NONE,NONE,NONE,False,[],0,0,ACCUMULATION,ACCUMULATION,50,65,True,26,"Smart money accumulation. Bullish bias, look for breakout.",1.0,0.5,False,False,False,True,0.3,0.3,True,False,False,22,True,[],0,NO,ACCUMULATION,"Smart money accumulation. Bullish bias, look for breakout.",HIGH,LOW,0.137,[],True,Passed basic checks,0,50,50,MEDIUM,5,WAIT,รอการวิเคราะห์จาก AI,1.141459,1.142034,33.42,1.141165,1.141885,1.140765,BEARISH,AT_PIVOT
2026-06-26 20:46:00,1.141515,1.142355,1.141505,1.142355,1.0,EURUSD-OTC,BULLISH,1.141953,1.141993,1.141494,1.138908,1.134058,1.12875,BEARISH,1.143827,1.139501,0.004326,0.011776,39.6,54.91,0.000838,0.00104,-0.000202,43.82,50.88,0.001559,63.32,-0.13,0.001446,0.001522,16.88,21.32,24.98,7.91,-0.035,1,1.0,1.0,False,STABLE,-2.3e-05,0.000117,0.000144,1.138295,1.144105,1.141228,1.142352,1.143218,1.140362,1.139238,20,3.73,1.141574,1.141901,53.46,-0.00032,-0.000277,50.0,31.82,0.000745,1.140105,1.144045,1.143563,1.140329,1,1.0,1.142355,1.142355,1.141505,1.141515,LONDON,63153,HIGH,1.142355,1.142355,1.141505,1.141515,LONDON,63153,HIGH,BEARISH_ENGULFING,BEARISH,WEAK,HIGH_WICK,NEUTRAL,CHAOTIC,TRUE,NONE,41,33,13.333333333333334,50,NEUTRAL,False,70,"['BEARISH_ENGULFING', 'HAMMER']",2,40,NEUTRAL,BEARISH,80,True,REJECTION,25,False,False,True,70,False,0,50,NONE,NONE,NONE,0,False,75,55,45,80,False,True,NEUTRAL,70,False,0.0,NONE,True,BEARISH,True,False,50,False,70,17.264386989158165,6.69824086603564,55.00000000000001,26,POOR,False,75,73,-0.1609360390377644,5,89.99999999999999,True,RANDOM,70,44.998386168488075,5.4837317755026,True,MOMENTUM_SHIFT,False,True,False,65,True,70,UP,40,CORRECTIVE,HIGH,UP,40,-0.035,CORRECTIVE,55,30,50,WEAK,NONE,50,30,60,HIGH,73,55,45,-0.13,False,80,0.36735733695652173,65.344,RANGING,90,False,NONE,1.138295,1.142352,1.141228,FAR,30,50,85,50,NONE,NONE,NONE,False,[],0,0,ACCUMULATION,ACCUMULATION,50,65,True,26,"Smart money accumulation. Bullish bias, look for breakout.",1.0,0.5,False,False,True,True,0.3,0.3,True,False,False,22,True,[],0,NO,ACCUMULATION,"Smart money accumulation. Bullish bias, look for breakout.",HIGH,LOW,0.136,[],True,Passed basic checks,0,50,50,MEDIUM,5,WAIT,รอการวิเคราะห์จาก AI,1.141622,1.142046,46.81,1.142072,1.142638,1.141788,BEARISH,NONE
2026-06-26 20:47:00,1.142345,1.142445,1.141915,1.141995,1.0,EURUSD-OTC,BULLISH,1.141953,1.141993,1.141494,1.138908,1.134058,1.12875,BEARISH,1.143827,1.139501,0.004326,0.011776,39.6,54.91,0.000838,0.00104,-0.000202,43.82,50.88,0.001559,63.32,-0.13,0.001446,0.001522,16.88,21.32,24.98,7.91,-0.035,1,1.0,1.0,False,STABLE,-2.3e-05,0.000117,0.000144,1.138295,1.144105,1.141228,1.142352,1.143218,1.140362,1.139238,20,3.73,1.141714,1.14191,51.19,-0.000271,-0.000276,63.01,47.79,0.000749,1.140105,1.143595,1.143297,1.140439,1,1.0,1.141995,1.142445,1.141915,1.142345,LONDON,62721,HIGH,1.141995,1.142445,1.141915,1.142345,LONDON,62721,HIGH,BEARISH_ENGULFING,BEARISH,WEAK,HIGH_WICK,NEUTRAL,CHAOTIC,TRUE,TESTING_PIVOT,41,33,13.333333333333334,50,NEUTRAL,False,70,"['BEARISH_ENGULFING', 'HAMMER']",2,40,NEUTRAL,BEARISH,80,True,REJECTION,25,False,False,True,70,False,0,50,NONE,NONE,NONE,0,False,75,55,45,80,False,True,NEUTRAL,70,False,0.0,NONE,True,BEARISH,True,False,50,False,70,17.264386989158165,6.69824086603564,55.00000000000001,26,POOR,False,75,73,-0.1609360390377644,5,89.99999999999999,True,RANDOM,70,44.998386168488075,5.4837317755026,True,MOMENTUM_SHIFT,False,True,False,65,True,70,UP,40,CORRECTIVE,HIGH,UP,40,-0.035,CORRECTIVE,55,30,50,WEAK,NONE,50,30,60,HIGH,73,55,45,-0.13,False,80,0.36735733695652173,65.344,RANGING,90,False,NONE,1.138295,1.142352,1.141228,FAR,30,50,85,50,NONE,NONE,NONE,False,[],0,0,SIDEWAY_RANGE,SIDEWAY_RANGE,50,60,True,26,Price ranging between clear levels. Suitable for mean-reversion strategies.,1.0,0.5,False,False,True,True,0.3,0.3,True,False,False,22,True,[],0,NO,SIDEWAY_RANGE,Price ranging between clear levels. Suitable for mean-reversion strategies.,HIGH,LOW,0.137,[],True,Passed basic checks,0,50,50,MEDIUM,5,WAIT,รอการวิเคราะห์จาก AI,1.14169,1.142044,49.42,1.142118,1.142322,1.141792,BEARISH,AT_PIVOT
2026-06-26 20:48:00,1.142015,1.142535,1.141995,1.142345,1.0,EURUSD-OTC,BULLISH,1.141953,1.141993,1.141494,1.138908,1.134058,1.12875,BEARISH,1.143827,1.139501,0.004326,0.011776,39.6,54.91,0.000838,0.00104,-0.000202,43.82,50.88,0.001559,63.32,-0.13,0.001446,0.001522,16.88,21.32,24.98,7.91,-0.035,1,1.0,1.0,False,STABLE,-2.3e-05,0.000117,0.000144,1.138295,1.144105,1.141228,1.142352,1.143218,1.140362,1.139238,20,3.73,1.141925,1.141951,48.46,-0.000202,-0.000261,72.83,61.95,0.000719,1.140105,1.143025,1.143223,1.140466,1,1.0,1.142345,1.142535,1.141995,1.142015,LONDON,63153,HIGH,1.142345,1.142535,1.141995,1.142015,LONDON,63153,HIGH,BEARISH_ENGULFING,BEARISH,WEAK,HIGH_WICK,NEUTRAL,CHAOTIC,TRUE,NONE,41,33,13.333333333333334,50,NEUTRAL,False,70,"['BEARISH_ENGULFING', 'HAMMER']",2,40,NEUTRAL,BEARISH,80,True,REJECTION,25,False,False,True,70,False,0,50,NONE,NONE,NONE,0,False,75,55,45,80,False,True,NEUTRAL,70,False,0.0,NONE,True,BEARISH,True,False,50,False,70,17.264386989158165,6.69824086603564,55.00000000000001,26,POOR,False,75,73,-0.1609360390377644,5,89.99999999999999,True,RANDOM,70,44.998386168488075,5.4837317755026,True,MOMENTUM_SHIFT,False,True,False,65,True,70,UP,40,CORRECTIVE,HIGH,UP,40,-0.035,CORRECTIVE,55,30,50,WEAK,NONE,50,30,60,HIGH,73,55,45,-0.13,False,80,0.36735733695652173,65.344,RANGING,90,False,NONE,1.138295,1.142352,1.141228,FAR,30,50,85,50,NONE,NONE,NONE,False,[],0,0,SIDEWAY_RANGE,SIDEWAY_RANGE,50,60,True,26,Price ranging between clear levels. Suitable for mean-reversion strategies.,1.0,0.5,False,False,True,True,0.3,0.3,True,False,False,22,True,[],0,NO,SIDEWAY_RANGE,Price ranging between clear levels. Suitable for mean-reversion strategies.,HIGH,LOW,0.136,[],True,Passed basic checks,0,50,50,MEDIUM,5,WAIT,รอการวิเคราะห์จาก AI,1.141809,1.142056,66.49,1.142292,1.142588,1.142048,BEARISH,NONE
2026-06-26 20:49:00,1.142325,1.142935,1.142205,1.142465,1.0,EURUSD-OTC,BULLISH,1.141953,1.141993,1.141494,1.138908,1.134058,1.12875,BEARISH,1.143827,1.139501,0.004326,0.011776,39.6,54.91,0.000838,0.00104,-0.000202,43.82,50.88,0.001559,63.32,-0.13,0.001446,0.001522,16.88,21.32,24.98,7.91,-0.035,1,1.0,1.0,False,STABLE,-2.3e-05,0.000117,0.000144,1.138295,1.144105,1.141228,1.142352,1.143218,1.140362,1.139238,20,3.73,1.142105,1.142,55.5,-0.000136,-0.000236,74.09,69.98,0.000696,1.140105,1.143025,1.14327,1.140462,1,1.0,1.142465,1.142935,1.142205,1.142325,LONDON,62702,HIGH,1.142465,1.142935,1.142205,1.142325,LONDON,62702,HIGH,BEARISH_ENGULFING,BEARISH,WEAK,HIGH_WICK,NEUTRAL,CHAOTIC,TRUE,NONE,41,33,13.333333333333334,50,NEUTRAL,False,70,"['BEARISH_ENGULFING', 'HAMMER']",2,40,NEUTRAL,BEARISH,80,True,REJECTION,25,False,False,True,70,False,0,50,NONE,NONE,NONE,0,False,75,55,45,80,False,True,NEUTRAL,70,False,0.0,NONE,True,BEARISH,True,False,50,False,70,17.264386989158165,6.69824086603564,55.00000000000001,26,POOR,False,75,73,-0.1609360390377644,5,89.99999999999999,True,RANDOM,70,44.998386168488075,5.4837317755026,True,MOMENTUM_SHIFT,False,True,False,65,True,70,UP,40,CORRECTIVE,HIGH,UP,40,-0.035,CORRECTIVE,55,30,50,WEAK,NONE,50,30,60,HIGH,73,55,45,-0.13,False,80,0.36735733695652173,65.344,RANGING,90,False,NONE,1.138295,1.142352,1.141228,FAR,30,50,85,50,NONE,NONE,NONE,False,[],0,0,ACCUMULATION,ACCUMULATION,50,65,True,26,"Smart money accumulation. Bullish bias, look for breakout.",1.0,0.5,False,False,True,True,0.3,0.3,True,False,False,22,True,[],0,NO,ACCUMULATION,"Smart money accumulation. Bullish bias, look for breakout.",HIGH,LOW,0.136,[],True,Passed basic checks,0,50,50,MEDIUM,5,WAIT,รอการวิเคราะห์จาก AI,1.141928,1.142072,87.84,1.142535,1.142865,1.142135,BEARISH,NONE
2026-06-26 20:50:00,1.142505,1.142635,1.142245,1.142515,1.0,EURUSD-OTC,BULLISH,1.142141,1.142088,1.141592,1.139049,1.134209,1.128768,BULLISH,1.143752,1.139877,0.003875,0.011727,40.63,49.76,0.000823,0.000996,-0.000173,48.87,47.32,0.001506,41.21,-0.25,0.001463,0.0015,15.76,23.81,23.28,1.11,0.1209,1,1.0,1.0,False,STABLE,-2.8e-05,9.6e-05,0.000145,1.139185,1.144105,1.142318,1.143132,1.143748,1.141702,1.140888,20,3.27,1.142242,1.142049,52.72,-7.9e-05,-0.000205,80.02,75.65,0.000686,1.140105,1.143025,1.143328,1.140461,1,1.0,1.142515,1.142635,1.142245,1.142505,LONDON,63113,HIGH,1.142515,1.142635,1.142245,1.142505,LONDON,63113,HIGH,NONE,BULLISH,WEAK,HIGH_WICK,NEUTRAL,NOISY,NONE,TESTING_PIVOT,42,33,13.333333333333334,50,NEUTRAL,False,70,[],0,0,NEUTRAL,BULLISH,40,False,NONE,0,False,False,False,60,False,0,100,UP,NONE,NONE,0,True,75,55,45,80,False,True,NEUTRAL,70,False,0.0,NONE,True,BEARISH,True,False,50,False,70,23.279195668987125,8.91827738216327,55.00000000000001,29,POOR,False,75,73,-0.17234779559443497,5,89.99999999999999,True,RANDOM,70,43.7599436055925,7.835644676036226,True,MOMENTUM_SHIFT,False,True,False,65,True,70,UP,40,CORRECTIVE,NORMAL,UP,40,0.1209,CORRECTIVE,65,30,60,WEAK,BEARISH,50,30,60,NORMAL,58,55,45,-0.25,False,80,0.3304340411017311,83.032,RANGING,90,False,NONE,1.139185,1.143132,1.142318,FAR,30,50,85,50,NONE,NONE,NONE,False,[],0,0,SIDEWAY_RANGE,SIDEWAY_RANGE,57,51,False,10,Price ranging between clear levels. Suitable for mean-reversion strategies.,1.0,0.8,False,False,True,True,0.3,0.3,True,False,False,18,True,[],0,NO,SIDEWAY_RANGE,Price ranging between clear levels. Suitable for mean-reversion strategies.,NORMAL,LOW,0.132,[],False,Passed basic checks,0,50,50,MEDIUM,5,WAIT,รอการวิเคราะห์จาก AI,1.142035,1.142089,86.15,1.142465,1.142685,1.142295,BULLISH,AT_PIVOT
2026-06-26 20:51:00,1.142525,1.142765,1.141715,1.141715,1.0,EURUSD-OTC,BULLISH,1.142141,1.142088,1.141592,1.139049,1.134209,1.128768,BULLISH,1.143752,1.139877,0.003875,0.011727,40.63,49.76,0.000823,0.000996,-0.000173,48.87,47.32,0.001506,41.21,-0.25,0.001463,0.0015,15.76,23.81,23.28,1.11,0.1209,1,1.0,1.0,False,STABLE,-2.8e-05,9.6e-05,0.000145,1.139185,1.144105,1.142318,1.143132,1.143748,1.141702,1.140888,20,3.27,1.142066,1.142017,43.1,-9.7e-05,-0.000183,72.83,75.65,0.000718,1.140105,1.143025,1.143329,1.140462,1,1.0,1.141715,1.142765,1.141715,1.142525,LONDON,62643,HIGH,1.141715,1.142765,1.141715,1.142525,LONDON,62643,HIGH,NONE,BULLISH,WEAK,HIGH_WICK,NEUTRAL,NOISY,NONE,TESTING_PIVOT,42,33,13.333333333333334,50,NEUTRAL,False,70,[],0,0,NEUTRAL,BULLISH,40,False,NONE,0,False,False,False,60,False,0,100,UP,NONE,NONE,0,True,75,55,45,80,False,True,NEUTRAL,70,False,0.0,NONE,True,BEARISH,True,False,50,False,70,23.279195668987125,8.91827738216327,55.00000000000001,29,POOR,False,75,73,-0.17234779559443497,5,89.99999999999999,True,RANDOM,70,43.7599436055925,7.835644676036226,True,MOMENTUM_SHIFT,False,True,False,65,True,70,UP,40,CORRECTIVE,NORMAL,UP,40,0.1209,CORRECTIVE,65,30,60,WEAK,BEARISH,50,30,60,NORMAL,58,55,45,-0.25,False,80,0.3304340411017311,83.032,RANGING,90,False,NONE,1.139185,1.143132,1.142318,FAR,30,50,85,50,NONE,NONE,NONE,False,[],0,0,ACCUMULATION,ACCUMULATION,57,56,False,10,"Smart money accumulation. Bullish bias, look for breakout.",1.0,0.8,False,False,True,True,0.3,0.3,True,False,False,18,True,[],0,NO,ACCUMULATION,"Smart money accumulation. Bullish bias, look for breakout.",NORMAL,LOW,0.132,[],False,Passed basic checks,0,50,50,MEDIUM,5,WAIT,รอการวิเคราะห์จาก AI,1.141977,1.142075,63.52,1.142065,1.142415,1.141365,BULLISH,AT_PIVOT
2026-06-26 20:52:00,1.141725,1.142335,1.141725,1.142135,1.0,EURUSD-OTC,BULLISH,1.142141,1.142088,1.141592,1.139049,1.134209,1.128768,BULLISH,1.143752,1.139877,0.003875,0.011727,40.63,49.76,0.000823,0.000996,-0.000173,48.87,47.32,0.001506,41.21,-0.25,0.001463,0.0015,15.76,23.81,23.28,1.11,0.1209,1,1.0,1.0,False,STABLE,-2.8e-05,9.6e-05,0.000145,1.139185,1.144105,1.142318,1.143132,1.143748,1.141702,1.140888,20,3.27,1.142089,1.142029,45.55,-7.6e-05,-0.000162,69.8,74.22,0.000725,1.140105,1.143025,1.143346,1.140473,1,1.0,1.142135,1.142335,1.141725,1.141725,LONDON,62991,HIGH,1.142135,1.142335,1.141725,1.141725,LONDON,62991,HIGH,NONE,BULLISH,WEAK,HIGH_WICK,NEUTRAL,NOISY,NONE,TESTING_PIVOT,42,33,13.333333333333334,50,NEUTRAL,False,70,[],0,0,NEUTRAL,BULLISH,40,False,NONE,0,False,False,False,60,False,0,100,UP,NONE,NONE,0,True,75,55,45,80,False,True,NEUTRAL,70,False,0.0,NONE,True,BEARISH,True,False,50,False,70,23.279195668987125,8.91827738216327,55.00000000000001,29,POOR,False,75,73,-0.17234779559443497,5,89.99999999999999,True,RANDOM,70,43.7599436055925,7.835644676036226,True,MOMENTUM_SHIFT,False,True,False,65,True,70,UP,40,CORRECTIVE,NORMAL,UP,40,0.1209,CORRECTIVE,65,30,60,WEAK,BEARISH,50,30,60,NORMAL,58,55,45,-0.25,False,80,0.3304340411017311,83.032,RANGING,90,False,NONE,1.139185,1.143132,1.142318,FAR,30,50,85,50,NONE,NONE,NONE,False,[],0,0,SIDEWAY_RANGE,SIDEWAY_RANGE,57,51,False,10,Price ranging between clear levels. Suitable for mean-reversion strategies.,1.0,0.8,False,False,True,True,0.3,0.3,True,False,False,18,True,[],0,NO,SIDEWAY_RANGE,Price ranging between clear levels. Suitable for mean-reversion strategies.,NORMAL,LOW,0.132,[],False,Passed basic checks,0,50,50,MEDIUM,5,WAIT,รอการวิเคราะห์จาก AI,1.142006,1.142077,60.94,1.142065,1.142405,1.141795,BULLISH,AT_PIVOT
2026-06-26 20:53:00,1.142115,1.142485,1.142005,1.142385,1.0,EURUSD-OTC,BULLISH,1.142141,1.142088,1.141592,1.139049,1.134209,1.128768,BULLISH,1.143752,1.139877,0.003875,0.011727,40.63,49.76,0.000823,0.000996,-0.000173,48.87,47.32,0.001506,41.21,-0.25,0.001463,0.0015,15.76,23.81,23.28,1.11,0.1209,1,1.0,1.0,False,STABLE,-2.8e-05,9.6e-05,0.000145,1.139185,1.144105,1.142318,1.143132,1.143748,1.141702,1.140888,20,3.27,1.142188,1.142063,48.12,-4e-05,-0.000137,69.14,70.59,0.000731,1.140105,1.143025,1.14339,1.140486,1,1.0,1.142385,1.142485,1.142005,1.142115,LONDON,63350,HIGH,1.142385,1.142485,1.142005,1.142115,LONDON,63350,HIGH,NONE,BULLISH,WEAK,HIGH_WICK,NEUTRAL,NOISY,NONE,TESTING_PIVOT,42,33,13.333333333333334,50,NEUTRAL,False,70,[],0,0,NEUTRAL,BULLISH,40,False,NONE,0,False,False,False,60,False,0,100,UP,NONE,NONE,0,True,75,55,45,80,False,True,NEUTRAL,70,False,0.0,NONE,True,BEARISH,True,False,50,False,70,23.279195668987125,8.91827738216327,55.00000000000001,29,POOR,False,75,73,-0.17234779559443497,5,89.99999999999999,True,RANDOM,70,43.7599436055925,7.835644676036226,True,MOMENTUM_SHIFT,False,True,False,65,True,70,UP,40,CORRECTIVE,NORMAL,UP,40,0.1209,CORRECTIVE,65,30,60,WEAK,BEARISH,50,30,60,NORMAL,58,55,45,-0.25,False,80,0.3304340411017311,83.032,RANGING,90,False,NONE,1.139185,1.143132,1.142318,FAR,30,50,85,50,NONE,NONE,NONE,False,[],0,0,SIDEWAY_RANGE,SIDEWAY_RANGE,57,51,False,10,Price ranging between clear levels. Suitable for mean-reversion strategies.,1.0,0.8,False,False,True,True,0.3,0.3,True,False,False,18,True,[],0,NO,SIDEWAY_RANGE,Price ranging between clear levels. Suitable for mean-reversion strategies.,NORMAL,LOW,0.132,[],False,Passed basic checks,0,50,50,MEDIUM,5,WAIT,รอการวิเคราะห์จาก AI,1.142075,1.142089,50.64,1.142292,1.142578,1.142098,BULLISH,AT_PIVOT
2026-06-26 20:54:00,1.142375,1.143215,1.142355,1.143215,1.0,EURUSD-OTC,BULLISH,1.142141,1.142088,1.141592,1.139049,1.134209,1.128768,BULLISH,1.143752,1.139877,0.003875,0.011727,40.63,49.76,0.000823,0.000996,-0.000173,48.87,47.32,0.001506,41.21,-0.25,0.001463,0.0015,15.76,23.81,23.28,1.11,0.1209,1,1.0,1.0,False,STABLE,-2.8e-05,9.6e-05,0.000145,1.139185,1.144105,1.142318,1.143132,1.143748,1.141702,1.140888,20,3.27,1.14253,1.142172,58.2,5.6e-05,-9.9e-05,84.1,74.35,0.000741,1.140105,1.143215,1.143508,1.140433,1,1.0,1.143215,1.143215,1.142355,1.142375,LONDON,62729,HIGH,1.143215,1.143215,1.142355,1.142375,LONDON,62729,HIGH,NONE,BULLISH,WEAK,HIGH_WICK,NEUTRAL,NOISY,NONE,NONE,42,33,13.333333333333334,50,NEUTRAL,False,70,[],0,0,NEUTRAL,BULLISH,40,False,NONE,0,False,False,False,60,False,0,100,UP,NONE,NONE,0,True,75,55,45,80,False,True,NEUTRAL,70,False,0.0,NONE,True,BEARISH,True,False,50,False,70,23.279195668987125,8.91827738216327,55.00000000000001,29,POOR,False,75,73,-0.17234779559443497,5,89.99999999999999,True,RANDOM,70,43.7599436055925,7.835644676036226,True,MOMENTUM_SHIFT,False,True,False,65,True,70,UP,40,CORRECTIVE,NORMAL,UP,40,0.1209,CORRECTIVE,65,30,60,WEAK,BEARISH,50,30,60,NORMAL,58,55,45,-0.25,False,80,0.3304340411017311,83.032,RANGING,90,False,NONE,1.139185,1.143132,1.142318,FAR,30,50,85,50,NONE,NONE,NONE,False,[],0,0,SIDEWAY_RANGE,SIDEWAY_RANGE,57,51,False,10,Price ranging between clear levels. Suitable for mean-reversion strategies.,1.0,0.8,False,False,True,True,0.3,0.3,True,False,False,18,True,[],0,NO,SIDEWAY_RANGE,Price ranging between clear levels. Suitable for mean-reversion strategies.,NORMAL,LOW,0.132,[],False,Passed basic checks,0,50,50,MEDIUM,5,WAIT,รอการวิเคราะห์จาก AI,1.142282,1.142133,71.63,1.142928,1.143502,1.142642,BULLISH,NONE
2026-06-26 20:55:00,1.143195,1.143545,1.142935,1.143335,1.0,EURUSD-OTC,BULLISH,1.142539,1.142315,1.141758,1.139217,1.134387,1.128892,BULLISH,1.143812,1.140162,0.00365,0.011691,53.9,54.22,0.000867,0.000971,-0.000103,58.5,50.4,0.001545,57.29,-0.15,0.001484,0.001474,15.14,24.61,21.32,7.18,0.0884,1,1.0,1.0,False,STABLE,-4.7e-05,8.7e-05,0.000147,1.139565,1.144105,1.142865,1.144015,1.144695,1.142185,1.141035,20,2.94,1.142798,1.142283,67.56,0.00014,-5.1e-05,91.49,81.58,0.000702,1.140105,1.143545,1.143698,1.140401,1,1.0,1.143335,1.143545,1.142935,1.143195,LONDON,63156,HIGH,1.143335,1.143545,1.142935,1.143195,LONDON,63156,HIGH,NONE,BULLISH,WEAK,HIGH_WICK,NEUTRAL,NOISY,NONE,TESTING_PIVOT,41,33,20.0,50,NEUTRAL,False,70,[],0,0,NEUTRAL,BULLISH,40,False,NONE,0,False,False,False,60,False,0,100,UP,NONE,NONE,0,True,75,55,45,80,False,True,NEUTRAL,70,False,0.0,NONE,True,BEARISH,True,False,50,False,70,25.804038893044435,11.393250918810432,55.00000000000001,30,POOR,False,75,73,-0.1699625562305674,5,89.99999999999999,True,RANDOM,70,45.37817588182105,7.041398988215114,True,MOMENTUM_SHIFT,False,True,False,65,True,70,UP,60,CORRECTIVE,HIGH,UP,60,0.0884,CORRECTIVE,65,30,60,WEAK,BEARISH,50,30,60,HIGH,73,40,60,-0.15,False,80,0.3122059704045847,70.168,RANGING,90,False,NONE,1.139565,1.144015,1.142865,FAR,30,50,85,50,NONE,NONE,NONE,False,[],0,0,ACCUMULATION,ACCUMULATION,50,56,False,10,"Smart money accumulation. Bullish bias, look for breakout.",1.0,0.8,False,False,True,True,0.3,0.3,True,False,False,18,True,[],0,NO,ACCUMULATION,"Smart money accumulation. Bullish bias, look for breakout.",HIGH,LOW,0.135,[],False,Passed basic checks,0,50,50,MEDIUM,5,WAIT,รอการวิเคราะห์จาก AI,1.142473,1.14218,69.11,1.143272,1.143608,1.142998,BULLISH,AT_PIVOT
2026-06-26 20:56:00,1.143345,1.143435,1.142925,1.143255,1.0,EURUSD-OTC,BULLISH,1.142539,1.142315,1.141758,1.139217,1.134387,1.128892,BULLISH,1.143812,1.140162,0.00365,0.011691,53.9,54.22,0.000867,0.000971,-0.000103,58.5,50.4,0.001545,57.29,-0.15,0.001484,0.001474,15.14,24.61,21.32,7.18,0.0884,1,1.0,1.0,False,STABLE,-4.7e-05,8.7e-05,0.000147,1.139565,1.144105,1.142865,1.144015,1.144695,1.142185,1.141035,20,2.94,1.142951,1.142376,77.5,0.000197,-1e-06,95.16,90.25,0.000669,1.140105,1.143545,1.143838,1.140368,1,1.0,1.143255,1.143435,1.142925,1.143345,LONDON,92518,HIGH,1.143255,1.143435,1.142925,1.143345,LONDON,92518,HIGH,NONE,BULLISH,WEAK,HIGH_WICK,NEUTRAL,NOISY,NONE,TESTING_PIVOT,41,33,20.0,50,NEUTRAL,False,70,[],0,0,NEUTRAL,BULLISH,40,False,NONE,0,False,False,False,60,False,0,100,UP,NONE,NONE,0,True,75,55,45,80,False,True,NEUTRAL,70,False,0.0,NONE,True,BEARISH,True,False,50,False,70,25.804038893044435,11.393250918810432,55.00000000000001,30,POOR,False,75,73,-0.1699625562305674,5,89.99999999999999,True,RANDOM,70,45.37817588182105,7.041398988215114,True,MOMENTUM_SHIFT,False,True,False,65,True,70,UP,60,CORRECTIVE,HIGH,UP,60,0.0884,CORRECTIVE,65,30,60,WEAK,BEARISH,50,30,60,HIGH,73,40,60,-0.15,False,80,0.3122059704045847,70.168,RANGING,90,False,NONE,1.139565,1.144015,1.142865,FAR,30,50,85,50,NONE,NONE,NONE,False,[],0,0,ACCUMULATION,ACCUMULATION,50,56,False,10,"Smart money accumulation. Bullish bias, look for breakout.",1.0,0.8,False,False,True,True,0.3,0.3,True,False,False,18,True,[],0,NO,ACCUMULATION,"Smart money accumulation. Bullish bias, look for breakout.",HIGH,LOW,0.135,[],False,Passed basic checks,0,50,50,MEDIUM,5,WAIT,รอการวิเคราะห์จาก AI,1.142615,1.142222,65.49,1.143205,1.143485,1.142975,BULLISH,AT_PIVOT
2026-06-26 20:57:00,1.143275,1.143405,1.142725,1.142825,1.0,EURUSD-OTC,BULLISH,1.142539,1.142315,1.141758,1.139217,1.134387,1.128892,BULLISH,1.143812,1.140162,0.00365,0.011691,53.9,54.22,0.000867,0.000971,-0.000103,58.5,50.4,0.001545,57.29,-0.15,0.001484,0.001474,15.14,24.61,21.32,7.18,0.0884,1,1.0,1.0,False,STABLE,-4.7e-05,8.7e-05,0.000147,1.139565,1.144105,1.142865,1.144015,1.144695,1.142185,1.141035,20,2.94,1.142909,1.142418,69.8,0.000206,4e-05,87.41,91.35,0.000676,1.140105,1.143545,1.143865,1.140363,1,1.0,1.142825,1.143405,1.142725,1.143275,LONDON,62926,HIGH,1.142825,1.143405,1.142725,1.143275,LONDON,62926,HIGH,NONE,BULLISH,WEAK,HIGH_WICK,NEUTRAL,NOISY,NONE,TESTING_PIVOT,41,33,20.0,50,NEUTRAL,False,70,[],0,0,NEUTRAL,BULLISH,40,False,NONE,0,False,False,False,60,False,0,100,UP,NONE,NONE,0,True,75,55,45,80,False,True,NEUTRAL,70,False,0.0,NONE,True,BEARISH,True,False,50,False,70,25.804038893044435,11.393250918810432,55.00000000000001,30,POOR,False,75,73,-0.1699625562305674,5,89.99999999999999,True,RANDOM,70,45.37817588182105,7.041398988215114,True,MOMENTUM_SHIFT,False,True,False,65,True,70,UP,60,CORRECTIVE,HIGH,UP,60,0.0884,CORRECTIVE,65,30,60,WEAK,BEARISH,50,30,60,HIGH,73,40,60,-0.15,False,80,0.3122059704045847,70.168,RANGING,90,False,NONE,1.139565,1.144015,1.142865,FAR,30,50,85,50,NONE,NONE,NONE,False,[],0,0,ACCUMULATION,ACCUMULATION,50,56,False,10,"Smart money accumulation. Bullish bias, look for breakout.",1.0,0.8,False,False,True,True,0.3,0.3,True,False,False,18,True,[],0,NO,ACCUMULATION,"Smart money accumulation. Bullish bias, look for breakout.",HIGH,LOW,0.135,[],False,Passed basic checks,0,50,50,MEDIUM,5,WAIT,รอการวิเคราะห์จาก AI,1.142654,1.142246,55.29,1.142985,1.143245,1.142565,BULLISH,AT_PIVOT
2026-06-26 20:58:00,1.142805,1.143095,1.142445,1.142805,1.0,EURUSD-OTC,BULLISH,1.142539,1.142315,1.141758,1.139217,1.134387,1.128892,BULLISH,1.143812,1.140162,0.00365,0.011691,53.9,54.22,0.000867,0.000971,-0.000103,58.5,50.4,0.001545,57.29,-0.15,0.001484,0.001474,15.14,24.61,21.32,7.18,0.0884,1,1.0,1.0,False,STABLE,-4.7e-05,8.7e-05,0.000147,1.139565,1.144105,1.142865,1.144015,1.144695,1.142185,1.141035,20,2.94,1.142874,1.142455,68.29,0.000209,7.4e-05,81.49,88.02,0.000689,1.140105,1.143545,1.143874,1.140361,1,1.0,1.142805,1.143095,1.142445,1.142805,LONDON,63341,HIGH,1.142805,1.143095,1.142445,1.142805,LONDON,63341,HIGH,NONE,BULLISH,WEAK,HIGH_WICK,NEUTRAL,NOISY,NONE,TESTING_PIVOT,41,33,20.0,50,NEUTRAL,False,70,[],0,0,NEUTRAL,BULLISH,40,False,NONE,0,False,False,False,60,False,0,100,UP,NONE,NONE,0,True,75,55,45,80,False,True,NEUTRAL,70,False,0.0,NONE,True,BEARISH,True,False,50,False,70,25.804038893044435,11.393250918810432,55.00000000000001,30,POOR,False,75,73,-0.1699625562305674,5,89.99999999999999,True,RANDOM,70,45.37817588182105,7.041398988215114,True,MOMENTUM_SHIFT,False,True,False,65,True,70,UP,60,CORRECTIVE,HIGH,UP,60,0.0884,CORRECTIVE,65,30,60,WEAK,BEARISH,50,30,60,HIGH,73,40,60,-0.15,False,80,0.3122059704045847,70.168,RANGING,90,False,NONE,1.139565,1.144015,1.142865,FAR,30,50,85,50,NONE,NONE,NONE,False,[],0,0,ACCUMULATION,ACCUMULATION,50,56,False,10,"Smart money accumulation. Bullish bias, look for breakout.",1.0,0.8,False,False,True,True,0.3,0.3,True,False,False,18,True,[],0,NO,ACCUMULATION,"Smart money accumulation. Bullish bias, look for breakout.",HIGH,LOW,0.135,[],False,Passed basic checks,0,50,50,MEDIUM,5,WAIT,รอการวิเคราะห์จาก AI,1.142681,1.142268,75.35,1.142782,1.143118,1.142468,BULLISH,AT_PIVOT
2026-06-26 20:59:00,1.142845,1.142895,1.142275,1.142325,1.0,EURUSD-OTC,BULLISH,1.142539,1.142315,1.141758,1.139217,1.134387,1.128892,BULLISH,1.143812,1.140162,0.00365,0.011691,53.9,54.22,0.000867,0.000971,-0.000103,58.5,50.4,0.001545,57.29,-0.15,0.001484,0.001474,15.14,24.61,21.32,7.18,0.0884,1,1.0,1.0,False,STABLE,-4.7e-05,8.7e-05,0.000147,1.139565,1.144105,1.142865,1.144015,1.144695,1.142185,1.141035,20,2.94,1.142691,1.142443,58.11,0.00017,9.3e-05,64.37,77.76,0.000653,1.140105,1.143545,1.143843,1.14036,1,1.0,1.142325,1.142895,1.142275,1.142845,LONDON,62673,HIGH,1.142325,1.142895,1.142275,1.142845,LONDON,62673,HIGH,NONE,BULLISH,WEAK,HIGH_WICK,NEUTRAL,NOISY,NONE,TESTING_PIVOT,41,33,20.0,50,NEUTRAL,False,70,[],0,0,NEUTRAL,BULLISH,40,False,NONE,0,False,False,False,60,False,0,100,UP,NONE,NONE,0,True,75,55,45,80,False,True,NEUTRAL,70,False,0.0,NONE,True,BEARISH,True,False,50,False,70,25.804038893044435,11.393250918810432,55.00000000000001,30,POOR,False,75,73,-0.1699625562305674,5,89.99999999999999,True,RANDOM,70,45.37817588182105,7.041398988215114,True,MOMENTUM_SHIFT,False,True,False,65,True,70,UP,60,CORRECTIVE,HIGH,UP,60,0.0884,CORRECTIVE,65,30,60,WEAK,BEARISH,50,30,60,HIGH,73,40,60,-0.15,False,80,0.3122059704045847,70.168,RANGING,90,False,NONE,1.139565,1.144015,1.142865,FAR,30,50,85,50,NONE,NONE,NONE,False,[],0,0,ACCUMULATION,ACCUMULATION,50,56,False,10,"Smart money accumulation. Bullish bias, look for breakout.",1.0,0.8,False,False,True,True,0.3,0.3,True,False,False,18,True,[],0,NO,ACCUMULATION,"Smart money accumulation. Bullish bias, look for breakout.",HIGH,LOW,0.135,[],False,Passed basic checks,0,50,50,MEDIUM,5,WAIT,รอการวิเคราะห์จาก AI,1.142616,1.14227,54.3,1.142498,1.142722,1.142102,BULLISH,AT_PIVOT
2026-06-26 21:00:00,1.142365,1.142595,1.142205,1.142205,1.0,EURUSD-OTC,BULLISH,1.142427,1.142295,1.1418,1.139334,1.134517,1.128843,BULLISH,1.143647,1.140555,0.003093,0.011658,39.63,51.08,0.000802,0.000937,-0.000135,64.5,57.29,0.001537,50.75,-0.19,0.001493,0.001464,14.57,23.19,20.09,7.18,-0.0945,1,1.0,1.0,False,STABLE,-7.5e-05,5.7e-05,0.000141,1.139715,1.144105,1.142615,1.143025,1.143845,1.141795,1.141385,20,2.86,1.142529,1.14242,48.31,0.000129,0.0001,47.7,64.52,0.000619,1.140105,1.143545,1.143852,1.140367,1,1.0,1.142205,1.142595,1.142205,1.142365,NEW YORK,63235,HIGH,1.142205,1.142595,1.142205,1.142365,NEW YORK,63235,HIGH,BEARISH_ENGULFING,BEARISH,WEAK,HIGH_WICK,NEUTRAL,CHAOTIC,NONE,TESTING_PIVOT,42,33,13.333333333333334,50,NEUTRAL,False,70,['BEARISH_ENGULFING'],1,20,BEARISH,BEARISH,60,False,NONE,0,False,False,False,60,False,0,100,UP,NONE,NONE,0,True,75,55,45,80,False,True,NEUTRAL,70,False,0.0,NONE,True,BEARISH,True,False,50,False,70,15.767634854770996,2.7795945062133036,50.0,22,POOR,False,75,73,-0.15084217037667996,5,89.99999999999999,True,RANDOM,70,44.07755417733834,6.683688909476707,True,MOMENTUM_SHIFT,False,True,False,65,True,70,UP,80,CHOPPY,HIGH,UP,80,-0.0945,CHOPPY,75,30,75,WEAK,NONE,50,30,60,HIGH,73,40,60,-0.19,False,80,0.2653113741636644,75.4,RANGING,90,False,NONE,1.139715,1.143025,1.142615,FAR,30,50,85,50,NONE,NONE,NONE,False,[],0,0,ACCUMULATION,ACCUMULATION,54,65,True,25,"Smart money accumulation. Bullish bias, look for breakout.",1.0,0.5,False,False,True,True,0.3,0.3,True,False,False,18,True,[],0,NO,ACCUMULATION,"Smart money accumulation. Bullish bias, look for breakout.",HIGH,LOW,0.135,[],True,Passed basic checks,0,50,50,MEDIUM,5,WAIT,รอการวิเคราะห์จาก AI,1.142542,1.142268,45.67,1.142335,1.142465,1.142075,BEARISH,AT_PIVOT
2026-06-26 21:01:00,1.142175,1.142905,1.142095,1.142465,1.0,EURUSD-OTC,BULLISH,1.142427,1.142295,1.1418,1.139334,1.134517,1.128843,BULLISH,1.143647,1.140555,0.003093,0.011658,39.63,51.08,0.000802,0.000937,-0.000135,64.5,57.29,0.001537,50.75,-0.19,0.001493,0.001464,14.57,23.19,20.09,7.18,-0.0945,1,1.0,1.0,False,STABLE,-7.5e-05,5.7e-05,0.000141,1.139715,1.144105,1.142615,1.143025,1.143845,1.141795,1.141385,20,2.86,1.142508,1.142424,55.43,0.000115,0.000103,35.99,49.35,0.000639,1.140105,1.143545,1.143861,1.140493,1,1.0,1.142465,1.142905,1.142095,1.142175,NEW YORK,62770,HIGH,1.142465,1.142905,1.142095,1.142175,NEW YORK,62770,HIGH,BEARISH_ENGULFING,BEARISH,WEAK,HIGH_WICK,NEUTRAL,CHAOTIC,NONE,TESTING_PIVOT,42,33,13.333333333333334,50,NEUTRAL,False,70,['BEARISH_ENGULFING'],1,20,BEARISH,BEARISH,60,False,NONE,0,False,False,False,60,False,0,100,UP,NONE,NONE,0,True,75,55,45,80,False,True,NEUTRAL,70,False,0.0,NONE,True,BEARISH,True,False,50,False,70,15.767634854770996,2.7795945062133036,50.0,22,POOR,False,75,73,-0.15084217037667996,5,89.99999999999999,True,RANDOM,70,44.07755417733834,6.683688909476707,True,MOMENTUM_SHIFT,False,True,False,65,True,70,UP,80,CHOPPY,HIGH,UP,80,-0.0945,CHOPPY,75,30,75,WEAK,NONE,50,30,60,HIGH,73,40,60,-0.19,False,80,0.2653113741636644,75.4,RANGING,90,False,NONE,1.139715,1.143025,1.142615,FAR,30,50,85,50,NONE,NONE,NONE,False,[],0,0,SIDEWAY_RANGE,SIDEWAY_RANGE,54,60,True,25,Price ranging between clear levels. Suitable for mean-reversion strategies.,1.0,0.5,False,False,True,True,0.3,0.3,True,False,False,18,True,[],0,NO,SIDEWAY_RANGE,Price ranging between clear levels. Suitable for mean-reversion strategies.,HIGH,LOW,0.135,[],True,Passed basic checks,0,50,50,MEDIUM,5,WAIT,รอการวิเคราะห์จาก AI,1.142528,1.142275,25.17,1.142488,1.142882,1.142072,BEARISH,AT_PIVOT
2026-06-26 21:02:00,1.142475,1.143045,1.142445,1.143025,1.0,EURUSD-OTC,BULLISH,1.142427,1.142295,1.1418,1.139334,1.134517,1.128843,BULLISH,1.143647,1.140555,0.003093,0.011658,39.63,51.08,0.000802,0.000937,-0.000135,64.5,57.29,0.001537,50.75,-0.19,0.001493,0.001464,14.57,23.19,20.09,7.18,-0.0945,1,1.0,1.0,False,STABLE,-7.5e-05,5.7e-05,0.000141,1.139715,1.144105,1.142615,1.143025,1.143845,1.141795,1.141385,20,2.86,1.14268,1.142482,57.49,0.000148,0.000112,46.45,43.38,0.000643,1.140105,1.143545,1.143767,1.140867,1,1.0,1.143025,1.143045,1.142445,1.142475,NEW YORK,63182,HIGH,1.143025,1.143045,1.142445,1.142475,NEW YORK,63182,HIGH,BEARISH_ENGULFING,BEARISH,WEAK,HIGH_WICK,NEUTRAL,CHAOTIC,NONE,TESTING_PIVOT,42,33,13.333333333333334,50,NEUTRAL,False,70,['BEARISH_ENGULFING'],1,20,BEARISH,BEARISH,60,False,NONE,0,False,False,False,60,False,0,100,UP,NONE,NONE,0,True,75,55,45,80,False,True,NEUTRAL,70,False,0.0,NONE,True,BEARISH,True,False,50,False,70,15.767634854770996,2.7795945062133036,50.0,22,POOR,False,75,73,-0.15084217037667996,5,89.99999999999999,True,RANDOM,70,44.07755417733834,6.683688909476707,True,MOMENTUM_SHIFT,False,True,False,65,True,70,UP,80,CHOPPY,HIGH,UP,80,-0.0945,CHOPPY,75,30,75,WEAK,NONE,50,30,60,HIGH,73,40,60,-0.19,False,80,0.2653113741636644,75.4,RANGING,90,False,NONE,1.139715,1.143025,1.142615,FAR,30,50,85,50,NONE,NONE,NONE,False,[],0,0,ACCUMULATION,ACCUMULATION,54,65,True,25,"Smart money accumulation. Bullish bias, look for breakout.",1.0,0.5,False,False,True,True,0.3,0.3,True,False,False,18,True,[],0,NO,ACCUMULATION,"Smart money accumulation. Bullish bias, look for breakout.",HIGH,LOW,0.134,[],True,Passed basic checks,0,50,50,MEDIUM,5,WAIT,รอการวิเคราะห์จาก AI,1.142618,1.142305,42.05,1.142838,1.143232,1.142632,BEARISH,AT_PIVOT
2026-06-26 21:03:00,1.143075,1.143355,1.142585,1.142945,1.0,EURUSD-OTC,BULLISH,1.142427,1.142295,1.1418,1.139334,1.134517,1.128843,BULLISH,1.143647,1.140555,0.003093,0.011658,39.63,51.08,0.000802,0.000937,-0.000135,64.5,57.29,0.001537,50.75,-0.19,0.001493,0.001464,14.57,23.19,20.09,7.18,-0.0945,1,1.0,1.0,False,STABLE,-7.5e-05,5.7e-05,0.000141,1.139715,1.144105,1.142615,1.143025,1.143845,1.141795,1.141385,20,2.86,1.142768,1.142526,55.33,0.000166,0.000123,59.93,47.45,0.000646,1.140445,1.143545,1.14367,1.141195,1,1.0,1.142945,1.143355,1.142585,1.143075,NEW YORK,62800,HIGH,1.142945,1.143355,1.142585,1.143075,NEW YORK,62800,HIGH,BEARISH_ENGULFING,BEARISH,WEAK,HIGH_WICK,NEUTRAL,CHAOTIC,NONE,TESTING_PIVOT,42,33,13.333333333333334,50,NEUTRAL,False,70,['BEARISH_ENGULFING'],1,20,BEARISH,BEARISH,60,False,NONE,0,False,False,False,60,False,0,100,UP,NONE,NONE,0,True,75,55,45,80,False,True,NEUTRAL,70,False,0.0,NONE,True,BEARISH,True,False,50,False,70,15.767634854770996,2.7795945062133036,50.0,22,POOR,False,75,73,-0.15084217037667996,5,89.99999999999999,True,RANDOM,70,44.07755417733834,6.683688909476707,True,MOMENTUM_SHIFT,False,True,False,65,True,70,UP,80,CHOPPY,HIGH,UP,80,-0.0945,CHOPPY,75,30,75,WEAK,NONE,50,30,60,HIGH,73,40,60,-0.19,False,80,0.2653113741636644,75.4,RANGING,90,False,NONE,1.139715,1.143025,1.142615,FAR,30,50,85,50,NONE,NONE,NONE,False,[],0,0,SIDEWAY_RANGE,SIDEWAY_RANGE,54,60,True,25,Price ranging between clear levels. Suitable for mean-reversion strategies.,1.0,0.5,False,False,True,True,0.3,0.3,True,False,False,18,True,[],0,NO,SIDEWAY_RANGE,Price ranging between clear levels. Suitable for mean-reversion strategies.,HIGH,LOW,0.134,[],True,Passed basic checks,0,50,50,MEDIUM,5,WAIT,รอการวิเคราะห์จาก AI,1.142678,1.14233,42.05,1.142962,1.143338,1.142568,BEARISH,AT_PIVOT
2026-06-26 21:04:00,1.142885,1.142915,1.142395,1.142535,1.0,EURUSD-OTC,BULLISH,1.142427,1.142295,1.1418,1.139334,1.134517,1.128843,BULLISH,1.143647,1.140555,0.003093,0.011658,39.63,51.08,0.000802,0.000937,-0.000135,64.5,57.29,0.001537,50.75,-0.19,0.001493,0.001464,14.57,23.19,20.09,7.18,-0.0945,1,1.0,1.0,False,STABLE,-7.5e-05,5.7e-05,0.000141,1.139715,1.144105,1.142615,1.143025,1.143845,1.141795,1.141385,20,2.86,1.142691,1.142527,50.21,0.000145,0.000127,61.2,55.86,0.000657,1.140445,1.143545,1.143507,1.141526,1,1.0,1.142535,1.142915,1.142395,1.142885,NEW YORK,63294,HIGH,1.142535,1.142915,1.142395,1.142885,NEW YORK,63294,HIGH,BEARISH_ENGULFING,BEARISH,WEAK,HIGH_WICK,NEUTRAL,CHAOTIC,NONE,TESTING_PIVOT,42,33,13.333333333333334,50,NEUTRAL,False,70,['BEARISH_ENGULFING'],1,20,BEARISH,BEARISH,60,False,NONE,0,False,False,False,60,False,0,100,UP,NONE,NONE,0,True,75,55,45,80,False,True,NEUTRAL,70,False,0.0,NONE,True,BEARISH,True,False,50,False,70,15.767634854770996,2.7795945062133036,50.0,22,POOR,False,75,73,-0.15084217037667996,5,89.99999999999999,True,RANDOM,70,44.07755417733834,6.683688909476707,True,MOMENTUM_SHIFT,False,True,False,65,True,70,UP,80,CHOPPY,HIGH,UP,80,-0.0945,CHOPPY,75,30,75,WEAK,NONE,50,30,60,HIGH,73,40,60,-0.19,False,80,0.2653113741636644,75.4,RANGING,90,False,NONE,1.139715,1.143025,1.142615,FAR,30,50,85,50,NONE,NONE,NONE,False,[],0,0,SIDEWAY_RANGE,SIDEWAY_RANGE,54,60,True,25,Price ranging between clear levels. Suitable for mean-reversion strategies.,1.0,0.5,False,False,True,True,0.3,0.3,True,False,False,18,True,[],0,NO,SIDEWAY_RANGE,Price ranging between clear levels. Suitable for mean-reversion strategies.,HIGH,LOW,0.135,[],True,Passed basic checks,0,50,50,MEDIUM,5,WAIT,รอการวิเคราะห์จาก AI,1.142652,1.142338,42.49,1.142615,1.142835,1.142315,BEARISH,AT_PIVOT
