timestamp,open,high,low,close,volume,symbol,m15_bias,m5_ema5,m5_ema10,m5_ema20,m5_ema50,m5_ema100,m5_ema200,m5_bias,m5_bb_upper,m5_bb_lower,m5_bb_width,m5_bbw_sma_100,m5_rsi7,m5_rsi14,m5_macd,m5_macd_signal,m5_macd_hist,m5_stoch_k,m5_stoch_d,m5_atr14,m5_atr_percentile,m5_atr_zscore,m5_atr_recent_avg,m5_atr_past_avg,m5_adx,m5_di_plus,m5_di_minus,m5_dx,m5_roc,m5_volume,m5_volume_ma20,m5_volume_ratio,m5_volume_spike,m5_slope_10,m5_slope_20,m5_slope_50,m5_pivot,m5_r1,m5_r2,m5_s1,m5_s2,m5_box_duration,m5_box_tightness,m5_support,m5_resistance,m5_volume_trend,m1_ema5,m1_ema10,m1_ema20,m1_ema50,m1_rsi7,m1_rsi14,m1_macd,m1_macd_signal,m1_stoch_k,m1_stoch_d,m1_atr14,m1_bb_upper,m1_bb_lower,m1_pivot,m1_r1,m1_s1,m1_volume,m1_volume_ratio,meta_close,meta_high,meta_low,meta_open,meta_session,meta_data_age_ms,meta_data_quality,ohlcv_close,ohlcv_high,ohlcv_low,ohlcv_open,ohlcv_session,ohlcv_data_age_ms,ohlcv_data_quality,price_action_pattern,price_action_last_candle_bias,price_action_last_candle,price_action_body_strength,price_action_rejection_zone,price_action_wick_dominance,price_action_momentum_bias,price_action_move_quality,price_action_trap_alert,price_action_sr_interaction,price_action_volume_momentum,behavior_conviction,behavior_hesitation,behavior_pressure_balance,behavior_participation,behavior_behavior,behavior_is_decisive,behavior_confidence,candle_pattern_patterns_detected,candle_pattern_pattern_count,candle_pattern_pattern_strength,candle_pattern_bias,candle_pattern_last_candle_color,candle_pattern_confidence,trap_detector_trap_detected,trap_detector_trap_type,trap_detector_trap_score,trap_detector_false_breakout,trap_detector_stop_hunt,trap_detector_rejection_wick,trap_detector_confidence,conflict_conflict_detected,conflict_conflict_score,conflict_agreement_score,conflict_ema_direction,conflict_momentum_direction,conflict_candle_direction,conflict_conflicting_signals,conflict_all_aligned,conflict_confidence,continuation_continuation_probability,continuation_reversal_probability,continuation_pullback_health,continuation_momentum_intact,continuation_volume_supports_move,continuation_bias,continuation_confidence,continuation_retest_detected,continuation_retest_quality,continuation_retest_type,divergence_divergence_detected,divergence_divergence_type,divergence_rsi_divergence,divergence_macd_divergence,divergence_divergence_strength,divergence_both_confirm,divergence_confidence,efficiency_efficiency_ratio,efficiency_path_efficiency,efficiency_directional_efficiency,efficiency_overall_efficiency,efficiency_movement_quality,efficiency_is_efficient,efficiency_confidence,persistence_persistence_score,persistence_autocorrelation,persistence_max_consecutive_run,persistence_trend_persistence,persistence_is_persistent,persistence_behavior,persistence_confidence,persistence_expansion_persistence,persistence_fatigue_risk,transition_in_transition,transition_transition_type,transition_volatility_shift,transition_momentum_shift,transition_structure_shift,transition_stability_score,transition_is_stable,transition_confidence,analysis_trend_direction,analysis_trend_strength,analysis_trend_type,analysis_volatility_regime,engines_trend_direction,engines_trend_strength,engines_trend_momentum,engines_trend_type,engines_trend_confidence,engines_trend_reversal_risk,engines_trend_sustain_probability,engines_strength_momentum_level,engines_strength_divergence,engines_strength_strength_score,engines_strength_exhaustion_risk,engines_strength_confidence,engines_volatility_regime,engines_volatility_volatility_score,engines_volatility_expansion_probability,engines_volatility_contraction_probability,engines_volatility_volatility_zscore,engines_volatility_spike_detected,engines_volatility_confidence,engines_volatility_bbw_compression_ratio,engines_volatility_compression_quality,engines_structure_structure_type,engines_structure_structure_score,engines_structure_bos_detected,engines_structure_bos_type,engines_structure_key_zones_strong_support,engines_structure_key_zones_strong_resistance,engines_structure_key_zones_middle,engines_structure_zone_proximity,engines_structure_breakout_probability,engines_structure_reversal_probability,engines_structure_confidence,engines_mtf_directions_by_tf_M1,engines_mtf_directions_by_tf_M5,engines_mtf_directions_by_tf_M15,engines_mtf_alignment_score,engines_mtf_dominant_direction,engines_mtf_htf_direction,engines_mtf_ltf_direction,engines_mtf_htf_ltf_conflict,engines_mtf_timeframes_analyzed,engines_mtf_confidence_from_mtf,engines_mtf_confidence,market_state,market_state_full_state,market_state_full_confidence,market_state_full_quality_score,market_state_full_tradeable,market_state_full_stability,market_state_full_description,market_state_full_metrics_volume_ratio,market_state_full_metrics_noise_level,market_state_full_metrics_rsi_extreme_bull,market_state_full_metrics_rsi_extreme_bear,market_state_full_metrics_price_above_ma20,market_state_full_metrics_price_above_ma50,market_state_full_metrics_wick_lower_ratio,market_state_full_metrics_wick_upper_ratio,market_state_full_metrics_compression_detected,market_state_full_metrics_divergence_detected,market_state_full_metrics_volume_surge,market_state_full_metrics_adaptive_adx_threshold,market_state_full_metrics_is_otc,signals_triggered,signals_count,signals_top_signal,market_context_state,market_context_description,market_context_volatility_regime,market_context_news_impact,market_context_expected_volatility_%,market_context_recent_ai_memory,decision_layer_tradeable,decision_layer_tradeable_reason,decision_layer_confidence_score,decision_layer_stability_score,decision_layer_quality_score,decision_layer_risk_level,decision_layer_suggested_expiry_minutes,decision_layer_suggested_action,decision_layer_final_reason_th
2026-06-30 20:02:00,1.329625,1.329735,1.329255,1.329615,1.0,GBPUSD-OTC,BEARISH,1.329809,1.330154,1.331186,1.333251,1.338817,1.351625,BEARISH,1.33566,1.32706,0.008601,0.016118,38.8,37.61,-0.001349,-0.001347,-2e-06,27.53,26.65,0.001183,32.0,-0.42,0.001245,0.001227,22.89,17.78,26.18,19.11,-0.0819,1.0,1.0,1.0,False,3.5e-05,-0.00031,-0.000185,1.329542,1.329828,1.330022,1.329348,1.329062,22,6.85,1.328085,1.330965,NO_VOLUME_DATA,1.329606,1.329668,1.329721,1.330149,46.8,47.68,-7.1e-05,-3.9e-05,27.87,23.68,0.000504,1.330622,1.32901,1.329535,1.329815,1.329335,1.0,1.0,1.329615,1.329735,1.329255,1.329625,LONDON,124354,LOW,1.329615,1.329735,1.329255,1.329625,LONDON,124354,LOW,DOJI,BULLISH,BULLISH,WEAK,AT_PIVOT,LOW_WICK,BEARISH,NOISY,TRUE,TESTING_PIVOT,NORMAL,50,26,-30.38728897716034,50,NEUTRAL,False,70,['DOJI'],1,20,NEUTRAL,BULLISH,60,True,REJECTION,25,False,False,True,70,False,0,100,DOWN,NONE,NONE,0,True,75,55,45,80,False,True,NEUTRAL,70,False,0.0,NONE,False,NONE,False,False,0,False,60,35.773924213231375,21.001615508885767,55.00000000000001,37,FAIR,False,75,63,-0.05637501666644219,4,90.0,True,RANDOM,70,49.723000013610275,3.2658789408433986,True,MOMENTUM_SHIFT,False,True,False,65,True,70,DOWN,60,CORRECTIVE,NORMAL,DOWN,60,-0.0819,CORRECTIVE,65,30,60,NORMAL,NONE,65,30,75,NORMAL,58,40,60,-0.42,False,80,0.533627000868594,90.4,RANGING,90,False,NONE,1.328085,1.329828,1.329542,FAR,30,50,85,DOWN,DOWN,DOWN,100,DOWN,DOWN,DOWN,False,"['M1', 'M5', 'M15']",100,100,SIDEWAY_RANGE,SIDEWAY_RANGE,50,51,False,12,Price ranging between clear levels. Suitable for mean-reversion strategies.,1.0,0.8,False,False,False,False,0.3,0.3,True,False,False,18,True,[],0,NO,SIDEWAY_RANGE,Price ranging between clear levels. Suitable for mean-reversion strategies.,NORMAL,NONE_OTC,0.089,[],False,Passed basic checks,0,100,50,MEDIUM,5,WAIT,รอการวิเคราะห์จาก AI
2026-06-30 20:04:00,1.329625,1.329735,1.329255,1.329615,1.0,GBPUSD-OTC,BEARISH,1.330046,1.330283,1.331254,1.333278,1.338831,1.351632,BEARISH,1.33565,1.327141,0.008508,0.016117,47.49,42.03,-0.001293,-0.001336,4.3e-05,33.18,28.53,0.001245,53.5,-0.34,0.001251,0.001227,22.56,18.55,24.87,14.54,-0.0286,1.0,1.0,1.0,False,7.4e-05,-0.0003,-0.000183,1.329895,1.330795,1.331245,1.329445,1.328545,22,6.51,1.328085,1.330965,NO_VOLUME_DATA,1.329606,1.329668,1.329721,1.330149,46.8,47.68,-7.1e-05,-3.9e-05,27.87,23.68,0.000504,1.330622,1.32901,1.329535,1.329815,1.329335,1.0,1.0,1.329615,1.329735,1.329255,1.329625,LONDON,243877,LOW,1.329615,1.329735,1.329255,1.329625,LONDON,243877,LOW,MORNING_STAR,BULLISH,BULLISH,WEAK,AT_PIVOT,LOW_WICK,BEARISH,NOISY,NONE,TESTING_PIVOT,NORMAL,52,23,-25.94724220623405,50,NEUTRAL,False,70,['MORNING_STAR'],1,20,BULLISH,BULLISH,60,False,NONE,0,False,False,False,60,False,0,100,DOWN,NONE,NONE,0,True,75,55,45,80,False,True,NEUTRAL,70,False,0.0,NONE,False,NONE,False,False,0,False,60,29.852579852578888,17.51853296917611,55.00000000000001,34,POOR,False,75,63,-0.052569030076962654,4,90.0,True,RANDOM,70,50.06277537233189,2.161636002405901,True,MOMENTUM_SHIFT,False,True,False,65,True,70,DOWN,80,CHOPPY,HIGH,DOWN,80,-0.0286,CHOPPY,65,30,65,NORMAL,NONE,60,30,70,HIGH,73,40,60,-0.34,False,80,0.5278898057951231,73.2,RANGING,90,False,NONE,1.328085,1.330795,1.329895,FAR,30,50,85,DOWN,DOWN,DOWN,100,DOWN,DOWN,DOWN,False,"['M1', 'M5', 'M15']",100,100,ACCUMULATION,ACCUMULATION,50,56,False,11,"Smart money accumulation. Bullish bias, look for breakout.",1.0,0.8,False,False,False,False,0.3,0.3,True,False,False,18,True,[],0,NO,ACCUMULATION,"Smart money accumulation. Bullish bias, look for breakout.",HIGH,NONE_OTC,0.094,[],False,Passed basic checks,0,100,50,MEDIUM,5,WAIT,รอการวิเคราะห์จาก AI
2026-06-30 20:05:00,1.329625,1.329735,1.329255,1.329615,1.0,GBPUSD-OTC,BEARISH,1.330143,1.330335,1.331282,1.33329,1.338834,1.351612,BEARISH,1.335652,1.327168,0.008483,0.016117,50.37,43.66,-0.00127,-0.001331,6.2e-05,35.49,29.3,0.001266,72.36,-0.27,0.001253,0.001227,22.26,19.89,24.46,10.32,-0.0068,1.0,1.0,1.0,False,9e-05,-0.000296,-0.000183,1.330088,1.331182,1.331728,1.329542,1.328448,22,6.4,1.328085,1.330965,NO_VOLUME_DATA,1.329606,1.329668,1.329721,1.330149,46.8,47.68,-7.1e-05,-3.9e-05,27.87,23.68,0.000504,1.330622,1.32901,1.329535,1.329815,1.329335,1.0,1.0,1.329615,1.329735,1.329255,1.329625,LONDON,305932,LOW,1.329615,1.329735,1.329255,1.329625,LONDON,305932,LOW,MORNING_STAR,BULLISH,BULLISH,WEAK,AT_PIVOT,LOW_WICK,BEARISH,NOISY,NONE,TESTING_PIVOT,NORMAL,52,23,-24.219489120150968,50,NEUTRAL,False,70,['MORNING_STAR'],1,20,BULLISH,BULLISH,60,False,NONE,0,False,False,False,60,False,0,100,DOWN,NONE,NONE,0,True,75,55,45,80,False,True,NEUTRAL,70,False,0.0,NONE,False,NONE,False,False,0,False,60,27.579963789981715,16.20370370370353,55.00000000000001,32,POOR,False,75,63,-0.05080637886395188,4,90.0,True,RANDOM,70,50.20347705901758,1.7087081317057486,True,MOMENTUM_SHIFT,False,True,False,65,True,70,DOWN,80,CHOPPY,HIGH,DOWN,80,-0.0068,CHOPPY,65,30,65,NORMAL,NONE,60,30,70,HIGH,73,40,60,-0.27,False,80,0.5263386486318794,58.111999999999995,RANGING,90,False,NONE,1.328085,1.330965,1.330088,FAR,30,50,85,DOWN,DOWN,DOWN,100,DOWN,DOWN,DOWN,False,"['M1', 'M5', 'M15']",100,100,SIDEWAY_RANGE,SIDEWAY_RANGE,50,51,False,11,Price ranging between clear levels. Suitable for mean-reversion strategies.,1.0,0.8,False,False,False,False,0.3,0.3,True,False,False,22,True,[],0,NO,SIDEWAY_RANGE,Price ranging between clear levels. Suitable for mean-reversion strategies.,HIGH,NONE_OTC,0.095,[],False,Passed basic checks,0,100,50,MEDIUM,5,WAIT,รอการวิเคราะห์จาก AI
2026-06-30 20:12:00,1.329915,1.330025,1.329845,1.329985,1.0,GBPUSD-OTC,BEARISH,1.330015,1.330195,1.331033,1.33303,1.338493,1.351247,BEARISH,1.334708,1.32719,0.007519,0.01392,43.68,40.72,-0.001173,-0.001282,0.00011,54.09,45.1,0.001213,44.0,-0.36,0.001252,0.001242,20.55,18.06,22.01,9.87,0.0933,1.0,1.0,1.0,False,8e-05,-0.000233,-0.00019,1.329932,1.330018,1.330112,1.329838,1.329752,24,6.68,1.328995,1.330965,NO_VOLUME_DATA,1.329853,1.329864,1.329845,1.330076,52.62,51.49,1.6e-05,1.8e-05,40.12,39.06,0.00058,1.330611,1.328981,1.329952,1.330058,1.329878,1.0,1.0,1.329985,1.330025,1.329845,1.329915,LONDON,123870,LOW,1.329985,1.330025,1.329845,1.329915,LONDON,123870,LOW,DOJI,BULLISH,BULLISH,WEAK,AT_PIVOT,LOW_WICK,BEARISH,NOISY,NONE,TESTING_PIVOT,NORMAL,49,26,-22.437137330753618,50,NEUTRAL,False,70,['DOJI'],1,20,NEUTRAL,BULLISH,60,False,NONE,0,False,False,False,60,False,0,100,DOWN,NONE,NONE,0,True,75,55,45,80,False,True,NEUTRAL,70,False,0.0,NONE,False,NONE,False,False,0,False,60,26.19339045287672,19.78630787494984,50.0,31,POOR,False,75,63,-0.12076759190194995,4,90.0,True,RANDOM,70,47.23988562548926,4.941189497584892,True,MOMENTUM_SHIFT,False,True,False,65,True,70,DOWN,80,CHOPPY,NORMAL,DOWN,80,0.0933,CHOPPY,75,30,75,NORMAL,BEARISH,60,40,70,NORMAL,58,40,60,-0.36,False,80,0.5401580459770114,80.8,RANGING,90,False,NONE,1.328995,1.330018,1.329932,FAR,30,50,85,NONE,DOWN,DOWN,66,DOWN,DOWN,NONE,False,"['M1', 'M5', 'M15']",66,66,SIDEWAY_RANGE,SIDEWAY_RANGE,53,51,False,11,Price ranging between clear levels. Suitable for mean-reversion strategies.,1.0,0.8,False,False,False,False,0.3,0.3,True,False,False,18,True,[],0,NO,SIDEWAY_RANGE,Price ranging between clear levels. Suitable for mean-reversion strategies.,NORMAL,NONE_OTC,0.091,[],False,Passed basic checks,0,66,50,MEDIUM,5,WAIT,รอการวิเคราะห์จาก AI
2026-06-30 20:32:00,1.328385,1.328895,1.328355,1.328825,1.0,GBPUSD-OTC,BEARISH,1.328717,1.329153,1.330118,1.332319,1.337655,1.349983,BEARISH,1.331835,1.32766,0.004176,0.009615,43.7,40.42,-0.001306,-0.00131,4e-06,27.8,21.6,0.001247,63.5,-0.3,0.001268,0.001252,22.12,15.35,25.8,25.4,-0.1548,1.0,1.0,1.0,False,-0.00027,-0.000118,-0.000206,1.328702,1.329048,1.329242,1.328508,1.328162,20,4.23,1.328085,1.330665,NO_VOLUME_DATA,1.328258,1.328178,1.328443,1.329124,63.95,52.27,-0.000387,-0.00046,61.68,43.58,0.000559,1.329901,1.327019,1.328692,1.329028,1.328488,1.0,1.0,1.328825,1.328895,1.328355,1.328385,LONDON,125093,LOW,1.328825,1.328895,1.328355,1.328385,LONDON,125093,LOW,NONE,BULLISH,BULLISH,WEAK,AT_PIVOT,LOW_WICK,BEARISH,CHAOTIC,TRUE,TESTING_PIVOT,NORMAL,56,16,-29.670329670328382,50,NEUTRAL,False,70,[],0,0,NEUTRAL,BULLISH,40,True,BEAR_TRAP,50,True,False,False,70,False,0,100,DOWN,NONE,NONE,0,True,75,55,45,80,False,True,NEUTRAL,70,False,0.0,NONE,False,NONE,False,False,0,False,60,22.55489021956109,11.551020408163732,55.00000000000001,29,POOR,False,75,65,-0.05238875993559134,4,100.0,True,RANDOM,70,44.202081632624754,7.6960383635894,False,NONE,False,False,False,100,True,70,DOWN,100,IMPULSIVE,HIGH,DOWN,100,-0.1548,IMPULSIVE,90,30,95,NORMAL,NONE,60,30,70,HIGH,73,40,60,-0.3,False,80,0.4343213728549142,65.19999999999999,RANGING,90,False,NONE,1.328085,1.329048,1.328702,FAR,30,50,85,NONE,DOWN,DOWN,66,DOWN,DOWN,NONE,False,"['M1', 'M5', 'M15']",66,66,TRENDING_STRONG,TRENDING_STRONG,50,75,True,28,Strong directional trend with high momentum. Favorable for trend-following strategies.,1.0,0.5,False,False,False,False,0.3,0.3,True,False,False,22,True,[],0,NO,TRENDING_STRONG,Strong directional trend with high momentum. Favorable for trend-following strategies.,HIGH,NONE_OTC,0.094,[],True,Passed basic checks,0,66,50,MEDIUM,5,WAIT,รอการวิเคราะห์จาก AI
2026-06-30 20:33:00,1.328385,1.328895,1.328355,1.328825,1.0,GBPUSD-OTC,BEARISH,1.328717,1.329153,1.330118,1.332319,1.337655,1.349983,BEARISH,1.331835,1.32766,0.004176,0.009615,43.7,40.42,-0.001306,-0.00131,4e-06,27.8,21.6,0.001247,63.5,-0.3,0.001268,0.001252,22.12,15.35,25.8,25.4,-0.1548,1.0,1.0,1.0,False,-0.00027,-0.000118,-0.000206,1.328702,1.329048,1.329242,1.328508,1.328162,20,4.23,1.328085,1.330665,NO_VOLUME_DATA,1.328258,1.328178,1.328443,1.329124,63.95,52.27,-0.000387,-0.00046,61.68,43.58,0.000559,1.329901,1.327019,1.328692,1.329028,1.328488,1.0,1.0,1.328825,1.328895,1.328355,1.328385,LONDON,184614,LOW,1.328825,1.328895,1.328355,1.328385,LONDON,184614,LOW,NONE,BULLISH,BULLISH,WEAK,AT_PIVOT,LOW_WICK,BEARISH,CHAOTIC,TRUE,TESTING_PIVOT,NORMAL,56,16,-29.670329670328382,50,NEUTRAL,False,70,[],0,0,NEUTRAL,BULLISH,40,True,BEAR_TRAP,50,True,False,False,70,False,0,100,DOWN,NONE,NONE,0,True,75,55,45,80,False,True,NEUTRAL,70,False,0.0,NONE,False,NONE,False,False,0,False,60,22.55489021956109,11.551020408163732,55.00000000000001,29,POOR,False,75,65,-0.05238875993559134,4,100.0,True,RANDOM,70,44.202081632624754,7.6960383635894,False,NONE,False,False,False,100,True,70,DOWN,100,IMPULSIVE,HIGH,DOWN,100,-0.1548,IMPULSIVE,90,30,95,NORMAL,NONE,60,30,70,HIGH,73,40,60,-0.3,False,80,0.4343213728549142,65.19999999999999,RANGING,90,False,NONE,1.328085,1.329048,1.328702,FAR,30,50,85,NONE,DOWN,DOWN,66,DOWN,DOWN,NONE,False,"['M1', 'M5', 'M15']",66,66,SIDEWAY_RANGE,SIDEWAY_RANGE,50,60,True,28,Price ranging between clear levels. Suitable for mean-reversion strategies.,1.0,0.5,False,False,False,False,0.3,0.3,True,False,False,22,True,[],0,NO,SIDEWAY_RANGE,Price ranging between clear levels. Suitable for mean-reversion strategies.,HIGH,NONE_OTC,0.094,[],True,Passed basic checks,0,66,50,MEDIUM,5,WAIT,รอการวิเคราะห์จาก AI
2026-06-30 20:34:00,1.328385,1.328895,1.328355,1.328825,1.0,GBPUSD-OTC,BEARISH,1.328717,1.329153,1.330118,1.332319,1.337655,1.349983,BEARISH,1.331835,1.32766,0.004176,0.009615,43.7,40.42,-0.001306,-0.00131,4e-06,27.8,21.6,0.001247,63.5,-0.3,0.001268,0.001252,22.12,15.35,25.8,25.4,-0.1548,1.0,1.0,1.0,False,-0.00027,-0.000118,-0.000206,1.328702,1.329048,1.329242,1.328508,1.328162,20,4.23,1.328085,1.330665,NO_VOLUME_DATA,1.328258,1.328178,1.328443,1.329124,63.95,52.27,-0.000387,-0.00046,61.68,43.58,0.000559,1.329901,1.327019,1.328692,1.329028,1.328488,1.0,1.0,1.328825,1.328895,1.328355,1.328385,LONDON,244240,LOW,1.328825,1.328895,1.328355,1.328385,LONDON,244240,LOW,NONE,BULLISH,BULLISH,WEAK,AT_PIVOT,LOW_WICK,BEARISH,CHAOTIC,TRUE,TESTING_PIVOT,NORMAL,56,16,-29.670329670328382,50,NEUTRAL,False,70,[],0,0,NEUTRAL,BULLISH,40,True,BEAR_TRAP,50,True,False,False,70,False,0,100,DOWN,NONE,NONE,0,True,75,55,45,80,False,True,NEUTRAL,70,False,0.0,NONE,False,NONE,False,False,0,False,60,22.55489021956109,11.551020408163732,55.00000000000001,29,POOR,False,75,65,-0.05238875993559134,4,100.0,True,RANDOM,70,44.202081632624754,7.6960383635894,False,NONE,False,False,False,100,True,70,DOWN,100,IMPULSIVE,HIGH,DOWN,100,-0.1548,IMPULSIVE,90,30,95,NORMAL,NONE,60,30,70,HIGH,73,40,60,-0.3,False,80,0.4343213728549142,65.19999999999999,RANGING,90,False,NONE,1.328085,1.329048,1.328702,FAR,30,50,85,NONE,DOWN,DOWN,66,DOWN,DOWN,NONE,False,"['M1', 'M5', 'M15']",66,66,SIDEWAY_RANGE,SIDEWAY_RANGE,50,60,True,28,Price ranging between clear levels. Suitable for mean-reversion strategies.,1.0,0.5,False,False,False,False,0.3,0.3,True,False,False,22,True,[],0,NO,SIDEWAY_RANGE,Price ranging between clear levels. Suitable for mean-reversion strategies.,HIGH,NONE_OTC,0.094,[],True,Passed basic checks,0,66,50,MEDIUM,5,WAIT,รอการวิเคราะห์จาก AI
2026-06-30 20:35:00,1.328385,1.328895,1.328355,1.328825,1.0,GBPUSD-OTC,BEARISH,1.32894,1.329275,1.330182,1.332346,1.337667,1.349979,BEARISH,1.331832,1.32773,0.004101,0.009615,49.93,43.99,-0.001252,-0.001299,4.7e-05,33.44,23.48,0.001293,63.82,-0.28,0.001273,0.001252,21.38,18.34,24.89,15.14,-0.1044,1.0,1.0,1.0,False,-0.000233,-0.000109,-0.000204,1.329138,1.329922,1.330318,1.328742,1.327958,20,4.08,1.328085,1.330665,NO_VOLUME_DATA,1.328258,1.328178,1.328443,1.329124,63.95,52.27,-0.000387,-0.00046,61.68,43.58,0.000559,1.329901,1.327019,1.328692,1.329028,1.328488,1.0,1.0,1.328825,1.328895,1.328355,1.328385,LONDON,304903,LOW,1.328825,1.328895,1.328355,1.328385,LONDON,304903,LOW,NONE,BULLISH,BULLISH,WEAK,AT_PIVOT,LOW_WICK,NEUTRAL,CHAOTIC,TRUE,TESTING_PIVOT,NORMAL,56,16,-25.960717335608358,50,NEUTRAL,False,70,[],0,0,NEUTRAL,BULLISH,40,True,BEAR_TRAP,50,True,False,False,70,False,0,100,DOWN,NONE,NONE,0,True,75,55,45,80,False,True,NEUTRAL,70,False,0.0,NONE,False,NONE,False,False,0,False,60,17.324840764330098,8.591885441527227,55.00000000000001,26,POOR,False,75,65,-0.027725719232994935,4,100.0,True,RANDOM,70,45.93049091370655,5.245694945015694,False,NONE,False,False,False,100,True,70,DOWN,100,IMPULSIVE,HIGH,DOWN,100,-0.1044,IMPULSIVE,85,30,85,NORMAL,NONE,60,30,70,HIGH,73,40,60,-0.28,False,80,0.42652106084243363,64.94399999999999,RANGING,90,False,NONE,1.328085,1.329922,1.329138,FAR,30,50,85,NONE,DOWN,DOWN,66,DOWN,DOWN,NONE,False,"['M1', 'M5', 'M15']",66,66,SIDEWAY_RANGE,SIDEWAY_RANGE,50,60,True,27,Price ranging between clear levels. Suitable for mean-reversion strategies.,1.0,0.5,False,False,False,False,0.3,0.3,True,False,False,22,True,[],0,NO,SIDEWAY_RANGE,Price ranging between clear levels. Suitable for mean-reversion strategies.,HIGH,NONE_OTC,0.097,[],True,Passed basic checks,0,66,50,MEDIUM,5,WAIT,รอการวิเคราะห์จาก AI
2026-06-30 20:36:00,1.328385,1.328895,1.328355,1.328825,1.0,GBPUSD-OTC,BEARISH,1.32894,1.329275,1.330182,1.332346,1.337667,1.349979,BEARISH,1.331832,1.32773,0.004101,0.009615,49.93,43.99,-0.001252,-0.001299,4.7e-05,33.44,23.48,0.001293,63.82,-0.28,0.001273,0.001252,21.38,18.34,24.89,15.14,-0.1044,1.0,1.0,1.0,False,-0.000233,-0.000109,-0.000204,1.329138,1.329922,1.330318,1.328742,1.327958,20,4.08,1.328085,1.330665,NO_VOLUME_DATA,1.328258,1.328178,1.328443,1.329124,63.95,52.27,-0.000387,-0.00046,61.68,43.58,0.000559,1.329901,1.327019,1.328692,1.329028,1.328488,1.0,1.0,1.328825,1.328895,1.328355,1.328385,LONDON,364353,LOW,1.328825,1.328895,1.328355,1.328385,LONDON,364353,LOW,NONE,BULLISH,BULLISH,WEAK,AT_PIVOT,LOW_WICK,NEUTRAL,CHAOTIC,TRUE,TESTING_PIVOT,NORMAL,56,16,-25.960717335608358,50,NEUTRAL,False,70,[],0,0,NEUTRAL,BULLISH,40,True,BEAR_TRAP,50,True,False,False,70,False,0,100,DOWN,NONE,NONE,0,True,75,55,45,80,False,True,NEUTRAL,70,False,0.0,NONE,False,NONE,False,False,0,False,60,17.324840764330098,8.591885441527227,55.00000000000001,26,POOR,False,75,65,-0.027725719232994935,4,100.0,True,RANDOM,70,45.93049091370655,5.245694945015694,False,NONE,False,False,False,100,True,70,DOWN,100,IMPULSIVE,HIGH,DOWN,100,-0.1044,IMPULSIVE,85,30,85,NORMAL,NONE,60,30,70,HIGH,73,40,60,-0.28,False,80,0.42652106084243363,64.94399999999999,RANGING,90,False,NONE,1.328085,1.329922,1.329138,FAR,30,50,85,NONE,DOWN,DOWN,66,DOWN,DOWN,NONE,False,"['M1', 'M5', 'M15']",66,66,ACCUMULATION,ACCUMULATION,50,65,True,27,"Smart money accumulation. Bullish bias, look for breakout.",1.0,0.5,False,False,False,False,0.3,0.3,True,False,False,22,True,[],0,NO,ACCUMULATION,"Smart money accumulation. Bullish bias, look for breakout.",HIGH,NONE_OTC,0.097,[],True,Passed basic checks,0,66,50,MEDIUM,5,WAIT,รอการวิเคราะห์จาก AI
2026-06-30 20:37:00,1.328385,1.328895,1.328355,1.328825,1.0,GBPUSD-OTC,BEARISH,1.32894,1.329275,1.330182,1.332346,1.337667,1.349979,BEARISH,1.331832,1.32773,0.004101,0.009615,49.93,43.99,-0.001252,-0.001299,4.7e-05,33.44,23.48,0.001293,63.82,-0.28,0.001273,0.001252,21.38,18.34,24.89,15.14,-0.1044,1.0,1.0,1.0,False,-0.000233,-0.000109,-0.000204,1.329138,1.329922,1.330318,1.328742,1.327958,20,4.08,1.328085,1.330665,NO_VOLUME_DATA,1.328258,1.328178,1.328443,1.329124,63.95,52.27,-0.000387,-0.00046,61.68,43.58,0.000559,1.329901,1.327019,1.328692,1.329028,1.328488,1.0,1.0,1.328825,1.328895,1.328355,1.328385,LONDON,423975,LOW,1.328825,1.328895,1.328355,1.328385,LONDON,423975,LOW,NONE,BULLISH,BULLISH,WEAK,AT_PIVOT,LOW_WICK,NEUTRAL,CHAOTIC,TRUE,TESTING_PIVOT,NORMAL,56,16,-25.960717335608358,50,NEUTRAL,False,70,[],0,0,NEUTRAL,BULLISH,40,True,BEAR_TRAP,50,True,False,False,70,False,0,100,DOWN,NONE,NONE,0,True,75,55,45,80,False,True,NEUTRAL,70,False,0.0,NONE,False,NONE,False,False,0,False,60,17.324840764330098,8.591885441527227,55.00000000000001,26,POOR,False,75,65,-0.027725719232994935,4,100.0,True,RANDOM,70,45.93049091370655,5.245694945015694,False,NONE,False,False,False,100,True,70,DOWN,100,IMPULSIVE,HIGH,DOWN,100,-0.1044,IMPULSIVE,85,30,85,NORMAL,NONE,60,30,70,HIGH,73,40,60,-0.28,False,80,0.42652106084243363,64.94399999999999,RANGING,90,False,NONE,1.328085,1.329922,1.329138,FAR,30,50,85,NONE,DOWN,DOWN,66,DOWN,DOWN,NONE,False,"['M1', 'M5', 'M15']",66,66,TRENDING_STRONG,TRENDING_STRONG,50,75,True,27,Strong directional trend with high momentum. Favorable for trend-following strategies.,1.0,0.5,False,False,False,False,0.3,0.3,True,False,False,22,True,[],0,NO,TRENDING_STRONG,Strong directional trend with high momentum. Favorable for trend-following strategies.,HIGH,NONE_OTC,0.097,[],True,Passed basic checks,0,66,50,MEDIUM,5,WAIT,รอการวิเคราะห์จาก AI
2026-06-30 20:38:00,1.328385,1.328895,1.328355,1.328825,1.0,GBPUSD-OTC,BEARISH,1.32894,1.329275,1.330182,1.332346,1.337667,1.349979,BEARISH,1.331832,1.32773,0.004101,0.009615,49.93,43.99,-0.001252,-0.001299,4.7e-05,33.44,23.48,0.001293,63.82,-0.28,0.001273,0.001252,21.38,18.34,24.89,15.14,-0.1044,1.0,1.0,1.0,False,-0.000233,-0.000109,-0.000204,1.329138,1.329922,1.330318,1.328742,1.327958,20,4.08,1.328085,1.330665,NO_VOLUME_DATA,1.328258,1.328178,1.328443,1.329124,63.95,52.27,-0.000387,-0.00046,61.68,43.58,0.000559,1.329901,1.327019,1.328692,1.329028,1.328488,1.0,1.0,1.328825,1.328895,1.328355,1.328385,LONDON,484410,LOW,1.328825,1.328895,1.328355,1.328385,LONDON,484410,LOW,NONE,BULLISH,BULLISH,WEAK,AT_PIVOT,LOW_WICK,NEUTRAL,CHAOTIC,TRUE,TESTING_PIVOT,NORMAL,56,16,-25.960717335608358,50,NEUTRAL,False,70,[],0,0,NEUTRAL,BULLISH,40,True,BEAR_TRAP,50,True,False,False,70,False,0,100,DOWN,NONE,NONE,0,True,75,55,45,80,False,True,NEUTRAL,70,False,0.0,NONE,False,NONE,False,False,0,False,60,17.324840764330098,8.591885441527227,55.00000000000001,26,POOR,False,75,65,-0.027725719232994935,4,100.0,True,RANDOM,70,45.93049091370655,5.245694945015694,False,NONE,False,False,False,100,True,70,DOWN,100,IMPULSIVE,HIGH,DOWN,100,-0.1044,IMPULSIVE,85,30,85,NORMAL,NONE,60,30,70,HIGH,73,40,60,-0.28,False,80,0.42652106084243363,64.94399999999999,RANGING,90,False,NONE,1.328085,1.329922,1.329138,FAR,30,50,85,NONE,DOWN,DOWN,66,DOWN,DOWN,NONE,False,"['M1', 'M5', 'M15']",66,66,TRENDING_STRONG,TRENDING_STRONG,50,75,True,27,Strong directional trend with high momentum. Favorable for trend-following strategies.,1.0,0.5,False,False,False,False,0.3,0.3,True,False,False,22,True,[],0,NO,TRENDING_STRONG,Strong directional trend with high momentum. Favorable for trend-following strategies.,HIGH,NONE_OTC,0.097,[],True,Passed basic checks,0,66,50,MEDIUM,5,WAIT,รอการวิเคราะห์จาก AI
2026-06-30 20:39:00,1.328385,1.328895,1.328355,1.328825,1.0,GBPUSD-OTC,BEARISH,1.32894,1.329275,1.330182,1.332346,1.337667,1.349979,BEARISH,1.331832,1.32773,0.004101,0.009615,49.93,43.99,-0.001252,-0.001299,4.7e-05,33.44,23.48,0.001293,63.82,-0.28,0.001273,0.001252,21.38,18.34,24.89,15.14,-0.1044,1.0,1.0,1.0,False,-0.000233,-0.000109,-0.000204,1.329138,1.329922,1.330318,1.328742,1.327958,20,4.08,1.328085,1.330665,NO_VOLUME_DATA,1.328258,1.328178,1.328443,1.329125,63.95,52.27,-0.000387,-0.00046,61.68,43.58,0.000559,1.329901,1.327019,1.328692,1.329028,1.328488,1.0,1.0,1.328825,1.328895,1.328355,1.328385,LONDON,543888,LOW,1.328825,1.328895,1.328355,1.328385,LONDON,543888,LOW,NONE,BULLISH,BULLISH,WEAK,AT_PIVOT,LOW_WICK,NEUTRAL,CHAOTIC,TRUE,TESTING_PIVOT,NORMAL,56,16,-25.960717335608358,50,NEUTRAL,False,70,[],0,0,NEUTRAL,BULLISH,40,True,BEAR_TRAP,50,True,False,False,70,False,0,100,DOWN,NONE,NONE,0,True,75,55,45,80,False,True,NEUTRAL,70,False,0.0,NONE,False,NONE,False,False,0,False,60,17.324840764330098,8.591885441527227,55.00000000000001,26,POOR,False,75,65,-0.027725719232994935,4,100.0,True,RANDOM,70,45.93049091370655,5.245694945015694,False,NONE,False,False,False,100,True,70,DOWN,100,IMPULSIVE,HIGH,DOWN,100,-0.1044,IMPULSIVE,85,30,85,NORMAL,NONE,60,30,70,HIGH,73,40,60,-0.28,False,80,0.42652106084243363,64.94399999999999,RANGING,90,False,NONE,1.328085,1.329922,1.329138,FAR,30,50,85,NONE,DOWN,DOWN,66,DOWN,DOWN,NONE,False,"['M1', 'M5', 'M15']",66,66,TRENDING_STRONG,TRENDING_STRONG,50,75,True,27,Strong directional trend with high momentum. Favorable for trend-following strategies.,1.0,0.5,False,False,False,False,0.3,0.3,True,False,False,22,True,[],0,NO,TRENDING_STRONG,Strong directional trend with high momentum. Favorable for trend-following strategies.,HIGH,NONE_OTC,0.097,[],True,Passed basic checks,0,66,50,MEDIUM,5,WAIT,รอการวิเคราะห์จาก AI
2026-06-30 20:40:00,1.329515,1.329585,1.328675,1.328765,1.0,GBPUSD-OTC,BEARISH,1.329045,1.329271,1.330093,1.332224,1.337475,1.349587,BEARISH,1.331524,1.327795,0.003729,0.008639,47.46,42.87,-0.001175,-0.001274,0.0001,51.68,34.42,0.001266,57.79,-0.33,0.001275,0.00125,20.88,17.67,23.6,14.35,-0.0278,1.0,1.0,1.0,False,-0.000142,-8.6e-05,-0.000203,1.329168,1.329672,1.330088,1.328752,1.328248,20,3.73,1.327005,1.330665,NO_VOLUME_DATA,1.328935,1.328724,1.328677,1.329108,52.23,50.12,-5.9e-05,-0.000245,84.95,85.33,0.000579,1.329681,1.3271,1.329008,1.329342,1.328432,1.0,1.0,1.328765,1.329585,1.328675,1.329515,LONDON,305602,LOW,1.328765,1.329585,1.328675,1.329515,LONDON,305602,LOW,HAMMER,BEARISH,BEARISH,WEAK,AT_PIVOT,LOW_WICK,NEUTRAL,CHAOTIC,TRUE,TESTING_PIVOT,NORMAL,57,13,-26.827207435569196,50,NEUTRAL,False,70,['HAMMER'],1,20,BULLISH,BEARISH,60,True,BEAR_TRAP,75,True,False,True,70,False,0,100,DOWN,NONE,DOWN,0,True,75,55,45,80,False,True,NEUTRAL,70,False,0.0,NONE,False,NONE,False,False,0,False,60,15.768981181050675,4.87128712871229,55.00000000000001,25,POOR,False,75,65,-0.016521638849575682,4,100.0,True,RANDOM,70,46.7542265651996,4.536773699274396,False,NONE,False,False,False,100,True,70,DOWN,100,CHOPPY,HIGH,DOWN,100,-0.0278,CHOPPY,75,30,75,NORMAL,NONE,60,30,70,HIGH,73,40,60,-0.33,False,80,0.4316471813867345,69.768,RANGING,90,False,NONE,1.327005,1.329672,1.329168,FAR,30,50,85,NONE,DOWN,DOWN,66,DOWN,DOWN,NONE,False,"['M1', 'M5', 'M15']",66,66,BREAKOUT_EMERGING,BREAKOUT_EMERGING,50,70,True,27,"Volatility expansion after compression. Potential breakout opportunity. (breakout prob: 30%, reversal prob: 50%)",1.0,0.5,False,False,False,False,0.3,0.3,True,False,False,18,True,[],0,NO,BREAKOUT_EMERGING,"Volatility expansion after compression. Potential breakout opportunity. (breakout prob: 30%, reversal prob: 50%)",HIGH,NONE_OTC,0.095,[],True,Passed basic checks,0,66,50,MEDIUM,5,WAIT,รอการวิเคราะห์จาก AI
2026-06-30 20:41:00,1.329515,1.329585,1.328675,1.328765,1.0,GBPUSD-OTC,BEARISH,1.329045,1.329271,1.330093,1.332224,1.337475,1.349587,BEARISH,1.331524,1.327795,0.003729,0.008639,47.46,42.87,-0.001175,-0.001274,0.0001,51.68,34.42,0.001266,57.79,-0.33,0.001275,0.00125,20.88,17.67,23.6,14.35,-0.0278,1.0,1.0,1.0,False,-0.000142,-8.6e-05,-0.000203,1.329168,1.329672,1.330088,1.328752,1.328248,20,3.73,1.327005,1.330665,NO_VOLUME_DATA,1.328935,1.328724,1.328677,1.329108,52.23,50.12,-5.9e-05,-0.000245,84.95,85.33,0.000579,1.329681,1.3271,1.329008,1.329342,1.328432,1.0,1.0,1.328765,1.329585,1.328675,1.329515,LONDON,363961,LOW,1.328765,1.329585,1.328675,1.329515,LONDON,363961,LOW,HAMMER,BEARISH,BEARISH,WEAK,AT_PIVOT,LOW_WICK,NEUTRAL,CHAOTIC,TRUE,TESTING_PIVOT,NORMAL,57,13,-26.827207435569196,50,NEUTRAL,False,70,['HAMMER'],1,20,BULLISH,BEARISH,60,True,BEAR_TRAP,75,True,False,True,70,False,0,100,DOWN,NONE,DOWN,0,True,75,55,45,80,False,True,NEUTRAL,70,False,0.0,NONE,False,NONE,False,False,0,False,60,15.768981181050675,4.87128712871229,55.00000000000001,25,POOR,False,75,65,-0.016521638849575682,4,100.0,True,RANDOM,70,46.7542265651996,4.536773699274396,False,NONE,False,False,False,100,True,70,DOWN,100,CHOPPY,HIGH,DOWN,100,-0.0278,CHOPPY,75,30,75,NORMAL,NONE,60,30,70,HIGH,73,40,60,-0.33,False,80,0.4316471813867345,69.768,RANGING,90,False,NONE,1.327005,1.329672,1.329168,FAR,30,50,85,NONE,DOWN,DOWN,66,DOWN,DOWN,NONE,False,"['M1', 'M5', 'M15']",66,66,BREAKOUT_EMERGING,BREAKOUT_EMERGING,50,70,True,27,"Volatility expansion after compression. Potential breakout opportunity. (breakout prob: 30%, reversal prob: 50%)",1.0,0.5,False,False,False,False,0.3,0.3,True,False,False,18,True,[],0,NO,BREAKOUT_EMERGING,"Volatility expansion after compression. Potential breakout opportunity. (breakout prob: 30%, reversal prob: 50%)",HIGH,NONE_OTC,0.095,[],True,Passed basic checks,0,66,50,MEDIUM,5,WAIT,รอการวิเคราะห์จาก AI
2026-06-30 20:42:00,1.329515,1.329585,1.328675,1.328765,1.0,GBPUSD-OTC,BEARISH,1.329045,1.329271,1.330093,1.332224,1.337475,1.349587,BEARISH,1.331524,1.327795,0.003729,0.008639,47.46,42.87,-0.001175,-0.001274,0.0001,51.68,34.42,0.001266,57.79,-0.33,0.001275,0.00125,20.88,17.67,23.6,14.35,-0.0278,1.0,1.0,1.0,False,-0.000142,-8.6e-05,-0.000203,1.329168,1.329672,1.330088,1.328752,1.328248,20,3.73,1.327005,1.330665,NO_VOLUME_DATA,1.328935,1.328724,1.328677,1.329109,52.23,50.12,-5.9e-05,-0.000245,84.95,85.33,0.000579,1.329681,1.3271,1.329008,1.329342,1.328432,1.0,1.0,1.328765,1.329585,1.328675,1.329515,LONDON,424088,LOW,1.328765,1.329585,1.328675,1.329515,LONDON,424088,LOW,HAMMER,BEARISH,BEARISH,WEAK,AT_PIVOT,LOW_WICK,NEUTRAL,CHAOTIC,TRUE,TESTING_PIVOT,NORMAL,57,13,-26.827207435569196,50,NEUTRAL,False,70,['HAMMER'],1,20,BULLISH,BEARISH,60,True,BEAR_TRAP,75,True,False,True,70,False,0,100,DOWN,NONE,DOWN,0,True,75,55,45,80,False,True,NEUTRAL,70,False,0.0,NONE,False,NONE,False,False,0,False,60,15.768981181050675,4.87128712871229,55.00000000000001,25,POOR,False,75,65,-0.016521638849575682,4,100.0,True,RANDOM,70,46.7542265651996,4.536773699274396,False,NONE,False,False,False,100,True,70,DOWN,100,CHOPPY,HIGH,DOWN,100,-0.0278,CHOPPY,75,30,75,NORMAL,NONE,60,30,70,HIGH,73,40,60,-0.33,False,80,0.4316471813867345,69.768,RANGING,90,False,NONE,1.327005,1.329672,1.329168,FAR,30,50,85,NONE,DOWN,DOWN,66,DOWN,DOWN,NONE,False,"['M1', 'M5', 'M15']",66,66,BREAKOUT_EMERGING,BREAKOUT_EMERGING,50,70,True,27,"Volatility expansion after compression. Potential breakout opportunity. (breakout prob: 30%, reversal prob: 50%)",1.0,0.5,False,False,False,False,0.3,0.3,True,False,False,18,True,[],0,NO,BREAKOUT_EMERGING,"Volatility expansion after compression. Potential breakout opportunity. (breakout prob: 30%, reversal prob: 50%)",HIGH,NONE_OTC,0.095,[],True,Passed basic checks,0,66,50,MEDIUM,5,WAIT,รอการวิเคราะห์จาก AI
2026-06-30 20:43:00,1.329515,1.329585,1.328675,1.328765,1.0,GBPUSD-OTC,BEARISH,1.329045,1.329271,1.330093,1.332224,1.337475,1.349587,BEARISH,1.331524,1.327795,0.003729,0.008639,47.46,42.87,-0.001175,-0.001274,0.0001,51.68,34.42,0.001266,57.79,-0.33,0.001275,0.00125,20.88,17.67,23.6,14.35,-0.0278,1.0,1.0,1.0,False,-0.000142,-8.6e-05,-0.000203,1.329168,1.329672,1.330088,1.328752,1.328248,20,3.73,1.327005,1.330665,NO_VOLUME_DATA,1.328935,1.328724,1.328677,1.329109,52.23,50.12,-5.9e-05,-0.000245,84.95,85.33,0.000579,1.329681,1.3271,1.329008,1.329342,1.328432,1.0,1.0,1.328765,1.329585,1.328675,1.329515,LONDON,484383,LOW,1.328765,1.329585,1.328675,1.329515,LONDON,484383,LOW,HAMMER,BEARISH,BEARISH,WEAK,AT_PIVOT,LOW_WICK,NEUTRAL,CHAOTIC,TRUE,TESTING_PIVOT,NORMAL,57,13,-26.827207435569196,50,NEUTRAL,False,70,['HAMMER'],1,20,BULLISH,BEARISH,60,True,BEAR_TRAP,75,True,False,True,70,False,0,100,DOWN,NONE,DOWN,0,True,75,55,45,80,False,True,NEUTRAL,70,False,0.0,NONE,False,NONE,False,False,0,False,60,15.768981181050675,4.87128712871229,55.00000000000001,25,POOR,False,75,65,-0.016521638849575682,4,100.0,True,RANDOM,70,46.7542265651996,4.536773699274396,False,NONE,False,False,False,100,True,70,DOWN,100,CHOPPY,HIGH,DOWN,100,-0.0278,CHOPPY,75,30,75,NORMAL,NONE,60,30,70,HIGH,73,40,60,-0.33,False,80,0.4316471813867345,69.768,RANGING,90,False,NONE,1.327005,1.329672,1.329168,FAR,30,50,85,NONE,DOWN,DOWN,66,DOWN,DOWN,NONE,False,"['M1', 'M5', 'M15']",66,66,BREAKOUT_EMERGING,BREAKOUT_EMERGING,50,70,True,27,"Volatility expansion after compression. Potential breakout opportunity. (breakout prob: 30%, reversal prob: 50%)",1.0,0.5,False,False,False,False,0.3,0.3,True,False,False,18,True,[],0,NO,BREAKOUT_EMERGING,"Volatility expansion after compression. Potential breakout opportunity. (breakout prob: 30%, reversal prob: 50%)",HIGH,NONE_OTC,0.095,[],True,Passed basic checks,0,66,50,MEDIUM,5,WAIT,รอการวิเคราะห์จาก AI
2026-06-30 20:44:00,1.329515,1.329585,1.328675,1.328765,1.0,GBPUSD-OTC,BEARISH,1.329045,1.329271,1.330093,1.332224,1.337475,1.349587,BEARISH,1.331524,1.327795,0.003729,0.008639,47.46,42.87,-0.001175,-0.001274,0.0001,51.68,34.42,0.001266,57.79,-0.33,0.001275,0.00125,20.88,17.67,23.6,14.35,-0.0278,1.0,1.0,1.0,False,-0.000142,-8.6e-05,-0.000203,1.329168,1.329672,1.330088,1.328752,1.328248,20,3.73,1.327005,1.330665,NO_VOLUME_DATA,1.328935,1.328724,1.328677,1.329108,52.23,50.12,-5.9e-05,-0.000245,84.95,85.33,0.000579,1.329681,1.3271,1.329008,1.329342,1.328432,1.0,1.0,1.328765,1.329585,1.328675,1.329515,LONDON,543905,LOW,1.328765,1.329585,1.328675,1.329515,LONDON,543905,LOW,HAMMER,BEARISH,BEARISH,WEAK,AT_PIVOT,LOW_WICK,NEUTRAL,CHAOTIC,TRUE,TESTING_PIVOT,NORMAL,57,13,-26.827207435569196,50,NEUTRAL,False,70,['HAMMER'],1,20,BULLISH,BEARISH,60,True,BEAR_TRAP,75,True,False,True,70,False,0,100,DOWN,NONE,DOWN,0,True,75,55,45,80,False,True,NEUTRAL,70,False,0.0,NONE,False,NONE,False,False,0,False,60,15.768981181050675,4.87128712871229,55.00000000000001,25,POOR,False,75,65,-0.016521638849575682,4,100.0,True,RANDOM,70,46.7542265651996,4.536773699274396,False,NONE,False,False,False,100,True,70,DOWN,100,CHOPPY,HIGH,DOWN,100,-0.0278,CHOPPY,75,30,75,NORMAL,NONE,60,30,70,HIGH,73,40,60,-0.33,False,80,0.4316471813867345,69.768,RANGING,90,False,NONE,1.327005,1.329672,1.329168,FAR,30,50,85,NONE,DOWN,DOWN,66,DOWN,DOWN,NONE,False,"['M1', 'M5', 'M15']",66,66,BREAKOUT_EMERGING,BREAKOUT_EMERGING,50,70,True,27,"Volatility expansion after compression. Potential breakout opportunity. (breakout prob: 30%, reversal prob: 50%)",1.0,0.5,False,False,False,False,0.3,0.3,True,False,False,18,True,[],0,NO,BREAKOUT_EMERGING,"Volatility expansion after compression. Potential breakout opportunity. (breakout prob: 30%, reversal prob: 50%)",HIGH,NONE_OTC,0.095,[],True,Passed basic checks,0,66,50,MEDIUM,5,WAIT,รอการวิเคราะห์จาก AI
2026-06-30 20:45:00,1.329235,1.329235,1.328915,1.329125,1.0,GBPUSD-OTC,BEARISH,1.328898,1.32915,1.329952,1.332082,1.337304,1.349415,BEARISH,1.331444,1.327687,0.003756,0.007742,41.67,40.23,-0.001152,-0.00125,9.8e-05,53.62,46.25,0.001247,63.32,-0.26,0.001274,0.001249,20.76,16.67,24.55,19.12,-0.0767,1.0,1.0,1.0,False,-0.000152,-8.8e-05,-0.000204,1.328702,1.329138,1.329672,1.328168,1.327732,20,3.72,1.327005,1.330665,NO_VOLUME_DATA,1.3291,1.328976,1.328852,1.329111,55.96,53.21,6.8e-05,-5.4e-05,80.75,80.66,0.00054,1.329927,1.327083,1.329092,1.329268,1.328948,1.0,1.0,1.329125,1.329235,1.328915,1.329235,LONDON,306022,LOW,1.329125,1.329235,1.328915,1.329235,LONDON,306022,LOW,EVENING_STAR,BEARISH,BEARISH,WEAK,AT_PIVOT,LOW_WICK,NEUTRAL,CHAOTIC,NONE,TESTING_PIVOT,NORMAL,57,13,-25.919589392639587,50,NEUTRAL,False,70,['EVENING_STAR'],1,20,BEARISH,BEARISH,60,False,NONE,0,False,False,False,60,False,0,100,DOWN,NONE,DOWN,0,True,75,55,45,80,False,True,NEUTRAL,70,False,0.0,NONE,False,NONE,False,False,0,False,60,12.651413189770322,9.815705128205519,55.00000000000001,25,POOR,False,75,65,-0.01430924787674112,4,100.0,True,RANDOM,70,47.48542433159385,4.387026659117989,False,NONE,False,False,False,100,True,70,DOWN,100,CHOPPY,HIGH,DOWN,100,-0.0767,CHOPPY,75,30,75,NORMAL,NONE,60,30,70,HIGH,73,40,60,-0.26,False,80,0.485145957117024,65.344,RANGING,90,False,NONE,1.327005,1.329138,1.328702,FAR,30,50,85,NONE,DOWN,DOWN,66,DOWN,DOWN,NONE,False,"['M1', 'M5', 'M15']",66,66,ACCUMULATION,ACCUMULATION,50,65,True,27,"Smart money accumulation. Bullish bias, look for breakout.",1.0,0.5,False,False,False,False,0.3,0.3,True,False,False,22,True,[],0,NO,ACCUMULATION,"Smart money accumulation. Bullish bias, look for breakout.",HIGH,NONE_OTC,0.094,[],True,Passed basic checks,0,66,50,MEDIUM,5,WAIT,รอการวิเคราะห์จาก AI
2026-06-30 20:46:00,1.329235,1.329235,1.328915,1.329125,1.0,GBPUSD-OTC,BEARISH,1.328898,1.32915,1.329952,1.332082,1.337304,1.349415,BEARISH,1.331444,1.327687,0.003756,0.007742,41.67,40.23,-0.001152,-0.00125,9.8e-05,53.62,46.25,0.001247,63.32,-0.26,0.001274,0.001249,20.76,16.67,24.55,19.12,-0.0767,1.0,1.0,1.0,False,-0.000152,-8.8e-05,-0.000204,1.328702,1.329138,1.329672,1.328168,1.327732,20,3.72,1.327005,1.330665,NO_VOLUME_DATA,1.3291,1.328976,1.328852,1.329111,55.96,53.21,6.8e-05,-5.4e-05,80.75,80.66,0.00054,1.329927,1.327083,1.329092,1.329268,1.328948,1.0,1.0,1.329125,1.329235,1.328915,1.329235,LONDON,364336,LOW,1.329125,1.329235,1.328915,1.329235,LONDON,364336,LOW,EVENING_STAR,BEARISH,BEARISH,WEAK,AT_PIVOT,LOW_WICK,NEUTRAL,CHAOTIC,NONE,TESTING_PIVOT,NORMAL,57,13,-25.919589392639587,50,NEUTRAL,False,70,['EVENING_STAR'],1,20,BEARISH,BEARISH,60,False,NONE,0,False,False,False,60,False,0,100,DOWN,NONE,DOWN,0,True,75,55,45,80,False,True,NEUTRAL,70,False,0.0,NONE,False,NONE,False,False,0,False,60,12.651413189770322,9.815705128205519,55.00000000000001,25,POOR,False,75,65,-0.01430924787674112,4,100.0,True,RANDOM,70,47.48542433159385,4.387026659117989,False,NONE,False,False,False,100,True,70,DOWN,100,CHOPPY,HIGH,DOWN,100,-0.0767,CHOPPY,75,30,75,NORMAL,NONE,60,30,70,HIGH,73,40,60,-0.26,False,80,0.485145957117024,65.344,RANGING,90,False,NONE,1.327005,1.329138,1.328702,FAR,30,50,85,NONE,DOWN,DOWN,66,DOWN,DOWN,NONE,False,"['M1', 'M5', 'M15']",66,66,TRENDING_STRONG,TRENDING_STRONG,50,75,True,27,Strong directional trend with high momentum. Favorable for trend-following strategies.,1.0,0.5,False,False,False,False,0.3,0.3,True,False,False,22,True,[],0,NO,TRENDING_STRONG,Strong directional trend with high momentum. Favorable for trend-following strategies.,HIGH,NONE_OTC,0.094,[],True,Passed basic checks,0,66,50,MEDIUM,5,WAIT,รอการวิเคราะห์จาก AI
2026-06-30 20:47:00,1.329235,1.329235,1.328915,1.329125,1.0,GBPUSD-OTC,BEARISH,1.328898,1.32915,1.329952,1.332082,1.337304,1.349415,BEARISH,1.331444,1.327687,0.003756,0.007742,41.67,40.23,-0.001152,-0.00125,9.8e-05,53.62,46.25,0.001247,63.32,-0.26,0.001274,0.001249,20.76,16.67,24.55,19.12,-0.0767,1.0,1.0,1.0,False,-0.000152,-8.8e-05,-0.000204,1.328702,1.329138,1.329672,1.328168,1.327732,20,3.72,1.327005,1.330665,NO_VOLUME_DATA,1.3291,1.328976,1.328852,1.329111,55.96,53.21,6.8e-05,-5.4e-05,80.75,80.66,0.00054,1.329927,1.327083,1.329092,1.329268,1.328948,1.0,1.0,1.329125,1.329235,1.328915,1.329235,LONDON,423817,LOW,1.329125,1.329235,1.328915,1.329235,LONDON,423817,LOW,EVENING_STAR,BEARISH,BEARISH,WEAK,AT_PIVOT,LOW_WICK,NEUTRAL,CHAOTIC,NONE,TESTING_PIVOT,NORMAL,57,13,-25.919589392639587,50,NEUTRAL,False,70,['EVENING_STAR'],1,20,BEARISH,BEARISH,60,False,NONE,0,False,False,False,60,False,0,100,DOWN,NONE,DOWN,0,True,75,55,45,80,False,True,NEUTRAL,70,False,0.0,NONE,False,NONE,False,False,0,False,60,12.651413189770322,9.815705128205519,55.00000000000001,25,POOR,False,75,65,-0.01430924787674112,4,100.0,True,RANDOM,70,47.48542433159385,4.387026659117989,False,NONE,False,False,False,100,True,70,DOWN,100,CHOPPY,HIGH,DOWN,100,-0.0767,CHOPPY,75,30,75,NORMAL,NONE,60,30,70,HIGH,73,40,60,-0.26,False,80,0.485145957117024,65.344,RANGING,90,False,NONE,1.327005,1.329138,1.328702,FAR,30,50,85,NONE,DOWN,DOWN,66,DOWN,DOWN,NONE,False,"['M1', 'M5', 'M15']",66,66,TRENDING_STRONG,TRENDING_STRONG,50,75,True,27,Strong directional trend with high momentum. Favorable for trend-following strategies.,1.0,0.5,False,False,False,False,0.3,0.3,True,False,False,22,True,[],0,NO,TRENDING_STRONG,Strong directional trend with high momentum. Favorable for trend-following strategies.,HIGH,NONE_OTC,0.094,[],True,Passed basic checks,0,66,50,MEDIUM,5,WAIT,รอการวิเคราะห์จาก AI
2026-06-30 20:48:00,1.329235,1.329235,1.328915,1.329125,1.0,GBPUSD-OTC,BEARISH,1.328898,1.32915,1.329952,1.332082,1.337304,1.349415,BEARISH,1.331444,1.327687,0.003756,0.007742,41.67,40.23,-0.001152,-0.00125,9.8e-05,53.62,46.25,0.001247,63.32,-0.26,0.001274,0.001249,20.76,16.67,24.55,19.12,-0.0767,1.0,1.0,1.0,False,-0.000152,-8.8e-05,-0.000204,1.328702,1.329138,1.329672,1.328168,1.327732,20,3.72,1.327005,1.330665,NO_VOLUME_DATA,1.3291,1.328976,1.328852,1.329111,55.96,53.21,6.8e-05,-5.4e-05,80.75,80.66,0.00054,1.329927,1.327083,1.329092,1.329268,1.328948,1.0,1.0,1.329125,1.329235,1.328915,1.329235,LONDON,484389,LOW,1.329125,1.329235,1.328915,1.329235,LONDON,484389,LOW,EVENING_STAR,BEARISH,BEARISH,WEAK,AT_PIVOT,LOW_WICK,NEUTRAL,CHAOTIC,NONE,TESTING_PIVOT,NORMAL,57,13,-25.919589392639587,50,NEUTRAL,False,70,['EVENING_STAR'],1,20,BEARISH,BEARISH,60,False,NONE,0,False,False,False,60,False,0,100,DOWN,NONE,DOWN,0,True,75,55,45,80,False,True,NEUTRAL,70,False,0.0,NONE,False,NONE,False,False,0,False,60,12.651413189770322,9.815705128205519,55.00000000000001,25,POOR,False,75,65,-0.01430924787674112,4,100.0,True,RANDOM,70,47.48542433159385,4.387026659117989,False,NONE,False,False,False,100,True,70,DOWN,100,CHOPPY,HIGH,DOWN,100,-0.0767,CHOPPY,75,30,75,NORMAL,NONE,60,30,70,HIGH,73,40,60,-0.26,False,80,0.485145957117024,65.344,RANGING,90,False,NONE,1.327005,1.329138,1.328702,FAR,30,50,85,NONE,DOWN,DOWN,66,DOWN,DOWN,NONE,False,"['M1', 'M5', 'M15']",66,66,ACCUMULATION,ACCUMULATION,50,65,True,27,"Smart money accumulation. Bullish bias, look for breakout.",1.0,0.5,False,False,False,False,0.3,0.3,True,False,False,22,True,[],0,NO,ACCUMULATION,"Smart money accumulation. Bullish bias, look for breakout.",HIGH,NONE_OTC,0.094,[],True,Passed basic checks,0,66,50,MEDIUM,5,WAIT,รอการวิเคราะห์จาก AI
2026-06-30 20:49:00,1.329235,1.329235,1.328915,1.329125,1.0,GBPUSD-OTC,BEARISH,1.328898,1.32915,1.329952,1.332082,1.337304,1.349415,BEARISH,1.331444,1.327687,0.003756,0.007742,41.67,40.23,-0.001152,-0.00125,9.8e-05,53.62,46.25,0.001247,63.32,-0.26,0.001274,0.001249,20.76,16.67,24.55,19.12,-0.0767,1.0,1.0,1.0,False,-0.000152,-8.8e-05,-0.000204,1.328702,1.329138,1.329672,1.328168,1.327732,20,3.72,1.327005,1.330665,NO_VOLUME_DATA,1.3291,1.328976,1.328852,1.329111,55.96,53.21,6.8e-05,-5.4e-05,80.75,80.66,0.00054,1.329927,1.327083,1.329092,1.329268,1.328948,1.0,1.0,1.329125,1.329235,1.328915,1.329235,LONDON,543875,LOW,1.329125,1.329235,1.328915,1.329235,LONDON,543875,LOW,EVENING_STAR,BEARISH,BEARISH,WEAK,AT_PIVOT,LOW_WICK,NEUTRAL,CHAOTIC,NONE,TESTING_PIVOT,NORMAL,57,13,-25.919589392639587,50,NEUTRAL,False,70,['EVENING_STAR'],1,20,BEARISH,BEARISH,60,False,NONE,0,False,False,False,60,False,0,100,DOWN,NONE,DOWN,0,True,75,55,45,80,False,True,NEUTRAL,70,False,0.0,NONE,False,NONE,False,False,0,False,60,12.651413189770322,9.815705128205519,55.00000000000001,25,POOR,False,75,65,-0.01430924787674112,4,100.0,True,RANDOM,70,47.48542433159385,4.387026659117989,False,NONE,False,False,False,100,True,70,DOWN,100,CHOPPY,HIGH,DOWN,100,-0.0767,CHOPPY,75,30,75,NORMAL,NONE,60,30,70,HIGH,73,40,60,-0.26,False,80,0.485145957117024,65.344,RANGING,90,False,NONE,1.327005,1.329138,1.328702,FAR,30,50,85,NONE,DOWN,DOWN,66,DOWN,DOWN,NONE,False,"['M1', 'M5', 'M15']",66,66,TRENDING_STRONG,TRENDING_STRONG,50,75,True,27,Strong directional trend with high momentum. Favorable for trend-following strategies.,1.0,0.5,False,False,False,False,0.3,0.3,True,False,False,22,True,[],0,NO,TRENDING_STRONG,Strong directional trend with high momentum. Favorable for trend-following strategies.,HIGH,NONE_OTC,0.094,[],True,Passed basic checks,0,66,50,MEDIUM,5,WAIT,รอการวิเคราะห์จาก AI
2026-06-30 20:50:00,1.328665,1.329025,1.328645,1.328695,1.0,GBPUSD-OTC,BEARISH,1.328837,1.329071,1.329834,1.33195,1.337117,1.34908,BEARISH,1.33123,1.327667,0.003563,0.006943,43.04,40.89,-0.001113,-0.001222,0.00011,46.8,50.7,0.00121,42.21,-0.38,0.001271,0.001249,20.64,15.94,23.48,19.12,-0.1443,1.0,1.0,1.0,False,-0.000143,-7.7e-05,-0.000203,1.328762,1.329108,1.329502,1.328368,1.328022,21,3.83,1.327005,1.329585,NO_VOLUME_DATA,1.328695,1.32876,1.328768,1.329025,47.41,48.5,-2.8e-05,-2.1e-05,24.75,29.02,0.000505,1.329804,1.32761,1.328788,1.328932,1.328552,1.0,1.0,1.328695,1.329025,1.328645,1.328665,LONDON,305723,LOW,1.328695,1.329025,1.328645,1.328665,LONDON,305723,LOW,DOJI,BULLISH,BULLISH,WEAK,AT_PIVOT,LOW_WICK,NEUTRAL,CHAOTIC,NONE,TESTING_PIVOT,NORMAL,57,13,-26.406182911116527,50,NEUTRAL,False,70,['DOJI'],1,20,NEUTRAL,BULLISH,60,False,NONE,0,False,False,False,60,False,0,100,DOWN,NONE,NONE,0,True,75,55,45,80,False,True,NEUTRAL,70,False,0.0,NONE,False,NONE,False,False,0,False,60,16.2500000000001,7.350565428109615,55.00000000000001,26,POOR,False,75,65,-0.018178047902334057,4,100.0,True,RANDOM,70,47.457576083711785,4.112610949472982,False,NONE,False,False,False,100,True,70,DOWN,100,IMPULSIVE,NORMAL,DOWN,100,-0.1443,IMPULSIVE,85,30,85,NORMAL,NONE,60,30,70,NORMAL,58,40,60,-0.38,False,80,0.5131787411781651,82.232,RANGING,90,False,NONE,1.327005,1.329108,1.328762,FAR,30,50,85,DOWN,DOWN,DOWN,100,DOWN,DOWN,DOWN,False,"['M1', 'M5', 'M15']",100,100,TRENDING_STRONG,TRENDING_STRONG,50,75,True,29,Strong directional trend with high momentum. Favorable for trend-following strategies.,1.0,0.5,False,False,False,False,0.3,0.3,True,False,False,18,True,[],0,NO,TRENDING_STRONG,Strong directional trend with high momentum. Favorable for trend-following strategies.,NORMAL,NONE_OTC,0.091,[],True,Passed basic checks,0,100,50,MEDIUM,5,WAIT,รอการวิเคราะห์จาก AI
2026-06-30 20:51:00,1.328665,1.329025,1.328645,1.328695,1.0,GBPUSD-OTC,BEARISH,1.328837,1.329071,1.329834,1.33195,1.337117,1.34908,BEARISH,1.33123,1.327667,0.003563,0.006943,43.04,40.89,-0.001113,-0.001222,0.00011,46.8,50.7,0.00121,42.21,-0.38,0.001271,0.001249,20.64,15.94,23.48,19.12,-0.1443,1.0,1.0,1.0,False,-0.000143,-7.7e-05,-0.000203,1.328762,1.329108,1.329502,1.328368,1.328022,21,3.83,1.327005,1.329585,NO_VOLUME_DATA,1.328695,1.32876,1.328768,1.329025,47.41,48.5,-2.8e-05,-2.1e-05,24.75,29.02,0.000505,1.329804,1.32761,1.328788,1.328932,1.328552,1.0,1.0,1.328695,1.329025,1.328645,1.328665,LONDON,364283,LOW,1.328695,1.329025,1.328645,1.328665,LONDON,364283,LOW,DOJI,BULLISH,BULLISH,WEAK,AT_PIVOT,LOW_WICK,NEUTRAL,CHAOTIC,NONE,TESTING_PIVOT,NORMAL,57,13,-26.406182911116527,50,NEUTRAL,False,70,['DOJI'],1,20,NEUTRAL,BULLISH,60,False,NONE,0,False,False,False,60,False,0,100,DOWN,NONE,NONE,0,True,75,55,45,80,False,True,NEUTRAL,70,False,0.0,NONE,False,NONE,False,False,0,False,60,16.2500000000001,7.350565428109615,55.00000000000001,26,POOR,False,75,65,-0.018178047902334057,4,100.0,True,RANDOM,70,47.457576083711785,4.112610949472982,False,NONE,False,False,False,100,True,70,DOWN,100,IMPULSIVE,NORMAL,DOWN,100,-0.1443,IMPULSIVE,85,30,85,NORMAL,NONE,60,30,70,NORMAL,58,40,60,-0.38,False,80,0.5131787411781651,82.232,RANGING,90,False,NONE,1.327005,1.329108,1.328762,FAR,30,50,85,DOWN,DOWN,DOWN,100,DOWN,DOWN,DOWN,False,"['M1', 'M5', 'M15']",100,100,TRENDING_STRONG,TRENDING_STRONG,50,75,True,29,Strong directional trend with high momentum. Favorable for trend-following strategies.,1.0,0.5,False,False,False,False,0.3,0.3,True,False,False,18,True,[],0,NO,TRENDING_STRONG,Strong directional trend with high momentum. Favorable for trend-following strategies.,NORMAL,NONE_OTC,0.091,[],True,Passed basic checks,0,100,50,MEDIUM,5,WAIT,รอการวิเคราะห์จาก AI
2026-06-30 20:52:00,1.328665,1.329025,1.328645,1.328695,1.0,GBPUSD-OTC,BEARISH,1.328837,1.329071,1.329834,1.33195,1.337117,1.34908,BEARISH,1.33123,1.327667,0.003563,0.006943,43.04,40.89,-0.001113,-0.001222,0.00011,46.8,50.7,0.00121,42.21,-0.38,0.001271,0.001249,20.64,15.94,23.48,19.12,-0.1443,1.0,1.0,1.0,False,-0.000143,-7.7e-05,-0.000203,1.328762,1.329108,1.329502,1.328368,1.328022,21,3.83,1.327005,1.329585,NO_VOLUME_DATA,1.328695,1.32876,1.328768,1.329025,47.41,48.5,-2.8e-05,-2.1e-05,24.75,29.02,0.000505,1.329804,1.32761,1.328788,1.328932,1.328552,1.0,1.0,1.328695,1.329025,1.328645,1.328665,LONDON,423561,LOW,1.328695,1.329025,1.328645,1.328665,LONDON,423561,LOW,DOJI,BULLISH,BULLISH,WEAK,AT_PIVOT,LOW_WICK,NEUTRAL,CHAOTIC,NONE,TESTING_PIVOT,NORMAL,57,13,-26.406182911116527,50,NEUTRAL,False,70,['DOJI'],1,20,NEUTRAL,BULLISH,60,False,NONE,0,False,False,False,60,False,0,100,DOWN,NONE,NONE,0,True,75,55,45,80,False,True,NEUTRAL,70,False,0.0,NONE,False,NONE,False,False,0,False,60,16.2500000000001,7.350565428109615,55.00000000000001,26,POOR,False,75,65,-0.018178047902334057,4,100.0,True,RANDOM,70,47.457576083711785,4.112610949472982,False,NONE,False,False,False,100,True,70,DOWN,100,IMPULSIVE,NORMAL,DOWN,100,-0.1443,IMPULSIVE,85,30,85,NORMAL,NONE,60,30,70,NORMAL,58,40,60,-0.38,False,80,0.5131787411781651,82.232,RANGING,90,False,NONE,1.327005,1.329108,1.328762,FAR,30,50,85,DOWN,DOWN,DOWN,100,DOWN,DOWN,DOWN,False,"['M1', 'M5', 'M15']",100,100,TRENDING_STRONG,TRENDING_STRONG,50,75,True,29,Strong directional trend with high momentum. Favorable for trend-following strategies.,1.0,0.5,False,False,False,False,0.3,0.3,True,False,False,18,True,[],0,NO,TRENDING_STRONG,Strong directional trend with high momentum. Favorable for trend-following strategies.,NORMAL,NONE_OTC,0.091,[],True,Passed basic checks,0,100,50,MEDIUM,5,WAIT,รอการวิเคราะห์จาก AI
2026-06-30 20:53:00,1.328665,1.329025,1.328645,1.328695,1.0,GBPUSD-OTC,BEARISH,1.328837,1.329071,1.329834,1.33195,1.337117,1.34908,BEARISH,1.33123,1.327667,0.003563,0.006943,43.04,40.89,-0.001113,-0.001222,0.00011,46.8,50.7,0.00121,42.21,-0.38,0.001271,0.001249,20.64,15.94,23.48,19.12,-0.1443,1.0,1.0,1.0,False,-0.000143,-7.7e-05,-0.000203,1.328762,1.329108,1.329502,1.328368,1.328022,21,3.83,1.327005,1.329585,NO_VOLUME_DATA,1.328695,1.32876,1.328768,1.329025,47.41,48.5,-2.8e-05,-2.1e-05,24.75,29.02,0.000505,1.329804,1.32761,1.328788,1.328932,1.328552,1.0,1.0,1.328695,1.329025,1.328645,1.328665,LONDON,484297,LOW,1.328695,1.329025,1.328645,1.328665,LONDON,484297,LOW,DOJI,BULLISH,BULLISH,WEAK,AT_PIVOT,LOW_WICK,NEUTRAL,CHAOTIC,NONE,TESTING_PIVOT,NORMAL,57,13,-26.406182911116527,50,NEUTRAL,False,70,['DOJI'],1,20,NEUTRAL,BULLISH,60,False,NONE,0,False,False,False,60,False,0,100,DOWN,NONE,NONE,0,True,75,55,45,80,False,True,NEUTRAL,70,False,0.0,NONE,False,NONE,False,False,0,False,60,16.2500000000001,7.350565428109615,55.00000000000001,26,POOR,False,75,65,-0.018178047902334057,4,100.0,True,RANDOM,70,47.457576083711785,4.112610949472982,False,NONE,False,False,False,100,True,70,DOWN,100,IMPULSIVE,NORMAL,DOWN,100,-0.1443,IMPULSIVE,85,30,85,NORMAL,NONE,60,30,70,NORMAL,58,40,60,-0.38,False,80,0.5131787411781651,82.232,RANGING,90,False,NONE,1.327005,1.329108,1.328762,FAR,30,50,85,DOWN,DOWN,DOWN,100,DOWN,DOWN,DOWN,False,"['M1', 'M5', 'M15']",100,100,TRENDING_STRONG,TRENDING_STRONG,50,75,True,29,Strong directional trend with high momentum. Favorable for trend-following strategies.,1.0,0.5,False,False,False,False,0.3,0.3,True,False,False,18,True,[],0,NO,TRENDING_STRONG,Strong directional trend with high momentum. Favorable for trend-following strategies.,NORMAL,NONE_OTC,0.091,[],True,Passed basic checks,0,100,50,MEDIUM,5,WAIT,รอการวิเคราะห์จาก AI
2026-06-30 20:54:00,1.328665,1.329025,1.328645,1.328695,1.0,GBPUSD-OTC,BEARISH,1.328837,1.329071,1.329834,1.33195,1.337117,1.34908,BEARISH,1.33123,1.327667,0.003563,0.006943,43.04,40.89,-0.001113,-0.001222,0.00011,46.8,50.7,0.00121,42.21,-0.38,0.001271,0.001249,20.64,15.94,23.48,19.12,-0.1443,1.0,1.0,1.0,False,-0.000143,-7.7e-05,-0.000203,1.328762,1.329108,1.329502,1.328368,1.328022,21,3.83,1.327005,1.329585,NO_VOLUME_DATA,1.328695,1.32876,1.328768,1.329025,47.41,48.5,-2.8e-05,-2.1e-05,24.75,29.02,0.000505,1.329804,1.32761,1.328788,1.328932,1.328552,1.0,1.0,1.328695,1.329025,1.328645,1.328665,LONDON,543622,LOW,1.328695,1.329025,1.328645,1.328665,LONDON,543622,LOW,DOJI,BULLISH,BULLISH,WEAK,AT_PIVOT,LOW_WICK,NEUTRAL,CHAOTIC,NONE,TESTING_PIVOT,NORMAL,57,13,-26.406182911116527,50,NEUTRAL,False,70,['DOJI'],1,20,NEUTRAL,BULLISH,60,False,NONE,0,False,False,False,60,False,0,100,DOWN,NONE,NONE,0,True,75,55,45,80,False,True,NEUTRAL,70,False,0.0,NONE,False,NONE,False,False,0,False,60,16.2500000000001,7.350565428109615,55.00000000000001,26,POOR,False,75,65,-0.018178047902334057,4,100.0,True,RANDOM,70,47.457576083711785,4.112610949472982,False,NONE,False,False,False,100,True,70,DOWN,100,IMPULSIVE,NORMAL,DOWN,100,-0.1443,IMPULSIVE,85,30,85,NORMAL,NONE,60,30,70,NORMAL,58,40,60,-0.38,False,80,0.5131787411781651,82.232,RANGING,90,False,NONE,1.327005,1.329108,1.328762,FAR,30,50,85,DOWN,DOWN,DOWN,100,DOWN,DOWN,DOWN,False,"['M1', 'M5', 'M15']",100,100,ACCUMULATION,ACCUMULATION,50,65,True,29,"Smart money accumulation. Bullish bias, look for breakout.",1.0,0.5,False,False,False,False,0.3,0.3,True,False,False,18,True,[],0,NO,ACCUMULATION,"Smart money accumulation. Bullish bias, look for breakout.",NORMAL,NONE_OTC,0.091,[],True,Passed basic checks,0,100,50,MEDIUM,5,WAIT,รอการวิเคราะห์จาก AI
2026-06-30 20:55:00,1.328685,1.328815,1.328435,1.328635,1.0,GBPUSD-OTC,BEARISH,1.328943,1.329086,1.329769,1.33184,1.336969,1.348955,BEARISH,1.331093,1.327666,0.003427,0.006277,48.67,43.59,-0.001034,-0.001185,0.000151,45.96,48.79,0.001177,32.66,-0.4,0.001262,0.001253,20.49,15.4,22.41,18.54,-0.0556,1.0,1.0,1.0,False,-3.2e-05,-6.4e-05,-0.000202,1.328925,1.329415,1.329675,1.328665,1.328175,22,3.94,1.328265,1.329585,NO_VOLUME_DATA,1.328727,1.328753,1.328763,1.328977,44.2,47.41,-2.4e-05,-1.9e-05,41.19,41.9,0.000478,1.329407,1.328373,1.328628,1.328822,1.328442,1.0,1.0,1.328635,1.328815,1.328435,1.328685,LONDON,305387,LOW,1.328635,1.328815,1.328435,1.328685,LONDON,305387,LOW,MORNING_STAR,BULLISH,BULLISH,WEAK,AT_PIVOT,LOW_WICK,NEUTRAL,CHAOTIC,NONE,TESTING_PIVOT,NORMAL,58,13,-26.406182911115323,50,NEUTRAL,False,70,['MORNING_STAR'],1,20,BULLISH,BULLISH,60,False,NONE,0,False,False,False,60,False,0,100,DOWN,NONE,NONE,0,True,75,55,45,80,False,True,NEUTRAL,70,False,0.0,NONE,False,NONE,False,False,0,False,60,9.636871508379523,6.387306753457529,50.0,22,POOR,False,75,65,-0.011074552524615661,4,100.0,True,RANDOM,70,48.625447957135655,2.323690620008662,False,NONE,False,False,False,100,True,70,DOWN,60,CORRECTIVE,NORMAL,DOWN,60,-0.0556,CORRECTIVE,55,30,50,NORMAL,NONE,60,30,70,NORMAL,58,40,60,-0.4,False,80,0.5459614465509002,89.872,RANGING,90,False,NONE,1.328265,1.329415,1.328925,FAR,30,50,85,DOWN,DOWN,DOWN,100,DOWN,DOWN,DOWN,False,"['M1', 'M5', 'M15']",100,100,SIDEWAY_RANGE,SIDEWAY_RANGE,54,60,True,29,Price ranging between clear levels. Suitable for mean-reversion strategies.,1.0,0.5,False,False,False,False,0.3,0.3,True,False,False,18,True,[],0,NO,SIDEWAY_RANGE,Price ranging between clear levels. Suitable for mean-reversion strategies.,NORMAL,NONE_OTC,0.089,[],True,Passed basic checks,0,100,50,MEDIUM,5,WAIT,รอการวิเคราะห์จาก AI
2026-06-30 20:56:00,1.328685,1.328815,1.328435,1.328635,1.0,GBPUSD-OTC,BEARISH,1.328943,1.329086,1.329769,1.33184,1.336969,1.348955,BEARISH,1.331093,1.327666,0.003427,0.006277,48.67,43.59,-0.001034,-0.001185,0.000151,45.96,48.79,0.001177,32.66,-0.4,0.001262,0.001253,20.49,15.4,22.41,18.54,-0.0556,1.0,1.0,1.0,False,-3.2e-05,-6.4e-05,-0.000202,1.328925,1.329415,1.329675,1.328665,1.328175,22,3.94,1.328265,1.329585,NO_VOLUME_DATA,1.328727,1.328753,1.328763,1.328977,44.2,47.41,-2.4e-05,-1.9e-05,41.19,41.9,0.000478,1.329407,1.328373,1.328628,1.328822,1.328442,1.0,1.0,1.328635,1.328815,1.328435,1.328685,LONDON,363651,LOW,1.328635,1.328815,1.328435,1.328685,LONDON,363651,LOW,MORNING_STAR,BULLISH,BULLISH,WEAK,AT_PIVOT,LOW_WICK,NEUTRAL,CHAOTIC,NONE,TESTING_PIVOT,NORMAL,58,13,-26.406182911115323,50,NEUTRAL,False,70,['MORNING_STAR'],1,20,BULLISH,BULLISH,60,False,NONE,0,False,False,False,60,False,0,100,DOWN,NONE,NONE,0,True,75,55,45,80,False,True,NEUTRAL,70,False,0.0,NONE,False,NONE,False,False,0,False,60,9.636871508379523,6.387306753457529,50.0,22,POOR,False,75,65,-0.011074552524615661,4,100.0,True,RANDOM,70,48.625447957135655,2.323690620008662,False,NONE,False,False,False,100,True,70,DOWN,60,CORRECTIVE,NORMAL,DOWN,60,-0.0556,CORRECTIVE,55,30,50,NORMAL,NONE,60,30,70,NORMAL,58,40,60,-0.4,False,80,0.5459614465509002,89.872,RANGING,90,False,NONE,1.328265,1.329415,1.328925,FAR,30,50,85,DOWN,DOWN,DOWN,100,DOWN,DOWN,DOWN,False,"['M1', 'M5', 'M15']",100,100,SIDEWAY_RANGE,SIDEWAY_RANGE,54,60,True,29,Price ranging between clear levels. Suitable for mean-reversion strategies.,1.0,0.5,False,False,False,False,0.3,0.3,True,False,False,18,True,[],0,NO,SIDEWAY_RANGE,Price ranging between clear levels. Suitable for mean-reversion strategies.,NORMAL,NONE_OTC,0.089,[],True,Passed basic checks,0,100,50,MEDIUM,5,WAIT,รอการวิเคราะห์จาก AI
2026-06-30 20:57:00,1.328685,1.328815,1.328435,1.328635,1.0,GBPUSD-OTC,BEARISH,1.328943,1.329086,1.329769,1.33184,1.336969,1.348955,BEARISH,1.331093,1.327666,0.003427,0.006277,48.67,43.59,-0.001034,-0.001185,0.000151,45.96,48.79,0.001177,32.66,-0.4,0.001262,0.001253,20.49,15.4,22.41,18.54,-0.0556,1.0,1.0,1.0,False,-3.2e-05,-6.4e-05,-0.000202,1.328925,1.329415,1.329675,1.328665,1.328175,22,3.94,1.328265,1.329585,NO_VOLUME_DATA,1.328727,1.328753,1.328763,1.328977,44.2,47.41,-2.4e-05,-1.9e-05,41.19,41.9,0.000478,1.329407,1.328373,1.328628,1.328822,1.328442,1.0,1.0,1.328635,1.328815,1.328435,1.328685,LONDON,423903,LOW,1.328635,1.328815,1.328435,1.328685,LONDON,423903,LOW,MORNING_STAR,BULLISH,BULLISH,WEAK,AT_PIVOT,LOW_WICK,NEUTRAL,CHAOTIC,NONE,TESTING_PIVOT,NORMAL,58,13,-26.406182911115323,50,NEUTRAL,False,70,['MORNING_STAR'],1,20,BULLISH,BULLISH,60,False,NONE,0,False,False,False,60,False,0,100,DOWN,NONE,NONE,0,True,75,55,45,80,False,True,NEUTRAL,70,False,0.0,NONE,False,NONE,False,False,0,False,60,9.636871508379523,6.387306753457529,50.0,22,POOR,False,75,65,-0.011074552524615661,4,100.0,True,RANDOM,70,48.625447957135655,2.323690620008662,False,NONE,False,False,False,100,True,70,DOWN,60,CORRECTIVE,NORMAL,DOWN,60,-0.0556,CORRECTIVE,55,30,50,NORMAL,NONE,60,30,70,NORMAL,58,40,60,-0.4,False,80,0.5459614465509002,89.872,RANGING,90,False,NONE,1.328265,1.329415,1.328925,FAR,30,50,85,DOWN,DOWN,DOWN,100,DOWN,DOWN,DOWN,False,"['M1', 'M5', 'M15']",100,100,SIDEWAY_RANGE,SIDEWAY_RANGE,54,60,True,29,Price ranging between clear levels. Suitable for mean-reversion strategies.,1.0,0.5,False,False,False,False,0.3,0.3,True,False,False,18,True,[],0,NO,SIDEWAY_RANGE,Price ranging between clear levels. Suitable for mean-reversion strategies.,NORMAL,NONE_OTC,0.089,[],True,Passed basic checks,0,100,50,MEDIUM,5,WAIT,รอการวิเคราะห์จาก AI
2026-06-30 20:58:00,1.328685,1.328815,1.328435,1.328635,1.0,GBPUSD-OTC,BEARISH,1.328943,1.329086,1.329769,1.33184,1.336969,1.348955,BEARISH,1.331093,1.327666,0.003427,0.006277,48.67,43.59,-0.001034,-0.001185,0.000151,45.96,48.79,0.001177,32.66,-0.4,0.001262,0.001253,20.49,15.4,22.41,18.54,-0.0556,1.0,1.0,1.0,False,-3.2e-05,-6.4e-05,-0.000202,1.328925,1.329415,1.329675,1.328665,1.328175,22,3.94,1.328265,1.329585,NO_VOLUME_DATA,1.328727,1.328753,1.328763,1.328977,44.2,47.41,-2.4e-05,-1.9e-05,41.19,41.9,0.000478,1.329407,1.328373,1.328628,1.328822,1.328442,1.0,1.0,1.328635,1.328815,1.328435,1.328685,LONDON,484587,LOW,1.328635,1.328815,1.328435,1.328685,LONDON,484587,LOW,MORNING_STAR,BULLISH,BULLISH,WEAK,AT_PIVOT,LOW_WICK,NEUTRAL,CHAOTIC,NONE,TESTING_PIVOT,NORMAL,58,13,-26.406182911115323,50,NEUTRAL,False,70,['MORNING_STAR'],1,20,BULLISH,BULLISH,60,False,NONE,0,False,False,False,60,False,0,100,DOWN,NONE,NONE,0,True,75,55,45,80,False,True,NEUTRAL,70,False,0.0,NONE,False,NONE,False,False,0,False,60,9.636871508379523,6.387306753457529,50.0,22,POOR,False,75,65,-0.011074552524615661,4,100.0,True,RANDOM,70,48.625447957135655,2.323690620008662,False,NONE,False,False,False,100,True,70,DOWN,60,CORRECTIVE,NORMAL,DOWN,60,-0.0556,CORRECTIVE,55,30,50,NORMAL,NONE,60,30,70,NORMAL,58,40,60,-0.4,False,80,0.5459614465509002,89.872,RANGING,90,False,NONE,1.328265,1.329415,1.328925,FAR,30,50,85,DOWN,DOWN,DOWN,100,DOWN,DOWN,DOWN,False,"['M1', 'M5', 'M15']",100,100,SIDEWAY_RANGE,SIDEWAY_RANGE,54,60,True,29,Price ranging between clear levels. Suitable for mean-reversion strategies.,1.0,0.5,False,False,False,False,0.3,0.3,True,False,False,18,True,[],0,NO,SIDEWAY_RANGE,Price ranging between clear levels. Suitable for mean-reversion strategies.,NORMAL,NONE_OTC,0.089,[],True,Passed basic checks,0,100,50,MEDIUM,5,WAIT,รอการวิเคราะห์จาก AI
2026-06-30 20:59:00,1.328685,1.328815,1.328435,1.328635,1.0,GBPUSD-OTC,BEARISH,1.328943,1.329086,1.329769,1.33184,1.336969,1.348955,BEARISH,1.331093,1.327666,0.003427,0.006277,48.67,43.59,-0.001034,-0.001185,0.000151,45.96,48.79,0.001177,32.66,-0.4,0.001262,0.001253,20.49,15.4,22.41,18.54,-0.0556,1.0,1.0,1.0,False,-3.2e-05,-6.4e-05,-0.000202,1.328925,1.329415,1.329675,1.328665,1.328175,22,3.94,1.328265,1.329585,NO_VOLUME_DATA,1.328727,1.328753,1.328763,1.328977,44.2,47.41,-2.4e-05,-1.9e-05,41.19,41.9,0.000478,1.329407,1.328373,1.328628,1.328822,1.328442,1.0,1.0,1.328635,1.328815,1.328435,1.328685,LONDON,543898,LOW,1.328635,1.328815,1.328435,1.328685,LONDON,543898,LOW,MORNING_STAR,BULLISH,BULLISH,WEAK,AT_PIVOT,LOW_WICK,NEUTRAL,CHAOTIC,NONE,TESTING_PIVOT,NORMAL,58,13,-26.406182911115323,50,NEUTRAL,False,70,['MORNING_STAR'],1,20,BULLISH,BULLISH,60,False,NONE,0,False,False,False,60,False,0,100,DOWN,NONE,NONE,0,True,75,55,45,80,False,True,NEUTRAL,70,False,0.0,NONE,False,NONE,False,False,0,False,60,9.636871508379523,6.387306753457529,50.0,22,POOR,False,75,65,-0.011074552524615661,4,100.0,True,RANDOM,70,48.625447957135655,2.323690620008662,False,NONE,False,False,False,100,True,70,DOWN,60,CORRECTIVE,NORMAL,DOWN,60,-0.0556,CORRECTIVE,55,30,50,NORMAL,NONE,60,30,70,NORMAL,58,40,60,-0.4,False,80,0.5459614465509002,89.872,RANGING,90,False,NONE,1.328265,1.329415,1.328925,FAR,30,50,85,DOWN,DOWN,DOWN,100,DOWN,DOWN,DOWN,False,"['M1', 'M5', 'M15']",100,100,SIDEWAY_RANGE,SIDEWAY_RANGE,54,60,True,29,Price ranging between clear levels. Suitable for mean-reversion strategies.,1.0,0.5,False,False,False,False,0.3,0.3,True,False,False,18,True,[],0,NO,SIDEWAY_RANGE,Price ranging between clear levels. Suitable for mean-reversion strategies.,NORMAL,NONE_OTC,0.089,[],True,Passed basic checks,0,100,50,MEDIUM,5,WAIT,รอการวิเคราะห์จาก AI
2026-06-30 21:00:00,1.329115,1.329345,1.328885,1.329345,1.0,GBPUSD-OTC,BEARISH,1.329164,1.329181,1.329754,1.331752,1.33681,1.348665,BEARISH,1.330927,1.32772,0.003207,0.005793,54.09,46.29,-0.000925,-0.001133,0.000208,54.71,49.16,0.001171,39.2,-0.38,0.00125,0.001261,19.34,19.14,20.93,4.46,0.0158,1.0,1.0,1.0,False,7.2e-05,-4e-05,-0.000199,1.329485,1.330085,1.330565,1.329005,1.328405,20,3.38,1.328265,1.329585,NO_VOLUME_DATA,1.329023,1.328913,1.328847,1.328973,67.27,58.3,5.1e-05,-0.0,76.23,62.34,0.00048,1.329369,1.328369,1.329192,1.329498,1.329038,1.0,1.0,1.329345,1.329345,1.328885,1.329115,NEW YORK,305375,LOW,1.329345,1.329345,1.328885,1.329115,NEW YORK,305375,LOW,NONE,BULLISH,BULLISH,WEAK,AT_PIVOT,LOW_WICK,NEUTRAL,CHAOTIC,NONE,TESTING_PIVOT,NORMAL,58,13,-22.66325224071213,50,NEUTRAL,False,70,[],0,0,NEUTRAL,BULLISH,40,False,NONE,0,False,False,False,60,False,0,100,DOWN,NONE,NONE,0,True,75,55,45,80,False,True,NEUTRAL,70,False,0.0,NONE,False,NONE,False,False,0,False,60,7.681755829904143,4.137648504711032,50.0,20,POOR,False,75,77,0.0033790951731076774,4,100.0,True,RANDOM,70,49.07753827700219,1.2484868179190907,True,MOMENTUM_SHIFT,False,True,False,65,True,70,DOWN,80,CHOPPY,NORMAL,DOWN,80,0.0158,CHOPPY,65,30,65,WEAK,BEARISH,50,40,60,NORMAL,58,55,45,-0.38,False,80,0.5535991714137752,84.64,RANGING,90,False,NONE,1.328265,1.329585,1.329485,FAR,30,50,85,NONE,DOWN,DOWN,66,DOWN,DOWN,NONE,False,"['M1', 'M5', 'M15']",66,66,SIDEWAY_RANGE,SIDEWAY_RANGE,55,60,True,28,Price ranging between clear levels. Suitable for mean-reversion strategies.,1.0,0.5,False,False,False,False,0.3,0.3,True,False,False,18,True,[],0,NO,SIDEWAY_RANGE,Price ranging between clear levels. Suitable for mean-reversion strategies.,NORMAL,NONE_OTC,0.088,[],True,Passed basic checks,0,66,50,MEDIUM,5,WAIT,รอการวิเคราะห์จาก AI
2026-06-30 21:01:00,1.329115,1.329345,1.328885,1.329345,1.0,GBPUSD-OTC,BEARISH,1.329164,1.329181,1.329754,1.331752,1.33681,1.348665,BEARISH,1.330927,1.32772,0.003207,0.005793,54.09,46.29,-0.000925,-0.001133,0.000208,54.71,49.16,0.001171,39.2,-0.38,0.00125,0.001261,19.34,19.14,20.93,4.46,0.0158,1.0,1.0,1.0,False,7.2e-05,-4e-05,-0.000199,1.329485,1.330085,1.330565,1.329005,1.328405,20,3.38,1.328265,1.329585,NO_VOLUME_DATA,1.329023,1.328913,1.328847,1.328973,67.27,58.3,5.1e-05,-0.0,76.23,62.34,0.00048,1.329369,1.328369,1.329192,1.329498,1.329038,1.0,1.0,1.329345,1.329345,1.328885,1.329115,NEW YORK,363625,LOW,1.329345,1.329345,1.328885,1.329115,NEW YORK,363625,LOW,NONE,BULLISH,BULLISH,WEAK,AT_PIVOT,LOW_WICK,NEUTRAL,CHAOTIC,NONE,TESTING_PIVOT,NORMAL,58,13,-22.66325224071213,50,NEUTRAL,False,70,[],0,0,NEUTRAL,BULLISH,40,False,NONE,0,False,False,False,60,False,0,100,DOWN,NONE,NONE,0,True,75,55,45,80,False,True,NEUTRAL,70,False,0.0,NONE,False,NONE,False,False,0,False,60,7.681755829904143,4.137648504711032,50.0,20,POOR,False,75,77,0.0033790951731076774,4,100.0,True,RANDOM,70,49.07753827700219,1.2484868179190907,True,MOMENTUM_SHIFT,False,True,False,65,True,70,DOWN,80,CHOPPY,NORMAL,DOWN,80,0.0158,CHOPPY,65,30,65,WEAK,BEARISH,50,40,60,NORMAL,58,55,45,-0.38,False,80,0.5535991714137752,84.64,RANGING,90,False,NONE,1.328265,1.329585,1.329485,FAR,30,50,85,NONE,DOWN,DOWN,66,DOWN,DOWN,NONE,False,"['M1', 'M5', 'M15']",66,66,SIDEWAY_RANGE,SIDEWAY_RANGE,55,60,True,28,Price ranging between clear levels. Suitable for mean-reversion strategies.,1.0,0.5,False,False,False,False,0.3,0.3,True,False,False,18,True,[],0,NO,SIDEWAY_RANGE,Price ranging between clear levels. Suitable for mean-reversion strategies.,NORMAL,NONE_OTC,0.088,[],True,Passed basic checks,0,66,50,MEDIUM,5,WAIT,รอการวิเคราะห์จาก AI
2026-06-30 21:02:00,1.329115,1.329345,1.328885,1.329345,1.0,GBPUSD-OTC,BEARISH,1.329164,1.329181,1.329754,1.331752,1.33681,1.348665,BEARISH,1.330927,1.32772,0.003207,0.005793,54.09,46.29,-0.000925,-0.001133,0.000208,54.71,49.16,0.001171,39.2,-0.38,0.00125,0.001261,19.34,19.14,20.93,4.46,0.0158,1.0,1.0,1.0,False,7.2e-05,-4e-05,-0.000199,1.329485,1.330085,1.330565,1.329005,1.328405,20,3.38,1.328265,1.329585,NO_VOLUME_DATA,1.329023,1.328913,1.328847,1.328973,67.27,58.3,5.1e-05,-0.0,76.23,62.34,0.00048,1.329369,1.328369,1.329192,1.329498,1.329038,1.0,1.0,1.329345,1.329345,1.328885,1.329115,NEW YORK,424301,LOW,1.329345,1.329345,1.328885,1.329115,NEW YORK,424301,LOW,NONE,BULLISH,BULLISH,WEAK,AT_PIVOT,LOW_WICK,NEUTRAL,CHAOTIC,NONE,TESTING_PIVOT,NORMAL,58,13,-22.66325224071213,50,NEUTRAL,False,70,[],0,0,NEUTRAL,BULLISH,40,False,NONE,0,False,False,False,60,False,0,100,DOWN,NONE,NONE,0,True,75,55,45,80,False,True,NEUTRAL,70,False,0.0,NONE,False,NONE,False,False,0,False,60,7.681755829904143,4.137648504711032,50.0,20,POOR,False,75,77,0.0033790951731076774,4,100.0,True,RANDOM,70,49.07753827700219,1.2484868179190907,True,MOMENTUM_SHIFT,False,True,False,65,True,70,DOWN,80,CHOPPY,NORMAL,DOWN,80,0.0158,CHOPPY,65,30,65,WEAK,BEARISH,50,40,60,NORMAL,58,55,45,-0.38,False,80,0.5535991714137752,84.64,RANGING,90,False,NONE,1.328265,1.329585,1.329485,FAR,30,50,85,NONE,DOWN,DOWN,66,DOWN,DOWN,NONE,False,"['M1', 'M5', 'M15']",66,66,SIDEWAY_RANGE,SIDEWAY_RANGE,55,60,True,28,Price ranging between clear levels. Suitable for mean-reversion strategies.,1.0,0.5,False,False,False,False,0.3,0.3,True,False,False,18,True,[],0,NO,SIDEWAY_RANGE,Price ranging between clear levels. Suitable for mean-reversion strategies.,NORMAL,NONE_OTC,0.088,[],True,Passed basic checks,0,66,50,MEDIUM,5,WAIT,รอการวิเคราะห์จาก AI
2026-06-30 21:03:00,1.329115,1.329345,1.328885,1.329345,1.0,GBPUSD-OTC,BEARISH,1.329164,1.329181,1.329754,1.331752,1.33681,1.348665,BEARISH,1.330927,1.32772,0.003207,0.005793,54.09,46.29,-0.000925,-0.001133,0.000208,54.71,49.16,0.001171,39.2,-0.38,0.00125,0.001261,19.34,19.14,20.93,4.46,0.0158,1.0,1.0,1.0,False,7.2e-05,-4e-05,-0.000199,1.329485,1.330085,1.330565,1.329005,1.328405,20,3.38,1.328265,1.329585,NO_VOLUME_DATA,1.329023,1.328913,1.328847,1.328973,67.27,58.3,5.1e-05,-0.0,76.23,62.34,0.00048,1.329369,1.328369,1.329192,1.329498,1.329038,1.0,1.0,1.329345,1.329345,1.328885,1.329115,NEW YORK,483639,LOW,1.329345,1.329345,1.328885,1.329115,NEW YORK,483639,LOW,NONE,BULLISH,BULLISH,WEAK,AT_PIVOT,LOW_WICK,NEUTRAL,CHAOTIC,NONE,TESTING_PIVOT,NORMAL,58,13,-22.66325224071213,50,NEUTRAL,False,70,[],0,0,NEUTRAL,BULLISH,40,False,NONE,0,False,False,False,60,False,0,100,DOWN,NONE,NONE,0,True,75,55,45,80,False,True,NEUTRAL,70,False,0.0,NONE,False,NONE,False,False,0,False,60,7.681755829904143,4.137648504711032,50.0,20,POOR,False,75,77,0.0033790951731076774,4,100.0,True,RANDOM,70,49.07753827700219,1.2484868179190907,True,MOMENTUM_SHIFT,False,True,False,65,True,70,DOWN,80,CHOPPY,NORMAL,DOWN,80,0.0158,CHOPPY,65,30,65,WEAK,BEARISH,50,40,60,NORMAL,58,55,45,-0.38,False,80,0.5535991714137752,84.64,RANGING,90,False,NONE,1.328265,1.329585,1.329485,FAR,30,50,85,NONE,DOWN,DOWN,66,DOWN,DOWN,NONE,False,"['M1', 'M5', 'M15']",66,66,ACCUMULATION,ACCUMULATION,55,65,True,28,"Smart money accumulation. Bullish bias, look for breakout.",1.0,0.5,False,False,False,False,0.3,0.3,True,False,False,18,True,[],0,NO,ACCUMULATION,"Smart money accumulation. Bullish bias, look for breakout.",NORMAL,NONE_OTC,0.088,[],True,Passed basic checks,0,66,50,MEDIUM,5,WAIT,รอการวิเคราะห์จาก AI
2026-06-30 21:04:00,1.329115,1.329345,1.328885,1.329345,1.0,GBPUSD-OTC,BEARISH,1.329164,1.329181,1.329754,1.331752,1.33681,1.348665,BEARISH,1.330927,1.32772,0.003207,0.005793,54.09,46.29,-0.000925,-0.001133,0.000208,54.71,49.16,0.001171,39.2,-0.38,0.00125,0.001261,19.34,19.14,20.93,4.46,0.0158,1.0,1.0,1.0,False,7.2e-05,-4e-05,-0.000199,1.329485,1.330085,1.330565,1.329005,1.328405,20,3.38,1.328265,1.329585,NO_VOLUME_DATA,1.329023,1.328913,1.328847,1.328973,67.27,58.3,5.1e-05,-0.0,76.23,62.34,0.00048,1.329369,1.328369,1.329192,1.329498,1.329038,1.0,1.0,1.329345,1.329345,1.328885,1.329115,NEW YORK,544201,LOW,1.329345,1.329345,1.328885,1.329115,NEW YORK,544201,LOW,NONE,BULLISH,BULLISH,WEAK,AT_PIVOT,LOW_WICK,NEUTRAL,CHAOTIC,NONE,TESTING_PIVOT,NORMAL,58,13,-22.66325224071213,50,NEUTRAL,False,70,[],0,0,NEUTRAL,BULLISH,40,False,NONE,0,False,False,False,60,False,0,100,DOWN,NONE,NONE,0,True,75,55,45,80,False,True,NEUTRAL,70,False,0.0,NONE,False,NONE,False,False,0,False,60,7.681755829904143,4.137648504711032,50.0,20,POOR,False,75,77,0.0033790951731076774,4,100.0,True,RANDOM,70,49.07753827700219,1.2484868179190907,True,MOMENTUM_SHIFT,False,True,False,65,True,70,DOWN,80,CHOPPY,NORMAL,DOWN,80,0.0158,CHOPPY,65,30,65,WEAK,BEARISH,50,40,60,NORMAL,58,55,45,-0.38,False,80,0.5535991714137752,84.64,RANGING,90,False,NONE,1.328265,1.329585,1.329485,FAR,30,50,85,NONE,DOWN,DOWN,66,DOWN,DOWN,NONE,False,"['M1', 'M5', 'M15']",66,66,SIDEWAY_RANGE,SIDEWAY_RANGE,55,60,True,28,Price ranging between clear levels. Suitable for mean-reversion strategies.,1.0,0.5,False,False,False,False,0.3,0.3,True,False,False,18,True,[],0,NO,SIDEWAY_RANGE,Price ranging between clear levels. Suitable for mean-reversion strategies.,NORMAL,NONE_OTC,0.088,[],True,Passed basic checks,0,66,50,MEDIUM,5,WAIT,รอการวิเคราะห์จาก AI
2026-06-30 21:05:00,1.329635,1.329635,1.329135,1.329135,1.0,GBPUSD-OTC,BEARISH,1.328801,1.32898,1.329594,1.331609,1.336657,1.348605,BEARISH,1.330963,1.327632,0.003331,0.005776,38.13,39.39,-0.00095,-0.001096,0.000146,50.06,50.25,0.001218,40.2,-0.41,0.001244,0.001259,19.31,17.09,25.02,18.84,-0.0482,1.0,1.0,1.0,False,6.3e-05,-6.9e-05,-0.000199,1.328505,1.329205,1.330335,1.327375,1.326675,21,3.25,1.328265,1.329585,NO_VOLUME_DATA,1.329378,1.32926,1.329092,1.329064,48.14,51.47,0.000174,0.000106,72.15,84.31,0.000469,1.329721,1.328192,1.329302,1.329468,1.328968,1.0,1.0,1.329135,1.329635,1.329135,1.329635,NEW YORK,304846,LOW,1.329135,1.329635,1.329135,1.329635,NEW YORK,304846,LOW,BEARISH_ENGULFING,BEARISH,BEARISH,WEAK,AT_RESISTANCE,LOW_WICK,NEUTRAL,CHAOTIC,NONE,TESTING_RESISTANCE,NORMAL,59,13,-25.58521560574489,50,NEUTRAL,False,70,['BEARISH_ENGULFING'],1,20,BEARISH,BEARISH,60,False,NONE,0,False,False,False,60,False,0,100,DOWN,NONE,NONE,0,True,75,82,18,80,True,True,CONTINUATION,70,False,0.0,NONE,False,NONE,False,False,0,False,60,3.7195994277545092,2.5437864887406265,50.0,18,POOR,False,75,65,-0.02505811279412861,4,100.0,True,RANDOM,70,47.5657103658187,4.423424149079993,True,MOMENTUM_SHIFT,False,True,False,65,True,70,DOWN,80,CHOPPY,NORMAL,DOWN,80,-0.0482,CHOPPY,65,30,65,WEAK,NONE,55,30,65,NORMAL,58,55,45,-0.41,False,80,0.5766966759002771,83.84,RANGING,90,False,NONE,1.327375,1.329205,1.328505,FAR,30,50,85,UP,DOWN,DOWN,66,DOWN,DOWN,UP,True,"['M1', 'M5', 'M15']",66,66,SIDEWAY_RANGE,SIDEWAY_RANGE,55,60,True,28,Price ranging between clear levels. Suitable for mean-reversion strategies.,1.0,0.5,False,False,False,False,0.3,0.3,True,False,False,18,True,[],0,NO,SIDEWAY_RANGE,Price ranging between clear levels. Suitable for mean-reversion strategies.,NORMAL,NONE_OTC,0.092,[],True,Passed basic checks,0,66,50,MEDIUM,5,WAIT,รอการวิเคราะห์จาก AI
2026-06-30 21:06:00,1.329635,1.329635,1.329135,1.329135,1.0,GBPUSD-OTC,BEARISH,1.328801,1.32898,1.329594,1.331609,1.336657,1.348605,BEARISH,1.330963,1.327632,0.003331,0.005776,38.13,39.39,-0.00095,-0.001096,0.000146,50.06,50.25,0.001218,40.2,-0.41,0.001244,0.001259,19.31,17.09,25.02,18.84,-0.0482,1.0,1.0,1.0,False,6.3e-05,-6.9e-05,-0.000199,1.328505,1.329205,1.330335,1.327375,1.326675,21,3.25,1.328265,1.329585,NO_VOLUME_DATA,1.329378,1.32926,1.329092,1.329064,48.14,51.47,0.000174,0.000106,72.15,84.31,0.000469,1.329721,1.328192,1.329302,1.329468,1.328968,1.0,1.0,1.329135,1.329635,1.329135,1.329635,NEW YORK,364336,LOW,1.329135,1.329635,1.329135,1.329635,NEW YORK,364336,LOW,BEARISH_ENGULFING,BEARISH,BEARISH,WEAK,AT_RESISTANCE,LOW_WICK,NEUTRAL,CHAOTIC,NONE,TESTING_RESISTANCE,NORMAL,59,13,-25.58521560574489,50,NEUTRAL,False,70,['BEARISH_ENGULFING'],1,20,BEARISH,BEARISH,60,False,NONE,0,False,False,False,60,False,0,100,DOWN,NONE,NONE,0,True,75,82,18,80,True,True,CONTINUATION,70,False,0.0,NONE,False,NONE,False,False,0,False,60,3.7195994277545092,2.5437864887406265,50.0,18,POOR,False,75,65,-0.02505811279412861,4,100.0,True,RANDOM,70,47.5657103658187,4.423424149079993,True,MOMENTUM_SHIFT,False,True,False,65,True,70,DOWN,80,CHOPPY,NORMAL,DOWN,80,-0.0482,CHOPPY,65,30,65,WEAK,NONE,55,30,65,NORMAL,58,55,45,-0.41,False,80,0.5766966759002771,83.84,RANGING,90,False,NONE,1.327375,1.329205,1.328505,FAR,30,50,85,UP,DOWN,DOWN,66,DOWN,DOWN,UP,True,"['M1', 'M5', 'M15']",66,66,SIDEWAY_RANGE,SIDEWAY_RANGE,55,60,True,28,Price ranging between clear levels. Suitable for mean-reversion strategies.,1.0,0.5,False,False,False,False,0.3,0.3,True,False,False,18,True,[],0,NO,SIDEWAY_RANGE,Price ranging between clear levels. Suitable for mean-reversion strategies.,NORMAL,NONE_OTC,0.092,[],True,Passed basic checks,0,66,50,MEDIUM,5,WAIT,รอการวิเคราะห์จาก AI
2026-06-30 21:07:00,1.329635,1.329635,1.329135,1.329135,1.0,GBPUSD-OTC,BEARISH,1.328801,1.32898,1.329594,1.331609,1.336657,1.348605,BEARISH,1.330963,1.327632,0.003331,0.005776,38.13,39.39,-0.00095,-0.001096,0.000146,50.06,50.25,0.001218,40.2,-0.41,0.001244,0.001259,19.31,17.09,25.02,18.84,-0.0482,1.0,1.0,1.0,False,6.3e-05,-6.9e-05,-0.000199,1.328505,1.329205,1.330335,1.327375,1.326675,21,3.25,1.328265,1.329585,NO_VOLUME_DATA,1.329378,1.32926,1.329092,1.329064,48.14,51.47,0.000174,0.000106,72.15,84.31,0.000469,1.329721,1.328192,1.329302,1.329468,1.328968,1.0,1.0,1.329135,1.329635,1.329135,1.329635,NEW YORK,423680,LOW,1.329135,1.329635,1.329135,1.329635,NEW YORK,423680,LOW,BEARISH_ENGULFING,BEARISH,BEARISH,WEAK,AT_RESISTANCE,LOW_WICK,NEUTRAL,CHAOTIC,NONE,TESTING_RESISTANCE,NORMAL,59,13,-25.58521560574489,50,NEUTRAL,False,70,['BEARISH_ENGULFING'],1,20,BEARISH,BEARISH,60,False,NONE,0,False,False,False,60,False,0,100,DOWN,NONE,NONE,0,True,75,82,18,80,True,True,CONTINUATION,70,False,0.0,NONE,False,NONE,False,False,0,False,60,3.7195994277545092,2.5437864887406265,50.0,18,POOR,False,75,65,-0.02505811279412861,4,100.0,True,RANDOM,70,47.5657103658187,4.423424149079993,True,MOMENTUM_SHIFT,False,True,False,65,True,70,DOWN,80,CHOPPY,NORMAL,DOWN,80,-0.0482,CHOPPY,65,30,65,WEAK,NONE,55,30,65,NORMAL,58,55,45,-0.41,False,80,0.5766966759002771,83.84,RANGING,90,False,NONE,1.327375,1.329205,1.328505,FAR,30,50,85,UP,DOWN,DOWN,66,DOWN,DOWN,UP,True,"['M1', 'M5', 'M15']",66,66,SIDEWAY_RANGE,SIDEWAY_RANGE,55,60,True,28,Price ranging between clear levels. Suitable for mean-reversion strategies.,1.0,0.5,False,False,False,False,0.3,0.3,True,False,False,18,True,[],0,NO,SIDEWAY_RANGE,Price ranging between clear levels. Suitable for mean-reversion strategies.,NORMAL,NONE_OTC,0.092,[],True,Passed basic checks,0,66,50,MEDIUM,5,WAIT,รอการวิเคราะห์จาก AI
2026-06-30 21:08:00,1.329635,1.329635,1.329135,1.329135,1.0,GBPUSD-OTC,BEARISH,1.328801,1.32898,1.329594,1.331609,1.336657,1.348605,BEARISH,1.330963,1.327632,0.003331,0.005776,38.13,39.39,-0.00095,-0.001096,0.000146,50.06,50.25,0.001218,40.2,-0.41,0.001244,0.001259,19.31,17.09,25.02,18.84,-0.0482,1.0,1.0,1.0,False,6.3e-05,-6.9e-05,-0.000199,1.328505,1.329205,1.330335,1.327375,1.326675,21,3.25,1.328265,1.329585,NO_VOLUME_DATA,1.329378,1.32926,1.329092,1.329064,48.14,51.47,0.000174,0.000106,72.15,84.31,0.000469,1.329721,1.328192,1.329302,1.329468,1.328968,1.0,1.0,1.329135,1.329635,1.329135,1.329635,NEW YORK,484327,LOW,1.329135,1.329635,1.329135,1.329635,NEW YORK,484327,LOW,BEARISH_ENGULFING,BEARISH,BEARISH,WEAK,AT_RESISTANCE,LOW_WICK,NEUTRAL,CHAOTIC,NONE,TESTING_RESISTANCE,NORMAL,59,13,-25.58521560574489,50,NEUTRAL,False,70,['BEARISH_ENGULFING'],1,20,BEARISH,BEARISH,60,False,NONE,0,False,False,False,60,False,0,100,DOWN,NONE,NONE,0,True,75,82,18,80,True,True,CONTINUATION,70,False,0.0,NONE,False,NONE,False,False,0,False,60,3.7195994277545092,2.5437864887406265,50.0,18,POOR,False,75,65,-0.02505811279412861,4,100.0,True,RANDOM,70,47.5657103658187,4.423424149079993,True,MOMENTUM_SHIFT,False,True,False,65,True,70,DOWN,80,CHOPPY,NORMAL,DOWN,80,-0.0482,CHOPPY,65,30,65,WEAK,NONE,55,30,65,NORMAL,58,55,45,-0.41,False,80,0.5766966759002771,83.84,RANGING,90,False,NONE,1.327375,1.329205,1.328505,FAR,30,50,85,UP,DOWN,DOWN,66,DOWN,DOWN,UP,True,"['M1', 'M5', 'M15']",66,66,SIDEWAY_RANGE,SIDEWAY_RANGE,55,60,True,28,Price ranging between clear levels. Suitable for mean-reversion strategies.,1.0,0.5,False,False,False,False,0.3,0.3,True,False,False,18,True,[],0,NO,SIDEWAY_RANGE,Price ranging between clear levels. Suitable for mean-reversion strategies.,NORMAL,NONE_OTC,0.092,[],True,Passed basic checks,0,66,50,MEDIUM,5,WAIT,รอการวิเคราะห์จาก AI
2026-06-30 21:09:00,1.329635,1.329635,1.329135,1.329135,1.0,GBPUSD-OTC,BEARISH,1.328801,1.32898,1.329594,1.331609,1.336657,1.348605,BEARISH,1.330963,1.327632,0.003331,0.005776,38.13,39.39,-0.00095,-0.001096,0.000146,50.06,50.25,0.001218,40.2,-0.41,0.001244,0.001259,19.31,17.09,25.02,18.84,-0.0482,1.0,1.0,1.0,False,6.3e-05,-6.9e-05,-0.000199,1.328505,1.329205,1.330335,1.327375,1.326675,21,3.25,1.328265,1.329585,NO_VOLUME_DATA,1.329378,1.32926,1.329092,1.329064,48.14,51.47,0.000174,0.000106,72.15,84.31,0.000469,1.329721,1.328192,1.329302,1.329468,1.328968,1.0,1.0,1.329135,1.329635,1.329135,1.329635,NEW YORK,543857,LOW,1.329135,1.329635,1.329135,1.329635,NEW YORK,543857,LOW,BEARISH_ENGULFING,BEARISH,BEARISH,WEAK,AT_RESISTANCE,LOW_WICK,NEUTRAL,CHAOTIC,NONE,TESTING_RESISTANCE,NORMAL,59,13,-25.58521560574489,50,NEUTRAL,False,70,['BEARISH_ENGULFING'],1,20,BEARISH,BEARISH,60,False,NONE,0,False,False,False,60,False,0,100,DOWN,NONE,NONE,0,True,75,82,18,80,True,True,CONTINUATION,70,False,0.0,NONE,False,NONE,False,False,0,False,60,3.7195994277545092,2.5437864887406265,50.0,18,POOR,False,75,65,-0.02505811279412861,4,100.0,True,RANDOM,70,47.5657103658187,4.423424149079993,True,MOMENTUM_SHIFT,False,True,False,65,True,70,DOWN,80,CHOPPY,NORMAL,DOWN,80,-0.0482,CHOPPY,65,30,65,WEAK,NONE,55,30,65,NORMAL,58,55,45,-0.41,False,80,0.5766966759002771,83.84,RANGING,90,False,NONE,1.327375,1.329205,1.328505,FAR,30,50,85,UP,DOWN,DOWN,66,DOWN,DOWN,UP,True,"['M1', 'M5', 'M15']",66,66,SIDEWAY_RANGE,SIDEWAY_RANGE,55,60,True,28,Price ranging between clear levels. Suitable for mean-reversion strategies.,1.0,0.5,False,False,False,False,0.3,0.3,True,False,False,18,True,[],0,NO,SIDEWAY_RANGE,Price ranging between clear levels. Suitable for mean-reversion strategies.,NORMAL,NONE_OTC,0.092,[],True,Passed basic checks,0,66,50,MEDIUM,5,WAIT,รอการวิเคราะห์จาก AI
2026-06-30 21:10:00,1.328105,1.328715,1.328105,1.328495,1.0,GBPUSD-OTC,BEARISH,1.328679,1.328881,1.329483,1.331484,1.336507,1.348499,BEARISH,1.330972,1.327598,0.003375,0.005762,42.76,41.59,-0.000931,-0.001063,0.000132,44.99,49.92,0.001191,35.68,-0.4,0.001236,0.001261,19.27,16.23,23.76,18.84,0.0761,1.0,1.0,1.0,False,4.4e-05,-9.1e-05,-0.0002,1.328342,1.328808,1.329182,1.327968,1.327502,22,3.32,1.328265,1.329965,NO_VOLUME_DATA,1.328493,1.328701,1.328817,1.328945,42.6,45.22,-9.2e-05,2.1e-05,19.72,15.3,0.000496,1.329822,1.327977,1.328438,1.328772,1.328162,1.0,1.0,1.328495,1.328715,1.328105,1.328105,NEW YORK,305862,LOW,1.328495,1.328715,1.328105,1.328105,NEW YORK,305862,LOW,NONE,BULLISH,BULLISH,WEAK,AT_PIVOT,LOW_WICK,NEUTRAL,CHAOTIC,NONE,TESTING_PIVOT,NORMAL,58,13,-27.5761368377094,50,NEUTRAL,False,70,[],0,0,NEUTRAL,BULLISH,40,False,NONE,0,False,False,False,60,False,0,100,DOWN,NONE,NONE,0,True,75,55,45,80,False,True,NEUTRAL,70,False,0.0,NONE,True,BULLISH,True,True,90,True,70,1.7543859649112967,4.716590815059652,50.0,18,POOR,False,75,65,-0.030231620169491977,4,100.0,True,RANDOM,70,44.46977989699024,7.076784934176085,True,MOMENTUM_SHIFT,False,True,False,65,True,70,DOWN,60,CORRECTIVE,NORMAL,DOWN,60,0.0761,CORRECTIVE,55,30,50,WEAK,BEARISH,50,40,60,NORMAL,58,55,45,-0.4,False,80,0.5857341200971885,87.456,RANGING,90,False,NONE,1.327968,1.328808,1.328342,FAR,30,50,85,DOWN,DOWN,DOWN,100,DOWN,DOWN,DOWN,False,"['M1', 'M5', 'M15']",100,100,SIDEWAY_RANGE,SIDEWAY_RANGE,54,60,True,28,Price ranging between clear levels. Suitable for mean-reversion strategies.,1.0,0.5,False,False,False,False,0.3,0.3,True,False,False,18,True,[],0,NO,SIDEWAY_RANGE,Price ranging between clear levels. Suitable for mean-reversion strategies.,NORMAL,NONE_OTC,0.09,[],True,Passed basic checks,0,100,50,MEDIUM,5,WAIT,รอการวิเคราะห์จาก AI
2026-06-30 21:11:00,1.328105,1.328715,1.328105,1.328495,1.0,GBPUSD-OTC,BEARISH,1.328679,1.328881,1.329483,1.331484,1.336507,1.348499,BEARISH,1.330972,1.327598,0.003375,0.005762,42.76,41.59,-0.000931,-0.001063,0.000132,44.99,49.92,0.001191,35.68,-0.4,0.001236,0.001261,19.27,16.23,23.76,18.84,0.0761,1.0,1.0,1.0,False,4.4e-05,-9.1e-05,-0.0002,1.328342,1.328808,1.329182,1.327968,1.327502,22,3.32,1.328265,1.329965,NO_VOLUME_DATA,1.328493,1.328701,1.328817,1.328945,42.6,45.22,-9.2e-05,2.1e-05,19.72,15.3,0.000496,1.329822,1.327977,1.328438,1.328772,1.328162,1.0,1.0,1.328495,1.328715,1.328105,1.328105,NEW YORK,364388,LOW,1.328495,1.328715,1.328105,1.328105,NEW YORK,364388,LOW,NONE,BULLISH,BULLISH,WEAK,AT_PIVOT,LOW_WICK,NEUTRAL,CHAOTIC,NONE,TESTING_PIVOT,NORMAL,58,13,-27.5761368377094,50,NEUTRAL,False,70,[],0,0,NEUTRAL,BULLISH,40,False,NONE,0,False,False,False,60,False,0,100,DOWN,NONE,NONE,0,True,75,55,45,80,False,True,NEUTRAL,70,False,0.0,NONE,True,BULLISH,True,True,90,True,70,1.7543859649112967,4.716590815059652,50.0,18,POOR,False,75,65,-0.030231620169491977,4,100.0,True,RANDOM,70,44.46977989699024,7.076784934176085,True,MOMENTUM_SHIFT,False,True,False,65,True,70,DOWN,60,CORRECTIVE,NORMAL,DOWN,60,0.0761,CORRECTIVE,55,30,50,WEAK,BEARISH,50,40,60,NORMAL,58,55,45,-0.4,False,80,0.5857341200971885,87.456,RANGING,90,False,NONE,1.327968,1.328808,1.328342,FAR,30,50,85,DOWN,DOWN,DOWN,100,DOWN,DOWN,DOWN,False,"['M1', 'M5', 'M15']",100,100,SIDEWAY_RANGE,SIDEWAY_RANGE,54,60,True,28,Price ranging between clear levels. Suitable for mean-reversion strategies.,1.0,0.5,False,False,False,False,0.3,0.3,True,False,False,18,True,[],0,NO,SIDEWAY_RANGE,Price ranging between clear levels. Suitable for mean-reversion strategies.,NORMAL,NONE_OTC,0.09,[],True,Passed basic checks,0,100,50,MEDIUM,5,WAIT,รอการวิเคราะห์จาก AI
2026-06-30 21:12:00,1.328105,1.328715,1.328105,1.328495,1.0,GBPUSD-OTC,BEARISH,1.328679,1.328881,1.329483,1.331484,1.336507,1.348499,BEARISH,1.330972,1.327598,0.003375,0.005762,42.76,41.59,-0.000931,-0.001063,0.000132,44.99,49.92,0.001191,35.68,-0.4,0.001236,0.001261,19.27,16.23,23.76,18.84,0.0761,1.0,1.0,1.0,False,4.4e-05,-9.1e-05,-0.0002,1.328342,1.328808,1.329182,1.327968,1.327502,22,3.32,1.328265,1.329965,NO_VOLUME_DATA,1.328493,1.328701,1.328817,1.328945,42.6,45.22,-9.2e-05,2.1e-05,19.72,15.3,0.000496,1.329822,1.327977,1.328438,1.328772,1.328162,1.0,1.0,1.328495,1.328715,1.328105,1.328105,NEW YORK,423795,LOW,1.328495,1.328715,1.328105,1.328105,NEW YORK,423795,LOW,NONE,BULLISH,BULLISH,WEAK,AT_PIVOT,LOW_WICK,NEUTRAL,CHAOTIC,NONE,TESTING_PIVOT,NORMAL,58,13,-27.5761368377094,50,NEUTRAL,False,70,[],0,0,NEUTRAL,BULLISH,40,False,NONE,0,False,False,False,60,False,0,100,DOWN,NONE,NONE,0,True,75,55,45,80,False,True,NEUTRAL,70,False,0.0,NONE,True,BULLISH,True,True,90,True,70,1.7543859649112967,4.716590815059652,50.0,18,POOR,False,75,65,-0.030231620169491977,4,100.0,True,RANDOM,70,44.46977989699024,7.076784934176085,True,MOMENTUM_SHIFT,False,True,False,65,True,70,DOWN,60,CORRECTIVE,NORMAL,DOWN,60,0.0761,CORRECTIVE,55,30,50,WEAK,BEARISH,50,40,60,NORMAL,58,55,45,-0.4,False,80,0.5857341200971885,87.456,RANGING,90,False,NONE,1.327968,1.328808,1.328342,FAR,30,50,85,DOWN,DOWN,DOWN,100,DOWN,DOWN,DOWN,False,"['M1', 'M5', 'M15']",100,100,SIDEWAY_RANGE,SIDEWAY_RANGE,54,60,True,28,Price ranging between clear levels. Suitable for mean-reversion strategies.,1.0,0.5,False,False,False,False,0.3,0.3,True,False,False,18,True,[],0,NO,SIDEWAY_RANGE,Price ranging between clear levels. Suitable for mean-reversion strategies.,NORMAL,NONE_OTC,0.09,[],True,Passed basic checks,0,100,50,MEDIUM,5,WAIT,รอการวิเคราะห์จาก AI
2026-06-30 21:13:00,1.328105,1.328715,1.328105,1.328495,1.0,GBPUSD-OTC,BEARISH,1.328679,1.328881,1.329483,1.331484,1.336507,1.348499,BEARISH,1.330972,1.327598,0.003375,0.005762,42.76,41.59,-0.000931,-0.001063,0.000132,44.99,49.92,0.001191,35.68,-0.4,0.001236,0.001261,19.27,16.23,23.76,18.84,0.0761,1.0,1.0,1.0,False,4.4e-05,-9.1e-05,-0.0002,1.328342,1.328808,1.329182,1.327968,1.327502,22,3.32,1.328265,1.329965,NO_VOLUME_DATA,1.328493,1.328701,1.328817,1.328945,42.6,45.22,-9.2e-05,2.1e-05,19.72,15.3,0.000496,1.329822,1.327977,1.328438,1.328772,1.328162,1.0,1.0,1.328495,1.328715,1.328105,1.328105,NEW YORK,484377,LOW,1.328495,1.328715,1.328105,1.328105,NEW YORK,484377,LOW,NONE,BULLISH,BULLISH,WEAK,AT_PIVOT,LOW_WICK,NEUTRAL,CHAOTIC,NONE,TESTING_PIVOT,NORMAL,58,13,-27.5761368377094,50,NEUTRAL,False,70,[],0,0,NEUTRAL,BULLISH,40,False,NONE,0,False,False,False,60,False,0,100,DOWN,NONE,NONE,0,True,75,55,45,80,False,True,NEUTRAL,70,False,0.0,NONE,True,BULLISH,True,True,90,True,70,1.7543859649112967,4.716590815059652,50.0,18,POOR,False,75,65,-0.030231620169491977,4,100.0,True,RANDOM,70,44.46977989699024,7.076784934176085,True,MOMENTUM_SHIFT,False,True,False,65,True,70,DOWN,60,CORRECTIVE,NORMAL,DOWN,60,0.0761,CORRECTIVE,55,30,50,WEAK,BEARISH,50,40,60,NORMAL,58,55,45,-0.4,False,80,0.5857341200971885,87.456,RANGING,90,False,NONE,1.327968,1.328808,1.328342,FAR,30,50,85,DOWN,DOWN,DOWN,100,DOWN,DOWN,DOWN,False,"['M1', 'M5', 'M15']",100,100,SIDEWAY_RANGE,SIDEWAY_RANGE,54,60,True,28,Price ranging between clear levels. Suitable for mean-reversion strategies.,1.0,0.5,False,False,False,False,0.3,0.3,True,False,False,18,True,[],0,NO,SIDEWAY_RANGE,Price ranging between clear levels. Suitable for mean-reversion strategies.,NORMAL,NONE_OTC,0.09,[],True,Passed basic checks,0,100,50,MEDIUM,5,WAIT,รอการวิเคราะห์จาก AI
2026-06-30 21:14:00,1.328105,1.328715,1.328105,1.328495,1.0,GBPUSD-OTC,BEARISH,1.328679,1.328881,1.329483,1.331484,1.336507,1.348499,BEARISH,1.330972,1.327598,0.003375,0.005762,42.76,41.59,-0.000931,-0.001063,0.000132,44.99,49.92,0.001191,35.68,-0.4,0.001236,0.001261,19.27,16.23,23.76,18.84,0.0761,1.0,1.0,1.0,False,4.4e-05,-9.1e-05,-0.0002,1.328342,1.328808,1.329182,1.327968,1.327502,22,3.32,1.328265,1.329965,NO_VOLUME_DATA,1.328493,1.328701,1.328817,1.328945,42.6,45.22,-9.2e-05,2.1e-05,19.72,15.3,0.000496,1.329822,1.327977,1.328438,1.328772,1.328162,1.0,1.0,1.328495,1.328715,1.328105,1.328105,NEW YORK,543837,LOW,1.328495,1.328715,1.328105,1.328105,NEW YORK,543837,LOW,NONE,BULLISH,BULLISH,WEAK,AT_PIVOT,LOW_WICK,NEUTRAL,CHAOTIC,NONE,TESTING_PIVOT,NORMAL,58,13,-27.5761368377094,50,NEUTRAL,False,70,[],0,0,NEUTRAL,BULLISH,40,False,NONE,0,False,False,False,60,False,0,100,DOWN,NONE,NONE,0,True,75,55,45,80,False,True,NEUTRAL,70,False,0.0,NONE,True,BULLISH,True,True,90,True,70,1.7543859649112967,4.716590815059652,50.0,18,POOR,False,75,65,-0.030231620169491977,4,100.0,True,RANDOM,70,44.46977989699024,7.076784934176085,True,MOMENTUM_SHIFT,False,True,False,65,True,70,DOWN,60,CORRECTIVE,NORMAL,DOWN,60,0.0761,CORRECTIVE,55,30,50,WEAK,BEARISH,50,40,60,NORMAL,58,55,45,-0.4,False,80,0.5857341200971885,87.456,RANGING,90,False,NONE,1.327968,1.328808,1.328342,FAR,30,50,85,DOWN,DOWN,DOWN,100,DOWN,DOWN,DOWN,False,"['M1', 'M5', 'M15']",100,100,SIDEWAY_RANGE,SIDEWAY_RANGE,54,60,True,28,Price ranging between clear levels. Suitable for mean-reversion strategies.,1.0,0.5,False,False,False,False,0.3,0.3,True,False,False,18,True,[],0,NO,SIDEWAY_RANGE,Price ranging between clear levels. Suitable for mean-reversion strategies.,NORMAL,NONE_OTC,0.09,[],True,Passed basic checks,0,100,50,MEDIUM,5,WAIT,รอการวิเคราะห์จาก AI
2026-06-30 21:15:00,1.328475,1.328785,1.328475,1.328695,1.0,GBPUSD-OTC,BEARISH,1.328508,1.32875,1.329358,1.331354,1.336329,1.348203,BEARISH,1.330964,1.327465,0.003499,0.00575,40.13,40.41,-0.000927,-0.001036,0.000109,33.33,42.8,0.001168,37.19,-0.38,0.001224,0.001263,19.15,15.79,22.5,17.51,-0.0158,1.0,1.0,1.0,False,-7.3e-05,-0.000102,-0.000197,1.328288,1.328662,1.329158,1.327792,1.327418,23,3.39,1.327805,1.329965,NO_VOLUME_DATA,1.328508,1.328563,1.328681,1.328858,52.64,49.58,-0.000125,-8.1e-05,29.78,28.4,0.000477,1.329834,1.327814,1.328652,1.328828,1.328518,1.0,1.0,1.328695,1.328785,1.328475,1.328475,NEW YORK,305635,LOW,1.328695,1.328785,1.328475,1.328475,NEW YORK,305635,LOW,NONE,BEARISH,BEARISH,WEAK,AT_PIVOT,LOW_WICK,NEUTRAL,CHAOTIC,NONE,TESTING_PIVOT,NORMAL,57,13,-33.50449293966166,50,NEUTRAL,False,70,[],0,0,NEUTRAL,BEARISH,40,False,NONE,0,False,False,False,60,False,0,100,DOWN,NONE,NONE,0,True,75,55,45,80,False,True,NEUTRAL,70,False,0.0,NONE,True,BULLISH,True,True,90,True,70,10.344827586206222,8.74734607218656,55.00000000000001,24,POOR,False,75,63,-0.016675347736862585,4,90.0,True,RANDOM,70,44.60750860240728,7.147833801166258,False,NONE,False,False,False,100,True,70,DOWN,80,CHOPPY,NORMAL,DOWN,80,-0.0158,CHOPPY,65,30,65,WEAK,NONE,50,30,60,NORMAL,58,55,45,-0.38,False,80,0.6085217391304348,86.248,RANGING,90,False,NONE,1.327792,1.328662,1.328288,FAR,30,50,85,NONE,DOWN,DOWN,66,DOWN,DOWN,NONE,False,"['M1', 'M5', 'M15']",66,66,SIDEWAY_RANGE,SIDEWAY_RANGE,54,60,True,28,Price ranging between clear levels. Suitable for mean-reversion strategies.,1.0,0.5,False,False,False,False,0.3,0.3,True,False,False,18,True,[],0,NO,SIDEWAY_RANGE,Price ranging between clear levels. Suitable for mean-reversion strategies.,NORMAL,NONE_OTC,0.088,[],True,Passed basic checks,0,66,50,MEDIUM,5,WAIT,รอการวิเคราะห์จาก AI
2026-06-30 21:16:00,1.328475,1.328785,1.328475,1.328695,1.0,GBPUSD-OTC,BEARISH,1.328508,1.32875,1.329358,1.331354,1.336329,1.348203,BEARISH,1.330964,1.327465,0.003499,0.00575,40.13,40.41,-0.000927,-0.001036,0.000109,33.33,42.8,0.001168,37.19,-0.38,0.001224,0.001263,19.15,15.79,22.5,17.51,-0.0158,1.0,1.0,1.0,False,-7.3e-05,-0.000102,-0.000197,1.328288,1.328662,1.329158,1.327792,1.327418,23,3.39,1.327805,1.329965,NO_VOLUME_DATA,1.328508,1.328563,1.328681,1.328858,52.64,49.58,-0.000125,-8.1e-05,29.78,28.4,0.000477,1.329834,1.327814,1.328652,1.328828,1.328518,1.0,1.0,1.328695,1.328785,1.328475,1.328475,NEW YORK,364460,LOW,1.328695,1.328785,1.328475,1.328475,NEW YORK,364460,LOW,NONE,BEARISH,BEARISH,WEAK,AT_PIVOT,LOW_WICK,NEUTRAL,CHAOTIC,NONE,TESTING_PIVOT,NORMAL,57,13,-33.50449293966166,50,NEUTRAL,False,70,[],0,0,NEUTRAL,BEARISH,40,False,NONE,0,False,False,False,60,False,0,100,DOWN,NONE,NONE,0,True,75,55,45,80,False,True,NEUTRAL,70,False,0.0,NONE,True,BULLISH,True,True,90,True,70,10.344827586206222,8.74734607218656,55.00000000000001,24,POOR,False,75,63,-0.016675347736862585,4,90.0,True,RANDOM,70,44.60750860240728,7.147833801166258,False,NONE,False,False,False,100,True,70,DOWN,80,CHOPPY,NORMAL,DOWN,80,-0.0158,CHOPPY,65,30,65,WEAK,NONE,50,30,60,NORMAL,58,55,45,-0.38,False,80,0.6085217391304348,86.248,RANGING,90,False,NONE,1.327792,1.328662,1.328288,FAR,30,50,85,NONE,DOWN,DOWN,66,DOWN,DOWN,NONE,False,"['M1', 'M5', 'M15']",66,66,SIDEWAY_RANGE,SIDEWAY_RANGE,54,60,True,28,Price ranging between clear levels. Suitable for mean-reversion strategies.,1.0,0.5,False,False,False,False,0.3,0.3,True,False,False,18,True,[],0,NO,SIDEWAY_RANGE,Price ranging between clear levels. Suitable for mean-reversion strategies.,NORMAL,NONE_OTC,0.088,[],True,Passed basic checks,0,66,50,MEDIUM,5,WAIT,รอการวิเคราะห์จาก AI
2026-06-30 21:17:00,1.328475,1.328785,1.328475,1.328695,1.0,GBPUSD-OTC,BEARISH,1.328508,1.32875,1.329358,1.331354,1.336329,1.348203,BEARISH,1.330964,1.327465,0.003499,0.00575,40.13,40.41,-0.000927,-0.001036,0.000109,33.33,42.8,0.001168,37.19,-0.38,0.001224,0.001263,19.15,15.79,22.5,17.51,-0.0158,1.0,1.0,1.0,False,-7.3e-05,-0.000102,-0.000197,1.328288,1.328662,1.329158,1.327792,1.327418,23,3.39,1.327805,1.329965,NO_VOLUME_DATA,1.328508,1.328563,1.328681,1.328858,52.64,49.58,-0.000125,-8.1e-05,29.78,28.4,0.000477,1.329834,1.327814,1.328652,1.328828,1.328518,1.0,1.0,1.328695,1.328785,1.328475,1.328475,NEW YORK,424084,LOW,1.328695,1.328785,1.328475,1.328475,NEW YORK,424084,LOW,NONE,BEARISH,BEARISH,WEAK,AT_PIVOT,LOW_WICK,NEUTRAL,CHAOTIC,NONE,TESTING_PIVOT,NORMAL,57,13,-33.50449293966166,50,NEUTRAL,False,70,[],0,0,NEUTRAL,BEARISH,40,False,NONE,0,False,False,False,60,False,0,100,DOWN,NONE,NONE,0,True,75,55,45,80,False,True,NEUTRAL,70,False,0.0,NONE,True,BULLISH,True,True,90,True,70,10.344827586206222,8.74734607218656,55.00000000000001,24,POOR,False,75,63,-0.016675347736862585,4,90.0,True,RANDOM,70,44.60750860240728,7.147833801166258,False,NONE,False,False,False,100,True,70,DOWN,80,CHOPPY,NORMAL,DOWN,80,-0.0158,CHOPPY,65,30,65,WEAK,NONE,50,30,60,NORMAL,58,55,45,-0.38,False,80,0.6085217391304348,86.248,RANGING,90,False,NONE,1.327792,1.328662,1.328288,FAR,30,50,85,NONE,DOWN,DOWN,66,DOWN,DOWN,NONE,False,"['M1', 'M5', 'M15']",66,66,SIDEWAY_RANGE,SIDEWAY_RANGE,54,60,True,28,Price ranging between clear levels. Suitable for mean-reversion strategies.,1.0,0.5,False,False,False,False,0.3,0.3,True,False,False,18,True,[],0,NO,SIDEWAY_RANGE,Price ranging between clear levels. Suitable for mean-reversion strategies.,NORMAL,NONE_OTC,0.088,[],True,Passed basic checks,0,66,50,MEDIUM,5,WAIT,รอการวิเคราะห์จาก AI
2026-06-30 21:18:00,1.328475,1.328785,1.328475,1.328695,1.0,GBPUSD-OTC,BEARISH,1.328508,1.32875,1.329358,1.331354,1.336329,1.348203,BEARISH,1.330964,1.327465,0.003499,0.00575,40.13,40.41,-0.000927,-0.001036,0.000109,33.33,42.8,0.001168,37.19,-0.38,0.001224,0.001263,19.15,15.79,22.5,17.51,-0.0158,1.0,1.0,1.0,False,-7.3e-05,-0.000102,-0.000197,1.328288,1.328662,1.329158,1.327792,1.327418,23,3.39,1.327805,1.329965,NO_VOLUME_DATA,1.328508,1.328563,1.328681,1.328858,52.64,49.58,-0.000125,-8.1e-05,29.78,28.4,0.000477,1.329834,1.327814,1.328652,1.328828,1.328518,1.0,1.0,1.328695,1.328785,1.328475,1.328475,NEW YORK,484568,LOW,1.328695,1.328785,1.328475,1.328475,NEW YORK,484568,LOW,NONE,BEARISH,BEARISH,WEAK,AT_PIVOT,LOW_WICK,NEUTRAL,CHAOTIC,NONE,TESTING_PIVOT,NORMAL,57,13,-33.50449293966166,50,NEUTRAL,False,70,[],0,0,NEUTRAL,BEARISH,40,False,NONE,0,False,False,False,60,False,0,100,DOWN,NONE,NONE,0,True,75,55,45,80,False,True,NEUTRAL,70,False,0.0,NONE,True,BULLISH,True,True,90,True,70,10.344827586206222,8.74734607218656,55.00000000000001,24,POOR,False,75,63,-0.016675347736862585,4,90.0,True,RANDOM,70,44.60750860240728,7.147833801166258,False,NONE,False,False,False,100,True,70,DOWN,80,CHOPPY,NORMAL,DOWN,80,-0.0158,CHOPPY,65,30,65,WEAK,NONE,50,30,60,NORMAL,58,55,45,-0.38,False,80,0.6085217391304348,86.248,RANGING,90,False,NONE,1.327792,1.328662,1.328288,FAR,30,50,85,NONE,DOWN,DOWN,66,DOWN,DOWN,NONE,False,"['M1', 'M5', 'M15']",66,66,SIDEWAY_RANGE,SIDEWAY_RANGE,54,60,True,28,Price ranging between clear levels. Suitable for mean-reversion strategies.,1.0,0.5,False,False,False,False,0.3,0.3,True,False,False,18,True,[],0,NO,SIDEWAY_RANGE,Price ranging between clear levels. Suitable for mean-reversion strategies.,NORMAL,NONE_OTC,0.088,[],True,Passed basic checks,0,66,50,MEDIUM,5,WAIT,รอการวิเคราะห์จาก AI
2026-06-30 21:19:00,1.328475,1.328785,1.328475,1.328695,1.0,GBPUSD-OTC,BEARISH,1.328508,1.32875,1.329358,1.331354,1.336329,1.348203,BEARISH,1.330964,1.327465,0.003499,0.00575,40.13,40.41,-0.000927,-0.001036,0.000109,33.33,42.8,0.001168,37.19,-0.38,0.001224,0.001263,19.15,15.79,22.5,17.51,-0.0158,1.0,1.0,1.0,False,-7.3e-05,-0.000102,-0.000197,1.328288,1.328662,1.329158,1.327792,1.327418,23,3.39,1.327805,1.329965,NO_VOLUME_DATA,1.328508,1.328563,1.328681,1.328858,52.64,49.58,-0.000125,-8.1e-05,29.78,28.4,0.000477,1.329834,1.327814,1.328652,1.328828,1.328518,1.0,1.0,1.328695,1.328785,1.328475,1.328475,NEW YORK,544151,LOW,1.328695,1.328785,1.328475,1.328475,NEW YORK,544151,LOW,NONE,BEARISH,BEARISH,WEAK,AT_PIVOT,LOW_WICK,NEUTRAL,CHAOTIC,NONE,TESTING_PIVOT,NORMAL,57,13,-33.50449293966166,50,NEUTRAL,False,70,[],0,0,NEUTRAL,BEARISH,40,False,NONE,0,False,False,False,60,False,0,100,DOWN,NONE,NONE,0,True,75,55,45,80,False,True,NEUTRAL,70,False,0.0,NONE,True,BULLISH,True,True,90,True,70,10.344827586206222,8.74734607218656,55.00000000000001,24,POOR,False,75,63,-0.016675347736862585,4,90.0,True,RANDOM,70,44.60750860240728,7.147833801166258,False,NONE,False,False,False,100,True,70,DOWN,80,CHOPPY,NORMAL,DOWN,80,-0.0158,CHOPPY,65,30,65,WEAK,NONE,50,30,60,NORMAL,58,55,45,-0.38,False,80,0.6085217391304348,86.248,RANGING,90,False,NONE,1.327792,1.328662,1.328288,FAR,30,50,85,NONE,DOWN,DOWN,66,DOWN,DOWN,NONE,False,"['M1', 'M5', 'M15']",66,66,SIDEWAY_RANGE,SIDEWAY_RANGE,54,60,True,28,Price ranging between clear levels. Suitable for mean-reversion strategies.,1.0,0.5,False,False,False,False,0.3,0.3,True,False,False,18,True,[],0,NO,SIDEWAY_RANGE,Price ranging between clear levels. Suitable for mean-reversion strategies.,NORMAL,NONE_OTC,0.088,[],True,Passed basic checks,0,66,50,MEDIUM,5,WAIT,รอการวิเคราะห์จาก AI
2026-06-30 21:20:00,1.328135,1.328205,1.327495,1.327575,1.0,GBPUSD-OTC,BEARISH,1.32808,1.328473,1.329155,1.331192,1.336139,1.347922,BEARISH,1.330951,1.327178,0.003773,0.005748,32.11,36.49,-0.000988,-0.001026,3.8e-05,25.98,34.77,0.001163,22.11,-0.44,0.00121,0.001267,19.75,14.73,25.95,27.6,-0.173,1.0,1.0,1.0,False,-0.000186,-0.000115,-0.000198,1.327512,1.327918,1.328612,1.326818,1.326412,24,3.4,1.327805,1.329965,NO_VOLUME_DATA,1.328018,1.32821,1.328427,1.328712,26.99,36.09,-0.000236,-0.000154,15.58,18.16,0.000476,1.329776,1.327431,1.327758,1.328022,1.327312,1.0,1.0,1.327575,1.328205,1.327495,1.328135,NEW YORK,304982,LOW,1.327575,1.328205,1.327495,1.328135,NEW YORK,304982,LOW,NONE,BEARISH,BEARISH,WEAK,AT_PIVOT,LOW_WICK,BEARISH,CHAOTIC,NONE,TESTING_PIVOT,NORMAL,57,13,-30.500894454378162,50,NEUTRAL,False,70,[],0,0,NEUTRAL,BEARISH,40,False,NONE,0,False,False,False,60,False,0,100,DOWN,NONE,NONE,0,True,75,82,18,80,True,True,CONTINUATION,70,False,0.0,NONE,True,BULLISH,True,True,90,True,70,21.55172413793036,11.455239711497194,60.0,31,POOR,False,75,63,-0.019894514472682603,4,90.0,True,RANDOM,70,45.41650657035242,7.220496568854392,False,NONE,False,False,False,100,True,70,DOWN,100,IMPULSIVE,LOW,DOWN,100,-0.173,IMPULSIVE,90,30,95,WEAK,NONE,55,30,65,LOW,58,55,45,-0.44,False,65,0.6564022268615171,98.312,RANGING,90,False,NONE,1.326818,1.327918,1.327512,FAR,30,50,85,DOWN,DOWN,DOWN,100,DOWN,DOWN,DOWN,False,"['M1', 'M5', 'M15']",100,100,BREAKOUT_EMERGING,BREAKOUT_EMERGING,50,70,True,28,"Volatility expansion after compression. Potential breakout opportunity. (breakout prob: 30%, reversal prob: 50%)",1.0,0.5,False,False,False,False,0.3,0.3,True,False,False,18,True,[],0,NO,BREAKOUT_EMERGING,"Volatility expansion after compression. Potential breakout opportunity. (breakout prob: 30%, reversal prob: 50%)",LOW,NONE_OTC,0.088,[],True,Passed basic checks,0,100,50,MEDIUM,5,WAIT,รอการวิเคราะห์จาก AI
2026-06-30 21:21:00,1.328135,1.328205,1.327495,1.327575,1.0,GBPUSD-OTC,BEARISH,1.32808,1.328473,1.329155,1.331192,1.336139,1.347922,BEARISH,1.330951,1.327178,0.003773,0.005748,32.11,36.49,-0.000988,-0.001026,3.8e-05,25.98,34.77,0.001163,22.11,-0.44,0.00121,0.001267,19.75,14.73,25.95,27.6,-0.173,1.0,1.0,1.0,False,-0.000186,-0.000115,-0.000198,1.327512,1.327918,1.328612,1.326818,1.326412,24,3.4,1.327805,1.329965,NO_VOLUME_DATA,1.328018,1.32821,1.328427,1.328712,26.99,36.09,-0.000236,-0.000154,15.58,18.16,0.000476,1.329776,1.327431,1.327758,1.328022,1.327312,1.0,1.0,1.327575,1.328205,1.327495,1.328135,NEW YORK,364674,LOW,1.327575,1.328205,1.327495,1.328135,NEW YORK,364674,LOW,NONE,BEARISH,BEARISH,WEAK,AT_PIVOT,LOW_WICK,BEARISH,CHAOTIC,NONE,TESTING_PIVOT,NORMAL,57,13,-30.500894454378162,50,NEUTRAL,False,70,[],0,0,NEUTRAL,BEARISH,40,False,NONE,0,False,False,False,60,False,0,100,DOWN,NONE,NONE,0,True,75,82,18,80,True,True,CONTINUATION,70,False,0.0,NONE,True,BULLISH,True,True,90,True,70,21.55172413793036,11.455239711497194,60.0,31,POOR,False,75,63,-0.019894514472682603,4,90.0,True,RANDOM,70,45.41650657035242,7.220496568854392,False,NONE,False,False,False,100,True,70,DOWN,100,IMPULSIVE,LOW,DOWN,100,-0.173,IMPULSIVE,90,30,95,WEAK,NONE,55,30,65,LOW,58,55,45,-0.44,False,65,0.6564022268615171,98.312,RANGING,90,False,NONE,1.326818,1.327918,1.327512,FAR,30,50,85,DOWN,DOWN,DOWN,100,DOWN,DOWN,DOWN,False,"['M1', 'M5', 'M15']",100,100,SIDEWAY_RANGE,SIDEWAY_RANGE,50,60,True,28,Price ranging between clear levels. Suitable for mean-reversion strategies.,1.0,0.5,False,False,False,False,0.3,0.3,True,False,False,18,True,[],0,NO,SIDEWAY_RANGE,Price ranging between clear levels. Suitable for mean-reversion strategies.,LOW,NONE_OTC,0.088,[],True,Passed basic checks,0,100,50,MEDIUM,5,WAIT,รอการวิเคราะห์จาก AI
2026-06-30 21:22:00,1.328135,1.328205,1.327495,1.327575,1.0,GBPUSD-OTC,BEARISH,1.32808,1.328473,1.329155,1.331192,1.336139,1.347922,BEARISH,1.330951,1.327178,0.003773,0.005748,32.11,36.49,-0.000988,-0.001026,3.8e-05,25.98,34.77,0.001163,22.11,-0.44,0.00121,0.001267,19.75,14.73,25.95,27.6,-0.173,1.0,1.0,1.0,False,-0.000186,-0.000115,-0.000198,1.327512,1.327918,1.328612,1.326818,1.326412,24,3.4,1.327805,1.329965,NO_VOLUME_DATA,1.328018,1.32821,1.328427,1.328712,26.99,36.09,-0.000236,-0.000154,15.58,18.16,0.000476,1.329776,1.327431,1.327758,1.328022,1.327312,1.0,1.0,1.327575,1.328205,1.327495,1.328135,NEW YORK,424506,LOW,1.327575,1.328205,1.327495,1.328135,NEW YORK,424506,LOW,NONE,BEARISH,BEARISH,WEAK,AT_PIVOT,LOW_WICK,BEARISH,CHAOTIC,NONE,TESTING_PIVOT,NORMAL,57,13,-30.500894454378162,50,NEUTRAL,False,70,[],0,0,NEUTRAL,BEARISH,40,False,NONE,0,False,False,False,60,False,0,100,DOWN,NONE,NONE,0,True,75,82,18,80,True,True,CONTINUATION,70,False,0.0,NONE,True,BULLISH,True,True,90,True,70,21.55172413793036,11.455239711497194,60.0,31,POOR,False,75,63,-0.019894514472682603,4,90.0,True,RANDOM,70,45.41650657035242,7.220496568854392,False,NONE,False,False,False,100,True,70,DOWN,100,IMPULSIVE,LOW,DOWN,100,-0.173,IMPULSIVE,90,30,95,WEAK,NONE,55,30,65,LOW,58,55,45,-0.44,False,65,0.6564022268615171,98.312,RANGING,90,False,NONE,1.326818,1.327918,1.327512,FAR,30,50,85,DOWN,DOWN,DOWN,100,DOWN,DOWN,DOWN,False,"['M1', 'M5', 'M15']",100,100,BREAKOUT_EMERGING,BREAKOUT_EMERGING,50,70,True,28,"Volatility expansion after compression. Potential breakout opportunity. (breakout prob: 30%, reversal prob: 50%)",1.0,0.5,False,False,False,False,0.3,0.3,True,False,False,18,True,[],0,NO,BREAKOUT_EMERGING,"Volatility expansion after compression. Potential breakout opportunity. (breakout prob: 30%, reversal prob: 50%)",LOW,NONE_OTC,0.088,[],True,Passed basic checks,0,100,50,MEDIUM,5,WAIT,รอการวิเคราะห์จาก AI
2026-06-30 21:23:00,1.328135,1.328205,1.327495,1.327575,1.0,GBPUSD-OTC,BEARISH,1.32808,1.328473,1.329155,1.331192,1.336139,1.347922,BEARISH,1.330951,1.327178,0.003773,0.005748,32.11,36.49,-0.000988,-0.001026,3.8e-05,25.98,34.77,0.001163,22.11,-0.44,0.00121,0.001267,19.75,14.73,25.95,27.6,-0.173,1.0,1.0,1.0,False,-0.000186,-0.000115,-0.000198,1.327512,1.327918,1.328612,1.326818,1.326412,24,3.4,1.327805,1.329965,NO_VOLUME_DATA,1.328018,1.32821,1.328427,1.328712,26.99,36.09,-0.000236,-0.000154,15.58,18.16,0.000476,1.329776,1.327431,1.327758,1.328022,1.327312,1.0,1.0,1.327575,1.328205,1.327495,1.328135,NEW YORK,483840,LOW,1.327575,1.328205,1.327495,1.328135,NEW YORK,483840,LOW,NONE,BEARISH,BEARISH,WEAK,AT_PIVOT,LOW_WICK,BEARISH,CHAOTIC,NONE,TESTING_PIVOT,NORMAL,57,13,-30.500894454378162,50,NEUTRAL,False,70,[],0,0,NEUTRAL,BEARISH,40,False,NONE,0,False,False,False,60,False,0,100,DOWN,NONE,NONE,0,True,75,82,18,80,True,True,CONTINUATION,70,False,0.0,NONE,True,BULLISH,True,True,90,True,70,21.55172413793036,11.455239711497194,60.0,31,POOR,False,75,63,-0.019894514472682603,4,90.0,True,RANDOM,70,45.41650657035242,7.220496568854392,False,NONE,False,False,False,100,True,70,DOWN,100,IMPULSIVE,LOW,DOWN,100,-0.173,IMPULSIVE,90,30,95,WEAK,NONE,55,30,65,LOW,58,55,45,-0.44,False,65,0.6564022268615171,98.312,RANGING,90,False,NONE,1.326818,1.327918,1.327512,FAR,30,50,85,DOWN,DOWN,DOWN,100,DOWN,DOWN,DOWN,False,"['M1', 'M5', 'M15']",100,100,BREAKOUT_EMERGING,BREAKOUT_EMERGING,50,70,True,28,"Volatility expansion after compression. Potential breakout opportunity. (breakout prob: 30%, reversal prob: 50%)",1.0,0.5,False,False,False,False,0.3,0.3,True,False,False,18,True,[],0,NO,BREAKOUT_EMERGING,"Volatility expansion after compression. Potential breakout opportunity. (breakout prob: 30%, reversal prob: 50%)",LOW,NONE_OTC,0.088,[],True,Passed basic checks,0,100,50,MEDIUM,5,WAIT,รอการวิเคราะห์จาก AI
2026-06-30 21:24:00,1.328135,1.328205,1.327495,1.327575,1.0,GBPUSD-OTC,BEARISH,1.32808,1.328473,1.329155,1.331192,1.336139,1.347922,BEARISH,1.330951,1.327178,0.003773,0.005748,32.11,36.49,-0.000988,-0.001026,3.8e-05,25.98,34.77,0.001163,22.11,-0.44,0.00121,0.001267,19.75,14.73,25.95,27.6,-0.173,1.0,1.0,1.0,False,-0.000186,-0.000115,-0.000198,1.327512,1.327918,1.328612,1.326818,1.326412,24,3.4,1.327805,1.329965,NO_VOLUME_DATA,1.328018,1.32821,1.328427,1.328712,26.99,36.09,-0.000236,-0.000154,15.58,18.16,0.000476,1.329776,1.327431,1.327758,1.328022,1.327312,1.0,1.0,1.327575,1.328205,1.327495,1.328135,NEW YORK,544532,LOW,1.327575,1.328205,1.327495,1.328135,NEW YORK,544532,LOW,NONE,BEARISH,BEARISH,WEAK,AT_PIVOT,LOW_WICK,BEARISH,CHAOTIC,NONE,TESTING_PIVOT,NORMAL,57,13,-30.500894454378162,50,NEUTRAL,False,70,[],0,0,NEUTRAL,BEARISH,40,False,NONE,0,False,False,False,60,False,0,100,DOWN,NONE,NONE,0,True,75,82,18,80,True,True,CONTINUATION,70,False,0.0,NONE,True,BULLISH,True,True,90,True,70,21.55172413793036,11.455239711497194,60.0,31,POOR,False,75,63,-0.019894514472682603,4,90.0,True,RANDOM,70,45.41650657035242,7.220496568854392,False,NONE,False,False,False,100,True,70,DOWN,100,IMPULSIVE,LOW,DOWN,100,-0.173,IMPULSIVE,90,30,95,WEAK,NONE,55,30,65,LOW,58,55,45,-0.44,False,65,0.6564022268615171,98.312,RANGING,90,False,NONE,1.326818,1.327918,1.327512,FAR,30,50,85,DOWN,DOWN,DOWN,100,DOWN,DOWN,DOWN,False,"['M1', 'M5', 'M15']",100,100,BREAKOUT_EMERGING,BREAKOUT_EMERGING,50,70,True,28,"Volatility expansion after compression. Potential breakout opportunity. (breakout prob: 30%, reversal prob: 50%)",1.0,0.5,False,False,False,False,0.3,0.3,True,False,False,18,True,[],0,NO,BREAKOUT_EMERGING,"Volatility expansion after compression. Potential breakout opportunity. (breakout prob: 30%, reversal prob: 50%)",LOW,NONE_OTC,0.088,[],True,Passed basic checks,0,100,50,MEDIUM,5,WAIT,รอการวิเคราะห์จาก AI
2026-06-30 21:25:00,1.327265,1.327815,1.327235,1.327655,1.0,GBPUSD-OTC,BEARISH,1.328015,1.328366,1.329034,1.331062,1.335972,1.3477,BEARISH,1.330872,1.327053,0.00382,0.005749,41.66,40.83,-0.000972,-0.001015,4.3e-05,22.86,27.39,0.001139,26.63,-0.41,0.001195,0.001273,20.31,13.96,24.6,27.6,-0.1031,1.0,1.0,1.0,False,-0.000172,-0.000118,-0.000197,1.327725,1.328215,1.328545,1.327395,1.326905,25,3.48,1.327805,1.329965,NO_VOLUME_DATA,1.327552,1.327745,1.328053,1.328488,42.66,41.21,-0.000356,-0.000277,17.49,13.64,0.000444,1.329018,1.327192,1.327568,1.327902,1.327322,1.0,1.0,1.327655,1.327815,1.327235,1.327265,NEW YORK,305262,LOW,1.327655,1.327815,1.327235,1.327265,NEW YORK,305262,LOW,NONE,BULLISH,BULLISH,WEAK,AT_PIVOT,LOW_WICK,NEUTRAL,CHAOTIC,NONE,TESTING_PIVOT,NORMAL,56,13,-21.405152224819002,50,NEUTRAL,False,70,[],0,0,NEUTRAL,BULLISH,40,False,NONE,0,False,False,False,60,False,0,100,DOWN,NONE,NONE,0,True,75,55,45,80,False,True,NEUTRAL,70,False,0.0,NONE,True,BULLISH,True,True,90,True,70,14.285714285714729,12.976445396145749,55.00000000000001,27,POOR,False,75,63,-0.03510412867690152,4,90.0,True,RANDOM,70,46.91787289139516,4.851000746356295,False,NONE,False,False,False,100,True,70,DOWN,100,IMPULSIVE,NORMAL,DOWN,100,-0.1031,IMPULSIVE,85,30,85,NORMAL,NONE,60,30,70,NORMAL,58,55,45,-0.41,False,80,0.6644633849365107,94.696,RANGING,90,False,NONE,1.327395,1.328215,1.327725,FAR,30,50,85,DOWN,DOWN,DOWN,100,DOWN,DOWN,DOWN,False,"['M1', 'M5', 'M15']",100,100,SIDEWAY_RANGE,SIDEWAY_RANGE,50,60,True,29,Price ranging between clear levels. Suitable for mean-reversion strategies.,1.0,0.5,False,False,False,False,0.3,0.3,True,False,False,18,True,[],0,NO,SIDEWAY_RANGE,Price ranging between clear levels. Suitable for mean-reversion strategies.,NORMAL,NONE_OTC,0.086,[],True,Passed basic checks,0,100,50,MEDIUM,5,WAIT,รอการวิเคราะห์จาก AI
2026-06-30 21:31:00,1.328405,1.328775,1.328245,1.328665,1.0,GBPUSD-OTC,BEARISH,1.328224,1.328374,1.328917,1.330856,1.335654,1.347162,BEARISH,1.330444,1.327105,0.003339,0.005745,48.25,44.01,-0.000848,-0.000965,0.000117,41.1,30.6,0.00106,0.5,-0.59,0.001164,0.001274,18.88,18.69,22.8,9.89,-0.0241,1.0,1.0,1.0,False,-0.000119,-8.9e-05,-0.000188,1.328398,1.328402,1.328408,1.328392,1.328388,20,3.45,1.327105,1.329965,NO_VOLUME_DATA,1.328464,1.328274,1.32819,1.328398,62.0,55.96,1.8e-05,-0.000124,81.64,83.12,0.000487,1.328836,1.327112,1.328562,1.328878,1.328348,1.0,1.0,1.328665,1.328775,1.328245,1.328405,NEW YORK,64066,HIGH,1.328665,1.328775,1.328245,1.328405,NEW YORK,64066,HIGH,NONE,BEARISH,BEARISH,WEAK,AT_PIVOT,LOW_WICK,NEUTRAL,CHAOTIC,NONE,TESTING_PIVOT,NORMAL,56,13,-11.43141153080961,50,NEUTRAL,False,70,[],0,0,NEUTRAL,BEARISH,40,False,NONE,0,False,False,False,60,False,0,100,DOWN,NONE,NONE,0,True,75,55,45,80,False,True,NEUTRAL,70,False,0.0,NONE,True,BULLISH,True,True,90,True,70,9.83213429256662,5.665591893136953,55.00000000000001,23,POOR,False,75,63,-0.029294063869078516,4,90.0,True,RANDOM,70,48.135937490797225,2.8106796926007713,False,NONE,False,False,False,100,True,70,DOWN,100,CHOPPY,LOW,DOWN,100,-0.0241,CHOPPY,75,30,75,WEAK,NONE,50,30,60,LOW,58,55,45,-0.59,False,65,0.581201044386423,100.0,RANGING,90,False,NONE,1.327105,1.328402,1.328398,FAR,30,50,85,NONE,DOWN,DOWN,66,DOWN,DOWN,NONE,False,"['M1', 'M5', 'M15']",66,66,BREAKOUT_EMERGING,BREAKOUT_EMERGING,53,70,True,28,"Volatility expansion after compression. Potential breakout opportunity. (breakout prob: 30%, reversal prob: 50%)",1.0,0.5,False,False,False,False,0.3,0.3,True,False,False,18,True,[],0,NO,BREAKOUT_EMERGING,"Volatility expansion after compression. Potential breakout opportunity. (breakout prob: 30%, reversal prob: 50%)",LOW,NONE_OTC,0.08,[],True,Passed basic checks,0,66,50,MEDIUM,5,WAIT,รอการวิเคราะห์จาก AI
2026-06-30 21:58:00,1.329625,1.329925,1.329535,1.329815,1.0,GBPUSD-OTC,BEARISH,1.329568,1.329271,1.32926,1.330663,1.335145,1.346693,BULLISH,1.33054,1.327072,0.003467,0.005728,54.83,50.36,-0.000248,-0.00058,0.000332,72.84,78.46,0.001166,34.5,-0.39,0.001162,0.001236,16.92,21.39,16.36,13.34,0.1054,1.0,1.0,1.0,False,0.000296,5.6e-05,-0.000149,1.329742,1.329948,1.330332,1.329358,1.329152,32,3.45,1.327105,1.329965,NO_VOLUME_DATA,1.32992,1.330021,1.32982,1.329288,45.55,52.06,0.000335,0.000453,21.71,37.17,0.000525,1.331247,1.328621,1.329758,1.329982,1.329592,1.0,1.0,1.329815,1.329925,1.329535,1.329625,NEW YORK,184014,LOW,1.329815,1.329925,1.329535,1.329625,NEW YORK,184014,LOW,NONE,BEARISH,BEARISH,WEAK,AT_PIVOT,LOW_WICK,NEUTRAL,CHAOTIC,TRUE,TESTING_PIVOT,NORMAL,53,13,2.9887310142131294,50,NEUTRAL,False,70,[],0,0,NEUTRAL,BEARISH,40,True,BULL_TRAP,75,True,False,True,70,False,0,50,NONE,NONE,NONE,0,False,50,55,45,80,False,True,NEUTRAL,70,False,0.0,NONE,True,BULLISH,True,True,90,True,70,6.386175807663575,9.464838567005598,55.00000000000001,23,POOR,False,75,56,-0.016765371659120322,4,40.0,False,RANDOM,70,50.71080486775657,0.3439483522950238,True,MOMENTUM_SHIFT,False,True,False,65,True,70,NONE,100,CHOPPY,NORMAL,NONE,100,0.1054,CHOPPY,20,50,30,WEAK,NONE,50,40,60,NORMAL,58,55,45,-0.39,False,80,0.6052723463687152,88.4,RANGING,90,False,NONE,1.327105,1.329948,1.329742,FAR,30,50,85,NONE,NONE,DOWN,33,DOWN,DOWN,NONE,False,"['M1', 'M5', 'M15']",33,33,SIDEWAY_RANGE,SIDEWAY_RANGE,62,60,True,27,Price ranging between clear levels. Suitable for mean-reversion strategies.,1.0,0.5,False,False,True,False,0.3,0.3,True,False,False,18,True,[],0,NO,SIDEWAY_RANGE,Price ranging between clear levels. Suitable for mean-reversion strategies.,NORMAL,NONE_OTC,0.088,[],True,Passed basic checks,0,33,50,MEDIUM,5,WAIT,รอการวิเคราะห์จาก AI,MEDIUM,WAIT,5
