timestamp,open,high,low,close,volume,symbol,m15_bias,m5_ema5,m5_ema10,m5_ema20,m5_ema50,m5_ema100,m5_ema200,m5_bias,m5_bb_upper,m5_bb_lower,m5_bb_width,m5_bbw_sma_100,m5_rsi7,m5_rsi14,m5_macd,m5_macd_signal,m5_macd_hist,m5_stoch_k,m5_stoch_d,m5_atr14,m5_atr_percentile,m5_atr_zscore,m5_atr_recent_avg,m5_atr_past_avg,m5_adx,m5_di_plus,m5_di_minus,m5_dx,m5_roc,m5_volume,m5_volume_ma20,m5_volume_ratio,m5_volume_spike,m5_slope_10,m5_slope_20,m5_slope_50,m5_pivot,m5_r1,m5_r2,m5_s1,m5_s2,m5_box_duration,m5_box_tightness,m5_support,m5_resistance,m5_volume_trend,m1_ema5,m1_ema10,m1_ema20,m1_ema50,m1_rsi7,m1_rsi14,m1_macd,m1_macd_signal,m1_stoch_k,m1_stoch_d,m1_atr14,m1_bb_upper,m1_bb_lower,m1_pivot,m1_r1,m1_s1,m1_volume,m1_volume_ratio,meta_close,meta_high,meta_low,meta_open,meta_session,meta_data_age_ms,meta_data_quality,ohlcv_close,ohlcv_high,ohlcv_low,ohlcv_open,ohlcv_session,ohlcv_data_age_ms,ohlcv_data_quality,price_action_pattern,price_action_last_candle_bias,price_action_last_candle,price_action_body_strength,price_action_rejection_zone,price_action_wick_dominance,price_action_momentum_bias,price_action_move_quality,price_action_trap_alert,price_action_sr_interaction,price_action_volume_momentum,behavior_conviction,behavior_hesitation,behavior_pressure_balance,behavior_participation,behavior_behavior,behavior_is_decisive,behavior_confidence,candle_pattern_patterns_detected,candle_pattern_pattern_count,candle_pattern_pattern_strength,candle_pattern_bias,candle_pattern_last_candle_color,candle_pattern_confidence,trap_detector_trap_detected,trap_detector_trap_type,trap_detector_trap_score,trap_detector_false_breakout,trap_detector_stop_hunt,trap_detector_rejection_wick,trap_detector_confidence,conflict_conflict_detected,conflict_conflict_score,conflict_agreement_score,conflict_ema_direction,conflict_momentum_direction,conflict_candle_direction,conflict_conflicting_signals,conflict_all_aligned,conflict_confidence,continuation_continuation_probability,continuation_reversal_probability,continuation_pullback_health,continuation_momentum_intact,continuation_volume_supports_move,continuation_bias,continuation_confidence,continuation_retest_detected,continuation_retest_quality,continuation_retest_type,divergence_divergence_detected,divergence_divergence_type,divergence_rsi_divergence,divergence_macd_divergence,divergence_divergence_strength,divergence_both_confirm,divergence_confidence,efficiency_efficiency_ratio,efficiency_path_efficiency,efficiency_directional_efficiency,efficiency_overall_efficiency,efficiency_movement_quality,efficiency_is_efficient,efficiency_confidence,persistence_persistence_score,persistence_autocorrelation,persistence_max_consecutive_run,persistence_trend_persistence,persistence_is_persistent,persistence_behavior,persistence_confidence,persistence_expansion_persistence,persistence_fatigue_risk,transition_in_transition,transition_transition_type,transition_volatility_shift,transition_momentum_shift,transition_structure_shift,transition_stability_score,transition_is_stable,transition_confidence,analysis_trend_direction,analysis_trend_strength,analysis_trend_type,analysis_volatility_regime,engines_trend_direction,engines_trend_strength,engines_trend_momentum,engines_trend_type,engines_trend_confidence,engines_trend_reversal_risk,engines_trend_sustain_probability,engines_strength_momentum_level,engines_strength_divergence,engines_strength_strength_score,engines_strength_exhaustion_risk,engines_strength_confidence,engines_volatility_regime,engines_volatility_volatility_score,engines_volatility_expansion_probability,engines_volatility_contraction_probability,engines_volatility_volatility_zscore,engines_volatility_spike_detected,engines_volatility_confidence,engines_volatility_bbw_compression_ratio,engines_volatility_compression_quality,engines_structure_structure_type,engines_structure_structure_score,engines_structure_bos_detected,engines_structure_bos_type,engines_structure_key_zones_strong_support,engines_structure_key_zones_strong_resistance,engines_structure_key_zones_middle,engines_structure_zone_proximity,engines_structure_breakout_probability,engines_structure_reversal_probability,engines_structure_confidence,engines_mtf_directions_by_tf_M1,engines_mtf_directions_by_tf_M5,engines_mtf_directions_by_tf_M15,engines_mtf_alignment_score,engines_mtf_dominant_direction,engines_mtf_htf_direction,engines_mtf_ltf_direction,engines_mtf_htf_ltf_conflict,engines_mtf_timeframes_analyzed,engines_mtf_confidence_from_mtf,engines_mtf_confidence,market_state,market_state_full_state,market_state_full_confidence,market_state_full_quality_score,market_state_full_tradeable,market_state_full_stability,market_state_full_description,market_state_full_risk_level,market_state_full_suggested_action,market_state_full_suggested_expiry,market_state_full_metrics_volume_ratio,market_state_full_metrics_noise_level,market_state_full_metrics_rsi_extreme_bull,market_state_full_metrics_rsi_extreme_bear,market_state_full_metrics_price_above_ma20,market_state_full_metrics_price_above_ma50,market_state_full_metrics_wick_lower_ratio,market_state_full_metrics_wick_upper_ratio,market_state_full_metrics_compression_detected,market_state_full_metrics_divergence_detected,market_state_full_metrics_volume_surge,market_state_full_metrics_adaptive_adx_threshold,market_state_full_metrics_is_otc,signals_triggered,signals_count,signals_top_signal,market_context_state,market_context_description,market_context_volatility_regime,market_context_news_impact,market_context_expected_volatility_%,market_context_recent_ai_memory,decision_layer_tradeable,decision_layer_tradeable_reason,decision_layer_confidence_score,decision_layer_stability_score,decision_layer_quality_score,decision_layer_risk_level,decision_layer_suggested_expiry_minutes,decision_layer_suggested_action,decision_layer_final_reason_th
2026-07-02 19:39:00,1.310565,1.310585,1.310175,1.310205,1.0,GBPUSD-OTC,BEARISH,1.310543,1.311199,1.312437,1.314507,1.314803,1.312952,BEARISH,1.317113,1.308426,0.008687,0.011094,17.86,25.27,-0.001573,-0.001439,-0.000134,12.07,17.03,0.001117,19.0,-0.56,0.001116,0.001135,32.59,13.08,35.63,46.31,-0.1335,1.0,1.0,1.0,False,-0.000103,-0.000353,-0.000191,1.309775,1.310235,1.311045,1.308965,1.308505,20,7.4,1.310235,1.312205,NO_VOLUME_DATA,1.310769,1.311051,1.311191,1.311654,21.3,34.15,-0.00014,-1.7e-05,5.51,14.05,0.000483,1.312286,1.310346,1.310322,1.310468,1.310058,1.0,1.0,1.310205,1.310585,1.310175,1.310565,LONDON,244282,LOW,1.310205,1.310585,1.310175,1.310565,LONDON,244282,LOW,NONE,BEARISH,BEARISH,WEAK,AT_PIVOT,LOW_WICK,BEARISH,NORMAL,NONE,TESTING_PIVOT,NORMAL,50,23,-28.75436554132389,50,NEUTRAL,False,70,[],0,0,NEUTRAL,BEARISH,40,False,NONE,0,False,False,False,60,False,0,100,DOWN,DOWN,DOWN,0,True,100,82,18,80,True,True,CONTINUATION,70,False,0.0,NONE,False,NONE,False,False,0,False,60,66.81614349775616,34.96791934005519,75.0,58,GOOD,False,75,85,0.08635049239795062,9,90.0,True,RANDOM,70,49.7947556413685,5.060799064646909,True,STRUCTURE_BREAK,False,False,True,70,True,70,DOWN,100,IMPULSIVE,LOW,DOWN,100,-0.1335,IMPULSIVE,85,30,85,NORMAL,NONE,75,30,85,LOW,58,55,45,-0.56,False,65,0.7830358752478818,100.0,RANGING,90,False,NONE,1.308965,1.310235,1.309775,FAR,30,50,85,DOWN,DOWN,NONE,66,DOWN,NONE,DOWN,False,"['M1', 'M5', 'M15']",66,66,BREAKOUT_EMERGING,BREAKOUT_EMERGING,52,70,True,34,"Volatility expansion after compression. Potential breakout opportunity. (breakout prob: 30%, reversal prob: 50%)",MEDIUM,PREPARE_TO_TRADE,5,1.0,0.5,False,False,False,False,0.3,0.3,True,False,False,18,True,[],0,NO,BREAKOUT_EMERGING,"Volatility expansion after compression. Potential breakout opportunity. (breakout prob: 30%, reversal prob: 50%)",LOW,NONE_OTC,0.085,[],True,Passed basic checks,0,66,50,MEDIUM,5,WAIT,รอการวิเคราะห์จาก AI
2026-07-02 19:40:00,1.310565,1.310585,1.310175,1.310205,1.0,GBPUSD-OTC,BEARISH,1.310743,1.311308,1.312495,1.31453,1.314815,1.312957,BEARISH,1.317058,1.308541,0.008516,0.011092,21.07,27.3,-0.001525,-0.001429,-9.6e-05,16.73,18.59,0.001125,21.0,-0.53,0.001117,0.001135,32.65,12.98,36.12,47.14,-0.0877,1.0,1.0,1.0,False,-7e-05,-0.000345,-0.00019,1.309935,1.310675,1.311325,1.309285,1.308545,20,7.46,1.310235,1.312205,NO_VOLUME_DATA,1.310769,1.311051,1.311191,1.311654,21.3,34.15,-0.00014,-1.7e-05,5.51,14.05,0.000483,1.312286,1.310346,1.310322,1.310468,1.310058,1.0,1.0,1.310205,1.310585,1.310175,1.310565,LONDON,304767,LOW,1.310205,1.310585,1.310175,1.310565,LONDON,304767,LOW,NONE,BEARISH,BEARISH,WEAK,AT_PIVOT,HIGH_WICK,BEARISH,NORMAL,NONE,TESTING_PIVOT,NORMAL,48,23,-26.176115802168265,50,NEUTRAL,False,70,[],0,0,NEUTRAL,BEARISH,40,False,NONE,0,False,False,False,60,False,0,100,DOWN,NONE,DOWN,0,True,100,55,45,80,False,True,NEUTRAL,70,False,0.0,NONE,False,NONE,False,False,0,False,60,64.92890995260512,32.04193254330055,75.0,57,GOOD,False,75,85,0.07491277771415124,9,90.0,True,RANDOM,70,48.35218419386918,5.848524154070752,True,STRUCTURE_BREAK,False,False,True,70,True,70,DOWN,80,CHOPPY,LOW,DOWN,80,-0.0877,CHOPPY,75,30,75,NORMAL,NONE,75,30,85,LOW,58,55,45,-0.53,False,65,0.7677605481428056,99.2,RANGING,90,False,NONE,1.309285,1.310675,1.309935,FAR,30,50,85,DOWN,DOWN,NONE,66,DOWN,NONE,DOWN,False,"['M1', 'M5', 'M15']",66,66,BREAKOUT_EMERGING,BREAKOUT_EMERGING,52,70,True,34,"Volatility expansion after compression. Potential breakout opportunity. (breakout prob: 30%, reversal prob: 50%)",MEDIUM,PREPARE_TO_TRADE,5,1.0,0.5,False,False,False,False,0.3,0.3,True,False,False,18,True,[],0,NO,BREAKOUT_EMERGING,"Volatility expansion after compression. Potential breakout opportunity. (breakout prob: 30%, reversal prob: 50%)",LOW,NONE_OTC,0.086,[],True,Passed basic checks,0,66,50,MEDIUM,5,WAIT,รอการวิเคราะห์จาก AI
2026-07-02 19:41:00,1.310565,1.310585,1.310175,1.310205,1.0,GBPUSD-OTC,BEARISH,1.310743,1.311308,1.312495,1.31453,1.314815,1.312957,BEARISH,1.317058,1.308541,0.008516,0.011092,21.07,27.3,-0.001525,-0.001429,-9.6e-05,16.73,18.59,0.001125,21.0,-0.53,0.001117,0.001135,32.65,12.98,36.12,47.14,-0.0877,1.0,1.0,1.0,False,-7e-05,-0.000345,-0.00019,1.309935,1.310675,1.311325,1.309285,1.308545,20,7.46,1.310235,1.312205,NO_VOLUME_DATA,1.310769,1.311051,1.311191,1.311654,21.3,34.15,-0.00014,-1.7e-05,5.51,14.05,0.000483,1.312286,1.310346,1.310322,1.310468,1.310058,1.0,1.0,1.310205,1.310585,1.310175,1.310565,LONDON,364606,LOW,1.310205,1.310585,1.310175,1.310565,LONDON,364606,LOW,NONE,BEARISH,BEARISH,WEAK,AT_PIVOT,HIGH_WICK,BEARISH,NORMAL,NONE,TESTING_PIVOT,NORMAL,48,23,-26.176115802168265,50,NEUTRAL,False,70,[],0,0,NEUTRAL,BEARISH,40,False,NONE,0,False,False,False,60,False,0,100,DOWN,NONE,DOWN,0,True,100,55,45,80,False,True,NEUTRAL,70,False,0.0,NONE,False,NONE,False,False,0,False,60,64.92890995260512,32.04193254330055,75.0,57,GOOD,False,75,85,0.07491277771415124,9,90.0,True,RANDOM,70,48.35218419386918,5.848524154070752,True,STRUCTURE_BREAK,False,False,True,70,True,70,DOWN,80,CHOPPY,LOW,DOWN,80,-0.0877,CHOPPY,75,30,75,NORMAL,NONE,75,30,85,LOW,58,55,45,-0.53,False,65,0.7677605481428056,99.2,RANGING,90,False,NONE,1.309285,1.310675,1.309935,FAR,30,50,85,DOWN,DOWN,NONE,66,DOWN,NONE,DOWN,False,"['M1', 'M5', 'M15']",66,66,BREAKOUT_EMERGING,BREAKOUT_EMERGING,52,70,True,34,"Volatility expansion after compression. Potential breakout opportunity. (breakout prob: 30%, reversal prob: 50%)",MEDIUM,PREPARE_TO_TRADE,5,1.0,0.5,False,False,False,False,0.3,0.3,True,False,False,18,True,[],0,NO,BREAKOUT_EMERGING,"Volatility expansion after compression. Potential breakout opportunity. (breakout prob: 30%, reversal prob: 50%)",LOW,NONE_OTC,0.086,[],True,Passed basic checks,0,66,50,MEDIUM,5,WAIT,รอการวิเคราะห์จาก AI
2026-07-02 19:42:00,1.310565,1.310585,1.310175,1.310205,1.0,GBPUSD-OTC,BEARISH,1.310743,1.311308,1.312495,1.31453,1.314815,1.312957,BEARISH,1.317058,1.308541,0.008516,0.011092,21.07,27.3,-0.001525,-0.001429,-9.6e-05,16.73,18.59,0.001125,21.0,-0.53,0.001117,0.001135,32.65,12.98,36.12,47.14,-0.0877,1.0,1.0,1.0,False,-7e-05,-0.000345,-0.00019,1.309935,1.310675,1.311325,1.309285,1.308545,20,7.46,1.310235,1.312205,NO_VOLUME_DATA,1.310769,1.311051,1.311191,1.311654,21.3,34.15,-0.00014,-1.7e-05,5.51,14.05,0.000483,1.312286,1.310346,1.310322,1.310468,1.310058,1.0,1.0,1.310205,1.310585,1.310175,1.310565,LONDON,423994,LOW,1.310205,1.310585,1.310175,1.310565,LONDON,423994,LOW,NONE,BEARISH,BEARISH,WEAK,AT_PIVOT,HIGH_WICK,BEARISH,NORMAL,NONE,TESTING_PIVOT,NORMAL,48,23,-26.176115802168265,50,NEUTRAL,False,70,[],0,0,NEUTRAL,BEARISH,40,False,NONE,0,False,False,False,60,False,0,100,DOWN,NONE,DOWN,0,True,100,55,45,80,False,True,NEUTRAL,70,False,0.0,NONE,False,NONE,False,False,0,False,60,64.92890995260512,32.04193254330055,75.0,57,GOOD,False,75,85,0.07491277771415124,9,90.0,True,RANDOM,70,48.35218419386918,5.848524154070752,True,STRUCTURE_BREAK,False,False,True,70,True,70,DOWN,80,CHOPPY,LOW,DOWN,80,-0.0877,CHOPPY,75,30,75,NORMAL,NONE,75,30,85,LOW,58,55,45,-0.53,False,65,0.7677605481428056,99.2,RANGING,90,False,NONE,1.309285,1.310675,1.309935,FAR,30,50,85,DOWN,DOWN,NONE,66,DOWN,NONE,DOWN,False,"['M1', 'M5', 'M15']",66,66,BREAKOUT_EMERGING,BREAKOUT_EMERGING,52,70,True,34,"Volatility expansion after compression. Potential breakout opportunity. (breakout prob: 30%, reversal prob: 50%)",MEDIUM,PREPARE_TO_TRADE,5,1.0,0.5,False,False,False,False,0.3,0.3,True,False,False,18,True,[],0,NO,BREAKOUT_EMERGING,"Volatility expansion after compression. Potential breakout opportunity. (breakout prob: 30%, reversal prob: 50%)",LOW,NONE_OTC,0.086,[],True,Passed basic checks,0,66,50,MEDIUM,5,WAIT,รอการวิเคราะห์จาก AI
2026-07-02 19:43:00,1.310565,1.310585,1.310175,1.310205,1.0,GBPUSD-OTC,BEARISH,1.310743,1.311308,1.312495,1.31453,1.314815,1.312957,BEARISH,1.317058,1.308541,0.008516,0.011092,21.07,27.3,-0.001525,-0.001429,-9.6e-05,16.73,18.59,0.001125,21.0,-0.53,0.001117,0.001135,32.65,12.98,36.12,47.14,-0.0877,1.0,1.0,1.0,False,-7e-05,-0.000345,-0.00019,1.309935,1.310675,1.311325,1.309285,1.308545,20,7.46,1.310235,1.312205,NO_VOLUME_DATA,1.310769,1.311051,1.311191,1.311654,21.3,34.15,-0.00014,-1.7e-05,5.51,14.05,0.000483,1.312286,1.310346,1.310322,1.310468,1.310058,1.0,1.0,1.310205,1.310585,1.310175,1.310565,LONDON,484501,LOW,1.310205,1.310585,1.310175,1.310565,LONDON,484501,LOW,NONE,BEARISH,BEARISH,WEAK,AT_PIVOT,HIGH_WICK,BEARISH,NORMAL,NONE,TESTING_PIVOT,NORMAL,48,23,-26.176115802168265,50,NEUTRAL,False,70,[],0,0,NEUTRAL,BEARISH,40,False,NONE,0,False,False,False,60,False,0,100,DOWN,NONE,DOWN,0,True,100,55,45,80,False,True,NEUTRAL,70,False,0.0,NONE,False,NONE,False,False,0,False,60,64.92890995260512,32.04193254330055,75.0,57,GOOD,False,75,85,0.07491277771415124,9,90.0,True,RANDOM,70,48.35218419386918,5.848524154070752,True,STRUCTURE_BREAK,False,False,True,70,True,70,DOWN,80,CHOPPY,LOW,DOWN,80,-0.0877,CHOPPY,75,30,75,NORMAL,NONE,75,30,85,LOW,58,55,45,-0.53,False,65,0.7677605481428056,99.2,RANGING,90,False,NONE,1.309285,1.310675,1.309935,FAR,30,50,85,DOWN,DOWN,NONE,66,DOWN,NONE,DOWN,False,"['M1', 'M5', 'M15']",66,66,BREAKOUT_EMERGING,BREAKOUT_EMERGING,52,70,True,34,"Volatility expansion after compression. Potential breakout opportunity. (breakout prob: 30%, reversal prob: 50%)",MEDIUM,PREPARE_TO_TRADE,5,1.0,0.5,False,False,False,False,0.3,0.3,True,False,False,18,True,[],0,NO,BREAKOUT_EMERGING,"Volatility expansion after compression. Potential breakout opportunity. (breakout prob: 30%, reversal prob: 50%)",LOW,NONE_OTC,0.086,[],True,Passed basic checks,0,66,50,MEDIUM,5,WAIT,รอการวิเคราะห์จาก AI
2026-07-02 19:44:00,1.310565,1.310585,1.310175,1.310205,1.0,GBPUSD-OTC,BEARISH,1.310743,1.311308,1.312495,1.31453,1.314815,1.312957,BEARISH,1.317058,1.308541,0.008516,0.011092,21.07,27.3,-0.001525,-0.001429,-9.6e-05,16.73,18.59,0.001125,21.0,-0.53,0.001117,0.001135,32.65,12.98,36.12,47.14,-0.0877,1.0,1.0,1.0,False,-7e-05,-0.000345,-0.00019,1.309935,1.310675,1.311325,1.309285,1.308545,20,7.46,1.310235,1.312205,NO_VOLUME_DATA,1.310769,1.311051,1.311191,1.311653,21.3,34.15,-0.00014,-1.7e-05,5.51,14.05,0.000483,1.312286,1.310346,1.310322,1.310468,1.310058,1.0,1.0,1.310205,1.310585,1.310175,1.310565,LONDON,543966,LOW,1.310205,1.310585,1.310175,1.310565,LONDON,543966,LOW,NONE,BEARISH,BEARISH,WEAK,AT_PIVOT,HIGH_WICK,BEARISH,NORMAL,NONE,TESTING_PIVOT,NORMAL,48,23,-26.176115802168265,50,NEUTRAL,False,70,[],0,0,NEUTRAL,BEARISH,40,False,NONE,0,False,False,False,60,False,0,100,DOWN,NONE,DOWN,0,True,100,55,45,80,False,True,NEUTRAL,70,False,0.0,NONE,False,NONE,False,False,0,False,60,64.92890995260512,32.04193254330055,75.0,57,GOOD,False,75,85,0.07491277771415124,9,90.0,True,RANDOM,70,48.35218419386918,5.848524154070752,True,STRUCTURE_BREAK,False,False,True,70,True,70,DOWN,80,CHOPPY,LOW,DOWN,80,-0.0877,CHOPPY,75,30,75,NORMAL,NONE,75,30,85,LOW,58,55,45,-0.53,False,65,0.7677605481428056,99.2,RANGING,90,False,NONE,1.309285,1.310675,1.309935,FAR,30,50,85,DOWN,DOWN,NONE,66,DOWN,NONE,DOWN,False,"['M1', 'M5', 'M15']",66,66,BREAKOUT_EMERGING,BREAKOUT_EMERGING,52,70,True,34,"Volatility expansion after compression. Potential breakout opportunity. (breakout prob: 30%, reversal prob: 50%)",MEDIUM,PREPARE_TO_TRADE,5,1.0,0.5,False,False,False,False,0.3,0.3,True,False,False,18,True,[],0,NO,BREAKOUT_EMERGING,"Volatility expansion after compression. Potential breakout opportunity. (breakout prob: 30%, reversal prob: 50%)",LOW,NONE_OTC,0.086,[],True,Passed basic checks,0,66,50,MEDIUM,5,WAIT,รอการวิเคราะห์จาก AI
2026-07-02 19:45:00,1.310045,1.310505,1.310005,1.310495,1.0,GBPUSD-OTC,BEARISH,1.310423,1.311031,1.312236,1.314344,1.314705,1.312848,BEARISH,1.316411,1.308461,0.00795,0.010842,19.44,26.39,-0.001553,-0.001454,-9.9e-05,13.86,16.18,0.001157,29.65,-0.4,0.001121,0.001131,33.74,11.72,33.3,47.94,-0.0923,1.0,1.0,1.0,False,-0.000125,-0.00032,-0.000193,1.309842,1.310598,1.311412,1.309028,1.308272,20,6.93,1.310235,1.312205,NO_VOLUME_DATA,1.310127,1.310347,1.310682,1.311331,50.48,45.71,-0.000374,-0.000249,26.38,14.31,0.000522,1.312656,1.309387,1.310335,1.310665,1.310165,1.0,1.0,1.310495,1.310505,1.310005,1.310045,LONDON,306034,LOW,1.310495,1.310505,1.310005,1.310045,LONDON,306034,LOW,NONE,BEARISH,BEARISH,WEAK,AT_SUPPORT,HIGH_WICK,BEARISH,NOISY,NONE,TESTING_SUPPORT,NORMAL,46,26,-37.0843989769792,50,NEUTRAL,False,70,[],0,0,NEUTRAL,BEARISH,40,False,NONE,0,False,False,False,60,False,0,100,DOWN,NONE,DOWN,0,True,100,70,30,80,False,True,CONTINUATION,70,True,85.0,BEARISH,False,NONE,False,False,0,False,60,68.52026390197881,27.207850133809487,80.0,58,GOOD,False,75,87,0.05336967634860001,9,100.0,True,RANDOM,70,51.77181749718823,2.8022541010341406,True,STRUCTURE_BREAK,False,False,True,70,True,70,DOWN,100,CHOPPY,NORMAL,DOWN,100,-0.0923,CHOPPY,85,30,85,NORMAL,NONE,75,30,85,NORMAL,58,55,45,-0.4,False,80,0.7332595462091865,92.28,RANGING,90,False,NONE,1.309028,1.310598,1.309842,FAR,30,50,85,DOWN,DOWN,NONE,66,DOWN,NONE,DOWN,False,"['M1', 'M5', 'M15']",66,66,SIDEWAY_RANGE,SIDEWAY_RANGE,53,51,False,13,Price ranging between clear levels. Suitable for mean-reversion strategies.,HIGH,WAIT,5,1.0,0.8,False,False,False,False,0.3,0.3,True,False,False,18,True,[],0,NO,SIDEWAY_RANGE,Price ranging between clear levels. Suitable for mean-reversion strategies.,NORMAL,NONE_OTC,0.088,[],False,Passed basic checks,0,66,50,MEDIUM,5,WAIT,รอการวิเคราะห์จาก AI
2026-07-02 19:46:00,1.310045,1.310505,1.310005,1.310495,1.0,GBPUSD-OTC,BEARISH,1.310423,1.311031,1.312236,1.314344,1.314705,1.312848,BEARISH,1.316411,1.308461,0.00795,0.010842,19.44,26.39,-0.001553,-0.001454,-9.9e-05,13.86,16.18,0.001157,29.65,-0.4,0.001121,0.001131,33.74,11.72,33.3,47.94,-0.0923,1.0,1.0,1.0,False,-0.000125,-0.00032,-0.000193,1.309842,1.310598,1.311412,1.309028,1.308272,20,6.93,1.310235,1.312205,NO_VOLUME_DATA,1.310127,1.310347,1.310682,1.311331,50.48,45.71,-0.000374,-0.000249,26.38,14.31,0.000522,1.312656,1.309387,1.310335,1.310665,1.310165,1.0,1.0,1.310495,1.310505,1.310005,1.310045,LONDON,364563,LOW,1.310495,1.310505,1.310005,1.310045,LONDON,364563,LOW,NONE,BEARISH,BEARISH,WEAK,AT_SUPPORT,HIGH_WICK,BEARISH,NOISY,NONE,TESTING_SUPPORT,NORMAL,46,26,-37.0843989769792,50,NEUTRAL,False,70,[],0,0,NEUTRAL,BEARISH,40,False,NONE,0,False,False,False,60,False,0,100,DOWN,NONE,DOWN,0,True,100,70,30,80,False,True,CONTINUATION,70,True,85.0,BEARISH,False,NONE,False,False,0,False,60,68.52026390197881,27.207850133809487,80.0,58,GOOD,False,75,87,0.05336967634860001,9,100.0,True,RANDOM,70,51.77181749718823,2.8022541010341406,True,STRUCTURE_BREAK,False,False,True,70,True,70,DOWN,100,CHOPPY,NORMAL,DOWN,100,-0.0923,CHOPPY,85,30,85,NORMAL,NONE,75,30,85,NORMAL,58,55,45,-0.4,False,80,0.7332595462091865,92.28,RANGING,90,False,NONE,1.309028,1.310598,1.309842,FAR,30,50,85,DOWN,DOWN,NONE,66,DOWN,NONE,DOWN,False,"['M1', 'M5', 'M15']",66,66,SIDEWAY_RANGE,SIDEWAY_RANGE,53,51,False,13,Price ranging between clear levels. Suitable for mean-reversion strategies.,HIGH,WAIT,5,1.0,0.8,False,False,False,False,0.3,0.3,True,False,False,18,True,[],0,NO,SIDEWAY_RANGE,Price ranging between clear levels. Suitable for mean-reversion strategies.,NORMAL,NONE_OTC,0.088,[],False,Passed basic checks,0,66,50,MEDIUM,5,WAIT,รอการวิเคราะห์จาก AI
2026-07-02 19:47:00,1.310045,1.310505,1.310005,1.310495,1.0,GBPUSD-OTC,BEARISH,1.310423,1.311031,1.312236,1.314344,1.314705,1.312848,BEARISH,1.316411,1.308461,0.00795,0.010842,19.44,26.39,-0.001553,-0.001454,-9.9e-05,13.86,16.18,0.001157,29.65,-0.4,0.001121,0.001131,33.74,11.72,33.3,47.94,-0.0923,1.0,1.0,1.0,False,-0.000125,-0.00032,-0.000193,1.309842,1.310598,1.311412,1.309028,1.308272,20,6.93,1.310235,1.312205,NO_VOLUME_DATA,1.310127,1.310347,1.310682,1.311331,50.48,45.71,-0.000374,-0.000249,26.38,14.31,0.000522,1.312656,1.309387,1.310335,1.310665,1.310165,1.0,1.0,1.310495,1.310505,1.310005,1.310045,LONDON,423981,LOW,1.310495,1.310505,1.310005,1.310045,LONDON,423981,LOW,NONE,BEARISH,BEARISH,WEAK,AT_SUPPORT,HIGH_WICK,BEARISH,NOISY,NONE,TESTING_SUPPORT,NORMAL,46,26,-37.0843989769792,50,NEUTRAL,False,70,[],0,0,NEUTRAL,BEARISH,40,False,NONE,0,False,False,False,60,False,0,100,DOWN,NONE,DOWN,0,True,100,70,30,80,False,True,CONTINUATION,70,True,85.0,BEARISH,False,NONE,False,False,0,False,60,68.52026390197881,27.207850133809487,80.0,58,GOOD,False,75,87,0.05336967634860001,9,100.0,True,RANDOM,70,51.77181749718823,2.8022541010341406,True,STRUCTURE_BREAK,False,False,True,70,True,70,DOWN,100,CHOPPY,NORMAL,DOWN,100,-0.0923,CHOPPY,85,30,85,NORMAL,NONE,75,30,85,NORMAL,58,55,45,-0.4,False,80,0.7332595462091865,92.28,RANGING,90,False,NONE,1.309028,1.310598,1.309842,FAR,30,50,85,DOWN,DOWN,NONE,66,DOWN,NONE,DOWN,False,"['M1', 'M5', 'M15']",66,66,SIDEWAY_RANGE,SIDEWAY_RANGE,53,51,False,13,Price ranging between clear levels. Suitable for mean-reversion strategies.,HIGH,WAIT,5,1.0,0.8,False,False,False,False,0.3,0.3,True,False,False,18,True,[],0,NO,SIDEWAY_RANGE,Price ranging between clear levels. Suitable for mean-reversion strategies.,NORMAL,NONE_OTC,0.088,[],False,Passed basic checks,0,66,50,MEDIUM,5,WAIT,รอการวิเคราะห์จาก AI
2026-07-02 19:48:00,1.310045,1.310505,1.310005,1.310495,1.0,GBPUSD-OTC,BEARISH,1.310423,1.311031,1.312236,1.314344,1.314705,1.312848,BEARISH,1.316411,1.308461,0.00795,0.010842,19.44,26.39,-0.001553,-0.001454,-9.9e-05,13.86,16.18,0.001157,29.65,-0.4,0.001121,0.001131,33.74,11.72,33.3,47.94,-0.0923,1.0,1.0,1.0,False,-0.000125,-0.00032,-0.000193,1.309842,1.310598,1.311412,1.309028,1.308272,20,6.93,1.310235,1.312205,NO_VOLUME_DATA,1.310127,1.310347,1.310682,1.311331,50.48,45.71,-0.000374,-0.000249,26.38,14.31,0.000522,1.312656,1.309387,1.310335,1.310665,1.310165,1.0,1.0,1.310495,1.310505,1.310005,1.310045,LONDON,484243,LOW,1.310495,1.310505,1.310005,1.310045,LONDON,484243,LOW,NONE,BEARISH,BEARISH,WEAK,AT_SUPPORT,HIGH_WICK,BEARISH,NOISY,NONE,TESTING_SUPPORT,NORMAL,46,26,-37.0843989769792,50,NEUTRAL,False,70,[],0,0,NEUTRAL,BEARISH,40,False,NONE,0,False,False,False,60,False,0,100,DOWN,NONE,DOWN,0,True,100,70,30,80,False,True,CONTINUATION,70,True,85.0,BEARISH,False,NONE,False,False,0,False,60,68.52026390197881,27.207850133809487,80.0,58,GOOD,False,75,87,0.05336967634860001,9,100.0,True,RANDOM,70,51.77181749718823,2.8022541010341406,True,STRUCTURE_BREAK,False,False,True,70,True,70,DOWN,100,CHOPPY,NORMAL,DOWN,100,-0.0923,CHOPPY,85,30,85,NORMAL,NONE,75,30,85,NORMAL,58,55,45,-0.4,False,80,0.7332595462091865,92.28,RANGING,90,False,NONE,1.309028,1.310598,1.309842,FAR,30,50,85,DOWN,DOWN,NONE,66,DOWN,NONE,DOWN,False,"['M1', 'M5', 'M15']",66,66,SIDEWAY_RANGE,SIDEWAY_RANGE,53,51,False,13,Price ranging between clear levels. Suitable for mean-reversion strategies.,HIGH,WAIT,5,1.0,0.8,False,False,False,False,0.3,0.3,True,False,False,18,True,[],0,NO,SIDEWAY_RANGE,Price ranging between clear levels. Suitable for mean-reversion strategies.,NORMAL,NONE_OTC,0.088,[],False,Passed basic checks,0,66,50,MEDIUM,5,WAIT,รอการวิเคราะห์จาก AI
2026-07-02 19:49:00,1.310045,1.310505,1.310005,1.310495,1.0,GBPUSD-OTC,BEARISH,1.310423,1.311031,1.312236,1.314344,1.314705,1.312848,BEARISH,1.316411,1.308461,0.00795,0.010842,19.44,26.39,-0.001553,-0.001454,-9.9e-05,13.86,16.18,0.001157,29.65,-0.4,0.001121,0.001131,33.74,11.72,33.3,47.94,-0.0923,1.0,1.0,1.0,False,-0.000125,-0.00032,-0.000193,1.309842,1.310598,1.311412,1.309028,1.308272,20,6.93,1.310235,1.312205,NO_VOLUME_DATA,1.310127,1.310347,1.310682,1.311331,50.48,45.71,-0.000374,-0.000249,26.38,14.31,0.000522,1.312656,1.309387,1.310335,1.310665,1.310165,1.0,1.0,1.310495,1.310505,1.310005,1.310045,LONDON,543840,LOW,1.310495,1.310505,1.310005,1.310045,LONDON,543840,LOW,NONE,BEARISH,BEARISH,WEAK,AT_SUPPORT,HIGH_WICK,BEARISH,NOISY,NONE,TESTING_SUPPORT,NORMAL,46,26,-37.0843989769792,50,NEUTRAL,False,70,[],0,0,NEUTRAL,BEARISH,40,False,NONE,0,False,False,False,60,False,0,100,DOWN,NONE,DOWN,0,True,100,70,30,80,False,True,CONTINUATION,70,True,85.0,BEARISH,False,NONE,False,False,0,False,60,68.52026390197881,27.207850133809487,80.0,58,GOOD,False,75,87,0.05336967634860001,9,100.0,True,RANDOM,70,51.77181749718823,2.8022541010341406,True,STRUCTURE_BREAK,False,False,True,70,True,70,DOWN,100,CHOPPY,NORMAL,DOWN,100,-0.0923,CHOPPY,85,30,85,NORMAL,NONE,75,30,85,NORMAL,58,55,45,-0.4,False,80,0.7332595462091865,92.28,RANGING,90,False,NONE,1.309028,1.310598,1.309842,FAR,30,50,85,DOWN,DOWN,NONE,66,DOWN,NONE,DOWN,False,"['M1', 'M5', 'M15']",66,66,SIDEWAY_RANGE,SIDEWAY_RANGE,53,51,False,13,Price ranging between clear levels. Suitable for mean-reversion strategies.,HIGH,WAIT,5,1.0,0.8,False,False,False,False,0.3,0.3,True,False,False,18,True,[],0,NO,SIDEWAY_RANGE,Price ranging between clear levels. Suitable for mean-reversion strategies.,NORMAL,NONE_OTC,0.088,[],False,Passed basic checks,0,66,50,MEDIUM,5,WAIT,รอการวิเคราะห์จาก AI
2026-07-02 19:50:00,1.309775,1.309775,1.308905,1.309015,1.0,GBPUSD-OTC,BEARISH,1.310177,1.310786,1.311993,1.314161,1.314606,1.312817,BEARISH,1.31594,1.308312,0.007629,0.010568,18.73,26.0,-0.001566,-0.001476,-8.9e-05,16.6,15.73,0.001154,29.0,-0.41,0.001124,0.001126,34.91,10.91,32.87,50.14,-0.1441,1.0,1.0,1.0,False,-0.000181,-0.000305,-0.000194,1.309455,1.310125,1.310565,1.309015,1.308345,20,6.67,1.310235,1.312205,NO_VOLUME_DATA,1.309549,1.309849,1.310262,1.311026,31.57,34.82,-0.000482,-0.000367,11.5,17.74,0.000557,1.312342,1.308711,1.309232,1.309558,1.308688,1.0,1.0,1.309015,1.309775,1.308905,1.309775,LONDON,305549,LOW,1.309015,1.309775,1.308905,1.309775,LONDON,305549,LOW,DOJI,BEARISH,BEARISH,WEAK,AT_PIVOT,HIGH_WICK,BEARISH,NOISY,TRUE,TESTING_PIVOT,NORMAL,45,30,-40.66363044892448,50,NEUTRAL,False,70,['DOJI'],1,20,NEUTRAL,BEARISH,60,True,REJECTION,25,False,False,True,70,False,0,100,DOWN,NONE,DOWN,0,True,100,97,3,80,True,True,CONTINUATION,70,True,85.0,BEARISH,False,NONE,False,False,0,False,60,64.98951781970561,29.66786355475814,80.0,58,GOOD,False,75,87,0.06445195981223,9,100.0,True,RANDOM,70,53.57280988344929,2.6392836216715128,True,STRUCTURE_BREAK,False,False,True,70,True,70,DOWN,100,IMPULSIVE,NORMAL,DOWN,100,-0.1441,IMPULSIVE,85,30,85,NORMAL,NONE,75,30,85,NORMAL,58,55,45,-0.41,False,80,0.7218962906888722,92.8,RANGING,90,False,NONE,1.309015,1.310125,1.309455,FAR,30,50,85,DOWN,DOWN,NONE,66,DOWN,NONE,DOWN,False,"['M1', 'M5', 'M15']",66,66,SIDEWAY_RANGE,SIDEWAY_RANGE,52,51,False,14,Price ranging between clear levels. Suitable for mean-reversion strategies.,HIGH,WAIT,5,1.0,0.8,False,False,False,False,0.3,0.3,True,False,False,18,True,[],0,NO,SIDEWAY_RANGE,Price ranging between clear levels. Suitable for mean-reversion strategies.,NORMAL,NONE_OTC,0.088,[],False,Passed basic checks,0,66,50,MEDIUM,5,WAIT,รอการวิเคราะห์จาก AI
2026-07-02 19:54:00,1.309695,1.309965,1.309485,1.309685,1.0,GBPUSD-OTC,BEARISH,1.309883,1.310515,1.311736,1.31397,1.314496,1.312749,BEARISH,1.315267,1.308285,0.006982,0.01027,16.08,24.47,-0.001589,-0.001499,-9e-05,15.1,15.19,0.001146,25.0,-0.48,0.001125,0.001125,35.89,10.64,30.74,48.56,-0.1152,1.0,1.0,1.0,False,-0.000204,-0.00028,-0.000196,1.309395,1.309865,1.310435,1.308825,1.308355,21,6.72,1.310235,1.312205,NO_VOLUME_DATA,1.309592,1.309662,1.309973,1.310751,47.96,43.74,-0.00042,-0.000432,46.17,38.48,0.00053,1.3113,1.308647,1.309712,1.309938,1.309458,1.0,1.0,1.309685,1.309965,1.309485,1.309695,LONDON,243807,LOW,1.309685,1.309965,1.309485,1.309695,LONDON,243807,LOW,NONE,BEARISH,BEARISH,WEAK,AT_PIVOT,HIGH_WICK,BEARISH,NOISY,TRUE,TESTING_PIVOT,NORMAL,44,30,-48.97009966777249,50,NEUTRAL,False,70,[],0,0,NEUTRAL,BEARISH,40,True,BEAR_TRAP,50,True,False,False,70,False,0,100,DOWN,NONE,DOWN,0,True,100,97,3,80,True,True,CONTINUATION,70,True,85.0,BEARISH,False,NONE,False,False,0,False,60,73.52941176470499,28.341528833259165,85.0,62,GOOD,True,75,87,0.06350747438446637,9,100.0,True,RANDOM,70,52.710850946545044,2.7918911578481636,True,STRUCTURE_BREAK,False,False,True,70,True,70,DOWN,100,IMPULSIVE,LOW,DOWN,100,-0.1152,IMPULSIVE,85,30,85,STRONG,NONE,75,30,85,LOW,58,40,60,-0.48,False,65,0.679844206426485,96.0,RANGING,90,False,NONE,1.308825,1.309865,1.309395,FAR,30,50,85,DOWN,DOWN,NONE,66,DOWN,NONE,DOWN,False,"['M1', 'M5', 'M15']",66,66,SIDEWAY_RANGE,SIDEWAY_RANGE,52,51,False,14,Price ranging between clear levels. Suitable for mean-reversion strategies.,HIGH,WAIT,5,1.0,0.8,False,True,False,False,0.3,0.3,True,False,False,18,True,[],0,NO,SIDEWAY_RANGE,Price ranging between clear levels. Suitable for mean-reversion strategies.,LOW,NONE_OTC,0.088,[],False,Passed basic checks,0,66,50,MEDIUM,5,WAIT,รอการวิเคราะห์จาก AI
2026-07-02 19:55:00,1.309695,1.309965,1.309485,1.309685,1.0,GBPUSD-OTC,BEARISH,1.309953,1.310553,1.311756,1.313978,1.3145,1.312752,BEARISH,1.315249,1.308324,0.006924,0.01027,17.41,25.27,-0.001572,-0.001495,-7.7e-05,16.7,15.72,0.001146,25.0,-0.48,0.001125,0.001125,35.89,10.64,30.74,48.56,-0.0992,1.0,1.0,1.0,False,-0.000192,-0.000277,-0.000195,1.309465,1.310005,1.310505,1.308965,1.308425,21,6.72,1.310235,1.312205,NO_VOLUME_DATA,1.309592,1.309662,1.309973,1.310751,47.96,43.74,-0.00042,-0.000432,46.17,38.48,0.00053,1.3113,1.308647,1.309712,1.309938,1.309458,1.0,1.0,1.309685,1.309965,1.309485,1.309695,LONDON,305424,LOW,1.309685,1.309965,1.309485,1.309695,LONDON,305424,LOW,NONE,BEARISH,BEARISH,WEAK,AT_PIVOT,HIGH_WICK,BEARISH,NOISY,TRUE,TESTING_PIVOT,NORMAL,43,33,-48.24797843665667,50,NEUTRAL,False,70,[],0,0,NEUTRAL,BEARISH,40,True,BEAR_TRAP,50,True,False,False,70,False,0,100,DOWN,NONE,DOWN,0,True,100,97,3,80,True,True,CONTINUATION,70,True,85.0,BEARISH,False,NONE,False,False,0,False,60,72.93233082706728,27.402771569066836,85.0,61,GOOD,True,75,87,0.06451406178532104,9,100.0,True,RANDOM,70,53.03925806818027,2.5745826548501016,True,STRUCTURE_BREAK,False,False,True,70,True,70,DOWN,100,CHOPPY,LOW,DOWN,100,-0.0992,CHOPPY,85,30,85,STRONG,NONE,75,30,85,LOW,58,40,60,-0.48,False,65,0.6741966893865627,96.0,RANGING,90,False,NONE,1.308965,1.310005,1.309465,FAR,30,50,85,DOWN,DOWN,NONE,66,DOWN,NONE,DOWN,False,"['M1', 'M5', 'M15']",66,66,SIDEWAY_RANGE,SIDEWAY_RANGE,52,51,False,14,Price ranging between clear levels. Suitable for mean-reversion strategies.,HIGH,WAIT,5,1.0,0.8,False,False,False,False,0.3,0.3,True,False,False,18,True,[],0,NO,SIDEWAY_RANGE,Price ranging between clear levels. Suitable for mean-reversion strategies.,LOW,NONE_OTC,0.088,[],False,Passed basic checks,0,66,50,MEDIUM,5,WAIT,รอการวิเคราะห์จาก AI
2026-07-02 19:56:00,1.309695,1.309965,1.309485,1.309685,1.0,GBPUSD-OTC,BEARISH,1.309953,1.310553,1.311756,1.313978,1.3145,1.312752,BEARISH,1.315249,1.308324,0.006924,0.01027,17.41,25.27,-0.001572,-0.001495,-7.7e-05,16.7,15.72,0.001146,25.0,-0.48,0.001125,0.001125,35.89,10.64,30.74,48.56,-0.0992,1.0,1.0,1.0,False,-0.000192,-0.000277,-0.000195,1.309465,1.310005,1.310505,1.308965,1.308425,21,6.72,1.310235,1.312205,NO_VOLUME_DATA,1.309592,1.309662,1.309973,1.310751,47.96,43.74,-0.00042,-0.000432,46.17,38.48,0.00053,1.3113,1.308647,1.309712,1.309938,1.309458,1.0,1.0,1.309685,1.309965,1.309485,1.309695,LONDON,363914,LOW,1.309685,1.309965,1.309485,1.309695,LONDON,363914,LOW,NONE,BEARISH,BEARISH,WEAK,AT_PIVOT,HIGH_WICK,BEARISH,NOISY,TRUE,TESTING_PIVOT,NORMAL,43,33,-48.24797843665667,50,NEUTRAL,False,70,[],0,0,NEUTRAL,BEARISH,40,True,BEAR_TRAP,50,True,False,False,70,False,0,100,DOWN,NONE,DOWN,0,True,100,97,3,80,True,True,CONTINUATION,70,True,85.0,BEARISH,False,NONE,False,False,0,False,60,72.93233082706728,27.402771569066836,85.0,61,GOOD,True,75,87,0.06451406178532104,9,100.0,True,RANDOM,70,53.03925806818027,2.5745826548501016,True,STRUCTURE_BREAK,False,False,True,70,True,70,DOWN,100,CHOPPY,LOW,DOWN,100,-0.0992,CHOPPY,85,30,85,STRONG,NONE,75,30,85,LOW,58,40,60,-0.48,False,65,0.6741966893865627,96.0,RANGING,90,False,NONE,1.308965,1.310005,1.309465,FAR,30,50,85,DOWN,DOWN,NONE,66,DOWN,NONE,DOWN,False,"['M1', 'M5', 'M15']",66,66,SIDEWAY_RANGE,SIDEWAY_RANGE,52,51,False,14,Price ranging between clear levels. Suitable for mean-reversion strategies.,HIGH,WAIT,5,1.0,0.8,False,False,False,False,0.3,0.3,True,False,False,18,True,[],0,NO,SIDEWAY_RANGE,Price ranging between clear levels. Suitable for mean-reversion strategies.,LOW,NONE_OTC,0.088,[],False,Passed basic checks,0,66,50,MEDIUM,5,WAIT,รอการวิเคราะห์จาก AI
2026-07-02 19:59:00,1.309475,1.310165,1.309475,1.309995,1.0,GBPUSD-OTC,BEARISH,1.309997,1.310468,1.311597,1.313826,1.314436,1.3129,BEARISH,1.314558,1.30846,0.006097,0.009952,34.76,31.87,-0.001513,-0.001499,-1.4e-05,24.57,19.29,0.001132,7.5,-0.77,0.001125,0.001122,36.05,12.91,28.9,38.24,-0.0481,1.0,1.0,1.0,False,-0.000198,-0.00024,-0.000195,1.309995,1.310515,1.310945,1.309565,1.309045,20,6.03,1.308785,1.312205,NO_VOLUME_DATA,1.309615,1.309584,1.309786,1.31052,60.79,50.49,-0.000323,-0.000401,47.47,35.31,0.000535,1.310432,1.308812,1.309878,1.310282,1.309592,1.0,1.0,1.309995,1.310165,1.309475,1.309475,LONDON,244072,LOW,1.309995,1.310165,1.309475,1.309475,LONDON,244072,LOW,BULLISH_ENGULFING,BULLISH,BULLISH,WEAK,AT_PIVOT,HIGH_WICK,BEARISH,NOISY,TRUE,TESTING_PIVOT,NORMAL,43,33,-39.33197000681559,50,NEUTRAL,False,70,['BULLISH_ENGULFING'],1,20,BULLISH,BULLISH,60,True,BEAR_TRAP,50,True,False,False,70,False,0,100,DOWN,NONE,DOWN,0,True,100,70,30,80,False,True,CONTINUATION,70,True,60.0,BEARISH,False,NONE,False,False,0,False,60,60.13001083423607,22.35347569286718,80.0,54,FAIR,False,75,87,0.06488998329210591,9,100.0,True,RANDOM,70,52.198770247052316,1.7295263729157908,True,STRUCTURE_BREAK,False,False,True,70,True,70,DOWN,100,CHOPPY,LOW,DOWN,100,-0.0481,CHOPPY,75,30,75,STRONG,NONE,70,30,80,LOW,58,40,60,-0.77,False,65,0.6126406752411575,100.0,RANGING,90,False,NONE,1.308785,1.310515,1.309995,FAR,30,50,85,NONE,DOWN,NONE,33,DOWN,NONE,NONE,False,"['M1', 'M5', 'M15']",33,33,SIDEWAY_RANGE,SIDEWAY_RANGE,52,51,False,14,Price ranging between clear levels. Suitable for mean-reversion strategies.,HIGH,WAIT,5,1.0,0.8,False,False,False,False,0.3,0.3,True,False,False,18,True,[],0,NO,SIDEWAY_RANGE,Price ranging between clear levels. Suitable for mean-reversion strategies.,LOW,NONE_OTC,0.086,[],False,Passed basic checks,0,33,50,MEDIUM,5,WAIT,รอการวิเคราะห์จาก AI
2026-07-02 20:00:00,1.309475,1.310165,1.309475,1.309995,1.0,GBPUSD-OTC,BEARISH,1.31009,1.310519,1.311624,1.313837,1.314434,1.312844,BEARISH,1.314548,1.308498,0.00605,0.009951,40.77,34.65,-0.00149,-0.001494,4e-06,27.3,20.2,0.001142,24.62,-0.45,0.001126,0.001122,35.84,13.73,28.63,35.18,-0.0267,1.0,1.0,1.0,False,-0.000183,-0.000236,-0.000194,1.310138,1.310802,1.311238,1.309702,1.309038,20,5.98,1.308785,1.312205,NO_VOLUME_DATA,1.309615,1.309584,1.309786,1.31052,60.79,50.49,-0.000323,-0.000401,47.47,35.31,0.000535,1.310432,1.308812,1.309878,1.310282,1.309592,1.0,1.0,1.309995,1.310165,1.309475,1.309475,LONDON,305768,LOW,1.309995,1.310165,1.309475,1.309475,LONDON,305768,LOW,BULLISH_ENGULFING,BULLISH,BULLISH,WEAK,AT_PIVOT,HIGH_WICK,BEARISH,NOISY,TRUE,TESTING_PIVOT,NORMAL,43,33,-36.72240802675429,50,NEUTRAL,False,70,['BULLISH_ENGULFING'],1,20,BULLISH,BULLISH,60,True,BEAR_TRAP,50,True,False,False,70,False,0,100,DOWN,NONE,DOWN,0,True,100,55,45,80,False,True,NEUTRAL,70,False,0.0,NONE,False,NONE,False,False,0,False,60,55.41535226077722,20.938628158844704,80.0,52,FAIR,False,75,87,0.06459711356011187,9,100.0,True,RANDOM,70,52.3466412878235,1.439774027850051,False,NONE,False,False,False,100,True,70,DOWN,100,CHOPPY,LOW,DOWN,100,-0.0267,CHOPPY,75,30,75,STRONG,NONE,70,30,80,LOW,58,40,60,-0.45,False,65,0.6079790975781328,96.304,RANGING,90,False,NONE,1.308785,1.310802,1.310138,FAR,30,50,85,NONE,DOWN,NONE,33,DOWN,NONE,NONE,False,"['M1', 'M5', 'M15']",33,33,SIDEWAY_RANGE,SIDEWAY_RANGE,52,51,False,14,Price ranging between clear levels. Suitable for mean-reversion strategies.,HIGH,WAIT,5,1.0,0.8,False,False,False,False,0.3,0.3,True,False,False,18,True,[],0,NO,SIDEWAY_RANGE,Price ranging between clear levels. Suitable for mean-reversion strategies.,LOW,NONE_OTC,0.087,[],False,Passed basic checks,0,33,50,MEDIUM,5,WAIT,รอการวิเคราะห์จาก AI
2026-07-02 20:01:00,1.309475,1.310165,1.309475,1.309995,1.0,GBPUSD-OTC,BEARISH,1.31009,1.310519,1.311624,1.313837,1.314434,1.312844,BEARISH,1.314548,1.308498,0.00605,0.009951,40.77,34.65,-0.00149,-0.001494,4e-06,27.3,20.2,0.001142,24.62,-0.45,0.001126,0.001122,35.84,13.73,28.63,35.18,-0.0267,1.0,1.0,1.0,False,-0.000183,-0.000236,-0.000194,1.310138,1.310802,1.311238,1.309702,1.309038,20,5.98,1.308785,1.312205,NO_VOLUME_DATA,1.309615,1.309584,1.309786,1.31052,60.79,50.49,-0.000323,-0.000401,47.47,35.31,0.000535,1.310432,1.308812,1.309878,1.310282,1.309592,1.0,1.0,1.309995,1.310165,1.309475,1.309475,LONDON,364183,LOW,1.309995,1.310165,1.309475,1.309475,LONDON,364183,LOW,BULLISH_ENGULFING,BULLISH,BULLISH,WEAK,AT_PIVOT,HIGH_WICK,BEARISH,NOISY,TRUE,TESTING_PIVOT,NORMAL,43,33,-36.72240802675429,50,NEUTRAL,False,70,['BULLISH_ENGULFING'],1,20,BULLISH,BULLISH,60,True,BEAR_TRAP,50,True,False,False,70,False,0,100,DOWN,NONE,DOWN,0,True,100,55,45,80,False,True,NEUTRAL,70,False,0.0,NONE,False,NONE,False,False,0,False,60,55.41535226077722,20.938628158844704,80.0,52,FAIR,False,75,87,0.06459711356011187,9,100.0,True,RANDOM,70,52.3466412878235,1.439774027850051,False,NONE,False,False,False,100,True,70,DOWN,100,CHOPPY,LOW,DOWN,100,-0.0267,CHOPPY,75,30,75,STRONG,NONE,70,30,80,LOW,58,40,60,-0.45,False,65,0.6079790975781328,96.304,RANGING,90,False,NONE,1.308785,1.310802,1.310138,FAR,30,50,85,NONE,DOWN,NONE,33,DOWN,NONE,NONE,False,"['M1', 'M5', 'M15']",33,33,SIDEWAY_RANGE,SIDEWAY_RANGE,52,51,False,14,Price ranging between clear levels. Suitable for mean-reversion strategies.,HIGH,WAIT,5,1.0,0.8,False,False,False,False,0.3,0.3,True,False,False,18,True,[],0,NO,SIDEWAY_RANGE,Price ranging between clear levels. Suitable for mean-reversion strategies.,LOW,NONE_OTC,0.087,[],False,Passed basic checks,0,33,50,MEDIUM,5,WAIT,รอการวิเคราะห์จาก AI
2026-07-02 20:02:00,1.309475,1.310165,1.309475,1.309995,1.0,GBPUSD-OTC,BEARISH,1.31009,1.310519,1.311624,1.313837,1.314434,1.312844,BEARISH,1.314548,1.308498,0.00605,0.009951,40.77,34.65,-0.00149,-0.001494,4e-06,27.3,20.2,0.001142,24.62,-0.45,0.001126,0.001122,35.84,13.73,28.63,35.18,-0.0267,1.0,1.0,1.0,False,-0.000183,-0.000236,-0.000194,1.310138,1.310802,1.311238,1.309702,1.309038,20,5.98,1.308785,1.312205,NO_VOLUME_DATA,1.309615,1.309584,1.309786,1.310521,60.79,50.49,-0.000323,-0.000401,47.47,35.31,0.000535,1.310432,1.308812,1.309878,1.310282,1.309592,1.0,1.0,1.309995,1.310165,1.309475,1.309475,LONDON,423705,LOW,1.309995,1.310165,1.309475,1.309475,LONDON,423705,LOW,BULLISH_ENGULFING,BULLISH,BULLISH,WEAK,AT_PIVOT,HIGH_WICK,BEARISH,NOISY,TRUE,TESTING_PIVOT,NORMAL,43,33,-36.72240802675429,50,NEUTRAL,False,70,['BULLISH_ENGULFING'],1,20,BULLISH,BULLISH,60,True,BEAR_TRAP,50,True,False,False,70,False,0,100,DOWN,NONE,DOWN,0,True,100,55,45,80,False,True,NEUTRAL,70,False,0.0,NONE,False,NONE,False,False,0,False,60,55.41535226077722,20.938628158844704,80.0,52,FAIR,False,75,87,0.06459711356011187,9,100.0,True,RANDOM,70,52.3466412878235,1.439774027850051,False,NONE,False,False,False,100,True,70,DOWN,100,CHOPPY,LOW,DOWN,100,-0.0267,CHOPPY,75,30,75,STRONG,NONE,70,30,80,LOW,58,40,60,-0.45,False,65,0.6079790975781328,96.304,RANGING,90,False,NONE,1.308785,1.310802,1.310138,FAR,30,50,85,NONE,DOWN,NONE,33,DOWN,NONE,NONE,False,"['M1', 'M5', 'M15']",33,33,SIDEWAY_RANGE,SIDEWAY_RANGE,52,51,False,14,Price ranging between clear levels. Suitable for mean-reversion strategies.,HIGH,WAIT,5,1.0,0.8,False,False,False,False,0.3,0.3,True,False,False,18,True,[],0,NO,SIDEWAY_RANGE,Price ranging between clear levels. Suitable for mean-reversion strategies.,LOW,NONE_OTC,0.087,[],False,Passed basic checks,0,33,50,MEDIUM,5,WAIT,รอการวิเคราะห์จาก AI
2026-07-02 20:03:00,1.309475,1.310165,1.309475,1.309995,1.0,GBPUSD-OTC,BEARISH,1.31009,1.310519,1.311624,1.313837,1.314434,1.312844,BEARISH,1.314548,1.308498,0.00605,0.009951,40.77,34.65,-0.00149,-0.001494,4e-06,27.3,20.2,0.001142,24.62,-0.45,0.001126,0.001122,35.84,13.73,28.63,35.18,-0.0267,1.0,1.0,1.0,False,-0.000183,-0.000236,-0.000194,1.310138,1.310802,1.311238,1.309702,1.309038,20,5.98,1.308785,1.312205,NO_VOLUME_DATA,1.309615,1.309584,1.309786,1.31052,60.79,50.49,-0.000323,-0.000401,47.47,35.31,0.000535,1.310432,1.308812,1.309878,1.310282,1.309592,1.0,1.0,1.309995,1.310165,1.309475,1.309475,LONDON,484291,LOW,1.309995,1.310165,1.309475,1.309475,LONDON,484291,LOW,BULLISH_ENGULFING,BULLISH,BULLISH,WEAK,AT_PIVOT,HIGH_WICK,BEARISH,NOISY,TRUE,TESTING_PIVOT,NORMAL,43,33,-36.72240802675429,50,NEUTRAL,False,70,['BULLISH_ENGULFING'],1,20,BULLISH,BULLISH,60,True,BEAR_TRAP,50,True,False,False,70,False,0,100,DOWN,NONE,DOWN,0,True,100,55,45,80,False,True,NEUTRAL,70,False,0.0,NONE,False,NONE,False,False,0,False,60,55.41535226077722,20.938628158844704,80.0,52,FAIR,False,75,87,0.06459711356011187,9,100.0,True,RANDOM,70,52.3466412878235,1.439774027850051,False,NONE,False,False,False,100,True,70,DOWN,100,CHOPPY,LOW,DOWN,100,-0.0267,CHOPPY,75,30,75,STRONG,NONE,70,30,80,LOW,58,40,60,-0.45,False,65,0.6079790975781328,96.304,RANGING,90,False,NONE,1.308785,1.310802,1.310138,FAR,30,50,85,NONE,DOWN,NONE,33,DOWN,NONE,NONE,False,"['M1', 'M5', 'M15']",33,33,SIDEWAY_RANGE,SIDEWAY_RANGE,52,51,False,14,Price ranging between clear levels. Suitable for mean-reversion strategies.,HIGH,WAIT,5,1.0,0.8,False,False,False,False,0.3,0.3,True,False,False,18,True,[],0,NO,SIDEWAY_RANGE,Price ranging between clear levels. Suitable for mean-reversion strategies.,LOW,NONE_OTC,0.087,[],False,Passed basic checks,0,33,50,MEDIUM,5,WAIT,รอการวิเคราะห์จาก AI
2026-07-02 20:04:00,1.309475,1.310165,1.309475,1.309995,1.0,GBPUSD-OTC,BEARISH,1.31009,1.310519,1.311624,1.313837,1.314434,1.312844,BEARISH,1.314548,1.308498,0.00605,0.009951,40.77,34.65,-0.00149,-0.001494,4e-06,27.3,20.2,0.001142,24.62,-0.45,0.001126,0.001122,35.84,13.73,28.63,35.18,-0.0267,1.0,1.0,1.0,False,-0.000183,-0.000236,-0.000194,1.310138,1.310802,1.311238,1.309702,1.309038,20,5.98,1.308785,1.312205,NO_VOLUME_DATA,1.309615,1.309584,1.309786,1.31052,60.79,50.49,-0.000323,-0.000401,47.47,35.31,0.000535,1.310432,1.308812,1.309878,1.310282,1.309592,1.0,1.0,1.309995,1.310165,1.309475,1.309475,LONDON,543690,LOW,1.309995,1.310165,1.309475,1.309475,LONDON,543690,LOW,BULLISH_ENGULFING,BULLISH,BULLISH,WEAK,AT_PIVOT,HIGH_WICK,BEARISH,NOISY,TRUE,TESTING_PIVOT,NORMAL,43,33,-36.72240802675429,50,NEUTRAL,False,70,['BULLISH_ENGULFING'],1,20,BULLISH,BULLISH,60,True,BEAR_TRAP,50,True,False,False,70,False,0,100,DOWN,NONE,DOWN,0,True,100,55,45,80,False,True,NEUTRAL,70,False,0.0,NONE,False,NONE,False,False,0,False,60,55.41535226077722,20.938628158844704,80.0,52,FAIR,False,75,87,0.06459711356011187,9,100.0,True,RANDOM,70,52.3466412878235,1.439774027850051,False,NONE,False,False,False,100,True,70,DOWN,100,CHOPPY,LOW,DOWN,100,-0.0267,CHOPPY,75,30,75,STRONG,NONE,70,30,80,LOW,58,40,60,-0.45,False,65,0.6079790975781328,96.304,RANGING,90,False,NONE,1.308785,1.310802,1.310138,FAR,30,50,85,NONE,DOWN,NONE,33,DOWN,NONE,NONE,False,"['M1', 'M5', 'M15']",33,33,SIDEWAY_RANGE,SIDEWAY_RANGE,52,51,False,14,Price ranging between clear levels. Suitable for mean-reversion strategies.,HIGH,WAIT,5,1.0,0.8,False,False,False,False,0.3,0.3,True,False,False,18,True,[],0,NO,SIDEWAY_RANGE,Price ranging between clear levels. Suitable for mean-reversion strategies.,LOW,NONE_OTC,0.087,[],False,Passed basic checks,0,33,50,MEDIUM,5,WAIT,รอการวิเคราะห์จาก AI
2026-07-02 20:05:00,1.310355,1.310595,1.310125,1.310285,1.0,GBPUSD-OTC,BEARISH,1.310139,1.310467,1.311492,1.313696,1.314351,1.312818,BEARISH,1.313898,1.308671,0.005227,0.009619,38.83,33.96,-0.00142,-0.001479,6e-05,35.02,26.34,0.00112,18.5,-0.52,0.001126,0.001121,35.28,15.23,27.11,28.05,-0.0885,1.0,1.0,1.0,False,-0.000181,-0.0002,-0.000192,1.310418,1.310742,1.311248,1.309912,1.309588,20,5.55,1.308785,1.312205,NO_VOLUME_DATA,1.31021,1.310037,1.309988,1.31048,61.99,53.42,-4.9e-05,-0.000209,86.93,88.92,0.000505,1.310652,1.308812,1.310335,1.310545,1.310075,1.0,1.0,1.310285,1.310595,1.310125,1.310355,LONDON,305311,LOW,1.310285,1.310595,1.310125,1.310355,LONDON,305311,LOW,NONE,BEARISH,BEARISH,WEAK,AT_PIVOT,HIGH_WICK,BEARISH,NOISY,TRUE,TESTING_PIVOT,NORMAL,43,36,-35.5146557600517,50,NEUTRAL,False,70,[],0,0,NEUTRAL,BEARISH,40,True,REJECTION,25,False,False,True,70,False,0,100,DOWN,NONE,DOWN,0,True,100,55,45,80,False,True,NEUTRAL,70,False,0.0,NONE,False,NONE,False,False,0,False,60,52.94117647058649,17.174887892376862,80.0,50,FAIR,False,75,87,0.06572243808314539,9,100.0,True,RANDOM,70,52.46276123861495,1.4373091989235123,False,NONE,False,False,False,100,True,70,DOWN,100,CHOPPY,LOW,DOWN,100,-0.0885,CHOPPY,85,30,85,STRONG,NONE,70,30,80,LOW,58,40,60,-0.52,False,65,0.5434036802162386,100.0,RANGING,90,False,NONE,1.308785,1.310742,1.310418,FAR,30,50,85,NONE,DOWN,NONE,33,DOWN,NONE,NONE,False,"['M1', 'M5', 'M15']",33,33,SIDEWAY_RANGE,SIDEWAY_RANGE,52,51,False,14,Price ranging between clear levels. Suitable for mean-reversion strategies.,HIGH,WAIT,5,1.0,0.8,False,False,False,False,0.3,0.3,True,False,False,18,True,[],0,NO,SIDEWAY_RANGE,Price ranging between clear levels. Suitable for mean-reversion strategies.,LOW,NONE_OTC,0.085,[],False,Passed basic checks,0,33,50,MEDIUM,5,WAIT,รอการวิเคราะห์จาก AI
2026-07-02 20:06:00,1.310355,1.310595,1.310125,1.310285,1.0,GBPUSD-OTC,BEARISH,1.310139,1.310467,1.311492,1.313696,1.314351,1.312818,BEARISH,1.313898,1.308671,0.005227,0.009619,38.83,33.96,-0.00142,-0.001479,6e-05,35.02,26.34,0.00112,18.5,-0.52,0.001126,0.001121,35.28,15.23,27.11,28.05,-0.0885,1.0,1.0,1.0,False,-0.000181,-0.0002,-0.000192,1.310418,1.310742,1.311248,1.309912,1.309588,20,5.55,1.308785,1.312205,NO_VOLUME_DATA,1.31021,1.310037,1.309988,1.31048,61.99,53.42,-4.9e-05,-0.000209,86.93,88.92,0.000505,1.310652,1.308812,1.310335,1.310545,1.310075,1.0,1.0,1.310285,1.310595,1.310125,1.310355,LONDON,363570,LOW,1.310285,1.310595,1.310125,1.310355,LONDON,363570,LOW,NONE,BEARISH,BEARISH,WEAK,AT_PIVOT,HIGH_WICK,BEARISH,NOISY,TRUE,TESTING_PIVOT,NORMAL,43,36,-35.5146557600517,50,NEUTRAL,False,70,[],0,0,NEUTRAL,BEARISH,40,True,REJECTION,25,False,False,True,70,False,0,100,DOWN,NONE,DOWN,0,True,100,55,45,80,False,True,NEUTRAL,70,False,0.0,NONE,False,NONE,False,False,0,False,60,52.94117647058649,17.174887892376862,80.0,50,FAIR,False,75,87,0.06572243808314539,9,100.0,True,RANDOM,70,52.46276123861495,1.4373091989235123,False,NONE,False,False,False,100,True,70,DOWN,100,CHOPPY,LOW,DOWN,100,-0.0885,CHOPPY,85,30,85,STRONG,NONE,70,30,80,LOW,58,40,60,-0.52,False,65,0.5434036802162386,100.0,RANGING,90,False,NONE,1.308785,1.310742,1.310418,FAR,30,50,85,NONE,DOWN,NONE,33,DOWN,NONE,NONE,False,"['M1', 'M5', 'M15']",33,33,SIDEWAY_RANGE,SIDEWAY_RANGE,52,51,False,14,Price ranging between clear levels. Suitable for mean-reversion strategies.,HIGH,WAIT,5,1.0,0.8,False,False,False,False,0.3,0.3,True,False,False,18,True,[],0,NO,SIDEWAY_RANGE,Price ranging between clear levels. Suitable for mean-reversion strategies.,LOW,NONE_OTC,0.085,[],False,Passed basic checks,0,33,50,MEDIUM,5,WAIT,รอการวิเคราะห์จาก AI
2026-07-02 20:07:00,1.310355,1.310595,1.310125,1.310285,1.0,GBPUSD-OTC,BEARISH,1.310139,1.310467,1.311492,1.313696,1.314351,1.312818,BEARISH,1.313898,1.308671,0.005227,0.009619,38.83,33.96,-0.00142,-0.001479,6e-05,35.02,26.34,0.00112,18.5,-0.52,0.001126,0.001121,35.28,15.23,27.11,28.05,-0.0885,1.0,1.0,1.0,False,-0.000181,-0.0002,-0.000192,1.310418,1.310742,1.311248,1.309912,1.309588,20,5.55,1.308785,1.312205,NO_VOLUME_DATA,1.31021,1.310037,1.309988,1.31048,61.99,53.42,-4.9e-05,-0.000209,86.93,88.92,0.000505,1.310652,1.308812,1.310335,1.310545,1.310075,1.0,1.0,1.310285,1.310595,1.310125,1.310355,LONDON,424170,LOW,1.310285,1.310595,1.310125,1.310355,LONDON,424170,LOW,NONE,BEARISH,BEARISH,WEAK,AT_PIVOT,HIGH_WICK,BEARISH,NOISY,TRUE,TESTING_PIVOT,NORMAL,43,36,-35.5146557600517,50,NEUTRAL,False,70,[],0,0,NEUTRAL,BEARISH,40,True,REJECTION,25,False,False,True,70,False,0,100,DOWN,NONE,DOWN,0,True,100,55,45,80,False,True,NEUTRAL,70,False,0.0,NONE,False,NONE,False,False,0,False,60,52.94117647058649,17.174887892376862,80.0,50,FAIR,False,75,87,0.06572243808314539,9,100.0,True,RANDOM,70,52.46276123861495,1.4373091989235123,False,NONE,False,False,False,100,True,70,DOWN,100,CHOPPY,LOW,DOWN,100,-0.0885,CHOPPY,85,30,85,STRONG,NONE,70,30,80,LOW,58,40,60,-0.52,False,65,0.5434036802162386,100.0,RANGING,90,False,NONE,1.308785,1.310742,1.310418,FAR,30,50,85,NONE,DOWN,NONE,33,DOWN,NONE,NONE,False,"['M1', 'M5', 'M15']",33,33,SIDEWAY_RANGE,SIDEWAY_RANGE,52,51,False,14,Price ranging between clear levels. Suitable for mean-reversion strategies.,HIGH,WAIT,5,1.0,0.8,False,False,False,False,0.3,0.3,True,False,False,18,True,[],0,NO,SIDEWAY_RANGE,Price ranging between clear levels. Suitable for mean-reversion strategies.,LOW,NONE_OTC,0.085,[],False,Passed basic checks,0,33,50,MEDIUM,5,WAIT,รอการวิเคราะห์จาก AI
2026-07-02 20:08:00,1.310355,1.310595,1.310125,1.310285,1.0,GBPUSD-OTC,BEARISH,1.310139,1.310467,1.311492,1.313696,1.314351,1.312818,BEARISH,1.313898,1.308671,0.005227,0.009619,38.83,33.96,-0.00142,-0.001479,6e-05,35.02,26.34,0.00112,18.5,-0.52,0.001126,0.001121,35.28,15.23,27.11,28.05,-0.0885,1.0,1.0,1.0,False,-0.000181,-0.0002,-0.000192,1.310418,1.310742,1.311248,1.309912,1.309588,20,5.55,1.308785,1.312205,NO_VOLUME_DATA,1.31021,1.310037,1.309988,1.31048,61.99,53.42,-4.9e-05,-0.000209,86.93,88.92,0.000505,1.310652,1.308812,1.310335,1.310545,1.310075,1.0,1.0,1.310285,1.310595,1.310125,1.310355,LONDON,483476,LOW,1.310285,1.310595,1.310125,1.310355,LONDON,483476,LOW,NONE,BEARISH,BEARISH,WEAK,AT_PIVOT,HIGH_WICK,BEARISH,NOISY,TRUE,TESTING_PIVOT,NORMAL,43,36,-35.5146557600517,50,NEUTRAL,False,70,[],0,0,NEUTRAL,BEARISH,40,True,REJECTION,25,False,False,True,70,False,0,100,DOWN,NONE,DOWN,0,True,100,55,45,80,False,True,NEUTRAL,70,False,0.0,NONE,False,NONE,False,False,0,False,60,52.94117647058649,17.174887892376862,80.0,50,FAIR,False,75,87,0.06572243808314539,9,100.0,True,RANDOM,70,52.46276123861495,1.4373091989235123,False,NONE,False,False,False,100,True,70,DOWN,100,CHOPPY,LOW,DOWN,100,-0.0885,CHOPPY,85,30,85,STRONG,NONE,70,30,80,LOW,58,40,60,-0.52,False,65,0.5434036802162386,100.0,RANGING,90,False,NONE,1.308785,1.310742,1.310418,FAR,30,50,85,NONE,DOWN,NONE,33,DOWN,NONE,NONE,False,"['M1', 'M5', 'M15']",33,33,SIDEWAY_RANGE,SIDEWAY_RANGE,52,51,False,14,Price ranging between clear levels. Suitable for mean-reversion strategies.,HIGH,WAIT,5,1.0,0.8,False,False,False,False,0.3,0.3,True,False,False,18,True,[],0,NO,SIDEWAY_RANGE,Price ranging between clear levels. Suitable for mean-reversion strategies.,LOW,NONE_OTC,0.085,[],False,Passed basic checks,0,33,50,MEDIUM,5,WAIT,รอการวิเคราะห์จาก AI
2026-07-02 20:09:00,1.310355,1.310595,1.310125,1.310285,1.0,GBPUSD-OTC,BEARISH,1.310139,1.310467,1.311492,1.313696,1.314351,1.312818,BEARISH,1.313898,1.308671,0.005227,0.009619,38.83,33.96,-0.00142,-0.001479,6e-05,35.02,26.34,0.00112,18.5,-0.52,0.001126,0.001121,35.28,15.23,27.11,28.05,-0.0885,1.0,1.0,1.0,False,-0.000181,-0.0002,-0.000192,1.310418,1.310742,1.311248,1.309912,1.309588,20,5.55,1.308785,1.312205,NO_VOLUME_DATA,1.31021,1.310037,1.309988,1.31048,61.99,53.42,-4.9e-05,-0.000209,86.93,88.92,0.000505,1.310652,1.308812,1.310335,1.310545,1.310075,1.0,1.0,1.310285,1.310595,1.310125,1.310355,LONDON,544248,LOW,1.310285,1.310595,1.310125,1.310355,LONDON,544248,LOW,NONE,BEARISH,BEARISH,WEAK,AT_PIVOT,HIGH_WICK,BEARISH,NOISY,TRUE,TESTING_PIVOT,NORMAL,43,36,-35.5146557600517,50,NEUTRAL,False,70,[],0,0,NEUTRAL,BEARISH,40,True,REJECTION,25,False,False,True,70,False,0,100,DOWN,NONE,DOWN,0,True,100,55,45,80,False,True,NEUTRAL,70,False,0.0,NONE,False,NONE,False,False,0,False,60,52.94117647058649,17.174887892376862,80.0,50,FAIR,False,75,87,0.06572243808314539,9,100.0,True,RANDOM,70,52.46276123861495,1.4373091989235123,False,NONE,False,False,False,100,True,70,DOWN,100,CHOPPY,LOW,DOWN,100,-0.0885,CHOPPY,85,30,85,STRONG,NONE,70,30,80,LOW,58,40,60,-0.52,False,65,0.5434036802162386,100.0,RANGING,90,False,NONE,1.308785,1.310742,1.310418,FAR,30,50,85,NONE,DOWN,NONE,33,DOWN,NONE,NONE,False,"['M1', 'M5', 'M15']",33,33,SIDEWAY_RANGE,SIDEWAY_RANGE,52,51,False,14,Price ranging between clear levels. Suitable for mean-reversion strategies.,HIGH,WAIT,5,1.0,0.8,False,False,False,False,0.3,0.3,True,False,False,18,True,[],0,NO,SIDEWAY_RANGE,Price ranging between clear levels. Suitable for mean-reversion strategies.,LOW,NONE_OTC,0.085,[],False,Passed basic checks,0,33,50,MEDIUM,5,WAIT,รอการวิเคราะห์จาก AI
2026-07-02 20:10:00,1.310235,1.310295,1.309815,1.310015,1.0,GBPUSD-OTC,BEARISH,1.309881,1.310267,1.311289,1.313526,1.314239,1.312683,BEARISH,1.313458,1.308641,0.004816,0.009281,28.32,29.68,-0.001418,-0.001467,4.9e-05,35.19,32.5,0.001136,8.5,-0.65,0.001128,0.001118,35.31,13.94,29.4,35.67,-0.1525,1.0,1.0,1.0,False,-0.000175,-0.000183,-0.000192,1.309815,1.310265,1.311165,1.308915,1.308465,20,4.88,1.308785,1.312205,NO_VOLUME_DATA,1.310245,1.310198,1.310115,1.310451,45.59,48.2,3.5e-05,-4.7e-05,69.36,78.31,0.000517,1.310856,1.308936,1.310042,1.310268,1.309788,1.0,1.0,1.310015,1.310295,1.309815,1.310235,LONDON,304960,LOW,1.310015,1.310295,1.309815,1.310235,LONDON,304960,LOW,EVENING_STAR,BEARISH,BEARISH,WEAK,AT_PIVOT,HIGH_WICK,BEARISH,NOISY,NONE,TESTING_PIVOT,NORMAL,42,36,-49.722991689747346,50,NEUTRAL,False,70,['EVENING_STAR'],1,20,BEARISH,BEARISH,60,False,NONE,0,False,False,False,60,False,0,100,DOWN,NONE,DOWN,0,True,100,55,45,80,False,True,NEUTRAL,70,False,0.0,NONE,False,NONE,False,False,0,False,60,52.57270693512239,20.053835800808486,80.0,50,FAIR,False,75,87,0.06345124555047581,9,100.0,True,RANDOM,70,51.999148923591605,2.201046003542471,False,NONE,False,False,False,100,True,70,DOWN,100,IMPULSIVE,LOW,DOWN,100,-0.1525,IMPULSIVE,90,30,95,STRONG,NONE,75,30,85,LOW,58,40,60,-0.65,False,65,0.5189096002585929,100.0,RANGING,90,False,NONE,1.308785,1.310265,1.309815,FAR,30,50,85,DOWN,DOWN,NONE,66,DOWN,NONE,DOWN,False,"['M1', 'M5', 'M15']",66,66,SIDEWAY_RANGE,SIDEWAY_RANGE,52,51,False,14,Price ranging between clear levels. Suitable for mean-reversion strategies.,HIGH,WAIT,5,1.0,0.8,False,False,False,False,0.3,0.3,True,False,False,18,True,[],0,NO,SIDEWAY_RANGE,Price ranging between clear levels. Suitable for mean-reversion strategies.,LOW,NONE_OTC,0.087,[],False,Passed basic checks,0,66,50,MEDIUM,5,WAIT,รอการวิเคราะห์จาก AI
2026-07-02 20:11:00,1.310235,1.310295,1.309815,1.310015,1.0,GBPUSD-OTC,BEARISH,1.309881,1.310267,1.311289,1.313526,1.314239,1.312683,BEARISH,1.313458,1.308641,0.004816,0.009281,28.32,29.68,-0.001418,-0.001467,4.9e-05,35.19,32.5,0.001136,8.5,-0.65,0.001128,0.001118,35.31,13.94,29.4,35.67,-0.1525,1.0,1.0,1.0,False,-0.000175,-0.000183,-0.000192,1.309815,1.310265,1.311165,1.308915,1.308465,20,4.88,1.308785,1.312205,NO_VOLUME_DATA,1.310245,1.310198,1.310115,1.310451,45.59,48.2,3.5e-05,-4.7e-05,69.36,78.31,0.000517,1.310856,1.308936,1.310042,1.310268,1.309788,1.0,1.0,1.310015,1.310295,1.309815,1.310235,LONDON,364455,LOW,1.310015,1.310295,1.309815,1.310235,LONDON,364455,LOW,EVENING_STAR,BEARISH,BEARISH,WEAK,AT_PIVOT,HIGH_WICK,BEARISH,NOISY,NONE,TESTING_PIVOT,NORMAL,42,36,-49.722991689747346,50,NEUTRAL,False,70,['EVENING_STAR'],1,20,BEARISH,BEARISH,60,False,NONE,0,False,False,False,60,False,0,100,DOWN,NONE,DOWN,0,True,100,55,45,80,False,True,NEUTRAL,70,False,0.0,NONE,False,NONE,False,False,0,False,60,52.57270693512239,20.053835800808486,80.0,50,FAIR,False,75,87,0.06345124555047581,9,100.0,True,RANDOM,70,51.999148923591605,2.201046003542471,False,NONE,False,False,False,100,True,70,DOWN,100,IMPULSIVE,LOW,DOWN,100,-0.1525,IMPULSIVE,90,30,95,STRONG,NONE,75,30,85,LOW,58,40,60,-0.65,False,65,0.5189096002585929,100.0,RANGING,90,False,NONE,1.308785,1.310265,1.309815,FAR,30,50,85,DOWN,DOWN,NONE,66,DOWN,NONE,DOWN,False,"['M1', 'M5', 'M15']",66,66,SIDEWAY_RANGE,SIDEWAY_RANGE,52,51,False,14,Price ranging between clear levels. Suitable for mean-reversion strategies.,HIGH,WAIT,5,1.0,0.8,False,False,False,False,0.3,0.3,True,False,False,18,True,[],0,NO,SIDEWAY_RANGE,Price ranging between clear levels. Suitable for mean-reversion strategies.,LOW,NONE_OTC,0.087,[],False,Passed basic checks,0,66,50,MEDIUM,5,WAIT,รอการวิเคราะห์จาก AI
2026-07-02 20:12:00,1.310235,1.310295,1.309815,1.310015,1.0,GBPUSD-OTC,BEARISH,1.309881,1.310267,1.311289,1.313526,1.314239,1.312683,BEARISH,1.313458,1.308641,0.004816,0.009281,28.32,29.68,-0.001418,-0.001467,4.9e-05,35.19,32.5,0.001136,8.5,-0.65,0.001128,0.001118,35.31,13.94,29.4,35.67,-0.1525,1.0,1.0,1.0,False,-0.000175,-0.000183,-0.000192,1.309815,1.310265,1.311165,1.308915,1.308465,20,4.88,1.308785,1.312205,NO_VOLUME_DATA,1.310245,1.310198,1.310115,1.310451,45.59,48.2,3.5e-05,-4.7e-05,69.36,78.31,0.000517,1.310856,1.308936,1.310042,1.310268,1.309788,1.0,1.0,1.310015,1.310295,1.309815,1.310235,LONDON,423917,LOW,1.310015,1.310295,1.309815,1.310235,LONDON,423917,LOW,EVENING_STAR,BEARISH,BEARISH,WEAK,AT_PIVOT,HIGH_WICK,BEARISH,NOISY,NONE,TESTING_PIVOT,NORMAL,42,36,-49.722991689747346,50,NEUTRAL,False,70,['EVENING_STAR'],1,20,BEARISH,BEARISH,60,False,NONE,0,False,False,False,60,False,0,100,DOWN,NONE,DOWN,0,True,100,55,45,80,False,True,NEUTRAL,70,False,0.0,NONE,False,NONE,False,False,0,False,60,52.57270693512239,20.053835800808486,80.0,50,FAIR,False,75,87,0.06345124555047581,9,100.0,True,RANDOM,70,51.999148923591605,2.201046003542471,False,NONE,False,False,False,100,True,70,DOWN,100,IMPULSIVE,LOW,DOWN,100,-0.1525,IMPULSIVE,90,30,95,STRONG,NONE,75,30,85,LOW,58,40,60,-0.65,False,65,0.5189096002585929,100.0,RANGING,90,False,NONE,1.308785,1.310265,1.309815,FAR,30,50,85,DOWN,DOWN,NONE,66,DOWN,NONE,DOWN,False,"['M1', 'M5', 'M15']",66,66,SIDEWAY_RANGE,SIDEWAY_RANGE,52,51,False,14,Price ranging between clear levels. Suitable for mean-reversion strategies.,HIGH,WAIT,5,1.0,0.8,False,False,False,False,0.3,0.3,True,False,False,18,True,[],0,NO,SIDEWAY_RANGE,Price ranging between clear levels. Suitable for mean-reversion strategies.,LOW,NONE_OTC,0.087,[],False,Passed basic checks,0,66,50,MEDIUM,5,WAIT,รอการวิเคราะห์จาก AI
2026-07-02 20:13:00,1.310235,1.310295,1.309815,1.310015,1.0,GBPUSD-OTC,BEARISH,1.309881,1.310267,1.311289,1.313526,1.314239,1.312683,BEARISH,1.313458,1.308641,0.004816,0.009281,28.32,29.68,-0.001418,-0.001467,4.9e-05,35.19,32.5,0.001136,8.5,-0.65,0.001128,0.001118,35.31,13.94,29.4,35.67,-0.1525,1.0,1.0,1.0,False,-0.000175,-0.000183,-0.000192,1.309815,1.310265,1.311165,1.308915,1.308465,20,4.88,1.308785,1.312205,NO_VOLUME_DATA,1.310245,1.310198,1.310115,1.310451,45.59,48.2,3.5e-05,-4.7e-05,69.36,78.31,0.000517,1.310856,1.308936,1.310042,1.310268,1.309788,1.0,1.0,1.310015,1.310295,1.309815,1.310235,LONDON,484246,LOW,1.310015,1.310295,1.309815,1.310235,LONDON,484246,LOW,EVENING_STAR,BEARISH,BEARISH,WEAK,AT_PIVOT,HIGH_WICK,BEARISH,NOISY,NONE,TESTING_PIVOT,NORMAL,42,36,-49.722991689747346,50,NEUTRAL,False,70,['EVENING_STAR'],1,20,BEARISH,BEARISH,60,False,NONE,0,False,False,False,60,False,0,100,DOWN,NONE,DOWN,0,True,100,55,45,80,False,True,NEUTRAL,70,False,0.0,NONE,False,NONE,False,False,0,False,60,52.57270693512239,20.053835800808486,80.0,50,FAIR,False,75,87,0.06345124555047581,9,100.0,True,RANDOM,70,51.999148923591605,2.201046003542471,False,NONE,False,False,False,100,True,70,DOWN,100,IMPULSIVE,LOW,DOWN,100,-0.1525,IMPULSIVE,90,30,95,STRONG,NONE,75,30,85,LOW,58,40,60,-0.65,False,65,0.5189096002585929,100.0,RANGING,90,False,NONE,1.308785,1.310265,1.309815,FAR,30,50,85,DOWN,DOWN,NONE,66,DOWN,NONE,DOWN,False,"['M1', 'M5', 'M15']",66,66,SIDEWAY_RANGE,SIDEWAY_RANGE,52,51,False,14,Price ranging between clear levels. Suitable for mean-reversion strategies.,HIGH,WAIT,5,1.0,0.8,False,False,False,False,0.3,0.3,True,False,False,18,True,[],0,NO,SIDEWAY_RANGE,Price ranging between clear levels. Suitable for mean-reversion strategies.,LOW,NONE_OTC,0.087,[],False,Passed basic checks,0,66,50,MEDIUM,5,WAIT,รอการวิเคราะห์จาก AI
2026-07-02 20:14:00,1.310235,1.310295,1.309815,1.310015,1.0,GBPUSD-OTC,BEARISH,1.309881,1.310267,1.311289,1.313526,1.314239,1.312683,BEARISH,1.313458,1.308641,0.004816,0.009281,28.32,29.68,-0.001418,-0.001467,4.9e-05,35.19,32.5,0.001136,8.5,-0.65,0.001128,0.001118,35.31,13.94,29.4,35.67,-0.1525,1.0,1.0,1.0,False,-0.000175,-0.000183,-0.000192,1.309815,1.310265,1.311165,1.308915,1.308465,20,4.88,1.308785,1.312205,NO_VOLUME_DATA,1.310245,1.310198,1.310115,1.310451,45.59,48.2,3.5e-05,-4.7e-05,69.36,78.31,0.000517,1.310856,1.308936,1.310042,1.310268,1.309788,1.0,1.0,1.310015,1.310295,1.309815,1.310235,LONDON,543925,LOW,1.310015,1.310295,1.309815,1.310235,LONDON,543925,LOW,EVENING_STAR,BEARISH,BEARISH,WEAK,AT_PIVOT,HIGH_WICK,BEARISH,NOISY,NONE,TESTING_PIVOT,NORMAL,42,36,-49.722991689747346,50,NEUTRAL,False,70,['EVENING_STAR'],1,20,BEARISH,BEARISH,60,False,NONE,0,False,False,False,60,False,0,100,DOWN,NONE,DOWN,0,True,100,55,45,80,False,True,NEUTRAL,70,False,0.0,NONE,False,NONE,False,False,0,False,60,52.57270693512239,20.053835800808486,80.0,50,FAIR,False,75,87,0.06345124555047581,9,100.0,True,RANDOM,70,51.999148923591605,2.201046003542471,False,NONE,False,False,False,100,True,70,DOWN,100,IMPULSIVE,LOW,DOWN,100,-0.1525,IMPULSIVE,90,30,95,STRONG,NONE,75,30,85,LOW,58,40,60,-0.65,False,65,0.5189096002585929,100.0,RANGING,90,False,NONE,1.308785,1.310265,1.309815,FAR,30,50,85,DOWN,DOWN,NONE,66,DOWN,NONE,DOWN,False,"['M1', 'M5', 'M15']",66,66,SIDEWAY_RANGE,SIDEWAY_RANGE,52,51,False,14,Price ranging between clear levels. Suitable for mean-reversion strategies.,HIGH,WAIT,5,1.0,0.8,False,False,False,False,0.3,0.3,True,False,False,18,True,[],0,NO,SIDEWAY_RANGE,Price ranging between clear levels. Suitable for mean-reversion strategies.,LOW,NONE_OTC,0.087,[],False,Passed basic checks,0,66,50,MEDIUM,5,WAIT,รอการวิเคราะห์จาก AI
2026-07-02 20:15:00,1.309495,1.309855,1.309485,1.309825,1.0,GBPUSD-OTC,BEARISH,1.31018,1.310359,1.31124,1.313418,1.314182,1.312751,BEARISH,1.312943,1.308849,0.004095,0.008937,52.94,42.67,-0.001288,-0.001432,0.000144,39.08,36.3,0.001184,39.5,-0.41,0.001136,0.001117,34.84,14.71,26.42,28.46,-0.0427,1.0,1.0,1.0,False,-7e-05,-0.000143,-0.000188,1.310435,1.311465,1.312125,1.309775,1.308745,20,4.36,1.308785,1.312205,NO_VOLUME_DATA,1.309868,1.309996,1.310038,1.310359,45.67,47.04,-5.7e-05,-1.9e-05,20.3,34.36,0.00055,1.310913,1.309113,1.309722,1.309958,1.309588,1.0,1.0,1.309825,1.309855,1.309485,1.309495,LONDON,305655,LOW,1.309825,1.309855,1.309485,1.309495,LONDON,305655,LOW,NONE,BULLISH,BULLISH,WEAK,NONE,HIGH_WICK,BEARISH,CHAOTIC,NONE,NONE,NORMAL,44,33,-39.729555698646,50,NEUTRAL,False,70,[],0,0,NEUTRAL,BULLISH,40,False,NONE,0,False,False,False,60,False,0,100,DOWN,NONE,DOWN,0,True,100,55,45,80,False,True,NEUTRAL,70,False,0.0,NONE,False,NONE,False,False,0,False,60,29.618768328446077,10.047230571060659,75.0,38,FAIR,False,75,87,0.019914236481308703,9,100.0,True,RANDOM,70,46.49643249521069,4.5744258823024975,False,NONE,False,False,False,100,True,70,DOWN,80,CHOPPY,NORMAL,DOWN,80,-0.0427,CHOPPY,65,30,65,NORMAL,NONE,65,30,75,NORMAL,58,40,60,-0.41,False,80,0.458207452165156,84.4,RANGING,90,False,NONE,1.308785,1.311465,1.310435,FAR,30,50,85,DOWN,DOWN,DOWN,100,DOWN,DOWN,DOWN,False,"['M1', 'M5', 'M15']",100,100,SIDEWAY_RANGE,SIDEWAY_RANGE,52,60,True,35,Price ranging between clear levels. Suitable for mean-reversion strategies.,MEDIUM,WAIT,5,1.0,0.5,False,False,False,False,0.3,0.3,True,False,False,18,True,[],0,NO,SIDEWAY_RANGE,Price ranging between clear levels. Suitable for mean-reversion strategies.,NORMAL,NONE_OTC,0.09,[],True,Passed basic checks,0,100,50,MEDIUM,5,WAIT,รอการวิเคราะห์จาก AI
2026-07-02 20:16:00,1.309495,1.309855,1.309485,1.309825,1.0,GBPUSD-OTC,BEARISH,1.31018,1.310359,1.31124,1.313418,1.314182,1.312751,BEARISH,1.312943,1.308849,0.004095,0.008937,52.94,42.67,-0.001288,-0.001432,0.000144,39.08,36.3,0.001184,39.5,-0.41,0.001136,0.001117,34.84,14.71,26.42,28.46,-0.0427,1.0,1.0,1.0,False,-7e-05,-0.000143,-0.000188,1.310435,1.311465,1.312125,1.309775,1.308745,20,4.36,1.308785,1.312205,NO_VOLUME_DATA,1.309868,1.309996,1.310038,1.310359,45.67,47.04,-5.7e-05,-1.9e-05,20.3,34.36,0.00055,1.310913,1.309113,1.309722,1.309958,1.309588,1.0,1.0,1.309825,1.309855,1.309485,1.309495,LONDON,364134,LOW,1.309825,1.309855,1.309485,1.309495,LONDON,364134,LOW,NONE,BULLISH,BULLISH,WEAK,NONE,HIGH_WICK,BEARISH,CHAOTIC,NONE,NONE,NORMAL,44,33,-39.729555698646,50,NEUTRAL,False,70,[],0,0,NEUTRAL,BULLISH,40,False,NONE,0,False,False,False,60,False,0,100,DOWN,NONE,DOWN,0,True,100,55,45,80,False,True,NEUTRAL,70,False,0.0,NONE,False,NONE,False,False,0,False,60,29.618768328446077,10.047230571060659,75.0,38,FAIR,False,75,87,0.019914236481308703,9,100.0,True,RANDOM,70,46.49643249521069,4.5744258823024975,False,NONE,False,False,False,100,True,70,DOWN,80,CHOPPY,NORMAL,DOWN,80,-0.0427,CHOPPY,65,30,65,NORMAL,NONE,65,30,75,NORMAL,58,40,60,-0.41,False,80,0.458207452165156,84.4,RANGING,90,False,NONE,1.308785,1.311465,1.310435,FAR,30,50,85,DOWN,DOWN,DOWN,100,DOWN,DOWN,DOWN,False,"['M1', 'M5', 'M15']",100,100,TRENDING_STRONG,TRENDING_STRONG,52,75,True,35,Strong directional trend with high momentum. Favorable for trend-following strategies.,MEDIUM,PREPARE_TO_TRADE,5,1.0,0.5,False,False,False,False,0.3,0.3,True,False,False,18,True,[],0,NO,TRENDING_STRONG,Strong directional trend with high momentum. Favorable for trend-following strategies.,NORMAL,NONE_OTC,0.09,[],True,Passed basic checks,0,100,50,MEDIUM,5,WAIT,รอการวิเคราะห์จาก AI
2026-07-02 20:19:00,1.310795,1.310865,1.310015,1.310225,1.0,GBPUSD-OTC,BEARISH,1.310058,1.31026,1.311104,1.313276,1.314091,1.312693,BEARISH,1.312547,1.308912,0.003635,0.008593,41.67,37.61,-0.001247,-0.001395,0.000147,34.99,36.29,0.001177,40.0,-0.37,0.001145,0.001115,34.39,13.75,24.69,28.46,-0.0626,1.0,1.0,1.0,False,-1e-05,-0.000123,-0.000186,1.310155,1.310525,1.311235,1.309445,1.309075,20,3.98,1.309325,1.312205,NO_VOLUME_DATA,1.310358,1.310259,1.310178,1.310363,50.01,50.6,6.4e-05,1e-05,72.74,70.13,0.000575,1.310932,1.309548,1.310368,1.310722,1.309872,1.0,1.0,1.310225,1.310865,1.310015,1.310795,LONDON,244846,LOW,1.310225,1.310865,1.310015,1.310795,LONDON,244846,LOW,NONE,BEARISH,BEARISH,WEAK,AT_PIVOT,HIGH_WICK,BEARISH,CHAOTIC,NONE,TESTING_PIVOT,NORMAL,45,33,-41.79104477611792,50,NEUTRAL,False,70,[],0,0,NEUTRAL,BEARISH,40,False,NONE,0,False,False,False,60,False,0,100,DOWN,NONE,DOWN,0,True,100,55,45,80,False,True,NEUTRAL,70,False,0.0,NONE,False,NONE,False,False,0,False,60,31.623931623931696,14.17558886509713,75.0,40,FAIR,False,75,75,-0.04476343992173201,9,100.0,True,RANDOM,70,42.14997009148042,9.818080598205563,False,NONE,False,False,False,100,True,70,DOWN,20,CHOPPY,NORMAL,DOWN,20,-0.0626,CHOPPY,55,30,50,NORMAL,NONE,70,30,80,NORMAL,58,40,60,-0.37,False,80,0.42301873618061214,84.0,RANGING,90,False,NONE,1.309325,1.310525,1.310155,FAR,30,50,85,NONE,DOWN,DOWN,66,DOWN,DOWN,NONE,False,"['M1', 'M5', 'M15']",66,66,ACCUMULATION,ACCUMULATION,50,65,True,34,"Smart money accumulation. Bullish bias, look for breakout.",MEDIUM,WAIT,5,1.0,0.5,False,False,False,False,0.3,0.3,True,False,False,18,True,[],0,NO,ACCUMULATION,"Smart money accumulation. Bullish bias, look for breakout.",NORMAL,NONE_OTC,0.09,[],True,Passed basic checks,0,66,50,MEDIUM,5,WAIT,รอการวิเคราะห์จาก AI
2026-07-02 20:20:00,1.310795,1.310865,1.310015,1.310225,1.0,GBPUSD-OTC,BEARISH,1.310172,1.310322,1.311136,1.31329,1.314098,1.312696,BEARISH,1.312536,1.308957,0.003578,0.008593,44.95,39.21,-0.00122,-0.001389,0.000169,38.3,37.39,0.001177,40.0,-0.37,0.001145,0.001115,34.39,13.75,24.69,28.46,-0.0366,1.0,1.0,1.0,False,8e-06,-0.000119,-0.000185,1.310268,1.310752,1.311348,1.309672,1.309188,20,3.98,1.309325,1.312205,NO_VOLUME_DATA,1.310358,1.310259,1.310178,1.310362,50.01,50.6,6.4e-05,1e-05,72.74,70.13,0.000575,1.310932,1.309548,1.310368,1.310722,1.309872,1.0,1.0,1.310225,1.310865,1.310015,1.310795,LONDON,305517,LOW,1.310225,1.310865,1.310015,1.310795,LONDON,305517,LOW,NONE,BEARISH,BEARISH,WEAK,AT_PIVOT,HIGH_WICK,BEARISH,CHAOTIC,NONE,TESTING_PIVOT,NORMAL,44,33,-40.53367217280656,50,NEUTRAL,False,70,[],0,0,NEUTRAL,BEARISH,40,False,NONE,0,False,False,False,60,False,0,100,DOWN,NONE,DOWN,0,True,100,55,45,80,False,True,NEUTRAL,70,False,0.0,NONE,False,NONE,False,False,0,False,60,29.342492639843044,12.719486081371176,75.0,39,FAIR,False,75,75,-0.02524286432355113,9,100.0,True,RANDOM,70,44.048243298921676,7.548412113707499,True,MOMENTUM_SHIFT,False,True,False,65,True,70,DOWN,20,CHOPPY,NORMAL,DOWN,20,-0.0366,CHOPPY,55,30,50,NORMAL,NONE,70,30,80,NORMAL,58,40,60,-0.37,False,80,0.41638543000116374,84.0,RANGING,90,False,NONE,1.309325,1.310752,1.310268,FAR,30,50,85,NONE,DOWN,DOWN,66,DOWN,DOWN,NONE,False,"['M1', 'M5', 'M15']",66,66,SIDEWAY_RANGE,SIDEWAY_RANGE,50,60,True,34,Price ranging between clear levels. Suitable for mean-reversion strategies.,MEDIUM,WAIT,5,1.0,0.5,False,False,False,False,0.3,0.3,True,False,False,18,True,[],0,NO,SIDEWAY_RANGE,Price ranging between clear levels. Suitable for mean-reversion strategies.,NORMAL,NONE_OTC,0.09,[],True,Passed basic checks,0,66,50,MEDIUM,5,WAIT,รอการวิเคราะห์จาก AI
2026-07-02 20:21:00,1.310795,1.310865,1.310015,1.310225,1.0,GBPUSD-OTC,BEARISH,1.310172,1.310322,1.311136,1.31329,1.314098,1.312696,BEARISH,1.312536,1.308957,0.003578,0.008593,44.95,39.21,-0.00122,-0.001389,0.000169,38.3,37.39,0.001177,40.0,-0.37,0.001145,0.001115,34.39,13.75,24.69,28.46,-0.0366,1.0,1.0,1.0,False,8e-06,-0.000119,-0.000185,1.310268,1.310752,1.311348,1.309672,1.309188,20,3.98,1.309325,1.312205,NO_VOLUME_DATA,1.310358,1.310259,1.310178,1.310362,50.01,50.6,6.4e-05,1e-05,72.74,70.13,0.000575,1.310932,1.309548,1.310368,1.310722,1.309872,1.0,1.0,1.310225,1.310865,1.310015,1.310795,LONDON,364275,LOW,1.310225,1.310865,1.310015,1.310795,LONDON,364275,LOW,NONE,BEARISH,BEARISH,WEAK,AT_PIVOT,HIGH_WICK,BEARISH,CHAOTIC,NONE,TESTING_PIVOT,NORMAL,44,33,-40.53367217280656,50,NEUTRAL,False,70,[],0,0,NEUTRAL,BEARISH,40,False,NONE,0,False,False,False,60,False,0,100,DOWN,NONE,DOWN,0,True,100,55,45,80,False,True,NEUTRAL,70,False,0.0,NONE,False,NONE,False,False,0,False,60,29.342492639843044,12.719486081371176,75.0,39,FAIR,False,75,75,-0.02524286432355113,9,100.0,True,RANDOM,70,44.048243298921676,7.548412113707499,True,MOMENTUM_SHIFT,False,True,False,65,True,70,DOWN,20,CHOPPY,NORMAL,DOWN,20,-0.0366,CHOPPY,55,30,50,NORMAL,NONE,70,30,80,NORMAL,58,40,60,-0.37,False,80,0.41638543000116374,84.0,RANGING,90,False,NONE,1.309325,1.310752,1.310268,FAR,30,50,85,NONE,DOWN,DOWN,66,DOWN,DOWN,NONE,False,"['M1', 'M5', 'M15']",66,66,ACCUMULATION,ACCUMULATION,50,65,True,34,"Smart money accumulation. Bullish bias, look for breakout.",MEDIUM,WAIT,5,1.0,0.5,False,False,False,False,0.3,0.3,True,False,False,18,True,[],0,NO,ACCUMULATION,"Smart money accumulation. Bullish bias, look for breakout.",NORMAL,NONE_OTC,0.09,[],True,Passed basic checks,0,66,50,MEDIUM,5,WAIT,รอการวิเคราะห์จาก AI
2026-07-02 20:22:00,1.310795,1.310865,1.310015,1.310225,1.0,GBPUSD-OTC,BEARISH,1.310172,1.310322,1.311136,1.31329,1.314098,1.312696,BEARISH,1.312536,1.308957,0.003578,0.008593,44.95,39.21,-0.00122,-0.001389,0.000169,38.3,37.39,0.001177,40.0,-0.37,0.001145,0.001115,34.39,13.75,24.69,28.46,-0.0366,1.0,1.0,1.0,False,8e-06,-0.000119,-0.000185,1.310268,1.310752,1.311348,1.309672,1.309188,20,3.98,1.309325,1.312205,NO_VOLUME_DATA,1.310358,1.310259,1.310178,1.310362,50.01,50.6,6.4e-05,1e-05,72.74,70.13,0.000575,1.310932,1.309548,1.310368,1.310722,1.309872,1.0,1.0,1.310225,1.310865,1.310015,1.310795,LONDON,423860,LOW,1.310225,1.310865,1.310015,1.310795,LONDON,423860,LOW,NONE,BEARISH,BEARISH,WEAK,AT_PIVOT,HIGH_WICK,BEARISH,CHAOTIC,NONE,TESTING_PIVOT,NORMAL,44,33,-40.53367217280656,50,NEUTRAL,False,70,[],0,0,NEUTRAL,BEARISH,40,False,NONE,0,False,False,False,60,False,0,100,DOWN,NONE,DOWN,0,True,100,55,45,80,False,True,NEUTRAL,70,False,0.0,NONE,False,NONE,False,False,0,False,60,29.342492639843044,12.719486081371176,75.0,39,FAIR,False,75,75,-0.02524286432355113,9,100.0,True,RANDOM,70,44.048243298921676,7.548412113707499,True,MOMENTUM_SHIFT,False,True,False,65,True,70,DOWN,20,CHOPPY,NORMAL,DOWN,20,-0.0366,CHOPPY,55,30,50,NORMAL,NONE,70,30,80,NORMAL,58,40,60,-0.37,False,80,0.41638543000116374,84.0,RANGING,90,False,NONE,1.309325,1.310752,1.310268,FAR,30,50,85,NONE,DOWN,DOWN,66,DOWN,DOWN,NONE,False,"['M1', 'M5', 'M15']",66,66,ACCUMULATION,ACCUMULATION,50,65,True,34,"Smart money accumulation. Bullish bias, look for breakout.",MEDIUM,WAIT,5,1.0,0.5,False,False,False,False,0.3,0.3,True,False,False,18,True,[],0,NO,ACCUMULATION,"Smart money accumulation. Bullish bias, look for breakout.",NORMAL,NONE_OTC,0.09,[],True,Passed basic checks,0,66,50,MEDIUM,5,WAIT,รอการวิเคราะห์จาก AI
2026-07-02 20:23:00,1.310795,1.310865,1.310015,1.310225,1.0,GBPUSD-OTC,BEARISH,1.310172,1.310322,1.311136,1.31329,1.314098,1.312696,BEARISH,1.312536,1.308957,0.003578,0.008593,44.95,39.21,-0.00122,-0.001389,0.000169,38.3,37.39,0.001177,40.0,-0.37,0.001145,0.001115,34.39,13.75,24.69,28.46,-0.0366,1.0,1.0,1.0,False,8e-06,-0.000119,-0.000185,1.310268,1.310752,1.311348,1.309672,1.309188,20,3.98,1.309325,1.312205,NO_VOLUME_DATA,1.310358,1.310259,1.310178,1.310362,50.01,50.6,6.4e-05,1e-05,72.74,70.13,0.000575,1.310932,1.309548,1.310368,1.310722,1.309872,1.0,1.0,1.310225,1.310865,1.310015,1.310795,LONDON,484496,LOW,1.310225,1.310865,1.310015,1.310795,LONDON,484496,LOW,NONE,BEARISH,BEARISH,WEAK,AT_PIVOT,HIGH_WICK,BEARISH,CHAOTIC,NONE,TESTING_PIVOT,NORMAL,44,33,-40.53367217280656,50,NEUTRAL,False,70,[],0,0,NEUTRAL,BEARISH,40,False,NONE,0,False,False,False,60,False,0,100,DOWN,NONE,DOWN,0,True,100,55,45,80,False,True,NEUTRAL,70,False,0.0,NONE,False,NONE,False,False,0,False,60,29.342492639843044,12.719486081371176,75.0,39,FAIR,False,75,75,-0.02524286432355113,9,100.0,True,RANDOM,70,44.048243298921676,7.548412113707499,True,MOMENTUM_SHIFT,False,True,False,65,True,70,DOWN,20,CHOPPY,NORMAL,DOWN,20,-0.0366,CHOPPY,55,30,50,NORMAL,NONE,70,30,80,NORMAL,58,40,60,-0.37,False,80,0.41638543000116374,84.0,RANGING,90,False,NONE,1.309325,1.310752,1.310268,FAR,30,50,85,NONE,DOWN,DOWN,66,DOWN,DOWN,NONE,False,"['M1', 'M5', 'M15']",66,66,SIDEWAY_RANGE,SIDEWAY_RANGE,50,60,True,34,Price ranging between clear levels. Suitable for mean-reversion strategies.,MEDIUM,WAIT,5,1.0,0.5,False,False,False,False,0.3,0.3,True,False,False,18,True,[],0,NO,SIDEWAY_RANGE,Price ranging between clear levels. Suitable for mean-reversion strategies.,NORMAL,NONE_OTC,0.09,[],True,Passed basic checks,0,66,50,MEDIUM,5,WAIT,รอการวิเคราะห์จาก AI
2026-07-02 20:24:00,1.310795,1.310865,1.310015,1.310225,1.0,GBPUSD-OTC,BEARISH,1.310172,1.310322,1.311136,1.31329,1.314098,1.312696,BEARISH,1.312536,1.308957,0.003578,0.008593,44.95,39.21,-0.00122,-0.001389,0.000169,38.3,37.39,0.001177,40.0,-0.37,0.001145,0.001115,34.39,13.75,24.69,28.46,-0.0366,1.0,1.0,1.0,False,8e-06,-0.000119,-0.000185,1.310268,1.310752,1.311348,1.309672,1.309188,20,3.98,1.309325,1.312205,NO_VOLUME_DATA,1.310358,1.310259,1.310178,1.310362,50.01,50.6,6.4e-05,1e-05,72.74,70.13,0.000575,1.310932,1.309548,1.310368,1.310722,1.309872,1.0,1.0,1.310225,1.310865,1.310015,1.310795,LONDON,544261,LOW,1.310225,1.310865,1.310015,1.310795,LONDON,544261,LOW,NONE,BEARISH,BEARISH,WEAK,AT_PIVOT,HIGH_WICK,BEARISH,CHAOTIC,NONE,TESTING_PIVOT,NORMAL,44,33,-40.53367217280656,50,NEUTRAL,False,70,[],0,0,NEUTRAL,BEARISH,40,False,NONE,0,False,False,False,60,False,0,100,DOWN,NONE,DOWN,0,True,100,55,45,80,False,True,NEUTRAL,70,False,0.0,NONE,False,NONE,False,False,0,False,60,29.342492639843044,12.719486081371176,75.0,39,FAIR,False,75,75,-0.02524286432355113,9,100.0,True,RANDOM,70,44.048243298921676,7.548412113707499,True,MOMENTUM_SHIFT,False,True,False,65,True,70,DOWN,20,CHOPPY,NORMAL,DOWN,20,-0.0366,CHOPPY,55,30,50,NORMAL,NONE,70,30,80,NORMAL,58,40,60,-0.37,False,80,0.41638543000116374,84.0,RANGING,90,False,NONE,1.309325,1.310752,1.310268,FAR,30,50,85,NONE,DOWN,DOWN,66,DOWN,DOWN,NONE,False,"['M1', 'M5', 'M15']",66,66,ACCUMULATION,ACCUMULATION,50,65,True,34,"Smart money accumulation. Bullish bias, look for breakout.",MEDIUM,WAIT,5,1.0,0.5,False,False,False,False,0.3,0.3,True,False,False,18,True,[],0,NO,ACCUMULATION,"Smart money accumulation. Bullish bias, look for breakout.",NORMAL,NONE_OTC,0.09,[],True,Passed basic checks,0,66,50,MEDIUM,5,WAIT,รอการวิเคราะห์จาก AI
2026-07-02 20:25:00,1.310175,1.310225,1.309545,1.309585,1.0,GBPUSD-OTC,BEARISH,1.309909,1.310151,1.31097,1.313137,1.314029,1.312845,BEARISH,1.312076,1.309043,0.003033,0.008253,37.2,35.53,-0.001215,-0.001355,0.000139,38.89,38.76,0.001168,18.0,-0.69,0.001151,0.001117,34.45,12.86,26.83,35.19,-0.0489,1.0,1.0,1.0,False,1.1e-05,-0.0001,-0.000187,1.309595,1.310015,1.310645,1.308965,1.308545,20,3.74,1.309325,1.311095,NO_VOLUME_DATA,1.309994,1.310094,1.310118,1.310305,35.16,43.03,-2.1e-05,1.9e-05,36.35,43.25,0.000531,1.310922,1.309435,1.309785,1.310025,1.309345,1.0,1.0,1.309585,1.310225,1.309545,1.310175,LONDON,304727,LOW,1.309585,1.310225,1.309545,1.310175,LONDON,304727,LOW,EVENING_STAR,BEARISH,BEARISH,WEAK,AT_PIVOT,HIGH_WICK,BEARISH,CHAOTIC,NONE,TESTING_PIVOT,NORMAL,45,33,-48.125000000000156,50,NEUTRAL,False,70,['EVENING_STAR'],1,20,BEARISH,BEARISH,60,False,NONE,0,False,False,False,60,False,0,100,DOWN,NONE,DOWN,0,True,100,55,45,80,False,True,NEUTRAL,70,False,0.0,NONE,False,NONE,False,False,0,False,60,34.186471663619905,10.649130250318413,75.0,39,FAIR,False,75,87,0.011866352731930263,9,100.0,True,RANDOM,70,42.153033066607144,10.061532383703542,True,MOMENTUM_SHIFT,False,True,False,65,True,70,DOWN,40,CHOPPY,LOW,DOWN,40,-0.0489,CHOPPY,55,30,50,NORMAL,NONE,70,30,80,LOW,58,40,60,-0.69,False,65,0.3675027262813523,100.0,RANGING,90,False,NONE,1.308965,1.310015,1.309595,FAR,30,50,85,DOWN,DOWN,DOWN,100,DOWN,DOWN,DOWN,False,"['M1', 'M5', 'M15']",100,100,BREAKOUT_EMERGING,BREAKOUT_EMERGING,54,70,True,34,"Volatility expansion after compression. Potential breakout opportunity. (breakout prob: 30%, reversal prob: 50%)",MEDIUM,PREPARE_TO_TRADE,5,1.0,0.5,False,False,False,False,0.3,0.3,True,False,False,18,True,[],0,NO,BREAKOUT_EMERGING,"Volatility expansion after compression. Potential breakout opportunity. (breakout prob: 30%, reversal prob: 50%)",LOW,NONE_OTC,0.089,[],True,Passed basic checks,0,100,50,MEDIUM,5,WAIT,รอการวิเคราะห์จาก AI
2026-07-02 20:26:00,1.310175,1.310225,1.309545,1.309585,1.0,GBPUSD-OTC,BEARISH,1.309909,1.310151,1.31097,1.313137,1.314029,1.312845,BEARISH,1.312076,1.309043,0.003033,0.008253,37.2,35.53,-0.001215,-0.001355,0.000139,38.89,38.76,0.001168,18.0,-0.69,0.001151,0.001117,34.45,12.86,26.83,35.19,-0.0489,1.0,1.0,1.0,False,1.1e-05,-0.0001,-0.000187,1.309595,1.310015,1.310645,1.308965,1.308545,20,3.74,1.309325,1.311095,NO_VOLUME_DATA,1.309994,1.310094,1.310118,1.310304,35.16,43.03,-2.1e-05,1.9e-05,36.35,43.25,0.000531,1.310922,1.309435,1.309785,1.310025,1.309345,1.0,1.0,1.309585,1.310225,1.309545,1.310175,LONDON,364246,LOW,1.309585,1.310225,1.309545,1.310175,LONDON,364246,LOW,EVENING_STAR,BEARISH,BEARISH,WEAK,AT_PIVOT,HIGH_WICK,BEARISH,CHAOTIC,NONE,TESTING_PIVOT,NORMAL,45,33,-48.125000000000156,50,NEUTRAL,False,70,['EVENING_STAR'],1,20,BEARISH,BEARISH,60,False,NONE,0,False,False,False,60,False,0,100,DOWN,NONE,DOWN,0,True,100,55,45,80,False,True,NEUTRAL,70,False,0.0,NONE,False,NONE,False,False,0,False,60,34.186471663619905,10.649130250318413,75.0,39,FAIR,False,75,87,0.011866352731930263,9,100.0,True,RANDOM,70,42.153033066607144,10.061532383703542,True,MOMENTUM_SHIFT,False,True,False,65,True,70,DOWN,40,CHOPPY,LOW,DOWN,40,-0.0489,CHOPPY,55,30,50,NORMAL,NONE,70,30,80,LOW,58,40,60,-0.69,False,65,0.3675027262813523,100.0,RANGING,90,False,NONE,1.308965,1.310015,1.309595,FAR,30,50,85,DOWN,DOWN,DOWN,100,DOWN,DOWN,DOWN,False,"['M1', 'M5', 'M15']",100,100,BREAKOUT_EMERGING,BREAKOUT_EMERGING,54,70,True,34,"Volatility expansion after compression. Potential breakout opportunity. (breakout prob: 30%, reversal prob: 50%)",MEDIUM,PREPARE_TO_TRADE,5,1.0,0.5,False,False,False,False,0.3,0.3,True,False,False,18,True,[],0,NO,BREAKOUT_EMERGING,"Volatility expansion after compression. Potential breakout opportunity. (breakout prob: 30%, reversal prob: 50%)",LOW,NONE_OTC,0.089,[],True,Passed basic checks,0,100,50,MEDIUM,5,WAIT,รอการวิเคราะห์จาก AI
2026-07-02 20:27:00,1.310175,1.310225,1.309545,1.309585,1.0,GBPUSD-OTC,BEARISH,1.309909,1.310151,1.31097,1.313137,1.314029,1.312845,BEARISH,1.312076,1.309043,0.003033,0.008253,37.2,35.53,-0.001215,-0.001355,0.000139,38.89,38.76,0.001168,18.0,-0.69,0.001151,0.001117,34.45,12.86,26.83,35.19,-0.0489,1.0,1.0,1.0,False,1.1e-05,-0.0001,-0.000187,1.309595,1.310015,1.310645,1.308965,1.308545,20,3.74,1.309325,1.311095,NO_VOLUME_DATA,1.309994,1.310094,1.310118,1.310305,35.16,43.03,-2.1e-05,1.9e-05,36.35,43.25,0.000531,1.310922,1.309435,1.309785,1.310025,1.309345,1.0,1.0,1.309585,1.310225,1.309545,1.310175,LONDON,423747,LOW,1.309585,1.310225,1.309545,1.310175,LONDON,423747,LOW,EVENING_STAR,BEARISH,BEARISH,WEAK,AT_PIVOT,HIGH_WICK,BEARISH,CHAOTIC,NONE,TESTING_PIVOT,NORMAL,45,33,-48.125000000000156,50,NEUTRAL,False,70,['EVENING_STAR'],1,20,BEARISH,BEARISH,60,False,NONE,0,False,False,False,60,False,0,100,DOWN,NONE,DOWN,0,True,100,55,45,80,False,True,NEUTRAL,70,False,0.0,NONE,False,NONE,False,False,0,False,60,34.186471663619905,10.649130250318413,75.0,39,FAIR,False,75,87,0.011866352731930263,9,100.0,True,RANDOM,70,42.153033066607144,10.061532383703542,True,MOMENTUM_SHIFT,False,True,False,65,True,70,DOWN,40,CHOPPY,LOW,DOWN,40,-0.0489,CHOPPY,55,30,50,NORMAL,NONE,70,30,80,LOW,58,40,60,-0.69,False,65,0.3675027262813523,100.0,RANGING,90,False,NONE,1.308965,1.310015,1.309595,FAR,30,50,85,DOWN,DOWN,DOWN,100,DOWN,DOWN,DOWN,False,"['M1', 'M5', 'M15']",100,100,SIDEWAY_RANGE,SIDEWAY_RANGE,54,60,True,34,Price ranging between clear levels. Suitable for mean-reversion strategies.,MEDIUM,WAIT,5,1.0,0.5,False,False,False,False,0.3,0.3,True,False,False,18,True,[],0,NO,SIDEWAY_RANGE,Price ranging between clear levels. Suitable for mean-reversion strategies.,LOW,NONE_OTC,0.089,[],True,Passed basic checks,0,100,50,MEDIUM,5,WAIT,รอการวิเคราะห์จาก AI
2026-07-02 20:28:00,1.310175,1.310225,1.309545,1.309585,1.0,GBPUSD-OTC,BEARISH,1.309909,1.310151,1.31097,1.313137,1.314029,1.312845,BEARISH,1.312076,1.309043,0.003033,0.008253,37.2,35.53,-0.001215,-0.001355,0.000139,38.89,38.76,0.001168,18.0,-0.69,0.001151,0.001117,34.45,12.86,26.83,35.19,-0.0489,1.0,1.0,1.0,False,1.1e-05,-0.0001,-0.000187,1.309595,1.310015,1.310645,1.308965,1.308545,20,3.74,1.309325,1.311095,NO_VOLUME_DATA,1.309994,1.310094,1.310118,1.310305,35.16,43.03,-2.1e-05,1.9e-05,36.35,43.25,0.000531,1.310922,1.309435,1.309785,1.310025,1.309345,1.0,1.0,1.309585,1.310225,1.309545,1.310175,LONDON,484189,LOW,1.309585,1.310225,1.309545,1.310175,LONDON,484189,LOW,EVENING_STAR,BEARISH,BEARISH,WEAK,AT_PIVOT,HIGH_WICK,BEARISH,CHAOTIC,NONE,TESTING_PIVOT,NORMAL,45,33,-48.125000000000156,50,NEUTRAL,False,70,['EVENING_STAR'],1,20,BEARISH,BEARISH,60,False,NONE,0,False,False,False,60,False,0,100,DOWN,NONE,DOWN,0,True,100,55,45,80,False,True,NEUTRAL,70,False,0.0,NONE,False,NONE,False,False,0,False,60,34.186471663619905,10.649130250318413,75.0,39,FAIR,False,75,87,0.011866352731930263,9,100.0,True,RANDOM,70,42.153033066607144,10.061532383703542,True,MOMENTUM_SHIFT,False,True,False,65,True,70,DOWN,40,CHOPPY,LOW,DOWN,40,-0.0489,CHOPPY,55,30,50,NORMAL,NONE,70,30,80,LOW,58,40,60,-0.69,False,65,0.3675027262813523,100.0,RANGING,90,False,NONE,1.308965,1.310015,1.309595,FAR,30,50,85,DOWN,DOWN,DOWN,100,DOWN,DOWN,DOWN,False,"['M1', 'M5', 'M15']",100,100,BREAKOUT_EMERGING,BREAKOUT_EMERGING,54,70,True,34,"Volatility expansion after compression. Potential breakout opportunity. (breakout prob: 30%, reversal prob: 50%)",MEDIUM,PREPARE_TO_TRADE,5,1.0,0.5,False,False,False,False,0.3,0.3,True,False,False,18,True,[],0,NO,BREAKOUT_EMERGING,"Volatility expansion after compression. Potential breakout opportunity. (breakout prob: 30%, reversal prob: 50%)",LOW,NONE_OTC,0.089,[],True,Passed basic checks,0,100,50,MEDIUM,5,WAIT,รอการวิเคราะห์จาก AI
2026-07-02 21:29:00,1.308795,1.309105,1.308665,1.308775,1.0,GBPUSD-OTC,BEARISH,1.308774,1.308713,1.309178,1.311243,1.312775,1.312471,BEARISH,1.310777,1.30718,0.003597,0.006342,53.43,44.23,-0.000835,-0.00109,0.000255,49.41,41.29,0.001069,0.5,-0.96,0.001114,0.001151,32.93,12.98,17.35,14.39,0.0918,1.0,1.0,1.0,False,0.000166,-9.6e-05,-0.000205,1.308985,1.309305,1.309635,1.308655,1.308335,23,3.44,1.307945,1.311095,NO_VOLUME_DATA,1.308764,1.308754,1.308656,1.308664,52.03,52.77,0.000119,0.00012,53.15,49.25,0.000447,1.309311,1.307999,1.308848,1.309032,1.308592,1.0,1.0,1.308775,1.309105,1.308665,1.308795,NEW YORK,244049,LOW,1.308775,1.309105,1.308665,1.308795,NEW YORK,244049,LOW,NONE,BULLISH,BULLISH,WEAK,AT_PIVOT,HIGH_WICK,NEUTRAL,CHAOTIC,NONE,TESTING_PIVOT,NORMAL,38,40,-13.725490196083049,50,NEUTRAL,False,70,[],0,0,NEUTRAL,BULLISH,40,False,NONE,0,False,False,False,60,False,0,100,DOWN,NONE,NONE,0,True,100,55,45,80,False,True,NEUTRAL,70,False,0.0,NONE,True,BULLISH,True,True,90,True,70,7.107107107107348,2.46856078248683,50.0,19,POOR,False,75,72,-0.15380513767733375,5,80.0,True,RANDOM,70,42.784760549513315,7.834133395862416,True,MOMENTUM_SHIFT,False,True,False,65,True,70,DOWN,100,CHOPPY,LOW,DOWN,100,0.0918,CHOPPY,85,30,85,NORMAL,BEARISH,65,40,75,LOW,58,55,45,-0.96,False,65,0.5671712393566698,100.0,RANGING,90,False,NONE,1.307945,1.309305,1.308985,FAR,30,50,85,NONE,DOWN,DOWN,66,DOWN,DOWN,NONE,False,"['M1', 'M5', 'M15']",66,66,BREAKOUT_EMERGING,BREAKOUT_EMERGING,56,70,True,34,"Volatility expansion after compression. Potential breakout opportunity. (breakout prob: 30%, reversal prob: 50%)",MEDIUM,PREPARE_TO_TRADE,5,1.0,0.5,False,False,False,False,0.3,0.3,True,False,False,18,True,,,,BREAKOUT_EMERGING,"Volatility expansion after compression. Potential breakout opportunity. (breakout prob: 30%, reversal prob: 50%)",LOW,NONE_OTC,0.082,[],True,Passed basic checks,รอการวิเคราะห์จาก AI,66,70,MEDIUM,รอการวิเคราะห์จาก AI,รอการวิเคราะห์จาก AI,รอการวิเคราะห์จาก AI
2026-07-02 21:30:00,1.308795,1.309105,1.308665,1.308775,1.0,GBPUSD-OTC,BEARISH,1.3088,1.308727,1.309186,1.311246,1.312785,1.312531,BEARISH,1.310781,1.307184,0.003598,0.006342,54.64,44.91,-0.000829,-0.001089,0.00026,50.35,41.61,0.001078,1.01,-0.94,0.001114,0.001151,32.93,12.87,17.2,14.39,0.0979,1.0,1.0,1.0,False,0.000171,-9.5e-05,-0.000204,1.308968,1.309402,1.309748,1.308622,1.308188,23,3.41,1.307945,1.311095,NO_VOLUME_DATA,1.308764,1.308754,1.308656,1.308664,52.03,52.77,0.000119,0.00012,53.15,49.25,0.000447,1.309311,1.307999,1.308848,1.309032,1.308592,1.0,1.0,1.308775,1.309105,1.308665,1.308795,NEW YORK,305847,LOW,1.308775,1.309105,1.308665,1.308795,NEW YORK,305847,LOW,NONE,BULLISH,BULLISH,WEAK,AT_PIVOT,HIGH_WICK,NEUTRAL,CHAOTIC,NONE,TESTING_PIVOT,NORMAL,39,40,-13.068592057765663,50,NEUTRAL,False,70,[],0,0,NEUTRAL,BULLISH,40,False,NONE,0,False,False,False,60,False,0,100,DOWN,NONE,NONE,0,True,100,55,45,80,False,True,NEUTRAL,70,False,0.0,NONE,True,BULLISH,True,True,90,True,70,6.256206554120504,2.083333333332605,50.0,19,POOR,False,75,70,-0.15541949318665066,5,70.0,True,RANDOM,70,42.63711855129125,7.8942721276021945,True,MOMENTUM_SHIFT,False,True,False,65,True,70,DOWN,100,CHOPPY,LOW,DOWN,100,0.0979,CHOPPY,85,30,85,NORMAL,BEARISH,65,40,75,LOW,58,55,45,-0.94,False,65,0.5673289183222958,100.0,RANGING,90,False,NONE,1.307945,1.309402,1.308968,FAR,30,50,85,NONE,DOWN,DOWN,66,DOWN,DOWN,NONE,False,"['M1', 'M5', 'M15']",66,66,ACCUMULATION,ACCUMULATION,56,65,True,34,"Smart money accumulation. Bullish bias, look for breakout.",MEDIUM,WAIT,5,1.0,0.5,False,False,False,False,0.3,0.3,True,False,False,18,True,,,,ACCUMULATION,"Smart money accumulation. Bullish bias, look for breakout.",LOW,NONE_OTC,0.082,[],True,Passed basic checks,รอการวิเคราะห์จาก AI,66,65,MEDIUM,รอการวิเคราะห์จาก AI,รอการวิเคราะห์จาก AI,รอการวิเคราะห์จาก AI
2026-07-02 21:31:00,1.308795,1.309105,1.308665,1.308775,1.0,GBPUSD-OTC,BEARISH,1.3088,1.308727,1.309186,1.311246,1.312785,1.312531,BEARISH,1.310781,1.307184,0.003598,0.006342,54.64,44.91,-0.000829,-0.001089,0.00026,50.35,41.61,0.001078,1.01,-0.94,0.001114,0.001151,32.93,12.87,17.2,14.39,0.0979,1.0,1.0,1.0,False,0.000171,-9.5e-05,-0.000204,1.308968,1.309402,1.309748,1.308622,1.308188,23,3.41,1.307945,1.311095,NO_VOLUME_DATA,1.308764,1.308754,1.308656,1.308665,52.03,52.77,0.000119,0.00012,53.15,49.25,0.000447,1.309311,1.307999,1.308848,1.309032,1.308592,1.0,1.0,1.308775,1.309105,1.308665,1.308795,NEW YORK,364204,LOW,1.308775,1.309105,1.308665,1.308795,NEW YORK,364204,LOW,NONE,BULLISH,BULLISH,WEAK,AT_PIVOT,HIGH_WICK,NEUTRAL,CHAOTIC,NONE,TESTING_PIVOT,NORMAL,39,40,-13.068592057765663,50,NEUTRAL,False,70,[],0,0,NEUTRAL,BULLISH,40,False,NONE,0,False,False,False,60,False,0,100,DOWN,NONE,NONE,0,True,100,55,45,80,False,True,NEUTRAL,70,False,0.0,NONE,True,BULLISH,True,True,90,True,70,6.256206554120504,2.083333333332605,50.0,19,POOR,False,75,70,-0.15541949318665066,5,70.0,True,RANDOM,70,42.63711855129125,7.8942721276021945,True,MOMENTUM_SHIFT,False,True,False,65,True,70,DOWN,100,CHOPPY,LOW,DOWN,100,0.0979,CHOPPY,85,30,85,NORMAL,BEARISH,65,40,75,LOW,58,55,45,-0.94,False,65,0.5673289183222958,100.0,RANGING,90,False,NONE,1.307945,1.309402,1.308968,FAR,30,50,85,NONE,DOWN,DOWN,66,DOWN,DOWN,NONE,False,"['M1', 'M5', 'M15']",66,66,BREAKOUT_EMERGING,BREAKOUT_EMERGING,56,70,True,34,"Volatility expansion after compression. Potential breakout opportunity. (breakout prob: 30%, reversal prob: 50%)",MEDIUM,PREPARE_TO_TRADE,5,1.0,0.5,False,False,False,False,0.3,0.3,True,False,False,18,True,,,,BREAKOUT_EMERGING,"Volatility expansion after compression. Potential breakout opportunity. (breakout prob: 30%, reversal prob: 50%)",LOW,NONE_OTC,0.082,[],True,Passed basic checks,รอการวิเคราะห์จาก AI,66,70,MEDIUM,รอการวิเคราะห์จาก AI,รอการวิเคราะห์จาก AI,รอการวิเคราะห์จาก AI
2026-07-02 21:32:00,1.308795,1.309105,1.308665,1.308775,1.0,GBPUSD-OTC,BEARISH,1.3088,1.308727,1.309186,1.311246,1.312785,1.312531,BEARISH,1.310781,1.307184,0.003598,0.006342,54.64,44.91,-0.000829,-0.001089,0.00026,50.35,41.61,0.001078,1.01,-0.94,0.001114,0.001151,32.93,12.87,17.2,14.39,0.0979,1.0,1.0,1.0,False,0.000171,-9.5e-05,-0.000204,1.308968,1.309402,1.309748,1.308622,1.308188,23,3.41,1.307945,1.311095,NO_VOLUME_DATA,1.308764,1.308754,1.308656,1.308664,52.03,52.77,0.000119,0.00012,53.15,49.25,0.000447,1.309311,1.307999,1.308848,1.309032,1.308592,1.0,1.0,1.308775,1.309105,1.308665,1.308795,NEW YORK,423530,LOW,1.308775,1.309105,1.308665,1.308795,NEW YORK,423530,LOW,NONE,BULLISH,BULLISH,WEAK,AT_PIVOT,HIGH_WICK,NEUTRAL,CHAOTIC,NONE,TESTING_PIVOT,NORMAL,39,40,-13.068592057765663,50,NEUTRAL,False,70,[],0,0,NEUTRAL,BULLISH,40,False,NONE,0,False,False,False,60,False,0,100,DOWN,NONE,NONE,0,True,100,55,45,80,False,True,NEUTRAL,70,False,0.0,NONE,True,BULLISH,True,True,90,True,70,6.256206554120504,2.083333333332605,50.0,19,POOR,False,75,70,-0.15541949318665066,5,70.0,True,RANDOM,70,42.63711855129125,7.8942721276021945,True,MOMENTUM_SHIFT,False,True,False,65,True,70,DOWN,100,CHOPPY,LOW,DOWN,100,0.0979,CHOPPY,85,30,85,NORMAL,BEARISH,65,40,75,LOW,58,55,45,-0.94,False,65,0.5673289183222958,100.0,RANGING,90,False,NONE,1.307945,1.309402,1.308968,FAR,30,50,85,NONE,DOWN,DOWN,66,DOWN,DOWN,NONE,False,"['M1', 'M5', 'M15']",66,66,BREAKOUT_EMERGING,BREAKOUT_EMERGING,56,70,True,34,"Volatility expansion after compression. Potential breakout opportunity. (breakout prob: 30%, reversal prob: 50%)",MEDIUM,PREPARE_TO_TRADE,5,1.0,0.5,False,False,False,False,0.3,0.3,True,False,False,18,True,,,,BREAKOUT_EMERGING,"Volatility expansion after compression. Potential breakout opportunity. (breakout prob: 30%, reversal prob: 50%)",LOW,NONE_OTC,0.082,[],True,Passed basic checks,รอการวิเคราะห์จาก AI,66,70,MEDIUM,รอการวิเคราะห์จาก AI,รอการวิเคราะห์จาก AI,รอการวิเคราะห์จาก AI
2026-07-02 21:33:00,1.308795,1.309105,1.308665,1.308775,1.0,GBPUSD-OTC,BEARISH,1.3088,1.308727,1.309186,1.311246,1.312785,1.312531,BEARISH,1.310781,1.307184,0.003598,0.006342,54.64,44.91,-0.000829,-0.001089,0.00026,50.35,41.61,0.001078,1.01,-0.94,0.001114,0.001151,32.93,12.87,17.2,14.39,0.0979,1.0,1.0,1.0,False,0.000171,-9.5e-05,-0.000204,1.308968,1.309402,1.309748,1.308622,1.308188,23,3.41,1.307945,1.311095,NO_VOLUME_DATA,1.308764,1.308754,1.308656,1.308665,52.03,52.77,0.000119,0.00012,53.15,49.25,0.000447,1.309311,1.307999,1.308848,1.309032,1.308592,1.0,1.0,1.308775,1.309105,1.308665,1.308795,NEW YORK,484077,LOW,1.308775,1.309105,1.308665,1.308795,NEW YORK,484077,LOW,NONE,BULLISH,BULLISH,WEAK,AT_PIVOT,HIGH_WICK,NEUTRAL,CHAOTIC,NONE,TESTING_PIVOT,NORMAL,39,40,-13.068592057765663,50,NEUTRAL,False,70,[],0,0,NEUTRAL,BULLISH,40,False,NONE,0,False,False,False,60,False,0,100,DOWN,NONE,NONE,0,True,100,55,45,80,False,True,NEUTRAL,70,False,0.0,NONE,True,BULLISH,True,True,90,True,70,6.256206554120504,2.083333333332605,50.0,19,POOR,False,75,70,-0.15541949318665066,5,70.0,True,RANDOM,70,42.63711855129125,7.8942721276021945,True,MOMENTUM_SHIFT,False,True,False,65,True,70,DOWN,100,CHOPPY,LOW,DOWN,100,0.0979,CHOPPY,85,30,85,NORMAL,BEARISH,65,40,75,LOW,58,55,45,-0.94,False,65,0.5673289183222958,100.0,RANGING,90,False,NONE,1.307945,1.309402,1.308968,FAR,30,50,85,NONE,DOWN,DOWN,66,DOWN,DOWN,NONE,False,"['M1', 'M5', 'M15']",66,66,BREAKOUT_EMERGING,BREAKOUT_EMERGING,56,70,True,34,"Volatility expansion after compression. Potential breakout opportunity. (breakout prob: 30%, reversal prob: 50%)",MEDIUM,PREPARE_TO_TRADE,5,1.0,0.5,False,False,False,False,0.3,0.3,True,False,False,18,True,,,,BREAKOUT_EMERGING,"Volatility expansion after compression. Potential breakout opportunity. (breakout prob: 30%, reversal prob: 50%)",LOW,NONE_OTC,0.082,[],True,Passed basic checks,รอการวิเคราะห์จาก AI,66,70,MEDIUM,รอการวิเคราะห์จาก AI,รอการวิเคราะห์จาก AI,รอการวิเคราะห์จาก AI
2026-07-02 21:34:00,1.308795,1.309105,1.308665,1.308775,1.0,GBPUSD-OTC,BEARISH,1.3088,1.308727,1.309186,1.311246,1.312785,1.312531,BEARISH,1.310781,1.307184,0.003598,0.006342,54.64,44.91,-0.000829,-0.001089,0.00026,50.35,41.61,0.001078,1.01,-0.94,0.001114,0.001151,32.93,12.87,17.2,14.39,0.0979,1.0,1.0,1.0,False,0.000171,-9.5e-05,-0.000204,1.308968,1.309402,1.309748,1.308622,1.308188,23,3.41,1.307945,1.311095,NO_VOLUME_DATA,1.308764,1.308754,1.308656,1.308665,52.03,52.77,0.000119,0.00012,53.15,49.25,0.000447,1.309311,1.307999,1.308848,1.309032,1.308592,1.0,1.0,1.308775,1.309105,1.308665,1.308795,NEW YORK,543534,LOW,1.308775,1.309105,1.308665,1.308795,NEW YORK,543534,LOW,NONE,BULLISH,BULLISH,WEAK,AT_PIVOT,HIGH_WICK,NEUTRAL,CHAOTIC,NONE,TESTING_PIVOT,NORMAL,39,40,-13.068592057765663,50,NEUTRAL,False,70,[],0,0,NEUTRAL,BULLISH,40,False,NONE,0,False,False,False,60,False,0,100,DOWN,NONE,NONE,0,True,100,55,45,80,False,True,NEUTRAL,70,False,0.0,NONE,True,BULLISH,True,True,90,True,70,6.256206554120504,2.083333333332605,50.0,19,POOR,False,75,70,-0.15541949318665066,5,70.0,True,RANDOM,70,42.63711855129125,7.8942721276021945,True,MOMENTUM_SHIFT,False,True,False,65,True,70,DOWN,100,CHOPPY,LOW,DOWN,100,0.0979,CHOPPY,85,30,85,NORMAL,BEARISH,65,40,75,LOW,58,55,45,-0.94,False,65,0.5673289183222958,100.0,RANGING,90,False,NONE,1.307945,1.309402,1.308968,FAR,30,50,85,NONE,DOWN,DOWN,66,DOWN,DOWN,NONE,False,"['M1', 'M5', 'M15']",66,66,ACCUMULATION,ACCUMULATION,56,65,True,34,"Smart money accumulation. Bullish bias, look for breakout.",MEDIUM,WAIT,5,1.0,0.5,False,False,False,False,0.3,0.3,True,False,False,18,True,,,,ACCUMULATION,"Smart money accumulation. Bullish bias, look for breakout.",LOW,NONE_OTC,0.082,[],True,Passed basic checks,รอการวิเคราะห์จาก AI,66,65,MEDIUM,รอการวิเคราะห์จาก AI,รอการวิเคราะห์จาก AI,รอการวิเคราะห์จาก AI
2026-07-02 21:35:00,1.309045,1.309125,1.308265,1.308325,1.0,GBPUSD-OTC,BEARISH,1.308769,1.308723,1.30914,1.311147,1.312704,1.312493,BEARISH,1.310729,1.307156,0.003572,0.006333,48.23,42.48,-0.000773,-0.001026,0.000253,51.72,47.55,0.001079,1.5,-0.93,0.001106,0.001153,32.24,11.95,19.21,23.3,0.0811,1.0,1.0,1.0,False,0.000155,-9.1e-05,-0.000199,1.308625,1.309205,1.309705,1.308125,1.307545,24,3.41,1.307945,1.309425,NO_VOLUME_DATA,1.30873,1.308767,1.308711,1.30869,34.01,44.05,8.6e-05,0.000117,49.7,61.24,0.000467,1.309363,1.308177,1.308572,1.308878,1.308018,1.0,1.0,1.308325,1.309125,1.308265,1.309045,NEW YORK,305229,LOW,1.308325,1.309125,1.308265,1.309045,NEW YORK,305229,LOW,NONE,BEARISH,BEARISH,WEAK,AT_PIVOT,HIGH_WICK,NEUTRAL,CHAOTIC,TRUE,TESTING_PIVOT,NORMAL,38,40,-19.882611885549732,50,NEUTRAL,False,70,[],0,0,NEUTRAL,BEARISH,40,True,REJECTION,25,False,False,True,70,False,0,100,DOWN,NONE,NONE,0,True,100,55,45,80,False,True,NEUTRAL,70,False,0.0,NONE,True,BULLISH,True,True,90,True,70,7.812499999999457,7.670979667282827,50.0,21,POOR,False,75,70,-0.13374671783820882,5,70.0,True,RANDOM,70,42.1118140016045,8.750974269825555,True,MOMENTUM_SHIFT,False,True,False,65,True,70,DOWN,100,CHOPPY,LOW,DOWN,100,0.0811,CHOPPY,85,30,85,NORMAL,BEARISH,65,40,75,LOW,58,55,45,-0.93,False,65,0.5640296857729354,100.0,RANGING,90,False,NONE,1.307945,1.309205,1.308625,FAR,30,50,85,NONE,DOWN,DOWN,66,DOWN,DOWN,NONE,False,"['M1', 'M5', 'M15']",66,66,BREAKOUT_EMERGING,BREAKOUT_EMERGING,55,70,True,33,"Volatility expansion after compression. Potential breakout opportunity. (breakout prob: 30%, reversal prob: 50%)",MEDIUM,PREPARE_TO_TRADE,5,1.0,0.5,False,False,False,False,0.3,0.3,True,False,False,18,True,,,,BREAKOUT_EMERGING,"Volatility expansion after compression. Potential breakout opportunity. (breakout prob: 30%, reversal prob: 50%)",LOW,NONE_OTC,0.082,[],True,Passed basic checks,รอการวิเคราะห์จาก AI,66,70,MEDIUM,รอการวิเคราะห์จาก AI,รอการวิเคราะห์จาก AI,รอการวิเคราะห์จาก AI
2026-07-02 21:36:00,1.309045,1.309125,1.308265,1.308325,1.0,GBPUSD-OTC,BEARISH,1.308769,1.308723,1.30914,1.311147,1.312704,1.312493,BEARISH,1.310729,1.307156,0.003572,0.006333,48.23,42.48,-0.000773,-0.001026,0.000253,51.72,47.55,0.001079,1.5,-0.93,0.001106,0.001153,32.24,11.95,19.21,23.3,0.0811,1.0,1.0,1.0,False,0.000155,-9.1e-05,-0.000199,1.308625,1.309205,1.309705,1.308125,1.307545,24,3.41,1.307945,1.309425,NO_VOLUME_DATA,1.30873,1.308767,1.308711,1.30869,34.01,44.05,8.6e-05,0.000117,49.7,61.24,0.000467,1.309363,1.308177,1.308572,1.308878,1.308018,1.0,1.0,1.308325,1.309125,1.308265,1.309045,NEW YORK,363617,LOW,1.308325,1.309125,1.308265,1.309045,NEW YORK,363617,LOW,NONE,BEARISH,BEARISH,WEAK,AT_PIVOT,HIGH_WICK,NEUTRAL,CHAOTIC,TRUE,TESTING_PIVOT,NORMAL,38,40,-19.882611885549732,50,NEUTRAL,False,70,[],0,0,NEUTRAL,BEARISH,40,True,REJECTION,25,False,False,True,70,False,0,100,DOWN,NONE,NONE,0,True,100,55,45,80,False,True,NEUTRAL,70,False,0.0,NONE,True,BULLISH,True,True,90,True,70,7.812499999999457,7.670979667282827,50.0,21,POOR,False,75,70,-0.13374671783820882,5,70.0,True,RANDOM,70,42.1118140016045,8.750974269825555,True,MOMENTUM_SHIFT,False,True,False,65,True,70,DOWN,100,CHOPPY,LOW,DOWN,100,0.0811,CHOPPY,85,30,85,NORMAL,BEARISH,65,40,75,LOW,58,55,45,-0.93,False,65,0.5640296857729354,100.0,RANGING,90,False,NONE,1.307945,1.309205,1.308625,FAR,30,50,85,NONE,DOWN,DOWN,66,DOWN,DOWN,NONE,False,"['M1', 'M5', 'M15']",66,66,ACCUMULATION,ACCUMULATION,55,65,True,33,"Smart money accumulation. Bullish bias, look for breakout.",MEDIUM,WAIT,5,1.0,0.5,False,False,False,False,0.3,0.3,True,False,False,18,True,,,,ACCUMULATION,"Smart money accumulation. Bullish bias, look for breakout.",LOW,NONE_OTC,0.082,[],True,Passed basic checks,รอการวิเคราะห์จาก AI,66,65,MEDIUM,รอการวิเคราะห์จาก AI,รอการวิเคราะห์จาก AI,รอการวิเคราะห์จาก AI
2026-07-02 21:37:00,1.309045,1.309125,1.308265,1.308325,1.0,GBPUSD-OTC,BEARISH,1.308769,1.308723,1.30914,1.311147,1.312704,1.312493,BEARISH,1.310729,1.307156,0.003572,0.006333,48.23,42.48,-0.000773,-0.001026,0.000253,51.72,47.55,0.001079,1.5,-0.93,0.001106,0.001153,32.24,11.95,19.21,23.3,0.0811,1.0,1.0,1.0,False,0.000155,-9.1e-05,-0.000199,1.308625,1.309205,1.309705,1.308125,1.307545,24,3.41,1.307945,1.309425,NO_VOLUME_DATA,1.30873,1.308767,1.308711,1.30869,34.01,44.05,8.6e-05,0.000117,49.7,61.24,0.000467,1.309363,1.308177,1.308572,1.308878,1.308018,1.0,1.0,1.308325,1.309125,1.308265,1.309045,NEW YORK,424114,LOW,1.308325,1.309125,1.308265,1.309045,NEW YORK,424114,LOW,NONE,BEARISH,BEARISH,WEAK,AT_PIVOT,HIGH_WICK,NEUTRAL,CHAOTIC,TRUE,TESTING_PIVOT,NORMAL,38,40,-19.882611885549732,50,NEUTRAL,False,70,[],0,0,NEUTRAL,BEARISH,40,True,REJECTION,25,False,False,True,70,False,0,100,DOWN,NONE,NONE,0,True,100,55,45,80,False,True,NEUTRAL,70,False,0.0,NONE,True,BULLISH,True,True,90,True,70,7.812499999999457,7.670979667282827,50.0,21,POOR,False,75,70,-0.13374671783820882,5,70.0,True,RANDOM,70,42.1118140016045,8.750974269825555,True,MOMENTUM_SHIFT,False,True,False,65,True,70,DOWN,100,CHOPPY,LOW,DOWN,100,0.0811,CHOPPY,85,30,85,NORMAL,BEARISH,65,40,75,LOW,58,55,45,-0.93,False,65,0.5640296857729354,100.0,RANGING,90,False,NONE,1.307945,1.309205,1.308625,FAR,30,50,85,NONE,DOWN,DOWN,66,DOWN,DOWN,NONE,False,"['M1', 'M5', 'M15']",66,66,BREAKOUT_EMERGING,BREAKOUT_EMERGING,55,70,True,33,"Volatility expansion after compression. Potential breakout opportunity. (breakout prob: 30%, reversal prob: 50%)",MEDIUM,PREPARE_TO_TRADE,5,1.0,0.5,False,False,False,False,0.3,0.3,True,False,False,18,True,,,,BREAKOUT_EMERGING,"Volatility expansion after compression. Potential breakout opportunity. (breakout prob: 30%, reversal prob: 50%)",LOW,NONE_OTC,0.082,[],True,Passed basic checks,รอการวิเคราะห์จาก AI,66,70,MEDIUM,รอการวิเคราะห์จาก AI,รอการวิเคราะห์จาก AI,รอการวิเคราะห์จาก AI
2026-07-02 21:38:00,1.309045,1.309125,1.308265,1.308325,1.0,GBPUSD-OTC,BEARISH,1.308769,1.308723,1.30914,1.311147,1.312704,1.312493,BEARISH,1.310729,1.307156,0.003572,0.006333,48.23,42.48,-0.000773,-0.001026,0.000253,51.72,47.55,0.001079,1.5,-0.93,0.001106,0.001153,32.24,11.95,19.21,23.3,0.0811,1.0,1.0,1.0,False,0.000155,-9.1e-05,-0.000199,1.308625,1.309205,1.309705,1.308125,1.307545,24,3.41,1.307945,1.309425,NO_VOLUME_DATA,1.30873,1.308767,1.308711,1.30869,34.01,44.05,8.6e-05,0.000117,49.7,61.24,0.000467,1.309363,1.308177,1.308572,1.308878,1.308018,1.0,1.0,1.308325,1.309125,1.308265,1.309045,NEW YORK,483572,LOW,1.308325,1.309125,1.308265,1.309045,NEW YORK,483572,LOW,NONE,BEARISH,BEARISH,WEAK,AT_PIVOT,HIGH_WICK,NEUTRAL,CHAOTIC,TRUE,TESTING_PIVOT,NORMAL,38,40,-19.882611885549732,50,NEUTRAL,False,70,[],0,0,NEUTRAL,BEARISH,40,True,REJECTION,25,False,False,True,70,False,0,100,DOWN,NONE,NONE,0,True,100,55,45,80,False,True,NEUTRAL,70,False,0.0,NONE,True,BULLISH,True,True,90,True,70,7.812499999999457,7.670979667282827,50.0,21,POOR,False,75,70,-0.13374671783820882,5,70.0,True,RANDOM,70,42.1118140016045,8.750974269825555,True,MOMENTUM_SHIFT,False,True,False,65,True,70,DOWN,100,CHOPPY,LOW,DOWN,100,0.0811,CHOPPY,85,30,85,NORMAL,BEARISH,65,40,75,LOW,58,55,45,-0.93,False,65,0.5640296857729354,100.0,RANGING,90,False,NONE,1.307945,1.309205,1.308625,FAR,30,50,85,NONE,DOWN,DOWN,66,DOWN,DOWN,NONE,False,"['M1', 'M5', 'M15']",66,66,ACCUMULATION,ACCUMULATION,55,65,True,33,"Smart money accumulation. Bullish bias, look for breakout.",MEDIUM,WAIT,5,1.0,0.5,False,False,False,False,0.3,0.3,True,False,False,18,True,,,,ACCUMULATION,"Smart money accumulation. Bullish bias, look for breakout.",LOW,NONE_OTC,0.082,[],True,Passed basic checks,รอการวิเคราะห์จาก AI,66,65,MEDIUM,รอการวิเคราะห์จาก AI,รอการวิเคราะห์จาก AI,รอการวิเคราะห์จาก AI
2026-07-02 21:44:00,1.309015,1.309315,1.308825,1.309265,1.0,GBPUSD-OTC,BEARISH,1.308887,1.308809,1.309112,1.310981,1.312555,1.312396,BEARISH,1.310355,1.307267,0.003087,0.006295,52.8,44.91,-0.000632,-0.000894,0.000262,69.2,61.92,0.001035,0.5,-0.96,0.001086,0.001156,29.7,13.79,17.26,11.18,0.0887,1.0,1.0,1.0,False,0.000124,-4.5e-05,-0.000189,1.309105,1.309445,1.309925,1.308625,1.308285,26,3.56,1.308045,1.309425,NO_VOLUME_DATA,1.309097,1.308968,1.308844,1.308749,66.08,59.74,0.000138,8.8e-05,85.08,85.9,0.000431,1.309377,1.308206,1.309135,1.309445,1.308955,1.0,1.0,1.309265,1.309315,1.308825,1.309015,NEW YORK,243520,LOW,1.309265,1.309315,1.308825,1.309015,NEW YORK,243520,LOW,DOJI,BEARISH,BEARISH,WEAK,AT_PIVOT,HIGH_WICK,NEUTRAL,CHAOTIC,TRUE,TESTING_PIVOT,NORMAL,37,40,-12.366412213743398,50,NEUTRAL,False,70,['DOJI'],1,20,NEUTRAL,BEARISH,60,True,REJECTION,25,False,False,True,70,False,0,100,DOWN,NONE,NONE,0,True,100,55,45,80,False,True,NEUTRAL,70,False,0.0,NONE,True,BULLISH,True,True,90,True,70,13.242961418145619,1.6957136128127195,50.0,21,POOR,False,75,69,-0.13206771145231194,5,60.0,True,RANDOM,70,45.59333318141131,4.754571712989334,True,MOMENTUM_SHIFT,False,True,False,65,True,70,NONE,100,CHOPPY,LOW,NONE,100,0.0887,CHOPPY,20,50,30,NORMAL,BEARISH,65,40,75,LOW,58,55,45,-0.96,False,65,0.4903891977760127,100.0,RANGING,90,False,NONE,1.308045,1.309425,1.309105,FAR,30,50,85,UP,DOWN,DOWN,66,DOWN,DOWN,UP,True,"['M1', 'M5', 'M15']",66,66,BREAKOUT_EMERGING,BREAKOUT_EMERGING,55,70,True,32,"Volatility expansion after compression. Potential breakout opportunity. (breakout prob: 30%, reversal prob: 50%)",MEDIUM,PREPARE_TO_TRADE,5,1.0,0.5,False,False,True,False,0.3,0.3,True,False,False,18,True,,,,BREAKOUT_EMERGING,"Volatility expansion after compression. Potential breakout opportunity. (breakout prob: 30%, reversal prob: 50%)",LOW,NONE_OTC,0.079,[],True,Passed basic checks,รอการวิเคราะห์จาก AI,66,70,MEDIUM,รอการวิเคราะห์จาก AI,รอการวิเคราะห์จาก AI,รอการวิเคราะห์จาก AI
2026-07-02 21:45:00,1.309015,1.309315,1.308825,1.309265,1.0,GBPUSD-OTC,BEARISH,1.309147,1.308951,1.309186,1.311011,1.31257,1.312404,BULLISH,1.310446,1.307254,0.003192,0.006296,64.41,51.37,-0.00057,-0.000882,0.000312,77.76,64.77,0.001051,0.5,-0.9,0.001088,0.001156,29.32,15.14,16.99,5.78,0.1483,1.0,1.0,1.0,False,0.000167,-3.4e-05,-0.000187,1.309442,1.310118,1.310492,1.309068,1.308392,26,3.5,1.308045,1.309425,NO_VOLUME_DATA,1.309097,1.308968,1.308844,1.308748,66.08,59.74,0.000138,8.8e-05,85.08,85.9,0.000431,1.309377,1.308206,1.309135,1.309445,1.308955,1.0,1.0,1.309265,1.309315,1.308825,1.309015,NEW YORK,305505,LOW,1.309265,1.309315,1.308825,1.309015,NEW YORK,305505,LOW,NONE,BULLISH,BULLISH,WEAK,AT_PIVOT,HIGH_WICK,NEUTRAL,CHAOTIC,NONE,TESTING_PIVOT,NORMAL,39,36,-6.0957910014542955,50,NEUTRAL,False,70,[],0,0,NEUTRAL,BULLISH,40,False,NONE,0,False,False,False,60,False,0,100,NONE,NONE,UP,0,True,100,55,45,80,False,True,NEUTRAL,70,False,0.0,NONE,True,BULLISH,True,True,90,True,70,4.761904761905995,1.9571295433358276,55.00000000000001,20,POOR,False,75,67,-0.10902716788602432,5,50.0,True,RANDOM,70,47.1251821097492,3.6501412786655067,True,MOMENTUM_SHIFT,False,True,False,65,True,70,NONE,100,CHOPPY,LOW,NONE,100,0.1483,CHOPPY,20,50,30,NORMAL,NONE,65,40,75,LOW,58,55,45,-0.9,False,65,0.5069885641677255,100.0,RANGING,90,False,NONE,1.308045,1.309425,1.309442,FAR,30,50,85,UP,NONE,DOWN,33,NONE,DOWN,UP,True,"['M1', 'M5', 'M15']",33,33,BREAKOUT_EMERGING,BREAKOUT_EMERGING,55,70,True,32,"Volatility expansion after compression. Potential breakout opportunity. (breakout prob: 30%, reversal prob: 50%)",MEDIUM,PREPARE_TO_TRADE,5,1.0,0.5,False,False,True,False,0.3,0.3,True,False,False,18,True,,,,BREAKOUT_EMERGING,"Volatility expansion after compression. Potential breakout opportunity. (breakout prob: 30%, reversal prob: 50%)",LOW,NONE_OTC,0.08,[],True,Passed basic checks,รอการวิเคราะห์จาก AI,33,70,MEDIUM,รอการวิเคราะห์จาก AI,รอการวิเคราะห์จาก AI,รอการวิเคราะห์จาก AI
2026-07-02 21:49:00,1.309755,1.309955,1.309515,1.309575,1.0,GBPUSD-OTC,BEARISH,1.309206,1.309019,1.309199,1.310945,1.312509,1.312395,BULLISH,1.310446,1.307254,0.003192,0.006255,55.84,48.07,-0.000497,-0.000805,0.000308,83.79,75.47,0.001057,1.5,-0.87,0.00108,0.001155,27.4,14.93,15.7,2.51,0.091,1.0,1.0,1.0,False,0.000139,-1.9e-05,-0.000178,1.309368,1.309912,1.310498,1.308782,1.308238,27,3.48,1.308045,1.309425,NO_VOLUME_DATA,1.309479,1.309305,1.309095,1.308879,61.39,59.54,0.000238,0.000166,89.97,85.09,0.000458,1.309818,1.30815,1.309682,1.309848,1.309408,1.0,1.0,1.309575,1.309955,1.309515,1.309755,NEW YORK,243556,LOW,1.309575,1.309955,1.309515,1.309755,NEW YORK,243556,LOW,NONE,BEARISH,BEARISH,WEAK,AT_PIVOT,HIGH_WICK,NEUTRAL,CHAOTIC,NONE,TESTING_PIVOT,NORMAL,38,36,-15.17857142857541,50,NEUTRAL,False,70,[],0,0,NEUTRAL,BEARISH,40,False,NONE,0,False,False,False,60,False,0,100,NONE,NONE,UP,0,True,100,55,45,80,False,True,NEUTRAL,70,False,0.0,NONE,True,BULLISH,True,True,90,True,70,0.0,6.981132075471386,55.00000000000001,20,POOR,False,75,66,-0.15685360467319467,5,40.0,True,RANDOM,70,50.262813616782175,0.1439197549178639,True,MOMENTUM_SHIFT,False,True,False,65,True,70,NONE,100,CHOPPY,LOW,NONE,100,0.091,CHOPPY,20,50,30,NORMAL,BEARISH,65,40,75,LOW,58,55,45,-0.87,False,65,0.5103117505995204,100.0,RANGING,90,False,NONE,1.308045,1.309425,1.309368,FAR,30,50,85,UP,NONE,DOWN,33,NONE,DOWN,UP,True,"['M1', 'M5', 'M15']",33,33,BREAKOUT_EMERGING,BREAKOUT_EMERGING,55,70,True,31,"Volatility expansion after compression. Potential breakout opportunity. (breakout prob: 30%, reversal prob: 50%)",MEDIUM,PREPARE_TO_TRADE,5,1.0,0.5,False,False,True,False,0.3,0.3,True,False,False,18,True,,,,BREAKOUT_EMERGING,"Volatility expansion after compression. Potential breakout opportunity. (breakout prob: 30%, reversal prob: 50%)",LOW,NONE_OTC,0.081,[],True,Passed basic checks,รอการวิเคราะห์จาก AI,33,70,MEDIUM,รอการวิเคราะห์จาก AI,รอการวิเคราะห์จาก AI,รอการวิเคราะห์จาก AI
2026-07-02 22:00:00,1.307935,1.308125,1.307655,1.307785,1.0,GBPUSD-OTC,BEARISH,1.307968,1.308354,1.308804,1.310644,1.312315,1.312443,BEARISH,1.30998,1.307029,0.00295,0.00615,26.45,32.52,-0.00071,-0.000752,4.3e-05,28.34,55.25,0.001121,11.0,-0.74,0.001078,0.001139,27.92,12.13,28.14,39.75,-0.1513,1.0,1.0,1.0,False,-0.000149,-1.5e-05,-0.000168,1.307012,1.307688,1.308872,1.305828,1.305152,20,3.47,1.308045,1.309955,NO_VOLUME_DATA,1.308113,1.30843,1.308675,1.30876,22.58,34.85,-0.000209,-2.6e-05,6.93,7.97,0.000466,1.310064,1.307814,1.307855,1.308055,1.307585,1.0,1.0,1.307785,1.308125,1.307655,1.307935,NEW YORK,305601,LOW,1.307785,1.308125,1.307655,1.307935,NEW YORK,305601,LOW,NONE,BEARISH,BEARISH,WEAK,AT_SUPPORT,HIGH_WICK,BEARISH,CHAOTIC,NONE,TESTING_SUPPORT,NORMAL,44,30,-29.709697344041324,50,NEUTRAL,False,70,[],0,0,NEUTRAL,BEARISH,40,False,NONE,0,False,False,False,60,False,0,100,DOWN,NONE,NONE,0,True,100,55,45,80,False,True,NEUTRAL,70,False,0.0,NONE,True,BULLISH,True,True,90,True,70,34.79504289799928,13.519813519813084,50.0,32,POOR,False,75,69,-0.06631452705936552,5,60.0,True,RANDOM,70,53.85508580603077,2.634471278373242,True,STRUCTURE_BREAK,False,False,True,70,True,70,DOWN,100,IMPULSIVE,LOW,DOWN,100,-0.1513,IMPULSIVE,90,30,95,NORMAL,NONE,70,30,80,LOW,58,55,45,-0.74,False,65,0.4796747967479675,100.0,RANGING,90,False,NONE,1.305828,1.307688,1.307012,FAR,30,50,85,DOWN,DOWN,DOWN,100,DOWN,DOWN,DOWN,False,"['M1', 'M5', 'M15']",100,100,BREAKOUT_EMERGING,BREAKOUT_EMERGING,50,70,True,32,"Volatility expansion after compression. Potential breakout opportunity. (breakout prob: 30%, reversal prob: 50%)",MEDIUM,PREPARE_TO_TRADE,5,1.0,0.5,False,False,False,False,0.3,0.3,True,False,False,18,True,,,,BREAKOUT_EMERGING,"Volatility expansion after compression. Potential breakout opportunity. (breakout prob: 30%, reversal prob: 50%)",LOW,NONE_OTC,0.086,[],True,Passed basic checks,รอการวิเคราะห์จาก AI,100,70,MEDIUM,รอการวิเคราะห์จาก AI,รอการวิเคราะห์จาก AI,รอการวิเคราะห์จาก AI
2026-07-02 22:01:00,1.307935,1.308125,1.307655,1.307785,1.0,GBPUSD-OTC,BEARISH,1.307968,1.308354,1.308804,1.310644,1.312315,1.312443,BEARISH,1.30998,1.307029,0.00295,0.00615,26.45,32.52,-0.00071,-0.000752,4.3e-05,28.34,55.25,0.001121,11.0,-0.74,0.001078,0.001139,27.92,12.13,28.14,39.75,-0.1513,1.0,1.0,1.0,False,-0.000149,-1.5e-05,-0.000168,1.307012,1.307688,1.308872,1.305828,1.305152,20,3.47,1.308045,1.309955,NO_VOLUME_DATA,1.308113,1.30843,1.308675,1.308759,22.58,34.85,-0.000209,-2.6e-05,6.93,7.97,0.000466,1.310064,1.307814,1.307855,1.308055,1.307585,1.0,1.0,1.307785,1.308125,1.307655,1.307935,NEW YORK,364192,LOW,1.307785,1.308125,1.307655,1.307935,NEW YORK,364192,LOW,NONE,BEARISH,BEARISH,WEAK,AT_SUPPORT,HIGH_WICK,BEARISH,CHAOTIC,NONE,TESTING_SUPPORT,NORMAL,44,30,-29.709697344041324,50,NEUTRAL,False,70,[],0,0,NEUTRAL,BEARISH,40,False,NONE,0,False,False,False,60,False,0,100,DOWN,NONE,NONE,0,True,100,55,45,80,False,True,NEUTRAL,70,False,0.0,NONE,True,BULLISH,True,True,90,True,70,34.79504289799928,13.519813519813084,50.0,32,POOR,False,75,69,-0.06631452705936552,5,60.0,True,RANDOM,70,53.85508580603077,2.634471278373242,True,STRUCTURE_BREAK,False,False,True,70,True,70,DOWN,100,IMPULSIVE,LOW,DOWN,100,-0.1513,IMPULSIVE,90,30,95,NORMAL,NONE,70,30,80,LOW,58,55,45,-0.74,False,65,0.4796747967479675,100.0,RANGING,90,False,NONE,1.305828,1.307688,1.307012,FAR,30,50,85,DOWN,DOWN,DOWN,100,DOWN,DOWN,DOWN,False,"['M1', 'M5', 'M15']",100,100,TRENDING_STRONG,TRENDING_STRONG,50,75,True,32,Strong directional trend with high momentum. Favorable for trend-following strategies.,MEDIUM,PREPARE_TO_TRADE,5,1.0,0.5,False,False,False,False,0.3,0.3,True,False,False,18,True,,,,TRENDING_STRONG,Strong directional trend with high momentum. Favorable for trend-following strategies.,LOW,NONE_OTC,0.086,[],True,Passed basic checks,รอการวิเคราะห์จาก AI,100,75,MEDIUM,รอการวิเคราะห์จาก AI,รอการวิเคราะห์จาก AI,รอการวิเคราะห์จาก AI
2026-07-02 22:02:00,1.307935,1.308125,1.307655,1.307785,1.0,GBPUSD-OTC,BEARISH,1.307968,1.308354,1.308804,1.310644,1.312315,1.312443,BEARISH,1.30998,1.307029,0.00295,0.00615,26.45,32.52,-0.00071,-0.000752,4.3e-05,28.34,55.25,0.001121,11.0,-0.74,0.001078,0.001139,27.92,12.13,28.14,39.75,-0.1513,1.0,1.0,1.0,False,-0.000149,-1.5e-05,-0.000168,1.307012,1.307688,1.308872,1.305828,1.305152,20,3.47,1.308045,1.309955,NO_VOLUME_DATA,1.308113,1.30843,1.308675,1.308759,22.58,34.85,-0.000209,-2.6e-05,6.93,7.97,0.000466,1.310064,1.307814,1.307855,1.308055,1.307585,1.0,1.0,1.307785,1.308125,1.307655,1.307935,NEW YORK,423881,LOW,1.307785,1.308125,1.307655,1.307935,NEW YORK,423881,LOW,NONE,BEARISH,BEARISH,WEAK,AT_SUPPORT,HIGH_WICK,BEARISH,CHAOTIC,NONE,TESTING_SUPPORT,NORMAL,44,30,-29.709697344041324,50,NEUTRAL,False,70,[],0,0,NEUTRAL,BEARISH,40,False,NONE,0,False,False,False,60,False,0,100,DOWN,NONE,NONE,0,True,100,55,45,80,False,True,NEUTRAL,70,False,0.0,NONE,True,BULLISH,True,True,90,True,70,34.79504289799928,13.519813519813084,50.0,32,POOR,False,75,69,-0.06631452705936552,5,60.0,True,RANDOM,70,53.85508580603077,2.634471278373242,True,STRUCTURE_BREAK,False,False,True,70,True,70,DOWN,100,IMPULSIVE,LOW,DOWN,100,-0.1513,IMPULSIVE,90,30,95,NORMAL,NONE,70,30,80,LOW,58,55,45,-0.74,False,65,0.4796747967479675,100.0,RANGING,90,False,NONE,1.305828,1.307688,1.307012,FAR,30,50,85,DOWN,DOWN,DOWN,100,DOWN,DOWN,DOWN,False,"['M1', 'M5', 'M15']",100,100,BREAKOUT_EMERGING,BREAKOUT_EMERGING,50,70,True,32,"Volatility expansion after compression. Potential breakout opportunity. (breakout prob: 30%, reversal prob: 50%)",MEDIUM,PREPARE_TO_TRADE,5,1.0,0.5,False,False,False,False,0.3,0.3,True,False,False,18,True,,,,BREAKOUT_EMERGING,"Volatility expansion after compression. Potential breakout opportunity. (breakout prob: 30%, reversal prob: 50%)",LOW,NONE_OTC,0.086,[],True,Passed basic checks,รอการวิเคราะห์จาก AI,100,70,MEDIUM,รอการวิเคราะห์จาก AI,รอการวิเคราะห์จาก AI,รอการวิเคราะห์จาก AI
2026-07-02 22:03:00,1.307935,1.308125,1.307655,1.307785,1.0,GBPUSD-OTC,BEARISH,1.307968,1.308354,1.308804,1.310644,1.312315,1.312443,BEARISH,1.30998,1.307029,0.00295,0.00615,26.45,32.52,-0.00071,-0.000752,4.3e-05,28.34,55.25,0.001121,11.0,-0.74,0.001078,0.001139,27.92,12.13,28.14,39.75,-0.1513,1.0,1.0,1.0,False,-0.000149,-1.5e-05,-0.000168,1.307012,1.307688,1.308872,1.305828,1.305152,20,3.47,1.308045,1.309955,NO_VOLUME_DATA,1.308113,1.30843,1.308675,1.30876,22.58,34.85,-0.000209,-2.6e-05,6.93,7.97,0.000466,1.310064,1.307814,1.307855,1.308055,1.307585,1.0,1.0,1.307785,1.308125,1.307655,1.307935,NEW YORK,484480,LOW,1.307785,1.308125,1.307655,1.307935,NEW YORK,484480,LOW,NONE,BEARISH,BEARISH,WEAK,AT_SUPPORT,HIGH_WICK,BEARISH,CHAOTIC,NONE,TESTING_SUPPORT,NORMAL,44,30,-29.709697344041324,50,NEUTRAL,False,70,[],0,0,NEUTRAL,BEARISH,40,False,NONE,0,False,False,False,60,False,0,100,DOWN,NONE,NONE,0,True,100,55,45,80,False,True,NEUTRAL,70,False,0.0,NONE,True,BULLISH,True,True,90,True,70,34.79504289799928,13.519813519813084,50.0,32,POOR,False,75,69,-0.06631452705936552,5,60.0,True,RANDOM,70,53.85508580603077,2.634471278373242,True,STRUCTURE_BREAK,False,False,True,70,True,70,DOWN,100,IMPULSIVE,LOW,DOWN,100,-0.1513,IMPULSIVE,90,30,95,NORMAL,NONE,70,30,80,LOW,58,55,45,-0.74,False,65,0.4796747967479675,100.0,RANGING,90,False,NONE,1.305828,1.307688,1.307012,FAR,30,50,85,DOWN,DOWN,DOWN,100,DOWN,DOWN,DOWN,False,"['M1', 'M5', 'M15']",100,100,BREAKOUT_EMERGING,BREAKOUT_EMERGING,50,70,True,32,"Volatility expansion after compression. Potential breakout opportunity. (breakout prob: 30%, reversal prob: 50%)",MEDIUM,PREPARE_TO_TRADE,5,1.0,0.5,False,False,False,False,0.3,0.3,True,False,False,18,True,,,,BREAKOUT_EMERGING,"Volatility expansion after compression. Potential breakout opportunity. (breakout prob: 30%, reversal prob: 50%)",LOW,NONE_OTC,0.086,[],True,Passed basic checks,รอการวิเคราะห์จาก AI,100,70,MEDIUM,รอการวิเคราะห์จาก AI,รอการวิเคราะห์จาก AI,รอการวิเคราะห์จาก AI
2026-07-02 22:06:00,1.306515,1.306875,1.306355,1.306785,1.0,GBPUSD-OTC,BEARISH,1.307467,1.30801,1.308581,1.310479,1.312171,1.312182,BEARISH,1.310019,1.306696,0.003322,0.006098,26.2,32.36,-0.000814,-0.000765,-5e-05,14.87,34.11,0.001126,13.0,-0.79,0.001083,0.00113,29.2,11.22,30.14,45.75,-0.2215,1.0,1.0,1.0,False,-0.00028,-3e-05,-0.000163,1.306342,1.306998,1.307532,1.305808,1.305152,20,3.79,1.308045,1.309955,NO_VOLUME_DATA,1.307067,1.307534,1.308046,1.308461,25.03,30.73,-0.000525,-0.000286,7.67,5.49,0.000507,1.310374,1.306506,1.306672,1.306988,1.306468,1.0,1.0,1.306785,1.306875,1.306355,1.306515,NEW YORK,364232,LOW,1.306785,1.306875,1.306355,1.306515,NEW YORK,364232,LOW,DOJI,BEARISH,BEARISH,WEAK,AT_PIVOT,HIGH_WICK,BEARISH,CHAOTIC,TRUE,TESTING_PIVOT,NORMAL,42,33,-26.675257731960823,50,NEUTRAL,False,70,['DOJI'],1,20,NEUTRAL,BEARISH,60,True,REJECTION,25,False,False,True,70,False,0,100,DOWN,NONE,NONE,0,True,100,70,30,80,False,True,CONTINUATION,70,True,85.0,BEARISH,True,BULLISH,True,True,90,True,70,30.06134969325262,10.838351088466924,50.0,30,POOR,False,75,59,-0.06851833278060851,4,60.0,False,RANDOM,70,53.360413428837276,2.4254593677528202,True,STRUCTURE_BREAK,False,False,True,70,True,70,DOWN,100,IMPULSIVE,LOW,DOWN,100,-0.2215,IMPULSIVE,90,30,95,NORMAL,NONE,70,30,80,LOW,58,55,45,-0.79,False,65,0.5447687766480813,100.0,RANGING,90,False,NONE,1.305808,1.306998,1.306342,FAR,30,50,85,DOWN,DOWN,DOWN,100,DOWN,DOWN,DOWN,False,"['M1', 'M5', 'M15']",100,100,BREAKOUT_EMERGING,BREAKOUT_EMERGING,50,70,True,32,"Volatility expansion after compression. Potential breakout opportunity. (breakout prob: 30%, reversal prob: 50%)",MEDIUM,PREPARE_TO_TRADE,5,1.0,0.5,False,False,False,False,0.3,0.3,True,False,False,18,True,,,,BREAKOUT_EMERGING,"Volatility expansion after compression. Potential breakout opportunity. (breakout prob: 30%, reversal prob: 50%)",LOW,NONE_OTC,0.086,[],True,,รอการวิเคราะห์จาก AI,100,70,MEDIUM,รอการวิเคราะห์จาก AI,รอการวิเคราะห์จาก AI,รอการวิเคราะห์จาก AI
2026-07-02 22:07:00,1.306515,1.306875,1.306355,1.306785,1.0,GBPUSD-OTC,BEARISH,1.307467,1.30801,1.308581,1.310479,1.312171,1.312182,BEARISH,1.310019,1.306696,0.003322,0.006098,26.2,32.36,-0.000814,-0.000765,-5e-05,14.87,34.11,0.001126,13.0,-0.79,0.001083,0.00113,29.2,11.22,30.14,45.75,-0.2215,1.0,1.0,1.0,False,-0.00028,-3e-05,-0.000163,1.306342,1.306998,1.307532,1.305808,1.305152,20,3.79,1.308045,1.309955,NO_VOLUME_DATA,1.307067,1.307534,1.308046,1.308461,25.03,30.73,-0.000525,-0.000286,7.67,5.49,0.000507,1.310374,1.306506,1.306672,1.306988,1.306468,1.0,1.0,1.306785,1.306875,1.306355,1.306515,NEW YORK,424023,LOW,1.306785,1.306875,1.306355,1.306515,NEW YORK,424023,LOW,DOJI,BEARISH,BEARISH,WEAK,AT_PIVOT,HIGH_WICK,BEARISH,CHAOTIC,TRUE,TESTING_PIVOT,NORMAL,42,33,-26.675257731960823,50,NEUTRAL,False,70,['DOJI'],1,20,NEUTRAL,BEARISH,60,True,REJECTION,25,False,False,True,70,False,0,100,DOWN,NONE,NONE,0,True,100,70,30,80,False,True,CONTINUATION,70,True,85.0,BEARISH,True,BULLISH,True,True,90,True,70,30.06134969325262,10.838351088466924,50.0,30,POOR,False,75,59,-0.06851833278060851,4,60.0,False,RANDOM,70,53.360413428837276,2.4254593677528202,True,STRUCTURE_BREAK,False,False,True,70,True,70,DOWN,100,IMPULSIVE,LOW,DOWN,100,-0.2215,IMPULSIVE,90,30,95,NORMAL,NONE,70,30,80,LOW,58,55,45,-0.79,False,65,0.5447687766480813,100.0,RANGING,90,False,NONE,1.305808,1.306998,1.306342,FAR,30,50,85,DOWN,DOWN,DOWN,100,DOWN,DOWN,DOWN,False,"['M1', 'M5', 'M15']",100,100,BREAKOUT_EMERGING,BREAKOUT_EMERGING,50,70,True,32,"Volatility expansion after compression. Potential breakout opportunity. (breakout prob: 30%, reversal prob: 50%)",MEDIUM,PREPARE_TO_TRADE,5,1.0,0.5,False,False,False,False,0.3,0.3,True,False,False,18,True,,,,BREAKOUT_EMERGING,"Volatility expansion after compression. Potential breakout opportunity. (breakout prob: 30%, reversal prob: 50%)",LOW,NONE_OTC,0.086,[],True,,รอการวิเคราะห์จาก AI,100,70,MEDIUM,รอการวิเคราะห์จาก AI,รอการวิเคราะห์จาก AI,รอการวิเคราะห์จาก AI
2026-07-02 22:09:00,1.306445,1.306475,1.305835,1.305865,1.0,GBPUSD-OTC,BEARISH,1.306663,1.307473,1.308245,1.310267,1.312032,1.312121,BEARISH,1.310352,1.305988,0.004363,0.006053,18.87,27.07,-0.001,-0.000812,-0.000188,7.65,16.95,0.001147,34.5,-0.45,0.001088,0.001124,30.75,10.23,31.4,50.87,-0.285,1.0,1.0,1.0,False,-0.000404,-7e-05,-0.00016,1.305528,1.306002,1.306948,1.304582,1.304108,21,4.27,1.308045,1.309955,NO_VOLUME_DATA,1.306191,1.306598,1.307261,1.308024,28.67,30.39,-0.000755,-0.000577,13.69,10.83,0.000528,1.309929,1.305245,1.306058,1.306282,1.305642,1.0,1.0,1.305865,1.306475,1.305835,1.306445,NEW YORK,244311,LOW,1.305865,1.306475,1.305835,1.306445,NEW YORK,244311,LOW,NONE,BEARISH,BEARISH,WEAK,AT_PIVOT,HIGH_WICK,BEARISH,NOISY,NONE,TESTING_PIVOT,NORMAL,44,33,-30.482590103850587,50,NEUTRAL,False,70,[],0,0,NEUTRAL,BEARISH,40,False,NONE,0,False,False,False,60,False,0,100,DOWN,NONE,DOWN,0,True,100,70,30,80,False,True,CONTINUATION,70,True,85.0,BEARISH,True,BULLISH,True,True,90,True,70,35.410764872522385,17.333939945404232,50.0,34,POOR,False,75,69,-0.07290380109481903,5,60.0,True,RANDOM,70,52.626058637318614,3.6577274867906735,True,MOMENTUM_SHIFT,False,True,True,35,False,70,DOWN,100,IMPULSIVE,NORMAL,DOWN,100,-0.285,IMPULSIVE,90,30,95,NORMAL,NONE,75,30,85,NORMAL,58,55,45,-0.45,False,80,0.7207996035023955,88.4,RANGING,90,False,NONE,1.304582,1.306002,1.305528,FAR,30,50,85,DOWN,DOWN,DOWN,100,DOWN,DOWN,DOWN,False,"['M1', 'M5', 'M15']",100,100,SIDEWAY_RANGE,SIDEWAY_RANGE,53,51,False,13,Price ranging between clear levels. Suitable for mean-reversion strategies.,HIGH,WAIT,5,1.0,0.8,False,False,False,False,0.3,0.3,True,False,False,18,True,,,,SIDEWAY_RANGE,Price ranging between clear levels. Suitable for mean-reversion strategies.,NORMAL,NONE_OTC,0.088,[],False,,รอการวิเคราะห์จาก AI,100,51,HIGH,รอการวิเคราะห์จาก AI,รอการวิเคราะห์จาก AI,รอการวิเคราะห์จาก AI
2026-07-02 22:10:00,1.306445,1.306475,1.305835,1.305865,1.0,GBPUSD-OTC,BEARISH,1.306766,1.307529,1.308275,1.310279,1.312038,1.312124,BEARISH,1.310281,1.30609,0.004191,0.006052,20.11,28.08,-0.000975,-0.000807,-0.000168,10.45,17.89,0.001155,36.0,-0.43,0.001089,0.001124,30.8,10.16,31.87,51.66,-0.2613,1.0,1.0,1.0,False,-0.000387,-6.5e-05,-0.000159,1.305595,1.306245,1.307125,1.304715,1.304065,21,4.34,1.308045,1.309955,NO_VOLUME_DATA,1.306191,1.306598,1.307261,1.308024,28.67,30.39,-0.000755,-0.000577,13.69,10.83,0.000528,1.309929,1.305245,1.306058,1.306282,1.305642,1.0,1.0,1.305865,1.306475,1.305835,1.306445,NEW YORK,305276,LOW,1.305865,1.306475,1.305835,1.306445,NEW YORK,305276,LOW,NONE,BEARISH,BEARISH,WEAK,AT_PIVOT,HIGH_WICK,BEARISH,NOISY,NONE,TESTING_PIVOT,NORMAL,43,33,-29.140722291409183,50,NEUTRAL,False,70,[],0,0,NEUTRAL,BEARISH,40,False,NONE,0,False,False,False,60,False,0,100,DOWN,NONE,DOWN,0,True,100,70,30,80,False,True,CONTINUATION,70,True,85.0,BEARISH,True,BULLISH,True,True,90,True,70,33.463035019456115,15.844273426889139,50.0,33,POOR,False,75,69,-0.0712764602908939,5,60.0,True,RANDOM,70,52.81564916856845,3.33606546232411,True,MOMENTUM_SHIFT,False,True,True,35,False,70,DOWN,100,IMPULSIVE,NORMAL,DOWN,100,-0.2613,IMPULSIVE,90,30,95,NORMAL,NONE,75,30,85,NORMAL,58,55,45,-0.43,False,80,0.6924983476536682,87.2,RANGING,90,False,NONE,1.304715,1.306245,1.305595,FAR,30,50,85,DOWN,DOWN,DOWN,100,DOWN,DOWN,DOWN,False,"['M1', 'M5', 'M15']",100,100,ACCUMULATION,ACCUMULATION,53,56,False,13,"Smart money accumulation. Bullish bias, look for breakout.",HIGH,WAIT,5,1.0,0.8,False,False,False,False,0.3,0.3,True,False,False,18,True,,,,ACCUMULATION,"Smart money accumulation. Bullish bias, look for breakout.",NORMAL,NONE_OTC,0.088,[],False,,รอการวิเคราะห์จาก AI,100,56,HIGH,รอการวิเคราะห์จาก AI,รอการวิเคราะห์จาก AI,รอการวิเคราะห์จาก AI
2026-07-02 22:11:00,1.306445,1.306475,1.305835,1.305865,1.0,GBPUSD-OTC,BEARISH,1.306766,1.307529,1.308275,1.310279,1.312038,1.312124,BEARISH,1.310281,1.30609,0.004191,0.006052,20.11,28.08,-0.000975,-0.000807,-0.000168,10.45,17.89,0.001155,36.0,-0.43,0.001089,0.001124,30.8,10.16,31.87,51.66,-0.2613,1.0,1.0,1.0,False,-0.000387,-6.5e-05,-0.000159,1.305595,1.306245,1.307125,1.304715,1.304065,21,4.34,1.308045,1.309955,NO_VOLUME_DATA,1.306191,1.306598,1.307261,1.308024,28.67,30.39,-0.000755,-0.000577,13.69,10.83,0.000528,1.309929,1.305245,1.306058,1.306282,1.305642,1.0,1.0,1.305865,1.306475,1.305835,1.306445,NEW YORK,363573,LOW,1.305865,1.306475,1.305835,1.306445,NEW YORK,363573,LOW,NONE,BEARISH,BEARISH,WEAK,AT_PIVOT,HIGH_WICK,BEARISH,NOISY,NONE,TESTING_PIVOT,NORMAL,43,33,-29.140722291409183,50,NEUTRAL,False,70,[],0,0,NEUTRAL,BEARISH,40,False,NONE,0,False,False,False,60,False,0,100,DOWN,NONE,DOWN,0,True,100,70,30,80,False,True,CONTINUATION,70,True,85.0,BEARISH,True,BULLISH,True,True,90,True,70,33.463035019456115,15.844273426889139,50.0,33,POOR,False,75,69,-0.0712764602908939,5,60.0,True,RANDOM,70,52.81564916856845,3.33606546232411,True,MOMENTUM_SHIFT,False,True,True,35,False,70,DOWN,100,IMPULSIVE,NORMAL,DOWN,100,-0.2613,IMPULSIVE,90,30,95,NORMAL,NONE,75,30,85,NORMAL,58,55,45,-0.43,False,80,0.6924983476536682,87.2,RANGING,90,False,NONE,1.304715,1.306245,1.305595,FAR,30,50,85,DOWN,DOWN,DOWN,100,DOWN,DOWN,DOWN,False,"['M1', 'M5', 'M15']",100,100,SIDEWAY_RANGE,SIDEWAY_RANGE,53,51,False,13,Price ranging between clear levels. Suitable for mean-reversion strategies.,HIGH,WAIT,5,1.0,0.8,False,False,False,False,0.3,0.3,True,False,False,18,True,,,,SIDEWAY_RANGE,Price ranging between clear levels. Suitable for mean-reversion strategies.,NORMAL,NONE_OTC,0.088,[],False,,รอการวิเคราะห์จาก AI,100,51,HIGH,รอการวิเคราะห์จาก AI,รอการวิเคราะห์จาก AI,รอการวิเคราะห์จาก AI
2026-07-02 22:12:00,1.306445,1.306475,1.305835,1.305865,1.0,GBPUSD-OTC,BEARISH,1.306766,1.307529,1.308275,1.310279,1.312038,1.312124,BEARISH,1.310281,1.30609,0.004191,0.006052,20.11,28.08,-0.000975,-0.000807,-0.000168,10.45,17.89,0.001155,36.0,-0.43,0.001089,0.001124,30.8,10.16,31.87,51.66,-0.2613,1.0,1.0,1.0,False,-0.000387,-6.5e-05,-0.000159,1.305595,1.306245,1.307125,1.304715,1.304065,21,4.34,1.308045,1.309955,NO_VOLUME_DATA,1.306191,1.306598,1.307261,1.308024,28.67,30.39,-0.000755,-0.000577,13.69,10.83,0.000528,1.309929,1.305245,1.306058,1.306282,1.305642,1.0,1.0,1.305865,1.306475,1.305835,1.306445,NEW YORK,424291,LOW,1.305865,1.306475,1.305835,1.306445,NEW YORK,424291,LOW,NONE,BEARISH,BEARISH,WEAK,AT_PIVOT,HIGH_WICK,BEARISH,NOISY,NONE,TESTING_PIVOT,NORMAL,43,33,-29.140722291409183,50,NEUTRAL,False,70,[],0,0,NEUTRAL,BEARISH,40,False,NONE,0,False,False,False,60,False,0,100,DOWN,NONE,DOWN,0,True,100,70,30,80,False,True,CONTINUATION,70,True,85.0,BEARISH,True,BULLISH,True,True,90,True,70,33.463035019456115,15.844273426889139,50.0,33,POOR,False,75,69,-0.0712764602908939,5,60.0,True,RANDOM,70,52.81564916856845,3.33606546232411,True,MOMENTUM_SHIFT,False,True,True,35,False,70,DOWN,100,IMPULSIVE,NORMAL,DOWN,100,-0.2613,IMPULSIVE,90,30,95,NORMAL,NONE,75,30,85,NORMAL,58,55,45,-0.43,False,80,0.6924983476536682,87.2,RANGING,90,False,NONE,1.304715,1.306245,1.305595,FAR,30,50,85,DOWN,DOWN,DOWN,100,DOWN,DOWN,DOWN,False,"['M1', 'M5', 'M15']",100,100,ACCUMULATION,ACCUMULATION,53,56,False,13,"Smart money accumulation. Bullish bias, look for breakout.",HIGH,WAIT,5,1.0,0.8,False,False,False,False,0.3,0.3,True,False,False,18,True,,,,ACCUMULATION,"Smart money accumulation. Bullish bias, look for breakout.",NORMAL,NONE_OTC,0.088,[],False,,รอการวิเคราะห์จาก AI,100,56,HIGH,รอการวิเคราะห์จาก AI,รอการวิเคราะห์จาก AI,รอการวิเคราะห์จาก AI
2026-07-02 22:13:00,1.306445,1.306475,1.305835,1.305865,1.0,GBPUSD-OTC,BEARISH,1.306766,1.307529,1.308275,1.310279,1.312038,1.312124,BEARISH,1.310281,1.30609,0.004191,0.006052,20.11,28.08,-0.000975,-0.000807,-0.000168,10.45,17.89,0.001155,36.0,-0.43,0.001089,0.001124,30.8,10.16,31.87,51.66,-0.2613,1.0,1.0,1.0,False,-0.000387,-6.5e-05,-0.000159,1.305595,1.306245,1.307125,1.304715,1.304065,21,4.34,1.308045,1.309955,NO_VOLUME_DATA,1.306191,1.306598,1.307261,1.308024,28.67,30.39,-0.000755,-0.000577,13.69,10.83,0.000528,1.309929,1.305245,1.306058,1.306282,1.305642,1.0,1.0,1.305865,1.306475,1.305835,1.306445,NEW YORK,483713,LOW,1.305865,1.306475,1.305835,1.306445,NEW YORK,483713,LOW,NONE,BEARISH,BEARISH,WEAK,AT_PIVOT,HIGH_WICK,BEARISH,NOISY,NONE,TESTING_PIVOT,NORMAL,43,33,-29.140722291409183,50,NEUTRAL,False,70,[],0,0,NEUTRAL,BEARISH,40,False,NONE,0,False,False,False,60,False,0,100,DOWN,NONE,DOWN,0,True,100,70,30,80,False,True,CONTINUATION,70,True,85.0,BEARISH,True,BULLISH,True,True,90,True,70,33.463035019456115,15.844273426889139,50.0,33,POOR,False,75,69,-0.0712764602908939,5,60.0,True,RANDOM,70,52.81564916856845,3.33606546232411,True,MOMENTUM_SHIFT,False,True,True,35,False,70,DOWN,100,IMPULSIVE,NORMAL,DOWN,100,-0.2613,IMPULSIVE,90,30,95,NORMAL,NONE,75,30,85,NORMAL,58,55,45,-0.43,False,80,0.6924983476536682,87.2,RANGING,90,False,NONE,1.304715,1.306245,1.305595,FAR,30,50,85,DOWN,DOWN,DOWN,100,DOWN,DOWN,DOWN,False,"['M1', 'M5', 'M15']",100,100,SIDEWAY_RANGE,SIDEWAY_RANGE,53,51,False,13,Price ranging between clear levels. Suitable for mean-reversion strategies.,HIGH,WAIT,5,1.0,0.8,False,False,False,False,0.3,0.3,True,False,False,18,True,,,,SIDEWAY_RANGE,Price ranging between clear levels. Suitable for mean-reversion strategies.,NORMAL,NONE_OTC,0.088,[],False,,รอการวิเคราะห์จาก AI,100,51,HIGH,รอการวิเคราะห์จาก AI,รอการวิเคราะห์จาก AI,รอการวิเคราะห์จาก AI
2026-07-02 22:33:00,1.306475,1.306565,1.306105,1.306395,1.0,GBPUSD-OTC,BEARISH,1.306359,1.30669,1.307442,1.309528,1.311478,1.311839,BEARISH,1.31038,1.304924,0.005457,0.00581,47.32,42.12,-0.001027,-0.000987,-4e-05,26.41,20.56,0.001134,14.5,-0.67,0.001136,0.001088,32.92,13.24,23.01,26.97,-0.1666,1.0,1.0,1.0,False,-0.000222,-0.000168,-0.00013,1.306518,1.306932,1.307138,1.306312,1.305898,26,4.42,1.305225,1.306935,NO_VOLUME_DATA,1.306184,1.306031,1.306046,1.30667,64.82,53.64,-0.00014,-0.000293,72.96,55.64,0.000476,1.306709,1.305193,1.306355,1.306605,1.306145,1.0,1.0,1.306395,1.306565,1.306105,1.306475,NEW YORK,184689,LOW,1.306395,1.306565,1.306105,1.306475,NEW YORK,184689,LOW,NONE,BULLISH,BULLISH,WEAK,AT_PIVOT,LOW_WICK,NEUTRAL,CHAOTIC,NONE,TESTING_PIVOT,NORMAL,47,23,-20.22792022792426,50,NEUTRAL,False,70,[],0,0,NEUTRAL,BULLISH,40,False,NONE,0,False,False,False,60,False,0,100,DOWN,NONE,NONE,0,True,100,55,45,80,False,True,NEUTRAL,70,False,0.0,NONE,True,BULLISH,True,True,90,True,70,11.43847487001822,4.880253050159077,55.00000000000001,23,POOR,False,75,69,-0.09434079851566252,5,60.0,True,RANDOM,70,49.01395123533546,2.4800278368567206,True,MOMENTUM_SHIFT,False,True,False,65,True,70,DOWN,100,IMPULSIVE,LOW,DOWN,100,-0.1666,IMPULSIVE,90,30,95,NORMAL,NONE,65,30,75,LOW,58,40,60,-0.67,False,65,0.9392426850258175,86.07573149741825,RANGING,90,False,NONE,1.305225,1.306932,1.306518,FAR,30,50,85,NONE,DOWN,DOWN,66,DOWN,DOWN,NONE,False,"['M1', 'M5', 'M15']",66,66,BREAKOUT_EMERGING,BREAKOUT_EMERGING,54,70,True,34,"Volatility expansion after compression. Potential breakout opportunity. (breakout prob: 30%, reversal prob: 50%)",MEDIUM,PREPARE_TO_TRADE,5,1.0,0.5,False,False,False,False,0.3,0.3,True,False,False,18,True,,,,BREAKOUT_EMERGING,"Volatility expansion after compression. Potential breakout opportunity. (breakout prob: 30%, reversal prob: 50%)",LOW,NONE_OTC,0.087,[],True,,รอการวิเคราะห์จาก AI,66,70,MEDIUM,รอการวิเคราะห์จาก AI,รอการวิเคราะห์จาก AI,รอการวิเคราะห์จาก AI
2026-07-02 22:34:00,1.306475,1.306565,1.306105,1.306395,1.0,GBPUSD-OTC,BEARISH,1.306359,1.30669,1.307442,1.309528,1.311478,1.311839,BEARISH,1.31038,1.304924,0.005457,0.00581,47.32,42.12,-0.001027,-0.000987,-4e-05,26.41,20.56,0.001134,14.5,-0.67,0.001136,0.001088,32.92,13.24,23.01,26.97,-0.1666,1.0,1.0,1.0,False,-0.000222,-0.000168,-0.00013,1.306518,1.306932,1.307138,1.306312,1.305898,26,4.42,1.305225,1.306935,NO_VOLUME_DATA,1.306184,1.306031,1.306046,1.30667,64.82,53.64,-0.00014,-0.000293,72.96,55.64,0.000476,1.306709,1.305193,1.306355,1.306605,1.306145,1.0,1.0,1.306395,1.306565,1.306105,1.306475,NEW YORK,244270,LOW,1.306395,1.306565,1.306105,1.306475,NEW YORK,244270,LOW,NONE,BULLISH,BULLISH,WEAK,AT_PIVOT,LOW_WICK,NEUTRAL,CHAOTIC,NONE,TESTING_PIVOT,NORMAL,47,23,-20.22792022792426,50,NEUTRAL,False,70,[],0,0,NEUTRAL,BULLISH,40,False,NONE,0,False,False,False,60,False,0,100,DOWN,NONE,NONE,0,True,100,55,45,80,False,True,NEUTRAL,70,False,0.0,NONE,True,BULLISH,True,True,90,True,70,11.43847487001822,4.880253050159077,55.00000000000001,23,POOR,False,75,69,-0.09434079851566252,5,60.0,True,RANDOM,70,49.01395123533546,2.4800278368567206,True,MOMENTUM_SHIFT,False,True,False,65,True,70,DOWN,100,IMPULSIVE,LOW,DOWN,100,-0.1666,IMPULSIVE,90,30,95,NORMAL,NONE,65,30,75,LOW,58,40,60,-0.67,False,65,0.9392426850258175,86.07573149741825,RANGING,90,False,NONE,1.305225,1.306932,1.306518,FAR,30,50,85,NONE,DOWN,DOWN,66,DOWN,DOWN,NONE,False,"['M1', 'M5', 'M15']",66,66,BREAKOUT_EMERGING,BREAKOUT_EMERGING,54,70,True,34,"Volatility expansion after compression. Potential breakout opportunity. (breakout prob: 30%, reversal prob: 50%)",MEDIUM,PREPARE_TO_TRADE,5,1.0,0.5,False,False,False,False,0.3,0.3,True,False,False,18,True,,,,BREAKOUT_EMERGING,"Volatility expansion after compression. Potential breakout opportunity. (breakout prob: 30%, reversal prob: 50%)",LOW,NONE_OTC,0.087,[],True,,รอการวิเคราะห์จาก AI,66,70,MEDIUM,รอการวิเคราะห์จาก AI,รอการวิเคราะห์จาก AI,รอการวิเคราะห์จาก AI
2026-07-02 22:35:00,1.306475,1.306565,1.306105,1.306395,1.0,GBPUSD-OTC,BEARISH,1.306295,1.306655,1.307424,1.309521,1.311474,1.311837,BEARISH,1.310385,1.3049,0.005485,0.00581,44.92,40.78,-0.001042,-0.00099,-5.2e-05,25.15,20.14,0.001159,22.0,-0.58,0.001139,0.001088,32.47,14.8,22.51,20.67,-0.1811,1.0,1.0,1.0,False,-0.000232,-0.00017,-0.000131,1.306538,1.307022,1.307508,1.306052,1.305568,26,4.32,1.305225,1.306935,NO_VOLUME_DATA,1.306184,1.306031,1.306046,1.30667,64.82,53.64,-0.00014,-0.000293,72.96,55.64,0.000476,1.306709,1.305193,1.306355,1.306605,1.306145,1.0,1.0,1.306395,1.306565,1.306105,1.306475,NEW YORK,305008,LOW,1.306395,1.306565,1.306105,1.306475,NEW YORK,305008,LOW,DOJI,BULLISH,BULLISH,WEAK,AT_PIVOT,LOW_WICK,NEUTRAL,CHAOTIC,NONE,TESTING_PIVOT,NORMAL,46,26,-21.543778801846816,50,NEUTRAL,False,70,['DOJI'],1,20,NEUTRAL,BULLISH,60,False,NONE,0,False,False,False,60,False,0,100,DOWN,NONE,NONE,0,True,100,55,45,80,False,True,NEUTRAL,70,False,0.0,NONE,True,BULLISH,True,True,90,True,70,13.303964757709446,5.6494661921712686,55.00000000000001,24,POOR,False,75,69,-0.10416998752207382,5,60.0,True,RANDOM,70,48.45672465521968,3.2453482375719513,True,MOMENTUM_SHIFT,False,True,False,65,True,70,DOWN,100,IMPULSIVE,LOW,DOWN,100,-0.1811,IMPULSIVE,90,30,95,NORMAL,NONE,65,30,75,LOW,58,40,60,-0.58,False,65,0.9440619621342513,83.99380378657489,RANGING,90,False,NONE,1.305225,1.306935,1.306538,FAR,30,50,85,NONE,DOWN,DOWN,66,DOWN,DOWN,NONE,False,"['M1', 'M5', 'M15']",66,66,BREAKOUT_EMERGING,BREAKOUT_EMERGING,53,70,True,34,"Volatility expansion after compression. Potential breakout opportunity. (breakout prob: 30%, reversal prob: 50%)",MEDIUM,PREPARE_TO_TRADE,5,1.0,0.5,False,False,False,False,0.3,0.3,True,False,False,18,True,,,,BREAKOUT_EMERGING,"Volatility expansion after compression. Potential breakout opportunity. (breakout prob: 30%, reversal prob: 50%)",LOW,NONE_OTC,0.089,[],True,,รอการวิเคราะห์จาก AI,66,70,MEDIUM,รอการวิเคราะห์จาก AI,รอการวิเคราะห์จาก AI,รอการวิเคราะห์จาก AI
2026-07-02 22:36:00,1.306475,1.306565,1.306105,1.306395,1.0,GBPUSD-OTC,BEARISH,1.306295,1.306655,1.307424,1.309521,1.311474,1.311837,BEARISH,1.310385,1.3049,0.005485,0.00581,44.92,40.78,-0.001042,-0.00099,-5.2e-05,25.15,20.14,0.001159,22.0,-0.58,0.001139,0.001088,32.47,14.8,22.51,20.67,-0.1811,1.0,1.0,1.0,False,-0.000232,-0.00017,-0.000131,1.306538,1.307022,1.307508,1.306052,1.305568,26,4.32,1.305225,1.306935,NO_VOLUME_DATA,1.306184,1.306031,1.306046,1.30667,64.82,53.64,-0.00014,-0.000293,72.96,55.64,0.000476,1.306709,1.305193,1.306355,1.306605,1.306145,1.0,1.0,1.306395,1.306565,1.306105,1.306475,NEW YORK,364577,LOW,1.306395,1.306565,1.306105,1.306475,NEW YORK,364577,LOW,DOJI,BULLISH,BULLISH,WEAK,AT_PIVOT,LOW_WICK,NEUTRAL,CHAOTIC,NONE,TESTING_PIVOT,NORMAL,46,26,-21.543778801846816,50,NEUTRAL,False,70,['DOJI'],1,20,NEUTRAL,BULLISH,60,False,NONE,0,False,False,False,60,False,0,100,DOWN,NONE,NONE,0,True,100,55,45,80,False,True,NEUTRAL,70,False,0.0,NONE,True,BULLISH,True,True,90,True,70,13.303964757709446,5.6494661921712686,55.00000000000001,24,POOR,False,75,69,-0.10416998752207382,5,60.0,True,RANDOM,70,48.45672465521968,3.2453482375719513,True,MOMENTUM_SHIFT,False,True,False,65,True,70,DOWN,100,IMPULSIVE,LOW,DOWN,100,-0.1811,IMPULSIVE,90,30,95,NORMAL,NONE,65,30,75,LOW,58,40,60,-0.58,False,65,0.9440619621342513,83.99380378657489,RANGING,90,False,NONE,1.305225,1.306935,1.306538,FAR,30,50,85,NONE,DOWN,DOWN,66,DOWN,DOWN,NONE,False,"['M1', 'M5', 'M15']",66,66,BREAKOUT_EMERGING,BREAKOUT_EMERGING,53,70,True,34,"Volatility expansion after compression. Potential breakout opportunity. (breakout prob: 30%, reversal prob: 50%)",MEDIUM,PREPARE_TO_TRADE,5,1.0,0.5,False,False,False,False,0.3,0.3,True,False,False,18,True,,,,BREAKOUT_EMERGING,"Volatility expansion after compression. Potential breakout opportunity. (breakout prob: 30%, reversal prob: 50%)",LOW,NONE_OTC,0.089,[],True,,รอการวิเคราะห์จาก AI,66,70,MEDIUM,รอการวิเคราะห์จาก AI,รอการวิเคราะห์จาก AI,รอการวิเคราะห์จาก AI
2026-07-02 22:37:00,1.306475,1.306565,1.306105,1.306395,1.0,GBPUSD-OTC,BEARISH,1.306295,1.306655,1.307424,1.309521,1.311474,1.311837,BEARISH,1.310385,1.3049,0.005485,0.00581,44.92,40.78,-0.001042,-0.00099,-5.2e-05,25.15,20.14,0.001159,22.0,-0.58,0.001139,0.001088,32.47,14.8,22.51,20.67,-0.1811,1.0,1.0,1.0,False,-0.000232,-0.00017,-0.000131,1.306538,1.307022,1.307508,1.306052,1.305568,26,4.32,1.305225,1.306935,NO_VOLUME_DATA,1.306184,1.306031,1.306046,1.30667,64.82,53.64,-0.00014,-0.000293,72.96,55.64,0.000476,1.306709,1.305193,1.306355,1.306605,1.306145,1.0,1.0,1.306395,1.306565,1.306105,1.306475,NEW YORK,424375,LOW,1.306395,1.306565,1.306105,1.306475,NEW YORK,424375,LOW,DOJI,BULLISH,BULLISH,WEAK,AT_PIVOT,LOW_WICK,NEUTRAL,CHAOTIC,NONE,TESTING_PIVOT,NORMAL,46,26,-21.543778801846816,50,NEUTRAL,False,70,['DOJI'],1,20,NEUTRAL,BULLISH,60,False,NONE,0,False,False,False,60,False,0,100,DOWN,NONE,NONE,0,True,100,55,45,80,False,True,NEUTRAL,70,False,0.0,NONE,True,BULLISH,True,True,90,True,70,13.303964757709446,5.6494661921712686,55.00000000000001,24,POOR,False,75,69,-0.10416998752207382,5,60.0,True,RANDOM,70,48.45672465521968,3.2453482375719513,True,MOMENTUM_SHIFT,False,True,False,65,True,70,DOWN,100,IMPULSIVE,LOW,DOWN,100,-0.1811,IMPULSIVE,90,30,95,NORMAL,NONE,65,30,75,LOW,58,40,60,-0.58,False,65,0.9440619621342513,83.99380378657489,RANGING,90,False,NONE,1.305225,1.306935,1.306538,FAR,30,50,85,NONE,DOWN,DOWN,66,DOWN,DOWN,NONE,False,"['M1', 'M5', 'M15']",66,66,BREAKOUT_EMERGING,BREAKOUT_EMERGING,53,70,True,34,"Volatility expansion after compression. Potential breakout opportunity. (breakout prob: 30%, reversal prob: 50%)",MEDIUM,PREPARE_TO_TRADE,5,1.0,0.5,False,False,False,False,0.3,0.3,True,False,False,18,True,,,,BREAKOUT_EMERGING,"Volatility expansion after compression. Potential breakout opportunity. (breakout prob: 30%, reversal prob: 50%)",LOW,NONE_OTC,0.089,[],True,,รอการวิเคราะห์จาก AI,66,70,MEDIUM,รอการวิเคราะห์จาก AI,รอการวิเคราะห์จาก AI,รอการวิเคราะห์จาก AI
2026-07-02 22:38:00,1.306475,1.306565,1.306105,1.306395,1.0,GBPUSD-OTC,BEARISH,1.306295,1.306655,1.307424,1.309521,1.311474,1.311837,BEARISH,1.310385,1.3049,0.005485,0.00581,44.92,40.78,-0.001042,-0.00099,-5.2e-05,25.15,20.14,0.001159,22.0,-0.58,0.001139,0.001088,32.47,14.8,22.51,20.67,-0.1811,1.0,1.0,1.0,False,-0.000232,-0.00017,-0.000131,1.306538,1.307022,1.307508,1.306052,1.305568,26,4.32,1.305225,1.306935,NO_VOLUME_DATA,1.306184,1.306031,1.306046,1.30667,64.82,53.64,-0.00014,-0.000293,72.96,55.64,0.000476,1.306709,1.305193,1.306355,1.306605,1.306145,1.0,1.0,1.306395,1.306565,1.306105,1.306475,NEW YORK,483936,LOW,1.306395,1.306565,1.306105,1.306475,NEW YORK,483936,LOW,DOJI,BULLISH,BULLISH,WEAK,AT_PIVOT,LOW_WICK,NEUTRAL,CHAOTIC,NONE,TESTING_PIVOT,NORMAL,46,26,-21.543778801846816,50,NEUTRAL,False,70,['DOJI'],1,20,NEUTRAL,BULLISH,60,False,NONE,0,False,False,False,60,False,0,100,DOWN,NONE,NONE,0,True,100,55,45,80,False,True,NEUTRAL,70,False,0.0,NONE,True,BULLISH,True,True,90,True,70,13.303964757709446,5.6494661921712686,55.00000000000001,24,POOR,False,75,69,-0.10416998752207382,5,60.0,True,RANDOM,70,48.45672465521968,3.2453482375719513,True,MOMENTUM_SHIFT,False,True,False,65,True,70,DOWN,100,IMPULSIVE,LOW,DOWN,100,-0.1811,IMPULSIVE,90,30,95,NORMAL,NONE,65,30,75,LOW,58,40,60,-0.58,False,65,0.9440619621342513,83.99380378657489,RANGING,90,False,NONE,1.305225,1.306935,1.306538,FAR,30,50,85,NONE,DOWN,DOWN,66,DOWN,DOWN,NONE,False,"['M1', 'M5', 'M15']",66,66,SIDEWAY_RANGE,SIDEWAY_RANGE,53,60,True,34,Price ranging between clear levels. Suitable for mean-reversion strategies.,MEDIUM,WAIT,5,1.0,0.5,False,False,False,False,0.3,0.3,True,False,False,18,True,,,,SIDEWAY_RANGE,Price ranging between clear levels. Suitable for mean-reversion strategies.,LOW,NONE_OTC,0.089,[],True,,รอการวิเคราะห์จาก AI,66,60,MEDIUM,รอการวิเคราะห์จาก AI,รอการวิเคราะห์จาก AI,รอการวิเคราะห์จาก AI
2026-07-02 22:39:00,1.306475,1.306565,1.306105,1.306395,1.0,GBPUSD-OTC,BEARISH,1.306295,1.306655,1.307424,1.309521,1.311474,1.311837,BEARISH,1.310385,1.3049,0.005485,0.00581,44.92,40.78,-0.001042,-0.00099,-5.2e-05,25.15,20.14,0.001159,22.0,-0.58,0.001139,0.001088,32.47,14.8,22.51,20.67,-0.1811,1.0,1.0,1.0,False,-0.000232,-0.00017,-0.000131,1.306538,1.307022,1.307508,1.306052,1.305568,26,4.32,1.305225,1.306935,NO_VOLUME_DATA,1.306184,1.306031,1.306046,1.30667,64.82,53.64,-0.00014,-0.000293,72.96,55.64,0.000476,1.306709,1.305193,1.306355,1.306605,1.306145,1.0,1.0,1.306395,1.306565,1.306105,1.306475,NEW YORK,544385,LOW,1.306395,1.306565,1.306105,1.306475,NEW YORK,544385,LOW,DOJI,BULLISH,BULLISH,WEAK,AT_PIVOT,LOW_WICK,NEUTRAL,CHAOTIC,NONE,TESTING_PIVOT,NORMAL,46,26,-21.543778801846816,50,NEUTRAL,False,70,['DOJI'],1,20,NEUTRAL,BULLISH,60,False,NONE,0,False,False,False,60,False,0,100,DOWN,NONE,NONE,0,True,100,55,45,80,False,True,NEUTRAL,70,False,0.0,NONE,True,BULLISH,True,True,90,True,70,13.303964757709446,5.6494661921712686,55.00000000000001,24,POOR,False,75,69,-0.10416998752207382,5,60.0,True,RANDOM,70,48.45672465521968,3.2453482375719513,True,MOMENTUM_SHIFT,False,True,False,65,True,70,DOWN,100,IMPULSIVE,LOW,DOWN,100,-0.1811,IMPULSIVE,90,30,95,NORMAL,NONE,65,30,75,LOW,58,40,60,-0.58,False,65,0.9440619621342513,83.99380378657489,RANGING,90,False,NONE,1.305225,1.306935,1.306538,FAR,30,50,85,NONE,DOWN,DOWN,66,DOWN,DOWN,NONE,False,"['M1', 'M5', 'M15']",66,66,BREAKOUT_EMERGING,BREAKOUT_EMERGING,53,70,True,34,"Volatility expansion after compression. Potential breakout opportunity. (breakout prob: 30%, reversal prob: 50%)",MEDIUM,PREPARE_TO_TRADE,5,1.0,0.5,False,False,False,False,0.3,0.3,True,False,False,18,True,,,,BREAKOUT_EMERGING,"Volatility expansion after compression. Potential breakout opportunity. (breakout prob: 30%, reversal prob: 50%)",LOW,NONE_OTC,0.089,[],True,,รอการวิเคราะห์จาก AI,66,70,MEDIUM,รอการวิเคราะห์จาก AI,รอการวิเคราะห์จาก AI,รอการวิเคราะห์จาก AI
2026-07-02 22:40:00,1.306695,1.307055,1.306485,1.306685,1.0,GBPUSD-OTC,BEARISH,1.306639,1.306777,1.307415,1.309435,1.311412,1.311942,BEARISH,1.310363,1.304874,0.00549,0.005769,54.88,46.37,-0.000924,-0.000977,5.2e-05,36.53,26.57,0.001182,31.16,-0.61,0.001151,0.00108,30.39,19.16,20.5,3.38,-0.0489,1.0,1.0,1.0,False,-3.4e-05,-0.000172,-0.000124,1.307258,1.308032,1.308738,1.306552,1.305778,27,4.24,1.305225,1.306935,NO_VOLUME_DATA,1.306543,1.306388,1.306263,1.306657,63.31,56.07,4.9e-05,-9.3e-05,74.29,73.96,0.000497,1.306939,1.305174,1.306742,1.306998,1.306428,1.0,1.0,1.306685,1.307055,1.306485,1.306695,NEW YORK,305654,LOW,1.306685,1.307055,1.306485,1.306695,NEW YORK,305654,LOW,NONE,BULLISH,BULLISH,WEAK,AT_PIVOT,LOW_WICK,NEUTRAL,CHAOTIC,NONE,TESTING_PIVOT,NORMAL,45,26,-12.880562060892592,50,NEUTRAL,False,70,[],0,0,NEUTRAL,BULLISH,40,False,NONE,0,False,False,False,60,False,0,100,DOWN,NONE,NONE,0,True,100,55,45,80,False,True,NEUTRAL,70,False,0.0,NONE,True,BULLISH,True,False,50,False,70,4.033613445378672,3.541757761259132,60.0,22,POOR,False,75,67,-0.0959976174034713,5,50.0,True,RANDOM,70,48.846771261569515,1.94596309047473,False,NONE,False,False,False,100,True,70,DOWN,60,CORRECTIVE,NORMAL,DOWN,60,-0.0489,CORRECTIVE,55,30,50,NORMAL,NONE,65,30,75,NORMAL,58,40,60,-0.61,False,80,0.951638065522621,75.90819344773791,RANGING,90,False,NONE,1.305225,1.306935,1.307258,FAR,30,50,85,NONE,DOWN,DOWN,66,DOWN,DOWN,NONE,False,"['M1', 'M5', 'M15']",66,66,SIDEWAY_RANGE,SIDEWAY_RANGE,52,60,True,33,Price ranging between clear levels. Suitable for mean-reversion strategies.,MEDIUM,WAIT,5,1.0,0.5,False,False,False,False,0.3,0.3,True,False,False,18,True,,,,SIDEWAY_RANGE,Price ranging between clear levels. Suitable for mean-reversion strategies.,NORMAL,NONE_OTC,0.09,[],True,,รอการวิเคราะห์จาก AI,66,60,MEDIUM,รอการวิเคราะห์จาก AI,รอการวิเคราะห์จาก AI,รอการวิเคราะห์จาก AI
2026-07-02 22:41:00,1.306695,1.307055,1.306485,1.306685,1.0,GBPUSD-OTC,BEARISH,1.306639,1.306777,1.307415,1.309435,1.311412,1.311942,BEARISH,1.310363,1.304874,0.00549,0.005769,54.88,46.37,-0.000924,-0.000977,5.2e-05,36.53,26.57,0.001182,31.16,-0.61,0.001151,0.00108,30.39,19.16,20.5,3.38,-0.0489,1.0,1.0,1.0,False,-3.4e-05,-0.000172,-0.000124,1.307258,1.308032,1.308738,1.306552,1.305778,27,4.24,1.305225,1.306935,NO_VOLUME_DATA,1.306543,1.306388,1.306263,1.306657,63.31,56.07,4.9e-05,-9.3e-05,74.29,73.96,0.000497,1.306939,1.305174,1.306742,1.306998,1.306428,1.0,1.0,1.306685,1.307055,1.306485,1.306695,NEW YORK,364198,LOW,1.306685,1.307055,1.306485,1.306695,NEW YORK,364198,LOW,NONE,BULLISH,BULLISH,WEAK,AT_PIVOT,LOW_WICK,NEUTRAL,CHAOTIC,NONE,TESTING_PIVOT,NORMAL,45,26,-12.880562060892592,50,NEUTRAL,False,70,[],0,0,NEUTRAL,BULLISH,40,False,NONE,0,False,False,False,60,False,0,100,DOWN,NONE,NONE,0,True,100,55,45,80,False,True,NEUTRAL,70,False,0.0,NONE,True,BULLISH,True,False,50,False,70,4.033613445378672,3.541757761259132,60.0,22,POOR,False,75,67,-0.0959976174034713,5,50.0,True,RANDOM,70,48.846771261569515,1.94596309047473,False,NONE,False,False,False,100,True,70,DOWN,60,CORRECTIVE,NORMAL,DOWN,60,-0.0489,CORRECTIVE,55,30,50,NORMAL,NONE,65,30,75,NORMAL,58,40,60,-0.61,False,80,0.951638065522621,75.90819344773791,RANGING,90,False,NONE,1.305225,1.306935,1.307258,FAR,30,50,85,NONE,DOWN,DOWN,66,DOWN,DOWN,NONE,False,"['M1', 'M5', 'M15']",66,66,SIDEWAY_RANGE,SIDEWAY_RANGE,52,60,True,33,Price ranging between clear levels. Suitable for mean-reversion strategies.,MEDIUM,WAIT,5,1.0,0.5,False,False,False,False,0.3,0.3,True,False,False,18,True,,,,SIDEWAY_RANGE,Price ranging between clear levels. Suitable for mean-reversion strategies.,NORMAL,NONE_OTC,0.09,[],True,,รอการวิเคราะห์จาก AI,66,60,MEDIUM,รอการวิเคราะห์จาก AI,รอการวิเคราะห์จาก AI,รอการวิเคราะห์จาก AI
2026-07-02 22:42:00,1.306695,1.307055,1.306485,1.306685,1.0,GBPUSD-OTC,BEARISH,1.306639,1.306777,1.307415,1.309435,1.311412,1.311942,BEARISH,1.310363,1.304874,0.00549,0.005769,54.88,46.37,-0.000924,-0.000977,5.2e-05,36.53,26.57,0.001182,31.16,-0.61,0.001151,0.00108,30.39,19.16,20.5,3.38,-0.0489,1.0,1.0,1.0,False,-3.4e-05,-0.000172,-0.000124,1.307258,1.308032,1.308738,1.306552,1.305778,27,4.24,1.305225,1.306935,NO_VOLUME_DATA,1.306543,1.306388,1.306263,1.306658,63.31,56.07,4.9e-05,-9.3e-05,74.29,73.96,0.000497,1.306939,1.305174,1.306742,1.306998,1.306428,1.0,1.0,1.306685,1.307055,1.306485,1.306695,NEW YORK,423414,LOW,1.306685,1.307055,1.306485,1.306695,NEW YORK,423414,LOW,NONE,BULLISH,BULLISH,WEAK,AT_PIVOT,LOW_WICK,NEUTRAL,CHAOTIC,NONE,TESTING_PIVOT,NORMAL,45,26,-12.880562060892592,50,NEUTRAL,False,70,[],0,0,NEUTRAL,BULLISH,40,False,NONE,0,False,False,False,60,False,0,100,DOWN,NONE,NONE,0,True,100,55,45,80,False,True,NEUTRAL,70,False,0.0,NONE,True,BULLISH,True,False,50,False,70,4.033613445378672,3.541757761259132,60.0,22,POOR,False,75,67,-0.0959976174034713,5,50.0,True,RANDOM,70,48.846771261569515,1.94596309047473,False,NONE,False,False,False,100,True,70,DOWN,60,CORRECTIVE,NORMAL,DOWN,60,-0.0489,CORRECTIVE,55,30,50,NORMAL,NONE,65,30,75,NORMAL,58,40,60,-0.61,False,80,0.951638065522621,75.90819344773791,RANGING,90,False,NONE,1.305225,1.306935,1.307258,FAR,30,50,85,NONE,DOWN,DOWN,66,DOWN,DOWN,NONE,False,"['M1', 'M5', 'M15']",66,66,SIDEWAY_RANGE,SIDEWAY_RANGE,52,60,True,33,Price ranging between clear levels. Suitable for mean-reversion strategies.,MEDIUM,WAIT,5,1.0,0.5,False,False,False,False,0.3,0.3,True,False,False,18,True,,,,SIDEWAY_RANGE,Price ranging between clear levels. Suitable for mean-reversion strategies.,NORMAL,NONE_OTC,0.09,[],True,,รอการวิเคราะห์จาก AI,66,60,MEDIUM,รอการวิเคราะห์จาก AI,รอการวิเคราะห์จาก AI,รอการวิเคราะห์จาก AI
2026-07-02 22:43:00,1.306695,1.307055,1.306485,1.306685,1.0,GBPUSD-OTC,BEARISH,1.306639,1.306777,1.307415,1.309435,1.311412,1.311942,BEARISH,1.310363,1.304874,0.00549,0.005769,54.88,46.37,-0.000924,-0.000977,5.2e-05,36.53,26.57,0.001182,31.16,-0.61,0.001151,0.00108,30.39,19.16,20.5,3.38,-0.0489,1.0,1.0,1.0,False,-3.4e-05,-0.000172,-0.000124,1.307258,1.308032,1.308738,1.306552,1.305778,27,4.24,1.305225,1.306935,NO_VOLUME_DATA,1.306543,1.306388,1.306263,1.306657,63.31,56.07,4.9e-05,-9.3e-05,74.29,73.96,0.000497,1.306939,1.305174,1.306742,1.306998,1.306428,1.0,1.0,1.306685,1.307055,1.306485,1.306695,NEW YORK,484130,LOW,1.306685,1.307055,1.306485,1.306695,NEW YORK,484130,LOW,NONE,BULLISH,BULLISH,WEAK,AT_PIVOT,LOW_WICK,NEUTRAL,CHAOTIC,NONE,TESTING_PIVOT,NORMAL,45,26,-12.880562060892592,50,NEUTRAL,False,70,[],0,0,NEUTRAL,BULLISH,40,False,NONE,0,False,False,False,60,False,0,100,DOWN,NONE,NONE,0,True,100,55,45,80,False,True,NEUTRAL,70,False,0.0,NONE,True,BULLISH,True,False,50,False,70,4.033613445378672,3.541757761259132,60.0,22,POOR,False,75,67,-0.0959976174034713,5,50.0,True,RANDOM,70,48.846771261569515,1.94596309047473,False,NONE,False,False,False,100,True,70,DOWN,60,CORRECTIVE,NORMAL,DOWN,60,-0.0489,CORRECTIVE,55,30,50,NORMAL,NONE,65,30,75,NORMAL,58,40,60,-0.61,False,80,0.951638065522621,75.90819344773791,RANGING,90,False,NONE,1.305225,1.306935,1.307258,FAR,30,50,85,NONE,DOWN,DOWN,66,DOWN,DOWN,NONE,False,"['M1', 'M5', 'M15']",66,66,SIDEWAY_RANGE,SIDEWAY_RANGE,52,60,True,33,Price ranging between clear levels. Suitable for mean-reversion strategies.,MEDIUM,WAIT,5,1.0,0.5,False,False,False,False,0.3,0.3,True,False,False,18,True,,,,SIDEWAY_RANGE,Price ranging between clear levels. Suitable for mean-reversion strategies.,NORMAL,NONE_OTC,0.09,[],True,,รอการวิเคราะห์จาก AI,66,60,MEDIUM,รอการวิเคราะห์จาก AI,รอการวิเคราะห์จาก AI,รอการวิเคราะห์จาก AI
2026-07-02 22:44:00,1.306695,1.307055,1.306485,1.306685,1.0,GBPUSD-OTC,BEARISH,1.306639,1.306777,1.307415,1.309435,1.311412,1.311942,BEARISH,1.310363,1.304874,0.00549,0.005769,54.88,46.37,-0.000924,-0.000977,5.2e-05,36.53,26.57,0.001182,31.16,-0.61,0.001151,0.00108,30.39,19.16,20.5,3.38,-0.0489,1.0,1.0,1.0,False,-3.4e-05,-0.000172,-0.000124,1.307258,1.308032,1.308738,1.306552,1.305778,27,4.24,1.305225,1.306935,NO_VOLUME_DATA,1.306543,1.306388,1.306263,1.306657,63.31,56.07,4.9e-05,-9.3e-05,74.29,73.96,0.000497,1.306939,1.305174,1.306742,1.306998,1.306428,1.0,1.0,1.306685,1.307055,1.306485,1.306695,NEW YORK,543623,LOW,1.306685,1.307055,1.306485,1.306695,NEW YORK,543623,LOW,NONE,BULLISH,BULLISH,WEAK,AT_PIVOT,LOW_WICK,NEUTRAL,CHAOTIC,NONE,TESTING_PIVOT,NORMAL,45,26,-12.880562060892592,50,NEUTRAL,False,70,[],0,0,NEUTRAL,BULLISH,40,False,NONE,0,False,False,False,60,False,0,100,DOWN,NONE,NONE,0,True,100,55,45,80,False,True,NEUTRAL,70,False,0.0,NONE,True,BULLISH,True,False,50,False,70,4.033613445378672,3.541757761259132,60.0,22,POOR,False,75,67,-0.0959976174034713,5,50.0,True,RANDOM,70,48.846771261569515,1.94596309047473,False,NONE,False,False,False,100,True,70,DOWN,60,CORRECTIVE,NORMAL,DOWN,60,-0.0489,CORRECTIVE,55,30,50,NORMAL,NONE,65,30,75,NORMAL,58,40,60,-0.61,False,80,0.951638065522621,75.90819344773791,RANGING,90,False,NONE,1.305225,1.306935,1.307258,FAR,30,50,85,NONE,DOWN,DOWN,66,DOWN,DOWN,NONE,False,"['M1', 'M5', 'M15']",66,66,SIDEWAY_RANGE,SIDEWAY_RANGE,52,60,True,33,Price ranging between clear levels. Suitable for mean-reversion strategies.,MEDIUM,WAIT,5,1.0,0.5,False,False,False,False,0.3,0.3,True,False,False,18,True,,,,SIDEWAY_RANGE,Price ranging between clear levels. Suitable for mean-reversion strategies.,NORMAL,NONE_OTC,0.09,[],True,,รอการวิเคราะห์จาก AI,66,60,MEDIUM,รอการวิเคราะห์จาก AI,รอการวิเคราะห์จาก AI,รอการวิเคราะห์จาก AI
2026-07-02 22:45:00,1.307395,1.307405,1.306595,1.306915,1.0,GBPUSD-OTC,BEARISH,1.306751,1.306813,1.307373,1.309339,1.311324,1.311893,BEARISH,1.310308,1.304813,0.005496,0.00573,50.19,44.37,-0.00085,-0.000951,0.000102,39.92,33.87,0.001155,21.0,-0.69,0.00116,0.001075,28.46,18.2,19.47,3.38,0.036,1.0,1.0,1.0,False,0.000101,-0.000173,-0.000118,1.306992,1.307388,1.307802,1.306578,1.306182,28,4.34,1.305225,1.306935,NO_VOLUME_DATA,1.307059,1.306873,1.306615,1.306748,54.59,55.19,0.000233,0.000104,73.04,82.52,0.00055,1.307568,1.305223,1.306972,1.307348,1.306538,1.0,1.0,1.306915,1.307405,1.306595,1.307395,NEW YORK,305659,LOW,1.306915,1.307405,1.306595,1.307395,NEW YORK,305659,LOW,NONE,BEARISH,BEARISH,WEAK,AT_PIVOT,LOW_WICK,NEUTRAL,CHAOTIC,NONE,TESTING_PIVOT,NORMAL,45,26,-24.27424336010161,50,NEUTRAL,False,70,[],0,0,NEUTRAL,BEARISH,40,False,NONE,0,False,False,False,60,False,0,100,DOWN,NONE,NONE,0,True,100,55,45,80,False,True,NEUTRAL,70,False,0.0,NONE,True,BULLISH,True,False,50,False,70,9.731543624161912,5.06771515945843,55.00000000000001,23,POOR,False,75,67,-0.10678098772281598,5,50.0,True,RANDOM,70,48.095707014177954,3.054681820414222,True,MOMENTUM_SHIFT,False,True,False,65,True,70,DOWN,100,CHOPPY,LOW,DOWN,100,0.036,CHOPPY,75,30,75,NORMAL,BEARISH,65,40,75,LOW,58,40,60,-0.69,False,65,0.9591623036649215,83.28376963350786,RANGING,90,False,NONE,1.305225,1.306935,1.306992,FAR,30,50,85,NONE,DOWN,DOWN,66,DOWN,DOWN,NONE,False,"['M1', 'M5', 'M15']",66,66,SIDEWAY_RANGE,SIDEWAY_RANGE,52,60,True,32,Price ranging between clear levels. Suitable for mean-reversion strategies.,MEDIUM,WAIT,5,1.0,0.5,False,False,False,False,0.3,0.3,True,False,False,18,True,,,,SIDEWAY_RANGE,Price ranging between clear levels. Suitable for mean-reversion strategies.,LOW,NONE_OTC,0.088,[],True,,รอการวิเคราะห์จาก AI,66,60,MEDIUM,รอการวิเคราะห์จาก AI,รอการวิเคราะห์จาก AI,รอการวิเคราะห์จาก AI
2026-07-02 22:46:00,1.307395,1.307405,1.306595,1.306915,1.0,GBPUSD-OTC,BEARISH,1.306751,1.306813,1.307373,1.309339,1.311324,1.311893,BEARISH,1.310308,1.304813,0.005496,0.00573,50.19,44.37,-0.00085,-0.000951,0.000102,39.92,33.87,0.001155,21.0,-0.69,0.00116,0.001075,28.46,18.2,19.47,3.38,0.036,1.0,1.0,1.0,False,0.000101,-0.000173,-0.000118,1.306992,1.307388,1.307802,1.306578,1.306182,28,4.34,1.305225,1.306935,NO_VOLUME_DATA,1.307059,1.306873,1.306615,1.306748,54.59,55.19,0.000233,0.000104,73.04,82.52,0.00055,1.307568,1.305223,1.306972,1.307348,1.306538,1.0,1.0,1.306915,1.307405,1.306595,1.307395,NEW YORK,364238,LOW,1.306915,1.307405,1.306595,1.307395,NEW YORK,364238,LOW,NONE,BEARISH,BEARISH,WEAK,AT_PIVOT,LOW_WICK,NEUTRAL,CHAOTIC,NONE,TESTING_PIVOT,NORMAL,45,26,-24.27424336010161,50,NEUTRAL,False,70,[],0,0,NEUTRAL,BEARISH,40,False,NONE,0,False,False,False,60,False,0,100,DOWN,NONE,NONE,0,True,100,55,45,80,False,True,NEUTRAL,70,False,0.0,NONE,True,BULLISH,True,False,50,False,70,9.731543624161912,5.06771515945843,55.00000000000001,23,POOR,False,75,67,-0.10678098772281598,5,50.0,True,RANDOM,70,48.095707014177954,3.054681820414222,True,MOMENTUM_SHIFT,False,True,False,65,True,70,DOWN,100,CHOPPY,LOW,DOWN,100,0.036,CHOPPY,75,30,75,NORMAL,BEARISH,65,40,75,LOW,58,40,60,-0.69,False,65,0.9591623036649215,83.28376963350786,RANGING,90,False,NONE,1.305225,1.306935,1.306992,FAR,30,50,85,NONE,DOWN,DOWN,66,DOWN,DOWN,NONE,False,"['M1', 'M5', 'M15']",66,66,SIDEWAY_RANGE,SIDEWAY_RANGE,52,60,True,32,Price ranging between clear levels. Suitable for mean-reversion strategies.,MEDIUM,WAIT,5,1.0,0.5,False,False,False,False,0.3,0.3,True,False,False,18,True,,,,SIDEWAY_RANGE,Price ranging between clear levels. Suitable for mean-reversion strategies.,LOW,NONE_OTC,0.088,[],True,,รอการวิเคราะห์จาก AI,66,60,MEDIUM,รอการวิเคราะห์จาก AI,รอการวิเคราะห์จาก AI,รอการวิเคราะห์จาก AI
2026-07-02 22:47:00,1.307395,1.307405,1.306595,1.306915,1.0,GBPUSD-OTC,BEARISH,1.306751,1.306813,1.307373,1.309339,1.311324,1.311893,BEARISH,1.310308,1.304813,0.005496,0.00573,50.19,44.37,-0.00085,-0.000951,0.000102,39.92,33.87,0.001155,21.0,-0.69,0.00116,0.001075,28.46,18.2,19.47,3.38,0.036,1.0,1.0,1.0,False,0.000101,-0.000173,-0.000118,1.306992,1.307388,1.307802,1.306578,1.306182,28,4.34,1.305225,1.306935,NO_VOLUME_DATA,1.307059,1.306873,1.306615,1.306748,54.59,55.19,0.000233,0.000104,73.04,82.52,0.00055,1.307568,1.305223,1.306972,1.307348,1.306538,1.0,1.0,1.306915,1.307405,1.306595,1.307395,NEW YORK,423711,LOW,1.306915,1.307405,1.306595,1.307395,NEW YORK,423711,LOW,NONE,BEARISH,BEARISH,WEAK,AT_PIVOT,LOW_WICK,NEUTRAL,CHAOTIC,NONE,TESTING_PIVOT,NORMAL,45,26,-24.27424336010161,50,NEUTRAL,False,70,[],0,0,NEUTRAL,BEARISH,40,False,NONE,0,False,False,False,60,False,0,100,DOWN,NONE,NONE,0,True,100,55,45,80,False,True,NEUTRAL,70,False,0.0,NONE,True,BULLISH,True,False,50,False,70,9.731543624161912,5.06771515945843,55.00000000000001,23,POOR,False,75,67,-0.10678098772281598,5,50.0,True,RANDOM,70,48.095707014177954,3.054681820414222,True,MOMENTUM_SHIFT,False,True,False,65,True,70,DOWN,100,CHOPPY,LOW,DOWN,100,0.036,CHOPPY,75,30,75,NORMAL,BEARISH,65,40,75,LOW,58,40,60,-0.69,False,65,0.9591623036649215,83.28376963350786,RANGING,90,False,NONE,1.305225,1.306935,1.306992,FAR,30,50,85,NONE,DOWN,DOWN,66,DOWN,DOWN,NONE,False,"['M1', 'M5', 'M15']",66,66,SIDEWAY_RANGE,SIDEWAY_RANGE,52,60,True,32,Price ranging between clear levels. Suitable for mean-reversion strategies.,MEDIUM,WAIT,5,1.0,0.5,False,False,False,False,0.3,0.3,True,False,False,18,True,,,,SIDEWAY_RANGE,Price ranging between clear levels. Suitable for mean-reversion strategies.,LOW,NONE_OTC,0.088,[],True,,รอการวิเคราะห์จาก AI,66,60,MEDIUM,รอการวิเคราะห์จาก AI,รอการวิเคราะห์จาก AI,รอการวิเคราะห์จาก AI
2026-07-02 22:48:00,1.307395,1.307405,1.306595,1.306915,1.0,GBPUSD-OTC,BEARISH,1.306751,1.306813,1.307373,1.309339,1.311324,1.311893,BEARISH,1.310308,1.304813,0.005496,0.00573,50.19,44.37,-0.00085,-0.000951,0.000102,39.92,33.87,0.001155,21.0,-0.69,0.00116,0.001075,28.46,18.2,19.47,3.38,0.036,1.0,1.0,1.0,False,0.000101,-0.000173,-0.000118,1.306992,1.307388,1.307802,1.306578,1.306182,28,4.34,1.305225,1.306935,NO_VOLUME_DATA,1.307059,1.306873,1.306615,1.306748,54.59,55.19,0.000233,0.000104,73.04,82.52,0.00055,1.307568,1.305223,1.306972,1.307348,1.306538,1.0,1.0,1.306915,1.307405,1.306595,1.307395,NEW YORK,484053,LOW,1.306915,1.307405,1.306595,1.307395,NEW YORK,484053,LOW,NONE,BEARISH,BEARISH,WEAK,AT_PIVOT,LOW_WICK,NEUTRAL,CHAOTIC,NONE,TESTING_PIVOT,NORMAL,45,26,-24.27424336010161,50,NEUTRAL,False,70,[],0,0,NEUTRAL,BEARISH,40,False,NONE,0,False,False,False,60,False,0,100,DOWN,NONE,NONE,0,True,100,55,45,80,False,True,NEUTRAL,70,False,0.0,NONE,True,BULLISH,True,False,50,False,70,9.731543624161912,5.06771515945843,55.00000000000001,23,POOR,False,75,67,-0.10678098772281598,5,50.0,True,RANDOM,70,48.095707014177954,3.054681820414222,True,MOMENTUM_SHIFT,False,True,False,65,True,70,DOWN,100,CHOPPY,LOW,DOWN,100,0.036,CHOPPY,75,30,75,NORMAL,BEARISH,65,40,75,LOW,58,40,60,-0.69,False,65,0.9591623036649215,83.28376963350786,RANGING,90,False,NONE,1.305225,1.306935,1.306992,FAR,30,50,85,NONE,DOWN,DOWN,66,DOWN,DOWN,NONE,False,"['M1', 'M5', 'M15']",66,66,SIDEWAY_RANGE,SIDEWAY_RANGE,52,60,True,32,Price ranging between clear levels. Suitable for mean-reversion strategies.,MEDIUM,WAIT,5,1.0,0.5,False,False,False,False,0.3,0.3,True,False,False,18,True,,,,SIDEWAY_RANGE,Price ranging between clear levels. Suitable for mean-reversion strategies.,LOW,NONE_OTC,0.088,[],True,,รอการวิเคราะห์จาก AI,66,60,MEDIUM,รอการวิเคราะห์จาก AI,รอการวิเคราะห์จาก AI,รอการวิเคราะห์จาก AI
2026-07-02 22:49:00,1.307395,1.307405,1.306595,1.306915,1.0,GBPUSD-OTC,BEARISH,1.306751,1.306813,1.307373,1.309339,1.311324,1.311893,BEARISH,1.310308,1.304813,0.005496,0.00573,50.19,44.37,-0.00085,-0.000951,0.000102,39.92,33.87,0.001155,21.0,-0.69,0.00116,0.001075,28.46,18.2,19.47,3.38,0.036,1.0,1.0,1.0,False,0.000101,-0.000173,-0.000118,1.306992,1.307388,1.307802,1.306578,1.306182,28,4.34,1.305225,1.306935,NO_VOLUME_DATA,1.307059,1.306873,1.306615,1.306748,54.59,55.19,0.000233,0.000104,73.04,82.52,0.00055,1.307568,1.305223,1.306972,1.307348,1.306538,1.0,1.0,1.306915,1.307405,1.306595,1.307395,NEW YORK,544536,LOW,1.306915,1.307405,1.306595,1.307395,NEW YORK,544536,LOW,NONE,BEARISH,BEARISH,WEAK,AT_PIVOT,LOW_WICK,NEUTRAL,CHAOTIC,NONE,TESTING_PIVOT,NORMAL,45,26,-24.27424336010161,50,NEUTRAL,False,70,[],0,0,NEUTRAL,BEARISH,40,False,NONE,0,False,False,False,60,False,0,100,DOWN,NONE,NONE,0,True,100,55,45,80,False,True,NEUTRAL,70,False,0.0,NONE,True,BULLISH,True,False,50,False,70,9.731543624161912,5.06771515945843,55.00000000000001,23,POOR,False,75,67,-0.10678098772281598,5,50.0,True,RANDOM,70,48.095707014177954,3.054681820414222,True,MOMENTUM_SHIFT,False,True,False,65,True,70,DOWN,100,CHOPPY,LOW,DOWN,100,0.036,CHOPPY,75,30,75,NORMAL,BEARISH,65,40,75,LOW,58,40,60,-0.69,False,65,0.9591623036649215,83.28376963350786,RANGING,90,False,NONE,1.305225,1.306935,1.306992,FAR,30,50,85,NONE,DOWN,DOWN,66,DOWN,DOWN,NONE,False,"['M1', 'M5', 'M15']",66,66,SIDEWAY_RANGE,SIDEWAY_RANGE,52,60,True,32,Price ranging between clear levels. Suitable for mean-reversion strategies.,MEDIUM,WAIT,5,1.0,0.5,False,False,False,False,0.3,0.3,True,False,False,18,True,,,,SIDEWAY_RANGE,Price ranging between clear levels. Suitable for mean-reversion strategies.,LOW,NONE_OTC,0.088,[],True,,รอการวิเคราะห์จาก AI,66,60,MEDIUM,รอการวิเคราะห์จาก AI,รอการวิเคราะห์จาก AI,รอการวิเคราะห์จาก AI
2026-07-02 22:50:00,1.307015,1.307225,1.306805,1.307165,1.0,GBPUSD-OTC,BEARISH,1.307035,1.306957,1.307395,1.30927,1.311239,1.311763,BULLISH,1.310269,1.304799,0.005471,0.005694,57.76,48.65,-0.000731,-0.000907,0.000176,47.04,41.16,0.001143,17.5,-0.62,0.001162,0.001078,26.65,19.46,18.28,3.12,0.0873,1.0,1.0,1.0,False,0.000185,-0.000164,-0.000112,1.307398,1.307992,1.308378,1.307012,1.306418,29,4.38,1.305225,1.307965,NO_VOLUME_DATA,1.307096,1.307014,1.306803,1.30681,58.92,57.45,0.000232,0.000192,55.67,55.63,0.00051,1.307679,1.305806,1.307065,1.307325,1.306905,1.0,1.0,1.307165,1.307225,1.306805,1.307015,NEW YORK,305339,LOW,1.307165,1.307225,1.306805,1.307015,NEW YORK,305339,LOW,NONE,BULLISH,BULLISH,WEAK,AT_PIVOT,LOW_WICK,NEUTRAL,CHAOTIC,NONE,TESTING_PIVOT,NORMAL,45,26,-16.72862453531983,50,NEUTRAL,False,70,[],0,0,NEUTRAL,BULLISH,40,False,NONE,0,False,False,False,60,False,0,50,NONE,NONE,NONE,0,False,50,55,45,80,False,True,NEUTRAL,70,False,0.0,NONE,True,BULLISH,True,False,50,False,70,4.223107569722447,3.798014674147511,55.00000000000001,21,POOR,False,75,64,-0.11130805158671693,5,30.000000000000004,True,RANDOM,70,46.11995594164374,4.775785973142967,True,MOMENTUM_SHIFT,False,True,False,65,True,70,DOWN,100,CHOPPY,LOW,DOWN,100,0.0873,CHOPPY,85,30,85,NORMAL,BEARISH,65,40,75,LOW,58,40,60,-0.62,False,65,0.9608359676852828,83.91640323147172,RANGING,90,False,NONE,1.305225,1.307965,1.307398,FAR,30,50,85,NONE,NONE,DOWN,33,DOWN,DOWN,NONE,False,"['M1', 'M5', 'M15']",33,33,BREAKOUT_EMERGING,BREAKOUT_EMERGING,52,70,True,31,"Volatility expansion after compression. Potential breakout opportunity. (breakout prob: 30%, reversal prob: 50%)",MEDIUM,PREPARE_TO_TRADE,5,1.0,0.5,False,False,False,False,0.3,0.3,True,False,False,18,True,,,,BREAKOUT_EMERGING,"Volatility expansion after compression. Potential breakout opportunity. (breakout prob: 30%, reversal prob: 50%)",LOW,NONE_OTC,0.087,[],True,,รอการวิเคราะห์จาก AI,33,70,MEDIUM,รอการวิเคราะห์จาก AI,รอการวิเคราะห์จาก AI,รอการวิเคราะห์จาก AI
2026-07-02 22:51:00,1.307015,1.307225,1.306805,1.307165,1.0,GBPUSD-OTC,BEARISH,1.307035,1.306957,1.307395,1.30927,1.311239,1.311763,BULLISH,1.310269,1.304799,0.005471,0.005694,57.76,48.65,-0.000731,-0.000907,0.000176,47.04,41.16,0.001143,17.5,-0.62,0.001162,0.001078,26.65,19.46,18.28,3.12,0.0873,1.0,1.0,1.0,False,0.000185,-0.000164,-0.000112,1.307398,1.307992,1.308378,1.307012,1.306418,29,4.38,1.305225,1.307965,NO_VOLUME_DATA,1.307096,1.307014,1.306803,1.30681,58.92,57.45,0.000232,0.000192,55.67,55.63,0.00051,1.307679,1.305806,1.307065,1.307325,1.306905,1.0,1.0,1.307165,1.307225,1.306805,1.307015,NEW YORK,364211,LOW,1.307165,1.307225,1.306805,1.307015,NEW YORK,364211,LOW,NONE,BULLISH,BULLISH,WEAK,AT_PIVOT,LOW_WICK,NEUTRAL,CHAOTIC,NONE,TESTING_PIVOT,NORMAL,45,26,-16.72862453531983,50,NEUTRAL,False,70,[],0,0,NEUTRAL,BULLISH,40,False,NONE,0,False,False,False,60,False,0,50,NONE,NONE,NONE,0,False,50,55,45,80,False,True,NEUTRAL,70,False,0.0,NONE,True,BULLISH,True,False,50,False,70,4.223107569722447,3.798014674147511,55.00000000000001,21,POOR,False,75,64,-0.11130805158671693,5,30.000000000000004,True,RANDOM,70,46.11995594164374,4.775785973142967,True,MOMENTUM_SHIFT,False,True,False,65,True,70,DOWN,100,CHOPPY,LOW,DOWN,100,0.0873,CHOPPY,85,30,85,NORMAL,BEARISH,65,40,75,LOW,58,40,60,-0.62,False,65,0.9608359676852828,83.91640323147172,RANGING,90,False,NONE,1.305225,1.307965,1.307398,FAR,30,50,85,NONE,NONE,DOWN,33,DOWN,DOWN,NONE,False,"['M1', 'M5', 'M15']",33,33,BREAKOUT_EMERGING,BREAKOUT_EMERGING,52,70,True,31,"Volatility expansion after compression. Potential breakout opportunity. (breakout prob: 30%, reversal prob: 50%)",MEDIUM,PREPARE_TO_TRADE,5,1.0,0.5,False,False,False,False,0.3,0.3,True,False,False,18,True,,,,BREAKOUT_EMERGING,"Volatility expansion after compression. Potential breakout opportunity. (breakout prob: 30%, reversal prob: 50%)",LOW,NONE_OTC,0.087,[],True,,รอการวิเคราะห์จาก AI,33,70,MEDIUM,รอการวิเคราะห์จาก AI,รอการวิเคราะห์จาก AI,รอการวิเคราะห์จาก AI
2026-07-02 22:52:00,1.307015,1.307225,1.306805,1.307165,1.0,GBPUSD-OTC,BEARISH,1.307035,1.306957,1.307395,1.30927,1.311239,1.311763,BULLISH,1.310269,1.304799,0.005471,0.005694,57.76,48.65,-0.000731,-0.000907,0.000176,47.04,41.16,0.001143,17.5,-0.62,0.001162,0.001078,26.65,19.46,18.28,3.12,0.0873,1.0,1.0,1.0,False,0.000185,-0.000164,-0.000112,1.307398,1.307992,1.308378,1.307012,1.306418,29,4.38,1.305225,1.307965,NO_VOLUME_DATA,1.307096,1.307014,1.306803,1.30681,58.92,57.45,0.000232,0.000192,55.67,55.63,0.00051,1.307679,1.305806,1.307065,1.307325,1.306905,1.0,1.0,1.307165,1.307225,1.306805,1.307015,NEW YORK,423616,LOW,1.307165,1.307225,1.306805,1.307015,NEW YORK,423616,LOW,NONE,BULLISH,BULLISH,WEAK,AT_PIVOT,LOW_WICK,NEUTRAL,CHAOTIC,NONE,TESTING_PIVOT,NORMAL,45,26,-16.72862453531983,50,NEUTRAL,False,70,[],0,0,NEUTRAL,BULLISH,40,False,NONE,0,False,False,False,60,False,0,50,NONE,NONE,NONE,0,False,50,55,45,80,False,True,NEUTRAL,70,False,0.0,NONE,True,BULLISH,True,False,50,False,70,4.223107569722447,3.798014674147511,55.00000000000001,21,POOR,False,75,64,-0.11130805158671693,5,30.000000000000004,True,RANDOM,70,46.11995594164374,4.775785973142967,True,MOMENTUM_SHIFT,False,True,False,65,True,70,DOWN,100,CHOPPY,LOW,DOWN,100,0.0873,CHOPPY,85,30,85,NORMAL,BEARISH,65,40,75,LOW,58,40,60,-0.62,False,65,0.9608359676852828,83.91640323147172,RANGING,90,False,NONE,1.305225,1.307965,1.307398,FAR,30,50,85,NONE,NONE,DOWN,33,DOWN,DOWN,NONE,False,"['M1', 'M5', 'M15']",33,33,SIDEWAY_RANGE,SIDEWAY_RANGE,52,60,True,31,Price ranging between clear levels. Suitable for mean-reversion strategies.,MEDIUM,WAIT,5,1.0,0.5,False,False,False,False,0.3,0.3,True,False,False,18,True,,,,SIDEWAY_RANGE,Price ranging between clear levels. Suitable for mean-reversion strategies.,LOW,NONE_OTC,0.087,[],True,,รอการวิเคราะห์จาก AI,33,60,MEDIUM,รอการวิเคราะห์จาก AI,รอการวิเคราะห์จาก AI,รอการวิเคราะห์จาก AI
2026-07-02 22:53:00,1.307015,1.307225,1.306805,1.307165,1.0,GBPUSD-OTC,BEARISH,1.307035,1.306957,1.307395,1.30927,1.311239,1.311763,BULLISH,1.310269,1.304799,0.005471,0.005694,57.76,48.65,-0.000731,-0.000907,0.000176,47.04,41.16,0.001143,17.5,-0.62,0.001162,0.001078,26.65,19.46,18.28,3.12,0.0873,1.0,1.0,1.0,False,0.000185,-0.000164,-0.000112,1.307398,1.307992,1.308378,1.307012,1.306418,29,4.38,1.305225,1.307965,NO_VOLUME_DATA,1.307096,1.307014,1.306803,1.30681,58.92,57.45,0.000232,0.000192,55.67,55.63,0.00051,1.307679,1.305806,1.307065,1.307325,1.306905,1.0,1.0,1.307165,1.307225,1.306805,1.307015,NEW YORK,484240,LOW,1.307165,1.307225,1.306805,1.307015,NEW YORK,484240,LOW,NONE,BULLISH,BULLISH,WEAK,AT_PIVOT,LOW_WICK,NEUTRAL,CHAOTIC,NONE,TESTING_PIVOT,NORMAL,45,26,-16.72862453531983,50,NEUTRAL,False,70,[],0,0,NEUTRAL,BULLISH,40,False,NONE,0,False,False,False,60,False,0,50,NONE,NONE,NONE,0,False,50,55,45,80,False,True,NEUTRAL,70,False,0.0,NONE,True,BULLISH,True,False,50,False,70,4.223107569722447,3.798014674147511,55.00000000000001,21,POOR,False,75,64,-0.11130805158671693,5,30.000000000000004,True,RANDOM,70,46.11995594164374,4.775785973142967,True,MOMENTUM_SHIFT,False,True,False,65,True,70,DOWN,100,CHOPPY,LOW,DOWN,100,0.0873,CHOPPY,85,30,85,NORMAL,BEARISH,65,40,75,LOW,58,40,60,-0.62,False,65,0.9608359676852828,83.91640323147172,RANGING,90,False,NONE,1.305225,1.307965,1.307398,FAR,30,50,85,NONE,NONE,DOWN,33,DOWN,DOWN,NONE,False,"['M1', 'M5', 'M15']",33,33,BREAKOUT_EMERGING,BREAKOUT_EMERGING,52,70,True,31,"Volatility expansion after compression. Potential breakout opportunity. (breakout prob: 30%, reversal prob: 50%)",MEDIUM,PREPARE_TO_TRADE,5,1.0,0.5,False,False,False,False,0.3,0.3,True,False,False,18,True,,,,BREAKOUT_EMERGING,"Volatility expansion after compression. Potential breakout opportunity. (breakout prob: 30%, reversal prob: 50%)",LOW,NONE_OTC,0.087,[],True,,รอการวิเคราะห์จาก AI,33,70,MEDIUM,รอการวิเคราะห์จาก AI,รอการวิเคราะห์จาก AI,รอการวิเคราะห์จาก AI
2026-07-02 22:58:00,1.307135,1.307655,1.307125,1.307395,1.0,GBPUSD-OTC,BEARISH,1.307346,1.307156,1.307421,1.309136,1.311081,1.311637,BULLISH,1.309964,1.304823,0.005141,0.005622,59.89,50.81,-0.000549,-0.000797,0.000248,56.98,49.95,0.001123,9.6,-0.63,0.00116,0.001089,24.03,19.01,16.04,8.49,0.1187,1.0,1.0,1.0,False,0.00023,-0.000118,-0.000101,1.307708,1.308292,1.308688,1.307312,1.306728,31,4.46,1.305225,1.307965,NO_VOLUME_DATA,1.307381,1.307363,1.307199,1.307015,53.07,55.44,0.000228,0.000253,46.4,56.88,0.000461,1.307759,1.306797,1.307392,1.307658,1.307128,1.0,1.0,1.307395,1.307655,1.307125,1.307135,NEW YORK,184238,LOW,1.307395,1.307655,1.307125,1.307135,NEW YORK,184238,LOW,BULLISH_ENGULFING,BULLISH,BULLISH,WEAK,AT_PIVOT,LOW_WICK,NEUTRAL,CHAOTIC,NONE,TESTING_PIVOT,NORMAL,44,26,-6.674984404244317,50,NEUTRAL,False,70,['BULLISH_ENGULFING'],1,20,BULLISH,BULLISH,60,False,NONE,0,False,False,False,60,False,0,100,NONE,NONE,UP,0,True,100,55,45,80,False,True,NEUTRAL,70,False,0.0,NONE,True,BULLISH,True,False,50,False,70,11.73184357541836,3.915530136383824,50.0,21,POOR,False,75,63,-0.17248022340561894,5,19.999999999999996,True,RANDOM,70,46.15084609684271,4.865543890627821,True,MOMENTUM_SHIFT,False,True,False,65,True,70,DOWN,100,IMPULSIVE,LOW,DOWN,100,0.1187,IMPULSIVE,85,30,85,NORMAL,NONE,60,40,70,LOW,58,40,60,-0.63,False,65,0.9144432586268231,88.5556741373177,RANGING,90,False,NONE,1.305225,1.307965,1.307708,FAR,30,50,85,UP,NONE,DOWN,33,NONE,DOWN,UP,True,"['M1', 'M5', 'M15']",33,33,BREAKOUT_EMERGING,BREAKOUT_EMERGING,53,70,True,30,"Volatility expansion after compression. Potential breakout opportunity. (breakout prob: 30%, reversal prob: 50%)",MEDIUM,PREPARE_TO_TRADE,5,1.0,0.5,False,False,False,False,0.3,0.3,True,False,False,18,True,,,,BREAKOUT_EMERGING,"Volatility expansion after compression. Potential breakout opportunity. (breakout prob: 30%, reversal prob: 50%)",LOW,NONE_OTC,0.086,[],True,,รอการวิเคราะห์จาก AI,33,70,MEDIUM,รอการวิเคราะห์จาก AI,รอการวิเคราะห์จาก AI,รอการวิเคราะห์จาก AI
2026-07-02 22:59:00,1.307135,1.307655,1.307125,1.307395,1.0,GBPUSD-OTC,BEARISH,1.307346,1.307156,1.307421,1.309136,1.311081,1.311637,BULLISH,1.309964,1.304823,0.005141,0.005622,59.89,50.81,-0.000549,-0.000797,0.000248,56.98,49.95,0.001123,9.6,-0.63,0.00116,0.001089,24.03,19.01,16.04,8.49,0.1187,1.0,1.0,1.0,False,0.00023,-0.000118,-0.000101,1.307708,1.308292,1.308688,1.307312,1.306728,31,4.46,1.305225,1.307965,NO_VOLUME_DATA,1.307381,1.307363,1.307199,1.307015,53.07,55.44,0.000228,0.000253,46.4,56.88,0.000461,1.307759,1.306797,1.307392,1.307658,1.307128,1.0,1.0,1.307395,1.307655,1.307125,1.307135,NEW YORK,243549,LOW,1.307395,1.307655,1.307125,1.307135,NEW YORK,243549,LOW,BULLISH_ENGULFING,BULLISH,BULLISH,WEAK,AT_PIVOT,LOW_WICK,NEUTRAL,CHAOTIC,NONE,TESTING_PIVOT,NORMAL,44,26,-6.674984404244317,50,NEUTRAL,False,70,['BULLISH_ENGULFING'],1,20,BULLISH,BULLISH,60,False,NONE,0,False,False,False,60,False,0,100,NONE,NONE,UP,0,True,100,55,45,80,False,True,NEUTRAL,70,False,0.0,NONE,True,BULLISH,True,False,50,False,70,11.73184357541836,3.915530136383824,50.0,21,POOR,False,75,63,-0.17248022340561894,5,19.999999999999996,True,RANDOM,70,46.15084609684271,4.865543890627821,True,MOMENTUM_SHIFT,False,True,False,65,True,70,DOWN,100,IMPULSIVE,LOW,DOWN,100,0.1187,IMPULSIVE,85,30,85,NORMAL,NONE,60,40,70,LOW,58,40,60,-0.63,False,65,0.9144432586268231,88.5556741373177,RANGING,90,False,NONE,1.305225,1.307965,1.307708,FAR,30,50,85,UP,NONE,DOWN,33,NONE,DOWN,UP,True,"['M1', 'M5', 'M15']",33,33,SIDEWAY_RANGE,SIDEWAY_RANGE,53,60,True,30,Price ranging between clear levels. Suitable for mean-reversion strategies.,MEDIUM,WAIT,5,1.0,0.5,False,False,False,False,0.3,0.3,True,False,False,18,True,,,,SIDEWAY_RANGE,Price ranging between clear levels. Suitable for mean-reversion strategies.,LOW,NONE_OTC,0.086,[],True,,รอการวิเคราะห์จาก AI,33,60,MEDIUM,รอการวิเคราะห์จาก AI,รอการวิเคราะห์จาก AI,รอการวิเคราะห์จาก AI
2026-07-02 23:00:00,1.307135,1.307655,1.307125,1.307395,1.0,GBPUSD-OTC,BEARISH,1.307346,1.307156,1.307421,1.309136,1.311091,1.311664,BULLISH,1.309964,1.304823,0.005141,0.005622,59.89,50.81,-0.000549,-0.000797,0.000248,56.98,49.95,0.001123,20.0,-0.61,0.00116,0.001089,24.03,19.01,16.04,8.49,0.1187,1.0,1.0,1.0,False,0.00023,-0.000118,-0.000101,1.307708,1.308292,1.308688,1.307312,1.306728,31,4.46,1.305225,1.307965,NO_VOLUME_DATA,1.307381,1.307363,1.307199,1.307015,53.07,55.44,0.000228,0.000253,46.4,56.88,0.000461,1.307759,1.306797,1.307392,1.307658,1.307128,1.0,1.0,1.307395,1.307655,1.307125,1.307135,NEW YORK,305666,STALE,1.307395,1.307655,1.307125,1.307135,NEW YORK,305666,STALE,BULLISH_ENGULFING,BULLISH,BULLISH,WEAK,AT_PIVOT,LOW_WICK,NEUTRAL,CHAOTIC,NONE,TESTING_PIVOT,NORMAL,44,26,-6.674984404244317,50,NEUTRAL,False,70,['BULLISH_ENGULFING'],1,20,BULLISH,BULLISH,60,False,NONE,0,False,False,False,60,False,0,100,NONE,NONE,UP,0,True,100,55,45,80,False,True,NEUTRAL,70,False,0.0,NONE,True,BULLISH,True,False,50,False,70,11.73184357541836,3.915530136383824,50.0,21,POOR,False,75,63,-0.17248022340561894,5,19.999999999999996,True,RANDOM,70,46.15084609684271,4.865543889891324,True,MOMENTUM_SHIFT,False,True,False,65,True,70,DOWN,100,IMPULSIVE,LOW,DOWN,100,0.1187,IMPULSIVE,85,30,85,NORMAL,NONE,60,40,70,LOW,58,40,60,-0.61,False,65,0.9144432586268231,88.5556741373177,RANGING,90,False,NONE,1.305225,1.307965,1.307708,FAR,30,50,85,UP,NONE,DOWN,33,NONE,DOWN,UP,True,"['M1', 'M5', 'M15']",33,33,SIDEWAY_RANGE,SIDEWAY_RANGE,52,60,True,30,Price ranging between clear levels. Suitable for mean-reversion strategies.,MEDIUM,WAIT,5,1.0,0.5,False,False,False,False,0.3,0.3,True,False,False,18,True,,,,SIDEWAY_RANGE,Price ranging between clear levels. Suitable for mean-reversion strategies.,LOW,NONE_OTC,0.086,[],True,,รอการวิเคราะห์จาก AI,33,60,MEDIUM,รอการวิเคราะห์จาก AI,รอการวิเคราะห์จาก AI,รอการวิเคราะห์จาก AI
2026-07-02 23:01:00,1.307135,1.307655,1.307125,1.307395,1.0,GBPUSD-OTC,BEARISH,1.307346,1.307156,1.307421,1.309136,1.311091,1.311664,BULLISH,1.309964,1.304823,0.005141,0.005622,59.89,50.81,-0.000549,-0.000797,0.000248,56.98,49.95,0.001123,20.0,-0.61,0.00116,0.001089,24.03,19.01,16.04,8.49,0.1187,1.0,1.0,1.0,False,0.00023,-0.000118,-0.000101,1.307708,1.308292,1.308688,1.307312,1.306728,31,4.46,1.305225,1.307965,NO_VOLUME_DATA,1.307381,1.307363,1.307199,1.307015,53.07,55.44,0.000228,0.000253,46.4,56.88,0.000461,1.307759,1.306797,1.307392,1.307658,1.307128,1.0,1.0,1.307395,1.307655,1.307125,1.307135,NEW YORK,364389,STALE,1.307395,1.307655,1.307125,1.307135,NEW YORK,364389,STALE,BULLISH_ENGULFING,BULLISH,BULLISH,WEAK,AT_PIVOT,LOW_WICK,NEUTRAL,CHAOTIC,NONE,TESTING_PIVOT,NORMAL,44,26,-6.674984404244317,50,NEUTRAL,False,70,['BULLISH_ENGULFING'],1,20,BULLISH,BULLISH,60,False,NONE,0,False,False,False,60,False,0,100,NONE,NONE,UP,0,True,100,55,45,80,False,True,NEUTRAL,70,False,0.0,NONE,True,BULLISH,True,False,50,False,70,11.73184357541836,3.915530136383824,50.0,21,POOR,False,75,63,-0.17248022340561894,5,19.999999999999996,True,RANDOM,70,46.15084609684271,4.865543889891324,True,MOMENTUM_SHIFT,False,True,False,65,True,70,DOWN,100,IMPULSIVE,LOW,DOWN,100,0.1187,IMPULSIVE,85,30,85,NORMAL,NONE,60,40,70,LOW,58,40,60,-0.61,False,65,0.9144432586268231,88.5556741373177,RANGING,90,False,NONE,1.305225,1.307965,1.307708,FAR,30,50,85,UP,NONE,DOWN,33,NONE,DOWN,UP,True,"['M1', 'M5', 'M15']",33,33,SIDEWAY_RANGE,SIDEWAY_RANGE,52,60,True,30,Price ranging between clear levels. Suitable for mean-reversion strategies.,MEDIUM,WAIT,5,1.0,0.5,False,False,False,False,0.3,0.3,True,False,False,18,True,,,,SIDEWAY_RANGE,Price ranging between clear levels. Suitable for mean-reversion strategies.,LOW,NONE_OTC,0.086,[],True,,รอการวิเคราะห์จาก AI,33,60,MEDIUM,รอการวิเคราะห์จาก AI,รอการวิเคราะห์จาก AI,รอการวิเคราะห์จาก AI
2026-07-02 23:02:00,1.307135,1.307655,1.307125,1.307395,1.0,GBPUSD-OTC,BEARISH,1.307346,1.307156,1.307421,1.309136,1.311091,1.311664,BULLISH,1.309964,1.304823,0.005141,0.005622,59.89,50.81,-0.000549,-0.000797,0.000248,56.98,49.95,0.001123,20.0,-0.61,0.00116,0.001089,24.03,19.01,16.04,8.49,0.1187,1.0,1.0,1.0,False,0.00023,-0.000118,-0.000101,1.307708,1.308292,1.308688,1.307312,1.306728,31,4.46,1.305225,1.307965,NO_VOLUME_DATA,1.307381,1.307363,1.307199,1.307015,53.07,55.44,0.000228,0.000253,46.4,56.88,0.000461,1.307759,1.306797,1.307392,1.307658,1.307128,1.0,1.0,1.307395,1.307655,1.307125,1.307135,NEW YORK,424041,STALE,1.307395,1.307655,1.307125,1.307135,NEW YORK,424041,STALE,BULLISH_ENGULFING,BULLISH,BULLISH,WEAK,AT_PIVOT,LOW_WICK,NEUTRAL,CHAOTIC,NONE,TESTING_PIVOT,NORMAL,44,26,-6.674984404244317,50,NEUTRAL,False,70,['BULLISH_ENGULFING'],1,20,BULLISH,BULLISH,60,False,NONE,0,False,False,False,60,False,0,100,NONE,NONE,UP,0,True,100,55,45,80,False,True,NEUTRAL,70,False,0.0,NONE,True,BULLISH,True,False,50,False,70,11.73184357541836,3.915530136383824,50.0,21,POOR,False,75,63,-0.17248022340561894,5,19.999999999999996,True,RANDOM,70,46.15084609684271,4.865543889891324,True,MOMENTUM_SHIFT,False,True,False,65,True,70,DOWN,100,IMPULSIVE,LOW,DOWN,100,0.1187,IMPULSIVE,85,30,85,NORMAL,NONE,60,40,70,LOW,58,40,60,-0.61,False,65,0.9144432586268231,88.5556741373177,RANGING,90,False,NONE,1.305225,1.307965,1.307708,FAR,30,50,85,UP,NONE,DOWN,33,NONE,DOWN,UP,True,"['M1', 'M5', 'M15']",33,33,SIDEWAY_RANGE,SIDEWAY_RANGE,52,60,True,30,Price ranging between clear levels. Suitable for mean-reversion strategies.,MEDIUM,WAIT,5,1.0,0.5,False,False,False,False,0.3,0.3,True,False,False,18,True,,,,SIDEWAY_RANGE,Price ranging between clear levels. Suitable for mean-reversion strategies.,LOW,NONE_OTC,0.086,[],True,,รอการวิเคราะห์จาก AI,33,60,MEDIUM,รอการวิเคราะห์จาก AI,รอการวิเคราะห์จาก AI,รอการวิเคราะห์จาก AI
2026-07-02 23:03:00,1.307135,1.307655,1.307125,1.307395,1.0,GBPUSD-OTC,BEARISH,1.307346,1.307156,1.307421,1.309136,1.311091,1.311664,BULLISH,1.309964,1.304823,0.005141,0.005622,59.89,50.81,-0.000549,-0.000797,0.000248,56.98,49.95,0.001123,20.0,-0.61,0.00116,0.001089,24.03,19.01,16.04,8.49,0.1187,1.0,1.0,1.0,False,0.00023,-0.000118,-0.000101,1.307708,1.308292,1.308688,1.307312,1.306728,31,4.46,1.305225,1.307965,NO_VOLUME_DATA,1.307381,1.307363,1.307199,1.307014,53.07,55.44,0.000228,0.000253,46.4,56.88,0.000461,1.307759,1.306797,1.307392,1.307658,1.307128,1.0,1.0,1.307395,1.307655,1.307125,1.307135,NEW YORK,483616,STALE,1.307395,1.307655,1.307125,1.307135,NEW YORK,483616,STALE,BULLISH_ENGULFING,BULLISH,BULLISH,WEAK,AT_PIVOT,LOW_WICK,NEUTRAL,CHAOTIC,NONE,TESTING_PIVOT,NORMAL,44,26,-6.674984404244317,50,NEUTRAL,False,70,['BULLISH_ENGULFING'],1,20,BULLISH,BULLISH,60,False,NONE,0,False,False,False,60,False,0,100,NONE,NONE,UP,0,True,100,55,45,80,False,True,NEUTRAL,70,False,0.0,NONE,True,BULLISH,True,False,50,False,70,11.73184357541836,3.915530136383824,50.0,21,POOR,False,75,63,-0.17248022340561894,5,19.999999999999996,True,RANDOM,70,46.15084609684271,4.865543889891324,True,MOMENTUM_SHIFT,False,True,False,65,True,70,DOWN,100,IMPULSIVE,LOW,DOWN,100,0.1187,IMPULSIVE,85,30,85,NORMAL,NONE,60,40,70,LOW,58,40,60,-0.61,False,65,0.9144432586268231,88.5556741373177,RANGING,90,False,NONE,1.305225,1.307965,1.307708,FAR,30,50,85,UP,NONE,DOWN,33,NONE,DOWN,UP,True,"['M1', 'M5', 'M15']",33,33,SIDEWAY_RANGE,SIDEWAY_RANGE,52,60,True,30,Price ranging between clear levels. Suitable for mean-reversion strategies.,MEDIUM,WAIT,5,1.0,0.5,False,False,False,False,0.3,0.3,True,False,False,18,True,,,,SIDEWAY_RANGE,Price ranging between clear levels. Suitable for mean-reversion strategies.,LOW,NONE_OTC,0.086,[],True,,รอการวิเคราะห์จาก AI,33,60,MEDIUM,รอการวิเคราะห์จาก AI,รอการวิเคราะห์จาก AI,รอการวิเคราะห์จาก AI
2026-07-02 23:23:00,1.308235,1.308755,1.308215,1.308565,1.0,GBPUSD-OTC,BEARISH,1.308003,1.307704,1.307638,1.308919,1.31078,1.311448,BULLISH,1.309076,1.30514,0.003936,0.005557,60.63,52.93,-0.000152,-0.000454,0.000302,84.57,83.21,0.001116,18.4,-0.54,0.001149,0.001139,19.04,18.89,15.84,8.77,0.0696,1.0,1.0,1.0,False,0.00013,6.9e-05,-8e-05,1.308335,1.308655,1.309075,1.307915,1.307595,36,4.49,1.306315,1.308845,NO_VOLUME_DATA,1.308442,1.308314,1.308049,1.307611,60.4,59.29,0.000331,0.000293,83.66,85.02,0.000498,1.309239,1.30647,1.308512,1.308808,1.308268,1.0,1.0,1.308565,1.308755,1.308215,1.308235,NEW YORK,184143,LOW,1.308565,1.308755,1.308215,1.308235,NEW YORK,184143,LOW,DOJI,BEARISH,BEARISH,WEAK,AT_PIVOT,LOW_WICK,NEUTRAL,CHAOTIC,TRUE,TESTING_PIVOT,NORMAL,45,23,0.6105006105005575,50,NEUTRAL,False,70,['DOJI'],1,20,NEUTRAL,BEARISH,60,True,REJECTION,25,False,False,True,70,False,0,50,NONE,NONE,NONE,0,False,50,55,45,80,False,True,NEUTRAL,70,False,0.0,NONE,True,BULLISH,True,False,50,False,70,12.089671737389219,2.824620573355605,50.0,21,POOR,False,75,63,-0.1768866067347234,5,19.999999999999996,True,RANDOM,70,43.36730645392262,7.594941468125676,True,MOMENTUM_SHIFT,False,True,False,65,True,70,NONE,100,CHOPPY,LOW,NONE,100,0.0696,CHOPPY,20,50,30,WEAK,NONE,50,40,60,LOW,58,40,60,-0.54,False,65,0.708295843080799,100.0,RANGING,90,False,NONE,1.306315,1.308655,1.308335,FAR,30,50,85,UP,NONE,DOWN,33,NONE,DOWN,UP,True,"['M1', 'M5', 'M15']",33,33,BREAKOUT_EMERGING,BREAKOUT_EMERGING,51,70,True,28,"Volatility expansion after compression. Potential breakout opportunity. (breakout prob: 30%, reversal prob: 50%)",MEDIUM,PREPARE_TO_TRADE,5,1.0,0.5,False,False,True,False,0.3,0.3,True,False,False,18,True,,,,BREAKOUT_EMERGING,"Volatility expansion after compression. Potential breakout opportunity. (breakout prob: 30%, reversal prob: 50%)",LOW,NONE_OTC,0.085,[],True,,รอการวิเคราะห์จาก AI,33,70,MEDIUM,รอการวิเคราะห์จาก AI,รอการวิเคราะห์จาก AI,รอการวิเคราะห์จาก AI
2026-07-02 23:40:00,1.307255,1.307635,1.307185,1.307605,1.0,GBPUSD-OTC,BEARISH,1.307887,1.307764,1.307691,1.308798,1.310586,1.311055,BULLISH,1.308985,1.305249,0.003737,0.005512,55.85,51.91,-8.5e-05,-0.000282,0.000197,67.53,74.47,0.001125,11.2,-0.62,0.001138,0.001162,16.21,15.76,17.81,6.09,0.075,1.0,1.0,1.0,False,6.5e-05,0.000136,-6.2e-05,1.307898,1.308612,1.309098,1.307412,1.306698,21,3.47,1.306315,1.308845,NO_VOLUME_DATA,1.30759,1.307756,1.307886,1.307748,44.86,46.65,-8.4e-05,3.9e-05,16.25,18.31,0.000492,1.308884,1.30729,1.307475,1.307765,1.307315,1.0,1.0,1.307605,1.307635,1.307185,1.307255,NEW YORK,305097,STALE,1.307605,1.307635,1.307185,1.307255,NEW YORK,305097,STALE,NONE,BULLISH,BULLISH,WEAK,AT_PIVOT,HIGH_WICK,NEUTRAL,CHAOTIC,NONE,TESTING_PIVOT,NORMAL,51,13,-0.7675438596505257,50,NEUTRAL,False,70,[],0,0,NEUTRAL,BULLISH,40,False,NONE,0,False,False,False,60,False,0,50,NONE,NONE,NONE,0,False,50,55,45,80,False,True,NEUTRAL,70,False,0.0,NONE,True,BULLISH,True,False,50,False,70,13.822525597269294,7.19861231569827,55.00000000000001,25,POOR,False,75,61,-0.19029974407924136,5,9.999999999999998,True,RANDOM,70,33.781684083579464,17.26180121736657,True,MOMENTUM_SHIFT,False,True,False,65,True,70,DOWN,80,CHOPPY,LOW,DOWN,80,0.075,CHOPPY,65,30,65,WEAK,NONE,50,40,60,LOW,58,55,45,-0.62,False,65,0.6779753265602322,100.0,RANGING,90,False,NONE,1.306315,1.308612,1.307898,FAR,30,50,85,NONE,NONE,DOWN,33,DOWN,DOWN,NONE,False,"['M1', 'M5', 'M15']",33,33,SIDEWAY_RANGE,SIDEWAY_RANGE,55,60,True,27,Price ranging between clear levels. Suitable for mean-reversion strategies.,MEDIUM,WAIT,5,1.0,0.5,False,False,False,False,0.3,0.3,True,False,False,18,True,,,,SIDEWAY_RANGE,Price ranging between clear levels. Suitable for mean-reversion strategies.,LOW,NONE_OTC,0.086,[],True,,รอการวิเคราะห์จาก AI,33,60,MEDIUM,รอการวิเคราะห์จาก AI,รอการวิเคราะห์จาก AI,รอการวิเคราะห์จาก AI
2026-07-02 23:41:00,1.307255,1.307635,1.307185,1.307605,1.0,GBPUSD-OTC,BEARISH,1.307887,1.307764,1.307691,1.308798,1.310586,1.311055,BULLISH,1.308985,1.305249,0.003737,0.005512,55.85,51.91,-8.5e-05,-0.000282,0.000197,67.53,74.47,0.001125,11.2,-0.62,0.001138,0.001162,16.21,15.76,17.81,6.09,0.075,1.0,1.0,1.0,False,6.5e-05,0.000136,-6.2e-05,1.307898,1.308612,1.309098,1.307412,1.306698,21,3.47,1.306315,1.308845,NO_VOLUME_DATA,1.30759,1.307756,1.307886,1.307748,44.86,46.65,-8.4e-05,3.9e-05,16.25,18.31,0.000492,1.308884,1.30729,1.307475,1.307765,1.307315,1.0,1.0,1.307605,1.307635,1.307185,1.307255,NEW YORK,365018,STALE,1.307605,1.307635,1.307185,1.307255,NEW YORK,365018,STALE,NONE,BULLISH,BULLISH,WEAK,AT_PIVOT,HIGH_WICK,NEUTRAL,CHAOTIC,NONE,TESTING_PIVOT,NORMAL,51,13,-0.7675438596505257,50,NEUTRAL,False,70,[],0,0,NEUTRAL,BULLISH,40,False,NONE,0,False,False,False,60,False,0,50,NONE,NONE,NONE,0,False,50,55,45,80,False,True,NEUTRAL,70,False,0.0,NONE,True,BULLISH,True,False,50,False,70,13.822525597269294,7.19861231569827,55.00000000000001,25,POOR,False,75,61,-0.19029974407924136,5,9.999999999999998,True,RANDOM,70,33.781684083579464,17.26180121736657,True,MOMENTUM_SHIFT,False,True,False,65,True,70,DOWN,80,CHOPPY,LOW,DOWN,80,0.075,CHOPPY,65,30,65,WEAK,NONE,50,40,60,LOW,58,55,45,-0.62,False,65,0.6779753265602322,100.0,RANGING,90,False,NONE,1.306315,1.308612,1.307898,FAR,30,50,85,NONE,NONE,DOWN,33,DOWN,DOWN,NONE,False,"['M1', 'M5', 'M15']",33,33,SIDEWAY_RANGE,SIDEWAY_RANGE,55,60,True,27,Price ranging between clear levels. Suitable for mean-reversion strategies.,MEDIUM,WAIT,5,1.0,0.5,False,False,False,False,0.3,0.3,True,False,False,18,True,,,,SIDEWAY_RANGE,Price ranging between clear levels. Suitable for mean-reversion strategies.,LOW,NONE_OTC,0.086,[],True,,รอการวิเคราะห์จาก AI,33,60,MEDIUM,รอการวิเคราะห์จาก AI,รอการวิเคราะห์จาก AI,รอการวิเคราะห์จาก AI
2026-07-02 23:42:00,1.307255,1.307635,1.307185,1.307605,1.0,GBPUSD-OTC,BEARISH,1.307887,1.307764,1.307691,1.308798,1.310586,1.311055,BULLISH,1.308985,1.305249,0.003737,0.005512,55.85,51.91,-8.5e-05,-0.000282,0.000197,67.53,74.47,0.001125,11.2,-0.62,0.001138,0.001162,16.21,15.76,17.81,6.09,0.075,1.0,1.0,1.0,False,6.5e-05,0.000136,-6.2e-05,1.307898,1.308612,1.309098,1.307412,1.306698,21,3.47,1.306315,1.308845,NO_VOLUME_DATA,1.30759,1.307756,1.307886,1.307747,44.86,46.65,-8.4e-05,3.9e-05,16.25,18.31,0.000492,1.308884,1.30729,1.307475,1.307765,1.307315,1.0,1.0,1.307605,1.307635,1.307185,1.307255,NEW YORK,424628,STALE,1.307605,1.307635,1.307185,1.307255,NEW YORK,424628,STALE,NONE,BULLISH,BULLISH,WEAK,AT_PIVOT,HIGH_WICK,NEUTRAL,CHAOTIC,NONE,TESTING_PIVOT,NORMAL,51,13,-0.7675438596505257,50,NEUTRAL,False,70,[],0,0,NEUTRAL,BULLISH,40,False,NONE,0,False,False,False,60,False,0,50,NONE,NONE,NONE,0,False,50,55,45,80,False,True,NEUTRAL,70,False,0.0,NONE,True,BULLISH,True,False,50,False,70,13.822525597269294,7.19861231569827,55.00000000000001,25,POOR,False,75,61,-0.19029974407924136,5,9.999999999999998,True,RANDOM,70,33.781684083579464,17.26180121736657,True,MOMENTUM_SHIFT,False,True,False,65,True,70,DOWN,80,CHOPPY,LOW,DOWN,80,0.075,CHOPPY,65,30,65,WEAK,NONE,50,40,60,LOW,58,55,45,-0.62,False,65,0.6779753265602322,100.0,RANGING,90,False,NONE,1.306315,1.308612,1.307898,FAR,30,50,85,NONE,NONE,DOWN,33,DOWN,DOWN,NONE,False,"['M1', 'M5', 'M15']",33,33,SIDEWAY_RANGE,SIDEWAY_RANGE,55,60,True,27,Price ranging between clear levels. Suitable for mean-reversion strategies.,MEDIUM,WAIT,5,1.0,0.5,False,False,False,False,0.3,0.3,True,False,False,18,True,,,,SIDEWAY_RANGE,Price ranging between clear levels. Suitable for mean-reversion strategies.,LOW,NONE_OTC,0.086,[],True,,รอการวิเคราะห์จาก AI,33,60,MEDIUM,รอการวิเคราะห์จาก AI,รอการวิเคราะห์จาก AI,รอการวิเคราะห์จาก AI
2026-07-02 23:43:00,1.307255,1.307635,1.307185,1.307605,1.0,GBPUSD-OTC,BEARISH,1.307887,1.307764,1.307691,1.308798,1.310586,1.311055,BULLISH,1.308985,1.305249,0.003737,0.005512,55.85,51.91,-8.5e-05,-0.000282,0.000197,67.53,74.47,0.001125,11.2,-0.62,0.001138,0.001162,16.21,15.76,17.81,6.09,0.075,1.0,1.0,1.0,False,6.5e-05,0.000136,-6.2e-05,1.307898,1.308612,1.309098,1.307412,1.306698,21,3.47,1.306315,1.308845,NO_VOLUME_DATA,1.30759,1.307756,1.307886,1.307747,44.86,46.65,-8.4e-05,3.9e-05,16.25,18.31,0.000492,1.308884,1.30729,1.307475,1.307765,1.307315,1.0,1.0,1.307605,1.307635,1.307185,1.307255,NEW YORK,484622,STALE,1.307605,1.307635,1.307185,1.307255,NEW YORK,484622,STALE,NONE,BULLISH,BULLISH,WEAK,AT_PIVOT,HIGH_WICK,NEUTRAL,CHAOTIC,NONE,TESTING_PIVOT,NORMAL,51,13,-0.7675438596505257,50,NEUTRAL,False,70,[],0,0,NEUTRAL,BULLISH,40,False,NONE,0,False,False,False,60,False,0,50,NONE,NONE,NONE,0,False,50,55,45,80,False,True,NEUTRAL,70,False,0.0,NONE,True,BULLISH,True,False,50,False,70,13.822525597269294,7.19861231569827,55.00000000000001,25,POOR,False,75,61,-0.19029974407924136,5,9.999999999999998,True,RANDOM,70,33.781684083579464,17.26180121736657,True,MOMENTUM_SHIFT,False,True,False,65,True,70,DOWN,80,CHOPPY,LOW,DOWN,80,0.075,CHOPPY,65,30,65,WEAK,NONE,50,40,60,LOW,58,55,45,-0.62,False,65,0.6779753265602322,100.0,RANGING,90,False,NONE,1.306315,1.308612,1.307898,FAR,30,50,85,NONE,NONE,DOWN,33,DOWN,DOWN,NONE,False,"['M1', 'M5', 'M15']",33,33,SIDEWAY_RANGE,SIDEWAY_RANGE,55,60,True,27,Price ranging between clear levels. Suitable for mean-reversion strategies.,MEDIUM,WAIT,5,1.0,0.5,False,False,False,False,0.3,0.3,True,False,False,18,True,,,,SIDEWAY_RANGE,Price ranging between clear levels. Suitable for mean-reversion strategies.,LOW,NONE_OTC,0.086,[],True,,รอการวิเคราะห์จาก AI,33,60,MEDIUM,รอการวิเคราะห์จาก AI,รอการวิเคราะห์จาก AI,รอการวิเคราะห์จาก AI
2026-07-02 23:44:00,1.307255,1.307635,1.307185,1.307605,1.0,GBPUSD-OTC,BEARISH,1.307887,1.307764,1.307691,1.308798,1.310586,1.311055,BULLISH,1.308985,1.305249,0.003737,0.005512,55.85,51.91,-8.5e-05,-0.000282,0.000197,67.53,74.47,0.001125,11.2,-0.62,0.001138,0.001162,16.21,15.76,17.81,6.09,0.075,1.0,1.0,1.0,False,6.5e-05,0.000136,-6.2e-05,1.307898,1.308612,1.309098,1.307412,1.306698,21,3.47,1.306315,1.308845,NO_VOLUME_DATA,1.30759,1.307756,1.307886,1.307747,44.86,46.65,-8.4e-05,3.9e-05,16.25,18.31,0.000492,1.308884,1.30729,1.307475,1.307765,1.307315,1.0,1.0,1.307605,1.307635,1.307185,1.307255,NEW YORK,544344,STALE,1.307605,1.307635,1.307185,1.307255,NEW YORK,544344,STALE,NONE,BULLISH,BULLISH,WEAK,AT_PIVOT,HIGH_WICK,NEUTRAL,CHAOTIC,NONE,TESTING_PIVOT,NORMAL,51,13,-0.7675438596505257,50,NEUTRAL,False,70,[],0,0,NEUTRAL,BULLISH,40,False,NONE,0,False,False,False,60,False,0,50,NONE,NONE,NONE,0,False,50,55,45,80,False,True,NEUTRAL,70,False,0.0,NONE,True,BULLISH,True,False,50,False,70,13.822525597269294,7.19861231569827,55.00000000000001,25,POOR,False,75,61,-0.19029974407924136,5,9.999999999999998,True,RANDOM,70,33.781684083579464,17.26180121736657,True,MOMENTUM_SHIFT,False,True,False,65,True,70,DOWN,80,CHOPPY,LOW,DOWN,80,0.075,CHOPPY,65,30,65,WEAK,NONE,50,40,60,LOW,58,55,45,-0.62,False,65,0.6779753265602322,100.0,RANGING,90,False,NONE,1.306315,1.308612,1.307898,FAR,30,50,85,NONE,NONE,DOWN,33,DOWN,DOWN,NONE,False,"['M1', 'M5', 'M15']",33,33,SIDEWAY_RANGE,SIDEWAY_RANGE,55,60,True,27,Price ranging between clear levels. Suitable for mean-reversion strategies.,MEDIUM,WAIT,5,1.0,0.5,False,False,False,False,0.3,0.3,True,False,False,18,True,,,,SIDEWAY_RANGE,Price ranging between clear levels. Suitable for mean-reversion strategies.,LOW,NONE_OTC,0.086,[],True,,รอการวิเคราะห์จาก AI,33,60,MEDIUM,รอการวิเคราะห์จาก AI,รอการวิเคราะห์จาก AI,รอการวิเคราะห์จาก AI
2026-07-02 23:45:00,1.308135,1.308265,1.308025,1.308165,1.0,GBPUSD-OTC,BEARISH,1.308367,1.308048,1.307846,1.308818,1.310567,1.311104,BULLISH,1.309333,1.305187,0.004147,0.005495,66.86,58.43,4.9e-05,-0.000216,0.000265,74.4,71.74,0.00116,24.4,-0.55,0.001141,0.001163,16.04,21.16,16.04,13.76,0.1093,1.0,1.0,1.0,False,0.000102,0.000158,-5.4e-05,1.308915,1.309925,1.310525,1.308315,1.307305,23,3.94,1.307095,1.308845,NO_VOLUME_DATA,1.308028,1.30796,1.307958,1.307805,56.46,53.05,1.3e-05,1e-06,65.8,62.57,0.000476,1.308657,1.307319,1.308152,1.308278,1.308038,1.0,1.0,1.308165,1.308265,1.308025,1.308135,NEW YORK,305449,STALE,1.308165,1.308265,1.308025,1.308135,NEW YORK,305449,STALE,NONE,BULLISH,BULLISH,WEAK,NONE,LOW_WICK,BULLISH,NOISY,NONE,NONE,NORMAL,52,13,3.618248557943767,50,NEUTRAL,False,70,[],0,0,NEUTRAL,BULLISH,40,False,NONE,0,False,False,False,60,False,0,50,NONE,NONE,NONE,0,False,50,55,45,80,False,True,NEUTRAL,70,False,0.0,NONE,True,BULLISH,True,False,50,False,70,22.20496894410003,16.865417376490832,60.0,33,POOR,False,75,60,-0.14809066627697326,5,0.0,False,RANDOM,70,40.760470389568205,11.56575260073235,True,MOMENTUM_SHIFT,False,True,False,65,True,70,NONE,100,CHOPPY,LOW,NONE,100,0.1093,CHOPPY,20,50,30,WEAK,NONE,50,30,60,LOW,58,55,45,-0.55,False,65,0.7546860782529572,96.48,RANGING,90,False,NONE,1.307095,1.308845,1.308915,FAR,30,50,85,UP,NONE,DOWN,33,NONE,DOWN,UP,True,"['M1', 'M5', 'M15']",33,33,SIDEWAY_RANGE,SIDEWAY_RANGE,63,51,False,10,Price ranging between clear levels. Suitable for mean-reversion strategies.,HIGH,WAIT,5,1.0,0.8,False,False,True,False,0.3,0.3,True,False,False,18,True,,,,SIDEWAY_RANGE,Price ranging between clear levels. Suitable for mean-reversion strategies.,LOW,NONE_OTC,0.089,[],False,,รอการวิเคราะห์จาก AI,33,51,HIGH,รอการวิเคราะห์จาก AI,รอการวิเคราะห์จาก AI,รอการวิเคราะห์จาก AI
2026-07-02 23:46:00,1.308135,1.308265,1.308025,1.308165,1.0,GBPUSD-OTC,BEARISH,1.308367,1.308048,1.307846,1.308818,1.310567,1.311104,BULLISH,1.309333,1.305187,0.004147,0.005495,66.86,58.43,4.9e-05,-0.000216,0.000265,74.4,71.74,0.00116,24.4,-0.55,0.001141,0.001163,16.04,21.16,16.04,13.76,0.1093,1.0,1.0,1.0,False,0.000102,0.000158,-5.4e-05,1.308915,1.309925,1.310525,1.308315,1.307305,23,3.94,1.307095,1.308845,NO_VOLUME_DATA,1.308028,1.30796,1.307958,1.307805,56.46,53.05,1.3e-05,1e-06,65.8,62.57,0.000476,1.308657,1.307319,1.308152,1.308278,1.308038,1.0,1.0,1.308165,1.308265,1.308025,1.308135,NEW YORK,360703,STALE,1.308165,1.308265,1.308025,1.308135,NEW YORK,360703,STALE,NONE,BULLISH,BULLISH,WEAK,NONE,LOW_WICK,BULLISH,NOISY,NONE,NONE,NORMAL,52,13,3.618248557943767,50,NEUTRAL,False,70,[],0,0,NEUTRAL,BULLISH,40,False,NONE,0,False,False,False,60,False,0,50,NONE,NONE,NONE,0,False,50,55,45,80,False,True,NEUTRAL,70,False,0.0,NONE,True,BULLISH,True,False,50,False,70,22.20496894410003,16.865417376490832,60.0,33,POOR,False,75,60,-0.14809066627697326,5,0.0,False,RANDOM,70,40.760470389568205,11.56575260073235,True,MOMENTUM_SHIFT,False,True,False,65,True,70,NONE,100,CHOPPY,LOW,NONE,100,0.1093,CHOPPY,20,50,30,WEAK,NONE,50,30,60,LOW,58,55,45,-0.55,False,65,0.7546860782529572,96.48,RANGING,90,False,NONE,1.307095,1.308845,1.308915,FAR,30,50,85,UP,NONE,DOWN,33,NONE,DOWN,UP,True,"['M1', 'M5', 'M15']",33,33,SIDEWAY_RANGE,SIDEWAY_RANGE,63,51,False,10,Price ranging between clear levels. Suitable for mean-reversion strategies.,HIGH,WAIT,5,1.0,0.8,False,False,True,False,0.3,0.3,True,False,False,18,True,,,,SIDEWAY_RANGE,Price ranging between clear levels. Suitable for mean-reversion strategies.,LOW,NONE_OTC,0.089,[],False,,รอการวิเคราะห์จาก AI,33,51,HIGH,รอการวิเคราะห์จาก AI,รอการวิเคราะห์จาก AI,รอการวิเคราะห์จาก AI
2026-07-02 23:47:00,1.308135,1.308265,1.308025,1.308165,1.0,GBPUSD-OTC,BEARISH,1.308367,1.308048,1.307846,1.308818,1.310567,1.311104,BULLISH,1.309333,1.305187,0.004147,0.005495,66.86,58.43,4.9e-05,-0.000216,0.000265,74.4,71.74,0.00116,24.4,-0.55,0.001141,0.001163,16.04,21.16,16.04,13.76,0.1093,1.0,1.0,1.0,False,0.000102,0.000158,-5.4e-05,1.308915,1.309925,1.310525,1.308315,1.307305,23,3.94,1.307095,1.308845,NO_VOLUME_DATA,1.308028,1.30796,1.307958,1.307805,56.46,53.05,1.3e-05,1e-06,65.8,62.57,0.000476,1.308657,1.307319,1.308152,1.308278,1.308038,1.0,1.0,1.308165,1.308265,1.308025,1.308135,NEW YORK,423913,STALE,1.308165,1.308265,1.308025,1.308135,NEW YORK,423913,STALE,NONE,BULLISH,BULLISH,WEAK,NONE,LOW_WICK,BULLISH,NOISY,NONE,NONE,NORMAL,52,13,3.618248557943767,50,NEUTRAL,False,70,[],0,0,NEUTRAL,BULLISH,40,False,NONE,0,False,False,False,60,False,0,50,NONE,NONE,NONE,0,False,50,55,45,80,False,True,NEUTRAL,70,False,0.0,NONE,True,BULLISH,True,False,50,False,70,22.20496894410003,16.865417376490832,60.0,33,POOR,False,75,60,-0.14809066627697326,5,0.0,False,RANDOM,70,40.760470389568205,11.56575260073235,True,MOMENTUM_SHIFT,False,True,False,65,True,70,NONE,100,CHOPPY,LOW,NONE,100,0.1093,CHOPPY,20,50,30,WEAK,NONE,50,30,60,LOW,58,55,45,-0.55,False,65,0.7546860782529572,96.48,RANGING,90,False,NONE,1.307095,1.308845,1.308915,FAR,30,50,85,UP,NONE,DOWN,33,NONE,DOWN,UP,True,"['M1', 'M5', 'M15']",33,33,SIDEWAY_RANGE,SIDEWAY_RANGE,63,51,False,10,Price ranging between clear levels. Suitable for mean-reversion strategies.,HIGH,WAIT,5,1.0,0.8,False,False,True,False,0.3,0.3,True,False,False,18,True,,,,SIDEWAY_RANGE,Price ranging between clear levels. Suitable for mean-reversion strategies.,LOW,NONE_OTC,0.089,[],False,,รอการวิเคราะห์จาก AI,33,51,HIGH,รอการวิเคราะห์จาก AI,รอการวิเคราะห์จาก AI,รอการวิเคราะห์จาก AI
2026-07-02 23:48:00,1.308135,1.308265,1.308025,1.308165,1.0,GBPUSD-OTC,BEARISH,1.308367,1.308048,1.307846,1.308818,1.310567,1.311104,BULLISH,1.309333,1.305187,0.004147,0.005495,66.86,58.43,4.9e-05,-0.000216,0.000265,74.4,71.74,0.00116,24.4,-0.55,0.001141,0.001163,16.04,21.16,16.04,13.76,0.1093,1.0,1.0,1.0,False,0.000102,0.000158,-5.4e-05,1.308915,1.309925,1.310525,1.308315,1.307305,23,3.94,1.307095,1.308845,NO_VOLUME_DATA,1.308028,1.30796,1.307958,1.307805,56.46,53.05,1.3e-05,1e-06,65.8,62.57,0.000476,1.308657,1.307319,1.308152,1.308278,1.308038,1.0,1.0,1.308165,1.308265,1.308025,1.308135,NEW YORK,484687,STALE,1.308165,1.308265,1.308025,1.308135,NEW YORK,484687,STALE,NONE,BULLISH,BULLISH,WEAK,NONE,LOW_WICK,BULLISH,NOISY,NONE,NONE,NORMAL,52,13,3.618248557943767,50,NEUTRAL,False,70,[],0,0,NEUTRAL,BULLISH,40,False,NONE,0,False,False,False,60,False,0,50,NONE,NONE,NONE,0,False,50,55,45,80,False,True,NEUTRAL,70,False,0.0,NONE,True,BULLISH,True,False,50,False,70,22.20496894410003,16.865417376490832,60.0,33,POOR,False,75,60,-0.14809066627697326,5,0.0,False,RANDOM,70,40.760470389568205,11.56575260073235,True,MOMENTUM_SHIFT,False,True,False,65,True,70,NONE,100,CHOPPY,LOW,NONE,100,0.1093,CHOPPY,20,50,30,WEAK,NONE,50,30,60,LOW,58,55,45,-0.55,False,65,0.7546860782529572,96.48,RANGING,90,False,NONE,1.307095,1.308845,1.308915,FAR,30,50,85,UP,NONE,DOWN,33,NONE,DOWN,UP,True,"['M1', 'M5', 'M15']",33,33,SIDEWAY_RANGE,SIDEWAY_RANGE,63,51,False,10,Price ranging between clear levels. Suitable for mean-reversion strategies.,HIGH,WAIT,5,1.0,0.8,False,False,True,False,0.3,0.3,True,False,False,18,True,,,,SIDEWAY_RANGE,Price ranging between clear levels. Suitable for mean-reversion strategies.,LOW,NONE_OTC,0.089,[],False,,รอการวิเคราะห์จาก AI,33,51,HIGH,รอการวิเคราะห์จาก AI,รอการวิเคราะห์จาก AI,รอการวิเคราะห์จาก AI
2026-07-02 23:49:00,1.308135,1.308265,1.308025,1.308165,1.0,GBPUSD-OTC,BEARISH,1.308367,1.308048,1.307846,1.308818,1.310567,1.311104,BULLISH,1.309333,1.305187,0.004147,0.005495,66.86,58.43,4.9e-05,-0.000216,0.000265,74.4,71.74,0.00116,24.4,-0.55,0.001141,0.001163,16.04,21.16,16.04,13.76,0.1093,1.0,1.0,1.0,False,0.000102,0.000158,-5.4e-05,1.308915,1.309925,1.310525,1.308315,1.307305,23,3.94,1.307095,1.308845,NO_VOLUME_DATA,1.308028,1.30796,1.307958,1.307805,56.46,53.05,1.3e-05,1e-06,65.8,62.57,0.000476,1.308657,1.307319,1.308152,1.308278,1.308038,1.0,1.0,1.308165,1.308265,1.308025,1.308135,NEW YORK,544139,STALE,1.308165,1.308265,1.308025,1.308135,NEW YORK,544139,STALE,NONE,BULLISH,BULLISH,WEAK,NONE,LOW_WICK,BULLISH,NOISY,NONE,NONE,NORMAL,52,13,3.618248557943767,50,NEUTRAL,False,70,[],0,0,NEUTRAL,BULLISH,40,False,NONE,0,False,False,False,60,False,0,50,NONE,NONE,NONE,0,False,50,55,45,80,False,True,NEUTRAL,70,False,0.0,NONE,True,BULLISH,True,False,50,False,70,22.20496894410003,16.865417376490832,60.0,33,POOR,False,75,60,-0.14809066627697326,5,0.0,False,RANDOM,70,40.760470389568205,11.56575260073235,True,MOMENTUM_SHIFT,False,True,False,65,True,70,NONE,100,CHOPPY,LOW,NONE,100,0.1093,CHOPPY,20,50,30,WEAK,NONE,50,30,60,LOW,58,55,45,-0.55,False,65,0.7546860782529572,96.48,RANGING,90,False,NONE,1.307095,1.308845,1.308915,FAR,30,50,85,UP,NONE,DOWN,33,NONE,DOWN,UP,True,"['M1', 'M5', 'M15']",33,33,SIDEWAY_RANGE,SIDEWAY_RANGE,63,51,False,10,Price ranging between clear levels. Suitable for mean-reversion strategies.,HIGH,WAIT,5,1.0,0.8,False,False,True,False,0.3,0.3,True,False,False,18,True,,,,SIDEWAY_RANGE,Price ranging between clear levels. Suitable for mean-reversion strategies.,LOW,NONE_OTC,0.089,[],False,,รอการวิเคราะห์จาก AI,33,51,HIGH,รอการวิเคราะห์จาก AI,รอการวิเคราะห์จาก AI,รอการวิเคราะห์จาก AI
2026-07-02 23:50:00,1.309335,1.310015,1.309295,1.309795,1.0,GBPUSD-OTC,BEARISH,1.308686,1.30828,1.307987,1.308838,1.310537,1.311028,BULLISH,1.309526,1.30539,0.004136,0.005474,66.86,58.43,0.000154,-0.000142,0.000296,83.2,75.04,0.001153,36.14,-0.35,0.001144,0.00116,16.38,22.85,14.98,20.81,0.1698,1.0,1.0,1.0,False,0.000163,0.000157,-4.7e-05,1.309428,1.309912,1.310498,1.308842,1.308358,20,4.15,1.307095,1.308845,NO_VOLUME_DATA,1.309113,1.308698,1.308385,1.30802,80.04,68.24,0.000315,0.000125,90.52,89.2,0.000515,1.309409,1.30693,1.309702,1.310108,1.309388,1.0,1.0,1.309795,1.310015,1.309295,1.309335,NEW YORK,305398,STALE,1.309795,1.310015,1.309295,1.309335,NEW YORK,305398,STALE,DOJI,BEARISH,BEARISH,WEAK,AT_PIVOT,LOW_WICK,BULLISH,CHAOTIC,TRUE,TESTING_PIVOT,NORMAL,50,16,-1.4892443463859755,50,NEUTRAL,False,70,['DOJI'],1,20,NEUTRAL,BEARISH,60,True,REJECTION,25,False,False,True,70,False,0,50,NONE,NONE,NONE,0,False,50,55,45,80,False,True,NEUTRAL,70,False,0.0,NONE,False,NONE,False,False,0,False,60,33.61629881154433,12.94526498696813,60.0,35,POOR,False,75,61,-0.14947882789123862,5,10.000000000000009,True,RANDOM,70,43.16626471062823,8.996605377854703,True,MOMENTUM_SHIFT,False,True,False,65,True,70,NONE,100,CHOPPY,NORMAL,NONE,100,0.1698,CHOPPY,20,50,30,WEAK,NONE,50,30,60,NORMAL,58,55,45,-0.35,False,80,0.7555717939349653,87.088,RANGING,90,False,NONE,1.307095,1.308845,1.309428,FAR,30,50,85,UP,NONE,DOWN,33,NONE,DOWN,UP,True,"['M1', 'M5', 'M15']",33,33,SIDEWAY_RANGE,SIDEWAY_RANGE,63,60,True,27,Price ranging between clear levels. Suitable for mean-reversion strategies.,MEDIUM,WAIT,5,1.0,0.5,False,False,True,True,0.3,0.3,True,False,False,18,True,,,,SIDEWAY_RANGE,Price ranging between clear levels. Suitable for mean-reversion strategies.,NORMAL,NONE_OTC,0.088,[],True,,รอการวิเคราะห์จาก AI,33,60,MEDIUM,รอการวิเคราะห์จาก AI,รอการวิเคราะห์จาก AI,รอการวิเคราะห์จาก AI
2026-07-02 23:51:00,1.309335,1.310015,1.309295,1.309795,1.0,GBPUSD-OTC,BEARISH,1.308686,1.30828,1.307987,1.308838,1.310537,1.311028,BULLISH,1.309526,1.30539,0.004136,0.005474,66.86,58.43,0.000154,-0.000142,0.000296,83.2,75.04,0.001153,36.14,-0.35,0.001144,0.00116,16.38,22.85,14.98,20.81,0.1698,1.0,1.0,1.0,False,0.000163,0.000157,-4.7e-05,1.309428,1.309912,1.310498,1.308842,1.308358,20,4.15,1.307095,1.308845,NO_VOLUME_DATA,1.309113,1.308698,1.308385,1.30802,80.04,68.24,0.000315,0.000125,90.52,89.2,0.000515,1.309409,1.30693,1.309702,1.310108,1.309388,1.0,1.0,1.309795,1.310015,1.309295,1.309335,NEW YORK,363924,STALE,1.309795,1.310015,1.309295,1.309335,NEW YORK,363924,STALE,DOJI,BEARISH,BEARISH,WEAK,AT_PIVOT,LOW_WICK,BULLISH,CHAOTIC,TRUE,TESTING_PIVOT,NORMAL,50,16,-1.4892443463859755,50,NEUTRAL,False,70,['DOJI'],1,20,NEUTRAL,BEARISH,60,True,REJECTION,25,False,False,True,70,False,0,50,NONE,NONE,NONE,0,False,50,55,45,80,False,True,NEUTRAL,70,False,0.0,NONE,False,NONE,False,False,0,False,60,33.61629881154433,12.94526498696813,60.0,35,POOR,False,75,61,-0.14947882789123862,5,10.000000000000009,True,RANDOM,70,43.16626471062823,8.996605377854703,True,MOMENTUM_SHIFT,False,True,False,65,True,70,NONE,100,CHOPPY,NORMAL,NONE,100,0.1698,CHOPPY,20,50,30,WEAK,NONE,50,30,60,NORMAL,58,55,45,-0.35,False,80,0.7555717939349653,87.088,RANGING,90,False,NONE,1.307095,1.308845,1.309428,FAR,30,50,85,UP,NONE,DOWN,33,NONE,DOWN,UP,True,"['M1', 'M5', 'M15']",33,33,SIDEWAY_RANGE,SIDEWAY_RANGE,63,60,True,27,Price ranging between clear levels. Suitable for mean-reversion strategies.,MEDIUM,WAIT,5,1.0,0.5,False,False,True,True,0.3,0.3,True,False,False,18,True,,,,SIDEWAY_RANGE,Price ranging between clear levels. Suitable for mean-reversion strategies.,NORMAL,NONE_OTC,0.088,[],True,,รอการวิเคราะห์จาก AI,33,60,MEDIUM,รอการวิเคราะห์จาก AI,รอการวิเคราะห์จาก AI,รอการวิเคราะห์จาก AI
2026-07-02 23:52:00,1.309335,1.310015,1.309295,1.309795,1.0,GBPUSD-OTC,BEARISH,1.308686,1.30828,1.307987,1.308838,1.310537,1.311028,BULLISH,1.309526,1.30539,0.004136,0.005474,66.86,58.43,0.000154,-0.000142,0.000296,83.2,75.04,0.001153,36.14,-0.35,0.001144,0.00116,16.38,22.85,14.98,20.81,0.1698,1.0,1.0,1.0,False,0.000163,0.000157,-4.7e-05,1.309428,1.309912,1.310498,1.308842,1.308358,20,4.15,1.307095,1.308845,NO_VOLUME_DATA,1.309113,1.308698,1.308385,1.30802,80.04,68.24,0.000315,0.000125,90.52,89.2,0.000515,1.309409,1.30693,1.309702,1.310108,1.309388,1.0,1.0,1.309795,1.310015,1.309295,1.309335,NEW YORK,424730,STALE,1.309795,1.310015,1.309295,1.309335,NEW YORK,424730,STALE,DOJI,BEARISH,BEARISH,WEAK,AT_PIVOT,LOW_WICK,BULLISH,CHAOTIC,TRUE,TESTING_PIVOT,NORMAL,50,16,-1.4892443463859755,50,NEUTRAL,False,70,['DOJI'],1,20,NEUTRAL,BEARISH,60,True,REJECTION,25,False,False,True,70,False,0,50,NONE,NONE,NONE,0,False,50,55,45,80,False,True,NEUTRAL,70,False,0.0,NONE,False,NONE,False,False,0,False,60,33.61629881154433,12.94526498696813,60.0,35,POOR,False,75,61,-0.14947882789123862,5,10.000000000000009,True,RANDOM,70,43.16626471062823,8.996605377854703,True,MOMENTUM_SHIFT,False,True,False,65,True,70,NONE,100,CHOPPY,NORMAL,NONE,100,0.1698,CHOPPY,20,50,30,WEAK,NONE,50,30,60,NORMAL,58,55,45,-0.35,False,80,0.7555717939349653,87.088,RANGING,90,False,NONE,1.307095,1.308845,1.309428,FAR,30,50,85,UP,NONE,DOWN,33,NONE,DOWN,UP,True,"['M1', 'M5', 'M15']",33,33,SIDEWAY_RANGE,SIDEWAY_RANGE,63,60,True,27,Price ranging between clear levels. Suitable for mean-reversion strategies.,MEDIUM,WAIT,5,1.0,0.5,False,False,True,True,0.3,0.3,True,False,False,18,True,,,,SIDEWAY_RANGE,Price ranging between clear levels. Suitable for mean-reversion strategies.,NORMAL,NONE_OTC,0.088,[],True,,รอการวิเคราะห์จาก AI,33,60,MEDIUM,รอการวิเคราะห์จาก AI,รอการวิเคราะห์จาก AI,รอการวิเคราะห์จาก AI
2026-07-02 23:53:00,1.309335,1.310015,1.309295,1.309795,1.0,GBPUSD-OTC,BEARISH,1.308686,1.30828,1.307987,1.308838,1.310537,1.311028,BULLISH,1.309526,1.30539,0.004136,0.005474,66.86,58.43,0.000154,-0.000142,0.000296,83.2,75.04,0.001153,36.14,-0.35,0.001144,0.00116,16.38,22.85,14.98,20.81,0.1698,1.0,1.0,1.0,False,0.000163,0.000157,-4.7e-05,1.309428,1.309912,1.310498,1.308842,1.308358,20,4.15,1.307095,1.308845,NO_VOLUME_DATA,1.309113,1.308698,1.308385,1.30802,80.04,68.24,0.000315,0.000125,90.52,89.2,0.000515,1.309409,1.30693,1.309702,1.310108,1.309388,1.0,1.0,1.309795,1.310015,1.309295,1.309335,NEW YORK,484699,STALE,1.309795,1.310015,1.309295,1.309335,NEW YORK,484699,STALE,DOJI,BEARISH,BEARISH,WEAK,AT_PIVOT,LOW_WICK,BULLISH,CHAOTIC,TRUE,TESTING_PIVOT,NORMAL,50,16,-1.4892443463859755,50,NEUTRAL,False,70,['DOJI'],1,20,NEUTRAL,BEARISH,60,True,REJECTION,25,False,False,True,70,False,0,50,NONE,NONE,NONE,0,False,50,55,45,80,False,True,NEUTRAL,70,False,0.0,NONE,False,NONE,False,False,0,False,60,33.61629881154433,12.94526498696813,60.0,35,POOR,False,75,61,-0.14947882789123862,5,10.000000000000009,True,RANDOM,70,43.16626471062823,8.996605377854703,True,MOMENTUM_SHIFT,False,True,False,65,True,70,NONE,100,CHOPPY,NORMAL,NONE,100,0.1698,CHOPPY,20,50,30,WEAK,NONE,50,30,60,NORMAL,58,55,45,-0.35,False,80,0.7555717939349653,87.088,RANGING,90,False,NONE,1.307095,1.308845,1.309428,FAR,30,50,85,UP,NONE,DOWN,33,NONE,DOWN,UP,True,"['M1', 'M5', 'M15']",33,33,SIDEWAY_RANGE,SIDEWAY_RANGE,63,60,True,27,Price ranging between clear levels. Suitable for mean-reversion strategies.,MEDIUM,WAIT,5,1.0,0.5,False,False,True,True,0.3,0.3,True,False,False,18,True,,,,SIDEWAY_RANGE,Price ranging between clear levels. Suitable for mean-reversion strategies.,NORMAL,NONE_OTC,0.088,[],True,,รอการวิเคราะห์จาก AI,33,60,MEDIUM,รอการวิเคราะห์จาก AI,รอการวิเคราะห์จาก AI,รอการวิเคราะห์จาก AI
2026-07-02 23:54:00,1.309335,1.310015,1.309295,1.309795,1.0,GBPUSD-OTC,BEARISH,1.308686,1.30828,1.307987,1.308838,1.310537,1.311028,BULLISH,1.309526,1.30539,0.004136,0.005474,66.86,58.43,0.000154,-0.000142,0.000296,83.2,75.04,0.001153,36.14,-0.35,0.001144,0.00116,16.38,22.85,14.98,20.81,0.1698,1.0,1.0,1.0,False,0.000163,0.000157,-4.7e-05,1.309428,1.309912,1.310498,1.308842,1.308358,20,4.15,1.307095,1.308845,NO_VOLUME_DATA,1.309113,1.308698,1.308385,1.30802,80.04,68.24,0.000315,0.000125,90.52,89.2,0.000515,1.309409,1.30693,1.309702,1.310108,1.309388,1.0,1.0,1.309795,1.310015,1.309295,1.309335,NEW YORK,544164,STALE,1.309795,1.310015,1.309295,1.309335,NEW YORK,544164,STALE,DOJI,BEARISH,BEARISH,WEAK,AT_PIVOT,LOW_WICK,BULLISH,CHAOTIC,TRUE,TESTING_PIVOT,NORMAL,50,16,-1.4892443463859755,50,NEUTRAL,False,70,['DOJI'],1,20,NEUTRAL,BEARISH,60,True,REJECTION,25,False,False,True,70,False,0,50,NONE,NONE,NONE,0,False,50,55,45,80,False,True,NEUTRAL,70,False,0.0,NONE,False,NONE,False,False,0,False,60,33.61629881154433,12.94526498696813,60.0,35,POOR,False,75,61,-0.14947882789123862,5,10.000000000000009,True,RANDOM,70,43.16626471062823,8.996605377854703,True,MOMENTUM_SHIFT,False,True,False,65,True,70,NONE,100,CHOPPY,NORMAL,NONE,100,0.1698,CHOPPY,20,50,30,WEAK,NONE,50,30,60,NORMAL,58,55,45,-0.35,False,80,0.7555717939349653,87.088,RANGING,90,False,NONE,1.307095,1.308845,1.309428,FAR,30,50,85,UP,NONE,DOWN,33,NONE,DOWN,UP,True,"['M1', 'M5', 'M15']",33,33,SIDEWAY_RANGE,SIDEWAY_RANGE,63,60,True,27,Price ranging between clear levels. Suitable for mean-reversion strategies.,MEDIUM,WAIT,5,1.0,0.5,False,False,True,True,0.3,0.3,True,False,False,18,True,,,,SIDEWAY_RANGE,Price ranging between clear levels. Suitable for mean-reversion strategies.,NORMAL,NONE_OTC,0.088,[],True,,รอการวิเคราะห์จาก AI,33,60,MEDIUM,รอการวิเคราะห์จาก AI,รอการวิเคราะห์จาก AI,รอการวิเคราะห์จาก AI
2026-07-02 23:55:00,1.309305,1.309545,1.308745,1.308745,1.0,GBPUSD-OTC,BEARISH,1.308692,1.308357,1.308056,1.308833,1.3105,1.310987,BULLISH,1.309646,1.305506,0.00414,0.005447,56.89,54.04,0.000185,-7.6e-05,0.000261,80.0,79.2,0.001165,44.58,-0.3,0.001146,0.001158,15.72,21.0,18.18,7.21,0.0803,1.0,1.0,1.0,False,0.00012,0.000157,-4.2e-05,1.308825,1.309425,1.310145,1.308105,1.307505,21,4.11,1.307095,1.308845,NO_VOLUME_DATA,1.309129,1.309022,1.308725,1.308247,44.86,52.2,0.000356,0.0003,64.59,73.45,0.000511,1.310038,1.306885,1.309012,1.309278,1.308478,1.0,1.0,1.308745,1.309545,1.308745,1.309305,NEW YORK,305167,STALE,1.308745,1.309545,1.308745,1.309305,NEW YORK,305167,STALE,EVENING_STAR,BEARISH,BEARISH,WEAK,AT_PIVOT,HIGH_WICK,NEUTRAL,CHAOTIC,TRUE,TESTING_PIVOT,NORMAL,49,16,-1.5435501653795043,50,NEUTRAL,False,70,['EVENING_STAR'],1,20,BEARISH,BEARISH,60,True,BULL_TRAP,50,True,False,False,70,False,0,50,NONE,NONE,NONE,0,False,50,55,45,80,False,True,NEUTRAL,70,False,0.0,NONE,False,NONE,False,False,0,False,60,20.66549912434216,14.050303555940987,55.00000000000001,29,POOR,False,75,63,-0.1496383546080605,5,19.999999999999996,True,RANDOM,70,43.415842978784305,7.958543823031965,True,MOMENTUM_SHIFT,False,True,False,65,True,70,NONE,100,CHOPPY,NORMAL,NONE,100,0.0803,CHOPPY,20,50,30,WEAK,NONE,50,30,60,NORMAL,58,55,45,-0.3,False,80,0.7600514044428125,80.336,RANGING,90,False,NONE,1.307095,1.308845,1.308825,FAR,30,50,85,UP,NONE,DOWN,33,NONE,DOWN,UP,True,"['M1', 'M5', 'M15']",33,33,SIDEWAY_RANGE,SIDEWAY_RANGE,63,60,True,27,Price ranging between clear levels. Suitable for mean-reversion strategies.,MEDIUM,WAIT,5,1.0,0.5,False,False,True,False,0.3,0.3,True,False,False,18,True,,,,SIDEWAY_RANGE,Price ranging between clear levels. Suitable for mean-reversion strategies.,NORMAL,NONE_OTC,0.089,[],True,,รอการวิเคราะห์จาก AI,33,60,MEDIUM,รอการวิเคราะห์จาก AI,รอการวิเคราะห์จาก AI,รอการวิเคราะห์จาก AI
2026-07-02 23:56:00,1.309305,1.309545,1.308745,1.308745,1.0,GBPUSD-OTC,BEARISH,1.308692,1.308357,1.308056,1.308833,1.3105,1.310987,BULLISH,1.309646,1.305506,0.00414,0.005447,56.89,54.04,0.000185,-7.6e-05,0.000261,80.0,79.2,0.001165,44.58,-0.3,0.001146,0.001158,15.72,21.0,18.18,7.21,0.0803,1.0,1.0,1.0,False,0.00012,0.000157,-4.2e-05,1.308825,1.309425,1.310145,1.308105,1.307505,21,4.11,1.307095,1.308845,NO_VOLUME_DATA,1.309129,1.309022,1.308725,1.308247,44.86,52.2,0.000356,0.0003,64.59,73.45,0.000511,1.310038,1.306885,1.309012,1.309278,1.308478,1.0,1.0,1.308745,1.309545,1.308745,1.309305,NEW YORK,363847,STALE,1.308745,1.309545,1.308745,1.309305,NEW YORK,363847,STALE,EVENING_STAR,BEARISH,BEARISH,WEAK,AT_PIVOT,HIGH_WICK,NEUTRAL,CHAOTIC,TRUE,TESTING_PIVOT,NORMAL,49,16,-1.5435501653795043,50,NEUTRAL,False,70,['EVENING_STAR'],1,20,BEARISH,BEARISH,60,True,BULL_TRAP,50,True,False,False,70,False,0,50,NONE,NONE,NONE,0,False,50,55,45,80,False,True,NEUTRAL,70,False,0.0,NONE,False,NONE,False,False,0,False,60,20.66549912434216,14.050303555940987,55.00000000000001,29,POOR,False,75,63,-0.1496383546080605,5,19.999999999999996,True,RANDOM,70,43.415842978784305,7.958543823031965,True,MOMENTUM_SHIFT,False,True,False,65,True,70,NONE,100,CHOPPY,NORMAL,NONE,100,0.0803,CHOPPY,20,50,30,WEAK,NONE,50,30,60,NORMAL,58,55,45,-0.3,False,80,0.7600514044428125,80.336,RANGING,90,False,NONE,1.307095,1.308845,1.308825,FAR,30,50,85,UP,NONE,DOWN,33,NONE,DOWN,UP,True,"['M1', 'M5', 'M15']",33,33,SIDEWAY_RANGE,SIDEWAY_RANGE,63,60,True,27,Price ranging between clear levels. Suitable for mean-reversion strategies.,MEDIUM,WAIT,5,1.0,0.5,False,False,True,False,0.3,0.3,True,False,False,18,True,,,,SIDEWAY_RANGE,Price ranging between clear levels. Suitable for mean-reversion strategies.,NORMAL,NONE_OTC,0.089,[],True,,รอการวิเคราะห์จาก AI,33,60,MEDIUM,รอการวิเคราะห์จาก AI,รอการวิเคราะห์จาก AI,รอการวิเคราะห์จาก AI
2026-07-02 23:57:00,1.309305,1.309545,1.308745,1.308745,1.0,GBPUSD-OTC,BEARISH,1.308692,1.308357,1.308056,1.308833,1.3105,1.310987,BULLISH,1.309646,1.305506,0.00414,0.005447,56.89,54.04,0.000185,-7.6e-05,0.000261,80.0,79.2,0.001165,44.58,-0.3,0.001146,0.001158,15.72,21.0,18.18,7.21,0.0803,1.0,1.0,1.0,False,0.00012,0.000157,-4.2e-05,1.308825,1.309425,1.310145,1.308105,1.307505,21,4.11,1.307095,1.308845,NO_VOLUME_DATA,1.309129,1.309022,1.308725,1.308247,44.86,52.2,0.000356,0.0003,64.59,73.45,0.000511,1.310038,1.306885,1.309012,1.309278,1.308478,1.0,1.0,1.308745,1.309545,1.308745,1.309305,NEW YORK,424073,STALE,1.308745,1.309545,1.308745,1.309305,NEW YORK,424073,STALE,EVENING_STAR,BEARISH,BEARISH,WEAK,AT_PIVOT,HIGH_WICK,NEUTRAL,CHAOTIC,TRUE,TESTING_PIVOT,NORMAL,49,16,-1.5435501653795043,50,NEUTRAL,False,70,['EVENING_STAR'],1,20,BEARISH,BEARISH,60,True,BULL_TRAP,50,True,False,False,70,False,0,50,NONE,NONE,NONE,0,False,50,55,45,80,False,True,NEUTRAL,70,False,0.0,NONE,False,NONE,False,False,0,False,60,20.66549912434216,14.050303555940987,55.00000000000001,29,POOR,False,75,63,-0.1496383546080605,5,19.999999999999996,True,RANDOM,70,43.415842978784305,7.958543823031965,True,MOMENTUM_SHIFT,False,True,False,65,True,70,NONE,100,CHOPPY,NORMAL,NONE,100,0.0803,CHOPPY,20,50,30,WEAK,NONE,50,30,60,NORMAL,58,55,45,-0.3,False,80,0.7600514044428125,80.336,RANGING,90,False,NONE,1.307095,1.308845,1.308825,FAR,30,50,85,UP,NONE,DOWN,33,NONE,DOWN,UP,True,"['M1', 'M5', 'M15']",33,33,SIDEWAY_RANGE,SIDEWAY_RANGE,63,60,True,27,Price ranging between clear levels. Suitable for mean-reversion strategies.,MEDIUM,WAIT,5,1.0,0.5,False,False,True,False,0.3,0.3,True,False,False,18,True,,,,SIDEWAY_RANGE,Price ranging between clear levels. Suitable for mean-reversion strategies.,NORMAL,NONE_OTC,0.089,[],True,,รอการวิเคราะห์จาก AI,33,60,MEDIUM,รอการวิเคราะห์จาก AI,รอการวิเคราะห์จาก AI,รอการวิเคราะห์จาก AI
2026-07-02 23:58:00,1.309305,1.309545,1.308745,1.308745,1.0,GBPUSD-OTC,BEARISH,1.308692,1.308357,1.308056,1.308833,1.3105,1.310987,BULLISH,1.309646,1.305506,0.00414,0.005447,56.89,54.04,0.000185,-7.6e-05,0.000261,80.0,79.2,0.001165,44.58,-0.3,0.001146,0.001158,15.72,21.0,18.18,7.21,0.0803,1.0,1.0,1.0,False,0.00012,0.000157,-4.2e-05,1.308825,1.309425,1.310145,1.308105,1.307505,21,4.11,1.307095,1.308845,NO_VOLUME_DATA,1.309129,1.309022,1.308725,1.308247,44.86,52.2,0.000356,0.0003,64.59,73.45,0.000511,1.310038,1.306885,1.309012,1.309278,1.308478,1.0,1.0,1.308745,1.309545,1.308745,1.309305,NEW YORK,484929,STALE,1.308745,1.309545,1.308745,1.309305,NEW YORK,484929,STALE,EVENING_STAR,BEARISH,BEARISH,WEAK,AT_PIVOT,HIGH_WICK,NEUTRAL,CHAOTIC,TRUE,TESTING_PIVOT,NORMAL,49,16,-1.5435501653795043,50,NEUTRAL,False,70,['EVENING_STAR'],1,20,BEARISH,BEARISH,60,True,BULL_TRAP,50,True,False,False,70,False,0,50,NONE,NONE,NONE,0,False,50,55,45,80,False,True,NEUTRAL,70,False,0.0,NONE,False,NONE,False,False,0,False,60,20.66549912434216,14.050303555940987,55.00000000000001,29,POOR,False,75,63,-0.1496383546080605,5,19.999999999999996,True,RANDOM,70,43.415842978784305,7.958543823031965,True,MOMENTUM_SHIFT,False,True,False,65,True,70,NONE,100,CHOPPY,NORMAL,NONE,100,0.0803,CHOPPY,20,50,30,WEAK,NONE,50,30,60,NORMAL,58,55,45,-0.3,False,80,0.7600514044428125,80.336,RANGING,90,False,NONE,1.307095,1.308845,1.308825,FAR,30,50,85,UP,NONE,DOWN,33,NONE,DOWN,UP,True,"['M1', 'M5', 'M15']",33,33,SIDEWAY_RANGE,SIDEWAY_RANGE,63,60,True,27,Price ranging between clear levels. Suitable for mean-reversion strategies.,MEDIUM,WAIT,5,1.0,0.5,False,False,True,False,0.3,0.3,True,False,False,18,True,,,,SIDEWAY_RANGE,Price ranging between clear levels. Suitable for mean-reversion strategies.,NORMAL,NONE_OTC,0.089,[],True,,รอการวิเคราะห์จาก AI,33,60,MEDIUM,รอการวิเคราะห์จาก AI,รอการวิเคราะห์จาก AI,รอการวิเคราะห์จาก AI
