timestamp,open,high,low,close,volume,symbol,m15_bias,m5_ema5,m5_ema10,m5_ema20,m5_ema50,m5_ema100,m5_ema200,m5_bias,m5_bb_upper,m5_bb_lower,m5_bb_width,m5_bbw_sma_100,m5_rsi7,m5_rsi14,m5_macd,m5_macd_signal,m5_macd_hist,m5_stoch_k,m5_stoch_d,m5_atr14,m5_atr_percentile,m5_atr_zscore,m5_atr_recent_avg,m5_atr_past_avg,m5_adx,m5_di_plus,m5_di_minus,m5_dx,m5_roc,m5_volume,m5_volume_ma20,m5_volume_ratio,m5_volume_spike,m5_volume_trend,m5_slope_10,m5_slope_20,m5_slope_50,m5_support,m5_resistance,m5_pivot,m5_r1,m5_r2,m5_s1,m5_s2,m5_box_duration,m5_box_tightness,m1_ema5,m1_ema10,m1_ema20,m1_ema50,m1_rsi7,m1_rsi14,m1_macd,m1_macd_signal,m1_stoch_k,m1_stoch_d,m1_atr14,m1_support,m1_resistance,m1_bb_upper,m1_bb_lower,m1_pivot,m1_r1,m1_s1,m1_volume,m1_volume_ratio,meta_close,meta_high,meta_low,meta_open,meta_session,meta_data_age_ms,meta_data_quality,ohlcv_close,ohlcv_high,ohlcv_low,ohlcv_open,ohlcv_session,ohlcv_data_age_ms,ohlcv_data_quality,price_action_pattern,price_action_last_candle_bias,price_action_last_candle,price_action_body_strength,price_action_rejection_zone,price_action_wick_dominance,price_action_momentum_bias,price_action_move_quality,price_action_trap_alert,price_action_sr_interaction,behavior_conviction,behavior_hesitation,behavior_pressure_balance,behavior_participation,behavior_behavior,behavior_is_decisive,behavior_confidence,candle_pattern_patterns_detected,candle_pattern_pattern_count,candle_pattern_pattern_strength,candle_pattern_bias,candle_pattern_last_candle_color,candle_pattern_confidence,trap_detector_trap_detected,trap_detector_trap_type,trap_detector_trap_score,trap_detector_false_breakout,trap_detector_stop_hunt,trap_detector_rejection_wick,trap_detector_confidence,conflict_conflict_detected,conflict_conflict_score,conflict_agreement_score,conflict_ema_direction,conflict_momentum_direction,conflict_candle_direction,conflict_conflicting_signals,conflict_all_aligned,conflict_confidence,continuation_continuation_probability,continuation_reversal_probability,continuation_pullback_health,continuation_momentum_intact,continuation_volume_supports_move,continuation_bias,continuation_confidence,continuation_retest_detected,continuation_retest_quality,continuation_retest_type,divergence_divergence_detected,divergence_divergence_type,divergence_rsi_divergence,divergence_macd_divergence,divergence_divergence_strength,divergence_both_confirm,divergence_confidence,efficiency_efficiency_ratio,efficiency_path_efficiency,efficiency_directional_efficiency,efficiency_overall_efficiency,efficiency_movement_quality,efficiency_is_efficient,efficiency_confidence,persistence_persistence_score,persistence_autocorrelation,persistence_max_consecutive_run,persistence_trend_persistence,persistence_is_persistent,persistence_behavior,persistence_confidence,persistence_expansion_persistence,persistence_fatigue_risk,transition_in_transition,transition_transition_type,transition_volatility_shift,transition_momentum_shift,transition_structure_shift,transition_stability_score,transition_is_stable,transition_confidence,analysis_trend_direction,analysis_trend_strength,analysis_trend_type,analysis_volatility_regime,engines_trend_direction,engines_trend_strength,engines_trend_momentum,engines_trend_type,engines_trend_confidence,engines_trend_reversal_risk,engines_trend_sustain_probability,engines_strength_momentum_level,engines_strength_divergence,engines_strength_strength_score,engines_strength_exhaustion_risk,engines_strength_confidence,engines_volatility_regime,engines_volatility_volatility_score,engines_volatility_expansion_probability,engines_volatility_contraction_probability,engines_volatility_volatility_zscore,engines_volatility_spike_detected,engines_volatility_confidence,engines_volatility_bbw_compression_ratio,engines_volatility_compression_quality,engines_structure_structure_type,engines_structure_structure_score,engines_structure_bos_detected,engines_structure_bos_type,engines_structure_key_zones_strong_support,engines_structure_key_zones_strong_resistance,engines_structure_key_zones_middle,engines_structure_zone_proximity,engines_structure_breakout_probability,engines_structure_reversal_probability,engines_structure_confidence,engines_mtf_alignment_score,engines_mtf_dominant_direction,engines_mtf_htf_direction,engines_mtf_ltf_direction,engines_mtf_htf_ltf_conflict,engines_mtf_timeframes_analyzed,engines_mtf_confidence_from_mtf,engines_mtf_confidence,market_state,market_state_full_state,market_state_full_confidence,market_state_full_quality_score,market_state_full_tradeable,market_state_full_stability,market_state_full_description,market_state_full_metrics_volume_ratio,market_state_full_metrics_noise_level,market_state_full_metrics_rsi_extreme_bull,market_state_full_metrics_rsi_extreme_bear,market_state_full_metrics_price_above_ma20,market_state_full_metrics_price_above_ma50,market_state_full_metrics_wick_lower_ratio,market_state_full_metrics_wick_upper_ratio,market_state_full_metrics_compression_detected,market_state_full_metrics_divergence_detected,market_state_full_metrics_volume_surge,market_state_full_metrics_adaptive_adx_threshold,market_state_full_metrics_is_otc,signals_triggered,signals_count,signals_top_signal,market_context_state,market_context_description,market_context_volatility_regime,market_context_news_impact,market_context_expected_volatility_%,market_context_recent_ai_memory,decision_layer_tradeable,decision_layer_tradeable_reason,decision_layer_confidence_score,decision_layer_stability_score,decision_layer_quality_score,decision_layer_risk_level,decision_layer_suggested_expiry_minutes,decision_layer_suggested_action,decision_layer_final_reason_th
2026-06-27 15:18:00,1.349005,1.349185,1.348975,1.349085,1.0,GBPUSD-OTC,BULLISH,1.348744,1.348172,1.347097,1.344931,1.342911,1.339465,BULLISH,1.349807,1.344431,0.005376,0.005142,64.64,65.6,0.001435,0.001393,4.2e-05,89.37,86.51,0.001044,11.56,-1.43,0.001136,0.001294,38.29,26.13,9.73,45.73,0.1708,1,1.0,1.0,False,STABLE,0.000218,0.000209,0.000226,1.344135,1.349705,1.349302,1.349688,1.350092,1.348898,1.348512,24,5.34,1.349065,1.348892,1.348563,1.347879,50.86,63.03,0.000411,0.000356,74.65,79.52,0.000463,1.347285,1.349665,1.349744,1.347108,1.349082,1.349188,1.348978,1,1.0,1.349085,1.349185,1.348975,1.349005,LONDON,483217,LOW,1.349085,1.349185,1.348975,1.349005,LONDON,483217,LOW,BULLISH_ENGULFING,BULLISH,BULLISH,WEAK,AT_PIVOT,LOW_WICK,NEUTRAL,NOISY,NONE,TESTING_PIVOT,49,13,26.666666666666668,50,NEUTRAL,False,70,['BULLISH_ENGULFING'],1,20,BULLISH,BULLISH,60,False,NONE,0,False,False,False,60,False,0,100,UP,NONE,NONE,0,True,75,97,3,80,True,True,CONTINUATION,70,True,85.0,BULLISH,True,BEARISH,True,True,90,True,70,23.946037099496962,17.761452031115592,60.0,33,POOR,False,75,65,-0.14838941275838072,4,100.0,True,RANDOM,70,44.505546381530635,8.768016953158334,True,STRUCTURE_BREAK,False,False,True,70,True,70,UP,100,IMPULSIVE,LOW,UP,100,0.1708,IMPULSIVE,90,30,95,STRONG,NONE,70,30,80,LOW,58,55,45,-1.43,False,65,1.0455075845974329,75.44924154025672,RANGING,90,False,NONE,1.344135,1.349688,1.349302,FAR,30,50,85,50,NONE,NONE,NONE,False,[],0,0,SIDEWAY_RANGE,SIDEWAY_RANGE,52,51,False,14,Price ranging between clear levels. Suitable for mean-reversion strategies.,1.0,0.8,False,False,True,True,0.3,0.3,True,False,False,18,True,[],0,NO,SIDEWAY_RANGE,Price ranging between clear levels. Suitable for mean-reversion strategies.,LOW,LOW,0.077,[],False,Passed basic checks,0,50,50,MEDIUM,5,WAIT,รอการวิเคราะห์จาก AI
2026-06-27 15:19:00,1.349005,1.349185,1.348975,1.349085,1.0,GBPUSD-OTC,BULLISH,1.348744,1.348172,1.347097,1.344931,1.342911,1.339465,BULLISH,1.349807,1.344431,0.005376,0.005142,64.64,65.6,0.001435,0.001393,4.2e-05,89.37,86.51,0.001044,11.56,-1.43,0.001136,0.001294,38.29,26.13,9.73,45.73,0.1708,1,1.0,1.0,False,STABLE,0.000218,0.000209,0.000226,1.344135,1.349705,1.349302,1.349688,1.350092,1.348898,1.348512,24,5.34,1.349065,1.348892,1.348563,1.347879,50.86,63.03,0.000411,0.000356,74.65,79.52,0.000463,1.347285,1.349665,1.349744,1.347108,1.349082,1.349188,1.348978,1,1.0,1.349085,1.349185,1.348975,1.349005,LONDON,542576,LOW,1.349085,1.349185,1.348975,1.349005,LONDON,542576,LOW,BULLISH_ENGULFING,BULLISH,BULLISH,WEAK,AT_PIVOT,LOW_WICK,NEUTRAL,NOISY,NONE,TESTING_PIVOT,49,13,26.666666666666668,50,NEUTRAL,False,70,['BULLISH_ENGULFING'],1,20,BULLISH,BULLISH,60,False,NONE,0,False,False,False,60,False,0,100,UP,NONE,NONE,0,True,75,97,3,80,True,True,CONTINUATION,70,True,85.0,BULLISH,True,BEARISH,True,True,90,True,70,23.946037099496962,17.761452031115592,60.0,33,POOR,False,75,65,-0.14838941275838072,4,100.0,True,RANDOM,70,44.505546381530635,8.768016953158334,True,STRUCTURE_BREAK,False,False,True,70,True,70,UP,100,IMPULSIVE,LOW,UP,100,0.1708,IMPULSIVE,90,30,95,STRONG,NONE,70,30,80,LOW,58,55,45,-1.43,False,65,1.0455075845974329,75.44924154025672,RANGING,90,False,NONE,1.344135,1.349688,1.349302,FAR,30,50,85,50,NONE,NONE,NONE,False,[],0,0,ACCUMULATION,ACCUMULATION,52,56,False,14,"Smart money accumulation. Bullish bias, look for breakout.",1.0,0.8,False,False,True,True,0.3,0.3,True,False,False,18,True,[],0,NO,ACCUMULATION,"Smart money accumulation. Bullish bias, look for breakout.",LOW,LOW,0.077,[],False,Passed basic checks,0,50,50,MEDIUM,5,WAIT,รอการวิเคราะห์จาก AI
2026-06-27 15:20:00,1.349275,1.349355,1.348975,1.349085,1.0,GBPUSD-OTC,BULLISH,1.348828,1.348321,1.347278,1.345091,1.343039,1.339613,BULLISH,1.349959,1.344661,0.005298,0.005163,71.34,71.29,0.001412,0.001397,1.5e-05,83.46,85.99,0.001024,7.04,-1.46,0.001119,0.001286,37.88,24.53,12.49,32.54,0.1091,1,1.0,1.0,False,STABLE,0.000189,0.000205,0.000233,1.344135,1.349705,1.348912,1.349438,1.349882,1.348468,1.347942,25,5.44,1.349221,1.34913,1.348844,1.348133,51.14,64.21,0.000389,0.000393,76.03,83.06,0.000433,1.347285,1.349705,1.350118,1.34736,1.349138,1.349302,1.348922,1,1.0,1.349085,1.349355,1.348975,1.349275,LONDON,303076,LOW,1.349085,1.349355,1.348975,1.349275,LONDON,303076,LOW,HAMMER,BEARISH,BEARISH,WEAK,AT_PIVOT,HIGH_WICK,NEUTRAL,NORMAL,TRUE,TESTING_PIVOT,50,10,20.0,50,NEUTRAL,False,70,['HAMMER'],1,20,BULLISH,BEARISH,60,True,BULL_TRAP,75,True,False,True,70,False,0,100,UP,NONE,NONE,0,True,75,70,30,80,False,True,CONTINUATION,70,True,60.0,BULLISH,True,BEARISH,True,True,90,True,70,35.11029411764789,20.98434004474244,60.0,38,FAIR,False,75,65,-0.11200361353258052,4,100.0,True,RANDOM,70,46.45202378656696,6.281486931992473,True,STRUCTURE_BREAK,False,False,True,70,True,70,UP,100,IMPULSIVE,LOW,UP,100,0.1091,IMPULSIVE,85,30,85,STRONG,NONE,75,30,85,LOW,58,55,45,-1.46,False,65,1.0261475886112725,77.38524113887274,RANGING,90,False,NONE,1.344135,1.349438,1.348912,FAR,30,50,85,50,NONE,NONE,NONE,False,[],0,0,BREAKOUT_EMERGING,BREAKOUT_EMERGING,55,70,True,36,"Volatility expansion after compression. Potential breakout opportunity. (breakout prob: 30%, reversal prob: 50%)",1.0,0.5,False,False,True,True,0.3,0.3,True,False,False,18,True,[],0,NO,BREAKOUT_EMERGING,"Volatility expansion after compression. Potential breakout opportunity. (breakout prob: 30%, reversal prob: 50%)",LOW,LOW,0.076,[],True,Passed basic checks,0,50,50,MEDIUM,5,WAIT,รอการวิเคราะห์จาก AI
2026-06-27 15:22:00,1.349275,1.349355,1.348975,1.349085,1.0,GBPUSD-OTC,BULLISH,1.348828,1.348321,1.347278,1.345091,1.343039,1.339613,BULLISH,1.349959,1.344661,0.005298,0.005163,71.34,71.29,0.001412,0.001397,1.5e-05,83.46,85.99,0.001024,7.04,-1.46,0.001119,0.001286,37.88,24.53,12.49,32.54,0.1091,1,1.0,1.0,False,STABLE,0.000189,0.000205,0.000233,1.344135,1.349705,1.348912,1.349438,1.349882,1.348468,1.347942,25,5.44,1.349221,1.34913,1.348844,1.348133,51.14,64.21,0.000389,0.000393,76.03,83.06,0.000433,1.347285,1.349705,1.350118,1.34736,1.349138,1.349302,1.348922,1,1.0,1.349085,1.349355,1.348975,1.349275,LONDON,422844,LOW,1.349085,1.349355,1.348975,1.349275,LONDON,422844,LOW,HAMMER,BEARISH,BEARISH,WEAK,AT_PIVOT,HIGH_WICK,NEUTRAL,NORMAL,TRUE,TESTING_PIVOT,50,10,20.0,50,NEUTRAL,False,70,['HAMMER'],1,20,BULLISH,BEARISH,60,True,BULL_TRAP,75,True,False,True,70,False,0,100,UP,NONE,NONE,0,True,75,70,30,80,False,True,CONTINUATION,70,True,60.0,BULLISH,True,BEARISH,True,True,90,True,70,35.11029411764789,20.98434004474244,60.0,38,FAIR,False,75,65,-0.11200361353258052,4,100.0,True,RANDOM,70,46.45202378656696,6.281486931992473,True,STRUCTURE_BREAK,False,False,True,70,True,70,UP,100,IMPULSIVE,LOW,UP,100,0.1091,IMPULSIVE,85,30,85,STRONG,NONE,75,30,85,LOW,58,55,45,-1.46,False,65,1.0261475886112725,77.38524113887274,RANGING,90,False,NONE,1.344135,1.349438,1.348912,FAR,30,50,85,50,NONE,NONE,NONE,False,[],0,0,BREAKOUT_EMERGING,BREAKOUT_EMERGING,55,70,True,36,"Volatility expansion after compression. Potential breakout opportunity. (breakout prob: 30%, reversal prob: 50%)",1.0,0.5,False,False,True,True,0.3,0.3,True,False,False,18,True,[],0,NO,BREAKOUT_EMERGING,"Volatility expansion after compression. Potential breakout opportunity. (breakout prob: 30%, reversal prob: 50%)",LOW,LOW,0.076,[],True,Passed basic checks,0,50,50,MEDIUM,5,WAIT,รอการวิเคราะห์จาก AI
2026-06-27 15:23:00,1.349275,1.349355,1.348975,1.349085,1.0,GBPUSD-OTC,BULLISH,1.348828,1.348321,1.347278,1.345091,1.343039,1.339613,BULLISH,1.349959,1.344661,0.005298,0.005163,71.34,71.29,0.001412,0.001397,1.5e-05,83.46,85.99,0.001024,7.04,-1.46,0.001119,0.001286,37.88,24.53,12.49,32.54,0.1091,1,1.0,1.0,False,STABLE,0.000189,0.000205,0.000233,1.344135,1.349705,1.348912,1.349438,1.349882,1.348468,1.347942,25,5.44,1.349221,1.34913,1.348844,1.348133,51.14,64.21,0.000389,0.000393,76.03,83.06,0.000433,1.347285,1.349705,1.350118,1.34736,1.349138,1.349302,1.348922,1,1.0,1.349085,1.349355,1.348975,1.349275,LONDON,483165,LOW,1.349085,1.349355,1.348975,1.349275,LONDON,483165,LOW,HAMMER,BEARISH,BEARISH,WEAK,AT_PIVOT,HIGH_WICK,NEUTRAL,NORMAL,TRUE,TESTING_PIVOT,50,10,20.0,50,NEUTRAL,False,70,['HAMMER'],1,20,BULLISH,BEARISH,60,True,BULL_TRAP,75,True,False,True,70,False,0,100,UP,NONE,NONE,0,True,75,70,30,80,False,True,CONTINUATION,70,True,60.0,BULLISH,True,BEARISH,True,True,90,True,70,35.11029411764789,20.98434004474244,60.0,38,FAIR,False,75,65,-0.11200361353258052,4,100.0,True,RANDOM,70,46.45202378656696,6.281486931992473,True,STRUCTURE_BREAK,False,False,True,70,True,70,UP,100,IMPULSIVE,LOW,UP,100,0.1091,IMPULSIVE,85,30,85,STRONG,NONE,75,30,85,LOW,58,55,45,-1.46,False,65,1.0261475886112725,77.38524113887274,RANGING,90,False,NONE,1.344135,1.349438,1.348912,FAR,30,50,85,50,NONE,NONE,NONE,False,[],0,0,BREAKOUT_EMERGING,BREAKOUT_EMERGING,55,70,True,36,"Volatility expansion after compression. Potential breakout opportunity. (breakout prob: 30%, reversal prob: 50%)",1.0,0.5,False,False,True,True,0.3,0.3,True,False,False,18,True,[],0,NO,BREAKOUT_EMERGING,"Volatility expansion after compression. Potential breakout opportunity. (breakout prob: 30%, reversal prob: 50%)",LOW,LOW,0.076,[],True,Passed basic checks,0,50,50,MEDIUM,5,WAIT,รอการวิเคราะห์จาก AI
2026-06-27 15:24:00,1.349275,1.349355,1.348975,1.349085,1.0,GBPUSD-OTC,BULLISH,1.348828,1.348321,1.347278,1.345091,1.343039,1.339613,BULLISH,1.349959,1.344661,0.005298,0.005163,71.34,71.29,0.001412,0.001397,1.5e-05,83.46,85.99,0.001024,7.04,-1.46,0.001119,0.001286,37.88,24.53,12.49,32.54,0.1091,1,1.0,1.0,False,STABLE,0.000189,0.000205,0.000233,1.344135,1.349705,1.348912,1.349438,1.349882,1.348468,1.347942,25,5.44,1.349221,1.34913,1.348844,1.348133,51.14,64.21,0.000389,0.000393,76.03,83.06,0.000433,1.347285,1.349705,1.350118,1.34736,1.349138,1.349302,1.348922,1,1.0,1.349085,1.349355,1.348975,1.349275,LONDON,542483,LOW,1.349085,1.349355,1.348975,1.349275,LONDON,542483,LOW,HAMMER,BEARISH,BEARISH,WEAK,AT_PIVOT,HIGH_WICK,NEUTRAL,NORMAL,TRUE,TESTING_PIVOT,50,10,20.0,50,NEUTRAL,False,70,['HAMMER'],1,20,BULLISH,BEARISH,60,True,BULL_TRAP,75,True,False,True,70,False,0,100,UP,NONE,NONE,0,True,75,70,30,80,False,True,CONTINUATION,70,True,60.0,BULLISH,True,BEARISH,True,True,90,True,70,35.11029411764789,20.98434004474244,60.0,38,FAIR,False,75,65,-0.11200361353258052,4,100.0,True,RANDOM,70,46.45202378656696,6.281486931992473,True,STRUCTURE_BREAK,False,False,True,70,True,70,UP,100,IMPULSIVE,LOW,UP,100,0.1091,IMPULSIVE,85,30,85,STRONG,NONE,75,30,85,LOW,58,55,45,-1.46,False,65,1.0261475886112725,77.38524113887274,RANGING,90,False,NONE,1.344135,1.349438,1.348912,FAR,30,50,85,50,NONE,NONE,NONE,False,[],0,0,BREAKOUT_EMERGING,BREAKOUT_EMERGING,55,70,True,36,"Volatility expansion after compression. Potential breakout opportunity. (breakout prob: 30%, reversal prob: 50%)",1.0,0.5,False,False,True,True,0.3,0.3,True,False,False,18,True,[],0,NO,BREAKOUT_EMERGING,"Volatility expansion after compression. Potential breakout opportunity. (breakout prob: 30%, reversal prob: 50%)",LOW,LOW,0.076,[],True,Passed basic checks,0,50,50,MEDIUM,5,WAIT,รอการวิเคราะห์จาก AI
2026-06-27 15:25:00,1.349005,1.349085,1.348365,1.348415,1.0,GBPUSD-OTC,BULLISH,1.34911,1.348567,1.347506,1.345271,1.343187,1.339835,BULLISH,1.350026,1.345131,0.004895,0.005178,72.99,72.51,0.001432,0.001404,2.8e-05,89.08,87.3,0.001071,15.08,-1.13,0.001106,0.001279,37.76,24.52,11.46,36.29,0.1075,1,1.0,1.0,False,STABLE,0.000207,0.000192,0.000238,1.344215,1.349705,1.349238,1.350112,1.350548,1.348802,1.347928,20,5.13,1.348705,1.348818,1.348764,1.348225,22.7,35.04,0.000156,0.000276,21.45,19.37,0.000449,1.347455,1.349705,1.349653,1.348308,1.348622,1.348878,1.348158,1,1.0,1.348415,1.349085,1.348365,1.349005,LONDON,302835,LOW,1.348415,1.349085,1.348365,1.349005,LONDON,302835,LOW,NONE,BULLISH,BULLISH,WEAK,NONE,HIGH_WICK,BULLISH,NORMAL,NONE,NONE,48,10,20.0,50,NEUTRAL,False,70,[],0,0,NEUTRAL,BULLISH,40,False,NONE,0,False,False,False,60,False,0,100,UP,NONE,NONE,0,True,75,97,3,80,True,True,CONTINUATION,70,True,85.0,BULLISH,True,BEARISH,True,True,90,True,70,50.23386342376103,20.594762538837262,65.0,45,FAIR,False,75,65,-0.15075357498125969,4,100.0,True,RANDOM,70,42.650841569800605,10.530488049125514,True,STRUCTURE_BREAK,False,False,True,70,True,70,UP,100,IMPULSIVE,LOW,UP,100,0.1075,IMPULSIVE,85,30,85,STRONG,NONE,75,30,85,LOW,58,55,45,-1.13,False,65,0.9453456933178833,85.46543066821167,RANGING,90,False,NONE,1.344215,1.349705,1.349238,FAR,30,50,85,50,NONE,NONE,NONE,False,[],0,0,BREAKOUT_EMERGING,BREAKOUT_EMERGING,55,70,True,36,"Volatility expansion after compression. Potential breakout opportunity. (breakout prob: 30%, reversal prob: 50%)",1.0,0.5,False,False,True,True,0.3,0.3,True,False,False,18,True,[],0,NO,BREAKOUT_EMERGING,"Volatility expansion after compression. Potential breakout opportunity. (breakout prob: 30%, reversal prob: 50%)",LOW,LOW,0.079,[],True,Passed basic checks,0,50,50,MEDIUM,5,WAIT,รอการวิเคราะห์จาก AI
2026-06-27 15:26:00,1.349005,1.349085,1.348365,1.348415,1.0,GBPUSD-OTC,BULLISH,1.34911,1.348567,1.347506,1.345271,1.343187,1.339835,BULLISH,1.350026,1.345131,0.004895,0.005178,72.99,72.51,0.001432,0.001404,2.8e-05,89.08,87.3,0.001071,15.08,-1.13,0.001106,0.001279,37.76,24.52,11.46,36.29,0.1075,1,1.0,1.0,False,STABLE,0.000207,0.000192,0.000238,1.344215,1.349705,1.349238,1.350112,1.350548,1.348802,1.347928,20,5.13,1.348705,1.348818,1.348764,1.348226,22.7,35.04,0.000156,0.000276,21.45,19.37,0.000449,1.347455,1.349705,1.349653,1.348308,1.348622,1.348878,1.348158,1,1.0,1.348415,1.349085,1.348365,1.349005,LONDON,363155,LOW,1.348415,1.349085,1.348365,1.349005,LONDON,363155,LOW,NONE,BULLISH,BULLISH,WEAK,NONE,HIGH_WICK,BULLISH,NORMAL,NONE,NONE,48,10,20.0,50,NEUTRAL,False,70,[],0,0,NEUTRAL,BULLISH,40,False,NONE,0,False,False,False,60,False,0,100,UP,NONE,NONE,0,True,75,97,3,80,True,True,CONTINUATION,70,True,85.0,BULLISH,True,BEARISH,True,True,90,True,70,50.23386342376103,20.594762538837262,65.0,45,FAIR,False,75,65,-0.15075357498125969,4,100.0,True,RANDOM,70,42.650841569800605,10.530488049125514,True,STRUCTURE_BREAK,False,False,True,70,True,70,UP,100,IMPULSIVE,LOW,UP,100,0.1075,IMPULSIVE,85,30,85,STRONG,NONE,75,30,85,LOW,58,55,45,-1.13,False,65,0.9453456933178833,85.46543066821167,RANGING,90,False,NONE,1.344215,1.349705,1.349238,FAR,30,50,85,50,NONE,NONE,NONE,False,[],0,0,BREAKOUT_EMERGING,BREAKOUT_EMERGING,55,70,True,36,"Volatility expansion after compression. Potential breakout opportunity. (breakout prob: 30%, reversal prob: 50%)",1.0,0.5,False,False,True,True,0.3,0.3,True,False,False,18,True,[],0,NO,BREAKOUT_EMERGING,"Volatility expansion after compression. Potential breakout opportunity. (breakout prob: 30%, reversal prob: 50%)",LOW,LOW,0.079,[],True,Passed basic checks,0,50,50,MEDIUM,5,WAIT,รอการวิเคราะห์จาก AI
2026-06-27 15:27:00,1.349005,1.349085,1.348365,1.348415,1.0,GBPUSD-OTC,BULLISH,1.34911,1.348567,1.347506,1.345271,1.343187,1.339835,BULLISH,1.350026,1.345131,0.004895,0.005178,72.99,72.51,0.001432,0.001404,2.8e-05,89.08,87.3,0.001071,15.08,-1.13,0.001106,0.001279,37.76,24.52,11.46,36.29,0.1075,1,1.0,1.0,False,STABLE,0.000207,0.000192,0.000238,1.344215,1.349705,1.349238,1.350112,1.350548,1.348802,1.347928,20,5.13,1.348705,1.348818,1.348764,1.348226,22.7,35.04,0.000156,0.000276,21.45,19.37,0.000449,1.347455,1.349705,1.349653,1.348308,1.348622,1.348878,1.348158,1,1.0,1.348415,1.349085,1.348365,1.349005,LONDON,422463,LOW,1.348415,1.349085,1.348365,1.349005,LONDON,422463,LOW,NONE,BULLISH,BULLISH,WEAK,NONE,HIGH_WICK,BULLISH,NORMAL,NONE,NONE,48,10,20.0,50,NEUTRAL,False,70,[],0,0,NEUTRAL,BULLISH,40,False,NONE,0,False,False,False,60,False,0,100,UP,NONE,NONE,0,True,75,97,3,80,True,True,CONTINUATION,70,True,85.0,BULLISH,True,BEARISH,True,True,90,True,70,50.23386342376103,20.594762538837262,65.0,45,FAIR,False,75,65,-0.15075357498125969,4,100.0,True,RANDOM,70,42.650841569800605,10.530488049125514,True,STRUCTURE_BREAK,False,False,True,70,True,70,UP,100,IMPULSIVE,LOW,UP,100,0.1075,IMPULSIVE,85,30,85,STRONG,NONE,75,30,85,LOW,58,55,45,-1.13,False,65,0.9453456933178833,85.46543066821167,RANGING,90,False,NONE,1.344215,1.349705,1.349238,FAR,30,50,85,50,NONE,NONE,NONE,False,[],0,0,ACCUMULATION,ACCUMULATION,55,65,True,36,"Smart money accumulation. Bullish bias, look for breakout.",1.0,0.5,False,False,True,True,0.3,0.3,True,False,False,18,True,[],0,NO,ACCUMULATION,"Smart money accumulation. Bullish bias, look for breakout.",LOW,LOW,0.079,[],True,Passed basic checks,0,50,50,MEDIUM,5,WAIT,รอการวิเคราะห์จาก AI
2026-06-27 16:49:00,1.356635,1.357175,1.356475,1.356965,1.0,GBPUSD-OTC,BULLISH,1.355527,1.354212,1.352288,1.348838,1.345788,1.341911,BULLISH,1.357232,1.346221,0.011011,0.005457,82.31,80.15,0.002366,0.00196,0.000406,93.95,96.35,0.001374,93.47,1.36,0.001346,0.001115,45.52,37.47,7.32,67.33,0.4102,1,1.0,1.0,False,STABLE,0.000604,0.00043,0.000265,1.348215,1.357255,1.356475,1.356885,1.357585,1.355775,1.355365,20,6.58,1.356757,1.356317,1.35547,1.353642,80.56,84.72,0.001104,0.001021,88.68,90.78,0.000574,1.353575,1.357255,1.357751,1.35281,1.356872,1.357268,1.356568,1,1.0,1.356965,1.357175,1.356475,1.356635,LONDON,543347,LOW,1.356965,1.357175,1.356475,1.356635,LONDON,543347,LOW,NONE,BEARISH,BEARISH,WEAK,AT_PIVOT,HIGH_WICK,NEUTRAL,NORMAL,NONE,TESTING_PIVOT,45,16,20.0,50,NEUTRAL,False,70,[],0,0,NEUTRAL,BEARISH,40,False,NONE,0,False,False,False,60,False,0,100,UP,UP,UP,0,True,75,97,3,80,True,True,CONTINUATION,70,True,60.0,BULLISH,True,BEARISH,True,True,90,True,70,56.03864734299836,27.853525516166844,60.0,47,FAIR,False,75,75,-0.09416665257729757,5,100.0,True,RANDOM,70,57.70598075112409,4.32300618392078,True,MOMENTUM_SHIFT,False,True,True,35,False,70,UP,100,IMPULSIVE,EXTREME,UP,100,0.4102,IMPULSIVE,90,30,95,STRONG,NONE,80,55,90,EXTREME,88,40,60,1.36,False,40,2.0177753344328386,0.0,RANGING,90,False,NONE,1.348215,1.356885,1.356475,FAR,30,50,85,50,NONE,NONE,NONE,False,[],0,0,TRENDING_STRONG,TRENDING_STRONG,51,75,True,35,Strong directional trend with high momentum. Favorable for trend-following strategies.,1.0,0.5,True,False,True,True,0.3,0.3,True,False,False,22,True,[],0,NO,TRENDING_STRONG,Strong directional trend with high momentum. Favorable for trend-following strategies.,EXTREME,LOW,0.101,[],True,Passed basic checks,0,50,50,MEDIUM,5,WAIT,รอการวิเคราะห์จาก AI
2026-06-27 16:50:00,1.356175,1.356405,1.356005,1.356195,1.0,GBPUSD-OTC,BULLISH,1.35547,1.35442,1.35258,1.349093,1.345994,1.342163,BULLISH,1.357622,1.346463,0.01116,0.005532,73.92,79.4,0.002318,0.002032,0.000286,86.95,92.73,0.001347,91.46,1.48,0.001358,0.001133,45.94,35.1,11.26,51.44,0.2107,1,1.0,1.0,False,STABLE,0.000445,0.000439,0.000266,1.348215,1.357255,1.355682,1.356078,1.356802,1.354958,1.354562,21,6.71,1.356401,1.356372,1.35585,1.354152,30.81,61.86,0.000811,0.000955,61.5,69.68,0.000551,1.353685,1.357255,1.357903,1.353941,1.356202,1.356398,1.355998,1,1.0,1.356195,1.356405,1.356005,1.356175,LONDON,302791,LOW,1.356195,1.356405,1.356005,1.356175,LONDON,302791,LOW,NONE,BEARISH,BEARISH,WEAK,AT_PIVOT,LOW_WICK,NEUTRAL,NORMAL,TRUE,TESTING_PIVOT,47,13,13.333333333333334,50,NEUTRAL,False,70,[],0,0,NEUTRAL,BEARISH,40,True,BULL_TRAP,50,True,False,False,70,False,0,100,UP,UP,UP,0,True,75,97,3,80,True,True,CONTINUATION,70,True,60.0,BULLISH,True,BEARISH,True,True,90,True,70,48.39203675344863,23.382126348228134,60.0,43,FAIR,False,75,75,-0.0442106590811001,5,100.0,True,RANDOM,70,60.33149674595907,3.077646492173503,True,MOMENTUM_SHIFT,False,True,True,35,False,70,UP,100,IMPULSIVE,EXTREME,UP,100,0.2107,IMPULSIVE,90,30,95,STRONG,NONE,80,40,90,EXTREME,88,40,60,1.48,False,40,2.017353579175705,0.0,RANGING,90,False,NONE,1.348215,1.356078,1.355682,FAR,30,50,85,50,NONE,NONE,NONE,False,[],0,0,ACCUMULATION,ACCUMULATION,51,65,True,35,"Smart money accumulation. Bullish bias, look for breakout.",1.0,0.5,True,False,True,True,0.3,0.3,True,False,False,22,True,[],0,NO,ACCUMULATION,"Smart money accumulation. Bullish bias, look for breakout.",EXTREME,LOW,0.099,[],True,Passed basic checks,0,50,50,MEDIUM,5,WAIT,รอการวิเคราะห์จาก AI
2026-06-27 16:51:00,1.356175,1.356405,1.356005,1.356195,1.0,GBPUSD-OTC,BULLISH,1.35547,1.35442,1.35258,1.349093,1.345994,1.342163,BULLISH,1.357622,1.346463,0.01116,0.005532,73.92,79.4,0.002318,0.002032,0.000286,86.95,92.73,0.001347,91.46,1.48,0.001358,0.001133,45.94,35.1,11.26,51.44,0.2107,1,1.0,1.0,False,STABLE,0.000445,0.000439,0.000266,1.348215,1.357255,1.355682,1.356078,1.356802,1.354958,1.354562,21,6.71,1.356401,1.356372,1.35585,1.354152,30.81,61.86,0.000811,0.000955,61.5,69.68,0.000551,1.353685,1.357255,1.357903,1.353941,1.356202,1.356398,1.355998,1,1.0,1.356195,1.356405,1.356005,1.356175,LONDON,363040,LOW,1.356195,1.356405,1.356005,1.356175,LONDON,363040,LOW,NONE,BEARISH,BEARISH,WEAK,AT_PIVOT,LOW_WICK,NEUTRAL,NORMAL,TRUE,TESTING_PIVOT,47,13,13.333333333333334,50,NEUTRAL,False,70,[],0,0,NEUTRAL,BEARISH,40,True,BULL_TRAP,50,True,False,False,70,False,0,100,UP,UP,UP,0,True,75,97,3,80,True,True,CONTINUATION,70,True,60.0,BULLISH,True,BEARISH,True,True,90,True,70,48.39203675344863,23.382126348228134,60.0,43,FAIR,False,75,75,-0.0442106590811001,5,100.0,True,RANDOM,70,60.33149674595907,3.077646492173503,True,MOMENTUM_SHIFT,False,True,True,35,False,70,UP,100,IMPULSIVE,EXTREME,UP,100,0.2107,IMPULSIVE,90,30,95,STRONG,NONE,80,40,90,EXTREME,88,40,60,1.48,False,40,2.017353579175705,0.0,RANGING,90,False,NONE,1.348215,1.356078,1.355682,FAR,30,50,85,50,NONE,NONE,NONE,False,[],0,0,TRENDING_STRONG,TRENDING_STRONG,51,75,True,35,Strong directional trend with high momentum. Favorable for trend-following strategies.,1.0,0.5,True,False,True,True,0.3,0.3,True,False,False,22,True,[],0,NO,TRENDING_STRONG,Strong directional trend with high momentum. Favorable for trend-following strategies.,EXTREME,LOW,0.099,[],True,Passed basic checks,0,50,50,MEDIUM,5,WAIT,รอการวิเคราะห์จาก AI
2026-06-27 16:52:00,1.356175,1.356405,1.356005,1.356195,1.0,GBPUSD-OTC,BULLISH,1.35547,1.35442,1.35258,1.349093,1.345994,1.342163,BULLISH,1.357622,1.346463,0.01116,0.005532,73.92,79.4,0.002318,0.002032,0.000286,86.95,92.73,0.001347,91.46,1.48,0.001358,0.001133,45.94,35.1,11.26,51.44,0.2107,1,1.0,1.0,False,STABLE,0.000445,0.000439,0.000266,1.348215,1.357255,1.355682,1.356078,1.356802,1.354958,1.354562,21,6.71,1.356401,1.356372,1.35585,1.354152,30.81,61.86,0.000811,0.000955,61.5,69.68,0.000551,1.353685,1.357255,1.357903,1.353941,1.356202,1.356398,1.355998,1,1.0,1.356195,1.356405,1.356005,1.356175,LONDON,423475,LOW,1.356195,1.356405,1.356005,1.356175,LONDON,423475,LOW,NONE,BEARISH,BEARISH,WEAK,AT_PIVOT,LOW_WICK,NEUTRAL,NORMAL,TRUE,TESTING_PIVOT,47,13,13.333333333333334,50,NEUTRAL,False,70,[],0,0,NEUTRAL,BEARISH,40,True,BULL_TRAP,50,True,False,False,70,False,0,100,UP,UP,UP,0,True,75,97,3,80,True,True,CONTINUATION,70,True,60.0,BULLISH,True,BEARISH,True,True,90,True,70,48.39203675344863,23.382126348228134,60.0,43,FAIR,False,75,75,-0.0442106590811001,5,100.0,True,RANDOM,70,60.33149674595907,3.077646492173503,True,MOMENTUM_SHIFT,False,True,True,35,False,70,UP,100,IMPULSIVE,EXTREME,UP,100,0.2107,IMPULSIVE,90,30,95,STRONG,NONE,80,40,90,EXTREME,88,40,60,1.48,False,40,2.017353579175705,0.0,RANGING,90,False,NONE,1.348215,1.356078,1.355682,FAR,30,50,85,50,NONE,NONE,NONE,False,[],0,0,ACCUMULATION,ACCUMULATION,51,65,True,35,"Smart money accumulation. Bullish bias, look for breakout.",1.0,0.5,True,False,True,True,0.3,0.3,True,False,False,22,True,[],0,NO,ACCUMULATION,"Smart money accumulation. Bullish bias, look for breakout.",EXTREME,LOW,0.099,[],True,Passed basic checks,0,50,50,MEDIUM,5,WAIT,รอการวิเคราะห์จาก AI
2026-06-27 16:53:00,1.356175,1.356405,1.356005,1.356195,1.0,GBPUSD-OTC,BULLISH,1.35547,1.35442,1.35258,1.349093,1.345994,1.342163,BULLISH,1.357622,1.346463,0.01116,0.005532,73.92,79.4,0.002318,0.002032,0.000286,86.95,92.73,0.001347,91.46,1.48,0.001358,0.001133,45.94,35.1,11.26,51.44,0.2107,1,1.0,1.0,False,STABLE,0.000445,0.000439,0.000266,1.348215,1.357255,1.355682,1.356078,1.356802,1.354958,1.354562,21,6.71,1.356401,1.356372,1.35585,1.354152,30.81,61.86,0.000811,0.000955,61.5,69.68,0.000551,1.353685,1.357255,1.357903,1.353941,1.356202,1.356398,1.355998,1,1.0,1.356195,1.356405,1.356005,1.356175,LONDON,482742,LOW,1.356195,1.356405,1.356005,1.356175,LONDON,482742,LOW,NONE,BEARISH,BEARISH,WEAK,AT_PIVOT,LOW_WICK,NEUTRAL,NORMAL,TRUE,TESTING_PIVOT,47,13,13.333333333333334,50,NEUTRAL,False,70,[],0,0,NEUTRAL,BEARISH,40,True,BULL_TRAP,50,True,False,False,70,False,0,100,UP,UP,UP,0,True,75,97,3,80,True,True,CONTINUATION,70,True,60.0,BULLISH,True,BEARISH,True,True,90,True,70,48.39203675344863,23.382126348228134,60.0,43,FAIR,False,75,75,-0.0442106590811001,5,100.0,True,RANDOM,70,60.33149674595907,3.077646492173503,True,MOMENTUM_SHIFT,False,True,True,35,False,70,UP,100,IMPULSIVE,EXTREME,UP,100,0.2107,IMPULSIVE,90,30,95,STRONG,NONE,80,40,90,EXTREME,88,40,60,1.48,False,40,2.017353579175705,0.0,RANGING,90,False,NONE,1.348215,1.356078,1.355682,FAR,30,50,85,50,NONE,NONE,NONE,False,[],0,0,TRENDING_STRONG,TRENDING_STRONG,51,75,True,35,Strong directional trend with high momentum. Favorable for trend-following strategies.,1.0,0.5,True,False,True,True,0.3,0.3,True,False,False,22,True,[],0,NO,TRENDING_STRONG,Strong directional trend with high momentum. Favorable for trend-following strategies.,EXTREME,LOW,0.099,[],True,Passed basic checks,0,50,50,MEDIUM,5,WAIT,รอการวิเคราะห์จาก AI
2026-06-27 16:58:00,1.355275,1.355575,1.355275,1.355435,1.0,GBPUSD-OTC,BULLISH,1.355668,1.354719,1.352912,1.349367,1.346203,1.342373,BULLISH,1.358079,1.346684,0.011394,0.00561,73.87,83.56,0.002311,0.002088,0.000223,84.66,88.52,0.001331,86.93,1.32,0.001357,0.001163,46.32,33.4,10.77,51.24,0.2099,1,1.0,1.0,False,STABLE,0.000393,0.000453,0.000265,1.348215,1.357255,1.355818,1.356362,1.356658,1.355522,1.354978,22,6.79,1.355653,1.355873,1.355755,1.354418,18.23,29.7,0.000372,0.000652,6.44,12.8,0.000508,1.354815,1.357255,1.357438,1.354956,1.355428,1.355582,1.355282,1,1.0,1.355435,1.355575,1.355275,1.355275,LONDON,482744,LOW,1.355435,1.355575,1.355275,1.355275,LONDON,482744,LOW,NONE,BULLISH,BULLISH,WEAK,AT_PIVOT,LOW_WICK,NEUTRAL,NORMAL,NONE,TESTING_PIVOT,49,13,20.0,50,NEUTRAL,False,70,[],0,0,NEUTRAL,BULLISH,40,False,NONE,0,False,False,False,60,False,0,100,UP,UP,UP,0,True,75,97,3,80,True,True,CONTINUATION,70,True,85.0,BULLISH,True,BEARISH,False,True,50,False,70,50.147928994085454,27.181853133410637,60.0,45,FAIR,False,75,75,-0.06307021802988183,5,100.0,True,RANDOM,70,59.2837310654789,3.496074603430818,True,STRUCTURE_BREAK,False,False,True,70,True,70,UP,100,IMPULSIVE,EXTREME,UP,100,0.2099,IMPULSIVE,90,30,95,STRONG,NONE,80,55,90,EXTREME,88,40,60,1.32,False,40,2.0310160427807484,0.0,RANGING,90,False,NONE,1.348215,1.356362,1.355818,FAR,30,50,85,50,NONE,NONE,NONE,False,[],0,0,TRENDING_STRONG,TRENDING_STRONG,51,75,True,35,Strong directional trend with high momentum. Favorable for trend-following strategies.,1.0,0.5,True,False,True,True,0.3,0.3,True,False,False,22,True,[],0,NO,TRENDING_STRONG,Strong directional trend with high momentum. Favorable for trend-following strategies.,EXTREME,LOW,0.098,[],True,Passed basic checks,0,50,50,MEDIUM,5,WAIT,รอการวิเคราะห์จาก AI
2026-06-27 20:30:00,1.352355,1.352355,1.351795,1.352275,1.0,GBPUSD-OTC,BEARISH,1.352776,1.353341,1.353924,1.353455,1.351052,1.347418,BEARISH,1.357359,1.351602,0.005757,0.006148,13.4,37.04,-0.000511,-0.000159,-0.000352,17.12,15.21,0.001171,37.19,-0.46,0.001314,0.001228,20.24,12.09,25.24,35.23,-0.2235,1,1.0,1.0,False,STABLE,-0.000358,-0.000202,-3.1e-05,1.351415,1.357915,1.352398,1.353002,1.353478,1.351922,1.351318,50,5.55,1.352233,1.352326,1.352629,1.353461,32.24,52.46,-0.00045,-0.000499,48.56,33.56,0.000502,1.351415,1.353415,1.353191,1.351757,1.352142,1.352488,1.351928,1,1.0,1.352275,1.352355,1.351795,1.352355,LONDON,304186,LOW,1.352275,1.352355,1.351795,1.352355,LONDON,304186,LOW,NONE,BULLISH,BULLISH,WEAK,AT_PIVOT,LOW_WICK,NEUTRAL,NOISY,TRUE,TESTING_PIVOT,51,26,0.0,50,NEUTRAL,False,70,[],0,0,NEUTRAL,BULLISH,40,True,BEAR_TRAP,50,True,False,False,70,False,0,100,NONE,NONE,DOWN,0,True,75,70,30,80,False,True,CONTINUATION,70,True,60.0,BEARISH,True,BULLISH,False,True,50,False,70,27.818545697131768,16.570327552986026,55.00000000000001,33,POOR,False,75,38,-0.2269590632835849,3,19.999999999999996,False,RANDOM,70,32.17339638124426,20.184254032086614,True,MOMENTUM_SHIFT,False,True,True,35,False,70,NONE,100,CHOPPY,NORMAL,NONE,100,-0.2235,CHOPPY,20,50,30,NORMAL,NONE,65,30,75,NORMAL,58,40,60,-0.46,False,80,0.936402081977879,72.6077918022121,RANGING,90,False,NONE,1.351415,1.353002,1.352398,FAR,30,50,85,50,NONE,NONE,NONE,False,[],0,0,SIDEWAY_RANGE,SIDEWAY_RANGE,55,51,False,11,Price ranging between clear levels. Suitable for mean-reversion strategies.,1.0,0.8,False,False,False,False,0.3,0.3,True,False,False,18,True,[],0,NO,SIDEWAY_RANGE,Price ranging between clear levels. Suitable for mean-reversion strategies.,NORMAL,LOW,0.087,[],False,Passed basic checks,0,50,50,MEDIUM,5,WAIT,รอการวิเคราะห์จาก AI
2026-06-27 20:31:00,1.352355,1.352355,1.351795,1.352275,1.0,GBPUSD-OTC,BEARISH,1.352776,1.353341,1.353924,1.353455,1.351052,1.347418,BEARISH,1.357359,1.351602,0.005757,0.006148,13.4,37.04,-0.000511,-0.000159,-0.000352,17.12,15.21,0.001171,37.19,-0.46,0.001314,0.001228,20.24,12.09,25.24,35.23,-0.2235,1,1.0,1.0,False,STABLE,-0.000358,-0.000202,-3.1e-05,1.351415,1.357915,1.352398,1.353002,1.353478,1.351922,1.351318,50,5.55,1.352233,1.352326,1.352629,1.353461,32.24,52.46,-0.00045,-0.000499,48.56,33.56,0.000502,1.351415,1.353415,1.353191,1.351757,1.352142,1.352488,1.351928,1,1.0,1.352275,1.352355,1.351795,1.352355,LONDON,362695,LOW,1.352275,1.352355,1.351795,1.352355,LONDON,362695,LOW,NONE,BULLISH,BULLISH,WEAK,AT_PIVOT,LOW_WICK,NEUTRAL,NOISY,TRUE,TESTING_PIVOT,51,26,0.0,50,NEUTRAL,False,70,[],0,0,NEUTRAL,BULLISH,40,True,BEAR_TRAP,50,True,False,False,70,False,0,100,NONE,NONE,DOWN,0,True,75,70,30,80,False,True,CONTINUATION,70,True,60.0,BEARISH,True,BULLISH,False,True,50,False,70,27.818545697131768,16.570327552986026,55.00000000000001,33,POOR,False,75,38,-0.2269590632835849,3,19.999999999999996,False,RANDOM,70,32.17339638124426,20.184254032086614,True,MOMENTUM_SHIFT,False,True,True,35,False,70,NONE,100,CHOPPY,NORMAL,NONE,100,-0.2235,CHOPPY,20,50,30,NORMAL,NONE,65,30,75,NORMAL,58,40,60,-0.46,False,80,0.936402081977879,72.6077918022121,RANGING,90,False,NONE,1.351415,1.353002,1.352398,FAR,30,50,85,50,NONE,NONE,NONE,False,[],0,0,ACCUMULATION,ACCUMULATION,55,56,False,11,"Smart money accumulation. Bullish bias, look for breakout.",1.0,0.8,False,False,False,False,0.3,0.3,True,False,False,18,True,[],0,NO,ACCUMULATION,"Smart money accumulation. Bullish bias, look for breakout.",NORMAL,LOW,0.087,[],False,Passed basic checks,0,50,50,MEDIUM,5,WAIT,รอการวิเคราะห์จาก AI
2026-06-27 20:32:00,1.352355,1.352355,1.351795,1.352275,1.0,GBPUSD-OTC,BEARISH,1.352776,1.353341,1.353924,1.353455,1.351052,1.347418,BEARISH,1.357359,1.351602,0.005757,0.006148,13.4,37.04,-0.000511,-0.000159,-0.000352,17.12,15.21,0.001171,37.19,-0.46,0.001314,0.001228,20.24,12.09,25.24,35.23,-0.2235,1,1.0,1.0,False,STABLE,-0.000358,-0.000202,-3.1e-05,1.351415,1.357915,1.352398,1.353002,1.353478,1.351922,1.351318,50,5.55,1.352233,1.352326,1.352629,1.353461,32.24,52.46,-0.00045,-0.000499,48.56,33.56,0.000502,1.351415,1.353415,1.353191,1.351757,1.352142,1.352488,1.351928,1,1.0,1.352275,1.352355,1.351795,1.352355,LONDON,422995,LOW,1.352275,1.352355,1.351795,1.352355,LONDON,422995,LOW,NONE,BULLISH,BULLISH,WEAK,AT_PIVOT,LOW_WICK,NEUTRAL,NOISY,TRUE,TESTING_PIVOT,51,26,0.0,50,NEUTRAL,False,70,[],0,0,NEUTRAL,BULLISH,40,True,BEAR_TRAP,50,True,False,False,70,False,0,100,NONE,NONE,DOWN,0,True,75,70,30,80,False,True,CONTINUATION,70,True,60.0,BEARISH,True,BULLISH,False,True,50,False,70,27.818545697131768,16.570327552986026,55.00000000000001,33,POOR,False,75,38,-0.2269590632835849,3,19.999999999999996,False,RANDOM,70,32.17339638124426,20.184254032086614,True,MOMENTUM_SHIFT,False,True,True,35,False,70,NONE,100,CHOPPY,NORMAL,NONE,100,-0.2235,CHOPPY,20,50,30,NORMAL,NONE,65,30,75,NORMAL,58,40,60,-0.46,False,80,0.936402081977879,72.6077918022121,RANGING,90,False,NONE,1.351415,1.353002,1.352398,FAR,30,50,85,50,NONE,NONE,NONE,False,[],0,0,SIDEWAY_RANGE,SIDEWAY_RANGE,55,51,False,11,Price ranging between clear levels. Suitable for mean-reversion strategies.,1.0,0.8,False,False,False,False,0.3,0.3,True,False,False,18,True,[],0,NO,SIDEWAY_RANGE,Price ranging between clear levels. Suitable for mean-reversion strategies.,NORMAL,LOW,0.087,[],False,Passed basic checks,0,50,50,MEDIUM,5,WAIT,รอการวิเคราะห์จาก AI
2026-06-27 20:33:00,1.352355,1.352355,1.351795,1.352275,1.0,GBPUSD-OTC,BEARISH,1.352776,1.353341,1.353924,1.353455,1.351052,1.347418,BEARISH,1.357359,1.351602,0.005757,0.006148,13.4,37.04,-0.000511,-0.000159,-0.000352,17.12,15.21,0.001171,37.19,-0.46,0.001314,0.001228,20.24,12.09,25.24,35.23,-0.2235,1,1.0,1.0,False,STABLE,-0.000358,-0.000202,-3.1e-05,1.351415,1.357915,1.352398,1.353002,1.353478,1.351922,1.351318,50,5.55,1.352233,1.352326,1.352629,1.353461,32.24,52.46,-0.00045,-0.000499,48.56,33.56,0.000502,1.351415,1.353415,1.353191,1.351757,1.352142,1.352488,1.351928,1,1.0,1.352275,1.352355,1.351795,1.352355,LONDON,483399,LOW,1.352275,1.352355,1.351795,1.352355,LONDON,483399,LOW,NONE,BULLISH,BULLISH,WEAK,AT_PIVOT,LOW_WICK,NEUTRAL,NOISY,TRUE,TESTING_PIVOT,51,26,0.0,50,NEUTRAL,False,70,[],0,0,NEUTRAL,BULLISH,40,True,BEAR_TRAP,50,True,False,False,70,False,0,100,NONE,NONE,DOWN,0,True,75,70,30,80,False,True,CONTINUATION,70,True,60.0,BEARISH,True,BULLISH,False,True,50,False,70,27.818545697131768,16.570327552986026,55.00000000000001,33,POOR,False,75,38,-0.2269590632835849,3,19.999999999999996,False,RANDOM,70,32.17339638124426,20.184254032086614,True,MOMENTUM_SHIFT,False,True,True,35,False,70,NONE,100,CHOPPY,NORMAL,NONE,100,-0.2235,CHOPPY,20,50,30,NORMAL,NONE,65,30,75,NORMAL,58,40,60,-0.46,False,80,0.936402081977879,72.6077918022121,RANGING,90,False,NONE,1.351415,1.353002,1.352398,FAR,30,50,85,50,NONE,NONE,NONE,False,[],0,0,ACCUMULATION,ACCUMULATION,55,56,False,11,"Smart money accumulation. Bullish bias, look for breakout.",1.0,0.8,False,False,False,False,0.3,0.3,True,False,False,18,True,[],0,NO,ACCUMULATION,"Smart money accumulation. Bullish bias, look for breakout.",NORMAL,LOW,0.087,[],False,Passed basic checks,0,50,50,MEDIUM,5,WAIT,รอการวิเคราะห์จาก AI
2026-06-27 20:34:00,1.352355,1.352355,1.351795,1.352275,1.0,GBPUSD-OTC,BEARISH,1.352776,1.353341,1.353924,1.353455,1.351052,1.347418,BEARISH,1.357359,1.351602,0.005757,0.006148,13.4,37.04,-0.000511,-0.000159,-0.000352,17.12,15.21,0.001171,37.19,-0.46,0.001314,0.001228,20.24,12.09,25.24,35.23,-0.2235,1,1.0,1.0,False,STABLE,-0.000358,-0.000202,-3.1e-05,1.351415,1.357915,1.352398,1.353002,1.353478,1.351922,1.351318,50,5.55,1.352233,1.352326,1.352629,1.353461,32.24,52.46,-0.00045,-0.000499,48.56,33.56,0.000502,1.351415,1.353415,1.353191,1.351757,1.352142,1.352488,1.351928,1,1.0,1.352275,1.352355,1.351795,1.352355,LONDON,542716,LOW,1.352275,1.352355,1.351795,1.352355,LONDON,542716,LOW,NONE,BULLISH,BULLISH,WEAK,AT_PIVOT,LOW_WICK,NEUTRAL,NOISY,TRUE,TESTING_PIVOT,51,26,0.0,50,NEUTRAL,False,70,[],0,0,NEUTRAL,BULLISH,40,True,BEAR_TRAP,50,True,False,False,70,False,0,100,NONE,NONE,DOWN,0,True,75,70,30,80,False,True,CONTINUATION,70,True,60.0,BEARISH,True,BULLISH,False,True,50,False,70,27.818545697131768,16.570327552986026,55.00000000000001,33,POOR,False,75,38,-0.2269590632835849,3,19.999999999999996,False,RANDOM,70,32.17339638124426,20.184254032086614,True,MOMENTUM_SHIFT,False,True,True,35,False,70,NONE,100,CHOPPY,NORMAL,NONE,100,-0.2235,CHOPPY,20,50,30,NORMAL,NONE,65,30,75,NORMAL,58,40,60,-0.46,False,80,0.936402081977879,72.6077918022121,RANGING,90,False,NONE,1.351415,1.353002,1.352398,FAR,30,50,85,50,NONE,NONE,NONE,False,[],0,0,ACCUMULATION,ACCUMULATION,55,56,False,11,"Smart money accumulation. Bullish bias, look for breakout.",1.0,0.8,False,False,False,False,0.3,0.3,True,False,False,18,True,[],0,NO,ACCUMULATION,"Smart money accumulation. Bullish bias, look for breakout.",NORMAL,LOW,0.087,[],False,Passed basic checks,0,50,50,MEDIUM,5,WAIT,รอการวิเคราะห์จาก AI
2026-06-27 20:35:00,1.352505,1.352925,1.352415,1.352925,1.0,GBPUSD-OTC,BEARISH,1.352639,1.353164,1.353775,1.353413,1.351086,1.347527,BEARISH,1.357061,1.351454,0.005608,0.006158,19.16,40.64,-0.000565,-0.00024,-0.000324,18.99,17.49,0.001166,36.68,-0.5,0.001293,0.001263,20.78,13.44,23.81,27.85,-0.1477,1,1.0,1.0,False,STABLE,-0.000292,-0.000195,-3.9e-05,1.351415,1.357915,1.352615,1.352965,1.353565,1.352015,1.351665,50,5.57,1.352568,1.352472,1.352588,1.353288,94.95,59.25,-0.000256,-0.000387,76.83,66.11,0.00048,1.351415,1.353035,1.353011,1.351782,1.352755,1.353095,1.352585,1,1.0,1.352925,1.352925,1.352415,1.352505,LONDON,303248,LOW,1.352925,1.352925,1.352415,1.352505,LONDON,303248,LOW,NONE,BEARISH,BEARISH,WEAK,AT_PIVOT,LOW_WICK,NEUTRAL,NOISY,TRUE,TESTING_PIVOT,51,26,0.0,50,NEUTRAL,False,70,[],0,0,NEUTRAL,BEARISH,40,True,BEAR_TRAP,75,True,False,True,70,False,0,100,NONE,NONE,DOWN,0,True,75,70,30,80,False,True,CONTINUATION,70,True,85.0,BEARISH,True,BULLISH,False,True,50,False,70,29.69374167776275,19.34858472276047,60.0,36,FAIR,False,75,39,-0.23795579000509082,3,30.000000000000004,False,RANDOM,70,32.20995124764502,20.13349150628995,True,MOMENTUM_SHIFT,False,True,True,35,False,70,NONE,100,CHOPPY,NORMAL,NONE,100,-0.1477,CHOPPY,20,50,30,NORMAL,NONE,60,30,70,NORMAL,58,40,60,-0.5,False,80,0.9106852874309841,75.58747125690161,RANGING,90,False,NONE,1.351415,1.352965,1.352615,FAR,30,50,85,50,NONE,NONE,NONE,False,[],0,0,SIDEWAY_RANGE,SIDEWAY_RANGE,55,51,False,11,Price ranging between clear levels. Suitable for mean-reversion strategies.,1.0,0.8,False,False,False,False,0.3,0.3,True,False,False,18,True,[],0,NO,SIDEWAY_RANGE,Price ranging between clear levels. Suitable for mean-reversion strategies.,NORMAL,LOW,0.086,[],False,Passed basic checks,0,50,50,MEDIUM,5,WAIT,รอการวิเคราะห์จาก AI
2026-06-27 20:36:00,1.352505,1.352925,1.352415,1.352925,1.0,GBPUSD-OTC,BEARISH,1.352639,1.353164,1.353775,1.353413,1.351086,1.347527,BEARISH,1.357061,1.351454,0.005608,0.006158,19.16,40.64,-0.000565,-0.00024,-0.000324,18.99,17.49,0.001166,36.68,-0.5,0.001293,0.001263,20.78,13.44,23.81,27.85,-0.1477,1,1.0,1.0,False,STABLE,-0.000292,-0.000195,-3.9e-05,1.351415,1.357915,1.352615,1.352965,1.353565,1.352015,1.351665,50,5.57,1.352568,1.352472,1.352588,1.353288,94.95,59.25,-0.000256,-0.000387,76.83,66.11,0.00048,1.351415,1.353035,1.353011,1.351782,1.352755,1.353095,1.352585,1,1.0,1.352925,1.352925,1.352415,1.352505,LONDON,362643,LOW,1.352925,1.352925,1.352415,1.352505,LONDON,362643,LOW,NONE,BEARISH,BEARISH,WEAK,AT_PIVOT,LOW_WICK,NEUTRAL,NOISY,TRUE,TESTING_PIVOT,51,26,0.0,50,NEUTRAL,False,70,[],0,0,NEUTRAL,BEARISH,40,True,BEAR_TRAP,75,True,False,True,70,False,0,100,NONE,NONE,DOWN,0,True,75,70,30,80,False,True,CONTINUATION,70,True,85.0,BEARISH,True,BULLISH,False,True,50,False,70,29.69374167776275,19.34858472276047,60.0,36,FAIR,False,75,39,-0.23795579000509082,3,30.000000000000004,False,RANDOM,70,32.20995124764502,20.13349150628995,True,MOMENTUM_SHIFT,False,True,True,35,False,70,NONE,100,CHOPPY,NORMAL,NONE,100,-0.1477,CHOPPY,20,50,30,NORMAL,NONE,60,30,70,NORMAL,58,40,60,-0.5,False,80,0.9106852874309841,75.58747125690161,RANGING,90,False,NONE,1.351415,1.352965,1.352615,FAR,30,50,85,50,NONE,NONE,NONE,False,[],0,0,SIDEWAY_RANGE,SIDEWAY_RANGE,55,51,False,11,Price ranging between clear levels. Suitable for mean-reversion strategies.,1.0,0.8,False,False,False,False,0.3,0.3,True,False,False,18,True,[],0,NO,SIDEWAY_RANGE,Price ranging between clear levels. Suitable for mean-reversion strategies.,NORMAL,LOW,0.086,[],False,Passed basic checks,0,50,50,MEDIUM,5,WAIT,รอการวิเคราะห์จาก AI
2026-06-27 20:37:00,1.352505,1.352925,1.352415,1.352925,1.0,GBPUSD-OTC,BEARISH,1.352639,1.353164,1.353775,1.353413,1.351086,1.347527,BEARISH,1.357061,1.351454,0.005608,0.006158,19.16,40.64,-0.000565,-0.00024,-0.000324,18.99,17.49,0.001166,36.68,-0.5,0.001293,0.001263,20.78,13.44,23.81,27.85,-0.1477,1,1.0,1.0,False,STABLE,-0.000292,-0.000195,-3.9e-05,1.351415,1.357915,1.352615,1.352965,1.353565,1.352015,1.351665,50,5.57,1.352568,1.352472,1.352588,1.353288,94.95,59.25,-0.000256,-0.000387,76.83,66.11,0.00048,1.351415,1.353035,1.353011,1.351782,1.352755,1.353095,1.352585,1,1.0,1.352925,1.352925,1.352415,1.352505,LONDON,428989,LOW,1.352925,1.352925,1.352415,1.352505,LONDON,428989,LOW,NONE,BEARISH,BEARISH,WEAK,AT_PIVOT,LOW_WICK,NEUTRAL,NOISY,TRUE,TESTING_PIVOT,51,26,0.0,50,NEUTRAL,False,70,[],0,0,NEUTRAL,BEARISH,40,True,BEAR_TRAP,75,True,False,True,70,False,0,100,NONE,NONE,DOWN,0,True,75,70,30,80,False,True,CONTINUATION,70,True,85.0,BEARISH,True,BULLISH,False,True,50,False,70,29.69374167776275,19.34858472276047,60.0,36,FAIR,False,75,39,-0.23795579000509082,3,30.000000000000004,False,RANDOM,70,32.20995124764502,20.13349150628995,True,MOMENTUM_SHIFT,False,True,True,35,False,70,NONE,100,CHOPPY,NORMAL,NONE,100,-0.1477,CHOPPY,20,50,30,NORMAL,NONE,60,30,70,NORMAL,58,40,60,-0.5,False,80,0.9106852874309841,75.58747125690161,RANGING,90,False,NONE,1.351415,1.352965,1.352615,FAR,30,50,85,50,NONE,NONE,NONE,False,[],0,0,SIDEWAY_RANGE,SIDEWAY_RANGE,55,51,False,11,Price ranging between clear levels. Suitable for mean-reversion strategies.,1.0,0.8,False,False,False,False,0.3,0.3,True,False,False,18,True,[],0,NO,SIDEWAY_RANGE,Price ranging between clear levels. Suitable for mean-reversion strategies.,NORMAL,LOW,0.086,[],False,Passed basic checks,0,50,50,MEDIUM,5,WAIT,รอการวิเคราะห์จาก AI
2026-06-27 20:38:00,1.352505,1.352925,1.352415,1.352925,1.0,GBPUSD-OTC,BEARISH,1.352639,1.353164,1.353775,1.353413,1.351086,1.347527,BEARISH,1.357061,1.351454,0.005608,0.006158,19.16,40.64,-0.000565,-0.00024,-0.000324,18.99,17.49,0.001166,36.68,-0.5,0.001293,0.001263,20.78,13.44,23.81,27.85,-0.1477,1,1.0,1.0,False,STABLE,-0.000292,-0.000195,-3.9e-05,1.351415,1.357915,1.352615,1.352965,1.353565,1.352015,1.351665,50,5.57,1.352568,1.352472,1.352588,1.353288,94.95,59.25,-0.000256,-0.000387,76.83,66.11,0.00048,1.351415,1.353035,1.353011,1.351782,1.352755,1.353095,1.352585,1,1.0,1.352925,1.352925,1.352415,1.352505,LONDON,483294,LOW,1.352925,1.352925,1.352415,1.352505,LONDON,483294,LOW,NONE,BEARISH,BEARISH,WEAK,AT_PIVOT,LOW_WICK,NEUTRAL,NOISY,TRUE,TESTING_PIVOT,51,26,0.0,50,NEUTRAL,False,70,[],0,0,NEUTRAL,BEARISH,40,True,BEAR_TRAP,75,True,False,True,70,False,0,100,NONE,NONE,DOWN,0,True,75,70,30,80,False,True,CONTINUATION,70,True,85.0,BEARISH,True,BULLISH,False,True,50,False,70,29.69374167776275,19.34858472276047,60.0,36,FAIR,False,75,39,-0.23795579000509082,3,30.000000000000004,False,RANDOM,70,32.20995124764502,20.13349150628995,True,MOMENTUM_SHIFT,False,True,True,35,False,70,NONE,100,CHOPPY,NORMAL,NONE,100,-0.1477,CHOPPY,20,50,30,NORMAL,NONE,60,30,70,NORMAL,58,40,60,-0.5,False,80,0.9106852874309841,75.58747125690161,RANGING,90,False,NONE,1.351415,1.352965,1.352615,FAR,30,50,85,50,NONE,NONE,NONE,False,[],0,0,SIDEWAY_RANGE,SIDEWAY_RANGE,55,51,False,11,Price ranging between clear levels. Suitable for mean-reversion strategies.,1.0,0.8,False,False,False,False,0.3,0.3,True,False,False,18,True,[],0,NO,SIDEWAY_RANGE,Price ranging between clear levels. Suitable for mean-reversion strategies.,NORMAL,LOW,0.086,[],False,Passed basic checks,0,50,50,MEDIUM,5,WAIT,รอการวิเคราะห์จาก AI
2026-06-27 20:39:00,1.352505,1.352925,1.352415,1.352925,1.0,GBPUSD-OTC,BEARISH,1.352639,1.353164,1.353775,1.353413,1.351086,1.347527,BEARISH,1.357061,1.351454,0.005608,0.006158,19.16,40.64,-0.000565,-0.00024,-0.000324,18.99,17.49,0.001166,36.68,-0.5,0.001293,0.001263,20.78,13.44,23.81,27.85,-0.1477,1,1.0,1.0,False,STABLE,-0.000292,-0.000195,-3.9e-05,1.351415,1.357915,1.352615,1.352965,1.353565,1.352015,1.351665,50,5.57,1.352568,1.352472,1.352588,1.353288,94.95,59.25,-0.000256,-0.000387,76.83,66.11,0.00048,1.351415,1.353035,1.353011,1.351782,1.352755,1.353095,1.352585,1,1.0,1.352925,1.352925,1.352415,1.352505,LONDON,542820,LOW,1.352925,1.352925,1.352415,1.352505,LONDON,542820,LOW,NONE,BEARISH,BEARISH,WEAK,AT_PIVOT,LOW_WICK,NEUTRAL,NOISY,TRUE,TESTING_PIVOT,51,26,0.0,50,NEUTRAL,False,70,[],0,0,NEUTRAL,BEARISH,40,True,BEAR_TRAP,75,True,False,True,70,False,0,100,NONE,NONE,DOWN,0,True,75,70,30,80,False,True,CONTINUATION,70,True,85.0,BEARISH,True,BULLISH,False,True,50,False,70,29.69374167776275,19.34858472276047,60.0,36,FAIR,False,75,39,-0.23795579000509082,3,30.000000000000004,False,RANDOM,70,32.20995124764502,20.13349150628995,True,MOMENTUM_SHIFT,False,True,True,35,False,70,NONE,100,CHOPPY,NORMAL,NONE,100,-0.1477,CHOPPY,20,50,30,NORMAL,NONE,60,30,70,NORMAL,58,40,60,-0.5,False,80,0.9106852874309841,75.58747125690161,RANGING,90,False,NONE,1.351415,1.352965,1.352615,FAR,30,50,85,50,NONE,NONE,NONE,False,[],0,0,SIDEWAY_RANGE,SIDEWAY_RANGE,55,51,False,11,Price ranging between clear levels. Suitable for mean-reversion strategies.,1.0,0.8,False,False,False,False,0.3,0.3,True,False,False,18,True,[],0,NO,SIDEWAY_RANGE,Price ranging between clear levels. Suitable for mean-reversion strategies.,NORMAL,LOW,0.086,[],False,Passed basic checks,0,50,50,MEDIUM,5,WAIT,รอการวิเคราะห์จาก AI
2026-06-27 20:40:00,1.352355,1.352585,1.352125,1.352285,1.0,GBPUSD-OTC,BEARISH,1.352478,1.35298,1.353621,1.353364,1.351109,1.347584,BEARISH,1.356545,1.35145,0.005094,0.006164,20.33,28.35,-0.000617,-0.000316,-0.000301,18.09,18.07,0.00113,19.6,-0.85,0.001264,0.0013,21.83,12.59,26.42,35.44,-0.2287,1,1.0,1.0,False,STABLE,-0.000279,-0.000176,-4.4e-05,1.351415,1.357375,1.352122,1.352658,1.353162,1.351618,1.351082,20,5.27,1.352541,1.35257,1.352623,1.353182,47.27,54.76,-0.000146,-0.000219,57.41,72.65,0.000476,1.351415,1.353215,1.353197,1.351755,1.352332,1.352538,1.352078,1,1.0,1.352285,1.352585,1.352125,1.352355,LONDON,303145,LOW,1.352285,1.352585,1.352125,1.352355,LONDON,303145,LOW,NONE,BEARISH,BEARISH,WEAK,AT_PIVOT,LOW_WICK,BEARISH,NOISY,NONE,TESTING_PIVOT,51,26,-6.666666666666667,50,NEUTRAL,False,70,[],0,0,NEUTRAL,BEARISH,40,False,NONE,0,False,False,False,60,False,0,100,NONE,NONE,DOWN,0,True,75,55,45,80,False,True,NEUTRAL,70,False,0.0,NONE,True,BULLISH,False,True,50,False,70,35.374149659865274,10.989867498051325,65.0,37,FAIR,False,75,41,-0.27829021072610344,3,40.0,False,MEAN_REVERTING,70,33.26010080641193,19.0697531238518,True,MOMENTUM_SHIFT,False,True,False,65,True,70,NONE,100,CHOPPY,LOW,NONE,100,-0.2287,CHOPPY,20,50,30,NORMAL,NONE,70,30,80,LOW,58,55,45,-0.85,False,65,0.826411421155094,97.3588578844906,RANGING,90,False,NONE,1.351415,1.352658,1.352122,FAR,30,50,85,50,NONE,NONE,NONE,False,[],0,0,SIDEWAY_RANGE,SIDEWAY_RANGE,55,51,False,11,Price ranging between clear levels. Suitable for mean-reversion strategies.,1.0,0.8,False,False,False,False,0.3,0.3,True,False,False,18,True,[],0,NO,SIDEWAY_RANGE,Price ranging between clear levels. Suitable for mean-reversion strategies.,LOW,LOW,0.084,[],False,Passed basic checks,0,50,50,MEDIUM,5,WAIT,รอการวิเคราะห์จาก AI
2026-06-27 20:41:00,1.352355,1.352585,1.352125,1.352285,1.0,GBPUSD-OTC,BEARISH,1.352478,1.35298,1.353621,1.353364,1.351109,1.347584,BEARISH,1.356545,1.35145,0.005094,0.006164,20.33,28.35,-0.000617,-0.000316,-0.000301,18.09,18.07,0.00113,19.6,-0.85,0.001264,0.0013,21.83,12.59,26.42,35.44,-0.2287,1,1.0,1.0,False,STABLE,-0.000279,-0.000176,-4.4e-05,1.351415,1.357375,1.352122,1.352658,1.353162,1.351618,1.351082,20,5.27,1.352541,1.35257,1.352623,1.353182,47.27,54.76,-0.000146,-0.000219,57.41,72.65,0.000476,1.351415,1.353215,1.353197,1.351755,1.352332,1.352538,1.352078,1,1.0,1.352285,1.352585,1.352125,1.352355,LONDON,362533,LOW,1.352285,1.352585,1.352125,1.352355,LONDON,362533,LOW,NONE,BEARISH,BEARISH,WEAK,AT_PIVOT,LOW_WICK,BEARISH,NOISY,NONE,TESTING_PIVOT,51,26,-6.666666666666667,50,NEUTRAL,False,70,[],0,0,NEUTRAL,BEARISH,40,False,NONE,0,False,False,False,60,False,0,100,NONE,NONE,DOWN,0,True,75,55,45,80,False,True,NEUTRAL,70,False,0.0,NONE,True,BULLISH,False,True,50,False,70,35.374149659865274,10.989867498051325,65.0,37,FAIR,False,75,41,-0.27829021072610344,3,40.0,False,MEAN_REVERTING,70,33.26010080641193,19.0697531238518,True,MOMENTUM_SHIFT,False,True,False,65,True,70,NONE,100,CHOPPY,LOW,NONE,100,-0.2287,CHOPPY,20,50,30,NORMAL,NONE,70,30,80,LOW,58,55,45,-0.85,False,65,0.826411421155094,97.3588578844906,RANGING,90,False,NONE,1.351415,1.352658,1.352122,FAR,30,50,85,50,NONE,NONE,NONE,False,[],0,0,ACCUMULATION,ACCUMULATION,55,56,False,11,"Smart money accumulation. Bullish bias, look for breakout.",1.0,0.8,False,False,False,False,0.3,0.3,True,False,False,18,True,[],0,NO,ACCUMULATION,"Smart money accumulation. Bullish bias, look for breakout.",LOW,LOW,0.084,[],False,Passed basic checks,0,50,50,MEDIUM,5,WAIT,รอการวิเคราะห์จาก AI
2026-06-27 20:42:00,1.352355,1.352585,1.352125,1.352285,1.0,GBPUSD-OTC,BEARISH,1.352478,1.35298,1.353621,1.353364,1.351109,1.347584,BEARISH,1.356545,1.35145,0.005094,0.006164,20.33,28.35,-0.000617,-0.000316,-0.000301,18.09,18.07,0.00113,19.6,-0.85,0.001264,0.0013,21.83,12.59,26.42,35.44,-0.2287,1,1.0,1.0,False,STABLE,-0.000279,-0.000176,-4.4e-05,1.351415,1.357375,1.352122,1.352658,1.353162,1.351618,1.351082,20,5.27,1.352541,1.35257,1.352623,1.353182,47.27,54.76,-0.000146,-0.000219,57.41,72.65,0.000476,1.351415,1.353215,1.353197,1.351755,1.352332,1.352538,1.352078,1,1.0,1.352285,1.352585,1.352125,1.352355,LONDON,422958,LOW,1.352285,1.352585,1.352125,1.352355,LONDON,422958,LOW,NONE,BEARISH,BEARISH,WEAK,AT_PIVOT,LOW_WICK,BEARISH,NOISY,NONE,TESTING_PIVOT,51,26,-6.666666666666667,50,NEUTRAL,False,70,[],0,0,NEUTRAL,BEARISH,40,False,NONE,0,False,False,False,60,False,0,100,NONE,NONE,DOWN,0,True,75,55,45,80,False,True,NEUTRAL,70,False,0.0,NONE,True,BULLISH,False,True,50,False,70,35.374149659865274,10.989867498051325,65.0,37,FAIR,False,75,41,-0.27829021072610344,3,40.0,False,MEAN_REVERTING,70,33.26010080641193,19.0697531238518,True,MOMENTUM_SHIFT,False,True,False,65,True,70,NONE,100,CHOPPY,LOW,NONE,100,-0.2287,CHOPPY,20,50,30,NORMAL,NONE,70,30,80,LOW,58,55,45,-0.85,False,65,0.826411421155094,97.3588578844906,RANGING,90,False,NONE,1.351415,1.352658,1.352122,FAR,30,50,85,50,NONE,NONE,NONE,False,[],0,0,ACCUMULATION,ACCUMULATION,55,56,False,11,"Smart money accumulation. Bullish bias, look for breakout.",1.0,0.8,False,False,False,False,0.3,0.3,True,False,False,18,True,[],0,NO,ACCUMULATION,"Smart money accumulation. Bullish bias, look for breakout.",LOW,LOW,0.084,[],False,Passed basic checks,0,50,50,MEDIUM,5,WAIT,รอการวิเคราะห์จาก AI
2026-06-27 20:43:00,1.352355,1.352585,1.352125,1.352285,1.0,GBPUSD-OTC,BEARISH,1.352478,1.35298,1.353621,1.353364,1.351109,1.347584,BEARISH,1.356545,1.35145,0.005094,0.006164,20.33,28.35,-0.000617,-0.000316,-0.000301,18.09,18.07,0.00113,19.6,-0.85,0.001264,0.0013,21.83,12.59,26.42,35.44,-0.2287,1,1.0,1.0,False,STABLE,-0.000279,-0.000176,-4.4e-05,1.351415,1.357375,1.352122,1.352658,1.353162,1.351618,1.351082,20,5.27,1.352541,1.35257,1.352623,1.353182,47.27,54.76,-0.000146,-0.000219,57.41,72.65,0.000476,1.351415,1.353215,1.353197,1.351755,1.352332,1.352538,1.352078,1,1.0,1.352285,1.352585,1.352125,1.352355,LONDON,483258,LOW,1.352285,1.352585,1.352125,1.352355,LONDON,483258,LOW,NONE,BEARISH,BEARISH,WEAK,AT_PIVOT,LOW_WICK,BEARISH,NOISY,NONE,TESTING_PIVOT,51,26,-6.666666666666667,50,NEUTRAL,False,70,[],0,0,NEUTRAL,BEARISH,40,False,NONE,0,False,False,False,60,False,0,100,NONE,NONE,DOWN,0,True,75,55,45,80,False,True,NEUTRAL,70,False,0.0,NONE,True,BULLISH,False,True,50,False,70,35.374149659865274,10.989867498051325,65.0,37,FAIR,False,75,41,-0.27829021072610344,3,40.0,False,MEAN_REVERTING,70,33.26010080641193,19.0697531238518,True,MOMENTUM_SHIFT,False,True,False,65,True,70,NONE,100,CHOPPY,LOW,NONE,100,-0.2287,CHOPPY,20,50,30,NORMAL,NONE,70,30,80,LOW,58,55,45,-0.85,False,65,0.826411421155094,97.3588578844906,RANGING,90,False,NONE,1.351415,1.352658,1.352122,FAR,30,50,85,50,NONE,NONE,NONE,False,[],0,0,SIDEWAY_RANGE,SIDEWAY_RANGE,55,51,False,11,Price ranging between clear levels. Suitable for mean-reversion strategies.,1.0,0.8,False,False,False,False,0.3,0.3,True,False,False,18,True,[],0,NO,SIDEWAY_RANGE,Price ranging between clear levels. Suitable for mean-reversion strategies.,LOW,LOW,0.084,[],False,Passed basic checks,0,50,50,MEDIUM,5,WAIT,รอการวิเคราะห์จาก AI
2026-06-27 20:44:00,1.352355,1.352585,1.352125,1.352285,1.0,GBPUSD-OTC,BEARISH,1.352478,1.35298,1.353621,1.353364,1.351109,1.347584,BEARISH,1.356545,1.35145,0.005094,0.006164,20.33,28.35,-0.000617,-0.000316,-0.000301,18.09,18.07,0.00113,19.6,-0.85,0.001264,0.0013,21.83,12.59,26.42,35.44,-0.2287,1,1.0,1.0,False,STABLE,-0.000279,-0.000176,-4.4e-05,1.351415,1.357375,1.352122,1.352658,1.353162,1.351618,1.351082,20,5.27,1.352541,1.35257,1.352623,1.353182,47.27,54.76,-0.000146,-0.000219,57.41,72.65,0.000476,1.351415,1.353215,1.353197,1.351755,1.352332,1.352538,1.352078,1,1.0,1.352285,1.352585,1.352125,1.352355,LONDON,542685,LOW,1.352285,1.352585,1.352125,1.352355,LONDON,542685,LOW,NONE,BEARISH,BEARISH,WEAK,AT_PIVOT,LOW_WICK,BEARISH,NOISY,NONE,TESTING_PIVOT,51,26,-6.666666666666667,50,NEUTRAL,False,70,[],0,0,NEUTRAL,BEARISH,40,False,NONE,0,False,False,False,60,False,0,100,NONE,NONE,DOWN,0,True,75,55,45,80,False,True,NEUTRAL,70,False,0.0,NONE,True,BULLISH,False,True,50,False,70,35.374149659865274,10.989867498051325,65.0,37,FAIR,False,75,41,-0.27829021072610344,3,40.0,False,MEAN_REVERTING,70,33.26010080641193,19.0697531238518,True,MOMENTUM_SHIFT,False,True,False,65,True,70,NONE,100,CHOPPY,LOW,NONE,100,-0.2287,CHOPPY,20,50,30,NORMAL,NONE,70,30,80,LOW,58,55,45,-0.85,False,65,0.826411421155094,97.3588578844906,RANGING,90,False,NONE,1.351415,1.352658,1.352122,FAR,30,50,85,50,NONE,NONE,NONE,False,[],0,0,ACCUMULATION,ACCUMULATION,55,56,False,11,"Smart money accumulation. Bullish bias, look for breakout.",1.0,0.8,False,False,False,False,0.3,0.3,True,False,False,18,True,[],0,NO,ACCUMULATION,"Smart money accumulation. Bullish bias, look for breakout.",LOW,LOW,0.084,[],False,Passed basic checks,0,50,50,MEDIUM,5,WAIT,รอการวิเคราะห์จาก AI
2026-06-27 20:45:00,1.352175,1.352345,1.351905,1.351905,1.0,GBPUSD-OTC,BEARISH,1.35229,1.352787,1.353458,1.353306,1.35111,1.347517,BEARISH,1.356509,1.35118,0.005329,0.006175,28.9,27.6,-0.00067,-0.000387,-0.000284,15.0,17.36,0.001136,21.11,-0.87,0.001241,0.001324,23.03,11.77,26.63,38.7,-0.1521,1,1.0,1.0,False,STABLE,-0.000192,-0.000191,-4.7e-05,1.351265,1.356575,1.351842,1.352418,1.352922,1.351338,1.350762,20,4.67,1.352167,1.352294,1.352433,1.352994,28.65,44.44,-0.000208,-0.000199,37.22,40.53,0.000521,1.351415,1.353215,1.353112,1.35162,1.352052,1.352198,1.351758,1,1.0,1.351905,1.352345,1.351905,1.352175,LONDON,304232,LOW,1.351905,1.352345,1.351905,1.352175,LONDON,304232,LOW,NONE,BEARISH,BEARISH,WEAK,AT_PIVOT,LOW_WICK,BEARISH,NOISY,TRUE,TESTING_PIVOT,50,30,-6.666666666666667,50,NEUTRAL,False,70,[],0,0,NEUTRAL,BEARISH,40,True,BEAR_TRAP,75,True,False,True,70,False,0,100,NONE,NONE,DOWN,0,True,75,55,45,80,False,True,NEUTRAL,70,False,0.0,NONE,True,BULLISH,False,True,50,False,70,24.36305732484188,15.824357912178217,65.0,35,POOR,False,75,41,-0.31630424339168345,3,40.0,False,MEAN_REVERTING,70,34.776440553592046,17.69680341167851,True,MOMENTUM_SHIFT,False,True,True,35,False,70,NONE,100,CHOPPY,LOW,NONE,100,-0.1521,CHOPPY,20,50,30,NORMAL,NONE,70,30,80,LOW,58,55,45,-0.87,False,65,0.8629959514170041,92.81240485829959,RANGING,90,False,NONE,1.351265,1.352418,1.351842,FAR,30,50,85,50,NONE,NONE,NONE,False,[],0,0,SIDEWAY_RANGE,SIDEWAY_RANGE,54,51,False,12,Price ranging between clear levels. Suitable for mean-reversion strategies.,1.0,0.8,False,False,False,False,0.3,0.3,True,False,False,18,True,[],0,NO,SIDEWAY_RANGE,Price ranging between clear levels. Suitable for mean-reversion strategies.,LOW,LOW,0.084,[],False,Passed basic checks,0,50,50,MEDIUM,5,WAIT,รอการวิเคราะห์จาก AI
2026-06-27 20:46:00,1.352175,1.352345,1.351905,1.351905,1.0,GBPUSD-OTC,BEARISH,1.35229,1.352787,1.353458,1.353306,1.35111,1.347517,BEARISH,1.356509,1.35118,0.005329,0.006175,28.9,27.6,-0.00067,-0.000387,-0.000284,15.0,17.36,0.001136,21.11,-0.87,0.001241,0.001324,23.03,11.77,26.63,38.7,-0.1521,1,1.0,1.0,False,STABLE,-0.000192,-0.000191,-4.7e-05,1.351265,1.356575,1.351842,1.352418,1.352922,1.351338,1.350762,20,4.67,1.352167,1.352294,1.352433,1.352994,28.65,44.44,-0.000208,-0.000199,37.22,40.53,0.000521,1.351415,1.353215,1.353112,1.35162,1.352052,1.352198,1.351758,1,1.0,1.351905,1.352345,1.351905,1.352175,LONDON,362648,LOW,1.351905,1.352345,1.351905,1.352175,LONDON,362648,LOW,NONE,BEARISH,BEARISH,WEAK,AT_PIVOT,LOW_WICK,BEARISH,NOISY,TRUE,TESTING_PIVOT,50,30,-6.666666666666667,50,NEUTRAL,False,70,[],0,0,NEUTRAL,BEARISH,40,True,BEAR_TRAP,75,True,False,True,70,False,0,100,NONE,NONE,DOWN,0,True,75,55,45,80,False,True,NEUTRAL,70,False,0.0,NONE,True,BULLISH,False,True,50,False,70,24.36305732484188,15.824357912178217,65.0,35,POOR,False,75,41,-0.31630424339168345,3,40.0,False,MEAN_REVERTING,70,34.776440553592046,17.69680341167851,True,MOMENTUM_SHIFT,False,True,True,35,False,70,NONE,100,CHOPPY,LOW,NONE,100,-0.1521,CHOPPY,20,50,30,NORMAL,NONE,70,30,80,LOW,58,55,45,-0.87,False,65,0.8629959514170041,92.81240485829959,RANGING,90,False,NONE,1.351265,1.352418,1.351842,FAR,30,50,85,50,NONE,NONE,NONE,False,[],0,0,SIDEWAY_RANGE,SIDEWAY_RANGE,54,51,False,12,Price ranging between clear levels. Suitable for mean-reversion strategies.,1.0,0.8,False,False,False,False,0.3,0.3,True,False,False,18,True,[],0,NO,SIDEWAY_RANGE,Price ranging between clear levels. Suitable for mean-reversion strategies.,LOW,LOW,0.084,[],False,Passed basic checks,0,50,50,MEDIUM,5,WAIT,รอการวิเคราะห์จาก AI
2026-06-27 20:47:00,1.352175,1.352345,1.351905,1.351905,1.0,GBPUSD-OTC,BEARISH,1.35229,1.352787,1.353458,1.353306,1.35111,1.347517,BEARISH,1.356509,1.35118,0.005329,0.006175,28.9,27.6,-0.00067,-0.000387,-0.000284,15.0,17.36,0.001136,21.11,-0.87,0.001241,0.001324,23.03,11.77,26.63,38.7,-0.1521,1,1.0,1.0,False,STABLE,-0.000192,-0.000191,-4.7e-05,1.351265,1.356575,1.351842,1.352418,1.352922,1.351338,1.350762,20,4.67,1.352167,1.352294,1.352433,1.352994,28.65,44.44,-0.000208,-0.000199,37.22,40.53,0.000521,1.351415,1.353215,1.353112,1.35162,1.352052,1.352198,1.351758,1,1.0,1.351905,1.352345,1.351905,1.352175,LONDON,422972,LOW,1.351905,1.352345,1.351905,1.352175,LONDON,422972,LOW,NONE,BEARISH,BEARISH,WEAK,AT_PIVOT,LOW_WICK,BEARISH,NOISY,TRUE,TESTING_PIVOT,50,30,-6.666666666666667,50,NEUTRAL,False,70,[],0,0,NEUTRAL,BEARISH,40,True,BEAR_TRAP,75,True,False,True,70,False,0,100,NONE,NONE,DOWN,0,True,75,55,45,80,False,True,NEUTRAL,70,False,0.0,NONE,True,BULLISH,False,True,50,False,70,24.36305732484188,15.824357912178217,65.0,35,POOR,False,75,41,-0.31630424339168345,3,40.0,False,MEAN_REVERTING,70,34.776440553592046,17.69680341167851,True,MOMENTUM_SHIFT,False,True,True,35,False,70,NONE,100,CHOPPY,LOW,NONE,100,-0.1521,CHOPPY,20,50,30,NORMAL,NONE,70,30,80,LOW,58,55,45,-0.87,False,65,0.8629959514170041,92.81240485829959,RANGING,90,False,NONE,1.351265,1.352418,1.351842,FAR,30,50,85,50,NONE,NONE,NONE,False,[],0,0,ACCUMULATION,ACCUMULATION,54,56,False,12,"Smart money accumulation. Bullish bias, look for breakout.",1.0,0.8,False,False,False,False,0.3,0.3,True,False,False,18,True,[],0,NO,ACCUMULATION,"Smart money accumulation. Bullish bias, look for breakout.",LOW,LOW,0.084,[],False,Passed basic checks,0,50,50,MEDIUM,5,WAIT,รอการวิเคราะห์จาก AI
2026-06-27 20:48:00,1.352175,1.352345,1.351905,1.351905,1.0,GBPUSD-OTC,BEARISH,1.35229,1.352787,1.353458,1.353306,1.35111,1.347517,BEARISH,1.356509,1.35118,0.005329,0.006175,28.9,27.6,-0.00067,-0.000387,-0.000284,15.0,17.36,0.001136,21.11,-0.87,0.001241,0.001324,23.03,11.77,26.63,38.7,-0.1521,1,1.0,1.0,False,STABLE,-0.000192,-0.000191,-4.7e-05,1.351265,1.356575,1.351842,1.352418,1.352922,1.351338,1.350762,20,4.67,1.352167,1.352294,1.352433,1.352994,28.65,44.44,-0.000208,-0.000199,37.22,40.53,0.000521,1.351415,1.353215,1.353112,1.35162,1.352052,1.352198,1.351758,1,1.0,1.351905,1.352345,1.351905,1.352175,LONDON,483347,LOW,1.351905,1.352345,1.351905,1.352175,LONDON,483347,LOW,NONE,BEARISH,BEARISH,WEAK,AT_PIVOT,LOW_WICK,BEARISH,NOISY,TRUE,TESTING_PIVOT,50,30,-6.666666666666667,50,NEUTRAL,False,70,[],0,0,NEUTRAL,BEARISH,40,True,BEAR_TRAP,75,True,False,True,70,False,0,100,NONE,NONE,DOWN,0,True,75,55,45,80,False,True,NEUTRAL,70,False,0.0,NONE,True,BULLISH,False,True,50,False,70,24.36305732484188,15.824357912178217,65.0,35,POOR,False,75,41,-0.31630424339168345,3,40.0,False,MEAN_REVERTING,70,34.776440553592046,17.69680341167851,True,MOMENTUM_SHIFT,False,True,True,35,False,70,NONE,100,CHOPPY,LOW,NONE,100,-0.1521,CHOPPY,20,50,30,NORMAL,NONE,70,30,80,LOW,58,55,45,-0.87,False,65,0.8629959514170041,92.81240485829959,RANGING,90,False,NONE,1.351265,1.352418,1.351842,FAR,30,50,85,50,NONE,NONE,NONE,False,[],0,0,SIDEWAY_RANGE,SIDEWAY_RANGE,54,51,False,12,Price ranging between clear levels. Suitable for mean-reversion strategies.,1.0,0.8,False,False,False,False,0.3,0.3,True,False,False,18,True,[],0,NO,SIDEWAY_RANGE,Price ranging between clear levels. Suitable for mean-reversion strategies.,LOW,LOW,0.084,[],False,Passed basic checks,0,50,50,MEDIUM,5,WAIT,รอการวิเคราะห์จาก AI
2026-06-27 20:49:00,1.352175,1.352345,1.351905,1.351905,1.0,GBPUSD-OTC,BEARISH,1.35229,1.352787,1.353458,1.353306,1.35111,1.347517,BEARISH,1.356509,1.35118,0.005329,0.006175,28.9,27.6,-0.00067,-0.000387,-0.000284,15.0,17.36,0.001136,21.11,-0.87,0.001241,0.001324,23.03,11.77,26.63,38.7,-0.1521,1,1.0,1.0,False,STABLE,-0.000192,-0.000191,-4.7e-05,1.351265,1.356575,1.351842,1.352418,1.352922,1.351338,1.350762,20,4.67,1.352167,1.352294,1.352433,1.352994,28.65,44.44,-0.000208,-0.000199,37.22,40.53,0.000521,1.351415,1.353215,1.353112,1.35162,1.352052,1.352198,1.351758,1,1.0,1.351905,1.352345,1.351905,1.352175,LONDON,542736,LOW,1.351905,1.352345,1.351905,1.352175,LONDON,542736,LOW,NONE,BEARISH,BEARISH,WEAK,AT_PIVOT,LOW_WICK,BEARISH,NOISY,TRUE,TESTING_PIVOT,50,30,-6.666666666666667,50,NEUTRAL,False,70,[],0,0,NEUTRAL,BEARISH,40,True,BEAR_TRAP,75,True,False,True,70,False,0,100,NONE,NONE,DOWN,0,True,75,55,45,80,False,True,NEUTRAL,70,False,0.0,NONE,True,BULLISH,False,True,50,False,70,24.36305732484188,15.824357912178217,65.0,35,POOR,False,75,41,-0.31630424339168345,3,40.0,False,MEAN_REVERTING,70,34.776440553592046,17.69680341167851,True,MOMENTUM_SHIFT,False,True,True,35,False,70,NONE,100,CHOPPY,LOW,NONE,100,-0.1521,CHOPPY,20,50,30,NORMAL,NONE,70,30,80,LOW,58,55,45,-0.87,False,65,0.8629959514170041,92.81240485829959,RANGING,90,False,NONE,1.351265,1.352418,1.351842,FAR,30,50,85,50,NONE,NONE,NONE,False,[],0,0,ACCUMULATION,ACCUMULATION,54,56,False,12,"Smart money accumulation. Bullish bias, look for breakout.",1.0,0.8,False,False,False,False,0.3,0.3,True,False,False,18,True,[],0,NO,ACCUMULATION,"Smart money accumulation. Bullish bias, look for breakout.",LOW,LOW,0.084,[],False,Passed basic checks,0,50,50,MEDIUM,5,WAIT,รอการวิเคราะห์จาก AI
2026-06-27 20:50:00,1.351925,1.351955,1.351565,1.351805,1.0,GBPUSD-OTC,BEARISH,1.352665,1.352901,1.353454,1.353311,1.351173,1.347708,BEARISH,1.356245,1.351212,0.005032,0.006192,58.45,35.64,-0.000585,-0.000426,-0.000158,22.36,18.48,0.001209,49.75,-0.07,0.001222,0.001344,22.39,17.7,23.48,14.04,-0.0148,1,1.0,1.0,False,STABLE,-6.8e-05,-0.000167,-4.4e-05,1.351265,1.356575,1.352865,1.354165,1.354915,1.352115,1.350815,21,4.39,1.351816,1.351932,1.352145,1.352757,30.39,30.77,-0.000285,-0.000261,30.3,22.15,0.00052,1.351265,1.353215,1.353239,1.351283,1.351775,1.351985,1.351595,1,1.0,1.351805,1.351955,1.351565,1.351925,LONDON,303122,LOW,1.351805,1.351955,1.351565,1.351925,LONDON,303122,LOW,NONE,BULLISH,BULLISH,WEAK,AT_SUPPORT,LOW_WICK,BEARISH,CHAOTIC,TRUE,TESTING_SUPPORT,51,30,-6.666666666666667,50,NEUTRAL,False,70,[],0,0,NEUTRAL,BULLISH,40,True,BEAR_TRAP,50,True,False,False,70,False,0,100,NONE,NONE,DOWN,0,True,75,55,45,80,False,True,NEUTRAL,70,False,0.0,NONE,True,BULLISH,False,True,50,False,70,17.443609022555645,2.9759478189966275,65.0,28,POOR,False,75,42,-0.3069656753067343,3,50.0,False,MEAN_REVERTING,70,37.78107819240235,12.930319946019228,True,MOMENTUM_SHIFT,False,True,False,65,True,70,NONE,80,CHOPPY,NORMAL,NONE,80,-0.0148,CHOPPY,20,50,30,NORMAL,NONE,65,30,75,NORMAL,58,55,45,-0.07,False,80,0.8126614987080104,74.93385012919897,RANGING,90,False,NONE,1.351265,1.354165,1.352865,FAR,30,50,85,50,NONE,NONE,NONE,False,[],0,0,SIDEWAY_RANGE,SIDEWAY_RANGE,56,60,True,29,Price ranging between clear levels. Suitable for mean-reversion strategies.,1.0,0.5,False,False,False,False,0.3,0.3,True,False,False,18,True,[],0,NO,SIDEWAY_RANGE,Price ranging between clear levels. Suitable for mean-reversion strategies.,NORMAL,LOW,0.089,[],True,Passed basic checks,0,50,50,MEDIUM,5,WAIT,รอการวิเคราะห์จาก AI
2026-06-27 20:51:00,1.351925,1.351955,1.351565,1.351805,1.0,GBPUSD-OTC,BEARISH,1.352665,1.352901,1.353454,1.353311,1.351173,1.347708,BEARISH,1.356245,1.351212,0.005032,0.006192,58.45,35.64,-0.000585,-0.000426,-0.000158,22.36,18.48,0.001209,49.75,-0.07,0.001222,0.001344,22.39,17.7,23.48,14.04,-0.0148,1,1.0,1.0,False,STABLE,-6.8e-05,-0.000167,-4.4e-05,1.351265,1.356575,1.352865,1.354165,1.354915,1.352115,1.350815,21,4.39,1.351816,1.351932,1.352145,1.352757,30.39,30.77,-0.000285,-0.000261,30.3,22.15,0.00052,1.351265,1.353215,1.353239,1.351283,1.351775,1.351985,1.351595,1,1.0,1.351805,1.351955,1.351565,1.351925,LONDON,362475,LOW,1.351805,1.351955,1.351565,1.351925,LONDON,362475,LOW,NONE,BULLISH,BULLISH,WEAK,AT_SUPPORT,LOW_WICK,BEARISH,CHAOTIC,TRUE,TESTING_SUPPORT,51,30,-6.666666666666667,50,NEUTRAL,False,70,[],0,0,NEUTRAL,BULLISH,40,True,BEAR_TRAP,50,True,False,False,70,False,0,100,NONE,NONE,DOWN,0,True,75,55,45,80,False,True,NEUTRAL,70,False,0.0,NONE,True,BULLISH,False,True,50,False,70,17.443609022555645,2.9759478189966275,65.0,28,POOR,False,75,42,-0.3069656753067343,3,50.0,False,MEAN_REVERTING,70,37.78107819240235,12.930319946019228,True,MOMENTUM_SHIFT,False,True,False,65,True,70,NONE,80,CHOPPY,NORMAL,NONE,80,-0.0148,CHOPPY,20,50,30,NORMAL,NONE,65,30,75,NORMAL,58,55,45,-0.07,False,80,0.8126614987080104,74.93385012919897,RANGING,90,False,NONE,1.351265,1.354165,1.352865,FAR,30,50,85,50,NONE,NONE,NONE,False,[],0,0,SIDEWAY_RANGE,SIDEWAY_RANGE,56,60,True,29,Price ranging between clear levels. Suitable for mean-reversion strategies.,1.0,0.5,False,False,False,False,0.3,0.3,True,False,False,18,True,[],0,NO,SIDEWAY_RANGE,Price ranging between clear levels. Suitable for mean-reversion strategies.,NORMAL,LOW,0.089,[],True,Passed basic checks,0,50,50,MEDIUM,5,WAIT,รอการวิเคราะห์จาก AI
2026-06-27 20:52:00,1.351925,1.351955,1.351565,1.351805,1.0,GBPUSD-OTC,BEARISH,1.352665,1.352901,1.353454,1.353311,1.351173,1.347708,BEARISH,1.356245,1.351212,0.005032,0.006192,58.45,35.64,-0.000585,-0.000426,-0.000158,22.36,18.48,0.001209,49.75,-0.07,0.001222,0.001344,22.39,17.7,23.48,14.04,-0.0148,1,1.0,1.0,False,STABLE,-6.8e-05,-0.000167,-4.4e-05,1.351265,1.356575,1.352865,1.354165,1.354915,1.352115,1.350815,21,4.39,1.351816,1.351932,1.352145,1.352757,30.39,30.77,-0.000285,-0.000261,30.3,22.15,0.00052,1.351265,1.353215,1.353239,1.351283,1.351775,1.351985,1.351595,1,1.0,1.351805,1.351955,1.351565,1.351925,LONDON,422912,LOW,1.351805,1.351955,1.351565,1.351925,LONDON,422912,LOW,NONE,BULLISH,BULLISH,WEAK,AT_SUPPORT,LOW_WICK,BEARISH,CHAOTIC,TRUE,TESTING_SUPPORT,51,30,-6.666666666666667,50,NEUTRAL,False,70,[],0,0,NEUTRAL,BULLISH,40,True,BEAR_TRAP,50,True,False,False,70,False,0,100,NONE,NONE,DOWN,0,True,75,55,45,80,False,True,NEUTRAL,70,False,0.0,NONE,True,BULLISH,False,True,50,False,70,17.443609022555645,2.9759478189966275,65.0,28,POOR,False,75,42,-0.3069656753067343,3,50.0,False,MEAN_REVERTING,70,37.78107819240235,12.930319946019228,True,MOMENTUM_SHIFT,False,True,False,65,True,70,NONE,80,CHOPPY,NORMAL,NONE,80,-0.0148,CHOPPY,20,50,30,NORMAL,NONE,65,30,75,NORMAL,58,55,45,-0.07,False,80,0.8126614987080104,74.93385012919897,RANGING,90,False,NONE,1.351265,1.354165,1.352865,FAR,30,50,85,50,NONE,NONE,NONE,False,[],0,0,SIDEWAY_RANGE,SIDEWAY_RANGE,56,60,True,29,Price ranging between clear levels. Suitable for mean-reversion strategies.,1.0,0.5,False,False,False,False,0.3,0.3,True,False,False,18,True,[],0,NO,SIDEWAY_RANGE,Price ranging between clear levels. Suitable for mean-reversion strategies.,NORMAL,LOW,0.089,[],True,Passed basic checks,0,50,50,MEDIUM,5,WAIT,รอการวิเคราะห์จาก AI
2026-06-27 20:53:00,1.351925,1.351955,1.351565,1.351805,1.0,GBPUSD-OTC,BEARISH,1.352665,1.352901,1.353454,1.353311,1.351173,1.347708,BEARISH,1.356245,1.351212,0.005032,0.006192,58.45,35.64,-0.000585,-0.000426,-0.000158,22.36,18.48,0.001209,49.75,-0.07,0.001222,0.001344,22.39,17.7,23.48,14.04,-0.0148,1,1.0,1.0,False,STABLE,-6.8e-05,-0.000167,-4.4e-05,1.351265,1.356575,1.352865,1.354165,1.354915,1.352115,1.350815,21,4.39,1.351816,1.351932,1.352145,1.352756,30.39,30.77,-0.000285,-0.000261,30.3,22.15,0.00052,1.351265,1.353215,1.353239,1.351283,1.351775,1.351985,1.351595,1,1.0,1.351805,1.351955,1.351565,1.351925,LONDON,483273,LOW,1.351805,1.351955,1.351565,1.351925,LONDON,483273,LOW,NONE,BULLISH,BULLISH,WEAK,AT_SUPPORT,LOW_WICK,BEARISH,CHAOTIC,TRUE,TESTING_SUPPORT,51,30,-6.666666666666667,50,NEUTRAL,False,70,[],0,0,NEUTRAL,BULLISH,40,True,BEAR_TRAP,50,True,False,False,70,False,0,100,NONE,NONE,DOWN,0,True,75,55,45,80,False,True,NEUTRAL,70,False,0.0,NONE,True,BULLISH,False,True,50,False,70,17.443609022555645,2.9759478189966275,65.0,28,POOR,False,75,42,-0.3069656753067343,3,50.0,False,MEAN_REVERTING,70,37.78107819240235,12.930319946019228,True,MOMENTUM_SHIFT,False,True,False,65,True,70,NONE,80,CHOPPY,NORMAL,NONE,80,-0.0148,CHOPPY,20,50,30,NORMAL,NONE,65,30,75,NORMAL,58,55,45,-0.07,False,80,0.8126614987080104,74.93385012919897,RANGING,90,False,NONE,1.351265,1.354165,1.352865,FAR,30,50,85,50,NONE,NONE,NONE,False,[],0,0,SIDEWAY_RANGE,SIDEWAY_RANGE,56,60,True,29,Price ranging between clear levels. Suitable for mean-reversion strategies.,1.0,0.5,False,False,False,False,0.3,0.3,True,False,False,18,True,[],0,NO,SIDEWAY_RANGE,Price ranging between clear levels. Suitable for mean-reversion strategies.,NORMAL,LOW,0.089,[],True,Passed basic checks,0,50,50,MEDIUM,5,WAIT,รอการวิเคราะห์จาก AI
2026-06-27 20:54:00,1.351925,1.351955,1.351565,1.351805,1.0,GBPUSD-OTC,BEARISH,1.352665,1.352901,1.353454,1.353311,1.351173,1.347708,BEARISH,1.356245,1.351212,0.005032,0.006192,58.45,35.64,-0.000585,-0.000426,-0.000158,22.36,18.48,0.001209,49.75,-0.07,0.001222,0.001344,22.39,17.7,23.48,14.04,-0.0148,1,1.0,1.0,False,STABLE,-6.8e-05,-0.000167,-4.4e-05,1.351265,1.356575,1.352865,1.354165,1.354915,1.352115,1.350815,21,4.39,1.351816,1.351932,1.352145,1.352756,30.39,30.77,-0.000285,-0.000261,30.3,22.15,0.00052,1.351265,1.353215,1.353239,1.351283,1.351775,1.351985,1.351595,1,1.0,1.351805,1.351955,1.351565,1.351925,LONDON,542755,LOW,1.351805,1.351955,1.351565,1.351925,LONDON,542755,LOW,NONE,BULLISH,BULLISH,WEAK,AT_SUPPORT,LOW_WICK,BEARISH,CHAOTIC,TRUE,TESTING_SUPPORT,51,30,-6.666666666666667,50,NEUTRAL,False,70,[],0,0,NEUTRAL,BULLISH,40,True,BEAR_TRAP,50,True,False,False,70,False,0,100,NONE,NONE,DOWN,0,True,75,55,45,80,False,True,NEUTRAL,70,False,0.0,NONE,True,BULLISH,False,True,50,False,70,17.443609022555645,2.9759478189966275,65.0,28,POOR,False,75,42,-0.3069656753067343,3,50.0,False,MEAN_REVERTING,70,37.78107819240235,12.930319946019228,True,MOMENTUM_SHIFT,False,True,False,65,True,70,NONE,80,CHOPPY,NORMAL,NONE,80,-0.0148,CHOPPY,20,50,30,NORMAL,NONE,65,30,75,NORMAL,58,55,45,-0.07,False,80,0.8126614987080104,74.93385012919897,RANGING,90,False,NONE,1.351265,1.354165,1.352865,FAR,30,50,85,50,NONE,NONE,NONE,False,[],0,0,SIDEWAY_RANGE,SIDEWAY_RANGE,56,60,True,29,Price ranging between clear levels. Suitable for mean-reversion strategies.,1.0,0.5,False,False,False,False,0.3,0.3,True,False,False,18,True,[],0,NO,SIDEWAY_RANGE,Price ranging between clear levels. Suitable for mean-reversion strategies.,NORMAL,LOW,0.089,[],True,Passed basic checks,0,50,50,MEDIUM,5,WAIT,รอการวิเคราะห์จาก AI
2026-06-27 20:55:00,1.353455,1.354025,1.353305,1.353885,1.0,GBPUSD-OTC,BEARISH,1.353008,1.353045,1.353477,1.353326,1.351222,1.347757,BULLISH,1.356214,1.351198,0.005017,0.006211,68.14,38.66,-0.000489,-0.000439,-5e-05,36.37,24.58,0.001179,37.69,-0.3,0.001202,0.001357,21.19,19.95,22.32,5.6,0.0776,1,1.0,1.0,False,STABLE,5.3e-05,-0.000161,-4.2e-05,1.351265,1.356575,1.353715,1.354125,1.354555,1.353285,1.352875,22,4.5,1.353248,1.352823,1.352587,1.352841,88.93,69.87,0.000156,-8.6e-05,95.19,89.3,0.00057,1.351265,1.354025,1.353837,1.351035,1.353738,1.354172,1.353452,1,1.0,1.353885,1.354025,1.353305,1.353455,LONDON,303187,LOW,1.353885,1.354025,1.353305,1.353455,LONDON,303187,LOW,NONE,BULLISH,BULLISH,WEAK,AT_PIVOT,HIGH_WICK,NEUTRAL,CHAOTIC,TRUE,TESTING_PIVOT,50,30,-6.666666666666667,50,NEUTRAL,False,70,[],0,0,NEUTRAL,BULLISH,40,True,BEAR_TRAP,50,True,False,False,70,False,0,100,UP,NONE,NONE,0,True,75,55,45,80,False,True,NEUTRAL,70,False,0.0,NONE,True,BULLISH,False,True,50,False,70,3.7531276063372934,4.840764331209672,60.0,22,POOR,False,75,41,-0.29381043712694593,3,40.0,False,MEAN_REVERTING,70,42.24061817425053,8.644255717470356,False,NONE,False,False,False,100,True,70,UP,80,CORRECTIVE,NORMAL,UP,80,0.0776,CORRECTIVE,65,30,65,NORMAL,BEARISH,65,40,75,NORMAL,58,55,45,-0.3,False,80,0.8077604250523265,85.07195749476736,RANGING,90,False,NONE,1.351265,1.354125,1.353715,FAR,30,50,85,50,NONE,NONE,NONE,False,[],0,0,SIDEWAY_RANGE,SIDEWAY_RANGE,55,60,True,29,Price ranging between clear levels. Suitable for mean-reversion strategies.,1.0,0.5,False,False,True,True,0.3,0.3,True,False,False,18,True,[],0,NO,SIDEWAY_RANGE,Price ranging between clear levels. Suitable for mean-reversion strategies.,NORMAL,LOW,0.087,[],True,Passed basic checks,0,50,50,MEDIUM,5,WAIT,รอการวิเคราะห์จาก AI
2026-06-27 20:56:00,1.353455,1.354025,1.353305,1.353885,1.0,GBPUSD-OTC,BEARISH,1.353008,1.353045,1.353477,1.353326,1.351222,1.347757,BULLISH,1.356214,1.351198,0.005017,0.006211,68.14,38.66,-0.000489,-0.000439,-5e-05,36.37,24.58,0.001179,37.69,-0.3,0.001202,0.001357,21.19,19.95,22.32,5.6,0.0776,1,1.0,1.0,False,STABLE,5.3e-05,-0.000161,-4.2e-05,1.351265,1.356575,1.353715,1.354125,1.354555,1.353285,1.352875,22,4.5,1.353248,1.352823,1.352587,1.352841,88.93,69.87,0.000156,-8.6e-05,95.19,89.3,0.00057,1.351265,1.354025,1.353837,1.351035,1.353738,1.354172,1.353452,1,1.0,1.353885,1.354025,1.353305,1.353455,LONDON,362481,LOW,1.353885,1.354025,1.353305,1.353455,LONDON,362481,LOW,NONE,BULLISH,BULLISH,WEAK,AT_PIVOT,HIGH_WICK,NEUTRAL,CHAOTIC,TRUE,TESTING_PIVOT,50,30,-6.666666666666667,50,NEUTRAL,False,70,[],0,0,NEUTRAL,BULLISH,40,True,BEAR_TRAP,50,True,False,False,70,False,0,100,UP,NONE,NONE,0,True,75,55,45,80,False,True,NEUTRAL,70,False,0.0,NONE,True,BULLISH,False,True,50,False,70,3.7531276063372934,4.840764331209672,60.0,22,POOR,False,75,41,-0.29381043712694593,3,40.0,False,MEAN_REVERTING,70,42.24061817425053,8.644255717470356,False,NONE,False,False,False,100,True,70,UP,80,CORRECTIVE,NORMAL,UP,80,0.0776,CORRECTIVE,65,30,65,NORMAL,BEARISH,65,40,75,NORMAL,58,55,45,-0.3,False,80,0.8077604250523265,85.07195749476736,RANGING,90,False,NONE,1.351265,1.354125,1.353715,FAR,30,50,85,50,NONE,NONE,NONE,False,[],0,0,ACCUMULATION,ACCUMULATION,55,65,True,29,"Smart money accumulation. Bullish bias, look for breakout.",1.0,0.5,False,False,True,True,0.3,0.3,True,False,False,18,True,[],0,NO,ACCUMULATION,"Smart money accumulation. Bullish bias, look for breakout.",NORMAL,LOW,0.087,[],True,Passed basic checks,0,50,50,MEDIUM,5,WAIT,รอการวิเคราะห์จาก AI
2026-06-27 20:57:00,1.353455,1.354025,1.353305,1.353885,1.0,GBPUSD-OTC,BEARISH,1.353008,1.353045,1.353477,1.353326,1.351222,1.347757,BULLISH,1.356214,1.351198,0.005017,0.006211,68.14,38.66,-0.000489,-0.000439,-5e-05,36.37,24.58,0.001179,37.69,-0.3,0.001202,0.001357,21.19,19.95,22.32,5.6,0.0776,1,1.0,1.0,False,STABLE,5.3e-05,-0.000161,-4.2e-05,1.351265,1.356575,1.353715,1.354125,1.354555,1.353285,1.352875,22,4.5,1.353248,1.352823,1.352587,1.352841,88.93,69.87,0.000156,-8.6e-05,95.19,89.3,0.00057,1.351265,1.354025,1.353837,1.351035,1.353738,1.354172,1.353452,1,1.0,1.353885,1.354025,1.353305,1.353455,LONDON,422762,LOW,1.353885,1.354025,1.353305,1.353455,LONDON,422762,LOW,NONE,BULLISH,BULLISH,WEAK,AT_PIVOT,HIGH_WICK,NEUTRAL,CHAOTIC,TRUE,TESTING_PIVOT,50,30,-6.666666666666667,50,NEUTRAL,False,70,[],0,0,NEUTRAL,BULLISH,40,True,BEAR_TRAP,50,True,False,False,70,False,0,100,UP,NONE,NONE,0,True,75,55,45,80,False,True,NEUTRAL,70,False,0.0,NONE,True,BULLISH,False,True,50,False,70,3.7531276063372934,4.840764331209672,60.0,22,POOR,False,75,41,-0.29381043712694593,3,40.0,False,MEAN_REVERTING,70,42.24061817425053,8.644255717470356,False,NONE,False,False,False,100,True,70,UP,80,CORRECTIVE,NORMAL,UP,80,0.0776,CORRECTIVE,65,30,65,NORMAL,BEARISH,65,40,75,NORMAL,58,55,45,-0.3,False,80,0.8077604250523265,85.07195749476736,RANGING,90,False,NONE,1.351265,1.354125,1.353715,FAR,30,50,85,50,NONE,NONE,NONE,False,[],0,0,SIDEWAY_RANGE,SIDEWAY_RANGE,55,60,True,29,Price ranging between clear levels. Suitable for mean-reversion strategies.,1.0,0.5,False,False,True,True,0.3,0.3,True,False,False,18,True,[],0,NO,SIDEWAY_RANGE,Price ranging between clear levels. Suitable for mean-reversion strategies.,NORMAL,LOW,0.087,[],True,Passed basic checks,0,50,50,MEDIUM,5,WAIT,รอการวิเคราะห์จาก AI
2026-06-27 20:58:00,1.353455,1.354025,1.353305,1.353885,1.0,GBPUSD-OTC,BEARISH,1.353008,1.353045,1.353477,1.353326,1.351222,1.347757,BULLISH,1.356214,1.351198,0.005017,0.006211,68.14,38.66,-0.000489,-0.000439,-5e-05,36.37,24.58,0.001179,37.69,-0.3,0.001202,0.001357,21.19,19.95,22.32,5.6,0.0776,1,1.0,1.0,False,STABLE,5.3e-05,-0.000161,-4.2e-05,1.351265,1.356575,1.353715,1.354125,1.354555,1.353285,1.352875,22,4.5,1.353248,1.352823,1.352587,1.352841,88.93,69.87,0.000156,-8.6e-05,95.19,89.3,0.00057,1.351265,1.354025,1.353837,1.351035,1.353738,1.354172,1.353452,1,1.0,1.353885,1.354025,1.353305,1.353455,LONDON,483160,LOW,1.353885,1.354025,1.353305,1.353455,LONDON,483160,LOW,NONE,BULLISH,BULLISH,WEAK,AT_PIVOT,HIGH_WICK,NEUTRAL,CHAOTIC,TRUE,TESTING_PIVOT,50,30,-6.666666666666667,50,NEUTRAL,False,70,[],0,0,NEUTRAL,BULLISH,40,True,BEAR_TRAP,50,True,False,False,70,False,0,100,UP,NONE,NONE,0,True,75,55,45,80,False,True,NEUTRAL,70,False,0.0,NONE,True,BULLISH,False,True,50,False,70,3.7531276063372934,4.840764331209672,60.0,22,POOR,False,75,41,-0.29381043712694593,3,40.0,False,MEAN_REVERTING,70,42.24061817425053,8.644255717470356,False,NONE,False,False,False,100,True,70,UP,80,CORRECTIVE,NORMAL,UP,80,0.0776,CORRECTIVE,65,30,65,NORMAL,BEARISH,65,40,75,NORMAL,58,55,45,-0.3,False,80,0.8077604250523265,85.07195749476736,RANGING,90,False,NONE,1.351265,1.354125,1.353715,FAR,30,50,85,50,NONE,NONE,NONE,False,[],0,0,ACCUMULATION,ACCUMULATION,55,65,True,29,"Smart money accumulation. Bullish bias, look for breakout.",1.0,0.5,False,False,True,True,0.3,0.3,True,False,False,18,True,[],0,NO,ACCUMULATION,"Smart money accumulation. Bullish bias, look for breakout.",NORMAL,LOW,0.087,[],True,Passed basic checks,0,50,50,MEDIUM,5,WAIT,รอการวิเคราะห์จาก AI
2026-06-27 20:59:00,1.353455,1.354025,1.353305,1.353885,1.0,GBPUSD-OTC,BEARISH,1.353008,1.353045,1.353477,1.353326,1.351222,1.347757,BULLISH,1.356214,1.351198,0.005017,0.006211,68.14,38.66,-0.000489,-0.000439,-5e-05,36.37,24.58,0.001179,37.69,-0.3,0.001202,0.001357,21.19,19.95,22.32,5.6,0.0776,1,1.0,1.0,False,STABLE,5.3e-05,-0.000161,-4.2e-05,1.351265,1.356575,1.353715,1.354125,1.354555,1.353285,1.352875,22,4.5,1.353248,1.352823,1.352587,1.352841,88.93,69.87,0.000156,-8.6e-05,95.19,89.3,0.00057,1.351265,1.354025,1.353837,1.351035,1.353738,1.354172,1.353452,1,1.0,1.353885,1.354025,1.353305,1.353455,LONDON,542490,LOW,1.353885,1.354025,1.353305,1.353455,LONDON,542490,LOW,NONE,BULLISH,BULLISH,WEAK,AT_PIVOT,HIGH_WICK,NEUTRAL,CHAOTIC,TRUE,TESTING_PIVOT,50,30,-6.666666666666667,50,NEUTRAL,False,70,[],0,0,NEUTRAL,BULLISH,40,True,BEAR_TRAP,50,True,False,False,70,False,0,100,UP,NONE,NONE,0,True,75,55,45,80,False,True,NEUTRAL,70,False,0.0,NONE,True,BULLISH,False,True,50,False,70,3.7531276063372934,4.840764331209672,60.0,22,POOR,False,75,41,-0.29381043712694593,3,40.0,False,MEAN_REVERTING,70,42.24061817425053,8.644255717470356,False,NONE,False,False,False,100,True,70,UP,80,CORRECTIVE,NORMAL,UP,80,0.0776,CORRECTIVE,65,30,65,NORMAL,BEARISH,65,40,75,NORMAL,58,55,45,-0.3,False,80,0.8077604250523265,85.07195749476736,RANGING,90,False,NONE,1.351265,1.354125,1.353715,FAR,30,50,85,50,NONE,NONE,NONE,False,[],0,0,SIDEWAY_RANGE,SIDEWAY_RANGE,55,60,True,29,Price ranging between clear levels. Suitable for mean-reversion strategies.,1.0,0.5,False,False,True,True,0.3,0.3,True,False,False,18,True,[],0,NO,SIDEWAY_RANGE,Price ranging between clear levels. Suitable for mean-reversion strategies.,NORMAL,LOW,0.087,[],True,Passed basic checks,0,50,50,MEDIUM,5,WAIT,รอการวิเคราะห์จาก AI
2026-06-27 21:00:00,1.353675,1.353675,1.353345,1.353445,1.0,GBPUSD-OTC,BULLISH,1.353301,1.353198,1.353516,1.353348,1.351289,1.347926,BULLISH,1.356112,1.351205,0.004908,0.006229,78.29,46.67,-0.000393,-0.00043,3.7e-05,53.49,37.41,0.001136,20.1,-0.88,0.001177,0.001365,19.89,19.81,21.02,2.97,0.0717,1,1.0,1.0,False,STABLE,0.00012,-0.00014,-4.1e-05,1.351265,1.356575,1.353848,1.354352,1.354818,1.353382,1.352878,23,4.67,1.353566,1.353342,1.353008,1.35299,44.36,75.91,0.000327,0.000177,82.41,84.34,0.000495,1.351265,1.354145,1.354437,1.350907,1.353488,1.353632,1.353302,1,1.0,1.353445,1.353675,1.353345,1.353675,NEW YORK,304117,LOW,1.353445,1.353675,1.353345,1.353675,NEW YORK,304117,LOW,NONE,BULLISH,BULLISH,WEAK,AT_PIVOT,HIGH_WICK,NEUTRAL,CHAOTIC,NONE,TESTING_PIVOT,48,33,-6.666666666666667,50,NEUTRAL,False,70,[],0,0,NEUTRAL,BULLISH,40,False,NONE,0,False,False,False,60,False,0,100,UP,NONE,NONE,0,True,75,55,45,80,False,True,NEUTRAL,70,False,0.0,NONE,True,BULLISH,False,True,50,False,70,8.268059181897518,0.0,60.0,22,POOR,False,75,39,-0.2791301117969983,3,30.000000000000004,False,MEAN_REVERTING,70,45.336716177694434,5.63413766115764,True,MOMENTUM_SHIFT,False,True,False,65,True,70,NONE,100,CHOPPY,LOW,NONE,100,0.0717,CHOPPY,20,50,30,WEAK,BEARISH,50,40,60,LOW,58,55,45,-0.88,False,65,0.7879274361855836,99.92,RANGING,90,False,NONE,1.351265,1.354352,1.353848,FAR,30,50,85,50,NONE,NONE,NONE,False,[],0,0,BREAKOUT_EMERGING,BREAKOUT_EMERGING,51,70,True,28,"Volatility expansion after compression. Potential breakout opportunity. (breakout prob: 30%, reversal prob: 50%)",1.0,0.5,False,False,False,True,0.3,0.3,True,False,False,18,True,[],0,NO,BREAKOUT_EMERGING,"Volatility expansion after compression. Potential breakout opportunity. (breakout prob: 30%, reversal prob: 50%)",LOW,LOW,0.084,[],True,Passed basic checks,0,50,50,MEDIUM,5,WAIT,รอการวิเคราะห์จาก AI
2026-06-27 21:01:00,1.353675,1.353675,1.353345,1.353445,1.0,GBPUSD-OTC,BULLISH,1.353301,1.353198,1.353516,1.353348,1.351289,1.347926,BULLISH,1.356112,1.351205,0.004908,0.006229,78.29,46.67,-0.000393,-0.00043,3.7e-05,53.49,37.41,0.001136,20.1,-0.88,0.001177,0.001365,19.89,19.81,21.02,2.97,0.0717,1,1.0,1.0,False,STABLE,0.00012,-0.00014,-4.1e-05,1.351265,1.356575,1.353848,1.354352,1.354818,1.353382,1.352878,23,4.67,1.353566,1.353342,1.353008,1.35299,44.36,75.91,0.000327,0.000177,82.41,84.34,0.000495,1.351265,1.354145,1.354437,1.350907,1.353488,1.353632,1.353302,1,1.0,1.353445,1.353675,1.353345,1.353675,NEW YORK,363372,LOW,1.353445,1.353675,1.353345,1.353675,NEW YORK,363372,LOW,NONE,BULLISH,BULLISH,WEAK,AT_PIVOT,HIGH_WICK,NEUTRAL,CHAOTIC,NONE,TESTING_PIVOT,48,33,-6.666666666666667,50,NEUTRAL,False,70,[],0,0,NEUTRAL,BULLISH,40,False,NONE,0,False,False,False,60,False,0,100,UP,NONE,NONE,0,True,75,55,45,80,False,True,NEUTRAL,70,False,0.0,NONE,True,BULLISH,False,True,50,False,70,8.268059181897518,0.0,60.0,22,POOR,False,75,39,-0.2791301117969983,3,30.000000000000004,False,MEAN_REVERTING,70,45.336716177694434,5.63413766115764,True,MOMENTUM_SHIFT,False,True,False,65,True,70,NONE,100,CHOPPY,LOW,NONE,100,0.0717,CHOPPY,20,50,30,WEAK,BEARISH,50,40,60,LOW,58,55,45,-0.88,False,65,0.7879274361855836,99.92,RANGING,90,False,NONE,1.351265,1.354352,1.353848,FAR,30,50,85,50,NONE,NONE,NONE,False,[],0,0,BREAKOUT_EMERGING,BREAKOUT_EMERGING,51,70,True,28,"Volatility expansion after compression. Potential breakout opportunity. (breakout prob: 30%, reversal prob: 50%)",1.0,0.5,False,False,False,True,0.3,0.3,True,False,False,18,True,[],0,NO,BREAKOUT_EMERGING,"Volatility expansion after compression. Potential breakout opportunity. (breakout prob: 30%, reversal prob: 50%)",LOW,LOW,0.084,[],True,Passed basic checks,0,50,50,MEDIUM,5,WAIT,รอการวิเคราะห์จาก AI
2026-06-27 21:02:00,1.353675,1.353675,1.353345,1.353445,1.0,GBPUSD-OTC,BULLISH,1.353301,1.353198,1.353516,1.353348,1.351289,1.347926,BULLISH,1.356112,1.351205,0.004908,0.006229,78.29,46.67,-0.000393,-0.00043,3.7e-05,53.49,37.41,0.001136,20.1,-0.88,0.001177,0.001365,19.89,19.81,21.02,2.97,0.0717,1,1.0,1.0,False,STABLE,0.00012,-0.00014,-4.1e-05,1.351265,1.356575,1.353848,1.354352,1.354818,1.353382,1.352878,23,4.67,1.353566,1.353342,1.353008,1.352991,44.36,75.91,0.000327,0.000177,82.41,84.34,0.000495,1.351265,1.354145,1.354437,1.350907,1.353488,1.353632,1.353302,1,1.0,1.353445,1.353675,1.353345,1.353675,NEW YORK,422780,LOW,1.353445,1.353675,1.353345,1.353675,NEW YORK,422780,LOW,NONE,BULLISH,BULLISH,WEAK,AT_PIVOT,HIGH_WICK,NEUTRAL,CHAOTIC,NONE,TESTING_PIVOT,48,33,-6.666666666666667,50,NEUTRAL,False,70,[],0,0,NEUTRAL,BULLISH,40,False,NONE,0,False,False,False,60,False,0,100,UP,NONE,NONE,0,True,75,55,45,80,False,True,NEUTRAL,70,False,0.0,NONE,True,BULLISH,False,True,50,False,70,8.268059181897518,0.0,60.0,22,POOR,False,75,39,-0.2791301117969983,3,30.000000000000004,False,MEAN_REVERTING,70,45.336716177694434,5.63413766115764,True,MOMENTUM_SHIFT,False,True,False,65,True,70,NONE,100,CHOPPY,LOW,NONE,100,0.0717,CHOPPY,20,50,30,WEAK,BEARISH,50,40,60,LOW,58,55,45,-0.88,False,65,0.7879274361855836,99.92,RANGING,90,False,NONE,1.351265,1.354352,1.353848,FAR,30,50,85,50,NONE,NONE,NONE,False,[],0,0,BREAKOUT_EMERGING,BREAKOUT_EMERGING,51,70,True,28,"Volatility expansion after compression. Potential breakout opportunity. (breakout prob: 30%, reversal prob: 50%)",1.0,0.5,False,False,False,True,0.3,0.3,True,False,False,18,True,[],0,NO,BREAKOUT_EMERGING,"Volatility expansion after compression. Potential breakout opportunity. (breakout prob: 30%, reversal prob: 50%)",LOW,LOW,0.084,[],True,Passed basic checks,0,50,50,MEDIUM,5,WAIT,รอการวิเคราะห์จาก AI
2026-06-27 21:03:00,1.353675,1.353675,1.353345,1.353445,1.0,GBPUSD-OTC,BULLISH,1.353301,1.353198,1.353516,1.353348,1.351289,1.347926,BULLISH,1.356112,1.351205,0.004908,0.006229,78.29,46.67,-0.000393,-0.00043,3.7e-05,53.49,37.41,0.001136,20.1,-0.88,0.001177,0.001365,19.89,19.81,21.02,2.97,0.0717,1,1.0,1.0,False,STABLE,0.00012,-0.00014,-4.1e-05,1.351265,1.356575,1.353848,1.354352,1.354818,1.353382,1.352878,23,4.67,1.353566,1.353342,1.353008,1.35299,44.36,75.91,0.000327,0.000177,82.41,84.34,0.000495,1.351265,1.354145,1.354437,1.350907,1.353488,1.353632,1.353302,1,1.0,1.353445,1.353675,1.353345,1.353675,NEW YORK,483200,LOW,1.353445,1.353675,1.353345,1.353675,NEW YORK,483200,LOW,NONE,BULLISH,BULLISH,WEAK,AT_PIVOT,HIGH_WICK,NEUTRAL,CHAOTIC,NONE,TESTING_PIVOT,48,33,-6.666666666666667,50,NEUTRAL,False,70,[],0,0,NEUTRAL,BULLISH,40,False,NONE,0,False,False,False,60,False,0,100,UP,NONE,NONE,0,True,75,55,45,80,False,True,NEUTRAL,70,False,0.0,NONE,True,BULLISH,False,True,50,False,70,8.268059181897518,0.0,60.0,22,POOR,False,75,39,-0.2791301117969983,3,30.000000000000004,False,MEAN_REVERTING,70,45.336716177694434,5.63413766115764,True,MOMENTUM_SHIFT,False,True,False,65,True,70,NONE,100,CHOPPY,LOW,NONE,100,0.0717,CHOPPY,20,50,30,WEAK,BEARISH,50,40,60,LOW,58,55,45,-0.88,False,65,0.7879274361855836,99.92,RANGING,90,False,NONE,1.351265,1.354352,1.353848,FAR,30,50,85,50,NONE,NONE,NONE,False,[],0,0,BREAKOUT_EMERGING,BREAKOUT_EMERGING,51,70,True,28,"Volatility expansion after compression. Potential breakout opportunity. (breakout prob: 30%, reversal prob: 50%)",1.0,0.5,False,False,False,True,0.3,0.3,True,False,False,18,True,[],0,NO,BREAKOUT_EMERGING,"Volatility expansion after compression. Potential breakout opportunity. (breakout prob: 30%, reversal prob: 50%)",LOW,LOW,0.084,[],True,Passed basic checks,0,50,50,MEDIUM,5,WAIT,รอการวิเคราะห์จาก AI
2026-06-27 21:04:00,1.353675,1.353675,1.353345,1.353445,1.0,GBPUSD-OTC,BULLISH,1.353301,1.353198,1.353516,1.353348,1.351289,1.347926,BULLISH,1.356112,1.351205,0.004908,0.006229,78.29,46.67,-0.000393,-0.00043,3.7e-05,53.49,37.41,0.001136,20.1,-0.88,0.001177,0.001365,19.89,19.81,21.02,2.97,0.0717,1,1.0,1.0,False,STABLE,0.00012,-0.00014,-4.1e-05,1.351265,1.356575,1.353848,1.354352,1.354818,1.353382,1.352878,23,4.67,1.353566,1.353342,1.353008,1.35299,44.36,75.91,0.000327,0.000177,82.41,84.34,0.000495,1.351265,1.354145,1.354437,1.350907,1.353488,1.353632,1.353302,1,1.0,1.353445,1.353675,1.353345,1.353675,NEW YORK,542588,LOW,1.353445,1.353675,1.353345,1.353675,NEW YORK,542588,LOW,NONE,BULLISH,BULLISH,WEAK,AT_PIVOT,HIGH_WICK,NEUTRAL,CHAOTIC,NONE,TESTING_PIVOT,48,33,-6.666666666666667,50,NEUTRAL,False,70,[],0,0,NEUTRAL,BULLISH,40,False,NONE,0,False,False,False,60,False,0,100,UP,NONE,NONE,0,True,75,55,45,80,False,True,NEUTRAL,70,False,0.0,NONE,True,BULLISH,False,True,50,False,70,8.268059181897518,0.0,60.0,22,POOR,False,75,39,-0.2791301117969983,3,30.000000000000004,False,MEAN_REVERTING,70,45.336716177694434,5.63413766115764,True,MOMENTUM_SHIFT,False,True,False,65,True,70,NONE,100,CHOPPY,LOW,NONE,100,0.0717,CHOPPY,20,50,30,WEAK,BEARISH,50,40,60,LOW,58,55,45,-0.88,False,65,0.7879274361855836,99.92,RANGING,90,False,NONE,1.351265,1.354352,1.353848,FAR,30,50,85,50,NONE,NONE,NONE,False,[],0,0,BREAKOUT_EMERGING,BREAKOUT_EMERGING,51,70,True,28,"Volatility expansion after compression. Potential breakout opportunity. (breakout prob: 30%, reversal prob: 50%)",1.0,0.5,False,False,False,True,0.3,0.3,True,False,False,18,True,[],0,NO,BREAKOUT_EMERGING,"Volatility expansion after compression. Potential breakout opportunity. (breakout prob: 30%, reversal prob: 50%)",LOW,LOW,0.084,[],True,Passed basic checks,0,50,50,MEDIUM,5,WAIT,รอการวิเคราะห์จาก AI
2026-06-27 21:05:00,1.353875,1.353925,1.353505,1.353565,1.0,GBPUSD-OTC,BULLISH,1.353299,1.353216,1.353495,1.353346,1.351336,1.348031,BEARISH,1.356085,1.351173,0.004913,0.006246,62.15,35.8,-0.00036,-0.000416,5.6e-05,56.7,48.85,0.001109,10.55,-1.25,0.001163,0.001361,18.79,18.93,20.7,4.47,0.0495,1,1.0,1.0,False,STABLE,0.000157,-0.000142,-3.9e-05,1.351265,1.356575,1.353502,1.353758,1.354222,1.353038,1.352782,24,4.79,1.353804,1.353696,1.353372,1.353164,43.86,64.51,0.000376,0.000326,78.22,86.86,0.000483,1.351265,1.354315,1.355052,1.351199,1.353665,1.353825,1.353405,1,1.0,1.353565,1.353925,1.353505,1.353875,NEW YORK,302970,LOW,1.353565,1.353925,1.353505,1.353875,NEW YORK,302970,LOW,NONE,BEARISH,BEARISH,WEAK,AT_PIVOT,HIGH_WICK,NEUTRAL,CHAOTIC,NONE,TESTING_PIVOT,49,33,-6.666666666666667,50,NEUTRAL,False,70,[],0,0,NEUTRAL,BEARISH,40,False,NONE,0,False,False,False,60,False,0,50,NONE,NONE,NONE,0,False,75,55,45,80,False,True,NEUTRAL,70,False,0.0,NONE,True,BULLISH,False,True,50,False,70,5.300988319857123,8.275261324041594,60.0,24,POOR,False,75,39,-0.2738750595631739,3,30.000000000000004,False,MEAN_REVERTING,70,44.26729724369595,6.52275200406276,True,MOMENTUM_SHIFT,False,True,False,65,True,70,UP,100,CHOPPY,LOW,UP,100,0.0495,CHOPPY,75,30,75,WEAK,BEARISH,55,40,65,LOW,58,55,45,-1.25,False,65,0.7865834133845662,100.0,RANGING,90,False,NONE,1.351265,1.353758,1.353502,FAR,30,50,85,50,NONE,NONE,NONE,False,[],0,0,BREAKOUT_EMERGING,BREAKOUT_EMERGING,52,70,True,28,"Volatility expansion after compression. Potential breakout opportunity. (breakout prob: 30%, reversal prob: 50%)",1.0,0.5,False,False,True,True,0.3,0.3,True,False,False,18,True,[],0,NO,BREAKOUT_EMERGING,"Volatility expansion after compression. Potential breakout opportunity. (breakout prob: 30%, reversal prob: 50%)",LOW,LOW,0.082,[],True,Passed basic checks,0,50,50,MEDIUM,5,WAIT,รอการวิเคราะห์จาก AI
2026-06-27 21:06:00,1.353875,1.353925,1.353505,1.353565,1.0,GBPUSD-OTC,BULLISH,1.353299,1.353216,1.353495,1.353346,1.351336,1.348031,BEARISH,1.356085,1.351173,0.004913,0.006246,62.15,35.8,-0.00036,-0.000416,5.6e-05,56.7,48.85,0.001109,10.55,-1.25,0.001163,0.001361,18.79,18.93,20.7,4.47,0.0495,1,1.0,1.0,False,STABLE,0.000157,-0.000142,-3.9e-05,1.351265,1.356575,1.353502,1.353758,1.354222,1.353038,1.352782,24,4.79,1.353804,1.353696,1.353372,1.353164,43.86,64.51,0.000376,0.000326,78.22,86.86,0.000483,1.351265,1.354315,1.355052,1.351199,1.353665,1.353825,1.353405,1,1.0,1.353565,1.353925,1.353505,1.353875,NEW YORK,363307,LOW,1.353565,1.353925,1.353505,1.353875,NEW YORK,363307,LOW,NONE,BEARISH,BEARISH,WEAK,AT_PIVOT,HIGH_WICK,NEUTRAL,CHAOTIC,NONE,TESTING_PIVOT,49,33,-6.666666666666667,50,NEUTRAL,False,70,[],0,0,NEUTRAL,BEARISH,40,False,NONE,0,False,False,False,60,False,0,50,NONE,NONE,NONE,0,False,75,55,45,80,False,True,NEUTRAL,70,False,0.0,NONE,True,BULLISH,False,True,50,False,70,5.300988319857123,8.275261324041594,60.0,24,POOR,False,75,39,-0.2738750595631739,3,30.000000000000004,False,MEAN_REVERTING,70,44.26729724369595,6.52275200406276,True,MOMENTUM_SHIFT,False,True,False,65,True,70,UP,100,CHOPPY,LOW,UP,100,0.0495,CHOPPY,75,30,75,WEAK,BEARISH,55,40,65,LOW,58,55,45,-1.25,False,65,0.7865834133845662,100.0,RANGING,90,False,NONE,1.351265,1.353758,1.353502,FAR,30,50,85,50,NONE,NONE,NONE,False,[],0,0,BREAKOUT_EMERGING,BREAKOUT_EMERGING,52,70,True,28,"Volatility expansion after compression. Potential breakout opportunity. (breakout prob: 30%, reversal prob: 50%)",1.0,0.5,False,False,True,True,0.3,0.3,True,False,False,18,True,[],0,NO,BREAKOUT_EMERGING,"Volatility expansion after compression. Potential breakout opportunity. (breakout prob: 30%, reversal prob: 50%)",LOW,LOW,0.082,[],True,Passed basic checks,0,50,50,MEDIUM,5,WAIT,รอการวิเคราะห์จาก AI
2026-06-27 21:07:00,1.353875,1.353925,1.353505,1.353565,1.0,GBPUSD-OTC,BULLISH,1.353299,1.353216,1.353495,1.353346,1.351336,1.348031,BEARISH,1.356085,1.351173,0.004913,0.006246,62.15,35.8,-0.00036,-0.000416,5.6e-05,56.7,48.85,0.001109,10.55,-1.25,0.001163,0.001361,18.79,18.93,20.7,4.47,0.0495,1,1.0,1.0,False,STABLE,0.000157,-0.000142,-3.9e-05,1.351265,1.356575,1.353502,1.353758,1.354222,1.353038,1.352782,24,4.79,1.353804,1.353696,1.353372,1.353164,43.86,64.51,0.000376,0.000326,78.22,86.86,0.000483,1.351265,1.354315,1.355052,1.351199,1.353665,1.353825,1.353405,1,1.0,1.353565,1.353925,1.353505,1.353875,NEW YORK,422699,LOW,1.353565,1.353925,1.353505,1.353875,NEW YORK,422699,LOW,NONE,BEARISH,BEARISH,WEAK,AT_PIVOT,HIGH_WICK,NEUTRAL,CHAOTIC,NONE,TESTING_PIVOT,49,33,-6.666666666666667,50,NEUTRAL,False,70,[],0,0,NEUTRAL,BEARISH,40,False,NONE,0,False,False,False,60,False,0,50,NONE,NONE,NONE,0,False,75,55,45,80,False,True,NEUTRAL,70,False,0.0,NONE,True,BULLISH,False,True,50,False,70,5.300988319857123,8.275261324041594,60.0,24,POOR,False,75,39,-0.2738750595631739,3,30.000000000000004,False,MEAN_REVERTING,70,44.26729724369595,6.52275200406276,True,MOMENTUM_SHIFT,False,True,False,65,True,70,UP,100,CHOPPY,LOW,UP,100,0.0495,CHOPPY,75,30,75,WEAK,BEARISH,55,40,65,LOW,58,55,45,-1.25,False,65,0.7865834133845662,100.0,RANGING,90,False,NONE,1.351265,1.353758,1.353502,FAR,30,50,85,50,NONE,NONE,NONE,False,[],0,0,BREAKOUT_EMERGING,BREAKOUT_EMERGING,52,70,True,28,"Volatility expansion after compression. Potential breakout opportunity. (breakout prob: 30%, reversal prob: 50%)",1.0,0.5,False,False,True,True,0.3,0.3,True,False,False,18,True,[],0,NO,BREAKOUT_EMERGING,"Volatility expansion after compression. Potential breakout opportunity. (breakout prob: 30%, reversal prob: 50%)",LOW,LOW,0.082,[],True,Passed basic checks,0,50,50,MEDIUM,5,WAIT,รอการวิเคราะห์จาก AI
2026-06-27 21:08:00,1.353875,1.353925,1.353505,1.353565,1.0,GBPUSD-OTC,BULLISH,1.353299,1.353216,1.353495,1.353346,1.351336,1.348031,BEARISH,1.356085,1.351173,0.004913,0.006246,62.15,35.8,-0.00036,-0.000416,5.6e-05,56.7,48.85,0.001109,10.55,-1.25,0.001163,0.001361,18.79,18.93,20.7,4.47,0.0495,1,1.0,1.0,False,STABLE,0.000157,-0.000142,-3.9e-05,1.351265,1.356575,1.353502,1.353758,1.354222,1.353038,1.352782,24,4.79,1.353804,1.353696,1.353372,1.353164,43.86,64.51,0.000376,0.000326,78.22,86.86,0.000483,1.351265,1.354315,1.355052,1.351199,1.353665,1.353825,1.353405,1,1.0,1.353565,1.353925,1.353505,1.353875,NEW YORK,483186,LOW,1.353565,1.353925,1.353505,1.353875,NEW YORK,483186,LOW,NONE,BEARISH,BEARISH,WEAK,AT_PIVOT,HIGH_WICK,NEUTRAL,CHAOTIC,NONE,TESTING_PIVOT,49,33,-6.666666666666667,50,NEUTRAL,False,70,[],0,0,NEUTRAL,BEARISH,40,False,NONE,0,False,False,False,60,False,0,50,NONE,NONE,NONE,0,False,75,55,45,80,False,True,NEUTRAL,70,False,0.0,NONE,True,BULLISH,False,True,50,False,70,5.300988319857123,8.275261324041594,60.0,24,POOR,False,75,39,-0.2738750595631739,3,30.000000000000004,False,MEAN_REVERTING,70,44.26729724369595,6.52275200406276,True,MOMENTUM_SHIFT,False,True,False,65,True,70,UP,100,CHOPPY,LOW,UP,100,0.0495,CHOPPY,75,30,75,WEAK,BEARISH,55,40,65,LOW,58,55,45,-1.25,False,65,0.7865834133845662,100.0,RANGING,90,False,NONE,1.351265,1.353758,1.353502,FAR,30,50,85,50,NONE,NONE,NONE,False,[],0,0,BREAKOUT_EMERGING,BREAKOUT_EMERGING,52,70,True,28,"Volatility expansion after compression. Potential breakout opportunity. (breakout prob: 30%, reversal prob: 50%)",1.0,0.5,False,False,True,True,0.3,0.3,True,False,False,18,True,[],0,NO,BREAKOUT_EMERGING,"Volatility expansion after compression. Potential breakout opportunity. (breakout prob: 30%, reversal prob: 50%)",LOW,LOW,0.082,[],True,Passed basic checks,0,50,50,MEDIUM,5,WAIT,รอการวิเคราะห์จาก AI
2026-06-27 21:09:00,1.353875,1.353925,1.353505,1.353565,1.0,GBPUSD-OTC,BULLISH,1.353299,1.353216,1.353495,1.353346,1.351336,1.348031,BEARISH,1.356085,1.351173,0.004913,0.006246,62.15,35.8,-0.00036,-0.000416,5.6e-05,56.7,48.85,0.001109,10.55,-1.25,0.001163,0.001361,18.79,18.93,20.7,4.47,0.0495,1,1.0,1.0,False,STABLE,0.000157,-0.000142,-3.9e-05,1.351265,1.356575,1.353502,1.353758,1.354222,1.353038,1.352782,24,4.79,1.353804,1.353696,1.353372,1.353164,43.86,64.51,0.000376,0.000326,78.22,86.86,0.000483,1.351265,1.354315,1.355052,1.351199,1.353665,1.353825,1.353405,1,1.0,1.353565,1.353925,1.353505,1.353875,NEW YORK,542509,LOW,1.353565,1.353925,1.353505,1.353875,NEW YORK,542509,LOW,NONE,BEARISH,BEARISH,WEAK,AT_PIVOT,HIGH_WICK,NEUTRAL,CHAOTIC,NONE,TESTING_PIVOT,49,33,-6.666666666666667,50,NEUTRAL,False,70,[],0,0,NEUTRAL,BEARISH,40,False,NONE,0,False,False,False,60,False,0,50,NONE,NONE,NONE,0,False,75,55,45,80,False,True,NEUTRAL,70,False,0.0,NONE,True,BULLISH,False,True,50,False,70,5.300988319857123,8.275261324041594,60.0,24,POOR,False,75,39,-0.2738750595631739,3,30.000000000000004,False,MEAN_REVERTING,70,44.26729724369595,6.52275200406276,True,MOMENTUM_SHIFT,False,True,False,65,True,70,UP,100,CHOPPY,LOW,UP,100,0.0495,CHOPPY,75,30,75,WEAK,BEARISH,55,40,65,LOW,58,55,45,-1.25,False,65,0.7865834133845662,100.0,RANGING,90,False,NONE,1.351265,1.353758,1.353502,FAR,30,50,85,50,NONE,NONE,NONE,False,[],0,0,ACCUMULATION,ACCUMULATION,52,65,True,28,"Smart money accumulation. Bullish bias, look for breakout.",1.0,0.5,False,False,True,True,0.3,0.3,True,False,False,18,True,[],0,NO,ACCUMULATION,"Smart money accumulation. Bullish bias, look for breakout.",LOW,LOW,0.082,[],True,Passed basic checks,0,50,50,MEDIUM,5,WAIT,รอการวิเคราะห์จาก AI
2026-06-27 21:10:00,1.353305,1.353485,1.353015,1.353165,1.0,GBPUSD-OTC,BULLISH,1.353547,1.353366,1.353547,1.353374,1.351393,1.348111,BULLISH,1.355925,1.351218,0.004708,0.006263,72.34,50.55,-0.00027,-0.000387,0.000116,68.09,59.43,0.001099,7.54,-1.26,0.001152,0.001348,17.56,19.66,19.04,1.62,0.1294,1,1.0,1.0,False,STABLE,0.000211,-0.000111,-3.7e-05,1.351265,1.356575,1.353798,1.354582,1.355118,1.353262,1.352478,25,4.83,1.353426,1.35352,1.3534,1.353217,23.53,40.32,0.0002,0.000286,19.93,28.92,0.000421,1.351785,1.354315,1.354453,1.352694,1.353222,1.353428,1.352958,1,1.0,1.353165,1.353485,1.353015,1.353305,NEW YORK,302830,LOW,1.353165,1.353485,1.353015,1.353305,NEW YORK,302830,LOW,NONE,BULLISH,BULLISH,WEAK,NONE,HIGH_WICK,NEUTRAL,CHAOTIC,NONE,NONE,49,33,-6.666666666666667,50,NEUTRAL,False,70,[],0,0,NEUTRAL,BULLISH,40,False,NONE,0,False,False,False,60,False,0,100,UP,NONE,NONE,0,True,75,55,45,80,False,True,NEUTRAL,70,False,0.0,NONE,True,BULLISH,False,True,50,False,70,10.879848628192883,4.8372911169748,60.0,25,POOR,False,75,39,-0.28610882306127294,3,30.000000000000004,False,MEAN_REVERTING,70,42.70897421500024,8.28824941560856,True,MOMENTUM_SHIFT,False,True,False,65,True,70,NONE,100,CHOPPY,LOW,NONE,100,0.1294,CHOPPY,20,50,30,WEAK,NONE,50,40,60,LOW,58,55,45,-1.26,False,65,0.751716429825962,100.0,RANGING,90,False,NONE,1.351265,1.354582,1.353798,FAR,30,50,85,50,NONE,NONE,NONE,False,[],0,0,SIDEWAY_RANGE,SIDEWAY_RANGE,55,60,True,27,Price ranging between clear levels. Suitable for mean-reversion strategies.,1.0,0.5,False,False,False,False,0.3,0.3,True,False,False,18,True,[],0,NO,SIDEWAY_RANGE,Price ranging between clear levels. Suitable for mean-reversion strategies.,LOW,LOW,0.081,[],True,Passed basic checks,0,50,50,MEDIUM,5,WAIT,รอการวิเคราะห์จาก AI
2026-06-27 21:11:00,1.353305,1.353485,1.353015,1.353165,1.0,GBPUSD-OTC,BULLISH,1.353547,1.353366,1.353547,1.353374,1.351393,1.348111,BULLISH,1.355925,1.351218,0.004708,0.006263,72.34,50.55,-0.00027,-0.000387,0.000116,68.09,59.43,0.001099,7.54,-1.26,0.001152,0.001348,17.56,19.66,19.04,1.62,0.1294,1,1.0,1.0,False,STABLE,0.000211,-0.000111,-3.7e-05,1.351265,1.356575,1.353798,1.354582,1.355118,1.353262,1.352478,25,4.83,1.353426,1.35352,1.3534,1.353218,23.53,40.32,0.0002,0.000286,19.93,28.92,0.000421,1.351785,1.354315,1.354453,1.352694,1.353222,1.353428,1.352958,1,1.0,1.353165,1.353485,1.353015,1.353305,NEW YORK,363202,LOW,1.353165,1.353485,1.353015,1.353305,NEW YORK,363202,LOW,NONE,BULLISH,BULLISH,WEAK,NONE,HIGH_WICK,NEUTRAL,CHAOTIC,NONE,NONE,49,33,-6.666666666666667,50,NEUTRAL,False,70,[],0,0,NEUTRAL,BULLISH,40,False,NONE,0,False,False,False,60,False,0,100,UP,NONE,NONE,0,True,75,55,45,80,False,True,NEUTRAL,70,False,0.0,NONE,True,BULLISH,False,True,50,False,70,10.879848628192883,4.8372911169748,60.0,25,POOR,False,75,39,-0.28610882306127294,3,30.000000000000004,False,MEAN_REVERTING,70,42.70897421500024,8.28824941560856,True,MOMENTUM_SHIFT,False,True,False,65,True,70,NONE,100,CHOPPY,LOW,NONE,100,0.1294,CHOPPY,20,50,30,WEAK,NONE,50,40,60,LOW,58,55,45,-1.26,False,65,0.751716429825962,100.0,RANGING,90,False,NONE,1.351265,1.354582,1.353798,FAR,30,50,85,50,NONE,NONE,NONE,False,[],0,0,SIDEWAY_RANGE,SIDEWAY_RANGE,55,60,True,27,Price ranging between clear levels. Suitable for mean-reversion strategies.,1.0,0.5,False,False,False,False,0.3,0.3,True,False,False,18,True,[],0,NO,SIDEWAY_RANGE,Price ranging between clear levels. Suitable for mean-reversion strategies.,LOW,LOW,0.081,[],True,Passed basic checks,0,50,50,MEDIUM,5,WAIT,รอการวิเคราะห์จาก AI
2026-06-27 21:12:00,1.353305,1.353485,1.353015,1.353165,1.0,GBPUSD-OTC,BULLISH,1.353547,1.353366,1.353547,1.353374,1.351393,1.348111,BULLISH,1.355925,1.351218,0.004708,0.006263,72.34,50.55,-0.00027,-0.000387,0.000116,68.09,59.43,0.001099,7.54,-1.26,0.001152,0.001348,17.56,19.66,19.04,1.62,0.1294,1,1.0,1.0,False,STABLE,0.000211,-0.000111,-3.7e-05,1.351265,1.356575,1.353798,1.354582,1.355118,1.353262,1.352478,25,4.83,1.353426,1.35352,1.3534,1.353218,23.53,40.32,0.0002,0.000286,19.93,28.92,0.000421,1.351785,1.354315,1.354453,1.352694,1.353222,1.353428,1.352958,1,1.0,1.353165,1.353485,1.353015,1.353305,NEW YORK,422746,LOW,1.353165,1.353485,1.353015,1.353305,NEW YORK,422746,LOW,NONE,BULLISH,BULLISH,WEAK,NONE,HIGH_WICK,NEUTRAL,CHAOTIC,NONE,NONE,49,33,-6.666666666666667,50,NEUTRAL,False,70,[],0,0,NEUTRAL,BULLISH,40,False,NONE,0,False,False,False,60,False,0,100,UP,NONE,NONE,0,True,75,55,45,80,False,True,NEUTRAL,70,False,0.0,NONE,True,BULLISH,False,True,50,False,70,10.879848628192883,4.8372911169748,60.0,25,POOR,False,75,39,-0.28610882306127294,3,30.000000000000004,False,MEAN_REVERTING,70,42.70897421500024,8.28824941560856,True,MOMENTUM_SHIFT,False,True,False,65,True,70,NONE,100,CHOPPY,LOW,NONE,100,0.1294,CHOPPY,20,50,30,WEAK,NONE,50,40,60,LOW,58,55,45,-1.26,False,65,0.751716429825962,100.0,RANGING,90,False,NONE,1.351265,1.354582,1.353798,FAR,30,50,85,50,NONE,NONE,NONE,False,[],0,0,SIDEWAY_RANGE,SIDEWAY_RANGE,55,60,True,27,Price ranging between clear levels. Suitable for mean-reversion strategies.,1.0,0.5,False,False,False,False,0.3,0.3,True,False,False,18,True,[],0,NO,SIDEWAY_RANGE,Price ranging between clear levels. Suitable for mean-reversion strategies.,LOW,LOW,0.081,[],True,Passed basic checks,0,50,50,MEDIUM,5,WAIT,รอการวิเคราะห์จาก AI
2026-06-27 21:13:00,1.353305,1.353485,1.353015,1.353165,1.0,GBPUSD-OTC,BULLISH,1.353547,1.353366,1.353547,1.353374,1.351393,1.348111,BULLISH,1.355925,1.351218,0.004708,0.006263,72.34,50.55,-0.00027,-0.000387,0.000116,68.09,59.43,0.001099,7.54,-1.26,0.001152,0.001348,17.56,19.66,19.04,1.62,0.1294,1,1.0,1.0,False,STABLE,0.000211,-0.000111,-3.7e-05,1.351265,1.356575,1.353798,1.354582,1.355118,1.353262,1.352478,25,4.83,1.353426,1.35352,1.3534,1.353218,23.53,40.32,0.0002,0.000286,19.93,28.92,0.000421,1.351785,1.354315,1.354453,1.352694,1.353222,1.353428,1.352958,1,1.0,1.353165,1.353485,1.353015,1.353305,NEW YORK,483252,LOW,1.353165,1.353485,1.353015,1.353305,NEW YORK,483252,LOW,NONE,BULLISH,BULLISH,WEAK,NONE,HIGH_WICK,NEUTRAL,CHAOTIC,NONE,NONE,49,33,-6.666666666666667,50,NEUTRAL,False,70,[],0,0,NEUTRAL,BULLISH,40,False,NONE,0,False,False,False,60,False,0,100,UP,NONE,NONE,0,True,75,55,45,80,False,True,NEUTRAL,70,False,0.0,NONE,True,BULLISH,False,True,50,False,70,10.879848628192883,4.8372911169748,60.0,25,POOR,False,75,39,-0.28610882306127294,3,30.000000000000004,False,MEAN_REVERTING,70,42.70897421500024,8.28824941560856,True,MOMENTUM_SHIFT,False,True,False,65,True,70,NONE,100,CHOPPY,LOW,NONE,100,0.1294,CHOPPY,20,50,30,WEAK,NONE,50,40,60,LOW,58,55,45,-1.26,False,65,0.751716429825962,100.0,RANGING,90,False,NONE,1.351265,1.354582,1.353798,FAR,30,50,85,50,NONE,NONE,NONE,False,[],0,0,SIDEWAY_RANGE,SIDEWAY_RANGE,55,60,True,27,Price ranging between clear levels. Suitable for mean-reversion strategies.,1.0,0.5,False,False,False,False,0.3,0.3,True,False,False,18,True,[],0,NO,SIDEWAY_RANGE,Price ranging between clear levels. Suitable for mean-reversion strategies.,LOW,LOW,0.081,[],True,Passed basic checks,0,50,50,MEDIUM,5,WAIT,รอการวิเคราะห์จาก AI
2026-06-27 21:14:00,1.353305,1.353485,1.353015,1.353165,1.0,GBPUSD-OTC,BULLISH,1.353547,1.353366,1.353547,1.353374,1.351393,1.348111,BULLISH,1.355925,1.351218,0.004708,0.006263,72.34,50.55,-0.00027,-0.000387,0.000116,68.09,59.43,0.001099,7.54,-1.26,0.001152,0.001348,17.56,19.66,19.04,1.62,0.1294,1,1.0,1.0,False,STABLE,0.000211,-0.000111,-3.7e-05,1.351265,1.356575,1.353798,1.354582,1.355118,1.353262,1.352478,25,4.83,1.353426,1.35352,1.3534,1.353218,23.53,40.32,0.0002,0.000286,19.93,28.92,0.000421,1.351785,1.354315,1.354453,1.352694,1.353222,1.353428,1.352958,1,1.0,1.353165,1.353485,1.353015,1.353305,NEW YORK,543241,LOW,1.353165,1.353485,1.353015,1.353305,NEW YORK,543241,LOW,NONE,BULLISH,BULLISH,WEAK,NONE,HIGH_WICK,NEUTRAL,CHAOTIC,NONE,NONE,49,33,-6.666666666666667,50,NEUTRAL,False,70,[],0,0,NEUTRAL,BULLISH,40,False,NONE,0,False,False,False,60,False,0,100,UP,NONE,NONE,0,True,75,55,45,80,False,True,NEUTRAL,70,False,0.0,NONE,True,BULLISH,False,True,50,False,70,10.879848628192883,4.8372911169748,60.0,25,POOR,False,75,39,-0.28610882306127294,3,30.000000000000004,False,MEAN_REVERTING,70,42.70897421500024,8.28824941560856,True,MOMENTUM_SHIFT,False,True,False,65,True,70,NONE,100,CHOPPY,LOW,NONE,100,0.1294,CHOPPY,20,50,30,WEAK,NONE,50,40,60,LOW,58,55,45,-1.26,False,65,0.751716429825962,100.0,RANGING,90,False,NONE,1.351265,1.354582,1.353798,FAR,30,50,85,50,NONE,NONE,NONE,False,[],0,0,ACCUMULATION,ACCUMULATION,55,65,True,27,"Smart money accumulation. Bullish bias, look for breakout.",1.0,0.5,False,False,False,False,0.3,0.3,True,False,False,18,True,[],0,NO,ACCUMULATION,"Smart money accumulation. Bullish bias, look for breakout.",LOW,LOW,0.081,[],True,Passed basic checks,0,50,50,MEDIUM,5,WAIT,รอการวิเคราะห์จาก AI
2026-06-27 21:15:00,1.354025,1.354245,1.353295,1.353335,1.0,GBPUSD-OTC,BULLISH,1.35401,1.353652,1.35368,1.353435,1.351486,1.348353,BULLISH,1.355887,1.351235,0.004652,0.006274,81.31,59.57,-0.000126,-0.000335,0.000208,80.05,68.28,0.001179,32.16,-0.53,0.001151,0.001333,17.09,21.07,16.89,10.99,0.1782,1,1.0,1.0,False,STABLE,0.000275,-6.7e-05,-3.3e-05,1.351265,1.356575,1.354305,1.355585,1.356235,1.353655,1.352375,26,4.5,1.353675,1.353672,1.353549,1.353321,40.72,37.57,0.000193,0.00024,56.31,64.07,0.000489,1.353015,1.354335,1.354288,1.353159,1.353625,1.353955,1.353005,1,1.0,1.353335,1.354245,1.353295,1.354025,NEW YORK,304388,LOW,1.353335,1.354245,1.353295,1.354025,NEW YORK,304388,LOW,NONE,BULLISH,BULLISH,WEAK,NONE,HIGH_WICK,NEUTRAL,CHAOTIC,NONE,NONE,47,33,-6.666666666666667,50,NEUTRAL,False,70,[],0,0,NEUTRAL,BULLISH,40,False,NONE,0,False,False,False,60,False,0,100,UP,NONE,NONE,0,True,75,55,45,80,False,True,NEUTRAL,70,False,0.0,NONE,True,BULLISH,False,True,50,False,70,1.8404907975463705,3.4220532319389605,55.00000000000001,20,POOR,False,75,39,-0.2586211425951834,3,30.000000000000004,False,MEAN_REVERTING,70,46.01877907098691,5.640857806669368,True,MOMENTUM_SHIFT,False,True,False,65,True,70,NONE,100,CHOPPY,NORMAL,NONE,100,0.1782,CHOPPY,20,50,30,WEAK,NONE,50,40,60,NORMAL,58,55,45,-0.53,False,80,0.7414727446605036,90.272,RANGING,90,False,NONE,1.351265,1.355585,1.354305,FAR,30,50,85,50,NONE,NONE,NONE,False,[],0,0,SIDEWAY_RANGE,SIDEWAY_RANGE,62,60,True,27,Price ranging between clear levels. Suitable for mean-reversion strategies.,1.0,0.5,False,False,False,False,0.3,0.3,True,False,False,18,True,[],0,NO,SIDEWAY_RANGE,Price ranging between clear levels. Suitable for mean-reversion strategies.,NORMAL,LOW,0.087,[],True,Passed basic checks,0,50,50,MEDIUM,5,WAIT,รอการวิเคราะห์จาก AI
2026-06-27 21:16:00,1.354025,1.354245,1.353295,1.353335,1.0,GBPUSD-OTC,BULLISH,1.35401,1.353652,1.35368,1.353435,1.351486,1.348353,BULLISH,1.355887,1.351235,0.004652,0.006274,81.31,59.57,-0.000126,-0.000335,0.000208,80.05,68.28,0.001179,32.16,-0.53,0.001151,0.001333,17.09,21.07,16.89,10.99,0.1782,1,1.0,1.0,False,STABLE,0.000275,-6.7e-05,-3.3e-05,1.351265,1.356575,1.354305,1.355585,1.356235,1.353655,1.352375,26,4.5,1.353675,1.353672,1.353549,1.353321,40.72,37.57,0.000193,0.00024,56.31,64.07,0.000489,1.353015,1.354335,1.354288,1.353159,1.353625,1.353955,1.353005,1,1.0,1.353335,1.354245,1.353295,1.354025,NEW YORK,362715,LOW,1.353335,1.354245,1.353295,1.354025,NEW YORK,362715,LOW,NONE,BULLISH,BULLISH,WEAK,NONE,HIGH_WICK,NEUTRAL,CHAOTIC,NONE,NONE,47,33,-6.666666666666667,50,NEUTRAL,False,70,[],0,0,NEUTRAL,BULLISH,40,False,NONE,0,False,False,False,60,False,0,100,UP,NONE,NONE,0,True,75,55,45,80,False,True,NEUTRAL,70,False,0.0,NONE,True,BULLISH,False,True,50,False,70,1.8404907975463705,3.4220532319389605,55.00000000000001,20,POOR,False,75,39,-0.2586211425951834,3,30.000000000000004,False,MEAN_REVERTING,70,46.01877907098691,5.640857806669368,True,MOMENTUM_SHIFT,False,True,False,65,True,70,NONE,100,CHOPPY,NORMAL,NONE,100,0.1782,CHOPPY,20,50,30,WEAK,NONE,50,40,60,NORMAL,58,55,45,-0.53,False,80,0.7414727446605036,90.272,RANGING,90,False,NONE,1.351265,1.355585,1.354305,FAR,30,50,85,50,NONE,NONE,NONE,False,[],0,0,SIDEWAY_RANGE,SIDEWAY_RANGE,62,60,True,27,Price ranging between clear levels. Suitable for mean-reversion strategies.,1.0,0.5,False,False,False,False,0.3,0.3,True,False,False,18,True,[],0,NO,SIDEWAY_RANGE,Price ranging between clear levels. Suitable for mean-reversion strategies.,NORMAL,LOW,0.087,[],True,Passed basic checks,0,50,50,MEDIUM,5,WAIT,รอการวิเคราะห์จาก AI
2026-06-27 21:17:00,1.354025,1.354245,1.353295,1.353335,1.0,GBPUSD-OTC,BULLISH,1.35401,1.353652,1.35368,1.353435,1.351486,1.348353,BULLISH,1.355887,1.351235,0.004652,0.006274,81.31,59.57,-0.000126,-0.000335,0.000208,80.05,68.28,0.001179,32.16,-0.53,0.001151,0.001333,17.09,21.07,16.89,10.99,0.1782,1,1.0,1.0,False,STABLE,0.000275,-6.7e-05,-3.3e-05,1.351265,1.356575,1.354305,1.355585,1.356235,1.353655,1.352375,26,4.5,1.353675,1.353672,1.353549,1.353321,40.72,37.57,0.000193,0.00024,56.31,64.07,0.000489,1.353015,1.354335,1.354288,1.353159,1.353625,1.353955,1.353005,1,1.0,1.353335,1.354245,1.353295,1.354025,NEW YORK,423087,LOW,1.353335,1.354245,1.353295,1.354025,NEW YORK,423087,LOW,NONE,BULLISH,BULLISH,WEAK,NONE,HIGH_WICK,NEUTRAL,CHAOTIC,NONE,NONE,47,33,-6.666666666666667,50,NEUTRAL,False,70,[],0,0,NEUTRAL,BULLISH,40,False,NONE,0,False,False,False,60,False,0,100,UP,NONE,NONE,0,True,75,55,45,80,False,True,NEUTRAL,70,False,0.0,NONE,True,BULLISH,False,True,50,False,70,1.8404907975463705,3.4220532319389605,55.00000000000001,20,POOR,False,75,39,-0.2586211425951834,3,30.000000000000004,False,MEAN_REVERTING,70,46.01877907098691,5.640857806669368,True,MOMENTUM_SHIFT,False,True,False,65,True,70,NONE,100,CHOPPY,NORMAL,NONE,100,0.1782,CHOPPY,20,50,30,WEAK,NONE,50,40,60,NORMAL,58,55,45,-0.53,False,80,0.7414727446605036,90.272,RANGING,90,False,NONE,1.351265,1.355585,1.354305,FAR,30,50,85,50,NONE,NONE,NONE,False,[],0,0,SIDEWAY_RANGE,SIDEWAY_RANGE,62,60,True,27,Price ranging between clear levels. Suitable for mean-reversion strategies.,1.0,0.5,False,False,False,False,0.3,0.3,True,False,False,18,True,[],0,NO,SIDEWAY_RANGE,Price ranging between clear levels. Suitable for mean-reversion strategies.,NORMAL,LOW,0.087,[],True,Passed basic checks,0,50,50,MEDIUM,5,WAIT,รอการวิเคราะห์จาก AI
2026-06-27 21:18:00,1.354025,1.354245,1.353295,1.353335,1.0,GBPUSD-OTC,BULLISH,1.35401,1.353652,1.35368,1.353435,1.351486,1.348353,BULLISH,1.355887,1.351235,0.004652,0.006274,81.31,59.57,-0.000126,-0.000335,0.000208,80.05,68.28,0.001179,32.16,-0.53,0.001151,0.001333,17.09,21.07,16.89,10.99,0.1782,1,1.0,1.0,False,STABLE,0.000275,-6.7e-05,-3.3e-05,1.351265,1.356575,1.354305,1.355585,1.356235,1.353655,1.352375,26,4.5,1.353675,1.353672,1.353549,1.353321,40.72,37.57,0.000193,0.00024,56.31,64.07,0.000489,1.353015,1.354335,1.354288,1.353159,1.353625,1.353955,1.353005,1,1.0,1.353335,1.354245,1.353295,1.354025,NEW YORK,482521,LOW,1.353335,1.354245,1.353295,1.354025,NEW YORK,482521,LOW,NONE,BULLISH,BULLISH,WEAK,NONE,HIGH_WICK,NEUTRAL,CHAOTIC,NONE,NONE,47,33,-6.666666666666667,50,NEUTRAL,False,70,[],0,0,NEUTRAL,BULLISH,40,False,NONE,0,False,False,False,60,False,0,100,UP,NONE,NONE,0,True,75,55,45,80,False,True,NEUTRAL,70,False,0.0,NONE,True,BULLISH,False,True,50,False,70,1.8404907975463705,3.4220532319389605,55.00000000000001,20,POOR,False,75,39,-0.2586211425951834,3,30.000000000000004,False,MEAN_REVERTING,70,46.01877907098691,5.640857806669368,True,MOMENTUM_SHIFT,False,True,False,65,True,70,NONE,100,CHOPPY,NORMAL,NONE,100,0.1782,CHOPPY,20,50,30,WEAK,NONE,50,40,60,NORMAL,58,55,45,-0.53,False,80,0.7414727446605036,90.272,RANGING,90,False,NONE,1.351265,1.355585,1.354305,FAR,30,50,85,50,NONE,NONE,NONE,False,[],0,0,SIDEWAY_RANGE,SIDEWAY_RANGE,62,60,True,27,Price ranging between clear levels. Suitable for mean-reversion strategies.,1.0,0.5,False,False,False,False,0.3,0.3,True,False,False,18,True,[],0,NO,SIDEWAY_RANGE,Price ranging between clear levels. Suitable for mean-reversion strategies.,NORMAL,LOW,0.087,[],True,Passed basic checks,0,50,50,MEDIUM,5,WAIT,รอการวิเคราะห์จาก AI
2026-06-27 21:19:00,1.354025,1.354245,1.353295,1.353335,1.0,GBPUSD-OTC,BULLISH,1.35401,1.353652,1.35368,1.353435,1.351486,1.348353,BULLISH,1.355887,1.351235,0.004652,0.006274,81.31,59.57,-0.000126,-0.000335,0.000208,80.05,68.28,0.001179,32.16,-0.53,0.001151,0.001333,17.09,21.07,16.89,10.99,0.1782,1,1.0,1.0,False,STABLE,0.000275,-6.7e-05,-3.3e-05,1.351265,1.356575,1.354305,1.355585,1.356235,1.353655,1.352375,26,4.5,1.353675,1.353672,1.353549,1.353321,40.72,37.57,0.000193,0.00024,56.31,64.07,0.000489,1.353015,1.354335,1.354288,1.353159,1.353625,1.353955,1.353005,1,1.0,1.353335,1.354245,1.353295,1.354025,NEW YORK,542831,LOW,1.353335,1.354245,1.353295,1.354025,NEW YORK,542831,LOW,NONE,BULLISH,BULLISH,WEAK,NONE,HIGH_WICK,NEUTRAL,CHAOTIC,NONE,NONE,47,33,-6.666666666666667,50,NEUTRAL,False,70,[],0,0,NEUTRAL,BULLISH,40,False,NONE,0,False,False,False,60,False,0,100,UP,NONE,NONE,0,True,75,55,45,80,False,True,NEUTRAL,70,False,0.0,NONE,True,BULLISH,False,True,50,False,70,1.8404907975463705,3.4220532319389605,55.00000000000001,20,POOR,False,75,39,-0.2586211425951834,3,30.000000000000004,False,MEAN_REVERTING,70,46.01877907098691,5.640857806669368,True,MOMENTUM_SHIFT,False,True,False,65,True,70,NONE,100,CHOPPY,NORMAL,NONE,100,0.1782,CHOPPY,20,50,30,WEAK,NONE,50,40,60,NORMAL,58,55,45,-0.53,False,80,0.7414727446605036,90.272,RANGING,90,False,NONE,1.351265,1.355585,1.354305,FAR,30,50,85,50,NONE,NONE,NONE,False,[],0,0,SIDEWAY_RANGE,SIDEWAY_RANGE,62,60,True,27,Price ranging between clear levels. Suitable for mean-reversion strategies.,1.0,0.5,False,False,False,False,0.3,0.3,True,False,False,18,True,[],0,NO,SIDEWAY_RANGE,Price ranging between clear levels. Suitable for mean-reversion strategies.,NORMAL,LOW,0.087,[],True,Passed basic checks,0,50,50,MEDIUM,5,WAIT,รอการวิเคราะห์จาก AI
2026-06-27 21:20:00,1.354925,1.355345,1.354785,1.355095,1.0,GBPUSD-OTC,BULLISH,1.354128,1.353781,1.353745,1.353472,1.351551,1.348471,BULLISH,1.355619,1.351365,0.004253,0.006279,75.68,63.23,-5.7e-05,-0.000279,0.000222,87.71,78.61,0.001207,45.73,-0.19,0.001155,0.001314,17.19,22.29,15.36,18.41,0.1479,1,1.0,1.0,False,STABLE,0.000291,-2.1e-05,-2.9e-05,1.351265,1.356575,1.354595,1.355275,1.356185,1.353685,1.353005,27,4.4,1.354557,1.354222,1.353907,1.353518,72.9,65.85,0.000367,0.000259,95.64,83.15,0.000557,1.353015,1.355345,1.354914,1.352884,1.355075,1.355365,1.354805,1,1.0,1.355095,1.355345,1.354785,1.354925,NEW YORK,303304,LOW,1.355095,1.355345,1.354785,1.354925,NEW YORK,303304,LOW,NONE,BEARISH,BEARISH,WEAK,AT_PIVOT,HIGH_WICK,NEUTRAL,CHAOTIC,NONE,TESTING_PIVOT,47,30,-6.666666666666667,50,NEUTRAL,False,70,[],0,0,NEUTRAL,BEARISH,40,False,NONE,0,False,False,False,60,False,0,100,UP,NONE,NONE,0,True,75,55,45,80,False,True,NEUTRAL,70,False,0.0,NONE,True,BULLISH,False,True,50,False,70,12.126537785588019,4.91126702434995,60.0,25,POOR,False,75,39,-0.268903178637004,3,30.000000000000004,False,MEAN_REVERTING,70,43.50508432404349,7.2666875056327935,True,MOMENTUM_SHIFT,False,True,False,65,True,70,UP,100,IMPULSIVE,NORMAL,UP,100,0.1479,IMPULSIVE,85,30,85,WEAK,NONE,55,40,65,NORMAL,58,55,45,-0.19,False,80,0.6773371555980251,79.416,RANGING,90,False,NONE,1.351265,1.355275,1.354595,FAR,30,50,85,50,NONE,NONE,NONE,False,[],0,0,SIDEWAY_RANGE,SIDEWAY_RANGE,63,60,True,27,Price ranging between clear levels. Suitable for mean-reversion strategies.,1.0,0.5,False,False,True,True,0.3,0.3,True,False,False,18,True,[],0,NO,SIDEWAY_RANGE,Price ranging between clear levels. Suitable for mean-reversion strategies.,NORMAL,LOW,0.089,[],True,Passed basic checks,0,50,50,MEDIUM,5,WAIT,รอการวิเคราะห์จาก AI
2026-06-27 21:21:00,1.354925,1.355345,1.354785,1.355095,1.0,GBPUSD-OTC,BULLISH,1.354128,1.353781,1.353745,1.353472,1.351551,1.348471,BULLISH,1.355619,1.351365,0.004253,0.006279,75.68,63.23,-5.7e-05,-0.000279,0.000222,87.71,78.61,0.001207,45.73,-0.19,0.001155,0.001314,17.19,22.29,15.36,18.41,0.1479,1,1.0,1.0,False,STABLE,0.000291,-2.1e-05,-2.9e-05,1.351265,1.356575,1.354595,1.355275,1.356185,1.353685,1.353005,27,4.4,1.354557,1.354222,1.353907,1.353518,72.9,65.85,0.000367,0.000259,95.64,83.15,0.000557,1.353015,1.355345,1.354914,1.352884,1.355075,1.355365,1.354805,1,1.0,1.355095,1.355345,1.354785,1.354925,NEW YORK,362847,LOW,1.355095,1.355345,1.354785,1.354925,NEW YORK,362847,LOW,NONE,BEARISH,BEARISH,WEAK,AT_PIVOT,HIGH_WICK,NEUTRAL,CHAOTIC,NONE,TESTING_PIVOT,47,30,-6.666666666666667,50,NEUTRAL,False,70,[],0,0,NEUTRAL,BEARISH,40,False,NONE,0,False,False,False,60,False,0,100,UP,NONE,NONE,0,True,75,55,45,80,False,True,NEUTRAL,70,False,0.0,NONE,True,BULLISH,False,True,50,False,70,12.126537785588019,4.91126702434995,60.0,25,POOR,False,75,39,-0.268903178637004,3,30.000000000000004,False,MEAN_REVERTING,70,43.50508432404349,7.2666875056327935,True,MOMENTUM_SHIFT,False,True,False,65,True,70,UP,100,IMPULSIVE,NORMAL,UP,100,0.1479,IMPULSIVE,85,30,85,WEAK,NONE,55,40,65,NORMAL,58,55,45,-0.19,False,80,0.6773371555980251,79.416,RANGING,90,False,NONE,1.351265,1.355275,1.354595,FAR,30,50,85,50,NONE,NONE,NONE,False,[],0,0,SIDEWAY_RANGE,SIDEWAY_RANGE,63,60,True,27,Price ranging between clear levels. Suitable for mean-reversion strategies.,1.0,0.5,False,False,True,True,0.3,0.3,True,False,False,18,True,[],0,NO,SIDEWAY_RANGE,Price ranging between clear levels. Suitable for mean-reversion strategies.,NORMAL,LOW,0.089,[],True,Passed basic checks,0,50,50,MEDIUM,5,WAIT,รอการวิเคราะห์จาก AI
2026-06-27 21:22:00,1.354925,1.355345,1.354785,1.355095,1.0,GBPUSD-OTC,BULLISH,1.354128,1.353781,1.353745,1.353472,1.351551,1.348471,BULLISH,1.355619,1.351365,0.004253,0.006279,75.68,63.23,-5.7e-05,-0.000279,0.000222,87.71,78.61,0.001207,45.73,-0.19,0.001155,0.001314,17.19,22.29,15.36,18.41,0.1479,1,1.0,1.0,False,STABLE,0.000291,-2.1e-05,-2.9e-05,1.351265,1.356575,1.354595,1.355275,1.356185,1.353685,1.353005,27,4.4,1.354557,1.354222,1.353907,1.353518,72.9,65.85,0.000367,0.000259,95.64,83.15,0.000557,1.353015,1.355345,1.354914,1.352884,1.355075,1.355365,1.354805,1,1.0,1.355095,1.355345,1.354785,1.354925,NEW YORK,423165,LOW,1.355095,1.355345,1.354785,1.354925,NEW YORK,423165,LOW,NONE,BEARISH,BEARISH,WEAK,AT_PIVOT,HIGH_WICK,NEUTRAL,CHAOTIC,NONE,TESTING_PIVOT,47,30,-6.666666666666667,50,NEUTRAL,False,70,[],0,0,NEUTRAL,BEARISH,40,False,NONE,0,False,False,False,60,False,0,100,UP,NONE,NONE,0,True,75,55,45,80,False,True,NEUTRAL,70,False,0.0,NONE,True,BULLISH,False,True,50,False,70,12.126537785588019,4.91126702434995,60.0,25,POOR,False,75,39,-0.268903178637004,3,30.000000000000004,False,MEAN_REVERTING,70,43.50508432404349,7.2666875056327935,True,MOMENTUM_SHIFT,False,True,False,65,True,70,UP,100,IMPULSIVE,NORMAL,UP,100,0.1479,IMPULSIVE,85,30,85,WEAK,NONE,55,40,65,NORMAL,58,55,45,-0.19,False,80,0.6773371555980251,79.416,RANGING,90,False,NONE,1.351265,1.355275,1.354595,FAR,30,50,85,50,NONE,NONE,NONE,False,[],0,0,SIDEWAY_RANGE,SIDEWAY_RANGE,63,60,True,27,Price ranging between clear levels. Suitable for mean-reversion strategies.,1.0,0.5,False,False,True,True,0.3,0.3,True,False,False,18,True,[],0,NO,SIDEWAY_RANGE,Price ranging between clear levels. Suitable for mean-reversion strategies.,NORMAL,LOW,0.089,[],True,Passed basic checks,0,50,50,MEDIUM,5,WAIT,รอการวิเคราะห์จาก AI
2026-06-27 21:23:00,1.354925,1.355345,1.354785,1.355095,1.0,GBPUSD-OTC,BULLISH,1.354128,1.353781,1.353745,1.353472,1.351551,1.348471,BULLISH,1.355619,1.351365,0.004253,0.006279,75.68,63.23,-5.7e-05,-0.000279,0.000222,87.71,78.61,0.001207,45.73,-0.19,0.001155,0.001314,17.19,22.29,15.36,18.41,0.1479,1,1.0,1.0,False,STABLE,0.000291,-2.1e-05,-2.9e-05,1.351265,1.356575,1.354595,1.355275,1.356185,1.353685,1.353005,27,4.4,1.354557,1.354222,1.353907,1.353518,72.9,65.85,0.000367,0.000259,95.64,83.15,0.000557,1.353015,1.355345,1.354914,1.352884,1.355075,1.355365,1.354805,1,1.0,1.355095,1.355345,1.354785,1.354925,NEW YORK,482684,LOW,1.355095,1.355345,1.354785,1.354925,NEW YORK,482684,LOW,NONE,BEARISH,BEARISH,WEAK,AT_PIVOT,HIGH_WICK,NEUTRAL,CHAOTIC,NONE,TESTING_PIVOT,47,30,-6.666666666666667,50,NEUTRAL,False,70,[],0,0,NEUTRAL,BEARISH,40,False,NONE,0,False,False,False,60,False,0,100,UP,NONE,NONE,0,True,75,55,45,80,False,True,NEUTRAL,70,False,0.0,NONE,True,BULLISH,False,True,50,False,70,12.126537785588019,4.91126702434995,60.0,25,POOR,False,75,39,-0.268903178637004,3,30.000000000000004,False,MEAN_REVERTING,70,43.50508432404349,7.2666875056327935,True,MOMENTUM_SHIFT,False,True,False,65,True,70,UP,100,IMPULSIVE,NORMAL,UP,100,0.1479,IMPULSIVE,85,30,85,WEAK,NONE,55,40,65,NORMAL,58,55,45,-0.19,False,80,0.6773371555980251,79.416,RANGING,90,False,NONE,1.351265,1.355275,1.354595,FAR,30,50,85,50,NONE,NONE,NONE,False,[],0,0,SIDEWAY_RANGE,SIDEWAY_RANGE,63,60,True,27,Price ranging between clear levels. Suitable for mean-reversion strategies.,1.0,0.5,False,False,True,True,0.3,0.3,True,False,False,18,True,[],0,NO,SIDEWAY_RANGE,Price ranging between clear levels. Suitable for mean-reversion strategies.,NORMAL,LOW,0.089,[],True,Passed basic checks,0,50,50,MEDIUM,5,WAIT,รอการวิเคราะห์จาก AI
2026-06-27 21:24:00,1.354925,1.355345,1.354785,1.355095,1.0,GBPUSD-OTC,BULLISH,1.354128,1.353781,1.353745,1.353472,1.351551,1.348471,BULLISH,1.355619,1.351365,0.004253,0.006279,75.68,63.23,-5.7e-05,-0.000279,0.000222,87.71,78.61,0.001207,45.73,-0.19,0.001155,0.001314,17.19,22.29,15.36,18.41,0.1479,1,1.0,1.0,False,STABLE,0.000291,-2.1e-05,-2.9e-05,1.351265,1.356575,1.354595,1.355275,1.356185,1.353685,1.353005,27,4.4,1.354557,1.354222,1.353907,1.353518,72.9,65.85,0.000367,0.000259,95.64,83.15,0.000557,1.353015,1.355345,1.354914,1.352884,1.355075,1.355365,1.354805,1,1.0,1.355095,1.355345,1.354785,1.354925,NEW YORK,542995,LOW,1.355095,1.355345,1.354785,1.354925,NEW YORK,542995,LOW,NONE,BEARISH,BEARISH,WEAK,AT_PIVOT,HIGH_WICK,NEUTRAL,CHAOTIC,NONE,TESTING_PIVOT,47,30,-6.666666666666667,50,NEUTRAL,False,70,[],0,0,NEUTRAL,BEARISH,40,False,NONE,0,False,False,False,60,False,0,100,UP,NONE,NONE,0,True,75,55,45,80,False,True,NEUTRAL,70,False,0.0,NONE,True,BULLISH,False,True,50,False,70,12.126537785588019,4.91126702434995,60.0,25,POOR,False,75,39,-0.268903178637004,3,30.000000000000004,False,MEAN_REVERTING,70,43.50508432404349,7.2666875056327935,True,MOMENTUM_SHIFT,False,True,False,65,True,70,UP,100,IMPULSIVE,NORMAL,UP,100,0.1479,IMPULSIVE,85,30,85,WEAK,NONE,55,40,65,NORMAL,58,55,45,-0.19,False,80,0.6773371555980251,79.416,RANGING,90,False,NONE,1.351265,1.355275,1.354595,FAR,30,50,85,50,NONE,NONE,NONE,False,[],0,0,SIDEWAY_RANGE,SIDEWAY_RANGE,63,60,True,27,Price ranging between clear levels. Suitable for mean-reversion strategies.,1.0,0.5,False,False,True,True,0.3,0.3,True,False,False,18,True,[],0,NO,SIDEWAY_RANGE,Price ranging between clear levels. Suitable for mean-reversion strategies.,NORMAL,LOW,0.089,[],True,Passed basic checks,0,50,50,MEDIUM,5,WAIT,รอการวิเคราะห์จาก AI
2026-06-27 21:25:00,1.354355,1.355205,1.354235,1.355205,1.0,GBPUSD-OTC,BULLISH,1.354394,1.353989,1.353857,1.353529,1.351615,1.348511,BULLISH,1.355474,1.351447,0.004027,0.006272,69.71,64.8,4.2e-05,-0.000215,0.000257,83.99,83.91,0.001262,65.83,0.38,0.001165,0.001293,17.61,22.32,13.95,23.06,0.2049,1,1.0,1.0,False,STABLE,0.000304,3.2e-05,-2.3e-05,1.351265,1.355875,1.355012,1.355788,1.356652,1.354148,1.353372,20,3.65,1.354764,1.354567,1.354243,1.353743,61.59,63.58,0.000405,0.000351,68.46,65.01,0.000625,1.353015,1.355505,1.355426,1.352772,1.354882,1.355528,1.354558,1,1.0,1.355205,1.355205,1.354235,1.354355,NEW YORK,303372,LOW,1.355205,1.355205,1.354235,1.354355,NEW YORK,303372,LOW,NONE,BULLISH,BULLISH,WEAK,AT_PIVOT,HIGH_WICK,NEUTRAL,CHAOTIC,TRUE,TESTING_PIVOT,48,26,-6.666666666666667,50,NEUTRAL,False,70,[],0,0,NEUTRAL,BULLISH,40,True,BULL_TRAP,50,True,False,False,70,False,0,100,UP,NONE,NONE,0,True,75,55,45,80,False,True,NEUTRAL,70,False,0.0,NONE,True,BULLISH,False,True,50,False,70,5.361702127660617,2.274573517465016,55.00000000000001,20,POOR,False,75,39,-0.27615331566609513,3,30.000000000000004,False,MEAN_REVERTING,70,45.66910605144037,5.641563147412635,True,MOMENTUM_SHIFT,False,True,False,65,True,70,UP,100,IMPULSIVE,HIGH,UP,100,0.2049,IMPULSIVE,90,30,95,WEAK,NONE,55,30,65,HIGH,73,55,45,0.38,False,80,0.6420599489795918,63.336,RANGING,90,False,NONE,1.351265,1.355788,1.355012,FAR,30,50,85,50,NONE,NONE,NONE,False,[],0,0,SIDEWAY_RANGE,SIDEWAY_RANGE,55,60,True,26,Price ranging between clear levels. Suitable for mean-reversion strategies.,1.0,0.5,False,False,True,True,0.3,0.3,True,False,False,22,True,[],0,NO,SIDEWAY_RANGE,Price ranging between clear levels. Suitable for mean-reversion strategies.,HIGH,LOW,0.093,[],True,Passed basic checks,0,50,50,MEDIUM,5,WAIT,รอการวิเคราะห์จาก AI
2026-06-27 21:26:00,1.354355,1.355205,1.354235,1.355205,1.0,GBPUSD-OTC,BULLISH,1.354394,1.353989,1.353857,1.353529,1.351615,1.348511,BULLISH,1.355474,1.351447,0.004027,0.006272,69.71,64.8,4.2e-05,-0.000215,0.000257,83.99,83.91,0.001262,65.83,0.38,0.001165,0.001293,17.61,22.32,13.95,23.06,0.2049,1,1.0,1.0,False,STABLE,0.000304,3.2e-05,-2.3e-05,1.351265,1.355875,1.355012,1.355788,1.356652,1.354148,1.353372,20,3.65,1.354764,1.354567,1.354243,1.353743,61.59,63.58,0.000405,0.000351,68.46,65.01,0.000625,1.353015,1.355505,1.355426,1.352772,1.354882,1.355528,1.354558,1,1.0,1.355205,1.355205,1.354235,1.354355,NEW YORK,362823,LOW,1.355205,1.355205,1.354235,1.354355,NEW YORK,362823,LOW,NONE,BULLISH,BULLISH,WEAK,AT_PIVOT,HIGH_WICK,NEUTRAL,CHAOTIC,TRUE,TESTING_PIVOT,48,26,-6.666666666666667,50,NEUTRAL,False,70,[],0,0,NEUTRAL,BULLISH,40,True,BULL_TRAP,50,True,False,False,70,False,0,100,UP,NONE,NONE,0,True,75,55,45,80,False,True,NEUTRAL,70,False,0.0,NONE,True,BULLISH,False,True,50,False,70,5.361702127660617,2.274573517465016,55.00000000000001,20,POOR,False,75,39,-0.27615331566609513,3,30.000000000000004,False,MEAN_REVERTING,70,45.66910605144037,5.641563147412635,True,MOMENTUM_SHIFT,False,True,False,65,True,70,UP,100,IMPULSIVE,HIGH,UP,100,0.2049,IMPULSIVE,90,30,95,WEAK,NONE,55,30,65,HIGH,73,55,45,0.38,False,80,0.6420599489795918,63.336,RANGING,90,False,NONE,1.351265,1.355788,1.355012,FAR,30,50,85,50,NONE,NONE,NONE,False,[],0,0,SIDEWAY_RANGE,SIDEWAY_RANGE,55,60,True,26,Price ranging between clear levels. Suitable for mean-reversion strategies.,1.0,0.5,False,False,True,True,0.3,0.3,True,False,False,22,True,[],0,NO,SIDEWAY_RANGE,Price ranging between clear levels. Suitable for mean-reversion strategies.,HIGH,LOW,0.093,[],True,Passed basic checks,0,50,50,MEDIUM,5,WAIT,รอการวิเคราะห์จาก AI
2026-06-27 21:27:00,1.354355,1.355205,1.354235,1.355205,1.0,GBPUSD-OTC,BULLISH,1.354394,1.353989,1.353857,1.353529,1.351615,1.348511,BULLISH,1.355474,1.351447,0.004027,0.006272,69.71,64.8,4.2e-05,-0.000215,0.000257,83.99,83.91,0.001262,65.83,0.38,0.001165,0.001293,17.61,22.32,13.95,23.06,0.2049,1,1.0,1.0,False,STABLE,0.000304,3.2e-05,-2.3e-05,1.351265,1.355875,1.355012,1.355788,1.356652,1.354148,1.353372,20,3.65,1.354764,1.354567,1.354243,1.353743,61.59,63.58,0.000405,0.000351,68.46,65.01,0.000625,1.353015,1.355505,1.355426,1.352772,1.354882,1.355528,1.354558,1,1.0,1.355205,1.355205,1.354235,1.354355,NEW YORK,423230,LOW,1.355205,1.355205,1.354235,1.354355,NEW YORK,423230,LOW,NONE,BULLISH,BULLISH,WEAK,AT_PIVOT,HIGH_WICK,NEUTRAL,CHAOTIC,TRUE,TESTING_PIVOT,48,26,-6.666666666666667,50,NEUTRAL,False,70,[],0,0,NEUTRAL,BULLISH,40,True,BULL_TRAP,50,True,False,False,70,False,0,100,UP,NONE,NONE,0,True,75,55,45,80,False,True,NEUTRAL,70,False,0.0,NONE,True,BULLISH,False,True,50,False,70,5.361702127660617,2.274573517465016,55.00000000000001,20,POOR,False,75,39,-0.27615331566609513,3,30.000000000000004,False,MEAN_REVERTING,70,45.66910605144037,5.641563147412635,True,MOMENTUM_SHIFT,False,True,False,65,True,70,UP,100,IMPULSIVE,HIGH,UP,100,0.2049,IMPULSIVE,90,30,95,WEAK,NONE,55,30,65,HIGH,73,55,45,0.38,False,80,0.6420599489795918,63.336,RANGING,90,False,NONE,1.351265,1.355788,1.355012,FAR,30,50,85,50,NONE,NONE,NONE,False,[],0,0,SIDEWAY_RANGE,SIDEWAY_RANGE,55,60,True,26,Price ranging between clear levels. Suitable for mean-reversion strategies.,1.0,0.5,False,False,True,True,0.3,0.3,True,False,False,22,True,[],0,NO,SIDEWAY_RANGE,Price ranging between clear levels. Suitable for mean-reversion strategies.,HIGH,LOW,0.093,[],True,Passed basic checks,0,50,50,MEDIUM,5,WAIT,รอการวิเคราะห์จาก AI
2026-06-27 21:28:00,1.354355,1.355205,1.354235,1.355205,1.0,GBPUSD-OTC,BULLISH,1.354394,1.353989,1.353857,1.353529,1.351615,1.348511,BULLISH,1.355474,1.351447,0.004027,0.006272,69.71,64.8,4.2e-05,-0.000215,0.000257,83.99,83.91,0.001262,65.83,0.38,0.001165,0.001293,17.61,22.32,13.95,23.06,0.2049,1,1.0,1.0,False,STABLE,0.000304,3.2e-05,-2.3e-05,1.351265,1.355875,1.355012,1.355788,1.356652,1.354148,1.353372,20,3.65,1.354764,1.354567,1.354243,1.353743,61.59,63.58,0.000405,0.000351,68.46,65.01,0.000625,1.353015,1.355505,1.355426,1.352772,1.354882,1.355528,1.354558,1,1.0,1.355205,1.355205,1.354235,1.354355,NEW YORK,482605,LOW,1.355205,1.355205,1.354235,1.354355,NEW YORK,482605,LOW,NONE,BULLISH,BULLISH,WEAK,AT_PIVOT,HIGH_WICK,NEUTRAL,CHAOTIC,TRUE,TESTING_PIVOT,48,26,-6.666666666666667,50,NEUTRAL,False,70,[],0,0,NEUTRAL,BULLISH,40,True,BULL_TRAP,50,True,False,False,70,False,0,100,UP,NONE,NONE,0,True,75,55,45,80,False,True,NEUTRAL,70,False,0.0,NONE,True,BULLISH,False,True,50,False,70,5.361702127660617,2.274573517465016,55.00000000000001,20,POOR,False,75,39,-0.27615331566609513,3,30.000000000000004,False,MEAN_REVERTING,70,45.66910605144037,5.641563147412635,True,MOMENTUM_SHIFT,False,True,False,65,True,70,UP,100,IMPULSIVE,HIGH,UP,100,0.2049,IMPULSIVE,90,30,95,WEAK,NONE,55,30,65,HIGH,73,55,45,0.38,False,80,0.6420599489795918,63.336,RANGING,90,False,NONE,1.351265,1.355788,1.355012,FAR,30,50,85,50,NONE,NONE,NONE,False,[],0,0,SIDEWAY_RANGE,SIDEWAY_RANGE,55,60,True,26,Price ranging between clear levels. Suitable for mean-reversion strategies.,1.0,0.5,False,False,True,True,0.3,0.3,True,False,False,22,True,[],0,NO,SIDEWAY_RANGE,Price ranging between clear levels. Suitable for mean-reversion strategies.,HIGH,LOW,0.093,[],True,Passed basic checks,0,50,50,MEDIUM,5,WAIT,รอการวิเคราะห์จาก AI
2026-06-27 21:29:00,1.354355,1.355205,1.354235,1.355205,1.0,GBPUSD-OTC,BULLISH,1.354394,1.353989,1.353857,1.353529,1.351615,1.348511,BULLISH,1.355474,1.351447,0.004027,0.006272,69.71,64.8,4.2e-05,-0.000215,0.000257,83.99,83.91,0.001262,65.83,0.38,0.001165,0.001293,17.61,22.32,13.95,23.06,0.2049,1,1.0,1.0,False,STABLE,0.000304,3.2e-05,-2.3e-05,1.351265,1.355875,1.355012,1.355788,1.356652,1.354148,1.353372,20,3.65,1.354764,1.354567,1.354243,1.353743,61.59,63.58,0.000405,0.000351,68.46,65.01,0.000625,1.353015,1.355505,1.355426,1.352772,1.354882,1.355528,1.354558,1,1.0,1.355205,1.355205,1.354235,1.354355,NEW YORK,542911,LOW,1.355205,1.355205,1.354235,1.354355,NEW YORK,542911,LOW,NONE,BULLISH,BULLISH,WEAK,AT_PIVOT,HIGH_WICK,NEUTRAL,CHAOTIC,TRUE,TESTING_PIVOT,48,26,-6.666666666666667,50,NEUTRAL,False,70,[],0,0,NEUTRAL,BULLISH,40,True,BULL_TRAP,50,True,False,False,70,False,0,100,UP,NONE,NONE,0,True,75,55,45,80,False,True,NEUTRAL,70,False,0.0,NONE,True,BULLISH,False,True,50,False,70,5.361702127660617,2.274573517465016,55.00000000000001,20,POOR,False,75,39,-0.27615331566609513,3,30.000000000000004,False,MEAN_REVERTING,70,45.66910605144037,5.641563147412635,True,MOMENTUM_SHIFT,False,True,False,65,True,70,UP,100,IMPULSIVE,HIGH,UP,100,0.2049,IMPULSIVE,90,30,95,WEAK,NONE,55,30,65,HIGH,73,55,45,0.38,False,80,0.6420599489795918,63.336,RANGING,90,False,NONE,1.351265,1.355788,1.355012,FAR,30,50,85,50,NONE,NONE,NONE,False,[],0,0,SIDEWAY_RANGE,SIDEWAY_RANGE,55,60,True,26,Price ranging between clear levels. Suitable for mean-reversion strategies.,1.0,0.5,False,False,True,True,0.3,0.3,True,False,False,22,True,[],0,NO,SIDEWAY_RANGE,Price ranging between clear levels. Suitable for mean-reversion strategies.,HIGH,LOW,0.093,[],True,Passed basic checks,0,50,50,MEDIUM,5,WAIT,รอการวิเคราะห์จาก AI
2026-06-27 21:30:00,1.354985,1.355405,1.354795,1.355325,1.0,GBPUSD-OTC,BULLISH,1.354464,1.354101,1.353928,1.353571,1.351651,1.348402,BULLISH,1.355511,1.351434,0.004078,0.006262,61.76,64.52,9.4e-05,-0.000153,0.000247,74.99,82.23,0.001271,67.34,0.37,0.001179,0.001264,18.0,20.96,13.1,23.06,0.199,1,1.0,1.0,False,STABLE,0.000255,6.3e-05,-1.9e-05,1.351265,1.355875,1.354958,1.355322,1.356038,1.354242,1.353878,21,3.63,1.355168,1.355011,1.354657,1.354028,61.97,65.68,0.000461,0.000435,71.2,77.11,0.000614,1.353025,1.355875,1.356008,1.353119,1.355175,1.355555,1.354945,1,1.0,1.355325,1.355405,1.354795,1.354985,NEW YORK,304734,LOW,1.355325,1.355405,1.354795,1.354985,NEW YORK,304734,LOW,NONE,BEARISH,BEARISH,WEAK,AT_PIVOT,HIGH_WICK,NEUTRAL,CHAOTIC,TRUE,TESTING_PIVOT,48,26,-13.333333333333334,50,NEUTRAL,False,70,[],0,0,NEUTRAL,BEARISH,40,True,BULL_TRAP,75,True,False,True,70,False,0,100,UP,NONE,NONE,0,True,75,55,45,80,False,True,NEUTRAL,70,False,0.0,NONE,True,BULLISH,False,True,50,False,70,2.2058823529413414,2.693742229589863,55.00000000000001,19,POOR,False,75,38,-0.2867692333191536,3,19.999999999999996,False,MEAN_REVERTING,70,49.264132915781154,1.7355741645654037,True,MOMENTUM_SHIFT,False,True,False,65,True,70,UP,100,IMPULSIVE,HIGH,UP,100,0.199,IMPULSIVE,90,30,95,WEAK,NONE,55,30,65,HIGH,73,55,45,0.37,False,80,0.6512296390929415,62.12799999999999,RANGING,90,False,NONE,1.351265,1.355322,1.354958,FAR,30,50,85,50,NONE,NONE,NONE,False,[],0,0,BREAKOUT_EMERGING,BREAKOUT_EMERGING,50,70,True,26,"Volatility expansion after compression. Potential breakout opportunity. (breakout prob: 30%, reversal prob: 50%)",1.0,0.5,False,False,True,True,0.3,0.3,True,False,False,22,True,[],0,NO,BREAKOUT_EMERGING,"Volatility expansion after compression. Potential breakout opportunity. (breakout prob: 30%, reversal prob: 50%)",HIGH,LOW,0.094,[],True,Passed basic checks,0,50,50,MEDIUM,5,WAIT,รอการวิเคราะห์จาก AI
2026-06-27 21:31:00,1.354985,1.355405,1.354795,1.355325,1.0,GBPUSD-OTC,BULLISH,1.354464,1.354101,1.353928,1.353571,1.351651,1.348402,BULLISH,1.355511,1.351434,0.004078,0.006262,61.76,64.52,9.4e-05,-0.000153,0.000247,74.99,82.23,0.001271,67.34,0.37,0.001179,0.001264,18.0,20.96,13.1,23.06,0.199,1,1.0,1.0,False,STABLE,0.000255,6.3e-05,-1.9e-05,1.351265,1.355875,1.354958,1.355322,1.356038,1.354242,1.353878,21,3.63,1.355168,1.355011,1.354657,1.354028,61.97,65.68,0.000461,0.000435,71.2,77.11,0.000614,1.353025,1.355875,1.356008,1.353119,1.355175,1.355555,1.354945,1,1.0,1.355325,1.355405,1.354795,1.354985,NEW YORK,363120,LOW,1.355325,1.355405,1.354795,1.354985,NEW YORK,363120,LOW,NONE,BEARISH,BEARISH,WEAK,AT_PIVOT,HIGH_WICK,NEUTRAL,CHAOTIC,TRUE,TESTING_PIVOT,48,26,-13.333333333333334,50,NEUTRAL,False,70,[],0,0,NEUTRAL,BEARISH,40,True,BULL_TRAP,75,True,False,True,70,False,0,100,UP,NONE,NONE,0,True,75,55,45,80,False,True,NEUTRAL,70,False,0.0,NONE,True,BULLISH,False,True,50,False,70,2.2058823529413414,2.693742229589863,55.00000000000001,19,POOR,False,75,38,-0.2867692333191536,3,19.999999999999996,False,MEAN_REVERTING,70,49.264132915781154,1.7355741645654037,True,MOMENTUM_SHIFT,False,True,False,65,True,70,UP,100,IMPULSIVE,HIGH,UP,100,0.199,IMPULSIVE,90,30,95,WEAK,NONE,55,30,65,HIGH,73,55,45,0.37,False,80,0.6512296390929415,62.12799999999999,RANGING,90,False,NONE,1.351265,1.355322,1.354958,FAR,30,50,85,50,NONE,NONE,NONE,False,[],0,0,BREAKOUT_EMERGING,BREAKOUT_EMERGING,50,70,True,26,"Volatility expansion after compression. Potential breakout opportunity. (breakout prob: 30%, reversal prob: 50%)",1.0,0.5,False,False,True,True,0.3,0.3,True,False,False,22,True,[],0,NO,BREAKOUT_EMERGING,"Volatility expansion after compression. Potential breakout opportunity. (breakout prob: 30%, reversal prob: 50%)",HIGH,LOW,0.094,[],True,Passed basic checks,0,50,50,MEDIUM,5,WAIT,รอการวิเคราะห์จาก AI
2026-06-27 21:32:00,1.354985,1.355405,1.354795,1.355325,1.0,GBPUSD-OTC,BULLISH,1.354464,1.354101,1.353928,1.353571,1.351651,1.348402,BULLISH,1.355511,1.351434,0.004078,0.006262,61.76,64.52,9.4e-05,-0.000153,0.000247,74.99,82.23,0.001271,67.34,0.37,0.001179,0.001264,18.0,20.96,13.1,23.06,0.199,1,1.0,1.0,False,STABLE,0.000255,6.3e-05,-1.9e-05,1.351265,1.355875,1.354958,1.355322,1.356038,1.354242,1.353878,21,3.63,1.355168,1.355011,1.354657,1.354027,61.97,65.68,0.000461,0.000435,71.2,77.11,0.000614,1.353025,1.355875,1.356008,1.353119,1.355175,1.355555,1.354945,1,1.0,1.355325,1.355405,1.354795,1.354985,NEW YORK,422527,LOW,1.355325,1.355405,1.354795,1.354985,NEW YORK,422527,LOW,NONE,BEARISH,BEARISH,WEAK,AT_PIVOT,HIGH_WICK,NEUTRAL,CHAOTIC,TRUE,TESTING_PIVOT,48,26,-13.333333333333334,50,NEUTRAL,False,70,[],0,0,NEUTRAL,BEARISH,40,True,BULL_TRAP,75,True,False,True,70,False,0,100,UP,NONE,NONE,0,True,75,55,45,80,False,True,NEUTRAL,70,False,0.0,NONE,True,BULLISH,False,True,50,False,70,2.2058823529413414,2.693742229589863,55.00000000000001,19,POOR,False,75,38,-0.2867692333191536,3,19.999999999999996,False,MEAN_REVERTING,70,49.264132915781154,1.7355741645654037,True,MOMENTUM_SHIFT,False,True,False,65,True,70,UP,100,IMPULSIVE,HIGH,UP,100,0.199,IMPULSIVE,90,30,95,WEAK,NONE,55,30,65,HIGH,73,55,45,0.37,False,80,0.6512296390929415,62.12799999999999,RANGING,90,False,NONE,1.351265,1.355322,1.354958,FAR,30,50,85,50,NONE,NONE,NONE,False,[],0,0,BREAKOUT_EMERGING,BREAKOUT_EMERGING,50,70,True,26,"Volatility expansion after compression. Potential breakout opportunity. (breakout prob: 30%, reversal prob: 50%)",1.0,0.5,False,False,True,True,0.3,0.3,True,False,False,22,True,[],0,NO,BREAKOUT_EMERGING,"Volatility expansion after compression. Potential breakout opportunity. (breakout prob: 30%, reversal prob: 50%)",HIGH,LOW,0.094,[],True,Passed basic checks,0,50,50,MEDIUM,5,WAIT,รอการวิเคราะห์จาก AI
2026-06-27 21:33:00,1.354985,1.355405,1.354795,1.355325,1.0,GBPUSD-OTC,BULLISH,1.354464,1.354101,1.353928,1.353571,1.351651,1.348402,BULLISH,1.355511,1.351434,0.004078,0.006262,61.76,64.52,9.4e-05,-0.000153,0.000247,74.99,82.23,0.001271,67.34,0.37,0.001179,0.001264,18.0,20.96,13.1,23.06,0.199,1,1.0,1.0,False,STABLE,0.000255,6.3e-05,-1.9e-05,1.351265,1.355875,1.354958,1.355322,1.356038,1.354242,1.353878,21,3.63,1.355168,1.355011,1.354657,1.354027,61.97,65.68,0.000461,0.000435,71.2,77.11,0.000614,1.353025,1.355875,1.356008,1.353119,1.355175,1.355555,1.354945,1,1.0,1.355325,1.355405,1.354795,1.354985,NEW YORK,482843,LOW,1.355325,1.355405,1.354795,1.354985,NEW YORK,482843,LOW,NONE,BEARISH,BEARISH,WEAK,AT_PIVOT,HIGH_WICK,NEUTRAL,CHAOTIC,TRUE,TESTING_PIVOT,48,26,-13.333333333333334,50,NEUTRAL,False,70,[],0,0,NEUTRAL,BEARISH,40,True,BULL_TRAP,75,True,False,True,70,False,0,100,UP,NONE,NONE,0,True,75,55,45,80,False,True,NEUTRAL,70,False,0.0,NONE,True,BULLISH,False,True,50,False,70,2.2058823529413414,2.693742229589863,55.00000000000001,19,POOR,False,75,38,-0.2867692333191536,3,19.999999999999996,False,MEAN_REVERTING,70,49.264132915781154,1.7355741645654037,True,MOMENTUM_SHIFT,False,True,False,65,True,70,UP,100,IMPULSIVE,HIGH,UP,100,0.199,IMPULSIVE,90,30,95,WEAK,NONE,55,30,65,HIGH,73,55,45,0.37,False,80,0.6512296390929415,62.12799999999999,RANGING,90,False,NONE,1.351265,1.355322,1.354958,FAR,30,50,85,50,NONE,NONE,NONE,False,[],0,0,BREAKOUT_EMERGING,BREAKOUT_EMERGING,50,70,True,26,"Volatility expansion after compression. Potential breakout opportunity. (breakout prob: 30%, reversal prob: 50%)",1.0,0.5,False,False,True,True,0.3,0.3,True,False,False,22,True,[],0,NO,BREAKOUT_EMERGING,"Volatility expansion after compression. Potential breakout opportunity. (breakout prob: 30%, reversal prob: 50%)",HIGH,LOW,0.094,[],True,Passed basic checks,0,50,50,MEDIUM,5,WAIT,รอการวิเคราะห์จาก AI
2026-06-27 21:34:00,1.354985,1.355405,1.354795,1.355325,1.0,GBPUSD-OTC,BULLISH,1.354464,1.354101,1.353928,1.353571,1.351651,1.348402,BULLISH,1.355511,1.351434,0.004078,0.006262,61.76,64.52,9.4e-05,-0.000153,0.000247,74.99,82.23,0.001271,67.34,0.37,0.001179,0.001264,18.0,20.96,13.1,23.06,0.199,1,1.0,1.0,False,STABLE,0.000255,6.3e-05,-1.9e-05,1.351265,1.355875,1.354958,1.355322,1.356038,1.354242,1.353878,21,3.63,1.355168,1.355011,1.354657,1.354028,61.97,65.68,0.000461,0.000435,71.2,77.11,0.000614,1.353025,1.355875,1.356008,1.353119,1.355175,1.355555,1.354945,1,1.0,1.355325,1.355405,1.354795,1.354985,NEW YORK,543267,LOW,1.355325,1.355405,1.354795,1.354985,NEW YORK,543267,LOW,NONE,BEARISH,BEARISH,WEAK,AT_PIVOT,HIGH_WICK,NEUTRAL,CHAOTIC,TRUE,TESTING_PIVOT,48,26,-13.333333333333334,50,NEUTRAL,False,70,[],0,0,NEUTRAL,BEARISH,40,True,BULL_TRAP,75,True,False,True,70,False,0,100,UP,NONE,NONE,0,True,75,55,45,80,False,True,NEUTRAL,70,False,0.0,NONE,True,BULLISH,False,True,50,False,70,2.2058823529413414,2.693742229589863,55.00000000000001,19,POOR,False,75,38,-0.2867692333191536,3,19.999999999999996,False,MEAN_REVERTING,70,49.264132915781154,1.7355741645654037,True,MOMENTUM_SHIFT,False,True,False,65,True,70,UP,100,IMPULSIVE,HIGH,UP,100,0.199,IMPULSIVE,90,30,95,WEAK,NONE,55,30,65,HIGH,73,55,45,0.37,False,80,0.6512296390929415,62.12799999999999,RANGING,90,False,NONE,1.351265,1.355322,1.354958,FAR,30,50,85,50,NONE,NONE,NONE,False,[],0,0,BREAKOUT_EMERGING,BREAKOUT_EMERGING,50,70,True,26,"Volatility expansion after compression. Potential breakout opportunity. (breakout prob: 30%, reversal prob: 50%)",1.0,0.5,False,False,True,True,0.3,0.3,True,False,False,22,True,[],0,NO,BREAKOUT_EMERGING,"Volatility expansion after compression. Potential breakout opportunity. (breakout prob: 30%, reversal prob: 50%)",HIGH,LOW,0.094,[],True,Passed basic checks,0,50,50,MEDIUM,5,WAIT,รอการวิเคราะห์จาก AI
2026-06-27 21:35:00,1.354595,1.354855,1.354325,1.354735,1.0,GBPUSD-OTC,BULLISH,1.353835,1.353824,1.3538,1.353532,1.351685,1.348557,BEARISH,1.355231,1.351446,0.003785,0.00624,38.53,51.64,-2.9e-05,-0.000128,0.0001,60.09,73.02,0.001329,80.9,1.12,0.001198,0.001241,17.42,18.37,22.42,9.92,-0.0621,1,1.0,1.0,False,STABLE,4.9e-05,7.8e-05,-2.1e-05,1.351265,1.355875,1.353325,1.354105,1.355635,1.351795,1.351015,22,3.47,1.354882,1.35494,1.354766,1.354196,40.56,44.68,0.000297,0.000391,43.2,52.78,0.000599,1.353025,1.355875,1.355998,1.353716,1.354638,1.354952,1.354422,1,1.0,1.354735,1.354855,1.354325,1.354595,NEW YORK,302792,LOW,1.354735,1.354855,1.354325,1.354595,NEW YORK,302792,LOW,NONE,BEARISH,BEARISH,WEAK,NONE,HIGH_WICK,NEUTRAL,CHAOTIC,TRUE,NONE,48,26,-13.333333333333334,50,NEUTRAL,False,70,[],0,0,NEUTRAL,BEARISH,40,True,BULL_TRAP,50,True,False,False,70,False,0,50,NONE,NONE,NONE,0,False,75,55,45,80,False,True,NEUTRAL,70,False,0.0,NONE,False,NONE,False,False,0,False,60,22.296173044925403,5.524861878452448,60.0,29,POOR,False,75,39,-0.24342424290046402,3,30.000000000000004,False,RANDOM,70,50.24575582130805,1.422437496413586,True,MOMENTUM_SHIFT,False,True,False,65,True,70,UP,60,CORRECTIVE,EXTREME,UP,60,-0.0621,CORRECTIVE,55,30,50,WEAK,BULLISH,50,30,60,EXTREME,88,55,45,1.12,False,40,0.6065705128205129,51.279999999999994,RANGING,90,False,NONE,1.351265,1.354105,1.353325,FAR,30,50,85,50,NONE,NONE,NONE,False,[],0,0,SIDEWAY_RANGE,SIDEWAY_RANGE,52,60,True,24,Price ranging between clear levels. Suitable for mean-reversion strategies.,1.0,0.5,False,False,True,True,0.3,0.3,True,False,False,22,True,[],0,NO,SIDEWAY_RANGE,Price ranging between clear levels. Suitable for mean-reversion strategies.,EXTREME,LOW,0.098,[],True,Passed basic checks,0,50,50,MEDIUM,5,WAIT,รอการวิเคราะห์จาก AI
2026-06-27 21:36:00,1.354595,1.354855,1.354325,1.354735,1.0,GBPUSD-OTC,BULLISH,1.353835,1.353824,1.3538,1.353532,1.351685,1.348557,BEARISH,1.355231,1.351446,0.003785,0.00624,38.53,51.64,-2.9e-05,-0.000128,0.0001,60.09,73.02,0.001329,80.9,1.12,0.001198,0.001241,17.42,18.37,22.42,9.92,-0.0621,1,1.0,1.0,False,STABLE,4.9e-05,7.8e-05,-2.1e-05,1.351265,1.355875,1.353325,1.354105,1.355635,1.351795,1.351015,22,3.47,1.354882,1.35494,1.354766,1.354196,40.56,44.68,0.000297,0.000391,43.2,52.78,0.000599,1.353025,1.355875,1.355998,1.353716,1.354638,1.354952,1.354422,1,1.0,1.354735,1.354855,1.354325,1.354595,NEW YORK,363150,LOW,1.354735,1.354855,1.354325,1.354595,NEW YORK,363150,LOW,NONE,BEARISH,BEARISH,WEAK,NONE,HIGH_WICK,NEUTRAL,CHAOTIC,TRUE,NONE,48,26,-13.333333333333334,50,NEUTRAL,False,70,[],0,0,NEUTRAL,BEARISH,40,True,BULL_TRAP,50,True,False,False,70,False,0,50,NONE,NONE,NONE,0,False,75,55,45,80,False,True,NEUTRAL,70,False,0.0,NONE,False,NONE,False,False,0,False,60,22.296173044925403,5.524861878452448,60.0,29,POOR,False,75,39,-0.24342424290046402,3,30.000000000000004,False,RANDOM,70,50.24575582130805,1.422437496413586,True,MOMENTUM_SHIFT,False,True,False,65,True,70,UP,60,CORRECTIVE,EXTREME,UP,60,-0.0621,CORRECTIVE,55,30,50,WEAK,BULLISH,50,30,60,EXTREME,88,55,45,1.12,False,40,0.6065705128205129,51.279999999999994,RANGING,90,False,NONE,1.351265,1.354105,1.353325,FAR,30,50,85,50,NONE,NONE,NONE,False,[],0,0,SIDEWAY_RANGE,SIDEWAY_RANGE,52,60,True,24,Price ranging between clear levels. Suitable for mean-reversion strategies.,1.0,0.5,False,False,True,True,0.3,0.3,True,False,False,22,True,[],0,NO,SIDEWAY_RANGE,Price ranging between clear levels. Suitable for mean-reversion strategies.,EXTREME,LOW,0.098,[],True,Passed basic checks,0,50,50,MEDIUM,5,WAIT,รอการวิเคราะห์จาก AI
2026-06-27 21:37:00,1.354595,1.354855,1.354325,1.354735,1.0,GBPUSD-OTC,BULLISH,1.353835,1.353824,1.3538,1.353532,1.351685,1.348557,BEARISH,1.355231,1.351446,0.003785,0.00624,38.53,51.64,-2.9e-05,-0.000128,0.0001,60.09,73.02,0.001329,80.9,1.12,0.001198,0.001241,17.42,18.37,22.42,9.92,-0.0621,1,1.0,1.0,False,STABLE,4.9e-05,7.8e-05,-2.1e-05,1.351265,1.355875,1.353325,1.354105,1.355635,1.351795,1.351015,22,3.47,1.354882,1.35494,1.354766,1.354196,40.56,44.68,0.000297,0.000391,43.2,52.78,0.000599,1.353025,1.355875,1.355998,1.353716,1.354638,1.354952,1.354422,1,1.0,1.354735,1.354855,1.354325,1.354595,NEW YORK,422468,LOW,1.354735,1.354855,1.354325,1.354595,NEW YORK,422468,LOW,NONE,BEARISH,BEARISH,WEAK,NONE,HIGH_WICK,NEUTRAL,CHAOTIC,TRUE,NONE,48,26,-13.333333333333334,50,NEUTRAL,False,70,[],0,0,NEUTRAL,BEARISH,40,True,BULL_TRAP,50,True,False,False,70,False,0,50,NONE,NONE,NONE,0,False,75,55,45,80,False,True,NEUTRAL,70,False,0.0,NONE,False,NONE,False,False,0,False,60,22.296173044925403,5.524861878452448,60.0,29,POOR,False,75,39,-0.24342424290046402,3,30.000000000000004,False,RANDOM,70,50.24575582130805,1.422437496413586,True,MOMENTUM_SHIFT,False,True,False,65,True,70,UP,60,CORRECTIVE,EXTREME,UP,60,-0.0621,CORRECTIVE,55,30,50,WEAK,BULLISH,50,30,60,EXTREME,88,55,45,1.12,False,40,0.6065705128205129,51.279999999999994,RANGING,90,False,NONE,1.351265,1.354105,1.353325,FAR,30,50,85,50,NONE,NONE,NONE,False,[],0,0,SIDEWAY_RANGE,SIDEWAY_RANGE,52,60,True,24,Price ranging between clear levels. Suitable for mean-reversion strategies.,1.0,0.5,False,False,True,True,0.3,0.3,True,False,False,22,True,[],0,NO,SIDEWAY_RANGE,Price ranging between clear levels. Suitable for mean-reversion strategies.,EXTREME,LOW,0.098,[],True,Passed basic checks,0,50,50,MEDIUM,5,WAIT,รอการวิเคราะห์จาก AI
2026-06-27 21:38:00,1.354595,1.354855,1.354325,1.354735,1.0,GBPUSD-OTC,BULLISH,1.353835,1.353824,1.3538,1.353532,1.351685,1.348557,BEARISH,1.355231,1.351446,0.003785,0.00624,38.53,51.64,-2.9e-05,-0.000128,0.0001,60.09,73.02,0.001329,80.9,1.12,0.001198,0.001241,17.42,18.37,22.42,9.92,-0.0621,1,1.0,1.0,False,STABLE,4.9e-05,7.8e-05,-2.1e-05,1.351265,1.355875,1.353325,1.354105,1.355635,1.351795,1.351015,22,3.47,1.354882,1.35494,1.354766,1.354196,40.56,44.68,0.000297,0.000391,43.2,52.78,0.000599,1.353025,1.355875,1.355998,1.353716,1.354638,1.354952,1.354422,1,1.0,1.354735,1.354855,1.354325,1.354595,NEW YORK,482832,LOW,1.354735,1.354855,1.354325,1.354595,NEW YORK,482832,LOW,NONE,BEARISH,BEARISH,WEAK,NONE,HIGH_WICK,NEUTRAL,CHAOTIC,TRUE,NONE,48,26,-13.333333333333334,50,NEUTRAL,False,70,[],0,0,NEUTRAL,BEARISH,40,True,BULL_TRAP,50,True,False,False,70,False,0,50,NONE,NONE,NONE,0,False,75,55,45,80,False,True,NEUTRAL,70,False,0.0,NONE,False,NONE,False,False,0,False,60,22.296173044925403,5.524861878452448,60.0,29,POOR,False,75,39,-0.24342424290046402,3,30.000000000000004,False,RANDOM,70,50.24575582130805,1.422437496413586,True,MOMENTUM_SHIFT,False,True,False,65,True,70,UP,60,CORRECTIVE,EXTREME,UP,60,-0.0621,CORRECTIVE,55,30,50,WEAK,BULLISH,50,30,60,EXTREME,88,55,45,1.12,False,40,0.6065705128205129,51.279999999999994,RANGING,90,False,NONE,1.351265,1.354105,1.353325,FAR,30,50,85,50,NONE,NONE,NONE,False,[],0,0,SIDEWAY_RANGE,SIDEWAY_RANGE,52,60,True,24,Price ranging between clear levels. Suitable for mean-reversion strategies.,1.0,0.5,False,False,True,True,0.3,0.3,True,False,False,22,True,[],0,NO,SIDEWAY_RANGE,Price ranging between clear levels. Suitable for mean-reversion strategies.,EXTREME,LOW,0.098,[],True,Passed basic checks,0,50,50,MEDIUM,5,WAIT,รอการวิเคราะห์จาก AI
2026-06-27 21:39:00,1.354595,1.354855,1.354325,1.354735,1.0,GBPUSD-OTC,BULLISH,1.353835,1.353824,1.3538,1.353532,1.351685,1.348557,BEARISH,1.355231,1.351446,0.003785,0.00624,38.53,51.64,-2.9e-05,-0.000128,0.0001,60.09,73.02,0.001329,80.9,1.12,0.001198,0.001241,17.42,18.37,22.42,9.92,-0.0621,1,1.0,1.0,False,STABLE,4.9e-05,7.8e-05,-2.1e-05,1.351265,1.355875,1.353325,1.354105,1.355635,1.351795,1.351015,22,3.47,1.354882,1.35494,1.354766,1.354196,40.56,44.68,0.000297,0.000391,43.2,52.78,0.000599,1.353025,1.355875,1.355998,1.353716,1.354638,1.354952,1.354422,1,1.0,1.354735,1.354855,1.354325,1.354595,NEW YORK,543220,LOW,1.354735,1.354855,1.354325,1.354595,NEW YORK,543220,LOW,NONE,BEARISH,BEARISH,WEAK,NONE,HIGH_WICK,NEUTRAL,CHAOTIC,TRUE,NONE,48,26,-13.333333333333334,50,NEUTRAL,False,70,[],0,0,NEUTRAL,BEARISH,40,True,BULL_TRAP,50,True,False,False,70,False,0,50,NONE,NONE,NONE,0,False,75,55,45,80,False,True,NEUTRAL,70,False,0.0,NONE,False,NONE,False,False,0,False,60,22.296173044925403,5.524861878452448,60.0,29,POOR,False,75,39,-0.24342424290046402,3,30.000000000000004,False,RANDOM,70,50.24575582130805,1.422437496413586,True,MOMENTUM_SHIFT,False,True,False,65,True,70,UP,60,CORRECTIVE,EXTREME,UP,60,-0.0621,CORRECTIVE,55,30,50,WEAK,BULLISH,50,30,60,EXTREME,88,55,45,1.12,False,40,0.6065705128205129,51.279999999999994,RANGING,90,False,NONE,1.351265,1.354105,1.353325,FAR,30,50,85,50,NONE,NONE,NONE,False,[],0,0,ACCUMULATION,ACCUMULATION,52,65,True,24,"Smart money accumulation. Bullish bias, look for breakout.",1.0,0.5,False,False,True,True,0.3,0.3,True,False,False,22,True,[],0,NO,ACCUMULATION,"Smart money accumulation. Bullish bias, look for breakout.",EXTREME,LOW,0.098,[],True,Passed basic checks,0,50,50,MEDIUM,5,WAIT,รอการวิเคราะห์จาก AI
2026-06-27 21:40:00,1.352575,1.352995,1.352525,1.352855,1.0,GBPUSD-OTC,BULLISH,1.353491,1.353638,1.353705,1.353504,1.351723,1.348718,BEARISH,1.355162,1.351398,0.003764,0.006213,45.42,51.64,-0.000106,-0.000124,1.8e-05,44.76,59.94,0.001314,79.9,0.96,0.001209,0.001222,16.9,17.49,21.45,10.17,-0.0657,1,1.0,1.0,False,STABLE,-5.2e-05,8e-05,-2e-05,1.351265,1.355875,1.352912,1.353298,1.353792,1.352418,1.352032,23,3.51,1.353316,1.353857,1.354196,1.354047,14.09,18.22,-0.000235,9.7e-05,4.28,5.91,0.000548,1.352525,1.355875,1.356402,1.352833,1.352792,1.353058,1.352588,1,1.0,1.352855,1.352995,1.352525,1.352575,NEW YORK,302937,LOW,1.352855,1.352995,1.352525,1.352575,NEW YORK,302937,LOW,SHOOTING_STAR,BULLISH,BULLISH,WEAK,AT_PIVOT,HIGH_WICK,NEUTRAL,CHAOTIC,TRUE,TESTING_PIVOT,47,26,-13.333333333333334,50,NEUTRAL,False,70,['SHOOTING_STAR'],1,20,BEARISH,BULLISH,60,True,REJECTION,25,False,False,True,70,False,0,50,NONE,NONE,NONE,0,False,75,55,45,80,False,True,NEUTRAL,70,False,0.0,NONE,False,NONE,False,False,0,False,60,10.665451230628307,3.272727272727204,55.00000000000001,22,POOR,False,75,39,-0.21804347361554366,3,30.000000000000004,False,RANDOM,70,47.69458247301679,3.6236111942947473,False,NONE,False,False,False,100,True,70,NONE,80,CHOPPY,EXTREME,NONE,80,-0.0657,CHOPPY,20,50,30,WEAK,BULLISH,50,30,60,EXTREME,88,55,45,0.96,False,40,0.6058264928375986,52.07999999999999,RANGING,90,False,NONE,1.351265,1.353298,1.352912,FAR,30,50,85,50,NONE,NONE,NONE,False,[],0,0,SIDEWAY_RANGE,SIDEWAY_RANGE,54,60,True,24,Price ranging between clear levels. Suitable for mean-reversion strategies.,1.0,0.5,False,False,False,False,0.3,0.3,True,False,False,22,True,[],0,NO,SIDEWAY_RANGE,Price ranging between clear levels. Suitable for mean-reversion strategies.,EXTREME,LOW,0.097,[],True,Passed basic checks,0,50,50,MEDIUM,5,WAIT,รอการวิเคราะห์จาก AI
2026-06-27 21:41:00,1.352575,1.352995,1.352525,1.352855,1.0,GBPUSD-OTC,BULLISH,1.353491,1.353638,1.353705,1.353504,1.351723,1.348718,BEARISH,1.355162,1.351398,0.003764,0.006213,45.42,51.64,-0.000106,-0.000124,1.8e-05,44.76,59.94,0.001314,79.9,0.96,0.001209,0.001222,16.9,17.49,21.45,10.17,-0.0657,1,1.0,1.0,False,STABLE,-5.2e-05,8e-05,-2e-05,1.351265,1.355875,1.352912,1.353298,1.353792,1.352418,1.352032,23,3.51,1.353316,1.353857,1.354196,1.354047,14.09,18.22,-0.000235,9.7e-05,4.28,5.91,0.000548,1.352525,1.355875,1.356402,1.352833,1.352792,1.353058,1.352588,1,1.0,1.352855,1.352995,1.352525,1.352575,NEW YORK,363287,LOW,1.352855,1.352995,1.352525,1.352575,NEW YORK,363287,LOW,SHOOTING_STAR,BULLISH,BULLISH,WEAK,AT_PIVOT,HIGH_WICK,NEUTRAL,CHAOTIC,TRUE,TESTING_PIVOT,47,26,-13.333333333333334,50,NEUTRAL,False,70,['SHOOTING_STAR'],1,20,BEARISH,BULLISH,60,True,REJECTION,25,False,False,True,70,False,0,50,NONE,NONE,NONE,0,False,75,55,45,80,False,True,NEUTRAL,70,False,0.0,NONE,False,NONE,False,False,0,False,60,10.665451230628307,3.272727272727204,55.00000000000001,22,POOR,False,75,39,-0.21804347361554366,3,30.000000000000004,False,RANDOM,70,47.69458247301679,3.6236111942947473,False,NONE,False,False,False,100,True,70,NONE,80,CHOPPY,EXTREME,NONE,80,-0.0657,CHOPPY,20,50,30,WEAK,BULLISH,50,30,60,EXTREME,88,55,45,0.96,False,40,0.6058264928375986,52.07999999999999,RANGING,90,False,NONE,1.351265,1.353298,1.352912,FAR,30,50,85,50,NONE,NONE,NONE,False,[],0,0,SIDEWAY_RANGE,SIDEWAY_RANGE,54,60,True,24,Price ranging between clear levels. Suitable for mean-reversion strategies.,1.0,0.5,False,False,False,False,0.3,0.3,True,False,False,22,True,[],0,NO,SIDEWAY_RANGE,Price ranging between clear levels. Suitable for mean-reversion strategies.,EXTREME,LOW,0.097,[],True,Passed basic checks,0,50,50,MEDIUM,5,WAIT,รอการวิเคราะห์จาก AI
2026-06-27 21:42:00,1.352575,1.352995,1.352525,1.352855,1.0,GBPUSD-OTC,BULLISH,1.353491,1.353638,1.353705,1.353504,1.351723,1.348718,BEARISH,1.355162,1.351398,0.003764,0.006213,45.42,51.64,-0.000106,-0.000124,1.8e-05,44.76,59.94,0.001314,79.9,0.96,0.001209,0.001222,16.9,17.49,21.45,10.17,-0.0657,1,1.0,1.0,False,STABLE,-5.2e-05,8e-05,-2e-05,1.351265,1.355875,1.352912,1.353298,1.353792,1.352418,1.352032,23,3.51,1.353316,1.353857,1.354196,1.354047,14.09,18.22,-0.000235,9.7e-05,4.28,5.91,0.000548,1.352525,1.355875,1.356402,1.352833,1.352792,1.353058,1.352588,1,1.0,1.352855,1.352995,1.352525,1.352575,NEW YORK,422761,LOW,1.352855,1.352995,1.352525,1.352575,NEW YORK,422761,LOW,SHOOTING_STAR,BULLISH,BULLISH,WEAK,AT_PIVOT,HIGH_WICK,NEUTRAL,CHAOTIC,TRUE,TESTING_PIVOT,47,26,-13.333333333333334,50,NEUTRAL,False,70,['SHOOTING_STAR'],1,20,BEARISH,BULLISH,60,True,REJECTION,25,False,False,True,70,False,0,50,NONE,NONE,NONE,0,False,75,55,45,80,False,True,NEUTRAL,70,False,0.0,NONE,False,NONE,False,False,0,False,60,10.665451230628307,3.272727272727204,55.00000000000001,22,POOR,False,75,39,-0.21804347361554366,3,30.000000000000004,False,RANDOM,70,47.69458247301679,3.6236111942947473,False,NONE,False,False,False,100,True,70,NONE,80,CHOPPY,EXTREME,NONE,80,-0.0657,CHOPPY,20,50,30,WEAK,BULLISH,50,30,60,EXTREME,88,55,45,0.96,False,40,0.6058264928375986,52.07999999999999,RANGING,90,False,NONE,1.351265,1.353298,1.352912,FAR,30,50,85,50,NONE,NONE,NONE,False,[],0,0,SIDEWAY_RANGE,SIDEWAY_RANGE,54,60,True,24,Price ranging between clear levels. Suitable for mean-reversion strategies.,1.0,0.5,False,False,False,False,0.3,0.3,True,False,False,22,True,[],0,NO,SIDEWAY_RANGE,Price ranging between clear levels. Suitable for mean-reversion strategies.,EXTREME,LOW,0.097,[],True,Passed basic checks,0,50,50,MEDIUM,5,WAIT,รอการวิเคราะห์จาก AI
2026-06-27 21:43:00,1.352575,1.352995,1.352525,1.352855,1.0,GBPUSD-OTC,BULLISH,1.353491,1.353638,1.353705,1.353504,1.351723,1.348718,BEARISH,1.355162,1.351398,0.003764,0.006213,45.42,51.64,-0.000106,-0.000124,1.8e-05,44.76,59.94,0.001314,79.9,0.96,0.001209,0.001222,16.9,17.49,21.45,10.17,-0.0657,1,1.0,1.0,False,STABLE,-5.2e-05,8e-05,-2e-05,1.351265,1.355875,1.352912,1.353298,1.353792,1.352418,1.352032,23,3.51,1.353316,1.353857,1.354196,1.354047,14.09,18.22,-0.000235,9.7e-05,4.28,5.91,0.000548,1.352525,1.355875,1.356402,1.352833,1.352792,1.353058,1.352588,1,1.0,1.352855,1.352995,1.352525,1.352575,NEW YORK,483057,LOW,1.352855,1.352995,1.352525,1.352575,NEW YORK,483057,LOW,SHOOTING_STAR,BULLISH,BULLISH,WEAK,AT_PIVOT,HIGH_WICK,NEUTRAL,CHAOTIC,TRUE,TESTING_PIVOT,47,26,-13.333333333333334,50,NEUTRAL,False,70,['SHOOTING_STAR'],1,20,BEARISH,BULLISH,60,True,REJECTION,25,False,False,True,70,False,0,50,NONE,NONE,NONE,0,False,75,55,45,80,False,True,NEUTRAL,70,False,0.0,NONE,False,NONE,False,False,0,False,60,10.665451230628307,3.272727272727204,55.00000000000001,22,POOR,False,75,39,-0.21804347361554366,3,30.000000000000004,False,RANDOM,70,47.69458247301679,3.6236111942947473,False,NONE,False,False,False,100,True,70,NONE,80,CHOPPY,EXTREME,NONE,80,-0.0657,CHOPPY,20,50,30,WEAK,BULLISH,50,30,60,EXTREME,88,55,45,0.96,False,40,0.6058264928375986,52.07999999999999,RANGING,90,False,NONE,1.351265,1.353298,1.352912,FAR,30,50,85,50,NONE,NONE,NONE,False,[],0,0,SIDEWAY_RANGE,SIDEWAY_RANGE,54,60,True,24,Price ranging between clear levels. Suitable for mean-reversion strategies.,1.0,0.5,False,False,False,False,0.3,0.3,True,False,False,22,True,[],0,NO,SIDEWAY_RANGE,Price ranging between clear levels. Suitable for mean-reversion strategies.,EXTREME,LOW,0.097,[],True,Passed basic checks,0,50,50,MEDIUM,5,WAIT,รอการวิเคราะห์จาก AI
2026-06-27 21:44:00,1.352575,1.352995,1.352525,1.352855,1.0,GBPUSD-OTC,BULLISH,1.353491,1.353638,1.353705,1.353504,1.351723,1.348718,BEARISH,1.355162,1.351398,0.003764,0.006213,45.42,51.64,-0.000106,-0.000124,1.8e-05,44.76,59.94,0.001314,79.9,0.96,0.001209,0.001222,16.9,17.49,21.45,10.17,-0.0657,1,1.0,1.0,False,STABLE,-5.2e-05,8e-05,-2e-05,1.351265,1.355875,1.352912,1.353298,1.353792,1.352418,1.352032,23,3.51,1.353316,1.353857,1.354196,1.354047,14.09,18.22,-0.000235,9.7e-05,4.28,5.91,0.000548,1.352525,1.355875,1.356402,1.352833,1.352792,1.353058,1.352588,1,1.0,1.352855,1.352995,1.352525,1.352575,NEW YORK,542496,LOW,1.352855,1.352995,1.352525,1.352575,NEW YORK,542496,LOW,SHOOTING_STAR,BULLISH,BULLISH,WEAK,AT_PIVOT,HIGH_WICK,NEUTRAL,CHAOTIC,TRUE,TESTING_PIVOT,47,26,-13.333333333333334,50,NEUTRAL,False,70,['SHOOTING_STAR'],1,20,BEARISH,BULLISH,60,True,REJECTION,25,False,False,True,70,False,0,50,NONE,NONE,NONE,0,False,75,55,45,80,False,True,NEUTRAL,70,False,0.0,NONE,False,NONE,False,False,0,False,60,10.665451230628307,3.272727272727204,55.00000000000001,22,POOR,False,75,39,-0.21804347361554366,3,30.000000000000004,False,RANDOM,70,47.69458247301679,3.6236111942947473,False,NONE,False,False,False,100,True,70,NONE,80,CHOPPY,EXTREME,NONE,80,-0.0657,CHOPPY,20,50,30,WEAK,BULLISH,50,30,60,EXTREME,88,55,45,0.96,False,40,0.6058264928375986,52.07999999999999,RANGING,90,False,NONE,1.351265,1.353298,1.352912,FAR,30,50,85,50,NONE,NONE,NONE,False,[],0,0,SIDEWAY_RANGE,SIDEWAY_RANGE,54,60,True,24,Price ranging between clear levels. Suitable for mean-reversion strategies.,1.0,0.5,False,False,False,False,0.3,0.3,True,False,False,22,True,[],0,NO,SIDEWAY_RANGE,Price ranging between clear levels. Suitable for mean-reversion strategies.,EXTREME,LOW,0.097,[],True,Passed basic checks,0,50,50,MEDIUM,5,WAIT,รอการวิเคราะห์จาก AI
2026-06-27 21:45:00,1.352795,1.353085,1.352715,1.353035,1.0,GBPUSD-OTC,BEARISH,1.353329,1.353523,1.353638,1.353484,1.351735,1.34866,BEARISH,1.355129,1.35137,0.003758,0.006177,39.17,53.74,-0.000149,-0.000129,-2e-05,33.19,46.01,0.001312,78.89,0.93,0.001222,0.001202,16.16,17.88,20.35,6.47,-0.065,1,1.0,1.0,False,STABLE,-0.000116,8.2e-05,-2.3e-05,1.351265,1.355875,1.353118,1.353522,1.354038,1.352602,1.352198,24,3.51,1.353,1.353295,1.353718,1.353856,49.08,25.32,-0.000412,-0.000217,10.83,12.91,0.000534,1.352525,1.355875,1.356409,1.351945,1.352945,1.353175,1.352805,1,1.0,1.353035,1.353085,1.352715,1.352795,NEW YORK,304150,LOW,1.353035,1.353085,1.352715,1.352795,NEW YORK,304150,LOW,SHOOTING_STAR,BULLISH,BULLISH,WEAK,AT_PIVOT,HIGH_WICK,NEUTRAL,CHAOTIC,TRUE,TESTING_PIVOT,45,30,-6.666666666666667,50,NEUTRAL,False,70,['SHOOTING_STAR'],1,20,BEARISH,BULLISH,60,True,REJECTION,25,False,False,True,70,False,0,50,NONE,NONE,NONE,0,False,75,55,45,80,False,True,NEUTRAL,70,False,0.0,NONE,False,NONE,False,False,0,False,60,5.642923219241561,1.4481094127108514,50.0,19,POOR,False,75,39,-0.3090782920936755,3,30.000000000000004,False,MEAN_REVERTING,70,48.531801928044956,2.4964047279912824,False,NONE,False,False,False,100,True,70,NONE,100,CHOPPY,EXTREME,NONE,100,-0.065,CHOPPY,20,50,30,WEAK,NONE,50,30,60,EXTREME,88,40,60,0.93,False,40,0.6083859478711349,52.888,RANGING,90,False,NONE,1.351265,1.353522,1.353118,FAR,30,50,85,50,NONE,NONE,NONE,False,[],0,0,SIDEWAY_RANGE,SIDEWAY_RANGE,56,60,True,24,Price ranging between clear levels. Suitable for mean-reversion strategies.,1.0,0.5,False,False,False,False,0.3,0.3,True,False,False,22,True,[],0,NO,SIDEWAY_RANGE,Price ranging between clear levels. Suitable for mean-reversion strategies.,EXTREME,LOW,0.097,[],True,Passed basic checks,0,50,50,MEDIUM,5,WAIT,รอการวิเคราะห์จาก AI
2026-06-27 21:46:00,1.352795,1.353085,1.352715,1.353035,1.0,GBPUSD-OTC,BEARISH,1.353329,1.353523,1.353638,1.353484,1.351735,1.34866,BEARISH,1.355129,1.35137,0.003758,0.006177,39.17,53.74,-0.000149,-0.000129,-2e-05,33.19,46.01,0.001312,78.89,0.93,0.001222,0.001202,16.16,17.88,20.35,6.47,-0.065,1,1.0,1.0,False,STABLE,-0.000116,8.2e-05,-2.3e-05,1.351265,1.355875,1.353118,1.353522,1.354038,1.352602,1.352198,24,3.51,1.353,1.353295,1.353718,1.353856,49.08,25.32,-0.000412,-0.000217,10.83,12.91,0.000534,1.352525,1.355875,1.356409,1.351945,1.352945,1.353175,1.352805,1,1.0,1.353035,1.353085,1.352715,1.352795,NEW YORK,362501,LOW,1.353035,1.353085,1.352715,1.352795,NEW YORK,362501,LOW,SHOOTING_STAR,BULLISH,BULLISH,WEAK,AT_PIVOT,HIGH_WICK,NEUTRAL,CHAOTIC,TRUE,TESTING_PIVOT,45,30,-6.666666666666667,50,NEUTRAL,False,70,['SHOOTING_STAR'],1,20,BEARISH,BULLISH,60,True,REJECTION,25,False,False,True,70,False,0,50,NONE,NONE,NONE,0,False,75,55,45,80,False,True,NEUTRAL,70,False,0.0,NONE,False,NONE,False,False,0,False,60,5.642923219241561,1.4481094127108514,50.0,19,POOR,False,75,39,-0.3090782920936755,3,30.000000000000004,False,MEAN_REVERTING,70,48.531801928044956,2.4964047279912824,False,NONE,False,False,False,100,True,70,NONE,100,CHOPPY,EXTREME,NONE,100,-0.065,CHOPPY,20,50,30,WEAK,NONE,50,30,60,EXTREME,88,40,60,0.93,False,40,0.6083859478711349,52.888,RANGING,90,False,NONE,1.351265,1.353522,1.353118,FAR,30,50,85,50,NONE,NONE,NONE,False,[],0,0,SIDEWAY_RANGE,SIDEWAY_RANGE,56,60,True,24,Price ranging between clear levels. Suitable for mean-reversion strategies.,1.0,0.5,False,False,False,False,0.3,0.3,True,False,False,22,True,[],0,NO,SIDEWAY_RANGE,Price ranging between clear levels. Suitable for mean-reversion strategies.,EXTREME,LOW,0.097,[],True,Passed basic checks,0,50,50,MEDIUM,5,WAIT,รอการวิเคราะห์จาก AI
2026-06-27 21:47:00,1.352795,1.353085,1.352715,1.353035,1.0,GBPUSD-OTC,BEARISH,1.353329,1.353523,1.353638,1.353484,1.351735,1.34866,BEARISH,1.355129,1.35137,0.003758,0.006177,39.17,53.74,-0.000149,-0.000129,-2e-05,33.19,46.01,0.001312,78.89,0.93,0.001222,0.001202,16.16,17.88,20.35,6.47,-0.065,1,1.0,1.0,False,STABLE,-0.000116,8.2e-05,-2.3e-05,1.351265,1.355875,1.353118,1.353522,1.354038,1.352602,1.352198,24,3.51,1.353,1.353295,1.353718,1.353856,49.08,25.32,-0.000412,-0.000217,10.83,12.91,0.000534,1.352525,1.355875,1.356409,1.351945,1.352945,1.353175,1.352805,1,1.0,1.353035,1.353085,1.352715,1.352795,NEW YORK,422786,LOW,1.353035,1.353085,1.352715,1.352795,NEW YORK,422786,LOW,SHOOTING_STAR,BULLISH,BULLISH,WEAK,AT_PIVOT,HIGH_WICK,NEUTRAL,CHAOTIC,TRUE,TESTING_PIVOT,45,30,-6.666666666666667,50,NEUTRAL,False,70,['SHOOTING_STAR'],1,20,BEARISH,BULLISH,60,True,REJECTION,25,False,False,True,70,False,0,50,NONE,NONE,NONE,0,False,75,55,45,80,False,True,NEUTRAL,70,False,0.0,NONE,False,NONE,False,False,0,False,60,5.642923219241561,1.4481094127108514,50.0,19,POOR,False,75,39,-0.3090782920936755,3,30.000000000000004,False,MEAN_REVERTING,70,48.531801928044956,2.4964047279912824,False,NONE,False,False,False,100,True,70,NONE,100,CHOPPY,EXTREME,NONE,100,-0.065,CHOPPY,20,50,30,WEAK,NONE,50,30,60,EXTREME,88,40,60,0.93,False,40,0.6083859478711349,52.888,RANGING,90,False,NONE,1.351265,1.353522,1.353118,FAR,30,50,85,50,NONE,NONE,NONE,False,[],0,0,SIDEWAY_RANGE,SIDEWAY_RANGE,56,60,True,24,Price ranging between clear levels. Suitable for mean-reversion strategies.,1.0,0.5,False,False,False,False,0.3,0.3,True,False,False,22,True,[],0,NO,SIDEWAY_RANGE,Price ranging between clear levels. Suitable for mean-reversion strategies.,EXTREME,LOW,0.097,[],True,Passed basic checks,0,50,50,MEDIUM,5,WAIT,รอการวิเคราะห์จาก AI
2026-06-27 21:48:00,1.352795,1.353085,1.352715,1.353035,1.0,GBPUSD-OTC,BEARISH,1.353329,1.353523,1.353638,1.353484,1.351735,1.34866,BEARISH,1.355129,1.35137,0.003758,0.006177,39.17,53.74,-0.000149,-0.000129,-2e-05,33.19,46.01,0.001312,78.89,0.93,0.001222,0.001202,16.16,17.88,20.35,6.47,-0.065,1,1.0,1.0,False,STABLE,-0.000116,8.2e-05,-2.3e-05,1.351265,1.355875,1.353118,1.353522,1.354038,1.352602,1.352198,24,3.51,1.353,1.353295,1.353718,1.353856,49.08,25.32,-0.000412,-0.000217,10.83,12.91,0.000534,1.352525,1.355875,1.356409,1.351945,1.352945,1.353175,1.352805,1,1.0,1.353035,1.353085,1.352715,1.352795,NEW YORK,483075,LOW,1.353035,1.353085,1.352715,1.352795,NEW YORK,483075,LOW,SHOOTING_STAR,BULLISH,BULLISH,WEAK,AT_PIVOT,HIGH_WICK,NEUTRAL,CHAOTIC,TRUE,TESTING_PIVOT,45,30,-6.666666666666667,50,NEUTRAL,False,70,['SHOOTING_STAR'],1,20,BEARISH,BULLISH,60,True,REJECTION,25,False,False,True,70,False,0,50,NONE,NONE,NONE,0,False,75,55,45,80,False,True,NEUTRAL,70,False,0.0,NONE,False,NONE,False,False,0,False,60,5.642923219241561,1.4481094127108514,50.0,19,POOR,False,75,39,-0.3090782920936755,3,30.000000000000004,False,MEAN_REVERTING,70,48.531801928044956,2.4964047279912824,False,NONE,False,False,False,100,True,70,NONE,100,CHOPPY,EXTREME,NONE,100,-0.065,CHOPPY,20,50,30,WEAK,NONE,50,30,60,EXTREME,88,40,60,0.93,False,40,0.6083859478711349,52.888,RANGING,90,False,NONE,1.351265,1.353522,1.353118,FAR,30,50,85,50,NONE,NONE,NONE,False,[],0,0,SIDEWAY_RANGE,SIDEWAY_RANGE,56,60,True,24,Price ranging between clear levels. Suitable for mean-reversion strategies.,1.0,0.5,False,False,False,False,0.3,0.3,True,False,False,22,True,[],0,NO,SIDEWAY_RANGE,Price ranging between clear levels. Suitable for mean-reversion strategies.,EXTREME,LOW,0.097,[],True,Passed basic checks,0,50,50,MEDIUM,5,WAIT,รอการวิเคราะห์จาก AI
2026-06-27 21:49:00,1.352795,1.353085,1.352715,1.353035,1.0,GBPUSD-OTC,BEARISH,1.353329,1.353523,1.353638,1.353484,1.351735,1.34866,BEARISH,1.355129,1.35137,0.003758,0.006177,39.17,53.74,-0.000149,-0.000129,-2e-05,33.19,46.01,0.001312,78.89,0.93,0.001222,0.001202,16.16,17.88,20.35,6.47,-0.065,1,1.0,1.0,False,STABLE,-0.000116,8.2e-05,-2.3e-05,1.351265,1.355875,1.353118,1.353522,1.354038,1.352602,1.352198,24,3.51,1.353,1.353295,1.353718,1.353856,49.08,25.32,-0.000412,-0.000217,10.83,12.91,0.000534,1.352525,1.355875,1.356409,1.351945,1.352945,1.353175,1.352805,1,1.0,1.353035,1.353085,1.352715,1.352795,NEW YORK,542483,LOW,1.353035,1.353085,1.352715,1.352795,NEW YORK,542483,LOW,SHOOTING_STAR,BULLISH,BULLISH,WEAK,AT_PIVOT,HIGH_WICK,NEUTRAL,CHAOTIC,TRUE,TESTING_PIVOT,45,30,-6.666666666666667,50,NEUTRAL,False,70,['SHOOTING_STAR'],1,20,BEARISH,BULLISH,60,True,REJECTION,25,False,False,True,70,False,0,50,NONE,NONE,NONE,0,False,75,55,45,80,False,True,NEUTRAL,70,False,0.0,NONE,False,NONE,False,False,0,False,60,5.642923219241561,1.4481094127108514,50.0,19,POOR,False,75,39,-0.3090782920936755,3,30.000000000000004,False,MEAN_REVERTING,70,48.531801928044956,2.4964047279912824,False,NONE,False,False,False,100,True,70,NONE,100,CHOPPY,EXTREME,NONE,100,-0.065,CHOPPY,20,50,30,WEAK,NONE,50,30,60,EXTREME,88,40,60,0.93,False,40,0.6083859478711349,52.888,RANGING,90,False,NONE,1.351265,1.353522,1.353118,FAR,30,50,85,50,NONE,NONE,NONE,False,[],0,0,SIDEWAY_RANGE,SIDEWAY_RANGE,56,60,True,24,Price ranging between clear levels. Suitable for mean-reversion strategies.,1.0,0.5,False,False,False,False,0.3,0.3,True,False,False,22,True,[],0,NO,SIDEWAY_RANGE,Price ranging between clear levels. Suitable for mean-reversion strategies.,EXTREME,LOW,0.097,[],True,Passed basic checks,0,50,50,MEDIUM,5,WAIT,รอการวิเคราะห์จาก AI
2026-06-27 21:50:00,1.353015,1.353105,1.352745,1.352925,1.0,GBPUSD-OTC,BEARISH,1.353084,1.353355,1.353539,1.353449,1.351753,1.348707,BEARISH,1.35513,1.351364,0.003765,0.006133,22.92,52.51,-0.000214,-0.000146,-6.8e-05,33.33,37.09,0.001313,78.89,0.93,0.001239,0.001177,16.09,16.81,22.87,15.27,-0.0517,1,1.0,1.0,False,STABLE,-0.000181,6.3e-05,-3e-05,1.351265,1.355875,1.352585,1.353115,1.353635,1.352065,1.351535,25,3.51,1.353071,1.353185,1.353491,1.353728,58.73,31.9,-0.000356,-0.000314,24.42,27.35,0.000513,1.352525,1.355675,1.35547,1.351801,1.352925,1.353105,1.352745,1,1.0,1.352925,1.353105,1.352745,1.353015,NEW YORK,302857,LOW,1.352925,1.353105,1.352745,1.353015,NEW YORK,302857,LOW,BEARISH_ENGULFING,BEARISH,BEARISH,WEAK,AT_PIVOT,HIGH_WICK,NEUTRAL,CHAOTIC,NONE,TESTING_PIVOT,45,30,-13.333333333333334,50,NEUTRAL,False,70,['BEARISH_ENGULFING'],1,20,BEARISH,BEARISH,60,False,NONE,0,False,False,False,60,False,0,50,NONE,NONE,NONE,0,False,75,55,45,80,False,True,NEUTRAL,70,False,0.0,NONE,False,NONE,False,False,0,False,60,0.4878048780498161,1.2913640032288156,50.0,17,POOR,False,75,39,-0.27565855787944465,3,30.000000000000004,False,MEAN_REVERTING,70,48.452455067035146,2.844489967990987,False,NONE,False,False,False,100,True,70,NONE,100,CHOPPY,EXTREME,NONE,100,-0.0517,CHOPPY,20,50,30,WEAK,NONE,50,30,60,EXTREME,88,40,60,0.93,False,40,0.6138920593510516,52.888,RANGING,90,False,NONE,1.351265,1.353115,1.352585,FAR,30,50,85,50,NONE,NONE,NONE,False,[],0,0,SIDEWAY_RANGE,SIDEWAY_RANGE,56,60,True,24,Price ranging between clear levels. Suitable for mean-reversion strategies.,1.0,0.5,False,False,False,False,0.3,0.3,True,False,False,22,True,[],0,NO,SIDEWAY_RANGE,Price ranging between clear levels. Suitable for mean-reversion strategies.,EXTREME,LOW,0.097,[],True,Passed basic checks,0,50,50,MEDIUM,5,WAIT,รอการวิเคราะห์จาก AI
2026-06-27 21:51:00,1.353015,1.353105,1.352745,1.352925,1.0,GBPUSD-OTC,BEARISH,1.353084,1.353355,1.353539,1.353449,1.351753,1.348707,BEARISH,1.35513,1.351364,0.003765,0.006133,22.92,52.51,-0.000214,-0.000146,-6.8e-05,33.33,37.09,0.001313,78.89,0.93,0.001239,0.001177,16.09,16.81,22.87,15.27,-0.0517,1,1.0,1.0,False,STABLE,-0.000181,6.3e-05,-3e-05,1.351265,1.355875,1.352585,1.353115,1.353635,1.352065,1.351535,25,3.51,1.353071,1.353185,1.353491,1.353728,58.73,31.9,-0.000356,-0.000314,24.42,27.35,0.000513,1.352525,1.355675,1.35547,1.351801,1.352925,1.353105,1.352745,1,1.0,1.352925,1.353105,1.352745,1.353015,NEW YORK,363242,LOW,1.352925,1.353105,1.352745,1.353015,NEW YORK,363242,LOW,BEARISH_ENGULFING,BEARISH,BEARISH,WEAK,AT_PIVOT,HIGH_WICK,NEUTRAL,CHAOTIC,NONE,TESTING_PIVOT,45,30,-13.333333333333334,50,NEUTRAL,False,70,['BEARISH_ENGULFING'],1,20,BEARISH,BEARISH,60,False,NONE,0,False,False,False,60,False,0,50,NONE,NONE,NONE,0,False,75,55,45,80,False,True,NEUTRAL,70,False,0.0,NONE,False,NONE,False,False,0,False,60,0.4878048780498161,1.2913640032288156,50.0,17,POOR,False,75,39,-0.27565855787944465,3,30.000000000000004,False,MEAN_REVERTING,70,48.452455067035146,2.844489967990987,False,NONE,False,False,False,100,True,70,NONE,100,CHOPPY,EXTREME,NONE,100,-0.0517,CHOPPY,20,50,30,WEAK,NONE,50,30,60,EXTREME,88,40,60,0.93,False,40,0.6138920593510516,52.888,RANGING,90,False,NONE,1.351265,1.353115,1.352585,FAR,30,50,85,50,NONE,NONE,NONE,False,[],0,0,SIDEWAY_RANGE,SIDEWAY_RANGE,56,60,True,24,Price ranging between clear levels. Suitable for mean-reversion strategies.,1.0,0.5,False,False,False,False,0.3,0.3,True,False,False,22,True,[],0,NO,SIDEWAY_RANGE,Price ranging between clear levels. Suitable for mean-reversion strategies.,EXTREME,LOW,0.097,[],True,Passed basic checks,0,50,50,MEDIUM,5,WAIT,รอการวิเคราะห์จาก AI
2026-06-27 21:52:00,1.353015,1.353105,1.352745,1.352925,1.0,GBPUSD-OTC,BEARISH,1.353084,1.353355,1.353539,1.353449,1.351753,1.348707,BEARISH,1.35513,1.351364,0.003765,0.006133,22.92,52.51,-0.000214,-0.000146,-6.8e-05,33.33,37.09,0.001313,78.89,0.93,0.001239,0.001177,16.09,16.81,22.87,15.27,-0.0517,1,1.0,1.0,False,STABLE,-0.000181,6.3e-05,-3e-05,1.351265,1.355875,1.352585,1.353115,1.353635,1.352065,1.351535,25,3.51,1.353071,1.353185,1.353491,1.353728,58.73,31.9,-0.000356,-0.000314,24.42,27.35,0.000513,1.352525,1.355675,1.35547,1.351801,1.352925,1.353105,1.352745,1,1.0,1.352925,1.353105,1.352745,1.353015,NEW YORK,422768,LOW,1.352925,1.353105,1.352745,1.353015,NEW YORK,422768,LOW,BEARISH_ENGULFING,BEARISH,BEARISH,WEAK,AT_PIVOT,HIGH_WICK,NEUTRAL,CHAOTIC,NONE,TESTING_PIVOT,45,30,-13.333333333333334,50,NEUTRAL,False,70,['BEARISH_ENGULFING'],1,20,BEARISH,BEARISH,60,False,NONE,0,False,False,False,60,False,0,50,NONE,NONE,NONE,0,False,75,55,45,80,False,True,NEUTRAL,70,False,0.0,NONE,False,NONE,False,False,0,False,60,0.4878048780498161,1.2913640032288156,50.0,17,POOR,False,75,39,-0.27565855787944465,3,30.000000000000004,False,MEAN_REVERTING,70,48.452455067035146,2.844489967990987,False,NONE,False,False,False,100,True,70,NONE,100,CHOPPY,EXTREME,NONE,100,-0.0517,CHOPPY,20,50,30,WEAK,NONE,50,30,60,EXTREME,88,40,60,0.93,False,40,0.6138920593510516,52.888,RANGING,90,False,NONE,1.351265,1.353115,1.352585,FAR,30,50,85,50,NONE,NONE,NONE,False,[],0,0,ACCUMULATION,ACCUMULATION,56,65,True,24,"Smart money accumulation. Bullish bias, look for breakout.",1.0,0.5,False,False,False,False,0.3,0.3,True,False,False,22,True,[],0,NO,ACCUMULATION,"Smart money accumulation. Bullish bias, look for breakout.",EXTREME,LOW,0.097,[],True,Passed basic checks,0,50,50,MEDIUM,5,WAIT,รอการวิเคราะห์จาก AI
2026-06-27 21:53:00,1.353015,1.353105,1.352745,1.352925,1.0,GBPUSD-OTC,BEARISH,1.353084,1.353355,1.353539,1.353449,1.351753,1.348707,BEARISH,1.35513,1.351364,0.003765,0.006133,22.92,52.51,-0.000214,-0.000146,-6.8e-05,33.33,37.09,0.001313,78.89,0.93,0.001239,0.001177,16.09,16.81,22.87,15.27,-0.0517,1,1.0,1.0,False,STABLE,-0.000181,6.3e-05,-3e-05,1.351265,1.355875,1.352585,1.353115,1.353635,1.352065,1.351535,25,3.51,1.353071,1.353185,1.353491,1.353728,58.73,31.9,-0.000356,-0.000314,24.42,27.35,0.000513,1.352525,1.355675,1.35547,1.351801,1.352925,1.353105,1.352745,1,1.0,1.352925,1.353105,1.352745,1.353015,NEW YORK,483115,LOW,1.352925,1.353105,1.352745,1.353015,NEW YORK,483115,LOW,BEARISH_ENGULFING,BEARISH,BEARISH,WEAK,AT_PIVOT,HIGH_WICK,NEUTRAL,CHAOTIC,NONE,TESTING_PIVOT,45,30,-13.333333333333334,50,NEUTRAL,False,70,['BEARISH_ENGULFING'],1,20,BEARISH,BEARISH,60,False,NONE,0,False,False,False,60,False,0,50,NONE,NONE,NONE,0,False,75,55,45,80,False,True,NEUTRAL,70,False,0.0,NONE,False,NONE,False,False,0,False,60,0.4878048780498161,1.2913640032288156,50.0,17,POOR,False,75,39,-0.27565855787944465,3,30.000000000000004,False,MEAN_REVERTING,70,48.452455067035146,2.844489967990987,False,NONE,False,False,False,100,True,70,NONE,100,CHOPPY,EXTREME,NONE,100,-0.0517,CHOPPY,20,50,30,WEAK,NONE,50,30,60,EXTREME,88,40,60,0.93,False,40,0.6138920593510516,52.888,RANGING,90,False,NONE,1.351265,1.353115,1.352585,FAR,30,50,85,50,NONE,NONE,NONE,False,[],0,0,SIDEWAY_RANGE,SIDEWAY_RANGE,56,60,True,24,Price ranging between clear levels. Suitable for mean-reversion strategies.,1.0,0.5,False,False,False,False,0.3,0.3,True,False,False,22,True,[],0,NO,SIDEWAY_RANGE,Price ranging between clear levels. Suitable for mean-reversion strategies.,EXTREME,LOW,0.097,[],True,Passed basic checks,0,50,50,MEDIUM,5,WAIT,รอการวิเคราะห์จาก AI
2026-06-27 21:54:00,1.353015,1.353105,1.352745,1.352925,1.0,GBPUSD-OTC,BEARISH,1.353084,1.353355,1.353539,1.353449,1.351753,1.348707,BEARISH,1.35513,1.351364,0.003765,0.006133,22.92,52.51,-0.000214,-0.000146,-6.8e-05,33.33,37.09,0.001313,78.89,0.93,0.001239,0.001177,16.09,16.81,22.87,15.27,-0.0517,1,1.0,1.0,False,STABLE,-0.000181,6.3e-05,-3e-05,1.351265,1.355875,1.352585,1.353115,1.353635,1.352065,1.351535,25,3.51,1.353071,1.353185,1.353491,1.353729,58.73,31.9,-0.000356,-0.000314,24.42,27.35,0.000513,1.352525,1.355675,1.35547,1.351801,1.352925,1.353105,1.352745,1,1.0,1.352925,1.353105,1.352745,1.353015,NEW YORK,542476,LOW,1.352925,1.353105,1.352745,1.353015,NEW YORK,542476,LOW,BEARISH_ENGULFING,BEARISH,BEARISH,WEAK,AT_PIVOT,HIGH_WICK,NEUTRAL,CHAOTIC,NONE,TESTING_PIVOT,45,30,-13.333333333333334,50,NEUTRAL,False,70,['BEARISH_ENGULFING'],1,20,BEARISH,BEARISH,60,False,NONE,0,False,False,False,60,False,0,50,NONE,NONE,NONE,0,False,75,55,45,80,False,True,NEUTRAL,70,False,0.0,NONE,False,NONE,False,False,0,False,60,0.4878048780498161,1.2913640032288156,50.0,17,POOR,False,75,39,-0.27565855787944465,3,30.000000000000004,False,MEAN_REVERTING,70,48.452455067035146,2.844489967990987,False,NONE,False,False,False,100,True,70,NONE,100,CHOPPY,EXTREME,NONE,100,-0.0517,CHOPPY,20,50,30,WEAK,NONE,50,30,60,EXTREME,88,40,60,0.93,False,40,0.6138920593510516,52.888,RANGING,90,False,NONE,1.351265,1.353115,1.352585,FAR,30,50,85,50,NONE,NONE,NONE,False,[],0,0,SIDEWAY_RANGE,SIDEWAY_RANGE,56,60,True,24,Price ranging between clear levels. Suitable for mean-reversion strategies.,1.0,0.5,False,False,False,False,0.3,0.3,True,False,False,22,True,[],0,NO,SIDEWAY_RANGE,Price ranging between clear levels. Suitable for mean-reversion strategies.,EXTREME,LOW,0.097,[],True,Passed basic checks,0,50,50,MEDIUM,5,WAIT,รอการวิเคราะห์จาก AI
2026-06-27 21:55:00,1.352525,1.352725,1.352385,1.352465,1.0,GBPUSD-OTC,BEARISH,1.353185,1.35336,1.353524,1.353446,1.351769,1.348632,BEARISH,1.355147,1.351394,0.003754,0.00608,39.21,57.89,-0.000199,-0.000157,-4.3e-05,36.27,34.27,0.001312,78.39,0.91,0.00126,0.001163,15.63,17.73,21.47,9.55,-0.0487,1,1.0,1.0,False,STABLE,-0.000227,5.9e-05,-3.3e-05,1.351265,1.355875,1.353068,1.353762,1.354138,1.352692,1.351998,26,3.51,1.352509,1.352689,1.353057,1.353485,24.05,36.25,-0.000449,-0.000403,23.42,15.35,0.000465,1.352055,1.354775,1.354136,1.351839,1.352525,1.352665,1.352325,1,1.0,1.352465,1.352725,1.352385,1.352525,NEW YORK,302965,LOW,1.352465,1.352725,1.352385,1.352525,NEW YORK,302965,LOW,BULLISH_ENGULFING,BULLISH,BULLISH,WEAK,AT_PIVOT,HIGH_WICK,NEUTRAL,CHAOTIC,NONE,TESTING_PIVOT,44,30,-6.666666666666667,50,NEUTRAL,False,70,['BULLISH_ENGULFING'],1,20,BULLISH,BULLISH,60,False,NONE,0,False,False,False,60,False,0,50,NONE,NONE,NONE,0,False,75,55,45,80,False,True,NEUTRAL,70,False,0.0,NONE,False,NONE,False,False,0,False,60,4.363974001856757,3.042433947158156,50.0,19,POOR,False,75,39,-0.2769086553133483,3,30.000000000000004,False,MEAN_REVERTING,70,47.195941434922574,3.196205948421806,False,NONE,False,False,False,100,True,70,NONE,100,CHOPPY,EXTREME,NONE,100,-0.0487,CHOPPY,20,50,30,WEAK,NONE,50,30,60,EXTREME,88,40,60,0.91,False,40,0.6174342105263158,53.288,RANGING,90,False,NONE,1.351265,1.353762,1.353068,FAR,30,50,85,50,NONE,NONE,NONE,False,[],0,0,SIDEWAY_RANGE,SIDEWAY_RANGE,56,60,True,24,Price ranging between clear levels. Suitable for mean-reversion strategies.,1.0,0.5,False,False,False,False,0.3,0.3,True,False,False,22,True,[],0,NO,SIDEWAY_RANGE,Price ranging between clear levels. Suitable for mean-reversion strategies.,EXTREME,LOW,0.097,[],True,Passed basic checks,0,50,50,MEDIUM,5,WAIT,รอการวิเคราะห์จาก AI
2026-06-27 21:56:00,1.352525,1.352725,1.352385,1.352465,1.0,GBPUSD-OTC,BEARISH,1.353185,1.35336,1.353524,1.353446,1.351769,1.348632,BEARISH,1.355147,1.351394,0.003754,0.00608,39.21,57.89,-0.000199,-0.000157,-4.3e-05,36.27,34.27,0.001312,78.39,0.91,0.00126,0.001163,15.63,17.73,21.47,9.55,-0.0487,1,1.0,1.0,False,STABLE,-0.000227,5.9e-05,-3.3e-05,1.351265,1.355875,1.353068,1.353762,1.354138,1.352692,1.351998,26,3.51,1.352509,1.352689,1.353057,1.353485,24.05,36.25,-0.000449,-0.000403,23.42,15.35,0.000465,1.352055,1.354775,1.354136,1.351839,1.352525,1.352665,1.352325,1,1.0,1.352465,1.352725,1.352385,1.352525,NEW YORK,363415,LOW,1.352465,1.352725,1.352385,1.352525,NEW YORK,363415,LOW,BULLISH_ENGULFING,BULLISH,BULLISH,WEAK,AT_PIVOT,HIGH_WICK,NEUTRAL,CHAOTIC,NONE,TESTING_PIVOT,44,30,-6.666666666666667,50,NEUTRAL,False,70,['BULLISH_ENGULFING'],1,20,BULLISH,BULLISH,60,False,NONE,0,False,False,False,60,False,0,50,NONE,NONE,NONE,0,False,75,55,45,80,False,True,NEUTRAL,70,False,0.0,NONE,False,NONE,False,False,0,False,60,4.363974001856757,3.042433947158156,50.0,19,POOR,False,75,39,-0.2769086553133483,3,30.000000000000004,False,MEAN_REVERTING,70,47.195941434922574,3.196205948421806,False,NONE,False,False,False,100,True,70,NONE,100,CHOPPY,EXTREME,NONE,100,-0.0487,CHOPPY,20,50,30,WEAK,NONE,50,30,60,EXTREME,88,40,60,0.91,False,40,0.6174342105263158,53.288,RANGING,90,False,NONE,1.351265,1.353762,1.353068,FAR,30,50,85,50,NONE,NONE,NONE,False,[],0,0,SIDEWAY_RANGE,SIDEWAY_RANGE,56,60,True,24,Price ranging between clear levels. Suitable for mean-reversion strategies.,1.0,0.5,False,False,False,False,0.3,0.3,True,False,False,22,True,[],0,NO,SIDEWAY_RANGE,Price ranging between clear levels. Suitable for mean-reversion strategies.,EXTREME,LOW,0.097,[],True,Passed basic checks,0,50,50,MEDIUM,5,WAIT,รอการวิเคราะห์จาก AI
2026-06-27 21:57:00,1.352525,1.352725,1.352385,1.352465,1.0,GBPUSD-OTC,BEARISH,1.353185,1.35336,1.353524,1.353446,1.351769,1.348632,BEARISH,1.355147,1.351394,0.003754,0.00608,39.21,57.89,-0.000199,-0.000157,-4.3e-05,36.27,34.27,0.001312,78.39,0.91,0.00126,0.001163,15.63,17.73,21.47,9.55,-0.0487,1,1.0,1.0,False,STABLE,-0.000227,5.9e-05,-3.3e-05,1.351265,1.355875,1.353068,1.353762,1.354138,1.352692,1.351998,26,3.51,1.352509,1.352689,1.353057,1.353485,24.05,36.25,-0.000449,-0.000403,23.42,15.35,0.000465,1.352055,1.354775,1.354136,1.351839,1.352525,1.352665,1.352325,1,1.0,1.352465,1.352725,1.352385,1.352525,NEW YORK,422911,LOW,1.352465,1.352725,1.352385,1.352525,NEW YORK,422911,LOW,BULLISH_ENGULFING,BULLISH,BULLISH,WEAK,AT_PIVOT,HIGH_WICK,NEUTRAL,CHAOTIC,NONE,TESTING_PIVOT,44,30,-6.666666666666667,50,NEUTRAL,False,70,['BULLISH_ENGULFING'],1,20,BULLISH,BULLISH,60,False,NONE,0,False,False,False,60,False,0,50,NONE,NONE,NONE,0,False,75,55,45,80,False,True,NEUTRAL,70,False,0.0,NONE,False,NONE,False,False,0,False,60,4.363974001856757,3.042433947158156,50.0,19,POOR,False,75,39,-0.2769086553133483,3,30.000000000000004,False,MEAN_REVERTING,70,47.195941434922574,3.196205948421806,False,NONE,False,False,False,100,True,70,NONE,100,CHOPPY,EXTREME,NONE,100,-0.0487,CHOPPY,20,50,30,WEAK,NONE,50,30,60,EXTREME,88,40,60,0.91,False,40,0.6174342105263158,53.288,RANGING,90,False,NONE,1.351265,1.353762,1.353068,FAR,30,50,85,50,NONE,NONE,NONE,False,[],0,0,ACCUMULATION,ACCUMULATION,56,65,True,24,"Smart money accumulation. Bullish bias, look for breakout.",1.0,0.5,False,False,False,False,0.3,0.3,True,False,False,22,True,[],0,NO,ACCUMULATION,"Smart money accumulation. Bullish bias, look for breakout.",EXTREME,LOW,0.097,[],True,Passed basic checks,0,50,50,MEDIUM,5,WAIT,รอการวิเคราะห์จาก AI
2026-06-27 21:58:00,1.352525,1.352725,1.352385,1.352465,1.0,GBPUSD-OTC,BEARISH,1.353185,1.35336,1.353524,1.353446,1.351769,1.348632,BEARISH,1.355147,1.351394,0.003754,0.00608,39.21,57.89,-0.000199,-0.000157,-4.3e-05,36.27,34.27,0.001312,78.39,0.91,0.00126,0.001163,15.63,17.73,21.47,9.55,-0.0487,1,1.0,1.0,False,STABLE,-0.000227,5.9e-05,-3.3e-05,1.351265,1.355875,1.353068,1.353762,1.354138,1.352692,1.351998,26,3.51,1.352509,1.352689,1.353057,1.353485,24.05,36.25,-0.000449,-0.000403,23.42,15.35,0.000465,1.352055,1.354775,1.354136,1.351839,1.352525,1.352665,1.352325,1,1.0,1.352465,1.352725,1.352385,1.352525,NEW YORK,483342,LOW,1.352465,1.352725,1.352385,1.352525,NEW YORK,483342,LOW,BULLISH_ENGULFING,BULLISH,BULLISH,WEAK,AT_PIVOT,HIGH_WICK,NEUTRAL,CHAOTIC,NONE,TESTING_PIVOT,44,30,-6.666666666666667,50,NEUTRAL,False,70,['BULLISH_ENGULFING'],1,20,BULLISH,BULLISH,60,False,NONE,0,False,False,False,60,False,0,50,NONE,NONE,NONE,0,False,75,55,45,80,False,True,NEUTRAL,70,False,0.0,NONE,False,NONE,False,False,0,False,60,4.363974001856757,3.042433947158156,50.0,19,POOR,False,75,39,-0.2769086553133483,3,30.000000000000004,False,MEAN_REVERTING,70,47.195941434922574,3.196205948421806,False,NONE,False,False,False,100,True,70,NONE,100,CHOPPY,EXTREME,NONE,100,-0.0487,CHOPPY,20,50,30,WEAK,NONE,50,30,60,EXTREME,88,40,60,0.91,False,40,0.6174342105263158,53.288,RANGING,90,False,NONE,1.351265,1.353762,1.353068,FAR,30,50,85,50,NONE,NONE,NONE,False,[],0,0,SIDEWAY_RANGE,SIDEWAY_RANGE,56,60,True,24,Price ranging between clear levels. Suitable for mean-reversion strategies.,1.0,0.5,False,False,False,False,0.3,0.3,True,False,False,22,True,[],0,NO,SIDEWAY_RANGE,Price ranging between clear levels. Suitable for mean-reversion strategies.,EXTREME,LOW,0.097,[],True,Passed basic checks,0,50,50,MEDIUM,5,WAIT,รอการวิเคราะห์จาก AI
2026-06-27 21:59:00,1.352525,1.352725,1.352385,1.352465,1.0,GBPUSD-OTC,BEARISH,1.353185,1.35336,1.353524,1.353446,1.351769,1.348632,BEARISH,1.355147,1.351394,0.003754,0.00608,39.21,57.89,-0.000199,-0.000157,-4.3e-05,36.27,34.27,0.001312,78.39,0.91,0.00126,0.001163,15.63,17.73,21.47,9.55,-0.0487,1,1.0,1.0,False,STABLE,-0.000227,5.9e-05,-3.3e-05,1.351265,1.355875,1.353068,1.353762,1.354138,1.352692,1.351998,26,3.51,1.352509,1.352689,1.353057,1.353485,24.05,36.25,-0.000449,-0.000403,23.42,15.35,0.000465,1.352055,1.354775,1.354136,1.351839,1.352525,1.352665,1.352325,1,1.0,1.352465,1.352725,1.352385,1.352525,NEW YORK,542756,LOW,1.352465,1.352725,1.352385,1.352525,NEW YORK,542756,LOW,BULLISH_ENGULFING,BULLISH,BULLISH,WEAK,AT_PIVOT,HIGH_WICK,NEUTRAL,CHAOTIC,NONE,TESTING_PIVOT,44,30,-6.666666666666667,50,NEUTRAL,False,70,['BULLISH_ENGULFING'],1,20,BULLISH,BULLISH,60,False,NONE,0,False,False,False,60,False,0,50,NONE,NONE,NONE,0,False,75,55,45,80,False,True,NEUTRAL,70,False,0.0,NONE,False,NONE,False,False,0,False,60,4.363974001856757,3.042433947158156,50.0,19,POOR,False,75,39,-0.2769086553133483,3,30.000000000000004,False,MEAN_REVERTING,70,47.195941434922574,3.196205948421806,False,NONE,False,False,False,100,True,70,NONE,100,CHOPPY,EXTREME,NONE,100,-0.0487,CHOPPY,20,50,30,WEAK,NONE,50,30,60,EXTREME,88,40,60,0.91,False,40,0.6174342105263158,53.288,RANGING,90,False,NONE,1.351265,1.353762,1.353068,FAR,30,50,85,50,NONE,NONE,NONE,False,[],0,0,SIDEWAY_RANGE,SIDEWAY_RANGE,56,60,True,24,Price ranging between clear levels. Suitable for mean-reversion strategies.,1.0,0.5,False,False,False,False,0.3,0.3,True,False,False,22,True,[],0,NO,SIDEWAY_RANGE,Price ranging between clear levels. Suitable for mean-reversion strategies.,EXTREME,LOW,0.097,[],True,Passed basic checks,0,50,50,MEDIUM,5,WAIT,รอการวิเคราะห์จาก AI
2026-06-27 22:00:00,1.353375,1.353615,1.353175,1.353205,1.0,GBPUSD-OTC,BEARISH,1.352931,1.35319,1.353419,1.353406,1.351771,1.348592,BEARISH,1.355154,1.351367,0.003787,0.006025,24.7,44.36,-0.000262,-0.000178,-8.5e-05,26.92,32.18,0.001277,69.35,0.54,0.001278,0.001152,15.5,16.18,21.39,13.88,-0.1852,1,1.0,1.0,False,STABLE,-0.000277,3.7e-05,-4e-05,1.351265,1.355875,1.352698,1.353342,1.354258,1.351782,1.351138,27,3.61,1.35305,1.352933,1.353051,1.353401,76.76,51.03,-0.000223,-0.000339,75.32,61.81,0.000484,1.352055,1.353635,1.353651,1.35212,1.353332,1.353488,1.353048,1,1.0,1.353205,1.353615,1.353175,1.353375,NEW YORK,304401,LOW,1.353205,1.353615,1.353175,1.353375,NEW YORK,304401,LOW,NONE,BEARISH,BEARISH,WEAK,AT_PIVOT,HIGH_WICK,NEUTRAL,CHAOTIC,NONE,TESTING_PIVOT,44,30,-13.333333333333334,50,NEUTRAL,False,70,[],0,0,NEUTRAL,BEARISH,40,False,NONE,0,False,False,False,60,False,0,50,NONE,NONE,NONE,0,False,75,55,45,80,False,True,NEUTRAL,70,False,0.0,NONE,False,NONE,False,False,0,False,60,1.7482517482515718,0.5082095387019784,50.0,17,POOR,False,75,38,-0.28948918350361463,3,19.999999999999996,False,MEAN_REVERTING,70,45.34778746829755,5.9032411846660855,False,NONE,False,False,False,100,True,70,NONE,100,CHOPPY,HIGH,NONE,100,-0.1852,CHOPPY,20,50,30,WEAK,NONE,50,30,60,HIGH,73,40,60,0.54,False,80,0.6285477178423237,60.52,RANGING,90,False,NONE,1.351265,1.353342,1.352698,FAR,30,50,85,50,NONE,NONE,NONE,False,[],0,0,SIDEWAY_RANGE,SIDEWAY_RANGE,56,60,True,25,Price ranging between clear levels. Suitable for mean-reversion strategies.,1.0,0.5,False,False,False,False,0.3,0.3,True,False,False,22,True,[],0,NO,SIDEWAY_RANGE,Price ranging between clear levels. Suitable for mean-reversion strategies.,HIGH,LOW,0.094,[],True,Passed basic checks,0,50,50,MEDIUM,5,WAIT,รอการวิเคราะห์จาก AI
2026-06-27 22:01:00,1.353375,1.353615,1.353175,1.353205,1.0,GBPUSD-OTC,BEARISH,1.352931,1.35319,1.353419,1.353406,1.351771,1.348592,BEARISH,1.355154,1.351367,0.003787,0.006025,24.7,44.36,-0.000262,-0.000178,-8.5e-05,26.92,32.18,0.001277,69.35,0.54,0.001278,0.001152,15.5,16.18,21.39,13.88,-0.1852,1,1.0,1.0,False,STABLE,-0.000277,3.7e-05,-4e-05,1.351265,1.355875,1.352698,1.353342,1.354258,1.351782,1.351138,27,3.61,1.35305,1.352933,1.353051,1.353401,76.76,51.03,-0.000223,-0.000339,75.32,61.81,0.000484,1.352055,1.353635,1.353651,1.35212,1.353332,1.353488,1.353048,1,1.0,1.353205,1.353615,1.353175,1.353375,NEW YORK,362899,LOW,1.353205,1.353615,1.353175,1.353375,NEW YORK,362899,LOW,NONE,BEARISH,BEARISH,WEAK,AT_PIVOT,HIGH_WICK,NEUTRAL,CHAOTIC,NONE,TESTING_PIVOT,44,30,-13.333333333333334,50,NEUTRAL,False,70,[],0,0,NEUTRAL,BEARISH,40,False,NONE,0,False,False,False,60,False,0,50,NONE,NONE,NONE,0,False,75,55,45,80,False,True,NEUTRAL,70,False,0.0,NONE,False,NONE,False,False,0,False,60,1.7482517482515718,0.5082095387019784,50.0,17,POOR,False,75,38,-0.28948918350361463,3,19.999999999999996,False,MEAN_REVERTING,70,45.34778746829755,5.9032411846660855,False,NONE,False,False,False,100,True,70,NONE,100,CHOPPY,HIGH,NONE,100,-0.1852,CHOPPY,20,50,30,WEAK,NONE,50,30,60,HIGH,73,40,60,0.54,False,80,0.6285477178423237,60.52,RANGING,90,False,NONE,1.351265,1.353342,1.352698,FAR,30,50,85,50,NONE,NONE,NONE,False,[],0,0,ACCUMULATION,ACCUMULATION,56,65,True,25,"Smart money accumulation. Bullish bias, look for breakout.",1.0,0.5,False,False,False,False,0.3,0.3,True,False,False,22,True,[],0,NO,ACCUMULATION,"Smart money accumulation. Bullish bias, look for breakout.",HIGH,LOW,0.094,[],True,Passed basic checks,0,50,50,MEDIUM,5,WAIT,รอการวิเคราะห์จาก AI
2026-06-27 22:02:00,1.353375,1.353615,1.353175,1.353205,1.0,GBPUSD-OTC,BEARISH,1.352931,1.35319,1.353419,1.353406,1.351771,1.348592,BEARISH,1.355154,1.351367,0.003787,0.006025,24.7,44.36,-0.000262,-0.000178,-8.5e-05,26.92,32.18,0.001277,69.35,0.54,0.001278,0.001152,15.5,16.18,21.39,13.88,-0.1852,1,1.0,1.0,False,STABLE,-0.000277,3.7e-05,-4e-05,1.351265,1.355875,1.352698,1.353342,1.354258,1.351782,1.351138,27,3.61,1.35305,1.352933,1.353051,1.353401,76.76,51.03,-0.000223,-0.000339,75.32,61.81,0.000484,1.352055,1.353635,1.353651,1.35212,1.353332,1.353488,1.353048,1,1.0,1.353205,1.353615,1.353175,1.353375,NEW YORK,423167,LOW,1.353205,1.353615,1.353175,1.353375,NEW YORK,423167,LOW,NONE,BEARISH,BEARISH,WEAK,AT_PIVOT,HIGH_WICK,NEUTRAL,CHAOTIC,NONE,TESTING_PIVOT,44,30,-13.333333333333334,50,NEUTRAL,False,70,[],0,0,NEUTRAL,BEARISH,40,False,NONE,0,False,False,False,60,False,0,50,NONE,NONE,NONE,0,False,75,55,45,80,False,True,NEUTRAL,70,False,0.0,NONE,False,NONE,False,False,0,False,60,1.7482517482515718,0.5082095387019784,50.0,17,POOR,False,75,38,-0.28948918350361463,3,19.999999999999996,False,MEAN_REVERTING,70,45.34778746829755,5.9032411846660855,False,NONE,False,False,False,100,True,70,NONE,100,CHOPPY,HIGH,NONE,100,-0.1852,CHOPPY,20,50,30,WEAK,NONE,50,30,60,HIGH,73,40,60,0.54,False,80,0.6285477178423237,60.52,RANGING,90,False,NONE,1.351265,1.353342,1.352698,FAR,30,50,85,50,NONE,NONE,NONE,False,[],0,0,ACCUMULATION,ACCUMULATION,56,65,True,25,"Smart money accumulation. Bullish bias, look for breakout.",1.0,0.5,False,False,False,False,0.3,0.3,True,False,False,22,True,[],0,NO,ACCUMULATION,"Smart money accumulation. Bullish bias, look for breakout.",HIGH,LOW,0.094,[],True,Passed basic checks,0,50,50,MEDIUM,5,WAIT,รอการวิเคราะห์จาก AI
2026-06-27 22:03:00,1.353375,1.353615,1.353175,1.353205,1.0,GBPUSD-OTC,BEARISH,1.352931,1.35319,1.353419,1.353406,1.351771,1.348592,BEARISH,1.355154,1.351367,0.003787,0.006025,24.7,44.36,-0.000262,-0.000178,-8.5e-05,26.92,32.18,0.001277,69.35,0.54,0.001278,0.001152,15.5,16.18,21.39,13.88,-0.1852,1,1.0,1.0,False,STABLE,-0.000277,3.7e-05,-4e-05,1.351265,1.355875,1.352698,1.353342,1.354258,1.351782,1.351138,27,3.61,1.35305,1.352933,1.353051,1.353401,76.76,51.03,-0.000223,-0.000339,75.32,61.81,0.000484,1.352055,1.353635,1.353651,1.35212,1.353332,1.353488,1.353048,1,1.0,1.353205,1.353615,1.353175,1.353375,NEW YORK,482557,LOW,1.353205,1.353615,1.353175,1.353375,NEW YORK,482557,LOW,NONE,BEARISH,BEARISH,WEAK,AT_PIVOT,HIGH_WICK,NEUTRAL,CHAOTIC,NONE,TESTING_PIVOT,44,30,-13.333333333333334,50,NEUTRAL,False,70,[],0,0,NEUTRAL,BEARISH,40,False,NONE,0,False,False,False,60,False,0,50,NONE,NONE,NONE,0,False,75,55,45,80,False,True,NEUTRAL,70,False,0.0,NONE,False,NONE,False,False,0,False,60,1.7482517482515718,0.5082095387019784,50.0,17,POOR,False,75,38,-0.28948918350361463,3,19.999999999999996,False,MEAN_REVERTING,70,45.34778746829755,5.9032411846660855,False,NONE,False,False,False,100,True,70,NONE,100,CHOPPY,HIGH,NONE,100,-0.1852,CHOPPY,20,50,30,WEAK,NONE,50,30,60,HIGH,73,40,60,0.54,False,80,0.6285477178423237,60.52,RANGING,90,False,NONE,1.351265,1.353342,1.352698,FAR,30,50,85,50,NONE,NONE,NONE,False,[],0,0,SIDEWAY_RANGE,SIDEWAY_RANGE,56,60,True,25,Price ranging between clear levels. Suitable for mean-reversion strategies.,1.0,0.5,False,False,False,False,0.3,0.3,True,False,False,22,True,[],0,NO,SIDEWAY_RANGE,Price ranging between clear levels. Suitable for mean-reversion strategies.,HIGH,LOW,0.094,[],True,Passed basic checks,0,50,50,MEDIUM,5,WAIT,รอการวิเคราะห์จาก AI
2026-06-27 22:04:00,1.353375,1.353615,1.353175,1.353205,1.0,GBPUSD-OTC,BEARISH,1.352931,1.35319,1.353419,1.353406,1.351771,1.348592,BEARISH,1.355154,1.351367,0.003787,0.006025,24.7,44.36,-0.000262,-0.000178,-8.5e-05,26.92,32.18,0.001277,69.35,0.54,0.001278,0.001152,15.5,16.18,21.39,13.88,-0.1852,1,1.0,1.0,False,STABLE,-0.000277,3.7e-05,-4e-05,1.351265,1.355875,1.352698,1.353342,1.354258,1.351782,1.351138,27,3.61,1.35305,1.352933,1.353051,1.353401,76.76,51.03,-0.000223,-0.000339,75.32,61.81,0.000484,1.352055,1.353635,1.353651,1.35212,1.353332,1.353488,1.353048,1,1.0,1.353205,1.353615,1.353175,1.353375,NEW YORK,542901,LOW,1.353205,1.353615,1.353175,1.353375,NEW YORK,542901,LOW,NONE,BEARISH,BEARISH,WEAK,AT_PIVOT,HIGH_WICK,NEUTRAL,CHAOTIC,NONE,TESTING_PIVOT,44,30,-13.333333333333334,50,NEUTRAL,False,70,[],0,0,NEUTRAL,BEARISH,40,False,NONE,0,False,False,False,60,False,0,50,NONE,NONE,NONE,0,False,75,55,45,80,False,True,NEUTRAL,70,False,0.0,NONE,False,NONE,False,False,0,False,60,1.7482517482515718,0.5082095387019784,50.0,17,POOR,False,75,38,-0.28948918350361463,3,19.999999999999996,False,MEAN_REVERTING,70,45.34778746829755,5.9032411846660855,False,NONE,False,False,False,100,True,70,NONE,100,CHOPPY,HIGH,NONE,100,-0.1852,CHOPPY,20,50,30,WEAK,NONE,50,30,60,HIGH,73,40,60,0.54,False,80,0.6285477178423237,60.52,RANGING,90,False,NONE,1.351265,1.353342,1.352698,FAR,30,50,85,50,NONE,NONE,NONE,False,[],0,0,SIDEWAY_RANGE,SIDEWAY_RANGE,56,60,True,25,Price ranging between clear levels. Suitable for mean-reversion strategies.,1.0,0.5,False,False,False,False,0.3,0.3,True,False,False,22,True,[],0,NO,SIDEWAY_RANGE,Price ranging between clear levels. Suitable for mean-reversion strategies.,HIGH,LOW,0.094,[],True,Passed basic checks,0,50,50,MEDIUM,5,WAIT,รอการวิเคราะห์จาก AI
2026-06-27 22:05:00,1.352545,1.352765,1.352125,1.352155,1.0,GBPUSD-OTC,BEARISH,1.352593,1.352958,1.353276,1.353348,1.351775,1.348635,BEARISH,1.355183,1.3513,0.003882,0.00597,23.78,40.11,-0.000349,-0.000212,-0.000137,22.0,28.4,0.001324,80.4,1.01,0.001292,0.001151,16.08,14.83,23.99,23.6,-0.1809,1,1.0,1.0,False,STABLE,-0.000275,3e-06,-4.6e-05,1.351265,1.355875,1.351982,1.352698,1.353482,1.351198,1.350482,28,3.48,1.352489,1.352637,1.352833,1.353241,18.47,46.52,-0.000274,-0.000274,21.79,30.98,0.000489,1.352055,1.353635,1.353581,1.351956,1.352348,1.352572,1.351932,1,1.0,1.352155,1.352765,1.352125,1.352545,NEW YORK,303296,LOW,1.352155,1.352765,1.352125,1.352545,NEW YORK,303296,LOW,NONE,BEARISH,BEARISH,WEAK,AT_PIVOT,HIGH_WICK,NEUTRAL,CHAOTIC,NONE,TESTING_PIVOT,45,26,-13.333333333333334,50,NEUTRAL,False,70,[],0,0,NEUTRAL,BEARISH,40,False,NONE,0,False,False,False,60,False,0,100,DOWN,NONE,NONE,0,True,75,55,45,80,False,True,NEUTRAL,70,False,0.0,NONE,True,BULLISH,False,True,50,False,70,3.2702237521518773,2.3846755277561043,50.0,18,POOR,False,75,38,-0.2758360767769035,3,19.999999999999996,False,MEAN_REVERTING,70,46.88324840495038,4.63650822848054,False,NONE,False,False,False,100,True,70,NONE,100,CHOPPY,EXTREME,NONE,100,-0.1809,CHOPPY,20,50,30,WEAK,NONE,50,30,60,EXTREME,88,40,60,1.01,False,40,0.6502512562814071,51.67999999999999,RANGING,90,False,NONE,1.351198,1.352698,1.351982,FAR,30,50,85,50,NONE,NONE,NONE,False,[],0,0,SIDEWAY_RANGE,SIDEWAY_RANGE,56,60,True,24,Price ranging between clear levels. Suitable for mean-reversion strategies.,1.0,0.5,False,False,False,False,0.3,0.3,True,False,False,22,True,[],0,NO,SIDEWAY_RANGE,Price ranging between clear levels. Suitable for mean-reversion strategies.,EXTREME,LOW,0.098,[],True,Passed basic checks,0,50,50,MEDIUM,5,WAIT,รอการวิเคราะห์จาก AI
2026-06-27 22:06:00,1.352545,1.352765,1.352125,1.352155,1.0,GBPUSD-OTC,BEARISH,1.352593,1.352958,1.353276,1.353348,1.351775,1.348635,BEARISH,1.355183,1.3513,0.003882,0.00597,23.78,40.11,-0.000349,-0.000212,-0.000137,22.0,28.4,0.001324,80.4,1.01,0.001292,0.001151,16.08,14.83,23.99,23.6,-0.1809,1,1.0,1.0,False,STABLE,-0.000275,3e-06,-4.6e-05,1.351265,1.355875,1.351982,1.352698,1.353482,1.351198,1.350482,28,3.48,1.352489,1.352637,1.352833,1.353241,18.47,46.52,-0.000274,-0.000274,21.79,30.98,0.000489,1.352055,1.353635,1.353581,1.351956,1.352348,1.352572,1.351932,1,1.0,1.352155,1.352765,1.352125,1.352545,NEW YORK,362753,LOW,1.352155,1.352765,1.352125,1.352545,NEW YORK,362753,LOW,NONE,BEARISH,BEARISH,WEAK,AT_PIVOT,HIGH_WICK,NEUTRAL,CHAOTIC,NONE,TESTING_PIVOT,45,26,-13.333333333333334,50,NEUTRAL,False,70,[],0,0,NEUTRAL,BEARISH,40,False,NONE,0,False,False,False,60,False,0,100,DOWN,NONE,NONE,0,True,75,55,45,80,False,True,NEUTRAL,70,False,0.0,NONE,True,BULLISH,False,True,50,False,70,3.2702237521518773,2.3846755277561043,50.0,18,POOR,False,75,38,-0.2758360767769035,3,19.999999999999996,False,MEAN_REVERTING,70,46.88324840495038,4.63650822848054,False,NONE,False,False,False,100,True,70,NONE,100,CHOPPY,EXTREME,NONE,100,-0.1809,CHOPPY,20,50,30,WEAK,NONE,50,30,60,EXTREME,88,40,60,1.01,False,40,0.6502512562814071,51.67999999999999,RANGING,90,False,NONE,1.351198,1.352698,1.351982,FAR,30,50,85,50,NONE,NONE,NONE,False,[],0,0,SIDEWAY_RANGE,SIDEWAY_RANGE,56,60,True,24,Price ranging between clear levels. Suitable for mean-reversion strategies.,1.0,0.5,False,False,False,False,0.3,0.3,True,False,False,22,True,[],0,NO,SIDEWAY_RANGE,Price ranging between clear levels. Suitable for mean-reversion strategies.,EXTREME,LOW,0.098,[],True,Passed basic checks,0,50,50,MEDIUM,5,WAIT,รอการวิเคราะห์จาก AI
2026-06-27 22:07:00,1.352545,1.352765,1.352125,1.352155,1.0,GBPUSD-OTC,BEARISH,1.352593,1.352958,1.353276,1.353348,1.351775,1.348635,BEARISH,1.355183,1.3513,0.003882,0.00597,23.78,40.11,-0.000349,-0.000212,-0.000137,22.0,28.4,0.001324,80.4,1.01,0.001292,0.001151,16.08,14.83,23.99,23.6,-0.1809,1,1.0,1.0,False,STABLE,-0.000275,3e-06,-4.6e-05,1.351265,1.355875,1.351982,1.352698,1.353482,1.351198,1.350482,28,3.48,1.352489,1.352637,1.352833,1.353241,18.47,46.52,-0.000274,-0.000274,21.79,30.98,0.000489,1.352055,1.353635,1.353581,1.351956,1.352348,1.352572,1.351932,1,1.0,1.352155,1.352765,1.352125,1.352545,NEW YORK,423103,LOW,1.352155,1.352765,1.352125,1.352545,NEW YORK,423103,LOW,NONE,BEARISH,BEARISH,WEAK,AT_PIVOT,HIGH_WICK,NEUTRAL,CHAOTIC,NONE,TESTING_PIVOT,45,26,-13.333333333333334,50,NEUTRAL,False,70,[],0,0,NEUTRAL,BEARISH,40,False,NONE,0,False,False,False,60,False,0,100,DOWN,NONE,NONE,0,True,75,55,45,80,False,True,NEUTRAL,70,False,0.0,NONE,True,BULLISH,False,True,50,False,70,3.2702237521518773,2.3846755277561043,50.0,18,POOR,False,75,38,-0.2758360767769035,3,19.999999999999996,False,MEAN_REVERTING,70,46.88324840495038,4.63650822848054,False,NONE,False,False,False,100,True,70,NONE,100,CHOPPY,EXTREME,NONE,100,-0.1809,CHOPPY,20,50,30,WEAK,NONE,50,30,60,EXTREME,88,40,60,1.01,False,40,0.6502512562814071,51.67999999999999,RANGING,90,False,NONE,1.351198,1.352698,1.351982,FAR,30,50,85,50,NONE,NONE,NONE,False,[],0,0,SIDEWAY_RANGE,SIDEWAY_RANGE,56,60,True,24,Price ranging between clear levels. Suitable for mean-reversion strategies.,1.0,0.5,False,False,False,False,0.3,0.3,True,False,False,22,True,[],0,NO,SIDEWAY_RANGE,Price ranging between clear levels. Suitable for mean-reversion strategies.,EXTREME,LOW,0.098,[],True,Passed basic checks,0,50,50,MEDIUM,5,WAIT,รอการวิเคราะห์จาก AI
2026-06-27 22:08:00,1.352545,1.352765,1.352125,1.352155,1.0,GBPUSD-OTC,BEARISH,1.352593,1.352958,1.353276,1.353348,1.351775,1.348635,BEARISH,1.355183,1.3513,0.003882,0.00597,23.78,40.11,-0.000349,-0.000212,-0.000137,22.0,28.4,0.001324,80.4,1.01,0.001292,0.001151,16.08,14.83,23.99,23.6,-0.1809,1,1.0,1.0,False,STABLE,-0.000275,3e-06,-4.6e-05,1.351265,1.355875,1.351982,1.352698,1.353482,1.351198,1.350482,28,3.48,1.352489,1.352637,1.352833,1.353241,18.47,46.52,-0.000274,-0.000274,21.79,30.98,0.000489,1.352055,1.353635,1.353581,1.351956,1.352348,1.352572,1.351932,1,1.0,1.352155,1.352765,1.352125,1.352545,NEW YORK,482481,LOW,1.352155,1.352765,1.352125,1.352545,NEW YORK,482481,LOW,NONE,BEARISH,BEARISH,WEAK,AT_PIVOT,HIGH_WICK,NEUTRAL,CHAOTIC,NONE,TESTING_PIVOT,45,26,-13.333333333333334,50,NEUTRAL,False,70,[],0,0,NEUTRAL,BEARISH,40,False,NONE,0,False,False,False,60,False,0,100,DOWN,NONE,NONE,0,True,75,55,45,80,False,True,NEUTRAL,70,False,0.0,NONE,True,BULLISH,False,True,50,False,70,3.2702237521518773,2.3846755277561043,50.0,18,POOR,False,75,38,-0.2758360767769035,3,19.999999999999996,False,MEAN_REVERTING,70,46.88324840495038,4.63650822848054,False,NONE,False,False,False,100,True,70,NONE,100,CHOPPY,EXTREME,NONE,100,-0.1809,CHOPPY,20,50,30,WEAK,NONE,50,30,60,EXTREME,88,40,60,1.01,False,40,0.6502512562814071,51.67999999999999,RANGING,90,False,NONE,1.351198,1.352698,1.351982,FAR,30,50,85,50,NONE,NONE,NONE,False,[],0,0,SIDEWAY_RANGE,SIDEWAY_RANGE,56,60,True,24,Price ranging between clear levels. Suitable for mean-reversion strategies.,1.0,0.5,False,False,False,False,0.3,0.3,True,False,False,22,True,[],0,NO,SIDEWAY_RANGE,Price ranging between clear levels. Suitable for mean-reversion strategies.,EXTREME,LOW,0.098,[],True,Passed basic checks,0,50,50,MEDIUM,5,WAIT,รอการวิเคราะห์จาก AI
2026-06-27 22:09:00,1.352545,1.352765,1.352125,1.352155,1.0,GBPUSD-OTC,BEARISH,1.352593,1.352958,1.353276,1.353348,1.351775,1.348635,BEARISH,1.355183,1.3513,0.003882,0.00597,23.78,40.11,-0.000349,-0.000212,-0.000137,22.0,28.4,0.001324,80.4,1.01,0.001292,0.001151,16.08,14.83,23.99,23.6,-0.1809,1,1.0,1.0,False,STABLE,-0.000275,3e-06,-4.6e-05,1.351265,1.355875,1.351982,1.352698,1.353482,1.351198,1.350482,28,3.48,1.352489,1.352637,1.352833,1.353241,18.47,46.52,-0.000274,-0.000274,21.79,30.98,0.000489,1.352055,1.353635,1.353581,1.351956,1.352348,1.352572,1.351932,1,1.0,1.352155,1.352765,1.352125,1.352545,NEW YORK,542891,LOW,1.352155,1.352765,1.352125,1.352545,NEW YORK,542891,LOW,NONE,BEARISH,BEARISH,WEAK,AT_PIVOT,HIGH_WICK,NEUTRAL,CHAOTIC,NONE,TESTING_PIVOT,45,26,-13.333333333333334,50,NEUTRAL,False,70,[],0,0,NEUTRAL,BEARISH,40,False,NONE,0,False,False,False,60,False,0,100,DOWN,NONE,NONE,0,True,75,55,45,80,False,True,NEUTRAL,70,False,0.0,NONE,True,BULLISH,False,True,50,False,70,3.2702237521518773,2.3846755277561043,50.0,18,POOR,False,75,38,-0.2758360767769035,3,19.999999999999996,False,MEAN_REVERTING,70,46.88324840495038,4.63650822848054,False,NONE,False,False,False,100,True,70,NONE,100,CHOPPY,EXTREME,NONE,100,-0.1809,CHOPPY,20,50,30,WEAK,NONE,50,30,60,EXTREME,88,40,60,1.01,False,40,0.6502512562814071,51.67999999999999,RANGING,90,False,NONE,1.351198,1.352698,1.351982,FAR,30,50,85,50,NONE,NONE,NONE,False,[],0,0,SIDEWAY_RANGE,SIDEWAY_RANGE,56,60,True,24,Price ranging between clear levels. Suitable for mean-reversion strategies.,1.0,0.5,False,False,False,False,0.3,0.3,True,False,False,22,True,[],0,NO,SIDEWAY_RANGE,Price ranging between clear levels. Suitable for mean-reversion strategies.,EXTREME,LOW,0.098,[],True,Passed basic checks,0,50,50,MEDIUM,5,WAIT,รอการวิเคราะห์จาก AI
2026-06-27 22:10:00,1.351885,1.352425,1.351815,1.351955,1.0,GBPUSD-OTC,BEARISH,1.352357,1.352763,1.353144,1.353291,1.351797,1.348812,BEARISH,1.35522,1.351199,0.004022,0.005916,38.98,38.69,-0.000416,-0.000253,-0.000163,12.41,20.45,0.001321,78.89,0.93,0.001304,0.001155,16.62,14.05,22.73,23.6,-0.2244,1,1.0,1.0,False,STABLE,-0.000276,-2.8e-05,-5.1e-05,1.351265,1.355875,1.352102,1.352458,1.353032,1.351528,1.351172,29,3.49,1.35187,1.352067,1.352395,1.352964,32.62,39.78,-0.000415,-0.000363,20.14,12.31,0.000505,1.351265,1.353615,1.353485,1.351325,1.352065,1.352315,1.351705,1,1.0,1.351955,1.352425,1.351815,1.351885,NEW YORK,303181,LOW,1.351955,1.352425,1.351815,1.351885,NEW YORK,303181,LOW,DOJI,BEARISH,BEARISH,WEAK,AT_PIVOT,HIGH_WICK,NEUTRAL,CHAOTIC,TRUE,TESTING_PIVOT,43,30,-17.24137931034483,50,NEUTRAL,False,70,['DOJI'],1,20,NEUTRAL,BEARISH,60,True,REJECTION,25,False,False,True,70,False,0,100,DOWN,NONE,NONE,0,True,75,55,45,80,False,True,NEUTRAL,70,False,0.0,NONE,True,BULLISH,False,True,50,False,70,5.604203152364052,1.8875344081794854,50.0,19,POOR,False,75,38,-0.27484013046850114,3,19.999999999999996,False,MEAN_REVERTING,70,46.949632286882554,4.557465451285727,True,MOMENTUM_SHIFT,False,True,False,65,True,70,NONE,100,CHOPPY,EXTREME,NONE,100,-0.2244,CHOPPY,20,50,30,WEAK,NONE,55,30,65,EXTREME,88,40,60,0.93,False,40,0.6798512508451657,52.888,RANGING,90,False,NONE,1.351265,1.352458,1.352102,FAR,30,50,85,50,NONE,NONE,NONE,False,[],0,0,SIDEWAY_RANGE,SIDEWAY_RANGE,56,60,True,24,Price ranging between clear levels. Suitable for mean-reversion strategies.,1.0,0.5,False,False,False,False,0.3,0.3,True,False,False,22,True,[],0,NO,SIDEWAY_RANGE,Price ranging between clear levels. Suitable for mean-reversion strategies.,EXTREME,LOW,0.098,[],True,Passed basic checks,0,50,50,MEDIUM,5,WAIT,รอการวิเคราะห์จาก AI
2026-06-27 22:11:00,1.351885,1.352425,1.351815,1.351955,1.0,GBPUSD-OTC,BEARISH,1.352357,1.352763,1.353144,1.353291,1.351797,1.348812,BEARISH,1.35522,1.351199,0.004022,0.005916,38.98,38.69,-0.000416,-0.000253,-0.000163,12.41,20.45,0.001321,78.89,0.93,0.001304,0.001155,16.62,14.05,22.73,23.6,-0.2244,1,1.0,1.0,False,STABLE,-0.000276,-2.8e-05,-5.1e-05,1.351265,1.355875,1.352102,1.352458,1.353032,1.351528,1.351172,29,3.49,1.35187,1.352067,1.352395,1.352964,32.62,39.78,-0.000415,-0.000363,20.14,12.31,0.000505,1.351265,1.353615,1.353485,1.351325,1.352065,1.352315,1.351705,1,1.0,1.351955,1.352425,1.351815,1.351885,NEW YORK,362550,LOW,1.351955,1.352425,1.351815,1.351885,NEW YORK,362550,LOW,DOJI,BEARISH,BEARISH,WEAK,AT_PIVOT,HIGH_WICK,NEUTRAL,CHAOTIC,TRUE,TESTING_PIVOT,43,30,-17.24137931034483,50,NEUTRAL,False,70,['DOJI'],1,20,NEUTRAL,BEARISH,60,True,REJECTION,25,False,False,True,70,False,0,100,DOWN,NONE,NONE,0,True,75,55,45,80,False,True,NEUTRAL,70,False,0.0,NONE,True,BULLISH,False,True,50,False,70,5.604203152364052,1.8875344081794854,50.0,19,POOR,False,75,38,-0.27484013046850114,3,19.999999999999996,False,MEAN_REVERTING,70,46.949632286882554,4.557465451285727,True,MOMENTUM_SHIFT,False,True,False,65,True,70,NONE,100,CHOPPY,EXTREME,NONE,100,-0.2244,CHOPPY,20,50,30,WEAK,NONE,55,30,65,EXTREME,88,40,60,0.93,False,40,0.6798512508451657,52.888,RANGING,90,False,NONE,1.351265,1.352458,1.352102,FAR,30,50,85,50,NONE,NONE,NONE,False,[],0,0,SIDEWAY_RANGE,SIDEWAY_RANGE,56,60,True,24,Price ranging between clear levels. Suitable for mean-reversion strategies.,1.0,0.5,False,False,False,False,0.3,0.3,True,False,False,22,True,[],0,NO,SIDEWAY_RANGE,Price ranging between clear levels. Suitable for mean-reversion strategies.,EXTREME,LOW,0.098,[],True,Passed basic checks,0,50,50,MEDIUM,5,WAIT,รอการวิเคราะห์จาก AI
2026-06-27 22:12:00,1.351885,1.352425,1.351815,1.351955,1.0,GBPUSD-OTC,BEARISH,1.352357,1.352763,1.353144,1.353291,1.351797,1.348812,BEARISH,1.35522,1.351199,0.004022,0.005916,38.98,38.69,-0.000416,-0.000253,-0.000163,12.41,20.45,0.001321,78.89,0.93,0.001304,0.001155,16.62,14.05,22.73,23.6,-0.2244,1,1.0,1.0,False,STABLE,-0.000276,-2.8e-05,-5.1e-05,1.351265,1.355875,1.352102,1.352458,1.353032,1.351528,1.351172,29,3.49,1.35187,1.352067,1.352395,1.352964,32.62,39.78,-0.000415,-0.000363,20.14,12.31,0.000505,1.351265,1.353615,1.353485,1.351325,1.352065,1.352315,1.351705,1,1.0,1.351955,1.352425,1.351815,1.351885,NEW YORK,422965,LOW,1.351955,1.352425,1.351815,1.351885,NEW YORK,422965,LOW,DOJI,BEARISH,BEARISH,WEAK,AT_PIVOT,HIGH_WICK,NEUTRAL,CHAOTIC,TRUE,TESTING_PIVOT,43,30,-17.24137931034483,50,NEUTRAL,False,70,['DOJI'],1,20,NEUTRAL,BEARISH,60,True,REJECTION,25,False,False,True,70,False,0,100,DOWN,NONE,NONE,0,True,75,55,45,80,False,True,NEUTRAL,70,False,0.0,NONE,True,BULLISH,False,True,50,False,70,5.604203152364052,1.8875344081794854,50.0,19,POOR,False,75,38,-0.27484013046850114,3,19.999999999999996,False,MEAN_REVERTING,70,46.949632286882554,4.557465451285727,True,MOMENTUM_SHIFT,False,True,False,65,True,70,NONE,100,CHOPPY,EXTREME,NONE,100,-0.2244,CHOPPY,20,50,30,WEAK,NONE,55,30,65,EXTREME,88,40,60,0.93,False,40,0.6798512508451657,52.888,RANGING,90,False,NONE,1.351265,1.352458,1.352102,FAR,30,50,85,50,NONE,NONE,NONE,False,[],0,0,ACCUMULATION,ACCUMULATION,56,65,True,24,"Smart money accumulation. Bullish bias, look for breakout.",1.0,0.5,False,False,False,False,0.3,0.3,True,False,False,22,True,[],0,NO,ACCUMULATION,"Smart money accumulation. Bullish bias, look for breakout.",EXTREME,LOW,0.098,[],True,Passed basic checks,0,50,50,MEDIUM,5,WAIT,รอการวิเคราะห์จาก AI
2026-06-27 22:13:00,1.351885,1.352425,1.351815,1.351955,1.0,GBPUSD-OTC,BEARISH,1.352357,1.352763,1.353144,1.353291,1.351797,1.348812,BEARISH,1.35522,1.351199,0.004022,0.005916,38.98,38.69,-0.000416,-0.000253,-0.000163,12.41,20.45,0.001321,78.89,0.93,0.001304,0.001155,16.62,14.05,22.73,23.6,-0.2244,1,1.0,1.0,False,STABLE,-0.000276,-2.8e-05,-5.1e-05,1.351265,1.355875,1.352102,1.352458,1.353032,1.351528,1.351172,29,3.49,1.35187,1.352067,1.352395,1.352964,32.62,39.78,-0.000415,-0.000363,20.14,12.31,0.000505,1.351265,1.353615,1.353485,1.351325,1.352065,1.352315,1.351705,1,1.0,1.351955,1.352425,1.351815,1.351885,NEW YORK,483341,LOW,1.351955,1.352425,1.351815,1.351885,NEW YORK,483341,LOW,DOJI,BEARISH,BEARISH,WEAK,AT_PIVOT,HIGH_WICK,NEUTRAL,CHAOTIC,TRUE,TESTING_PIVOT,43,30,-17.24137931034483,50,NEUTRAL,False,70,['DOJI'],1,20,NEUTRAL,BEARISH,60,True,REJECTION,25,False,False,True,70,False,0,100,DOWN,NONE,NONE,0,True,75,55,45,80,False,True,NEUTRAL,70,False,0.0,NONE,True,BULLISH,False,True,50,False,70,5.604203152364052,1.8875344081794854,50.0,19,POOR,False,75,38,-0.27484013046850114,3,19.999999999999996,False,MEAN_REVERTING,70,46.949632286882554,4.557465451285727,True,MOMENTUM_SHIFT,False,True,False,65,True,70,NONE,100,CHOPPY,EXTREME,NONE,100,-0.2244,CHOPPY,20,50,30,WEAK,NONE,55,30,65,EXTREME,88,40,60,0.93,False,40,0.6798512508451657,52.888,RANGING,90,False,NONE,1.351265,1.352458,1.352102,FAR,30,50,85,50,NONE,NONE,NONE,False,[],0,0,SIDEWAY_RANGE,SIDEWAY_RANGE,56,60,True,24,Price ranging between clear levels. Suitable for mean-reversion strategies.,1.0,0.5,False,False,False,False,0.3,0.3,True,False,False,22,True,[],0,NO,SIDEWAY_RANGE,Price ranging between clear levels. Suitable for mean-reversion strategies.,EXTREME,LOW,0.098,[],True,Passed basic checks,0,50,50,MEDIUM,5,WAIT,รอการวิเคราะห์จาก AI
2026-06-27 22:14:00,1.351885,1.352425,1.351815,1.351955,1.0,GBPUSD-OTC,BEARISH,1.352357,1.352763,1.353144,1.353291,1.351797,1.348812,BEARISH,1.35522,1.351199,0.004022,0.005916,38.98,38.69,-0.000416,-0.000253,-0.000163,12.41,20.45,0.001321,78.89,0.93,0.001304,0.001155,16.62,14.05,22.73,23.6,-0.2244,1,1.0,1.0,False,STABLE,-0.000276,-2.8e-05,-5.1e-05,1.351265,1.355875,1.352102,1.352458,1.353032,1.351528,1.351172,29,3.49,1.35187,1.352067,1.352395,1.352964,32.62,39.78,-0.000415,-0.000363,20.14,12.31,0.000505,1.351265,1.353615,1.353485,1.351325,1.352065,1.352315,1.351705,1,1.0,1.351955,1.352425,1.351815,1.351885,NEW YORK,542755,LOW,1.351955,1.352425,1.351815,1.351885,NEW YORK,542755,LOW,DOJI,BEARISH,BEARISH,WEAK,AT_PIVOT,HIGH_WICK,NEUTRAL,CHAOTIC,TRUE,TESTING_PIVOT,43,30,-17.24137931034483,50,NEUTRAL,False,70,['DOJI'],1,20,NEUTRAL,BEARISH,60,True,REJECTION,25,False,False,True,70,False,0,100,DOWN,NONE,NONE,0,True,75,55,45,80,False,True,NEUTRAL,70,False,0.0,NONE,True,BULLISH,False,True,50,False,70,5.604203152364052,1.8875344081794854,50.0,19,POOR,False,75,38,-0.27484013046850114,3,19.999999999999996,False,MEAN_REVERTING,70,46.949632286882554,4.557465451285727,True,MOMENTUM_SHIFT,False,True,False,65,True,70,NONE,100,CHOPPY,EXTREME,NONE,100,-0.2244,CHOPPY,20,50,30,WEAK,NONE,55,30,65,EXTREME,88,40,60,0.93,False,40,0.6798512508451657,52.888,RANGING,90,False,NONE,1.351265,1.352458,1.352102,FAR,30,50,85,50,NONE,NONE,NONE,False,[],0,0,ACCUMULATION,ACCUMULATION,56,65,True,24,"Smart money accumulation. Bullish bias, look for breakout.",1.0,0.5,False,False,False,False,0.3,0.3,True,False,False,22,True,[],0,NO,ACCUMULATION,"Smart money accumulation. Bullish bias, look for breakout.",EXTREME,LOW,0.098,[],True,Passed basic checks,0,50,50,MEDIUM,5,WAIT,รอการวิเคราะห์จาก AI
2026-06-27 22:15:00,1.351875,1.352405,1.351835,1.352395,1.0,GBPUSD-OTC,BEARISH,1.352079,1.352538,1.35299,1.353221,1.351796,1.34887,BEARISH,1.355285,1.35105,0.004235,0.005859,30.37,39.72,-0.000492,-0.000301,-0.000191,11.06,15.16,0.001349,87.94,1.2,0.001312,0.001165,17.42,13.16,23.35,27.91,-0.2274,1,1.0,1.0,False,STABLE,-0.00023,-6.5e-05,-5.8e-05,1.351265,1.355875,1.351802,1.352218,1.352912,1.351108,1.350692,30,3.42,1.352162,1.352149,1.352316,1.352824,71.6,43.66,-0.000268,-0.000329,47.32,41.69,0.000541,1.351265,1.353615,1.353464,1.351253,1.352212,1.352588,1.352018,1,1.0,1.352395,1.352405,1.351835,1.351875,NEW YORK,304332,LOW,1.352395,1.352405,1.351835,1.351875,NEW YORK,304332,LOW,NONE,BEARISH,BEARISH,WEAK,AT_PIVOT,HIGH_WICK,NEUTRAL,CHAOTIC,NONE,TESTING_PIVOT,44,26,-17.24137931034483,50,NEUTRAL,False,70,[],0,0,NEUTRAL,BEARISH,40,False,NONE,0,False,False,False,60,False,0,100,DOWN,NONE,DOWN,0,True,75,82,18,80,True,True,CONTINUATION,70,False,0.0,NONE,True,BULLISH,False,True,50,False,70,7.228915662650211,2.4618991793666245,50.0,19,POOR,False,75,38,-0.2743417459177858,4,19.999999999999996,False,MEAN_REVERTING,70,46.99897773785913,4.886076433201034,True,MOMENTUM_SHIFT,False,True,False,65,True,70,NONE,100,CHOPPY,EXTREME,NONE,100,-0.2274,CHOPPY,20,50,30,WEAK,NONE,55,30,65,EXTREME,88,40,60,1.2,False,40,0.7228195937873357,45.647999999999996,RANGING,90,False,NONE,1.351108,1.352218,1.351802,FAR,30,50,85,50,NONE,NONE,NONE,False,[],0,0,SIDEWAY_RANGE,SIDEWAY_RANGE,56,60,True,24,Price ranging between clear levels. Suitable for mean-reversion strategies.,1.0,0.5,False,False,False,False,0.3,0.3,True,False,False,22,True,[],0,NO,SIDEWAY_RANGE,Price ranging between clear levels. Suitable for mean-reversion strategies.,EXTREME,LOW,0.1,[],True,Passed basic checks,0,50,50,MEDIUM,5,WAIT,รอการวิเคราะห์จาก AI
2026-06-27 22:16:00,1.351875,1.352405,1.351835,1.352395,1.0,GBPUSD-OTC,BEARISH,1.352079,1.352538,1.35299,1.353221,1.351796,1.34887,BEARISH,1.355285,1.35105,0.004235,0.005859,30.37,39.72,-0.000492,-0.000301,-0.000191,11.06,15.16,0.001349,87.94,1.2,0.001312,0.001165,17.42,13.16,23.35,27.91,-0.2274,1,1.0,1.0,False,STABLE,-0.00023,-6.5e-05,-5.8e-05,1.351265,1.355875,1.351802,1.352218,1.352912,1.351108,1.350692,30,3.42,1.352162,1.352149,1.352316,1.352824,71.6,43.66,-0.000268,-0.000329,47.32,41.69,0.000541,1.351265,1.353615,1.353464,1.351253,1.352212,1.352588,1.352018,1,1.0,1.352395,1.352405,1.351835,1.351875,NEW YORK,362794,LOW,1.352395,1.352405,1.351835,1.351875,NEW YORK,362794,LOW,NONE,BEARISH,BEARISH,WEAK,AT_PIVOT,HIGH_WICK,NEUTRAL,CHAOTIC,NONE,TESTING_PIVOT,44,26,-17.24137931034483,50,NEUTRAL,False,70,[],0,0,NEUTRAL,BEARISH,40,False,NONE,0,False,False,False,60,False,0,100,DOWN,NONE,DOWN,0,True,75,82,18,80,True,True,CONTINUATION,70,False,0.0,NONE,True,BULLISH,False,True,50,False,70,7.228915662650211,2.4618991793666245,50.0,19,POOR,False,75,38,-0.2743417459177858,4,19.999999999999996,False,MEAN_REVERTING,70,46.99897773785913,4.886076433201034,True,MOMENTUM_SHIFT,False,True,False,65,True,70,NONE,100,CHOPPY,EXTREME,NONE,100,-0.2274,CHOPPY,20,50,30,WEAK,NONE,55,30,65,EXTREME,88,40,60,1.2,False,40,0.7228195937873357,45.647999999999996,RANGING,90,False,NONE,1.351108,1.352218,1.351802,FAR,30,50,85,50,NONE,NONE,NONE,False,[],0,0,SIDEWAY_RANGE,SIDEWAY_RANGE,56,60,True,24,Price ranging between clear levels. Suitable for mean-reversion strategies.,1.0,0.5,False,False,False,False,0.3,0.3,True,False,False,22,True,[],0,NO,SIDEWAY_RANGE,Price ranging between clear levels. Suitable for mean-reversion strategies.,EXTREME,LOW,0.1,[],True,Passed basic checks,0,50,50,MEDIUM,5,WAIT,รอการวิเคราะห์จาก AI
2026-06-27 22:17:00,1.351875,1.352405,1.351835,1.352395,1.0,GBPUSD-OTC,BEARISH,1.352079,1.352538,1.35299,1.353221,1.351796,1.34887,BEARISH,1.355285,1.35105,0.004235,0.005859,30.37,39.72,-0.000492,-0.000301,-0.000191,11.06,15.16,0.001349,87.94,1.2,0.001312,0.001165,17.42,13.16,23.35,27.91,-0.2274,1,1.0,1.0,False,STABLE,-0.00023,-6.5e-05,-5.8e-05,1.351265,1.355875,1.351802,1.352218,1.352912,1.351108,1.350692,30,3.42,1.352162,1.352149,1.352316,1.352824,71.6,43.66,-0.000268,-0.000329,47.32,41.69,0.000541,1.351265,1.353615,1.353464,1.351253,1.352212,1.352588,1.352018,1,1.0,1.352395,1.352405,1.351835,1.351875,NEW YORK,423083,LOW,1.352395,1.352405,1.351835,1.351875,NEW YORK,423083,LOW,NONE,BEARISH,BEARISH,WEAK,AT_PIVOT,HIGH_WICK,NEUTRAL,CHAOTIC,NONE,TESTING_PIVOT,44,26,-17.24137931034483,50,NEUTRAL,False,70,[],0,0,NEUTRAL,BEARISH,40,False,NONE,0,False,False,False,60,False,0,100,DOWN,NONE,DOWN,0,True,75,82,18,80,True,True,CONTINUATION,70,False,0.0,NONE,True,BULLISH,False,True,50,False,70,7.228915662650211,2.4618991793666245,50.0,19,POOR,False,75,38,-0.2743417459177858,4,19.999999999999996,False,MEAN_REVERTING,70,46.99897773785913,4.886076433201034,True,MOMENTUM_SHIFT,False,True,False,65,True,70,NONE,100,CHOPPY,EXTREME,NONE,100,-0.2274,CHOPPY,20,50,30,WEAK,NONE,55,30,65,EXTREME,88,40,60,1.2,False,40,0.7228195937873357,45.647999999999996,RANGING,90,False,NONE,1.351108,1.352218,1.351802,FAR,30,50,85,50,NONE,NONE,NONE,False,[],0,0,SIDEWAY_RANGE,SIDEWAY_RANGE,56,60,True,24,Price ranging between clear levels. Suitable for mean-reversion strategies.,1.0,0.5,False,False,False,False,0.3,0.3,True,False,False,22,True,[],0,NO,SIDEWAY_RANGE,Price ranging between clear levels. Suitable for mean-reversion strategies.,EXTREME,LOW,0.1,[],True,Passed basic checks,0,50,50,MEDIUM,5,WAIT,รอการวิเคราะห์จาก AI
2026-06-27 22:18:00,1.351875,1.352405,1.351835,1.352395,1.0,GBPUSD-OTC,BEARISH,1.352079,1.352538,1.35299,1.353221,1.351796,1.34887,BEARISH,1.355285,1.35105,0.004235,0.005859,30.37,39.72,-0.000492,-0.000301,-0.000191,11.06,15.16,0.001349,87.94,1.2,0.001312,0.001165,17.42,13.16,23.35,27.91,-0.2274,1,1.0,1.0,False,STABLE,-0.00023,-6.5e-05,-5.8e-05,1.351265,1.355875,1.351802,1.352218,1.352912,1.351108,1.350692,30,3.42,1.352162,1.352149,1.352316,1.352824,71.6,43.66,-0.000268,-0.000329,47.32,41.69,0.000541,1.351265,1.353615,1.353464,1.351253,1.352212,1.352588,1.352018,1,1.0,1.352395,1.352405,1.351835,1.351875,NEW YORK,482457,LOW,1.352395,1.352405,1.351835,1.351875,NEW YORK,482457,LOW,NONE,BEARISH,BEARISH,WEAK,AT_PIVOT,HIGH_WICK,NEUTRAL,CHAOTIC,NONE,TESTING_PIVOT,44,26,-17.24137931034483,50,NEUTRAL,False,70,[],0,0,NEUTRAL,BEARISH,40,False,NONE,0,False,False,False,60,False,0,100,DOWN,NONE,DOWN,0,True,75,82,18,80,True,True,CONTINUATION,70,False,0.0,NONE,True,BULLISH,False,True,50,False,70,7.228915662650211,2.4618991793666245,50.0,19,POOR,False,75,38,-0.2743417459177858,4,19.999999999999996,False,MEAN_REVERTING,70,46.99897773785913,4.886076433201034,True,MOMENTUM_SHIFT,False,True,False,65,True,70,NONE,100,CHOPPY,EXTREME,NONE,100,-0.2274,CHOPPY,20,50,30,WEAK,NONE,55,30,65,EXTREME,88,40,60,1.2,False,40,0.7228195937873357,45.647999999999996,RANGING,90,False,NONE,1.351108,1.352218,1.351802,FAR,30,50,85,50,NONE,NONE,NONE,False,[],0,0,SIDEWAY_RANGE,SIDEWAY_RANGE,56,60,True,24,Price ranging between clear levels. Suitable for mean-reversion strategies.,1.0,0.5,False,False,False,False,0.3,0.3,True,False,False,22,True,[],0,NO,SIDEWAY_RANGE,Price ranging between clear levels. Suitable for mean-reversion strategies.,EXTREME,LOW,0.1,[],True,Passed basic checks,0,50,50,MEDIUM,5,WAIT,รอการวิเคราะห์จาก AI
2026-06-27 22:19:00,1.351875,1.352405,1.351835,1.352395,1.0,GBPUSD-OTC,BEARISH,1.352079,1.352538,1.35299,1.353221,1.351796,1.34887,BEARISH,1.355285,1.35105,0.004235,0.005859,30.37,39.72,-0.000492,-0.000301,-0.000191,11.06,15.16,0.001349,87.94,1.2,0.001312,0.001165,17.42,13.16,23.35,27.91,-0.2274,1,1.0,1.0,False,STABLE,-0.00023,-6.5e-05,-5.8e-05,1.351265,1.355875,1.351802,1.352218,1.352912,1.351108,1.350692,30,3.42,1.352162,1.352149,1.352316,1.352824,71.6,43.66,-0.000268,-0.000329,47.32,41.69,0.000541,1.351265,1.353615,1.353464,1.351253,1.352212,1.352588,1.352018,1,1.0,1.352395,1.352405,1.351835,1.351875,NEW YORK,542937,LOW,1.352395,1.352405,1.351835,1.351875,NEW YORK,542937,LOW,NONE,BEARISH,BEARISH,WEAK,AT_PIVOT,HIGH_WICK,NEUTRAL,CHAOTIC,NONE,TESTING_PIVOT,44,26,-17.24137931034483,50,NEUTRAL,False,70,[],0,0,NEUTRAL,BEARISH,40,False,NONE,0,False,False,False,60,False,0,100,DOWN,NONE,DOWN,0,True,75,82,18,80,True,True,CONTINUATION,70,False,0.0,NONE,True,BULLISH,False,True,50,False,70,7.228915662650211,2.4618991793666245,50.0,19,POOR,False,75,38,-0.2743417459177858,4,19.999999999999996,False,MEAN_REVERTING,70,46.99897773785913,4.886076433201034,True,MOMENTUM_SHIFT,False,True,False,65,True,70,NONE,100,CHOPPY,EXTREME,NONE,100,-0.2274,CHOPPY,20,50,30,WEAK,NONE,55,30,65,EXTREME,88,40,60,1.2,False,40,0.7228195937873357,45.647999999999996,RANGING,90,False,NONE,1.351108,1.352218,1.351802,FAR,30,50,85,50,NONE,NONE,NONE,False,[],0,0,ACCUMULATION,ACCUMULATION,56,65,True,24,"Smart money accumulation. Bullish bias, look for breakout.",1.0,0.5,False,False,False,False,0.3,0.3,True,False,False,22,True,[],0,NO,ACCUMULATION,"Smart money accumulation. Bullish bias, look for breakout.",EXTREME,LOW,0.1,[],True,Passed basic checks,0,50,50,MEDIUM,5,WAIT,รอการวิเคราะห์จาก AI
2026-06-27 22:20:00,1.351515,1.351885,1.351425,1.351625,1.0,GBPUSD-OTC,BEARISH,1.351518,1.352148,1.352742,1.353111,1.351765,1.348859,BEARISH,1.355499,1.35066,0.004839,0.005809,18.85,29.7,-0.000636,-0.000368,-0.000268,6.84,10.11,0.001367,90.45,1.26,0.001322,0.001179,18.96,12.0,27.29,38.91,-0.1612,1,1.0,1.0,False,STABLE,-0.000225,-0.000121,-6.6e-05,1.350315,1.355875,1.350865,1.351415,1.352435,1.349845,1.349295,31,4.07,1.351806,1.35193,1.352124,1.352646,34.1,47.13,-0.000279,-0.000283,33.1,41.75,0.000551,1.351265,1.353205,1.352883,1.35126,1.351645,1.351865,1.351405,1,1.0,1.351625,1.351885,1.351425,1.351515,NEW YORK,303417,LOW,1.351625,1.351885,1.351425,1.351515,NEW YORK,303417,LOW,NONE,BEARISH,BEARISH,WEAK,NONE,HIGH_WICK,NEUTRAL,CHAOTIC,NONE,NONE,43,26,-17.24137931034483,50,NEUTRAL,False,70,[],0,0,NEUTRAL,BEARISH,40,False,NONE,0,False,False,False,60,False,0,100,DOWN,DOWN,DOWN,0,True,75,82,18,80,True,True,CONTINUATION,70,False,0.0,NONE,True,BULLISH,False,True,50,False,70,14.035087719298122,5.819295558958588,50.0,23,POOR,False,75,48,-0.2582702293085523,5,19.999999999999996,False,MEAN_REVERTING,70,49.04074282446675,4.045996168802828,True,MOMENTUM_SHIFT,False,True,True,35,False,70,NONE,100,CHOPPY,EXTREME,NONE,100,-0.1612,CHOPPY,20,50,30,WEAK,NONE,60,30,70,EXTREME,88,40,60,1.26,False,40,0.8330177311069031,40.33822688930969,RANGING,90,False,NONE,1.349845,1.351415,1.350865,FAR,30,50,85,50,NONE,NONE,NONE,False,[],0,0,ACCUMULATION,ACCUMULATION,50,65,True,25,"Smart money accumulation. Bullish bias, look for breakout.",1.0,0.5,False,False,False,False,0.3,0.3,True,False,False,22,True,[],0,NO,ACCUMULATION,"Smart money accumulation. Bullish bias, look for breakout.",EXTREME,LOW,0.101,[],True,Passed basic checks,0,50,50,MEDIUM,5,WAIT,รอการวิเคราะห์จาก AI
2026-06-27 22:21:00,1.351515,1.351885,1.351425,1.351625,1.0,GBPUSD-OTC,BEARISH,1.351518,1.352148,1.352742,1.353111,1.351765,1.348859,BEARISH,1.355499,1.35066,0.004839,0.005809,18.85,29.7,-0.000636,-0.000368,-0.000268,6.84,10.11,0.001367,90.45,1.26,0.001322,0.001179,18.96,12.0,27.29,38.91,-0.1612,1,1.0,1.0,False,STABLE,-0.000225,-0.000121,-6.6e-05,1.350315,1.355875,1.350865,1.351415,1.352435,1.349845,1.349295,31,4.07,1.351806,1.35193,1.352124,1.352646,34.1,47.13,-0.000279,-0.000283,33.1,41.75,0.000551,1.351265,1.353205,1.352883,1.35126,1.351645,1.351865,1.351405,1,1.0,1.351625,1.351885,1.351425,1.351515,NEW YORK,362824,LOW,1.351625,1.351885,1.351425,1.351515,NEW YORK,362824,LOW,NONE,BEARISH,BEARISH,WEAK,NONE,HIGH_WICK,NEUTRAL,CHAOTIC,NONE,NONE,43,26,-17.24137931034483,50,NEUTRAL,False,70,[],0,0,NEUTRAL,BEARISH,40,False,NONE,0,False,False,False,60,False,0,100,DOWN,DOWN,DOWN,0,True,75,82,18,80,True,True,CONTINUATION,70,False,0.0,NONE,True,BULLISH,False,True,50,False,70,14.035087719298122,5.819295558958588,50.0,23,POOR,False,75,48,-0.2582702293085523,5,19.999999999999996,False,MEAN_REVERTING,70,49.04074282446675,4.045996168802828,True,MOMENTUM_SHIFT,False,True,True,35,False,70,NONE,100,CHOPPY,EXTREME,NONE,100,-0.1612,CHOPPY,20,50,30,WEAK,NONE,60,30,70,EXTREME,88,40,60,1.26,False,40,0.8330177311069031,40.33822688930969,RANGING,90,False,NONE,1.349845,1.351415,1.350865,FAR,30,50,85,50,NONE,NONE,NONE,False,[],0,0,TRENDING_STRONG,TRENDING_STRONG,50,75,True,25,Strong directional trend with high momentum. Favorable for trend-following strategies.,1.0,0.5,False,False,False,False,0.3,0.3,True,False,False,22,True,[],0,NO,TRENDING_STRONG,Strong directional trend with high momentum. Favorable for trend-following strategies.,EXTREME,LOW,0.101,[],True,Passed basic checks,0,50,50,MEDIUM,5,WAIT,รอการวิเคราะห์จาก AI
2026-06-27 22:22:00,1.351515,1.351885,1.351425,1.351625,1.0,GBPUSD-OTC,BEARISH,1.351518,1.352148,1.352742,1.353111,1.351765,1.348859,BEARISH,1.355499,1.35066,0.004839,0.005809,18.85,29.7,-0.000636,-0.000368,-0.000268,6.84,10.11,0.001367,90.45,1.26,0.001322,0.001179,18.96,12.0,27.29,38.91,-0.1612,1,1.0,1.0,False,STABLE,-0.000225,-0.000121,-6.6e-05,1.350315,1.355875,1.350865,1.351415,1.352435,1.349845,1.349295,31,4.07,1.351806,1.35193,1.352124,1.352646,34.1,47.13,-0.000279,-0.000283,33.1,41.75,0.000551,1.351265,1.353205,1.352883,1.35126,1.351645,1.351865,1.351405,1,1.0,1.351625,1.351885,1.351425,1.351515,NEW YORK,423185,LOW,1.351625,1.351885,1.351425,1.351515,NEW YORK,423185,LOW,NONE,BEARISH,BEARISH,WEAK,NONE,HIGH_WICK,NEUTRAL,CHAOTIC,NONE,NONE,43,26,-17.24137931034483,50,NEUTRAL,False,70,[],0,0,NEUTRAL,BEARISH,40,False,NONE,0,False,False,False,60,False,0,100,DOWN,DOWN,DOWN,0,True,75,82,18,80,True,True,CONTINUATION,70,False,0.0,NONE,True,BULLISH,False,True,50,False,70,14.035087719298122,5.819295558958588,50.0,23,POOR,False,75,48,-0.2582702293085523,5,19.999999999999996,False,MEAN_REVERTING,70,49.04074282446675,4.045996168802828,True,MOMENTUM_SHIFT,False,True,True,35,False,70,NONE,100,CHOPPY,EXTREME,NONE,100,-0.1612,CHOPPY,20,50,30,WEAK,NONE,60,30,70,EXTREME,88,40,60,1.26,False,40,0.8330177311069031,40.33822688930969,RANGING,90,False,NONE,1.349845,1.351415,1.350865,FAR,30,50,85,50,NONE,NONE,NONE,False,[],0,0,TRENDING_STRONG,TRENDING_STRONG,50,75,True,25,Strong directional trend with high momentum. Favorable for trend-following strategies.,1.0,0.5,False,False,False,False,0.3,0.3,True,False,False,22,True,[],0,NO,TRENDING_STRONG,Strong directional trend with high momentum. Favorable for trend-following strategies.,EXTREME,LOW,0.101,[],True,Passed basic checks,0,50,50,MEDIUM,5,WAIT,รอการวิเคราะห์จาก AI
2026-06-27 22:23:00,1.351515,1.351885,1.351425,1.351625,1.0,GBPUSD-OTC,BEARISH,1.351518,1.352148,1.352742,1.353111,1.351765,1.348859,BEARISH,1.355499,1.35066,0.004839,0.005809,18.85,29.7,-0.000636,-0.000368,-0.000268,6.84,10.11,0.001367,90.45,1.26,0.001322,0.001179,18.96,12.0,27.29,38.91,-0.1612,1,1.0,1.0,False,STABLE,-0.000225,-0.000121,-6.6e-05,1.350315,1.355875,1.350865,1.351415,1.352435,1.349845,1.349295,31,4.07,1.351806,1.35193,1.352124,1.352646,34.1,47.13,-0.000279,-0.000283,33.1,41.75,0.000551,1.351265,1.353205,1.352883,1.35126,1.351645,1.351865,1.351405,1,1.0,1.351625,1.351885,1.351425,1.351515,NEW YORK,482550,LOW,1.351625,1.351885,1.351425,1.351515,NEW YORK,482550,LOW,NONE,BEARISH,BEARISH,WEAK,NONE,HIGH_WICK,NEUTRAL,CHAOTIC,NONE,NONE,43,26,-17.24137931034483,50,NEUTRAL,False,70,[],0,0,NEUTRAL,BEARISH,40,False,NONE,0,False,False,False,60,False,0,100,DOWN,DOWN,DOWN,0,True,75,82,18,80,True,True,CONTINUATION,70,False,0.0,NONE,True,BULLISH,False,True,50,False,70,14.035087719298122,5.819295558958588,50.0,23,POOR,False,75,48,-0.2582702293085523,5,19.999999999999996,False,MEAN_REVERTING,70,49.04074282446675,4.045996168802828,True,MOMENTUM_SHIFT,False,True,True,35,False,70,NONE,100,CHOPPY,EXTREME,NONE,100,-0.1612,CHOPPY,20,50,30,WEAK,NONE,60,30,70,EXTREME,88,40,60,1.26,False,40,0.8330177311069031,40.33822688930969,RANGING,90,False,NONE,1.349845,1.351415,1.350865,FAR,30,50,85,50,NONE,NONE,NONE,False,[],0,0,ACCUMULATION,ACCUMULATION,50,65,True,25,"Smart money accumulation. Bullish bias, look for breakout.",1.0,0.5,False,False,False,False,0.3,0.3,True,False,False,22,True,[],0,NO,ACCUMULATION,"Smart money accumulation. Bullish bias, look for breakout.",EXTREME,LOW,0.101,[],True,Passed basic checks,0,50,50,MEDIUM,5,WAIT,รอการวิเคราะห์จาก AI
2026-06-27 22:24:00,1.351515,1.351885,1.351425,1.351625,1.0,GBPUSD-OTC,BEARISH,1.351518,1.352148,1.352742,1.353111,1.351765,1.348859,BEARISH,1.355499,1.35066,0.004839,0.005809,18.85,29.7,-0.000636,-0.000368,-0.000268,6.84,10.11,0.001367,90.45,1.26,0.001322,0.001179,18.96,12.0,27.29,38.91,-0.1612,1,1.0,1.0,False,STABLE,-0.000225,-0.000121,-6.6e-05,1.350315,1.355875,1.350865,1.351415,1.352435,1.349845,1.349295,31,4.07,1.351806,1.35193,1.352124,1.352646,34.1,47.13,-0.000279,-0.000283,33.1,41.75,0.000551,1.351265,1.353205,1.352883,1.35126,1.351645,1.351865,1.351405,1,1.0,1.351625,1.351885,1.351425,1.351515,NEW YORK,542947,LOW,1.351625,1.351885,1.351425,1.351515,NEW YORK,542947,LOW,NONE,BEARISH,BEARISH,WEAK,NONE,HIGH_WICK,NEUTRAL,CHAOTIC,NONE,NONE,43,26,-17.24137931034483,50,NEUTRAL,False,70,[],0,0,NEUTRAL,BEARISH,40,False,NONE,0,False,False,False,60,False,0,100,DOWN,DOWN,DOWN,0,True,75,82,18,80,True,True,CONTINUATION,70,False,0.0,NONE,True,BULLISH,False,True,50,False,70,14.035087719298122,5.819295558958588,50.0,23,POOR,False,75,48,-0.2582702293085523,5,19.999999999999996,False,MEAN_REVERTING,70,49.04074282446675,4.045996168802828,True,MOMENTUM_SHIFT,False,True,True,35,False,70,NONE,100,CHOPPY,EXTREME,NONE,100,-0.1612,CHOPPY,20,50,30,WEAK,NONE,60,30,70,EXTREME,88,40,60,1.26,False,40,0.8330177311069031,40.33822688930969,RANGING,90,False,NONE,1.349845,1.351415,1.350865,FAR,30,50,85,50,NONE,NONE,NONE,False,[],0,0,ACCUMULATION,ACCUMULATION,50,65,True,25,"Smart money accumulation. Bullish bias, look for breakout.",1.0,0.5,False,False,False,False,0.3,0.3,True,False,False,22,True,[],0,NO,ACCUMULATION,"Smart money accumulation. Bullish bias, look for breakout.",EXTREME,LOW,0.101,[],True,Passed basic checks,0,50,50,MEDIUM,5,WAIT,รอการวิเคราะห์จาก AI
