timestamp,open,high,low,close,volume
2026-05-23 14:00:00,1.162575,1.164045,1.162095,1.163915,0
2026-05-23 14:05:00,1.163885,1.164255,1.162835,1.163965,0
2026-05-23 14:10:00,1.163975,1.165365,1.163585,1.164295,0
2026-05-23 14:15:00,1.164325,1.165145,1.163535,1.165065,0
2026-05-23 14:20:00,1.165025,1.165235,1.164455,1.165175,0
2026-05-23 14:25:00,1.165205,1.165995,1.164775,1.164935,0
2026-05-23 14:30:00,1.164925,1.165265,1.162905,1.163315,0
2026-05-23 14:35:00,1.163255,1.163645,1.162215,1.162395,0
2026-05-23 14:40:00,1.162335,1.163375,1.162255,1.162515,0
2026-05-23 14:45:00,1.162505,1.163475,1.162305,1.163055,0
2026-05-23 14:50:00,1.163075,1.164225,1.162435,1.162865,0
2026-05-23 14:55:00,1.162885,1.162925,1.160395,1.161265,0
2026-05-23 15:00:00,1.161255,1.162295,1.160805,1.162065,0
2026-05-23 15:05:00,1.162035,1.162455,1.161545,1.162185,0
2026-05-23 15:10:00,1.162175,1.163905,1.162015,1.163415,0
2026-05-23 15:15:00,1.163445,1.165345,1.163445,1.165125,0
2026-05-23 15:20:00,1.165095,1.165525,1.163845,1.164295,0
2026-05-23 15:25:00,1.164185,1.166065,1.164155,1.165985,0
2026-05-23 15:30:00,1.165975,1.166365,1.164795,1.165985,0
2026-05-23 15:35:00,1.165955,1.166295,1.164815,1.165075,0
2026-05-23 15:40:00,1.165125,1.165275,1.163975,1.164265,0
2026-05-23 15:45:00,1.164285,1.164825,1.163945,1.164095,0
2026-05-23 15:50:00,1.164065,1.165345,1.163915,1.165035,0
2026-05-23 15:55:00,1.165005,1.167475,1.165005,1.167425,0
2026-05-23 16:00:00,1.167455,1.169835,1.167425,1.168365,0
2026-05-23 16:05:00,1.168355,1.168385,1.166485,1.167425,0
2026-05-23 16:10:00,1.167455,1.168025,1.166385,1.166785,0
2026-05-23 16:15:00,1.166805,1.167285,1.164955,1.165895,0
2026-05-23 16:20:00,1.165885,1.166295,1.165435,1.165585,0
2026-05-23 16:25:00,1.165635,1.167625,1.165355,1.166745,0
2026-05-23 16:30:00,1.166755,1.167775,1.165755,1.167765,0
2026-05-23 16:35:00,1.167725,1.168125,1.166385,1.166855,0
2026-05-23 16:40:00,1.166885,1.168925,1.166855,1.168125,0
2026-05-23 16:45:00,1.168155,1.168195,1.166315,1.166635,0
2026-05-23 16:50:00,1.166625,1.167545,1.166165,1.166805,0
2026-05-23 16:55:00,1.166775,1.167535,1.164845,1.165005,0
2026-05-23 17:00:00,1.164995,1.165305,1.164405,1.164725,0
2026-05-23 17:05:00,1.164745,1.165215,1.164105,1.164105,0
2026-05-23 17:10:00,1.164115,1.165205,1.163665,1.165075,0
2026-05-23 17:15:00,1.165065,1.165105,1.163775,1.164725,0
2026-05-23 17:20:00,1.164775,1.165405,1.163925,1.164365,0
2026-05-23 17:25:00,1.164375,1.165395,1.164315,1.165005,0
2026-05-23 17:30:00,1.165055,1.165325,1.164505,1.164875,0
2026-05-23 17:35:00,1.164925,1.165645,1.163085,1.163395,0
2026-05-23 17:40:00,1.163365,1.163695,1.161785,1.162285,0
2026-05-23 17:45:00,1.162245,1.162615,1.161065,1.162175,0
2026-05-23 17:50:00,1.162215,1.165555,1.162055,1.165335,0
2026-05-23 17:55:00,1.165365,1.165945,1.163845,1.164015,0
2026-05-23 18:00:00,1.163975,1.164305,1.163095,1.163765,0
2026-05-23 18:05:00,1.163755,1.166585,1.163625,1.165675,0
2026-05-23 18:10:00,1.165655,1.166925,1.165165,1.166465,0
2026-05-23 18:15:00,1.166525,1.167745,1.166505,1.167255,0
2026-05-23 18:20:00,1.167275,1.168495,1.166745,1.167035,0
2026-05-23 18:25:00,1.166975,1.167275,1.166255,1.166475,0
2026-05-23 18:30:00,1.166395,1.167065,1.164715,1.165265,0
2026-05-23 18:35:00,1.165235,1.166615,1.164775,1.166105,0
2026-05-23 18:40:00,1.166115,1.167625,1.166005,1.167495,0
2026-05-23 18:45:00,1.167515,1.167865,1.166015,1.166105,0
2026-05-23 18:50:00,1.165905,1.166935,1.165905,1.166255,0
2026-05-23 18:55:00,1.166235,1.167325,1.165745,1.166685,0
2026-05-23 19:00:00,1.166665,1.167145,1.165735,1.166205,0
2026-05-23 19:05:00,1.166245,1.166715,1.165825,1.166045,0
2026-05-23 19:10:00,1.166025,1.166515,1.165485,1.165555,0
2026-05-23 19:15:00,1.165565,1.167145,1.165095,1.166455,0
2026-05-23 19:20:00,1.166465,1.166855,1.165665,1.166475,0
2026-05-23 19:25:00,1.166425,1.166865,1.165205,1.165685,0
2026-05-23 19:30:00,1.165665,1.167025,1.165655,1.166215,0
2026-05-23 19:35:00,1.166135,1.167225,1.166045,1.166495,0
2026-05-23 19:40:00,1.166485,1.167815,1.166485,1.167405,0
2026-05-23 19:45:00,1.167375,1.168505,1.166785,1.168505,0
2026-05-23 19:50:00,1.168495,1.168855,1.167745,1.168165,0
2026-05-23 19:55:00,1.168205,1.168355,1.167125,1.167585,0
2026-05-23 20:00:00,1.167605,1.168065,1.166455,1.166785,0
2026-05-23 20:05:00,1.166825,1.168865,1.166825,1.168365,0
2026-05-23 20:10:00,1.168385,1.168955,1.166505,1.166635,0
2026-05-23 20:15:00,1.166605,1.167095,1.165915,1.166395,0
2026-05-23 20:20:00,1.166385,1.166765,1.165495,1.166635,0
2026-05-23 20:25:00,1.166655,1.168515,1.166415,1.167905,0
2026-05-23 20:30:00,1.167895,1.167895,1.165335,1.166565,0
2026-05-23 20:35:00,1.166545,1.168055,1.166515,1.166695,0
2026-05-23 20:40:00,1.166645,1.167925,1.166435,1.167615,0
2026-05-23 20:45:00,1.167585,1.167985,1.165765,1.165815,0
2026-05-23 20:50:00,1.165875,1.166365,1.164515,1.165015,0
2026-05-23 20:55:00,1.165025,1.166275,1.164715,1.165855,0
2026-05-23 21:00:00,1.165855,1.165975,1.164185,1.164625,0
2026-05-23 21:05:00,1.164585,1.165755,1.164555,1.165455,0
2026-05-23 21:10:00,1.165475,1.168325,1.165195,1.168185,0
2026-05-23 21:15:00,1.168175,1.168255,1.166745,1.166955,0
2026-05-23 21:20:00,1.166945,1.167875,1.166615,1.167705,0
2026-05-23 21:25:00,1.167735,1.168835,1.167495,1.168805,0
2026-05-23 21:30:00,1.168835,1.169965,1.168695,1.169555,0
2026-05-23 21:35:00,1.169595,1.171365,1.169485,1.170745,0
2026-05-23 21:40:00,1.170755,1.171065,1.169865,1.170115,0
2026-05-23 21:45:00,1.170135,1.172535,1.169985,1.171755,0
2026-05-23 21:50:00,1.171735,1.171815,1.169975,1.170635,0
2026-05-23 21:55:00,1.170655,1.171945,1.170635,1.171085,0
2026-05-23 22:00:00,1.171075,1.171305,1.168965,1.170175,0
2026-05-23 22:05:00,1.170195,1.170935,1.169215,1.170755,0
2026-05-23 22:10:00,1.170735,1.171335,1.168785,1.168915,0
2026-05-23 22:15:00,1.168925,1.169195,1.168095,1.168335,0
2026-05-23 22:20:00,1.168345,1.168555,1.167605,1.168285,0
2026-05-23 22:25:00,1.168275,1.168595,1.167055,1.168435,0
2026-05-23 22:30:00,1.168425,1.168555,1.166415,1.166755,0
2026-05-23 22:35:00,1.166735,1.167865,1.165525,1.165545,0
2026-05-23 22:40:00,1.165535,1.165745,1.164115,1.165115,0
2026-05-23 22:45:00,1.165095,1.165155,1.163295,1.163825,0
2026-05-23 22:50:00,1.163795,1.163825,1.162245,1.162675,0
2026-05-23 22:55:00,1.162705,1.163235,1.161535,1.161955,0
2026-05-23 23:00:00,1.162025,1.162365,1.160395,1.161705,0
2026-05-23 23:05:00,1.161715,1.161855,1.160995,1.161165,0
2026-05-23 23:10:00,1.161145,1.161735,1.160555,1.160905,0
2026-05-23 23:15:00,1.160895,1.160955,1.159405,1.159615,0
2026-05-23 23:20:00,1.159605,1.161395,1.159565,1.160505,0
2026-05-23 23:25:00,1.160515,1.160575,1.157915,1.157985,0
2026-05-23 23:30:00,1.158005,1.158935,1.157645,1.158185,0
2026-05-23 23:35:00,1.158195,1.159155,1.157945,1.158545,0
2026-05-23 23:40:00,1.158605,1.159305,1.158245,1.158695,0
2026-05-23 23:45:00,1.158715,1.159045,1.157715,1.157915,0
2026-05-23 23:50:00,1.157885,1.157965,1.155455,1.155985,0
2026-05-23 23:55:00,1.156005,1.156905,1.155405,1.156155,0
2026-05-24 00:00:00,1.156175,1.156885,1.155755,1.155985,0
2026-05-24 00:05:00,1.156005,1.156845,1.155385,1.156125,0
2026-05-24 00:10:00,1.156135,1.156855,1.155265,1.155285,0
2026-05-24 00:15:00,1.155275,1.155905,1.153635,1.153635,0
2026-05-24 00:20:00,1.153645,1.154285,1.153355,1.153795,0
2026-05-24 00:25:00,1.153845,1.153935,1.152585,1.152635,0
2026-05-24 00:30:00,1.152655,1.153885,1.152215,1.152795,0
2026-05-24 00:35:00,1.152765,1.152905,1.151475,1.152065,0
2026-05-24 00:40:00,1.152055,1.153255,1.151125,1.153015,0
2026-05-24 00:45:00,1.153095,1.155405,1.153065,1.155405,0
2026-05-24 00:50:00,1.155375,1.155895,1.154575,1.155195,0
2026-05-24 00:55:00,1.155165,1.155525,1.154005,1.154385,0
2026-05-24 01:00:00,1.154305,1.154335,1.152525,1.153065,0
2026-05-24 01:05:00,1.153055,1.153275,1.151255,1.151905,0
2026-05-24 01:10:00,1.151825,1.153495,1.151565,1.153425,0
2026-05-24 01:15:00,1.153465,1.154265,1.151995,1.152105,0
2026-05-24 01:20:00,1.152075,1.152935,1.151305,1.151845,0
2026-05-24 01:25:00,1.151865,1.151965,1.150295,1.151085,0
2026-05-24 01:30:00,1.151105,1.151505,1.150285,1.150775,0
2026-05-24 01:35:00,1.150795,1.150875,1.149385,1.149435,0
2026-05-24 01:40:00,1.149405,1.149975,1.148845,1.149095,0
2026-05-24 01:45:00,1.149085,1.150245,1.148765,1.149575,0
2026-05-24 01:50:00,1.149545,1.150585,1.149345,1.150585,0
2026-05-24 01:55:00,1.150575,1.151285,1.149815,1.149825,0
2026-05-24 02:00:00,1.149815,1.149895,1.148655,1.149395,0
2026-05-24 02:05:00,1.149375,1.151375,1.149365,1.151365,0
2026-05-24 02:10:00,1.151325,1.152895,1.151325,1.152785,0
2026-05-24 02:15:00,1.152755,1.153035,1.151365,1.153005,0
2026-05-24 02:20:00,1.152995,1.153575,1.152315,1.153025,0
2026-05-24 02:25:00,1.153085,1.154585,1.152875,1.154315,0
2026-05-24 02:30:00,1.154365,1.155605,1.153985,1.155595,0
2026-05-24 02:35:00,1.155575,1.155855,1.154895,1.155315,0
2026-05-24 02:40:00,1.155325,1.157845,1.155325,1.157505,0
2026-05-24 02:45:00,1.157525,1.157945,1.156885,1.157365,0
2026-05-24 02:50:00,1.157335,1.157335,1.155915,1.156215,0
2026-05-24 02:55:00,1.156265,1.156355,1.154595,1.154715,0
2026-05-24 03:00:00,1.154725,1.154995,1.153545,1.153875,0
2026-05-24 03:05:00,1.153895,1.153955,1.153035,1.153255,0
2026-05-24 03:10:00,1.153275,1.153275,1.151305,1.151785,0
2026-05-24 03:15:00,1.151805,1.151825,1.150225,1.150245,0
2026-05-24 03:20:00,1.150175,1.151235,1.149325,1.151225,0
2026-05-24 03:25:00,1.151255,1.152255,1.150335,1.150615,0
2026-05-24 03:30:00,1.150595,1.150655,1.149115,1.149425,0
2026-05-24 03:35:00,1.149405,1.149805,1.148905,1.149405,0
2026-05-24 03:40:00,1.149395,1.151165,1.149395,1.150925,0
2026-05-24 03:45:00,1.150965,1.151775,1.150835,1.151015,0
2026-05-24 03:50:00,1.151025,1.151045,1.149585,1.149875,0
2026-05-24 03:55:00,1.149865,1.151205,1.149555,1.150305,0
2026-05-24 04:00:00,1.150295,1.151875,1.149975,1.150985,0
2026-05-24 04:05:00,1.150945,1.151505,1.150415,1.151365,0
2026-05-24 04:10:00,1.151385,1.152255,1.151185,1.151485,0
2026-05-24 04:15:00,1.151465,1.153145,1.151465,1.152915,0
2026-05-24 04:20:00,1.152935,1.154845,1.152765,1.154715,0
2026-05-24 04:25:00,1.154675,1.155555,1.154375,1.155205,0
2026-05-24 04:30:00,1.155175,1.155415,1.154325,1.154415,0
2026-05-24 04:35:00,1.154445,1.156115,1.154105,1.156115,0
2026-05-24 04:40:00,1.156165,1.157785,1.156095,1.157545,0
2026-05-24 04:45:00,1.157525,1.157885,1.157055,1.157735,0
2026-05-24 04:50:00,1.157695,1.158525,1.156615,1.157085,0
2026-05-24 04:55:00,1.157075,1.157575,1.156465,1.156495,0
2026-05-24 05:00:00,1.156445,1.157455,1.156415,1.157005,0
2026-05-24 05:05:00,1.156955,1.158485,1.156725,1.158355,0
2026-05-24 05:10:00,1.158365,1.159455,1.157675,1.159455,0
2026-05-24 05:15:00,1.159425,1.159425,1.157675,1.157675,0
2026-05-24 05:20:00,1.157755,1.158475,1.156565,1.156865,0
2026-05-24 05:25:00,1.156785,1.156815,1.155715,1.156415,0
2026-05-24 05:30:00,1.156395,1.156425,1.155415,1.155535,0
2026-05-24 05:35:00,1.155505,1.156335,1.155005,1.155895,0
2026-05-24 05:40:00,1.155875,1.156045,1.154275,1.154455,0
2026-05-24 05:45:00,1.154425,1.154825,1.153525,1.153905,0
2026-05-24 05:50:00,1.153885,1.154305,1.153335,1.154045,0
2026-05-24 05:55:00,1.154035,1.155125,1.153785,1.154945,0
2026-05-24 06:00:00,1.154955,1.155935,1.154585,1.155095,0
2026-05-24 06:05:00,1.155085,1.156415,1.154875,1.155955,0
2026-05-24 06:10:00,1.155925,1.156645,1.155445,1.156175,0
2026-05-24 06:15:00,1.156095,1.156895,1.155865,1.156445,0
2026-05-24 06:20:00,1.156425,1.158015,1.156085,1.157575,0
2026-05-24 06:25:00,1.157605,1.158545,1.157075,1.157175,0
2026-05-24 06:30:00,1.157145,1.157755,1.156365,1.156945,0
2026-05-24 06:35:00,1.156895,1.157605,1.156695,1.157045,0
2026-05-24 06:40:00,1.157065,1.158195,1.155995,1.158065,0
2026-05-24 06:45:00,1.158015,1.158595,1.157105,1.157325,0
2026-05-24 06:50:00,1.157295,1.158245,1.156675,1.157275,0
2026-05-24 06:55:00,1.157265,1.157415,1.156445,1.156735,0
2026-05-24 07:00:00,1.156705,1.157115,1.155525,1.156875,0
2026-05-24 07:05:00,1.156845,1.158325,1.156755,1.157945,0
2026-05-24 07:10:00,1.157915,1.159395,1.157915,1.158155,0
2026-05-24 07:15:00,1.158175,1.158255,1.156285,1.156435,0
2026-05-24 07:20:00,1.156495,1.157445,1.155825,1.157235,0
2026-05-24 07:25:00,1.157245,1.158735,1.157175,1.158505,0
2026-05-24 07:30:00,1.158355,1.158725,1.156515,1.157535,0
2026-05-24 07:35:00,1.157545,1.158155,1.156705,1.158095,0
2026-05-24 07:40:00,1.158105,1.158475,1.157505,1.158405,0
2026-05-24 07:45:00,1.158385,1.159525,1.158165,1.158315,0
2026-05-24 07:50:00,1.158245,1.159155,1.157375,1.158795,0
2026-05-24 07:55:00,1.158785,1.158985,1.157745,1.158345,0
2026-05-24 08:00:00,1.158335,1.158845,1.157475,1.158625,0
2026-05-24 08:10:00,1.158625,1.160485,1.158385,1.158395,0
2026-05-24 08:15:00,1.158315,1.158405,1.157015,1.157205,0
2026-05-24 08:20:00,1.157235,1.157805,1.156655,1.157355,0
2026-05-24 08:25:00,1.157345,1.157955,1.156225,1.156525,0
2026-05-24 08:30:00,1.156555,1.156625,1.155305,1.155495,0
2026-05-24 08:35:00,1.155535,1.155785,1.154335,1.154925,0
2026-05-24 08:40:00,1.154895,1.155505,1.154285,1.155205,0
2026-05-24 08:45:00,1.155185,1.155835,1.154355,1.155545,0
2026-05-24 08:50:00,1.155625,1.155705,1.154595,1.155175,0
2026-05-24 08:55:00,1.155195,1.155205,1.153795,1.154075,0
2026-05-24 09:00:00,1.154085,1.154275,1.153145,1.154255,0
2026-05-24 09:05:00,1.154275,1.154815,1.152755,1.152825,0
2026-05-24 09:10:00,1.152855,1.153125,1.150835,1.150955,0
2026-05-24 09:15:00,1.150935,1.151355,1.150145,1.150705,0
2026-05-24 09:20:00,1.150715,1.151295,1.150325,1.150575,0
2026-05-24 09:25:00,1.150595,1.150905,1.150035,1.150705,0
2026-05-24 09:30:00,1.150825,1.151005,1.149955,1.150095,0
2026-05-24 09:35:00,1.150105,1.150355,1.149155,1.149425,0
2026-05-24 09:40:00,1.149395,1.150195,1.149095,1.149275,0
2026-05-24 09:45:00,1.149285,1.150255,1.147705,1.147805,0
2026-05-24 09:50:00,1.147725,1.147925,1.145335,1.145515,0
2026-05-24 09:55:00,1.145505,1.145585,1.144725,1.145285,0
2026-05-24 10:00:00,1.145275,1.145885,1.144215,1.144355,0
2026-05-24 10:05:00,1.144365,1.145555,1.143865,1.145365,0
2026-05-24 10:10:00,1.145315,1.146975,1.145145,1.146975,0
2026-05-24 10:15:00,1.146985,1.147975,1.146365,1.147735,0
2026-05-24 10:20:00,1.147775,1.149645,1.147715,1.149135,0
2026-05-24 10:25:00,1.149145,1.150695,1.149015,1.150615,0
2026-05-24 10:30:00,1.150625,1.150855,1.149025,1.149535,0
2026-05-24 10:35:00,1.149585,1.150415,1.149205,1.150255,0
2026-05-24 10:40:00,1.150245,1.152125,1.149945,1.151815,0
2026-05-24 10:45:00,1.151835,1.152645,1.151735,1.152255,0
2026-05-24 10:50:00,1.152305,1.152355,1.149745,1.150095,0
2026-05-24 10:55:00,1.150115,1.151065,1.149405,1.149595,0
2026-05-24 11:00:00,1.149625,1.149905,1.147435,1.147555,0
2026-05-24 11:05:00,1.147565,1.148135,1.147055,1.147555,0
2026-05-24 11:10:00,1.147525,1.149905,1.147155,1.149835,0
2026-05-24 11:15:00,1.149815,1.150175,1.149135,1.150005,0
2026-05-24 11:20:00,1.150025,1.151765,1.149975,1.151385,0
2026-05-24 11:25:00,1.151375,1.153075,1.151135,1.153015,0
2026-05-24 11:30:00,1.153025,1.153465,1.152065,1.152295,0
2026-05-24 11:35:00,1.152285,1.153225,1.152105,1.152245,0
2026-05-24 11:40:00,1.152195,1.152285,1.150375,1.150895,0
2026-05-24 11:45:00,1.150905,1.151655,1.150035,1.150175,0
2026-05-24 11:50:00,1.150155,1.151145,1.149885,1.150965,0
2026-05-24 11:55:00,1.150895,1.153495,1.150765,1.153395,0
2026-05-24 12:00:00,1.153345,1.153915,1.152645,1.153425,0
2026-05-24 12:05:00,1.153415,1.154285,1.152995,1.154235,0
2026-05-24 12:10:00,1.154255,1.154685,1.152925,1.153405,0
2026-05-24 12:15:00,1.153355,1.154415,1.153145,1.153575,0
2026-05-24 12:20:00,1.153555,1.154235,1.153035,1.153045,0
2026-05-24 12:25:00,1.153025,1.153255,1.152265,1.152445,0
2026-05-24 12:30:00,1.152435,1.153065,1.151895,1.152035,0
2026-05-24 12:35:00,1.152045,1.152615,1.151305,1.151315,0
2026-05-24 12:40:00,1.151285,1.151725,1.150005,1.150075,0
2026-05-24 12:45:00,1.150085,1.150335,1.149255,1.149285,0
2026-05-24 12:50:00,1.149265,1.149585,1.148265,1.149025,0
2026-05-24 12:55:00,1.149085,1.149255,1.147935,1.148395,0
2026-05-24 13:00:00,1.148405,1.149245,1.147965,1.149225,0
2026-05-24 13:05:00,1.149205,1.150185,1.148765,1.149015,0
2026-05-24 13:10:00,1.149005,1.149935,1.148745,1.149485,0
2026-05-24 13:15:00,1.149525,1.149875,1.148685,1.148835,0
2026-05-24 13:20:00,1.148815,1.150325,1.148505,1.150295,0
2026-05-24 13:25:00,1.150235,1.150975,1.148315,1.148315,0
2026-05-24 13:30:00,1.148305,1.148965,1.147035,1.147035,0
2026-05-24 13:35:00,1.147025,1.147585,1.146595,1.147445,0
2026-05-24 13:40:00,1.147425,1.147425,1.145645,1.145685,0
2026-05-24 13:45:00,1.145845,1.148615,1.145845,1.148555,0
2026-05-24 13:50:00,1.148545,1.148655,1.147495,1.148475,0
2026-05-24 13:55:00,1.148485,1.148945,1.146395,1.146595,0
2026-05-24 14:00:00,1.146645,1.147295,1.146135,1.146285,0
2026-05-24 14:05:00,1.146295,1.147045,1.145485,1.145885,0
2026-05-24 14:10:00,1.145895,1.146635,1.145035,1.146625,0
2026-05-24 14:15:00,1.146585,1.148815,1.146585,1.148515,0
2026-05-24 14:20:00,1.148455,1.148965,1.148005,1.148005,0
2026-05-24 14:25:00,1.148015,1.149145,1.147515,1.148515,0
2026-05-24 14:30:00,1.148485,1.149625,1.148005,1.148065,0
2026-05-24 14:35:00,1.148035,1.148345,1.147485,1.148275,0
2026-05-24 14:40:00,1.148315,1.148995,1.147185,1.148365,0
2026-05-24 14:45:00,1.148385,1.149705,1.148385,1.149445,0
2026-05-24 14:50:00,1.149405,1.150225,1.149025,1.149225,0
2026-05-24 14:55:00,1.149205,1.149485,1.147515,1.147515,0
2026-05-24 15:00:00,1.147525,1.148965,1.147475,1.147655,0
2026-05-24 15:05:00,1.147665,1.148665,1.147025,1.147965,0
2026-05-24 15:10:00,1.147985,1.147985,1.146565,1.146785,0
2026-05-24 15:15:00,1.146805,1.148075,1.146625,1.147275,0
2026-05-24 15:20:00,1.147265,1.148245,1.146825,1.146945,0
2026-05-24 15:25:00,1.146965,1.147835,1.146045,1.146205,0
2026-05-24 15:30:00,1.146165,1.146165,1.145115,1.145655,0
2026-05-24 15:35:00,1.145685,1.146595,1.145365,1.146185,0
2026-05-24 15:40:00,1.146165,1.147795,1.145715,1.147535,0
2026-05-24 15:45:00,1.147565,1.148275,1.146935,1.147195,0
2026-05-24 15:50:00,1.147205,1.147655,1.145425,1.145455,0
2026-05-24 15:55:00,1.145465,1.145525,1.143055,1.143245,0
2026-05-24 16:00:00,1.143225,1.143735,1.142615,1.142755,0
2026-05-24 16:05:00,1.142805,1.143265,1.142365,1.143125,0
2026-05-24 16:10:00,1.143115,1.144255,1.142795,1.142855,0
2026-05-24 16:15:00,1.142845,1.143125,1.142035,1.142925,0
2026-05-24 16:20:00,1.142915,1.144175,1.142755,1.143645,0
2026-05-24 16:25:00,1.143615,1.143645,1.141905,1.142615,0
2026-05-24 16:30:00,1.142625,1.143565,1.142435,1.143145,0
2026-05-24 16:35:00,1.143175,1.143925,1.142625,1.143425,0
2026-05-24 16:40:00,1.143435,1.144075,1.142005,1.142105,0
2026-05-24 16:45:00,1.142085,1.142555,1.141385,1.141955,0
2026-05-24 16:50:00,1.141945,1.142295,1.140855,1.141355,0
2026-05-24 16:55:00,1.141345,1.141975,1.140815,1.141395,0
2026-05-24 17:00:00,1.141415,1.142585,1.140825,1.142585,0
2026-05-24 17:05:00,1.142575,1.143135,1.142315,1.143105,0
2026-05-24 17:10:00,1.143065,1.143245,1.142115,1.142925,0
2026-05-24 17:15:00,1.142915,1.144095,1.142555,1.143875,0
2026-05-24 17:20:00,1.143895,1.144475,1.143275,1.143675,0
2026-05-24 17:25:00,1.143685,1.144925,1.143515,1.144285,0
2026-05-24 17:30:00,1.144305,1.144725,1.143685,1.144195,0
2026-05-24 17:35:00,1.144225,1.145315,1.144095,1.144715,0
2026-05-24 17:40:00,1.144735,1.145415,1.144235,1.145265,0
2026-05-24 17:45:00,1.145275,1.146075,1.144355,1.145515,0
2026-05-24 17:50:00,1.145545,1.145685,1.143855,1.144435,0
2026-05-24 17:55:00,1.144475,1.145805,1.143885,1.145735,0
2026-05-24 18:00:00,1.145725,1.145835,1.144415,1.145385,0
2026-05-24 18:05:00,1.145395,1.147195,1.145395,1.146585,0
2026-05-24 18:10:00,1.146555,1.146975,1.144675,1.145065,0
2026-05-24 18:15:00,1.145085,1.145385,1.144455,1.144855,0
2026-05-24 18:20:00,1.144815,1.144995,1.143065,1.143265,0
2026-05-24 18:25:00,1.143245,1.144885,1.142955,1.144885,0
2026-05-24 18:30:00,1.144845,1.145575,1.143995,1.145375,0
2026-05-24 18:35:00,1.145435,1.146045,1.144635,1.146025,0
2026-05-24 18:40:00,1.146035,1.146035,1.143685,1.144115,0
2026-05-24 18:45:00,1.144105,1.144995,1.143895,1.144625,0
2026-05-24 18:50:00,1.144535,1.146415,1.144505,1.145365,0
2026-05-24 18:55:00,1.145405,1.146215,1.144615,1.144725,0
2026-05-24 19:00:00,1.144685,1.144875,1.142055,1.142245,0
2026-05-24 19:05:00,1.142225,1.143285,1.141675,1.142965,0
2026-05-24 19:10:00,1.142955,1.143695,1.142335,1.143615,0
2026-05-24 19:15:00,1.143595,1.143595,1.142525,1.142725,0
2026-05-24 19:20:00,1.142685,1.144085,1.142475,1.143755,0
2026-05-24 19:25:00,1.143785,1.145605,1.143745,1.144805,0
2026-05-24 19:30:00,1.144795,1.144805,1.143205,1.143755,0
2026-05-24 19:35:00,1.143745,1.145545,1.143725,1.144825,0
2026-05-24 19:40:00,1.144805,1.145115,1.143675,1.143805,0
2026-05-24 19:45:00,1.143765,1.145475,1.143665,1.144945,0
2026-05-24 19:50:00,1.144985,1.146465,1.144825,1.146175,0
2026-05-24 19:55:00,1.146145,1.146695,1.145245,1.145795,0
2026-05-24 20:00:00,1.145805,1.145975,1.145135,1.145955,0
2026-05-24 20:05:00,1.145955,1.147085,1.145945,1.146335,0
2026-05-24 20:10:00,1.146315,1.146325,1.144295,1.144535,0
2026-05-24 20:15:00,1.144545,1.145305,1.144205,1.145035,0
2026-05-24 20:20:00,1.145055,1.146065,1.144595,1.145805,0
2026-05-24 20:25:00,1.145825,1.146005,1.143835,1.144045,0
2026-05-24 20:30:00,1.144055,1.144555,1.143475,1.144285,0
2026-05-24 20:35:00,1.144275,1.144835,1.143855,1.144195,0
2026-05-24 20:40:00,1.144205,1.144525,1.143095,1.144395,0
2026-05-24 20:45:00,1.144385,1.144885,1.143845,1.144475,0
2026-05-24 20:50:00,1.144445,1.144685,1.143775,1.143965,0
2026-05-24 20:55:00,1.143955,1.145615,1.143885,1.144815,0
2026-05-24 21:00:00,1.144775,1.146595,1.144645,1.146045,0
2026-05-24 21:05:00,1.146055,1.147475,1.146005,1.147015,0
2026-05-24 21:10:00,1.147025,1.147415,1.146475,1.146985,0
2026-05-24 21:15:00,1.146955,1.147305,1.145995,1.146515,0
2026-05-24 21:20:00,1.146485,1.147095,1.146025,1.146465,0
2026-05-24 21:25:00,1.146485,1.147005,1.146275,1.146775,0
2026-05-24 21:30:00,1.146745,1.147225,1.145595,1.145905,0
2026-05-24 21:35:00,1.145885,1.146225,1.143715,1.143985,0
2026-05-24 21:40:00,1.144005,1.145495,1.143425,1.145065,0
2026-05-24 21:45:00,1.145055,1.146225,1.144965,1.145895,0
2026-05-24 21:50:00,1.145885,1.146025,1.143645,1.144335,0
2026-05-24 21:55:00,1.144325,1.144425,1.142545,1.142685,0
2026-05-24 22:00:00,1.142695,1.144135,1.142605,1.144015,0
2026-05-24 22:05:00,1.143985,1.144335,1.143095,1.143225,0
2026-05-24 22:10:00,1.143215,1.144155,1.142995,1.143005,0
2026-05-24 22:15:00,1.142985,1.143615,1.142835,1.143185,0
2026-05-24 22:20:00,1.143195,1.144065,1.142465,1.144045,0
2026-05-24 22:25:00,1.144035,1.144825,1.143825,1.144355,0
2026-05-24 22:30:00,1.144365,1.144465,1.143305,1.144095,0
2026-05-24 22:35:00,1.144145,1.144215,1.141785,1.141835,0
2026-05-24 22:40:00,1.141855,1.142055,1.140985,1.142015,0
2026-05-24 22:45:00,1.142025,1.143495,1.141945,1.143445,0
2026-05-24 22:50:00,1.143455,1.144905,1.142905,1.144625,0
2026-05-24 22:55:00,1.144645,1.145475,1.144265,1.144455,0
2026-05-24 23:00:00,1.144395,1.145845,1.144395,1.145715,0
2026-05-24 23:05:00,1.145745,1.147835,1.145375,1.147715,0
2026-05-24 23:10:00,1.147725,1.149215,1.147565,1.148875,0
2026-05-24 23:15:00,1.148865,1.149395,1.147555,1.148265,0
2026-05-24 23:20:00,1.148275,1.150835,1.147945,1.150045,0
2026-05-24 23:25:00,1.150005,1.150305,1.149035,1.149605,0
2026-05-24 23:30:00,1.149615,1.149865,1.148225,1.149635,0
2026-05-24 23:35:00,1.149605,1.151195,1.149485,1.150555,0
2026-05-24 23:40:00,1.150545,1.151585,1.150275,1.151585,0
2026-05-24 23:45:00,1.151545,1.152895,1.151075,1.152495,0
2026-05-24 23:50:00,1.152515,1.152935,1.151625,1.151925,0
2026-05-24 23:55:00,1.151845,1.152615,1.151175,1.152365,0
2026-05-25 00:00:00,1.152345,1.152965,1.151905,1.152245,0
2026-05-25 00:05:00,1.152235,1.154115,1.152045,1.154025,0
2026-05-25 00:10:00,1.153975,1.154085,1.153165,1.153945,0
2026-05-25 00:15:00,1.153885,1.154265,1.152615,1.152805,0
2026-05-25 00:20:00,1.152795,1.153555,1.152635,1.152915,0
2026-05-25 00:25:00,1.152955,1.153675,1.152025,1.152225,0
2026-05-25 00:30:00,1.152285,1.153015,1.152235,1.152655,0
2026-05-25 00:35:00,1.152665,1.153365,1.152075,1.152225,0
2026-05-25 00:40:00,1.152275,1.152395,1.150795,1.151245,0
2026-05-25 00:45:00,1.151235,1.151905,1.149845,1.151885,0
2026-05-25 00:50:00,1.151915,1.151995,1.150315,1.150955,0
2026-05-25 00:55:00,1.150995,1.151775,1.150565,1.150885,0
2026-05-25 01:00:00,1.150875,1.151545,1.150175,1.151045,0
2026-05-25 01:05:00,1.151075,1.151105,1.149935,1.150705,0
2026-05-25 01:10:00,1.150585,1.151015,1.149615,1.150465,0
2026-05-25 01:15:00,1.150435,1.151945,1.150035,1.151925,0
2026-05-25 01:20:00,1.151915,1.152175,1.151075,1.151105,0
2026-05-25 01:25:00,1.151125,1.151985,1.150435,1.151905,0
2026-05-25 01:30:00,1.151915,1.152855,1.151455,1.152615,0
2026-05-25 01:35:00,1.152605,1.153495,1.151845,1.152725,0
2026-05-25 01:40:00,1.152715,1.154405,1.152645,1.153965,0
2026-05-25 01:45:00,1.153995,1.156245,1.153985,1.155855,0
2026-05-25 01:50:00,1.155875,1.156675,1.155595,1.156615,0
2026-05-25 01:55:00,1.156735,1.158125,1.156455,1.157845,0
2026-05-25 02:00:00,1.157815,1.158765,1.157345,1.158635,0
2026-05-25 02:05:00,1.158625,1.159165,1.157715,1.157935,0
2026-05-25 02:10:00,1.157905,1.158365,1.156935,1.157495,0
2026-05-25 02:15:00,1.157465,1.157865,1.156305,1.157745,0
2026-05-25 02:20:00,1.157755,1.158905,1.157665,1.158115,0
2026-05-25 02:25:00,1.158125,1.158985,1.157735,1.158185,0
2026-05-25 02:30:00,1.158145,1.158265,1.156825,1.156825,0
2026-05-25 02:35:00,1.156835,1.157225,1.155985,1.156325,0
2026-05-25 02:40:00,1.156355,1.158315,1.156355,1.158025,0
2026-05-25 02:45:00,1.158005,1.158385,1.157365,1.158185,0
2026-05-25 02:50:00,1.158195,1.158515,1.157635,1.158485,0
2026-05-25 02:55:00,1.158505,1.158595,1.155095,1.155435,0
2026-05-25 03:00:00,1.155405,1.156855,1.155335,1.156365,0
2026-05-25 03:05:00,1.156385,1.156875,1.155855,1.156215,0
2026-05-25 03:10:00,1.156165,1.156505,1.154765,1.154915,0
2026-05-25 03:15:00,1.154905,1.154955,1.153675,1.154325,0
2026-05-25 03:20:00,1.154335,1.155865,1.154185,1.155165,0
2026-05-25 03:25:00,1.155215,1.156175,1.153655,1.153655,0
2026-05-25 03:30:00,1.153715,1.154045,1.152835,1.153125,0
2026-05-25 03:35:00,1.153115,1.153265,1.151325,1.151435,0
2026-05-25 03:40:00,1.151325,1.151765,1.150375,1.150535,0
2026-05-25 03:45:00,1.150505,1.151245,1.150095,1.150975,0
2026-05-25 03:50:00,1.150955,1.153435,1.150955,1.153155,0
2026-05-25 03:55:00,1.153165,1.153685,1.152585,1.153125,0
2026-05-25 04:00:00,1.153145,1.155085,1.153145,1.153885,0
2026-05-25 04:05:00,1.153905,1.153915,1.152835,1.153175,0
2026-05-25 04:10:00,1.153145,1.153505,1.152175,1.152175,0
2026-05-25 04:15:00,1.152155,1.153045,1.151835,1.152195,0
2026-05-25 04:20:00,1.152205,1.152795,1.151815,1.152105,0
2026-05-25 04:25:00,1.152065,1.152585,1.151465,1.152125,0
2026-05-25 04:30:00,1.152165,1.153615,1.151565,1.151625,0
2026-05-25 04:35:00,1.151655,1.151655,1.149955,1.150945,0
2026-05-25 04:40:00,1.150975,1.151975,1.150195,1.151255,0
2026-05-25 04:45:00,1.151245,1.151935,1.150365,1.150495,0
2026-05-25 04:50:00,1.150485,1.150895,1.150205,1.150555,0
2026-05-25 04:55:00,1.150585,1.150645,1.148795,1.149655,0
2026-05-25 05:00:00,1.149695,1.150895,1.149465,1.150245,0
2026-05-25 05:05:00,1.150235,1.151025,1.149265,1.150375,0
2026-05-25 05:10:00,1.150395,1.150535,1.149595,1.149835,0
2026-05-25 05:15:00,1.149795,1.150555,1.149205,1.150535,0
2026-05-25 05:20:00,1.150565,1.150835,1.149395,1.149655,0
2026-05-25 05:25:00,1.149645,1.149735,1.148005,1.148395,0
2026-05-25 05:30:00,1.148385,1.148475,1.144805,1.144895,0
2026-05-25 05:35:00,1.144915,1.145765,1.144675,1.145765,0
2026-05-25 05:40:00,1.145735,1.146685,1.145095,1.146685,0
2026-05-25 05:45:00,1.146705,1.147925,1.146125,1.147435,0
2026-05-25 05:50:00,1.147375,1.149115,1.147105,1.148165,0
2026-05-25 05:55:00,1.148125,1.148395,1.146865,1.148195,0
2026-05-25 06:00:00,1.148175,1.148565,1.147665,1.147715,0
2026-05-25 06:05:00,1.147705,1.148725,1.147155,1.148455,0
2026-05-25 06:10:00,1.148445,1.148935,1.147235,1.147925,0
2026-05-25 06:15:00,1.147885,1.148445,1.147245,1.147675,0
2026-05-25 06:20:00,1.147685,1.148295,1.146525,1.147015,0
2026-05-25 06:25:00,1.147045,1.149765,1.147045,1.149305,0
2026-05-25 06:30:00,1.149325,1.149405,1.148415,1.148985,0
2026-05-25 06:35:00,1.148945,1.150855,1.148875,1.150435,0
2026-05-25 06:40:00,1.150385,1.151465,1.150275,1.150665,0
2026-05-25 06:45:00,1.150645,1.152035,1.150375,1.151195,0
2026-05-25 06:50:00,1.151205,1.151635,1.150425,1.151245,0
2026-05-25 06:55:00,1.151225,1.151285,1.150235,1.150445,0
2026-05-25 07:00:00,1.150455,1.151205,1.150305,1.150545,0
2026-05-25 07:05:00,1.150575,1.151705,1.150125,1.151375,0
2026-05-25 07:10:00,1.151365,1.152385,1.151075,1.152035,0
2026-05-25 07:15:00,1.152095,1.153285,1.151865,1.153035,0
2026-05-25 07:20:00,1.153015,1.153325,1.151835,1.152065,0
2026-05-25 07:25:00,1.152055,1.152435,1.151245,1.152215,0
2026-05-25 07:30:00,1.152205,1.153605,1.152055,1.153055,0
2026-05-25 07:35:00,1.153085,1.153205,1.152265,1.152835,0
2026-05-25 07:40:00,1.152755,1.153055,1.150675,1.150895,0
2026-05-25 07:45:00,1.150895,1.151795,1.150175,1.150495,0
2026-05-25 07:50:00,1.150455,1.151435,1.149825,1.151225,0
2026-05-25 07:55:00,1.151235,1.152715,1.151225,1.152605,0
2026-05-25 08:00:00,1.152635,1.152985,1.151085,1.151805,0
2026-05-25 08:10:00,1.151805,1.164025,1.151805,1.162705,0
2026-05-25 08:15:00,1.162695,1.163085,1.161935,1.162685,0
2026-05-25 08:20:00,1.162705,1.162705,1.161625,1.162235,0
2026-05-25 08:25:00,1.162255,1.163185,1.161985,1.163075,0
2026-05-25 08:30:00,1.163105,1.163885,1.162405,1.162615,0
2026-05-25 08:35:00,1.162705,1.163285,1.162345,1.162715,0
2026-05-25 08:40:00,1.162705,1.163275,1.162255,1.162375,0
2026-05-25 08:45:00,1.162335,1.162355,1.161365,1.161825,0
2026-05-25 08:50:00,1.161795,1.161945,1.159235,1.159255,0
2026-05-25 08:55:00,1.159295,1.159605,1.157405,1.157425,0
2026-05-25 09:00:00,1.157445,1.157475,1.154635,1.155125,0
2026-05-25 09:05:00,1.155135,1.155845,1.154445,1.154985,0
2026-05-25 09:10:00,1.155015,1.155695,1.153795,1.154185,0
2026-05-25 09:15:00,1.154195,1.155805,1.153705,1.155675,0
2026-05-25 09:20:00,1.155635,1.155915,1.154555,1.154715,0
2026-05-25 09:25:00,1.154795,1.156115,1.154115,1.155145,0
2026-05-25 09:30:00,1.155125,1.156095,1.154435,1.155765,0
2026-05-25 09:35:00,1.155625,1.156155,1.155185,1.155485,0
2026-05-25 09:40:00,1.155505,1.156485,1.154815,1.156375,0
2026-05-25 09:45:00,1.156405,1.156995,1.155815,1.156485,0
2026-05-25 09:50:00,1.156505,1.156925,1.155425,1.156285,0
2026-05-25 09:55:00,1.156305,1.157515,1.156025,1.157465,0
2026-05-25 10:00:00,1.157505,1.159005,1.157505,1.157975,0
2026-05-25 10:05:00,1.157955,1.158195,1.157135,1.157805,0
2026-05-25 10:10:00,1.157765,1.159175,1.157365,1.159085,0
2026-05-25 10:15:00,1.159135,1.160365,1.158695,1.159245,0
2026-05-25 10:20:00,1.159225,1.159245,1.158085,1.158375,0
2026-05-25 10:25:00,1.158355,1.158905,1.157705,1.158135,0
2026-05-25 10:30:00,1.158085,1.158115,1.157485,1.157985,0
2026-05-25 10:35:00,1.157975,1.158895,1.157725,1.158255,0
2026-05-25 10:40:00,1.158285,1.159545,1.157965,1.158315,0
2026-05-25 10:45:00,1.158285,1.160555,1.158195,1.160285,0
2026-05-25 10:50:00,1.160325,1.161195,1.159155,1.159325,0
2026-05-25 10:55:00,1.159285,1.160885,1.159065,1.159555,0
2026-05-25 11:00:00,1.159585,1.159635,1.158875,1.159105,0
2026-05-25 11:05:00,1.159095,1.159315,1.156955,1.157385,0
2026-05-25 11:10:00,1.157395,1.157705,1.156735,1.156995,0
2026-05-25 11:15:00,1.156975,1.157975,1.156605,1.157505,0
2026-05-25 11:20:00,1.157485,1.159345,1.157355,1.159155,0
2026-05-25 11:25:00,1.159105,1.159165,1.157755,1.157805,0
2026-05-25 11:30:00,1.157795,1.159275,1.157715,1.158815,0
2026-05-25 11:35:00,1.158845,1.159105,1.158185,1.158335,0
2026-05-25 11:40:00,1.158355,1.159985,1.158305,1.159965,0
2026-05-25 11:45:00,1.159945,1.161175,1.159575,1.159605,0
2026-05-25 11:50:00,1.159675,1.159765,1.158465,1.159035,0
2026-05-25 11:55:00,1.159015,1.159235,1.158325,1.158435,0
2026-05-25 12:00:00,1.158445,1.159485,1.158295,1.158585,0
2026-05-25 12:05:00,1.158585,1.158735,1.157895,1.158445,0
2026-05-25 12:10:00,1.158475,1.158945,1.157495,1.157915,0
2026-05-25 12:15:00,1.157925,1.159095,1.157735,1.158135,0
2026-05-25 12:20:00,1.158185,1.158195,1.156885,1.157185,0
2026-05-25 12:25:00,1.157165,1.158475,1.156925,1.158155,0
2026-05-25 12:30:00,1.158145,1.158765,1.157555,1.157715,0
2026-05-25 12:35:00,1.157725,1.158405,1.157235,1.157395,0
2026-05-25 12:40:00,1.157375,1.157815,1.155675,1.155745,0
2026-05-25 12:45:00,1.155735,1.157615,1.155685,1.157195,0
2026-05-25 12:50:00,1.157175,1.157745,1.156565,1.157745,0
2026-05-25 12:55:00,1.157705,1.158835,1.157645,1.158705,0
2026-05-25 13:00:00,1.158685,1.159075,1.157845,1.158335,0
2026-05-25 13:05:00,1.158295,1.159075,1.156765,1.156825,0
2026-05-25 13:10:00,1.156815,1.158155,1.156795,1.158035,0
2026-05-25 13:15:00,1.157965,1.158585,1.157405,1.158505,0
2026-05-25 13:20:00,1.158545,1.158935,1.157125,1.157325,0
2026-05-25 13:25:00,1.157345,1.157845,1.156335,1.156585,0
2026-05-25 13:30:00,1.156615,1.157995,1.156525,1.157295,0
2026-05-25 13:35:00,1.157285,1.157475,1.155935,1.156095,0
2026-05-25 13:40:00,1.156035,1.156895,1.155545,1.156675,0
2026-05-25 13:45:00,1.156705,1.156715,1.155265,1.155575,0
2026-05-25 13:50:00,1.155565,1.155845,1.154835,1.155315,0
2026-05-25 13:55:00,1.155335,1.155925,1.154885,1.155885,0
2026-05-25 14:00:00,1.155905,1.156545,1.155405,1.155695,0
2026-05-25 14:05:00,1.155665,1.155985,1.154395,1.154395,0
2026-05-25 14:10:00,1.154435,1.154625,1.153165,1.154295,0
2026-05-25 14:15:00,1.154305,1.154765,1.153945,1.154355,0
2026-05-25 14:20:00,1.154335,1.154595,1.153545,1.154195,0
2026-05-25 14:25:00,1.154225,1.155615,1.153885,1.154085,0
2026-05-25 14:30:00,1.154095,1.155105,1.153795,1.153795,0
2026-05-25 14:35:00,1.153775,1.155185,1.153675,1.154475,0
2026-05-25 14:40:00,1.154495,1.154495,1.152815,1.153395,0
2026-05-25 14:45:00,1.153385,1.153845,1.151975,1.152045,0
2026-05-25 14:50:00,1.152035,1.153415,1.152035,1.152725,0
2026-05-25 14:55:00,1.152775,1.153775,1.151695,1.153615,0
2026-05-25 15:00:00,1.153605,1.155365,1.153405,1.155265,0
2026-05-25 15:05:00,1.155285,1.155855,1.154855,1.155225,0
2026-05-25 15:10:00,1.155215,1.155355,1.152845,1.152995,0
2026-05-25 15:15:00,1.153005,1.153315,1.151455,1.152225,0
2026-05-25 15:20:00,1.152215,1.152945,1.151995,1.152405,0
2026-05-25 15:25:00,1.152365,1.152385,1.150745,1.151595,0
2026-05-25 15:30:00,1.151605,1.151675,1.150325,1.151045,0
2026-05-25 15:35:00,1.151075,1.152185,1.150905,1.151455,0
2026-05-25 15:40:00,1.151435,1.151905,1.150585,1.151635,0
2026-05-25 15:45:00,1.151655,1.153605,1.151645,1.152875,0
2026-05-25 15:50:00,1.152915,1.154815,1.152495,1.154655,0
2026-05-25 15:55:00,1.154625,1.154665,1.152715,1.153085,0
2026-05-25 16:00:00,1.153075,1.154485,1.152935,1.153825,0
2026-05-25 16:05:00,1.153835,1.154445,1.153115,1.154075,0
2026-05-25 16:10:00,1.154065,1.156435,1.153895,1.155785,0
2026-05-25 16:15:00,1.155775,1.155775,1.153965,1.154965,0
2026-05-25 16:20:00,1.154925,1.155125,1.153445,1.153825,0
2026-05-25 16:25:00,1.153845,1.154775,1.153505,1.154445,0
2026-05-25 16:30:00,1.154405,1.155015,1.153435,1.154195,0
2026-05-25 16:35:00,1.154165,1.154385,1.152935,1.154075,0
2026-05-25 16:40:00,1.154015,1.154625,1.153215,1.153495,0
2026-05-25 16:45:00,1.153545,1.154005,1.152055,1.152155,0
2026-05-25 16:50:00,1.152125,1.153385,1.152125,1.153265,0
2026-05-25 16:55:00,1.153215,1.153505,1.151605,1.151815,0
2026-05-25 17:00:00,1.151825,1.152045,1.150385,1.151075,0
2026-05-25 17:05:00,1.151035,1.151905,1.150545,1.151335,0
2026-05-25 17:10:00,1.151325,1.152245,1.150915,1.151705,0
2026-05-25 17:15:00,1.151745,1.152295,1.151585,1.151925,0
2026-05-25 17:20:00,1.151935,1.152795,1.151695,1.152035,0
2026-05-25 17:25:00,1.152015,1.152415,1.151535,1.152095,0
2026-05-25 17:30:00,1.152125,1.152365,1.151105,1.151425,0
2026-05-25 17:35:00,1.151485,1.151895,1.151155,1.151395,0
2026-05-25 17:40:00,1.151475,1.152435,1.150955,1.152195,0
2026-05-25 17:45:00,1.152225,1.152385,1.151035,1.151815,0
2026-05-25 17:50:00,1.151825,1.152805,1.151195,1.152225,0
2026-05-25 17:55:00,1.152245,1.153505,1.151715,1.152275,0
2026-05-25 18:00:00,1.152295,1.152605,1.151705,1.152415,0
2026-05-25 18:05:00,1.152395,1.152755,1.150855,1.151095,0
2026-05-25 18:10:00,1.151115,1.151415,1.150515,1.150585,0
2026-05-25 18:15:00,1.150575,1.151675,1.150565,1.150965,0
2026-05-25 18:20:00,1.150995,1.152545,1.150855,1.151875,0
2026-05-25 18:25:00,1.151855,1.153955,1.151855,1.153815,0
2026-05-25 18:30:00,1.153835,1.153985,1.152735,1.153135,0
2026-05-25 18:35:00,1.153115,1.153165,1.151585,1.151585,0
2026-05-25 18:40:00,1.151595,1.151645,1.150755,1.150755,0
2026-05-25 18:45:00,1.150765,1.150955,1.148585,1.148725,0
2026-05-25 18:50:00,1.148695,1.149145,1.148045,1.148215,0
2026-05-25 18:55:00,1.148225,1.148815,1.147675,1.147675,0
2026-05-25 19:00:00,1.147665,1.148065,1.147265,1.147595,0
2026-05-25 19:05:00,1.147545,1.147765,1.146485,1.146705,0
2026-05-25 19:10:00,1.146745,1.147395,1.146125,1.146825,0
2026-05-25 19:15:00,1.146835,1.147465,1.146095,1.146115,0
2026-05-25 19:20:00,1.146095,1.146885,1.145745,1.146705,0
2026-05-25 19:25:00,1.146715,1.148015,1.146595,1.147805,0
2026-05-25 19:30:00,1.147795,1.148095,1.146955,1.147295,0
2026-05-25 19:35:00,1.147275,1.148515,1.147015,1.148355,0
2026-05-25 19:40:00,1.148375,1.148795,1.147065,1.147065,0
2026-05-25 19:45:00,1.147045,1.150025,1.147045,1.149935,0
2026-05-25 19:50:00,1.149925,1.151355,1.149545,1.151145,0
2026-05-25 19:55:00,1.151135,1.152055,1.150685,1.151495,0
2026-05-25 20:00:00,1.151465,1.152225,1.151325,1.152175,0
2026-05-25 20:05:00,1.152215,1.153515,1.152075,1.153145,0
2026-05-25 20:10:00,1.153085,1.154365,1.152965,1.153815,0
2026-05-25 20:15:00,1.153845,1.153985,1.153115,1.153905,0
2026-05-25 20:20:00,1.153875,1.154405,1.153125,1.154165,0
2026-05-25 20:25:00,1.154175,1.154445,1.152235,1.152525,0
2026-05-25 20:30:00,1.152575,1.153445,1.151965,1.152935,0
2026-05-25 20:35:00,1.152915,1.154395,1.152895,1.153765,0
2026-05-25 20:40:00,1.153775,1.153895,1.152555,1.153145,0
2026-05-25 20:45:00,1.153135,1.153395,1.151195,1.151475,0
2026-05-25 20:50:00,1.151455,1.153105,1.151185,1.153105,0
2026-05-25 20:55:00,1.153125,1.153995,1.152755,1.153715,0
2026-05-25 21:00:00,1.153705,1.154815,1.153415,1.153755,0
2026-05-25 21:05:00,1.153775,1.154175,1.153045,1.153375,0
2026-05-25 21:10:00,1.153345,1.153855,1.152925,1.152965,0
2026-05-25 21:15:00,1.152985,1.153425,1.152365,1.152475,0
2026-05-25 21:20:00,1.152465,1.153305,1.152015,1.152145,0
2026-05-25 21:25:00,1.152125,1.152235,1.150485,1.151015,0
2026-05-25 21:30:00,1.150995,1.151315,1.150065,1.150675,0
2026-05-25 21:35:00,1.150655,1.151045,1.149085,1.149825,0
2026-05-25 21:40:00,1.149855,1.150535,1.148635,1.150235,0
2026-05-25 21:45:00,1.150245,1.151005,1.149225,1.150755,0
2026-05-25 21:50:00,1.150735,1.152995,1.150585,1.152985,0
2026-05-25 21:55:00,1.152965,1.153825,1.152385,1.153785,0
2026-05-25 22:00:00,1.153795,1.155005,1.153245,1.154935,0
2026-05-25 22:05:00,1.154875,1.154975,1.152985,1.153225,0
2026-05-25 22:10:00,1.153205,1.153235,1.151835,1.152705,0
2026-05-25 22:15:00,1.152595,1.153905,1.152345,1.153635,0
2026-05-25 22:20:00,1.153605,1.154305,1.151595,1.151685,0
2026-05-25 22:25:00,1.151605,1.151715,1.150735,1.151335,0
2026-05-25 22:30:00,1.151315,1.151675,1.149915,1.150165,0
2026-05-25 22:35:00,1.150125,1.150635,1.149575,1.149905,0
2026-05-25 22:40:00,1.149895,1.150195,1.148895,1.149635,0
2026-05-25 22:45:00,1.149625,1.150595,1.148955,1.150595,0
2026-05-25 22:50:00,1.150605,1.151035,1.150135,1.150615,0
2026-05-25 22:55:00,1.150605,1.151145,1.149855,1.150195,0
2026-05-25 23:00:00,1.150215,1.151095,1.150105,1.150615,0
2026-05-25 23:05:00,1.150595,1.150735,1.149115,1.150085,0
2026-05-25 23:10:00,1.150065,1.150665,1.149165,1.150535,0
2026-05-25 23:15:00,1.150545,1.151125,1.150225,1.150225,0
2026-05-25 23:20:00,1.150195,1.150195,1.148485,1.149405,0
2026-05-25 23:25:00,1.149415,1.150395,1.148875,1.149895,0
2026-05-25 23:30:00,1.149905,1.149995,1.147905,1.148315,0
2026-05-25 23:35:00,1.148275,1.149075,1.148065,1.148255,0
2026-05-25 23:40:00,1.148265,1.150345,1.148065,1.150085,0
2026-05-25 23:45:00,1.150055,1.150175,1.149335,1.149645,0
2026-05-25 23:50:00,1.149555,1.150115,1.148795,1.149495,0
2026-05-25 23:55:00,1.149525,1.150255,1.149065,1.150205,0
2026-05-26 00:00:00,1.150175,1.151625,1.149915,1.151135,0
2026-05-26 00:05:00,1.151215,1.151665,1.150185,1.151305,0
2026-05-26 00:10:00,1.151295,1.151955,1.150325,1.150755,0
2026-05-26 00:15:00,1.150765,1.150925,1.148915,1.150395,0
2026-05-26 00:20:00,1.150405,1.151605,1.149855,1.151225,0
2026-05-26 00:25:00,1.151235,1.151575,1.149065,1.149565,0
2026-05-26 00:30:00,1.149555,1.149905,1.148825,1.149035,0
2026-05-26 00:35:00,1.149055,1.149175,1.147195,1.147265,0
2026-05-26 00:40:00,1.147235,1.147815,1.147155,1.147395,0
2026-05-26 00:45:00,1.147385,1.147705,1.146185,1.146295,0
2026-05-26 00:50:00,1.146315,1.147915,1.146115,1.147095,0
2026-05-26 00:55:00,1.147115,1.147545,1.146535,1.146915,0
2026-05-26 01:00:00,1.146935,1.147365,1.145925,1.146085,0
2026-05-26 01:05:00,1.146165,1.146515,1.145035,1.145105,0
2026-05-26 01:10:00,1.145085,1.145245,1.144315,1.145005,0
2026-05-26 01:15:00,1.144995,1.144995,1.142975,1.143015,0
2026-05-26 01:20:00,1.142965,1.144235,1.142595,1.144235,0
2026-05-26 01:25:00,1.144195,1.145135,1.144095,1.145095,0
2026-05-26 01:30:00,1.145115,1.145265,1.144295,1.144445,0
2026-05-26 01:35:00,1.144425,1.144845,1.143465,1.144015,0
2026-05-26 01:40:00,1.144025,1.144975,1.143845,1.144715,0
2026-05-26 01:45:00,1.144685,1.146035,1.144445,1.145655,0
2026-05-26 01:50:00,1.145635,1.145695,1.144305,1.144755,0
2026-05-26 01:55:00,1.144745,1.145235,1.144095,1.144815,0
2026-05-26 02:00:00,1.144835,1.146295,1.144325,1.145465,0
2026-05-26 02:05:00,1.145535,1.145965,1.143965,1.144005,0
2026-05-26 02:10:00,1.144015,1.144085,1.142685,1.142975,0
2026-05-26 02:15:00,1.142985,1.143585,1.142215,1.143005,0
2026-05-26 02:20:00,1.143035,1.143315,1.141525,1.141825,0
2026-05-26 02:25:00,1.141835,1.142125,1.140795,1.141335,0
2026-05-26 02:30:00,1.141265,1.141925,1.140565,1.141925,0
2026-05-26 02:35:00,1.141935,1.142125,1.141095,1.141605,0
2026-05-26 02:40:00,1.141565,1.142865,1.141325,1.142665,0
2026-05-26 02:45:00,1.142675,1.143245,1.141795,1.142345,0
2026-05-26 02:50:00,1.142335,1.143605,1.141815,1.143495,0
2026-05-26 02:55:00,1.143535,1.144835,1.143435,1.143905,0
2026-05-26 03:00:00,1.143875,1.144905,1.143365,1.143765,0
2026-05-26 03:05:00,1.143815,1.144635,1.143465,1.144535,0
2026-05-26 03:10:00,1.144485,1.145105,1.143945,1.144315,0
2026-05-26 03:15:00,1.144325,1.144565,1.143415,1.143615,0
2026-05-26 03:20:00,1.143645,1.144095,1.142285,1.142465,0
2026-05-26 03:25:00,1.142455,1.142475,1.139775,1.139945,0
2026-05-26 03:30:00,1.139925,1.140925,1.139685,1.140675,0
2026-05-26 03:35:00,1.140635,1.140825,1.137425,1.137565,0
2026-05-26 03:40:00,1.137495,1.137555,1.135955,1.136025,0
2026-05-26 03:45:00,1.135975,1.136345,1.135065,1.136325,0
2026-05-26 03:50:00,1.136335,1.136915,1.136005,1.136665,0
2026-05-26 03:55:00,1.136675,1.136825,1.135345,1.136345,0
2026-05-26 04:00:00,1.136365,1.136475,1.134265,1.134455,0
2026-05-26 04:05:00,1.134465,1.136005,1.134295,1.136005,0
2026-05-26 04:10:00,1.135965,1.136205,1.135465,1.135875,0
2026-05-26 04:15:00,1.135865,1.137045,1.135495,1.136695,0
2026-05-26 04:20:00,1.136685,1.136765,1.135805,1.136445,0
2026-05-26 04:25:00,1.136435,1.137365,1.135905,1.135935,0
2026-05-26 04:30:00,1.135965,1.136385,1.135345,1.136235,0
2026-05-26 04:35:00,1.136205,1.137705,1.136185,1.137445,0
2026-05-26 04:40:00,1.137435,1.137875,1.136565,1.137525,0
2026-05-26 04:45:00,1.137575,1.137585,1.136035,1.136395,0
2026-05-26 04:50:00,1.136435,1.136915,1.135905,1.136865,0
2026-05-26 04:55:00,1.136825,1.138335,1.136745,1.137865,0
2026-05-26 05:00:00,1.137875,1.138825,1.137725,1.138665,0
2026-05-26 05:05:00,1.138635,1.138915,1.137995,1.138635,0
2026-05-26 05:10:00,1.138665,1.141185,1.138655,1.141185,0
2026-05-26 05:15:00,1.141155,1.141625,1.140655,1.141155,0
2026-05-26 05:20:00,1.141135,1.141215,1.138725,1.138725,0
2026-05-26 05:25:00,1.138735,1.139725,1.138305,1.139245,0
2026-05-26 05:30:00,1.139225,1.139965,1.138465,1.139845,0
2026-05-26 05:35:00,1.139865,1.139885,1.137495,1.137705,0
2026-05-26 05:40:00,1.137675,1.138625,1.137395,1.138425,0
2026-05-26 05:45:00,1.138445,1.139285,1.138095,1.138495,0
2026-05-26 05:50:00,1.138475,1.139155,1.137805,1.138505,0
2026-05-26 05:55:00,1.138555,1.139495,1.138275,1.139285,0
2026-05-26 06:00:00,1.139255,1.139375,1.137065,1.137115,0
2026-05-26 06:05:00,1.137095,1.138045,1.137065,1.137185,0
2026-05-26 06:10:00,1.137175,1.137865,1.136165,1.137865,0
2026-05-26 06:15:00,1.137855,1.139205,1.136925,1.139205,0
2026-05-26 06:20:00,1.139195,1.139225,1.137425,1.137675,0
2026-05-26 06:25:00,1.137695,1.138395,1.137185,1.137265,0
2026-05-26 06:30:00,1.137295,1.137485,1.135295,1.136205,0
2026-05-26 06:35:00,1.136215,1.136715,1.135065,1.135635,0
2026-05-26 06:40:00,1.135595,1.135745,1.134865,1.135355,0
2026-05-26 06:45:00,1.135395,1.135465,1.134355,1.134685,0
2026-05-26 06:50:00,1.134665,1.135625,1.134575,1.135285,0
2026-05-26 06:55:00,1.135365,1.135605,1.134615,1.135575,0
2026-05-26 07:00:00,1.135545,1.137045,1.135315,1.136915,0
2026-05-26 07:05:00,1.136905,1.137865,1.136645,1.137005,0
2026-05-26 07:10:00,1.136995,1.137285,1.136025,1.136545,0
2026-05-26 07:15:00,1.136535,1.137555,1.136365,1.137015,0
2026-05-26 07:20:00,1.137005,1.137385,1.136415,1.137065,0
2026-05-26 07:25:00,1.137075,1.137455,1.135415,1.135605,0
2026-05-26 07:30:00,1.135595,1.136745,1.135275,1.136695,0
2026-05-26 07:35:00,1.136725,1.137105,1.135685,1.136235,0
2026-05-26 07:40:00,1.136255,1.136795,1.134405,1.134445,0
2026-05-26 07:45:00,1.134435,1.134545,1.133805,1.134015,0
2026-05-26 07:50:00,1.133995,1.134475,1.132965,1.133315,0
2026-05-26 07:55:00,1.133335,1.133625,1.132215,1.132255,0
2026-05-26 08:00:00,1.132175,1.133775,1.131965,1.133505,0
2026-05-26 08:10:00,1.133505,1.164065,1.133505,1.163305,0
2026-05-26 08:15:00,1.163285,1.164855,1.163195,1.164275,0
2026-05-26 08:20:00,1.164245,1.164635,1.163365,1.164625,0
2026-05-26 08:25:00,1.164685,1.165205,1.163775,1.163915,0
2026-05-26 08:30:00,1.163865,1.164315,1.163075,1.163455,0
2026-05-26 08:35:00,1.163495,1.165825,1.163125,1.165365,0
2026-05-26 08:40:00,1.165395,1.165805,1.163935,1.165665,0
2026-05-26 08:45:00,1.165635,1.166975,1.165405,1.166875,0
2026-05-26 08:50:00,1.166855,1.167095,1.164875,1.165575,0
2026-05-26 08:55:00,1.165585,1.166145,1.164915,1.165795,0
2026-05-26 09:00:00,1.165785,1.167135,1.165555,1.166685,0
2026-05-26 09:05:00,1.166665,1.167455,1.166345,1.166745,0
2026-05-26 09:10:00,1.166755,1.166865,1.165395,1.165685,0
2026-05-26 09:15:00,1.165695,1.166355,1.164215,1.164945,0
2026-05-26 09:20:00,1.164965,1.165965,1.164785,1.165255,0
2026-05-26 09:25:00,1.165285,1.165555,1.163955,1.164245,0
2026-05-26 09:30:00,1.164235,1.164355,1.162915,1.163625,0
2026-05-26 09:35:00,1.163665,1.163865,1.162945,1.163415,0
2026-05-26 09:40:00,1.163435,1.163955,1.162885,1.163505,0
2026-05-26 09:45:00,1.163485,1.164115,1.162815,1.163115,0
2026-05-26 09:50:00,1.163125,1.163585,1.162195,1.163265,0
2026-05-26 09:55:00,1.163255,1.164025,1.162695,1.163795,0
2026-05-26 10:00:00,1.163765,1.163875,1.161585,1.162065,0
2026-05-26 10:05:00,1.162085,1.163675,1.162055,1.163475,0
2026-05-26 10:10:00,1.163485,1.163795,1.162045,1.162235,0
2026-05-26 10:15:00,1.162245,1.163455,1.161875,1.162825,0
2026-05-26 10:20:00,1.162835,1.163995,1.162335,1.163995,0
2026-05-26 10:25:00,1.164005,1.164625,1.163705,1.164535,0
2026-05-26 10:30:00,1.164515,1.165285,1.163975,1.164175,0
2026-05-26 10:35:00,1.164215,1.164535,1.162975,1.163385,0
2026-05-26 10:40:00,1.163355,1.163895,1.162545,1.162865,0
2026-05-26 10:45:00,1.162835,1.163115,1.162235,1.162335,0
2026-05-26 10:50:00,1.162375,1.162865,1.160925,1.161455,0
2026-05-26 10:55:00,1.161445,1.161675,1.159925,1.160245,0
2026-05-26 11:00:00,1.160295,1.160665,1.159415,1.160475,0
2026-05-26 11:05:00,1.160455,1.162115,1.160285,1.161485,0
2026-05-26 11:10:00,1.161475,1.161825,1.160875,1.161025,0
2026-05-26 11:15:00,1.161055,1.161145,1.159985,1.160655,0
2026-05-26 11:20:00,1.160665,1.161245,1.159265,1.160915,0
2026-05-26 11:25:00,1.160925,1.161235,1.159875,1.160025,0
2026-05-26 11:30:00,1.160035,1.161255,1.159185,1.161065,0
2026-05-26 11:35:00,1.161145,1.162355,1.160985,1.162275,0
2026-05-26 11:40:00,1.162265,1.162285,1.160545,1.161285,0
2026-05-26 11:45:00,1.161275,1.162335,1.160855,1.162325,0
2026-05-26 11:50:00,1.162365,1.163635,1.161975,1.161975,0
2026-05-26 11:55:00,1.161905,1.163025,1.160775,1.161455,0
2026-05-26 12:00:00,1.161435,1.162215,1.160805,1.161955,0
2026-05-26 12:05:00,1.161975,1.162205,1.160465,1.162025,0
2026-05-26 12:10:00,1.162005,1.162375,1.161315,1.161615,0
2026-05-26 12:15:00,1.161645,1.162215,1.160765,1.161865,0
2026-05-26 12:20:00,1.161805,1.162245,1.161025,1.161455,0
2026-05-26 12:25:00,1.161435,1.161585,1.159755,1.160465,0
2026-05-26 12:30:00,1.160485,1.160645,1.158955,1.158955,0
2026-05-26 12:35:00,1.158995,1.159725,1.158615,1.159325,0
2026-05-26 12:40:00,1.159335,1.161895,1.158925,1.161685,0
2026-05-26 12:45:00,1.161675,1.162435,1.160525,1.161255,0
2026-05-26 12:50:00,1.161285,1.161465,1.160095,1.160435,0
2026-05-26 12:55:00,1.160465,1.161455,1.160095,1.160985,0
2026-05-26 13:00:00,1.160985,1.161405,1.160175,1.161375,0
2026-05-26 13:05:00,1.161365,1.162465,1.160825,1.162165,0
2026-05-26 13:10:00,1.162175,1.163375,1.162175,1.163165,0
2026-05-26 13:15:00,1.163195,1.163315,1.161375,1.161485,0
2026-05-26 13:20:00,1.161465,1.161895,1.160185,1.160235,0
2026-05-26 13:25:00,1.160225,1.160295,1.158745,1.159225,0
2026-05-26 13:30:00,1.159245,1.159565,1.157845,1.158675,0
2026-05-26 13:35:00,1.158615,1.160395,1.158275,1.160295,0
2026-05-26 13:40:00,1.160305,1.160985,1.159765,1.160935,0
2026-05-26 13:45:00,1.160945,1.162785,1.160455,1.162185,0
2026-05-26 13:50:00,1.162155,1.162445,1.160615,1.161635,0
2026-05-26 13:55:00,1.161595,1.162855,1.161415,1.162585,0
2026-05-26 14:00:00,1.162525,1.163485,1.162255,1.163445,0
2026-05-26 14:05:00,1.163455,1.163555,1.162105,1.162705,0
2026-05-26 14:10:00,1.162685,1.162775,1.160525,1.160765,0
2026-05-26 14:15:00,1.160795,1.161045,1.159655,1.160065,0
2026-05-26 14:20:00,1.160095,1.161035,1.159385,1.159485,0
2026-05-26 14:25:00,1.159475,1.160345,1.159155,1.159915,0
2026-05-26 14:30:00,1.159945,1.160085,1.158785,1.159125,0
2026-05-26 14:35:00,1.159105,1.159465,1.158345,1.159005,0
2026-05-26 14:40:00,1.159015,1.159235,1.157875,1.158795,0
2026-05-26 14:45:00,1.158745,1.159505,1.158385,1.159165,0
2026-05-26 14:50:00,1.159135,1.159705,1.158675,1.159515,0
2026-05-26 14:55:00,1.159505,1.160155,1.158515,1.158675,0
2026-05-26 15:00:00,1.158705,1.159775,1.158445,1.159335,0
2026-05-26 15:05:00,1.159355,1.161025,1.159155,1.160815,0
2026-05-26 15:10:00,1.160765,1.161575,1.160445,1.161355,0
2026-05-26 15:15:00,1.161335,1.162105,1.160835,1.161655,0
2026-05-26 15:20:00,1.161675,1.161925,1.161185,1.161615,0
2026-05-26 15:25:00,1.161625,1.163125,1.161225,1.162585,0
2026-05-26 15:30:00,1.162645,1.164425,1.162435,1.164425,0
2026-05-26 15:35:00,1.164405,1.166215,1.163885,1.166035,0
2026-05-26 15:40:00,1.166025,1.168455,1.165435,1.168085,0
2026-05-26 15:45:00,1.168065,1.169165,1.167935,1.168685,0
2026-05-26 15:50:00,1.168665,1.169525,1.168035,1.169205,0
2026-05-26 15:55:00,1.169175,1.169375,1.167475,1.168165,0
2026-05-26 16:00:00,1.168195,1.168345,1.166785,1.167465,0
2026-05-26 16:05:00,1.167475,1.167735,1.166645,1.167655,0
2026-05-26 16:10:00,1.167625,1.168305,1.166965,1.168205,0
2026-05-26 16:15:00,1.168215,1.168215,1.166025,1.166855,0
2026-05-26 16:20:00,1.166825,1.168225,1.166425,1.168135,0
2026-05-26 16:25:00,1.168175,1.168375,1.166295,1.166495,0
2026-05-26 16:30:00,1.166515,1.168825,1.166485,1.168705,0
2026-05-26 16:35:00,1.168725,1.169275,1.168165,1.168575,0
2026-05-26 16:40:00,1.168535,1.169295,1.168175,1.169155,0
2026-05-26 16:45:00,1.169165,1.169545,1.168125,1.169085,0
2026-05-26 16:50:00,1.169035,1.169945,1.168535,1.169725,0
2026-05-26 16:55:00,1.169715,1.170985,1.169715,1.170265,0
2026-05-26 17:00:00,1.170245,1.171085,1.169895,1.170955,0
2026-05-26 17:05:00,1.170875,1.171355,1.169935,1.170295,0
2026-05-26 17:10:00,1.170255,1.170855,1.169915,1.170555,0
2026-05-26 17:15:00,1.170565,1.170895,1.168875,1.169425,0
2026-05-26 17:20:00,1.169365,1.170645,1.168865,1.170515,0
2026-05-26 17:25:00,1.170505,1.170815,1.170155,1.170415,0
2026-05-26 17:30:00,1.170425,1.172215,1.170345,1.172155,0
2026-05-26 17:35:00,1.172065,1.174735,1.171615,1.174175,0
2026-05-26 17:40:00,1.174155,1.175165,1.173695,1.174795,0
2026-05-26 17:45:00,1.174765,1.175165,1.173795,1.174985,0
2026-05-26 17:50:00,1.175005,1.176655,1.175005,1.176545,0
2026-05-26 17:55:00,1.176505,1.176625,1.175535,1.175575,0
2026-05-26 18:00:00,1.175605,1.176025,1.174155,1.174555,0
2026-05-26 18:05:00,1.174515,1.176595,1.174145,1.175985,0
2026-05-26 18:10:00,1.176015,1.176015,1.173935,1.174245,0
2026-05-26 18:15:00,1.174235,1.174425,1.173315,1.173355,0
2026-05-26 18:20:00,1.173335,1.173845,1.172205,1.172255,0
2026-05-26 18:25:00,1.172275,1.172375,1.170995,1.171965,0
2026-05-26 18:30:00,1.171875,1.172295,1.170205,1.170365,0
2026-05-26 18:35:00,1.170245,1.172105,1.170215,1.171775,0
2026-05-26 18:40:00,1.171745,1.173265,1.171695,1.172465,0
2026-05-26 18:45:00,1.172445,1.172875,1.171685,1.171955,0
2026-05-26 18:50:00,1.171975,1.172085,1.170805,1.170805,0
2026-05-26 18:55:00,1.170835,1.171475,1.170185,1.171285,0
2026-05-26 19:00:00,1.171275,1.171855,1.170915,1.171585,0
2026-05-26 19:05:00,1.171555,1.171795,1.170475,1.171335,0
2026-05-26 19:10:00,1.171295,1.173285,1.171115,1.172895,0
2026-05-26 19:15:00,1.172915,1.173945,1.172375,1.173915,0
2026-05-26 19:20:00,1.173945,1.174275,1.172815,1.172925,0
2026-05-26 19:25:00,1.173015,1.173195,1.171405,1.171685,0
2026-05-26 19:30:00,1.171675,1.173145,1.171545,1.173135,0
2026-05-26 19:35:00,1.173085,1.173555,1.172785,1.172875,0
2026-05-26 19:40:00,1.172905,1.172925,1.171145,1.171825,0
2026-05-26 19:45:00,1.171795,1.173285,1.171675,1.173055,0
2026-05-26 19:50:00,1.173085,1.175395,1.172845,1.174145,0
2026-05-26 19:55:00,1.174185,1.175695,1.173425,1.175475,0
2026-05-26 20:00:00,1.175485,1.175705,1.174365,1.175075,0
2026-05-26 20:05:00,1.175105,1.175525,1.174315,1.174425,0
2026-05-26 20:10:00,1.174415,1.176115,1.174185,1.175765,0
2026-05-26 20:15:00,1.175875,1.175955,1.174815,1.175265,0
2026-05-26 20:20:00,1.175275,1.175515,1.174155,1.174615,0
2026-05-26 20:25:00,1.174645,1.175455,1.174455,1.174555,0
2026-05-26 20:30:00,1.174535,1.175665,1.173855,1.175665,0
2026-05-26 20:35:00,1.175675,1.175825,1.173955,1.175125,0
2026-05-26 20:40:00,1.175145,1.175845,1.174355,1.174725,0
2026-05-26 20:45:00,1.174755,1.175925,1.174555,1.175585,0
2026-05-26 20:50:00,1.175565,1.176655,1.175215,1.176335,0
2026-05-26 20:55:00,1.176305,1.176905,1.175875,1.176815,0
2026-05-26 21:00:00,1.176795,1.177005,1.175735,1.176265,0
2026-05-26 21:05:00,1.176225,1.177065,1.176015,1.176215,0
2026-05-26 21:10:00,1.176195,1.176415,1.174845,1.176345,0
2026-05-26 21:15:00,1.176305,1.177625,1.175865,1.177625,0
2026-05-26 21:20:00,1.177645,1.178775,1.177635,1.177905,0
2026-05-26 21:25:00,1.177895,1.178445,1.177245,1.177425,0
2026-05-26 21:30:00,1.177395,1.177705,1.176705,1.177055,0
2026-05-26 21:35:00,1.177085,1.179525,1.176705,1.179525,0
2026-05-26 21:40:00,1.179495,1.180195,1.178845,1.178945,0
2026-05-26 21:45:00,1.178975,1.179355,1.178235,1.178815,0
2026-05-26 21:50:00,1.178775,1.178845,1.177765,1.177895,0
2026-05-26 21:55:00,1.177885,1.178955,1.177055,1.178955,0
2026-05-26 22:00:00,1.178865,1.180165,1.178745,1.180165,0
2026-05-26 22:05:00,1.180155,1.181255,1.179865,1.179925,0
2026-05-26 22:10:00,1.179935,1.180275,1.179315,1.179775,0
2026-05-26 22:15:00,1.179805,1.180395,1.178745,1.179845,0
2026-05-26 22:20:00,1.179885,1.180285,1.177325,1.177405,0
2026-05-26 22:25:00,1.177415,1.177825,1.176395,1.176695,0
2026-05-26 22:30:00,1.176645,1.177235,1.175775,1.176205,0
2026-05-26 22:35:00,1.176215,1.177325,1.175955,1.176095,0
2026-05-26 22:40:00,1.176215,1.177855,1.176125,1.177705,0
2026-05-26 22:45:00,1.177735,1.179115,1.177625,1.178595,0
2026-05-26 22:50:00,1.178555,1.178635,1.177585,1.178475,0
2026-05-26 22:55:00,1.178455,1.179035,1.177455,1.178405,0
2026-05-26 23:00:00,1.178385,1.180155,1.178255,1.180045,0
2026-05-26 23:05:00,1.179975,1.180435,1.178795,1.180225,0
2026-05-26 23:10:00,1.180155,1.180155,1.178385,1.178565,0
2026-05-26 23:15:00,1.178535,1.178635,1.177015,1.177185,0
2026-05-26 23:20:00,1.177155,1.178125,1.176825,1.177355,0
2026-05-26 23:25:00,1.177325,1.178625,1.177205,1.178355,0
2026-05-26 23:30:00,1.178335,1.180055,1.178045,1.179975,0
2026-05-26 23:35:00,1.179985,1.181335,1.179925,1.180165,0
2026-05-26 23:40:00,1.180155,1.180865,1.179685,1.180695,0
2026-05-26 23:45:00,1.180705,1.180785,1.179705,1.179825,0
2026-05-26 23:50:00,1.179835,1.180755,1.179725,1.180705,0
2026-05-26 23:55:00,1.180725,1.181175,1.179665,1.180085,0
2026-05-27 00:00:00,1.180105,1.181605,1.179805,1.181375,0
2026-05-27 00:05:00,1.181405,1.182025,1.181105,1.181185,0
2026-05-27 00:10:00,1.181235,1.181365,1.179785,1.180155,0
2026-05-27 00:15:00,1.180145,1.180685,1.179445,1.180505,0
2026-05-27 00:20:00,1.180525,1.180525,1.178535,1.178535,0
2026-05-27 00:25:00,1.178525,1.178685,1.177755,1.178445,0
2026-05-27 00:30:00,1.178455,1.179225,1.177665,1.178785,0
2026-05-27 00:35:00,1.178765,1.179465,1.177995,1.178335,0
2026-05-27 00:40:00,1.178495,1.178755,1.176615,1.176615,0
2026-05-27 00:45:00,1.176645,1.177005,1.174575,1.174775,0
2026-05-27 00:50:00,1.174755,1.174835,1.173205,1.173775,0
2026-05-27 00:55:00,1.173795,1.174515,1.173125,1.173835,0
2026-05-27 01:00:00,1.173765,1.174035,1.172715,1.173305,0
2026-05-27 01:05:00,1.173295,1.174035,1.172955,1.173025,0
2026-05-27 01:10:00,1.173055,1.174465,1.172685,1.173325,0
2026-05-27 01:15:00,1.173295,1.173385,1.171975,1.172345,0
2026-05-27 01:20:00,1.172395,1.172545,1.170565,1.171195,0
2026-05-27 01:25:00,1.171205,1.172395,1.171185,1.172335,0
2026-05-27 01:30:00,1.172325,1.172975,1.170945,1.170965,0
2026-05-27 01:35:00,1.170955,1.172595,1.170645,1.172165,0
2026-05-27 01:40:00,1.172135,1.172645,1.171635,1.172595,0
2026-05-27 01:45:00,1.172565,1.174495,1.172555,1.173705,0
2026-05-27 01:50:00,1.173695,1.173715,1.171545,1.171775,0
2026-05-27 01:55:00,1.171765,1.172915,1.171425,1.172905,0
2026-05-27 02:00:00,1.172955,1.173005,1.171645,1.172305,0
2026-05-27 02:05:00,1.172315,1.172495,1.170865,1.170955,0
2026-05-27 02:10:00,1.170985,1.171155,1.169955,1.170025,0
2026-05-27 02:15:00,1.169995,1.170735,1.169265,1.169275,0
2026-05-27 02:20:00,1.169245,1.169775,1.168145,1.168155,0
2026-05-27 02:25:00,1.168145,1.168145,1.167295,1.167675,0
2026-05-27 02:30:00,1.167665,1.168445,1.167445,1.167935,0
2026-05-27 02:35:00,1.167915,1.169085,1.167765,1.168765,0
2026-05-27 02:40:00,1.168745,1.170355,1.168675,1.170325,0
2026-05-27 02:45:00,1.170345,1.172605,1.170155,1.172565,0
2026-05-27 02:50:00,1.172575,1.173365,1.172315,1.172765,0
2026-05-27 02:55:00,1.172795,1.173035,1.170985,1.170985,0
2026-05-27 03:00:00,1.171005,1.171165,1.170255,1.170745,0
2026-05-27 03:05:00,1.170775,1.171525,1.169595,1.169625,0
2026-05-27 03:10:00,1.169665,1.169825,1.168775,1.168785,0
2026-05-27 03:15:00,1.168735,1.169975,1.168145,1.169915,0
2026-05-27 03:20:00,1.169935,1.172225,1.169845,1.172175,0
2026-05-27 03:25:00,1.172215,1.172825,1.171745,1.171845,0
2026-05-27 03:30:00,1.171855,1.173355,1.171315,1.173165,0
2026-05-27 03:35:00,1.173155,1.174145,1.172705,1.173725,0
2026-05-27 03:40:00,1.173755,1.174385,1.173275,1.173575,0
2026-05-27 03:45:00,1.173555,1.173635,1.172965,1.173615,0
2026-05-27 03:50:00,1.173625,1.173645,1.172235,1.172845,0
2026-05-27 03:55:00,1.172835,1.172865,1.171335,1.171825,0
2026-05-27 04:00:00,1.171795,1.172195,1.170995,1.171995,0
2026-05-27 04:05:00,1.172045,1.172635,1.171275,1.171605,0
2026-05-27 04:10:00,1.171635,1.172975,1.171205,1.172515,0
2026-05-27 04:15:00,1.172465,1.172525,1.170505,1.170915,0
2026-05-27 04:20:00,1.170935,1.172985,1.170935,1.172755,0
2026-05-27 04:25:00,1.172735,1.173885,1.172065,1.173645,0
2026-05-27 04:30:00,1.173655,1.174445,1.173245,1.174345,0
2026-05-27 04:35:00,1.174295,1.175275,1.173525,1.175265,0
2026-05-27 04:40:00,1.175255,1.176005,1.174715,1.175325,0
2026-05-27 04:45:00,1.175345,1.175385,1.173185,1.173255,0
2026-05-27 04:50:00,1.173235,1.173975,1.172595,1.173265,0
2026-05-27 04:55:00,1.173235,1.174045,1.172655,1.174045,0
2026-05-27 05:00:00,1.174025,1.174285,1.171995,1.172355,0
2026-05-27 05:05:00,1.172335,1.173965,1.171635,1.173835,0
2026-05-27 05:10:00,1.173865,1.174085,1.172885,1.173145,0
2026-05-27 05:15:00,1.173125,1.173395,1.172025,1.172305,0
2026-05-27 05:20:00,1.172285,1.173075,1.170605,1.170775,0
2026-05-27 05:25:00,1.170765,1.172055,1.170185,1.171895,0
2026-05-27 05:30:00,1.171905,1.173005,1.171565,1.172385,0
2026-05-27 05:35:00,1.172365,1.173045,1.172095,1.172845,0
2026-05-27 05:40:00,1.172805,1.172985,1.171385,1.171735,0
2026-05-27 05:45:00,1.171675,1.172585,1.171455,1.172425,0
2026-05-27 05:50:00,1.172375,1.172445,1.170885,1.172085,0
2026-05-27 05:55:00,1.172105,1.172205,1.170735,1.171165,0
2026-05-27 06:00:00,1.171175,1.172305,1.171105,1.172075,0
2026-05-27 06:05:00,1.172055,1.173355,1.171315,1.173175,0
2026-05-27 06:10:00,1.173185,1.173525,1.172695,1.173265,0
2026-05-27 06:15:00,1.173295,1.173855,1.171775,1.173425,0
2026-05-27 06:20:00,1.173415,1.174355,1.173245,1.173895,0
2026-05-27 06:25:00,1.173905,1.174405,1.173135,1.173365,0
2026-05-27 06:30:00,1.173325,1.174975,1.172845,1.174255,0
2026-05-27 06:35:00,1.174225,1.174895,1.171915,1.172275,0
2026-05-27 06:40:00,1.172295,1.173455,1.172035,1.172065,0
2026-05-27 06:45:00,1.172035,1.172855,1.171665,1.172225,0
2026-05-27 06:50:00,1.172235,1.172335,1.170715,1.171925,0
2026-05-27 06:55:00,1.171915,1.172325,1.170945,1.171825,0
2026-05-27 07:00:00,1.171815,1.172465,1.170595,1.171795,0
2026-05-27 07:05:00,1.171785,1.172765,1.171365,1.172725,0
2026-05-27 07:10:00,1.172735,1.173245,1.172545,1.172585,0
2026-05-27 07:15:00,1.172595,1.174375,1.172505,1.173135,0
2026-05-27 07:20:00,1.173115,1.173245,1.172335,1.172875,0
2026-05-27 07:25:00,1.172845,1.173955,1.172625,1.173065,0
2026-05-27 07:30:00,1.173145,1.173495,1.172265,1.172865,0
2026-05-27 07:35:00,1.172895,1.173425,1.171875,1.173085,0
2026-05-27 07:40:00,1.173095,1.173235,1.171885,1.172915,0
2026-05-27 07:45:00,1.172925,1.173885,1.172715,1.172715,0
2026-05-27 07:50:00,1.172675,1.174545,1.172245,1.174495,0
2026-05-27 07:55:00,1.174545,1.175765,1.174545,1.175515,0
2026-05-27 08:00:00,1.175505,1.176205,1.174515,1.174545,0
2026-05-27 08:10:00,1.174545,1.174545,1.163325,1.163965,0
2026-05-27 08:15:00,1.163975,1.165045,1.163925,1.164105,0
2026-05-27 08:20:00,1.164075,1.165555,1.163895,1.164435,0
2026-05-27 08:25:00,1.164415,1.165585,1.164305,1.164775,0
2026-05-27 08:30:00,1.164745,1.164765,1.162645,1.163935,0
2026-05-27 08:35:00,1.163955,1.165445,1.163875,1.165335,0
2026-05-27 08:40:00,1.165345,1.166085,1.164825,1.164885,0
2026-05-27 08:45:00,1.164895,1.165185,1.164275,1.164835,0
2026-05-27 08:50:00,1.164795,1.166735,1.164605,1.165285,0
2026-05-27 08:55:00,1.165295,1.166975,1.165145,1.166915,0
2026-05-27 09:00:00,1.166985,1.169075,1.166735,1.167675,0
2026-05-27 09:05:00,1.167635,1.167825,1.166735,1.166835,0
2026-05-27 09:10:00,1.166795,1.168055,1.166665,1.167955,0
2026-05-27 09:15:00,1.167915,1.168645,1.167385,1.168445,0
2026-05-27 09:20:00,1.168475,1.168965,1.167565,1.168125,0
2026-05-27 09:25:00,1.168155,1.168615,1.167305,1.167415,0
2026-05-27 09:30:00,1.167405,1.167745,1.166505,1.167335,0
2026-05-27 09:35:00,1.167355,1.168075,1.166565,1.167745,0
2026-05-27 09:40:00,1.167695,1.168385,1.166755,1.167005,0
2026-05-27 09:45:00,1.166985,1.167165,1.165965,1.166425,0
2026-05-27 09:50:00,1.166415,1.166795,1.165195,1.165625,0
2026-05-27 09:55:00,1.165585,1.166485,1.165035,1.165625,0
2026-05-27 10:00:00,1.165605,1.166265,1.165265,1.166115,0
2026-05-27 10:05:00,1.166005,1.167745,1.164685,1.167715,0
2026-05-27 10:10:00,1.167785,1.168005,1.166925,1.167145,0
2026-05-27 10:15:00,1.167055,1.168125,1.167005,1.167575,0
2026-05-27 10:20:00,1.167515,1.168525,1.167135,1.167965,0
2026-05-27 10:25:00,1.168025,1.168825,1.167635,1.167785,0
2026-05-27 10:30:00,1.167695,1.169215,1.167285,1.169095,0
2026-05-27 10:35:00,1.169075,1.170255,1.169075,1.170085,0
2026-05-27 10:40:00,1.170055,1.170315,1.169085,1.169935,0
2026-05-27 10:45:00,1.169945,1.170125,1.169075,1.169905,0
2026-05-27 10:50:00,1.169945,1.170135,1.168425,1.169575,0
2026-05-27 10:55:00,1.169565,1.170915,1.169495,1.170755,0
2026-05-27 11:00:00,1.170745,1.171525,1.169985,1.170385,0
2026-05-27 11:05:00,1.170365,1.171915,1.170125,1.171855,0
2026-05-27 11:10:00,1.171865,1.172785,1.171765,1.172135,0
2026-05-27 11:15:00,1.172165,1.173345,1.171395,1.172485,0
2026-05-27 11:20:00,1.172515,1.174465,1.172515,1.174065,0
2026-05-27 11:25:00,1.174075,1.175395,1.174055,1.175225,0
2026-05-27 11:30:00,1.175285,1.175625,1.174455,1.175075,0
2026-05-27 11:35:00,1.175035,1.175605,1.174735,1.175065,0
2026-05-27 11:40:00,1.175025,1.175395,1.174585,1.174745,0
2026-05-27 11:45:00,1.174795,1.177795,1.173545,1.177645,0
2026-05-27 11:50:00,1.177605,1.178425,1.177175,1.177855,0
2026-05-27 11:55:00,1.177845,1.178315,1.177085,1.177625,0
2026-05-27 12:00:00,1.177605,1.180485,1.177545,1.180385,0
2026-05-27 12:05:00,1.180365,1.181455,1.180215,1.181275,0
2026-05-27 12:10:00,1.181285,1.181905,1.180775,1.181905,0
2026-05-27 12:15:00,1.181965,1.182035,1.180995,1.181625,0
2026-05-27 12:20:00,1.181585,1.183175,1.181585,1.183005,0
2026-05-27 12:25:00,1.182995,1.185875,1.182845,1.185775,0
2026-05-27 12:30:00,1.185815,1.186805,1.185535,1.185655,0
2026-05-27 12:35:00,1.185675,1.185955,1.184975,1.185315,0
2026-05-27 12:40:00,1.185345,1.185685,1.184605,1.185455,0
2026-05-27 12:45:00,1.185485,1.187345,1.185025,1.186975,0
2026-05-27 12:50:00,1.186965,1.187635,1.186685,1.186785,0
2026-05-27 12:55:00,1.186775,1.188915,1.186755,1.188405,0
2026-05-27 13:00:00,1.188395,1.189075,1.187595,1.187675,0
2026-05-27 13:05:00,1.187665,1.188905,1.187455,1.187515,0
2026-05-27 13:10:00,1.187505,1.188545,1.187105,1.187715,0
2026-05-27 13:15:00,1.187685,1.188565,1.187285,1.187585,0
2026-05-27 13:20:00,1.187655,1.187655,1.186415,1.187065,0
2026-05-27 13:25:00,1.187095,1.187605,1.186335,1.186575,0
2026-05-27 13:30:00,1.186565,1.187815,1.185815,1.187815,0
2026-05-27 13:35:00,1.187785,1.187815,1.185945,1.186015,0
2026-05-27 13:40:00,1.185955,1.188365,1.185515,1.187975,0
2026-05-27 13:45:00,1.187965,1.188415,1.186935,1.187735,0
2026-05-27 13:50:00,1.187725,1.187855,1.186545,1.187515,0
2026-05-27 13:55:00,1.187505,1.189435,1.187215,1.188955,0
2026-05-27 14:00:00,1.188935,1.190245,1.187985,1.188475,0
2026-05-27 14:05:00,1.188485,1.188775,1.187345,1.187415,0
2026-05-27 14:10:00,1.187405,1.187885,1.186555,1.186855,0
2026-05-27 14:15:00,1.186835,1.187565,1.186295,1.187485,0
2026-05-27 14:20:00,1.187505,1.187855,1.186715,1.187745,0
2026-05-27 14:25:00,1.187695,1.187695,1.186365,1.187005,0
2026-05-27 14:30:00,1.187015,1.188415,1.186845,1.187745,0
2026-05-27 14:35:00,1.187715,1.188585,1.186705,1.186905,0
2026-05-27 14:40:00,1.186875,1.186875,1.185665,1.186215,0
2026-05-27 14:45:00,1.186205,1.187195,1.185815,1.185955,0
2026-05-27 14:50:00,1.185945,1.186185,1.185225,1.185595,0
2026-05-27 14:55:00,1.185585,1.186095,1.184765,1.185355,0
2026-05-27 15:00:00,1.185325,1.186595,1.185325,1.186135,0
2026-05-27 15:05:00,1.186075,1.186155,1.184595,1.185085,0
2026-05-27 15:10:00,1.185055,1.185185,1.184275,1.184325,0
2026-05-27 15:15:00,1.184335,1.185595,1.184115,1.185105,0
2026-05-27 15:20:00,1.185085,1.185455,1.184265,1.184565,0
2026-05-27 15:25:00,1.184555,1.184955,1.183565,1.184235,0
2026-05-27 15:30:00,1.184225,1.185635,1.183835,1.185315,0
2026-05-27 15:35:00,1.185325,1.185645,1.184125,1.184495,0
2026-05-27 15:40:00,1.184485,1.184775,1.183395,1.184145,0
2026-05-27 15:45:00,1.184125,1.184655,1.183405,1.183635,0
2026-05-27 15:50:00,1.183625,1.185635,1.183445,1.184725,0
2026-05-27 15:55:00,1.184705,1.185905,1.184705,1.185665,0
2026-05-27 16:00:00,1.185685,1.186605,1.184405,1.186505,0
2026-05-27 16:05:00,1.186495,1.188135,1.185805,1.188105,0
2026-05-27 16:10:00,1.188005,1.190215,1.187675,1.190095,0
2026-05-27 16:15:00,1.190105,1.190665,1.189575,1.189805,0
2026-05-27 16:20:00,1.189825,1.191015,1.189815,1.190055,0
2026-05-27 16:25:00,1.189965,1.190065,1.189015,1.189735,0
2026-05-27 16:30:00,1.189745,1.190265,1.189215,1.189735,0
2026-05-27 16:35:00,1.189745,1.190675,1.189275,1.189595,0
2026-05-27 16:40:00,1.189555,1.190555,1.188915,1.190545,0
2026-05-27 16:45:00,1.190505,1.191485,1.190505,1.191275,0
2026-05-27 16:50:00,1.191235,1.192885,1.190465,1.192825,0
2026-05-27 16:55:00,1.192795,1.193035,1.191245,1.191795,0
2026-05-27 17:00:00,1.191825,1.192315,1.191105,1.191735,0
2026-05-27 17:05:00,1.191725,1.192075,1.190745,1.191935,0
2026-05-27 17:10:00,1.191915,1.192015,1.191225,1.191565,0
2026-05-27 17:15:00,1.191525,1.191945,1.190605,1.190985,0
2026-05-27 17:20:00,1.191005,1.191585,1.190585,1.190985,0
2026-05-27 17:25:00,1.191045,1.191455,1.188965,1.189145,0
2026-05-27 17:30:00,1.189165,1.189445,1.186985,1.188055,0
2026-05-27 17:35:00,1.188075,1.188775,1.187075,1.187315,0
2026-05-27 17:40:00,1.187335,1.189915,1.187325,1.189735,0
2026-05-27 17:45:00,1.189725,1.190085,1.189005,1.189825,0
2026-05-27 17:50:00,1.189815,1.190205,1.189235,1.190025,0
2026-05-27 17:55:00,1.190075,1.190195,1.189055,1.189685,0
2026-05-27 18:00:00,1.189625,1.189915,1.188875,1.189655,0
2026-05-27 18:05:00,1.189645,1.189975,1.188905,1.189115,0
2026-05-27 18:10:00,1.189095,1.190225,1.189025,1.189265,0
2026-05-27 18:15:00,1.189285,1.189575,1.188475,1.189245,0
2026-05-27 18:20:00,1.189255,1.190335,1.188575,1.189445,0
2026-05-27 18:25:00,1.189435,1.190235,1.189135,1.189485,0
2026-05-27 18:30:00,1.189505,1.190165,1.188795,1.188795,0
2026-05-27 18:35:00,1.188775,1.189115,1.187875,1.188755,0
2026-05-27 18:40:00,1.188775,1.188995,1.187545,1.187905,0
2026-05-27 18:45:00,1.187865,1.189635,1.187695,1.189105,0
2026-05-27 18:50:00,1.189135,1.189445,1.187345,1.187345,0
2026-05-27 18:55:00,1.187325,1.187355,1.186075,1.186815,0
2026-05-27 19:00:00,1.186775,1.187825,1.186205,1.187495,0
2026-05-27 19:05:00,1.187445,1.187675,1.185945,1.186645,0
2026-05-27 19:10:00,1.186615,1.186685,1.185045,1.185855,0
2026-05-27 19:15:00,1.185845,1.185845,1.184255,1.184565,0
2026-05-27 19:20:00,1.184615,1.184705,1.183745,1.183915,0
2026-05-27 19:25:00,1.183975,1.184945,1.182835,1.183355,0
2026-05-27 19:30:00,1.183345,1.183775,1.182755,1.183145,0
2026-05-27 19:35:00,1.183165,1.183995,1.182365,1.183745,0
2026-05-27 19:40:00,1.183685,1.183905,1.181785,1.181865,0
2026-05-27 19:45:00,1.181885,1.182685,1.181605,1.181605,0
2026-05-27 19:50:00,1.181665,1.182835,1.181525,1.181945,0
2026-05-27 19:55:00,1.181965,1.182945,1.181865,1.182675,0
2026-05-27 20:00:00,1.182705,1.182935,1.180485,1.180785,0
2026-05-27 20:05:00,1.180805,1.182415,1.180725,1.181135,0
2026-05-27 20:10:00,1.181115,1.182075,1.180155,1.181625,0
2026-05-27 20:15:00,1.181695,1.182265,1.180985,1.182255,0
2026-05-27 20:20:00,1.182305,1.184205,1.182305,1.183185,0
2026-05-27 20:25:00,1.183215,1.183935,1.182785,1.183845,0
2026-05-27 20:30:00,1.183875,1.185195,1.183835,1.184505,0
2026-05-27 20:35:00,1.184555,1.185875,1.184195,1.185215,0
2026-05-27 20:40:00,1.185255,1.185655,1.183845,1.185605,0
2026-05-27 20:45:00,1.185635,1.187185,1.185595,1.186835,0
2026-05-27 20:50:00,1.186875,1.188015,1.186715,1.188005,0
2026-05-27 20:55:00,1.187985,1.188605,1.187555,1.188175,0
2026-05-27 21:00:00,1.188165,1.190245,1.188095,1.189985,0
2026-05-27 21:05:00,1.190015,1.190045,1.188775,1.189595,0
2026-05-27 21:10:00,1.189575,1.190215,1.188785,1.189555,0
2026-05-27 21:15:00,1.189515,1.189665,1.188445,1.189575,0
2026-05-27 21:20:00,1.189565,1.189815,1.188465,1.188675,0
2026-05-27 21:25:00,1.188705,1.189525,1.188435,1.189445,0
2026-05-27 21:30:00,1.189495,1.189995,1.187865,1.187955,0
2026-05-27 21:35:00,1.187995,1.188965,1.187445,1.187945,0
2026-05-27 21:40:00,1.187955,1.188645,1.186955,1.187675,0
2026-05-27 21:45:00,1.187735,1.189425,1.187725,1.188475,0
2026-05-27 21:50:00,1.188445,1.189975,1.188215,1.189355,0
2026-05-27 21:55:00,1.189275,1.190975,1.189225,1.190865,0
2026-05-27 22:00:00,1.190875,1.191335,1.190175,1.190705,0
2026-05-27 22:05:00,1.190725,1.191365,1.190425,1.190955,0
2026-05-27 22:10:00,1.190975,1.192025,1.190675,1.191795,0
2026-05-27 22:15:00,1.191765,1.193355,1.191505,1.192275,0
2026-05-27 22:20:00,1.192295,1.193045,1.191895,1.192885,0
2026-05-27 22:25:00,1.192895,1.193245,1.192365,1.192455,0
2026-05-27 22:30:00,1.192375,1.194755,1.192315,1.194445,0
2026-05-27 22:35:00,1.194415,1.195175,1.193965,1.194615,0
2026-05-27 22:40:00,1.194625,1.195635,1.193745,1.195495,0
2026-05-27 22:45:00,1.195465,1.196115,1.194695,1.194695,0
2026-05-27 22:50:00,1.194675,1.195235,1.194195,1.194195,0
2026-05-27 22:55:00,1.194215,1.195865,1.194135,1.195465,0
2026-05-27 23:00:00,1.195445,1.196745,1.195445,1.196275,0
2026-05-27 23:05:00,1.196225,1.198865,1.196155,1.198605,0
2026-05-27 23:10:00,1.198625,1.199335,1.198055,1.199205,0
2026-05-27 23:15:00,1.199185,1.199685,1.197935,1.198055,0
2026-05-27 23:20:00,1.198075,1.198075,1.196885,1.197225,0
2026-05-27 23:25:00,1.197245,1.197505,1.196215,1.196445,0
2026-05-27 23:30:00,1.196435,1.196555,1.194995,1.195215,0
2026-05-27 23:35:00,1.195205,1.196125,1.194675,1.195385,0
2026-05-27 23:40:00,1.195425,1.196065,1.194915,1.195525,0
2026-05-27 23:45:00,1.195495,1.195615,1.193985,1.194335,0
2026-05-27 23:50:00,1.194345,1.196625,1.194345,1.196025,0
2026-05-27 23:55:00,1.195985,1.196775,1.195805,1.196135,0
2026-05-28 00:00:00,1.196145,1.196635,1.195425,1.196475,0
2026-05-28 00:05:00,1.196465,1.196685,1.195695,1.196395,0
2026-05-28 00:10:00,1.196385,1.197915,1.196025,1.197905,0
2026-05-28 00:15:00,1.197915,1.197945,1.196395,1.197525,0
2026-05-28 00:20:00,1.197475,1.198265,1.197165,1.197425,0
2026-05-28 00:25:00,1.197455,1.197975,1.196835,1.197195,0
2026-05-28 00:30:00,1.197205,1.197865,1.196935,1.197795,0
2026-05-28 00:35:00,1.197855,1.198725,1.197175,1.197175,0
2026-05-28 00:40:00,1.197315,1.199345,1.197185,1.199245,0
2026-05-28 00:45:00,1.199235,1.200255,1.198925,1.199595,0
2026-05-28 00:50:00,1.199565,1.200095,1.198685,1.199715,0
2026-05-28 00:55:00,1.199765,1.201185,1.199715,1.200945,0
2026-05-28 01:00:00,1.200965,1.201055,1.198905,1.199175,0
2026-05-28 01:05:00,1.199215,1.199495,1.198025,1.199075,0
2026-05-28 01:10:00,1.199005,1.200445,1.199005,1.199775,0
2026-05-28 01:15:00,1.199755,1.200105,1.198405,1.199275,0
2026-05-28 01:20:00,1.199315,1.199975,1.198545,1.198935,0
2026-05-28 01:25:00,1.199005,1.199255,1.196835,1.196955,0
2026-05-28 01:30:00,1.196895,1.197735,1.196585,1.197645,0
2026-05-28 01:35:00,1.197495,1.197985,1.196755,1.197695,0
2026-05-28 01:40:00,1.197735,1.198415,1.196945,1.197855,0
2026-05-28 01:45:00,1.197805,1.199395,1.197725,1.199045,0
2026-05-28 01:50:00,1.199055,1.199605,1.197265,1.198725,0
2026-05-28 01:55:00,1.198765,1.198995,1.197875,1.198085,0
2026-05-28 02:00:00,1.198105,1.198925,1.197535,1.198395,0
2026-05-28 02:05:00,1.198425,1.199515,1.198045,1.198325,0
2026-05-28 02:10:00,1.198335,1.198865,1.197425,1.198305,0
2026-05-28 02:15:00,1.198345,1.199275,1.197495,1.197785,0
2026-05-28 02:20:00,1.197775,1.198495,1.197195,1.198175,0
2026-05-28 02:25:00,1.198155,1.198155,1.196575,1.197125,0
2026-05-28 02:30:00,1.197105,1.198795,1.196895,1.197955,0
2026-05-28 02:35:00,1.197945,1.198255,1.196735,1.197805,0
2026-05-28 02:40:00,1.197795,1.198005,1.196845,1.197555,0
2026-05-28 02:45:00,1.197545,1.198735,1.196985,1.197005,0
2026-05-28 02:50:00,1.196985,1.197925,1.196975,1.197515,0
2026-05-28 02:55:00,1.197495,1.197965,1.196425,1.196725,0
2026-05-28 03:00:00,1.196765,1.197115,1.194655,1.194695,0
2026-05-28 03:05:00,1.194715,1.195405,1.194215,1.194305,0
2026-05-28 03:10:00,1.194325,1.195245,1.193955,1.194865,0
2026-05-28 03:15:00,1.194905,1.195705,1.194635,1.195205,0
2026-05-28 03:20:00,1.195225,1.196015,1.194625,1.195225,0
2026-05-28 03:25:00,1.195165,1.196085,1.194565,1.195975,0
2026-05-28 03:30:00,1.195955,1.196215,1.193995,1.194535,0
2026-05-28 03:35:00,1.194555,1.196695,1.194105,1.195855,0
2026-05-28 03:40:00,1.195815,1.196625,1.194975,1.195305,0
2026-05-28 03:45:00,1.195315,1.195545,1.194005,1.194235,0
2026-05-28 03:50:00,1.194265,1.194265,1.193055,1.193395,0
2026-05-28 03:55:00,1.193415,1.193615,1.191555,1.191585,0
2026-05-28 04:00:00,1.191575,1.192185,1.189865,1.189865,0
2026-05-28 04:05:00,1.189875,1.190285,1.188885,1.189405,0
2026-05-28 04:10:00,1.189395,1.189675,1.188615,1.188715,0
2026-05-28 04:15:00,1.188725,1.189105,1.187325,1.187325,0
2026-05-28 04:20:00,1.187335,1.187645,1.186345,1.187165,0
2026-05-28 04:25:00,1.187265,1.187445,1.185465,1.185685,0
2026-05-28 04:30:00,1.185715,1.186435,1.184705,1.186275,0
2026-05-28 04:35:00,1.186265,1.187215,1.185895,1.186385,0
2026-05-28 04:40:00,1.186395,1.188365,1.185815,1.188275,0
2026-05-28 04:45:00,1.188325,1.189425,1.187685,1.187995,0
2026-05-28 04:50:00,1.187955,1.188295,1.187175,1.187665,0
2026-05-28 04:55:00,1.187655,1.188895,1.187115,1.188245,0
2026-05-28 05:00:00,1.188275,1.190325,1.187905,1.190125,0
2026-05-28 05:05:00,1.190105,1.190275,1.188695,1.188745,0
2026-05-28 05:10:00,1.188765,1.190075,1.188455,1.189615,0
2026-05-28 05:15:00,1.189645,1.190305,1.188825,1.189805,0
2026-05-28 05:20:00,1.189825,1.190335,1.189155,1.189225,0
2026-05-28 05:25:00,1.189245,1.189815,1.188635,1.188795,0
2026-05-28 05:30:00,1.188755,1.189125,1.188045,1.188315,0
2026-05-28 05:35:00,1.188365,1.188575,1.187205,1.187365,0
2026-05-28 05:40:00,1.187375,1.187405,1.184305,1.184595,0
2026-05-28 05:45:00,1.184625,1.184775,1.183055,1.184205,0
2026-05-28 05:50:00,1.184235,1.184265,1.181975,1.183225,0
2026-05-28 05:55:00,1.183335,1.184885,1.182925,1.184625,0
2026-05-28 06:00:00,1.184635,1.184905,1.183475,1.184465,0
2026-05-28 06:05:00,1.184485,1.184775,1.183445,1.184035,0
2026-05-28 06:10:00,1.184025,1.184455,1.183565,1.184225,0
2026-05-28 06:15:00,1.184235,1.185075,1.183405,1.183455,0
2026-05-28 06:20:00,1.183435,1.184535,1.183095,1.183915,0
2026-05-28 06:25:00,1.183935,1.185055,1.183825,1.185055,0
2026-05-28 06:30:00,1.185065,1.185625,1.184575,1.184705,0
2026-05-28 06:35:00,1.184735,1.185845,1.184605,1.185475,0
2026-05-28 06:40:00,1.185445,1.186035,1.184795,1.184815,0
2026-05-28 06:45:00,1.184785,1.185185,1.183935,1.185065,0
2026-05-28 06:50:00,1.185035,1.185835,1.184685,1.184735,0
2026-05-28 06:55:00,1.184675,1.186455,1.184615,1.186035,0
2026-05-28 07:00:00,1.186075,1.187725,1.186035,1.187195,0
2026-05-28 07:05:00,1.187285,1.188045,1.186605,1.187995,0
2026-05-28 07:10:00,1.188035,1.190475,1.187925,1.190395,0
2026-05-28 07:15:00,1.190375,1.190595,1.188035,1.188065,0
2026-05-28 07:20:00,1.188075,1.188905,1.186865,1.187555,0
2026-05-28 07:25:00,1.187575,1.187805,1.186765,1.187805,0
2026-05-28 07:30:00,1.187785,1.189155,1.187665,1.187925,0
2026-05-28 07:35:00,1.187915,1.188265,1.186375,1.186585,0
2026-05-28 07:40:00,1.186615,1.187655,1.186575,1.186885,0
2026-05-28 07:45:00,1.186935,1.187405,1.186275,1.187045,0
2026-05-28 07:50:00,1.187055,1.187935,1.186275,1.187395,0
2026-05-28 07:55:00,1.187425,1.188455,1.187175,1.187905,0
2026-05-28 08:00:00,1.187865,1.188025,1.186515,1.187365,0
2026-05-28 08:10:00,1.187365,1.187365,1.161415,1.163025,0
2026-05-28 08:15:00,1.162995,1.163935,1.162545,1.163115,0
2026-05-28 08:20:00,1.163095,1.163615,1.162055,1.162535,0
2026-05-28 08:25:00,1.162555,1.162715,1.161525,1.161705,0
2026-05-28 08:30:00,1.161715,1.163515,1.161625,1.162375,0
2026-05-28 08:35:00,1.162355,1.162455,1.160615,1.160675,0
2026-05-28 08:40:00,1.160645,1.161165,1.159975,1.160395,0
2026-05-28 08:45:00,1.160415,1.161025,1.158725,1.158995,0
2026-05-28 08:50:00,1.158985,1.160205,1.158835,1.159315,0
2026-05-28 08:55:00,1.159295,1.160865,1.159075,1.160265,0
2026-05-28 09:00:00,1.160245,1.160735,1.158775,1.158775,0
2026-05-28 09:05:00,1.158755,1.160085,1.158655,1.159405,0
2026-05-28 09:10:00,1.159475,1.159625,1.158165,1.159405,0
2026-05-28 09:15:00,1.159355,1.159635,1.158675,1.158885,0
2026-05-28 09:20:00,1.158895,1.159925,1.156925,1.156995,0
2026-05-28 09:25:00,1.157035,1.157225,1.156085,1.156325,0
2026-05-28 09:30:00,1.156315,1.156595,1.155435,1.155745,0
2026-05-28 09:35:00,1.155735,1.155945,1.154985,1.155795,0
2026-05-28 09:40:00,1.155735,1.156205,1.154965,1.156015,0
2026-05-28 09:45:00,1.156025,1.156025,1.154265,1.154485,0
2026-05-28 09:50:00,1.154505,1.155085,1.152625,1.153015,0
2026-05-28 09:55:00,1.153025,1.153795,1.152965,1.153525,0
2026-05-28 10:00:00,1.153545,1.154345,1.153135,1.153815,0
2026-05-28 10:05:00,1.153775,1.154555,1.153585,1.154535,0
2026-05-28 10:10:00,1.154545,1.155395,1.154025,1.154575,0
2026-05-28 10:15:00,1.154535,1.154955,1.154005,1.154175,0
2026-05-28 10:20:00,1.154185,1.154645,1.153195,1.154535,0
2026-05-28 10:25:00,1.154525,1.154525,1.152395,1.152405,0
2026-05-28 10:30:00,1.152425,1.153035,1.151645,1.152945,0
2026-05-28 10:35:00,1.152905,1.154105,1.152545,1.154005,0
2026-05-28 10:40:00,1.153995,1.154295,1.153345,1.153475,0
2026-05-28 10:45:00,1.153495,1.154325,1.153085,1.153955,0
2026-05-28 10:50:00,1.153925,1.153965,1.152615,1.153265,0
2026-05-28 10:55:00,1.153245,1.153985,1.151735,1.151815,0
2026-05-28 11:00:00,1.151825,1.151935,1.149915,1.150265,0
2026-05-28 11:05:00,1.150245,1.150555,1.149355,1.149795,0
2026-05-28 11:10:00,1.149775,1.149945,1.149075,1.149695,0
2026-05-28 11:15:00,1.149705,1.149995,1.148705,1.149455,0
2026-05-28 11:20:00,1.149445,1.149885,1.148235,1.148395,0
2026-05-28 11:25:00,1.148425,1.148525,1.146995,1.147845,0
2026-05-28 11:30:00,1.147865,1.148515,1.147605,1.147685,0
2026-05-28 11:35:00,1.147675,1.149425,1.147665,1.149135,0
2026-05-28 11:40:00,1.149075,1.149765,1.147625,1.147855,0
2026-05-28 11:45:00,1.147845,1.148685,1.146835,1.147605,0
2026-05-28 11:50:00,1.147625,1.148975,1.147425,1.148825,0
2026-05-28 11:55:00,1.148835,1.150215,1.148725,1.150015,0
2026-05-28 12:00:00,1.149995,1.151085,1.149825,1.151005,0
2026-05-28 12:05:00,1.150995,1.153685,1.150925,1.153595,0
2026-05-28 12:10:00,1.153625,1.153905,1.151595,1.152235,0
2026-05-28 12:15:00,1.152345,1.153355,1.151525,1.153215,0
2026-05-28 12:20:00,1.153185,1.155705,1.153185,1.155415,0
2026-05-28 12:25:00,1.155405,1.155505,1.154525,1.154965,0
2026-05-28 12:30:00,1.154985,1.156515,1.154415,1.155025,0
2026-05-28 12:35:00,1.155035,1.155705,1.154545,1.155435,0
2026-05-28 12:40:00,1.155455,1.155575,1.154045,1.154045,0
2026-05-28 12:45:00,1.154025,1.154165,1.151945,1.152155,0
2026-05-28 12:50:00,1.152165,1.153045,1.151515,1.151965,0
2026-05-28 12:55:00,1.151975,1.152815,1.151675,1.152805,0
2026-05-28 13:00:00,1.152845,1.154205,1.152825,1.154015,0
2026-05-28 13:05:00,1.154065,1.155335,1.153485,1.155235,0
2026-05-28 13:10:00,1.155205,1.155575,1.153735,1.153835,0
2026-05-28 13:15:00,1.153825,1.154335,1.153085,1.153475,0
2026-05-28 13:20:00,1.153445,1.153605,1.152505,1.153495,0
2026-05-28 13:25:00,1.153475,1.154725,1.153345,1.154405,0
2026-05-28 13:30:00,1.154465,1.155355,1.154425,1.154945,0
2026-05-28 13:35:00,1.154955,1.155415,1.154585,1.155145,0
2026-05-28 13:40:00,1.155115,1.156375,1.154935,1.155305,0
2026-05-28 13:45:00,1.155315,1.155545,1.154405,1.154765,0
2026-05-28 13:50:00,1.154795,1.156805,1.154715,1.156105,0
2026-05-28 13:55:00,1.156155,1.159255,1.156135,1.159215,0
2026-05-28 14:00:00,1.159385,1.159935,1.158815,1.159575,0
2026-05-28 14:05:00,1.159555,1.160605,1.159255,1.160075,0
2026-05-28 14:10:00,1.160105,1.160275,1.158915,1.159805,0
2026-05-28 14:15:00,1.159785,1.161555,1.159665,1.160705,0
2026-05-28 14:20:00,1.160775,1.160985,1.159905,1.160505,0
2026-05-28 14:25:00,1.160545,1.161495,1.159955,1.160725,0
2026-05-28 14:30:00,1.160775,1.161405,1.160535,1.160645,0
2026-05-28 14:35:00,1.160625,1.161485,1.160455,1.160895,0
2026-05-28 14:40:00,1.160915,1.161195,1.159925,1.161075,0
2026-05-28 14:45:00,1.161115,1.161535,1.159675,1.160285,0
2026-05-28 14:50:00,1.160305,1.160725,1.159605,1.159785,0
2026-05-28 14:55:00,1.159775,1.159845,1.158395,1.158515,0
2026-05-28 15:00:00,1.158525,1.158525,1.156095,1.156325,0
2026-05-28 15:05:00,1.156315,1.158025,1.156175,1.157975,0
2026-05-28 15:10:00,1.157985,1.158855,1.157445,1.158445,0
2026-05-28 15:15:00,1.158395,1.158485,1.155345,1.155345,0
2026-05-28 15:20:00,1.155365,1.156225,1.154925,1.156085,0
2026-05-28 15:25:00,1.156055,1.156715,1.155335,1.155345,0
2026-05-28 15:30:00,1.155365,1.155735,1.154225,1.154755,0
2026-05-28 15:35:00,1.154735,1.155385,1.154145,1.154325,0
2026-05-28 15:40:00,1.154355,1.155185,1.154035,1.154545,0
2026-05-28 15:45:00,1.154505,1.155385,1.153905,1.155125,0
2026-05-28 15:50:00,1.155175,1.155615,1.154165,1.154425,0
2026-05-28 15:55:00,1.154415,1.155285,1.153775,1.154845,0
2026-05-28 16:00:00,1.154855,1.156485,1.154745,1.156375,0
2026-05-28 16:05:00,1.156425,1.156755,1.155265,1.156355,0
2026-05-28 16:10:00,1.156385,1.156645,1.155155,1.155595,0
2026-05-28 16:15:00,1.155605,1.155895,1.154665,1.155585,0
2026-05-28 16:20:00,1.155665,1.156315,1.154745,1.156245,0
2026-05-28 16:25:00,1.156265,1.157465,1.155795,1.156855,0
2026-05-28 16:30:00,1.156835,1.157445,1.156155,1.156925,0
2026-05-28 16:35:00,1.156885,1.157375,1.155855,1.157265,0
2026-05-28 16:40:00,1.157285,1.157285,1.155675,1.155825,0
2026-05-28 16:45:00,1.155805,1.156515,1.154735,1.154785,0
2026-05-28 16:50:00,1.154765,1.155455,1.154345,1.155345,0
2026-05-28 16:55:00,1.155335,1.155905,1.154615,1.155905,0
2026-05-28 17:00:00,1.155915,1.155985,1.154645,1.154975,0
2026-05-28 17:05:00,1.154945,1.155115,1.153995,1.154295,0
2026-05-28 17:10:00,1.154305,1.155705,1.154165,1.154845,0
2026-05-28 17:15:00,1.154855,1.154895,1.154195,1.154195,0
2026-05-28 17:20:00,1.154225,1.155425,1.153995,1.154685,0
2026-05-28 17:25:00,1.154665,1.155425,1.154155,1.155305,0
2026-05-28 17:30:00,1.155375,1.155975,1.154965,1.155265,0
2026-05-28 17:35:00,1.155245,1.156965,1.155245,1.156635,0
2026-05-28 17:40:00,1.156645,1.157035,1.155925,1.156185,0
2026-05-28 17:45:00,1.156165,1.157255,1.154665,1.154915,0
2026-05-28 17:50:00,1.154905,1.155835,1.153705,1.154035,0
2026-05-28 17:55:00,1.154045,1.155305,1.153865,1.154635,0
2026-05-28 18:00:00,1.154595,1.155925,1.154495,1.155685,0
2026-05-28 18:05:00,1.155675,1.156175,1.154365,1.154905,0
2026-05-28 18:10:00,1.154925,1.155515,1.154455,1.155455,0
2026-05-28 18:15:00,1.155505,1.157075,1.155375,1.156955,0
2026-05-28 18:20:00,1.156865,1.158165,1.156545,1.157885,0
2026-05-28 18:25:00,1.157895,1.158095,1.157115,1.157705,0
2026-05-28 18:30:00,1.157745,1.158435,1.157455,1.157585,0
2026-05-28 18:35:00,1.157585,1.157645,1.156005,1.156375,0
2026-05-28 18:40:00,1.156355,1.156665,1.155225,1.155705,0
2026-05-28 18:45:00,1.155715,1.156795,1.155515,1.156315,0
2026-05-28 18:50:00,1.156275,1.156485,1.155155,1.155665,0
2026-05-28 18:55:00,1.155655,1.155775,1.154355,1.154375,0
2026-05-28 19:00:00,1.154355,1.155445,1.154265,1.154865,0
2026-05-28 19:05:00,1.154855,1.154975,1.152065,1.153065,0
2026-05-28 19:10:00,1.153045,1.153085,1.151605,1.151815,0
2026-05-28 19:15:00,1.151825,1.153125,1.151675,1.152295,0
2026-05-28 19:20:00,1.152315,1.152405,1.151315,1.151485,0
2026-05-28 19:25:00,1.151465,1.151835,1.150655,1.150775,0
2026-05-28 19:30:00,1.150815,1.152935,1.150795,1.151985,0
2026-05-28 19:35:00,1.152005,1.152125,1.151085,1.151235,0
2026-05-28 19:40:00,1.151205,1.151465,1.149685,1.150245,0
2026-05-28 19:45:00,1.150265,1.151155,1.149675,1.150395,0
2026-05-28 19:50:00,1.150385,1.151075,1.149925,1.150775,0
2026-05-28 19:55:00,1.150785,1.151315,1.149145,1.149625,0
2026-05-28 20:00:00,1.149595,1.149785,1.148675,1.148745,0
2026-05-28 20:05:00,1.148725,1.149185,1.147895,1.148945,0
2026-05-28 20:10:00,1.148935,1.149095,1.147965,1.148835,0
2026-05-28 20:15:00,1.148825,1.150085,1.148805,1.150085,0
2026-05-28 20:20:00,1.150065,1.150105,1.148645,1.148805,0
2026-05-28 20:25:00,1.148785,1.148945,1.146095,1.146125,0
2026-05-28 20:30:00,1.146105,1.146355,1.144725,1.145105,0
2026-05-28 20:35:00,1.145185,1.145245,1.143845,1.145045,0
2026-05-28 20:40:00,1.144955,1.145835,1.144755,1.145065,0
2026-05-28 20:45:00,1.145075,1.145345,1.143735,1.144265,0
2026-05-28 20:50:00,1.144275,1.145695,1.144125,1.144855,0
2026-05-28 20:55:00,1.144845,1.145085,1.143535,1.144045,0
2026-05-28 21:00:00,1.143995,1.144565,1.143295,1.143835,0
2026-05-28 21:05:00,1.143845,1.145825,1.143605,1.145345,0
2026-05-28 21:10:00,1.145355,1.147265,1.145225,1.147235,0
2026-05-28 21:15:00,1.147215,1.147295,1.145155,1.145395,0
2026-05-28 21:20:00,1.145405,1.146065,1.144955,1.145155,0
2026-05-28 21:25:00,1.145215,1.145735,1.144815,1.145395,0
2026-05-28 21:30:00,1.145385,1.146535,1.145365,1.145595,0
2026-05-28 21:35:00,1.145585,1.147705,1.145455,1.147605,0
2026-05-28 21:40:00,1.147705,1.148765,1.147705,1.148735,0
2026-05-28 21:45:00,1.148745,1.149285,1.148555,1.148745,0
2026-05-28 21:50:00,1.148715,1.149125,1.146455,1.147415,0
2026-05-28 21:55:00,1.147435,1.149295,1.147385,1.148745,0
2026-05-28 22:00:00,1.148645,1.150305,1.148505,1.150095,0
2026-05-28 22:05:00,1.150075,1.150075,1.148045,1.148255,0
2026-05-28 22:10:00,1.148215,1.149025,1.147845,1.148635,0
2026-05-28 22:15:00,1.148695,1.150475,1.148475,1.150305,0
2026-05-28 22:20:00,1.150295,1.150985,1.149005,1.149115,0
2026-05-28 22:25:00,1.149185,1.149195,1.147385,1.147385,0
2026-05-28 22:30:00,1.147375,1.147595,1.145875,1.146175,0
2026-05-28 22:35:00,1.146215,1.147595,1.146215,1.147095,0
2026-05-28 22:40:00,1.147085,1.147425,1.146515,1.147225,0
2026-05-28 22:45:00,1.147255,1.148515,1.146675,1.148245,0
2026-05-28 22:50:00,1.148215,1.149545,1.147845,1.148915,0
2026-05-28 22:55:00,1.148885,1.149655,1.148765,1.149395,0
2026-05-28 23:00:00,1.149595,1.149705,1.148925,1.149385,0
2026-05-28 23:05:00,1.149425,1.150415,1.148205,1.148505,0
2026-05-28 23:10:00,1.148525,1.148545,1.146345,1.146595,0
2026-05-28 23:15:00,1.146585,1.148685,1.146455,1.148345,0
2026-05-28 23:20:00,1.148365,1.148605,1.147345,1.147405,0
2026-05-28 23:25:00,1.147435,1.148255,1.147285,1.147495,0
2026-05-28 23:30:00,1.147485,1.148935,1.147075,1.148935,0
2026-05-28 23:35:00,1.148945,1.149245,1.148215,1.149145,0
2026-05-28 23:40:00,1.149155,1.151105,1.148895,1.150875,0
2026-05-28 23:45:00,1.150865,1.152595,1.150865,1.152315,0
2026-05-28 23:50:00,1.152305,1.152775,1.151835,1.152725,0
2026-05-28 23:55:00,1.152645,1.152725,1.149625,1.149735,0
2026-05-29 00:00:00,1.149715,1.149905,1.147965,1.148175,0
2026-05-29 00:05:00,1.148185,1.149245,1.147905,1.148795,0
2026-05-29 00:10:00,1.148785,1.149305,1.148075,1.148535,0
2026-05-29 00:15:00,1.148575,1.149465,1.147885,1.148475,0
2026-05-29 00:20:00,1.148505,1.149865,1.148445,1.148905,0
2026-05-29 00:25:00,1.148895,1.149735,1.148725,1.149185,0
2026-05-29 00:30:00,1.149175,1.149865,1.148945,1.149445,0
2026-05-29 00:35:00,1.149425,1.149545,1.148275,1.148615,0
2026-05-29 00:40:00,1.148605,1.148965,1.147305,1.147875,0
2026-05-29 00:45:00,1.147865,1.147915,1.146155,1.146515,0
2026-05-29 00:50:00,1.146495,1.147355,1.146065,1.146825,0
2026-05-29 00:55:00,1.146845,1.148135,1.146845,1.147565,0
2026-05-29 01:00:00,1.147615,1.148475,1.146605,1.146605,0
2026-05-29 01:05:00,1.146615,1.147845,1.146065,1.147365,0
2026-05-29 01:10:00,1.147345,1.147995,1.146745,1.147415,0
2026-05-29 01:15:00,1.147445,1.148455,1.146955,1.147735,0
2026-05-29 01:20:00,1.147755,1.148355,1.147185,1.147825,0
2026-05-29 01:25:00,1.147715,1.149125,1.147625,1.148795,0
2026-05-29 01:30:00,1.148775,1.149195,1.147545,1.147565,0
2026-05-29 01:35:00,1.147525,1.148095,1.147015,1.147505,0
2026-05-29 01:40:00,1.147515,1.148845,1.147325,1.148665,0
2026-05-29 01:45:00,1.148645,1.149965,1.147945,1.149605,0
2026-05-29 01:50:00,1.149555,1.149745,1.148585,1.148975,0
2026-05-29 01:55:00,1.148955,1.149965,1.148875,1.149665,0
2026-05-29 02:00:00,1.149655,1.149685,1.147395,1.147635,0
2026-05-29 02:05:00,1.147615,1.148005,1.147115,1.147635,0
2026-05-29 02:10:00,1.147655,1.148795,1.147655,1.148635,0
2026-05-29 02:15:00,1.148605,1.149575,1.147495,1.147845,0
2026-05-29 02:20:00,1.147895,1.148305,1.147155,1.148225,0
2026-05-29 02:25:00,1.148185,1.148805,1.147645,1.148675,0
2026-05-29 02:30:00,1.148695,1.149025,1.147795,1.147805,0
2026-05-29 02:35:00,1.147765,1.148175,1.145355,1.145635,0
2026-05-29 02:40:00,1.145585,1.145675,1.144655,1.145345,0
2026-05-29 02:45:00,1.145315,1.147055,1.145025,1.145035,0
2026-05-29 02:50:00,1.145065,1.145275,1.143465,1.143465,0
2026-05-29 02:55:00,1.143455,1.143945,1.142835,1.143105,0
2026-05-29 03:00:00,1.143115,1.143425,1.142645,1.142745,0
2026-05-29 03:05:00,1.142705,1.142995,1.141545,1.141835,0
2026-05-29 03:10:00,1.141815,1.142305,1.140785,1.140795,0
2026-05-29 03:15:00,1.140755,1.141485,1.140235,1.141475,0
2026-05-29 03:20:00,1.141495,1.142385,1.141255,1.141375,0
2026-05-29 03:25:00,1.141365,1.142655,1.141365,1.142615,0
2026-05-29 03:30:00,1.142595,1.144335,1.142405,1.143225,0
2026-05-29 03:35:00,1.143305,1.144575,1.142955,1.144315,0
2026-05-29 03:40:00,1.144235,1.145095,1.143885,1.144625,0
2026-05-29 03:45:00,1.144645,1.144705,1.143755,1.144115,0
2026-05-29 03:50:00,1.144125,1.145635,1.143865,1.145235,0
2026-05-29 03:55:00,1.145245,1.146945,1.144935,1.146485,0
2026-05-29 04:00:00,1.146495,1.147565,1.146185,1.147275,0
2026-05-29 04:05:00,1.147265,1.147565,1.145235,1.145745,0
2026-05-29 04:10:00,1.145735,1.146225,1.145595,1.146085,0
2026-05-29 04:15:00,1.146115,1.146625,1.145205,1.146005,0
2026-05-29 04:20:00,1.146035,1.146225,1.145145,1.145425,0
2026-05-29 04:25:00,1.145415,1.145685,1.144445,1.145655,0
2026-05-29 04:30:00,1.145675,1.146645,1.145355,1.146305,0
2026-05-29 04:35:00,1.146295,1.146795,1.144875,1.145615,0
2026-05-29 04:40:00,1.145665,1.146685,1.145145,1.145235,0
2026-05-29 04:45:00,1.145195,1.146515,1.144625,1.146345,0
2026-05-29 04:50:00,1.146315,1.146335,1.144685,1.144835,0
2026-05-29 04:55:00,1.144815,1.145205,1.143285,1.143345,0
2026-05-29 05:00:00,1.143355,1.143905,1.142795,1.143235,0
2026-05-29 05:05:00,1.143225,1.144735,1.143135,1.144295,0
2026-05-29 05:10:00,1.144265,1.146215,1.143895,1.146135,0
2026-05-29 05:15:00,1.146105,1.146655,1.144675,1.144945,0
2026-05-29 05:20:00,1.144915,1.145115,1.143885,1.144145,0
2026-05-29 05:25:00,1.144165,1.145345,1.143735,1.145305,0
2026-05-29 05:30:00,1.145335,1.145915,1.144385,1.144455,0
2026-05-29 05:35:00,1.144405,1.145935,1.144115,1.145925,0
2026-05-29 05:40:00,1.145895,1.146965,1.145375,1.145495,0
2026-05-29 05:45:00,1.145525,1.146495,1.145025,1.145475,0
2026-05-29 05:50:00,1.145495,1.146195,1.145165,1.145885,0
2026-05-29 05:55:00,1.145875,1.148515,1.145575,1.148515,0
2026-05-29 06:00:00,1.148535,1.148565,1.146715,1.146765,0
2026-05-29 06:05:00,1.146755,1.147295,1.146025,1.146115,0
2026-05-29 06:10:00,1.146145,1.148235,1.146025,1.148155,0
2026-05-29 06:15:00,1.148205,1.148705,1.147555,1.148265,0
2026-05-29 06:20:00,1.148295,1.148725,1.147545,1.148135,0
2026-05-29 06:25:00,1.148165,1.149805,1.147845,1.149655,0
2026-05-29 06:30:00,1.149645,1.150085,1.149055,1.149935,0
2026-05-29 06:35:00,1.149955,1.149955,1.149045,1.149425,0
2026-05-29 06:40:00,1.149495,1.149515,1.148235,1.149265,0
2026-05-29 06:45:00,1.149295,1.151035,1.148995,1.150645,0
2026-05-29 06:50:00,1.150615,1.150825,1.149095,1.149995,0
2026-05-29 06:55:00,1.150005,1.151045,1.149985,1.150415,0
2026-05-29 07:00:00,1.150385,1.151795,1.150155,1.151155,0
2026-05-29 07:05:00,1.151175,1.151785,1.150595,1.150865,0
2026-05-29 07:10:00,1.150845,1.153135,1.150645,1.152885,0
2026-05-29 07:15:00,1.152875,1.153125,1.152215,1.152985,0
2026-05-29 07:20:00,1.152975,1.153545,1.152365,1.153195,0
2026-05-29 07:25:00,1.153235,1.154775,1.152815,1.154565,0
2026-05-29 07:30:00,1.154555,1.154565,1.152595,1.153575,0
2026-05-29 07:35:00,1.153545,1.154285,1.153105,1.154005,0
2026-05-29 07:40:00,1.153985,1.154015,1.152535,1.153775,0
2026-05-29 07:45:00,1.153735,1.153755,1.152565,1.152695,0
2026-05-29 07:50:00,1.152675,1.155645,1.152645,1.155525,0
2026-05-29 07:55:00,1.155515,1.156335,1.155335,1.155665,0
2026-05-29 08:00:00,1.155675,1.156445,1.155315,1.155465,0
2026-05-29 08:10:00,1.155465,1.163705,1.155465,1.163175,0
2026-05-29 08:15:00,1.163205,1.165645,1.162975,1.165355,0
2026-05-29 08:20:00,1.165365,1.165885,1.164395,1.164925,0
2026-05-29 08:25:00,1.164915,1.166125,1.164735,1.165995,0
2026-05-29 08:30:00,1.165965,1.165965,1.164765,1.165145,0
2026-05-29 08:35:00,1.165115,1.166465,1.165065,1.166455,0
2026-05-29 08:40:00,1.166445,1.167165,1.165615,1.166315,0
2026-05-29 08:45:00,1.166325,1.166485,1.165385,1.165545,0
2026-05-29 08:50:00,1.165535,1.166335,1.164995,1.165365,0
2026-05-29 08:55:00,1.165395,1.167465,1.165355,1.166895,0
2026-05-29 09:00:00,1.166845,1.167125,1.165835,1.166645,0
2026-05-29 09:05:00,1.166655,1.167395,1.166025,1.166075,0
2026-05-29 09:10:00,1.166105,1.167055,1.165835,1.166375,0
2026-05-29 09:15:00,1.166405,1.167235,1.166005,1.166665,0
2026-05-29 09:20:00,1.166655,1.167165,1.165565,1.166985,0
2026-05-29 09:25:00,1.167005,1.167575,1.166315,1.167325,0
2026-05-29 09:30:00,1.167365,1.168845,1.166585,1.168845,0
2026-05-29 09:35:00,1.168855,1.168925,1.167475,1.167865,0
2026-05-29 09:40:00,1.167875,1.169145,1.167875,1.169125,0
2026-05-29 09:45:00,1.169115,1.170405,1.168355,1.170135,0
2026-05-29 09:50:00,1.170155,1.171935,1.170145,1.171495,0
2026-05-29 09:55:00,1.171465,1.172485,1.171125,1.172445,0
2026-05-29 10:00:00,1.172475,1.172975,1.171665,1.172095,0
2026-05-29 10:05:00,1.172065,1.174045,1.172015,1.172225,0
2026-05-29 10:10:00,1.172285,1.172425,1.170945,1.171125,0
2026-05-29 10:15:00,1.171115,1.171825,1.169305,1.169305,0
2026-05-29 10:20:00,1.169325,1.169585,1.167825,1.167835,0
2026-05-29 10:25:00,1.167855,1.168235,1.165615,1.165845,0
2026-05-29 10:30:00,1.165865,1.166565,1.165435,1.165435,0
2026-05-29 10:35:00,1.165445,1.166715,1.165415,1.165935,0
2026-05-29 10:40:00,1.165955,1.165995,1.164235,1.165615,0
2026-05-29 10:45:00,1.165575,1.166405,1.165545,1.166115,0
2026-05-29 10:50:00,1.166085,1.167555,1.165865,1.167345,0
2026-05-29 10:55:00,1.167375,1.168155,1.166175,1.168075,0
2026-05-29 11:00:00,1.168045,1.168445,1.167385,1.168015,0
2026-05-29 11:05:00,1.168025,1.171015,1.167955,1.170905,0
2026-05-29 11:10:00,1.170875,1.171395,1.170405,1.170795,0
2026-05-29 11:15:00,1.170835,1.170915,1.169635,1.170465,0
2026-05-29 11:20:00,1.170485,1.171555,1.170425,1.171555,0
2026-05-29 11:25:00,1.171575,1.172175,1.170975,1.171085,0
2026-05-29 11:30:00,1.171065,1.171855,1.170595,1.170745,0
2026-05-29 11:35:00,1.170765,1.171815,1.170455,1.171415,0
2026-05-29 11:40:00,1.171355,1.171455,1.170415,1.170625,0
2026-05-29 11:45:00,1.170635,1.171255,1.169785,1.170685,0
2026-05-29 11:50:00,1.170705,1.171605,1.170205,1.171565,0
2026-05-29 11:55:00,1.171555,1.171655,1.170005,1.170825,0
2026-05-29 12:00:00,1.170845,1.171145,1.169715,1.170555,0
2026-05-29 12:05:00,1.170535,1.171015,1.169865,1.170375,0
2026-05-29 12:10:00,1.170345,1.170425,1.169015,1.169425,0
2026-05-29 12:15:00,1.169435,1.169855,1.168845,1.169425,0
2026-05-29 12:20:00,1.169385,1.169955,1.168645,1.169925,0
2026-05-29 12:25:00,1.169995,1.171925,1.169475,1.171785,0
2026-05-29 12:30:00,1.171795,1.171975,1.171005,1.171645,0
2026-05-29 12:35:00,1.171665,1.172005,1.170415,1.171535,0
2026-05-29 12:40:00,1.171555,1.171745,1.170815,1.171085,0
2026-05-29 12:45:00,1.171075,1.171515,1.170685,1.170725,0
2026-05-29 12:50:00,1.170785,1.172355,1.170735,1.172355,0
2026-05-29 12:55:00,1.172365,1.172785,1.171825,1.172215,0
2026-05-29 13:00:00,1.172205,1.172445,1.171115,1.171395,0
2026-05-29 13:05:00,1.171305,1.172685,1.171155,1.172285,0
2026-05-29 13:10:00,1.172295,1.172565,1.170235,1.170265,0
2026-05-29 13:15:00,1.170235,1.171355,1.169915,1.171355,0
2026-05-29 13:20:00,1.171375,1.171435,1.169865,1.171215,0
2026-05-29 13:25:00,1.171195,1.171585,1.170585,1.171305,0
2026-05-29 13:30:00,1.171295,1.173515,1.170975,1.173515,0
2026-05-29 13:35:00,1.173485,1.174285,1.172985,1.173465,0
2026-05-29 13:40:00,1.173445,1.173675,1.172565,1.172855,0
2026-05-29 13:45:00,1.172845,1.172875,1.171765,1.172085,0
2026-05-29 13:50:00,1.172065,1.172965,1.171515,1.172655,0
2026-05-29 13:55:00,1.172645,1.173045,1.171135,1.171185,0
2026-05-29 14:00:00,1.171235,1.173875,1.171085,1.173765,0
2026-05-29 14:05:00,1.173785,1.173905,1.172565,1.173365,0
2026-05-29 14:10:00,1.173395,1.174065,1.173055,1.173985,0
2026-05-29 14:15:00,1.173995,1.174035,1.172395,1.172425,0
2026-05-29 14:20:00,1.172445,1.173155,1.171875,1.172455,0
2026-05-29 14:25:00,1.172485,1.173045,1.171195,1.171265,0
2026-05-29 14:30:00,1.171275,1.171835,1.170415,1.170725,0
2026-05-29 14:35:00,1.170655,1.171445,1.169115,1.169325,0
2026-05-29 14:40:00,1.169335,1.169385,1.167535,1.167955,0
2026-05-29 14:45:00,1.167945,1.168585,1.167535,1.167715,0
2026-05-29 14:50:00,1.167725,1.168155,1.166195,1.166685,0
2026-05-29 14:55:00,1.166755,1.167355,1.166265,1.166935,0
2026-05-29 15:00:00,1.166925,1.166935,1.164995,1.164995,0
2026-05-29 15:05:00,1.164965,1.165745,1.164165,1.164905,0
2026-05-29 15:10:00,1.164925,1.165175,1.163865,1.164635,0
2026-05-29 15:15:00,1.164545,1.164685,1.163725,1.163845,0
2026-05-29 15:20:00,1.163855,1.165645,1.163665,1.165235,0
2026-05-29 15:25:00,1.165245,1.166375,1.165245,1.165725,0
2026-05-29 15:30:00,1.165705,1.166615,1.165325,1.165735,0
2026-05-29 15:35:00,1.165725,1.166365,1.165185,1.166025,0
2026-05-29 15:40:00,1.166035,1.166675,1.165565,1.165705,0
2026-05-29 15:45:00,1.165715,1.167855,1.165435,1.167515,0
2026-05-29 15:50:00,1.167505,1.168005,1.166575,1.166615,0
2026-05-29 15:55:00,1.166635,1.167345,1.166285,1.167095,0
2026-05-29 16:00:00,1.167105,1.168105,1.166945,1.167905,0
2026-05-29 16:05:00,1.167865,1.168985,1.167835,1.168875,0
2026-05-29 16:10:00,1.168885,1.169135,1.166035,1.166095,0
2026-05-29 16:15:00,1.166105,1.166805,1.165385,1.165665,0
2026-05-29 16:20:00,1.165675,1.166015,1.165175,1.165765,0
2026-05-29 16:25:00,1.165695,1.165965,1.164565,1.165205,0
2026-05-29 16:30:00,1.165145,1.165265,1.164255,1.164385,0
2026-05-29 16:35:00,1.164375,1.165975,1.164295,1.165725,0
2026-05-29 16:40:00,1.165685,1.165975,1.165105,1.165325,0
2026-05-29 16:45:00,1.165305,1.166515,1.165025,1.166085,0
2026-05-29 16:50:00,1.166085,1.166385,1.165145,1.165205,0
2026-05-29 16:55:00,1.165245,1.165525,1.163905,1.164185,0
2026-05-29 17:00:00,1.164215,1.165275,1.164065,1.164375,0
2026-05-29 17:05:00,1.164335,1.164535,1.161915,1.162475,0
2026-05-29 17:10:00,1.162535,1.163355,1.162365,1.162655,0
2026-05-29 17:15:00,1.162615,1.163105,1.161855,1.161995,0
2026-05-29 17:20:00,1.161905,1.162315,1.161205,1.161295,0
2026-05-29 17:25:00,1.161255,1.163145,1.160585,1.163145,0
2026-05-29 17:30:00,1.163185,1.164095,1.162765,1.164005,0
2026-05-29 17:35:00,1.164015,1.164285,1.163015,1.163205,0
2026-05-29 17:40:00,1.163195,1.163965,1.162125,1.163965,0
2026-05-29 17:45:00,1.163925,1.164835,1.163055,1.164755,0
2026-05-29 17:50:00,1.164765,1.165135,1.163825,1.164205,0
2026-05-29 17:55:00,1.164185,1.164575,1.163705,1.164485,0
2026-05-29 18:00:00,1.164455,1.164965,1.163905,1.164445,0
2026-05-29 18:05:00,1.164405,1.165025,1.163205,1.164245,0
2026-05-29 18:10:00,1.164255,1.164525,1.163535,1.164285,0
2026-05-29 18:15:00,1.164305,1.166125,1.164255,1.165975,0
2026-05-29 18:20:00,1.166005,1.167345,1.165935,1.167035,0
2026-05-29 18:25:00,1.167105,1.167315,1.166105,1.167115,0
2026-05-29 18:30:00,1.167135,1.167925,1.166625,1.167075,0
2026-05-29 18:35:00,1.167065,1.167795,1.166875,1.167255,0
2026-05-29 18:40:00,1.167245,1.168635,1.166955,1.168255,0
2026-05-29 18:45:00,1.168275,1.169395,1.167745,1.167975,0
2026-05-29 18:50:00,1.167965,1.168405,1.166915,1.168225,0
2026-05-29 18:55:00,1.168325,1.168325,1.165895,1.166555,0
2026-05-29 19:00:00,1.166565,1.168645,1.166535,1.167655,0
2026-05-29 19:05:00,1.167645,1.168195,1.167045,1.167775,0
2026-05-29 19:10:00,1.167785,1.168305,1.166905,1.167215,0
2026-05-29 19:15:00,1.167205,1.167325,1.165975,1.166345,0
2026-05-29 19:20:00,1.166315,1.166655,1.164385,1.165095,0
2026-05-29 19:25:00,1.165035,1.165375,1.163965,1.164015,0
2026-05-29 19:30:00,1.164005,1.164765,1.163025,1.163125,0
2026-05-29 19:35:00,1.163155,1.163545,1.161425,1.161475,0
2026-05-29 19:40:00,1.161445,1.161915,1.159525,1.159875,0
2026-05-29 19:45:00,1.159895,1.160235,1.159325,1.159925,0
2026-05-29 19:50:00,1.159905,1.161755,1.159635,1.160435,0
2026-05-29 19:55:00,1.160425,1.161165,1.160055,1.160445,0
2026-05-29 20:00:00,1.160475,1.162395,1.160235,1.161855,0
2026-05-29 20:05:00,1.161835,1.162915,1.161715,1.162555,0
2026-05-29 20:10:00,1.162575,1.162995,1.161655,1.162025,0
2026-05-29 20:15:00,1.162035,1.164875,1.161665,1.164565,0
2026-05-29 20:20:00,1.164545,1.164845,1.162985,1.163295,0
2026-05-29 20:25:00,1.163275,1.163685,1.161635,1.162185,0
2026-05-29 20:30:00,1.162115,1.163895,1.162075,1.163395,0
2026-05-29 20:35:00,1.163415,1.164505,1.162785,1.164485,0
2026-05-29 20:40:00,1.164455,1.165195,1.164235,1.164275,0
2026-05-29 20:45:00,1.164305,1.164485,1.163355,1.163825,0
2026-05-29 20:50:00,1.163895,1.165335,1.163165,1.165335,0
2026-05-29 20:55:00,1.165345,1.165405,1.163925,1.164135,0
2026-05-29 21:00:00,1.164145,1.165805,1.163975,1.164705,0
2026-05-29 21:05:00,1.164695,1.166325,1.164595,1.165855,0
2026-05-29 21:10:00,1.165875,1.166405,1.165325,1.165915,0
2026-05-29 21:15:00,1.165905,1.167845,1.165675,1.166965,0
2026-05-29 21:20:00,1.166995,1.168625,1.166965,1.168565,0
2026-05-29 21:25:00,1.168555,1.169085,1.167025,1.167065,0
2026-05-29 21:30:00,1.167055,1.167665,1.166525,1.167605,0
2026-05-29 21:35:00,1.167625,1.169165,1.167535,1.168765,0
2026-05-29 21:40:00,1.168745,1.169435,1.168095,1.168275,0
2026-05-29 21:45:00,1.168305,1.168435,1.166595,1.167235,0
2026-05-29 21:50:00,1.167255,1.167485,1.165415,1.165555,0
2026-05-29 21:55:00,1.165535,1.166535,1.164825,1.165715,0
2026-05-29 22:00:00,1.165735,1.166085,1.164915,1.165995,0
2026-05-29 22:05:00,1.165985,1.168105,1.165905,1.167435,0
2026-05-29 22:10:00,1.167445,1.168375,1.167085,1.168175,0
2026-05-29 22:15:00,1.168145,1.168235,1.167215,1.167765,0
2026-05-29 22:20:00,1.167755,1.168285,1.166995,1.167165,0
2026-05-29 22:25:00,1.167215,1.168355,1.166655,1.168315,0
2026-05-29 22:30:00,1.168295,1.170235,1.168295,1.170075,0
2026-05-29 22:35:00,1.170055,1.170395,1.169685,1.169745,0
2026-05-29 22:40:00,1.169735,1.171215,1.169225,1.169625,0
2026-05-29 22:45:00,1.169585,1.170005,1.168085,1.168265,0
2026-05-29 22:50:00,1.168255,1.169055,1.167145,1.167375,0
2026-05-29 22:55:00,1.167355,1.167485,1.166245,1.166575,0
2026-05-29 23:00:00,1.166585,1.166715,1.164635,1.164825,0
2026-05-29 23:05:00,1.164865,1.165415,1.164415,1.165335,0
2026-05-29 23:10:00,1.165365,1.165975,1.163505,1.163565,0
2026-05-29 23:15:00,1.163575,1.164165,1.162985,1.163665,0
2026-05-29 23:20:00,1.163645,1.164455,1.162785,1.162785,0
2026-05-29 23:25:00,1.162805,1.163275,1.162105,1.162465,0
2026-05-29 23:30:00,1.162435,1.163445,1.161855,1.162945,0
2026-05-29 23:35:00,1.163055,1.165105,1.162915,1.165015,0
2026-05-29 23:40:00,1.165055,1.165845,1.164575,1.165115,0
2026-05-29 23:45:00,1.165145,1.165655,1.164555,1.164845,0
2026-05-29 23:50:00,1.164835,1.165395,1.163405,1.163715,0
2026-05-29 23:55:00,1.163735,1.164525,1.163525,1.163735,0
2026-05-30 00:00:00,1.163775,1.163995,1.162915,1.163465,0
2026-05-30 00:05:00,1.163475,1.163975,1.162965,1.163265,0
2026-05-30 00:10:00,1.163245,1.165395,1.163155,1.164515,0
2026-05-30 00:15:00,1.164535,1.166585,1.164535,1.165965,0
2026-05-30 00:20:00,1.165955,1.167055,1.165775,1.166295,0
2026-05-30 00:25:00,1.166275,1.168205,1.165955,1.167255,0
2026-05-30 00:30:00,1.167225,1.167865,1.167035,1.167765,0
2026-05-30 00:35:00,1.167785,1.168835,1.167495,1.168015,0
2026-05-30 00:40:00,1.168045,1.168835,1.167035,1.168775,0
2026-05-30 00:45:00,1.168815,1.170595,1.168715,1.169235,0
2026-05-30 00:50:00,1.169245,1.171425,1.169185,1.171225,0
2026-05-30 00:55:00,1.171245,1.172705,1.170705,1.172565,0
2026-05-30 01:00:00,1.172555,1.173715,1.172425,1.173325,0
2026-05-30 01:05:00,1.173315,1.173955,1.172365,1.173755,0
2026-05-30 01:10:00,1.173715,1.173895,1.171945,1.172065,0
2026-05-30 01:15:00,1.172055,1.173425,1.172045,1.173125,0
2026-05-30 01:20:00,1.173105,1.174725,1.172865,1.174205,0
2026-05-30 01:25:00,1.174215,1.174775,1.173375,1.173645,0
2026-05-30 01:30:00,1.173635,1.174685,1.173145,1.174115,0
2026-05-30 01:35:00,1.174105,1.174625,1.173675,1.174365,0
2026-05-30 01:40:00,1.174355,1.175995,1.174355,1.175945,0
2026-05-30 01:45:00,1.176005,1.177345,1.175405,1.177045,0
2026-05-30 01:50:00,1.177005,1.178255,1.176555,1.178055,0
2026-05-30 01:55:00,1.178065,1.178515,1.177635,1.178195,0
2026-05-30 02:00:00,1.178185,1.178675,1.176425,1.176995,0
2026-05-30 02:05:00,1.177005,1.178315,1.176835,1.177165,0
2026-05-30 02:10:00,1.177215,1.178105,1.176905,1.177155,0
2026-05-30 02:15:00,1.177185,1.177715,1.176095,1.177635,0
2026-05-30 02:20:00,1.177625,1.178085,1.176435,1.176495,0
2026-05-30 02:25:00,1.176515,1.176615,1.174345,1.174385,0
2026-05-30 02:30:00,1.174395,1.174715,1.173385,1.173485,0
2026-05-30 02:35:00,1.173505,1.175885,1.172955,1.175815,0
2026-05-30 02:40:00,1.175825,1.176735,1.175225,1.176665,0
2026-05-30 02:45:00,1.176635,1.179295,1.176635,1.179205,0
2026-05-30 02:50:00,1.179245,1.179425,1.177655,1.178285,0
2026-05-30 02:55:00,1.178255,1.178815,1.177365,1.177665,0
2026-05-30 03:00:00,1.177675,1.178565,1.176815,1.176855,0
2026-05-30 03:05:00,1.176915,1.177375,1.175095,1.175335,0
2026-05-30 03:10:00,1.175325,1.176035,1.174815,1.175585,0
2026-05-30 03:15:00,1.175595,1.176455,1.175515,1.176005,0
2026-05-30 03:20:00,1.176015,1.177145,1.175835,1.176925,0
2026-05-30 03:25:00,1.176945,1.177615,1.176075,1.176385,0
2026-05-30 03:30:00,1.176365,1.176705,1.174925,1.175265,0
2026-05-30 03:35:00,1.175255,1.175405,1.174555,1.174695,0
2026-05-30 03:40:00,1.174715,1.174875,1.173585,1.174075,0
2026-05-30 03:45:00,1.174115,1.175055,1.173965,1.174815,0
2026-05-30 03:50:00,1.174825,1.175705,1.173945,1.174405,0
2026-05-30 03:55:00,1.174415,1.175485,1.174025,1.174445,0
2026-05-30 04:00:00,1.174405,1.176425,1.174055,1.175765,0
2026-05-30 04:05:00,1.175755,1.175915,1.174685,1.174685,0
2026-05-30 04:10:00,1.174665,1.176725,1.174375,1.176525,0
2026-05-30 04:15:00,1.176505,1.177695,1.176175,1.176405,0
2026-05-30 04:20:00,1.176325,1.176355,1.174685,1.175835,0
2026-05-30 04:25:00,1.176065,1.176435,1.175125,1.176365,0
2026-05-30 04:30:00,1.176405,1.177605,1.176355,1.177485,0
2026-05-30 04:35:00,1.177515,1.177675,1.175905,1.176125,0
2026-05-30 04:40:00,1.176105,1.176875,1.175545,1.175805,0
2026-05-30 04:45:00,1.175815,1.176365,1.173665,1.173745,0
2026-05-30 04:50:00,1.173765,1.174905,1.173545,1.174865,0
2026-05-30 04:55:00,1.174825,1.174845,1.172555,1.172655,0
2026-05-30 05:00:00,1.172675,1.173315,1.170965,1.171145,0
2026-05-30 05:05:00,1.171155,1.172515,1.170935,1.171325,0
2026-05-30 05:10:00,1.171315,1.171325,1.169345,1.170235,0
2026-05-30 05:15:00,1.170225,1.170255,1.168255,1.168345,0
2026-05-30 05:20:00,1.168365,1.168805,1.167375,1.168385,0
2026-05-30 05:25:00,1.168395,1.169455,1.168145,1.168215,0
2026-05-30 05:30:00,1.168255,1.168655,1.167275,1.168355,0
2026-05-30 05:35:00,1.168365,1.169175,1.167985,1.168315,0
2026-05-30 05:40:00,1.168335,1.169005,1.167775,1.168845,0
2026-05-30 05:45:00,1.168915,1.171125,1.168795,1.170195,0
2026-05-30 05:50:00,1.170105,1.171015,1.169825,1.170585,0
2026-05-30 05:55:00,1.170605,1.171005,1.169605,1.170115,0
2026-05-30 06:00:00,1.170135,1.172375,1.170045,1.172225,0
2026-05-30 06:05:00,1.172235,1.173145,1.171975,1.172585,0
2026-05-30 06:10:00,1.172575,1.174065,1.172375,1.174005,0
2026-05-30 06:15:00,1.173985,1.174025,1.172425,1.173235,0
2026-05-30 06:20:00,1.173155,1.173665,1.171725,1.171865,0
2026-05-30 06:25:00,1.171855,1.171865,1.169945,1.170775,0
2026-05-30 06:30:00,1.170785,1.171755,1.170625,1.171435,0
2026-05-30 06:35:00,1.171405,1.173395,1.171205,1.172755,0
2026-05-30 06:40:00,1.172765,1.172995,1.171975,1.172135,0
2026-05-30 06:45:00,1.172075,1.173525,1.172075,1.173185,0
2026-05-30 06:50:00,1.173145,1.173505,1.172455,1.172765,0
2026-05-30 06:55:00,1.172795,1.173995,1.172495,1.173695,0
2026-05-30 07:00:00,1.173665,1.173795,1.172075,1.173015,0
2026-05-30 07:05:00,1.172995,1.174035,1.171985,1.173645,0
2026-05-30 07:10:00,1.173625,1.174085,1.172625,1.172925,0
2026-05-30 07:15:00,1.172905,1.173985,1.172805,1.173705,0
2026-05-30 07:20:00,1.173695,1.175435,1.173355,1.173355,0
2026-05-30 07:25:00,1.173325,1.174175,1.172335,1.173715,0
2026-05-30 07:30:00,1.173665,1.175105,1.173665,1.175075,0
2026-05-30 07:35:00,1.175065,1.176945,1.175005,1.176915,0
2026-05-30 07:40:00,1.176935,1.177165,1.175425,1.176165,0
2026-05-30 07:45:00,1.176155,1.176745,1.175545,1.176665,0
2026-05-30 07:50:00,1.176675,1.176835,1.174925,1.176265,0
2026-05-30 07:55:00,1.176295,1.176805,1.175315,1.175915,0
2026-05-30 08:00:00,1.175875,1.176435,1.175115,1.175605,0
2026-05-30 08:10:00,1.175605,1.175605,1.165805,1.166935,0
2026-05-30 08:15:00,1.166895,1.167625,1.166235,1.166465,0
2026-05-30 08:20:00,1.166455,1.166765,1.165825,1.166295,0
2026-05-30 08:25:00,1.166285,1.167655,1.166195,1.167025,0
2026-05-30 08:30:00,1.167005,1.167525,1.165865,1.166165,0
2026-05-30 08:35:00,1.166235,1.166505,1.163905,1.164415,0
2026-05-30 08:40:00,1.164435,1.166175,1.164305,1.165655,0
2026-05-30 08:45:00,1.165715,1.166625,1.165205,1.166365,0
2026-05-30 08:50:00,1.166385,1.167605,1.166325,1.167465,0
2026-05-30 08:55:00,1.167485,1.167705,1.165135,1.165715,0
2026-05-30 09:00:00,1.165675,1.165875,1.163975,1.164125,0
2026-05-30 09:05:00,1.164155,1.164525,1.163315,1.163575,0
2026-05-30 09:10:00,1.163535,1.163795,1.162675,1.163435,0
2026-05-30 09:15:00,1.163415,1.163485,1.161245,1.161615,0
2026-05-30 09:20:00,1.161625,1.162495,1.161345,1.162245,0
2026-05-30 09:25:00,1.162225,1.163395,1.162045,1.162765,0
2026-05-30 09:30:00,1.162805,1.163615,1.161265,1.161265,0
2026-05-30 09:35:00,1.161255,1.162305,1.161175,1.161895,0
2026-05-30 09:40:00,1.161915,1.162315,1.160045,1.160375,0
2026-05-30 09:45:00,1.160415,1.161255,1.160055,1.160655,0
2026-05-30 09:50:00,1.160645,1.160915,1.158495,1.158525,0
2026-05-30 09:55:00,1.158555,1.158805,1.156625,1.157035,0
2026-05-30 10:00:00,1.157065,1.158205,1.156975,1.158205,0
2026-05-30 10:05:00,1.158225,1.159345,1.157975,1.158975,0
2026-05-30 10:10:00,1.158985,1.158985,1.157665,1.158335,0
2026-05-30 10:15:00,1.158355,1.158905,1.157565,1.158445,0
2026-05-30 10:20:00,1.158495,1.159635,1.158225,1.159385,0
2026-05-30 10:25:00,1.159395,1.161385,1.158185,1.160925,0
2026-05-30 10:30:00,1.160905,1.161145,1.158805,1.159065,0
2026-05-30 10:35:00,1.159105,1.159135,1.157455,1.157495,0
2026-05-30 10:40:00,1.157525,1.157835,1.155975,1.156245,0
2026-05-30 10:45:00,1.156215,1.156265,1.154735,1.155005,0
2026-05-30 10:50:00,1.155015,1.155835,1.154375,1.155345,0
2026-05-30 10:55:00,1.155355,1.155765,1.154555,1.155205,0
2026-05-30 11:00:00,1.155195,1.156705,1.155055,1.155755,0
2026-05-30 11:05:00,1.155685,1.155775,1.154375,1.154635,0
2026-05-30 11:10:00,1.154605,1.156485,1.154075,1.155825,0
2026-05-30 11:15:00,1.155815,1.156675,1.155605,1.155655,0
2026-05-30 11:20:00,1.155675,1.156495,1.155135,1.156305,0
2026-05-30 11:25:00,1.156325,1.156875,1.155635,1.156275,0
2026-05-30 11:30:00,1.156245,1.156795,1.155285,1.155385,0
2026-05-30 11:35:00,1.155395,1.155995,1.154335,1.155805,0
2026-05-30 11:40:00,1.155785,1.157505,1.155685,1.157105,0
2026-05-30 11:45:00,1.157085,1.157365,1.156255,1.157035,0
2026-05-30 11:50:00,1.157055,1.158175,1.156335,1.156515,0
2026-05-30 11:55:00,1.156535,1.157485,1.156085,1.157455,0
2026-05-30 12:00:00,1.157465,1.157575,1.156355,1.156405,0
2026-05-30 12:05:00,1.156395,1.156745,1.155315,1.155495,0
2026-05-30 12:10:00,1.155515,1.156555,1.154725,1.154735,0
2026-05-30 12:15:00,1.154705,1.154755,1.153535,1.153835,0
2026-05-30 12:20:00,1.153805,1.154355,1.152485,1.153695,0
2026-05-30 12:25:00,1.153685,1.155715,1.153415,1.155205,0
2026-05-30 12:30:00,1.155235,1.156255,1.154985,1.155905,0
2026-05-30 12:35:00,1.155895,1.156715,1.155395,1.156285,0
2026-05-30 12:40:00,1.156295,1.156525,1.154995,1.155435,0
2026-05-30 12:45:00,1.155415,1.155935,1.154815,1.155335,0
2026-05-30 12:50:00,1.155375,1.156915,1.155095,1.156405,0
2026-05-30 12:55:00,1.156435,1.156615,1.155295,1.155625,0
2026-05-30 13:00:00,1.155645,1.156135,1.154925,1.156035,0
2026-05-30 13:05:00,1.156005,1.157005,1.155615,1.156845,0
2026-05-30 13:10:00,1.156855,1.157265,1.156035,1.156655,0
2026-05-30 13:15:00,1.156665,1.157175,1.156085,1.157035,0
2026-05-30 13:20:00,1.157065,1.158005,1.156755,1.158005,0
2026-05-30 13:25:00,1.157995,1.159575,1.157785,1.158775,0
2026-05-30 13:30:00,1.158795,1.159365,1.158065,1.159175,0
2026-05-30 13:35:00,1.159165,1.159655,1.158495,1.159195,0
2026-05-30 13:40:00,1.159235,1.160005,1.158855,1.159375,0
2026-05-30 13:45:00,1.159355,1.159945,1.158485,1.159335,0
2026-05-30 13:50:00,1.159315,1.160475,1.159215,1.160085,0
2026-05-30 13:55:00,1.160075,1.160715,1.158765,1.160665,0
2026-05-30 14:00:00,1.160625,1.160825,1.159555,1.160165,0
2026-05-30 14:05:00,1.160115,1.160265,1.158275,1.158605,0
2026-05-30 14:10:00,1.158635,1.159535,1.157835,1.158645,0
2026-05-30 14:15:00,1.158615,1.159835,1.158455,1.159795,0
2026-05-30 14:20:00,1.159815,1.160705,1.159155,1.160465,0
2026-05-30 14:25:00,1.160475,1.160515,1.159145,1.160095,0
2026-05-30 14:30:00,1.160145,1.160585,1.159505,1.160355,0
2026-05-30 14:35:00,1.160345,1.161965,1.160155,1.161855,0
2026-05-30 14:40:00,1.161865,1.162205,1.161315,1.161765,0
2026-05-30 14:45:00,1.161705,1.162135,1.161065,1.161545,0
2026-05-30 14:50:00,1.161595,1.162285,1.160765,1.161885,0
2026-05-30 14:55:00,1.161905,1.162995,1.161575,1.162725,0
2026-05-30 15:00:00,1.162735,1.162995,1.161695,1.161745,0
2026-05-30 15:05:00,1.161785,1.162305,1.161085,1.161535,0
2026-05-30 15:10:00,1.161465,1.162565,1.161005,1.162565,0
2026-05-30 15:15:00,1.162555,1.163115,1.162155,1.162715,0
2026-05-30 15:20:00,1.162735,1.162955,1.161265,1.162005,0
2026-05-30 15:25:00,1.161995,1.162935,1.161685,1.161875,0
2026-05-30 15:30:00,1.161885,1.164115,1.161665,1.163735,0
2026-05-30 15:35:00,1.163715,1.163725,1.162405,1.162685,0
2026-05-30 15:40:00,1.162675,1.162835,1.160885,1.160985,0
2026-05-30 15:45:00,1.161015,1.162435,1.160815,1.162235,0
2026-05-30 15:50:00,1.162205,1.162465,1.161365,1.162075,0
2026-05-30 15:55:00,1.162035,1.162105,1.159935,1.160345,0
2026-05-30 16:00:00,1.160375,1.160995,1.159865,1.160705,0
2026-05-30 16:05:00,1.160725,1.161355,1.160045,1.160095,0
2026-05-30 16:10:00,1.160115,1.161095,1.160055,1.160985,0
2026-05-30 16:15:00,1.160975,1.161305,1.160055,1.160055,0
2026-05-30 16:20:00,1.160065,1.160495,1.159185,1.160385,0
2026-05-30 16:25:00,1.160345,1.161015,1.159915,1.160005,0
2026-05-30 16:30:00,1.160025,1.160635,1.159425,1.159875,0
2026-05-30 16:35:00,1.159895,1.159985,1.157815,1.157865,0
2026-05-30 16:40:00,1.157875,1.158605,1.157115,1.158295,0
2026-05-30 16:45:00,1.158305,1.158405,1.156785,1.157275,0
2026-05-30 16:50:00,1.157285,1.157315,1.155335,1.155435,0
2026-05-30 16:55:00,1.155465,1.157205,1.155395,1.156705,0
2026-05-30 17:00:00,1.156675,1.156715,1.154715,1.155185,0
2026-05-30 17:05:00,1.155165,1.155315,1.154055,1.154895,0
2026-05-30 17:10:00,1.154885,1.155035,1.153055,1.153585,0
2026-05-30 17:15:00,1.153545,1.153735,1.152015,1.152375,0
2026-05-30 17:20:00,1.152375,1.153245,1.152205,1.152285,0
2026-05-30 17:25:00,1.152255,1.152265,1.150685,1.151035,0
2026-05-30 17:30:00,1.151005,1.151365,1.150075,1.150535,0
2026-05-30 17:35:00,1.150515,1.151265,1.150315,1.151135,0
2026-05-30 17:40:00,1.151105,1.151955,1.150795,1.151425,0
2026-05-30 17:45:00,1.151455,1.151885,1.150555,1.150875,0
2026-05-30 17:50:00,1.150855,1.151135,1.149595,1.149615,0
2026-05-30 17:55:00,1.149585,1.149645,1.148065,1.149085,0
2026-05-30 18:00:00,1.149095,1.150325,1.148655,1.150265,0
2026-05-30 18:05:00,1.150325,1.150445,1.148435,1.148545,0
2026-05-30 18:10:00,1.148585,1.148985,1.148115,1.148505,0
2026-05-30 18:15:00,1.148495,1.148515,1.147085,1.147295,0
2026-05-30 18:20:00,1.147345,1.148065,1.146855,1.147245,0
2026-05-30 18:25:00,1.147285,1.148535,1.147005,1.148115,0
2026-05-30 18:30:00,1.148095,1.148945,1.147785,1.148185,0
2026-05-30 18:35:00,1.148235,1.148645,1.147375,1.147435,0
2026-05-30 18:40:00,1.147425,1.149485,1.147425,1.148245,0
2026-05-30 18:45:00,1.148255,1.148255,1.147125,1.147215,0
2026-05-30 18:50:00,1.147245,1.148015,1.146345,1.146675,0
2026-05-30 18:55:00,1.146685,1.147765,1.146415,1.146905,0
2026-05-30 19:00:00,1.146865,1.147495,1.146325,1.146665,0
2026-05-30 19:05:00,1.146635,1.147095,1.145915,1.146555,0
2026-05-30 19:10:00,1.146545,1.146605,1.145375,1.146445,0
2026-05-30 19:15:00,1.146435,1.147145,1.145705,1.146785,0
2026-05-30 19:20:00,1.146765,1.147845,1.146615,1.147655,0
2026-05-30 19:25:00,1.147675,1.149285,1.147495,1.149225,0
2026-05-30 19:30:00,1.149245,1.149875,1.148155,1.149035,0
2026-05-30 19:35:00,1.149035,1.150475,1.148715,1.149385,0
2026-05-30 19:40:00,1.149455,1.150495,1.149345,1.149565,0
2026-05-30 19:45:00,1.149575,1.149715,1.148525,1.148895,0
2026-05-30 19:50:00,1.148795,1.149045,1.147575,1.147995,0
2026-05-30 19:55:00,1.147985,1.148265,1.147085,1.148145,0
2026-05-30 20:00:00,1.148175,1.148335,1.146645,1.147065,0
2026-05-30 20:05:00,1.147085,1.148065,1.146815,1.147635,0
2026-05-30 20:10:00,1.147555,1.147715,1.145485,1.145505,0
2026-05-30 20:15:00,1.145515,1.145765,1.144115,1.144305,0
2026-05-30 20:20:00,1.144295,1.145135,1.143335,1.143475,0
2026-05-30 20:25:00,1.143495,1.145035,1.143105,1.143625,0
2026-05-30 20:30:00,1.143635,1.145935,1.143545,1.145915,0
2026-05-30 20:35:00,1.145905,1.146795,1.145385,1.145655,0
2026-05-30 20:40:00,1.145635,1.145715,1.144335,1.144445,0
2026-05-30 20:45:00,1.144485,1.145205,1.143815,1.144575,0
2026-05-30 20:50:00,1.144595,1.145175,1.143255,1.143605,0
2026-05-30 20:55:00,1.143595,1.144055,1.143045,1.143545,0
2026-05-30 21:00:00,1.143515,1.143985,1.143215,1.143385,0
2026-05-30 21:05:00,1.143395,1.143685,1.142545,1.143035,0
2026-05-30 21:10:00,1.143065,1.144735,1.142895,1.144225,0
2026-05-30 21:15:00,1.144235,1.144995,1.143965,1.144825,0
2026-05-30 21:20:00,1.144875,1.145785,1.144545,1.145635,0
2026-05-30 21:25:00,1.145675,1.145775,1.144895,1.145445,0
2026-05-30 21:30:00,1.145405,1.145545,1.144445,1.145125,0
2026-05-30 21:35:00,1.145115,1.146085,1.144665,1.145975,0
2026-05-30 21:40:00,1.145995,1.146655,1.145635,1.145955,0
2026-05-30 21:45:00,1.145965,1.147555,1.145825,1.146405,0
2026-05-30 21:50:00,1.146415,1.146895,1.145295,1.145525,0
2026-05-30 21:55:00,1.145535,1.146915,1.145255,1.146775,0
2026-05-30 22:00:00,1.146735,1.147865,1.145995,1.147865,0
2026-05-30 22:05:00,1.147875,1.148855,1.147755,1.147815,0
2026-05-30 22:10:00,1.147795,1.148165,1.146775,1.147085,0
2026-05-30 22:15:00,1.147125,1.148025,1.146395,1.146435,0
2026-05-30 22:20:00,1.146425,1.147445,1.146295,1.147105,0
2026-05-30 22:25:00,1.147085,1.147905,1.146225,1.147905,0
2026-05-30 22:30:00,1.147925,1.148275,1.147195,1.147885,0
2026-05-30 22:35:00,1.147895,1.148085,1.146985,1.147725,0
2026-05-30 22:40:00,1.147755,1.147765,1.146385,1.146965,0
2026-05-30 22:45:00,1.146955,1.148925,1.146685,1.148395,0
2026-05-30 22:50:00,1.148425,1.148495,1.146825,1.146915,0
2026-05-30 22:55:00,1.146925,1.148655,1.146345,1.148115,0
2026-05-30 23:00:00,1.148145,1.149315,1.148145,1.148515,0
2026-05-30 23:05:00,1.148525,1.148875,1.148015,1.148175,0
2026-05-30 23:10:00,1.148205,1.148765,1.147135,1.148015,0
2026-05-30 23:15:00,1.148025,1.148685,1.147425,1.148235,0
2026-05-30 23:20:00,1.148245,1.148835,1.147895,1.148535,0
2026-05-30 23:25:00,1.148525,1.149685,1.148495,1.149405,0
2026-05-30 23:30:00,1.149375,1.150175,1.149095,1.150125,0
2026-05-30 23:35:00,1.150155,1.150425,1.149205,1.149265,0
2026-05-30 23:40:00,1.149255,1.151075,1.149235,1.150515,0
2026-05-30 23:45:00,1.150625,1.150805,1.148585,1.148965,0
2026-05-30 23:50:00,1.148945,1.148945,1.147045,1.147365,0
2026-05-30 23:55:00,1.147355,1.148015,1.145785,1.145875,0
2026-05-31 00:00:00,1.145845,1.146195,1.145005,1.145585,0
2026-05-31 00:05:00,1.145555,1.145835,1.144865,1.145745,0
2026-05-31 00:10:00,1.145785,1.146425,1.145285,1.145725,0
2026-05-31 00:15:00,1.145615,1.145855,1.144545,1.144905,0
2026-05-31 00:20:00,1.144925,1.145425,1.143335,1.144345,0
2026-05-31 00:25:00,1.144385,1.147085,1.144265,1.146855,0
2026-05-31 00:30:00,1.146865,1.147025,1.145675,1.145965,0
2026-05-31 00:35:00,1.145985,1.146455,1.143605,1.143735,0
2026-05-31 00:40:00,1.143755,1.146335,1.143625,1.146235,0
2026-05-31 00:45:00,1.146245,1.147355,1.146185,1.146465,0
2026-05-31 00:50:00,1.146415,1.146865,1.145455,1.145955,0
2026-05-31 00:55:00,1.145965,1.146175,1.144465,1.145035,0
2026-05-31 01:00:00,1.145055,1.146685,1.144655,1.146485,0
2026-05-31 01:05:00,1.146465,1.146875,1.145865,1.146145,0
2026-05-31 01:10:00,1.146135,1.146145,1.144915,1.146025,0
2026-05-31 01:15:00,1.146095,1.146315,1.144605,1.144715,0
2026-05-31 01:20:00,1.144745,1.145295,1.143445,1.144635,0
2026-05-31 01:25:00,1.144625,1.144725,1.143395,1.143425,0
2026-05-31 01:30:00,1.143415,1.143785,1.141355,1.141975,0
2026-05-31 01:35:00,1.141965,1.142645,1.141535,1.141945,0
2026-05-31 01:40:00,1.141965,1.142335,1.140795,1.140815,0
2026-05-31 01:45:00,1.140925,1.141435,1.140165,1.140375,0
2026-05-31 01:50:00,1.140355,1.141945,1.139715,1.141705,0
2026-05-31 01:55:00,1.141715,1.142305,1.140365,1.140675,0
2026-05-31 02:00:00,1.140735,1.141245,1.139895,1.139985,0
2026-05-31 02:05:00,1.140015,1.140365,1.138815,1.139075,0
2026-05-31 02:10:00,1.139055,1.141205,1.138725,1.140985,0
2026-05-31 02:15:00,1.140965,1.142305,1.140965,1.141715,0
2026-05-31 02:20:00,1.141725,1.142315,1.141375,1.141795,0
2026-05-31 02:25:00,1.141875,1.143505,1.141745,1.143275,0
2026-05-31 02:30:00,1.143255,1.146015,1.143165,1.146005,0
2026-05-31 02:35:00,1.146035,1.146435,1.145405,1.145815,0
2026-05-31 02:40:00,1.145805,1.147185,1.145525,1.146385,0
2026-05-31 02:45:00,1.146395,1.146865,1.145075,1.145125,0
2026-05-31 02:50:00,1.145115,1.146465,1.144885,1.146335,0
2026-05-31 02:55:00,1.146355,1.146765,1.143845,1.143865,0
2026-05-31 03:00:00,1.143855,1.145095,1.143325,1.145005,0
2026-05-31 03:05:00,1.144995,1.146335,1.144625,1.145775,0
2026-05-31 03:10:00,1.145755,1.145975,1.145145,1.145895,0
2026-05-31 03:15:00,1.145915,1.146015,1.144305,1.145495,0
2026-05-31 03:20:00,1.145505,1.145955,1.144515,1.144725,0
2026-05-31 03:25:00,1.144705,1.144935,1.143585,1.144375,0
2026-05-31 03:30:00,1.144365,1.146845,1.144065,1.146585,0
2026-05-31 03:35:00,1.146615,1.146985,1.145965,1.146755,0
2026-05-31 03:40:00,1.146735,1.148475,1.146685,1.147195,0
2026-05-31 03:45:00,1.147235,1.148745,1.146845,1.148335,0
2026-05-31 03:50:00,1.148385,1.148385,1.146395,1.146405,0
2026-05-31 03:55:00,1.146375,1.147685,1.145925,1.147495,0
2026-05-31 04:00:00,1.147475,1.148745,1.147235,1.148565,0
2026-05-31 04:05:00,1.148595,1.149265,1.148505,1.148615,0
2026-05-31 04:10:00,1.148605,1.149175,1.148065,1.149155,0
2026-05-31 04:15:00,1.149125,1.150305,1.148745,1.150005,0
2026-05-31 04:20:00,1.150035,1.150555,1.149445,1.149585,0
2026-05-31 04:25:00,1.149545,1.150975,1.149425,1.150965,0
2026-05-31 04:30:00,1.150915,1.152045,1.150335,1.151655,0
2026-05-31 04:35:00,1.151645,1.153285,1.151365,1.152585,0
2026-05-31 04:40:00,1.152575,1.152795,1.151215,1.151305,0
2026-05-31 04:45:00,1.151315,1.152405,1.151225,1.152265,0
2026-05-31 04:50:00,1.152245,1.153185,1.151565,1.153185,0
2026-05-31 04:55:00,1.153175,1.153765,1.152635,1.153155,0
2026-05-31 05:00:00,1.153195,1.153345,1.151785,1.151845,0
2026-05-31 05:05:00,1.151885,1.153115,1.151645,1.152095,0
2026-05-31 05:10:00,1.152085,1.152135,1.149955,1.150005,0
2026-05-31 05:15:00,1.150055,1.150515,1.149585,1.149725,0
2026-05-31 05:20:00,1.149755,1.151735,1.149665,1.151375,0
2026-05-31 05:25:00,1.151405,1.151435,1.150065,1.150675,0
2026-05-31 05:30:00,1.150615,1.152145,1.150615,1.151605,0
2026-05-31 05:35:00,1.151575,1.152345,1.150925,1.152255,0
2026-05-31 05:40:00,1.152275,1.152395,1.150695,1.151065,0
2026-05-31 05:45:00,1.151085,1.152605,1.151065,1.151545,0
2026-05-31 05:50:00,1.151535,1.152725,1.151005,1.151835,0
2026-05-31 05:55:00,1.151805,1.152395,1.151125,1.151225,0
2026-05-31 06:00:00,1.151245,1.151355,1.148365,1.148725,0
2026-05-31 06:05:00,1.148705,1.149055,1.147835,1.148165,0
2026-05-31 06:10:00,1.148155,1.148645,1.147465,1.147705,0
2026-05-31 06:15:00,1.147665,1.148785,1.146825,1.148445,0
2026-05-31 06:20:00,1.148435,1.148605,1.147105,1.147135,0
2026-05-31 06:25:00,1.147145,1.148155,1.146985,1.147745,0
2026-05-31 06:30:00,1.147755,1.147825,1.146305,1.146305,0
2026-05-31 06:35:00,1.146295,1.146325,1.143585,1.144165,0
2026-05-31 06:40:00,1.144125,1.146235,1.143805,1.146065,0
2026-05-31 06:45:00,1.146055,1.146275,1.144665,1.144995,0
2026-05-31 06:50:00,1.144985,1.147165,1.144895,1.147095,0
2026-05-31 06:55:00,1.147085,1.147705,1.146545,1.147215,0
2026-05-31 07:00:00,1.147205,1.147355,1.146345,1.146485,0
2026-05-31 07:05:00,1.146465,1.147395,1.146165,1.146175,0
2026-05-31 07:10:00,1.146185,1.146185,1.144195,1.144665,0
2026-05-31 07:15:00,1.144645,1.145135,1.144435,1.144875,0
2026-05-31 07:20:00,1.144845,1.145405,1.143305,1.143575,0
2026-05-31 07:25:00,1.143605,1.143765,1.142425,1.142755,0
2026-05-31 07:30:00,1.142705,1.144355,1.142575,1.144165,0
2026-05-31 07:35:00,1.144195,1.144245,1.142695,1.143775,0
2026-05-31 07:40:00,1.143725,1.144965,1.143715,1.144055,0
2026-05-31 07:45:00,1.144065,1.145185,1.143375,1.145095,0
2026-05-31 07:50:00,1.145125,1.146375,1.145095,1.146375,0
2026-05-31 07:55:00,1.146365,1.147275,1.146145,1.146885,0
2026-05-31 08:00:00,1.146935,1.147225,1.146005,1.147225,0
2026-05-31 08:10:00,1.147225,1.166635,1.147225,1.166165,0
2026-05-31 08:15:00,1.166235,1.167465,1.166085,1.167465,0
2026-05-31 08:20:00,1.167475,1.167735,1.166695,1.167465,0
2026-05-31 08:25:00,1.167475,1.168505,1.166785,1.168455,0
2026-05-31 08:30:00,1.168495,1.170245,1.168265,1.169865,0
2026-05-31 08:35:00,1.169855,1.170715,1.168395,1.169505,0
2026-05-31 08:40:00,1.169455,1.170445,1.168855,1.169655,0
2026-05-31 08:45:00,1.169665,1.169725,1.167615,1.168585,0
2026-05-31 08:50:00,1.168605,1.169155,1.167535,1.167755,0
2026-05-31 08:55:00,1.167745,1.169505,1.166635,1.168455,0
2026-05-31 09:00:00,1.168445,1.169865,1.168425,1.168645,0
2026-05-31 09:05:00,1.168605,1.169265,1.167835,1.168175,0
2026-05-31 09:10:00,1.168195,1.169735,1.167945,1.169625,0
2026-05-31 09:15:00,1.169615,1.170645,1.169505,1.169875,0
2026-05-31 09:20:00,1.169905,1.170355,1.169145,1.169175,0
2026-05-31 09:25:00,1.169165,1.169665,1.166375,1.166375,0
2026-05-31 09:30:00,1.166415,1.166665,1.165195,1.166515,0
2026-05-31 09:35:00,1.166535,1.166595,1.165395,1.166295,0
2026-05-31 09:40:00,1.166355,1.167025,1.165935,1.166255,0
2026-05-31 09:45:00,1.166285,1.166635,1.164685,1.165085,0
2026-05-31 09:50:00,1.165075,1.165595,1.164835,1.165095,0
2026-05-31 09:55:00,1.165185,1.165865,1.164735,1.165625,0
2026-05-31 10:00:00,1.165575,1.165935,1.165055,1.165565,0
2026-05-31 10:05:00,1.165575,1.166195,1.164985,1.165965,0
2026-05-31 10:10:00,1.165955,1.166915,1.165655,1.166285,0
2026-05-31 10:15:00,1.166295,1.166825,1.165625,1.166035,0
2026-05-31 10:20:00,1.166055,1.166715,1.165355,1.165915,0
2026-05-31 10:25:00,1.165875,1.167415,1.165675,1.166485,0
2026-05-31 10:30:00,1.166475,1.168315,1.166455,1.167095,0
2026-05-31 10:35:00,1.167075,1.167075,1.165285,1.166695,0
2026-05-31 10:40:00,1.166665,1.167945,1.166175,1.167875,0
2026-05-31 10:45:00,1.167895,1.168035,1.167015,1.167885,0
2026-05-31 10:50:00,1.167865,1.168075,1.166415,1.167215,0
2026-05-31 10:55:00,1.167225,1.167655,1.166635,1.167435,0
2026-05-31 11:00:00,1.167415,1.168475,1.166645,1.166695,0
2026-05-31 11:05:00,1.166705,1.166745,1.165655,1.165915,0
2026-05-31 11:10:00,1.165945,1.166705,1.164525,1.164665,0
2026-05-31 11:15:00,1.164695,1.164875,1.162105,1.162145,0
2026-05-31 11:20:00,1.162155,1.162805,1.161565,1.162295,0
2026-05-31 11:25:00,1.162315,1.162755,1.161485,1.161725,0
2026-05-31 11:30:00,1.161675,1.162375,1.161375,1.162085,0
2026-05-31 11:35:00,1.162125,1.163255,1.161945,1.162245,0
2026-05-31 11:40:00,1.162265,1.162995,1.161395,1.162825,0
2026-05-31 11:45:00,1.162785,1.162965,1.161895,1.162705,0
2026-05-31 11:50:00,1.162725,1.164205,1.162045,1.164195,0
2026-05-31 11:55:00,1.164245,1.164535,1.163685,1.164305,0
2026-05-31 12:00:00,1.164405,1.165165,1.164255,1.164875,0
2026-05-31 12:05:00,1.164885,1.165315,1.164295,1.164785,0
2026-05-31 12:10:00,1.164855,1.165295,1.163905,1.164705,0
2026-05-31 12:15:00,1.164665,1.164765,1.162835,1.162835,0
2026-05-31 12:20:00,1.162865,1.163305,1.161395,1.161885,0
2026-05-31 12:25:00,1.161895,1.163495,1.161885,1.162895,0
2026-05-31 12:30:00,1.162915,1.163305,1.162185,1.162645,0
2026-05-31 12:35:00,1.162605,1.162725,1.160685,1.160745,0
2026-05-31 12:40:00,1.160765,1.160965,1.159735,1.160775,0
2026-05-31 12:45:00,1.160765,1.161145,1.160045,1.160625,0
2026-05-31 12:50:00,1.160655,1.161065,1.159785,1.160055,0
2026-05-31 12:55:00,1.160085,1.161035,1.159725,1.159725,0
2026-05-31 13:00:00,1.159785,1.159845,1.158305,1.159115,0
2026-05-31 13:05:00,1.159095,1.159745,1.159045,1.159405,0
2026-05-31 13:10:00,1.159335,1.160315,1.158775,1.159845,0
2026-05-31 13:15:00,1.159855,1.160795,1.159565,1.160555,0
2026-05-31 13:20:00,1.160545,1.161715,1.160525,1.161135,0
2026-05-31 13:25:00,1.161155,1.163465,1.160875,1.163275,0
2026-05-31 13:30:00,1.163265,1.164615,1.163255,1.164265,0
2026-05-31 13:35:00,1.164365,1.165555,1.164225,1.164695,0
2026-05-31 13:40:00,1.164675,1.164725,1.163305,1.164205,0
2026-05-31 13:45:00,1.164195,1.164645,1.163675,1.164505,0
2026-05-31 13:50:00,1.164485,1.166055,1.164485,1.165815,0
2026-05-31 13:55:00,1.165795,1.165905,1.163715,1.164175,0
2026-05-31 14:00:00,1.164185,1.164475,1.163155,1.163985,0
2026-05-31 14:05:00,1.163955,1.164845,1.163165,1.163195,0
2026-05-31 14:10:00,1.163175,1.164015,1.162185,1.162215,0
2026-05-31 14:15:00,1.162205,1.162675,1.161645,1.162095,0
2026-05-31 14:20:00,1.162075,1.162615,1.161605,1.162165,0
2026-05-31 14:25:00,1.162315,1.163555,1.161805,1.163375,0
2026-05-31 14:30:00,1.163365,1.165235,1.163175,1.165165,0
2026-05-31 14:35:00,1.165155,1.166435,1.164965,1.165895,0
2026-05-31 14:40:00,1.165885,1.166505,1.165325,1.166285,0
2026-05-31 14:45:00,1.166275,1.166975,1.165715,1.165935,0
2026-05-31 14:50:00,1.165925,1.167295,1.165805,1.167225,0
2026-05-31 14:55:00,1.167245,1.168065,1.166705,1.167275,0
2026-05-31 15:00:00,1.167325,1.168325,1.166765,1.167695,0
2026-05-31 15:05:00,1.167715,1.167895,1.165445,1.166115,0
2026-05-31 15:10:00,1.166145,1.166675,1.165565,1.165965,0
2026-05-31 15:15:00,1.165995,1.166805,1.165705,1.166785,0
2026-05-31 15:20:00,1.166835,1.167105,1.165705,1.165845,0
2026-05-31 15:25:00,1.165865,1.166835,1.165715,1.166425,0
2026-05-31 15:30:00,1.166395,1.166685,1.165345,1.166435,0
2026-05-31 15:35:00,1.166425,1.167715,1.165645,1.166855,0
2026-05-31 15:40:00,1.166925,1.169135,1.166905,1.168925,0
2026-05-31 15:45:00,1.168935,1.169305,1.168095,1.168535,0
2026-05-31 15:50:00,1.168505,1.168755,1.167585,1.167955,0
2026-05-31 15:55:00,1.167945,1.169085,1.167405,1.168475,0
2026-05-31 16:00:00,1.168495,1.168815,1.167525,1.168125,0
2026-05-31 16:05:00,1.168115,1.168515,1.166065,1.166065,0
2026-05-31 16:10:00,1.166035,1.166395,1.165485,1.165965,0
2026-05-31 16:15:00,1.165995,1.166275,1.165145,1.165525,0
2026-05-31 16:20:00,1.165495,1.165745,1.163795,1.164465,0
2026-05-31 16:25:00,1.164435,1.165485,1.164075,1.164105,0
2026-05-31 16:30:00,1.164165,1.165575,1.163995,1.165335,0
2026-05-31 16:35:00,1.165375,1.165935,1.164435,1.164975,0
2026-05-31 16:40:00,1.164965,1.166905,1.164835,1.166695,0
2026-05-31 16:45:00,1.166735,1.167035,1.165275,1.167005,0
2026-05-31 16:50:00,1.167015,1.167305,1.166205,1.166345,0
2026-05-31 16:55:00,1.166355,1.166905,1.166055,1.166335,0
2026-05-31 17:00:00,1.166325,1.166935,1.165545,1.166065,0
2026-05-31 17:05:00,1.166025,1.166145,1.165095,1.166065,0
2026-05-31 17:10:00,1.166095,1.166395,1.165015,1.165145,0
2026-05-31 17:15:00,1.165165,1.165535,1.164215,1.164445,0
2026-05-31 17:20:00,1.164425,1.165545,1.164275,1.165105,0
2026-05-31 17:25:00,1.165125,1.165355,1.163665,1.164545,0
2026-05-31 17:30:00,1.164575,1.164885,1.164085,1.164385,0
2026-05-31 17:35:00,1.164405,1.164875,1.163635,1.164115,0
2026-05-31 17:40:00,1.164105,1.165405,1.164105,1.165115,0
2026-05-31 17:45:00,1.165095,1.165295,1.163625,1.164265,0
2026-05-31 17:50:00,1.164245,1.164285,1.162075,1.162195,0
2026-05-31 17:55:00,1.162215,1.162445,1.160185,1.160615,0
2026-05-31 18:00:00,1.160595,1.161205,1.160385,1.160965,0
2026-05-31 18:05:00,1.160945,1.163315,1.160865,1.162525,0
2026-05-31 18:10:00,1.162565,1.163785,1.162055,1.163605,0
2026-05-31 18:15:00,1.163585,1.165265,1.163555,1.164415,0
2026-05-31 18:20:00,1.164435,1.166495,1.164155,1.166475,0
2026-05-31 18:25:00,1.166445,1.167995,1.165835,1.167565,0
2026-05-31 18:30:00,1.167575,1.168465,1.166895,1.167235,0
2026-05-31 18:35:00,1.167145,1.167925,1.166135,1.166295,0
2026-05-31 18:40:00,1.166305,1.168195,1.166265,1.167325,0
2026-05-31 18:45:00,1.167335,1.167905,1.166665,1.167645,0
2026-05-31 18:50:00,1.167655,1.168345,1.167385,1.167935,0
2026-05-31 18:55:00,1.167885,1.168365,1.166785,1.166795,0
2026-05-31 19:00:00,1.166805,1.167355,1.166315,1.166755,0
2026-05-31 19:05:00,1.166715,1.168575,1.166575,1.167375,0
2026-05-31 19:10:00,1.167385,1.167665,1.166485,1.166625,0
2026-05-31 19:15:00,1.166645,1.167655,1.166115,1.167605,0
2026-05-31 19:20:00,1.167565,1.168875,1.167555,1.167695,0
2026-05-31 19:25:00,1.167705,1.169035,1.167595,1.168245,0
2026-05-31 19:30:00,1.168275,1.169185,1.167765,1.168735,0
2026-05-31 19:35:00,1.168745,1.168995,1.167255,1.167615,0
2026-05-31 19:40:00,1.167645,1.168085,1.167005,1.168065,0
2026-05-31 19:45:00,1.168005,1.168075,1.165975,1.166615,0
2026-05-31 19:50:00,1.166595,1.168525,1.166055,1.168205,0
2026-05-31 19:55:00,1.168175,1.169155,1.167995,1.168335,0
2026-05-31 20:00:00,1.168375,1.168545,1.166835,1.167125,0
2026-05-31 20:05:00,1.167105,1.167925,1.166875,1.167695,0
2026-05-31 20:10:00,1.167665,1.168095,1.166595,1.167065,0
2026-05-31 20:15:00,1.167045,1.167105,1.165145,1.166665,0
2026-05-31 20:20:00,1.166635,1.167445,1.166325,1.167385,0
2026-05-31 20:25:00,1.167375,1.168075,1.166565,1.167495,0
2026-05-31 20:30:00,1.167505,1.168595,1.167505,1.168295,0
2026-05-31 20:35:00,1.168315,1.168955,1.167345,1.167425,0
2026-05-31 20:40:00,1.167465,1.167945,1.166815,1.167945,0
2026-05-31 20:45:00,1.167965,1.169475,1.167965,1.168625,0
2026-05-31 20:50:00,1.168615,1.168615,1.167045,1.167875,0
2026-05-31 20:55:00,1.167905,1.169715,1.167835,1.168575,0
2026-05-31 21:00:00,1.168595,1.169675,1.167865,1.169555,0
2026-05-31 21:05:00,1.169525,1.169875,1.168525,1.169775,0
2026-05-31 21:10:00,1.169795,1.169855,1.168465,1.168535,0
2026-05-31 21:15:00,1.168625,1.169295,1.168225,1.169195,0
2026-05-31 21:20:00,1.169145,1.170625,1.168905,1.170545,0
2026-05-31 21:25:00,1.170535,1.170725,1.167685,1.167685,0
2026-05-31 21:30:00,1.167655,1.167745,1.166705,1.167425,0
2026-05-31 21:35:00,1.167465,1.169235,1.167225,1.169165,0
2026-05-31 21:40:00,1.169135,1.169495,1.168185,1.168475,0
2026-05-31 21:45:00,1.168495,1.170985,1.168085,1.170565,0
2026-05-31 21:50:00,1.170535,1.171855,1.170205,1.171435,0
2026-05-31 21:55:00,1.171425,1.173035,1.171075,1.171125,0
2026-05-31 22:00:00,1.171135,1.171505,1.170005,1.170015,0
2026-05-31 22:05:00,1.169965,1.170935,1.169795,1.169825,0
2026-05-31 22:10:00,1.169815,1.170465,1.168385,1.168825,0
2026-05-31 22:15:00,1.168845,1.169065,1.167075,1.167385,0
2026-05-31 22:20:00,1.167405,1.167815,1.166795,1.167265,0
2026-05-31 22:25:00,1.167245,1.167665,1.165995,1.166275,0
2026-05-31 22:30:00,1.166315,1.168025,1.166105,1.167535,0
2026-05-31 22:35:00,1.167555,1.168475,1.167195,1.167925,0
2026-05-31 22:40:00,1.167985,1.169375,1.167505,1.169185,0
2026-05-31 22:45:00,1.169175,1.169275,1.167815,1.167925,0
2026-05-31 22:50:00,1.167915,1.168145,1.167205,1.167675,0
2026-05-31 22:55:00,1.167655,1.168445,1.166275,1.166655,0
2026-05-31 23:00:00,1.166675,1.167045,1.166035,1.166105,0
2026-05-31 23:05:00,1.166085,1.166345,1.164895,1.165475,0
2026-05-31 23:10:00,1.165465,1.167365,1.165115,1.167365,0
2026-05-31 23:15:00,1.167345,1.167375,1.165805,1.166115,0
2026-05-31 23:20:00,1.166135,1.166205,1.163545,1.163645,0
2026-05-31 23:25:00,1.163625,1.164095,1.162965,1.163685,0
2026-05-31 23:30:00,1.163695,1.164965,1.163575,1.163985,0
2026-05-31 23:35:00,1.164015,1.165045,1.163385,1.164215,0
2026-05-31 23:40:00,1.164285,1.165445,1.164045,1.164735,0
2026-05-31 23:45:00,1.164795,1.164895,1.162285,1.162995,0
2026-05-31 23:50:00,1.162965,1.163245,1.162205,1.162395,0
2026-05-31 23:55:00,1.162435,1.162615,1.161205,1.161475,0
2026-06-01 00:00:00,1.161495,1.161775,1.160685,1.161395,0
2026-06-01 00:05:00,1.161405,1.162015,1.160215,1.160925,0
2026-06-01 00:10:00,1.160915,1.162055,1.160325,1.161465,0
2026-06-01 00:15:00,1.161475,1.161805,1.160445,1.160665,0
2026-06-01 00:20:00,1.160645,1.161555,1.160305,1.161285,0
2026-06-01 00:25:00,1.161245,1.162285,1.160635,1.162275,0
2026-06-01 00:30:00,1.162245,1.162825,1.161635,1.161765,0
2026-06-01 00:35:00,1.161745,1.161835,1.160155,1.160265,0
2026-06-01 00:40:00,1.160245,1.161535,1.160225,1.160765,0
2026-06-01 00:45:00,1.160775,1.161115,1.159665,1.160015,0
2026-06-01 00:50:00,1.159945,1.160185,1.158895,1.159755,0
2026-06-01 00:55:00,1.159745,1.160045,1.157835,1.157925,0
2026-06-01 01:00:00,1.157915,1.159025,1.157105,1.157145,0
2026-06-01 01:05:00,1.157165,1.159065,1.157155,1.157645,0
2026-06-01 01:10:00,1.157635,1.158565,1.156915,1.156975,0
2026-06-01 01:15:00,1.156965,1.157615,1.156755,1.157055,0
2026-06-01 01:20:00,1.157065,1.157465,1.156635,1.157265,0
2026-06-01 01:25:00,1.157255,1.157355,1.155795,1.156305,0
2026-06-01 01:30:00,1.156285,1.156635,1.153975,1.154485,0
2026-06-01 01:35:00,1.154455,1.154645,1.152695,1.152935,0
2026-06-01 01:40:00,1.152885,1.153395,1.152175,1.153185,0
2026-06-01 01:45:00,1.153165,1.153685,1.152105,1.152265,0
2026-06-01 01:50:00,1.152225,1.152385,1.151035,1.151645,0
2026-06-01 01:55:00,1.151625,1.151685,1.149755,1.150505,0
2026-06-01 02:00:00,1.150525,1.150765,1.149745,1.150325,0
2026-06-01 02:05:00,1.150345,1.151305,1.150155,1.151055,0
2026-06-01 02:10:00,1.151035,1.151635,1.150125,1.150225,0
2026-06-01 02:15:00,1.150185,1.150305,1.146425,1.146575,0
2026-06-01 02:20:00,1.146595,1.147075,1.145765,1.146915,0
2026-06-01 02:25:00,1.146875,1.147655,1.146515,1.146665,0
2026-06-01 02:30:00,1.146655,1.148465,1.146655,1.148365,0
2026-06-01 02:35:00,1.148375,1.148525,1.147065,1.148055,0
2026-06-01 02:40:00,1.148065,1.148485,1.147365,1.148115,0
2026-06-01 02:45:00,1.148135,1.149615,1.148055,1.149565,0
2026-06-01 02:50:00,1.149555,1.149635,1.148165,1.148535,0
2026-06-01 02:55:00,1.148505,1.149175,1.148105,1.148955,0
2026-06-01 03:00:00,1.148925,1.149645,1.148275,1.149235,0
2026-06-01 03:05:00,1.149265,1.149325,1.148235,1.148715,0
2026-06-01 03:10:00,1.148705,1.149445,1.147885,1.147955,0
2026-06-01 03:15:00,1.147935,1.149045,1.147235,1.149045,0
2026-06-01 03:20:00,1.149025,1.149205,1.147595,1.148405,0
2026-06-01 03:25:00,1.148365,1.148385,1.147435,1.148205,0
2026-06-01 03:30:00,1.148185,1.149595,1.147995,1.149565,0
2026-06-01 03:35:00,1.149575,1.149655,1.147305,1.147705,0
2026-06-01 03:40:00,1.147775,1.149285,1.147605,1.149155,0
2026-06-01 03:45:00,1.149135,1.149875,1.148775,1.149145,0
2026-06-01 03:50:00,1.149165,1.149445,1.148535,1.149185,0
2026-06-01 03:55:00,1.149175,1.150175,1.148615,1.149495,0
2026-06-01 04:00:00,1.149505,1.149655,1.148275,1.148935,0
2026-06-01 04:05:00,1.148955,1.150375,1.148715,1.150085,0
2026-06-01 04:10:00,1.150135,1.150505,1.149185,1.149535,0
2026-06-01 04:15:00,1.149545,1.149605,1.147865,1.148245,0
2026-06-01 04:20:00,1.148265,1.148505,1.146755,1.147085,0
2026-06-01 04:25:00,1.147075,1.147985,1.146285,1.147895,0
2026-06-01 04:30:00,1.147865,1.151395,1.147865,1.151125,0
2026-06-01 04:35:00,1.151115,1.151465,1.150675,1.151145,0
2026-06-01 04:40:00,1.151175,1.152225,1.150415,1.152085,0
2026-06-01 04:45:00,1.152065,1.152105,1.150715,1.151275,0
2026-06-01 04:50:00,1.151325,1.151345,1.149545,1.149655,0
2026-06-01 04:55:00,1.149695,1.149695,1.148065,1.148745,0
2026-06-01 05:00:00,1.148765,1.149005,1.147955,1.147975,0
2026-06-01 05:05:00,1.147955,1.148915,1.147615,1.148305,0
2026-06-01 05:10:00,1.148315,1.148915,1.147785,1.148585,0
2026-06-01 05:15:00,1.148595,1.149595,1.148595,1.149295,0
2026-06-01 05:20:00,1.149315,1.149755,1.148955,1.149465,0
2026-06-01 05:25:00,1.149495,1.150365,1.149045,1.149425,0
2026-06-01 05:30:00,1.149405,1.150035,1.148925,1.150035,0
2026-06-01 05:35:00,1.150105,1.150825,1.149765,1.150655,0
2026-06-01 05:40:00,1.150665,1.151535,1.150285,1.151435,0
2026-06-01 05:45:00,1.151375,1.152805,1.151245,1.151895,0
2026-06-01 05:50:00,1.151915,1.153225,1.151885,1.152835,0
2026-06-01 05:55:00,1.152795,1.153975,1.152795,1.153815,0
2026-06-01 06:00:00,1.153735,1.154405,1.153315,1.153555,0
2026-06-01 06:05:00,1.153545,1.153705,1.150665,1.150665,0
2026-06-01 06:10:00,1.150645,1.150805,1.149435,1.149445,0
2026-06-01 06:15:00,1.149475,1.149915,1.148185,1.148265,0
2026-06-01 06:20:00,1.148295,1.149645,1.147555,1.149635,0
2026-06-01 06:25:00,1.149605,1.149925,1.148845,1.149345,0
2026-06-01 06:30:00,1.149355,1.149975,1.148925,1.149975,0
2026-06-01 06:35:00,1.149995,1.151845,1.149765,1.151665,0
2026-06-01 06:40:00,1.151645,1.152985,1.151445,1.152335,0
2026-06-01 06:45:00,1.152305,1.152915,1.151885,1.152515,0
2026-06-01 06:50:00,1.152495,1.152925,1.151485,1.151585,0
2026-06-01 06:55:00,1.151575,1.152565,1.151165,1.151355,0
2026-06-01 07:00:00,1.151335,1.151335,1.149925,1.149995,0
2026-06-01 07:05:00,1.150015,1.150985,1.149435,1.149505,0
2026-06-01 07:10:00,1.149475,1.149665,1.148635,1.149025,0
2026-06-01 07:15:00,1.149035,1.149365,1.147945,1.148145,0
2026-06-01 07:20:00,1.148155,1.149625,1.148105,1.149265,0
2026-06-01 07:25:00,1.149245,1.149335,1.147125,1.147315,0
2026-06-01 07:30:00,1.147325,1.148465,1.147075,1.148135,0
2026-06-01 07:35:00,1.148075,1.148225,1.144775,1.145325,0
2026-06-01 07:40:00,1.145335,1.145405,1.143675,1.144295,0
2026-06-01 07:45:00,1.144325,1.144545,1.143505,1.143595,0
2026-06-01 07:50:00,1.143615,1.143885,1.142235,1.142395,0
2026-06-01 07:55:00,1.142385,1.143295,1.141925,1.142735,0
2026-06-01 08:00:00,1.142725,1.143485,1.142485,1.143235,0
2026-06-01 08:10:00,1.143235,1.166185,1.143235,1.164565,0
2026-06-01 08:15:00,1.164585,1.165735,1.164485,1.165635,0
2026-06-01 08:20:00,1.165655,1.166075,1.164325,1.164325,0
2026-06-01 08:25:00,1.164375,1.164755,1.164075,1.164225,0
2026-06-01 08:30:00,1.164195,1.165285,1.164175,1.164585,0
2026-06-01 08:35:00,1.164555,1.166635,1.164365,1.165835,0
2026-06-01 08:40:00,1.165825,1.166055,1.164755,1.165295,0
2026-06-01 08:45:00,1.165335,1.166655,1.165155,1.166375,0
2026-06-01 08:50:00,1.166405,1.167195,1.166015,1.166505,0
2026-06-01 08:55:00,1.166485,1.167555,1.166115,1.166145,0
2026-06-01 09:00:00,1.166125,1.166235,1.163545,1.163705,0
2026-06-01 09:05:00,1.163735,1.164015,1.162005,1.163125,0
2026-06-01 09:10:00,1.163095,1.163725,1.162555,1.163185,0
2026-06-01 09:15:00,1.163265,1.163675,1.160975,1.161165,0
2026-06-01 09:20:00,1.161135,1.161865,1.160665,1.161615,0
2026-06-01 09:25:00,1.161595,1.162085,1.160205,1.160775,0
2026-06-01 09:30:00,1.160795,1.163435,1.160475,1.163165,0
2026-06-01 09:35:00,1.163095,1.163605,1.162485,1.163235,0
2026-06-01 09:40:00,1.163225,1.164175,1.162785,1.163265,0
2026-06-01 09:45:00,1.163215,1.165275,1.163055,1.165095,0
2026-06-01 09:50:00,1.165105,1.166685,1.164795,1.166475,0
2026-06-01 09:55:00,1.166415,1.166805,1.165835,1.166715,0
2026-06-01 10:00:00,1.166715,1.166855,1.165365,1.166055,0
2026-06-01 10:05:00,1.166045,1.166145,1.164455,1.165725,0
2026-06-01 10:10:00,1.165705,1.166175,1.164925,1.165965,0
2026-06-01 10:15:00,1.165955,1.166775,1.163915,1.163945,0
2026-06-01 10:20:00,1.163955,1.164455,1.163035,1.163975,0
2026-06-01 10:25:00,1.164005,1.164085,1.161725,1.162045,0
2026-06-01 10:30:00,1.162035,1.162785,1.161685,1.162785,0
2026-06-01 10:35:00,1.162765,1.162815,1.161625,1.162325,0
2026-06-01 10:40:00,1.162245,1.162855,1.161845,1.162775,0
2026-06-01 10:45:00,1.162705,1.163215,1.161795,1.162115,0
2026-06-01 10:50:00,1.162155,1.162685,1.160635,1.160735,0
2026-06-01 10:55:00,1.160765,1.161015,1.159385,1.159385,0
2026-06-01 11:00:00,1.159395,1.160185,1.158875,1.159735,0
2026-06-01 11:05:00,1.159785,1.160215,1.159045,1.159635,0
2026-06-01 11:10:00,1.159615,1.160455,1.159255,1.159945,0
2026-06-01 11:15:00,1.159905,1.161805,1.159205,1.160995,0
2026-06-01 11:20:00,1.161045,1.161425,1.159585,1.159815,0
2026-06-01 11:25:00,1.159805,1.161035,1.159795,1.160345,0
2026-06-01 11:30:00,1.160385,1.160785,1.158725,1.158935,0
2026-06-01 11:35:00,1.158985,1.159375,1.157975,1.159325,0
2026-06-01 11:40:00,1.159315,1.161825,1.159245,1.161765,0
2026-06-01 11:45:00,1.161735,1.162095,1.160755,1.160855,0
2026-06-01 11:50:00,1.160825,1.161285,1.159635,1.160035,0
2026-06-01 11:55:00,1.160045,1.160585,1.159215,1.159485,0
2026-06-01 12:00:00,1.159465,1.161425,1.159455,1.160175,0
2026-06-01 12:05:00,1.160135,1.161165,1.160065,1.160455,0
2026-06-01 12:10:00,1.160495,1.161105,1.159985,1.160395,0
2026-06-01 12:15:00,1.160405,1.160565,1.158705,1.160125,0
2026-06-01 12:20:00,1.160145,1.160225,1.158435,1.158685,0
2026-06-01 12:25:00,1.158725,1.159075,1.158105,1.159055,0
2026-06-01 12:30:00,1.159015,1.159615,1.158425,1.158465,0
2026-06-01 12:35:00,1.158575,1.159595,1.158045,1.158675,0
2026-06-01 12:40:00,1.158655,1.159825,1.158375,1.158905,0
2026-06-01 12:45:00,1.158965,1.158965,1.157375,1.158285,0
2026-06-01 12:50:00,1.158275,1.159605,1.158025,1.158305,0
2026-06-01 12:55:00,1.158315,1.159275,1.157015,1.157175,0
2026-06-01 13:00:00,1.157185,1.157665,1.156835,1.157295,0
2026-06-01 13:05:00,1.157255,1.157295,1.155095,1.155195,0
2026-06-01 13:10:00,1.155215,1.156175,1.154615,1.155975,0
2026-06-01 13:15:00,1.155955,1.156665,1.155355,1.156485,0
2026-06-01 13:20:00,1.156495,1.156685,1.155675,1.156495,0
2026-06-01 13:25:00,1.156485,1.156585,1.154185,1.154735,0
2026-06-01 13:30:00,1.154685,1.154755,1.153805,1.154225,0
2026-06-01 13:35:00,1.154215,1.155415,1.154205,1.154365,0
2026-06-01 13:40:00,1.154345,1.155885,1.154115,1.155835,0
2026-06-01 13:45:00,1.155865,1.156345,1.154765,1.154775,0
2026-06-01 13:50:00,1.154755,1.155615,1.154325,1.155165,0
2026-06-01 13:55:00,1.155155,1.155665,1.154255,1.154615,0
2026-06-01 14:00:00,1.154605,1.154785,1.153295,1.153535,0
2026-06-01 14:05:00,1.153555,1.154245,1.153395,1.153805,0
2026-06-01 14:10:00,1.153815,1.154955,1.153755,1.154465,0
2026-06-01 14:15:00,1.154315,1.155015,1.152985,1.153315,0
2026-06-01 14:20:00,1.153335,1.153475,1.151985,1.152105,0
2026-06-01 14:25:00,1.152155,1.152855,1.151875,1.152105,0
2026-06-01 14:30:00,1.152115,1.152175,1.151475,1.152125,0
2026-06-01 14:35:00,1.152095,1.153405,1.151885,1.153255,0
2026-06-01 14:40:00,1.153245,1.153395,1.151135,1.152175,0
2026-06-01 14:45:00,1.152165,1.153575,1.151815,1.153515,0
2026-06-01 14:50:00,1.153495,1.153585,1.152195,1.152705,0
2026-06-01 14:55:00,1.152675,1.152825,1.152015,1.152105,0
2026-06-01 15:00:00,1.152115,1.152995,1.151765,1.152465,0
2026-06-01 15:05:00,1.152485,1.153755,1.150935,1.153695,0
2026-06-01 15:10:00,1.153675,1.153685,1.150645,1.150685,0
2026-06-01 15:15:00,1.150735,1.151485,1.150695,1.150875,0
2026-06-01 15:20:00,1.150865,1.151125,1.150255,1.150825,0
2026-06-01 15:25:00,1.150815,1.151545,1.149845,1.150085,0
2026-06-01 15:30:00,1.150075,1.150085,1.148775,1.149685,0
2026-06-01 15:35:00,1.149705,1.149705,1.147945,1.148125,0
2026-06-01 15:40:00,1.148145,1.148555,1.146875,1.148035,0
2026-06-01 15:45:00,1.148045,1.148895,1.147545,1.148735,0
2026-06-01 15:50:00,1.148705,1.149155,1.148235,1.148795,0
2026-06-01 15:55:00,1.148745,1.149215,1.147695,1.147835,0
2026-06-01 16:00:00,1.147815,1.148035,1.146575,1.147825,0
2026-06-01 16:05:00,1.147805,1.147995,1.147285,1.147715,0
2026-06-01 16:10:00,1.147685,1.147805,1.146225,1.146795,0
2026-06-01 16:15:00,1.146775,1.150645,1.146685,1.150405,0
2026-06-01 16:20:00,1.150355,1.151035,1.149675,1.149985,0
2026-06-01 16:25:00,1.150055,1.150165,1.148245,1.148695,0
2026-06-01 16:30:00,1.148685,1.149525,1.147115,1.147205,0
2026-06-01 16:35:00,1.147155,1.147375,1.146055,1.146345,0
2026-06-01 16:40:00,1.146405,1.148925,1.146285,1.148795,0
2026-06-01 16:45:00,1.148785,1.149085,1.147615,1.148545,0
2026-06-01 16:50:00,1.148525,1.150345,1.148185,1.149655,0
2026-06-01 16:55:00,1.149645,1.151735,1.149395,1.151365,0
2026-06-01 17:00:00,1.151395,1.152075,1.150245,1.151605,0
2026-06-01 17:05:00,1.151625,1.152205,1.151065,1.151765,0
2026-06-01 17:10:00,1.151755,1.152665,1.151605,1.152155,0
2026-06-01 17:15:00,1.152175,1.153435,1.151845,1.153385,0
2026-06-01 17:20:00,1.153395,1.154655,1.153195,1.154045,0
2026-06-01 17:25:00,1.154025,1.154365,1.152965,1.153875,0
2026-06-01 17:30:00,1.153885,1.156055,1.153665,1.155515,0
2026-06-01 17:35:00,1.155545,1.158225,1.155285,1.157945,0
2026-06-01 17:40:00,1.157925,1.158815,1.157405,1.158135,0
2026-06-01 17:45:00,1.158175,1.158285,1.157275,1.157765,0
2026-06-01 17:50:00,1.157745,1.157875,1.156745,1.156945,0
2026-06-01 17:55:00,1.156925,1.158455,1.156805,1.158035,0
2026-06-01 18:00:00,1.158065,1.158305,1.157165,1.158075,0
2026-06-01 18:05:00,1.158085,1.159605,1.157765,1.159285,0
2026-06-01 18:10:00,1.159335,1.161085,1.158935,1.160635,0
2026-06-01 18:15:00,1.160615,1.162885,1.160615,1.162115,0
2026-06-01 18:20:00,1.162125,1.162835,1.161325,1.161905,0
2026-06-01 18:25:00,1.161885,1.162345,1.160975,1.161295,0
2026-06-01 18:30:00,1.161315,1.162375,1.161315,1.162375,0
2026-06-01 18:35:00,1.162365,1.163105,1.161895,1.162685,0
2026-06-01 18:40:00,1.162655,1.163725,1.162165,1.163435,0
2026-06-01 18:45:00,1.163365,1.163745,1.161445,1.161525,0
2026-06-01 18:50:00,1.161565,1.162605,1.161445,1.162375,0
2026-06-01 18:55:00,1.162405,1.162585,1.161645,1.161645,0
2026-06-01 19:00:00,1.161655,1.162295,1.160825,1.161065,0
2026-06-01 19:05:00,1.161035,1.161595,1.160155,1.161525,0
2026-06-01 19:10:00,1.161595,1.162285,1.160975,1.161025,0
2026-06-01 19:15:00,1.161015,1.161715,1.160085,1.161595,0
2026-06-01 19:20:00,1.161665,1.162495,1.160675,1.161455,0
2026-06-01 19:25:00,1.161485,1.162345,1.161135,1.162185,0
2026-06-01 19:30:00,1.162175,1.162495,1.160835,1.162155,0
2026-06-01 19:35:00,1.162135,1.162735,1.161605,1.162235,0
2026-06-01 19:40:00,1.162265,1.163395,1.161955,1.162135,0
2026-06-01 19:45:00,1.162115,1.162885,1.161815,1.161835,0
2026-06-01 19:50:00,1.161765,1.162105,1.160935,1.161285,0
2026-06-01 19:55:00,1.161305,1.161305,1.160275,1.160705,0
2026-06-01 20:00:00,1.160695,1.162685,1.160285,1.161685,0
2026-06-01 20:05:00,1.161655,1.161905,1.159805,1.160055,0
2026-06-01 20:10:00,1.160075,1.160135,1.158565,1.159175,0
2026-06-01 20:15:00,1.159195,1.160155,1.158825,1.159265,0
2026-06-01 20:20:00,1.159275,1.159355,1.158025,1.158585,0
2026-06-01 20:25:00,1.158595,1.158875,1.157615,1.158605,0
2026-06-01 20:30:00,1.158575,1.159165,1.157675,1.158005,0
2026-06-01 20:35:00,1.158035,1.158085,1.156165,1.156945,0
2026-06-01 20:40:00,1.156955,1.157235,1.156225,1.156755,0
2026-06-01 20:45:00,1.156725,1.157005,1.155885,1.156765,0
2026-06-01 20:50:00,1.156785,1.156815,1.155685,1.155695,0
2026-06-01 20:55:00,1.155665,1.156225,1.154915,1.155865,0
2026-06-01 21:00:00,1.155855,1.156205,1.154705,1.154895,0
2026-06-01 21:05:00,1.154945,1.155315,1.154265,1.154935,0
2026-06-01 21:10:00,1.154965,1.155095,1.153065,1.153405,0
2026-06-01 21:15:00,1.153415,1.155105,1.153255,1.154745,0
2026-06-01 21:20:00,1.154715,1.156085,1.154485,1.156045,0
2026-06-01 21:25:00,1.156125,1.157145,1.155235,1.155405,0
2026-06-01 21:30:00,1.155415,1.156555,1.155275,1.155715,0
2026-06-01 21:35:00,1.155695,1.156345,1.155015,1.155235,0
2026-06-01 21:40:00,1.155245,1.156325,1.155115,1.156325,0
2026-06-01 21:45:00,1.156275,1.159055,1.156185,1.158805,0
2026-06-01 21:50:00,1.158785,1.159575,1.158525,1.158605,0
2026-06-01 21:55:00,1.158585,1.159225,1.157785,1.158295,0
2026-06-01 22:00:00,1.158275,1.158395,1.157115,1.157995,0
2026-06-01 22:05:00,1.157985,1.159265,1.157435,1.159155,0
2026-06-01 22:10:00,1.159145,1.159745,1.158875,1.158925,0
2026-06-01 22:15:00,1.158915,1.159815,1.158615,1.158935,0
2026-06-01 22:20:00,1.158945,1.159155,1.156595,1.157245,0
2026-06-01 22:25:00,1.157215,1.157985,1.156605,1.156605,0
2026-06-01 22:30:00,1.156625,1.159465,1.156575,1.159425,0
2026-06-01 22:35:00,1.159455,1.159805,1.158015,1.158825,0
2026-06-01 22:40:00,1.158845,1.160485,1.158845,1.159565,0
2026-06-01 22:45:00,1.159545,1.160155,1.159125,1.160025,0
2026-06-01 22:50:00,1.160055,1.160895,1.159835,1.160325,0
2026-06-01 22:55:00,1.160375,1.161265,1.159675,1.160895,0
2026-06-01 23:00:00,1.160935,1.160995,1.159605,1.159765,0
2026-06-01 23:05:00,1.159795,1.160215,1.158945,1.159115,0
2026-06-01 23:10:00,1.159105,1.159965,1.157575,1.159685,0
2026-06-01 23:15:00,1.159685,1.160075,1.158975,1.160015,0
2026-06-01 23:20:00,1.160005,1.160735,1.159645,1.159805,0
2026-06-01 23:25:00,1.159825,1.160705,1.159715,1.159975,0
2026-06-01 23:30:00,1.159935,1.160545,1.159495,1.160485,0
2026-06-01 23:35:00,1.160495,1.161825,1.160225,1.161795,0
2026-06-01 23:40:00,1.161835,1.161875,1.159815,1.159985,0
2026-06-01 23:45:00,1.159995,1.160125,1.157445,1.157925,0
2026-06-01 23:50:00,1.157945,1.159395,1.157745,1.159045,0
2026-06-01 23:55:00,1.159035,1.159465,1.157995,1.158105,0
2026-06-02 00:00:00,1.158085,1.158685,1.157735,1.158315,0
2026-06-02 00:05:00,1.158385,1.160385,1.158305,1.159295,0
2026-06-02 00:10:00,1.159305,1.159905,1.158615,1.159055,0
2026-06-02 00:15:00,1.159025,1.160495,1.158325,1.160365,0
2026-06-02 00:20:00,1.160345,1.161305,1.160115,1.161095,0
2026-06-02 00:25:00,1.161075,1.162295,1.160805,1.161935,0
2026-06-02 00:30:00,1.161995,1.163105,1.161565,1.162265,0
2026-06-02 00:35:00,1.162315,1.162505,1.160255,1.160455,0
2026-06-02 00:40:00,1.160445,1.161815,1.160405,1.160775,0
2026-06-02 00:45:00,1.160795,1.161325,1.160325,1.161045,0
2026-06-02 00:50:00,1.161015,1.163205,1.161015,1.162915,0
2026-06-02 00:55:00,1.162935,1.163845,1.162755,1.163365,0
2026-06-02 01:00:00,1.163375,1.163375,1.161495,1.162355,0
2026-06-02 01:05:00,1.162305,1.163725,1.162235,1.163415,0
2026-06-02 01:10:00,1.163405,1.163525,1.162355,1.162365,0
2026-06-02 01:15:00,1.162395,1.162575,1.161225,1.161825,0
2026-06-02 01:20:00,1.161815,1.162615,1.161595,1.162225,0
2026-06-02 01:25:00,1.162245,1.164835,1.161775,1.164745,0
2026-06-02 01:30:00,1.164735,1.166635,1.164605,1.166625,0
2026-06-02 01:35:00,1.166565,1.168995,1.166525,1.168635,0
2026-06-02 01:40:00,1.168685,1.169095,1.166285,1.166555,0
2026-06-02 01:45:00,1.166515,1.166715,1.164685,1.165375,0
2026-06-02 01:50:00,1.165365,1.166915,1.165255,1.166915,0
2026-06-02 01:55:00,1.166945,1.167255,1.165875,1.165915,0
2026-06-02 02:00:00,1.165875,1.166595,1.164935,1.165045,0
2026-06-02 02:05:00,1.165025,1.166015,1.164525,1.164665,0
2026-06-02 02:10:00,1.164635,1.165115,1.164075,1.164245,0
2026-06-02 02:15:00,1.164235,1.165835,1.164015,1.165525,0
2026-06-02 02:20:00,1.165505,1.166045,1.164615,1.164925,0
2026-06-02 02:25:00,1.164905,1.166105,1.164685,1.165895,0
2026-06-02 02:30:00,1.165905,1.166425,1.164305,1.164475,0
2026-06-02 02:35:00,1.164465,1.166615,1.164285,1.166615,0
2026-06-02 02:40:00,1.166585,1.167495,1.166195,1.167435,0
2026-06-02 02:45:00,1.167455,1.167885,1.166575,1.167345,0
2026-06-02 02:50:00,1.167315,1.168365,1.166875,1.168365,0
2026-06-02 02:55:00,1.168335,1.169195,1.168095,1.168575,0
2026-06-02 03:00:00,1.168595,1.169215,1.166845,1.167105,0
2026-06-02 03:05:00,1.167125,1.168125,1.166255,1.168125,0
2026-06-02 03:10:00,1.168195,1.168925,1.167115,1.167515,0
2026-06-02 03:15:00,1.167505,1.168305,1.166855,1.168135,0
2026-06-02 03:20:00,1.168075,1.168295,1.166865,1.167055,0
2026-06-02 03:25:00,1.167075,1.167805,1.166635,1.167075,0
2026-06-02 03:30:00,1.167055,1.167705,1.166635,1.167075,0
2026-06-02 03:35:00,1.167015,1.167725,1.166455,1.166505,0
2026-06-02 03:40:00,1.166515,1.167065,1.166115,1.166605,0
2026-06-02 03:45:00,1.166665,1.167065,1.165895,1.167025,0
2026-06-02 03:50:00,1.167035,1.167475,1.166505,1.167035,0
2026-06-02 03:55:00,1.167045,1.168525,1.166795,1.167455,0
2026-06-02 04:00:00,1.167435,1.167615,1.165725,1.165805,0
2026-06-02 04:05:00,1.165825,1.167385,1.165825,1.165945,0
2026-06-02 04:10:00,1.165935,1.168035,1.165865,1.167985,0
2026-06-02 04:15:00,1.168015,1.168135,1.166675,1.168095,0
2026-06-02 04:20:00,1.168105,1.170435,1.168055,1.170305,0
2026-06-02 04:25:00,1.170295,1.170785,1.168895,1.169385,0
2026-06-02 04:30:00,1.169405,1.169745,1.168385,1.169185,0
2026-06-02 04:35:00,1.169205,1.171335,1.169095,1.171135,0
2026-06-02 04:40:00,1.171175,1.171565,1.170705,1.170925,0
2026-06-02 04:45:00,1.170945,1.171985,1.170875,1.171055,0
2026-06-02 04:50:00,1.171085,1.172285,1.170605,1.172255,0
2026-06-02 04:55:00,1.172265,1.173615,1.171955,1.171975,0
2026-06-02 05:00:00,1.171985,1.174545,1.171675,1.174365,0
2026-06-02 05:05:00,1.174335,1.174585,1.173615,1.174355,0
2026-06-02 05:10:00,1.174345,1.175715,1.174205,1.175255,0
2026-06-02 05:15:00,1.175235,1.175315,1.173705,1.173865,0
2026-06-02 05:20:00,1.173845,1.174515,1.172975,1.174335,0
2026-06-02 05:25:00,1.174305,1.175485,1.174035,1.174895,0
2026-06-02 05:30:00,1.174925,1.175845,1.174805,1.175045,0
2026-06-02 05:35:00,1.175105,1.176405,1.174965,1.175965,0
2026-06-02 05:40:00,1.175925,1.176585,1.174955,1.176245,0
2026-06-02 05:45:00,1.176305,1.176975,1.175555,1.176295,0
2026-06-02 05:50:00,1.176285,1.176495,1.175135,1.175215,0
2026-06-02 05:55:00,1.175185,1.175485,1.173915,1.174135,0
2026-06-02 06:00:00,1.174195,1.174775,1.173745,1.173875,0
2026-06-02 06:05:00,1.173895,1.174085,1.173135,1.173825,0
2026-06-02 06:10:00,1.173855,1.175005,1.172805,1.172905,0
2026-06-02 06:15:00,1.172865,1.174135,1.172745,1.173385,0
2026-06-02 06:20:00,1.173425,1.173635,1.172305,1.172305,0
2026-06-02 06:25:00,1.172285,1.172655,1.171345,1.171405,0
2026-06-02 06:30:00,1.171385,1.174015,1.171275,1.173665,0
2026-06-02 06:35:00,1.173685,1.174075,1.171625,1.172185,0
2026-06-02 06:40:00,1.172195,1.172205,1.171035,1.172025,0
2026-06-02 06:45:00,1.172035,1.172725,1.171595,1.172055,0
2026-06-02 06:50:00,1.172045,1.172515,1.171555,1.172055,0
2026-06-02 06:55:00,1.172095,1.172995,1.172035,1.172725,0
2026-06-02 07:00:00,1.172775,1.173675,1.172535,1.173545,0
2026-06-02 07:05:00,1.173665,1.174785,1.173445,1.173895,0
2026-06-02 07:10:00,1.173915,1.174405,1.170055,1.170105,0
2026-06-02 07:15:00,1.170055,1.171585,1.170035,1.170635,0
2026-06-02 07:20:00,1.170575,1.170715,1.168685,1.169395,0
2026-06-02 07:25:00,1.169385,1.171495,1.169365,1.171365,0
2026-06-02 07:30:00,1.171375,1.171465,1.170115,1.170185,0
2026-06-02 07:35:00,1.170185,1.170375,1.168775,1.169465,0
2026-06-02 07:40:00,1.169425,1.169815,1.168465,1.168635,0
2026-06-02 07:45:00,1.168655,1.169225,1.167855,1.167865,0
2026-06-02 07:50:00,1.167875,1.168815,1.167385,1.168395,0
2026-06-02 07:55:00,1.168385,1.169155,1.167635,1.168835,0
2026-06-02 08:00:00,1.168785,1.169555,1.167785,1.169525,0
2026-06-02 08:10:00,1.169525,1.169525,1.164005,1.165295,0
2026-06-02 08:15:00,1.165335,1.166965,1.164945,1.166725,0
2026-06-02 08:20:00,1.166745,1.167465,1.165925,1.166095,0
2026-06-02 08:25:00,1.166055,1.166715,1.165625,1.166105,0
2026-06-02 08:30:00,1.166115,1.166855,1.165225,1.165305,0
2026-06-02 08:35:00,1.165295,1.167415,1.165195,1.167255,0
2026-06-02 08:40:00,1.167205,1.167425,1.166385,1.166685,0
2026-06-02 08:45:00,1.166675,1.167345,1.164255,1.164325,0
2026-06-02 08:50:00,1.164385,1.165265,1.163765,1.164865,0
2026-06-02 08:55:00,1.164875,1.165265,1.164375,1.164445,0
2026-06-02 09:00:00,1.164455,1.165045,1.163755,1.163945,0
2026-06-02 09:05:00,1.163925,1.165175,1.163615,1.164245,0
2026-06-02 09:10:00,1.164265,1.164445,1.162335,1.162605,0
2026-06-02 09:15:00,1.162555,1.163385,1.162235,1.163155,0
2026-06-02 09:20:00,1.163095,1.163275,1.161715,1.161725,0
2026-06-02 09:25:00,1.161775,1.162265,1.160835,1.160985,0
2026-06-02 09:30:00,1.160995,1.161095,1.159455,1.159485,0
2026-06-02 09:35:00,1.159445,1.159445,1.158225,1.158765,0
2026-06-02 09:40:00,1.158785,1.159685,1.158105,1.158105,0
2026-06-02 09:45:00,1.158125,1.158385,1.157275,1.158005,0
2026-06-02 09:50:00,1.157935,1.159255,1.157565,1.157875,0
2026-06-02 09:55:00,1.157865,1.158895,1.157575,1.157655,0
2026-06-02 10:00:00,1.157645,1.158025,1.156805,1.157525,0
2026-06-02 10:05:00,1.157465,1.157715,1.156775,1.157465,0
2026-06-02 10:10:00,1.157445,1.158405,1.157355,1.158085,0
2026-06-02 10:15:00,1.158075,1.159585,1.158015,1.158695,0
2026-06-02 10:20:00,1.158675,1.159695,1.158225,1.159535,0
2026-06-02 10:25:00,1.159525,1.159715,1.157765,1.157785,0
2026-06-02 10:30:00,1.157745,1.157795,1.156255,1.156725,0
2026-06-02 10:35:00,1.156705,1.157365,1.155925,1.157345,0
2026-06-02 10:40:00,1.157295,1.157355,1.156045,1.156955,0
2026-06-02 10:45:00,1.156915,1.157795,1.156835,1.157685,0
2026-06-02 10:50:00,1.157645,1.158825,1.157555,1.158805,0
2026-06-02 10:55:00,1.158865,1.161055,1.158645,1.160935,0
2026-06-02 11:00:00,1.160935,1.162735,1.160465,1.162685,0
2026-06-02 11:05:00,1.162675,1.163175,1.161815,1.161895,0
2026-06-02 11:10:00,1.161915,1.161945,1.160425,1.160595,0
2026-06-02 11:15:00,1.160605,1.162165,1.160055,1.161955,0
2026-06-02 11:20:00,1.161945,1.162145,1.159535,1.159895,0
2026-06-02 11:25:00,1.159905,1.160795,1.159555,1.159965,0
2026-06-02 11:30:00,1.159975,1.160135,1.158925,1.159265,0
2026-06-02 11:35:00,1.159305,1.160645,1.159075,1.160485,0
2026-06-02 11:40:00,1.160475,1.160565,1.159265,1.159745,0
2026-06-02 11:45:00,1.159735,1.160975,1.159655,1.160705,0
2026-06-02 11:50:00,1.160695,1.161525,1.160295,1.160925,0
2026-06-02 11:55:00,1.160965,1.161225,1.159625,1.159695,0
2026-06-02 12:00:00,1.159735,1.160805,1.158985,1.160525,0
2026-06-02 12:05:00,1.160565,1.161345,1.159375,1.159375,0
2026-06-02 12:10:00,1.159315,1.160245,1.159035,1.159905,0
2026-06-02 12:15:00,1.159865,1.159865,1.158685,1.159455,0
2026-06-02 12:20:00,1.159475,1.160675,1.159405,1.160075,0
2026-06-02 12:25:00,1.160125,1.161075,1.159315,1.160075,0
2026-06-02 12:30:00,1.160055,1.160635,1.159525,1.159695,0
2026-06-02 12:35:00,1.159735,1.160315,1.158575,1.160315,0
2026-06-02 12:40:00,1.160245,1.160395,1.158795,1.159795,0
2026-06-02 12:45:00,1.159785,1.160245,1.158665,1.159205,0
2026-06-02 12:50:00,1.159235,1.159925,1.158845,1.159055,0
2026-06-02 12:55:00,1.159145,1.159245,1.157755,1.157785,0
2026-06-02 13:00:00,1.157765,1.158005,1.156875,1.157125,0
2026-06-02 13:05:00,1.157135,1.157635,1.156295,1.156705,0
2026-06-02 13:10:00,1.156685,1.157555,1.155265,1.157095,0
2026-06-02 13:15:00,1.157085,1.158005,1.156725,1.157675,0
2026-06-02 13:20:00,1.157695,1.158395,1.156585,1.156695,0
2026-06-02 13:25:00,1.156705,1.157465,1.156155,1.156455,0
2026-06-02 13:30:00,1.156435,1.156585,1.154495,1.155045,0
2026-06-02 13:35:00,1.155055,1.155835,1.154645,1.155615,0
2026-06-02 13:40:00,1.155605,1.156885,1.155585,1.156085,0
2026-06-02 13:45:00,1.156155,1.156795,1.155735,1.155975,0
2026-06-02 13:50:00,1.155945,1.157035,1.155695,1.156485,0
2026-06-02 13:55:00,1.156465,1.157385,1.156005,1.156935,0
2026-06-02 14:00:00,1.156945,1.157465,1.155885,1.156355,0
2026-06-02 14:05:00,1.156395,1.156485,1.155285,1.156445,0
2026-06-02 14:10:00,1.156465,1.156705,1.155085,1.155435,0
2026-06-02 14:15:00,1.155365,1.155945,1.155035,1.155705,0
2026-06-02 14:20:00,1.155745,1.156345,1.154655,1.155785,0
2026-06-02 14:25:00,1.155795,1.157595,1.155405,1.157575,0
2026-06-02 14:30:00,1.157565,1.157615,1.155865,1.156345,0
2026-06-02 14:35:00,1.156325,1.157545,1.156315,1.157015,0
2026-06-02 14:40:00,1.156975,1.157095,1.155375,1.155405,0
2026-06-02 14:45:00,1.155475,1.156455,1.155105,1.155715,0
2026-06-02 14:50:00,1.155695,1.158455,1.155645,1.157925,0
2026-06-02 14:55:00,1.157875,1.157925,1.156215,1.156705,0
2026-06-02 15:00:00,1.156665,1.157485,1.156325,1.156495,0
2026-06-02 15:05:00,1.156515,1.157185,1.156155,1.156445,0
2026-06-02 15:10:00,1.156425,1.156445,1.154715,1.155345,0
2026-06-02 15:15:00,1.155385,1.155975,1.154965,1.155395,0
2026-06-02 15:20:00,1.155405,1.156895,1.155325,1.155645,0
2026-06-02 15:25:00,1.155625,1.156245,1.155355,1.155955,0
2026-06-02 15:30:00,1.155985,1.157305,1.155555,1.156565,0
2026-06-02 15:35:00,1.156585,1.156675,1.155515,1.155965,0
2026-06-02 15:40:00,1.156085,1.156695,1.155525,1.155835,0
2026-06-02 15:45:00,1.155845,1.157315,1.155585,1.157205,0
2026-06-02 15:50:00,1.157215,1.158175,1.156405,1.157005,0
2026-06-02 15:55:00,1.157015,1.157095,1.155875,1.156985,0
2026-06-02 16:00:00,1.156975,1.157035,1.154865,1.155045,0
2026-06-02 16:05:00,1.155025,1.155855,1.154525,1.155365,0
2026-06-02 16:10:00,1.155235,1.155995,1.154595,1.154875,0
2026-06-02 16:15:00,1.154815,1.156745,1.154395,1.156535,0
2026-06-02 16:20:00,1.156545,1.156665,1.155635,1.156435,0
2026-06-02 16:25:00,1.156485,1.157405,1.155275,1.155805,0
2026-06-02 16:30:00,1.155895,1.156405,1.155215,1.155645,0
2026-06-02 16:35:00,1.155755,1.156755,1.155525,1.156375,0
2026-06-02 16:40:00,1.156355,1.156415,1.154375,1.155525,0
2026-06-02 16:45:00,1.155545,1.158075,1.155465,1.157685,0
2026-06-02 16:50:00,1.157775,1.158365,1.157025,1.157915,0
2026-06-02 16:55:00,1.157905,1.160175,1.157745,1.160025,0
2026-06-02 17:00:00,1.160045,1.160425,1.159275,1.159905,0
2026-06-02 17:05:00,1.159915,1.161085,1.159615,1.160705,0
2026-06-02 17:10:00,1.160695,1.161795,1.160645,1.161755,0
2026-06-02 17:15:00,1.161765,1.162455,1.160985,1.161145,0
2026-06-02 17:20:00,1.161195,1.161695,1.160655,1.160995,0
2026-06-02 17:25:00,1.161055,1.162385,1.160725,1.161635,0
2026-06-02 17:30:00,1.161645,1.162185,1.161045,1.161685,0
2026-06-02 17:35:00,1.161695,1.163235,1.161485,1.161515,0
2026-06-02 17:40:00,1.161545,1.162115,1.161095,1.161415,0
2026-06-02 17:45:00,1.161425,1.161455,1.157835,1.158005,0
2026-06-02 17:50:00,1.158035,1.158365,1.157105,1.157775,0
2026-06-02 17:55:00,1.157735,1.158275,1.156745,1.156995,0
2026-06-02 18:00:00,1.156975,1.157205,1.156095,1.156385,0
2026-06-02 18:05:00,1.156515,1.156655,1.155145,1.155305,0
2026-06-02 18:10:00,1.155335,1.156315,1.155035,1.155775,0
2026-06-02 18:15:00,1.155765,1.156365,1.155135,1.155155,0
2026-06-02 18:20:00,1.155135,1.155725,1.154215,1.154605,0
2026-06-02 18:25:00,1.154465,1.155115,1.153625,1.154005,0
2026-06-02 18:30:00,1.154035,1.155255,1.153245,1.155235,0
2026-06-02 18:35:00,1.155215,1.156435,1.155185,1.156095,0
2026-06-02 18:40:00,1.156115,1.157015,1.155795,1.156905,0
2026-06-02 18:45:00,1.156915,1.157765,1.156615,1.157625,0
2026-06-02 18:50:00,1.157615,1.157655,1.155775,1.156775,0
2026-06-02 18:55:00,1.156745,1.157205,1.155845,1.155885,0
2026-06-02 19:00:00,1.155905,1.156355,1.155505,1.155505,0
2026-06-02 19:05:00,1.155525,1.155915,1.153305,1.153405,0
2026-06-02 19:10:00,1.153465,1.154815,1.153425,1.154235,0
2026-06-02 19:15:00,1.154215,1.154895,1.153635,1.154595,0
2026-06-02 19:20:00,1.154565,1.154965,1.153935,1.154065,0
2026-06-02 19:25:00,1.154045,1.154975,1.153935,1.154455,0
2026-06-02 19:30:00,1.154465,1.154595,1.152265,1.152385,0
2026-06-02 19:35:00,1.152375,1.152755,1.150855,1.150995,0
2026-06-02 19:40:00,1.150985,1.152955,1.150825,1.152885,0
2026-06-02 19:45:00,1.152875,1.153755,1.152635,1.152755,0
2026-06-02 19:50:00,1.152745,1.152785,1.151565,1.152475,0
2026-06-02 19:55:00,1.152465,1.152735,1.151225,1.151885,0
2026-06-02 20:00:00,1.151875,1.151955,1.150995,1.151165,0
2026-06-02 20:05:00,1.151175,1.151515,1.149335,1.149455,0
2026-06-02 20:10:00,1.149425,1.149665,1.148875,1.149575,0
2026-06-02 20:15:00,1.149555,1.149635,1.148415,1.148985,0
2026-06-02 20:20:00,1.148995,1.149035,1.147625,1.148085,0
2026-06-02 20:25:00,1.148065,1.148085,1.146485,1.147385,0
2026-06-02 20:30:00,1.147365,1.147365,1.145945,1.146255,0
2026-06-02 20:35:00,1.146225,1.147965,1.145845,1.147595,0
2026-06-02 20:40:00,1.147615,1.148125,1.146905,1.147995,0
2026-06-02 20:45:00,1.147975,1.149465,1.147655,1.148935,0
2026-06-02 20:50:00,1.148955,1.149355,1.148175,1.148595,0
2026-06-02 20:55:00,1.148575,1.148855,1.146785,1.147245,0
2026-06-02 21:00:00,1.147225,1.148035,1.146595,1.146595,0
2026-06-02 21:05:00,1.146535,1.148595,1.146205,1.148535,0
2026-06-02 21:10:00,1.148515,1.148665,1.147185,1.148515,0
2026-06-02 21:15:00,1.148565,1.150755,1.148535,1.150755,0
2026-06-02 21:20:00,1.150745,1.151635,1.149755,1.150925,0
2026-06-02 21:25:00,1.150965,1.151065,1.149005,1.149995,0
2026-06-02 21:30:00,1.150025,1.150305,1.148825,1.148865,0
2026-06-02 21:35:00,1.148855,1.150235,1.148615,1.148955,0
2026-06-02 21:40:00,1.148965,1.150125,1.148885,1.149495,0
2026-06-02 21:45:00,1.149455,1.151415,1.149375,1.150385,0
2026-06-02 21:50:00,1.150405,1.150965,1.149655,1.150515,0
2026-06-02 21:55:00,1.150505,1.151975,1.150195,1.151975,0
2026-06-02 22:00:00,1.151955,1.152005,1.150965,1.151625,0
2026-06-02 22:05:00,1.151615,1.151775,1.150155,1.150675,0
2026-06-02 22:10:00,1.150685,1.151625,1.150465,1.150555,0
2026-06-02 22:15:00,1.150535,1.151875,1.150015,1.151665,0
2026-06-02 22:20:00,1.151625,1.152255,1.151075,1.152255,0
2026-06-02 22:25:00,1.152235,1.152235,1.150325,1.151675,0
2026-06-02 22:30:00,1.151635,1.152395,1.150905,1.152005,0
2026-06-02 22:35:00,1.152025,1.152615,1.150585,1.150895,0
2026-06-02 22:40:00,1.150855,1.150955,1.149595,1.150025,0
2026-06-02 22:45:00,1.150005,1.151655,1.149745,1.151635,0
2026-06-02 22:50:00,1.151655,1.152035,1.150225,1.151035,0
2026-06-02 22:55:00,1.151005,1.151215,1.149935,1.150625,0
2026-06-02 23:00:00,1.150615,1.150695,1.148995,1.149215,0
2026-06-02 23:05:00,1.149245,1.149285,1.148085,1.148625,0
2026-06-02 23:10:00,1.148635,1.150735,1.148635,1.150535,0
2026-06-02 23:15:00,1.150515,1.151285,1.150035,1.150465,0
2026-06-02 23:20:00,1.150455,1.151505,1.150095,1.151495,0
2026-06-02 23:25:00,1.151545,1.151855,1.151025,1.151105,0
2026-06-02 23:30:00,1.151125,1.151305,1.150415,1.150745,0
2026-06-02 23:35:00,1.150725,1.151555,1.150425,1.151025,0
2026-06-02 23:40:00,1.150915,1.151015,1.149325,1.149835,0
2026-06-02 23:45:00,1.149865,1.150325,1.148325,1.148325,0
2026-06-02 23:50:00,1.148315,1.148715,1.147445,1.147485,0
2026-06-02 23:55:00,1.147465,1.148235,1.146215,1.147055,0
2026-06-03 00:00:00,1.147085,1.147935,1.146695,1.146975,0
2026-06-03 00:05:00,1.147025,1.147635,1.146345,1.147345,0
2026-06-03 00:10:00,1.147355,1.149185,1.147095,1.148655,0
2026-06-03 00:15:00,1.148645,1.150215,1.148515,1.149645,0
2026-06-03 00:20:00,1.149655,1.150735,1.149225,1.150475,0
2026-06-03 00:25:00,1.150455,1.151165,1.148775,1.149035,0
2026-06-03 00:30:00,1.149025,1.149555,1.148235,1.149555,0
2026-06-03 00:35:00,1.149565,1.150015,1.148525,1.149145,0
2026-06-03 00:40:00,1.149135,1.149875,1.148215,1.149715,0
2026-06-03 00:45:00,1.149705,1.149945,1.149035,1.149335,0
2026-06-03 00:50:00,1.149295,1.150575,1.149035,1.150205,0
2026-06-03 00:55:00,1.150195,1.151795,1.150135,1.151685,0
2026-06-03 01:00:00,1.151715,1.153075,1.151615,1.152925,0
2026-06-03 01:05:00,1.152855,1.153855,1.152605,1.153685,0
2026-06-03 01:10:00,1.153675,1.154145,1.152645,1.152645,0
2026-06-03 01:15:00,1.152625,1.153085,1.151765,1.152935,0
2026-06-03 01:20:00,1.152905,1.153115,1.151615,1.152095,0
2026-06-03 01:25:00,1.152085,1.152545,1.151605,1.152545,0
2026-06-03 01:30:00,1.152575,1.152725,1.151225,1.151785,0
2026-06-03 01:35:00,1.151735,1.151915,1.150175,1.150865,0
2026-06-03 01:40:00,1.150855,1.151325,1.148465,1.148705,0
2026-06-03 01:45:00,1.148675,1.150015,1.148085,1.150005,0
2026-06-03 01:50:00,1.149985,1.150205,1.149235,1.149925,0
2026-06-03 01:55:00,1.149935,1.150085,1.147285,1.147415,0
2026-06-03 02:00:00,1.147465,1.147775,1.146215,1.146345,0
2026-06-03 02:05:00,1.146305,1.147185,1.145955,1.146525,0
2026-06-03 02:10:00,1.146565,1.146665,1.145285,1.146255,0
2026-06-03 02:15:00,1.146235,1.147885,1.146105,1.147885,0
2026-06-03 02:20:00,1.147915,1.148105,1.147205,1.147635,0
2026-06-03 02:25:00,1.147665,1.148745,1.147635,1.148225,0
2026-06-03 02:30:00,1.148195,1.148205,1.146445,1.146795,0
2026-06-03 02:35:00,1.146785,1.147755,1.145845,1.147395,0
2026-06-03 02:40:00,1.147445,1.148675,1.147375,1.148245,0
2026-06-03 02:45:00,1.148255,1.148715,1.147425,1.148715,0
2026-06-03 02:50:00,1.148725,1.150285,1.148155,1.150275,0
2026-06-03 02:55:00,1.150165,1.152235,1.150075,1.151805,0
2026-06-03 03:00:00,1.151815,1.151995,1.149875,1.150865,0
2026-06-03 03:05:00,1.150915,1.152565,1.150645,1.150965,0
2026-06-03 03:10:00,1.150985,1.151415,1.150545,1.150935,0
2026-06-03 03:15:00,1.150985,1.151035,1.149835,1.150525,0
2026-06-03 03:20:00,1.150515,1.151685,1.150025,1.150045,0
2026-06-03 03:25:00,1.150035,1.150845,1.149615,1.150005,0
2026-06-03 03:30:00,1.150045,1.150475,1.149255,1.149255,0
2026-06-03 03:35:00,1.149265,1.150045,1.148665,1.148705,0
2026-06-03 03:40:00,1.148665,1.149245,1.147795,1.149075,0
2026-06-03 03:45:00,1.149045,1.150155,1.148145,1.149205,0
2026-06-03 03:50:00,1.149175,1.150415,1.148715,1.148895,0
2026-06-03 03:55:00,1.148905,1.149775,1.148485,1.149575,0
2026-06-03 04:00:00,1.149605,1.151145,1.149255,1.150275,0
2026-06-03 04:05:00,1.150255,1.150775,1.150005,1.150135,0
2026-06-03 04:10:00,1.150125,1.150435,1.148605,1.148635,0
2026-06-03 04:15:00,1.148715,1.150215,1.148605,1.149455,0
2026-06-03 04:20:00,1.149435,1.150675,1.149015,1.150355,0
2026-06-03 04:25:00,1.150385,1.151925,1.150215,1.151805,0
2026-06-03 04:30:00,1.151845,1.151945,1.150285,1.150365,0
2026-06-03 04:35:00,1.150335,1.151275,1.150195,1.150375,0
2026-06-03 04:40:00,1.150365,1.150735,1.148815,1.148995,0
2026-06-03 04:45:00,1.148975,1.149025,1.147715,1.148795,0
2026-06-03 04:50:00,1.148785,1.149775,1.148415,1.148995,0
2026-06-03 04:55:00,1.149005,1.149645,1.147405,1.147455,0
2026-06-03 05:00:00,1.147415,1.149315,1.147005,1.149315,0
2026-06-03 05:05:00,1.149325,1.150775,1.148625,1.150675,0
2026-06-03 05:10:00,1.150655,1.151855,1.149925,1.151255,0
2026-06-03 05:15:00,1.151265,1.152795,1.150755,1.152335,0
2026-06-03 05:20:00,1.152345,1.152835,1.150965,1.150985,0
2026-06-03 05:25:00,1.150875,1.152525,1.150795,1.152415,0
2026-06-03 05:30:00,1.152405,1.152945,1.151715,1.151855,0
2026-06-03 05:35:00,1.151825,1.153945,1.151765,1.153935,0
2026-06-03 05:40:00,1.153965,1.154015,1.152685,1.153135,0
2026-06-03 05:45:00,1.153155,1.154105,1.152725,1.154105,0
2026-06-03 05:50:00,1.154115,1.155955,1.153875,1.155775,0
2026-06-03 05:55:00,1.155785,1.156695,1.154745,1.154915,0
2026-06-03 06:00:00,1.154845,1.154855,1.153745,1.154075,0
2026-06-03 06:05:00,1.154095,1.154225,1.152995,1.153065,0
2026-06-03 06:10:00,1.153055,1.154085,1.152805,1.153685,0
2026-06-03 06:15:00,1.153715,1.153715,1.152605,1.152625,0
2026-06-03 06:20:00,1.152655,1.153805,1.152355,1.153635,0
2026-06-03 06:25:00,1.153575,1.154205,1.152685,1.153405,0
2026-06-03 06:30:00,1.153395,1.154065,1.152745,1.154045,0
2026-06-03 06:35:00,1.154025,1.154925,1.153725,1.153755,0
2026-06-03 06:40:00,1.153775,1.154705,1.153125,1.154195,0
2026-06-03 06:45:00,1.154175,1.155695,1.154065,1.155525,0
2026-06-03 06:50:00,1.155505,1.156245,1.155425,1.155685,0
2026-06-03 06:55:00,1.155715,1.156415,1.155545,1.155835,0
2026-06-03 07:00:00,1.155845,1.155925,1.154085,1.154265,0
2026-06-03 07:05:00,1.154325,1.154505,1.153355,1.153465,0
2026-06-03 07:10:00,1.153405,1.153965,1.151775,1.151915,0
2026-06-03 07:15:00,1.151855,1.152505,1.150795,1.151675,0
2026-06-03 07:20:00,1.151665,1.151775,1.150395,1.150655,0
2026-06-03 07:25:00,1.150625,1.150805,1.149085,1.149085,0
2026-06-03 07:30:00,1.149105,1.149325,1.147825,1.148865,0
2026-06-03 07:35:00,1.148895,1.149275,1.148175,1.148635,0
2026-06-03 07:40:00,1.148605,1.149485,1.148105,1.149105,0
2026-06-03 07:45:00,1.149115,1.150315,1.148995,1.150245,0
2026-06-03 07:50:00,1.150265,1.150685,1.149645,1.150215,0
2026-06-03 07:55:00,1.150085,1.150545,1.149525,1.150155,0
2026-06-03 08:00:00,1.150125,1.150195,1.148785,1.148855,0
2026-06-03 08:10:00,1.148855,1.161945,1.148855,1.160275,0
2026-06-03 08:15:00,1.160265,1.163125,1.160225,1.163105,0
2026-06-03 08:20:00,1.163135,1.163875,1.162495,1.163675,0
2026-06-03 08:25:00,1.163705,1.164635,1.163285,1.164475,0
2026-06-03 08:30:00,1.164525,1.164535,1.163365,1.163715,0
2026-06-03 08:35:00,1.163705,1.164585,1.163015,1.164565,0
2026-06-03 08:40:00,1.164585,1.165525,1.164225,1.164535,0
2026-06-03 08:45:00,1.164515,1.165465,1.164435,1.165215,0
2026-06-03 08:50:00,1.165235,1.165525,1.164105,1.164285,0
2026-06-03 08:55:00,1.164225,1.164445,1.162755,1.163015,0
2026-06-03 09:00:00,1.163055,1.163835,1.162965,1.163375,0
2026-06-03 09:05:00,1.163385,1.164645,1.163305,1.163685,0
2026-06-03 09:10:00,1.163695,1.164775,1.163315,1.164115,0
2026-06-03 09:15:00,1.164095,1.164095,1.162705,1.163915,0
2026-06-03 09:20:00,1.163895,1.165895,1.163605,1.165575,0
2026-06-03 09:25:00,1.165585,1.165615,1.163835,1.163995,0
2026-06-03 09:30:00,1.164025,1.165695,1.163755,1.165495,0
2026-06-03 09:35:00,1.165455,1.167095,1.165095,1.166965,0
2026-06-03 09:40:00,1.166925,1.167345,1.165055,1.166115,0
2026-06-03 09:45:00,1.166105,1.166175,1.164815,1.165125,0
2026-06-03 09:50:00,1.165115,1.165115,1.162355,1.162845,0
2026-06-03 09:55:00,1.162855,1.163325,1.162015,1.162745,0
2026-06-03 10:00:00,1.162715,1.162755,1.160835,1.160955,0
2026-06-03 10:05:00,1.160985,1.161095,1.159675,1.160015,0
2026-06-03 10:10:00,1.160005,1.160725,1.159605,1.160655,0
2026-06-03 10:15:00,1.160665,1.160905,1.159205,1.159625,0
2026-06-03 10:20:00,1.159645,1.160555,1.159405,1.160475,0
2026-06-03 10:25:00,1.160485,1.161605,1.159995,1.160885,0
2026-06-03 10:30:00,1.160865,1.160875,1.159055,1.160505,0
2026-06-03 10:35:00,1.160495,1.163845,1.159845,1.163775,0
2026-06-03 10:40:00,1.163785,1.164785,1.162905,1.164065,0
2026-06-03 10:45:00,1.164035,1.164275,1.163165,1.163805,0
2026-06-03 10:50:00,1.163785,1.164455,1.163165,1.163175,0
2026-06-03 10:55:00,1.163165,1.163525,1.162105,1.162345,0
2026-06-03 11:00:00,1.162375,1.163205,1.161935,1.161965,0
2026-06-03 11:05:00,1.161975,1.162505,1.161085,1.161505,0
2026-06-03 11:10:00,1.161525,1.162015,1.161065,1.161595,0
2026-06-03 11:15:00,1.161655,1.162955,1.161025,1.162325,0
2026-06-03 11:20:00,1.162365,1.162565,1.160185,1.160475,0
2026-06-03 11:25:00,1.160465,1.160685,1.159655,1.159965,0
2026-06-03 11:30:00,1.159945,1.159965,1.158035,1.159145,0
2026-06-03 11:35:00,1.159105,1.159105,1.156415,1.157345,0
2026-06-03 11:40:00,1.157315,1.157845,1.156545,1.157845,0
2026-06-03 11:45:00,1.157795,1.158935,1.157585,1.158295,0
2026-06-03 11:50:00,1.158235,1.159295,1.157895,1.159245,0
2026-06-03 11:55:00,1.159225,1.159235,1.156915,1.157345,0
2026-06-03 12:00:00,1.157365,1.157765,1.156365,1.156495,0
2026-06-03 12:05:00,1.156505,1.156915,1.155925,1.156365,0
2026-06-03 12:10:00,1.156355,1.156525,1.154945,1.155205,0
2026-06-03 12:15:00,1.155225,1.155375,1.154415,1.155145,0
2026-06-03 12:20:00,1.155125,1.155195,1.154135,1.154415,0
2026-06-03 12:25:00,1.154425,1.154855,1.153685,1.154045,0
2026-06-03 12:30:00,1.154075,1.154405,1.153605,1.154065,0
2026-06-03 12:35:00,1.154045,1.156205,1.153955,1.156075,0
2026-06-03 12:40:00,1.156105,1.156615,1.155695,1.155695,0
2026-06-03 12:45:00,1.155705,1.157335,1.155595,1.157055,0
2026-06-03 12:50:00,1.157065,1.158045,1.156755,1.157505,0
2026-06-03 12:55:00,1.157525,1.157935,1.157035,1.157205,0
2026-06-03 13:00:00,1.157175,1.157405,1.155615,1.156475,0
2026-06-03 13:05:00,1.156445,1.157225,1.155785,1.157215,0
2026-06-03 13:10:00,1.157185,1.159865,1.156995,1.159815,0
2026-06-03 13:15:00,1.159835,1.160215,1.158935,1.159685,0
2026-06-03 13:20:00,1.159725,1.160575,1.159385,1.160485,0
2026-06-03 13:25:00,1.160465,1.161525,1.160465,1.161275,0
2026-06-03 13:30:00,1.161285,1.161815,1.161055,1.161615,0
2026-06-03 13:35:00,1.161635,1.162495,1.161195,1.161615,0
2026-06-03 13:40:00,1.161605,1.162635,1.161545,1.162155,0
2026-06-03 13:45:00,1.162145,1.163575,1.161995,1.163525,0
2026-06-03 13:50:00,1.163485,1.164955,1.163465,1.164385,0
2026-06-03 13:55:00,1.164405,1.164405,1.162835,1.163525,0
2026-06-03 14:00:00,1.163555,1.164695,1.163215,1.164645,0
2026-06-03 14:05:00,1.164635,1.165165,1.164045,1.164625,0
2026-06-03 14:10:00,1.164565,1.164805,1.163325,1.164315,0
2026-06-03 14:15:00,1.164325,1.165165,1.163865,1.164295,0
2026-06-03 14:20:00,1.164395,1.165065,1.163145,1.163675,0
2026-06-03 14:25:00,1.163665,1.164065,1.163315,1.163615,0
2026-06-03 14:30:00,1.163625,1.164235,1.162925,1.164195,0
2026-06-03 14:35:00,1.164135,1.164805,1.163175,1.163185,0
2026-06-03 14:40:00,1.163235,1.163425,1.161855,1.162455,0
2026-06-03 14:45:00,1.162435,1.162695,1.161015,1.161065,0
2026-06-03 14:50:00,1.161085,1.161285,1.159905,1.161285,0
2026-06-03 14:55:00,1.161245,1.161465,1.159065,1.159245,0
2026-06-03 15:00:00,1.159205,1.160525,1.158725,1.160515,0
2026-06-03 15:05:00,1.160635,1.160765,1.159895,1.160025,0
2026-06-03 15:10:00,1.160005,1.160885,1.159855,1.160585,0
2026-06-03 15:15:00,1.160555,1.160755,1.159895,1.159925,0
2026-06-03 15:20:00,1.159935,1.160055,1.157395,1.157445,0
2026-06-03 15:25:00,1.157515,1.158655,1.156985,1.157775,0
2026-06-03 15:30:00,1.157765,1.158325,1.156485,1.158315,0
2026-06-03 15:35:00,1.158305,1.159795,1.158305,1.159125,0
2026-06-03 15:40:00,1.159115,1.159335,1.158675,1.158685,0
2026-06-03 15:45:00,1.158725,1.159125,1.157945,1.158335,0
2026-06-03 15:50:00,1.158305,1.159615,1.158015,1.159535,0
2026-06-03 15:55:00,1.159545,1.159645,1.158415,1.158985,0
2026-06-03 16:00:00,1.158975,1.159135,1.156965,1.157005,0
2026-06-03 16:05:00,1.157015,1.157665,1.156205,1.157085,0
2026-06-03 16:10:00,1.157105,1.157265,1.155765,1.157025,0
2026-06-03 16:15:00,1.157015,1.157055,1.155795,1.156905,0
2026-06-03 16:20:00,1.156965,1.158245,1.156405,1.157125,0
2026-06-03 16:25:00,1.157105,1.157785,1.155995,1.157445,0
2026-06-03 16:30:00,1.157375,1.158375,1.157195,1.158355,0
2026-06-03 16:35:00,1.158365,1.158885,1.157065,1.157275,0
2026-06-03 16:40:00,1.157285,1.158365,1.157135,1.157995,0
2026-06-03 16:45:00,1.157985,1.159695,1.157365,1.159605,0
2026-06-03 16:50:00,1.159645,1.160875,1.159605,1.160845,0
2026-06-03 16:55:00,1.160855,1.161325,1.159975,1.159975,0
2026-06-03 17:00:00,1.159985,1.160295,1.157965,1.158935,0
2026-06-03 17:05:00,1.158965,1.159055,1.157295,1.157395,0
2026-06-03 17:10:00,1.157405,1.157455,1.154985,1.155835,0
2026-06-03 17:15:00,1.155875,1.155935,1.153215,1.153415,0
2026-06-03 17:20:00,1.153335,1.154175,1.152655,1.153955,0
2026-06-03 17:25:00,1.153935,1.154865,1.153875,1.154745,0
2026-06-03 17:30:00,1.154735,1.155565,1.153845,1.153985,0
2026-06-03 17:35:00,1.153995,1.154465,1.153425,1.153455,0
2026-06-03 17:40:00,1.153485,1.154795,1.153445,1.153745,0
2026-06-03 17:45:00,1.153705,1.155875,1.153625,1.155575,0
2026-06-03 17:50:00,1.155595,1.156315,1.155075,1.155875,0
2026-06-03 17:55:00,1.155845,1.156055,1.155105,1.155105,0
2026-06-03 18:00:00,1.155005,1.155365,1.153475,1.153475,0
2026-06-03 18:05:00,1.153595,1.154555,1.153585,1.154165,0
2026-06-03 18:10:00,1.154125,1.154145,1.153165,1.153615,0
2026-06-03 18:15:00,1.153635,1.154215,1.153185,1.153245,0
2026-06-03 18:20:00,1.153285,1.153655,1.152095,1.152635,0
2026-06-03 18:25:00,1.152645,1.152825,1.151605,1.152015,0
2026-06-03 18:30:00,1.152045,1.153595,1.151285,1.153545,0
2026-06-03 18:35:00,1.153565,1.155285,1.153565,1.155285,0
2026-06-03 18:40:00,1.155295,1.155745,1.153395,1.154075,0
2026-06-03 18:45:00,1.154055,1.155655,1.153845,1.154915,0
2026-06-03 18:50:00,1.154895,1.155645,1.154465,1.154525,0
2026-06-03 18:55:00,1.154515,1.154855,1.153995,1.154335,0
2026-06-03 19:00:00,1.154275,1.154745,1.152975,1.153715,0
2026-06-03 19:05:00,1.153735,1.154455,1.153085,1.153155,0
2026-06-03 19:10:00,1.153095,1.153835,1.152495,1.153595,0
2026-06-03 19:15:00,1.153615,1.155485,1.153615,1.155195,0
2026-06-03 19:20:00,1.155245,1.156405,1.154915,1.156375,0
2026-06-03 19:25:00,1.156385,1.156625,1.154685,1.154835,0
2026-06-03 19:30:00,1.154825,1.155215,1.153235,1.153375,0
2026-06-03 19:35:00,1.153415,1.153845,1.152765,1.153645,0
2026-06-03 19:40:00,1.153635,1.154635,1.153385,1.153735,0
2026-06-03 19:45:00,1.153695,1.153775,1.152465,1.152885,0
2026-06-03 19:50:00,1.152875,1.154285,1.152675,1.153405,0
2026-06-03 19:55:00,1.153435,1.154125,1.152875,1.153625,0
2026-06-03 20:00:00,1.153615,1.154015,1.151615,1.152235,0
2026-06-03 20:05:00,1.152205,1.152395,1.150995,1.151505,0
2026-06-03 20:10:00,1.151455,1.152655,1.151255,1.152265,0
2026-06-03 20:15:00,1.152235,1.154455,1.152185,1.153545,0
2026-06-03 20:20:00,1.153525,1.154075,1.152615,1.153775,0
2026-06-03 20:25:00,1.153785,1.155305,1.153405,1.155245,0
2026-06-03 20:30:00,1.155205,1.155395,1.153805,1.154145,0
2026-06-03 20:35:00,1.154175,1.154335,1.153155,1.153705,0
2026-06-03 20:40:00,1.153735,1.154535,1.152935,1.154345,0
2026-06-03 20:45:00,1.154325,1.154435,1.152935,1.152935,0
2026-06-03 20:50:00,1.152945,1.153785,1.151855,1.153585,0
2026-06-03 20:55:00,1.153575,1.154415,1.153445,1.153845,0
2026-06-03 21:00:00,1.153865,1.155585,1.153655,1.155255,0
2026-06-03 21:05:00,1.155245,1.158285,1.155095,1.157605,0
2026-06-03 21:10:00,1.157595,1.160255,1.157555,1.160205,0
2026-06-03 21:15:00,1.160215,1.160555,1.159345,1.160465,0
2026-06-03 21:20:00,1.160495,1.160625,1.158575,1.158675,0
2026-06-03 21:25:00,1.158785,1.159145,1.158205,1.158335,0
2026-06-03 21:30:00,1.158325,1.159525,1.157725,1.158005,0
2026-06-03 21:35:00,1.158015,1.158025,1.156795,1.156795,0
2026-06-03 21:40:00,1.156805,1.156845,1.155285,1.155825,0
2026-06-03 21:45:00,1.155815,1.157005,1.155525,1.156745,0
2026-06-03 21:50:00,1.156755,1.157805,1.156545,1.157275,0
2026-06-03 21:55:00,1.157295,1.158935,1.157175,1.158025,0
2026-06-03 22:00:00,1.158005,1.158705,1.157355,1.157445,0
2026-06-03 22:05:00,1.157455,1.158175,1.156825,1.157765,0
2026-06-03 22:10:00,1.157775,1.159275,1.157455,1.159235,0
2026-06-03 22:15:00,1.159255,1.159605,1.158725,1.158995,0
2026-06-03 22:20:00,1.158975,1.159465,1.158455,1.158645,0
2026-06-03 22:25:00,1.158685,1.159165,1.158185,1.158815,0
2026-06-03 22:30:00,1.158725,1.160705,1.158375,1.160595,0
2026-06-03 22:35:00,1.160605,1.161425,1.159895,1.160465,0
2026-06-03 22:40:00,1.160455,1.162165,1.160105,1.162115,0
2026-06-03 22:45:00,1.162095,1.162765,1.161375,1.162205,0
2026-06-03 22:50:00,1.162215,1.162315,1.160665,1.160915,0
2026-06-03 22:55:00,1.160885,1.161905,1.160735,1.161765,0
2026-06-03 23:00:00,1.161815,1.162465,1.161155,1.162115,0
2026-06-03 23:05:00,1.162105,1.164665,1.161525,1.164625,0
2026-06-03 23:10:00,1.164615,1.165215,1.164295,1.164335,0
2026-06-03 23:15:00,1.164365,1.164725,1.163345,1.164555,0
2026-06-03 23:20:00,1.164595,1.167155,1.164395,1.166975,0
2026-06-03 23:25:00,1.166925,1.168535,1.166555,1.168515,0
2026-06-03 23:30:00,1.168505,1.168565,1.166545,1.166915,0
2026-06-03 23:35:00,1.166905,1.167155,1.165395,1.165795,0
2026-06-03 23:40:00,1.165815,1.165855,1.163705,1.163895,0
2026-06-03 23:45:00,1.163905,1.164945,1.163815,1.164575,0
2026-06-03 23:50:00,1.164545,1.165775,1.164025,1.165495,0
2026-06-03 23:55:00,1.165475,1.166885,1.164945,1.166555,0
2026-06-04 00:00:00,1.166535,1.167265,1.166315,1.166805,0
2026-06-04 00:05:00,1.166815,1.167135,1.165645,1.165645,0
2026-06-04 00:10:00,1.165635,1.166785,1.165625,1.166305,0
2026-06-04 00:15:00,1.166295,1.167405,1.166165,1.166565,0
2026-06-04 00:20:00,1.166535,1.167385,1.166005,1.167005,0
2026-06-04 00:25:00,1.166965,1.167485,1.165905,1.166915,0
2026-06-04 00:30:00,1.166945,1.167595,1.166265,1.167135,0
2026-06-04 00:35:00,1.167145,1.167145,1.165315,1.165565,0
2026-06-04 00:40:00,1.165575,1.166225,1.165055,1.165945,0
2026-06-04 00:45:00,1.165925,1.166515,1.165025,1.165095,0
2026-06-04 00:50:00,1.165135,1.165285,1.163845,1.163995,0
2026-06-04 00:55:00,1.164005,1.164185,1.163305,1.163975,0
2026-06-04 01:00:00,1.163945,1.164965,1.163835,1.164865,0
2026-06-04 01:05:00,1.164855,1.165565,1.164105,1.165375,0
2026-06-04 01:10:00,1.165395,1.165685,1.163955,1.164015,0
2026-06-04 01:15:00,1.163965,1.165225,1.163455,1.164535,0
2026-06-04 01:20:00,1.164565,1.165065,1.164115,1.164425,0
2026-06-04 01:25:00,1.164335,1.165425,1.164275,1.165155,0
2026-06-04 01:30:00,1.165125,1.166195,1.164835,1.165705,0
2026-06-04 01:35:00,1.165675,1.166825,1.165655,1.165935,0
2026-06-04 01:40:00,1.165905,1.167475,1.165795,1.166975,0
2026-06-04 01:45:00,1.166965,1.168105,1.166645,1.167835,0
2026-06-04 01:50:00,1.167845,1.167995,1.165765,1.166245,0
2026-06-04 01:55:00,1.166225,1.167125,1.165655,1.165695,0
2026-06-04 02:00:00,1.165685,1.166425,1.165395,1.165575,0
2026-06-04 02:05:00,1.165565,1.166105,1.164265,1.164765,0
2026-06-04 02:10:00,1.164745,1.164745,1.163225,1.163395,0
2026-06-04 02:15:00,1.163365,1.163735,1.162355,1.162435,0
2026-06-04 02:20:00,1.162505,1.162565,1.161585,1.161865,0
2026-06-04 02:25:00,1.161885,1.163135,1.161615,1.162405,0
2026-06-04 02:30:00,1.162425,1.162845,1.161905,1.162535,0
2026-06-04 02:35:00,1.162525,1.163105,1.161525,1.161525,0
2026-06-04 02:40:00,1.161565,1.162685,1.160795,1.162675,0
2026-06-04 02:45:00,1.162655,1.163245,1.161595,1.161745,0
2026-06-04 02:50:00,1.161765,1.162895,1.161715,1.162515,0
2026-06-04 02:55:00,1.162575,1.164055,1.162295,1.164025,0
2026-06-04 03:00:00,1.164015,1.165345,1.163945,1.164295,0
2026-06-04 03:05:00,1.164245,1.164445,1.162105,1.162285,0
2026-06-04 03:10:00,1.162245,1.163265,1.161435,1.161605,0
2026-06-04 03:15:00,1.161615,1.163075,1.161105,1.162845,0
2026-06-04 03:20:00,1.162825,1.163385,1.161775,1.161895,0
2026-06-04 03:25:00,1.161905,1.163235,1.161855,1.162495,0
2026-06-04 03:30:00,1.162455,1.162945,1.160735,1.160745,0
2026-06-04 03:35:00,1.160735,1.161055,1.158835,1.158955,0
2026-06-04 03:40:00,1.158985,1.159645,1.158515,1.159205,0
2026-06-04 03:45:00,1.159215,1.161295,1.159025,1.161225,0
2026-06-04 03:50:00,1.161195,1.162235,1.160605,1.162145,0
2026-06-04 03:55:00,1.162225,1.162365,1.157555,1.157655,0
2026-06-04 04:00:00,1.157665,1.157915,1.156065,1.156405,0
2026-06-04 04:05:00,1.156385,1.157165,1.155615,1.155705,0
2026-06-04 04:10:00,1.155675,1.157585,1.155645,1.156695,0
2026-06-04 04:15:00,1.156725,1.157415,1.155775,1.156445,0
2026-06-04 04:20:00,1.156425,1.157015,1.155725,1.156555,0
2026-06-04 04:25:00,1.156595,1.156895,1.155665,1.156285,0
2026-06-04 04:30:00,1.156295,1.156305,1.155525,1.155765,0
2026-06-04 04:35:00,1.155745,1.157055,1.155655,1.155895,0
2026-06-04 04:40:00,1.155915,1.156725,1.155025,1.155455,0
2026-06-04 04:45:00,1.155425,1.157645,1.155005,1.157385,0
2026-06-04 04:50:00,1.157345,1.158665,1.156815,1.158575,0
2026-06-04 04:55:00,1.158565,1.159135,1.157865,1.158865,0
2026-06-04 05:00:00,1.158885,1.159015,1.157805,1.157965,0
2026-06-04 05:05:00,1.157975,1.159725,1.157875,1.159235,0
2026-06-04 05:10:00,1.159295,1.160415,1.158605,1.159845,0
2026-06-04 05:15:00,1.159795,1.160085,1.158795,1.159115,0
2026-06-04 05:20:00,1.159135,1.159735,1.158705,1.159145,0
2026-06-04 05:25:00,1.159115,1.159615,1.158215,1.159095,0
2026-06-04 05:30:00,1.159115,1.160325,1.158955,1.159515,0
2026-06-04 05:35:00,1.159535,1.160295,1.158935,1.159005,0
2026-06-04 05:40:00,1.158995,1.159105,1.158135,1.158395,0
2026-06-04 05:45:00,1.158405,1.159205,1.158165,1.158515,0
2026-06-04 05:50:00,1.158505,1.159135,1.157915,1.159115,0
2026-06-04 05:55:00,1.159105,1.159535,1.157235,1.157655,0
2026-06-04 06:00:00,1.157675,1.159095,1.156925,1.159095,0
2026-06-04 06:05:00,1.159055,1.160395,1.159055,1.160125,0
2026-06-04 06:10:00,1.160085,1.161225,1.159795,1.160485,0
2026-06-04 06:15:00,1.160505,1.160505,1.158175,1.158635,0
2026-06-04 06:20:00,1.158595,1.159435,1.157955,1.158595,0
2026-06-04 06:25:00,1.158615,1.159385,1.158185,1.158805,0
2026-06-04 06:30:00,1.158825,1.160215,1.158755,1.159935,0
2026-06-04 06:35:00,1.159945,1.161455,1.159575,1.159785,0
2026-06-04 06:40:00,1.159795,1.159945,1.158515,1.158965,0
2026-06-04 06:45:00,1.158945,1.159485,1.158295,1.159395,0
2026-06-04 06:50:00,1.159425,1.160355,1.159355,1.159495,0
2026-06-04 06:55:00,1.159455,1.159975,1.158635,1.159855,0
2026-06-04 07:00:00,1.159835,1.160285,1.159375,1.160155,0
2026-06-04 07:05:00,1.160135,1.161165,1.159885,1.160595,0
2026-06-04 07:10:00,1.160615,1.160635,1.159085,1.159285,0
2026-06-04 07:15:00,1.159305,1.159915,1.158975,1.159745,0
2026-06-04 07:20:00,1.159735,1.160905,1.159685,1.159995,0
2026-06-04 07:25:00,1.159965,1.161535,1.159765,1.161105,0
2026-06-04 07:30:00,1.161095,1.161735,1.160665,1.161525,0
2026-06-04 07:35:00,1.161515,1.162395,1.161475,1.162115,0
2026-06-04 07:40:00,1.162105,1.162815,1.161745,1.161895,0
2026-06-04 07:45:00,1.161935,1.162675,1.160985,1.161025,0
2026-06-04 07:50:00,1.161065,1.161155,1.158985,1.159245,0
2026-06-04 07:55:00,1.159175,1.160125,1.158035,1.160075,0
2026-06-04 08:00:00,1.160065,1.161205,1.159655,1.160615,0
2026-06-04 08:10:00,1.160615,1.161355,1.159985,1.160005,0
2026-06-04 08:15:00,1.160015,1.160835,1.159765,1.160725,0
2026-06-04 08:20:00,1.160715,1.161335,1.159705,1.161145,0
2026-06-04 08:25:00,1.161165,1.161215,1.159845,1.160565,0
2026-06-04 08:30:00,1.160595,1.160885,1.159715,1.160255,0
2026-06-04 08:35:00,1.160215,1.161615,1.160135,1.161375,0
2026-06-04 08:40:00,1.161365,1.161415,1.158515,1.159015,0
2026-06-04 08:45:00,1.159005,1.159655,1.158615,1.159445,0
2026-06-04 08:50:00,1.159465,1.159585,1.158545,1.159055,0
2026-06-04 08:55:00,1.159045,1.159515,1.158205,1.158645,0
2026-06-04 09:00:00,1.158555,1.159535,1.158355,1.159265,0
2026-06-04 09:05:00,1.159255,1.160395,1.159205,1.160155,0
2026-06-04 09:10:00,1.160145,1.161405,1.160125,1.160835,0
2026-06-04 09:15:00,1.160805,1.162535,1.160805,1.162005,0
2026-06-04 09:20:00,1.161945,1.162345,1.160745,1.160825,0
2026-06-04 09:25:00,1.160815,1.162745,1.160665,1.162545,0
2026-06-04 09:30:00,1.162535,1.163435,1.162105,1.162735,0
2026-06-04 09:35:00,1.162705,1.163475,1.162265,1.162775,0
2026-06-04 09:40:00,1.162755,1.164485,1.162505,1.163755,0
2026-06-04 09:45:00,1.163725,1.164005,1.162585,1.162945,0
2026-06-04 09:50:00,1.162935,1.163525,1.162395,1.163105,0
2026-06-04 09:55:00,1.163125,1.163855,1.162255,1.162375,0
2026-06-04 10:00:00,1.162385,1.163685,1.162075,1.163505,0
2026-06-04 10:05:00,1.163495,1.163515,1.162015,1.162525,0
2026-06-04 10:10:00,1.162465,1.162665,1.160505,1.160745,0
2026-06-04 10:15:00,1.160765,1.161755,1.160305,1.161625,0
2026-06-04 10:20:00,1.161595,1.162145,1.161185,1.161445,0
2026-06-04 10:25:00,1.161405,1.161935,1.160865,1.161745,0
2026-06-04 10:30:00,1.161755,1.162475,1.161195,1.162105,0
2026-06-04 10:35:00,1.162125,1.162345,1.160825,1.160825,0
2026-06-04 10:40:00,1.160835,1.161795,1.160485,1.161785,0
2026-06-04 10:45:00,1.161765,1.162045,1.160665,1.160915,0
2026-06-04 10:50:00,1.160925,1.161035,1.159535,1.160605,0
2026-06-04 10:55:00,1.160635,1.162095,1.160635,1.161885,0
2026-06-04 11:00:00,1.161835,1.161985,1.160655,1.161195,0
2026-06-04 11:05:00,1.161145,1.161145,1.160175,1.160715,0
2026-06-04 11:10:00,1.160745,1.162605,1.160495,1.162005,0
2026-06-04 11:15:00,1.162015,1.162655,1.160815,1.162035,0
2026-06-04 11:20:00,1.162085,1.162945,1.161835,1.162425,0
2026-06-04 11:25:00,1.162405,1.163965,1.162125,1.163055,0
2026-06-04 11:30:00,1.163075,1.163515,1.162505,1.162615,0
2026-06-04 11:35:00,1.162605,1.162945,1.161775,1.162145,0
2026-06-04 11:40:00,1.162125,1.163275,1.162045,1.162245,0
2026-06-04 11:45:00,1.162315,1.162465,1.160705,1.161365,0
2026-06-04 11:50:00,1.161395,1.162085,1.160815,1.161555,0
2026-06-04 11:55:00,1.161575,1.163685,1.161255,1.163225,0
2026-06-04 12:00:00,1.163215,1.163265,1.161745,1.162005,0
2026-06-04 12:05:00,1.162015,1.162445,1.160135,1.160955,0
2026-06-04 12:10:00,1.160935,1.161855,1.160415,1.160645,0
2026-06-04 12:15:00,1.160625,1.160625,1.157685,1.158055,0
2026-06-04 12:20:00,1.158105,1.159045,1.157525,1.157905,0
2026-06-04 12:25:00,1.157855,1.158615,1.157645,1.158135,0
2026-06-04 12:30:00,1.158115,1.158615,1.157475,1.158565,0
2026-06-04 12:35:00,1.158545,1.159345,1.157875,1.158415,0
2026-06-04 12:40:00,1.158425,1.160435,1.158215,1.159985,0
2026-06-04 12:45:00,1.160015,1.160155,1.159045,1.159295,0
2026-06-04 12:50:00,1.159305,1.160005,1.158765,1.159245,0
2026-06-04 12:55:00,1.159275,1.159645,1.158155,1.158625,0
2026-06-04 13:00:00,1.158655,1.159435,1.157805,1.159385,0
2026-06-04 13:05:00,1.159425,1.160925,1.159085,1.160135,0
2026-06-04 13:10:00,1.160145,1.160575,1.159245,1.159545,0
2026-06-04 13:15:00,1.159515,1.160225,1.158755,1.160105,0
2026-06-04 13:20:00,1.160095,1.160855,1.159625,1.160305,0
2026-06-04 13:25:00,1.160295,1.161605,1.159575,1.161305,0
2026-06-04 13:30:00,1.161275,1.162105,1.160025,1.160065,0
2026-06-04 13:35:00,1.160045,1.160465,1.159375,1.160255,0
2026-06-04 13:40:00,1.160225,1.160685,1.159545,1.159655,0
2026-06-04 13:45:00,1.159665,1.159995,1.159035,1.159905,0
2026-06-04 13:50:00,1.159885,1.159955,1.158285,1.159025,0
2026-06-04 13:55:00,1.159105,1.159335,1.157205,1.157315,0
2026-06-04 14:00:00,1.157305,1.158595,1.157025,1.158355,0
2026-06-04 14:05:00,1.158415,1.159445,1.157715,1.159035,0
2026-06-04 14:10:00,1.158995,1.158995,1.157285,1.157825,0
2026-06-04 14:15:00,1.157785,1.158865,1.157365,1.157875,0
2026-06-04 14:20:00,1.157825,1.160705,1.157825,1.160525,0
2026-06-04 14:25:00,1.160545,1.161425,1.159615,1.159755,0
2026-06-04 14:30:00,1.159775,1.159855,1.158835,1.159315,0
2026-06-04 14:35:00,1.159355,1.161275,1.159165,1.161145,0
2026-06-04 14:40:00,1.161165,1.161255,1.159245,1.159575,0
2026-06-04 14:45:00,1.159555,1.159555,1.158195,1.158815,0
2026-06-04 14:50:00,1.158855,1.159795,1.157885,1.159745,0
2026-06-04 14:55:00,1.159735,1.159895,1.158335,1.158495,0
2026-06-04 15:00:00,1.158455,1.159415,1.157295,1.159245,0
2026-06-04 15:05:00,1.159255,1.161375,1.158935,1.160985,0
2026-06-04 15:10:00,1.161015,1.161425,1.160125,1.160805,0
2026-06-04 15:15:00,1.160795,1.160875,1.159595,1.160285,0
2026-06-04 15:20:00,1.160355,1.163065,1.160145,1.162925,0
2026-06-04 15:25:00,1.162875,1.163485,1.162485,1.162775,0
2026-06-04 15:30:00,1.162765,1.164095,1.162475,1.163955,0
2026-06-04 15:35:00,1.164025,1.165965,1.163945,1.165615,0
2026-06-04 15:40:00,1.165605,1.166535,1.165355,1.165875,0
2026-06-04 15:45:00,1.165715,1.165915,1.164655,1.165145,0
2026-06-04 15:50:00,1.165175,1.167115,1.165125,1.166135,0
2026-06-04 15:55:00,1.166175,1.167135,1.165415,1.166605,0
2026-06-04 16:00:00,1.166665,1.166785,1.165605,1.166315,0
2026-06-04 16:05:00,1.166285,1.167565,1.166175,1.167255,0
2026-06-04 16:10:00,1.167205,1.168375,1.167125,1.167925,0
2026-06-04 16:15:00,1.167915,1.168425,1.167355,1.168305,0
2026-06-04 16:20:00,1.168325,1.169225,1.168115,1.168505,0
2026-06-04 16:25:00,1.168485,1.168675,1.167565,1.167605,0
2026-06-04 16:30:00,1.167595,1.169515,1.167405,1.168805,0
2026-06-04 16:35:00,1.168835,1.168865,1.167775,1.168135,0
2026-06-04 16:40:00,1.168165,1.169495,1.167875,1.168685,0
2026-06-04 16:45:00,1.168705,1.169445,1.168315,1.168405,0
2026-06-04 16:50:00,1.168375,1.168375,1.166795,1.167505,0
2026-06-04 16:55:00,1.167525,1.168605,1.167385,1.167405,0
2026-06-04 17:00:00,1.167435,1.168765,1.167185,1.168205,0
2026-06-04 17:05:00,1.168235,1.168315,1.166715,1.166935,0
2026-06-04 17:10:00,1.166895,1.168885,1.166265,1.168695,0
2026-06-04 17:15:00,1.168705,1.169735,1.168135,1.169735,0
2026-06-04 17:20:00,1.169715,1.169905,1.168725,1.169375,0
2026-06-04 17:25:00,1.169365,1.170515,1.168795,1.169925,0
2026-06-04 17:30:00,1.169945,1.172375,1.169575,1.172025,0
2026-06-04 17:35:00,1.171975,1.172825,1.171195,1.172615,0
2026-06-04 17:40:00,1.172605,1.174195,1.172535,1.173845,0
2026-06-04 17:45:00,1.173835,1.173865,1.173005,1.173215,0
2026-06-04 17:50:00,1.173205,1.174565,1.173095,1.173845,0
2026-06-04 17:55:00,1.173885,1.173925,1.172705,1.173685,0
2026-06-04 18:00:00,1.173695,1.174875,1.173235,1.174845,0
2026-06-04 18:05:00,1.174825,1.175765,1.174415,1.175445,0
2026-06-04 18:10:00,1.175475,1.176815,1.175365,1.176805,0
2026-06-04 18:15:00,1.176795,1.177965,1.176745,1.177645,0
2026-06-04 18:20:00,1.177615,1.178985,1.177545,1.178545,0
2026-06-04 18:25:00,1.178575,1.179445,1.178365,1.179275,0
2026-06-04 18:30:00,1.179225,1.179665,1.178175,1.179085,0
2026-06-04 18:35:00,1.179115,1.180075,1.178925,1.179525,0
2026-06-04 18:40:00,1.179585,1.179675,1.178065,1.178145,0
2026-06-04 18:45:00,1.178135,1.178865,1.177415,1.177445,0
2026-06-04 18:50:00,1.177435,1.177525,1.176005,1.176875,0
2026-06-04 18:55:00,1.176825,1.177445,1.175785,1.175865,0
2026-06-04 19:00:00,1.175875,1.178005,1.175755,1.177145,0
2026-06-04 19:05:00,1.177155,1.177755,1.176365,1.177065,0
2026-06-04 19:10:00,1.177105,1.178105,1.176995,1.177555,0
2026-06-04 19:15:00,1.177585,1.177615,1.176525,1.177065,0
2026-06-04 19:20:00,1.177055,1.178135,1.176175,1.176275,0
2026-06-04 19:25:00,1.176285,1.176565,1.175375,1.176505,0
2026-06-04 19:30:00,1.176545,1.177015,1.175435,1.175435,0
2026-06-04 19:35:00,1.175455,1.176505,1.175215,1.175845,0
2026-06-04 19:40:00,1.175855,1.176805,1.175785,1.176695,0
2026-06-04 19:45:00,1.176705,1.176985,1.175555,1.176125,0
2026-06-04 19:50:00,1.176135,1.177045,1.175925,1.176285,0
2026-06-04 19:55:00,1.176245,1.176305,1.174125,1.174535,0
2026-06-04 20:00:00,1.174515,1.174545,1.173065,1.173485,0
2026-06-04 20:05:00,1.173475,1.173795,1.172765,1.173245,0
2026-06-04 20:10:00,1.173275,1.174845,1.172815,1.174805,0
2026-06-04 20:15:00,1.174815,1.175095,1.173395,1.173895,0
2026-06-04 20:20:00,1.173855,1.174985,1.173385,1.174825,0
2026-06-04 20:25:00,1.174785,1.176335,1.174535,1.176325,0
2026-06-04 20:30:00,1.176355,1.177195,1.175535,1.176225,0
2026-06-04 20:35:00,1.176205,1.178485,1.176035,1.178385,0
2026-06-04 20:40:00,1.178345,1.180435,1.177835,1.179795,0
2026-06-04 20:45:00,1.179805,1.180165,1.178765,1.178775,0
2026-06-04 20:50:00,1.178725,1.179025,1.177705,1.178595,0
2026-06-04 20:55:00,1.178585,1.179625,1.178145,1.179535,0
2026-06-04 21:00:00,1.179585,1.179835,1.178225,1.178545,0
2026-06-04 21:05:00,1.178515,1.178795,1.177525,1.177835,0
2026-06-04 21:10:00,1.177875,1.178175,1.177205,1.177435,0
2026-06-04 21:15:00,1.177445,1.177595,1.175465,1.175795,0
2026-06-04 21:20:00,1.175805,1.176105,1.175085,1.175705,0
2026-06-04 21:25:00,1.175715,1.175725,1.173955,1.174365,0
2026-06-04 21:30:00,1.174415,1.175105,1.173885,1.174275,0
2026-06-04 21:35:00,1.174265,1.175315,1.173635,1.174075,0
2026-06-04 21:40:00,1.174065,1.174815,1.173345,1.174215,0
2026-06-04 21:45:00,1.174195,1.174195,1.172025,1.172575,0
2026-06-04 21:50:00,1.172555,1.173855,1.172005,1.173825,0
2026-06-04 21:55:00,1.173845,1.174155,1.171065,1.171195,0
2026-06-04 22:00:00,1.171235,1.171455,1.170105,1.170785,0
2026-06-04 22:05:00,1.170795,1.172355,1.169625,1.171785,0
2026-06-04 22:10:00,1.171845,1.172015,1.169335,1.169425,0
2026-06-04 22:15:00,1.169435,1.169535,1.168385,1.168395,0
2026-06-04 22:20:00,1.168385,1.169325,1.168045,1.168455,0
2026-06-04 22:25:00,1.168485,1.168485,1.167165,1.167735,0
2026-06-04 22:30:00,1.167765,1.169805,1.167665,1.169515,0
2026-06-04 22:35:00,1.169545,1.170255,1.169055,1.169105,0
2026-06-04 22:40:00,1.169095,1.169405,1.168145,1.169065,0
2026-06-04 22:45:00,1.169085,1.169255,1.167565,1.167625,0
2026-06-04 22:50:00,1.167555,1.168275,1.167295,1.167915,0
2026-06-04 22:55:00,1.167905,1.168835,1.167505,1.168375,0
2026-06-04 23:00:00,1.168385,1.169195,1.167385,1.169085,0
2026-06-04 23:05:00,1.169115,1.169195,1.168065,1.168945,0
2026-06-04 23:10:00,1.168935,1.169805,1.168265,1.168355,0
2026-06-04 23:15:00,1.168415,1.169605,1.167925,1.169365,0
2026-06-04 23:20:00,1.169395,1.170285,1.169065,1.169735,0
2026-06-04 23:25:00,1.169705,1.170205,1.169335,1.170205,0
2026-06-04 23:30:00,1.170165,1.172795,1.170035,1.172345,0
2026-06-04 23:35:00,1.172385,1.173705,1.172165,1.173645,0
2026-06-04 23:40:00,1.173665,1.173875,1.172655,1.173105,0
2026-06-04 23:45:00,1.173115,1.173865,1.172405,1.173405,0
2026-06-04 23:50:00,1.173455,1.174555,1.172445,1.174535,0
2026-06-04 23:55:00,1.174585,1.175075,1.173835,1.174335,0
2026-06-05 00:00:00,1.174355,1.174355,1.172635,1.173095,0
2026-06-05 00:05:00,1.173105,1.173735,1.171735,1.171775,0
2026-06-05 00:10:00,1.171735,1.172795,1.171275,1.172695,0
2026-06-05 00:15:00,1.172715,1.173065,1.170895,1.171055,0
2026-06-05 00:20:00,1.171075,1.171495,1.170245,1.170535,0
2026-06-05 00:25:00,1.170475,1.170845,1.169335,1.170045,0
2026-06-05 00:30:00,1.170035,1.170705,1.169405,1.170095,0
2026-06-05 00:35:00,1.170075,1.170995,1.169905,1.170365,0
2026-06-05 00:40:00,1.170335,1.171225,1.170115,1.170235,0
2026-06-05 00:45:00,1.170265,1.171165,1.170015,1.171165,0
2026-06-05 00:50:00,1.171175,1.171905,1.171045,1.171155,0
2026-06-05 00:55:00,1.171165,1.171635,1.169715,1.169855,0
2026-06-05 01:00:00,1.169875,1.169875,1.167895,1.169005,0
2026-06-05 01:05:00,1.169045,1.169095,1.166215,1.166335,0
2026-06-05 01:10:00,1.166275,1.167255,1.165525,1.167255,0
2026-06-05 01:15:00,1.167265,1.167525,1.166425,1.166735,0
2026-06-05 01:20:00,1.166715,1.167045,1.165895,1.166505,0
2026-06-05 01:25:00,1.166525,1.167575,1.166525,1.167085,0
2026-06-05 01:30:00,1.167095,1.167615,1.166575,1.166745,0
2026-06-05 01:35:00,1.166755,1.167075,1.165595,1.166955,0
2026-06-05 01:40:00,1.166925,1.167325,1.166345,1.167145,0
2026-06-05 01:45:00,1.167155,1.168795,1.167155,1.168365,0
2026-06-05 01:50:00,1.168355,1.168465,1.167285,1.167725,0
2026-06-05 01:55:00,1.167675,1.168355,1.167165,1.167535,0
2026-06-05 02:00:00,1.167515,1.168125,1.166675,1.166935,0
2026-06-05 02:05:00,1.166915,1.167335,1.166265,1.166405,0
2026-06-05 02:10:00,1.166355,1.167915,1.166315,1.167695,0
2026-06-05 02:15:00,1.167735,1.168205,1.166995,1.168135,0
2026-06-05 02:20:00,1.168155,1.170235,1.168155,1.169785,0
2026-06-05 02:25:00,1.169805,1.170865,1.169605,1.169985,0
2026-06-05 02:30:00,1.170005,1.170065,1.168425,1.168445,0
2026-06-05 02:35:00,1.168485,1.168825,1.167095,1.168235,0
2026-06-05 02:40:00,1.168225,1.168435,1.167405,1.167805,0
2026-06-05 02:45:00,1.167795,1.168605,1.166795,1.168535,0
2026-06-05 02:50:00,1.168505,1.170305,1.168355,1.169865,0
2026-06-05 02:55:00,1.169905,1.170695,1.169615,1.170075,0
2026-06-05 03:00:00,1.170045,1.170785,1.169825,1.170345,0
2026-06-05 03:05:00,1.170365,1.170365,1.168765,1.169965,0
2026-06-05 03:10:00,1.169985,1.170445,1.169585,1.169785,0
2026-06-05 03:15:00,1.169825,1.170155,1.169125,1.169775,0
2026-06-05 03:20:00,1.169805,1.170475,1.168495,1.169025,0
2026-06-05 03:25:00,1.169045,1.169395,1.168235,1.168855,0
2026-06-05 03:30:00,1.168825,1.169335,1.168275,1.169285,0
2026-06-05 03:35:00,1.169265,1.170135,1.168635,1.170085,0
2026-06-05 03:40:00,1.170075,1.170675,1.169595,1.170195,0
2026-06-05 03:45:00,1.170305,1.171355,1.170095,1.171255,0
2026-06-05 03:50:00,1.171305,1.171775,1.170145,1.170735,0
2026-06-05 03:55:00,1.170715,1.171105,1.170115,1.170855,0
2026-06-05 04:00:00,1.170865,1.171885,1.169515,1.169665,0
2026-06-05 04:05:00,1.169685,1.171015,1.169595,1.171015,0
2026-06-05 04:10:00,1.170985,1.172255,1.170775,1.171305,0
2026-06-05 04:15:00,1.171365,1.171725,1.170505,1.171265,0
2026-06-05 04:20:00,1.171315,1.171345,1.170345,1.170795,0
2026-06-05 04:25:00,1.170785,1.171085,1.169985,1.170845,0
2026-06-05 04:30:00,1.170865,1.171525,1.170335,1.171085,0
2026-06-05 04:35:00,1.171055,1.171915,1.170725,1.171875,0
2026-06-05 04:40:00,1.171865,1.173335,1.171735,1.172725,0
2026-06-05 04:45:00,1.172735,1.173825,1.172505,1.172745,0
2026-06-05 04:50:00,1.172755,1.173405,1.172465,1.173345,0
2026-06-05 04:55:00,1.173375,1.173545,1.172395,1.172595,0
2026-06-05 05:00:00,1.172585,1.172695,1.169815,1.169815,0
2026-06-05 05:05:00,1.169855,1.170555,1.169055,1.170085,0
2026-06-05 05:10:00,1.170075,1.170195,1.168525,1.170195,0
2026-06-05 05:15:00,1.170215,1.171015,1.169075,1.169305,0
2026-06-05 05:20:00,1.169275,1.170295,1.168825,1.170285,0
2026-06-05 05:25:00,1.170345,1.170485,1.168995,1.170335,0
2026-06-05 05:30:00,1.170365,1.171355,1.170165,1.171125,0
2026-06-05 05:35:00,1.171115,1.171685,1.170085,1.171685,0
2026-06-05 05:40:00,1.171695,1.172785,1.171355,1.172135,0
2026-06-05 05:45:00,1.172145,1.172215,1.171135,1.171215,0
2026-06-05 05:50:00,1.171235,1.171365,1.170025,1.170275,0
2026-06-05 05:55:00,1.170265,1.171575,1.170035,1.171365,0
2026-06-05 06:00:00,1.171375,1.171595,1.169855,1.169995,0
2026-06-05 06:05:00,1.170005,1.170865,1.169465,1.170475,0
2026-06-05 06:10:00,1.170465,1.170705,1.169155,1.169425,0
2026-06-05 06:15:00,1.169415,1.169665,1.168495,1.168845,0
2026-06-05 06:20:00,1.168955,1.169625,1.168715,1.169515,0
2026-06-05 06:25:00,1.169525,1.170145,1.168555,1.169345,0
2026-06-05 06:30:00,1.169375,1.169995,1.169005,1.169135,0
2026-06-05 06:35:00,1.169125,1.169545,1.168825,1.169165,0
2026-06-05 06:40:00,1.169185,1.169855,1.168755,1.169775,0
2026-06-05 06:45:00,1.169795,1.169895,1.168755,1.168985,0
2026-06-05 06:50:00,1.168965,1.169615,1.168525,1.168895,0
2026-06-05 06:55:00,1.168855,1.169605,1.168725,1.169385,0
2026-06-05 07:00:00,1.169395,1.170215,1.169225,1.169395,0
2026-06-05 07:05:00,1.169405,1.170535,1.169375,1.170145,0
2026-06-05 07:10:00,1.170155,1.170765,1.169375,1.169705,0
2026-06-05 07:15:00,1.169675,1.170135,1.169005,1.169635,0
2026-06-05 07:20:00,1.169605,1.170875,1.169045,1.170765,0
2026-06-05 07:25:00,1.170755,1.172475,1.170575,1.170575,0
2026-06-05 07:30:00,1.170615,1.172425,1.170615,1.172085,0
2026-06-05 07:35:00,1.172035,1.172875,1.171325,1.171965,0
2026-06-05 07:40:00,1.171955,1.172005,1.170375,1.170855,0
2026-06-05 07:45:00,1.170865,1.171655,1.170295,1.170895,0
2026-06-05 07:50:00,1.170865,1.171295,1.170285,1.170285,0
2026-06-05 07:55:00,1.170295,1.170455,1.168665,1.169315,0
2026-06-05 08:00:00,1.169285,1.171015,1.169225,1.170675,0
2026-06-05 08:10:00,1.170675,1.170675,1.163445,1.164315,0
2026-06-05 08:15:00,1.164305,1.165245,1.163815,1.165055,0
2026-06-05 08:20:00,1.165045,1.165975,1.164745,1.165295,0
2026-06-05 08:25:00,1.165285,1.165405,1.163415,1.163795,0
2026-06-05 08:30:00,1.163815,1.164515,1.163245,1.164295,0
2026-06-05 08:35:00,1.164325,1.164905,1.163105,1.163385,0
2026-06-05 08:40:00,1.163365,1.165195,1.162995,1.165075,0
2026-06-05 08:45:00,1.165115,1.166045,1.164695,1.165915,0
2026-06-05 08:50:00,1.165925,1.166785,1.165925,1.165955,0
2026-06-05 08:55:00,1.165925,1.166865,1.165575,1.166105,0
2026-06-05 09:00:00,1.166115,1.166765,1.165975,1.166635,0
2026-06-05 09:05:00,1.166575,1.167755,1.166275,1.166515,0
2026-06-05 09:10:00,1.166475,1.166825,1.165925,1.166195,0
2026-06-05 09:15:00,1.166155,1.166585,1.165315,1.166105,0
2026-06-05 09:20:00,1.166085,1.167265,1.165935,1.167045,0
2026-06-05 09:25:00,1.167025,1.168385,1.166875,1.167925,0
2026-06-05 09:30:00,1.167905,1.168645,1.167335,1.167545,0
2026-06-05 09:35:00,1.167525,1.167675,1.166295,1.167195,0
2026-06-05 09:40:00,1.167215,1.167905,1.166995,1.167685,0
2026-06-05 09:45:00,1.167695,1.169085,1.167685,1.168415,0
2026-06-05 09:50:00,1.168425,1.168635,1.167195,1.168005,0
2026-06-05 09:55:00,1.167995,1.168055,1.166675,1.167015,0
2026-06-05 10:00:00,1.167025,1.167165,1.166605,1.166655,0
2026-06-05 10:05:00,1.166925,1.167235,1.165645,1.167225,0
2026-06-05 10:10:00,1.167205,1.168645,1.167115,1.167705,0
2026-06-05 10:15:00,1.167665,1.168635,1.167505,1.167965,0
2026-06-05 10:20:00,1.167975,1.169295,1.167265,1.168515,0
2026-06-05 10:25:00,1.168495,1.168905,1.167605,1.168305,0
2026-06-05 10:30:00,1.168285,1.169765,1.168285,1.168595,0
2026-06-05 10:35:00,1.168585,1.169465,1.167985,1.168645,0
2026-06-05 10:40:00,1.168675,1.168815,1.166755,1.166875,0
2026-06-05 10:45:00,1.166895,1.167785,1.166255,1.167645,0
2026-06-05 10:50:00,1.167615,1.168165,1.167365,1.167785,0
2026-06-05 10:55:00,1.167775,1.168425,1.167535,1.168055,0
2026-06-05 11:00:00,1.168105,1.169005,1.167865,1.168325,0
2026-06-05 11:05:00,1.168305,1.169155,1.168055,1.168765,0
2026-06-05 11:10:00,1.168745,1.169495,1.167945,1.168155,0
2026-06-05 11:15:00,1.168135,1.170075,1.168005,1.169365,0
2026-06-05 11:20:00,1.169405,1.170615,1.168935,1.169205,0
2026-06-05 11:25:00,1.169155,1.170455,1.168965,1.169735,0
2026-06-05 11:30:00,1.169765,1.170365,1.168895,1.170215,0
2026-06-05 11:35:00,1.170195,1.171925,1.170165,1.171905,0
2026-06-05 11:40:00,1.171915,1.172185,1.169865,1.170135,0
2026-06-05 11:45:00,1.170105,1.170345,1.168725,1.169165,0
2026-06-05 11:50:00,1.169205,1.170035,1.168705,1.168765,0
2026-06-05 11:55:00,1.168785,1.170275,1.168645,1.170055,0
2026-06-05 12:00:00,1.170035,1.170035,1.168715,1.169175,0
2026-06-05 12:05:00,1.169145,1.169935,1.168555,1.169315,0
2026-06-05 12:10:00,1.169305,1.171265,1.168665,1.170875,0
2026-06-05 12:15:00,1.170945,1.171145,1.170175,1.170805,0
2026-06-05 12:20:00,1.170825,1.171915,1.170625,1.171105,0
2026-06-05 12:25:00,1.171085,1.171285,1.169825,1.170155,0
2026-06-05 12:30:00,1.170165,1.170335,1.167795,1.168175,0
2026-06-05 12:35:00,1.168225,1.169335,1.167645,1.168775,0
2026-06-05 12:40:00,1.168755,1.169745,1.168295,1.168985,0
2026-06-05 12:45:00,1.168925,1.169505,1.168335,1.168955,0
2026-06-05 12:50:00,1.168925,1.169765,1.168315,1.168665,0
2026-06-05 12:55:00,1.168655,1.169655,1.168625,1.169215,0
2026-06-05 13:00:00,1.169185,1.170505,1.168855,1.170135,0
2026-06-05 13:05:00,1.170105,1.171895,1.169785,1.171895,0
2026-06-05 13:10:00,1.171885,1.171905,1.170915,1.170915,0
2026-06-05 13:15:00,1.170865,1.171615,1.170445,1.171255,0
2026-06-05 13:20:00,1.171265,1.171945,1.170595,1.171385,0
2026-06-05 13:25:00,1.171355,1.171435,1.170585,1.171295,0
2026-06-05 13:30:00,1.171285,1.171895,1.170525,1.171095,0
2026-06-05 13:35:00,1.171085,1.171165,1.169195,1.169495,0
2026-06-05 13:40:00,1.169505,1.170365,1.169095,1.169525,0
2026-06-05 13:45:00,1.169555,1.170015,1.168725,1.168805,0
2026-06-05 13:50:00,1.168785,1.169165,1.168245,1.168385,0
2026-06-05 13:55:00,1.168405,1.168565,1.166945,1.167695,0
2026-06-05 14:00:00,1.167735,1.168245,1.166465,1.166905,0
2026-06-05 14:05:00,1.166895,1.168055,1.166815,1.167695,0
2026-06-05 14:10:00,1.167745,1.167865,1.166965,1.167125,0
2026-06-05 14:15:00,1.167135,1.167845,1.166835,1.167495,0
2026-06-05 14:20:00,1.167485,1.168525,1.166795,1.168495,0
2026-06-05 14:25:00,1.168505,1.169415,1.167785,1.169145,0
2026-06-05 14:30:00,1.169105,1.170375,1.168675,1.170365,0
2026-06-05 14:35:00,1.170355,1.170975,1.170045,1.170975,0
2026-06-05 14:40:00,1.170945,1.170975,1.169165,1.169665,0
2026-06-05 14:45:00,1.169675,1.169885,1.168565,1.169035,0
2026-06-05 14:50:00,1.169105,1.170585,1.168755,1.169785,0
2026-06-05 14:55:00,1.169795,1.170605,1.169465,1.170025,0
2026-06-05 15:00:00,1.170005,1.170675,1.169555,1.169875,0
2026-06-05 15:05:00,1.169915,1.170245,1.168195,1.168305,0
2026-06-05 15:10:00,1.168265,1.169075,1.168245,1.168795,0
2026-06-05 15:15:00,1.168785,1.169085,1.168395,1.168845,0
2026-06-05 15:20:00,1.168835,1.170105,1.168045,1.169765,0
2026-06-05 15:25:00,1.169795,1.170145,1.168775,1.169145,0
2026-06-05 15:30:00,1.169125,1.169215,1.168155,1.168715,0
2026-06-05 15:35:00,1.168725,1.169565,1.167245,1.167645,0
2026-06-05 15:40:00,1.167665,1.169045,1.167445,1.168565,0
2026-06-05 15:45:00,1.168595,1.170035,1.168295,1.169915,0
2026-06-05 15:50:00,1.169935,1.170425,1.167995,1.168145,0
2026-06-05 15:55:00,1.168135,1.170005,1.167965,1.169485,0
2026-06-05 16:00:00,1.169465,1.170605,1.169025,1.169935,0
2026-06-05 16:05:00,1.169955,1.170865,1.169795,1.170045,0
2026-06-05 16:10:00,1.170065,1.171375,1.169505,1.170955,0
2026-06-05 16:15:00,1.170965,1.172165,1.170205,1.172135,0
2026-06-05 16:20:00,1.172065,1.172735,1.170755,1.171315,0
2026-06-05 16:25:00,1.171325,1.172375,1.171065,1.171535,0
2026-06-05 16:30:00,1.171555,1.173015,1.171125,1.172985,0
2026-06-05 16:35:00,1.172975,1.173185,1.172245,1.172295,0
2026-06-05 16:40:00,1.172285,1.172675,1.171565,1.172335,0
2026-06-05 16:45:00,1.172285,1.174405,1.172285,1.174345,0
2026-06-05 16:50:00,1.174355,1.175045,1.173675,1.174905,0
2026-06-05 16:55:00,1.174895,1.175595,1.174815,1.175045,0
2026-06-05 17:00:00,1.175055,1.175855,1.174695,1.175665,0
2026-06-05 17:05:00,1.175685,1.176195,1.174395,1.175305,0
2026-06-05 17:10:00,1.175325,1.176315,1.175065,1.176085,0
2026-06-05 17:15:00,1.176115,1.177085,1.175685,1.176275,0
2026-06-05 17:20:00,1.176255,1.176305,1.175005,1.175075,0
2026-06-05 17:25:00,1.175055,1.175215,1.173535,1.173785,0
2026-06-05 17:30:00,1.173775,1.175715,1.173735,1.175235,0
2026-06-05 17:35:00,1.175245,1.175895,1.174425,1.175755,0
2026-06-05 17:40:00,1.175745,1.176805,1.175545,1.175755,0
2026-06-05 17:45:00,1.175745,1.176325,1.175015,1.175015,0
2026-06-05 17:50:00,1.174995,1.175545,1.173765,1.173795,0
2026-06-05 17:55:00,1.173825,1.176065,1.173205,1.176045,0
2026-06-05 18:00:00,1.176085,1.176785,1.175675,1.176615,0
2026-06-05 18:05:00,1.176625,1.177675,1.176335,1.176755,0
2026-06-05 18:10:00,1.176765,1.177465,1.176015,1.176455,0
2026-06-05 18:15:00,1.176445,1.176685,1.175235,1.175485,0
2026-06-05 18:20:00,1.175475,1.177055,1.175255,1.177055,0
2026-06-05 18:25:00,1.177095,1.177365,1.176345,1.176905,0
2026-06-05 18:30:00,1.176895,1.179505,1.176895,1.179265,0
2026-06-05 18:35:00,1.179325,1.180155,1.178585,1.179205,0
2026-06-05 18:40:00,1.179215,1.179325,1.178145,1.179165,0
2026-06-05 18:45:00,1.179175,1.179315,1.177065,1.177125,0
2026-06-05 18:50:00,1.177095,1.177955,1.176825,1.177235,0
2026-06-05 18:55:00,1.177225,1.178185,1.176565,1.176705,0
2026-06-05 19:00:00,1.176655,1.177505,1.176085,1.176095,0
2026-06-05 19:05:00,1.176085,1.178545,1.175805,1.178375,0
2026-06-05 19:10:00,1.178405,1.178855,1.177895,1.178845,0
2026-06-05 19:15:00,1.178715,1.180665,1.178605,1.180605,0
2026-06-05 19:20:00,1.180595,1.180945,1.180255,1.180505,0
2026-06-05 19:25:00,1.180515,1.181535,1.179325,1.181445,0
2026-06-05 19:30:00,1.181455,1.182025,1.181115,1.181325,0
2026-06-05 19:35:00,1.181315,1.181495,1.180425,1.181035,0
2026-06-05 19:40:00,1.181005,1.181865,1.180895,1.180955,0
2026-06-05 19:45:00,1.180945,1.181305,1.179315,1.179345,0
2026-06-05 19:50:00,1.179365,1.180015,1.179045,1.179945,0
2026-06-05 19:55:00,1.180005,1.181015,1.179835,1.180085,0
2026-06-05 20:00:00,1.180115,1.180895,1.179135,1.179735,0
2026-06-05 20:05:00,1.179745,1.182875,1.179695,1.182805,0
2026-06-05 20:10:00,1.182815,1.182855,1.181665,1.182375,0
2026-06-05 20:15:00,1.182365,1.183845,1.182365,1.183155,0
2026-06-05 20:20:00,1.183165,1.185045,1.183125,1.183935,0
2026-06-05 20:25:00,1.183905,1.184075,1.182925,1.183235,0
2026-06-05 20:30:00,1.183205,1.183605,1.181125,1.181345,0
2026-06-05 20:35:00,1.181325,1.182145,1.180945,1.181215,0
2026-06-05 20:40:00,1.181225,1.181325,1.179635,1.180155,0
2026-06-05 20:45:00,1.180195,1.180625,1.179405,1.180025,0
2026-06-05 20:50:00,1.180055,1.180915,1.179745,1.179945,0
2026-06-05 20:55:00,1.179965,1.180105,1.179255,1.179365,0
2026-06-05 21:00:00,1.179375,1.181215,1.178845,1.180445,0
2026-06-05 21:05:00,1.180395,1.180585,1.179005,1.179335,0
2026-06-05 21:10:00,1.179315,1.179925,1.178245,1.178705,0
2026-06-05 21:15:00,1.178675,1.179105,1.178065,1.178835,0
2026-06-05 21:20:00,1.178825,1.179095,1.178015,1.178085,0
2026-06-05 21:25:00,1.178065,1.179315,1.177775,1.178685,0
2026-06-05 21:30:00,1.178715,1.179035,1.177435,1.177575,0
2026-06-05 21:35:00,1.177565,1.177915,1.176465,1.176635,0
2026-06-05 21:40:00,1.176625,1.176715,1.175615,1.176215,0
2026-06-05 21:45:00,1.176205,1.176965,1.175685,1.176835,0
2026-06-05 21:50:00,1.176845,1.177795,1.176485,1.177415,0
2026-06-05 21:55:00,1.177405,1.178105,1.176765,1.176915,0
2026-06-05 22:00:00,1.176925,1.176945,1.175145,1.175295,0
2026-06-05 22:05:00,1.175275,1.175295,1.173545,1.173725,0
2026-06-05 22:10:00,1.173625,1.173915,1.172775,1.173665,0
2026-06-05 22:15:00,1.173635,1.174535,1.173335,1.174425,0
2026-06-05 22:20:00,1.174415,1.174975,1.174045,1.174205,0
2026-06-05 22:25:00,1.174335,1.175105,1.173695,1.173705,0
2026-06-05 22:30:00,1.173695,1.173995,1.172645,1.172765,0
2026-06-05 22:35:00,1.172845,1.173455,1.171615,1.171675,0
2026-06-05 22:40:00,1.171725,1.171765,1.171025,1.171585,0
2026-06-05 22:45:00,1.171635,1.173345,1.171355,1.172925,0
2026-06-05 22:50:00,1.172945,1.173685,1.172305,1.172795,0
2026-06-05 22:55:00,1.172785,1.174725,1.172665,1.174105,0
2026-06-05 23:00:00,1.174065,1.174995,1.173705,1.174585,0
2026-06-05 23:05:00,1.174495,1.175295,1.172725,1.173175,0
2026-06-05 23:10:00,1.173155,1.173495,1.172255,1.172715,0
2026-06-05 23:15:00,1.172655,1.172735,1.171275,1.171425,0
2026-06-05 23:20:00,1.171395,1.172295,1.170565,1.172255,0
2026-06-05 23:25:00,1.172235,1.172235,1.170625,1.171635,0
2026-06-05 23:30:00,1.171645,1.172125,1.170945,1.171995,0
2026-06-05 23:35:00,1.171985,1.172535,1.170865,1.170925,0
2026-06-05 23:40:00,1.170945,1.173435,1.170785,1.173225,0
2026-06-05 23:45:00,1.173245,1.173265,1.171905,1.172725,0
2026-06-05 23:50:00,1.172715,1.173335,1.172055,1.173095,0
2026-06-05 23:55:00,1.173125,1.174195,1.172895,1.173295,0
2026-06-06 00:00:00,1.173245,1.173815,1.172365,1.172775,0
2026-06-06 00:05:00,1.172795,1.173755,1.172285,1.172455,0
2026-06-06 00:10:00,1.172425,1.172795,1.171635,1.172095,0
2026-06-06 00:15:00,1.172075,1.173065,1.171695,1.172565,0
2026-06-06 00:20:00,1.172585,1.172705,1.170955,1.171535,0
2026-06-06 00:25:00,1.171565,1.173645,1.171345,1.173455,0
2026-06-06 00:30:00,1.173475,1.174065,1.172925,1.173225,0
2026-06-06 00:35:00,1.173235,1.173935,1.172635,1.173635,0
2026-06-06 00:40:00,1.173645,1.175605,1.173265,1.175595,0
2026-06-06 00:45:00,1.175635,1.176155,1.174775,1.175175,0
2026-06-06 00:50:00,1.175165,1.175525,1.173065,1.173415,0
2026-06-06 00:55:00,1.173395,1.174195,1.173025,1.173265,0
2026-06-06 01:00:00,1.173275,1.174085,1.173145,1.173445,0
2026-06-06 01:05:00,1.173455,1.173565,1.171555,1.172575,0
2026-06-06 01:10:00,1.172535,1.173535,1.171785,1.173015,0
2026-06-06 01:15:00,1.173025,1.173845,1.172835,1.173365,0
2026-06-06 01:20:00,1.173405,1.174265,1.173015,1.174025,0
2026-06-06 01:25:00,1.174035,1.174305,1.172595,1.172785,0
2026-06-06 01:30:00,1.172775,1.172865,1.171635,1.171655,0
2026-06-06 01:35:00,1.171615,1.171615,1.170505,1.171245,0
2026-06-06 01:40:00,1.171275,1.172565,1.171235,1.171965,0
2026-06-06 01:45:00,1.171885,1.172385,1.171405,1.172085,0
2026-06-06 01:50:00,1.172135,1.172395,1.171135,1.171565,0
2026-06-06 01:55:00,1.171585,1.171745,1.169835,1.170435,0
2026-06-06 02:00:00,1.170415,1.170485,1.169395,1.170455,0
2026-06-06 02:05:00,1.170475,1.170625,1.168955,1.169435,0
2026-06-06 02:10:00,1.169405,1.169985,1.168975,1.169635,0
2026-06-06 02:15:00,1.169675,1.169945,1.168315,1.168815,0
2026-06-06 02:20:00,1.168775,1.169005,1.167045,1.167605,0
2026-06-06 02:25:00,1.167555,1.168235,1.167025,1.167295,0
2026-06-06 02:30:00,1.167285,1.167295,1.165885,1.165965,0
2026-06-06 02:35:00,1.165975,1.166705,1.165135,1.166085,0
2026-06-06 02:40:00,1.166095,1.168565,1.165845,1.168335,0
2026-06-06 02:45:00,1.168295,1.169485,1.168155,1.169065,0
2026-06-06 02:50:00,1.169095,1.169715,1.168435,1.168745,0
2026-06-06 02:55:00,1.168685,1.169395,1.168525,1.169225,0
2026-06-06 03:00:00,1.169235,1.170365,1.169025,1.169625,0
2026-06-06 03:05:00,1.169615,1.169805,1.168775,1.169195,0
2026-06-06 03:10:00,1.169225,1.169625,1.167475,1.167635,0
2026-06-06 03:15:00,1.167615,1.167665,1.165945,1.166865,0
2026-06-06 03:20:00,1.166815,1.168445,1.165795,1.168055,0
2026-06-06 03:25:00,1.168115,1.169035,1.167715,1.168055,0
2026-06-06 03:30:00,1.168065,1.169035,1.167705,1.168575,0
2026-06-06 03:35:00,1.168545,1.169685,1.167775,1.168245,0
2026-06-06 03:40:00,1.168225,1.168325,1.167155,1.167265,0
2026-06-06 03:45:00,1.167255,1.167255,1.166105,1.166695,0
2026-06-06 03:50:00,1.166725,1.167335,1.166175,1.166295,0
2026-06-06 03:55:00,1.166285,1.167315,1.165955,1.166665,0
2026-06-06 04:00:00,1.166635,1.167795,1.166635,1.166915,0
2026-06-06 04:05:00,1.166965,1.169155,1.166875,1.168995,0
2026-06-06 04:10:00,1.168955,1.169355,1.168235,1.169035,0
2026-06-06 04:15:00,1.169055,1.170925,1.169015,1.170835,0
2026-06-06 04:20:00,1.170795,1.171515,1.170265,1.171285,0
2026-06-06 04:25:00,1.171295,1.172085,1.170675,1.170785,0
2026-06-06 04:30:00,1.170835,1.171175,1.169305,1.169725,0
2026-06-06 04:35:00,1.169755,1.169965,1.167405,1.167565,0
2026-06-06 04:40:00,1.167575,1.168205,1.167435,1.167735,0
2026-06-06 04:45:00,1.167745,1.167855,1.166445,1.167625,0
2026-06-06 04:50:00,1.167615,1.167685,1.165895,1.165945,0
2026-06-06 04:55:00,1.166035,1.166215,1.165385,1.165445,0
2026-06-06 05:00:00,1.165485,1.165575,1.163325,1.163415,0
2026-06-06 05:05:00,1.163395,1.164245,1.162765,1.163785,0
2026-06-06 05:10:00,1.163795,1.164235,1.163265,1.164015,0
2026-06-06 05:15:00,1.163995,1.164445,1.163475,1.164255,0
2026-06-06 05:20:00,1.164235,1.164775,1.162745,1.163405,0
2026-06-06 05:25:00,1.163385,1.163385,1.162085,1.162935,0
2026-06-06 05:30:00,1.162965,1.164495,1.162535,1.164495,0
2026-06-06 05:35:00,1.164515,1.165595,1.164265,1.165425,0
2026-06-06 05:40:00,1.165455,1.165755,1.163945,1.164775,0
2026-06-06 05:45:00,1.164745,1.165335,1.163705,1.163985,0
2026-06-06 05:50:00,1.163975,1.164125,1.162765,1.163265,0
2026-06-06 05:55:00,1.163275,1.163855,1.162635,1.163575,0
2026-06-06 06:00:00,1.163585,1.163935,1.162905,1.163915,0
2026-06-06 06:05:00,1.163825,1.164025,1.161725,1.162105,0
2026-06-06 06:10:00,1.162115,1.162415,1.160915,1.161405,0
2026-06-06 06:15:00,1.161415,1.162285,1.160605,1.161945,0
2026-06-06 06:20:00,1.161915,1.162005,1.159705,1.160315,0
2026-06-06 06:25:00,1.160335,1.161615,1.160295,1.161225,0
2026-06-06 06:30:00,1.161205,1.161365,1.159505,1.159775,0
2026-06-06 06:35:00,1.159805,1.160765,1.159545,1.160235,0
2026-06-06 06:40:00,1.160215,1.160235,1.158745,1.159525,0
2026-06-06 06:45:00,1.159505,1.161635,1.159025,1.161625,0
2026-06-06 06:50:00,1.161635,1.162685,1.160795,1.162665,0
2026-06-06 06:55:00,1.162695,1.164045,1.162625,1.163635,0
2026-06-06 07:00:00,1.163645,1.164825,1.163415,1.164415,0
2026-06-06 07:05:00,1.164405,1.166895,1.164315,1.166515,0
2026-06-06 07:10:00,1.166505,1.166805,1.165835,1.166295,0
2026-06-06 07:15:00,1.166305,1.166325,1.164235,1.164695,0
2026-06-06 07:20:00,1.164615,1.165005,1.163305,1.163415,0
2026-06-06 07:25:00,1.163435,1.164085,1.162855,1.163415,0
2026-06-06 07:30:00,1.163435,1.163885,1.162635,1.163035,0
2026-06-06 07:35:00,1.163055,1.163265,1.161585,1.162275,0
2026-06-06 07:40:00,1.162255,1.163135,1.162185,1.163055,0
2026-06-06 07:45:00,1.163095,1.164485,1.162865,1.163625,0
2026-06-06 07:50:00,1.163605,1.164125,1.163345,1.163755,0
2026-06-06 07:55:00,1.163785,1.164005,1.162515,1.163495,0
2026-06-06 08:00:00,1.163535,1.165355,1.163535,1.164925,0
2026-06-06 08:10:00,1.164925,1.164925,1.151335,1.152675,0
2026-06-06 08:15:00,1.152655,1.153125,1.152345,1.152715,0
2026-06-06 08:20:00,1.152645,1.153395,1.152265,1.152635,0
2026-06-06 08:25:00,1.152655,1.153965,1.152425,1.153275,0
2026-06-06 08:30:00,1.153295,1.154525,1.153155,1.154175,0
2026-06-06 08:35:00,1.154145,1.155615,1.153775,1.154715,0
2026-06-06 08:40:00,1.154695,1.154965,1.153005,1.153815,0
2026-06-06 08:45:00,1.153795,1.154785,1.153395,1.153645,0
2026-06-06 08:50:00,1.153665,1.153995,1.152505,1.152585,0
2026-06-06 08:55:00,1.152535,1.153925,1.152535,1.153885,0
2026-06-06 09:00:00,1.153875,1.154795,1.152935,1.153255,0
2026-06-06 09:05:00,1.153205,1.154015,1.152945,1.153855,0
2026-06-06 09:10:00,1.153845,1.154115,1.152745,1.152925,0
2026-06-06 09:15:00,1.152915,1.153385,1.151695,1.151765,0
2026-06-06 09:20:00,1.151785,1.151815,1.150085,1.150725,0
2026-06-06 09:25:00,1.150675,1.151815,1.150485,1.151425,0
2026-06-06 09:30:00,1.151395,1.152195,1.150945,1.152165,0
2026-06-06 09:35:00,1.152155,1.153025,1.151905,1.152575,0
2026-06-06 09:40:00,1.152545,1.152645,1.150995,1.151485,0
2026-06-06 09:45:00,1.151465,1.151565,1.150675,1.151475,0
2026-06-06 09:50:00,1.151455,1.152285,1.150905,1.151865,0
2026-06-06 09:55:00,1.151905,1.151985,1.150555,1.150895,0
2026-06-06 10:00:00,1.150865,1.152455,1.150685,1.151385,0
2026-06-06 10:05:00,1.151395,1.151775,1.150175,1.150325,0
2026-06-06 10:10:00,1.150345,1.150435,1.149625,1.150255,0
2026-06-06 10:15:00,1.150235,1.150365,1.149375,1.149545,0
2026-06-06 10:20:00,1.149565,1.150485,1.148475,1.148485,0
2026-06-06 10:25:00,1.148455,1.148935,1.147825,1.148585,0
2026-06-06 10:30:00,1.148605,1.149575,1.148465,1.149255,0
2026-06-06 10:35:00,1.149185,1.149215,1.147285,1.147555,0
2026-06-06 10:40:00,1.147545,1.147665,1.146305,1.146525,0
2026-06-06 10:45:00,1.146505,1.146715,1.145005,1.145315,0
2026-06-06 10:50:00,1.145335,1.146385,1.144975,1.146125,0
2026-06-06 10:55:00,1.146045,1.146285,1.145025,1.145585,0
2026-06-06 11:00:00,1.145555,1.146615,1.144905,1.145765,0
2026-06-06 11:05:00,1.145755,1.145925,1.144875,1.145485,0
2026-06-06 11:10:00,1.145605,1.145825,1.144205,1.144865,0
2026-06-06 11:15:00,1.144785,1.145695,1.144645,1.144805,0
2026-06-06 11:20:00,1.144785,1.145715,1.144385,1.144425,0
2026-06-06 11:25:00,1.144375,1.145115,1.143795,1.144995,0
2026-06-06 11:30:00,1.144985,1.145515,1.143945,1.145075,0
2026-06-06 11:35:00,1.145085,1.146015,1.144425,1.145735,0
2026-06-06 11:40:00,1.145715,1.146185,1.144655,1.145395,0
2026-06-06 11:45:00,1.145385,1.146015,1.144215,1.145745,0
2026-06-06 11:50:00,1.145685,1.147485,1.145605,1.147375,0
2026-06-06 11:55:00,1.147385,1.147415,1.146125,1.146345,0
2026-06-06 12:00:00,1.146355,1.146685,1.145515,1.145545,0
2026-06-06 12:05:00,1.145565,1.145705,1.144195,1.145005,0
2026-06-06 12:10:00,1.145035,1.145435,1.144335,1.144935,0
2026-06-06 12:15:00,1.144945,1.146085,1.144245,1.146005,0
2026-06-06 12:20:00,1.145985,1.146005,1.144595,1.144835,0
2026-06-06 12:25:00,1.144865,1.145715,1.144365,1.145265,0
2026-06-06 12:30:00,1.145255,1.146035,1.144395,1.145285,0
2026-06-06 12:35:00,1.145325,1.146435,1.145145,1.145555,0
2026-06-06 12:40:00,1.145535,1.146365,1.145335,1.145485,0
2026-06-06 12:45:00,1.145475,1.146485,1.145365,1.146305,0
2026-06-06 12:50:00,1.146315,1.147525,1.145775,1.146115,0
2026-06-06 12:55:00,1.146145,1.147315,1.146045,1.146935,0
2026-06-06 13:00:00,1.146945,1.147695,1.146655,1.147565,0
2026-06-06 13:05:00,1.147555,1.148315,1.146945,1.147195,0
2026-06-06 13:10:00,1.147175,1.149375,1.146985,1.149115,0
2026-06-06 13:15:00,1.149155,1.149815,1.148595,1.149125,0
2026-06-06 13:20:00,1.149135,1.150155,1.148845,1.150045,0
2026-06-06 13:25:00,1.150075,1.151775,1.149665,1.151185,0
2026-06-06 13:30:00,1.151175,1.151495,1.149465,1.149925,0
2026-06-06 13:35:00,1.149945,1.150905,1.149605,1.149615,0
2026-06-06 13:40:00,1.149605,1.150395,1.149065,1.149985,0
2026-06-06 13:45:00,1.149975,1.150625,1.148635,1.149165,0
2026-06-06 13:50:00,1.149145,1.150465,1.148445,1.149955,0
2026-06-06 13:55:00,1.149995,1.150705,1.148945,1.150595,0
2026-06-06 14:00:00,1.150555,1.151355,1.149205,1.149285,0
2026-06-06 14:05:00,1.149295,1.149695,1.148765,1.149055,0
2026-06-06 14:10:00,1.149065,1.149815,1.148625,1.149035,0
2026-06-06 14:15:00,1.149005,1.149445,1.148445,1.149175,0
2026-06-06 14:20:00,1.149135,1.151145,1.148945,1.150115,0
2026-06-06 14:25:00,1.150125,1.150565,1.149245,1.150045,0
2026-06-06 14:30:00,1.150025,1.150535,1.148955,1.149035,0
2026-06-06 14:35:00,1.149065,1.149755,1.148525,1.149755,0
2026-06-06 14:40:00,1.149735,1.149735,1.148275,1.148705,0
2026-06-06 14:45:00,1.148675,1.149385,1.148135,1.148775,0
2026-06-06 14:50:00,1.148795,1.151065,1.148795,1.149445,0
2026-06-06 14:55:00,1.149425,1.149795,1.147875,1.148205,0
2026-06-06 15:00:00,1.148165,1.149305,1.147345,1.149305,0
2026-06-06 15:05:00,1.149325,1.151015,1.149245,1.151015,0
2026-06-06 15:10:00,1.151075,1.151785,1.150645,1.150925,0
2026-06-06 15:15:00,1.150885,1.152485,1.150635,1.152195,0
2026-06-06 15:20:00,1.152185,1.152965,1.151565,1.152615,0
2026-06-06 15:25:00,1.152665,1.153785,1.152285,1.152335,0
2026-06-06 15:30:00,1.152345,1.152355,1.151455,1.152155,0
2026-06-06 15:35:00,1.152145,1.152555,1.150895,1.151605,0
2026-06-06 15:40:00,1.151635,1.153085,1.151105,1.152745,0
2026-06-06 15:45:00,1.152775,1.153415,1.152455,1.152855,0
2026-06-06 15:50:00,1.152875,1.154205,1.152615,1.154125,0
2026-06-06 15:55:00,1.154135,1.154215,1.152675,1.152995,0
2026-06-06 16:00:00,1.153025,1.153885,1.152645,1.153775,0
2026-06-06 16:05:00,1.153765,1.155085,1.153195,1.154195,0
2026-06-06 16:10:00,1.154185,1.155865,1.153845,1.155345,0
2026-06-06 16:15:00,1.155355,1.155935,1.154505,1.155395,0
2026-06-06 16:20:00,1.155365,1.155785,1.154995,1.155355,0
2026-06-06 16:25:00,1.155285,1.156235,1.154705,1.155335,0
2026-06-06 16:30:00,1.155355,1.156975,1.155345,1.156395,0
2026-06-06 16:35:00,1.156345,1.156945,1.154905,1.155735,0
2026-06-06 16:40:00,1.155755,1.155935,1.154085,1.155465,0
2026-06-06 16:45:00,1.155415,1.156725,1.155245,1.156685,0
2026-06-06 16:50:00,1.156695,1.157155,1.156235,1.156775,0
2026-06-06 16:55:00,1.156825,1.157195,1.156075,1.156995,0
2026-06-06 17:00:00,1.156965,1.157155,1.156245,1.156315,0
2026-06-06 17:05:00,1.156305,1.156305,1.155025,1.156115,0
2026-06-06 17:10:00,1.156095,1.157325,1.155495,1.157195,0
2026-06-06 17:15:00,1.157105,1.157645,1.156795,1.157325,0
2026-06-06 17:20:00,1.157305,1.157355,1.155695,1.156675,0
2026-06-06 17:25:00,1.156635,1.157015,1.155635,1.156445,0
2026-06-06 17:30:00,1.156435,1.157155,1.155535,1.156245,0
2026-06-06 17:35:00,1.156265,1.156685,1.154755,1.155545,0
2026-06-06 17:40:00,1.155525,1.156825,1.155445,1.156815,0
2026-06-06 17:45:00,1.156765,1.156975,1.155085,1.155705,0
2026-06-06 17:50:00,1.155735,1.155755,1.154115,1.154135,0
2026-06-06 17:55:00,1.154115,1.154845,1.153155,1.153255,0
2026-06-06 18:00:00,1.153275,1.154715,1.152825,1.154295,0
2026-06-06 18:05:00,1.154285,1.154545,1.153125,1.153125,0
2026-06-06 18:10:00,1.153115,1.153755,1.152445,1.153175,0
2026-06-06 18:15:00,1.153165,1.153715,1.152785,1.152955,0
2026-06-06 18:20:00,1.153025,1.153435,1.152385,1.152835,0
2026-06-06 18:25:00,1.152825,1.152905,1.151425,1.152605,0
2026-06-06 18:30:00,1.152595,1.153115,1.151895,1.152085,0
2026-06-06 18:35:00,1.152075,1.152485,1.151445,1.152305,0
2026-06-06 18:40:00,1.152215,1.153455,1.152025,1.153155,0
2026-06-06 18:45:00,1.153145,1.153675,1.152385,1.152395,0
2026-06-06 18:50:00,1.152415,1.152875,1.151535,1.152775,0
2026-06-06 18:55:00,1.152865,1.154175,1.152605,1.153825,0
2026-06-06 19:00:00,1.153815,1.153815,1.152675,1.152845,0
2026-06-06 19:05:00,1.152815,1.153655,1.152465,1.152805,0
2026-06-06 19:10:00,1.152775,1.153755,1.152655,1.153195,0
2026-06-06 19:15:00,1.153145,1.153565,1.152185,1.153565,0
2026-06-06 19:20:00,1.153595,1.153875,1.152795,1.153175,0
2026-06-06 19:25:00,1.153255,1.154045,1.153015,1.153415,0
2026-06-06 19:30:00,1.153455,1.153705,1.151715,1.152275,0
2026-06-06 19:35:00,1.152295,1.152585,1.150935,1.151555,0
2026-06-06 19:40:00,1.151545,1.153295,1.151545,1.152465,0
2026-06-06 19:45:00,1.152455,1.152945,1.151735,1.152485,0
2026-06-06 19:50:00,1.152465,1.152975,1.151995,1.152865,0
2026-06-06 19:55:00,1.152875,1.154095,1.152505,1.153665,0
2026-06-06 20:00:00,1.153645,1.153945,1.153145,1.153665,0
2026-06-06 20:05:00,1.153655,1.154085,1.153195,1.153465,0
2026-06-06 20:10:00,1.153475,1.154515,1.153065,1.153675,0
2026-06-06 20:15:00,1.153715,1.154105,1.152475,1.153665,0
2026-06-06 20:20:00,1.153675,1.154015,1.152825,1.153835,0
2026-06-06 20:25:00,1.153845,1.154145,1.153275,1.153925,0
2026-06-06 20:30:00,1.153945,1.155145,1.153925,1.154785,0
2026-06-06 20:35:00,1.154715,1.155865,1.154425,1.155065,0
2026-06-06 20:40:00,1.155025,1.156215,1.154385,1.155025,0
2026-06-06 20:45:00,1.155015,1.155375,1.154355,1.155255,0
2026-06-06 20:50:00,1.155245,1.156295,1.155215,1.155695,0
2026-06-06 20:55:00,1.155665,1.155885,1.154555,1.154735,0
2026-06-06 21:00:00,1.154715,1.156445,1.154715,1.154915,0
2026-06-06 21:05:00,1.154965,1.155295,1.153875,1.154525,0
2026-06-06 21:10:00,1.154515,1.154885,1.152615,1.152755,0
2026-06-06 21:15:00,1.152765,1.153185,1.151515,1.152045,0
2026-06-06 21:20:00,1.152095,1.153475,1.152095,1.153235,0
2026-06-06 21:25:00,1.153265,1.153675,1.152275,1.153065,0
2026-06-06 21:30:00,1.153045,1.153485,1.152525,1.152525,0
2026-06-06 21:35:00,1.152585,1.152695,1.151055,1.151665,0
2026-06-06 21:40:00,1.151635,1.151955,1.150575,1.150865,0
2026-06-06 21:45:00,1.150905,1.150975,1.149875,1.150695,0
2026-06-06 21:50:00,1.150665,1.151065,1.149955,1.150445,0
2026-06-06 21:55:00,1.150425,1.150865,1.149575,1.150855,0
2026-06-06 22:00:00,1.150875,1.152445,1.150855,1.152365,0
2026-06-06 22:05:00,1.152425,1.152605,1.151505,1.151985,0
2026-06-06 22:10:00,1.151945,1.152935,1.151455,1.152885,0
2026-06-06 22:15:00,1.152925,1.155015,1.152775,1.154635,0
2026-06-06 22:20:00,1.154605,1.155715,1.154485,1.154675,0
2026-06-06 22:25:00,1.154695,1.156275,1.154375,1.155975,0
2026-06-06 22:30:00,1.155945,1.156195,1.154415,1.155345,0
2026-06-06 22:35:00,1.155365,1.155445,1.154055,1.154855,0
2026-06-06 22:40:00,1.154885,1.155775,1.154445,1.154995,0
2026-06-06 22:45:00,1.154955,1.156515,1.154875,1.155645,0
2026-06-06 22:50:00,1.155655,1.156005,1.154205,1.154485,0
2026-06-06 22:55:00,1.154525,1.155215,1.153155,1.154665,0
2026-06-06 23:00:00,1.154695,1.156085,1.154675,1.155425,0
2026-06-06 23:05:00,1.155405,1.156175,1.155355,1.155785,0
2026-06-06 23:10:00,1.155755,1.156515,1.154965,1.156085,0
2026-06-06 23:15:00,1.156075,1.156915,1.155775,1.156175,0
2026-06-06 23:20:00,1.156165,1.157525,1.155745,1.156605,0
2026-06-06 23:25:00,1.156525,1.157045,1.156145,1.156285,0
2026-06-06 23:30:00,1.156275,1.158075,1.156265,1.157725,0
2026-06-06 23:35:00,1.157745,1.159755,1.157725,1.159475,0
2026-06-06 23:40:00,1.159495,1.161255,1.159495,1.161055,0
2026-06-06 23:45:00,1.161095,1.161905,1.160725,1.160805,0
2026-06-06 23:50:00,1.160865,1.162175,1.160725,1.161955,0
2026-06-06 23:55:00,1.161925,1.163665,1.161525,1.163455,0
2026-06-07 00:00:00,1.163495,1.164675,1.163335,1.164675,0
2026-06-07 00:05:00,1.164685,1.164885,1.163395,1.164145,0
2026-06-07 00:10:00,1.164155,1.165385,1.163745,1.165235,0
2026-06-07 00:15:00,1.165225,1.166185,1.165045,1.165575,0
2026-06-07 00:20:00,1.165595,1.166365,1.165175,1.165965,0
2026-06-07 00:25:00,1.165985,1.165985,1.164345,1.164645,0
2026-06-07 00:30:00,1.164665,1.165215,1.163805,1.165155,0
2026-06-07 00:35:00,1.165125,1.165815,1.164685,1.165585,0
2026-06-07 00:40:00,1.165565,1.166435,1.165085,1.165745,0
2026-06-07 00:45:00,1.165795,1.166095,1.164505,1.164955,0
2026-06-07 00:50:00,1.164985,1.165605,1.164175,1.164845,0
2026-06-07 00:55:00,1.164825,1.164855,1.163565,1.163565,0
2026-06-07 01:00:00,1.163525,1.163605,1.161565,1.161565,0
2026-06-07 01:05:00,1.161555,1.162405,1.161285,1.162355,0
2026-06-07 01:10:00,1.162385,1.163845,1.162125,1.163015,0
2026-06-07 01:15:00,1.163005,1.163995,1.162745,1.163415,0
2026-06-07 01:20:00,1.163455,1.163885,1.162345,1.162705,0
2026-06-07 01:25:00,1.162675,1.162965,1.161275,1.161275,0
2026-06-07 01:30:00,1.161285,1.161445,1.160375,1.160825,0
2026-06-07 01:35:00,1.160845,1.161805,1.160205,1.160875,0
2026-06-07 01:40:00,1.160865,1.161145,1.160115,1.160155,0
2026-06-07 01:45:00,1.160175,1.161195,1.160105,1.160715,0
2026-06-07 01:50:00,1.160705,1.161065,1.160285,1.160565,0
2026-06-07 01:55:00,1.160595,1.161665,1.160565,1.161595,0
2026-06-07 02:00:00,1.161605,1.163425,1.161475,1.162665,0
2026-06-07 02:05:00,1.162705,1.163185,1.162255,1.162665,0
2026-06-07 02:10:00,1.162785,1.163355,1.162465,1.162725,0
2026-06-07 02:15:00,1.162755,1.162975,1.161735,1.162495,0
2026-06-07 02:20:00,1.162485,1.162885,1.161465,1.161465,0
2026-06-07 02:25:00,1.161475,1.161975,1.160315,1.161835,0
2026-06-07 02:30:00,1.161825,1.162085,1.160935,1.161935,0
2026-06-07 02:35:00,1.161925,1.164525,1.161915,1.164125,0
2026-06-07 02:40:00,1.164115,1.164135,1.162975,1.163385,0
2026-06-07 02:45:00,1.163375,1.164265,1.162215,1.162475,0
2026-06-07 02:50:00,1.162455,1.162775,1.161775,1.162095,0
2026-06-07 02:55:00,1.162125,1.163545,1.161985,1.163295,0
2026-06-07 03:00:00,1.163225,1.164345,1.162905,1.163725,0
2026-06-07 03:05:00,1.163745,1.164745,1.163745,1.164345,0
2026-06-07 03:10:00,1.164335,1.165315,1.164285,1.164565,0
2026-06-07 03:15:00,1.164525,1.164975,1.163585,1.164405,0
2026-06-07 03:20:00,1.164355,1.165195,1.164195,1.164355,0
2026-06-07 03:25:00,1.164345,1.165365,1.164055,1.165285,0
2026-06-07 03:30:00,1.165335,1.166795,1.165315,1.165895,0
2026-06-07 03:35:00,1.165875,1.167215,1.165505,1.166365,0
2026-06-07 03:40:00,1.166385,1.166405,1.164625,1.166065,0
2026-06-07 03:45:00,1.166045,1.166455,1.165305,1.166155,0
2026-06-07 03:50:00,1.166105,1.166875,1.165595,1.166445,0
2026-06-07 03:55:00,1.166435,1.166945,1.165255,1.165655,0
2026-06-07 04:00:00,1.165615,1.166265,1.165085,1.165395,0
2026-06-07 04:05:00,1.165385,1.166045,1.163785,1.164075,0
2026-06-07 04:10:00,1.164055,1.164455,1.163085,1.163595,0
2026-06-07 04:15:00,1.163465,1.163845,1.162865,1.163705,0
2026-06-07 04:20:00,1.163595,1.165225,1.163525,1.165165,0
2026-06-07 04:25:00,1.165175,1.166325,1.164815,1.165855,0
2026-06-07 04:30:00,1.165845,1.166575,1.165725,1.166575,0
2026-06-07 04:35:00,1.166555,1.166735,1.165405,1.165655,0
2026-06-07 04:40:00,1.165715,1.165945,1.164005,1.164065,0
2026-06-07 04:45:00,1.164075,1.165085,1.163455,1.164635,0
2026-06-07 04:50:00,1.164675,1.164785,1.163285,1.163465,0
2026-06-07 04:55:00,1.163475,1.164505,1.163195,1.163425,0
2026-06-07 05:00:00,1.163345,1.165265,1.163055,1.165145,0
2026-06-07 05:05:00,1.165155,1.166285,1.164965,1.165805,0
2026-06-07 05:10:00,1.165785,1.166805,1.165755,1.165945,0
2026-06-07 05:15:00,1.165905,1.166085,1.165265,1.165285,0
2026-06-07 05:20:00,1.165295,1.165445,1.164015,1.164995,0
2026-06-07 05:25:00,1.164985,1.167395,1.164885,1.167385,0
2026-06-07 05:30:00,1.167155,1.168185,1.166905,1.167385,0
2026-06-07 05:35:00,1.167395,1.169365,1.167285,1.169095,0
2026-06-07 05:40:00,1.169065,1.170515,1.168805,1.169665,0
2026-06-07 05:45:00,1.169675,1.169675,1.167855,1.168365,0
2026-06-07 05:50:00,1.168425,1.169675,1.168355,1.169305,0
2026-06-07 05:55:00,1.169295,1.170485,1.169135,1.169555,0
2026-06-07 06:00:00,1.169565,1.170165,1.168845,1.169615,0
2026-06-07 06:05:00,1.169605,1.170185,1.169335,1.170045,0
2026-06-07 06:10:00,1.170065,1.171935,1.169965,1.171735,0
2026-06-07 06:15:00,1.171695,1.173115,1.171615,1.172115,0
2026-06-07 06:20:00,1.172185,1.172515,1.170705,1.171155,0
2026-06-07 06:25:00,1.171165,1.171755,1.170535,1.171285,0
2026-06-07 06:30:00,1.171335,1.171595,1.170685,1.170775,0
2026-06-07 06:35:00,1.170795,1.170825,1.169565,1.169565,0
2026-06-07 06:40:00,1.169575,1.170465,1.169005,1.170375,0
2026-06-07 06:45:00,1.170425,1.172555,1.170245,1.171875,0
2026-06-07 06:50:00,1.171855,1.172655,1.171265,1.172655,0
2026-06-07 06:55:00,1.172725,1.173645,1.172305,1.172945,0
2026-06-07 07:00:00,1.172955,1.173525,1.171905,1.172215,0
2026-06-07 07:05:00,1.172185,1.172605,1.170565,1.170735,0
2026-06-07 07:10:00,1.170675,1.170705,1.168965,1.169285,0
2026-06-07 07:15:00,1.169265,1.170315,1.169035,1.169095,0
2026-06-07 07:20:00,1.169035,1.170015,1.167835,1.168135,0
2026-06-07 07:25:00,1.168165,1.168645,1.168105,1.168525,0
2026-06-07 07:30:00,1.168535,1.169615,1.168235,1.169055,0
2026-06-07 07:35:00,1.169075,1.169245,1.168565,1.169065,0
2026-06-07 07:40:00,1.169075,1.169695,1.168195,1.169045,0
2026-06-07 07:45:00,1.169085,1.169475,1.168205,1.168475,0
2026-06-07 07:50:00,1.168435,1.170275,1.168315,1.170155,0
2026-06-07 07:55:00,1.170135,1.170805,1.169655,1.170105,0
2026-06-07 08:00:00,1.170055,1.170605,1.169795,1.170275,0
2026-06-07 08:10:00,1.170275,1.170275,1.150805,1.150995,0
2026-06-07 08:15:00,1.151025,1.151935,1.150305,1.150315,0
2026-06-07 08:20:00,1.150345,1.151025,1.149535,1.150875,0
2026-06-07 08:25:00,1.150905,1.151735,1.150085,1.151625,0
2026-06-07 08:30:00,1.151645,1.153045,1.151355,1.152405,0
2026-06-07 08:35:00,1.152435,1.153635,1.152345,1.152565,0
2026-06-07 08:40:00,1.152585,1.153685,1.151915,1.151935,0
2026-06-07 08:45:00,1.151945,1.152455,1.151455,1.152045,0
2026-06-07 08:50:00,1.152115,1.152405,1.150855,1.151645,0
2026-06-07 08:55:00,1.151655,1.152125,1.150545,1.151665,0
2026-06-07 09:00:00,1.151645,1.151735,1.149275,1.149355,0
2026-06-07 09:05:00,1.149305,1.149615,1.148095,1.148945,0
2026-06-07 09:10:00,1.148925,1.148945,1.146785,1.146915,0
2026-06-07 09:15:00,1.146905,1.146975,1.145845,1.146755,0
2026-06-07 09:20:00,1.146785,1.146925,1.145505,1.146165,0
2026-06-07 09:25:00,1.146155,1.146425,1.143115,1.143195,0
2026-06-07 09:30:00,1.143185,1.143555,1.140595,1.140645,0
2026-06-07 09:35:00,1.140655,1.141575,1.139755,1.141245,0
2026-06-07 09:40:00,1.141225,1.141455,1.140585,1.140725,0
2026-06-07 09:45:00,1.140755,1.140925,1.139535,1.139925,0
2026-06-07 09:50:00,1.139905,1.139925,1.137975,1.138005,0
2026-06-07 09:55:00,1.138015,1.138505,1.137585,1.138375,0
2026-06-07 10:00:00,1.138355,1.138515,1.136685,1.136685,0
2026-06-07 10:05:00,1.136675,1.137975,1.136065,1.137785,0
2026-06-07 10:10:00,1.137795,1.138095,1.136395,1.136785,0
2026-06-07 10:15:00,1.136835,1.136865,1.135095,1.135845,0
2026-06-07 10:20:00,1.135865,1.136845,1.135585,1.135955,0
2026-06-07 10:25:00,1.135995,1.137295,1.135195,1.136325,0
2026-06-07 10:30:00,1.136365,1.137075,1.135785,1.136885,0
2026-06-07 10:35:00,1.136875,1.137165,1.135905,1.136465,0
2026-06-07 10:40:00,1.136515,1.136985,1.136025,1.136625,0
2026-06-07 10:45:00,1.136615,1.137345,1.135895,1.136065,0
2026-06-07 10:50:00,1.136015,1.136545,1.135725,1.135945,0
2026-06-07 10:55:00,1.135955,1.136465,1.134115,1.134135,0
2026-06-07 11:00:00,1.134115,1.134275,1.132975,1.133255,0
2026-06-07 11:05:00,1.133245,1.134065,1.133055,1.133305,0
2026-06-07 11:10:00,1.133325,1.133725,1.132715,1.133125,0
2026-06-07 11:15:00,1.133095,1.135425,1.133095,1.135115,0
2026-06-07 11:20:00,1.135095,1.135705,1.134525,1.135705,0
2026-06-07 11:25:00,1.135665,1.136285,1.133415,1.133585,0
2026-06-07 11:30:00,1.133565,1.134175,1.132635,1.133985,0
2026-06-07 11:35:00,1.134045,1.135655,1.134005,1.135105,0
2026-06-07 11:40:00,1.135115,1.135245,1.133255,1.133605,0
2026-06-07 11:45:00,1.133645,1.134165,1.133245,1.133705,0
2026-06-07 11:50:00,1.133695,1.134675,1.133275,1.134605,0
2026-06-07 11:55:00,1.134615,1.135705,1.134295,1.135215,0
2026-06-07 12:00:00,1.135225,1.136035,1.134425,1.134685,0
2026-06-07 12:05:00,1.134655,1.134685,1.132415,1.132795,0
2026-06-07 12:10:00,1.132785,1.133265,1.132195,1.132275,0
2026-06-07 12:15:00,1.132295,1.132795,1.131285,1.132285,0
2026-06-07 12:20:00,1.132265,1.133705,1.131755,1.133245,0
2026-06-07 12:25:00,1.133265,1.133675,1.132065,1.133485,0
2026-06-07 12:30:00,1.133495,1.133715,1.132725,1.132825,0
2026-06-07 12:35:00,1.132785,1.133735,1.132125,1.132665,0
2026-06-07 12:40:00,1.132675,1.134605,1.132295,1.134475,0
2026-06-07 12:45:00,1.134495,1.134835,1.133035,1.134675,0
2026-06-07 12:50:00,1.134645,1.135755,1.134405,1.135035,0
2026-06-07 12:55:00,1.135015,1.135225,1.133235,1.133985,0
2026-06-07 13:00:00,1.133975,1.134135,1.132365,1.132455,0
2026-06-07 13:05:00,1.132505,1.132605,1.131755,1.132415,0
2026-06-07 13:10:00,1.132405,1.133655,1.131375,1.133655,0
2026-06-07 13:15:00,1.133665,1.133995,1.131755,1.133205,0
2026-06-07 13:20:00,1.133185,1.135165,1.133025,1.134925,0
2026-06-07 13:25:00,1.134895,1.135905,1.134615,1.135825,0
2026-06-07 13:30:00,1.135875,1.137295,1.135795,1.136245,0
2026-06-07 13:35:00,1.136265,1.136885,1.135835,1.136375,0
2026-06-07 13:40:00,1.136385,1.139055,1.135825,1.138555,0
2026-06-07 13:45:00,1.138575,1.139325,1.138145,1.138415,0
2026-06-07 13:50:00,1.138435,1.138595,1.137185,1.138145,0
2026-06-07 13:55:00,1.138135,1.139455,1.138085,1.139255,0
2026-06-07 14:00:00,1.139265,1.139775,1.138545,1.139245,0
2026-06-07 14:05:00,1.139195,1.139515,1.138155,1.139335,0
2026-06-07 14:10:00,1.139315,1.139355,1.137415,1.137735,0
2026-06-07 14:15:00,1.137795,1.137935,1.136505,1.136975,0
2026-06-07 14:20:00,1.136955,1.137955,1.136765,1.137785,0
2026-06-07 14:25:00,1.137765,1.137825,1.135965,1.136375,0
2026-06-07 14:30:00,1.136325,1.136415,1.134485,1.134665,0
2026-06-07 14:35:00,1.134675,1.136105,1.134495,1.135565,0
2026-06-07 14:40:00,1.135595,1.137035,1.135255,1.136695,0
2026-06-07 14:45:00,1.136635,1.137135,1.136265,1.136735,0
2026-06-07 14:50:00,1.136765,1.137635,1.135965,1.137535,0
2026-06-07 14:55:00,1.137545,1.138015,1.136665,1.137875,0
2026-06-07 15:00:00,1.137885,1.137945,1.137095,1.137485,0
2026-06-07 15:05:00,1.137455,1.138095,1.136865,1.137575,0
2026-06-07 15:10:00,1.137585,1.137865,1.137315,1.137715,0
