timestamp,open,high,low,close,volume
2026-01-23 09:00:00,0.86953,0.86974,0.86723,0.867365,13900
2026-01-23 10:00:00,0.86736,0.86769,0.86675,0.867505,8427
2026-01-23 11:00:00,0.86751,0.86846,0.86726,0.86827,10215
2026-01-23 12:00:00,0.868265,0.868325,0.86779,0.86798,7726
2026-01-23 13:00:00,0.867985,0.86809,0.86741,0.86758,9005
2026-01-23 14:00:00,0.867585,0.86835,0.86757,0.86776,8929
2026-01-23 15:00:00,0.867765,0.86783,0.866675,0.866835,10253
2026-01-23 16:00:00,0.86683,0.866895,0.865815,0.86624,17018
2026-01-23 17:00:00,0.86624,0.866955,0.866075,0.8667,23679
2026-01-23 18:00:00,0.866705,0.866785,0.8663,0.866725,17587
2026-01-23 19:00:00,0.86673,0.86709,0.866525,0.866995,11146
2026-01-23 20:00:00,0.867,0.86723,0.86685,0.866875,12345
2026-01-23 21:00:00,0.86688,0.867545,0.866695,0.86682,12191
2026-01-25 22:00:00,0.86821,0.869445,0.867265,0.86917,5411
2026-01-25 23:00:00,0.869175,0.869745,0.86786,0.867935,11682
2026-01-26 00:00:00,0.86793,0.86868,0.86782,0.867865,12856
2026-01-26 01:00:00,0.86786,0.86822,0.867575,0.868005,14520
2026-01-26 02:00:00,0.868005,0.86829,0.867975,0.868195,8848
2026-01-26 03:00:00,0.868185,0.86846,0.86813,0.86841,8012
2026-01-26 04:00:00,0.868405,0.86856,0.86814,0.86817,6505
2026-01-26 05:00:00,0.868175,0.86844,0.86809,0.868175,6604
2026-01-26 06:00:00,0.86817,0.86817,0.86764,0.86785,10427
2026-01-26 07:00:00,0.86784,0.86799,0.867275,0.867535,15396
2026-01-26 08:00:00,0.867545,0.868075,0.86737,0.8676,19621
2026-01-26 09:00:00,0.867595,0.867975,0.8669,0.86774,15812
2026-01-26 10:00:00,0.867735,0.86787,0.86712,0.867585,12229
2026-01-26 11:00:00,0.86758,0.86764,0.867005,0.86754,10260
2026-01-26 12:00:00,0.867545,0.86789,0.867115,0.86736,11215
2026-01-26 13:00:00,0.867365,0.868295,0.867315,0.867835,14319
2026-01-26 14:00:00,0.86783,0.867975,0.86726,0.86763,16559
2026-01-26 15:00:00,0.867625,0.86799,0.86684,0.867775,18602
2026-01-26 16:00:00,0.86777,0.86828,0.86701,0.867785,18563
2026-01-26 17:00:00,0.86778,0.86794,0.867325,0.86782,10769
2026-01-26 18:00:00,0.867815,0.868045,0.867475,0.867795,10404
2026-01-26 19:00:00,0.8678,0.86837,0.867715,0.86822,10812
2026-01-26 20:00:00,0.86823,0.868595,0.868195,0.868585,8403
2026-01-26 21:00:00,0.86858,0.86864,0.86821,0.868435,5841
2026-01-26 22:00:00,0.86844,0.86867,0.8682,0.868545,2775
2026-01-26 23:00:00,0.86858,0.868705,0.86816,0.8683,3005
2026-01-27 00:00:00,0.868295,0.86871,0.868245,0.86865,5783
2026-01-27 01:00:00,0.868655,0.868655,0.86829,0.86835,6358
2026-01-27 02:00:00,0.868345,0.868575,0.868085,0.868405,6517
2026-01-27 03:00:00,0.8684,0.86843,0.86787,0.868205,6597
2026-01-27 04:00:00,0.86821,0.86829,0.86802,0.86828,4791
2026-01-27 05:00:00,0.868285,0.868415,0.868075,0.86829,4734
2026-01-27 06:00:00,0.86828,0.86829,0.867625,0.867715,6702
2026-01-27 07:00:00,0.86772,0.86783,0.867295,0.867595,11385
2026-01-27 08:00:00,0.8676,0.86778,0.867115,0.867345,12282
2026-01-27 09:00:00,0.86735,0.8681,0.867295,0.86786,12503
2026-01-27 10:00:00,0.867865,0.867955,0.86709,0.867615,12139
2026-01-27 11:00:00,0.86761,0.867765,0.86732,0.8676,7619
2026-01-27 12:00:00,0.867605,0.868615,0.867465,0.8681,19621
2026-01-27 13:00:00,0.868095,0.86852,0.867765,0.86808,21288
2026-01-27 14:00:00,0.868085,0.86861,0.867065,0.86731,22740
2026-01-27 15:00:00,0.867305,0.869485,0.867125,0.869055,25740
2026-01-27 16:00:00,0.86905,0.86985,0.86893,0.86931,19374
2026-01-27 17:00:00,0.869305,0.86952,0.86877,0.8689,17437
2026-01-27 18:00:00,0.868905,0.86953,0.868895,0.86941,12749
2026-01-27 19:00:00,0.869405,0.869425,0.86882,0.86897,8762
2026-01-27 20:00:00,0.868975,0.87165,0.868825,0.86942,29998
2026-01-27 21:00:00,0.869415,0.870185,0.869285,0.869405,21424
2026-01-27 22:00:00,0.86923,0.870005,0.86923,0.869735,1835
2026-01-27 23:00:00,0.86975,0.869885,0.869255,0.86954,5947
2026-01-28 00:00:00,0.86955,0.869695,0.86914,0.869575,11201
2026-01-28 01:00:00,0.86957,0.869585,0.868795,0.869045,11865
2026-01-28 02:00:00,0.869045,0.869325,0.86899,0.869165,8015
2026-01-28 03:00:00,0.86916,0.86947,0.868985,0.869355,6887
2026-01-28 04:00:00,0.869345,0.869705,0.869145,0.869465,5826
2026-01-28 05:00:00,0.86947,0.86947,0.86832,0.86903,10995
2026-01-28 06:00:00,0.869025,0.869195,0.868555,0.86883,8397
2026-01-28 07:00:00,0.868855,0.86959,0.86877,0.86886,14842
2026-01-28 08:00:00,0.868865,0.86934,0.868205,0.86899,17050
2026-01-28 09:00:00,0.868995,0.86962,0.86898,0.869415,12553
2026-01-28 10:00:00,0.869425,0.869535,0.86872,0.869215,11152
2026-01-28 11:00:00,0.869225,0.869375,0.868405,0.869155,10912
2026-01-28 12:00:00,0.86915,0.869295,0.86831,0.868505,12131
2026-01-28 13:00:00,0.8685,0.868685,0.86798,0.86838,14502
2026-01-28 14:00:00,0.868385,0.86848,0.867435,0.867705,16347
2026-01-28 15:00:00,0.86771,0.86817,0.865875,0.866115,36336
2026-01-28 16:00:00,0.86611,0.86667,0.86581,0.86624,20815
2026-01-28 17:00:00,0.866245,0.86646,0.865595,0.865955,11805
2026-01-28 18:00:00,0.86595,0.866185,0.865375,0.865425,13097
2026-01-28 19:00:00,0.86544,0.86573,0.86493,0.86567,27005
2026-01-28 20:00:00,0.865665,0.865925,0.865235,0.865695,13131
2026-01-28 21:00:00,0.86569,0.865795,0.86532,0.865755,8276
2026-01-28 22:00:00,0.865755,0.866485,0.865755,0.866325,14075
2026-01-28 23:00:00,0.86633,0.866495,0.86583,0.86647,7360
2026-01-29 00:00:00,0.866465,0.866695,0.866125,0.86636,11064
2026-01-29 01:00:00,0.866365,0.866725,0.866245,0.86657,9447
2026-01-29 02:00:00,0.866565,0.866965,0.866535,0.866845,7238
2026-01-29 03:00:00,0.86684,0.866865,0.866475,0.86653,6256
2026-01-29 04:00:00,0.86653,0.86668,0.866175,0.866365,7654
2026-01-29 05:00:00,0.86636,0.86643,0.865815,0.865835,6197
2026-01-29 06:00:00,0.86584,0.866315,0.86582,0.866085,9916
2026-01-29 07:00:00,0.866095,0.866355,0.865565,0.865695,15224
2026-01-29 08:00:00,0.86569,0.866235,0.86498,0.865975,14879
2026-01-29 09:00:00,0.86598,0.86625,0.86585,0.866145,12464
2026-01-29 10:00:00,0.86614,0.866495,0.865835,0.866455,13072
2026-01-29 11:00:00,0.86645,0.8665,0.86603,0.86609,10537
2026-01-29 12:00:00,0.8661,0.8663,0.865785,0.865915,8986
2026-01-29 13:00:00,0.86592,0.86638,0.86535,0.866,17954
2026-01-29 14:00:00,0.865995,0.866075,0.86503,0.865735,19001
2026-01-29 15:00:00,0.86573,0.867135,0.865655,0.866745,45317
2026-01-29 16:00:00,0.86674,0.867035,0.865835,0.86587,27036
2026-01-29 17:00:00,0.86588,0.866515,0.86572,0.866495,20524
2026-01-29 18:00:00,0.86649,0.86684,0.866415,0.86665,15135
2026-01-29 19:00:00,0.866645,0.86682,0.866395,0.866465,10082
2026-01-29 20:00:00,0.86646,0.866845,0.86631,0.86671,8861
2026-01-29 21:00:00,0.866715,0.86686,0.86655,0.866815,6757
2026-01-29 22:00:00,0.866815,0.866995,0.866435,0.86681,1916
2026-01-29 23:00:00,0.866785,0.866915,0.86658,0.86669,3992
2026-01-30 00:00:00,0.86668,0.86679,0.865635,0.866045,13430
2026-01-30 01:00:00,0.86605,0.866635,0.86561,0.866005,18523
2026-01-30 02:00:00,0.866,0.866635,0.86569,0.86604,19842
2026-01-30 03:00:00,0.866045,0.86679,0.865875,0.866715,8410
2026-01-30 04:00:00,0.86671,0.867125,0.866615,0.86705,5126
2026-01-30 05:00:00,0.867055,0.86732,0.86671,0.8669,6793
2026-01-30 06:00:00,0.866895,0.8672,0.866695,0.866805,14629
2026-01-30 07:00:00,0.86682,0.867175,0.86632,0.86696,16801
2026-01-30 08:00:00,0.86697,0.867235,0.86631,0.866965,15543
2026-01-30 09:00:00,0.86695,0.867425,0.866685,0.867075,16647
2026-01-30 10:00:00,0.86707,0.86754,0.866705,0.8671,13879
2026-01-30 11:00:00,0.867105,0.86741,0.86686,0.86719,13406
2026-01-30 12:00:00,0.8672,0.867215,0.86604,0.86611,12374
2026-01-30 13:00:00,0.866115,0.867025,0.86588,0.866715,17355
2026-01-30 14:00:00,0.866725,0.866905,0.86606,0.86661,17798
2026-01-30 15:00:00,0.86659,0.86741,0.865975,0.86701,27461
2026-01-30 16:00:00,0.867015,0.867105,0.865525,0.865875,26431
2026-01-30 17:00:00,0.865885,0.86658,0.86576,0.866035,21788
2026-01-30 18:00:00,0.86604,0.86668,0.865935,0.86632,21926
2026-01-30 19:00:00,0.866315,0.866815,0.86618,0.8665,14913
2026-01-30 20:00:00,0.866505,0.86652,0.86606,0.866255,12532
2026-01-30 21:00:00,0.866235,0.86639,0.865885,0.86598,12511
2026-02-01 22:00:00,0.86598,0.86621,0.865405,0.865885,4037
2026-02-01 23:00:00,0.8659,0.86665,0.86578,0.8662,16401
2026-02-02 00:00:00,0.866195,0.86661,0.86609,0.86616,19698
2026-02-02 01:00:00,0.866165,0.86703,0.86613,0.86688,21976
2026-02-02 02:00:00,0.866885,0.867135,0.866655,0.867045,14139
2026-02-02 03:00:00,0.867045,0.867395,0.867,0.867005,9839
2026-02-02 04:00:00,0.867,0.867405,0.86692,0.86705,8825
2026-02-02 05:00:00,0.867045,0.867145,0.86671,0.86678,10770
2026-02-02 06:00:00,0.866775,0.86715,0.86662,0.866795,16740
2026-02-02 07:00:00,0.86678,0.867085,0.86639,0.86652,16681
2026-02-02 08:00:00,0.866525,0.866725,0.86533,0.865525,17433
2026-02-02 09:00:00,0.86552,0.865795,0.865255,0.865295,15543
2026-02-02 10:00:00,0.86529,0.866045,0.865185,0.865915,14633
2026-02-02 11:00:00,0.865905,0.86627,0.86564,0.86603,11119
2026-02-02 12:00:00,0.866025,0.8661,0.86529,0.865705,14143
2026-02-02 13:00:00,0.86571,0.86608,0.865515,0.86589,20985
2026-02-02 14:00:00,0.865885,0.866165,0.864905,0.864965,21177
2026-02-02 15:00:00,0.86494,0.86543,0.864345,0.865295,25444
2026-02-02 16:00:00,0.86529,0.865585,0.864485,0.86475,23164
2026-02-02 17:00:00,0.864745,0.864755,0.863795,0.86384,15840
2026-02-02 18:00:00,0.86385,0.86392,0.862905,0.86298,14389
2026-02-02 19:00:00,0.862975,0.86317,0.86281,0.86306,9448
2026-02-02 20:00:00,0.863055,0.86308,0.86261,0.86284,9579
2026-02-02 21:00:00,0.862835,0.86295,0.86259,0.862745,5561
2026-02-02 22:00:00,0.862745,0.862885,0.862585,0.862695,1927
2026-02-02 23:00:00,0.8627,0.86309,0.862685,0.862925,3057
2026-02-03 00:00:00,0.86293,0.863225,0.862915,0.86303,7049
2026-02-03 01:00:00,0.863035,0.86331,0.862995,0.863205,8265
2026-02-03 02:00:00,0.86321,0.863275,0.86308,0.863135,6179
2026-02-03 03:00:00,0.86314,0.86324,0.862845,0.862965,7828
2026-02-03 04:00:00,0.86297,0.863085,0.862705,0.86278,4197
2026-02-03 05:00:00,0.862785,0.862845,0.86252,0.862615,5531
2026-02-03 06:00:00,0.86262,0.86291,0.862355,0.86277,8482
2026-02-03 07:00:00,0.862775,0.863485,0.862485,0.862615,13400
2026-02-03 08:00:00,0.862625,0.863515,0.86258,0.863135,12565
2026-02-03 09:00:00,0.86313,0.863275,0.862495,0.86283,13921
2026-02-03 10:00:00,0.862845,0.86319,0.862745,0.86318,9930
2026-02-03 11:00:00,0.86318,0.863675,0.86299,0.86348,9222
2026-02-03 12:00:00,0.86347,0.86347,0.86207,0.862215,10224
2026-02-03 13:00:00,0.86221,0.86291,0.86219,0.862905,13713
2026-02-03 14:00:00,0.86291,0.862925,0.86226,0.862635,19311
2026-02-03 15:00:00,0.86263,0.86265,0.861985,0.86207,16449
2026-02-03 16:00:00,0.862075,0.8629,0.86199,0.862665,15169
2026-02-03 17:00:00,0.86267,0.86308,0.86252,0.86277,15763
2026-02-03 18:00:00,0.862765,0.863585,0.86276,0.863385,10809
2026-02-03 19:00:00,0.863385,0.863475,0.86301,0.86306,9986
2026-02-03 20:00:00,0.863055,0.86314,0.862915,0.86309,8665
2026-02-03 21:00:00,0.863085,0.863295,0.862755,0.86279,4597
2026-02-03 22:00:00,0.86279,0.86306,0.86251,0.862875,2994
2026-02-03 23:00:00,0.86287,0.8629,0.862585,0.86264,2801
2026-02-04 00:00:00,0.862645,0.86293,0.86243,0.862745,7721
2026-02-04 01:00:00,0.86275,0.863155,0.86249,0.862795,10209
2026-02-04 02:00:00,0.86279,0.862985,0.862745,0.862915,6355
2026-02-04 03:00:00,0.86291,0.86311,0.86278,0.86302,4928
2026-02-04 04:00:00,0.86302,0.863035,0.862755,0.86289,5296
2026-02-04 05:00:00,0.862895,0.86293,0.862585,0.862765,5732
2026-02-04 06:00:00,0.86276,0.862795,0.862465,0.86265,7704
2026-02-04 07:00:00,0.862655,0.862875,0.862475,0.86266,8443
2026-02-04 08:00:00,0.862655,0.862655,0.861495,0.861585,13272
2026-02-04 09:00:00,0.86158,0.862415,0.86154,0.8618,9827
2026-02-04 10:00:00,0.861805,0.862465,0.861285,0.8613,7564
2026-02-04 11:00:00,0.861295,0.86203,0.86127,0.86152,8902
2026-02-04 12:00:00,0.861525,0.86179,0.86129,0.861655,10184
2026-02-04 13:00:00,0.86165,0.86223,0.86125,0.86212,15386
2026-02-04 14:00:00,0.86213,0.863225,0.861825,0.863165,19160
2026-02-04 15:00:00,0.86317,0.863735,0.863015,0.863305,25449
2026-02-04 16:00:00,0.86332,0.86466,0.863285,0.864185,20759
2026-02-04 17:00:00,0.86419,0.864585,0.863775,0.86453,17209
2026-02-04 18:00:00,0.864535,0.864775,0.864155,0.864505,13549
2026-02-04 19:00:00,0.86451,0.864725,0.864315,0.86432,10427
2026-02-04 20:00:00,0.864325,0.864855,0.86417,0.86469,7081
2026-02-04 21:00:00,0.864695,0.864855,0.86443,0.864665,5216
2026-02-04 22:00:00,0.864665,0.864865,0.863945,0.86475,2557
2026-02-04 23:00:00,0.864795,0.865015,0.8647,0.864835,3602
2026-02-05 00:00:00,0.86485,0.86489,0.864585,0.864675,4105
2026-02-05 01:00:00,0.86467,0.86503,0.8646,0.864865,6438
2026-02-05 02:00:00,0.864875,0.865305,0.86486,0.865255,10287
2026-02-05 03:00:00,0.86525,0.86531,0.865015,0.86527,7281
2026-02-05 04:00:00,0.865275,0.865285,0.86509,0.86513,2832
2026-02-05 05:00:00,0.865115,0.86574,0.86506,0.865645,4531
2026-02-05 06:00:00,0.865635,0.866185,0.865605,0.865785,7001
2026-02-05 07:00:00,0.865805,0.866465,0.865795,0.866275,9174
2026-02-05 08:00:00,0.86627,0.867655,0.865945,0.867655,11245
2026-02-05 09:00:00,0.86765,0.86937,0.867485,0.868425,13817
2026-02-05 10:00:00,0.86843,0.868835,0.86716,0.867565,8356
2026-02-05 11:00:00,0.86757,0.86789,0.86614,0.86636,9968
2026-02-05 12:00:00,0.86636,0.87047,0.86633,0.868795,29625
2026-02-05 13:00:00,0.86879,0.869885,0.86841,0.86945,24294
2026-02-05 14:00:00,0.869445,0.87163,0.86922,0.871535,24290
2026-02-05 15:00:00,0.87155,0.87212,0.87093,0.871615,23215
2026-02-05 16:00:00,0.87162,0.87196,0.87047,0.87097,16755
2026-02-05 17:00:00,0.870975,0.87151,0.87057,0.870845,10410
2026-02-05 18:00:00,0.87083,0.871165,0.870565,0.87085,7677
2026-02-05 19:00:00,0.87084,0.870925,0.87041,0.87048,4815
2026-02-05 20:00:00,0.870485,0.870655,0.86995,0.87017,6882
2026-02-05 21:00:00,0.870165,0.870645,0.870055,0.87058,5935
2026-02-05 22:00:00,0.87058,0.870855,0.870005,0.870425,2403
2026-02-05 23:00:00,0.8704,0.87103,0.87027,0.870985,3941
2026-02-06 00:00:00,0.87098,0.87139,0.870645,0.870865,9378
2026-02-06 01:00:00,0.87086,0.870965,0.870325,0.870395,8472
2026-02-06 02:00:00,0.87039,0.87048,0.870115,0.87021,5658
2026-02-06 03:00:00,0.87021,0.870285,0.870085,0.87017,4486
2026-02-06 04:00:00,0.870175,0.870255,0.869865,0.869895,3843
2026-02-06 05:00:00,0.8699,0.869995,0.869465,0.869485,3914
2026-02-06 06:00:00,0.869495,0.869495,0.869065,0.869255,5652
2026-02-06 07:00:00,0.86928,0.86945,0.8687,0.86916,7343
2026-02-06 08:00:00,0.869155,0.869445,0.86876,0.869135,10653
2026-02-06 09:00:00,0.869125,0.86932,0.86847,0.868535,8347
2026-02-06 10:00:00,0.86854,0.868875,0.868445,0.868565,6237
2026-02-06 11:00:00,0.86856,0.868585,0.867595,0.867945,6394
2026-02-06 12:00:00,0.86794,0.86799,0.86731,0.86782,7268
2026-02-06 13:00:00,0.867815,0.869345,0.8677,0.86913,9536
2026-02-06 14:00:00,0.869135,0.86939,0.8685,0.86861,13915
2026-02-06 15:00:00,0.8686,0.86867,0.86807,0.86814,15848
2026-02-06 16:00:00,0.86815,0.86844,0.867865,0.868285,11780
2026-02-06 17:00:00,0.86829,0.8684,0.867615,0.867805,8282
2026-02-06 18:00:00,0.86781,0.86818,0.867665,0.868145,6078
2026-02-06 19:00:00,0.86814,0.86817,0.867885,0.86804,4971
2026-02-06 20:00:00,0.868035,0.868355,0.868015,0.868065,4229
2026-02-06 21:00:00,0.86806,0.868165,0.867725,0.868015,4764
2026-02-08 22:00:00,0.868015,0.86894,0.868015,0.86864,1192
2026-02-08 23:00:00,0.86863,0.869375,0.868275,0.86899,10348
2026-02-09 00:00:00,0.868995,0.86936,0.86871,0.86918,11878
2026-02-09 01:00:00,0.869185,0.86971,0.869065,0.86945,9930
2026-02-09 02:00:00,0.869455,0.869595,0.8686,0.868805,6016
2026-02-09 03:00:00,0.868815,0.86924,0.86876,0.869095,3614
2026-02-09 04:00:00,0.8691,0.86938,0.86894,0.86932,2595
2026-02-09 05:00:00,0.869315,0.869405,0.86918,0.86921,3091
2026-02-09 06:00:00,0.869205,0.87064,0.8692,0.870465,10199
2026-02-09 07:00:00,0.87047,0.872115,0.87047,0.871495,10660
2026-02-09 08:00:00,0.8715,0.872495,0.871355,0.87226,13992
2026-02-09 09:00:00,0.872265,0.87265,0.871875,0.872165,10405
2026-02-09 10:00:00,0.87216,0.872255,0.87113,0.871505,11661
2026-02-09 11:00:00,0.87152,0.87222,0.86999,0.87035,15884
2026-02-09 12:00:00,0.870345,0.87057,0.86967,0.869775,10201
2026-02-09 13:00:00,0.869785,0.872105,0.869595,0.872005,18604
2026-02-09 14:00:00,0.872,0.87419,0.871905,0.873535,24828
2026-02-09 15:00:00,0.87354,0.87367,0.870165,0.870915,19810
2026-02-09 16:00:00,0.87091,0.871045,0.86986,0.870595,14549
2026-02-09 17:00:00,0.87059,0.87113,0.870535,0.87104,8056
2026-02-09 18:00:00,0.871045,0.87133,0.87039,0.870425,10265
2026-02-09 19:00:00,0.870435,0.870605,0.870155,0.87027,8120
2026-02-09 20:00:00,0.870275,0.87034,0.86989,0.870005,6361
2026-02-09 21:00:00,0.87,0.87015,0.869615,0.87005,4993
2026-02-09 22:00:00,0.87005,0.87028,0.869745,0.869985,2503
2026-02-09 23:00:00,0.86998,0.870115,0.869805,0.87,2784
2026-02-10 00:00:00,0.87,0.870395,0.86997,0.869975,5246
2026-02-10 01:00:00,0.86998,0.87013,0.86989,0.87003,7848
2026-02-10 02:00:00,0.87002,0.870205,0.86998,0.870045,5672
2026-02-10 03:00:00,0.87004,0.870395,0.870005,0.87038,6071
2026-02-10 04:00:00,0.870385,0.870485,0.87017,0.87028,4015
2026-02-10 05:00:00,0.870275,0.8706,0.870215,0.870525,4246
2026-02-10 06:00:00,0.87054,0.871005,0.870515,0.870635,6058
2026-02-10 07:00:00,0.87063,0.871085,0.870475,0.87101,7654
2026-02-10 08:00:00,0.871005,0.871555,0.87078,0.87116,10506
2026-02-10 09:00:00,0.871155,0.872,0.87083,0.87169,8714
2026-02-10 10:00:00,0.871695,0.87204,0.87126,0.871585,7589
2026-02-10 11:00:00,0.871575,0.87166,0.871145,0.87123,5809
2026-02-10 12:00:00,0.871225,0.871355,0.868605,0.869005,14180
2026-02-10 13:00:00,0.86901,0.870475,0.86874,0.870205,18017
2026-02-10 14:00:00,0.87021,0.87153,0.87014,0.87115,17257
2026-02-10 15:00:00,0.87114,0.8718,0.870955,0.871295,18924
2026-02-10 16:00:00,0.87129,0.87179,0.87063,0.87075,15252
2026-02-10 17:00:00,0.870755,0.87176,0.870685,0.871255,11614
2026-02-10 18:00:00,0.871255,0.87177,0.87121,0.871605,7676
2026-02-10 19:00:00,0.8716,0.871695,0.87129,0.871535,7541
2026-02-10 20:00:00,0.87154,0.871925,0.8714,0.871875,5823
2026-02-10 21:00:00,0.87188,0.872185,0.8718,0.8719,3585
2026-02-10 22:00:00,0.8719,0.87211,0.87143,0.8717,2583
2026-02-10 23:00:00,0.871695,0.872185,0.871695,0.872005,1612
2026-02-11 00:00:00,0.872005,0.8724,0.871935,0.87225,8260
2026-02-11 01:00:00,0.87226,0.872305,0.87187,0.872,9351
2026-02-11 02:00:00,0.872005,0.872225,0.87183,0.871895,6826
2026-02-11 03:00:00,0.87189,0.87193,0.87149,0.871655,4854
2026-02-11 04:00:00,0.87166,0.87184,0.87154,0.871775,3786
2026-02-11 05:00:00,0.871775,0.87192,0.871585,0.87188,4680
2026-02-11 06:00:00,0.87189,0.871975,0.8715,0.871615,7059
2026-02-11 07:00:00,0.87162,0.871855,0.871295,0.87157,7045
2026-02-11 08:00:00,0.871565,0.871695,0.870275,0.87041,8182
2026-02-11 09:00:00,0.870405,0.870505,0.869925,0.87021,6758
2026-02-11 10:00:00,0.870205,0.870745,0.86963,0.869795,8157
2026-02-11 11:00:00,0.869785,0.86992,0.869485,0.869755,7127
2026-02-11 12:00:00,0.86976,0.870135,0.869645,0.8699,9194
2026-02-11 13:00:00,0.869875,0.87015,0.86916,0.86954,35225
2026-02-11 14:00:00,0.869535,0.869635,0.868325,0.86853,24872
2026-02-11 15:00:00,0.86853,0.87,0.868295,0.86987,21346
2026-02-11 16:00:00,0.86986,0.870575,0.86928,0.870425,16711
2026-02-11 17:00:00,0.87043,0.87063,0.869945,0.870255,12734
2026-02-11 18:00:00,0.87026,0.87117,0.870255,0.87117,7329
2026-02-11 19:00:00,0.871175,0.871495,0.870985,0.87141,5243
2026-02-11 20:00:00,0.871415,0.871485,0.871195,0.871465,4951
2026-02-11 21:00:00,0.871455,0.8716,0.87104,0.871115,4220
2026-02-11 22:00:00,0.871115,0.871495,0.870795,0.87144,1391
2026-02-11 23:00:00,0.871385,0.871755,0.871345,0.87167,2269
2026-02-12 00:00:00,0.87167,0.871705,0.871215,0.871285,6127
2026-02-12 01:00:00,0.871275,0.87148,0.871005,0.87103,7958
2026-02-12 02:00:00,0.87103,0.87126,0.87098,0.871195,5441
2026-02-12 03:00:00,0.8712,0.871395,0.870685,0.87074,5855
2026-02-12 04:00:00,0.870735,0.870965,0.870575,0.870605,5575
2026-02-12 05:00:00,0.870615,0.87105,0.870545,0.871,5119
2026-02-12 06:00:00,0.870995,0.8713,0.87087,0.87103,9999
2026-02-12 07:00:00,0.871055,0.87149,0.870755,0.870915,8637
2026-02-12 08:00:00,0.87092,0.87122,0.87055,0.87115,9566
2026-02-12 09:00:00,0.87115,0.871225,0.870605,0.87091,8043
2026-02-12 10:00:00,0.870905,0.87106,0.87059,0.87085,6803
2026-02-12 11:00:00,0.870855,0.871055,0.870555,0.870705,4826
2026-02-12 12:00:00,0.8707,0.871195,0.87053,0.87115,6653
2026-02-12 13:00:00,0.871145,0.871255,0.870475,0.870685,9285
2026-02-12 14:00:00,0.87068,0.87084,0.86951,0.86966,15142
2026-02-12 15:00:00,0.869665,0.87078,0.86941,0.870515,14275
2026-02-12 16:00:00,0.87052,0.871705,0.87035,0.87079,25529
2026-02-12 17:00:00,0.870785,0.8716,0.870435,0.871215,17704
2026-02-12 18:00:00,0.871225,0.871685,0.871085,0.871255,12016
2026-02-12 19:00:00,0.87125,0.87129,0.870995,0.87126,7731
2026-02-12 20:00:00,0.87125,0.871525,0.8711,0.87141,5231
2026-02-12 21:00:00,0.871405,0.87176,0.871295,0.87138,3653
2026-02-12 22:00:00,0.87138,0.87149,0.870915,0.871445,871
2026-02-12 23:00:00,0.87144,0.87167,0.871345,0.871565,2037
2026-02-13 00:00:00,0.87156,0.871745,0.871435,0.8716,4294
2026-02-13 01:00:00,0.871605,0.8717,0.8713,0.8715,5868
2026-02-13 02:00:00,0.871495,0.871575,0.87127,0.871455,4003
2026-02-13 03:00:00,0.87146,0.871705,0.871365,0.8716,3037
2026-02-13 04:00:00,0.871605,0.871635,0.87146,0.87152,3055
2026-02-13 05:00:00,0.871525,0.871995,0.87138,0.871755,4652
2026-02-13 06:00:00,0.871745,0.872155,0.871555,0.87166,6821
2026-02-13 07:00:00,0.871665,0.871935,0.87052,0.87103,8894
2026-02-13 08:00:00,0.871025,0.871135,0.870325,0.87077,8321
2026-02-13 09:00:00,0.870775,0.871065,0.870605,0.87066,7115
2026-02-13 10:00:00,0.87066,0.870745,0.87007,0.870685,6349
2026-02-13 11:00:00,0.87068,0.871815,0.87064,0.87178,7822
2026-02-13 12:00:00,0.87179,0.871925,0.871545,0.871725,7645
2026-02-13 13:00:00,0.87173,0.87185,0.870705,0.87098,19684
2026-02-13 14:00:00,0.870985,0.87122,0.87023,0.87033,17940
2026-02-13 15:00:00,0.870335,0.871075,0.86972,0.87038,18078
2026-02-13 16:00:00,0.870375,0.871015,0.869995,0.87001,13527
2026-02-13 17:00:00,0.870015,0.870665,0.86983,0.87005,9634
2026-02-13 18:00:00,0.870055,0.870205,0.86966,0.869735,6996
2026-02-13 19:00:00,0.86974,0.869855,0.86955,0.86978,7442
2026-02-13 20:00:00,0.869785,0.869905,0.869415,0.869515,7121
2026-02-13 21:00:00,0.86952,0.869755,0.869095,0.869205,6441
2026-02-15 22:00:00,0.869205,0.87036,0.869205,0.869945,3678
2026-02-15 23:00:00,0.86992,0.869995,0.869355,0.869555,4674
2026-02-16 00:00:00,0.86956,0.869575,0.869355,0.869535,4797
2026-02-16 01:00:00,0.86953,0.869755,0.86953,0.869675,6164
2026-02-16 02:00:00,0.86967,0.869795,0.869585,0.86976,4957
2026-02-16 03:00:00,0.869765,0.86999,0.86976,0.869935,2614
2026-02-16 04:00:00,0.86993,0.86997,0.8697,0.86971,2321
2026-02-16 05:00:00,0.869705,0.869945,0.869685,0.869915,2107
2026-02-16 06:00:00,0.86992,0.86994,0.86969,0.86977,2423
2026-02-16 07:00:00,0.869765,0.86988,0.86917,0.869455,3959
2026-02-16 08:00:00,0.86945,0.869615,0.8688,0.86911,7683
2026-02-16 09:00:00,0.869115,0.869745,0.86871,0.86954,6106
2026-02-16 10:00:00,0.869545,0.869605,0.869205,0.86935,4918
2026-02-16 11:00:00,0.869345,0.869595,0.86915,0.869305,3655
2026-02-16 12:00:00,0.8693,0.86933,0.868715,0.868845,4595
2026-02-16 13:00:00,0.86885,0.8696,0.86878,0.86954,6256
2026-02-16 14:00:00,0.86955,0.86986,0.86943,0.86949,5500
2026-02-16 15:00:00,0.869485,0.869745,0.86927,0.86953,5702
2026-02-16 16:00:00,0.869525,0.86985,0.86933,0.86963,4973
2026-02-16 17:00:00,0.869635,0.869745,0.86932,0.86944,2616
2026-02-16 18:00:00,0.86944,0.86957,0.86928,0.869435,920
2026-02-16 19:00:00,0.86943,0.869565,0.869405,0.869555,1327
2026-02-16 20:00:00,0.86955,0.869685,0.86953,0.869655,751
2026-02-16 21:00:00,0.869665,0.869805,0.869465,0.86947,1551
2026-02-16 22:00:00,0.86947,0.86962,0.869255,0.86932,1572
2026-02-16 23:00:00,0.869325,0.869775,0.869315,0.869615,1985
2026-02-17 00:00:00,0.86962,0.86968,0.86948,0.86961,4145
2026-02-17 01:00:00,0.8696,0.869885,0.86955,0.869855,5304
2026-02-17 02:00:00,0.869855,0.86994,0.869805,0.86987,2613
2026-02-17 03:00:00,0.86987,0.870155,0.869845,0.869905,3367
2026-02-17 04:00:00,0.86991,0.87017,0.869845,0.869925,3132
2026-02-17 05:00:00,0.86992,0.870255,0.869855,0.870235,4003
2026-02-17 06:00:00,0.87024,0.87028,0.869965,0.87015,3345
2026-02-17 07:00:00,0.87014,0.873055,0.870085,0.87246,10502
2026-02-17 08:00:00,0.872455,0.872585,0.87135,0.871575,9332
2026-02-17 09:00:00,0.87158,0.871775,0.871195,0.871665,6066
2026-02-17 10:00:00,0.87166,0.87166,0.870625,0.8711,6334
2026-02-17 11:00:00,0.871095,0.872435,0.87094,0.87217,7803
2026-02-17 12:00:00,0.872175,0.873175,0.872045,0.87298,7424
2026-02-17 13:00:00,0.872985,0.87414,0.87296,0.874125,11151
2026-02-17 14:00:00,0.87413,0.874565,0.87381,0.874505,14598
2026-02-17 15:00:00,0.8745,0.874915,0.873965,0.87468,14536
2026-02-17 16:00:00,0.874685,0.874765,0.87383,0.873905,10932
2026-02-17 17:00:00,0.873905,0.874305,0.873755,0.87397,9639
2026-02-17 18:00:00,0.873975,0.87434,0.873765,0.873825,9483
2026-02-17 19:00:00,0.873835,0.873875,0.87347,0.873655,5875
2026-02-17 20:00:00,0.87366,0.87395,0.87359,0.87384,4767
2026-02-17 21:00:00,0.873845,0.874015,0.87361,0.873715,2391
2026-02-17 22:00:00,0.873715,0.874175,0.87369,0.873835,3102
2026-02-17 23:00:00,0.873915,0.873915,0.8736,0.87378,2272
2026-02-18 00:00:00,0.873765,0.873865,0.873545,0.87356,4074
2026-02-18 01:00:00,0.873565,0.873835,0.873545,0.873725,4349
2026-02-18 02:00:00,0.87372,0.873875,0.87365,0.87384,3725
2026-02-18 03:00:00,0.873835,0.87385,0.873635,0.87369,2357
2026-02-18 04:00:00,0.87369,0.873785,0.873655,0.873685,2311
2026-02-18 05:00:00,0.87369,0.873755,0.87353,0.87365,1766
2026-02-18 06:00:00,0.873645,0.8737,0.873155,0.87341,2862
2026-02-18 07:00:00,0.87342,0.873545,0.87242,0.87268,6767
2026-02-18 08:00:00,0.872685,0.872825,0.872025,0.872155,6794
2026-02-18 09:00:00,0.87215,0.87228,0.87174,0.871925,5662
2026-02-18 10:00:00,0.87192,0.872215,0.87172,0.87219,4694
2026-02-18 11:00:00,0.872185,0.87222,0.87175,0.8719,3466
2026-02-18 12:00:00,0.871895,0.872475,0.871705,0.87229,7167
2026-02-18 13:00:00,0.872295,0.872745,0.87223,0.87247,8408
2026-02-18 14:00:00,0.872475,0.87323,0.87229,0.87281,14255
2026-02-18 15:00:00,0.872825,0.87329,0.87242,0.8728,12298
2026-02-18 16:00:00,0.8728,0.8728,0.871905,0.8726,9527
2026-02-18 17:00:00,0.872595,0.87349,0.87249,0.873115,8209
2026-02-18 18:00:00,0.87311,0.873125,0.872475,0.8725,8105
2026-02-18 19:00:00,0.872495,0.87315,0.87246,0.873135,11040
2026-02-18 20:00:00,0.87313,0.87313,0.87283,0.87289,4949
2026-02-18 21:00:00,0.87289,0.87335,0.87283,0.87312,3410
2026-02-18 22:00:00,0.873055,0.873575,0.87278,0.873015,1750
2026-02-18 23:00:00,0.872975,0.873585,0.87297,0.873545,1837
2026-02-19 00:00:00,0.873545,0.87407,0.873485,0.874015,3619
2026-02-19 01:00:00,0.87401,0.874015,0.873705,0.873915,3058
2026-02-19 02:00:00,0.873915,0.87404,0.87374,0.873745,3005
2026-02-19 03:00:00,0.873745,0.873995,0.873605,0.873975,3261
2026-02-19 04:00:00,0.87397,0.874375,0.87381,0.87435,2573
2026-02-19 05:00:00,0.874355,0.874395,0.874235,0.874275,2394
2026-02-19 06:00:00,0.874265,0.874335,0.87395,0.87395,3383
2026-02-19 07:00:00,0.873955,0.873985,0.873415,0.873465,4841
2026-02-19 08:00:00,0.873455,0.87391,0.87313,0.87378,6102
2026-02-19 09:00:00,0.873785,0.874365,0.873425,0.873785,6496
2026-02-19 10:00:00,0.87379,0.874325,0.873695,0.874,7128
2026-02-19 11:00:00,0.873995,0.87485,0.873795,0.87485,7355
2026-02-19 12:00:00,0.874845,0.875,0.874065,0.874195,7951
2026-02-19 13:00:00,0.8742,0.874335,0.873205,0.873665,11911
2026-02-19 14:00:00,0.87367,0.87429,0.8736,0.87406,13509
2026-02-19 15:00:00,0.874055,0.87452,0.873625,0.87432,16694
2026-02-19 16:00:00,0.874315,0.87518,0.874275,0.874755,11711
2026-02-19 17:00:00,0.87475,0.874935,0.8744,0.87465,9562
2026-02-19 18:00:00,0.874645,0.874685,0.87432,0.87433,6008
2026-02-19 19:00:00,0.87434,0.87457,0.87409,0.874525,6584
2026-02-19 20:00:00,0.874515,0.87457,0.874285,0.87442,5184
2026-02-19 21:00:00,0.874425,0.874465,0.874075,0.87435,5162
2026-02-19 22:00:00,0.87435,0.87457,0.87391,0.874035,2354
2026-02-19 23:00:00,0.87404,0.87441,0.87404,0.874335,2440
2026-02-20 00:00:00,0.87433,0.874495,0.874235,0.87438,3975
2026-02-20 01:00:00,0.874385,0.874645,0.87421,0.874475,6861
2026-02-20 02:00:00,0.87448,0.87489,0.874475,0.874555,5193
2026-02-20 03:00:00,0.874555,0.87472,0.87441,0.874615,3344
2026-02-20 04:00:00,0.874625,0.874675,0.87444,0.874535,2694
2026-02-20 05:00:00,0.87453,0.87454,0.874195,0.874305,3576
2026-02-20 06:00:00,0.87431,0.87438,0.87396,0.874,4063
2026-02-20 07:00:00,0.87399,0.87401,0.87325,0.87397,7588
2026-02-20 08:00:00,0.873975,0.874455,0.87388,0.874255,9672
2026-02-20 09:00:00,0.87426,0.87433,0.8729,0.87375,8111
2026-02-20 10:00:00,0.873745,0.873925,0.87265,0.87295,7494
2026-02-20 11:00:00,0.872955,0.873585,0.872935,0.87358,5838
2026-02-20 12:00:00,0.873575,0.873585,0.87292,0.873255,7008
2026-02-20 13:00:00,0.873255,0.873255,0.872635,0.87267,13838
2026-02-20 14:00:00,0.872675,0.873255,0.87252,0.8732,12550
2026-02-20 15:00:00,0.87321,0.874045,0.872775,0.87314,33821
2026-02-20 16:00:00,0.873135,0.873345,0.872615,0.87269,17027
2026-02-20 17:00:00,0.872695,0.873465,0.872645,0.873275,11861
2026-02-20 18:00:00,0.87328,0.87387,0.873205,0.873355,15118
2026-02-20 19:00:00,0.87335,0.8736,0.873235,0.873565,7884
2026-02-20 20:00:00,0.873565,0.87384,0.87347,0.87374,5402
2026-02-20 21:00:00,0.87375,0.87417,0.87353,0.87409,7222
2026-02-22 22:00:00,0.87409,0.87486,0.87369,0.87401,1546
2026-02-22 23:00:00,0.874025,0.874965,0.873975,0.87446,9779
2026-02-23 00:00:00,0.874455,0.874675,0.874305,0.87461,8125
2026-02-23 01:00:00,0.874615,0.874955,0.874505,0.87477,8230
2026-02-23 02:00:00,0.874775,0.874775,0.87444,0.874625,6140
2026-02-23 03:00:00,0.87462,0.87476,0.87451,0.87467,3769
2026-02-23 04:00:00,0.874675,0.87469,0.8743,0.874325,2921
2026-02-23 05:00:00,0.874325,0.87443,0.874225,0.874235,2781
2026-02-23 06:00:00,0.87424,0.87443,0.873905,0.873975,4637
2026-02-23 07:00:00,0.87397,0.874255,0.873815,0.874125,6750
2026-02-23 08:00:00,0.87412,0.874455,0.87374,0.87385,8423
2026-02-23 09:00:00,0.873845,0.874085,0.87351,0.87361,6325
2026-02-23 10:00:00,0.873605,0.873665,0.87323,0.873455,5541
2026-02-23 11:00:00,0.87346,0.873695,0.872955,0.87362,6969
2026-02-23 12:00:00,0.873625,0.873885,0.8735,0.873585,7485
2026-02-23 13:00:00,0.873585,0.873805,0.87331,0.87338,10033
2026-02-23 14:00:00,0.873375,0.87364,0.87279,0.87314,11864
2026-02-23 15:00:00,0.873145,0.87407,0.87305,0.87404,12437
2026-02-23 16:00:00,0.874035,0.874085,0.87345,0.87391,11480
2026-02-23 17:00:00,0.873905,0.8745,0.873905,0.87426,9554
2026-02-23 18:00:00,0.874265,0.87429,0.873905,0.874095,5507
2026-02-23 19:00:00,0.8741,0.87422,0.874015,0.87413,4439
2026-02-23 20:00:00,0.874135,0.87416,0.87378,0.87378,3499
2026-02-23 21:00:00,0.873785,0.87396,0.873355,0.87352,4675
2026-02-23 22:00:00,0.87352,0.87384,0.873495,0.873695,20269
2026-02-23 23:00:00,0.873675,0.87387,0.873545,0.873845,2446
2026-02-24 00:00:00,0.873835,0.87396,0.87353,0.873555,3801
2026-02-24 01:00:00,0.87355,0.873665,0.87324,0.873335,7027
2026-02-24 02:00:00,0.87333,0.873415,0.87292,0.872975,3419
2026-02-24 03:00:00,0.872975,0.873035,0.87289,0.872995,2039
2026-02-24 04:00:00,0.873,0.873085,0.87293,0.872955,2755
2026-02-24 05:00:00,0.87296,0.873345,0.87295,0.873315,2750
2026-02-24 06:00:00,0.87331,0.873555,0.87323,0.87342,3460
2026-02-24 07:00:00,0.873415,0.87401,0.873355,0.87394,8356
2026-02-24 08:00:00,0.87393,0.87433,0.873735,0.87386,7109
2026-02-24 09:00:00,0.87387,0.873895,0.87306,0.873175,5657
2026-02-24 10:00:00,0.87317,0.873465,0.872955,0.873425,3786
2026-02-24 11:00:00,0.87342,0.87364,0.873065,0.873515,4292
2026-02-24 12:00:00,0.873525,0.873625,0.873105,0.873435,5646
2026-02-24 13:00:00,0.873425,0.873445,0.872885,0.872925,6505
2026-02-24 14:00:00,0.872935,0.873225,0.87218,0.87218,9463
2026-02-24 15:00:00,0.87218,0.87235,0.870765,0.87112,12508
2026-02-24 16:00:00,0.871125,0.871495,0.87098,0.87128,7802
2026-02-24 17:00:00,0.871285,0.872085,0.871205,0.87183,4314
2026-02-24 18:00:00,0.87183,0.872085,0.87166,0.872,4295
2026-02-24 19:00:00,0.871995,0.87246,0.871915,0.872385,4135
2026-02-24 20:00:00,0.87239,0.872585,0.87223,0.872405,4232
2026-02-24 21:00:00,0.87241,0.87287,0.87237,0.872695,3317
2026-02-24 22:00:00,0.872695,0.872695,0.872245,0.872525,1197
2026-02-24 23:00:00,0.87252,0.872635,0.872295,0.87244,1897
2026-02-25 00:00:00,0.87243,0.872715,0.872205,0.872205,4072
2026-02-25 01:00:00,0.87221,0.872405,0.87214,0.872305,3420
2026-02-25 02:00:00,0.8723,0.872375,0.871975,0.872295,4796
2026-02-25 03:00:00,0.8723,0.87256,0.872175,0.872485,5660
2026-02-25 04:00:00,0.872485,0.872625,0.872395,0.87261,2395
2026-02-25 05:00:00,0.87261,0.872935,0.87251,0.872745,3255
2026-02-25 06:00:00,0.87275,0.872905,0.872625,0.872825,3468
2026-02-25 07:00:00,0.87282,0.87318,0.872075,0.872165,4564
2026-02-25 08:00:00,0.87217,0.87281,0.87179,0.87227,5777
2026-02-25 09:00:00,0.87228,0.8725,0.871895,0.872025,6165
2026-02-25 10:00:00,0.87203,0.872275,0.87158,0.871845,4841
2026-02-25 11:00:00,0.87185,0.872755,0.8718,0.87189,4127
2026-02-25 12:00:00,0.87189,0.87234,0.871445,0.87157,4549
2026-02-25 13:00:00,0.871565,0.871705,0.87099,0.871555,5508
2026-02-25 14:00:00,0.871555,0.87206,0.871275,0.87169,4984
2026-02-25 15:00:00,0.871685,0.87238,0.87153,0.87198,8269
2026-02-25 16:00:00,0.871975,0.872235,0.871105,0.871125,6102
2026-02-25 17:00:00,0.87113,0.8712,0.870775,0.871035,6325
2026-02-25 18:00:00,0.871025,0.87126,0.87082,0.87105,3182
2026-02-25 19:00:00,0.871045,0.87131,0.871045,0.87123,2509
2026-02-25 20:00:00,0.871225,0.87132,0.871015,0.871055,2992
2026-02-25 21:00:00,0.87105,0.87118,0.870895,0.87099,2953
2026-02-25 22:00:00,0.87099,0.87147,0.87092,0.87131,3251
2026-02-25 23:00:00,0.871305,0.871515,0.871225,0.87147,2857
2026-02-26 00:00:00,0.871465,0.871635,0.87129,0.87138,3788
2026-02-26 01:00:00,0.871385,0.87162,0.87119,0.871365,6228
2026-02-26 02:00:00,0.87136,0.87159,0.871205,0.87124,3824
2026-02-26 03:00:00,0.87123,0.871745,0.87123,0.871725,3309
2026-02-26 04:00:00,0.87173,0.871885,0.871565,0.871685,2997
2026-02-26 05:00:00,0.87168,0.871855,0.87161,0.87162,3495
2026-02-26 06:00:00,0.871615,0.871945,0.87161,0.871875,3930
2026-02-26 07:00:00,0.87187,0.872335,0.87152,0.87223,5779
2026-02-26 08:00:00,0.87224,0.873095,0.872115,0.872725,7697
2026-02-26 09:00:00,0.87273,0.872845,0.871965,0.8721,5701
2026-02-26 10:00:00,0.8721,0.8723,0.87153,0.87167,4305
2026-02-26 11:00:00,0.871665,0.872225,0.871475,0.872225,4171
2026-02-26 12:00:00,0.87223,0.87231,0.871505,0.871615,5074
2026-02-26 13:00:00,0.871625,0.872295,0.87159,0.872225,9062
2026-02-26 14:00:00,0.872215,0.872295,0.871555,0.87208,11155
2026-02-26 15:00:00,0.872075,0.873235,0.871845,0.873065,18122
2026-02-26 16:00:00,0.87307,0.87351,0.872785,0.8733,12090
2026-02-26 17:00:00,0.873305,0.8755,0.873185,0.87549,10908
2026-02-26 18:00:00,0.875485,0.875835,0.87509,0.875175,10996
2026-02-26 19:00:00,0.87517,0.875195,0.874585,0.874665,6071
2026-02-26 20:00:00,0.87467,0.874935,0.87457,0.87472,3880
2026-02-26 21:00:00,0.87473,0.875275,0.87468,0.87502,3151
2026-02-26 22:00:00,0.87502,0.875235,0.87473,0.875145,2237
2026-02-26 23:00:00,0.875135,0.87519,0.874785,0.874875,2352
2026-02-27 00:00:00,0.87487,0.87503,0.87464,0.87473,5230
2026-02-27 01:00:00,0.874735,0.874895,0.8746,0.874845,7428
2026-02-27 02:00:00,0.87484,0.87499,0.874745,0.874925,4181
2026-02-27 03:00:00,0.874915,0.874935,0.87474,0.87488,3617
2026-02-27 04:00:00,0.87488,0.875185,0.87481,0.875145,3172
2026-02-27 05:00:00,0.875165,0.87553,0.87514,0.875375,4147
2026-02-27 06:00:00,0.87538,0.876475,0.875305,0.876365,5721
2026-02-27 07:00:00,0.876375,0.876505,0.87567,0.87599,7947
2026-02-27 08:00:00,0.875995,0.87601,0.87485,0.875055,9058
2026-02-27 09:00:00,0.875045,0.875335,0.874585,0.87474,6413
2026-02-27 10:00:00,0.874745,0.8758,0.8747,0.875575,5810
2026-02-27 11:00:00,0.87558,0.876335,0.875435,0.87628,5283
2026-02-27 12:00:00,0.876285,0.876405,0.875745,0.876155,5730
2026-02-27 13:00:00,0.876165,0.877395,0.876065,0.87713,14254
2026-02-27 14:00:00,0.877125,0.87723,0.876505,0.877115,12223
2026-02-27 15:00:00,0.87711,0.87829,0.876875,0.878265,15540
2026-02-27 16:00:00,0.87826,0.878755,0.877865,0.878655,13054
2026-02-27 17:00:00,0.87867,0.87897,0.877825,0.877915,9580
2026-02-27 18:00:00,0.87792,0.87792,0.87703,0.87717,7053
2026-02-27 19:00:00,0.87718,0.877285,0.87674,0.87674,5317
2026-02-27 20:00:00,0.876755,0.876805,0.876495,0.876725,6151
2026-02-27 21:00:00,0.87672,0.87689,0.87606,0.876375,7523
2026-03-01 22:00:00,0.876375,0.877905,0.876375,0.877755,4410
2026-03-01 23:00:00,0.87782,0.877935,0.876755,0.87721,14296
2026-03-02 00:00:00,0.877215,0.877585,0.8765,0.87679,12456
2026-03-02 01:00:00,0.876795,0.877315,0.876225,0.87668,15295
2026-03-02 02:00:00,0.87669,0.876905,0.876505,0.876825,6217
2026-03-02 03:00:00,0.876815,0.876965,0.87658,0.87664,6112
2026-03-02 04:00:00,0.876645,0.87709,0.876525,0.87706,5614
2026-03-02 05:00:00,0.87705,0.877375,0.876855,0.877115,5406
2026-03-02 06:00:00,0.87712,0.877335,0.87669,0.87675,13951
2026-03-02 07:00:00,0.876745,0.877665,0.876265,0.87684,17808
2026-03-02 08:00:00,0.876845,0.87877,0.87645,0.878085,19005
2026-03-02 09:00:00,0.87807,0.878755,0.877395,0.87741,13874
2026-03-02 10:00:00,0.877415,0.877575,0.875345,0.87562,11483
2026-03-02 11:00:00,0.87563,0.87588,0.874485,0.874845,10148
2026-03-02 12:00:00,0.87484,0.87491,0.87351,0.87371,13467
2026-03-02 13:00:00,0.873705,0.874465,0.873695,0.87416,16219
2026-03-02 14:00:00,0.874165,0.874505,0.873165,0.873605,18908
2026-03-02 15:00:00,0.873615,0.874495,0.873155,0.873505,19281
2026-03-02 16:00:00,0.8735,0.873945,0.87298,0.872995,16733
2026-03-02 17:00:00,0.872995,0.87304,0.87229,0.872655,10299
2026-03-02 18:00:00,0.87266,0.87281,0.87223,0.872355,9164
2026-03-02 19:00:00,0.87236,0.87246,0.87201,0.87212,7588
2026-03-02 20:00:00,0.872125,0.87267,0.872075,0.872295,14762
2026-03-02 21:00:00,0.87229,0.87234,0.87188,0.87188,4857
2026-03-02 22:00:00,0.87188,0.87237,0.871505,0.871995,2187
2026-03-02 23:00:00,0.871985,0.87233,0.871925,0.8722,2649
2026-03-03 00:00:00,0.872205,0.872385,0.87196,0.872015,5567
2026-03-03 01:00:00,0.872025,0.87238,0.87196,0.872295,9632
2026-03-03 02:00:00,0.87229,0.87265,0.872235,0.87239,7418
2026-03-03 03:00:00,0.872395,0.87253,0.87226,0.87246,4594
2026-03-03 04:00:00,0.872465,0.872815,0.872435,0.872785,4537
2026-03-03 05:00:00,0.87279,0.8731,0.87253,0.873045,8237
2026-03-03 06:00:00,0.87304,0.873565,0.87302,0.87335,10700
2026-03-03 07:00:00,0.873345,0.873855,0.87308,0.873135,12115
2026-03-03 08:00:00,0.87314,0.873945,0.87308,0.873635,17785
2026-03-03 09:00:00,0.87363,0.87383,0.87262,0.87272,18310
2026-03-03 10:00:00,0.872725,0.87288,0.871965,0.87254,15608
2026-03-03 11:00:00,0.872535,0.87334,0.87223,0.872445,18168
2026-03-03 12:00:00,0.87244,0.87255,0.871145,0.87171,18508
2026-03-03 13:00:00,0.871705,0.872095,0.87125,0.8714,15989
2026-03-03 14:00:00,0.871395,0.871625,0.86998,0.870775,23519
2026-03-03 15:00:00,0.87077,0.870925,0.86992,0.87002,32317
2026-03-03 16:00:00,0.870025,0.87081,0.86999,0.870605,28230
2026-03-03 17:00:00,0.87062,0.87093,0.869745,0.869945,21469
2026-03-03 18:00:00,0.86994,0.87026,0.869635,0.869855,15295
2026-03-03 19:00:00,0.86986,0.870045,0.86935,0.869485,16710
2026-03-03 20:00:00,0.86949,0.86972,0.869285,0.86948,11841
2026-03-03 21:00:00,0.869475,0.86951,0.86913,0.869335,5837
2026-03-03 22:00:00,0.869335,0.87013,0.8691,0.869675,4042
2026-03-03 23:00:00,0.86968,0.86985,0.869245,0.869625,4474
2026-03-04 00:00:00,0.86963,0.87009,0.869535,0.86968,10656
2026-03-04 01:00:00,0.869685,0.870315,0.86965,0.870045,13396
2026-03-04 02:00:00,0.870045,0.870215,0.869725,0.870085,11245
2026-03-04 03:00:00,0.87009,0.87066,0.870075,0.870275,7024
2026-03-04 04:00:00,0.87027,0.870845,0.870185,0.870845,6667
2026-03-04 05:00:00,0.87085,0.87085,0.870335,0.87065,7809
2026-03-04 06:00:00,0.870655,0.87128,0.87063,0.870815,8914
2026-03-04 07:00:00,0.87081,0.87113,0.869145,0.869495,12995
2026-03-04 08:00:00,0.869485,0.869775,0.86891,0.8696,14892
2026-03-04 09:00:00,0.869595,0.86961,0.868635,0.868885,14424
2026-03-04 10:00:00,0.86888,0.8701,0.868585,0.869605,20704
2026-03-04 11:00:00,0.86961,0.86997,0.869105,0.86972,10827
2026-03-04 12:00:00,0.86971,0.871085,0.86965,0.87107,12442
2026-03-04 13:00:00,0.87107,0.87123,0.87027,0.870425,15068
2026-03-04 14:00:00,0.87043,0.87049,0.86946,0.87004,18575
2026-03-04 15:00:00,0.870035,0.87099,0.869585,0.870965,18023
2026-03-04 16:00:00,0.87096,0.870995,0.870285,0.87056,13702
2026-03-04 17:00:00,0.870565,0.87125,0.870455,0.87067,11378
2026-03-04 18:00:00,0.87068,0.871035,0.870525,0.870705,6253
2026-03-04 19:00:00,0.87071,0.87077,0.87022,0.870295,6845
2026-03-04 20:00:00,0.8703,0.87047,0.8701,0.870225,5496
2026-03-04 21:00:00,0.87022,0.870325,0.869845,0.869855,4628
2026-03-04 22:00:00,0.870005,0.870205,0.86966,0.870135,3946
2026-03-04 23:00:00,0.870115,0.87045,0.870035,0.87027,2706
2026-03-05 00:00:00,0.870275,0.870445,0.86996,0.87006,5316
2026-03-05 01:00:00,0.870055,0.87016,0.869825,0.86992,8478
2026-03-05 02:00:00,0.869915,0.8701,0.869815,0.869935,5940
2026-03-05 03:00:00,0.869925,0.870555,0.869905,0.87049,7441
2026-03-05 04:00:00,0.870485,0.870825,0.870435,0.870475,5960
2026-03-05 05:00:00,0.87047,0.870865,0.870435,0.870845,7366
2026-03-05 06:00:00,0.87084,0.871195,0.87041,0.8706,12194
2026-03-05 07:00:00,0.870595,0.870595,0.86961,0.869825,11053
2026-03-05 08:00:00,0.86982,0.870685,0.869705,0.87038,14660
2026-03-05 09:00:00,0.870375,0.87086,0.869975,0.870315,26433
2026-03-05 10:00:00,0.87032,0.87066,0.869685,0.86971,10886
2026-03-05 11:00:00,0.869715,0.86974,0.868605,0.86917,10036
2026-03-05 12:00:00,0.869175,0.869495,0.86896,0.869335,9426
2026-03-05 13:00:00,0.86934,0.869775,0.868735,0.86901,13281
2026-03-05 14:00:00,0.86902,0.86981,0.868695,0.86949,17143
2026-03-05 15:00:00,0.869495,0.86975,0.86867,0.86941,19826
2026-03-05 16:00:00,0.869405,0.86986,0.868975,0.86974,18092
2026-03-05 17:00:00,0.869735,0.869785,0.868865,0.869325,18725
2026-03-05 18:00:00,0.86932,0.86936,0.868755,0.86908,16981
2026-03-05 19:00:00,0.869075,0.869225,0.86864,0.86884,10498
2026-03-05 20:00:00,0.868845,0.86894,0.86849,0.868835,14857
2026-03-05 21:00:00,0.868845,0.869045,0.868685,0.869015,4921
2026-03-05 22:00:00,0.869015,0.86993,0.869015,0.869475,4047
2026-03-05 23:00:00,0.8695,0.86953,0.869015,0.86905,3955
2026-03-06 00:00:00,0.869045,0.869185,0.868865,0.86911,5613
2026-03-06 01:00:00,0.869105,0.869155,0.868925,0.86905,9562
2026-03-06 02:00:00,0.869055,0.86919,0.86896,0.869125,4984
2026-03-06 03:00:00,0.86913,0.869235,0.86894,0.86901,4173
2026-03-06 04:00:00,0.86901,0.86914,0.86896,0.8691,3112
2026-03-06 05:00:00,0.869105,0.86914,0.868865,0.868985,5426
2026-03-06 06:00:00,0.86899,0.869055,0.86848,0.8686,6849
2026-03-06 07:00:00,0.868605,0.86898,0.86848,0.86876,8952
2026-03-06 08:00:00,0.868765,0.8688,0.86793,0.86817,11278
2026-03-06 09:00:00,0.868175,0.868965,0.86808,0.86868,14033
2026-03-06 10:00:00,0.868685,0.86889,0.86786,0.8679,11091
2026-03-06 11:00:00,0.867905,0.86842,0.867605,0.86815,13045
2026-03-06 12:00:00,0.868155,0.868205,0.86654,0.867075,13888
2026-03-06 13:00:00,0.86708,0.867215,0.86582,0.86629,33568
2026-03-06 14:00:00,0.866285,0.867775,0.866115,0.86744,28623
2026-03-06 15:00:00,0.867435,0.867465,0.866275,0.8668,28893
2026-03-06 16:00:00,0.86679,0.8668,0.865815,0.86624,23928
2026-03-06 17:00:00,0.866235,0.866455,0.865785,0.866205,17420
2026-03-06 18:00:00,0.86621,0.867185,0.866015,0.86642,19403
2026-03-06 19:00:00,0.866415,0.866855,0.86638,0.866625,11337
2026-03-06 20:00:00,0.86663,0.866945,0.866465,0.866675,10469
2026-03-06 21:00:00,0.86667,0.86707,0.866005,0.86614,11193
2026-03-08 21:00:00,0.86614,0.86614,0.86545,0.865615,2506
2026-03-08 22:00:00,0.86565,0.866345,0.865425,0.866195,16362
2026-03-08 23:00:00,0.86619,0.866385,0.86583,0.866175,11931
2026-03-09 00:00:00,0.866165,0.866345,0.8658,0.86597,14234
2026-03-09 01:00:00,0.865965,0.86666,0.865955,0.86629,13021
2026-03-09 02:00:00,0.866275,0.866565,0.866095,0.866235,11631
2026-03-09 03:00:00,0.86624,0.86638,0.866145,0.866225,7853
2026-03-09 04:00:00,0.86623,0.866785,0.866145,0.86675,6298
2026-03-09 05:00:00,0.86676,0.86764,0.866575,0.86756,18816
2026-03-09 06:00:00,0.867555,0.867695,0.86704,0.867275,15496
2026-03-09 07:00:00,0.86728,0.867595,0.866095,0.866535,19745
2026-03-09 08:00:00,0.86654,0.866545,0.8654,0.86603,25026
2026-03-09 09:00:00,0.866035,0.866555,0.86567,0.866175,23462
2026-03-09 10:00:00,0.86617,0.86687,0.86587,0.86629,17298
2026-03-09 11:00:00,0.86628,0.86642,0.86593,0.866165,13210
2026-03-09 12:00:00,0.86617,0.866285,0.86508,0.86526,15422
2026-03-09 13:00:00,0.865265,0.86607,0.865035,0.865615,21827
2026-03-09 14:00:00,0.86561,0.865795,0.865015,0.86513,26051
2026-03-09 15:00:00,0.865135,0.865675,0.8645,0.86552,17782
2026-03-09 16:00:00,0.865515,0.86567,0.86497,0.865335,14675
2026-03-09 17:00:00,0.86533,0.86553,0.865015,0.86506,9394
2026-03-09 18:00:00,0.865065,0.8651,0.864565,0.864895,8871
2026-03-09 19:00:00,0.86489,0.86527,0.86439,0.86444,29974
2026-03-09 20:00:00,0.864445,0.86586,0.864435,0.86586,12014
2026-03-09 21:00:00,0.8658,0.866145,0.865415,0.865645,2115
2026-03-09 22:00:00,0.86562,0.86613,0.86544,0.865795,7074
2026-03-09 23:00:00,0.8658,0.865805,0.86534,0.865375,5060
2026-03-10 00:00:00,0.86537,0.86552,0.865175,0.86535,8908
2026-03-10 01:00:00,0.865365,0.865465,0.86503,0.865155,10100
2026-03-10 02:00:00,0.86516,0.865405,0.865015,0.86527,7295
2026-03-10 03:00:00,0.865265,0.86539,0.865085,0.865335,5575
2026-03-10 04:00:00,0.86534,0.865395,0.86488,0.86496,3814
2026-03-10 05:00:00,0.864955,0.86511,0.86475,0.86487,5083
2026-03-10 06:00:00,0.864865,0.86517,0.86459,0.86484,6630
2026-03-10 07:00:00,0.864845,0.865285,0.86421,0.865205,13233
2026-03-10 08:00:00,0.8652,0.86569,0.86472,0.86526,14860
2026-03-10 09:00:00,0.865265,0.86589,0.865185,0.865785,9862
2026-03-10 10:00:00,0.86578,0.866105,0.86465,0.86535,11955
2026-03-10 11:00:00,0.865355,0.865865,0.865175,0.86569,13561
2026-03-10 12:00:00,0.865685,0.86571,0.865015,0.86558,13803
2026-03-10 13:00:00,0.865575,0.865605,0.86464,0.864995,15748
2026-03-10 14:00:00,0.864995,0.865435,0.864855,0.864945,13935
2026-03-10 15:00:00,0.86494,0.865685,0.864795,0.865495,12751
2026-03-10 16:00:00,0.865495,0.865635,0.86528,0.86549,10251
2026-03-10 17:00:00,0.86548,0.86568,0.86502,0.86502,15496
2026-03-10 18:00:00,0.865025,0.865815,0.864865,0.865655,22733
2026-03-10 19:00:00,0.86565,0.865675,0.865345,0.86555,12421
2026-03-10 20:00:00,0.86556,0.86559,0.8652,0.86536,5787
2026-03-10 21:00:00,0.865365,0.865365,0.86481,0.86513,3677
2026-03-10 22:00:00,0.86514,0.86553,0.8651,0.86519,2717
2026-03-10 23:00:00,0.865185,0.865345,0.86517,0.865265,2112
2026-03-11 00:00:00,0.86526,0.86533,0.86504,0.865045,7532
2026-03-11 01:00:00,0.86504,0.86507,0.86447,0.86473,7123
2026-03-11 02:00:00,0.864725,0.864825,0.864605,0.864625,4816
2026-03-11 03:00:00,0.86462,0.86483,0.86456,0.86459,4529
2026-03-11 04:00:00,0.86458,0.864835,0.864515,0.864685,3603
2026-03-11 05:00:00,0.86469,0.865095,0.86458,0.864995,5106
2026-03-11 06:00:00,0.865,0.86528,0.86497,0.86502,6191
2026-03-11 07:00:00,0.86503,0.865745,0.86466,0.864685,13620
2026-03-11 08:00:00,0.86468,0.865485,0.86462,0.864895,11773
2026-03-11 09:00:00,0.86488,0.86518,0.86387,0.864075,15306
2026-03-11 10:00:00,0.86408,0.8643,0.863145,0.863255,10813
2026-03-11 11:00:00,0.86326,0.863965,0.86309,0.863485,11538
2026-03-11 12:00:00,0.86348,0.8645,0.86323,0.864405,19506
2026-03-11 13:00:00,0.86441,0.864435,0.863485,0.86387,17482
2026-03-11 14:00:00,0.86387,0.86404,0.86276,0.862825,23831
2026-03-11 15:00:00,0.86282,0.86373,0.86268,0.86331,12481
2026-03-11 16:00:00,0.863315,0.86351,0.862725,0.862855,13126
2026-03-11 17:00:00,0.86286,0.86324,0.862565,0.862865,11878
2026-03-11 18:00:00,0.86286,0.862985,0.86245,0.86257,8158
2026-03-11 19:00:00,0.862575,0.862655,0.862365,0.8625,4307
2026-03-11 20:00:00,0.862495,0.862515,0.86222,0.862445,3493
2026-03-11 21:00:00,0.862445,0.862915,0.862325,0.86284,1970
2026-03-11 22:00:00,0.86283,0.862945,0.86252,0.862635,5431
2026-03-11 23:00:00,0.86264,0.86272,0.862485,0.862545,4399
2026-03-12 00:00:00,0.86254,0.862765,0.862365,0.86275,7414
2026-03-12 01:00:00,0.862755,0.862895,0.862505,0.862735,6249
2026-03-12 02:00:00,0.86273,0.862995,0.862625,0.862985,5536
2026-03-12 03:00:00,0.86299,0.862995,0.862765,0.8629,3861
2026-03-12 04:00:00,0.8629,0.863145,0.862885,0.86309,2987
2026-03-12 05:00:00,0.863085,0.863305,0.86293,0.8632,6195
2026-03-12 06:00:00,0.863195,0.86371,0.86299,0.863,6326
2026-03-12 07:00:00,0.86299,0.86316,0.862495,0.862525,6938
2026-03-12 08:00:00,0.86252,0.863375,0.86238,0.863125,8165
2026-03-12 09:00:00,0.86312,0.863495,0.862845,0.863085,7866
2026-03-12 10:00:00,0.86308,0.86347,0.862835,0.863005,7266
2026-03-12 11:00:00,0.863,0.86306,0.862265,0.862575,7849
2026-03-12 12:00:00,0.86258,0.86297,0.862315,0.86255,11234
2026-03-12 13:00:00,0.862555,0.862655,0.86173,0.862175,19371
2026-03-12 14:00:00,0.86218,0.862685,0.862085,0.862535,16602
2026-03-12 15:00:00,0.86253,0.86329,0.862485,0.86318,19465
2026-03-12 16:00:00,0.863175,0.86341,0.86277,0.8632,17342
2026-03-12 17:00:00,0.863205,0.863275,0.862635,0.862665,13391
2026-03-12 18:00:00,0.86266,0.862905,0.86245,0.86282,8805
2026-03-12 19:00:00,0.862815,0.863005,0.862685,0.86269,6666
2026-03-12 20:00:00,0.862695,0.862805,0.862405,0.862755,5204
2026-03-12 21:00:00,0.862725,0.86331,0.862435,0.86265,6578
2026-03-12 22:00:00,0.86255,0.86303,0.86235,0.86285,4237
2026-03-12 23:00:00,0.862855,0.86301,0.862695,0.862885,3591
2026-03-13 00:00:00,0.86289,0.862935,0.862325,0.862325,6194
2026-03-13 01:00:00,0.862315,0.86241,0.86214,0.862275,5000
2026-03-13 02:00:00,0.86227,0.86247,0.86218,0.862335,5010
2026-03-13 03:00:00,0.86233,0.862515,0.86229,0.862345,4534
2026-03-13 04:00:00,0.86236,0.86289,0.862325,0.86286,4598
2026-03-13 05:00:00,0.862865,0.862955,0.86261,0.86262,4360
2026-03-13 06:00:00,0.862625,0.863055,0.862305,0.86235,7671
2026-03-13 07:00:00,0.862345,0.86336,0.86234,0.86282,15007
2026-03-13 08:00:00,0.862815,0.86318,0.86201,0.86309,16229
2026-03-13 09:00:00,0.863085,0.863715,0.862855,0.8636,12760
2026-03-13 10:00:00,0.86359,0.86436,0.863545,0.864135,10447
2026-03-13 11:00:00,0.864125,0.86526,0.864125,0.865235,12571
2026-03-13 12:00:00,0.86523,0.86528,0.864405,0.86488,17380
2026-03-13 13:00:00,0.864875,0.86546,0.86416,0.8644,14357
2026-03-13 14:00:00,0.86439,0.864955,0.864165,0.864365,16911
2026-03-13 15:00:00,0.86437,0.864535,0.86404,0.86439,16885
2026-03-13 16:00:00,0.864395,0.86455,0.86395,0.863955,17249
2026-03-13 17:00:00,0.86395,0.864025,0.863585,0.86382,11008
2026-03-13 18:00:00,0.863825,0.86388,0.863515,0.863545,9018
2026-03-13 19:00:00,0.86354,0.86367,0.863315,0.86355,7911
2026-03-13 20:00:00,0.863545,0.863625,0.86303,0.863545,7621
2026-03-15 21:00:00,0.863545,0.86401,0.86257,0.86306,2671
2026-03-15 22:00:00,0.86308,0.864,0.86308,0.86335,8530
2026-03-15 23:00:00,0.86335,0.863485,0.863115,0.863265,6279
2026-03-16 00:00:00,0.86327,0.86376,0.86322,0.86365,8682
2026-03-16 01:00:00,0.863655,0.863695,0.86325,0.863495,8134
2026-03-16 02:00:00,0.86349,0.86376,0.863415,0.863745,6341
2026-03-16 03:00:00,0.86374,0.86382,0.863335,0.86346,4230
2026-03-16 04:00:00,0.863455,0.863575,0.8634,0.86344,2874
2026-03-16 05:00:00,0.863445,0.86345,0.86291,0.86296,3804
2026-03-16 06:00:00,0.862965,0.863,0.86266,0.862755,5589
2026-03-16 07:00:00,0.86275,0.86304,0.862545,0.86273,9524
2026-03-16 08:00:00,0.862735,0.86388,0.86272,0.86363,12519
2026-03-16 09:00:00,0.863635,0.86436,0.863615,0.86432,9186
2026-03-16 10:00:00,0.86432,0.86504,0.86405,0.86461,10809
2026-03-16 11:00:00,0.86461,0.86486,0.86438,0.864435,9526
2026-03-16 12:00:00,0.86443,0.86456,0.86389,0.86414,10548
2026-03-16 13:00:00,0.864145,0.864285,0.86378,0.86417,11482
2026-03-16 14:00:00,0.864165,0.864285,0.8636,0.863985,13713
2026-03-16 15:00:00,0.86399,0.864135,0.863375,0.863525,11799
2026-03-16 16:00:00,0.86352,0.86419,0.863435,0.863965,13894
2026-03-16 17:00:00,0.86396,0.86409,0.86374,0.863935,11977
2026-03-16 18:00:00,0.86393,0.864215,0.86382,0.86397,10758
2026-03-16 19:00:00,0.86396,0.86405,0.8635,0.86356,9498
2026-03-16 20:00:00,0.863555,0.86387,0.863495,0.86371,5213
2026-03-16 21:00:00,0.86371,0.864,0.863695,0.863695,6279
2026-03-16 22:00:00,0.86366,0.86393,0.86341,0.863715,2473
2026-03-16 23:00:00,0.86372,0.863815,0.863615,0.863715,2759
2026-03-17 00:00:00,0.86372,0.86425,0.863585,0.863935,5562
2026-03-17 01:00:00,0.86393,0.86414,0.863655,0.863695,6107
2026-03-17 02:00:00,0.863705,0.86394,0.863605,0.8639,2998
2026-03-17 03:00:00,0.863905,0.86405,0.863765,0.863925,4588
2026-03-17 04:00:00,0.863925,0.863985,0.86364,0.8637,2682
2026-03-17 05:00:00,0.863695,0.863995,0.863605,0.863965,4476
2026-03-17 06:00:00,0.86396,0.86422,0.86361,0.86392,6625
2026-03-17 07:00:00,0.86391,0.864225,0.863475,0.863945,7347
2026-03-17 08:00:00,0.86395,0.8641,0.86345,0.863575,11453
2026-03-17 09:00:00,0.86358,0.864155,0.863275,0.86365,8293
2026-03-17 10:00:00,0.863645,0.863705,0.863245,0.863575,7271
2026-03-17 11:00:00,0.86358,0.86427,0.863305,0.8641,7118
2026-03-17 12:00:00,0.864095,0.86444,0.863855,0.86437,8573
2026-03-17 13:00:00,0.864365,0.864535,0.863845,0.86394,15326
2026-03-17 14:00:00,0.863945,0.86419,0.86345,0.864025,11221
2026-03-17 15:00:00,0.86402,0.864085,0.86369,0.86375,10974
2026-03-17 16:00:00,0.863745,0.864035,0.863635,0.8637,11337
2026-03-17 17:00:00,0.863695,0.86411,0.86357,0.863815,7780
2026-03-17 18:00:00,0.86381,0.86416,0.86372,0.86395,5275
2026-03-17 19:00:00,0.863945,0.863995,0.863585,0.86385,4082
2026-03-17 20:00:00,0.863845,0.86414,0.8638,0.864075,3208
2026-03-17 21:00:00,0.864075,0.864075,0.863625,0.86369,3115
2026-03-17 22:00:00,0.863695,0.86405,0.863695,0.863815,6590
2026-03-17 23:00:00,0.86382,0.863955,0.86371,0.86386,12553
2026-03-18 00:00:00,0.86385,0.864035,0.863695,0.86376,16483
2026-03-18 01:00:00,0.863745,0.86382,0.863645,0.86373,4442
2026-03-18 02:00:00,0.863725,0.86388,0.863665,0.863695,3653
2026-03-18 03:00:00,0.86369,0.863785,0.86359,0.863595,2268
2026-03-18 04:00:00,0.86359,0.863685,0.863505,0.86366,3533
2026-03-18 05:00:00,0.863655,0.86366,0.86337,0.863415,3899
2026-03-18 06:00:00,0.86342,0.86366,0.863385,0.86364,5128
2026-03-18 07:00:00,0.863635,0.863705,0.863095,0.8631,5930
2026-03-18 08:00:00,0.86309,0.86396,0.862835,0.863835,7329
2026-03-18 09:00:00,0.86384,0.86405,0.86362,0.863685,5740
2026-03-18 10:00:00,0.86369,0.86429,0.863675,0.86407,5282
2026-03-18 11:00:00,0.86407,0.864405,0.86389,0.864295,11594
2026-03-18 12:00:00,0.86429,0.864595,0.863985,0.86426,19213
2026-03-18 13:00:00,0.86427,0.8643,0.86358,0.864105,17365
2026-03-18 14:00:00,0.86411,0.865105,0.86405,0.86422,17299
2026-03-18 15:00:00,0.86421,0.864865,0.864145,0.86418,12898
2026-03-18 16:00:00,0.864185,0.864305,0.86316,0.863175,10676
2026-03-18 17:00:00,0.863175,0.863455,0.862825,0.86312,10325
2026-03-18 18:00:00,0.86309,0.86367,0.862975,0.863635,20207
2026-03-18 19:00:00,0.86362,0.86406,0.863565,0.86387,13025
2026-03-18 20:00:00,0.86386,0.864185,0.863715,0.863835,8292
2026-03-18 21:00:00,0.863855,0.864635,0.86363,0.864215,4864
2026-03-18 22:00:00,0.8642,0.864435,0.86372,0.864075,5139
2026-03-18 23:00:00,0.86408,0.8643,0.86407,0.86422,4288
2026-03-19 00:00:00,0.864215,0.864315,0.86367,0.863675,7450
2026-03-19 01:00:00,0.86367,0.864,0.86357,0.863935,5758
2026-03-19 02:00:00,0.863945,0.86432,0.86389,0.864155,7539
2026-03-19 03:00:00,0.86415,0.864155,0.863785,0.86393,3737
2026-03-19 04:00:00,0.863925,0.864315,0.863925,0.864125,3354
2026-03-19 05:00:00,0.86413,0.864485,0.8641,0.86445,3684
2026-03-19 06:00:00,0.864445,0.864535,0.864055,0.864235,7594
2026-03-19 07:00:00,0.86424,0.8649,0.86338,0.863475,14142
2026-03-19 08:00:00,0.86347,0.86425,0.863185,0.86402,15748
2026-03-19 09:00:00,0.864015,0.86435,0.863845,0.864155,20049
2026-03-19 10:00:00,0.864145,0.864335,0.863635,0.864045,10386
2026-03-19 11:00:00,0.86405,0.86429,0.863395,0.863595,10417
2026-03-19 12:00:00,0.86362,0.864165,0.86246,0.863765,29145
2026-03-19 13:00:00,0.86377,0.86451,0.86257,0.86274,34785
2026-03-19 14:00:00,0.862735,0.86307,0.86153,0.86172,31495
2026-03-19 15:00:00,0.861715,0.862035,0.861175,0.861905,20894
2026-03-19 16:00:00,0.8619,0.86309,0.861765,0.86288,22529
2026-03-19 17:00:00,0.862885,0.86295,0.862305,0.86248,14511
2026-03-19 18:00:00,0.862475,0.863245,0.862085,0.863225,11563
2026-03-19 19:00:00,0.86322,0.863255,0.862135,0.862555,29916
2026-03-19 20:00:00,0.86255,0.862925,0.86234,0.862825,5759
2026-03-19 21:00:00,0.862825,0.862825,0.862135,0.86259,4416
2026-03-19 22:00:00,0.8626,0.863065,0.86223,0.8624,4176
2026-03-19 23:00:00,0.86239,0.86252,0.862235,0.862355,3817
2026-03-20 00:00:00,0.86235,0.86242,0.862085,0.86217,4770
2026-03-20 01:00:00,0.862175,0.86221,0.86195,0.86205,7481
2026-03-20 02:00:00,0.86204,0.86229,0.86202,0.86221,4713
2026-03-20 03:00:00,0.8622,0.862255,0.862105,0.862195,3651
2026-03-20 04:00:00,0.862195,0.862315,0.862135,0.862185,2486
2026-03-20 05:00:00,0.86218,0.862265,0.862095,0.862135,3687
2026-03-20 06:00:00,0.86214,0.8626,0.862035,0.86244,4645
2026-03-20 07:00:00,0.86243,0.86262,0.86163,0.86194,8818
2026-03-20 08:00:00,0.861945,0.862225,0.861495,0.862155,8779
2026-03-20 09:00:00,0.86216,0.863025,0.862095,0.86299,10783
2026-03-20 10:00:00,0.862985,0.86419,0.862795,0.86404,12598
2026-03-20 11:00:00,0.864045,0.86439,0.863785,0.863915,8979
2026-03-20 12:00:00,0.86392,0.86442,0.863385,0.864245,13794
2026-03-20 13:00:00,0.86425,0.864895,0.86391,0.86445,17965
2026-03-20 14:00:00,0.864445,0.866775,0.86441,0.866755,23030
2026-03-20 15:00:00,0.86676,0.867825,0.865705,0.86773,22251
2026-03-20 16:00:00,0.86774,0.867915,0.867435,0.86762,15129
2026-03-20 17:00:00,0.86761,0.867645,0.866545,0.86663,15820
2026-03-20 18:00:00,0.866635,0.866955,0.865915,0.866765,16313
2026-03-20 19:00:00,0.86676,0.86696,0.866345,0.866865,11531
2026-03-20 20:00:00,0.86686,0.86741,0.86674,0.867395,9530
2026-03-22 21:00:00,0.867395,0.86741,0.866115,0.86734,3105
2026-03-22 22:00:00,0.86733,0.867945,0.86718,0.867485,6083
2026-03-22 23:00:00,0.86748,0.867545,0.86707,0.867085,6208
2026-03-23 00:00:00,0.86709,0.867205,0.86671,0.86671,12065
2026-03-23 01:00:00,0.866705,0.866875,0.866365,0.86662,11242
2026-03-23 02:00:00,0.866615,0.867095,0.866295,0.86692,8716
2026-03-23 03:00:00,0.866915,0.867325,0.866815,0.86724,5891
2026-03-23 04:00:00,0.867235,0.867315,0.866825,0.8669,3436
2026-03-23 05:00:00,0.866905,0.86719,0.86673,0.86714,5742
2026-03-23 06:00:00,0.867135,0.867775,0.86699,0.867625,11521
2026-03-23 07:00:00,0.86762,0.867935,0.867055,0.867385,16808
2026-03-23 08:00:00,0.86739,0.867435,0.86596,0.86632,20265
2026-03-23 09:00:00,0.866325,0.866645,0.865895,0.866265,17489
2026-03-23 10:00:00,0.86626,0.866585,0.865725,0.866035,17318
2026-03-23 11:00:00,0.86604,0.86689,0.863365,0.865215,76711
2026-03-23 12:00:00,0.86521,0.865475,0.864395,0.86473,43725
2026-03-23 13:00:00,0.864735,0.86535,0.864115,0.8647,36395
2026-03-23 14:00:00,0.864695,0.86477,0.86308,0.86407,35114
2026-03-23 15:00:00,0.864065,0.86573,0.863825,0.865635,33425
2026-03-23 16:00:00,0.865625,0.86577,0.86459,0.864955,28747
2026-03-23 17:00:00,0.864945,0.86514,0.86413,0.86427,18176
2026-03-23 18:00:00,0.86426,0.86483,0.864105,0.86477,17332
2026-03-23 19:00:00,0.864775,0.86478,0.864345,0.86463,10504
2026-03-23 20:00:00,0.864635,0.86492,0.864605,0.86487,5910
2026-03-23 21:00:00,0.86487,0.865285,0.864345,0.864635,1859
2026-03-23 22:00:00,0.864615,0.864895,0.864435,0.86466,3669
2026-03-23 23:00:00,0.86465,0.864695,0.864565,0.86462,3700
2026-03-24 00:00:00,0.86461,0.86492,0.86438,0.86474,11703
2026-03-24 01:00:00,0.864735,0.865305,0.864735,0.864875,11650
2026-03-24 02:00:00,0.86487,0.865055,0.864415,0.864555,6547
2026-03-24 03:00:00,0.864555,0.86471,0.864315,0.86452,4407
2026-03-24 04:00:00,0.864525,0.86482,0.86442,0.86458,4493
2026-03-24 05:00:00,0.864575,0.86497,0.86451,0.86453,7117
2026-03-24 06:00:00,0.864525,0.864535,0.86378,0.864285,10353
2026-03-24 07:00:00,0.86429,0.86466,0.863785,0.86433,15977
2026-03-24 08:00:00,0.864335,0.86549,0.864295,0.865445,17390
2026-03-24 09:00:00,0.865435,0.865825,0.86491,0.865125,13507
2026-03-24 10:00:00,0.86513,0.865225,0.86463,0.864725,9285
2026-03-24 11:00:00,0.86473,0.86515,0.86431,0.86509,11897
2026-03-24 12:00:00,0.865085,0.865425,0.864575,0.864985,14466
2026-03-24 13:00:00,0.86498,0.86569,0.86496,0.865475,19036
2026-03-24 14:00:00,0.865465,0.865595,0.864475,0.864955,21677
2026-03-24 15:00:00,0.864945,0.865535,0.86483,0.86524,18146
2026-03-24 16:00:00,0.865235,0.86581,0.86522,0.865475,13419
2026-03-24 17:00:00,0.86549,0.865755,0.865225,0.86532,20935
2026-03-24 18:00:00,0.865325,0.865875,0.865285,0.86542,14975
2026-03-24 19:00:00,0.865425,0.86582,0.865415,0.86572,6908
2026-03-24 20:00:00,0.865725,0.865755,0.865305,0.865505,18343
2026-03-24 21:00:00,0.865505,0.86598,0.86531,0.86557,5480
2026-03-24 22:00:00,0.86559,0.865955,0.865375,0.865565,4825
2026-03-24 23:00:00,0.86556,0.865775,0.865365,0.865705,4297
2026-03-25 00:00:00,0.865705,0.865875,0.86546,0.86555,10591
2026-03-25 01:00:00,0.865545,0.865765,0.86531,0.86562,9149
2026-03-25 02:00:00,0.86563,0.865965,0.865505,0.865795,6777
2026-03-25 03:00:00,0.865795,0.86606,0.865575,0.866035,4852
2026-03-25 04:00:00,0.86603,0.866105,0.86586,0.866045,4008
2026-03-25 05:00:00,0.86604,0.86671,0.86593,0.8667,5210
2026-03-25 06:00:00,0.866695,0.8667,0.865895,0.866505,6813
2026-03-25 07:00:00,0.86651,0.866825,0.865945,0.8661,10436
2026-03-25 08:00:00,0.866105,0.866145,0.865075,0.86541,16876
2026-03-25 09:00:00,0.8654,0.86601,0.865375,0.86584,10384
2026-03-25 10:00:00,0.865835,0.866075,0.865295,0.86535,8526
2026-03-25 11:00:00,0.86535,0.865415,0.86479,0.86509,9482
2026-03-25 12:00:00,0.865095,0.86568,0.864805,0.865435,16213
2026-03-25 13:00:00,0.86543,0.86564,0.864975,0.865475,14185
2026-03-25 14:00:00,0.86548,0.866325,0.865405,0.865605,17350
2026-03-25 15:00:00,0.86561,0.86564,0.865035,0.86527,15875
2026-03-25 16:00:00,0.86526,0.86542,0.86463,0.86463,14198
2026-03-25 17:00:00,0.86463,0.86513,0.864565,0.865065,9609
2026-03-25 18:00:00,0.86507,0.86555,0.86505,0.86534,7051
2026-03-25 19:00:00,0.865345,0.86538,0.86507,0.86511,6413
2026-03-25 20:00:00,0.86512,0.86521,0.86483,0.86485,3627
2026-03-25 21:00:00,0.86489,0.865085,0.864795,0.864985,1471
2026-03-25 22:00:00,0.864915,0.86519,0.864875,0.86517,1830
2026-03-25 23:00:00,0.86517,0.86525,0.86509,0.86516,1934
2026-03-26 00:00:00,0.865155,0.86537,0.8651,0.86521,4139
2026-03-26 01:00:00,0.8652,0.86566,0.865165,0.86547,4608
2026-03-26 02:00:00,0.865475,0.865765,0.86543,0.865735,4280
2026-03-26 03:00:00,0.86573,0.865805,0.865515,0.86559,3829
2026-03-26 04:00:00,0.86559,0.865735,0.865555,0.865595,2537
2026-03-26 05:00:00,0.8656,0.86569,0.86537,0.86543,4841
2026-03-26 06:00:00,0.865435,0.865475,0.865035,0.865435,7039
2026-03-26 07:00:00,0.86543,0.865765,0.86514,0.86546,7631
2026-03-26 08:00:00,0.86545,0.86624,0.865325,0.865735,9971
2026-03-26 09:00:00,0.865725,0.866105,0.86539,0.865635,8755
2026-03-26 10:00:00,0.86564,0.865775,0.86531,0.86548,8086
2026-03-26 11:00:00,0.865475,0.86552,0.864455,0.86478,7605
2026-03-26 12:00:00,0.864775,0.86537,0.86475,0.865315,12272
2026-03-26 13:00:00,0.86532,0.865335,0.864125,0.864245,13021
2026-03-26 14:00:00,0.86425,0.86439,0.86369,0.86425,17620
2026-03-26 15:00:00,0.864255,0.864795,0.864085,0.86448,14542
2026-03-26 16:00:00,0.864485,0.86506,0.864405,0.86492,11739
2026-03-26 17:00:00,0.864925,0.865395,0.86446,0.86538,8616
2026-03-26 18:00:00,0.86539,0.8655,0.86523,0.86534,6205
2026-03-26 19:00:00,0.865345,0.8655,0.86512,0.865435,5411
2026-03-26 20:00:00,0.865445,0.865565,0.86465,0.86494,13313
2026-03-26 21:00:00,0.86494,0.865305,0.864715,0.865065,7317
2026-03-26 22:00:00,0.86514,0.86529,0.864955,0.865105,2502
2026-03-26 23:00:00,0.86511,0.865165,0.86493,0.864985,2013
2026-03-27 00:00:00,0.86499,0.86513,0.864775,0.864785,7153
2026-03-27 01:00:00,0.86478,0.86494,0.86473,0.86488,6146
2026-03-27 02:00:00,0.864875,0.86499,0.864775,0.864845,3790
2026-03-27 03:00:00,0.864845,0.864995,0.864785,0.864945,4462
2026-03-27 04:00:00,0.864945,0.865145,0.864885,0.86508,3167
2026-03-27 05:00:00,0.86507,0.86516,0.86497,0.865145,4975
2026-03-27 06:00:00,0.86514,0.865185,0.864885,0.86499,5258
2026-03-27 07:00:00,0.864985,0.865565,0.864895,0.865215,7137
2026-03-27 08:00:00,0.86521,0.865585,0.865,0.865315,10601
2026-03-27 09:00:00,0.865295,0.86595,0.865265,0.86568,9000
2026-03-27 10:00:00,0.865685,0.86577,0.86529,0.865365,9357
2026-03-27 11:00:00,0.86537,0.866385,0.8653,0.86634,7961
2026-03-27 12:00:00,0.866335,0.867165,0.866235,0.86698,10278
2026-03-27 13:00:00,0.866975,0.867535,0.86658,0.866675,14316
2026-03-27 14:00:00,0.866665,0.86674,0.86588,0.866085,13218
2026-03-27 15:00:00,0.86609,0.86704,0.865875,0.8667,18312
2026-03-27 16:00:00,0.866705,0.867725,0.866705,0.867615,14871
2026-03-27 17:00:00,0.86761,0.86792,0.867405,0.86774,9395
2026-03-27 18:00:00,0.86774,0.867785,0.867405,0.867615,7022
2026-03-27 19:00:00,0.86761,0.867905,0.867585,0.86778,7459
2026-03-27 20:00:00,0.86778,0.867945,0.86745,0.867755,9638
2026-03-29 21:00:00,0.867755,0.867755,0.86691,0.86697,766
2026-03-29 22:00:00,0.866975,0.868415,0.866875,0.86786,9695
2026-03-29 23:00:00,0.867855,0.868175,0.86773,0.868095,6148
2026-03-30 00:00:00,0.8681,0.868465,0.868035,0.868305,15645
2026-03-30 01:00:00,0.8683,0.868395,0.868225,0.868295,10572
2026-03-30 02:00:00,0.86829,0.868485,0.86823,0.868255,6048
2026-03-30 03:00:00,0.868255,0.86826,0.867645,0.86771,4825
2026-03-30 04:00:00,0.867715,0.86788,0.867625,0.86777,3799
2026-03-30 05:00:00,0.867775,0.867775,0.86727,0.867615,5122
2026-03-30 06:00:00,0.86763,0.86786,0.867265,0.867815,8373
2026-03-30 07:00:00,0.86781,0.8682,0.86774,0.868045,9993
2026-03-30 08:00:00,0.86805,0.86876,0.86782,0.868625,8681
2026-03-30 09:00:00,0.86862,0.868645,0.867965,0.868435,8528
2026-03-30 10:00:00,0.86844,0.868645,0.86798,0.868485,6948
2026-03-30 11:00:00,0.86848,0.8685,0.867675,0.86802,12392
2026-03-30 12:00:00,0.868025,0.868155,0.867585,0.868055,10548
2026-03-30 13:00:00,0.86805,0.869655,0.86792,0.86956,15450
2026-03-30 14:00:00,0.869565,0.869835,0.8685,0.86869,18036
2026-03-30 15:00:00,0.868685,0.868825,0.867895,0.868385,14217
2026-03-30 16:00:00,0.868395,0.86898,0.868115,0.8688,10120
2026-03-30 17:00:00,0.868805,0.86913,0.868685,0.86895,10882
2026-03-30 18:00:00,0.868955,0.869355,0.8689,0.86924,6812
2026-03-30 19:00:00,0.869235,0.869465,0.86909,0.869135,6871
2026-03-30 20:00:00,0.86914,0.86947,0.8691,0.869405,6344
2026-03-30 21:00:00,0.869405,0.869955,0.869095,0.86938,11062
2026-03-30 22:00:00,0.869395,0.869665,0.86936,0.86952,1987
2026-03-30 23:00:00,0.869525,0.869855,0.86942,0.86975,3290
2026-03-31 00:00:00,0.869755,0.870005,0.86902,0.869265,14190
2026-03-31 01:00:00,0.86927,0.869515,0.86863,0.86875,13453
2026-03-31 02:00:00,0.868755,0.868915,0.868645,0.86879,6170
2026-03-31 03:00:00,0.868785,0.868985,0.86855,0.868915,5740
2026-03-31 04:00:00,0.868915,0.869105,0.86882,0.869065,3656
2026-03-31 05:00:00,0.86906,0.869145,0.86817,0.86838,6850
2026-03-31 06:00:00,0.86839,0.86905,0.868245,0.868745,10009
2026-03-31 07:00:00,0.868755,0.869055,0.86831,0.86877,11520
2026-03-31 08:00:00,0.868775,0.86909,0.867915,0.86794,9671
2026-03-31 09:00:00,0.867935,0.86841,0.86762,0.867875,8737
2026-03-31 10:00:00,0.86788,0.868515,0.86773,0.86816,6758
2026-03-31 11:00:00,0.868155,0.86875,0.868045,0.868245,17600
2026-03-31 12:00:00,0.86825,0.869075,0.86812,0.869015,17497
2026-03-31 13:00:00,0.869015,0.869715,0.86888,0.86961,14825
2026-03-31 14:00:00,0.869615,0.874275,0.869415,0.87355,28280
2026-03-31 15:00:00,0.873545,0.87402,0.872255,0.873555,27117
2026-03-31 16:00:00,0.87356,0.87411,0.8731,0.87323,31543
2026-03-31 17:00:00,0.873225,0.87339,0.87218,0.872205,22230
2026-03-31 18:00:00,0.87221,0.872805,0.871895,0.872735,10492
2026-03-31 19:00:00,0.87273,0.873345,0.8725,0.873325,9587
2026-03-31 20:00:00,0.87333,0.87374,0.87324,0.873525,10896
2026-03-31 21:00:00,0.873525,0.873795,0.873125,0.8737,1034
2026-03-31 22:00:00,0.873615,0.87385,0.873415,0.873595,3265
2026-03-31 23:00:00,0.8736,0.873975,0.873565,0.87394,3060
2026-04-01 00:00:00,0.873935,0.87395,0.87342,0.87379,6685
2026-04-01 01:00:00,0.873785,0.87425,0.873625,0.873805,7833
2026-04-01 02:00:00,0.87381,0.873935,0.87362,0.873775,4636
2026-04-01 03:00:00,0.87377,0.873835,0.873525,0.87361,3698
2026-04-01 04:00:00,0.873605,0.873615,0.873295,0.873335,3936
2026-04-01 05:00:00,0.87333,0.8734,0.87261,0.872625,6358
2026-04-01 06:00:00,0.87262,0.872675,0.871805,0.872255,20076
2026-04-01 07:00:00,0.87226,0.873185,0.87209,0.873095,18361
2026-04-01 08:00:00,0.8731,0.873205,0.87252,0.87264,15018
2026-04-01 09:00:00,0.872645,0.872725,0.87192,0.8723,13411
2026-04-01 10:00:00,0.872295,0.872295,0.87118,0.872045,12147
2026-04-01 11:00:00,0.87205,0.872195,0.871105,0.871335,10780
2026-04-01 12:00:00,0.871335,0.87246,0.87099,0.872145,20561
2026-04-01 13:00:00,0.872155,0.872675,0.872025,0.87211,23322
2026-04-01 14:00:00,0.87213,0.87273,0.87162,0.87165,20909
2026-04-01 15:00:00,0.871655,0.87189,0.871165,0.871295,16471
2026-04-01 16:00:00,0.8713,0.871645,0.8709,0.871075,10078
2026-04-01 17:00:00,0.87108,0.871105,0.870595,0.870595,10676
2026-04-01 18:00:00,0.8706,0.87104,0.87039,0.87055,12357
2026-04-01 19:00:00,0.870545,0.871185,0.87053,0.870955,6681
2026-04-01 20:00:00,0.87095,0.87123,0.870865,0.871,5906
2026-04-01 21:00:00,0.871,0.87173,0.870605,0.870945,6037
2026-04-01 22:00:00,0.87095,0.871145,0.870905,0.87113,2391
2026-04-01 23:00:00,0.871125,0.87135,0.87104,0.87126,2957
2026-04-02 00:00:00,0.871265,0.871425,0.870935,0.87106,9060
2026-04-02 01:00:00,0.871055,0.87196,0.87101,0.87154,28364
2026-04-02 02:00:00,0.871535,0.871865,0.87135,0.871735,13027
2026-04-02 03:00:00,0.87173,0.87209,0.871635,0.871905,6792
2026-04-02 04:00:00,0.871915,0.87193,0.871575,0.87165,6500
2026-04-02 05:00:00,0.871645,0.87222,0.87164,0.87213,7466
2026-04-02 06:00:00,0.872135,0.872795,0.87199,0.87225,14063
2026-04-02 07:00:00,0.872245,0.872805,0.872165,0.872565,13619
2026-04-02 08:00:00,0.87256,0.873375,0.87247,0.873045,9502
2026-04-02 09:00:00,0.87305,0.87331,0.87292,0.87308,8003
2026-04-02 10:00:00,0.873065,0.873425,0.87272,0.873065,8393
2026-04-02 11:00:00,0.87306,0.87316,0.872375,0.87244,8618
2026-04-02 12:00:00,0.872435,0.87278,0.87198,0.87212,13534
2026-04-02 13:00:00,0.87213,0.87275,0.87211,0.872265,17275
2026-04-02 14:00:00,0.87226,0.87321,0.8721,0.87222,23422
2026-04-02 15:00:00,0.872225,0.872645,0.872025,0.872075,18978
2026-04-02 16:00:00,0.87208,0.872495,0.872015,0.872125,12384
2026-04-02 17:00:00,0.87212,0.872735,0.872085,0.872425,9626
2026-04-02 18:00:00,0.87243,0.87255,0.87222,0.872395,7830
2026-04-02 19:00:00,0.87239,0.87253,0.87224,0.872325,6622
2026-04-02 20:00:00,0.87232,0.872515,0.872175,0.872415,3566
2026-04-02 21:00:00,0.872425,0.8729,0.8721,0.87286,1048
2026-04-02 22:00:00,0.872885,0.872885,0.872365,0.87251,1128
2026-04-02 23:00:00,0.87251,0.87256,0.872305,0.872365,1361
2026-04-03 00:00:00,0.87237,0.87242,0.871825,0.871825,2623
2026-04-03 01:00:00,0.87182,0.8722,0.871815,0.87207,2380
2026-04-03 02:00:00,0.87206,0.87224,0.872005,0.872155,1996
2026-04-03 03:00:00,0.872145,0.872175,0.872015,0.872025,1222
2026-04-03 04:00:00,0.872025,0.872095,0.871895,0.872015,1917
2026-04-03 05:00:00,0.87202,0.872085,0.87179,0.87186,2223
2026-04-03 06:00:00,0.871855,0.87199,0.871735,0.871975,2310
2026-04-03 07:00:00,0.87197,0.87208,0.8718,0.871895,2992
2026-04-03 08:00:00,0.87189,0.872155,0.87184,0.871955,2381
2026-04-03 09:00:00,0.87196,0.87226,0.871935,0.872165,3044
2026-04-03 10:00:00,0.872165,0.87252,0.872115,0.872405,1877
2026-04-03 11:00:00,0.8724,0.872465,0.87202,0.872195,2958
2026-04-03 12:00:00,0.8722,0.872785,0.871955,0.872725,8566
2026-04-03 13:00:00,0.872725,0.87299,0.872465,0.87272,4503
2026-04-03 14:00:00,0.872715,0.872855,0.8725,0.872595,4177
2026-04-03 15:00:00,0.87259,0.873205,0.872215,0.872815,9181
2026-04-03 16:00:00,0.872805,0.87306,0.872675,0.872785,4802
2026-04-03 17:00:00,0.87279,0.87298,0.87257,0.87286,7309
2026-04-03 18:00:00,0.87283,0.87311,0.87276,0.872845,2821
2026-04-03 19:00:00,0.87285,0.873,0.872805,0.872845,1799
2026-04-03 20:00:00,0.87285,0.87337,0.872255,0.872255,3784
2026-04-05 21:00:00,0.872255,0.873585,0.872255,0.87333,830
2026-04-05 22:00:00,0.87332,0.87344,0.872805,0.872925,7044
2026-04-05 23:00:00,0.87293,0.872955,0.87278,0.872885,3641
2026-04-06 00:00:00,0.872895,0.872995,0.87228,0.8723,6871
2026-04-06 01:00:00,0.872305,0.87244,0.87216,0.87221,4890
2026-04-06 02:00:00,0.872205,0.872295,0.87187,0.87203,7868
2026-04-06 03:00:00,0.87203,0.872225,0.87199,0.8722,4887
2026-04-06 04:00:00,0.872195,0.87223,0.87206,0.87223,3289
2026-04-06 05:00:00,0.872225,0.87223,0.871985,0.87207,3731
2026-04-06 06:00:00,0.872065,0.872525,0.87198,0.87244,7826
2026-04-06 07:00:00,0.872445,0.87295,0.87242,0.872585,9951
2026-04-06 08:00:00,0.87258,0.8726,0.872045,0.872155,7576
2026-04-06 09:00:00,0.87216,0.872175,0.87189,0.87204,5761
2026-04-06 10:00:00,0.872045,0.87205,0.87163,0.871925,6218
2026-04-06 11:00:00,0.87193,0.872255,0.871805,0.87224,5248
2026-04-06 12:00:00,0.872235,0.87234,0.872005,0.87223,5842
2026-04-06 13:00:00,0.872235,0.87229,0.871725,0.872015,8265
2026-04-06 14:00:00,0.872025,0.87242,0.871645,0.871955,16224
2026-04-06 15:00:00,0.87196,0.872585,0.87191,0.87234,11207
2026-04-06 16:00:00,0.87234,0.87242,0.87208,0.87233,7068
2026-04-06 17:00:00,0.872335,0.87264,0.872265,0.87259,8052
2026-04-06 18:00:00,0.872585,0.872705,0.872155,0.87221,6836
2026-04-06 19:00:00,0.872205,0.872235,0.87206,0.872195,3504
2026-04-06 20:00:00,0.8722,0.872245,0.87196,0.872045,3211
2026-04-06 21:00:00,0.872045,0.87221,0.871765,0.87207,2508
2026-04-06 22:00:00,0.87206,0.872225,0.872005,0.872215,4688
2026-04-06 23:00:00,0.87221,0.872265,0.872055,0.872085,1690
2026-04-07 00:00:00,0.87208,0.872155,0.87183,0.87201,6835
2026-04-07 01:00:00,0.872005,0.872285,0.871915,0.87221,6679
2026-04-07 02:00:00,0.872215,0.872525,0.87218,0.872315,4762
2026-04-07 03:00:00,0.87231,0.8724,0.87211,0.87216,3370
2026-04-07 04:00:00,0.87216,0.872175,0.871835,0.87195,3970
2026-04-07 05:00:00,0.87196,0.87229,0.87186,0.871885,5606
2026-04-07 06:00:00,0.87188,0.872085,0.871235,0.871535,9118
2026-04-07 07:00:00,0.87154,0.87259,0.871455,0.87222,8665
2026-04-07 08:00:00,0.872225,0.872505,0.87124,0.871305,16909
2026-04-07 09:00:00,0.87131,0.87174,0.871305,0.871645,9505
2026-04-07 10:00:00,0.87165,0.872525,0.871515,0.87247,15765
2026-04-07 11:00:00,0.872465,0.87284,0.87201,0.872715,9748
2026-04-07 12:00:00,0.87271,0.87279,0.87215,0.87245,12700
2026-04-07 13:00:00,0.872455,0.873375,0.872295,0.873275,13786
2026-04-07 14:00:00,0.87328,0.87371,0.872895,0.87358,16553
2026-04-07 15:00:00,0.873575,0.87407,0.873405,0.87398,17408
2026-04-07 16:00:00,0.873985,0.873995,0.873205,0.87331,13493
2026-04-07 17:00:00,0.873305,0.873355,0.87279,0.872945,9097
2026-04-07 18:00:00,0.87295,0.873005,0.87279,0.872985,6732
2026-04-07 19:00:00,0.87298,0.873125,0.87254,0.872625,12418
2026-04-07 20:00:00,0.87262,0.87263,0.872135,0.8723,10698
2026-04-07 21:00:00,0.8723,0.87304,0.872075,0.8722,1415
2026-04-07 22:00:00,0.87217,0.87253,0.871395,0.87249,20936
2026-04-07 23:00:00,0.872495,0.87266,0.871545,0.872045,24157
2026-04-08 00:00:00,0.872035,0.872445,0.87152,0.871805,26611
2026-04-08 01:00:00,0.8718,0.8719,0.87092,0.87103,16133
2026-04-08 02:00:00,0.871035,0.87136,0.87089,0.871125,10401
2026-04-08 03:00:00,0.87113,0.871215,0.87094,0.87102,7551
2026-04-08 04:00:00,0.87103,0.871155,0.87025,0.87032,7356
2026-04-08 05:00:00,0.870315,0.87094,0.8702,0.87033,13185
2026-04-08 06:00:00,0.870335,0.871325,0.87011,0.87091,17724
2026-04-08 07:00:00,0.870915,0.87139,0.8704,0.87124,15162
2026-04-08 08:00:00,0.87125,0.871355,0.869915,0.86992,14021
2026-04-08 09:00:00,0.869915,0.870235,0.869295,0.869995,12169
2026-04-08 10:00:00,0.86999,0.870105,0.86942,0.869735,9870
2026-04-08 11:00:00,0.86974,0.86974,0.86878,0.86886,14446
2026-04-08 12:00:00,0.868865,0.86943,0.868605,0.86943,18172
2026-04-08 13:00:00,0.869435,0.869785,0.86899,0.86961,18986
2026-04-08 14:00:00,0.869615,0.870495,0.86927,0.86954,21301
2026-04-08 15:00:00,0.869545,0.870325,0.869505,0.8696,19949
2026-04-08 16:00:00,0.869605,0.87041,0.869575,0.870185,12381
2026-04-08 17:00:00,0.87019,0.870345,0.869985,0.87,10041
2026-04-08 18:00:00,0.86999,0.87059,0.86993,0.870315,14836
2026-04-08 19:00:00,0.87031,0.87042,0.870035,0.87029,10325
2026-04-08 20:00:00,0.870285,0.8708,0.870205,0.870745,5563
2026-04-08 21:00:00,0.87075,0.8708,0.870255,0.87048,927
2026-04-08 22:00:00,0.870475,0.870705,0.87041,0.870445,3003
2026-04-08 23:00:00,0.87044,0.870565,0.870335,0.87056,2826
2026-04-09 00:00:00,0.870555,0.870615,0.87038,0.87052,6912
2026-04-09 01:00:00,0.87053,0.870885,0.870465,0.870845,6076
2026-04-09 02:00:00,0.87084,0.87097,0.870505,0.87083,5181
2026-04-09 03:00:00,0.870825,0.87088,0.87059,0.87065,3890
2026-04-09 04:00:00,0.870655,0.870705,0.870385,0.870675,4237
2026-04-09 05:00:00,0.87067,0.870885,0.870585,0.87081,4831
2026-04-09 06:00:00,0.870805,0.870945,0.870465,0.87079,7583
2026-04-09 07:00:00,0.870785,0.871225,0.870575,0.870805,10020
2026-04-09 08:00:00,0.87081,0.87122,0.87059,0.87082,8016
2026-04-09 09:00:00,0.870825,0.87107,0.87057,0.87103,8640
2026-04-09 10:00:00,0.87103,0.87128,0.87086,0.87116,7000
2026-04-09 11:00:00,0.871155,0.871265,0.87028,0.870395,9261
2026-04-09 12:00:00,0.87039,0.871235,0.87028,0.87105,9635
2026-04-09 13:00:00,0.871055,0.87108,0.870385,0.87041,13438
2026-04-09 14:00:00,0.870415,0.871035,0.87023,0.871025,18419
2026-04-09 15:00:00,0.87102,0.871365,0.870705,0.87081,24722
2026-04-09 16:00:00,0.870805,0.871135,0.870465,0.87102,11099
2026-04-09 17:00:00,0.871025,0.871335,0.87075,0.870865,10421
2026-04-09 18:00:00,0.87087,0.87108,0.87079,0.87093,12493
2026-04-09 19:00:00,0.870935,0.871075,0.870745,0.870865,6585
2026-04-09 20:00:00,0.870875,0.87091,0.870605,0.870685,4017
2026-04-09 21:00:00,0.870685,0.871135,0.87051,0.87097,1765
2026-04-09 22:00:00,0.87095,0.871045,0.87079,0.87091,3692
2026-04-09 23:00:00,0.870915,0.87095,0.870455,0.87059,2729
2026-04-10 00:00:00,0.8706,0.87079,0.870535,0.8706,5717
2026-04-10 01:00:00,0.870605,0.8709,0.87059,0.870685,4073
2026-04-10 02:00:00,0.870675,0.870935,0.870675,0.87086,3691
2026-04-10 03:00:00,0.870865,0.87122,0.8708,0.8712,2796
2026-04-10 04:00:00,0.871195,0.87122,0.871045,0.871135,2492
2026-04-10 05:00:00,0.87114,0.87133,0.871075,0.87114,3581
2026-04-10 06:00:00,0.871125,0.871245,0.870765,0.870865,7348
2026-04-10 07:00:00,0.87086,0.870915,0.870355,0.87083,6816
2026-04-10 08:00:00,0.870825,0.870925,0.87056,0.87074,6904
2026-04-10 09:00:00,0.870735,0.871655,0.870735,0.871435,10855
2026-04-10 10:00:00,0.87144,0.87178,0.87112,0.87169,7047
2026-04-10 11:00:00,0.871685,0.87189,0.87124,0.8713,5927
2026-04-10 12:00:00,0.871305,0.871355,0.870275,0.870895,13213
2026-04-10 13:00:00,0.87089,0.871315,0.87057,0.871155,13926
2026-04-10 14:00:00,0.87115,0.871695,0.87074,0.871235,16951
2026-04-10 15:00:00,0.871225,0.871435,0.87082,0.871035,14504
2026-04-10 16:00:00,0.87104,0.87136,0.870765,0.871,9754
2026-04-10 17:00:00,0.871005,0.871185,0.870835,0.87112,8239
2026-04-10 18:00:00,0.871115,0.871205,0.8709,0.87099,9294
2026-04-10 19:00:00,0.870985,0.870985,0.8707,0.87076,5557
2026-04-10 20:00:00,0.87076,0.871245,0.870725,0.87102,6818
2026-04-12 21:00:00,0.87102,0.871945,0.87064,0.87064,2227
2026-04-12 22:00:00,0.870695,0.871815,0.870635,0.87139,9629
2026-04-12 23:00:00,0.871395,0.87187,0.87136,0.87165,3868
2026-04-13 00:00:00,0.871655,0.872215,0.87162,0.87205,7846
2026-04-13 01:00:00,0.872055,0.872055,0.871685,0.87192,5966
2026-04-13 02:00:00,0.871925,0.872125,0.871895,0.872,2870
2026-04-13 03:00:00,0.871995,0.872125,0.871955,0.87196,2534
2026-04-13 04:00:00,0.87196,0.872005,0.871765,0.871785,2233
2026-04-13 05:00:00,0.87178,0.872005,0.87172,0.87186,4062
2026-04-13 06:00:00,0.871855,0.871895,0.871095,0.871285,8292
2026-04-13 07:00:00,0.87128,0.871495,0.87077,0.87086,7619
2026-04-13 08:00:00,0.870855,0.87093,0.870225,0.87028,7766
2026-04-13 09:00:00,0.87028,0.87044,0.870125,0.87022,6535
2026-04-13 10:00:00,0.870225,0.870575,0.870175,0.870395,6221
2026-04-13 11:00:00,0.87039,0.870815,0.870125,0.87056,8615
2026-04-13 12:00:00,0.870555,0.87079,0.87038,0.87068,10769
2026-04-13 13:00:00,0.870685,0.870695,0.869675,0.870155,16835
2026-04-13 14:00:00,0.87016,0.870535,0.86963,0.86996,15106
2026-04-13 15:00:00,0.869965,0.870315,0.86985,0.87009,11528
2026-04-13 16:00:00,0.870085,0.870305,0.869865,0.870215,9165
2026-04-13 17:00:00,0.87021,0.87038,0.86983,0.86988,7731
2026-04-13 18:00:00,0.869875,0.87107,0.869865,0.870955,7888
2026-04-13 19:00:00,0.87097,0.87102,0.87061,0.870805,6175
2026-04-13 20:00:00,0.8708,0.87087,0.87054,0.87065,4773
2026-04-13 21:00:00,0.87065,0.870985,0.87058,0.87074,1270
2026-04-13 22:00:00,0.8707,0.87077,0.870445,0.870525,2631
2026-04-13 23:00:00,0.87052,0.87068,0.87044,0.87061,2295
2026-04-14 00:00:00,0.870605,0.87079,0.87054,0.87064,5632
2026-04-14 01:00:00,0.870635,0.870965,0.87063,0.87076,4490
2026-04-14 02:00:00,0.870755,0.870795,0.87057,0.870615,2896
2026-04-14 03:00:00,0.87061,0.87072,0.870475,0.870555,2870
2026-04-14 04:00:00,0.87055,0.870625,0.87038,0.87038,1944
2026-04-14 05:00:00,0.870375,0.87056,0.870325,0.87035,3838
2026-04-14 06:00:00,0.87036,0.871035,0.870115,0.870995,9921
2026-04-14 07:00:00,0.871,0.87139,0.87048,0.87052,13804
2026-04-14 08:00:00,0.870525,0.870695,0.870295,0.870355,8446
2026-04-14 09:00:00,0.87035,0.87064,0.87018,0.870495,7119
2026-04-14 10:00:00,0.87049,0.870815,0.869875,0.86998,7953
2026-04-14 11:00:00,0.869975,0.87003,0.869255,0.8694,8351
2026-04-14 12:00:00,0.869405,0.86942,0.868475,0.868825,12905
2026-04-14 13:00:00,0.86882,0.869245,0.86865,0.868695,13090
2026-04-14 14:00:00,0.86869,0.869225,0.86861,0.86912,12827
2026-04-14 15:00:00,0.869115,0.86951,0.86901,0.869405,11840
2026-04-14 16:00:00,0.86941,0.86958,0.869245,0.869295,6408
2026-04-14 17:00:00,0.86929,0.869515,0.869165,0.86922,5242
2026-04-14 18:00:00,0.86922,0.869575,0.86912,0.86947,6505
2026-04-14 19:00:00,0.86948,0.86954,0.869285,0.869425,4008
2026-04-14 20:00:00,0.86942,0.86956,0.869235,0.869415,3398
2026-04-14 21:00:00,0.869415,0.86946,0.86905,0.86931,3232
2026-04-14 22:00:00,0.86932,0.869525,0.869245,0.869345,2769
2026-04-14 23:00:00,0.86935,0.869375,0.86905,0.86915,3354
2026-04-15 00:00:00,0.869145,0.86917,0.868795,0.868925,5775
2026-04-15 01:00:00,0.86892,0.86914,0.86875,0.868925,6338
2026-04-15 02:00:00,0.86893,0.869005,0.868755,0.869,4402
2026-04-15 03:00:00,0.869,0.86905,0.868845,0.8689,3329
2026-04-15 04:00:00,0.868895,0.869,0.86887,0.86889,2653
2026-04-15 05:00:00,0.868885,0.869285,0.868795,0.869275,6219
2026-04-15 06:00:00,0.86928,0.869525,0.869015,0.86908,6363
2026-04-15 07:00:00,0.869095,0.86943,0.86871,0.869155,8755
2026-04-15 08:00:00,0.86916,0.86955,0.86913,0.86916,7406
2026-04-15 09:00:00,0.86916,0.86946,0.86893,0.869045,11398
2026-04-15 10:00:00,0.869055,0.8694,0.86901,0.869295,10993
2026-04-15 11:00:00,0.8693,0.869515,0.869105,0.869315,8250
2026-04-15 12:00:00,0.869325,0.86981,0.86929,0.869645,8402
2026-04-15 13:00:00,0.86964,0.869725,0.86927,0.86948,12566
2026-04-15 14:00:00,0.869475,0.86963,0.86894,0.86942,12751
2026-04-15 15:00:00,0.869425,0.86981,0.86929,0.869615,10487
2026-04-15 16:00:00,0.86961,0.86967,0.869315,0.869425,8693
2026-04-15 17:00:00,0.86943,0.86956,0.8692,0.869205,5110
2026-04-15 18:00:00,0.869205,0.86946,0.869205,0.869325,7759
2026-04-15 19:00:00,0.86931,0.86966,0.8693,0.86953,5212
2026-04-15 20:00:00,0.869525,0.8701,0.869465,0.869955,4304
2026-04-15 21:00:00,0.869955,0.87028,0.86968,0.86992,1771
2026-04-15 22:00:00,0.869925,0.87019,0.8699,0.86992,1971
2026-04-15 23:00:00,0.86992,0.869945,0.869845,0.86989,1285
2026-04-16 00:00:00,0.869895,0.86994,0.86976,0.86987,3334
2026-04-16 01:00:00,0.869865,0.869925,0.869755,0.869825,4291
2026-04-16 02:00:00,0.86982,0.86998,0.869705,0.8698,5298
2026-04-16 03:00:00,0.869795,0.869845,0.869595,0.869775,4410
2026-04-16 04:00:00,0.86978,0.86989,0.869715,0.869845,2097
2026-04-16 05:00:00,0.86984,0.870125,0.869815,0.869845,3927
2026-04-16 06:00:00,0.86984,0.86984,0.869215,0.869425,7817
2026-04-16 07:00:00,0.86942,0.869905,0.869115,0.869685,8913
2026-04-16 08:00:00,0.86968,0.869865,0.86921,0.86981,8782
2026-04-16 09:00:00,0.869815,0.87021,0.86965,0.87007,6854
2026-04-16 10:00:00,0.870075,0.87018,0.86966,0.869765,5968
2026-04-16 11:00:00,0.86976,0.87005,0.869625,0.869875,6990
2026-04-16 12:00:00,0.86988,0.87,0.86964,0.8697,8587
2026-04-16 13:00:00,0.869705,0.869835,0.86899,0.86935,11287
2026-04-16 14:00:00,0.869355,0.87128,0.869245,0.87055,16390
2026-04-16 15:00:00,0.870555,0.87077,0.8702,0.870295,12115
2026-04-16 16:00:00,0.8703,0.87061,0.87013,0.87035,9442
2026-04-16 17:00:00,0.870355,0.87062,0.87023,0.870505,7127
2026-04-16 18:00:00,0.87051,0.87077,0.87044,0.87055,7224
2026-04-16 19:00:00,0.87056,0.87094,0.8705,0.87077,4763
2026-04-16 20:00:00,0.870775,0.871105,0.870705,0.87098,2717
2026-04-16 21:00:00,0.87098,0.871045,0.870445,0.87093,1954
2026-04-16 22:00:00,0.870945,0.871105,0.870815,0.870945,2106
2026-04-16 23:00:00,0.87095,0.87107,0.870905,0.871015,1967
2026-04-17 00:00:00,0.87101,0.871245,0.871,0.871175,4752
2026-04-17 01:00:00,0.871185,0.87129,0.871095,0.871245,5282
2026-04-17 02:00:00,0.87124,0.871245,0.871085,0.87114,2801
2026-04-17 03:00:00,0.871145,0.87134,0.871115,0.871205,2969
2026-04-17 04:00:00,0.871205,0.87139,0.871185,0.871335,2684
2026-04-17 05:00:00,0.87134,0.871595,0.871335,0.871405,3217
2026-04-17 06:00:00,0.87141,0.871985,0.87141,0.87188,6719
2026-04-17 07:00:00,0.87187,0.87189,0.871115,0.87115,8129
2026-04-17 08:00:00,0.871155,0.87169,0.871135,0.871625,6356
2026-04-17 09:00:00,0.871635,0.871755,0.87138,0.87156,5989
2026-04-17 10:00:00,0.871565,0.872345,0.871375,0.872175,4827
2026-04-17 11:00:00,0.87218,0.87229,0.871495,0.87171,5932
2026-04-17 12:00:00,0.871715,0.87196,0.870955,0.871315,18430
2026-04-17 13:00:00,0.87131,0.872145,0.871255,0.87181,27319
2026-04-17 14:00:00,0.871805,0.871895,0.870375,0.870605,19210
2026-04-17 15:00:00,0.87061,0.871075,0.870475,0.87061,16971
2026-04-17 16:00:00,0.870615,0.870845,0.87034,0.870525,9383
2026-04-17 17:00:00,0.87052,0.87059,0.870205,0.870405,10547
2026-04-17 18:00:00,0.8704,0.87046,0.870065,0.87033,9524
2026-04-17 19:00:00,0.870345,0.870605,0.870225,0.87054,7960
2026-04-17 20:00:00,0.870545,0.870665,0.870075,0.87027,6549
2026-04-19 21:00:00,0.87027,0.87053,0.869675,0.870015,1511
2026-04-19 22:00:00,0.87004,0.87068,0.869995,0.87042,8117
2026-04-19 23:00:00,0.870425,0.87084,0.87034,0.87068,4936
2026-04-20 00:00:00,0.870675,0.87127,0.870665,0.87101,7158
2026-04-20 01:00:00,0.871015,0.871165,0.871,0.87102,5084
2026-04-20 02:00:00,0.87102,0.871045,0.870735,0.870765,2937
2026-04-20 03:00:00,0.870755,0.870795,0.87068,0.87073,3201
2026-04-20 04:00:00,0.870735,0.87083,0.87069,0.870725,2626
2026-04-20 05:00:00,0.87073,0.87119,0.870715,0.87116,4746
2026-04-20 06:00:00,0.871155,0.871615,0.871025,0.871105,9678
2026-04-20 07:00:00,0.87111,0.871225,0.870535,0.87089,11354
2026-04-20 08:00:00,0.870885,0.87158,0.87081,0.871355,8194
2026-04-20 09:00:00,0.871355,0.8714,0.870295,0.87033,7784
2026-04-20 10:00:00,0.870335,0.87079,0.87031,0.870785,6722
2026-04-20 11:00:00,0.87078,0.87092,0.870145,0.8704,9605
2026-04-20 12:00:00,0.8704,0.87078,0.870365,0.87044,8676
2026-04-20 13:00:00,0.870445,0.870715,0.870105,0.870105,14279
2026-04-20 14:00:00,0.87011,0.87088,0.87006,0.870485,14603
2026-04-20 15:00:00,0.870475,0.8707,0.8703,0.870315,15353
2026-04-20 16:00:00,0.87032,0.87065,0.87025,0.87055,8429
2026-04-20 17:00:00,0.870555,0.8707,0.87049,0.870615,5148
2026-04-20 18:00:00,0.87062,0.87075,0.870365,0.870525,7272
2026-04-20 19:00:00,0.87052,0.87098,0.87049,0.87094,3870
2026-04-20 20:00:00,0.870945,0.87109,0.870655,0.87098,3855
2026-04-20 21:00:00,0.87098,0.871125,0.87061,0.87101,1432
2026-04-20 22:00:00,0.871025,0.87108,0.870755,0.87086,2412
2026-04-20 23:00:00,0.870865,0.870925,0.870775,0.870915,1429
2026-04-21 00:00:00,0.87092,0.871285,0.870895,0.87124,5424
2026-04-21 01:00:00,0.871245,0.871305,0.870985,0.87104,5008
2026-04-21 02:00:00,0.871035,0.87119,0.870925,0.871155,3028
2026-04-21 03:00:00,0.87116,0.871295,0.871075,0.871115,2616
2026-04-21 04:00:00,0.871115,0.871315,0.87109,0.87128,2334
2026-04-21 05:00:00,0.87128,0.87138,0.87104,0.871305,4162
2026-04-21 06:00:00,0.8713,0.87133,0.870385,0.87092,7883
2026-04-21 07:00:00,0.870915,0.87114,0.870655,0.87097,8455
2026-04-21 08:00:00,0.870975,0.87203,0.870845,0.871265,15257
2026-04-21 09:00:00,0.871265,0.87133,0.870665,0.870895,6767
2026-04-21 10:00:00,0.8709,0.870985,0.87045,0.87049,6048
2026-04-21 11:00:00,0.870485,0.87054,0.870175,0.870435,8856
2026-04-21 12:00:00,0.87043,0.87046,0.86975,0.8701,11193
2026-04-21 13:00:00,0.870105,0.87032,0.86989,0.86991,11627
2026-04-21 14:00:00,0.869915,0.87027,0.8694,0.869955,16676
2026-04-21 15:00:00,0.86996,0.87008,0.869615,0.869795,15103
2026-04-21 16:00:00,0.86979,0.869935,0.869715,0.869875,9795
2026-04-21 17:00:00,0.869875,0.869915,0.869395,0.869505,16292
2026-04-21 18:00:00,0.8695,0.86993,0.86942,0.869465,12648
2026-04-21 19:00:00,0.86946,0.86991,0.869425,0.869725,14201
2026-04-21 20:00:00,0.86972,0.8701,0.869265,0.86937,10230
2026-04-21 21:00:00,0.86945,0.870155,0.86945,0.86957,3754
2026-04-21 22:00:00,0.86958,0.86963,0.869295,0.86937,2300
2026-04-21 23:00:00,0.869365,0.86938,0.869275,0.86933,1615
2026-04-22 00:00:00,0.869325,0.86934,0.868975,0.869275,7832
2026-04-22 01:00:00,0.86928,0.86944,0.86916,0.869265,7050
2026-04-22 02:00:00,0.86927,0.869385,0.869215,0.86929,4915
2026-04-22 03:00:00,0.86928,0.86933,0.869,0.869075,3099
2026-04-22 04:00:00,0.869075,0.86917,0.868995,0.86912,3210
2026-04-22 05:00:00,0.869125,0.869235,0.86884,0.868855,8260
2026-04-22 06:00:00,0.86885,0.86933,0.8688,0.869215,8057
2026-04-22 07:00:00,0.86922,0.86945,0.86901,0.86906,8473
2026-04-22 08:00:00,0.869055,0.869145,0.868615,0.868795,9345
2026-04-22 09:00:00,0.8688,0.868905,0.868475,0.86887,7655
2026-04-22 10:00:00,0.868875,0.86924,0.868835,0.86909,6898
2026-04-22 11:00:00,0.86909,0.869365,0.868965,0.869055,9375
2026-04-22 12:00:00,0.86905,0.86916,0.868845,0.869095,10171
2026-04-22 13:00:00,0.86909,0.869105,0.868,0.868505,16439
2026-04-22 14:00:00,0.86851,0.868685,0.867775,0.86809,16130
2026-04-22 15:00:00,0.868085,0.86823,0.86738,0.867415,12858
2026-04-22 16:00:00,0.86741,0.867805,0.86728,0.867315,8880
2026-04-22 17:00:00,0.86731,0.867325,0.86671,0.866735,7233
2026-04-22 18:00:00,0.86674,0.867015,0.86672,0.866975,5887
2026-04-22 19:00:00,0.866975,0.867075,0.866755,0.866865,6365
2026-04-22 20:00:00,0.86687,0.867085,0.866805,0.866955,4243
2026-04-22 21:00:00,0.86694,0.867045,0.866665,0.866995,3966
2026-04-22 22:00:00,0.867,0.8671,0.86691,0.86702,1171
2026-04-22 23:00:00,0.86703,0.867115,0.866995,0.86709,1379
2026-04-23 00:00:00,0.867085,0.86759,0.86697,0.86698,15034
2026-04-23 01:00:00,0.866985,0.867375,0.86694,0.867355,7122
2026-04-23 02:00:00,0.867355,0.86749,0.86716,0.86731,6404
2026-04-23 03:00:00,0.86731,0.867545,0.867255,0.86728,6697
2026-04-23 04:00:00,0.867275,0.867455,0.867275,0.86729,3714
2026-04-23 05:00:00,0.867285,0.867625,0.86727,0.86762,4029
2026-04-23 06:00:00,0.8676,0.867895,0.8673,0.86747,6152
2026-04-23 07:00:00,0.867465,0.867685,0.867205,0.867525,10914
2026-04-23 08:00:00,0.86753,0.867755,0.866115,0.866485,10581
2026-04-23 09:00:00,0.86649,0.866835,0.865865,0.866185,10350
2026-04-23 10:00:00,0.86619,0.86636,0.865605,0.86636,9624
2026-04-23 11:00:00,0.866365,0.866365,0.86537,0.86561,10879
2026-04-23 12:00:00,0.865615,0.866905,0.865605,0.866865,14750
2026-04-23 13:00:00,0.86687,0.866995,0.86593,0.86614,15155
2026-04-23 14:00:00,0.866135,0.866845,0.86613,0.866795,14945
2026-04-23 15:00:00,0.866795,0.867515,0.866785,0.86735,14157
2026-04-23 16:00:00,0.867345,0.867585,0.867305,0.867355,9156
2026-04-23 17:00:00,0.86736,0.86781,0.86723,0.86758,22905
2026-04-23 18:00:00,0.867575,0.867655,0.867465,0.867565,12468
2026-04-23 19:00:00,0.86756,0.867775,0.86752,0.86775,7652
2026-04-23 20:00:00,0.867755,0.867805,0.867505,0.86756,4446
2026-04-23 21:00:00,0.86759,0.8679,0.867285,0.86758,2350
2026-04-23 22:00:00,0.86755,0.8678,0.86755,0.867715,1527
2026-04-23 23:00:00,0.867715,0.86773,0.86758,0.86763,1434
2026-04-24 00:00:00,0.867635,0.86773,0.86753,0.86764,7235
2026-04-24 01:00:00,0.86763,0.86779,0.86756,0.86759,6122
2026-04-24 02:00:00,0.86758,0.86769,0.867535,0.86765,5583
2026-04-24 03:00:00,0.867655,0.867795,0.86758,0.86762,4480
2026-04-24 04:00:00,0.867625,0.867755,0.8675,0.867505,4955
2026-04-24 05:00:00,0.86751,0.86758,0.86746,0.867505,4510
2026-04-24 06:00:00,0.867495,0.86773,0.867325,0.867385,7530
2026-04-24 07:00:00,0.86738,0.867565,0.86721,0.867485,6013
2026-04-24 08:00:00,0.86748,0.867555,0.86722,0.867425,9137
2026-04-24 09:00:00,0.86743,0.86746,0.86676,0.866775,7543
2026-04-24 10:00:00,0.866775,0.86764,0.866755,0.867405,8046
2026-04-24 11:00:00,0.86741,0.868285,0.867305,0.86807,17555
2026-04-24 12:00:00,0.868075,0.868125,0.867155,0.86722,13283
2026-04-24 13:00:00,0.867215,0.86774,0.86717,0.867385,16320
2026-04-24 14:00:00,0.86738,0.867485,0.86686,0.8671,16560
2026-04-24 15:00:00,0.867095,0.86741,0.866805,0.86699,15560
2026-04-24 16:00:00,0.867,0.867175,0.866575,0.866735,10342
2026-04-24 17:00:00,0.86674,0.866875,0.86632,0.866415,9390
2026-04-24 18:00:00,0.86642,0.866465,0.866095,0.866165,6772
2026-04-24 19:00:00,0.86616,0.86623,0.86589,0.86595,6768
2026-04-24 20:00:00,0.865945,0.86626,0.865805,0.86608,5727
2026-04-26 21:00:00,0.86608,0.86666,0.865615,0.86666,1081
2026-04-26 22:00:00,0.866635,0.866725,0.86594,0.866295,2626
2026-04-26 23:00:00,0.866295,0.86631,0.86617,0.866225,2697
2026-04-27 00:00:00,0.866215,0.86657,0.8662,0.86647,5630
2026-04-27 01:00:00,0.866465,0.86654,0.86624,0.86628,9248
2026-04-27 02:00:00,0.866275,0.86634,0.86613,0.86618,4819
2026-04-27 03:00:00,0.866175,0.86623,0.865885,0.866,4883
2026-04-27 04:00:00,0.86601,0.86609,0.86595,0.866025,4229
2026-04-27 05:00:00,0.86603,0.86629,0.866025,0.86619,4383
2026-04-27 06:00:00,0.8662,0.866585,0.865975,0.866565,8468
2026-04-27 07:00:00,0.86657,0.867055,0.86638,0.867015,9833
2026-04-27 08:00:00,0.86701,0.86713,0.866685,0.86679,9142
2026-04-27 09:00:00,0.86678,0.866845,0.866465,0.86653,6475
2026-04-27 10:00:00,0.866535,0.866625,0.866065,0.86621,6443
2026-04-27 11:00:00,0.866215,0.866345,0.865885,0.865985,6684
2026-04-27 12:00:00,0.86598,0.86686,0.865745,0.866845,10116
2026-04-27 13:00:00,0.86684,0.86762,0.866595,0.866745,15097
2026-04-27 14:00:00,0.86674,0.866755,0.86579,0.86579,13859
2026-04-27 15:00:00,0.865795,0.86604,0.865605,0.865645,10703
2026-04-27 16:00:00,0.86564,0.866015,0.865515,0.86583,7582
2026-04-27 17:00:00,0.865825,0.86628,0.865815,0.865905,8401
2026-04-27 18:00:00,0.865915,0.86619,0.86581,0.86607,6832
2026-04-27 19:00:00,0.866075,0.8662,0.866015,0.86617,5185
2026-04-27 20:00:00,0.86616,0.86624,0.86604,0.86608,2605
2026-04-27 21:00:00,0.86608,0.866195,0.86567,0.865925,997
2026-04-27 22:00:00,0.86597,0.866165,0.86593,0.86599,1457
2026-04-27 23:00:00,0.865995,0.86607,0.86594,0.86595,1610
2026-04-28 00:00:00,0.865955,0.866085,0.86589,0.86599,5500
2026-04-28 01:00:00,0.865985,0.866135,0.86595,0.86612,5194
2026-04-28 02:00:00,0.866115,0.866145,0.865875,0.86588,4847
2026-04-28 03:00:00,0.865885,0.86596,0.865555,0.865615,5274
2026-04-28 04:00:00,0.86562,0.865785,0.865555,0.86565,3365
2026-04-28 05:00:00,0.865655,0.866025,0.86562,0.865975,5096
2026-04-28 06:00:00,0.86597,0.866095,0.865355,0.86547,12116
2026-04-28 07:00:00,0.86548,0.86595,0.86543,0.86582,11607
2026-04-28 08:00:00,0.86584,0.86667,0.86584,0.86649,11537
2026-04-28 09:00:00,0.866485,0.86705,0.866415,0.86669,9954
2026-04-28 10:00:00,0.86668,0.86721,0.866465,0.86717,9856
2026-04-28 11:00:00,0.867175,0.867845,0.86699,0.867445,14662
2026-04-28 12:00:00,0.867435,0.8676,0.86679,0.86691,15694
2026-04-28 13:00:00,0.866915,0.867105,0.86668,0.866745,15479
2026-04-28 14:00:00,0.86674,0.867095,0.866455,0.866885,19034
2026-04-28 15:00:00,0.866895,0.86725,0.86681,0.86695,14751
2026-04-28 16:00:00,0.866945,0.86709,0.866455,0.86651,9704
2026-04-28 17:00:00,0.866515,0.866695,0.86644,0.86654,7507
2026-04-28 18:00:00,0.86655,0.866685,0.86642,0.86644,6925
2026-04-28 19:00:00,0.866445,0.8665,0.86628,0.866325,7579
2026-04-28 20:00:00,0.86633,0.86656,0.86627,0.866535,3104
2026-04-28 21:00:00,0.866535,0.86686,0.866345,0.866605,1091
2026-04-28 22:00:00,0.866575,0.866715,0.866395,0.866485,1850
2026-04-28 23:00:00,0.86648,0.86651,0.866425,0.86648,802
2026-04-29 00:00:00,0.866485,0.8665,0.866265,0.86629,4950
2026-04-29 01:00:00,0.866295,0.8665,0.8662,0.86649,7249
2026-04-29 02:00:00,0.866485,0.86663,0.86641,0.8665,4843
2026-04-29 03:00:00,0.866505,0.866585,0.86636,0.86641,3230
2026-04-29 04:00:00,0.866405,0.866445,0.86621,0.86628,2515
2026-04-29 05:00:00,0.866275,0.86647,0.866255,0.866455,4478
2026-04-29 06:00:00,0.86646,0.866825,0.866455,0.86668,5884
2026-04-29 07:00:00,0.866675,0.867085,0.866475,0.8668,7823
2026-04-29 08:00:00,0.866795,0.86684,0.866405,0.866755,8539
2026-04-29 09:00:00,0.86675,0.86703,0.866195,0.866305,6973
2026-04-29 10:00:00,0.86631,0.866625,0.8662,0.866625,6037
2026-04-29 11:00:00,0.86663,0.86703,0.866355,0.86646,8936
2026-04-29 12:00:00,0.866465,0.866605,0.86623,0.866595,11338
2026-04-29 13:00:00,0.866585,0.86741,0.866205,0.867275,17710
2026-04-29 14:00:00,0.867265,0.867375,0.866505,0.866665,15148
2026-04-29 15:00:00,0.86667,0.86711,0.8666,0.867,15642
2026-04-29 16:00:00,0.867005,0.86701,0.86628,0.86678,10518
2026-04-29 17:00:00,0.866785,0.86691,0.866365,0.86662,10203
2026-04-29 18:00:00,0.866625,0.866795,0.866265,0.86643,18403
2026-04-29 19:00:00,0.866425,0.866555,0.866225,0.866465,8677
2026-04-29 20:00:00,0.86646,0.866535,0.86618,0.866505,5510
2026-04-29 21:00:00,0.866505,0.86684,0.866085,0.866305,4241
2026-04-29 22:00:00,0.86618,0.86667,0.866165,0.866285,3187
2026-04-29 23:00:00,0.866285,0.86643,0.86625,0.86627,2431
2026-04-30 00:00:00,0.866275,0.866305,0.866055,0.86613,9955
2026-04-30 01:00:00,0.866125,0.866285,0.865925,0.86595,7987
2026-04-30 02:00:00,0.865945,0.865975,0.865765,0.86583,7637
2026-04-30 03:00:00,0.865825,0.865945,0.86566,0.86571,6796
2026-04-30 04:00:00,0.86571,0.86627,0.865685,0.86622,8695
2026-04-30 05:00:00,0.866225,0.866285,0.86601,0.866245,7430
2026-04-30 06:00:00,0.86626,0.86653,0.86575,0.86616,12908
2026-04-30 07:00:00,0.866165,0.86623,0.86576,0.866035,13040
2026-04-30 08:00:00,0.86604,0.866565,0.86579,0.866165,17536
2026-04-30 09:00:00,0.86617,0.866255,0.865715,0.86608,17276
2026-04-30 10:00:00,0.866085,0.866525,0.865725,0.865895,23322
2026-04-30 11:00:00,0.86591,0.86662,0.86572,0.865935,25728
2026-04-30 12:00:00,0.86593,0.86645,0.865015,0.8653,23156
2026-04-30 13:00:00,0.865305,0.86575,0.864925,0.86494,21736
2026-04-30 14:00:00,0.864945,0.865035,0.863225,0.863455,32585
2026-04-30 15:00:00,0.86345,0.86397,0.86305,0.86376,23786
2026-04-30 16:00:00,0.863765,0.8639,0.863425,0.863585,11735
2026-04-30 17:00:00,0.86358,0.86367,0.86327,0.86333,12157
2026-04-30 18:00:00,0.863325,0.86336,0.862785,0.862875,10235
2026-04-30 19:00:00,0.86288,0.862915,0.862435,0.86251,8958
2026-04-30 20:00:00,0.862515,0.86256,0.86226,0.86236,5867
2026-04-30 21:00:00,0.86236,0.86271,0.862175,0.86258,987
2026-04-30 22:00:00,0.86256,0.86256,0.862255,0.86239,1692
2026-04-30 23:00:00,0.862385,0.86239,0.86223,0.862315,2840
2026-05-01 00:00:00,0.86231,0.86232,0.862085,0.862135,8209
2026-05-01 01:00:00,0.862145,0.862385,0.86211,0.862225,5170
2026-05-01 02:00:00,0.86222,0.86255,0.86221,0.86243,4712
2026-05-01 03:00:00,0.862425,0.86258,0.862255,0.86247,4558
2026-05-01 04:00:00,0.862465,0.86254,0.862385,0.86248,3932
2026-05-01 05:00:00,0.862485,0.86271,0.862435,0.862665,3896
2026-05-01 06:00:00,0.86266,0.862685,0.86203,0.862255,11408
2026-05-01 07:00:00,0.86225,0.86276,0.86204,0.86257,13762
2026-05-01 08:00:00,0.86256,0.863235,0.86249,0.86301,7809
2026-05-01 09:00:00,0.863005,0.8632,0.86275,0.863075,7108
2026-05-01 10:00:00,0.863075,0.86331,0.86286,0.863245,6564
2026-05-01 11:00:00,0.86325,0.86327,0.862815,0.862835,9051
2026-05-01 12:00:00,0.86284,0.86298,0.86249,0.86268,13041
2026-05-01 13:00:00,0.862675,0.862835,0.86235,0.862545,14459
2026-05-01 14:00:00,0.862555,0.864095,0.862375,0.863805,17322
2026-05-01 15:00:00,0.863795,0.863855,0.86316,0.86318,13904
2026-05-01 16:00:00,0.86316,0.863415,0.86295,0.86322,13418
2026-05-01 17:00:00,0.863215,0.86338,0.86307,0.86318,10461
2026-05-01 18:00:00,0.86317,0.863525,0.863145,0.86346,9992
2026-05-01 19:00:00,0.863465,0.86354,0.863265,0.863465,7135
2026-05-01 20:00:00,0.86346,0.86363,0.86328,0.863345,5963
2026-05-03 21:00:00,0.863345,0.8642,0.86313,0.86322,1573
2026-05-03 22:00:00,0.86325,0.863685,0.86306,0.8634,3879
2026-05-03 23:00:00,0.863405,0.86351,0.863305,0.863385,1823
2026-05-04 00:00:00,0.86339,0.863555,0.86311,0.863135,6467
2026-05-04 01:00:00,0.86314,0.863365,0.86312,0.863145,8384
2026-05-04 02:00:00,0.86315,0.863245,0.86296,0.86324,5073
2026-05-04 03:00:00,0.863235,0.863255,0.86306,0.863185,8264
2026-05-04 04:00:00,0.86318,0.86329,0.863155,0.86321,5804
2026-05-04 05:00:00,0.863205,0.86325,0.86304,0.86306,5824
2026-05-04 06:00:00,0.863065,0.863705,0.86305,0.863625,9707
2026-05-04 07:00:00,0.86363,0.863905,0.863565,0.863755,10309
2026-05-04 08:00:00,0.863765,0.864295,0.863575,0.8642,10196
2026-05-04 09:00:00,0.864195,0.86426,0.864065,0.86417,9602
2026-05-04 10:00:00,0.864175,0.864515,0.86389,0.86413,21159
2026-05-04 11:00:00,0.864135,0.86419,0.86347,0.86353,12448
2026-05-04 12:00:00,0.86354,0.86377,0.86336,0.863695,13175
2026-05-04 13:00:00,0.8637,0.86405,0.863355,0.86394,17892
2026-05-04 14:00:00,0.863945,0.86404,0.863375,0.863765,15696
2026-05-04 15:00:00,0.86377,0.864665,0.86372,0.8644,20640
2026-05-04 16:00:00,0.86439,0.864825,0.863815,0.86414,18911
2026-05-04 17:00:00,0.864145,0.86416,0.863675,0.864075,10555
2026-05-04 18:00:00,0.86407,0.8642,0.863975,0.8641,7832
2026-05-04 19:00:00,0.864095,0.8642,0.86388,0.863925,8864
2026-05-04 20:00:00,0.86393,0.864085,0.863845,0.864065,4937
2026-05-04 21:00:00,0.864065,0.864515,0.863695,0.86389,3010
2026-05-04 22:00:00,0.8639,0.86416,0.8639,0.86411,1489
2026-05-04 23:00:00,0.86411,0.86416,0.86401,0.864055,1680
2026-05-05 00:00:00,0.86406,0.864125,0.863975,0.86408,5494
2026-05-05 01:00:00,0.864085,0.86412,0.864,0.86403,5470
2026-05-05 02:00:00,0.864025,0.86411,0.86399,0.86409,4045
2026-05-05 03:00:00,0.86408,0.86413,0.863985,0.864105,3462
2026-05-05 04:00:00,0.86411,0.86411,0.8639,0.86401,4375
2026-05-05 05:00:00,0.864015,0.864185,0.86389,0.864175,5926
2026-05-05 06:00:00,0.86418,0.864225,0.863395,0.863625,10906
2026-05-05 07:00:00,0.86363,0.863645,0.8633,0.863435,10606
2026-05-05 08:00:00,0.86343,0.86346,0.862995,0.86314,9625
2026-05-05 09:00:00,0.863145,0.863285,0.86294,0.863245,10817
2026-05-05 10:00:00,0.86325,0.863325,0.86294,0.86297,8115
2026-05-05 11:00:00,0.86296,0.8636,0.862895,0.863255,11081
2026-05-05 12:00:00,0.86325,0.86357,0.863155,0.86331,13229
2026-05-05 13:00:00,0.863305,0.863495,0.86299,0.86308,13542
2026-05-05 14:00:00,0.86308,0.86329,0.8627,0.862965,20184
2026-05-05 15:00:00,0.86297,0.86317,0.862385,0.86244,15263
2026-05-05 16:00:00,0.862435,0.863105,0.862335,0.863035,10243
2026-05-05 17:00:00,0.86303,0.863525,0.862965,0.863335,9152
2026-05-05 18:00:00,0.86334,0.86359,0.8633,0.863535,5825
2026-05-05 19:00:00,0.863525,0.863655,0.86344,0.863575,5957
2026-05-05 20:00:00,0.86357,0.863725,0.863545,0.863545,3354
2026-05-05 21:00:00,0.863545,0.86368,0.862785,0.863475,1078
2026-05-05 22:00:00,0.86347,0.863645,0.863335,0.863445,4172
2026-05-05 23:00:00,0.86345,0.863565,0.86334,0.863435,6558
2026-05-06 00:00:00,0.86343,0.86345,0.863225,0.86338,9319
2026-05-06 01:00:00,0.863375,0.863555,0.863265,0.86352,9105
2026-05-06 02:00:00,0.86353,0.863645,0.863405,0.863585,6302
2026-05-06 03:00:00,0.86358,0.86387,0.863555,0.863825,5269
2026-05-06 04:00:00,0.86382,0.863935,0.86334,0.863675,16310
2026-05-06 05:00:00,0.86367,0.86372,0.86346,0.86361,9857
2026-05-06 06:00:00,0.863615,0.863795,0.863455,0.863465,12451
2026-05-06 07:00:00,0.86346,0.86353,0.862785,0.86312,13627
2026-05-06 08:00:00,0.863115,0.86365,0.86288,0.863255,18579
2026-05-06 09:00:00,0.863255,0.86438,0.863205,0.864175,16150
2026-05-06 10:00:00,0.86417,0.86491,0.864135,0.864495,14472
2026-05-06 11:00:00,0.864495,0.86482,0.86393,0.86396,17963
2026-05-06 12:00:00,0.863955,0.86396,0.86329,0.863495,18768
2026-05-06 13:00:00,0.8635,0.863845,0.863485,0.863605,19118
2026-05-06 14:00:00,0.8636,0.864125,0.863355,0.864095,19333
2026-05-06 15:00:00,0.86409,0.864675,0.86402,0.86446,15389
2026-05-06 16:00:00,0.864465,0.864915,0.864455,0.864595,13067
2026-05-06 17:00:00,0.86459,0.864685,0.864215,0.864315,10683
2026-05-06 18:00:00,0.86431,0.864405,0.86418,0.864305,7848
2026-05-06 19:00:00,0.864295,0.86458,0.864215,0.864235,8298
2026-05-06 20:00:00,0.86423,0.86443,0.86417,0.864335,3626
2026-05-06 21:00:00,0.864335,0.86447,0.864005,0.864415,1767
2026-05-06 22:00:00,0.86445,0.86449,0.864335,0.86437,1273
2026-05-06 23:00:00,0.864375,0.86438,0.86422,0.86438,1591
2026-05-07 00:00:00,0.864375,0.864545,0.864255,0.86437,10464
2026-05-07 01:00:00,0.864365,0.864505,0.86422,0.86432,9528
2026-05-07 02:00:00,0.864325,0.864335,0.864155,0.86421,5132
2026-05-07 03:00:00,0.86422,0.86434,0.864145,0.86433,5037
2026-05-07 04:00:00,0.86434,0.86438,0.86412,0.86419,4692
2026-05-07 05:00:00,0.8642,0.86445,0.86417,0.864435,3475
2026-05-07 06:00:00,0.86444,0.864475,0.86368,0.863805,11163
2026-05-07 07:00:00,0.8638,0.86416,0.86367,0.86388,17615
2026-05-07 08:00:00,0.863885,0.864285,0.86367,0.864175,12390
2026-05-07 09:00:00,0.86417,0.864585,0.863905,0.864265,9788
2026-05-07 10:00:00,0.86427,0.864505,0.863655,0.863935,10304
2026-05-07 11:00:00,0.863945,0.86438,0.86369,0.864305,12467
2026-05-07 12:00:00,0.8643,0.864315,0.863905,0.86418,13355
2026-05-07 13:00:00,0.864175,0.864335,0.86392,0.86412,16278
2026-05-07 14:00:00,0.864125,0.86454,0.863915,0.863955,15538
2026-05-07 15:00:00,0.863965,0.864505,0.86389,0.86448,17082
2026-05-07 16:00:00,0.86449,0.865185,0.86443,0.865105,16744
2026-05-07 17:00:00,0.86511,0.86541,0.86484,0.864975,15707
2026-05-07 18:00:00,0.864985,0.865435,0.864955,0.865225,11461
2026-05-07 19:00:00,0.86522,0.86529,0.865025,0.86516,12515
2026-05-07 20:00:00,0.865155,0.865505,0.8651,0.86527,9262
2026-05-07 21:00:00,0.86527,0.86547,0.864905,0.86532,953
2026-05-07 22:00:00,0.865315,0.865615,0.86521,0.865495,4023
2026-05-07 23:00:00,0.8655,0.865505,0.865335,0.86538,2304
2026-05-08 00:00:00,0.865385,0.86554,0.86529,0.86541,8028
2026-05-08 01:00:00,0.865415,0.86553,0.865255,0.86533,7972
2026-05-08 02:00:00,0.865325,0.86534,0.86502,0.86511,6338
2026-05-08 03:00:00,0.865105,0.86538,0.86507,0.86528,5375
2026-05-08 04:00:00,0.86527,0.86563,0.864825,0.865105,5810
2026-05-08 05:00:00,0.86511,0.86512,0.86456,0.86467,5989
2026-05-08 06:00:00,0.864665,0.86494,0.864365,0.864465,10978
2026-05-08 07:00:00,0.86446,0.864895,0.86436,0.864615,10585
2026-05-08 08:00:00,0.86462,0.86477,0.86399,0.86413,11881
2026-05-08 09:00:00,0.864125,0.864505,0.864065,0.86442,9286
2026-05-08 10:00:00,0.864415,0.864825,0.86437,0.864805,7334
2026-05-08 11:00:00,0.864795,0.864895,0.864245,0.86428,9703
2026-05-08 12:00:00,0.864285,0.86497,0.864025,0.864885,16394
2026-05-08 13:00:00,0.86488,0.864935,0.86446,0.86449,16425
2026-05-08 14:00:00,0.864485,0.864785,0.864105,0.864165,16395
2026-05-08 15:00:00,0.86416,0.864595,0.86387,0.864145,15119
2026-05-08 16:00:00,0.86415,0.86458,0.86402,0.86445,7806
2026-05-08 17:00:00,0.864455,0.864545,0.86431,0.86436,5854
2026-05-08 18:00:00,0.864355,0.86468,0.86427,0.864675,7485
2026-05-08 19:00:00,0.86467,0.86469,0.864375,0.864405,7166
2026-05-08 20:00:00,0.8644,0.864715,0.864225,0.86455,5710
2026-05-10 21:00:00,0.86455,0.867135,0.86455,0.86698,2603
2026-05-10 22:00:00,0.866985,0.866995,0.86565,0.86566,5121
2026-05-10 23:00:00,0.86566,0.86574,0.86558,0.86562,3109
2026-05-11 00:00:00,0.865615,0.865745,0.865435,0.865495,7757
2026-05-11 01:00:00,0.86549,0.865565,0.86535,0.86536,9330
2026-05-11 02:00:00,0.86537,0.865405,0.865175,0.86524,5572
2026-05-11 03:00:00,0.865245,0.86528,0.865015,0.865135,4836
2026-05-11 04:00:00,0.86513,0.86531,0.86496,0.86521,3906
2026-05-11 05:00:00,0.865215,0.86523,0.864905,0.864985,5891
2026-05-11 06:00:00,0.86498,0.865725,0.86489,0.865345,10091
2026-05-11 07:00:00,0.86534,0.86569,0.865025,0.8656,8322
2026-05-11 08:00:00,0.865605,0.86585,0.86494,0.86505,9108
2026-05-11 09:00:00,0.865055,0.86535,0.864815,0.8653,7316
2026-05-11 10:00:00,0.865305,0.866355,0.865215,0.86611,11489
2026-05-11 11:00:00,0.866115,0.86613,0.864755,0.86487,10734
2026-05-11 12:00:00,0.864875,0.86511,0.864695,0.86506,10016
2026-05-11 13:00:00,0.865065,0.865195,0.864555,0.86506,12572
2026-05-11 14:00:00,0.86505,0.86525,0.86364,0.863645,14794
2026-05-11 15:00:00,0.86365,0.86388,0.862975,0.86303,13187
2026-05-11 16:00:00,0.86302,0.863345,0.863015,0.863085,9247
2026-05-11 17:00:00,0.863075,0.863375,0.863055,0.863315,7840
2026-05-11 18:00:00,0.86332,0.86407,0.863285,0.863975,6410
2026-05-11 19:00:00,0.86397,0.864865,0.863945,0.864845,6435
2026-05-11 20:00:00,0.86485,0.86577,0.86477,0.86575,4702
2026-05-11 21:00:00,0.86571,0.866155,0.86518,0.86614,1078
2026-05-11 22:00:00,0.866155,0.866265,0.86609,0.86612,1752
2026-05-11 23:00:00,0.866115,0.866115,0.86566,0.865795,2037
2026-05-12 00:00:00,0.8658,0.865895,0.86551,0.86561,7264
2026-05-12 01:00:00,0.86561,0.86585,0.865545,0.86563,10097
2026-05-12 02:00:00,0.865625,0.865665,0.865465,0.865475,5738
2026-05-12 03:00:00,0.86548,0.86557,0.86531,0.86552,5511
2026-05-12 04:00:00,0.865515,0.865705,0.86542,0.86548,5142
2026-05-12 05:00:00,0.865475,0.866635,0.86545,0.866525,7879
2026-05-12 06:00:00,0.86652,0.867525,0.86623,0.867465,12917
2026-05-12 07:00:00,0.86747,0.86915,0.86703,0.869045,13714
2026-05-12 08:00:00,0.86904,0.869765,0.86791,0.868025,17527
2026-05-12 09:00:00,0.868015,0.86859,0.86727,0.867665,13879
2026-05-12 10:00:00,0.86766,0.867715,0.866885,0.867555,9215
2026-05-12 11:00:00,0.86756,0.86806,0.867225,0.867825,12675
2026-05-12 12:00:00,0.86783,0.86855,0.867545,0.86781,18151
2026-05-12 13:00:00,0.867815,0.868315,0.867605,0.868195,19682
2026-05-12 14:00:00,0.8682,0.86826,0.866795,0.86777,21074
2026-05-12 15:00:00,0.867775,0.86847,0.86726,0.867375,21756
2026-05-12 16:00:00,0.86738,0.86797,0.867255,0.867615,14214
2026-05-12 17:00:00,0.86762,0.867845,0.86729,0.86765,10918
2026-05-12 18:00:00,0.867655,0.867785,0.86738,0.867615,11258
2026-05-12 19:00:00,0.867615,0.867625,0.867005,0.867105,7838
2026-05-12 20:00:00,0.86711,0.8672,0.867,0.8671,5258
2026-05-12 21:00:00,0.8671,0.867205,0.86689,0.86707,1256
2026-05-12 22:00:00,0.867045,0.867145,0.8669,0.86702,851
2026-05-12 23:00:00,0.86701,0.86705,0.86692,0.867,1463
2026-05-13 00:00:00,0.86701,0.86723,0.86696,0.86714,7217
2026-05-13 01:00:00,0.867135,0.867225,0.86684,0.866885,7806
2026-05-13 02:00:00,0.86689,0.86706,0.866775,0.86695,5220
2026-05-13 03:00:00,0.86696,0.8671,0.86679,0.866815,5655
2026-05-13 04:00:00,0.86681,0.86705,0.86679,0.86703,3811
2026-05-13 05:00:00,0.86704,0.86708,0.86597,0.86607,5345
2026-05-13 06:00:00,0.866075,0.86652,0.865875,0.86634,8983
2026-05-13 07:00:00,0.866345,0.86643,0.865695,0.865865,10758
2026-05-13 08:00:00,0.86587,0.865935,0.864765,0.86532,9107
2026-05-13 09:00:00,0.86531,0.866375,0.865275,0.86598,9921
2026-05-13 10:00:00,0.865975,0.867225,0.86572,0.867145,15422
2026-05-13 11:00:00,0.86715,0.867625,0.86698,0.867325,9927
2026-05-13 12:00:00,0.86732,0.867665,0.867115,0.867435,14209
2026-05-13 13:00:00,0.86743,0.867445,0.86641,0.866515,15735
2026-05-13 14:00:00,0.86652,0.866725,0.86618,0.866375,14175
2026-05-13 15:00:00,0.86638,0.86652,0.865945,0.866265,12404
2026-05-13 16:00:00,0.866255,0.8665,0.86603,0.86633,10252
2026-05-13 17:00:00,0.866335,0.86643,0.86618,0.86619,6684
2026-05-13 18:00:00,0.866185,0.866245,0.866025,0.86607,9104
2026-05-13 19:00:00,0.866065,0.866135,0.865885,0.865925,7134
2026-05-13 20:00:00,0.86594,0.86618,0.86589,0.866035,3886
2026-05-13 21:00:00,0.865965,0.86658,0.86583,0.8664,1592
2026-05-13 22:00:00,0.86641,0.866415,0.865985,0.86619,1511
2026-05-13 23:00:00,0.866195,0.86637,0.86609,0.86614,1844
2026-05-14 00:00:00,0.866135,0.8662,0.865905,0.866035,5731
2026-05-14 01:00:00,0.86603,0.866295,0.865945,0.86627,5910
2026-05-14 02:00:00,0.866275,0.866285,0.866005,0.866085,6239
2026-05-14 03:00:00,0.86609,0.866105,0.86582,0.86587,4885
2026-05-14 04:00:00,0.865875,0.865955,0.86583,0.86593,5044
2026-05-14 05:00:00,0.865925,0.866615,0.865895,0.86643,7297
2026-05-14 06:00:00,0.866425,0.866425,0.86598,0.86627,8801
2026-05-14 07:00:00,0.866275,0.866865,0.866235,0.866845,10258
2026-05-14 08:00:00,0.86685,0.866865,0.866235,0.866235,9011
2026-05-14 09:00:00,0.86623,0.86655,0.86603,0.866485,7683
2026-05-14 10:00:00,0.86648,0.866565,0.86619,0.866555,8742
2026-05-14 11:00:00,0.86655,0.866965,0.86587,0.86664,8403
2026-05-14 12:00:00,0.866635,0.86688,0.86576,0.865965,11190
2026-05-14 13:00:00,0.86596,0.866335,0.865775,0.865905,14120
2026-05-14 14:00:00,0.8659,0.866235,0.865715,0.86612,13642
2026-05-14 15:00:00,0.866125,0.866555,0.866,0.866415,12245
2026-05-14 16:00:00,0.866405,0.86905,0.866385,0.868585,16408
2026-05-14 17:00:00,0.86859,0.870815,0.868495,0.870795,12180
2026-05-14 18:00:00,0.8708,0.871765,0.87079,0.871095,9464
2026-05-14 19:00:00,0.87109,0.87125,0.870795,0.870965,7710
2026-05-14 20:00:00,0.87097,0.87111,0.87071,0.87071,5014
2026-05-14 21:00:00,0.87073,0.871015,0.87058,0.87063,1559
2026-05-14 22:00:00,0.870615,0.87105,0.870615,0.87095,2201
2026-05-14 23:00:00,0.870945,0.87135,0.870545,0.87088,4017
2026-05-15 00:00:00,0.870885,0.87129,0.870675,0.871085,10445
2026-05-15 01:00:00,0.87109,0.87157,0.871025,0.87133,11117
2026-05-15 02:00:00,0.871335,0.871565,0.87119,0.87126,7629
2026-05-15 03:00:00,0.87128,0.87132,0.871035,0.87111,6965
2026-05-15 04:00:00,0.871115,0.87159,0.871115,0.87157,6184
2026-05-15 05:00:00,0.871575,0.872175,0.871575,0.871865,11788
2026-05-15 06:00:00,0.87187,0.872775,0.871365,0.871485,15925
2026-05-15 07:00:00,0.87148,0.87163,0.8705,0.870725,14664
2026-05-15 08:00:00,0.87074,0.87179,0.87068,0.87166,13021
2026-05-15 09:00:00,0.871655,0.872085,0.870935,0.87114,15247
2026-05-15 10:00:00,0.871135,0.871135,0.87023,0.870495,15705
2026-05-15 11:00:00,0.870505,0.870755,0.870115,0.870645,12833
2026-05-15 12:00:00,0.870655,0.87115,0.870315,0.870665,14347
2026-05-15 13:00:00,0.870655,0.87142,0.870425,0.871265,20292
2026-05-15 14:00:00,0.87127,0.87151,0.870855,0.87149,20336
2026-05-15 15:00:00,0.8715,0.87281,0.87141,0.872165,18383
2026-05-15 16:00:00,0.87216,0.872785,0.872075,0.872425,13296
2026-05-15 17:00:00,0.872425,0.87274,0.87223,0.872345,10475
2026-05-15 18:00:00,0.87234,0.87248,0.872145,0.87239,11269
2026-05-15 19:00:00,0.87239,0.87259,0.87221,0.872565,7040
2026-05-15 20:00:00,0.87257,0.872925,0.872345,0.87239,4808
2026-05-17 21:00:00,0.87239,0.87268,0.872,0.872345,951
2026-05-17 22:00:00,0.87234,0.872985,0.8723,0.872835,3699
2026-05-17 23:00:00,0.87283,0.87283,0.872405,0.87259,4598
2026-05-18 00:00:00,0.872595,0.87268,0.87239,0.872475,9266
2026-05-18 01:00:00,0.87248,0.87281,0.87246,0.87274,11121
2026-05-18 02:00:00,0.87273,0.872885,0.872575,0.87279,8105
2026-05-18 03:00:00,0.8728,0.87299,0.87276,0.872955,7222
2026-05-18 04:00:00,0.87296,0.87298,0.8727,0.872725,5593
2026-05-18 05:00:00,0.87272,0.87277,0.872145,0.87239,7516
2026-05-18 06:00:00,0.872395,0.87242,0.871055,0.871215,11209
2026-05-18 07:00:00,0.87121,0.871815,0.87099,0.871145,11684
2026-05-18 08:00:00,0.87114,0.87128,0.86997,0.870255,11110
2026-05-18 09:00:00,0.87025,0.87098,0.87025,0.870725,8563
2026-05-18 10:00:00,0.87072,0.871125,0.870525,0.871095,9581
2026-05-18 11:00:00,0.87109,0.871095,0.870295,0.870335,15859
2026-05-18 12:00:00,0.87033,0.870405,0.869675,0.86982,15388
2026-05-18 13:00:00,0.869815,0.87029,0.869615,0.870065,16028
2026-05-18 14:00:00,0.87007,0.87013,0.86909,0.869195,17566
2026-05-18 15:00:00,0.86919,0.869475,0.86778,0.868105,17954
2026-05-18 16:00:00,0.86812,0.86816,0.86655,0.867615,15545
2026-05-18 17:00:00,0.86762,0.867835,0.86731,0.867825,9643
2026-05-18 18:00:00,0.86783,0.86805,0.867675,0.867715,10791
2026-05-18 19:00:00,0.86772,0.867865,0.86744,0.86754,12938
2026-05-18 20:00:00,0.86755,0.867755,0.86744,0.867735,6773
2026-05-18 21:00:00,0.86761,0.868305,0.86748,0.86811,1821
2026-05-18 22:00:00,0.868085,0.868135,0.86773,0.86777,1914
2026-05-18 23:00:00,0.86777,0.867785,0.8676,0.867715,2371
2026-05-19 00:00:00,0.86772,0.86776,0.86746,0.86774,8754
2026-05-19 01:00:00,0.867745,0.868135,0.86769,0.868035,8880
2026-05-19 02:00:00,0.86804,0.868265,0.86782,0.867855,7675
2026-05-19 03:00:00,0.86785,0.86795,0.86779,0.86788,6476
2026-05-19 04:00:00,0.867885,0.868,0.86779,0.867995,6396
2026-05-19 05:00:00,0.868,0.86821,0.86765,0.867685,7812
2026-05-19 06:00:00,0.86769,0.8686,0.86766,0.86842,10480
2026-05-19 07:00:00,0.868425,0.86871,0.867925,0.868125,11486
2026-05-19 08:00:00,0.86813,0.86834,0.8678,0.867885,10288
2026-05-19 09:00:00,0.86788,0.86791,0.86664,0.866645,10688
2026-05-19 10:00:00,0.86664,0.86714,0.866525,0.86686,11550
2026-05-19 11:00:00,0.866855,0.866965,0.86648,0.8667,9788
2026-05-19 12:00:00,0.866695,0.866765,0.866115,0.866455,12525
2026-05-19 13:00:00,0.866445,0.867005,0.86642,0.86656,19295
2026-05-19 14:00:00,0.866555,0.866885,0.86581,0.865815,20994
2026-05-19 15:00:00,0.86582,0.866015,0.86561,0.865895,15682
2026-05-19 16:00:00,0.8659,0.866435,0.8658,0.86625,12508
2026-05-19 17:00:00,0.866245,0.866275,0.86569,0.86591,7631
2026-05-19 18:00:00,0.865915,0.866235,0.865875,0.866085,7429
2026-05-19 19:00:00,0.86608,0.866135,0.865855,0.86612,6810
2026-05-19 20:00:00,0.86613,0.866555,0.865965,0.86638,3748
2026-05-19 21:00:00,0.86637,0.86652,0.865825,0.866225,3932
2026-05-19 22:00:00,0.8662,0.8665,0.8662,0.86649,2190
2026-05-19 23:00:00,0.866485,0.866495,0.866355,0.86645,2552
2026-05-20 00:00:00,0.866455,0.866635,0.866185,0.86647,12879
2026-05-20 01:00:00,0.866475,0.86668,0.866295,0.866325,12322
2026-05-20 02:00:00,0.86632,0.86639,0.8661,0.866125,9742
2026-05-20 03:00:00,0.866125,0.86618,0.865795,0.86587,6408
2026-05-20 04:00:00,0.865865,0.866135,0.86573,0.86607,7235
2026-05-20 05:00:00,0.866065,0.86608,0.865675,0.86588,9243
2026-05-20 06:00:00,0.865885,0.86683,0.86563,0.86629,12854
2026-05-20 07:00:00,0.866295,0.86658,0.86567,0.866075,11626
2026-05-20 08:00:00,0.86608,0.866185,0.86569,0.8661,12269
2026-05-20 09:00:00,0.866095,0.86616,0.865715,0.865905,8852
2026-05-20 10:00:00,0.86591,0.86612,0.865815,0.86596,9629
2026-05-20 11:00:00,0.865955,0.865965,0.865505,0.86575,8831
2026-05-20 12:00:00,0.865745,0.865785,0.865325,0.865475,8418
2026-05-20 13:00:00,0.86548,0.865565,0.86504,0.865455,13006
2026-05-20 14:00:00,0.86546,0.86554,0.86479,0.864905,25560
2026-05-20 15:00:00,0.864915,0.86531,0.86433,0.86445,23492
2026-05-20 16:00:00,0.86446,0.864995,0.864285,0.864875,14363
2026-05-20 17:00:00,0.86487,0.864925,0.86447,0.864755,11982
2026-05-20 18:00:00,0.86476,0.86526,0.864705,0.865235,11626
2026-05-20 19:00:00,0.86523,0.86534,0.86499,0.865325,7955
2026-05-20 20:00:00,0.86532,0.865425,0.86507,0.865205,5970
2026-05-20 21:00:00,0.865205,0.8653,0.86492,0.865115,1948
2026-05-20 22:00:00,0.86513,0.865375,0.86507,0.8653,1681
2026-05-20 23:00:00,0.86529,0.86539,0.865215,0.86534,1718
2026-05-21 00:00:00,0.865345,0.86558,0.865285,0.8654,6871
2026-05-21 01:00:00,0.865395,0.86547,0.8653,0.865395,8176
2026-05-21 02:00:00,0.8654,0.86569,0.865315,0.86534,6799
2026-05-21 03:00:00,0.86534,0.86539,0.86526,0.86535,4732
2026-05-21 04:00:00,0.865355,0.8655,0.86525,0.8653,3314
2026-05-21 05:00:00,0.865295,0.865355,0.865145,0.86517,5240
2026-05-21 06:00:00,0.865165,0.86531,0.86486,0.86497,9224
2026-05-21 07:00:00,0.864965,0.86497,0.8642,0.86433,17871
2026-05-21 08:00:00,0.864325,0.86556,0.86421,0.86515,15042
2026-05-21 09:00:00,0.865145,0.86532,0.86486,0.864995,9429
2026-05-21 10:00:00,0.86499,0.865025,0.864455,0.86464,13238
2026-05-21 11:00:00,0.864635,0.864655,0.863975,0.864195,9957
2026-05-21 12:00:00,0.8642,0.86462,0.864175,0.86459,14389
2026-05-21 13:00:00,0.86458,0.864925,0.86425,0.864865,17826
2026-05-21 14:00:00,0.86487,0.865115,0.8644,0.864415,16665
2026-05-21 15:00:00,0.864425,0.86468,0.864255,0.86447,15173
2026-05-21 16:00:00,0.864465,0.864965,0.864355,0.86479,10014
2026-05-21 17:00:00,0.864795,0.864985,0.864405,0.86473,18175
2026-05-21 18:00:00,0.864725,0.864955,0.86455,0.864835,12572
2026-05-21 19:00:00,0.86484,0.86502,0.8647,0.86494,9387
2026-05-21 20:00:00,0.864945,0.865105,0.86463,0.86486,4229
2026-05-21 21:00:00,0.86486,0.865335,0.86477,0.865065,3806
2026-05-21 22:00:00,0.86504,0.86513,0.864915,0.864915,1296
2026-05-21 23:00:00,0.86492,0.864985,0.86491,0.86497,991
2026-05-22 00:00:00,0.864965,0.86515,0.86491,0.86513,7298
2026-05-22 01:00:00,0.865135,0.86517,0.8648,0.864835,7003
2026-05-22 02:00:00,0.86483,0.864905,0.864805,0.864845,4738
2026-05-22 03:00:00,0.86484,0.86493,0.864825,0.864915,3550
2026-05-22 04:00:00,0.86492,0.86492,0.864795,0.864885,3468
2026-05-22 05:00:00,0.864875,0.86509,0.864815,0.86493,4524
2026-05-22 06:00:00,0.86492,0.86531,0.86481,0.86487,9903
2026-05-22 07:00:00,0.864865,0.864955,0.86457,0.86474,7283
2026-05-22 08:00:00,0.864735,0.864755,0.86428,0.864595,9536
2026-05-22 09:00:00,0.8646,0.864635,0.864135,0.86426,8307
2026-05-22 10:00:00,0.86427,0.86428,0.863835,0.864015,7857
2026-05-22 11:00:00,0.86402,0.864275,0.86388,0.864095,7417
2026-05-22 12:00:00,0.8641,0.864495,0.863665,0.863675,12250
2026-05-22 13:00:00,0.86368,0.863765,0.863,0.86354,16085
2026-05-22 14:00:00,0.863535,0.86401,0.863265,0.863345,16456
2026-05-22 15:00:00,0.86335,0.863665,0.863025,0.86353,13245
2026-05-22 16:00:00,0.863535,0.86378,0.863425,0.863685,9671
2026-05-22 17:00:00,0.86369,0.86379,0.863415,0.86354,9809
2026-05-22 18:00:00,0.863535,0.863695,0.86349,0.86349,7686
2026-05-22 19:00:00,0.863495,0.86373,0.863495,0.86357,6572
2026-05-22 20:00:00,0.863575,0.863965,0.863345,0.863685,4097
2026-05-24 21:00:00,0.863685,0.86513,0.863685,0.864425,1369
2026-05-24 22:00:00,0.864465,0.864495,0.86331,0.86348,4962
2026-05-24 23:00:00,0.863485,0.863625,0.863405,0.86356,3355
2026-05-25 00:00:00,0.86357,0.86367,0.863305,0.863325,7333
2026-05-25 01:00:00,0.86333,0.863455,0.863235,0.86344,7325
2026-05-25 02:00:00,0.863435,0.863595,0.863415,0.86353,4353
2026-05-25 03:00:00,0.863525,0.86365,0.86348,0.86361,4576
2026-05-25 04:00:00,0.863605,0.86362,0.86341,0.86345,3511
2026-05-25 05:00:00,0.863445,0.86348,0.863175,0.86329,5773
2026-05-25 06:00:00,0.863295,0.863495,0.86318,0.86318,7115
2026-05-25 07:00:00,0.863185,0.86347,0.863,0.86302,8872
2026-05-25 08:00:00,0.863015,0.86329,0.862875,0.86292,6164
2026-05-25 09:00:00,0.862915,0.86298,0.862695,0.8628,3658
2026-05-25 10:00:00,0.862795,0.863095,0.862745,0.863,4131
2026-05-25 11:00:00,0.862995,0.86308,0.862545,0.86262,5059
2026-05-25 12:00:00,0.86263,0.862805,0.862465,0.862795,6446
2026-05-25 13:00:00,0.8628,0.862845,0.86226,0.86252,6941
2026-05-25 14:00:00,0.862525,0.86264,0.862245,0.86233,5168
2026-05-25 15:00:00,0.862335,0.86264,0.86221,0.86227,5633
2026-05-25 16:00:00,0.862265,0.862355,0.862005,0.862045,3023
2026-05-25 17:00:00,0.86205,0.862135,0.86201,0.862105,1405
2026-05-25 18:00:00,0.862105,0.86212,0.862,0.86204,1397
2026-05-25 19:00:00,0.862035,0.86205,0.86181,0.861865,1039
2026-05-25 20:00:00,0.86187,0.862185,0.86186,0.862175,1701
2026-05-25 21:00:00,0.862195,0.862495,0.861895,0.862105,1489
2026-05-25 22:00:00,0.862095,0.86218,0.861965,0.86208,1556
2026-05-25 23:00:00,0.86208,0.86229,0.862045,0.86219,2891
2026-05-26 00:00:00,0.862185,0.862565,0.86218,0.86249,7789
2026-05-26 01:00:00,0.86248,0.862675,0.86244,0.86259,6660
2026-05-26 02:00:00,0.862585,0.862675,0.86247,0.86259,4078
2026-05-26 03:00:00,0.862585,0.862675,0.862495,0.86264,3379
2026-05-26 04:00:00,0.862635,0.86274,0.86261,0.862675,2966
2026-05-26 05:00:00,0.86268,0.86295,0.86266,0.86291,4287
2026-05-26 06:00:00,0.862905,0.863395,0.862825,0.86329,7829
2026-05-26 07:00:00,0.863285,0.863875,0.863125,0.863625,10908
2026-05-26 08:00:00,0.86363,0.86383,0.863465,0.863575,8372
2026-05-26 09:00:00,0.86357,0.863695,0.863335,0.86346,7628
2026-05-26 10:00:00,0.863465,0.863675,0.86313,0.86331,8370
2026-05-26 11:00:00,0.863305,0.863895,0.863175,0.8638,8961
2026-05-26 12:00:00,0.863805,0.863905,0.86337,0.86373,10588
2026-05-26 13:00:00,0.863725,0.86379,0.86329,0.8635,15799
2026-05-26 14:00:00,0.863505,0.864325,0.863315,0.864325,14455
2026-05-26 15:00:00,0.86432,0.86487,0.864135,0.8648,14297
2026-05-26 16:00:00,0.864805,0.864935,0.864645,0.864795,8474
2026-05-26 17:00:00,0.86479,0.864875,0.864545,0.864805,6234
2026-05-26 18:00:00,0.86481,0.865015,0.864795,0.864975,5065
2026-05-26 19:00:00,0.86497,0.86504,0.864835,0.864905,4760
2026-05-26 20:00:00,0.8649,0.86505,0.864605,0.864905,3680
2026-05-26 21:00:00,0.864995,0.86504,0.864655,0.86479,2617
2026-05-26 22:00:00,0.864855,0.865035,0.86475,0.8649,1322
2026-05-26 23:00:00,0.8649,0.86492,0.864795,0.864855,1601
2026-05-27 00:00:00,0.86486,0.86504,0.864825,0.86493,5667
2026-05-27 01:00:00,0.864935,0.865175,0.864925,0.86515,5661
2026-05-27 02:00:00,0.865155,0.865185,0.86501,0.865135,5423
2026-05-27 03:00:00,0.865135,0.86517,0.86497,0.86502,3843
2026-05-27 04:00:00,0.865015,0.86527,0.865,0.865255,3475
2026-05-27 05:00:00,0.86526,0.86544,0.865215,0.86542,4257
2026-05-27 06:00:00,0.865425,0.86576,0.86542,0.86568,7992
2026-05-27 07:00:00,0.865675,0.866245,0.86562,0.86592,8068
2026-05-27 08:00:00,0.865915,0.86624,0.86568,0.86602,8366
2026-05-27 09:00:00,0.866015,0.86609,0.86566,0.86607,7318
2026-05-27 10:00:00,0.866075,0.866255,0.865785,0.86594,7205
2026-05-27 11:00:00,0.86595,0.866305,0.865865,0.86624,8617
2026-05-27 12:00:00,0.866235,0.86672,0.866155,0.866355,18189
2026-05-27 13:00:00,0.86636,0.866405,0.865685,0.86574,16396
2026-05-27 14:00:00,0.865745,0.866625,0.86553,0.86636,20525
2026-05-27 15:00:00,0.866365,0.866495,0.866035,0.866035,14761
2026-05-27 16:00:00,0.866045,0.86625,0.865925,0.866095,9592
2026-05-27 17:00:00,0.8661,0.866285,0.865915,0.865995,7976
2026-05-27 18:00:00,0.86599,0.866045,0.86572,0.865945,6790
2026-05-27 19:00:00,0.865945,0.866025,0.86575,0.865855,5187
2026-05-27 20:00:00,0.86586,0.865915,0.8657,0.865865,2689
2026-05-27 21:00:00,0.865955,0.86641,0.865835,0.866005,1679
2026-05-27 22:00:00,0.866025,0.866065,0.865815,0.86582,1603
2026-05-27 23:00:00,0.865825,0.866,0.86581,0.86596,2734
2026-05-28 00:00:00,0.86597,0.866365,0.86595,0.866335,6079
2026-05-28 01:00:00,0.86633,0.866575,0.86632,0.866515,6915
2026-05-28 02:00:00,0.86651,0.866535,0.866355,0.866495,6288
2026-05-28 03:00:00,0.8665,0.86691,0.86639,0.86675,11084
2026-05-28 04:00:00,0.866755,0.866835,0.86649,0.86651,8789
2026-05-28 05:00:00,0.866505,0.866575,0.866015,0.866115,8105
2026-05-28 06:00:00,0.86612,0.866275,0.865745,0.866175,9483
2026-05-28 07:00:00,0.86617,0.86658,0.86604,0.86638,11317
2026-05-28 08:00:00,0.866385,0.866785,0.866325,0.86672,8700
2026-05-28 09:00:00,0.866715,0.867095,0.86645,0.866915,8459
2026-05-28 10:00:00,0.86691,0.867055,0.866645,0.86665,9459
2026-05-28 11:00:00,0.866655,0.866795,0.86626,0.866515,8651
2026-05-28 12:00:00,0.86651,0.86718,0.8665,0.86705,13831
2026-05-28 13:00:00,0.867055,0.867265,0.866785,0.86716,14176
2026-05-28 14:00:00,0.86715,0.8674,0.86631,0.8671,22984
2026-05-28 15:00:00,0.86711,0.867355,0.86693,0.866945,13808
2026-05-28 16:00:00,0.86694,0.867145,0.8668,0.866905,11153
2026-05-28 17:00:00,0.86691,0.866945,0.86664,0.866705,7129
2026-05-28 18:00:00,0.866705,0.866825,0.866605,0.86664,8511
2026-05-28 19:00:00,0.866645,0.866765,0.866635,0.86669,7940
2026-05-28 20:00:00,0.866695,0.8667,0.866475,0.86656,5398
2026-05-28 21:00:00,0.86654,0.866865,0.866305,0.866585,1499
2026-05-28 22:00:00,0.866565,0.866755,0.866545,0.86671,1247
2026-05-28 23:00:00,0.86671,0.86674,0.866615,0.866735,1346
2026-05-29 00:00:00,0.86673,0.866795,0.86663,0.866665,5496
2026-05-29 01:00:00,0.86667,0.86686,0.866395,0.866435,6931
2026-05-29 02:00:00,0.86644,0.866565,0.86635,0.86654,4813
2026-05-29 03:00:00,0.866545,0.86656,0.866315,0.866355,4750
2026-05-29 04:00:00,0.86635,0.866385,0.86605,0.866115,3598
2026-05-29 05:00:00,0.866105,0.86635,0.866075,0.866305,3594
2026-05-29 06:00:00,0.86631,0.866965,0.866245,0.866945,7554
2026-05-29 07:00:00,0.86695,0.86756,0.86693,0.867135,7704
2026-05-29 08:00:00,0.86712,0.86742,0.86682,0.86704,10484
2026-05-29 09:00:00,0.86705,0.8677,0.86696,0.86764,10245
2026-05-29 10:00:00,0.867645,0.86817,0.86753,0.86774,7840
2026-05-29 11:00:00,0.867735,0.867845,0.867285,0.867365,8939
2026-05-29 12:00:00,0.86737,0.867605,0.867045,0.867105,11090
2026-05-29 13:00:00,0.86711,0.867155,0.866365,0.866695,11845
2026-05-29 14:00:00,0.86669,0.86686,0.865675,0.86578,21511
2026-05-29 15:00:00,0.865785,0.866825,0.86551,0.866665,20628
2026-05-29 16:00:00,0.86667,0.86684,0.86626,0.86669,10657
2026-05-29 17:00:00,0.86669,0.866805,0.86651,0.86671,7959
2026-05-29 18:00:00,0.866715,0.866725,0.866515,0.86655,7295
2026-05-29 19:00:00,0.866545,0.866595,0.866055,0.866125,7551
2026-05-29 20:00:00,0.86613,0.866665,0.86608,0.86642,6091
2026-05-31 21:00:00,0.86642,0.866635,0.86591,0.86656,4584
2026-05-31 22:00:00,0.86649,0.86663,0.866345,0.86658,4241
2026-05-31 23:00:00,0.866585,0.866605,0.86588,0.86601,8439
2026-06-01 00:00:00,0.866005,0.866205,0.86589,0.86592,9638
2026-06-01 01:00:00,0.865915,0.86593,0.86553,0.86556,8204
2026-06-01 02:00:00,0.86556,0.86559,0.86539,0.865535,3982
2026-06-01 03:00:00,0.86553,0.86575,0.86544,0.86572,4047
2026-06-01 04:00:00,0.865715,0.86573,0.86552,0.86555,1824
2026-06-01 05:00:00,0.86555,0.86558,0.86543,0.86546,2381
2026-06-01 06:00:00,0.86545,0.865805,0.865145,0.865795,7971
2026-06-01 07:00:00,0.86579,0.86611,0.86556,0.865975,9067
2026-06-01 08:00:00,0.86598,0.866005,0.86521,0.86546,6413
2026-06-01 09:00:00,0.86545,0.865665,0.86511,0.86557,7379
2026-06-01 10:00:00,0.86556,0.865705,0.865085,0.865135,5681
2026-06-01 11:00:00,0.865125,0.86516,0.86479,0.864895,8380
2026-06-01 12:00:00,0.86489,0.865145,0.86484,0.86508,10018
2026-06-01 13:00:00,0.865075,0.865845,0.865075,0.86553,23848
2026-06-01 14:00:00,0.865535,0.865755,0.864525,0.864595,20547
2026-06-01 15:00:00,0.8646,0.864845,0.864165,0.86423,15434
2026-06-01 16:00:00,0.864235,0.86441,0.863875,0.863995,10096
2026-06-01 17:00:00,0.86399,0.864145,0.86375,0.86408,11657
2026-06-01 18:00:00,0.864085,0.86429,0.864035,0.864275,4940
2026-06-01 19:00:00,0.86427,0.864375,0.86417,0.86422,5990
2026-06-01 20:00:00,0.864225,0.86454,0.86421,0.86442,3681
2026-06-01 21:00:00,0.86442,0.8647,0.863855,0.86453,9821
2026-06-01 22:00:00,0.86456,0.86459,0.86437,0.864465,2336
2026-06-01 23:00:00,0.86446,0.864525,0.864435,0.86445,1765
2026-06-02 00:00:00,0.864445,0.86455,0.864235,0.864535,5081
2026-06-02 01:00:00,0.86453,0.86462,0.864365,0.8646,7169
2026-06-02 02:00:00,0.8646,0.86468,0.864475,0.864505,4483
2026-06-02 03:00:00,0.86451,0.86458,0.864455,0.86446,4332
2026-06-02 04:00:00,0.864465,0.86458,0.864315,0.86437,4509
2026-06-02 05:00:00,0.86436,0.86449,0.86422,0.86449,4894
2026-06-02 06:00:00,0.864485,0.864515,0.8641,0.8644,10454
2026-06-02 07:00:00,0.864405,0.86472,0.86427,0.86466,10180
2026-06-02 08:00:00,0.86465,0.865005,0.864565,0.86483,9273
2026-06-02 09:00:00,0.86482,0.86486,0.864335,0.864365,7192
2026-06-02 10:00:00,0.86436,0.864555,0.86412,0.86454,6074
2026-06-02 11:00:00,0.864545,0.86491,0.86445,0.864595,7138
2026-06-02 12:00:00,0.8646,0.864875,0.86457,0.864785,8639
2026-06-02 13:00:00,0.86479,0.864885,0.864135,0.864355,12685
2026-06-02 14:00:00,0.86435,0.864505,0.86405,0.864265,13038
2026-06-02 15:00:00,0.86427,0.864275,0.8635,0.86358,10948
2026-06-02 16:00:00,0.863575,0.86368,0.86323,0.86353,7915
2026-06-02 17:00:00,0.863535,0.863605,0.86337,0.86347,6204
2026-06-02 18:00:00,0.863475,0.86352,0.863205,0.863355,6912
2026-06-02 19:00:00,0.863365,0.863665,0.86333,0.86365,3896
2026-06-02 20:00:00,0.863645,0.86393,0.863595,0.863785,3102
2026-06-02 21:00:00,0.863785,0.863955,0.863435,0.86359,3137
2026-06-02 22:00:00,0.86358,0.863685,0.863535,0.86368,1552
2026-06-02 23:00:00,0.86367,0.863925,0.86361,0.863855,2860
2026-06-03 00:00:00,0.86385,0.863875,0.863535,0.86357,4322
2026-06-03 01:00:00,0.863565,0.863655,0.86346,0.86354,5228
2026-06-03 02:00:00,0.86353,0.863705,0.863405,0.863705,3940
2026-06-03 03:00:00,0.86371,0.86382,0.863615,0.863665,3410
2026-06-03 04:00:00,0.86367,0.86374,0.863615,0.863705,2868
2026-06-03 05:00:00,0.86371,0.863925,0.863585,0.863865,4411
2026-06-03 06:00:00,0.86387,0.864265,0.86362,0.86367,10195
2026-06-03 07:00:00,0.863655,0.863885,0.863265,0.863265,9838
2026-06-03 08:00:00,0.86326,0.86345,0.86322,0.86341,4557
2026-06-03 09:00:00,0.86341,0.863675,0.86333,0.86359,4572
2026-06-03 10:00:00,0.863585,0.86397,0.86331,0.863665,9476
2026-06-03 11:00:00,0.86366,0.86398,0.8635,0.863775,7494
2026-06-03 12:00:00,0.86378,0.86383,0.86343,0.863635,11342
2026-06-03 13:00:00,0.86363,0.864285,0.86355,0.864145,14743
2026-06-03 14:00:00,0.86414,0.864275,0.863715,0.864195,15400
2026-06-03 15:00:00,0.864205,0.864275,0.86363,0.863805,13513
2026-06-03 16:00:00,0.8638,0.864345,0.86376,0.864225,10498
2026-06-03 17:00:00,0.86423,0.864565,0.864045,0.864515,5956
2026-06-03 18:00:00,0.86452,0.8646,0.8644,0.864485,5214
2026-06-03 19:00:00,0.86448,0.864515,0.86424,0.86426,4136
2026-06-03 20:00:00,0.864255,0.86455,0.864195,0.86435,3062
2026-06-03 21:00:00,0.86434,0.86467,0.86423,0.86439,2136
2026-06-03 22:00:00,0.864425,0.86475,0.864375,0.86464,1884
2026-06-03 23:00:00,0.864635,0.86478,0.864575,0.86463,2476
2026-06-04 00:00:00,0.864635,0.86472,0.864385,0.86452,6227
2026-06-04 01:00:00,0.864515,0.86473,0.86447,0.86463,6143
2026-06-04 02:00:00,0.864625,0.864805,0.864615,0.864735,4449
2026-06-04 03:00:00,0.864735,0.864785,0.86458,0.864635,3903
2026-06-04 04:00:00,0.864635,0.86468,0.864385,0.8644,3727
2026-06-04 05:00:00,0.86439,0.864745,0.864355,0.864585,4163
2026-06-04 06:00:00,0.864595,0.864785,0.86446,0.86466,7549
2026-06-04 07:00:00,0.86466,0.864925,0.86444,0.864545,9390
2026-06-04 08:00:00,0.86455,0.86472,0.86423,0.86471,8664
2026-06-04 09:00:00,0.864715,0.865295,0.864655,0.86521,8631
2026-06-04 10:00:00,0.865205,0.865585,0.865135,0.865165,8251
2026-06-04 11:00:00,0.865155,0.865185,0.864825,0.865005,10178
2026-06-04 12:00:00,0.865,0.865095,0.864775,0.864825,9641
2026-06-04 13:00:00,0.86483,0.865325,0.864815,0.865065,10697
2026-06-04 14:00:00,0.86507,0.86564,0.86497,0.86513,10185
2026-06-04 15:00:00,0.86514,0.86549,0.86504,0.86525,9685
2026-06-04 16:00:00,0.865245,0.86549,0.865105,0.86514,7943
2026-06-04 17:00:00,0.865135,0.8655,0.865065,0.86547,5385
2026-06-04 18:00:00,0.865465,0.86551,0.86511,0.865185,4234
2026-06-04 19:00:00,0.86519,0.865235,0.86496,0.865055,3259
2026-06-04 20:00:00,0.86506,0.86512,0.8649,0.864945,2617
2026-06-04 21:00:00,0.864945,0.865285,0.864815,0.86518,6555
2026-06-04 22:00:00,0.86519,0.86521,0.864955,0.865045,1189
2026-06-04 23:00:00,0.865045,0.8652,0.86504,0.865125,1128
2026-06-05 00:00:00,0.86513,0.86533,0.865105,0.865115,5250
2026-06-05 01:00:00,0.86512,0.86539,0.865105,0.86514,7117
2026-06-05 02:00:00,0.865135,0.865205,0.86502,0.86516,4697
2026-06-05 03:00:00,0.865165,0.86521,0.86499,0.865045,3391
2026-06-05 04:00:00,0.86505,0.865085,0.864895,0.86499,4039
2026-06-05 05:00:00,0.86498,0.86522,0.86496,0.86518,3685
2026-06-05 06:00:00,0.865185,0.86525,0.864915,0.86505,7417
2026-06-05 07:00:00,0.865055,0.865355,0.864985,0.86513,7500
2026-06-05 08:00:00,0.865135,0.865505,0.86483,0.86484,7597
2026-06-05 09:00:00,0.86485,0.865005,0.864365,0.86441,7314
2026-06-05 10:00:00,0.864405,0.864485,0.863575,0.863905,6952
2026-06-05 11:00:00,0.8639,0.864385,0.86379,0.86437,6841
2026-06-05 12:00:00,0.864375,0.8646,0.863905,0.86438,19858
2026-06-05 13:00:00,0.86439,0.86472,0.863245,0.863655,24464
2026-06-05 14:00:00,0.863665,0.8638,0.86317,0.863495,18696
2026-06-05 15:00:00,0.863505,0.863535,0.863055,0.863315,17497
2026-06-05 16:00:00,0.86332,0.86385,0.863245,0.863465,13172
2026-06-05 17:00:00,0.863475,0.863845,0.863265,0.863785,10698
2026-06-05 18:00:00,0.86378,0.86408,0.86376,0.864005,10741
2026-06-05 19:00:00,0.864,0.86419,0.863855,0.8641,10536
2026-06-05 20:00:00,0.864105,0.86418,0.863555,0.863605,5608
