2026-07-29 06:13:52,377 | INFO     | [NEWS] Calendar file for today (2026-07-29) not found. Running calendar_news.py...
2026-07-29 06:13:55,528 | INFO     | [NEWS] calendar_news.py executed successfully.
2026-07-29 06:13:55,529 | INFO     | ดาวน์โหลดปฏิทินข่าวประจำวัน (2026-07-29) : สำเร็จเรียบร้อย
2026-07-29 06:13:55,758 | INFO     | [ANOMALY] Initialized with thresholds: {'spike_threshold': 0.3, 'zero_volume_threshold': 0, 'impossible_candle_threshold': 0.001, 'spike_window': 20, 'max_consecutive_zero_volume': 3, 'max_consecutive_anomalies': 10}, dir: E:\BOT_FINALBOT\FINALBOT_Begin\data_evaluate\all_filelogs\anomaly_logs
2026-07-29 06:13:55,759 | INFO     | MarketStateClassifier initialised
2026-07-29 06:13:55,762 | INFO     | กำลังเชื่อมต่อโบรกเกอร์  | IQ Option
2026-07-29 06:13:55,762 | INFO     | [IQOPTION] Initialized with Zero Tolerance compliance
2026-07-29 06:13:55,830 | INFO     | Using stable_api.IQ_Option class
2026-07-29 06:13:55,830 | INFO     | [CONN] Connecting to IQ Option (DEMO) as venuz20152565@gmail.com...
2026-07-29 06:13:55,831 | INFO     | [CONN] API created, attempting to connect...
2026-07-29 06:13:58,362 | INFO     | [CONN] IQ Option connected (REAL MONEY)
2026-07-29 06:13:58,362 | INFO     | เชื่อมต่อ IQ Option สำเร็จ
2026-07-29 06:13:58,362 | INFO     | [CSVManager] Initialized with base_dir: data_base/csv/iq_option
2026-07-29 06:13:58,362 | INFO     | [CSVWriter] Initialized with encoding: utf-8, decimals: 6
2026-07-29 06:13:58,363 | INFO     | [CSVQueue] Initialized with 1 worker(s)
2026-07-29 06:13:58,363 | INFO     | [DataMonitor] Initialized with log level: WARNING
2026-07-29 06:13:58,363 | INFO     | [DataAdapter] Initialized with Zero Tolerance compliance
2026-07-29 06:13:58,363 | INFO     | [ANOMALY] Initialized with thresholds: {'spike_threshold': 0.3, 'zero_volume_threshold': 0, 'impossible_candle_threshold': 0.001, 'spike_window': 20, 'max_consecutive_zero_volume': 3, 'max_consecutive_anomalies': 10}, dir: E:\BOT_FINALBOT\FINALBOT_Begin\all_filelogs\anomaly_logs
2026-07-29 06:13:58,363 | INFO     | [CandleValidator] Initialized with validation configuration
2026-07-29 06:13:58,363 | INFO     | [DataAdapter] Initialized with configuration
2026-07-29 06:13:58,783 | INFO     | บัญชี DEMO | Balance: $1453.95
2026-07-29 06:13:58,783 | INFO     | [TIME SYNC] Server time offset: -1.8480000495910645 seconds
2026-07-29 06:13:58,783 | INFO     | Time Sync : -1.848s
2026-07-29 06:13:58,783 | INFO     | [TIME SYNC] Started time sync daemon thread (scheduled at :30 of every minute)
2026-07-29 06:13:58,783 | INFO     | ตรวจพบรายการสินทรัพย์ : EURUSD, EURGBP, GBPUSD-OTC, EURGBP-OTC
2026-07-29 06:13:58,783 | INFO     | กำลังเตรียมข้อมูลสินทรัพย์ 4 รายการ : EURUSD, EURGBP, GBPUSD-OTC, EURGBP-OTC
2026-07-29 06:13:59,087 | INFO     | [IQOPTION] REST fetch succeeded for EURUSD: 100 candles
2026-07-29 06:13:59,515 | INFO     | [IQOPTION] REST fetch succeeded for EURUSD: 250 candles
2026-07-29 06:13:59,793 | INFO     | [IQOPTION] REST fetch succeeded for EURUSD: 50 candles
2026-07-29 06:13:59,810 | INFO     | [CSVQueue] Enqueuing write for data_base/csv/iq_option\EURUSD\EURUSD_M1.csv - Queue size: 0
2026-07-29 06:13:59,810 | INFO     | [CSVQueue] Processing write for data_base/csv/iq_option\EURUSD\EURUSD_M1.csv
2026-07-29 06:13:59,810 | INFO     | [CSVWriter] Writing 100 rows to data_base/csv/iq_option\EURUSD\EURUSD_M1.csv
2026-07-29 06:13:59,811 | INFO     | [CSVQueue] Enqueuing write for data_base/csv/iq_option\EURUSD\EURUSD_M5.csv - Queue size: 0
2026-07-29 06:13:59,813 | INFO     | [CSVQueue] Enqueuing write for data_base/csv/iq_option\EURUSD\EURUSD_M15.csv - Queue size: 1
2026-07-29 06:13:59,813 | INFO     | [DataAdapter] EURUSD initialised — M1:100 M5:250 M15:50
2026-07-29 06:14:00,093 | INFO     | [IQOPTION] REST fetch succeeded for EURGBP: 100 candles
2026-07-29 06:14:00,309 | INFO     | [CSVWriter] Successfully wrote 377 rows to data_base/csv/iq_option\EURUSD\EURUSD_M1.csv
2026-07-29 06:14:00,325 | INFO     | [CSVQueue] Successfully processed write for data_base/csv/iq_option\EURUSD\EURUSD_M1.csv
2026-07-29 06:14:00,340 | INFO     | [CSVQueue] Processing write for data_base/csv/iq_option\EURUSD\EURUSD_M5.csv
2026-07-29 06:14:00,397 | INFO     | [CSVWriter] Writing 250 rows to data_base/csv/iq_option\EURUSD\EURUSD_M5.csv
2026-07-29 06:14:00,397 | INFO     | [IQOPTION] REST fetch succeeded for EURGBP: 250 candles
2026-07-29 06:14:00,657 | INFO     | [IQOPTION] REST fetch succeeded for EURGBP: 50 candles
2026-07-29 06:14:00,674 | INFO     | [CSVQueue] Enqueuing write for data_base/csv/iq_option\EURGBP\EURGBP_M1.csv - Queue size: 1
2026-07-29 06:14:00,675 | INFO     | [CSVQueue] Enqueuing write for data_base/csv/iq_option\EURGBP\EURGBP_M5.csv - Queue size: 2
2026-07-29 06:14:00,676 | INFO     | [CSVWriter] Successfully wrote 365 rows to data_base/csv/iq_option\EURUSD\EURUSD_M5.csv
2026-07-29 06:14:00,676 | INFO     | [CSVQueue] Successfully processed write for data_base/csv/iq_option\EURUSD\EURUSD_M5.csv
2026-07-29 06:14:00,676 | INFO     | [CSVQueue] Processing write for data_base/csv/iq_option\EURUSD\EURUSD_M15.csv
2026-07-29 06:14:00,677 | INFO     | [CSVQueue] Enqueuing write for data_base/csv/iq_option\EURGBP\EURGBP_M15.csv - Queue size: 2
2026-07-29 06:14:00,677 | INFO     | [DataAdapter] EURGBP initialised — M1:100 M5:250 M15:50
2026-07-29 06:14:00,677 | INFO     | [CSVWriter] Writing 50 rows to data_base/csv/iq_option\EURUSD\EURUSD_M15.csv
2026-07-29 06:14:00,912 | INFO     | [IQOPTION] REST fetch succeeded for GBPUSD-OTC: 100 candles
2026-07-29 06:14:00,955 | INFO     | [CSVWriter] Successfully wrote 88 rows to data_base/csv/iq_option\EURUSD\EURUSD_M15.csv
2026-07-29 06:14:00,971 | INFO     | [CSVQueue] Successfully processed write for data_base/csv/iq_option\EURUSD\EURUSD_M15.csv
2026-07-29 06:14:00,987 | INFO     | [CSVQueue] Processing write for data_base/csv/iq_option\EURGBP\EURGBP_M1.csv
2026-07-29 06:14:01,050 | INFO     | [CSVWriter] Writing 100 rows to data_base/csv/iq_option\EURGBP\EURGBP_M1.csv
2026-07-29 06:14:01,217 | INFO     | [IQOPTION] REST fetch succeeded for GBPUSD-OTC: 250 candles
2026-07-29 06:14:01,428 | INFO     | [CSVWriter] Successfully wrote 377 rows to data_base/csv/iq_option\EURGBP\EURGBP_M1.csv
2026-07-29 06:14:01,428 | INFO     | [CSVQueue] Successfully processed write for data_base/csv/iq_option\EURGBP\EURGBP_M1.csv
2026-07-29 06:14:01,444 | INFO     | [CSVQueue] Processing write for data_base/csv/iq_option\EURGBP\EURGBP_M5.csv
2026-07-29 06:14:01,478 | INFO     | [CSVWriter] Writing 250 rows to data_base/csv/iq_option\EURGBP\EURGBP_M5.csv
2026-07-29 06:14:01,478 | INFO     | [IQOPTION] REST fetch succeeded for GBPUSD-OTC: 50 candles
2026-07-29 06:14:01,496 | INFO     | [CSVQueue] Enqueuing write for data_base/csv/iq_option\GBPUSD-OTC\GBPUSD-OTC_M1.csv - Queue size: 1
2026-07-29 06:14:01,497 | INFO     | [CSVQueue] Enqueuing write for data_base/csv/iq_option\GBPUSD-OTC\GBPUSD-OTC_M5.csv - Queue size: 2
2026-07-29 06:14:01,500 | INFO     | [CSVQueue] Enqueuing write for data_base/csv/iq_option\GBPUSD-OTC\GBPUSD-OTC_M15.csv - Queue size: 3
2026-07-29 06:14:01,501 | INFO     | [DataAdapter] GBPUSD-OTC initialised — M1:100 M5:250 M15:50
2026-07-29 06:14:01,601 | INFO     | [CSVWriter] Successfully wrote 365 rows to data_base/csv/iq_option\EURGBP\EURGBP_M5.csv
2026-07-29 06:14:01,616 | INFO     | [CSVQueue] Successfully processed write for data_base/csv/iq_option\EURGBP\EURGBP_M5.csv
2026-07-29 06:14:01,632 | INFO     | [CSVQueue] Processing write for data_base/csv/iq_option\EURGBP\EURGBP_M15.csv
2026-07-29 06:14:01,696 | INFO     | [CSVWriter] Writing 50 rows to data_base/csv/iq_option\EURGBP\EURGBP_M15.csv
2026-07-29 06:14:01,763 | INFO     | [IQOPTION] REST fetch succeeded for EURGBP-OTC: 100 candles
2026-07-29 06:14:01,967 | INFO     | [CSVWriter] Successfully wrote 88 rows to data_base/csv/iq_option\EURGBP\EURGBP_M15.csv
2026-07-29 06:14:01,985 | INFO     | [CSVQueue] Successfully processed write for data_base/csv/iq_option\EURGBP\EURGBP_M15.csv
2026-07-29 06:14:02,058 | INFO     | [CSVQueue] Processing write for data_base/csv/iq_option\GBPUSD-OTC\GBPUSD-OTC_M1.csv
2026-07-29 06:14:02,104 | INFO     | [CSVWriter] Writing 100 rows to data_base/csv/iq_option\GBPUSD-OTC\GBPUSD-OTC_M1.csv
2026-07-29 06:14:02,108 | INFO     | [IQOPTION] REST fetch succeeded for EURGBP-OTC: 250 candles
2026-07-29 06:14:02,342 | INFO     | [IQOPTION] REST fetch succeeded for EURGBP-OTC: 50 candles
2026-07-29 06:14:02,370 | INFO     | [CSVQueue] Enqueuing write for data_base/csv/iq_option\EURGBP-OTC\EURGBP-OTC_M1.csv - Queue size: 2
2026-07-29 06:14:02,371 | INFO     | [CSVWriter] Successfully wrote 377 rows to data_base/csv/iq_option\GBPUSD-OTC\GBPUSD-OTC_M1.csv
2026-07-29 06:14:02,371 | INFO     | [CSVQueue] Successfully processed write for data_base/csv/iq_option\GBPUSD-OTC\GBPUSD-OTC_M1.csv
2026-07-29 06:14:02,371 | INFO     | [CSVQueue] Processing write for data_base/csv/iq_option\GBPUSD-OTC\GBPUSD-OTC_M5.csv
2026-07-29 06:14:02,372 | INFO     | [CSVQueue] Enqueuing write for data_base/csv/iq_option\EURGBP-OTC\EURGBP-OTC_M5.csv - Queue size: 2
2026-07-29 06:14:02,372 | INFO     | [CSVWriter] Writing 250 rows to data_base/csv/iq_option\GBPUSD-OTC\GBPUSD-OTC_M5.csv
2026-07-29 06:14:02,376 | INFO     | [CSVQueue] Enqueuing write for data_base/csv/iq_option\EURGBP-OTC\EURGBP-OTC_M15.csv - Queue size: 3
2026-07-29 06:14:02,376 | INFO     | [DataAdapter] EURGBP-OTC initialised — M1:100 M5:250 M15:50
2026-07-29 06:14:02,377 | INFO     | ข้อมูลพร้อมเทรด 4 รายการ  ไม่พร้อมเทรด 0 รายการ
2026-07-29 06:14:02,584 | INFO     | [CSVWriter] Successfully wrote 365 rows to data_base/csv/iq_option\GBPUSD-OTC\GBPUSD-OTC_M5.csv
2026-07-29 06:14:02,584 | INFO     | [CSVQueue] Successfully processed write for data_base/csv/iq_option\GBPUSD-OTC\GBPUSD-OTC_M5.csv
2026-07-29 06:14:02,599 | INFO     | [CSVQueue] Processing write for data_base/csv/iq_option\GBPUSD-OTC\GBPUSD-OTC_M15.csv
2026-07-29 06:14:02,627 | INFO     | [CSVWriter] Writing 50 rows to data_base/csv/iq_option\GBPUSD-OTC\GBPUSD-OTC_M15.csv
2026-07-29 06:14:02,638 | INFO     | [CSVWriter] Successfully wrote 88 rows to data_base/csv/iq_option\GBPUSD-OTC\GBPUSD-OTC_M15.csv
2026-07-29 06:14:02,639 | INFO     | [CSVQueue] Successfully processed write for data_base/csv/iq_option\GBPUSD-OTC\GBPUSD-OTC_M15.csv
2026-07-29 06:14:02,639 | INFO     | [CSVQueue] Processing write for data_base/csv/iq_option\EURGBP-OTC\EURGBP-OTC_M1.csv
2026-07-29 06:14:02,639 | INFO     | [CSVWriter] Writing 100 rows to data_base/csv/iq_option\EURGBP-OTC\EURGBP-OTC_M1.csv
2026-07-29 06:14:02,653 | INFO     | [CSVWriter] Successfully wrote 377 rows to data_base/csv/iq_option\EURGBP-OTC\EURGBP-OTC_M1.csv
2026-07-29 06:14:02,653 | INFO     | [CSVQueue] Successfully processed write for data_base/csv/iq_option\EURGBP-OTC\EURGBP-OTC_M1.csv
2026-07-29 06:14:02,654 | INFO     | [CSVQueue] Processing write for data_base/csv/iq_option\EURGBP-OTC\EURGBP-OTC_M5.csv
2026-07-29 06:14:02,654 | INFO     | [CSVWriter] Writing 250 rows to data_base/csv/iq_option\EURGBP-OTC\EURGBP-OTC_M5.csv
2026-07-29 06:14:02,671 | INFO     | [CSVWriter] Successfully wrote 365 rows to data_base/csv/iq_option\EURGBP-OTC\EURGBP-OTC_M5.csv
2026-07-29 06:14:02,671 | INFO     | [CSVQueue] Successfully processed write for data_base/csv/iq_option\EURGBP-OTC\EURGBP-OTC_M5.csv
2026-07-29 06:14:02,671 | INFO     | [CSVQueue] Processing write for data_base/csv/iq_option\EURGBP-OTC\EURGBP-OTC_M15.csv
2026-07-29 06:14:02,672 | INFO     | [CSVWriter] Writing 50 rows to data_base/csv/iq_option\EURGBP-OTC\EURGBP-OTC_M15.csv
2026-07-29 06:14:02,682 | INFO     | [CSVWriter] Successfully wrote 88 rows to data_base/csv/iq_option\EURGBP-OTC\EURGBP-OTC_M15.csv
2026-07-29 06:14:02,682 | INFO     | [CSVQueue] Successfully processed write for data_base/csv/iq_option\EURGBP-OTC\EURGBP-OTC_M15.csv
2026-07-29 06:14:02,682 | INFO     | [CSVQueue] Queue size: 0
2026-07-29 06:14:03,628 | INFO     | [WS] Subscribed live candles stream for EURUSD (M1, count=100)
2026-07-29 06:14:04,962 | INFO     | [WS] Subscribed live candles stream for EURUSD (M5, count=250)
2026-07-29 06:14:07,222 | INFO     | [WS] Subscribed live candles stream for EURGBP (M1, count=100)
2026-07-29 06:14:08,544 | INFO     | [WS] Subscribed live candles stream for EURGBP (M5, count=250)
2026-07-29 06:14:09,792 | INFO     | [WS] Subscribed live candles stream for GBPUSD-OTC (M1, count=100)
2026-07-29 06:14:12,089 | INFO     | [WS] Subscribed live candles stream for GBPUSD-OTC (M5, count=250)
2026-07-29 06:14:13,427 | INFO     | [WS] Subscribed live candles stream for EURGBP-OTC (M1, count=100)
2026-07-29 06:14:14,732 | INFO     | [WS] Subscribed live candles stream for EURGBP-OTC (M5, count=250)
2026-07-29 06:14:14,732 | INFO     | เข้าสู่การวิเคราะห์สัญญาณในอีก 47 วินาที  (เริ่ม 06:15:01)
2026-07-29 06:14:30,784 | INFO     | [TIME SYNC] Server time offset: -1.4749999046325684 seconds
2026-07-29 06:14:30,784 | INFO     | Time Sync : -1.475s
2026-07-29 06:15:02,007 | INFO     | [DataAdapter] Starting update for EURUSD
2026-07-29 06:15:02,007 | INFO     | [DataAdapter] Refreshing M1 data for EURUSD
2026-07-29 06:15:02,007 | INFO     | [DataAdapter] Starting update for EURGBP
2026-07-29 06:15:02,008 | INFO     | [DataAdapter] Refreshing M1 data for EURGBP
2026-07-29 06:15:02,008 | INFO     | [DataAdapter] Starting update for GBPUSD-OTC
2026-07-29 06:15:02,008 | INFO     | [DataAdapter] Refreshing M1 data for GBPUSD-OTC
2026-07-29 06:15:02,008 | INFO     | [DataAdapter] Starting update for EURGBP-OTC
2026-07-29 06:15:02,008 | INFO     | [DataAdapter] Refreshing M1 data for EURGBP-OTC
2026-07-29 06:15:02,317 | INFO     | [IQOPTION] REST fetch succeeded for EURUSD: 3 candles
2026-07-29 06:15:02,383 | WARNING  | [ANOMALY] Price spike detected: EURUSD 2026-07-28 21:41:00 change: 0.0000
2026-07-29 06:15:02,395 | WARNING  | [ANOMALY] Price spike detected: EURUSD 2026-07-28 21:42:00 change: -0.0000
2026-07-29 06:15:02,411 | WARNING  | [ANOMALY] Price spike detected: EURUSD 2026-07-28 21:43:00 change: -0.0000
2026-07-29 06:15:02,427 | WARNING  | [ANOMALY] Price spike detected: EURUSD 2026-07-28 21:44:00 change: 0.0001
2026-07-29 06:15:02,443 | WARNING  | [ANOMALY] Price spike detected: EURUSD 2026-07-28 21:45:00 change: -0.0002
2026-07-29 06:15:02,459 | WARNING  | [ANOMALY] Price spike detected: EURUSD 2026-07-28 21:46:00 change: 0.0001
2026-07-29 06:15:02,474 | WARNING  | [ANOMALY] Price spike detected: EURUSD 2026-07-28 21:47:00 change: -0.0001
2026-07-29 06:15:02,490 | WARNING  | [ANOMALY] Price spike detected: EURUSD 2026-07-28 21:48:00 change: 0.0001
2026-07-29 06:15:02,521 | WARNING  | [ANOMALY] Price spike detected: EURUSD 2026-07-28 21:50:00 change: -0.0001
2026-07-29 06:15:02,537 | WARNING  | [ANOMALY] Price spike detected: EURUSD 2026-07-28 21:52:00 change: 0.0000
2026-07-29 06:15:02,552 | WARNING  | [ANOMALY] Price spike detected: EURUSD 2026-07-28 21:54:00 change: -0.0000
2026-07-29 06:15:02,568 | WARNING  | [ANOMALY] Price spike detected: EURUSD 2026-07-28 21:57:00 change: -0.0001
2026-07-29 06:15:02,584 | WARNING  | [ANOMALY] Price spike detected: EURUSD 2026-07-28 22:00:00 change: -0.0001
2026-07-29 06:15:02,599 | WARNING  | [ANOMALY] Price spike detected: EURUSD 2026-07-28 22:01:00 change: 0.0000
2026-07-29 06:15:02,600 | WARNING  | [ANOMALY] Price spike detected: EURUSD 2026-07-28 22:05:00 change: 0.0000
2026-07-29 06:15:02,600 | WARNING  | [ANOMALY] Price spike detected: EURUSD 2026-07-28 22:06:00 change: -0.0001
2026-07-29 06:15:02,615 | WARNING  | [ANOMALY] Price spike detected: EURUSD 2026-07-28 22:09:00 change: 0.0000
2026-07-29 06:15:02,631 | WARNING  | [ANOMALY] Price spike detected: EURUSD 2026-07-28 22:12:00 change: 0.0000
2026-07-29 06:15:02,632 | WARNING  | [ANOMALY] Price spike detected: EURUSD 2026-07-28 22:13:00 change: -0.0002
2026-07-29 06:15:02,646 | WARNING  | [ANOMALY] Price spike detected: EURUSD 2026-07-28 22:14:00 change: -0.0001
2026-07-29 06:15:02,662 | WARNING  | [ANOMALY] Price spike detected: EURUSD 2026-07-28 22:15:00 change: 0.0001
2026-07-29 06:15:02,678 | WARNING  | [ANOMALY] Price spike detected: EURUSD 2026-07-28 22:16:00 change: -0.0001
2026-07-29 06:15:02,678 | WARNING  | [ANOMALY] Price spike detected: EURUSD 2026-07-28 22:18:00 change: -0.0000
2026-07-29 06:15:02,678 | INFO     | [IQOPTION] REST fetch succeeded for EURGBP: 3 candles
2026-07-29 06:15:02,679 | WARNING  | [ANOMALY] Price spike detected: EURUSD 2026-07-28 22:19:00 change: -0.0000
2026-07-29 06:15:02,729 | WARNING  | [ANOMALY] Price spike detected: EURGBP 2026-07-28 21:40:00 change: 0.0000
2026-07-29 06:15:02,756 | WARNING  | [ANOMALY] Price spike detected: EURUSD 2026-07-28 22:20:00 change: -0.0001
2026-07-29 06:15:02,802 | WARNING  | [ANOMALY] Price spike detected: EURGBP 2026-07-28 21:41:00 change: 0.0000
2026-07-29 06:15:02,849 | WARNING  | [ANOMALY] Price spike detected: EURUSD 2026-07-28 22:22:00 change: -0.0001
2026-07-29 06:15:02,911 | WARNING  | [ANOMALY] Price spike detected: EURGBP 2026-07-28 21:42:00 change: -0.0000
2026-07-29 06:15:02,943 | WARNING  | [ANOMALY] Price spike detected: EURUSD 2026-07-28 22:23:00 change: -0.0000
2026-07-29 06:15:02,943 | WARNING  | [ANOMALY] Price spike detected: EURGBP 2026-07-28 21:44:00 change: 0.0000
2026-07-29 06:15:02,944 | INFO     | [IQOPTION] REST fetch succeeded for GBPUSD-OTC: 3 candles
2026-07-29 06:15:02,959 | WARNING  | [ANOMALY] Price spike detected: EURUSD 2026-07-28 22:26:00 change: 0.0001
2026-07-29 06:15:03,006 | WARNING  | [ANOMALY] Price spike detected: EURGBP 2026-07-28 21:45:00 change: -0.0001
2026-07-29 06:15:03,084 | WARNING  | [ANOMALY] Price spike detected: EURUSD 2026-07-28 22:27:00 change: -0.0000
2026-07-29 06:15:03,115 | WARNING  | [ANOMALY] Price spike detected: EURGBP 2026-07-28 21:46:00 change: 0.0001
2026-07-29 06:15:03,167 | WARNING  | [ANOMALY] Price spike detected: GBPUSD-OTC 2026-07-28 21:40:00 change: -0.0002
2026-07-29 06:15:03,167 | WARNING  | [ANOMALY] Price spike detected: EURUSD 2026-07-28 22:28:00 change: -0.0000
2026-07-29 06:15:03,167 | INFO     | [IQOPTION] REST fetch succeeded for EURGBP-OTC: 3 candles
2026-07-29 06:15:03,167 | WARNING  | [ANOMALY] Price spike detected: EURGBP 2026-07-28 21:47:00 change: -0.0001
2026-07-29 06:15:03,168 | WARNING  | [ANOMALY] Price spike detected: GBPUSD-OTC 2026-07-28 21:41:00 change: 0.0008
2026-07-29 06:15:03,168 | WARNING  | [ANOMALY] Price spike detected: EURUSD 2026-07-28 22:30:00 change: 0.0001
2026-07-29 06:15:03,172 | WARNING  | [ANOMALY] Price spike detected: EURGBP 2026-07-28 21:48:00 change: 0.0001
2026-07-29 06:15:03,176 | WARNING  | [ANOMALY] Price spike detected: EURGBP-OTC 2026-07-28 21:40:00 change: 0.0001
2026-07-29 06:15:03,176 | WARNING  | [ANOMALY] Price spike detected: GBPUSD-OTC 2026-07-28 21:42:00 change: 0.0001
2026-07-29 06:15:03,178 | WARNING  | [ANOMALY] Price spike detected: EURUSD 2026-07-28 22:31:00 change: 0.0000
2026-07-29 06:15:03,178 | WARNING  | [ANOMALY] Price spike detected: EURGBP 2026-07-28 21:50:00 change: -0.0001
2026-07-29 06:15:03,178 | WARNING  | [ANOMALY] Price spike detected: EURGBP-OTC 2026-07-28 21:41:00 change: -0.0002
2026-07-29 06:15:03,178 | WARNING  | [ANOMALY] Price spike detected: GBPUSD-OTC 2026-07-28 21:43:00 change: -0.0001
2026-07-29 06:15:03,179 | WARNING  | [ANOMALY] Price spike detected: EURUSD 2026-07-28 22:32:00 change: -0.0000
2026-07-29 06:15:03,179 | WARNING  | [ANOMALY] Price spike detected: EURGBP 2026-07-28 21:52:00 change: 0.0000
2026-07-29 06:15:03,179 | WARNING  | [ANOMALY] Price spike detected: EURGBP-OTC 2026-07-28 21:43:00 change: 0.0002
2026-07-29 06:15:03,179 | WARNING  | [ANOMALY] Price spike detected: GBPUSD-OTC 2026-07-28 21:46:00 change: -0.0003
2026-07-29 06:15:03,179 | WARNING  | [ANOMALY] Price spike detected: EURUSD 2026-07-28 22:34:00 change: 0.0000
2026-07-29 06:15:03,180 | WARNING  | [ANOMALY] Price spike detected: EURGBP 2026-07-28 21:56:00 change: -0.0000
2026-07-29 06:15:03,180 | WARNING  | [ANOMALY] Price spike detected: EURGBP-OTC 2026-07-28 21:44:00 change: -0.0002
2026-07-29 06:15:03,180 | WARNING  | [ANOMALY] Price spike detected: GBPUSD-OTC 2026-07-28 21:47:00 change: 0.0003
2026-07-29 06:15:03,180 | WARNING  | [ANOMALY] Price spike detected: EURUSD 2026-07-28 22:35:00 change: -0.0001
2026-07-29 06:15:03,180 | WARNING  | [ANOMALY] Price spike detected: EURGBP 2026-07-28 21:57:00 change: 0.0000
2026-07-29 06:15:03,180 | WARNING  | [ANOMALY] Price spike detected: EURGBP-OTC 2026-07-28 21:45:00 change: -0.0004
2026-07-29 06:15:03,181 | WARNING  | [ANOMALY] Price spike detected: GBPUSD-OTC 2026-07-28 21:48:00 change: -0.0001
2026-07-29 06:15:03,181 | WARNING  | [ANOMALY] Price spike detected: EURUSD 2026-07-28 22:37:00 change: -0.0000
2026-07-29 06:15:03,181 | WARNING  | [ANOMALY] Price spike detected: EURGBP 2026-07-28 21:58:00 change: -0.0000
2026-07-29 06:15:03,181 | WARNING  | [ANOMALY] Price spike detected: EURGBP-OTC 2026-07-28 21:46:00 change: 0.0004
2026-07-29 06:15:03,182 | WARNING  | [ANOMALY] Price spike detected: GBPUSD-OTC 2026-07-28 21:49:00 change: 0.0001
2026-07-29 06:15:03,182 | WARNING  | [ANOMALY] Price spike detected: EURUSD 2026-07-28 22:38:00 change: -0.0000
2026-07-29 06:15:03,182 | WARNING  | [ANOMALY] Price spike detected: EURGBP 2026-07-28 22:00:00 change: 0.0000
2026-07-29 06:15:03,182 | WARNING  | [ANOMALY] Price spike detected: EURGBP-OTC 2026-07-28 21:48:00 change: -0.0003
2026-07-29 06:15:03,182 | WARNING  | [ANOMALY] Price spike detected: GBPUSD-OTC 2026-07-28 21:50:00 change: 0.0001
2026-07-29 06:15:03,183 | WARNING  | [ANOMALY] Price spike detected: EURUSD 2026-07-28 22:40:00 change: 0.0000
2026-07-29 06:15:03,183 | WARNING  | [ANOMALY] Price spike detected: EURGBP 2026-07-28 22:01:00 change: 0.0000
2026-07-29 06:15:03,183 | WARNING  | [ANOMALY] Price spike detected: EURGBP-OTC 2026-07-28 21:49:00 change: 0.0003
2026-07-29 06:15:03,183 | WARNING  | [ANOMALY] Price spike detected: GBPUSD-OTC 2026-07-28 21:51:00 change: 0.0003
2026-07-29 06:15:03,183 | WARNING  | [ANOMALY] Price spike detected: EURUSD 2026-07-28 22:41:00 change: -0.0000
2026-07-29 06:15:03,184 | WARNING  | [ANOMALY] Price spike detected: EURGBP 2026-07-28 22:02:00 change: -0.0000
2026-07-29 06:15:03,184 | WARNING  | [ANOMALY] Price spike detected: EURGBP-OTC 2026-07-28 21:51:00 change: 0.0001
2026-07-29 06:15:03,184 | WARNING  | [ANOMALY] Price spike detected: GBPUSD-OTC 2026-07-28 21:53:00 change: -0.0003
2026-07-29 06:15:03,184 | WARNING  | [ANOMALY] Price spike detected: EURUSD 2026-07-28 22:42:00 change: 0.0001
2026-07-29 06:15:03,184 | WARNING  | [ANOMALY] Price spike detected: EURGBP 2026-07-28 22:05:00 change: -0.0000
2026-07-29 06:15:03,184 | WARNING  | [ANOMALY] Price spike detected: EURGBP-OTC 2026-07-28 21:52:00 change: -0.0002
2026-07-29 06:15:03,185 | WARNING  | [ANOMALY] Price spike detected: GBPUSD-OTC 2026-07-28 21:54:00 change: 0.0002
2026-07-29 06:15:03,185 | WARNING  | [ANOMALY] Price spike detected: EURUSD 2026-07-28 22:45:00 change: -0.0000
2026-07-29 06:15:03,185 | WARNING  | [ANOMALY] Price spike detected: EURGBP 2026-07-28 22:06:00 change: -0.0000
2026-07-29 06:15:03,185 | WARNING  | [ANOMALY] Price spike detected: EURGBP-OTC 2026-07-28 21:55:00 change: -0.0002
2026-07-29 06:15:03,186 | WARNING  | [ANOMALY] Price spike detected: GBPUSD-OTC 2026-07-28 21:55:00 change: 0.0006
2026-07-29 06:15:03,186 | WARNING  | [ANOMALY] Price spike detected: EURUSD 2026-07-28 22:46:00 change: -0.0000
2026-07-29 06:15:03,186 | WARNING  | [ANOMALY] Price spike detected: EURGBP 2026-07-28 22:07:00 change: -0.0000
2026-07-29 06:15:03,186 | WARNING  | [ANOMALY] Price spike detected: EURGBP-OTC 2026-07-28 21:56:00 change: 0.0001
2026-07-29 06:15:03,187 | WARNING  | [ANOMALY] Price spike detected: GBPUSD-OTC 2026-07-28 21:57:00 change: 0.0001
2026-07-29 06:15:03,187 | WARNING  | [ANOMALY] Price spike detected: EURUSD 2026-07-28 22:47:00 change: 0.0000
2026-07-29 06:15:03,187 | WARNING  | [ANOMALY] Price spike detected: EURGBP 2026-07-28 22:09:00 change: 0.0000
2026-07-29 06:15:03,187 | WARNING  | [ANOMALY] Price spike detected: EURGBP-OTC 2026-07-28 21:57:00 change: 0.0003
2026-07-29 06:15:03,187 | WARNING  | [ANOMALY] Price spike detected: GBPUSD-OTC 2026-07-28 21:58:00 change: 0.0002
2026-07-29 06:15:03,188 | WARNING  | [ANOMALY] Price spike detected: EURUSD 2026-07-28 22:49:00 change: -0.0000
2026-07-29 06:15:03,188 | WARNING  | [ANOMALY] Price spike detected: EURGBP 2026-07-28 22:10:00 change: -0.0000
2026-07-29 06:15:03,188 | WARNING  | [ANOMALY] Price spike detected: EURGBP-OTC 2026-07-28 21:58:00 change: -0.0005
2026-07-29 06:15:03,188 | WARNING  | [ANOMALY] Price spike detected: GBPUSD-OTC 2026-07-28 21:59:00 change: -0.0002
2026-07-29 06:15:03,189 | WARNING  | [ANOMALY] Price spike detected: EURUSD 2026-07-28 22:50:00 change: -0.0000
2026-07-29 06:15:03,189 | WARNING  | [ANOMALY] Price spike detected: EURGBP 2026-07-28 22:11:00 change: 0.0000
2026-07-29 06:15:03,189 | WARNING  | [ANOMALY] Price spike detected: EURGBP-OTC 2026-07-28 21:59:00 change: 0.0001
2026-07-29 06:15:03,189 | WARNING  | [ANOMALY] Price spike detected: GBPUSD-OTC 2026-07-28 22:01:00 change: -0.0004
2026-07-29 06:15:03,189 | WARNING  | [ANOMALY] Price spike detected: EURUSD 2026-07-28 22:51:00 change: 0.0000
2026-07-29 06:15:03,189 | WARNING  | [ANOMALY] Price spike detected: EURGBP 2026-07-28 22:12:00 change: 0.0000
2026-07-29 06:15:03,190 | WARNING  | [ANOMALY] Price spike detected: EURGBP-OTC 2026-07-28 22:03:00 change: 0.0005
2026-07-29 06:15:03,190 | WARNING  | [ANOMALY] Price spike detected: GBPUSD-OTC 2026-07-28 22:02:00 change: 0.0004
2026-07-29 06:15:03,190 | WARNING  | [ANOMALY] Price spike detected: EURUSD 2026-07-28 22:52:00 change: 0.0000
2026-07-29 06:15:03,190 | WARNING  | [ANOMALY] Price spike detected: EURGBP 2026-07-28 22:14:00 change: -0.0000
2026-07-29 06:15:03,190 | WARNING  | [ANOMALY] Price spike detected: EURGBP-OTC 2026-07-28 22:05:00 change: 0.0002
2026-07-29 06:15:03,191 | WARNING  | [ANOMALY] Price spike detected: GBPUSD-OTC 2026-07-28 22:03:00 change: 0.0004
2026-07-29 06:15:03,191 | WARNING  | [ANOMALY] Price spike detected: EURUSD 2026-07-28 22:57:00 change: 0.0000
2026-07-29 06:15:03,191 | WARNING  | [ANOMALY] Price spike detected: EURGBP 2026-07-28 22:16:00 change: -0.0000
2026-07-29 06:15:03,191 | WARNING  | [ANOMALY] Price spike detected: EURGBP-OTC 2026-07-28 22:07:00 change: 0.0003
2026-07-29 06:15:03,191 | WARNING  | [ANOMALY] Price spike detected: GBPUSD-OTC 2026-07-28 22:04:00 change: 0.0004
2026-07-29 06:15:03,191 | WARNING  | [ANOMALY] Price spike detected: EURUSD 2026-07-28 22:59:00 change: -0.0000
2026-07-29 06:15:03,192 | WARNING  | [ANOMALY] Price spike detected: EURGBP 2026-07-28 22:22:00 change: 0.0000
2026-07-29 06:15:03,192 | WARNING  | [ANOMALY] Price spike detected: EURGBP-OTC 2026-07-28 22:08:00 change: 0.0002
2026-07-29 06:15:03,192 | WARNING  | [ANOMALY] Price spike detected: GBPUSD-OTC 2026-07-28 22:06:00 change: -0.0002
2026-07-29 06:15:03,192 | WARNING  | [ANOMALY] Price spike detected: EURUSD 2026-07-28 23:00:00 change: -0.0001
2026-07-29 06:15:03,192 | WARNING  | [ANOMALY] Price spike detected: EURGBP 2026-07-28 22:23:00 change: 0.0000
2026-07-29 06:15:03,192 | WARNING  | [ANOMALY] Price spike detected: EURGBP-OTC 2026-07-28 22:09:00 change: 0.0002
2026-07-29 06:15:03,193 | WARNING  | [ANOMALY] Price spike detected: GBPUSD-OTC 2026-07-28 22:07:00 change: 0.0003
2026-07-29 06:15:03,193 | WARNING  | [ANOMALY] Price spike detected: EURUSD 2026-07-28 23:01:00 change: -0.0001
2026-07-29 06:15:03,193 | WARNING  | [ANOMALY] Price spike detected: EURGBP 2026-07-28 22:26:00 change: 0.0000
2026-07-29 06:15:03,193 | WARNING  | [ANOMALY] Price spike detected: EURGBP-OTC 2026-07-28 22:11:00 change: 0.0003
2026-07-29 06:15:03,194 | WARNING  | [ANOMALY] Price spike detected: GBPUSD-OTC 2026-07-28 22:08:00 change: -0.0004
2026-07-29 06:15:03,194 | WARNING  | [ANOMALY] Price spike detected: EURUSD 2026-07-28 23:02:00 change: 0.0001
2026-07-29 06:15:03,194 | WARNING  | [ANOMALY] Price spike detected: EURGBP 2026-07-28 22:28:00 change: -0.0000
2026-07-29 06:15:03,194 | WARNING  | [ANOMALY] Price spike detected: EURGBP-OTC 2026-07-28 22:12:00 change: 0.0001
2026-07-29 06:15:03,194 | WARNING  | [ANOMALY] Price spike detected: GBPUSD-OTC 2026-07-28 22:09:00 change: 0.0001
2026-07-29 06:15:03,195 | WARNING  | [ANOMALY] Price spike detected: EURUSD 2026-07-28 23:05:00 change: -0.0001
2026-07-29 06:15:03,195 | WARNING  | [ANOMALY] Price spike detected: EURGBP 2026-07-28 22:30:00 change: 0.0001
2026-07-29 06:15:03,195 | WARNING  | [ANOMALY] Price spike detected: EURGBP-OTC 2026-07-28 22:13:00 change: -0.0002
2026-07-29 06:15:03,195 | WARNING  | [ANOMALY] Price spike detected: GBPUSD-OTC 2026-07-28 22:10:00 change: 0.0001
2026-07-29 06:15:03,195 | WARNING  | [ANOMALY] Price spike detected: EURUSD 2026-07-28 23:07:00 change: -0.0001
2026-07-29 06:15:03,195 | WARNING  | [ANOMALY] Price spike detected: EURGBP 2026-07-28 22:31:00 change: -0.0000
2026-07-29 06:15:03,196 | WARNING  | [ANOMALY] Price spike detected: EURGBP-OTC 2026-07-28 22:14:00 change: -0.0004
2026-07-29 06:15:03,196 | WARNING  | [ANOMALY] Price spike detected: GBPUSD-OTC 2026-07-28 22:11:00 change: -0.0003
2026-07-29 06:15:03,196 | WARNING  | [ANOMALY] Price spike detected: EURUSD 2026-07-28 23:09:00 change: -0.0000
2026-07-29 06:15:03,196 | WARNING  | [ANOMALY] Price spike detected: EURGBP 2026-07-28 22:32:00 change: 0.0000
2026-07-29 06:15:03,196 | WARNING  | [ANOMALY] Price spike detected: EURGBP-OTC 2026-07-28 22:15:00 change: -0.0003
2026-07-29 06:15:03,196 | WARNING  | [ANOMALY] Price spike detected: GBPUSD-OTC 2026-07-28 22:13:00 change: 0.0002
2026-07-29 06:15:03,197 | WARNING  | [ANOMALY] Price spike detected: EURUSD 2026-07-28 23:10:00 change: 0.0000
2026-07-29 06:15:03,197 | WARNING  | [ANOMALY] Price spike detected: EURGBP 2026-07-28 22:33:00 change: 0.0000
2026-07-29 06:15:03,197 | WARNING  | [ANOMALY] Price spike detected: EURGBP-OTC 2026-07-28 22:16:00 change: -0.0002
2026-07-29 06:15:03,197 | WARNING  | [ANOMALY] Price spike detected: GBPUSD-OTC 2026-07-28 22:14:00 change: -0.0003
2026-07-29 06:15:03,197 | WARNING  | [ANOMALY] Price spike detected: EURUSD 2026-07-28 23:12:00 change: 0.0001
2026-07-29 06:15:03,197 | WARNING  | [ANOMALY] Price spike detected: EURGBP 2026-07-28 22:34:00 change: -0.0000
2026-07-29 06:15:03,198 | WARNING  | [ANOMALY] Price spike detected: EURGBP-OTC 2026-07-28 22:17:00 change: 0.0001
2026-07-29 06:15:03,198 | WARNING  | [ANOMALY] Price spike detected: GBPUSD-OTC 2026-07-28 22:15:00 change: 0.0003
2026-07-29 06:15:03,198 | WARNING  | [ANOMALY] Price spike detected: EURUSD 2026-07-28 23:14:00 change: 0.0000
2026-07-29 06:15:03,198 | WARNING  | [ANOMALY] Price spike detected: EURGBP 2026-07-28 22:35:00 change: -0.0000
2026-07-29 06:15:03,198 | WARNING  | [ANOMALY] Price spike detected: EURGBP-OTC 2026-07-28 22:18:00 change: 0.0002
2026-07-29 06:15:03,198 | WARNING  | [ANOMALY] Price spike detected: GBPUSD-OTC 2026-07-28 22:16:00 change: -0.0002
2026-07-29 06:15:03,200 | WARNING  | [ANOMALY] Price spike detected: EURGBP 2026-07-28 22:36:00 change: 0.0000
2026-07-29 06:15:03,200 | WARNING  | [ANOMALY] Price spike detected: EURGBP-OTC 2026-07-28 22:20:00 change: 0.0004
2026-07-29 06:15:03,200 | WARNING  | [ANOMALY] Price spike detected: GBPUSD-OTC 2026-07-28 22:17:00 change: 0.0002
2026-07-29 06:15:03,202 | WARNING  | [ANOMALY] Price spike detected: EURGBP 2026-07-28 22:37:00 change: -0.0000
2026-07-29 06:15:03,202 | WARNING  | [ANOMALY] Price spike detected: EURGBP-OTC 2026-07-28 22:21:00 change: -0.0003
2026-07-29 06:15:03,205 | WARNING  | [ANOMALY] Price spike detected: GBPUSD-OTC 2026-07-28 22:18:00 change: -0.0001
2026-07-29 06:15:03,210 | WARNING  | [ANOMALY] Total anomalies detected: EURUSD 58
2026-07-29 06:15:03,210 | WARNING  | [ANOMALY] Price spike detected: EURGBP 2026-07-28 22:38:00 change: 0.0000
2026-07-29 06:15:03,210 | WARNING  | [ANOMALY] Price spike detected: EURGBP-OTC 2026-07-28 22:22:00 change: 0.0003
2026-07-29 06:15:03,211 | WARNING  | [ANOMALY] Price spike detected: GBPUSD-OTC 2026-07-28 22:19:00 change: -0.0002
2026-07-29 06:15:03,211 | ERROR    | [ANOMALY] Excessive anomalies threshold exceeded: 276
2026-07-29 06:15:03,211 | WARNING  | [ANOMALY] Price spike detected: EURGBP 2026-07-28 22:40:00 change: 0.0000
2026-07-29 06:15:03,211 | WARNING  | [ANOMALY] Price spike detected: EURGBP-OTC 2026-07-28 22:24:00 change: -0.0003
2026-07-29 06:15:03,212 | WARNING  | [ANOMALY] Price spike detected: GBPUSD-OTC 2026-07-28 22:20:00 change: -0.0001
2026-07-29 06:15:03,212 | INFO     | [DataAdapter] M1 anomaly detection completed for EURUSD in 0.845s
2026-07-29 06:15:03,212 | WARNING  | [ANOMALY] Price spike detected: EURGBP 2026-07-28 22:42:00 change: 0.0000
2026-07-29 06:15:03,212 | WARNING  | [ANOMALY] Price spike detected: EURGBP-OTC 2026-07-28 22:25:00 change: -0.0001
2026-07-29 06:15:03,212 | WARNING  | [ANOMALY] Price spike detected: GBPUSD-OTC 2026-07-28 22:21:00 change: 0.0001
2026-07-29 06:15:03,217 | WARNING  | [ANOMALY] Price spike detected: EURGBP 2026-07-28 22:43:00 change: -0.0000
2026-07-29 06:15:03,218 | WARNING  | [ANOMALY] Price spike detected: EURGBP-OTC 2026-07-28 22:26:00 change: 0.0002
2026-07-29 06:15:03,218 | WARNING  | [ANOMALY] Price spike detected: GBPUSD-OTC 2026-07-28 22:22:00 change: -0.0001
2026-07-29 06:15:03,218 | WARNING  | [ANOMALY] Price spike detected: EURGBP 2026-07-28 22:44:00 change: 0.0000
2026-07-29 06:15:03,219 | WARNING  | [ANOMALY] Price spike detected: EURGBP-OTC 2026-07-28 22:27:00 change: 0.0001
2026-07-29 06:15:03,219 | INFO     | [CSVQueue] Enqueuing write for data_base/csv/iq_option\EURUSD\EURUSD_M1.csv - Queue size: 0
2026-07-29 06:15:03,219 | WARNING  | [ANOMALY] Price spike detected: GBPUSD-OTC 2026-07-28 22:24:00 change: -0.0003
2026-07-29 06:15:03,219 | WARNING  | [ANOMALY] Price spike detected: EURGBP 2026-07-28 22:46:00 change: -0.0000
2026-07-29 06:15:03,219 | WARNING  | [ANOMALY] Price spike detected: EURGBP-OTC 2026-07-28 22:28:00 change: -0.0001
2026-07-29 06:15:03,220 | INFO     | [DataAdapter] M1 data refresh completed for EURUSD
2026-07-29 06:15:03,220 | INFO     | [CSVQueue] Processing write for data_base/csv/iq_option\EURUSD\EURUSD_M1.csv
2026-07-29 06:15:03,220 | WARNING  | [ANOMALY] Price spike detected: GBPUSD-OTC 2026-07-28 22:25:00 change: 0.0001
2026-07-29 06:15:03,220 | WARNING  | [ANOMALY] Price spike detected: EURGBP 2026-07-28 22:47:00 change: 0.0000
2026-07-29 06:15:03,220 | WARNING  | [ANOMALY] Price spike detected: EURGBP-OTC 2026-07-28 22:29:00 change: -0.0001
2026-07-29 06:15:03,220 | INFO     | [DataAdapter] Refreshing M5 data for EURUSD
2026-07-29 06:15:03,221 | WARNING  | [ANOMALY] Price spike detected: GBPUSD-OTC 2026-07-28 22:26:00 change: 0.0004
2026-07-29 06:15:03,221 | WARNING  | [ANOMALY] Price spike detected: EURGBP 2026-07-28 22:50:00 change: -0.0000
2026-07-29 06:15:03,221 | INFO     | [CSVWriter] Writing 100 rows to data_base/csv/iq_option\EURUSD\EURUSD_M1.csv
2026-07-29 06:15:03,221 | WARNING  | [ANOMALY] Price spike detected: EURGBP-OTC 2026-07-28 22:30:00 change: 0.0001
2026-07-29 06:15:03,222 | WARNING  | [ANOMALY] Price spike detected: GBPUSD-OTC 2026-07-28 22:27:00 change: 0.0002
2026-07-29 06:15:03,240 | WARNING  | [ANOMALY] Price spike detected: EURGBP 2026-07-28 22:52:00 change: -0.0000
2026-07-29 06:15:03,303 | WARNING  | [ANOMALY] Price spike detected: EURGBP-OTC 2026-07-28 22:31:00 change: 0.0002
2026-07-29 06:15:03,350 | WARNING  | [ANOMALY] Price spike detected: GBPUSD-OTC 2026-07-28 22:28:00 change: -0.0001
2026-07-29 06:15:03,380 | WARNING  | [ANOMALY] Price spike detected: EURGBP 2026-07-28 22:53:00 change: 0.0000
2026-07-29 06:15:03,412 | WARNING  | [ANOMALY] Price spike detected: EURGBP-OTC 2026-07-28 22:32:00 change: 0.0001
2026-07-29 06:15:03,428 | WARNING  | [ANOMALY] Price spike detected: GBPUSD-OTC 2026-07-28 22:29:00 change: -0.0003
2026-07-29 06:15:03,521 | WARNING  | [ANOMALY] Price spike detected: EURGBP 2026-07-28 22:54:00 change: -0.0000
2026-07-29 06:15:03,553 | WARNING  | [ANOMALY] Price spike detected: EURGBP-OTC 2026-07-28 22:33:00 change: -0.0003
2026-07-29 06:15:03,599 | WARNING  | [ANOMALY] Price spike detected: GBPUSD-OTC 2026-07-28 22:30:00 change: 0.0003
2026-07-29 06:15:03,646 | WARNING  | [ANOMALY] Price spike detected: EURGBP 2026-07-28 22:55:00 change: -0.0000
2026-07-29 06:15:03,693 | WARNING  | [ANOMALY] Price spike detected: EURGBP-OTC 2026-07-28 22:34:00 change: -0.0002
2026-07-29 06:15:03,708 | WARNING  | [ANOMALY] Price spike detected: GBPUSD-OTC 2026-07-28 22:32:00 change: -0.0001
2026-07-29 06:15:03,739 | WARNING  | [ANOMALY] Price spike detected: EURGBP 2026-07-28 22:56:00 change: 0.0000
2026-07-29 06:15:03,769 | WARNING  | [ANOMALY] Price spike detected: EURGBP-OTC 2026-07-28 22:35:00 change: 0.0002
2026-07-29 06:15:03,784 | WARNING  | [ANOMALY] Price spike detected: GBPUSD-OTC 2026-07-28 22:33:00 change: -0.0002
2026-07-29 06:15:03,785 | INFO     | [IQOPTION] REST fetch succeeded for EURUSD: 3 candles
2026-07-29 06:15:03,785 | WARNING  | [ANOMALY] Price spike detected: EURGBP 2026-07-28 22:57:00 change: 0.0000
2026-07-29 06:15:03,785 | WARNING  | [ANOMALY] Price spike detected: EURGBP-OTC 2026-07-28 22:36:00 change: -0.0006
2026-07-29 06:15:03,785 | WARNING  | [ANOMALY] Price spike detected: GBPUSD-OTC 2026-07-28 22:34:00 change: -0.0002
2026-07-29 06:15:03,791 | WARNING  | [ANOMALY] Price spike detected: EURGBP 2026-07-28 22:58:00 change: -0.0000
2026-07-29 06:15:03,791 | INFO     | [CSVWriter] Successfully wrote 378 rows to data_base/csv/iq_option\EURUSD\EURUSD_M1.csv
2026-07-29 06:15:03,793 | WARNING  | [ANOMALY] Price spike detected: EURGBP-OTC 2026-07-28 22:37:00 change: -0.0002
2026-07-29 06:15:03,795 | WARNING  | [ANOMALY] Price spike detected: GBPUSD-OTC 2026-07-28 22:35:00 change: -0.0005
2026-07-29 06:15:03,797 | WARNING  | [ANOMALY] Price spike detected: EURUSD 2026-07-28 02:50:00 change: 0.0003
2026-07-29 06:15:03,797 | WARNING  | [ANOMALY] Price spike detected: EURGBP 2026-07-28 22:59:00 change: 0.0000
2026-07-29 06:15:03,797 | INFO     | [CSVQueue] Successfully processed write for data_base/csv/iq_option\EURUSD\EURUSD_M1.csv
2026-07-29 06:15:03,797 | WARNING  | [ANOMALY] Price spike detected: EURGBP-OTC 2026-07-28 22:38:00 change: -0.0001
2026-07-29 06:15:03,798 | WARNING  | [ANOMALY] Price spike detected: GBPUSD-OTC 2026-07-28 22:36:00 change: 0.0002
2026-07-29 06:15:03,798 | WARNING  | [ANOMALY] Price spike detected: EURUSD 2026-07-28 02:55:00 change: -0.0001
2026-07-29 06:15:03,798 | WARNING  | [ANOMALY] Price spike detected: EURGBP 2026-07-28 23:00:00 change: 0.0000
2026-07-29 06:15:03,798 | INFO     | [CSVQueue] Queue size: 0
2026-07-29 06:15:03,798 | WARNING  | [ANOMALY] Price spike detected: EURGBP-OTC 2026-07-28 22:39:00 change: 0.0002
2026-07-29 06:15:03,799 | WARNING  | [ANOMALY] Price spike detected: GBPUSD-OTC 2026-07-28 22:38:00 change: 0.0002
2026-07-29 06:15:03,799 | WARNING  | [ANOMALY] Price spike detected: EURUSD 2026-07-28 03:05:00 change: -0.0001
2026-07-29 06:15:03,799 | WARNING  | [ANOMALY] Price spike detected: EURGBP 2026-07-28 23:01:00 change: -0.0000
2026-07-29 06:15:03,799 | WARNING  | [ANOMALY] Price spike detected: EURGBP-OTC 2026-07-28 22:40:00 change: 0.0002
2026-07-29 06:15:03,799 | WARNING  | [ANOMALY] Price spike detected: GBPUSD-OTC 2026-07-28 22:39:00 change: -0.0007
2026-07-29 06:15:03,800 | WARNING  | [ANOMALY] Price spike detected: EURUSD 2026-07-28 03:10:00 change: -0.0001
2026-07-29 06:15:03,800 | WARNING  | [ANOMALY] Price spike detected: EURGBP 2026-07-28 23:02:00 change: -0.0000
2026-07-29 06:15:03,800 | WARNING  | [ANOMALY] Price spike detected: EURGBP-OTC 2026-07-28 22:42:00 change: -0.0003
2026-07-29 06:15:03,800 | WARNING  | [ANOMALY] Price spike detected: GBPUSD-OTC 2026-07-28 22:40:00 change: -0.0003
2026-07-29 06:15:03,801 | WARNING  | [ANOMALY] Price spike detected: EURUSD 2026-07-28 03:15:00 change: 0.0001
2026-07-29 06:15:03,801 | WARNING  | [ANOMALY] Price spike detected: EURGBP 2026-07-28 23:04:00 change: -0.0000
2026-07-29 06:15:03,801 | WARNING  | [ANOMALY] Price spike detected: EURGBP-OTC 2026-07-28 22:43:00 change: -0.0003
2026-07-29 06:15:03,801 | WARNING  | [ANOMALY] Price spike detected: GBPUSD-OTC 2026-07-28 22:41:00 change: -0.0005
2026-07-29 06:15:03,801 | WARNING  | [ANOMALY] Price spike detected: EURUSD 2026-07-28 03:20:00 change: 0.0001
2026-07-29 06:15:03,801 | WARNING  | [ANOMALY] Price spike detected: EURGBP 2026-07-28 23:05:00 change: 0.0000
2026-07-29 06:15:03,802 | WARNING  | [ANOMALY] Price spike detected: EURGBP-OTC 2026-07-28 22:44:00 change: -0.0001
2026-07-29 06:15:03,802 | WARNING  | [ANOMALY] Price spike detected: GBPUSD-OTC 2026-07-28 22:44:00 change: -0.0004
2026-07-29 06:15:03,803 | WARNING  | [ANOMALY] Price spike detected: EURUSD 2026-07-28 03:30:00 change: 0.0002
2026-07-29 06:15:03,803 | WARNING  | [ANOMALY] Price spike detected: EURGBP 2026-07-28 23:06:00 change: -0.0000
2026-07-29 06:15:03,803 | WARNING  | [ANOMALY] Price spike detected: EURGBP-OTC 2026-07-28 22:45:00 change: -0.0001
2026-07-29 06:15:03,804 | WARNING  | [ANOMALY] Price spike detected: GBPUSD-OTC 2026-07-28 22:45:00 change: 0.0002
2026-07-29 06:15:03,804 | WARNING  | [ANOMALY] Price spike detected: EURUSD 2026-07-28 03:35:00 change: -0.0002
2026-07-29 06:15:03,804 | WARNING  | [ANOMALY] Price spike detected: EURGBP 2026-07-28 23:07:00 change: 0.0000
2026-07-29 06:15:03,804 | WARNING  | [ANOMALY] Price spike detected: EURGBP-OTC 2026-07-28 22:46:00 change: 0.0002
2026-07-29 06:15:03,804 | WARNING  | [ANOMALY] Price spike detected: GBPUSD-OTC 2026-07-28 22:46:00 change: -0.0002
2026-07-29 06:15:03,804 | WARNING  | [ANOMALY] Price spike detected: EURUSD 2026-07-28 03:40:00 change: -0.0001
2026-07-29 06:15:03,804 | WARNING  | [ANOMALY] Price spike detected: EURGBP 2026-07-28 23:09:00 change: 0.0000
2026-07-29 06:15:03,804 | WARNING  | [ANOMALY] Price spike detected: EURGBP-OTC 2026-07-28 22:48:00 change: -0.0001
2026-07-29 06:15:03,805 | WARNING  | [ANOMALY] Price spike detected: GBPUSD-OTC 2026-07-28 22:48:00 change: 0.0003
2026-07-29 06:15:03,805 | WARNING  | [ANOMALY] Price spike detected: EURUSD 2026-07-28 03:45:00 change: -0.0001
2026-07-29 06:15:03,805 | WARNING  | [ANOMALY] Price spike detected: EURGBP 2026-07-28 23:10:00 change: 0.0000
2026-07-29 06:15:03,805 | WARNING  | [ANOMALY] Price spike detected: EURGBP-OTC 2026-07-28 22:49:00 change: 0.0001
2026-07-29 06:15:03,805 | WARNING  | [ANOMALY] Price spike detected: GBPUSD-OTC 2026-07-28 22:49:00 change: 0.0004
2026-07-29 06:15:03,805 | WARNING  | [ANOMALY] Price spike detected: EURUSD 2026-07-28 04:00:00 change: -0.0002
2026-07-29 06:15:03,806 | WARNING  | [ANOMALY] Price spike detected: EURGBP 2026-07-28 23:12:00 change: -0.0000
2026-07-29 06:15:03,806 | WARNING  | [ANOMALY] Price spike detected: EURGBP-OTC 2026-07-28 22:52:00 change: -0.0002
2026-07-29 06:15:03,806 | WARNING  | [ANOMALY] Price spike detected: GBPUSD-OTC 2026-07-28 22:53:00 change: 0.0004
2026-07-29 06:15:03,806 | WARNING  | [ANOMALY] Price spike detected: EURUSD 2026-07-28 04:10:00 change: -0.0001
2026-07-29 06:15:03,806 | WARNING  | [ANOMALY] Price spike detected: EURGBP 2026-07-28 23:13:00 change: -0.0000
2026-07-29 06:15:03,806 | WARNING  | [ANOMALY] Price spike detected: EURGBP-OTC 2026-07-28 22:53:00 change: -0.0003
2026-07-29 06:15:03,807 | WARNING  | [ANOMALY] Price spike detected: GBPUSD-OTC 2026-07-28 22:54:00 change: -0.0002
2026-07-29 06:15:03,807 | WARNING  | [ANOMALY] Price spike detected: EURUSD 2026-07-28 04:15:00 change: 0.0001
2026-07-29 06:15:03,807 | WARNING  | [ANOMALY] Price spike detected: EURGBP 2026-07-28 23:14:00 change: -0.0000
2026-07-29 06:15:03,807 | WARNING  | [ANOMALY] Price spike detected: EURGBP-OTC 2026-07-28 22:54:00 change: 0.0002
2026-07-29 06:15:03,807 | WARNING  | [ANOMALY] Price spike detected: GBPUSD-OTC 2026-07-28 22:55:00 change: -0.0002
2026-07-29 06:15:03,807 | WARNING  | [ANOMALY] Price spike detected: EURUSD 2026-07-28 04:20:00 change: -0.0001
2026-07-29 06:15:03,809 | WARNING  | [ANOMALY] Price spike detected: EURGBP-OTC 2026-07-28 22:55:00 change: 0.0002
2026-07-29 06:15:03,809 | WARNING  | [ANOMALY] Price spike detected: GBPUSD-OTC 2026-07-28 22:57:00 change: 0.0004
2026-07-29 06:15:03,809 | WARNING  | [ANOMALY] Price spike detected: EURUSD 2026-07-28 04:35:00 change: -0.0000
2026-07-29 06:15:03,810 | WARNING  | [ANOMALY] Price spike detected: EURGBP-OTC 2026-07-28 22:56:00 change: -0.0003
2026-07-29 06:15:03,811 | WARNING  | [ANOMALY] Price spike detected: GBPUSD-OTC 2026-07-28 22:58:00 change: 0.0004
2026-07-29 06:15:03,813 | WARNING  | [ANOMALY] Price spike detected: EURUSD 2026-07-28 04:40:00 change: 0.0000
2026-07-29 06:15:03,817 | WARNING  | [ANOMALY] Price spike detected: EURGBP-OTC 2026-07-28 22:57:00 change: 0.0003
2026-07-29 06:15:03,817 | WARNING  | [ANOMALY] Total anomalies detected: EURGBP 65
2026-07-29 06:15:03,818 | ERROR    | [ANOMALY] Excessive anomalies threshold exceeded: 473
2026-07-29 06:15:03,817 | WARNING  | [ANOMALY] Price spike detected: EURUSD 2026-07-28 04:45:00 change: -0.0000
2026-07-29 06:15:03,818 | WARNING  | [ANOMALY] Price spike detected: EURGBP-OTC 2026-07-28 22:59:00 change: -0.0001
2026-07-29 06:15:03,817 | WARNING  | [ANOMALY] Price spike detected: GBPUSD-OTC 2026-07-28 22:59:00 change: -0.0004
2026-07-29 06:15:03,818 | INFO     | [DataAdapter] M1 anomaly detection completed for EURGBP in 1.091s
2026-07-29 06:15:03,818 | WARNING  | [ANOMALY] Price spike detected: EURUSD 2026-07-28 04:50:00 change: -0.0002
2026-07-29 06:15:03,818 | WARNING  | [ANOMALY] Price spike detected: EURGBP-OTC 2026-07-28 23:00:00 change: -0.0002
2026-07-29 06:15:03,818 | WARNING  | [ANOMALY] Price spike detected: GBPUSD-OTC 2026-07-28 23:00:00 change: 0.0003
2026-07-29 06:15:03,823 | WARNING  | [ANOMALY] Price spike detected: EURUSD 2026-07-28 05:00:00 change: -0.0001
2026-07-29 06:15:03,823 | WARNING  | [ANOMALY] Price spike detected: EURGBP-OTC 2026-07-28 23:01:00 change: 0.0003
2026-07-29 06:15:03,823 | WARNING  | [ANOMALY] Price spike detected: GBPUSD-OTC 2026-07-28 23:01:00 change: -0.0001
2026-07-29 06:15:03,824 | WARNING  | [ANOMALY] Price spike detected: EURUSD 2026-07-28 05:05:00 change: -0.0003
2026-07-29 06:15:03,824 | INFO     | [CSVQueue] Enqueuing write for data_base/csv/iq_option\EURGBP\EURGBP_M1.csv - Queue size: 0
2026-07-29 06:15:03,824 | WARNING  | [ANOMALY] Price spike detected: EURGBP-OTC 2026-07-28 23:02:00 change: 0.0003
2026-07-29 06:15:03,824 | WARNING  | [ANOMALY] Price spike detected: GBPUSD-OTC 2026-07-28 23:02:00 change: 0.0004
2026-07-29 06:15:03,824 | WARNING  | [ANOMALY] Price spike detected: EURUSD 2026-07-28 05:10:00 change: -0.0002
2026-07-29 06:15:03,824 | INFO     | [DataAdapter] M1 data refresh completed for EURGBP
2026-07-29 06:15:03,825 | WARNING  | [ANOMALY] Price spike detected: EURGBP-OTC 2026-07-28 23:03:00 change: -0.0001
2026-07-29 06:15:03,825 | INFO     | [CSVQueue] Processing write for data_base/csv/iq_option\EURGBP\EURGBP_M1.csv
2026-07-29 06:15:03,825 | WARNING  | [ANOMALY] Price spike detected: GBPUSD-OTC 2026-07-28 23:03:00 change: -0.0005
2026-07-29 06:15:03,825 | WARNING  | [ANOMALY] Price spike detected: EURUSD 2026-07-28 05:15:00 change: 0.0000
2026-07-29 06:15:03,825 | INFO     | [DataAdapter] Refreshing M5 data for EURGBP
2026-07-29 06:15:03,825 | WARNING  | [ANOMALY] Price spike detected: EURGBP-OTC 2026-07-28 23:04:00 change: 0.0002
2026-07-29 06:15:03,825 | WARNING  | [ANOMALY] Price spike detected: GBPUSD-OTC 2026-07-28 23:04:00 change: 0.0001
2026-07-29 06:15:03,826 | WARNING  | [ANOMALY] Price spike detected: EURUSD 2026-07-28 05:25:00 change: 0.0003
2026-07-29 06:15:03,826 | INFO     | [CSVWriter] Writing 100 rows to data_base/csv/iq_option\EURGBP\EURGBP_M1.csv
2026-07-29 06:15:03,826 | WARNING  | [ANOMALY] Price spike detected: EURGBP-OTC 2026-07-28 23:05:00 change: 0.0001
2026-07-29 06:15:03,862 | WARNING  | [ANOMALY] Price spike detected: GBPUSD-OTC 2026-07-28 23:05:00 change: -0.0002
2026-07-29 06:15:03,908 | WARNING  | [ANOMALY] Price spike detected: EURUSD 2026-07-28 05:35:00 change: -0.0001
2026-07-29 06:15:04,002 | WARNING  | [ANOMALY] Price spike detected: EURGBP-OTC 2026-07-28 23:06:00 change: 0.0003
2026-07-29 06:15:04,079 | WARNING  | [ANOMALY] Price spike detected: GBPUSD-OTC 2026-07-28 23:06:00 change: 0.0001
2026-07-29 06:15:04,079 | INFO     | [IQOPTION] REST fetch succeeded for EURGBP: 3 candles
2026-07-29 06:15:04,079 | WARNING  | [ANOMALY] Price spike detected: EURUSD 2026-07-28 05:40:00 change: 0.0001
2026-07-29 06:15:04,079 | WARNING  | [ANOMALY] Price spike detected: EURGBP-OTC 2026-07-28 23:07:00 change: -0.0004
2026-07-29 06:15:04,079 | WARNING  | [ANOMALY] Price spike detected: GBPUSD-OTC 2026-07-28 23:07:00 change: 0.0006
2026-07-29 06:15:04,089 | WARNING  | [ANOMALY] Price spike detected: EURUSD 2026-07-28 05:45:00 change: -0.0001
2026-07-29 06:15:04,091 | WARNING  | [ANOMALY] Price spike detected: EURGBP 2026-07-28 02:50:00 change: 0.0001
2026-07-29 06:15:04,092 | WARNING  | [ANOMALY] Price spike detected: EURGBP-OTC 2026-07-28 23:08:00 change: 0.0004
2026-07-29 06:15:04,092 | WARNING  | [ANOMALY] Price spike detected: GBPUSD-OTC 2026-07-28 23:08:00 change: -0.0004
2026-07-29 06:15:04,093 | WARNING  | [ANOMALY] Price spike detected: EURUSD 2026-07-28 05:50:00 change: 0.0001
2026-07-29 06:15:04,097 | WARNING  | [ANOMALY] Price spike detected: EURGBP 2026-07-28 03:00:00 change: -0.0000
2026-07-29 06:15:04,097 | WARNING  | [ANOMALY] Price spike detected: EURGBP-OTC 2026-07-28 23:09:00 change: -0.0002
2026-07-29 06:15:04,097 | WARNING  | [ANOMALY] Price spike detected: GBPUSD-OTC 2026-07-28 23:09:00 change: 0.0001
2026-07-29 06:15:04,098 | WARNING  | [ANOMALY] Price spike detected: EURUSD 2026-07-28 05:55:00 change: 0.0001
2026-07-29 06:15:04,099 | WARNING  | [ANOMALY] Price spike detected: EURGBP 2026-07-28 03:05:00 change: 0.0000
2026-07-29 06:15:04,100 | WARNING  | [ANOMALY] Price spike detected: EURGBP-OTC 2026-07-28 23:10:00 change: 0.0001
2026-07-29 06:15:04,100 | WARNING  | [ANOMALY] Price spike detected: GBPUSD-OTC 2026-07-28 23:10:00 change: -0.0003
2026-07-29 06:15:04,101 | WARNING  | [ANOMALY] Price spike detected: EURUSD 2026-07-28 06:00:00 change: 0.0001
2026-07-29 06:15:04,101 | WARNING  | [ANOMALY] Price spike detected: EURGBP 2026-07-28 03:10:00 change: -0.0000
2026-07-29 06:15:04,101 | WARNING  | [ANOMALY] Price spike detected: EURGBP-OTC 2026-07-28 23:12:00 change: 0.0002
2026-07-29 06:15:04,101 | WARNING  | [ANOMALY] Price spike detected: GBPUSD-OTC 2026-07-28 23:11:00 change: -0.0002
2026-07-29 06:15:04,102 | INFO     | [CSVWriter] Successfully wrote 378 rows to data_base/csv/iq_option\EURGBP\EURGBP_M1.csv
2026-07-29 06:15:04,102 | WARNING  | [ANOMALY] Price spike detected: EURUSD 2026-07-28 06:05:00 change: -0.0001
2026-07-29 06:15:04,102 | WARNING  | [ANOMALY] Price spike detected: EURGBP 2026-07-28 03:15:00 change: -0.0001
2026-07-29 06:15:04,102 | WARNING  | [ANOMALY] Price spike detected: EURGBP-OTC 2026-07-28 23:13:00 change: 0.0002
2026-07-29 06:15:04,102 | WARNING  | [ANOMALY] Price spike detected: GBPUSD-OTC 2026-07-28 23:13:00 change: 0.0001
2026-07-29 06:15:04,103 | INFO     | [CSVQueue] Successfully processed write for data_base/csv/iq_option\EURGBP\EURGBP_M1.csv
2026-07-29 06:15:04,103 | WARNING  | [ANOMALY] Price spike detected: EURUSD 2026-07-28 06:10:00 change: 0.0001
2026-07-29 06:15:04,103 | WARNING  | [ANOMALY] Price spike detected: EURGBP 2026-07-28 03:20:00 change: 0.0000
2026-07-29 06:15:04,103 | WARNING  | [ANOMALY] Price spike detected: EURGBP-OTC 2026-07-28 23:14:00 change: 0.0003
2026-07-29 06:15:04,103 | WARNING  | [ANOMALY] Price spike detected: GBPUSD-OTC 2026-07-28 23:14:00 change: -0.0002
2026-07-29 06:15:04,103 | INFO     | [CSVQueue] Queue size: 0
2026-07-29 06:15:04,104 | WARNING  | [ANOMALY] Price spike detected: EURUSD 2026-07-28 06:15:00 change: 0.0000
2026-07-29 06:15:04,104 | WARNING  | [ANOMALY] Price spike detected: EURGBP 2026-07-28 03:30:00 change: -0.0000
2026-07-29 06:15:04,110 | WARNING  | [ANOMALY] Price spike detected: EURUSD 2026-07-28 06:20:00 change: 0.0001
2026-07-29 06:15:04,110 | WARNING  | [ANOMALY] Price spike detected: EURGBP 2026-07-28 03:35:00 change: -0.0000
2026-07-29 06:15:04,110 | WARNING  | [ANOMALY] Price spike detected: EURUSD 2026-07-28 06:25:00 change: 0.0002
2026-07-29 06:15:04,111 | WARNING  | [ANOMALY] Price spike detected: EURGBP 2026-07-28 03:40:00 change: -0.0000
2026-07-29 06:15:04,113 | WARNING  | [ANOMALY] Price spike detected: EURUSD 2026-07-28 06:40:00 change: -0.0001
2026-07-29 06:15:04,117 | WARNING  | [ANOMALY] Total anomalies detected: EURGBP-OTC 76
2026-07-29 06:15:04,118 | WARNING  | [ANOMALY] Price spike detected: EURGBP 2026-07-28 03:45:00 change: -0.0000
2026-07-29 06:15:04,126 | WARNING  | [ANOMALY] Total anomalies detected: GBPUSD-OTC 77
2026-07-29 06:15:04,127 | WARNING  | [ANOMALY] Price spike detected: EURUSD 2026-07-28 06:45:00 change: -0.0001
2026-07-29 06:15:04,127 | ERROR    | [ANOMALY] Excessive anomalies threshold exceeded: 663
2026-07-29 06:15:04,127 | WARNING  | [ANOMALY] Price spike detected: EURGBP 2026-07-28 03:50:00 change: 0.0001
2026-07-29 06:15:04,127 | ERROR    | [ANOMALY] Excessive anomalies threshold exceeded: 663
2026-07-29 06:15:04,127 | WARNING  | [ANOMALY] Price spike detected: EURUSD 2026-07-28 06:50:00 change: 0.0003
2026-07-29 06:15:04,128 | INFO     | [DataAdapter] M1 anomaly detection completed for EURGBP-OTC in 0.953s
2026-07-29 06:15:04,128 | WARNING  | [ANOMALY] Price spike detected: EURGBP 2026-07-28 03:55:00 change: 0.0000
2026-07-29 06:15:04,128 | INFO     | [DataAdapter] M1 anomaly detection completed for GBPUSD-OTC in 0.964s
2026-07-29 06:15:04,128 | WARNING  | [ANOMALY] Price spike detected: EURUSD 2026-07-28 06:55:00 change: -0.0002
2026-07-29 06:15:04,134 | WARNING  | [ANOMALY] Price spike detected: EURGBP 2026-07-28 04:00:00 change: -0.0000
2026-07-29 06:15:04,141 | WARNING  | [ANOMALY] Price spike detected: EURUSD 2026-07-28 07:00:00 change: -0.0001
2026-07-29 06:15:04,143 | WARNING  | [ANOMALY] Price spike detected: EURGBP 2026-07-28 04:10:00 change: 0.0000
2026-07-29 06:15:04,143 | INFO     | [CSVQueue] Enqueuing write for data_base/csv/iq_option\EURGBP-OTC\EURGBP-OTC_M1.csv - Queue size: 0
2026-07-29 06:15:04,144 | WARNING  | [ANOMALY] Price spike detected: EURUSD 2026-07-28 07:05:00 change: 0.0004
2026-07-29 06:15:04,144 | WARNING  | [ANOMALY] Price spike detected: EURGBP 2026-07-28 04:15:00 change: -0.0001
2026-07-29 06:15:04,145 | INFO     | [DataAdapter] M1 data refresh completed for EURGBP-OTC
2026-07-29 06:15:04,145 | INFO     | [CSVQueue] Processing write for data_base/csv/iq_option\EURGBP-OTC\EURGBP-OTC_M1.csv
2026-07-29 06:15:04,145 | WARNING  | [ANOMALY] Price spike detected: EURUSD 2026-07-28 07:10:00 change: 0.0001
2026-07-29 06:15:04,145 | INFO     | [CSVQueue] Enqueuing write for data_base/csv/iq_option\GBPUSD-OTC\GBPUSD-OTC_M1.csv - Queue size: 0
2026-07-29 06:15:04,145 | WARNING  | [ANOMALY] Price spike detected: EURGBP 2026-07-28 04:20:00 change: 0.0001
2026-07-29 06:15:04,145 | INFO     | [DataAdapter] Refreshing M5 data for EURGBP-OTC
2026-07-29 06:15:04,146 | WARNING  | [ANOMALY] Price spike detected: EURUSD 2026-07-28 07:15:00 change: -0.0001
2026-07-29 06:15:04,146 | INFO     | [DataAdapter] M1 data refresh completed for GBPUSD-OTC
2026-07-29 06:15:04,146 | INFO     | [CSVWriter] Writing 100 rows to data_base/csv/iq_option\EURGBP-OTC\EURGBP-OTC_M1.csv
2026-07-29 06:15:04,147 | WARNING  | [ANOMALY] Price spike detected: EURGBP 2026-07-28 04:25:00 change: -0.0001
2026-07-29 06:15:04,147 | WARNING  | [ANOMALY] Price spike detected: EURUSD 2026-07-28 07:20:00 change: -0.0002
2026-07-29 06:15:04,155 | INFO     | [DataAdapter] Refreshing M5 data for GBPUSD-OTC
2026-07-29 06:15:04,234 | WARNING  | [ANOMALY] Price spike detected: EURGBP 2026-07-28 04:45:00 change: -0.0001
2026-07-29 06:15:04,279 | WARNING  | [ANOMALY] Price spike detected: EURUSD 2026-07-28 07:30:00 change: 0.0000
2026-07-29 06:15:04,356 | WARNING  | [ANOMALY] Price spike detected: EURGBP 2026-07-28 04:55:00 change: -0.0001
2026-07-29 06:15:04,387 | WARNING  | [ANOMALY] Price spike detected: EURUSD 2026-07-28 07:40:00 change: -0.0001
2026-07-29 06:15:04,434 | WARNING  | [ANOMALY] Price spike detected: EURGBP 2026-07-28 05:00:00 change: -0.0001
2026-07-29 06:15:04,449 | WARNING  | [ANOMALY] Price spike detected: EURUSD 2026-07-28 07:45:00 change: -0.0002
2026-07-29 06:15:04,465 | WARNING  | [ANOMALY] Price spike detected: EURGBP 2026-07-28 05:05:00 change: -0.0001
2026-07-29 06:15:04,497 | WARNING  | [ANOMALY] Price spike detected: EURUSD 2026-07-28 07:50:00 change: -0.0001
2026-07-29 06:15:04,542 | WARNING  | [ANOMALY] Price spike detected: EURGBP 2026-07-28 05:10:00 change: 0.0001
2026-07-29 06:15:04,573 | WARNING  | [ANOMALY] Price spike detected: EURUSD 2026-07-28 08:00:00 change: 0.0003
2026-07-29 06:15:04,604 | WARNING  | [ANOMALY] Price spike detected: EURGBP 2026-07-28 05:15:00 change: 0.0001
2026-07-29 06:15:04,619 | WARNING  | [ANOMALY] Price spike detected: EURUSD 2026-07-28 08:05:00 change: 0.0001
2026-07-29 06:15:04,682 | INFO     | [IQOPTION] REST fetch succeeded for EURGBP-OTC: 3 candles
2026-07-29 06:15:04,712 | WARNING  | [ANOMALY] Price spike detected: EURGBP 2026-07-28 05:20:00 change: -0.0000
2026-07-29 06:15:04,728 | WARNING  | [ANOMALY] Price spike detected: EURUSD 2026-07-28 08:10:00 change: -0.0001
2026-07-29 06:15:04,774 | INFO     | [CSVWriter] Successfully wrote 378 rows to data_base/csv/iq_option\EURGBP-OTC\EURGBP-OTC_M1.csv
2026-07-29 06:15:04,782 | WARNING  | [ANOMALY] Price spike detected: EURGBP 2026-07-28 05:25:00 change: 0.0000
2026-07-29 06:15:04,783 | WARNING  | [ANOMALY] Price spike detected: EURGBP-OTC 2026-07-28 02:55:00 change: 0.0003
2026-07-29 06:15:04,805 | WARNING  | [ANOMALY] Price spike detected: EURUSD 2026-07-28 08:15:00 change: 0.0001
2026-07-29 06:15:04,853 | INFO     | [CSVQueue] Successfully processed write for data_base/csv/iq_option\EURGBP-OTC\EURGBP-OTC_M1.csv
2026-07-29 06:15:04,884 | WARNING  | [ANOMALY] Price spike detected: EURGBP 2026-07-28 05:30:00 change: 0.0001
2026-07-29 06:15:04,932 | WARNING  | [ANOMALY] Price spike detected: EURGBP-OTC 2026-07-28 03:00:00 change: 0.0002
2026-07-29 06:15:04,932 | INFO     | [IQOPTION] REST fetch succeeded for GBPUSD-OTC: 3 candles
2026-07-29 06:15:04,932 | WARNING  | [ANOMALY] Price spike detected: EURUSD 2026-07-28 08:20:00 change: 0.0002
2026-07-29 06:15:04,932 | INFO     | [CSVQueue] Processing write for data_base/csv/iq_option\GBPUSD-OTC\GBPUSD-OTC_M1.csv
2026-07-29 06:15:04,932 | WARNING  | [ANOMALY] Price spike detected: EURGBP 2026-07-28 05:35:00 change: 0.0000
2026-07-29 06:15:04,932 | WARNING  | [ANOMALY] Price spike detected: EURGBP-OTC 2026-07-28 03:05:00 change: -0.0005
2026-07-29 06:15:04,939 | WARNING  | [ANOMALY] Price spike detected: EURUSD 2026-07-28 08:25:00 change: -0.0001
2026-07-29 06:15:04,940 | WARNING  | [ANOMALY] Price spike detected: GBPUSD-OTC 2026-07-28 02:50:00 change: -0.0005
2026-07-29 06:15:04,941 | WARNING  | [ANOMALY] Price spike detected: EURGBP 2026-07-28 05:40:00 change: -0.0000
2026-07-29 06:15:04,941 | INFO     | [CSVWriter] Writing 100 rows to data_base/csv/iq_option\GBPUSD-OTC\GBPUSD-OTC_M1.csv
2026-07-29 06:15:04,941 | WARNING  | [ANOMALY] Price spike detected: EURGBP-OTC 2026-07-28 03:15:00 change: -0.0008
2026-07-29 06:15:04,941 | WARNING  | [ANOMALY] Price spike detected: EURUSD 2026-07-28 08:40:00 change: 0.0001
2026-07-29 06:15:04,941 | WARNING  | [ANOMALY] Price spike detected: GBPUSD-OTC 2026-07-28 02:55:00 change: -0.0004
2026-07-29 06:15:04,942 | WARNING  | [ANOMALY] Price spike detected: EURGBP 2026-07-28 05:45:00 change: 0.0001
2026-07-29 06:15:04,943 | WARNING  | [ANOMALY] Price spike detected: EURGBP-OTC 2026-07-28 03:20:00 change: -0.0001
2026-07-29 06:15:04,944 | WARNING  | [ANOMALY] Price spike detected: EURUSD 2026-07-28 08:45:00 change: 0.0001
2026-07-29 06:15:04,944 | WARNING  | [ANOMALY] Price spike detected: GBPUSD-OTC 2026-07-28 03:00:00 change: 0.0003
2026-07-29 06:15:04,945 | WARNING  | [ANOMALY] Price spike detected: EURGBP 2026-07-28 05:50:00 change: -0.0000
2026-07-29 06:15:04,945 | WARNING  | [ANOMALY] Price spike detected: EURGBP-OTC 2026-07-28 03:25:00 change: -0.0003
2026-07-29 06:15:04,945 | WARNING  | [ANOMALY] Price spike detected: EURUSD 2026-07-28 08:50:00 change: -0.0001
2026-07-29 06:15:04,945 | WARNING  | [ANOMALY] Price spike detected: GBPUSD-OTC 2026-07-28 03:05:00 change: -0.0007
2026-07-29 06:15:04,945 | WARNING  | [ANOMALY] Price spike detected: EURGBP 2026-07-28 05:55:00 change: 0.0001
2026-07-29 06:15:04,946 | WARNING  | [ANOMALY] Price spike detected: EURGBP-OTC 2026-07-28 03:30:00 change: -0.0004
2026-07-29 06:15:04,946 | WARNING  | [ANOMALY] Price spike detected: EURUSD 2026-07-28 08:55:00 change: 0.0001
2026-07-29 06:15:04,946 | WARNING  | [ANOMALY] Price spike detected: GBPUSD-OTC 2026-07-28 03:10:00 change: -0.0001
2026-07-29 06:15:04,947 | WARNING  | [ANOMALY] Price spike detected: EURGBP 2026-07-28 06:00:00 change: 0.0001
2026-07-29 06:15:04,947 | WARNING  | [ANOMALY] Price spike detected: EURGBP-OTC 2026-07-28 03:35:00 change: 0.0005
2026-07-29 06:15:04,950 | WARNING  | [ANOMALY] Price spike detected: EURUSD 2026-07-28 09:00:00 change: -0.0001
2026-07-29 06:15:04,950 | WARNING  | [ANOMALY] Price spike detected: GBPUSD-OTC 2026-07-28 03:15:00 change: -0.0005
2026-07-29 06:15:04,950 | WARNING  | [ANOMALY] Price spike detected: EURGBP 2026-07-28 06:05:00 change: -0.0001
2026-07-29 06:15:04,950 | WARNING  | [ANOMALY] Price spike detected: EURGBP-OTC 2026-07-28 03:45:00 change: 0.0007
2026-07-29 06:15:04,951 | WARNING  | [ANOMALY] Price spike detected: EURUSD 2026-07-28 09:05:00 change: -0.0003
2026-07-29 06:15:04,953 | WARNING  | [ANOMALY] Price spike detected: GBPUSD-OTC 2026-07-28 03:20:00 change: 0.0002
2026-07-29 06:15:04,953 | WARNING  | [ANOMALY] Price spike detected: EURGBP 2026-07-28 06:10:00 change: -0.0001
2026-07-29 06:15:04,954 | WARNING  | [ANOMALY] Price spike detected: EURGBP-OTC 2026-07-28 03:50:00 change: -0.0003
2026-07-29 06:15:04,954 | WARNING  | [ANOMALY] Price spike detected: EURUSD 2026-07-28 09:10:00 change: -0.0001
2026-07-29 06:15:04,954 | WARNING  | [ANOMALY] Price spike detected: GBPUSD-OTC 2026-07-28 03:25:00 change: 0.0001
2026-07-29 06:15:04,954 | WARNING  | [ANOMALY] Price spike detected: EURGBP 2026-07-28 06:15:00 change: 0.0000
2026-07-29 06:15:04,955 | WARNING  | [ANOMALY] Price spike detected: EURGBP-OTC 2026-07-28 03:55:00 change: 0.0007
2026-07-29 06:15:04,955 | INFO     | [CSVWriter] Successfully wrote 378 rows to data_base/csv/iq_option\GBPUSD-OTC\GBPUSD-OTC_M1.csv
2026-07-29 06:15:04,955 | WARNING  | [ANOMALY] Price spike detected: EURUSD 2026-07-28 09:15:00 change: 0.0000
2026-07-29 06:15:04,955 | WARNING  | [ANOMALY] Price spike detected: GBPUSD-OTC 2026-07-28 03:30:00 change: 0.0002
2026-07-29 06:15:04,955 | WARNING  | [ANOMALY] Price spike detected: EURGBP 2026-07-28 06:20:00 change: 0.0001
2026-07-29 06:15:04,956 | WARNING  | [ANOMALY] Price spike detected: EURGBP-OTC 2026-07-28 04:00:00 change: -0.0004
2026-07-29 06:15:04,956 | INFO     | [CSVQueue] Successfully processed write for data_base/csv/iq_option\GBPUSD-OTC\GBPUSD-OTC_M1.csv
2026-07-29 06:15:04,956 | WARNING  | [ANOMALY] Price spike detected: EURUSD 2026-07-28 09:20:00 change: -0.0000
2026-07-29 06:15:04,956 | WARNING  | [ANOMALY] Price spike detected: GBPUSD-OTC 2026-07-28 03:35:00 change: 0.0002
2026-07-29 06:15:04,956 | WARNING  | [ANOMALY] Price spike detected: EURGBP 2026-07-28 06:25:00 change: -0.0002
2026-07-29 06:15:04,956 | WARNING  | [ANOMALY] Price spike detected: EURGBP-OTC 2026-07-28 04:05:00 change: -0.0002
2026-07-29 06:15:04,956 | INFO     | [CSVQueue] Queue size: 0
2026-07-29 06:15:04,957 | WARNING  | [ANOMALY] Price spike detected: EURUSD 2026-07-28 09:25:00 change: -0.0001
2026-07-29 06:15:04,957 | WARNING  | [ANOMALY] Price spike detected: GBPUSD-OTC 2026-07-28 03:40:00 change: -0.0005
2026-07-29 06:15:04,957 | WARNING  | [ANOMALY] Price spike detected: EURGBP 2026-07-28 06:30:00 change: 0.0002
2026-07-29 06:15:04,957 | WARNING  | [ANOMALY] Price spike detected: EURGBP-OTC 2026-07-28 04:10:00 change: 0.0005
2026-07-29 06:15:04,957 | WARNING  | [ANOMALY] Price spike detected: EURUSD 2026-07-28 09:30:00 change: -0.0001
2026-07-29 06:15:04,957 | WARNING  | [ANOMALY] Price spike detected: GBPUSD-OTC 2026-07-28 03:45:00 change: -0.0005
2026-07-29 06:15:04,958 | WARNING  | [ANOMALY] Price spike detected: EURGBP 2026-07-28 06:35:00 change: -0.0001
2026-07-29 06:15:04,958 | WARNING  | [ANOMALY] Price spike detected: EURGBP-OTC 2026-07-28 04:15:00 change: -0.0018
2026-07-29 06:15:04,958 | WARNING  | [ANOMALY] Price spike detected: EURUSD 2026-07-28 09:40:00 change: -0.0002
2026-07-29 06:15:04,958 | WARNING  | [ANOMALY] Price spike detected: GBPUSD-OTC 2026-07-28 03:50:00 change: -0.0005
2026-07-29 06:15:04,958 | WARNING  | [ANOMALY] Price spike detected: EURGBP 2026-07-28 06:40:00 change: -0.0001
2026-07-29 06:15:04,958 | WARNING  | [ANOMALY] Price spike detected: EURGBP-OTC 2026-07-28 04:20:00 change: -0.0004
2026-07-29 06:15:04,959 | WARNING  | [ANOMALY] Price spike detected: EURUSD 2026-07-28 09:45:00 change: -0.0001
2026-07-29 06:15:04,959 | WARNING  | [ANOMALY] Price spike detected: GBPUSD-OTC 2026-07-28 03:55:00 change: 0.0005
2026-07-29 06:15:04,959 | WARNING  | [ANOMALY] Price spike detected: EURGBP 2026-07-28 06:45:00 change: 0.0000
2026-07-29 06:15:04,960 | WARNING  | [ANOMALY] Price spike detected: EURGBP-OTC 2026-07-28 04:30:00 change: 0.0007
2026-07-29 06:15:04,960 | WARNING  | [ANOMALY] Price spike detected: EURUSD 2026-07-28 09:50:00 change: -0.0001
2026-07-29 06:15:04,960 | WARNING  | [ANOMALY] Price spike detected: GBPUSD-OTC 2026-07-28 04:05:00 change: -0.0009
2026-07-29 06:15:04,960 | WARNING  | [ANOMALY] Price spike detected: EURGBP 2026-07-28 06:50:00 change: -0.0001
2026-07-29 06:15:04,960 | WARNING  | [ANOMALY] Price spike detected: EURGBP-OTC 2026-07-28 04:35:00 change: -0.0011
2026-07-29 06:15:04,960 | WARNING  | [ANOMALY] Price spike detected: EURUSD 2026-07-28 09:55:00 change: -0.0003
2026-07-29 06:15:04,961 | WARNING  | [ANOMALY] Price spike detected: GBPUSD-OTC 2026-07-28 04:10:00 change: 0.0009
2026-07-29 06:15:04,961 | WARNING  | [ANOMALY] Price spike detected: EURGBP 2026-07-28 06:55:00 change: -0.0003
2026-07-29 06:15:04,961 | WARNING  | [ANOMALY] Price spike detected: EURGBP-OTC 2026-07-28 04:40:00 change: -0.0008
2026-07-29 06:15:04,961 | WARNING  | [ANOMALY] Price spike detected: EURUSD 2026-07-28 10:00:00 change: -0.0000
2026-07-29 06:15:04,961 | WARNING  | [ANOMALY] Price spike detected: GBPUSD-OTC 2026-07-28 04:20:00 change: 0.0013
2026-07-29 06:15:04,961 | WARNING  | [ANOMALY] Price spike detected: EURGBP 2026-07-28 07:00:00 change: 0.0002
2026-07-29 06:15:04,962 | WARNING  | [ANOMALY] Price spike detected: EURGBP-OTC 2026-07-28 04:50:00 change: 0.0006
2026-07-29 06:15:04,962 | WARNING  | [ANOMALY] Price spike detected: EURUSD 2026-07-28 10:05:00 change: -0.0001
2026-07-29 06:15:04,962 | WARNING  | [ANOMALY] Price spike detected: GBPUSD-OTC 2026-07-28 04:25:00 change: 0.0002
2026-07-29 06:15:04,962 | WARNING  | [ANOMALY] Price spike detected: EURGBP 2026-07-28 07:05:00 change: -0.0001
2026-07-29 06:15:04,962 | WARNING  | [ANOMALY] Price spike detected: EURGBP-OTC 2026-07-28 05:00:00 change: 0.0002
2026-07-29 06:15:04,962 | WARNING  | [ANOMALY] Price spike detected: EURUSD 2026-07-28 10:10:00 change: 0.0002
2026-07-29 06:15:04,963 | WARNING  | [ANOMALY] Price spike detected: GBPUSD-OTC 2026-07-28 04:30:00 change: 0.0011
2026-07-29 06:15:04,963 | WARNING  | [ANOMALY] Price spike detected: EURGBP 2026-07-28 07:15:00 change: -0.0001
2026-07-29 06:15:04,963 | WARNING  | [ANOMALY] Price spike detected: EURGBP-OTC 2026-07-28 05:10:00 change: 0.0006
2026-07-29 06:15:04,963 | WARNING  | [ANOMALY] Price spike detected: EURUSD 2026-07-28 10:15:00 change: -0.0001
2026-07-29 06:15:04,963 | WARNING  | [ANOMALY] Price spike detected: GBPUSD-OTC 2026-07-28 04:35:00 change: -0.0007
2026-07-29 06:15:04,963 | WARNING  | [ANOMALY] Price spike detected: EURGBP 2026-07-28 07:20:00 change: -0.0002
2026-07-29 06:15:04,964 | WARNING  | [ANOMALY] Price spike detected: EURGBP-OTC 2026-07-28 05:15:00 change: 0.0005
2026-07-29 06:15:04,964 | WARNING  | [ANOMALY] Price spike detected: EURUSD 2026-07-28 10:20:00 change: 0.0002
2026-07-29 06:15:04,964 | WARNING  | [ANOMALY] Price spike detected: GBPUSD-OTC 2026-07-28 04:40:00 change: 0.0008
2026-07-29 06:15:04,964 | WARNING  | [ANOMALY] Price spike detected: EURGBP 2026-07-28 07:25:00 change: -0.0000
2026-07-29 06:15:04,964 | WARNING  | [ANOMALY] Price spike detected: EURGBP-OTC 2026-07-28 05:20:00 change: -0.0012
2026-07-29 06:15:04,964 | WARNING  | [ANOMALY] Price spike detected: EURUSD 2026-07-28 10:25:00 change: -0.0001
2026-07-29 06:15:04,965 | WARNING  | [ANOMALY] Price spike detected: GBPUSD-OTC 2026-07-28 04:45:00 change: 0.0015
2026-07-29 06:15:04,965 | WARNING  | [ANOMALY] Price spike detected: EURGBP 2026-07-28 07:35:00 change: 0.0003
2026-07-29 06:15:04,965 | WARNING  | [ANOMALY] Price spike detected: EURGBP-OTC 2026-07-28 05:25:00 change: 0.0006
2026-07-29 06:15:04,965 | WARNING  | [ANOMALY] Price spike detected: EURUSD 2026-07-28 10:30:00 change: 0.0003
2026-07-29 06:15:04,965 | WARNING  | [ANOMALY] Price spike detected: GBPUSD-OTC 2026-07-28 04:55:00 change: 0.0010
2026-07-29 06:15:04,965 | WARNING  | [ANOMALY] Price spike detected: EURGBP 2026-07-28 07:45:00 change: 0.0001
2026-07-29 06:15:04,965 | WARNING  | [ANOMALY] Price spike detected: EURGBP-OTC 2026-07-28 05:30:00 change: 0.0004
2026-07-29 06:15:04,966 | WARNING  | [ANOMALY] Price spike detected: EURUSD 2026-07-28 10:35:00 change: 0.0001
2026-07-29 06:15:04,966 | WARNING  | [ANOMALY] Price spike detected: GBPUSD-OTC 2026-07-28 05:00:00 change: -0.0009
2026-07-29 06:15:04,966 | WARNING  | [ANOMALY] Price spike detected: EURGBP 2026-07-28 07:50:00 change: -0.0002
2026-07-29 06:15:04,966 | WARNING  | [ANOMALY] Price spike detected: EURGBP-OTC 2026-07-28 05:35:00 change: 0.0002
2026-07-29 06:15:04,966 | WARNING  | [ANOMALY] Price spike detected: EURUSD 2026-07-28 10:40:00 change: -0.0003
2026-07-29 06:15:04,966 | WARNING  | [ANOMALY] Price spike detected: GBPUSD-OTC 2026-07-28 05:10:00 change: 0.0009
2026-07-29 06:15:04,966 | WARNING  | [ANOMALY] Price spike detected: EURGBP 2026-07-28 07:55:00 change: 0.0002
2026-07-29 06:15:04,967 | WARNING  | [ANOMALY] Price spike detected: EURGBP-OTC 2026-07-28 05:40:00 change: 0.0003
2026-07-29 06:15:04,967 | WARNING  | [ANOMALY] Price spike detected: EURUSD 2026-07-28 10:45:00 change: 0.0001
2026-07-29 06:15:04,967 | WARNING  | [ANOMALY] Price spike detected: GBPUSD-OTC 2026-07-28 05:15:00 change: -0.0003
2026-07-29 06:15:04,967 | WARNING  | [ANOMALY] Price spike detected: EURGBP 2026-07-28 08:00:00 change: -0.0004
2026-07-29 06:15:04,967 | WARNING  | [ANOMALY] Price spike detected: EURGBP-OTC 2026-07-28 05:45:00 change: 0.0002
2026-07-29 06:15:04,967 | WARNING  | [ANOMALY] Price spike detected: EURUSD 2026-07-28 10:50:00 change: 0.0003
2026-07-29 06:15:04,968 | WARNING  | [ANOMALY] Price spike detected: GBPUSD-OTC 2026-07-28 05:20:00 change: -0.0004
2026-07-29 06:15:04,968 | WARNING  | [ANOMALY] Price spike detected: EURGBP 2026-07-28 08:05:00 change: 0.0001
2026-07-29 06:15:04,968 | WARNING  | [ANOMALY] Price spike detected: EURGBP-OTC 2026-07-28 05:50:00 change: 0.0007
2026-07-29 06:15:04,968 | WARNING  | [ANOMALY] Price spike detected: EURUSD 2026-07-28 10:55:00 change: -0.0001
2026-07-29 06:15:04,968 | WARNING  | [ANOMALY] Price spike detected: GBPUSD-OTC 2026-07-28 05:30:00 change: 0.0002
2026-07-29 06:15:04,968 | WARNING  | [ANOMALY] Price spike detected: EURGBP 2026-07-28 08:25:00 change: 0.0001
2026-07-29 06:15:04,969 | WARNING  | [ANOMALY] Price spike detected: EURGBP-OTC 2026-07-28 05:55:00 change: 0.0006
2026-07-29 06:15:04,969 | WARNING  | [ANOMALY] Price spike detected: EURUSD 2026-07-28 11:00:00 change: -0.0001
2026-07-29 06:15:04,969 | WARNING  | [ANOMALY] Price spike detected: GBPUSD-OTC 2026-07-28 05:35:00 change: 0.0006
2026-07-29 06:15:04,969 | WARNING  | [ANOMALY] Price spike detected: EURGBP 2026-07-28 08:35:00 change: 0.0003
2026-07-29 06:15:04,969 | WARNING  | [ANOMALY] Price spike detected: EURGBP-OTC 2026-07-28 06:00:00 change: -0.0003
2026-07-29 06:15:04,969 | WARNING  | [ANOMALY] Price spike detected: EURUSD 2026-07-28 11:05:00 change: -0.0002
2026-07-29 06:15:04,970 | WARNING  | [ANOMALY] Price spike detected: GBPUSD-OTC 2026-07-28 05:45:00 change: 0.0010
2026-07-29 06:15:04,970 | WARNING  | [ANOMALY] Price spike detected: EURGBP 2026-07-28 08:40:00 change: -0.0001
2026-07-29 06:15:04,970 | WARNING  | [ANOMALY] Price spike detected: EURGBP-OTC 2026-07-28 06:20:00 change: -0.0002
2026-07-29 06:15:04,970 | WARNING  | [ANOMALY] Price spike detected: EURUSD 2026-07-28 11:10:00 change: 0.0001
2026-07-29 06:15:04,970 | WARNING  | [ANOMALY] Price spike detected: GBPUSD-OTC 2026-07-28 05:50:00 change: 0.0005
2026-07-29 06:15:04,970 | WARNING  | [ANOMALY] Price spike detected: EURGBP 2026-07-28 08:45:00 change: -0.0001
2026-07-29 06:15:04,970 | WARNING  | [ANOMALY] Price spike detected: EURGBP-OTC 2026-07-28 06:30:00 change: -0.0004
2026-07-29 06:15:04,971 | WARNING  | [ANOMALY] Price spike detected: EURUSD 2026-07-28 11:15:00 change: 0.0003
2026-07-29 06:15:04,971 | WARNING  | [ANOMALY] Price spike detected: GBPUSD-OTC 2026-07-28 05:55:00 change: -0.0011
2026-07-29 06:15:04,971 | WARNING  | [ANOMALY] Price spike detected: EURGBP 2026-07-28 08:50:00 change: 0.0001
2026-07-29 06:15:04,971 | WARNING  | [ANOMALY] Price spike detected: EURGBP-OTC 2026-07-28 06:35:00 change: 0.0002
2026-07-29 06:15:04,971 | WARNING  | [ANOMALY] Price spike detected: EURUSD 2026-07-28 11:20:00 change: 0.0002
2026-07-29 06:15:04,971 | WARNING  | [ANOMALY] Price spike detected: GBPUSD-OTC 2026-07-28 06:00:00 change: 0.0004
2026-07-29 06:15:04,972 | WARNING  | [ANOMALY] Price spike detected: EURGBP 2026-07-28 08:55:00 change: -0.0001
2026-07-29 06:15:04,972 | WARNING  | [ANOMALY] Price spike detected: EURGBP-OTC 2026-07-28 06:40:00 change: 0.0007
2026-07-29 06:15:04,972 | WARNING  | [ANOMALY] Price spike detected: EURUSD 2026-07-28 11:25:00 change: 0.0001
2026-07-29 06:15:04,972 | WARNING  | [ANOMALY] Price spike detected: GBPUSD-OTC 2026-07-28 06:10:00 change: 0.0004
2026-07-29 06:15:04,972 | WARNING  | [ANOMALY] Price spike detected: EURGBP 2026-07-28 09:05:00 change: 0.0002
2026-07-29 06:15:04,973 | WARNING  | [ANOMALY] Price spike detected: EURGBP-OTC 2026-07-28 06:45:00 change: 0.0002
2026-07-29 06:15:04,973 | WARNING  | [ANOMALY] Price spike detected: EURUSD 2026-07-28 11:30:00 change: -0.0001
2026-07-29 06:15:04,973 | WARNING  | [ANOMALY] Price spike detected: GBPUSD-OTC 2026-07-28 06:15:00 change: 0.0005
2026-07-29 06:15:04,973 | WARNING  | [ANOMALY] Price spike detected: EURGBP 2026-07-28 09:15:00 change: 0.0001
2026-07-29 06:15:04,973 | WARNING  | [ANOMALY] Price spike detected: EURGBP-OTC 2026-07-28 06:55:00 change: -0.0002
2026-07-29 06:15:04,973 | WARNING  | [ANOMALY] Price spike detected: EURUSD 2026-07-28 11:35:00 change: 0.0002
2026-07-29 06:15:04,974 | WARNING  | [ANOMALY] Price spike detected: GBPUSD-OTC 2026-07-28 06:20:00 change: -0.0006
2026-07-29 06:15:04,974 | WARNING  | [ANOMALY] Price spike detected: EURGBP 2026-07-28 09:30:00 change: 0.0001
2026-07-29 06:15:04,974 | WARNING  | [ANOMALY] Price spike detected: EURGBP-OTC 2026-07-28 07:10:00 change: -0.0008
2026-07-29 06:15:04,974 | WARNING  | [ANOMALY] Price spike detected: EURUSD 2026-07-28 11:40:00 change: -0.0002
2026-07-29 06:15:04,974 | WARNING  | [ANOMALY] Price spike detected: GBPUSD-OTC 2026-07-28 06:25:00 change: 0.0004
2026-07-29 06:15:04,974 | WARNING  | [ANOMALY] Price spike detected: EURGBP 2026-07-28 09:35:00 change: -0.0001
2026-07-29 06:15:04,975 | WARNING  | [ANOMALY] Price spike detected: EURGBP-OTC 2026-07-28 07:15:00 change: 0.0006
2026-07-29 06:15:04,975 | WARNING  | [ANOMALY] Price spike detected: EURUSD 2026-07-28 11:45:00 change: -0.0001
2026-07-29 06:15:04,975 | WARNING  | [ANOMALY] Price spike detected: GBPUSD-OTC 2026-07-28 06:30:00 change: -0.0005
2026-07-29 06:15:04,975 | WARNING  | [ANOMALY] Price spike detected: EURGBP 2026-07-28 09:40:00 change: 0.0001
2026-07-29 06:15:04,975 | WARNING  | [ANOMALY] Price spike detected: EURGBP-OTC 2026-07-28 07:20:00 change: 0.0006
2026-07-29 06:15:04,975 | WARNING  | [ANOMALY] Price spike detected: EURUSD 2026-07-28 11:50:00 change: 0.0002
2026-07-29 06:15:04,976 | WARNING  | [ANOMALY] Price spike detected: GBPUSD-OTC 2026-07-28 06:35:00 change: 0.0009
2026-07-29 06:15:04,976 | WARNING  | [ANOMALY] Price spike detected: EURGBP 2026-07-28 09:45:00 change: 0.0000
2026-07-29 06:15:04,976 | WARNING  | [ANOMALY] Price spike detected: EURGBP-OTC 2026-07-28 07:25:00 change: -0.0009
2026-07-29 06:15:04,976 | WARNING  | [ANOMALY] Price spike detected: EURUSD 2026-07-28 11:55:00 change: 0.0001
2026-07-29 06:15:04,976 | WARNING  | [ANOMALY] Price spike detected: GBPUSD-OTC 2026-07-28 06:40:00 change: 0.0010
2026-07-29 06:15:04,976 | WARNING  | [ANOMALY] Price spike detected: EURGBP 2026-07-28 09:50:00 change: 0.0002
2026-07-29 06:15:04,977 | WARNING  | [ANOMALY] Price spike detected: EURGBP-OTC 2026-07-28 07:30:00 change: 0.0007
2026-07-29 06:15:04,977 | WARNING  | [ANOMALY] Price spike detected: EURUSD 2026-07-28 12:00:00 change: -0.0001
2026-07-29 06:15:04,977 | WARNING  | [ANOMALY] Price spike detected: GBPUSD-OTC 2026-07-28 06:55:00 change: 0.0010
2026-07-29 06:15:04,977 | WARNING  | [ANOMALY] Price spike detected: EURGBP 2026-07-28 09:55:00 change: -0.0002
2026-07-29 06:15:04,977 | WARNING  | [ANOMALY] Price spike detected: EURGBP-OTC 2026-07-28 07:35:00 change: -0.0008
2026-07-29 06:15:04,977 | WARNING  | [ANOMALY] Price spike detected: EURUSD 2026-07-28 12:05:00 change: 0.0003
2026-07-29 06:15:04,978 | WARNING  | [ANOMALY] Price spike detected: GBPUSD-OTC 2026-07-28 07:00:00 change: -0.0006
2026-07-29 06:15:04,978 | WARNING  | [ANOMALY] Price spike detected: EURGBP 2026-07-28 10:00:00 change: 0.0001
2026-07-29 06:15:04,978 | WARNING  | [ANOMALY] Price spike detected: EURGBP-OTC 2026-07-28 07:40:00 change: -0.0006
2026-07-29 06:15:04,978 | WARNING  | [ANOMALY] Price spike detected: EURUSD 2026-07-28 12:10:00 change: -0.0001
2026-07-29 06:15:04,978 | WARNING  | [ANOMALY] Price spike detected: GBPUSD-OTC 2026-07-28 07:05:00 change: -0.0005
2026-07-29 06:15:04,979 | WARNING  | [ANOMALY] Price spike detected: EURGBP 2026-07-28 10:10:00 change: 0.0001
2026-07-29 06:15:04,979 | WARNING  | [ANOMALY] Price spike detected: EURGBP-OTC 2026-07-28 07:50:00 change: -0.0003
2026-07-29 06:15:04,979 | WARNING  | [ANOMALY] Price spike detected: EURUSD 2026-07-28 12:20:00 change: -0.0001
2026-07-29 06:15:04,979 | WARNING  | [ANOMALY] Price spike detected: GBPUSD-OTC 2026-07-28 07:10:00 change: 0.0003
2026-07-29 06:15:04,979 | WARNING  | [ANOMALY] Price spike detected: EURGBP 2026-07-28 10:15:00 change: 0.0001
2026-07-29 06:15:04,979 | WARNING  | [ANOMALY] Price spike detected: EURGBP-OTC 2026-07-28 07:55:00 change: 0.0002
2026-07-29 06:15:04,980 | WARNING  | [ANOMALY] Price spike detected: EURUSD 2026-07-28 12:25:00 change: -0.0001
2026-07-29 06:15:04,980 | WARNING  | [ANOMALY] Price spike detected: GBPUSD-OTC 2026-07-28 07:15:00 change: 0.0006
2026-07-29 06:15:04,980 | WARNING  | [ANOMALY] Price spike detected: EURGBP 2026-07-28 10:20:00 change: -0.0002
2026-07-29 06:15:04,980 | WARNING  | [ANOMALY] Price spike detected: EURGBP-OTC 2026-07-28 08:10:00 change: 0.0002
2026-07-29 06:15:04,980 | WARNING  | [ANOMALY] Price spike detected: EURUSD 2026-07-28 12:40:00 change: 0.0002
2026-07-29 06:15:04,980 | WARNING  | [ANOMALY] Price spike detected: GBPUSD-OTC 2026-07-28 07:20:00 change: -0.0009
2026-07-29 06:15:04,981 | WARNING  | [ANOMALY] Price spike detected: EURGBP 2026-07-28 10:30:00 change: 0.0001
2026-07-29 06:15:04,981 | WARNING  | [ANOMALY] Price spike detected: EURGBP-OTC 2026-07-28 08:15:00 change: -0.0005
2026-07-29 06:15:04,981 | WARNING  | [ANOMALY] Price spike detected: EURUSD 2026-07-28 12:45:00 change: 0.0002
2026-07-29 06:15:04,981 | WARNING  | [ANOMALY] Price spike detected: GBPUSD-OTC 2026-07-28 07:25:00 change: 0.0010
2026-07-29 06:15:04,981 | WARNING  | [ANOMALY] Price spike detected: EURGBP 2026-07-28 10:45:00 change: 0.0002
2026-07-29 06:15:04,981 | WARNING  | [ANOMALY] Price spike detected: EURGBP-OTC 2026-07-28 08:20:00 change: 0.0006
2026-07-29 06:15:04,982 | WARNING  | [ANOMALY] Price spike detected: EURUSD 2026-07-28 12:50:00 change: -0.0002
2026-07-29 06:15:04,982 | WARNING  | [ANOMALY] Price spike detected: GBPUSD-OTC 2026-07-28 07:30:00 change: -0.0005
2026-07-29 06:15:04,982 | WARNING  | [ANOMALY] Price spike detected: EURGBP 2026-07-28 10:50:00 change: 0.0000
2026-07-29 06:15:04,982 | WARNING  | [ANOMALY] Price spike detected: EURGBP-OTC 2026-07-28 08:25:00 change: 0.0009
2026-07-29 06:15:04,982 | WARNING  | [ANOMALY] Price spike detected: EURUSD 2026-07-28 13:00:00 change: 0.0002
2026-07-29 06:15:04,982 | WARNING  | [ANOMALY] Price spike detected: GBPUSD-OTC 2026-07-28 07:35:00 change: -0.0006
2026-07-29 06:15:04,983 | WARNING  | [ANOMALY] Price spike detected: EURGBP 2026-07-28 10:55:00 change: -0.0002
2026-07-29 06:15:04,983 | WARNING  | [ANOMALY] Price spike detected: EURGBP-OTC 2026-07-28 08:40:00 change: -0.0008
2026-07-29 06:15:04,983 | WARNING  | [ANOMALY] Price spike detected: EURUSD 2026-07-28 13:05:00 change: 0.0002
2026-07-29 06:15:04,983 | WARNING  | [ANOMALY] Price spike detected: GBPUSD-OTC 2026-07-28 07:40:00 change: 0.0005
2026-07-29 06:15:04,983 | WARNING  | [ANOMALY] Price spike detected: EURGBP 2026-07-28 11:00:00 change: 0.0001
2026-07-29 06:15:04,983 | WARNING  | [ANOMALY] Price spike detected: EURGBP-OTC 2026-07-28 08:45:00 change: 0.0004
2026-07-29 06:15:04,984 | WARNING  | [ANOMALY] Price spike detected: EURUSD 2026-07-28 13:10:00 change: -0.0002
2026-07-29 06:15:04,984 | WARNING  | [ANOMALY] Price spike detected: GBPUSD-OTC 2026-07-28 07:50:00 change: -0.0008
2026-07-29 06:15:04,984 | WARNING  | [ANOMALY] Price spike detected: EURGBP 2026-07-28 11:05:00 change: -0.0002
2026-07-29 06:15:04,984 | WARNING  | [ANOMALY] Price spike detected: EURGBP-OTC 2026-07-28 08:55:00 change: -0.0007
2026-07-29 06:15:04,984 | WARNING  | [ANOMALY] Price spike detected: EURUSD 2026-07-28 13:15:00 change: 0.0001
2026-07-29 06:15:04,984 | WARNING  | [ANOMALY] Price spike detected: GBPUSD-OTC 2026-07-28 07:55:00 change: 0.0003
2026-07-29 06:15:04,985 | WARNING  | [ANOMALY] Price spike detected: EURGBP 2026-07-28 11:10:00 change: 0.0002
2026-07-29 06:15:04,985 | WARNING  | [ANOMALY] Price spike detected: EURGBP-OTC 2026-07-28 09:00:00 change: -0.0003
2026-07-29 06:15:04,985 | WARNING  | [ANOMALY] Price spike detected: EURUSD 2026-07-28 13:25:00 change: -0.0001
2026-07-29 06:15:04,985 | WARNING  | [ANOMALY] Price spike detected: GBPUSD-OTC 2026-07-28 08:00:00 change: 0.0005
2026-07-29 06:15:04,985 | WARNING  | [ANOMALY] Price spike detected: EURGBP 2026-07-28 11:15:00 change: 0.0001
2026-07-29 06:15:04,985 | WARNING  | [ANOMALY] Price spike detected: EURGBP-OTC 2026-07-28 09:05:00 change: 0.0009
2026-07-29 06:15:04,986 | WARNING  | [ANOMALY] Price spike detected: EURUSD 2026-07-28 13:30:00 change: 0.0002
2026-07-29 06:15:04,986 | WARNING  | [ANOMALY] Price spike detected: GBPUSD-OTC 2026-07-28 08:05:00 change: -0.0002
2026-07-29 06:15:04,986 | WARNING  | [ANOMALY] Price spike detected: EURGBP 2026-07-28 11:25:00 change: 0.0002
2026-07-29 06:15:04,986 | WARNING  | [ANOMALY] Price spike detected: EURGBP-OTC 2026-07-28 09:10:00 change: 0.0013
2026-07-29 06:15:04,986 | WARNING  | [ANOMALY] Price spike detected: EURUSD 2026-07-28 13:35:00 change: -0.0001
2026-07-29 06:15:04,986 | WARNING  | [ANOMALY] Price spike detected: GBPUSD-OTC 2026-07-28 08:10:00 change: -0.0003
2026-07-29 06:15:04,987 | WARNING  | [ANOMALY] Price spike detected: EURGBP 2026-07-28 11:30:00 change: -0.0001
2026-07-29 06:15:04,987 | WARNING  | [ANOMALY] Price spike detected: EURGBP-OTC 2026-07-28 09:15:00 change: 0.0007
2026-07-29 06:15:04,987 | WARNING  | [ANOMALY] Price spike detected: EURUSD 2026-07-28 13:40:00 change: 0.0001
2026-07-29 06:15:04,987 | WARNING  | [ANOMALY] Price spike detected: GBPUSD-OTC 2026-07-28 08:20:00 change: -0.0002
2026-07-29 06:15:04,987 | WARNING  | [ANOMALY] Price spike detected: EURGBP 2026-07-28 11:35:00 change: 0.0001
2026-07-29 06:15:04,987 | WARNING  | [ANOMALY] Price spike detected: EURGBP-OTC 2026-07-28 09:20:00 change: -0.0003
2026-07-29 06:15:04,988 | WARNING  | [ANOMALY] Price spike detected: EURUSD 2026-07-28 13:45:00 change: 0.0003
2026-07-29 06:15:04,988 | WARNING  | [ANOMALY] Price spike detected: GBPUSD-OTC 2026-07-28 08:25:00 change: -0.0003
2026-07-29 06:15:04,988 | WARNING  | [ANOMALY] Price spike detected: EURGBP 2026-07-28 11:40:00 change: -0.0001
2026-07-29 06:15:04,988 | WARNING  | [ANOMALY] Price spike detected: EURGBP-OTC 2026-07-28 09:25:00 change: 0.0006
2026-07-29 06:15:04,988 | WARNING  | [ANOMALY] Price spike detected: EURUSD 2026-07-28 14:00:00 change: 0.0001
2026-07-29 06:15:04,988 | WARNING  | [ANOMALY] Price spike detected: GBPUSD-OTC 2026-07-28 08:30:00 change: 0.0005
2026-07-29 06:15:04,989 | WARNING  | [ANOMALY] Price spike detected: EURGBP 2026-07-28 11:50:00 change: 0.0002
2026-07-29 06:15:04,989 | WARNING  | [ANOMALY] Price spike detected: EURGBP-OTC 2026-07-28 09:30:00 change: 0.0008
2026-07-29 06:15:04,989 | WARNING  | [ANOMALY] Price spike detected: EURUSD 2026-07-28 14:05:00 change: 0.0001
2026-07-29 06:15:04,989 | WARNING  | [ANOMALY] Price spike detected: GBPUSD-OTC 2026-07-28 08:35:00 change: -0.0002
2026-07-29 06:15:04,989 | WARNING  | [ANOMALY] Price spike detected: EURGBP 2026-07-28 12:00:00 change: -0.0004
2026-07-29 06:15:04,989 | WARNING  | [ANOMALY] Price spike detected: EURGBP-OTC 2026-07-28 09:35:00 change: -0.0006
2026-07-29 06:15:04,989 | WARNING  | [ANOMALY] Price spike detected: EURUSD 2026-07-28 14:10:00 change: -0.0001
2026-07-29 06:15:04,989 | WARNING  | [ANOMALY] Price spike detected: GBPUSD-OTC 2026-07-28 08:45:00 change: -0.0013
2026-07-29 06:15:04,989 | WARNING  | [ANOMALY] Price spike detected: EURGBP 2026-07-28 12:10:00 change: -0.0001
2026-07-29 06:15:04,990 | WARNING  | [ANOMALY] Price spike detected: EURGBP-OTC 2026-07-28 09:40:00 change: -0.0007
2026-07-29 06:15:04,990 | WARNING  | [ANOMALY] Price spike detected: EURUSD 2026-07-28 14:15:00 change: -0.0001
2026-07-29 06:15:04,990 | WARNING  | [ANOMALY] Price spike detected: GBPUSD-OTC 2026-07-28 08:50:00 change: 0.0003
2026-07-29 06:15:04,990 | WARNING  | [ANOMALY] Price spike detected: EURGBP 2026-07-28 12:15:00 change: -0.0001
2026-07-29 06:15:04,990 | WARNING  | [ANOMALY] Price spike detected: EURGBP-OTC 2026-07-28 09:45:00 change: -0.0010
2026-07-29 06:15:04,990 | WARNING  | [ANOMALY] Price spike detected: EURUSD 2026-07-28 14:20:00 change: 0.0002
2026-07-29 06:15:04,991 | WARNING  | [ANOMALY] Price spike detected: GBPUSD-OTC 2026-07-28 08:55:00 change: -0.0006
2026-07-29 06:15:04,991 | WARNING  | [ANOMALY] Price spike detected: EURGBP 2026-07-28 12:20:00 change: -0.0001
2026-07-29 06:15:04,991 | WARNING  | [ANOMALY] Price spike detected: EURGBP-OTC 2026-07-28 09:55:00 change: -0.0004
2026-07-29 06:15:04,991 | WARNING  | [ANOMALY] Price spike detected: EURUSD 2026-07-28 14:25:00 change: 0.0003
2026-07-29 06:15:04,991 | WARNING  | [ANOMALY] Price spike detected: GBPUSD-OTC 2026-07-28 09:00:00 change: 0.0005
2026-07-29 06:15:04,991 | WARNING  | [ANOMALY] Price spike detected: EURGBP 2026-07-28 12:30:00 change: -0.0002
2026-07-29 06:15:04,992 | WARNING  | [ANOMALY] Price spike detected: EURGBP-OTC 2026-07-28 10:05:00 change: -0.0011
2026-07-29 06:15:04,992 | WARNING  | [ANOMALY] Price spike detected: EURUSD 2026-07-28 14:30:00 change: -0.0001
2026-07-29 06:15:04,992 | WARNING  | [ANOMALY] Price spike detected: GBPUSD-OTC 2026-07-28 09:05:00 change: -0.0008
2026-07-29 06:15:04,992 | WARNING  | [ANOMALY] Price spike detected: EURGBP 2026-07-28 12:35:00 change: -0.0001
2026-07-29 06:15:04,992 | WARNING  | [ANOMALY] Price spike detected: EURGBP-OTC 2026-07-28 10:15:00 change: -0.0008
2026-07-29 06:15:04,992 | WARNING  | [ANOMALY] Price spike detected: EURUSD 2026-07-28 14:40:00 change: 0.0002
2026-07-29 06:15:04,993 | WARNING  | [ANOMALY] Price spike detected: GBPUSD-OTC 2026-07-28 09:10:00 change: -0.0007
2026-07-29 06:15:04,993 | WARNING  | [ANOMALY] Price spike detected: EURGBP 2026-07-28 12:40:00 change: -0.0001
2026-07-29 06:15:04,993 | WARNING  | [ANOMALY] Price spike detected: EURGBP-OTC 2026-07-28 10:20:00 change: -0.0005
2026-07-29 06:15:04,993 | WARNING  | [ANOMALY] Price spike detected: EURUSD 2026-07-28 14:45:00 change: -0.0001
2026-07-29 06:15:04,993 | WARNING  | [ANOMALY] Price spike detected: GBPUSD-OTC 2026-07-28 09:20:00 change: 0.0004
2026-07-29 06:15:04,994 | WARNING  | [ANOMALY] Price spike detected: EURGBP 2026-07-28 12:45:00 change: -0.0001
2026-07-29 06:15:04,994 | WARNING  | [ANOMALY] Price spike detected: EURGBP-OTC 2026-07-28 10:25:00 change: -0.0007
2026-07-29 06:15:04,994 | WARNING  | [ANOMALY] Price spike detected: EURUSD 2026-07-28 14:50:00 change: 0.0005
2026-07-29 06:15:04,995 | WARNING  | [ANOMALY] Price spike detected: GBPUSD-OTC 2026-07-28 09:25:00 change: 0.0002
2026-07-29 06:15:04,995 | WARNING  | [ANOMALY] Price spike detected: EURGBP 2026-07-28 12:55:00 change: -0.0001
2026-07-29 06:15:04,995 | WARNING  | [ANOMALY] Price spike detected: EURGBP-OTC 2026-07-28 10:30:00 change: -0.0006
2026-07-29 06:15:04,995 | WARNING  | [ANOMALY] Price spike detected: EURUSD 2026-07-28 14:55:00 change: 0.0002
2026-07-29 06:15:04,996 | WARNING  | [ANOMALY] Price spike detected: GBPUSD-OTC 2026-07-28 09:30:00 change: -0.0004
2026-07-29 06:15:04,996 | WARNING  | [ANOMALY] Price spike detected: EURGBP 2026-07-28 13:00:00 change: 0.0001
2026-07-29 06:15:04,997 | WARNING  | [ANOMALY] Price spike detected: EURGBP-OTC 2026-07-28 10:35:00 change: 0.0004
2026-07-29 06:15:04,997 | WARNING  | [ANOMALY] Price spike detected: EURUSD 2026-07-28 15:00:00 change: -0.0001
2026-07-29 06:15:04,997 | WARNING  | [ANOMALY] Price spike detected: GBPUSD-OTC 2026-07-28 09:35:00 change: -0.0016
2026-07-29 06:15:04,997 | WARNING  | [ANOMALY] Price spike detected: EURGBP 2026-07-28 13:10:00 change: 0.0001
2026-07-29 06:15:04,998 | WARNING  | [ANOMALY] Price spike detected: EURGBP-OTC 2026-07-28 10:45:00 change: 0.0005
2026-07-29 06:15:04,998 | WARNING  | [ANOMALY] Price spike detected: EURUSD 2026-07-28 15:05:00 change: 0.0003
2026-07-29 06:15:04,998 | WARNING  | [ANOMALY] Price spike detected: GBPUSD-OTC 2026-07-28 09:45:00 change: 0.0007
2026-07-29 06:15:04,998 | WARNING  | [ANOMALY] Price spike detected: EURGBP 2026-07-28 13:15:00 change: 0.0002
2026-07-29 06:15:04,999 | WARNING  | [ANOMALY] Price spike detected: EURGBP-OTC 2026-07-28 10:50:00 change: -0.0007
2026-07-29 06:15:04,999 | WARNING  | [ANOMALY] Price spike detected: EURUSD 2026-07-28 15:10:00 change: 0.0006
2026-07-29 06:15:04,999 | WARNING  | [ANOMALY] Price spike detected: GBPUSD-OTC 2026-07-28 09:50:00 change: -0.0005
2026-07-29 06:15:04,999 | WARNING  | [ANOMALY] Price spike detected: EURGBP 2026-07-28 13:20:00 change: -0.0001
2026-07-29 06:15:04,999 | WARNING  | [ANOMALY] Price spike detected: EURGBP-OTC 2026-07-28 10:55:00 change: -0.0011
2026-07-29 06:15:04,999 | WARNING  | [ANOMALY] Price spike detected: EURUSD 2026-07-28 15:15:00 change: 0.0001
2026-07-29 06:15:05,000 | WARNING  | [ANOMALY] Price spike detected: GBPUSD-OTC 2026-07-28 09:55:00 change: 0.0007
2026-07-29 06:15:05,000 | WARNING  | [ANOMALY] Price spike detected: EURGBP 2026-07-28 13:30:00 change: 0.0000
2026-07-29 06:15:05,000 | WARNING  | [ANOMALY] Price spike detected: EURGBP-OTC 2026-07-28 11:00:00 change: -0.0003
2026-07-29 06:15:05,000 | WARNING  | [ANOMALY] Price spike detected: EURUSD 2026-07-28 15:20:00 change: -0.0001
2026-07-29 06:15:05,000 | WARNING  | [ANOMALY] Price spike detected: GBPUSD-OTC 2026-07-28 10:00:00 change: -0.0004
2026-07-29 06:15:05,000 | WARNING  | [ANOMALY] Price spike detected: EURGBP 2026-07-28 13:35:00 change: 0.0001
2026-07-29 06:15:05,000 | WARNING  | [ANOMALY] Price spike detected: EURGBP-OTC 2026-07-28 11:05:00 change: -0.0008
2026-07-29 06:15:05,001 | WARNING  | [ANOMALY] Price spike detected: EURUSD 2026-07-28 15:25:00 change: 0.0001
2026-07-29 06:15:05,001 | WARNING  | [ANOMALY] Price spike detected: GBPUSD-OTC 2026-07-28 10:05:00 change: -0.0004
2026-07-29 06:15:05,001 | WARNING  | [ANOMALY] Price spike detected: EURGBP 2026-07-28 13:45:00 change: -0.0001
2026-07-29 06:15:05,002 | WARNING  | [ANOMALY] Price spike detected: EURGBP-OTC 2026-07-28 11:10:00 change: 0.0006
2026-07-29 06:15:05,002 | WARNING  | [ANOMALY] Price spike detected: EURUSD 2026-07-28 15:30:00 change: 0.0001
2026-07-29 06:15:05,002 | WARNING  | [ANOMALY] Price spike detected: GBPUSD-OTC 2026-07-28 10:10:00 change: 0.0010
2026-07-29 06:15:05,002 | WARNING  | [ANOMALY] Price spike detected: EURGBP 2026-07-28 13:50:00 change: 0.0002
2026-07-29 06:15:05,002 | WARNING  | [ANOMALY] Price spike detected: EURGBP-OTC 2026-07-28 11:15:00 change: -0.0007
2026-07-29 06:15:05,002 | WARNING  | [ANOMALY] Price spike detected: EURUSD 2026-07-28 15:35:00 change: -0.0001
2026-07-29 06:15:05,002 | WARNING  | [ANOMALY] Price spike detected: GBPUSD-OTC 2026-07-28 10:15:00 change: -0.0006
2026-07-29 06:15:05,003 | WARNING  | [ANOMALY] Price spike detected: EURGBP 2026-07-28 13:55:00 change: -0.0001
2026-07-29 06:15:05,003 | WARNING  | [ANOMALY] Price spike detected: EURGBP-OTC 2026-07-28 11:20:00 change: 0.0007
2026-07-29 06:15:05,003 | WARNING  | [ANOMALY] Price spike detected: EURUSD 2026-07-28 15:40:00 change: 0.0005
2026-07-29 06:15:05,003 | WARNING  | [ANOMALY] Price spike detected: GBPUSD-OTC 2026-07-28 10:20:00 change: -0.0004
2026-07-29 06:15:05,003 | WARNING  | [ANOMALY] Price spike detected: EURGBP 2026-07-28 14:00:00 change: 0.0002
2026-07-29 06:15:05,004 | WARNING  | [ANOMALY] Price spike detected: EURGBP-OTC 2026-07-28 11:25:00 change: 0.0003
2026-07-29 06:15:05,004 | WARNING  | [ANOMALY] Price spike detected: EURUSD 2026-07-28 15:45:00 change: -0.0002
2026-07-29 06:15:05,004 | WARNING  | [ANOMALY] Price spike detected: GBPUSD-OTC 2026-07-28 10:25:00 change: -0.0007
2026-07-29 06:15:05,004 | WARNING  | [ANOMALY] Price spike detected: EURGBP 2026-07-28 14:05:00 change: 0.0002
2026-07-29 06:15:05,004 | WARNING  | [ANOMALY] Price spike detected: EURGBP-OTC 2026-07-28 11:30:00 change: -0.0004
2026-07-29 06:15:05,004 | WARNING  | [ANOMALY] Price spike detected: EURUSD 2026-07-28 15:55:00 change: 0.0001
2026-07-29 06:15:05,004 | WARNING  | [ANOMALY] Price spike detected: GBPUSD-OTC 2026-07-28 10:30:00 change: -0.0008
2026-07-29 06:15:05,005 | WARNING  | [ANOMALY] Price spike detected: EURGBP 2026-07-28 14:10:00 change: 0.0003
2026-07-29 06:15:05,005 | WARNING  | [ANOMALY] Price spike detected: EURGBP-OTC 2026-07-28 11:35:00 change: 0.0005
2026-07-29 06:15:05,005 | WARNING  | [ANOMALY] Price spike detected: EURUSD 2026-07-28 16:05:00 change: 0.0001
2026-07-29 06:15:05,005 | WARNING  | [ANOMALY] Price spike detected: GBPUSD-OTC 2026-07-28 10:35:00 change: 0.0002
2026-07-29 06:15:05,005 | WARNING  | [ANOMALY] Price spike detected: EURGBP 2026-07-28 14:15:00 change: 0.0001
2026-07-29 06:15:05,005 | WARNING  | [ANOMALY] Price spike detected: EURGBP-OTC 2026-07-28 11:45:00 change: -0.0002
2026-07-29 06:15:05,006 | WARNING  | [ANOMALY] Price spike detected: EURUSD 2026-07-28 16:15:00 change: 0.0001
2026-07-29 06:15:05,006 | WARNING  | [ANOMALY] Price spike detected: GBPUSD-OTC 2026-07-28 10:40:00 change: 0.0004
2026-07-29 06:15:05,006 | WARNING  | [ANOMALY] Price spike detected: EURGBP 2026-07-28 14:20:00 change: 0.0002
2026-07-29 06:15:05,006 | WARNING  | [ANOMALY] Price spike detected: EURGBP-OTC 2026-07-28 11:50:00 change: -0.0005
2026-07-29 06:15:05,006 | WARNING  | [ANOMALY] Price spike detected: EURUSD 2026-07-28 16:25:00 change: 0.0001
2026-07-29 06:15:05,006 | WARNING  | [ANOMALY] Price spike detected: GBPUSD-OTC 2026-07-28 10:45:00 change: -0.0004
2026-07-29 06:15:05,007 | WARNING  | [ANOMALY] Price spike detected: EURGBP 2026-07-28 14:25:00 change: 0.0001
2026-07-29 06:15:05,007 | WARNING  | [ANOMALY] Price spike detected: EURGBP-OTC 2026-07-28 11:55:00 change: -0.0005
2026-07-29 06:15:05,007 | WARNING  | [ANOMALY] Price spike detected: EURUSD 2026-07-28 16:30:00 change: -0.0001
2026-07-29 06:15:05,007 | WARNING  | [ANOMALY] Price spike detected: GBPUSD-OTC 2026-07-28 10:50:00 change: 0.0003
2026-07-29 06:15:05,007 | WARNING  | [ANOMALY] Price spike detected: EURGBP 2026-07-28 14:35:00 change: 0.0001
2026-07-29 06:15:05,007 | WARNING  | [ANOMALY] Price spike detected: EURGBP-OTC 2026-07-28 12:00:00 change: -0.0010
2026-07-29 06:15:05,007 | WARNING  | [ANOMALY] Price spike detected: EURUSD 2026-07-28 16:35:00 change: -0.0002
2026-07-29 06:15:05,007 | WARNING  | [ANOMALY] Price spike detected: GBPUSD-OTC 2026-07-28 10:55:00 change: -0.0008
2026-07-29 06:15:05,008 | WARNING  | [ANOMALY] Price spike detected: EURGBP 2026-07-28 14:40:00 change: 0.0002
2026-07-29 06:15:05,008 | WARNING  | [ANOMALY] Price spike detected: EURGBP-OTC 2026-07-28 12:10:00 change: 0.0004
2026-07-29 06:15:05,008 | WARNING  | [ANOMALY] Price spike detected: EURUSD 2026-07-28 16:40:00 change: -0.0002
2026-07-29 06:15:05,008 | WARNING  | [ANOMALY] Price spike detected: GBPUSD-OTC 2026-07-28 11:00:00 change: -0.0002
2026-07-29 06:15:05,009 | WARNING  | [ANOMALY] Price spike detected: EURGBP 2026-07-28 14:45:00 change: -0.0002
2026-07-29 06:15:05,009 | WARNING  | [ANOMALY] Price spike detected: EURGBP-OTC 2026-07-28 12:15:00 change: 0.0003
2026-07-29 06:15:05,009 | WARNING  | [ANOMALY] Price spike detected: EURUSD 2026-07-28 16:45:00 change: -0.0003
2026-07-29 06:15:05,009 | WARNING  | [ANOMALY] Price spike detected: GBPUSD-OTC 2026-07-28 11:05:00 change: -0.0005
2026-07-29 06:15:05,009 | WARNING  | [ANOMALY] Price spike detected: EURGBP 2026-07-28 14:50:00 change: 0.0005
2026-07-29 06:15:05,010 | WARNING  | [ANOMALY] Price spike detected: EURGBP-OTC 2026-07-28 12:20:00 change: 0.0002
2026-07-29 06:15:05,010 | WARNING  | [ANOMALY] Price spike detected: EURUSD 2026-07-28 16:50:00 change: 0.0001
2026-07-29 06:15:05,010 | WARNING  | [ANOMALY] Price spike detected: GBPUSD-OTC 2026-07-28 11:10:00 change: -0.0018
2026-07-29 06:15:05,010 | WARNING  | [ANOMALY] Price spike detected: EURGBP 2026-07-28 14:55:00 change: 0.0004
2026-07-29 06:15:05,010 | WARNING  | [ANOMALY] Price spike detected: EURGBP-OTC 2026-07-28 12:25:00 change: 0.0003
2026-07-29 06:15:05,011 | WARNING  | [ANOMALY] Price spike detected: EURUSD 2026-07-28 16:55:00 change: -0.0002
2026-07-29 06:15:05,011 | WARNING  | [ANOMALY] Price spike detected: GBPUSD-OTC 2026-07-28 11:20:00 change: -0.0008
2026-07-29 06:15:05,011 | WARNING  | [ANOMALY] Price spike detected: EURGBP 2026-07-28 15:00:00 change: -0.0001
2026-07-29 06:15:05,011 | WARNING  | [ANOMALY] Price spike detected: EURGBP-OTC 2026-07-28 12:30:00 change: 0.0002
2026-07-29 06:15:05,011 | WARNING  | [ANOMALY] Price spike detected: EURUSD 2026-07-28 17:00:00 change: 0.0001
2026-07-29 06:15:05,011 | WARNING  | [ANOMALY] Price spike detected: GBPUSD-OTC 2026-07-28 11:30:00 change: -0.0002
2026-07-29 06:15:05,012 | WARNING  | [ANOMALY] Price spike detected: EURGBP 2026-07-28 15:05:00 change: -0.0001
2026-07-29 06:15:05,012 | WARNING  | [ANOMALY] Price spike detected: EURGBP-OTC 2026-07-28 12:40:00 change: -0.0003
2026-07-29 06:15:05,012 | WARNING  | [ANOMALY] Price spike detected: EURUSD 2026-07-28 17:05:00 change: -0.0001
2026-07-29 06:15:05,012 | WARNING  | [ANOMALY] Price spike detected: GBPUSD-OTC 2026-07-28 11:35:00 change: 0.0011
2026-07-29 06:15:05,012 | WARNING  | [ANOMALY] Price spike detected: EURGBP 2026-07-28 15:10:00 change: 0.0001
2026-07-29 06:15:05,012 | WARNING  | [ANOMALY] Price spike detected: EURGBP-OTC 2026-07-28 12:55:00 change: -0.0006
2026-07-29 06:15:05,012 | WARNING  | [ANOMALY] Price spike detected: EURUSD 2026-07-28 17:10:00 change: -0.0001
2026-07-29 06:15:05,013 | WARNING  | [ANOMALY] Price spike detected: GBPUSD-OTC 2026-07-28 11:40:00 change: 0.0003
2026-07-29 06:15:05,013 | WARNING  | [ANOMALY] Price spike detected: EURGBP 2026-07-28 15:20:00 change: 0.0001
2026-07-29 06:15:05,013 | WARNING  | [ANOMALY] Price spike detected: EURGBP-OTC 2026-07-28 13:05:00 change: 0.0013
2026-07-29 06:15:05,014 | WARNING  | [ANOMALY] Price spike detected: EURUSD 2026-07-28 17:20:00 change: -0.0001
2026-07-29 06:15:05,014 | WARNING  | [ANOMALY] Price spike detected: GBPUSD-OTC 2026-07-28 11:45:00 change: -0.0006
2026-07-29 06:15:05,014 | WARNING  | [ANOMALY] Price spike detected: EURGBP 2026-07-28 15:25:00 change: -0.0001
2026-07-29 06:15:05,014 | WARNING  | [ANOMALY] Price spike detected: EURGBP-OTC 2026-07-28 13:10:00 change: -0.0002
2026-07-29 06:15:05,014 | WARNING  | [ANOMALY] Price spike detected: EURUSD 2026-07-28 17:30:00 change: 0.0001
2026-07-29 06:15:05,014 | WARNING  | [ANOMALY] Price spike detected: GBPUSD-OTC 2026-07-28 11:50:00 change: 0.0007
2026-07-29 06:15:05,015 | WARNING  | [ANOMALY] Price spike detected: EURGBP 2026-07-28 15:30:00 change: -0.0001
2026-07-29 06:15:05,015 | WARNING  | [ANOMALY] Price spike detected: EURGBP-OTC 2026-07-28 13:15:00 change: -0.0003
2026-07-29 06:15:05,015 | WARNING  | [ANOMALY] Price spike detected: EURUSD 2026-07-28 17:35:00 change: -0.0000
2026-07-29 06:15:05,015 | WARNING  | [ANOMALY] Price spike detected: GBPUSD-OTC 2026-07-28 11:55:00 change: 0.0005
2026-07-29 06:15:05,015 | WARNING  | [ANOMALY] Price spike detected: EURGBP 2026-07-28 15:35:00 change: 0.0002
2026-07-29 06:15:05,015 | WARNING  | [ANOMALY] Price spike detected: EURGBP-OTC 2026-07-28 13:20:00 change: -0.0002
2026-07-29 06:15:05,015 | WARNING  | [ANOMALY] Price spike detected: EURUSD 2026-07-28 17:40:00 change: -0.0001
2026-07-29 06:15:05,016 | WARNING  | [ANOMALY] Price spike detected: GBPUSD-OTC 2026-07-28 12:10:00 change: -0.0012
2026-07-29 06:15:05,016 | WARNING  | [ANOMALY] Price spike detected: EURGBP 2026-07-28 15:45:00 change: -0.0002
2026-07-29 06:15:05,016 | WARNING  | [ANOMALY] Price spike detected: EURGBP-OTC 2026-07-28 13:35:00 change: 0.0003
2026-07-29 06:15:05,016 | WARNING  | [ANOMALY] Price spike detected: EURUSD 2026-07-28 17:45:00 change: -0.0001
2026-07-29 06:15:05,016 | WARNING  | [ANOMALY] Price spike detected: GBPUSD-OTC 2026-07-28 12:15:00 change: 0.0008
2026-07-29 06:15:05,016 | WARNING  | [ANOMALY] Price spike detected: EURGBP 2026-07-28 15:50:00 change: 0.0002
2026-07-29 06:15:05,017 | WARNING  | [ANOMALY] Price spike detected: EURGBP-OTC 2026-07-28 13:40:00 change: -0.0005
2026-07-29 06:15:05,017 | WARNING  | [ANOMALY] Price spike detected: EURUSD 2026-07-28 17:50:00 change: -0.0000
2026-07-29 06:15:05,017 | WARNING  | [ANOMALY] Price spike detected: GBPUSD-OTC 2026-07-28 12:20:00 change: 0.0005
2026-07-29 06:15:05,017 | WARNING  | [ANOMALY] Price spike detected: EURGBP 2026-07-28 15:55:00 change: -0.0001
2026-07-29 06:15:05,017 | WARNING  | [ANOMALY] Price spike detected: EURGBP-OTC 2026-07-28 13:50:00 change: 0.0004
2026-07-29 06:15:05,017 | WARNING  | [ANOMALY] Price spike detected: EURUSD 2026-07-28 17:55:00 change: -0.0001
2026-07-29 06:15:05,018 | WARNING  | [ANOMALY] Price spike detected: GBPUSD-OTC 2026-07-28 12:25:00 change: -0.0004
2026-07-29 06:15:05,018 | WARNING  | [ANOMALY] Price spike detected: EURGBP 2026-07-28 16:00:00 change: 0.0001
2026-07-29 06:15:05,018 | WARNING  | [ANOMALY] Price spike detected: EURGBP-OTC 2026-07-28 13:55:00 change: 0.0006
2026-07-29 06:15:05,018 | WARNING  | [ANOMALY] Price spike detected: EURUSD 2026-07-28 18:05:00 change: 0.0000
2026-07-29 06:15:05,018 | WARNING  | [ANOMALY] Price spike detected: GBPUSD-OTC 2026-07-28 12:35:00 change: 0.0004
2026-07-29 06:15:05,018 | WARNING  | [ANOMALY] Price spike detected: EURGBP 2026-07-28 16:05:00 change: 0.0001
2026-07-29 06:15:05,018 | WARNING  | [ANOMALY] Price spike detected: EURGBP-OTC 2026-07-28 14:00:00 change: -0.0004
2026-07-29 06:15:05,019 | WARNING  | [ANOMALY] Price spike detected: EURUSD 2026-07-28 18:10:00 change: -0.0000
2026-07-29 06:15:05,019 | WARNING  | [ANOMALY] Price spike detected: GBPUSD-OTC 2026-07-28 12:40:00 change: 0.0004
2026-07-29 06:15:05,019 | WARNING  | [ANOMALY] Price spike detected: EURGBP 2026-07-28 16:10:00 change: 0.0002
2026-07-29 06:15:05,019 | WARNING  | [ANOMALY] Price spike detected: EURGBP-OTC 2026-07-28 14:05:00 change: -0.0003
2026-07-29 06:15:05,019 | WARNING  | [ANOMALY] Price spike detected: EURUSD 2026-07-28 18:15:00 change: 0.0001
2026-07-29 06:15:05,019 | WARNING  | [ANOMALY] Price spike detected: GBPUSD-OTC 2026-07-28 12:45:00 change: -0.0012
2026-07-29 06:15:05,020 | WARNING  | [ANOMALY] Price spike detected: EURGBP 2026-07-28 16:15:00 change: 0.0002
2026-07-29 06:15:05,020 | WARNING  | [ANOMALY] Price spike detected: EURGBP-OTC 2026-07-28 14:10:00 change: -0.0003
2026-07-29 06:15:05,020 | WARNING  | [ANOMALY] Price spike detected: EURUSD 2026-07-28 18:20:00 change: -0.0002
2026-07-29 06:15:05,020 | WARNING  | [ANOMALY] Price spike detected: GBPUSD-OTC 2026-07-28 12:50:00 change: -0.0013
2026-07-29 06:15:05,020 | WARNING  | [ANOMALY] Price spike detected: EURGBP 2026-07-28 16:20:00 change: -0.0001
2026-07-29 06:15:05,020 | WARNING  | [ANOMALY] Price spike detected: EURGBP-OTC 2026-07-28 14:15:00 change: -0.0003
2026-07-29 06:15:05,020 | WARNING  | [ANOMALY] Price spike detected: EURUSD 2026-07-28 18:25:00 change: -0.0001
2026-07-29 06:15:05,020 | WARNING  | [ANOMALY] Price spike detected: GBPUSD-OTC 2026-07-28 13:00:00 change: 0.0011
2026-07-29 06:15:05,020 | WARNING  | [ANOMALY] Price spike detected: EURGBP 2026-07-28 16:25:00 change: 0.0001
2026-07-29 06:15:05,020 | WARNING  | [ANOMALY] Price spike detected: EURGBP-OTC 2026-07-28 14:20:00 change: 0.0002
2026-07-29 06:15:05,021 | WARNING  | [ANOMALY] Price spike detected: EURUSD 2026-07-28 18:35:00 change: 0.0001
2026-07-29 06:15:05,021 | WARNING  | [ANOMALY] Price spike detected: GBPUSD-OTC 2026-07-28 13:05:00 change: 0.0006
2026-07-29 06:15:05,021 | WARNING  | [ANOMALY] Price spike detected: EURGBP 2026-07-28 16:35:00 change: -0.0003
2026-07-29 06:15:05,021 | WARNING  | [ANOMALY] Price spike detected: EURGBP-OTC 2026-07-28 14:25:00 change: 0.0009
2026-07-29 06:15:05,021 | WARNING  | [ANOMALY] Price spike detected: EURUSD 2026-07-28 18:45:00 change: -0.0001
2026-07-29 06:15:05,022 | WARNING  | [ANOMALY] Price spike detected: GBPUSD-OTC 2026-07-28 13:15:00 change: 0.0006
2026-07-29 06:15:05,022 | WARNING  | [ANOMALY] Price spike detected: EURGBP 2026-07-28 16:40:00 change: 0.0002
2026-07-29 06:15:05,022 | WARNING  | [ANOMALY] Price spike detected: EURGBP-OTC 2026-07-28 14:30:00 change: -0.0002
2026-07-29 06:15:05,022 | WARNING  | [ANOMALY] Price spike detected: EURUSD 2026-07-28 19:00:00 change: 0.0001
2026-07-29 06:15:05,023 | WARNING  | [ANOMALY] Price spike detected: GBPUSD-OTC 2026-07-28 13:20:00 change: 0.0006
2026-07-29 06:15:05,023 | WARNING  | [ANOMALY] Price spike detected: EURGBP 2026-07-28 16:50:00 change: -0.0001
2026-07-29 06:15:05,023 | WARNING  | [ANOMALY] Price spike detected: EURGBP-OTC 2026-07-28 14:35:00 change: 0.0009
2026-07-29 06:15:05,024 | WARNING  | [ANOMALY] Price spike detected: EURUSD 2026-07-28 19:05:00 change: 0.0001
2026-07-29 06:15:05,024 | WARNING  | [ANOMALY] Price spike detected: GBPUSD-OTC 2026-07-28 13:25:00 change: -0.0006
2026-07-29 06:15:05,024 | WARNING  | [ANOMALY] Price spike detected: EURGBP 2026-07-28 17:00:00 change: -0.0001
2026-07-29 06:15:05,025 | WARNING  | [ANOMALY] Price spike detected: EURGBP-OTC 2026-07-28 14:40:00 change: 0.0002
2026-07-29 06:15:05,025 | WARNING  | [ANOMALY] Price spike detected: EURUSD 2026-07-28 19:10:00 change: -0.0001
2026-07-29 06:15:05,025 | WARNING  | [ANOMALY] Price spike detected: GBPUSD-OTC 2026-07-28 13:30:00 change: 0.0005
2026-07-29 06:15:05,025 | WARNING  | [ANOMALY] Price spike detected: EURGBP 2026-07-28 17:05:00 change: -0.0000
2026-07-29 06:15:05,025 | WARNING  | [ANOMALY] Price spike detected: EURGBP-OTC 2026-07-28 14:50:00 change: 0.0008
2026-07-29 06:15:05,026 | WARNING  | [ANOMALY] Price spike detected: EURUSD 2026-07-28 19:15:00 change: 0.0002
2026-07-29 06:15:05,026 | WARNING  | [ANOMALY] Price spike detected: GBPUSD-OTC 2026-07-28 13:35:00 change: 0.0011
2026-07-29 06:15:05,026 | WARNING  | [ANOMALY] Price spike detected: EURGBP 2026-07-28 17:15:00 change: -0.0000
2026-07-29 06:15:05,026 | WARNING  | [ANOMALY] Price spike detected: EURGBP-OTC 2026-07-28 14:55:00 change: -0.0003
2026-07-29 06:15:05,026 | WARNING  | [ANOMALY] Price spike detected: EURUSD 2026-07-28 19:25:00 change: -0.0001
2026-07-29 06:15:05,026 | WARNING  | [ANOMALY] Price spike detected: GBPUSD-OTC 2026-07-28 13:40:00 change: 0.0007
2026-07-29 06:15:05,026 | WARNING  | [ANOMALY] Price spike detected: EURGBP 2026-07-28 17:25:00 change: -0.0000
2026-07-29 06:15:05,027 | WARNING  | [ANOMALY] Price spike detected: EURGBP-OTC 2026-07-28 15:00:00 change: -0.0004
2026-07-29 06:15:05,027 | WARNING  | [ANOMALY] Price spike detected: EURUSD 2026-07-28 19:30:00 change: 0.0001
2026-07-29 06:15:05,027 | WARNING  | [ANOMALY] Price spike detected: GBPUSD-OTC 2026-07-28 13:45:00 change: -0.0006
2026-07-29 06:15:05,027 | WARNING  | [ANOMALY] Price spike detected: EURGBP 2026-07-28 17:30:00 change: 0.0000
2026-07-29 06:15:05,027 | WARNING  | [ANOMALY] Price spike detected: EURGBP-OTC 2026-07-28 15:05:00 change: -0.0004
2026-07-29 06:15:05,027 | WARNING  | [ANOMALY] Price spike detected: EURUSD 2026-07-28 19:35:00 change: -0.0000
2026-07-29 06:15:05,027 | WARNING  | [ANOMALY] Price spike detected: GBPUSD-OTC 2026-07-28 13:55:00 change: 0.0004
2026-07-29 06:15:05,028 | WARNING  | [ANOMALY] Price spike detected: EURGBP 2026-07-28 17:35:00 change: 0.0001
2026-07-29 06:15:05,028 | WARNING  | [ANOMALY] Price spike detected: EURGBP-OTC 2026-07-28 15:10:00 change: -0.0004
2026-07-29 06:15:05,028 | WARNING  | [ANOMALY] Price spike detected: EURUSD 2026-07-28 19:40:00 change: 0.0000
2026-07-29 06:15:05,028 | WARNING  | [ANOMALY] Price spike detected: GBPUSD-OTC 2026-07-28 14:00:00 change: 0.0004
2026-07-29 06:15:05,028 | WARNING  | [ANOMALY] Price spike detected: EURGBP 2026-07-28 17:45:00 change: 0.0001
2026-07-29 06:15:05,028 | WARNING  | [ANOMALY] Price spike detected: EURGBP-OTC 2026-07-28 15:20:00 change: -0.0010
2026-07-29 06:15:05,029 | WARNING  | [ANOMALY] Price spike detected: EURUSD 2026-07-28 19:45:00 change: 0.0001
2026-07-29 06:15:05,029 | WARNING  | [ANOMALY] Price spike detected: GBPUSD-OTC 2026-07-28 14:05:00 change: 0.0008
2026-07-29 06:15:05,029 | WARNING  | [ANOMALY] Price spike detected: EURGBP 2026-07-28 17:50:00 change: 0.0000
2026-07-29 06:15:05,029 | WARNING  | [ANOMALY] Price spike detected: EURGBP-OTC 2026-07-28 15:30:00 change: -0.0004
2026-07-29 06:15:05,030 | WARNING  | [ANOMALY] Price spike detected: EURUSD 2026-07-28 19:50:00 change: -0.0000
2026-07-29 06:15:05,030 | WARNING  | [ANOMALY] Price spike detected: GBPUSD-OTC 2026-07-28 14:10:00 change: 0.0007
2026-07-29 06:15:05,030 | WARNING  | [ANOMALY] Price spike detected: EURGBP 2026-07-28 17:55:00 change: -0.0000
2026-07-29 06:15:05,030 | WARNING  | [ANOMALY] Price spike detected: EURGBP-OTC 2026-07-28 15:35:00 change: -0.0006
2026-07-29 06:15:05,030 | WARNING  | [ANOMALY] Price spike detected: EURUSD 2026-07-28 19:55:00 change: -0.0003
2026-07-29 06:15:05,030 | WARNING  | [ANOMALY] Price spike detected: GBPUSD-OTC 2026-07-28 14:15:00 change: -0.0014
2026-07-29 06:15:05,031 | WARNING  | [ANOMALY] Price spike detected: EURGBP 2026-07-28 18:00:00 change: 0.0001
2026-07-29 06:15:05,031 | WARNING  | [ANOMALY] Price spike detected: EURGBP-OTC 2026-07-28 15:40:00 change: 0.0011
2026-07-29 06:15:05,031 | WARNING  | [ANOMALY] Price spike detected: EURUSD 2026-07-28 20:10:00 change: 0.0001
2026-07-29 06:15:05,031 | WARNING  | [ANOMALY] Price spike detected: GBPUSD-OTC 2026-07-28 14:20:00 change: 0.0004
2026-07-29 06:15:05,031 | WARNING  | [ANOMALY] Price spike detected: EURGBP 2026-07-28 18:05:00 change: 0.0001
2026-07-29 06:15:05,031 | WARNING  | [ANOMALY] Price spike detected: EURGBP-OTC 2026-07-28 15:50:00 change: 0.0003
2026-07-29 06:15:05,031 | WARNING  | [ANOMALY] Price spike detected: EURUSD 2026-07-28 20:15:00 change: -0.0001
2026-07-29 06:15:05,032 | WARNING  | [ANOMALY] Price spike detected: GBPUSD-OTC 2026-07-28 14:35:00 change: 0.0008
2026-07-29 06:15:05,032 | WARNING  | [ANOMALY] Price spike detected: EURGBP 2026-07-28 18:10:00 change: -0.0000
2026-07-29 06:15:05,032 | WARNING  | [ANOMALY] Price spike detected: EURGBP-OTC 2026-07-28 15:55:00 change: -0.0005
2026-07-29 06:15:05,032 | WARNING  | [ANOMALY] Price spike detected: EURUSD 2026-07-28 20:25:00 change: -0.0001
2026-07-29 06:15:05,032 | WARNING  | [ANOMALY] Price spike detected: GBPUSD-OTC 2026-07-28 14:40:00 change: 0.0010
2026-07-29 06:15:05,032 | WARNING  | [ANOMALY] Price spike detected: EURGBP 2026-07-28 18:15:00 change: 0.0001
2026-07-29 06:15:05,033 | WARNING  | [ANOMALY] Price spike detected: EURGBP-OTC 2026-07-28 16:00:00 change: 0.0002
2026-07-29 06:15:05,033 | WARNING  | [ANOMALY] Price spike detected: EURUSD 2026-07-28 20:35:00 change: -0.0001
2026-07-29 06:15:05,033 | WARNING  | [ANOMALY] Price spike detected: GBPUSD-OTC 2026-07-28 14:45:00 change: 0.0003
2026-07-29 06:15:05,033 | WARNING  | [ANOMALY] Price spike detected: EURGBP 2026-07-28 18:20:00 change: -0.0000
2026-07-29 06:15:05,033 | WARNING  | [ANOMALY] Price spike detected: EURGBP-OTC 2026-07-28 16:15:00 change: -0.0002
2026-07-29 06:15:05,033 | WARNING  | [ANOMALY] Price spike detected: EURUSD 2026-07-28 20:40:00 change: 0.0001
2026-07-29 06:15:05,033 | WARNING  | [ANOMALY] Price spike detected: GBPUSD-OTC 2026-07-28 14:50:00 change: 0.0005
2026-07-29 06:15:05,034 | WARNING  | [ANOMALY] Price spike detected: EURGBP 2026-07-28 18:25:00 change: 0.0000
2026-07-29 06:15:05,034 | WARNING  | [ANOMALY] Price spike detected: EURGBP-OTC 2026-07-28 16:25:00 change: -0.0008
2026-07-29 06:15:05,034 | WARNING  | [ANOMALY] Price spike detected: EURUSD 2026-07-28 20:45:00 change: -0.0001
2026-07-29 06:15:05,034 | WARNING  | [ANOMALY] Price spike detected: GBPUSD-OTC 2026-07-28 14:55:00 change: -0.0005
2026-07-29 06:15:05,034 | WARNING  | [ANOMALY] Price spike detected: EURGBP 2026-07-28 18:30:00 change: -0.0001
2026-07-29 06:15:05,034 | WARNING  | [ANOMALY] Price spike detected: EURGBP-OTC 2026-07-28 16:30:00 change: -0.0007
2026-07-29 06:15:05,035 | WARNING  | [ANOMALY] Price spike detected: EURUSD 2026-07-28 21:00:00 change: 0.0003
2026-07-29 06:15:05,035 | WARNING  | [ANOMALY] Price spike detected: GBPUSD-OTC 2026-07-28 15:05:00 change: -0.0005
2026-07-29 06:15:05,035 | WARNING  | [ANOMALY] Price spike detected: EURGBP 2026-07-28 18:40:00 change: -0.0001
2026-07-29 06:15:05,035 | WARNING  | [ANOMALY] Price spike detected: EURGBP-OTC 2026-07-28 16:35:00 change: -0.0007
2026-07-29 06:15:05,035 | WARNING  | [ANOMALY] Price spike detected: EURUSD 2026-07-28 21:05:00 change: 0.0000
2026-07-29 06:15:05,035 | WARNING  | [ANOMALY] Price spike detected: GBPUSD-OTC 2026-07-28 15:15:00 change: -0.0004
2026-07-29 06:15:05,035 | WARNING  | [ANOMALY] Price spike detected: EURGBP 2026-07-28 18:50:00 change: -0.0001
2026-07-29 06:15:05,036 | WARNING  | [ANOMALY] Price spike detected: EURGBP-OTC 2026-07-28 16:40:00 change: 0.0006
2026-07-29 06:15:05,036 | WARNING  | [ANOMALY] Price spike detected: EURUSD 2026-07-28 21:10:00 change: 0.0001
2026-07-29 06:15:05,036 | WARNING  | [ANOMALY] Price spike detected: GBPUSD-OTC 2026-07-28 15:20:00 change: 0.0012
2026-07-29 06:15:05,036 | WARNING  | [ANOMALY] Price spike detected: EURGBP 2026-07-28 18:55:00 change: 0.0001
2026-07-29 06:15:05,036 | WARNING  | [ANOMALY] Price spike detected: EURGBP-OTC 2026-07-28 16:45:00 change: -0.0006
2026-07-29 06:15:05,036 | WARNING  | [ANOMALY] Price spike detected: EURUSD 2026-07-28 21:15:00 change: 0.0001
2026-07-29 06:15:05,037 | WARNING  | [ANOMALY] Price spike detected: GBPUSD-OTC 2026-07-28 15:25:00 change: -0.0004
2026-07-29 06:15:05,037 | WARNING  | [ANOMALY] Price spike detected: EURGBP 2026-07-28 19:00:00 change: 0.0000
2026-07-29 06:15:05,037 | WARNING  | [ANOMALY] Price spike detected: EURGBP-OTC 2026-07-28 16:55:00 change: -0.0007
2026-07-29 06:15:05,037 | WARNING  | [ANOMALY] Price spike detected: EURUSD 2026-07-28 21:25:00 change: -0.0000
2026-07-29 06:15:05,037 | WARNING  | [ANOMALY] Price spike detected: GBPUSD-OTC 2026-07-28 15:35:00 change: -0.0002
2026-07-29 06:15:05,037 | WARNING  | [ANOMALY] Price spike detected: EURGBP 2026-07-28 19:05:00 change: -0.0001
2026-07-29 06:15:05,037 | WARNING  | [ANOMALY] Price spike detected: EURGBP-OTC 2026-07-28 17:10:00 change: 0.0006
2026-07-29 06:15:05,038 | WARNING  | [ANOMALY] Price spike detected: EURUSD 2026-07-28 21:30:00 change: -0.0000
2026-07-29 06:15:05,038 | WARNING  | [ANOMALY] Price spike detected: GBPUSD-OTC 2026-07-28 15:40:00 change: -0.0006
2026-07-29 06:15:05,038 | WARNING  | [ANOMALY] Price spike detected: EURGBP 2026-07-28 19:15:00 change: -0.0000
2026-07-29 06:15:05,038 | WARNING  | [ANOMALY] Price spike detected: EURGBP-OTC 2026-07-28 17:15:00 change: 0.0007
2026-07-29 06:15:05,038 | WARNING  | [ANOMALY] Price spike detected: EURUSD 2026-07-28 21:35:00 change: 0.0001
2026-07-29 06:15:05,038 | WARNING  | [ANOMALY] Price spike detected: GBPUSD-OTC 2026-07-28 15:45:00 change: -0.0007
2026-07-29 06:15:05,039 | WARNING  | [ANOMALY] Price spike detected: EURGBP 2026-07-28 19:25:00 change: 0.0002
2026-07-29 06:15:05,039 | WARNING  | [ANOMALY] Price spike detected: EURGBP-OTC 2026-07-28 17:20:00 change: 0.0002
2026-07-29 06:15:05,039 | WARNING  | [ANOMALY] Price spike detected: EURUSD 2026-07-28 21:40:00 change: 0.0000
2026-07-29 06:15:05,039 | WARNING  | [ANOMALY] Price spike detected: GBPUSD-OTC 2026-07-28 15:50:00 change: -0.0002
2026-07-29 06:15:05,039 | WARNING  | [ANOMALY] Price spike detected: EURGBP 2026-07-28 19:30:00 change: 0.0000
2026-07-29 06:15:05,039 | WARNING  | [ANOMALY] Price spike detected: EURGBP-OTC 2026-07-28 17:35:00 change: 0.0002
2026-07-29 06:15:05,040 | WARNING  | [ANOMALY] Price spike detected: EURUSD 2026-07-28 21:45:00 change: -0.0000
2026-07-29 06:15:05,040 | WARNING  | [ANOMALY] Price spike detected: GBPUSD-OTC 2026-07-28 15:55:00 change: -0.0004
2026-07-29 06:15:05,040 | WARNING  | [ANOMALY] Price spike detected: EURGBP 2026-07-28 19:35:00 change: -0.0000
2026-07-29 06:15:05,040 | WARNING  | [ANOMALY] Price spike detected: EURGBP-OTC 2026-07-28 17:40:00 change: 0.0005
2026-07-29 06:15:05,040 | WARNING  | [ANOMALY] Price spike detected: EURUSD 2026-07-28 21:50:00 change: -0.0001
2026-07-29 06:15:05,041 | WARNING  | [ANOMALY] Price spike detected: GBPUSD-OTC 2026-07-28 16:15:00 change: -0.0001
2026-07-29 06:15:05,041 | WARNING  | [ANOMALY] Price spike detected: EURGBP 2026-07-28 19:40:00 change: 0.0000
2026-07-29 06:15:05,041 | WARNING  | [ANOMALY] Price spike detected: EURGBP-OTC 2026-07-28 17:45:00 change: 0.0008
2026-07-29 06:15:05,041 | WARNING  | [ANOMALY] Price spike detected: EURUSD 2026-07-28 21:55:00 change: -0.0001
2026-07-29 06:15:05,041 | WARNING  | [ANOMALY] Price spike detected: GBPUSD-OTC 2026-07-28 16:20:00 change: -0.0009
2026-07-29 06:15:05,041 | WARNING  | [ANOMALY] Price spike detected: EURGBP 2026-07-28 19:45:00 change: -0.0000
2026-07-29 06:15:05,042 | WARNING  | [ANOMALY] Price spike detected: EURGBP-OTC 2026-07-28 17:50:00 change: 0.0003
2026-07-29 06:15:05,042 | WARNING  | [ANOMALY] Price spike detected: EURUSD 2026-07-28 22:00:00 change: -0.0001
2026-07-29 06:15:05,042 | WARNING  | [ANOMALY] Price spike detected: GBPUSD-OTC 2026-07-28 16:25:00 change: -0.0004
2026-07-29 06:15:05,042 | WARNING  | [ANOMALY] Price spike detected: EURGBP 2026-07-28 19:50:00 change: -0.0000
2026-07-29 06:15:05,042 | WARNING  | [ANOMALY] Price spike detected: EURGBP-OTC 2026-07-28 17:55:00 change: 0.0008
2026-07-29 06:15:05,043 | WARNING  | [ANOMALY] Price spike detected: EURUSD 2026-07-28 22:10:00 change: -0.0002
2026-07-29 06:15:05,043 | WARNING  | [ANOMALY] Price spike detected: GBPUSD-OTC 2026-07-28 16:30:00 change: -0.0003
2026-07-29 06:15:05,043 | WARNING  | [ANOMALY] Price spike detected: EURGBP 2026-07-28 19:55:00 change: 0.0001
2026-07-29 06:15:05,043 | WARNING  | [ANOMALY] Price spike detected: EURGBP-OTC 2026-07-28 18:00:00 change: 0.0002
2026-07-29 06:15:05,043 | WARNING  | [ANOMALY] Price spike detected: EURUSD 2026-07-28 22:15:00 change: -0.0001
2026-07-29 06:15:05,044 | WARNING  | [ANOMALY] Price spike detected: GBPUSD-OTC 2026-07-28 16:35:00 change: 0.0001
2026-07-29 06:15:05,044 | WARNING  | [ANOMALY] Price spike detected: EURGBP 2026-07-28 20:00:00 change: 0.0000
2026-07-29 06:15:05,044 | WARNING  | [ANOMALY] Price spike detected: EURGBP-OTC 2026-07-28 18:05:00 change: 0.0006
2026-07-29 06:15:05,044 | WARNING  | [ANOMALY] Price spike detected: EURUSD 2026-07-28 22:20:00 change: -0.0002
2026-07-29 06:15:05,045 | WARNING  | [ANOMALY] Price spike detected: GBPUSD-OTC 2026-07-28 16:40:00 change: -0.0007
2026-07-29 06:15:05,045 | WARNING  | [ANOMALY] Price spike detected: EURGBP 2026-07-28 20:05:00 change: -0.0001
2026-07-29 06:15:05,045 | WARNING  | [ANOMALY] Price spike detected: EURGBP-OTC 2026-07-28 18:10:00 change: -0.0002
2026-07-29 06:15:05,045 | WARNING  | [ANOMALY] Price spike detected: EURUSD 2026-07-28 22:25:00 change: 0.0000
2026-07-29 06:15:05,045 | WARNING  | [ANOMALY] Price spike detected: GBPUSD-OTC 2026-07-28 16:45:00 change: 0.0007
2026-07-29 06:15:05,045 | WARNING  | [ANOMALY] Price spike detected: EURGBP 2026-07-28 20:15:00 change: 0.0000
2026-07-29 06:15:05,046 | WARNING  | [ANOMALY] Price spike detected: EURGBP-OTC 2026-07-28 18:20:00 change: 0.0005
2026-07-29 06:15:05,046 | WARNING  | [ANOMALY] Price spike detected: EURUSD 2026-07-28 22:30:00 change: 0.0001
2026-07-29 06:15:05,046 | WARNING  | [ANOMALY] Price spike detected: GBPUSD-OTC 2026-07-28 16:50:00 change: -0.0003
2026-07-29 06:15:05,046 | WARNING  | [ANOMALY] Price spike detected: EURGBP 2026-07-28 20:20:00 change: 0.0000
2026-07-29 06:15:05,046 | WARNING  | [ANOMALY] Price spike detected: EURGBP-OTC 2026-07-28 18:30:00 change: -0.0002
2026-07-29 06:15:05,047 | WARNING  | [ANOMALY] Price spike detected: EURUSD 2026-07-28 22:35:00 change: -0.0002
2026-07-29 06:15:05,047 | WARNING  | [ANOMALY] Price spike detected: GBPUSD-OTC 2026-07-28 16:55:00 change: 0.0005
2026-07-29 06:15:05,047 | WARNING  | [ANOMALY] Price spike detected: EURGBP 2026-07-28 20:25:00 change: -0.0000
2026-07-29 06:15:05,047 | WARNING  | [ANOMALY] Price spike detected: EURGBP-OTC 2026-07-28 18:35:00 change: 0.0013
2026-07-29 06:15:05,048 | WARNING  | [ANOMALY] Price spike detected: EURUSD 2026-07-28 22:40:00 change: 0.0000
2026-07-29 06:15:05,048 | WARNING  | [ANOMALY] Price spike detected: GBPUSD-OTC 2026-07-28 17:05:00 change: -0.0003
2026-07-29 06:15:05,048 | WARNING  | [ANOMALY] Price spike detected: EURGBP 2026-07-28 20:30:00 change: 0.0001
2026-07-29 06:15:05,048 | WARNING  | [ANOMALY] Price spike detected: EURGBP-OTC 2026-07-28 18:45:00 change: 0.0008
2026-07-29 06:15:05,048 | WARNING  | [ANOMALY] Price spike detected: EURUSD 2026-07-28 22:45:00 change: -0.0000
2026-07-29 06:15:05,048 | WARNING  | [ANOMALY] Price spike detected: GBPUSD-OTC 2026-07-28 17:10:00 change: 0.0015
2026-07-29 06:15:05,049 | WARNING  | [ANOMALY] Price spike detected: EURGBP 2026-07-28 20:35:00 change: -0.0001
2026-07-29 06:15:05,049 | WARNING  | [ANOMALY] Price spike detected: EURGBP-OTC 2026-07-28 18:50:00 change: -0.0010
2026-07-29 06:15:05,049 | WARNING  | [ANOMALY] Price spike detected: EURUSD 2026-07-28 23:00:00 change: -0.0001
2026-07-29 06:15:05,049 | WARNING  | [ANOMALY] Price spike detected: GBPUSD-OTC 2026-07-28 17:15:00 change: 0.0008
2026-07-29 06:15:05,049 | WARNING  | [ANOMALY] Price spike detected: EURGBP 2026-07-28 20:40:00 change: 0.0000
2026-07-29 06:15:05,049 | WARNING  | [ANOMALY] Price spike detected: EURGBP-OTC 2026-07-28 18:55:00 change: -0.0005
2026-07-29 06:15:05,050 | WARNING  | [ANOMALY] Price spike detected: EURUSD 2026-07-28 23:05:00 change: -0.0002
2026-07-29 06:15:05,050 | WARNING  | [ANOMALY] Price spike detected: GBPUSD-OTC 2026-07-28 17:20:00 change: 0.0007
2026-07-29 06:15:05,050 | WARNING  | [ANOMALY] Price spike detected: EURGBP 2026-07-28 20:45:00 change: 0.0001
2026-07-29 06:15:05,050 | WARNING  | [ANOMALY] Price spike detected: EURGBP-OTC 2026-07-28 19:00:00 change: 0.0003
2026-07-29 06:15:05,050 | WARNING  | [ANOMALY] Price spike detected: EURUSD 2026-07-28 23:10:00 change: 0.0002
2026-07-29 06:15:05,050 | WARNING  | [ANOMALY] Price spike detected: GBPUSD-OTC 2026-07-28 17:25:00 change: -0.0007
2026-07-29 06:15:05,050 | WARNING  | [ANOMALY] Price spike detected: EURGBP 2026-07-28 20:50:00 change: 0.0000
2026-07-29 06:15:05,050 | WARNING  | [ANOMALY] Price spike detected: EURGBP-OTC 2026-07-28 19:05:00 change: -0.0004
2026-07-29 06:15:05,052 | WARNING  | [ANOMALY] Price spike detected: GBPUSD-OTC 2026-07-28 17:35:00 change: -0.0005
2026-07-29 06:15:05,052 | WARNING  | [ANOMALY] Price spike detected: EURGBP 2026-07-28 20:55:00 change: -0.0002
2026-07-29 06:15:05,053 | WARNING  | [ANOMALY] Price spike detected: EURGBP-OTC 2026-07-28 19:10:00 change: 0.0002
2026-07-29 06:15:05,057 | WARNING  | [ANOMALY] Price spike detected: GBPUSD-OTC 2026-07-28 17:40:00 change: 0.0007
2026-07-29 06:15:05,058 | WARNING  | [ANOMALY] Price spike detected: EURGBP 2026-07-28 21:00:00 change: 0.0001
2026-07-29 06:15:05,058 | WARNING  | [ANOMALY] Price spike detected: EURGBP-OTC 2026-07-28 19:15:00 change: -0.0003
2026-07-29 06:15:05,058 | WARNING  | [ANOMALY] Price spike detected: GBPUSD-OTC 2026-07-28 17:45:00 change: 0.0005
2026-07-29 06:15:05,060 | WARNING  | [ANOMALY] Price spike detected: EURGBP 2026-07-28 21:05:00 change: 0.0002
2026-07-29 06:15:05,064 | WARNING  | [ANOMALY] Total anomalies detected: EURUSD 197
2026-07-29 06:15:05,064 | WARNING  | [ANOMALY] Price spike detected: EURGBP-OTC 2026-07-28 19:25:00 change: 0.0003
2026-07-29 06:15:05,065 | WARNING  | [ANOMALY] Price spike detected: GBPUSD-OTC 2026-07-28 17:50:00 change: 0.0002
2026-07-29 06:15:05,065 | WARNING  | [ANOMALY] Price spike detected: EURGBP 2026-07-28 21:10:00 change: -0.0001
2026-07-29 06:15:05,065 | ERROR    | [ANOMALY] Excessive anomalies threshold exceeded: 1040
2026-07-29 06:15:05,065 | WARNING  | [ANOMALY] Price spike detected: EURGBP-OTC 2026-07-28 19:40:00 change: -0.0012
2026-07-29 06:15:05,065 | WARNING  | [ANOMALY] Price spike detected: GBPUSD-OTC 2026-07-28 18:00:00 change: -0.0010
2026-07-29 06:15:05,065 | WARNING  | [ANOMALY] Price spike detected: EURGBP 2026-07-28 21:15:00 change: -0.0001
2026-07-29 06:15:05,065 | INFO     | [DataAdapter] M5 anomaly detection completed for EURUSD
2026-07-29 06:15:05,066 | WARNING  | [ANOMALY] Price spike detected: EURGBP-OTC 2026-07-28 19:45:00 change: -0.0004
2026-07-29 06:15:05,066 | WARNING  | [ANOMALY] Price spike detected: GBPUSD-OTC 2026-07-28 18:05:00 change: -0.0010
2026-07-29 06:15:05,066 | WARNING  | [ANOMALY] Price spike detected: EURGBP 2026-07-28 21:20:00 change: 0.0001
2026-07-29 06:15:05,071 | WARNING  | [ANOMALY] Price spike detected: EURGBP-OTC 2026-07-28 19:50:00 change: 0.0005
2026-07-29 06:15:05,071 | WARNING  | [ANOMALY] Price spike detected: GBPUSD-OTC 2026-07-28 18:15:00 change: -0.0005
2026-07-29 06:15:05,071 | WARNING  | [ANOMALY] Price spike detected: EURGBP 2026-07-28 21:25:00 change: 0.0000
2026-07-29 06:15:05,072 | WARNING  | [ANOMALY] Price spike detected: EURGBP-OTC 2026-07-28 19:55:00 change: -0.0002
2026-07-29 06:15:05,072 | INFO     | [CSVQueue] Enqueuing write for data_base/csv/iq_option\EURUSD\EURUSD_M5.csv - Queue size: 0
2026-07-29 06:15:05,072 | WARNING  | [ANOMALY] Price spike detected: GBPUSD-OTC 2026-07-28 18:20:00 change: -0.0003
2026-07-29 06:15:05,072 | WARNING  | [ANOMALY] Price spike detected: EURGBP 2026-07-28 21:35:00 change: 0.0001
2026-07-29 06:15:05,073 | WARNING  | [ANOMALY] Price spike detected: EURGBP-OTC 2026-07-28 20:00:00 change: 0.0006
2026-07-29 06:15:05,073 | WARNING  | [ANOMALY] Price spike detected: GBPUSD-OTC 2026-07-28 18:25:00 change: -0.0004
2026-07-29 06:15:05,073 | INFO     | [DataAdapter] M5 data refresh completed for EURUSD
2026-07-29 06:15:05,073 | INFO     | [CSVQueue] Processing write for data_base/csv/iq_option\EURUSD\EURUSD_M5.csv
2026-07-29 06:15:05,073 | WARNING  | [ANOMALY] Price spike detected: EURGBP 2026-07-28 21:40:00 change: 0.0000
2026-07-29 06:15:05,073 | WARNING  | [ANOMALY] Price spike detected: EURGBP-OTC 2026-07-28 20:05:00 change: -0.0007
2026-07-29 06:15:05,073 | WARNING  | [ANOMALY] Price spike detected: GBPUSD-OTC 2026-07-28 18:30:00 change: -0.0003
2026-07-29 06:15:05,073 | INFO     | [DataAdapter] Refreshing M15 data for EURUSD
2026-07-29 06:15:05,074 | WARNING  | [ANOMALY] Price spike detected: EURGBP 2026-07-28 21:50:00 change: -0.0000
2026-07-29 06:15:05,074 | WARNING  | [ANOMALY] Price spike detected: EURGBP-OTC 2026-07-28 20:10:00 change: 0.0005
2026-07-29 06:15:05,074 | INFO     | [CSVWriter] Writing 250 rows to data_base/csv/iq_option\EURUSD\EURUSD_M5.csv
2026-07-29 06:15:05,074 | WARNING  | [ANOMALY] Price spike detected: GBPUSD-OTC 2026-07-28 18:35:00 change: -0.0003
2026-07-29 06:15:05,074 | WARNING  | [ANOMALY] Price spike detected: EURGBP 2026-07-28 22:05:00 change: -0.0000
2026-07-29 06:15:05,086 | WARNING  | [ANOMALY] Price spike detected: EURGBP-OTC 2026-07-28 20:20:00 change: -0.0005
2026-07-29 06:15:05,117 | WARNING  | [ANOMALY] Price spike detected: GBPUSD-OTC 2026-07-28 18:40:00 change: 0.0006
2026-07-29 06:15:05,149 | WARNING  | [ANOMALY] Price spike detected: EURGBP 2026-07-28 22:15:00 change: -0.0001
2026-07-29 06:15:05,181 | WARNING  | [ANOMALY] Price spike detected: EURGBP-OTC 2026-07-28 20:25:00 change: 0.0002
2026-07-29 06:15:05,213 | WARNING  | [ANOMALY] Price spike detected: GBPUSD-OTC 2026-07-28 18:45:00 change: 0.0005
2026-07-29 06:15:05,244 | WARNING  | [ANOMALY] Price spike detected: EURGBP 2026-07-28 22:20:00 change: 0.0000
2026-07-29 06:15:05,322 | WARNING  | [ANOMALY] Price spike detected: EURGBP-OTC 2026-07-28 20:30:00 change: 0.0007
2026-07-29 06:15:05,353 | INFO     | [IQOPTION] REST fetch succeeded for EURUSD: 3 candles
2026-07-29 06:15:05,354 | WARNING  | [ANOMALY] Price spike detected: GBPUSD-OTC 2026-07-28 18:50:00 change: 0.0013
2026-07-29 06:15:05,356 | WARNING  | [ANOMALY] Price spike detected: EURGBP 2026-07-28 22:30:00 change: 0.0001
2026-07-29 06:15:05,357 | WARNING  | [ANOMALY] Price spike detected: EURGBP-OTC 2026-07-28 20:35:00 change: 0.0006
2026-07-29 06:15:05,365 | INFO     | [CSVWriter] Successfully wrote 365 rows to data_base/csv/iq_option\EURUSD\EURUSD_M5.csv
2026-07-29 06:15:05,366 | WARNING  | [ANOMALY] Price spike detected: GBPUSD-OTC 2026-07-28 18:55:00 change: 0.0009
2026-07-29 06:15:05,366 | WARNING  | [ANOMALY] Price spike detected: EURUSD 2026-07-28 12:15:00 change: -0.0002
2026-07-29 06:15:05,367 | WARNING  | [ANOMALY] Price spike detected: EURGBP 2026-07-28 22:40:00 change: 0.0000
2026-07-29 06:15:05,367 | WARNING  | [ANOMALY] Price spike detected: EURGBP-OTC 2026-07-28 20:40:00 change: -0.0009
2026-07-29 06:15:05,367 | INFO     | [CSVQueue] Successfully processed write for data_base/csv/iq_option\EURUSD\EURUSD_M5.csv
2026-07-29 06:15:05,367 | WARNING  | [ANOMALY] Price spike detected: GBPUSD-OTC 2026-07-28 19:00:00 change: 0.0004
2026-07-29 06:15:05,367 | WARNING  | [ANOMALY] Price spike detected: EURUSD 2026-07-28 12:30:00 change: 0.0002
2026-07-29 06:15:05,367 | WARNING  | [ANOMALY] Price spike detected: EURGBP 2026-07-28 22:50:00 change: -0.0000
2026-07-29 06:15:05,368 | WARNING  | [ANOMALY] Price spike detected: EURGBP-OTC 2026-07-28 20:50:00 change: 0.0007
2026-07-29 06:15:05,368 | INFO     | [CSVQueue] Queue size: 0
2026-07-29 06:15:05,368 | WARNING  | [ANOMALY] Price spike detected: GBPUSD-OTC 2026-07-28 19:10:00 change: -0.0010
2026-07-29 06:15:05,368 | WARNING  | [ANOMALY] Price spike detected: EURUSD 2026-07-28 12:45:00 change: 0.0001
2026-07-29 06:15:05,368 | WARNING  | [ANOMALY] Price spike detected: EURGBP 2026-07-28 23:05:00 change: 0.0000
2026-07-29 06:15:05,369 | WARNING  | [ANOMALY] Price spike detected: EURGBP-OTC 2026-07-28 21:00:00 change: -0.0012
2026-07-29 06:15:05,369 | WARNING  | [ANOMALY] Price spike detected: GBPUSD-OTC 2026-07-28 19:20:00 change: 0.0006
2026-07-29 06:15:05,369 | WARNING  | [ANOMALY] Price spike detected: EURUSD 2026-07-28 13:00:00 change: 0.0001
2026-07-29 06:15:05,369 | WARNING  | [ANOMALY] Price spike detected: EURGBP 2026-07-28 23:10:00 change: -0.0001
2026-07-29 06:15:05,369 | WARNING  | [ANOMALY] Price spike detected: EURGBP-OTC 2026-07-28 21:05:00 change: 0.0002
2026-07-29 06:15:05,369 | WARNING  | [ANOMALY] Price spike detected: GBPUSD-OTC 2026-07-28 19:25:00 change: -0.0010
2026-07-29 06:15:05,370 | WARNING  | [ANOMALY] Price spike detected: EURUSD 2026-07-28 13:30:00 change: 0.0002
2026-07-29 06:15:05,371 | WARNING  | [ANOMALY] Price spike detected: EURGBP-OTC 2026-07-28 21:10:00 change: 0.0003
2026-07-29 06:15:05,371 | WARNING  | [ANOMALY] Price spike detected: GBPUSD-OTC 2026-07-28 19:35:00 change: -0.0005
2026-07-29 06:15:05,371 | WARNING  | [ANOMALY] Price spike detected: EURUSD 2026-07-28 13:45:00 change: 0.0003
2026-07-29 06:15:05,372 | WARNING  | [ANOMALY] Price spike detected: EURGBP-OTC 2026-07-28 21:20:00 change: 0.0003
2026-07-29 06:15:05,373 | WARNING  | [ANOMALY] Price spike detected: GBPUSD-OTC 2026-07-28 19:40:00 change: -0.0004
2026-07-29 06:15:05,374 | WARNING  | [ANOMALY] Price spike detected: EURUSD 2026-07-28 14:00:00 change: 0.0001
2026-07-29 06:15:05,374 | WARNING  | [ANOMALY] Price spike detected: EURGBP-OTC 2026-07-28 21:25:00 change: -0.0006
2026-07-29 06:15:05,374 | WARNING  | [ANOMALY] Price spike detected: GBPUSD-OTC 2026-07-28 19:45:00 change: -0.0011
2026-07-29 06:15:05,374 | WARNING  | [ANOMALY] Price spike detected: EURUSD 2026-07-28 14:15:00 change: 0.0004
2026-07-29 06:15:05,380 | WARNING  | [ANOMALY] Total anomalies detected: EURGBP 190
2026-07-29 06:15:05,380 | WARNING  | [ANOMALY] Price spike detected: EURGBP-OTC 2026-07-28 21:30:00 change: -0.0003
2026-07-29 06:15:05,380 | WARNING  | [ANOMALY] Price spike detected: GBPUSD-OTC 2026-07-28 19:50:00 change: 0.0003
2026-07-29 06:15:05,380 | WARNING  | [ANOMALY] Price spike detected: EURUSD 2026-07-28 14:30:00 change: 0.0001
2026-07-29 06:15:05,380 | ERROR    | [ANOMALY] Excessive anomalies threshold exceeded: 1077
2026-07-29 06:15:05,380 | WARNING  | [ANOMALY] Price spike detected: EURGBP-OTC 2026-07-28 22:00:00 change: 0.0005
2026-07-29 06:15:05,381 | WARNING  | [ANOMALY] Price spike detected: GBPUSD-OTC 2026-07-28 20:00:00 change: 0.0003
2026-07-29 06:15:05,381 | WARNING  | [ANOMALY] Price spike detected: EURUSD 2026-07-28 14:45:00 change: 0.0006
2026-07-29 06:15:05,381 | INFO     | [DataAdapter] M5 anomaly detection completed for EURGBP
2026-07-29 06:15:05,381 | WARNING  | [ANOMALY] Price spike detected: EURGBP-OTC 2026-07-28 22:05:00 change: 0.0008
2026-07-29 06:15:05,381 | WARNING  | [ANOMALY] Price spike detected: GBPUSD-OTC 2026-07-28 20:05:00 change: -0.0006
2026-07-29 06:15:05,381 | WARNING  | [ANOMALY] Price spike detected: EURUSD 2026-07-28 15:00:00 change: 0.0008
2026-07-29 06:15:05,385 | WARNING  | [ANOMALY] Price spike detected: EURGBP-OTC 2026-07-28 22:10:00 change: -0.0002
2026-07-29 06:15:05,388 | WARNING  | [ANOMALY] Price spike detected: GBPUSD-OTC 2026-07-28 20:25:00 change: -0.0014
2026-07-29 06:15:05,388 | WARNING  | [ANOMALY] Price spike detected: EURUSD 2026-07-28 15:15:00 change: 0.0001
2026-07-29 06:15:05,388 | WARNING  | [ANOMALY] Price spike detected: EURGBP-OTC 2026-07-28 22:15:00 change: -0.0003
2026-07-29 06:15:05,388 | WARNING  | [ANOMALY] Price spike detected: GBPUSD-OTC 2026-07-28 20:35:00 change: 0.0007
2026-07-29 06:15:05,389 | WARNING  | [ANOMALY] Price spike detected: EURUSD 2026-07-28 15:30:00 change: 0.0005
2026-07-29 06:15:05,389 | WARNING  | [ANOMALY] Price spike detected: EURGBP-OTC 2026-07-28 22:35:00 change: -0.0006
2026-07-29 06:15:05,389 | INFO     | [CSVQueue] Enqueuing write for data_base/csv/iq_option\EURGBP\EURGBP_M5.csv - Queue size: 0
2026-07-29 06:15:05,389 | WARNING  | [ANOMALY] Price spike detected: GBPUSD-OTC 2026-07-28 20:40:00 change: 0.0011
2026-07-29 06:15:05,389 | WARNING  | [ANOMALY] Price spike detected: EURUSD 2026-07-28 15:45:00 change: -0.0001
2026-07-29 06:15:05,389 | WARNING  | [ANOMALY] Price spike detected: EURGBP-OTC 2026-07-28 22:40:00 change: -0.0005
2026-07-29 06:15:05,390 | INFO     | [DataAdapter] M5 data refresh completed for EURGBP
2026-07-29 06:15:05,390 | INFO     | [CSVQueue] Processing write for data_base/csv/iq_option\EURGBP\EURGBP_M5.csv
2026-07-29 06:15:05,390 | WARNING  | [ANOMALY] Price spike detected: GBPUSD-OTC 2026-07-28 20:45:00 change: 0.0006
2026-07-29 06:15:05,390 | WARNING  | [ANOMALY] Price spike detected: EURUSD 2026-07-28 16:00:00 change: 0.0002
2026-07-29 06:15:05,390 | WARNING  | [ANOMALY] Price spike detected: EURGBP-OTC 2026-07-28 22:45:00 change: 0.0001
2026-07-29 06:15:05,390 | INFO     | [DataAdapter] Refreshing M15 data for EURGBP
2026-07-29 06:15:05,391 | WARNING  | [ANOMALY] Price spike detected: GBPUSD-OTC 2026-07-28 20:50:00 change: 0.0004
2026-07-29 06:15:05,391 | WARNING  | [ANOMALY] Price spike detected: EURUSD 2026-07-28 16:15:00 change: 0.0002
2026-07-29 06:15:05,391 | WARNING  | [ANOMALY] Price spike detected: EURGBP-OTC 2026-07-28 22:50:00 change: -0.0004
2026-07-29 06:15:05,391 | INFO     | [CSVWriter] Writing 250 rows to data_base/csv/iq_option\EURGBP\EURGBP_M5.csv
2026-07-29 06:15:05,392 | WARNING  | [ANOMALY] Price spike detected: GBPUSD-OTC 2026-07-28 20:55:00 change: 0.0007
2026-07-29 06:15:05,400 | WARNING  | [ANOMALY] Price spike detected: EURUSD 2026-07-28 16:30:00 change: -0.0004
2026-07-29 06:15:05,446 | WARNING  | [ANOMALY] Price spike detected: EURGBP-OTC 2026-07-28 23:00:00 change: 0.0005
2026-07-29 06:15:05,524 | WARNING  | [ANOMALY] Price spike detected: GBPUSD-OTC 2026-07-28 21:05:00 change: -0.0011
2026-07-29 06:15:05,571 | WARNING  | [ANOMALY] Price spike detected: EURUSD 2026-07-28 16:45:00 change: -0.0004
2026-07-29 06:15:05,603 | WARNING  | [ANOMALY] Price spike detected: EURGBP-OTC 2026-07-28 23:05:00 change: 0.0002
2026-07-29 06:15:05,665 | WARNING  | [ANOMALY] Price spike detected: GBPUSD-OTC 2026-07-28 21:10:00 change: 0.0005
2026-07-29 06:15:05,666 | WARNING  | [ANOMALY] Price spike detected: EURUSD 2026-07-28 17:00:00 change: -0.0002
2026-07-29 06:15:05,666 | INFO     | [IQOPTION] REST fetch succeeded for EURGBP: 3 candles
2026-07-29 06:15:05,666 | WARNING  | [ANOMALY] Price spike detected: EURGBP-OTC 2026-07-28 23:10:00 change: 0.0008
2026-07-29 06:15:05,666 | WARNING  | [ANOMALY] Price spike detected: GBPUSD-OTC 2026-07-28 21:15:00 change: 0.0005
2026-07-29 06:15:05,667 | WARNING  | [ANOMALY] Price spike detected: EURUSD 2026-07-28 17:15:00 change: -0.0001
2026-07-29 06:15:05,678 | WARNING  | [ANOMALY] Price spike detected: EURGBP 2026-07-28 12:15:00 change: -0.0002
2026-07-29 06:15:05,681 | WARNING  | [ANOMALY] Price spike detected: GBPUSD-OTC 2026-07-28 21:20:00 change: -0.0011
2026-07-29 06:15:05,683 | WARNING  | [ANOMALY] Price spike detected: EURUSD 2026-07-28 17:30:00 change: -0.0001
2026-07-29 06:15:05,683 | WARNING  | [ANOMALY] Price spike detected: EURGBP 2026-07-28 12:30:00 change: -0.0005
2026-07-29 06:15:05,684 | WARNING  | [ANOMALY] Price spike detected: GBPUSD-OTC 2026-07-28 21:25:00 change: 0.0008
2026-07-29 06:15:05,684 | WARNING  | [ANOMALY] Price spike detected: EURUSD 2026-07-28 17:45:00 change: -0.0002
2026-07-29 06:15:05,689 | WARNING  | [ANOMALY] Total anomalies detected: EURGBP-OTC 181
2026-07-29 06:15:05,689 | INFO     | [CSVWriter] Successfully wrote 365 rows to data_base/csv/iq_option\EURGBP\EURGBP_M5.csv
2026-07-29 06:15:05,689 | WARNING  | [ANOMALY] Price spike detected: EURGBP 2026-07-28 12:45:00 change: -0.0002
2026-07-29 06:15:05,689 | WARNING  | [ANOMALY] Price spike detected: GBPUSD-OTC 2026-07-28 21:30:00 change: -0.0008
2026-07-29 06:15:05,690 | WARNING  | [ANOMALY] Price spike detected: EURUSD 2026-07-28 18:15:00 change: -0.0001
2026-07-29 06:15:05,690 | ERROR    | [ANOMALY] Excessive anomalies threshold exceeded: 1105
2026-07-29 06:15:05,690 | INFO     | [CSVQueue] Successfully processed write for data_base/csv/iq_option\EURGBP\EURGBP_M5.csv
2026-07-29 06:15:05,690 | WARNING  | [ANOMALY] Price spike detected: EURGBP 2026-07-28 13:00:00 change: 0.0002
2026-07-29 06:15:05,690 | WARNING  | [ANOMALY] Price spike detected: GBPUSD-OTC 2026-07-28 21:35:00 change: 0.0003
2026-07-29 06:15:05,690 | WARNING  | [ANOMALY] Price spike detected: EURUSD 2026-07-28 18:45:00 change: -0.0001
2026-07-29 06:15:05,691 | INFO     | [DataAdapter] M5 anomaly detection completed for EURGBP-OTC
2026-07-29 06:15:05,691 | INFO     | [CSVQueue] Queue size: 0
2026-07-29 06:15:05,691 | WARNING  | [ANOMALY] Price spike detected: EURGBP 2026-07-28 13:30:00 change: 0.0001
2026-07-29 06:15:05,691 | WARNING  | [ANOMALY] Price spike detected: GBPUSD-OTC 2026-07-28 21:40:00 change: 0.0005
2026-07-29 06:15:05,691 | WARNING  | [ANOMALY] Price spike detected: EURUSD 2026-07-28 19:00:00 change: 0.0001
2026-07-29 06:15:05,695 | WARNING  | [ANOMALY] Price spike detected: EURGBP 2026-07-28 14:00:00 change: 0.0006
2026-07-29 06:15:05,696 | WARNING  | [ANOMALY] Price spike detected: GBPUSD-OTC 2026-07-28 21:50:00 change: 0.0002
2026-07-29 06:15:05,696 | WARNING  | [ANOMALY] Price spike detected: EURUSD 2026-07-28 19:30:00 change: 0.0001
2026-07-29 06:15:05,696 | INFO     | [CSVQueue] Enqueuing write for data_base/csv/iq_option\EURGBP-OTC\EURGBP-OTC_M5.csv - Queue size: 0
2026-07-29 06:15:05,696 | WARNING  | [ANOMALY] Price spike detected: EURGBP 2026-07-28 14:15:00 change: 0.0003
2026-07-29 06:15:05,696 | WARNING  | [ANOMALY] Price spike detected: GBPUSD-OTC 2026-07-28 21:55:00 change: 0.0007
2026-07-29 06:15:05,696 | WARNING  | [ANOMALY] Price spike detected: EURUSD 2026-07-28 19:45:00 change: -0.0002
2026-07-29 06:15:05,697 | INFO     | [DataAdapter] M5 data refresh completed for EURGBP-OTC
2026-07-29 06:15:05,697 | INFO     | [CSVQueue] Processing write for data_base/csv/iq_option\EURGBP-OTC\EURGBP-OTC_M5.csv
2026-07-29 06:15:05,697 | WARNING  | [ANOMALY] Price spike detected: EURGBP 2026-07-28 14:30:00 change: 0.0003
2026-07-29 06:15:05,697 | WARNING  | [ANOMALY] Price spike detected: GBPUSD-OTC 2026-07-28 22:00:00 change: 0.0008
2026-07-29 06:15:05,697 | WARNING  | [ANOMALY] Price spike detected: EURUSD 2026-07-28 20:00:00 change: 0.0001
2026-07-29 06:15:05,698 | INFO     | [DataAdapter] Refreshing M15 data for EURGBP-OTC
2026-07-29 06:15:05,698 | WARNING  | [ANOMALY] Price spike detected: EURGBP 2026-07-28 14:45:00 change: 0.0008
2026-07-29 06:15:05,698 | WARNING  | [ANOMALY] Price spike detected: GBPUSD-OTC 2026-07-28 22:05:00 change: -0.0003
2026-07-29 06:15:05,699 | INFO     | [CSVWriter] Writing 249 rows to data_base/csv/iq_option\EURGBP-OTC\EURGBP-OTC_M5.csv
2026-07-29 06:15:05,699 | WARNING  | [ANOMALY] Price spike detected: EURUSD 2026-07-28 20:15:00 change: -0.0002
2026-07-29 06:15:05,727 | WARNING  | [ANOMALY] Price spike detected: EURGBP 2026-07-28 16:00:00 change: 0.0003
2026-07-29 06:15:05,774 | WARNING  | [ANOMALY] Price spike detected: GBPUSD-OTC 2026-07-28 22:10:00 change: -0.0003
2026-07-29 06:15:05,836 | WARNING  | [ANOMALY] Price spike detected: EURUSD 2026-07-28 20:30:00 change: 0.0001
2026-07-29 06:15:05,883 | WARNING  | [ANOMALY] Price spike detected: EURGBP 2026-07-28 16:15:00 change: 0.0001
2026-07-29 06:15:05,914 | WARNING  | [ANOMALY] Price spike detected: GBPUSD-OTC 2026-07-28 22:20:00 change: -0.0004
2026-07-29 06:15:05,930 | WARNING  | [ANOMALY] Price spike detected: EURUSD 2026-07-28 20:45:00 change: -0.0001
2026-07-29 06:15:05,945 | WARNING  | [ANOMALY] Price spike detected: EURGBP 2026-07-28 16:30:00 change: -0.0002
2026-07-29 06:15:05,945 | WARNING  | [ANOMALY] Price spike detected: GBPUSD-OTC 2026-07-28 22:25:00 change: 0.0004
2026-07-29 06:15:05,945 | INFO     | [IQOPTION] REST fetch succeeded for EURGBP-OTC: 3 candles
2026-07-29 06:15:05,945 | WARNING  | [ANOMALY] Price spike detected: EURUSD 2026-07-28 21:00:00 change: 0.0004
2026-07-29 06:15:05,946 | WARNING  | [ANOMALY] Price spike detected: EURGBP 2026-07-28 16:45:00 change: -0.0001
2026-07-29 06:15:05,946 | WARNING  | [ANOMALY] Price spike detected: GBPUSD-OTC 2026-07-28 22:35:00 change: -0.0008
2026-07-29 06:15:05,956 | WARNING  | [ANOMALY] Price spike detected: EURGBP-OTC 2026-07-28 12:15:00 change: 0.0009
2026-07-29 06:15:05,956 | WARNING  | [ANOMALY] Price spike detected: EURUSD 2026-07-28 21:30:00 change: 0.0001
2026-07-29 06:15:05,958 | WARNING  | [ANOMALY] Price spike detected: EURGBP 2026-07-28 17:30:00 change: 0.0002
2026-07-29 06:15:05,959 | WARNING  | [ANOMALY] Price spike detected: GBPUSD-OTC 2026-07-28 22:40:00 change: -0.0011
2026-07-29 06:15:05,959 | WARNING  | [ANOMALY] Price spike detected: EURGBP-OTC 2026-07-28 12:45:00 change: -0.0008
2026-07-29 06:15:05,959 | WARNING  | [ANOMALY] Price spike detected: EURUSD 2026-07-28 21:45:00 change: -0.0002
2026-07-29 06:15:05,960 | WARNING  | [ANOMALY] Price spike detected: EURGBP 2026-07-28 18:00:00 change: 0.0001
2026-07-29 06:15:05,962 | WARNING  | [ANOMALY] Price spike detected: GBPUSD-OTC 2026-07-28 22:45:00 change: 0.0008
2026-07-29 06:15:05,962 | WARNING  | [ANOMALY] Price spike detected: EURGBP-OTC 2026-07-28 13:00:00 change: 0.0009
2026-07-29 06:15:05,963 | WARNING  | [ANOMALY] Price spike detected: EURUSD 2026-07-28 22:00:00 change: -0.0002
2026-07-29 06:15:05,963 | WARNING  | [ANOMALY] Price spike detected: EURGBP 2026-07-28 18:15:00 change: 0.0001
2026-07-29 06:15:05,963 | WARNING  | [ANOMALY] Price spike detected: GBPUSD-OTC 2026-07-28 23:05:00 change: 0.0002
2026-07-29 06:15:05,963 | WARNING  | [ANOMALY] Price spike detected: EURGBP-OTC 2026-07-28 13:15:00 change: -0.0004
2026-07-29 06:15:05,964 | WARNING  | [ANOMALY] Price spike detected: EURUSD 2026-07-28 22:15:00 change: -0.0003
2026-07-29 06:15:05,964 | WARNING  | [ANOMALY] Price spike detected: EURGBP 2026-07-28 18:30:00 change: -0.0002
2026-07-29 06:15:05,964 | WARNING  | [ANOMALY] Price spike detected: GBPUSD-OTC 2026-07-28 23:10:00 change: -0.0005
2026-07-29 06:15:05,964 | INFO     | [CSVWriter] Successfully wrote 365 rows to data_base/csv/iq_option\EURGBP-OTC\EURGBP-OTC_M5.csv
2026-07-29 06:15:05,964 | WARNING  | [ANOMALY] Price spike detected: EURGBP-OTC 2026-07-28 13:45:00 change: 0.0010
2026-07-29 06:15:05,965 | WARNING  | [ANOMALY] Price spike detected: EURUSD 2026-07-28 23:00:00 change: -0.0001
2026-07-29 06:15:05,965 | WARNING  | [ANOMALY] Price spike detected: EURGBP 2026-07-28 19:15:00 change: 0.0001
2026-07-29 06:15:05,966 | INFO     | [CSVQueue] Successfully processed write for data_base/csv/iq_option\EURGBP-OTC\EURGBP-OTC_M5.csv
2026-07-29 06:15:05,967 | WARNING  | [ANOMALY] Price spike detected: EURGBP-OTC 2026-07-28 14:00:00 change: -0.0010
2026-07-29 06:15:05,968 | WARNING  | [ANOMALY] Price spike detected: EURGBP 2026-07-28 19:45:00 change: 0.0000
2026-07-29 06:15:05,968 | INFO     | [CSVQueue] Queue size: 0
2026-07-29 06:15:05,971 | WARNING  | [ANOMALY] Price spike detected: EURGBP-OTC 2026-07-28 14:15:00 change: 0.0007
2026-07-29 06:15:05,972 | WARNING  | [ANOMALY] Price spike detected: EURGBP 2026-07-28 20:00:00 change: -0.0001
2026-07-29 06:15:05,979 | WARNING  | [ANOMALY] Total anomalies detected: EURUSD 37
2026-07-29 06:15:05,983 | WARNING  | [ANOMALY] Total anomalies detected: GBPUSD-OTC 196
2026-07-29 06:15:05,983 | WARNING  | [ANOMALY] Price spike detected: EURGBP-OTC 2026-07-28 14:30:00 change: 0.0009
2026-07-29 06:15:05,984 | WARNING  | [ANOMALY] Price spike detected: EURGBP 2026-07-28 20:30:00 change: 0.0000
2026-07-29 06:15:05,984 | ERROR    | [ANOMALY] Excessive anomalies threshold exceeded: 1140
2026-07-29 06:15:05,984 | ERROR    | [ANOMALY] Excessive anomalies threshold exceeded: 1140
2026-07-29 06:15:05,984 | WARNING  | [ANOMALY] Price spike detected: EURGBP-OTC 2026-07-28 14:45:00 change: 0.0004
2026-07-29 06:15:05,984 | WARNING  | [ANOMALY] Price spike detected: EURGBP 2026-07-28 20:45:00 change: -0.0001
2026-07-29 06:15:05,984 | INFO     | [DataAdapter] M15 anomaly detection completed for EURUSD
2026-07-29 06:15:05,984 | INFO     | [DataAdapter] M5 anomaly detection completed for GBPUSD-OTC
2026-07-29 06:15:05,985 | WARNING  | [ANOMALY] Price spike detected: EURGBP-OTC 2026-07-28 15:00:00 change: -0.0013
2026-07-29 06:15:05,985 | WARNING  | [ANOMALY] Price spike detected: EURGBP 2026-07-28 21:00:00 change: 0.0001
2026-07-29 06:15:05,991 | WARNING  | [ANOMALY] Price spike detected: EURGBP-OTC 2026-07-28 15:15:00 change: -0.0011
2026-07-29 06:15:05,993 | INFO     | [CSVQueue] Enqueuing write for data_base/csv/iq_option\EURUSD\EURUSD_M15.csv - Queue size: 0
2026-07-29 06:15:05,993 | INFO     | [CSVQueue] Enqueuing write for data_base/csv/iq_option\GBPUSD-OTC\GBPUSD-OTC_M5.csv - Queue size: 0
2026-07-29 06:15:06,004 | WARNING  | [ANOMALY] Price spike detected: EURGBP 2026-07-28 21:30:00 change: 0.0001
2026-07-29 06:15:06,004 | WARNING  | [ANOMALY] Price spike detected: EURGBP-OTC 2026-07-28 16:15:00 change: -0.0011
2026-07-29 06:15:06,005 | INFO     | [DataAdapter] M15 data refresh completed for EURUSD
2026-07-29 06:15:06,005 | INFO     | [DataAdapter] M5 data refresh completed for GBPUSD-OTC
2026-07-29 06:15:06,005 | INFO     | [CSVQueue] Processing write for data_base/csv/iq_option\EURUSD\EURUSD_M15.csv
2026-07-29 06:15:06,005 | WARNING  | [ANOMALY] Price spike detected: EURGBP 2026-07-28 22:00:00 change: -0.0000
2026-07-29 06:15:06,005 | WARNING  | [ANOMALY] Price spike detected: EURGBP-OTC 2026-07-28 16:30:00 change: -0.0008
2026-07-29 06:15:06,006 | INFO     | [DataAdapter] Anomaly statistics for EURUSD: {'total_calls': 4, 'response_times': [0.8445141315460205, 1.0909359455108643, 0.9525554180145264, 0.963559627532959], 'spike_count': 1140, 'zero_volume_count': 0, 'impossible_candle_count': 0, 'consecutive_anomalies': 1140, 'avg_response_time': np.float64(0.9628912806510925), 'max_response_time': np.float64(1.0909359455108643), 'min_response_time': np.float64(0.8445141315460205)}
2026-07-29 06:15:06,006 | INFO     | [DataAdapter] Refreshing M15 data for GBPUSD-OTC
2026-07-29 06:15:06,006 | WARNING  | [ANOMALY] Price spike detected: EURGBP 2026-07-28 22:30:00 change: 0.0001
2026-07-29 06:15:06,006 | WARNING  | [ANOMALY] Price spike detected: EURGBP-OTC 2026-07-28 16:45:00 change: -0.0014
2026-07-29 06:15:06,006 | INFO     | [CSVWriter] Writing 49 rows to data_base/csv/iq_option\EURUSD\EURUSD_M15.csv
2026-07-29 06:15:06,007 | WARNING  | [ANOMALY] Price spike detected: EURGBP 2026-07-28 22:45:00 change: -0.0000
2026-07-29 06:15:06,022 | WARNING  | [ANOMALY] Price spike detected: EURGBP-OTC 2026-07-28 17:00:00 change: 0.0004
2026-07-29 06:15:06,085 | WARNING  | [ANOMALY] Price spike detected: EURGBP 2026-07-28 23:00:00 change: -0.0000
2026-07-29 06:15:06,115 | WARNING  | [ANOMALY] Price spike detected: EURGBP-OTC 2026-07-28 17:15:00 change: 0.0009
2026-07-29 06:15:06,161 | WARNING  | [ANOMALY] Price spike detected: EURGBP-OTC 2026-07-28 17:30:00 change: 0.0006
2026-07-29 06:15:06,161 | WARNING  | [ANOMALY] Price spike detected: EURGBP-OTC 2026-07-28 17:45:00 change: 0.0019
2026-07-29 06:15:06,177 | WARNING  | [ANOMALY] Price spike detected: EURGBP-OTC 2026-07-28 18:00:00 change: 0.0006
2026-07-29 06:15:06,177 | WARNING  | [ANOMALY] Price spike detected: EURGBP-OTC 2026-07-28 18:15:00 change: 0.0006
2026-07-29 06:15:06,177 | WARNING  | [ANOMALY] Price spike detected: EURGBP-OTC 2026-07-28 18:30:00 change: 0.0012
2026-07-29 06:15:06,177 | WARNING  | [ANOMALY] Price spike detected: EURGBP-OTC 2026-07-28 18:45:00 change: -0.0008
2026-07-29 06:15:06,178 | WARNING  | [ANOMALY] Price spike detected: EURGBP-OTC 2026-07-28 19:30:00 change: -0.0011
2026-07-29 06:15:06,193 | WARNING  | [ANOMALY] Price spike detected: EURGBP-OTC 2026-07-28 20:00:00 change: 0.0004
2026-07-29 06:15:06,193 | WARNING  | [ANOMALY] Price spike detected: EURGBP-OTC 2026-07-28 20:15:00 change: -0.0004
2026-07-29 06:15:06,224 | WARNING  | [ANOMALY] Price spike detected: EURGBP-OTC 2026-07-28 20:30:00 change: 0.0004
2026-07-29 06:15:06,239 | WARNING  | [ANOMALY] Price spike detected: EURGBP-OTC 2026-07-28 20:45:00 change: 0.0007
2026-07-29 06:15:06,274 | WARNING  | [ANOMALY] Total anomalies detected: EURGBP 28
2026-07-29 06:15:06,274 | WARNING  | [ANOMALY] Price spike detected: EURGBP-OTC 2026-07-28 21:00:00 change: -0.0007
2026-07-29 06:15:06,274 | INFO     | [IQOPTION] REST fetch succeeded for GBPUSD-OTC: 3 candles
2026-07-29 06:15:06,275 | ERROR    | [ANOMALY] Excessive anomalies threshold exceeded: 1140
2026-07-29 06:15:06,276 | WARNING  | [ANOMALY] Price spike detected: EURGBP-OTC 2026-07-28 21:15:00 change: -0.0004
2026-07-29 06:15:06,284 | INFO     | [DataAdapter] M15 anomaly detection completed for EURGBP
2026-07-29 06:15:06,288 | WARNING  | [ANOMALY] Price spike detected: EURGBP-OTC 2026-07-28 21:30:00 change: -0.0006
2026-07-29 06:15:06,290 | INFO     | [CSVWriter] Successfully wrote 88 rows to data_base/csv/iq_option\EURUSD\EURUSD_M15.csv
2026-07-29 06:15:06,292 | WARNING  | [ANOMALY] Price spike detected: GBPUSD-OTC 2026-07-28 12:15:00 change: 0.0009
2026-07-29 06:15:06,296 | WARNING  | [ANOMALY] Price spike detected: EURGBP-OTC 2026-07-28 22:00:00 change: 0.0010
2026-07-29 06:15:06,296 | INFO     | [CSVQueue] Successfully processed write for data_base/csv/iq_option\EURUSD\EURUSD_M15.csv
2026-07-29 06:15:06,296 | WARNING  | [ANOMALY] Price spike detected: GBPUSD-OTC 2026-07-28 12:30:00 change: 0.0008
2026-07-29 06:15:06,296 | WARNING  | [ANOMALY] Price spike detected: EURGBP-OTC 2026-07-28 22:15:00 change: -0.0003
2026-07-29 06:15:06,296 | INFO     | [CSVQueue] Processing write for data_base/csv/iq_option\GBPUSD-OTC\GBPUSD-OTC_M5.csv
2026-07-29 06:15:06,296 | INFO     | [CSVQueue] Enqueuing write for data_base/csv/iq_option\EURGBP\EURGBP_M15.csv - Queue size: 0
2026-07-29 06:15:06,297 | WARNING  | [ANOMALY] Price spike detected: GBPUSD-OTC 2026-07-28 12:45:00 change: -0.0024
2026-07-29 06:15:06,297 | WARNING  | [ANOMALY] Price spike detected: EURGBP-OTC 2026-07-28 22:30:00 change: -0.0010
2026-07-29 06:15:06,297 | INFO     | [DataAdapter] M15 data refresh completed for EURGBP
2026-07-29 06:15:06,297 | WARNING  | [ANOMALY] Price spike detected: GBPUSD-OTC 2026-07-28 13:00:00 change: 0.0018
2026-07-29 06:15:06,298 | INFO     | [CSVWriter] Writing 249 rows to data_base/csv/iq_option\GBPUSD-OTC\GBPUSD-OTC_M5.csv
2026-07-29 06:15:06,298 | WARNING  | [ANOMALY] Price spike detected: EURGBP-OTC 2026-07-28 22:45:00 change: -0.0002
2026-07-29 06:15:06,298 | INFO     | [DataAdapter] Anomaly statistics for EURGBP: {'total_calls': 4, 'response_times': [0.8445141315460205, 1.0909359455108643, 0.9525554180145264, 0.963559627532959], 'spike_count': 1171, 'zero_volume_count': 0, 'impossible_candle_count': 0, 'consecutive_anomalies': 1171, 'avg_response_time': np.float64(0.9628912806510925), 'max_response_time': np.float64(1.0909359455108643), 'min_response_time': np.float64(0.8445141315460205)}
2026-07-29 06:15:06,298 | WARNING  | [ANOMALY] Price spike detected: GBPUSD-OTC 2026-07-28 13:15:00 change: 0.0006
2026-07-29 06:15:06,300 | WARNING  | [ANOMALY] Price spike detected: EURGBP-OTC 2026-07-28 23:00:00 change: 0.0015
2026-07-29 06:15:06,301 | WARNING  | [ANOMALY] Price spike detected: GBPUSD-OTC 2026-07-28 13:30:00 change: 0.0023
2026-07-29 06:15:06,303 | WARNING  | [ANOMALY] Price spike detected: GBPUSD-OTC 2026-07-28 14:00:00 change: 0.0018
2026-07-29 06:15:06,303 | WARNING  | [ANOMALY] Price spike detected: GBPUSD-OTC 2026-07-28 14:15:00 change: -0.0011
2026-07-29 06:15:06,303 | WARNING  | [ANOMALY] Price spike detected: GBPUSD-OTC 2026-07-28 14:30:00 change: 0.0016
2026-07-29 06:15:06,303 | WARNING  | [ANOMALY] Price spike detected: GBPUSD-OTC 2026-07-28 15:00:00 change: -0.0005
2026-07-29 06:15:06,304 | WARNING  | [ANOMALY] Price spike detected: GBPUSD-OTC 2026-07-28 15:30:00 change: -0.0008
2026-07-29 06:15:06,304 | WARNING  | [ANOMALY] Price spike detected: GBPUSD-OTC 2026-07-28 15:45:00 change: -0.0013
2026-07-29 06:15:06,304 | WARNING  | [ANOMALY] Price spike detected: GBPUSD-OTC 2026-07-28 16:15:00 change: -0.0014
2026-07-29 06:15:06,305 | WARNING  | [ANOMALY] Price spike detected: GBPUSD-OTC 2026-07-28 16:30:00 change: -0.0008
2026-07-29 06:15:06,305 | WARNING  | [ANOMALY] Price spike detected: GBPUSD-OTC 2026-07-28 16:45:00 change: 0.0009
2026-07-29 06:15:06,309 | WARNING  | [ANOMALY] Total anomalies detected: EURGBP-OTC 35
2026-07-29 06:15:06,310 | WARNING  | [ANOMALY] Price spike detected: GBPUSD-OTC 2026-07-28 17:00:00 change: 0.0012
2026-07-29 06:15:06,313 | ERROR    | [ANOMALY] Excessive anomalies threshold exceeded: 1171
2026-07-29 06:15:06,313 | WARNING  | [ANOMALY] Price spike detected: GBPUSD-OTC 2026-07-28 17:15:00 change: 0.0008
2026-07-29 06:15:06,313 | INFO     | [DataAdapter] M15 anomaly detection completed for EURGBP-OTC
2026-07-29 06:15:06,313 | WARNING  | [ANOMALY] Price spike detected: GBPUSD-OTC 2026-07-28 17:45:00 change: 0.0007
2026-07-29 06:15:06,319 | WARNING  | [ANOMALY] Price spike detected: GBPUSD-OTC 2026-07-28 18:00:00 change: -0.0018
2026-07-29 06:15:06,321 | WARNING  | [ANOMALY] Price spike detected: GBPUSD-OTC 2026-07-28 18:15:00 change: -0.0013
2026-07-29 06:15:06,322 | WARNING  | [ANOMALY] Price spike detected: GBPUSD-OTC 2026-07-28 18:45:00 change: 0.0026
2026-07-29 06:15:06,322 | WARNING  | [ANOMALY] Price spike detected: GBPUSD-OTC 2026-07-28 19:00:00 change: -0.0006
2026-07-29 06:15:06,322 | WARNING  | [ANOMALY] Price spike detected: GBPUSD-OTC 2026-07-28 19:30:00 change: -0.0011
2026-07-29 06:15:06,323 | INFO     | [CSVQueue] Enqueuing write for data_base/csv/iq_option\EURGBP-OTC\EURGBP-OTC_M15.csv - Queue size: 1
2026-07-29 06:15:06,323 | WARNING  | [ANOMALY] Price spike detected: GBPUSD-OTC 2026-07-28 19:45:00 change: -0.0007
2026-07-29 06:15:06,323 | INFO     | [DataAdapter] M15 data refresh completed for EURGBP-OTC
2026-07-29 06:15:06,323 | WARNING  | [ANOMALY] Price spike detected: GBPUSD-OTC 2026-07-28 20:15:00 change: -0.0014
2026-07-29 06:15:06,324 | INFO     | [DataAdapter] Anomaly statistics for EURGBP-OTC: {'total_calls': 4, 'response_times': [0.8445141315460205, 1.0909359455108643, 0.9525554180145264, 0.963559627532959], 'spike_count': 1171, 'zero_volume_count': 0, 'impossible_candle_count': 0, 'consecutive_anomalies': 1171, 'avg_response_time': np.float64(0.9628912806510925), 'max_response_time': np.float64(1.0909359455108643), 'min_response_time': np.float64(0.8445141315460205)}
2026-07-29 06:15:06,324 | WARNING  | [ANOMALY] Price spike detected: GBPUSD-OTC 2026-07-28 20:30:00 change: 0.0017
2026-07-29 06:15:06,324 | INFO     | [CSVWriter] Successfully wrote 365 rows to data_base/csv/iq_option\GBPUSD-OTC\GBPUSD-OTC_M5.csv
2026-07-29 06:15:06,325 | WARNING  | [ANOMALY] Price spike detected: GBPUSD-OTC 2026-07-28 20:45:00 change: 0.0016
2026-07-29 06:15:06,325 | INFO     | [CSVQueue] Successfully processed write for data_base/csv/iq_option\GBPUSD-OTC\GBPUSD-OTC_M5.csv
2026-07-29 06:15:06,325 | WARNING  | [ANOMALY] Price spike detected: GBPUSD-OTC 2026-07-28 21:00:00 change: -0.0006
2026-07-29 06:15:06,325 | INFO     | [CSVQueue] Processing write for data_base/csv/iq_option\EURGBP\EURGBP_M15.csv
2026-07-29 06:15:06,325 | WARNING  | [ANOMALY] Price spike detected: GBPUSD-OTC 2026-07-28 21:45:00 change: 0.0009
2026-07-29 06:15:06,325 | WARNING  | [ANOMALY] Price spike detected: GBPUSD-OTC 2026-07-28 22:30:00 change: -0.0020
2026-07-29 06:15:06,326 | WARNING  | [ANOMALY] Price spike detected: GBPUSD-OTC 2026-07-28 22:45:00 change: 0.0010
2026-07-29 06:15:06,327 | INFO     | [CSVWriter] Writing 49 rows to data_base/csv/iq_option\EURGBP\EURGBP_M15.csv
2026-07-29 06:15:06,335 | WARNING  | [ANOMALY] Total anomalies detected: GBPUSD-OTC 31
2026-07-29 06:15:06,335 | ERROR    | [ANOMALY] Excessive anomalies threshold exceeded: 1171
2026-07-29 06:15:06,335 | INFO     | [DataAdapter] M15 anomaly detection completed for GBPUSD-OTC
2026-07-29 06:15:06,342 | INFO     | [CSVQueue] Enqueuing write for data_base/csv/iq_option\GBPUSD-OTC\GBPUSD-OTC_M15.csv - Queue size: 1
2026-07-29 06:15:06,343 | INFO     | [DataAdapter] M15 data refresh completed for GBPUSD-OTC
2026-07-29 06:15:06,344 | INFO     | [DataAdapter] Anomaly statistics for GBPUSD-OTC: {'total_calls': 4, 'response_times': [0.8445141315460205, 1.0909359455108643, 0.9525554180145264, 0.963559627532959], 'spike_count': 1171, 'zero_volume_count': 0, 'impossible_candle_count': 0, 'consecutive_anomalies': 1171, 'avg_response_time': np.float64(0.9628912806510925), 'max_response_time': np.float64(1.0909359455108643), 'min_response_time': np.float64(0.8445141315460205)}
2026-07-29 06:15:06,346 | INFO     | [CSVWriter] Successfully wrote 88 rows to data_base/csv/iq_option\EURGBP\EURGBP_M15.csv
2026-07-29 06:15:06,346 | INFO     | [CSVQueue] Successfully processed write for data_base/csv/iq_option\EURGBP\EURGBP_M15.csv
2026-07-29 06:15:06,346 | INFO     | [CSVQueue] Processing write for data_base/csv/iq_option\EURGBP-OTC\EURGBP-OTC_M15.csv
2026-07-29 06:15:06,346 | INFO     | [CSVWriter] Writing 49 rows to data_base/csv/iq_option\EURGBP-OTC\EURGBP-OTC_M15.csv
2026-07-29 06:15:06,356 | INFO     | [CSVWriter] Successfully wrote 88 rows to data_base/csv/iq_option\EURGBP-OTC\EURGBP-OTC_M15.csv
2026-07-29 06:15:06,356 | INFO     | [CSVQueue] Successfully processed write for data_base/csv/iq_option\EURGBP-OTC\EURGBP-OTC_M15.csv
2026-07-29 06:15:06,356 | INFO     | [CSVQueue] Processing write for data_base/csv/iq_option\GBPUSD-OTC\GBPUSD-OTC_M15.csv
2026-07-29 06:15:06,356 | INFO     | [CSVWriter] Writing 49 rows to data_base/csv/iq_option\GBPUSD-OTC\GBPUSD-OTC_M15.csv
2026-07-29 06:15:06,365 | INFO     | [CSVWriter] Successfully wrote 88 rows to data_base/csv/iq_option\GBPUSD-OTC\GBPUSD-OTC_M15.csv
2026-07-29 06:15:06,367 | INFO     | [CSVQueue] Successfully processed write for data_base/csv/iq_option\GBPUSD-OTC\GBPUSD-OTC_M15.csv
2026-07-29 06:15:06,367 | INFO     | [CSVQueue] Queue size: 0
2026-07-29 06:15:06,479 | ERROR    | [AnomalyDetector] Error during analysis: 'AnomalyDetector' object has no attribute 'analyze'
Traceback (most recent call last):
  File "E:\BOT_FINALBOT\FINALBOT_Begin\data_evaluate\orchestrator.py", line 689, in _run_supplementary_engines
    anom_res = self.anomaly_detector.analyze(df_m5)
               ^^^^^^^^^^^^^^^^^^^^^^^^^^^^^
AttributeError: 'AnomalyDetector' object has no attribute 'analyze'
2026-07-29 06:15:06,482 | ERROR    | Error running supplementary engines for EURUSD: 'AnomalyDetector' object has no attribute 'analyze'
Traceback (most recent call last):
  File "E:\BOT_FINALBOT\FINALBOT_Begin\data_evaluate\orchestrator.py", line 296, in process_cycle
    supp_engines = self._run_supplementary_engines(
                   ^^^^^^^^^^^^^^^^^^^^^^^^^^^^^^^^
  File "E:\BOT_FINALBOT\FINALBOT_Begin\data_evaluate\orchestrator.py", line 689, in _run_supplementary_engines
    anom_res = self.anomaly_detector.analyze(df_m5)
               ^^^^^^^^^^^^^^^^^^^^^^^^^^^^^
AttributeError: 'AnomalyDetector' object has no attribute 'analyze'
2026-07-29 06:15:06,483 | ERROR    | Orchestrator failed for EURUSD
Traceback (most recent call last):
  File "E:\BOT_FINALBOT\FINALBOT_Begin\runner.py", line 240, in run_cycle
    self.orchestrator.process_cycle(sym)
  File "E:\BOT_FINALBOT\FINALBOT_Begin\data_evaluate\orchestrator.py", line 296, in process_cycle
    supp_engines = self._run_supplementary_engines(
                   ^^^^^^^^^^^^^^^^^^^^^^^^^^^^^^^^
  File "E:\BOT_FINALBOT\FINALBOT_Begin\data_evaluate\orchestrator.py", line 689, in _run_supplementary_engines
    anom_res = self.anomaly_detector.analyze(df_m5)
               ^^^^^^^^^^^^^^^^^^^^^^^^^^^^^
AttributeError: 'AnomalyDetector' object has no attribute 'analyze'
2026-07-29 06:15:06,602 | ERROR    | [AnomalyDetector] Error during analysis: 'AnomalyDetector' object has no attribute 'analyze'
Traceback (most recent call last):
  File "E:\BOT_FINALBOT\FINALBOT_Begin\data_evaluate\orchestrator.py", line 689, in _run_supplementary_engines
    anom_res = self.anomaly_detector.analyze(df_m5)
               ^^^^^^^^^^^^^^^^^^^^^^^^^^^^^
AttributeError: 'AnomalyDetector' object has no attribute 'analyze'
2026-07-29 06:15:06,603 | ERROR    | Error running supplementary engines for EURGBP: 'AnomalyDetector' object has no attribute 'analyze'
Traceback (most recent call last):
  File "E:\BOT_FINALBOT\FINALBOT_Begin\data_evaluate\orchestrator.py", line 296, in process_cycle
    supp_engines = self._run_supplementary_engines(
                   ^^^^^^^^^^^^^^^^^^^^^^^^^^^^^^^^
  File "E:\BOT_FINALBOT\FINALBOT_Begin\data_evaluate\orchestrator.py", line 689, in _run_supplementary_engines
    anom_res = self.anomaly_detector.analyze(df_m5)
               ^^^^^^^^^^^^^^^^^^^^^^^^^^^^^
AttributeError: 'AnomalyDetector' object has no attribute 'analyze'
2026-07-29 06:15:06,605 | ERROR    | Orchestrator failed for EURGBP
Traceback (most recent call last):
  File "E:\BOT_FINALBOT\FINALBOT_Begin\runner.py", line 240, in run_cycle
    self.orchestrator.process_cycle(sym)
  File "E:\BOT_FINALBOT\FINALBOT_Begin\data_evaluate\orchestrator.py", line 296, in process_cycle
    supp_engines = self._run_supplementary_engines(
                   ^^^^^^^^^^^^^^^^^^^^^^^^^^^^^^^^
  File "E:\BOT_FINALBOT\FINALBOT_Begin\data_evaluate\orchestrator.py", line 689, in _run_supplementary_engines
    anom_res = self.anomaly_detector.analyze(df_m5)
               ^^^^^^^^^^^^^^^^^^^^^^^^^^^^^
AttributeError: 'AnomalyDetector' object has no attribute 'analyze'
2026-07-29 06:15:06,715 | ERROR    | [AnomalyDetector] Error during analysis: 'AnomalyDetector' object has no attribute 'analyze'
Traceback (most recent call last):
  File "E:\BOT_FINALBOT\FINALBOT_Begin\data_evaluate\orchestrator.py", line 689, in _run_supplementary_engines
    anom_res = self.anomaly_detector.analyze(df_m5)
               ^^^^^^^^^^^^^^^^^^^^^^^^^^^^^
AttributeError: 'AnomalyDetector' object has no attribute 'analyze'
2026-07-29 06:15:06,716 | ERROR    | Error running supplementary engines for GBPUSD-OTC: 'AnomalyDetector' object has no attribute 'analyze'
Traceback (most recent call last):
  File "E:\BOT_FINALBOT\FINALBOT_Begin\data_evaluate\orchestrator.py", line 296, in process_cycle
    supp_engines = self._run_supplementary_engines(
                   ^^^^^^^^^^^^^^^^^^^^^^^^^^^^^^^^
  File "E:\BOT_FINALBOT\FINALBOT_Begin\data_evaluate\orchestrator.py", line 689, in _run_supplementary_engines
    anom_res = self.anomaly_detector.analyze(df_m5)
               ^^^^^^^^^^^^^^^^^^^^^^^^^^^^^
AttributeError: 'AnomalyDetector' object has no attribute 'analyze'
2026-07-29 06:15:06,718 | ERROR    | Orchestrator failed for GBPUSD-OTC
Traceback (most recent call last):
  File "E:\BOT_FINALBOT\FINALBOT_Begin\runner.py", line 240, in run_cycle
    self.orchestrator.process_cycle(sym)
  File "E:\BOT_FINALBOT\FINALBOT_Begin\data_evaluate\orchestrator.py", line 296, in process_cycle
    supp_engines = self._run_supplementary_engines(
                   ^^^^^^^^^^^^^^^^^^^^^^^^^^^^^^^^
  File "E:\BOT_FINALBOT\FINALBOT_Begin\data_evaluate\orchestrator.py", line 689, in _run_supplementary_engines
    anom_res = self.anomaly_detector.analyze(df_m5)
               ^^^^^^^^^^^^^^^^^^^^^^^^^^^^^
AttributeError: 'AnomalyDetector' object has no attribute 'analyze'
2026-07-29 06:15:06,846 | ERROR    | [AnomalyDetector] Error during analysis: 'AnomalyDetector' object has no attribute 'analyze'
Traceback (most recent call last):
  File "E:\BOT_FINALBOT\FINALBOT_Begin\data_evaluate\orchestrator.py", line 689, in _run_supplementary_engines
    anom_res = self.anomaly_detector.analyze(df_m5)
               ^^^^^^^^^^^^^^^^^^^^^^^^^^^^^
AttributeError: 'AnomalyDetector' object has no attribute 'analyze'
2026-07-29 06:15:06,847 | ERROR    | Error running supplementary engines for EURGBP-OTC: 'AnomalyDetector' object has no attribute 'analyze'
Traceback (most recent call last):
  File "E:\BOT_FINALBOT\FINALBOT_Begin\data_evaluate\orchestrator.py", line 296, in process_cycle
    supp_engines = self._run_supplementary_engines(
                   ^^^^^^^^^^^^^^^^^^^^^^^^^^^^^^^^
  File "E:\BOT_FINALBOT\FINALBOT_Begin\data_evaluate\orchestrator.py", line 689, in _run_supplementary_engines
    anom_res = self.anomaly_detector.analyze(df_m5)
               ^^^^^^^^^^^^^^^^^^^^^^^^^^^^^
AttributeError: 'AnomalyDetector' object has no attribute 'analyze'
2026-07-29 06:15:06,848 | ERROR    | Orchestrator failed for EURGBP-OTC
Traceback (most recent call last):
  File "E:\BOT_FINALBOT\FINALBOT_Begin\runner.py", line 240, in run_cycle
    self.orchestrator.process_cycle(sym)
  File "E:\BOT_FINALBOT\FINALBOT_Begin\data_evaluate\orchestrator.py", line 296, in process_cycle
    supp_engines = self._run_supplementary_engines(
                   ^^^^^^^^^^^^^^^^^^^^^^^^^^^^^^^^
  File "E:\BOT_FINALBOT\FINALBOT_Begin\data_evaluate\orchestrator.py", line 689, in _run_supplementary_engines
    anom_res = self.anomaly_detector.analyze(df_m5)
               ^^^^^^^^^^^^^^^^^^^^^^^^^^^^^
AttributeError: 'AnomalyDetector' object has no attribute 'analyze'
2026-07-29 06:15:06,849 | INFO     | [EURUSD:1.13844][EURGBP:0.85699][GBPUSD-OTC:1.33397][EURGBP-OTC:0.85115] :: TOTAL=$1453.95
2026-07-29 06:15:30,785 | INFO     | [TIME SYNC] Server time offset: -1.8489999771118164 seconds
2026-07-29 06:15:30,785 | INFO     | Time Sync : -1.849s
2026-07-29 06:16:02,110 | INFO     | [DataAdapter] Starting update for EURUSD
2026-07-29 06:16:02,110 | INFO     | [DataAdapter] Refreshing M1 data for EURUSD
2026-07-29 06:16:02,110 | INFO     | [DataAdapter] Starting update for EURGBP
2026-07-29 06:16:02,111 | INFO     | [DataAdapter] Refreshing M1 data for EURGBP
2026-07-29 06:16:02,111 | INFO     | [DataAdapter] Starting update for GBPUSD-OTC
2026-07-29 06:16:02,111 | INFO     | [DataAdapter] Refreshing M1 data for GBPUSD-OTC
2026-07-29 06:16:02,111 | INFO     | [DataAdapter] Starting update for EURGBP-OTC
2026-07-29 06:16:02,111 | INFO     | [DataAdapter] Refreshing M1 data for EURGBP-OTC
2026-07-29 06:16:02,516 | INFO     | [IQOPTION] REST fetch succeeded for EURUSD: 3 candles
2026-07-29 06:16:02,578 | WARNING  | [ANOMALY] Price spike detected: EURUSD 2026-07-28 21:41:00 change: 0.0000
2026-07-29 06:16:02,594 | WARNING  | [ANOMALY] Price spike detected: EURUSD 2026-07-28 21:42:00 change: -0.0000
2026-07-29 06:16:02,609 | WARNING  | [ANOMALY] Price spike detected: EURUSD 2026-07-28 21:43:00 change: -0.0000
2026-07-29 06:16:02,625 | WARNING  | [ANOMALY] Price spike detected: EURUSD 2026-07-28 21:44:00 change: 0.0001
2026-07-29 06:16:02,641 | WARNING  | [ANOMALY] Price spike detected: EURUSD 2026-07-28 21:45:00 change: -0.0002
2026-07-29 06:16:02,656 | WARNING  | [ANOMALY] Price spike detected: EURUSD 2026-07-28 21:46:00 change: 0.0001
2026-07-29 06:16:02,672 | WARNING  | [ANOMALY] Price spike detected: EURUSD 2026-07-28 21:47:00 change: -0.0001
2026-07-29 06:16:02,688 | WARNING  | [ANOMALY] Price spike detected: EURUSD 2026-07-28 21:48:00 change: 0.0001
2026-07-29 06:16:02,703 | WARNING  | [ANOMALY] Price spike detected: EURUSD 2026-07-28 21:50:00 change: -0.0001
2026-07-29 06:16:02,735 | WARNING  | [ANOMALY] Price spike detected: EURUSD 2026-07-28 21:52:00 change: 0.0000
2026-07-29 06:16:02,781 | INFO     | [IQOPTION] REST fetch succeeded for EURGBP: 3 candles
2026-07-29 06:16:02,781 | WARNING  | [ANOMALY] Price spike detected: EURUSD 2026-07-28 21:54:00 change: -0.0000
2026-07-29 06:16:02,804 | WARNING  | [ANOMALY] Price spike detected: EURGBP 2026-07-28 21:41:00 change: 0.0000
2026-07-29 06:16:02,812 | WARNING  | [ANOMALY] Price spike detected: EURUSD 2026-07-28 21:57:00 change: -0.0001
2026-07-29 06:16:02,860 | WARNING  | [ANOMALY] Price spike detected: EURGBP 2026-07-28 21:42:00 change: -0.0000
2026-07-29 06:16:02,892 | WARNING  | [ANOMALY] Price spike detected: EURUSD 2026-07-28 22:00:00 change: -0.0001
2026-07-29 06:16:02,938 | WARNING  | [ANOMALY] Price spike detected: EURGBP 2026-07-28 21:44:00 change: 0.0000
2026-07-29 06:16:03,002 | WARNING  | [ANOMALY] Price spike detected: EURUSD 2026-07-28 22:01:00 change: 0.0000
2026-07-29 06:16:03,018 | WARNING  | [ANOMALY] Price spike detected: EURGBP 2026-07-28 21:45:00 change: -0.0001
2026-07-29 06:16:03,049 | WARNING  | [ANOMALY] Price spike detected: EURUSD 2026-07-28 22:05:00 change: 0.0000
2026-07-29 06:16:03,049 | INFO     | [IQOPTION] REST fetch succeeded for GBPUSD-OTC: 3 candles
2026-07-29 06:16:03,050 | WARNING  | [ANOMALY] Price spike detected: EURGBP 2026-07-28 21:46:00 change: 0.0001
2026-07-29 06:16:03,065 | WARNING  | [ANOMALY] Price spike detected: EURUSD 2026-07-28 22:06:00 change: -0.0001
2026-07-29 06:16:03,127 | WARNING  | [ANOMALY] Price spike detected: EURGBP 2026-07-28 21:47:00 change: -0.0001
2026-07-29 06:16:03,143 | WARNING  | [ANOMALY] Price spike detected: EURUSD 2026-07-28 22:09:00 change: 0.0000
2026-07-29 06:16:03,175 | WARNING  | [ANOMALY] Price spike detected: GBPUSD-OTC 2026-07-28 21:41:00 change: 0.0008
2026-07-29 06:16:03,175 | WARNING  | [ANOMALY] Price spike detected: EURGBP 2026-07-28 21:48:00 change: 0.0001
2026-07-29 06:16:03,236 | WARNING  | [ANOMALY] Price spike detected: EURUSD 2026-07-28 22:12:00 change: 0.0000
2026-07-29 06:16:03,283 | WARNING  | [ANOMALY] Price spike detected: GBPUSD-OTC 2026-07-28 21:42:00 change: 0.0001
2026-07-29 06:16:03,299 | WARNING  | [ANOMALY] Price spike detected: EURGBP 2026-07-28 21:50:00 change: -0.0001
2026-07-29 06:16:03,330 | WARNING  | [ANOMALY] Price spike detected: EURUSD 2026-07-28 22:13:00 change: -0.0002
2026-07-29 06:16:03,362 | WARNING  | [ANOMALY] Price spike detected: GBPUSD-OTC 2026-07-28 21:43:00 change: -0.0001
2026-07-29 06:16:03,378 | WARNING  | [ANOMALY] Price spike detected: EURGBP 2026-07-28 21:52:00 change: 0.0000
2026-07-29 06:16:03,409 | WARNING  | [ANOMALY] Price spike detected: EURUSD 2026-07-28 22:14:00 change: -0.0001
2026-07-29 06:16:03,442 | INFO     | [IQOPTION] REST fetch succeeded for EURGBP-OTC: 3 candles
2026-07-29 06:16:03,442 | WARNING  | [ANOMALY] Price spike detected: GBPUSD-OTC 2026-07-28 21:46:00 change: -0.0003
2026-07-29 06:16:03,442 | WARNING  | [ANOMALY] Price spike detected: EURGBP 2026-07-28 21:56:00 change: -0.0000
2026-07-29 06:16:03,442 | WARNING  | [ANOMALY] Price spike detected: EURUSD 2026-07-28 22:15:00 change: 0.0001
2026-07-29 06:16:03,451 | WARNING  | [ANOMALY] Price spike detected: EURGBP-OTC 2026-07-28 21:41:00 change: -0.0002
2026-07-29 06:16:03,451 | WARNING  | [ANOMALY] Price spike detected: GBPUSD-OTC 2026-07-28 21:47:00 change: 0.0003
2026-07-29 06:16:03,451 | WARNING  | [ANOMALY] Price spike detected: EURGBP 2026-07-28 21:57:00 change: 0.0000
2026-07-29 06:16:03,451 | WARNING  | [ANOMALY] Price spike detected: EURUSD 2026-07-28 22:16:00 change: -0.0001
2026-07-29 06:16:03,451 | WARNING  | [ANOMALY] Price spike detected: EURGBP-OTC 2026-07-28 21:43:00 change: 0.0002
2026-07-29 06:16:03,451 | WARNING  | [ANOMALY] Price spike detected: GBPUSD-OTC 2026-07-28 21:48:00 change: -0.0001
2026-07-29 06:16:03,452 | WARNING  | [ANOMALY] Price spike detected: EURGBP 2026-07-28 21:58:00 change: -0.0000
2026-07-29 06:16:03,452 | WARNING  | [ANOMALY] Price spike detected: EURUSD 2026-07-28 22:18:00 change: -0.0000
2026-07-29 06:16:03,452 | WARNING  | [ANOMALY] Price spike detected: EURGBP-OTC 2026-07-28 21:44:00 change: -0.0002
2026-07-29 06:16:03,452 | WARNING  | [ANOMALY] Price spike detected: GBPUSD-OTC 2026-07-28 21:49:00 change: 0.0001
2026-07-29 06:16:03,452 | WARNING  | [ANOMALY] Price spike detected: EURGBP 2026-07-28 22:00:00 change: 0.0000
2026-07-29 06:16:03,452 | WARNING  | [ANOMALY] Price spike detected: EURUSD 2026-07-28 22:19:00 change: -0.0000
2026-07-29 06:16:03,452 | WARNING  | [ANOMALY] Price spike detected: EURGBP-OTC 2026-07-28 21:45:00 change: -0.0004
2026-07-29 06:16:03,453 | WARNING  | [ANOMALY] Price spike detected: GBPUSD-OTC 2026-07-28 21:50:00 change: 0.0001
2026-07-29 06:16:03,453 | WARNING  | [ANOMALY] Price spike detected: EURGBP 2026-07-28 22:01:00 change: 0.0000
2026-07-29 06:16:03,453 | WARNING  | [ANOMALY] Price spike detected: EURUSD 2026-07-28 22:20:00 change: -0.0001
2026-07-29 06:16:03,453 | WARNING  | [ANOMALY] Price spike detected: EURGBP-OTC 2026-07-28 21:46:00 change: 0.0004
2026-07-29 06:16:03,453 | WARNING  | [ANOMALY] Price spike detected: GBPUSD-OTC 2026-07-28 21:51:00 change: 0.0003
2026-07-29 06:16:03,453 | WARNING  | [ANOMALY] Price spike detected: EURGBP 2026-07-28 22:02:00 change: -0.0000
2026-07-29 06:16:03,454 | WARNING  | [ANOMALY] Price spike detected: EURUSD 2026-07-28 22:22:00 change: -0.0001
2026-07-29 06:16:03,454 | WARNING  | [ANOMALY] Price spike detected: EURGBP-OTC 2026-07-28 21:48:00 change: -0.0003
2026-07-29 06:16:03,454 | WARNING  | [ANOMALY] Price spike detected: GBPUSD-OTC 2026-07-28 21:53:00 change: -0.0003
2026-07-29 06:16:03,454 | WARNING  | [ANOMALY] Price spike detected: EURGBP 2026-07-28 22:05:00 change: -0.0000
2026-07-29 06:16:03,454 | WARNING  | [ANOMALY] Price spike detected: EURUSD 2026-07-28 22:23:00 change: -0.0000
2026-07-29 06:16:03,454 | WARNING  | [ANOMALY] Price spike detected: EURGBP-OTC 2026-07-28 21:49:00 change: 0.0003
2026-07-29 06:16:03,454 | WARNING  | [ANOMALY] Price spike detected: GBPUSD-OTC 2026-07-28 21:54:00 change: 0.0002
2026-07-29 06:16:03,455 | WARNING  | [ANOMALY] Price spike detected: EURGBP 2026-07-28 22:06:00 change: -0.0000
2026-07-29 06:16:03,455 | WARNING  | [ANOMALY] Price spike detected: EURUSD 2026-07-28 22:26:00 change: 0.0001
2026-07-29 06:16:03,455 | WARNING  | [ANOMALY] Price spike detected: EURGBP-OTC 2026-07-28 21:51:00 change: 0.0001
2026-07-29 06:16:03,455 | WARNING  | [ANOMALY] Price spike detected: GBPUSD-OTC 2026-07-28 21:55:00 change: 0.0006
2026-07-29 06:16:03,455 | WARNING  | [ANOMALY] Price spike detected: EURGBP 2026-07-28 22:07:00 change: -0.0000
2026-07-29 06:16:03,455 | WARNING  | [ANOMALY] Price spike detected: EURUSD 2026-07-28 22:27:00 change: -0.0000
2026-07-29 06:16:03,456 | WARNING  | [ANOMALY] Price spike detected: EURGBP-OTC 2026-07-28 21:52:00 change: -0.0002
2026-07-29 06:16:03,456 | WARNING  | [ANOMALY] Price spike detected: GBPUSD-OTC 2026-07-28 21:57:00 change: 0.0001
2026-07-29 06:16:03,456 | WARNING  | [ANOMALY] Price spike detected: EURGBP 2026-07-28 22:09:00 change: 0.0000
2026-07-29 06:16:03,456 | WARNING  | [ANOMALY] Price spike detected: EURUSD 2026-07-28 22:28:00 change: -0.0000
2026-07-29 06:16:03,456 | WARNING  | [ANOMALY] Price spike detected: EURGBP-OTC 2026-07-28 21:55:00 change: -0.0002
2026-07-29 06:16:03,456 | WARNING  | [ANOMALY] Price spike detected: GBPUSD-OTC 2026-07-28 21:58:00 change: 0.0002
2026-07-29 06:16:03,457 | WARNING  | [ANOMALY] Price spike detected: EURGBP 2026-07-28 22:10:00 change: -0.0000
2026-07-29 06:16:03,457 | WARNING  | [ANOMALY] Price spike detected: EURUSD 2026-07-28 22:30:00 change: 0.0001
2026-07-29 06:16:03,457 | WARNING  | [ANOMALY] Price spike detected: EURGBP-OTC 2026-07-28 21:56:00 change: 0.0001
2026-07-29 06:16:03,457 | WARNING  | [ANOMALY] Price spike detected: GBPUSD-OTC 2026-07-28 21:59:00 change: -0.0002
2026-07-29 06:16:03,457 | WARNING  | [ANOMALY] Price spike detected: EURGBP 2026-07-28 22:11:00 change: 0.0000
2026-07-29 06:16:03,458 | WARNING  | [ANOMALY] Price spike detected: EURUSD 2026-07-28 22:31:00 change: 0.0000
2026-07-29 06:16:03,458 | WARNING  | [ANOMALY] Price spike detected: EURGBP-OTC 2026-07-28 21:57:00 change: 0.0003
2026-07-29 06:16:03,458 | WARNING  | [ANOMALY] Price spike detected: GBPUSD-OTC 2026-07-28 22:01:00 change: -0.0004
2026-07-29 06:16:03,458 | WARNING  | [ANOMALY] Price spike detected: EURGBP 2026-07-28 22:12:00 change: 0.0000
2026-07-29 06:16:03,458 | WARNING  | [ANOMALY] Price spike detected: EURUSD 2026-07-28 22:32:00 change: -0.0000
2026-07-29 06:16:03,458 | WARNING  | [ANOMALY] Price spike detected: EURGBP-OTC 2026-07-28 21:58:00 change: -0.0005
2026-07-29 06:16:03,459 | WARNING  | [ANOMALY] Price spike detected: GBPUSD-OTC 2026-07-28 22:02:00 change: 0.0004
2026-07-29 06:16:03,459 | WARNING  | [ANOMALY] Price spike detected: EURGBP 2026-07-28 22:14:00 change: -0.0000
2026-07-29 06:16:03,459 | WARNING  | [ANOMALY] Price spike detected: EURUSD 2026-07-28 22:34:00 change: 0.0000
2026-07-29 06:16:03,459 | WARNING  | [ANOMALY] Price spike detected: EURGBP-OTC 2026-07-28 21:59:00 change: 0.0001
2026-07-29 06:16:03,459 | WARNING  | [ANOMALY] Price spike detected: GBPUSD-OTC 2026-07-28 22:03:00 change: 0.0004
2026-07-29 06:16:03,459 | WARNING  | [ANOMALY] Price spike detected: EURGBP 2026-07-28 22:16:00 change: -0.0000
2026-07-29 06:16:03,459 | WARNING  | [ANOMALY] Price spike detected: EURUSD 2026-07-28 22:35:00 change: -0.0001
2026-07-29 06:16:03,460 | WARNING  | [ANOMALY] Price spike detected: EURGBP-OTC 2026-07-28 22:03:00 change: 0.0005
2026-07-29 06:16:03,460 | WARNING  | [ANOMALY] Price spike detected: GBPUSD-OTC 2026-07-28 22:04:00 change: 0.0004
2026-07-29 06:16:03,460 | WARNING  | [ANOMALY] Price spike detected: EURGBP 2026-07-28 22:22:00 change: 0.0000
2026-07-29 06:16:03,460 | WARNING  | [ANOMALY] Price spike detected: EURUSD 2026-07-28 22:37:00 change: -0.0000
2026-07-29 06:16:03,460 | WARNING  | [ANOMALY] Price spike detected: EURGBP-OTC 2026-07-28 22:05:00 change: 0.0002
2026-07-29 06:16:03,460 | WARNING  | [ANOMALY] Price spike detected: GBPUSD-OTC 2026-07-28 22:06:00 change: -0.0002
2026-07-29 06:16:03,461 | WARNING  | [ANOMALY] Price spike detected: EURGBP 2026-07-28 22:23:00 change: 0.0000
2026-07-29 06:16:03,461 | WARNING  | [ANOMALY] Price spike detected: EURUSD 2026-07-28 22:38:00 change: -0.0000
2026-07-29 06:16:03,461 | WARNING  | [ANOMALY] Price spike detected: EURGBP-OTC 2026-07-28 22:07:00 change: 0.0003
2026-07-29 06:16:03,461 | WARNING  | [ANOMALY] Price spike detected: GBPUSD-OTC 2026-07-28 22:07:00 change: 0.0003
2026-07-29 06:16:03,461 | WARNING  | [ANOMALY] Price spike detected: EURGBP 2026-07-28 22:26:00 change: 0.0000
2026-07-29 06:16:03,461 | WARNING  | [ANOMALY] Price spike detected: EURUSD 2026-07-28 22:40:00 change: 0.0000
2026-07-29 06:16:03,461 | WARNING  | [ANOMALY] Price spike detected: EURGBP-OTC 2026-07-28 22:08:00 change: 0.0002
2026-07-29 06:16:03,461 | WARNING  | [ANOMALY] Price spike detected: GBPUSD-OTC 2026-07-28 22:08:00 change: -0.0004
2026-07-29 06:16:03,462 | WARNING  | [ANOMALY] Price spike detected: EURGBP 2026-07-28 22:28:00 change: -0.0000
2026-07-29 06:16:03,462 | WARNING  | [ANOMALY] Price spike detected: EURUSD 2026-07-28 22:41:00 change: -0.0000
2026-07-29 06:16:03,462 | WARNING  | [ANOMALY] Price spike detected: EURGBP-OTC 2026-07-28 22:09:00 change: 0.0002
2026-07-29 06:16:03,462 | WARNING  | [ANOMALY] Price spike detected: GBPUSD-OTC 2026-07-28 22:09:00 change: 0.0001
2026-07-29 06:16:03,462 | WARNING  | [ANOMALY] Price spike detected: EURGBP 2026-07-28 22:30:00 change: 0.0001
2026-07-29 06:16:03,462 | WARNING  | [ANOMALY] Price spike detected: EURUSD 2026-07-28 22:42:00 change: 0.0001
2026-07-29 06:16:03,463 | WARNING  | [ANOMALY] Price spike detected: EURGBP-OTC 2026-07-28 22:11:00 change: 0.0003
2026-07-29 06:16:03,463 | WARNING  | [ANOMALY] Price spike detected: GBPUSD-OTC 2026-07-28 22:10:00 change: 0.0001
2026-07-29 06:16:03,463 | WARNING  | [ANOMALY] Price spike detected: EURGBP 2026-07-28 22:31:00 change: -0.0000
2026-07-29 06:16:03,463 | WARNING  | [ANOMALY] Price spike detected: EURUSD 2026-07-28 22:45:00 change: -0.0000
2026-07-29 06:16:03,463 | WARNING  | [ANOMALY] Price spike detected: EURGBP-OTC 2026-07-28 22:12:00 change: 0.0001
2026-07-29 06:16:03,463 | WARNING  | [ANOMALY] Price spike detected: GBPUSD-OTC 2026-07-28 22:11:00 change: -0.0003
2026-07-29 06:16:03,464 | WARNING  | [ANOMALY] Price spike detected: EURGBP 2026-07-28 22:32:00 change: 0.0000
2026-07-29 06:16:03,464 | WARNING  | [ANOMALY] Price spike detected: EURUSD 2026-07-28 22:46:00 change: -0.0000
2026-07-29 06:16:03,464 | WARNING  | [ANOMALY] Price spike detected: EURGBP-OTC 2026-07-28 22:13:00 change: -0.0002
2026-07-29 06:16:03,464 | WARNING  | [ANOMALY] Price spike detected: GBPUSD-OTC 2026-07-28 22:13:00 change: 0.0002
2026-07-29 06:16:03,464 | WARNING  | [ANOMALY] Price spike detected: EURGBP 2026-07-28 22:33:00 change: 0.0000
2026-07-29 06:16:03,464 | WARNING  | [ANOMALY] Price spike detected: EURUSD 2026-07-28 22:47:00 change: 0.0000
2026-07-29 06:16:03,464 | WARNING  | [ANOMALY] Price spike detected: EURGBP-OTC 2026-07-28 22:14:00 change: -0.0004
2026-07-29 06:16:03,465 | WARNING  | [ANOMALY] Price spike detected: GBPUSD-OTC 2026-07-28 22:14:00 change: -0.0003
2026-07-29 06:16:03,465 | WARNING  | [ANOMALY] Price spike detected: EURGBP 2026-07-28 22:34:00 change: -0.0000
2026-07-29 06:16:03,465 | WARNING  | [ANOMALY] Price spike detected: EURUSD 2026-07-28 22:49:00 change: -0.0000
2026-07-29 06:16:03,465 | WARNING  | [ANOMALY] Price spike detected: EURGBP-OTC 2026-07-28 22:15:00 change: -0.0003
2026-07-29 06:16:03,465 | WARNING  | [ANOMALY] Price spike detected: GBPUSD-OTC 2026-07-28 22:15:00 change: 0.0003
2026-07-29 06:16:03,466 | WARNING  | [ANOMALY] Price spike detected: EURGBP 2026-07-28 22:35:00 change: -0.0000
2026-07-29 06:16:03,466 | WARNING  | [ANOMALY] Price spike detected: EURUSD 2026-07-28 22:50:00 change: -0.0000
2026-07-29 06:16:03,466 | WARNING  | [ANOMALY] Price spike detected: EURGBP-OTC 2026-07-28 22:16:00 change: -0.0002
2026-07-29 06:16:03,466 | WARNING  | [ANOMALY] Price spike detected: GBPUSD-OTC 2026-07-28 22:16:00 change: -0.0002
2026-07-29 06:16:03,466 | WARNING  | [ANOMALY] Price spike detected: EURGBP 2026-07-28 22:36:00 change: 0.0000
2026-07-29 06:16:03,466 | WARNING  | [ANOMALY] Price spike detected: EURUSD 2026-07-28 22:51:00 change: 0.0000
2026-07-29 06:16:03,467 | WARNING  | [ANOMALY] Price spike detected: EURGBP-OTC 2026-07-28 22:17:00 change: 0.0001
2026-07-29 06:16:03,467 | WARNING  | [ANOMALY] Price spike detected: GBPUSD-OTC 2026-07-28 22:17:00 change: 0.0002
2026-07-29 06:16:03,467 | WARNING  | [ANOMALY] Price spike detected: EURGBP 2026-07-28 22:37:00 change: -0.0000
2026-07-29 06:16:03,467 | WARNING  | [ANOMALY] Price spike detected: EURUSD 2026-07-28 22:52:00 change: 0.0000
2026-07-29 06:16:03,467 | WARNING  | [ANOMALY] Price spike detected: EURGBP-OTC 2026-07-28 22:18:00 change: 0.0002
2026-07-29 06:16:03,467 | WARNING  | [ANOMALY] Price spike detected: GBPUSD-OTC 2026-07-28 22:18:00 change: -0.0001
2026-07-29 06:16:03,468 | WARNING  | [ANOMALY] Price spike detected: EURGBP 2026-07-28 22:38:00 change: 0.0000
2026-07-29 06:16:03,468 | WARNING  | [ANOMALY] Price spike detected: EURUSD 2026-07-28 22:57:00 change: 0.0000
2026-07-29 06:16:03,468 | WARNING  | [ANOMALY] Price spike detected: EURGBP-OTC 2026-07-28 22:20:00 change: 0.0004
2026-07-29 06:16:03,468 | WARNING  | [ANOMALY] Price spike detected: GBPUSD-OTC 2026-07-28 22:19:00 change: -0.0002
2026-07-29 06:16:03,468 | WARNING  | [ANOMALY] Price spike detected: EURGBP 2026-07-28 22:40:00 change: 0.0000
2026-07-29 06:16:03,468 | WARNING  | [ANOMALY] Price spike detected: EURUSD 2026-07-28 22:59:00 change: -0.0000
2026-07-29 06:16:03,469 | WARNING  | [ANOMALY] Price spike detected: EURGBP-OTC 2026-07-28 22:21:00 change: -0.0003
2026-07-29 06:16:03,469 | WARNING  | [ANOMALY] Price spike detected: GBPUSD-OTC 2026-07-28 22:20:00 change: -0.0001
2026-07-29 06:16:03,469 | WARNING  | [ANOMALY] Price spike detected: EURGBP 2026-07-28 22:42:00 change: 0.0000
2026-07-29 06:16:03,469 | WARNING  | [ANOMALY] Price spike detected: EURUSD 2026-07-28 23:00:00 change: -0.0001
2026-07-29 06:16:03,469 | WARNING  | [ANOMALY] Price spike detected: EURGBP-OTC 2026-07-28 22:22:00 change: 0.0003
2026-07-29 06:16:03,469 | WARNING  | [ANOMALY] Price spike detected: GBPUSD-OTC 2026-07-28 22:21:00 change: 0.0001
2026-07-29 06:16:03,470 | WARNING  | [ANOMALY] Price spike detected: EURGBP 2026-07-28 22:43:00 change: -0.0000
2026-07-29 06:16:03,470 | WARNING  | [ANOMALY] Price spike detected: EURUSD 2026-07-28 23:01:00 change: -0.0001
2026-07-29 06:16:03,470 | WARNING  | [ANOMALY] Price spike detected: EURGBP-OTC 2026-07-28 22:24:00 change: -0.0003
2026-07-29 06:16:03,470 | WARNING  | [ANOMALY] Price spike detected: GBPUSD-OTC 2026-07-28 22:22:00 change: -0.0001
2026-07-29 06:16:03,470 | WARNING  | [ANOMALY] Price spike detected: EURGBP 2026-07-28 22:44:00 change: 0.0000
2026-07-29 06:16:03,470 | WARNING  | [ANOMALY] Price spike detected: EURUSD 2026-07-28 23:02:00 change: 0.0001
2026-07-29 06:16:03,471 | WARNING  | [ANOMALY] Price spike detected: EURGBP-OTC 2026-07-28 22:25:00 change: -0.0001
2026-07-29 06:16:03,471 | WARNING  | [ANOMALY] Price spike detected: GBPUSD-OTC 2026-07-28 22:24:00 change: -0.0003
2026-07-29 06:16:03,471 | WARNING  | [ANOMALY] Price spike detected: EURGBP 2026-07-28 22:46:00 change: -0.0000
2026-07-29 06:16:03,471 | WARNING  | [ANOMALY] Price spike detected: EURUSD 2026-07-28 23:05:00 change: -0.0001
2026-07-29 06:16:03,471 | WARNING  | [ANOMALY] Price spike detected: EURGBP-OTC 2026-07-28 22:26:00 change: 0.0002
2026-07-29 06:16:03,471 | WARNING  | [ANOMALY] Price spike detected: GBPUSD-OTC 2026-07-28 22:25:00 change: 0.0001
2026-07-29 06:16:03,471 | WARNING  | [ANOMALY] Price spike detected: EURGBP 2026-07-28 22:47:00 change: 0.0000
2026-07-29 06:16:03,472 | WARNING  | [ANOMALY] Price spike detected: EURUSD 2026-07-28 23:07:00 change: -0.0001
2026-07-29 06:16:03,472 | WARNING  | [ANOMALY] Price spike detected: EURGBP-OTC 2026-07-28 22:27:00 change: 0.0001
2026-07-29 06:16:03,472 | WARNING  | [ANOMALY] Price spike detected: GBPUSD-OTC 2026-07-28 22:26:00 change: 0.0004
2026-07-29 06:16:03,472 | WARNING  | [ANOMALY] Price spike detected: EURGBP 2026-07-28 22:50:00 change: -0.0000
2026-07-29 06:16:03,472 | WARNING  | [ANOMALY] Price spike detected: EURUSD 2026-07-28 23:09:00 change: -0.0000
2026-07-29 06:16:03,473 | WARNING  | [ANOMALY] Price spike detected: EURGBP-OTC 2026-07-28 22:28:00 change: -0.0001
2026-07-29 06:16:03,473 | WARNING  | [ANOMALY] Price spike detected: GBPUSD-OTC 2026-07-28 22:27:00 change: 0.0002
2026-07-29 06:16:03,473 | WARNING  | [ANOMALY] Price spike detected: EURGBP 2026-07-28 22:52:00 change: -0.0000
2026-07-29 06:16:03,473 | WARNING  | [ANOMALY] Price spike detected: EURUSD 2026-07-28 23:10:00 change: 0.0000
2026-07-29 06:16:03,473 | WARNING  | [ANOMALY] Price spike detected: EURGBP-OTC 2026-07-28 22:29:00 change: -0.0001
2026-07-29 06:16:03,473 | WARNING  | [ANOMALY] Price spike detected: GBPUSD-OTC 2026-07-28 22:28:00 change: -0.0001
2026-07-29 06:16:03,474 | WARNING  | [ANOMALY] Price spike detected: EURGBP 2026-07-28 22:53:00 change: 0.0000
2026-07-29 06:16:03,474 | WARNING  | [ANOMALY] Price spike detected: EURUSD 2026-07-28 23:12:00 change: 0.0001
2026-07-29 06:16:03,474 | WARNING  | [ANOMALY] Price spike detected: EURGBP-OTC 2026-07-28 22:30:00 change: 0.0001
2026-07-29 06:16:03,474 | WARNING  | [ANOMALY] Price spike detected: GBPUSD-OTC 2026-07-28 22:29:00 change: -0.0003
2026-07-29 06:16:03,474 | WARNING  | [ANOMALY] Price spike detected: EURGBP 2026-07-28 22:54:00 change: -0.0000
2026-07-29 06:16:03,474 | WARNING  | [ANOMALY] Price spike detected: EURUSD 2026-07-28 23:14:00 change: 0.0000
2026-07-29 06:16:03,474 | WARNING  | [ANOMALY] Price spike detected: EURGBP-OTC 2026-07-28 22:31:00 change: 0.0002
2026-07-29 06:16:03,475 | WARNING  | [ANOMALY] Price spike detected: GBPUSD-OTC 2026-07-28 22:30:00 change: 0.0003
2026-07-29 06:16:03,475 | WARNING  | [ANOMALY] Price spike detected: EURGBP 2026-07-28 22:55:00 change: -0.0000
2026-07-29 06:16:03,475 | WARNING  | [ANOMALY] Price spike detected: EURUSD 2026-07-28 23:15:00 change: -0.0000
2026-07-29 06:16:03,475 | WARNING  | [ANOMALY] Price spike detected: EURGBP-OTC 2026-07-28 22:32:00 change: 0.0001
2026-07-29 06:16:03,475 | WARNING  | [ANOMALY] Price spike detected: GBPUSD-OTC 2026-07-28 22:32:00 change: -0.0001
2026-07-29 06:16:03,475 | WARNING  | [ANOMALY] Price spike detected: EURGBP 2026-07-28 22:56:00 change: 0.0000
2026-07-29 06:16:03,477 | WARNING  | [ANOMALY] Price spike detected: EURGBP-OTC 2026-07-28 22:33:00 change: -0.0003
2026-07-29 06:16:03,477 | WARNING  | [ANOMALY] Price spike detected: GBPUSD-OTC 2026-07-28 22:33:00 change: -0.0002
2026-07-29 06:16:03,477 | WARNING  | [ANOMALY] Price spike detected: EURGBP 2026-07-28 22:57:00 change: 0.0000
2026-07-29 06:16:03,478 | WARNING  | [ANOMALY] Price spike detected: EURGBP-OTC 2026-07-28 22:34:00 change: -0.0002
2026-07-29 06:16:03,478 | WARNING  | [ANOMALY] Price spike detected: GBPUSD-OTC 2026-07-28 22:34:00 change: -0.0002
2026-07-29 06:16:03,479 | WARNING  | [ANOMALY] Price spike detected: EURGBP 2026-07-28 22:58:00 change: -0.0000
2026-07-29 06:16:03,484 | WARNING  | [ANOMALY] Total anomalies detected: EURUSD 59
2026-07-29 06:16:03,484 | ERROR    | [ANOMALY] Excessive anomalies threshold exceeded: 1446
2026-07-29 06:16:03,484 | WARNING  | [ANOMALY] Price spike detected: EURGBP-OTC 2026-07-28 22:35:00 change: 0.0002
2026-07-29 06:16:03,484 | WARNING  | [ANOMALY] Price spike detected: EURGBP 2026-07-28 22:59:00 change: 0.0000
2026-07-29 06:16:03,484 | WARNING  | [ANOMALY] Price spike detected: GBPUSD-OTC 2026-07-28 22:35:00 change: -0.0005
2026-07-29 06:16:03,484 | INFO     | [DataAdapter] M1 anomaly detection completed for EURUSD in 0.922s
2026-07-29 06:16:03,485 | WARNING  | [ANOMALY] Price spike detected: EURGBP-OTC 2026-07-28 22:36:00 change: -0.0006
2026-07-29 06:16:03,485 | WARNING  | [ANOMALY] Price spike detected: EURGBP 2026-07-28 23:00:00 change: 0.0000
2026-07-29 06:16:03,485 | WARNING  | [ANOMALY] Price spike detected: GBPUSD-OTC 2026-07-28 22:36:00 change: 0.0002
2026-07-29 06:16:03,489 | WARNING  | [ANOMALY] Price spike detected: EURGBP-OTC 2026-07-28 22:37:00 change: -0.0002
2026-07-29 06:16:03,490 | WARNING  | [ANOMALY] Price spike detected: EURGBP 2026-07-28 23:01:00 change: -0.0000
2026-07-29 06:16:03,490 | WARNING  | [ANOMALY] Price spike detected: GBPUSD-OTC 2026-07-28 22:38:00 change: 0.0002
2026-07-29 06:16:03,490 | INFO     | [CSVQueue] Enqueuing write for data_base/csv/iq_option\EURUSD\EURUSD_M1.csv - Queue size: 0
2026-07-29 06:16:03,490 | WARNING  | [ANOMALY] Price spike detected: EURGBP-OTC 2026-07-28 22:38:00 change: -0.0001
2026-07-29 06:16:03,490 | WARNING  | [ANOMALY] Price spike detected: EURGBP 2026-07-28 23:02:00 change: -0.0000
2026-07-29 06:16:03,491 | WARNING  | [ANOMALY] Price spike detected: GBPUSD-OTC 2026-07-28 22:39:00 change: -0.0007
2026-07-29 06:16:03,491 | INFO     | [DataAdapter] M1 data refresh completed for EURUSD
2026-07-29 06:16:03,491 | INFO     | [CSVQueue] Processing write for data_base/csv/iq_option\EURUSD\EURUSD_M1.csv
2026-07-29 06:16:03,491 | WARNING  | [ANOMALY] Price spike detected: EURGBP-OTC 2026-07-28 22:39:00 change: 0.0002
2026-07-29 06:16:03,491 | WARNING  | [ANOMALY] Price spike detected: EURGBP 2026-07-28 23:04:00 change: -0.0000
2026-07-29 06:16:03,491 | WARNING  | [ANOMALY] Price spike detected: GBPUSD-OTC 2026-07-28 22:40:00 change: -0.0003
2026-07-29 06:16:03,492 | INFO     | [DataAdapter] Refreshing M5 data for EURUSD
2026-07-29 06:16:03,492 | WARNING  | [ANOMALY] Price spike detected: EURGBP-OTC 2026-07-28 22:40:00 change: 0.0002
2026-07-29 06:16:03,492 | WARNING  | [ANOMALY] Price spike detected: EURGBP 2026-07-28 23:05:00 change: 0.0000
2026-07-29 06:16:03,492 | INFO     | [CSVWriter] Writing 100 rows to data_base/csv/iq_option\EURUSD\EURUSD_M1.csv
2026-07-29 06:16:03,492 | WARNING  | [ANOMALY] Price spike detected: GBPUSD-OTC 2026-07-28 22:41:00 change: -0.0005
2026-07-29 06:16:03,495 | WARNING  | [ANOMALY] Price spike detected: EURUSD 2026-07-28 02:50:00 change: 0.0003
2026-07-29 06:16:03,495 | WARNING  | [ANOMALY] Price spike detected: EURGBP-OTC 2026-07-28 22:42:00 change: -0.0003
2026-07-29 06:16:03,495 | WARNING  | [ANOMALY] Price spike detected: EURGBP 2026-07-28 23:06:00 change: -0.0000
2026-07-29 06:16:03,497 | WARNING  | [ANOMALY] Price spike detected: GBPUSD-OTC 2026-07-28 22:44:00 change: -0.0004
2026-07-29 06:16:03,498 | WARNING  | [ANOMALY] Price spike detected: EURUSD 2026-07-28 02:55:00 change: -0.0001
2026-07-29 06:16:03,498 | WARNING  | [ANOMALY] Price spike detected: EURGBP-OTC 2026-07-28 22:43:00 change: -0.0003
2026-07-29 06:16:03,498 | WARNING  | [ANOMALY] Price spike detected: EURGBP 2026-07-28 23:07:00 change: 0.0000
2026-07-29 06:16:03,498 | WARNING  | [ANOMALY] Price spike detected: GBPUSD-OTC 2026-07-28 22:45:00 change: 0.0002
2026-07-29 06:16:03,499 | WARNING  | [ANOMALY] Price spike detected: EURUSD 2026-07-28 03:05:00 change: -0.0001
2026-07-29 06:16:03,499 | WARNING  | [ANOMALY] Price spike detected: EURGBP-OTC 2026-07-28 22:44:00 change: -0.0001
2026-07-29 06:16:03,499 | WARNING  | [ANOMALY] Price spike detected: EURGBP 2026-07-28 23:09:00 change: 0.0000
2026-07-29 06:16:03,499 | WARNING  | [ANOMALY] Price spike detected: GBPUSD-OTC 2026-07-28 22:46:00 change: -0.0002
2026-07-29 06:16:03,500 | WARNING  | [ANOMALY] Price spike detected: EURUSD 2026-07-28 03:10:00 change: -0.0001
2026-07-29 06:16:03,501 | WARNING  | [ANOMALY] Price spike detected: EURGBP-OTC 2026-07-28 22:45:00 change: -0.0001
2026-07-29 06:16:03,503 | WARNING  | [ANOMALY] Price spike detected: EURGBP 2026-07-28 23:10:00 change: 0.0000
2026-07-29 06:16:03,503 | WARNING  | [ANOMALY] Price spike detected: GBPUSD-OTC 2026-07-28 22:48:00 change: 0.0003
2026-07-29 06:16:03,503 | WARNING  | [ANOMALY] Price spike detected: EURUSD 2026-07-28 03:15:00 change: 0.0001
2026-07-29 06:16:03,504 | WARNING  | [ANOMALY] Price spike detected: EURGBP-OTC 2026-07-28 22:46:00 change: 0.0002
2026-07-29 06:16:03,506 | WARNING  | [ANOMALY] Price spike detected: EURGBP 2026-07-28 23:12:00 change: -0.0000
2026-07-29 06:16:03,507 | WARNING  | [ANOMALY] Price spike detected: GBPUSD-OTC 2026-07-28 22:49:00 change: 0.0004
2026-07-29 06:16:03,507 | WARNING  | [ANOMALY] Price spike detected: EURUSD 2026-07-28 03:20:00 change: 0.0001
2026-07-29 06:16:03,507 | WARNING  | [ANOMALY] Price spike detected: EURGBP-OTC 2026-07-28 22:48:00 change: -0.0001
2026-07-29 06:16:03,508 | WARNING  | [ANOMALY] Price spike detected: EURGBP 2026-07-28 23:13:00 change: -0.0000
2026-07-29 06:16:03,508 | WARNING  | [CSVWriter] os.replace failed (attempt 1/5) for data_base/csv/iq_option\EURUSD\EURUSD_M1.csv: [WinError 5] Access is denied: 'data_base/csv/iq_option\\EURUSD\\EURUSD_M1.csv.12928.tmp' -> 'data_base/csv/iq_option\\EURUSD\\EURUSD_M1.csv'. Retrying in 0.10s...
2026-07-29 06:16:03,508 | WARNING  | [ANOMALY] Price spike detected: GBPUSD-OTC 2026-07-28 22:53:00 change: 0.0004
2026-07-29 06:16:03,508 | WARNING  | [ANOMALY] Price spike detected: EURUSD 2026-07-28 03:30:00 change: 0.0002
2026-07-29 06:16:03,508 | WARNING  | [ANOMALY] Price spike detected: EURGBP-OTC 2026-07-28 22:49:00 change: 0.0001
2026-07-29 06:16:03,509 | WARNING  | [ANOMALY] Price spike detected: EURGBP 2026-07-28 23:14:00 change: -0.0000
2026-07-29 06:16:03,509 | WARNING  | [ANOMALY] Price spike detected: GBPUSD-OTC 2026-07-28 22:54:00 change: -0.0002
2026-07-29 06:16:03,509 | WARNING  | [ANOMALY] Price spike detected: EURUSD 2026-07-28 03:35:00 change: -0.0002
2026-07-29 06:16:03,509 | WARNING  | [ANOMALY] Price spike detected: EURGBP-OTC 2026-07-28 22:52:00 change: -0.0002
2026-07-29 06:16:03,510 | WARNING  | [ANOMALY] Price spike detected: GBPUSD-OTC 2026-07-28 22:55:00 change: -0.0002
2026-07-29 06:16:03,511 | WARNING  | [ANOMALY] Price spike detected: EURUSD 2026-07-28 03:40:00 change: -0.0001
2026-07-29 06:16:03,511 | WARNING  | [ANOMALY] Price spike detected: EURGBP-OTC 2026-07-28 22:53:00 change: -0.0003
2026-07-29 06:16:03,512 | WARNING  | [ANOMALY] Price spike detected: GBPUSD-OTC 2026-07-28 22:57:00 change: 0.0004
2026-07-29 06:16:03,512 | WARNING  | [ANOMALY] Price spike detected: EURUSD 2026-07-28 03:45:00 change: -0.0001
2026-07-29 06:16:03,517 | WARNING  | [ANOMALY] Total anomalies detected: EURGBP 64
2026-07-29 06:16:03,517 | WARNING  | [ANOMALY] Price spike detected: EURGBP-OTC 2026-07-28 22:54:00 change: 0.0002
2026-07-29 06:16:03,517 | WARNING  | [ANOMALY] Price spike detected: GBPUSD-OTC 2026-07-28 22:58:00 change: 0.0004
2026-07-29 06:16:03,518 | WARNING  | [ANOMALY] Price spike detected: EURUSD 2026-07-28 04:00:00 change: -0.0002
2026-07-29 06:16:03,518 | ERROR    | [ANOMALY] Excessive anomalies threshold exceeded: 1643
2026-07-29 06:16:03,518 | WARNING  | [ANOMALY] Price spike detected: EURGBP-OTC 2026-07-28 22:55:00 change: 0.0002
2026-07-29 06:16:03,518 | WARNING  | [ANOMALY] Price spike detected: GBPUSD-OTC 2026-07-28 22:59:00 change: -0.0004
2026-07-29 06:16:03,518 | WARNING  | [ANOMALY] Price spike detected: EURUSD 2026-07-28 04:10:00 change: -0.0001
2026-07-29 06:16:03,518 | INFO     | [DataAdapter] M1 anomaly detection completed for EURGBP in 0.716s
2026-07-29 06:16:03,519 | WARNING  | [ANOMALY] Price spike detected: EURGBP-OTC 2026-07-28 22:56:00 change: -0.0003
2026-07-29 06:16:03,519 | WARNING  | [ANOMALY] Price spike detected: GBPUSD-OTC 2026-07-28 23:00:00 change: 0.0003
2026-07-29 06:16:03,519 | WARNING  | [ANOMALY] Price spike detected: EURUSD 2026-07-28 04:15:00 change: 0.0001
2026-07-29 06:16:03,524 | WARNING  | [ANOMALY] Price spike detected: EURGBP-OTC 2026-07-28 22:57:00 change: 0.0003
2026-07-29 06:16:03,525 | WARNING  | [ANOMALY] Price spike detected: GBPUSD-OTC 2026-07-28 23:01:00 change: -0.0001
2026-07-29 06:16:03,525 | WARNING  | [ANOMALY] Price spike detected: EURUSD 2026-07-28 04:20:00 change: -0.0001
2026-07-29 06:16:03,525 | WARNING  | [ANOMALY] Price spike detected: EURGBP-OTC 2026-07-28 22:59:00 change: -0.0001
2026-07-29 06:16:03,525 | INFO     | [CSVQueue] Enqueuing write for data_base/csv/iq_option\EURGBP\EURGBP_M1.csv - Queue size: 0
2026-07-29 06:16:03,525 | WARNING  | [ANOMALY] Price spike detected: GBPUSD-OTC 2026-07-28 23:02:00 change: 0.0004
2026-07-29 06:16:03,526 | WARNING  | [ANOMALY] Price spike detected: EURUSD 2026-07-28 04:35:00 change: -0.0000
2026-07-29 06:16:03,526 | WARNING  | [ANOMALY] Price spike detected: EURGBP-OTC 2026-07-28 23:00:00 change: -0.0002
2026-07-29 06:16:03,526 | INFO     | [DataAdapter] M1 data refresh completed for EURGBP
2026-07-29 06:16:03,526 | WARNING  | [ANOMALY] Price spike detected: GBPUSD-OTC 2026-07-28 23:03:00 change: -0.0005
2026-07-29 06:16:03,527 | WARNING  | [ANOMALY] Price spike detected: EURUSD 2026-07-28 04:40:00 change: 0.0000
2026-07-29 06:16:03,527 | WARNING  | [ANOMALY] Price spike detected: EURGBP-OTC 2026-07-28 23:01:00 change: 0.0003
2026-07-29 06:16:03,527 | INFO     | [DataAdapter] Refreshing M5 data for EURGBP
2026-07-29 06:16:03,527 | WARNING  | [ANOMALY] Price spike detected: GBPUSD-OTC 2026-07-28 23:04:00 change: 0.0001
2026-07-29 06:16:03,527 | WARNING  | [ANOMALY] Price spike detected: EURUSD 2026-07-28 04:45:00 change: -0.0000
2026-07-29 06:16:03,527 | WARNING  | [ANOMALY] Price spike detected: EURGBP-OTC 2026-07-28 23:02:00 change: 0.0003
2026-07-29 06:16:03,530 | WARNING  | [ANOMALY] Price spike detected: EURGBP 2026-07-28 02:50:00 change: 0.0001
2026-07-29 06:16:03,530 | WARNING  | [ANOMALY] Price spike detected: GBPUSD-OTC 2026-07-28 23:05:00 change: -0.0002
2026-07-29 06:16:03,530 | WARNING  | [ANOMALY] Price spike detected: EURUSD 2026-07-28 04:50:00 change: -0.0002
2026-07-29 06:16:03,530 | WARNING  | [ANOMALY] Price spike detected: EURGBP-OTC 2026-07-28 23:03:00 change: -0.0001
2026-07-29 06:16:03,531 | WARNING  | [ANOMALY] Price spike detected: EURGBP 2026-07-28 03:00:00 change: -0.0000
2026-07-29 06:16:03,531 | WARNING  | [ANOMALY] Price spike detected: GBPUSD-OTC 2026-07-28 23:06:00 change: 0.0001
2026-07-29 06:16:03,531 | WARNING  | [ANOMALY] Price spike detected: EURUSD 2026-07-28 05:00:00 change: -0.0001
2026-07-29 06:16:03,531 | WARNING  | [ANOMALY] Price spike detected: EURGBP-OTC 2026-07-28 23:04:00 change: 0.0002
2026-07-29 06:16:03,531 | WARNING  | [ANOMALY] Price spike detected: EURGBP 2026-07-28 03:05:00 change: 0.0000
2026-07-29 06:16:03,531 | WARNING  | [ANOMALY] Price spike detected: GBPUSD-OTC 2026-07-28 23:07:00 change: 0.0006
2026-07-29 06:16:03,532 | WARNING  | [ANOMALY] Price spike detected: EURUSD 2026-07-28 05:05:00 change: -0.0003
2026-07-29 06:16:03,532 | WARNING  | [ANOMALY] Price spike detected: EURGBP-OTC 2026-07-28 23:05:00 change: 0.0001
2026-07-29 06:16:03,532 | WARNING  | [ANOMALY] Price spike detected: EURGBP 2026-07-28 03:10:00 change: -0.0000
2026-07-29 06:16:03,532 | WARNING  | [ANOMALY] Price spike detected: GBPUSD-OTC 2026-07-28 23:08:00 change: -0.0004
2026-07-29 06:16:03,532 | WARNING  | [ANOMALY] Price spike detected: EURUSD 2026-07-28 05:10:00 change: -0.0002
2026-07-29 06:16:03,532 | WARNING  | [ANOMALY] Price spike detected: EURGBP-OTC 2026-07-28 23:06:00 change: 0.0003
2026-07-29 06:16:03,533 | WARNING  | [ANOMALY] Price spike detected: EURGBP 2026-07-28 03:15:00 change: -0.0001
2026-07-29 06:16:03,533 | WARNING  | [ANOMALY] Price spike detected: GBPUSD-OTC 2026-07-28 23:09:00 change: 0.0001
2026-07-29 06:16:03,533 | WARNING  | [ANOMALY] Price spike detected: EURUSD 2026-07-28 05:15:00 change: 0.0000
2026-07-29 06:16:03,533 | WARNING  | [ANOMALY] Price spike detected: EURGBP-OTC 2026-07-28 23:07:00 change: -0.0004
2026-07-29 06:16:03,533 | WARNING  | [ANOMALY] Price spike detected: EURGBP 2026-07-28 03:20:00 change: 0.0000
2026-07-29 06:16:03,534 | WARNING  | [ANOMALY] Price spike detected: GBPUSD-OTC 2026-07-28 23:10:00 change: -0.0003
2026-07-29 06:16:03,534 | WARNING  | [ANOMALY] Price spike detected: EURUSD 2026-07-28 05:25:00 change: 0.0003
2026-07-29 06:16:03,534 | WARNING  | [ANOMALY] Price spike detected: EURGBP-OTC 2026-07-28 23:08:00 change: 0.0004
2026-07-29 06:16:03,534 | WARNING  | [ANOMALY] Price spike detected: EURGBP 2026-07-28 03:30:00 change: -0.0000
2026-07-29 06:16:03,534 | WARNING  | [ANOMALY] Price spike detected: GBPUSD-OTC 2026-07-28 23:11:00 change: -0.0002
2026-07-29 06:16:03,534 | WARNING  | [ANOMALY] Price spike detected: EURUSD 2026-07-28 05:35:00 change: -0.0001
2026-07-29 06:16:03,535 | WARNING  | [ANOMALY] Price spike detected: EURGBP-OTC 2026-07-28 23:09:00 change: -0.0002
2026-07-29 06:16:03,535 | WARNING  | [ANOMALY] Price spike detected: EURGBP 2026-07-28 03:35:00 change: -0.0000
2026-07-29 06:16:03,535 | WARNING  | [ANOMALY] Price spike detected: GBPUSD-OTC 2026-07-28 23:13:00 change: 0.0001
2026-07-29 06:16:03,535 | WARNING  | [ANOMALY] Price spike detected: EURUSD 2026-07-28 05:40:00 change: 0.0001
2026-07-29 06:16:03,535 | WARNING  | [ANOMALY] Price spike detected: EURGBP-OTC 2026-07-28 23:10:00 change: 0.0001
2026-07-29 06:16:03,536 | WARNING  | [ANOMALY] Price spike detected: EURGBP 2026-07-28 03:40:00 change: -0.0000
2026-07-29 06:16:03,536 | WARNING  | [ANOMALY] Price spike detected: GBPUSD-OTC 2026-07-28 23:14:00 change: -0.0002
2026-07-29 06:16:03,536 | WARNING  | [ANOMALY] Price spike detected: EURUSD 2026-07-28 05:45:00 change: -0.0001
2026-07-29 06:16:03,536 | WARNING  | [ANOMALY] Price spike detected: EURGBP-OTC 2026-07-28 23:12:00 change: 0.0002
2026-07-29 06:16:03,537 | WARNING  | [ANOMALY] Price spike detected: EURGBP 2026-07-28 03:45:00 change: -0.0000
2026-07-29 06:16:03,538 | WARNING  | [ANOMALY] Price spike detected: EURUSD 2026-07-28 05:50:00 change: 0.0001
2026-07-29 06:16:03,538 | WARNING  | [ANOMALY] Price spike detected: EURGBP-OTC 2026-07-28 23:13:00 change: 0.0002
2026-07-29 06:16:03,538 | WARNING  | [ANOMALY] Price spike detected: EURGBP 2026-07-28 03:50:00 change: 0.0001
2026-07-29 06:16:03,539 | WARNING  | [ANOMALY] Price spike detected: EURUSD 2026-07-28 05:55:00 change: 0.0001
2026-07-29 06:16:03,539 | WARNING  | [ANOMALY] Price spike detected: EURGBP-OTC 2026-07-28 23:14:00 change: 0.0003
2026-07-29 06:16:03,540 | WARNING  | [ANOMALY] Price spike detected: EURGBP 2026-07-28 03:55:00 change: 0.0000
2026-07-29 06:16:03,540 | WARNING  | [ANOMALY] Price spike detected: EURUSD 2026-07-28 06:00:00 change: 0.0001
2026-07-29 06:16:03,544 | WARNING  | [ANOMALY] Total anomalies detected: GBPUSD-OTC 76
2026-07-29 06:16:03,544 | WARNING  | [ANOMALY] Price spike detected: EURGBP-OTC 2026-07-28 23:15:00 change: -0.0004
2026-07-29 06:16:03,544 | WARNING  | [ANOMALY] Price spike detected: EURGBP 2026-07-28 04:00:00 change: -0.0000
2026-07-29 06:16:03,544 | WARNING  | [ANOMALY] Price spike detected: EURUSD 2026-07-28 06:05:00 change: -0.0001
2026-07-29 06:16:03,544 | ERROR    | [ANOMALY] Excessive anomalies threshold exceeded: 1833
2026-07-29 06:16:03,545 | WARNING  | [ANOMALY] Price spike detected: EURGBP 2026-07-28 04:10:00 change: 0.0000
2026-07-29 06:16:03,546 | WARNING  | [ANOMALY] Price spike detected: EURUSD 2026-07-28 06:10:00 change: 0.0001
2026-07-29 06:16:03,546 | INFO     | [DataAdapter] M1 anomaly detection completed for GBPUSD-OTC in 0.404s
2026-07-29 06:16:03,547 | WARNING  | [ANOMALY] Price spike detected: EURGBP 2026-07-28 04:15:00 change: -0.0001
2026-07-29 06:16:03,547 | WARNING  | [ANOMALY] Price spike detected: EURUSD 2026-07-28 06:15:00 change: 0.0000
2026-07-29 06:16:03,550 | WARNING  | [ANOMALY] Price spike detected: EURGBP 2026-07-28 04:20:00 change: 0.0001
2026-07-29 06:16:03,552 | WARNING  | [ANOMALY] Price spike detected: EURUSD 2026-07-28 06:20:00 change: 0.0001
2026-07-29 06:16:03,555 | WARNING  | [ANOMALY] Price spike detected: EURGBP 2026-07-28 04:25:00 change: -0.0001
2026-07-29 06:16:03,556 | WARNING  | [ANOMALY] Total anomalies detected: EURGBP-OTC 76
2026-07-29 06:16:03,556 | WARNING  | [ANOMALY] Price spike detected: EURUSD 2026-07-28 06:25:00 change: 0.0002
2026-07-29 06:16:03,556 | INFO     | [CSVQueue] Enqueuing write for data_base/csv/iq_option\GBPUSD-OTC\GBPUSD-OTC_M1.csv - Queue size: 1
2026-07-29 06:16:03,556 | WARNING  | [ANOMALY] Price spike detected: EURGBP 2026-07-28 04:45:00 change: -0.0001
2026-07-29 06:16:03,556 | ERROR    | [ANOMALY] Excessive anomalies threshold exceeded: 1833
2026-07-29 06:16:03,556 | WARNING  | [ANOMALY] Price spike detected: EURUSD 2026-07-28 06:40:00 change: -0.0001
2026-07-29 06:16:03,557 | INFO     | [DataAdapter] M1 data refresh completed for GBPUSD-OTC
2026-07-29 06:16:03,557 | WARNING  | [ANOMALY] Price spike detected: EURGBP 2026-07-28 04:55:00 change: -0.0001
2026-07-29 06:16:03,557 | INFO     | [DataAdapter] M1 anomaly detection completed for EURGBP-OTC in 0.109s
2026-07-29 06:16:03,557 | WARNING  | [ANOMALY] Price spike detected: EURUSD 2026-07-28 06:45:00 change: -0.0001
2026-07-29 06:16:03,557 | INFO     | [DataAdapter] Refreshing M5 data for GBPUSD-OTC
2026-07-29 06:16:03,557 | WARNING  | [ANOMALY] Price spike detected: EURGBP 2026-07-28 05:00:00 change: -0.0001
2026-07-29 06:16:03,561 | WARNING  | [ANOMALY] Price spike detected: EURUSD 2026-07-28 06:50:00 change: 0.0003
2026-07-29 06:16:03,564 | WARNING  | [ANOMALY] Price spike detected: EURGBP 2026-07-28 05:05:00 change: -0.0001
2026-07-29 06:16:03,564 | WARNING  | [ANOMALY] Price spike detected: GBPUSD-OTC 2026-07-28 02:50:00 change: -0.0005
2026-07-29 06:16:03,564 | INFO     | [CSVQueue] Enqueuing write for data_base/csv/iq_option\EURGBP-OTC\EURGBP-OTC_M1.csv - Queue size: 2
2026-07-29 06:16:03,564 | WARNING  | [ANOMALY] Price spike detected: EURUSD 2026-07-28 06:55:00 change: -0.0002
2026-07-29 06:16:03,565 | WARNING  | [ANOMALY] Price spike detected: EURGBP 2026-07-28 05:10:00 change: 0.0001
2026-07-29 06:16:03,565 | WARNING  | [ANOMALY] Price spike detected: GBPUSD-OTC 2026-07-28 02:55:00 change: -0.0004
2026-07-29 06:16:03,565 | INFO     | [DataAdapter] M1 data refresh completed for EURGBP-OTC
2026-07-29 06:16:03,565 | WARNING  | [ANOMALY] Price spike detected: EURUSD 2026-07-28 07:00:00 change: -0.0001
2026-07-29 06:16:03,565 | WARNING  | [ANOMALY] Price spike detected: EURGBP 2026-07-28 05:15:00 change: 0.0001
2026-07-29 06:16:03,566 | WARNING  | [ANOMALY] Price spike detected: GBPUSD-OTC 2026-07-28 03:00:00 change: 0.0003
2026-07-29 06:16:03,566 | INFO     | [DataAdapter] Refreshing M5 data for EURGBP-OTC
2026-07-29 06:16:03,566 | WARNING  | [ANOMALY] Price spike detected: EURUSD 2026-07-28 07:05:00 change: 0.0004
2026-07-29 06:16:03,566 | WARNING  | [ANOMALY] Price spike detected: EURGBP 2026-07-28 05:20:00 change: -0.0000
2026-07-29 06:16:03,566 | WARNING  | [ANOMALY] Price spike detected: GBPUSD-OTC 2026-07-28 03:05:00 change: -0.0007
2026-07-29 06:16:03,568 | WARNING  | [ANOMALY] Price spike detected: EURUSD 2026-07-28 07:10:00 change: 0.0001
2026-07-29 06:16:03,569 | WARNING  | [ANOMALY] Price spike detected: EURGBP-OTC 2026-07-28 02:55:00 change: 0.0003
2026-07-29 06:16:03,569 | WARNING  | [ANOMALY] Price spike detected: EURGBP 2026-07-28 05:25:00 change: 0.0000
2026-07-29 06:16:03,569 | WARNING  | [ANOMALY] Price spike detected: GBPUSD-OTC 2026-07-28 03:10:00 change: -0.0001
2026-07-29 06:16:03,569 | WARNING  | [ANOMALY] Price spike detected: EURUSD 2026-07-28 07:15:00 change: -0.0001
2026-07-29 06:16:03,570 | WARNING  | [ANOMALY] Price spike detected: EURGBP-OTC 2026-07-28 03:00:00 change: 0.0002
2026-07-29 06:16:03,570 | WARNING  | [ANOMALY] Price spike detected: EURGBP 2026-07-28 05:30:00 change: 0.0001
2026-07-29 06:16:03,570 | WARNING  | [ANOMALY] Price spike detected: GBPUSD-OTC 2026-07-28 03:15:00 change: -0.0005
2026-07-29 06:16:03,570 | WARNING  | [ANOMALY] Price spike detected: EURUSD 2026-07-28 07:20:00 change: -0.0002
2026-07-29 06:16:03,570 | WARNING  | [ANOMALY] Price spike detected: EURGBP-OTC 2026-07-28 03:05:00 change: -0.0005
2026-07-29 06:16:03,570 | WARNING  | [ANOMALY] Price spike detected: EURGBP 2026-07-28 05:35:00 change: 0.0000
2026-07-29 06:16:03,571 | WARNING  | [ANOMALY] Price spike detected: GBPUSD-OTC 2026-07-28 03:20:00 change: 0.0002
2026-07-29 06:16:03,571 | WARNING  | [ANOMALY] Price spike detected: EURUSD 2026-07-28 07:30:00 change: 0.0000
2026-07-29 06:16:03,571 | WARNING  | [ANOMALY] Price spike detected: EURGBP-OTC 2026-07-28 03:15:00 change: -0.0008
2026-07-29 06:16:03,571 | WARNING  | [ANOMALY] Price spike detected: EURGBP 2026-07-28 05:40:00 change: -0.0000
2026-07-29 06:16:03,571 | WARNING  | [ANOMALY] Price spike detected: GBPUSD-OTC 2026-07-28 03:25:00 change: 0.0001
2026-07-29 06:16:03,571 | WARNING  | [ANOMALY] Price spike detected: EURUSD 2026-07-28 07:40:00 change: -0.0001
2026-07-29 06:16:03,572 | WARNING  | [ANOMALY] Price spike detected: EURGBP-OTC 2026-07-28 03:20:00 change: -0.0001
2026-07-29 06:16:03,572 | WARNING  | [ANOMALY] Price spike detected: EURGBP 2026-07-28 05:45:00 change: 0.0001
2026-07-29 06:16:03,572 | WARNING  | [ANOMALY] Price spike detected: GBPUSD-OTC 2026-07-28 03:30:00 change: 0.0002
2026-07-29 06:16:03,572 | WARNING  | [ANOMALY] Price spike detected: EURUSD 2026-07-28 07:45:00 change: -0.0002
2026-07-29 06:16:03,572 | WARNING  | [ANOMALY] Price spike detected: EURGBP-OTC 2026-07-28 03:25:00 change: -0.0003
2026-07-29 06:16:03,573 | WARNING  | [ANOMALY] Price spike detected: EURGBP 2026-07-28 05:50:00 change: -0.0000
2026-07-29 06:16:03,573 | WARNING  | [ANOMALY] Price spike detected: GBPUSD-OTC 2026-07-28 03:35:00 change: 0.0002
2026-07-29 06:16:03,573 | WARNING  | [ANOMALY] Price spike detected: EURUSD 2026-07-28 07:50:00 change: -0.0001
2026-07-29 06:16:03,573 | WARNING  | [ANOMALY] Price spike detected: EURGBP-OTC 2026-07-28 03:30:00 change: -0.0004
2026-07-29 06:16:03,573 | WARNING  | [ANOMALY] Price spike detected: EURGBP 2026-07-28 05:55:00 change: 0.0001
2026-07-29 06:16:03,574 | WARNING  | [ANOMALY] Price spike detected: GBPUSD-OTC 2026-07-28 03:40:00 change: -0.0005
2026-07-29 06:16:03,574 | WARNING  | [ANOMALY] Price spike detected: EURUSD 2026-07-28 08:00:00 change: 0.0003
2026-07-29 06:16:03,574 | WARNING  | [ANOMALY] Price spike detected: EURGBP-OTC 2026-07-28 03:35:00 change: 0.0005
2026-07-29 06:16:03,574 | WARNING  | [ANOMALY] Price spike detected: EURGBP 2026-07-28 06:00:00 change: 0.0001
2026-07-29 06:16:03,575 | WARNING  | [ANOMALY] Price spike detected: GBPUSD-OTC 2026-07-28 03:45:00 change: -0.0005
2026-07-29 06:16:03,575 | WARNING  | [ANOMALY] Price spike detected: EURUSD 2026-07-28 08:05:00 change: 0.0001
2026-07-29 06:16:03,575 | WARNING  | [ANOMALY] Price spike detected: EURGBP-OTC 2026-07-28 03:45:00 change: 0.0007
2026-07-29 06:16:03,575 | WARNING  | [ANOMALY] Price spike detected: EURGBP 2026-07-28 06:05:00 change: -0.0001
2026-07-29 06:16:03,575 | WARNING  | [ANOMALY] Price spike detected: GBPUSD-OTC 2026-07-28 03:50:00 change: -0.0005
2026-07-29 06:16:03,576 | WARNING  | [ANOMALY] Price spike detected: EURUSD 2026-07-28 08:10:00 change: -0.0001
2026-07-29 06:16:03,576 | WARNING  | [ANOMALY] Price spike detected: EURGBP-OTC 2026-07-28 03:50:00 change: -0.0003
2026-07-29 06:16:03,576 | WARNING  | [ANOMALY] Price spike detected: EURGBP 2026-07-28 06:10:00 change: -0.0001
2026-07-29 06:16:03,576 | WARNING  | [ANOMALY] Price spike detected: GBPUSD-OTC 2026-07-28 03:55:00 change: 0.0005
2026-07-29 06:16:03,576 | WARNING  | [ANOMALY] Price spike detected: EURUSD 2026-07-28 08:15:00 change: 0.0001
2026-07-29 06:16:03,577 | WARNING  | [ANOMALY] Price spike detected: EURGBP-OTC 2026-07-28 03:55:00 change: 0.0007
2026-07-29 06:16:03,577 | WARNING  | [ANOMALY] Price spike detected: EURGBP 2026-07-28 06:15:00 change: 0.0000
2026-07-29 06:16:03,577 | WARNING  | [ANOMALY] Price spike detected: GBPUSD-OTC 2026-07-28 04:05:00 change: -0.0009
2026-07-29 06:16:03,577 | WARNING  | [ANOMALY] Price spike detected: EURUSD 2026-07-28 08:20:00 change: 0.0002
2026-07-29 06:16:03,577 | WARNING  | [ANOMALY] Price spike detected: EURGBP-OTC 2026-07-28 04:00:00 change: -0.0004
2026-07-29 06:16:03,577 | WARNING  | [ANOMALY] Price spike detected: EURGBP 2026-07-28 06:20:00 change: 0.0001
2026-07-29 06:16:03,578 | WARNING  | [ANOMALY] Price spike detected: GBPUSD-OTC 2026-07-28 04:10:00 change: 0.0009
2026-07-29 06:16:03,578 | WARNING  | [ANOMALY] Price spike detected: EURUSD 2026-07-28 08:25:00 change: -0.0001
2026-07-29 06:16:03,578 | WARNING  | [ANOMALY] Price spike detected: EURGBP-OTC 2026-07-28 04:05:00 change: -0.0002
2026-07-29 06:16:03,578 | WARNING  | [ANOMALY] Price spike detected: EURGBP 2026-07-28 06:25:00 change: -0.0002
2026-07-29 06:16:03,578 | WARNING  | [ANOMALY] Price spike detected: GBPUSD-OTC 2026-07-28 04:20:00 change: 0.0013
2026-07-29 06:16:03,578 | WARNING  | [ANOMALY] Price spike detected: EURUSD 2026-07-28 08:40:00 change: 0.0001
2026-07-29 06:16:03,579 | WARNING  | [ANOMALY] Price spike detected: EURGBP-OTC 2026-07-28 04:10:00 change: 0.0005
2026-07-29 06:16:03,579 | WARNING  | [ANOMALY] Price spike detected: EURGBP 2026-07-28 06:30:00 change: 0.0002
2026-07-29 06:16:03,579 | WARNING  | [ANOMALY] Price spike detected: GBPUSD-OTC 2026-07-28 04:25:00 change: 0.0002
2026-07-29 06:16:03,579 | WARNING  | [ANOMALY] Price spike detected: EURUSD 2026-07-28 08:45:00 change: 0.0001
2026-07-29 06:16:03,579 | WARNING  | [ANOMALY] Price spike detected: EURGBP-OTC 2026-07-28 04:15:00 change: -0.0018
2026-07-29 06:16:03,579 | WARNING  | [ANOMALY] Price spike detected: EURGBP 2026-07-28 06:35:00 change: -0.0001
2026-07-29 06:16:03,579 | WARNING  | [ANOMALY] Price spike detected: GBPUSD-OTC 2026-07-28 04:30:00 change: 0.0011
2026-07-29 06:16:03,580 | WARNING  | [ANOMALY] Price spike detected: EURUSD 2026-07-28 08:50:00 change: -0.0001
2026-07-29 06:16:03,580 | WARNING  | [ANOMALY] Price spike detected: EURGBP-OTC 2026-07-28 04:20:00 change: -0.0004
2026-07-29 06:16:03,580 | WARNING  | [ANOMALY] Price spike detected: EURGBP 2026-07-28 06:40:00 change: -0.0001
2026-07-29 06:16:03,581 | WARNING  | [ANOMALY] Price spike detected: GBPUSD-OTC 2026-07-28 04:35:00 change: -0.0007
2026-07-29 06:16:03,581 | WARNING  | [ANOMALY] Price spike detected: EURUSD 2026-07-28 08:55:00 change: 0.0001
2026-07-29 06:16:03,581 | WARNING  | [ANOMALY] Price spike detected: EURGBP-OTC 2026-07-28 04:30:00 change: 0.0007
2026-07-29 06:16:03,581 | WARNING  | [ANOMALY] Price spike detected: EURGBP 2026-07-28 06:45:00 change: 0.0000
2026-07-29 06:16:03,581 | WARNING  | [ANOMALY] Price spike detected: GBPUSD-OTC 2026-07-28 04:40:00 change: 0.0008
2026-07-29 06:16:03,582 | WARNING  | [ANOMALY] Price spike detected: EURUSD 2026-07-28 09:00:00 change: -0.0001
2026-07-29 06:16:03,582 | WARNING  | [ANOMALY] Price spike detected: EURGBP-OTC 2026-07-28 04:35:00 change: -0.0011
2026-07-29 06:16:03,582 | WARNING  | [ANOMALY] Price spike detected: EURGBP 2026-07-28 06:50:00 change: -0.0001
2026-07-29 06:16:03,582 | WARNING  | [ANOMALY] Price spike detected: GBPUSD-OTC 2026-07-28 04:45:00 change: 0.0015
2026-07-29 06:16:03,582 | WARNING  | [ANOMALY] Price spike detected: EURUSD 2026-07-28 09:05:00 change: -0.0003
2026-07-29 06:16:03,583 | WARNING  | [ANOMALY] Price spike detected: EURGBP-OTC 2026-07-28 04:40:00 change: -0.0008
2026-07-29 06:16:03,583 | WARNING  | [ANOMALY] Price spike detected: EURGBP 2026-07-28 06:55:00 change: -0.0003
2026-07-29 06:16:03,583 | WARNING  | [ANOMALY] Price spike detected: GBPUSD-OTC 2026-07-28 04:55:00 change: 0.0010
2026-07-29 06:16:03,583 | WARNING  | [ANOMALY] Price spike detected: EURUSD 2026-07-28 09:10:00 change: -0.0001
2026-07-29 06:16:03,584 | WARNING  | [ANOMALY] Price spike detected: EURGBP-OTC 2026-07-28 04:50:00 change: 0.0006
2026-07-29 06:16:03,584 | WARNING  | [ANOMALY] Price spike detected: EURGBP 2026-07-28 07:00:00 change: 0.0002
2026-07-29 06:16:03,584 | WARNING  | [ANOMALY] Price spike detected: GBPUSD-OTC 2026-07-28 05:00:00 change: -0.0009
2026-07-29 06:16:03,584 | WARNING  | [ANOMALY] Price spike detected: EURUSD 2026-07-28 09:15:00 change: 0.0000
2026-07-29 06:16:03,585 | WARNING  | [ANOMALY] Price spike detected: EURGBP-OTC 2026-07-28 05:00:00 change: 0.0002
2026-07-29 06:16:03,585 | WARNING  | [ANOMALY] Price spike detected: EURGBP 2026-07-28 07:05:00 change: -0.0001
2026-07-29 06:16:03,585 | WARNING  | [ANOMALY] Price spike detected: GBPUSD-OTC 2026-07-28 05:10:00 change: 0.0009
2026-07-29 06:16:03,585 | WARNING  | [ANOMALY] Price spike detected: EURUSD 2026-07-28 09:20:00 change: -0.0000
2026-07-29 06:16:03,586 | WARNING  | [ANOMALY] Price spike detected: EURGBP-OTC 2026-07-28 05:10:00 change: 0.0006
2026-07-29 06:16:03,586 | WARNING  | [ANOMALY] Price spike detected: EURGBP 2026-07-28 07:15:00 change: -0.0001
2026-07-29 06:16:03,586 | WARNING  | [ANOMALY] Price spike detected: GBPUSD-OTC 2026-07-28 05:15:00 change: -0.0003
2026-07-29 06:16:03,586 | WARNING  | [ANOMALY] Price spike detected: EURUSD 2026-07-28 09:25:00 change: -0.0001
2026-07-29 06:16:03,587 | WARNING  | [ANOMALY] Price spike detected: EURGBP-OTC 2026-07-28 05:15:00 change: 0.0005
2026-07-29 06:16:03,587 | WARNING  | [ANOMALY] Price spike detected: EURGBP 2026-07-28 07:20:00 change: -0.0002
2026-07-29 06:16:03,587 | WARNING  | [ANOMALY] Price spike detected: GBPUSD-OTC 2026-07-28 05:20:00 change: -0.0004
2026-07-29 06:16:03,587 | WARNING  | [ANOMALY] Price spike detected: EURUSD 2026-07-28 09:30:00 change: -0.0001
2026-07-29 06:16:03,588 | WARNING  | [ANOMALY] Price spike detected: EURGBP-OTC 2026-07-28 05:20:00 change: -0.0012
2026-07-29 06:16:03,588 | WARNING  | [ANOMALY] Price spike detected: EURGBP 2026-07-28 07:25:00 change: -0.0000
2026-07-29 06:16:03,589 | WARNING  | [ANOMALY] Price spike detected: GBPUSD-OTC 2026-07-28 05:30:00 change: 0.0002
2026-07-29 06:16:03,589 | WARNING  | [ANOMALY] Price spike detected: EURUSD 2026-07-28 09:40:00 change: -0.0002
2026-07-29 06:16:03,589 | WARNING  | [ANOMALY] Price spike detected: EURGBP-OTC 2026-07-28 05:25:00 change: 0.0006
2026-07-29 06:16:03,589 | WARNING  | [ANOMALY] Price spike detected: EURGBP 2026-07-28 07:35:00 change: 0.0003
2026-07-29 06:16:03,589 | WARNING  | [ANOMALY] Price spike detected: GBPUSD-OTC 2026-07-28 05:35:00 change: 0.0006
2026-07-29 06:16:03,590 | WARNING  | [ANOMALY] Price spike detected: EURUSD 2026-07-28 09:45:00 change: -0.0001
2026-07-29 06:16:03,590 | WARNING  | [ANOMALY] Price spike detected: EURGBP-OTC 2026-07-28 05:30:00 change: 0.0004
2026-07-29 06:16:03,590 | WARNING  | [ANOMALY] Price spike detected: EURGBP 2026-07-28 07:45:00 change: 0.0001
2026-07-29 06:16:03,590 | WARNING  | [ANOMALY] Price spike detected: GBPUSD-OTC 2026-07-28 05:45:00 change: 0.0010
2026-07-29 06:16:03,590 | WARNING  | [ANOMALY] Price spike detected: EURUSD 2026-07-28 09:50:00 change: -0.0001
2026-07-29 06:16:03,590 | WARNING  | [ANOMALY] Price spike detected: EURGBP-OTC 2026-07-28 05:35:00 change: 0.0002
2026-07-29 06:16:03,591 | WARNING  | [ANOMALY] Price spike detected: EURGBP 2026-07-28 07:50:00 change: -0.0002
2026-07-29 06:16:03,591 | WARNING  | [ANOMALY] Price spike detected: GBPUSD-OTC 2026-07-28 05:50:00 change: 0.0005
2026-07-29 06:16:03,591 | WARNING  | [ANOMALY] Price spike detected: EURUSD 2026-07-28 09:55:00 change: -0.0003
2026-07-29 06:16:03,591 | WARNING  | [ANOMALY] Price spike detected: EURGBP-OTC 2026-07-28 05:40:00 change: 0.0003
2026-07-29 06:16:03,591 | WARNING  | [ANOMALY] Price spike detected: EURGBP 2026-07-28 07:55:00 change: 0.0002
2026-07-29 06:16:03,592 | WARNING  | [ANOMALY] Price spike detected: GBPUSD-OTC 2026-07-28 05:55:00 change: -0.0011
2026-07-29 06:16:03,592 | WARNING  | [ANOMALY] Price spike detected: EURUSD 2026-07-28 10:00:00 change: -0.0000
2026-07-29 06:16:03,592 | WARNING  | [ANOMALY] Price spike detected: EURGBP-OTC 2026-07-28 05:45:00 change: 0.0002
2026-07-29 06:16:03,592 | WARNING  | [ANOMALY] Price spike detected: EURGBP 2026-07-28 08:00:00 change: -0.0004
2026-07-29 06:16:03,592 | WARNING  | [ANOMALY] Price spike detected: GBPUSD-OTC 2026-07-28 06:00:00 change: 0.0004
2026-07-29 06:16:03,592 | WARNING  | [ANOMALY] Price spike detected: EURUSD 2026-07-28 10:05:00 change: -0.0001
2026-07-29 06:16:03,593 | WARNING  | [ANOMALY] Price spike detected: EURGBP-OTC 2026-07-28 05:50:00 change: 0.0007
2026-07-29 06:16:03,593 | WARNING  | [ANOMALY] Price spike detected: EURGBP 2026-07-28 08:05:00 change: 0.0001
2026-07-29 06:16:03,593 | WARNING  | [ANOMALY] Price spike detected: GBPUSD-OTC 2026-07-28 06:10:00 change: 0.0004
2026-07-29 06:16:03,593 | WARNING  | [ANOMALY] Price spike detected: EURUSD 2026-07-28 10:10:00 change: 0.0002
2026-07-29 06:16:03,593 | WARNING  | [ANOMALY] Price spike detected: EURGBP-OTC 2026-07-28 05:55:00 change: 0.0006
2026-07-29 06:16:03,593 | WARNING  | [ANOMALY] Price spike detected: EURGBP 2026-07-28 08:25:00 change: 0.0001
2026-07-29 06:16:03,593 | WARNING  | [ANOMALY] Price spike detected: GBPUSD-OTC 2026-07-28 06:15:00 change: 0.0005
2026-07-29 06:16:03,594 | WARNING  | [ANOMALY] Price spike detected: EURUSD 2026-07-28 10:15:00 change: -0.0001
2026-07-29 06:16:03,594 | WARNING  | [ANOMALY] Price spike detected: EURGBP-OTC 2026-07-28 06:00:00 change: -0.0003
2026-07-29 06:16:03,594 | WARNING  | [ANOMALY] Price spike detected: EURGBP 2026-07-28 08:35:00 change: 0.0003
2026-07-29 06:16:03,594 | WARNING  | [ANOMALY] Price spike detected: GBPUSD-OTC 2026-07-28 06:20:00 change: -0.0006
2026-07-29 06:16:03,594 | WARNING  | [ANOMALY] Price spike detected: EURUSD 2026-07-28 10:20:00 change: 0.0002
2026-07-29 06:16:03,594 | WARNING  | [ANOMALY] Price spike detected: EURGBP-OTC 2026-07-28 06:20:00 change: -0.0002
2026-07-29 06:16:03,595 | WARNING  | [ANOMALY] Price spike detected: EURGBP 2026-07-28 08:40:00 change: -0.0001
2026-07-29 06:16:03,595 | WARNING  | [ANOMALY] Price spike detected: GBPUSD-OTC 2026-07-28 06:25:00 change: 0.0004
2026-07-29 06:16:03,595 | WARNING  | [ANOMALY] Price spike detected: EURUSD 2026-07-28 10:25:00 change: -0.0001
2026-07-29 06:16:03,595 | WARNING  | [ANOMALY] Price spike detected: EURGBP-OTC 2026-07-28 06:30:00 change: -0.0004
2026-07-29 06:16:03,595 | WARNING  | [ANOMALY] Price spike detected: EURGBP 2026-07-28 08:45:00 change: -0.0001
2026-07-29 06:16:03,595 | WARNING  | [ANOMALY] Price spike detected: GBPUSD-OTC 2026-07-28 06:30:00 change: -0.0005
2026-07-29 06:16:03,595 | WARNING  | [ANOMALY] Price spike detected: EURUSD 2026-07-28 10:30:00 change: 0.0003
2026-07-29 06:16:03,596 | WARNING  | [ANOMALY] Price spike detected: EURGBP-OTC 2026-07-28 06:35:00 change: 0.0002
2026-07-29 06:16:03,596 | WARNING  | [ANOMALY] Price spike detected: EURGBP 2026-07-28 08:50:00 change: 0.0001
2026-07-29 06:16:03,596 | WARNING  | [ANOMALY] Price spike detected: GBPUSD-OTC 2026-07-28 06:35:00 change: 0.0009
2026-07-29 06:16:03,596 | WARNING  | [ANOMALY] Price spike detected: EURUSD 2026-07-28 10:35:00 change: 0.0001
2026-07-29 06:16:03,596 | WARNING  | [ANOMALY] Price spike detected: EURGBP-OTC 2026-07-28 06:40:00 change: 0.0007
2026-07-29 06:16:03,596 | WARNING  | [ANOMALY] Price spike detected: EURGBP 2026-07-28 08:55:00 change: -0.0001
2026-07-29 06:16:03,597 | WARNING  | [ANOMALY] Price spike detected: GBPUSD-OTC 2026-07-28 06:40:00 change: 0.0010
2026-07-29 06:16:03,597 | WARNING  | [ANOMALY] Price spike detected: EURUSD 2026-07-28 10:40:00 change: -0.0003
2026-07-29 06:16:03,597 | WARNING  | [ANOMALY] Price spike detected: EURGBP-OTC 2026-07-28 06:45:00 change: 0.0002
2026-07-29 06:16:03,597 | WARNING  | [ANOMALY] Price spike detected: EURGBP 2026-07-28 09:05:00 change: 0.0002
2026-07-29 06:16:03,597 | WARNING  | [ANOMALY] Price spike detected: GBPUSD-OTC 2026-07-28 06:55:00 change: 0.0010
2026-07-29 06:16:03,597 | WARNING  | [ANOMALY] Price spike detected: EURUSD 2026-07-28 10:45:00 change: 0.0001
2026-07-29 06:16:03,598 | WARNING  | [ANOMALY] Price spike detected: EURGBP-OTC 2026-07-28 06:55:00 change: -0.0002
2026-07-29 06:16:03,598 | WARNING  | [ANOMALY] Price spike detected: EURGBP 2026-07-28 09:15:00 change: 0.0001
2026-07-29 06:16:03,598 | WARNING  | [ANOMALY] Price spike detected: GBPUSD-OTC 2026-07-28 07:00:00 change: -0.0006
2026-07-29 06:16:03,598 | WARNING  | [ANOMALY] Price spike detected: EURUSD 2026-07-28 10:50:00 change: 0.0003
2026-07-29 06:16:03,598 | WARNING  | [ANOMALY] Price spike detected: EURGBP-OTC 2026-07-28 07:10:00 change: -0.0008
2026-07-29 06:16:03,598 | WARNING  | [ANOMALY] Price spike detected: EURGBP 2026-07-28 09:30:00 change: 0.0001
2026-07-29 06:16:03,598 | WARNING  | [ANOMALY] Price spike detected: GBPUSD-OTC 2026-07-28 07:05:00 change: -0.0005
2026-07-29 06:16:03,599 | WARNING  | [ANOMALY] Price spike detected: EURUSD 2026-07-28 10:55:00 change: -0.0001
2026-07-29 06:16:03,599 | WARNING  | [ANOMALY] Price spike detected: EURGBP-OTC 2026-07-28 07:15:00 change: 0.0006
2026-07-29 06:16:03,599 | WARNING  | [ANOMALY] Price spike detected: EURGBP 2026-07-28 09:35:00 change: -0.0001
2026-07-29 06:16:03,599 | WARNING  | [ANOMALY] Price spike detected: GBPUSD-OTC 2026-07-28 07:10:00 change: 0.0003
2026-07-29 06:16:03,600 | WARNING  | [ANOMALY] Price spike detected: EURUSD 2026-07-28 11:00:00 change: -0.0001
2026-07-29 06:16:03,600 | WARNING  | [ANOMALY] Price spike detected: EURGBP-OTC 2026-07-28 07:20:00 change: 0.0006
2026-07-29 06:16:03,600 | WARNING  | [ANOMALY] Price spike detected: EURGBP 2026-07-28 09:40:00 change: 0.0001
2026-07-29 06:16:03,600 | WARNING  | [ANOMALY] Price spike detected: GBPUSD-OTC 2026-07-28 07:15:00 change: 0.0006
2026-07-29 06:16:03,600 | WARNING  | [ANOMALY] Price spike detected: EURUSD 2026-07-28 11:05:00 change: -0.0002
2026-07-29 06:16:03,600 | WARNING  | [ANOMALY] Price spike detected: EURGBP-OTC 2026-07-28 07:25:00 change: -0.0009
2026-07-29 06:16:03,601 | WARNING  | [ANOMALY] Price spike detected: EURGBP 2026-07-28 09:45:00 change: 0.0000
2026-07-29 06:16:03,601 | WARNING  | [ANOMALY] Price spike detected: GBPUSD-OTC 2026-07-28 07:20:00 change: -0.0009
2026-07-29 06:16:03,601 | WARNING  | [ANOMALY] Price spike detected: EURUSD 2026-07-28 11:10:00 change: 0.0001
2026-07-29 06:16:03,601 | WARNING  | [ANOMALY] Price spike detected: EURGBP-OTC 2026-07-28 07:30:00 change: 0.0007
2026-07-29 06:16:03,601 | WARNING  | [ANOMALY] Price spike detected: EURGBP 2026-07-28 09:50:00 change: 0.0002
2026-07-29 06:16:03,601 | WARNING  | [ANOMALY] Price spike detected: GBPUSD-OTC 2026-07-28 07:25:00 change: 0.0010
2026-07-29 06:16:03,602 | WARNING  | [ANOMALY] Price spike detected: EURUSD 2026-07-28 11:15:00 change: 0.0003
2026-07-29 06:16:03,602 | WARNING  | [ANOMALY] Price spike detected: EURGBP-OTC 2026-07-28 07:35:00 change: -0.0008
2026-07-29 06:16:03,602 | WARNING  | [ANOMALY] Price spike detected: EURGBP 2026-07-28 09:55:00 change: -0.0002
2026-07-29 06:16:03,602 | WARNING  | [ANOMALY] Price spike detected: GBPUSD-OTC 2026-07-28 07:30:00 change: -0.0005
2026-07-29 06:16:03,602 | WARNING  | [ANOMALY] Price spike detected: EURUSD 2026-07-28 11:20:00 change: 0.0002
2026-07-29 06:16:03,602 | WARNING  | [ANOMALY] Price spike detected: EURGBP-OTC 2026-07-28 07:40:00 change: -0.0006
2026-07-29 06:16:03,602 | WARNING  | [ANOMALY] Price spike detected: EURGBP 2026-07-28 10:00:00 change: 0.0001
2026-07-29 06:16:03,603 | WARNING  | [ANOMALY] Price spike detected: GBPUSD-OTC 2026-07-28 07:35:00 change: -0.0006
2026-07-29 06:16:03,603 | WARNING  | [ANOMALY] Price spike detected: EURUSD 2026-07-28 11:25:00 change: 0.0001
2026-07-29 06:16:03,603 | WARNING  | [ANOMALY] Price spike detected: EURGBP-OTC 2026-07-28 07:50:00 change: -0.0003
2026-07-29 06:16:03,604 | WARNING  | [ANOMALY] Price spike detected: EURGBP 2026-07-28 10:10:00 change: 0.0001
2026-07-29 06:16:03,604 | WARNING  | [ANOMALY] Price spike detected: GBPUSD-OTC 2026-07-28 07:40:00 change: 0.0005
2026-07-29 06:16:03,604 | WARNING  | [ANOMALY] Price spike detected: EURUSD 2026-07-28 11:30:00 change: -0.0001
2026-07-29 06:16:03,604 | WARNING  | [ANOMALY] Price spike detected: EURGBP-OTC 2026-07-28 07:55:00 change: 0.0002
2026-07-29 06:16:03,604 | WARNING  | [ANOMALY] Price spike detected: EURGBP 2026-07-28 10:15:00 change: 0.0001
2026-07-29 06:16:03,604 | WARNING  | [ANOMALY] Price spike detected: GBPUSD-OTC 2026-07-28 07:50:00 change: -0.0008
2026-07-29 06:16:03,605 | WARNING  | [ANOMALY] Price spike detected: EURUSD 2026-07-28 11:35:00 change: 0.0002
2026-07-29 06:16:03,605 | WARNING  | [ANOMALY] Price spike detected: EURGBP-OTC 2026-07-28 08:10:00 change: 0.0002
2026-07-29 06:16:03,605 | WARNING  | [ANOMALY] Price spike detected: EURGBP 2026-07-28 10:20:00 change: -0.0002
2026-07-29 06:16:03,605 | WARNING  | [ANOMALY] Price spike detected: GBPUSD-OTC 2026-07-28 07:55:00 change: 0.0003
2026-07-29 06:16:03,605 | WARNING  | [ANOMALY] Price spike detected: EURUSD 2026-07-28 11:40:00 change: -0.0002
2026-07-29 06:16:03,605 | WARNING  | [ANOMALY] Price spike detected: EURGBP-OTC 2026-07-28 08:15:00 change: -0.0005
2026-07-29 06:16:03,605 | WARNING  | [ANOMALY] Price spike detected: EURGBP 2026-07-28 10:30:00 change: 0.0001
2026-07-29 06:16:03,606 | WARNING  | [ANOMALY] Price spike detected: GBPUSD-OTC 2026-07-28 08:00:00 change: 0.0005
2026-07-29 06:16:03,606 | WARNING  | [ANOMALY] Price spike detected: EURUSD 2026-07-28 11:45:00 change: -0.0001
2026-07-29 06:16:03,606 | WARNING  | [ANOMALY] Price spike detected: EURGBP-OTC 2026-07-28 08:20:00 change: 0.0006
2026-07-29 06:16:03,606 | WARNING  | [ANOMALY] Price spike detected: EURGBP 2026-07-28 10:45:00 change: 0.0002
2026-07-29 06:16:03,606 | WARNING  | [ANOMALY] Price spike detected: GBPUSD-OTC 2026-07-28 08:05:00 change: -0.0002
2026-07-29 06:16:03,606 | WARNING  | [ANOMALY] Price spike detected: EURUSD 2026-07-28 11:50:00 change: 0.0002
2026-07-29 06:16:03,607 | WARNING  | [ANOMALY] Price spike detected: EURGBP-OTC 2026-07-28 08:25:00 change: 0.0009
2026-07-29 06:16:03,607 | WARNING  | [ANOMALY] Price spike detected: EURGBP 2026-07-28 10:50:00 change: 0.0000
2026-07-29 06:16:03,607 | WARNING  | [ANOMALY] Price spike detected: GBPUSD-OTC 2026-07-28 08:10:00 change: -0.0003
2026-07-29 06:16:03,607 | WARNING  | [ANOMALY] Price spike detected: EURUSD 2026-07-28 11:55:00 change: 0.0001
2026-07-29 06:16:03,607 | WARNING  | [ANOMALY] Price spike detected: EURGBP-OTC 2026-07-28 08:40:00 change: -0.0008
2026-07-29 06:16:03,607 | WARNING  | [ANOMALY] Price spike detected: EURGBP 2026-07-28 10:55:00 change: -0.0002
2026-07-29 06:16:03,607 | WARNING  | [ANOMALY] Price spike detected: GBPUSD-OTC 2026-07-28 08:20:00 change: -0.0002
2026-07-29 06:16:03,608 | WARNING  | [ANOMALY] Price spike detected: EURUSD 2026-07-28 12:00:00 change: -0.0001
2026-07-29 06:16:03,608 | WARNING  | [ANOMALY] Price spike detected: EURGBP-OTC 2026-07-28 08:45:00 change: 0.0004
2026-07-29 06:16:03,608 | WARNING  | [ANOMALY] Price spike detected: EURGBP 2026-07-28 11:00:00 change: 0.0001
2026-07-29 06:16:03,608 | WARNING  | [ANOMALY] Price spike detected: GBPUSD-OTC 2026-07-28 08:25:00 change: -0.0003
2026-07-29 06:16:03,608 | WARNING  | [ANOMALY] Price spike detected: EURUSD 2026-07-28 12:05:00 change: 0.0003
2026-07-29 06:16:03,608 | WARNING  | [ANOMALY] Price spike detected: EURGBP-OTC 2026-07-28 08:55:00 change: -0.0007
2026-07-29 06:16:03,609 | WARNING  | [ANOMALY] Price spike detected: EURGBP 2026-07-28 11:05:00 change: -0.0002
2026-07-29 06:16:03,609 | WARNING  | [ANOMALY] Price spike detected: GBPUSD-OTC 2026-07-28 08:30:00 change: 0.0005
2026-07-29 06:16:03,609 | WARNING  | [ANOMALY] Price spike detected: EURUSD 2026-07-28 12:10:00 change: -0.0001
2026-07-29 06:16:03,609 | WARNING  | [ANOMALY] Price spike detected: EURGBP-OTC 2026-07-28 09:00:00 change: -0.0003
2026-07-29 06:16:03,609 | WARNING  | [ANOMALY] Price spike detected: EURGBP 2026-07-28 11:10:00 change: 0.0002
2026-07-29 06:16:03,609 | WARNING  | [ANOMALY] Price spike detected: GBPUSD-OTC 2026-07-28 08:35:00 change: -0.0002
2026-07-29 06:16:03,609 | WARNING  | [ANOMALY] Price spike detected: EURUSD 2026-07-28 12:20:00 change: -0.0001
2026-07-29 06:16:03,610 | WARNING  | [ANOMALY] Price spike detected: EURGBP-OTC 2026-07-28 09:05:00 change: 0.0009
2026-07-29 06:16:03,610 | WARNING  | [ANOMALY] Price spike detected: EURGBP 2026-07-28 11:15:00 change: 0.0001
2026-07-29 06:16:03,610 | WARNING  | [ANOMALY] Price spike detected: GBPUSD-OTC 2026-07-28 08:45:00 change: -0.0013
2026-07-29 06:16:03,610 | WARNING  | [CSVWriter] os.replace failed (attempt 2/5) for data_base/csv/iq_option\EURUSD\EURUSD_M1.csv: [WinError 5] Access is denied: 'data_base/csv/iq_option\\EURUSD\\EURUSD_M1.csv.12928.tmp' -> 'data_base/csv/iq_option\\EURUSD\\EURUSD_M1.csv'. Retrying in 0.20s...
2026-07-29 06:16:03,610 | WARNING  | [ANOMALY] Price spike detected: EURUSD 2026-07-28 12:25:00 change: -0.0001
2026-07-29 06:16:03,610 | WARNING  | [ANOMALY] Price spike detected: EURGBP-OTC 2026-07-28 09:10:00 change: 0.0013
2026-07-29 06:16:03,611 | WARNING  | [ANOMALY] Price spike detected: EURGBP 2026-07-28 11:25:00 change: 0.0002
2026-07-29 06:16:03,611 | WARNING  | [ANOMALY] Price spike detected: GBPUSD-OTC 2026-07-28 08:50:00 change: 0.0003
2026-07-29 06:16:03,611 | WARNING  | [ANOMALY] Price spike detected: EURUSD 2026-07-28 12:40:00 change: 0.0002
2026-07-29 06:16:03,611 | WARNING  | [ANOMALY] Price spike detected: EURGBP-OTC 2026-07-28 09:15:00 change: 0.0007
2026-07-29 06:16:03,611 | WARNING  | [ANOMALY] Price spike detected: EURGBP 2026-07-28 11:30:00 change: -0.0001
2026-07-29 06:16:03,611 | WARNING  | [ANOMALY] Price spike detected: GBPUSD-OTC 2026-07-28 08:55:00 change: -0.0006
2026-07-29 06:16:03,612 | WARNING  | [ANOMALY] Price spike detected: EURUSD 2026-07-28 12:45:00 change: 0.0002
2026-07-29 06:16:03,612 | WARNING  | [ANOMALY] Price spike detected: EURGBP-OTC 2026-07-28 09:20:00 change: -0.0003
2026-07-29 06:16:03,612 | WARNING  | [ANOMALY] Price spike detected: EURGBP 2026-07-28 11:35:00 change: 0.0001
2026-07-29 06:16:03,612 | WARNING  | [ANOMALY] Price spike detected: GBPUSD-OTC 2026-07-28 09:00:00 change: 0.0005
2026-07-29 06:16:03,612 | WARNING  | [ANOMALY] Price spike detected: EURUSD 2026-07-28 12:50:00 change: -0.0002
2026-07-29 06:16:03,612 | WARNING  | [ANOMALY] Price spike detected: EURGBP-OTC 2026-07-28 09:25:00 change: 0.0006
2026-07-29 06:16:03,613 | WARNING  | [ANOMALY] Price spike detected: EURGBP 2026-07-28 11:40:00 change: -0.0001
2026-07-29 06:16:03,613 | WARNING  | [ANOMALY] Price spike detected: GBPUSD-OTC 2026-07-28 09:05:00 change: -0.0008
2026-07-29 06:16:03,613 | WARNING  | [ANOMALY] Price spike detected: EURUSD 2026-07-28 13:00:00 change: 0.0002
2026-07-29 06:16:03,613 | WARNING  | [ANOMALY] Price spike detected: EURGBP-OTC 2026-07-28 09:30:00 change: 0.0008
2026-07-29 06:16:03,613 | WARNING  | [ANOMALY] Price spike detected: EURGBP 2026-07-28 11:50:00 change: 0.0002
2026-07-29 06:16:03,613 | WARNING  | [ANOMALY] Price spike detected: GBPUSD-OTC 2026-07-28 09:10:00 change: -0.0007
2026-07-29 06:16:03,614 | WARNING  | [ANOMALY] Price spike detected: EURUSD 2026-07-28 13:05:00 change: 0.0002
2026-07-29 06:16:03,614 | WARNING  | [ANOMALY] Price spike detected: EURGBP-OTC 2026-07-28 09:35:00 change: -0.0006
2026-07-29 06:16:03,615 | WARNING  | [ANOMALY] Price spike detected: EURGBP 2026-07-28 12:00:00 change: -0.0004
2026-07-29 06:16:03,615 | WARNING  | [ANOMALY] Price spike detected: GBPUSD-OTC 2026-07-28 09:20:00 change: 0.0004
2026-07-29 06:16:03,615 | WARNING  | [ANOMALY] Price spike detected: EURUSD 2026-07-28 13:10:00 change: -0.0002
2026-07-29 06:16:03,615 | WARNING  | [ANOMALY] Price spike detected: EURGBP-OTC 2026-07-28 09:40:00 change: -0.0007
2026-07-29 06:16:03,616 | WARNING  | [ANOMALY] Price spike detected: EURGBP 2026-07-28 12:10:00 change: -0.0001
2026-07-29 06:16:03,616 | WARNING  | [ANOMALY] Price spike detected: GBPUSD-OTC 2026-07-28 09:25:00 change: 0.0002
2026-07-29 06:16:03,616 | WARNING  | [ANOMALY] Price spike detected: EURUSD 2026-07-28 13:15:00 change: 0.0001
2026-07-29 06:16:03,616 | WARNING  | [ANOMALY] Price spike detected: EURGBP-OTC 2026-07-28 09:45:00 change: -0.0010
2026-07-29 06:16:03,616 | WARNING  | [ANOMALY] Price spike detected: EURGBP 2026-07-28 12:15:00 change: -0.0001
2026-07-29 06:16:03,616 | WARNING  | [ANOMALY] Price spike detected: GBPUSD-OTC 2026-07-28 09:30:00 change: -0.0004
2026-07-29 06:16:03,617 | WARNING  | [ANOMALY] Price spike detected: EURUSD 2026-07-28 13:25:00 change: -0.0001
2026-07-29 06:16:03,617 | WARNING  | [ANOMALY] Price spike detected: EURGBP-OTC 2026-07-28 09:55:00 change: -0.0004
2026-07-29 06:16:03,617 | WARNING  | [ANOMALY] Price spike detected: EURGBP 2026-07-28 12:20:00 change: -0.0001
2026-07-29 06:16:03,617 | WARNING  | [ANOMALY] Price spike detected: GBPUSD-OTC 2026-07-28 09:35:00 change: -0.0016
2026-07-29 06:16:03,617 | WARNING  | [ANOMALY] Price spike detected: EURUSD 2026-07-28 13:30:00 change: 0.0002
2026-07-29 06:16:03,617 | WARNING  | [ANOMALY] Price spike detected: EURGBP-OTC 2026-07-28 10:05:00 change: -0.0011
2026-07-29 06:16:03,618 | WARNING  | [ANOMALY] Price spike detected: EURGBP 2026-07-28 12:30:00 change: -0.0002
2026-07-29 06:16:03,618 | WARNING  | [ANOMALY] Price spike detected: GBPUSD-OTC 2026-07-28 09:45:00 change: 0.0007
2026-07-29 06:16:03,618 | WARNING  | [ANOMALY] Price spike detected: EURUSD 2026-07-28 13:35:00 change: -0.0001
2026-07-29 06:16:03,618 | WARNING  | [ANOMALY] Price spike detected: EURGBP-OTC 2026-07-28 10:15:00 change: -0.0008
2026-07-29 06:16:03,618 | WARNING  | [ANOMALY] Price spike detected: EURGBP 2026-07-28 12:35:00 change: -0.0001
2026-07-29 06:16:03,618 | WARNING  | [ANOMALY] Price spike detected: GBPUSD-OTC 2026-07-28 09:50:00 change: -0.0005
2026-07-29 06:16:03,619 | WARNING  | [ANOMALY] Price spike detected: EURUSD 2026-07-28 13:40:00 change: 0.0001
2026-07-29 06:16:03,619 | WARNING  | [ANOMALY] Price spike detected: EURGBP-OTC 2026-07-28 10:20:00 change: -0.0005
2026-07-29 06:16:03,619 | WARNING  | [ANOMALY] Price spike detected: EURGBP 2026-07-28 12:40:00 change: -0.0001
2026-07-29 06:16:03,620 | WARNING  | [ANOMALY] Price spike detected: GBPUSD-OTC 2026-07-28 09:55:00 change: 0.0007
2026-07-29 06:16:03,620 | WARNING  | [ANOMALY] Price spike detected: EURUSD 2026-07-28 13:45:00 change: 0.0003
2026-07-29 06:16:03,620 | WARNING  | [ANOMALY] Price spike detected: EURGBP-OTC 2026-07-28 10:25:00 change: -0.0007
2026-07-29 06:16:03,620 | WARNING  | [ANOMALY] Price spike detected: EURGBP 2026-07-28 12:45:00 change: -0.0001
2026-07-29 06:16:03,620 | WARNING  | [ANOMALY] Price spike detected: GBPUSD-OTC 2026-07-28 10:00:00 change: -0.0004
2026-07-29 06:16:03,620 | WARNING  | [ANOMALY] Price spike detected: EURUSD 2026-07-28 14:00:00 change: 0.0001
2026-07-29 06:16:03,621 | WARNING  | [ANOMALY] Price spike detected: EURGBP-OTC 2026-07-28 10:30:00 change: -0.0006
2026-07-29 06:16:03,621 | WARNING  | [ANOMALY] Price spike detected: EURGBP 2026-07-28 12:55:00 change: -0.0001
2026-07-29 06:16:03,621 | WARNING  | [ANOMALY] Price spike detected: GBPUSD-OTC 2026-07-28 10:05:00 change: -0.0004
2026-07-29 06:16:03,621 | WARNING  | [ANOMALY] Price spike detected: EURUSD 2026-07-28 14:05:00 change: 0.0001
2026-07-29 06:16:03,621 | WARNING  | [ANOMALY] Price spike detected: EURGBP-OTC 2026-07-28 10:35:00 change: 0.0004
2026-07-29 06:16:03,622 | WARNING  | [ANOMALY] Price spike detected: EURGBP 2026-07-28 13:00:00 change: 0.0001
2026-07-29 06:16:03,622 | WARNING  | [ANOMALY] Price spike detected: GBPUSD-OTC 2026-07-28 10:10:00 change: 0.0010
2026-07-29 06:16:03,622 | WARNING  | [ANOMALY] Price spike detected: EURUSD 2026-07-28 14:10:00 change: -0.0001
2026-07-29 06:16:03,622 | WARNING  | [ANOMALY] Price spike detected: EURGBP-OTC 2026-07-28 10:45:00 change: 0.0005
2026-07-29 06:16:03,622 | WARNING  | [ANOMALY] Price spike detected: EURGBP 2026-07-28 13:10:00 change: 0.0001
2026-07-29 06:16:03,622 | WARNING  | [ANOMALY] Price spike detected: GBPUSD-OTC 2026-07-28 10:15:00 change: -0.0006
2026-07-29 06:16:03,623 | WARNING  | [ANOMALY] Price spike detected: EURUSD 2026-07-28 14:15:00 change: -0.0001
2026-07-29 06:16:03,623 | WARNING  | [ANOMALY] Price spike detected: EURGBP-OTC 2026-07-28 10:50:00 change: -0.0007
2026-07-29 06:16:03,623 | WARNING  | [ANOMALY] Price spike detected: EURGBP 2026-07-28 13:15:00 change: 0.0002
2026-07-29 06:16:03,623 | WARNING  | [ANOMALY] Price spike detected: GBPUSD-OTC 2026-07-28 10:20:00 change: -0.0004
2026-07-29 06:16:03,623 | WARNING  | [ANOMALY] Price spike detected: EURUSD 2026-07-28 14:20:00 change: 0.0002
2026-07-29 06:16:03,623 | WARNING  | [ANOMALY] Price spike detected: EURGBP-OTC 2026-07-28 10:55:00 change: -0.0011
2026-07-29 06:16:03,623 | WARNING  | [ANOMALY] Price spike detected: EURGBP 2026-07-28 13:20:00 change: -0.0001
2026-07-29 06:16:03,624 | WARNING  | [ANOMALY] Price spike detected: GBPUSD-OTC 2026-07-28 10:25:00 change: -0.0007
2026-07-29 06:16:03,624 | WARNING  | [ANOMALY] Price spike detected: EURUSD 2026-07-28 14:25:00 change: 0.0003
2026-07-29 06:16:03,625 | WARNING  | [ANOMALY] Price spike detected: EURGBP-OTC 2026-07-28 11:00:00 change: -0.0003
2026-07-29 06:16:03,625 | WARNING  | [ANOMALY] Price spike detected: EURGBP 2026-07-28 13:30:00 change: 0.0000
2026-07-29 06:16:03,625 | WARNING  | [ANOMALY] Price spike detected: GBPUSD-OTC 2026-07-28 10:30:00 change: -0.0008
2026-07-29 06:16:03,625 | WARNING  | [ANOMALY] Price spike detected: EURUSD 2026-07-28 14:30:00 change: -0.0001
2026-07-29 06:16:03,625 | WARNING  | [ANOMALY] Price spike detected: EURGBP-OTC 2026-07-28 11:05:00 change: -0.0008
2026-07-29 06:16:03,625 | WARNING  | [ANOMALY] Price spike detected: EURGBP 2026-07-28 13:35:00 change: 0.0001
2026-07-29 06:16:03,626 | WARNING  | [ANOMALY] Price spike detected: GBPUSD-OTC 2026-07-28 10:35:00 change: 0.0002
2026-07-29 06:16:03,626 | WARNING  | [ANOMALY] Price spike detected: EURUSD 2026-07-28 14:40:00 change: 0.0002
2026-07-29 06:16:03,626 | WARNING  | [ANOMALY] Price spike detected: EURGBP-OTC 2026-07-28 11:10:00 change: 0.0006
2026-07-29 06:16:03,626 | WARNING  | [ANOMALY] Price spike detected: EURGBP 2026-07-28 13:45:00 change: -0.0001
2026-07-29 06:16:03,626 | WARNING  | [ANOMALY] Price spike detected: GBPUSD-OTC 2026-07-28 10:40:00 change: 0.0004
2026-07-29 06:16:03,627 | WARNING  | [ANOMALY] Price spike detected: EURUSD 2026-07-28 14:45:00 change: -0.0001
2026-07-29 06:16:03,627 | WARNING  | [ANOMALY] Price spike detected: EURGBP-OTC 2026-07-28 11:15:00 change: -0.0007
2026-07-29 06:16:03,627 | WARNING  | [ANOMALY] Price spike detected: EURGBP 2026-07-28 13:50:00 change: 0.0002
2026-07-29 06:16:03,627 | WARNING  | [ANOMALY] Price spike detected: GBPUSD-OTC 2026-07-28 10:45:00 change: -0.0004
2026-07-29 06:16:03,627 | WARNING  | [ANOMALY] Price spike detected: EURUSD 2026-07-28 14:50:00 change: 0.0005
2026-07-29 06:16:03,627 | WARNING  | [ANOMALY] Price spike detected: EURGBP-OTC 2026-07-28 11:20:00 change: 0.0007
2026-07-29 06:16:03,628 | WARNING  | [ANOMALY] Price spike detected: EURGBP 2026-07-28 13:55:00 change: -0.0001
2026-07-29 06:16:03,628 | WARNING  | [ANOMALY] Price spike detected: GBPUSD-OTC 2026-07-28 10:50:00 change: 0.0003
2026-07-29 06:16:03,628 | WARNING  | [ANOMALY] Price spike detected: EURUSD 2026-07-28 14:55:00 change: 0.0002
2026-07-29 06:16:03,628 | WARNING  | [ANOMALY] Price spike detected: EURGBP-OTC 2026-07-28 11:25:00 change: 0.0003
2026-07-29 06:16:03,628 | WARNING  | [ANOMALY] Price spike detected: EURGBP 2026-07-28 14:00:00 change: 0.0002
2026-07-29 06:16:03,628 | WARNING  | [ANOMALY] Price spike detected: GBPUSD-OTC 2026-07-28 10:55:00 change: -0.0008
2026-07-29 06:16:03,629 | WARNING  | [ANOMALY] Price spike detected: EURUSD 2026-07-28 15:00:00 change: -0.0001
2026-07-29 06:16:03,629 | WARNING  | [ANOMALY] Price spike detected: EURGBP-OTC 2026-07-28 11:30:00 change: -0.0004
2026-07-29 06:16:03,629 | WARNING  | [ANOMALY] Price spike detected: EURGBP 2026-07-28 14:05:00 change: 0.0002
2026-07-29 06:16:03,629 | WARNING  | [ANOMALY] Price spike detected: GBPUSD-OTC 2026-07-28 11:00:00 change: -0.0002
2026-07-29 06:16:03,629 | WARNING  | [ANOMALY] Price spike detected: EURUSD 2026-07-28 15:05:00 change: 0.0003
2026-07-29 06:16:03,629 | WARNING  | [ANOMALY] Price spike detected: EURGBP-OTC 2026-07-28 11:35:00 change: 0.0005
2026-07-29 06:16:03,630 | WARNING  | [ANOMALY] Price spike detected: EURGBP 2026-07-28 14:10:00 change: 0.0003
2026-07-29 06:16:03,630 | WARNING  | [ANOMALY] Price spike detected: GBPUSD-OTC 2026-07-28 11:05:00 change: -0.0005
2026-07-29 06:16:03,630 | WARNING  | [ANOMALY] Price spike detected: EURUSD 2026-07-28 15:10:00 change: 0.0006
2026-07-29 06:16:03,631 | WARNING  | [ANOMALY] Price spike detected: EURGBP-OTC 2026-07-28 11:45:00 change: -0.0002
2026-07-29 06:16:03,631 | WARNING  | [ANOMALY] Price spike detected: EURGBP 2026-07-28 14:15:00 change: 0.0001
2026-07-29 06:16:03,631 | WARNING  | [ANOMALY] Price spike detected: GBPUSD-OTC 2026-07-28 11:10:00 change: -0.0018
2026-07-29 06:16:03,631 | WARNING  | [ANOMALY] Price spike detected: EURUSD 2026-07-28 15:15:00 change: 0.0001
2026-07-29 06:16:03,631 | WARNING  | [ANOMALY] Price spike detected: EURGBP-OTC 2026-07-28 11:50:00 change: -0.0005
2026-07-29 06:16:03,631 | WARNING  | [ANOMALY] Price spike detected: EURGBP 2026-07-28 14:20:00 change: 0.0002
2026-07-29 06:16:03,632 | WARNING  | [ANOMALY] Price spike detected: GBPUSD-OTC 2026-07-28 11:20:00 change: -0.0008
2026-07-29 06:16:03,632 | WARNING  | [ANOMALY] Price spike detected: EURUSD 2026-07-28 15:20:00 change: -0.0001
2026-07-29 06:16:03,632 | WARNING  | [ANOMALY] Price spike detected: EURGBP-OTC 2026-07-28 11:55:00 change: -0.0005
2026-07-29 06:16:03,632 | WARNING  | [ANOMALY] Price spike detected: EURGBP 2026-07-28 14:25:00 change: 0.0001
2026-07-29 06:16:03,632 | WARNING  | [ANOMALY] Price spike detected: GBPUSD-OTC 2026-07-28 11:30:00 change: -0.0002
2026-07-29 06:16:03,633 | WARNING  | [ANOMALY] Price spike detected: EURUSD 2026-07-28 15:25:00 change: 0.0001
2026-07-29 06:16:03,633 | WARNING  | [ANOMALY] Price spike detected: EURGBP-OTC 2026-07-28 12:00:00 change: -0.0010
2026-07-29 06:16:03,633 | WARNING  | [ANOMALY] Price spike detected: EURGBP 2026-07-28 14:35:00 change: 0.0001
2026-07-29 06:16:03,633 | WARNING  | [ANOMALY] Price spike detected: GBPUSD-OTC 2026-07-28 11:35:00 change: 0.0011
2026-07-29 06:16:03,633 | WARNING  | [ANOMALY] Price spike detected: EURUSD 2026-07-28 15:30:00 change: 0.0001
2026-07-29 06:16:03,634 | WARNING  | [ANOMALY] Price spike detected: EURGBP-OTC 2026-07-28 12:10:00 change: 0.0004
2026-07-29 06:16:03,634 | WARNING  | [ANOMALY] Price spike detected: EURGBP 2026-07-28 14:40:00 change: 0.0002
2026-07-29 06:16:03,634 | WARNING  | [ANOMALY] Price spike detected: GBPUSD-OTC 2026-07-28 11:40:00 change: 0.0003
2026-07-29 06:16:03,634 | WARNING  | [ANOMALY] Price spike detected: EURUSD 2026-07-28 15:35:00 change: -0.0001
2026-07-29 06:16:03,634 | WARNING  | [ANOMALY] Price spike detected: EURGBP-OTC 2026-07-28 12:15:00 change: 0.0003
2026-07-29 06:16:03,635 | WARNING  | [ANOMALY] Price spike detected: EURGBP 2026-07-28 14:45:00 change: -0.0002
2026-07-29 06:16:03,635 | WARNING  | [ANOMALY] Price spike detected: GBPUSD-OTC 2026-07-28 11:45:00 change: -0.0006
2026-07-29 06:16:03,635 | WARNING  | [ANOMALY] Price spike detected: EURUSD 2026-07-28 15:40:00 change: 0.0005
2026-07-29 06:16:03,635 | WARNING  | [ANOMALY] Price spike detected: EURGBP-OTC 2026-07-28 12:20:00 change: 0.0002
2026-07-29 06:16:03,635 | WARNING  | [ANOMALY] Price spike detected: EURGBP 2026-07-28 14:50:00 change: 0.0005
2026-07-29 06:16:03,636 | WARNING  | [ANOMALY] Price spike detected: GBPUSD-OTC 2026-07-28 11:50:00 change: 0.0007
2026-07-29 06:16:03,636 | WARNING  | [ANOMALY] Price spike detected: EURUSD 2026-07-28 15:45:00 change: -0.0002
2026-07-29 06:16:03,637 | WARNING  | [ANOMALY] Price spike detected: EURGBP-OTC 2026-07-28 12:25:00 change: 0.0003
2026-07-29 06:16:03,637 | WARNING  | [ANOMALY] Price spike detected: EURGBP 2026-07-28 14:55:00 change: 0.0004
2026-07-29 06:16:03,637 | WARNING  | [ANOMALY] Price spike detected: GBPUSD-OTC 2026-07-28 11:55:00 change: 0.0005
2026-07-29 06:16:03,637 | WARNING  | [ANOMALY] Price spike detected: EURUSD 2026-07-28 15:55:00 change: 0.0001
2026-07-29 06:16:03,637 | WARNING  | [ANOMALY] Price spike detected: EURGBP-OTC 2026-07-28 12:30:00 change: 0.0002
2026-07-29 06:16:03,637 | WARNING  | [ANOMALY] Price spike detected: EURGBP 2026-07-28 15:00:00 change: -0.0001
2026-07-29 06:16:03,638 | WARNING  | [ANOMALY] Price spike detected: GBPUSD-OTC 2026-07-28 12:10:00 change: -0.0012
2026-07-29 06:16:03,638 | WARNING  | [ANOMALY] Price spike detected: EURUSD 2026-07-28 16:05:00 change: 0.0001
2026-07-29 06:16:03,638 | WARNING  | [ANOMALY] Price spike detected: EURGBP-OTC 2026-07-28 12:40:00 change: -0.0003
2026-07-29 06:16:03,638 | WARNING  | [ANOMALY] Price spike detected: EURGBP 2026-07-28 15:05:00 change: -0.0001
2026-07-29 06:16:03,638 | WARNING  | [ANOMALY] Price spike detected: GBPUSD-OTC 2026-07-28 12:15:00 change: 0.0008
2026-07-29 06:16:03,639 | WARNING  | [ANOMALY] Price spike detected: EURUSD 2026-07-28 16:15:00 change: 0.0001
2026-07-29 06:16:03,639 | WARNING  | [ANOMALY] Price spike detected: EURGBP-OTC 2026-07-28 12:55:00 change: -0.0006
2026-07-29 06:16:03,639 | WARNING  | [ANOMALY] Price spike detected: EURGBP 2026-07-28 15:10:00 change: 0.0001
2026-07-29 06:16:03,639 | WARNING  | [ANOMALY] Price spike detected: GBPUSD-OTC 2026-07-28 12:20:00 change: 0.0005
2026-07-29 06:16:03,639 | WARNING  | [ANOMALY] Price spike detected: EURUSD 2026-07-28 16:25:00 change: 0.0001
2026-07-29 06:16:03,640 | WARNING  | [ANOMALY] Price spike detected: EURGBP-OTC 2026-07-28 13:05:00 change: 0.0013
2026-07-29 06:16:03,640 | WARNING  | [ANOMALY] Price spike detected: EURGBP 2026-07-28 15:20:00 change: 0.0001
2026-07-29 06:16:03,640 | WARNING  | [ANOMALY] Price spike detected: GBPUSD-OTC 2026-07-28 12:25:00 change: -0.0004
2026-07-29 06:16:03,640 | WARNING  | [ANOMALY] Price spike detected: EURUSD 2026-07-28 16:30:00 change: -0.0001
2026-07-29 06:16:03,640 | WARNING  | [ANOMALY] Price spike detected: EURGBP-OTC 2026-07-28 13:10:00 change: -0.0002
2026-07-29 06:16:03,640 | WARNING  | [ANOMALY] Price spike detected: EURGBP 2026-07-28 15:25:00 change: -0.0001
2026-07-29 06:16:03,640 | WARNING  | [ANOMALY] Price spike detected: GBPUSD-OTC 2026-07-28 12:35:00 change: 0.0004
2026-07-29 06:16:03,641 | WARNING  | [ANOMALY] Price spike detected: EURUSD 2026-07-28 16:35:00 change: -0.0002
2026-07-29 06:16:03,641 | WARNING  | [ANOMALY] Price spike detected: EURGBP-OTC 2026-07-28 13:15:00 change: -0.0003
2026-07-29 06:16:03,641 | WARNING  | [ANOMALY] Price spike detected: EURGBP 2026-07-28 15:30:00 change: -0.0001
2026-07-29 06:16:03,641 | WARNING  | [ANOMALY] Price spike detected: GBPUSD-OTC 2026-07-28 12:40:00 change: 0.0004
2026-07-29 06:16:03,641 | WARNING  | [ANOMALY] Price spike detected: EURUSD 2026-07-28 16:40:00 change: -0.0002
2026-07-29 06:16:03,642 | WARNING  | [ANOMALY] Price spike detected: EURGBP-OTC 2026-07-28 13:20:00 change: -0.0002
2026-07-29 06:16:03,642 | WARNING  | [ANOMALY] Price spike detected: EURGBP 2026-07-28 15:35:00 change: 0.0002
2026-07-29 06:16:03,642 | WARNING  | [ANOMALY] Price spike detected: GBPUSD-OTC 2026-07-28 12:45:00 change: -0.0012
2026-07-29 06:16:03,642 | WARNING  | [ANOMALY] Price spike detected: EURUSD 2026-07-28 16:45:00 change: -0.0003
2026-07-29 06:16:03,642 | WARNING  | [ANOMALY] Price spike detected: EURGBP-OTC 2026-07-28 13:35:00 change: 0.0003
2026-07-29 06:16:03,642 | WARNING  | [ANOMALY] Price spike detected: EURGBP 2026-07-28 15:45:00 change: -0.0002
2026-07-29 06:16:03,643 | WARNING  | [ANOMALY] Price spike detected: GBPUSD-OTC 2026-07-28 12:50:00 change: -0.0013
2026-07-29 06:16:03,643 | WARNING  | [ANOMALY] Price spike detected: EURUSD 2026-07-28 16:50:00 change: 0.0001
2026-07-29 06:16:03,643 | WARNING  | [ANOMALY] Price spike detected: EURGBP-OTC 2026-07-28 13:40:00 change: -0.0005
2026-07-29 06:16:03,643 | WARNING  | [ANOMALY] Price spike detected: EURGBP 2026-07-28 15:50:00 change: 0.0002
2026-07-29 06:16:03,643 | WARNING  | [ANOMALY] Price spike detected: GBPUSD-OTC 2026-07-28 13:00:00 change: 0.0011
2026-07-29 06:16:03,644 | WARNING  | [ANOMALY] Price spike detected: EURUSD 2026-07-28 16:55:00 change: -0.0002
2026-07-29 06:16:03,644 | WARNING  | [ANOMALY] Price spike detected: EURGBP-OTC 2026-07-28 13:50:00 change: 0.0004
2026-07-29 06:16:03,644 | WARNING  | [ANOMALY] Price spike detected: EURGBP 2026-07-28 15:55:00 change: -0.0001
2026-07-29 06:16:03,644 | WARNING  | [ANOMALY] Price spike detected: GBPUSD-OTC 2026-07-28 13:05:00 change: 0.0006
2026-07-29 06:16:03,644 | WARNING  | [ANOMALY] Price spike detected: EURUSD 2026-07-28 17:00:00 change: 0.0001
2026-07-29 06:16:03,645 | WARNING  | [ANOMALY] Price spike detected: EURGBP-OTC 2026-07-28 13:55:00 change: 0.0006
2026-07-29 06:16:03,645 | WARNING  | [ANOMALY] Price spike detected: EURGBP 2026-07-28 16:00:00 change: 0.0001
2026-07-29 06:16:03,645 | WARNING  | [ANOMALY] Price spike detected: GBPUSD-OTC 2026-07-28 13:15:00 change: 0.0006
2026-07-29 06:16:03,646 | WARNING  | [ANOMALY] Price spike detected: EURUSD 2026-07-28 17:05:00 change: -0.0001
2026-07-29 06:16:03,646 | WARNING  | [ANOMALY] Price spike detected: EURGBP-OTC 2026-07-28 14:00:00 change: -0.0004
2026-07-29 06:16:03,647 | WARNING  | [ANOMALY] Price spike detected: EURGBP 2026-07-28 16:05:00 change: 0.0001
2026-07-29 06:16:03,647 | WARNING  | [ANOMALY] Price spike detected: GBPUSD-OTC 2026-07-28 13:20:00 change: 0.0006
2026-07-29 06:16:03,647 | WARNING  | [ANOMALY] Price spike detected: EURUSD 2026-07-28 17:10:00 change: -0.0001
2026-07-29 06:16:03,647 | WARNING  | [ANOMALY] Price spike detected: EURGBP-OTC 2026-07-28 14:05:00 change: -0.0003
2026-07-29 06:16:03,647 | WARNING  | [ANOMALY] Price spike detected: EURGBP 2026-07-28 16:10:00 change: 0.0002
2026-07-29 06:16:03,648 | WARNING  | [ANOMALY] Price spike detected: GBPUSD-OTC 2026-07-28 13:25:00 change: -0.0006
2026-07-29 06:16:03,648 | WARNING  | [ANOMALY] Price spike detected: EURUSD 2026-07-28 17:20:00 change: -0.0001
2026-07-29 06:16:03,648 | WARNING  | [ANOMALY] Price spike detected: EURGBP-OTC 2026-07-28 14:10:00 change: -0.0003
2026-07-29 06:16:03,648 | WARNING  | [ANOMALY] Price spike detected: EURGBP 2026-07-28 16:15:00 change: 0.0002
2026-07-29 06:16:03,648 | WARNING  | [ANOMALY] Price spike detected: GBPUSD-OTC 2026-07-28 13:30:00 change: 0.0005
2026-07-29 06:16:03,649 | WARNING  | [ANOMALY] Price spike detected: EURUSD 2026-07-28 17:30:00 change: 0.0001
2026-07-29 06:16:03,649 | WARNING  | [ANOMALY] Price spike detected: EURGBP-OTC 2026-07-28 14:15:00 change: -0.0003
2026-07-29 06:16:03,649 | WARNING  | [ANOMALY] Price spike detected: EURGBP 2026-07-28 16:20:00 change: -0.0001
2026-07-29 06:16:03,649 | WARNING  | [ANOMALY] Price spike detected: GBPUSD-OTC 2026-07-28 13:35:00 change: 0.0011
2026-07-29 06:16:03,650 | WARNING  | [ANOMALY] Price spike detected: EURUSD 2026-07-28 17:35:00 change: -0.0000
2026-07-29 06:16:03,650 | WARNING  | [ANOMALY] Price spike detected: EURGBP-OTC 2026-07-28 14:20:00 change: 0.0002
2026-07-29 06:16:03,650 | WARNING  | [ANOMALY] Price spike detected: EURGBP 2026-07-28 16:25:00 change: 0.0001
2026-07-29 06:16:03,650 | WARNING  | [ANOMALY] Price spike detected: GBPUSD-OTC 2026-07-28 13:40:00 change: 0.0007
2026-07-29 06:16:03,650 | WARNING  | [ANOMALY] Price spike detected: EURUSD 2026-07-28 17:40:00 change: -0.0001
2026-07-29 06:16:03,650 | WARNING  | [ANOMALY] Price spike detected: EURGBP-OTC 2026-07-28 14:25:00 change: 0.0009
2026-07-29 06:16:03,651 | WARNING  | [ANOMALY] Price spike detected: EURGBP 2026-07-28 16:35:00 change: -0.0003
2026-07-29 06:16:03,651 | WARNING  | [ANOMALY] Price spike detected: GBPUSD-OTC 2026-07-28 13:45:00 change: -0.0006
2026-07-29 06:16:03,651 | WARNING  | [ANOMALY] Price spike detected: EURUSD 2026-07-28 17:45:00 change: -0.0001
2026-07-29 06:16:03,651 | WARNING  | [ANOMALY] Price spike detected: EURGBP-OTC 2026-07-28 14:30:00 change: -0.0002
2026-07-29 06:16:03,651 | WARNING  | [ANOMALY] Price spike detected: EURGBP 2026-07-28 16:40:00 change: 0.0002
2026-07-29 06:16:03,651 | WARNING  | [ANOMALY] Price spike detected: GBPUSD-OTC 2026-07-28 13:55:00 change: 0.0004
2026-07-29 06:16:03,652 | WARNING  | [ANOMALY] Price spike detected: EURUSD 2026-07-28 17:50:00 change: -0.0000
2026-07-29 06:16:03,652 | WARNING  | [ANOMALY] Price spike detected: EURGBP-OTC 2026-07-28 14:35:00 change: 0.0009
2026-07-29 06:16:03,652 | WARNING  | [ANOMALY] Price spike detected: EURGBP 2026-07-28 16:50:00 change: -0.0001
2026-07-29 06:16:03,652 | WARNING  | [ANOMALY] Price spike detected: GBPUSD-OTC 2026-07-28 14:00:00 change: 0.0004
2026-07-29 06:16:03,652 | WARNING  | [ANOMALY] Price spike detected: EURUSD 2026-07-28 17:55:00 change: -0.0001
2026-07-29 06:16:03,653 | WARNING  | [ANOMALY] Price spike detected: EURGBP-OTC 2026-07-28 14:40:00 change: 0.0002
2026-07-29 06:16:03,653 | WARNING  | [ANOMALY] Price spike detected: EURGBP 2026-07-28 17:00:00 change: -0.0001
2026-07-29 06:16:03,653 | WARNING  | [ANOMALY] Price spike detected: GBPUSD-OTC 2026-07-28 14:05:00 change: 0.0008
2026-07-29 06:16:03,653 | WARNING  | [ANOMALY] Price spike detected: EURUSD 2026-07-28 18:05:00 change: 0.0000
2026-07-29 06:16:03,654 | WARNING  | [ANOMALY] Price spike detected: EURGBP-OTC 2026-07-28 14:50:00 change: 0.0008
2026-07-29 06:16:03,654 | WARNING  | [ANOMALY] Price spike detected: EURGBP 2026-07-28 17:05:00 change: -0.0000
2026-07-29 06:16:03,654 | WARNING  | [ANOMALY] Price spike detected: GBPUSD-OTC 2026-07-28 14:10:00 change: 0.0007
2026-07-29 06:16:03,654 | WARNING  | [ANOMALY] Price spike detected: EURUSD 2026-07-28 18:10:00 change: -0.0000
2026-07-29 06:16:03,655 | WARNING  | [ANOMALY] Price spike detected: EURGBP-OTC 2026-07-28 14:55:00 change: -0.0003
2026-07-29 06:16:03,655 | WARNING  | [ANOMALY] Price spike detected: EURGBP 2026-07-28 17:15:00 change: -0.0000
2026-07-29 06:16:03,655 | WARNING  | [ANOMALY] Price spike detected: GBPUSD-OTC 2026-07-28 14:15:00 change: -0.0014
2026-07-29 06:16:03,656 | WARNING  | [ANOMALY] Price spike detected: EURUSD 2026-07-28 18:15:00 change: 0.0001
2026-07-29 06:16:03,656 | WARNING  | [ANOMALY] Price spike detected: EURGBP-OTC 2026-07-28 15:00:00 change: -0.0004
2026-07-29 06:16:03,657 | WARNING  | [ANOMALY] Price spike detected: EURGBP 2026-07-28 17:25:00 change: -0.0000
2026-07-29 06:16:03,657 | WARNING  | [ANOMALY] Price spike detected: GBPUSD-OTC 2026-07-28 14:20:00 change: 0.0004
2026-07-29 06:16:03,657 | WARNING  | [ANOMALY] Price spike detected: EURUSD 2026-07-28 18:20:00 change: -0.0002
2026-07-29 06:16:03,657 | WARNING  | [ANOMALY] Price spike detected: EURGBP-OTC 2026-07-28 15:05:00 change: -0.0004
2026-07-29 06:16:03,657 | WARNING  | [ANOMALY] Price spike detected: EURGBP 2026-07-28 17:30:00 change: 0.0000
2026-07-29 06:16:03,658 | WARNING  | [ANOMALY] Price spike detected: GBPUSD-OTC 2026-07-28 14:35:00 change: 0.0008
2026-07-29 06:16:03,658 | WARNING  | [ANOMALY] Price spike detected: EURUSD 2026-07-28 18:25:00 change: -0.0001
2026-07-29 06:16:03,658 | WARNING  | [ANOMALY] Price spike detected: EURGBP-OTC 2026-07-28 15:10:00 change: -0.0004
2026-07-29 06:16:03,658 | WARNING  | [ANOMALY] Price spike detected: EURGBP 2026-07-28 17:35:00 change: 0.0001
2026-07-29 06:16:03,658 | WARNING  | [ANOMALY] Price spike detected: GBPUSD-OTC 2026-07-28 14:40:00 change: 0.0010
2026-07-29 06:16:03,658 | WARNING  | [ANOMALY] Price spike detected: EURUSD 2026-07-28 18:35:00 change: 0.0001
2026-07-29 06:16:03,658 | WARNING  | [ANOMALY] Price spike detected: EURGBP-OTC 2026-07-28 15:20:00 change: -0.0010
2026-07-29 06:16:03,658 | WARNING  | [ANOMALY] Price spike detected: EURGBP 2026-07-28 17:45:00 change: 0.0001
2026-07-29 06:16:03,658 | WARNING  | [ANOMALY] Price spike detected: GBPUSD-OTC 2026-07-28 14:45:00 change: 0.0003
2026-07-29 06:16:03,658 | WARNING  | [ANOMALY] Price spike detected: EURUSD 2026-07-28 18:45:00 change: -0.0001
2026-07-29 06:16:03,658 | WARNING  | [ANOMALY] Price spike detected: EURGBP-OTC 2026-07-28 15:30:00 change: -0.0004
2026-07-29 06:16:03,660 | WARNING  | [ANOMALY] Price spike detected: EURGBP 2026-07-28 17:50:00 change: 0.0000
2026-07-29 06:16:03,660 | WARNING  | [ANOMALY] Price spike detected: GBPUSD-OTC 2026-07-28 14:50:00 change: 0.0005
2026-07-29 06:16:03,660 | WARNING  | [ANOMALY] Price spike detected: EURUSD 2026-07-28 19:00:00 change: 0.0001
2026-07-29 06:16:03,660 | WARNING  | [ANOMALY] Price spike detected: EURGBP-OTC 2026-07-28 15:35:00 change: -0.0006
2026-07-29 06:16:03,660 | WARNING  | [ANOMALY] Price spike detected: EURGBP 2026-07-28 17:55:00 change: -0.0000
2026-07-29 06:16:03,660 | WARNING  | [ANOMALY] Price spike detected: GBPUSD-OTC 2026-07-28 14:55:00 change: -0.0005
2026-07-29 06:16:03,661 | WARNING  | [ANOMALY] Price spike detected: EURUSD 2026-07-28 19:05:00 change: 0.0001
2026-07-29 06:16:03,661 | WARNING  | [ANOMALY] Price spike detected: EURGBP-OTC 2026-07-28 15:40:00 change: 0.0011
2026-07-29 06:16:03,661 | WARNING  | [ANOMALY] Price spike detected: EURGBP 2026-07-28 18:00:00 change: 0.0001
2026-07-29 06:16:03,661 | WARNING  | [ANOMALY] Price spike detected: GBPUSD-OTC 2026-07-28 15:05:00 change: -0.0005
2026-07-29 06:16:03,661 | WARNING  | [ANOMALY] Price spike detected: EURUSD 2026-07-28 19:10:00 change: -0.0001
2026-07-29 06:16:03,662 | WARNING  | [ANOMALY] Price spike detected: EURGBP-OTC 2026-07-28 15:50:00 change: 0.0003
2026-07-29 06:16:03,662 | WARNING  | [ANOMALY] Price spike detected: EURGBP 2026-07-28 18:05:00 change: 0.0001
2026-07-29 06:16:03,663 | WARNING  | [ANOMALY] Price spike detected: GBPUSD-OTC 2026-07-28 15:15:00 change: -0.0004
2026-07-29 06:16:03,663 | WARNING  | [ANOMALY] Price spike detected: EURUSD 2026-07-28 19:15:00 change: 0.0002
2026-07-29 06:16:03,663 | WARNING  | [ANOMALY] Price spike detected: EURGBP-OTC 2026-07-28 15:55:00 change: -0.0005
2026-07-29 06:16:03,663 | WARNING  | [ANOMALY] Price spike detected: EURGBP 2026-07-28 18:10:00 change: -0.0000
2026-07-29 06:16:03,664 | WARNING  | [ANOMALY] Price spike detected: GBPUSD-OTC 2026-07-28 15:20:00 change: 0.0012
2026-07-29 06:16:03,664 | WARNING  | [ANOMALY] Price spike detected: EURUSD 2026-07-28 19:25:00 change: -0.0001
2026-07-29 06:16:03,664 | WARNING  | [ANOMALY] Price spike detected: EURGBP-OTC 2026-07-28 16:00:00 change: 0.0002
2026-07-29 06:16:03,664 | WARNING  | [ANOMALY] Price spike detected: EURGBP 2026-07-28 18:15:00 change: 0.0001
2026-07-29 06:16:03,665 | WARNING  | [ANOMALY] Price spike detected: GBPUSD-OTC 2026-07-28 15:25:00 change: -0.0004
2026-07-29 06:16:03,665 | WARNING  | [ANOMALY] Price spike detected: EURUSD 2026-07-28 19:30:00 change: 0.0001
2026-07-29 06:16:03,665 | WARNING  | [ANOMALY] Price spike detected: EURGBP-OTC 2026-07-28 16:15:00 change: -0.0002
2026-07-29 06:16:03,666 | WARNING  | [ANOMALY] Price spike detected: EURGBP 2026-07-28 18:20:00 change: -0.0000
2026-07-29 06:16:03,666 | WARNING  | [ANOMALY] Price spike detected: GBPUSD-OTC 2026-07-28 15:35:00 change: -0.0002
2026-07-29 06:16:03,666 | WARNING  | [ANOMALY] Price spike detected: EURUSD 2026-07-28 19:35:00 change: -0.0000
2026-07-29 06:16:03,666 | WARNING  | [ANOMALY] Price spike detected: EURGBP-OTC 2026-07-28 16:25:00 change: -0.0008
2026-07-29 06:16:03,667 | WARNING  | [ANOMALY] Price spike detected: EURGBP 2026-07-28 18:25:00 change: 0.0000
2026-07-29 06:16:03,667 | WARNING  | [ANOMALY] Price spike detected: GBPUSD-OTC 2026-07-28 15:40:00 change: -0.0006
2026-07-29 06:16:03,667 | WARNING  | [ANOMALY] Price spike detected: EURUSD 2026-07-28 19:40:00 change: 0.0000
2026-07-29 06:16:03,667 | WARNING  | [ANOMALY] Price spike detected: EURGBP-OTC 2026-07-28 16:30:00 change: -0.0007
2026-07-29 06:16:03,668 | WARNING  | [ANOMALY] Price spike detected: EURGBP 2026-07-28 18:30:00 change: -0.0001
2026-07-29 06:16:03,668 | WARNING  | [ANOMALY] Price spike detected: GBPUSD-OTC 2026-07-28 15:45:00 change: -0.0007
2026-07-29 06:16:03,668 | WARNING  | [ANOMALY] Price spike detected: EURUSD 2026-07-28 19:45:00 change: 0.0001
2026-07-29 06:16:03,668 | WARNING  | [ANOMALY] Price spike detected: EURGBP-OTC 2026-07-28 16:35:00 change: -0.0007
2026-07-29 06:16:03,669 | WARNING  | [ANOMALY] Price spike detected: EURGBP 2026-07-28 18:40:00 change: -0.0001
2026-07-29 06:16:03,669 | WARNING  | [ANOMALY] Price spike detected: GBPUSD-OTC 2026-07-28 15:50:00 change: -0.0002
2026-07-29 06:16:03,669 | WARNING  | [ANOMALY] Price spike detected: EURUSD 2026-07-28 19:50:00 change: -0.0000
2026-07-29 06:16:03,669 | WARNING  | [ANOMALY] Price spike detected: EURGBP-OTC 2026-07-28 16:40:00 change: 0.0006
2026-07-29 06:16:03,669 | WARNING  | [ANOMALY] Price spike detected: EURGBP 2026-07-28 18:50:00 change: -0.0001
2026-07-29 06:16:03,670 | WARNING  | [ANOMALY] Price spike detected: GBPUSD-OTC 2026-07-28 15:55:00 change: -0.0004
2026-07-29 06:16:03,670 | WARNING  | [ANOMALY] Price spike detected: EURUSD 2026-07-28 19:55:00 change: -0.0003
2026-07-29 06:16:03,670 | WARNING  | [ANOMALY] Price spike detected: EURGBP-OTC 2026-07-28 16:45:00 change: -0.0006
2026-07-29 06:16:03,670 | WARNING  | [ANOMALY] Price spike detected: EURGBP 2026-07-28 18:55:00 change: 0.0001
2026-07-29 06:16:03,671 | WARNING  | [ANOMALY] Price spike detected: GBPUSD-OTC 2026-07-28 16:15:00 change: -0.0001
2026-07-29 06:16:03,671 | WARNING  | [ANOMALY] Price spike detected: EURUSD 2026-07-28 20:10:00 change: 0.0001
2026-07-29 06:16:03,671 | WARNING  | [ANOMALY] Price spike detected: EURGBP-OTC 2026-07-28 16:55:00 change: -0.0007
2026-07-29 06:16:03,671 | WARNING  | [ANOMALY] Price spike detected: EURGBP 2026-07-28 19:00:00 change: 0.0000
2026-07-29 06:16:03,671 | WARNING  | [ANOMALY] Price spike detected: GBPUSD-OTC 2026-07-28 16:20:00 change: -0.0009
2026-07-29 06:16:03,672 | WARNING  | [ANOMALY] Price spike detected: EURUSD 2026-07-28 20:15:00 change: -0.0001
2026-07-29 06:16:03,672 | WARNING  | [ANOMALY] Price spike detected: EURGBP-OTC 2026-07-28 17:10:00 change: 0.0006
2026-07-29 06:16:03,672 | WARNING  | [ANOMALY] Price spike detected: EURGBP 2026-07-28 19:05:00 change: -0.0001
2026-07-29 06:16:03,672 | WARNING  | [ANOMALY] Price spike detected: GBPUSD-OTC 2026-07-28 16:25:00 change: -0.0004
2026-07-29 06:16:03,672 | WARNING  | [ANOMALY] Price spike detected: EURUSD 2026-07-28 20:25:00 change: -0.0001
2026-07-29 06:16:03,673 | WARNING  | [ANOMALY] Price spike detected: EURGBP-OTC 2026-07-28 17:15:00 change: 0.0007
2026-07-29 06:16:03,673 | WARNING  | [ANOMALY] Price spike detected: EURGBP 2026-07-28 19:15:00 change: -0.0000
2026-07-29 06:16:03,673 | WARNING  | [ANOMALY] Price spike detected: GBPUSD-OTC 2026-07-28 16:30:00 change: -0.0003
2026-07-29 06:16:03,673 | WARNING  | [ANOMALY] Price spike detected: EURUSD 2026-07-28 20:35:00 change: -0.0001
2026-07-29 06:16:03,673 | WARNING  | [ANOMALY] Price spike detected: EURGBP-OTC 2026-07-28 17:20:00 change: 0.0002
2026-07-29 06:16:03,673 | WARNING  | [ANOMALY] Price spike detected: EURGBP 2026-07-28 19:25:00 change: 0.0002
2026-07-29 06:16:03,674 | WARNING  | [ANOMALY] Price spike detected: GBPUSD-OTC 2026-07-28 16:35:00 change: 0.0001
2026-07-29 06:16:03,674 | WARNING  | [ANOMALY] Price spike detected: EURUSD 2026-07-28 20:40:00 change: 0.0001
2026-07-29 06:16:03,674 | WARNING  | [ANOMALY] Price spike detected: EURGBP-OTC 2026-07-28 17:35:00 change: 0.0002
2026-07-29 06:16:03,674 | WARNING  | [ANOMALY] Price spike detected: EURGBP 2026-07-28 19:30:00 change: 0.0000
2026-07-29 06:16:03,674 | WARNING  | [ANOMALY] Price spike detected: GBPUSD-OTC 2026-07-28 16:40:00 change: -0.0007
2026-07-29 06:16:03,675 | WARNING  | [ANOMALY] Price spike detected: EURUSD 2026-07-28 20:45:00 change: -0.0001
2026-07-29 06:16:03,675 | WARNING  | [ANOMALY] Price spike detected: EURGBP-OTC 2026-07-28 17:40:00 change: 0.0005
2026-07-29 06:16:03,675 | WARNING  | [ANOMALY] Price spike detected: EURGBP 2026-07-28 19:35:00 change: -0.0000
2026-07-29 06:16:03,675 | WARNING  | [ANOMALY] Price spike detected: GBPUSD-OTC 2026-07-28 16:45:00 change: 0.0007
2026-07-29 06:16:03,675 | WARNING  | [ANOMALY] Price spike detected: EURUSD 2026-07-28 21:00:00 change: 0.0003
2026-07-29 06:16:03,676 | WARNING  | [ANOMALY] Price spike detected: EURGBP-OTC 2026-07-28 17:45:00 change: 0.0008
2026-07-29 06:16:03,676 | WARNING  | [ANOMALY] Price spike detected: EURGBP 2026-07-28 19:40:00 change: 0.0000
2026-07-29 06:16:03,676 | WARNING  | [ANOMALY] Price spike detected: GBPUSD-OTC 2026-07-28 16:50:00 change: -0.0003
2026-07-29 06:16:03,676 | WARNING  | [ANOMALY] Price spike detected: EURUSD 2026-07-28 21:05:00 change: 0.0000
2026-07-29 06:16:03,677 | WARNING  | [ANOMALY] Price spike detected: EURGBP-OTC 2026-07-28 17:50:00 change: 0.0003
2026-07-29 06:16:03,677 | WARNING  | [ANOMALY] Price spike detected: EURGBP 2026-07-28 19:45:00 change: -0.0000
2026-07-29 06:16:03,677 | WARNING  | [ANOMALY] Price spike detected: GBPUSD-OTC 2026-07-28 16:55:00 change: 0.0005
2026-07-29 06:16:03,678 | WARNING  | [ANOMALY] Price spike detected: EURUSD 2026-07-28 21:10:00 change: 0.0001
2026-07-29 06:16:03,678 | WARNING  | [ANOMALY] Price spike detected: EURGBP-OTC 2026-07-28 17:55:00 change: 0.0008
2026-07-29 06:16:03,678 | WARNING  | [ANOMALY] Price spike detected: EURGBP 2026-07-28 19:50:00 change: -0.0000
2026-07-29 06:16:03,678 | WARNING  | [ANOMALY] Price spike detected: GBPUSD-OTC 2026-07-28 17:05:00 change: -0.0003
2026-07-29 06:16:03,678 | WARNING  | [ANOMALY] Price spike detected: EURUSD 2026-07-28 21:15:00 change: 0.0001
2026-07-29 06:16:03,678 | WARNING  | [ANOMALY] Price spike detected: EURGBP-OTC 2026-07-28 18:00:00 change: 0.0002
2026-07-29 06:16:03,679 | WARNING  | [ANOMALY] Price spike detected: EURGBP 2026-07-28 19:55:00 change: 0.0001
2026-07-29 06:16:03,679 | WARNING  | [ANOMALY] Price spike detected: GBPUSD-OTC 2026-07-28 17:10:00 change: 0.0015
2026-07-29 06:16:03,679 | WARNING  | [ANOMALY] Price spike detected: EURUSD 2026-07-28 21:25:00 change: -0.0000
2026-07-29 06:16:03,679 | WARNING  | [ANOMALY] Price spike detected: EURGBP-OTC 2026-07-28 18:05:00 change: 0.0006
2026-07-29 06:16:03,680 | WARNING  | [ANOMALY] Price spike detected: EURGBP 2026-07-28 20:00:00 change: 0.0000
2026-07-29 06:16:03,680 | WARNING  | [ANOMALY] Price spike detected: GBPUSD-OTC 2026-07-28 17:15:00 change: 0.0008
2026-07-29 06:16:03,680 | WARNING  | [ANOMALY] Price spike detected: EURUSD 2026-07-28 21:30:00 change: -0.0000
2026-07-29 06:16:03,680 | WARNING  | [ANOMALY] Price spike detected: EURGBP-OTC 2026-07-28 18:10:00 change: -0.0002
2026-07-29 06:16:03,681 | WARNING  | [ANOMALY] Price spike detected: EURGBP 2026-07-28 20:05:00 change: -0.0001
2026-07-29 06:16:03,681 | WARNING  | [ANOMALY] Price spike detected: GBPUSD-OTC 2026-07-28 17:20:00 change: 0.0007
2026-07-29 06:16:03,681 | WARNING  | [ANOMALY] Price spike detected: EURUSD 2026-07-28 21:35:00 change: 0.0001
2026-07-29 06:16:03,682 | WARNING  | [ANOMALY] Price spike detected: EURGBP-OTC 2026-07-28 18:20:00 change: 0.0005
2026-07-29 06:16:03,682 | WARNING  | [ANOMALY] Price spike detected: EURGBP 2026-07-28 20:15:00 change: 0.0000
2026-07-29 06:16:03,682 | WARNING  | [ANOMALY] Price spike detected: GBPUSD-OTC 2026-07-28 17:25:00 change: -0.0007
2026-07-29 06:16:03,682 | WARNING  | [ANOMALY] Price spike detected: EURUSD 2026-07-28 21:40:00 change: 0.0000
2026-07-29 06:16:03,682 | WARNING  | [ANOMALY] Price spike detected: EURGBP-OTC 2026-07-28 18:30:00 change: -0.0002
2026-07-29 06:16:03,682 | WARNING  | [ANOMALY] Price spike detected: EURGBP 2026-07-28 20:20:00 change: 0.0000
2026-07-29 06:16:03,682 | WARNING  | [ANOMALY] Price spike detected: GBPUSD-OTC 2026-07-28 17:35:00 change: -0.0005
2026-07-29 06:16:03,684 | WARNING  | [ANOMALY] Price spike detected: EURUSD 2026-07-28 21:45:00 change: -0.0000
2026-07-29 06:16:03,684 | WARNING  | [ANOMALY] Price spike detected: EURGBP-OTC 2026-07-28 18:35:00 change: 0.0013
2026-07-29 06:16:03,684 | WARNING  | [ANOMALY] Price spike detected: EURGBP 2026-07-28 20:25:00 change: -0.0000
2026-07-29 06:16:03,684 | WARNING  | [ANOMALY] Price spike detected: GBPUSD-OTC 2026-07-28 17:40:00 change: 0.0007
2026-07-29 06:16:03,684 | WARNING  | [ANOMALY] Price spike detected: EURUSD 2026-07-28 21:50:00 change: -0.0001
2026-07-29 06:16:03,685 | WARNING  | [ANOMALY] Price spike detected: EURGBP-OTC 2026-07-28 18:45:00 change: 0.0008
2026-07-29 06:16:03,685 | WARNING  | [ANOMALY] Price spike detected: EURGBP 2026-07-28 20:30:00 change: 0.0001
2026-07-29 06:16:03,685 | WARNING  | [ANOMALY] Price spike detected: GBPUSD-OTC 2026-07-28 17:45:00 change: 0.0005
2026-07-29 06:16:03,685 | WARNING  | [ANOMALY] Price spike detected: EURUSD 2026-07-28 21:55:00 change: -0.0001
2026-07-29 06:16:03,686 | WARNING  | [ANOMALY] Price spike detected: EURGBP-OTC 2026-07-28 18:50:00 change: -0.0010
2026-07-29 06:16:03,686 | WARNING  | [ANOMALY] Price spike detected: EURGBP 2026-07-28 20:35:00 change: -0.0001
2026-07-29 06:16:03,686 | WARNING  | [ANOMALY] Price spike detected: GBPUSD-OTC 2026-07-28 17:50:00 change: 0.0002
2026-07-29 06:16:03,686 | WARNING  | [ANOMALY] Price spike detected: EURUSD 2026-07-28 22:00:00 change: -0.0001
2026-07-29 06:16:03,686 | WARNING  | [ANOMALY] Price spike detected: EURGBP-OTC 2026-07-28 18:55:00 change: -0.0005
2026-07-29 06:16:03,686 | WARNING  | [ANOMALY] Price spike detected: EURGBP 2026-07-28 20:40:00 change: 0.0000
2026-07-29 06:16:03,687 | WARNING  | [ANOMALY] Price spike detected: GBPUSD-OTC 2026-07-28 18:00:00 change: -0.0010
2026-07-29 06:16:03,687 | WARNING  | [ANOMALY] Price spike detected: EURUSD 2026-07-28 22:10:00 change: -0.0002
2026-07-29 06:16:03,687 | WARNING  | [ANOMALY] Price spike detected: EURGBP-OTC 2026-07-28 19:00:00 change: 0.0003
2026-07-29 06:16:03,688 | WARNING  | [ANOMALY] Price spike detected: EURGBP 2026-07-28 20:45:00 change: 0.0001
2026-07-29 06:16:03,688 | WARNING  | [ANOMALY] Price spike detected: GBPUSD-OTC 2026-07-28 18:05:00 change: -0.0010
2026-07-29 06:16:03,688 | WARNING  | [ANOMALY] Price spike detected: EURUSD 2026-07-28 22:15:00 change: -0.0001
2026-07-29 06:16:03,688 | WARNING  | [ANOMALY] Price spike detected: EURGBP-OTC 2026-07-28 19:05:00 change: -0.0004
2026-07-29 06:16:03,688 | WARNING  | [ANOMALY] Price spike detected: EURGBP 2026-07-28 20:50:00 change: 0.0000
2026-07-29 06:16:03,689 | WARNING  | [ANOMALY] Price spike detected: GBPUSD-OTC 2026-07-28 18:15:00 change: -0.0005
2026-07-29 06:16:03,689 | WARNING  | [ANOMALY] Price spike detected: EURUSD 2026-07-28 22:20:00 change: -0.0002
2026-07-29 06:16:03,689 | WARNING  | [ANOMALY] Price spike detected: EURGBP-OTC 2026-07-28 19:10:00 change: 0.0002
2026-07-29 06:16:03,689 | WARNING  | [ANOMALY] Price spike detected: EURGBP 2026-07-28 20:55:00 change: -0.0002
2026-07-29 06:16:03,689 | WARNING  | [ANOMALY] Price spike detected: GBPUSD-OTC 2026-07-28 18:20:00 change: -0.0003
2026-07-29 06:16:03,689 | WARNING  | [ANOMALY] Price spike detected: EURUSD 2026-07-28 22:25:00 change: 0.0000
2026-07-29 06:16:03,690 | WARNING  | [ANOMALY] Price spike detected: EURGBP-OTC 2026-07-28 19:15:00 change: -0.0003
2026-07-29 06:16:03,690 | WARNING  | [ANOMALY] Price spike detected: EURGBP 2026-07-28 21:00:00 change: 0.0001
2026-07-29 06:16:03,690 | WARNING  | [ANOMALY] Price spike detected: GBPUSD-OTC 2026-07-28 18:25:00 change: -0.0004
2026-07-29 06:16:03,690 | WARNING  | [ANOMALY] Price spike detected: EURUSD 2026-07-28 22:30:00 change: 0.0001
2026-07-29 06:16:03,690 | WARNING  | [ANOMALY] Price spike detected: EURGBP-OTC 2026-07-28 19:25:00 change: 0.0003
2026-07-29 06:16:03,691 | WARNING  | [ANOMALY] Price spike detected: EURGBP 2026-07-28 21:05:00 change: 0.0002
2026-07-29 06:16:03,691 | WARNING  | [ANOMALY] Price spike detected: GBPUSD-OTC 2026-07-28 18:30:00 change: -0.0003
2026-07-29 06:16:03,691 | WARNING  | [ANOMALY] Price spike detected: EURUSD 2026-07-28 22:35:00 change: -0.0002
2026-07-29 06:16:03,691 | WARNING  | [ANOMALY] Price spike detected: EURGBP-OTC 2026-07-28 19:40:00 change: -0.0012
2026-07-29 06:16:03,691 | WARNING  | [ANOMALY] Price spike detected: EURGBP 2026-07-28 21:10:00 change: -0.0001
2026-07-29 06:16:03,691 | WARNING  | [ANOMALY] Price spike detected: GBPUSD-OTC 2026-07-28 18:35:00 change: -0.0003
2026-07-29 06:16:03,692 | WARNING  | [ANOMALY] Price spike detected: EURUSD 2026-07-28 22:40:00 change: 0.0000
2026-07-29 06:16:03,692 | WARNING  | [ANOMALY] Price spike detected: EURGBP-OTC 2026-07-28 19:45:00 change: -0.0004
2026-07-29 06:16:03,693 | WARNING  | [ANOMALY] Price spike detected: EURGBP 2026-07-28 21:15:00 change: -0.0001
2026-07-29 06:16:03,693 | WARNING  | [ANOMALY] Price spike detected: GBPUSD-OTC 2026-07-28 18:40:00 change: 0.0006
2026-07-29 06:16:03,693 | WARNING  | [ANOMALY] Price spike detected: EURUSD 2026-07-28 22:45:00 change: -0.0000
2026-07-29 06:16:03,693 | WARNING  | [ANOMALY] Price spike detected: EURGBP-OTC 2026-07-28 19:50:00 change: 0.0005
2026-07-29 06:16:03,693 | WARNING  | [ANOMALY] Price spike detected: EURGBP 2026-07-28 21:20:00 change: 0.0001
2026-07-29 06:16:03,694 | WARNING  | [ANOMALY] Price spike detected: GBPUSD-OTC 2026-07-28 18:45:00 change: 0.0005
2026-07-29 06:16:03,694 | WARNING  | [ANOMALY] Price spike detected: EURUSD 2026-07-28 23:00:00 change: -0.0001
2026-07-29 06:16:03,694 | WARNING  | [ANOMALY] Price spike detected: EURGBP-OTC 2026-07-28 19:55:00 change: -0.0002
2026-07-29 06:16:03,694 | WARNING  | [ANOMALY] Price spike detected: EURGBP 2026-07-28 21:25:00 change: 0.0000
2026-07-29 06:16:03,694 | WARNING  | [ANOMALY] Price spike detected: GBPUSD-OTC 2026-07-28 18:50:00 change: 0.0013
2026-07-29 06:16:03,694 | WARNING  | [ANOMALY] Price spike detected: EURUSD 2026-07-28 23:05:00 change: -0.0002
2026-07-29 06:16:03,695 | WARNING  | [ANOMALY] Price spike detected: EURGBP-OTC 2026-07-28 20:00:00 change: 0.0006
2026-07-29 06:16:03,695 | WARNING  | [ANOMALY] Price spike detected: EURGBP 2026-07-28 21:35:00 change: 0.0001
2026-07-29 06:16:03,695 | WARNING  | [ANOMALY] Price spike detected: GBPUSD-OTC 2026-07-28 18:55:00 change: 0.0009
2026-07-29 06:16:03,695 | WARNING  | [ANOMALY] Price spike detected: EURUSD 2026-07-28 23:10:00 change: 0.0002
2026-07-29 06:16:03,695 | WARNING  | [ANOMALY] Price spike detected: EURGBP-OTC 2026-07-28 20:05:00 change: -0.0007
2026-07-29 06:16:03,696 | WARNING  | [ANOMALY] Price spike detected: EURGBP 2026-07-28 21:40:00 change: 0.0000
2026-07-29 06:16:03,696 | WARNING  | [ANOMALY] Price spike detected: GBPUSD-OTC 2026-07-28 19:00:00 change: 0.0004
2026-07-29 06:16:03,697 | WARNING  | [ANOMALY] Price spike detected: EURGBP-OTC 2026-07-28 20:10:00 change: 0.0005
2026-07-29 06:16:03,697 | WARNING  | [ANOMALY] Price spike detected: EURGBP 2026-07-28 21:50:00 change: -0.0000
2026-07-29 06:16:03,697 | WARNING  | [ANOMALY] Price spike detected: GBPUSD-OTC 2026-07-28 19:10:00 change: -0.0010
2026-07-29 06:16:03,699 | WARNING  | [ANOMALY] Price spike detected: EURGBP-OTC 2026-07-28 20:20:00 change: -0.0005
2026-07-29 06:16:03,700 | WARNING  | [ANOMALY] Price spike detected: EURGBP 2026-07-28 22:05:00 change: -0.0000
2026-07-29 06:16:03,700 | WARNING  | [ANOMALY] Price spike detected: GBPUSD-OTC 2026-07-28 19:20:00 change: 0.0006
2026-07-29 06:16:03,701 | WARNING  | [ANOMALY] Price spike detected: EURGBP-OTC 2026-07-28 20:25:00 change: 0.0002
2026-07-29 06:16:03,702 | WARNING  | [ANOMALY] Price spike detected: EURGBP 2026-07-28 22:15:00 change: -0.0001
2026-07-29 06:16:03,703 | WARNING  | [ANOMALY] Price spike detected: GBPUSD-OTC 2026-07-28 19:25:00 change: -0.0010
2026-07-29 06:16:03,706 | WARNING  | [ANOMALY] Total anomalies detected: EURUSD 197
2026-07-29 06:16:03,706 | WARNING  | [ANOMALY] Price spike detected: EURGBP-OTC 2026-07-28 20:30:00 change: 0.0007
2026-07-29 06:16:03,707 | WARNING  | [ANOMALY] Price spike detected: EURGBP 2026-07-28 22:20:00 change: 0.0000
2026-07-29 06:16:03,707 | WARNING  | [ANOMALY] Price spike detected: GBPUSD-OTC 2026-07-28 19:35:00 change: -0.0005
2026-07-29 06:16:03,707 | ERROR    | [ANOMALY] Excessive anomalies threshold exceeded: 2210
2026-07-29 06:16:03,707 | WARNING  | [ANOMALY] Price spike detected: EURGBP-OTC 2026-07-28 20:35:00 change: 0.0006
2026-07-29 06:16:03,707 | WARNING  | [ANOMALY] Price spike detected: EURGBP 2026-07-28 22:30:00 change: 0.0001
2026-07-29 06:16:03,707 | WARNING  | [ANOMALY] Price spike detected: GBPUSD-OTC 2026-07-28 19:40:00 change: -0.0004
2026-07-29 06:16:03,707 | INFO     | [DataAdapter] M5 anomaly detection completed for EURUSD
2026-07-29 06:16:03,709 | WARNING  | [ANOMALY] Price spike detected: EURGBP-OTC 2026-07-28 20:40:00 change: -0.0009
2026-07-29 06:16:03,709 | WARNING  | [ANOMALY] Price spike detected: EURGBP 2026-07-28 22:40:00 change: 0.0000
2026-07-29 06:16:03,709 | WARNING  | [ANOMALY] Price spike detected: GBPUSD-OTC 2026-07-28 19:45:00 change: -0.0011
2026-07-29 06:16:03,709 | INFO     | [DataAdapter] M5 data refresh completed for EURUSD
2026-07-29 06:16:03,709 | WARNING  | [ANOMALY] Price spike detected: EURGBP-OTC 2026-07-28 20:50:00 change: 0.0007
2026-07-29 06:16:03,710 | WARNING  | [ANOMALY] Price spike detected: EURGBP 2026-07-28 22:50:00 change: -0.0000
2026-07-29 06:16:03,710 | WARNING  | [ANOMALY] Price spike detected: GBPUSD-OTC 2026-07-28 19:50:00 change: 0.0003
2026-07-29 06:16:03,710 | INFO     | [DataAdapter] Refreshing M15 data for EURUSD
2026-07-29 06:16:03,710 | WARNING  | [ANOMALY] Price spike detected: EURGBP-OTC 2026-07-28 21:00:00 change: -0.0012
2026-07-29 06:16:03,710 | WARNING  | [ANOMALY] Price spike detected: EURGBP 2026-07-28 23:05:00 change: 0.0000
2026-07-29 06:16:03,710 | WARNING  | [ANOMALY] Price spike detected: GBPUSD-OTC 2026-07-28 20:00:00 change: 0.0003
2026-07-29 06:16:03,713 | WARNING  | [ANOMALY] Price spike detected: EURUSD 2026-07-28 12:15:00 change: -0.0002
2026-07-29 06:16:03,713 | WARNING  | [ANOMALY] Price spike detected: EURGBP-OTC 2026-07-28 21:05:00 change: 0.0002
2026-07-29 06:16:03,713 | WARNING  | [ANOMALY] Price spike detected: EURGBP 2026-07-28 23:10:00 change: -0.0001
2026-07-29 06:16:03,713 | WARNING  | [ANOMALY] Price spike detected: GBPUSD-OTC 2026-07-28 20:05:00 change: -0.0006
2026-07-29 06:16:03,714 | WARNING  | [ANOMALY] Price spike detected: EURUSD 2026-07-28 12:30:00 change: 0.0002
2026-07-29 06:16:03,714 | WARNING  | [ANOMALY] Price spike detected: EURGBP-OTC 2026-07-28 21:10:00 change: 0.0003
2026-07-29 06:16:03,715 | WARNING  | [ANOMALY] Price spike detected: GBPUSD-OTC 2026-07-28 20:25:00 change: -0.0014
2026-07-29 06:16:03,715 | WARNING  | [ANOMALY] Price spike detected: EURUSD 2026-07-28 12:45:00 change: 0.0001
2026-07-29 06:16:03,716 | WARNING  | [ANOMALY] Price spike detected: EURGBP-OTC 2026-07-28 21:20:00 change: 0.0003
2026-07-29 06:16:03,718 | WARNING  | [ANOMALY] Price spike detected: GBPUSD-OTC 2026-07-28 20:35:00 change: 0.0007
2026-07-29 06:16:03,718 | WARNING  | [ANOMALY] Price spike detected: EURUSD 2026-07-28 13:00:00 change: 0.0001
2026-07-29 06:16:03,719 | WARNING  | [ANOMALY] Price spike detected: EURGBP-OTC 2026-07-28 21:25:00 change: -0.0006
2026-07-29 06:16:03,719 | WARNING  | [ANOMALY] Price spike detected: GBPUSD-OTC 2026-07-28 20:40:00 change: 0.0011
2026-07-29 06:16:03,719 | WARNING  | [ANOMALY] Price spike detected: EURUSD 2026-07-28 13:30:00 change: 0.0002
2026-07-29 06:16:03,720 | WARNING  | [ANOMALY] Price spike detected: EURGBP-OTC 2026-07-28 21:30:00 change: -0.0003
2026-07-29 06:16:03,724 | WARNING  | [ANOMALY] Total anomalies detected: EURGBP 190
2026-07-29 06:16:03,725 | WARNING  | [ANOMALY] Price spike detected: GBPUSD-OTC 2026-07-28 20:45:00 change: 0.0006
2026-07-29 06:16:03,725 | WARNING  | [ANOMALY] Price spike detected: EURUSD 2026-07-28 13:45:00 change: 0.0003
2026-07-29 06:16:03,725 | WARNING  | [ANOMALY] Price spike detected: EURGBP-OTC 2026-07-28 22:00:00 change: 0.0005
2026-07-29 06:16:03,725 | ERROR    | [ANOMALY] Excessive anomalies threshold exceeded: 2247
2026-07-29 06:16:03,725 | WARNING  | [ANOMALY] Price spike detected: GBPUSD-OTC 2026-07-28 20:50:00 change: 0.0004
2026-07-29 06:16:03,725 | WARNING  | [ANOMALY] Price spike detected: EURUSD 2026-07-28 14:00:00 change: 0.0001
2026-07-29 06:16:03,726 | WARNING  | [ANOMALY] Price spike detected: EURGBP-OTC 2026-07-28 22:05:00 change: 0.0008
2026-07-29 06:16:03,726 | INFO     | [DataAdapter] M5 anomaly detection completed for EURGBP
2026-07-29 06:16:03,726 | WARNING  | [ANOMALY] Price spike detected: GBPUSD-OTC 2026-07-28 20:55:00 change: 0.0007
2026-07-29 06:16:03,726 | WARNING  | [ANOMALY] Price spike detected: EURUSD 2026-07-28 14:15:00 change: 0.0004
2026-07-29 06:16:03,726 | WARNING  | [ANOMALY] Price spike detected: EURGBP-OTC 2026-07-28 22:10:00 change: -0.0002
2026-07-29 06:16:03,726 | INFO     | [DataAdapter] M5 data refresh completed for EURGBP
2026-07-29 06:16:03,726 | WARNING  | [ANOMALY] Price spike detected: GBPUSD-OTC 2026-07-28 21:05:00 change: -0.0011
2026-07-29 06:16:03,727 | WARNING  | [ANOMALY] Price spike detected: EURUSD 2026-07-28 14:30:00 change: 0.0001
2026-07-29 06:16:03,727 | WARNING  | [ANOMALY] Price spike detected: EURGBP-OTC 2026-07-28 22:15:00 change: -0.0003
2026-07-29 06:16:03,727 | INFO     | [DataAdapter] Refreshing M15 data for EURGBP
2026-07-29 06:16:03,727 | WARNING  | [ANOMALY] Price spike detected: GBPUSD-OTC 2026-07-28 21:10:00 change: 0.0005
2026-07-29 06:16:03,727 | WARNING  | [ANOMALY] Price spike detected: EURUSD 2026-07-28 14:45:00 change: 0.0006
2026-07-29 06:16:03,727 | WARNING  | [ANOMALY] Price spike detected: EURGBP-OTC 2026-07-28 22:35:00 change: -0.0006
2026-07-29 06:16:03,729 | WARNING  | [ANOMALY] Price spike detected: EURGBP 2026-07-28 12:15:00 change: -0.0002
2026-07-29 06:16:03,730 | WARNING  | [ANOMALY] Price spike detected: GBPUSD-OTC 2026-07-28 21:15:00 change: 0.0005
2026-07-29 06:16:03,730 | WARNING  | [ANOMALY] Price spike detected: EURUSD 2026-07-28 15:00:00 change: 0.0008
2026-07-29 06:16:03,730 | WARNING  | [ANOMALY] Price spike detected: EURGBP-OTC 2026-07-28 22:40:00 change: -0.0005
2026-07-29 06:16:03,730 | WARNING  | [ANOMALY] Price spike detected: EURGBP 2026-07-28 12:30:00 change: -0.0005
2026-07-29 06:16:03,730 | WARNING  | [ANOMALY] Price spike detected: GBPUSD-OTC 2026-07-28 21:20:00 change: -0.0011
2026-07-29 06:16:03,730 | WARNING  | [ANOMALY] Price spike detected: EURUSD 2026-07-28 15:15:00 change: 0.0001
2026-07-29 06:16:03,731 | WARNING  | [ANOMALY] Price spike detected: EURGBP-OTC 2026-07-28 22:45:00 change: 0.0001
2026-07-29 06:16:03,731 | WARNING  | [ANOMALY] Price spike detected: EURGBP 2026-07-28 12:45:00 change: -0.0002
2026-07-29 06:16:03,731 | WARNING  | [ANOMALY] Price spike detected: GBPUSD-OTC 2026-07-28 21:25:00 change: 0.0008
2026-07-29 06:16:03,732 | WARNING  | [ANOMALY] Price spike detected: EURUSD 2026-07-28 15:30:00 change: 0.0005
2026-07-29 06:16:03,732 | WARNING  | [ANOMALY] Price spike detected: EURGBP-OTC 2026-07-28 22:50:00 change: -0.0004
2026-07-29 06:16:03,732 | WARNING  | [ANOMALY] Price spike detected: EURGBP 2026-07-28 13:00:00 change: 0.0002
2026-07-29 06:16:03,732 | WARNING  | [ANOMALY] Price spike detected: GBPUSD-OTC 2026-07-28 21:30:00 change: -0.0008
2026-07-29 06:16:03,732 | WARNING  | [ANOMALY] Price spike detected: EURUSD 2026-07-28 15:45:00 change: -0.0001
2026-07-29 06:16:03,732 | WARNING  | [ANOMALY] Price spike detected: EURGBP-OTC 2026-07-28 23:00:00 change: 0.0005
2026-07-29 06:16:03,733 | WARNING  | [ANOMALY] Price spike detected: EURGBP 2026-07-28 13:30:00 change: 0.0001
2026-07-29 06:16:03,733 | WARNING  | [ANOMALY] Price spike detected: GBPUSD-OTC 2026-07-28 21:35:00 change: 0.0003
2026-07-29 06:16:03,733 | WARNING  | [ANOMALY] Price spike detected: EURUSD 2026-07-28 16:00:00 change: 0.0002
2026-07-29 06:16:03,733 | WARNING  | [ANOMALY] Price spike detected: EURGBP-OTC 2026-07-28 23:05:00 change: 0.0002
2026-07-29 06:16:03,733 | WARNING  | [ANOMALY] Price spike detected: EURGBP 2026-07-28 14:00:00 change: 0.0006
2026-07-29 06:16:03,733 | WARNING  | [ANOMALY] Price spike detected: GBPUSD-OTC 2026-07-28 21:40:00 change: 0.0005
2026-07-29 06:16:03,734 | WARNING  | [ANOMALY] Price spike detected: EURUSD 2026-07-28 16:15:00 change: 0.0002
2026-07-29 06:16:03,734 | WARNING  | [ANOMALY] Price spike detected: EURGBP-OTC 2026-07-28 23:10:00 change: 0.0008
2026-07-29 06:16:03,734 | WARNING  | [ANOMALY] Price spike detected: EURGBP 2026-07-28 14:15:00 change: 0.0003
2026-07-29 06:16:03,734 | WARNING  | [ANOMALY] Price spike detected: GBPUSD-OTC 2026-07-28 21:50:00 change: 0.0002
2026-07-29 06:16:03,734 | WARNING  | [ANOMALY] Price spike detected: EURUSD 2026-07-28 16:30:00 change: -0.0004
2026-07-29 06:16:03,735 | WARNING  | [ANOMALY] Price spike detected: EURGBP 2026-07-28 14:30:00 change: 0.0003
2026-07-29 06:16:03,735 | WARNING  | [ANOMALY] Price spike detected: GBPUSD-OTC 2026-07-28 21:55:00 change: 0.0007
2026-07-29 06:16:03,736 | WARNING  | [ANOMALY] Price spike detected: EURUSD 2026-07-28 16:45:00 change: -0.0004
2026-07-29 06:16:03,737 | WARNING  | [ANOMALY] Price spike detected: EURGBP 2026-07-28 14:45:00 change: 0.0008
2026-07-29 06:16:03,738 | WARNING  | [ANOMALY] Price spike detected: GBPUSD-OTC 2026-07-28 22:00:00 change: 0.0008
2026-07-29 06:16:03,738 | WARNING  | [ANOMALY] Price spike detected: EURUSD 2026-07-28 17:00:00 change: -0.0002
2026-07-29 06:16:03,739 | WARNING  | [ANOMALY] Price spike detected: EURGBP 2026-07-28 16:00:00 change: 0.0003
2026-07-29 06:16:03,739 | WARNING  | [ANOMALY] Price spike detected: GBPUSD-OTC 2026-07-28 22:05:00 change: -0.0003
2026-07-29 06:16:03,745 | WARNING  | [ANOMALY] Price spike detected: EURUSD 2026-07-28 17:15:00 change: -0.0001
2026-07-29 06:16:03,746 | WARNING  | [ANOMALY] Total anomalies detected: EURGBP-OTC 181
2026-07-29 06:16:03,746 | WARNING  | [ANOMALY] Price spike detected: EURGBP 2026-07-28 16:15:00 change: 0.0001
2026-07-29 06:16:03,746 | WARNING  | [ANOMALY] Price spike detected: GBPUSD-OTC 2026-07-28 22:10:00 change: -0.0003
2026-07-29 06:16:03,746 | WARNING  | [ANOMALY] Price spike detected: EURUSD 2026-07-28 17:30:00 change: -0.0001
2026-07-29 06:16:03,746 | ERROR    | [ANOMALY] Excessive anomalies threshold exceeded: 2275
2026-07-29 06:16:03,747 | WARNING  | [ANOMALY] Price spike detected: EURGBP 2026-07-28 16:30:00 change: -0.0002
2026-07-29 06:16:03,747 | WARNING  | [ANOMALY] Price spike detected: GBPUSD-OTC 2026-07-28 22:20:00 change: -0.0004
2026-07-29 06:16:03,747 | WARNING  | [ANOMALY] Price spike detected: EURUSD 2026-07-28 17:45:00 change: -0.0002
2026-07-29 06:16:03,748 | INFO     | [DataAdapter] M5 anomaly detection completed for EURGBP-OTC
2026-07-29 06:16:03,748 | WARNING  | [ANOMALY] Price spike detected: EURGBP 2026-07-28 16:45:00 change: -0.0001
2026-07-29 06:16:03,748 | WARNING  | [ANOMALY] Price spike detected: GBPUSD-OTC 2026-07-28 22:25:00 change: 0.0004
2026-07-29 06:16:03,748 | WARNING  | [ANOMALY] Price spike detected: EURUSD 2026-07-28 18:15:00 change: -0.0001
2026-07-29 06:16:03,748 | INFO     | [DataAdapter] M5 data refresh completed for EURGBP-OTC
2026-07-29 06:16:03,749 | WARNING  | [ANOMALY] Price spike detected: EURGBP 2026-07-28 17:30:00 change: 0.0002
2026-07-29 06:16:03,749 | WARNING  | [ANOMALY] Price spike detected: GBPUSD-OTC 2026-07-28 22:35:00 change: -0.0008
2026-07-29 06:16:03,749 | WARNING  | [ANOMALY] Price spike detected: EURUSD 2026-07-28 18:45:00 change: -0.0001
2026-07-29 06:16:03,749 | INFO     | [DataAdapter] Refreshing M15 data for EURGBP-OTC
2026-07-29 06:16:03,749 | WARNING  | [ANOMALY] Price spike detected: EURGBP 2026-07-28 18:00:00 change: 0.0001
2026-07-29 06:16:03,750 | WARNING  | [ANOMALY] Price spike detected: GBPUSD-OTC 2026-07-28 22:40:00 change: -0.0011
2026-07-29 06:16:03,750 | WARNING  | [ANOMALY] Price spike detected: EURUSD 2026-07-28 19:00:00 change: 0.0001
2026-07-29 06:16:03,752 | WARNING  | [ANOMALY] Price spike detected: EURGBP-OTC 2026-07-28 12:15:00 change: 0.0009
2026-07-29 06:16:03,752 | WARNING  | [ANOMALY] Price spike detected: EURGBP 2026-07-28 18:15:00 change: 0.0001
2026-07-29 06:16:03,752 | WARNING  | [ANOMALY] Price spike detected: GBPUSD-OTC 2026-07-28 22:45:00 change: 0.0008
2026-07-29 06:16:03,752 | WARNING  | [ANOMALY] Price spike detected: EURUSD 2026-07-28 19:30:00 change: 0.0001
2026-07-29 06:16:03,753 | WARNING  | [ANOMALY] Price spike detected: EURGBP-OTC 2026-07-28 12:45:00 change: -0.0008
2026-07-29 06:16:03,753 | WARNING  | [ANOMALY] Price spike detected: EURGBP 2026-07-28 18:30:00 change: -0.0002
2026-07-29 06:16:03,753 | WARNING  | [ANOMALY] Price spike detected: GBPUSD-OTC 2026-07-28 23:05:00 change: 0.0002
2026-07-29 06:16:03,753 | WARNING  | [ANOMALY] Price spike detected: EURUSD 2026-07-28 19:45:00 change: -0.0002
2026-07-29 06:16:03,753 | WARNING  | [ANOMALY] Price spike detected: EURGBP-OTC 2026-07-28 13:00:00 change: 0.0009
2026-07-29 06:16:03,753 | WARNING  | [ANOMALY] Price spike detected: EURGBP 2026-07-28 19:15:00 change: 0.0001
2026-07-29 06:16:03,754 | WARNING  | [ANOMALY] Price spike detected: GBPUSD-OTC 2026-07-28 23:10:00 change: -0.0005
2026-07-29 06:16:03,754 | WARNING  | [ANOMALY] Price spike detected: EURUSD 2026-07-28 20:00:00 change: 0.0001
2026-07-29 06:16:03,755 | WARNING  | [ANOMALY] Price spike detected: EURGBP-OTC 2026-07-28 13:15:00 change: -0.0004
2026-07-29 06:16:03,755 | WARNING  | [ANOMALY] Price spike detected: EURGBP 2026-07-28 19:45:00 change: 0.0000
2026-07-29 06:16:03,756 | WARNING  | [ANOMALY] Price spike detected: EURUSD 2026-07-28 20:15:00 change: -0.0002
2026-07-29 06:16:03,756 | WARNING  | [ANOMALY] Price spike detected: EURGBP-OTC 2026-07-28 13:45:00 change: 0.0010
2026-07-29 06:16:03,757 | WARNING  | [ANOMALY] Price spike detected: EURGBP 2026-07-28 20:00:00 change: -0.0001
2026-07-29 06:16:03,757 | WARNING  | [ANOMALY] Price spike detected: EURUSD 2026-07-28 20:30:00 change: 0.0001
2026-07-29 06:16:03,760 | WARNING  | [ANOMALY] Price spike detected: EURGBP-OTC 2026-07-28 14:00:00 change: -0.0010
2026-07-29 06:16:03,760 | WARNING  | [ANOMALY] Price spike detected: EURGBP 2026-07-28 20:30:00 change: 0.0000
2026-07-29 06:16:03,761 | WARNING  | [ANOMALY] Price spike detected: EURUSD 2026-07-28 20:45:00 change: -0.0001
2026-07-29 06:16:03,761 | WARNING  | [ANOMALY] Price spike detected: EURGBP-OTC 2026-07-28 14:15:00 change: 0.0007
2026-07-29 06:16:03,761 | WARNING  | [ANOMALY] Price spike detected: EURGBP 2026-07-28 20:45:00 change: -0.0001
2026-07-29 06:16:03,763 | WARNING  | [ANOMALY] Price spike detected: EURUSD 2026-07-28 21:00:00 change: 0.0004
2026-07-29 06:16:03,768 | WARNING  | [ANOMALY] Total anomalies detected: GBPUSD-OTC 196
2026-07-29 06:16:03,768 | WARNING  | [ANOMALY] Price spike detected: EURGBP-OTC 2026-07-28 14:30:00 change: 0.0009
2026-07-29 06:16:03,768 | WARNING  | [ANOMALY] Price spike detected: EURGBP 2026-07-28 21:00:00 change: 0.0001
2026-07-29 06:16:03,769 | WARNING  | [ANOMALY] Price spike detected: EURGBP 2026-07-28 21:30:00 change: 0.0001
2026-07-29 06:16:03,769 | WARNING  | [ANOMALY] Price spike detected: EURUSD 2026-07-28 21:30:00 change: 0.0001
2026-07-29 06:16:03,769 | WARNING  | [ANOMALY] Price spike detected: EURGBP-OTC 2026-07-28 14:45:00 change: 0.0004
2026-07-29 06:16:03,770 | WARNING  | [ANOMALY] Price spike detected: EURGBP 2026-07-28 22:00:00 change: -0.0000
2026-07-29 06:16:03,769 | ERROR    | [ANOMALY] Excessive anomalies threshold exceeded: 2310
2026-07-29 06:16:03,770 | WARNING  | [ANOMALY] Price spike detected: EURUSD 2026-07-28 21:45:00 change: -0.0002
2026-07-29 06:16:03,770 | WARNING  | [ANOMALY] Price spike detected: EURGBP-OTC 2026-07-28 15:00:00 change: -0.0013
2026-07-29 06:16:03,770 | WARNING  | [ANOMALY] Price spike detected: EURGBP 2026-07-28 22:30:00 change: 0.0001
2026-07-29 06:16:03,770 | INFO     | [DataAdapter] M5 anomaly detection completed for GBPUSD-OTC
2026-07-29 06:16:03,770 | WARNING  | [ANOMALY] Price spike detected: EURUSD 2026-07-28 22:00:00 change: -0.0002
2026-07-29 06:16:03,771 | WARNING  | [ANOMALY] Price spike detected: EURGBP-OTC 2026-07-28 15:15:00 change: -0.0011
2026-07-29 06:16:03,771 | WARNING  | [ANOMALY] Price spike detected: EURGBP 2026-07-28 22:45:00 change: -0.0000
2026-07-29 06:16:03,771 | INFO     | [DataAdapter] M5 data refresh completed for GBPUSD-OTC
2026-07-29 06:16:03,772 | INFO     | [DataAdapter] Refreshing M15 data for GBPUSD-OTC
2026-07-29 06:16:03,771 | WARNING  | [ANOMALY] Price spike detected: EURUSD 2026-07-28 22:15:00 change: -0.0003
2026-07-29 06:16:03,772 | WARNING  | [ANOMALY] Price spike detected: EURGBP 2026-07-28 23:00:00 change: -0.0000
2026-07-29 06:16:03,772 | WARNING  | [ANOMALY] Price spike detected: EURGBP-OTC 2026-07-28 16:15:00 change: -0.0011
2026-07-29 06:16:03,776 | WARNING  | [ANOMALY] Price spike detected: GBPUSD-OTC 2026-07-28 12:15:00 change: 0.0009
2026-07-29 06:16:03,776 | WARNING  | [ANOMALY] Price spike detected: EURUSD 2026-07-28 23:00:00 change: -0.0001
2026-07-29 06:16:03,778 | WARNING  | [ANOMALY] Price spike detected: EURGBP-OTC 2026-07-28 16:30:00 change: -0.0008
2026-07-29 06:16:03,778 | WARNING  | [ANOMALY] Price spike detected: GBPUSD-OTC 2026-07-28 12:30:00 change: 0.0008
2026-07-29 06:16:03,781 | WARNING  | [ANOMALY] Price spike detected: EURGBP-OTC 2026-07-28 16:45:00 change: -0.0014
2026-07-29 06:16:03,781 | WARNING  | [ANOMALY] Price spike detected: GBPUSD-OTC 2026-07-28 12:45:00 change: -0.0024
2026-07-29 06:16:03,785 | WARNING  | [ANOMALY] Price spike detected: EURGBP-OTC 2026-07-28 17:00:00 change: 0.0004
2026-07-29 06:16:03,789 | WARNING  | [ANOMALY] Total anomalies detected: EURGBP 28
2026-07-29 06:16:03,790 | WARNING  | [ANOMALY] Price spike detected: GBPUSD-OTC 2026-07-28 13:00:00 change: 0.0018
2026-07-29 06:16:03,790 | WARNING  | [ANOMALY] Price spike detected: EURGBP-OTC 2026-07-28 17:15:00 change: 0.0009
2026-07-29 06:16:03,796 | WARNING  | [ANOMALY] Total anomalies detected: EURUSD 37
2026-07-29 06:16:03,796 | ERROR    | [ANOMALY] Excessive anomalies threshold exceeded: 2341
2026-07-29 06:16:03,796 | WARNING  | [ANOMALY] Price spike detected: GBPUSD-OTC 2026-07-28 13:15:00 change: 0.0006
2026-07-29 06:16:03,796 | WARNING  | [ANOMALY] Price spike detected: EURGBP-OTC 2026-07-28 17:30:00 change: 0.0006
2026-07-29 06:16:03,796 | ERROR    | [ANOMALY] Excessive anomalies threshold exceeded: 2341
2026-07-29 06:16:03,796 | INFO     | [DataAdapter] M15 anomaly detection completed for EURGBP
2026-07-29 06:16:03,797 | WARNING  | [ANOMALY] Price spike detected: GBPUSD-OTC 2026-07-28 13:30:00 change: 0.0023
2026-07-29 06:16:03,797 | WARNING  | [ANOMALY] Price spike detected: EURGBP-OTC 2026-07-28 17:45:00 change: 0.0019
2026-07-29 06:16:03,797 | INFO     | [DataAdapter] M15 anomaly detection completed for EURUSD
2026-07-29 06:16:03,797 | INFO     | [DataAdapter] M15 data refresh completed for EURGBP
2026-07-29 06:16:03,797 | WARNING  | [ANOMALY] Price spike detected: GBPUSD-OTC 2026-07-28 14:00:00 change: 0.0018
2026-07-29 06:16:03,797 | WARNING  | [ANOMALY] Price spike detected: EURGBP-OTC 2026-07-28 18:00:00 change: 0.0006
2026-07-29 06:16:03,798 | INFO     | [DataAdapter] M15 data refresh completed for EURUSD
2026-07-29 06:16:03,798 | INFO     | [DataAdapter] Anomaly statistics for EURGBP: {'total_calls': 8, 'response_times': [0.8445141315460205, 1.0909359455108643, 0.9525554180145264, 0.963559627532959, 0.9220683574676514, 0.715965986251831, 0.4042336940765381, 0.10851430892944336], 'spike_count': 2341, 'zero_volume_count': 0, 'impossible_candle_count': 0, 'consecutive_anomalies': 2341, 'avg_response_time': np.float64(0.7502934336662292), 'max_response_time': np.float64(1.0909359455108643), 'min_response_time': np.float64(0.10851430892944336)}
2026-07-29 06:16:03,798 | WARNING  | [ANOMALY] Price spike detected: GBPUSD-OTC 2026-07-28 14:15:00 change: -0.0011
2026-07-29 06:16:03,798 | WARNING  | [ANOMALY] Price spike detected: EURGBP-OTC 2026-07-28 18:15:00 change: 0.0006
2026-07-29 06:16:03,799 | INFO     | [DataAdapter] Anomaly statistics for EURUSD: {'total_calls': 8, 'response_times': [0.8445141315460205, 1.0909359455108643, 0.9525554180145264, 0.963559627532959, 0.9220683574676514, 0.715965986251831, 0.4042336940765381, 0.10851430892944336], 'spike_count': 2341, 'zero_volume_count': 0, 'impossible_candle_count': 0, 'consecutive_anomalies': 2341, 'avg_response_time': np.float64(0.7502934336662292), 'max_response_time': np.float64(1.0909359455108643), 'min_response_time': np.float64(0.10851430892944336)}
2026-07-29 06:16:03,799 | WARNING  | [ANOMALY] Price spike detected: GBPUSD-OTC 2026-07-28 14:30:00 change: 0.0016
2026-07-29 06:16:03,799 | WARNING  | [ANOMALY] Price spike detected: EURGBP-OTC 2026-07-28 18:30:00 change: 0.0012
2026-07-29 06:16:03,799 | WARNING  | [ANOMALY] Price spike detected: GBPUSD-OTC 2026-07-28 15:00:00 change: -0.0005
2026-07-29 06:16:03,800 | WARNING  | [ANOMALY] Price spike detected: EURGBP-OTC 2026-07-28 18:45:00 change: -0.0008
2026-07-29 06:16:03,800 | WARNING  | [ANOMALY] Price spike detected: GBPUSD-OTC 2026-07-28 15:30:00 change: -0.0008
2026-07-29 06:16:03,800 | WARNING  | [ANOMALY] Price spike detected: EURGBP-OTC 2026-07-28 19:30:00 change: -0.0011
2026-07-29 06:16:03,800 | WARNING  | [ANOMALY] Price spike detected: GBPUSD-OTC 2026-07-28 15:45:00 change: -0.0013
2026-07-29 06:16:03,801 | WARNING  | [ANOMALY] Price spike detected: EURGBP-OTC 2026-07-28 20:00:00 change: 0.0004
2026-07-29 06:16:03,801 | WARNING  | [ANOMALY] Price spike detected: GBPUSD-OTC 2026-07-28 16:15:00 change: -0.0014
2026-07-29 06:16:03,801 | WARNING  | [ANOMALY] Price spike detected: EURGBP-OTC 2026-07-28 20:15:00 change: -0.0004
2026-07-29 06:16:03,801 | WARNING  | [ANOMALY] Price spike detected: GBPUSD-OTC 2026-07-28 16:30:00 change: -0.0008
2026-07-29 06:16:03,801 | WARNING  | [ANOMALY] Price spike detected: EURGBP-OTC 2026-07-28 20:30:00 change: 0.0004
2026-07-29 06:16:03,801 | WARNING  | [ANOMALY] Price spike detected: GBPUSD-OTC 2026-07-28 16:45:00 change: 0.0009
2026-07-29 06:16:03,803 | WARNING  | [ANOMALY] Price spike detected: EURGBP-OTC 2026-07-28 20:45:00 change: 0.0007
2026-07-29 06:16:03,803 | WARNING  | [ANOMALY] Price spike detected: GBPUSD-OTC 2026-07-28 17:00:00 change: 0.0012
2026-07-29 06:16:03,803 | WARNING  | [ANOMALY] Price spike detected: EURGBP-OTC 2026-07-28 21:00:00 change: -0.0007
2026-07-29 06:16:03,803 | WARNING  | [ANOMALY] Price spike detected: GBPUSD-OTC 2026-07-28 17:15:00 change: 0.0008
2026-07-29 06:16:03,803 | WARNING  | [ANOMALY] Price spike detected: EURGBP-OTC 2026-07-28 21:15:00 change: -0.0004
2026-07-29 06:16:03,803 | WARNING  | [ANOMALY] Price spike detected: GBPUSD-OTC 2026-07-28 17:45:00 change: 0.0007
2026-07-29 06:16:03,804 | WARNING  | [ANOMALY] Price spike detected: EURGBP-OTC 2026-07-28 21:30:00 change: -0.0006
2026-07-29 06:16:03,804 | WARNING  | [ANOMALY] Price spike detected: GBPUSD-OTC 2026-07-28 18:00:00 change: -0.0018
2026-07-29 06:16:03,804 | WARNING  | [ANOMALY] Price spike detected: EURGBP-OTC 2026-07-28 22:00:00 change: 0.0010
2026-07-29 06:16:03,804 | WARNING  | [ANOMALY] Price spike detected: GBPUSD-OTC 2026-07-28 18:15:00 change: -0.0013
2026-07-29 06:16:03,804 | WARNING  | [ANOMALY] Price spike detected: EURGBP-OTC 2026-07-28 22:15:00 change: -0.0003
2026-07-29 06:16:03,805 | WARNING  | [ANOMALY] Price spike detected: GBPUSD-OTC 2026-07-28 18:45:00 change: 0.0026
2026-07-29 06:16:03,805 | WARNING  | [ANOMALY] Price spike detected: EURGBP-OTC 2026-07-28 22:30:00 change: -0.0010
2026-07-29 06:16:03,805 | WARNING  | [ANOMALY] Price spike detected: GBPUSD-OTC 2026-07-28 19:00:00 change: -0.0006
2026-07-29 06:16:03,805 | WARNING  | [ANOMALY] Price spike detected: EURGBP-OTC 2026-07-28 22:45:00 change: -0.0002
2026-07-29 06:16:03,805 | WARNING  | [ANOMALY] Price spike detected: GBPUSD-OTC 2026-07-28 19:30:00 change: -0.0011
2026-07-29 06:16:03,806 | WARNING  | [ANOMALY] Price spike detected: EURGBP-OTC 2026-07-28 23:00:00 change: 0.0015
2026-07-29 06:16:03,806 | WARNING  | [ANOMALY] Price spike detected: GBPUSD-OTC 2026-07-28 19:45:00 change: -0.0007
2026-07-29 06:16:03,808 | WARNING  | [ANOMALY] Price spike detected: GBPUSD-OTC 2026-07-28 20:15:00 change: -0.0014
2026-07-29 06:16:03,808 | WARNING  | [ANOMALY] Price spike detected: GBPUSD-OTC 2026-07-28 20:30:00 change: 0.0017
2026-07-29 06:16:03,808 | WARNING  | [ANOMALY] Price spike detected: GBPUSD-OTC 2026-07-28 20:45:00 change: 0.0016
2026-07-29 06:16:03,809 | WARNING  | [ANOMALY] Price spike detected: GBPUSD-OTC 2026-07-28 21:00:00 change: -0.0006
2026-07-29 06:16:03,809 | WARNING  | [ANOMALY] Price spike detected: GBPUSD-OTC 2026-07-28 21:45:00 change: 0.0009
2026-07-29 06:16:03,810 | WARNING  | [ANOMALY] Price spike detected: GBPUSD-OTC 2026-07-28 22:30:00 change: -0.0020
2026-07-29 06:16:03,811 | WARNING  | [ANOMALY] Price spike detected: GBPUSD-OTC 2026-07-28 22:45:00 change: 0.0010
2026-07-29 06:16:03,814 | WARNING  | [ANOMALY] Total anomalies detected: EURGBP-OTC 35
2026-07-29 06:16:03,814 | INFO     | [CSVWriter] Successfully wrote 379 rows to data_base/csv/iq_option\EURUSD\EURUSD_M1.csv
2026-07-29 06:16:03,814 | ERROR    | [ANOMALY] Excessive anomalies threshold exceeded: 2341
2026-07-29 06:16:03,815 | INFO     | [CSVQueue] Successfully processed write for data_base/csv/iq_option\EURUSD\EURUSD_M1.csv
2026-07-29 06:16:03,816 | INFO     | [DataAdapter] M15 anomaly detection completed for EURGBP-OTC
2026-07-29 06:16:03,816 | INFO     | [CSVQueue] Processing write for data_base/csv/iq_option\EURGBP\EURGBP_M1.csv
2026-07-29 06:16:03,818 | INFO     | [DataAdapter] M15 data refresh completed for EURGBP-OTC
2026-07-29 06:16:03,821 | WARNING  | [ANOMALY] Total anomalies detected: GBPUSD-OTC 31
2026-07-29 06:16:03,822 | INFO     | [DataAdapter] Anomaly statistics for EURGBP-OTC: {'total_calls': 8, 'response_times': [0.8445141315460205, 1.0909359455108643, 0.9525554180145264, 0.963559627532959, 0.9220683574676514, 0.715965986251831, 0.4042336940765381, 0.10851430892944336], 'spike_count': 2341, 'zero_volume_count': 0, 'impossible_candle_count': 0, 'consecutive_anomalies': 2341, 'avg_response_time': np.float64(0.7502934336662292), 'max_response_time': np.float64(1.0909359455108643), 'min_response_time': np.float64(0.10851430892944336)}
2026-07-29 06:16:03,822 | ERROR    | [ANOMALY] Excessive anomalies threshold exceeded: 2341
2026-07-29 06:16:03,822 | INFO     | [CSVWriter] Writing 100 rows to data_base/csv/iq_option\EURGBP\EURGBP_M1.csv
2026-07-29 06:16:03,822 | INFO     | [DataAdapter] M15 anomaly detection completed for GBPUSD-OTC
2026-07-29 06:16:03,824 | INFO     | [DataAdapter] M15 data refresh completed for GBPUSD-OTC
2026-07-29 06:16:03,825 | INFO     | [DataAdapter] Anomaly statistics for GBPUSD-OTC: {'total_calls': 8, 'response_times': [0.8445141315460205, 1.0909359455108643, 0.9525554180145264, 0.963559627532959, 0.9220683574676514, 0.715965986251831, 0.4042336940765381, 0.10851430892944336], 'spike_count': 2341, 'zero_volume_count': 0, 'impossible_candle_count': 0, 'consecutive_anomalies': 2341, 'avg_response_time': np.float64(0.7502934336662292), 'max_response_time': np.float64(1.0909359455108643), 'min_response_time': np.float64(0.10851430892944336)}
2026-07-29 06:16:03,834 | WARNING  | [CSVWriter] os.replace failed (attempt 1/5) for data_base/csv/iq_option\EURGBP\EURGBP_M1.csv: [WinError 5] Access is denied: 'data_base/csv/iq_option\\EURGBP\\EURGBP_M1.csv.12928.tmp' -> 'data_base/csv/iq_option\\EURGBP\\EURGBP_M1.csv'. Retrying in 0.10s...
2026-07-29 06:16:03,956 | WARNING  | [CSVWriter] os.replace failed (attempt 2/5) for data_base/csv/iq_option\EURGBP\EURGBP_M1.csv: [WinError 5] Access is denied: 'data_base/csv/iq_option\\EURGBP\\EURGBP_M1.csv.12928.tmp' -> 'data_base/csv/iq_option\\EURGBP\\EURGBP_M1.csv'. Retrying in 0.20s...
2026-07-29 06:16:03,972 | ERROR    | [AnomalyDetector] Error during analysis: 'AnomalyDetector' object has no attribute 'analyze'
Traceback (most recent call last):
  File "E:\BOT_FINALBOT\FINALBOT_Begin\data_evaluate\orchestrator.py", line 689, in _run_supplementary_engines
    anom_res = self.anomaly_detector.analyze(df_m5)
               ^^^^^^^^^^^^^^^^^^^^^^^^^^^^^
AttributeError: 'AnomalyDetector' object has no attribute 'analyze'
2026-07-29 06:16:03,973 | ERROR    | Error running supplementary engines for EURUSD: 'AnomalyDetector' object has no attribute 'analyze'
Traceback (most recent call last):
  File "E:\BOT_FINALBOT\FINALBOT_Begin\data_evaluate\orchestrator.py", line 296, in process_cycle
    supp_engines = self._run_supplementary_engines(
                   ^^^^^^^^^^^^^^^^^^^^^^^^^^^^^^^^
  File "E:\BOT_FINALBOT\FINALBOT_Begin\data_evaluate\orchestrator.py", line 689, in _run_supplementary_engines
    anom_res = self.anomaly_detector.analyze(df_m5)
               ^^^^^^^^^^^^^^^^^^^^^^^^^^^^^
AttributeError: 'AnomalyDetector' object has no attribute 'analyze'
2026-07-29 06:16:03,975 | ERROR    | Orchestrator failed for EURUSD
Traceback (most recent call last):
  File "E:\BOT_FINALBOT\FINALBOT_Begin\runner.py", line 240, in run_cycle
    self.orchestrator.process_cycle(sym)
  File "E:\BOT_FINALBOT\FINALBOT_Begin\data_evaluate\orchestrator.py", line 296, in process_cycle
    supp_engines = self._run_supplementary_engines(
                   ^^^^^^^^^^^^^^^^^^^^^^^^^^^^^^^^
  File "E:\BOT_FINALBOT\FINALBOT_Begin\data_evaluate\orchestrator.py", line 689, in _run_supplementary_engines
    anom_res = self.anomaly_detector.analyze(df_m5)
               ^^^^^^^^^^^^^^^^^^^^^^^^^^^^^
AttributeError: 'AnomalyDetector' object has no attribute 'analyze'
2026-07-29 06:16:04,169 | INFO     | [CSVWriter] Successfully wrote 379 rows to data_base/csv/iq_option\EURGBP\EURGBP_M1.csv
2026-07-29 06:16:04,170 | INFO     | [CSVQueue] Successfully processed write for data_base/csv/iq_option\EURGBP\EURGBP_M1.csv
2026-07-29 06:16:04,170 | INFO     | [CSVQueue] Processing write for data_base/csv/iq_option\GBPUSD-OTC\GBPUSD-OTC_M1.csv
2026-07-29 06:16:04,170 | INFO     | [CSVWriter] Writing 100 rows to data_base/csv/iq_option\GBPUSD-OTC\GBPUSD-OTC_M1.csv
2026-07-29 06:16:04,183 | WARNING  | [CSVWriter] os.replace failed (attempt 1/5) for data_base/csv/iq_option\GBPUSD-OTC\GBPUSD-OTC_M1.csv: [WinError 5] Access is denied: 'data_base/csv/iq_option\\GBPUSD-OTC\\GBPUSD-OTC_M1.csv.12928.tmp' -> 'data_base/csv/iq_option\\GBPUSD-OTC\\GBPUSD-OTC_M1.csv'. Retrying in 0.10s...
2026-07-29 06:16:04,300 | WARNING  | [CSVWriter] os.replace failed (attempt 2/5) for data_base/csv/iq_option\GBPUSD-OTC\GBPUSD-OTC_M1.csv: [WinError 5] Access is denied: 'data_base/csv/iq_option\\GBPUSD-OTC\\GBPUSD-OTC_M1.csv.12928.tmp' -> 'data_base/csv/iq_option\\GBPUSD-OTC\\GBPUSD-OTC_M1.csv'. Retrying in 0.20s...
2026-07-29 06:16:04,303 | ERROR    | [AnomalyDetector] Error during analysis: 'AnomalyDetector' object has no attribute 'analyze'
Traceback (most recent call last):
  File "E:\BOT_FINALBOT\FINALBOT_Begin\data_evaluate\orchestrator.py", line 689, in _run_supplementary_engines
    anom_res = self.anomaly_detector.analyze(df_m5)
               ^^^^^^^^^^^^^^^^^^^^^^^^^^^^^
AttributeError: 'AnomalyDetector' object has no attribute 'analyze'
2026-07-29 06:16:04,304 | ERROR    | Error running supplementary engines for EURGBP: 'AnomalyDetector' object has no attribute 'analyze'
Traceback (most recent call last):
  File "E:\BOT_FINALBOT\FINALBOT_Begin\data_evaluate\orchestrator.py", line 296, in process_cycle
    supp_engines = self._run_supplementary_engines(
                   ^^^^^^^^^^^^^^^^^^^^^^^^^^^^^^^^
  File "E:\BOT_FINALBOT\FINALBOT_Begin\data_evaluate\orchestrator.py", line 689, in _run_supplementary_engines
    anom_res = self.anomaly_detector.analyze(df_m5)
               ^^^^^^^^^^^^^^^^^^^^^^^^^^^^^
AttributeError: 'AnomalyDetector' object has no attribute 'analyze'
2026-07-29 06:16:04,306 | ERROR    | Orchestrator failed for EURGBP
Traceback (most recent call last):
  File "E:\BOT_FINALBOT\FINALBOT_Begin\runner.py", line 240, in run_cycle
    self.orchestrator.process_cycle(sym)
  File "E:\BOT_FINALBOT\FINALBOT_Begin\data_evaluate\orchestrator.py", line 296, in process_cycle
    supp_engines = self._run_supplementary_engines(
                   ^^^^^^^^^^^^^^^^^^^^^^^^^^^^^^^^
  File "E:\BOT_FINALBOT\FINALBOT_Begin\data_evaluate\orchestrator.py", line 689, in _run_supplementary_engines
    anom_res = self.anomaly_detector.analyze(df_m5)
               ^^^^^^^^^^^^^^^^^^^^^^^^^^^^^
AttributeError: 'AnomalyDetector' object has no attribute 'analyze'
2026-07-29 06:16:04,503 | INFO     | [CSVWriter] Successfully wrote 379 rows to data_base/csv/iq_option\GBPUSD-OTC\GBPUSD-OTC_M1.csv
2026-07-29 06:16:04,503 | INFO     | [CSVQueue] Successfully processed write for data_base/csv/iq_option\GBPUSD-OTC\GBPUSD-OTC_M1.csv
2026-07-29 06:16:04,503 | INFO     | [CSVQueue] Processing write for data_base/csv/iq_option\EURGBP-OTC\EURGBP-OTC_M1.csv
2026-07-29 06:16:04,504 | INFO     | [CSVWriter] Writing 100 rows to data_base/csv/iq_option\EURGBP-OTC\EURGBP-OTC_M1.csv
2026-07-29 06:16:04,519 | INFO     | [CSVWriter] Successfully wrote 379 rows to data_base/csv/iq_option\EURGBP-OTC\EURGBP-OTC_M1.csv
2026-07-29 06:16:04,519 | INFO     | [CSVQueue] Successfully processed write for data_base/csv/iq_option\EURGBP-OTC\EURGBP-OTC_M1.csv
2026-07-29 06:16:04,519 | INFO     | [CSVQueue] Queue size: 0
2026-07-29 06:16:04,620 | ERROR    | [AnomalyDetector] Error during analysis: 'AnomalyDetector' object has no attribute 'analyze'
Traceback (most recent call last):
  File "E:\BOT_FINALBOT\FINALBOT_Begin\data_evaluate\orchestrator.py", line 689, in _run_supplementary_engines
    anom_res = self.anomaly_detector.analyze(df_m5)
               ^^^^^^^^^^^^^^^^^^^^^^^^^^^^^
AttributeError: 'AnomalyDetector' object has no attribute 'analyze'
2026-07-29 06:16:04,621 | ERROR    | Error running supplementary engines for GBPUSD-OTC: 'AnomalyDetector' object has no attribute 'analyze'
Traceback (most recent call last):
  File "E:\BOT_FINALBOT\FINALBOT_Begin\data_evaluate\orchestrator.py", line 296, in process_cycle
    supp_engines = self._run_supplementary_engines(
                   ^^^^^^^^^^^^^^^^^^^^^^^^^^^^^^^^
  File "E:\BOT_FINALBOT\FINALBOT_Begin\data_evaluate\orchestrator.py", line 689, in _run_supplementary_engines
    anom_res = self.anomaly_detector.analyze(df_m5)
               ^^^^^^^^^^^^^^^^^^^^^^^^^^^^^
AttributeError: 'AnomalyDetector' object has no attribute 'analyze'
2026-07-29 06:16:04,623 | ERROR    | Orchestrator failed for GBPUSD-OTC
Traceback (most recent call last):
  File "E:\BOT_FINALBOT\FINALBOT_Begin\runner.py", line 240, in run_cycle
    self.orchestrator.process_cycle(sym)
  File "E:\BOT_FINALBOT\FINALBOT_Begin\data_evaluate\orchestrator.py", line 296, in process_cycle
    supp_engines = self._run_supplementary_engines(
                   ^^^^^^^^^^^^^^^^^^^^^^^^^^^^^^^^
  File "E:\BOT_FINALBOT\FINALBOT_Begin\data_evaluate\orchestrator.py", line 689, in _run_supplementary_engines
    anom_res = self.anomaly_detector.analyze(df_m5)
               ^^^^^^^^^^^^^^^^^^^^^^^^^^^^^
AttributeError: 'AnomalyDetector' object has no attribute 'analyze'
2026-07-29 06:16:04,723 | ERROR    | [AnomalyDetector] Error during analysis: 'AnomalyDetector' object has no attribute 'analyze'
Traceback (most recent call last):
  File "E:\BOT_FINALBOT\FINALBOT_Begin\data_evaluate\orchestrator.py", line 689, in _run_supplementary_engines
    anom_res = self.anomaly_detector.analyze(df_m5)
               ^^^^^^^^^^^^^^^^^^^^^^^^^^^^^
AttributeError: 'AnomalyDetector' object has no attribute 'analyze'
2026-07-29 06:16:04,724 | ERROR    | Error running supplementary engines for EURGBP-OTC: 'AnomalyDetector' object has no attribute 'analyze'
Traceback (most recent call last):
  File "E:\BOT_FINALBOT\FINALBOT_Begin\data_evaluate\orchestrator.py", line 296, in process_cycle
    supp_engines = self._run_supplementary_engines(
                   ^^^^^^^^^^^^^^^^^^^^^^^^^^^^^^^^
  File "E:\BOT_FINALBOT\FINALBOT_Begin\data_evaluate\orchestrator.py", line 689, in _run_supplementary_engines
    anom_res = self.anomaly_detector.analyze(df_m5)
               ^^^^^^^^^^^^^^^^^^^^^^^^^^^^^
AttributeError: 'AnomalyDetector' object has no attribute 'analyze'
2026-07-29 06:16:04,726 | ERROR    | Orchestrator failed for EURGBP-OTC
Traceback (most recent call last):
  File "E:\BOT_FINALBOT\FINALBOT_Begin\runner.py", line 240, in run_cycle
    self.orchestrator.process_cycle(sym)
  File "E:\BOT_FINALBOT\FINALBOT_Begin\data_evaluate\orchestrator.py", line 296, in process_cycle
    supp_engines = self._run_supplementary_engines(
                   ^^^^^^^^^^^^^^^^^^^^^^^^^^^^^^^^
  File "E:\BOT_FINALBOT\FINALBOT_Begin\data_evaluate\orchestrator.py", line 689, in _run_supplementary_engines
    anom_res = self.anomaly_detector.analyze(df_m5)
               ^^^^^^^^^^^^^^^^^^^^^^^^^^^^^
AttributeError: 'AnomalyDetector' object has no attribute 'analyze'
2026-07-29 06:16:04,728 | INFO     | [EURUSD:1.13841][EURGBP:0.85699][GBPUSD-OTC:1.33391][EURGBP-OTC:0.85083] :: TOTAL=$1453.95
2026-07-29 06:16:30,787 | INFO     | [TIME SYNC] Server time offset: -2.178999900817871 seconds
2026-07-29 06:16:30,787 | INFO     | Time Sync : -2.179s
2026-07-29 06:17:01,999 | INFO     | [DataAdapter] Starting update for EURUSD
2026-07-29 06:17:02,000 | INFO     | [DataAdapter] Refreshing M1 data for EURUSD
2026-07-29 06:17:02,000 | INFO     | [DataAdapter] Starting update for EURGBP
2026-07-29 06:17:02,000 | INFO     | [DataAdapter] Starting update for GBPUSD-OTC
2026-07-29 06:17:02,000 | INFO     | [DataAdapter] Refreshing M1 data for EURGBP
2026-07-29 06:17:02,000 | INFO     | [DataAdapter] Refreshing M1 data for GBPUSD-OTC
2026-07-29 06:17:02,000 | INFO     | [DataAdapter] Starting update for EURGBP-OTC
2026-07-29 06:17:02,030 | INFO     | [DataAdapter] Refreshing M1 data for EURGBP-OTC
2026-07-29 06:17:02,262 | INFO     | [IQOPTION] REST fetch succeeded for EURUSD: 3 candles
2026-07-29 06:17:02,369 | WARNING  | [ANOMALY] Price spike detected: EURUSD 2026-07-28 21:42:00 change: -0.0000
2026-07-29 06:17:02,370 | WARNING  | [ANOMALY] Price spike detected: EURUSD 2026-07-28 21:43:00 change: -0.0000
2026-07-29 06:17:02,385 | WARNING  | [ANOMALY] Price spike detected: EURUSD 2026-07-28 21:44:00 change: 0.0001
2026-07-29 06:17:02,385 | WARNING  | [ANOMALY] Price spike detected: EURUSD 2026-07-28 21:45:00 change: -0.0002
2026-07-29 06:17:02,399 | WARNING  | [ANOMALY] Price spike detected: EURUSD 2026-07-28 21:46:00 change: 0.0001
2026-07-29 06:17:02,414 | WARNING  | [ANOMALY] Price spike detected: EURUSD 2026-07-28 21:47:00 change: -0.0001
2026-07-29 06:17:02,414 | WARNING  | [ANOMALY] Price spike detected: EURUSD 2026-07-28 21:48:00 change: 0.0001
2026-07-29 06:17:02,415 | WARNING  | [ANOMALY] Price spike detected: EURUSD 2026-07-28 21:50:00 change: -0.0001
2026-07-29 06:17:02,430 | WARNING  | [ANOMALY] Price spike detected: EURUSD 2026-07-28 21:52:00 change: 0.0000
2026-07-29 06:17:02,445 | WARNING  | [ANOMALY] Price spike detected: EURUSD 2026-07-28 21:54:00 change: -0.0000
2026-07-29 06:17:02,460 | WARNING  | [ANOMALY] Price spike detected: EURUSD 2026-07-28 21:57:00 change: -0.0001
2026-07-29 06:17:02,461 | WARNING  | [ANOMALY] Price spike detected: EURUSD 2026-07-28 22:00:00 change: -0.0001
2026-07-29 06:17:02,475 | WARNING  | [ANOMALY] Price spike detected: EURUSD 2026-07-28 22:01:00 change: 0.0000
2026-07-29 06:17:02,492 | WARNING  | [ANOMALY] Price spike detected: EURUSD 2026-07-28 22:05:00 change: 0.0000
2026-07-29 06:17:02,506 | INFO     | [IQOPTION] REST fetch succeeded for EURGBP: 3 candles
2026-07-29 06:17:02,507 | WARNING  | [ANOMALY] Price spike detected: EURUSD 2026-07-28 22:06:00 change: -0.0001
2026-07-29 06:17:02,584 | WARNING  | [ANOMALY] Price spike detected: EURUSD 2026-07-28 22:09:00 change: 0.0000
2026-07-29 06:17:02,589 | WARNING  | [ANOMALY] Price spike detected: EURGBP 2026-07-28 21:42:00 change: -0.0000
2026-07-29 06:17:02,589 | WARNING  | [ANOMALY] Price spike detected: EURUSD 2026-07-28 22:12:00 change: 0.0000
2026-07-29 06:17:02,631 | WARNING  | [ANOMALY] Price spike detected: EURGBP 2026-07-28 21:44:00 change: 0.0000
2026-07-29 06:17:02,678 | WARNING  | [ANOMALY] Price spike detected: EURUSD 2026-07-28 22:13:00 change: -0.0002
2026-07-29 06:17:02,724 | WARNING  | [ANOMALY] Price spike detected: EURGBP 2026-07-28 21:45:00 change: -0.0001
2026-07-29 06:17:02,755 | INFO     | [IQOPTION] REST fetch succeeded for GBPUSD-OTC: 3 candles
2026-07-29 06:17:02,756 | WARNING  | [ANOMALY] Price spike detected: EURUSD 2026-07-28 22:14:00 change: -0.0001
2026-07-29 06:17:02,770 | WARNING  | [ANOMALY] Price spike detected: EURGBP 2026-07-28 21:46:00 change: 0.0001
2026-07-29 06:17:02,826 | WARNING  | [ANOMALY] Price spike detected: GBPUSD-OTC 2026-07-28 21:43:00 change: -0.0001
2026-07-29 06:17:02,834 | WARNING  | [ANOMALY] Price spike detected: GBPUSD-OTC 2026-07-28 21:46:00 change: -0.0003
2026-07-29 06:17:02,834 | WARNING  | [ANOMALY] Price spike detected: EURGBP 2026-07-28 21:47:00 change: -0.0001
2026-07-29 06:17:02,834 | WARNING  | [ANOMALY] Price spike detected: EURUSD 2026-07-28 22:15:00 change: 0.0001
2026-07-29 06:17:02,834 | WARNING  | [ANOMALY] Price spike detected: GBPUSD-OTC 2026-07-28 21:47:00 change: 0.0003
2026-07-29 06:17:02,835 | WARNING  | [ANOMALY] Price spike detected: EURGBP 2026-07-28 21:48:00 change: 0.0001
2026-07-29 06:17:02,849 | WARNING  | [ANOMALY] Price spike detected: EURUSD 2026-07-28 22:16:00 change: -0.0001
2026-07-29 06:17:02,896 | WARNING  | [ANOMALY] Price spike detected: GBPUSD-OTC 2026-07-28 21:48:00 change: -0.0001
2026-07-29 06:17:02,912 | WARNING  | [ANOMALY] Price spike detected: EURGBP 2026-07-28 21:50:00 change: -0.0001
2026-07-29 06:17:02,959 | WARNING  | [ANOMALY] Price spike detected: EURUSD 2026-07-28 22:18:00 change: -0.0000
2026-07-29 06:17:02,990 | WARNING  | [ANOMALY] Price spike detected: GBPUSD-OTC 2026-07-28 21:49:00 change: 0.0001
2026-07-29 06:17:02,991 | WARNING  | [ANOMALY] Price spike detected: EURGBP 2026-07-28 21:52:00 change: 0.0000
2026-07-29 06:17:02,992 | INFO     | [IQOPTION] REST fetch succeeded for EURGBP-OTC: 3 candles
2026-07-29 06:17:02,992 | WARNING  | [ANOMALY] Price spike detected: EURUSD 2026-07-28 22:19:00 change: -0.0000
2026-07-29 06:17:02,992 | WARNING  | [ANOMALY] Price spike detected: GBPUSD-OTC 2026-07-28 21:50:00 change: 0.0001
2026-07-29 06:17:02,992 | WARNING  | [ANOMALY] Price spike detected: EURGBP 2026-07-28 21:56:00 change: -0.0000
2026-07-29 06:17:03,004 | WARNING  | [ANOMALY] Price spike detected: EURGBP-OTC 2026-07-28 21:43:00 change: 0.0002
2026-07-29 06:17:03,004 | WARNING  | [ANOMALY] Price spike detected: EURUSD 2026-07-28 22:20:00 change: -0.0001
2026-07-29 06:17:03,004 | WARNING  | [ANOMALY] Price spike detected: GBPUSD-OTC 2026-07-28 21:51:00 change: 0.0003
2026-07-29 06:17:03,004 | WARNING  | [ANOMALY] Price spike detected: EURGBP 2026-07-28 21:57:00 change: 0.0000
2026-07-29 06:17:03,005 | WARNING  | [ANOMALY] Price spike detected: EURGBP-OTC 2026-07-28 21:44:00 change: -0.0002
2026-07-29 06:17:03,005 | WARNING  | [ANOMALY] Price spike detected: EURUSD 2026-07-28 22:22:00 change: -0.0001
2026-07-29 06:17:03,005 | WARNING  | [ANOMALY] Price spike detected: GBPUSD-OTC 2026-07-28 21:53:00 change: -0.0003
2026-07-29 06:17:03,005 | WARNING  | [ANOMALY] Price spike detected: EURGBP 2026-07-28 21:58:00 change: -0.0000
2026-07-29 06:17:03,005 | WARNING  | [ANOMALY] Price spike detected: EURGBP-OTC 2026-07-28 21:45:00 change: -0.0004
2026-07-29 06:17:03,006 | WARNING  | [ANOMALY] Price spike detected: EURUSD 2026-07-28 22:23:00 change: -0.0000
2026-07-29 06:17:03,006 | WARNING  | [ANOMALY] Price spike detected: GBPUSD-OTC 2026-07-28 21:54:00 change: 0.0002
2026-07-29 06:17:03,006 | WARNING  | [ANOMALY] Price spike detected: EURGBP 2026-07-28 22:00:00 change: 0.0000
2026-07-29 06:17:03,006 | WARNING  | [ANOMALY] Price spike detected: EURGBP-OTC 2026-07-28 21:46:00 change: 0.0004
2026-07-29 06:17:03,007 | WARNING  | [ANOMALY] Price spike detected: EURUSD 2026-07-28 22:26:00 change: 0.0001
2026-07-29 06:17:03,007 | WARNING  | [ANOMALY] Price spike detected: GBPUSD-OTC 2026-07-28 21:55:00 change: 0.0006
2026-07-29 06:17:03,007 | WARNING  | [ANOMALY] Price spike detected: EURGBP 2026-07-28 22:01:00 change: 0.0000
2026-07-29 06:17:03,007 | WARNING  | [ANOMALY] Price spike detected: EURGBP-OTC 2026-07-28 21:48:00 change: -0.0003
2026-07-29 06:17:03,007 | WARNING  | [ANOMALY] Price spike detected: EURUSD 2026-07-28 22:27:00 change: -0.0000
2026-07-29 06:17:03,008 | WARNING  | [ANOMALY] Price spike detected: GBPUSD-OTC 2026-07-28 21:57:00 change: 0.0001
2026-07-29 06:17:03,008 | WARNING  | [ANOMALY] Price spike detected: EURGBP 2026-07-28 22:02:00 change: -0.0000
2026-07-29 06:17:03,008 | WARNING  | [ANOMALY] Price spike detected: EURGBP-OTC 2026-07-28 21:49:00 change: 0.0003
2026-07-29 06:17:03,008 | WARNING  | [ANOMALY] Price spike detected: EURUSD 2026-07-28 22:28:00 change: -0.0000
2026-07-29 06:17:03,008 | WARNING  | [ANOMALY] Price spike detected: GBPUSD-OTC 2026-07-28 21:58:00 change: 0.0002
2026-07-29 06:17:03,009 | WARNING  | [ANOMALY] Price spike detected: EURGBP 2026-07-28 22:05:00 change: -0.0000
2026-07-29 06:17:03,009 | WARNING  | [ANOMALY] Price spike detected: EURGBP-OTC 2026-07-28 21:51:00 change: 0.0001
2026-07-29 06:17:03,009 | WARNING  | [ANOMALY] Price spike detected: EURUSD 2026-07-28 22:30:00 change: 0.0001
2026-07-29 06:17:03,009 | WARNING  | [ANOMALY] Price spike detected: GBPUSD-OTC 2026-07-28 21:59:00 change: -0.0002
2026-07-29 06:17:03,009 | WARNING  | [ANOMALY] Price spike detected: EURGBP 2026-07-28 22:06:00 change: -0.0000
2026-07-29 06:17:03,009 | WARNING  | [ANOMALY] Price spike detected: EURGBP-OTC 2026-07-28 21:52:00 change: -0.0002
2026-07-29 06:17:03,009 | WARNING  | [ANOMALY] Price spike detected: EURUSD 2026-07-28 22:31:00 change: 0.0000
2026-07-29 06:17:03,010 | WARNING  | [ANOMALY] Price spike detected: GBPUSD-OTC 2026-07-28 22:01:00 change: -0.0004
2026-07-29 06:17:03,010 | WARNING  | [ANOMALY] Price spike detected: EURGBP 2026-07-28 22:07:00 change: -0.0000
2026-07-29 06:17:03,010 | WARNING  | [ANOMALY] Price spike detected: EURGBP-OTC 2026-07-28 21:55:00 change: -0.0002
2026-07-29 06:17:03,010 | WARNING  | [ANOMALY] Price spike detected: EURUSD 2026-07-28 22:32:00 change: -0.0000
2026-07-29 06:17:03,010 | WARNING  | [ANOMALY] Price spike detected: GBPUSD-OTC 2026-07-28 22:02:00 change: 0.0004
2026-07-29 06:17:03,010 | WARNING  | [ANOMALY] Price spike detected: EURGBP 2026-07-28 22:09:00 change: 0.0000
2026-07-29 06:17:03,011 | WARNING  | [ANOMALY] Price spike detected: EURGBP-OTC 2026-07-28 21:56:00 change: 0.0001
2026-07-29 06:17:03,011 | WARNING  | [ANOMALY] Price spike detected: EURUSD 2026-07-28 22:34:00 change: 0.0000
2026-07-29 06:17:03,011 | WARNING  | [ANOMALY] Price spike detected: GBPUSD-OTC 2026-07-28 22:03:00 change: 0.0004
2026-07-29 06:17:03,011 | WARNING  | [ANOMALY] Price spike detected: EURGBP 2026-07-28 22:10:00 change: -0.0000
2026-07-29 06:17:03,011 | WARNING  | [ANOMALY] Price spike detected: EURGBP-OTC 2026-07-28 21:57:00 change: 0.0003
2026-07-29 06:17:03,011 | WARNING  | [ANOMALY] Price spike detected: EURUSD 2026-07-28 22:35:00 change: -0.0001
2026-07-29 06:17:03,011 | WARNING  | [ANOMALY] Price spike detected: GBPUSD-OTC 2026-07-28 22:04:00 change: 0.0004
2026-07-29 06:17:03,012 | WARNING  | [ANOMALY] Price spike detected: EURGBP 2026-07-28 22:11:00 change: 0.0000
2026-07-29 06:17:03,012 | WARNING  | [ANOMALY] Price spike detected: EURGBP-OTC 2026-07-28 21:58:00 change: -0.0005
2026-07-29 06:17:03,012 | WARNING  | [ANOMALY] Price spike detected: EURUSD 2026-07-28 22:37:00 change: -0.0000
2026-07-29 06:17:03,012 | WARNING  | [ANOMALY] Price spike detected: GBPUSD-OTC 2026-07-28 22:06:00 change: -0.0002
2026-07-29 06:17:03,012 | WARNING  | [ANOMALY] Price spike detected: EURGBP 2026-07-28 22:12:00 change: 0.0000
2026-07-29 06:17:03,012 | WARNING  | [ANOMALY] Price spike detected: EURGBP-OTC 2026-07-28 21:59:00 change: 0.0001
2026-07-29 06:17:03,013 | WARNING  | [ANOMALY] Price spike detected: EURUSD 2026-07-28 22:38:00 change: -0.0000
2026-07-29 06:17:03,013 | WARNING  | [ANOMALY] Price spike detected: GBPUSD-OTC 2026-07-28 22:07:00 change: 0.0003
2026-07-29 06:17:03,013 | WARNING  | [ANOMALY] Price spike detected: EURGBP 2026-07-28 22:14:00 change: -0.0000
2026-07-29 06:17:03,013 | WARNING  | [ANOMALY] Price spike detected: EURGBP-OTC 2026-07-28 22:03:00 change: 0.0005
2026-07-29 06:17:03,013 | WARNING  | [ANOMALY] Price spike detected: EURUSD 2026-07-28 22:40:00 change: 0.0000
2026-07-29 06:17:03,013 | WARNING  | [ANOMALY] Price spike detected: GBPUSD-OTC 2026-07-28 22:08:00 change: -0.0004
2026-07-29 06:17:03,013 | WARNING  | [ANOMALY] Price spike detected: EURGBP 2026-07-28 22:16:00 change: -0.0000
2026-07-29 06:17:03,014 | WARNING  | [ANOMALY] Price spike detected: EURGBP-OTC 2026-07-28 22:05:00 change: 0.0002
2026-07-29 06:17:03,014 | WARNING  | [ANOMALY] Price spike detected: EURUSD 2026-07-28 22:41:00 change: -0.0000
2026-07-29 06:17:03,014 | WARNING  | [ANOMALY] Price spike detected: GBPUSD-OTC 2026-07-28 22:09:00 change: 0.0001
2026-07-29 06:17:03,014 | WARNING  | [ANOMALY] Price spike detected: EURGBP 2026-07-28 22:22:00 change: 0.0000
2026-07-29 06:17:03,014 | WARNING  | [ANOMALY] Price spike detected: EURGBP-OTC 2026-07-28 22:07:00 change: 0.0003
2026-07-29 06:17:03,014 | WARNING  | [ANOMALY] Price spike detected: EURUSD 2026-07-28 22:42:00 change: 0.0001
2026-07-29 06:17:03,014 | WARNING  | [ANOMALY] Price spike detected: GBPUSD-OTC 2026-07-28 22:10:00 change: 0.0001
2026-07-29 06:17:03,015 | WARNING  | [ANOMALY] Price spike detected: EURGBP 2026-07-28 22:23:00 change: 0.0000
2026-07-29 06:17:03,015 | WARNING  | [ANOMALY] Price spike detected: EURGBP-OTC 2026-07-28 22:08:00 change: 0.0002
2026-07-29 06:17:03,015 | WARNING  | [ANOMALY] Price spike detected: EURUSD 2026-07-28 22:45:00 change: -0.0000
2026-07-29 06:17:03,015 | WARNING  | [ANOMALY] Price spike detected: GBPUSD-OTC 2026-07-28 22:11:00 change: -0.0003
2026-07-29 06:17:03,015 | WARNING  | [ANOMALY] Price spike detected: EURGBP 2026-07-28 22:26:00 change: 0.0000
2026-07-29 06:17:03,015 | WARNING  | [ANOMALY] Price spike detected: EURGBP-OTC 2026-07-28 22:09:00 change: 0.0002
2026-07-29 06:17:03,016 | WARNING  | [ANOMALY] Price spike detected: EURUSD 2026-07-28 22:46:00 change: -0.0000
2026-07-29 06:17:03,016 | WARNING  | [ANOMALY] Price spike detected: GBPUSD-OTC 2026-07-28 22:13:00 change: 0.0002
2026-07-29 06:17:03,016 | WARNING  | [ANOMALY] Price spike detected: EURGBP 2026-07-28 22:28:00 change: -0.0000
2026-07-29 06:17:03,016 | WARNING  | [ANOMALY] Price spike detected: EURGBP-OTC 2026-07-28 22:11:00 change: 0.0003
2026-07-29 06:17:03,016 | WARNING  | [ANOMALY] Price spike detected: EURUSD 2026-07-28 22:47:00 change: 0.0000
2026-07-29 06:17:03,016 | WARNING  | [ANOMALY] Price spike detected: GBPUSD-OTC 2026-07-28 22:14:00 change: -0.0003
2026-07-29 06:17:03,016 | WARNING  | [ANOMALY] Price spike detected: EURGBP 2026-07-28 22:30:00 change: 0.0001
2026-07-29 06:17:03,017 | WARNING  | [ANOMALY] Price spike detected: EURGBP-OTC 2026-07-28 22:12:00 change: 0.0001
2026-07-29 06:17:03,017 | WARNING  | [ANOMALY] Price spike detected: EURUSD 2026-07-28 22:49:00 change: -0.0000
2026-07-29 06:17:03,017 | WARNING  | [ANOMALY] Price spike detected: GBPUSD-OTC 2026-07-28 22:15:00 change: 0.0003
2026-07-29 06:17:03,017 | WARNING  | [ANOMALY] Price spike detected: EURGBP 2026-07-28 22:31:00 change: -0.0000
2026-07-29 06:17:03,017 | WARNING  | [ANOMALY] Price spike detected: EURGBP-OTC 2026-07-28 22:13:00 change: -0.0002
2026-07-29 06:17:03,018 | WARNING  | [ANOMALY] Price spike detected: EURUSD 2026-07-28 22:50:00 change: -0.0000
2026-07-29 06:17:03,018 | WARNING  | [ANOMALY] Price spike detected: GBPUSD-OTC 2026-07-28 22:16:00 change: -0.0002
2026-07-29 06:17:03,018 | WARNING  | [ANOMALY] Price spike detected: EURGBP 2026-07-28 22:32:00 change: 0.0000
2026-07-29 06:17:03,018 | WARNING  | [ANOMALY] Price spike detected: EURGBP-OTC 2026-07-28 22:14:00 change: -0.0004
2026-07-29 06:17:03,018 | WARNING  | [ANOMALY] Price spike detected: EURUSD 2026-07-28 22:51:00 change: 0.0000
2026-07-29 06:17:03,018 | WARNING  | [ANOMALY] Price spike detected: GBPUSD-OTC 2026-07-28 22:17:00 change: 0.0002
2026-07-29 06:17:03,019 | WARNING  | [ANOMALY] Price spike detected: EURGBP 2026-07-28 22:33:00 change: 0.0000
2026-07-29 06:17:03,019 | WARNING  | [ANOMALY] Price spike detected: EURGBP-OTC 2026-07-28 22:15:00 change: -0.0003
2026-07-29 06:17:03,019 | WARNING  | [ANOMALY] Price spike detected: EURUSD 2026-07-28 22:52:00 change: 0.0000
2026-07-29 06:17:03,019 | WARNING  | [ANOMALY] Price spike detected: GBPUSD-OTC 2026-07-28 22:18:00 change: -0.0001
2026-07-29 06:17:03,019 | WARNING  | [ANOMALY] Price spike detected: EURGBP 2026-07-28 22:34:00 change: -0.0000
2026-07-29 06:17:03,019 | WARNING  | [ANOMALY] Price spike detected: EURGBP-OTC 2026-07-28 22:16:00 change: -0.0002
2026-07-29 06:17:03,020 | WARNING  | [ANOMALY] Price spike detected: EURUSD 2026-07-28 22:57:00 change: 0.0000
2026-07-29 06:17:03,020 | WARNING  | [ANOMALY] Price spike detected: GBPUSD-OTC 2026-07-28 22:19:00 change: -0.0002
2026-07-29 06:17:03,020 | WARNING  | [ANOMALY] Price spike detected: EURGBP 2026-07-28 22:35:00 change: -0.0000
2026-07-29 06:17:03,020 | WARNING  | [ANOMALY] Price spike detected: EURGBP-OTC 2026-07-28 22:17:00 change: 0.0001
2026-07-29 06:17:03,020 | WARNING  | [ANOMALY] Price spike detected: EURUSD 2026-07-28 22:59:00 change: -0.0000
2026-07-29 06:17:03,020 | WARNING  | [ANOMALY] Price spike detected: GBPUSD-OTC 2026-07-28 22:20:00 change: -0.0001
2026-07-29 06:17:03,020 | WARNING  | [ANOMALY] Price spike detected: EURGBP 2026-07-28 22:36:00 change: 0.0000
2026-07-29 06:17:03,020 | WARNING  | [ANOMALY] Price spike detected: EURGBP-OTC 2026-07-28 22:18:00 change: 0.0002
2026-07-29 06:17:03,021 | WARNING  | [ANOMALY] Price spike detected: EURUSD 2026-07-28 23:00:00 change: -0.0001
2026-07-29 06:17:03,021 | WARNING  | [ANOMALY] Price spike detected: GBPUSD-OTC 2026-07-28 22:21:00 change: 0.0001
2026-07-29 06:17:03,021 | WARNING  | [ANOMALY] Price spike detected: EURGBP 2026-07-28 22:37:00 change: -0.0000
2026-07-29 06:17:03,021 | WARNING  | [ANOMALY] Price spike detected: EURGBP-OTC 2026-07-28 22:20:00 change: 0.0004
2026-07-29 06:17:03,023 | WARNING  | [ANOMALY] Price spike detected: EURUSD 2026-07-28 23:01:00 change: -0.0001
2026-07-29 06:17:03,023 | WARNING  | [ANOMALY] Price spike detected: GBPUSD-OTC 2026-07-28 22:22:00 change: -0.0001
2026-07-29 06:17:03,023 | WARNING  | [ANOMALY] Price spike detected: EURGBP 2026-07-28 22:38:00 change: 0.0000
2026-07-29 06:17:03,024 | WARNING  | [ANOMALY] Price spike detected: EURGBP-OTC 2026-07-28 22:21:00 change: -0.0003
2026-07-29 06:17:03,024 | WARNING  | [ANOMALY] Price spike detected: EURUSD 2026-07-28 23:02:00 change: 0.0001
2026-07-29 06:17:03,024 | WARNING  | [ANOMALY] Price spike detected: GBPUSD-OTC 2026-07-28 22:24:00 change: -0.0003
2026-07-29 06:17:03,024 | WARNING  | [ANOMALY] Price spike detected: EURGBP 2026-07-28 22:40:00 change: 0.0000
2026-07-29 06:17:03,024 | WARNING  | [ANOMALY] Price spike detected: EURGBP-OTC 2026-07-28 22:22:00 change: 0.0003
2026-07-29 06:17:03,024 | WARNING  | [ANOMALY] Price spike detected: EURUSD 2026-07-28 23:05:00 change: -0.0001
2026-07-29 06:17:03,024 | WARNING  | [ANOMALY] Price spike detected: GBPUSD-OTC 2026-07-28 22:25:00 change: 0.0001
2026-07-29 06:17:03,025 | WARNING  | [ANOMALY] Price spike detected: EURGBP 2026-07-28 22:42:00 change: 0.0000
2026-07-29 06:17:03,025 | WARNING  | [ANOMALY] Price spike detected: EURGBP-OTC 2026-07-28 22:24:00 change: -0.0003
2026-07-29 06:17:03,025 | WARNING  | [ANOMALY] Price spike detected: EURUSD 2026-07-28 23:07:00 change: -0.0001
2026-07-29 06:17:03,025 | WARNING  | [ANOMALY] Price spike detected: GBPUSD-OTC 2026-07-28 22:26:00 change: 0.0004
2026-07-29 06:17:03,025 | WARNING  | [ANOMALY] Price spike detected: EURGBP 2026-07-28 22:43:00 change: -0.0000
2026-07-29 06:17:03,025 | WARNING  | [ANOMALY] Price spike detected: EURGBP-OTC 2026-07-28 22:25:00 change: -0.0001
2026-07-29 06:17:03,026 | WARNING  | [ANOMALY] Price spike detected: EURUSD 2026-07-28 23:09:00 change: -0.0000
2026-07-29 06:17:03,026 | WARNING  | [ANOMALY] Price spike detected: GBPUSD-OTC 2026-07-28 22:27:00 change: 0.0002
2026-07-29 06:17:03,026 | WARNING  | [ANOMALY] Price spike detected: EURGBP 2026-07-28 22:44:00 change: 0.0000
2026-07-29 06:17:03,027 | WARNING  | [ANOMALY] Price spike detected: EURGBP-OTC 2026-07-28 22:26:00 change: 0.0002
2026-07-29 06:17:03,027 | WARNING  | [ANOMALY] Price spike detected: EURUSD 2026-07-28 23:10:00 change: 0.0000
2026-07-29 06:17:03,027 | WARNING  | [ANOMALY] Price spike detected: GBPUSD-OTC 2026-07-28 22:28:00 change: -0.0001
2026-07-29 06:17:03,027 | WARNING  | [ANOMALY] Price spike detected: EURGBP 2026-07-28 22:46:00 change: -0.0000
2026-07-29 06:17:03,027 | WARNING  | [ANOMALY] Price spike detected: EURGBP-OTC 2026-07-28 22:27:00 change: 0.0001
2026-07-29 06:17:03,027 | WARNING  | [ANOMALY] Price spike detected: EURUSD 2026-07-28 23:12:00 change: 0.0001
2026-07-29 06:17:03,028 | WARNING  | [ANOMALY] Price spike detected: GBPUSD-OTC 2026-07-28 22:29:00 change: -0.0003
2026-07-29 06:17:03,028 | WARNING  | [ANOMALY] Price spike detected: EURGBP 2026-07-28 22:47:00 change: 0.0000
2026-07-29 06:17:03,028 | WARNING  | [ANOMALY] Price spike detected: EURGBP-OTC 2026-07-28 22:28:00 change: -0.0001
2026-07-29 06:17:03,028 | WARNING  | [ANOMALY] Price spike detected: EURUSD 2026-07-28 23:14:00 change: 0.0000
2026-07-29 06:17:03,028 | WARNING  | [ANOMALY] Price spike detected: GBPUSD-OTC 2026-07-28 22:30:00 change: 0.0003
2026-07-29 06:17:03,028 | WARNING  | [ANOMALY] Price spike detected: EURGBP 2026-07-28 22:50:00 change: -0.0000
2026-07-29 06:17:03,028 | WARNING  | [ANOMALY] Price spike detected: EURGBP-OTC 2026-07-28 22:29:00 change: -0.0001
2026-07-29 06:17:03,029 | WARNING  | [ANOMALY] Price spike detected: EURUSD 2026-07-28 23:15:00 change: -0.0000
2026-07-29 06:17:03,029 | WARNING  | [ANOMALY] Price spike detected: GBPUSD-OTC 2026-07-28 22:32:00 change: -0.0001
2026-07-29 06:17:03,029 | WARNING  | [ANOMALY] Price spike detected: EURGBP 2026-07-28 22:52:00 change: -0.0000
2026-07-29 06:17:03,029 | WARNING  | [ANOMALY] Price spike detected: EURGBP-OTC 2026-07-28 22:30:00 change: 0.0001
2026-07-29 06:17:03,030 | WARNING  | [ANOMALY] Price spike detected: GBPUSD-OTC 2026-07-28 22:33:00 change: -0.0002
2026-07-29 06:17:03,030 | WARNING  | [ANOMALY] Price spike detected: EURGBP 2026-07-28 22:53:00 change: 0.0000
2026-07-29 06:17:03,031 | WARNING  | [ANOMALY] Price spike detected: EURGBP-OTC 2026-07-28 22:31:00 change: 0.0002
2026-07-29 06:17:03,032 | WARNING  | [ANOMALY] Price spike detected: GBPUSD-OTC 2026-07-28 22:34:00 change: -0.0002
2026-07-29 06:17:03,032 | WARNING  | [ANOMALY] Price spike detected: EURGBP 2026-07-28 22:54:00 change: -0.0000
2026-07-29 06:17:03,038 | WARNING  | [ANOMALY] Total anomalies detected: EURUSD 58
2026-07-29 06:17:03,038 | WARNING  | [ANOMALY] Price spike detected: EURGBP-OTC 2026-07-28 22:32:00 change: 0.0001
2026-07-29 06:17:03,038 | WARNING  | [ANOMALY] Price spike detected: GBPUSD-OTC 2026-07-28 22:35:00 change: -0.0005
2026-07-29 06:17:03,038 | WARNING  | [ANOMALY] Price spike detected: EURGBP 2026-07-28 22:55:00 change: -0.0000
2026-07-29 06:17:03,038 | ERROR    | [ANOMALY] Excessive anomalies threshold exceeded: 2611
2026-07-29 06:17:03,039 | WARNING  | [ANOMALY] Price spike detected: EURGBP-OTC 2026-07-28 22:33:00 change: -0.0003
2026-07-29 06:17:03,039 | WARNING  | [ANOMALY] Price spike detected: GBPUSD-OTC 2026-07-28 22:36:00 change: 0.0002
2026-07-29 06:17:03,039 | WARNING  | [ANOMALY] Price spike detected: EURGBP 2026-07-28 22:56:00 change: 0.0000
2026-07-29 06:17:03,039 | INFO     | [DataAdapter] M1 anomaly detection completed for EURUSD in 0.701s
2026-07-29 06:17:03,039 | WARNING  | [ANOMALY] Price spike detected: EURGBP-OTC 2026-07-28 22:34:00 change: -0.0002
2026-07-29 06:17:03,040 | WARNING  | [ANOMALY] Price spike detected: GBPUSD-OTC 2026-07-28 22:38:00 change: 0.0002
2026-07-29 06:17:03,040 | WARNING  | [ANOMALY] Price spike detected: EURGBP 2026-07-28 22:57:00 change: 0.0000
2026-07-29 06:17:03,044 | WARNING  | [ANOMALY] Price spike detected: EURGBP-OTC 2026-07-28 22:35:00 change: 0.0002
2026-07-29 06:17:03,044 | WARNING  | [ANOMALY] Price spike detected: GBPUSD-OTC 2026-07-28 22:39:00 change: -0.0007
2026-07-29 06:17:03,044 | WARNING  | [ANOMALY] Price spike detected: EURGBP 2026-07-28 22:58:00 change: -0.0000
2026-07-29 06:17:03,044 | WARNING  | [ANOMALY] Price spike detected: EURGBP-OTC 2026-07-28 22:36:00 change: -0.0006
2026-07-29 06:17:03,045 | INFO     | [CSVQueue] Enqueuing write for data_base/csv/iq_option\EURUSD\EURUSD_M1.csv - Queue size: 0
2026-07-29 06:17:03,045 | WARNING  | [ANOMALY] Price spike detected: GBPUSD-OTC 2026-07-28 22:40:00 change: -0.0003
2026-07-29 06:17:03,045 | WARNING  | [ANOMALY] Price spike detected: EURGBP 2026-07-28 22:59:00 change: 0.0000
2026-07-29 06:17:03,046 | WARNING  | [ANOMALY] Price spike detected: EURGBP-OTC 2026-07-28 22:37:00 change: -0.0002
2026-07-29 06:17:03,046 | INFO     | [DataAdapter] M1 data refresh completed for EURUSD
2026-07-29 06:17:03,046 | INFO     | [CSVQueue] Processing write for data_base/csv/iq_option\EURUSD\EURUSD_M1.csv
2026-07-29 06:17:03,046 | WARNING  | [ANOMALY] Price spike detected: GBPUSD-OTC 2026-07-28 22:41:00 change: -0.0005
2026-07-29 06:17:03,046 | WARNING  | [ANOMALY] Price spike detected: EURGBP 2026-07-28 23:00:00 change: 0.0000
2026-07-29 06:17:03,047 | WARNING  | [ANOMALY] Price spike detected: EURGBP-OTC 2026-07-28 22:38:00 change: -0.0001
2026-07-29 06:17:03,047 | INFO     | [DataAdapter] Refreshing M5 data for EURUSD
2026-07-29 06:17:03,047 | WARNING  | [ANOMALY] Price spike detected: GBPUSD-OTC 2026-07-28 22:44:00 change: -0.0004
2026-07-29 06:17:03,047 | WARNING  | [ANOMALY] Price spike detected: EURGBP 2026-07-28 23:01:00 change: -0.0000
2026-07-29 06:17:03,047 | INFO     | [CSVWriter] Writing 99 rows to data_base/csv/iq_option\EURUSD\EURUSD_M1.csv
2026-07-29 06:17:03,047 | WARNING  | [ANOMALY] Price spike detected: EURGBP-OTC 2026-07-28 22:39:00 change: 0.0002
2026-07-29 06:17:03,050 | WARNING  | [ANOMALY] Price spike detected: EURUSD 2026-07-28 02:50:00 change: 0.0003
2026-07-29 06:17:03,050 | WARNING  | [ANOMALY] Price spike detected: GBPUSD-OTC 2026-07-28 22:45:00 change: 0.0002
2026-07-29 06:17:03,050 | WARNING  | [ANOMALY] Price spike detected: EURGBP 2026-07-28 23:02:00 change: -0.0000
2026-07-29 06:17:03,052 | WARNING  | [ANOMALY] Price spike detected: EURGBP-OTC 2026-07-28 22:40:00 change: 0.0002
2026-07-29 06:17:03,052 | WARNING  | [ANOMALY] Price spike detected: EURUSD 2026-07-28 02:55:00 change: -0.0001
2026-07-29 06:17:03,052 | WARNING  | [ANOMALY] Price spike detected: GBPUSD-OTC 2026-07-28 22:46:00 change: -0.0002
2026-07-29 06:17:03,053 | WARNING  | [ANOMALY] Price spike detected: EURGBP 2026-07-28 23:04:00 change: -0.0000
2026-07-29 06:17:03,053 | WARNING  | [ANOMALY] Price spike detected: EURGBP-OTC 2026-07-28 22:42:00 change: -0.0003
2026-07-29 06:17:03,053 | WARNING  | [ANOMALY] Price spike detected: EURUSD 2026-07-28 03:05:00 change: -0.0001
2026-07-29 06:17:03,054 | WARNING  | [ANOMALY] Price spike detected: GBPUSD-OTC 2026-07-28 22:48:00 change: 0.0003
2026-07-29 06:17:03,054 | WARNING  | [ANOMALY] Price spike detected: EURGBP 2026-07-28 23:05:00 change: 0.0000
2026-07-29 06:17:03,055 | WARNING  | [ANOMALY] Price spike detected: EURGBP-OTC 2026-07-28 22:43:00 change: -0.0003
2026-07-29 06:17:03,056 | WARNING  | [ANOMALY] Price spike detected: EURUSD 2026-07-28 03:10:00 change: -0.0001
2026-07-29 06:17:03,056 | WARNING  | [ANOMALY] Price spike detected: GBPUSD-OTC 2026-07-28 22:49:00 change: 0.0004
2026-07-29 06:17:03,056 | WARNING  | [ANOMALY] Price spike detected: EURGBP 2026-07-28 23:06:00 change: -0.0000
2026-07-29 06:17:03,057 | WARNING  | [ANOMALY] Price spike detected: EURGBP-OTC 2026-07-28 22:44:00 change: -0.0001
2026-07-29 06:17:03,059 | WARNING  | [ANOMALY] Price spike detected: EURUSD 2026-07-28 03:15:00 change: 0.0001
2026-07-29 06:17:03,059 | WARNING  | [ANOMALY] Price spike detected: GBPUSD-OTC 2026-07-28 22:53:00 change: 0.0004
2026-07-29 06:17:03,060 | WARNING  | [ANOMALY] Price spike detected: EURGBP 2026-07-28 23:07:00 change: 0.0000
2026-07-29 06:17:03,060 | WARNING  | [ANOMALY] Price spike detected: EURGBP-OTC 2026-07-28 22:45:00 change: -0.0001
2026-07-29 06:17:03,062 | WARNING  | [ANOMALY] Price spike detected: EURUSD 2026-07-28 03:20:00 change: 0.0001
2026-07-29 06:17:03,062 | WARNING  | [ANOMALY] Price spike detected: GBPUSD-OTC 2026-07-28 22:54:00 change: -0.0002
2026-07-29 06:17:03,063 | WARNING  | [ANOMALY] Price spike detected: EURGBP 2026-07-28 23:09:00 change: 0.0000
2026-07-29 06:17:03,064 | WARNING  | [ANOMALY] Price spike detected: EURGBP-OTC 2026-07-28 22:46:00 change: 0.0002
2026-07-29 06:17:03,064 | WARNING  | [ANOMALY] Price spike detected: EURUSD 2026-07-28 03:30:00 change: 0.0002
2026-07-29 06:17:03,064 | WARNING  | [ANOMALY] Price spike detected: GBPUSD-OTC 2026-07-28 22:55:00 change: -0.0002
2026-07-29 06:17:03,064 | WARNING  | [ANOMALY] Price spike detected: EURGBP 2026-07-28 23:10:00 change: 0.0000
2026-07-29 06:17:03,065 | WARNING  | [ANOMALY] Price spike detected: EURGBP-OTC 2026-07-28 22:48:00 change: -0.0001
2026-07-29 06:17:03,065 | INFO     | [CSVWriter] Successfully wrote 379 rows to data_base/csv/iq_option\EURUSD\EURUSD_M1.csv
2026-07-29 06:17:03,065 | WARNING  | [ANOMALY] Price spike detected: EURUSD 2026-07-28 03:35:00 change: -0.0002
2026-07-29 06:17:03,065 | WARNING  | [ANOMALY] Price spike detected: GBPUSD-OTC 2026-07-28 22:57:00 change: 0.0004
2026-07-29 06:17:03,065 | WARNING  | [ANOMALY] Price spike detected: EURGBP 2026-07-28 23:12:00 change: -0.0000
2026-07-29 06:17:03,066 | WARNING  | [ANOMALY] Price spike detected: EURGBP-OTC 2026-07-28 22:49:00 change: 0.0001
2026-07-29 06:17:03,066 | INFO     | [CSVQueue] Successfully processed write for data_base/csv/iq_option\EURUSD\EURUSD_M1.csv
2026-07-29 06:17:03,066 | WARNING  | [ANOMALY] Price spike detected: EURUSD 2026-07-28 03:40:00 change: -0.0001
2026-07-29 06:17:03,066 | WARNING  | [ANOMALY] Price spike detected: GBPUSD-OTC 2026-07-28 22:58:00 change: 0.0004
2026-07-29 06:17:03,066 | WARNING  | [ANOMALY] Price spike detected: EURGBP 2026-07-28 23:13:00 change: -0.0000
2026-07-29 06:17:03,067 | WARNING  | [ANOMALY] Price spike detected: EURGBP-OTC 2026-07-28 22:52:00 change: -0.0002
2026-07-29 06:17:03,067 | INFO     | [CSVQueue] Queue size: 0
2026-07-29 06:17:03,067 | WARNING  | [ANOMALY] Price spike detected: EURUSD 2026-07-28 03:45:00 change: -0.0001
2026-07-29 06:17:03,067 | WARNING  | [ANOMALY] Price spike detected: GBPUSD-OTC 2026-07-28 22:59:00 change: -0.0004
2026-07-29 06:17:03,067 | WARNING  | [ANOMALY] Price spike detected: EURGBP 2026-07-28 23:14:00 change: -0.0000
2026-07-29 06:17:03,067 | WARNING  | [ANOMALY] Price spike detected: EURGBP-OTC 2026-07-28 22:53:00 change: -0.0003
2026-07-29 06:17:03,068 | WARNING  | [ANOMALY] Price spike detected: EURUSD 2026-07-28 04:00:00 change: -0.0002
2026-07-29 06:17:03,068 | WARNING  | [ANOMALY] Price spike detected: GBPUSD-OTC 2026-07-28 23:00:00 change: 0.0003
2026-07-29 06:17:03,069 | WARNING  | [ANOMALY] Price spike detected: EURGBP-OTC 2026-07-28 22:54:00 change: 0.0002
2026-07-29 06:17:03,069 | WARNING  | [ANOMALY] Price spike detected: EURUSD 2026-07-28 04:10:00 change: -0.0001
2026-07-29 06:17:03,070 | WARNING  | [ANOMALY] Price spike detected: GBPUSD-OTC 2026-07-28 23:01:00 change: -0.0001
2026-07-29 06:17:03,071 | WARNING  | [ANOMALY] Price spike detected: EURGBP-OTC 2026-07-28 22:55:00 change: 0.0002
2026-07-29 06:17:03,071 | WARNING  | [ANOMALY] Price spike detected: EURUSD 2026-07-28 04:15:00 change: 0.0001
2026-07-29 06:17:03,071 | WARNING  | [ANOMALY] Price spike detected: GBPUSD-OTC 2026-07-28 23:02:00 change: 0.0004
2026-07-29 06:17:03,076 | WARNING  | [ANOMALY] Total anomalies detected: EURGBP 63
2026-07-29 06:17:03,076 | WARNING  | [ANOMALY] Price spike detected: EURGBP-OTC 2026-07-28 22:56:00 change: -0.0003
2026-07-29 06:17:03,076 | WARNING  | [ANOMALY] Price spike detected: EURUSD 2026-07-28 04:20:00 change: -0.0001
2026-07-29 06:17:03,077 | WARNING  | [ANOMALY] Price spike detected: GBPUSD-OTC 2026-07-28 23:03:00 change: -0.0005
2026-07-29 06:17:03,077 | ERROR    | [ANOMALY] Excessive anomalies threshold exceeded: 2808
2026-07-29 06:17:03,077 | WARNING  | [ANOMALY] Price spike detected: EURGBP-OTC 2026-07-28 22:57:00 change: 0.0003
2026-07-29 06:17:03,077 | WARNING  | [ANOMALY] Price spike detected: EURUSD 2026-07-28 04:35:00 change: -0.0000
2026-07-29 06:17:03,077 | WARNING  | [ANOMALY] Price spike detected: GBPUSD-OTC 2026-07-28 23:04:00 change: 0.0001
2026-07-29 06:17:03,077 | INFO     | [DataAdapter] M1 anomaly detection completed for EURGBP in 0.491s
2026-07-29 06:17:03,078 | WARNING  | [ANOMALY] Price spike detected: EURGBP-OTC 2026-07-28 22:59:00 change: -0.0001
2026-07-29 06:17:03,078 | WARNING  | [ANOMALY] Price spike detected: EURUSD 2026-07-28 04:40:00 change: 0.0000
2026-07-29 06:17:03,078 | WARNING  | [ANOMALY] Price spike detected: GBPUSD-OTC 2026-07-28 23:05:00 change: -0.0002
2026-07-29 06:17:03,082 | WARNING  | [ANOMALY] Price spike detected: EURGBP-OTC 2026-07-28 23:00:00 change: -0.0002
2026-07-29 06:17:03,082 | WARNING  | [ANOMALY] Price spike detected: EURUSD 2026-07-28 04:45:00 change: -0.0000
2026-07-29 06:17:03,083 | WARNING  | [ANOMALY] Price spike detected: GBPUSD-OTC 2026-07-28 23:06:00 change: 0.0001
2026-07-29 06:17:03,083 | INFO     | [CSVQueue] Enqueuing write for data_base/csv/iq_option\EURGBP\EURGBP_M1.csv - Queue size: 0
2026-07-29 06:17:03,083 | WARNING  | [ANOMALY] Price spike detected: EURGBP-OTC 2026-07-28 23:01:00 change: 0.0003
2026-07-29 06:17:03,083 | WARNING  | [ANOMALY] Price spike detected: EURUSD 2026-07-28 04:50:00 change: -0.0002
2026-07-29 06:17:03,083 | WARNING  | [ANOMALY] Price spike detected: GBPUSD-OTC 2026-07-28 23:07:00 change: 0.0006
2026-07-29 06:17:03,083 | INFO     | [DataAdapter] M1 data refresh completed for EURGBP
2026-07-29 06:17:03,084 | WARNING  | [ANOMALY] Price spike detected: EURGBP-OTC 2026-07-28 23:02:00 change: 0.0003
2026-07-29 06:17:03,084 | INFO     | [CSVQueue] Processing write for data_base/csv/iq_option\EURGBP\EURGBP_M1.csv
2026-07-29 06:17:03,084 | WARNING  | [ANOMALY] Price spike detected: EURUSD 2026-07-28 05:00:00 change: -0.0001
2026-07-29 06:17:03,085 | WARNING  | [ANOMALY] Price spike detected: GBPUSD-OTC 2026-07-28 23:08:00 change: -0.0004
2026-07-29 06:17:03,085 | INFO     | [DataAdapter] Refreshing M5 data for EURGBP
2026-07-29 06:17:03,085 | WARNING  | [ANOMALY] Price spike detected: EURGBP-OTC 2026-07-28 23:03:00 change: -0.0001
2026-07-29 06:17:03,086 | WARNING  | [ANOMALY] Price spike detected: EURUSD 2026-07-28 05:05:00 change: -0.0003
2026-07-29 06:17:03,086 | WARNING  | [ANOMALY] Price spike detected: GBPUSD-OTC 2026-07-28 23:09:00 change: 0.0001
2026-07-29 06:17:03,086 | INFO     | [CSVWriter] Writing 99 rows to data_base/csv/iq_option\EURGBP\EURGBP_M1.csv
2026-07-29 06:17:03,088 | WARNING  | [ANOMALY] Price spike detected: EURGBP 2026-07-28 02:50:00 change: 0.0001
2026-07-29 06:17:03,089 | WARNING  | [ANOMALY] Price spike detected: EURGBP-OTC 2026-07-28 23:04:00 change: 0.0002
2026-07-29 06:17:03,089 | WARNING  | [ANOMALY] Price spike detected: EURUSD 2026-07-28 05:10:00 change: -0.0002
2026-07-29 06:17:03,089 | WARNING  | [ANOMALY] Price spike detected: GBPUSD-OTC 2026-07-28 23:10:00 change: -0.0003
2026-07-29 06:17:03,091 | WARNING  | [ANOMALY] Price spike detected: EURGBP 2026-07-28 03:00:00 change: -0.0000
2026-07-29 06:17:03,091 | WARNING  | [ANOMALY] Price spike detected: EURGBP-OTC 2026-07-28 23:05:00 change: 0.0001
2026-07-29 06:17:03,091 | WARNING  | [ANOMALY] Price spike detected: EURUSD 2026-07-28 05:15:00 change: 0.0000
2026-07-29 06:17:03,092 | WARNING  | [ANOMALY] Price spike detected: GBPUSD-OTC 2026-07-28 23:11:00 change: -0.0002
2026-07-29 06:17:03,092 | WARNING  | [ANOMALY] Price spike detected: EURGBP 2026-07-28 03:05:00 change: 0.0000
2026-07-29 06:17:03,093 | WARNING  | [ANOMALY] Price spike detected: EURGBP-OTC 2026-07-28 23:06:00 change: 0.0003
2026-07-29 06:17:03,093 | WARNING  | [ANOMALY] Price spike detected: EURUSD 2026-07-28 05:25:00 change: 0.0003
2026-07-29 06:17:03,093 | WARNING  | [ANOMALY] Price spike detected: GBPUSD-OTC 2026-07-28 23:13:00 change: 0.0001
2026-07-29 06:17:03,093 | WARNING  | [ANOMALY] Price spike detected: EURGBP 2026-07-28 03:10:00 change: -0.0000
2026-07-29 06:17:03,094 | WARNING  | [ANOMALY] Price spike detected: EURGBP-OTC 2026-07-28 23:07:00 change: -0.0004
2026-07-29 06:17:03,094 | WARNING  | [ANOMALY] Price spike detected: EURUSD 2026-07-28 05:35:00 change: -0.0001
2026-07-29 06:17:03,096 | WARNING  | [ANOMALY] Price spike detected: GBPUSD-OTC 2026-07-28 23:14:00 change: -0.0002
2026-07-29 06:17:03,097 | WARNING  | [ANOMALY] Price spike detected: EURGBP 2026-07-28 03:15:00 change: -0.0001
2026-07-29 06:17:03,097 | WARNING  | [ANOMALY] Price spike detected: EURGBP-OTC 2026-07-28 23:08:00 change: 0.0004
2026-07-29 06:17:03,097 | WARNING  | [ANOMALY] Price spike detected: EURUSD 2026-07-28 05:40:00 change: 0.0001
2026-07-29 06:17:03,098 | WARNING  | [ANOMALY] Price spike detected: EURGBP 2026-07-28 03:20:00 change: 0.0000
2026-07-29 06:17:03,101 | WARNING  | [ANOMALY] Price spike detected: EURGBP-OTC 2026-07-28 23:09:00 change: -0.0002
2026-07-29 06:17:03,102 | WARNING  | [ANOMALY] Price spike detected: EURUSD 2026-07-28 05:45:00 change: -0.0001
2026-07-29 06:17:03,102 | WARNING  | [ANOMALY] Price spike detected: EURGBP 2026-07-28 03:30:00 change: -0.0000
2026-07-29 06:17:03,103 | WARNING  | [ANOMALY] Price spike detected: EURGBP-OTC 2026-07-28 23:10:00 change: 0.0001
2026-07-29 06:17:03,107 | WARNING  | [ANOMALY] Total anomalies detected: GBPUSD-OTC 74
2026-07-29 06:17:03,107 | WARNING  | [ANOMALY] Price spike detected: EURUSD 2026-07-28 05:50:00 change: 0.0001
2026-07-29 06:17:03,107 | INFO     | [CSVWriter] Successfully wrote 379 rows to data_base/csv/iq_option\EURGBP\EURGBP_M1.csv
2026-07-29 06:17:03,107 | WARNING  | [ANOMALY] Price spike detected: EURGBP 2026-07-28 03:35:00 change: -0.0000
2026-07-29 06:17:03,108 | WARNING  | [ANOMALY] Price spike detected: EURGBP-OTC 2026-07-28 23:12:00 change: 0.0002
2026-07-29 06:17:03,108 | ERROR    | [ANOMALY] Excessive anomalies threshold exceeded: 2998
2026-07-29 06:17:03,108 | WARNING  | [ANOMALY] Price spike detected: EURUSD 2026-07-28 05:55:00 change: 0.0001
2026-07-29 06:17:03,108 | INFO     | [CSVQueue] Successfully processed write for data_base/csv/iq_option\EURGBP\EURGBP_M1.csv
2026-07-29 06:17:03,108 | WARNING  | [ANOMALY] Price spike detected: EURGBP 2026-07-28 03:40:00 change: -0.0000
2026-07-29 06:17:03,108 | WARNING  | [ANOMALY] Price spike detected: EURGBP-OTC 2026-07-28 23:13:00 change: 0.0002
2026-07-29 06:17:03,109 | INFO     | [DataAdapter] M1 anomaly detection completed for GBPUSD-OTC in 0.285s
2026-07-29 06:17:03,109 | WARNING  | [ANOMALY] Price spike detected: EURUSD 2026-07-28 06:00:00 change: 0.0001
2026-07-29 06:17:03,109 | INFO     | [CSVQueue] Queue size: 0
2026-07-29 06:17:03,109 | WARNING  | [ANOMALY] Price spike detected: EURGBP 2026-07-28 03:45:00 change: -0.0000
2026-07-29 06:17:03,109 | WARNING  | [ANOMALY] Price spike detected: EURGBP-OTC 2026-07-28 23:14:00 change: 0.0003
2026-07-29 06:17:03,113 | WARNING  | [ANOMALY] Price spike detected: EURUSD 2026-07-28 06:05:00 change: -0.0001
2026-07-29 06:17:03,113 | WARNING  | [ANOMALY] Price spike detected: EURGBP 2026-07-28 03:50:00 change: 0.0001
2026-07-29 06:17:03,113 | WARNING  | [ANOMALY] Price spike detected: EURGBP-OTC 2026-07-28 23:15:00 change: -0.0004
2026-07-29 06:17:03,113 | INFO     | [CSVQueue] Enqueuing write for data_base/csv/iq_option\GBPUSD-OTC\GBPUSD-OTC_M1.csv - Queue size: 0
2026-07-29 06:17:03,113 | WARNING  | [ANOMALY] Price spike detected: EURUSD 2026-07-28 06:10:00 change: 0.0001
2026-07-29 06:17:03,115 | WARNING  | [ANOMALY] Price spike detected: EURGBP 2026-07-28 03:55:00 change: 0.0000
2026-07-29 06:17:03,117 | INFO     | [DataAdapter] M1 data refresh completed for GBPUSD-OTC
2026-07-29 06:17:03,117 | INFO     | [CSVQueue] Processing write for data_base/csv/iq_option\GBPUSD-OTC\GBPUSD-OTC_M1.csv
2026-07-29 06:17:03,118 | WARNING  | [ANOMALY] Price spike detected: EURUSD 2026-07-28 06:15:00 change: 0.0000
2026-07-29 06:17:03,118 | WARNING  | [ANOMALY] Price spike detected: EURGBP 2026-07-28 04:00:00 change: -0.0000
2026-07-29 06:17:03,119 | INFO     | [DataAdapter] Refreshing M5 data for GBPUSD-OTC
2026-07-29 06:17:03,119 | WARNING  | [ANOMALY] Price spike detected: EURUSD 2026-07-28 06:20:00 change: 0.0001
2026-07-29 06:17:03,120 | WARNING  | [ANOMALY] Price spike detected: EURGBP 2026-07-28 04:10:00 change: 0.0000
2026-07-29 06:17:03,122 | INFO     | [CSVWriter] Writing 99 rows to data_base/csv/iq_option\GBPUSD-OTC\GBPUSD-OTC_M1.csv
2026-07-29 06:17:03,124 | WARNING  | [ANOMALY] Total anomalies detected: EURGBP-OTC 75
2026-07-29 06:17:03,127 | WARNING  | [ANOMALY] Price spike detected: EURUSD 2026-07-28 06:25:00 change: 0.0002
2026-07-29 06:17:03,127 | WARNING  | [ANOMALY] Price spike detected: GBPUSD-OTC 2026-07-28 02:50:00 change: -0.0005
2026-07-29 06:17:03,127 | WARNING  | [ANOMALY] Price spike detected: EURGBP 2026-07-28 04:15:00 change: -0.0001
2026-07-29 06:17:03,129 | ERROR    | [ANOMALY] Excessive anomalies threshold exceeded: 3194
2026-07-29 06:17:03,129 | WARNING  | [ANOMALY] Price spike detected: EURUSD 2026-07-28 06:40:00 change: -0.0001
2026-07-29 06:17:03,130 | WARNING  | [ANOMALY] Price spike detected: GBPUSD-OTC 2026-07-28 02:55:00 change: -0.0004
2026-07-29 06:17:03,130 | WARNING  | [ANOMALY] Price spike detected: EURGBP 2026-07-28 04:20:00 change: 0.0001
2026-07-29 06:17:03,130 | INFO     | [DataAdapter] M1 anomaly detection completed for EURGBP-OTC in 0.129s
2026-07-29 06:17:03,130 | WARNING  | [ANOMALY] Price spike detected: EURUSD 2026-07-28 06:45:00 change: -0.0001
2026-07-29 06:17:03,131 | WARNING  | [ANOMALY] Price spike detected: GBPUSD-OTC 2026-07-28 03:00:00 change: 0.0003
2026-07-29 06:17:03,131 | WARNING  | [ANOMALY] Price spike detected: EURGBP 2026-07-28 04:25:00 change: -0.0001
2026-07-29 06:17:03,136 | WARNING  | [ANOMALY] Price spike detected: EURUSD 2026-07-28 06:50:00 change: 0.0003
2026-07-29 06:17:03,136 | WARNING  | [ANOMALY] Price spike detected: GBPUSD-OTC 2026-07-28 03:05:00 change: -0.0007
2026-07-29 06:17:03,136 | WARNING  | [ANOMALY] Price spike detected: EURGBP 2026-07-28 04:45:00 change: -0.0001
2026-07-29 06:17:03,137 | INFO     | [CSVQueue] Enqueuing write for data_base/csv/iq_option\EURGBP-OTC\EURGBP-OTC_M1.csv - Queue size: 0
2026-07-29 06:17:03,138 | WARNING  | [ANOMALY] Price spike detected: EURUSD 2026-07-28 06:55:00 change: -0.0002
2026-07-29 06:17:03,140 | WARNING  | [ANOMALY] Price spike detected: GBPUSD-OTC 2026-07-28 03:10:00 change: -0.0001
2026-07-29 06:17:03,140 | WARNING  | [ANOMALY] Price spike detected: EURGBP 2026-07-28 04:55:00 change: -0.0001
2026-07-29 06:17:03,140 | INFO     | [DataAdapter] M1 data refresh completed for EURGBP-OTC
2026-07-29 06:17:03,140 | WARNING  | [ANOMALY] Price spike detected: EURUSD 2026-07-28 07:00:00 change: -0.0001
2026-07-29 06:17:03,142 | WARNING  | [ANOMALY] Price spike detected: GBPUSD-OTC 2026-07-28 03:15:00 change: -0.0005
2026-07-29 06:17:03,143 | WARNING  | [ANOMALY] Price spike detected: EURGBP 2026-07-28 05:00:00 change: -0.0001
2026-07-29 06:17:03,143 | INFO     | [DataAdapter] Refreshing M5 data for EURGBP-OTC
2026-07-29 06:17:03,144 | WARNING  | [ANOMALY] Price spike detected: EURUSD 2026-07-28 07:05:00 change: 0.0004
2026-07-29 06:17:03,144 | WARNING  | [ANOMALY] Price spike detected: GBPUSD-OTC 2026-07-28 03:20:00 change: 0.0002
2026-07-29 06:17:03,144 | WARNING  | [ANOMALY] Price spike detected: EURGBP 2026-07-28 05:05:00 change: -0.0001
2026-07-29 06:17:03,145 | INFO     | [CSVWriter] Successfully wrote 379 rows to data_base/csv/iq_option\GBPUSD-OTC\GBPUSD-OTC_M1.csv
2026-07-29 06:17:03,149 | WARNING  | [ANOMALY] Price spike detected: EURGBP-OTC 2026-07-28 02:55:00 change: 0.0003
2026-07-29 06:17:03,149 | WARNING  | [ANOMALY] Price spike detected: EURUSD 2026-07-28 07:10:00 change: 0.0001
2026-07-29 06:17:03,149 | WARNING  | [ANOMALY] Price spike detected: GBPUSD-OTC 2026-07-28 03:25:00 change: 0.0001
2026-07-29 06:17:03,150 | WARNING  | [ANOMALY] Price spike detected: EURGBP 2026-07-28 05:10:00 change: 0.0001
2026-07-29 06:17:03,150 | INFO     | [CSVQueue] Successfully processed write for data_base/csv/iq_option\GBPUSD-OTC\GBPUSD-OTC_M1.csv
2026-07-29 06:17:03,150 | WARNING  | [ANOMALY] Price spike detected: EURGBP-OTC 2026-07-28 03:00:00 change: 0.0002
2026-07-29 06:17:03,150 | WARNING  | [ANOMALY] Price spike detected: EURUSD 2026-07-28 07:15:00 change: -0.0001
2026-07-29 06:17:03,151 | WARNING  | [ANOMALY] Price spike detected: GBPUSD-OTC 2026-07-28 03:30:00 change: 0.0002
2026-07-29 06:17:03,151 | WARNING  | [ANOMALY] Price spike detected: EURGBP 2026-07-28 05:15:00 change: 0.0001
2026-07-29 06:17:03,151 | INFO     | [CSVQueue] Processing write for data_base/csv/iq_option\EURGBP-OTC\EURGBP-OTC_M1.csv
2026-07-29 06:17:03,151 | WARNING  | [ANOMALY] Price spike detected: EURGBP-OTC 2026-07-28 03:05:00 change: -0.0005
2026-07-29 06:17:03,151 | WARNING  | [ANOMALY] Price spike detected: EURUSD 2026-07-28 07:20:00 change: -0.0002
2026-07-29 06:17:03,151 | WARNING  | [ANOMALY] Price spike detected: GBPUSD-OTC 2026-07-28 03:35:00 change: 0.0002
2026-07-29 06:17:03,152 | WARNING  | [ANOMALY] Price spike detected: EURGBP 2026-07-28 05:20:00 change: -0.0000
2026-07-29 06:17:03,152 | WARNING  | [ANOMALY] Price spike detected: EURGBP-OTC 2026-07-28 03:15:00 change: -0.0008
2026-07-29 06:17:03,152 | WARNING  | [ANOMALY] Price spike detected: EURUSD 2026-07-28 07:30:00 change: 0.0000
2026-07-29 06:17:03,152 | INFO     | [CSVWriter] Writing 99 rows to data_base/csv/iq_option\EURGBP-OTC\EURGBP-OTC_M1.csv
2026-07-29 06:17:03,152 | WARNING  | [ANOMALY] Price spike detected: GBPUSD-OTC 2026-07-28 03:40:00 change: -0.0005
2026-07-29 06:17:03,153 | WARNING  | [ANOMALY] Price spike detected: EURGBP 2026-07-28 05:25:00 change: 0.0000
2026-07-29 06:17:03,153 | WARNING  | [ANOMALY] Price spike detected: EURGBP-OTC 2026-07-28 03:20:00 change: -0.0001
2026-07-29 06:17:03,153 | WARNING  | [ANOMALY] Price spike detected: EURUSD 2026-07-28 07:40:00 change: -0.0001
2026-07-29 06:17:03,155 | WARNING  | [ANOMALY] Price spike detected: GBPUSD-OTC 2026-07-28 03:45:00 change: -0.0005
2026-07-29 06:17:03,156 | WARNING  | [ANOMALY] Price spike detected: EURGBP 2026-07-28 05:30:00 change: 0.0001
2026-07-29 06:17:03,156 | WARNING  | [ANOMALY] Price spike detected: EURGBP-OTC 2026-07-28 03:25:00 change: -0.0003
2026-07-29 06:17:03,156 | WARNING  | [ANOMALY] Price spike detected: EURUSD 2026-07-28 07:45:00 change: -0.0002
2026-07-29 06:17:03,156 | WARNING  | [ANOMALY] Price spike detected: GBPUSD-OTC 2026-07-28 03:50:00 change: -0.0005
2026-07-29 06:17:03,156 | WARNING  | [ANOMALY] Price spike detected: EURGBP 2026-07-28 05:35:00 change: 0.0000
2026-07-29 06:17:03,157 | WARNING  | [ANOMALY] Price spike detected: EURGBP-OTC 2026-07-28 03:30:00 change: -0.0004
2026-07-29 06:17:03,157 | WARNING  | [ANOMALY] Price spike detected: EURUSD 2026-07-28 07:50:00 change: -0.0001
2026-07-29 06:17:03,157 | WARNING  | [ANOMALY] Price spike detected: GBPUSD-OTC 2026-07-28 03:55:00 change: 0.0005
2026-07-29 06:17:03,157 | WARNING  | [ANOMALY] Price spike detected: EURGBP 2026-07-28 05:40:00 change: -0.0000
2026-07-29 06:17:03,158 | WARNING  | [ANOMALY] Price spike detected: EURGBP-OTC 2026-07-28 03:35:00 change: 0.0005
2026-07-29 06:17:03,158 | WARNING  | [ANOMALY] Price spike detected: EURUSD 2026-07-28 08:00:00 change: 0.0003
2026-07-29 06:17:03,159 | WARNING  | [ANOMALY] Price spike detected: GBPUSD-OTC 2026-07-28 04:05:00 change: -0.0009
2026-07-29 06:17:03,161 | WARNING  | [ANOMALY] Price spike detected: EURGBP 2026-07-28 05:45:00 change: 0.0001
2026-07-29 06:17:03,161 | WARNING  | [ANOMALY] Price spike detected: EURGBP-OTC 2026-07-28 03:45:00 change: 0.0007
2026-07-29 06:17:03,161 | WARNING  | [ANOMALY] Price spike detected: EURUSD 2026-07-28 08:05:00 change: 0.0001
2026-07-29 06:17:03,162 | WARNING  | [ANOMALY] Price spike detected: GBPUSD-OTC 2026-07-28 04:10:00 change: 0.0009
2026-07-29 06:17:03,163 | WARNING  | [ANOMALY] Price spike detected: EURGBP 2026-07-28 05:50:00 change: -0.0000
2026-07-29 06:17:03,164 | WARNING  | [ANOMALY] Price spike detected: EURGBP-OTC 2026-07-28 03:50:00 change: -0.0003
2026-07-29 06:17:03,164 | WARNING  | [ANOMALY] Price spike detected: EURUSD 2026-07-28 08:10:00 change: -0.0001
2026-07-29 06:17:03,164 | WARNING  | [ANOMALY] Price spike detected: GBPUSD-OTC 2026-07-28 04:20:00 change: 0.0013
2026-07-29 06:17:03,165 | WARNING  | [ANOMALY] Price spike detected: EURGBP 2026-07-28 05:55:00 change: 0.0001
2026-07-29 06:17:03,165 | WARNING  | [ANOMALY] Price spike detected: EURGBP-OTC 2026-07-28 03:55:00 change: 0.0007
2026-07-29 06:17:03,165 | WARNING  | [ANOMALY] Price spike detected: EURUSD 2026-07-28 08:15:00 change: 0.0001
2026-07-29 06:17:03,165 | WARNING  | [ANOMALY] Price spike detected: GBPUSD-OTC 2026-07-28 04:25:00 change: 0.0002
2026-07-29 06:17:03,166 | INFO     | [CSVWriter] Successfully wrote 379 rows to data_base/csv/iq_option\EURGBP-OTC\EURGBP-OTC_M1.csv
2026-07-29 06:17:03,166 | WARNING  | [ANOMALY] Price spike detected: EURGBP 2026-07-28 06:00:00 change: 0.0001
2026-07-29 06:17:03,166 | WARNING  | [ANOMALY] Price spike detected: EURGBP-OTC 2026-07-28 04:00:00 change: -0.0004
2026-07-29 06:17:03,166 | WARNING  | [ANOMALY] Price spike detected: EURUSD 2026-07-28 08:20:00 change: 0.0002
2026-07-29 06:17:03,166 | WARNING  | [ANOMALY] Price spike detected: GBPUSD-OTC 2026-07-28 04:30:00 change: 0.0011
2026-07-29 06:17:03,167 | INFO     | [CSVQueue] Successfully processed write for data_base/csv/iq_option\EURGBP-OTC\EURGBP-OTC_M1.csv
2026-07-29 06:17:03,167 | WARNING  | [ANOMALY] Price spike detected: EURGBP 2026-07-28 06:05:00 change: -0.0001
2026-07-29 06:17:03,167 | WARNING  | [ANOMALY] Price spike detected: EURGBP-OTC 2026-07-28 04:05:00 change: -0.0002
2026-07-29 06:17:03,167 | WARNING  | [ANOMALY] Price spike detected: EURUSD 2026-07-28 08:25:00 change: -0.0001
2026-07-29 06:17:03,167 | WARNING  | [ANOMALY] Price spike detected: GBPUSD-OTC 2026-07-28 04:35:00 change: -0.0007
2026-07-29 06:17:03,168 | INFO     | [CSVQueue] Queue size: 0
2026-07-29 06:17:03,168 | WARNING  | [ANOMALY] Price spike detected: EURGBP 2026-07-28 06:10:00 change: -0.0001
2026-07-29 06:17:03,168 | WARNING  | [ANOMALY] Price spike detected: EURGBP-OTC 2026-07-28 04:10:00 change: 0.0005
2026-07-29 06:17:03,168 | WARNING  | [ANOMALY] Price spike detected: EURUSD 2026-07-28 08:40:00 change: 0.0001
2026-07-29 06:17:03,168 | WARNING  | [ANOMALY] Price spike detected: GBPUSD-OTC 2026-07-28 04:40:00 change: 0.0008
2026-07-29 06:17:03,169 | WARNING  | [ANOMALY] Price spike detected: EURGBP 2026-07-28 06:15:00 change: 0.0000
2026-07-29 06:17:03,169 | WARNING  | [ANOMALY] Price spike detected: EURGBP-OTC 2026-07-28 04:15:00 change: -0.0018
2026-07-29 06:17:03,169 | WARNING  | [ANOMALY] Price spike detected: EURUSD 2026-07-28 08:45:00 change: 0.0001
2026-07-29 06:17:03,169 | WARNING  | [ANOMALY] Price spike detected: GBPUSD-OTC 2026-07-28 04:45:00 change: 0.0015
2026-07-29 06:17:03,169 | WARNING  | [ANOMALY] Price spike detected: EURGBP 2026-07-28 06:20:00 change: 0.0001
2026-07-29 06:17:03,170 | WARNING  | [ANOMALY] Price spike detected: EURGBP-OTC 2026-07-28 04:20:00 change: -0.0004
2026-07-29 06:17:03,170 | WARNING  | [ANOMALY] Price spike detected: EURUSD 2026-07-28 08:50:00 change: -0.0001
2026-07-29 06:17:03,170 | WARNING  | [ANOMALY] Price spike detected: GBPUSD-OTC 2026-07-28 04:55:00 change: 0.0010
2026-07-29 06:17:03,170 | WARNING  | [ANOMALY] Price spike detected: EURGBP 2026-07-28 06:25:00 change: -0.0002
2026-07-29 06:17:03,170 | WARNING  | [ANOMALY] Price spike detected: EURGBP-OTC 2026-07-28 04:30:00 change: 0.0007
2026-07-29 06:17:03,170 | WARNING  | [ANOMALY] Price spike detected: EURUSD 2026-07-28 08:55:00 change: 0.0001
2026-07-29 06:17:03,170 | WARNING  | [ANOMALY] Price spike detected: GBPUSD-OTC 2026-07-28 05:00:00 change: -0.0009
2026-07-29 06:17:03,170 | WARNING  | [ANOMALY] Price spike detected: EURGBP 2026-07-28 06:30:00 change: 0.0002
2026-07-29 06:17:03,170 | WARNING  | [ANOMALY] Price spike detected: EURGBP-OTC 2026-07-28 04:35:00 change: -0.0011
2026-07-29 06:17:03,171 | WARNING  | [ANOMALY] Price spike detected: EURUSD 2026-07-28 09:00:00 change: -0.0001
2026-07-29 06:17:03,171 | WARNING  | [ANOMALY] Price spike detected: GBPUSD-OTC 2026-07-28 05:10:00 change: 0.0009
2026-07-29 06:17:03,171 | WARNING  | [ANOMALY] Price spike detected: EURGBP 2026-07-28 06:35:00 change: -0.0001
2026-07-29 06:17:03,171 | WARNING  | [ANOMALY] Price spike detected: EURGBP-OTC 2026-07-28 04:40:00 change: -0.0008
2026-07-29 06:17:03,171 | WARNING  | [ANOMALY] Price spike detected: EURUSD 2026-07-28 09:05:00 change: -0.0003
2026-07-29 06:17:03,171 | WARNING  | [ANOMALY] Price spike detected: GBPUSD-OTC 2026-07-28 05:15:00 change: -0.0003
2026-07-29 06:17:03,172 | WARNING  | [ANOMALY] Price spike detected: EURGBP 2026-07-28 06:40:00 change: -0.0001
2026-07-29 06:17:03,172 | WARNING  | [ANOMALY] Price spike detected: EURGBP-OTC 2026-07-28 04:50:00 change: 0.0006
2026-07-29 06:17:03,172 | WARNING  | [ANOMALY] Price spike detected: EURUSD 2026-07-28 09:10:00 change: -0.0001
2026-07-29 06:17:03,172 | WARNING  | [ANOMALY] Price spike detected: GBPUSD-OTC 2026-07-28 05:20:00 change: -0.0004
2026-07-29 06:17:03,172 | WARNING  | [ANOMALY] Price spike detected: EURGBP 2026-07-28 06:45:00 change: 0.0000
2026-07-29 06:17:03,172 | WARNING  | [ANOMALY] Price spike detected: EURGBP-OTC 2026-07-28 05:00:00 change: 0.0002
2026-07-29 06:17:03,173 | WARNING  | [ANOMALY] Price spike detected: EURUSD 2026-07-28 09:15:00 change: 0.0000
2026-07-29 06:17:03,173 | WARNING  | [ANOMALY] Price spike detected: GBPUSD-OTC 2026-07-28 05:30:00 change: 0.0002
2026-07-29 06:17:03,173 | WARNING  | [ANOMALY] Price spike detected: EURGBP 2026-07-28 06:50:00 change: -0.0001
2026-07-29 06:17:03,173 | WARNING  | [ANOMALY] Price spike detected: EURGBP-OTC 2026-07-28 05:10:00 change: 0.0006
2026-07-29 06:17:03,173 | WARNING  | [ANOMALY] Price spike detected: EURUSD 2026-07-28 09:20:00 change: -0.0000
2026-07-29 06:17:03,173 | WARNING  | [ANOMALY] Price spike detected: GBPUSD-OTC 2026-07-28 05:35:00 change: 0.0006
2026-07-29 06:17:03,174 | WARNING  | [ANOMALY] Price spike detected: EURGBP 2026-07-28 06:55:00 change: -0.0003
2026-07-29 06:17:03,174 | WARNING  | [ANOMALY] Price spike detected: EURGBP-OTC 2026-07-28 05:15:00 change: 0.0005
2026-07-29 06:17:03,174 | WARNING  | [ANOMALY] Price spike detected: EURUSD 2026-07-28 09:25:00 change: -0.0001
2026-07-29 06:17:03,174 | WARNING  | [ANOMALY] Price spike detected: GBPUSD-OTC 2026-07-28 05:45:00 change: 0.0010
2026-07-29 06:17:03,174 | WARNING  | [ANOMALY] Price spike detected: EURGBP 2026-07-28 07:00:00 change: 0.0002
2026-07-29 06:17:03,174 | WARNING  | [ANOMALY] Price spike detected: EURGBP-OTC 2026-07-28 05:20:00 change: -0.0012
2026-07-29 06:17:03,175 | WARNING  | [ANOMALY] Price spike detected: EURUSD 2026-07-28 09:30:00 change: -0.0001
2026-07-29 06:17:03,175 | WARNING  | [ANOMALY] Price spike detected: GBPUSD-OTC 2026-07-28 05:50:00 change: 0.0005
2026-07-29 06:17:03,175 | WARNING  | [ANOMALY] Price spike detected: EURGBP 2026-07-28 07:05:00 change: -0.0001
2026-07-29 06:17:03,175 | WARNING  | [ANOMALY] Price spike detected: EURGBP-OTC 2026-07-28 05:25:00 change: 0.0006
2026-07-29 06:17:03,175 | WARNING  | [ANOMALY] Price spike detected: EURUSD 2026-07-28 09:40:00 change: -0.0002
2026-07-29 06:17:03,175 | WARNING  | [ANOMALY] Price spike detected: GBPUSD-OTC 2026-07-28 05:55:00 change: -0.0011
2026-07-29 06:17:03,176 | WARNING  | [ANOMALY] Price spike detected: EURGBP 2026-07-28 07:15:00 change: -0.0001
2026-07-29 06:17:03,176 | WARNING  | [ANOMALY] Price spike detected: EURGBP-OTC 2026-07-28 05:30:00 change: 0.0004
2026-07-29 06:17:03,176 | WARNING  | [ANOMALY] Price spike detected: EURUSD 2026-07-28 09:45:00 change: -0.0001
2026-07-29 06:17:03,176 | WARNING  | [ANOMALY] Price spike detected: GBPUSD-OTC 2026-07-28 06:00:00 change: 0.0004
2026-07-29 06:17:03,177 | WARNING  | [ANOMALY] Price spike detected: EURGBP 2026-07-28 07:20:00 change: -0.0002
2026-07-29 06:17:03,177 | WARNING  | [ANOMALY] Price spike detected: EURGBP-OTC 2026-07-28 05:35:00 change: 0.0002
2026-07-29 06:17:03,178 | WARNING  | [ANOMALY] Price spike detected: EURUSD 2026-07-28 09:50:00 change: -0.0001
2026-07-29 06:17:03,178 | WARNING  | [ANOMALY] Price spike detected: GBPUSD-OTC 2026-07-28 06:10:00 change: 0.0004
2026-07-29 06:17:03,178 | WARNING  | [ANOMALY] Price spike detected: EURGBP 2026-07-28 07:25:00 change: -0.0000
2026-07-29 06:17:03,179 | WARNING  | [ANOMALY] Price spike detected: EURGBP-OTC 2026-07-28 05:40:00 change: 0.0003
2026-07-29 06:17:03,179 | WARNING  | [ANOMALY] Price spike detected: EURUSD 2026-07-28 09:55:00 change: -0.0003
2026-07-29 06:17:03,180 | WARNING  | [ANOMALY] Price spike detected: GBPUSD-OTC 2026-07-28 06:15:00 change: 0.0005
2026-07-29 06:17:03,180 | WARNING  | [ANOMALY] Price spike detected: EURGBP 2026-07-28 07:35:00 change: 0.0003
2026-07-29 06:17:03,180 | WARNING  | [ANOMALY] Price spike detected: EURGBP-OTC 2026-07-28 05:45:00 change: 0.0002
2026-07-29 06:17:03,180 | WARNING  | [ANOMALY] Price spike detected: EURUSD 2026-07-28 10:00:00 change: -0.0000
2026-07-29 06:17:03,180 | WARNING  | [ANOMALY] Price spike detected: GBPUSD-OTC 2026-07-28 06:20:00 change: -0.0006
2026-07-29 06:17:03,180 | WARNING  | [ANOMALY] Price spike detected: EURGBP 2026-07-28 07:45:00 change: 0.0001
2026-07-29 06:17:03,181 | WARNING  | [ANOMALY] Price spike detected: EURGBP-OTC 2026-07-28 05:50:00 change: 0.0007
2026-07-29 06:17:03,181 | WARNING  | [ANOMALY] Price spike detected: EURUSD 2026-07-28 10:05:00 change: -0.0001
2026-07-29 06:17:03,181 | WARNING  | [ANOMALY] Price spike detected: GBPUSD-OTC 2026-07-28 06:25:00 change: 0.0004
2026-07-29 06:17:03,181 | WARNING  | [ANOMALY] Price spike detected: EURGBP 2026-07-28 07:50:00 change: -0.0002
2026-07-29 06:17:03,181 | WARNING  | [ANOMALY] Price spike detected: EURGBP-OTC 2026-07-28 05:55:00 change: 0.0006
2026-07-29 06:17:03,181 | WARNING  | [ANOMALY] Price spike detected: EURUSD 2026-07-28 10:10:00 change: 0.0002
2026-07-29 06:17:03,182 | WARNING  | [ANOMALY] Price spike detected: GBPUSD-OTC 2026-07-28 06:30:00 change: -0.0005
2026-07-29 06:17:03,182 | WARNING  | [ANOMALY] Price spike detected: EURGBP 2026-07-28 07:55:00 change: 0.0002
2026-07-29 06:17:03,182 | WARNING  | [ANOMALY] Price spike detected: EURGBP-OTC 2026-07-28 06:00:00 change: -0.0003
2026-07-29 06:17:03,182 | WARNING  | [ANOMALY] Price spike detected: EURUSD 2026-07-28 10:15:00 change: -0.0001
2026-07-29 06:17:03,182 | WARNING  | [ANOMALY] Price spike detected: GBPUSD-OTC 2026-07-28 06:35:00 change: 0.0009
2026-07-29 06:17:03,182 | WARNING  | [ANOMALY] Price spike detected: EURGBP 2026-07-28 08:00:00 change: -0.0004
2026-07-29 06:17:03,183 | WARNING  | [ANOMALY] Price spike detected: EURGBP-OTC 2026-07-28 06:20:00 change: -0.0002
2026-07-29 06:17:03,183 | WARNING  | [ANOMALY] Price spike detected: EURUSD 2026-07-28 10:20:00 change: 0.0002
2026-07-29 06:17:03,183 | WARNING  | [ANOMALY] Price spike detected: GBPUSD-OTC 2026-07-28 06:40:00 change: 0.0010
2026-07-29 06:17:03,183 | WARNING  | [ANOMALY] Price spike detected: EURGBP 2026-07-28 08:05:00 change: 0.0001
2026-07-29 06:17:03,183 | WARNING  | [ANOMALY] Price spike detected: EURGBP-OTC 2026-07-28 06:30:00 change: -0.0004
2026-07-29 06:17:03,183 | WARNING  | [ANOMALY] Price spike detected: EURUSD 2026-07-28 10:25:00 change: -0.0001
2026-07-29 06:17:03,183 | WARNING  | [ANOMALY] Price spike detected: GBPUSD-OTC 2026-07-28 06:55:00 change: 0.0010
2026-07-29 06:17:03,184 | WARNING  | [ANOMALY] Price spike detected: EURGBP 2026-07-28 08:25:00 change: 0.0001
2026-07-29 06:17:03,184 | WARNING  | [ANOMALY] Price spike detected: EURGBP-OTC 2026-07-28 06:35:00 change: 0.0002
2026-07-29 06:17:03,184 | WARNING  | [ANOMALY] Price spike detected: EURUSD 2026-07-28 10:30:00 change: 0.0003
2026-07-29 06:17:03,184 | WARNING  | [ANOMALY] Price spike detected: GBPUSD-OTC 2026-07-28 07:00:00 change: -0.0006
2026-07-29 06:17:03,184 | WARNING  | [ANOMALY] Price spike detected: EURGBP 2026-07-28 08:35:00 change: 0.0003
2026-07-29 06:17:03,184 | WARNING  | [ANOMALY] Price spike detected: EURGBP-OTC 2026-07-28 06:40:00 change: 0.0007
2026-07-29 06:17:03,185 | WARNING  | [ANOMALY] Price spike detected: EURUSD 2026-07-28 10:35:00 change: 0.0001
2026-07-29 06:17:03,185 | WARNING  | [ANOMALY] Price spike detected: GBPUSD-OTC 2026-07-28 07:05:00 change: -0.0005
2026-07-29 06:17:03,185 | WARNING  | [ANOMALY] Price spike detected: EURGBP 2026-07-28 08:40:00 change: -0.0001
2026-07-29 06:17:03,185 | WARNING  | [ANOMALY] Price spike detected: EURGBP-OTC 2026-07-28 06:45:00 change: 0.0002
2026-07-29 06:17:03,185 | WARNING  | [ANOMALY] Price spike detected: EURUSD 2026-07-28 10:40:00 change: -0.0003
2026-07-29 06:17:03,185 | WARNING  | [ANOMALY] Price spike detected: GBPUSD-OTC 2026-07-28 07:10:00 change: 0.0003
2026-07-29 06:17:03,185 | WARNING  | [ANOMALY] Price spike detected: EURGBP 2026-07-28 08:45:00 change: -0.0001
2026-07-29 06:17:03,186 | WARNING  | [ANOMALY] Price spike detected: EURGBP-OTC 2026-07-28 06:55:00 change: -0.0002
2026-07-29 06:17:03,186 | WARNING  | [ANOMALY] Price spike detected: EURUSD 2026-07-28 10:45:00 change: 0.0001
2026-07-29 06:17:03,186 | WARNING  | [ANOMALY] Price spike detected: GBPUSD-OTC 2026-07-28 07:15:00 change: 0.0006
2026-07-29 06:17:03,186 | WARNING  | [ANOMALY] Price spike detected: EURGBP 2026-07-28 08:50:00 change: 0.0001
2026-07-29 06:17:03,186 | WARNING  | [ANOMALY] Price spike detected: EURGBP-OTC 2026-07-28 07:10:00 change: -0.0008
2026-07-29 06:17:03,186 | WARNING  | [ANOMALY] Price spike detected: EURUSD 2026-07-28 10:50:00 change: 0.0003
2026-07-29 06:17:03,187 | WARNING  | [ANOMALY] Price spike detected: GBPUSD-OTC 2026-07-28 07:20:00 change: -0.0009
2026-07-29 06:17:03,187 | WARNING  | [ANOMALY] Price spike detected: EURGBP 2026-07-28 08:55:00 change: -0.0001
2026-07-29 06:17:03,187 | WARNING  | [ANOMALY] Price spike detected: EURGBP-OTC 2026-07-28 07:15:00 change: 0.0006
2026-07-29 06:17:03,188 | WARNING  | [ANOMALY] Price spike detected: EURUSD 2026-07-28 10:55:00 change: -0.0001
2026-07-29 06:17:03,188 | WARNING  | [ANOMALY] Price spike detected: GBPUSD-OTC 2026-07-28 07:25:00 change: 0.0010
2026-07-29 06:17:03,188 | WARNING  | [ANOMALY] Price spike detected: EURGBP 2026-07-28 09:05:00 change: 0.0002
2026-07-29 06:17:03,188 | WARNING  | [ANOMALY] Price spike detected: EURGBP-OTC 2026-07-28 07:20:00 change: 0.0006
2026-07-29 06:17:03,188 | WARNING  | [ANOMALY] Price spike detected: EURUSD 2026-07-28 11:00:00 change: -0.0001
2026-07-29 06:17:03,188 | WARNING  | [ANOMALY] Price spike detected: GBPUSD-OTC 2026-07-28 07:30:00 change: -0.0005
2026-07-29 06:17:03,189 | WARNING  | [ANOMALY] Price spike detected: EURGBP 2026-07-28 09:15:00 change: 0.0001
2026-07-29 06:17:03,189 | WARNING  | [ANOMALY] Price spike detected: EURGBP-OTC 2026-07-28 07:25:00 change: -0.0009
2026-07-29 06:17:03,189 | WARNING  | [ANOMALY] Price spike detected: EURUSD 2026-07-28 11:05:00 change: -0.0002
2026-07-29 06:17:03,189 | WARNING  | [ANOMALY] Price spike detected: GBPUSD-OTC 2026-07-28 07:35:00 change: -0.0006
2026-07-29 06:17:03,189 | WARNING  | [ANOMALY] Price spike detected: EURGBP 2026-07-28 09:30:00 change: 0.0001
2026-07-29 06:17:03,189 | WARNING  | [ANOMALY] Price spike detected: EURGBP-OTC 2026-07-28 07:30:00 change: 0.0007
2026-07-29 06:17:03,189 | WARNING  | [ANOMALY] Price spike detected: EURUSD 2026-07-28 11:10:00 change: 0.0001
2026-07-29 06:17:03,190 | WARNING  | [ANOMALY] Price spike detected: GBPUSD-OTC 2026-07-28 07:40:00 change: 0.0005
2026-07-29 06:17:03,190 | WARNING  | [ANOMALY] Price spike detected: EURGBP 2026-07-28 09:35:00 change: -0.0001
2026-07-29 06:17:03,190 | WARNING  | [ANOMALY] Price spike detected: EURGBP-OTC 2026-07-28 07:35:00 change: -0.0008
2026-07-29 06:17:03,190 | WARNING  | [ANOMALY] Price spike detected: EURUSD 2026-07-28 11:15:00 change: 0.0003
2026-07-29 06:17:03,190 | WARNING  | [ANOMALY] Price spike detected: GBPUSD-OTC 2026-07-28 07:50:00 change: -0.0008
2026-07-29 06:17:03,190 | WARNING  | [ANOMALY] Price spike detected: EURGBP 2026-07-28 09:40:00 change: 0.0001
2026-07-29 06:17:03,191 | WARNING  | [ANOMALY] Price spike detected: EURGBP-OTC 2026-07-28 07:40:00 change: -0.0006
2026-07-29 06:17:03,191 | WARNING  | [ANOMALY] Price spike detected: EURUSD 2026-07-28 11:20:00 change: 0.0002
2026-07-29 06:17:03,191 | WARNING  | [ANOMALY] Price spike detected: GBPUSD-OTC 2026-07-28 07:55:00 change: 0.0003
2026-07-29 06:17:03,191 | WARNING  | [ANOMALY] Price spike detected: EURGBP 2026-07-28 09:45:00 change: 0.0000
2026-07-29 06:17:03,191 | WARNING  | [ANOMALY] Price spike detected: EURGBP-OTC 2026-07-28 07:50:00 change: -0.0003
2026-07-29 06:17:03,191 | WARNING  | [ANOMALY] Price spike detected: EURUSD 2026-07-28 11:25:00 change: 0.0001
2026-07-29 06:17:03,192 | WARNING  | [ANOMALY] Price spike detected: GBPUSD-OTC 2026-07-28 08:00:00 change: 0.0005
2026-07-29 06:17:03,192 | WARNING  | [ANOMALY] Price spike detected: EURGBP 2026-07-28 09:50:00 change: 0.0002
2026-07-29 06:17:03,192 | WARNING  | [ANOMALY] Price spike detected: EURGBP-OTC 2026-07-28 07:55:00 change: 0.0002
2026-07-29 06:17:03,192 | WARNING  | [ANOMALY] Price spike detected: EURUSD 2026-07-28 11:30:00 change: -0.0001
2026-07-29 06:17:03,192 | WARNING  | [ANOMALY] Price spike detected: GBPUSD-OTC 2026-07-28 08:05:00 change: -0.0002
2026-07-29 06:17:03,192 | WARNING  | [ANOMALY] Price spike detected: EURGBP 2026-07-28 09:55:00 change: -0.0002
2026-07-29 06:17:03,193 | WARNING  | [ANOMALY] Price spike detected: EURGBP-OTC 2026-07-28 08:10:00 change: 0.0002
2026-07-29 06:17:03,193 | WARNING  | [ANOMALY] Price spike detected: EURUSD 2026-07-28 11:35:00 change: 0.0002
2026-07-29 06:17:03,193 | WARNING  | [ANOMALY] Price spike detected: GBPUSD-OTC 2026-07-28 08:10:00 change: -0.0003
2026-07-29 06:17:03,193 | WARNING  | [ANOMALY] Price spike detected: EURGBP 2026-07-28 10:00:00 change: 0.0001
2026-07-29 06:17:03,193 | WARNING  | [ANOMALY] Price spike detected: EURGBP-OTC 2026-07-28 08:15:00 change: -0.0005
2026-07-29 06:17:03,194 | WARNING  | [ANOMALY] Price spike detected: EURUSD 2026-07-28 11:40:00 change: -0.0002
2026-07-29 06:17:03,194 | WARNING  | [ANOMALY] Price spike detected: GBPUSD-OTC 2026-07-28 08:20:00 change: -0.0002
2026-07-29 06:17:03,194 | WARNING  | [ANOMALY] Price spike detected: EURGBP 2026-07-28 10:10:00 change: 0.0001
2026-07-29 06:17:03,194 | WARNING  | [ANOMALY] Price spike detected: EURGBP-OTC 2026-07-28 08:20:00 change: 0.0006
2026-07-29 06:17:03,194 | WARNING  | [ANOMALY] Price spike detected: EURUSD 2026-07-28 11:45:00 change: -0.0001
2026-07-29 06:17:03,194 | WARNING  | [ANOMALY] Price spike detected: GBPUSD-OTC 2026-07-28 08:25:00 change: -0.0003
2026-07-29 06:17:03,195 | WARNING  | [ANOMALY] Price spike detected: EURGBP 2026-07-28 10:15:00 change: 0.0001
2026-07-29 06:17:03,195 | WARNING  | [ANOMALY] Price spike detected: EURGBP-OTC 2026-07-28 08:25:00 change: 0.0009
2026-07-29 06:17:03,195 | WARNING  | [ANOMALY] Price spike detected: EURUSD 2026-07-28 11:50:00 change: 0.0002
2026-07-29 06:17:03,195 | WARNING  | [ANOMALY] Price spike detected: GBPUSD-OTC 2026-07-28 08:30:00 change: 0.0005
2026-07-29 06:17:03,195 | WARNING  | [ANOMALY] Price spike detected: EURGBP 2026-07-28 10:20:00 change: -0.0002
2026-07-29 06:17:03,195 | WARNING  | [ANOMALY] Price spike detected: EURGBP-OTC 2026-07-28 08:40:00 change: -0.0008
2026-07-29 06:17:03,196 | WARNING  | [ANOMALY] Price spike detected: EURUSD 2026-07-28 11:55:00 change: 0.0001
2026-07-29 06:17:03,196 | WARNING  | [ANOMALY] Price spike detected: GBPUSD-OTC 2026-07-28 08:35:00 change: -0.0002
2026-07-29 06:17:03,196 | WARNING  | [ANOMALY] Price spike detected: EURGBP 2026-07-28 10:30:00 change: 0.0001
2026-07-29 06:17:03,196 | WARNING  | [ANOMALY] Price spike detected: EURGBP-OTC 2026-07-28 08:45:00 change: 0.0004
2026-07-29 06:17:03,196 | WARNING  | [ANOMALY] Price spike detected: EURUSD 2026-07-28 12:00:00 change: -0.0001
2026-07-29 06:17:03,196 | WARNING  | [ANOMALY] Price spike detected: GBPUSD-OTC 2026-07-28 08:45:00 change: -0.0013
2026-07-29 06:17:03,197 | WARNING  | [ANOMALY] Price spike detected: EURGBP 2026-07-28 10:45:00 change: 0.0002
2026-07-29 06:17:03,197 | WARNING  | [ANOMALY] Price spike detected: EURGBP-OTC 2026-07-28 08:55:00 change: -0.0007
2026-07-29 06:17:03,197 | WARNING  | [ANOMALY] Price spike detected: EURUSD 2026-07-28 12:05:00 change: 0.0003
2026-07-29 06:17:03,197 | WARNING  | [ANOMALY] Price spike detected: GBPUSD-OTC 2026-07-28 08:50:00 change: 0.0003
2026-07-29 06:17:03,197 | WARNING  | [ANOMALY] Price spike detected: EURGBP 2026-07-28 10:50:00 change: 0.0000
2026-07-29 06:17:03,197 | WARNING  | [ANOMALY] Price spike detected: EURGBP-OTC 2026-07-28 09:00:00 change: -0.0003
2026-07-29 06:17:03,197 | WARNING  | [ANOMALY] Price spike detected: EURUSD 2026-07-28 12:10:00 change: -0.0001
2026-07-29 06:17:03,198 | WARNING  | [ANOMALY] Price spike detected: GBPUSD-OTC 2026-07-28 08:55:00 change: -0.0006
2026-07-29 06:17:03,198 | WARNING  | [ANOMALY] Price spike detected: EURGBP 2026-07-28 10:55:00 change: -0.0002
2026-07-29 06:17:03,198 | WARNING  | [ANOMALY] Price spike detected: EURGBP-OTC 2026-07-28 09:05:00 change: 0.0009
2026-07-29 06:17:03,198 | WARNING  | [ANOMALY] Price spike detected: EURUSD 2026-07-28 12:20:00 change: -0.0001
2026-07-29 06:17:03,198 | WARNING  | [ANOMALY] Price spike detected: GBPUSD-OTC 2026-07-28 09:00:00 change: 0.0005
2026-07-29 06:17:03,198 | WARNING  | [ANOMALY] Price spike detected: EURGBP 2026-07-28 11:00:00 change: 0.0001
2026-07-29 06:17:03,199 | WARNING  | [ANOMALY] Price spike detected: EURGBP-OTC 2026-07-28 09:10:00 change: 0.0013
2026-07-29 06:17:03,199 | WARNING  | [ANOMALY] Price spike detected: EURUSD 2026-07-28 12:25:00 change: -0.0001
2026-07-29 06:17:03,199 | WARNING  | [ANOMALY] Price spike detected: GBPUSD-OTC 2026-07-28 09:05:00 change: -0.0008
2026-07-29 06:17:03,199 | WARNING  | [ANOMALY] Price spike detected: EURGBP 2026-07-28 11:05:00 change: -0.0002
2026-07-29 06:17:03,199 | WARNING  | [ANOMALY] Price spike detected: EURGBP-OTC 2026-07-28 09:15:00 change: 0.0007
2026-07-29 06:17:03,199 | WARNING  | [ANOMALY] Price spike detected: EURUSD 2026-07-28 12:40:00 change: 0.0002
2026-07-29 06:17:03,200 | WARNING  | [ANOMALY] Price spike detected: GBPUSD-OTC 2026-07-28 09:10:00 change: -0.0007
2026-07-29 06:17:03,200 | WARNING  | [ANOMALY] Price spike detected: EURGBP 2026-07-28 11:10:00 change: 0.0002
2026-07-29 06:17:03,200 | WARNING  | [ANOMALY] Price spike detected: EURGBP-OTC 2026-07-28 09:20:00 change: -0.0003
2026-07-29 06:17:03,200 | WARNING  | [ANOMALY] Price spike detected: EURUSD 2026-07-28 12:45:00 change: 0.0002
2026-07-29 06:17:03,200 | WARNING  | [ANOMALY] Price spike detected: GBPUSD-OTC 2026-07-28 09:20:00 change: 0.0004
2026-07-29 06:17:03,200 | WARNING  | [ANOMALY] Price spike detected: EURGBP 2026-07-28 11:15:00 change: 0.0001
2026-07-29 06:17:03,201 | WARNING  | [ANOMALY] Price spike detected: EURGBP-OTC 2026-07-28 09:25:00 change: 0.0006
2026-07-29 06:17:03,201 | WARNING  | [ANOMALY] Price spike detected: EURUSD 2026-07-28 12:50:00 change: -0.0002
2026-07-29 06:17:03,201 | WARNING  | [ANOMALY] Price spike detected: GBPUSD-OTC 2026-07-28 09:25:00 change: 0.0002
2026-07-29 06:17:03,201 | WARNING  | [ANOMALY] Price spike detected: EURGBP 2026-07-28 11:25:00 change: 0.0002
2026-07-29 06:17:03,201 | WARNING  | [ANOMALY] Price spike detected: EURGBP-OTC 2026-07-28 09:30:00 change: 0.0008
2026-07-29 06:17:03,202 | WARNING  | [ANOMALY] Price spike detected: EURUSD 2026-07-28 13:00:00 change: 0.0002
2026-07-29 06:17:03,202 | WARNING  | [ANOMALY] Price spike detected: GBPUSD-OTC 2026-07-28 09:30:00 change: -0.0004
2026-07-29 06:17:03,202 | WARNING  | [ANOMALY] Price spike detected: EURGBP 2026-07-28 11:30:00 change: -0.0001
2026-07-29 06:17:03,202 | WARNING  | [ANOMALY] Price spike detected: EURGBP-OTC 2026-07-28 09:35:00 change: -0.0006
2026-07-29 06:17:03,202 | WARNING  | [ANOMALY] Price spike detected: EURUSD 2026-07-28 13:05:00 change: 0.0002
2026-07-29 06:17:03,202 | WARNING  | [ANOMALY] Price spike detected: GBPUSD-OTC 2026-07-28 09:35:00 change: -0.0016
2026-07-29 06:17:03,202 | WARNING  | [ANOMALY] Price spike detected: EURGBP 2026-07-28 11:35:00 change: 0.0001
2026-07-29 06:17:03,203 | WARNING  | [ANOMALY] Price spike detected: EURGBP-OTC 2026-07-28 09:40:00 change: -0.0007
2026-07-29 06:17:03,203 | WARNING  | [ANOMALY] Price spike detected: EURUSD 2026-07-28 13:10:00 change: -0.0002
2026-07-29 06:17:03,203 | WARNING  | [ANOMALY] Price spike detected: GBPUSD-OTC 2026-07-28 09:45:00 change: 0.0007
2026-07-29 06:17:03,203 | WARNING  | [ANOMALY] Price spike detected: EURGBP 2026-07-28 11:40:00 change: -0.0001
2026-07-29 06:17:03,203 | WARNING  | [ANOMALY] Price spike detected: EURGBP-OTC 2026-07-28 09:45:00 change: -0.0010
2026-07-29 06:17:03,203 | WARNING  | [ANOMALY] Price spike detected: EURUSD 2026-07-28 13:15:00 change: 0.0001
2026-07-29 06:17:03,204 | WARNING  | [ANOMALY] Price spike detected: GBPUSD-OTC 2026-07-28 09:50:00 change: -0.0005
2026-07-29 06:17:03,204 | WARNING  | [ANOMALY] Price spike detected: EURGBP 2026-07-28 11:50:00 change: 0.0002
2026-07-29 06:17:03,204 | WARNING  | [ANOMALY] Price spike detected: EURGBP-OTC 2026-07-28 09:55:00 change: -0.0004
2026-07-29 06:17:03,204 | WARNING  | [ANOMALY] Price spike detected: EURUSD 2026-07-28 13:25:00 change: -0.0001
2026-07-29 06:17:03,204 | WARNING  | [ANOMALY] Price spike detected: GBPUSD-OTC 2026-07-28 09:55:00 change: 0.0007
2026-07-29 06:17:03,204 | WARNING  | [ANOMALY] Price spike detected: EURGBP 2026-07-28 12:00:00 change: -0.0004
2026-07-29 06:17:03,204 | WARNING  | [ANOMALY] Price spike detected: EURGBP-OTC 2026-07-28 10:05:00 change: -0.0011
2026-07-29 06:17:03,205 | WARNING  | [ANOMALY] Price spike detected: EURUSD 2026-07-28 13:30:00 change: 0.0002
2026-07-29 06:17:03,205 | WARNING  | [ANOMALY] Price spike detected: GBPUSD-OTC 2026-07-28 10:00:00 change: -0.0004
2026-07-29 06:17:03,205 | WARNING  | [ANOMALY] Price spike detected: EURGBP 2026-07-28 12:10:00 change: -0.0001
2026-07-29 06:17:03,205 | WARNING  | [ANOMALY] Price spike detected: EURGBP-OTC 2026-07-28 10:15:00 change: -0.0008
2026-07-29 06:17:03,205 | WARNING  | [ANOMALY] Price spike detected: EURUSD 2026-07-28 13:35:00 change: -0.0001
2026-07-29 06:17:03,205 | WARNING  | [ANOMALY] Price spike detected: GBPUSD-OTC 2026-07-28 10:05:00 change: -0.0004
2026-07-29 06:17:03,205 | WARNING  | [ANOMALY] Price spike detected: EURGBP 2026-07-28 12:15:00 change: -0.0001
2026-07-29 06:17:03,206 | WARNING  | [ANOMALY] Price spike detected: EURGBP-OTC 2026-07-28 10:20:00 change: -0.0005
2026-07-29 06:17:03,206 | WARNING  | [ANOMALY] Price spike detected: EURUSD 2026-07-28 13:40:00 change: 0.0001
2026-07-29 06:17:03,206 | WARNING  | [ANOMALY] Price spike detected: GBPUSD-OTC 2026-07-28 10:10:00 change: 0.0010
2026-07-29 06:17:03,206 | WARNING  | [ANOMALY] Price spike detected: EURGBP 2026-07-28 12:20:00 change: -0.0001
2026-07-29 06:17:03,206 | WARNING  | [ANOMALY] Price spike detected: EURGBP-OTC 2026-07-28 10:25:00 change: -0.0007
2026-07-29 06:17:03,206 | WARNING  | [ANOMALY] Price spike detected: EURUSD 2026-07-28 13:45:00 change: 0.0003
2026-07-29 06:17:03,207 | WARNING  | [ANOMALY] Price spike detected: GBPUSD-OTC 2026-07-28 10:15:00 change: -0.0006
2026-07-29 06:17:03,207 | WARNING  | [ANOMALY] Price spike detected: EURGBP 2026-07-28 12:30:00 change: -0.0002
2026-07-29 06:17:03,207 | WARNING  | [ANOMALY] Price spike detected: EURGBP-OTC 2026-07-28 10:30:00 change: -0.0006
2026-07-29 06:17:03,207 | WARNING  | [ANOMALY] Price spike detected: EURUSD 2026-07-28 14:00:00 change: 0.0001
2026-07-29 06:17:03,207 | WARNING  | [ANOMALY] Price spike detected: GBPUSD-OTC 2026-07-28 10:20:00 change: -0.0004
2026-07-29 06:17:03,207 | WARNING  | [ANOMALY] Price spike detected: EURGBP 2026-07-28 12:35:00 change: -0.0001
2026-07-29 06:17:03,208 | WARNING  | [ANOMALY] Price spike detected: EURGBP-OTC 2026-07-28 10:35:00 change: 0.0004
2026-07-29 06:17:03,208 | WARNING  | [ANOMALY] Price spike detected: EURUSD 2026-07-28 14:05:00 change: 0.0001
2026-07-29 06:17:03,208 | WARNING  | [ANOMALY] Price spike detected: GBPUSD-OTC 2026-07-28 10:25:00 change: -0.0007
2026-07-29 06:17:03,208 | WARNING  | [ANOMALY] Price spike detected: EURGBP 2026-07-28 12:40:00 change: -0.0001
2026-07-29 06:17:03,208 | WARNING  | [ANOMALY] Price spike detected: EURGBP-OTC 2026-07-28 10:45:00 change: 0.0005
2026-07-29 06:17:03,209 | WARNING  | [ANOMALY] Price spike detected: EURUSD 2026-07-28 14:10:00 change: -0.0001
2026-07-29 06:17:03,209 | WARNING  | [ANOMALY] Price spike detected: GBPUSD-OTC 2026-07-28 10:30:00 change: -0.0008
2026-07-29 06:17:03,209 | WARNING  | [ANOMALY] Price spike detected: EURGBP 2026-07-28 12:45:00 change: -0.0001
2026-07-29 06:17:03,209 | WARNING  | [ANOMALY] Price spike detected: EURGBP-OTC 2026-07-28 10:50:00 change: -0.0007
2026-07-29 06:17:03,210 | WARNING  | [ANOMALY] Price spike detected: EURUSD 2026-07-28 14:15:00 change: -0.0001
2026-07-29 06:17:03,210 | WARNING  | [ANOMALY] Price spike detected: GBPUSD-OTC 2026-07-28 10:35:00 change: 0.0002
2026-07-29 06:17:03,210 | WARNING  | [ANOMALY] Price spike detected: EURGBP 2026-07-28 12:55:00 change: -0.0001
2026-07-29 06:17:03,210 | WARNING  | [ANOMALY] Price spike detected: EURGBP-OTC 2026-07-28 10:55:00 change: -0.0011
2026-07-29 06:17:03,210 | WARNING  | [ANOMALY] Price spike detected: EURUSD 2026-07-28 14:20:00 change: 0.0002
2026-07-29 06:17:03,211 | WARNING  | [ANOMALY] Price spike detected: GBPUSD-OTC 2026-07-28 10:40:00 change: 0.0004
2026-07-29 06:17:03,211 | WARNING  | [ANOMALY] Price spike detected: EURGBP 2026-07-28 13:00:00 change: 0.0001
2026-07-29 06:17:03,211 | WARNING  | [ANOMALY] Price spike detected: EURGBP-OTC 2026-07-28 11:00:00 change: -0.0003
2026-07-29 06:17:03,212 | WARNING  | [ANOMALY] Price spike detected: EURUSD 2026-07-28 14:25:00 change: 0.0003
2026-07-29 06:17:03,212 | WARNING  | [ANOMALY] Price spike detected: GBPUSD-OTC 2026-07-28 10:45:00 change: -0.0004
2026-07-29 06:17:03,212 | WARNING  | [ANOMALY] Price spike detected: EURGBP 2026-07-28 13:10:00 change: 0.0001
2026-07-29 06:17:03,212 | WARNING  | [ANOMALY] Price spike detected: EURGBP-OTC 2026-07-28 11:05:00 change: -0.0008
2026-07-29 06:17:03,212 | WARNING  | [ANOMALY] Price spike detected: EURUSD 2026-07-28 14:30:00 change: -0.0001
2026-07-29 06:17:03,212 | WARNING  | [ANOMALY] Price spike detected: GBPUSD-OTC 2026-07-28 10:50:00 change: 0.0003
2026-07-29 06:17:03,213 | WARNING  | [ANOMALY] Price spike detected: EURGBP 2026-07-28 13:15:00 change: 0.0002
2026-07-29 06:17:03,213 | WARNING  | [ANOMALY] Price spike detected: EURGBP-OTC 2026-07-28 11:10:00 change: 0.0006
2026-07-29 06:17:03,213 | WARNING  | [ANOMALY] Price spike detected: EURUSD 2026-07-28 14:40:00 change: 0.0002
2026-07-29 06:17:03,213 | WARNING  | [ANOMALY] Price spike detected: GBPUSD-OTC 2026-07-28 10:55:00 change: -0.0008
2026-07-29 06:17:03,213 | WARNING  | [ANOMALY] Price spike detected: EURGBP 2026-07-28 13:20:00 change: -0.0001
2026-07-29 06:17:03,213 | WARNING  | [ANOMALY] Price spike detected: EURGBP-OTC 2026-07-28 11:15:00 change: -0.0007
2026-07-29 06:17:03,214 | WARNING  | [ANOMALY] Price spike detected: EURUSD 2026-07-28 14:45:00 change: -0.0001
2026-07-29 06:17:03,214 | WARNING  | [ANOMALY] Price spike detected: GBPUSD-OTC 2026-07-28 11:00:00 change: -0.0002
2026-07-29 06:17:03,214 | WARNING  | [ANOMALY] Price spike detected: EURGBP 2026-07-28 13:30:00 change: 0.0000
2026-07-29 06:17:03,214 | WARNING  | [ANOMALY] Price spike detected: EURGBP-OTC 2026-07-28 11:20:00 change: 0.0007
2026-07-29 06:17:03,214 | WARNING  | [ANOMALY] Price spike detected: EURUSD 2026-07-28 14:50:00 change: 0.0005
2026-07-29 06:17:03,214 | WARNING  | [ANOMALY] Price spike detected: GBPUSD-OTC 2026-07-28 11:05:00 change: -0.0005
2026-07-29 06:17:03,214 | WARNING  | [ANOMALY] Price spike detected: EURGBP 2026-07-28 13:35:00 change: 0.0001
2026-07-29 06:17:03,215 | WARNING  | [ANOMALY] Price spike detected: EURGBP-OTC 2026-07-28 11:25:00 change: 0.0003
2026-07-29 06:17:03,215 | WARNING  | [ANOMALY] Price spike detected: EURUSD 2026-07-28 14:55:00 change: 0.0002
2026-07-29 06:17:03,215 | WARNING  | [ANOMALY] Price spike detected: GBPUSD-OTC 2026-07-28 11:10:00 change: -0.0018
2026-07-29 06:17:03,215 | WARNING  | [ANOMALY] Price spike detected: EURGBP 2026-07-28 13:45:00 change: -0.0001
2026-07-29 06:17:03,215 | WARNING  | [ANOMALY] Price spike detected: EURGBP-OTC 2026-07-28 11:30:00 change: -0.0004
2026-07-29 06:17:03,215 | WARNING  | [ANOMALY] Price spike detected: EURUSD 2026-07-28 15:00:00 change: -0.0001
2026-07-29 06:17:03,216 | WARNING  | [ANOMALY] Price spike detected: GBPUSD-OTC 2026-07-28 11:20:00 change: -0.0008
2026-07-29 06:17:03,216 | WARNING  | [ANOMALY] Price spike detected: EURGBP 2026-07-28 13:50:00 change: 0.0002
2026-07-29 06:17:03,216 | WARNING  | [ANOMALY] Price spike detected: EURGBP-OTC 2026-07-28 11:35:00 change: 0.0005
2026-07-29 06:17:03,216 | WARNING  | [ANOMALY] Price spike detected: EURUSD 2026-07-28 15:05:00 change: 0.0003
2026-07-29 06:17:03,216 | WARNING  | [ANOMALY] Price spike detected: GBPUSD-OTC 2026-07-28 11:30:00 change: -0.0002
2026-07-29 06:17:03,216 | WARNING  | [ANOMALY] Price spike detected: EURGBP 2026-07-28 13:55:00 change: -0.0001
2026-07-29 06:17:03,216 | WARNING  | [ANOMALY] Price spike detected: EURGBP-OTC 2026-07-28 11:45:00 change: -0.0002
2026-07-29 06:17:03,217 | WARNING  | [ANOMALY] Price spike detected: EURUSD 2026-07-28 15:10:00 change: 0.0006
2026-07-29 06:17:03,217 | WARNING  | [ANOMALY] Price spike detected: GBPUSD-OTC 2026-07-28 11:35:00 change: 0.0011
2026-07-29 06:17:03,217 | WARNING  | [ANOMALY] Price spike detected: EURGBP 2026-07-28 14:00:00 change: 0.0002
2026-07-29 06:17:03,217 | WARNING  | [ANOMALY] Price spike detected: EURGBP-OTC 2026-07-28 11:50:00 change: -0.0005
2026-07-29 06:17:03,217 | WARNING  | [ANOMALY] Price spike detected: EURUSD 2026-07-28 15:15:00 change: 0.0001
2026-07-29 06:17:03,217 | WARNING  | [ANOMALY] Price spike detected: GBPUSD-OTC 2026-07-28 11:40:00 change: 0.0003
2026-07-29 06:17:03,218 | WARNING  | [ANOMALY] Price spike detected: EURGBP 2026-07-28 14:05:00 change: 0.0002
2026-07-29 06:17:03,218 | WARNING  | [ANOMALY] Price spike detected: EURGBP-OTC 2026-07-28 11:55:00 change: -0.0005
2026-07-29 06:17:03,218 | WARNING  | [ANOMALY] Price spike detected: EURUSD 2026-07-28 15:20:00 change: -0.0001
2026-07-29 06:17:03,218 | WARNING  | [ANOMALY] Price spike detected: GBPUSD-OTC 2026-07-28 11:45:00 change: -0.0006
2026-07-29 06:17:03,218 | WARNING  | [ANOMALY] Price spike detected: EURGBP 2026-07-28 14:10:00 change: 0.0003
2026-07-29 06:17:03,218 | WARNING  | [ANOMALY] Price spike detected: EURGBP-OTC 2026-07-28 12:00:00 change: -0.0010
2026-07-29 06:17:03,219 | WARNING  | [ANOMALY] Price spike detected: EURUSD 2026-07-28 15:25:00 change: 0.0001
2026-07-29 06:17:03,219 | WARNING  | [ANOMALY] Price spike detected: GBPUSD-OTC 2026-07-28 11:50:00 change: 0.0007
2026-07-29 06:17:03,219 | WARNING  | [ANOMALY] Price spike detected: EURGBP 2026-07-28 14:15:00 change: 0.0001
2026-07-29 06:17:03,219 | WARNING  | [ANOMALY] Price spike detected: EURGBP-OTC 2026-07-28 12:10:00 change: 0.0004
2026-07-29 06:17:03,219 | WARNING  | [ANOMALY] Price spike detected: EURUSD 2026-07-28 15:30:00 change: 0.0001
2026-07-29 06:17:03,219 | WARNING  | [ANOMALY] Price spike detected: GBPUSD-OTC 2026-07-28 11:55:00 change: 0.0005
2026-07-29 06:17:03,219 | WARNING  | [ANOMALY] Price spike detected: EURGBP 2026-07-28 14:20:00 change: 0.0002
2026-07-29 06:17:03,220 | WARNING  | [ANOMALY] Price spike detected: EURGBP-OTC 2026-07-28 12:15:00 change: 0.0003
2026-07-29 06:17:03,220 | WARNING  | [ANOMALY] Price spike detected: EURUSD 2026-07-28 15:35:00 change: -0.0001
2026-07-29 06:17:03,220 | WARNING  | [ANOMALY] Price spike detected: GBPUSD-OTC 2026-07-28 12:10:00 change: -0.0012
2026-07-29 06:17:03,220 | WARNING  | [ANOMALY] Price spike detected: EURGBP 2026-07-28 14:25:00 change: 0.0001
2026-07-29 06:17:03,220 | WARNING  | [ANOMALY] Price spike detected: EURGBP-OTC 2026-07-28 12:20:00 change: 0.0002
2026-07-29 06:17:03,220 | WARNING  | [ANOMALY] Price spike detected: EURUSD 2026-07-28 15:40:00 change: 0.0005
2026-07-29 06:17:03,221 | WARNING  | [ANOMALY] Price spike detected: GBPUSD-OTC 2026-07-28 12:15:00 change: 0.0008
2026-07-29 06:17:03,221 | WARNING  | [ANOMALY] Price spike detected: EURGBP 2026-07-28 14:35:00 change: 0.0001
2026-07-29 06:17:03,221 | WARNING  | [ANOMALY] Price spike detected: EURGBP-OTC 2026-07-28 12:25:00 change: 0.0003
2026-07-29 06:17:03,221 | WARNING  | [ANOMALY] Price spike detected: EURUSD 2026-07-28 15:45:00 change: -0.0002
2026-07-29 06:17:03,221 | WARNING  | [ANOMALY] Price spike detected: GBPUSD-OTC 2026-07-28 12:20:00 change: 0.0005
2026-07-29 06:17:03,221 | WARNING  | [ANOMALY] Price spike detected: EURGBP 2026-07-28 14:40:00 change: 0.0002
2026-07-29 06:17:03,221 | WARNING  | [ANOMALY] Price spike detected: EURGBP-OTC 2026-07-28 12:30:00 change: 0.0002
2026-07-29 06:17:03,222 | WARNING  | [ANOMALY] Price spike detected: EURUSD 2026-07-28 15:55:00 change: 0.0001
2026-07-29 06:17:03,222 | WARNING  | [ANOMALY] Price spike detected: GBPUSD-OTC 2026-07-28 12:25:00 change: -0.0004
2026-07-29 06:17:03,222 | WARNING  | [ANOMALY] Price spike detected: EURGBP 2026-07-28 14:45:00 change: -0.0002
2026-07-29 06:17:03,222 | WARNING  | [ANOMALY] Price spike detected: EURGBP-OTC 2026-07-28 12:40:00 change: -0.0003
2026-07-29 06:17:03,222 | WARNING  | [ANOMALY] Price spike detected: EURUSD 2026-07-28 16:05:00 change: 0.0001
2026-07-29 06:17:03,222 | WARNING  | [ANOMALY] Price spike detected: GBPUSD-OTC 2026-07-28 12:35:00 change: 0.0004
2026-07-29 06:17:03,223 | WARNING  | [ANOMALY] Price spike detected: EURGBP 2026-07-28 14:50:00 change: 0.0005
2026-07-29 06:17:03,228 | WARNING  | [ANOMALY] Price spike detected: EURGBP-OTC 2026-07-28 12:55:00 change: -0.0006
2026-07-29 06:17:03,228 | WARNING  | [ANOMALY] Price spike detected: EURUSD 2026-07-28 16:15:00 change: 0.0001
2026-07-29 06:17:03,229 | WARNING  | [ANOMALY] Price spike detected: GBPUSD-OTC 2026-07-28 12:40:00 change: 0.0004
2026-07-29 06:17:03,229 | WARNING  | [ANOMALY] Price spike detected: EURGBP 2026-07-28 14:55:00 change: 0.0004
2026-07-29 06:17:03,229 | WARNING  | [ANOMALY] Price spike detected: EURGBP-OTC 2026-07-28 13:05:00 change: 0.0013
2026-07-29 06:17:03,229 | WARNING  | [ANOMALY] Price spike detected: EURUSD 2026-07-28 16:25:00 change: 0.0001
2026-07-29 06:17:03,229 | WARNING  | [ANOMALY] Price spike detected: GBPUSD-OTC 2026-07-28 12:45:00 change: -0.0012
2026-07-29 06:17:03,229 | WARNING  | [ANOMALY] Price spike detected: EURGBP 2026-07-28 15:00:00 change: -0.0001
2026-07-29 06:17:03,230 | WARNING  | [ANOMALY] Price spike detected: EURGBP-OTC 2026-07-28 13:10:00 change: -0.0002
2026-07-29 06:17:03,230 | WARNING  | [ANOMALY] Price spike detected: EURUSD 2026-07-28 16:30:00 change: -0.0001
2026-07-29 06:17:03,230 | WARNING  | [ANOMALY] Price spike detected: GBPUSD-OTC 2026-07-28 12:50:00 change: -0.0013
2026-07-29 06:17:03,230 | WARNING  | [ANOMALY] Price spike detected: EURGBP 2026-07-28 15:05:00 change: -0.0001
2026-07-29 06:17:03,230 | WARNING  | [ANOMALY] Price spike detected: EURGBP-OTC 2026-07-28 13:15:00 change: -0.0003
2026-07-29 06:17:03,230 | WARNING  | [ANOMALY] Price spike detected: EURUSD 2026-07-28 16:35:00 change: -0.0002
2026-07-29 06:17:03,231 | WARNING  | [ANOMALY] Price spike detected: GBPUSD-OTC 2026-07-28 13:00:00 change: 0.0011
2026-07-29 06:17:03,231 | WARNING  | [ANOMALY] Price spike detected: EURGBP 2026-07-28 15:10:00 change: 0.0001
2026-07-29 06:17:03,231 | WARNING  | [ANOMALY] Price spike detected: EURGBP-OTC 2026-07-28 13:20:00 change: -0.0002
2026-07-29 06:17:03,231 | WARNING  | [ANOMALY] Price spike detected: EURUSD 2026-07-28 16:40:00 change: -0.0002
2026-07-29 06:17:03,231 | WARNING  | [ANOMALY] Price spike detected: GBPUSD-OTC 2026-07-28 13:05:00 change: 0.0006
2026-07-29 06:17:03,231 | WARNING  | [ANOMALY] Price spike detected: EURGBP 2026-07-28 15:20:00 change: 0.0001
2026-07-29 06:17:03,232 | WARNING  | [ANOMALY] Price spike detected: EURGBP-OTC 2026-07-28 13:35:00 change: 0.0003
2026-07-29 06:17:03,232 | WARNING  | [ANOMALY] Price spike detected: EURUSD 2026-07-28 16:45:00 change: -0.0003
2026-07-29 06:17:03,232 | WARNING  | [ANOMALY] Price spike detected: GBPUSD-OTC 2026-07-28 13:15:00 change: 0.0006
2026-07-29 06:17:03,232 | WARNING  | [ANOMALY] Price spike detected: EURGBP 2026-07-28 15:25:00 change: -0.0001
2026-07-29 06:17:03,232 | WARNING  | [ANOMALY] Price spike detected: EURGBP-OTC 2026-07-28 13:40:00 change: -0.0005
2026-07-29 06:17:03,232 | WARNING  | [ANOMALY] Price spike detected: EURUSD 2026-07-28 16:50:00 change: 0.0001
2026-07-29 06:17:03,233 | WARNING  | [ANOMALY] Price spike detected: GBPUSD-OTC 2026-07-28 13:20:00 change: 0.0006
2026-07-29 06:17:03,233 | WARNING  | [ANOMALY] Price spike detected: EURGBP 2026-07-28 15:30:00 change: -0.0001
2026-07-29 06:17:03,233 | WARNING  | [ANOMALY] Price spike detected: EURGBP-OTC 2026-07-28 13:50:00 change: 0.0004
2026-07-29 06:17:03,233 | WARNING  | [ANOMALY] Price spike detected: EURUSD 2026-07-28 16:55:00 change: -0.0002
2026-07-29 06:17:03,234 | WARNING  | [ANOMALY] Price spike detected: GBPUSD-OTC 2026-07-28 13:25:00 change: -0.0006
2026-07-29 06:17:03,234 | WARNING  | [ANOMALY] Price spike detected: EURGBP 2026-07-28 15:35:00 change: 0.0002
2026-07-29 06:17:03,234 | WARNING  | [ANOMALY] Price spike detected: EURGBP-OTC 2026-07-28 13:55:00 change: 0.0006
2026-07-29 06:17:03,234 | WARNING  | [ANOMALY] Price spike detected: EURUSD 2026-07-28 17:00:00 change: 0.0001
2026-07-29 06:17:03,234 | WARNING  | [ANOMALY] Price spike detected: GBPUSD-OTC 2026-07-28 13:30:00 change: 0.0005
2026-07-29 06:17:03,234 | WARNING  | [ANOMALY] Price spike detected: EURGBP 2026-07-28 15:45:00 change: -0.0002
2026-07-29 06:17:03,235 | WARNING  | [ANOMALY] Price spike detected: EURGBP-OTC 2026-07-28 14:00:00 change: -0.0004
2026-07-29 06:17:03,235 | WARNING  | [ANOMALY] Price spike detected: EURUSD 2026-07-28 17:05:00 change: -0.0001
2026-07-29 06:17:03,235 | WARNING  | [ANOMALY] Price spike detected: GBPUSD-OTC 2026-07-28 13:35:00 change: 0.0011
2026-07-29 06:17:03,235 | WARNING  | [ANOMALY] Price spike detected: EURGBP 2026-07-28 15:50:00 change: 0.0002
2026-07-29 06:17:03,235 | WARNING  | [ANOMALY] Price spike detected: EURGBP-OTC 2026-07-28 14:05:00 change: -0.0003
2026-07-29 06:17:03,235 | WARNING  | [ANOMALY] Price spike detected: EURUSD 2026-07-28 17:10:00 change: -0.0001
2026-07-29 06:17:03,236 | WARNING  | [ANOMALY] Price spike detected: GBPUSD-OTC 2026-07-28 13:40:00 change: 0.0007
2026-07-29 06:17:03,236 | WARNING  | [ANOMALY] Price spike detected: EURGBP 2026-07-28 15:55:00 change: -0.0001
2026-07-29 06:17:03,236 | WARNING  | [ANOMALY] Price spike detected: EURGBP-OTC 2026-07-28 14:10:00 change: -0.0003
2026-07-29 06:17:03,236 | WARNING  | [ANOMALY] Price spike detected: EURUSD 2026-07-28 17:20:00 change: -0.0001
2026-07-29 06:17:03,236 | WARNING  | [ANOMALY] Price spike detected: GBPUSD-OTC 2026-07-28 13:45:00 change: -0.0006
2026-07-29 06:17:03,237 | WARNING  | [ANOMALY] Price spike detected: EURGBP 2026-07-28 16:00:00 change: 0.0001
2026-07-29 06:17:03,237 | WARNING  | [ANOMALY] Price spike detected: EURGBP-OTC 2026-07-28 14:15:00 change: -0.0003
2026-07-29 06:17:03,237 | WARNING  | [ANOMALY] Price spike detected: EURUSD 2026-07-28 17:30:00 change: 0.0001
2026-07-29 06:17:03,237 | WARNING  | [ANOMALY] Price spike detected: GBPUSD-OTC 2026-07-28 13:55:00 change: 0.0004
2026-07-29 06:17:03,237 | WARNING  | [ANOMALY] Price spike detected: EURGBP 2026-07-28 16:05:00 change: 0.0001
2026-07-29 06:17:03,238 | WARNING  | [ANOMALY] Price spike detected: EURGBP-OTC 2026-07-28 14:20:00 change: 0.0002
2026-07-29 06:17:03,238 | WARNING  | [ANOMALY] Price spike detected: EURUSD 2026-07-28 17:35:00 change: -0.0000
2026-07-29 06:17:03,238 | WARNING  | [ANOMALY] Price spike detected: GBPUSD-OTC 2026-07-28 14:00:00 change: 0.0004
2026-07-29 06:17:03,238 | WARNING  | [ANOMALY] Price spike detected: EURGBP 2026-07-28 16:10:00 change: 0.0002
2026-07-29 06:17:03,238 | WARNING  | [ANOMALY] Price spike detected: EURGBP-OTC 2026-07-28 14:25:00 change: 0.0009
2026-07-29 06:17:03,239 | WARNING  | [ANOMALY] Price spike detected: EURUSD 2026-07-28 17:40:00 change: -0.0001
2026-07-29 06:17:03,239 | WARNING  | [ANOMALY] Price spike detected: GBPUSD-OTC 2026-07-28 14:05:00 change: 0.0008
2026-07-29 06:17:03,239 | WARNING  | [ANOMALY] Price spike detected: EURGBP 2026-07-28 16:15:00 change: 0.0002
2026-07-29 06:17:03,240 | WARNING  | [ANOMALY] Price spike detected: EURGBP-OTC 2026-07-28 14:30:00 change: -0.0002
2026-07-29 06:17:03,240 | WARNING  | [ANOMALY] Price spike detected: EURUSD 2026-07-28 17:45:00 change: -0.0001
2026-07-29 06:17:03,241 | WARNING  | [ANOMALY] Price spike detected: GBPUSD-OTC 2026-07-28 14:10:00 change: 0.0007
2026-07-29 06:17:03,241 | WARNING  | [ANOMALY] Price spike detected: EURGBP 2026-07-28 16:20:00 change: -0.0001
2026-07-29 06:17:03,241 | WARNING  | [ANOMALY] Price spike detected: EURGBP-OTC 2026-07-28 14:35:00 change: 0.0009
2026-07-29 06:17:03,242 | WARNING  | [ANOMALY] Price spike detected: EURUSD 2026-07-28 17:50:00 change: -0.0000
2026-07-29 06:17:03,242 | WARNING  | [ANOMALY] Price spike detected: GBPUSD-OTC 2026-07-28 14:15:00 change: -0.0014
2026-07-29 06:17:03,242 | WARNING  | [ANOMALY] Price spike detected: EURGBP 2026-07-28 16:25:00 change: 0.0001
2026-07-29 06:17:03,243 | WARNING  | [ANOMALY] Price spike detected: EURGBP-OTC 2026-07-28 14:40:00 change: 0.0002
2026-07-29 06:17:03,243 | WARNING  | [ANOMALY] Price spike detected: EURUSD 2026-07-28 17:55:00 change: -0.0001
2026-07-29 06:17:03,243 | WARNING  | [ANOMALY] Price spike detected: GBPUSD-OTC 2026-07-28 14:20:00 change: 0.0004
2026-07-29 06:17:03,243 | WARNING  | [ANOMALY] Price spike detected: EURGBP 2026-07-28 16:35:00 change: -0.0003
2026-07-29 06:17:03,244 | WARNING  | [ANOMALY] Price spike detected: EURGBP-OTC 2026-07-28 14:50:00 change: 0.0008
2026-07-29 06:17:03,244 | WARNING  | [ANOMALY] Price spike detected: EURUSD 2026-07-28 18:05:00 change: 0.0000
2026-07-29 06:17:03,244 | WARNING  | [ANOMALY] Price spike detected: GBPUSD-OTC 2026-07-28 14:35:00 change: 0.0008
2026-07-29 06:17:03,244 | WARNING  | [ANOMALY] Price spike detected: EURGBP 2026-07-28 16:40:00 change: 0.0002
2026-07-29 06:17:03,245 | WARNING  | [ANOMALY] Price spike detected: EURGBP-OTC 2026-07-28 14:55:00 change: -0.0003
2026-07-29 06:17:03,245 | WARNING  | [ANOMALY] Price spike detected: EURUSD 2026-07-28 18:10:00 change: -0.0000
2026-07-29 06:17:03,245 | WARNING  | [ANOMALY] Price spike detected: GBPUSD-OTC 2026-07-28 14:40:00 change: 0.0010
2026-07-29 06:17:03,246 | WARNING  | [ANOMALY] Price spike detected: EURGBP 2026-07-28 16:50:00 change: -0.0001
2026-07-29 06:17:03,246 | WARNING  | [ANOMALY] Price spike detected: EURGBP-OTC 2026-07-28 15:00:00 change: -0.0004
2026-07-29 06:17:03,246 | WARNING  | [ANOMALY] Price spike detected: EURUSD 2026-07-28 18:15:00 change: 0.0001
2026-07-29 06:17:03,246 | WARNING  | [ANOMALY] Price spike detected: GBPUSD-OTC 2026-07-28 14:45:00 change: 0.0003
2026-07-29 06:17:03,246 | WARNING  | [ANOMALY] Price spike detected: EURGBP 2026-07-28 17:00:00 change: -0.0001
2026-07-29 06:17:03,247 | WARNING  | [ANOMALY] Price spike detected: EURGBP-OTC 2026-07-28 15:05:00 change: -0.0004
2026-07-29 06:17:03,247 | WARNING  | [ANOMALY] Price spike detected: EURUSD 2026-07-28 18:20:00 change: -0.0002
2026-07-29 06:17:03,247 | WARNING  | [ANOMALY] Price spike detected: GBPUSD-OTC 2026-07-28 14:50:00 change: 0.0005
2026-07-29 06:17:03,247 | WARNING  | [ANOMALY] Price spike detected: EURGBP 2026-07-28 17:05:00 change: -0.0000
2026-07-29 06:17:03,247 | WARNING  | [ANOMALY] Price spike detected: EURGBP-OTC 2026-07-28 15:10:00 change: -0.0004
2026-07-29 06:17:03,247 | WARNING  | [ANOMALY] Price spike detected: EURUSD 2026-07-28 18:25:00 change: -0.0001
2026-07-29 06:17:03,248 | WARNING  | [ANOMALY] Price spike detected: GBPUSD-OTC 2026-07-28 14:55:00 change: -0.0005
2026-07-29 06:17:03,248 | WARNING  | [ANOMALY] Price spike detected: EURGBP 2026-07-28 17:15:00 change: -0.0000
2026-07-29 06:17:03,248 | WARNING  | [ANOMALY] Price spike detected: EURGBP-OTC 2026-07-28 15:20:00 change: -0.0010
2026-07-29 06:17:03,248 | WARNING  | [ANOMALY] Price spike detected: EURUSD 2026-07-28 18:35:00 change: 0.0001
2026-07-29 06:17:03,248 | WARNING  | [ANOMALY] Price spike detected: GBPUSD-OTC 2026-07-28 15:05:00 change: -0.0005
2026-07-29 06:17:03,249 | WARNING  | [ANOMALY] Price spike detected: EURGBP 2026-07-28 17:25:00 change: -0.0000
2026-07-29 06:17:03,249 | WARNING  | [ANOMALY] Price spike detected: EURGBP-OTC 2026-07-28 15:30:00 change: -0.0004
2026-07-29 06:17:03,249 | WARNING  | [ANOMALY] Price spike detected: EURUSD 2026-07-28 18:45:00 change: -0.0001
2026-07-29 06:17:03,249 | WARNING  | [ANOMALY] Price spike detected: GBPUSD-OTC 2026-07-28 15:15:00 change: -0.0004
2026-07-29 06:17:03,249 | WARNING  | [ANOMALY] Price spike detected: EURGBP 2026-07-28 17:30:00 change: 0.0000
2026-07-29 06:17:03,249 | WARNING  | [ANOMALY] Price spike detected: EURGBP-OTC 2026-07-28 15:35:00 change: -0.0006
2026-07-29 06:17:03,250 | WARNING  | [ANOMALY] Price spike detected: EURUSD 2026-07-28 19:00:00 change: 0.0001
2026-07-29 06:17:03,250 | WARNING  | [ANOMALY] Price spike detected: GBPUSD-OTC 2026-07-28 15:20:00 change: 0.0012
2026-07-29 06:17:03,250 | WARNING  | [ANOMALY] Price spike detected: EURGBP 2026-07-28 17:35:00 change: 0.0001
2026-07-29 06:17:03,250 | WARNING  | [ANOMALY] Price spike detected: EURGBP-OTC 2026-07-28 15:40:00 change: 0.0011
2026-07-29 06:17:03,250 | WARNING  | [ANOMALY] Price spike detected: EURUSD 2026-07-28 19:05:00 change: 0.0001
2026-07-29 06:17:03,250 | WARNING  | [ANOMALY] Price spike detected: GBPUSD-OTC 2026-07-28 15:25:00 change: -0.0004
2026-07-29 06:17:03,251 | WARNING  | [ANOMALY] Price spike detected: EURGBP 2026-07-28 17:45:00 change: 0.0001
2026-07-29 06:17:03,251 | WARNING  | [ANOMALY] Price spike detected: EURGBP-OTC 2026-07-28 15:50:00 change: 0.0003
2026-07-29 06:17:03,251 | WARNING  | [ANOMALY] Price spike detected: EURUSD 2026-07-28 19:10:00 change: -0.0001
2026-07-29 06:17:03,251 | WARNING  | [ANOMALY] Price spike detected: GBPUSD-OTC 2026-07-28 15:35:00 change: -0.0002
2026-07-29 06:17:03,251 | WARNING  | [ANOMALY] Price spike detected: EURGBP 2026-07-28 17:50:00 change: 0.0000
2026-07-29 06:17:03,251 | WARNING  | [ANOMALY] Price spike detected: EURGBP-OTC 2026-07-28 15:55:00 change: -0.0005
2026-07-29 06:17:03,252 | WARNING  | [ANOMALY] Price spike detected: EURUSD 2026-07-28 19:15:00 change: 0.0002
2026-07-29 06:17:03,252 | WARNING  | [ANOMALY] Price spike detected: GBPUSD-OTC 2026-07-28 15:40:00 change: -0.0006
2026-07-29 06:17:03,252 | WARNING  | [ANOMALY] Price spike detected: EURGBP 2026-07-28 17:55:00 change: -0.0000
2026-07-29 06:17:03,252 | WARNING  | [ANOMALY] Price spike detected: EURGBP-OTC 2026-07-28 16:00:00 change: 0.0002
2026-07-29 06:17:03,253 | WARNING  | [ANOMALY] Price spike detected: EURUSD 2026-07-28 19:25:00 change: -0.0001
2026-07-29 06:17:03,253 | WARNING  | [ANOMALY] Price spike detected: GBPUSD-OTC 2026-07-28 15:45:00 change: -0.0007
2026-07-29 06:17:03,253 | WARNING  | [ANOMALY] Price spike detected: EURGBP 2026-07-28 18:00:00 change: 0.0001
2026-07-29 06:17:03,253 | WARNING  | [ANOMALY] Price spike detected: EURGBP-OTC 2026-07-28 16:15:00 change: -0.0002
2026-07-29 06:17:03,253 | WARNING  | [ANOMALY] Price spike detected: EURUSD 2026-07-28 19:30:00 change: 0.0001
2026-07-29 06:17:03,254 | WARNING  | [ANOMALY] Price spike detected: GBPUSD-OTC 2026-07-28 15:50:00 change: -0.0002
2026-07-29 06:17:03,254 | WARNING  | [ANOMALY] Price spike detected: EURGBP 2026-07-28 18:05:00 change: 0.0001
2026-07-29 06:17:03,254 | WARNING  | [ANOMALY] Price spike detected: EURGBP-OTC 2026-07-28 16:25:00 change: -0.0008
2026-07-29 06:17:03,254 | WARNING  | [ANOMALY] Price spike detected: EURUSD 2026-07-28 19:35:00 change: -0.0000
2026-07-29 06:17:03,255 | WARNING  | [ANOMALY] Price spike detected: EURUSD 2026-07-28 19:40:00 change: 0.0000
2026-07-29 06:17:03,254 | WARNING  | [ANOMALY] Price spike detected: EURGBP 2026-07-28 18:10:00 change: -0.0000
2026-07-29 06:17:03,255 | WARNING  | [ANOMALY] Price spike detected: EURGBP-OTC 2026-07-28 16:30:00 change: -0.0007
2026-07-29 06:17:03,254 | WARNING  | [ANOMALY] Price spike detected: GBPUSD-OTC 2026-07-28 15:55:00 change: -0.0004
2026-07-29 06:17:03,255 | WARNING  | [ANOMALY] Price spike detected: EURUSD 2026-07-28 19:45:00 change: 0.0001
2026-07-29 06:17:03,255 | WARNING  | [ANOMALY] Price spike detected: EURGBP 2026-07-28 18:15:00 change: 0.0001
2026-07-29 06:17:03,256 | WARNING  | [ANOMALY] Price spike detected: EURGBP-OTC 2026-07-28 16:35:00 change: -0.0007
2026-07-29 06:17:03,256 | WARNING  | [ANOMALY] Price spike detected: GBPUSD-OTC 2026-07-28 16:15:00 change: -0.0001
2026-07-29 06:17:03,256 | WARNING  | [ANOMALY] Price spike detected: EURUSD 2026-07-28 19:50:00 change: -0.0000
2026-07-29 06:17:03,256 | WARNING  | [ANOMALY] Price spike detected: EURGBP 2026-07-28 18:20:00 change: -0.0000
2026-07-29 06:17:03,257 | WARNING  | [ANOMALY] Price spike detected: EURGBP-OTC 2026-07-28 16:40:00 change: 0.0006
2026-07-29 06:17:03,257 | WARNING  | [ANOMALY] Price spike detected: GBPUSD-OTC 2026-07-28 16:20:00 change: -0.0009
2026-07-29 06:17:03,257 | WARNING  | [ANOMALY] Price spike detected: EURUSD 2026-07-28 19:55:00 change: -0.0003
2026-07-29 06:17:03,258 | WARNING  | [ANOMALY] Price spike detected: EURGBP 2026-07-28 18:25:00 change: 0.0000
2026-07-29 06:17:03,258 | WARNING  | [ANOMALY] Price spike detected: EURGBP-OTC 2026-07-28 16:45:00 change: -0.0006
2026-07-29 06:17:03,258 | WARNING  | [ANOMALY] Price spike detected: GBPUSD-OTC 2026-07-28 16:25:00 change: -0.0004
2026-07-29 06:17:03,258 | WARNING  | [ANOMALY] Price spike detected: EURUSD 2026-07-28 20:10:00 change: 0.0001
2026-07-29 06:17:03,258 | WARNING  | [ANOMALY] Price spike detected: EURGBP 2026-07-28 18:30:00 change: -0.0001
2026-07-29 06:17:03,259 | WARNING  | [ANOMALY] Price spike detected: EURGBP-OTC 2026-07-28 16:55:00 change: -0.0007
2026-07-29 06:17:03,259 | WARNING  | [ANOMALY] Price spike detected: GBPUSD-OTC 2026-07-28 16:30:00 change: -0.0003
2026-07-29 06:17:03,259 | WARNING  | [ANOMALY] Price spike detected: EURUSD 2026-07-28 20:15:00 change: -0.0001
2026-07-29 06:17:03,259 | WARNING  | [ANOMALY] Price spike detected: EURGBP 2026-07-28 18:40:00 change: -0.0001
2026-07-29 06:17:03,260 | WARNING  | [ANOMALY] Price spike detected: EURGBP-OTC 2026-07-28 17:10:00 change: 0.0006
2026-07-29 06:17:03,260 | WARNING  | [ANOMALY] Price spike detected: GBPUSD-OTC 2026-07-28 16:35:00 change: 0.0001
2026-07-29 06:17:03,260 | WARNING  | [ANOMALY] Price spike detected: EURUSD 2026-07-28 20:25:00 change: -0.0001
2026-07-29 06:17:03,260 | WARNING  | [ANOMALY] Price spike detected: EURGBP 2026-07-28 18:50:00 change: -0.0001
2026-07-29 06:17:03,260 | WARNING  | [ANOMALY] Price spike detected: EURGBP-OTC 2026-07-28 17:15:00 change: 0.0007
2026-07-29 06:17:03,261 | WARNING  | [ANOMALY] Price spike detected: GBPUSD-OTC 2026-07-28 16:40:00 change: -0.0007
2026-07-29 06:17:03,261 | WARNING  | [ANOMALY] Price spike detected: EURUSD 2026-07-28 20:35:00 change: -0.0001
2026-07-29 06:17:03,261 | WARNING  | [ANOMALY] Price spike detected: EURGBP 2026-07-28 18:55:00 change: 0.0001
2026-07-29 06:17:03,261 | WARNING  | [ANOMALY] Price spike detected: EURGBP-OTC 2026-07-28 17:20:00 change: 0.0002
2026-07-29 06:17:03,261 | WARNING  | [ANOMALY] Price spike detected: GBPUSD-OTC 2026-07-28 16:45:00 change: 0.0007
2026-07-29 06:17:03,261 | WARNING  | [ANOMALY] Price spike detected: EURUSD 2026-07-28 20:40:00 change: 0.0001
2026-07-29 06:17:03,262 | WARNING  | [ANOMALY] Price spike detected: EURGBP 2026-07-28 19:00:00 change: 0.0000
2026-07-29 06:17:03,262 | WARNING  | [ANOMALY] Price spike detected: EURGBP-OTC 2026-07-28 17:35:00 change: 0.0002
2026-07-29 06:17:03,262 | WARNING  | [ANOMALY] Price spike detected: GBPUSD-OTC 2026-07-28 16:50:00 change: -0.0003
2026-07-29 06:17:03,262 | WARNING  | [ANOMALY] Price spike detected: EURUSD 2026-07-28 20:45:00 change: -0.0001
2026-07-29 06:17:03,262 | WARNING  | [ANOMALY] Price spike detected: EURGBP 2026-07-28 19:05:00 change: -0.0001
2026-07-29 06:17:03,262 | WARNING  | [ANOMALY] Price spike detected: EURGBP-OTC 2026-07-28 17:40:00 change: 0.0005
2026-07-29 06:17:03,263 | WARNING  | [ANOMALY] Price spike detected: GBPUSD-OTC 2026-07-28 16:55:00 change: 0.0005
2026-07-29 06:17:03,263 | WARNING  | [ANOMALY] Price spike detected: EURUSD 2026-07-28 21:00:00 change: 0.0003
2026-07-29 06:17:03,263 | WARNING  | [ANOMALY] Price spike detected: EURGBP 2026-07-28 19:15:00 change: -0.0000
2026-07-29 06:17:03,263 | WARNING  | [ANOMALY] Price spike detected: EURGBP-OTC 2026-07-28 17:45:00 change: 0.0008
2026-07-29 06:17:03,263 | WARNING  | [ANOMALY] Price spike detected: GBPUSD-OTC 2026-07-28 17:05:00 change: -0.0003
2026-07-29 06:17:03,263 | WARNING  | [ANOMALY] Price spike detected: EURUSD 2026-07-28 21:05:00 change: 0.0000
2026-07-29 06:17:03,264 | WARNING  | [ANOMALY] Price spike detected: EURGBP 2026-07-28 19:25:00 change: 0.0002
2026-07-29 06:17:03,264 | WARNING  | [ANOMALY] Price spike detected: EURGBP-OTC 2026-07-28 17:50:00 change: 0.0003
2026-07-29 06:17:03,264 | WARNING  | [ANOMALY] Price spike detected: GBPUSD-OTC 2026-07-28 17:10:00 change: 0.0015
2026-07-29 06:17:03,264 | WARNING  | [ANOMALY] Price spike detected: EURUSD 2026-07-28 21:10:00 change: 0.0001
2026-07-29 06:17:03,264 | WARNING  | [ANOMALY] Price spike detected: EURGBP 2026-07-28 19:30:00 change: 0.0000
2026-07-29 06:17:03,264 | WARNING  | [ANOMALY] Price spike detected: EURGBP-OTC 2026-07-28 17:55:00 change: 0.0008
2026-07-29 06:17:03,265 | WARNING  | [ANOMALY] Price spike detected: GBPUSD-OTC 2026-07-28 17:15:00 change: 0.0008
2026-07-29 06:17:03,265 | WARNING  | [ANOMALY] Price spike detected: EURUSD 2026-07-28 21:15:00 change: 0.0001
2026-07-29 06:17:03,265 | WARNING  | [ANOMALY] Price spike detected: EURGBP 2026-07-28 19:35:00 change: -0.0000
2026-07-29 06:17:03,265 | WARNING  | [ANOMALY] Price spike detected: EURGBP-OTC 2026-07-28 18:00:00 change: 0.0002
2026-07-29 06:17:03,265 | WARNING  | [ANOMALY] Price spike detected: GBPUSD-OTC 2026-07-28 17:20:00 change: 0.0007
2026-07-29 06:17:03,265 | WARNING  | [ANOMALY] Price spike detected: EURUSD 2026-07-28 21:25:00 change: -0.0000
2026-07-29 06:17:03,266 | WARNING  | [ANOMALY] Price spike detected: EURGBP 2026-07-28 19:40:00 change: 0.0000
2026-07-29 06:17:03,266 | WARNING  | [ANOMALY] Price spike detected: EURGBP-OTC 2026-07-28 18:05:00 change: 0.0006
2026-07-29 06:17:03,266 | WARNING  | [ANOMALY] Price spike detected: GBPUSD-OTC 2026-07-28 17:25:00 change: -0.0007
2026-07-29 06:17:03,266 | WARNING  | [ANOMALY] Price spike detected: EURUSD 2026-07-28 21:30:00 change: -0.0000
2026-07-29 06:17:03,266 | WARNING  | [ANOMALY] Price spike detected: EURGBP 2026-07-28 19:45:00 change: -0.0000
2026-07-29 06:17:03,266 | WARNING  | [ANOMALY] Price spike detected: EURGBP-OTC 2026-07-28 18:10:00 change: -0.0002
2026-07-29 06:17:03,267 | WARNING  | [ANOMALY] Price spike detected: GBPUSD-OTC 2026-07-28 17:35:00 change: -0.0005
2026-07-29 06:17:03,267 | WARNING  | [ANOMALY] Price spike detected: EURUSD 2026-07-28 21:35:00 change: 0.0001
2026-07-29 06:17:03,267 | WARNING  | [ANOMALY] Price spike detected: EURGBP 2026-07-28 19:50:00 change: -0.0000
2026-07-29 06:17:03,267 | WARNING  | [ANOMALY] Price spike detected: EURGBP-OTC 2026-07-28 18:20:00 change: 0.0005
2026-07-29 06:17:03,267 | WARNING  | [ANOMALY] Price spike detected: GBPUSD-OTC 2026-07-28 17:40:00 change: 0.0007
2026-07-29 06:17:03,267 | WARNING  | [ANOMALY] Price spike detected: EURUSD 2026-07-28 21:40:00 change: 0.0000
2026-07-29 06:17:03,268 | WARNING  | [ANOMALY] Price spike detected: EURGBP 2026-07-28 19:55:00 change: 0.0001
2026-07-29 06:17:03,268 | WARNING  | [ANOMALY] Price spike detected: EURGBP-OTC 2026-07-28 18:30:00 change: -0.0002
2026-07-29 06:17:03,268 | WARNING  | [ANOMALY] Price spike detected: GBPUSD-OTC 2026-07-28 17:45:00 change: 0.0005
2026-07-29 06:17:03,268 | WARNING  | [ANOMALY] Price spike detected: EURUSD 2026-07-28 21:45:00 change: -0.0000
2026-07-29 06:17:03,269 | WARNING  | [ANOMALY] Price spike detected: EURGBP 2026-07-28 20:00:00 change: 0.0000
2026-07-29 06:17:03,269 | WARNING  | [ANOMALY] Price spike detected: EURGBP-OTC 2026-07-28 18:35:00 change: 0.0013
2026-07-29 06:17:03,269 | WARNING  | [ANOMALY] Price spike detected: GBPUSD-OTC 2026-07-28 17:50:00 change: 0.0002
2026-07-29 06:17:03,269 | WARNING  | [ANOMALY] Price spike detected: EURUSD 2026-07-28 21:50:00 change: -0.0001
2026-07-29 06:17:03,269 | WARNING  | [ANOMALY] Price spike detected: EURGBP 2026-07-28 20:05:00 change: -0.0001
2026-07-29 06:17:03,270 | WARNING  | [ANOMALY] Price spike detected: EURGBP-OTC 2026-07-28 18:45:00 change: 0.0008
2026-07-29 06:17:03,270 | WARNING  | [ANOMALY] Price spike detected: GBPUSD-OTC 2026-07-28 18:00:00 change: -0.0010
2026-07-29 06:17:03,270 | WARNING  | [ANOMALY] Price spike detected: EURUSD 2026-07-28 21:55:00 change: -0.0001
2026-07-29 06:17:03,270 | WARNING  | [ANOMALY] Price spike detected: EURGBP 2026-07-28 20:15:00 change: 0.0000
2026-07-29 06:17:03,270 | WARNING  | [ANOMALY] Price spike detected: EURGBP-OTC 2026-07-28 18:50:00 change: -0.0010
2026-07-29 06:17:03,270 | WARNING  | [ANOMALY] Price spike detected: GBPUSD-OTC 2026-07-28 18:05:00 change: -0.0010
2026-07-29 06:17:03,270 | WARNING  | [ANOMALY] Price spike detected: EURUSD 2026-07-28 22:00:00 change: -0.0001
2026-07-29 06:17:03,271 | WARNING  | [ANOMALY] Price spike detected: EURGBP 2026-07-28 20:20:00 change: 0.0000
2026-07-29 06:17:03,271 | WARNING  | [ANOMALY] Price spike detected: EURGBP-OTC 2026-07-28 18:55:00 change: -0.0005
2026-07-29 06:17:03,271 | WARNING  | [ANOMALY] Price spike detected: GBPUSD-OTC 2026-07-28 18:15:00 change: -0.0005
2026-07-29 06:17:03,271 | WARNING  | [ANOMALY] Price spike detected: EURUSD 2026-07-28 22:10:00 change: -0.0002
2026-07-29 06:17:03,271 | WARNING  | [ANOMALY] Price spike detected: EURGBP 2026-07-28 20:25:00 change: -0.0000
2026-07-29 06:17:03,272 | WARNING  | [ANOMALY] Price spike detected: EURGBP-OTC 2026-07-28 19:00:00 change: 0.0003
2026-07-29 06:17:03,272 | WARNING  | [ANOMALY] Price spike detected: GBPUSD-OTC 2026-07-28 18:20:00 change: -0.0003
2026-07-29 06:17:03,272 | WARNING  | [ANOMALY] Price spike detected: EURUSD 2026-07-28 22:15:00 change: -0.0001
2026-07-29 06:17:03,273 | WARNING  | [ANOMALY] Price spike detected: EURGBP 2026-07-28 20:30:00 change: 0.0001
2026-07-29 06:17:03,273 | WARNING  | [ANOMALY] Price spike detected: EURGBP-OTC 2026-07-28 19:05:00 change: -0.0004
2026-07-29 06:17:03,273 | WARNING  | [ANOMALY] Price spike detected: GBPUSD-OTC 2026-07-28 18:25:00 change: -0.0004
2026-07-29 06:17:03,273 | WARNING  | [ANOMALY] Price spike detected: EURUSD 2026-07-28 22:20:00 change: -0.0002
2026-07-29 06:17:03,273 | WARNING  | [ANOMALY] Price spike detected: EURGBP 2026-07-28 20:35:00 change: -0.0001
2026-07-29 06:17:03,274 | WARNING  | [ANOMALY] Price spike detected: EURGBP-OTC 2026-07-28 19:10:00 change: 0.0002
2026-07-29 06:17:03,274 | WARNING  | [ANOMALY] Price spike detected: GBPUSD-OTC 2026-07-28 18:30:00 change: -0.0003
2026-07-29 06:17:03,274 | WARNING  | [ANOMALY] Price spike detected: EURUSD 2026-07-28 22:25:00 change: 0.0000
2026-07-29 06:17:03,274 | WARNING  | [ANOMALY] Price spike detected: EURGBP 2026-07-28 20:40:00 change: 0.0000
2026-07-29 06:17:03,274 | WARNING  | [ANOMALY] Price spike detected: EURGBP-OTC 2026-07-28 19:15:00 change: -0.0003
2026-07-29 06:17:03,275 | WARNING  | [ANOMALY] Price spike detected: GBPUSD-OTC 2026-07-28 18:35:00 change: -0.0003
2026-07-29 06:17:03,275 | WARNING  | [ANOMALY] Price spike detected: EURUSD 2026-07-28 22:30:00 change: 0.0001
2026-07-29 06:17:03,275 | WARNING  | [ANOMALY] Price spike detected: EURGBP 2026-07-28 20:45:00 change: 0.0001
2026-07-29 06:17:03,276 | WARNING  | [ANOMALY] Price spike detected: EURGBP-OTC 2026-07-28 19:25:00 change: 0.0003
2026-07-29 06:17:03,276 | WARNING  | [ANOMALY] Price spike detected: GBPUSD-OTC 2026-07-28 18:40:00 change: 0.0006
2026-07-29 06:17:03,276 | WARNING  | [ANOMALY] Price spike detected: EURUSD 2026-07-28 22:35:00 change: -0.0002
2026-07-29 06:17:03,276 | WARNING  | [ANOMALY] Price spike detected: EURGBP 2026-07-28 20:50:00 change: 0.0000
2026-07-29 06:17:03,276 | WARNING  | [ANOMALY] Price spike detected: EURGBP-OTC 2026-07-28 19:40:00 change: -0.0012
2026-07-29 06:17:03,277 | WARNING  | [ANOMALY] Price spike detected: GBPUSD-OTC 2026-07-28 18:45:00 change: 0.0005
2026-07-29 06:17:03,277 | WARNING  | [ANOMALY] Price spike detected: EURUSD 2026-07-28 22:40:00 change: 0.0000
2026-07-29 06:17:03,277 | WARNING  | [ANOMALY] Price spike detected: EURGBP 2026-07-28 20:55:00 change: -0.0002
2026-07-29 06:17:03,277 | WARNING  | [ANOMALY] Price spike detected: EURGBP-OTC 2026-07-28 19:45:00 change: -0.0004
2026-07-29 06:17:03,277 | WARNING  | [ANOMALY] Price spike detected: GBPUSD-OTC 2026-07-28 18:50:00 change: 0.0013
2026-07-29 06:17:03,277 | WARNING  | [ANOMALY] Price spike detected: EURUSD 2026-07-28 22:45:00 change: -0.0000
2026-07-29 06:17:03,278 | WARNING  | [ANOMALY] Price spike detected: EURGBP 2026-07-28 21:00:00 change: 0.0001
2026-07-29 06:17:03,278 | WARNING  | [ANOMALY] Price spike detected: EURGBP-OTC 2026-07-28 19:50:00 change: 0.0005
2026-07-29 06:17:03,278 | WARNING  | [ANOMALY] Price spike detected: GBPUSD-OTC 2026-07-28 18:55:00 change: 0.0009
2026-07-29 06:17:03,278 | WARNING  | [ANOMALY] Price spike detected: EURUSD 2026-07-28 23:00:00 change: -0.0001
2026-07-29 06:17:03,278 | WARNING  | [ANOMALY] Price spike detected: EURGBP 2026-07-28 21:05:00 change: 0.0002
2026-07-29 06:17:03,278 | WARNING  | [ANOMALY] Price spike detected: EURGBP-OTC 2026-07-28 19:55:00 change: -0.0002
2026-07-29 06:17:03,279 | WARNING  | [ANOMALY] Price spike detected: GBPUSD-OTC 2026-07-28 19:00:00 change: 0.0004
2026-07-29 06:17:03,279 | WARNING  | [ANOMALY] Price spike detected: EURUSD 2026-07-28 23:05:00 change: -0.0002
2026-07-29 06:17:03,279 | WARNING  | [ANOMALY] Price spike detected: EURGBP 2026-07-28 21:10:00 change: -0.0001
2026-07-29 06:17:03,279 | WARNING  | [ANOMALY] Price spike detected: EURGBP-OTC 2026-07-28 20:00:00 change: 0.0006
2026-07-29 06:17:03,279 | WARNING  | [ANOMALY] Price spike detected: GBPUSD-OTC 2026-07-28 19:10:00 change: -0.0010
2026-07-29 06:17:03,279 | WARNING  | [ANOMALY] Price spike detected: EURUSD 2026-07-28 23:10:00 change: 0.0002
2026-07-29 06:17:03,280 | WARNING  | [ANOMALY] Price spike detected: EURGBP 2026-07-28 21:15:00 change: -0.0001
2026-07-29 06:17:03,280 | WARNING  | [ANOMALY] Price spike detected: EURGBP-OTC 2026-07-28 20:05:00 change: -0.0007
2026-07-29 06:17:03,280 | WARNING  | [ANOMALY] Price spike detected: GBPUSD-OTC 2026-07-28 19:20:00 change: 0.0006
2026-07-29 06:17:03,281 | WARNING  | [ANOMALY] Price spike detected: EURGBP 2026-07-28 21:20:00 change: 0.0001
2026-07-29 06:17:03,281 | WARNING  | [ANOMALY] Price spike detected: EURGBP-OTC 2026-07-28 20:10:00 change: 0.0005
2026-07-29 06:17:03,281 | WARNING  | [ANOMALY] Price spike detected: GBPUSD-OTC 2026-07-28 19:25:00 change: -0.0010
2026-07-29 06:17:03,283 | WARNING  | [ANOMALY] Price spike detected: EURGBP 2026-07-28 21:25:00 change: 0.0000
2026-07-29 06:17:03,284 | WARNING  | [ANOMALY] Price spike detected: EURGBP-OTC 2026-07-28 20:20:00 change: -0.0005
2026-07-29 06:17:03,284 | WARNING  | [ANOMALY] Price spike detected: GBPUSD-OTC 2026-07-28 19:35:00 change: -0.0005
2026-07-29 06:17:03,284 | WARNING  | [ANOMALY] Price spike detected: EURGBP 2026-07-28 21:35:00 change: 0.0001
2026-07-29 06:17:03,284 | WARNING  | [ANOMALY] Price spike detected: EURGBP-OTC 2026-07-28 20:25:00 change: 0.0002
2026-07-29 06:17:03,285 | WARNING  | [ANOMALY] Price spike detected: GBPUSD-OTC 2026-07-28 19:40:00 change: -0.0004
2026-07-29 06:17:03,289 | WARNING  | [ANOMALY] Total anomalies detected: EURUSD 197
2026-07-29 06:17:03,289 | WARNING  | [ANOMALY] Price spike detected: EURGBP 2026-07-28 21:40:00 change: 0.0000
2026-07-29 06:17:03,289 | WARNING  | [ANOMALY] Price spike detected: EURGBP-OTC 2026-07-28 20:30:00 change: 0.0007
2026-07-29 06:17:03,290 | WARNING  | [ANOMALY] Price spike detected: GBPUSD-OTC 2026-07-28 19:45:00 change: -0.0011
2026-07-29 06:17:03,290 | ERROR    | [ANOMALY] Excessive anomalies threshold exceeded: 3375
2026-07-29 06:17:03,290 | WARNING  | [ANOMALY] Price spike detected: EURGBP 2026-07-28 21:50:00 change: -0.0000
2026-07-29 06:17:03,290 | WARNING  | [ANOMALY] Price spike detected: EURGBP-OTC 2026-07-28 20:35:00 change: 0.0006
2026-07-29 06:17:03,290 | WARNING  | [ANOMALY] Price spike detected: GBPUSD-OTC 2026-07-28 19:50:00 change: 0.0003
2026-07-29 06:17:03,290 | INFO     | [DataAdapter] M5 anomaly detection completed for EURUSD
2026-07-29 06:17:03,291 | WARNING  | [ANOMALY] Price spike detected: EURGBP 2026-07-28 22:05:00 change: -0.0000
2026-07-29 06:17:03,291 | WARNING  | [ANOMALY] Price spike detected: EURGBP-OTC 2026-07-28 20:40:00 change: -0.0009
2026-07-29 06:17:03,291 | WARNING  | [ANOMALY] Price spike detected: GBPUSD-OTC 2026-07-28 20:00:00 change: 0.0003
2026-07-29 06:17:03,291 | INFO     | [DataAdapter] M5 data refresh completed for EURUSD
2026-07-29 06:17:03,291 | WARNING  | [ANOMALY] Price spike detected: EURGBP 2026-07-28 22:15:00 change: -0.0001
2026-07-29 06:17:03,291 | WARNING  | [ANOMALY] Price spike detected: EURGBP-OTC 2026-07-28 20:50:00 change: 0.0007
2026-07-29 06:17:03,292 | WARNING  | [ANOMALY] Price spike detected: GBPUSD-OTC 2026-07-28 20:05:00 change: -0.0006
2026-07-29 06:17:03,292 | INFO     | [DataAdapter] Refreshing M15 data for EURUSD
2026-07-29 06:17:03,292 | WARNING  | [ANOMALY] Price spike detected: EURGBP 2026-07-28 22:20:00 change: 0.0000
2026-07-29 06:17:03,292 | WARNING  | [ANOMALY] Price spike detected: EURGBP-OTC 2026-07-28 21:00:00 change: -0.0012
2026-07-29 06:17:03,292 | WARNING  | [ANOMALY] Price spike detected: GBPUSD-OTC 2026-07-28 20:25:00 change: -0.0014
2026-07-29 06:17:03,294 | WARNING  | [ANOMALY] Price spike detected: EURUSD 2026-07-28 12:15:00 change: -0.0002
2026-07-29 06:17:03,295 | WARNING  | [ANOMALY] Price spike detected: EURGBP 2026-07-28 22:30:00 change: 0.0001
2026-07-29 06:17:03,295 | WARNING  | [ANOMALY] Price spike detected: EURGBP-OTC 2026-07-28 21:05:00 change: 0.0002
2026-07-29 06:17:03,295 | WARNING  | [ANOMALY] Price spike detected: GBPUSD-OTC 2026-07-28 20:35:00 change: 0.0007
2026-07-29 06:17:03,295 | WARNING  | [ANOMALY] Price spike detected: EURUSD 2026-07-28 12:30:00 change: 0.0002
2026-07-29 06:17:03,295 | WARNING  | [ANOMALY] Price spike detected: EURGBP 2026-07-28 22:40:00 change: 0.0000
2026-07-29 06:17:03,296 | WARNING  | [ANOMALY] Price spike detected: EURGBP-OTC 2026-07-28 21:10:00 change: 0.0003
2026-07-29 06:17:03,296 | WARNING  | [ANOMALY] Price spike detected: GBPUSD-OTC 2026-07-28 20:40:00 change: 0.0011
2026-07-29 06:17:03,296 | WARNING  | [ANOMALY] Price spike detected: EURUSD 2026-07-28 12:45:00 change: 0.0001
2026-07-29 06:17:03,296 | WARNING  | [ANOMALY] Price spike detected: EURGBP 2026-07-28 22:50:00 change: -0.0000
2026-07-29 06:17:03,296 | WARNING  | [ANOMALY] Price spike detected: EURGBP-OTC 2026-07-28 21:20:00 change: 0.0003
2026-07-29 06:17:03,296 | WARNING  | [ANOMALY] Price spike detected: GBPUSD-OTC 2026-07-28 20:45:00 change: 0.0006
2026-07-29 06:17:03,297 | WARNING  | [ANOMALY] Price spike detected: EURUSD 2026-07-28 13:00:00 change: 0.0001
2026-07-29 06:17:03,297 | WARNING  | [ANOMALY] Price spike detected: EURGBP 2026-07-28 23:05:00 change: 0.0000
2026-07-29 06:17:03,297 | WARNING  | [ANOMALY] Price spike detected: EURGBP-OTC 2026-07-28 21:25:00 change: -0.0006
2026-07-29 06:17:03,297 | WARNING  | [ANOMALY] Price spike detected: GBPUSD-OTC 2026-07-28 20:50:00 change: 0.0004
2026-07-29 06:17:03,297 | WARNING  | [ANOMALY] Price spike detected: EURUSD 2026-07-28 13:30:00 change: 0.0002
2026-07-29 06:17:03,298 | WARNING  | [ANOMALY] Price spike detected: EURGBP 2026-07-28 23:10:00 change: -0.0001
2026-07-29 06:17:03,298 | WARNING  | [ANOMALY] Price spike detected: EURGBP-OTC 2026-07-28 21:30:00 change: -0.0003
2026-07-29 06:17:03,298 | WARNING  | [ANOMALY] Price spike detected: GBPUSD-OTC 2026-07-28 20:55:00 change: 0.0007
2026-07-29 06:17:03,298 | WARNING  | [ANOMALY] Price spike detected: EURUSD 2026-07-28 13:45:00 change: 0.0003
2026-07-29 06:17:03,299 | WARNING  | [ANOMALY] Price spike detected: EURGBP-OTC 2026-07-28 22:00:00 change: 0.0005
2026-07-29 06:17:03,300 | WARNING  | [ANOMALY] Price spike detected: GBPUSD-OTC 2026-07-28 21:05:00 change: -0.0011
2026-07-29 06:17:03,302 | WARNING  | [ANOMALY] Price spike detected: GBPUSD-OTC 2026-07-28 21:10:00 change: 0.0005
2026-07-29 06:17:03,300 | WARNING  | [ANOMALY] Price spike detected: EURGBP-OTC 2026-07-28 22:05:00 change: 0.0008
2026-07-29 06:17:03,300 | WARNING  | [ANOMALY] Price spike detected: EURUSD 2026-07-28 14:00:00 change: 0.0001
2026-07-29 06:17:03,305 | WARNING  | [ANOMALY] Price spike detected: GBPUSD-OTC 2026-07-28 21:15:00 change: 0.0005
2026-07-29 06:17:03,306 | WARNING  | [ANOMALY] Price spike detected: EURGBP-OTC 2026-07-28 22:10:00 change: -0.0002
2026-07-29 06:17:03,306 | WARNING  | [ANOMALY] Price spike detected: EURUSD 2026-07-28 14:15:00 change: 0.0004
2026-07-29 06:17:03,306 | WARNING  | [ANOMALY] Price spike detected: GBPUSD-OTC 2026-07-28 21:20:00 change: -0.0011
2026-07-29 06:17:03,307 | WARNING  | [ANOMALY] Price spike detected: EURGBP-OTC 2026-07-28 22:15:00 change: -0.0003
2026-07-29 06:17:03,312 | WARNING  | [ANOMALY] Total anomalies detected: EURGBP 190
2026-07-29 06:17:03,313 | WARNING  | [ANOMALY] Price spike detected: EURUSD 2026-07-28 14:30:00 change: 0.0001
2026-07-29 06:17:03,313 | WARNING  | [ANOMALY] Price spike detected: GBPUSD-OTC 2026-07-28 21:25:00 change: 0.0008
2026-07-29 06:17:03,313 | WARNING  | [ANOMALY] Price spike detected: EURGBP-OTC 2026-07-28 22:35:00 change: -0.0006
2026-07-29 06:17:03,313 | ERROR    | [ANOMALY] Excessive anomalies threshold exceeded: 3412
2026-07-29 06:17:03,313 | WARNING  | [ANOMALY] Price spike detected: EURUSD 2026-07-28 14:45:00 change: 0.0006
2026-07-29 06:17:03,313 | WARNING  | [ANOMALY] Price spike detected: GBPUSD-OTC 2026-07-28 21:30:00 change: -0.0008
2026-07-29 06:17:03,314 | WARNING  | [ANOMALY] Price spike detected: EURGBP-OTC 2026-07-28 22:40:00 change: -0.0005
2026-07-29 06:17:03,314 | INFO     | [DataAdapter] M5 anomaly detection completed for EURGBP
2026-07-29 06:17:03,314 | WARNING  | [ANOMALY] Price spike detected: EURUSD 2026-07-28 15:00:00 change: 0.0008
2026-07-29 06:17:03,314 | WARNING  | [ANOMALY] Price spike detected: GBPUSD-OTC 2026-07-28 21:35:00 change: 0.0003
2026-07-29 06:17:03,314 | WARNING  | [ANOMALY] Price spike detected: EURGBP-OTC 2026-07-28 22:45:00 change: 0.0001
2026-07-29 06:17:03,314 | INFO     | [DataAdapter] M5 data refresh completed for EURGBP
2026-07-29 06:17:03,315 | WARNING  | [ANOMALY] Price spike detected: EURUSD 2026-07-28 15:15:00 change: 0.0001
2026-07-29 06:17:03,315 | WARNING  | [ANOMALY] Price spike detected: GBPUSD-OTC 2026-07-28 21:40:00 change: 0.0005
2026-07-29 06:17:03,315 | WARNING  | [ANOMALY] Price spike detected: EURGBP-OTC 2026-07-28 22:50:00 change: -0.0004
2026-07-29 06:17:03,315 | INFO     | [DataAdapter] Refreshing M15 data for EURGBP
2026-07-29 06:17:03,315 | WARNING  | [ANOMALY] Price spike detected: EURUSD 2026-07-28 15:30:00 change: 0.0005
2026-07-29 06:17:03,316 | WARNING  | [ANOMALY] Price spike detected: GBPUSD-OTC 2026-07-28 21:50:00 change: 0.0002
2026-07-29 06:17:03,316 | WARNING  | [ANOMALY] Price spike detected: EURGBP-OTC 2026-07-28 23:00:00 change: 0.0005
2026-07-29 06:17:03,319 | WARNING  | [ANOMALY] Price spike detected: EURGBP 2026-07-28 12:15:00 change: -0.0002
2026-07-29 06:17:03,319 | WARNING  | [ANOMALY] Price spike detected: EURUSD 2026-07-28 15:45:00 change: -0.0001
2026-07-29 06:17:03,319 | WARNING  | [ANOMALY] Price spike detected: GBPUSD-OTC 2026-07-28 21:55:00 change: 0.0007
2026-07-29 06:17:03,320 | WARNING  | [ANOMALY] Price spike detected: EURGBP-OTC 2026-07-28 23:05:00 change: 0.0002
2026-07-29 06:17:03,320 | WARNING  | [ANOMALY] Price spike detected: EURGBP 2026-07-28 12:30:00 change: -0.0005
2026-07-29 06:17:03,320 | WARNING  | [ANOMALY] Price spike detected: EURUSD 2026-07-28 16:00:00 change: 0.0002
2026-07-29 06:17:03,320 | WARNING  | [ANOMALY] Price spike detected: GBPUSD-OTC 2026-07-28 22:00:00 change: 0.0008
2026-07-29 06:17:03,321 | WARNING  | [ANOMALY] Price spike detected: EURGBP-OTC 2026-07-28 23:10:00 change: 0.0008
2026-07-29 06:17:03,321 | WARNING  | [ANOMALY] Price spike detected: EURGBP 2026-07-28 12:45:00 change: -0.0002
2026-07-29 06:17:03,321 | WARNING  | [ANOMALY] Price spike detected: EURUSD 2026-07-28 16:15:00 change: 0.0002
2026-07-29 06:17:03,321 | WARNING  | [ANOMALY] Price spike detected: GBPUSD-OTC 2026-07-28 22:05:00 change: -0.0003
2026-07-29 06:17:03,323 | WARNING  | [ANOMALY] Price spike detected: EURGBP 2026-07-28 13:00:00 change: 0.0002
2026-07-29 06:17:03,323 | WARNING  | [ANOMALY] Price spike detected: EURUSD 2026-07-28 16:30:00 change: -0.0004
2026-07-29 06:17:03,323 | WARNING  | [ANOMALY] Price spike detected: GBPUSD-OTC 2026-07-28 22:10:00 change: -0.0003
2026-07-29 06:17:03,323 | WARNING  | [ANOMALY] Price spike detected: EURGBP 2026-07-28 13:30:00 change: 0.0001
2026-07-29 06:17:03,326 | WARNING  | [ANOMALY] Price spike detected: EURUSD 2026-07-28 16:45:00 change: -0.0004
2026-07-29 06:17:03,326 | WARNING  | [ANOMALY] Price spike detected: GBPUSD-OTC 2026-07-28 22:20:00 change: -0.0004
2026-07-29 06:17:03,326 | WARNING  | [ANOMALY] Price spike detected: EURGBP 2026-07-28 14:00:00 change: 0.0006
2026-07-29 06:17:03,326 | WARNING  | [ANOMALY] Price spike detected: EURUSD 2026-07-28 17:00:00 change: -0.0002
2026-07-29 06:17:03,331 | WARNING  | [ANOMALY] Total anomalies detected: EURGBP-OTC 181
2026-07-29 06:17:03,331 | WARNING  | [ANOMALY] Price spike detected: GBPUSD-OTC 2026-07-28 22:25:00 change: 0.0004
2026-07-29 06:17:03,331 | WARNING  | [ANOMALY] Price spike detected: EURGBP 2026-07-28 14:15:00 change: 0.0003
2026-07-29 06:17:03,332 | WARNING  | [ANOMALY] Price spike detected: EURUSD 2026-07-28 17:15:00 change: -0.0001
2026-07-29 06:17:03,332 | ERROR    | [ANOMALY] Excessive anomalies threshold exceeded: 3440
2026-07-29 06:17:03,332 | WARNING  | [ANOMALY] Price spike detected: GBPUSD-OTC 2026-07-28 22:35:00 change: -0.0008
2026-07-29 06:17:03,332 | WARNING  | [ANOMALY] Price spike detected: EURGBP 2026-07-28 14:30:00 change: 0.0003
2026-07-29 06:17:03,332 | WARNING  | [ANOMALY] Price spike detected: EURUSD 2026-07-28 17:30:00 change: -0.0001
2026-07-29 06:17:03,332 | INFO     | [DataAdapter] M5 anomaly detection completed for EURGBP-OTC
2026-07-29 06:17:03,332 | WARNING  | [ANOMALY] Price spike detected: GBPUSD-OTC 2026-07-28 22:40:00 change: -0.0011
2026-07-29 06:17:03,333 | WARNING  | [ANOMALY] Price spike detected: EURGBP 2026-07-28 14:45:00 change: 0.0008
2026-07-29 06:17:03,333 | WARNING  | [ANOMALY] Price spike detected: EURUSD 2026-07-28 17:45:00 change: -0.0002
2026-07-29 06:17:03,333 | INFO     | [DataAdapter] M5 data refresh completed for EURGBP-OTC
2026-07-29 06:17:03,333 | WARNING  | [ANOMALY] Price spike detected: GBPUSD-OTC 2026-07-28 22:45:00 change: 0.0008
2026-07-29 06:17:03,333 | WARNING  | [ANOMALY] Price spike detected: EURGBP 2026-07-28 16:00:00 change: 0.0003
2026-07-29 06:17:03,334 | WARNING  | [ANOMALY] Price spike detected: EURUSD 2026-07-28 18:15:00 change: -0.0001
2026-07-29 06:17:03,334 | INFO     | [DataAdapter] Refreshing M15 data for EURGBP-OTC
2026-07-29 06:17:03,334 | WARNING  | [ANOMALY] Price spike detected: GBPUSD-OTC 2026-07-28 23:05:00 change: 0.0002
2026-07-29 06:17:03,334 | WARNING  | [ANOMALY] Price spike detected: EURGBP 2026-07-28 16:15:00 change: 0.0001
2026-07-29 06:17:03,335 | WARNING  | [ANOMALY] Price spike detected: EURUSD 2026-07-28 18:45:00 change: -0.0001
2026-07-29 06:17:03,338 | WARNING  | [ANOMALY] Price spike detected: EURGBP-OTC 2026-07-28 12:15:00 change: 0.0009
2026-07-29 06:17:03,338 | WARNING  | [ANOMALY] Price spike detected: GBPUSD-OTC 2026-07-28 23:10:00 change: -0.0005
2026-07-29 06:17:03,338 | WARNING  | [ANOMALY] Price spike detected: EURGBP 2026-07-28 16:30:00 change: -0.0002
2026-07-29 06:17:03,338 | WARNING  | [ANOMALY] Price spike detected: EURUSD 2026-07-28 19:00:00 change: 0.0001
2026-07-29 06:17:03,339 | WARNING  | [ANOMALY] Price spike detected: EURGBP-OTC 2026-07-28 12:45:00 change: -0.0008
2026-07-29 06:17:03,340 | WARNING  | [ANOMALY] Price spike detected: EURGBP 2026-07-28 16:45:00 change: -0.0001
2026-07-29 06:17:03,340 | WARNING  | [ANOMALY] Price spike detected: EURUSD 2026-07-28 19:30:00 change: 0.0001
2026-07-29 06:17:03,340 | WARNING  | [ANOMALY] Price spike detected: EURGBP-OTC 2026-07-28 13:00:00 change: 0.0009
2026-07-29 06:17:03,342 | WARNING  | [ANOMALY] Price spike detected: EURGBP 2026-07-28 17:30:00 change: 0.0002
2026-07-29 06:17:03,342 | WARNING  | [ANOMALY] Price spike detected: EURUSD 2026-07-28 19:45:00 change: -0.0002
2026-07-29 06:17:03,342 | WARNING  | [ANOMALY] Price spike detected: EURGBP-OTC 2026-07-28 13:15:00 change: -0.0004
2026-07-29 06:17:03,343 | WARNING  | [ANOMALY] Price spike detected: EURGBP 2026-07-28 18:00:00 change: 0.0001
2026-07-29 06:17:03,347 | WARNING  | [ANOMALY] Total anomalies detected: GBPUSD-OTC 196
2026-07-29 06:17:03,347 | WARNING  | [ANOMALY] Price spike detected: EURUSD 2026-07-28 20:00:00 change: 0.0001
2026-07-29 06:17:03,347 | WARNING  | [ANOMALY] Price spike detected: EURGBP-OTC 2026-07-28 13:45:00 change: 0.0010
2026-07-29 06:17:03,348 | WARNING  | [ANOMALY] Price spike detected: EURGBP 2026-07-28 18:15:00 change: 0.0001
2026-07-29 06:17:03,348 | ERROR    | [ANOMALY] Excessive anomalies threshold exceeded: 3475
2026-07-29 06:17:03,348 | WARNING  | [ANOMALY] Price spike detected: EURUSD 2026-07-28 20:15:00 change: -0.0002
2026-07-29 06:17:03,348 | WARNING  | [ANOMALY] Price spike detected: EURGBP-OTC 2026-07-28 14:00:00 change: -0.0010
2026-07-29 06:17:03,349 | WARNING  | [ANOMALY] Price spike detected: EURGBP 2026-07-28 18:30:00 change: -0.0002
2026-07-29 06:17:03,349 | INFO     | [DataAdapter] M5 anomaly detection completed for GBPUSD-OTC
2026-07-29 06:17:03,349 | WARNING  | [ANOMALY] Price spike detected: EURUSD 2026-07-28 20:30:00 change: 0.0001
2026-07-29 06:17:03,349 | WARNING  | [ANOMALY] Price spike detected: EURGBP-OTC 2026-07-28 14:15:00 change: 0.0007
2026-07-29 06:17:03,349 | WARNING  | [ANOMALY] Price spike detected: EURGBP 2026-07-28 19:15:00 change: 0.0001
2026-07-29 06:17:03,349 | INFO     | [DataAdapter] M5 data refresh completed for GBPUSD-OTC
2026-07-29 06:17:03,350 | WARNING  | [ANOMALY] Price spike detected: EURUSD 2026-07-28 20:45:00 change: -0.0001
2026-07-29 06:17:03,350 | WARNING  | [ANOMALY] Price spike detected: EURGBP-OTC 2026-07-28 14:30:00 change: 0.0009
2026-07-29 06:17:03,350 | WARNING  | [ANOMALY] Price spike detected: EURGBP 2026-07-28 19:45:00 change: 0.0000
2026-07-29 06:17:03,350 | INFO     | [DataAdapter] Refreshing M15 data for GBPUSD-OTC
2026-07-29 06:17:03,350 | WARNING  | [ANOMALY] Price spike detected: EURUSD 2026-07-28 21:00:00 change: 0.0004
2026-07-29 06:17:03,351 | WARNING  | [ANOMALY] Price spike detected: EURGBP-OTC 2026-07-28 14:45:00 change: 0.0004
2026-07-29 06:17:03,351 | WARNING  | [ANOMALY] Price spike detected: EURGBP 2026-07-28 20:00:00 change: -0.0001
2026-07-29 06:17:03,354 | WARNING  | [ANOMALY] Price spike detected: GBPUSD-OTC 2026-07-28 12:15:00 change: 0.0009
2026-07-29 06:17:03,354 | WARNING  | [ANOMALY] Price spike detected: EURUSD 2026-07-28 21:30:00 change: 0.0001
2026-07-29 06:17:03,355 | WARNING  | [ANOMALY] Price spike detected: EURGBP-OTC 2026-07-28 15:00:00 change: -0.0013
2026-07-29 06:17:03,355 | WARNING  | [ANOMALY] Price spike detected: EURGBP 2026-07-28 20:30:00 change: 0.0000
2026-07-29 06:17:03,356 | WARNING  | [ANOMALY] Price spike detected: GBPUSD-OTC 2026-07-28 12:30:00 change: 0.0008
2026-07-29 06:17:03,356 | WARNING  | [ANOMALY] Price spike detected: EURUSD 2026-07-28 21:45:00 change: -0.0002
2026-07-29 06:17:03,356 | WARNING  | [ANOMALY] Price spike detected: EURGBP-OTC 2026-07-28 15:15:00 change: -0.0011
2026-07-29 06:17:03,356 | WARNING  | [ANOMALY] Price spike detected: EURGBP 2026-07-28 20:45:00 change: -0.0001
2026-07-29 06:17:03,357 | WARNING  | [ANOMALY] Price spike detected: GBPUSD-OTC 2026-07-28 12:45:00 change: -0.0024
2026-07-29 06:17:03,357 | WARNING  | [ANOMALY] Price spike detected: EURUSD 2026-07-28 22:00:00 change: -0.0002
2026-07-29 06:17:03,357 | WARNING  | [ANOMALY] Price spike detected: EURGBP-OTC 2026-07-28 16:15:00 change: -0.0011
2026-07-29 06:17:03,357 | WARNING  | [ANOMALY] Price spike detected: EURGBP 2026-07-28 21:00:00 change: 0.0001
2026-07-29 06:17:03,357 | WARNING  | [ANOMALY] Price spike detected: GBPUSD-OTC 2026-07-28 13:00:00 change: 0.0018
2026-07-29 06:17:03,357 | WARNING  | [ANOMALY] Price spike detected: EURUSD 2026-07-28 22:15:00 change: -0.0003
2026-07-29 06:17:03,358 | WARNING  | [ANOMALY] Price spike detected: EURGBP-OTC 2026-07-28 16:30:00 change: -0.0008
2026-07-29 06:17:03,358 | WARNING  | [ANOMALY] Price spike detected: EURGBP 2026-07-28 21:30:00 change: 0.0001
2026-07-29 06:17:03,358 | WARNING  | [ANOMALY] Price spike detected: GBPUSD-OTC 2026-07-28 13:15:00 change: 0.0006
2026-07-29 06:17:03,358 | WARNING  | [ANOMALY] Price spike detected: EURUSD 2026-07-28 23:00:00 change: -0.0001
2026-07-29 06:17:03,358 | WARNING  | [ANOMALY] Price spike detected: EURGBP-OTC 2026-07-28 16:45:00 change: -0.0014
2026-07-29 06:17:03,359 | WARNING  | [ANOMALY] Price spike detected: EURGBP 2026-07-28 22:00:00 change: -0.0000
2026-07-29 06:17:03,359 | WARNING  | [ANOMALY] Price spike detected: GBPUSD-OTC 2026-07-28 13:30:00 change: 0.0023
2026-07-29 06:17:03,360 | WARNING  | [ANOMALY] Price spike detected: EURGBP-OTC 2026-07-28 17:00:00 change: 0.0004
2026-07-29 06:17:03,360 | WARNING  | [ANOMALY] Price spike detected: EURGBP 2026-07-28 22:30:00 change: 0.0001
2026-07-29 06:17:03,360 | WARNING  | [ANOMALY] Price spike detected: GBPUSD-OTC 2026-07-28 14:00:00 change: 0.0018
2026-07-29 06:17:03,361 | WARNING  | [ANOMALY] Price spike detected: EURGBP-OTC 2026-07-28 17:15:00 change: 0.0009
2026-07-29 06:17:03,361 | WARNING  | [ANOMALY] Price spike detected: EURGBP 2026-07-28 22:45:00 change: -0.0000
2026-07-29 06:17:03,361 | WARNING  | [ANOMALY] Price spike detected: GBPUSD-OTC 2026-07-28 14:15:00 change: -0.0011
2026-07-29 06:17:03,368 | WARNING  | [ANOMALY] Total anomalies detected: EURUSD 37
2026-07-29 06:17:03,369 | WARNING  | [ANOMALY] Price spike detected: EURGBP-OTC 2026-07-28 17:30:00 change: 0.0006
2026-07-29 06:17:03,369 | WARNING  | [ANOMALY] Price spike detected: EURGBP 2026-07-28 23:00:00 change: -0.0000
2026-07-29 06:17:03,369 | WARNING  | [ANOMALY] Price spike detected: GBPUSD-OTC 2026-07-28 14:30:00 change: 0.0016
2026-07-29 06:17:03,369 | ERROR    | [ANOMALY] Excessive anomalies threshold exceeded: 3506
2026-07-29 06:17:03,369 | WARNING  | [ANOMALY] Price spike detected: EURGBP-OTC 2026-07-28 17:45:00 change: 0.0019
2026-07-29 06:17:03,370 | WARNING  | [ANOMALY] Price spike detected: GBPUSD-OTC 2026-07-28 15:00:00 change: -0.0005
2026-07-29 06:17:03,370 | INFO     | [DataAdapter] M15 anomaly detection completed for EURUSD
2026-07-29 06:17:03,372 | WARNING  | [ANOMALY] Price spike detected: EURGBP-OTC 2026-07-28 18:00:00 change: 0.0006
2026-07-29 06:17:03,372 | WARNING  | [ANOMALY] Price spike detected: GBPUSD-OTC 2026-07-28 15:30:00 change: -0.0008
2026-07-29 06:17:03,372 | INFO     | [DataAdapter] M15 data refresh completed for EURUSD
2026-07-29 06:17:03,377 | WARNING  | [ANOMALY] Total anomalies detected: EURGBP 28
2026-07-29 06:17:03,377 | WARNING  | [ANOMALY] Price spike detected: EURGBP-OTC 2026-07-28 18:15:00 change: 0.0006
2026-07-29 06:17:03,378 | WARNING  | [ANOMALY] Price spike detected: GBPUSD-OTC 2026-07-28 15:45:00 change: -0.0013
2026-07-29 06:17:03,378 | INFO     | [DataAdapter] Anomaly statistics for EURUSD: {'total_calls': 12, 'response_times': [0.8445141315460205, 1.0909359455108643, 0.9525554180145264, 0.963559627532959, 0.9220683574676514, 0.715965986251831, 0.4042336940765381, 0.10851430892944336, 0.7005531787872314, 0.4905996322631836, 0.28547239303588867, 0.1288316249847412], 'spike_count': 3506, 'zero_volume_count': 0, 'impossible_candle_count': 0, 'consecutive_anomalies': 3506, 'avg_response_time': np.float64(0.6339836915334066), 'max_response_time': np.float64(1.0909359455108643), 'min_response_time': np.float64(0.10851430892944336)}
2026-07-29 06:17:03,378 | ERROR    | [ANOMALY] Excessive anomalies threshold exceeded: 3506
2026-07-29 06:17:03,378 | WARNING  | [ANOMALY] Price spike detected: EURGBP-OTC 2026-07-28 18:30:00 change: 0.0012
2026-07-29 06:17:03,378 | WARNING  | [ANOMALY] Price spike detected: GBPUSD-OTC 2026-07-28 16:15:00 change: -0.0014
2026-07-29 06:17:03,378 | INFO     | [DataAdapter] M15 anomaly detection completed for EURGBP
2026-07-29 06:17:03,378 | WARNING  | [ANOMALY] Price spike detected: EURGBP-OTC 2026-07-28 18:45:00 change: -0.0008
2026-07-29 06:17:03,378 | WARNING  | [ANOMALY] Price spike detected: GBPUSD-OTC 2026-07-28 16:30:00 change: -0.0008
2026-07-29 06:17:03,379 | INFO     | [DataAdapter] M15 data refresh completed for EURGBP
2026-07-29 06:17:03,379 | WARNING  | [ANOMALY] Price spike detected: EURGBP-OTC 2026-07-28 19:30:00 change: -0.0011
2026-07-29 06:17:03,379 | WARNING  | [ANOMALY] Price spike detected: GBPUSD-OTC 2026-07-28 16:45:00 change: 0.0009
2026-07-29 06:17:03,379 | INFO     | [DataAdapter] Anomaly statistics for EURGBP: {'total_calls': 12, 'response_times': [0.8445141315460205, 1.0909359455108643, 0.9525554180145264, 0.963559627532959, 0.9220683574676514, 0.715965986251831, 0.4042336940765381, 0.10851430892944336, 0.7005531787872314, 0.4905996322631836, 0.28547239303588867, 0.1288316249847412], 'spike_count': 3506, 'zero_volume_count': 0, 'impossible_candle_count': 0, 'consecutive_anomalies': 3506, 'avg_response_time': np.float64(0.6339836915334066), 'max_response_time': np.float64(1.0909359455108643), 'min_response_time': np.float64(0.10851430892944336)}
2026-07-29 06:17:03,380 | WARNING  | [ANOMALY] Price spike detected: EURGBP-OTC 2026-07-28 20:00:00 change: 0.0004
2026-07-29 06:17:03,380 | WARNING  | [ANOMALY] Price spike detected: GBPUSD-OTC 2026-07-28 17:00:00 change: 0.0012
2026-07-29 06:17:03,380 | WARNING  | [ANOMALY] Price spike detected: EURGBP-OTC 2026-07-28 20:15:00 change: -0.0004
2026-07-29 06:17:03,380 | WARNING  | [ANOMALY] Price spike detected: GBPUSD-OTC 2026-07-28 17:15:00 change: 0.0008
2026-07-29 06:17:03,381 | WARNING  | [ANOMALY] Price spike detected: EURGBP-OTC 2026-07-28 20:30:00 change: 0.0004
2026-07-29 06:17:03,381 | WARNING  | [ANOMALY] Price spike detected: GBPUSD-OTC 2026-07-28 17:45:00 change: 0.0007
2026-07-29 06:17:03,381 | WARNING  | [ANOMALY] Price spike detected: EURGBP-OTC 2026-07-28 20:45:00 change: 0.0007
2026-07-29 06:17:03,382 | WARNING  | [ANOMALY] Price spike detected: GBPUSD-OTC 2026-07-28 18:00:00 change: -0.0018
2026-07-29 06:17:03,382 | WARNING  | [ANOMALY] Price spike detected: EURGBP-OTC 2026-07-28 21:00:00 change: -0.0007
2026-07-29 06:17:03,382 | WARNING  | [ANOMALY] Price spike detected: GBPUSD-OTC 2026-07-28 18:15:00 change: -0.0013
2026-07-29 06:17:03,382 | WARNING  | [ANOMALY] Price spike detected: EURGBP-OTC 2026-07-28 21:15:00 change: -0.0004
2026-07-29 06:17:03,382 | WARNING  | [ANOMALY] Price spike detected: GBPUSD-OTC 2026-07-28 18:45:00 change: 0.0026
2026-07-29 06:17:03,383 | WARNING  | [ANOMALY] Price spike detected: EURGBP-OTC 2026-07-28 21:30:00 change: -0.0006
2026-07-29 06:17:03,383 | WARNING  | [ANOMALY] Price spike detected: GBPUSD-OTC 2026-07-28 19:00:00 change: -0.0006
2026-07-29 06:17:03,383 | WARNING  | [ANOMALY] Price spike detected: EURGBP-OTC 2026-07-28 22:00:00 change: 0.0010
2026-07-29 06:17:03,383 | WARNING  | [ANOMALY] Price spike detected: GBPUSD-OTC 2026-07-28 19:30:00 change: -0.0011
2026-07-29 06:17:03,384 | WARNING  | [ANOMALY] Price spike detected: EURGBP-OTC 2026-07-28 22:15:00 change: -0.0003
2026-07-29 06:17:03,384 | WARNING  | [ANOMALY] Price spike detected: GBPUSD-OTC 2026-07-28 19:45:00 change: -0.0007
2026-07-29 06:17:03,384 | WARNING  | [ANOMALY] Price spike detected: EURGBP-OTC 2026-07-28 22:30:00 change: -0.0010
2026-07-29 06:17:03,384 | WARNING  | [ANOMALY] Price spike detected: GBPUSD-OTC 2026-07-28 20:15:00 change: -0.0014
2026-07-29 06:17:03,385 | WARNING  | [ANOMALY] Price spike detected: EURGBP-OTC 2026-07-28 22:45:00 change: -0.0002
2026-07-29 06:17:03,385 | WARNING  | [ANOMALY] Price spike detected: GBPUSD-OTC 2026-07-28 20:30:00 change: 0.0017
2026-07-29 06:17:03,385 | WARNING  | [ANOMALY] Price spike detected: EURGBP-OTC 2026-07-28 23:00:00 change: 0.0015
2026-07-29 06:17:03,385 | WARNING  | [ANOMALY] Price spike detected: GBPUSD-OTC 2026-07-28 20:45:00 change: 0.0016
2026-07-29 06:17:03,387 | WARNING  | [ANOMALY] Price spike detected: GBPUSD-OTC 2026-07-28 21:00:00 change: -0.0006
2026-07-29 06:17:03,387 | WARNING  | [ANOMALY] Price spike detected: GBPUSD-OTC 2026-07-28 21:45:00 change: 0.0009
2026-07-29 06:17:03,388 | WARNING  | [ANOMALY] Price spike detected: GBPUSD-OTC 2026-07-28 22:30:00 change: -0.0020
2026-07-29 06:17:03,389 | WARNING  | [ANOMALY] Price spike detected: GBPUSD-OTC 2026-07-28 22:45:00 change: 0.0010
2026-07-29 06:17:03,395 | WARNING  | [ANOMALY] Total anomalies detected: EURGBP-OTC 35
2026-07-29 06:17:03,395 | ERROR    | [ANOMALY] Excessive anomalies threshold exceeded: 3506
2026-07-29 06:17:03,395 | INFO     | [DataAdapter] M15 anomaly detection completed for EURGBP-OTC
2026-07-29 06:17:03,397 | INFO     | [DataAdapter] M15 data refresh completed for EURGBP-OTC
2026-07-29 06:17:03,398 | INFO     | [DataAdapter] Anomaly statistics for EURGBP-OTC: {'total_calls': 12, 'response_times': [0.8445141315460205, 1.0909359455108643, 0.9525554180145264, 0.963559627532959, 0.9220683574676514, 0.715965986251831, 0.4042336940765381, 0.10851430892944336, 0.7005531787872314, 0.4905996322631836, 0.28547239303588867, 0.1288316249847412], 'spike_count': 3506, 'zero_volume_count': 0, 'impossible_candle_count': 0, 'consecutive_anomalies': 3506, 'avg_response_time': np.float64(0.6339836915334066), 'max_response_time': np.float64(1.0909359455108643), 'min_response_time': np.float64(0.10851430892944336)}
2026-07-29 06:17:03,404 | WARNING  | [ANOMALY] Total anomalies detected: GBPUSD-OTC 31
2026-07-29 06:17:03,404 | ERROR    | [ANOMALY] Excessive anomalies threshold exceeded: 3506
2026-07-29 06:17:03,404 | INFO     | [DataAdapter] M15 anomaly detection completed for GBPUSD-OTC
2026-07-29 06:17:03,404 | INFO     | [DataAdapter] M15 data refresh completed for GBPUSD-OTC
2026-07-29 06:17:03,404 | INFO     | [DataAdapter] Anomaly statistics for GBPUSD-OTC: {'total_calls': 12, 'response_times': [0.8445141315460205, 1.0909359455108643, 0.9525554180145264, 0.963559627532959, 0.9220683574676514, 0.715965986251831, 0.4042336940765381, 0.10851430892944336, 0.7005531787872314, 0.4905996322631836, 0.28547239303588867, 0.1288316249847412], 'spike_count': 3506, 'zero_volume_count': 0, 'impossible_candle_count': 0, 'consecutive_anomalies': 3506, 'avg_response_time': np.float64(0.6339836915334066), 'max_response_time': np.float64(1.0909359455108643), 'min_response_time': np.float64(0.10851430892944336)}
2026-07-29 06:17:03,556 | ERROR    | [AnomalyDetector] Error during analysis: 'AnomalyDetector' object has no attribute 'analyze'
Traceback (most recent call last):
  File "E:\BOT_FINALBOT\FINALBOT_Begin\data_evaluate\orchestrator.py", line 689, in _run_supplementary_engines
    anom_res = self.anomaly_detector.analyze(df_m5)
               ^^^^^^^^^^^^^^^^^^^^^^^^^^^^^
AttributeError: 'AnomalyDetector' object has no attribute 'analyze'
2026-07-29 06:17:03,557 | ERROR    | Error running supplementary engines for EURUSD: 'AnomalyDetector' object has no attribute 'analyze'
Traceback (most recent call last):
  File "E:\BOT_FINALBOT\FINALBOT_Begin\data_evaluate\orchestrator.py", line 296, in process_cycle
    supp_engines = self._run_supplementary_engines(
                   ^^^^^^^^^^^^^^^^^^^^^^^^^^^^^^^^
  File "E:\BOT_FINALBOT\FINALBOT_Begin\data_evaluate\orchestrator.py", line 689, in _run_supplementary_engines
    anom_res = self.anomaly_detector.analyze(df_m5)
               ^^^^^^^^^^^^^^^^^^^^^^^^^^^^^
AttributeError: 'AnomalyDetector' object has no attribute 'analyze'
2026-07-29 06:17:03,559 | ERROR    | Orchestrator failed for EURUSD
Traceback (most recent call last):
  File "E:\BOT_FINALBOT\FINALBOT_Begin\runner.py", line 240, in run_cycle
    self.orchestrator.process_cycle(sym)
  File "E:\BOT_FINALBOT\FINALBOT_Begin\data_evaluate\orchestrator.py", line 296, in process_cycle
    supp_engines = self._run_supplementary_engines(
                   ^^^^^^^^^^^^^^^^^^^^^^^^^^^^^^^^
  File "E:\BOT_FINALBOT\FINALBOT_Begin\data_evaluate\orchestrator.py", line 689, in _run_supplementary_engines
    anom_res = self.anomaly_detector.analyze(df_m5)
               ^^^^^^^^^^^^^^^^^^^^^^^^^^^^^
AttributeError: 'AnomalyDetector' object has no attribute 'analyze'
2026-07-29 06:17:03,686 | ERROR    | [AnomalyDetector] Error during analysis: 'AnomalyDetector' object has no attribute 'analyze'
Traceback (most recent call last):
  File "E:\BOT_FINALBOT\FINALBOT_Begin\data_evaluate\orchestrator.py", line 689, in _run_supplementary_engines
    anom_res = self.anomaly_detector.analyze(df_m5)
               ^^^^^^^^^^^^^^^^^^^^^^^^^^^^^
AttributeError: 'AnomalyDetector' object has no attribute 'analyze'
2026-07-29 06:17:03,688 | ERROR    | Error running supplementary engines for EURGBP: 'AnomalyDetector' object has no attribute 'analyze'
Traceback (most recent call last):
  File "E:\BOT_FINALBOT\FINALBOT_Begin\data_evaluate\orchestrator.py", line 296, in process_cycle
    supp_engines = self._run_supplementary_engines(
                   ^^^^^^^^^^^^^^^^^^^^^^^^^^^^^^^^
  File "E:\BOT_FINALBOT\FINALBOT_Begin\data_evaluate\orchestrator.py", line 689, in _run_supplementary_engines
    anom_res = self.anomaly_detector.analyze(df_m5)
               ^^^^^^^^^^^^^^^^^^^^^^^^^^^^^
AttributeError: 'AnomalyDetector' object has no attribute 'analyze'
2026-07-29 06:17:03,690 | ERROR    | Orchestrator failed for EURGBP
Traceback (most recent call last):
  File "E:\BOT_FINALBOT\FINALBOT_Begin\runner.py", line 240, in run_cycle
    self.orchestrator.process_cycle(sym)
  File "E:\BOT_FINALBOT\FINALBOT_Begin\data_evaluate\orchestrator.py", line 296, in process_cycle
    supp_engines = self._run_supplementary_engines(
                   ^^^^^^^^^^^^^^^^^^^^^^^^^^^^^^^^
  File "E:\BOT_FINALBOT\FINALBOT_Begin\data_evaluate\orchestrator.py", line 689, in _run_supplementary_engines
    anom_res = self.anomaly_detector.analyze(df_m5)
               ^^^^^^^^^^^^^^^^^^^^^^^^^^^^^
AttributeError: 'AnomalyDetector' object has no attribute 'analyze'
2026-07-29 06:17:03,818 | ERROR    | [AnomalyDetector] Error during analysis: 'AnomalyDetector' object has no attribute 'analyze'
Traceback (most recent call last):
  File "E:\BOT_FINALBOT\FINALBOT_Begin\data_evaluate\orchestrator.py", line 689, in _run_supplementary_engines
    anom_res = self.anomaly_detector.analyze(df_m5)
               ^^^^^^^^^^^^^^^^^^^^^^^^^^^^^
AttributeError: 'AnomalyDetector' object has no attribute 'analyze'
2026-07-29 06:17:03,821 | ERROR    | Error running supplementary engines for GBPUSD-OTC: 'AnomalyDetector' object has no attribute 'analyze'
Traceback (most recent call last):
  File "E:\BOT_FINALBOT\FINALBOT_Begin\data_evaluate\orchestrator.py", line 296, in process_cycle
    supp_engines = self._run_supplementary_engines(
                   ^^^^^^^^^^^^^^^^^^^^^^^^^^^^^^^^
  File "E:\BOT_FINALBOT\FINALBOT_Begin\data_evaluate\orchestrator.py", line 689, in _run_supplementary_engines
    anom_res = self.anomaly_detector.analyze(df_m5)
               ^^^^^^^^^^^^^^^^^^^^^^^^^^^^^
AttributeError: 'AnomalyDetector' object has no attribute 'analyze'
2026-07-29 06:17:03,824 | ERROR    | Orchestrator failed for GBPUSD-OTC
Traceback (most recent call last):
  File "E:\BOT_FINALBOT\FINALBOT_Begin\runner.py", line 240, in run_cycle
    self.orchestrator.process_cycle(sym)
  File "E:\BOT_FINALBOT\FINALBOT_Begin\data_evaluate\orchestrator.py", line 296, in process_cycle
    supp_engines = self._run_supplementary_engines(
                   ^^^^^^^^^^^^^^^^^^^^^^^^^^^^^^^^
  File "E:\BOT_FINALBOT\FINALBOT_Begin\data_evaluate\orchestrator.py", line 689, in _run_supplementary_engines
    anom_res = self.anomaly_detector.analyze(df_m5)
               ^^^^^^^^^^^^^^^^^^^^^^^^^^^^^
AttributeError: 'AnomalyDetector' object has no attribute 'analyze'
2026-07-29 06:17:03,974 | ERROR    | [AnomalyDetector] Error during analysis: 'AnomalyDetector' object has no attribute 'analyze'
Traceback (most recent call last):
  File "E:\BOT_FINALBOT\FINALBOT_Begin\data_evaluate\orchestrator.py", line 689, in _run_supplementary_engines
    anom_res = self.anomaly_detector.analyze(df_m5)
               ^^^^^^^^^^^^^^^^^^^^^^^^^^^^^
AttributeError: 'AnomalyDetector' object has no attribute 'analyze'
2026-07-29 06:17:03,975 | ERROR    | Error running supplementary engines for EURGBP-OTC: 'AnomalyDetector' object has no attribute 'analyze'
Traceback (most recent call last):
  File "E:\BOT_FINALBOT\FINALBOT_Begin\data_evaluate\orchestrator.py", line 296, in process_cycle
    supp_engines = self._run_supplementary_engines(
                   ^^^^^^^^^^^^^^^^^^^^^^^^^^^^^^^^
  File "E:\BOT_FINALBOT\FINALBOT_Begin\data_evaluate\orchestrator.py", line 689, in _run_supplementary_engines
    anom_res = self.anomaly_detector.analyze(df_m5)
               ^^^^^^^^^^^^^^^^^^^^^^^^^^^^^
AttributeError: 'AnomalyDetector' object has no attribute 'analyze'
2026-07-29 06:17:03,977 | ERROR    | Orchestrator failed for EURGBP-OTC
Traceback (most recent call last):
  File "E:\BOT_FINALBOT\FINALBOT_Begin\runner.py", line 240, in run_cycle
    self.orchestrator.process_cycle(sym)
  File "E:\BOT_FINALBOT\FINALBOT_Begin\data_evaluate\orchestrator.py", line 296, in process_cycle
    supp_engines = self._run_supplementary_engines(
                   ^^^^^^^^^^^^^^^^^^^^^^^^^^^^^^^^
  File "E:\BOT_FINALBOT\FINALBOT_Begin\data_evaluate\orchestrator.py", line 689, in _run_supplementary_engines
    anom_res = self.anomaly_detector.analyze(df_m5)
               ^^^^^^^^^^^^^^^^^^^^^^^^^^^^^
AttributeError: 'AnomalyDetector' object has no attribute 'analyze'
2026-07-29 06:17:03,979 | INFO     | [EURUSD:1.13841][EURGBP:0.85699][GBPUSD-OTC:1.33390][EURGBP-OTC:0.85083] :: TOTAL=$1453.95
2026-07-29 06:17:30,789 | INFO     | [TIME SYNC] Server time offset: -1.5529999732971191 seconds
2026-07-29 06:17:30,789 | INFO     | Time Sync : -1.553s
2026-07-29 06:18:02,229 | INFO     | [DataAdapter] Starting update for EURUSD
2026-07-29 06:18:02,229 | INFO     | [DataAdapter] Refreshing M1 data for EURUSD
2026-07-29 06:18:02,230 | INFO     | [DataAdapter] Starting update for EURGBP
2026-07-29 06:18:02,230 | INFO     | [DataAdapter] Refreshing M1 data for EURGBP
2026-07-29 06:18:02,230 | INFO     | [DataAdapter] Starting update for GBPUSD-OTC
2026-07-29 06:18:02,230 | INFO     | [DataAdapter] Refreshing M1 data for GBPUSD-OTC
2026-07-29 06:18:02,230 | INFO     | [DataAdapter] Starting update for EURGBP-OTC
2026-07-29 06:18:02,231 | INFO     | [DataAdapter] Refreshing M1 data for EURGBP-OTC
2026-07-29 06:18:02,493 | INFO     | [IQOPTION] REST fetch succeeded for EURUSD: 3 candles
2026-07-29 06:18:02,557 | WARNING  | [ANOMALY] Price spike detected: EURUSD 2026-07-28 21:43:00 change: -0.0000
2026-07-29 06:18:02,572 | WARNING  | [ANOMALY] Price spike detected: EURUSD 2026-07-28 21:44:00 change: 0.0001
2026-07-29 06:18:02,588 | WARNING  | [ANOMALY] Price spike detected: EURUSD 2026-07-28 21:45:00 change: -0.0002
2026-07-29 06:18:02,603 | WARNING  | [ANOMALY] Price spike detected: EURUSD 2026-07-28 21:46:00 change: 0.0001
2026-07-29 06:18:02,619 | WARNING  | [ANOMALY] Price spike detected: EURUSD 2026-07-28 21:47:00 change: -0.0001
2026-07-29 06:18:02,635 | WARNING  | [ANOMALY] Price spike detected: EURUSD 2026-07-28 21:48:00 change: 0.0001
2026-07-29 06:18:02,650 | WARNING  | [ANOMALY] Price spike detected: EURUSD 2026-07-28 21:50:00 change: -0.0001
2026-07-29 06:18:02,666 | WARNING  | [ANOMALY] Price spike detected: EURUSD 2026-07-28 21:52:00 change: 0.0000
2026-07-29 06:18:02,681 | WARNING  | [ANOMALY] Price spike detected: EURUSD 2026-07-28 21:54:00 change: -0.0000
2026-07-29 06:18:02,713 | WARNING  | [ANOMALY] Price spike detected: EURUSD 2026-07-28 21:57:00 change: -0.0001
2026-07-29 06:18:02,713 | WARNING  | [ANOMALY] Price spike detected: EURUSD 2026-07-28 22:00:00 change: -0.0001
2026-07-29 06:18:02,728 | WARNING  | [ANOMALY] Price spike detected: EURUSD 2026-07-28 22:01:00 change: 0.0000
2026-07-29 06:18:02,743 | WARNING  | [ANOMALY] Price spike detected: EURUSD 2026-07-28 22:05:00 change: 0.0000
2026-07-29 06:18:02,743 | INFO     | [IQOPTION] REST fetch succeeded for EURGBP: 3 candles
2026-07-29 06:18:02,744 | WARNING  | [ANOMALY] Price spike detected: EURUSD 2026-07-28 22:06:00 change: -0.0001
2026-07-29 06:18:02,768 | WARNING  | [ANOMALY] Price spike detected: EURGBP 2026-07-28 21:44:00 change: 0.0000
2026-07-29 06:18:02,791 | WARNING  | [ANOMALY] Price spike detected: EURUSD 2026-07-28 22:09:00 change: 0.0000
2026-07-29 06:18:02,839 | WARNING  | [ANOMALY] Price spike detected: EURGBP 2026-07-28 21:45:00 change: -0.0001
2026-07-29 06:18:02,887 | WARNING  | [ANOMALY] Price spike detected: EURUSD 2026-07-28 22:12:00 change: 0.0000
2026-07-29 06:18:02,977 | WARNING  | [ANOMALY] Price spike detected: EURUSD 2026-07-28 22:13:00 change: -0.0002
2026-07-29 06:18:02,977 | WARNING  | [ANOMALY] Price spike detected: EURUSD 2026-07-28 22:14:00 change: -0.0001
2026-07-29 06:18:02,977 | WARNING  | [ANOMALY] Price spike detected: EURUSD 2026-07-28 22:15:00 change: 0.0001
2026-07-29 06:18:02,977 | WARNING  | [ANOMALY] Price spike detected: EURUSD 2026-07-28 22:16:00 change: -0.0001
2026-07-29 06:18:02,978 | WARNING  | [ANOMALY] Price spike detected: EURUSD 2026-07-28 22:18:00 change: -0.0000
2026-07-29 06:18:02,978 | WARNING  | [ANOMALY] Price spike detected: EURUSD 2026-07-28 22:19:00 change: -0.0000
2026-07-29 06:18:02,978 | WARNING  | [ANOMALY] Price spike detected: EURUSD 2026-07-28 22:20:00 change: -0.0001
2026-07-29 06:18:02,935 | WARNING  | [ANOMALY] Price spike detected: EURGBP 2026-07-28 21:46:00 change: 0.0001
2026-07-29 06:18:02,979 | WARNING  | [ANOMALY] Price spike detected: EURGBP 2026-07-28 21:47:00 change: -0.0001
2026-07-29 06:18:02,980 | WARNING  | [ANOMALY] Price spike detected: EURGBP 2026-07-28 21:48:00 change: 0.0001
2026-07-29 06:18:02,979 | WARNING  | [ANOMALY] Price spike detected: EURUSD 2026-07-28 22:22:00 change: -0.0001
2026-07-29 06:18:02,980 | WARNING  | [ANOMALY] Price spike detected: EURGBP 2026-07-28 21:50:00 change: -0.0001
2026-07-29 06:18:02,980 | WARNING  | [ANOMALY] Price spike detected: EURUSD 2026-07-28 22:23:00 change: -0.0000
2026-07-29 06:18:02,981 | INFO     | [IQOPTION] REST fetch succeeded for GBPUSD-OTC: 3 candles
2026-07-29 06:18:02,981 | WARNING  | [ANOMALY] Price spike detected: EURGBP 2026-07-28 21:52:00 change: 0.0000
2026-07-29 06:18:03,029 | WARNING  | [ANOMALY] Price spike detected: EURUSD 2026-07-28 22:26:00 change: 0.0001
2026-07-29 06:18:03,090 | WARNING  | [ANOMALY] Price spike detected: EURGBP 2026-07-28 21:57:00 change: 0.0000
2026-07-29 06:18:03,092 | WARNING  | [ANOMALY] Price spike detected: EURUSD 2026-07-28 22:27:00 change: -0.0000
2026-07-29 06:18:03,092 | WARNING  | [ANOMALY] Price spike detected: GBPUSD-OTC 2026-07-28 21:43:00 change: -0.0001
2026-07-29 06:18:03,137 | WARNING  | [ANOMALY] Price spike detected: EURGBP 2026-07-28 21:58:00 change: -0.0000
2026-07-29 06:18:03,152 | WARNING  | [ANOMALY] Price spike detected: EURUSD 2026-07-28 22:28:00 change: -0.0000
2026-07-29 06:18:03,168 | WARNING  | [ANOMALY] Price spike detected: GBPUSD-OTC 2026-07-28 21:46:00 change: -0.0003
2026-07-29 06:18:03,199 | WARNING  | [ANOMALY] Price spike detected: EURGBP 2026-07-28 22:00:00 change: 0.0000
2026-07-29 06:18:03,215 | WARNING  | [ANOMALY] Price spike detected: EURUSD 2026-07-28 22:30:00 change: 0.0001
2026-07-29 06:18:03,245 | WARNING  | [ANOMALY] Price spike detected: GBPUSD-OTC 2026-07-28 21:47:00 change: 0.0003
2026-07-29 06:18:03,245 | INFO     | [IQOPTION] REST fetch succeeded for EURGBP-OTC: 3 candles
2026-07-29 06:18:03,245 | WARNING  | [ANOMALY] Price spike detected: EURGBP 2026-07-28 22:01:00 change: 0.0000
2026-07-29 06:18:03,246 | WARNING  | [ANOMALY] Price spike detected: EURUSD 2026-07-28 22:31:00 change: 0.0000
2026-07-29 06:18:03,246 | WARNING  | [ANOMALY] Price spike detected: GBPUSD-OTC 2026-07-28 21:48:00 change: -0.0001
2026-07-29 06:18:03,255 | WARNING  | [ANOMALY] Price spike detected: EURGBP-OTC 2026-07-28 21:43:00 change: 0.0002
2026-07-29 06:18:03,255 | WARNING  | [ANOMALY] Price spike detected: EURGBP 2026-07-28 22:02:00 change: -0.0000
2026-07-29 06:18:03,256 | WARNING  | [ANOMALY] Price spike detected: EURUSD 2026-07-28 22:32:00 change: -0.0000
2026-07-29 06:18:03,256 | WARNING  | [ANOMALY] Price spike detected: GBPUSD-OTC 2026-07-28 21:49:00 change: 0.0001
2026-07-29 06:18:03,256 | WARNING  | [ANOMALY] Price spike detected: EURGBP-OTC 2026-07-28 21:44:00 change: -0.0002
2026-07-29 06:18:03,257 | WARNING  | [ANOMALY] Price spike detected: EURGBP 2026-07-28 22:05:00 change: -0.0000
2026-07-29 06:18:03,257 | WARNING  | [ANOMALY] Price spike detected: EURUSD 2026-07-28 22:34:00 change: 0.0000
2026-07-29 06:18:03,257 | WARNING  | [ANOMALY] Price spike detected: GBPUSD-OTC 2026-07-28 21:50:00 change: 0.0001
2026-07-29 06:18:03,258 | WARNING  | [ANOMALY] Price spike detected: EURGBP-OTC 2026-07-28 21:45:00 change: -0.0004
2026-07-29 06:18:03,258 | WARNING  | [ANOMALY] Price spike detected: EURGBP 2026-07-28 22:06:00 change: -0.0000
2026-07-29 06:18:03,258 | WARNING  | [ANOMALY] Price spike detected: EURUSD 2026-07-28 22:35:00 change: -0.0001
2026-07-29 06:18:03,258 | WARNING  | [ANOMALY] Price spike detected: GBPUSD-OTC 2026-07-28 21:51:00 change: 0.0003
2026-07-29 06:18:03,258 | WARNING  | [ANOMALY] Price spike detected: EURGBP-OTC 2026-07-28 21:46:00 change: 0.0004
2026-07-29 06:18:03,259 | WARNING  | [ANOMALY] Price spike detected: EURGBP 2026-07-28 22:07:00 change: -0.0000
2026-07-29 06:18:03,259 | WARNING  | [ANOMALY] Price spike detected: EURUSD 2026-07-28 22:37:00 change: -0.0000
2026-07-29 06:18:03,259 | WARNING  | [ANOMALY] Price spike detected: GBPUSD-OTC 2026-07-28 21:53:00 change: -0.0003
2026-07-29 06:18:03,259 | WARNING  | [ANOMALY] Price spike detected: EURGBP-OTC 2026-07-28 21:48:00 change: -0.0003
2026-07-29 06:18:03,259 | WARNING  | [ANOMALY] Price spike detected: EURGBP 2026-07-28 22:09:00 change: 0.0000
2026-07-29 06:18:03,260 | WARNING  | [ANOMALY] Price spike detected: EURUSD 2026-07-28 22:38:00 change: -0.0000
2026-07-29 06:18:03,260 | WARNING  | [ANOMALY] Price spike detected: GBPUSD-OTC 2026-07-28 21:54:00 change: 0.0002
2026-07-29 06:18:03,260 | WARNING  | [ANOMALY] Price spike detected: EURGBP-OTC 2026-07-28 21:49:00 change: 0.0003
2026-07-29 06:18:03,260 | WARNING  | [ANOMALY] Price spike detected: EURGBP 2026-07-28 22:10:00 change: -0.0000
2026-07-29 06:18:03,260 | WARNING  | [ANOMALY] Price spike detected: EURUSD 2026-07-28 22:40:00 change: 0.0000
2026-07-29 06:18:03,261 | WARNING  | [ANOMALY] Price spike detected: GBPUSD-OTC 2026-07-28 21:55:00 change: 0.0006
2026-07-29 06:18:03,261 | WARNING  | [ANOMALY] Price spike detected: EURGBP-OTC 2026-07-28 21:51:00 change: 0.0001
2026-07-29 06:18:03,261 | WARNING  | [ANOMALY] Price spike detected: EURGBP 2026-07-28 22:11:00 change: 0.0000
2026-07-29 06:18:03,261 | WARNING  | [ANOMALY] Price spike detected: EURUSD 2026-07-28 22:41:00 change: -0.0000
2026-07-29 06:18:03,261 | WARNING  | [ANOMALY] Price spike detected: GBPUSD-OTC 2026-07-28 21:57:00 change: 0.0001
2026-07-29 06:18:03,262 | WARNING  | [ANOMALY] Price spike detected: EURGBP-OTC 2026-07-28 21:52:00 change: -0.0002
2026-07-29 06:18:03,262 | WARNING  | [ANOMALY] Price spike detected: EURGBP 2026-07-28 22:12:00 change: 0.0000
2026-07-29 06:18:03,262 | WARNING  | [ANOMALY] Price spike detected: EURUSD 2026-07-28 22:42:00 change: 0.0001
2026-07-29 06:18:03,262 | WARNING  | [ANOMALY] Price spike detected: GBPUSD-OTC 2026-07-28 21:58:00 change: 0.0002
2026-07-29 06:18:03,262 | WARNING  | [ANOMALY] Price spike detected: EURGBP-OTC 2026-07-28 21:55:00 change: -0.0002
2026-07-29 06:18:03,263 | WARNING  | [ANOMALY] Price spike detected: EURGBP 2026-07-28 22:14:00 change: -0.0000
2026-07-29 06:18:03,263 | WARNING  | [ANOMALY] Price spike detected: EURUSD 2026-07-28 22:45:00 change: -0.0000
2026-07-29 06:18:03,263 | WARNING  | [ANOMALY] Price spike detected: GBPUSD-OTC 2026-07-28 21:59:00 change: -0.0002
2026-07-29 06:18:03,263 | WARNING  | [ANOMALY] Price spike detected: EURGBP-OTC 2026-07-28 21:56:00 change: 0.0001
2026-07-29 06:18:03,263 | WARNING  | [ANOMALY] Price spike detected: EURGBP 2026-07-28 22:16:00 change: -0.0000
2026-07-29 06:18:03,264 | WARNING  | [ANOMALY] Price spike detected: EURUSD 2026-07-28 22:46:00 change: -0.0000
2026-07-29 06:18:03,264 | WARNING  | [ANOMALY] Price spike detected: GBPUSD-OTC 2026-07-28 22:01:00 change: -0.0004
2026-07-29 06:18:03,264 | WARNING  | [ANOMALY] Price spike detected: EURGBP-OTC 2026-07-28 21:57:00 change: 0.0003
2026-07-29 06:18:03,264 | WARNING  | [ANOMALY] Price spike detected: EURGBP 2026-07-28 22:22:00 change: 0.0000
2026-07-29 06:18:03,264 | WARNING  | [ANOMALY] Price spike detected: EURUSD 2026-07-28 22:47:00 change: 0.0000
2026-07-29 06:18:03,264 | WARNING  | [ANOMALY] Price spike detected: GBPUSD-OTC 2026-07-28 22:02:00 change: 0.0004
2026-07-29 06:18:03,265 | WARNING  | [ANOMALY] Price spike detected: EURGBP-OTC 2026-07-28 21:58:00 change: -0.0005
2026-07-29 06:18:03,265 | WARNING  | [ANOMALY] Price spike detected: EURGBP 2026-07-28 22:23:00 change: 0.0000
2026-07-29 06:18:03,265 | WARNING  | [ANOMALY] Price spike detected: EURUSD 2026-07-28 22:49:00 change: -0.0000
2026-07-29 06:18:03,265 | WARNING  | [ANOMALY] Price spike detected: GBPUSD-OTC 2026-07-28 22:03:00 change: 0.0004
2026-07-29 06:18:03,265 | WARNING  | [ANOMALY] Price spike detected: EURGBP-OTC 2026-07-28 21:59:00 change: 0.0001
2026-07-29 06:18:03,266 | WARNING  | [ANOMALY] Price spike detected: EURGBP 2026-07-28 22:26:00 change: 0.0000
2026-07-29 06:18:03,266 | WARNING  | [ANOMALY] Price spike detected: EURUSD 2026-07-28 22:50:00 change: -0.0000
2026-07-29 06:18:03,266 | WARNING  | [ANOMALY] Price spike detected: GBPUSD-OTC 2026-07-28 22:04:00 change: 0.0004
2026-07-29 06:18:03,266 | WARNING  | [ANOMALY] Price spike detected: EURGBP-OTC 2026-07-28 22:03:00 change: 0.0005
2026-07-29 06:18:03,266 | WARNING  | [ANOMALY] Price spike detected: EURGBP 2026-07-28 22:28:00 change: -0.0000
2026-07-29 06:18:03,266 | WARNING  | [ANOMALY] Price spike detected: EURUSD 2026-07-28 22:51:00 change: 0.0000
2026-07-29 06:18:03,267 | WARNING  | [ANOMALY] Price spike detected: GBPUSD-OTC 2026-07-28 22:06:00 change: -0.0002
2026-07-29 06:18:03,267 | WARNING  | [ANOMALY] Price spike detected: EURGBP-OTC 2026-07-28 22:05:00 change: 0.0002
2026-07-29 06:18:03,267 | WARNING  | [ANOMALY] Price spike detected: EURGBP 2026-07-28 22:30:00 change: 0.0001
2026-07-29 06:18:03,267 | WARNING  | [ANOMALY] Price spike detected: EURUSD 2026-07-28 22:52:00 change: 0.0000
2026-07-29 06:18:03,268 | WARNING  | [ANOMALY] Price spike detected: GBPUSD-OTC 2026-07-28 22:07:00 change: 0.0003
2026-07-29 06:18:03,268 | WARNING  | [ANOMALY] Price spike detected: EURGBP-OTC 2026-07-28 22:07:00 change: 0.0003
2026-07-29 06:18:03,268 | WARNING  | [ANOMALY] Price spike detected: EURGBP 2026-07-28 22:31:00 change: -0.0000
2026-07-29 06:18:03,268 | WARNING  | [ANOMALY] Price spike detected: EURUSD 2026-07-28 22:57:00 change: 0.0000
2026-07-29 06:18:03,268 | WARNING  | [ANOMALY] Price spike detected: GBPUSD-OTC 2026-07-28 22:08:00 change: -0.0004
2026-07-29 06:18:03,268 | WARNING  | [ANOMALY] Price spike detected: EURGBP-OTC 2026-07-28 22:08:00 change: 0.0002
2026-07-29 06:18:03,269 | WARNING  | [ANOMALY] Price spike detected: EURGBP 2026-07-28 22:32:00 change: 0.0000
2026-07-29 06:18:03,269 | WARNING  | [ANOMALY] Price spike detected: EURUSD 2026-07-28 22:59:00 change: -0.0000
2026-07-29 06:18:03,269 | WARNING  | [ANOMALY] Price spike detected: GBPUSD-OTC 2026-07-28 22:09:00 change: 0.0001
2026-07-29 06:18:03,269 | WARNING  | [ANOMALY] Price spike detected: EURGBP-OTC 2026-07-28 22:09:00 change: 0.0002
2026-07-29 06:18:03,269 | WARNING  | [ANOMALY] Price spike detected: EURGBP 2026-07-28 22:33:00 change: 0.0000
2026-07-29 06:18:03,270 | WARNING  | [ANOMALY] Price spike detected: EURUSD 2026-07-28 23:00:00 change: -0.0001
2026-07-29 06:18:03,270 | WARNING  | [ANOMALY] Price spike detected: GBPUSD-OTC 2026-07-28 22:10:00 change: 0.0001
2026-07-29 06:18:03,270 | WARNING  | [ANOMALY] Price spike detected: EURGBP-OTC 2026-07-28 22:11:00 change: 0.0003
2026-07-29 06:18:03,270 | WARNING  | [ANOMALY] Price spike detected: EURGBP 2026-07-28 22:34:00 change: -0.0000
2026-07-29 06:18:03,271 | WARNING  | [ANOMALY] Price spike detected: EURUSD 2026-07-28 23:01:00 change: -0.0001
2026-07-29 06:18:03,271 | WARNING  | [ANOMALY] Price spike detected: GBPUSD-OTC 2026-07-28 22:11:00 change: -0.0003
2026-07-29 06:18:03,271 | WARNING  | [ANOMALY] Price spike detected: EURGBP-OTC 2026-07-28 22:12:00 change: 0.0001
2026-07-29 06:18:03,271 | WARNING  | [ANOMALY] Price spike detected: EURGBP 2026-07-28 22:35:00 change: -0.0000
2026-07-29 06:18:03,272 | WARNING  | [ANOMALY] Price spike detected: EURUSD 2026-07-28 23:02:00 change: 0.0001
2026-07-29 06:18:03,272 | WARNING  | [ANOMALY] Price spike detected: GBPUSD-OTC 2026-07-28 22:13:00 change: 0.0002
2026-07-29 06:18:03,272 | WARNING  | [ANOMALY] Price spike detected: EURGBP-OTC 2026-07-28 22:13:00 change: -0.0002
2026-07-29 06:18:03,272 | WARNING  | [ANOMALY] Price spike detected: EURGBP 2026-07-28 22:36:00 change: 0.0000
2026-07-29 06:18:03,272 | WARNING  | [ANOMALY] Price spike detected: EURUSD 2026-07-28 23:05:00 change: -0.0001
2026-07-29 06:18:03,273 | WARNING  | [ANOMALY] Price spike detected: GBPUSD-OTC 2026-07-28 22:14:00 change: -0.0003
2026-07-29 06:18:03,273 | WARNING  | [ANOMALY] Price spike detected: EURGBP-OTC 2026-07-28 22:14:00 change: -0.0004
2026-07-29 06:18:03,273 | WARNING  | [ANOMALY] Price spike detected: EURGBP 2026-07-28 22:37:00 change: -0.0000
2026-07-29 06:18:03,273 | WARNING  | [ANOMALY] Price spike detected: EURUSD 2026-07-28 23:07:00 change: -0.0001
2026-07-29 06:18:03,274 | WARNING  | [ANOMALY] Price spike detected: GBPUSD-OTC 2026-07-28 22:15:00 change: 0.0003
2026-07-29 06:18:03,274 | WARNING  | [ANOMALY] Price spike detected: EURGBP-OTC 2026-07-28 22:15:00 change: -0.0003
2026-07-29 06:18:03,274 | WARNING  | [ANOMALY] Price spike detected: EURGBP 2026-07-28 22:38:00 change: 0.0000
2026-07-29 06:18:03,274 | WARNING  | [ANOMALY] Price spike detected: EURUSD 2026-07-28 23:09:00 change: -0.0000
2026-07-29 06:18:03,275 | WARNING  | [ANOMALY] Price spike detected: GBPUSD-OTC 2026-07-28 22:16:00 change: -0.0002
2026-07-29 06:18:03,275 | WARNING  | [ANOMALY] Price spike detected: EURGBP-OTC 2026-07-28 22:16:00 change: -0.0002
2026-07-29 06:18:03,275 | WARNING  | [ANOMALY] Price spike detected: EURGBP 2026-07-28 22:40:00 change: 0.0000
2026-07-29 06:18:03,275 | WARNING  | [ANOMALY] Price spike detected: EURUSD 2026-07-28 23:10:00 change: 0.0000
2026-07-29 06:18:03,275 | WARNING  | [ANOMALY] Price spike detected: GBPUSD-OTC 2026-07-28 22:17:00 change: 0.0002
2026-07-29 06:18:03,276 | WARNING  | [ANOMALY] Price spike detected: EURGBP-OTC 2026-07-28 22:17:00 change: 0.0001
2026-07-29 06:18:03,276 | WARNING  | [ANOMALY] Price spike detected: EURGBP 2026-07-28 22:42:00 change: 0.0000
2026-07-29 06:18:03,276 | WARNING  | [ANOMALY] Price spike detected: EURUSD 2026-07-28 23:12:00 change: 0.0001
2026-07-29 06:18:03,276 | WARNING  | [ANOMALY] Price spike detected: GBPUSD-OTC 2026-07-28 22:18:00 change: -0.0001
2026-07-29 06:18:03,276 | WARNING  | [ANOMALY] Price spike detected: EURGBP-OTC 2026-07-28 22:18:00 change: 0.0002
2026-07-29 06:18:03,277 | WARNING  | [ANOMALY] Price spike detected: EURGBP 2026-07-28 22:43:00 change: -0.0000
2026-07-29 06:18:03,277 | WARNING  | [ANOMALY] Price spike detected: EURUSD 2026-07-28 23:14:00 change: 0.0000
2026-07-29 06:18:03,277 | WARNING  | [ANOMALY] Price spike detected: GBPUSD-OTC 2026-07-28 22:19:00 change: -0.0002
2026-07-29 06:18:03,277 | WARNING  | [ANOMALY] Price spike detected: EURGBP-OTC 2026-07-28 22:20:00 change: 0.0004
2026-07-29 06:18:03,277 | WARNING  | [ANOMALY] Price spike detected: EURGBP 2026-07-28 22:44:00 change: 0.0000
2026-07-29 06:18:03,278 | WARNING  | [ANOMALY] Price spike detected: EURUSD 2026-07-28 23:15:00 change: -0.0000
2026-07-29 06:18:03,278 | WARNING  | [ANOMALY] Price spike detected: GBPUSD-OTC 2026-07-28 22:20:00 change: -0.0001
2026-07-29 06:18:03,278 | WARNING  | [ANOMALY] Price spike detected: EURGBP-OTC 2026-07-28 22:21:00 change: -0.0003
2026-07-29 06:18:03,278 | WARNING  | [ANOMALY] Price spike detected: EURGBP 2026-07-28 22:46:00 change: -0.0000
2026-07-29 06:18:03,278 | WARNING  | [ANOMALY] Price spike detected: EURUSD 2026-07-28 23:16:00 change: 0.0000
2026-07-29 06:18:03,278 | WARNING  | [ANOMALY] Price spike detected: GBPUSD-OTC 2026-07-28 22:21:00 change: 0.0001
2026-07-29 06:18:03,279 | WARNING  | [ANOMALY] Price spike detected: EURGBP-OTC 2026-07-28 22:22:00 change: 0.0003
2026-07-29 06:18:03,279 | WARNING  | [ANOMALY] Price spike detected: EURGBP 2026-07-28 22:47:00 change: 0.0000
2026-07-29 06:18:03,280 | WARNING  | [ANOMALY] Price spike detected: GBPUSD-OTC 2026-07-28 22:22:00 change: -0.0001
2026-07-29 06:18:03,281 | WARNING  | [ANOMALY] Price spike detected: EURGBP-OTC 2026-07-28 22:24:00 change: -0.0003
2026-07-29 06:18:03,281 | WARNING  | [ANOMALY] Price spike detected: EURGBP 2026-07-28 22:50:00 change: -0.0000
2026-07-29 06:18:03,282 | WARNING  | [ANOMALY] Price spike detected: GBPUSD-OTC 2026-07-28 22:24:00 change: -0.0003
2026-07-29 06:18:03,282 | WARNING  | [ANOMALY] Price spike detected: EURGBP-OTC 2026-07-28 22:25:00 change: -0.0001
2026-07-29 06:18:03,285 | WARNING  | [ANOMALY] Price spike detected: EURGBP 2026-07-28 22:52:00 change: -0.0000
2026-07-29 06:18:03,289 | WARNING  | [ANOMALY] Total anomalies detected: EURUSD 58
2026-07-29 06:18:03,290 | WARNING  | [ANOMALY] Price spike detected: GBPUSD-OTC 2026-07-28 22:25:00 change: 0.0001
2026-07-29 06:18:03,290 | WARNING  | [ANOMALY] Price spike detected: EURGBP-OTC 2026-07-28 22:26:00 change: 0.0002
2026-07-29 06:18:03,290 | WARNING  | [ANOMALY] Price spike detected: EURGBP 2026-07-28 22:53:00 change: 0.0000
2026-07-29 06:18:03,290 | ERROR    | [ANOMALY] Excessive anomalies threshold exceeded: 3780
2026-07-29 06:18:03,290 | WARNING  | [ANOMALY] Price spike detected: GBPUSD-OTC 2026-07-28 22:26:00 change: 0.0004
2026-07-29 06:18:03,290 | WARNING  | [ANOMALY] Price spike detected: EURGBP-OTC 2026-07-28 22:27:00 change: 0.0001
2026-07-29 06:18:03,291 | WARNING  | [ANOMALY] Price spike detected: EURGBP 2026-07-28 22:54:00 change: -0.0000
2026-07-29 06:18:03,291 | INFO     | [DataAdapter] M1 anomaly detection completed for EURUSD in 0.750s
2026-07-29 06:18:03,291 | WARNING  | [ANOMALY] Price spike detected: GBPUSD-OTC 2026-07-28 22:27:00 change: 0.0002
2026-07-29 06:18:03,291 | WARNING  | [ANOMALY] Price spike detected: EURGBP-OTC 2026-07-28 22:28:00 change: -0.0001
2026-07-29 06:18:03,291 | WARNING  | [ANOMALY] Price spike detected: EURGBP 2026-07-28 22:55:00 change: -0.0000
2026-07-29 06:18:03,297 | WARNING  | [ANOMALY] Price spike detected: GBPUSD-OTC 2026-07-28 22:28:00 change: -0.0001
2026-07-29 06:18:03,297 | WARNING  | [ANOMALY] Price spike detected: EURGBP-OTC 2026-07-28 22:29:00 change: -0.0001
2026-07-29 06:18:03,298 | WARNING  | [ANOMALY] Price spike detected: EURGBP 2026-07-28 22:56:00 change: 0.0000
2026-07-29 06:18:03,298 | WARNING  | [ANOMALY] Price spike detected: GBPUSD-OTC 2026-07-28 22:29:00 change: -0.0003
2026-07-29 06:18:03,298 | INFO     | [CSVQueue] Enqueuing write for data_base/csv/iq_option\EURUSD\EURUSD_M1.csv - Queue size: 0
2026-07-29 06:18:03,298 | WARNING  | [ANOMALY] Price spike detected: EURGBP-OTC 2026-07-28 22:30:00 change: 0.0001
2026-07-29 06:18:03,299 | WARNING  | [ANOMALY] Price spike detected: EURGBP 2026-07-28 22:57:00 change: 0.0000
2026-07-29 06:18:03,299 | WARNING  | [ANOMALY] Price spike detected: GBPUSD-OTC 2026-07-28 22:30:00 change: 0.0003
2026-07-29 06:18:03,299 | INFO     | [DataAdapter] M1 data refresh completed for EURUSD
2026-07-29 06:18:03,299 | INFO     | [CSVQueue] Processing write for data_base/csv/iq_option\EURUSD\EURUSD_M1.csv
2026-07-29 06:18:03,299 | WARNING  | [ANOMALY] Price spike detected: EURGBP-OTC 2026-07-28 22:31:00 change: 0.0002
2026-07-29 06:18:03,300 | WARNING  | [ANOMALY] Price spike detected: EURGBP 2026-07-28 22:58:00 change: -0.0000
2026-07-29 06:18:03,300 | WARNING  | [ANOMALY] Price spike detected: GBPUSD-OTC 2026-07-28 22:32:00 change: -0.0001
2026-07-29 06:18:03,300 | INFO     | [DataAdapter] Refreshing M5 data for EURUSD
2026-07-29 06:18:03,300 | WARNING  | [ANOMALY] Price spike detected: EURGBP-OTC 2026-07-28 22:32:00 change: 0.0001
2026-07-29 06:18:03,300 | WARNING  | [ANOMALY] Price spike detected: EURGBP 2026-07-28 22:59:00 change: 0.0000
2026-07-29 06:18:03,300 | INFO     | [CSVWriter] Writing 100 rows to data_base/csv/iq_option\EURUSD\EURUSD_M1.csv
2026-07-29 06:18:03,301 | WARNING  | [ANOMALY] Price spike detected: GBPUSD-OTC 2026-07-28 22:33:00 change: -0.0002
2026-07-29 06:18:03,304 | WARNING  | [ANOMALY] Price spike detected: EURGBP-OTC 2026-07-28 22:33:00 change: -0.0003
2026-07-29 06:18:03,304 | WARNING  | [ANOMALY] Price spike detected: EURUSD 2026-07-28 02:50:00 change: 0.0003
2026-07-29 06:18:03,305 | WARNING  | [ANOMALY] Price spike detected: EURGBP 2026-07-28 23:00:00 change: 0.0000
2026-07-29 06:18:03,307 | WARNING  | [ANOMALY] Price spike detected: GBPUSD-OTC 2026-07-28 22:34:00 change: -0.0002
2026-07-29 06:18:03,308 | WARNING  | [ANOMALY] Price spike detected: EURGBP-OTC 2026-07-28 22:34:00 change: -0.0002
2026-07-29 06:18:03,308 | WARNING  | [ANOMALY] Price spike detected: EURUSD 2026-07-28 02:55:00 change: -0.0001
2026-07-29 06:18:03,308 | WARNING  | [ANOMALY] Price spike detected: EURGBP 2026-07-28 23:01:00 change: -0.0000
2026-07-29 06:18:03,308 | WARNING  | [ANOMALY] Price spike detected: GBPUSD-OTC 2026-07-28 22:35:00 change: -0.0005
2026-07-29 06:18:03,309 | WARNING  | [ANOMALY] Price spike detected: EURGBP-OTC 2026-07-28 22:35:00 change: 0.0002
2026-07-29 06:18:03,309 | WARNING  | [ANOMALY] Price spike detected: EURUSD 2026-07-28 03:05:00 change: -0.0001
2026-07-29 06:18:03,309 | WARNING  | [ANOMALY] Price spike detected: EURGBP 2026-07-28 23:02:00 change: -0.0000
2026-07-29 06:18:03,309 | WARNING  | [ANOMALY] Price spike detected: GBPUSD-OTC 2026-07-28 22:36:00 change: 0.0002
2026-07-29 06:18:03,310 | WARNING  | [ANOMALY] Price spike detected: EURGBP-OTC 2026-07-28 22:36:00 change: -0.0006
2026-07-29 06:18:03,310 | WARNING  | [ANOMALY] Price spike detected: EURUSD 2026-07-28 03:10:00 change: -0.0001
2026-07-29 06:18:03,310 | WARNING  | [ANOMALY] Price spike detected: EURGBP 2026-07-28 23:04:00 change: -0.0000
2026-07-29 06:18:03,310 | WARNING  | [ANOMALY] Price spike detected: GBPUSD-OTC 2026-07-28 22:38:00 change: 0.0002
2026-07-29 06:18:03,310 | WARNING  | [ANOMALY] Price spike detected: EURGBP-OTC 2026-07-28 22:37:00 change: -0.0002
2026-07-29 06:18:03,311 | WARNING  | [ANOMALY] Price spike detected: EURUSD 2026-07-28 03:15:00 change: 0.0001
2026-07-29 06:18:03,311 | WARNING  | [ANOMALY] Price spike detected: EURGBP 2026-07-28 23:05:00 change: 0.0000
2026-07-29 06:18:03,311 | WARNING  | [ANOMALY] Price spike detected: GBPUSD-OTC 2026-07-28 22:39:00 change: -0.0007
2026-07-29 06:18:03,311 | WARNING  | [ANOMALY] Price spike detected: EURGBP-OTC 2026-07-28 22:38:00 change: -0.0001
2026-07-29 06:18:03,312 | WARNING  | [ANOMALY] Price spike detected: EURUSD 2026-07-28 03:20:00 change: 0.0001
2026-07-29 06:18:03,312 | WARNING  | [ANOMALY] Price spike detected: EURGBP 2026-07-28 23:06:00 change: -0.0000
2026-07-29 06:18:03,312 | WARNING  | [ANOMALY] Price spike detected: GBPUSD-OTC 2026-07-28 22:40:00 change: -0.0003
2026-07-29 06:18:03,312 | WARNING  | [ANOMALY] Price spike detected: EURGBP-OTC 2026-07-28 22:39:00 change: 0.0002
2026-07-29 06:18:03,313 | WARNING  | [ANOMALY] Price spike detected: EURUSD 2026-07-28 03:30:00 change: 0.0002
2026-07-29 06:18:03,313 | WARNING  | [ANOMALY] Price spike detected: EURGBP 2026-07-28 23:07:00 change: 0.0000
2026-07-29 06:18:03,313 | WARNING  | [ANOMALY] Price spike detected: GBPUSD-OTC 2026-07-28 22:41:00 change: -0.0005
2026-07-29 06:18:03,313 | WARNING  | [ANOMALY] Price spike detected: EURGBP-OTC 2026-07-28 22:40:00 change: 0.0002
2026-07-29 06:18:03,313 | WARNING  | [ANOMALY] Price spike detected: EURUSD 2026-07-28 03:35:00 change: -0.0002
2026-07-29 06:18:03,314 | WARNING  | [ANOMALY] Price spike detected: EURGBP 2026-07-28 23:09:00 change: 0.0000
2026-07-29 06:18:03,314 | WARNING  | [ANOMALY] Price spike detected: GBPUSD-OTC 2026-07-28 22:44:00 change: -0.0004
2026-07-29 06:18:03,314 | WARNING  | [ANOMALY] Price spike detected: EURGBP-OTC 2026-07-28 22:42:00 change: -0.0003
2026-07-29 06:18:03,314 | WARNING  | [ANOMALY] Price spike detected: EURUSD 2026-07-28 03:40:00 change: -0.0001
2026-07-29 06:18:03,314 | WARNING  | [ANOMALY] Price spike detected: EURGBP 2026-07-28 23:10:00 change: 0.0000
2026-07-29 06:18:03,315 | WARNING  | [ANOMALY] Price spike detected: GBPUSD-OTC 2026-07-28 22:45:00 change: 0.0002
2026-07-29 06:18:03,315 | WARNING  | [ANOMALY] Price spike detected: EURGBP-OTC 2026-07-28 22:43:00 change: -0.0003
2026-07-29 06:18:03,315 | WARNING  | [ANOMALY] Price spike detected: EURUSD 2026-07-28 03:45:00 change: -0.0001
2026-07-29 06:18:03,315 | WARNING  | [ANOMALY] Price spike detected: EURGBP 2026-07-28 23:12:00 change: -0.0000
2026-07-29 06:18:03,315 | WARNING  | [ANOMALY] Price spike detected: GBPUSD-OTC 2026-07-28 22:46:00 change: -0.0002
2026-07-29 06:18:03,316 | WARNING  | [ANOMALY] Price spike detected: EURGBP-OTC 2026-07-28 22:44:00 change: -0.0001
2026-07-29 06:18:03,316 | WARNING  | [ANOMALY] Price spike detected: EURUSD 2026-07-28 04:00:00 change: -0.0002
2026-07-29 06:18:03,316 | WARNING  | [ANOMALY] Price spike detected: EURGBP 2026-07-28 23:13:00 change: -0.0000
2026-07-29 06:18:03,316 | WARNING  | [ANOMALY] Price spike detected: GBPUSD-OTC 2026-07-28 22:48:00 change: 0.0003
2026-07-29 06:18:03,316 | WARNING  | [ANOMALY] Price spike detected: EURGBP-OTC 2026-07-28 22:45:00 change: -0.0001
2026-07-29 06:18:03,316 | WARNING  | [ANOMALY] Price spike detected: EURUSD 2026-07-28 04:10:00 change: -0.0001
2026-07-29 06:18:03,317 | WARNING  | [ANOMALY] Price spike detected: EURGBP 2026-07-28 23:14:00 change: -0.0000
2026-07-29 06:18:03,317 | WARNING  | [ANOMALY] Price spike detected: GBPUSD-OTC 2026-07-28 22:49:00 change: 0.0004
2026-07-29 06:18:03,317 | WARNING  | [ANOMALY] Price spike detected: EURGBP-OTC 2026-07-28 22:46:00 change: 0.0002
2026-07-29 06:18:03,317 | WARNING  | [ANOMALY] Price spike detected: EURUSD 2026-07-28 04:15:00 change: 0.0001
2026-07-29 06:18:03,317 | WARNING  | [ANOMALY] Price spike detected: EURGBP 2026-07-28 23:16:00 change: 0.0000
2026-07-29 06:18:03,318 | WARNING  | [ANOMALY] Price spike detected: GBPUSD-OTC 2026-07-28 22:53:00 change: 0.0004
2026-07-29 06:18:03,318 | WARNING  | [ANOMALY] Price spike detected: EURGBP-OTC 2026-07-28 22:48:00 change: -0.0001
2026-07-29 06:18:03,318 | WARNING  | [ANOMALY] Price spike detected: EURUSD 2026-07-28 04:20:00 change: -0.0001
2026-07-29 06:18:03,318 | WARNING  | [ANOMALY] Price spike detected: EURGBP 2026-07-28 23:17:00 change: 0.0000
2026-07-29 06:18:03,318 | WARNING  | [ANOMALY] Price spike detected: GBPUSD-OTC 2026-07-28 22:54:00 change: -0.0002
2026-07-29 06:18:03,319 | WARNING  | [ANOMALY] Price spike detected: EURGBP-OTC 2026-07-28 22:49:00 change: 0.0001
2026-07-29 06:18:03,319 | WARNING  | [ANOMALY] Price spike detected: EURUSD 2026-07-28 04:35:00 change: -0.0000
2026-07-29 06:18:03,320 | WARNING  | [ANOMALY] Price spike detected: GBPUSD-OTC 2026-07-28 22:55:00 change: -0.0002
2026-07-29 06:18:03,321 | WARNING  | [ANOMALY] Price spike detected: EURGBP-OTC 2026-07-28 22:52:00 change: -0.0002
2026-07-29 06:18:03,321 | WARNING  | [ANOMALY] Price spike detected: EURUSD 2026-07-28 04:40:00 change: 0.0000
2026-07-29 06:18:03,322 | WARNING  | [ANOMALY] Price spike detected: GBPUSD-OTC 2026-07-28 22:57:00 change: 0.0004
2026-07-29 06:18:03,325 | WARNING  | [ANOMALY] Price spike detected: EURGBP-OTC 2026-07-28 22:53:00 change: -0.0003
2026-07-29 06:18:03,326 | WARNING  | [ANOMALY] Price spike detected: EURUSD 2026-07-28 04:45:00 change: -0.0000
2026-07-29 06:18:03,329 | WARNING  | [ANOMALY] Total anomalies detected: EURGBP 63
2026-07-29 06:18:03,329 | WARNING  | [ANOMALY] Price spike detected: GBPUSD-OTC 2026-07-28 22:58:00 change: 0.0004
2026-07-29 06:18:03,329 | WARNING  | [ANOMALY] Price spike detected: EURGBP-OTC 2026-07-28 22:54:00 change: 0.0002
2026-07-29 06:18:03,331 | WARNING  | [ANOMALY] Price spike detected: EURUSD 2026-07-28 04:50:00 change: -0.0002
2026-07-29 06:18:03,333 | ERROR    | [ANOMALY] Excessive anomalies threshold exceeded: 3977
2026-07-29 06:18:03,333 | WARNING  | [ANOMALY] Price spike detected: GBPUSD-OTC 2026-07-28 22:59:00 change: -0.0004
2026-07-29 06:18:03,334 | WARNING  | [ANOMALY] Price spike detected: EURGBP-OTC 2026-07-28 22:55:00 change: 0.0002
2026-07-29 06:18:03,334 | WARNING  | [ANOMALY] Price spike detected: EURUSD 2026-07-28 05:00:00 change: -0.0001
2026-07-29 06:18:03,337 | INFO     | [DataAdapter] M1 anomaly detection completed for EURGBP in 0.571s
2026-07-29 06:18:03,337 | WARNING  | [ANOMALY] Price spike detected: GBPUSD-OTC 2026-07-28 23:00:00 change: 0.0003
2026-07-29 06:18:03,338 | WARNING  | [ANOMALY] Price spike detected: EURGBP-OTC 2026-07-28 22:56:00 change: -0.0003
2026-07-29 06:18:03,338 | WARNING  | [ANOMALY] Price spike detected: EURUSD 2026-07-28 05:05:00 change: -0.0003
2026-07-29 06:18:03,344 | WARNING  | [ANOMALY] Price spike detected: GBPUSD-OTC 2026-07-28 23:01:00 change: -0.0001
2026-07-29 06:18:03,344 | INFO     | [CSVWriter] Successfully wrote 381 rows to data_base/csv/iq_option\EURUSD\EURUSD_M1.csv
2026-07-29 06:18:03,344 | WARNING  | [ANOMALY] Price spike detected: EURGBP-OTC 2026-07-28 22:57:00 change: 0.0003
2026-07-29 06:18:03,344 | WARNING  | [ANOMALY] Price spike detected: EURUSD 2026-07-28 05:10:00 change: -0.0002
2026-07-29 06:18:03,345 | WARNING  | [ANOMALY] Price spike detected: GBPUSD-OTC 2026-07-28 23:02:00 change: 0.0004
2026-07-29 06:18:03,345 | INFO     | [CSVQueue] Enqueuing write for data_base/csv/iq_option\EURGBP\EURGBP_M1.csv - Queue size: 0
2026-07-29 06:18:03,345 | INFO     | [CSVQueue] Successfully processed write for data_base/csv/iq_option\EURUSD\EURUSD_M1.csv
2026-07-29 06:18:03,345 | WARNING  | [ANOMALY] Price spike detected: EURGBP-OTC 2026-07-28 22:59:00 change: -0.0001
2026-07-29 06:18:03,345 | WARNING  | [ANOMALY] Price spike detected: EURUSD 2026-07-28 05:15:00 change: 0.0000
2026-07-29 06:18:03,345 | WARNING  | [ANOMALY] Price spike detected: GBPUSD-OTC 2026-07-28 23:03:00 change: -0.0005
2026-07-29 06:18:03,346 | INFO     | [DataAdapter] M1 data refresh completed for EURGBP
2026-07-29 06:18:03,346 | INFO     | [CSVQueue] Processing write for data_base/csv/iq_option\EURGBP\EURGBP_M1.csv
2026-07-29 06:18:03,346 | WARNING  | [ANOMALY] Price spike detected: EURGBP-OTC 2026-07-28 23:00:00 change: -0.0002
2026-07-29 06:18:03,346 | WARNING  | [ANOMALY] Price spike detected: EURUSD 2026-07-28 05:25:00 change: 0.0003
2026-07-29 06:18:03,346 | WARNING  | [ANOMALY] Price spike detected: GBPUSD-OTC 2026-07-28 23:04:00 change: 0.0001
2026-07-29 06:18:03,346 | INFO     | [DataAdapter] Refreshing M5 data for EURGBP
2026-07-29 06:18:03,347 | WARNING  | [ANOMALY] Price spike detected: EURGBP-OTC 2026-07-28 23:01:00 change: 0.0003
2026-07-29 06:18:03,347 | INFO     | [CSVWriter] Writing 100 rows to data_base/csv/iq_option\EURGBP\EURGBP_M1.csv
2026-07-29 06:18:03,347 | WARNING  | [ANOMALY] Price spike detected: EURUSD 2026-07-28 05:35:00 change: -0.0001
2026-07-29 06:18:03,347 | WARNING  | [ANOMALY] Price spike detected: GBPUSD-OTC 2026-07-28 23:05:00 change: -0.0002
2026-07-29 06:18:03,350 | WARNING  | [ANOMALY] Price spike detected: EURGBP-OTC 2026-07-28 23:02:00 change: 0.0003
2026-07-29 06:18:03,350 | WARNING  | [ANOMALY] Price spike detected: EURGBP 2026-07-28 02:50:00 change: 0.0001
2026-07-29 06:18:03,352 | WARNING  | [ANOMALY] Price spike detected: EURUSD 2026-07-28 05:40:00 change: 0.0001
2026-07-29 06:18:03,352 | WARNING  | [ANOMALY] Price spike detected: GBPUSD-OTC 2026-07-28 23:06:00 change: 0.0001
2026-07-29 06:18:03,353 | WARNING  | [ANOMALY] Price spike detected: EURGBP-OTC 2026-07-28 23:03:00 change: -0.0001
2026-07-29 06:18:03,353 | WARNING  | [ANOMALY] Price spike detected: EURGBP 2026-07-28 03:00:00 change: -0.0000
2026-07-29 06:18:03,353 | WARNING  | [ANOMALY] Price spike detected: EURUSD 2026-07-28 05:45:00 change: -0.0001
2026-07-29 06:18:03,353 | WARNING  | [ANOMALY] Price spike detected: GBPUSD-OTC 2026-07-28 23:07:00 change: 0.0006
2026-07-29 06:18:03,353 | WARNING  | [ANOMALY] Price spike detected: EURGBP-OTC 2026-07-28 23:04:00 change: 0.0002
2026-07-29 06:18:03,354 | WARNING  | [ANOMALY] Price spike detected: EURGBP 2026-07-28 03:05:00 change: 0.0000
2026-07-29 06:18:03,354 | WARNING  | [ANOMALY] Price spike detected: EURUSD 2026-07-28 05:50:00 change: 0.0001
2026-07-29 06:18:03,354 | WARNING  | [ANOMALY] Price spike detected: GBPUSD-OTC 2026-07-28 23:08:00 change: -0.0004
2026-07-29 06:18:03,354 | WARNING  | [ANOMALY] Price spike detected: EURGBP-OTC 2026-07-28 23:05:00 change: 0.0001
2026-07-29 06:18:03,354 | WARNING  | [ANOMALY] Price spike detected: EURGBP 2026-07-28 03:10:00 change: -0.0000
2026-07-29 06:18:03,355 | WARNING  | [ANOMALY] Price spike detected: EURUSD 2026-07-28 05:55:00 change: 0.0001
2026-07-29 06:18:03,355 | WARNING  | [ANOMALY] Price spike detected: GBPUSD-OTC 2026-07-28 23:09:00 change: 0.0001
2026-07-29 06:18:03,355 | WARNING  | [ANOMALY] Price spike detected: EURGBP-OTC 2026-07-28 23:06:00 change: 0.0003
2026-07-29 06:18:03,355 | WARNING  | [ANOMALY] Price spike detected: EURGBP 2026-07-28 03:15:00 change: -0.0001
2026-07-29 06:18:03,356 | WARNING  | [ANOMALY] Price spike detected: EURUSD 2026-07-28 06:00:00 change: 0.0001
2026-07-29 06:18:03,356 | WARNING  | [ANOMALY] Price spike detected: GBPUSD-OTC 2026-07-28 23:10:00 change: -0.0003
2026-07-29 06:18:03,356 | WARNING  | [ANOMALY] Price spike detected: EURGBP-OTC 2026-07-28 23:07:00 change: -0.0004
2026-07-29 06:18:03,356 | WARNING  | [ANOMALY] Price spike detected: EURGBP 2026-07-28 03:20:00 change: 0.0000
2026-07-29 06:18:03,356 | WARNING  | [ANOMALY] Price spike detected: EURUSD 2026-07-28 06:05:00 change: -0.0001
2026-07-29 06:18:03,356 | WARNING  | [ANOMALY] Price spike detected: GBPUSD-OTC 2026-07-28 23:11:00 change: -0.0002
2026-07-29 06:18:03,357 | WARNING  | [ANOMALY] Price spike detected: EURGBP-OTC 2026-07-28 23:08:00 change: 0.0004
2026-07-29 06:18:03,357 | WARNING  | [ANOMALY] Price spike detected: EURGBP 2026-07-28 03:30:00 change: -0.0000
2026-07-29 06:18:03,357 | WARNING  | [ANOMALY] Price spike detected: EURUSD 2026-07-28 06:10:00 change: 0.0001
2026-07-29 06:18:03,357 | WARNING  | [ANOMALY] Price spike detected: GBPUSD-OTC 2026-07-28 23:13:00 change: 0.0001
2026-07-29 06:18:03,358 | WARNING  | [ANOMALY] Price spike detected: EURGBP-OTC 2026-07-28 23:09:00 change: -0.0002
2026-07-29 06:18:03,358 | WARNING  | [ANOMALY] Price spike detected: EURGBP 2026-07-28 03:35:00 change: -0.0000
2026-07-29 06:18:03,358 | WARNING  | [ANOMALY] Price spike detected: EURUSD 2026-07-28 06:15:00 change: 0.0000
2026-07-29 06:18:03,358 | WARNING  | [ANOMALY] Price spike detected: GBPUSD-OTC 2026-07-28 23:14:00 change: -0.0002
2026-07-29 06:18:03,359 | WARNING  | [ANOMALY] Price spike detected: EURGBP-OTC 2026-07-28 23:10:00 change: 0.0001
2026-07-29 06:18:03,359 | WARNING  | [ANOMALY] Price spike detected: EURGBP 2026-07-28 03:40:00 change: -0.0000
2026-07-29 06:18:03,359 | WARNING  | [ANOMALY] Price spike detected: EURUSD 2026-07-28 06:20:00 change: 0.0001
2026-07-29 06:18:03,359 | WARNING  | [ANOMALY] Price spike detected: GBPUSD-OTC 2026-07-28 23:16:00 change: -0.0004
2026-07-29 06:18:03,359 | WARNING  | [ANOMALY] Price spike detected: EURGBP-OTC 2026-07-28 23:12:00 change: 0.0002
2026-07-29 06:18:03,359 | WARNING  | [ANOMALY] Price spike detected: EURGBP 2026-07-28 03:45:00 change: -0.0000
2026-07-29 06:18:03,360 | WARNING  | [ANOMALY] Price spike detected: EURUSD 2026-07-28 06:25:00 change: 0.0002
2026-07-29 06:18:03,360 | WARNING  | [ANOMALY] Price spike detected: GBPUSD-OTC 2026-07-28 23:17:00 change: -0.0005
2026-07-29 06:18:03,360 | WARNING  | [ANOMALY] Price spike detected: EURGBP-OTC 2026-07-28 23:13:00 change: 0.0002
2026-07-29 06:18:03,360 | WARNING  | [ANOMALY] Price spike detected: EURGBP 2026-07-28 03:50:00 change: 0.0001
2026-07-29 06:18:03,360 | WARNING  | [ANOMALY] Price spike detected: EURUSD 2026-07-28 06:40:00 change: -0.0001
2026-07-29 06:18:03,361 | WARNING  | [ANOMALY] Price spike detected: EURGBP-OTC 2026-07-28 23:14:00 change: 0.0003
2026-07-29 06:18:03,362 | WARNING  | [ANOMALY] Price spike detected: EURGBP 2026-07-28 03:55:00 change: 0.0000
2026-07-29 06:18:03,362 | WARNING  | [ANOMALY] Price spike detected: EURUSD 2026-07-28 06:45:00 change: -0.0001
2026-07-29 06:18:03,362 | WARNING  | [ANOMALY] Price spike detected: EURGBP-OTC 2026-07-28 23:15:00 change: -0.0004
2026-07-29 06:18:03,362 | WARNING  | [ANOMALY] Price spike detected: EURGBP 2026-07-28 04:00:00 change: -0.0000
2026-07-29 06:18:03,363 | WARNING  | [ANOMALY] Price spike detected: EURUSD 2026-07-28 06:50:00 change: 0.0003
2026-07-29 06:18:03,363 | WARNING  | [ANOMALY] Price spike detected: EURGBP-OTC 2026-07-28 23:16:00 change: 0.0002
2026-07-29 06:18:03,364 | WARNING  | [ANOMALY] Price spike detected: EURGBP 2026-07-28 04:10:00 change: 0.0000
2026-07-29 06:18:03,364 | WARNING  | [ANOMALY] Price spike detected: EURUSD 2026-07-28 06:55:00 change: -0.0002
2026-07-29 06:18:03,368 | WARNING  | [ANOMALY] Price spike detected: EURGBP-OTC 2026-07-28 23:17:00 change: 0.0002
2026-07-29 06:18:03,368 | WARNING  | [ANOMALY] Total anomalies detected: GBPUSD-OTC 76
2026-07-29 06:18:03,369 | WARNING  | [ANOMALY] Price spike detected: EURGBP 2026-07-28 04:15:00 change: -0.0001
2026-07-29 06:18:03,369 | WARNING  | [ANOMALY] Price spike detected: EURUSD 2026-07-28 07:00:00 change: -0.0001
2026-07-29 06:18:03,370 | ERROR    | [ANOMALY] Excessive anomalies threshold exceeded: 4167
2026-07-29 06:18:03,372 | WARNING  | [ANOMALY] Price spike detected: EURGBP 2026-07-28 04:20:00 change: 0.0001
2026-07-29 06:18:03,372 | WARNING  | [ANOMALY] Price spike detected: EURUSD 2026-07-28 07:05:00 change: 0.0004
2026-07-29 06:18:03,373 | INFO     | [DataAdapter] M1 anomaly detection completed for GBPUSD-OTC in 0.290s
2026-07-29 06:18:03,377 | WARNING  | [ANOMALY] Price spike detected: EURGBP 2026-07-28 04:25:00 change: -0.0001
2026-07-29 06:18:03,379 | WARNING  | [ANOMALY] Price spike detected: EURUSD 2026-07-28 07:10:00 change: 0.0001
2026-07-29 06:18:03,382 | WARNING  | [ANOMALY] Total anomalies detected: EURGBP-OTC 77
2026-07-29 06:18:03,385 | WARNING  | [ANOMALY] Price spike detected: EURGBP 2026-07-28 04:45:00 change: -0.0001
2026-07-29 06:18:03,389 | WARNING  | [ANOMALY] Price spike detected: EURUSD 2026-07-28 07:15:00 change: -0.0001
2026-07-29 06:18:03,390 | ERROR    | [ANOMALY] Excessive anomalies threshold exceeded: 4167
2026-07-29 06:18:03,390 | WARNING  | [ANOMALY] Price spike detected: EURGBP 2026-07-28 04:55:00 change: -0.0001
2026-07-29 06:18:03,391 | WARNING  | [ANOMALY] Price spike detected: EURUSD 2026-07-28 07:20:00 change: -0.0002
2026-07-29 06:18:03,391 | INFO     | [CSVQueue] Enqueuing write for data_base/csv/iq_option\GBPUSD-OTC\GBPUSD-OTC_M1.csv - Queue size: 0
2026-07-29 06:18:03,391 | INFO     | [DataAdapter] M1 anomaly detection completed for EURGBP-OTC in 0.138s
2026-07-29 06:18:03,391 | WARNING  | [ANOMALY] Price spike detected: EURGBP 2026-07-28 05:00:00 change: -0.0001
2026-07-29 06:18:03,391 | WARNING  | [ANOMALY] Price spike detected: EURUSD 2026-07-28 07:30:00 change: 0.0000
2026-07-29 06:18:03,392 | INFO     | [CSVWriter] Successfully wrote 381 rows to data_base/csv/iq_option\EURGBP\EURGBP_M1.csv
2026-07-29 06:18:03,392 | INFO     | [DataAdapter] M1 data refresh completed for GBPUSD-OTC
2026-07-29 06:18:03,398 | WARNING  | [ANOMALY] Price spike detected: EURGBP 2026-07-28 05:05:00 change: -0.0001
2026-07-29 06:18:03,398 | WARNING  | [ANOMALY] Price spike detected: EURUSD 2026-07-28 07:40:00 change: -0.0001
2026-07-29 06:18:03,399 | INFO     | [CSVQueue] Successfully processed write for data_base/csv/iq_option\EURGBP\EURGBP_M1.csv
2026-07-29 06:18:03,399 | INFO     | [DataAdapter] Refreshing M5 data for GBPUSD-OTC
2026-07-29 06:18:03,399 | INFO     | [CSVQueue] Enqueuing write for data_base/csv/iq_option\EURGBP-OTC\EURGBP-OTC_M1.csv - Queue size: 1
2026-07-29 06:18:03,399 | WARNING  | [ANOMALY] Price spike detected: EURGBP 2026-07-28 05:10:00 change: 0.0001
2026-07-29 06:18:03,399 | WARNING  | [ANOMALY] Price spike detected: EURUSD 2026-07-28 07:45:00 change: -0.0002
2026-07-29 06:18:03,400 | INFO     | [CSVQueue] Processing write for data_base/csv/iq_option\GBPUSD-OTC\GBPUSD-OTC_M1.csv
2026-07-29 06:18:03,402 | INFO     | [DataAdapter] M1 data refresh completed for EURGBP-OTC
2026-07-29 06:18:03,403 | WARNING  | [ANOMALY] Price spike detected: EURGBP 2026-07-28 05:15:00 change: 0.0001
2026-07-29 06:18:03,403 | WARNING  | [ANOMALY] Price spike detected: GBPUSD-OTC 2026-07-28 02:50:00 change: -0.0005
2026-07-29 06:18:03,403 | WARNING  | [ANOMALY] Price spike detected: EURUSD 2026-07-28 07:50:00 change: -0.0001
2026-07-29 06:18:03,403 | INFO     | [DataAdapter] Refreshing M5 data for EURGBP-OTC
2026-07-29 06:18:03,403 | WARNING  | [ANOMALY] Price spike detected: EURGBP 2026-07-28 05:20:00 change: -0.0000
2026-07-29 06:18:03,404 | WARNING  | [ANOMALY] Price spike detected: GBPUSD-OTC 2026-07-28 02:55:00 change: -0.0004
2026-07-29 06:18:03,404 | INFO     | [CSVWriter] Writing 100 rows to data_base/csv/iq_option\GBPUSD-OTC\GBPUSD-OTC_M1.csv
2026-07-29 06:18:03,404 | WARNING  | [ANOMALY] Price spike detected: EURUSD 2026-07-28 08:00:00 change: 0.0003
2026-07-29 06:18:03,407 | WARNING  | [ANOMALY] Price spike detected: EURGBP-OTC 2026-07-28 02:55:00 change: 0.0003
2026-07-29 06:18:03,407 | WARNING  | [ANOMALY] Price spike detected: EURGBP 2026-07-28 05:25:00 change: 0.0000
2026-07-29 06:18:03,407 | WARNING  | [ANOMALY] Price spike detected: GBPUSD-OTC 2026-07-28 03:00:00 change: 0.0003
2026-07-29 06:18:03,409 | WARNING  | [ANOMALY] Price spike detected: EURUSD 2026-07-28 08:05:00 change: 0.0001
2026-07-29 06:18:03,410 | WARNING  | [ANOMALY] Price spike detected: EURGBP-OTC 2026-07-28 03:00:00 change: 0.0002
2026-07-29 06:18:03,410 | WARNING  | [ANOMALY] Price spike detected: EURGBP 2026-07-28 05:30:00 change: 0.0001
2026-07-29 06:18:03,410 | WARNING  | [ANOMALY] Price spike detected: GBPUSD-OTC 2026-07-28 03:05:00 change: -0.0007
2026-07-29 06:18:03,410 | WARNING  | [ANOMALY] Price spike detected: EURUSD 2026-07-28 08:10:00 change: -0.0001
2026-07-29 06:18:03,410 | WARNING  | [ANOMALY] Price spike detected: EURGBP-OTC 2026-07-28 03:05:00 change: -0.0005
2026-07-29 06:18:03,411 | WARNING  | [ANOMALY] Price spike detected: EURGBP 2026-07-28 05:35:00 change: 0.0000
2026-07-29 06:18:03,411 | WARNING  | [ANOMALY] Price spike detected: GBPUSD-OTC 2026-07-28 03:10:00 change: -0.0001
2026-07-29 06:18:03,411 | WARNING  | [ANOMALY] Price spike detected: EURUSD 2026-07-28 08:15:00 change: 0.0001
2026-07-29 06:18:03,411 | WARNING  | [ANOMALY] Price spike detected: EURGBP-OTC 2026-07-28 03:15:00 change: -0.0008
2026-07-29 06:18:03,411 | WARNING  | [ANOMALY] Price spike detected: EURGBP 2026-07-28 05:40:00 change: -0.0000
2026-07-29 06:18:03,412 | WARNING  | [ANOMALY] Price spike detected: GBPUSD-OTC 2026-07-28 03:15:00 change: -0.0005
2026-07-29 06:18:03,412 | WARNING  | [ANOMALY] Price spike detected: EURUSD 2026-07-28 08:20:00 change: 0.0002
2026-07-29 06:18:03,412 | WARNING  | [ANOMALY] Price spike detected: EURGBP-OTC 2026-07-28 03:20:00 change: -0.0001
2026-07-29 06:18:03,412 | WARNING  | [ANOMALY] Price spike detected: EURGBP 2026-07-28 05:45:00 change: 0.0001
2026-07-29 06:18:03,412 | WARNING  | [ANOMALY] Price spike detected: GBPUSD-OTC 2026-07-28 03:20:00 change: 0.0002
2026-07-29 06:18:03,412 | WARNING  | [ANOMALY] Price spike detected: EURUSD 2026-07-28 08:25:00 change: -0.0001
2026-07-29 06:18:03,413 | WARNING  | [ANOMALY] Price spike detected: EURGBP-OTC 2026-07-28 03:25:00 change: -0.0003
2026-07-29 06:18:03,413 | WARNING  | [ANOMALY] Price spike detected: EURGBP 2026-07-28 05:50:00 change: -0.0000
2026-07-29 06:18:03,413 | WARNING  | [ANOMALY] Price spike detected: GBPUSD-OTC 2026-07-28 03:25:00 change: 0.0001
2026-07-29 06:18:03,413 | WARNING  | [ANOMALY] Price spike detected: EURUSD 2026-07-28 08:40:00 change: 0.0001
2026-07-29 06:18:03,413 | WARNING  | [ANOMALY] Price spike detected: EURGBP-OTC 2026-07-28 03:30:00 change: -0.0004
2026-07-29 06:18:03,414 | WARNING  | [ANOMALY] Price spike detected: EURGBP 2026-07-28 05:55:00 change: 0.0001
2026-07-29 06:18:03,414 | WARNING  | [ANOMALY] Price spike detected: GBPUSD-OTC 2026-07-28 03:30:00 change: 0.0002
2026-07-29 06:18:03,414 | WARNING  | [ANOMALY] Price spike detected: EURUSD 2026-07-28 08:45:00 change: 0.0001
2026-07-29 06:18:03,414 | WARNING  | [ANOMALY] Price spike detected: EURGBP-OTC 2026-07-28 03:35:00 change: 0.0005
2026-07-29 06:18:03,414 | WARNING  | [ANOMALY] Price spike detected: EURGBP 2026-07-28 06:00:00 change: 0.0001
2026-07-29 06:18:03,414 | WARNING  | [ANOMALY] Price spike detected: GBPUSD-OTC 2026-07-28 03:35:00 change: 0.0002
2026-07-29 06:18:03,415 | WARNING  | [ANOMALY] Price spike detected: EURUSD 2026-07-28 08:50:00 change: -0.0001
2026-07-29 06:18:03,415 | WARNING  | [ANOMALY] Price spike detected: EURGBP-OTC 2026-07-28 03:45:00 change: 0.0007
2026-07-29 06:18:03,415 | WARNING  | [ANOMALY] Price spike detected: EURGBP 2026-07-28 06:05:00 change: -0.0001
2026-07-29 06:18:03,416 | WARNING  | [ANOMALY] Price spike detected: GBPUSD-OTC 2026-07-28 03:40:00 change: -0.0005
2026-07-29 06:18:03,416 | WARNING  | [ANOMALY] Price spike detected: EURUSD 2026-07-28 08:55:00 change: 0.0001
2026-07-29 06:18:03,416 | WARNING  | [ANOMALY] Price spike detected: EURGBP-OTC 2026-07-28 03:50:00 change: -0.0003
2026-07-29 06:18:03,416 | WARNING  | [ANOMALY] Price spike detected: EURGBP 2026-07-28 06:10:00 change: -0.0001
2026-07-29 06:18:03,417 | WARNING  | [ANOMALY] Price spike detected: GBPUSD-OTC 2026-07-28 03:45:00 change: -0.0005
2026-07-29 06:18:03,417 | WARNING  | [ANOMALY] Price spike detected: EURUSD 2026-07-28 09:00:00 change: -0.0001
2026-07-29 06:18:03,417 | WARNING  | [ANOMALY] Price spike detected: EURGBP-OTC 2026-07-28 03:55:00 change: 0.0007
2026-07-29 06:18:03,417 | WARNING  | [ANOMALY] Price spike detected: EURGBP 2026-07-28 06:15:00 change: 0.0000
2026-07-29 06:18:03,417 | WARNING  | [ANOMALY] Price spike detected: GBPUSD-OTC 2026-07-28 03:50:00 change: -0.0005
2026-07-29 06:18:03,418 | WARNING  | [ANOMALY] Price spike detected: EURUSD 2026-07-28 09:05:00 change: -0.0003
2026-07-29 06:18:03,418 | WARNING  | [ANOMALY] Price spike detected: EURGBP-OTC 2026-07-28 04:00:00 change: -0.0004
2026-07-29 06:18:03,418 | WARNING  | [ANOMALY] Price spike detected: EURGBP 2026-07-28 06:20:00 change: 0.0001
2026-07-29 06:18:03,418 | WARNING  | [ANOMALY] Price spike detected: GBPUSD-OTC 2026-07-28 03:55:00 change: 0.0005
2026-07-29 06:18:03,418 | WARNING  | [ANOMALY] Price spike detected: EURUSD 2026-07-28 09:10:00 change: -0.0001
2026-07-29 06:18:03,418 | WARNING  | [ANOMALY] Price spike detected: EURGBP-OTC 2026-07-28 04:05:00 change: -0.0002
2026-07-29 06:18:03,419 | WARNING  | [ANOMALY] Price spike detected: EURGBP 2026-07-28 06:25:00 change: -0.0002
2026-07-29 06:18:03,419 | WARNING  | [ANOMALY] Price spike detected: GBPUSD-OTC 2026-07-28 04:05:00 change: -0.0009
2026-07-29 06:18:03,419 | WARNING  | [ANOMALY] Price spike detected: EURUSD 2026-07-28 09:15:00 change: 0.0000
2026-07-29 06:18:03,420 | WARNING  | [ANOMALY] Price spike detected: EURGBP-OTC 2026-07-28 04:10:00 change: 0.0005
2026-07-29 06:18:03,420 | WARNING  | [ANOMALY] Price spike detected: EURGBP 2026-07-28 06:30:00 change: 0.0002
2026-07-29 06:18:03,420 | WARNING  | [ANOMALY] Price spike detected: GBPUSD-OTC 2026-07-28 04:10:00 change: 0.0009
2026-07-29 06:18:03,420 | WARNING  | [ANOMALY] Price spike detected: EURUSD 2026-07-28 09:20:00 change: -0.0000
2026-07-29 06:18:03,420 | WARNING  | [ANOMALY] Price spike detected: EURGBP-OTC 2026-07-28 04:15:00 change: -0.0018
2026-07-29 06:18:03,420 | WARNING  | [ANOMALY] Price spike detected: EURGBP 2026-07-28 06:35:00 change: -0.0001
2026-07-29 06:18:03,421 | WARNING  | [ANOMALY] Price spike detected: GBPUSD-OTC 2026-07-28 04:20:00 change: 0.0013
2026-07-29 06:18:03,421 | WARNING  | [ANOMALY] Price spike detected: EURUSD 2026-07-28 09:25:00 change: -0.0001
2026-07-29 06:18:03,421 | WARNING  | [ANOMALY] Price spike detected: EURGBP-OTC 2026-07-28 04:20:00 change: -0.0004
2026-07-29 06:18:03,421 | WARNING  | [ANOMALY] Price spike detected: EURGBP 2026-07-28 06:40:00 change: -0.0001
2026-07-29 06:18:03,421 | WARNING  | [ANOMALY] Price spike detected: GBPUSD-OTC 2026-07-28 04:25:00 change: 0.0002
2026-07-29 06:18:03,422 | WARNING  | [ANOMALY] Price spike detected: EURUSD 2026-07-28 09:30:00 change: -0.0001
2026-07-29 06:18:03,422 | WARNING  | [ANOMALY] Price spike detected: EURGBP-OTC 2026-07-28 04:30:00 change: 0.0007
2026-07-29 06:18:03,422 | WARNING  | [ANOMALY] Price spike detected: EURGBP 2026-07-28 06:45:00 change: 0.0000
2026-07-29 06:18:03,422 | WARNING  | [ANOMALY] Price spike detected: GBPUSD-OTC 2026-07-28 04:30:00 change: 0.0011
2026-07-29 06:18:03,422 | WARNING  | [ANOMALY] Price spike detected: EURUSD 2026-07-28 09:40:00 change: -0.0002
2026-07-29 06:18:03,422 | WARNING  | [ANOMALY] Price spike detected: EURGBP-OTC 2026-07-28 04:35:00 change: -0.0011
2026-07-29 06:18:03,423 | WARNING  | [ANOMALY] Price spike detected: EURGBP 2026-07-28 06:50:00 change: -0.0001
2026-07-29 06:18:03,423 | WARNING  | [ANOMALY] Price spike detected: GBPUSD-OTC 2026-07-28 04:35:00 change: -0.0007
2026-07-29 06:18:03,423 | WARNING  | [ANOMALY] Price spike detected: EURUSD 2026-07-28 09:45:00 change: -0.0001
2026-07-29 06:18:03,423 | WARNING  | [ANOMALY] Price spike detected: EURGBP-OTC 2026-07-28 04:40:00 change: -0.0008
2026-07-29 06:18:03,423 | WARNING  | [ANOMALY] Price spike detected: EURGBP 2026-07-28 06:55:00 change: -0.0003
2026-07-29 06:18:03,423 | WARNING  | [ANOMALY] Price spike detected: GBPUSD-OTC 2026-07-28 04:40:00 change: 0.0008
2026-07-29 06:18:03,424 | WARNING  | [ANOMALY] Price spike detected: EURUSD 2026-07-28 09:50:00 change: -0.0001
2026-07-29 06:18:03,424 | WARNING  | [ANOMALY] Price spike detected: EURGBP-OTC 2026-07-28 04:50:00 change: 0.0006
2026-07-29 06:18:03,424 | WARNING  | [ANOMALY] Price spike detected: EURGBP 2026-07-28 07:00:00 change: 0.0002
2026-07-29 06:18:03,424 | WARNING  | [ANOMALY] Price spike detected: GBPUSD-OTC 2026-07-28 04:45:00 change: 0.0015
2026-07-29 06:18:03,424 | WARNING  | [ANOMALY] Price spike detected: EURUSD 2026-07-28 09:55:00 change: -0.0003
2026-07-29 06:18:03,424 | WARNING  | [ANOMALY] Price spike detected: EURGBP-OTC 2026-07-28 05:00:00 change: 0.0002
2026-07-29 06:18:03,425 | WARNING  | [ANOMALY] Price spike detected: EURGBP 2026-07-28 07:05:00 change: -0.0001
2026-07-29 06:18:03,425 | WARNING  | [ANOMALY] Price spike detected: GBPUSD-OTC 2026-07-28 04:55:00 change: 0.0010
2026-07-29 06:18:03,425 | WARNING  | [ANOMALY] Price spike detected: EURUSD 2026-07-28 10:00:00 change: -0.0000
2026-07-29 06:18:03,425 | WARNING  | [ANOMALY] Price spike detected: EURGBP-OTC 2026-07-28 05:10:00 change: 0.0006
2026-07-29 06:18:03,425 | WARNING  | [ANOMALY] Price spike detected: EURGBP 2026-07-28 07:15:00 change: -0.0001
2026-07-29 06:18:03,426 | WARNING  | [ANOMALY] Price spike detected: GBPUSD-OTC 2026-07-28 05:00:00 change: -0.0009
2026-07-29 06:18:03,426 | WARNING  | [ANOMALY] Price spike detected: EURUSD 2026-07-28 10:05:00 change: -0.0001
2026-07-29 06:18:03,426 | WARNING  | [ANOMALY] Price spike detected: EURGBP-OTC 2026-07-28 05:15:00 change: 0.0005
2026-07-29 06:18:03,426 | WARNING  | [ANOMALY] Price spike detected: EURGBP 2026-07-28 07:20:00 change: -0.0002
2026-07-29 06:18:03,426 | WARNING  | [ANOMALY] Price spike detected: GBPUSD-OTC 2026-07-28 05:10:00 change: 0.0009
2026-07-29 06:18:03,426 | WARNING  | [ANOMALY] Price spike detected: EURUSD 2026-07-28 10:10:00 change: 0.0002
2026-07-29 06:18:03,427 | WARNING  | [ANOMALY] Price spike detected: EURGBP-OTC 2026-07-28 05:20:00 change: -0.0012
2026-07-29 06:18:03,427 | WARNING  | [ANOMALY] Price spike detected: EURGBP 2026-07-28 07:25:00 change: -0.0000
2026-07-29 06:18:03,427 | WARNING  | [ANOMALY] Price spike detected: GBPUSD-OTC 2026-07-28 05:15:00 change: -0.0003
2026-07-29 06:18:03,428 | WARNING  | [ANOMALY] Price spike detected: EURUSD 2026-07-28 10:15:00 change: -0.0001
2026-07-29 06:18:03,428 | WARNING  | [ANOMALY] Price spike detected: EURGBP-OTC 2026-07-28 05:25:00 change: 0.0006
2026-07-29 06:18:03,428 | WARNING  | [ANOMALY] Price spike detected: EURGBP 2026-07-28 07:35:00 change: 0.0003
2026-07-29 06:18:03,428 | WARNING  | [ANOMALY] Price spike detected: GBPUSD-OTC 2026-07-28 05:20:00 change: -0.0004
2026-07-29 06:18:03,429 | WARNING  | [ANOMALY] Price spike detected: EURUSD 2026-07-28 10:20:00 change: 0.0002
2026-07-29 06:18:03,429 | WARNING  | [ANOMALY] Price spike detected: EURGBP-OTC 2026-07-28 05:30:00 change: 0.0004
2026-07-29 06:18:03,429 | WARNING  | [ANOMALY] Price spike detected: EURGBP 2026-07-28 07:45:00 change: 0.0001
2026-07-29 06:18:03,429 | WARNING  | [ANOMALY] Price spike detected: GBPUSD-OTC 2026-07-28 05:30:00 change: 0.0002
2026-07-29 06:18:03,430 | WARNING  | [ANOMALY] Price spike detected: EURUSD 2026-07-28 10:25:00 change: -0.0001
2026-07-29 06:18:03,430 | WARNING  | [ANOMALY] Price spike detected: EURGBP-OTC 2026-07-28 05:35:00 change: 0.0002
2026-07-29 06:18:03,430 | WARNING  | [ANOMALY] Price spike detected: EURGBP 2026-07-28 07:50:00 change: -0.0002
2026-07-29 06:18:03,430 | WARNING  | [ANOMALY] Price spike detected: GBPUSD-OTC 2026-07-28 05:35:00 change: 0.0006
2026-07-29 06:18:03,430 | WARNING  | [ANOMALY] Price spike detected: EURUSD 2026-07-28 10:30:00 change: 0.0003
2026-07-29 06:18:03,431 | WARNING  | [ANOMALY] Price spike detected: EURGBP-OTC 2026-07-28 05:40:00 change: 0.0003
2026-07-29 06:18:03,431 | WARNING  | [ANOMALY] Price spike detected: EURGBP 2026-07-28 07:55:00 change: 0.0002
2026-07-29 06:18:03,431 | WARNING  | [ANOMALY] Price spike detected: GBPUSD-OTC 2026-07-28 05:45:00 change: 0.0010
2026-07-29 06:18:03,431 | WARNING  | [ANOMALY] Price spike detected: EURUSD 2026-07-28 10:35:00 change: 0.0001
2026-07-29 06:18:03,431 | WARNING  | [ANOMALY] Price spike detected: EURGBP-OTC 2026-07-28 05:45:00 change: 0.0002
2026-07-29 06:18:03,432 | WARNING  | [ANOMALY] Price spike detected: EURGBP 2026-07-28 08:00:00 change: -0.0004
2026-07-29 06:18:03,432 | WARNING  | [ANOMALY] Price spike detected: GBPUSD-OTC 2026-07-28 05:50:00 change: 0.0005
2026-07-29 06:18:03,432 | WARNING  | [ANOMALY] Price spike detected: EURUSD 2026-07-28 10:40:00 change: -0.0003
2026-07-29 06:18:03,432 | WARNING  | [ANOMALY] Price spike detected: EURGBP-OTC 2026-07-28 05:50:00 change: 0.0007
2026-07-29 06:18:03,432 | WARNING  | [ANOMALY] Price spike detected: EURGBP 2026-07-28 08:05:00 change: 0.0001
2026-07-29 06:18:03,433 | WARNING  | [ANOMALY] Price spike detected: GBPUSD-OTC 2026-07-28 05:55:00 change: -0.0011
2026-07-29 06:18:03,433 | WARNING  | [ANOMALY] Price spike detected: EURUSD 2026-07-28 10:45:00 change: 0.0001
2026-07-29 06:18:03,433 | WARNING  | [ANOMALY] Price spike detected: EURGBP-OTC 2026-07-28 05:55:00 change: 0.0006
2026-07-29 06:18:03,433 | WARNING  | [ANOMALY] Price spike detected: EURGBP 2026-07-28 08:25:00 change: 0.0001
2026-07-29 06:18:03,433 | WARNING  | [ANOMALY] Price spike detected: GBPUSD-OTC 2026-07-28 06:00:00 change: 0.0004
2026-07-29 06:18:03,434 | WARNING  | [ANOMALY] Price spike detected: EURUSD 2026-07-28 10:50:00 change: 0.0003
2026-07-29 06:18:03,434 | WARNING  | [ANOMALY] Price spike detected: EURGBP-OTC 2026-07-28 06:00:00 change: -0.0003
2026-07-29 06:18:03,434 | WARNING  | [ANOMALY] Price spike detected: EURGBP 2026-07-28 08:35:00 change: 0.0003
2026-07-29 06:18:03,434 | WARNING  | [ANOMALY] Price spike detected: GBPUSD-OTC 2026-07-28 06:10:00 change: 0.0004
2026-07-29 06:18:03,435 | WARNING  | [ANOMALY] Price spike detected: EURUSD 2026-07-28 10:55:00 change: -0.0001
2026-07-29 06:18:03,435 | WARNING  | [ANOMALY] Price spike detected: EURGBP-OTC 2026-07-28 06:20:00 change: -0.0002
2026-07-29 06:18:03,435 | WARNING  | [ANOMALY] Price spike detected: EURGBP 2026-07-28 08:40:00 change: -0.0001
2026-07-29 06:18:03,435 | WARNING  | [ANOMALY] Price spike detected: GBPUSD-OTC 2026-07-28 06:15:00 change: 0.0005
2026-07-29 06:18:03,435 | WARNING  | [ANOMALY] Price spike detected: EURUSD 2026-07-28 11:00:00 change: -0.0001
2026-07-29 06:18:03,436 | WARNING  | [ANOMALY] Price spike detected: EURGBP-OTC 2026-07-28 06:30:00 change: -0.0004
2026-07-29 06:18:03,436 | WARNING  | [ANOMALY] Price spike detected: EURGBP 2026-07-28 08:45:00 change: -0.0001
2026-07-29 06:18:03,436 | WARNING  | [ANOMALY] Price spike detected: GBPUSD-OTC 2026-07-28 06:20:00 change: -0.0006
2026-07-29 06:18:03,437 | WARNING  | [ANOMALY] Price spike detected: EURUSD 2026-07-28 11:05:00 change: -0.0002
2026-07-29 06:18:03,437 | WARNING  | [ANOMALY] Price spike detected: EURGBP-OTC 2026-07-28 06:35:00 change: 0.0002
2026-07-29 06:18:03,437 | WARNING  | [ANOMALY] Price spike detected: EURGBP 2026-07-28 08:50:00 change: 0.0001
2026-07-29 06:18:03,438 | WARNING  | [ANOMALY] Price spike detected: GBPUSD-OTC 2026-07-28 06:25:00 change: 0.0004
2026-07-29 06:18:03,438 | WARNING  | [ANOMALY] Price spike detected: EURUSD 2026-07-28 11:10:00 change: 0.0001
2026-07-29 06:18:03,438 | WARNING  | [ANOMALY] Price spike detected: EURGBP-OTC 2026-07-28 06:40:00 change: 0.0007
2026-07-29 06:18:03,439 | WARNING  | [ANOMALY] Price spike detected: EURGBP 2026-07-28 08:55:00 change: -0.0001
2026-07-29 06:18:03,440 | WARNING  | [ANOMALY] Price spike detected: GBPUSD-OTC 2026-07-28 06:30:00 change: -0.0005
2026-07-29 06:18:03,443 | WARNING  | [ANOMALY] Price spike detected: EURUSD 2026-07-28 11:15:00 change: 0.0003
2026-07-29 06:18:03,443 | WARNING  | [ANOMALY] Price spike detected: EURGBP-OTC 2026-07-28 06:45:00 change: 0.0002
2026-07-29 06:18:03,443 | WARNING  | [ANOMALY] Price spike detected: EURGBP 2026-07-28 09:05:00 change: 0.0002
2026-07-29 06:18:03,444 | WARNING  | [ANOMALY] Price spike detected: GBPUSD-OTC 2026-07-28 06:35:00 change: 0.0009
2026-07-29 06:18:03,446 | WARNING  | [ANOMALY] Price spike detected: EURUSD 2026-07-28 11:20:00 change: 0.0002
2026-07-29 06:18:03,447 | WARNING  | [ANOMALY] Price spike detected: EURGBP-OTC 2026-07-28 06:55:00 change: -0.0002
2026-07-29 06:18:03,447 | WARNING  | [ANOMALY] Price spike detected: EURGBP 2026-07-28 09:15:00 change: 0.0001
2026-07-29 06:18:03,447 | WARNING  | [ANOMALY] Price spike detected: GBPUSD-OTC 2026-07-28 06:40:00 change: 0.0010
2026-07-29 06:18:03,447 | WARNING  | [ANOMALY] Price spike detected: EURUSD 2026-07-28 11:25:00 change: 0.0001
2026-07-29 06:18:03,448 | WARNING  | [ANOMALY] Price spike detected: EURGBP-OTC 2026-07-28 07:10:00 change: -0.0008
2026-07-29 06:18:03,448 | WARNING  | [ANOMALY] Price spike detected: EURGBP 2026-07-28 09:30:00 change: 0.0001
2026-07-29 06:18:03,448 | WARNING  | [ANOMALY] Price spike detected: GBPUSD-OTC 2026-07-28 06:55:00 change: 0.0010
2026-07-29 06:18:03,449 | WARNING  | [ANOMALY] Price spike detected: EURUSD 2026-07-28 11:30:00 change: -0.0001
2026-07-29 06:18:03,449 | INFO     | [CSVWriter] Successfully wrote 381 rows to data_base/csv/iq_option\GBPUSD-OTC\GBPUSD-OTC_M1.csv
2026-07-29 06:18:03,449 | WARNING  | [ANOMALY] Price spike detected: EURGBP-OTC 2026-07-28 07:15:00 change: 0.0006
2026-07-29 06:18:03,449 | WARNING  | [ANOMALY] Price spike detected: EURGBP 2026-07-28 09:35:00 change: -0.0001
2026-07-29 06:18:03,449 | WARNING  | [ANOMALY] Price spike detected: GBPUSD-OTC 2026-07-28 07:00:00 change: -0.0006
2026-07-29 06:18:03,450 | WARNING  | [ANOMALY] Price spike detected: EURUSD 2026-07-28 11:35:00 change: 0.0002
2026-07-29 06:18:03,450 | INFO     | [CSVQueue] Successfully processed write for data_base/csv/iq_option\GBPUSD-OTC\GBPUSD-OTC_M1.csv
2026-07-29 06:18:03,450 | WARNING  | [ANOMALY] Price spike detected: EURGBP-OTC 2026-07-28 07:20:00 change: 0.0006
2026-07-29 06:18:03,450 | WARNING  | [ANOMALY] Price spike detected: EURGBP 2026-07-28 09:40:00 change: 0.0001
2026-07-29 06:18:03,451 | WARNING  | [ANOMALY] Price spike detected: GBPUSD-OTC 2026-07-28 07:05:00 change: -0.0005
2026-07-29 06:18:03,451 | WARNING  | [ANOMALY] Price spike detected: EURUSD 2026-07-28 11:40:00 change: -0.0002
2026-07-29 06:18:03,451 | INFO     | [CSVQueue] Processing write for data_base/csv/iq_option\EURGBP-OTC\EURGBP-OTC_M1.csv
2026-07-29 06:18:03,451 | WARNING  | [ANOMALY] Price spike detected: EURGBP-OTC 2026-07-28 07:25:00 change: -0.0009
2026-07-29 06:18:03,451 | WARNING  | [ANOMALY] Price spike detected: EURGBP 2026-07-28 09:45:00 change: 0.0000
2026-07-29 06:18:03,452 | WARNING  | [ANOMALY] Price spike detected: GBPUSD-OTC 2026-07-28 07:10:00 change: 0.0003
2026-07-29 06:18:03,452 | WARNING  | [ANOMALY] Price spike detected: EURUSD 2026-07-28 11:45:00 change: -0.0001
2026-07-29 06:18:03,452 | WARNING  | [ANOMALY] Price spike detected: EURGBP-OTC 2026-07-28 07:30:00 change: 0.0007
2026-07-29 06:18:03,452 | INFO     | [CSVWriter] Writing 100 rows to data_base/csv/iq_option\EURGBP-OTC\EURGBP-OTC_M1.csv
2026-07-29 06:18:03,452 | WARNING  | [ANOMALY] Price spike detected: EURGBP 2026-07-28 09:50:00 change: 0.0002
2026-07-29 06:18:03,453 | WARNING  | [ANOMALY] Price spike detected: GBPUSD-OTC 2026-07-28 07:15:00 change: 0.0006
2026-07-29 06:18:03,453 | WARNING  | [ANOMALY] Price spike detected: EURUSD 2026-07-28 11:50:00 change: 0.0002
2026-07-29 06:18:03,453 | WARNING  | [ANOMALY] Price spike detected: EURGBP-OTC 2026-07-28 07:35:00 change: -0.0008
2026-07-29 06:18:03,455 | WARNING  | [ANOMALY] Price spike detected: EURGBP 2026-07-28 09:55:00 change: -0.0002
2026-07-29 06:18:03,455 | WARNING  | [ANOMALY] Price spike detected: GBPUSD-OTC 2026-07-28 07:20:00 change: -0.0009
2026-07-29 06:18:03,456 | WARNING  | [ANOMALY] Price spike detected: EURUSD 2026-07-28 11:55:00 change: 0.0001
2026-07-29 06:18:03,456 | WARNING  | [ANOMALY] Price spike detected: EURGBP-OTC 2026-07-28 07:40:00 change: -0.0006
2026-07-29 06:18:03,456 | WARNING  | [ANOMALY] Price spike detected: EURGBP 2026-07-28 10:00:00 change: 0.0001
2026-07-29 06:18:03,456 | WARNING  | [ANOMALY] Price spike detected: GBPUSD-OTC 2026-07-28 07:25:00 change: 0.0010
2026-07-29 06:18:03,456 | WARNING  | [ANOMALY] Price spike detected: EURUSD 2026-07-28 12:00:00 change: -0.0001
2026-07-29 06:18:03,456 | WARNING  | [ANOMALY] Price spike detected: EURGBP-OTC 2026-07-28 07:50:00 change: -0.0003
2026-07-29 06:18:03,457 | WARNING  | [ANOMALY] Price spike detected: EURGBP 2026-07-28 10:10:00 change: 0.0001
2026-07-29 06:18:03,457 | WARNING  | [ANOMALY] Price spike detected: GBPUSD-OTC 2026-07-28 07:30:00 change: -0.0005
2026-07-29 06:18:03,457 | WARNING  | [ANOMALY] Price spike detected: EURUSD 2026-07-28 12:05:00 change: 0.0003
2026-07-29 06:18:03,457 | WARNING  | [ANOMALY] Price spike detected: EURGBP-OTC 2026-07-28 07:55:00 change: 0.0002
2026-07-29 06:18:03,457 | WARNING  | [ANOMALY] Price spike detected: EURGBP 2026-07-28 10:15:00 change: 0.0001
2026-07-29 06:18:03,458 | WARNING  | [ANOMALY] Price spike detected: GBPUSD-OTC 2026-07-28 07:35:00 change: -0.0006
2026-07-29 06:18:03,458 | WARNING  | [ANOMALY] Price spike detected: EURUSD 2026-07-28 12:10:00 change: -0.0001
2026-07-29 06:18:03,458 | WARNING  | [ANOMALY] Price spike detected: EURGBP-OTC 2026-07-28 08:10:00 change: 0.0002
2026-07-29 06:18:03,458 | WARNING  | [ANOMALY] Price spike detected: EURGBP 2026-07-28 10:20:00 change: -0.0002
2026-07-29 06:18:03,458 | WARNING  | [ANOMALY] Price spike detected: GBPUSD-OTC 2026-07-28 07:40:00 change: 0.0005
2026-07-29 06:18:03,458 | WARNING  | [ANOMALY] Price spike detected: EURUSD 2026-07-28 12:20:00 change: -0.0001
2026-07-29 06:18:03,458 | WARNING  | [ANOMALY] Price spike detected: EURGBP-OTC 2026-07-28 08:15:00 change: -0.0005
2026-07-29 06:18:03,458 | WARNING  | [ANOMALY] Price spike detected: EURGBP 2026-07-28 10:30:00 change: 0.0001
2026-07-29 06:18:03,459 | WARNING  | [ANOMALY] Price spike detected: GBPUSD-OTC 2026-07-28 07:50:00 change: -0.0008
2026-07-29 06:18:03,459 | WARNING  | [ANOMALY] Price spike detected: EURUSD 2026-07-28 12:25:00 change: -0.0001
2026-07-29 06:18:03,459 | WARNING  | [ANOMALY] Price spike detected: EURGBP-OTC 2026-07-28 08:20:00 change: 0.0006
2026-07-29 06:18:03,459 | WARNING  | [ANOMALY] Price spike detected: EURGBP 2026-07-28 10:45:00 change: 0.0002
2026-07-29 06:18:03,459 | WARNING  | [ANOMALY] Price spike detected: GBPUSD-OTC 2026-07-28 07:55:00 change: 0.0003
2026-07-29 06:18:03,460 | WARNING  | [ANOMALY] Price spike detected: EURUSD 2026-07-28 12:40:00 change: 0.0002
2026-07-29 06:18:03,460 | WARNING  | [ANOMALY] Price spike detected: EURGBP-OTC 2026-07-28 08:25:00 change: 0.0009
2026-07-29 06:18:03,460 | WARNING  | [ANOMALY] Price spike detected: EURGBP 2026-07-28 10:50:00 change: 0.0000
2026-07-29 06:18:03,460 | WARNING  | [ANOMALY] Price spike detected: GBPUSD-OTC 2026-07-28 08:00:00 change: 0.0005
2026-07-29 06:18:03,460 | WARNING  | [ANOMALY] Price spike detected: EURUSD 2026-07-28 12:45:00 change: 0.0002
2026-07-29 06:18:03,461 | WARNING  | [ANOMALY] Price spike detected: EURGBP-OTC 2026-07-28 08:40:00 change: -0.0008
2026-07-29 06:18:03,461 | WARNING  | [ANOMALY] Price spike detected: EURGBP 2026-07-28 10:55:00 change: -0.0002
2026-07-29 06:18:03,461 | WARNING  | [ANOMALY] Price spike detected: GBPUSD-OTC 2026-07-28 08:05:00 change: -0.0002
2026-07-29 06:18:03,461 | WARNING  | [ANOMALY] Price spike detected: EURUSD 2026-07-28 12:50:00 change: -0.0002
2026-07-29 06:18:03,461 | WARNING  | [ANOMALY] Price spike detected: EURGBP-OTC 2026-07-28 08:45:00 change: 0.0004
2026-07-29 06:18:03,461 | WARNING  | [ANOMALY] Price spike detected: EURGBP 2026-07-28 11:00:00 change: 0.0001
2026-07-29 06:18:03,462 | WARNING  | [ANOMALY] Price spike detected: GBPUSD-OTC 2026-07-28 08:10:00 change: -0.0003
2026-07-29 06:18:03,462 | WARNING  | [ANOMALY] Price spike detected: EURUSD 2026-07-28 13:00:00 change: 0.0002
2026-07-29 06:18:03,462 | WARNING  | [ANOMALY] Price spike detected: EURGBP-OTC 2026-07-28 08:55:00 change: -0.0007
2026-07-29 06:18:03,462 | WARNING  | [ANOMALY] Price spike detected: EURGBP 2026-07-28 11:05:00 change: -0.0002
2026-07-29 06:18:03,462 | WARNING  | [ANOMALY] Price spike detected: GBPUSD-OTC 2026-07-28 08:20:00 change: -0.0002
2026-07-29 06:18:03,463 | WARNING  | [ANOMALY] Price spike detected: EURUSD 2026-07-28 13:05:00 change: 0.0002
2026-07-29 06:18:03,463 | WARNING  | [ANOMALY] Price spike detected: EURGBP-OTC 2026-07-28 09:00:00 change: -0.0003
2026-07-29 06:18:03,463 | WARNING  | [ANOMALY] Price spike detected: EURGBP 2026-07-28 11:10:00 change: 0.0002
2026-07-29 06:18:03,463 | WARNING  | [ANOMALY] Price spike detected: GBPUSD-OTC 2026-07-28 08:25:00 change: -0.0003
2026-07-29 06:18:03,463 | WARNING  | [ANOMALY] Price spike detected: EURUSD 2026-07-28 13:10:00 change: -0.0002
2026-07-29 06:18:03,464 | WARNING  | [ANOMALY] Price spike detected: EURGBP-OTC 2026-07-28 09:05:00 change: 0.0009
2026-07-29 06:18:03,464 | WARNING  | [ANOMALY] Price spike detected: EURGBP 2026-07-28 11:15:00 change: 0.0001
2026-07-29 06:18:03,465 | WARNING  | [ANOMALY] Price spike detected: GBPUSD-OTC 2026-07-28 08:30:00 change: 0.0005
2026-07-29 06:18:03,465 | WARNING  | [ANOMALY] Price spike detected: EURUSD 2026-07-28 13:15:00 change: 0.0001
2026-07-29 06:18:03,465 | WARNING  | [ANOMALY] Price spike detected: EURGBP-OTC 2026-07-28 09:10:00 change: 0.0013
2026-07-29 06:18:03,465 | WARNING  | [ANOMALY] Price spike detected: EURGBP 2026-07-28 11:25:00 change: 0.0002
2026-07-29 06:18:03,466 | WARNING  | [ANOMALY] Price spike detected: GBPUSD-OTC 2026-07-28 08:35:00 change: -0.0002
2026-07-29 06:18:03,466 | WARNING  | [ANOMALY] Price spike detected: EURUSD 2026-07-28 13:25:00 change: -0.0001
2026-07-29 06:18:03,466 | WARNING  | [ANOMALY] Price spike detected: EURGBP-OTC 2026-07-28 09:15:00 change: 0.0007
2026-07-29 06:18:03,467 | WARNING  | [ANOMALY] Price spike detected: EURGBP 2026-07-28 11:30:00 change: -0.0001
2026-07-29 06:18:03,467 | WARNING  | [ANOMALY] Price spike detected: GBPUSD-OTC 2026-07-28 08:45:00 change: -0.0013
2026-07-29 06:18:03,467 | WARNING  | [ANOMALY] Price spike detected: EURUSD 2026-07-28 13:30:00 change: 0.0002
2026-07-29 06:18:03,468 | WARNING  | [ANOMALY] Price spike detected: EURGBP-OTC 2026-07-28 09:20:00 change: -0.0003
2026-07-29 06:18:03,471 | WARNING  | [ANOMALY] Price spike detected: EURGBP 2026-07-28 11:35:00 change: 0.0001
2026-07-29 06:18:03,471 | WARNING  | [ANOMALY] Price spike detected: GBPUSD-OTC 2026-07-28 08:50:00 change: 0.0003
2026-07-29 06:18:03,471 | WARNING  | [ANOMALY] Price spike detected: EURUSD 2026-07-28 13:35:00 change: -0.0001
2026-07-29 06:18:03,471 | WARNING  | [ANOMALY] Price spike detected: EURGBP-OTC 2026-07-28 09:25:00 change: 0.0006
2026-07-29 06:18:03,472 | WARNING  | [ANOMALY] Price spike detected: EURGBP 2026-07-28 11:40:00 change: -0.0001
2026-07-29 06:18:03,474 | WARNING  | [ANOMALY] Price spike detected: GBPUSD-OTC 2026-07-28 08:55:00 change: -0.0006
2026-07-29 06:18:03,474 | WARNING  | [ANOMALY] Price spike detected: EURUSD 2026-07-28 13:40:00 change: 0.0001
2026-07-29 06:18:03,474 | WARNING  | [ANOMALY] Price spike detected: EURGBP-OTC 2026-07-28 09:30:00 change: 0.0008
2026-07-29 06:18:03,475 | WARNING  | [ANOMALY] Price spike detected: EURGBP 2026-07-28 11:50:00 change: 0.0002
2026-07-29 06:18:03,475 | WARNING  | [ANOMALY] Price spike detected: GBPUSD-OTC 2026-07-28 09:00:00 change: 0.0005
2026-07-29 06:18:03,475 | WARNING  | [ANOMALY] Price spike detected: EURUSD 2026-07-28 13:45:00 change: 0.0003
2026-07-29 06:18:03,475 | WARNING  | [ANOMALY] Price spike detected: EURGBP-OTC 2026-07-28 09:35:00 change: -0.0006
2026-07-29 06:18:03,476 | WARNING  | [ANOMALY] Price spike detected: EURGBP 2026-07-28 12:00:00 change: -0.0004
2026-07-29 06:18:03,476 | INFO     | [CSVWriter] Successfully wrote 381 rows to data_base/csv/iq_option\EURGBP-OTC\EURGBP-OTC_M1.csv
2026-07-29 06:18:03,476 | WARNING  | [ANOMALY] Price spike detected: GBPUSD-OTC 2026-07-28 09:05:00 change: -0.0008
2026-07-29 06:18:03,476 | WARNING  | [ANOMALY] Price spike detected: EURUSD 2026-07-28 14:00:00 change: 0.0001
2026-07-29 06:18:03,477 | WARNING  | [ANOMALY] Price spike detected: EURGBP-OTC 2026-07-28 09:40:00 change: -0.0007
2026-07-29 06:18:03,477 | WARNING  | [ANOMALY] Price spike detected: EURGBP 2026-07-28 12:10:00 change: -0.0001
2026-07-29 06:18:03,477 | INFO     | [CSVQueue] Successfully processed write for data_base/csv/iq_option\EURGBP-OTC\EURGBP-OTC_M1.csv
2026-07-29 06:18:03,477 | WARNING  | [ANOMALY] Price spike detected: GBPUSD-OTC 2026-07-28 09:10:00 change: -0.0007
2026-07-29 06:18:03,478 | WARNING  | [ANOMALY] Price spike detected: EURUSD 2026-07-28 14:05:00 change: 0.0001
2026-07-29 06:18:03,478 | WARNING  | [ANOMALY] Price spike detected: EURGBP-OTC 2026-07-28 09:45:00 change: -0.0010
2026-07-29 06:18:03,478 | WARNING  | [ANOMALY] Price spike detected: EURGBP 2026-07-28 12:15:00 change: -0.0001
2026-07-29 06:18:03,478 | INFO     | [CSVQueue] Queue size: 0
2026-07-29 06:18:03,478 | WARNING  | [ANOMALY] Price spike detected: GBPUSD-OTC 2026-07-28 09:20:00 change: 0.0004
2026-07-29 06:18:03,479 | WARNING  | [ANOMALY] Price spike detected: EURUSD 2026-07-28 14:10:00 change: -0.0001
2026-07-29 06:18:03,479 | WARNING  | [ANOMALY] Price spike detected: EURGBP-OTC 2026-07-28 09:55:00 change: -0.0004
2026-07-29 06:18:03,479 | WARNING  | [ANOMALY] Price spike detected: EURGBP 2026-07-28 12:20:00 change: -0.0001
2026-07-29 06:18:03,479 | WARNING  | [ANOMALY] Price spike detected: GBPUSD-OTC 2026-07-28 09:25:00 change: 0.0002
2026-07-29 06:18:03,479 | WARNING  | [ANOMALY] Price spike detected: EURUSD 2026-07-28 14:15:00 change: -0.0001
2026-07-29 06:18:03,480 | WARNING  | [ANOMALY] Price spike detected: EURGBP-OTC 2026-07-28 10:05:00 change: -0.0011
2026-07-29 06:18:03,480 | WARNING  | [ANOMALY] Price spike detected: EURGBP 2026-07-28 12:30:00 change: -0.0002
2026-07-29 06:18:03,480 | WARNING  | [ANOMALY] Price spike detected: GBPUSD-OTC 2026-07-28 09:30:00 change: -0.0004
2026-07-29 06:18:03,480 | WARNING  | [ANOMALY] Price spike detected: EURUSD 2026-07-28 14:20:00 change: 0.0002
2026-07-29 06:18:03,480 | WARNING  | [ANOMALY] Price spike detected: EURGBP-OTC 2026-07-28 10:15:00 change: -0.0008
2026-07-29 06:18:03,480 | WARNING  | [ANOMALY] Price spike detected: EURGBP 2026-07-28 12:35:00 change: -0.0001
2026-07-29 06:18:03,481 | WARNING  | [ANOMALY] Price spike detected: GBPUSD-OTC 2026-07-28 09:35:00 change: -0.0016
2026-07-29 06:18:03,481 | WARNING  | [ANOMALY] Price spike detected: EURUSD 2026-07-28 14:25:00 change: 0.0003
2026-07-29 06:18:03,481 | WARNING  | [ANOMALY] Price spike detected: EURGBP-OTC 2026-07-28 10:20:00 change: -0.0005
2026-07-29 06:18:03,481 | WARNING  | [ANOMALY] Price spike detected: EURGBP 2026-07-28 12:40:00 change: -0.0001
2026-07-29 06:18:03,481 | WARNING  | [ANOMALY] Price spike detected: GBPUSD-OTC 2026-07-28 09:45:00 change: 0.0007
2026-07-29 06:18:03,482 | WARNING  | [ANOMALY] Price spike detected: EURUSD 2026-07-28 14:30:00 change: -0.0001
2026-07-29 06:18:03,482 | WARNING  | [ANOMALY] Price spike detected: EURGBP-OTC 2026-07-28 10:25:00 change: -0.0007
2026-07-29 06:18:03,482 | WARNING  | [ANOMALY] Price spike detected: EURGBP 2026-07-28 12:45:00 change: -0.0001
2026-07-29 06:18:03,482 | WARNING  | [ANOMALY] Price spike detected: GBPUSD-OTC 2026-07-28 09:50:00 change: -0.0005
2026-07-29 06:18:03,482 | WARNING  | [ANOMALY] Price spike detected: EURUSD 2026-07-28 14:40:00 change: 0.0002
2026-07-29 06:18:03,483 | WARNING  | [ANOMALY] Price spike detected: EURGBP-OTC 2026-07-28 10:30:00 change: -0.0006
2026-07-29 06:18:03,483 | WARNING  | [ANOMALY] Price spike detected: EURGBP 2026-07-28 12:55:00 change: -0.0001
2026-07-29 06:18:03,483 | WARNING  | [ANOMALY] Price spike detected: GBPUSD-OTC 2026-07-28 09:55:00 change: 0.0007
2026-07-29 06:18:03,483 | WARNING  | [ANOMALY] Price spike detected: EURUSD 2026-07-28 14:45:00 change: -0.0001
2026-07-29 06:18:03,483 | WARNING  | [ANOMALY] Price spike detected: EURGBP-OTC 2026-07-28 10:35:00 change: 0.0004
2026-07-29 06:18:03,484 | WARNING  | [ANOMALY] Price spike detected: EURGBP 2026-07-28 13:00:00 change: 0.0001
2026-07-29 06:18:03,484 | WARNING  | [ANOMALY] Price spike detected: GBPUSD-OTC 2026-07-28 10:00:00 change: -0.0004
2026-07-29 06:18:03,484 | WARNING  | [ANOMALY] Price spike detected: EURUSD 2026-07-28 14:50:00 change: 0.0005
2026-07-29 06:18:03,484 | WARNING  | [ANOMALY] Price spike detected: EURGBP-OTC 2026-07-28 10:45:00 change: 0.0005
2026-07-29 06:18:03,484 | WARNING  | [ANOMALY] Price spike detected: EURGBP 2026-07-28 13:10:00 change: 0.0001
2026-07-29 06:18:03,484 | WARNING  | [ANOMALY] Price spike detected: GBPUSD-OTC 2026-07-28 10:05:00 change: -0.0004
2026-07-29 06:18:03,485 | WARNING  | [ANOMALY] Price spike detected: EURUSD 2026-07-28 14:55:00 change: 0.0002
2026-07-29 06:18:03,485 | WARNING  | [ANOMALY] Price spike detected: EURGBP-OTC 2026-07-28 10:50:00 change: -0.0007
2026-07-29 06:18:03,485 | WARNING  | [ANOMALY] Price spike detected: EURGBP 2026-07-28 13:15:00 change: 0.0002
2026-07-29 06:18:03,485 | WARNING  | [ANOMALY] Price spike detected: GBPUSD-OTC 2026-07-28 10:10:00 change: 0.0010
2026-07-29 06:18:03,485 | WARNING  | [ANOMALY] Price spike detected: EURUSD 2026-07-28 15:00:00 change: -0.0001
2026-07-29 06:18:03,485 | WARNING  | [ANOMALY] Price spike detected: EURGBP-OTC 2026-07-28 10:55:00 change: -0.0011
2026-07-29 06:18:03,486 | WARNING  | [ANOMALY] Price spike detected: EURGBP 2026-07-28 13:20:00 change: -0.0001
2026-07-29 06:18:03,486 | WARNING  | [ANOMALY] Price spike detected: GBPUSD-OTC 2026-07-28 10:15:00 change: -0.0006
2026-07-29 06:18:03,486 | WARNING  | [ANOMALY] Price spike detected: EURUSD 2026-07-28 15:05:00 change: 0.0003
2026-07-29 06:18:03,486 | WARNING  | [ANOMALY] Price spike detected: EURGBP-OTC 2026-07-28 11:00:00 change: -0.0003
2026-07-29 06:18:03,486 | WARNING  | [ANOMALY] Price spike detected: EURGBP 2026-07-28 13:30:00 change: 0.0000
2026-07-29 06:18:03,487 | WARNING  | [ANOMALY] Price spike detected: GBPUSD-OTC 2026-07-28 10:20:00 change: -0.0004
2026-07-29 06:18:03,487 | WARNING  | [ANOMALY] Price spike detected: EURUSD 2026-07-28 15:10:00 change: 0.0006
2026-07-29 06:18:03,487 | WARNING  | [ANOMALY] Price spike detected: EURGBP-OTC 2026-07-28 11:05:00 change: -0.0008
2026-07-29 06:18:03,487 | WARNING  | [ANOMALY] Price spike detected: EURGBP 2026-07-28 13:35:00 change: 0.0001
2026-07-29 06:18:03,487 | WARNING  | [ANOMALY] Price spike detected: GBPUSD-OTC 2026-07-28 10:25:00 change: -0.0007
2026-07-29 06:18:03,487 | WARNING  | [ANOMALY] Price spike detected: EURUSD 2026-07-28 15:15:00 change: 0.0001
2026-07-29 06:18:03,488 | WARNING  | [ANOMALY] Price spike detected: EURGBP-OTC 2026-07-28 11:10:00 change: 0.0006
2026-07-29 06:18:03,488 | WARNING  | [ANOMALY] Price spike detected: EURGBP 2026-07-28 13:45:00 change: -0.0001
2026-07-29 06:18:03,488 | WARNING  | [ANOMALY] Price spike detected: GBPUSD-OTC 2026-07-28 10:30:00 change: -0.0008
2026-07-29 06:18:03,488 | WARNING  | [ANOMALY] Price spike detected: EURUSD 2026-07-28 15:20:00 change: -0.0001
2026-07-29 06:18:03,488 | WARNING  | [ANOMALY] Price spike detected: EURGBP-OTC 2026-07-28 11:15:00 change: -0.0007
2026-07-29 06:18:03,488 | WARNING  | [ANOMALY] Price spike detected: EURGBP 2026-07-28 13:50:00 change: 0.0002
2026-07-29 06:18:03,489 | WARNING  | [ANOMALY] Price spike detected: GBPUSD-OTC 2026-07-28 10:35:00 change: 0.0002
2026-07-29 06:18:03,489 | WARNING  | [ANOMALY] Price spike detected: EURUSD 2026-07-28 15:25:00 change: 0.0001
2026-07-29 06:18:03,489 | WARNING  | [ANOMALY] Price spike detected: EURGBP-OTC 2026-07-28 11:20:00 change: 0.0007
2026-07-29 06:18:03,489 | WARNING  | [ANOMALY] Price spike detected: EURGBP 2026-07-28 13:55:00 change: -0.0001
2026-07-29 06:18:03,489 | WARNING  | [ANOMALY] Price spike detected: GBPUSD-OTC 2026-07-28 10:40:00 change: 0.0004
2026-07-29 06:18:03,489 | WARNING  | [ANOMALY] Price spike detected: EURUSD 2026-07-28 15:30:00 change: 0.0001
2026-07-29 06:18:03,489 | WARNING  | [ANOMALY] Price spike detected: EURGBP-OTC 2026-07-28 11:25:00 change: 0.0003
2026-07-29 06:18:03,489 | WARNING  | [ANOMALY] Price spike detected: EURGBP 2026-07-28 14:00:00 change: 0.0002
2026-07-29 06:18:03,490 | WARNING  | [ANOMALY] Price spike detected: GBPUSD-OTC 2026-07-28 10:45:00 change: -0.0004
2026-07-29 06:18:03,490 | WARNING  | [ANOMALY] Price spike detected: EURUSD 2026-07-28 15:35:00 change: -0.0001
2026-07-29 06:18:03,490 | WARNING  | [ANOMALY] Price spike detected: EURGBP-OTC 2026-07-28 11:30:00 change: -0.0004
2026-07-29 06:18:03,490 | WARNING  | [ANOMALY] Price spike detected: EURGBP 2026-07-28 14:05:00 change: 0.0002
2026-07-29 06:18:03,490 | WARNING  | [ANOMALY] Price spike detected: GBPUSD-OTC 2026-07-28 10:50:00 change: 0.0003
2026-07-29 06:18:03,490 | WARNING  | [ANOMALY] Price spike detected: EURUSD 2026-07-28 15:40:00 change: 0.0005
2026-07-29 06:18:03,491 | WARNING  | [ANOMALY] Price spike detected: EURGBP-OTC 2026-07-28 11:35:00 change: 0.0005
2026-07-29 06:18:03,491 | WARNING  | [ANOMALY] Price spike detected: EURGBP 2026-07-28 14:10:00 change: 0.0003
2026-07-29 06:18:03,491 | WARNING  | [ANOMALY] Price spike detected: GBPUSD-OTC 2026-07-28 10:55:00 change: -0.0008
2026-07-29 06:18:03,491 | WARNING  | [ANOMALY] Price spike detected: EURUSD 2026-07-28 15:45:00 change: -0.0002
2026-07-29 06:18:03,491 | WARNING  | [ANOMALY] Price spike detected: EURGBP-OTC 2026-07-28 11:45:00 change: -0.0002
2026-07-29 06:18:03,492 | WARNING  | [ANOMALY] Price spike detected: EURGBP 2026-07-28 14:15:00 change: 0.0001
2026-07-29 06:18:03,492 | WARNING  | [ANOMALY] Price spike detected: GBPUSD-OTC 2026-07-28 11:00:00 change: -0.0002
2026-07-29 06:18:03,492 | WARNING  | [ANOMALY] Price spike detected: EURUSD 2026-07-28 15:55:00 change: 0.0001
2026-07-29 06:18:03,492 | WARNING  | [ANOMALY] Price spike detected: EURGBP-OTC 2026-07-28 11:50:00 change: -0.0005
2026-07-29 06:18:03,492 | WARNING  | [ANOMALY] Price spike detected: EURGBP 2026-07-28 14:20:00 change: 0.0002
2026-07-29 06:18:03,493 | WARNING  | [ANOMALY] Price spike detected: GBPUSD-OTC 2026-07-28 11:05:00 change: -0.0005
2026-07-29 06:18:03,493 | WARNING  | [ANOMALY] Price spike detected: EURUSD 2026-07-28 16:05:00 change: 0.0001
2026-07-29 06:18:03,493 | WARNING  | [ANOMALY] Price spike detected: EURGBP-OTC 2026-07-28 11:55:00 change: -0.0005
2026-07-29 06:18:03,493 | WARNING  | [ANOMALY] Price spike detected: EURGBP 2026-07-28 14:25:00 change: 0.0001
2026-07-29 06:18:03,493 | WARNING  | [ANOMALY] Price spike detected: GBPUSD-OTC 2026-07-28 11:10:00 change: -0.0018
2026-07-29 06:18:03,493 | WARNING  | [ANOMALY] Price spike detected: EURUSD 2026-07-28 16:15:00 change: 0.0001
2026-07-29 06:18:03,494 | WARNING  | [ANOMALY] Price spike detected: EURGBP-OTC 2026-07-28 12:00:00 change: -0.0010
2026-07-29 06:18:03,494 | WARNING  | [ANOMALY] Price spike detected: EURGBP 2026-07-28 14:35:00 change: 0.0001
2026-07-29 06:18:03,494 | WARNING  | [ANOMALY] Price spike detected: GBPUSD-OTC 2026-07-28 11:20:00 change: -0.0008
2026-07-29 06:18:03,494 | WARNING  | [ANOMALY] Price spike detected: EURUSD 2026-07-28 16:25:00 change: 0.0001
2026-07-29 06:18:03,494 | WARNING  | [ANOMALY] Price spike detected: EURGBP-OTC 2026-07-28 12:10:00 change: 0.0004
2026-07-29 06:18:03,494 | WARNING  | [ANOMALY] Price spike detected: EURGBP 2026-07-28 14:40:00 change: 0.0002
2026-07-29 06:18:03,495 | WARNING  | [ANOMALY] Price spike detected: GBPUSD-OTC 2026-07-28 11:30:00 change: -0.0002
2026-07-29 06:18:03,495 | WARNING  | [ANOMALY] Price spike detected: EURUSD 2026-07-28 16:30:00 change: -0.0001
2026-07-29 06:18:03,495 | WARNING  | [ANOMALY] Price spike detected: EURGBP-OTC 2026-07-28 12:15:00 change: 0.0003
2026-07-29 06:18:03,495 | WARNING  | [ANOMALY] Price spike detected: EURGBP 2026-07-28 14:45:00 change: -0.0002
2026-07-29 06:18:03,495 | WARNING  | [ANOMALY] Price spike detected: GBPUSD-OTC 2026-07-28 11:35:00 change: 0.0011
2026-07-29 06:18:03,496 | WARNING  | [ANOMALY] Price spike detected: EURUSD 2026-07-28 16:35:00 change: -0.0002
2026-07-29 06:18:03,496 | WARNING  | [ANOMALY] Price spike detected: EURGBP-OTC 2026-07-28 12:20:00 change: 0.0002
2026-07-29 06:18:03,496 | WARNING  | [ANOMALY] Price spike detected: EURGBP 2026-07-28 14:50:00 change: 0.0005
2026-07-29 06:18:03,496 | WARNING  | [ANOMALY] Price spike detected: GBPUSD-OTC 2026-07-28 11:40:00 change: 0.0003
2026-07-29 06:18:03,497 | WARNING  | [ANOMALY] Price spike detected: EURUSD 2026-07-28 16:40:00 change: -0.0002
2026-07-29 06:18:03,497 | WARNING  | [ANOMALY] Price spike detected: EURGBP-OTC 2026-07-28 12:25:00 change: 0.0003
2026-07-29 06:18:03,497 | WARNING  | [ANOMALY] Price spike detected: EURGBP 2026-07-28 14:55:00 change: 0.0004
2026-07-29 06:18:03,497 | WARNING  | [ANOMALY] Price spike detected: GBPUSD-OTC 2026-07-28 11:45:00 change: -0.0006
2026-07-29 06:18:03,497 | WARNING  | [ANOMALY] Price spike detected: EURUSD 2026-07-28 16:45:00 change: -0.0003
2026-07-29 06:18:03,498 | WARNING  | [ANOMALY] Price spike detected: EURGBP-OTC 2026-07-28 12:30:00 change: 0.0002
2026-07-29 06:18:03,498 | WARNING  | [ANOMALY] Price spike detected: EURGBP 2026-07-28 15:00:00 change: -0.0001
2026-07-29 06:18:03,498 | WARNING  | [ANOMALY] Price spike detected: GBPUSD-OTC 2026-07-28 11:50:00 change: 0.0007
2026-07-29 06:18:03,498 | WARNING  | [ANOMALY] Price spike detected: EURUSD 2026-07-28 16:50:00 change: 0.0001
2026-07-29 06:18:03,499 | WARNING  | [ANOMALY] Price spike detected: EURGBP-OTC 2026-07-28 12:40:00 change: -0.0003
2026-07-29 06:18:03,499 | WARNING  | [ANOMALY] Price spike detected: EURGBP 2026-07-28 15:05:00 change: -0.0001
2026-07-29 06:18:03,499 | WARNING  | [ANOMALY] Price spike detected: GBPUSD-OTC 2026-07-28 11:55:00 change: 0.0005
2026-07-29 06:18:03,500 | WARNING  | [ANOMALY] Price spike detected: EURUSD 2026-07-28 16:55:00 change: -0.0002
2026-07-29 06:18:03,500 | WARNING  | [ANOMALY] Price spike detected: EURGBP-OTC 2026-07-28 12:55:00 change: -0.0006
2026-07-29 06:18:03,500 | WARNING  | [ANOMALY] Price spike detected: EURGBP 2026-07-28 15:10:00 change: 0.0001
2026-07-29 06:18:03,500 | WARNING  | [ANOMALY] Price spike detected: GBPUSD-OTC 2026-07-28 12:10:00 change: -0.0012
2026-07-29 06:18:03,500 | WARNING  | [ANOMALY] Price spike detected: EURUSD 2026-07-28 17:00:00 change: 0.0001
2026-07-29 06:18:03,501 | WARNING  | [ANOMALY] Price spike detected: EURGBP-OTC 2026-07-28 13:05:00 change: 0.0013
2026-07-29 06:18:03,501 | WARNING  | [ANOMALY] Price spike detected: EURGBP 2026-07-28 15:20:00 change: 0.0001
2026-07-29 06:18:03,501 | WARNING  | [ANOMALY] Price spike detected: GBPUSD-OTC 2026-07-28 12:15:00 change: 0.0008
2026-07-29 06:18:03,501 | WARNING  | [ANOMALY] Price spike detected: EURUSD 2026-07-28 17:05:00 change: -0.0001
2026-07-29 06:18:03,501 | WARNING  | [ANOMALY] Price spike detected: EURGBP-OTC 2026-07-28 13:10:00 change: -0.0002
2026-07-29 06:18:03,502 | WARNING  | [ANOMALY] Price spike detected: EURGBP 2026-07-28 15:25:00 change: -0.0001
2026-07-29 06:18:03,502 | WARNING  | [ANOMALY] Price spike detected: GBPUSD-OTC 2026-07-28 12:20:00 change: 0.0005
2026-07-29 06:18:03,502 | WARNING  | [ANOMALY] Price spike detected: EURUSD 2026-07-28 17:10:00 change: -0.0001
2026-07-29 06:18:03,502 | WARNING  | [ANOMALY] Price spike detected: EURGBP-OTC 2026-07-28 13:15:00 change: -0.0003
2026-07-29 06:18:03,502 | WARNING  | [ANOMALY] Price spike detected: EURGBP 2026-07-28 15:30:00 change: -0.0001
2026-07-29 06:18:03,503 | WARNING  | [ANOMALY] Price spike detected: GBPUSD-OTC 2026-07-28 12:25:00 change: -0.0004
2026-07-29 06:18:03,503 | WARNING  | [ANOMALY] Price spike detected: EURUSD 2026-07-28 17:20:00 change: -0.0001
2026-07-29 06:18:03,503 | WARNING  | [ANOMALY] Price spike detected: EURGBP-OTC 2026-07-28 13:20:00 change: -0.0002
2026-07-29 06:18:03,503 | WARNING  | [ANOMALY] Price spike detected: EURGBP 2026-07-28 15:35:00 change: 0.0002
2026-07-29 06:18:03,503 | WARNING  | [ANOMALY] Price spike detected: GBPUSD-OTC 2026-07-28 12:35:00 change: 0.0004
2026-07-29 06:18:03,503 | WARNING  | [ANOMALY] Price spike detected: EURUSD 2026-07-28 17:30:00 change: 0.0001
2026-07-29 06:18:03,504 | WARNING  | [ANOMALY] Price spike detected: EURGBP-OTC 2026-07-28 13:35:00 change: 0.0003
2026-07-29 06:18:03,504 | WARNING  | [ANOMALY] Price spike detected: EURGBP 2026-07-28 15:45:00 change: -0.0002
2026-07-29 06:18:03,504 | WARNING  | [ANOMALY] Price spike detected: GBPUSD-OTC 2026-07-28 12:40:00 change: 0.0004
2026-07-29 06:18:03,504 | WARNING  | [ANOMALY] Price spike detected: EURUSD 2026-07-28 17:35:00 change: -0.0000
2026-07-29 06:18:03,504 | WARNING  | [ANOMALY] Price spike detected: EURGBP-OTC 2026-07-28 13:40:00 change: -0.0005
2026-07-29 06:18:03,505 | WARNING  | [ANOMALY] Price spike detected: EURGBP 2026-07-28 15:50:00 change: 0.0002
2026-07-29 06:18:03,505 | WARNING  | [ANOMALY] Price spike detected: GBPUSD-OTC 2026-07-28 12:45:00 change: -0.0012
2026-07-29 06:18:03,505 | WARNING  | [ANOMALY] Price spike detected: EURUSD 2026-07-28 17:40:00 change: -0.0001
2026-07-29 06:18:03,505 | WARNING  | [ANOMALY] Price spike detected: EURGBP-OTC 2026-07-28 13:50:00 change: 0.0004
2026-07-29 06:18:03,505 | WARNING  | [ANOMALY] Price spike detected: EURGBP 2026-07-28 15:55:00 change: -0.0001
2026-07-29 06:18:03,506 | WARNING  | [ANOMALY] Price spike detected: GBPUSD-OTC 2026-07-28 12:50:00 change: -0.0013
2026-07-29 06:18:03,506 | WARNING  | [ANOMALY] Price spike detected: EURUSD 2026-07-28 17:45:00 change: -0.0001
2026-07-29 06:18:03,506 | WARNING  | [ANOMALY] Price spike detected: EURGBP-OTC 2026-07-28 13:55:00 change: 0.0006
2026-07-29 06:18:03,506 | WARNING  | [ANOMALY] Price spike detected: EURGBP 2026-07-28 16:00:00 change: 0.0001
2026-07-29 06:18:03,506 | WARNING  | [ANOMALY] Price spike detected: GBPUSD-OTC 2026-07-28 13:00:00 change: 0.0011
2026-07-29 06:18:03,506 | WARNING  | [ANOMALY] Price spike detected: EURUSD 2026-07-28 17:50:00 change: -0.0000
2026-07-29 06:18:03,507 | WARNING  | [ANOMALY] Price spike detected: EURGBP-OTC 2026-07-28 14:00:00 change: -0.0004
2026-07-29 06:18:03,507 | WARNING  | [ANOMALY] Price spike detected: EURGBP 2026-07-28 16:05:00 change: 0.0001
2026-07-29 06:18:03,507 | WARNING  | [ANOMALY] Price spike detected: GBPUSD-OTC 2026-07-28 13:05:00 change: 0.0006
2026-07-29 06:18:03,507 | WARNING  | [ANOMALY] Price spike detected: EURUSD 2026-07-28 17:55:00 change: -0.0001
2026-07-29 06:18:03,507 | WARNING  | [ANOMALY] Price spike detected: EURGBP-OTC 2026-07-28 14:05:00 change: -0.0003
2026-07-29 06:18:03,508 | WARNING  | [ANOMALY] Price spike detected: EURGBP 2026-07-28 16:10:00 change: 0.0002
2026-07-29 06:18:03,508 | WARNING  | [ANOMALY] Price spike detected: GBPUSD-OTC 2026-07-28 13:15:00 change: 0.0006
2026-07-29 06:18:03,508 | WARNING  | [ANOMALY] Price spike detected: EURUSD 2026-07-28 18:05:00 change: 0.0000
2026-07-29 06:18:03,508 | WARNING  | [ANOMALY] Price spike detected: EURGBP-OTC 2026-07-28 14:10:00 change: -0.0003
2026-07-29 06:18:03,508 | WARNING  | [ANOMALY] Price spike detected: EURGBP 2026-07-28 16:15:00 change: 0.0002
2026-07-29 06:18:03,509 | WARNING  | [ANOMALY] Price spike detected: GBPUSD-OTC 2026-07-28 13:20:00 change: 0.0006
2026-07-29 06:18:03,509 | WARNING  | [ANOMALY] Price spike detected: EURUSD 2026-07-28 18:10:00 change: -0.0000
2026-07-29 06:18:03,509 | WARNING  | [ANOMALY] Price spike detected: EURGBP-OTC 2026-07-28 14:15:00 change: -0.0003
2026-07-29 06:18:03,509 | WARNING  | [ANOMALY] Price spike detected: EURGBP 2026-07-28 16:20:00 change: -0.0001
2026-07-29 06:18:03,509 | WARNING  | [ANOMALY] Price spike detected: GBPUSD-OTC 2026-07-28 13:25:00 change: -0.0006
2026-07-29 06:18:03,510 | WARNING  | [ANOMALY] Price spike detected: EURUSD 2026-07-28 18:15:00 change: 0.0001
2026-07-29 06:18:03,510 | WARNING  | [ANOMALY] Price spike detected: EURGBP-OTC 2026-07-28 14:20:00 change: 0.0002
2026-07-29 06:18:03,510 | WARNING  | [ANOMALY] Price spike detected: EURGBP 2026-07-28 16:25:00 change: 0.0001
2026-07-29 06:18:03,510 | WARNING  | [ANOMALY] Price spike detected: GBPUSD-OTC 2026-07-28 13:30:00 change: 0.0005
2026-07-29 06:18:03,510 | WARNING  | [ANOMALY] Price spike detected: EURUSD 2026-07-28 18:20:00 change: -0.0002
2026-07-29 06:18:03,510 | WARNING  | [ANOMALY] Price spike detected: EURGBP-OTC 2026-07-28 14:25:00 change: 0.0009
2026-07-29 06:18:03,511 | WARNING  | [ANOMALY] Price spike detected: EURGBP 2026-07-28 16:35:00 change: -0.0003
2026-07-29 06:18:03,511 | WARNING  | [ANOMALY] Price spike detected: GBPUSD-OTC 2026-07-28 13:35:00 change: 0.0011
2026-07-29 06:18:03,511 | WARNING  | [ANOMALY] Price spike detected: EURUSD 2026-07-28 18:25:00 change: -0.0001
2026-07-29 06:18:03,511 | WARNING  | [ANOMALY] Price spike detected: EURGBP-OTC 2026-07-28 14:30:00 change: -0.0002
2026-07-29 06:18:03,511 | WARNING  | [ANOMALY] Price spike detected: EURGBP 2026-07-28 16:40:00 change: 0.0002
2026-07-29 06:18:03,512 | WARNING  | [ANOMALY] Price spike detected: GBPUSD-OTC 2026-07-28 13:40:00 change: 0.0007
2026-07-29 06:18:03,512 | WARNING  | [ANOMALY] Price spike detected: EURUSD 2026-07-28 18:35:00 change: 0.0001
2026-07-29 06:18:03,512 | WARNING  | [ANOMALY] Price spike detected: EURGBP-OTC 2026-07-28 14:35:00 change: 0.0009
2026-07-29 06:18:03,512 | WARNING  | [ANOMALY] Price spike detected: EURGBP 2026-07-28 16:50:00 change: -0.0001
2026-07-29 06:18:03,513 | WARNING  | [ANOMALY] Price spike detected: GBPUSD-OTC 2026-07-28 13:45:00 change: -0.0006
2026-07-29 06:18:03,513 | WARNING  | [ANOMALY] Price spike detected: EURUSD 2026-07-28 18:45:00 change: -0.0001
2026-07-29 06:18:03,513 | WARNING  | [ANOMALY] Price spike detected: EURGBP-OTC 2026-07-28 14:40:00 change: 0.0002
2026-07-29 06:18:03,513 | WARNING  | [ANOMALY] Price spike detected: EURGBP 2026-07-28 17:00:00 change: -0.0001
2026-07-29 06:18:03,513 | WARNING  | [ANOMALY] Price spike detected: GBPUSD-OTC 2026-07-28 13:55:00 change: 0.0004
2026-07-29 06:18:03,513 | WARNING  | [ANOMALY] Price spike detected: EURUSD 2026-07-28 19:00:00 change: 0.0001
2026-07-29 06:18:03,514 | WARNING  | [ANOMALY] Price spike detected: EURGBP-OTC 2026-07-28 14:50:00 change: 0.0008
2026-07-29 06:18:03,514 | WARNING  | [ANOMALY] Price spike detected: EURGBP 2026-07-28 17:05:00 change: -0.0000
2026-07-29 06:18:03,514 | WARNING  | [ANOMALY] Price spike detected: GBPUSD-OTC 2026-07-28 14:00:00 change: 0.0004
2026-07-29 06:18:03,514 | WARNING  | [ANOMALY] Price spike detected: EURUSD 2026-07-28 19:05:00 change: 0.0001
2026-07-29 06:18:03,514 | WARNING  | [ANOMALY] Price spike detected: EURGBP-OTC 2026-07-28 14:55:00 change: -0.0003
2026-07-29 06:18:03,515 | WARNING  | [ANOMALY] Price spike detected: EURGBP 2026-07-28 17:15:00 change: -0.0000
2026-07-29 06:18:03,515 | WARNING  | [ANOMALY] Price spike detected: GBPUSD-OTC 2026-07-28 14:05:00 change: 0.0008
2026-07-29 06:18:03,515 | WARNING  | [ANOMALY] Price spike detected: EURUSD 2026-07-28 19:10:00 change: -0.0001
2026-07-29 06:18:03,515 | WARNING  | [ANOMALY] Price spike detected: EURGBP-OTC 2026-07-28 15:00:00 change: -0.0004
2026-07-29 06:18:03,515 | WARNING  | [ANOMALY] Price spike detected: EURGBP 2026-07-28 17:25:00 change: -0.0000
2026-07-29 06:18:03,516 | WARNING  | [ANOMALY] Price spike detected: GBPUSD-OTC 2026-07-28 14:10:00 change: 0.0007
2026-07-29 06:18:03,516 | WARNING  | [ANOMALY] Price spike detected: EURUSD 2026-07-28 19:15:00 change: 0.0002
2026-07-29 06:18:03,516 | WARNING  | [ANOMALY] Price spike detected: EURGBP-OTC 2026-07-28 15:05:00 change: -0.0004
2026-07-29 06:18:03,516 | WARNING  | [ANOMALY] Price spike detected: EURGBP 2026-07-28 17:30:00 change: 0.0000
2026-07-29 06:18:03,516 | WARNING  | [ANOMALY] Price spike detected: GBPUSD-OTC 2026-07-28 14:15:00 change: -0.0014
2026-07-29 06:18:03,516 | WARNING  | [ANOMALY] Price spike detected: EURUSD 2026-07-28 19:25:00 change: -0.0001
2026-07-29 06:18:03,517 | WARNING  | [ANOMALY] Price spike detected: EURGBP-OTC 2026-07-28 15:10:00 change: -0.0004
2026-07-29 06:18:03,517 | WARNING  | [ANOMALY] Price spike detected: EURGBP 2026-07-28 17:35:00 change: 0.0001
2026-07-29 06:18:03,517 | WARNING  | [ANOMALY] Price spike detected: GBPUSD-OTC 2026-07-28 14:20:00 change: 0.0004
2026-07-29 06:18:03,517 | WARNING  | [ANOMALY] Price spike detected: EURUSD 2026-07-28 19:30:00 change: 0.0001
2026-07-29 06:18:03,517 | WARNING  | [ANOMALY] Price spike detected: EURGBP-OTC 2026-07-28 15:20:00 change: -0.0010
2026-07-29 06:18:03,517 | WARNING  | [ANOMALY] Price spike detected: EURGBP 2026-07-28 17:45:00 change: 0.0001
2026-07-29 06:18:03,518 | WARNING  | [ANOMALY] Price spike detected: GBPUSD-OTC 2026-07-28 14:35:00 change: 0.0008
2026-07-29 06:18:03,518 | WARNING  | [ANOMALY] Price spike detected: EURUSD 2026-07-28 19:35:00 change: -0.0000
2026-07-29 06:18:03,518 | WARNING  | [ANOMALY] Price spike detected: EURGBP-OTC 2026-07-28 15:30:00 change: -0.0004
2026-07-29 06:18:03,518 | WARNING  | [ANOMALY] Price spike detected: EURGBP 2026-07-28 17:50:00 change: 0.0000
2026-07-29 06:18:03,518 | WARNING  | [ANOMALY] Price spike detected: GBPUSD-OTC 2026-07-28 14:40:00 change: 0.0010
2026-07-29 06:18:03,518 | WARNING  | [ANOMALY] Price spike detected: EURUSD 2026-07-28 19:40:00 change: 0.0000
2026-07-29 06:18:03,519 | WARNING  | [ANOMALY] Price spike detected: EURGBP-OTC 2026-07-28 15:35:00 change: -0.0006
2026-07-29 06:18:03,519 | WARNING  | [ANOMALY] Price spike detected: EURGBP 2026-07-28 17:55:00 change: -0.0000
2026-07-29 06:18:03,519 | WARNING  | [ANOMALY] Price spike detected: GBPUSD-OTC 2026-07-28 14:45:00 change: 0.0003
2026-07-29 06:18:03,519 | WARNING  | [ANOMALY] Price spike detected: EURUSD 2026-07-28 19:45:00 change: 0.0001
2026-07-29 06:18:03,519 | WARNING  | [ANOMALY] Price spike detected: EURGBP-OTC 2026-07-28 15:40:00 change: 0.0011
2026-07-29 06:18:03,520 | WARNING  | [ANOMALY] Price spike detected: EURGBP 2026-07-28 18:00:00 change: 0.0001
2026-07-29 06:18:03,520 | WARNING  | [ANOMALY] Price spike detected: GBPUSD-OTC 2026-07-28 14:50:00 change: 0.0005
2026-07-29 06:18:03,520 | WARNING  | [ANOMALY] Price spike detected: EURUSD 2026-07-28 19:50:00 change: -0.0000
2026-07-29 06:18:03,520 | WARNING  | [ANOMALY] Price spike detected: EURGBP-OTC 2026-07-28 15:50:00 change: 0.0003
2026-07-29 06:18:03,520 | WARNING  | [ANOMALY] Price spike detected: EURGBP 2026-07-28 18:05:00 change: 0.0001
2026-07-29 06:18:03,520 | WARNING  | [ANOMALY] Price spike detected: GBPUSD-OTC 2026-07-28 14:55:00 change: -0.0005
2026-07-29 06:18:03,521 | WARNING  | [ANOMALY] Price spike detected: EURUSD 2026-07-28 19:55:00 change: -0.0003
2026-07-29 06:18:03,521 | WARNING  | [ANOMALY] Price spike detected: EURGBP-OTC 2026-07-28 15:55:00 change: -0.0005
2026-07-29 06:18:03,521 | WARNING  | [ANOMALY] Price spike detected: EURGBP 2026-07-28 18:10:00 change: -0.0000
2026-07-29 06:18:03,521 | WARNING  | [ANOMALY] Price spike detected: GBPUSD-OTC 2026-07-28 15:05:00 change: -0.0005
2026-07-29 06:18:03,521 | WARNING  | [ANOMALY] Price spike detected: EURUSD 2026-07-28 20:10:00 change: 0.0001
2026-07-29 06:18:03,522 | WARNING  | [ANOMALY] Price spike detected: EURGBP-OTC 2026-07-28 16:00:00 change: 0.0002
2026-07-29 06:18:03,522 | WARNING  | [ANOMALY] Price spike detected: EURGBP 2026-07-28 18:15:00 change: 0.0001
2026-07-29 06:18:03,522 | WARNING  | [ANOMALY] Price spike detected: GBPUSD-OTC 2026-07-28 15:15:00 change: -0.0004
2026-07-29 06:18:03,522 | WARNING  | [ANOMALY] Price spike detected: EURUSD 2026-07-28 20:15:00 change: -0.0001
2026-07-29 06:18:03,522 | WARNING  | [ANOMALY] Price spike detected: EURGBP-OTC 2026-07-28 16:15:00 change: -0.0002
2026-07-29 06:18:03,522 | WARNING  | [ANOMALY] Price spike detected: EURGBP 2026-07-28 18:20:00 change: -0.0000
2026-07-29 06:18:03,523 | WARNING  | [ANOMALY] Price spike detected: GBPUSD-OTC 2026-07-28 15:20:00 change: 0.0012
2026-07-29 06:18:03,523 | WARNING  | [ANOMALY] Price spike detected: EURUSD 2026-07-28 20:25:00 change: -0.0001
2026-07-29 06:18:03,523 | WARNING  | [ANOMALY] Price spike detected: EURGBP-OTC 2026-07-28 16:25:00 change: -0.0008
2026-07-29 06:18:03,523 | WARNING  | [ANOMALY] Price spike detected: EURGBP 2026-07-28 18:25:00 change: 0.0000
2026-07-29 06:18:03,523 | WARNING  | [ANOMALY] Price spike detected: GBPUSD-OTC 2026-07-28 15:25:00 change: -0.0004
2026-07-29 06:18:03,523 | WARNING  | [ANOMALY] Price spike detected: EURUSD 2026-07-28 20:35:00 change: -0.0001
2026-07-29 06:18:03,524 | WARNING  | [ANOMALY] Price spike detected: EURGBP-OTC 2026-07-28 16:30:00 change: -0.0007
2026-07-29 06:18:03,524 | WARNING  | [ANOMALY] Price spike detected: EURGBP 2026-07-28 18:30:00 change: -0.0001
2026-07-29 06:18:03,524 | WARNING  | [ANOMALY] Price spike detected: GBPUSD-OTC 2026-07-28 15:35:00 change: -0.0002
2026-07-29 06:18:03,524 | WARNING  | [ANOMALY] Price spike detected: EURUSD 2026-07-28 20:40:00 change: 0.0001
2026-07-29 06:18:03,524 | WARNING  | [ANOMALY] Price spike detected: EURGBP-OTC 2026-07-28 16:35:00 change: -0.0007
2026-07-29 06:18:03,524 | WARNING  | [ANOMALY] Price spike detected: EURGBP 2026-07-28 18:40:00 change: -0.0001
2026-07-29 06:18:03,525 | WARNING  | [ANOMALY] Price spike detected: GBPUSD-OTC 2026-07-28 15:40:00 change: -0.0006
2026-07-29 06:18:03,525 | WARNING  | [ANOMALY] Price spike detected: EURUSD 2026-07-28 20:45:00 change: -0.0001
2026-07-29 06:18:03,525 | WARNING  | [ANOMALY] Price spike detected: EURGBP-OTC 2026-07-28 16:40:00 change: 0.0006
2026-07-29 06:18:03,525 | WARNING  | [ANOMALY] Price spike detected: EURGBP 2026-07-28 18:50:00 change: -0.0001
2026-07-29 06:18:03,525 | WARNING  | [ANOMALY] Price spike detected: GBPUSD-OTC 2026-07-28 15:45:00 change: -0.0007
2026-07-29 06:18:03,525 | WARNING  | [ANOMALY] Price spike detected: EURUSD 2026-07-28 21:00:00 change: 0.0003
2026-07-29 06:18:03,526 | WARNING  | [ANOMALY] Price spike detected: EURGBP-OTC 2026-07-28 16:45:00 change: -0.0006
2026-07-29 06:18:03,526 | WARNING  | [ANOMALY] Price spike detected: EURGBP 2026-07-28 18:55:00 change: 0.0001
2026-07-29 06:18:03,526 | WARNING  | [ANOMALY] Price spike detected: GBPUSD-OTC 2026-07-28 15:50:00 change: -0.0002
2026-07-29 06:18:03,526 | WARNING  | [ANOMALY] Price spike detected: EURUSD 2026-07-28 21:05:00 change: 0.0000
2026-07-29 06:18:03,526 | WARNING  | [ANOMALY] Price spike detected: EURGBP-OTC 2026-07-28 16:55:00 change: -0.0007
2026-07-29 06:18:03,527 | WARNING  | [ANOMALY] Price spike detected: EURGBP 2026-07-28 19:00:00 change: 0.0000
2026-07-29 06:18:03,527 | WARNING  | [ANOMALY] Price spike detected: GBPUSD-OTC 2026-07-28 15:55:00 change: -0.0004
2026-07-29 06:18:03,527 | WARNING  | [ANOMALY] Price spike detected: EURUSD 2026-07-28 21:10:00 change: 0.0001
2026-07-29 06:18:03,527 | WARNING  | [ANOMALY] Price spike detected: EURGBP-OTC 2026-07-28 17:10:00 change: 0.0006
2026-07-29 06:18:03,527 | WARNING  | [ANOMALY] Price spike detected: EURGBP 2026-07-28 19:05:00 change: -0.0001
2026-07-29 06:18:03,527 | WARNING  | [ANOMALY] Price spike detected: GBPUSD-OTC 2026-07-28 16:15:00 change: -0.0001
2026-07-29 06:18:03,528 | WARNING  | [ANOMALY] Price spike detected: EURUSD 2026-07-28 21:15:00 change: 0.0001
2026-07-29 06:18:03,528 | WARNING  | [ANOMALY] Price spike detected: EURGBP-OTC 2026-07-28 17:15:00 change: 0.0007
2026-07-29 06:18:03,528 | WARNING  | [ANOMALY] Price spike detected: EURGBP 2026-07-28 19:15:00 change: -0.0000
2026-07-29 06:18:03,528 | WARNING  | [ANOMALY] Price spike detected: GBPUSD-OTC 2026-07-28 16:20:00 change: -0.0009
2026-07-29 06:18:03,528 | WARNING  | [ANOMALY] Price spike detected: EURUSD 2026-07-28 21:25:00 change: -0.0000
2026-07-29 06:18:03,529 | WARNING  | [ANOMALY] Price spike detected: EURGBP-OTC 2026-07-28 17:20:00 change: 0.0002
2026-07-29 06:18:03,529 | WARNING  | [ANOMALY] Price spike detected: EURGBP 2026-07-28 19:25:00 change: 0.0002
2026-07-29 06:18:03,529 | WARNING  | [ANOMALY] Price spike detected: GBPUSD-OTC 2026-07-28 16:25:00 change: -0.0004
2026-07-29 06:18:03,529 | WARNING  | [ANOMALY] Price spike detected: EURUSD 2026-07-28 21:30:00 change: -0.0000
2026-07-29 06:18:03,529 | WARNING  | [ANOMALY] Price spike detected: EURGBP-OTC 2026-07-28 17:35:00 change: 0.0002
2026-07-29 06:18:03,530 | WARNING  | [ANOMALY] Price spike detected: EURGBP 2026-07-28 19:30:00 change: 0.0000
2026-07-29 06:18:03,530 | WARNING  | [ANOMALY] Price spike detected: GBPUSD-OTC 2026-07-28 16:30:00 change: -0.0003
2026-07-29 06:18:03,530 | WARNING  | [ANOMALY] Price spike detected: EURUSD 2026-07-28 21:35:00 change: 0.0001
2026-07-29 06:18:03,530 | WARNING  | [ANOMALY] Price spike detected: EURGBP-OTC 2026-07-28 17:40:00 change: 0.0005
2026-07-29 06:18:03,531 | WARNING  | [ANOMALY] Price spike detected: EURGBP 2026-07-28 19:35:00 change: -0.0000
2026-07-29 06:18:03,531 | WARNING  | [ANOMALY] Price spike detected: GBPUSD-OTC 2026-07-28 16:35:00 change: 0.0001
2026-07-29 06:18:03,531 | WARNING  | [ANOMALY] Price spike detected: EURUSD 2026-07-28 21:40:00 change: 0.0000
2026-07-29 06:18:03,531 | WARNING  | [ANOMALY] Price spike detected: EURGBP-OTC 2026-07-28 17:45:00 change: 0.0008
2026-07-29 06:18:03,531 | WARNING  | [ANOMALY] Price spike detected: EURGBP 2026-07-28 19:40:00 change: 0.0000
2026-07-29 06:18:03,532 | WARNING  | [ANOMALY] Price spike detected: GBPUSD-OTC 2026-07-28 16:40:00 change: -0.0007
2026-07-29 06:18:03,532 | WARNING  | [ANOMALY] Price spike detected: EURUSD 2026-07-28 21:45:00 change: -0.0000
2026-07-29 06:18:03,532 | WARNING  | [ANOMALY] Price spike detected: EURGBP-OTC 2026-07-28 17:50:00 change: 0.0003
2026-07-29 06:18:03,532 | WARNING  | [ANOMALY] Price spike detected: EURGBP 2026-07-28 19:45:00 change: -0.0000
2026-07-29 06:18:03,532 | WARNING  | [ANOMALY] Price spike detected: GBPUSD-OTC 2026-07-28 16:45:00 change: 0.0007
2026-07-29 06:18:03,533 | WARNING  | [ANOMALY] Price spike detected: EURUSD 2026-07-28 21:50:00 change: -0.0001
2026-07-29 06:18:03,533 | WARNING  | [ANOMALY] Price spike detected: EURGBP-OTC 2026-07-28 17:55:00 change: 0.0008
2026-07-29 06:18:03,533 | WARNING  | [ANOMALY] Price spike detected: EURGBP 2026-07-28 19:50:00 change: -0.0000
2026-07-29 06:18:03,533 | WARNING  | [ANOMALY] Price spike detected: GBPUSD-OTC 2026-07-28 16:50:00 change: -0.0003
2026-07-29 06:18:03,533 | WARNING  | [ANOMALY] Price spike detected: EURUSD 2026-07-28 21:55:00 change: -0.0001
2026-07-29 06:18:03,533 | WARNING  | [ANOMALY] Price spike detected: EURGBP-OTC 2026-07-28 18:00:00 change: 0.0002
2026-07-29 06:18:03,534 | WARNING  | [ANOMALY] Price spike detected: EURGBP 2026-07-28 19:55:00 change: 0.0001
2026-07-29 06:18:03,534 | WARNING  | [ANOMALY] Price spike detected: GBPUSD-OTC 2026-07-28 16:55:00 change: 0.0005
2026-07-29 06:18:03,534 | WARNING  | [ANOMALY] Price spike detected: EURUSD 2026-07-28 22:00:00 change: -0.0001
2026-07-29 06:18:03,534 | WARNING  | [ANOMALY] Price spike detected: EURGBP-OTC 2026-07-28 18:05:00 change: 0.0006
2026-07-29 06:18:03,534 | WARNING  | [ANOMALY] Price spike detected: EURGBP 2026-07-28 20:00:00 change: 0.0000
2026-07-29 06:18:03,535 | WARNING  | [ANOMALY] Price spike detected: GBPUSD-OTC 2026-07-28 17:05:00 change: -0.0003
2026-07-29 06:18:03,535 | WARNING  | [ANOMALY] Price spike detected: EURUSD 2026-07-28 22:10:00 change: -0.0002
2026-07-29 06:18:03,535 | WARNING  | [ANOMALY] Price spike detected: EURGBP-OTC 2026-07-28 18:10:00 change: -0.0002
2026-07-29 06:18:03,535 | WARNING  | [ANOMALY] Price spike detected: EURGBP 2026-07-28 20:05:00 change: -0.0001
2026-07-29 06:18:03,535 | WARNING  | [ANOMALY] Price spike detected: GBPUSD-OTC 2026-07-28 17:10:00 change: 0.0015
2026-07-29 06:18:03,535 | WARNING  | [ANOMALY] Price spike detected: EURUSD 2026-07-28 22:15:00 change: -0.0001
2026-07-29 06:18:03,536 | WARNING  | [ANOMALY] Price spike detected: EURGBP-OTC 2026-07-28 18:20:00 change: 0.0005
2026-07-29 06:18:03,536 | WARNING  | [ANOMALY] Price spike detected: EURGBP 2026-07-28 20:15:00 change: 0.0000
2026-07-29 06:18:03,536 | WARNING  | [ANOMALY] Price spike detected: GBPUSD-OTC 2026-07-28 17:15:00 change: 0.0008
2026-07-29 06:18:03,536 | WARNING  | [ANOMALY] Price spike detected: EURUSD 2026-07-28 22:20:00 change: -0.0002
2026-07-29 06:18:03,536 | WARNING  | [ANOMALY] Price spike detected: EURGBP-OTC 2026-07-28 18:30:00 change: -0.0002
2026-07-29 06:18:03,537 | WARNING  | [ANOMALY] Price spike detected: EURGBP 2026-07-28 20:20:00 change: 0.0000
2026-07-29 06:18:03,537 | WARNING  | [ANOMALY] Price spike detected: GBPUSD-OTC 2026-07-28 17:20:00 change: 0.0007
2026-07-29 06:18:03,537 | WARNING  | [ANOMALY] Price spike detected: EURUSD 2026-07-28 22:25:00 change: 0.0000
2026-07-29 06:18:03,537 | WARNING  | [ANOMALY] Price spike detected: EURGBP-OTC 2026-07-28 18:35:00 change: 0.0013
2026-07-29 06:18:03,537 | WARNING  | [ANOMALY] Price spike detected: EURGBP 2026-07-28 20:25:00 change: -0.0000
2026-07-29 06:18:03,537 | WARNING  | [ANOMALY] Price spike detected: GBPUSD-OTC 2026-07-28 17:25:00 change: -0.0007
2026-07-29 06:18:03,538 | WARNING  | [ANOMALY] Price spike detected: EURUSD 2026-07-28 22:30:00 change: 0.0001
2026-07-29 06:18:03,538 | WARNING  | [ANOMALY] Price spike detected: EURGBP-OTC 2026-07-28 18:45:00 change: 0.0008
2026-07-29 06:18:03,538 | WARNING  | [ANOMALY] Price spike detected: EURGBP 2026-07-28 20:30:00 change: 0.0001
2026-07-29 06:18:03,538 | WARNING  | [ANOMALY] Price spike detected: GBPUSD-OTC 2026-07-28 17:35:00 change: -0.0005
2026-07-29 06:18:03,538 | WARNING  | [ANOMALY] Price spike detected: EURUSD 2026-07-28 22:35:00 change: -0.0002
2026-07-29 06:18:03,538 | WARNING  | [ANOMALY] Price spike detected: EURGBP-OTC 2026-07-28 18:50:00 change: -0.0010
2026-07-29 06:18:03,539 | WARNING  | [ANOMALY] Price spike detected: EURGBP 2026-07-28 20:35:00 change: -0.0001
2026-07-29 06:18:03,539 | WARNING  | [ANOMALY] Price spike detected: GBPUSD-OTC 2026-07-28 17:40:00 change: 0.0007
2026-07-29 06:18:03,539 | WARNING  | [ANOMALY] Price spike detected: EURUSD 2026-07-28 22:40:00 change: 0.0000
2026-07-29 06:18:03,539 | WARNING  | [ANOMALY] Price spike detected: EURGBP-OTC 2026-07-28 18:55:00 change: -0.0005
2026-07-29 06:18:03,539 | WARNING  | [ANOMALY] Price spike detected: EURGBP 2026-07-28 20:40:00 change: 0.0000
2026-07-29 06:18:03,540 | WARNING  | [ANOMALY] Price spike detected: GBPUSD-OTC 2026-07-28 17:45:00 change: 0.0005
2026-07-29 06:18:03,540 | WARNING  | [ANOMALY] Price spike detected: EURUSD 2026-07-28 22:45:00 change: -0.0000
2026-07-29 06:18:03,540 | WARNING  | [ANOMALY] Price spike detected: EURGBP-OTC 2026-07-28 19:00:00 change: 0.0003
2026-07-29 06:18:03,540 | WARNING  | [ANOMALY] Price spike detected: EURGBP 2026-07-28 20:45:00 change: 0.0001
2026-07-29 06:18:03,540 | WARNING  | [ANOMALY] Price spike detected: GBPUSD-OTC 2026-07-28 17:50:00 change: 0.0002
2026-07-29 06:18:03,540 | WARNING  | [ANOMALY] Price spike detected: EURUSD 2026-07-28 23:00:00 change: -0.0001
2026-07-29 06:18:03,541 | WARNING  | [ANOMALY] Price spike detected: EURGBP-OTC 2026-07-28 19:05:00 change: -0.0004
2026-07-29 06:18:03,541 | WARNING  | [ANOMALY] Price spike detected: EURGBP 2026-07-28 20:50:00 change: 0.0000
2026-07-29 06:18:03,541 | WARNING  | [ANOMALY] Price spike detected: GBPUSD-OTC 2026-07-28 18:00:00 change: -0.0010
2026-07-29 06:18:03,541 | WARNING  | [ANOMALY] Price spike detected: EURUSD 2026-07-28 23:05:00 change: -0.0002
2026-07-29 06:18:03,541 | WARNING  | [ANOMALY] Price spike detected: EURGBP-OTC 2026-07-28 19:10:00 change: 0.0002
2026-07-29 06:18:03,542 | WARNING  | [ANOMALY] Price spike detected: EURGBP 2026-07-28 20:55:00 change: -0.0002
2026-07-29 06:18:03,542 | WARNING  | [ANOMALY] Price spike detected: GBPUSD-OTC 2026-07-28 18:05:00 change: -0.0010
2026-07-29 06:18:03,542 | WARNING  | [ANOMALY] Price spike detected: EURUSD 2026-07-28 23:10:00 change: 0.0002
2026-07-29 06:18:03,542 | WARNING  | [ANOMALY] Price spike detected: EURGBP-OTC 2026-07-28 19:15:00 change: -0.0003
2026-07-29 06:18:03,542 | WARNING  | [ANOMALY] Price spike detected: EURGBP 2026-07-28 21:00:00 change: 0.0001
2026-07-29 06:18:03,542 | WARNING  | [ANOMALY] Price spike detected: GBPUSD-OTC 2026-07-28 18:15:00 change: -0.0005
2026-07-29 06:18:03,544 | WARNING  | [ANOMALY] Price spike detected: EURGBP-OTC 2026-07-28 19:25:00 change: 0.0003
2026-07-29 06:18:03,544 | WARNING  | [ANOMALY] Price spike detected: EURGBP 2026-07-28 21:05:00 change: 0.0002
2026-07-29 06:18:03,545 | WARNING  | [ANOMALY] Price spike detected: GBPUSD-OTC 2026-07-28 18:20:00 change: -0.0003
2026-07-29 06:18:03,546 | WARNING  | [ANOMALY] Price spike detected: EURGBP-OTC 2026-07-28 19:40:00 change: -0.0012
2026-07-29 06:18:03,547 | WARNING  | [ANOMALY] Price spike detected: EURGBP 2026-07-28 21:10:00 change: -0.0001
2026-07-29 06:18:03,547 | WARNING  | [ANOMALY] Price spike detected: GBPUSD-OTC 2026-07-28 18:25:00 change: -0.0004
2026-07-29 06:18:03,547 | WARNING  | [ANOMALY] Price spike detected: EURGBP-OTC 2026-07-28 19:45:00 change: -0.0004
2026-07-29 06:18:03,548 | WARNING  | [ANOMALY] Price spike detected: EURGBP 2026-07-28 21:15:00 change: -0.0001
2026-07-29 06:18:03,553 | WARNING  | [ANOMALY] Total anomalies detected: EURUSD 197
2026-07-29 06:18:03,553 | WARNING  | [ANOMALY] Price spike detected: GBPUSD-OTC 2026-07-28 18:30:00 change: -0.0003
2026-07-29 06:18:03,553 | WARNING  | [ANOMALY] Price spike detected: EURGBP-OTC 2026-07-28 19:50:00 change: 0.0005
2026-07-29 06:18:03,554 | WARNING  | [ANOMALY] Price spike detected: EURGBP 2026-07-28 21:20:00 change: 0.0001
2026-07-29 06:18:03,554 | ERROR    | [ANOMALY] Excessive anomalies threshold exceeded: 4544
2026-07-29 06:18:03,554 | WARNING  | [ANOMALY] Price spike detected: GBPUSD-OTC 2026-07-28 18:35:00 change: -0.0003
2026-07-29 06:18:03,554 | WARNING  | [ANOMALY] Price spike detected: EURGBP-OTC 2026-07-28 19:55:00 change: -0.0002
2026-07-29 06:18:03,554 | WARNING  | [ANOMALY] Price spike detected: EURGBP 2026-07-28 21:25:00 change: 0.0000
2026-07-29 06:18:03,554 | INFO     | [DataAdapter] M5 anomaly detection completed for EURUSD
2026-07-29 06:18:03,555 | WARNING  | [ANOMALY] Price spike detected: GBPUSD-OTC 2026-07-28 18:40:00 change: 0.0006
2026-07-29 06:18:03,555 | WARNING  | [ANOMALY] Price spike detected: EURGBP-OTC 2026-07-28 20:00:00 change: 0.0006
2026-07-29 06:18:03,555 | WARNING  | [ANOMALY] Price spike detected: EURGBP 2026-07-28 21:35:00 change: 0.0001
2026-07-29 06:18:03,555 | INFO     | [DataAdapter] M5 data refresh completed for EURUSD
2026-07-29 06:18:03,555 | WARNING  | [ANOMALY] Price spike detected: GBPUSD-OTC 2026-07-28 18:45:00 change: 0.0005
2026-07-29 06:18:03,555 | WARNING  | [ANOMALY] Price spike detected: EURGBP-OTC 2026-07-28 20:05:00 change: -0.0007
2026-07-29 06:18:03,556 | WARNING  | [ANOMALY] Price spike detected: EURGBP 2026-07-28 21:40:00 change: 0.0000
2026-07-29 06:18:03,556 | INFO     | [DataAdapter] Refreshing M15 data for EURUSD
2026-07-29 06:18:03,556 | WARNING  | [ANOMALY] Price spike detected: GBPUSD-OTC 2026-07-28 18:50:00 change: 0.0013
2026-07-29 06:18:03,556 | WARNING  | [ANOMALY] Price spike detected: EURGBP-OTC 2026-07-28 20:10:00 change: 0.0005
2026-07-29 06:18:03,556 | WARNING  | [ANOMALY] Price spike detected: EURGBP 2026-07-28 21:50:00 change: -0.0000
2026-07-29 06:18:03,559 | WARNING  | [ANOMALY] Price spike detected: EURUSD 2026-07-28 12:15:00 change: -0.0002
2026-07-29 06:18:03,559 | WARNING  | [ANOMALY] Price spike detected: GBPUSD-OTC 2026-07-28 18:55:00 change: 0.0009
2026-07-29 06:18:03,559 | WARNING  | [ANOMALY] Price spike detected: EURGBP-OTC 2026-07-28 20:20:00 change: -0.0005
2026-07-29 06:18:03,559 | WARNING  | [ANOMALY] Price spike detected: EURGBP 2026-07-28 22:05:00 change: -0.0000
2026-07-29 06:18:03,559 | WARNING  | [ANOMALY] Price spike detected: EURUSD 2026-07-28 12:30:00 change: 0.0002
2026-07-29 06:18:03,559 | WARNING  | [ANOMALY] Price spike detected: GBPUSD-OTC 2026-07-28 19:00:00 change: 0.0004
2026-07-29 06:18:03,560 | WARNING  | [ANOMALY] Price spike detected: EURGBP-OTC 2026-07-28 20:25:00 change: 0.0002
2026-07-29 06:18:03,560 | WARNING  | [ANOMALY] Price spike detected: EURGBP 2026-07-28 22:15:00 change: -0.0001
2026-07-29 06:18:03,560 | WARNING  | [ANOMALY] Price spike detected: EURUSD 2026-07-28 12:45:00 change: 0.0001
2026-07-29 06:18:03,560 | WARNING  | [ANOMALY] Price spike detected: GBPUSD-OTC 2026-07-28 19:10:00 change: -0.0010
2026-07-29 06:18:03,560 | WARNING  | [ANOMALY] Price spike detected: EURGBP-OTC 2026-07-28 20:30:00 change: 0.0007
2026-07-29 06:18:03,561 | WARNING  | [ANOMALY] Price spike detected: EURGBP 2026-07-28 22:20:00 change: 0.0000
2026-07-29 06:18:03,561 | WARNING  | [ANOMALY] Price spike detected: EURUSD 2026-07-28 13:00:00 change: 0.0001
2026-07-29 06:18:03,561 | WARNING  | [ANOMALY] Price spike detected: GBPUSD-OTC 2026-07-28 19:20:00 change: 0.0006
2026-07-29 06:18:03,561 | WARNING  | [ANOMALY] Price spike detected: EURGBP-OTC 2026-07-28 20:35:00 change: 0.0006
2026-07-29 06:18:03,561 | WARNING  | [ANOMALY] Price spike detected: EURGBP 2026-07-28 22:30:00 change: 0.0001
2026-07-29 06:18:03,562 | WARNING  | [ANOMALY] Price spike detected: EURUSD 2026-07-28 13:30:00 change: 0.0002
2026-07-29 06:18:03,562 | WARNING  | [ANOMALY] Price spike detected: GBPUSD-OTC 2026-07-28 19:25:00 change: -0.0010
2026-07-29 06:18:03,562 | WARNING  | [ANOMALY] Price spike detected: EURGBP-OTC 2026-07-28 20:40:00 change: -0.0009
2026-07-29 06:18:03,562 | WARNING  | [ANOMALY] Price spike detected: EURGBP 2026-07-28 22:40:00 change: 0.0000
2026-07-29 06:18:03,562 | WARNING  | [ANOMALY] Price spike detected: EURUSD 2026-07-28 13:45:00 change: 0.0003
2026-07-29 06:18:03,562 | WARNING  | [ANOMALY] Price spike detected: GBPUSD-OTC 2026-07-28 19:35:00 change: -0.0005
2026-07-29 06:18:03,563 | WARNING  | [ANOMALY] Price spike detected: EURGBP-OTC 2026-07-28 20:50:00 change: 0.0007
2026-07-29 06:18:03,563 | WARNING  | [ANOMALY] Price spike detected: EURGBP 2026-07-28 22:50:00 change: -0.0000
2026-07-29 06:18:03,563 | WARNING  | [ANOMALY] Price spike detected: EURUSD 2026-07-28 14:00:00 change: 0.0001
2026-07-29 06:18:03,563 | WARNING  | [ANOMALY] Price spike detected: GBPUSD-OTC 2026-07-28 19:40:00 change: -0.0004
2026-07-29 06:18:03,563 | WARNING  | [ANOMALY] Price spike detected: EURGBP-OTC 2026-07-28 21:00:00 change: -0.0012
2026-07-29 06:18:03,563 | WARNING  | [ANOMALY] Price spike detected: EURGBP 2026-07-28 23:05:00 change: 0.0000
2026-07-29 06:18:03,563 | WARNING  | [ANOMALY] Price spike detected: EURUSD 2026-07-28 14:15:00 change: 0.0004
2026-07-29 06:18:03,563 | WARNING  | [ANOMALY] Price spike detected: GBPUSD-OTC 2026-07-28 19:45:00 change: -0.0011
2026-07-29 06:18:03,563 | WARNING  | [ANOMALY] Price spike detected: EURGBP-OTC 2026-07-28 21:05:00 change: 0.0002
2026-07-29 06:18:03,564 | WARNING  | [ANOMALY] Price spike detected: EURGBP 2026-07-28 23:10:00 change: -0.0001
2026-07-29 06:18:03,564 | WARNING  | [ANOMALY] Price spike detected: EURUSD 2026-07-28 14:30:00 change: 0.0001
2026-07-29 06:18:03,564 | WARNING  | [ANOMALY] Price spike detected: GBPUSD-OTC 2026-07-28 19:50:00 change: 0.0003
2026-07-29 06:18:03,564 | WARNING  | [ANOMALY] Price spike detected: EURGBP-OTC 2026-07-28 21:10:00 change: 0.0003
2026-07-29 06:18:03,565 | WARNING  | [ANOMALY] Price spike detected: EURUSD 2026-07-28 14:45:00 change: 0.0006
2026-07-29 06:18:03,566 | WARNING  | [ANOMALY] Price spike detected: GBPUSD-OTC 2026-07-28 20:00:00 change: 0.0003
2026-07-29 06:18:03,566 | WARNING  | [ANOMALY] Price spike detected: EURGBP-OTC 2026-07-28 21:20:00 change: 0.0003
2026-07-29 06:18:03,566 | WARNING  | [ANOMALY] Price spike detected: EURUSD 2026-07-28 15:00:00 change: 0.0008
2026-07-29 06:18:03,568 | WARNING  | [ANOMALY] Price spike detected: GBPUSD-OTC 2026-07-28 20:05:00 change: -0.0006
2026-07-29 06:18:03,568 | WARNING  | [ANOMALY] Price spike detected: EURGBP-OTC 2026-07-28 21:25:00 change: -0.0006
2026-07-29 06:18:03,568 | WARNING  | [ANOMALY] Price spike detected: EURUSD 2026-07-28 15:15:00 change: 0.0001
2026-07-29 06:18:03,569 | WARNING  | [ANOMALY] Price spike detected: GBPUSD-OTC 2026-07-28 20:25:00 change: -0.0014
2026-07-29 06:18:03,570 | WARNING  | [ANOMALY] Price spike detected: EURGBP-OTC 2026-07-28 21:30:00 change: -0.0003
2026-07-29 06:18:03,574 | WARNING  | [ANOMALY] Total anomalies detected: EURGBP 190
2026-07-29 06:18:03,574 | WARNING  | [ANOMALY] Price spike detected: EURUSD 2026-07-28 15:30:00 change: 0.0005
2026-07-29 06:18:03,575 | WARNING  | [ANOMALY] Price spike detected: GBPUSD-OTC 2026-07-28 20:35:00 change: 0.0007
2026-07-29 06:18:03,575 | WARNING  | [ANOMALY] Price spike detected: EURGBP-OTC 2026-07-28 22:00:00 change: 0.0005
2026-07-29 06:18:03,575 | ERROR    | [ANOMALY] Excessive anomalies threshold exceeded: 4581
2026-07-29 06:18:03,575 | WARNING  | [ANOMALY] Price spike detected: EURUSD 2026-07-28 15:45:00 change: -0.0001
2026-07-29 06:18:03,576 | WARNING  | [ANOMALY] Price spike detected: GBPUSD-OTC 2026-07-28 20:40:00 change: 0.0011
2026-07-29 06:18:03,576 | WARNING  | [ANOMALY] Price spike detected: EURGBP-OTC 2026-07-28 22:05:00 change: 0.0008
2026-07-29 06:18:03,576 | INFO     | [DataAdapter] M5 anomaly detection completed for EURGBP
2026-07-29 06:18:03,576 | WARNING  | [ANOMALY] Price spike detected: EURUSD 2026-07-28 16:00:00 change: 0.0002
2026-07-29 06:18:03,576 | WARNING  | [ANOMALY] Price spike detected: GBPUSD-OTC 2026-07-28 20:45:00 change: 0.0006
2026-07-29 06:18:03,577 | WARNING  | [ANOMALY] Price spike detected: EURGBP-OTC 2026-07-28 22:10:00 change: -0.0002
2026-07-29 06:18:03,577 | INFO     | [DataAdapter] M5 data refresh completed for EURGBP
2026-07-29 06:18:03,577 | WARNING  | [ANOMALY] Price spike detected: EURUSD 2026-07-28 16:15:00 change: 0.0002
2026-07-29 06:18:03,577 | WARNING  | [ANOMALY] Price spike detected: GBPUSD-OTC 2026-07-28 20:50:00 change: 0.0004
2026-07-29 06:18:03,577 | WARNING  | [ANOMALY] Price spike detected: EURGBP-OTC 2026-07-28 22:15:00 change: -0.0003
2026-07-29 06:18:03,577 | INFO     | [DataAdapter] Refreshing M15 data for EURGBP
2026-07-29 06:18:03,578 | WARNING  | [ANOMALY] Price spike detected: EURUSD 2026-07-28 16:30:00 change: -0.0004
2026-07-29 06:18:03,578 | WARNING  | [ANOMALY] Price spike detected: GBPUSD-OTC 2026-07-28 20:55:00 change: 0.0007
2026-07-29 06:18:03,578 | WARNING  | [ANOMALY] Price spike detected: EURGBP-OTC 2026-07-28 22:35:00 change: -0.0006
2026-07-29 06:18:03,581 | WARNING  | [ANOMALY] Price spike detected: EURGBP 2026-07-28 12:15:00 change: -0.0002
2026-07-29 06:18:03,581 | WARNING  | [ANOMALY] Price spike detected: EURUSD 2026-07-28 16:45:00 change: -0.0004
2026-07-29 06:18:03,581 | WARNING  | [ANOMALY] Price spike detected: GBPUSD-OTC 2026-07-28 21:05:00 change: -0.0011
2026-07-29 06:18:03,581 | WARNING  | [ANOMALY] Price spike detected: EURGBP-OTC 2026-07-28 22:40:00 change: -0.0005
2026-07-29 06:18:03,582 | WARNING  | [ANOMALY] Price spike detected: EURGBP 2026-07-28 12:30:00 change: -0.0005
2026-07-29 06:18:03,582 | WARNING  | [ANOMALY] Price spike detected: EURUSD 2026-07-28 17:00:00 change: -0.0002
2026-07-29 06:18:03,582 | WARNING  | [ANOMALY] Price spike detected: GBPUSD-OTC 2026-07-28 21:10:00 change: 0.0005
2026-07-29 06:18:03,582 | WARNING  | [ANOMALY] Price spike detected: EURGBP-OTC 2026-07-28 22:45:00 change: 0.0001
2026-07-29 06:18:03,582 | WARNING  | [ANOMALY] Price spike detected: EURGBP 2026-07-28 12:45:00 change: -0.0002
2026-07-29 06:18:03,582 | WARNING  | [ANOMALY] Price spike detected: EURUSD 2026-07-28 17:15:00 change: -0.0001
2026-07-29 06:18:03,582 | WARNING  | [ANOMALY] Price spike detected: GBPUSD-OTC 2026-07-28 21:15:00 change: 0.0005
2026-07-29 06:18:03,582 | WARNING  | [ANOMALY] Price spike detected: EURGBP-OTC 2026-07-28 22:50:00 change: -0.0004
2026-07-29 06:18:03,584 | WARNING  | [ANOMALY] Price spike detected: EURGBP 2026-07-28 13:00:00 change: 0.0002
2026-07-29 06:18:03,584 | WARNING  | [ANOMALY] Price spike detected: EURUSD 2026-07-28 17:30:00 change: -0.0001
2026-07-29 06:18:03,584 | WARNING  | [ANOMALY] Price spike detected: GBPUSD-OTC 2026-07-28 21:20:00 change: -0.0011
2026-07-29 06:18:03,584 | WARNING  | [ANOMALY] Price spike detected: EURGBP-OTC 2026-07-28 23:00:00 change: 0.0005
2026-07-29 06:18:03,584 | WARNING  | [ANOMALY] Price spike detected: EURGBP 2026-07-28 13:30:00 change: 0.0001
2026-07-29 06:18:03,585 | WARNING  | [ANOMALY] Price spike detected: EURUSD 2026-07-28 17:45:00 change: -0.0002
2026-07-29 06:18:03,585 | WARNING  | [ANOMALY] Price spike detected: GBPUSD-OTC 2026-07-28 21:25:00 change: 0.0008
2026-07-29 06:18:03,585 | WARNING  | [ANOMALY] Price spike detected: EURGBP-OTC 2026-07-28 23:05:00 change: 0.0002
2026-07-29 06:18:03,585 | WARNING  | [ANOMALY] Price spike detected: EURGBP 2026-07-28 14:00:00 change: 0.0006
2026-07-29 06:18:03,585 | WARNING  | [ANOMALY] Price spike detected: EURUSD 2026-07-28 18:15:00 change: -0.0001
2026-07-29 06:18:03,586 | WARNING  | [ANOMALY] Price spike detected: GBPUSD-OTC 2026-07-28 21:30:00 change: -0.0008
2026-07-29 06:18:03,586 | WARNING  | [ANOMALY] Price spike detected: EURGBP-OTC 2026-07-28 23:10:00 change: 0.0008
2026-07-29 06:18:03,586 | WARNING  | [ANOMALY] Price spike detected: EURGBP 2026-07-28 14:15:00 change: 0.0003
2026-07-29 06:18:03,586 | WARNING  | [ANOMALY] Price spike detected: EURUSD 2026-07-28 18:45:00 change: -0.0001
2026-07-29 06:18:03,586 | WARNING  | [ANOMALY] Price spike detected: GBPUSD-OTC 2026-07-28 21:35:00 change: 0.0003
2026-07-29 06:18:03,588 | WARNING  | [ANOMALY] Price spike detected: EURGBP 2026-07-28 14:30:00 change: 0.0003
2026-07-29 06:18:03,588 | WARNING  | [ANOMALY] Price spike detected: EURUSD 2026-07-28 19:00:00 change: 0.0001
2026-07-29 06:18:03,588 | WARNING  | [ANOMALY] Price spike detected: GBPUSD-OTC 2026-07-28 21:40:00 change: 0.0005
2026-07-29 06:18:03,590 | WARNING  | [ANOMALY] Price spike detected: EURGBP 2026-07-28 14:45:00 change: 0.0008
2026-07-29 06:18:03,590 | WARNING  | [ANOMALY] Price spike detected: EURUSD 2026-07-28 19:30:00 change: 0.0001
2026-07-29 06:18:03,591 | WARNING  | [ANOMALY] Price spike detected: GBPUSD-OTC 2026-07-28 21:50:00 change: 0.0002
2026-07-29 06:18:03,595 | WARNING  | [ANOMALY] Total anomalies detected: EURGBP-OTC 181
2026-07-29 06:18:03,595 | WARNING  | [ANOMALY] Price spike detected: EURGBP 2026-07-28 16:00:00 change: 0.0003
2026-07-29 06:18:03,595 | WARNING  | [ANOMALY] Price spike detected: EURUSD 2026-07-28 19:45:00 change: -0.0002
2026-07-29 06:18:03,595 | WARNING  | [ANOMALY] Price spike detected: GBPUSD-OTC 2026-07-28 21:55:00 change: 0.0007
2026-07-29 06:18:03,596 | ERROR    | [ANOMALY] Excessive anomalies threshold exceeded: 4609
2026-07-29 06:18:03,596 | WARNING  | [ANOMALY] Price spike detected: EURGBP 2026-07-28 16:15:00 change: 0.0001
2026-07-29 06:18:03,596 | WARNING  | [ANOMALY] Price spike detected: EURUSD 2026-07-28 20:00:00 change: 0.0001
2026-07-29 06:18:03,596 | WARNING  | [ANOMALY] Price spike detected: GBPUSD-OTC 2026-07-28 22:00:00 change: 0.0008
2026-07-29 06:18:03,596 | INFO     | [DataAdapter] M5 anomaly detection completed for EURGBP-OTC
2026-07-29 06:18:03,596 | WARNING  | [ANOMALY] Price spike detected: EURGBP 2026-07-28 16:30:00 change: -0.0002
2026-07-29 06:18:03,597 | WARNING  | [ANOMALY] Price spike detected: EURUSD 2026-07-28 20:15:00 change: -0.0002
2026-07-29 06:18:03,597 | WARNING  | [ANOMALY] Price spike detected: GBPUSD-OTC 2026-07-28 22:05:00 change: -0.0003
2026-07-29 06:18:03,597 | INFO     | [DataAdapter] M5 data refresh completed for EURGBP-OTC
2026-07-29 06:18:03,597 | WARNING  | [ANOMALY] Price spike detected: EURGBP 2026-07-28 16:45:00 change: -0.0001
2026-07-29 06:18:03,597 | WARNING  | [ANOMALY] Price spike detected: EURUSD 2026-07-28 20:30:00 change: 0.0001
2026-07-29 06:18:03,598 | WARNING  | [ANOMALY] Price spike detected: GBPUSD-OTC 2026-07-28 22:10:00 change: -0.0003
2026-07-29 06:18:03,598 | INFO     | [DataAdapter] Refreshing M15 data for EURGBP-OTC
2026-07-29 06:18:03,598 | WARNING  | [ANOMALY] Price spike detected: EURGBP 2026-07-28 17:30:00 change: 0.0002
2026-07-29 06:18:03,598 | WARNING  | [ANOMALY] Price spike detected: EURUSD 2026-07-28 20:45:00 change: -0.0001
2026-07-29 06:18:03,599 | WARNING  | [ANOMALY] Price spike detected: GBPUSD-OTC 2026-07-28 22:20:00 change: -0.0004
2026-07-29 06:18:03,601 | WARNING  | [ANOMALY] Price spike detected: EURGBP-OTC 2026-07-28 12:15:00 change: 0.0009
2026-07-29 06:18:03,601 | WARNING  | [ANOMALY] Price spike detected: EURGBP 2026-07-28 18:00:00 change: 0.0001
2026-07-29 06:18:03,601 | WARNING  | [ANOMALY] Price spike detected: EURUSD 2026-07-28 21:00:00 change: 0.0004
2026-07-29 06:18:03,601 | WARNING  | [ANOMALY] Price spike detected: GBPUSD-OTC 2026-07-28 22:25:00 change: 0.0004
2026-07-29 06:18:03,602 | WARNING  | [ANOMALY] Price spike detected: EURGBP-OTC 2026-07-28 12:45:00 change: -0.0008
2026-07-29 06:18:03,602 | WARNING  | [ANOMALY] Price spike detected: EURGBP 2026-07-28 18:15:00 change: 0.0001
2026-07-29 06:18:03,602 | WARNING  | [ANOMALY] Price spike detected: EURUSD 2026-07-28 21:30:00 change: 0.0001
2026-07-29 06:18:03,602 | WARNING  | [ANOMALY] Price spike detected: GBPUSD-OTC 2026-07-28 22:35:00 change: -0.0008
2026-07-29 06:18:03,602 | WARNING  | [ANOMALY] Price spike detected: EURGBP-OTC 2026-07-28 13:00:00 change: 0.0009
2026-07-29 06:18:03,602 | WARNING  | [ANOMALY] Price spike detected: EURGBP 2026-07-28 18:30:00 change: -0.0002
2026-07-29 06:18:03,603 | WARNING  | [ANOMALY] Price spike detected: EURUSD 2026-07-28 21:45:00 change: -0.0002
2026-07-29 06:18:03,603 | WARNING  | [ANOMALY] Price spike detected: GBPUSD-OTC 2026-07-28 22:40:00 change: -0.0011
2026-07-29 06:18:03,603 | WARNING  | [ANOMALY] Price spike detected: EURGBP-OTC 2026-07-28 13:15:00 change: -0.0004
2026-07-29 06:18:03,603 | WARNING  | [ANOMALY] Price spike detected: EURGBP 2026-07-28 19:15:00 change: 0.0001
2026-07-29 06:18:03,603 | WARNING  | [ANOMALY] Price spike detected: EURUSD 2026-07-28 22:00:00 change: -0.0002
2026-07-29 06:18:03,604 | WARNING  | [ANOMALY] Price spike detected: GBPUSD-OTC 2026-07-28 22:45:00 change: 0.0008
2026-07-29 06:18:03,604 | WARNING  | [ANOMALY] Price spike detected: EURGBP-OTC 2026-07-28 13:45:00 change: 0.0010
2026-07-29 06:18:03,604 | WARNING  | [ANOMALY] Price spike detected: EURGBP 2026-07-28 19:45:00 change: 0.0000
2026-07-29 06:18:03,604 | WARNING  | [ANOMALY] Price spike detected: EURUSD 2026-07-28 22:15:00 change: -0.0003
2026-07-29 06:18:03,604 | WARNING  | [ANOMALY] Price spike detected: GBPUSD-OTC 2026-07-28 23:05:00 change: 0.0002
2026-07-29 06:18:03,604 | WARNING  | [ANOMALY] Price spike detected: EURGBP-OTC 2026-07-28 14:00:00 change: -0.0010
2026-07-29 06:18:03,605 | WARNING  | [ANOMALY] Price spike detected: EURGBP 2026-07-28 20:00:00 change: -0.0001
2026-07-29 06:18:03,605 | WARNING  | [ANOMALY] Price spike detected: EURUSD 2026-07-28 23:00:00 change: -0.0001
2026-07-29 06:18:03,605 | WARNING  | [ANOMALY] Price spike detected: GBPUSD-OTC 2026-07-28 23:10:00 change: -0.0005
2026-07-29 06:18:03,605 | WARNING  | [ANOMALY] Price spike detected: EURGBP-OTC 2026-07-28 14:15:00 change: 0.0007
2026-07-29 06:18:03,605 | WARNING  | [ANOMALY] Price spike detected: EURGBP 2026-07-28 20:30:00 change: 0.0000
2026-07-29 06:18:03,608 | WARNING  | [ANOMALY] Price spike detected: EURGBP-OTC 2026-07-28 14:30:00 change: 0.0009
2026-07-29 06:18:03,608 | WARNING  | [ANOMALY] Price spike detected: EURGBP 2026-07-28 20:45:00 change: -0.0001
2026-07-29 06:18:03,608 | WARNING  | [ANOMALY] Price spike detected: EURGBP-OTC 2026-07-28 14:45:00 change: 0.0004
2026-07-29 06:18:03,609 | WARNING  | [ANOMALY] Price spike detected: EURGBP 2026-07-28 21:00:00 change: 0.0001
2026-07-29 06:18:03,612 | WARNING  | [ANOMALY] Price spike detected: EURGBP-OTC 2026-07-28 15:00:00 change: -0.0013
2026-07-29 06:18:03,619 | WARNING  | [ANOMALY] Total anomalies detected: EURUSD 37
2026-07-29 06:18:03,620 | WARNING  | [ANOMALY] Price spike detected: EURGBP 2026-07-28 21:30:00 change: 0.0001
2026-07-29 06:18:03,620 | WARNING  | [ANOMALY] Price spike detected: EURGBP-OTC 2026-07-28 15:15:00 change: -0.0011
2026-07-29 06:18:03,620 | ERROR    | [ANOMALY] Excessive anomalies threshold exceeded: 4644
2026-07-29 06:18:03,625 | WARNING  | [ANOMALY] Total anomalies detected: GBPUSD-OTC 196
2026-07-29 06:18:03,625 | WARNING  | [ANOMALY] Price spike detected: EURGBP 2026-07-28 22:00:00 change: -0.0000
2026-07-29 06:18:03,625 | WARNING  | [ANOMALY] Price spike detected: EURGBP-OTC 2026-07-28 16:15:00 change: -0.0011
2026-07-29 06:18:03,625 | INFO     | [DataAdapter] M15 anomaly detection completed for EURUSD
2026-07-29 06:18:03,625 | ERROR    | [ANOMALY] Excessive anomalies threshold exceeded: 4644
2026-07-29 06:18:03,626 | WARNING  | [ANOMALY] Price spike detected: EURGBP 2026-07-28 22:30:00 change: 0.0001
2026-07-29 06:18:03,626 | WARNING  | [ANOMALY] Price spike detected: EURGBP-OTC 2026-07-28 16:30:00 change: -0.0008
2026-07-29 06:18:03,626 | INFO     | [DataAdapter] M15 data refresh completed for EURUSD
2026-07-29 06:18:03,626 | INFO     | [DataAdapter] M5 anomaly detection completed for GBPUSD-OTC
2026-07-29 06:18:03,626 | WARNING  | [ANOMALY] Price spike detected: EURGBP 2026-07-28 22:45:00 change: -0.0000
2026-07-29 06:18:03,626 | WARNING  | [ANOMALY] Price spike detected: EURGBP-OTC 2026-07-28 16:45:00 change: -0.0014
2026-07-29 06:18:03,627 | INFO     | [DataAdapter] Anomaly statistics for EURUSD: {'total_calls': 16, 'response_times': [0.8445141315460205, 1.0909359455108643, 0.9525554180145264, 0.963559627532959, 0.9220683574676514, 0.715965986251831, 0.4042336940765381, 0.10851430892944336, 0.7005531787872314, 0.4905996322631836, 0.28547239303588867, 0.1288316249847412, 0.75014328956604, 0.5706212520599365, 0.2901754379272461, 0.13802480697631836], 'spike_count': 4644, 'zero_volume_count': 0, 'impossible_candle_count': 0, 'consecutive_anomalies': 4644, 'avg_response_time': np.float64(0.5847980678081512), 'max_response_time': np.float64(1.0909359455108643), 'min_response_time': np.float64(0.10851430892944336)}
2026-07-29 06:18:03,627 | INFO     | [DataAdapter] M5 data refresh completed for GBPUSD-OTC
2026-07-29 06:18:03,627 | WARNING  | [ANOMALY] Price spike detected: EURGBP 2026-07-28 23:00:00 change: -0.0000
2026-07-29 06:18:03,627 | WARNING  | [ANOMALY] Price spike detected: EURGBP-OTC 2026-07-28 17:00:00 change: 0.0004
2026-07-29 06:18:03,627 | INFO     | [DataAdapter] Refreshing M15 data for GBPUSD-OTC
2026-07-29 06:18:03,628 | WARNING  | [ANOMALY] Price spike detected: EURGBP-OTC 2026-07-28 17:15:00 change: 0.0009
2026-07-29 06:18:03,632 | WARNING  | [ANOMALY] Price spike detected: GBPUSD-OTC 2026-07-28 12:15:00 change: 0.0009
2026-07-29 06:18:03,632 | WARNING  | [ANOMALY] Price spike detected: EURGBP-OTC 2026-07-28 17:30:00 change: 0.0006
2026-07-29 06:18:03,633 | WARNING  | [ANOMALY] Price spike detected: GBPUSD-OTC 2026-07-28 12:30:00 change: 0.0008
2026-07-29 06:18:03,633 | WARNING  | [ANOMALY] Price spike detected: EURGBP-OTC 2026-07-28 17:45:00 change: 0.0019
2026-07-29 06:18:03,638 | WARNING  | [ANOMALY] Price spike detected: GBPUSD-OTC 2026-07-28 12:45:00 change: -0.0024
2026-07-29 06:18:03,639 | WARNING  | [ANOMALY] Total anomalies detected: EURGBP 28
2026-07-29 06:18:03,640 | WARNING  | [ANOMALY] Price spike detected: EURGBP-OTC 2026-07-28 18:00:00 change: 0.0006
2026-07-29 06:18:03,640 | WARNING  | [ANOMALY] Price spike detected: GBPUSD-OTC 2026-07-28 13:00:00 change: 0.0018
2026-07-29 06:18:03,640 | ERROR    | [ANOMALY] Excessive anomalies threshold exceeded: 4675
2026-07-29 06:18:03,640 | WARNING  | [ANOMALY] Price spike detected: EURGBP-OTC 2026-07-28 18:15:00 change: 0.0006
2026-07-29 06:18:03,641 | WARNING  | [ANOMALY] Price spike detected: GBPUSD-OTC 2026-07-28 13:15:00 change: 0.0006
2026-07-29 06:18:03,641 | INFO     | [DataAdapter] M15 anomaly detection completed for EURGBP
2026-07-29 06:18:03,641 | WARNING  | [ANOMALY] Price spike detected: EURGBP-OTC 2026-07-28 18:30:00 change: 0.0012
2026-07-29 06:18:03,642 | WARNING  | [ANOMALY] Price spike detected: GBPUSD-OTC 2026-07-28 13:30:00 change: 0.0023
2026-07-29 06:18:03,642 | INFO     | [DataAdapter] M15 data refresh completed for EURGBP
2026-07-29 06:18:03,642 | WARNING  | [ANOMALY] Price spike detected: EURGBP-OTC 2026-07-28 18:45:00 change: -0.0008
2026-07-29 06:18:03,642 | WARNING  | [ANOMALY] Price spike detected: GBPUSD-OTC 2026-07-28 14:00:00 change: 0.0018
2026-07-29 06:18:03,643 | INFO     | [DataAdapter] Anomaly statistics for EURGBP: {'total_calls': 16, 'response_times': [0.8445141315460205, 1.0909359455108643, 0.9525554180145264, 0.963559627532959, 0.9220683574676514, 0.715965986251831, 0.4042336940765381, 0.10851430892944336, 0.7005531787872314, 0.4905996322631836, 0.28547239303588867, 0.1288316249847412, 0.75014328956604, 0.5706212520599365, 0.2901754379272461, 0.13802480697631836], 'spike_count': 4675, 'zero_volume_count': 0, 'impossible_candle_count': 0, 'consecutive_anomalies': 4675, 'avg_response_time': np.float64(0.5847980678081512), 'max_response_time': np.float64(1.0909359455108643), 'min_response_time': np.float64(0.10851430892944336)}
2026-07-29 06:18:03,643 | WARNING  | [ANOMALY] Price spike detected: EURGBP-OTC 2026-07-28 19:30:00 change: -0.0011
2026-07-29 06:18:03,643 | WARNING  | [ANOMALY] Price spike detected: GBPUSD-OTC 2026-07-28 14:15:00 change: -0.0011
2026-07-29 06:18:03,644 | WARNING  | [ANOMALY] Price spike detected: EURGBP-OTC 2026-07-28 20:00:00 change: 0.0004
2026-07-29 06:18:03,644 | WARNING  | [ANOMALY] Price spike detected: GBPUSD-OTC 2026-07-28 14:30:00 change: 0.0016
2026-07-29 06:18:03,645 | WARNING  | [ANOMALY] Price spike detected: EURGBP-OTC 2026-07-28 20:15:00 change: -0.0004
2026-07-29 06:18:03,645 | WARNING  | [ANOMALY] Price spike detected: GBPUSD-OTC 2026-07-28 15:00:00 change: -0.0005
2026-07-29 06:18:03,645 | WARNING  | [ANOMALY] Price spike detected: EURGBP-OTC 2026-07-28 20:30:00 change: 0.0004
2026-07-29 06:18:03,645 | WARNING  | [ANOMALY] Price spike detected: GBPUSD-OTC 2026-07-28 15:30:00 change: -0.0008
2026-07-29 06:18:03,645 | WARNING  | [ANOMALY] Price spike detected: EURGBP-OTC 2026-07-28 20:45:00 change: 0.0007
2026-07-29 06:18:03,646 | WARNING  | [ANOMALY] Price spike detected: GBPUSD-OTC 2026-07-28 15:45:00 change: -0.0013
2026-07-29 06:18:03,646 | WARNING  | [ANOMALY] Price spike detected: EURGBP-OTC 2026-07-28 21:00:00 change: -0.0007
2026-07-29 06:18:03,646 | WARNING  | [ANOMALY] Price spike detected: GBPUSD-OTC 2026-07-28 16:15:00 change: -0.0014
2026-07-29 06:18:03,646 | WARNING  | [ANOMALY] Price spike detected: EURGBP-OTC 2026-07-28 21:15:00 change: -0.0004
2026-07-29 06:18:03,646 | WARNING  | [ANOMALY] Price spike detected: GBPUSD-OTC 2026-07-28 16:30:00 change: -0.0008
2026-07-29 06:18:03,647 | WARNING  | [ANOMALY] Price spike detected: EURGBP-OTC 2026-07-28 21:30:00 change: -0.0006
2026-07-29 06:18:03,647 | WARNING  | [ANOMALY] Price spike detected: GBPUSD-OTC 2026-07-28 16:45:00 change: 0.0009
2026-07-29 06:18:03,648 | WARNING  | [ANOMALY] Price spike detected: EURGBP-OTC 2026-07-28 22:00:00 change: 0.0010
2026-07-29 06:18:03,648 | WARNING  | [ANOMALY] Price spike detected: GBPUSD-OTC 2026-07-28 17:00:00 change: 0.0012
2026-07-29 06:18:03,648 | WARNING  | [ANOMALY] Price spike detected: EURGBP-OTC 2026-07-28 22:15:00 change: -0.0003
2026-07-29 06:18:03,648 | WARNING  | [ANOMALY] Price spike detected: GBPUSD-OTC 2026-07-28 17:15:00 change: 0.0008
2026-07-29 06:18:03,649 | WARNING  | [ANOMALY] Price spike detected: EURGBP-OTC 2026-07-28 22:30:00 change: -0.0010
2026-07-29 06:18:03,649 | WARNING  | [ANOMALY] Price spike detected: GBPUSD-OTC 2026-07-28 17:45:00 change: 0.0007
2026-07-29 06:18:03,649 | WARNING  | [ANOMALY] Price spike detected: EURGBP-OTC 2026-07-28 22:45:00 change: -0.0002
2026-07-29 06:18:03,649 | WARNING  | [ANOMALY] Price spike detected: GBPUSD-OTC 2026-07-28 18:00:00 change: -0.0018
2026-07-29 06:18:03,650 | WARNING  | [ANOMALY] Price spike detected: EURGBP-OTC 2026-07-28 23:00:00 change: 0.0015
2026-07-29 06:18:03,650 | WARNING  | [ANOMALY] Price spike detected: GBPUSD-OTC 2026-07-28 18:15:00 change: -0.0013
2026-07-29 06:18:03,652 | WARNING  | [ANOMALY] Price spike detected: GBPUSD-OTC 2026-07-28 18:45:00 change: 0.0026
2026-07-29 06:18:03,652 | WARNING  | [ANOMALY] Price spike detected: GBPUSD-OTC 2026-07-28 19:00:00 change: -0.0006
2026-07-29 06:18:03,652 | WARNING  | [ANOMALY] Price spike detected: GBPUSD-OTC 2026-07-28 19:30:00 change: -0.0011
2026-07-29 06:18:03,653 | WARNING  | [ANOMALY] Price spike detected: GBPUSD-OTC 2026-07-28 19:45:00 change: -0.0007
2026-07-29 06:18:03,654 | WARNING  | [ANOMALY] Price spike detected: GBPUSD-OTC 2026-07-28 20:15:00 change: -0.0014
2026-07-29 06:18:03,654 | WARNING  | [ANOMALY] Price spike detected: GBPUSD-OTC 2026-07-28 20:30:00 change: 0.0017
2026-07-29 06:18:03,655 | WARNING  | [ANOMALY] Price spike detected: GBPUSD-OTC 2026-07-28 20:45:00 change: 0.0016
2026-07-29 06:18:03,659 | WARNING  | [ANOMALY] Total anomalies detected: EURGBP-OTC 35
2026-07-29 06:18:03,660 | WARNING  | [ANOMALY] Price spike detected: GBPUSD-OTC 2026-07-28 21:00:00 change: -0.0006
2026-07-29 06:18:03,660 | ERROR    | [ANOMALY] Excessive anomalies threshold exceeded: 4675
2026-07-29 06:18:03,660 | WARNING  | [ANOMALY] Price spike detected: GBPUSD-OTC 2026-07-28 21:45:00 change: 0.0009
2026-07-29 06:18:03,660 | INFO     | [DataAdapter] M15 anomaly detection completed for EURGBP-OTC
2026-07-29 06:18:03,660 | WARNING  | [ANOMALY] Price spike detected: GBPUSD-OTC 2026-07-28 22:30:00 change: -0.0020
2026-07-29 06:18:03,660 | INFO     | [DataAdapter] M15 data refresh completed for EURGBP-OTC
2026-07-29 06:18:03,660 | WARNING  | [ANOMALY] Price spike detected: GBPUSD-OTC 2026-07-28 22:45:00 change: 0.0010
2026-07-29 06:18:03,661 | INFO     | [DataAdapter] Anomaly statistics for EURGBP-OTC: {'total_calls': 16, 'response_times': [0.8445141315460205, 1.0909359455108643, 0.9525554180145264, 0.963559627532959, 0.9220683574676514, 0.715965986251831, 0.4042336940765381, 0.10851430892944336, 0.7005531787872314, 0.4905996322631836, 0.28547239303588867, 0.1288316249847412, 0.75014328956604, 0.5706212520599365, 0.2901754379272461, 0.13802480697631836], 'spike_count': 4675, 'zero_volume_count': 0, 'impossible_candle_count': 0, 'consecutive_anomalies': 4675, 'avg_response_time': np.float64(0.5847980678081512), 'max_response_time': np.float64(1.0909359455108643), 'min_response_time': np.float64(0.10851430892944336)}
2026-07-29 06:18:03,672 | WARNING  | [ANOMALY] Total anomalies detected: GBPUSD-OTC 31
2026-07-29 06:18:03,672 | ERROR    | [ANOMALY] Excessive anomalies threshold exceeded: 4675
2026-07-29 06:18:03,673 | INFO     | [DataAdapter] M15 anomaly detection completed for GBPUSD-OTC
2026-07-29 06:18:03,673 | INFO     | [DataAdapter] M15 data refresh completed for GBPUSD-OTC
2026-07-29 06:18:03,673 | INFO     | [DataAdapter] Anomaly statistics for GBPUSD-OTC: {'total_calls': 16, 'response_times': [0.8445141315460205, 1.0909359455108643, 0.9525554180145264, 0.963559627532959, 0.9220683574676514, 0.715965986251831, 0.4042336940765381, 0.10851430892944336, 0.7005531787872314, 0.4905996322631836, 0.28547239303588867, 0.1288316249847412, 0.75014328956604, 0.5706212520599365, 0.2901754379272461, 0.13802480697631836], 'spike_count': 4675, 'zero_volume_count': 0, 'impossible_candle_count': 0, 'consecutive_anomalies': 4675, 'avg_response_time': np.float64(0.5847980678081512), 'max_response_time': np.float64(1.0909359455108643), 'min_response_time': np.float64(0.10851430892944336)}
2026-07-29 06:18:03,800 | ERROR    | [AnomalyDetector] Error during analysis: 'AnomalyDetector' object has no attribute 'analyze'
Traceback (most recent call last):
  File "E:\BOT_FINALBOT\FINALBOT_Begin\data_evaluate\orchestrator.py", line 689, in _run_supplementary_engines
    anom_res = self.anomaly_detector.analyze(df_m5)
               ^^^^^^^^^^^^^^^^^^^^^^^^^^^^^
AttributeError: 'AnomalyDetector' object has no attribute 'analyze'
2026-07-29 06:18:03,801 | ERROR    | Error running supplementary engines for EURUSD: 'AnomalyDetector' object has no attribute 'analyze'
Traceback (most recent call last):
  File "E:\BOT_FINALBOT\FINALBOT_Begin\data_evaluate\orchestrator.py", line 296, in process_cycle
    supp_engines = self._run_supplementary_engines(
                   ^^^^^^^^^^^^^^^^^^^^^^^^^^^^^^^^
  File "E:\BOT_FINALBOT\FINALBOT_Begin\data_evaluate\orchestrator.py", line 689, in _run_supplementary_engines
    anom_res = self.anomaly_detector.analyze(df_m5)
               ^^^^^^^^^^^^^^^^^^^^^^^^^^^^^
AttributeError: 'AnomalyDetector' object has no attribute 'analyze'
2026-07-29 06:18:03,803 | ERROR    | Orchestrator failed for EURUSD
Traceback (most recent call last):
  File "E:\BOT_FINALBOT\FINALBOT_Begin\runner.py", line 240, in run_cycle
    self.orchestrator.process_cycle(sym)
  File "E:\BOT_FINALBOT\FINALBOT_Begin\data_evaluate\orchestrator.py", line 296, in process_cycle
    supp_engines = self._run_supplementary_engines(
                   ^^^^^^^^^^^^^^^^^^^^^^^^^^^^^^^^
  File "E:\BOT_FINALBOT\FINALBOT_Begin\data_evaluate\orchestrator.py", line 689, in _run_supplementary_engines
    anom_res = self.anomaly_detector.analyze(df_m5)
               ^^^^^^^^^^^^^^^^^^^^^^^^^^^^^
AttributeError: 'AnomalyDetector' object has no attribute 'analyze'
2026-07-29 06:18:03,909 | ERROR    | [AnomalyDetector] Error during analysis: 'AnomalyDetector' object has no attribute 'analyze'
Traceback (most recent call last):
  File "E:\BOT_FINALBOT\FINALBOT_Begin\data_evaluate\orchestrator.py", line 689, in _run_supplementary_engines
    anom_res = self.anomaly_detector.analyze(df_m5)
               ^^^^^^^^^^^^^^^^^^^^^^^^^^^^^
AttributeError: 'AnomalyDetector' object has no attribute 'analyze'
2026-07-29 06:18:03,911 | ERROR    | Error running supplementary engines for EURGBP: 'AnomalyDetector' object has no attribute 'analyze'
Traceback (most recent call last):
  File "E:\BOT_FINALBOT\FINALBOT_Begin\data_evaluate\orchestrator.py", line 296, in process_cycle
    supp_engines = self._run_supplementary_engines(
                   ^^^^^^^^^^^^^^^^^^^^^^^^^^^^^^^^
  File "E:\BOT_FINALBOT\FINALBOT_Begin\data_evaluate\orchestrator.py", line 689, in _run_supplementary_engines
    anom_res = self.anomaly_detector.analyze(df_m5)
               ^^^^^^^^^^^^^^^^^^^^^^^^^^^^^
AttributeError: 'AnomalyDetector' object has no attribute 'analyze'
2026-07-29 06:18:03,912 | ERROR    | Orchestrator failed for EURGBP
Traceback (most recent call last):
  File "E:\BOT_FINALBOT\FINALBOT_Begin\runner.py", line 240, in run_cycle
    self.orchestrator.process_cycle(sym)
  File "E:\BOT_FINALBOT\FINALBOT_Begin\data_evaluate\orchestrator.py", line 296, in process_cycle
    supp_engines = self._run_supplementary_engines(
                   ^^^^^^^^^^^^^^^^^^^^^^^^^^^^^^^^
  File "E:\BOT_FINALBOT\FINALBOT_Begin\data_evaluate\orchestrator.py", line 689, in _run_supplementary_engines
    anom_res = self.anomaly_detector.analyze(df_m5)
               ^^^^^^^^^^^^^^^^^^^^^^^^^^^^^
AttributeError: 'AnomalyDetector' object has no attribute 'analyze'
2026-07-29 06:18:04,014 | ERROR    | [AnomalyDetector] Error during analysis: 'AnomalyDetector' object has no attribute 'analyze'
Traceback (most recent call last):
  File "E:\BOT_FINALBOT\FINALBOT_Begin\data_evaluate\orchestrator.py", line 689, in _run_supplementary_engines
    anom_res = self.anomaly_detector.analyze(df_m5)
               ^^^^^^^^^^^^^^^^^^^^^^^^^^^^^
AttributeError: 'AnomalyDetector' object has no attribute 'analyze'
2026-07-29 06:18:04,017 | ERROR    | Error running supplementary engines for GBPUSD-OTC: 'AnomalyDetector' object has no attribute 'analyze'
Traceback (most recent call last):
  File "E:\BOT_FINALBOT\FINALBOT_Begin\data_evaluate\orchestrator.py", line 296, in process_cycle
    supp_engines = self._run_supplementary_engines(
                   ^^^^^^^^^^^^^^^^^^^^^^^^^^^^^^^^
  File "E:\BOT_FINALBOT\FINALBOT_Begin\data_evaluate\orchestrator.py", line 689, in _run_supplementary_engines
    anom_res = self.anomaly_detector.analyze(df_m5)
               ^^^^^^^^^^^^^^^^^^^^^^^^^^^^^
AttributeError: 'AnomalyDetector' object has no attribute 'analyze'
2026-07-29 06:18:04,019 | ERROR    | Orchestrator failed for GBPUSD-OTC
Traceback (most recent call last):
  File "E:\BOT_FINALBOT\FINALBOT_Begin\runner.py", line 240, in run_cycle
    self.orchestrator.process_cycle(sym)
  File "E:\BOT_FINALBOT\FINALBOT_Begin\data_evaluate\orchestrator.py", line 296, in process_cycle
    supp_engines = self._run_supplementary_engines(
                   ^^^^^^^^^^^^^^^^^^^^^^^^^^^^^^^^
  File "E:\BOT_FINALBOT\FINALBOT_Begin\data_evaluate\orchestrator.py", line 689, in _run_supplementary_engines
    anom_res = self.anomaly_detector.analyze(df_m5)
               ^^^^^^^^^^^^^^^^^^^^^^^^^^^^^
AttributeError: 'AnomalyDetector' object has no attribute 'analyze'
2026-07-29 06:18:04,146 | ERROR    | [AnomalyDetector] Error during analysis: 'AnomalyDetector' object has no attribute 'analyze'
Traceback (most recent call last):
  File "E:\BOT_FINALBOT\FINALBOT_Begin\data_evaluate\orchestrator.py", line 689, in _run_supplementary_engines
    anom_res = self.anomaly_detector.analyze(df_m5)
               ^^^^^^^^^^^^^^^^^^^^^^^^^^^^^
AttributeError: 'AnomalyDetector' object has no attribute 'analyze'
2026-07-29 06:18:04,147 | ERROR    | Error running supplementary engines for EURGBP-OTC: 'AnomalyDetector' object has no attribute 'analyze'
Traceback (most recent call last):
  File "E:\BOT_FINALBOT\FINALBOT_Begin\data_evaluate\orchestrator.py", line 296, in process_cycle
    supp_engines = self._run_supplementary_engines(
                   ^^^^^^^^^^^^^^^^^^^^^^^^^^^^^^^^
  File "E:\BOT_FINALBOT\FINALBOT_Begin\data_evaluate\orchestrator.py", line 689, in _run_supplementary_engines
    anom_res = self.anomaly_detector.analyze(df_m5)
               ^^^^^^^^^^^^^^^^^^^^^^^^^^^^^
AttributeError: 'AnomalyDetector' object has no attribute 'analyze'
2026-07-29 06:18:04,149 | ERROR    | Orchestrator failed for EURGBP-OTC
Traceback (most recent call last):
  File "E:\BOT_FINALBOT\FINALBOT_Begin\runner.py", line 240, in run_cycle
    self.orchestrator.process_cycle(sym)
  File "E:\BOT_FINALBOT\FINALBOT_Begin\data_evaluate\orchestrator.py", line 296, in process_cycle
    supp_engines = self._run_supplementary_engines(
                   ^^^^^^^^^^^^^^^^^^^^^^^^^^^^^^^^
  File "E:\BOT_FINALBOT\FINALBOT_Begin\data_evaluate\orchestrator.py", line 689, in _run_supplementary_engines
    anom_res = self.anomaly_detector.analyze(df_m5)
               ^^^^^^^^^^^^^^^^^^^^^^^^^^^^^
AttributeError: 'AnomalyDetector' object has no attribute 'analyze'
2026-07-29 06:18:04,151 | INFO     | [EURUSD:1.13843][EURGBP:0.85701][GBPUSD-OTC:1.33272][EURGBP-OTC:0.85120] :: TOTAL=$1453.95
2026-07-29 06:18:30,790 | INFO     | [TIME SYNC] Server time offset: -1.9479999542236328 seconds
2026-07-29 06:18:30,790 | INFO     | Time Sync : -1.948s
2026-07-29 06:19:01,417 | INFO     | [DataAdapter] Starting update for EURUSD
2026-07-29 06:19:01,417 | INFO     | [DataAdapter] Refreshing M1 data for EURUSD
2026-07-29 06:19:01,417 | INFO     | [DataAdapter] Starting update for EURGBP
2026-07-29 06:19:01,417 | INFO     | [DataAdapter] Refreshing M1 data for EURGBP
2026-07-29 06:19:01,417 | INFO     | [DataAdapter] Starting update for GBPUSD-OTC
2026-07-29 06:19:01,418 | INFO     | [DataAdapter] Refreshing M1 data for GBPUSD-OTC
2026-07-29 06:19:01,418 | INFO     | [DataAdapter] Starting update for EURGBP-OTC
2026-07-29 06:19:01,418 | INFO     | [DataAdapter] Refreshing M1 data for EURGBP-OTC
2026-07-29 06:19:01,712 | INFO     | [IQOPTION] REST fetch succeeded for EURUSD: 3 candles
2026-07-29 06:19:01,763 | WARNING  | [ANOMALY] Price spike detected: EURUSD 2026-07-28 21:44:00 change: 0.0001
2026-07-29 06:19:01,775 | WARNING  | [ANOMALY] Price spike detected: EURUSD 2026-07-28 21:45:00 change: -0.0002
2026-07-29 06:19:01,791 | WARNING  | [ANOMALY] Price spike detected: EURUSD 2026-07-28 21:46:00 change: 0.0001
2026-07-29 06:19:01,806 | WARNING  | [ANOMALY] Price spike detected: EURUSD 2026-07-28 21:47:00 change: -0.0001
2026-07-29 06:19:01,822 | WARNING  | [ANOMALY] Price spike detected: EURUSD 2026-07-28 21:48:00 change: 0.0001
2026-07-29 06:19:01,822 | WARNING  | [ANOMALY] Price spike detected: EURUSD 2026-07-28 21:50:00 change: -0.0001
2026-07-29 06:19:01,822 | WARNING  | [ANOMALY] Price spike detected: EURUSD 2026-07-28 21:52:00 change: 0.0000
2026-07-29 06:19:01,838 | WARNING  | [ANOMALY] Price spike detected: EURUSD 2026-07-28 21:54:00 change: -0.0000
2026-07-29 06:19:01,839 | WARNING  | [ANOMALY] Price spike detected: EURUSD 2026-07-28 21:57:00 change: -0.0001
2026-07-29 06:19:01,854 | WARNING  | [ANOMALY] Price spike detected: EURUSD 2026-07-28 22:00:00 change: -0.0001
2026-07-29 06:19:01,870 | WARNING  | [ANOMALY] Price spike detected: EURUSD 2026-07-28 22:01:00 change: 0.0000
2026-07-29 06:19:01,885 | WARNING  | [ANOMALY] Price spike detected: EURUSD 2026-07-28 22:05:00 change: 0.0000
2026-07-29 06:19:01,900 | WARNING  | [ANOMALY] Price spike detected: EURUSD 2026-07-28 22:06:00 change: -0.0001
2026-07-29 06:19:01,916 | WARNING  | [ANOMALY] Price spike detected: EURUSD 2026-07-28 22:09:00 change: 0.0000
2026-07-29 06:19:01,932 | WARNING  | [ANOMALY] Price spike detected: EURUSD 2026-07-28 22:12:00 change: 0.0000
2026-07-29 06:19:01,947 | WARNING  | [ANOMALY] Price spike detected: EURUSD 2026-07-28 22:13:00 change: -0.0002
2026-07-29 06:19:01,978 | WARNING  | [ANOMALY] Price spike detected: EURUSD 2026-07-28 22:14:00 change: -0.0001
2026-07-29 06:19:01,979 | WARNING  | [ANOMALY] Price spike detected: EURUSD 2026-07-28 22:15:00 change: 0.0001
2026-07-29 06:19:01,979 | INFO     | [IQOPTION] REST fetch succeeded for EURGBP: 3 candles
2026-07-29 06:19:01,979 | WARNING  | [ANOMALY] Price spike detected: EURUSD 2026-07-28 22:16:00 change: -0.0001
2026-07-29 06:19:02,010 | WARNING  | [ANOMALY] Price spike detected: EURUSD 2026-07-28 22:18:00 change: -0.0000
2026-07-29 06:19:02,024 | WARNING  | [ANOMALY] Price spike detected: EURUSD 2026-07-28 22:19:00 change: -0.0000
2026-07-29 06:19:02,027 | WARNING  | [ANOMALY] Price spike detected: EURGBP 2026-07-28 21:44:00 change: 0.0000
2026-07-29 06:19:02,027 | WARNING  | [ANOMALY] Price spike detected: EURUSD 2026-07-28 22:20:00 change: -0.0001
2026-07-29 06:19:02,070 | WARNING  | [ANOMALY] Price spike detected: EURGBP 2026-07-28 21:45:00 change: -0.0001
2026-07-29 06:19:02,117 | WARNING  | [ANOMALY] Price spike detected: EURUSD 2026-07-28 22:22:00 change: -0.0001
2026-07-29 06:19:02,164 | WARNING  | [ANOMALY] Price spike detected: EURGBP 2026-07-28 21:46:00 change: 0.0001
2026-07-29 06:19:02,180 | WARNING  | [ANOMALY] Price spike detected: EURUSD 2026-07-28 22:23:00 change: -0.0000
2026-07-29 06:19:02,242 | WARNING  | [ANOMALY] Price spike detected: EURGBP 2026-07-28 21:47:00 change: -0.0001
2026-07-29 06:19:02,243 | INFO     | [IQOPTION] REST fetch succeeded for GBPUSD-OTC: 3 candles
2026-07-29 06:19:02,258 | WARNING  | [ANOMALY] Price spike detected: EURUSD 2026-07-28 22:26:00 change: 0.0001
2026-07-29 06:19:02,259 | WARNING  | [ANOMALY] Price spike detected: EURGBP 2026-07-28 21:48:00 change: 0.0001
2026-07-29 06:19:02,321 | WARNING  | [ANOMALY] Price spike detected: EURUSD 2026-07-28 22:27:00 change: -0.0000
2026-07-29 06:19:02,382 | WARNING  | [ANOMALY] Price spike detected: EURGBP 2026-07-28 21:50:00 change: -0.0001
2026-07-29 06:19:02,397 | WARNING  | [ANOMALY] Price spike detected: EURUSD 2026-07-28 22:28:00 change: -0.0000
2026-07-29 06:19:02,447 | WARNING  | [ANOMALY] Price spike detected: GBPUSD-OTC 2026-07-28 21:46:00 change: -0.0003
2026-07-29 06:19:02,474 | WARNING  | [ANOMALY] Price spike detected: EURGBP 2026-07-28 21:52:00 change: 0.0000
2026-07-29 06:19:02,474 | WARNING  | [ANOMALY] Price spike detected: EURUSD 2026-07-28 22:30:00 change: 0.0001
2026-07-29 06:19:02,521 | WARNING  | [ANOMALY] Price spike detected: GBPUSD-OTC 2026-07-28 21:47:00 change: 0.0003
2026-07-29 06:19:02,553 | WARNING  | [ANOMALY] Price spike detected: EURGBP 2026-07-28 21:57:00 change: 0.0000
2026-07-29 06:19:02,568 | WARNING  | [ANOMALY] Price spike detected: EURUSD 2026-07-28 22:31:00 change: 0.0000
2026-07-29 06:19:02,569 | INFO     | [IQOPTION] REST fetch succeeded for EURGBP-OTC: 3 candles
2026-07-29 06:19:02,569 | WARNING  | [ANOMALY] Price spike detected: GBPUSD-OTC 2026-07-28 21:48:00 change: -0.0001
2026-07-29 06:19:02,569 | WARNING  | [ANOMALY] Price spike detected: EURGBP 2026-07-28 21:58:00 change: -0.0000
2026-07-29 06:19:02,569 | WARNING  | [ANOMALY] Price spike detected: EURUSD 2026-07-28 22:32:00 change: -0.0000
2026-07-29 06:19:02,578 | WARNING  | [ANOMALY] Price spike detected: EURGBP-OTC 2026-07-28 21:44:00 change: -0.0002
2026-07-29 06:19:02,578 | WARNING  | [ANOMALY] Price spike detected: GBPUSD-OTC 2026-07-28 21:49:00 change: 0.0001
2026-07-29 06:19:02,578 | WARNING  | [ANOMALY] Price spike detected: EURGBP 2026-07-28 22:00:00 change: 0.0000
2026-07-29 06:19:02,578 | WARNING  | [ANOMALY] Price spike detected: EURUSD 2026-07-28 22:34:00 change: 0.0000
2026-07-29 06:19:02,579 | WARNING  | [ANOMALY] Price spike detected: EURGBP-OTC 2026-07-28 21:45:00 change: -0.0004
2026-07-29 06:19:02,579 | WARNING  | [ANOMALY] Price spike detected: GBPUSD-OTC 2026-07-28 21:50:00 change: 0.0001
2026-07-29 06:19:02,579 | WARNING  | [ANOMALY] Price spike detected: EURGBP 2026-07-28 22:01:00 change: 0.0000
2026-07-29 06:19:02,579 | WARNING  | [ANOMALY] Price spike detected: EURUSD 2026-07-28 22:35:00 change: -0.0001
2026-07-29 06:19:02,579 | WARNING  | [ANOMALY] Price spike detected: EURGBP-OTC 2026-07-28 21:46:00 change: 0.0004
2026-07-29 06:19:02,580 | WARNING  | [ANOMALY] Price spike detected: GBPUSD-OTC 2026-07-28 21:51:00 change: 0.0003
2026-07-29 06:19:02,580 | WARNING  | [ANOMALY] Price spike detected: EURGBP 2026-07-28 22:02:00 change: -0.0000
2026-07-29 06:19:02,580 | WARNING  | [ANOMALY] Price spike detected: EURUSD 2026-07-28 22:37:00 change: -0.0000
2026-07-29 06:19:02,580 | WARNING  | [ANOMALY] Price spike detected: EURGBP-OTC 2026-07-28 21:48:00 change: -0.0003
2026-07-29 06:19:02,580 | WARNING  | [ANOMALY] Price spike detected: GBPUSD-OTC 2026-07-28 21:53:00 change: -0.0003
2026-07-29 06:19:02,580 | WARNING  | [ANOMALY] Price spike detected: EURGBP 2026-07-28 22:05:00 change: -0.0000
2026-07-29 06:19:02,581 | WARNING  | [ANOMALY] Price spike detected: EURUSD 2026-07-28 22:38:00 change: -0.0000
2026-07-29 06:19:02,581 | WARNING  | [ANOMALY] Price spike detected: EURGBP-OTC 2026-07-28 21:49:00 change: 0.0003
2026-07-29 06:19:02,581 | WARNING  | [ANOMALY] Price spike detected: GBPUSD-OTC 2026-07-28 21:54:00 change: 0.0002
2026-07-29 06:19:02,581 | WARNING  | [ANOMALY] Price spike detected: EURGBP 2026-07-28 22:06:00 change: -0.0000
2026-07-29 06:19:02,581 | WARNING  | [ANOMALY] Price spike detected: EURUSD 2026-07-28 22:40:00 change: 0.0000
2026-07-29 06:19:02,581 | WARNING  | [ANOMALY] Price spike detected: EURGBP-OTC 2026-07-28 21:51:00 change: 0.0001
2026-07-29 06:19:02,582 | WARNING  | [ANOMALY] Price spike detected: GBPUSD-OTC 2026-07-28 21:55:00 change: 0.0006
2026-07-29 06:19:02,582 | WARNING  | [ANOMALY] Price spike detected: EURGBP 2026-07-28 22:07:00 change: -0.0000
2026-07-29 06:19:02,582 | WARNING  | [ANOMALY] Price spike detected: EURUSD 2026-07-28 22:41:00 change: -0.0000
2026-07-29 06:19:02,582 | WARNING  | [ANOMALY] Price spike detected: EURGBP-OTC 2026-07-28 21:52:00 change: -0.0002
2026-07-29 06:19:02,582 | WARNING  | [ANOMALY] Price spike detected: GBPUSD-OTC 2026-07-28 21:57:00 change: 0.0001
2026-07-29 06:19:02,582 | WARNING  | [ANOMALY] Price spike detected: EURGBP 2026-07-28 22:09:00 change: 0.0000
2026-07-29 06:19:02,582 | WARNING  | [ANOMALY] Price spike detected: EURUSD 2026-07-28 22:42:00 change: 0.0001
2026-07-29 06:19:02,583 | WARNING  | [ANOMALY] Price spike detected: EURGBP-OTC 2026-07-28 21:55:00 change: -0.0002
2026-07-29 06:19:02,583 | WARNING  | [ANOMALY] Price spike detected: GBPUSD-OTC 2026-07-28 21:58:00 change: 0.0002
2026-07-29 06:19:02,583 | WARNING  | [ANOMALY] Price spike detected: EURGBP 2026-07-28 22:10:00 change: -0.0000
2026-07-29 06:19:02,583 | WARNING  | [ANOMALY] Price spike detected: EURUSD 2026-07-28 22:45:00 change: -0.0000
2026-07-29 06:19:02,583 | WARNING  | [ANOMALY] Price spike detected: EURGBP-OTC 2026-07-28 21:56:00 change: 0.0001
2026-07-29 06:19:02,583 | WARNING  | [ANOMALY] Price spike detected: GBPUSD-OTC 2026-07-28 21:59:00 change: -0.0002
2026-07-29 06:19:02,583 | WARNING  | [ANOMALY] Price spike detected: EURGBP 2026-07-28 22:11:00 change: 0.0000
2026-07-29 06:19:02,583 | WARNING  | [ANOMALY] Price spike detected: EURUSD 2026-07-28 22:46:00 change: -0.0000
2026-07-29 06:19:02,583 | WARNING  | [ANOMALY] Price spike detected: EURGBP-OTC 2026-07-28 21:57:00 change: 0.0003
2026-07-29 06:19:02,584 | WARNING  | [ANOMALY] Price spike detected: GBPUSD-OTC 2026-07-28 22:01:00 change: -0.0004
2026-07-29 06:19:02,584 | WARNING  | [ANOMALY] Price spike detected: EURGBP 2026-07-28 22:12:00 change: 0.0000
2026-07-29 06:19:02,584 | WARNING  | [ANOMALY] Price spike detected: EURUSD 2026-07-28 22:47:00 change: 0.0000
2026-07-29 06:19:02,584 | WARNING  | [ANOMALY] Price spike detected: EURGBP-OTC 2026-07-28 21:58:00 change: -0.0005
2026-07-29 06:19:02,584 | WARNING  | [ANOMALY] Price spike detected: GBPUSD-OTC 2026-07-28 22:02:00 change: 0.0004
2026-07-29 06:19:02,585 | WARNING  | [ANOMALY] Price spike detected: EURGBP 2026-07-28 22:14:00 change: -0.0000
2026-07-29 06:19:02,585 | WARNING  | [ANOMALY] Price spike detected: EURUSD 2026-07-28 22:49:00 change: -0.0000
2026-07-29 06:19:02,585 | WARNING  | [ANOMALY] Price spike detected: EURGBP-OTC 2026-07-28 21:59:00 change: 0.0001
2026-07-29 06:19:02,585 | WARNING  | [ANOMALY] Price spike detected: GBPUSD-OTC 2026-07-28 22:03:00 change: 0.0004
2026-07-29 06:19:02,585 | WARNING  | [ANOMALY] Price spike detected: EURGBP 2026-07-28 22:16:00 change: -0.0000
2026-07-29 06:19:02,585 | WARNING  | [ANOMALY] Price spike detected: EURUSD 2026-07-28 22:50:00 change: -0.0000
2026-07-29 06:19:02,586 | WARNING  | [ANOMALY] Price spike detected: EURGBP-OTC 2026-07-28 22:03:00 change: 0.0005
2026-07-29 06:19:02,586 | WARNING  | [ANOMALY] Price spike detected: GBPUSD-OTC 2026-07-28 22:04:00 change: 0.0004
2026-07-29 06:19:02,586 | WARNING  | [ANOMALY] Price spike detected: EURGBP 2026-07-28 22:22:00 change: 0.0000
2026-07-29 06:19:02,586 | WARNING  | [ANOMALY] Price spike detected: EURUSD 2026-07-28 22:51:00 change: 0.0000
2026-07-29 06:19:02,586 | WARNING  | [ANOMALY] Price spike detected: EURGBP-OTC 2026-07-28 22:05:00 change: 0.0002
2026-07-29 06:19:02,586 | WARNING  | [ANOMALY] Price spike detected: GBPUSD-OTC 2026-07-28 22:06:00 change: -0.0002
2026-07-29 06:19:02,587 | WARNING  | [ANOMALY] Price spike detected: EURGBP 2026-07-28 22:23:00 change: 0.0000
2026-07-29 06:19:02,587 | WARNING  | [ANOMALY] Price spike detected: EURUSD 2026-07-28 22:52:00 change: 0.0000
2026-07-29 06:19:02,587 | WARNING  | [ANOMALY] Price spike detected: EURGBP-OTC 2026-07-28 22:07:00 change: 0.0003
2026-07-29 06:19:02,587 | WARNING  | [ANOMALY] Price spike detected: GBPUSD-OTC 2026-07-28 22:07:00 change: 0.0003
2026-07-29 06:19:02,587 | WARNING  | [ANOMALY] Price spike detected: EURGBP 2026-07-28 22:26:00 change: 0.0000
2026-07-29 06:19:02,587 | WARNING  | [ANOMALY] Price spike detected: EURUSD 2026-07-28 22:57:00 change: 0.0000
2026-07-29 06:19:02,588 | WARNING  | [ANOMALY] Price spike detected: EURGBP-OTC 2026-07-28 22:08:00 change: 0.0002
2026-07-29 06:19:02,588 | WARNING  | [ANOMALY] Price spike detected: GBPUSD-OTC 2026-07-28 22:08:00 change: -0.0004
2026-07-29 06:19:02,588 | WARNING  | [ANOMALY] Price spike detected: EURGBP 2026-07-28 22:28:00 change: -0.0000
2026-07-29 06:19:02,588 | WARNING  | [ANOMALY] Price spike detected: EURUSD 2026-07-28 22:59:00 change: -0.0000
2026-07-29 06:19:02,588 | WARNING  | [ANOMALY] Price spike detected: EURGBP-OTC 2026-07-28 22:09:00 change: 0.0002
2026-07-29 06:19:02,588 | WARNING  | [ANOMALY] Price spike detected: GBPUSD-OTC 2026-07-28 22:09:00 change: 0.0001
2026-07-29 06:19:02,588 | WARNING  | [ANOMALY] Price spike detected: EURGBP 2026-07-28 22:30:00 change: 0.0001
2026-07-29 06:19:02,589 | WARNING  | [ANOMALY] Price spike detected: EURUSD 2026-07-28 23:00:00 change: -0.0001
2026-07-29 06:19:02,589 | WARNING  | [ANOMALY] Price spike detected: EURGBP-OTC 2026-07-28 22:11:00 change: 0.0003
2026-07-29 06:19:02,589 | WARNING  | [ANOMALY] Price spike detected: GBPUSD-OTC 2026-07-28 22:10:00 change: 0.0001
2026-07-29 06:19:02,589 | WARNING  | [ANOMALY] Price spike detected: EURGBP 2026-07-28 22:31:00 change: -0.0000
2026-07-29 06:19:02,589 | WARNING  | [ANOMALY] Price spike detected: EURUSD 2026-07-28 23:01:00 change: -0.0001
2026-07-29 06:19:02,589 | WARNING  | [ANOMALY] Price spike detected: EURGBP-OTC 2026-07-28 22:12:00 change: 0.0001
2026-07-29 06:19:02,590 | WARNING  | [ANOMALY] Price spike detected: GBPUSD-OTC 2026-07-28 22:11:00 change: -0.0003
2026-07-29 06:19:02,590 | WARNING  | [ANOMALY] Price spike detected: EURGBP 2026-07-28 22:32:00 change: 0.0000
2026-07-29 06:19:02,590 | WARNING  | [ANOMALY] Price spike detected: EURUSD 2026-07-28 23:02:00 change: 0.0001
2026-07-29 06:19:02,590 | WARNING  | [ANOMALY] Price spike detected: EURGBP-OTC 2026-07-28 22:13:00 change: -0.0002
2026-07-29 06:19:02,590 | WARNING  | [ANOMALY] Price spike detected: GBPUSD-OTC 2026-07-28 22:13:00 change: 0.0002
2026-07-29 06:19:02,590 | WARNING  | [ANOMALY] Price spike detected: EURGBP 2026-07-28 22:33:00 change: 0.0000
2026-07-29 06:19:02,590 | WARNING  | [ANOMALY] Price spike detected: EURUSD 2026-07-28 23:05:00 change: -0.0001
2026-07-29 06:19:02,591 | WARNING  | [ANOMALY] Price spike detected: EURGBP-OTC 2026-07-28 22:14:00 change: -0.0004
2026-07-29 06:19:02,591 | WARNING  | [ANOMALY] Price spike detected: GBPUSD-OTC 2026-07-28 22:14:00 change: -0.0003
2026-07-29 06:19:02,591 | WARNING  | [ANOMALY] Price spike detected: EURGBP 2026-07-28 22:34:00 change: -0.0000
2026-07-29 06:19:02,591 | WARNING  | [ANOMALY] Price spike detected: EURUSD 2026-07-28 23:07:00 change: -0.0001
2026-07-29 06:19:02,591 | WARNING  | [ANOMALY] Price spike detected: EURGBP-OTC 2026-07-28 22:15:00 change: -0.0003
2026-07-29 06:19:02,591 | WARNING  | [ANOMALY] Price spike detected: GBPUSD-OTC 2026-07-28 22:15:00 change: 0.0003
2026-07-29 06:19:02,592 | WARNING  | [ANOMALY] Price spike detected: EURGBP 2026-07-28 22:35:00 change: -0.0000
2026-07-29 06:19:02,592 | WARNING  | [ANOMALY] Price spike detected: EURUSD 2026-07-28 23:09:00 change: -0.0000
2026-07-29 06:19:02,592 | WARNING  | [ANOMALY] Price spike detected: EURGBP-OTC 2026-07-28 22:16:00 change: -0.0002
2026-07-29 06:19:02,592 | WARNING  | [ANOMALY] Price spike detected: GBPUSD-OTC 2026-07-28 22:16:00 change: -0.0002
2026-07-29 06:19:02,592 | WARNING  | [ANOMALY] Price spike detected: EURGBP 2026-07-28 22:36:00 change: 0.0000
2026-07-29 06:19:02,592 | WARNING  | [ANOMALY] Price spike detected: EURUSD 2026-07-28 23:10:00 change: 0.0000
2026-07-29 06:19:02,593 | WARNING  | [ANOMALY] Price spike detected: EURGBP-OTC 2026-07-28 22:17:00 change: 0.0001
2026-07-29 06:19:02,593 | WARNING  | [ANOMALY] Price spike detected: GBPUSD-OTC 2026-07-28 22:17:00 change: 0.0002
2026-07-29 06:19:02,593 | WARNING  | [ANOMALY] Price spike detected: EURGBP 2026-07-28 22:37:00 change: -0.0000
2026-07-29 06:19:02,593 | WARNING  | [ANOMALY] Price spike detected: EURUSD 2026-07-28 23:12:00 change: 0.0001
2026-07-29 06:19:02,593 | WARNING  | [ANOMALY] Price spike detected: EURGBP-OTC 2026-07-28 22:18:00 change: 0.0002
2026-07-29 06:19:02,593 | WARNING  | [ANOMALY] Price spike detected: GBPUSD-OTC 2026-07-28 22:18:00 change: -0.0001
2026-07-29 06:19:02,593 | WARNING  | [ANOMALY] Price spike detected: EURGBP 2026-07-28 22:38:00 change: 0.0000
2026-07-29 06:19:02,594 | WARNING  | [ANOMALY] Price spike detected: EURUSD 2026-07-28 23:14:00 change: 0.0000
2026-07-29 06:19:02,594 | WARNING  | [ANOMALY] Price spike detected: EURGBP-OTC 2026-07-28 22:20:00 change: 0.0004
2026-07-29 06:19:02,594 | WARNING  | [ANOMALY] Price spike detected: GBPUSD-OTC 2026-07-28 22:19:00 change: -0.0002
2026-07-29 06:19:02,594 | WARNING  | [ANOMALY] Price spike detected: EURGBP 2026-07-28 22:40:00 change: 0.0000
2026-07-29 06:19:02,594 | WARNING  | [ANOMALY] Price spike detected: EURUSD 2026-07-28 23:15:00 change: -0.0000
2026-07-29 06:19:02,594 | WARNING  | [ANOMALY] Price spike detected: EURGBP-OTC 2026-07-28 22:21:00 change: -0.0003
2026-07-29 06:19:02,595 | WARNING  | [ANOMALY] Price spike detected: GBPUSD-OTC 2026-07-28 22:20:00 change: -0.0001
2026-07-29 06:19:02,595 | WARNING  | [ANOMALY] Price spike detected: EURGBP 2026-07-28 22:42:00 change: 0.0000
2026-07-29 06:19:02,595 | WARNING  | [ANOMALY] Price spike detected: EURUSD 2026-07-28 23:16:00 change: 0.0000
2026-07-29 06:19:02,595 | WARNING  | [ANOMALY] Price spike detected: EURGBP-OTC 2026-07-28 22:22:00 change: 0.0003
2026-07-29 06:19:02,595 | WARNING  | [ANOMALY] Price spike detected: GBPUSD-OTC 2026-07-28 22:21:00 change: 0.0001
2026-07-29 06:19:02,595 | WARNING  | [ANOMALY] Price spike detected: EURGBP 2026-07-28 22:43:00 change: -0.0000
2026-07-29 06:19:02,596 | WARNING  | [ANOMALY] Price spike detected: EURGBP-OTC 2026-07-28 22:24:00 change: -0.0003
2026-07-29 06:19:02,597 | WARNING  | [ANOMALY] Price spike detected: GBPUSD-OTC 2026-07-28 22:22:00 change: -0.0001
2026-07-29 06:19:02,597 | WARNING  | [ANOMALY] Price spike detected: EURGBP 2026-07-28 22:44:00 change: 0.0000
2026-07-29 06:19:02,598 | WARNING  | [ANOMALY] Price spike detected: EURGBP-OTC 2026-07-28 22:25:00 change: -0.0001
2026-07-29 06:19:02,598 | WARNING  | [ANOMALY] Price spike detected: GBPUSD-OTC 2026-07-28 22:24:00 change: -0.0003
2026-07-29 06:19:02,599 | WARNING  | [ANOMALY] Price spike detected: EURGBP 2026-07-28 22:46:00 change: -0.0000
2026-07-29 06:19:02,603 | WARNING  | [ANOMALY] Total anomalies detected: EURUSD 57
2026-07-29 06:19:02,603 | WARNING  | [ANOMALY] Price spike detected: EURGBP-OTC 2026-07-28 22:26:00 change: 0.0002
2026-07-29 06:19:02,604 | WARNING  | [ANOMALY] Price spike detected: GBPUSD-OTC 2026-07-28 22:25:00 change: 0.0001
2026-07-29 06:19:02,604 | WARNING  | [ANOMALY] Price spike detected: EURGBP 2026-07-28 22:47:00 change: 0.0000
2026-07-29 06:19:02,604 | ERROR    | [ANOMALY] Excessive anomalies threshold exceeded: 4946
2026-07-29 06:19:02,604 | WARNING  | [ANOMALY] Price spike detected: EURGBP-OTC 2026-07-28 22:27:00 change: 0.0001
2026-07-29 06:19:02,604 | WARNING  | [ANOMALY] Price spike detected: GBPUSD-OTC 2026-07-28 22:26:00 change: 0.0004
2026-07-29 06:19:02,605 | WARNING  | [ANOMALY] Price spike detected: EURGBP 2026-07-28 22:50:00 change: -0.0000
2026-07-29 06:19:02,605 | INFO     | [DataAdapter] M1 anomaly detection completed for EURUSD in 0.844s
2026-07-29 06:19:02,605 | WARNING  | [ANOMALY] Price spike detected: EURGBP-OTC 2026-07-28 22:28:00 change: -0.0001
2026-07-29 06:19:02,605 | WARNING  | [ANOMALY] Price spike detected: GBPUSD-OTC 2026-07-28 22:27:00 change: 0.0002
2026-07-29 06:19:02,605 | WARNING  | [ANOMALY] Price spike detected: EURGBP 2026-07-28 22:52:00 change: -0.0000
2026-07-29 06:19:02,609 | WARNING  | [ANOMALY] Price spike detected: EURGBP-OTC 2026-07-28 22:29:00 change: -0.0001
2026-07-29 06:19:02,610 | WARNING  | [ANOMALY] Price spike detected: GBPUSD-OTC 2026-07-28 22:28:00 change: -0.0001
2026-07-29 06:19:02,610 | WARNING  | [ANOMALY] Price spike detected: EURGBP 2026-07-28 22:53:00 change: 0.0000
2026-07-29 06:19:02,610 | WARNING  | [ANOMALY] Price spike detected: EURGBP-OTC 2026-07-28 22:30:00 change: 0.0001
2026-07-29 06:19:02,610 | WARNING  | [ANOMALY] Price spike detected: GBPUSD-OTC 2026-07-28 22:29:00 change: -0.0003
2026-07-29 06:19:02,611 | WARNING  | [ANOMALY] Price spike detected: EURGBP 2026-07-28 22:54:00 change: -0.0000
2026-07-29 06:19:02,611 | INFO     | [CSVQueue] Enqueuing write for data_base/csv/iq_option\EURUSD\EURUSD_M1.csv - Queue size: 0
2026-07-29 06:19:02,611 | WARNING  | [ANOMALY] Price spike detected: EURGBP-OTC 2026-07-28 22:31:00 change: 0.0002
2026-07-29 06:19:02,611 | WARNING  | [ANOMALY] Price spike detected: GBPUSD-OTC 2026-07-28 22:30:00 change: 0.0003
2026-07-29 06:19:02,611 | WARNING  | [ANOMALY] Price spike detected: EURGBP 2026-07-28 22:55:00 change: -0.0000
2026-07-29 06:19:02,612 | INFO     | [DataAdapter] M1 data refresh completed for EURUSD
2026-07-29 06:19:02,612 | WARNING  | [ANOMALY] Price spike detected: EURGBP-OTC 2026-07-28 22:32:00 change: 0.0001
2026-07-29 06:19:02,612 | INFO     | [CSVQueue] Processing write for data_base/csv/iq_option\EURUSD\EURUSD_M1.csv
2026-07-29 06:19:02,612 | WARNING  | [ANOMALY] Price spike detected: GBPUSD-OTC 2026-07-28 22:32:00 change: -0.0001
2026-07-29 06:19:02,613 | WARNING  | [ANOMALY] Price spike detected: EURGBP 2026-07-28 22:56:00 change: 0.0000
2026-07-29 06:19:02,613 | INFO     | [DataAdapter] Refreshing M5 data for EURUSD
2026-07-29 06:19:02,613 | WARNING  | [ANOMALY] Price spike detected: EURGBP-OTC 2026-07-28 22:33:00 change: -0.0003
2026-07-29 06:19:02,613 | WARNING  | [ANOMALY] Price spike detected: GBPUSD-OTC 2026-07-28 22:33:00 change: -0.0002
2026-07-29 06:19:02,613 | WARNING  | [ANOMALY] Price spike detected: EURGBP 2026-07-28 22:57:00 change: 0.0000
2026-07-29 06:19:02,613 | INFO     | [CSVWriter] Writing 99 rows to data_base/csv/iq_option\EURUSD\EURUSD_M1.csv
2026-07-29 06:19:02,615 | WARNING  | [ANOMALY] Price spike detected: EURUSD 2026-07-28 02:50:00 change: 0.0003
2026-07-29 06:19:02,615 | WARNING  | [ANOMALY] Price spike detected: EURGBP-OTC 2026-07-28 22:34:00 change: -0.0002
2026-07-29 06:19:02,616 | WARNING  | [ANOMALY] Price spike detected: GBPUSD-OTC 2026-07-28 22:34:00 change: -0.0002
2026-07-29 06:19:02,616 | WARNING  | [ANOMALY] Price spike detected: EURGBP 2026-07-28 22:58:00 change: -0.0000
2026-07-29 06:19:02,618 | WARNING  | [ANOMALY] Price spike detected: EURUSD 2026-07-28 02:55:00 change: -0.0001
2026-07-29 06:19:02,618 | WARNING  | [ANOMALY] Price spike detected: EURGBP-OTC 2026-07-28 22:35:00 change: 0.0002
2026-07-29 06:19:02,618 | WARNING  | [ANOMALY] Price spike detected: GBPUSD-OTC 2026-07-28 22:35:00 change: -0.0005
2026-07-29 06:19:02,619 | WARNING  | [ANOMALY] Price spike detected: EURGBP 2026-07-28 22:59:00 change: 0.0000
2026-07-29 06:19:02,619 | WARNING  | [ANOMALY] Price spike detected: EURUSD 2026-07-28 03:05:00 change: -0.0001
2026-07-29 06:19:02,619 | WARNING  | [ANOMALY] Price spike detected: EURGBP-OTC 2026-07-28 22:36:00 change: -0.0006
2026-07-29 06:19:02,619 | WARNING  | [ANOMALY] Price spike detected: GBPUSD-OTC 2026-07-28 22:36:00 change: 0.0002
2026-07-29 06:19:02,620 | WARNING  | [ANOMALY] Price spike detected: EURGBP 2026-07-28 23:00:00 change: 0.0000
2026-07-29 06:19:02,620 | WARNING  | [ANOMALY] Price spike detected: EURUSD 2026-07-28 03:10:00 change: -0.0001
2026-07-29 06:19:02,620 | WARNING  | [ANOMALY] Price spike detected: EURGBP-OTC 2026-07-28 22:37:00 change: -0.0002
2026-07-29 06:19:02,620 | WARNING  | [ANOMALY] Price spike detected: GBPUSD-OTC 2026-07-28 22:38:00 change: 0.0002
2026-07-29 06:19:02,621 | WARNING  | [ANOMALY] Price spike detected: EURGBP 2026-07-28 23:01:00 change: -0.0000
2026-07-29 06:19:02,622 | WARNING  | [ANOMALY] Price spike detected: EURUSD 2026-07-28 03:15:00 change: 0.0001
2026-07-29 06:19:02,624 | WARNING  | [ANOMALY] Price spike detected: EURGBP-OTC 2026-07-28 22:38:00 change: -0.0001
2026-07-29 06:19:02,624 | WARNING  | [ANOMALY] Price spike detected: GBPUSD-OTC 2026-07-28 22:39:00 change: -0.0007
2026-07-29 06:19:02,624 | WARNING  | [ANOMALY] Price spike detected: EURGBP 2026-07-28 23:02:00 change: -0.0000
2026-07-29 06:19:02,624 | WARNING  | [ANOMALY] Price spike detected: EURUSD 2026-07-28 03:20:00 change: 0.0001
2026-07-29 06:19:02,625 | WARNING  | [ANOMALY] Price spike detected: EURGBP-OTC 2026-07-28 22:39:00 change: 0.0002
2026-07-29 06:19:02,627 | WARNING  | [ANOMALY] Price spike detected: GBPUSD-OTC 2026-07-28 22:40:00 change: -0.0003
2026-07-29 06:19:02,627 | WARNING  | [ANOMALY] Price spike detected: EURGBP 2026-07-28 23:04:00 change: -0.0000
2026-07-29 06:19:02,628 | WARNING  | [ANOMALY] Price spike detected: EURUSD 2026-07-28 03:30:00 change: 0.0002
2026-07-29 06:19:02,628 | WARNING  | [ANOMALY] Price spike detected: EURGBP-OTC 2026-07-28 22:40:00 change: 0.0002
2026-07-29 06:19:02,628 | WARNING  | [ANOMALY] Price spike detected: GBPUSD-OTC 2026-07-28 22:41:00 change: -0.0005
2026-07-29 06:19:02,628 | WARNING  | [ANOMALY] Price spike detected: EURGBP 2026-07-28 23:05:00 change: 0.0000
2026-07-29 06:19:02,629 | WARNING  | [ANOMALY] Price spike detected: EURUSD 2026-07-28 03:35:00 change: -0.0002
2026-07-29 06:19:02,629 | WARNING  | [ANOMALY] Price spike detected: EURGBP-OTC 2026-07-28 22:42:00 change: -0.0003
2026-07-29 06:19:02,629 | WARNING  | [ANOMALY] Price spike detected: GBPUSD-OTC 2026-07-28 22:44:00 change: -0.0004
2026-07-29 06:19:02,629 | INFO     | [CSVWriter] Successfully wrote 381 rows to data_base/csv/iq_option\EURUSD\EURUSD_M1.csv
2026-07-29 06:19:02,630 | WARNING  | [ANOMALY] Price spike detected: EURGBP 2026-07-28 23:06:00 change: -0.0000
2026-07-29 06:19:02,630 | WARNING  | [ANOMALY] Price spike detected: EURUSD 2026-07-28 03:40:00 change: -0.0001
2026-07-29 06:19:02,630 | WARNING  | [ANOMALY] Price spike detected: EURGBP-OTC 2026-07-28 22:43:00 change: -0.0003
2026-07-29 06:19:02,630 | WARNING  | [ANOMALY] Price spike detected: GBPUSD-OTC 2026-07-28 22:45:00 change: 0.0002
2026-07-29 06:19:02,631 | INFO     | [CSVQueue] Successfully processed write for data_base/csv/iq_option\EURUSD\EURUSD_M1.csv
2026-07-29 06:19:02,631 | WARNING  | [ANOMALY] Price spike detected: EURGBP 2026-07-28 23:07:00 change: 0.0000
2026-07-29 06:19:02,631 | WARNING  | [ANOMALY] Price spike detected: EURUSD 2026-07-28 03:45:00 change: -0.0001
2026-07-29 06:19:02,631 | WARNING  | [ANOMALY] Price spike detected: EURGBP-OTC 2026-07-28 22:44:00 change: -0.0001
2026-07-29 06:19:02,631 | WARNING  | [ANOMALY] Price spike detected: GBPUSD-OTC 2026-07-28 22:46:00 change: -0.0002
2026-07-29 06:19:02,631 | INFO     | [CSVQueue] Queue size: 0
2026-07-29 06:19:02,632 | WARNING  | [ANOMALY] Price spike detected: EURGBP 2026-07-28 23:09:00 change: 0.0000
2026-07-29 06:19:02,632 | WARNING  | [ANOMALY] Price spike detected: EURUSD 2026-07-28 04:00:00 change: -0.0002
2026-07-29 06:19:02,632 | WARNING  | [ANOMALY] Price spike detected: EURGBP-OTC 2026-07-28 22:45:00 change: -0.0001
2026-07-29 06:19:02,632 | WARNING  | [ANOMALY] Price spike detected: GBPUSD-OTC 2026-07-28 22:48:00 change: 0.0003
2026-07-29 06:19:02,633 | WARNING  | [ANOMALY] Price spike detected: EURGBP 2026-07-28 23:10:00 change: 0.0000
2026-07-29 06:19:02,633 | WARNING  | [ANOMALY] Price spike detected: EURUSD 2026-07-28 04:10:00 change: -0.0001
2026-07-29 06:19:02,633 | WARNING  | [ANOMALY] Price spike detected: EURGBP-OTC 2026-07-28 22:46:00 change: 0.0002
2026-07-29 06:19:02,633 | WARNING  | [ANOMALY] Price spike detected: GBPUSD-OTC 2026-07-28 22:49:00 change: 0.0004
2026-07-29 06:19:02,633 | WARNING  | [ANOMALY] Price spike detected: EURGBP 2026-07-28 23:12:00 change: -0.0000
2026-07-29 06:19:02,633 | WARNING  | [ANOMALY] Price spike detected: EURUSD 2026-07-28 04:15:00 change: 0.0001
2026-07-29 06:19:02,634 | WARNING  | [ANOMALY] Price spike detected: EURGBP-OTC 2026-07-28 22:48:00 change: -0.0001
2026-07-29 06:19:02,634 | WARNING  | [ANOMALY] Price spike detected: GBPUSD-OTC 2026-07-28 22:53:00 change: 0.0004
2026-07-29 06:19:02,634 | WARNING  | [ANOMALY] Price spike detected: EURGBP 2026-07-28 23:13:00 change: -0.0000
2026-07-29 06:19:02,634 | WARNING  | [ANOMALY] Price spike detected: EURUSD 2026-07-28 04:20:00 change: -0.0001
2026-07-29 06:19:02,634 | WARNING  | [ANOMALY] Price spike detected: EURGBP-OTC 2026-07-28 22:49:00 change: 0.0001
2026-07-29 06:19:02,634 | WARNING  | [ANOMALY] Price spike detected: GBPUSD-OTC 2026-07-28 22:54:00 change: -0.0002
2026-07-29 06:19:02,635 | WARNING  | [ANOMALY] Price spike detected: EURGBP 2026-07-28 23:14:00 change: -0.0000
2026-07-29 06:19:02,635 | WARNING  | [ANOMALY] Price spike detected: EURUSD 2026-07-28 04:35:00 change: -0.0000
2026-07-29 06:19:02,635 | WARNING  | [ANOMALY] Price spike detected: EURGBP-OTC 2026-07-28 22:52:00 change: -0.0002
2026-07-29 06:19:02,635 | WARNING  | [ANOMALY] Price spike detected: GBPUSD-OTC 2026-07-28 22:55:00 change: -0.0002
2026-07-29 06:19:02,635 | WARNING  | [ANOMALY] Price spike detected: EURGBP 2026-07-28 23:16:00 change: 0.0000
2026-07-29 06:19:02,635 | WARNING  | [ANOMALY] Price spike detected: EURUSD 2026-07-28 04:40:00 change: 0.0000
2026-07-29 06:19:02,636 | WARNING  | [ANOMALY] Price spike detected: EURGBP-OTC 2026-07-28 22:53:00 change: -0.0003
2026-07-29 06:19:02,636 | WARNING  | [ANOMALY] Price spike detected: GBPUSD-OTC 2026-07-28 22:57:00 change: 0.0004
2026-07-29 06:19:02,636 | WARNING  | [ANOMALY] Price spike detected: EURGBP 2026-07-28 23:17:00 change: 0.0000
2026-07-29 06:19:02,636 | WARNING  | [ANOMALY] Price spike detected: EURUSD 2026-07-28 04:45:00 change: -0.0000
2026-07-29 06:19:02,636 | WARNING  | [ANOMALY] Price spike detected: EURGBP-OTC 2026-07-28 22:54:00 change: 0.0002
2026-07-29 06:19:02,636 | WARNING  | [ANOMALY] Price spike detected: GBPUSD-OTC 2026-07-28 22:58:00 change: 0.0004
2026-07-29 06:19:02,637 | WARNING  | [ANOMALY] Price spike detected: EURUSD 2026-07-28 04:50:00 change: -0.0002
2026-07-29 06:19:02,638 | WARNING  | [ANOMALY] Price spike detected: EURGBP-OTC 2026-07-28 22:55:00 change: 0.0002
2026-07-29 06:19:02,638 | WARNING  | [ANOMALY] Price spike detected: GBPUSD-OTC 2026-07-28 22:59:00 change: -0.0004
2026-07-29 06:19:02,638 | WARNING  | [ANOMALY] Price spike detected: EURUSD 2026-07-28 05:00:00 change: -0.0001
2026-07-29 06:19:02,639 | WARNING  | [ANOMALY] Price spike detected: EURGBP-OTC 2026-07-28 22:56:00 change: -0.0003
2026-07-29 06:19:02,639 | WARNING  | [ANOMALY] Price spike detected: GBPUSD-OTC 2026-07-28 23:00:00 change: 0.0003
2026-07-29 06:19:02,640 | WARNING  | [ANOMALY] Price spike detected: EURUSD 2026-07-28 05:05:00 change: -0.0003
2026-07-29 06:19:02,644 | WARNING  | [ANOMALY] Total anomalies detected: EURGBP 63
2026-07-29 06:19:02,644 | WARNING  | [ANOMALY] Price spike detected: EURGBP-OTC 2026-07-28 22:57:00 change: 0.0003
2026-07-29 06:19:02,645 | WARNING  | [ANOMALY] Price spike detected: GBPUSD-OTC 2026-07-28 23:01:00 change: -0.0001
2026-07-29 06:19:02,645 | WARNING  | [ANOMALY] Price spike detected: EURUSD 2026-07-28 05:10:00 change: -0.0002
2026-07-29 06:19:02,645 | ERROR    | [ANOMALY] Excessive anomalies threshold exceeded: 5143
2026-07-29 06:19:02,645 | WARNING  | [ANOMALY] Price spike detected: EURGBP-OTC 2026-07-28 22:59:00 change: -0.0001
2026-07-29 06:19:02,645 | WARNING  | [ANOMALY] Price spike detected: GBPUSD-OTC 2026-07-28 23:02:00 change: 0.0004
2026-07-29 06:19:02,645 | WARNING  | [ANOMALY] Price spike detected: EURUSD 2026-07-28 05:15:00 change: 0.0000
2026-07-29 06:19:02,645 | INFO     | [DataAdapter] M1 anomaly detection completed for EURGBP in 0.634s
2026-07-29 06:19:02,646 | WARNING  | [ANOMALY] Price spike detected: EURGBP-OTC 2026-07-28 23:00:00 change: -0.0002
2026-07-29 06:19:02,646 | WARNING  | [ANOMALY] Price spike detected: GBPUSD-OTC 2026-07-28 23:03:00 change: -0.0005
2026-07-29 06:19:02,646 | WARNING  | [ANOMALY] Price spike detected: EURUSD 2026-07-28 05:25:00 change: 0.0003
2026-07-29 06:19:02,651 | WARNING  | [ANOMALY] Price spike detected: EURGBP-OTC 2026-07-28 23:01:00 change: 0.0003
2026-07-29 06:19:02,651 | WARNING  | [ANOMALY] Price spike detected: GBPUSD-OTC 2026-07-28 23:04:00 change: 0.0001
2026-07-29 06:19:02,651 | WARNING  | [ANOMALY] Price spike detected: EURUSD 2026-07-28 05:35:00 change: -0.0001
2026-07-29 06:19:02,651 | WARNING  | [ANOMALY] Price spike detected: EURGBP-OTC 2026-07-28 23:02:00 change: 0.0003
2026-07-29 06:19:02,651 | INFO     | [CSVQueue] Enqueuing write for data_base/csv/iq_option\EURGBP\EURGBP_M1.csv - Queue size: 0
2026-07-29 06:19:02,652 | WARNING  | [ANOMALY] Price spike detected: GBPUSD-OTC 2026-07-28 23:05:00 change: -0.0002
2026-07-29 06:19:02,652 | WARNING  | [ANOMALY] Price spike detected: EURUSD 2026-07-28 05:40:00 change: 0.0001
2026-07-29 06:19:02,652 | WARNING  | [ANOMALY] Price spike detected: EURGBP-OTC 2026-07-28 23:03:00 change: -0.0001
2026-07-29 06:19:02,652 | INFO     | [DataAdapter] M1 data refresh completed for EURGBP
2026-07-29 06:19:02,652 | WARNING  | [ANOMALY] Price spike detected: GBPUSD-OTC 2026-07-28 23:06:00 change: 0.0001
2026-07-29 06:19:02,653 | INFO     | [CSVQueue] Processing write for data_base/csv/iq_option\EURGBP\EURGBP_M1.csv
2026-07-29 06:19:02,653 | WARNING  | [ANOMALY] Price spike detected: EURUSD 2026-07-28 05:45:00 change: -0.0001
2026-07-29 06:19:02,653 | WARNING  | [ANOMALY] Price spike detected: EURGBP-OTC 2026-07-28 23:04:00 change: 0.0002
2026-07-29 06:19:02,653 | INFO     | [DataAdapter] Refreshing M5 data for EURGBP
2026-07-29 06:19:02,653 | WARNING  | [ANOMALY] Price spike detected: GBPUSD-OTC 2026-07-28 23:07:00 change: 0.0006
2026-07-29 06:19:02,653 | WARNING  | [ANOMALY] Price spike detected: EURUSD 2026-07-28 05:50:00 change: 0.0001
2026-07-29 06:19:02,654 | INFO     | [CSVWriter] Writing 99 rows to data_base/csv/iq_option\EURGBP\EURGBP_M1.csv
2026-07-29 06:19:02,654 | WARNING  | [ANOMALY] Price spike detected: EURGBP-OTC 2026-07-28 23:05:00 change: 0.0001
2026-07-29 06:19:02,656 | WARNING  | [ANOMALY] Price spike detected: EURGBP 2026-07-28 02:50:00 change: 0.0001
2026-07-29 06:19:02,656 | WARNING  | [ANOMALY] Price spike detected: GBPUSD-OTC 2026-07-28 23:08:00 change: -0.0004
2026-07-29 06:19:02,656 | WARNING  | [ANOMALY] Price spike detected: EURUSD 2026-07-28 05:55:00 change: 0.0001
2026-07-29 06:19:02,658 | WARNING  | [ANOMALY] Price spike detected: EURGBP-OTC 2026-07-28 23:06:00 change: 0.0003
2026-07-29 06:19:02,659 | WARNING  | [ANOMALY] Price spike detected: EURGBP 2026-07-28 03:00:00 change: -0.0000
2026-07-29 06:19:02,659 | WARNING  | [ANOMALY] Price spike detected: GBPUSD-OTC 2026-07-28 23:09:00 change: 0.0001
2026-07-29 06:19:02,659 | WARNING  | [ANOMALY] Price spike detected: EURUSD 2026-07-28 06:00:00 change: 0.0001
2026-07-29 06:19:02,659 | WARNING  | [ANOMALY] Price spike detected: EURGBP-OTC 2026-07-28 23:07:00 change: -0.0004
2026-07-29 06:19:02,660 | WARNING  | [ANOMALY] Price spike detected: EURGBP 2026-07-28 03:05:00 change: 0.0000
2026-07-29 06:19:02,660 | WARNING  | [ANOMALY] Price spike detected: GBPUSD-OTC 2026-07-28 23:10:00 change: -0.0003
2026-07-29 06:19:02,660 | WARNING  | [ANOMALY] Price spike detected: EURUSD 2026-07-28 06:05:00 change: -0.0001
2026-07-29 06:19:02,660 | WARNING  | [ANOMALY] Price spike detected: EURGBP-OTC 2026-07-28 23:08:00 change: 0.0004
2026-07-29 06:19:02,661 | WARNING  | [ANOMALY] Price spike detected: EURGBP 2026-07-28 03:10:00 change: -0.0000
2026-07-29 06:19:02,661 | WARNING  | [ANOMALY] Price spike detected: GBPUSD-OTC 2026-07-28 23:11:00 change: -0.0002
2026-07-29 06:19:02,661 | WARNING  | [ANOMALY] Price spike detected: EURUSD 2026-07-28 06:10:00 change: 0.0001
2026-07-29 06:19:02,662 | WARNING  | [ANOMALY] Price spike detected: EURGBP-OTC 2026-07-28 23:09:00 change: -0.0002
2026-07-29 06:19:02,664 | WARNING  | [ANOMALY] Price spike detected: EURGBP 2026-07-28 03:15:00 change: -0.0001
2026-07-29 06:19:02,664 | WARNING  | [ANOMALY] Price spike detected: GBPUSD-OTC 2026-07-28 23:13:00 change: 0.0001
2026-07-29 06:19:02,664 | WARNING  | [ANOMALY] Price spike detected: EURUSD 2026-07-28 06:15:00 change: 0.0000
2026-07-29 06:19:02,666 | WARNING  | [ANOMALY] Price spike detected: EURGBP-OTC 2026-07-28 23:10:00 change: 0.0001
2026-07-29 06:19:02,667 | WARNING  | [ANOMALY] Price spike detected: EURGBP 2026-07-28 03:20:00 change: 0.0000
2026-07-29 06:19:02,667 | WARNING  | [ANOMALY] Price spike detected: GBPUSD-OTC 2026-07-28 23:14:00 change: -0.0002
2026-07-29 06:19:02,667 | WARNING  | [ANOMALY] Price spike detected: EURUSD 2026-07-28 06:20:00 change: 0.0001
2026-07-29 06:19:02,668 | WARNING  | [ANOMALY] Price spike detected: EURGBP-OTC 2026-07-28 23:12:00 change: 0.0002
2026-07-29 06:19:02,668 | WARNING  | [ANOMALY] Price spike detected: EURGBP 2026-07-28 03:30:00 change: -0.0000
2026-07-29 06:19:02,668 | WARNING  | [ANOMALY] Price spike detected: GBPUSD-OTC 2026-07-28 23:16:00 change: -0.0004
2026-07-29 06:19:02,668 | INFO     | [CSVWriter] Successfully wrote 381 rows to data_base/csv/iq_option\EURGBP\EURGBP_M1.csv
2026-07-29 06:19:02,669 | WARNING  | [ANOMALY] Price spike detected: EURUSD 2026-07-28 06:25:00 change: 0.0002
2026-07-29 06:19:02,669 | WARNING  | [ANOMALY] Price spike detected: EURGBP-OTC 2026-07-28 23:13:00 change: 0.0002
2026-07-29 06:19:02,669 | WARNING  | [ANOMALY] Price spike detected: EURGBP 2026-07-28 03:35:00 change: -0.0000
2026-07-29 06:19:02,669 | WARNING  | [ANOMALY] Price spike detected: GBPUSD-OTC 2026-07-28 23:17:00 change: -0.0006
2026-07-29 06:19:02,669 | INFO     | [CSVQueue] Successfully processed write for data_base/csv/iq_option\EURGBP\EURGBP_M1.csv
2026-07-29 06:19:02,670 | WARNING  | [ANOMALY] Price spike detected: EURUSD 2026-07-28 06:40:00 change: -0.0001
2026-07-29 06:19:02,670 | WARNING  | [ANOMALY] Price spike detected: EURGBP-OTC 2026-07-28 23:14:00 change: 0.0003
2026-07-29 06:19:02,671 | WARNING  | [ANOMALY] Price spike detected: EURGBP 2026-07-28 03:40:00 change: -0.0000
2026-07-29 06:19:02,672 | INFO     | [CSVQueue] Queue size: 0
2026-07-29 06:19:02,672 | WARNING  | [ANOMALY] Price spike detected: EURUSD 2026-07-28 06:45:00 change: -0.0001
2026-07-29 06:19:02,672 | WARNING  | [ANOMALY] Price spike detected: EURGBP-OTC 2026-07-28 23:15:00 change: -0.0004
2026-07-29 06:19:02,673 | WARNING  | [ANOMALY] Price spike detected: EURGBP 2026-07-28 03:45:00 change: -0.0000
2026-07-29 06:19:02,673 | WARNING  | [ANOMALY] Price spike detected: EURUSD 2026-07-28 06:50:00 change: 0.0003
2026-07-29 06:19:02,674 | WARNING  | [ANOMALY] Price spike detected: EURGBP-OTC 2026-07-28 23:16:00 change: 0.0002
2026-07-29 06:19:02,678 | WARNING  | [ANOMALY] Total anomalies detected: GBPUSD-OTC 75
2026-07-29 06:19:02,678 | WARNING  | [ANOMALY] Price spike detected: EURGBP 2026-07-28 03:50:00 change: 0.0001
2026-07-29 06:19:02,678 | WARNING  | [ANOMALY] Price spike detected: EURUSD 2026-07-28 06:55:00 change: -0.0002
2026-07-29 06:19:02,678 | WARNING  | [ANOMALY] Price spike detected: EURGBP-OTC 2026-07-28 23:17:00 change: 0.0002
2026-07-29 06:19:02,678 | ERROR    | [ANOMALY] Excessive anomalies threshold exceeded: 5333
2026-07-29 06:19:02,678 | WARNING  | [ANOMALY] Price spike detected: EURGBP 2026-07-28 03:55:00 change: 0.0000
2026-07-29 06:19:02,679 | WARNING  | [ANOMALY] Price spike detected: EURUSD 2026-07-28 07:00:00 change: -0.0001
2026-07-29 06:19:02,680 | INFO     | [DataAdapter] M1 anomaly detection completed for GBPUSD-OTC in 0.235s
2026-07-29 06:19:02,680 | WARNING  | [ANOMALY] Price spike detected: EURGBP 2026-07-28 04:00:00 change: -0.0000
2026-07-29 06:19:02,681 | WARNING  | [ANOMALY] Price spike detected: EURUSD 2026-07-28 07:05:00 change: 0.0004
2026-07-29 06:19:02,685 | WARNING  | [ANOMALY] Price spike detected: EURGBP 2026-07-28 04:10:00 change: 0.0000
2026-07-29 06:19:02,686 | WARNING  | [ANOMALY] Price spike detected: EURUSD 2026-07-28 07:10:00 change: 0.0001
2026-07-29 06:19:02,690 | WARNING  | [ANOMALY] Total anomalies detected: EURGBP-OTC 76
2026-07-29 06:19:02,690 | WARNING  | [ANOMALY] Price spike detected: EURGBP 2026-07-28 04:15:00 change: -0.0001
2026-07-29 06:19:02,691 | WARNING  | [ANOMALY] Price spike detected: EURUSD 2026-07-28 07:15:00 change: -0.0001
2026-07-29 06:19:02,691 | ERROR    | [ANOMALY] Excessive anomalies threshold exceeded: 5333
2026-07-29 06:19:02,691 | INFO     | [CSVQueue] Enqueuing write for data_base/csv/iq_option\GBPUSD-OTC\GBPUSD-OTC_M1.csv - Queue size: 0
2026-07-29 06:19:02,691 | WARNING  | [ANOMALY] Price spike detected: EURGBP 2026-07-28 04:20:00 change: 0.0001
2026-07-29 06:19:02,691 | WARNING  | [ANOMALY] Price spike detected: EURUSD 2026-07-28 07:20:00 change: -0.0002
2026-07-29 06:19:02,691 | INFO     | [DataAdapter] M1 anomaly detection completed for EURGBP-OTC in 0.115s
2026-07-29 06:19:02,692 | INFO     | [DataAdapter] M1 data refresh completed for GBPUSD-OTC
2026-07-29 06:19:02,692 | WARNING  | [ANOMALY] Price spike detected: EURGBP 2026-07-28 04:25:00 change: -0.0001
2026-07-29 06:19:02,692 | INFO     | [CSVQueue] Processing write for data_base/csv/iq_option\GBPUSD-OTC\GBPUSD-OTC_M1.csv
2026-07-29 06:19:02,692 | WARNING  | [ANOMALY] Price spike detected: EURUSD 2026-07-28 07:30:00 change: 0.0000
2026-07-29 06:19:02,696 | INFO     | [DataAdapter] Refreshing M5 data for GBPUSD-OTC
2026-07-29 06:19:02,696 | WARNING  | [ANOMALY] Price spike detected: EURGBP 2026-07-28 04:45:00 change: -0.0001
2026-07-29 06:19:02,696 | WARNING  | [ANOMALY] Price spike detected: EURUSD 2026-07-28 07:40:00 change: -0.0001
2026-07-29 06:19:02,697 | INFO     | [CSVWriter] Writing 99 rows to data_base/csv/iq_option\GBPUSD-OTC\GBPUSD-OTC_M1.csv
2026-07-29 06:19:02,699 | WARNING  | [ANOMALY] Price spike detected: EURGBP 2026-07-28 04:55:00 change: -0.0001
2026-07-29 06:19:02,699 | INFO     | [CSVQueue] Enqueuing write for data_base/csv/iq_option\EURGBP-OTC\EURGBP-OTC_M1.csv - Queue size: 0
2026-07-29 06:19:02,699 | WARNING  | [ANOMALY] Price spike detected: GBPUSD-OTC 2026-07-28 02:50:00 change: -0.0005
2026-07-29 06:19:02,700 | WARNING  | [ANOMALY] Price spike detected: EURUSD 2026-07-28 07:45:00 change: -0.0002
2026-07-29 06:19:02,701 | WARNING  | [ANOMALY] Price spike detected: EURGBP 2026-07-28 05:00:00 change: -0.0001
2026-07-29 06:19:02,702 | INFO     | [DataAdapter] M1 data refresh completed for EURGBP-OTC
2026-07-29 06:19:02,702 | WARNING  | [ANOMALY] Price spike detected: GBPUSD-OTC 2026-07-28 02:55:00 change: -0.0004
2026-07-29 06:19:02,702 | WARNING  | [ANOMALY] Price spike detected: EURUSD 2026-07-28 07:50:00 change: -0.0001
2026-07-29 06:19:02,703 | WARNING  | [ANOMALY] Price spike detected: EURGBP 2026-07-28 05:05:00 change: -0.0001
2026-07-29 06:19:02,703 | INFO     | [DataAdapter] Refreshing M5 data for EURGBP-OTC
2026-07-29 06:19:02,703 | WARNING  | [ANOMALY] Price spike detected: GBPUSD-OTC 2026-07-28 03:00:00 change: 0.0003
2026-07-29 06:19:02,703 | WARNING  | [ANOMALY] Price spike detected: EURUSD 2026-07-28 08:00:00 change: 0.0003
2026-07-29 06:19:02,703 | WARNING  | [ANOMALY] Price spike detected: EURGBP 2026-07-28 05:10:00 change: 0.0001
2026-07-29 06:19:02,705 | WARNING  | [ANOMALY] Price spike detected: GBPUSD-OTC 2026-07-28 03:05:00 change: -0.0007
2026-07-29 06:19:02,706 | WARNING  | [ANOMALY] Price spike detected: EURGBP-OTC 2026-07-28 02:55:00 change: 0.0003
2026-07-29 06:19:02,706 | WARNING  | [ANOMALY] Price spike detected: EURUSD 2026-07-28 08:05:00 change: 0.0001
2026-07-29 06:19:02,707 | WARNING  | [ANOMALY] Price spike detected: EURGBP 2026-07-28 05:15:00 change: 0.0001
2026-07-29 06:19:02,708 | WARNING  | [ANOMALY] Price spike detected: GBPUSD-OTC 2026-07-28 03:10:00 change: -0.0001
2026-07-29 06:19:02,709 | WARNING  | [ANOMALY] Price spike detected: EURGBP-OTC 2026-07-28 03:00:00 change: 0.0002
2026-07-29 06:19:02,710 | WARNING  | [ANOMALY] Price spike detected: EURUSD 2026-07-28 08:10:00 change: -0.0001
2026-07-29 06:19:02,710 | WARNING  | [ANOMALY] Price spike detected: EURGBP 2026-07-28 05:20:00 change: -0.0000
2026-07-29 06:19:02,710 | WARNING  | [ANOMALY] Price spike detected: GBPUSD-OTC 2026-07-28 03:15:00 change: -0.0005
2026-07-29 06:19:02,712 | WARNING  | [ANOMALY] Price spike detected: EURGBP-OTC 2026-07-28 03:05:00 change: -0.0005
2026-07-29 06:19:02,713 | WARNING  | [ANOMALY] Price spike detected: EURUSD 2026-07-28 08:15:00 change: 0.0001
2026-07-29 06:19:02,713 | WARNING  | [ANOMALY] Price spike detected: EURGBP 2026-07-28 05:25:00 change: 0.0000
2026-07-29 06:19:02,713 | WARNING  | [ANOMALY] Price spike detected: GBPUSD-OTC 2026-07-28 03:20:00 change: 0.0002
2026-07-29 06:19:02,714 | WARNING  | [ANOMALY] Price spike detected: EURGBP-OTC 2026-07-28 03:15:00 change: -0.0008
2026-07-29 06:19:02,714 | WARNING  | [ANOMALY] Price spike detected: EURUSD 2026-07-28 08:20:00 change: 0.0002
2026-07-29 06:19:02,714 | WARNING  | [ANOMALY] Price spike detected: EURGBP 2026-07-28 05:30:00 change: 0.0001
2026-07-29 06:19:02,714 | WARNING  | [ANOMALY] Price spike detected: GBPUSD-OTC 2026-07-28 03:25:00 change: 0.0001
2026-07-29 06:19:02,714 | INFO     | [CSVWriter] Successfully wrote 381 rows to data_base/csv/iq_option\GBPUSD-OTC\GBPUSD-OTC_M1.csv
2026-07-29 06:19:02,715 | WARNING  | [ANOMALY] Price spike detected: EURGBP-OTC 2026-07-28 03:20:00 change: -0.0001
2026-07-29 06:19:02,715 | WARNING  | [ANOMALY] Price spike detected: EURUSD 2026-07-28 08:25:00 change: -0.0001
2026-07-29 06:19:02,715 | WARNING  | [ANOMALY] Price spike detected: EURGBP 2026-07-28 05:35:00 change: 0.0000
2026-07-29 06:19:02,715 | WARNING  | [ANOMALY] Price spike detected: GBPUSD-OTC 2026-07-28 03:30:00 change: 0.0002
2026-07-29 06:19:02,715 | INFO     | [CSVQueue] Successfully processed write for data_base/csv/iq_option\GBPUSD-OTC\GBPUSD-OTC_M1.csv
2026-07-29 06:19:02,715 | WARNING  | [ANOMALY] Price spike detected: EURGBP-OTC 2026-07-28 03:25:00 change: -0.0003
2026-07-29 06:19:02,716 | WARNING  | [ANOMALY] Price spike detected: EURUSD 2026-07-28 08:40:00 change: 0.0001
2026-07-29 06:19:02,716 | WARNING  | [ANOMALY] Price spike detected: EURGBP 2026-07-28 05:40:00 change: -0.0000
2026-07-29 06:19:02,716 | WARNING  | [ANOMALY] Price spike detected: GBPUSD-OTC 2026-07-28 03:35:00 change: 0.0002
2026-07-29 06:19:02,716 | INFO     | [CSVQueue] Processing write for data_base/csv/iq_option\EURGBP-OTC\EURGBP-OTC_M1.csv
2026-07-29 06:19:02,716 | WARNING  | [ANOMALY] Price spike detected: EURGBP-OTC 2026-07-28 03:30:00 change: -0.0004
2026-07-29 06:19:02,717 | WARNING  | [ANOMALY] Price spike detected: EURUSD 2026-07-28 08:45:00 change: 0.0001
2026-07-29 06:19:02,717 | WARNING  | [ANOMALY] Price spike detected: EURGBP 2026-07-28 05:45:00 change: 0.0001
2026-07-29 06:19:02,717 | WARNING  | [ANOMALY] Price spike detected: GBPUSD-OTC 2026-07-28 03:40:00 change: -0.0005
2026-07-29 06:19:02,717 | WARNING  | [ANOMALY] Price spike detected: EURGBP-OTC 2026-07-28 03:35:00 change: 0.0005
2026-07-29 06:19:02,717 | INFO     | [CSVWriter] Writing 99 rows to data_base/csv/iq_option\EURGBP-OTC\EURGBP-OTC_M1.csv
2026-07-29 06:19:02,718 | WARNING  | [ANOMALY] Price spike detected: EURUSD 2026-07-28 08:50:00 change: -0.0001
2026-07-29 06:19:02,718 | WARNING  | [ANOMALY] Price spike detected: EURGBP 2026-07-28 05:50:00 change: -0.0000
2026-07-29 06:19:02,718 | WARNING  | [ANOMALY] Price spike detected: GBPUSD-OTC 2026-07-28 03:45:00 change: -0.0005
2026-07-29 06:19:02,718 | WARNING  | [ANOMALY] Price spike detected: EURGBP-OTC 2026-07-28 03:45:00 change: 0.0007
2026-07-29 06:19:02,720 | WARNING  | [ANOMALY] Price spike detected: EURUSD 2026-07-28 08:55:00 change: 0.0001
2026-07-29 06:19:02,720 | WARNING  | [ANOMALY] Price spike detected: EURGBP 2026-07-28 05:55:00 change: 0.0001
2026-07-29 06:19:02,721 | WARNING  | [ANOMALY] Price spike detected: GBPUSD-OTC 2026-07-28 03:50:00 change: -0.0005
2026-07-29 06:19:02,721 | WARNING  | [ANOMALY] Price spike detected: EURGBP-OTC 2026-07-28 03:50:00 change: -0.0003
2026-07-29 06:19:02,721 | WARNING  | [ANOMALY] Price spike detected: EURUSD 2026-07-28 09:00:00 change: -0.0001
2026-07-29 06:19:02,721 | WARNING  | [ANOMALY] Price spike detected: EURGBP 2026-07-28 06:00:00 change: 0.0001
2026-07-29 06:19:02,722 | WARNING  | [ANOMALY] Price spike detected: GBPUSD-OTC 2026-07-28 03:55:00 change: 0.0005
2026-07-29 06:19:02,722 | WARNING  | [ANOMALY] Price spike detected: EURGBP-OTC 2026-07-28 03:55:00 change: 0.0007
2026-07-29 06:19:02,722 | WARNING  | [ANOMALY] Price spike detected: EURUSD 2026-07-28 09:05:00 change: -0.0003
2026-07-29 06:19:02,722 | WARNING  | [ANOMALY] Price spike detected: EURGBP 2026-07-28 06:05:00 change: -0.0001
2026-07-29 06:19:02,723 | WARNING  | [ANOMALY] Price spike detected: GBPUSD-OTC 2026-07-28 04:05:00 change: -0.0009
2026-07-29 06:19:02,723 | WARNING  | [ANOMALY] Price spike detected: EURGBP-OTC 2026-07-28 04:00:00 change: -0.0004
2026-07-29 06:19:02,726 | WARNING  | [ANOMALY] Price spike detected: EURUSD 2026-07-28 09:10:00 change: -0.0001
2026-07-29 06:19:02,726 | WARNING  | [ANOMALY] Price spike detected: EURGBP 2026-07-28 06:10:00 change: -0.0001
2026-07-29 06:19:02,726 | WARNING  | [ANOMALY] Price spike detected: GBPUSD-OTC 2026-07-28 04:10:00 change: 0.0009
2026-07-29 06:19:02,726 | WARNING  | [ANOMALY] Price spike detected: EURGBP-OTC 2026-07-28 04:05:00 change: -0.0002
2026-07-29 06:19:02,728 | WARNING  | [ANOMALY] Price spike detected: EURUSD 2026-07-28 09:15:00 change: 0.0000
2026-07-29 06:19:02,729 | WARNING  | [ANOMALY] Price spike detected: EURGBP 2026-07-28 06:15:00 change: 0.0000
2026-07-29 06:19:02,729 | WARNING  | [ANOMALY] Price spike detected: GBPUSD-OTC 2026-07-28 04:20:00 change: 0.0013
2026-07-29 06:19:02,729 | WARNING  | [ANOMALY] Price spike detected: EURGBP-OTC 2026-07-28 04:10:00 change: 0.0005
2026-07-29 06:19:02,730 | WARNING  | [ANOMALY] Price spike detected: EURUSD 2026-07-28 09:20:00 change: -0.0000
2026-07-29 06:19:02,730 | WARNING  | [ANOMALY] Price spike detected: EURGBP 2026-07-28 06:20:00 change: 0.0001
2026-07-29 06:19:02,730 | WARNING  | [ANOMALY] Price spike detected: GBPUSD-OTC 2026-07-28 04:25:00 change: 0.0002
2026-07-29 06:19:02,730 | INFO     | [CSVWriter] Successfully wrote 381 rows to data_base/csv/iq_option\EURGBP-OTC\EURGBP-OTC_M1.csv
2026-07-29 06:19:02,730 | WARNING  | [ANOMALY] Price spike detected: EURGBP-OTC 2026-07-28 04:15:00 change: -0.0018
2026-07-29 06:19:02,731 | WARNING  | [ANOMALY] Price spike detected: EURUSD 2026-07-28 09:25:00 change: -0.0001
2026-07-29 06:19:02,731 | WARNING  | [ANOMALY] Price spike detected: EURGBP 2026-07-28 06:25:00 change: -0.0002
2026-07-29 06:19:02,731 | WARNING  | [ANOMALY] Price spike detected: GBPUSD-OTC 2026-07-28 04:30:00 change: 0.0011
2026-07-29 06:19:02,731 | INFO     | [CSVQueue] Successfully processed write for data_base/csv/iq_option\EURGBP-OTC\EURGBP-OTC_M1.csv
2026-07-29 06:19:02,731 | WARNING  | [ANOMALY] Price spike detected: EURGBP-OTC 2026-07-28 04:20:00 change: -0.0004
2026-07-29 06:19:02,731 | WARNING  | [ANOMALY] Price spike detected: EURUSD 2026-07-28 09:30:00 change: -0.0001
2026-07-29 06:19:02,732 | WARNING  | [ANOMALY] Price spike detected: EURGBP 2026-07-28 06:30:00 change: 0.0002
2026-07-29 06:19:02,732 | WARNING  | [ANOMALY] Price spike detected: GBPUSD-OTC 2026-07-28 04:35:00 change: -0.0007
2026-07-29 06:19:02,732 | INFO     | [CSVQueue] Queue size: 0
2026-07-29 06:19:02,732 | WARNING  | [ANOMALY] Price spike detected: EURGBP-OTC 2026-07-28 04:30:00 change: 0.0007
2026-07-29 06:19:02,732 | WARNING  | [ANOMALY] Price spike detected: EURUSD 2026-07-28 09:40:00 change: -0.0002
2026-07-29 06:19:02,732 | WARNING  | [ANOMALY] Price spike detected: EURGBP 2026-07-28 06:35:00 change: -0.0001
2026-07-29 06:19:02,733 | WARNING  | [ANOMALY] Price spike detected: GBPUSD-OTC 2026-07-28 04:40:00 change: 0.0008
2026-07-29 06:19:02,733 | WARNING  | [ANOMALY] Price spike detected: EURGBP-OTC 2026-07-28 04:35:00 change: -0.0011
2026-07-29 06:19:02,733 | WARNING  | [ANOMALY] Price spike detected: EURUSD 2026-07-28 09:45:00 change: -0.0001
2026-07-29 06:19:02,733 | WARNING  | [ANOMALY] Price spike detected: EURGBP 2026-07-28 06:40:00 change: -0.0001
2026-07-29 06:19:02,733 | WARNING  | [ANOMALY] Price spike detected: GBPUSD-OTC 2026-07-28 04:45:00 change: 0.0015
2026-07-29 06:19:02,734 | WARNING  | [ANOMALY] Price spike detected: EURGBP-OTC 2026-07-28 04:40:00 change: -0.0008
2026-07-29 06:19:02,734 | WARNING  | [ANOMALY] Price spike detected: EURUSD 2026-07-28 09:50:00 change: -0.0001
2026-07-29 06:19:02,734 | WARNING  | [ANOMALY] Price spike detected: EURGBP 2026-07-28 06:45:00 change: 0.0000
2026-07-29 06:19:02,734 | WARNING  | [ANOMALY] Price spike detected: GBPUSD-OTC 2026-07-28 04:55:00 change: 0.0010
2026-07-29 06:19:02,734 | WARNING  | [ANOMALY] Price spike detected: EURGBP-OTC 2026-07-28 04:50:00 change: 0.0006
2026-07-29 06:19:02,734 | WARNING  | [ANOMALY] Price spike detected: EURUSD 2026-07-28 09:55:00 change: -0.0003
2026-07-29 06:19:02,734 | WARNING  | [ANOMALY] Price spike detected: EURGBP 2026-07-28 06:50:00 change: -0.0001
2026-07-29 06:19:02,734 | WARNING  | [ANOMALY] Price spike detected: GBPUSD-OTC 2026-07-28 05:00:00 change: -0.0009
2026-07-29 06:19:02,734 | WARNING  | [ANOMALY] Price spike detected: EURGBP-OTC 2026-07-28 05:00:00 change: 0.0002
2026-07-29 06:19:02,734 | WARNING  | [ANOMALY] Price spike detected: EURUSD 2026-07-28 10:00:00 change: -0.0000
2026-07-29 06:19:02,735 | WARNING  | [ANOMALY] Price spike detected: EURGBP 2026-07-28 06:55:00 change: -0.0003
2026-07-29 06:19:02,735 | WARNING  | [ANOMALY] Price spike detected: GBPUSD-OTC 2026-07-28 05:10:00 change: 0.0009
2026-07-29 06:19:02,735 | WARNING  | [ANOMALY] Price spike detected: EURGBP-OTC 2026-07-28 05:10:00 change: 0.0006
2026-07-29 06:19:02,735 | WARNING  | [ANOMALY] Price spike detected: EURUSD 2026-07-28 10:05:00 change: -0.0001
2026-07-29 06:19:02,735 | WARNING  | [ANOMALY] Price spike detected: EURGBP 2026-07-28 07:00:00 change: 0.0002
2026-07-29 06:19:02,735 | WARNING  | [ANOMALY] Price spike detected: GBPUSD-OTC 2026-07-28 05:15:00 change: -0.0003
2026-07-29 06:19:02,736 | WARNING  | [ANOMALY] Price spike detected: EURGBP-OTC 2026-07-28 05:15:00 change: 0.0005
2026-07-29 06:19:02,736 | WARNING  | [ANOMALY] Price spike detected: EURUSD 2026-07-28 10:10:00 change: 0.0002
2026-07-29 06:19:02,736 | WARNING  | [ANOMALY] Price spike detected: EURGBP 2026-07-28 07:05:00 change: -0.0001
2026-07-29 06:19:02,736 | WARNING  | [ANOMALY] Price spike detected: GBPUSD-OTC 2026-07-28 05:20:00 change: -0.0004
2026-07-29 06:19:02,736 | WARNING  | [ANOMALY] Price spike detected: EURGBP-OTC 2026-07-28 05:20:00 change: -0.0012
2026-07-29 06:19:02,736 | WARNING  | [ANOMALY] Price spike detected: EURUSD 2026-07-28 10:15:00 change: -0.0001
2026-07-29 06:19:02,737 | WARNING  | [ANOMALY] Price spike detected: EURGBP 2026-07-28 07:15:00 change: -0.0001
2026-07-29 06:19:02,737 | WARNING  | [ANOMALY] Price spike detected: GBPUSD-OTC 2026-07-28 05:30:00 change: 0.0002
2026-07-29 06:19:02,737 | WARNING  | [ANOMALY] Price spike detected: EURGBP-OTC 2026-07-28 05:25:00 change: 0.0006
2026-07-29 06:19:02,737 | WARNING  | [ANOMALY] Price spike detected: EURUSD 2026-07-28 10:20:00 change: 0.0002
2026-07-29 06:19:02,737 | WARNING  | [ANOMALY] Price spike detected: EURGBP 2026-07-28 07:20:00 change: -0.0002
2026-07-29 06:19:02,737 | WARNING  | [ANOMALY] Price spike detected: GBPUSD-OTC 2026-07-28 05:35:00 change: 0.0006
2026-07-29 06:19:02,738 | WARNING  | [ANOMALY] Price spike detected: EURGBP-OTC 2026-07-28 05:30:00 change: 0.0004
2026-07-29 06:19:02,738 | WARNING  | [ANOMALY] Price spike detected: EURUSD 2026-07-28 10:25:00 change: -0.0001
2026-07-29 06:19:02,738 | WARNING  | [ANOMALY] Price spike detected: EURGBP 2026-07-28 07:25:00 change: -0.0000
2026-07-29 06:19:02,738 | WARNING  | [ANOMALY] Price spike detected: GBPUSD-OTC 2026-07-28 05:45:00 change: 0.0010
2026-07-29 06:19:02,738 | WARNING  | [ANOMALY] Price spike detected: EURGBP-OTC 2026-07-28 05:35:00 change: 0.0002
2026-07-29 06:19:02,738 | WARNING  | [ANOMALY] Price spike detected: EURUSD 2026-07-28 10:30:00 change: 0.0003
2026-07-29 06:19:02,739 | WARNING  | [ANOMALY] Price spike detected: EURGBP 2026-07-28 07:35:00 change: 0.0003
2026-07-29 06:19:02,739 | WARNING  | [ANOMALY] Price spike detected: GBPUSD-OTC 2026-07-28 05:50:00 change: 0.0005
2026-07-29 06:19:02,739 | WARNING  | [ANOMALY] Price spike detected: EURGBP-OTC 2026-07-28 05:40:00 change: 0.0003
2026-07-29 06:19:02,739 | WARNING  | [ANOMALY] Price spike detected: EURUSD 2026-07-28 10:35:00 change: 0.0001
2026-07-29 06:19:02,739 | WARNING  | [ANOMALY] Price spike detected: EURGBP 2026-07-28 07:45:00 change: 0.0001
2026-07-29 06:19:02,739 | WARNING  | [ANOMALY] Price spike detected: GBPUSD-OTC 2026-07-28 05:55:00 change: -0.0011
2026-07-29 06:19:02,740 | WARNING  | [ANOMALY] Price spike detected: EURGBP-OTC 2026-07-28 05:45:00 change: 0.0002
2026-07-29 06:19:02,740 | WARNING  | [ANOMALY] Price spike detected: EURUSD 2026-07-28 10:40:00 change: -0.0003
2026-07-29 06:19:02,740 | WARNING  | [ANOMALY] Price spike detected: EURGBP 2026-07-28 07:50:00 change: -0.0002
2026-07-29 06:19:02,740 | WARNING  | [ANOMALY] Price spike detected: GBPUSD-OTC 2026-07-28 06:00:00 change: 0.0004
2026-07-29 06:19:02,741 | WARNING  | [ANOMALY] Price spike detected: EURGBP-OTC 2026-07-28 05:50:00 change: 0.0007
2026-07-29 06:19:02,741 | WARNING  | [ANOMALY] Price spike detected: EURUSD 2026-07-28 10:45:00 change: 0.0001
2026-07-29 06:19:02,741 | WARNING  | [ANOMALY] Price spike detected: EURGBP 2026-07-28 07:55:00 change: 0.0002
2026-07-29 06:19:02,741 | WARNING  | [ANOMALY] Price spike detected: GBPUSD-OTC 2026-07-28 06:10:00 change: 0.0004
2026-07-29 06:19:02,741 | WARNING  | [ANOMALY] Price spike detected: EURGBP-OTC 2026-07-28 05:55:00 change: 0.0006
2026-07-29 06:19:02,741 | WARNING  | [ANOMALY] Price spike detected: EURUSD 2026-07-28 10:50:00 change: 0.0003
2026-07-29 06:19:02,742 | WARNING  | [ANOMALY] Price spike detected: EURGBP 2026-07-28 08:00:00 change: -0.0004
2026-07-29 06:19:02,742 | WARNING  | [ANOMALY] Price spike detected: GBPUSD-OTC 2026-07-28 06:15:00 change: 0.0005
2026-07-29 06:19:02,742 | WARNING  | [ANOMALY] Price spike detected: EURGBP-OTC 2026-07-28 06:00:00 change: -0.0003
2026-07-29 06:19:02,742 | WARNING  | [ANOMALY] Price spike detected: EURUSD 2026-07-28 10:55:00 change: -0.0001
2026-07-29 06:19:02,742 | WARNING  | [ANOMALY] Price spike detected: EURGBP 2026-07-28 08:05:00 change: 0.0001
2026-07-29 06:19:02,742 | WARNING  | [ANOMALY] Price spike detected: GBPUSD-OTC 2026-07-28 06:20:00 change: -0.0006
2026-07-29 06:19:02,743 | WARNING  | [ANOMALY] Price spike detected: EURGBP-OTC 2026-07-28 06:20:00 change: -0.0002
2026-07-29 06:19:02,743 | WARNING  | [ANOMALY] Price spike detected: EURUSD 2026-07-28 11:00:00 change: -0.0001
2026-07-29 06:19:02,743 | WARNING  | [ANOMALY] Price spike detected: EURGBP 2026-07-28 08:25:00 change: 0.0001
2026-07-29 06:19:02,743 | WARNING  | [ANOMALY] Price spike detected: GBPUSD-OTC 2026-07-28 06:25:00 change: 0.0004
2026-07-29 06:19:02,743 | WARNING  | [ANOMALY] Price spike detected: EURGBP-OTC 2026-07-28 06:30:00 change: -0.0004
2026-07-29 06:19:02,744 | WARNING  | [ANOMALY] Price spike detected: EURUSD 2026-07-28 11:05:00 change: -0.0002
2026-07-29 06:19:02,744 | WARNING  | [ANOMALY] Price spike detected: EURGBP 2026-07-28 08:35:00 change: 0.0003
2026-07-29 06:19:02,744 | WARNING  | [ANOMALY] Price spike detected: GBPUSD-OTC 2026-07-28 06:30:00 change: -0.0005
2026-07-29 06:19:02,744 | WARNING  | [ANOMALY] Price spike detected: EURGBP-OTC 2026-07-28 06:35:00 change: 0.0002
2026-07-29 06:19:02,744 | WARNING  | [ANOMALY] Price spike detected: EURUSD 2026-07-28 11:10:00 change: 0.0001
2026-07-29 06:19:02,744 | WARNING  | [ANOMALY] Price spike detected: EURGBP 2026-07-28 08:40:00 change: -0.0001
2026-07-29 06:19:02,745 | WARNING  | [ANOMALY] Price spike detected: GBPUSD-OTC 2026-07-28 06:35:00 change: 0.0009
2026-07-29 06:19:02,745 | WARNING  | [ANOMALY] Price spike detected: EURGBP-OTC 2026-07-28 06:40:00 change: 0.0007
2026-07-29 06:19:02,745 | WARNING  | [ANOMALY] Price spike detected: EURUSD 2026-07-28 11:15:00 change: 0.0003
2026-07-29 06:19:02,745 | WARNING  | [ANOMALY] Price spike detected: EURGBP 2026-07-28 08:45:00 change: -0.0001
2026-07-29 06:19:02,745 | WARNING  | [ANOMALY] Price spike detected: GBPUSD-OTC 2026-07-28 06:40:00 change: 0.0010
2026-07-29 06:19:02,745 | WARNING  | [ANOMALY] Price spike detected: EURGBP-OTC 2026-07-28 06:45:00 change: 0.0002
2026-07-29 06:19:02,746 | WARNING  | [ANOMALY] Price spike detected: EURUSD 2026-07-28 11:20:00 change: 0.0002
2026-07-29 06:19:02,746 | WARNING  | [ANOMALY] Price spike detected: EURGBP 2026-07-28 08:50:00 change: 0.0001
2026-07-29 06:19:02,746 | WARNING  | [ANOMALY] Price spike detected: GBPUSD-OTC 2026-07-28 06:55:00 change: 0.0010
2026-07-29 06:19:02,746 | WARNING  | [ANOMALY] Price spike detected: EURGBP-OTC 2026-07-28 06:55:00 change: -0.0002
2026-07-29 06:19:02,746 | WARNING  | [ANOMALY] Price spike detected: EURUSD 2026-07-28 11:25:00 change: 0.0001
2026-07-29 06:19:02,746 | WARNING  | [ANOMALY] Price spike detected: EURGBP 2026-07-28 08:55:00 change: -0.0001
2026-07-29 06:19:02,747 | WARNING  | [ANOMALY] Price spike detected: GBPUSD-OTC 2026-07-28 07:00:00 change: -0.0006
2026-07-29 06:19:02,747 | WARNING  | [ANOMALY] Price spike detected: EURGBP-OTC 2026-07-28 07:10:00 change: -0.0008
2026-07-29 06:19:02,747 | WARNING  | [ANOMALY] Price spike detected: EURUSD 2026-07-28 11:30:00 change: -0.0001
2026-07-29 06:19:02,747 | WARNING  | [ANOMALY] Price spike detected: EURGBP 2026-07-28 09:05:00 change: 0.0002
2026-07-29 06:19:02,747 | WARNING  | [ANOMALY] Price spike detected: GBPUSD-OTC 2026-07-28 07:05:00 change: -0.0005
2026-07-29 06:19:02,747 | WARNING  | [ANOMALY] Price spike detected: EURGBP-OTC 2026-07-28 07:15:00 change: 0.0006
2026-07-29 06:19:02,748 | WARNING  | [ANOMALY] Price spike detected: EURUSD 2026-07-28 11:35:00 change: 0.0002
2026-07-29 06:19:02,748 | WARNING  | [ANOMALY] Price spike detected: EURGBP 2026-07-28 09:15:00 change: 0.0001
2026-07-29 06:19:02,748 | WARNING  | [ANOMALY] Price spike detected: GBPUSD-OTC 2026-07-28 07:10:00 change: 0.0003
2026-07-29 06:19:02,748 | WARNING  | [ANOMALY] Price spike detected: EURGBP-OTC 2026-07-28 07:20:00 change: 0.0006
2026-07-29 06:19:02,748 | WARNING  | [ANOMALY] Price spike detected: EURUSD 2026-07-28 11:40:00 change: -0.0002
2026-07-29 06:19:02,748 | WARNING  | [ANOMALY] Price spike detected: EURGBP 2026-07-28 09:30:00 change: 0.0001
2026-07-29 06:19:02,749 | WARNING  | [ANOMALY] Price spike detected: GBPUSD-OTC 2026-07-28 07:15:00 change: 0.0006
2026-07-29 06:19:02,749 | WARNING  | [ANOMALY] Price spike detected: EURGBP-OTC 2026-07-28 07:25:00 change: -0.0009
2026-07-29 06:19:02,749 | WARNING  | [ANOMALY] Price spike detected: EURUSD 2026-07-28 11:45:00 change: -0.0001
2026-07-29 06:19:02,749 | WARNING  | [ANOMALY] Price spike detected: EURGBP 2026-07-28 09:35:00 change: -0.0001
2026-07-29 06:19:02,749 | WARNING  | [ANOMALY] Price spike detected: GBPUSD-OTC 2026-07-28 07:20:00 change: -0.0009
2026-07-29 06:19:02,749 | WARNING  | [ANOMALY] Price spike detected: EURGBP-OTC 2026-07-28 07:30:00 change: 0.0007
2026-07-29 06:19:02,750 | WARNING  | [ANOMALY] Price spike detected: EURUSD 2026-07-28 11:50:00 change: 0.0002
2026-07-29 06:19:02,750 | WARNING  | [ANOMALY] Price spike detected: EURGBP 2026-07-28 09:40:00 change: 0.0001
2026-07-29 06:19:02,750 | WARNING  | [ANOMALY] Price spike detected: GBPUSD-OTC 2026-07-28 07:25:00 change: 0.0010
2026-07-29 06:19:02,750 | WARNING  | [ANOMALY] Price spike detected: EURGBP-OTC 2026-07-28 07:35:00 change: -0.0008
2026-07-29 06:19:02,750 | WARNING  | [ANOMALY] Price spike detected: EURUSD 2026-07-28 11:55:00 change: 0.0001
2026-07-29 06:19:02,750 | WARNING  | [ANOMALY] Price spike detected: EURGBP 2026-07-28 09:45:00 change: 0.0000
2026-07-29 06:19:02,751 | WARNING  | [ANOMALY] Price spike detected: GBPUSD-OTC 2026-07-28 07:30:00 change: -0.0005
2026-07-29 06:19:02,751 | WARNING  | [ANOMALY] Price spike detected: EURGBP-OTC 2026-07-28 07:40:00 change: -0.0006
2026-07-29 06:19:02,751 | WARNING  | [ANOMALY] Price spike detected: EURUSD 2026-07-28 12:00:00 change: -0.0001
2026-07-29 06:19:02,751 | WARNING  | [ANOMALY] Price spike detected: EURGBP 2026-07-28 09:50:00 change: 0.0002
2026-07-29 06:19:02,751 | WARNING  | [ANOMALY] Price spike detected: GBPUSD-OTC 2026-07-28 07:35:00 change: -0.0006
2026-07-29 06:19:02,751 | WARNING  | [ANOMALY] Price spike detected: EURGBP-OTC 2026-07-28 07:50:00 change: -0.0003
2026-07-29 06:19:02,752 | WARNING  | [ANOMALY] Price spike detected: EURUSD 2026-07-28 12:05:00 change: 0.0003
2026-07-29 06:19:02,752 | WARNING  | [ANOMALY] Price spike detected: EURGBP 2026-07-28 09:55:00 change: -0.0002
2026-07-29 06:19:02,752 | WARNING  | [ANOMALY] Price spike detected: GBPUSD-OTC 2026-07-28 07:40:00 change: 0.0005
2026-07-29 06:19:02,752 | WARNING  | [ANOMALY] Price spike detected: EURGBP-OTC 2026-07-28 07:55:00 change: 0.0002
2026-07-29 06:19:02,752 | WARNING  | [ANOMALY] Price spike detected: EURUSD 2026-07-28 12:10:00 change: -0.0001
2026-07-29 06:19:02,752 | WARNING  | [ANOMALY] Price spike detected: EURGBP 2026-07-28 10:00:00 change: 0.0001
2026-07-29 06:19:02,753 | WARNING  | [ANOMALY] Price spike detected: GBPUSD-OTC 2026-07-28 07:50:00 change: -0.0008
2026-07-29 06:19:02,753 | WARNING  | [ANOMALY] Price spike detected: EURGBP-OTC 2026-07-28 08:10:00 change: 0.0002
2026-07-29 06:19:02,753 | WARNING  | [ANOMALY] Price spike detected: EURUSD 2026-07-28 12:20:00 change: -0.0001
2026-07-29 06:19:02,753 | WARNING  | [ANOMALY] Price spike detected: EURGBP 2026-07-28 10:10:00 change: 0.0001
2026-07-29 06:19:02,753 | WARNING  | [ANOMALY] Price spike detected: GBPUSD-OTC 2026-07-28 07:55:00 change: 0.0003
2026-07-29 06:19:02,753 | WARNING  | [ANOMALY] Price spike detected: EURGBP-OTC 2026-07-28 08:15:00 change: -0.0005
2026-07-29 06:19:02,753 | WARNING  | [ANOMALY] Price spike detected: EURUSD 2026-07-28 12:25:00 change: -0.0001
2026-07-29 06:19:02,754 | WARNING  | [ANOMALY] Price spike detected: EURGBP 2026-07-28 10:15:00 change: 0.0001
2026-07-29 06:19:02,754 | WARNING  | [ANOMALY] Price spike detected: GBPUSD-OTC 2026-07-28 08:00:00 change: 0.0005
2026-07-29 06:19:02,754 | WARNING  | [ANOMALY] Price spike detected: EURGBP-OTC 2026-07-28 08:20:00 change: 0.0006
2026-07-29 06:19:02,754 | WARNING  | [ANOMALY] Price spike detected: EURUSD 2026-07-28 12:40:00 change: 0.0002
2026-07-29 06:19:02,754 | WARNING  | [ANOMALY] Price spike detected: EURGBP 2026-07-28 10:20:00 change: -0.0002
2026-07-29 06:19:02,754 | WARNING  | [ANOMALY] Price spike detected: GBPUSD-OTC 2026-07-28 08:05:00 change: -0.0002
2026-07-29 06:19:02,755 | WARNING  | [ANOMALY] Price spike detected: EURGBP-OTC 2026-07-28 08:25:00 change: 0.0009
2026-07-29 06:19:02,755 | WARNING  | [ANOMALY] Price spike detected: EURUSD 2026-07-28 12:45:00 change: 0.0002
2026-07-29 06:19:02,755 | WARNING  | [ANOMALY] Price spike detected: EURGBP 2026-07-28 10:30:00 change: 0.0001
2026-07-29 06:19:02,755 | WARNING  | [ANOMALY] Price spike detected: GBPUSD-OTC 2026-07-28 08:10:00 change: -0.0003
2026-07-29 06:19:02,755 | WARNING  | [ANOMALY] Price spike detected: EURGBP-OTC 2026-07-28 08:40:00 change: -0.0008
2026-07-29 06:19:02,755 | WARNING  | [ANOMALY] Price spike detected: EURUSD 2026-07-28 12:50:00 change: -0.0002
2026-07-29 06:19:02,756 | WARNING  | [ANOMALY] Price spike detected: EURGBP 2026-07-28 10:45:00 change: 0.0002
2026-07-29 06:19:02,756 | WARNING  | [ANOMALY] Price spike detected: GBPUSD-OTC 2026-07-28 08:20:00 change: -0.0002
2026-07-29 06:19:02,756 | WARNING  | [ANOMALY] Price spike detected: EURGBP-OTC 2026-07-28 08:45:00 change: 0.0004
2026-07-29 06:19:02,756 | WARNING  | [ANOMALY] Price spike detected: EURUSD 2026-07-28 13:00:00 change: 0.0002
2026-07-29 06:19:02,757 | WARNING  | [ANOMALY] Price spike detected: EURGBP 2026-07-28 10:50:00 change: 0.0000
2026-07-29 06:19:02,757 | WARNING  | [ANOMALY] Price spike detected: GBPUSD-OTC 2026-07-28 08:25:00 change: -0.0003
2026-07-29 06:19:02,757 | WARNING  | [ANOMALY] Price spike detected: EURGBP-OTC 2026-07-28 08:55:00 change: -0.0007
2026-07-29 06:19:02,757 | WARNING  | [ANOMALY] Price spike detected: EURUSD 2026-07-28 13:05:00 change: 0.0002
2026-07-29 06:19:02,757 | WARNING  | [ANOMALY] Price spike detected: EURGBP 2026-07-28 10:55:00 change: -0.0002
2026-07-29 06:19:02,757 | WARNING  | [ANOMALY] Price spike detected: GBPUSD-OTC 2026-07-28 08:30:00 change: 0.0005
2026-07-29 06:19:02,758 | WARNING  | [ANOMALY] Price spike detected: EURGBP-OTC 2026-07-28 09:00:00 change: -0.0003
2026-07-29 06:19:02,758 | WARNING  | [ANOMALY] Price spike detected: EURUSD 2026-07-28 13:10:00 change: -0.0002
2026-07-29 06:19:02,758 | WARNING  | [ANOMALY] Price spike detected: EURGBP 2026-07-28 11:00:00 change: 0.0001
2026-07-29 06:19:02,758 | WARNING  | [ANOMALY] Price spike detected: GBPUSD-OTC 2026-07-28 08:35:00 change: -0.0002
2026-07-29 06:19:02,758 | WARNING  | [ANOMALY] Price spike detected: EURGBP-OTC 2026-07-28 09:05:00 change: 0.0009
2026-07-29 06:19:02,759 | WARNING  | [ANOMALY] Price spike detected: EURUSD 2026-07-28 13:15:00 change: 0.0001
2026-07-29 06:19:02,759 | WARNING  | [ANOMALY] Price spike detected: EURGBP 2026-07-28 11:05:00 change: -0.0002
2026-07-29 06:19:02,759 | WARNING  | [ANOMALY] Price spike detected: GBPUSD-OTC 2026-07-28 08:45:00 change: -0.0013
2026-07-29 06:19:02,759 | WARNING  | [ANOMALY] Price spike detected: EURGBP-OTC 2026-07-28 09:10:00 change: 0.0013
2026-07-29 06:19:02,759 | WARNING  | [ANOMALY] Price spike detected: EURUSD 2026-07-28 13:25:00 change: -0.0001
2026-07-29 06:19:02,759 | WARNING  | [ANOMALY] Price spike detected: EURGBP 2026-07-28 11:10:00 change: 0.0002
2026-07-29 06:19:02,760 | WARNING  | [ANOMALY] Price spike detected: GBPUSD-OTC 2026-07-28 08:50:00 change: 0.0003
2026-07-29 06:19:02,760 | WARNING  | [ANOMALY] Price spike detected: EURGBP-OTC 2026-07-28 09:15:00 change: 0.0007
2026-07-29 06:19:02,760 | WARNING  | [ANOMALY] Price spike detected: EURUSD 2026-07-28 13:30:00 change: 0.0002
2026-07-29 06:19:02,760 | WARNING  | [ANOMALY] Price spike detected: EURGBP 2026-07-28 11:15:00 change: 0.0001
2026-07-29 06:19:02,760 | WARNING  | [ANOMALY] Price spike detected: GBPUSD-OTC 2026-07-28 08:55:00 change: -0.0006
2026-07-29 06:19:02,760 | WARNING  | [ANOMALY] Price spike detected: EURGBP-OTC 2026-07-28 09:20:00 change: -0.0003
2026-07-29 06:19:02,761 | WARNING  | [ANOMALY] Price spike detected: EURUSD 2026-07-28 13:35:00 change: -0.0001
2026-07-29 06:19:02,761 | WARNING  | [ANOMALY] Price spike detected: EURGBP 2026-07-28 11:25:00 change: 0.0002
2026-07-29 06:19:02,761 | WARNING  | [ANOMALY] Price spike detected: GBPUSD-OTC 2026-07-28 09:00:00 change: 0.0005
2026-07-29 06:19:02,761 | WARNING  | [ANOMALY] Price spike detected: EURGBP-OTC 2026-07-28 09:25:00 change: 0.0006
2026-07-29 06:19:02,761 | WARNING  | [ANOMALY] Price spike detected: EURUSD 2026-07-28 13:40:00 change: 0.0001
2026-07-29 06:19:02,761 | WARNING  | [ANOMALY] Price spike detected: EURGBP 2026-07-28 11:30:00 change: -0.0001
2026-07-29 06:19:02,762 | WARNING  | [ANOMALY] Price spike detected: GBPUSD-OTC 2026-07-28 09:05:00 change: -0.0008
2026-07-29 06:19:02,762 | WARNING  | [ANOMALY] Price spike detected: EURGBP-OTC 2026-07-28 09:30:00 change: 0.0008
2026-07-29 06:19:02,762 | WARNING  | [ANOMALY] Price spike detected: EURUSD 2026-07-28 13:45:00 change: 0.0003
2026-07-29 06:19:02,762 | WARNING  | [ANOMALY] Price spike detected: EURGBP 2026-07-28 11:35:00 change: 0.0001
2026-07-29 06:19:02,762 | WARNING  | [ANOMALY] Price spike detected: GBPUSD-OTC 2026-07-28 09:10:00 change: -0.0007
2026-07-29 06:19:02,762 | WARNING  | [ANOMALY] Price spike detected: EURGBP-OTC 2026-07-28 09:35:00 change: -0.0006
2026-07-29 06:19:02,763 | WARNING  | [ANOMALY] Price spike detected: EURUSD 2026-07-28 14:00:00 change: 0.0001
2026-07-29 06:19:02,763 | WARNING  | [ANOMALY] Price spike detected: EURGBP 2026-07-28 11:40:00 change: -0.0001
2026-07-29 06:19:02,763 | WARNING  | [ANOMALY] Price spike detected: GBPUSD-OTC 2026-07-28 09:20:00 change: 0.0004
2026-07-29 06:19:02,763 | WARNING  | [ANOMALY] Price spike detected: EURGBP-OTC 2026-07-28 09:40:00 change: -0.0007
2026-07-29 06:19:02,763 | WARNING  | [ANOMALY] Price spike detected: EURUSD 2026-07-28 14:05:00 change: 0.0001
2026-07-29 06:19:02,763 | WARNING  | [ANOMALY] Price spike detected: EURGBP 2026-07-28 11:50:00 change: 0.0002
2026-07-29 06:19:02,764 | WARNING  | [ANOMALY] Price spike detected: GBPUSD-OTC 2026-07-28 09:25:00 change: 0.0002
2026-07-29 06:19:02,764 | WARNING  | [ANOMALY] Price spike detected: EURGBP-OTC 2026-07-28 09:45:00 change: -0.0010
2026-07-29 06:19:02,764 | WARNING  | [ANOMALY] Price spike detected: EURUSD 2026-07-28 14:10:00 change: -0.0001
2026-07-29 06:19:02,764 | WARNING  | [ANOMALY] Price spike detected: EURGBP 2026-07-28 12:00:00 change: -0.0004
2026-07-29 06:19:02,764 | WARNING  | [ANOMALY] Price spike detected: GBPUSD-OTC 2026-07-28 09:30:00 change: -0.0004
2026-07-29 06:19:02,765 | WARNING  | [ANOMALY] Price spike detected: EURGBP-OTC 2026-07-28 09:55:00 change: -0.0004
2026-07-29 06:19:02,765 | WARNING  | [ANOMALY] Price spike detected: EURUSD 2026-07-28 14:15:00 change: -0.0001
2026-07-29 06:19:02,765 | WARNING  | [ANOMALY] Price spike detected: EURGBP 2026-07-28 12:10:00 change: -0.0001
2026-07-29 06:19:02,765 | WARNING  | [ANOMALY] Price spike detected: GBPUSD-OTC 2026-07-28 09:35:00 change: -0.0016
2026-07-29 06:19:02,765 | WARNING  | [ANOMALY] Price spike detected: EURGBP-OTC 2026-07-28 10:05:00 change: -0.0011
2026-07-29 06:19:02,765 | WARNING  | [ANOMALY] Price spike detected: EURUSD 2026-07-28 14:20:00 change: 0.0002
2026-07-29 06:19:02,766 | WARNING  | [ANOMALY] Price spike detected: EURGBP 2026-07-28 12:15:00 change: -0.0001
2026-07-29 06:19:02,766 | WARNING  | [ANOMALY] Price spike detected: GBPUSD-OTC 2026-07-28 09:45:00 change: 0.0007
2026-07-29 06:19:02,766 | WARNING  | [ANOMALY] Price spike detected: EURGBP-OTC 2026-07-28 10:15:00 change: -0.0008
2026-07-29 06:19:02,766 | WARNING  | [ANOMALY] Price spike detected: EURUSD 2026-07-28 14:25:00 change: 0.0003
2026-07-29 06:19:02,766 | WARNING  | [ANOMALY] Price spike detected: EURGBP 2026-07-28 12:20:00 change: -0.0001
2026-07-29 06:19:02,766 | WARNING  | [ANOMALY] Price spike detected: GBPUSD-OTC 2026-07-28 09:50:00 change: -0.0005
2026-07-29 06:19:02,767 | WARNING  | [ANOMALY] Price spike detected: EURGBP-OTC 2026-07-28 10:20:00 change: -0.0005
2026-07-29 06:19:02,767 | WARNING  | [ANOMALY] Price spike detected: EURUSD 2026-07-28 14:30:00 change: -0.0001
2026-07-29 06:19:02,767 | WARNING  | [ANOMALY] Price spike detected: EURGBP 2026-07-28 12:30:00 change: -0.0002
2026-07-29 06:19:02,767 | WARNING  | [ANOMALY] Price spike detected: GBPUSD-OTC 2026-07-28 09:55:00 change: 0.0007
2026-07-29 06:19:02,767 | WARNING  | [ANOMALY] Price spike detected: EURGBP-OTC 2026-07-28 10:25:00 change: -0.0007
2026-07-29 06:19:02,767 | WARNING  | [ANOMALY] Price spike detected: EURUSD 2026-07-28 14:40:00 change: 0.0002
2026-07-29 06:19:02,768 | WARNING  | [ANOMALY] Price spike detected: EURGBP 2026-07-28 12:35:00 change: -0.0001
2026-07-29 06:19:02,768 | WARNING  | [ANOMALY] Price spike detected: GBPUSD-OTC 2026-07-28 10:00:00 change: -0.0004
2026-07-29 06:19:02,768 | WARNING  | [ANOMALY] Price spike detected: EURGBP-OTC 2026-07-28 10:30:00 change: -0.0006
2026-07-29 06:19:02,768 | WARNING  | [ANOMALY] Price spike detected: EURUSD 2026-07-28 14:45:00 change: -0.0001
2026-07-29 06:19:02,768 | WARNING  | [ANOMALY] Price spike detected: EURGBP 2026-07-28 12:40:00 change: -0.0001
2026-07-29 06:19:02,768 | WARNING  | [ANOMALY] Price spike detected: GBPUSD-OTC 2026-07-28 10:05:00 change: -0.0004
2026-07-29 06:19:02,769 | WARNING  | [ANOMALY] Price spike detected: EURGBP-OTC 2026-07-28 10:35:00 change: 0.0004
2026-07-29 06:19:02,769 | WARNING  | [ANOMALY] Price spike detected: EURUSD 2026-07-28 14:50:00 change: 0.0005
2026-07-29 06:19:02,769 | WARNING  | [ANOMALY] Price spike detected: EURGBP 2026-07-28 12:45:00 change: -0.0001
2026-07-29 06:19:02,769 | WARNING  | [ANOMALY] Price spike detected: GBPUSD-OTC 2026-07-28 10:10:00 change: 0.0010
2026-07-29 06:19:02,769 | WARNING  | [ANOMALY] Price spike detected: EURGBP-OTC 2026-07-28 10:45:00 change: 0.0005
2026-07-29 06:19:02,770 | WARNING  | [ANOMALY] Price spike detected: EURUSD 2026-07-28 14:55:00 change: 0.0002
2026-07-29 06:19:02,770 | WARNING  | [ANOMALY] Price spike detected: EURGBP 2026-07-28 12:55:00 change: -0.0001
2026-07-29 06:19:02,770 | WARNING  | [ANOMALY] Price spike detected: GBPUSD-OTC 2026-07-28 10:15:00 change: -0.0006
2026-07-29 06:19:02,770 | WARNING  | [ANOMALY] Price spike detected: EURGBP-OTC 2026-07-28 10:50:00 change: -0.0007
2026-07-29 06:19:02,770 | WARNING  | [ANOMALY] Price spike detected: EURUSD 2026-07-28 15:00:00 change: -0.0001
2026-07-29 06:19:02,770 | WARNING  | [ANOMALY] Price spike detected: EURGBP 2026-07-28 13:00:00 change: 0.0001
2026-07-29 06:19:02,771 | WARNING  | [ANOMALY] Price spike detected: GBPUSD-OTC 2026-07-28 10:20:00 change: -0.0004
2026-07-29 06:19:02,771 | WARNING  | [ANOMALY] Price spike detected: EURGBP-OTC 2026-07-28 10:55:00 change: -0.0011
2026-07-29 06:19:02,771 | WARNING  | [ANOMALY] Price spike detected: EURUSD 2026-07-28 15:05:00 change: 0.0003
2026-07-29 06:19:02,771 | WARNING  | [ANOMALY] Price spike detected: EURGBP 2026-07-28 13:10:00 change: 0.0001
2026-07-29 06:19:02,771 | WARNING  | [ANOMALY] Price spike detected: GBPUSD-OTC 2026-07-28 10:25:00 change: -0.0007
2026-07-29 06:19:02,771 | WARNING  | [ANOMALY] Price spike detected: EURGBP-OTC 2026-07-28 11:00:00 change: -0.0003
2026-07-29 06:19:02,772 | WARNING  | [ANOMALY] Price spike detected: EURUSD 2026-07-28 15:10:00 change: 0.0006
2026-07-29 06:19:02,772 | WARNING  | [ANOMALY] Price spike detected: EURGBP 2026-07-28 13:15:00 change: 0.0002
2026-07-29 06:19:02,772 | WARNING  | [ANOMALY] Price spike detected: GBPUSD-OTC 2026-07-28 10:30:00 change: -0.0008
2026-07-29 06:19:02,772 | WARNING  | [ANOMALY] Price spike detected: EURGBP-OTC 2026-07-28 11:05:00 change: -0.0008
2026-07-29 06:19:02,772 | WARNING  | [ANOMALY] Price spike detected: EURUSD 2026-07-28 15:15:00 change: 0.0001
2026-07-29 06:19:02,773 | WARNING  | [ANOMALY] Price spike detected: EURGBP 2026-07-28 13:20:00 change: -0.0001
2026-07-29 06:19:02,773 | WARNING  | [ANOMALY] Price spike detected: GBPUSD-OTC 2026-07-28 10:35:00 change: 0.0002
2026-07-29 06:19:02,773 | WARNING  | [ANOMALY] Price spike detected: EURGBP-OTC 2026-07-28 11:10:00 change: 0.0006
2026-07-29 06:19:02,773 | WARNING  | [ANOMALY] Price spike detected: EURUSD 2026-07-28 15:20:00 change: -0.0001
2026-07-29 06:19:02,773 | WARNING  | [ANOMALY] Price spike detected: EURGBP 2026-07-28 13:30:00 change: 0.0000
2026-07-29 06:19:02,773 | WARNING  | [ANOMALY] Price spike detected: GBPUSD-OTC 2026-07-28 10:40:00 change: 0.0004
2026-07-29 06:19:02,774 | WARNING  | [ANOMALY] Price spike detected: EURGBP-OTC 2026-07-28 11:15:00 change: -0.0007
2026-07-29 06:19:02,774 | WARNING  | [ANOMALY] Price spike detected: EURUSD 2026-07-28 15:25:00 change: 0.0001
2026-07-29 06:19:02,774 | WARNING  | [ANOMALY] Price spike detected: EURGBP 2026-07-28 13:35:00 change: 0.0001
2026-07-29 06:19:02,774 | WARNING  | [ANOMALY] Price spike detected: GBPUSD-OTC 2026-07-28 10:45:00 change: -0.0004
2026-07-29 06:19:02,774 | WARNING  | [ANOMALY] Price spike detected: EURGBP-OTC 2026-07-28 11:20:00 change: 0.0007
2026-07-29 06:19:02,774 | WARNING  | [ANOMALY] Price spike detected: EURUSD 2026-07-28 15:30:00 change: 0.0001
2026-07-29 06:19:02,775 | WARNING  | [ANOMALY] Price spike detected: EURGBP 2026-07-28 13:45:00 change: -0.0001
2026-07-29 06:19:02,775 | WARNING  | [ANOMALY] Price spike detected: GBPUSD-OTC 2026-07-28 10:50:00 change: 0.0003
2026-07-29 06:19:02,775 | WARNING  | [ANOMALY] Price spike detected: EURGBP-OTC 2026-07-28 11:25:00 change: 0.0003
2026-07-29 06:19:02,775 | WARNING  | [ANOMALY] Price spike detected: EURUSD 2026-07-28 15:35:00 change: -0.0001
2026-07-29 06:19:02,775 | WARNING  | [ANOMALY] Price spike detected: EURGBP 2026-07-28 13:50:00 change: 0.0002
2026-07-29 06:19:02,775 | WARNING  | [ANOMALY] Price spike detected: GBPUSD-OTC 2026-07-28 10:55:00 change: -0.0008
2026-07-29 06:19:02,776 | WARNING  | [ANOMALY] Price spike detected: EURGBP-OTC 2026-07-28 11:30:00 change: -0.0004
2026-07-29 06:19:02,776 | WARNING  | [ANOMALY] Price spike detected: EURUSD 2026-07-28 15:40:00 change: 0.0005
2026-07-29 06:19:02,776 | WARNING  | [ANOMALY] Price spike detected: EURGBP 2026-07-28 13:55:00 change: -0.0001
2026-07-29 06:19:02,776 | WARNING  | [ANOMALY] Price spike detected: GBPUSD-OTC 2026-07-28 11:00:00 change: -0.0002
2026-07-29 06:19:02,776 | WARNING  | [ANOMALY] Price spike detected: EURGBP-OTC 2026-07-28 11:35:00 change: 0.0005
2026-07-29 06:19:02,776 | WARNING  | [ANOMALY] Price spike detected: EURUSD 2026-07-28 15:45:00 change: -0.0002
2026-07-29 06:19:02,777 | WARNING  | [ANOMALY] Price spike detected: EURGBP 2026-07-28 14:00:00 change: 0.0002
2026-07-29 06:19:02,777 | WARNING  | [ANOMALY] Price spike detected: GBPUSD-OTC 2026-07-28 11:05:00 change: -0.0005
2026-07-29 06:19:02,777 | WARNING  | [ANOMALY] Price spike detected: EURGBP-OTC 2026-07-28 11:45:00 change: -0.0002
2026-07-29 06:19:02,777 | WARNING  | [ANOMALY] Price spike detected: EURUSD 2026-07-28 15:55:00 change: 0.0001
2026-07-29 06:19:02,777 | WARNING  | [ANOMALY] Price spike detected: EURGBP 2026-07-28 14:05:00 change: 0.0002
2026-07-29 06:19:02,777 | WARNING  | [ANOMALY] Price spike detected: GBPUSD-OTC 2026-07-28 11:10:00 change: -0.0018
2026-07-29 06:19:02,778 | WARNING  | [ANOMALY] Price spike detected: EURGBP-OTC 2026-07-28 11:50:00 change: -0.0005
2026-07-29 06:19:02,778 | WARNING  | [ANOMALY] Price spike detected: EURUSD 2026-07-28 16:05:00 change: 0.0001
2026-07-29 06:19:02,778 | WARNING  | [ANOMALY] Price spike detected: EURGBP 2026-07-28 14:10:00 change: 0.0003
2026-07-29 06:19:02,778 | WARNING  | [ANOMALY] Price spike detected: GBPUSD-OTC 2026-07-28 11:20:00 change: -0.0008
2026-07-29 06:19:02,778 | WARNING  | [ANOMALY] Price spike detected: EURGBP-OTC 2026-07-28 11:55:00 change: -0.0005
2026-07-29 06:19:02,778 | WARNING  | [ANOMALY] Price spike detected: EURUSD 2026-07-28 16:15:00 change: 0.0001
2026-07-29 06:19:02,779 | WARNING  | [ANOMALY] Price spike detected: EURGBP 2026-07-28 14:15:00 change: 0.0001
2026-07-29 06:19:02,779 | WARNING  | [ANOMALY] Price spike detected: GBPUSD-OTC 2026-07-28 11:30:00 change: -0.0002
2026-07-29 06:19:02,779 | WARNING  | [ANOMALY] Price spike detected: EURGBP-OTC 2026-07-28 12:00:00 change: -0.0010
2026-07-29 06:19:02,779 | WARNING  | [ANOMALY] Price spike detected: EURUSD 2026-07-28 16:25:00 change: 0.0001
2026-07-29 06:19:02,779 | WARNING  | [ANOMALY] Price spike detected: EURGBP 2026-07-28 14:20:00 change: 0.0002
2026-07-29 06:19:02,779 | WARNING  | [ANOMALY] Price spike detected: GBPUSD-OTC 2026-07-28 11:35:00 change: 0.0011
2026-07-29 06:19:02,780 | WARNING  | [ANOMALY] Price spike detected: EURGBP-OTC 2026-07-28 12:10:00 change: 0.0004
2026-07-29 06:19:02,780 | WARNING  | [ANOMALY] Price spike detected: EURUSD 2026-07-28 16:30:00 change: -0.0001
2026-07-29 06:19:02,780 | WARNING  | [ANOMALY] Price spike detected: EURGBP 2026-07-28 14:25:00 change: 0.0001
2026-07-29 06:19:02,780 | WARNING  | [ANOMALY] Price spike detected: GBPUSD-OTC 2026-07-28 11:40:00 change: 0.0003
2026-07-29 06:19:02,780 | WARNING  | [ANOMALY] Price spike detected: EURGBP-OTC 2026-07-28 12:15:00 change: 0.0003
2026-07-29 06:19:02,780 | WARNING  | [ANOMALY] Price spike detected: EURUSD 2026-07-28 16:35:00 change: -0.0002
2026-07-29 06:19:02,780 | WARNING  | [ANOMALY] Price spike detected: EURGBP 2026-07-28 14:35:00 change: 0.0001
2026-07-29 06:19:02,781 | WARNING  | [ANOMALY] Price spike detected: GBPUSD-OTC 2026-07-28 11:45:00 change: -0.0006
2026-07-29 06:19:02,781 | WARNING  | [ANOMALY] Price spike detected: EURGBP-OTC 2026-07-28 12:20:00 change: 0.0002
2026-07-29 06:19:02,781 | WARNING  | [ANOMALY] Price spike detected: EURUSD 2026-07-28 16:40:00 change: -0.0002
2026-07-29 06:19:02,781 | WARNING  | [ANOMALY] Price spike detected: EURGBP 2026-07-28 14:40:00 change: 0.0002
2026-07-29 06:19:02,781 | WARNING  | [ANOMALY] Price spike detected: GBPUSD-OTC 2026-07-28 11:50:00 change: 0.0007
2026-07-29 06:19:02,781 | WARNING  | [ANOMALY] Price spike detected: EURGBP-OTC 2026-07-28 12:25:00 change: 0.0003
2026-07-29 06:19:02,782 | WARNING  | [ANOMALY] Price spike detected: EURUSD 2026-07-28 16:45:00 change: -0.0003
2026-07-29 06:19:02,782 | WARNING  | [ANOMALY] Price spike detected: EURGBP 2026-07-28 14:45:00 change: -0.0002
2026-07-29 06:19:02,782 | WARNING  | [ANOMALY] Price spike detected: GBPUSD-OTC 2026-07-28 11:55:00 change: 0.0005
2026-07-29 06:19:02,782 | WARNING  | [ANOMALY] Price spike detected: EURGBP-OTC 2026-07-28 12:30:00 change: 0.0002
2026-07-29 06:19:02,782 | WARNING  | [ANOMALY] Price spike detected: EURUSD 2026-07-28 16:50:00 change: 0.0001
2026-07-29 06:19:02,782 | WARNING  | [ANOMALY] Price spike detected: EURGBP 2026-07-28 14:50:00 change: 0.0005
2026-07-29 06:19:02,783 | WARNING  | [ANOMALY] Price spike detected: GBPUSD-OTC 2026-07-28 12:10:00 change: -0.0012
2026-07-29 06:19:02,783 | WARNING  | [ANOMALY] Price spike detected: EURGBP-OTC 2026-07-28 12:40:00 change: -0.0003
2026-07-29 06:19:02,783 | WARNING  | [ANOMALY] Price spike detected: EURUSD 2026-07-28 16:55:00 change: -0.0002
2026-07-29 06:19:02,783 | WARNING  | [ANOMALY] Price spike detected: EURGBP 2026-07-28 14:55:00 change: 0.0004
2026-07-29 06:19:02,783 | WARNING  | [ANOMALY] Price spike detected: GBPUSD-OTC 2026-07-28 12:15:00 change: 0.0008
2026-07-29 06:19:02,783 | WARNING  | [ANOMALY] Price spike detected: EURGBP-OTC 2026-07-28 12:55:00 change: -0.0006
2026-07-29 06:19:02,784 | WARNING  | [ANOMALY] Price spike detected: EURUSD 2026-07-28 17:00:00 change: 0.0001
2026-07-29 06:19:02,784 | WARNING  | [ANOMALY] Price spike detected: EURGBP 2026-07-28 15:00:00 change: -0.0001
2026-07-29 06:19:02,784 | WARNING  | [ANOMALY] Price spike detected: GBPUSD-OTC 2026-07-28 12:20:00 change: 0.0005
2026-07-29 06:19:02,784 | WARNING  | [ANOMALY] Price spike detected: EURGBP-OTC 2026-07-28 13:05:00 change: 0.0013
2026-07-29 06:19:02,784 | WARNING  | [ANOMALY] Price spike detected: EURUSD 2026-07-28 17:05:00 change: -0.0001
2026-07-29 06:19:02,784 | WARNING  | [ANOMALY] Price spike detected: EURGBP 2026-07-28 15:05:00 change: -0.0001
2026-07-29 06:19:02,785 | WARNING  | [ANOMALY] Price spike detected: GBPUSD-OTC 2026-07-28 12:25:00 change: -0.0004
2026-07-29 06:19:02,785 | WARNING  | [ANOMALY] Price spike detected: EURGBP-OTC 2026-07-28 13:10:00 change: -0.0002
2026-07-29 06:19:02,785 | WARNING  | [ANOMALY] Price spike detected: EURUSD 2026-07-28 17:10:00 change: -0.0001
2026-07-29 06:19:02,785 | WARNING  | [ANOMALY] Price spike detected: EURGBP 2026-07-28 15:10:00 change: 0.0001
2026-07-29 06:19:02,785 | WARNING  | [ANOMALY] Price spike detected: GBPUSD-OTC 2026-07-28 12:35:00 change: 0.0004
2026-07-29 06:19:02,785 | WARNING  | [ANOMALY] Price spike detected: EURGBP-OTC 2026-07-28 13:15:00 change: -0.0003
2026-07-29 06:19:02,785 | WARNING  | [ANOMALY] Price spike detected: EURUSD 2026-07-28 17:20:00 change: -0.0001
2026-07-29 06:19:02,786 | WARNING  | [ANOMALY] Price spike detected: EURGBP 2026-07-28 15:20:00 change: 0.0001
2026-07-29 06:19:02,786 | WARNING  | [ANOMALY] Price spike detected: GBPUSD-OTC 2026-07-28 12:40:00 change: 0.0004
2026-07-29 06:19:02,786 | WARNING  | [ANOMALY] Price spike detected: EURGBP-OTC 2026-07-28 13:20:00 change: -0.0002
2026-07-29 06:19:02,786 | WARNING  | [ANOMALY] Price spike detected: EURUSD 2026-07-28 17:30:00 change: 0.0001
2026-07-29 06:19:02,786 | WARNING  | [ANOMALY] Price spike detected: EURGBP 2026-07-28 15:25:00 change: -0.0001
2026-07-29 06:19:02,786 | WARNING  | [ANOMALY] Price spike detected: GBPUSD-OTC 2026-07-28 12:45:00 change: -0.0012
2026-07-29 06:19:02,787 | WARNING  | [ANOMALY] Price spike detected: EURGBP-OTC 2026-07-28 13:35:00 change: 0.0003
2026-07-29 06:19:02,787 | WARNING  | [ANOMALY] Price spike detected: EURUSD 2026-07-28 17:35:00 change: -0.0000
2026-07-29 06:19:02,787 | WARNING  | [ANOMALY] Price spike detected: EURGBP 2026-07-28 15:30:00 change: -0.0001
2026-07-29 06:19:02,787 | WARNING  | [ANOMALY] Price spike detected: GBPUSD-OTC 2026-07-28 12:50:00 change: -0.0013
2026-07-29 06:19:02,787 | WARNING  | [ANOMALY] Price spike detected: EURGBP-OTC 2026-07-28 13:40:00 change: -0.0005
2026-07-29 06:19:02,787 | WARNING  | [ANOMALY] Price spike detected: EURUSD 2026-07-28 17:40:00 change: -0.0001
2026-07-29 06:19:02,788 | WARNING  | [ANOMALY] Price spike detected: EURGBP 2026-07-28 15:35:00 change: 0.0002
2026-07-29 06:19:02,788 | WARNING  | [ANOMALY] Price spike detected: GBPUSD-OTC 2026-07-28 13:00:00 change: 0.0011
2026-07-29 06:19:02,789 | WARNING  | [ANOMALY] Price spike detected: EURGBP-OTC 2026-07-28 13:50:00 change: 0.0004
2026-07-29 06:19:02,789 | WARNING  | [ANOMALY] Price spike detected: EURUSD 2026-07-28 17:45:00 change: -0.0001
2026-07-29 06:19:02,789 | WARNING  | [ANOMALY] Price spike detected: EURGBP 2026-07-28 15:45:00 change: -0.0002
2026-07-29 06:19:02,789 | WARNING  | [ANOMALY] Price spike detected: GBPUSD-OTC 2026-07-28 13:05:00 change: 0.0006
2026-07-29 06:19:02,790 | WARNING  | [ANOMALY] Price spike detected: EURGBP-OTC 2026-07-28 13:55:00 change: 0.0006
2026-07-29 06:19:02,790 | WARNING  | [ANOMALY] Price spike detected: EURUSD 2026-07-28 17:50:00 change: -0.0000
2026-07-29 06:19:02,790 | WARNING  | [ANOMALY] Price spike detected: EURGBP 2026-07-28 15:50:00 change: 0.0002
2026-07-29 06:19:02,790 | WARNING  | [ANOMALY] Price spike detected: GBPUSD-OTC 2026-07-28 13:15:00 change: 0.0006
2026-07-29 06:19:02,790 | WARNING  | [ANOMALY] Price spike detected: EURGBP-OTC 2026-07-28 14:00:00 change: -0.0004
2026-07-29 06:19:02,791 | WARNING  | [ANOMALY] Price spike detected: EURUSD 2026-07-28 17:55:00 change: -0.0001
2026-07-29 06:19:02,791 | WARNING  | [ANOMALY] Price spike detected: EURGBP 2026-07-28 15:55:00 change: -0.0001
2026-07-29 06:19:02,791 | WARNING  | [ANOMALY] Price spike detected: GBPUSD-OTC 2026-07-28 13:20:00 change: 0.0006
2026-07-29 06:19:02,792 | WARNING  | [ANOMALY] Price spike detected: EURGBP-OTC 2026-07-28 14:05:00 change: -0.0003
2026-07-29 06:19:02,792 | WARNING  | [ANOMALY] Price spike detected: EURUSD 2026-07-28 18:05:00 change: 0.0000
2026-07-29 06:19:02,792 | WARNING  | [ANOMALY] Price spike detected: EURGBP 2026-07-28 16:00:00 change: 0.0001
2026-07-29 06:19:02,792 | WARNING  | [ANOMALY] Price spike detected: GBPUSD-OTC 2026-07-28 13:25:00 change: -0.0006
2026-07-29 06:19:02,792 | WARNING  | [ANOMALY] Price spike detected: EURGBP-OTC 2026-07-28 14:10:00 change: -0.0003
2026-07-29 06:19:02,793 | WARNING  | [ANOMALY] Price spike detected: EURUSD 2026-07-28 18:10:00 change: -0.0000
2026-07-29 06:19:02,793 | WARNING  | [ANOMALY] Price spike detected: EURGBP 2026-07-28 16:05:00 change: 0.0001
2026-07-29 06:19:02,793 | WARNING  | [ANOMALY] Price spike detected: GBPUSD-OTC 2026-07-28 13:30:00 change: 0.0005
2026-07-29 06:19:02,793 | WARNING  | [ANOMALY] Price spike detected: EURGBP-OTC 2026-07-28 14:15:00 change: -0.0003
2026-07-29 06:19:02,793 | WARNING  | [ANOMALY] Price spike detected: EURUSD 2026-07-28 18:15:00 change: 0.0001
2026-07-29 06:19:02,794 | WARNING  | [ANOMALY] Price spike detected: EURGBP 2026-07-28 16:10:00 change: 0.0002
2026-07-29 06:19:02,794 | WARNING  | [ANOMALY] Price spike detected: GBPUSD-OTC 2026-07-28 13:35:00 change: 0.0011
2026-07-29 06:19:02,794 | WARNING  | [ANOMALY] Price spike detected: EURGBP-OTC 2026-07-28 14:20:00 change: 0.0002
2026-07-29 06:19:02,794 | WARNING  | [ANOMALY] Price spike detected: EURUSD 2026-07-28 18:20:00 change: -0.0002
2026-07-29 06:19:02,794 | WARNING  | [ANOMALY] Price spike detected: EURGBP 2026-07-28 16:15:00 change: 0.0002
2026-07-29 06:19:02,794 | WARNING  | [ANOMALY] Price spike detected: GBPUSD-OTC 2026-07-28 13:40:00 change: 0.0007
2026-07-29 06:19:02,795 | WARNING  | [ANOMALY] Price spike detected: EURGBP-OTC 2026-07-28 14:25:00 change: 0.0009
2026-07-29 06:19:02,795 | WARNING  | [ANOMALY] Price spike detected: EURUSD 2026-07-28 18:25:00 change: -0.0001
2026-07-29 06:19:02,795 | WARNING  | [ANOMALY] Price spike detected: EURGBP 2026-07-28 16:20:00 change: -0.0001
2026-07-29 06:19:02,795 | WARNING  | [ANOMALY] Price spike detected: GBPUSD-OTC 2026-07-28 13:45:00 change: -0.0006
2026-07-29 06:19:02,795 | WARNING  | [ANOMALY] Price spike detected: EURGBP-OTC 2026-07-28 14:30:00 change: -0.0002
2026-07-29 06:19:02,795 | WARNING  | [ANOMALY] Price spike detected: EURUSD 2026-07-28 18:35:00 change: 0.0001
2026-07-29 06:19:02,796 | WARNING  | [ANOMALY] Price spike detected: EURGBP 2026-07-28 16:25:00 change: 0.0001
2026-07-29 06:19:02,796 | WARNING  | [ANOMALY] Price spike detected: GBPUSD-OTC 2026-07-28 13:55:00 change: 0.0004
2026-07-29 06:19:02,796 | WARNING  | [ANOMALY] Price spike detected: EURGBP-OTC 2026-07-28 14:35:00 change: 0.0009
2026-07-29 06:19:02,796 | WARNING  | [ANOMALY] Price spike detected: EURUSD 2026-07-28 18:45:00 change: -0.0001
2026-07-29 06:19:02,796 | WARNING  | [ANOMALY] Price spike detected: EURGBP 2026-07-28 16:35:00 change: -0.0003
2026-07-29 06:19:02,796 | WARNING  | [ANOMALY] Price spike detected: GBPUSD-OTC 2026-07-28 14:00:00 change: 0.0004
2026-07-29 06:19:02,797 | WARNING  | [ANOMALY] Price spike detected: EURGBP-OTC 2026-07-28 14:40:00 change: 0.0002
2026-07-29 06:19:02,797 | WARNING  | [ANOMALY] Price spike detected: EURUSD 2026-07-28 19:00:00 change: 0.0001
2026-07-29 06:19:02,797 | WARNING  | [ANOMALY] Price spike detected: EURGBP 2026-07-28 16:40:00 change: 0.0002
2026-07-29 06:19:02,798 | WARNING  | [ANOMALY] Price spike detected: GBPUSD-OTC 2026-07-28 14:05:00 change: 0.0008
2026-07-29 06:19:02,798 | WARNING  | [ANOMALY] Price spike detected: EURGBP-OTC 2026-07-28 14:50:00 change: 0.0008
2026-07-29 06:19:02,798 | WARNING  | [ANOMALY] Price spike detected: EURUSD 2026-07-28 19:05:00 change: 0.0001
2026-07-29 06:19:02,798 | WARNING  | [ANOMALY] Price spike detected: EURGBP 2026-07-28 16:50:00 change: -0.0001
2026-07-29 06:19:02,798 | WARNING  | [ANOMALY] Price spike detected: GBPUSD-OTC 2026-07-28 14:10:00 change: 0.0007
2026-07-29 06:19:02,798 | WARNING  | [ANOMALY] Price spike detected: EURGBP-OTC 2026-07-28 14:55:00 change: -0.0003
2026-07-29 06:19:02,799 | WARNING  | [ANOMALY] Price spike detected: EURUSD 2026-07-28 19:10:00 change: -0.0001
2026-07-29 06:19:02,799 | WARNING  | [ANOMALY] Price spike detected: EURGBP 2026-07-28 17:00:00 change: -0.0001
2026-07-29 06:19:02,799 | WARNING  | [ANOMALY] Price spike detected: GBPUSD-OTC 2026-07-28 14:15:00 change: -0.0014
2026-07-29 06:19:02,799 | WARNING  | [ANOMALY] Price spike detected: EURGBP-OTC 2026-07-28 15:00:00 change: -0.0004
2026-07-29 06:19:02,799 | WARNING  | [ANOMALY] Price spike detected: EURUSD 2026-07-28 19:15:00 change: 0.0002
2026-07-29 06:19:02,799 | WARNING  | [ANOMALY] Price spike detected: EURGBP 2026-07-28 17:05:00 change: -0.0000
2026-07-29 06:19:02,800 | WARNING  | [ANOMALY] Price spike detected: GBPUSD-OTC 2026-07-28 14:20:00 change: 0.0004
2026-07-29 06:19:02,800 | WARNING  | [ANOMALY] Price spike detected: EURGBP-OTC 2026-07-28 15:05:00 change: -0.0004
2026-07-29 06:19:02,800 | WARNING  | [ANOMALY] Price spike detected: EURUSD 2026-07-28 19:25:00 change: -0.0001
2026-07-29 06:19:02,800 | WARNING  | [ANOMALY] Price spike detected: EURGBP 2026-07-28 17:15:00 change: -0.0000
2026-07-29 06:19:02,800 | WARNING  | [ANOMALY] Price spike detected: GBPUSD-OTC 2026-07-28 14:35:00 change: 0.0008
2026-07-29 06:19:02,800 | WARNING  | [ANOMALY] Price spike detected: EURGBP-OTC 2026-07-28 15:10:00 change: -0.0004
2026-07-29 06:19:02,801 | WARNING  | [ANOMALY] Price spike detected: EURUSD 2026-07-28 19:30:00 change: 0.0001
2026-07-29 06:19:02,801 | WARNING  | [ANOMALY] Price spike detected: EURGBP 2026-07-28 17:25:00 change: -0.0000
2026-07-29 06:19:02,801 | WARNING  | [ANOMALY] Price spike detected: GBPUSD-OTC 2026-07-28 14:40:00 change: 0.0010
2026-07-29 06:19:02,801 | WARNING  | [ANOMALY] Price spike detected: EURGBP-OTC 2026-07-28 15:20:00 change: -0.0010
2026-07-29 06:19:02,801 | WARNING  | [ANOMALY] Price spike detected: EURUSD 2026-07-28 19:35:00 change: -0.0000
2026-07-29 06:19:02,801 | WARNING  | [ANOMALY] Price spike detected: EURGBP 2026-07-28 17:30:00 change: 0.0000
2026-07-29 06:19:02,802 | WARNING  | [ANOMALY] Price spike detected: GBPUSD-OTC 2026-07-28 14:45:00 change: 0.0003
2026-07-29 06:19:02,802 | WARNING  | [ANOMALY] Price spike detected: EURGBP-OTC 2026-07-28 15:30:00 change: -0.0004
2026-07-29 06:19:02,802 | WARNING  | [ANOMALY] Price spike detected: EURUSD 2026-07-28 19:40:00 change: 0.0000
2026-07-29 06:19:02,802 | WARNING  | [ANOMALY] Price spike detected: EURGBP 2026-07-28 17:35:00 change: 0.0001
2026-07-29 06:19:02,802 | WARNING  | [ANOMALY] Price spike detected: GBPUSD-OTC 2026-07-28 14:50:00 change: 0.0005
2026-07-29 06:19:02,802 | WARNING  | [ANOMALY] Price spike detected: EURGBP-OTC 2026-07-28 15:35:00 change: -0.0006
2026-07-29 06:19:02,803 | WARNING  | [ANOMALY] Price spike detected: EURUSD 2026-07-28 19:45:00 change: 0.0001
2026-07-29 06:19:02,803 | WARNING  | [ANOMALY] Price spike detected: EURGBP 2026-07-28 17:45:00 change: 0.0001
2026-07-29 06:19:02,803 | WARNING  | [ANOMALY] Price spike detected: GBPUSD-OTC 2026-07-28 14:55:00 change: -0.0005
2026-07-29 06:19:02,803 | WARNING  | [ANOMALY] Price spike detected: EURGBP-OTC 2026-07-28 15:40:00 change: 0.0011
2026-07-29 06:19:02,803 | WARNING  | [ANOMALY] Price spike detected: EURUSD 2026-07-28 19:50:00 change: -0.0000
2026-07-29 06:19:02,803 | WARNING  | [ANOMALY] Price spike detected: EURGBP 2026-07-28 17:50:00 change: 0.0000
2026-07-29 06:19:02,803 | WARNING  | [ANOMALY] Price spike detected: GBPUSD-OTC 2026-07-28 15:05:00 change: -0.0005
2026-07-29 06:19:02,803 | WARNING  | [ANOMALY] Price spike detected: EURGBP-OTC 2026-07-28 15:50:00 change: 0.0003
2026-07-29 06:19:02,803 | WARNING  | [ANOMALY] Price spike detected: EURUSD 2026-07-28 19:55:00 change: -0.0003
2026-07-29 06:19:02,804 | WARNING  | [ANOMALY] Price spike detected: EURGBP 2026-07-28 17:55:00 change: -0.0000
2026-07-29 06:19:02,804 | WARNING  | [ANOMALY] Price spike detected: GBPUSD-OTC 2026-07-28 15:15:00 change: -0.0004
2026-07-29 06:19:02,804 | WARNING  | [ANOMALY] Price spike detected: EURGBP-OTC 2026-07-28 15:55:00 change: -0.0005
2026-07-29 06:19:02,804 | WARNING  | [ANOMALY] Price spike detected: EURUSD 2026-07-28 20:10:00 change: 0.0001
2026-07-29 06:19:02,805 | WARNING  | [ANOMALY] Price spike detected: EURGBP 2026-07-28 18:00:00 change: 0.0001
2026-07-29 06:19:02,805 | WARNING  | [ANOMALY] Price spike detected: GBPUSD-OTC 2026-07-28 15:20:00 change: 0.0012
2026-07-29 06:19:02,805 | WARNING  | [ANOMALY] Price spike detected: EURGBP-OTC 2026-07-28 16:00:00 change: 0.0002
2026-07-29 06:19:02,805 | WARNING  | [ANOMALY] Price spike detected: EURUSD 2026-07-28 20:15:00 change: -0.0001
2026-07-29 06:19:02,805 | WARNING  | [ANOMALY] Price spike detected: EURGBP 2026-07-28 18:05:00 change: 0.0001
2026-07-29 06:19:02,806 | WARNING  | [ANOMALY] Price spike detected: GBPUSD-OTC 2026-07-28 15:25:00 change: -0.0004
2026-07-29 06:19:02,806 | WARNING  | [ANOMALY] Price spike detected: EURGBP-OTC 2026-07-28 16:15:00 change: -0.0002
2026-07-29 06:19:02,806 | WARNING  | [ANOMALY] Price spike detected: EURUSD 2026-07-28 20:25:00 change: -0.0001
2026-07-29 06:19:02,806 | WARNING  | [ANOMALY] Price spike detected: EURGBP 2026-07-28 18:10:00 change: -0.0000
2026-07-29 06:19:02,806 | WARNING  | [ANOMALY] Price spike detected: GBPUSD-OTC 2026-07-28 15:35:00 change: -0.0002
2026-07-29 06:19:02,807 | WARNING  | [ANOMALY] Price spike detected: EURGBP-OTC 2026-07-28 16:25:00 change: -0.0008
2026-07-29 06:19:02,807 | WARNING  | [ANOMALY] Price spike detected: EURUSD 2026-07-28 20:35:00 change: -0.0001
2026-07-29 06:19:02,807 | WARNING  | [ANOMALY] Price spike detected: EURGBP 2026-07-28 18:15:00 change: 0.0001
2026-07-29 06:19:02,807 | WARNING  | [ANOMALY] Price spike detected: GBPUSD-OTC 2026-07-28 15:40:00 change: -0.0006
2026-07-29 06:19:02,807 | WARNING  | [ANOMALY] Price spike detected: EURGBP-OTC 2026-07-28 16:30:00 change: -0.0007
2026-07-29 06:19:02,807 | WARNING  | [ANOMALY] Price spike detected: EURUSD 2026-07-28 20:40:00 change: 0.0001
2026-07-29 06:19:02,808 | WARNING  | [ANOMALY] Price spike detected: EURGBP 2026-07-28 18:20:00 change: -0.0000
2026-07-29 06:19:02,808 | WARNING  | [ANOMALY] Price spike detected: GBPUSD-OTC 2026-07-28 15:45:00 change: -0.0007
2026-07-29 06:19:02,808 | WARNING  | [ANOMALY] Price spike detected: EURGBP-OTC 2026-07-28 16:35:00 change: -0.0007
2026-07-29 06:19:02,808 | WARNING  | [ANOMALY] Price spike detected: EURUSD 2026-07-28 20:45:00 change: -0.0001
2026-07-29 06:19:02,808 | WARNING  | [ANOMALY] Price spike detected: EURGBP 2026-07-28 18:25:00 change: 0.0000
2026-07-29 06:19:02,808 | WARNING  | [ANOMALY] Price spike detected: GBPUSD-OTC 2026-07-28 15:50:00 change: -0.0002
2026-07-29 06:19:02,809 | WARNING  | [ANOMALY] Price spike detected: EURGBP-OTC 2026-07-28 16:40:00 change: 0.0006
2026-07-29 06:19:02,809 | WARNING  | [ANOMALY] Price spike detected: EURUSD 2026-07-28 21:00:00 change: 0.0003
2026-07-29 06:19:02,809 | WARNING  | [ANOMALY] Price spike detected: EURGBP 2026-07-28 18:30:00 change: -0.0001
2026-07-29 06:19:02,809 | WARNING  | [ANOMALY] Price spike detected: GBPUSD-OTC 2026-07-28 15:55:00 change: -0.0004
2026-07-29 06:19:02,809 | WARNING  | [ANOMALY] Price spike detected: EURGBP-OTC 2026-07-28 16:45:00 change: -0.0006
2026-07-29 06:19:02,809 | WARNING  | [ANOMALY] Price spike detected: EURUSD 2026-07-28 21:05:00 change: 0.0000
2026-07-29 06:19:02,809 | WARNING  | [ANOMALY] Price spike detected: EURGBP 2026-07-28 18:40:00 change: -0.0001
2026-07-29 06:19:02,810 | WARNING  | [ANOMALY] Price spike detected: GBPUSD-OTC 2026-07-28 16:15:00 change: -0.0001
2026-07-29 06:19:02,810 | WARNING  | [ANOMALY] Price spike detected: EURGBP-OTC 2026-07-28 16:55:00 change: -0.0007
2026-07-29 06:19:02,810 | WARNING  | [ANOMALY] Price spike detected: EURUSD 2026-07-28 21:10:00 change: 0.0001
2026-07-29 06:19:02,810 | WARNING  | [ANOMALY] Price spike detected: EURGBP 2026-07-28 18:50:00 change: -0.0001
2026-07-29 06:19:02,810 | WARNING  | [ANOMALY] Price spike detected: GBPUSD-OTC 2026-07-28 16:20:00 change: -0.0009
2026-07-29 06:19:02,810 | WARNING  | [ANOMALY] Price spike detected: EURGBP-OTC 2026-07-28 17:10:00 change: 0.0006
2026-07-29 06:19:02,811 | WARNING  | [ANOMALY] Price spike detected: EURUSD 2026-07-28 21:15:00 change: 0.0001
2026-07-29 06:19:02,811 | WARNING  | [ANOMALY] Price spike detected: EURGBP 2026-07-28 18:55:00 change: 0.0001
2026-07-29 06:19:02,811 | WARNING  | [ANOMALY] Price spike detected: GBPUSD-OTC 2026-07-28 16:25:00 change: -0.0004
2026-07-29 06:19:02,811 | WARNING  | [ANOMALY] Price spike detected: EURGBP-OTC 2026-07-28 17:15:00 change: 0.0007
2026-07-29 06:19:02,811 | WARNING  | [ANOMALY] Price spike detected: EURUSD 2026-07-28 21:25:00 change: -0.0000
2026-07-29 06:19:02,811 | WARNING  | [ANOMALY] Price spike detected: EURGBP 2026-07-28 19:00:00 change: 0.0000
2026-07-29 06:19:02,812 | WARNING  | [ANOMALY] Price spike detected: GBPUSD-OTC 2026-07-28 16:30:00 change: -0.0003
2026-07-29 06:19:02,812 | WARNING  | [ANOMALY] Price spike detected: EURGBP-OTC 2026-07-28 17:20:00 change: 0.0002
2026-07-29 06:19:02,812 | WARNING  | [ANOMALY] Price spike detected: EURUSD 2026-07-28 21:30:00 change: -0.0000
2026-07-29 06:19:02,812 | WARNING  | [ANOMALY] Price spike detected: EURGBP 2026-07-28 19:05:00 change: -0.0001
2026-07-29 06:19:02,812 | WARNING  | [ANOMALY] Price spike detected: GBPUSD-OTC 2026-07-28 16:35:00 change: 0.0001
2026-07-29 06:19:02,812 | WARNING  | [ANOMALY] Price spike detected: EURGBP-OTC 2026-07-28 17:35:00 change: 0.0002
2026-07-29 06:19:02,813 | WARNING  | [ANOMALY] Price spike detected: EURUSD 2026-07-28 21:35:00 change: 0.0001
2026-07-29 06:19:02,813 | WARNING  | [ANOMALY] Price spike detected: EURGBP 2026-07-28 19:15:00 change: -0.0000
2026-07-29 06:19:02,813 | WARNING  | [ANOMALY] Price spike detected: GBPUSD-OTC 2026-07-28 16:40:00 change: -0.0007
2026-07-29 06:19:02,813 | WARNING  | [ANOMALY] Price spike detected: EURGBP-OTC 2026-07-28 17:40:00 change: 0.0005
2026-07-29 06:19:02,813 | WARNING  | [ANOMALY] Price spike detected: EURUSD 2026-07-28 21:40:00 change: 0.0000
2026-07-29 06:19:02,813 | WARNING  | [ANOMALY] Price spike detected: EURGBP 2026-07-28 19:25:00 change: 0.0002
2026-07-29 06:19:02,814 | WARNING  | [ANOMALY] Price spike detected: GBPUSD-OTC 2026-07-28 16:45:00 change: 0.0007
2026-07-29 06:19:02,814 | WARNING  | [ANOMALY] Price spike detected: EURGBP-OTC 2026-07-28 17:45:00 change: 0.0008
2026-07-29 06:19:02,814 | WARNING  | [ANOMALY] Price spike detected: EURUSD 2026-07-28 21:45:00 change: -0.0000
2026-07-29 06:19:02,814 | WARNING  | [ANOMALY] Price spike detected: EURGBP 2026-07-28 19:30:00 change: 0.0000
2026-07-29 06:19:02,814 | WARNING  | [ANOMALY] Price spike detected: GBPUSD-OTC 2026-07-28 16:50:00 change: -0.0003
2026-07-29 06:19:02,814 | WARNING  | [ANOMALY] Price spike detected: EURGBP-OTC 2026-07-28 17:50:00 change: 0.0003
2026-07-29 06:19:02,815 | WARNING  | [ANOMALY] Price spike detected: EURUSD 2026-07-28 21:50:00 change: -0.0001
2026-07-29 06:19:02,815 | WARNING  | [ANOMALY] Price spike detected: EURGBP 2026-07-28 19:35:00 change: -0.0000
2026-07-29 06:19:02,815 | WARNING  | [ANOMALY] Price spike detected: GBPUSD-OTC 2026-07-28 16:55:00 change: 0.0005
2026-07-29 06:19:02,815 | WARNING  | [ANOMALY] Price spike detected: EURGBP-OTC 2026-07-28 17:55:00 change: 0.0008
2026-07-29 06:19:02,815 | WARNING  | [ANOMALY] Price spike detected: EURUSD 2026-07-28 21:55:00 change: -0.0001
2026-07-29 06:19:02,815 | WARNING  | [ANOMALY] Price spike detected: EURGBP 2026-07-28 19:40:00 change: 0.0000
2026-07-29 06:19:02,815 | WARNING  | [ANOMALY] Price spike detected: GBPUSD-OTC 2026-07-28 17:05:00 change: -0.0003
2026-07-29 06:19:02,816 | WARNING  | [ANOMALY] Price spike detected: EURGBP-OTC 2026-07-28 18:00:00 change: 0.0002
2026-07-29 06:19:02,816 | WARNING  | [ANOMALY] Price spike detected: EURUSD 2026-07-28 22:00:00 change: -0.0001
2026-07-29 06:19:02,816 | WARNING  | [ANOMALY] Price spike detected: EURGBP 2026-07-28 19:45:00 change: -0.0000
2026-07-29 06:19:02,816 | WARNING  | [ANOMALY] Price spike detected: GBPUSD-OTC 2026-07-28 17:10:00 change: 0.0015
2026-07-29 06:19:02,816 | WARNING  | [ANOMALY] Price spike detected: EURGBP-OTC 2026-07-28 18:05:00 change: 0.0006
2026-07-29 06:19:02,816 | WARNING  | [ANOMALY] Price spike detected: EURUSD 2026-07-28 22:10:00 change: -0.0002
2026-07-29 06:19:02,817 | WARNING  | [ANOMALY] Price spike detected: EURGBP 2026-07-28 19:50:00 change: -0.0000
2026-07-29 06:19:02,817 | WARNING  | [ANOMALY] Price spike detected: GBPUSD-OTC 2026-07-28 17:15:00 change: 0.0008
2026-07-29 06:19:02,817 | WARNING  | [ANOMALY] Price spike detected: EURGBP-OTC 2026-07-28 18:10:00 change: -0.0002
2026-07-29 06:19:02,817 | WARNING  | [ANOMALY] Price spike detected: EURUSD 2026-07-28 22:15:00 change: -0.0001
2026-07-29 06:19:02,817 | WARNING  | [ANOMALY] Price spike detected: EURGBP 2026-07-28 19:55:00 change: 0.0001
2026-07-29 06:19:02,817 | WARNING  | [ANOMALY] Price spike detected: GBPUSD-OTC 2026-07-28 17:20:00 change: 0.0007
2026-07-29 06:19:02,818 | WARNING  | [ANOMALY] Price spike detected: EURGBP-OTC 2026-07-28 18:20:00 change: 0.0005
2026-07-29 06:19:02,818 | WARNING  | [ANOMALY] Price spike detected: EURUSD 2026-07-28 22:20:00 change: -0.0002
2026-07-29 06:19:02,818 | WARNING  | [ANOMALY] Price spike detected: EURGBP 2026-07-28 20:00:00 change: 0.0000
2026-07-29 06:19:02,818 | WARNING  | [ANOMALY] Price spike detected: GBPUSD-OTC 2026-07-28 17:25:00 change: -0.0007
2026-07-29 06:19:02,818 | WARNING  | [ANOMALY] Price spike detected: EURGBP-OTC 2026-07-28 18:30:00 change: -0.0002
2026-07-29 06:19:02,818 | WARNING  | [ANOMALY] Price spike detected: EURUSD 2026-07-28 22:25:00 change: 0.0000
2026-07-29 06:19:02,819 | WARNING  | [ANOMALY] Price spike detected: EURGBP 2026-07-28 20:05:00 change: -0.0001
2026-07-29 06:19:02,819 | WARNING  | [ANOMALY] Price spike detected: GBPUSD-OTC 2026-07-28 17:35:00 change: -0.0005
2026-07-29 06:19:02,819 | WARNING  | [ANOMALY] Price spike detected: EURGBP-OTC 2026-07-28 18:35:00 change: 0.0013
2026-07-29 06:19:02,819 | WARNING  | [ANOMALY] Price spike detected: EURUSD 2026-07-28 22:30:00 change: 0.0001
2026-07-29 06:19:02,819 | WARNING  | [ANOMALY] Price spike detected: EURGBP 2026-07-28 20:15:00 change: 0.0000
2026-07-29 06:19:02,819 | WARNING  | [ANOMALY] Price spike detected: GBPUSD-OTC 2026-07-28 17:40:00 change: 0.0007
2026-07-29 06:19:02,819 | WARNING  | [ANOMALY] Price spike detected: EURGBP-OTC 2026-07-28 18:45:00 change: 0.0008
2026-07-29 06:19:02,820 | WARNING  | [ANOMALY] Price spike detected: EURUSD 2026-07-28 22:35:00 change: -0.0002
2026-07-29 06:19:02,820 | WARNING  | [ANOMALY] Price spike detected: EURGBP 2026-07-28 20:20:00 change: 0.0000
2026-07-29 06:19:02,820 | WARNING  | [ANOMALY] Price spike detected: GBPUSD-OTC 2026-07-28 17:45:00 change: 0.0005
2026-07-29 06:19:02,820 | WARNING  | [ANOMALY] Price spike detected: EURGBP-OTC 2026-07-28 18:50:00 change: -0.0010
2026-07-29 06:19:02,820 | WARNING  | [ANOMALY] Price spike detected: EURUSD 2026-07-28 22:40:00 change: 0.0000
2026-07-29 06:19:02,821 | WARNING  | [ANOMALY] Price spike detected: EURGBP 2026-07-28 20:25:00 change: -0.0000
2026-07-29 06:19:02,821 | WARNING  | [ANOMALY] Price spike detected: GBPUSD-OTC 2026-07-28 17:50:00 change: 0.0002
2026-07-29 06:19:02,821 | WARNING  | [ANOMALY] Price spike detected: EURGBP-OTC 2026-07-28 18:55:00 change: -0.0005
2026-07-29 06:19:02,821 | WARNING  | [ANOMALY] Price spike detected: EURUSD 2026-07-28 22:45:00 change: -0.0000
2026-07-29 06:19:02,821 | WARNING  | [ANOMALY] Price spike detected: EURGBP 2026-07-28 20:30:00 change: 0.0001
2026-07-29 06:19:02,822 | WARNING  | [ANOMALY] Price spike detected: GBPUSD-OTC 2026-07-28 18:00:00 change: -0.0010
2026-07-29 06:19:02,822 | WARNING  | [ANOMALY] Price spike detected: EURGBP-OTC 2026-07-28 19:00:00 change: 0.0003
2026-07-29 06:19:02,822 | WARNING  | [ANOMALY] Price spike detected: EURUSD 2026-07-28 23:00:00 change: -0.0001
2026-07-29 06:19:02,822 | WARNING  | [ANOMALY] Price spike detected: EURGBP 2026-07-28 20:35:00 change: -0.0001
2026-07-29 06:19:02,822 | WARNING  | [ANOMALY] Price spike detected: GBPUSD-OTC 2026-07-28 18:05:00 change: -0.0010
2026-07-29 06:19:02,822 | WARNING  | [ANOMALY] Price spike detected: EURGBP-OTC 2026-07-28 19:05:00 change: -0.0004
2026-07-29 06:19:02,823 | WARNING  | [ANOMALY] Price spike detected: EURUSD 2026-07-28 23:05:00 change: -0.0002
2026-07-29 06:19:02,823 | WARNING  | [ANOMALY] Price spike detected: EURGBP 2026-07-28 20:40:00 change: 0.0000
2026-07-29 06:19:02,823 | WARNING  | [ANOMALY] Price spike detected: GBPUSD-OTC 2026-07-28 18:15:00 change: -0.0005
2026-07-29 06:19:02,823 | WARNING  | [ANOMALY] Price spike detected: EURGBP-OTC 2026-07-28 19:10:00 change: 0.0002
2026-07-29 06:19:02,823 | WARNING  | [ANOMALY] Price spike detected: EURUSD 2026-07-28 23:10:00 change: 0.0002
2026-07-29 06:19:02,823 | WARNING  | [ANOMALY] Price spike detected: EURGBP 2026-07-28 20:45:00 change: 0.0001
2026-07-29 06:19:02,824 | WARNING  | [ANOMALY] Price spike detected: GBPUSD-OTC 2026-07-28 18:20:00 change: -0.0003
2026-07-29 06:19:02,824 | WARNING  | [ANOMALY] Price spike detected: EURGBP-OTC 2026-07-28 19:15:00 change: -0.0003
2026-07-29 06:19:02,825 | WARNING  | [ANOMALY] Price spike detected: EURGBP 2026-07-28 20:50:00 change: 0.0000
2026-07-29 06:19:02,825 | WARNING  | [ANOMALY] Price spike detected: GBPUSD-OTC 2026-07-28 18:25:00 change: -0.0004
2026-07-29 06:19:02,825 | WARNING  | [ANOMALY] Price spike detected: EURGBP-OTC 2026-07-28 19:25:00 change: 0.0003
2026-07-29 06:19:02,827 | WARNING  | [ANOMALY] Price spike detected: EURGBP 2026-07-28 20:55:00 change: -0.0002
2026-07-29 06:19:02,827 | WARNING  | [ANOMALY] Price spike detected: GBPUSD-OTC 2026-07-28 18:30:00 change: -0.0003
2026-07-29 06:19:02,828 | WARNING  | [ANOMALY] Price spike detected: EURGBP-OTC 2026-07-28 19:40:00 change: -0.0012
2026-07-29 06:19:02,828 | WARNING  | [ANOMALY] Price spike detected: EURGBP 2026-07-28 21:00:00 change: 0.0001
2026-07-29 06:19:02,829 | WARNING  | [ANOMALY] Price spike detected: GBPUSD-OTC 2026-07-28 18:35:00 change: -0.0003
2026-07-29 06:19:02,834 | WARNING  | [ANOMALY] Total anomalies detected: EURUSD 197
2026-07-29 06:19:02,834 | WARNING  | [ANOMALY] Price spike detected: EURGBP-OTC 2026-07-28 19:45:00 change: -0.0004
2026-07-29 06:19:02,834 | WARNING  | [ANOMALY] Price spike detected: EURGBP 2026-07-28 21:05:00 change: 0.0002
2026-07-29 06:19:02,834 | WARNING  | [ANOMALY] Price spike detected: GBPUSD-OTC 2026-07-28 18:40:00 change: 0.0006
2026-07-29 06:19:02,834 | ERROR    | [ANOMALY] Excessive anomalies threshold exceeded: 5710
2026-07-29 06:19:02,834 | WARNING  | [ANOMALY] Price spike detected: EURGBP-OTC 2026-07-28 19:50:00 change: 0.0005
2026-07-29 06:19:02,835 | WARNING  | [ANOMALY] Price spike detected: EURGBP 2026-07-28 21:10:00 change: -0.0001
2026-07-29 06:19:02,835 | WARNING  | [ANOMALY] Price spike detected: GBPUSD-OTC 2026-07-28 18:45:00 change: 0.0005
2026-07-29 06:19:02,835 | INFO     | [DataAdapter] M5 anomaly detection completed for EURUSD
2026-07-29 06:19:02,836 | INFO     | [DataAdapter] M5 data refresh completed for EURUSD
2026-07-29 06:19:02,835 | WARNING  | [ANOMALY] Price spike detected: EURGBP 2026-07-28 21:15:00 change: -0.0001
2026-07-29 06:19:02,835 | WARNING  | [ANOMALY] Price spike detected: GBPUSD-OTC 2026-07-28 18:50:00 change: 0.0013
2026-07-29 06:19:02,835 | WARNING  | [ANOMALY] Price spike detected: EURGBP-OTC 2026-07-28 19:55:00 change: -0.0002
2026-07-29 06:19:02,836 | INFO     | [DataAdapter] Refreshing M15 data for EURUSD
2026-07-29 06:19:02,836 | WARNING  | [ANOMALY] Price spike detected: EURGBP 2026-07-28 21:20:00 change: 0.0001
2026-07-29 06:19:02,836 | WARNING  | [ANOMALY] Price spike detected: GBPUSD-OTC 2026-07-28 18:55:00 change: 0.0009
2026-07-29 06:19:02,836 | WARNING  | [ANOMALY] Price spike detected: EURGBP-OTC 2026-07-28 20:00:00 change: 0.0006
2026-07-29 06:19:02,838 | WARNING  | [ANOMALY] Price spike detected: EURUSD 2026-07-28 12:15:00 change: -0.0002
2026-07-29 06:19:02,839 | WARNING  | [ANOMALY] Price spike detected: EURGBP 2026-07-28 21:25:00 change: 0.0000
2026-07-29 06:19:02,839 | WARNING  | [ANOMALY] Price spike detected: GBPUSD-OTC 2026-07-28 19:00:00 change: 0.0004
2026-07-29 06:19:02,839 | WARNING  | [ANOMALY] Price spike detected: EURGBP-OTC 2026-07-28 20:05:00 change: -0.0007
2026-07-29 06:19:02,839 | WARNING  | [ANOMALY] Price spike detected: EURUSD 2026-07-28 12:30:00 change: 0.0002
2026-07-29 06:19:02,839 | WARNING  | [ANOMALY] Price spike detected: EURGBP 2026-07-28 21:35:00 change: 0.0001
2026-07-29 06:19:02,839 | WARNING  | [ANOMALY] Price spike detected: GBPUSD-OTC 2026-07-28 19:10:00 change: -0.0010
2026-07-29 06:19:02,840 | WARNING  | [ANOMALY] Price spike detected: EURGBP-OTC 2026-07-28 20:10:00 change: 0.0005
2026-07-29 06:19:02,840 | WARNING  | [ANOMALY] Price spike detected: EURUSD 2026-07-28 12:45:00 change: 0.0001
2026-07-29 06:19:02,840 | WARNING  | [ANOMALY] Price spike detected: EURGBP 2026-07-28 21:40:00 change: 0.0000
2026-07-29 06:19:02,840 | WARNING  | [ANOMALY] Price spike detected: GBPUSD-OTC 2026-07-28 19:20:00 change: 0.0006
2026-07-29 06:19:02,840 | WARNING  | [ANOMALY] Price spike detected: EURGBP-OTC 2026-07-28 20:20:00 change: -0.0005
2026-07-29 06:19:02,840 | WARNING  | [ANOMALY] Price spike detected: EURUSD 2026-07-28 13:00:00 change: 0.0001
2026-07-29 06:19:02,841 | WARNING  | [ANOMALY] Price spike detected: EURGBP 2026-07-28 21:50:00 change: -0.0000
2026-07-29 06:19:02,841 | WARNING  | [ANOMALY] Price spike detected: GBPUSD-OTC 2026-07-28 19:25:00 change: -0.0010
2026-07-29 06:19:02,841 | WARNING  | [ANOMALY] Price spike detected: EURGBP-OTC 2026-07-28 20:25:00 change: 0.0002
2026-07-29 06:19:02,841 | WARNING  | [ANOMALY] Price spike detected: EURUSD 2026-07-28 13:30:00 change: 0.0002
2026-07-29 06:19:02,841 | WARNING  | [ANOMALY] Price spike detected: EURGBP 2026-07-28 22:05:00 change: -0.0000
2026-07-29 06:19:02,841 | WARNING  | [ANOMALY] Price spike detected: GBPUSD-OTC 2026-07-28 19:35:00 change: -0.0005
2026-07-29 06:19:02,842 | WARNING  | [ANOMALY] Price spike detected: EURGBP-OTC 2026-07-28 20:30:00 change: 0.0007
2026-07-29 06:19:02,842 | WARNING  | [ANOMALY] Price spike detected: EURUSD 2026-07-28 13:45:00 change: 0.0003
2026-07-29 06:19:02,842 | WARNING  | [ANOMALY] Price spike detected: EURGBP 2026-07-28 22:15:00 change: -0.0001
2026-07-29 06:19:02,842 | WARNING  | [ANOMALY] Price spike detected: GBPUSD-OTC 2026-07-28 19:40:00 change: -0.0004
2026-07-29 06:19:02,842 | WARNING  | [ANOMALY] Price spike detected: EURGBP-OTC 2026-07-28 20:35:00 change: 0.0006
2026-07-29 06:19:02,842 | WARNING  | [ANOMALY] Price spike detected: EURUSD 2026-07-28 14:00:00 change: 0.0001
2026-07-29 06:19:02,843 | WARNING  | [ANOMALY] Price spike detected: EURGBP 2026-07-28 22:20:00 change: 0.0000
2026-07-29 06:19:02,843 | WARNING  | [ANOMALY] Price spike detected: GBPUSD-OTC 2026-07-28 19:45:00 change: -0.0011
2026-07-29 06:19:02,843 | WARNING  | [ANOMALY] Price spike detected: EURGBP-OTC 2026-07-28 20:40:00 change: -0.0009
2026-07-29 06:19:02,843 | WARNING  | [ANOMALY] Price spike detected: EURUSD 2026-07-28 14:15:00 change: 0.0004
2026-07-29 06:19:02,843 | WARNING  | [ANOMALY] Price spike detected: EURGBP 2026-07-28 22:30:00 change: 0.0001
2026-07-29 06:19:02,844 | WARNING  | [ANOMALY] Price spike detected: GBPUSD-OTC 2026-07-28 19:50:00 change: 0.0003
2026-07-29 06:19:02,844 | WARNING  | [ANOMALY] Price spike detected: EURGBP-OTC 2026-07-28 20:50:00 change: 0.0007
2026-07-29 06:19:02,844 | WARNING  | [ANOMALY] Price spike detected: EURUSD 2026-07-28 14:30:00 change: 0.0001
2026-07-29 06:19:02,844 | WARNING  | [ANOMALY] Price spike detected: EURGBP 2026-07-28 22:40:00 change: 0.0000
2026-07-29 06:19:02,844 | WARNING  | [ANOMALY] Price spike detected: GBPUSD-OTC 2026-07-28 20:00:00 change: 0.0003
2026-07-29 06:19:02,844 | WARNING  | [ANOMALY] Price spike detected: EURGBP-OTC 2026-07-28 21:00:00 change: -0.0012
2026-07-29 06:19:02,845 | WARNING  | [ANOMALY] Price spike detected: EURUSD 2026-07-28 14:45:00 change: 0.0006
2026-07-29 06:19:02,845 | WARNING  | [ANOMALY] Price spike detected: EURGBP 2026-07-28 22:50:00 change: -0.0000
2026-07-29 06:19:02,845 | WARNING  | [ANOMALY] Price spike detected: GBPUSD-OTC 2026-07-28 20:05:00 change: -0.0006
2026-07-29 06:19:02,845 | WARNING  | [ANOMALY] Price spike detected: EURGBP-OTC 2026-07-28 21:05:00 change: 0.0002
2026-07-29 06:19:02,846 | WARNING  | [ANOMALY] Price spike detected: EURUSD 2026-07-28 15:00:00 change: 0.0008
2026-07-29 06:19:02,846 | WARNING  | [ANOMALY] Price spike detected: EURGBP 2026-07-28 23:05:00 change: 0.0000
2026-07-29 06:19:02,846 | WARNING  | [ANOMALY] Price spike detected: GBPUSD-OTC 2026-07-28 20:25:00 change: -0.0014
2026-07-29 06:19:02,846 | WARNING  | [ANOMALY] Price spike detected: EURGBP-OTC 2026-07-28 21:10:00 change: 0.0003
2026-07-29 06:19:02,846 | WARNING  | [ANOMALY] Price spike detected: EURUSD 2026-07-28 15:15:00 change: 0.0001
2026-07-29 06:19:02,846 | WARNING  | [ANOMALY] Price spike detected: EURGBP 2026-07-28 23:10:00 change: -0.0001
2026-07-29 06:19:02,847 | WARNING  | [ANOMALY] Price spike detected: GBPUSD-OTC 2026-07-28 20:35:00 change: 0.0007
2026-07-29 06:19:02,847 | WARNING  | [ANOMALY] Price spike detected: EURGBP-OTC 2026-07-28 21:20:00 change: 0.0003
2026-07-29 06:19:02,847 | WARNING  | [ANOMALY] Price spike detected: EURUSD 2026-07-28 15:30:00 change: 0.0005
2026-07-29 06:19:02,847 | WARNING  | [ANOMALY] Price spike detected: GBPUSD-OTC 2026-07-28 20:40:00 change: 0.0011
2026-07-29 06:19:02,848 | WARNING  | [ANOMALY] Price spike detected: EURGBP-OTC 2026-07-28 21:25:00 change: -0.0006
2026-07-29 06:19:02,848 | WARNING  | [ANOMALY] Price spike detected: EURUSD 2026-07-28 15:45:00 change: -0.0001
2026-07-29 06:19:02,849 | WARNING  | [ANOMALY] Price spike detected: GBPUSD-OTC 2026-07-28 20:45:00 change: 0.0006
2026-07-29 06:19:02,849 | WARNING  | [ANOMALY] Price spike detected: EURGBP-OTC 2026-07-28 21:30:00 change: -0.0003
2026-07-29 06:19:02,850 | WARNING  | [ANOMALY] Price spike detected: EURUSD 2026-07-28 16:00:00 change: 0.0002
2026-07-29 06:19:02,851 | WARNING  | [ANOMALY] Price spike detected: GBPUSD-OTC 2026-07-28 20:50:00 change: 0.0004
2026-07-29 06:19:02,851 | WARNING  | [ANOMALY] Price spike detected: EURGBP-OTC 2026-07-28 22:00:00 change: 0.0005
2026-07-29 06:19:02,851 | WARNING  | [ANOMALY] Price spike detected: EURUSD 2026-07-28 16:15:00 change: 0.0002
2026-07-29 06:19:02,853 | WARNING  | [ANOMALY] Price spike detected: GBPUSD-OTC 2026-07-28 20:55:00 change: 0.0007
2026-07-29 06:19:02,857 | WARNING  | [ANOMALY] Total anomalies detected: EURGBP 190
2026-07-29 06:19:02,857 | WARNING  | [ANOMALY] Price spike detected: EURGBP-OTC 2026-07-28 22:05:00 change: 0.0008
2026-07-29 06:19:02,858 | WARNING  | [ANOMALY] Price spike detected: EURUSD 2026-07-28 16:30:00 change: -0.0004
2026-07-29 06:19:02,858 | WARNING  | [ANOMALY] Price spike detected: GBPUSD-OTC 2026-07-28 21:05:00 change: -0.0011
2026-07-29 06:19:02,858 | ERROR    | [ANOMALY] Excessive anomalies threshold exceeded: 5747
2026-07-29 06:19:02,858 | WARNING  | [ANOMALY] Price spike detected: EURGBP-OTC 2026-07-28 22:10:00 change: -0.0002
2026-07-29 06:19:02,858 | WARNING  | [ANOMALY] Price spike detected: EURUSD 2026-07-28 16:45:00 change: -0.0004
2026-07-29 06:19:02,858 | WARNING  | [ANOMALY] Price spike detected: GBPUSD-OTC 2026-07-28 21:10:00 change: 0.0005
2026-07-29 06:19:02,859 | INFO     | [DataAdapter] M5 anomaly detection completed for EURGBP
2026-07-29 06:19:02,859 | WARNING  | [ANOMALY] Price spike detected: EURGBP-OTC 2026-07-28 22:15:00 change: -0.0003
2026-07-29 06:19:02,859 | WARNING  | [ANOMALY] Price spike detected: EURUSD 2026-07-28 17:00:00 change: -0.0002
2026-07-29 06:19:02,859 | WARNING  | [ANOMALY] Price spike detected: GBPUSD-OTC 2026-07-28 21:15:00 change: 0.0005
2026-07-29 06:19:02,859 | INFO     | [DataAdapter] M5 data refresh completed for EURGBP
2026-07-29 06:19:02,859 | WARNING  | [ANOMALY] Price spike detected: EURGBP-OTC 2026-07-28 22:35:00 change: -0.0006
2026-07-29 06:19:02,859 | WARNING  | [ANOMALY] Price spike detected: EURUSD 2026-07-28 17:15:00 change: -0.0001
2026-07-29 06:19:02,860 | WARNING  | [ANOMALY] Price spike detected: GBPUSD-OTC 2026-07-28 21:20:00 change: -0.0011
2026-07-29 06:19:02,860 | INFO     | [DataAdapter] Refreshing M15 data for EURGBP
2026-07-29 06:19:02,860 | WARNING  | [ANOMALY] Price spike detected: EURGBP-OTC 2026-07-28 22:40:00 change: -0.0005
2026-07-29 06:19:02,860 | WARNING  | [ANOMALY] Price spike detected: EURUSD 2026-07-28 17:30:00 change: -0.0001
2026-07-29 06:19:02,860 | WARNING  | [ANOMALY] Price spike detected: GBPUSD-OTC 2026-07-28 21:25:00 change: 0.0008
2026-07-29 06:19:02,863 | WARNING  | [ANOMALY] Price spike detected: EURGBP 2026-07-28 12:15:00 change: -0.0002
2026-07-29 06:19:02,863 | WARNING  | [ANOMALY] Price spike detected: EURGBP-OTC 2026-07-28 22:45:00 change: 0.0001
2026-07-29 06:19:02,863 | WARNING  | [ANOMALY] Price spike detected: EURUSD 2026-07-28 17:45:00 change: -0.0002
2026-07-29 06:19:02,863 | WARNING  | [ANOMALY] Price spike detected: GBPUSD-OTC 2026-07-28 21:30:00 change: -0.0008
2026-07-29 06:19:02,863 | WARNING  | [ANOMALY] Price spike detected: EURGBP 2026-07-28 12:30:00 change: -0.0005
2026-07-29 06:19:02,864 | WARNING  | [ANOMALY] Price spike detected: EURGBP-OTC 2026-07-28 22:50:00 change: -0.0004
2026-07-29 06:19:02,864 | WARNING  | [ANOMALY] Price spike detected: EURUSD 2026-07-28 18:15:00 change: -0.0001
2026-07-29 06:19:02,864 | WARNING  | [ANOMALY] Price spike detected: GBPUSD-OTC 2026-07-28 21:35:00 change: 0.0003
2026-07-29 06:19:02,864 | WARNING  | [ANOMALY] Price spike detected: EURGBP 2026-07-28 12:45:00 change: -0.0002
2026-07-29 06:19:02,864 | WARNING  | [ANOMALY] Price spike detected: EURGBP-OTC 2026-07-28 23:00:00 change: 0.0005
2026-07-29 06:19:02,864 | WARNING  | [ANOMALY] Price spike detected: EURUSD 2026-07-28 18:45:00 change: -0.0001
2026-07-29 06:19:02,864 | WARNING  | [ANOMALY] Price spike detected: GBPUSD-OTC 2026-07-28 21:40:00 change: 0.0005
2026-07-29 06:19:02,864 | WARNING  | [ANOMALY] Price spike detected: EURGBP 2026-07-28 13:00:00 change: 0.0002
2026-07-29 06:19:02,865 | WARNING  | [ANOMALY] Price spike detected: EURGBP-OTC 2026-07-28 23:05:00 change: 0.0002
2026-07-29 06:19:02,865 | WARNING  | [ANOMALY] Price spike detected: EURUSD 2026-07-28 19:00:00 change: 0.0001
2026-07-29 06:19:02,865 | WARNING  | [ANOMALY] Price spike detected: GBPUSD-OTC 2026-07-28 21:50:00 change: 0.0002
2026-07-29 06:19:02,865 | WARNING  | [ANOMALY] Price spike detected: EURGBP 2026-07-28 13:30:00 change: 0.0001
2026-07-29 06:19:02,865 | WARNING  | [ANOMALY] Price spike detected: EURGBP-OTC 2026-07-28 23:10:00 change: 0.0008
2026-07-29 06:19:02,865 | WARNING  | [ANOMALY] Price spike detected: EURUSD 2026-07-28 19:30:00 change: 0.0001
2026-07-29 06:19:02,866 | WARNING  | [ANOMALY] Price spike detected: GBPUSD-OTC 2026-07-28 21:55:00 change: 0.0007
2026-07-29 06:19:02,866 | WARNING  | [ANOMALY] Price spike detected: EURGBP 2026-07-28 14:00:00 change: 0.0006
2026-07-29 06:19:02,867 | WARNING  | [ANOMALY] Price spike detected: EURUSD 2026-07-28 19:45:00 change: -0.0002
2026-07-29 06:19:02,868 | WARNING  | [ANOMALY] Price spike detected: GBPUSD-OTC 2026-07-28 22:00:00 change: 0.0008
2026-07-29 06:19:02,868 | WARNING  | [ANOMALY] Price spike detected: EURGBP 2026-07-28 14:15:00 change: 0.0003
2026-07-29 06:19:02,869 | WARNING  | [ANOMALY] Price spike detected: EURUSD 2026-07-28 20:00:00 change: 0.0001
2026-07-29 06:19:02,871 | WARNING  | [ANOMALY] Price spike detected: GBPUSD-OTC 2026-07-28 22:05:00 change: -0.0003
2026-07-29 06:19:02,872 | WARNING  | [ANOMALY] Price spike detected: EURGBP 2026-07-28 14:30:00 change: 0.0003
2026-07-29 06:19:02,872 | WARNING  | [ANOMALY] Price spike detected: EURUSD 2026-07-28 20:15:00 change: -0.0002
2026-07-29 06:19:02,872 | WARNING  | [ANOMALY] Price spike detected: GBPUSD-OTC 2026-07-28 22:10:00 change: -0.0003
2026-07-29 06:19:02,877 | WARNING  | [ANOMALY] Total anomalies detected: EURGBP-OTC 181
2026-07-29 06:19:02,877 | WARNING  | [ANOMALY] Price spike detected: EURGBP 2026-07-28 14:45:00 change: 0.0008
2026-07-29 06:19:02,877 | WARNING  | [ANOMALY] Price spike detected: EURUSD 2026-07-28 20:30:00 change: 0.0001
2026-07-29 06:19:02,878 | WARNING  | [ANOMALY] Price spike detected: GBPUSD-OTC 2026-07-28 22:20:00 change: -0.0004
2026-07-29 06:19:02,878 | ERROR    | [ANOMALY] Excessive anomalies threshold exceeded: 5775
2026-07-29 06:19:02,878 | WARNING  | [ANOMALY] Price spike detected: EURGBP 2026-07-28 16:00:00 change: 0.0003
2026-07-29 06:19:02,878 | WARNING  | [ANOMALY] Price spike detected: EURUSD 2026-07-28 20:45:00 change: -0.0001
2026-07-29 06:19:02,878 | WARNING  | [ANOMALY] Price spike detected: GBPUSD-OTC 2026-07-28 22:25:00 change: 0.0004
2026-07-29 06:19:02,878 | INFO     | [DataAdapter] M5 anomaly detection completed for EURGBP-OTC
2026-07-29 06:19:02,878 | WARNING  | [ANOMALY] Price spike detected: EURGBP 2026-07-28 16:15:00 change: 0.0001
2026-07-29 06:19:02,879 | WARNING  | [ANOMALY] Price spike detected: EURUSD 2026-07-28 21:00:00 change: 0.0004
2026-07-29 06:19:02,879 | WARNING  | [ANOMALY] Price spike detected: GBPUSD-OTC 2026-07-28 22:35:00 change: -0.0008
2026-07-29 06:19:02,879 | INFO     | [DataAdapter] M5 data refresh completed for EURGBP-OTC
2026-07-29 06:19:02,879 | WARNING  | [ANOMALY] Price spike detected: EURGBP 2026-07-28 16:30:00 change: -0.0002
2026-07-29 06:19:02,879 | WARNING  | [ANOMALY] Price spike detected: EURUSD 2026-07-28 21:30:00 change: 0.0001
2026-07-29 06:19:02,879 | WARNING  | [ANOMALY] Price spike detected: GBPUSD-OTC 2026-07-28 22:40:00 change: -0.0011
2026-07-29 06:19:02,879 | INFO     | [DataAdapter] Refreshing M15 data for EURGBP-OTC
2026-07-29 06:19:02,880 | WARNING  | [ANOMALY] Price spike detected: EURGBP 2026-07-28 16:45:00 change: -0.0001
2026-07-29 06:19:02,880 | WARNING  | [ANOMALY] Price spike detected: EURUSD 2026-07-28 21:45:00 change: -0.0002
2026-07-29 06:19:02,880 | WARNING  | [ANOMALY] Price spike detected: GBPUSD-OTC 2026-07-28 22:45:00 change: 0.0008
2026-07-29 06:19:02,882 | WARNING  | [ANOMALY] Price spike detected: EURGBP 2026-07-28 17:30:00 change: 0.0002
2026-07-29 06:19:02,882 | WARNING  | [ANOMALY] Price spike detected: EURGBP-OTC 2026-07-28 12:15:00 change: 0.0009
2026-07-29 06:19:02,882 | WARNING  | [ANOMALY] Price spike detected: EURUSD 2026-07-28 22:00:00 change: -0.0002
2026-07-29 06:19:02,883 | WARNING  | [ANOMALY] Price spike detected: GBPUSD-OTC 2026-07-28 23:05:00 change: 0.0002
2026-07-29 06:19:02,883 | WARNING  | [ANOMALY] Price spike detected: EURGBP 2026-07-28 18:00:00 change: 0.0001
2026-07-29 06:19:02,883 | WARNING  | [ANOMALY] Price spike detected: EURGBP-OTC 2026-07-28 12:45:00 change: -0.0008
2026-07-29 06:19:02,883 | WARNING  | [ANOMALY] Price spike detected: EURUSD 2026-07-28 22:15:00 change: -0.0003
2026-07-29 06:19:02,884 | WARNING  | [ANOMALY] Price spike detected: GBPUSD-OTC 2026-07-28 23:10:00 change: -0.0005
2026-07-29 06:19:02,884 | WARNING  | [ANOMALY] Price spike detected: EURGBP 2026-07-28 18:15:00 change: 0.0001
2026-07-29 06:19:02,884 | WARNING  | [ANOMALY] Price spike detected: EURGBP-OTC 2026-07-28 13:00:00 change: 0.0009
2026-07-29 06:19:02,884 | WARNING  | [ANOMALY] Price spike detected: EURUSD 2026-07-28 23:00:00 change: -0.0001
2026-07-29 06:19:02,885 | WARNING  | [ANOMALY] Price spike detected: EURGBP 2026-07-28 18:30:00 change: -0.0002
2026-07-29 06:19:02,886 | WARNING  | [ANOMALY] Price spike detected: EURGBP-OTC 2026-07-28 13:15:00 change: -0.0004
2026-07-29 06:19:02,887 | WARNING  | [ANOMALY] Price spike detected: EURGBP 2026-07-28 19:15:00 change: 0.0001
2026-07-29 06:19:02,889 | WARNING  | [ANOMALY] Price spike detected: EURGBP-OTC 2026-07-28 13:45:00 change: 0.0010
2026-07-29 06:19:02,890 | WARNING  | [ANOMALY] Price spike detected: EURGBP 2026-07-28 19:45:00 change: 0.0000
2026-07-29 06:19:02,890 | WARNING  | [ANOMALY] Price spike detected: EURGBP-OTC 2026-07-28 14:00:00 change: -0.0010
2026-07-29 06:19:02,892 | WARNING  | [ANOMALY] Price spike detected: EURGBP 2026-07-28 20:00:00 change: -0.0001
2026-07-29 06:19:02,895 | WARNING  | [ANOMALY] Total anomalies detected: EURUSD 37
2026-07-29 06:19:02,899 | WARNING  | [ANOMALY] Total anomalies detected: GBPUSD-OTC 196
2026-07-29 06:19:02,899 | WARNING  | [ANOMALY] Price spike detected: EURGBP-OTC 2026-07-28 14:15:00 change: 0.0007
2026-07-29 06:19:02,899 | WARNING  | [ANOMALY] Price spike detected: EURGBP 2026-07-28 20:30:00 change: 0.0000
2026-07-29 06:19:02,899 | ERROR    | [ANOMALY] Excessive anomalies threshold exceeded: 5810
2026-07-29 06:19:02,899 | ERROR    | [ANOMALY] Excessive anomalies threshold exceeded: 5810
2026-07-29 06:19:02,900 | WARNING  | [ANOMALY] Price spike detected: EURGBP-OTC 2026-07-28 14:30:00 change: 0.0009
2026-07-29 06:19:02,900 | WARNING  | [ANOMALY] Price spike detected: EURGBP 2026-07-28 20:45:00 change: -0.0001
2026-07-29 06:19:02,900 | INFO     | [DataAdapter] M15 anomaly detection completed for EURUSD
2026-07-29 06:19:02,900 | INFO     | [DataAdapter] M5 anomaly detection completed for GBPUSD-OTC
2026-07-29 06:19:02,900 | WARNING  | [ANOMALY] Price spike detected: EURGBP-OTC 2026-07-28 14:45:00 change: 0.0004
2026-07-29 06:19:02,900 | WARNING  | [ANOMALY] Price spike detected: EURGBP 2026-07-28 21:00:00 change: 0.0001
2026-07-29 06:19:02,901 | INFO     | [DataAdapter] M15 data refresh completed for EURUSD
2026-07-29 06:19:02,901 | INFO     | [DataAdapter] M5 data refresh completed for GBPUSD-OTC
2026-07-29 06:19:02,901 | WARNING  | [ANOMALY] Price spike detected: EURGBP-OTC 2026-07-28 15:00:00 change: -0.0013
2026-07-29 06:19:02,901 | WARNING  | [ANOMALY] Price spike detected: EURGBP 2026-07-28 21:30:00 change: 0.0001
2026-07-29 06:19:02,901 | INFO     | [DataAdapter] Anomaly statistics for EURUSD: {'total_calls': 20, 'response_times': [0.8445141315460205, 1.0909359455108643, 0.9525554180145264, 0.963559627532959, 0.9220683574676514, 0.715965986251831, 0.4042336940765381, 0.10851430892944336, 0.7005531787872314, 0.4905996322631836, 0.28547239303588867, 0.1288316249847412, 0.75014328956604, 0.5706212520599365, 0.2901754379272461, 0.13802480697631836, 0.843747615814209, 0.6340391635894775, 0.23480534553527832, 0.11536788940429688], 'spike_count': 5810, 'zero_volume_count': 0, 'impossible_candle_count': 0, 'consecutive_anomalies': 5810, 'avg_response_time': np.float64(0.5592364549636841), 'max_response_time': np.float64(1.0909359455108643), 'min_response_time': np.float64(0.10851430892944336)}
2026-07-29 06:19:02,901 | INFO     | [DataAdapter] Refreshing M15 data for GBPUSD-OTC
2026-07-29 06:19:02,902 | WARNING  | [ANOMALY] Price spike detected: EURGBP-OTC 2026-07-28 15:15:00 change: -0.0011
2026-07-29 06:19:02,902 | WARNING  | [ANOMALY] Price spike detected: EURGBP 2026-07-28 22:00:00 change: -0.0000
2026-07-29 06:19:02,904 | WARNING  | [ANOMALY] Price spike detected: GBPUSD-OTC 2026-07-28 12:15:00 change: 0.0009
2026-07-29 06:19:02,905 | WARNING  | [ANOMALY] Price spike detected: EURGBP-OTC 2026-07-28 16:15:00 change: -0.0011
2026-07-29 06:19:02,905 | WARNING  | [ANOMALY] Price spike detected: EURGBP 2026-07-28 22:30:00 change: 0.0001
2026-07-29 06:19:02,905 | WARNING  | [ANOMALY] Price spike detected: GBPUSD-OTC 2026-07-28 12:30:00 change: 0.0008
2026-07-29 06:19:02,905 | WARNING  | [ANOMALY] Price spike detected: EURGBP-OTC 2026-07-28 16:30:00 change: -0.0008
2026-07-29 06:19:02,905 | WARNING  | [ANOMALY] Price spike detected: EURGBP 2026-07-28 22:45:00 change: -0.0000
2026-07-29 06:19:02,905 | WARNING  | [ANOMALY] Price spike detected: GBPUSD-OTC 2026-07-28 12:45:00 change: -0.0024
2026-07-29 06:19:02,906 | WARNING  | [ANOMALY] Price spike detected: EURGBP-OTC 2026-07-28 16:45:00 change: -0.0014
2026-07-29 06:19:02,906 | WARNING  | [ANOMALY] Price spike detected: EURGBP 2026-07-28 23:00:00 change: -0.0000
2026-07-29 06:19:02,906 | WARNING  | [ANOMALY] Price spike detected: GBPUSD-OTC 2026-07-28 13:00:00 change: 0.0018
2026-07-29 06:19:02,906 | WARNING  | [ANOMALY] Price spike detected: EURGBP-OTC 2026-07-28 17:00:00 change: 0.0004
2026-07-29 06:19:02,907 | WARNING  | [ANOMALY] Price spike detected: GBPUSD-OTC 2026-07-28 13:15:00 change: 0.0006
2026-07-29 06:19:02,907 | WARNING  | [ANOMALY] Price spike detected: EURGBP-OTC 2026-07-28 17:15:00 change: 0.0009
2026-07-29 06:19:02,907 | WARNING  | [ANOMALY] Price spike detected: GBPUSD-OTC 2026-07-28 13:30:00 change: 0.0023
2026-07-29 06:19:02,908 | WARNING  | [ANOMALY] Price spike detected: EURGBP-OTC 2026-07-28 17:30:00 change: 0.0006
2026-07-29 06:19:02,908 | WARNING  | [ANOMALY] Price spike detected: GBPUSD-OTC 2026-07-28 14:00:00 change: 0.0018
2026-07-29 06:19:02,909 | WARNING  | [ANOMALY] Price spike detected: EURGBP-OTC 2026-07-28 17:45:00 change: 0.0019
2026-07-29 06:19:02,913 | WARNING  | [ANOMALY] Total anomalies detected: EURGBP 28
2026-07-29 06:19:02,913 | WARNING  | [ANOMALY] Price spike detected: GBPUSD-OTC 2026-07-28 14:15:00 change: -0.0011
2026-07-29 06:19:02,913 | WARNING  | [ANOMALY] Price spike detected: EURGBP-OTC 2026-07-28 18:00:00 change: 0.0006
2026-07-29 06:19:02,914 | ERROR    | [ANOMALY] Excessive anomalies threshold exceeded: 5841
2026-07-29 06:19:02,914 | WARNING  | [ANOMALY] Price spike detected: GBPUSD-OTC 2026-07-28 14:30:00 change: 0.0016
2026-07-29 06:19:02,914 | WARNING  | [ANOMALY] Price spike detected: EURGBP-OTC 2026-07-28 18:15:00 change: 0.0006
2026-07-29 06:19:02,914 | INFO     | [DataAdapter] M15 anomaly detection completed for EURGBP
2026-07-29 06:19:02,914 | WARNING  | [ANOMALY] Price spike detected: GBPUSD-OTC 2026-07-28 15:00:00 change: -0.0005
2026-07-29 06:19:02,914 | WARNING  | [ANOMALY] Price spike detected: EURGBP-OTC 2026-07-28 18:30:00 change: 0.0012
2026-07-29 06:19:02,915 | INFO     | [DataAdapter] M15 data refresh completed for EURGBP
2026-07-29 06:19:02,915 | WARNING  | [ANOMALY] Price spike detected: GBPUSD-OTC 2026-07-28 15:30:00 change: -0.0008
2026-07-29 06:19:02,915 | WARNING  | [ANOMALY] Price spike detected: EURGBP-OTC 2026-07-28 18:45:00 change: -0.0008
2026-07-29 06:19:02,915 | INFO     | [DataAdapter] Anomaly statistics for EURGBP: {'total_calls': 20, 'response_times': [0.8445141315460205, 1.0909359455108643, 0.9525554180145264, 0.963559627532959, 0.9220683574676514, 0.715965986251831, 0.4042336940765381, 0.10851430892944336, 0.7005531787872314, 0.4905996322631836, 0.28547239303588867, 0.1288316249847412, 0.75014328956604, 0.5706212520599365, 0.2901754379272461, 0.13802480697631836, 0.843747615814209, 0.6340391635894775, 0.23480534553527832, 0.11536788940429688], 'spike_count': 5841, 'zero_volume_count': 0, 'impossible_candle_count': 0, 'consecutive_anomalies': 5841, 'avg_response_time': np.float64(0.5592364549636841), 'max_response_time': np.float64(1.0909359455108643), 'min_response_time': np.float64(0.10851430892944336)}
2026-07-29 06:19:02,915 | WARNING  | [ANOMALY] Price spike detected: GBPUSD-OTC 2026-07-28 15:45:00 change: -0.0013
2026-07-29 06:19:02,916 | WARNING  | [ANOMALY] Price spike detected: EURGBP-OTC 2026-07-28 19:30:00 change: -0.0011
2026-07-29 06:19:02,916 | WARNING  | [ANOMALY] Price spike detected: GBPUSD-OTC 2026-07-28 16:15:00 change: -0.0014
2026-07-29 06:19:02,916 | WARNING  | [ANOMALY] Price spike detected: EURGBP-OTC 2026-07-28 20:00:00 change: 0.0004
2026-07-29 06:19:02,916 | WARNING  | [ANOMALY] Price spike detected: GBPUSD-OTC 2026-07-28 16:30:00 change: -0.0008
2026-07-29 06:19:02,916 | WARNING  | [ANOMALY] Price spike detected: EURGBP-OTC 2026-07-28 20:15:00 change: -0.0004
2026-07-29 06:19:02,917 | WARNING  | [ANOMALY] Price spike detected: GBPUSD-OTC 2026-07-28 16:45:00 change: 0.0009
2026-07-29 06:19:02,917 | WARNING  | [ANOMALY] Price spike detected: EURGBP-OTC 2026-07-28 20:30:00 change: 0.0004
2026-07-29 06:19:02,917 | WARNING  | [ANOMALY] Price spike detected: GBPUSD-OTC 2026-07-28 17:00:00 change: 0.0012
2026-07-29 06:19:02,917 | WARNING  | [ANOMALY] Price spike detected: EURGBP-OTC 2026-07-28 20:45:00 change: 0.0007
2026-07-29 06:19:02,917 | WARNING  | [ANOMALY] Price spike detected: GBPUSD-OTC 2026-07-28 17:15:00 change: 0.0008
2026-07-29 06:19:02,918 | WARNING  | [ANOMALY] Price spike detected: EURGBP-OTC 2026-07-28 21:00:00 change: -0.0007
2026-07-29 06:19:02,918 | WARNING  | [ANOMALY] Price spike detected: GBPUSD-OTC 2026-07-28 17:45:00 change: 0.0007
2026-07-29 06:19:02,918 | WARNING  | [ANOMALY] Price spike detected: EURGBP-OTC 2026-07-28 21:15:00 change: -0.0004
2026-07-29 06:19:02,918 | WARNING  | [ANOMALY] Price spike detected: GBPUSD-OTC 2026-07-28 18:00:00 change: -0.0018
2026-07-29 06:19:02,918 | WARNING  | [ANOMALY] Price spike detected: EURGBP-OTC 2026-07-28 21:30:00 change: -0.0006
2026-07-29 06:19:02,918 | WARNING  | [ANOMALY] Price spike detected: GBPUSD-OTC 2026-07-28 18:15:00 change: -0.0013
2026-07-29 06:19:02,919 | WARNING  | [ANOMALY] Price spike detected: EURGBP-OTC 2026-07-28 22:00:00 change: 0.0010
2026-07-29 06:19:02,919 | WARNING  | [ANOMALY] Price spike detected: GBPUSD-OTC 2026-07-28 18:45:00 change: 0.0026
2026-07-29 06:19:02,919 | WARNING  | [ANOMALY] Price spike detected: EURGBP-OTC 2026-07-28 22:15:00 change: -0.0003
2026-07-29 06:19:02,919 | WARNING  | [ANOMALY] Price spike detected: GBPUSD-OTC 2026-07-28 19:00:00 change: -0.0006
2026-07-29 06:19:02,919 | WARNING  | [ANOMALY] Price spike detected: EURGBP-OTC 2026-07-28 22:30:00 change: -0.0010
2026-07-29 06:19:02,919 | WARNING  | [ANOMALY] Price spike detected: GBPUSD-OTC 2026-07-28 19:30:00 change: -0.0011
2026-07-29 06:19:02,920 | WARNING  | [ANOMALY] Price spike detected: EURGBP-OTC 2026-07-28 22:45:00 change: -0.0002
2026-07-29 06:19:02,920 | WARNING  | [ANOMALY] Price spike detected: GBPUSD-OTC 2026-07-28 19:45:00 change: -0.0007
2026-07-29 06:19:02,920 | WARNING  | [ANOMALY] Price spike detected: EURGBP-OTC 2026-07-28 23:00:00 change: 0.0015
2026-07-29 06:19:02,920 | WARNING  | [ANOMALY] Price spike detected: GBPUSD-OTC 2026-07-28 20:15:00 change: -0.0014
2026-07-29 06:19:02,921 | WARNING  | [ANOMALY] Price spike detected: GBPUSD-OTC 2026-07-28 20:30:00 change: 0.0017
2026-07-29 06:19:02,921 | WARNING  | [ANOMALY] Price spike detected: GBPUSD-OTC 2026-07-28 20:45:00 change: 0.0016
2026-07-29 06:19:02,921 | WARNING  | [ANOMALY] Price spike detected: GBPUSD-OTC 2026-07-28 21:00:00 change: -0.0006
2026-07-29 06:19:02,922 | WARNING  | [ANOMALY] Price spike detected: GBPUSD-OTC 2026-07-28 21:45:00 change: 0.0009
2026-07-29 06:19:02,922 | WARNING  | [ANOMALY] Price spike detected: GBPUSD-OTC 2026-07-28 22:30:00 change: -0.0020
2026-07-29 06:19:02,923 | WARNING  | [ANOMALY] Price spike detected: GBPUSD-OTC 2026-07-28 22:45:00 change: 0.0010
2026-07-29 06:19:02,927 | WARNING  | [ANOMALY] Total anomalies detected: EURGBP-OTC 35
2026-07-29 06:19:02,927 | ERROR    | [ANOMALY] Excessive anomalies threshold exceeded: 5841
2026-07-29 06:19:02,927 | INFO     | [DataAdapter] M15 anomaly detection completed for EURGBP-OTC
2026-07-29 06:19:02,927 | INFO     | [DataAdapter] M15 data refresh completed for EURGBP-OTC
2026-07-29 06:19:02,928 | INFO     | [DataAdapter] Anomaly statistics for EURGBP-OTC: {'total_calls': 20, 'response_times': [0.8445141315460205, 1.0909359455108643, 0.9525554180145264, 0.963559627532959, 0.9220683574676514, 0.715965986251831, 0.4042336940765381, 0.10851430892944336, 0.7005531787872314, 0.4905996322631836, 0.28547239303588867, 0.1288316249847412, 0.75014328956604, 0.5706212520599365, 0.2901754379272461, 0.13802480697631836, 0.843747615814209, 0.6340391635894775, 0.23480534553527832, 0.11536788940429688], 'spike_count': 5841, 'zero_volume_count': 0, 'impossible_candle_count': 0, 'consecutive_anomalies': 5841, 'avg_response_time': np.float64(0.5592364549636841), 'max_response_time': np.float64(1.0909359455108643), 'min_response_time': np.float64(0.10851430892944336)}
2026-07-29 06:19:02,932 | WARNING  | [ANOMALY] Total anomalies detected: GBPUSD-OTC 31
2026-07-29 06:19:02,932 | ERROR    | [ANOMALY] Excessive anomalies threshold exceeded: 5841
2026-07-29 06:19:02,932 | INFO     | [DataAdapter] M15 anomaly detection completed for GBPUSD-OTC
2026-07-29 06:19:02,932 | INFO     | [DataAdapter] M15 data refresh completed for GBPUSD-OTC
2026-07-29 06:19:02,932 | INFO     | [DataAdapter] Anomaly statistics for GBPUSD-OTC: {'total_calls': 20, 'response_times': [0.8445141315460205, 1.0909359455108643, 0.9525554180145264, 0.963559627532959, 0.9220683574676514, 0.715965986251831, 0.4042336940765381, 0.10851430892944336, 0.7005531787872314, 0.4905996322631836, 0.28547239303588867, 0.1288316249847412, 0.75014328956604, 0.5706212520599365, 0.2901754379272461, 0.13802480697631836, 0.843747615814209, 0.6340391635894775, 0.23480534553527832, 0.11536788940429688], 'spike_count': 5841, 'zero_volume_count': 0, 'impossible_candle_count': 0, 'consecutive_anomalies': 5841, 'avg_response_time': np.float64(0.5592364549636841), 'max_response_time': np.float64(1.0909359455108643), 'min_response_time': np.float64(0.10851430892944336)}
2026-07-29 06:19:03,040 | ERROR    | [AnomalyDetector] Error during analysis: 'AnomalyDetector' object has no attribute 'analyze'
Traceback (most recent call last):
  File "E:\BOT_FINALBOT\FINALBOT_Begin\data_evaluate\orchestrator.py", line 689, in _run_supplementary_engines
    anom_res = self.anomaly_detector.analyze(df_m5)
               ^^^^^^^^^^^^^^^^^^^^^^^^^^^^^
AttributeError: 'AnomalyDetector' object has no attribute 'analyze'
2026-07-29 06:19:03,041 | ERROR    | Error running supplementary engines for EURUSD: 'AnomalyDetector' object has no attribute 'analyze'
Traceback (most recent call last):
  File "E:\BOT_FINALBOT\FINALBOT_Begin\data_evaluate\orchestrator.py", line 296, in process_cycle
    supp_engines = self._run_supplementary_engines(
                   ^^^^^^^^^^^^^^^^^^^^^^^^^^^^^^^^
  File "E:\BOT_FINALBOT\FINALBOT_Begin\data_evaluate\orchestrator.py", line 689, in _run_supplementary_engines
    anom_res = self.anomaly_detector.analyze(df_m5)
               ^^^^^^^^^^^^^^^^^^^^^^^^^^^^^
AttributeError: 'AnomalyDetector' object has no attribute 'analyze'
2026-07-29 06:19:03,042 | ERROR    | Orchestrator failed for EURUSD
Traceback (most recent call last):
  File "E:\BOT_FINALBOT\FINALBOT_Begin\runner.py", line 240, in run_cycle
    self.orchestrator.process_cycle(sym)
  File "E:\BOT_FINALBOT\FINALBOT_Begin\data_evaluate\orchestrator.py", line 296, in process_cycle
    supp_engines = self._run_supplementary_engines(
                   ^^^^^^^^^^^^^^^^^^^^^^^^^^^^^^^^
  File "E:\BOT_FINALBOT\FINALBOT_Begin\data_evaluate\orchestrator.py", line 689, in _run_supplementary_engines
    anom_res = self.anomaly_detector.analyze(df_m5)
               ^^^^^^^^^^^^^^^^^^^^^^^^^^^^^
AttributeError: 'AnomalyDetector' object has no attribute 'analyze'
2026-07-29 06:19:03,169 | ERROR    | [AnomalyDetector] Error during analysis: 'AnomalyDetector' object has no attribute 'analyze'
Traceback (most recent call last):
  File "E:\BOT_FINALBOT\FINALBOT_Begin\data_evaluate\orchestrator.py", line 689, in _run_supplementary_engines
    anom_res = self.anomaly_detector.analyze(df_m5)
               ^^^^^^^^^^^^^^^^^^^^^^^^^^^^^
AttributeError: 'AnomalyDetector' object has no attribute 'analyze'
2026-07-29 06:19:03,170 | ERROR    | Error running supplementary engines for EURGBP: 'AnomalyDetector' object has no attribute 'analyze'
Traceback (most recent call last):
  File "E:\BOT_FINALBOT\FINALBOT_Begin\data_evaluate\orchestrator.py", line 296, in process_cycle
    supp_engines = self._run_supplementary_engines(
                   ^^^^^^^^^^^^^^^^^^^^^^^^^^^^^^^^
  File "E:\BOT_FINALBOT\FINALBOT_Begin\data_evaluate\orchestrator.py", line 689, in _run_supplementary_engines
    anom_res = self.anomaly_detector.analyze(df_m5)
               ^^^^^^^^^^^^^^^^^^^^^^^^^^^^^
AttributeError: 'AnomalyDetector' object has no attribute 'analyze'
2026-07-29 06:19:03,173 | ERROR    | Orchestrator failed for EURGBP
Traceback (most recent call last):
  File "E:\BOT_FINALBOT\FINALBOT_Begin\runner.py", line 240, in run_cycle
    self.orchestrator.process_cycle(sym)
  File "E:\BOT_FINALBOT\FINALBOT_Begin\data_evaluate\orchestrator.py", line 296, in process_cycle
    supp_engines = self._run_supplementary_engines(
                   ^^^^^^^^^^^^^^^^^^^^^^^^^^^^^^^^
  File "E:\BOT_FINALBOT\FINALBOT_Begin\data_evaluate\orchestrator.py", line 689, in _run_supplementary_engines
    anom_res = self.anomaly_detector.analyze(df_m5)
               ^^^^^^^^^^^^^^^^^^^^^^^^^^^^^
AttributeError: 'AnomalyDetector' object has no attribute 'analyze'
2026-07-29 06:19:03,300 | ERROR    | [AnomalyDetector] Error during analysis: 'AnomalyDetector' object has no attribute 'analyze'
Traceback (most recent call last):
  File "E:\BOT_FINALBOT\FINALBOT_Begin\data_evaluate\orchestrator.py", line 689, in _run_supplementary_engines
    anom_res = self.anomaly_detector.analyze(df_m5)
               ^^^^^^^^^^^^^^^^^^^^^^^^^^^^^
AttributeError: 'AnomalyDetector' object has no attribute 'analyze'
2026-07-29 06:19:03,302 | ERROR    | Error running supplementary engines for GBPUSD-OTC: 'AnomalyDetector' object has no attribute 'analyze'
Traceback (most recent call last):
  File "E:\BOT_FINALBOT\FINALBOT_Begin\data_evaluate\orchestrator.py", line 296, in process_cycle
    supp_engines = self._run_supplementary_engines(
                   ^^^^^^^^^^^^^^^^^^^^^^^^^^^^^^^^
  File "E:\BOT_FINALBOT\FINALBOT_Begin\data_evaluate\orchestrator.py", line 689, in _run_supplementary_engines
    anom_res = self.anomaly_detector.analyze(df_m5)
               ^^^^^^^^^^^^^^^^^^^^^^^^^^^^^
AttributeError: 'AnomalyDetector' object has no attribute 'analyze'
2026-07-29 06:19:03,304 | ERROR    | Orchestrator failed for GBPUSD-OTC
Traceback (most recent call last):
  File "E:\BOT_FINALBOT\FINALBOT_Begin\runner.py", line 240, in run_cycle
    self.orchestrator.process_cycle(sym)
  File "E:\BOT_FINALBOT\FINALBOT_Begin\data_evaluate\orchestrator.py", line 296, in process_cycle
    supp_engines = self._run_supplementary_engines(
                   ^^^^^^^^^^^^^^^^^^^^^^^^^^^^^^^^
  File "E:\BOT_FINALBOT\FINALBOT_Begin\data_evaluate\orchestrator.py", line 689, in _run_supplementary_engines
    anom_res = self.anomaly_detector.analyze(df_m5)
               ^^^^^^^^^^^^^^^^^^^^^^^^^^^^^
AttributeError: 'AnomalyDetector' object has no attribute 'analyze'
2026-07-29 06:19:03,411 | ERROR    | [AnomalyDetector] Error during analysis: 'AnomalyDetector' object has no attribute 'analyze'
Traceback (most recent call last):
  File "E:\BOT_FINALBOT\FINALBOT_Begin\data_evaluate\orchestrator.py", line 689, in _run_supplementary_engines
    anom_res = self.anomaly_detector.analyze(df_m5)
               ^^^^^^^^^^^^^^^^^^^^^^^^^^^^^
AttributeError: 'AnomalyDetector' object has no attribute 'analyze'
2026-07-29 06:19:03,412 | ERROR    | Error running supplementary engines for EURGBP-OTC: 'AnomalyDetector' object has no attribute 'analyze'
Traceback (most recent call last):
  File "E:\BOT_FINALBOT\FINALBOT_Begin\data_evaluate\orchestrator.py", line 296, in process_cycle
    supp_engines = self._run_supplementary_engines(
                   ^^^^^^^^^^^^^^^^^^^^^^^^^^^^^^^^
  File "E:\BOT_FINALBOT\FINALBOT_Begin\data_evaluate\orchestrator.py", line 689, in _run_supplementary_engines
    anom_res = self.anomaly_detector.analyze(df_m5)
               ^^^^^^^^^^^^^^^^^^^^^^^^^^^^^
AttributeError: 'AnomalyDetector' object has no attribute 'analyze'
2026-07-29 06:19:03,413 | ERROR    | Orchestrator failed for EURGBP-OTC
Traceback (most recent call last):
  File "E:\BOT_FINALBOT\FINALBOT_Begin\runner.py", line 240, in run_cycle
    self.orchestrator.process_cycle(sym)
  File "E:\BOT_FINALBOT\FINALBOT_Begin\data_evaluate\orchestrator.py", line 296, in process_cycle
    supp_engines = self._run_supplementary_engines(
                   ^^^^^^^^^^^^^^^^^^^^^^^^^^^^^^^^
  File "E:\BOT_FINALBOT\FINALBOT_Begin\data_evaluate\orchestrator.py", line 689, in _run_supplementary_engines
    anom_res = self.anomaly_detector.analyze(df_m5)
               ^^^^^^^^^^^^^^^^^^^^^^^^^^^^^
AttributeError: 'AnomalyDetector' object has no attribute 'analyze'
2026-07-29 06:19:03,415 | INFO     | [EURUSD:1.13843][EURGBP:0.85701][GBPUSD-OTC:1.33268][EURGBP-OTC:0.85120] :: TOTAL=$1453.95
