2026-07-24 12:45:49,942 | INFO     | FINALBOT Running
2026-07-24 12:45:50,122 | INFO     | MarketStateClassifier initialised
2026-07-24 12:45:50,125 | INFO     | กำลังเชื่อมต่อโบรกเกอร์  | IQ Option
2026-07-24 12:45:50,125 | INFO     | [IQOPTION] Initialized with Zero Tolerance compliance
2026-07-24 12:45:50,225 | INFO     | Using stable_api.IQ_Option class
2026-07-24 12:45:50,225 | INFO     | [CONN] Connecting to IQ Option (DEMO) as venuz20152565@gmail.com...
2026-07-24 12:45:50,225 | INFO     | [CONN] API created, attempting to connect...
2026-07-24 12:45:51,148 | INFO     | Websocket connected
2026-07-24 12:45:51,879 | ERROR    | error from callback <bound method WebsocketClient.on_message of <iqoptionapi.ws.client.WebsocketClient object at 0x000002390FFC6C30>>: WebsocketClient.on_message() takes 2 positional arguments but 3 were given
2026-07-24 12:45:51,879 | ERROR    | WebsocketClient.on_message() takes 2 positional arguments but 3 were given
2026-07-24 12:45:52,147 | ERROR    | error from callback <bound method WebsocketClient.on_message of <iqoptionapi.ws.client.WebsocketClient object at 0x000002390FFC6C30>>: WebsocketClient.on_message() takes 2 positional arguments but 3 were given
2026-07-24 12:45:52,162 | ERROR    | WebsocketClient.on_message() takes 2 positional arguments but 3 were given
2026-07-24 12:45:52,209 | ERROR    | error from callback <bound method WebsocketClient.on_message of <iqoptionapi.ws.client.WebsocketClient object at 0x000002390FFC6C30>>: WebsocketClient.on_message() takes 2 positional arguments but 3 were given
2026-07-24 12:45:52,225 | ERROR    | WebsocketClient.on_message() takes 2 positional arguments but 3 were given
2026-07-24 12:45:52,930 | ERROR    | error from callback <bound method WebsocketClient.on_message of <iqoptionapi.ws.client.WebsocketClient object at 0x000002390FFC6C30>>: WebsocketClient.on_message() takes 2 positional arguments but 3 were given
2026-07-24 12:45:52,945 | ERROR    | WebsocketClient.on_message() takes 2 positional arguments but 3 were given
2026-07-24 12:45:53,923 | ERROR    | error from callback <bound method WebsocketClient.on_message of <iqoptionapi.ws.client.WebsocketClient object at 0x000002390FFC6C30>>: WebsocketClient.on_message() takes 2 positional arguments but 3 were given
2026-07-24 12:45:53,938 | ERROR    | WebsocketClient.on_message() takes 2 positional arguments but 3 were given
2026-07-24 12:45:54,946 | ERROR    | error from callback <bound method WebsocketClient.on_message of <iqoptionapi.ws.client.WebsocketClient object at 0x000002390FFC6C30>>: WebsocketClient.on_message() takes 2 positional arguments but 3 were given
2026-07-24 12:45:54,962 | ERROR    | WebsocketClient.on_message() takes 2 positional arguments but 3 were given
2026-07-24 12:45:55,950 | ERROR    | error from callback <bound method WebsocketClient.on_message of <iqoptionapi.ws.client.WebsocketClient object at 0x000002390FFC6C30>>: WebsocketClient.on_message() takes 2 positional arguments but 3 were given
2026-07-24 12:45:55,967 | ERROR    | WebsocketClient.on_message() takes 2 positional arguments but 3 were given
2026-07-24 12:45:56,953 | ERROR    | error from callback <bound method WebsocketClient.on_message of <iqoptionapi.ws.client.WebsocketClient object at 0x000002390FFC6C30>>: WebsocketClient.on_message() takes 2 positional arguments but 3 were given
2026-07-24 12:45:56,969 | ERROR    | WebsocketClient.on_message() takes 2 positional arguments but 3 were given
2026-07-24 12:45:57,968 | ERROR    | error from callback <bound method WebsocketClient.on_message of <iqoptionapi.ws.client.WebsocketClient object at 0x000002390FFC6C30>>: WebsocketClient.on_message() takes 2 positional arguments but 3 were given
2026-07-24 12:45:57,983 | ERROR    | WebsocketClient.on_message() takes 2 positional arguments but 3 were given
2026-07-24 12:45:58,980 | ERROR    | error from callback <bound method WebsocketClient.on_message of <iqoptionapi.ws.client.WebsocketClient object at 0x000002390FFC6C30>>: WebsocketClient.on_message() takes 2 positional arguments but 3 were given
2026-07-24 12:45:58,995 | ERROR    | WebsocketClient.on_message() takes 2 positional arguments but 3 were given
2026-07-24 12:45:59,992 | ERROR    | error from callback <bound method WebsocketClient.on_message of <iqoptionapi.ws.client.WebsocketClient object at 0x000002390FFC6C30>>: WebsocketClient.on_message() takes 2 positional arguments but 3 were given
2026-07-24 12:46:00,008 | ERROR    | WebsocketClient.on_message() takes 2 positional arguments but 3 were given
2026-07-24 12:46:00,990 | ERROR    | error from callback <bound method WebsocketClient.on_message of <iqoptionapi.ws.client.WebsocketClient object at 0x000002390FFC6C30>>: WebsocketClient.on_message() takes 2 positional arguments but 3 were given
2026-07-24 12:46:01,006 | ERROR    | WebsocketClient.on_message() takes 2 positional arguments but 3 were given
2026-07-24 12:46:02,017 | ERROR    | error from callback <bound method WebsocketClient.on_message of <iqoptionapi.ws.client.WebsocketClient object at 0x000002390FFC6C30>>: WebsocketClient.on_message() takes 2 positional arguments but 3 were given
2026-07-24 12:46:02,033 | ERROR    | WebsocketClient.on_message() takes 2 positional arguments but 3 were given
2026-07-24 12:46:03,019 | ERROR    | error from callback <bound method WebsocketClient.on_message of <iqoptionapi.ws.client.WebsocketClient object at 0x000002390FFC6C30>>: WebsocketClient.on_message() takes 2 positional arguments but 3 were given
2026-07-24 12:46:03,034 | ERROR    | WebsocketClient.on_message() takes 2 positional arguments but 3 were given
2026-07-24 12:46:04,030 | ERROR    | error from callback <bound method WebsocketClient.on_message of <iqoptionapi.ws.client.WebsocketClient object at 0x000002390FFC6C30>>: WebsocketClient.on_message() takes 2 positional arguments but 3 were given
2026-07-24 12:46:04,046 | ERROR    | WebsocketClient.on_message() takes 2 positional arguments but 3 were given
2026-07-24 12:46:05,047 | ERROR    | error from callback <bound method WebsocketClient.on_message of <iqoptionapi.ws.client.WebsocketClient object at 0x000002390FFC6C30>>: WebsocketClient.on_message() takes 2 positional arguments but 3 were given
2026-07-24 12:46:05,062 | ERROR    | WebsocketClient.on_message() takes 2 positional arguments but 3 were given
2026-07-24 12:46:06,063 | ERROR    | error from callback <bound method WebsocketClient.on_message of <iqoptionapi.ws.client.WebsocketClient object at 0x000002390FFC6C30>>: WebsocketClient.on_message() takes 2 positional arguments but 3 were given
2026-07-24 12:46:06,079 | ERROR    | WebsocketClient.on_message() takes 2 positional arguments but 3 were given
2026-07-24 12:46:07,057 | ERROR    | error from callback <bound method WebsocketClient.on_message of <iqoptionapi.ws.client.WebsocketClient object at 0x000002390FFC6C30>>: WebsocketClient.on_message() takes 2 positional arguments but 3 were given
2026-07-24 12:46:07,073 | ERROR    | WebsocketClient.on_message() takes 2 positional arguments but 3 were given
2026-07-24 12:46:08,076 | ERROR    | error from callback <bound method WebsocketClient.on_message of <iqoptionapi.ws.client.WebsocketClient object at 0x000002390FFC6C30>>: WebsocketClient.on_message() takes 2 positional arguments but 3 were given
2026-07-24 12:46:08,092 | ERROR    | WebsocketClient.on_message() takes 2 positional arguments but 3 were given
2026-07-24 12:46:09,074 | ERROR    | error from callback <bound method WebsocketClient.on_message of <iqoptionapi.ws.client.WebsocketClient object at 0x000002390FFC6C30>>: WebsocketClient.on_message() takes 2 positional arguments but 3 were given
2026-07-24 12:46:09,089 | ERROR    | WebsocketClient.on_message() takes 2 positional arguments but 3 were given
2026-07-24 12:46:10,087 | ERROR    | error from callback <bound method WebsocketClient.on_message of <iqoptionapi.ws.client.WebsocketClient object at 0x000002390FFC6C30>>: WebsocketClient.on_message() takes 2 positional arguments but 3 were given
2026-07-24 12:46:10,103 | ERROR    | WebsocketClient.on_message() takes 2 positional arguments but 3 were given
2026-07-24 12:46:11,105 | ERROR    | error from callback <bound method WebsocketClient.on_message of <iqoptionapi.ws.client.WebsocketClient object at 0x000002390FFC6C30>>: WebsocketClient.on_message() takes 2 positional arguments but 3 were given
2026-07-24 12:46:11,120 | ERROR    | WebsocketClient.on_message() takes 2 positional arguments but 3 were given
2026-07-24 12:46:12,117 | ERROR    | error from callback <bound method WebsocketClient.on_message of <iqoptionapi.ws.client.WebsocketClient object at 0x000002390FFC6C30>>: WebsocketClient.on_message() takes 2 positional arguments but 3 were given
2026-07-24 12:46:12,132 | ERROR    | WebsocketClient.on_message() takes 2 positional arguments but 3 were given
2026-07-24 12:46:13,112 | ERROR    | error from callback <bound method WebsocketClient.on_message of <iqoptionapi.ws.client.WebsocketClient object at 0x000002390FFC6C30>>: WebsocketClient.on_message() takes 2 positional arguments but 3 were given
2026-07-24 12:46:13,127 | ERROR    | WebsocketClient.on_message() takes 2 positional arguments but 3 were given
2026-07-24 12:46:14,133 | ERROR    | error from callback <bound method WebsocketClient.on_message of <iqoptionapi.ws.client.WebsocketClient object at 0x000002390FFC6C30>>: WebsocketClient.on_message() takes 2 positional arguments but 3 were given
2026-07-24 12:46:14,149 | ERROR    | WebsocketClient.on_message() takes 2 positional arguments but 3 were given
2026-07-24 12:46:15,133 | ERROR    | error from callback <bound method WebsocketClient.on_message of <iqoptionapi.ws.client.WebsocketClient object at 0x000002390FFC6C30>>: WebsocketClient.on_message() takes 2 positional arguments but 3 were given
2026-07-24 12:46:15,148 | ERROR    | WebsocketClient.on_message() takes 2 positional arguments but 3 were given
2026-07-24 12:46:16,143 | ERROR    | error from callback <bound method WebsocketClient.on_message of <iqoptionapi.ws.client.WebsocketClient object at 0x000002390FFC6C30>>: WebsocketClient.on_message() takes 2 positional arguments but 3 were given
2026-07-24 12:46:16,158 | ERROR    | WebsocketClient.on_message() takes 2 positional arguments but 3 were given
2026-07-24 12:46:17,154 | ERROR    | error from callback <bound method WebsocketClient.on_message of <iqoptionapi.ws.client.WebsocketClient object at 0x000002390FFC6C30>>: WebsocketClient.on_message() takes 2 positional arguments but 3 were given
2026-07-24 12:46:17,169 | ERROR    | WebsocketClient.on_message() takes 2 positional arguments but 3 were given
2026-07-24 12:46:18,171 | ERROR    | error from callback <bound method WebsocketClient.on_message of <iqoptionapi.ws.client.WebsocketClient object at 0x000002390FFC6C30>>: WebsocketClient.on_message() takes 2 positional arguments but 3 were given
2026-07-24 12:46:18,187 | ERROR    | WebsocketClient.on_message() takes 2 positional arguments but 3 were given
2026-07-24 12:46:19,185 | ERROR    | error from callback <bound method WebsocketClient.on_message of <iqoptionapi.ws.client.WebsocketClient object at 0x000002390FFC6C30>>: WebsocketClient.on_message() takes 2 positional arguments but 3 were given
2026-07-24 12:46:19,200 | ERROR    | WebsocketClient.on_message() takes 2 positional arguments but 3 were given
2026-07-24 12:46:20,187 | ERROR    | error from callback <bound method WebsocketClient.on_message of <iqoptionapi.ws.client.WebsocketClient object at 0x000002390FFC6C30>>: WebsocketClient.on_message() takes 2 positional arguments but 3 were given
2026-07-24 12:46:20,203 | ERROR    | WebsocketClient.on_message() takes 2 positional arguments but 3 were given
2026-07-24 12:46:21,208 | ERROR    | error from callback <bound method WebsocketClient.on_message of <iqoptionapi.ws.client.WebsocketClient object at 0x000002390FFC6C30>>: WebsocketClient.on_message() takes 2 positional arguments but 3 were given
2026-07-24 12:46:21,224 | ERROR    | WebsocketClient.on_message() takes 2 positional arguments but 3 were given
2026-07-24 12:46:22,211 | ERROR    | error from callback <bound method WebsocketClient.on_message of <iqoptionapi.ws.client.WebsocketClient object at 0x000002390FFC6C30>>: WebsocketClient.on_message() takes 2 positional arguments but 3 were given
2026-07-24 12:46:22,227 | ERROR    | WebsocketClient.on_message() takes 2 positional arguments but 3 were given
2026-07-24 12:46:23,217 | ERROR    | error from callback <bound method WebsocketClient.on_message of <iqoptionapi.ws.client.WebsocketClient object at 0x000002390FFC6C30>>: WebsocketClient.on_message() takes 2 positional arguments but 3 were given
2026-07-24 12:46:23,233 | ERROR    | WebsocketClient.on_message() takes 2 positional arguments but 3 were given
2026-07-24 12:46:24,232 | ERROR    | error from callback <bound method WebsocketClient.on_message of <iqoptionapi.ws.client.WebsocketClient object at 0x000002390FFC6C30>>: WebsocketClient.on_message() takes 2 positional arguments but 3 were given
2026-07-24 12:46:24,248 | ERROR    | WebsocketClient.on_message() takes 2 positional arguments but 3 were given
2026-07-24 12:46:25,248 | ERROR    | error from callback <bound method WebsocketClient.on_message of <iqoptionapi.ws.client.WebsocketClient object at 0x000002390FFC6C30>>: WebsocketClient.on_message() takes 2 positional arguments but 3 were given
2026-07-24 12:46:25,263 | ERROR    | WebsocketClient.on_message() takes 2 positional arguments but 3 were given
2026-07-24 12:46:26,263 | ERROR    | error from callback <bound method WebsocketClient.on_message of <iqoptionapi.ws.client.WebsocketClient object at 0x000002390FFC6C30>>: WebsocketClient.on_message() takes 2 positional arguments but 3 were given
2026-07-24 12:46:26,278 | ERROR    | WebsocketClient.on_message() takes 2 positional arguments but 3 were given
2026-07-24 12:46:27,262 | ERROR    | error from callback <bound method WebsocketClient.on_message of <iqoptionapi.ws.client.WebsocketClient object at 0x000002390FFC6C30>>: WebsocketClient.on_message() takes 2 positional arguments but 3 were given
2026-07-24 12:46:27,262 | ERROR    | WebsocketClient.on_message() takes 2 positional arguments but 3 were given
2026-07-24 12:46:28,277 | ERROR    | error from callback <bound method WebsocketClient.on_message of <iqoptionapi.ws.client.WebsocketClient object at 0x000002390FFC6C30>>: WebsocketClient.on_message() takes 2 positional arguments but 3 were given
2026-07-24 12:46:28,292 | ERROR    | WebsocketClient.on_message() takes 2 positional arguments but 3 were given
2026-07-24 12:46:29,285 | ERROR    | error from callback <bound method WebsocketClient.on_message of <iqoptionapi.ws.client.WebsocketClient object at 0x000002390FFC6C30>>: WebsocketClient.on_message() takes 2 positional arguments but 3 were given
2026-07-24 12:46:29,301 | ERROR    | WebsocketClient.on_message() takes 2 positional arguments but 3 were given
2026-07-24 12:46:30,292 | ERROR    | error from callback <bound method WebsocketClient.on_message of <iqoptionapi.ws.client.WebsocketClient object at 0x000002390FFC6C30>>: WebsocketClient.on_message() takes 2 positional arguments but 3 were given
2026-07-24 12:46:30,308 | ERROR    | WebsocketClient.on_message() takes 2 positional arguments but 3 were given
2026-07-24 12:46:31,312 | ERROR    | error from callback <bound method WebsocketClient.on_message of <iqoptionapi.ws.client.WebsocketClient object at 0x000002390FFC6C30>>: WebsocketClient.on_message() takes 2 positional arguments but 3 were given
2026-07-24 12:46:31,327 | ERROR    | WebsocketClient.on_message() takes 2 positional arguments but 3 were given
2026-07-24 12:46:32,312 | ERROR    | error from callback <bound method WebsocketClient.on_message of <iqoptionapi.ws.client.WebsocketClient object at 0x000002390FFC6C30>>: WebsocketClient.on_message() takes 2 positional arguments but 3 were given
2026-07-24 12:46:32,328 | ERROR    | WebsocketClient.on_message() takes 2 positional arguments but 3 were given
2026-07-24 12:46:33,337 | ERROR    | error from callback <bound method WebsocketClient.on_message of <iqoptionapi.ws.client.WebsocketClient object at 0x000002390FFC6C30>>: WebsocketClient.on_message() takes 2 positional arguments but 3 were given
2026-07-24 12:46:33,353 | ERROR    | WebsocketClient.on_message() takes 2 positional arguments but 3 were given
2026-07-24 12:46:34,355 | ERROR    | error from callback <bound method WebsocketClient.on_message of <iqoptionapi.ws.client.WebsocketClient object at 0x000002390FFC6C30>>: WebsocketClient.on_message() takes 2 positional arguments but 3 were given
2026-07-24 12:46:34,371 | ERROR    | WebsocketClient.on_message() takes 2 positional arguments but 3 were given
2026-07-24 12:46:35,372 | ERROR    | error from callback <bound method WebsocketClient.on_message of <iqoptionapi.ws.client.WebsocketClient object at 0x000002390FFC6C30>>: WebsocketClient.on_message() takes 2 positional arguments but 3 were given
2026-07-24 12:46:35,387 | ERROR    | WebsocketClient.on_message() takes 2 positional arguments but 3 were given
2026-07-24 12:46:36,356 | ERROR    | error from callback <bound method WebsocketClient.on_message of <iqoptionapi.ws.client.WebsocketClient object at 0x000002390FFC6C30>>: WebsocketClient.on_message() takes 2 positional arguments but 3 were given
2026-07-24 12:46:36,372 | ERROR    | WebsocketClient.on_message() takes 2 positional arguments but 3 were given
2026-07-24 12:46:37,380 | ERROR    | error from callback <bound method WebsocketClient.on_message of <iqoptionapi.ws.client.WebsocketClient object at 0x000002390FFC6C30>>: WebsocketClient.on_message() takes 2 positional arguments but 3 were given
2026-07-24 12:46:37,396 | ERROR    | WebsocketClient.on_message() takes 2 positional arguments but 3 were given
2026-07-24 12:46:38,383 | ERROR    | error from callback <bound method WebsocketClient.on_message of <iqoptionapi.ws.client.WebsocketClient object at 0x000002390FFC6C30>>: WebsocketClient.on_message() takes 2 positional arguments but 3 were given
2026-07-24 12:46:38,399 | ERROR    | WebsocketClient.on_message() takes 2 positional arguments but 3 were given
2026-07-24 12:46:39,385 | ERROR    | error from callback <bound method WebsocketClient.on_message of <iqoptionapi.ws.client.WebsocketClient object at 0x000002390FFC6C30>>: WebsocketClient.on_message() takes 2 positional arguments but 3 were given
2026-07-24 12:46:39,401 | ERROR    | WebsocketClient.on_message() takes 2 positional arguments but 3 were given
2026-07-24 12:46:40,390 | ERROR    | error from callback <bound method WebsocketClient.on_message of <iqoptionapi.ws.client.WebsocketClient object at 0x000002390FFC6C30>>: WebsocketClient.on_message() takes 2 positional arguments but 3 were given
2026-07-24 12:46:40,406 | ERROR    | WebsocketClient.on_message() takes 2 positional arguments but 3 were given
2026-07-24 12:46:41,425 | ERROR    | error from callback <bound method WebsocketClient.on_message of <iqoptionapi.ws.client.WebsocketClient object at 0x000002390FFC6C30>>: WebsocketClient.on_message() takes 2 positional arguments but 3 were given
2026-07-24 12:46:41,441 | ERROR    | WebsocketClient.on_message() takes 2 positional arguments but 3 were given
2026-07-24 12:46:42,413 | ERROR    | error from callback <bound method WebsocketClient.on_message of <iqoptionapi.ws.client.WebsocketClient object at 0x000002390FFC6C30>>: WebsocketClient.on_message() takes 2 positional arguments but 3 were given
2026-07-24 12:46:42,429 | ERROR    | WebsocketClient.on_message() takes 2 positional arguments but 3 were given
2026-07-24 12:46:43,419 | ERROR    | error from callback <bound method WebsocketClient.on_message of <iqoptionapi.ws.client.WebsocketClient object at 0x000002390FFC6C30>>: WebsocketClient.on_message() takes 2 positional arguments but 3 were given
2026-07-24 12:46:43,435 | ERROR    | WebsocketClient.on_message() takes 2 positional arguments but 3 were given
2026-07-24 12:46:44,428 | ERROR    | error from callback <bound method WebsocketClient.on_message of <iqoptionapi.ws.client.WebsocketClient object at 0x000002390FFC6C30>>: WebsocketClient.on_message() takes 2 positional arguments but 3 were given
2026-07-24 12:46:44,443 | ERROR    | WebsocketClient.on_message() takes 2 positional arguments but 3 were given
2026-07-24 12:46:45,444 | ERROR    | error from callback <bound method WebsocketClient.on_message of <iqoptionapi.ws.client.WebsocketClient object at 0x000002390FFC6C30>>: WebsocketClient.on_message() takes 2 positional arguments but 3 were given
2026-07-24 12:46:45,459 | ERROR    | WebsocketClient.on_message() takes 2 positional arguments but 3 were given
2026-07-24 12:46:46,468 | ERROR    | error from callback <bound method WebsocketClient.on_message of <iqoptionapi.ws.client.WebsocketClient object at 0x000002390FFC6C30>>: WebsocketClient.on_message() takes 2 positional arguments but 3 were given
2026-07-24 12:46:46,484 | ERROR    | WebsocketClient.on_message() takes 2 positional arguments but 3 were given
2026-07-24 12:46:47,469 | ERROR    | error from callback <bound method WebsocketClient.on_message of <iqoptionapi.ws.client.WebsocketClient object at 0x000002390FFC6C30>>: WebsocketClient.on_message() takes 2 positional arguments but 3 were given
2026-07-24 12:46:47,485 | ERROR    | WebsocketClient.on_message() takes 2 positional arguments but 3 were given
2026-07-24 12:46:48,482 | ERROR    | error from callback <bound method WebsocketClient.on_message of <iqoptionapi.ws.client.WebsocketClient object at 0x000002390FFC6C30>>: WebsocketClient.on_message() takes 2 positional arguments but 3 were given
2026-07-24 12:46:48,498 | ERROR    | WebsocketClient.on_message() takes 2 positional arguments but 3 were given
2026-07-24 12:46:49,489 | ERROR    | error from callback <bound method WebsocketClient.on_message of <iqoptionapi.ws.client.WebsocketClient object at 0x000002390FFC6C30>>: WebsocketClient.on_message() takes 2 positional arguments but 3 were given
2026-07-24 12:46:49,505 | ERROR    | WebsocketClient.on_message() takes 2 positional arguments but 3 were given
2026-07-24 12:46:50,518 | ERROR    | error from callback <bound method WebsocketClient.on_message of <iqoptionapi.ws.client.WebsocketClient object at 0x000002390FFC6C30>>: WebsocketClient.on_message() takes 2 positional arguments but 3 were given
2026-07-24 12:46:50,534 | ERROR    | WebsocketClient.on_message() takes 2 positional arguments but 3 were given
2026-07-24 12:46:51,506 | ERROR    | error from callback <bound method WebsocketClient.on_message of <iqoptionapi.ws.client.WebsocketClient object at 0x000002390FFC6C30>>: WebsocketClient.on_message() takes 2 positional arguments but 3 were given
2026-07-24 12:46:51,522 | ERROR    | WebsocketClient.on_message() takes 2 positional arguments but 3 were given
2026-07-24 12:46:52,542 | ERROR    | error from callback <bound method WebsocketClient.on_message of <iqoptionapi.ws.client.WebsocketClient object at 0x000002390FFC6C30>>: WebsocketClient.on_message() takes 2 positional arguments but 3 were given
2026-07-24 12:46:52,558 | ERROR    | WebsocketClient.on_message() takes 2 positional arguments but 3 were given
2026-07-24 12:46:53,551 | ERROR    | error from callback <bound method WebsocketClient.on_message of <iqoptionapi.ws.client.WebsocketClient object at 0x000002390FFC6C30>>: WebsocketClient.on_message() takes 2 positional arguments but 3 were given
2026-07-24 12:46:53,567 | ERROR    | WebsocketClient.on_message() takes 2 positional arguments but 3 were given
2026-07-24 12:46:54,542 | ERROR    | error from callback <bound method WebsocketClient.on_message of <iqoptionapi.ws.client.WebsocketClient object at 0x000002390FFC6C30>>: WebsocketClient.on_message() takes 2 positional arguments but 3 were given
2026-07-24 12:46:54,557 | ERROR    | WebsocketClient.on_message() takes 2 positional arguments but 3 were given
2026-07-24 12:46:55,546 | ERROR    | error from callback <bound method WebsocketClient.on_message of <iqoptionapi.ws.client.WebsocketClient object at 0x000002390FFC6C30>>: WebsocketClient.on_message() takes 2 positional arguments but 3 were given
2026-07-24 12:46:55,562 | ERROR    | WebsocketClient.on_message() takes 2 positional arguments but 3 were given
2026-07-24 12:46:56,568 | ERROR    | error from callback <bound method WebsocketClient.on_message of <iqoptionapi.ws.client.WebsocketClient object at 0x000002390FFC6C30>>: WebsocketClient.on_message() takes 2 positional arguments but 3 were given
2026-07-24 12:46:56,584 | ERROR    | WebsocketClient.on_message() takes 2 positional arguments but 3 were given
2026-07-24 12:46:57,578 | ERROR    | error from callback <bound method WebsocketClient.on_message of <iqoptionapi.ws.client.WebsocketClient object at 0x000002390FFC6C30>>: WebsocketClient.on_message() takes 2 positional arguments but 3 were given
2026-07-24 12:46:57,594 | ERROR    | WebsocketClient.on_message() takes 2 positional arguments but 3 were given
2026-07-24 12:46:58,582 | ERROR    | error from callback <bound method WebsocketClient.on_message of <iqoptionapi.ws.client.WebsocketClient object at 0x000002390FFC6C30>>: WebsocketClient.on_message() takes 2 positional arguments but 3 were given
2026-07-24 12:46:58,597 | ERROR    | WebsocketClient.on_message() takes 2 positional arguments but 3 were given
2026-07-24 12:46:59,586 | ERROR    | error from callback <bound method WebsocketClient.on_message of <iqoptionapi.ws.client.WebsocketClient object at 0x000002390FFC6C30>>: WebsocketClient.on_message() takes 2 positional arguments but 3 were given
2026-07-24 12:46:59,602 | ERROR    | WebsocketClient.on_message() takes 2 positional arguments but 3 were given
2026-07-24 12:47:00,607 | ERROR    | error from callback <bound method WebsocketClient.on_message of <iqoptionapi.ws.client.WebsocketClient object at 0x000002390FFC6C30>>: WebsocketClient.on_message() takes 2 positional arguments but 3 were given
2026-07-24 12:47:00,622 | ERROR    | WebsocketClient.on_message() takes 2 positional arguments but 3 were given
2026-07-24 12:47:01,610 | ERROR    | error from callback <bound method WebsocketClient.on_message of <iqoptionapi.ws.client.WebsocketClient object at 0x000002390FFC6C30>>: WebsocketClient.on_message() takes 2 positional arguments but 3 were given
2026-07-24 12:47:01,610 | ERROR    | WebsocketClient.on_message() takes 2 positional arguments but 3 were given
2026-07-24 12:47:02,628 | ERROR    | error from callback <bound method WebsocketClient.on_message of <iqoptionapi.ws.client.WebsocketClient object at 0x000002390FFC6C30>>: WebsocketClient.on_message() takes 2 positional arguments but 3 were given
2026-07-24 12:47:02,643 | ERROR    | WebsocketClient.on_message() takes 2 positional arguments but 3 were given
2026-07-24 12:47:03,631 | ERROR    | error from callback <bound method WebsocketClient.on_message of <iqoptionapi.ws.client.WebsocketClient object at 0x000002390FFC6C30>>: WebsocketClient.on_message() takes 2 positional arguments but 3 were given
2026-07-24 12:47:03,647 | ERROR    | WebsocketClient.on_message() takes 2 positional arguments but 3 were given
2026-07-24 12:47:04,633 | ERROR    | error from callback <bound method WebsocketClient.on_message of <iqoptionapi.ws.client.WebsocketClient object at 0x000002390FFC6C30>>: WebsocketClient.on_message() takes 2 positional arguments but 3 were given
2026-07-24 12:47:04,649 | ERROR    | WebsocketClient.on_message() takes 2 positional arguments but 3 were given
2026-07-24 12:47:05,671 | ERROR    | error from callback <bound method WebsocketClient.on_message of <iqoptionapi.ws.client.WebsocketClient object at 0x000002390FFC6C30>>: WebsocketClient.on_message() takes 2 positional arguments but 3 were given
2026-07-24 12:47:05,687 | ERROR    | WebsocketClient.on_message() takes 2 positional arguments but 3 were given
2026-07-24 12:47:06,660 | ERROR    | error from callback <bound method WebsocketClient.on_message of <iqoptionapi.ws.client.WebsocketClient object at 0x000002390FFC6C30>>: WebsocketClient.on_message() takes 2 positional arguments but 3 were given
2026-07-24 12:47:06,660 | ERROR    | WebsocketClient.on_message() takes 2 positional arguments but 3 were given
2026-07-24 12:47:07,668 | ERROR    | error from callback <bound method WebsocketClient.on_message of <iqoptionapi.ws.client.WebsocketClient object at 0x000002390FFC6C30>>: WebsocketClient.on_message() takes 2 positional arguments but 3 were given
2026-07-24 12:47:07,683 | ERROR    | WebsocketClient.on_message() takes 2 positional arguments but 3 were given
2026-07-24 12:47:08,673 | ERROR    | error from callback <bound method WebsocketClient.on_message of <iqoptionapi.ws.client.WebsocketClient object at 0x000002390FFC6C30>>: WebsocketClient.on_message() takes 2 positional arguments but 3 were given
2026-07-24 12:47:08,688 | ERROR    | WebsocketClient.on_message() takes 2 positional arguments but 3 were given
2026-07-24 12:47:09,679 | ERROR    | error from callback <bound method WebsocketClient.on_message of <iqoptionapi.ws.client.WebsocketClient object at 0x000002390FFC6C30>>: WebsocketClient.on_message() takes 2 positional arguments but 3 were given
2026-07-24 12:47:09,694 | ERROR    | WebsocketClient.on_message() takes 2 positional arguments but 3 were given
2026-07-24 12:47:10,699 | ERROR    | error from callback <bound method WebsocketClient.on_message of <iqoptionapi.ws.client.WebsocketClient object at 0x000002390FFC6C30>>: WebsocketClient.on_message() takes 2 positional arguments but 3 were given
2026-07-24 12:47:10,714 | ERROR    | WebsocketClient.on_message() takes 2 positional arguments but 3 were given
2026-07-24 12:47:11,700 | ERROR    | error from callback <bound method WebsocketClient.on_message of <iqoptionapi.ws.client.WebsocketClient object at 0x000002390FFC6C30>>: WebsocketClient.on_message() takes 2 positional arguments but 3 were given
2026-07-24 12:47:11,700 | ERROR    | WebsocketClient.on_message() takes 2 positional arguments but 3 were given
2026-07-24 12:47:12,732 | ERROR    | error from callback <bound method WebsocketClient.on_message of <iqoptionapi.ws.client.WebsocketClient object at 0x000002390FFC6C30>>: WebsocketClient.on_message() takes 2 positional arguments but 3 were given
2026-07-24 12:47:12,748 | ERROR    | WebsocketClient.on_message() takes 2 positional arguments but 3 were given
2026-07-24 12:47:13,725 | ERROR    | error from callback <bound method WebsocketClient.on_message of <iqoptionapi.ws.client.WebsocketClient object at 0x000002390FFC6C30>>: WebsocketClient.on_message() takes 2 positional arguments but 3 were given
2026-07-24 12:47:13,741 | ERROR    | WebsocketClient.on_message() takes 2 positional arguments but 3 were given
2026-07-24 12:47:14,726 | ERROR    | error from callback <bound method WebsocketClient.on_message of <iqoptionapi.ws.client.WebsocketClient object at 0x000002390FFC6C30>>: WebsocketClient.on_message() takes 2 positional arguments but 3 were given
2026-07-24 12:47:14,742 | ERROR    | WebsocketClient.on_message() takes 2 positional arguments but 3 were given
2026-07-24 12:47:15,733 | ERROR    | error from callback <bound method WebsocketClient.on_message of <iqoptionapi.ws.client.WebsocketClient object at 0x000002390FFC6C30>>: WebsocketClient.on_message() takes 2 positional arguments but 3 were given
2026-07-24 12:47:15,749 | ERROR    | WebsocketClient.on_message() takes 2 positional arguments but 3 were given
2026-07-24 12:47:16,750 | ERROR    | error from callback <bound method WebsocketClient.on_message of <iqoptionapi.ws.client.WebsocketClient object at 0x000002390FFC6C30>>: WebsocketClient.on_message() takes 2 positional arguments but 3 were given
2026-07-24 12:47:16,750 | ERROR    | WebsocketClient.on_message() takes 2 positional arguments but 3 were given
2026-07-24 12:47:17,769 | ERROR    | error from callback <bound method WebsocketClient.on_message of <iqoptionapi.ws.client.WebsocketClient object at 0x000002390FFC6C30>>: WebsocketClient.on_message() takes 2 positional arguments but 3 were given
2026-07-24 12:47:17,785 | ERROR    | WebsocketClient.on_message() takes 2 positional arguments but 3 were given
2026-07-24 12:47:18,771 | ERROR    | error from callback <bound method WebsocketClient.on_message of <iqoptionapi.ws.client.WebsocketClient object at 0x000002390FFC6C30>>: WebsocketClient.on_message() takes 2 positional arguments but 3 were given
2026-07-24 12:47:18,786 | ERROR    | WebsocketClient.on_message() takes 2 positional arguments but 3 were given
2026-07-24 12:47:19,771 | ERROR    | error from callback <bound method WebsocketClient.on_message of <iqoptionapi.ws.client.WebsocketClient object at 0x000002390FFC6C30>>: WebsocketClient.on_message() takes 2 positional arguments but 3 were given
2026-07-24 12:47:19,787 | ERROR    | WebsocketClient.on_message() takes 2 positional arguments but 3 were given
2026-07-24 12:47:20,791 | ERROR    | error from callback <bound method WebsocketClient.on_message of <iqoptionapi.ws.client.WebsocketClient object at 0x000002390FFC6C30>>: WebsocketClient.on_message() takes 2 positional arguments but 3 were given
2026-07-24 12:47:20,807 | ERROR    | WebsocketClient.on_message() takes 2 positional arguments but 3 were given
2026-07-24 12:47:21,792 | ERROR    | error from callback <bound method WebsocketClient.on_message of <iqoptionapi.ws.client.WebsocketClient object at 0x000002390FFC6C30>>: WebsocketClient.on_message() takes 2 positional arguments but 3 were given
2026-07-24 12:47:21,808 | ERROR    | WebsocketClient.on_message() takes 2 positional arguments but 3 were given
2026-07-24 12:47:22,814 | ERROR    | error from callback <bound method WebsocketClient.on_message of <iqoptionapi.ws.client.WebsocketClient object at 0x000002390FFC6C30>>: WebsocketClient.on_message() takes 2 positional arguments but 3 were given
2026-07-24 12:47:22,830 | ERROR    | WebsocketClient.on_message() takes 2 positional arguments but 3 were given
2026-07-24 12:47:23,812 | ERROR    | error from callback <bound method WebsocketClient.on_message of <iqoptionapi.ws.client.WebsocketClient object at 0x000002390FFC6C30>>: WebsocketClient.on_message() takes 2 positional arguments but 3 were given
2026-07-24 12:47:23,827 | ERROR    | WebsocketClient.on_message() takes 2 positional arguments but 3 were given
2026-07-24 12:47:24,825 | ERROR    | error from callback <bound method WebsocketClient.on_message of <iqoptionapi.ws.client.WebsocketClient object at 0x000002390FFC6C30>>: WebsocketClient.on_message() takes 2 positional arguments but 3 were given
2026-07-24 12:47:24,841 | ERROR    | WebsocketClient.on_message() takes 2 positional arguments but 3 were given
2026-07-24 12:47:25,834 | ERROR    | error from callback <bound method WebsocketClient.on_message of <iqoptionapi.ws.client.WebsocketClient object at 0x000002390FFC6C30>>: WebsocketClient.on_message() takes 2 positional arguments but 3 were given
2026-07-24 12:47:25,850 | ERROR    | WebsocketClient.on_message() takes 2 positional arguments but 3 were given
2026-07-24 12:47:26,844 | ERROR    | error from callback <bound method WebsocketClient.on_message of <iqoptionapi.ws.client.WebsocketClient object at 0x000002390FFC6C30>>: WebsocketClient.on_message() takes 2 positional arguments but 3 were given
2026-07-24 12:47:26,860 | ERROR    | WebsocketClient.on_message() takes 2 positional arguments but 3 were given
2026-07-24 12:47:27,873 | ERROR    | error from callback <bound method WebsocketClient.on_message of <iqoptionapi.ws.client.WebsocketClient object at 0x000002390FFC6C30>>: WebsocketClient.on_message() takes 2 positional arguments but 3 were given
2026-07-24 12:47:27,888 | ERROR    | WebsocketClient.on_message() takes 2 positional arguments but 3 were given
2026-07-24 12:47:28,856 | ERROR    | error from callback <bound method WebsocketClient.on_message of <iqoptionapi.ws.client.WebsocketClient object at 0x000002390FFC6C30>>: WebsocketClient.on_message() takes 2 positional arguments but 3 were given
2026-07-24 12:47:28,871 | ERROR    | WebsocketClient.on_message() takes 2 positional arguments but 3 were given
2026-07-24 12:47:29,880 | ERROR    | error from callback <bound method WebsocketClient.on_message of <iqoptionapi.ws.client.WebsocketClient object at 0x000002390FFC6C30>>: WebsocketClient.on_message() takes 2 positional arguments but 3 were given
2026-07-24 12:47:29,896 | ERROR    | WebsocketClient.on_message() takes 2 positional arguments but 3 were given
2026-07-24 12:47:30,884 | ERROR    | error from callback <bound method WebsocketClient.on_message of <iqoptionapi.ws.client.WebsocketClient object at 0x000002390FFC6C30>>: WebsocketClient.on_message() takes 2 positional arguments but 3 were given
2026-07-24 12:47:30,900 | ERROR    | WebsocketClient.on_message() takes 2 positional arguments but 3 were given
2026-07-24 12:47:31,899 | ERROR    | error from callback <bound method WebsocketClient.on_message of <iqoptionapi.ws.client.WebsocketClient object at 0x000002390FFC6C30>>: WebsocketClient.on_message() takes 2 positional arguments but 3 were given
2026-07-24 12:47:31,915 | ERROR    | WebsocketClient.on_message() takes 2 positional arguments but 3 were given
2026-07-24 12:47:32,901 | ERROR    | error from callback <bound method WebsocketClient.on_message of <iqoptionapi.ws.client.WebsocketClient object at 0x000002390FFC6C30>>: WebsocketClient.on_message() takes 2 positional arguments but 3 were given
2026-07-24 12:47:32,916 | ERROR    | WebsocketClient.on_message() takes 2 positional arguments but 3 were given
2026-07-24 12:47:33,911 | ERROR    | error from callback <bound method WebsocketClient.on_message of <iqoptionapi.ws.client.WebsocketClient object at 0x000002390FFC6C30>>: WebsocketClient.on_message() takes 2 positional arguments but 3 were given
2026-07-24 12:47:33,926 | ERROR    | WebsocketClient.on_message() takes 2 positional arguments but 3 were given
2026-07-24 12:47:34,924 | ERROR    | error from callback <bound method WebsocketClient.on_message of <iqoptionapi.ws.client.WebsocketClient object at 0x000002390FFC6C30>>: WebsocketClient.on_message() takes 2 positional arguments but 3 were given
2026-07-24 12:47:34,939 | ERROR    | WebsocketClient.on_message() takes 2 positional arguments but 3 were given
2026-07-24 12:47:35,940 | ERROR    | error from callback <bound method WebsocketClient.on_message of <iqoptionapi.ws.client.WebsocketClient object at 0x000002390FFC6C30>>: WebsocketClient.on_message() takes 2 positional arguments but 3 were given
2026-07-24 12:47:35,955 | ERROR    | WebsocketClient.on_message() takes 2 positional arguments but 3 were given
2026-07-24 12:47:36,936 | ERROR    | error from callback <bound method WebsocketClient.on_message of <iqoptionapi.ws.client.WebsocketClient object at 0x000002390FFC6C30>>: WebsocketClient.on_message() takes 2 positional arguments but 3 were given
2026-07-24 12:47:36,952 | ERROR    | WebsocketClient.on_message() takes 2 positional arguments but 3 were given
2026-07-24 12:47:37,952 | ERROR    | error from callback <bound method WebsocketClient.on_message of <iqoptionapi.ws.client.WebsocketClient object at 0x000002390FFC6C30>>: WebsocketClient.on_message() takes 2 positional arguments but 3 were given
2026-07-24 12:47:37,968 | ERROR    | WebsocketClient.on_message() takes 2 positional arguments but 3 were given
2026-07-24 12:47:38,963 | ERROR    | error from callback <bound method WebsocketClient.on_message of <iqoptionapi.ws.client.WebsocketClient object at 0x000002390FFC6C30>>: WebsocketClient.on_message() takes 2 positional arguments but 3 were given
2026-07-24 12:47:38,979 | ERROR    | WebsocketClient.on_message() takes 2 positional arguments but 3 were given
2026-07-24 12:47:39,980 | ERROR    | error from callback <bound method WebsocketClient.on_message of <iqoptionapi.ws.client.WebsocketClient object at 0x000002390FFC6C30>>: WebsocketClient.on_message() takes 2 positional arguments but 3 were given
2026-07-24 12:47:39,996 | ERROR    | WebsocketClient.on_message() takes 2 positional arguments but 3 were given
2026-07-24 12:47:40,980 | ERROR    | error from callback <bound method WebsocketClient.on_message of <iqoptionapi.ws.client.WebsocketClient object at 0x000002390FFC6C30>>: WebsocketClient.on_message() takes 2 positional arguments but 3 were given
2026-07-24 12:47:40,996 | ERROR    | WebsocketClient.on_message() takes 2 positional arguments but 3 were given
2026-07-24 12:47:41,988 | ERROR    | error from callback <bound method WebsocketClient.on_message of <iqoptionapi.ws.client.WebsocketClient object at 0x000002390FFC6C30>>: WebsocketClient.on_message() takes 2 positional arguments but 3 were given
2026-07-24 12:47:42,004 | ERROR    | WebsocketClient.on_message() takes 2 positional arguments but 3 were given
2026-07-24 12:47:42,999 | ERROR    | error from callback <bound method WebsocketClient.on_message of <iqoptionapi.ws.client.WebsocketClient object at 0x000002390FFC6C30>>: WebsocketClient.on_message() takes 2 positional arguments but 3 were given
2026-07-24 12:47:43,014 | ERROR    | WebsocketClient.on_message() takes 2 positional arguments but 3 were given
2026-07-24 12:47:44,022 | ERROR    | error from callback <bound method WebsocketClient.on_message of <iqoptionapi.ws.client.WebsocketClient object at 0x000002390FFC6C30>>: WebsocketClient.on_message() takes 2 positional arguments but 3 were given
2026-07-24 12:47:44,038 | ERROR    | WebsocketClient.on_message() takes 2 positional arguments but 3 were given
2026-07-24 12:47:45,040 | ERROR    | error from callback <bound method WebsocketClient.on_message of <iqoptionapi.ws.client.WebsocketClient object at 0x000002390FFC6C30>>: WebsocketClient.on_message() takes 2 positional arguments but 3 were given
2026-07-24 12:47:45,056 | ERROR    | WebsocketClient.on_message() takes 2 positional arguments but 3 were given
2026-07-24 12:47:46,039 | ERROR    | error from callback <bound method WebsocketClient.on_message of <iqoptionapi.ws.client.WebsocketClient object at 0x000002390FFC6C30>>: WebsocketClient.on_message() takes 2 positional arguments but 3 were given
2026-07-24 12:47:46,054 | ERROR    | WebsocketClient.on_message() takes 2 positional arguments but 3 were given
2026-07-24 12:47:47,053 | ERROR    | error from callback <bound method WebsocketClient.on_message of <iqoptionapi.ws.client.WebsocketClient object at 0x000002390FFC6C30>>: WebsocketClient.on_message() takes 2 positional arguments but 3 were given
2026-07-24 12:47:47,068 | ERROR    | WebsocketClient.on_message() takes 2 positional arguments but 3 were given
2026-07-24 12:47:48,045 | ERROR    | error from callback <bound method WebsocketClient.on_message of <iqoptionapi.ws.client.WebsocketClient object at 0x000002390FFC6C30>>: WebsocketClient.on_message() takes 2 positional arguments but 3 were given
2026-07-24 12:47:48,061 | ERROR    | WebsocketClient.on_message() takes 2 positional arguments but 3 were given
2026-07-24 12:47:49,053 | ERROR    | error from callback <bound method WebsocketClient.on_message of <iqoptionapi.ws.client.WebsocketClient object at 0x000002390FFC6C30>>: WebsocketClient.on_message() takes 2 positional arguments but 3 were given
2026-07-24 12:47:49,069 | ERROR    | WebsocketClient.on_message() takes 2 positional arguments but 3 were given
2026-07-24 12:47:50,071 | ERROR    | error from callback <bound method WebsocketClient.on_message of <iqoptionapi.ws.client.WebsocketClient object at 0x000002390FFC6C30>>: WebsocketClient.on_message() takes 2 positional arguments but 3 were given
2026-07-24 12:47:50,086 | ERROR    | WebsocketClient.on_message() takes 2 positional arguments but 3 were given
2026-07-24 12:47:51,088 | ERROR    | error from callback <bound method WebsocketClient.on_message of <iqoptionapi.ws.client.WebsocketClient object at 0x000002390FFC6C30>>: WebsocketClient.on_message() takes 2 positional arguments but 3 were given
2026-07-24 12:47:51,103 | ERROR    | WebsocketClient.on_message() takes 2 positional arguments but 3 were given
2026-07-24 12:47:52,091 | ERROR    | error from callback <bound method WebsocketClient.on_message of <iqoptionapi.ws.client.WebsocketClient object at 0x000002390FFC6C30>>: WebsocketClient.on_message() takes 2 positional arguments but 3 were given
2026-07-24 12:47:52,107 | ERROR    | WebsocketClient.on_message() takes 2 positional arguments but 3 were given
2026-07-24 12:47:53,097 | ERROR    | error from callback <bound method WebsocketClient.on_message of <iqoptionapi.ws.client.WebsocketClient object at 0x000002390FFC6C30>>: WebsocketClient.on_message() takes 2 positional arguments but 3 were given
2026-07-24 12:47:53,113 | ERROR    | WebsocketClient.on_message() takes 2 positional arguments but 3 were given
2026-07-24 12:47:54,113 | ERROR    | error from callback <bound method WebsocketClient.on_message of <iqoptionapi.ws.client.WebsocketClient object at 0x000002390FFC6C30>>: WebsocketClient.on_message() takes 2 positional arguments but 3 were given
2026-07-24 12:47:54,129 | ERROR    | WebsocketClient.on_message() takes 2 positional arguments but 3 were given
2026-07-24 12:47:55,114 | ERROR    | error from callback <bound method WebsocketClient.on_message of <iqoptionapi.ws.client.WebsocketClient object at 0x000002390FFC6C30>>: WebsocketClient.on_message() takes 2 positional arguments but 3 were given
2026-07-24 12:47:55,130 | ERROR    | WebsocketClient.on_message() takes 2 positional arguments but 3 were given
2026-07-24 12:47:56,124 | ERROR    | error from callback <bound method WebsocketClient.on_message of <iqoptionapi.ws.client.WebsocketClient object at 0x000002390FFC6C30>>: WebsocketClient.on_message() takes 2 positional arguments but 3 were given
2026-07-24 12:47:56,140 | ERROR    | WebsocketClient.on_message() takes 2 positional arguments but 3 were given
2026-07-24 12:47:57,135 | ERROR    | error from callback <bound method WebsocketClient.on_message of <iqoptionapi.ws.client.WebsocketClient object at 0x000002390FFC6C30>>: WebsocketClient.on_message() takes 2 positional arguments but 3 were given
2026-07-24 12:47:57,150 | ERROR    | WebsocketClient.on_message() takes 2 positional arguments but 3 were given
2026-07-24 12:47:58,147 | ERROR    | error from callback <bound method WebsocketClient.on_message of <iqoptionapi.ws.client.WebsocketClient object at 0x000002390FFC6C30>>: WebsocketClient.on_message() takes 2 positional arguments but 3 were given
2026-07-24 12:47:58,162 | ERROR    | WebsocketClient.on_message() takes 2 positional arguments but 3 were given
2026-07-24 12:47:59,153 | ERROR    | error from callback <bound method WebsocketClient.on_message of <iqoptionapi.ws.client.WebsocketClient object at 0x000002390FFC6C30>>: WebsocketClient.on_message() takes 2 positional arguments but 3 were given
2026-07-24 12:47:59,169 | ERROR    | WebsocketClient.on_message() takes 2 positional arguments but 3 were given
2026-07-24 12:48:00,173 | ERROR    | error from callback <bound method WebsocketClient.on_message of <iqoptionapi.ws.client.WebsocketClient object at 0x000002390FFC6C30>>: WebsocketClient.on_message() takes 2 positional arguments but 3 were given
2026-07-24 12:48:00,189 | ERROR    | WebsocketClient.on_message() takes 2 positional arguments but 3 were given
2026-07-24 12:48:01,178 | ERROR    | error from callback <bound method WebsocketClient.on_message of <iqoptionapi.ws.client.WebsocketClient object at 0x000002390FFC6C30>>: WebsocketClient.on_message() takes 2 positional arguments but 3 were given
2026-07-24 12:48:01,194 | ERROR    | WebsocketClient.on_message() takes 2 positional arguments but 3 were given
2026-07-24 12:48:02,190 | ERROR    | error from callback <bound method WebsocketClient.on_message of <iqoptionapi.ws.client.WebsocketClient object at 0x000002390FFC6C30>>: WebsocketClient.on_message() takes 2 positional arguments but 3 were given
2026-07-24 12:48:02,205 | ERROR    | WebsocketClient.on_message() takes 2 positional arguments but 3 were given
2026-07-24 12:48:03,220 | ERROR    | error from callback <bound method WebsocketClient.on_message of <iqoptionapi.ws.client.WebsocketClient object at 0x000002390FFC6C30>>: WebsocketClient.on_message() takes 2 positional arguments but 3 were given
2026-07-24 12:48:03,236 | ERROR    | WebsocketClient.on_message() takes 2 positional arguments but 3 were given
2026-07-24 12:48:04,215 | ERROR    | error from callback <bound method WebsocketClient.on_message of <iqoptionapi.ws.client.WebsocketClient object at 0x000002390FFC6C30>>: WebsocketClient.on_message() takes 2 positional arguments but 3 were given
2026-07-24 12:48:04,231 | ERROR    | WebsocketClient.on_message() takes 2 positional arguments but 3 were given
2026-07-24 12:48:05,216 | ERROR    | error from callback <bound method WebsocketClient.on_message of <iqoptionapi.ws.client.WebsocketClient object at 0x000002390FFC6C30>>: WebsocketClient.on_message() takes 2 positional arguments but 3 were given
2026-07-24 12:48:05,231 | ERROR    | WebsocketClient.on_message() takes 2 positional arguments but 3 were given
2026-07-24 12:48:06,230 | ERROR    | error from callback <bound method WebsocketClient.on_message of <iqoptionapi.ws.client.WebsocketClient object at 0x000002390FFC6C30>>: WebsocketClient.on_message() takes 2 positional arguments but 3 were given
2026-07-24 12:48:06,246 | ERROR    | WebsocketClient.on_message() takes 2 positional arguments but 3 were given
2026-07-24 12:48:07,248 | ERROR    | error from callback <bound method WebsocketClient.on_message of <iqoptionapi.ws.client.WebsocketClient object at 0x000002390FFC6C30>>: WebsocketClient.on_message() takes 2 positional arguments but 3 were given
2026-07-24 12:48:07,264 | ERROR    | WebsocketClient.on_message() takes 2 positional arguments but 3 were given
2026-07-24 12:48:08,254 | ERROR    | error from callback <bound method WebsocketClient.on_message of <iqoptionapi.ws.client.WebsocketClient object at 0x000002390FFC6C30>>: WebsocketClient.on_message() takes 2 positional arguments but 3 were given
2026-07-24 12:48:08,269 | ERROR    | WebsocketClient.on_message() takes 2 positional arguments but 3 were given
2026-07-24 12:48:09,258 | ERROR    | error from callback <bound method WebsocketClient.on_message of <iqoptionapi.ws.client.WebsocketClient object at 0x000002390FFC6C30>>: WebsocketClient.on_message() takes 2 positional arguments but 3 were given
2026-07-24 12:48:09,274 | ERROR    | WebsocketClient.on_message() takes 2 positional arguments but 3 were given
2026-07-24 12:48:10,272 | ERROR    | error from callback <bound method WebsocketClient.on_message of <iqoptionapi.ws.client.WebsocketClient object at 0x000002390FFC6C30>>: WebsocketClient.on_message() takes 2 positional arguments but 3 were given
2026-07-24 12:48:10,287 | ERROR    | WebsocketClient.on_message() takes 2 positional arguments but 3 were given
2026-07-24 12:48:11,304 | ERROR    | error from callback <bound method WebsocketClient.on_message of <iqoptionapi.ws.client.WebsocketClient object at 0x000002390FFC6C30>>: WebsocketClient.on_message() takes 2 positional arguments but 3 were given
2026-07-24 12:48:11,319 | ERROR    | WebsocketClient.on_message() takes 2 positional arguments but 3 were given
2026-07-24 12:48:12,291 | ERROR    | error from callback <bound method WebsocketClient.on_message of <iqoptionapi.ws.client.WebsocketClient object at 0x000002390FFC6C30>>: WebsocketClient.on_message() takes 2 positional arguments but 3 were given
2026-07-24 12:48:12,307 | ERROR    | WebsocketClient.on_message() takes 2 positional arguments but 3 were given
2026-07-24 12:48:13,310 | ERROR    | error from callback <bound method WebsocketClient.on_message of <iqoptionapi.ws.client.WebsocketClient object at 0x000002390FFC6C30>>: WebsocketClient.on_message() takes 2 positional arguments but 3 were given
2026-07-24 12:48:13,327 | ERROR    | WebsocketClient.on_message() takes 2 positional arguments but 3 were given
2026-07-24 12:48:14,314 | ERROR    | error from callback <bound method WebsocketClient.on_message of <iqoptionapi.ws.client.WebsocketClient object at 0x000002390FFC6C30>>: WebsocketClient.on_message() takes 2 positional arguments but 3 were given
2026-07-24 12:48:14,330 | ERROR    | WebsocketClient.on_message() takes 2 positional arguments but 3 were given
2026-07-24 12:48:15,320 | ERROR    | error from callback <bound method WebsocketClient.on_message of <iqoptionapi.ws.client.WebsocketClient object at 0x000002390FFC6C30>>: WebsocketClient.on_message() takes 2 positional arguments but 3 were given
2026-07-24 12:48:15,336 | ERROR    | WebsocketClient.on_message() takes 2 positional arguments but 3 were given
2026-07-24 12:48:16,338 | ERROR    | error from callback <bound method WebsocketClient.on_message of <iqoptionapi.ws.client.WebsocketClient object at 0x000002390FFC6C30>>: WebsocketClient.on_message() takes 2 positional arguments but 3 were given
2026-07-24 12:48:16,354 | ERROR    | WebsocketClient.on_message() takes 2 positional arguments but 3 were given
2026-07-24 12:48:17,342 | ERROR    | error from callback <bound method WebsocketClient.on_message of <iqoptionapi.ws.client.WebsocketClient object at 0x000002390FFC6C30>>: WebsocketClient.on_message() takes 2 positional arguments but 3 were given
2026-07-24 12:48:17,358 | ERROR    | WebsocketClient.on_message() takes 2 positional arguments but 3 were given
2026-07-24 12:48:18,357 | ERROR    | error from callback <bound method WebsocketClient.on_message of <iqoptionapi.ws.client.WebsocketClient object at 0x000002390FFC6C30>>: WebsocketClient.on_message() takes 2 positional arguments but 3 were given
2026-07-24 12:48:18,372 | ERROR    | WebsocketClient.on_message() takes 2 positional arguments but 3 were given
2026-07-24 12:48:19,342 | ERROR    | error from callback <bound method WebsocketClient.on_message of <iqoptionapi.ws.client.WebsocketClient object at 0x000002390FFC6C30>>: WebsocketClient.on_message() takes 2 positional arguments but 3 were given
2026-07-24 12:48:19,342 | ERROR    | WebsocketClient.on_message() takes 2 positional arguments but 3 were given
2026-07-24 12:48:20,370 | ERROR    | error from callback <bound method WebsocketClient.on_message of <iqoptionapi.ws.client.WebsocketClient object at 0x000002390FFC6C30>>: WebsocketClient.on_message() takes 2 positional arguments but 3 were given
2026-07-24 12:48:20,385 | ERROR    | WebsocketClient.on_message() takes 2 positional arguments but 3 were given
2026-07-24 12:48:21,374 | ERROR    | error from callback <bound method WebsocketClient.on_message of <iqoptionapi.ws.client.WebsocketClient object at 0x000002390FFC6C30>>: WebsocketClient.on_message() takes 2 positional arguments but 3 were given
2026-07-24 12:48:21,389 | ERROR    | WebsocketClient.on_message() takes 2 positional arguments but 3 were given
2026-07-24 12:48:22,390 | ERROR    | error from callback <bound method WebsocketClient.on_message of <iqoptionapi.ws.client.WebsocketClient object at 0x000002390FFC6C30>>: WebsocketClient.on_message() takes 2 positional arguments but 3 were given
2026-07-24 12:48:22,406 | ERROR    | WebsocketClient.on_message() takes 2 positional arguments but 3 were given
2026-07-24 12:48:23,400 | ERROR    | error from callback <bound method WebsocketClient.on_message of <iqoptionapi.ws.client.WebsocketClient object at 0x000002390FFC6C30>>: WebsocketClient.on_message() takes 2 positional arguments but 3 were given
2026-07-24 12:48:23,416 | ERROR    | WebsocketClient.on_message() takes 2 positional arguments but 3 were given
2026-07-24 12:48:24,420 | ERROR    | error from callback <bound method WebsocketClient.on_message of <iqoptionapi.ws.client.WebsocketClient object at 0x000002390FFC6C30>>: WebsocketClient.on_message() takes 2 positional arguments but 3 were given
2026-07-24 12:48:24,435 | ERROR    | WebsocketClient.on_message() takes 2 positional arguments but 3 were given
2026-07-24 12:48:25,424 | ERROR    | error from callback <bound method WebsocketClient.on_message of <iqoptionapi.ws.client.WebsocketClient object at 0x000002390FFC6C30>>: WebsocketClient.on_message() takes 2 positional arguments but 3 were given
2026-07-24 12:48:25,439 | ERROR    | WebsocketClient.on_message() takes 2 positional arguments but 3 were given
2026-07-24 12:48:26,439 | ERROR    | error from callback <bound method WebsocketClient.on_message of <iqoptionapi.ws.client.WebsocketClient object at 0x000002390FFC6C30>>: WebsocketClient.on_message() takes 2 positional arguments but 3 were given
2026-07-24 12:48:26,454 | ERROR    | WebsocketClient.on_message() takes 2 positional arguments but 3 were given
2026-07-24 12:48:27,451 | ERROR    | error from callback <bound method WebsocketClient.on_message of <iqoptionapi.ws.client.WebsocketClient object at 0x000002390FFC6C30>>: WebsocketClient.on_message() takes 2 positional arguments but 3 were given
2026-07-24 12:48:27,466 | ERROR    | WebsocketClient.on_message() takes 2 positional arguments but 3 were given
2026-07-24 12:48:28,457 | ERROR    | error from callback <bound method WebsocketClient.on_message of <iqoptionapi.ws.client.WebsocketClient object at 0x000002390FFC6C30>>: WebsocketClient.on_message() takes 2 positional arguments but 3 were given
2026-07-24 12:48:28,472 | ERROR    | WebsocketClient.on_message() takes 2 positional arguments but 3 were given
2026-07-24 12:48:29,477 | ERROR    | error from callback <bound method WebsocketClient.on_message of <iqoptionapi.ws.client.WebsocketClient object at 0x000002390FFC6C30>>: WebsocketClient.on_message() takes 2 positional arguments but 3 were given
2026-07-24 12:48:29,493 | ERROR    | WebsocketClient.on_message() takes 2 positional arguments but 3 were given
2026-07-24 12:48:30,471 | ERROR    | error from callback <bound method WebsocketClient.on_message of <iqoptionapi.ws.client.WebsocketClient object at 0x000002390FFC6C30>>: WebsocketClient.on_message() takes 2 positional arguments but 3 were given
2026-07-24 12:48:30,486 | ERROR    | WebsocketClient.on_message() takes 2 positional arguments but 3 were given
2026-07-24 12:48:31,491 | ERROR    | error from callback <bound method WebsocketClient.on_message of <iqoptionapi.ws.client.WebsocketClient object at 0x000002390FFC6C30>>: WebsocketClient.on_message() takes 2 positional arguments but 3 were given
2026-07-24 12:48:31,506 | ERROR    | WebsocketClient.on_message() takes 2 positional arguments but 3 were given
2026-07-24 12:48:32,489 | ERROR    | error from callback <bound method WebsocketClient.on_message of <iqoptionapi.ws.client.WebsocketClient object at 0x000002390FFC6C30>>: WebsocketClient.on_message() takes 2 positional arguments but 3 were given
2026-07-24 12:48:32,505 | ERROR    | WebsocketClient.on_message() takes 2 positional arguments but 3 were given
2026-07-24 12:48:33,500 | ERROR    | error from callback <bound method WebsocketClient.on_message of <iqoptionapi.ws.client.WebsocketClient object at 0x000002390FFC6C30>>: WebsocketClient.on_message() takes 2 positional arguments but 3 were given
2026-07-24 12:48:33,515 | ERROR    | WebsocketClient.on_message() takes 2 positional arguments but 3 were given
2026-07-24 12:48:34,520 | ERROR    | error from callback <bound method WebsocketClient.on_message of <iqoptionapi.ws.client.WebsocketClient object at 0x000002390FFC6C30>>: WebsocketClient.on_message() takes 2 positional arguments but 3 were given
2026-07-24 12:48:34,535 | ERROR    | WebsocketClient.on_message() takes 2 positional arguments but 3 were given
2026-07-24 12:48:35,524 | ERROR    | error from callback <bound method WebsocketClient.on_message of <iqoptionapi.ws.client.WebsocketClient object at 0x000002390FFC6C30>>: WebsocketClient.on_message() takes 2 positional arguments but 3 were given
2026-07-24 12:48:35,539 | ERROR    | WebsocketClient.on_message() takes 2 positional arguments but 3 were given
2026-07-24 12:48:36,536 | ERROR    | error from callback <bound method WebsocketClient.on_message of <iqoptionapi.ws.client.WebsocketClient object at 0x000002390FFC6C30>>: WebsocketClient.on_message() takes 2 positional arguments but 3 were given
2026-07-24 12:48:36,551 | ERROR    | WebsocketClient.on_message() takes 2 positional arguments but 3 were given
2026-07-24 12:48:37,565 | ERROR    | error from callback <bound method WebsocketClient.on_message of <iqoptionapi.ws.client.WebsocketClient object at 0x000002390FFC6C30>>: WebsocketClient.on_message() takes 2 positional arguments but 3 were given
2026-07-24 12:48:37,580 | ERROR    | WebsocketClient.on_message() takes 2 positional arguments but 3 were given
2026-07-24 12:48:38,548 | ERROR    | error from callback <bound method WebsocketClient.on_message of <iqoptionapi.ws.client.WebsocketClient object at 0x000002390FFC6C30>>: WebsocketClient.on_message() takes 2 positional arguments but 3 were given
2026-07-24 12:48:38,564 | ERROR    | WebsocketClient.on_message() takes 2 positional arguments but 3 were given
2026-07-24 12:48:39,562 | ERROR    | error from callback <bound method WebsocketClient.on_message of <iqoptionapi.ws.client.WebsocketClient object at 0x000002390FFC6C30>>: WebsocketClient.on_message() takes 2 positional arguments but 3 were given
2026-07-24 12:48:39,578 | ERROR    | WebsocketClient.on_message() takes 2 positional arguments but 3 were given
2026-07-24 12:48:40,589 | ERROR    | error from callback <bound method WebsocketClient.on_message of <iqoptionapi.ws.client.WebsocketClient object at 0x000002390FFC6C30>>: WebsocketClient.on_message() takes 2 positional arguments but 3 were given
2026-07-24 12:48:40,604 | ERROR    | WebsocketClient.on_message() takes 2 positional arguments but 3 were given
2026-07-24 12:48:41,588 | ERROR    | error from callback <bound method WebsocketClient.on_message of <iqoptionapi.ws.client.WebsocketClient object at 0x000002390FFC6C30>>: WebsocketClient.on_message() takes 2 positional arguments but 3 were given
2026-07-24 12:48:41,603 | ERROR    | WebsocketClient.on_message() takes 2 positional arguments but 3 were given
2026-07-24 12:48:42,586 | ERROR    | error from callback <bound method WebsocketClient.on_message of <iqoptionapi.ws.client.WebsocketClient object at 0x000002390FFC6C30>>: WebsocketClient.on_message() takes 2 positional arguments but 3 were given
2026-07-24 12:48:42,602 | ERROR    | WebsocketClient.on_message() takes 2 positional arguments but 3 were given
2026-07-24 12:48:43,601 | ERROR    | error from callback <bound method WebsocketClient.on_message of <iqoptionapi.ws.client.WebsocketClient object at 0x000002390FFC6C30>>: WebsocketClient.on_message() takes 2 positional arguments but 3 were given
2026-07-24 12:48:43,617 | ERROR    | WebsocketClient.on_message() takes 2 positional arguments but 3 were given
2026-07-24 12:48:44,604 | ERROR    | error from callback <bound method WebsocketClient.on_message of <iqoptionapi.ws.client.WebsocketClient object at 0x000002390FFC6C30>>: WebsocketClient.on_message() takes 2 positional arguments but 3 were given
2026-07-24 12:48:44,620 | ERROR    | WebsocketClient.on_message() takes 2 positional arguments but 3 were given
2026-07-24 12:48:45,628 | ERROR    | error from callback <bound method WebsocketClient.on_message of <iqoptionapi.ws.client.WebsocketClient object at 0x000002390FFC6C30>>: WebsocketClient.on_message() takes 2 positional arguments but 3 were given
2026-07-24 12:48:45,643 | ERROR    | WebsocketClient.on_message() takes 2 positional arguments but 3 were given
2026-07-24 12:48:46,628 | ERROR    | error from callback <bound method WebsocketClient.on_message of <iqoptionapi.ws.client.WebsocketClient object at 0x000002390FFC6C30>>: WebsocketClient.on_message() takes 2 positional arguments but 3 were given
2026-07-24 12:48:46,644 | ERROR    | WebsocketClient.on_message() takes 2 positional arguments but 3 were given
2026-07-24 12:48:47,630 | ERROR    | error from callback <bound method WebsocketClient.on_message of <iqoptionapi.ws.client.WebsocketClient object at 0x000002390FFC6C30>>: WebsocketClient.on_message() takes 2 positional arguments but 3 were given
2026-07-24 12:48:47,646 | ERROR    | WebsocketClient.on_message() takes 2 positional arguments but 3 were given
2026-07-24 12:48:48,623 | ERROR    | error from callback <bound method WebsocketClient.on_message of <iqoptionapi.ws.client.WebsocketClient object at 0x000002390FFC6C30>>: WebsocketClient.on_message() takes 2 positional arguments but 3 were given
2026-07-24 12:48:48,639 | ERROR    | WebsocketClient.on_message() takes 2 positional arguments but 3 were given
2026-07-24 12:48:49,641 | ERROR    | error from callback <bound method WebsocketClient.on_message of <iqoptionapi.ws.client.WebsocketClient object at 0x000002390FFC6C30>>: WebsocketClient.on_message() takes 2 positional arguments but 3 were given
2026-07-24 12:48:49,656 | ERROR    | WebsocketClient.on_message() takes 2 positional arguments but 3 were given
2026-07-24 12:48:50,657 | ERROR    | error from callback <bound method WebsocketClient.on_message of <iqoptionapi.ws.client.WebsocketClient object at 0x000002390FFC6C30>>: WebsocketClient.on_message() takes 2 positional arguments but 3 were given
2026-07-24 12:48:50,673 | ERROR    | WebsocketClient.on_message() takes 2 positional arguments but 3 were given
2026-07-24 12:48:51,672 | ERROR    | error from callback <bound method WebsocketClient.on_message of <iqoptionapi.ws.client.WebsocketClient object at 0x000002390FFC6C30>>: WebsocketClient.on_message() takes 2 positional arguments but 3 were given
2026-07-24 12:48:51,687 | ERROR    | WebsocketClient.on_message() takes 2 positional arguments but 3 were given
2026-07-24 12:48:52,670 | ERROR    | error from callback <bound method WebsocketClient.on_message of <iqoptionapi.ws.client.WebsocketClient object at 0x000002390FFC6C30>>: WebsocketClient.on_message() takes 2 positional arguments but 3 were given
2026-07-24 12:48:52,685 | ERROR    | WebsocketClient.on_message() takes 2 positional arguments but 3 were given
2026-07-24 12:48:53,686 | ERROR    | error from callback <bound method WebsocketClient.on_message of <iqoptionapi.ws.client.WebsocketClient object at 0x000002390FFC6C30>>: WebsocketClient.on_message() takes 2 positional arguments but 3 were given
2026-07-24 12:48:53,702 | ERROR    | WebsocketClient.on_message() takes 2 positional arguments but 3 were given
2026-07-24 12:48:54,695 | ERROR    | error from callback <bound method WebsocketClient.on_message of <iqoptionapi.ws.client.WebsocketClient object at 0x000002390FFC6C30>>: WebsocketClient.on_message() takes 2 positional arguments but 3 were given
2026-07-24 12:48:54,711 | ERROR    | WebsocketClient.on_message() takes 2 positional arguments but 3 were given
2026-07-24 12:48:55,728 | ERROR    | error from callback <bound method WebsocketClient.on_message of <iqoptionapi.ws.client.WebsocketClient object at 0x000002390FFC6C30>>: WebsocketClient.on_message() takes 2 positional arguments but 3 were given
2026-07-24 12:48:55,743 | ERROR    | WebsocketClient.on_message() takes 2 positional arguments but 3 were given
2026-07-24 12:48:56,717 | ERROR    | error from callback <bound method WebsocketClient.on_message of <iqoptionapi.ws.client.WebsocketClient object at 0x000002390FFC6C30>>: WebsocketClient.on_message() takes 2 positional arguments but 3 were given
2026-07-24 12:48:56,732 | ERROR    | WebsocketClient.on_message() takes 2 positional arguments but 3 were given
2026-07-24 12:48:57,727 | ERROR    | error from callback <bound method WebsocketClient.on_message of <iqoptionapi.ws.client.WebsocketClient object at 0x000002390FFC6C30>>: WebsocketClient.on_message() takes 2 positional arguments but 3 were given
2026-07-24 12:48:57,743 | ERROR    | WebsocketClient.on_message() takes 2 positional arguments but 3 were given
2026-07-24 12:48:58,732 | ERROR    | error from callback <bound method WebsocketClient.on_message of <iqoptionapi.ws.client.WebsocketClient object at 0x000002390FFC6C30>>: WebsocketClient.on_message() takes 2 positional arguments but 3 were given
2026-07-24 12:48:58,732 | ERROR    | WebsocketClient.on_message() takes 2 positional arguments but 3 were given
2026-07-24 12:48:59,729 | ERROR    | error from callback <bound method WebsocketClient.on_message of <iqoptionapi.ws.client.WebsocketClient object at 0x000002390FFC6C30>>: WebsocketClient.on_message() takes 2 positional arguments but 3 were given
2026-07-24 12:48:59,729 | ERROR    | WebsocketClient.on_message() takes 2 positional arguments but 3 were given
2026-07-24 12:49:00,765 | ERROR    | error from callback <bound method WebsocketClient.on_message of <iqoptionapi.ws.client.WebsocketClient object at 0x000002390FFC6C30>>: WebsocketClient.on_message() takes 2 positional arguments but 3 were given
2026-07-24 12:49:00,781 | ERROR    | WebsocketClient.on_message() takes 2 positional arguments but 3 were given
2026-07-24 12:49:01,767 | ERROR    | error from callback <bound method WebsocketClient.on_message of <iqoptionapi.ws.client.WebsocketClient object at 0x000002390FFC6C30>>: WebsocketClient.on_message() takes 2 positional arguments but 3 were given
2026-07-24 12:49:01,783 | ERROR    | WebsocketClient.on_message() takes 2 positional arguments but 3 were given
2026-07-24 12:49:02,786 | ERROR    | error from callback <bound method WebsocketClient.on_message of <iqoptionapi.ws.client.WebsocketClient object at 0x000002390FFC6C30>>: WebsocketClient.on_message() takes 2 positional arguments but 3 were given
2026-07-24 12:49:02,801 | ERROR    | WebsocketClient.on_message() takes 2 positional arguments but 3 were given
2026-07-24 12:49:03,784 | ERROR    | error from callback <bound method WebsocketClient.on_message of <iqoptionapi.ws.client.WebsocketClient object at 0x000002390FFC6C30>>: WebsocketClient.on_message() takes 2 positional arguments but 3 were given
2026-07-24 12:49:03,800 | ERROR    | WebsocketClient.on_message() takes 2 positional arguments but 3 were given
2026-07-24 12:49:04,821 | ERROR    | error from callback <bound method WebsocketClient.on_message of <iqoptionapi.ws.client.WebsocketClient object at 0x000002390FFC6C30>>: WebsocketClient.on_message() takes 2 positional arguments but 3 were given
2026-07-24 12:49:04,836 | ERROR    | WebsocketClient.on_message() takes 2 positional arguments but 3 were given
2026-07-24 12:49:05,805 | ERROR    | error from callback <bound method WebsocketClient.on_message of <iqoptionapi.ws.client.WebsocketClient object at 0x000002390FFC6C30>>: WebsocketClient.on_message() takes 2 positional arguments but 3 were given
2026-07-24 12:49:05,805 | ERROR    | WebsocketClient.on_message() takes 2 positional arguments but 3 were given
2026-07-24 12:49:06,817 | ERROR    | error from callback <bound method WebsocketClient.on_message of <iqoptionapi.ws.client.WebsocketClient object at 0x000002390FFC6C30>>: WebsocketClient.on_message() takes 2 positional arguments but 3 were given
2026-07-24 12:49:06,832 | ERROR    | WebsocketClient.on_message() takes 2 positional arguments but 3 were given
2026-07-24 12:49:07,849 | ERROR    | error from callback <bound method WebsocketClient.on_message of <iqoptionapi.ws.client.WebsocketClient object at 0x000002390FFC6C30>>: WebsocketClient.on_message() takes 2 positional arguments but 3 were given
2026-07-24 12:49:07,864 | ERROR    | WebsocketClient.on_message() takes 2 positional arguments but 3 were given
2026-07-24 12:49:08,852 | ERROR    | error from callback <bound method WebsocketClient.on_message of <iqoptionapi.ws.client.WebsocketClient object at 0x000002390FFC6C30>>: WebsocketClient.on_message() takes 2 positional arguments but 3 were given
2026-07-24 12:49:08,867 | ERROR    | WebsocketClient.on_message() takes 2 positional arguments but 3 were given
2026-07-24 12:49:09,850 | ERROR    | error from callback <bound method WebsocketClient.on_message of <iqoptionapi.ws.client.WebsocketClient object at 0x000002390FFC6C30>>: WebsocketClient.on_message() takes 2 positional arguments but 3 were given
2026-07-24 12:49:09,867 | ERROR    | WebsocketClient.on_message() takes 2 positional arguments but 3 were given
2026-07-24 12:49:10,856 | ERROR    | error from callback <bound method WebsocketClient.on_message of <iqoptionapi.ws.client.WebsocketClient object at 0x000002390FFC6C30>>: WebsocketClient.on_message() takes 2 positional arguments but 3 were given
2026-07-24 12:49:10,872 | ERROR    | WebsocketClient.on_message() takes 2 positional arguments but 3 were given
2026-07-24 12:49:11,872 | ERROR    | error from callback <bound method WebsocketClient.on_message of <iqoptionapi.ws.client.WebsocketClient object at 0x000002390FFC6C30>>: WebsocketClient.on_message() takes 2 positional arguments but 3 were given
2026-07-24 12:49:11,872 | ERROR    | WebsocketClient.on_message() takes 2 positional arguments but 3 were given
2026-07-24 12:49:12,876 | ERROR    | error from callback <bound method WebsocketClient.on_message of <iqoptionapi.ws.client.WebsocketClient object at 0x000002390FFC6C30>>: WebsocketClient.on_message() takes 2 positional arguments but 3 were given
2026-07-24 12:49:12,892 | ERROR    | WebsocketClient.on_message() takes 2 positional arguments but 3 were given
2026-07-24 12:49:13,903 | ERROR    | error from callback <bound method WebsocketClient.on_message of <iqoptionapi.ws.client.WebsocketClient object at 0x000002390FFC6C30>>: WebsocketClient.on_message() takes 2 positional arguments but 3 were given
2026-07-24 12:49:13,903 | ERROR    | WebsocketClient.on_message() takes 2 positional arguments but 3 were given
2026-07-24 12:49:14,902 | ERROR    | error from callback <bound method WebsocketClient.on_message of <iqoptionapi.ws.client.WebsocketClient object at 0x000002390FFC6C30>>: WebsocketClient.on_message() takes 2 positional arguments but 3 were given
2026-07-24 12:49:14,918 | ERROR    | WebsocketClient.on_message() takes 2 positional arguments but 3 were given
2026-07-24 12:49:15,921 | ERROR    | error from callback <bound method WebsocketClient.on_message of <iqoptionapi.ws.client.WebsocketClient object at 0x000002390FFC6C30>>: WebsocketClient.on_message() takes 2 positional arguments but 3 were given
2026-07-24 12:49:15,936 | ERROR    | WebsocketClient.on_message() takes 2 positional arguments but 3 were given
2026-07-24 12:49:16,904 | ERROR    | error from callback <bound method WebsocketClient.on_message of <iqoptionapi.ws.client.WebsocketClient object at 0x000002390FFC6C30>>: WebsocketClient.on_message() takes 2 positional arguments but 3 were given
2026-07-24 12:49:16,920 | ERROR    | WebsocketClient.on_message() takes 2 positional arguments but 3 were given
2026-07-24 12:49:17,938 | ERROR    | error from callback <bound method WebsocketClient.on_message of <iqoptionapi.ws.client.WebsocketClient object at 0x000002390FFC6C30>>: WebsocketClient.on_message() takes 2 positional arguments but 3 were given
2026-07-24 12:49:17,954 | ERROR    | WebsocketClient.on_message() takes 2 positional arguments but 3 were given
2026-07-24 12:49:18,955 | ERROR    | error from callback <bound method WebsocketClient.on_message of <iqoptionapi.ws.client.WebsocketClient object at 0x000002390FFC6C30>>: WebsocketClient.on_message() takes 2 positional arguments but 3 were given
2026-07-24 12:49:18,970 | ERROR    | WebsocketClient.on_message() takes 2 positional arguments but 3 were given
2026-07-24 12:49:19,952 | ERROR    | error from callback <bound method WebsocketClient.on_message of <iqoptionapi.ws.client.WebsocketClient object at 0x000002390FFC6C30>>: WebsocketClient.on_message() takes 2 positional arguments but 3 were given
2026-07-24 12:49:19,968 | ERROR    | WebsocketClient.on_message() takes 2 positional arguments but 3 were given
2026-07-24 12:49:20,954 | ERROR    | error from callback <bound method WebsocketClient.on_message of <iqoptionapi.ws.client.WebsocketClient object at 0x000002390FFC6C30>>: WebsocketClient.on_message() takes 2 positional arguments but 3 were given
2026-07-24 12:49:20,970 | ERROR    | WebsocketClient.on_message() takes 2 positional arguments but 3 were given
2026-07-24 12:49:21,971 | ERROR    | error from callback <bound method WebsocketClient.on_message of <iqoptionapi.ws.client.WebsocketClient object at 0x000002390FFC6C30>>: WebsocketClient.on_message() takes 2 positional arguments but 3 were given
2026-07-24 12:49:21,987 | ERROR    | WebsocketClient.on_message() takes 2 positional arguments but 3 were given
2026-07-24 12:49:22,972 | ERROR    | error from callback <bound method WebsocketClient.on_message of <iqoptionapi.ws.client.WebsocketClient object at 0x000002390FFC6C30>>: WebsocketClient.on_message() takes 2 positional arguments but 3 were given
2026-07-24 12:49:22,972 | ERROR    | WebsocketClient.on_message() takes 2 positional arguments but 3 were given
2026-07-24 12:49:23,985 | ERROR    | error from callback <bound method WebsocketClient.on_message of <iqoptionapi.ws.client.WebsocketClient object at 0x000002390FFC6C30>>: WebsocketClient.on_message() takes 2 positional arguments but 3 were given
2026-07-24 12:49:23,985 | ERROR    | WebsocketClient.on_message() takes 2 positional arguments but 3 were given
2026-07-24 12:49:24,996 | ERROR    | error from callback <bound method WebsocketClient.on_message of <iqoptionapi.ws.client.WebsocketClient object at 0x000002390FFC6C30>>: WebsocketClient.on_message() takes 2 positional arguments but 3 were given
2026-07-24 12:49:25,012 | ERROR    | WebsocketClient.on_message() takes 2 positional arguments but 3 were given
2026-07-24 12:49:25,993 | ERROR    | error from callback <bound method WebsocketClient.on_message of <iqoptionapi.ws.client.WebsocketClient object at 0x000002390FFC6C30>>: WebsocketClient.on_message() takes 2 positional arguments but 3 were given
2026-07-24 12:49:26,008 | ERROR    | WebsocketClient.on_message() takes 2 positional arguments but 3 were given
2026-07-24 12:49:27,014 | ERROR    | error from callback <bound method WebsocketClient.on_message of <iqoptionapi.ws.client.WebsocketClient object at 0x000002390FFC6C30>>: WebsocketClient.on_message() takes 2 positional arguments but 3 were given
2026-07-24 12:49:27,029 | ERROR    | WebsocketClient.on_message() takes 2 positional arguments but 3 were given
2026-07-24 12:49:28,032 | ERROR    | error from callback <bound method WebsocketClient.on_message of <iqoptionapi.ws.client.WebsocketClient object at 0x000002390FFC6C30>>: WebsocketClient.on_message() takes 2 positional arguments but 3 were given
2026-07-24 12:49:28,033 | ERROR    | WebsocketClient.on_message() takes 2 positional arguments but 3 were given
2026-07-24 12:49:29,016 | ERROR    | error from callback <bound method WebsocketClient.on_message of <iqoptionapi.ws.client.WebsocketClient object at 0x000002390FFC6C30>>: WebsocketClient.on_message() takes 2 positional arguments but 3 were given
2026-07-24 12:49:29,032 | ERROR    | WebsocketClient.on_message() takes 2 positional arguments but 3 were given
2026-07-24 12:49:30,044 | ERROR    | error from callback <bound method WebsocketClient.on_message of <iqoptionapi.ws.client.WebsocketClient object at 0x000002390FFC6C30>>: WebsocketClient.on_message() takes 2 positional arguments but 3 were given
2026-07-24 12:49:30,060 | ERROR    | WebsocketClient.on_message() takes 2 positional arguments but 3 were given
2026-07-24 12:49:31,055 | ERROR    | error from callback <bound method WebsocketClient.on_message of <iqoptionapi.ws.client.WebsocketClient object at 0x000002390FFC6C30>>: WebsocketClient.on_message() takes 2 positional arguments but 3 were given
2026-07-24 12:49:31,071 | ERROR    | WebsocketClient.on_message() takes 2 positional arguments but 3 were given
2026-07-24 12:49:32,056 | ERROR    | error from callback <bound method WebsocketClient.on_message of <iqoptionapi.ws.client.WebsocketClient object at 0x000002390FFC6C30>>: WebsocketClient.on_message() takes 2 positional arguments but 3 were given
2026-07-24 12:49:32,072 | ERROR    | WebsocketClient.on_message() takes 2 positional arguments but 3 were given
2026-07-24 12:49:33,070 | ERROR    | error from callback <bound method WebsocketClient.on_message of <iqoptionapi.ws.client.WebsocketClient object at 0x000002390FFC6C30>>: WebsocketClient.on_message() takes 2 positional arguments but 3 were given
2026-07-24 12:49:33,085 | ERROR    | WebsocketClient.on_message() takes 2 positional arguments but 3 were given
2026-07-24 12:49:34,073 | ERROR    | error from callback <bound method WebsocketClient.on_message of <iqoptionapi.ws.client.WebsocketClient object at 0x000002390FFC6C30>>: WebsocketClient.on_message() takes 2 positional arguments but 3 were given
2026-07-24 12:49:34,089 | ERROR    | WebsocketClient.on_message() takes 2 positional arguments but 3 were given
2026-07-24 12:49:35,094 | ERROR    | error from callback <bound method WebsocketClient.on_message of <iqoptionapi.ws.client.WebsocketClient object at 0x000002390FFC6C30>>: WebsocketClient.on_message() takes 2 positional arguments but 3 were given
2026-07-24 12:49:35,110 | ERROR    | WebsocketClient.on_message() takes 2 positional arguments but 3 were given
2026-07-24 12:49:36,103 | ERROR    | error from callback <bound method WebsocketClient.on_message of <iqoptionapi.ws.client.WebsocketClient object at 0x000002390FFC6C30>>: WebsocketClient.on_message() takes 2 positional arguments but 3 were given
2026-07-24 12:49:36,118 | ERROR    | WebsocketClient.on_message() takes 2 positional arguments but 3 were given
2026-07-24 12:49:37,112 | ERROR    | error from callback <bound method WebsocketClient.on_message of <iqoptionapi.ws.client.WebsocketClient object at 0x000002390FFC6C30>>: WebsocketClient.on_message() takes 2 positional arguments but 3 were given
2026-07-24 12:49:37,127 | ERROR    | WebsocketClient.on_message() takes 2 positional arguments but 3 were given
2026-07-24 12:49:38,125 | ERROR    | error from callback <bound method WebsocketClient.on_message of <iqoptionapi.ws.client.WebsocketClient object at 0x000002390FFC6C30>>: WebsocketClient.on_message() takes 2 positional arguments but 3 were given
2026-07-24 12:49:38,141 | ERROR    | WebsocketClient.on_message() takes 2 positional arguments but 3 were given
2026-07-24 12:49:39,133 | ERROR    | error from callback <bound method WebsocketClient.on_message of <iqoptionapi.ws.client.WebsocketClient object at 0x000002390FFC6C30>>: WebsocketClient.on_message() takes 2 positional arguments but 3 were given
2026-07-24 12:49:39,149 | ERROR    | WebsocketClient.on_message() takes 2 positional arguments but 3 were given
2026-07-24 12:49:40,134 | ERROR    | error from callback <bound method WebsocketClient.on_message of <iqoptionapi.ws.client.WebsocketClient object at 0x000002390FFC6C30>>: WebsocketClient.on_message() takes 2 positional arguments but 3 were given
2026-07-24 12:49:40,150 | ERROR    | WebsocketClient.on_message() takes 2 positional arguments but 3 were given
2026-07-24 12:49:41,151 | ERROR    | error from callback <bound method WebsocketClient.on_message of <iqoptionapi.ws.client.WebsocketClient object at 0x000002390FFC6C30>>: WebsocketClient.on_message() takes 2 positional arguments but 3 were given
2026-07-24 12:49:41,166 | ERROR    | WebsocketClient.on_message() takes 2 positional arguments but 3 were given
2026-07-24 12:49:42,144 | ERROR    | error from callback <bound method WebsocketClient.on_message of <iqoptionapi.ws.client.WebsocketClient object at 0x000002390FFC6C30>>: WebsocketClient.on_message() takes 2 positional arguments but 3 were given
2026-07-24 12:49:42,144 | ERROR    | WebsocketClient.on_message() takes 2 positional arguments but 3 were given
2026-07-24 12:49:43,167 | ERROR    | error from callback <bound method WebsocketClient.on_message of <iqoptionapi.ws.client.WebsocketClient object at 0x000002390FFC6C30>>: WebsocketClient.on_message() takes 2 positional arguments but 3 were given
2026-07-24 12:49:43,182 | ERROR    | WebsocketClient.on_message() takes 2 positional arguments but 3 were given
2026-07-24 12:49:44,186 | ERROR    | error from callback <bound method WebsocketClient.on_message of <iqoptionapi.ws.client.WebsocketClient object at 0x000002390FFC6C30>>: WebsocketClient.on_message() takes 2 positional arguments but 3 were given
2026-07-24 12:49:44,202 | ERROR    | WebsocketClient.on_message() takes 2 positional arguments but 3 were given
2026-07-24 12:49:45,184 | ERROR    | error from callback <bound method WebsocketClient.on_message of <iqoptionapi.ws.client.WebsocketClient object at 0x000002390FFC6C30>>: WebsocketClient.on_message() takes 2 positional arguments but 3 were given
2026-07-24 12:49:45,200 | ERROR    | WebsocketClient.on_message() takes 2 positional arguments but 3 were given
2026-07-24 12:49:46,200 | ERROR    | error from callback <bound method WebsocketClient.on_message of <iqoptionapi.ws.client.WebsocketClient object at 0x000002390FFC6C30>>: WebsocketClient.on_message() takes 2 positional arguments but 3 were given
2026-07-24 12:49:46,216 | ERROR    | WebsocketClient.on_message() takes 2 positional arguments but 3 were given
2026-07-24 12:49:47,218 | ERROR    | error from callback <bound method WebsocketClient.on_message of <iqoptionapi.ws.client.WebsocketClient object at 0x000002390FFC6C30>>: WebsocketClient.on_message() takes 2 positional arguments but 3 were given
2026-07-24 12:49:47,233 | ERROR    | WebsocketClient.on_message() takes 2 positional arguments but 3 were given
2026-07-24 12:49:48,229 | ERROR    | error from callback <bound method WebsocketClient.on_message of <iqoptionapi.ws.client.WebsocketClient object at 0x000002390FFC6C30>>: WebsocketClient.on_message() takes 2 positional arguments but 3 were given
2026-07-24 12:49:48,245 | ERROR    | WebsocketClient.on_message() takes 2 positional arguments but 3 were given
2026-07-24 12:49:49,231 | ERROR    | error from callback <bound method WebsocketClient.on_message of <iqoptionapi.ws.client.WebsocketClient object at 0x000002390FFC6C30>>: WebsocketClient.on_message() takes 2 positional arguments but 3 were given
2026-07-24 12:49:49,247 | ERROR    | WebsocketClient.on_message() takes 2 positional arguments but 3 were given
2026-07-24 12:49:50,233 | ERROR    | error from callback <bound method WebsocketClient.on_message of <iqoptionapi.ws.client.WebsocketClient object at 0x000002390FFC6C30>>: WebsocketClient.on_message() takes 2 positional arguments but 3 were given
2026-07-24 12:49:50,248 | ERROR    | WebsocketClient.on_message() takes 2 positional arguments but 3 were given
2026-07-24 12:49:51,238 | ERROR    | error from callback <bound method WebsocketClient.on_message of <iqoptionapi.ws.client.WebsocketClient object at 0x000002390FFC6C30>>: WebsocketClient.on_message() takes 2 positional arguments but 3 were given
2026-07-24 12:49:51,254 | ERROR    | WebsocketClient.on_message() takes 2 positional arguments but 3 were given
2026-07-24 12:49:52,254 | ERROR    | error from callback <bound method WebsocketClient.on_message of <iqoptionapi.ws.client.WebsocketClient object at 0x000002390FFC6C30>>: WebsocketClient.on_message() takes 2 positional arguments but 3 were given
2026-07-24 12:49:52,269 | ERROR    | WebsocketClient.on_message() takes 2 positional arguments but 3 were given
2026-07-24 12:49:53,288 | ERROR    | error from callback <bound method WebsocketClient.on_message of <iqoptionapi.ws.client.WebsocketClient object at 0x000002390FFC6C30>>: WebsocketClient.on_message() takes 2 positional arguments but 3 were given
2026-07-24 12:49:53,304 | ERROR    | WebsocketClient.on_message() takes 2 positional arguments but 3 were given
2026-07-24 12:49:54,274 | ERROR    | error from callback <bound method WebsocketClient.on_message of <iqoptionapi.ws.client.WebsocketClient object at 0x000002390FFC6C30>>: WebsocketClient.on_message() takes 2 positional arguments but 3 were given
2026-07-24 12:49:54,289 | ERROR    | WebsocketClient.on_message() takes 2 positional arguments but 3 were given
2026-07-24 12:49:55,304 | ERROR    | error from callback <bound method WebsocketClient.on_message of <iqoptionapi.ws.client.WebsocketClient object at 0x000002390FFC6C30>>: WebsocketClient.on_message() takes 2 positional arguments but 3 were given
2026-07-24 12:49:55,304 | ERROR    | WebsocketClient.on_message() takes 2 positional arguments but 3 were given
2026-07-24 12:49:56,305 | ERROR    | error from callback <bound method WebsocketClient.on_message of <iqoptionapi.ws.client.WebsocketClient object at 0x000002390FFC6C30>>: WebsocketClient.on_message() takes 2 positional arguments but 3 were given
2026-07-24 12:49:56,320 | ERROR    | WebsocketClient.on_message() takes 2 positional arguments but 3 were given
2026-07-24 12:49:57,309 | ERROR    | error from callback <bound method WebsocketClient.on_message of <iqoptionapi.ws.client.WebsocketClient object at 0x000002390FFC6C30>>: WebsocketClient.on_message() takes 2 positional arguments but 3 were given
2026-07-24 12:49:57,325 | ERROR    | WebsocketClient.on_message() takes 2 positional arguments but 3 were given
2026-07-24 12:49:58,320 | ERROR    | error from callback <bound method WebsocketClient.on_message of <iqoptionapi.ws.client.WebsocketClient object at 0x000002390FFC6C30>>: WebsocketClient.on_message() takes 2 positional arguments but 3 were given
2026-07-24 12:49:58,336 | ERROR    | WebsocketClient.on_message() takes 2 positional arguments but 3 were given
2026-07-24 12:49:59,327 | ERROR    | error from callback <bound method WebsocketClient.on_message of <iqoptionapi.ws.client.WebsocketClient object at 0x000002390FFC6C30>>: WebsocketClient.on_message() takes 2 positional arguments but 3 were given
2026-07-24 12:49:59,343 | ERROR    | WebsocketClient.on_message() takes 2 positional arguments but 3 were given
2026-07-24 12:50:00,342 | ERROR    | error from callback <bound method WebsocketClient.on_message of <iqoptionapi.ws.client.WebsocketClient object at 0x000002390FFC6C30>>: WebsocketClient.on_message() takes 2 positional arguments but 3 were given
2026-07-24 12:50:00,357 | ERROR    | WebsocketClient.on_message() takes 2 positional arguments but 3 were given
2026-07-24 12:50:01,345 | ERROR    | error from callback <bound method WebsocketClient.on_message of <iqoptionapi.ws.client.WebsocketClient object at 0x000002390FFC6C30>>: WebsocketClient.on_message() takes 2 positional arguments but 3 were given
2026-07-24 12:50:01,361 | ERROR    | WebsocketClient.on_message() takes 2 positional arguments but 3 were given
2026-07-24 12:50:02,382 | ERROR    | error from callback <bound method WebsocketClient.on_message of <iqoptionapi.ws.client.WebsocketClient object at 0x000002390FFC6C30>>: WebsocketClient.on_message() takes 2 positional arguments but 3 were given
2026-07-24 12:50:02,398 | ERROR    | WebsocketClient.on_message() takes 2 positional arguments but 3 were given
2026-07-24 12:50:03,386 | ERROR    | error from callback <bound method WebsocketClient.on_message of <iqoptionapi.ws.client.WebsocketClient object at 0x000002390FFC6C30>>: WebsocketClient.on_message() takes 2 positional arguments but 3 were given
2026-07-24 12:50:03,402 | ERROR    | WebsocketClient.on_message() takes 2 positional arguments but 3 were given
2026-07-24 12:50:04,387 | ERROR    | error from callback <bound method WebsocketClient.on_message of <iqoptionapi.ws.client.WebsocketClient object at 0x000002390FFC6C30>>: WebsocketClient.on_message() takes 2 positional arguments but 3 were given
2026-07-24 12:50:04,403 | ERROR    | WebsocketClient.on_message() takes 2 positional arguments but 3 were given
2026-07-24 12:50:05,394 | ERROR    | error from callback <bound method WebsocketClient.on_message of <iqoptionapi.ws.client.WebsocketClient object at 0x000002390FFC6C30>>: WebsocketClient.on_message() takes 2 positional arguments but 3 were given
2026-07-24 12:50:05,409 | ERROR    | WebsocketClient.on_message() takes 2 positional arguments but 3 were given
2026-07-24 12:50:06,400 | ERROR    | error from callback <bound method WebsocketClient.on_message of <iqoptionapi.ws.client.WebsocketClient object at 0x000002390FFC6C30>>: WebsocketClient.on_message() takes 2 positional arguments but 3 were given
2026-07-24 12:50:06,416 | ERROR    | WebsocketClient.on_message() takes 2 positional arguments but 3 were given
2026-07-24 12:50:07,407 | ERROR    | error from callback <bound method WebsocketClient.on_message of <iqoptionapi.ws.client.WebsocketClient object at 0x000002390FFC6C30>>: WebsocketClient.on_message() takes 2 positional arguments but 3 were given
2026-07-24 12:50:07,423 | ERROR    | WebsocketClient.on_message() takes 2 positional arguments but 3 were given
2026-07-24 12:50:08,402 | ERROR    | error from callback <bound method WebsocketClient.on_message of <iqoptionapi.ws.client.WebsocketClient object at 0x000002390FFC6C30>>: WebsocketClient.on_message() takes 2 positional arguments but 3 were given
2026-07-24 12:50:08,402 | ERROR    | WebsocketClient.on_message() takes 2 positional arguments but 3 were given
2026-07-24 12:50:09,448 | ERROR    | error from callback <bound method WebsocketClient.on_message of <iqoptionapi.ws.client.WebsocketClient object at 0x000002390FFC6C30>>: WebsocketClient.on_message() takes 2 positional arguments but 3 were given
2026-07-24 12:50:09,464 | ERROR    | WebsocketClient.on_message() takes 2 positional arguments but 3 were given
2026-07-24 12:50:10,432 | ERROR    | error from callback <bound method WebsocketClient.on_message of <iqoptionapi.ws.client.WebsocketClient object at 0x000002390FFC6C30>>: WebsocketClient.on_message() takes 2 positional arguments but 3 were given
2026-07-24 12:50:10,448 | ERROR    | WebsocketClient.on_message() takes 2 positional arguments but 3 were given
2026-07-24 12:50:11,450 | ERROR    | error from callback <bound method WebsocketClient.on_message of <iqoptionapi.ws.client.WebsocketClient object at 0x000002390FFC6C30>>: WebsocketClient.on_message() takes 2 positional arguments but 3 were given
2026-07-24 12:50:11,466 | ERROR    | WebsocketClient.on_message() takes 2 positional arguments but 3 were given
2026-07-24 12:50:12,467 | ERROR    | error from callback <bound method WebsocketClient.on_message of <iqoptionapi.ws.client.WebsocketClient object at 0x000002390FFC6C30>>: WebsocketClient.on_message() takes 2 positional arguments but 3 were given
2026-07-24 12:50:12,483 | ERROR    | WebsocketClient.on_message() takes 2 positional arguments but 3 were given
2026-07-24 12:50:13,472 | ERROR    | error from callback <bound method WebsocketClient.on_message of <iqoptionapi.ws.client.WebsocketClient object at 0x000002390FFC6C30>>: WebsocketClient.on_message() takes 2 positional arguments but 3 were given
2026-07-24 12:50:13,488 | ERROR    | WebsocketClient.on_message() takes 2 positional arguments but 3 were given
2026-07-24 12:50:14,482 | ERROR    | error from callback <bound method WebsocketClient.on_message of <iqoptionapi.ws.client.WebsocketClient object at 0x000002390FFC6C30>>: WebsocketClient.on_message() takes 2 positional arguments but 3 were given
2026-07-24 12:50:14,498 | ERROR    | WebsocketClient.on_message() takes 2 positional arguments but 3 were given
2026-07-24 12:50:15,486 | ERROR    | error from callback <bound method WebsocketClient.on_message of <iqoptionapi.ws.client.WebsocketClient object at 0x000002390FFC6C30>>: WebsocketClient.on_message() takes 2 positional arguments but 3 were given
2026-07-24 12:50:15,502 | ERROR    | WebsocketClient.on_message() takes 2 positional arguments but 3 were given
2026-07-24 12:50:16,516 | ERROR    | error from callback <bound method WebsocketClient.on_message of <iqoptionapi.ws.client.WebsocketClient object at 0x000002390FFC6C30>>: WebsocketClient.on_message() takes 2 positional arguments but 3 were given
2026-07-24 12:50:16,532 | ERROR    | WebsocketClient.on_message() takes 2 positional arguments but 3 were given
2026-07-24 12:50:17,516 | ERROR    | error from callback <bound method WebsocketClient.on_message of <iqoptionapi.ws.client.WebsocketClient object at 0x000002390FFC6C30>>: WebsocketClient.on_message() takes 2 positional arguments but 3 were given
2026-07-24 12:50:17,532 | ERROR    | WebsocketClient.on_message() takes 2 positional arguments but 3 were given
2026-07-24 12:50:18,524 | ERROR    | error from callback <bound method WebsocketClient.on_message of <iqoptionapi.ws.client.WebsocketClient object at 0x000002390FFC6C30>>: WebsocketClient.on_message() takes 2 positional arguments but 3 were given
2026-07-24 12:50:18,539 | ERROR    | WebsocketClient.on_message() takes 2 positional arguments but 3 were given
2026-07-24 12:50:19,533 | ERROR    | error from callback <bound method WebsocketClient.on_message of <iqoptionapi.ws.client.WebsocketClient object at 0x000002390FFC6C30>>: WebsocketClient.on_message() takes 2 positional arguments but 3 were given
2026-07-24 12:50:19,549 | ERROR    | WebsocketClient.on_message() takes 2 positional arguments but 3 were given
2026-07-24 12:50:20,546 | ERROR    | error from callback <bound method WebsocketClient.on_message of <iqoptionapi.ws.client.WebsocketClient object at 0x000002390FFC6C30>>: WebsocketClient.on_message() takes 2 positional arguments but 3 were given
2026-07-24 12:50:20,562 | ERROR    | WebsocketClient.on_message() takes 2 positional arguments but 3 were given
2026-07-24 12:50:21,552 | ERROR    | error from callback <bound method WebsocketClient.on_message of <iqoptionapi.ws.client.WebsocketClient object at 0x000002390FFC6C30>>: WebsocketClient.on_message() takes 2 positional arguments but 3 were given
2026-07-24 12:50:21,567 | ERROR    | WebsocketClient.on_message() takes 2 positional arguments but 3 were given
2026-07-24 12:50:22,579 | ERROR    | error from callback <bound method WebsocketClient.on_message of <iqoptionapi.ws.client.WebsocketClient object at 0x000002390FFC6C30>>: WebsocketClient.on_message() takes 2 positional arguments but 3 were given
2026-07-24 12:50:22,595 | ERROR    | WebsocketClient.on_message() takes 2 positional arguments but 3 were given
2026-07-24 12:50:23,572 | ERROR    | error from callback <bound method WebsocketClient.on_message of <iqoptionapi.ws.client.WebsocketClient object at 0x000002390FFC6C30>>: WebsocketClient.on_message() takes 2 positional arguments but 3 were given
2026-07-24 12:50:23,587 | ERROR    | WebsocketClient.on_message() takes 2 positional arguments but 3 were given
2026-07-24 12:50:24,577 | ERROR    | error from callback <bound method WebsocketClient.on_message of <iqoptionapi.ws.client.WebsocketClient object at 0x000002390FFC6C30>>: WebsocketClient.on_message() takes 2 positional arguments but 3 were given
2026-07-24 12:50:24,593 | ERROR    | WebsocketClient.on_message() takes 2 positional arguments but 3 were given
2026-07-24 12:50:25,611 | ERROR    | error from callback <bound method WebsocketClient.on_message of <iqoptionapi.ws.client.WebsocketClient object at 0x000002390FFC6C30>>: WebsocketClient.on_message() takes 2 positional arguments but 3 were given
2026-07-24 12:50:25,627 | ERROR    | WebsocketClient.on_message() takes 2 positional arguments but 3 were given
2026-07-24 12:50:26,598 | ERROR    | error from callback <bound method WebsocketClient.on_message of <iqoptionapi.ws.client.WebsocketClient object at 0x000002390FFC6C30>>: WebsocketClient.on_message() takes 2 positional arguments but 3 were given
2026-07-24 12:50:26,614 | ERROR    | WebsocketClient.on_message() takes 2 positional arguments but 3 were given
2026-07-24 12:50:27,606 | ERROR    | error from callback <bound method WebsocketClient.on_message of <iqoptionapi.ws.client.WebsocketClient object at 0x000002390FFC6C30>>: WebsocketClient.on_message() takes 2 positional arguments but 3 were given
2026-07-24 12:50:27,622 | ERROR    | WebsocketClient.on_message() takes 2 positional arguments but 3 were given
2026-07-24 12:50:28,631 | ERROR    | error from callback <bound method WebsocketClient.on_message of <iqoptionapi.ws.client.WebsocketClient object at 0x000002390FFC6C30>>: WebsocketClient.on_message() takes 2 positional arguments but 3 were given
2026-07-24 12:50:28,647 | ERROR    | WebsocketClient.on_message() takes 2 positional arguments but 3 were given
2026-07-24 12:50:29,635 | ERROR    | error from callback <bound method WebsocketClient.on_message of <iqoptionapi.ws.client.WebsocketClient object at 0x000002390FFC6C30>>: WebsocketClient.on_message() takes 2 positional arguments but 3 were given
2026-07-24 12:50:29,650 | ERROR    | WebsocketClient.on_message() takes 2 positional arguments but 3 were given
2026-07-24 12:50:30,658 | ERROR    | error from callback <bound method WebsocketClient.on_message of <iqoptionapi.ws.client.WebsocketClient object at 0x000002390FFC6C30>>: WebsocketClient.on_message() takes 2 positional arguments but 3 were given
2026-07-24 12:50:30,674 | ERROR    | WebsocketClient.on_message() takes 2 positional arguments but 3 were given
2026-07-24 12:50:31,649 | ERROR    | error from callback <bound method WebsocketClient.on_message of <iqoptionapi.ws.client.WebsocketClient object at 0x000002390FFC6C30>>: WebsocketClient.on_message() takes 2 positional arguments but 3 were given
2026-07-24 12:50:31,665 | ERROR    | WebsocketClient.on_message() takes 2 positional arguments but 3 were given
2026-07-24 12:50:32,658 | ERROR    | error from callback <bound method WebsocketClient.on_message of <iqoptionapi.ws.client.WebsocketClient object at 0x000002390FFC6C30>>: WebsocketClient.on_message() takes 2 positional arguments but 3 were given
2026-07-24 12:50:32,673 | ERROR    | WebsocketClient.on_message() takes 2 positional arguments but 3 were given
2026-07-24 12:50:33,645 | ERROR    | error from callback <bound method WebsocketClient.on_message of <iqoptionapi.ws.client.WebsocketClient object at 0x000002390FFC6C30>>: WebsocketClient.on_message() takes 2 positional arguments but 3 were given
2026-07-24 12:50:33,661 | ERROR    | WebsocketClient.on_message() takes 2 positional arguments but 3 were given
2026-07-24 12:50:34,676 | ERROR    | error from callback <bound method WebsocketClient.on_message of <iqoptionapi.ws.client.WebsocketClient object at 0x000002390FFC6C30>>: WebsocketClient.on_message() takes 2 positional arguments but 3 were given
2026-07-24 12:50:34,692 | ERROR    | WebsocketClient.on_message() takes 2 positional arguments but 3 were given
2026-07-24 12:50:35,676 | ERROR    | error from callback <bound method WebsocketClient.on_message of <iqoptionapi.ws.client.WebsocketClient object at 0x000002390FFC6C30>>: WebsocketClient.on_message() takes 2 positional arguments but 3 were given
2026-07-24 12:50:35,692 | ERROR    | WebsocketClient.on_message() takes 2 positional arguments but 3 were given
2026-07-24 12:50:36,699 | ERROR    | error from callback <bound method WebsocketClient.on_message of <iqoptionapi.ws.client.WebsocketClient object at 0x000002390FFC6C30>>: WebsocketClient.on_message() takes 2 positional arguments but 3 were given
2026-07-24 12:50:36,714 | ERROR    | WebsocketClient.on_message() takes 2 positional arguments but 3 were given
2026-07-24 12:50:37,722 | ERROR    | error from callback <bound method WebsocketClient.on_message of <iqoptionapi.ws.client.WebsocketClient object at 0x000002390FFC6C30>>: WebsocketClient.on_message() takes 2 positional arguments but 3 were given
2026-07-24 12:50:37,738 | ERROR    | WebsocketClient.on_message() takes 2 positional arguments but 3 were given
2026-07-24 12:50:38,715 | ERROR    | error from callback <bound method WebsocketClient.on_message of <iqoptionapi.ws.client.WebsocketClient object at 0x000002390FFC6C30>>: WebsocketClient.on_message() takes 2 positional arguments but 3 were given
2026-07-24 12:50:38,731 | ERROR    | WebsocketClient.on_message() takes 2 positional arguments but 3 were given
2026-07-24 12:50:39,720 | ERROR    | error from callback <bound method WebsocketClient.on_message of <iqoptionapi.ws.client.WebsocketClient object at 0x000002390FFC6C30>>: WebsocketClient.on_message() takes 2 positional arguments but 3 were given
2026-07-24 12:50:39,735 | ERROR    | WebsocketClient.on_message() takes 2 positional arguments but 3 were given
2026-07-24 12:50:40,732 | ERROR    | error from callback <bound method WebsocketClient.on_message of <iqoptionapi.ws.client.WebsocketClient object at 0x000002390FFC6C30>>: WebsocketClient.on_message() takes 2 positional arguments but 3 were given
2026-07-24 12:50:40,747 | ERROR    | WebsocketClient.on_message() takes 2 positional arguments but 3 were given
2026-07-24 12:50:41,740 | ERROR    | error from callback <bound method WebsocketClient.on_message of <iqoptionapi.ws.client.WebsocketClient object at 0x000002390FFC6C30>>: WebsocketClient.on_message() takes 2 positional arguments but 3 were given
2026-07-24 12:50:41,756 | ERROR    | WebsocketClient.on_message() takes 2 positional arguments but 3 were given
2026-07-24 12:50:42,753 | ERROR    | error from callback <bound method WebsocketClient.on_message of <iqoptionapi.ws.client.WebsocketClient object at 0x000002390FFC6C30>>: WebsocketClient.on_message() takes 2 positional arguments but 3 were given
2026-07-24 12:50:42,769 | ERROR    | WebsocketClient.on_message() takes 2 positional arguments but 3 were given
2026-07-24 12:50:43,764 | ERROR    | error from callback <bound method WebsocketClient.on_message of <iqoptionapi.ws.client.WebsocketClient object at 0x000002390FFC6C30>>: WebsocketClient.on_message() takes 2 positional arguments but 3 were given
2026-07-24 12:50:43,780 | ERROR    | WebsocketClient.on_message() takes 2 positional arguments but 3 were given
2026-07-24 12:50:44,779 | ERROR    | error from callback <bound method WebsocketClient.on_message of <iqoptionapi.ws.client.WebsocketClient object at 0x000002390FFC6C30>>: WebsocketClient.on_message() takes 2 positional arguments but 3 were given
2026-07-24 12:50:44,794 | ERROR    | WebsocketClient.on_message() takes 2 positional arguments but 3 were given
2026-07-24 12:50:45,776 | ERROR    | error from callback <bound method WebsocketClient.on_message of <iqoptionapi.ws.client.WebsocketClient object at 0x000002390FFC6C30>>: WebsocketClient.on_message() takes 2 positional arguments but 3 were given
2026-07-24 12:50:45,792 | ERROR    | WebsocketClient.on_message() takes 2 positional arguments but 3 were given
2026-07-24 12:50:46,810 | ERROR    | error from callback <bound method WebsocketClient.on_message of <iqoptionapi.ws.client.WebsocketClient object at 0x000002390FFC6C30>>: WebsocketClient.on_message() takes 2 positional arguments but 3 were given
2026-07-24 12:50:46,823 | ERROR    | WebsocketClient.on_message() takes 2 positional arguments but 3 were given
2026-07-24 12:50:47,794 | ERROR    | error from callback <bound method WebsocketClient.on_message of <iqoptionapi.ws.client.WebsocketClient object at 0x000002390FFC6C30>>: WebsocketClient.on_message() takes 2 positional arguments but 3 were given
2026-07-24 12:50:47,809 | ERROR    | WebsocketClient.on_message() takes 2 positional arguments but 3 were given
2026-07-24 12:50:48,802 | ERROR    | error from callback <bound method WebsocketClient.on_message of <iqoptionapi.ws.client.WebsocketClient object at 0x000002390FFC6C30>>: WebsocketClient.on_message() takes 2 positional arguments but 3 were given
2026-07-24 12:50:48,817 | ERROR    | WebsocketClient.on_message() takes 2 positional arguments but 3 were given
2026-07-24 12:50:49,828 | ERROR    | error from callback <bound method WebsocketClient.on_message of <iqoptionapi.ws.client.WebsocketClient object at 0x000002390FFC6C30>>: WebsocketClient.on_message() takes 2 positional arguments but 3 were given
2026-07-24 12:50:49,844 | ERROR    | WebsocketClient.on_message() takes 2 positional arguments but 3 were given
2026-07-24 12:50:50,831 | ERROR    | error from callback <bound method WebsocketClient.on_message of <iqoptionapi.ws.client.WebsocketClient object at 0x000002390FFC6C30>>: WebsocketClient.on_message() takes 2 positional arguments but 3 were given
2026-07-24 12:50:50,847 | ERROR    | WebsocketClient.on_message() takes 2 positional arguments but 3 were given
2026-07-24 12:50:51,844 | ERROR    | error from callback <bound method WebsocketClient.on_message of <iqoptionapi.ws.client.WebsocketClient object at 0x000002390FFC6C30>>: WebsocketClient.on_message() takes 2 positional arguments but 3 were given
2026-07-24 12:50:51,859 | ERROR    | WebsocketClient.on_message() takes 2 positional arguments but 3 were given
2026-07-24 12:50:52,839 | ERROR    | error from callback <bound method WebsocketClient.on_message of <iqoptionapi.ws.client.WebsocketClient object at 0x000002390FFC6C30>>: WebsocketClient.on_message() takes 2 positional arguments but 3 were given
2026-07-24 12:50:52,855 | ERROR    | WebsocketClient.on_message() takes 2 positional arguments but 3 were given
2026-07-24 12:50:53,855 | ERROR    | error from callback <bound method WebsocketClient.on_message of <iqoptionapi.ws.client.WebsocketClient object at 0x000002390FFC6C30>>: WebsocketClient.on_message() takes 2 positional arguments but 3 were given
2026-07-24 12:50:53,870 | ERROR    | WebsocketClient.on_message() takes 2 positional arguments but 3 were given
2026-07-24 12:50:54,870 | ERROR    | error from callback <bound method WebsocketClient.on_message of <iqoptionapi.ws.client.WebsocketClient object at 0x000002390FFC6C30>>: WebsocketClient.on_message() takes 2 positional arguments but 3 were given
2026-07-24 12:50:54,886 | ERROR    | WebsocketClient.on_message() takes 2 positional arguments but 3 were given
2026-07-24 12:50:55,877 | ERROR    | error from callback <bound method WebsocketClient.on_message of <iqoptionapi.ws.client.WebsocketClient object at 0x000002390FFC6C30>>: WebsocketClient.on_message() takes 2 positional arguments but 3 were given
2026-07-24 12:50:55,893 | ERROR    | WebsocketClient.on_message() takes 2 positional arguments but 3 were given
2026-07-24 12:50:56,882 | ERROR    | error from callback <bound method WebsocketClient.on_message of <iqoptionapi.ws.client.WebsocketClient object at 0x000002390FFC6C30>>: WebsocketClient.on_message() takes 2 positional arguments but 3 were given
2026-07-24 12:50:56,897 | ERROR    | WebsocketClient.on_message() takes 2 positional arguments but 3 were given
2026-07-24 12:50:57,910 | ERROR    | error from callback <bound method WebsocketClient.on_message of <iqoptionapi.ws.client.WebsocketClient object at 0x000002390FFC6C30>>: WebsocketClient.on_message() takes 2 positional arguments but 3 were given
2026-07-24 12:50:57,926 | ERROR    | WebsocketClient.on_message() takes 2 positional arguments but 3 were given
2026-07-24 12:50:58,897 | ERROR    | error from callback <bound method WebsocketClient.on_message of <iqoptionapi.ws.client.WebsocketClient object at 0x000002390FFC6C30>>: WebsocketClient.on_message() takes 2 positional arguments but 3 were given
2026-07-24 12:50:58,913 | ERROR    | WebsocketClient.on_message() takes 2 positional arguments but 3 were given
2026-07-24 12:50:59,926 | ERROR    | error from callback <bound method WebsocketClient.on_message of <iqoptionapi.ws.client.WebsocketClient object at 0x000002390FFC6C30>>: WebsocketClient.on_message() takes 2 positional arguments but 3 were given
2026-07-24 12:50:59,942 | ERROR    | WebsocketClient.on_message() takes 2 positional arguments but 3 were given
2026-07-24 12:51:00,923 | ERROR    | error from callback <bound method WebsocketClient.on_message of <iqoptionapi.ws.client.WebsocketClient object at 0x000002390FFC6C30>>: WebsocketClient.on_message() takes 2 positional arguments but 3 were given
2026-07-24 12:51:00,938 | ERROR    | WebsocketClient.on_message() takes 2 positional arguments but 3 were given
2026-07-24 12:51:01,923 | ERROR    | error from callback <bound method WebsocketClient.on_message of <iqoptionapi.ws.client.WebsocketClient object at 0x000002390FFC6C30>>: WebsocketClient.on_message() takes 2 positional arguments but 3 were given
2026-07-24 12:51:01,923 | ERROR    | WebsocketClient.on_message() takes 2 positional arguments but 3 were given
2026-07-24 12:51:02,952 | ERROR    | error from callback <bound method WebsocketClient.on_message of <iqoptionapi.ws.client.WebsocketClient object at 0x000002390FFC6C30>>: WebsocketClient.on_message() takes 2 positional arguments but 3 were given
2026-07-24 12:51:02,967 | ERROR    | WebsocketClient.on_message() takes 2 positional arguments but 3 were given
2026-07-24 12:51:03,948 | ERROR    | error from callback <bound method WebsocketClient.on_message of <iqoptionapi.ws.client.WebsocketClient object at 0x000002390FFC6C30>>: WebsocketClient.on_message() takes 2 positional arguments but 3 were given
2026-07-24 12:51:03,963 | ERROR    | WebsocketClient.on_message() takes 2 positional arguments but 3 were given
2026-07-24 12:51:04,960 | ERROR    | error from callback <bound method WebsocketClient.on_message of <iqoptionapi.ws.client.WebsocketClient object at 0x000002390FFC6C30>>: WebsocketClient.on_message() takes 2 positional arguments but 3 were given
2026-07-24 12:51:04,975 | ERROR    | WebsocketClient.on_message() takes 2 positional arguments but 3 were given
2026-07-24 12:51:05,973 | ERROR    | error from callback <bound method WebsocketClient.on_message of <iqoptionapi.ws.client.WebsocketClient object at 0x000002390FFC6C30>>: WebsocketClient.on_message() takes 2 positional arguments but 3 were given
2026-07-24 12:51:05,988 | ERROR    | WebsocketClient.on_message() takes 2 positional arguments but 3 were given
2026-07-24 12:51:06,974 | ERROR    | error from callback <bound method WebsocketClient.on_message of <iqoptionapi.ws.client.WebsocketClient object at 0x000002390FFC6C30>>: WebsocketClient.on_message() takes 2 positional arguments but 3 were given
2026-07-24 12:51:06,990 | ERROR    | WebsocketClient.on_message() takes 2 positional arguments but 3 were given
2026-07-24 12:51:07,993 | ERROR    | error from callback <bound method WebsocketClient.on_message of <iqoptionapi.ws.client.WebsocketClient object at 0x000002390FFC6C30>>: WebsocketClient.on_message() takes 2 positional arguments but 3 were given
2026-07-24 12:51:08,008 | ERROR    | WebsocketClient.on_message() takes 2 positional arguments but 3 were given
2026-07-24 12:51:08,994 | ERROR    | error from callback <bound method WebsocketClient.on_message of <iqoptionapi.ws.client.WebsocketClient object at 0x000002390FFC6C30>>: WebsocketClient.on_message() takes 2 positional arguments but 3 were given
2026-07-24 12:51:09,010 | ERROR    | WebsocketClient.on_message() takes 2 positional arguments but 3 were given
2026-07-24 12:51:10,012 | ERROR    | error from callback <bound method WebsocketClient.on_message of <iqoptionapi.ws.client.WebsocketClient object at 0x000002390FFC6C30>>: WebsocketClient.on_message() takes 2 positional arguments but 3 were given
2026-07-24 12:51:10,027 | ERROR    | WebsocketClient.on_message() takes 2 positional arguments but 3 were given
2026-07-24 12:51:11,022 | ERROR    | error from callback <bound method WebsocketClient.on_message of <iqoptionapi.ws.client.WebsocketClient object at 0x000002390FFC6C30>>: WebsocketClient.on_message() takes 2 positional arguments but 3 were given
2026-07-24 12:51:11,038 | ERROR    | WebsocketClient.on_message() takes 2 positional arguments but 3 were given
2026-07-24 12:51:12,019 | ERROR    | error from callback <bound method WebsocketClient.on_message of <iqoptionapi.ws.client.WebsocketClient object at 0x000002390FFC6C30>>: WebsocketClient.on_message() takes 2 positional arguments but 3 were given
2026-07-24 12:51:12,035 | ERROR    | WebsocketClient.on_message() takes 2 positional arguments but 3 were given
2026-07-24 12:51:13,033 | ERROR    | error from callback <bound method WebsocketClient.on_message of <iqoptionapi.ws.client.WebsocketClient object at 0x000002390FFC6C30>>: WebsocketClient.on_message() takes 2 positional arguments but 3 were given
2026-07-24 12:51:13,049 | ERROR    | WebsocketClient.on_message() takes 2 positional arguments but 3 were given
2026-07-24 12:51:14,060 | ERROR    | error from callback <bound method WebsocketClient.on_message of <iqoptionapi.ws.client.WebsocketClient object at 0x000002390FFC6C30>>: WebsocketClient.on_message() takes 2 positional arguments but 3 were given
2026-07-24 12:51:14,076 | ERROR    | WebsocketClient.on_message() takes 2 positional arguments but 3 were given
2026-07-24 12:51:15,054 | ERROR    | error from callback <bound method WebsocketClient.on_message of <iqoptionapi.ws.client.WebsocketClient object at 0x000002390FFC6C30>>: WebsocketClient.on_message() takes 2 positional arguments but 3 were given
2026-07-24 12:51:15,070 | ERROR    | WebsocketClient.on_message() takes 2 positional arguments but 3 were given
2026-07-24 12:51:16,083 | ERROR    | error from callback <bound method WebsocketClient.on_message of <iqoptionapi.ws.client.WebsocketClient object at 0x000002390FFC6C30>>: WebsocketClient.on_message() takes 2 positional arguments but 3 were given
2026-07-24 12:51:16,099 | ERROR    | WebsocketClient.on_message() takes 2 positional arguments but 3 were given
2026-07-24 12:51:17,073 | ERROR    | error from callback <bound method WebsocketClient.on_message of <iqoptionapi.ws.client.WebsocketClient object at 0x000002390FFC6C30>>: WebsocketClient.on_message() takes 2 positional arguments but 3 were given
2026-07-24 12:51:17,089 | ERROR    | WebsocketClient.on_message() takes 2 positional arguments but 3 were given
2026-07-24 12:51:18,102 | ERROR    | error from callback <bound method WebsocketClient.on_message of <iqoptionapi.ws.client.WebsocketClient object at 0x000002390FFC6C30>>: WebsocketClient.on_message() takes 2 positional arguments but 3 were given
2026-07-24 12:51:18,118 | ERROR    | WebsocketClient.on_message() takes 2 positional arguments but 3 were given
2026-07-24 12:51:19,087 | ERROR    | error from callback <bound method WebsocketClient.on_message of <iqoptionapi.ws.client.WebsocketClient object at 0x000002390FFC6C30>>: WebsocketClient.on_message() takes 2 positional arguments but 3 were given
2026-07-24 12:51:19,102 | ERROR    | WebsocketClient.on_message() takes 2 positional arguments but 3 were given
2026-07-24 12:51:20,124 | ERROR    | error from callback <bound method WebsocketClient.on_message of <iqoptionapi.ws.client.WebsocketClient object at 0x000002390FFC6C30>>: WebsocketClient.on_message() takes 2 positional arguments but 3 were given
2026-07-24 12:51:20,140 | ERROR    | WebsocketClient.on_message() takes 2 positional arguments but 3 were given
2026-07-24 12:51:21,112 | ERROR    | error from callback <bound method WebsocketClient.on_message of <iqoptionapi.ws.client.WebsocketClient object at 0x000002390FFC6C30>>: WebsocketClient.on_message() takes 2 positional arguments but 3 were given
2026-07-24 12:51:21,128 | ERROR    | WebsocketClient.on_message() takes 2 positional arguments but 3 were given
2026-07-24 12:51:22,125 | ERROR    | error from callback <bound method WebsocketClient.on_message of <iqoptionapi.ws.client.WebsocketClient object at 0x000002390FFC6C30>>: WebsocketClient.on_message() takes 2 positional arguments but 3 were given
2026-07-24 12:51:22,141 | ERROR    | WebsocketClient.on_message() takes 2 positional arguments but 3 were given
2026-07-24 12:51:23,128 | ERROR    | error from callback <bound method WebsocketClient.on_message of <iqoptionapi.ws.client.WebsocketClient object at 0x000002390FFC6C30>>: WebsocketClient.on_message() takes 2 positional arguments but 3 were given
2026-07-24 12:51:23,144 | ERROR    | WebsocketClient.on_message() takes 2 positional arguments but 3 were given
2026-07-24 12:51:24,145 | ERROR    | error from callback <bound method WebsocketClient.on_message of <iqoptionapi.ws.client.WebsocketClient object at 0x000002390FFC6C30>>: WebsocketClient.on_message() takes 2 positional arguments but 3 were given
2026-07-24 12:51:24,160 | ERROR    | WebsocketClient.on_message() takes 2 positional arguments but 3 were given
2026-07-24 12:51:25,159 | ERROR    | error from callback <bound method WebsocketClient.on_message of <iqoptionapi.ws.client.WebsocketClient object at 0x000002390FFC6C30>>: WebsocketClient.on_message() takes 2 positional arguments but 3 were given
2026-07-24 12:51:25,175 | ERROR    | WebsocketClient.on_message() takes 2 positional arguments but 3 were given
2026-07-24 12:51:26,169 | ERROR    | error from callback <bound method WebsocketClient.on_message of <iqoptionapi.ws.client.WebsocketClient object at 0x000002390FFC6C30>>: WebsocketClient.on_message() takes 2 positional arguments but 3 were given
2026-07-24 12:51:26,185 | ERROR    | WebsocketClient.on_message() takes 2 positional arguments but 3 were given
2026-07-24 12:51:27,178 | ERROR    | error from callback <bound method WebsocketClient.on_message of <iqoptionapi.ws.client.WebsocketClient object at 0x000002390FFC6C30>>: WebsocketClient.on_message() takes 2 positional arguments but 3 were given
2026-07-24 12:51:27,194 | ERROR    | WebsocketClient.on_message() takes 2 positional arguments but 3 were given
2026-07-24 12:51:28,193 | ERROR    | error from callback <bound method WebsocketClient.on_message of <iqoptionapi.ws.client.WebsocketClient object at 0x000002390FFC6C30>>: WebsocketClient.on_message() takes 2 positional arguments but 3 were given
2026-07-24 12:51:28,208 | ERROR    | WebsocketClient.on_message() takes 2 positional arguments but 3 were given
2026-07-24 12:51:29,190 | ERROR    | error from callback <bound method WebsocketClient.on_message of <iqoptionapi.ws.client.WebsocketClient object at 0x000002390FFC6C30>>: WebsocketClient.on_message() takes 2 positional arguments but 3 were given
2026-07-24 12:51:29,207 | ERROR    | WebsocketClient.on_message() takes 2 positional arguments but 3 were given
2026-07-24 12:51:30,196 | ERROR    | error from callback <bound method WebsocketClient.on_message of <iqoptionapi.ws.client.WebsocketClient object at 0x000002390FFC6C30>>: WebsocketClient.on_message() takes 2 positional arguments but 3 were given
2026-07-24 12:51:30,212 | ERROR    | WebsocketClient.on_message() takes 2 positional arguments but 3 were given
2026-07-24 12:51:31,219 | ERROR    | error from callback <bound method WebsocketClient.on_message of <iqoptionapi.ws.client.WebsocketClient object at 0x000002390FFC6C30>>: WebsocketClient.on_message() takes 2 positional arguments but 3 were given
2026-07-24 12:51:31,219 | ERROR    | WebsocketClient.on_message() takes 2 positional arguments but 3 were given
2026-07-24 12:51:32,222 | ERROR    | error from callback <bound method WebsocketClient.on_message of <iqoptionapi.ws.client.WebsocketClient object at 0x000002390FFC6C30>>: WebsocketClient.on_message() takes 2 positional arguments but 3 were given
2026-07-24 12:51:32,238 | ERROR    | WebsocketClient.on_message() takes 2 positional arguments but 3 were given
2026-07-24 12:51:33,237 | ERROR    | error from callback <bound method WebsocketClient.on_message of <iqoptionapi.ws.client.WebsocketClient object at 0x000002390FFC6C30>>: WebsocketClient.on_message() takes 2 positional arguments but 3 were given
2026-07-24 12:51:33,253 | ERROR    | WebsocketClient.on_message() takes 2 positional arguments but 3 were given
2026-07-24 12:51:34,238 | ERROR    | error from callback <bound method WebsocketClient.on_message of <iqoptionapi.ws.client.WebsocketClient object at 0x000002390FFC6C30>>: WebsocketClient.on_message() takes 2 positional arguments but 3 were given
2026-07-24 12:51:34,253 | ERROR    | WebsocketClient.on_message() takes 2 positional arguments but 3 were given
2026-07-24 12:51:35,256 | ERROR    | error from callback <bound method WebsocketClient.on_message of <iqoptionapi.ws.client.WebsocketClient object at 0x000002390FFC6C30>>: WebsocketClient.on_message() takes 2 positional arguments but 3 were given
2026-07-24 12:51:35,272 | ERROR    | WebsocketClient.on_message() takes 2 positional arguments but 3 were given
2026-07-24 12:51:36,254 | ERROR    | error from callback <bound method WebsocketClient.on_message of <iqoptionapi.ws.client.WebsocketClient object at 0x000002390FFC6C30>>: WebsocketClient.on_message() takes 2 positional arguments but 3 were given
2026-07-24 12:51:36,270 | ERROR    | WebsocketClient.on_message() takes 2 positional arguments but 3 were given
2026-07-24 12:51:37,289 | ERROR    | error from callback <bound method WebsocketClient.on_message of <iqoptionapi.ws.client.WebsocketClient object at 0x000002390FFC6C30>>: WebsocketClient.on_message() takes 2 positional arguments but 3 were given
2026-07-24 12:51:37,305 | ERROR    | WebsocketClient.on_message() takes 2 positional arguments but 3 were given
2026-07-24 12:51:38,303 | ERROR    | error from callback <bound method WebsocketClient.on_message of <iqoptionapi.ws.client.WebsocketClient object at 0x000002390FFC6C30>>: WebsocketClient.on_message() takes 2 positional arguments but 3 were given
2026-07-24 12:51:38,319 | ERROR    | WebsocketClient.on_message() takes 2 positional arguments but 3 were given
2026-07-24 12:51:39,299 | ERROR    | error from callback <bound method WebsocketClient.on_message of <iqoptionapi.ws.client.WebsocketClient object at 0x000002390FFC6C30>>: WebsocketClient.on_message() takes 2 positional arguments but 3 were given
2026-07-24 12:51:39,315 | ERROR    | WebsocketClient.on_message() takes 2 positional arguments but 3 were given
2026-07-24 12:51:40,312 | ERROR    | error from callback <bound method WebsocketClient.on_message of <iqoptionapi.ws.client.WebsocketClient object at 0x000002390FFC6C30>>: WebsocketClient.on_message() takes 2 positional arguments but 3 were given
2026-07-24 12:51:40,328 | ERROR    | WebsocketClient.on_message() takes 2 positional arguments but 3 were given
2026-07-24 12:51:41,317 | ERROR    | error from callback <bound method WebsocketClient.on_message of <iqoptionapi.ws.client.WebsocketClient object at 0x000002390FFC6C30>>: WebsocketClient.on_message() takes 2 positional arguments but 3 were given
2026-07-24 12:51:41,333 | ERROR    | WebsocketClient.on_message() takes 2 positional arguments but 3 were given
2026-07-24 12:51:42,302 | ERROR    | error from callback <bound method WebsocketClient.on_message of <iqoptionapi.ws.client.WebsocketClient object at 0x000002390FFC6C30>>: WebsocketClient.on_message() takes 2 positional arguments but 3 were given
2026-07-24 12:51:42,318 | ERROR    | WebsocketClient.on_message() takes 2 positional arguments but 3 were given
2026-07-24 12:51:43,352 | ERROR    | error from callback <bound method WebsocketClient.on_message of <iqoptionapi.ws.client.WebsocketClient object at 0x000002390FFC6C30>>: WebsocketClient.on_message() takes 2 positional arguments but 3 were given
2026-07-24 12:51:43,368 | ERROR    | WebsocketClient.on_message() takes 2 positional arguments but 3 were given
2026-07-24 12:51:44,340 | ERROR    | error from callback <bound method WebsocketClient.on_message of <iqoptionapi.ws.client.WebsocketClient object at 0x000002390FFC6C30>>: WebsocketClient.on_message() takes 2 positional arguments but 3 were given
2026-07-24 12:51:44,355 | ERROR    | WebsocketClient.on_message() takes 2 positional arguments but 3 were given
2026-07-24 12:51:45,354 | ERROR    | error from callback <bound method WebsocketClient.on_message of <iqoptionapi.ws.client.WebsocketClient object at 0x000002390FFC6C30>>: WebsocketClient.on_message() takes 2 positional arguments but 3 were given
2026-07-24 12:51:45,369 | ERROR    | WebsocketClient.on_message() takes 2 positional arguments but 3 were given
2026-07-24 12:51:46,372 | ERROR    | error from callback <bound method WebsocketClient.on_message of <iqoptionapi.ws.client.WebsocketClient object at 0x000002390FFC6C30>>: WebsocketClient.on_message() takes 2 positional arguments but 3 were given
2026-07-24 12:51:46,387 | ERROR    | WebsocketClient.on_message() takes 2 positional arguments but 3 were given
2026-07-24 12:51:47,376 | ERROR    | error from callback <bound method WebsocketClient.on_message of <iqoptionapi.ws.client.WebsocketClient object at 0x000002390FFC6C30>>: WebsocketClient.on_message() takes 2 positional arguments but 3 were given
2026-07-24 12:51:47,376 | ERROR    | WebsocketClient.on_message() takes 2 positional arguments but 3 were given
2026-07-24 12:51:48,384 | ERROR    | error from callback <bound method WebsocketClient.on_message of <iqoptionapi.ws.client.WebsocketClient object at 0x000002390FFC6C30>>: WebsocketClient.on_message() takes 2 positional arguments but 3 were given
2026-07-24 12:51:48,399 | ERROR    | WebsocketClient.on_message() takes 2 positional arguments but 3 were given
2026-07-24 12:51:49,402 | ERROR    | error from callback <bound method WebsocketClient.on_message of <iqoptionapi.ws.client.WebsocketClient object at 0x000002390FFC6C30>>: WebsocketClient.on_message() takes 2 positional arguments but 3 were given
2026-07-24 12:51:49,418 | ERROR    | WebsocketClient.on_message() takes 2 positional arguments but 3 were given
2026-07-24 12:51:50,385 | ERROR    | error from callback <bound method WebsocketClient.on_message of <iqoptionapi.ws.client.WebsocketClient object at 0x000002390FFC6C30>>: WebsocketClient.on_message() takes 2 positional arguments but 3 were given
2026-07-24 12:51:50,385 | ERROR    | WebsocketClient.on_message() takes 2 positional arguments but 3 were given
2026-07-24 12:51:51,411 | ERROR    | error from callback <bound method WebsocketClient.on_message of <iqoptionapi.ws.client.WebsocketClient object at 0x000002390FFC6C30>>: WebsocketClient.on_message() takes 2 positional arguments but 3 were given
2026-07-24 12:51:51,426 | ERROR    | WebsocketClient.on_message() takes 2 positional arguments but 3 were given
2026-07-24 12:51:52,427 | ERROR    | error from callback <bound method WebsocketClient.on_message of <iqoptionapi.ws.client.WebsocketClient object at 0x000002390FFC6C30>>: WebsocketClient.on_message() takes 2 positional arguments but 3 were given
2026-07-24 12:51:52,443 | ERROR    | WebsocketClient.on_message() takes 2 positional arguments but 3 were given
2026-07-24 12:51:53,450 | ERROR    | error from callback <bound method WebsocketClient.on_message of <iqoptionapi.ws.client.WebsocketClient object at 0x000002390FFC6C30>>: WebsocketClient.on_message() takes 2 positional arguments but 3 were given
2026-07-24 12:51:53,465 | ERROR    | WebsocketClient.on_message() takes 2 positional arguments but 3 were given
2026-07-24 12:51:54,440 | ERROR    | error from callback <bound method WebsocketClient.on_message of <iqoptionapi.ws.client.WebsocketClient object at 0x000002390FFC6C30>>: WebsocketClient.on_message() takes 2 positional arguments but 3 were given
2026-07-24 12:51:54,456 | ERROR    | WebsocketClient.on_message() takes 2 positional arguments but 3 were given
2026-07-24 12:51:55,456 | ERROR    | error from callback <bound method WebsocketClient.on_message of <iqoptionapi.ws.client.WebsocketClient object at 0x000002390FFC6C30>>: WebsocketClient.on_message() takes 2 positional arguments but 3 were given
2026-07-24 12:51:55,472 | ERROR    | WebsocketClient.on_message() takes 2 positional arguments but 3 were given
2026-07-24 12:51:56,471 | ERROR    | error from callback <bound method WebsocketClient.on_message of <iqoptionapi.ws.client.WebsocketClient object at 0x000002390FFC6C30>>: WebsocketClient.on_message() takes 2 positional arguments but 3 were given
2026-07-24 12:51:56,487 | ERROR    | WebsocketClient.on_message() takes 2 positional arguments but 3 were given
2026-07-24 12:51:57,486 | ERROR    | error from callback <bound method WebsocketClient.on_message of <iqoptionapi.ws.client.WebsocketClient object at 0x000002390FFC6C30>>: WebsocketClient.on_message() takes 2 positional arguments but 3 were given
2026-07-24 12:51:57,502 | ERROR    | WebsocketClient.on_message() takes 2 positional arguments but 3 were given
2026-07-24 12:51:58,509 | ERROR    | error from callback <bound method WebsocketClient.on_message of <iqoptionapi.ws.client.WebsocketClient object at 0x000002390FFC6C30>>: WebsocketClient.on_message() takes 2 positional arguments but 3 were given
2026-07-24 12:51:58,524 | ERROR    | WebsocketClient.on_message() takes 2 positional arguments but 3 were given
2026-07-24 12:51:59,486 | ERROR    | error from callback <bound method WebsocketClient.on_message of <iqoptionapi.ws.client.WebsocketClient object at 0x000002390FFC6C30>>: WebsocketClient.on_message() takes 2 positional arguments but 3 were given
2026-07-24 12:51:59,502 | ERROR    | WebsocketClient.on_message() takes 2 positional arguments but 3 were given
2026-07-24 12:52:00,508 | ERROR    | error from callback <bound method WebsocketClient.on_message of <iqoptionapi.ws.client.WebsocketClient object at 0x000002390FFC6C30>>: WebsocketClient.on_message() takes 2 positional arguments but 3 were given
2026-07-24 12:52:00,524 | ERROR    | WebsocketClient.on_message() takes 2 positional arguments but 3 were given
2026-07-24 12:52:01,521 | ERROR    | error from callback <bound method WebsocketClient.on_message of <iqoptionapi.ws.client.WebsocketClient object at 0x000002390FFC6C30>>: WebsocketClient.on_message() takes 2 positional arguments but 3 were given
2026-07-24 12:52:01,537 | ERROR    | WebsocketClient.on_message() takes 2 positional arguments but 3 were given
2026-07-24 12:52:02,540 | ERROR    | error from callback <bound method WebsocketClient.on_message of <iqoptionapi.ws.client.WebsocketClient object at 0x000002390FFC6C30>>: WebsocketClient.on_message() takes 2 positional arguments but 3 were given
2026-07-24 12:52:02,556 | ERROR    | WebsocketClient.on_message() takes 2 positional arguments but 3 were given
2026-07-24 12:52:03,529 | ERROR    | error from callback <bound method WebsocketClient.on_message of <iqoptionapi.ws.client.WebsocketClient object at 0x000002390FFC6C30>>: WebsocketClient.on_message() takes 2 positional arguments but 3 were given
2026-07-24 12:52:03,546 | ERROR    | WebsocketClient.on_message() takes 2 positional arguments but 3 were given
2026-07-24 12:52:04,546 | ERROR    | error from callback <bound method WebsocketClient.on_message of <iqoptionapi.ws.client.WebsocketClient object at 0x000002390FFC6C30>>: WebsocketClient.on_message() takes 2 positional arguments but 3 were given
2026-07-24 12:52:04,561 | ERROR    | WebsocketClient.on_message() takes 2 positional arguments but 3 were given
2026-07-24 12:52:05,548 | ERROR    | error from callback <bound method WebsocketClient.on_message of <iqoptionapi.ws.client.WebsocketClient object at 0x000002390FFC6C30>>: WebsocketClient.on_message() takes 2 positional arguments but 3 were given
2026-07-24 12:52:05,564 | ERROR    | WebsocketClient.on_message() takes 2 positional arguments but 3 were given
2026-07-24 12:52:06,559 | ERROR    | error from callback <bound method WebsocketClient.on_message of <iqoptionapi.ws.client.WebsocketClient object at 0x000002390FFC6C30>>: WebsocketClient.on_message() takes 2 positional arguments but 3 were given
2026-07-24 12:52:06,575 | ERROR    | WebsocketClient.on_message() takes 2 positional arguments but 3 were given
2026-07-24 12:52:07,567 | ERROR    | error from callback <bound method WebsocketClient.on_message of <iqoptionapi.ws.client.WebsocketClient object at 0x000002390FFC6C30>>: WebsocketClient.on_message() takes 2 positional arguments but 3 were given
2026-07-24 12:52:07,583 | ERROR    | WebsocketClient.on_message() takes 2 positional arguments but 3 were given
2026-07-24 12:52:08,596 | ERROR    | error from callback <bound method WebsocketClient.on_message of <iqoptionapi.ws.client.WebsocketClient object at 0x000002390FFC6C30>>: WebsocketClient.on_message() takes 2 positional arguments but 3 were given
2026-07-24 12:52:08,612 | ERROR    | WebsocketClient.on_message() takes 2 positional arguments but 3 were given
2026-07-24 12:52:09,599 | ERROR    | error from callback <bound method WebsocketClient.on_message of <iqoptionapi.ws.client.WebsocketClient object at 0x000002390FFC6C30>>: WebsocketClient.on_message() takes 2 positional arguments but 3 were given
2026-07-24 12:52:09,615 | ERROR    | WebsocketClient.on_message() takes 2 positional arguments but 3 were given
2026-07-24 12:52:10,602 | ERROR    | error from callback <bound method WebsocketClient.on_message of <iqoptionapi.ws.client.WebsocketClient object at 0x000002390FFC6C30>>: WebsocketClient.on_message() takes 2 positional arguments but 3 were given
2026-07-24 12:52:10,617 | ERROR    | WebsocketClient.on_message() takes 2 positional arguments but 3 were given
2026-07-24 12:52:11,616 | ERROR    | error from callback <bound method WebsocketClient.on_message of <iqoptionapi.ws.client.WebsocketClient object at 0x000002390FFC6C30>>: WebsocketClient.on_message() takes 2 positional arguments but 3 were given
2026-07-24 12:52:11,632 | ERROR    | WebsocketClient.on_message() takes 2 positional arguments but 3 were given
2026-07-24 12:52:12,633 | ERROR    | error from callback <bound method WebsocketClient.on_message of <iqoptionapi.ws.client.WebsocketClient object at 0x000002390FFC6C30>>: WebsocketClient.on_message() takes 2 positional arguments but 3 were given
2026-07-24 12:52:12,649 | ERROR    | WebsocketClient.on_message() takes 2 positional arguments but 3 were given
2026-07-24 12:52:13,635 | ERROR    | error from callback <bound method WebsocketClient.on_message of <iqoptionapi.ws.client.WebsocketClient object at 0x000002390FFC6C30>>: WebsocketClient.on_message() takes 2 positional arguments but 3 were given
2026-07-24 12:52:13,652 | ERROR    | WebsocketClient.on_message() takes 2 positional arguments but 3 were given
2026-07-24 12:52:14,640 | ERROR    | error from callback <bound method WebsocketClient.on_message of <iqoptionapi.ws.client.WebsocketClient object at 0x000002390FFC6C30>>: WebsocketClient.on_message() takes 2 positional arguments but 3 were given
2026-07-24 12:52:14,655 | ERROR    | WebsocketClient.on_message() takes 2 positional arguments but 3 were given
2026-07-24 12:52:15,641 | ERROR    | error from callback <bound method WebsocketClient.on_message of <iqoptionapi.ws.client.WebsocketClient object at 0x000002390FFC6C30>>: WebsocketClient.on_message() takes 2 positional arguments but 3 were given
2026-07-24 12:52:15,657 | ERROR    | WebsocketClient.on_message() takes 2 positional arguments but 3 were given
2026-07-24 12:52:16,656 | ERROR    | error from callback <bound method WebsocketClient.on_message of <iqoptionapi.ws.client.WebsocketClient object at 0x000002390FFC6C30>>: WebsocketClient.on_message() takes 2 positional arguments but 3 were given
2026-07-24 12:52:16,672 | ERROR    | WebsocketClient.on_message() takes 2 positional arguments but 3 were given
2026-07-24 12:52:17,666 | ERROR    | error from callback <bound method WebsocketClient.on_message of <iqoptionapi.ws.client.WebsocketClient object at 0x000002390FFC6C30>>: WebsocketClient.on_message() takes 2 positional arguments but 3 were given
2026-07-24 12:52:17,682 | ERROR    | WebsocketClient.on_message() takes 2 positional arguments but 3 were given
2026-07-24 12:52:18,694 | ERROR    | error from callback <bound method WebsocketClient.on_message of <iqoptionapi.ws.client.WebsocketClient object at 0x000002390FFC6C30>>: WebsocketClient.on_message() takes 2 positional arguments but 3 were given
2026-07-24 12:52:18,710 | ERROR    | WebsocketClient.on_message() takes 2 positional arguments but 3 were given
2026-07-24 12:52:19,692 | ERROR    | error from callback <bound method WebsocketClient.on_message of <iqoptionapi.ws.client.WebsocketClient object at 0x000002390FFC6C30>>: WebsocketClient.on_message() takes 2 positional arguments but 3 were given
2026-07-24 12:52:19,707 | ERROR    | WebsocketClient.on_message() takes 2 positional arguments but 3 were given
2026-07-24 12:52:20,704 | ERROR    | error from callback <bound method WebsocketClient.on_message of <iqoptionapi.ws.client.WebsocketClient object at 0x000002390FFC6C30>>: WebsocketClient.on_message() takes 2 positional arguments but 3 were given
2026-07-24 12:52:20,720 | ERROR    | WebsocketClient.on_message() takes 2 positional arguments but 3 were given
2026-07-24 12:52:21,704 | ERROR    | error from callback <bound method WebsocketClient.on_message of <iqoptionapi.ws.client.WebsocketClient object at 0x000002390FFC6C30>>: WebsocketClient.on_message() takes 2 positional arguments but 3 were given
2026-07-24 12:52:21,720 | ERROR    | WebsocketClient.on_message() takes 2 positional arguments but 3 were given
2026-07-24 12:52:22,706 | ERROR    | error from callback <bound method WebsocketClient.on_message of <iqoptionapi.ws.client.WebsocketClient object at 0x000002390FFC6C30>>: WebsocketClient.on_message() takes 2 positional arguments but 3 were given
2026-07-24 12:52:22,722 | ERROR    | WebsocketClient.on_message() takes 2 positional arguments but 3 were given
2026-07-24 12:52:23,722 | ERROR    | error from callback <bound method WebsocketClient.on_message of <iqoptionapi.ws.client.WebsocketClient object at 0x000002390FFC6C30>>: WebsocketClient.on_message() takes 2 positional arguments but 3 were given
2026-07-24 12:52:23,738 | ERROR    | WebsocketClient.on_message() takes 2 positional arguments but 3 were given
2026-07-24 12:52:24,734 | ERROR    | error from callback <bound method WebsocketClient.on_message of <iqoptionapi.ws.client.WebsocketClient object at 0x000002390FFC6C30>>: WebsocketClient.on_message() takes 2 positional arguments but 3 were given
2026-07-24 12:52:24,749 | ERROR    | WebsocketClient.on_message() takes 2 positional arguments but 3 were given
2026-07-24 12:52:25,742 | ERROR    | error from callback <bound method WebsocketClient.on_message of <iqoptionapi.ws.client.WebsocketClient object at 0x000002390FFC6C30>>: WebsocketClient.on_message() takes 2 positional arguments but 3 were given
2026-07-24 12:52:25,757 | ERROR    | WebsocketClient.on_message() takes 2 positional arguments but 3 were given
2026-07-24 12:52:26,748 | ERROR    | error from callback <bound method WebsocketClient.on_message of <iqoptionapi.ws.client.WebsocketClient object at 0x000002390FFC6C30>>: WebsocketClient.on_message() takes 2 positional arguments but 3 were given
2026-07-24 12:52:26,764 | ERROR    | WebsocketClient.on_message() takes 2 positional arguments but 3 were given
2026-07-24 12:52:27,767 | ERROR    | error from callback <bound method WebsocketClient.on_message of <iqoptionapi.ws.client.WebsocketClient object at 0x000002390FFC6C30>>: WebsocketClient.on_message() takes 2 positional arguments but 3 were given
2026-07-24 12:52:27,783 | ERROR    | WebsocketClient.on_message() takes 2 positional arguments but 3 were given
2026-07-24 12:52:28,781 | ERROR    | error from callback <bound method WebsocketClient.on_message of <iqoptionapi.ws.client.WebsocketClient object at 0x000002390FFC6C30>>: WebsocketClient.on_message() takes 2 positional arguments but 3 were given
2026-07-24 12:52:28,797 | ERROR    | WebsocketClient.on_message() takes 2 positional arguments but 3 were given
2026-07-24 12:52:29,785 | ERROR    | error from callback <bound method WebsocketClient.on_message of <iqoptionapi.ws.client.WebsocketClient object at 0x000002390FFC6C30>>: WebsocketClient.on_message() takes 2 positional arguments but 3 were given
2026-07-24 12:52:29,801 | ERROR    | WebsocketClient.on_message() takes 2 positional arguments but 3 were given
2026-07-24 12:52:30,789 | ERROR    | error from callback <bound method WebsocketClient.on_message of <iqoptionapi.ws.client.WebsocketClient object at 0x000002390FFC6C30>>: WebsocketClient.on_message() takes 2 positional arguments but 3 were given
2026-07-24 12:52:30,805 | ERROR    | WebsocketClient.on_message() takes 2 positional arguments but 3 were given
2026-07-24 12:52:31,814 | ERROR    | error from callback <bound method WebsocketClient.on_message of <iqoptionapi.ws.client.WebsocketClient object at 0x000002390FFC6C30>>: WebsocketClient.on_message() takes 2 positional arguments but 3 were given
2026-07-24 12:52:31,829 | ERROR    | WebsocketClient.on_message() takes 2 positional arguments but 3 were given
2026-07-24 12:52:32,828 | ERROR    | error from callback <bound method WebsocketClient.on_message of <iqoptionapi.ws.client.WebsocketClient object at 0x000002390FFC6C30>>: WebsocketClient.on_message() takes 2 positional arguments but 3 were given
2026-07-24 12:52:32,844 | ERROR    | WebsocketClient.on_message() takes 2 positional arguments but 3 were given
2026-07-24 12:52:33,827 | ERROR    | error from callback <bound method WebsocketClient.on_message of <iqoptionapi.ws.client.WebsocketClient object at 0x000002390FFC6C30>>: WebsocketClient.on_message() takes 2 positional arguments but 3 were given
2026-07-24 12:52:33,843 | ERROR    | WebsocketClient.on_message() takes 2 positional arguments but 3 were given
2026-07-24 12:52:34,841 | ERROR    | error from callback <bound method WebsocketClient.on_message of <iqoptionapi.ws.client.WebsocketClient object at 0x000002390FFC6C30>>: WebsocketClient.on_message() takes 2 positional arguments but 3 were given
2026-07-24 12:52:34,857 | ERROR    | WebsocketClient.on_message() takes 2 positional arguments but 3 were given
2026-07-24 12:52:35,844 | ERROR    | error from callback <bound method WebsocketClient.on_message of <iqoptionapi.ws.client.WebsocketClient object at 0x000002390FFC6C30>>: WebsocketClient.on_message() takes 2 positional arguments but 3 were given
2026-07-24 12:52:35,860 | ERROR    | WebsocketClient.on_message() takes 2 positional arguments but 3 were given
2026-07-24 12:52:36,859 | ERROR    | error from callback <bound method WebsocketClient.on_message of <iqoptionapi.ws.client.WebsocketClient object at 0x000002390FFC6C30>>: WebsocketClient.on_message() takes 2 positional arguments but 3 were given
2026-07-24 12:52:36,875 | ERROR    | WebsocketClient.on_message() takes 2 positional arguments but 3 were given
2026-07-24 12:52:37,864 | ERROR    | error from callback <bound method WebsocketClient.on_message of <iqoptionapi.ws.client.WebsocketClient object at 0x000002390FFC6C30>>: WebsocketClient.on_message() takes 2 positional arguments but 3 were given
2026-07-24 12:52:37,879 | ERROR    | WebsocketClient.on_message() takes 2 positional arguments but 3 were given
2026-07-24 12:52:38,885 | ERROR    | error from callback <bound method WebsocketClient.on_message of <iqoptionapi.ws.client.WebsocketClient object at 0x000002390FFC6C30>>: WebsocketClient.on_message() takes 2 positional arguments but 3 were given
2026-07-24 12:52:38,900 | ERROR    | WebsocketClient.on_message() takes 2 positional arguments but 3 were given
2026-07-24 12:52:39,903 | ERROR    | error from callback <bound method WebsocketClient.on_message of <iqoptionapi.ws.client.WebsocketClient object at 0x000002390FFC6C30>>: WebsocketClient.on_message() takes 2 positional arguments but 3 were given
2026-07-24 12:52:39,918 | ERROR    | WebsocketClient.on_message() takes 2 positional arguments but 3 were given
2026-07-24 12:52:40,902 | ERROR    | error from callback <bound method WebsocketClient.on_message of <iqoptionapi.ws.client.WebsocketClient object at 0x000002390FFC6C30>>: WebsocketClient.on_message() takes 2 positional arguments but 3 were given
2026-07-24 12:52:40,917 | ERROR    | WebsocketClient.on_message() takes 2 positional arguments but 3 were given
2026-07-24 12:52:41,901 | ERROR    | error from callback <bound method WebsocketClient.on_message of <iqoptionapi.ws.client.WebsocketClient object at 0x000002390FFC6C30>>: WebsocketClient.on_message() takes 2 positional arguments but 3 were given
2026-07-24 12:52:41,916 | ERROR    | WebsocketClient.on_message() takes 2 positional arguments but 3 were given
2026-07-24 12:52:42,924 | ERROR    | error from callback <bound method WebsocketClient.on_message of <iqoptionapi.ws.client.WebsocketClient object at 0x000002390FFC6C30>>: WebsocketClient.on_message() takes 2 positional arguments but 3 were given
2026-07-24 12:52:42,939 | ERROR    | WebsocketClient.on_message() takes 2 positional arguments but 3 were given
2026-07-24 12:52:43,929 | ERROR    | error from callback <bound method WebsocketClient.on_message of <iqoptionapi.ws.client.WebsocketClient object at 0x000002390FFC6C30>>: WebsocketClient.on_message() takes 2 positional arguments but 3 were given
2026-07-24 12:52:43,945 | ERROR    | WebsocketClient.on_message() takes 2 positional arguments but 3 were given
2026-07-24 12:52:44,933 | ERROR    | error from callback <bound method WebsocketClient.on_message of <iqoptionapi.ws.client.WebsocketClient object at 0x000002390FFC6C30>>: WebsocketClient.on_message() takes 2 positional arguments but 3 were given
2026-07-24 12:52:44,948 | ERROR    | WebsocketClient.on_message() takes 2 positional arguments but 3 were given
2026-07-24 12:52:45,951 | ERROR    | error from callback <bound method WebsocketClient.on_message of <iqoptionapi.ws.client.WebsocketClient object at 0x000002390FFC6C30>>: WebsocketClient.on_message() takes 2 positional arguments but 3 were given
2026-07-24 12:52:45,967 | ERROR    | WebsocketClient.on_message() takes 2 positional arguments but 3 were given
2026-07-24 12:52:46,980 | ERROR    | error from callback <bound method WebsocketClient.on_message of <iqoptionapi.ws.client.WebsocketClient object at 0x000002390FFC6C30>>: WebsocketClient.on_message() takes 2 positional arguments but 3 were given
2026-07-24 12:52:46,995 | ERROR    | WebsocketClient.on_message() takes 2 positional arguments but 3 were given
2026-07-24 12:52:47,965 | ERROR    | error from callback <bound method WebsocketClient.on_message of <iqoptionapi.ws.client.WebsocketClient object at 0x000002390FFC6C30>>: WebsocketClient.on_message() takes 2 positional arguments but 3 were given
2026-07-24 12:52:47,982 | ERROR    | WebsocketClient.on_message() takes 2 positional arguments but 3 were given
2026-07-24 12:52:48,985 | ERROR    | error from callback <bound method WebsocketClient.on_message of <iqoptionapi.ws.client.WebsocketClient object at 0x000002390FFC6C30>>: WebsocketClient.on_message() takes 2 positional arguments but 3 were given
2026-07-24 12:52:49,001 | ERROR    | WebsocketClient.on_message() takes 2 positional arguments but 3 were given
2026-07-24 12:52:49,986 | ERROR    | error from callback <bound method WebsocketClient.on_message of <iqoptionapi.ws.client.WebsocketClient object at 0x000002390FFC6C30>>: WebsocketClient.on_message() takes 2 positional arguments but 3 were given
2026-07-24 12:52:50,001 | ERROR    | WebsocketClient.on_message() takes 2 positional arguments but 3 were given
2026-07-24 12:52:51,002 | ERROR    | error from callback <bound method WebsocketClient.on_message of <iqoptionapi.ws.client.WebsocketClient object at 0x000002390FFC6C30>>: WebsocketClient.on_message() takes 2 positional arguments but 3 were given
2026-07-24 12:52:51,017 | ERROR    | WebsocketClient.on_message() takes 2 positional arguments but 3 were given
2026-07-24 12:52:52,005 | ERROR    | error from callback <bound method WebsocketClient.on_message of <iqoptionapi.ws.client.WebsocketClient object at 0x000002390FFC6C30>>: WebsocketClient.on_message() takes 2 positional arguments but 3 were given
2026-07-24 12:52:52,020 | ERROR    | WebsocketClient.on_message() takes 2 positional arguments but 3 were given
2026-07-24 12:52:53,014 | ERROR    | error from callback <bound method WebsocketClient.on_message of <iqoptionapi.ws.client.WebsocketClient object at 0x000002390FFC6C30>>: WebsocketClient.on_message() takes 2 positional arguments but 3 were given
2026-07-24 12:52:53,029 | ERROR    | WebsocketClient.on_message() takes 2 positional arguments but 3 were given
2026-07-24 12:52:54,026 | ERROR    | error from callback <bound method WebsocketClient.on_message of <iqoptionapi.ws.client.WebsocketClient object at 0x000002390FFC6C30>>: WebsocketClient.on_message() takes 2 positional arguments but 3 were given
2026-07-24 12:52:54,042 | ERROR    | WebsocketClient.on_message() takes 2 positional arguments but 3 were given
2026-07-24 12:52:55,059 | ERROR    | error from callback <bound method WebsocketClient.on_message of <iqoptionapi.ws.client.WebsocketClient object at 0x000002390FFC6C30>>: WebsocketClient.on_message() takes 2 positional arguments but 3 were given
2026-07-24 12:52:55,075 | ERROR    | WebsocketClient.on_message() takes 2 positional arguments but 3 were given
2026-07-24 12:52:56,047 | ERROR    | error from callback <bound method WebsocketClient.on_message of <iqoptionapi.ws.client.WebsocketClient object at 0x000002390FFC6C30>>: WebsocketClient.on_message() takes 2 positional arguments but 3 were given
2026-07-24 12:52:56,063 | ERROR    | WebsocketClient.on_message() takes 2 positional arguments but 3 were given
2026-07-24 12:52:57,049 | ERROR    | error from callback <bound method WebsocketClient.on_message of <iqoptionapi.ws.client.WebsocketClient object at 0x000002390FFC6C30>>: WebsocketClient.on_message() takes 2 positional arguments but 3 were given
2026-07-24 12:52:57,065 | ERROR    | WebsocketClient.on_message() takes 2 positional arguments but 3 were given
2026-07-24 12:52:58,083 | ERROR    | error from callback <bound method WebsocketClient.on_message of <iqoptionapi.ws.client.WebsocketClient object at 0x000002390FFC6C30>>: WebsocketClient.on_message() takes 2 positional arguments but 3 were given
2026-07-24 12:52:58,099 | ERROR    | WebsocketClient.on_message() takes 2 positional arguments but 3 were given
2026-07-24 12:52:59,071 | ERROR    | error from callback <bound method WebsocketClient.on_message of <iqoptionapi.ws.client.WebsocketClient object at 0x000002390FFC6C30>>: WebsocketClient.on_message() takes 2 positional arguments but 3 were given
2026-07-24 12:52:59,086 | ERROR    | WebsocketClient.on_message() takes 2 positional arguments but 3 were given
2026-07-24 12:53:00,082 | ERROR    | error from callback <bound method WebsocketClient.on_message of <iqoptionapi.ws.client.WebsocketClient object at 0x000002390FFC6C30>>: WebsocketClient.on_message() takes 2 positional arguments but 3 were given
2026-07-24 12:53:00,098 | ERROR    | WebsocketClient.on_message() takes 2 positional arguments but 3 were given
2026-07-24 12:53:01,105 | ERROR    | error from callback <bound method WebsocketClient.on_message of <iqoptionapi.ws.client.WebsocketClient object at 0x000002390FFC6C30>>: WebsocketClient.on_message() takes 2 positional arguments but 3 were given
2026-07-24 12:53:01,121 | ERROR    | WebsocketClient.on_message() takes 2 positional arguments but 3 were given
2026-07-24 12:53:02,100 | ERROR    | error from callback <bound method WebsocketClient.on_message of <iqoptionapi.ws.client.WebsocketClient object at 0x000002390FFC6C30>>: WebsocketClient.on_message() takes 2 positional arguments but 3 were given
2026-07-24 12:53:02,116 | ERROR    | WebsocketClient.on_message() takes 2 positional arguments but 3 were given
2026-07-24 12:53:03,117 | ERROR    | error from callback <bound method WebsocketClient.on_message of <iqoptionapi.ws.client.WebsocketClient object at 0x000002390FFC6C30>>: WebsocketClient.on_message() takes 2 positional arguments but 3 were given
2026-07-24 12:53:03,132 | ERROR    | WebsocketClient.on_message() takes 2 positional arguments but 3 were given
2026-07-24 12:53:04,118 | ERROR    | error from callback <bound method WebsocketClient.on_message of <iqoptionapi.ws.client.WebsocketClient object at 0x000002390FFC6C30>>: WebsocketClient.on_message() takes 2 positional arguments but 3 were given
2026-07-24 12:53:04,134 | ERROR    | WebsocketClient.on_message() takes 2 positional arguments but 3 were given
2026-07-24 12:53:05,135 | ERROR    | error from callback <bound method WebsocketClient.on_message of <iqoptionapi.ws.client.WebsocketClient object at 0x000002390FFC6C30>>: WebsocketClient.on_message() takes 2 positional arguments but 3 were given
2026-07-24 12:53:05,151 | ERROR    | WebsocketClient.on_message() takes 2 positional arguments but 3 were given
2026-07-24 12:53:06,146 | ERROR    | error from callback <bound method WebsocketClient.on_message of <iqoptionapi.ws.client.WebsocketClient object at 0x000002390FFC6C30>>: WebsocketClient.on_message() takes 2 positional arguments but 3 were given
2026-07-24 12:53:06,161 | ERROR    | WebsocketClient.on_message() takes 2 positional arguments but 3 were given
2026-07-24 12:53:07,169 | ERROR    | error from callback <bound method WebsocketClient.on_message of <iqoptionapi.ws.client.WebsocketClient object at 0x000002390FFC6C30>>: WebsocketClient.on_message() takes 2 positional arguments but 3 were given
2026-07-24 12:53:07,185 | ERROR    | WebsocketClient.on_message() takes 2 positional arguments but 3 were given
2026-07-24 12:53:08,157 | ERROR    | error from callback <bound method WebsocketClient.on_message of <iqoptionapi.ws.client.WebsocketClient object at 0x000002390FFC6C30>>: WebsocketClient.on_message() takes 2 positional arguments but 3 were given
2026-07-24 12:53:08,157 | ERROR    | WebsocketClient.on_message() takes 2 positional arguments but 3 were given
2026-07-24 12:53:09,181 | ERROR    | error from callback <bound method WebsocketClient.on_message of <iqoptionapi.ws.client.WebsocketClient object at 0x000002390FFC6C30>>: WebsocketClient.on_message() takes 2 positional arguments but 3 were given
2026-07-24 12:53:09,196 | ERROR    | WebsocketClient.on_message() takes 2 positional arguments but 3 were given
2026-07-24 12:53:10,185 | ERROR    | error from callback <bound method WebsocketClient.on_message of <iqoptionapi.ws.client.WebsocketClient object at 0x000002390FFC6C30>>: WebsocketClient.on_message() takes 2 positional arguments but 3 were given
2026-07-24 12:53:10,201 | ERROR    | WebsocketClient.on_message() takes 2 positional arguments but 3 were given
2026-07-24 12:53:11,192 | ERROR    | error from callback <bound method WebsocketClient.on_message of <iqoptionapi.ws.client.WebsocketClient object at 0x000002390FFC6C30>>: WebsocketClient.on_message() takes 2 positional arguments but 3 were given
2026-07-24 12:53:11,208 | ERROR    | WebsocketClient.on_message() takes 2 positional arguments but 3 were given
2026-07-24 12:53:12,192 | ERROR    | error from callback <bound method WebsocketClient.on_message of <iqoptionapi.ws.client.WebsocketClient object at 0x000002390FFC6C30>>: WebsocketClient.on_message() takes 2 positional arguments but 3 were given
2026-07-24 12:53:12,207 | ERROR    | WebsocketClient.on_message() takes 2 positional arguments but 3 were given
2026-07-24 12:53:13,228 | ERROR    | error from callback <bound method WebsocketClient.on_message of <iqoptionapi.ws.client.WebsocketClient object at 0x000002390FFC6C30>>: WebsocketClient.on_message() takes 2 positional arguments but 3 were given
2026-07-24 12:53:13,244 | ERROR    | WebsocketClient.on_message() takes 2 positional arguments but 3 were given
2026-07-24 12:53:14,219 | ERROR    | error from callback <bound method WebsocketClient.on_message of <iqoptionapi.ws.client.WebsocketClient object at 0x000002390FFC6C30>>: WebsocketClient.on_message() takes 2 positional arguments but 3 were given
2026-07-24 12:53:14,219 | ERROR    | WebsocketClient.on_message() takes 2 positional arguments but 3 were given
2026-07-24 12:53:15,234 | ERROR    | error from callback <bound method WebsocketClient.on_message of <iqoptionapi.ws.client.WebsocketClient object at 0x000002390FFC6C30>>: WebsocketClient.on_message() takes 2 positional arguments but 3 were given
2026-07-24 12:53:15,249 | ERROR    | WebsocketClient.on_message() takes 2 positional arguments but 3 were given
2026-07-24 12:53:16,233 | ERROR    | error from callback <bound method WebsocketClient.on_message of <iqoptionapi.ws.client.WebsocketClient object at 0x000002390FFC6C30>>: WebsocketClient.on_message() takes 2 positional arguments but 3 were given
2026-07-24 12:53:16,249 | ERROR    | WebsocketClient.on_message() takes 2 positional arguments but 3 were given
2026-07-24 12:53:17,242 | ERROR    | error from callback <bound method WebsocketClient.on_message of <iqoptionapi.ws.client.WebsocketClient object at 0x000002390FFC6C30>>: WebsocketClient.on_message() takes 2 positional arguments but 3 were given
2026-07-24 12:53:17,258 | ERROR    | WebsocketClient.on_message() takes 2 positional arguments but 3 were given
2026-07-24 12:53:18,260 | ERROR    | error from callback <bound method WebsocketClient.on_message of <iqoptionapi.ws.client.WebsocketClient object at 0x000002390FFC6C30>>: WebsocketClient.on_message() takes 2 positional arguments but 3 were given
2026-07-24 12:53:18,275 | ERROR    | WebsocketClient.on_message() takes 2 positional arguments but 3 were given
2026-07-24 12:53:19,264 | ERROR    | error from callback <bound method WebsocketClient.on_message of <iqoptionapi.ws.client.WebsocketClient object at 0x000002390FFC6C30>>: WebsocketClient.on_message() takes 2 positional arguments but 3 were given
2026-07-24 12:53:19,280 | ERROR    | WebsocketClient.on_message() takes 2 positional arguments but 3 were given
2026-07-24 12:53:20,268 | ERROR    | error from callback <bound method WebsocketClient.on_message of <iqoptionapi.ws.client.WebsocketClient object at 0x000002390FFC6C30>>: WebsocketClient.on_message() takes 2 positional arguments but 3 were given
2026-07-24 12:53:20,284 | ERROR    | WebsocketClient.on_message() takes 2 positional arguments but 3 were given
2026-07-24 12:53:21,286 | ERROR    | error from callback <bound method WebsocketClient.on_message of <iqoptionapi.ws.client.WebsocketClient object at 0x000002390FFC6C30>>: WebsocketClient.on_message() takes 2 positional arguments but 3 were given
2026-07-24 12:53:21,301 | ERROR    | WebsocketClient.on_message() takes 2 positional arguments but 3 were given
2026-07-24 12:53:22,300 | ERROR    | error from callback <bound method WebsocketClient.on_message of <iqoptionapi.ws.client.WebsocketClient object at 0x000002390FFC6C30>>: WebsocketClient.on_message() takes 2 positional arguments but 3 were given
2026-07-24 12:53:22,315 | ERROR    | WebsocketClient.on_message() takes 2 positional arguments but 3 were given
2026-07-24 12:53:23,306 | ERROR    | error from callback <bound method WebsocketClient.on_message of <iqoptionapi.ws.client.WebsocketClient object at 0x000002390FFC6C30>>: WebsocketClient.on_message() takes 2 positional arguments but 3 were given
2026-07-24 12:53:23,322 | ERROR    | WebsocketClient.on_message() takes 2 positional arguments but 3 were given
2026-07-24 12:53:24,336 | ERROR    | error from callback <bound method WebsocketClient.on_message of <iqoptionapi.ws.client.WebsocketClient object at 0x000002390FFC6C30>>: WebsocketClient.on_message() takes 2 positional arguments but 3 were given
2026-07-24 12:53:24,336 | ERROR    | WebsocketClient.on_message() takes 2 positional arguments but 3 were given
2026-07-24 12:53:25,339 | ERROR    | error from callback <bound method WebsocketClient.on_message of <iqoptionapi.ws.client.WebsocketClient object at 0x000002390FFC6C30>>: WebsocketClient.on_message() takes 2 positional arguments but 3 were given
2026-07-24 12:53:25,355 | ERROR    | WebsocketClient.on_message() takes 2 positional arguments but 3 were given
2026-07-24 12:53:26,343 | ERROR    | error from callback <bound method WebsocketClient.on_message of <iqoptionapi.ws.client.WebsocketClient object at 0x000002390FFC6C30>>: WebsocketClient.on_message() takes 2 positional arguments but 3 were given
2026-07-24 12:53:26,358 | ERROR    | WebsocketClient.on_message() takes 2 positional arguments but 3 were given
2026-07-24 12:53:27,346 | ERROR    | error from callback <bound method WebsocketClient.on_message of <iqoptionapi.ws.client.WebsocketClient object at 0x000002390FFC6C30>>: WebsocketClient.on_message() takes 2 positional arguments but 3 were given
2026-07-24 12:53:27,362 | ERROR    | WebsocketClient.on_message() takes 2 positional arguments but 3 were given
2026-07-24 12:53:28,355 | ERROR    | error from callback <bound method WebsocketClient.on_message of <iqoptionapi.ws.client.WebsocketClient object at 0x000002390FFC6C30>>: WebsocketClient.on_message() takes 2 positional arguments but 3 were given
2026-07-24 12:53:28,372 | ERROR    | WebsocketClient.on_message() takes 2 positional arguments but 3 were given
2026-07-24 12:53:29,375 | ERROR    | error from callback <bound method WebsocketClient.on_message of <iqoptionapi.ws.client.WebsocketClient object at 0x000002390FFC6C30>>: WebsocketClient.on_message() takes 2 positional arguments but 3 were given
2026-07-24 12:53:29,375 | ERROR    | WebsocketClient.on_message() takes 2 positional arguments but 3 were given
2026-07-24 12:53:30,380 | ERROR    | error from callback <bound method WebsocketClient.on_message of <iqoptionapi.ws.client.WebsocketClient object at 0x000002390FFC6C30>>: WebsocketClient.on_message() takes 2 positional arguments but 3 were given
2026-07-24 12:53:30,396 | ERROR    | WebsocketClient.on_message() takes 2 positional arguments but 3 were given
2026-07-24 12:53:31,385 | ERROR    | error from callback <bound method WebsocketClient.on_message of <iqoptionapi.ws.client.WebsocketClient object at 0x000002390FFC6C30>>: WebsocketClient.on_message() takes 2 positional arguments but 3 were given
2026-07-24 12:53:31,401 | ERROR    | WebsocketClient.on_message() takes 2 positional arguments but 3 were given
2026-07-24 12:53:32,404 | ERROR    | error from callback <bound method WebsocketClient.on_message of <iqoptionapi.ws.client.WebsocketClient object at 0x000002390FFC6C30>>: WebsocketClient.on_message() takes 2 positional arguments but 3 were given
2026-07-24 12:53:32,420 | ERROR    | WebsocketClient.on_message() takes 2 positional arguments but 3 were given
2026-07-24 12:53:33,401 | ERROR    | error from callback <bound method WebsocketClient.on_message of <iqoptionapi.ws.client.WebsocketClient object at 0x000002390FFC6C30>>: WebsocketClient.on_message() takes 2 positional arguments but 3 were given
2026-07-24 12:53:33,417 | ERROR    | WebsocketClient.on_message() takes 2 positional arguments but 3 were given
2026-07-24 12:53:34,407 | ERROR    | error from callback <bound method WebsocketClient.on_message of <iqoptionapi.ws.client.WebsocketClient object at 0x000002390FFC6C30>>: WebsocketClient.on_message() takes 2 positional arguments but 3 were given
2026-07-24 12:53:34,423 | ERROR    | WebsocketClient.on_message() takes 2 positional arguments but 3 were given
2026-07-24 12:53:35,432 | ERROR    | error from callback <bound method WebsocketClient.on_message of <iqoptionapi.ws.client.WebsocketClient object at 0x000002390FFC6C30>>: WebsocketClient.on_message() takes 2 positional arguments but 3 were given
2026-07-24 12:53:35,447 | ERROR    | WebsocketClient.on_message() takes 2 positional arguments but 3 were given
2026-07-24 12:53:36,450 | ERROR    | error from callback <bound method WebsocketClient.on_message of <iqoptionapi.ws.client.WebsocketClient object at 0x000002390FFC6C30>>: WebsocketClient.on_message() takes 2 positional arguments but 3 were given
2026-07-24 12:53:36,466 | ERROR    | WebsocketClient.on_message() takes 2 positional arguments but 3 were given
2026-07-24 12:53:37,456 | ERROR    | error from callback <bound method WebsocketClient.on_message of <iqoptionapi.ws.client.WebsocketClient object at 0x000002390FFC6C30>>: WebsocketClient.on_message() takes 2 positional arguments but 3 were given
2026-07-24 12:53:37,472 | ERROR    | WebsocketClient.on_message() takes 2 positional arguments but 3 were given
2026-07-24 12:53:38,448 | ERROR    | error from callback <bound method WebsocketClient.on_message of <iqoptionapi.ws.client.WebsocketClient object at 0x000002390FFC6C30>>: WebsocketClient.on_message() takes 2 positional arguments but 3 were given
2026-07-24 12:53:38,464 | ERROR    | WebsocketClient.on_message() takes 2 positional arguments but 3 were given
2026-07-24 12:53:39,468 | ERROR    | error from callback <bound method WebsocketClient.on_message of <iqoptionapi.ws.client.WebsocketClient object at 0x000002390FFC6C30>>: WebsocketClient.on_message() takes 2 positional arguments but 3 were given
2026-07-24 12:53:39,484 | ERROR    | WebsocketClient.on_message() takes 2 positional arguments but 3 were given
2026-07-24 12:53:40,470 | ERROR    | error from callback <bound method WebsocketClient.on_message of <iqoptionapi.ws.client.WebsocketClient object at 0x000002390FFC6C30>>: WebsocketClient.on_message() takes 2 positional arguments but 3 were given
2026-07-24 12:53:40,485 | ERROR    | WebsocketClient.on_message() takes 2 positional arguments but 3 were given
2026-07-24 12:53:41,469 | ERROR    | error from callback <bound method WebsocketClient.on_message of <iqoptionapi.ws.client.WebsocketClient object at 0x000002390FFC6C30>>: WebsocketClient.on_message() takes 2 positional arguments but 3 were given
2026-07-24 12:53:41,484 | ERROR    | WebsocketClient.on_message() takes 2 positional arguments but 3 were given
2026-07-24 12:53:42,489 | ERROR    | error from callback <bound method WebsocketClient.on_message of <iqoptionapi.ws.client.WebsocketClient object at 0x000002390FFC6C30>>: WebsocketClient.on_message() takes 2 positional arguments but 3 were given
2026-07-24 12:53:42,505 | ERROR    | WebsocketClient.on_message() takes 2 positional arguments but 3 were given
2026-07-24 12:53:43,508 | ERROR    | error from callback <bound method WebsocketClient.on_message of <iqoptionapi.ws.client.WebsocketClient object at 0x000002390FFC6C30>>: WebsocketClient.on_message() takes 2 positional arguments but 3 were given
2026-07-24 12:53:43,524 | ERROR    | WebsocketClient.on_message() takes 2 positional arguments but 3 were given
2026-07-24 12:53:44,514 | ERROR    | error from callback <bound method WebsocketClient.on_message of <iqoptionapi.ws.client.WebsocketClient object at 0x000002390FFC6C30>>: WebsocketClient.on_message() takes 2 positional arguments but 3 were given
2026-07-24 12:53:44,530 | ERROR    | WebsocketClient.on_message() takes 2 positional arguments but 3 were given
2026-07-24 12:53:45,536 | ERROR    | error from callback <bound method WebsocketClient.on_message of <iqoptionapi.ws.client.WebsocketClient object at 0x000002390FFC6C30>>: WebsocketClient.on_message() takes 2 positional arguments but 3 were given
2026-07-24 12:53:45,559 | ERROR    | WebsocketClient.on_message() takes 2 positional arguments but 3 were given
2026-07-24 12:53:46,543 | ERROR    | error from callback <bound method WebsocketClient.on_message of <iqoptionapi.ws.client.WebsocketClient object at 0x000002390FFC6C30>>: WebsocketClient.on_message() takes 2 positional arguments but 3 were given
2026-07-24 12:53:46,543 | ERROR    | WebsocketClient.on_message() takes 2 positional arguments but 3 were given
2026-07-24 12:53:47,555 | ERROR    | error from callback <bound method WebsocketClient.on_message of <iqoptionapi.ws.client.WebsocketClient object at 0x000002390FFC6C30>>: WebsocketClient.on_message() takes 2 positional arguments but 3 were given
2026-07-24 12:53:47,570 | ERROR    | WebsocketClient.on_message() takes 2 positional arguments but 3 were given
2026-07-24 12:53:48,569 | ERROR    | error from callback <bound method WebsocketClient.on_message of <iqoptionapi.ws.client.WebsocketClient object at 0x000002390FFC6C30>>: WebsocketClient.on_message() takes 2 positional arguments but 3 were given
2026-07-24 12:53:48,584 | ERROR    | WebsocketClient.on_message() takes 2 positional arguments but 3 were given
2026-07-24 12:53:49,573 | ERROR    | error from callback <bound method WebsocketClient.on_message of <iqoptionapi.ws.client.WebsocketClient object at 0x000002390FFC6C30>>: WebsocketClient.on_message() takes 2 positional arguments but 3 were given
2026-07-24 12:53:49,589 | ERROR    | WebsocketClient.on_message() takes 2 positional arguments but 3 were given
2026-07-24 12:53:50,564 | ERROR    | error from callback <bound method WebsocketClient.on_message of <iqoptionapi.ws.client.WebsocketClient object at 0x000002390FFC6C30>>: WebsocketClient.on_message() takes 2 positional arguments but 3 were given
2026-07-24 12:53:50,579 | ERROR    | WebsocketClient.on_message() takes 2 positional arguments but 3 were given
2026-07-24 12:53:51,590 | ERROR    | error from callback <bound method WebsocketClient.on_message of <iqoptionapi.ws.client.WebsocketClient object at 0x000002390FFC6C30>>: WebsocketClient.on_message() takes 2 positional arguments but 3 were given
2026-07-24 12:53:51,606 | ERROR    | WebsocketClient.on_message() takes 2 positional arguments but 3 were given
2026-07-24 12:53:52,612 | ERROR    | error from callback <bound method WebsocketClient.on_message of <iqoptionapi.ws.client.WebsocketClient object at 0x000002390FFC6C30>>: WebsocketClient.on_message() takes 2 positional arguments but 3 were given
2026-07-24 12:53:52,628 | ERROR    | WebsocketClient.on_message() takes 2 positional arguments but 3 were given
2026-07-24 12:53:53,628 | ERROR    | error from callback <bound method WebsocketClient.on_message of <iqoptionapi.ws.client.WebsocketClient object at 0x000002390FFC6C30>>: WebsocketClient.on_message() takes 2 positional arguments but 3 were given
2026-07-24 12:53:53,629 | ERROR    | WebsocketClient.on_message() takes 2 positional arguments but 3 were given
2026-07-24 12:53:54,616 | ERROR    | error from callback <bound method WebsocketClient.on_message of <iqoptionapi.ws.client.WebsocketClient object at 0x000002390FFC6C30>>: WebsocketClient.on_message() takes 2 positional arguments but 3 were given
2026-07-24 12:53:54,632 | ERROR    | WebsocketClient.on_message() takes 2 positional arguments but 3 were given
2026-07-24 12:53:55,636 | ERROR    | error from callback <bound method WebsocketClient.on_message of <iqoptionapi.ws.client.WebsocketClient object at 0x000002390FFC6C30>>: WebsocketClient.on_message() takes 2 positional arguments but 3 were given
2026-07-24 12:53:55,652 | ERROR    | WebsocketClient.on_message() takes 2 positional arguments but 3 were given
2026-07-24 12:53:56,632 | ERROR    | error from callback <bound method WebsocketClient.on_message of <iqoptionapi.ws.client.WebsocketClient object at 0x000002390FFC6C30>>: WebsocketClient.on_message() takes 2 positional arguments but 3 were given
2026-07-24 12:53:56,648 | ERROR    | WebsocketClient.on_message() takes 2 positional arguments but 3 were given
2026-07-24 12:53:57,642 | ERROR    | error from callback <bound method WebsocketClient.on_message of <iqoptionapi.ws.client.WebsocketClient object at 0x000002390FFC6C30>>: WebsocketClient.on_message() takes 2 positional arguments but 3 were given
2026-07-24 12:53:57,658 | ERROR    | WebsocketClient.on_message() takes 2 positional arguments but 3 were given
2026-07-24 12:53:58,678 | ERROR    | error from callback <bound method WebsocketClient.on_message of <iqoptionapi.ws.client.WebsocketClient object at 0x000002390FFC6C30>>: WebsocketClient.on_message() takes 2 positional arguments but 3 were given
2026-07-24 12:53:58,694 | ERROR    | WebsocketClient.on_message() takes 2 positional arguments but 3 were given
2026-07-24 12:53:59,674 | ERROR    | error from callback <bound method WebsocketClient.on_message of <iqoptionapi.ws.client.WebsocketClient object at 0x000002390FFC6C30>>: WebsocketClient.on_message() takes 2 positional arguments but 3 were given
2026-07-24 12:53:59,690 | ERROR    | WebsocketClient.on_message() takes 2 positional arguments but 3 were given
2026-07-24 12:54:00,672 | ERROR    | error from callback <bound method WebsocketClient.on_message of <iqoptionapi.ws.client.WebsocketClient object at 0x000002390FFC6C30>>: WebsocketClient.on_message() takes 2 positional arguments but 3 were given
2026-07-24 12:54:00,687 | ERROR    | WebsocketClient.on_message() takes 2 positional arguments but 3 were given
2026-07-24 12:54:01,690 | ERROR    | error from callback <bound method WebsocketClient.on_message of <iqoptionapi.ws.client.WebsocketClient object at 0x000002390FFC6C30>>: WebsocketClient.on_message() takes 2 positional arguments but 3 were given
2026-07-24 12:54:01,706 | ERROR    | WebsocketClient.on_message() takes 2 positional arguments but 3 were given
2026-07-24 12:54:02,699 | ERROR    | error from callback <bound method WebsocketClient.on_message of <iqoptionapi.ws.client.WebsocketClient object at 0x000002390FFC6C30>>: WebsocketClient.on_message() takes 2 positional arguments but 3 were given
2026-07-24 12:54:02,714 | ERROR    | WebsocketClient.on_message() takes 2 positional arguments but 3 were given
2026-07-24 12:54:03,703 | ERROR    | error from callback <bound method WebsocketClient.on_message of <iqoptionapi.ws.client.WebsocketClient object at 0x000002390FFC6C30>>: WebsocketClient.on_message() takes 2 positional arguments but 3 were given
2026-07-24 12:54:03,719 | ERROR    | WebsocketClient.on_message() takes 2 positional arguments but 3 were given
2026-07-24 12:54:04,717 | ERROR    | error from callback <bound method WebsocketClient.on_message of <iqoptionapi.ws.client.WebsocketClient object at 0x000002390FFC6C30>>: WebsocketClient.on_message() takes 2 positional arguments but 3 were given
2026-07-24 12:54:04,732 | ERROR    | WebsocketClient.on_message() takes 2 positional arguments but 3 were given
2026-07-24 12:54:05,720 | ERROR    | error from callback <bound method WebsocketClient.on_message of <iqoptionapi.ws.client.WebsocketClient object at 0x000002390FFC6C30>>: WebsocketClient.on_message() takes 2 positional arguments but 3 were given
2026-07-24 12:54:05,736 | ERROR    | WebsocketClient.on_message() takes 2 positional arguments but 3 were given
2026-07-24 12:54:06,739 | ERROR    | error from callback <bound method WebsocketClient.on_message of <iqoptionapi.ws.client.WebsocketClient object at 0x000002390FFC6C30>>: WebsocketClient.on_message() takes 2 positional arguments but 3 were given
2026-07-24 12:54:06,754 | ERROR    | WebsocketClient.on_message() takes 2 positional arguments but 3 were given
2026-07-24 12:54:07,741 | ERROR    | error from callback <bound method WebsocketClient.on_message of <iqoptionapi.ws.client.WebsocketClient object at 0x000002390FFC6C30>>: WebsocketClient.on_message() takes 2 positional arguments but 3 were given
2026-07-24 12:54:07,756 | ERROR    | WebsocketClient.on_message() takes 2 positional arguments but 3 were given
2026-07-24 12:54:08,746 | ERROR    | error from callback <bound method WebsocketClient.on_message of <iqoptionapi.ws.client.WebsocketClient object at 0x000002390FFC6C30>>: WebsocketClient.on_message() takes 2 positional arguments but 3 were given
2026-07-24 12:54:08,762 | ERROR    | WebsocketClient.on_message() takes 2 positional arguments but 3 were given
2026-07-24 12:54:09,762 | ERROR    | error from callback <bound method WebsocketClient.on_message of <iqoptionapi.ws.client.WebsocketClient object at 0x000002390FFC6C30>>: WebsocketClient.on_message() takes 2 positional arguments but 3 were given
2026-07-24 12:54:09,777 | ERROR    | WebsocketClient.on_message() takes 2 positional arguments but 3 were given
2026-07-24 12:54:10,762 | ERROR    | error from callback <bound method WebsocketClient.on_message of <iqoptionapi.ws.client.WebsocketClient object at 0x000002390FFC6C30>>: WebsocketClient.on_message() takes 2 positional arguments but 3 were given
2026-07-24 12:54:10,778 | ERROR    | WebsocketClient.on_message() takes 2 positional arguments but 3 were given
2026-07-24 12:54:11,782 | ERROR    | error from callback <bound method WebsocketClient.on_message of <iqoptionapi.ws.client.WebsocketClient object at 0x000002390FFC6C30>>: WebsocketClient.on_message() takes 2 positional arguments but 3 were given
2026-07-24 12:54:11,798 | ERROR    | WebsocketClient.on_message() takes 2 positional arguments but 3 were given
2026-07-24 12:54:12,792 | ERROR    | error from callback <bound method WebsocketClient.on_message of <iqoptionapi.ws.client.WebsocketClient object at 0x000002390FFC6C30>>: WebsocketClient.on_message() takes 2 positional arguments but 3 were given
2026-07-24 12:54:12,807 | ERROR    | WebsocketClient.on_message() takes 2 positional arguments but 3 were given
2026-07-24 12:54:13,809 | ERROR    | error from callback <bound method WebsocketClient.on_message of <iqoptionapi.ws.client.WebsocketClient object at 0x000002390FFC6C30>>: WebsocketClient.on_message() takes 2 positional arguments but 3 were given
2026-07-24 12:54:13,825 | ERROR    | WebsocketClient.on_message() takes 2 positional arguments but 3 were given
2026-07-24 12:54:14,831 | ERROR    | error from callback <bound method WebsocketClient.on_message of <iqoptionapi.ws.client.WebsocketClient object at 0x000002390FFC6C30>>: WebsocketClient.on_message() takes 2 positional arguments but 3 were given
2026-07-24 12:54:14,846 | ERROR    | WebsocketClient.on_message() takes 2 positional arguments but 3 were given
2026-07-24 12:54:15,821 | ERROR    | error from callback <bound method WebsocketClient.on_message of <iqoptionapi.ws.client.WebsocketClient object at 0x000002390FFC6C30>>: WebsocketClient.on_message() takes 2 positional arguments but 3 were given
2026-07-24 12:54:15,837 | ERROR    | WebsocketClient.on_message() takes 2 positional arguments but 3 were given
2026-07-24 12:54:16,837 | ERROR    | error from callback <bound method WebsocketClient.on_message of <iqoptionapi.ws.client.WebsocketClient object at 0x000002390FFC6C30>>: WebsocketClient.on_message() takes 2 positional arguments but 3 were given
2026-07-24 12:54:16,852 | ERROR    | WebsocketClient.on_message() takes 2 positional arguments but 3 were given
2026-07-24 12:54:17,840 | ERROR    | error from callback <bound method WebsocketClient.on_message of <iqoptionapi.ws.client.WebsocketClient object at 0x000002390FFC6C30>>: WebsocketClient.on_message() takes 2 positional arguments but 3 were given
2026-07-24 12:54:17,855 | ERROR    | WebsocketClient.on_message() takes 2 positional arguments but 3 were given
2026-07-24 12:54:18,865 | ERROR    | error from callback <bound method WebsocketClient.on_message of <iqoptionapi.ws.client.WebsocketClient object at 0x000002390FFC6C30>>: WebsocketClient.on_message() takes 2 positional arguments but 3 were given
2026-07-24 12:54:18,880 | ERROR    | WebsocketClient.on_message() takes 2 positional arguments but 3 were given
2026-07-24 12:54:19,871 | ERROR    | error from callback <bound method WebsocketClient.on_message of <iqoptionapi.ws.client.WebsocketClient object at 0x000002390FFC6C30>>: WebsocketClient.on_message() takes 2 positional arguments but 3 were given
2026-07-24 12:54:19,886 | ERROR    | WebsocketClient.on_message() takes 2 positional arguments but 3 were given
2026-07-24 12:54:20,877 | ERROR    | error from callback <bound method WebsocketClient.on_message of <iqoptionapi.ws.client.WebsocketClient object at 0x000002390FFC6C30>>: WebsocketClient.on_message() takes 2 positional arguments but 3 were given
2026-07-24 12:54:20,894 | ERROR    | WebsocketClient.on_message() takes 2 positional arguments but 3 were given
2026-07-24 12:54:21,874 | ERROR    | error from callback <bound method WebsocketClient.on_message of <iqoptionapi.ws.client.WebsocketClient object at 0x000002390FFC6C30>>: WebsocketClient.on_message() takes 2 positional arguments but 3 were given
2026-07-24 12:54:21,889 | ERROR    | WebsocketClient.on_message() takes 2 positional arguments but 3 were given
2026-07-24 12:54:22,890 | ERROR    | error from callback <bound method WebsocketClient.on_message of <iqoptionapi.ws.client.WebsocketClient object at 0x000002390FFC6C30>>: WebsocketClient.on_message() takes 2 positional arguments but 3 were given
2026-07-24 12:54:22,907 | ERROR    | WebsocketClient.on_message() takes 2 positional arguments but 3 were given
2026-07-24 12:54:23,896 | ERROR    | error from callback <bound method WebsocketClient.on_message of <iqoptionapi.ws.client.WebsocketClient object at 0x000002390FFC6C30>>: WebsocketClient.on_message() takes 2 positional arguments but 3 were given
2026-07-24 12:54:23,912 | ERROR    | WebsocketClient.on_message() takes 2 positional arguments but 3 were given
2026-07-24 12:54:24,917 | ERROR    | error from callback <bound method WebsocketClient.on_message of <iqoptionapi.ws.client.WebsocketClient object at 0x000002390FFC6C30>>: WebsocketClient.on_message() takes 2 positional arguments but 3 were given
2026-07-24 12:54:24,933 | ERROR    | WebsocketClient.on_message() takes 2 positional arguments but 3 were given
2026-07-24 12:54:25,922 | ERROR    | error from callback <bound method WebsocketClient.on_message of <iqoptionapi.ws.client.WebsocketClient object at 0x000002390FFC6C30>>: WebsocketClient.on_message() takes 2 positional arguments but 3 were given
2026-07-24 12:54:25,938 | ERROR    | WebsocketClient.on_message() takes 2 positional arguments but 3 were given
2026-07-24 12:54:26,927 | ERROR    | error from callback <bound method WebsocketClient.on_message of <iqoptionapi.ws.client.WebsocketClient object at 0x000002390FFC6C30>>: WebsocketClient.on_message() takes 2 positional arguments but 3 were given
2026-07-24 12:54:26,942 | ERROR    | WebsocketClient.on_message() takes 2 positional arguments but 3 were given
2026-07-24 12:54:27,945 | ERROR    | error from callback <bound method WebsocketClient.on_message of <iqoptionapi.ws.client.WebsocketClient object at 0x000002390FFC6C30>>: WebsocketClient.on_message() takes 2 positional arguments but 3 were given
2026-07-24 12:54:27,962 | ERROR    | WebsocketClient.on_message() takes 2 positional arguments but 3 were given
2026-07-24 12:54:28,953 | ERROR    | error from callback <bound method WebsocketClient.on_message of <iqoptionapi.ws.client.WebsocketClient object at 0x000002390FFC6C30>>: WebsocketClient.on_message() takes 2 positional arguments but 3 were given
2026-07-24 12:54:28,969 | ERROR    | WebsocketClient.on_message() takes 2 positional arguments but 3 were given
2026-07-24 12:54:29,959 | ERROR    | error from callback <bound method WebsocketClient.on_message of <iqoptionapi.ws.client.WebsocketClient object at 0x000002390FFC6C30>>: WebsocketClient.on_message() takes 2 positional arguments but 3 were given
2026-07-24 12:54:29,975 | ERROR    | WebsocketClient.on_message() takes 2 positional arguments but 3 were given
2026-07-24 12:54:30,979 | ERROR    | error from callback <bound method WebsocketClient.on_message of <iqoptionapi.ws.client.WebsocketClient object at 0x000002390FFC6C30>>: WebsocketClient.on_message() takes 2 positional arguments but 3 were given
2026-07-24 12:54:30,995 | ERROR    | WebsocketClient.on_message() takes 2 positional arguments but 3 were given
2026-07-24 12:54:31,984 | ERROR    | error from callback <bound method WebsocketClient.on_message of <iqoptionapi.ws.client.WebsocketClient object at 0x000002390FFC6C30>>: WebsocketClient.on_message() takes 2 positional arguments but 3 were given
2026-07-24 12:54:32,000 | ERROR    | WebsocketClient.on_message() takes 2 positional arguments but 3 were given
2026-07-24 12:54:32,988 | ERROR    | error from callback <bound method WebsocketClient.on_message of <iqoptionapi.ws.client.WebsocketClient object at 0x000002390FFC6C30>>: WebsocketClient.on_message() takes 2 positional arguments but 3 were given
2026-07-24 12:54:33,004 | ERROR    | WebsocketClient.on_message() takes 2 positional arguments but 3 were given
2026-07-24 12:54:33,998 | ERROR    | error from callback <bound method WebsocketClient.on_message of <iqoptionapi.ws.client.WebsocketClient object at 0x000002390FFC6C30>>: WebsocketClient.on_message() takes 2 positional arguments but 3 were given
2026-07-24 12:54:34,014 | ERROR    | WebsocketClient.on_message() takes 2 positional arguments but 3 were given
2026-07-24 12:54:35,036 | ERROR    | error from callback <bound method WebsocketClient.on_message of <iqoptionapi.ws.client.WebsocketClient object at 0x000002390FFC6C30>>: WebsocketClient.on_message() takes 2 positional arguments but 3 were given
2026-07-24 12:54:35,051 | ERROR    | WebsocketClient.on_message() takes 2 positional arguments but 3 were given
2026-07-24 12:54:36,027 | ERROR    | error from callback <bound method WebsocketClient.on_message of <iqoptionapi.ws.client.WebsocketClient object at 0x000002390FFC6C30>>: WebsocketClient.on_message() takes 2 positional arguments but 3 were given
2026-07-24 12:54:36,043 | ERROR    | WebsocketClient.on_message() takes 2 positional arguments but 3 were given
2026-07-24 12:54:37,033 | ERROR    | error from callback <bound method WebsocketClient.on_message of <iqoptionapi.ws.client.WebsocketClient object at 0x000002390FFC6C30>>: WebsocketClient.on_message() takes 2 positional arguments but 3 were given
2026-07-24 12:54:37,048 | ERROR    | WebsocketClient.on_message() takes 2 positional arguments but 3 were given
2026-07-24 12:54:38,039 | ERROR    | error from callback <bound method WebsocketClient.on_message of <iqoptionapi.ws.client.WebsocketClient object at 0x000002390FFC6C30>>: WebsocketClient.on_message() takes 2 positional arguments but 3 were given
2026-07-24 12:54:38,055 | ERROR    | WebsocketClient.on_message() takes 2 positional arguments but 3 were given
2026-07-24 12:54:39,058 | ERROR    | error from callback <bound method WebsocketClient.on_message of <iqoptionapi.ws.client.WebsocketClient object at 0x000002390FFC6C30>>: WebsocketClient.on_message() takes 2 positional arguments but 3 were given
2026-07-24 12:54:39,073 | ERROR    | WebsocketClient.on_message() takes 2 positional arguments but 3 were given
2026-07-24 12:54:40,065 | ERROR    | error from callback <bound method WebsocketClient.on_message of <iqoptionapi.ws.client.WebsocketClient object at 0x000002390FFC6C30>>: WebsocketClient.on_message() takes 2 positional arguments but 3 were given
2026-07-24 12:54:40,080 | ERROR    | WebsocketClient.on_message() takes 2 positional arguments but 3 were given
2026-07-24 12:54:41,076 | ERROR    | error from callback <bound method WebsocketClient.on_message of <iqoptionapi.ws.client.WebsocketClient object at 0x000002390FFC6C30>>: WebsocketClient.on_message() takes 2 positional arguments but 3 were given
2026-07-24 12:54:41,092 | ERROR    | WebsocketClient.on_message() takes 2 positional arguments but 3 were given
2026-07-24 12:54:42,085 | ERROR    | error from callback <bound method WebsocketClient.on_message of <iqoptionapi.ws.client.WebsocketClient object at 0x000002390FFC6C30>>: WebsocketClient.on_message() takes 2 positional arguments but 3 were given
2026-07-24 12:54:42,100 | ERROR    | WebsocketClient.on_message() takes 2 positional arguments but 3 were given
2026-07-24 12:54:43,090 | ERROR    | error from callback <bound method WebsocketClient.on_message of <iqoptionapi.ws.client.WebsocketClient object at 0x000002390FFC6C30>>: WebsocketClient.on_message() takes 2 positional arguments but 3 were given
2026-07-24 12:54:43,106 | ERROR    | WebsocketClient.on_message() takes 2 positional arguments but 3 were given
2026-07-24 12:54:44,099 | ERROR    | error from callback <bound method WebsocketClient.on_message of <iqoptionapi.ws.client.WebsocketClient object at 0x000002390FFC6C30>>: WebsocketClient.on_message() takes 2 positional arguments but 3 were given
2026-07-24 12:54:44,099 | ERROR    | WebsocketClient.on_message() takes 2 positional arguments but 3 were given
2026-07-24 12:54:45,122 | ERROR    | error from callback <bound method WebsocketClient.on_message of <iqoptionapi.ws.client.WebsocketClient object at 0x000002390FFC6C30>>: WebsocketClient.on_message() takes 2 positional arguments but 3 were given
2026-07-24 12:54:45,137 | ERROR    | WebsocketClient.on_message() takes 2 positional arguments but 3 were given
2026-07-24 12:54:46,134 | ERROR    | error from callback <bound method WebsocketClient.on_message of <iqoptionapi.ws.client.WebsocketClient object at 0x000002390FFC6C30>>: WebsocketClient.on_message() takes 2 positional arguments but 3 were given
2026-07-24 12:54:46,150 | ERROR    | WebsocketClient.on_message() takes 2 positional arguments but 3 were given
2026-07-24 12:54:47,119 | ERROR    | error from callback <bound method WebsocketClient.on_message of <iqoptionapi.ws.client.WebsocketClient object at 0x000002390FFC6C30>>: WebsocketClient.on_message() takes 2 positional arguments but 3 were given
2026-07-24 12:54:47,119 | ERROR    | WebsocketClient.on_message() takes 2 positional arguments but 3 were given
2026-07-24 12:54:48,148 | ERROR    | error from callback <bound method WebsocketClient.on_message of <iqoptionapi.ws.client.WebsocketClient object at 0x000002390FFC6C30>>: WebsocketClient.on_message() takes 2 positional arguments but 3 were given
2026-07-24 12:54:48,164 | ERROR    | WebsocketClient.on_message() takes 2 positional arguments but 3 were given
2026-07-24 12:54:49,150 | ERROR    | error from callback <bound method WebsocketClient.on_message of <iqoptionapi.ws.client.WebsocketClient object at 0x000002390FFC6C30>>: WebsocketClient.on_message() takes 2 positional arguments but 3 were given
2026-07-24 12:54:49,166 | ERROR    | WebsocketClient.on_message() takes 2 positional arguments but 3 were given
2026-07-24 12:54:50,163 | ERROR    | error from callback <bound method WebsocketClient.on_message of <iqoptionapi.ws.client.WebsocketClient object at 0x000002390FFC6C30>>: WebsocketClient.on_message() takes 2 positional arguments but 3 were given
2026-07-24 12:54:50,179 | ERROR    | WebsocketClient.on_message() takes 2 positional arguments but 3 were given
2026-07-24 12:54:51,195 | ERROR    | error from callback <bound method WebsocketClient.on_message of <iqoptionapi.ws.client.WebsocketClient object at 0x000002390FFC6C30>>: WebsocketClient.on_message() takes 2 positional arguments but 3 were given
2026-07-24 12:54:51,211 | ERROR    | WebsocketClient.on_message() takes 2 positional arguments but 3 were given
2026-07-24 12:54:52,192 | ERROR    | error from callback <bound method WebsocketClient.on_message of <iqoptionapi.ws.client.WebsocketClient object at 0x000002390FFC6C30>>: WebsocketClient.on_message() takes 2 positional arguments but 3 were given
2026-07-24 12:54:52,207 | ERROR    | WebsocketClient.on_message() takes 2 positional arguments but 3 were given
2026-07-24 12:54:53,195 | ERROR    | error from callback <bound method WebsocketClient.on_message of <iqoptionapi.ws.client.WebsocketClient object at 0x000002390FFC6C30>>: WebsocketClient.on_message() takes 2 positional arguments but 3 were given
2026-07-24 12:54:53,210 | ERROR    | WebsocketClient.on_message() takes 2 positional arguments but 3 were given
2026-07-24 12:54:54,210 | ERROR    | error from callback <bound method WebsocketClient.on_message of <iqoptionapi.ws.client.WebsocketClient object at 0x000002390FFC6C30>>: WebsocketClient.on_message() takes 2 positional arguments but 3 were given
2026-07-24 12:54:54,225 | ERROR    | WebsocketClient.on_message() takes 2 positional arguments but 3 were given
2026-07-24 12:54:55,225 | ERROR    | error from callback <bound method WebsocketClient.on_message of <iqoptionapi.ws.client.WebsocketClient object at 0x000002390FFC6C30>>: WebsocketClient.on_message() takes 2 positional arguments but 3 were given
2026-07-24 12:54:55,240 | ERROR    | WebsocketClient.on_message() takes 2 positional arguments but 3 were given
2026-07-24 12:54:56,220 | ERROR    | error from callback <bound method WebsocketClient.on_message of <iqoptionapi.ws.client.WebsocketClient object at 0x000002390FFC6C30>>: WebsocketClient.on_message() takes 2 positional arguments but 3 were given
2026-07-24 12:54:56,236 | ERROR    | WebsocketClient.on_message() takes 2 positional arguments but 3 were given
2026-07-24 12:54:57,240 | ERROR    | error from callback <bound method WebsocketClient.on_message of <iqoptionapi.ws.client.WebsocketClient object at 0x000002390FFC6C30>>: WebsocketClient.on_message() takes 2 positional arguments but 3 were given
2026-07-24 12:54:57,255 | ERROR    | WebsocketClient.on_message() takes 2 positional arguments but 3 were given
2026-07-24 12:54:58,240 | ERROR    | error from callback <bound method WebsocketClient.on_message of <iqoptionapi.ws.client.WebsocketClient object at 0x000002390FFC6C30>>: WebsocketClient.on_message() takes 2 positional arguments but 3 were given
2026-07-24 12:54:58,256 | ERROR    | WebsocketClient.on_message() takes 2 positional arguments but 3 were given
2026-07-24 12:54:59,264 | ERROR    | error from callback <bound method WebsocketClient.on_message of <iqoptionapi.ws.client.WebsocketClient object at 0x000002390FFC6C30>>: WebsocketClient.on_message() takes 2 positional arguments but 3 were given
2026-07-24 12:54:59,279 | ERROR    | WebsocketClient.on_message() takes 2 positional arguments but 3 were given
2026-07-24 12:55:00,269 | ERROR    | error from callback <bound method WebsocketClient.on_message of <iqoptionapi.ws.client.WebsocketClient object at 0x000002390FFC6C30>>: WebsocketClient.on_message() takes 2 positional arguments but 3 were given
2026-07-24 12:55:00,284 | ERROR    | WebsocketClient.on_message() takes 2 positional arguments but 3 were given
2026-07-24 12:55:01,288 | ERROR    | error from callback <bound method WebsocketClient.on_message of <iqoptionapi.ws.client.WebsocketClient object at 0x000002390FFC6C30>>: WebsocketClient.on_message() takes 2 positional arguments but 3 were given
2026-07-24 12:55:01,304 | ERROR    | WebsocketClient.on_message() takes 2 positional arguments but 3 were given
2026-07-24 12:55:02,309 | ERROR    | error from callback <bound method WebsocketClient.on_message of <iqoptionapi.ws.client.WebsocketClient object at 0x000002390FFC6C30>>: WebsocketClient.on_message() takes 2 positional arguments but 3 were given
2026-07-24 12:55:02,325 | ERROR    | WebsocketClient.on_message() takes 2 positional arguments but 3 were given
2026-07-24 12:55:03,305 | ERROR    | error from callback <bound method WebsocketClient.on_message of <iqoptionapi.ws.client.WebsocketClient object at 0x000002390FFC6C30>>: WebsocketClient.on_message() takes 2 positional arguments but 3 were given
2026-07-24 12:55:03,322 | ERROR    | WebsocketClient.on_message() takes 2 positional arguments but 3 were given
2026-07-24 12:55:04,308 | ERROR    | error from callback <bound method WebsocketClient.on_message of <iqoptionapi.ws.client.WebsocketClient object at 0x000002390FFC6C30>>: WebsocketClient.on_message() takes 2 positional arguments but 3 were given
2026-07-24 12:55:04,324 | ERROR    | WebsocketClient.on_message() takes 2 positional arguments but 3 were given
2026-07-24 12:55:05,313 | ERROR    | error from callback <bound method WebsocketClient.on_message of <iqoptionapi.ws.client.WebsocketClient object at 0x000002390FFC6C30>>: WebsocketClient.on_message() takes 2 positional arguments but 3 were given
2026-07-24 12:55:05,328 | ERROR    | WebsocketClient.on_message() takes 2 positional arguments but 3 were given
2026-07-24 12:55:06,335 | ERROR    | error from callback <bound method WebsocketClient.on_message of <iqoptionapi.ws.client.WebsocketClient object at 0x000002390FFC6C30>>: WebsocketClient.on_message() takes 2 positional arguments but 3 were given
2026-07-24 12:55:06,351 | ERROR    | WebsocketClient.on_message() takes 2 positional arguments but 3 were given
2026-07-24 12:55:07,341 | ERROR    | error from callback <bound method WebsocketClient.on_message of <iqoptionapi.ws.client.WebsocketClient object at 0x000002390FFC6C30>>: WebsocketClient.on_message() takes 2 positional arguments but 3 were given
2026-07-24 12:55:07,357 | ERROR    | WebsocketClient.on_message() takes 2 positional arguments but 3 were given
2026-07-24 12:55:08,343 | ERROR    | error from callback <bound method WebsocketClient.on_message of <iqoptionapi.ws.client.WebsocketClient object at 0x000002390FFC6C30>>: WebsocketClient.on_message() takes 2 positional arguments but 3 were given
2026-07-24 12:55:08,358 | ERROR    | WebsocketClient.on_message() takes 2 positional arguments but 3 were given
2026-07-24 12:55:09,353 | ERROR    | error from callback <bound method WebsocketClient.on_message of <iqoptionapi.ws.client.WebsocketClient object at 0x000002390FFC6C30>>: WebsocketClient.on_message() takes 2 positional arguments but 3 were given
2026-07-24 12:55:09,369 | ERROR    | WebsocketClient.on_message() takes 2 positional arguments but 3 were given
2026-07-24 12:55:10,359 | ERROR    | error from callback <bound method WebsocketClient.on_message of <iqoptionapi.ws.client.WebsocketClient object at 0x000002390FFC6C30>>: WebsocketClient.on_message() takes 2 positional arguments but 3 were given
2026-07-24 12:55:10,375 | ERROR    | WebsocketClient.on_message() takes 2 positional arguments but 3 were given
2026-07-24 12:55:11,366 | ERROR    | error from callback <bound method WebsocketClient.on_message of <iqoptionapi.ws.client.WebsocketClient object at 0x000002390FFC6C30>>: WebsocketClient.on_message() takes 2 positional arguments but 3 were given
2026-07-24 12:55:11,382 | ERROR    | WebsocketClient.on_message() takes 2 positional arguments but 3 were given
2026-07-24 12:55:12,402 | ERROR    | error from callback <bound method WebsocketClient.on_message of <iqoptionapi.ws.client.WebsocketClient object at 0x000002390FFC6C30>>: WebsocketClient.on_message() takes 2 positional arguments but 3 were given
2026-07-24 12:55:12,418 | ERROR    | WebsocketClient.on_message() takes 2 positional arguments but 3 were given
2026-07-24 12:55:13,389 | ERROR    | error from callback <bound method WebsocketClient.on_message of <iqoptionapi.ws.client.WebsocketClient object at 0x000002390FFC6C30>>: WebsocketClient.on_message() takes 2 positional arguments but 3 were given
2026-07-24 12:55:13,405 | ERROR    | WebsocketClient.on_message() takes 2 positional arguments but 3 were given
2026-07-24 12:55:14,410 | ERROR    | error from callback <bound method WebsocketClient.on_message of <iqoptionapi.ws.client.WebsocketClient object at 0x000002390FFC6C30>>: WebsocketClient.on_message() takes 2 positional arguments but 3 were given
2026-07-24 12:55:14,426 | ERROR    | WebsocketClient.on_message() takes 2 positional arguments but 3 were given
2026-07-24 12:55:15,419 | ERROR    | error from callback <bound method WebsocketClient.on_message of <iqoptionapi.ws.client.WebsocketClient object at 0x000002390FFC6C30>>: WebsocketClient.on_message() takes 2 positional arguments but 3 were given
2026-07-24 12:55:15,435 | ERROR    | WebsocketClient.on_message() takes 2 positional arguments but 3 were given
2026-07-24 12:55:16,425 | ERROR    | error from callback <bound method WebsocketClient.on_message of <iqoptionapi.ws.client.WebsocketClient object at 0x000002390FFC6C30>>: WebsocketClient.on_message() takes 2 positional arguments but 3 were given
2026-07-24 12:55:16,441 | ERROR    | WebsocketClient.on_message() takes 2 positional arguments but 3 were given
2026-07-24 12:55:17,433 | ERROR    | error from callback <bound method WebsocketClient.on_message of <iqoptionapi.ws.client.WebsocketClient object at 0x000002390FFC6C30>>: WebsocketClient.on_message() takes 2 positional arguments but 3 were given
2026-07-24 12:55:17,448 | ERROR    | WebsocketClient.on_message() takes 2 positional arguments but 3 were given
2026-07-24 12:55:18,442 | ERROR    | error from callback <bound method WebsocketClient.on_message of <iqoptionapi.ws.client.WebsocketClient object at 0x000002390FFC6C30>>: WebsocketClient.on_message() takes 2 positional arguments but 3 were given
2026-07-24 12:55:18,458 | ERROR    | WebsocketClient.on_message() takes 2 positional arguments but 3 were given
2026-07-24 12:55:19,448 | ERROR    | error from callback <bound method WebsocketClient.on_message of <iqoptionapi.ws.client.WebsocketClient object at 0x000002390FFC6C30>>: WebsocketClient.on_message() takes 2 positional arguments but 3 were given
2026-07-24 12:55:19,464 | ERROR    | WebsocketClient.on_message() takes 2 positional arguments but 3 were given
2026-07-24 12:55:20,459 | ERROR    | error from callback <bound method WebsocketClient.on_message of <iqoptionapi.ws.client.WebsocketClient object at 0x000002390FFC6C30>>: WebsocketClient.on_message() takes 2 positional arguments but 3 were given
2026-07-24 12:55:20,475 | ERROR    | WebsocketClient.on_message() takes 2 positional arguments but 3 were given
2026-07-24 12:55:21,483 | ERROR    | error from callback <bound method WebsocketClient.on_message of <iqoptionapi.ws.client.WebsocketClient object at 0x000002390FFC6C30>>: WebsocketClient.on_message() takes 2 positional arguments but 3 were given
2026-07-24 12:55:21,499 | ERROR    | WebsocketClient.on_message() takes 2 positional arguments but 3 were given
2026-07-24 12:55:22,489 | ERROR    | error from callback <bound method WebsocketClient.on_message of <iqoptionapi.ws.client.WebsocketClient object at 0x000002390FFC6C30>>: WebsocketClient.on_message() takes 2 positional arguments but 3 were given
2026-07-24 12:55:22,504 | ERROR    | WebsocketClient.on_message() takes 2 positional arguments but 3 were given
2026-07-24 12:55:23,498 | ERROR    | error from callback <bound method WebsocketClient.on_message of <iqoptionapi.ws.client.WebsocketClient object at 0x000002390FFC6C30>>: WebsocketClient.on_message() takes 2 positional arguments but 3 were given
2026-07-24 12:55:23,514 | ERROR    | WebsocketClient.on_message() takes 2 positional arguments but 3 were given
2026-07-24 12:55:24,506 | ERROR    | error from callback <bound method WebsocketClient.on_message of <iqoptionapi.ws.client.WebsocketClient object at 0x000002390FFC6C30>>: WebsocketClient.on_message() takes 2 positional arguments but 3 were given
2026-07-24 12:55:24,522 | ERROR    | WebsocketClient.on_message() takes 2 positional arguments but 3 were given
2026-07-24 12:55:25,511 | ERROR    | error from callback <bound method WebsocketClient.on_message of <iqoptionapi.ws.client.WebsocketClient object at 0x000002390FFC6C30>>: WebsocketClient.on_message() takes 2 positional arguments but 3 were given
2026-07-24 12:55:25,526 | ERROR    | WebsocketClient.on_message() takes 2 positional arguments but 3 were given
2026-07-24 12:55:26,521 | ERROR    | error from callback <bound method WebsocketClient.on_message of <iqoptionapi.ws.client.WebsocketClient object at 0x000002390FFC6C30>>: WebsocketClient.on_message() takes 2 positional arguments but 3 were given
2026-07-24 12:55:26,537 | ERROR    | WebsocketClient.on_message() takes 2 positional arguments but 3 were given
2026-07-24 12:55:27,540 | ERROR    | error from callback <bound method WebsocketClient.on_message of <iqoptionapi.ws.client.WebsocketClient object at 0x000002390FFC6C30>>: WebsocketClient.on_message() takes 2 positional arguments but 3 were given
2026-07-24 12:55:27,556 | ERROR    | WebsocketClient.on_message() takes 2 positional arguments but 3 were given
2026-07-24 12:55:28,563 | ERROR    | error from callback <bound method WebsocketClient.on_message of <iqoptionapi.ws.client.WebsocketClient object at 0x000002390FFC6C30>>: WebsocketClient.on_message() takes 2 positional arguments but 3 were given
2026-07-24 12:55:28,578 | ERROR    | WebsocketClient.on_message() takes 2 positional arguments but 3 were given
2026-07-24 12:55:29,572 | ERROR    | error from callback <bound method WebsocketClient.on_message of <iqoptionapi.ws.client.WebsocketClient object at 0x000002390FFC6C30>>: WebsocketClient.on_message() takes 2 positional arguments but 3 were given
2026-07-24 12:55:29,588 | ERROR    | WebsocketClient.on_message() takes 2 positional arguments but 3 were given
2026-07-24 12:55:30,568 | ERROR    | error from callback <bound method WebsocketClient.on_message of <iqoptionapi.ws.client.WebsocketClient object at 0x000002390FFC6C30>>: WebsocketClient.on_message() takes 2 positional arguments but 3 were given
2026-07-24 12:55:30,584 | ERROR    | WebsocketClient.on_message() takes 2 positional arguments but 3 were given
2026-07-24 12:55:31,576 | ERROR    | error from callback <bound method WebsocketClient.on_message of <iqoptionapi.ws.client.WebsocketClient object at 0x000002390FFC6C30>>: WebsocketClient.on_message() takes 2 positional arguments but 3 were given
2026-07-24 12:55:31,592 | ERROR    | WebsocketClient.on_message() takes 2 positional arguments but 3 were given
2026-07-24 12:55:32,586 | ERROR    | error from callback <bound method WebsocketClient.on_message of <iqoptionapi.ws.client.WebsocketClient object at 0x000002390FFC6C30>>: WebsocketClient.on_message() takes 2 positional arguments but 3 were given
2026-07-24 12:55:32,601 | ERROR    | WebsocketClient.on_message() takes 2 positional arguments but 3 were given
2026-07-24 12:55:33,593 | ERROR    | error from callback <bound method WebsocketClient.on_message of <iqoptionapi.ws.client.WebsocketClient object at 0x000002390FFC6C30>>: WebsocketClient.on_message() takes 2 positional arguments but 3 were given
2026-07-24 12:55:33,609 | ERROR    | WebsocketClient.on_message() takes 2 positional arguments but 3 were given
2026-07-24 12:55:34,605 | ERROR    | error from callback <bound method WebsocketClient.on_message of <iqoptionapi.ws.client.WebsocketClient object at 0x000002390FFC6C30>>: WebsocketClient.on_message() takes 2 positional arguments but 3 were given
2026-07-24 12:55:34,621 | ERROR    | WebsocketClient.on_message() takes 2 positional arguments but 3 were given
2026-07-24 12:55:35,612 | ERROR    | error from callback <bound method WebsocketClient.on_message of <iqoptionapi.ws.client.WebsocketClient object at 0x000002390FFC6C30>>: WebsocketClient.on_message() takes 2 positional arguments but 3 were given
2026-07-24 12:55:35,628 | ERROR    | WebsocketClient.on_message() takes 2 positional arguments but 3 were given
2026-07-24 12:55:36,618 | ERROR    | error from callback <bound method WebsocketClient.on_message of <iqoptionapi.ws.client.WebsocketClient object at 0x000002390FFC6C30>>: WebsocketClient.on_message() takes 2 positional arguments but 3 were given
2026-07-24 12:55:36,634 | ERROR    | WebsocketClient.on_message() takes 2 positional arguments but 3 were given
2026-07-24 12:55:37,628 | ERROR    | error from callback <bound method WebsocketClient.on_message of <iqoptionapi.ws.client.WebsocketClient object at 0x000002390FFC6C30>>: WebsocketClient.on_message() takes 2 positional arguments but 3 were given
2026-07-24 12:55:37,644 | ERROR    | WebsocketClient.on_message() takes 2 positional arguments but 3 were given
2026-07-24 12:55:38,633 | ERROR    | error from callback <bound method WebsocketClient.on_message of <iqoptionapi.ws.client.WebsocketClient object at 0x000002390FFC6C30>>: WebsocketClient.on_message() takes 2 positional arguments but 3 were given
2026-07-24 12:55:38,648 | ERROR    | WebsocketClient.on_message() takes 2 positional arguments but 3 were given
2026-07-24 12:55:39,643 | ERROR    | error from callback <bound method WebsocketClient.on_message of <iqoptionapi.ws.client.WebsocketClient object at 0x000002390FFC6C30>>: WebsocketClient.on_message() takes 2 positional arguments but 3 were given
2026-07-24 12:55:39,658 | ERROR    | WebsocketClient.on_message() takes 2 positional arguments but 3 were given
2026-07-24 12:55:40,650 | ERROR    | error from callback <bound method WebsocketClient.on_message of <iqoptionapi.ws.client.WebsocketClient object at 0x000002390FFC6C30>>: WebsocketClient.on_message() takes 2 positional arguments but 3 were given
2026-07-24 12:55:40,666 | ERROR    | WebsocketClient.on_message() takes 2 positional arguments but 3 were given
2026-07-24 12:55:41,674 | ERROR    | error from callback <bound method WebsocketClient.on_message of <iqoptionapi.ws.client.WebsocketClient object at 0x000002390FFC6C30>>: WebsocketClient.on_message() takes 2 positional arguments but 3 were given
2026-07-24 12:55:41,689 | ERROR    | WebsocketClient.on_message() takes 2 positional arguments but 3 were given
2026-07-24 12:55:42,680 | ERROR    | error from callback <bound method WebsocketClient.on_message of <iqoptionapi.ws.client.WebsocketClient object at 0x000002390FFC6C30>>: WebsocketClient.on_message() takes 2 positional arguments but 3 were given
2026-07-24 12:55:42,696 | ERROR    | WebsocketClient.on_message() takes 2 positional arguments but 3 were given
2026-07-24 12:55:43,688 | ERROR    | error from callback <bound method WebsocketClient.on_message of <iqoptionapi.ws.client.WebsocketClient object at 0x000002390FFC6C30>>: WebsocketClient.on_message() takes 2 positional arguments but 3 were given
2026-07-24 12:55:43,704 | ERROR    | WebsocketClient.on_message() takes 2 positional arguments but 3 were given
2026-07-24 12:55:44,696 | ERROR    | error from callback <bound method WebsocketClient.on_message of <iqoptionapi.ws.client.WebsocketClient object at 0x000002390FFC6C30>>: WebsocketClient.on_message() takes 2 positional arguments but 3 were given
2026-07-24 12:55:44,711 | ERROR    | WebsocketClient.on_message() takes 2 positional arguments but 3 were given
2026-07-24 12:55:45,703 | ERROR    | error from callback <bound method WebsocketClient.on_message of <iqoptionapi.ws.client.WebsocketClient object at 0x000002390FFC6C30>>: WebsocketClient.on_message() takes 2 positional arguments but 3 were given
2026-07-24 12:55:45,720 | ERROR    | WebsocketClient.on_message() takes 2 positional arguments but 3 were given
2026-07-24 12:55:46,710 | ERROR    | error from callback <bound method WebsocketClient.on_message of <iqoptionapi.ws.client.WebsocketClient object at 0x000002390FFC6C30>>: WebsocketClient.on_message() takes 2 positional arguments but 3 were given
2026-07-24 12:55:46,726 | ERROR    | WebsocketClient.on_message() takes 2 positional arguments but 3 were given
2026-07-24 12:55:47,717 | ERROR    | error from callback <bound method WebsocketClient.on_message of <iqoptionapi.ws.client.WebsocketClient object at 0x000002390FFC6C30>>: WebsocketClient.on_message() takes 2 positional arguments but 3 were given
2026-07-24 12:55:47,732 | ERROR    | WebsocketClient.on_message() takes 2 positional arguments but 3 were given
2026-07-24 12:55:48,726 | ERROR    | error from callback <bound method WebsocketClient.on_message of <iqoptionapi.ws.client.WebsocketClient object at 0x000002390FFC6C30>>: WebsocketClient.on_message() takes 2 positional arguments but 3 were given
2026-07-24 12:55:48,742 | ERROR    | WebsocketClient.on_message() takes 2 positional arguments but 3 were given
2026-07-24 12:55:49,743 | ERROR    | error from callback <bound method WebsocketClient.on_message of <iqoptionapi.ws.client.WebsocketClient object at 0x000002390FFC6C30>>: WebsocketClient.on_message() takes 2 positional arguments but 3 were given
2026-07-24 12:55:49,759 | ERROR    | WebsocketClient.on_message() takes 2 positional arguments but 3 were given
2026-07-24 12:55:50,759 | ERROR    | error from callback <bound method WebsocketClient.on_message of <iqoptionapi.ws.client.WebsocketClient object at 0x000002390FFC6C30>>: WebsocketClient.on_message() takes 2 positional arguments but 3 were given
2026-07-24 12:55:50,775 | ERROR    | WebsocketClient.on_message() takes 2 positional arguments but 3 were given
2026-07-24 12:55:51,764 | ERROR    | error from callback <bound method WebsocketClient.on_message of <iqoptionapi.ws.client.WebsocketClient object at 0x000002390FFC6C30>>: WebsocketClient.on_message() takes 2 positional arguments but 3 were given
2026-07-24 12:55:51,779 | ERROR    | WebsocketClient.on_message() takes 2 positional arguments but 3 were given
2026-07-24 12:55:52,780 | ERROR    | error from callback <bound method WebsocketClient.on_message of <iqoptionapi.ws.client.WebsocketClient object at 0x000002390FFC6C30>>: WebsocketClient.on_message() takes 2 positional arguments but 3 were given
2026-07-24 12:55:52,795 | ERROR    | WebsocketClient.on_message() takes 2 positional arguments but 3 were given
2026-07-24 12:55:53,785 | ERROR    | error from callback <bound method WebsocketClient.on_message of <iqoptionapi.ws.client.WebsocketClient object at 0x000002390FFC6C30>>: WebsocketClient.on_message() takes 2 positional arguments but 3 were given
2026-07-24 12:55:53,800 | ERROR    | WebsocketClient.on_message() takes 2 positional arguments but 3 were given
2026-07-24 12:55:54,801 | ERROR    | error from callback <bound method WebsocketClient.on_message of <iqoptionapi.ws.client.WebsocketClient object at 0x000002390FFC6C30>>: WebsocketClient.on_message() takes 2 positional arguments but 3 were given
2026-07-24 12:55:54,816 | ERROR    | WebsocketClient.on_message() takes 2 positional arguments but 3 were given
2026-07-24 12:55:55,799 | ERROR    | error from callback <bound method WebsocketClient.on_message of <iqoptionapi.ws.client.WebsocketClient object at 0x000002390FFC6C30>>: WebsocketClient.on_message() takes 2 positional arguments but 3 were given
2026-07-24 12:55:55,815 | ERROR    | WebsocketClient.on_message() takes 2 positional arguments but 3 were given
2026-07-24 12:55:56,816 | ERROR    | error from callback <bound method WebsocketClient.on_message of <iqoptionapi.ws.client.WebsocketClient object at 0x000002390FFC6C30>>: WebsocketClient.on_message() takes 2 positional arguments but 3 were given
2026-07-24 12:55:56,832 | ERROR    | WebsocketClient.on_message() takes 2 positional arguments but 3 were given
2026-07-24 12:55:57,835 | ERROR    | error from callback <bound method WebsocketClient.on_message of <iqoptionapi.ws.client.WebsocketClient object at 0x000002390FFC6C30>>: WebsocketClient.on_message() takes 2 positional arguments but 3 were given
2026-07-24 12:55:57,851 | ERROR    | WebsocketClient.on_message() takes 2 positional arguments but 3 were given
2026-07-24 12:55:58,853 | ERROR    | error from callback <bound method WebsocketClient.on_message of <iqoptionapi.ws.client.WebsocketClient object at 0x000002390FFC6C30>>: WebsocketClient.on_message() takes 2 positional arguments but 3 were given
2026-07-24 12:55:58,869 | ERROR    | WebsocketClient.on_message() takes 2 positional arguments but 3 were given
2026-07-24 12:55:59,842 | ERROR    | error from callback <bound method WebsocketClient.on_message of <iqoptionapi.ws.client.WebsocketClient object at 0x000002390FFC6C30>>: WebsocketClient.on_message() takes 2 positional arguments but 3 were given
2026-07-24 12:55:59,858 | ERROR    | WebsocketClient.on_message() takes 2 positional arguments but 3 were given
2026-07-24 12:56:00,866 | ERROR    | error from callback <bound method WebsocketClient.on_message of <iqoptionapi.ws.client.WebsocketClient object at 0x000002390FFC6C30>>: WebsocketClient.on_message() takes 2 positional arguments but 3 were given
2026-07-24 12:56:00,882 | ERROR    | WebsocketClient.on_message() takes 2 positional arguments but 3 were given
2026-07-24 12:56:01,884 | ERROR    | error from callback <bound method WebsocketClient.on_message of <iqoptionapi.ws.client.WebsocketClient object at 0x000002390FFC6C30>>: WebsocketClient.on_message() takes 2 positional arguments but 3 were given
2026-07-24 12:56:01,899 | ERROR    | WebsocketClient.on_message() takes 2 positional arguments but 3 were given
2026-07-24 12:56:02,875 | ERROR    | error from callback <bound method WebsocketClient.on_message of <iqoptionapi.ws.client.WebsocketClient object at 0x000002390FFC6C30>>: WebsocketClient.on_message() takes 2 positional arguments but 3 were given
2026-07-24 12:56:02,890 | ERROR    | WebsocketClient.on_message() takes 2 positional arguments but 3 were given
2026-07-24 12:56:03,884 | ERROR    | error from callback <bound method WebsocketClient.on_message of <iqoptionapi.ws.client.WebsocketClient object at 0x000002390FFC6C30>>: WebsocketClient.on_message() takes 2 positional arguments but 3 were given
2026-07-24 12:56:03,900 | ERROR    | WebsocketClient.on_message() takes 2 positional arguments but 3 were given
2026-07-24 12:56:04,900 | ERROR    | error from callback <bound method WebsocketClient.on_message of <iqoptionapi.ws.client.WebsocketClient object at 0x000002390FFC6C30>>: WebsocketClient.on_message() takes 2 positional arguments but 3 were given
2026-07-24 12:56:04,916 | ERROR    | WebsocketClient.on_message() takes 2 positional arguments but 3 were given
2026-07-24 12:56:05,916 | ERROR    | error from callback <bound method WebsocketClient.on_message of <iqoptionapi.ws.client.WebsocketClient object at 0x000002390FFC6C30>>: WebsocketClient.on_message() takes 2 positional arguments but 3 were given
2026-07-24 12:56:05,931 | ERROR    | WebsocketClient.on_message() takes 2 positional arguments but 3 were given
2026-07-24 12:56:06,936 | ERROR    | error from callback <bound method WebsocketClient.on_message of <iqoptionapi.ws.client.WebsocketClient object at 0x000002390FFC6C30>>: WebsocketClient.on_message() takes 2 positional arguments but 3 were given
2026-07-24 12:56:06,952 | ERROR    | WebsocketClient.on_message() takes 2 positional arguments but 3 were given
2026-07-24 12:56:07,927 | ERROR    | error from callback <bound method WebsocketClient.on_message of <iqoptionapi.ws.client.WebsocketClient object at 0x000002390FFC6C30>>: WebsocketClient.on_message() takes 2 positional arguments but 3 were given
2026-07-24 12:56:07,942 | ERROR    | WebsocketClient.on_message() takes 2 positional arguments but 3 were given
2026-07-24 12:56:08,939 | ERROR    | error from callback <bound method WebsocketClient.on_message of <iqoptionapi.ws.client.WebsocketClient object at 0x000002390FFC6C30>>: WebsocketClient.on_message() takes 2 positional arguments but 3 were given
2026-07-24 12:56:08,955 | ERROR    | WebsocketClient.on_message() takes 2 positional arguments but 3 were given
2026-07-24 12:56:09,943 | ERROR    | error from callback <bound method WebsocketClient.on_message of <iqoptionapi.ws.client.WebsocketClient object at 0x000002390FFC6C30>>: WebsocketClient.on_message() takes 2 positional arguments but 3 were given
2026-07-24 12:56:09,959 | ERROR    | WebsocketClient.on_message() takes 2 positional arguments but 3 were given
2026-07-24 12:56:10,959 | ERROR    | error from callback <bound method WebsocketClient.on_message of <iqoptionapi.ws.client.WebsocketClient object at 0x000002390FFC6C30>>: WebsocketClient.on_message() takes 2 positional arguments but 3 were given
2026-07-24 12:56:10,974 | ERROR    | WebsocketClient.on_message() takes 2 positional arguments but 3 were given
2026-07-24 12:56:11,976 | ERROR    | error from callback <bound method WebsocketClient.on_message of <iqoptionapi.ws.client.WebsocketClient object at 0x000002390FFC6C30>>: WebsocketClient.on_message() takes 2 positional arguments but 3 were given
2026-07-24 12:56:11,992 | ERROR    | WebsocketClient.on_message() takes 2 positional arguments but 3 were given
2026-07-24 12:56:12,979 | ERROR    | error from callback <bound method WebsocketClient.on_message of <iqoptionapi.ws.client.WebsocketClient object at 0x000002390FFC6C30>>: WebsocketClient.on_message() takes 2 positional arguments but 3 were given
2026-07-24 12:56:12,995 | ERROR    | WebsocketClient.on_message() takes 2 positional arguments but 3 were given
2026-07-24 12:56:13,984 | ERROR    | error from callback <bound method WebsocketClient.on_message of <iqoptionapi.ws.client.WebsocketClient object at 0x000002390FFC6C30>>: WebsocketClient.on_message() takes 2 positional arguments but 3 were given
2026-07-24 12:56:14,000 | ERROR    | WebsocketClient.on_message() takes 2 positional arguments but 3 were given
2026-07-24 12:56:15,024 | ERROR    | error from callback <bound method WebsocketClient.on_message of <iqoptionapi.ws.client.WebsocketClient object at 0x000002390FFC6C30>>: WebsocketClient.on_message() takes 2 positional arguments but 3 were given
2026-07-24 12:56:15,039 | ERROR    | WebsocketClient.on_message() takes 2 positional arguments but 3 were given
2026-07-24 12:56:16,009 | ERROR    | error from callback <bound method WebsocketClient.on_message of <iqoptionapi.ws.client.WebsocketClient object at 0x000002390FFC6C30>>: WebsocketClient.on_message() takes 2 positional arguments but 3 were given
2026-07-24 12:56:16,024 | ERROR    | WebsocketClient.on_message() takes 2 positional arguments but 3 were given
2026-07-24 12:56:17,008 | ERROR    | error from callback <bound method WebsocketClient.on_message of <iqoptionapi.ws.client.WebsocketClient object at 0x000002390FFC6C30>>: WebsocketClient.on_message() takes 2 positional arguments but 3 were given
2026-07-24 12:56:17,024 | ERROR    | WebsocketClient.on_message() takes 2 positional arguments but 3 were given
2026-07-24 12:56:18,030 | ERROR    | error from callback <bound method WebsocketClient.on_message of <iqoptionapi.ws.client.WebsocketClient object at 0x000002390FFC6C30>>: WebsocketClient.on_message() takes 2 positional arguments but 3 were given
2026-07-24 12:56:18,046 | ERROR    | WebsocketClient.on_message() takes 2 positional arguments but 3 were given
2026-07-24 12:56:19,044 | ERROR    | error from callback <bound method WebsocketClient.on_message of <iqoptionapi.ws.client.WebsocketClient object at 0x000002390FFC6C30>>: WebsocketClient.on_message() takes 2 positional arguments but 3 were given
2026-07-24 12:56:19,060 | ERROR    | WebsocketClient.on_message() takes 2 positional arguments but 3 were given
2026-07-24 12:56:20,051 | ERROR    | error from callback <bound method WebsocketClient.on_message of <iqoptionapi.ws.client.WebsocketClient object at 0x000002390FFC6C30>>: WebsocketClient.on_message() takes 2 positional arguments but 3 were given
2026-07-24 12:56:20,067 | ERROR    | WebsocketClient.on_message() takes 2 positional arguments but 3 were given
2026-07-24 12:56:21,068 | ERROR    | error from callback <bound method WebsocketClient.on_message of <iqoptionapi.ws.client.WebsocketClient object at 0x000002390FFC6C30>>: WebsocketClient.on_message() takes 2 positional arguments but 3 were given
2026-07-24 12:56:21,084 | ERROR    | WebsocketClient.on_message() takes 2 positional arguments but 3 were given
2026-07-24 12:56:22,071 | ERROR    | error from callback <bound method WebsocketClient.on_message of <iqoptionapi.ws.client.WebsocketClient object at 0x000002390FFC6C30>>: WebsocketClient.on_message() takes 2 positional arguments but 3 were given
2026-07-24 12:56:22,086 | ERROR    | WebsocketClient.on_message() takes 2 positional arguments but 3 were given
2026-07-24 12:56:23,074 | ERROR    | error from callback <bound method WebsocketClient.on_message of <iqoptionapi.ws.client.WebsocketClient object at 0x000002390FFC6C30>>: WebsocketClient.on_message() takes 2 positional arguments but 3 were given
2026-07-24 12:56:23,090 | ERROR    | WebsocketClient.on_message() takes 2 positional arguments but 3 were given
2026-07-24 12:56:24,089 | ERROR    | error from callback <bound method WebsocketClient.on_message of <iqoptionapi.ws.client.WebsocketClient object at 0x000002390FFC6C30>>: WebsocketClient.on_message() takes 2 positional arguments but 3 were given
2026-07-24 12:56:24,105 | ERROR    | WebsocketClient.on_message() takes 2 positional arguments but 3 were given
2026-07-24 12:56:25,121 | ERROR    | error from callback <bound method WebsocketClient.on_message of <iqoptionapi.ws.client.WebsocketClient object at 0x000002390FFC6C30>>: WebsocketClient.on_message() takes 2 positional arguments but 3 were given
2026-07-24 12:56:25,137 | ERROR    | WebsocketClient.on_message() takes 2 positional arguments but 3 were given
2026-07-24 12:56:26,119 | ERROR    | error from callback <bound method WebsocketClient.on_message of <iqoptionapi.ws.client.WebsocketClient object at 0x000002390FFC6C30>>: WebsocketClient.on_message() takes 2 positional arguments but 3 were given
2026-07-24 12:56:26,135 | ERROR    | WebsocketClient.on_message() takes 2 positional arguments but 3 were given
2026-07-24 12:56:27,121 | ERROR    | error from callback <bound method WebsocketClient.on_message of <iqoptionapi.ws.client.WebsocketClient object at 0x000002390FFC6C30>>: WebsocketClient.on_message() takes 2 positional arguments but 3 were given
2026-07-24 12:56:27,136 | ERROR    | WebsocketClient.on_message() takes 2 positional arguments but 3 were given
2026-07-24 12:56:28,146 | ERROR    | error from callback <bound method WebsocketClient.on_message of <iqoptionapi.ws.client.WebsocketClient object at 0x000002390FFC6C30>>: WebsocketClient.on_message() takes 2 positional arguments but 3 were given
2026-07-24 12:56:28,162 | ERROR    | WebsocketClient.on_message() takes 2 positional arguments but 3 were given
2026-07-24 12:56:29,147 | ERROR    | error from callback <bound method WebsocketClient.on_message of <iqoptionapi.ws.client.WebsocketClient object at 0x000002390FFC6C30>>: WebsocketClient.on_message() takes 2 positional arguments but 3 were given
2026-07-24 12:56:29,162 | ERROR    | WebsocketClient.on_message() takes 2 positional arguments but 3 were given
2026-07-24 12:56:30,149 | ERROR    | error from callback <bound method WebsocketClient.on_message of <iqoptionapi.ws.client.WebsocketClient object at 0x000002390FFC6C30>>: WebsocketClient.on_message() takes 2 positional arguments but 3 were given
2026-07-24 12:56:30,164 | ERROR    | WebsocketClient.on_message() takes 2 positional arguments but 3 were given
2026-07-24 12:56:31,151 | ERROR    | error from callback <bound method WebsocketClient.on_message of <iqoptionapi.ws.client.WebsocketClient object at 0x000002390FFC6C30>>: WebsocketClient.on_message() takes 2 positional arguments but 3 were given
2026-07-24 12:56:31,166 | ERROR    | WebsocketClient.on_message() takes 2 positional arguments but 3 were given
2026-07-24 12:56:32,186 | ERROR    | error from callback <bound method WebsocketClient.on_message of <iqoptionapi.ws.client.WebsocketClient object at 0x000002390FFC6C30>>: WebsocketClient.on_message() takes 2 positional arguments but 3 were given
2026-07-24 12:56:32,202 | ERROR    | WebsocketClient.on_message() takes 2 positional arguments but 3 were given
2026-07-24 12:56:33,180 | ERROR    | error from callback <bound method WebsocketClient.on_message of <iqoptionapi.ws.client.WebsocketClient object at 0x000002390FFC6C30>>: WebsocketClient.on_message() takes 2 positional arguments but 3 were given
2026-07-24 12:56:33,196 | ERROR    | WebsocketClient.on_message() takes 2 positional arguments but 3 were given
2026-07-24 12:56:34,171 | ERROR    | error from callback <bound method WebsocketClient.on_message of <iqoptionapi.ws.client.WebsocketClient object at 0x000002390FFC6C30>>: WebsocketClient.on_message() takes 2 positional arguments but 3 were given
2026-07-24 12:56:34,184 | ERROR    | WebsocketClient.on_message() takes 2 positional arguments but 3 were given
2026-07-24 12:56:35,213 | ERROR    | error from callback <bound method WebsocketClient.on_message of <iqoptionapi.ws.client.WebsocketClient object at 0x000002390FFC6C30>>: WebsocketClient.on_message() takes 2 positional arguments but 3 were given
2026-07-24 12:56:35,229 | ERROR    | WebsocketClient.on_message() takes 2 positional arguments but 3 were given
2026-07-24 12:56:36,214 | ERROR    | error from callback <bound method WebsocketClient.on_message of <iqoptionapi.ws.client.WebsocketClient object at 0x000002390FFC6C30>>: WebsocketClient.on_message() takes 2 positional arguments but 3 were given
2026-07-24 12:56:36,229 | ERROR    | WebsocketClient.on_message() takes 2 positional arguments but 3 were given
2026-07-24 12:56:37,214 | ERROR    | error from callback <bound method WebsocketClient.on_message of <iqoptionapi.ws.client.WebsocketClient object at 0x000002390FFC6C30>>: WebsocketClient.on_message() takes 2 positional arguments but 3 were given
2026-07-24 12:56:37,229 | ERROR    | WebsocketClient.on_message() takes 2 positional arguments but 3 were given
2026-07-24 12:56:38,230 | ERROR    | error from callback <bound method WebsocketClient.on_message of <iqoptionapi.ws.client.WebsocketClient object at 0x000002390FFC6C30>>: WebsocketClient.on_message() takes 2 positional arguments but 3 were given
2026-07-24 12:56:38,246 | ERROR    | WebsocketClient.on_message() takes 2 positional arguments but 3 were given
2026-07-24 12:56:39,234 | ERROR    | error from callback <bound method WebsocketClient.on_message of <iqoptionapi.ws.client.WebsocketClient object at 0x000002390FFC6C30>>: WebsocketClient.on_message() takes 2 positional arguments but 3 were given
2026-07-24 12:56:39,250 | ERROR    | WebsocketClient.on_message() takes 2 positional arguments but 3 were given
2026-07-24 12:56:40,250 | ERROR    | error from callback <bound method WebsocketClient.on_message of <iqoptionapi.ws.client.WebsocketClient object at 0x000002390FFC6C30>>: WebsocketClient.on_message() takes 2 positional arguments but 3 were given
2026-07-24 12:56:40,265 | ERROR    | WebsocketClient.on_message() takes 2 positional arguments but 3 were given
2026-07-24 12:56:41,252 | ERROR    | error from callback <bound method WebsocketClient.on_message of <iqoptionapi.ws.client.WebsocketClient object at 0x000002390FFC6C30>>: WebsocketClient.on_message() takes 2 positional arguments but 3 were given
2026-07-24 12:56:41,267 | ERROR    | WebsocketClient.on_message() takes 2 positional arguments but 3 were given
2026-07-24 12:56:42,270 | ERROR    | error from callback <bound method WebsocketClient.on_message of <iqoptionapi.ws.client.WebsocketClient object at 0x000002390FFC6C30>>: WebsocketClient.on_message() takes 2 positional arguments but 3 were given
2026-07-24 12:56:42,285 | ERROR    | WebsocketClient.on_message() takes 2 positional arguments but 3 were given
2026-07-24 12:56:43,275 | ERROR    | error from callback <bound method WebsocketClient.on_message of <iqoptionapi.ws.client.WebsocketClient object at 0x000002390FFC6C30>>: WebsocketClient.on_message() takes 2 positional arguments but 3 were given
2026-07-24 12:56:43,290 | ERROR    | WebsocketClient.on_message() takes 2 positional arguments but 3 were given
2026-07-24 12:56:44,276 | ERROR    | error from callback <bound method WebsocketClient.on_message of <iqoptionapi.ws.client.WebsocketClient object at 0x000002390FFC6C30>>: WebsocketClient.on_message() takes 2 positional arguments but 3 were given
2026-07-24 12:56:44,292 | ERROR    | WebsocketClient.on_message() takes 2 positional arguments but 3 were given
2026-07-24 12:56:45,288 | ERROR    | error from callback <bound method WebsocketClient.on_message of <iqoptionapi.ws.client.WebsocketClient object at 0x000002390FFC6C30>>: WebsocketClient.on_message() takes 2 positional arguments but 3 were given
2026-07-24 12:56:45,304 | ERROR    | WebsocketClient.on_message() takes 2 positional arguments but 3 were given
2026-07-24 12:56:46,320 | ERROR    | error from callback <bound method WebsocketClient.on_message of <iqoptionapi.ws.client.WebsocketClient object at 0x000002390FFC6C30>>: WebsocketClient.on_message() takes 2 positional arguments but 3 were given
2026-07-24 12:56:46,335 | ERROR    | WebsocketClient.on_message() takes 2 positional arguments but 3 were given
2026-07-24 12:56:47,318 | ERROR    | error from callback <bound method WebsocketClient.on_message of <iqoptionapi.ws.client.WebsocketClient object at 0x000002390FFC6C30>>: WebsocketClient.on_message() takes 2 positional arguments but 3 were given
2026-07-24 12:56:47,334 | ERROR    | WebsocketClient.on_message() takes 2 positional arguments but 3 were given
2026-07-24 12:56:48,340 | ERROR    | error from callback <bound method WebsocketClient.on_message of <iqoptionapi.ws.client.WebsocketClient object at 0x000002390FFC6C30>>: WebsocketClient.on_message() takes 2 positional arguments but 3 were given
2026-07-24 12:56:48,356 | ERROR    | WebsocketClient.on_message() takes 2 positional arguments but 3 were given
2026-07-24 12:56:49,337 | ERROR    | error from callback <bound method WebsocketClient.on_message of <iqoptionapi.ws.client.WebsocketClient object at 0x000002390FFC6C30>>: WebsocketClient.on_message() takes 2 positional arguments but 3 were given
2026-07-24 12:56:49,353 | ERROR    | WebsocketClient.on_message() takes 2 positional arguments but 3 were given
2026-07-24 12:56:50,354 | ERROR    | error from callback <bound method WebsocketClient.on_message of <iqoptionapi.ws.client.WebsocketClient object at 0x000002390FFC6C30>>: WebsocketClient.on_message() takes 2 positional arguments but 3 were given
2026-07-24 12:56:50,369 | ERROR    | WebsocketClient.on_message() takes 2 positional arguments but 3 were given
2026-07-24 12:56:51,367 | ERROR    | error from callback <bound method WebsocketClient.on_message of <iqoptionapi.ws.client.WebsocketClient object at 0x000002390FFC6C30>>: WebsocketClient.on_message() takes 2 positional arguments but 3 were given
2026-07-24 12:56:51,383 | ERROR    | WebsocketClient.on_message() takes 2 positional arguments but 3 were given
2026-07-24 12:56:52,370 | ERROR    | error from callback <bound method WebsocketClient.on_message of <iqoptionapi.ws.client.WebsocketClient object at 0x000002390FFC6C30>>: WebsocketClient.on_message() takes 2 positional arguments but 3 were given
2026-07-24 12:56:52,385 | ERROR    | WebsocketClient.on_message() takes 2 positional arguments but 3 were given
2026-07-24 12:56:53,377 | ERROR    | error from callback <bound method WebsocketClient.on_message of <iqoptionapi.ws.client.WebsocketClient object at 0x000002390FFC6C30>>: WebsocketClient.on_message() takes 2 positional arguments but 3 were given
2026-07-24 12:56:53,393 | ERROR    | WebsocketClient.on_message() takes 2 positional arguments but 3 were given
2026-07-24 12:56:54,385 | ERROR    | error from callback <bound method WebsocketClient.on_message of <iqoptionapi.ws.client.WebsocketClient object at 0x000002390FFC6C30>>: WebsocketClient.on_message() takes 2 positional arguments but 3 were given
2026-07-24 12:56:54,400 | ERROR    | WebsocketClient.on_message() takes 2 positional arguments but 3 were given
2026-07-24 12:56:55,400 | ERROR    | error from callback <bound method WebsocketClient.on_message of <iqoptionapi.ws.client.WebsocketClient object at 0x000002390FFC6C30>>: WebsocketClient.on_message() takes 2 positional arguments but 3 were given
2026-07-24 12:56:55,416 | ERROR    | WebsocketClient.on_message() takes 2 positional arguments but 3 were given
2026-07-24 12:56:56,430 | ERROR    | error from callback <bound method WebsocketClient.on_message of <iqoptionapi.ws.client.WebsocketClient object at 0x000002390FFC6C30>>: WebsocketClient.on_message() takes 2 positional arguments but 3 were given
2026-07-24 12:56:56,445 | ERROR    | WebsocketClient.on_message() takes 2 positional arguments but 3 were given
2026-07-24 12:56:57,416 | ERROR    | error from callback <bound method WebsocketClient.on_message of <iqoptionapi.ws.client.WebsocketClient object at 0x000002390FFC6C30>>: WebsocketClient.on_message() takes 2 positional arguments but 3 were given
2026-07-24 12:56:57,432 | ERROR    | WebsocketClient.on_message() takes 2 positional arguments but 3 were given
2026-07-24 12:56:58,427 | ERROR    | error from callback <bound method WebsocketClient.on_message of <iqoptionapi.ws.client.WebsocketClient object at 0x000002390FFC6C30>>: WebsocketClient.on_message() takes 2 positional arguments but 3 were given
2026-07-24 12:56:58,442 | ERROR    | WebsocketClient.on_message() takes 2 positional arguments but 3 were given
2026-07-24 12:56:59,461 | ERROR    | error from callback <bound method WebsocketClient.on_message of <iqoptionapi.ws.client.WebsocketClient object at 0x000002390FFC6C30>>: WebsocketClient.on_message() takes 2 positional arguments but 3 were given
2026-07-24 12:56:59,477 | ERROR    | WebsocketClient.on_message() takes 2 positional arguments but 3 were given
2026-07-24 12:57:00,457 | ERROR    | error from callback <bound method WebsocketClient.on_message of <iqoptionapi.ws.client.WebsocketClient object at 0x000002390FFC6C30>>: WebsocketClient.on_message() takes 2 positional arguments but 3 were given
2026-07-24 12:57:00,473 | ERROR    | WebsocketClient.on_message() takes 2 positional arguments but 3 were given
2026-07-24 12:57:01,487 | ERROR    | error from callback <bound method WebsocketClient.on_message of <iqoptionapi.ws.client.WebsocketClient object at 0x000002390FFC6C30>>: WebsocketClient.on_message() takes 2 positional arguments but 3 were given
2026-07-24 12:57:01,503 | ERROR    | WebsocketClient.on_message() takes 2 positional arguments but 3 were given
2026-07-24 12:57:02,467 | ERROR    | error from callback <bound method WebsocketClient.on_message of <iqoptionapi.ws.client.WebsocketClient object at 0x000002390FFC6C30>>: WebsocketClient.on_message() takes 2 positional arguments but 3 were given
2026-07-24 12:57:02,482 | ERROR    | WebsocketClient.on_message() takes 2 positional arguments but 3 were given
2026-07-24 12:57:03,484 | ERROR    | error from callback <bound method WebsocketClient.on_message of <iqoptionapi.ws.client.WebsocketClient object at 0x000002390FFC6C30>>: WebsocketClient.on_message() takes 2 positional arguments but 3 were given
2026-07-24 12:57:03,500 | ERROR    | WebsocketClient.on_message() takes 2 positional arguments but 3 were given
2026-07-24 12:57:04,492 | ERROR    | error from callback <bound method WebsocketClient.on_message of <iqoptionapi.ws.client.WebsocketClient object at 0x000002390FFC6C30>>: WebsocketClient.on_message() takes 2 positional arguments but 3 were given
2026-07-24 12:57:04,508 | ERROR    | WebsocketClient.on_message() takes 2 positional arguments but 3 were given
2026-07-24 12:57:05,499 | ERROR    | error from callback <bound method WebsocketClient.on_message of <iqoptionapi.ws.client.WebsocketClient object at 0x000002390FFC6C30>>: WebsocketClient.on_message() takes 2 positional arguments but 3 were given
2026-07-24 12:57:05,515 | ERROR    | WebsocketClient.on_message() takes 2 positional arguments but 3 were given
2026-07-24 12:57:06,523 | ERROR    | error from callback <bound method WebsocketClient.on_message of <iqoptionapi.ws.client.WebsocketClient object at 0x000002390FFC6C30>>: WebsocketClient.on_message() takes 2 positional arguments but 3 were given
2026-07-24 12:57:06,539 | ERROR    | WebsocketClient.on_message() takes 2 positional arguments but 3 were given
2026-07-24 12:57:07,525 | ERROR    | error from callback <bound method WebsocketClient.on_message of <iqoptionapi.ws.client.WebsocketClient object at 0x000002390FFC6C30>>: WebsocketClient.on_message() takes 2 positional arguments but 3 were given
2026-07-24 12:57:07,541 | ERROR    | WebsocketClient.on_message() takes 2 positional arguments but 3 were given
2026-07-24 12:57:08,527 | ERROR    | error from callback <bound method WebsocketClient.on_message of <iqoptionapi.ws.client.WebsocketClient object at 0x000002390FFC6C30>>: WebsocketClient.on_message() takes 2 positional arguments but 3 were given
2026-07-24 12:57:08,542 | ERROR    | WebsocketClient.on_message() takes 2 positional arguments but 3 were given
2026-07-24 12:57:09,533 | ERROR    | error from callback <bound method WebsocketClient.on_message of <iqoptionapi.ws.client.WebsocketClient object at 0x000002390FFC6C30>>: WebsocketClient.on_message() takes 2 positional arguments but 3 were given
2026-07-24 12:57:09,549 | ERROR    | WebsocketClient.on_message() takes 2 positional arguments but 3 were given
2026-07-24 12:57:10,551 | ERROR    | error from callback <bound method WebsocketClient.on_message of <iqoptionapi.ws.client.WebsocketClient object at 0x000002390FFC6C30>>: WebsocketClient.on_message() takes 2 positional arguments but 3 were given
2026-07-24 12:57:10,567 | ERROR    | WebsocketClient.on_message() takes 2 positional arguments but 3 were given
2026-07-24 12:57:11,555 | ERROR    | error from callback <bound method WebsocketClient.on_message of <iqoptionapi.ws.client.WebsocketClient object at 0x000002390FFC6C30>>: WebsocketClient.on_message() takes 2 positional arguments but 3 were given
2026-07-24 12:57:11,571 | ERROR    | WebsocketClient.on_message() takes 2 positional arguments but 3 were given
2026-07-24 12:57:12,560 | ERROR    | error from callback <bound method WebsocketClient.on_message of <iqoptionapi.ws.client.WebsocketClient object at 0x000002390FFC6C30>>: WebsocketClient.on_message() takes 2 positional arguments but 3 were given
2026-07-24 12:57:12,576 | ERROR    | WebsocketClient.on_message() takes 2 positional arguments but 3 were given
2026-07-24 12:57:13,578 | ERROR    | error from callback <bound method WebsocketClient.on_message of <iqoptionapi.ws.client.WebsocketClient object at 0x000002390FFC6C30>>: WebsocketClient.on_message() takes 2 positional arguments but 3 were given
2026-07-24 12:57:13,594 | ERROR    | WebsocketClient.on_message() takes 2 positional arguments but 3 were given
2026-07-24 12:57:14,582 | ERROR    | error from callback <bound method WebsocketClient.on_message of <iqoptionapi.ws.client.WebsocketClient object at 0x000002390FFC6C30>>: WebsocketClient.on_message() takes 2 positional arguments but 3 were given
2026-07-24 12:57:14,582 | ERROR    | WebsocketClient.on_message() takes 2 positional arguments but 3 were given
2026-07-24 12:57:15,617 | ERROR    | error from callback <bound method WebsocketClient.on_message of <iqoptionapi.ws.client.WebsocketClient object at 0x000002390FFC6C30>>: WebsocketClient.on_message() takes 2 positional arguments but 3 were given
2026-07-24 12:57:15,633 | ERROR    | WebsocketClient.on_message() takes 2 positional arguments but 3 were given
2026-07-24 12:57:16,607 | ERROR    | error from callback <bound method WebsocketClient.on_message of <iqoptionapi.ws.client.WebsocketClient object at 0x000002390FFC6C30>>: WebsocketClient.on_message() takes 2 positional arguments but 3 were given
2026-07-24 12:57:16,623 | ERROR    | WebsocketClient.on_message() takes 2 positional arguments but 3 were given
2026-07-24 12:57:17,612 | ERROR    | error from callback <bound method WebsocketClient.on_message of <iqoptionapi.ws.client.WebsocketClient object at 0x000002390FFC6C30>>: WebsocketClient.on_message() takes 2 positional arguments but 3 were given
2026-07-24 12:57:17,627 | ERROR    | WebsocketClient.on_message() takes 2 positional arguments but 3 were given
2026-07-24 12:57:18,627 | ERROR    | error from callback <bound method WebsocketClient.on_message of <iqoptionapi.ws.client.WebsocketClient object at 0x000002390FFC6C30>>: WebsocketClient.on_message() takes 2 positional arguments but 3 were given
2026-07-24 12:57:18,643 | ERROR    | WebsocketClient.on_message() takes 2 positional arguments but 3 were given
2026-07-24 12:57:19,651 | ERROR    | error from callback <bound method WebsocketClient.on_message of <iqoptionapi.ws.client.WebsocketClient object at 0x000002390FFC6C30>>: WebsocketClient.on_message() takes 2 positional arguments but 3 were given
2026-07-24 12:57:19,667 | ERROR    | WebsocketClient.on_message() takes 2 positional arguments but 3 were given
2026-07-24 12:57:20,640 | ERROR    | error from callback <bound method WebsocketClient.on_message of <iqoptionapi.ws.client.WebsocketClient object at 0x000002390FFC6C30>>: WebsocketClient.on_message() takes 2 positional arguments but 3 were given
2026-07-24 12:57:20,656 | ERROR    | WebsocketClient.on_message() takes 2 positional arguments but 3 were given
2026-07-24 12:57:21,660 | ERROR    | error from callback <bound method WebsocketClient.on_message of <iqoptionapi.ws.client.WebsocketClient object at 0x000002390FFC6C30>>: WebsocketClient.on_message() takes 2 positional arguments but 3 were given
2026-07-24 12:57:21,660 | ERROR    | WebsocketClient.on_message() takes 2 positional arguments but 3 were given
2026-07-24 12:57:22,664 | ERROR    | error from callback <bound method WebsocketClient.on_message of <iqoptionapi.ws.client.WebsocketClient object at 0x000002390FFC6C30>>: WebsocketClient.on_message() takes 2 positional arguments but 3 were given
2026-07-24 12:57:22,680 | ERROR    | WebsocketClient.on_message() takes 2 positional arguments but 3 were given
2026-07-24 12:57:23,669 | ERROR    | error from callback <bound method WebsocketClient.on_message of <iqoptionapi.ws.client.WebsocketClient object at 0x000002390FFC6C30>>: WebsocketClient.on_message() takes 2 positional arguments but 3 were given
2026-07-24 12:57:23,685 | ERROR    | WebsocketClient.on_message() takes 2 positional arguments but 3 were given
2026-07-24 12:57:24,687 | ERROR    | error from callback <bound method WebsocketClient.on_message of <iqoptionapi.ws.client.WebsocketClient object at 0x000002390FFC6C30>>: WebsocketClient.on_message() takes 2 positional arguments but 3 were given
2026-07-24 12:57:24,703 | ERROR    | WebsocketClient.on_message() takes 2 positional arguments but 3 were given
2026-07-24 12:57:25,692 | ERROR    | error from callback <bound method WebsocketClient.on_message of <iqoptionapi.ws.client.WebsocketClient object at 0x000002390FFC6C30>>: WebsocketClient.on_message() takes 2 positional arguments but 3 were given
2026-07-24 12:57:25,708 | ERROR    | WebsocketClient.on_message() takes 2 positional arguments but 3 were given
2026-07-24 12:57:26,693 | ERROR    | error from callback <bound method WebsocketClient.on_message of <iqoptionapi.ws.client.WebsocketClient object at 0x000002390FFC6C30>>: WebsocketClient.on_message() takes 2 positional arguments but 3 were given
2026-07-24 12:57:26,709 | ERROR    | WebsocketClient.on_message() takes 2 positional arguments but 3 were given
2026-07-24 12:57:27,729 | ERROR    | error from callback <bound method WebsocketClient.on_message of <iqoptionapi.ws.client.WebsocketClient object at 0x000002390FFC6C30>>: WebsocketClient.on_message() takes 2 positional arguments but 3 were given
2026-07-24 12:57:27,745 | ERROR    | WebsocketClient.on_message() takes 2 positional arguments but 3 were given
2026-07-24 12:57:28,715 | ERROR    | error from callback <bound method WebsocketClient.on_message of <iqoptionapi.ws.client.WebsocketClient object at 0x000002390FFC6C30>>: WebsocketClient.on_message() takes 2 positional arguments but 3 were given
2026-07-24 12:57:28,730 | ERROR    | WebsocketClient.on_message() takes 2 positional arguments but 3 were given
2026-07-24 12:57:29,748 | ERROR    | error from callback <bound method WebsocketClient.on_message of <iqoptionapi.ws.client.WebsocketClient object at 0x000002390FFC6C30>>: WebsocketClient.on_message() takes 2 positional arguments but 3 were given
2026-07-24 12:57:29,764 | ERROR    | WebsocketClient.on_message() takes 2 positional arguments but 3 were given
2026-07-24 12:57:30,720 | ERROR    | error from callback <bound method WebsocketClient.on_message of <iqoptionapi.ws.client.WebsocketClient object at 0x000002390FFC6C30>>: WebsocketClient.on_message() takes 2 positional arguments but 3 were given
2026-07-24 12:57:30,736 | ERROR    | WebsocketClient.on_message() takes 2 positional arguments but 3 were given
2026-07-24 12:57:31,743 | ERROR    | error from callback <bound method WebsocketClient.on_message of <iqoptionapi.ws.client.WebsocketClient object at 0x000002390FFC6C30>>: WebsocketClient.on_message() takes 2 positional arguments but 3 were given
2026-07-24 12:57:31,758 | ERROR    | WebsocketClient.on_message() takes 2 positional arguments but 3 were given
2026-07-24 12:57:32,755 | ERROR    | error from callback <bound method WebsocketClient.on_message of <iqoptionapi.ws.client.WebsocketClient object at 0x000002390FFC6C30>>: WebsocketClient.on_message() takes 2 positional arguments but 3 were given
2026-07-24 12:57:32,770 | ERROR    | WebsocketClient.on_message() takes 2 positional arguments but 3 were given
2026-07-24 12:57:33,769 | ERROR    | error from callback <bound method WebsocketClient.on_message of <iqoptionapi.ws.client.WebsocketClient object at 0x000002390FFC6C30>>: WebsocketClient.on_message() takes 2 positional arguments but 3 were given
2026-07-24 12:57:33,785 | ERROR    | WebsocketClient.on_message() takes 2 positional arguments but 3 were given
2026-07-24 12:57:34,773 | ERROR    | error from callback <bound method WebsocketClient.on_message of <iqoptionapi.ws.client.WebsocketClient object at 0x000002390FFC6C30>>: WebsocketClient.on_message() takes 2 positional arguments but 3 were given
2026-07-24 12:57:34,789 | ERROR    | WebsocketClient.on_message() takes 2 positional arguments but 3 were given
2026-07-24 12:57:35,786 | ERROR    | error from callback <bound method WebsocketClient.on_message of <iqoptionapi.ws.client.WebsocketClient object at 0x000002390FFC6C30>>: WebsocketClient.on_message() takes 2 positional arguments but 3 were given
2026-07-24 12:57:35,801 | ERROR    | WebsocketClient.on_message() takes 2 positional arguments but 3 were given
2026-07-24 12:57:36,801 | ERROR    | error from callback <bound method WebsocketClient.on_message of <iqoptionapi.ws.client.WebsocketClient object at 0x000002390FFC6C30>>: WebsocketClient.on_message() takes 2 positional arguments but 3 were given
2026-07-24 12:57:36,817 | ERROR    | WebsocketClient.on_message() takes 2 positional arguments but 3 were given
2026-07-24 12:57:37,804 | ERROR    | error from callback <bound method WebsocketClient.on_message of <iqoptionapi.ws.client.WebsocketClient object at 0x000002390FFC6C30>>: WebsocketClient.on_message() takes 2 positional arguments but 3 were given
2026-07-24 12:57:37,820 | ERROR    | WebsocketClient.on_message() takes 2 positional arguments but 3 were given
2026-07-24 12:57:38,820 | ERROR    | error from callback <bound method WebsocketClient.on_message of <iqoptionapi.ws.client.WebsocketClient object at 0x000002390FFC6C30>>: WebsocketClient.on_message() takes 2 positional arguments but 3 were given
2026-07-24 12:57:38,835 | ERROR    | WebsocketClient.on_message() takes 2 positional arguments but 3 were given
2026-07-24 12:57:39,818 | ERROR    | error from callback <bound method WebsocketClient.on_message of <iqoptionapi.ws.client.WebsocketClient object at 0x000002390FFC6C30>>: WebsocketClient.on_message() takes 2 positional arguments but 3 were given
2026-07-24 12:57:39,834 | ERROR    | WebsocketClient.on_message() takes 2 positional arguments but 3 were given
2026-07-24 12:57:40,830 | ERROR    | error from callback <bound method WebsocketClient.on_message of <iqoptionapi.ws.client.WebsocketClient object at 0x000002390FFC6C30>>: WebsocketClient.on_message() takes 2 positional arguments but 3 were given
2026-07-24 12:57:40,845 | ERROR    | WebsocketClient.on_message() takes 2 positional arguments but 3 were given
2026-07-24 12:57:41,846 | ERROR    | error from callback <bound method WebsocketClient.on_message of <iqoptionapi.ws.client.WebsocketClient object at 0x000002390FFC6C30>>: WebsocketClient.on_message() takes 2 positional arguments but 3 were given
2026-07-24 12:57:41,861 | ERROR    | WebsocketClient.on_message() takes 2 positional arguments but 3 were given
2026-07-24 12:57:42,878 | ERROR    | error from callback <bound method WebsocketClient.on_message of <iqoptionapi.ws.client.WebsocketClient object at 0x000002390FFC6C30>>: WebsocketClient.on_message() takes 2 positional arguments but 3 were given
2026-07-24 12:57:42,894 | ERROR    | WebsocketClient.on_message() takes 2 positional arguments but 3 were given
2026-07-24 12:57:43,868 | ERROR    | error from callback <bound method WebsocketClient.on_message of <iqoptionapi.ws.client.WebsocketClient object at 0x000002390FFC6C30>>: WebsocketClient.on_message() takes 2 positional arguments but 3 were given
2026-07-24 12:57:43,884 | ERROR    | WebsocketClient.on_message() takes 2 positional arguments but 3 were given
2026-07-24 12:57:44,871 | ERROR    | error from callback <bound method WebsocketClient.on_message of <iqoptionapi.ws.client.WebsocketClient object at 0x000002390FFC6C30>>: WebsocketClient.on_message() takes 2 positional arguments but 3 were given
2026-07-24 12:57:44,886 | ERROR    | WebsocketClient.on_message() takes 2 positional arguments but 3 were given
2026-07-24 12:57:45,887 | ERROR    | error from callback <bound method WebsocketClient.on_message of <iqoptionapi.ws.client.WebsocketClient object at 0x000002390FFC6C30>>: WebsocketClient.on_message() takes 2 positional arguments but 3 were given
2026-07-24 12:57:45,903 | ERROR    | WebsocketClient.on_message() takes 2 positional arguments but 3 were given
2026-07-24 12:57:46,906 | ERROR    | error from callback <bound method WebsocketClient.on_message of <iqoptionapi.ws.client.WebsocketClient object at 0x000002390FFC6C30>>: WebsocketClient.on_message() takes 2 positional arguments but 3 were given
2026-07-24 12:57:46,921 | ERROR    | WebsocketClient.on_message() takes 2 positional arguments but 3 were given
2026-07-24 12:57:47,907 | ERROR    | error from callback <bound method WebsocketClient.on_message of <iqoptionapi.ws.client.WebsocketClient object at 0x000002390FFC6C30>>: WebsocketClient.on_message() takes 2 positional arguments but 3 were given
2026-07-24 12:57:47,923 | ERROR    | WebsocketClient.on_message() takes 2 positional arguments but 3 were given
2026-07-24 12:57:48,936 | ERROR    | error from callback <bound method WebsocketClient.on_message of <iqoptionapi.ws.client.WebsocketClient object at 0x000002390FFC6C30>>: WebsocketClient.on_message() takes 2 positional arguments but 3 were given
2026-07-24 12:57:48,952 | ERROR    | WebsocketClient.on_message() takes 2 positional arguments but 3 were given
2026-07-24 12:57:49,936 | ERROR    | error from callback <bound method WebsocketClient.on_message of <iqoptionapi.ws.client.WebsocketClient object at 0x000002390FFC6C30>>: WebsocketClient.on_message() takes 2 positional arguments but 3 were given
2026-07-24 12:57:49,952 | ERROR    | WebsocketClient.on_message() takes 2 positional arguments but 3 were given
2026-07-24 12:57:50,961 | ERROR    | error from callback <bound method WebsocketClient.on_message of <iqoptionapi.ws.client.WebsocketClient object at 0x000002390FFC6C30>>: WebsocketClient.on_message() takes 2 positional arguments but 3 were given
2026-07-24 12:57:50,977 | ERROR    | WebsocketClient.on_message() takes 2 positional arguments but 3 were given
2026-07-24 12:57:51,946 | ERROR    | error from callback <bound method WebsocketClient.on_message of <iqoptionapi.ws.client.WebsocketClient object at 0x000002390FFC6C30>>: WebsocketClient.on_message() takes 2 positional arguments but 3 were given
2026-07-24 12:57:51,961 | ERROR    | WebsocketClient.on_message() takes 2 positional arguments but 3 were given
2026-07-24 12:57:52,958 | ERROR    | error from callback <bound method WebsocketClient.on_message of <iqoptionapi.ws.client.WebsocketClient object at 0x000002390FFC6C30>>: WebsocketClient.on_message() takes 2 positional arguments but 3 were given
2026-07-24 12:57:52,973 | ERROR    | WebsocketClient.on_message() takes 2 positional arguments but 3 were given
2026-07-24 12:57:53,989 | ERROR    | error from callback <bound method WebsocketClient.on_message of <iqoptionapi.ws.client.WebsocketClient object at 0x000002390FFC6C30>>: WebsocketClient.on_message() takes 2 positional arguments but 3 were given
2026-07-24 12:57:54,004 | ERROR    | WebsocketClient.on_message() takes 2 positional arguments but 3 were given
2026-07-24 12:57:54,979 | ERROR    | error from callback <bound method WebsocketClient.on_message of <iqoptionapi.ws.client.WebsocketClient object at 0x000002390FFC6C30>>: WebsocketClient.on_message() takes 2 positional arguments but 3 were given
2026-07-24 12:57:54,995 | ERROR    | WebsocketClient.on_message() takes 2 positional arguments but 3 were given
2026-07-24 12:57:55,982 | ERROR    | error from callback <bound method WebsocketClient.on_message of <iqoptionapi.ws.client.WebsocketClient object at 0x000002390FFC6C30>>: WebsocketClient.on_message() takes 2 positional arguments but 3 were given
2026-07-24 12:57:55,997 | ERROR    | WebsocketClient.on_message() takes 2 positional arguments but 3 were given
2026-07-24 12:57:57,000 | ERROR    | error from callback <bound method WebsocketClient.on_message of <iqoptionapi.ws.client.WebsocketClient object at 0x000002390FFC6C30>>: WebsocketClient.on_message() takes 2 positional arguments but 3 were given
2026-07-24 12:57:57,016 | ERROR    | WebsocketClient.on_message() takes 2 positional arguments but 3 were given
2026-07-24 12:57:58,003 | ERROR    | error from callback <bound method WebsocketClient.on_message of <iqoptionapi.ws.client.WebsocketClient object at 0x000002390FFC6C30>>: WebsocketClient.on_message() takes 2 positional arguments but 3 were given
2026-07-24 12:57:58,018 | ERROR    | WebsocketClient.on_message() takes 2 positional arguments but 3 were given
2026-07-24 12:57:59,016 | ERROR    | error from callback <bound method WebsocketClient.on_message of <iqoptionapi.ws.client.WebsocketClient object at 0x000002390FFC6C30>>: WebsocketClient.on_message() takes 2 positional arguments but 3 were given
2026-07-24 12:57:59,032 | ERROR    | WebsocketClient.on_message() takes 2 positional arguments but 3 were given
2026-07-24 12:58:00,033 | ERROR    | error from callback <bound method WebsocketClient.on_message of <iqoptionapi.ws.client.WebsocketClient object at 0x000002390FFC6C30>>: WebsocketClient.on_message() takes 2 positional arguments but 3 were given
2026-07-24 12:58:00,049 | ERROR    | WebsocketClient.on_message() takes 2 positional arguments but 3 were given
2026-07-24 12:58:01,033 | ERROR    | error from callback <bound method WebsocketClient.on_message of <iqoptionapi.ws.client.WebsocketClient object at 0x000002390FFC6C30>>: WebsocketClient.on_message() takes 2 positional arguments but 3 were given
2026-07-24 12:58:01,048 | ERROR    | WebsocketClient.on_message() takes 2 positional arguments but 3 were given
2026-07-24 12:58:02,053 | ERROR    | error from callback <bound method WebsocketClient.on_message of <iqoptionapi.ws.client.WebsocketClient object at 0x000002390FFC6C30>>: WebsocketClient.on_message() takes 2 positional arguments but 3 were given
2026-07-24 12:58:02,069 | ERROR    | WebsocketClient.on_message() takes 2 positional arguments but 3 were given
2026-07-24 12:58:03,052 | ERROR    | error from callback <bound method WebsocketClient.on_message of <iqoptionapi.ws.client.WebsocketClient object at 0x000002390FFC6C30>>: WebsocketClient.on_message() takes 2 positional arguments but 3 were given
2026-07-24 12:58:03,068 | ERROR    | WebsocketClient.on_message() takes 2 positional arguments but 3 were given
2026-07-24 12:58:04,075 | ERROR    | error from callback <bound method WebsocketClient.on_message of <iqoptionapi.ws.client.WebsocketClient object at 0x000002390FFC6C30>>: WebsocketClient.on_message() takes 2 positional arguments but 3 were given
2026-07-24 12:58:04,090 | ERROR    | WebsocketClient.on_message() takes 2 positional arguments but 3 were given
2026-07-24 12:58:05,073 | ERROR    | error from callback <bound method WebsocketClient.on_message of <iqoptionapi.ws.client.WebsocketClient object at 0x000002390FFC6C30>>: WebsocketClient.on_message() takes 2 positional arguments but 3 were given
2026-07-24 12:58:05,073 | ERROR    | WebsocketClient.on_message() takes 2 positional arguments but 3 were given
2026-07-24 12:58:06,091 | ERROR    | error from callback <bound method WebsocketClient.on_message of <iqoptionapi.ws.client.WebsocketClient object at 0x000002390FFC6C30>>: WebsocketClient.on_message() takes 2 positional arguments but 3 were given
2026-07-24 12:58:06,107 | ERROR    | WebsocketClient.on_message() takes 2 positional arguments but 3 were given
2026-07-24 12:58:07,091 | ERROR    | error from callback <bound method WebsocketClient.on_message of <iqoptionapi.ws.client.WebsocketClient object at 0x000002390FFC6C30>>: WebsocketClient.on_message() takes 2 positional arguments but 3 were given
2026-07-24 12:58:07,107 | ERROR    | WebsocketClient.on_message() takes 2 positional arguments but 3 were given
2026-07-24 12:58:08,106 | ERROR    | error from callback <bound method WebsocketClient.on_message of <iqoptionapi.ws.client.WebsocketClient object at 0x000002390FFC6C30>>: WebsocketClient.on_message() takes 2 positional arguments but 3 were given
2026-07-24 12:58:08,121 | ERROR    | WebsocketClient.on_message() takes 2 positional arguments but 3 were given
2026-07-24 12:58:09,109 | ERROR    | error from callback <bound method WebsocketClient.on_message of <iqoptionapi.ws.client.WebsocketClient object at 0x000002390FFC6C30>>: WebsocketClient.on_message() takes 2 positional arguments but 3 were given
2026-07-24 12:58:09,125 | ERROR    | WebsocketClient.on_message() takes 2 positional arguments but 3 were given
2026-07-24 12:58:10,131 | ERROR    | error from callback <bound method WebsocketClient.on_message of <iqoptionapi.ws.client.WebsocketClient object at 0x000002390FFC6C30>>: WebsocketClient.on_message() takes 2 positional arguments but 3 were given
2026-07-24 12:58:10,147 | ERROR    | WebsocketClient.on_message() takes 2 positional arguments but 3 were given
2026-07-24 12:58:11,131 | ERROR    | error from callback <bound method WebsocketClient.on_message of <iqoptionapi.ws.client.WebsocketClient object at 0x000002390FFC6C30>>: WebsocketClient.on_message() takes 2 positional arguments but 3 were given
2026-07-24 12:58:11,147 | ERROR    | WebsocketClient.on_message() takes 2 positional arguments but 3 were given
2026-07-24 12:58:12,150 | ERROR    | error from callback <bound method WebsocketClient.on_message of <iqoptionapi.ws.client.WebsocketClient object at 0x000002390FFC6C30>>: WebsocketClient.on_message() takes 2 positional arguments but 3 were given
2026-07-24 12:58:12,166 | ERROR    | WebsocketClient.on_message() takes 2 positional arguments but 3 were given
2026-07-24 12:58:13,148 | ERROR    | error from callback <bound method WebsocketClient.on_message of <iqoptionapi.ws.client.WebsocketClient object at 0x000002390FFC6C30>>: WebsocketClient.on_message() takes 2 positional arguments but 3 were given
2026-07-24 12:58:13,164 | ERROR    | WebsocketClient.on_message() takes 2 positional arguments but 3 were given
2026-07-24 12:58:14,164 | ERROR    | error from callback <bound method WebsocketClient.on_message of <iqoptionapi.ws.client.WebsocketClient object at 0x000002390FFC6C30>>: WebsocketClient.on_message() takes 2 positional arguments but 3 were given
2026-07-24 12:58:14,180 | ERROR    | WebsocketClient.on_message() takes 2 positional arguments but 3 were given
2026-07-24 12:58:15,167 | ERROR    | error from callback <bound method WebsocketClient.on_message of <iqoptionapi.ws.client.WebsocketClient object at 0x000002390FFC6C30>>: WebsocketClient.on_message() takes 2 positional arguments but 3 were given
2026-07-24 12:58:15,183 | ERROR    | WebsocketClient.on_message() takes 2 positional arguments but 3 were given
2026-07-24 12:58:16,188 | ERROR    | error from callback <bound method WebsocketClient.on_message of <iqoptionapi.ws.client.WebsocketClient object at 0x000002390FFC6C30>>: WebsocketClient.on_message() takes 2 positional arguments but 3 were given
2026-07-24 12:58:16,204 | ERROR    | WebsocketClient.on_message() takes 2 positional arguments but 3 were given
2026-07-24 12:58:17,196 | ERROR    | error from callback <bound method WebsocketClient.on_message of <iqoptionapi.ws.client.WebsocketClient object at 0x000002390FFC6C30>>: WebsocketClient.on_message() takes 2 positional arguments but 3 were given
2026-07-24 12:58:17,211 | ERROR    | WebsocketClient.on_message() takes 2 positional arguments but 3 were given
2026-07-24 12:58:18,216 | ERROR    | error from callback <bound method WebsocketClient.on_message of <iqoptionapi.ws.client.WebsocketClient object at 0x000002390FFC6C30>>: WebsocketClient.on_message() takes 2 positional arguments but 3 were given
2026-07-24 12:58:18,232 | ERROR    | WebsocketClient.on_message() takes 2 positional arguments but 3 were given
2026-07-24 12:58:19,225 | ERROR    | error from callback <bound method WebsocketClient.on_message of <iqoptionapi.ws.client.WebsocketClient object at 0x000002390FFC6C30>>: WebsocketClient.on_message() takes 2 positional arguments but 3 were given
2026-07-24 12:58:19,241 | ERROR    | WebsocketClient.on_message() takes 2 positional arguments but 3 were given
2026-07-24 12:58:20,215 | ERROR    | error from callback <bound method WebsocketClient.on_message of <iqoptionapi.ws.client.WebsocketClient object at 0x000002390FFC6C30>>: WebsocketClient.on_message() takes 2 positional arguments but 3 were given
2026-07-24 12:58:20,231 | ERROR    | WebsocketClient.on_message() takes 2 positional arguments but 3 were given
2026-07-24 12:58:21,232 | ERROR    | error from callback <bound method WebsocketClient.on_message of <iqoptionapi.ws.client.WebsocketClient object at 0x000002390FFC6C30>>: WebsocketClient.on_message() takes 2 positional arguments but 3 were given
2026-07-24 12:58:21,247 | ERROR    | WebsocketClient.on_message() takes 2 positional arguments but 3 were given
2026-07-24 12:58:22,238 | ERROR    | error from callback <bound method WebsocketClient.on_message of <iqoptionapi.ws.client.WebsocketClient object at 0x000002390FFC6C30>>: WebsocketClient.on_message() takes 2 positional arguments but 3 were given
2026-07-24 12:58:22,254 | ERROR    | WebsocketClient.on_message() takes 2 positional arguments but 3 were given
2026-07-24 12:58:23,263 | ERROR    | error from callback <bound method WebsocketClient.on_message of <iqoptionapi.ws.client.WebsocketClient object at 0x000002390FFC6C30>>: WebsocketClient.on_message() takes 2 positional arguments but 3 were given
2026-07-24 12:58:23,278 | ERROR    | WebsocketClient.on_message() takes 2 positional arguments but 3 were given
2026-07-24 12:58:24,266 | ERROR    | error from callback <bound method WebsocketClient.on_message of <iqoptionapi.ws.client.WebsocketClient object at 0x000002390FFC6C30>>: WebsocketClient.on_message() takes 2 positional arguments but 3 were given
2026-07-24 12:58:24,282 | ERROR    | WebsocketClient.on_message() takes 2 positional arguments but 3 were given
2026-07-24 12:58:25,272 | ERROR    | error from callback <bound method WebsocketClient.on_message of <iqoptionapi.ws.client.WebsocketClient object at 0x000002390FFC6C30>>: WebsocketClient.on_message() takes 2 positional arguments but 3 were given
2026-07-24 12:58:25,287 | ERROR    | WebsocketClient.on_message() takes 2 positional arguments but 3 were given
2026-07-24 12:58:26,288 | ERROR    | error from callback <bound method WebsocketClient.on_message of <iqoptionapi.ws.client.WebsocketClient object at 0x000002390FFC6C30>>: WebsocketClient.on_message() takes 2 positional arguments but 3 were given
2026-07-24 12:58:26,304 | ERROR    | WebsocketClient.on_message() takes 2 positional arguments but 3 were given
2026-07-24 12:58:27,290 | ERROR    | error from callback <bound method WebsocketClient.on_message of <iqoptionapi.ws.client.WebsocketClient object at 0x000002390FFC6C30>>: WebsocketClient.on_message() takes 2 positional arguments but 3 were given
2026-07-24 12:58:27,306 | ERROR    | WebsocketClient.on_message() takes 2 positional arguments but 3 were given
2026-07-24 12:58:28,320 | ERROR    | error from callback <bound method WebsocketClient.on_message of <iqoptionapi.ws.client.WebsocketClient object at 0x000002390FFC6C30>>: WebsocketClient.on_message() takes 2 positional arguments but 3 were given
2026-07-24 12:58:28,336 | ERROR    | WebsocketClient.on_message() takes 2 positional arguments but 3 were given
2026-07-24 12:58:29,313 | ERROR    | error from callback <bound method WebsocketClient.on_message of <iqoptionapi.ws.client.WebsocketClient object at 0x000002390FFC6C30>>: WebsocketClient.on_message() takes 2 positional arguments but 3 were given
2026-07-24 12:58:29,313 | ERROR    | WebsocketClient.on_message() takes 2 positional arguments but 3 were given
2026-07-24 12:58:30,322 | ERROR    | error from callback <bound method WebsocketClient.on_message of <iqoptionapi.ws.client.WebsocketClient object at 0x000002390FFC6C30>>: WebsocketClient.on_message() takes 2 positional arguments but 3 were given
2026-07-24 12:58:30,322 | ERROR    | WebsocketClient.on_message() takes 2 positional arguments but 3 were given
2026-07-24 12:58:31,340 | ERROR    | error from callback <bound method WebsocketClient.on_message of <iqoptionapi.ws.client.WebsocketClient object at 0x000002390FFC6C30>>: WebsocketClient.on_message() takes 2 positional arguments but 3 were given
2026-07-24 12:58:31,356 | ERROR    | WebsocketClient.on_message() takes 2 positional arguments but 3 were given
2026-07-24 12:58:32,359 | ERROR    | error from callback <bound method WebsocketClient.on_message of <iqoptionapi.ws.client.WebsocketClient object at 0x000002390FFC6C30>>: WebsocketClient.on_message() takes 2 positional arguments but 3 were given
2026-07-24 12:58:32,374 | ERROR    | WebsocketClient.on_message() takes 2 positional arguments but 3 were given
2026-07-24 12:58:33,351 | ERROR    | error from callback <bound method WebsocketClient.on_message of <iqoptionapi.ws.client.WebsocketClient object at 0x000002390FFC6C30>>: WebsocketClient.on_message() takes 2 positional arguments but 3 were given
2026-07-24 12:58:33,367 | ERROR    | WebsocketClient.on_message() takes 2 positional arguments but 3 were given
2026-07-24 12:58:34,377 | ERROR    | error from callback <bound method WebsocketClient.on_message of <iqoptionapi.ws.client.WebsocketClient object at 0x000002390FFC6C30>>: WebsocketClient.on_message() takes 2 positional arguments but 3 were given
2026-07-24 12:58:34,393 | ERROR    | WebsocketClient.on_message() takes 2 positional arguments but 3 were given
2026-07-24 12:58:35,370 | ERROR    | error from callback <bound method WebsocketClient.on_message of <iqoptionapi.ws.client.WebsocketClient object at 0x000002390FFC6C30>>: WebsocketClient.on_message() takes 2 positional arguments but 3 were given
2026-07-24 12:58:35,385 | ERROR    | WebsocketClient.on_message() takes 2 positional arguments but 3 were given
2026-07-24 12:58:36,390 | ERROR    | error from callback <bound method WebsocketClient.on_message of <iqoptionapi.ws.client.WebsocketClient object at 0x000002390FFC6C30>>: WebsocketClient.on_message() takes 2 positional arguments but 3 were given
2026-07-24 12:58:36,406 | ERROR    | WebsocketClient.on_message() takes 2 positional arguments but 3 were given
2026-07-24 12:58:37,404 | ERROR    | error from callback <bound method WebsocketClient.on_message of <iqoptionapi.ws.client.WebsocketClient object at 0x000002390FFC6C30>>: WebsocketClient.on_message() takes 2 positional arguments but 3 were given
2026-07-24 12:58:37,404 | ERROR    | WebsocketClient.on_message() takes 2 positional arguments but 3 were given
2026-07-24 12:58:38,415 | ERROR    | error from callback <bound method WebsocketClient.on_message of <iqoptionapi.ws.client.WebsocketClient object at 0x000002390FFC6C30>>: WebsocketClient.on_message() takes 2 positional arguments but 3 were given
2026-07-24 12:58:38,431 | ERROR    | WebsocketClient.on_message() takes 2 positional arguments but 3 were given
2026-07-24 12:58:39,423 | ERROR    | error from callback <bound method WebsocketClient.on_message of <iqoptionapi.ws.client.WebsocketClient object at 0x000002390FFC6C30>>: WebsocketClient.on_message() takes 2 positional arguments but 3 were given
2026-07-24 12:58:39,423 | ERROR    | WebsocketClient.on_message() takes 2 positional arguments but 3 were given
2026-07-24 12:58:40,436 | ERROR    | error from callback <bound method WebsocketClient.on_message of <iqoptionapi.ws.client.WebsocketClient object at 0x000002390FFC6C30>>: WebsocketClient.on_message() takes 2 positional arguments but 3 were given
2026-07-24 12:58:40,452 | ERROR    | WebsocketClient.on_message() takes 2 positional arguments but 3 were given
2026-07-24 12:58:41,416 | ERROR    | error from callback <bound method WebsocketClient.on_message of <iqoptionapi.ws.client.WebsocketClient object at 0x000002390FFC6C30>>: WebsocketClient.on_message() takes 2 positional arguments but 3 were given
2026-07-24 12:58:41,432 | ERROR    | WebsocketClient.on_message() takes 2 positional arguments but 3 were given
2026-07-24 12:58:42,444 | ERROR    | error from callback <bound method WebsocketClient.on_message of <iqoptionapi.ws.client.WebsocketClient object at 0x000002390FFC6C30>>: WebsocketClient.on_message() takes 2 positional arguments but 3 were given
2026-07-24 12:58:42,460 | ERROR    | WebsocketClient.on_message() takes 2 positional arguments but 3 were given
2026-07-24 12:58:43,472 | ERROR    | error from callback <bound method WebsocketClient.on_message of <iqoptionapi.ws.client.WebsocketClient object at 0x000002390FFC6C30>>: WebsocketClient.on_message() takes 2 positional arguments but 3 were given
2026-07-24 12:58:43,488 | ERROR    | WebsocketClient.on_message() takes 2 positional arguments but 3 were given
2026-07-24 12:58:44,474 | ERROR    | error from callback <bound method WebsocketClient.on_message of <iqoptionapi.ws.client.WebsocketClient object at 0x000002390FFC6C30>>: WebsocketClient.on_message() takes 2 positional arguments but 3 were given
2026-07-24 12:58:44,489 | ERROR    | WebsocketClient.on_message() takes 2 positional arguments but 3 were given
2026-07-24 12:58:45,483 | ERROR    | error from callback <bound method WebsocketClient.on_message of <iqoptionapi.ws.client.WebsocketClient object at 0x000002390FFC6C30>>: WebsocketClient.on_message() takes 2 positional arguments but 3 were given
2026-07-24 12:58:45,498 | ERROR    | WebsocketClient.on_message() takes 2 positional arguments but 3 were given
2026-07-24 12:58:46,494 | ERROR    | error from callback <bound method WebsocketClient.on_message of <iqoptionapi.ws.client.WebsocketClient object at 0x000002390FFC6C30>>: WebsocketClient.on_message() takes 2 positional arguments but 3 were given
2026-07-24 12:58:46,510 | ERROR    | WebsocketClient.on_message() takes 2 positional arguments but 3 were given
2026-07-24 12:58:47,498 | ERROR    | error from callback <bound method WebsocketClient.on_message of <iqoptionapi.ws.client.WebsocketClient object at 0x000002390FFC6C30>>: WebsocketClient.on_message() takes 2 positional arguments but 3 were given
2026-07-24 12:58:47,513 | ERROR    | WebsocketClient.on_message() takes 2 positional arguments but 3 were given
2026-07-24 12:58:48,520 | ERROR    | error from callback <bound method WebsocketClient.on_message of <iqoptionapi.ws.client.WebsocketClient object at 0x000002390FFC6C30>>: WebsocketClient.on_message() takes 2 positional arguments but 3 were given
2026-07-24 12:58:48,535 | ERROR    | WebsocketClient.on_message() takes 2 positional arguments but 3 were given
2026-07-24 12:58:49,520 | ERROR    | error from callback <bound method WebsocketClient.on_message of <iqoptionapi.ws.client.WebsocketClient object at 0x000002390FFC6C30>>: WebsocketClient.on_message() takes 2 positional arguments but 3 were given
2026-07-24 12:58:49,536 | ERROR    | WebsocketClient.on_message() takes 2 positional arguments but 3 were given
2026-07-24 12:58:50,516 | ERROR    | error from callback <bound method WebsocketClient.on_message of <iqoptionapi.ws.client.WebsocketClient object at 0x000002390FFC6C30>>: WebsocketClient.on_message() takes 2 positional arguments but 3 were given
2026-07-24 12:58:50,516 | ERROR    | WebsocketClient.on_message() takes 2 positional arguments but 3 were given
2026-07-24 12:58:51,548 | ERROR    | error from callback <bound method WebsocketClient.on_message of <iqoptionapi.ws.client.WebsocketClient object at 0x000002390FFC6C30>>: WebsocketClient.on_message() takes 2 positional arguments but 3 were given
2026-07-24 12:58:51,564 | ERROR    | WebsocketClient.on_message() takes 2 positional arguments but 3 were given
2026-07-24 12:58:52,548 | ERROR    | error from callback <bound method WebsocketClient.on_message of <iqoptionapi.ws.client.WebsocketClient object at 0x000002390FFC6C30>>: WebsocketClient.on_message() takes 2 positional arguments but 3 were given
2026-07-24 12:58:52,562 | ERROR    | WebsocketClient.on_message() takes 2 positional arguments but 3 were given
2026-07-24 12:58:53,562 | ERROR    | error from callback <bound method WebsocketClient.on_message of <iqoptionapi.ws.client.WebsocketClient object at 0x000002390FFC6C30>>: WebsocketClient.on_message() takes 2 positional arguments but 3 were given
2026-07-24 12:58:53,578 | ERROR    | WebsocketClient.on_message() takes 2 positional arguments but 3 were given
2026-07-24 12:58:54,580 | ERROR    | error from callback <bound method WebsocketClient.on_message of <iqoptionapi.ws.client.WebsocketClient object at 0x000002390FFC6C30>>: WebsocketClient.on_message() takes 2 positional arguments but 3 were given
2026-07-24 12:58:54,595 | ERROR    | WebsocketClient.on_message() takes 2 positional arguments but 3 were given
2026-07-24 12:58:55,577 | ERROR    | error from callback <bound method WebsocketClient.on_message of <iqoptionapi.ws.client.WebsocketClient object at 0x000002390FFC6C30>>: WebsocketClient.on_message() takes 2 positional arguments but 3 were given
2026-07-24 12:58:55,592 | ERROR    | WebsocketClient.on_message() takes 2 positional arguments but 3 were given
2026-07-24 12:58:56,602 | ERROR    | error from callback <bound method WebsocketClient.on_message of <iqoptionapi.ws.client.WebsocketClient object at 0x000002390FFC6C30>>: WebsocketClient.on_message() takes 2 positional arguments but 3 were given
2026-07-24 12:58:56,618 | ERROR    | WebsocketClient.on_message() takes 2 positional arguments but 3 were given
2026-07-24 12:58:57,600 | ERROR    | error from callback <bound method WebsocketClient.on_message of <iqoptionapi.ws.client.WebsocketClient object at 0x000002390FFC6C30>>: WebsocketClient.on_message() takes 2 positional arguments but 3 were given
2026-07-24 12:58:57,616 | ERROR    | WebsocketClient.on_message() takes 2 positional arguments but 3 were given
2026-07-24 12:58:58,598 | ERROR    | error from callback <bound method WebsocketClient.on_message of <iqoptionapi.ws.client.WebsocketClient object at 0x000002390FFC6C30>>: WebsocketClient.on_message() takes 2 positional arguments but 3 were given
2026-07-24 12:58:58,613 | ERROR    | WebsocketClient.on_message() takes 2 positional arguments but 3 were given
2026-07-24 12:58:59,627 | ERROR    | error from callback <bound method WebsocketClient.on_message of <iqoptionapi.ws.client.WebsocketClient object at 0x000002390FFC6C30>>: WebsocketClient.on_message() takes 2 positional arguments but 3 were given
2026-07-24 12:58:59,642 | ERROR    | WebsocketClient.on_message() takes 2 positional arguments but 3 were given
2026-07-24 12:59:00,636 | ERROR    | error from callback <bound method WebsocketClient.on_message of <iqoptionapi.ws.client.WebsocketClient object at 0x000002390FFC6C30>>: WebsocketClient.on_message() takes 2 positional arguments but 3 were given
2026-07-24 12:59:00,652 | ERROR    | WebsocketClient.on_message() takes 2 positional arguments but 3 were given
2026-07-24 12:59:01,660 | ERROR    | error from callback <bound method WebsocketClient.on_message of <iqoptionapi.ws.client.WebsocketClient object at 0x000002390FFC6C30>>: WebsocketClient.on_message() takes 2 positional arguments but 3 were given
2026-07-24 12:59:01,676 | ERROR    | WebsocketClient.on_message() takes 2 positional arguments but 3 were given
2026-07-24 12:59:02,659 | ERROR    | error from callback <bound method WebsocketClient.on_message of <iqoptionapi.ws.client.WebsocketClient object at 0x000002390FFC6C30>>: WebsocketClient.on_message() takes 2 positional arguments but 3 were given
2026-07-24 12:59:02,675 | ERROR    | WebsocketClient.on_message() takes 2 positional arguments but 3 were given
2026-07-24 12:59:03,666 | ERROR    | error from callback <bound method WebsocketClient.on_message of <iqoptionapi.ws.client.WebsocketClient object at 0x000002390FFC6C30>>: WebsocketClient.on_message() takes 2 positional arguments but 3 were given
2026-07-24 12:59:03,682 | ERROR    | WebsocketClient.on_message() takes 2 positional arguments but 3 were given
2026-07-24 12:59:04,662 | ERROR    | error from callback <bound method WebsocketClient.on_message of <iqoptionapi.ws.client.WebsocketClient object at 0x000002390FFC6C30>>: WebsocketClient.on_message() takes 2 positional arguments but 3 were given
2026-07-24 12:59:04,678 | ERROR    | WebsocketClient.on_message() takes 2 positional arguments but 3 were given
2026-07-24 12:59:05,659 | ERROR    | error from callback <bound method WebsocketClient.on_message of <iqoptionapi.ws.client.WebsocketClient object at 0x000002390FFC6C30>>: WebsocketClient.on_message() takes 2 positional arguments but 3 were given
2026-07-24 12:59:05,675 | ERROR    | WebsocketClient.on_message() takes 2 positional arguments but 3 were given
2026-07-24 12:59:06,702 | ERROR    | error from callback <bound method WebsocketClient.on_message of <iqoptionapi.ws.client.WebsocketClient object at 0x000002390FFC6C30>>: WebsocketClient.on_message() takes 2 positional arguments but 3 were given
2026-07-24 12:59:06,717 | ERROR    | WebsocketClient.on_message() takes 2 positional arguments but 3 were given
2026-07-24 12:59:07,700 | ERROR    | error from callback <bound method WebsocketClient.on_message of <iqoptionapi.ws.client.WebsocketClient object at 0x000002390FFC6C30>>: WebsocketClient.on_message() takes 2 positional arguments but 3 were given
2026-07-24 12:59:07,716 | ERROR    | WebsocketClient.on_message() takes 2 positional arguments but 3 were given
2026-07-24 12:59:08,719 | ERROR    | error from callback <bound method WebsocketClient.on_message of <iqoptionapi.ws.client.WebsocketClient object at 0x000002390FFC6C30>>: WebsocketClient.on_message() takes 2 positional arguments but 3 were given
2026-07-24 12:59:08,734 | ERROR    | WebsocketClient.on_message() takes 2 positional arguments but 3 were given
2026-07-24 12:59:09,719 | ERROR    | error from callback <bound method WebsocketClient.on_message of <iqoptionapi.ws.client.WebsocketClient object at 0x000002390FFC6C30>>: WebsocketClient.on_message() takes 2 positional arguments but 3 were given
2026-07-24 12:59:09,734 | ERROR    | WebsocketClient.on_message() takes 2 positional arguments but 3 were given
2026-07-24 12:59:10,731 | ERROR    | error from callback <bound method WebsocketClient.on_message of <iqoptionapi.ws.client.WebsocketClient object at 0x000002390FFC6C30>>: WebsocketClient.on_message() takes 2 positional arguments but 3 were given
2026-07-24 12:59:10,746 | ERROR    | WebsocketClient.on_message() takes 2 positional arguments but 3 were given
2026-07-24 12:59:11,730 | ERROR    | error from callback <bound method WebsocketClient.on_message of <iqoptionapi.ws.client.WebsocketClient object at 0x000002390FFC6C30>>: WebsocketClient.on_message() takes 2 positional arguments but 3 were given
2026-07-24 12:59:11,745 | ERROR    | WebsocketClient.on_message() takes 2 positional arguments but 3 were given
2026-07-24 12:59:12,740 | ERROR    | error from callback <bound method WebsocketClient.on_message of <iqoptionapi.ws.client.WebsocketClient object at 0x000002390FFC6C30>>: WebsocketClient.on_message() takes 2 positional arguments but 3 were given
2026-07-24 12:59:12,755 | ERROR    | WebsocketClient.on_message() takes 2 positional arguments but 3 were given
2026-07-24 12:59:13,748 | ERROR    | error from callback <bound method WebsocketClient.on_message of <iqoptionapi.ws.client.WebsocketClient object at 0x000002390FFC6C30>>: WebsocketClient.on_message() takes 2 positional arguments but 3 were given
2026-07-24 12:59:13,764 | ERROR    | WebsocketClient.on_message() takes 2 positional arguments but 3 were given
2026-07-24 12:59:14,762 | ERROR    | error from callback <bound method WebsocketClient.on_message of <iqoptionapi.ws.client.WebsocketClient object at 0x000002390FFC6C30>>: WebsocketClient.on_message() takes 2 positional arguments but 3 were given
2026-07-24 12:59:14,778 | ERROR    | WebsocketClient.on_message() takes 2 positional arguments but 3 were given
2026-07-24 12:59:15,793 | ERROR    | error from callback <bound method WebsocketClient.on_message of <iqoptionapi.ws.client.WebsocketClient object at 0x000002390FFC6C30>>: WebsocketClient.on_message() takes 2 positional arguments but 3 were given
2026-07-24 12:59:15,810 | ERROR    | WebsocketClient.on_message() takes 2 positional arguments but 3 were given
2026-07-24 12:59:16,785 | ERROR    | error from callback <bound method WebsocketClient.on_message of <iqoptionapi.ws.client.WebsocketClient object at 0x000002390FFC6C30>>: WebsocketClient.on_message() takes 2 positional arguments but 3 were given
2026-07-24 12:59:16,801 | ERROR    | WebsocketClient.on_message() takes 2 positional arguments but 3 were given
2026-07-24 12:59:17,797 | ERROR    | error from callback <bound method WebsocketClient.on_message of <iqoptionapi.ws.client.WebsocketClient object at 0x000002390FFC6C30>>: WebsocketClient.on_message() takes 2 positional arguments but 3 were given
2026-07-24 12:59:17,813 | ERROR    | WebsocketClient.on_message() takes 2 positional arguments but 3 were given
2026-07-24 12:59:18,820 | ERROR    | error from callback <bound method WebsocketClient.on_message of <iqoptionapi.ws.client.WebsocketClient object at 0x000002390FFC6C30>>: WebsocketClient.on_message() takes 2 positional arguments but 3 were given
2026-07-24 12:59:18,836 | ERROR    | WebsocketClient.on_message() takes 2 positional arguments but 3 were given
2026-07-24 12:59:19,822 | ERROR    | error from callback <bound method WebsocketClient.on_message of <iqoptionapi.ws.client.WebsocketClient object at 0x000002390FFC6C30>>: WebsocketClient.on_message() takes 2 positional arguments but 3 were given
2026-07-24 12:59:19,838 | ERROR    | WebsocketClient.on_message() takes 2 positional arguments but 3 were given
2026-07-24 12:59:20,821 | ERROR    | error from callback <bound method WebsocketClient.on_message of <iqoptionapi.ws.client.WebsocketClient object at 0x000002390FFC6C30>>: WebsocketClient.on_message() takes 2 positional arguments but 3 were given
2026-07-24 12:59:20,836 | ERROR    | WebsocketClient.on_message() takes 2 positional arguments but 3 were given
2026-07-24 12:59:21,836 | ERROR    | error from callback <bound method WebsocketClient.on_message of <iqoptionapi.ws.client.WebsocketClient object at 0x000002390FFC6C30>>: WebsocketClient.on_message() takes 2 positional arguments but 3 were given
2026-07-24 12:59:21,852 | ERROR    | WebsocketClient.on_message() takes 2 positional arguments but 3 were given
2026-07-24 12:59:22,851 | ERROR    | error from callback <bound method WebsocketClient.on_message of <iqoptionapi.ws.client.WebsocketClient object at 0x000002390FFC6C30>>: WebsocketClient.on_message() takes 2 positional arguments but 3 were given
2026-07-24 12:59:22,867 | ERROR    | WebsocketClient.on_message() takes 2 positional arguments but 3 were given
2026-07-24 12:59:23,869 | ERROR    | error from callback <bound method WebsocketClient.on_message of <iqoptionapi.ws.client.WebsocketClient object at 0x000002390FFC6C30>>: WebsocketClient.on_message() takes 2 positional arguments but 3 were given
2026-07-24 12:59:23,884 | ERROR    | WebsocketClient.on_message() takes 2 positional arguments but 3 were given
2026-07-24 12:59:24,878 | ERROR    | error from callback <bound method WebsocketClient.on_message of <iqoptionapi.ws.client.WebsocketClient object at 0x000002390FFC6C30>>: WebsocketClient.on_message() takes 2 positional arguments but 3 were given
2026-07-24 12:59:24,893 | ERROR    | WebsocketClient.on_message() takes 2 positional arguments but 3 were given
2026-07-24 12:59:25,890 | ERROR    | error from callback <bound method WebsocketClient.on_message of <iqoptionapi.ws.client.WebsocketClient object at 0x000002390FFC6C30>>: WebsocketClient.on_message() takes 2 positional arguments but 3 were given
2026-07-24 12:59:25,906 | ERROR    | WebsocketClient.on_message() takes 2 positional arguments but 3 were given
2026-07-24 12:59:26,902 | ERROR    | error from callback <bound method WebsocketClient.on_message of <iqoptionapi.ws.client.WebsocketClient object at 0x000002390FFC6C30>>: WebsocketClient.on_message() takes 2 positional arguments but 3 were given
2026-07-24 12:59:26,918 | ERROR    | WebsocketClient.on_message() takes 2 positional arguments but 3 were given
2026-07-24 12:59:27,879 | ERROR    | error from callback <bound method WebsocketClient.on_message of <iqoptionapi.ws.client.WebsocketClient object at 0x000002390FFC6C30>>: WebsocketClient.on_message() takes 2 positional arguments but 3 were given
2026-07-24 12:59:27,895 | ERROR    | WebsocketClient.on_message() takes 2 positional arguments but 3 were given
2026-07-24 12:59:28,914 | ERROR    | error from callback <bound method WebsocketClient.on_message of <iqoptionapi.ws.client.WebsocketClient object at 0x000002390FFC6C30>>: WebsocketClient.on_message() takes 2 positional arguments but 3 were given
2026-07-24 12:59:28,930 | ERROR    | WebsocketClient.on_message() takes 2 positional arguments but 3 were given
2026-07-24 12:59:29,942 | ERROR    | error from callback <bound method WebsocketClient.on_message of <iqoptionapi.ws.client.WebsocketClient object at 0x000002390FFC6C30>>: WebsocketClient.on_message() takes 2 positional arguments but 3 were given
2026-07-24 12:59:29,958 | ERROR    | WebsocketClient.on_message() takes 2 positional arguments but 3 were given
2026-07-24 12:59:30,942 | ERROR    | error from callback <bound method WebsocketClient.on_message of <iqoptionapi.ws.client.WebsocketClient object at 0x000002390FFC6C30>>: WebsocketClient.on_message() takes 2 positional arguments but 3 were given
2026-07-24 12:59:30,957 | ERROR    | WebsocketClient.on_message() takes 2 positional arguments but 3 were given
2026-07-24 12:59:31,962 | ERROR    | error from callback <bound method WebsocketClient.on_message of <iqoptionapi.ws.client.WebsocketClient object at 0x000002390FFC6C30>>: WebsocketClient.on_message() takes 2 positional arguments but 3 were given
2026-07-24 12:59:31,978 | ERROR    | WebsocketClient.on_message() takes 2 positional arguments but 3 were given
2026-07-24 12:59:32,955 | ERROR    | error from callback <bound method WebsocketClient.on_message of <iqoptionapi.ws.client.WebsocketClient object at 0x000002390FFC6C30>>: WebsocketClient.on_message() takes 2 positional arguments but 3 were given
2026-07-24 12:59:32,971 | ERROR    | WebsocketClient.on_message() takes 2 positional arguments but 3 were given
2026-07-24 12:59:33,973 | ERROR    | error from callback <bound method WebsocketClient.on_message of <iqoptionapi.ws.client.WebsocketClient object at 0x000002390FFC6C30>>: WebsocketClient.on_message() takes 2 positional arguments but 3 were given
2026-07-24 12:59:33,988 | ERROR    | WebsocketClient.on_message() takes 2 positional arguments but 3 were given
2026-07-24 12:59:34,968 | ERROR    | error from callback <bound method WebsocketClient.on_message of <iqoptionapi.ws.client.WebsocketClient object at 0x000002390FFC6C30>>: WebsocketClient.on_message() takes 2 positional arguments but 3 were given
2026-07-24 12:59:34,984 | ERROR    | WebsocketClient.on_message() takes 2 positional arguments but 3 were given
2026-07-24 12:59:35,976 | ERROR    | error from callback <bound method WebsocketClient.on_message of <iqoptionapi.ws.client.WebsocketClient object at 0x000002390FFC6C30>>: WebsocketClient.on_message() takes 2 positional arguments but 3 were given
2026-07-24 12:59:35,992 | ERROR    | WebsocketClient.on_message() takes 2 positional arguments but 3 were given
2026-07-24 12:59:36,982 | ERROR    | error from callback <bound method WebsocketClient.on_message of <iqoptionapi.ws.client.WebsocketClient object at 0x000002390FFC6C30>>: WebsocketClient.on_message() takes 2 positional arguments but 3 were given
2026-07-24 12:59:36,998 | ERROR    | WebsocketClient.on_message() takes 2 positional arguments but 3 were given
2026-07-24 12:59:38,018 | ERROR    | error from callback <bound method WebsocketClient.on_message of <iqoptionapi.ws.client.WebsocketClient object at 0x000002390FFC6C30>>: WebsocketClient.on_message() takes 2 positional arguments but 3 were given
2026-07-24 12:59:38,034 | ERROR    | WebsocketClient.on_message() takes 2 positional arguments but 3 were given
2026-07-24 12:59:39,021 | ERROR    | error from callback <bound method WebsocketClient.on_message of <iqoptionapi.ws.client.WebsocketClient object at 0x000002390FFC6C30>>: WebsocketClient.on_message() takes 2 positional arguments but 3 were given
2026-07-24 12:59:39,037 | ERROR    | WebsocketClient.on_message() takes 2 positional arguments but 3 were given
2026-07-24 12:59:40,041 | ERROR    | error from callback <bound method WebsocketClient.on_message of <iqoptionapi.ws.client.WebsocketClient object at 0x000002390FFC6C30>>: WebsocketClient.on_message() takes 2 positional arguments but 3 were given
2026-07-24 12:59:40,056 | ERROR    | WebsocketClient.on_message() takes 2 positional arguments but 3 were given
2026-07-24 12:59:41,033 | ERROR    | error from callback <bound method WebsocketClient.on_message of <iqoptionapi.ws.client.WebsocketClient object at 0x000002390FFC6C30>>: WebsocketClient.on_message() takes 2 positional arguments but 3 were given
2026-07-24 12:59:41,048 | ERROR    | WebsocketClient.on_message() takes 2 positional arguments but 3 were given
2026-07-24 12:59:42,034 | ERROR    | error from callback <bound method WebsocketClient.on_message of <iqoptionapi.ws.client.WebsocketClient object at 0x000002390FFC6C30>>: WebsocketClient.on_message() takes 2 positional arguments but 3 were given
2026-07-24 12:59:42,049 | ERROR    | WebsocketClient.on_message() takes 2 positional arguments but 3 were given
2026-07-24 12:59:43,052 | ERROR    | error from callback <bound method WebsocketClient.on_message of <iqoptionapi.ws.client.WebsocketClient object at 0x000002390FFC6C30>>: WebsocketClient.on_message() takes 2 positional arguments but 3 were given
2026-07-24 12:59:43,068 | ERROR    | WebsocketClient.on_message() takes 2 positional arguments but 3 were given
2026-07-24 12:59:44,060 | ERROR    | error from callback <bound method WebsocketClient.on_message of <iqoptionapi.ws.client.WebsocketClient object at 0x000002390FFC6C30>>: WebsocketClient.on_message() takes 2 positional arguments but 3 were given
2026-07-24 12:59:44,076 | ERROR    | WebsocketClient.on_message() takes 2 positional arguments but 3 were given
2026-07-24 12:59:45,065 | ERROR    | error from callback <bound method WebsocketClient.on_message of <iqoptionapi.ws.client.WebsocketClient object at 0x000002390FFC6C30>>: WebsocketClient.on_message() takes 2 positional arguments but 3 were given
2026-07-24 12:59:45,080 | ERROR    | WebsocketClient.on_message() takes 2 positional arguments but 3 were given
2026-07-24 12:59:46,073 | ERROR    | error from callback <bound method WebsocketClient.on_message of <iqoptionapi.ws.client.WebsocketClient object at 0x000002390FFC6C30>>: WebsocketClient.on_message() takes 2 positional arguments but 3 were given
2026-07-24 12:59:46,089 | ERROR    | WebsocketClient.on_message() takes 2 positional arguments but 3 were given
2026-07-24 12:59:47,108 | ERROR    | error from callback <bound method WebsocketClient.on_message of <iqoptionapi.ws.client.WebsocketClient object at 0x000002390FFC6C30>>: WebsocketClient.on_message() takes 2 positional arguments but 3 were given
2026-07-24 12:59:47,124 | ERROR    | WebsocketClient.on_message() takes 2 positional arguments but 3 were given
2026-07-24 12:59:48,111 | ERROR    | error from callback <bound method WebsocketClient.on_message of <iqoptionapi.ws.client.WebsocketClient object at 0x000002390FFC6C30>>: WebsocketClient.on_message() takes 2 positional arguments but 3 were given
2026-07-24 12:59:48,126 | ERROR    | WebsocketClient.on_message() takes 2 positional arguments but 3 were given
2026-07-24 12:59:49,118 | ERROR    | error from callback <bound method WebsocketClient.on_message of <iqoptionapi.ws.client.WebsocketClient object at 0x000002390FFC6C30>>: WebsocketClient.on_message() takes 2 positional arguments but 3 were given
2026-07-24 12:59:49,133 | ERROR    | WebsocketClient.on_message() takes 2 positional arguments but 3 were given
2026-07-24 12:59:50,114 | ERROR    | error from callback <bound method WebsocketClient.on_message of <iqoptionapi.ws.client.WebsocketClient object at 0x000002390FFC6C30>>: WebsocketClient.on_message() takes 2 positional arguments but 3 were given
2026-07-24 12:59:50,129 | ERROR    | WebsocketClient.on_message() takes 2 positional arguments but 3 were given
2026-07-24 12:59:51,136 | ERROR    | error from callback <bound method WebsocketClient.on_message of <iqoptionapi.ws.client.WebsocketClient object at 0x000002390FFC6C30>>: WebsocketClient.on_message() takes 2 positional arguments but 3 were given
2026-07-24 12:59:51,151 | ERROR    | WebsocketClient.on_message() takes 2 positional arguments but 3 were given
2026-07-24 12:59:52,133 | ERROR    | error from callback <bound method WebsocketClient.on_message of <iqoptionapi.ws.client.WebsocketClient object at 0x000002390FFC6C30>>: WebsocketClient.on_message() takes 2 positional arguments but 3 were given
2026-07-24 12:59:52,148 | ERROR    | WebsocketClient.on_message() takes 2 positional arguments but 3 were given
2026-07-24 12:59:53,141 | ERROR    | error from callback <bound method WebsocketClient.on_message of <iqoptionapi.ws.client.WebsocketClient object at 0x000002390FFC6C30>>: WebsocketClient.on_message() takes 2 positional arguments but 3 were given
2026-07-24 12:59:53,157 | ERROR    | WebsocketClient.on_message() takes 2 positional arguments but 3 were given
2026-07-24 12:59:54,161 | ERROR    | error from callback <bound method WebsocketClient.on_message of <iqoptionapi.ws.client.WebsocketClient object at 0x000002390FFC6C30>>: WebsocketClient.on_message() takes 2 positional arguments but 3 were given
2026-07-24 12:59:54,177 | ERROR    | WebsocketClient.on_message() takes 2 positional arguments but 3 were given
2026-07-24 12:59:55,173 | ERROR    | error from callback <bound method WebsocketClient.on_message of <iqoptionapi.ws.client.WebsocketClient object at 0x000002390FFC6C30>>: WebsocketClient.on_message() takes 2 positional arguments but 3 were given
2026-07-24 12:59:55,189 | ERROR    | WebsocketClient.on_message() takes 2 positional arguments but 3 were given
2026-07-24 12:59:56,174 | ERROR    | error from callback <bound method WebsocketClient.on_message of <iqoptionapi.ws.client.WebsocketClient object at 0x000002390FFC6C30>>: WebsocketClient.on_message() takes 2 positional arguments but 3 were given
2026-07-24 12:59:56,190 | ERROR    | WebsocketClient.on_message() takes 2 positional arguments but 3 were given
2026-07-24 12:59:57,188 | ERROR    | error from callback <bound method WebsocketClient.on_message of <iqoptionapi.ws.client.WebsocketClient object at 0x000002390FFC6C30>>: WebsocketClient.on_message() takes 2 positional arguments but 3 were given
2026-07-24 12:59:57,204 | ERROR    | WebsocketClient.on_message() takes 2 positional arguments but 3 were given
2026-07-24 12:59:58,199 | ERROR    | error from callback <bound method WebsocketClient.on_message of <iqoptionapi.ws.client.WebsocketClient object at 0x000002390FFC6C30>>: WebsocketClient.on_message() takes 2 positional arguments but 3 were given
2026-07-24 12:59:58,215 | ERROR    | WebsocketClient.on_message() takes 2 positional arguments but 3 were given
2026-07-24 12:59:59,214 | ERROR    | error from callback <bound method WebsocketClient.on_message of <iqoptionapi.ws.client.WebsocketClient object at 0x000002390FFC6C30>>: WebsocketClient.on_message() takes 2 positional arguments but 3 were given
2026-07-24 12:59:59,230 | ERROR    | WebsocketClient.on_message() takes 2 positional arguments but 3 were given
2026-07-24 13:00:00,212 | ERROR    | error from callback <bound method WebsocketClient.on_message of <iqoptionapi.ws.client.WebsocketClient object at 0x000002390FFC6C30>>: WebsocketClient.on_message() takes 2 positional arguments but 3 were given
2026-07-24 13:00:00,227 | ERROR    | WebsocketClient.on_message() takes 2 positional arguments but 3 were given
2026-07-24 13:00:01,227 | ERROR    | error from callback <bound method WebsocketClient.on_message of <iqoptionapi.ws.client.WebsocketClient object at 0x000002390FFC6C30>>: WebsocketClient.on_message() takes 2 positional arguments but 3 were given
2026-07-24 13:00:01,243 | ERROR    | WebsocketClient.on_message() takes 2 positional arguments but 3 were given
2026-07-24 13:00:02,244 | ERROR    | error from callback <bound method WebsocketClient.on_message of <iqoptionapi.ws.client.WebsocketClient object at 0x000002390FFC6C30>>: WebsocketClient.on_message() takes 2 positional arguments but 3 were given
2026-07-24 13:00:02,259 | ERROR    | WebsocketClient.on_message() takes 2 positional arguments but 3 were given
2026-07-24 13:00:03,252 | ERROR    | error from callback <bound method WebsocketClient.on_message of <iqoptionapi.ws.client.WebsocketClient object at 0x000002390FFC6C30>>: WebsocketClient.on_message() takes 2 positional arguments but 3 were given
2026-07-24 13:00:03,267 | ERROR    | WebsocketClient.on_message() takes 2 positional arguments but 3 were given
2026-07-24 13:00:04,259 | ERROR    | error from callback <bound method WebsocketClient.on_message of <iqoptionapi.ws.client.WebsocketClient object at 0x000002390FFC6C30>>: WebsocketClient.on_message() takes 2 positional arguments but 3 were given
2026-07-24 13:00:04,275 | ERROR    | WebsocketClient.on_message() takes 2 positional arguments but 3 were given
2026-07-24 13:00:05,261 | ERROR    | error from callback <bound method WebsocketClient.on_message of <iqoptionapi.ws.client.WebsocketClient object at 0x000002390FFC6C30>>: WebsocketClient.on_message() takes 2 positional arguments but 3 were given
2026-07-24 13:00:05,277 | ERROR    | WebsocketClient.on_message() takes 2 positional arguments but 3 were given
2026-07-24 13:00:06,276 | ERROR    | error from callback <bound method WebsocketClient.on_message of <iqoptionapi.ws.client.WebsocketClient object at 0x000002390FFC6C30>>: WebsocketClient.on_message() takes 2 positional arguments but 3 were given
2026-07-24 13:00:06,292 | ERROR    | WebsocketClient.on_message() takes 2 positional arguments but 3 were given
2026-07-24 13:00:07,300 | ERROR    | error from callback <bound method WebsocketClient.on_message of <iqoptionapi.ws.client.WebsocketClient object at 0x000002390FFC6C30>>: WebsocketClient.on_message() takes 2 positional arguments but 3 were given
2026-07-24 13:00:07,315 | ERROR    | WebsocketClient.on_message() takes 2 positional arguments but 3 were given
2026-07-24 13:00:08,294 | ERROR    | error from callback <bound method WebsocketClient.on_message of <iqoptionapi.ws.client.WebsocketClient object at 0x000002390FFC6C30>>: WebsocketClient.on_message() takes 2 positional arguments but 3 were given
2026-07-24 13:00:08,309 | ERROR    | WebsocketClient.on_message() takes 2 positional arguments but 3 were given
2026-07-24 13:00:09,311 | ERROR    | error from callback <bound method WebsocketClient.on_message of <iqoptionapi.ws.client.WebsocketClient object at 0x000002390FFC6C30>>: WebsocketClient.on_message() takes 2 positional arguments but 3 were given
2026-07-24 13:00:09,327 | ERROR    | WebsocketClient.on_message() takes 2 positional arguments but 3 were given
2026-07-24 13:00:10,328 | ERROR    | error from callback <bound method WebsocketClient.on_message of <iqoptionapi.ws.client.WebsocketClient object at 0x000002390FFC6C30>>: WebsocketClient.on_message() takes 2 positional arguments but 3 were given
2026-07-24 13:00:10,344 | ERROR    | WebsocketClient.on_message() takes 2 positional arguments but 3 were given
2026-07-24 13:00:11,332 | ERROR    | error from callback <bound method WebsocketClient.on_message of <iqoptionapi.ws.client.WebsocketClient object at 0x000002390FFC6C30>>: WebsocketClient.on_message() takes 2 positional arguments but 3 were given
2026-07-24 13:00:11,348 | ERROR    | WebsocketClient.on_message() takes 2 positional arguments but 3 were given
2026-07-24 13:00:12,338 | ERROR    | error from callback <bound method WebsocketClient.on_message of <iqoptionapi.ws.client.WebsocketClient object at 0x000002390FFC6C30>>: WebsocketClient.on_message() takes 2 positional arguments but 3 were given
2026-07-24 13:00:12,354 | ERROR    | WebsocketClient.on_message() takes 2 positional arguments but 3 were given
2026-07-24 13:00:13,353 | ERROR    | error from callback <bound method WebsocketClient.on_message of <iqoptionapi.ws.client.WebsocketClient object at 0x000002390FFC6C30>>: WebsocketClient.on_message() takes 2 positional arguments but 3 were given
2026-07-24 13:00:13,368 | ERROR    | WebsocketClient.on_message() takes 2 positional arguments but 3 were given
2026-07-24 13:00:14,358 | ERROR    | error from callback <bound method WebsocketClient.on_message of <iqoptionapi.ws.client.WebsocketClient object at 0x000002390FFC6C30>>: WebsocketClient.on_message() takes 2 positional arguments but 3 were given
2026-07-24 13:00:14,373 | ERROR    | WebsocketClient.on_message() takes 2 positional arguments but 3 were given
2026-07-24 13:00:15,378 | ERROR    | error from callback <bound method WebsocketClient.on_message of <iqoptionapi.ws.client.WebsocketClient object at 0x000002390FFC6C30>>: WebsocketClient.on_message() takes 2 positional arguments but 3 were given
2026-07-24 13:00:15,394 | ERROR    | WebsocketClient.on_message() takes 2 positional arguments but 3 were given
2026-07-24 13:00:16,386 | ERROR    | error from callback <bound method WebsocketClient.on_message of <iqoptionapi.ws.client.WebsocketClient object at 0x000002390FFC6C30>>: WebsocketClient.on_message() takes 2 positional arguments but 3 were given
2026-07-24 13:00:16,402 | ERROR    | WebsocketClient.on_message() takes 2 positional arguments but 3 were given
2026-07-24 13:00:17,392 | ERROR    | error from callback <bound method WebsocketClient.on_message of <iqoptionapi.ws.client.WebsocketClient object at 0x000002390FFC6C30>>: WebsocketClient.on_message() takes 2 positional arguments but 3 were given
2026-07-24 13:00:17,408 | ERROR    | WebsocketClient.on_message() takes 2 positional arguments but 3 were given
2026-07-24 13:00:18,410 | ERROR    | error from callback <bound method WebsocketClient.on_message of <iqoptionapi.ws.client.WebsocketClient object at 0x000002390FFC6C30>>: WebsocketClient.on_message() takes 2 positional arguments but 3 were given
2026-07-24 13:00:18,426 | ERROR    | WebsocketClient.on_message() takes 2 positional arguments but 3 were given
2026-07-24 13:00:19,415 | ERROR    | error from callback <bound method WebsocketClient.on_message of <iqoptionapi.ws.client.WebsocketClient object at 0x000002390FFC6C30>>: WebsocketClient.on_message() takes 2 positional arguments but 3 were given
2026-07-24 13:00:19,431 | ERROR    | WebsocketClient.on_message() takes 2 positional arguments but 3 were given
2026-07-24 13:00:20,421 | ERROR    | error from callback <bound method WebsocketClient.on_message of <iqoptionapi.ws.client.WebsocketClient object at 0x000002390FFC6C30>>: WebsocketClient.on_message() takes 2 positional arguments but 3 were given
2026-07-24 13:00:20,437 | ERROR    | WebsocketClient.on_message() takes 2 positional arguments but 3 were given
2026-07-24 13:00:21,432 | ERROR    | error from callback <bound method WebsocketClient.on_message of <iqoptionapi.ws.client.WebsocketClient object at 0x000002390FFC6C30>>: WebsocketClient.on_message() takes 2 positional arguments but 3 were given
2026-07-24 13:00:21,448 | ERROR    | WebsocketClient.on_message() takes 2 positional arguments but 3 were given
2026-07-24 13:00:22,450 | ERROR    | error from callback <bound method WebsocketClient.on_message of <iqoptionapi.ws.client.WebsocketClient object at 0x000002390FFC6C30>>: WebsocketClient.on_message() takes 2 positional arguments but 3 were given
2026-07-24 13:00:22,465 | ERROR    | WebsocketClient.on_message() takes 2 positional arguments but 3 were given
2026-07-24 13:00:23,460 | ERROR    | error from callback <bound method WebsocketClient.on_message of <iqoptionapi.ws.client.WebsocketClient object at 0x000002390FFC6C30>>: WebsocketClient.on_message() takes 2 positional arguments but 3 were given
2026-07-24 13:00:23,476 | ERROR    | WebsocketClient.on_message() takes 2 positional arguments but 3 were given
2026-07-24 13:00:24,467 | ERROR    | error from callback <bound method WebsocketClient.on_message of <iqoptionapi.ws.client.WebsocketClient object at 0x000002390FFC6C30>>: WebsocketClient.on_message() takes 2 positional arguments but 3 were given
2026-07-24 13:00:24,483 | ERROR    | WebsocketClient.on_message() takes 2 positional arguments but 3 were given
2026-07-24 13:00:25,470 | ERROR    | error from callback <bound method WebsocketClient.on_message of <iqoptionapi.ws.client.WebsocketClient object at 0x000002390FFC6C30>>: WebsocketClient.on_message() takes 2 positional arguments but 3 were given
2026-07-24 13:00:25,486 | ERROR    | WebsocketClient.on_message() takes 2 positional arguments but 3 were given
2026-07-24 13:00:26,492 | ERROR    | error from callback <bound method WebsocketClient.on_message of <iqoptionapi.ws.client.WebsocketClient object at 0x000002390FFC6C30>>: WebsocketClient.on_message() takes 2 positional arguments but 3 were given
2026-07-24 13:00:26,508 | ERROR    | WebsocketClient.on_message() takes 2 positional arguments but 3 were given
2026-07-24 13:00:27,504 | ERROR    | error from callback <bound method WebsocketClient.on_message of <iqoptionapi.ws.client.WebsocketClient object at 0x000002390FFC6C30>>: WebsocketClient.on_message() takes 2 positional arguments but 3 were given
2026-07-24 13:00:27,519 | ERROR    | WebsocketClient.on_message() takes 2 positional arguments but 3 were given
2026-07-24 13:00:28,513 | ERROR    | error from callback <bound method WebsocketClient.on_message of <iqoptionapi.ws.client.WebsocketClient object at 0x000002390FFC6C30>>: WebsocketClient.on_message() takes 2 positional arguments but 3 were given
2026-07-24 13:00:28,529 | ERROR    | WebsocketClient.on_message() takes 2 positional arguments but 3 were given
2026-07-24 13:00:29,524 | ERROR    | error from callback <bound method WebsocketClient.on_message of <iqoptionapi.ws.client.WebsocketClient object at 0x000002390FFC6C30>>: WebsocketClient.on_message() takes 2 positional arguments but 3 were given
2026-07-24 13:00:29,540 | ERROR    | WebsocketClient.on_message() takes 2 positional arguments but 3 were given
2026-07-24 13:00:30,532 | ERROR    | error from callback <bound method WebsocketClient.on_message of <iqoptionapi.ws.client.WebsocketClient object at 0x000002390FFC6C30>>: WebsocketClient.on_message() takes 2 positional arguments but 3 were given
2026-07-24 13:00:30,548 | ERROR    | WebsocketClient.on_message() takes 2 positional arguments but 3 were given
2026-07-24 13:00:31,523 | ERROR    | error from callback <bound method WebsocketClient.on_message of <iqoptionapi.ws.client.WebsocketClient object at 0x000002390FFC6C30>>: WebsocketClient.on_message() takes 2 positional arguments but 3 were given
2026-07-24 13:00:31,539 | ERROR    | WebsocketClient.on_message() takes 2 positional arguments but 3 were given
2026-07-24 13:00:32,543 | ERROR    | error from callback <bound method WebsocketClient.on_message of <iqoptionapi.ws.client.WebsocketClient object at 0x000002390FFC6C30>>: WebsocketClient.on_message() takes 2 positional arguments but 3 were given
2026-07-24 13:00:32,558 | ERROR    | WebsocketClient.on_message() takes 2 positional arguments but 3 were given
2026-07-24 13:00:33,563 | ERROR    | error from callback <bound method WebsocketClient.on_message of <iqoptionapi.ws.client.WebsocketClient object at 0x000002390FFC6C30>>: WebsocketClient.on_message() takes 2 positional arguments but 3 were given
2026-07-24 13:00:33,578 | ERROR    | WebsocketClient.on_message() takes 2 positional arguments but 3 were given
2026-07-24 13:00:34,569 | ERROR    | error from callback <bound method WebsocketClient.on_message of <iqoptionapi.ws.client.WebsocketClient object at 0x000002390FFC6C30>>: WebsocketClient.on_message() takes 2 positional arguments but 3 were given
2026-07-24 13:00:34,585 | ERROR    | WebsocketClient.on_message() takes 2 positional arguments but 3 were given
2026-07-24 13:00:35,593 | ERROR    | error from callback <bound method WebsocketClient.on_message of <iqoptionapi.ws.client.WebsocketClient object at 0x000002390FFC6C30>>: WebsocketClient.on_message() takes 2 positional arguments but 3 were given
2026-07-24 13:00:35,609 | ERROR    | WebsocketClient.on_message() takes 2 positional arguments but 3 were given
2026-07-24 13:00:36,585 | ERROR    | error from callback <bound method WebsocketClient.on_message of <iqoptionapi.ws.client.WebsocketClient object at 0x000002390FFC6C30>>: WebsocketClient.on_message() takes 2 positional arguments but 3 were given
2026-07-24 13:00:36,600 | ERROR    | WebsocketClient.on_message() takes 2 positional arguments but 3 were given
2026-07-24 13:00:37,592 | ERROR    | error from callback <bound method WebsocketClient.on_message of <iqoptionapi.ws.client.WebsocketClient object at 0x000002390FFC6C30>>: WebsocketClient.on_message() takes 2 positional arguments but 3 were given
2026-07-24 13:00:37,608 | ERROR    | WebsocketClient.on_message() takes 2 positional arguments but 3 were given
2026-07-24 13:00:38,616 | ERROR    | error from callback <bound method WebsocketClient.on_message of <iqoptionapi.ws.client.WebsocketClient object at 0x000002390FFC6C30>>: WebsocketClient.on_message() takes 2 positional arguments but 3 were given
2026-07-24 13:00:38,632 | ERROR    | WebsocketClient.on_message() takes 2 positional arguments but 3 were given
2026-07-24 13:00:39,612 | ERROR    | error from callback <bound method WebsocketClient.on_message of <iqoptionapi.ws.client.WebsocketClient object at 0x000002390FFC6C30>>: WebsocketClient.on_message() takes 2 positional arguments but 3 were given
2026-07-24 13:00:39,628 | ERROR    | WebsocketClient.on_message() takes 2 positional arguments but 3 were given
2026-07-24 13:00:40,621 | ERROR    | error from callback <bound method WebsocketClient.on_message of <iqoptionapi.ws.client.WebsocketClient object at 0x000002390FFC6C30>>: WebsocketClient.on_message() takes 2 positional arguments but 3 were given
2026-07-24 13:00:40,637 | ERROR    | WebsocketClient.on_message() takes 2 positional arguments but 3 were given
2026-07-24 13:00:41,641 | ERROR    | error from callback <bound method WebsocketClient.on_message of <iqoptionapi.ws.client.WebsocketClient object at 0x000002390FFC6C30>>: WebsocketClient.on_message() takes 2 positional arguments but 3 were given
2026-07-24 13:00:41,656 | ERROR    | WebsocketClient.on_message() takes 2 positional arguments but 3 were given
2026-07-24 13:00:42,648 | ERROR    | error from callback <bound method WebsocketClient.on_message of <iqoptionapi.ws.client.WebsocketClient object at 0x000002390FFC6C30>>: WebsocketClient.on_message() takes 2 positional arguments but 3 were given
2026-07-24 13:00:42,663 | ERROR    | WebsocketClient.on_message() takes 2 positional arguments but 3 were given
2026-07-24 13:00:43,653 | ERROR    | error from callback <bound method WebsocketClient.on_message of <iqoptionapi.ws.client.WebsocketClient object at 0x000002390FFC6C30>>: WebsocketClient.on_message() takes 2 positional arguments but 3 were given
2026-07-24 13:00:43,669 | ERROR    | WebsocketClient.on_message() takes 2 positional arguments but 3 were given
2026-07-24 13:00:44,673 | ERROR    | error from callback <bound method WebsocketClient.on_message of <iqoptionapi.ws.client.WebsocketClient object at 0x000002390FFC6C30>>: WebsocketClient.on_message() takes 2 positional arguments but 3 were given
2026-07-24 13:00:44,689 | ERROR    | WebsocketClient.on_message() takes 2 positional arguments but 3 were given
2026-07-24 13:00:45,676 | ERROR    | error from callback <bound method WebsocketClient.on_message of <iqoptionapi.ws.client.WebsocketClient object at 0x000002390FFC6C30>>: WebsocketClient.on_message() takes 2 positional arguments but 3 were given
2026-07-24 13:00:45,692 | ERROR    | WebsocketClient.on_message() takes 2 positional arguments but 3 were given
2026-07-24 13:00:46,688 | ERROR    | error from callback <bound method WebsocketClient.on_message of <iqoptionapi.ws.client.WebsocketClient object at 0x000002390FFC6C30>>: WebsocketClient.on_message() takes 2 positional arguments but 3 were given
2026-07-24 13:00:46,703 | ERROR    | WebsocketClient.on_message() takes 2 positional arguments but 3 were given
2026-07-24 13:00:47,689 | ERROR    | error from callback <bound method WebsocketClient.on_message of <iqoptionapi.ws.client.WebsocketClient object at 0x000002390FFC6C30>>: WebsocketClient.on_message() takes 2 positional arguments but 3 were given
2026-07-24 13:00:47,704 | ERROR    | WebsocketClient.on_message() takes 2 positional arguments but 3 were given
2026-07-24 13:00:48,711 | ERROR    | error from callback <bound method WebsocketClient.on_message of <iqoptionapi.ws.client.WebsocketClient object at 0x000002390FFC6C30>>: WebsocketClient.on_message() takes 2 positional arguments but 3 were given
2026-07-24 13:00:48,727 | ERROR    | WebsocketClient.on_message() takes 2 positional arguments but 3 were given
2026-07-24 13:00:49,716 | ERROR    | error from callback <bound method WebsocketClient.on_message of <iqoptionapi.ws.client.WebsocketClient object at 0x000002390FFC6C30>>: WebsocketClient.on_message() takes 2 positional arguments but 3 were given
2026-07-24 13:00:49,732 | ERROR    | WebsocketClient.on_message() takes 2 positional arguments but 3 were given
2026-07-24 13:00:50,739 | ERROR    | error from callback <bound method WebsocketClient.on_message of <iqoptionapi.ws.client.WebsocketClient object at 0x000002390FFC6C30>>: WebsocketClient.on_message() takes 2 positional arguments but 3 were given
2026-07-24 13:00:50,755 | ERROR    | WebsocketClient.on_message() takes 2 positional arguments but 3 were given
2026-07-24 13:00:51,732 | ERROR    | error from callback <bound method WebsocketClient.on_message of <iqoptionapi.ws.client.WebsocketClient object at 0x000002390FFC6C30>>: WebsocketClient.on_message() takes 2 positional arguments but 3 were given
2026-07-24 13:00:51,748 | ERROR    | WebsocketClient.on_message() takes 2 positional arguments but 3 were given
2026-07-24 13:00:52,734 | ERROR    | error from callback <bound method WebsocketClient.on_message of <iqoptionapi.ws.client.WebsocketClient object at 0x000002390FFC6C30>>: WebsocketClient.on_message() takes 2 positional arguments but 3 were given
2026-07-24 13:00:52,750 | ERROR    | WebsocketClient.on_message() takes 2 positional arguments but 3 were given
2026-07-24 13:00:53,757 | ERROR    | error from callback <bound method WebsocketClient.on_message of <iqoptionapi.ws.client.WebsocketClient object at 0x000002390FFC6C30>>: WebsocketClient.on_message() takes 2 positional arguments but 3 were given
2026-07-24 13:00:53,773 | ERROR    | WebsocketClient.on_message() takes 2 positional arguments but 3 were given
2026-07-24 13:00:54,782 | ERROR    | error from callback <bound method WebsocketClient.on_message of <iqoptionapi.ws.client.WebsocketClient object at 0x000002390FFC6C30>>: WebsocketClient.on_message() takes 2 positional arguments but 3 were given
2026-07-24 13:00:54,798 | ERROR    | WebsocketClient.on_message() takes 2 positional arguments but 3 were given
2026-07-24 13:00:55,773 | ERROR    | error from callback <bound method WebsocketClient.on_message of <iqoptionapi.ws.client.WebsocketClient object at 0x000002390FFC6C30>>: WebsocketClient.on_message() takes 2 positional arguments but 3 were given
2026-07-24 13:00:55,789 | ERROR    | WebsocketClient.on_message() takes 2 positional arguments but 3 were given
2026-07-24 13:00:56,795 | ERROR    | error from callback <bound method WebsocketClient.on_message of <iqoptionapi.ws.client.WebsocketClient object at 0x000002390FFC6C30>>: WebsocketClient.on_message() takes 2 positional arguments but 3 were given
2026-07-24 13:00:56,810 | ERROR    | WebsocketClient.on_message() takes 2 positional arguments but 3 were given
2026-07-24 13:00:57,785 | ERROR    | error from callback <bound method WebsocketClient.on_message of <iqoptionapi.ws.client.WebsocketClient object at 0x000002390FFC6C30>>: WebsocketClient.on_message() takes 2 positional arguments but 3 were given
2026-07-24 13:00:57,801 | ERROR    | WebsocketClient.on_message() takes 2 positional arguments but 3 were given
2026-07-24 13:00:58,810 | ERROR    | error from callback <bound method WebsocketClient.on_message of <iqoptionapi.ws.client.WebsocketClient object at 0x000002390FFC6C30>>: WebsocketClient.on_message() takes 2 positional arguments but 3 were given
2026-07-24 13:00:58,826 | ERROR    | WebsocketClient.on_message() takes 2 positional arguments but 3 were given
2026-07-24 13:00:59,817 | ERROR    | error from callback <bound method WebsocketClient.on_message of <iqoptionapi.ws.client.WebsocketClient object at 0x000002390FFC6C30>>: WebsocketClient.on_message() takes 2 positional arguments but 3 were given
2026-07-24 13:00:59,832 | ERROR    | WebsocketClient.on_message() takes 2 positional arguments but 3 were given
2026-07-24 13:01:00,829 | ERROR    | error from callback <bound method WebsocketClient.on_message of <iqoptionapi.ws.client.WebsocketClient object at 0x000002390FFC6C30>>: WebsocketClient.on_message() takes 2 positional arguments but 3 were given
2026-07-24 13:01:00,845 | ERROR    | WebsocketClient.on_message() takes 2 positional arguments but 3 were given
2026-07-24 13:01:01,851 | ERROR    | error from callback <bound method WebsocketClient.on_message of <iqoptionapi.ws.client.WebsocketClient object at 0x000002390FFC6C30>>: WebsocketClient.on_message() takes 2 positional arguments but 3 were given
2026-07-24 13:01:01,866 | ERROR    | WebsocketClient.on_message() takes 2 positional arguments but 3 were given
2026-07-24 13:01:02,836 | ERROR    | error from callback <bound method WebsocketClient.on_message of <iqoptionapi.ws.client.WebsocketClient object at 0x000002390FFC6C30>>: WebsocketClient.on_message() takes 2 positional arguments but 3 were given
2026-07-24 13:01:02,851 | ERROR    | WebsocketClient.on_message() takes 2 positional arguments but 3 were given
2026-07-24 13:01:03,859 | ERROR    | error from callback <bound method WebsocketClient.on_message of <iqoptionapi.ws.client.WebsocketClient object at 0x000002390FFC6C30>>: WebsocketClient.on_message() takes 2 positional arguments but 3 were given
2026-07-24 13:01:03,875 | ERROR    | WebsocketClient.on_message() takes 2 positional arguments but 3 were given
2026-07-24 13:01:04,883 | ERROR    | error from callback <bound method WebsocketClient.on_message of <iqoptionapi.ws.client.WebsocketClient object at 0x000002390FFC6C30>>: WebsocketClient.on_message() takes 2 positional arguments but 3 were given
2026-07-24 13:01:04,898 | ERROR    | WebsocketClient.on_message() takes 2 positional arguments but 3 were given
2026-07-24 13:01:05,872 | ERROR    | error from callback <bound method WebsocketClient.on_message of <iqoptionapi.ws.client.WebsocketClient object at 0x000002390FFC6C30>>: WebsocketClient.on_message() takes 2 positional arguments but 3 were given
2026-07-24 13:01:05,888 | ERROR    | WebsocketClient.on_message() takes 2 positional arguments but 3 were given
2026-07-24 13:01:06,876 | ERROR    | error from callback <bound method WebsocketClient.on_message of <iqoptionapi.ws.client.WebsocketClient object at 0x000002390FFC6C30>>: WebsocketClient.on_message() takes 2 positional arguments but 3 were given
2026-07-24 13:01:06,891 | ERROR    | WebsocketClient.on_message() takes 2 positional arguments but 3 were given
2026-07-24 13:01:07,895 | ERROR    | error from callback <bound method WebsocketClient.on_message of <iqoptionapi.ws.client.WebsocketClient object at 0x000002390FFC6C30>>: WebsocketClient.on_message() takes 2 positional arguments but 3 were given
2026-07-24 13:01:07,910 | ERROR    | WebsocketClient.on_message() takes 2 positional arguments but 3 were given
2026-07-24 13:01:08,902 | ERROR    | error from callback <bound method WebsocketClient.on_message of <iqoptionapi.ws.client.WebsocketClient object at 0x000002390FFC6C30>>: WebsocketClient.on_message() takes 2 positional arguments but 3 were given
2026-07-24 13:01:08,918 | ERROR    | WebsocketClient.on_message() takes 2 positional arguments but 3 were given
2026-07-24 13:01:09,912 | ERROR    | error from callback <bound method WebsocketClient.on_message of <iqoptionapi.ws.client.WebsocketClient object at 0x000002390FFC6C30>>: WebsocketClient.on_message() takes 2 positional arguments but 3 were given
2026-07-24 13:01:09,927 | ERROR    | WebsocketClient.on_message() takes 2 positional arguments but 3 were given
2026-07-24 13:01:10,917 | ERROR    | error from callback <bound method WebsocketClient.on_message of <iqoptionapi.ws.client.WebsocketClient object at 0x000002390FFC6C30>>: WebsocketClient.on_message() takes 2 positional arguments but 3 were given
2026-07-24 13:01:10,933 | ERROR    | WebsocketClient.on_message() takes 2 positional arguments but 3 were given
2026-07-24 13:01:11,939 | ERROR    | error from callback <bound method WebsocketClient.on_message of <iqoptionapi.ws.client.WebsocketClient object at 0x000002390FFC6C30>>: WebsocketClient.on_message() takes 2 positional arguments but 3 were given
2026-07-24 13:01:11,955 | ERROR    | WebsocketClient.on_message() takes 2 positional arguments but 3 were given
2026-07-24 13:01:12,942 | ERROR    | error from callback <bound method WebsocketClient.on_message of <iqoptionapi.ws.client.WebsocketClient object at 0x000002390FFC6C30>>: WebsocketClient.on_message() takes 2 positional arguments but 3 were given
2026-07-24 13:01:12,957 | ERROR    | WebsocketClient.on_message() takes 2 positional arguments but 3 were given
2026-07-24 13:01:13,951 | ERROR    | error from callback <bound method WebsocketClient.on_message of <iqoptionapi.ws.client.WebsocketClient object at 0x000002390FFC6C30>>: WebsocketClient.on_message() takes 2 positional arguments but 3 were given
2026-07-24 13:01:13,967 | ERROR    | WebsocketClient.on_message() takes 2 positional arguments but 3 were given
2026-07-24 13:01:14,971 | ERROR    | error from callback <bound method WebsocketClient.on_message of <iqoptionapi.ws.client.WebsocketClient object at 0x000002390FFC6C30>>: WebsocketClient.on_message() takes 2 positional arguments but 3 were given
2026-07-24 13:01:14,987 | ERROR    | WebsocketClient.on_message() takes 2 positional arguments but 3 were given
2026-07-24 13:01:15,965 | ERROR    | error from callback <bound method WebsocketClient.on_message of <iqoptionapi.ws.client.WebsocketClient object at 0x000002390FFC6C30>>: WebsocketClient.on_message() takes 2 positional arguments but 3 were given
2026-07-24 13:01:15,980 | ERROR    | WebsocketClient.on_message() takes 2 positional arguments but 3 were given
2026-07-24 13:01:16,985 | ERROR    | error from callback <bound method WebsocketClient.on_message of <iqoptionapi.ws.client.WebsocketClient object at 0x000002390FFC6C30>>: WebsocketClient.on_message() takes 2 positional arguments but 3 were given
2026-07-24 13:01:17,001 | ERROR    | WebsocketClient.on_message() takes 2 positional arguments but 3 were given
2026-07-24 13:01:18,006 | ERROR    | error from callback <bound method WebsocketClient.on_message of <iqoptionapi.ws.client.WebsocketClient object at 0x000002390FFC6C30>>: WebsocketClient.on_message() takes 2 positional arguments but 3 were given
2026-07-24 13:01:18,022 | ERROR    | WebsocketClient.on_message() takes 2 positional arguments but 3 were given
2026-07-24 13:01:18,998 | ERROR    | error from callback <bound method WebsocketClient.on_message of <iqoptionapi.ws.client.WebsocketClient object at 0x000002390FFC6C30>>: WebsocketClient.on_message() takes 2 positional arguments but 3 were given
2026-07-24 13:01:19,013 | ERROR    | WebsocketClient.on_message() takes 2 positional arguments but 3 were given
2026-07-24 13:01:20,016 | ERROR    | error from callback <bound method WebsocketClient.on_message of <iqoptionapi.ws.client.WebsocketClient object at 0x000002390FFC6C30>>: WebsocketClient.on_message() takes 2 positional arguments but 3 were given
2026-07-24 13:01:20,032 | ERROR    | WebsocketClient.on_message() takes 2 positional arguments but 3 were given
2026-07-24 13:01:21,022 | ERROR    | error from callback <bound method WebsocketClient.on_message of <iqoptionapi.ws.client.WebsocketClient object at 0x000002390FFC6C30>>: WebsocketClient.on_message() takes 2 positional arguments but 3 were given
2026-07-24 13:01:21,037 | ERROR    | WebsocketClient.on_message() takes 2 positional arguments but 3 were given
2026-07-24 13:01:22,029 | ERROR    | error from callback <bound method WebsocketClient.on_message of <iqoptionapi.ws.client.WebsocketClient object at 0x000002390FFC6C30>>: WebsocketClient.on_message() takes 2 positional arguments but 3 were given
2026-07-24 13:01:22,045 | ERROR    | WebsocketClient.on_message() takes 2 positional arguments but 3 were given
2026-07-24 13:01:23,040 | ERROR    | error from callback <bound method WebsocketClient.on_message of <iqoptionapi.ws.client.WebsocketClient object at 0x000002390FFC6C30>>: WebsocketClient.on_message() takes 2 positional arguments but 3 were given
2026-07-24 13:01:23,056 | ERROR    | WebsocketClient.on_message() takes 2 positional arguments but 3 were given
2026-07-24 13:01:24,061 | ERROR    | error from callback <bound method WebsocketClient.on_message of <iqoptionapi.ws.client.WebsocketClient object at 0x000002390FFC6C30>>: WebsocketClient.on_message() takes 2 positional arguments but 3 were given
2026-07-24 13:01:24,077 | ERROR    | WebsocketClient.on_message() takes 2 positional arguments but 3 were given
2026-07-24 13:01:25,066 | ERROR    | error from callback <bound method WebsocketClient.on_message of <iqoptionapi.ws.client.WebsocketClient object at 0x000002390FFC6C30>>: WebsocketClient.on_message() takes 2 positional arguments but 3 were given
2026-07-24 13:01:25,082 | ERROR    | WebsocketClient.on_message() takes 2 positional arguments but 3 were given
2026-07-24 13:01:26,074 | ERROR    | error from callback <bound method WebsocketClient.on_message of <iqoptionapi.ws.client.WebsocketClient object at 0x000002390FFC6C30>>: WebsocketClient.on_message() takes 2 positional arguments but 3 were given
2026-07-24 13:01:26,090 | ERROR    | WebsocketClient.on_message() takes 2 positional arguments but 3 were given
2026-07-24 13:01:27,082 | ERROR    | error from callback <bound method WebsocketClient.on_message of <iqoptionapi.ws.client.WebsocketClient object at 0x000002390FFC6C30>>: WebsocketClient.on_message() takes 2 positional arguments but 3 were given
2026-07-24 13:01:27,098 | ERROR    | WebsocketClient.on_message() takes 2 positional arguments but 3 were given
2026-07-24 13:01:28,092 | ERROR    | error from callback <bound method WebsocketClient.on_message of <iqoptionapi.ws.client.WebsocketClient object at 0x000002390FFC6C30>>: WebsocketClient.on_message() takes 2 positional arguments but 3 were given
2026-07-24 13:01:28,108 | ERROR    | WebsocketClient.on_message() takes 2 positional arguments but 3 were given
2026-07-24 13:01:29,101 | ERROR    | error from callback <bound method WebsocketClient.on_message of <iqoptionapi.ws.client.WebsocketClient object at 0x000002390FFC6C30>>: WebsocketClient.on_message() takes 2 positional arguments but 3 were given
2026-07-24 13:01:29,117 | ERROR    | WebsocketClient.on_message() takes 2 positional arguments but 3 were given
2026-07-24 13:01:30,109 | ERROR    | error from callback <bound method WebsocketClient.on_message of <iqoptionapi.ws.client.WebsocketClient object at 0x000002390FFC6C30>>: WebsocketClient.on_message() takes 2 positional arguments but 3 were given
2026-07-24 13:01:30,125 | ERROR    | WebsocketClient.on_message() takes 2 positional arguments but 3 were given
2026-07-24 13:01:31,131 | ERROR    | error from callback <bound method WebsocketClient.on_message of <iqoptionapi.ws.client.WebsocketClient object at 0x000002390FFC6C30>>: WebsocketClient.on_message() takes 2 positional arguments but 3 were given
2026-07-24 13:01:31,147 | ERROR    | WebsocketClient.on_message() takes 2 positional arguments but 3 were given
2026-07-24 13:01:32,136 | ERROR    | error from callback <bound method WebsocketClient.on_message of <iqoptionapi.ws.client.WebsocketClient object at 0x000002390FFC6C30>>: WebsocketClient.on_message() takes 2 positional arguments but 3 were given
2026-07-24 13:01:32,152 | ERROR    | WebsocketClient.on_message() takes 2 positional arguments but 3 were given
2026-07-24 13:01:33,140 | ERROR    | error from callback <bound method WebsocketClient.on_message of <iqoptionapi.ws.client.WebsocketClient object at 0x000002390FFC6C30>>: WebsocketClient.on_message() takes 2 positional arguments but 3 were given
2026-07-24 13:01:33,156 | ERROR    | WebsocketClient.on_message() takes 2 positional arguments but 3 were given
2026-07-24 13:01:34,147 | ERROR    | error from callback <bound method WebsocketClient.on_message of <iqoptionapi.ws.client.WebsocketClient object at 0x000002390FFC6C30>>: WebsocketClient.on_message() takes 2 positional arguments but 3 were given
2026-07-24 13:01:34,162 | ERROR    | WebsocketClient.on_message() takes 2 positional arguments but 3 were given
2026-07-24 13:01:35,167 | ERROR    | error from callback <bound method WebsocketClient.on_message of <iqoptionapi.ws.client.WebsocketClient object at 0x000002390FFC6C30>>: WebsocketClient.on_message() takes 2 positional arguments but 3 were given
2026-07-24 13:01:35,183 | ERROR    | WebsocketClient.on_message() takes 2 positional arguments but 3 were given
2026-07-24 13:01:36,175 | ERROR    | error from callback <bound method WebsocketClient.on_message of <iqoptionapi.ws.client.WebsocketClient object at 0x000002390FFC6C30>>: WebsocketClient.on_message() takes 2 positional arguments but 3 were given
2026-07-24 13:01:36,190 | ERROR    | WebsocketClient.on_message() takes 2 positional arguments but 3 were given
2026-07-24 13:01:37,199 | ERROR    | error from callback <bound method WebsocketClient.on_message of <iqoptionapi.ws.client.WebsocketClient object at 0x000002390FFC6C30>>: WebsocketClient.on_message() takes 2 positional arguments but 3 were given
2026-07-24 13:01:37,215 | ERROR    | WebsocketClient.on_message() takes 2 positional arguments but 3 were given
2026-07-24 13:01:38,204 | ERROR    | error from callback <bound method WebsocketClient.on_message of <iqoptionapi.ws.client.WebsocketClient object at 0x000002390FFC6C30>>: WebsocketClient.on_message() takes 2 positional arguments but 3 were given
2026-07-24 13:01:38,219 | ERROR    | WebsocketClient.on_message() takes 2 positional arguments but 3 were given
2026-07-24 13:01:39,210 | ERROR    | error from callback <bound method WebsocketClient.on_message of <iqoptionapi.ws.client.WebsocketClient object at 0x000002390FFC6C30>>: WebsocketClient.on_message() takes 2 positional arguments but 3 were given
2026-07-24 13:01:39,226 | ERROR    | WebsocketClient.on_message() takes 2 positional arguments but 3 were given
2026-07-24 13:01:40,226 | ERROR    | error from callback <bound method WebsocketClient.on_message of <iqoptionapi.ws.client.WebsocketClient object at 0x000002390FFC6C30>>: WebsocketClient.on_message() takes 2 positional arguments but 3 were given
2026-07-24 13:01:40,242 | ERROR    | WebsocketClient.on_message() takes 2 positional arguments but 3 were given
2026-07-24 13:01:41,246 | ERROR    | error from callback <bound method WebsocketClient.on_message of <iqoptionapi.ws.client.WebsocketClient object at 0x000002390FFC6C30>>: WebsocketClient.on_message() takes 2 positional arguments but 3 were given
2026-07-24 13:01:41,261 | ERROR    | WebsocketClient.on_message() takes 2 positional arguments but 3 were given
2026-07-24 13:01:42,250 | ERROR    | error from callback <bound method WebsocketClient.on_message of <iqoptionapi.ws.client.WebsocketClient object at 0x000002390FFC6C30>>: WebsocketClient.on_message() takes 2 positional arguments but 3 were given
2026-07-24 13:01:42,266 | ERROR    | WebsocketClient.on_message() takes 2 positional arguments but 3 were given
2026-07-24 13:01:43,241 | ERROR    | error from callback <bound method WebsocketClient.on_message of <iqoptionapi.ws.client.WebsocketClient object at 0x000002390FFC6C30>>: WebsocketClient.on_message() takes 2 positional arguments but 3 were given
2026-07-24 13:01:43,258 | ERROR    | WebsocketClient.on_message() takes 2 positional arguments but 3 were given
2026-07-24 13:01:44,251 | ERROR    | error from callback <bound method WebsocketClient.on_message of <iqoptionapi.ws.client.WebsocketClient object at 0x000002390FFC6C30>>: WebsocketClient.on_message() takes 2 positional arguments but 3 were given
2026-07-24 13:01:44,267 | ERROR    | WebsocketClient.on_message() takes 2 positional arguments but 3 were given
2026-07-24 13:01:45,267 | ERROR    | error from callback <bound method WebsocketClient.on_message of <iqoptionapi.ws.client.WebsocketClient object at 0x000002390FFC6C30>>: WebsocketClient.on_message() takes 2 positional arguments but 3 were given
2026-07-24 13:01:45,283 | ERROR    | WebsocketClient.on_message() takes 2 positional arguments but 3 were given
2026-07-24 13:01:46,272 | ERROR    | error from callback <bound method WebsocketClient.on_message of <iqoptionapi.ws.client.WebsocketClient object at 0x000002390FFC6C30>>: WebsocketClient.on_message() takes 2 positional arguments but 3 were given
2026-07-24 13:01:46,287 | ERROR    | WebsocketClient.on_message() takes 2 positional arguments but 3 were given
2026-07-24 13:01:47,285 | ERROR    | error from callback <bound method WebsocketClient.on_message of <iqoptionapi.ws.client.WebsocketClient object at 0x000002390FFC6C30>>: WebsocketClient.on_message() takes 2 positional arguments but 3 were given
2026-07-24 13:01:47,301 | ERROR    | WebsocketClient.on_message() takes 2 positional arguments but 3 were given
2026-07-24 13:01:48,307 | ERROR    | error from callback <bound method WebsocketClient.on_message of <iqoptionapi.ws.client.WebsocketClient object at 0x000002390FFC6C30>>: WebsocketClient.on_message() takes 2 positional arguments but 3 were given
2026-07-24 13:01:48,322 | ERROR    | WebsocketClient.on_message() takes 2 positional arguments but 3 were given
2026-07-24 13:01:49,302 | ERROR    | error from callback <bound method WebsocketClient.on_message of <iqoptionapi.ws.client.WebsocketClient object at 0x000002390FFC6C30>>: WebsocketClient.on_message() takes 2 positional arguments but 3 were given
2026-07-24 13:01:49,317 | ERROR    | WebsocketClient.on_message() takes 2 positional arguments but 3 were given
2026-07-24 13:01:50,317 | ERROR    | error from callback <bound method WebsocketClient.on_message of <iqoptionapi.ws.client.WebsocketClient object at 0x000002390FFC6C30>>: WebsocketClient.on_message() takes 2 positional arguments but 3 were given
2026-07-24 13:01:50,333 | ERROR    | WebsocketClient.on_message() takes 2 positional arguments but 3 were given
2026-07-24 13:01:51,334 | ERROR    | error from callback <bound method WebsocketClient.on_message of <iqoptionapi.ws.client.WebsocketClient object at 0x000002390FFC6C30>>: WebsocketClient.on_message() takes 2 positional arguments but 3 were given
2026-07-24 13:01:51,349 | ERROR    | WebsocketClient.on_message() takes 2 positional arguments but 3 were given
2026-07-24 13:01:52,347 | ERROR    | error from callback <bound method WebsocketClient.on_message of <iqoptionapi.ws.client.WebsocketClient object at 0x000002390FFC6C30>>: WebsocketClient.on_message() takes 2 positional arguments but 3 were given
2026-07-24 13:01:52,362 | ERROR    | WebsocketClient.on_message() takes 2 positional arguments but 3 were given
2026-07-24 13:01:53,347 | ERROR    | error from callback <bound method WebsocketClient.on_message of <iqoptionapi.ws.client.WebsocketClient object at 0x000002390FFC6C30>>: WebsocketClient.on_message() takes 2 positional arguments but 3 were given
2026-07-24 13:01:53,347 | ERROR    | WebsocketClient.on_message() takes 2 positional arguments but 3 were given
2026-07-24 13:01:54,360 | ERROR    | error from callback <bound method WebsocketClient.on_message of <iqoptionapi.ws.client.WebsocketClient object at 0x000002390FFC6C30>>: WebsocketClient.on_message() takes 2 positional arguments but 3 were given
2026-07-24 13:01:54,376 | ERROR    | WebsocketClient.on_message() takes 2 positional arguments but 3 were given
2026-07-24 13:01:55,376 | ERROR    | error from callback <bound method WebsocketClient.on_message of <iqoptionapi.ws.client.WebsocketClient object at 0x000002390FFC6C30>>: WebsocketClient.on_message() takes 2 positional arguments but 3 were given
2026-07-24 13:01:55,391 | ERROR    | WebsocketClient.on_message() takes 2 positional arguments but 3 were given
2026-07-24 13:01:56,386 | ERROR    | error from callback <bound method WebsocketClient.on_message of <iqoptionapi.ws.client.WebsocketClient object at 0x000002390FFC6C30>>: WebsocketClient.on_message() takes 2 positional arguments but 3 were given
2026-07-24 13:01:56,401 | ERROR    | WebsocketClient.on_message() takes 2 positional arguments but 3 were given
2026-07-24 13:01:57,406 | ERROR    | error from callback <bound method WebsocketClient.on_message of <iqoptionapi.ws.client.WebsocketClient object at 0x000002390FFC6C30>>: WebsocketClient.on_message() takes 2 positional arguments but 3 were given
2026-07-24 13:01:57,421 | ERROR    | WebsocketClient.on_message() takes 2 positional arguments but 3 were given
2026-07-24 13:01:58,388 | ERROR    | error from callback <bound method WebsocketClient.on_message of <iqoptionapi.ws.client.WebsocketClient object at 0x000002390FFC6C30>>: WebsocketClient.on_message() takes 2 positional arguments but 3 were given
2026-07-24 13:01:58,389 | ERROR    | WebsocketClient.on_message() takes 2 positional arguments but 3 were given
2026-07-24 13:01:59,414 | ERROR    | error from callback <bound method WebsocketClient.on_message of <iqoptionapi.ws.client.WebsocketClient object at 0x000002390FFC6C30>>: WebsocketClient.on_message() takes 2 positional arguments but 3 were given
2026-07-24 13:01:59,429 | ERROR    | WebsocketClient.on_message() takes 2 positional arguments but 3 were given
2026-07-24 13:02:00,413 | ERROR    | error from callback <bound method WebsocketClient.on_message of <iqoptionapi.ws.client.WebsocketClient object at 0x000002390FFC6C30>>: WebsocketClient.on_message() takes 2 positional arguments but 3 were given
2026-07-24 13:02:00,429 | ERROR    | WebsocketClient.on_message() takes 2 positional arguments but 3 were given
2026-07-24 13:02:01,432 | ERROR    | error from callback <bound method WebsocketClient.on_message of <iqoptionapi.ws.client.WebsocketClient object at 0x000002390FFC6C30>>: WebsocketClient.on_message() takes 2 positional arguments but 3 were given
2026-07-24 13:02:01,448 | ERROR    | WebsocketClient.on_message() takes 2 positional arguments but 3 were given
2026-07-24 13:02:02,436 | ERROR    | error from callback <bound method WebsocketClient.on_message of <iqoptionapi.ws.client.WebsocketClient object at 0x000002390FFC6C30>>: WebsocketClient.on_message() takes 2 positional arguments but 3 were given
2026-07-24 13:02:02,452 | ERROR    | WebsocketClient.on_message() takes 2 positional arguments but 3 were given
2026-07-24 13:02:03,451 | ERROR    | error from callback <bound method WebsocketClient.on_message of <iqoptionapi.ws.client.WebsocketClient object at 0x000002390FFC6C30>>: WebsocketClient.on_message() takes 2 positional arguments but 3 were given
2026-07-24 13:02:03,467 | ERROR    | WebsocketClient.on_message() takes 2 positional arguments but 3 were given
2026-07-24 13:02:04,464 | ERROR    | error from callback <bound method WebsocketClient.on_message of <iqoptionapi.ws.client.WebsocketClient object at 0x000002390FFC6C30>>: WebsocketClient.on_message() takes 2 positional arguments but 3 were given
2026-07-24 13:02:04,479 | ERROR    | WebsocketClient.on_message() takes 2 positional arguments but 3 were given
2026-07-24 13:02:05,488 | ERROR    | error from callback <bound method WebsocketClient.on_message of <iqoptionapi.ws.client.WebsocketClient object at 0x000002390FFC6C30>>: WebsocketClient.on_message() takes 2 positional arguments but 3 were given
2026-07-24 13:02:05,503 | ERROR    | WebsocketClient.on_message() takes 2 positional arguments but 3 were given
2026-07-24 13:02:06,515 | ERROR    | error from callback <bound method WebsocketClient.on_message of <iqoptionapi.ws.client.WebsocketClient object at 0x000002390FFC6C30>>: WebsocketClient.on_message() takes 2 positional arguments but 3 were given
2026-07-24 13:02:06,530 | ERROR    | WebsocketClient.on_message() takes 2 positional arguments but 3 were given
2026-07-24 13:02:07,510 | ERROR    | error from callback <bound method WebsocketClient.on_message of <iqoptionapi.ws.client.WebsocketClient object at 0x000002390FFC6C30>>: WebsocketClient.on_message() takes 2 positional arguments but 3 were given
2026-07-24 13:02:07,510 | ERROR    | WebsocketClient.on_message() takes 2 positional arguments but 3 were given
2026-07-24 13:02:08,502 | ERROR    | error from callback <bound method WebsocketClient.on_message of <iqoptionapi.ws.client.WebsocketClient object at 0x000002390FFC6C30>>: WebsocketClient.on_message() takes 2 positional arguments but 3 were given
2026-07-24 13:02:08,517 | ERROR    | WebsocketClient.on_message() takes 2 positional arguments but 3 were given
2026-07-24 13:02:09,522 | ERROR    | error from callback <bound method WebsocketClient.on_message of <iqoptionapi.ws.client.WebsocketClient object at 0x000002390FFC6C30>>: WebsocketClient.on_message() takes 2 positional arguments but 3 were given
2026-07-24 13:02:09,538 | ERROR    | WebsocketClient.on_message() takes 2 positional arguments but 3 were given
2026-07-24 13:02:10,508 | ERROR    | error from callback <bound method WebsocketClient.on_message of <iqoptionapi.ws.client.WebsocketClient object at 0x000002390FFC6C30>>: WebsocketClient.on_message() takes 2 positional arguments but 3 were given
2026-07-24 13:02:10,523 | ERROR    | WebsocketClient.on_message() takes 2 positional arguments but 3 were given
2026-07-24 13:02:11,533 | ERROR    | error from callback <bound method WebsocketClient.on_message of <iqoptionapi.ws.client.WebsocketClient object at 0x000002390FFC6C30>>: WebsocketClient.on_message() takes 2 positional arguments but 3 were given
2026-07-24 13:02:11,548 | ERROR    | WebsocketClient.on_message() takes 2 positional arguments but 3 were given
2026-07-24 13:02:12,554 | ERROR    | error from callback <bound method WebsocketClient.on_message of <iqoptionapi.ws.client.WebsocketClient object at 0x000002390FFC6C30>>: WebsocketClient.on_message() takes 2 positional arguments but 3 were given
2026-07-24 13:02:12,569 | ERROR    | WebsocketClient.on_message() takes 2 positional arguments but 3 were given
2026-07-24 13:02:13,563 | ERROR    | error from callback <bound method WebsocketClient.on_message of <iqoptionapi.ws.client.WebsocketClient object at 0x000002390FFC6C30>>: WebsocketClient.on_message() takes 2 positional arguments but 3 were given
2026-07-24 13:02:13,578 | ERROR    | WebsocketClient.on_message() takes 2 positional arguments but 3 were given
2026-07-24 13:02:14,556 | ERROR    | error from callback <bound method WebsocketClient.on_message of <iqoptionapi.ws.client.WebsocketClient object at 0x000002390FFC6C30>>: WebsocketClient.on_message() takes 2 positional arguments but 3 were given
2026-07-24 13:02:14,572 | ERROR    | WebsocketClient.on_message() takes 2 positional arguments but 3 were given
2026-07-24 13:02:15,568 | ERROR    | error from callback <bound method WebsocketClient.on_message of <iqoptionapi.ws.client.WebsocketClient object at 0x000002390FFC6C30>>: WebsocketClient.on_message() takes 2 positional arguments but 3 were given
2026-07-24 13:02:15,584 | ERROR    | WebsocketClient.on_message() takes 2 positional arguments but 3 were given
2026-07-24 13:02:16,599 | ERROR    | error from callback <bound method WebsocketClient.on_message of <iqoptionapi.ws.client.WebsocketClient object at 0x000002390FFC6C30>>: WebsocketClient.on_message() takes 2 positional arguments but 3 were given
2026-07-24 13:02:16,615 | ERROR    | WebsocketClient.on_message() takes 2 positional arguments but 3 were given
2026-07-24 13:02:17,595 | ERROR    | error from callback <bound method WebsocketClient.on_message of <iqoptionapi.ws.client.WebsocketClient object at 0x000002390FFC6C30>>: WebsocketClient.on_message() takes 2 positional arguments but 3 were given
2026-07-24 13:02:17,611 | ERROR    | WebsocketClient.on_message() takes 2 positional arguments but 3 were given
2026-07-24 13:02:18,610 | ERROR    | error from callback <bound method WebsocketClient.on_message of <iqoptionapi.ws.client.WebsocketClient object at 0x000002390FFC6C30>>: WebsocketClient.on_message() takes 2 positional arguments but 3 were given
2026-07-24 13:02:18,626 | ERROR    | WebsocketClient.on_message() takes 2 positional arguments but 3 were given
2026-07-24 13:02:19,607 | ERROR    | error from callback <bound method WebsocketClient.on_message of <iqoptionapi.ws.client.WebsocketClient object at 0x000002390FFC6C30>>: WebsocketClient.on_message() takes 2 positional arguments but 3 were given
2026-07-24 13:02:19,622 | ERROR    | WebsocketClient.on_message() takes 2 positional arguments but 3 were given
2026-07-24 13:02:20,634 | ERROR    | error from callback <bound method WebsocketClient.on_message of <iqoptionapi.ws.client.WebsocketClient object at 0x000002390FFC6C30>>: WebsocketClient.on_message() takes 2 positional arguments but 3 were given
2026-07-24 13:02:20,649 | ERROR    | WebsocketClient.on_message() takes 2 positional arguments but 3 were given
2026-07-24 13:02:21,626 | ERROR    | error from callback <bound method WebsocketClient.on_message of <iqoptionapi.ws.client.WebsocketClient object at 0x000002390FFC6C30>>: WebsocketClient.on_message() takes 2 positional arguments but 3 were given
2026-07-24 13:02:21,642 | ERROR    | WebsocketClient.on_message() takes 2 positional arguments but 3 were given
2026-07-24 13:02:22,642 | ERROR    | error from callback <bound method WebsocketClient.on_message of <iqoptionapi.ws.client.WebsocketClient object at 0x000002390FFC6C30>>: WebsocketClient.on_message() takes 2 positional arguments but 3 were given
2026-07-24 13:02:22,657 | ERROR    | WebsocketClient.on_message() takes 2 positional arguments but 3 were given
2026-07-24 13:02:23,646 | ERROR    | error from callback <bound method WebsocketClient.on_message of <iqoptionapi.ws.client.WebsocketClient object at 0x000002390FFC6C30>>: WebsocketClient.on_message() takes 2 positional arguments but 3 were given
2026-07-24 13:02:23,662 | ERROR    | WebsocketClient.on_message() takes 2 positional arguments but 3 were given
2026-07-24 13:02:24,660 | ERROR    | error from callback <bound method WebsocketClient.on_message of <iqoptionapi.ws.client.WebsocketClient object at 0x000002390FFC6C30>>: WebsocketClient.on_message() takes 2 positional arguments but 3 were given
2026-07-24 13:02:24,676 | ERROR    | WebsocketClient.on_message() takes 2 positional arguments but 3 were given
2026-07-24 13:02:25,672 | ERROR    | error from callback <bound method WebsocketClient.on_message of <iqoptionapi.ws.client.WebsocketClient object at 0x000002390FFC6C30>>: WebsocketClient.on_message() takes 2 positional arguments but 3 were given
2026-07-24 13:02:25,688 | ERROR    | WebsocketClient.on_message() takes 2 positional arguments but 3 were given
2026-07-24 13:02:26,683 | ERROR    | error from callback <bound method WebsocketClient.on_message of <iqoptionapi.ws.client.WebsocketClient object at 0x000002390FFC6C30>>: WebsocketClient.on_message() takes 2 positional arguments but 3 were given
2026-07-24 13:02:26,699 | ERROR    | WebsocketClient.on_message() takes 2 positional arguments but 3 were given
2026-07-24 13:02:27,689 | ERROR    | error from callback <bound method WebsocketClient.on_message of <iqoptionapi.ws.client.WebsocketClient object at 0x000002390FFC6C30>>: WebsocketClient.on_message() takes 2 positional arguments but 3 were given
2026-07-24 13:02:27,705 | ERROR    | WebsocketClient.on_message() takes 2 positional arguments but 3 were given
2026-07-24 13:02:28,721 | ERROR    | error from callback <bound method WebsocketClient.on_message of <iqoptionapi.ws.client.WebsocketClient object at 0x000002390FFC6C30>>: WebsocketClient.on_message() takes 2 positional arguments but 3 were given
2026-07-24 13:02:28,737 | ERROR    | WebsocketClient.on_message() takes 2 positional arguments but 3 were given
2026-07-24 13:02:29,704 | ERROR    | error from callback <bound method WebsocketClient.on_message of <iqoptionapi.ws.client.WebsocketClient object at 0x000002390FFC6C30>>: WebsocketClient.on_message() takes 2 positional arguments but 3 were given
2026-07-24 13:02:29,720 | ERROR    | WebsocketClient.on_message() takes 2 positional arguments but 3 were given
2026-07-24 13:02:30,712 | ERROR    | error from callback <bound method WebsocketClient.on_message of <iqoptionapi.ws.client.WebsocketClient object at 0x000002390FFC6C30>>: WebsocketClient.on_message() takes 2 positional arguments but 3 were given
2026-07-24 13:02:30,728 | ERROR    | WebsocketClient.on_message() takes 2 positional arguments but 3 were given
2026-07-24 13:02:31,731 | ERROR    | error from callback <bound method WebsocketClient.on_message of <iqoptionapi.ws.client.WebsocketClient object at 0x000002390FFC6C30>>: WebsocketClient.on_message() takes 2 positional arguments but 3 were given
2026-07-24 13:02:31,746 | ERROR    | WebsocketClient.on_message() takes 2 positional arguments but 3 were given
2026-07-24 13:02:32,758 | ERROR    | error from callback <bound method WebsocketClient.on_message of <iqoptionapi.ws.client.WebsocketClient object at 0x000002390FFC6C30>>: WebsocketClient.on_message() takes 2 positional arguments but 3 were given
2026-07-24 13:02:32,774 | ERROR    | WebsocketClient.on_message() takes 2 positional arguments but 3 were given
2026-07-24 13:02:33,739 | ERROR    | error from callback <bound method WebsocketClient.on_message of <iqoptionapi.ws.client.WebsocketClient object at 0x000002390FFC6C30>>: WebsocketClient.on_message() takes 2 positional arguments but 3 were given
2026-07-24 13:02:33,754 | ERROR    | WebsocketClient.on_message() takes 2 positional arguments but 3 were given
2026-07-24 13:02:34,750 | ERROR    | error from callback <bound method WebsocketClient.on_message of <iqoptionapi.ws.client.WebsocketClient object at 0x000002390FFC6C30>>: WebsocketClient.on_message() takes 2 positional arguments but 3 were given
2026-07-24 13:02:34,765 | ERROR    | WebsocketClient.on_message() takes 2 positional arguments but 3 were given
2026-07-24 13:02:35,779 | ERROR    | error from callback <bound method WebsocketClient.on_message of <iqoptionapi.ws.client.WebsocketClient object at 0x000002390FFC6C30>>: WebsocketClient.on_message() takes 2 positional arguments but 3 were given
2026-07-24 13:02:35,795 | ERROR    | WebsocketClient.on_message() takes 2 positional arguments but 3 were given
2026-07-24 13:02:36,772 | ERROR    | error from callback <bound method WebsocketClient.on_message of <iqoptionapi.ws.client.WebsocketClient object at 0x000002390FFC6C30>>: WebsocketClient.on_message() takes 2 positional arguments but 3 were given
2026-07-24 13:02:36,788 | ERROR    | WebsocketClient.on_message() takes 2 positional arguments but 3 were given
2026-07-24 13:02:37,780 | ERROR    | error from callback <bound method WebsocketClient.on_message of <iqoptionapi.ws.client.WebsocketClient object at 0x000002390FFC6C30>>: WebsocketClient.on_message() takes 2 positional arguments but 3 were given
2026-07-24 13:02:37,796 | ERROR    | WebsocketClient.on_message() takes 2 positional arguments but 3 were given
2026-07-24 13:02:38,811 | ERROR    | error from callback <bound method WebsocketClient.on_message of <iqoptionapi.ws.client.WebsocketClient object at 0x000002390FFC6C30>>: WebsocketClient.on_message() takes 2 positional arguments but 3 were given
2026-07-24 13:02:38,826 | ERROR    | WebsocketClient.on_message() takes 2 positional arguments but 3 were given
2026-07-24 13:02:39,796 | ERROR    | error from callback <bound method WebsocketClient.on_message of <iqoptionapi.ws.client.WebsocketClient object at 0x000002390FFC6C30>>: WebsocketClient.on_message() takes 2 positional arguments but 3 were given
2026-07-24 13:02:39,812 | ERROR    | WebsocketClient.on_message() takes 2 positional arguments but 3 were given
2026-07-24 13:02:40,811 | ERROR    | error from callback <bound method WebsocketClient.on_message of <iqoptionapi.ws.client.WebsocketClient object at 0x000002390FFC6C30>>: WebsocketClient.on_message() takes 2 positional arguments but 3 were given
2026-07-24 13:02:40,826 | ERROR    | WebsocketClient.on_message() takes 2 positional arguments but 3 were given
2026-07-24 13:02:41,819 | ERROR    | error from callback <bound method WebsocketClient.on_message of <iqoptionapi.ws.client.WebsocketClient object at 0x000002390FFC6C30>>: WebsocketClient.on_message() takes 2 positional arguments but 3 were given
2026-07-24 13:02:41,835 | ERROR    | WebsocketClient.on_message() takes 2 positional arguments but 3 were given
2026-07-24 13:02:42,831 | ERROR    | error from callback <bound method WebsocketClient.on_message of <iqoptionapi.ws.client.WebsocketClient object at 0x000002390FFC6C30>>: WebsocketClient.on_message() takes 2 positional arguments but 3 were given
2026-07-24 13:02:42,847 | ERROR    | WebsocketClient.on_message() takes 2 positional arguments but 3 were given
2026-07-24 13:02:43,847 | ERROR    | error from callback <bound method WebsocketClient.on_message of <iqoptionapi.ws.client.WebsocketClient object at 0x000002390FFC6C30>>: WebsocketClient.on_message() takes 2 positional arguments but 3 were given
2026-07-24 13:02:43,862 | ERROR    | WebsocketClient.on_message() takes 2 positional arguments but 3 were given
2026-07-24 13:02:44,854 | ERROR    | error from callback <bound method WebsocketClient.on_message of <iqoptionapi.ws.client.WebsocketClient object at 0x000002390FFC6C30>>: WebsocketClient.on_message() takes 2 positional arguments but 3 were given
2026-07-24 13:02:44,870 | ERROR    | WebsocketClient.on_message() takes 2 positional arguments but 3 were given
2026-07-24 13:02:45,858 | ERROR    | error from callback <bound method WebsocketClient.on_message of <iqoptionapi.ws.client.WebsocketClient object at 0x000002390FFC6C30>>: WebsocketClient.on_message() takes 2 positional arguments but 3 were given
2026-07-24 13:02:45,874 | ERROR    | WebsocketClient.on_message() takes 2 positional arguments but 3 were given
2026-07-24 13:02:46,872 | ERROR    | error from callback <bound method WebsocketClient.on_message of <iqoptionapi.ws.client.WebsocketClient object at 0x000002390FFC6C30>>: WebsocketClient.on_message() takes 2 positional arguments but 3 were given
2026-07-24 13:02:46,888 | ERROR    | WebsocketClient.on_message() takes 2 positional arguments but 3 were given
2026-07-24 13:02:47,888 | ERROR    | error from callback <bound method WebsocketClient.on_message of <iqoptionapi.ws.client.WebsocketClient object at 0x000002390FFC6C30>>: WebsocketClient.on_message() takes 2 positional arguments but 3 were given
2026-07-24 13:02:47,904 | ERROR    | WebsocketClient.on_message() takes 2 positional arguments but 3 were given
2026-07-24 13:02:48,890 | ERROR    | error from callback <bound method WebsocketClient.on_message of <iqoptionapi.ws.client.WebsocketClient object at 0x000002390FFC6C30>>: WebsocketClient.on_message() takes 2 positional arguments but 3 were given
2026-07-24 13:02:48,904 | ERROR    | WebsocketClient.on_message() takes 2 positional arguments but 3 were given
2026-07-24 13:02:49,925 | ERROR    | error from callback <bound method WebsocketClient.on_message of <iqoptionapi.ws.client.WebsocketClient object at 0x000002390FFC6C30>>: WebsocketClient.on_message() takes 2 positional arguments but 3 were given
2026-07-24 13:02:49,941 | ERROR    | WebsocketClient.on_message() takes 2 positional arguments but 3 were given
2026-07-24 13:02:50,922 | ERROR    | error from callback <bound method WebsocketClient.on_message of <iqoptionapi.ws.client.WebsocketClient object at 0x000002390FFC6C30>>: WebsocketClient.on_message() takes 2 positional arguments but 3 were given
2026-07-24 13:02:50,938 | ERROR    | WebsocketClient.on_message() takes 2 positional arguments but 3 were given
2026-07-24 13:02:51,935 | ERROR    | error from callback <bound method WebsocketClient.on_message of <iqoptionapi.ws.client.WebsocketClient object at 0x000002390FFC6C30>>: WebsocketClient.on_message() takes 2 positional arguments but 3 were given
2026-07-24 13:02:51,951 | ERROR    | WebsocketClient.on_message() takes 2 positional arguments but 3 were given
2026-07-24 13:02:52,935 | ERROR    | error from callback <bound method WebsocketClient.on_message of <iqoptionapi.ws.client.WebsocketClient object at 0x000002390FFC6C30>>: WebsocketClient.on_message() takes 2 positional arguments but 3 were given
2026-07-24 13:02:52,951 | ERROR    | WebsocketClient.on_message() takes 2 positional arguments but 3 were given
2026-07-24 13:02:53,948 | ERROR    | error from callback <bound method WebsocketClient.on_message of <iqoptionapi.ws.client.WebsocketClient object at 0x000002390FFC6C30>>: WebsocketClient.on_message() takes 2 positional arguments but 3 were given
2026-07-24 13:02:53,964 | ERROR    | WebsocketClient.on_message() takes 2 positional arguments but 3 were given
2026-07-24 13:02:54,961 | ERROR    | error from callback <bound method WebsocketClient.on_message of <iqoptionapi.ws.client.WebsocketClient object at 0x000002390FFC6C30>>: WebsocketClient.on_message() takes 2 positional arguments but 3 were given
2026-07-24 13:02:54,976 | ERROR    | WebsocketClient.on_message() takes 2 positional arguments but 3 were given
2026-07-24 13:02:55,983 | ERROR    | error from callback <bound method WebsocketClient.on_message of <iqoptionapi.ws.client.WebsocketClient object at 0x000002390FFC6C30>>: WebsocketClient.on_message() takes 2 positional arguments but 3 were given
2026-07-24 13:02:55,998 | ERROR    | WebsocketClient.on_message() takes 2 positional arguments but 3 were given
2026-07-24 13:02:56,998 | ERROR    | error from callback <bound method WebsocketClient.on_message of <iqoptionapi.ws.client.WebsocketClient object at 0x000002390FFC6C30>>: WebsocketClient.on_message() takes 2 positional arguments but 3 were given
2026-07-24 13:02:57,014 | ERROR    | WebsocketClient.on_message() takes 2 positional arguments but 3 were given
2026-07-24 13:02:57,991 | ERROR    | error from callback <bound method WebsocketClient.on_message of <iqoptionapi.ws.client.WebsocketClient object at 0x000002390FFC6C30>>: WebsocketClient.on_message() takes 2 positional arguments but 3 were given
2026-07-24 13:02:58,006 | ERROR    | WebsocketClient.on_message() takes 2 positional arguments but 3 were given
2026-07-24 13:02:58,988 | ERROR    | error from callback <bound method WebsocketClient.on_message of <iqoptionapi.ws.client.WebsocketClient object at 0x000002390FFC6C30>>: WebsocketClient.on_message() takes 2 positional arguments but 3 were given
2026-07-24 13:02:59,004 | ERROR    | WebsocketClient.on_message() takes 2 positional arguments but 3 were given
2026-07-24 13:03:00,005 | ERROR    | error from callback <bound method WebsocketClient.on_message of <iqoptionapi.ws.client.WebsocketClient object at 0x000002390FFC6C30>>: WebsocketClient.on_message() takes 2 positional arguments but 3 were given
2026-07-24 13:03:00,021 | ERROR    | WebsocketClient.on_message() takes 2 positional arguments but 3 were given
2026-07-24 13:03:01,029 | ERROR    | error from callback <bound method WebsocketClient.on_message of <iqoptionapi.ws.client.WebsocketClient object at 0x000002390FFC6C30>>: WebsocketClient.on_message() takes 2 positional arguments but 3 were given
2026-07-24 13:03:01,045 | ERROR    | WebsocketClient.on_message() takes 2 positional arguments but 3 were given
2026-07-24 13:03:02,022 | ERROR    | error from callback <bound method WebsocketClient.on_message of <iqoptionapi.ws.client.WebsocketClient object at 0x000002390FFC6C30>>: WebsocketClient.on_message() takes 2 positional arguments but 3 were given
2026-07-24 13:03:02,038 | ERROR    | WebsocketClient.on_message() takes 2 positional arguments but 3 were given
2026-07-24 13:03:03,027 | ERROR    | error from callback <bound method WebsocketClient.on_message of <iqoptionapi.ws.client.WebsocketClient object at 0x000002390FFC6C30>>: WebsocketClient.on_message() takes 2 positional arguments but 3 were given
2026-07-24 13:03:03,043 | ERROR    | WebsocketClient.on_message() takes 2 positional arguments but 3 were given
2026-07-24 13:03:04,063 | ERROR    | error from callback <bound method WebsocketClient.on_message of <iqoptionapi.ws.client.WebsocketClient object at 0x000002390FFC6C30>>: WebsocketClient.on_message() takes 2 positional arguments but 3 were given
2026-07-24 13:03:04,078 | ERROR    | WebsocketClient.on_message() takes 2 positional arguments but 3 were given
2026-07-24 13:03:05,047 | ERROR    | error from callback <bound method WebsocketClient.on_message of <iqoptionapi.ws.client.WebsocketClient object at 0x000002390FFC6C30>>: WebsocketClient.on_message() takes 2 positional arguments but 3 were given
2026-07-24 13:03:05,062 | ERROR    | WebsocketClient.on_message() takes 2 positional arguments but 3 were given
2026-07-24 13:03:06,068 | ERROR    | error from callback <bound method WebsocketClient.on_message of <iqoptionapi.ws.client.WebsocketClient object at 0x000002390FFC6C30>>: WebsocketClient.on_message() takes 2 positional arguments but 3 were given
2026-07-24 13:03:06,083 | ERROR    | WebsocketClient.on_message() takes 2 positional arguments but 3 were given
2026-07-24 13:03:07,094 | ERROR    | error from callback <bound method WebsocketClient.on_message of <iqoptionapi.ws.client.WebsocketClient object at 0x000002390FFC6C30>>: WebsocketClient.on_message() takes 2 positional arguments but 3 were given
2026-07-24 13:03:07,110 | ERROR    | WebsocketClient.on_message() takes 2 positional arguments but 3 were given
2026-07-24 13:03:08,102 | ERROR    | error from callback <bound method WebsocketClient.on_message of <iqoptionapi.ws.client.WebsocketClient object at 0x000002390FFC6C30>>: WebsocketClient.on_message() takes 2 positional arguments but 3 were given
2026-07-24 13:03:08,117 | ERROR    | WebsocketClient.on_message() takes 2 positional arguments but 3 were given
2026-07-24 13:03:09,103 | ERROR    | error from callback <bound method WebsocketClient.on_message of <iqoptionapi.ws.client.WebsocketClient object at 0x000002390FFC6C30>>: WebsocketClient.on_message() takes 2 positional arguments but 3 were given
2026-07-24 13:03:09,119 | ERROR    | WebsocketClient.on_message() takes 2 positional arguments but 3 were given
2026-07-24 13:03:10,115 | ERROR    | error from callback <bound method WebsocketClient.on_message of <iqoptionapi.ws.client.WebsocketClient object at 0x000002390FFC6C30>>: WebsocketClient.on_message() takes 2 positional arguments but 3 were given
2026-07-24 13:03:10,131 | ERROR    | WebsocketClient.on_message() takes 2 positional arguments but 3 were given
2026-07-24 13:03:11,115 | ERROR    | error from callback <bound method WebsocketClient.on_message of <iqoptionapi.ws.client.WebsocketClient object at 0x000002390FFC6C30>>: WebsocketClient.on_message() takes 2 positional arguments but 3 were given
2026-07-24 13:03:11,131 | ERROR    | WebsocketClient.on_message() takes 2 positional arguments but 3 were given
2026-07-24 13:03:12,139 | ERROR    | error from callback <bound method WebsocketClient.on_message of <iqoptionapi.ws.client.WebsocketClient object at 0x000002390FFC6C30>>: WebsocketClient.on_message() takes 2 positional arguments but 3 were given
2026-07-24 13:03:12,154 | ERROR    | WebsocketClient.on_message() takes 2 positional arguments but 3 were given
2026-07-24 13:03:13,135 | ERROR    | error from callback <bound method WebsocketClient.on_message of <iqoptionapi.ws.client.WebsocketClient object at 0x000002390FFC6C30>>: WebsocketClient.on_message() takes 2 positional arguments but 3 were given
2026-07-24 13:03:13,151 | ERROR    | WebsocketClient.on_message() takes 2 positional arguments but 3 were given
2026-07-24 13:03:14,139 | ERROR    | error from callback <bound method WebsocketClient.on_message of <iqoptionapi.ws.client.WebsocketClient object at 0x000002390FFC6C30>>: WebsocketClient.on_message() takes 2 positional arguments but 3 were given
2026-07-24 13:03:14,139 | ERROR    | WebsocketClient.on_message() takes 2 positional arguments but 3 were given
2026-07-24 13:03:15,157 | ERROR    | error from callback <bound method WebsocketClient.on_message of <iqoptionapi.ws.client.WebsocketClient object at 0x000002390FFC6C30>>: WebsocketClient.on_message() takes 2 positional arguments but 3 were given
2026-07-24 13:03:15,173 | ERROR    | WebsocketClient.on_message() takes 2 positional arguments but 3 were given
2026-07-24 13:03:16,171 | ERROR    | error from callback <bound method WebsocketClient.on_message of <iqoptionapi.ws.client.WebsocketClient object at 0x000002390FFC6C30>>: WebsocketClient.on_message() takes 2 positional arguments but 3 were given
2026-07-24 13:03:16,187 | ERROR    | WebsocketClient.on_message() takes 2 positional arguments but 3 were given
2026-07-24 13:03:17,171 | ERROR    | error from callback <bound method WebsocketClient.on_message of <iqoptionapi.ws.client.WebsocketClient object at 0x000002390FFC6C30>>: WebsocketClient.on_message() takes 2 positional arguments but 3 were given
2026-07-24 13:03:17,187 | ERROR    | WebsocketClient.on_message() takes 2 positional arguments but 3 were given
2026-07-24 13:03:18,184 | ERROR    | error from callback <bound method WebsocketClient.on_message of <iqoptionapi.ws.client.WebsocketClient object at 0x000002390FFC6C30>>: WebsocketClient.on_message() takes 2 positional arguments but 3 were given
2026-07-24 13:03:18,200 | ERROR    | WebsocketClient.on_message() takes 2 positional arguments but 3 were given
2026-07-24 13:03:19,216 | ERROR    | error from callback <bound method WebsocketClient.on_message of <iqoptionapi.ws.client.WebsocketClient object at 0x000002390FFC6C30>>: WebsocketClient.on_message() takes 2 positional arguments but 3 were given
2026-07-24 13:03:19,232 | ERROR    | WebsocketClient.on_message() takes 2 positional arguments but 3 were given
2026-07-24 13:03:20,200 | ERROR    | error from callback <bound method WebsocketClient.on_message of <iqoptionapi.ws.client.WebsocketClient object at 0x000002390FFC6C30>>: WebsocketClient.on_message() takes 2 positional arguments but 3 were given
2026-07-24 13:03:20,215 | ERROR    | WebsocketClient.on_message() takes 2 positional arguments but 3 were given
2026-07-24 13:03:21,223 | ERROR    | error from callback <bound method WebsocketClient.on_message of <iqoptionapi.ws.client.WebsocketClient object at 0x000002390FFC6C30>>: WebsocketClient.on_message() takes 2 positional arguments but 3 were given
2026-07-24 13:03:21,239 | ERROR    | WebsocketClient.on_message() takes 2 positional arguments but 3 were given
2026-07-24 13:03:22,221 | ERROR    | error from callback <bound method WebsocketClient.on_message of <iqoptionapi.ws.client.WebsocketClient object at 0x000002390FFC6C30>>: WebsocketClient.on_message() takes 2 positional arguments but 3 were given
2026-07-24 13:03:22,236 | ERROR    | WebsocketClient.on_message() takes 2 positional arguments but 3 were given
2026-07-24 13:03:23,226 | ERROR    | error from callback <bound method WebsocketClient.on_message of <iqoptionapi.ws.client.WebsocketClient object at 0x000002390FFC6C30>>: WebsocketClient.on_message() takes 2 positional arguments but 3 were given
2026-07-24 13:03:23,242 | ERROR    | WebsocketClient.on_message() takes 2 positional arguments but 3 were given
2026-07-24 13:03:24,236 | ERROR    | error from callback <bound method WebsocketClient.on_message of <iqoptionapi.ws.client.WebsocketClient object at 0x000002390FFC6C30>>: WebsocketClient.on_message() takes 2 positional arguments but 3 were given
2026-07-24 13:03:24,252 | ERROR    | WebsocketClient.on_message() takes 2 positional arguments but 3 were given
2026-07-24 13:03:25,253 | ERROR    | error from callback <bound method WebsocketClient.on_message of <iqoptionapi.ws.client.WebsocketClient object at 0x000002390FFC6C30>>: WebsocketClient.on_message() takes 2 positional arguments but 3 were given
2026-07-24 13:03:25,269 | ERROR    | WebsocketClient.on_message() takes 2 positional arguments but 3 were given
2026-07-24 13:03:26,259 | ERROR    | error from callback <bound method WebsocketClient.on_message of <iqoptionapi.ws.client.WebsocketClient object at 0x000002390FFC6C30>>: WebsocketClient.on_message() takes 2 positional arguments but 3 were given
2026-07-24 13:03:26,274 | ERROR    | WebsocketClient.on_message() takes 2 positional arguments but 3 were given
2026-07-24 13:03:27,276 | ERROR    | error from callback <bound method WebsocketClient.on_message of <iqoptionapi.ws.client.WebsocketClient object at 0x000002390FFC6C30>>: WebsocketClient.on_message() takes 2 positional arguments but 3 were given
2026-07-24 13:03:27,291 | ERROR    | WebsocketClient.on_message() takes 2 positional arguments but 3 were given
2026-07-24 13:03:28,289 | ERROR    | error from callback <bound method WebsocketClient.on_message of <iqoptionapi.ws.client.WebsocketClient object at 0x000002390FFC6C30>>: WebsocketClient.on_message() takes 2 positional arguments but 3 were given
2026-07-24 13:03:28,304 | ERROR    | WebsocketClient.on_message() takes 2 positional arguments but 3 were given
2026-07-24 13:03:29,291 | ERROR    | error from callback <bound method WebsocketClient.on_message of <iqoptionapi.ws.client.WebsocketClient object at 0x000002390FFC6C30>>: WebsocketClient.on_message() takes 2 positional arguments but 3 were given
2026-07-24 13:03:29,306 | ERROR    | WebsocketClient.on_message() takes 2 positional arguments but 3 were given
2026-07-24 13:03:30,303 | ERROR    | error from callback <bound method WebsocketClient.on_message of <iqoptionapi.ws.client.WebsocketClient object at 0x000002390FFC6C30>>: WebsocketClient.on_message() takes 2 positional arguments but 3 were given
2026-07-24 13:03:30,319 | ERROR    | WebsocketClient.on_message() takes 2 positional arguments but 3 were given
2026-07-24 13:03:31,337 | ERROR    | error from callback <bound method WebsocketClient.on_message of <iqoptionapi.ws.client.WebsocketClient object at 0x000002390FFC6C30>>: WebsocketClient.on_message() takes 2 positional arguments but 3 were given
2026-07-24 13:03:31,353 | ERROR    | WebsocketClient.on_message() takes 2 positional arguments but 3 were given
2026-07-24 13:03:32,319 | ERROR    | error from callback <bound method WebsocketClient.on_message of <iqoptionapi.ws.client.WebsocketClient object at 0x000002390FFC6C30>>: WebsocketClient.on_message() takes 2 positional arguments but 3 were given
2026-07-24 13:03:32,335 | ERROR    | WebsocketClient.on_message() takes 2 positional arguments but 3 were given
2026-07-24 13:03:33,333 | ERROR    | error from callback <bound method WebsocketClient.on_message of <iqoptionapi.ws.client.WebsocketClient object at 0x000002390FFC6C30>>: WebsocketClient.on_message() takes 2 positional arguments but 3 were given
2026-07-24 13:03:33,350 | ERROR    | WebsocketClient.on_message() takes 2 positional arguments but 3 were given
2026-07-24 13:03:34,351 | ERROR    | error from callback <bound method WebsocketClient.on_message of <iqoptionapi.ws.client.WebsocketClient object at 0x000002390FFC6C30>>: WebsocketClient.on_message() takes 2 positional arguments but 3 were given
2026-07-24 13:03:34,366 | ERROR    | WebsocketClient.on_message() takes 2 positional arguments but 3 were given
2026-07-24 13:03:35,358 | ERROR    | error from callback <bound method WebsocketClient.on_message of <iqoptionapi.ws.client.WebsocketClient object at 0x000002390FFC6C30>>: WebsocketClient.on_message() takes 2 positional arguments but 3 were given
2026-07-24 13:03:35,374 | ERROR    | WebsocketClient.on_message() takes 2 positional arguments but 3 were given
2026-07-24 13:03:36,371 | ERROR    | error from callback <bound method WebsocketClient.on_message of <iqoptionapi.ws.client.WebsocketClient object at 0x000002390FFC6C30>>: WebsocketClient.on_message() takes 2 positional arguments but 3 were given
2026-07-24 13:03:36,387 | ERROR    | WebsocketClient.on_message() takes 2 positional arguments but 3 were given
2026-07-24 13:03:37,375 | ERROR    | error from callback <bound method WebsocketClient.on_message of <iqoptionapi.ws.client.WebsocketClient object at 0x000002390FFC6C30>>: WebsocketClient.on_message() takes 2 positional arguments but 3 were given
2026-07-24 13:03:37,390 | ERROR    | WebsocketClient.on_message() takes 2 positional arguments but 3 were given
2026-07-24 13:03:38,392 | ERROR    | error from callback <bound method WebsocketClient.on_message of <iqoptionapi.ws.client.WebsocketClient object at 0x000002390FFC6C30>>: WebsocketClient.on_message() takes 2 positional arguments but 3 were given
2026-07-24 13:03:38,407 | ERROR    | WebsocketClient.on_message() takes 2 positional arguments but 3 were given
2026-07-24 13:03:39,402 | ERROR    | error from callback <bound method WebsocketClient.on_message of <iqoptionapi.ws.client.WebsocketClient object at 0x000002390FFC6C30>>: WebsocketClient.on_message() takes 2 positional arguments but 3 were given
2026-07-24 13:03:39,418 | ERROR    | WebsocketClient.on_message() takes 2 positional arguments but 3 were given
2026-07-24 13:03:40,417 | ERROR    | error from callback <bound method WebsocketClient.on_message of <iqoptionapi.ws.client.WebsocketClient object at 0x000002390FFC6C30>>: WebsocketClient.on_message() takes 2 positional arguments but 3 were given
2026-07-24 13:03:40,432 | ERROR    | WebsocketClient.on_message() takes 2 positional arguments but 3 were given
2026-07-24 13:03:41,413 | ERROR    | error from callback <bound method WebsocketClient.on_message of <iqoptionapi.ws.client.WebsocketClient object at 0x000002390FFC6C30>>: WebsocketClient.on_message() takes 2 positional arguments but 3 were given
2026-07-24 13:03:41,429 | ERROR    | WebsocketClient.on_message() takes 2 positional arguments but 3 were given
2026-07-24 13:03:42,431 | ERROR    | error from callback <bound method WebsocketClient.on_message of <iqoptionapi.ws.client.WebsocketClient object at 0x000002390FFC6C30>>: WebsocketClient.on_message() takes 2 positional arguments but 3 were given
2026-07-24 13:03:42,446 | ERROR    | WebsocketClient.on_message() takes 2 positional arguments but 3 were given
2026-07-24 13:03:43,443 | ERROR    | error from callback <bound method WebsocketClient.on_message of <iqoptionapi.ws.client.WebsocketClient object at 0x000002390FFC6C30>>: WebsocketClient.on_message() takes 2 positional arguments but 3 were given
2026-07-24 13:03:43,458 | ERROR    | WebsocketClient.on_message() takes 2 positional arguments but 3 were given
2026-07-24 13:03:44,453 | ERROR    | error from callback <bound method WebsocketClient.on_message of <iqoptionapi.ws.client.WebsocketClient object at 0x000002390FFC6C30>>: WebsocketClient.on_message() takes 2 positional arguments but 3 were given
2026-07-24 13:03:44,453 | ERROR    | WebsocketClient.on_message() takes 2 positional arguments but 3 were given
2026-07-24 13:03:45,462 | ERROR    | error from callback <bound method WebsocketClient.on_message of <iqoptionapi.ws.client.WebsocketClient object at 0x000002390FFC6C30>>: WebsocketClient.on_message() takes 2 positional arguments but 3 were given
2026-07-24 13:03:45,477 | ERROR    | WebsocketClient.on_message() takes 2 positional arguments but 3 were given
2026-07-24 13:03:46,464 | ERROR    | error from callback <bound method WebsocketClient.on_message of <iqoptionapi.ws.client.WebsocketClient object at 0x000002390FFC6C30>>: WebsocketClient.on_message() takes 2 positional arguments but 3 were given
2026-07-24 13:03:46,480 | ERROR    | WebsocketClient.on_message() takes 2 positional arguments but 3 were given
2026-07-24 13:03:47,480 | ERROR    | error from callback <bound method WebsocketClient.on_message of <iqoptionapi.ws.client.WebsocketClient object at 0x000002390FFC6C30>>: WebsocketClient.on_message() takes 2 positional arguments but 3 were given
2026-07-24 13:03:47,496 | ERROR    | WebsocketClient.on_message() takes 2 positional arguments but 3 were given
2026-07-24 13:03:48,493 | ERROR    | error from callback <bound method WebsocketClient.on_message of <iqoptionapi.ws.client.WebsocketClient object at 0x000002390FFC6C30>>: WebsocketClient.on_message() takes 2 positional arguments but 3 were given
2026-07-24 13:03:48,508 | ERROR    | WebsocketClient.on_message() takes 2 positional arguments but 3 were given
2026-07-24 13:03:49,475 | ERROR    | error from callback <bound method WebsocketClient.on_message of <iqoptionapi.ws.client.WebsocketClient object at 0x000002390FFC6C30>>: WebsocketClient.on_message() takes 2 positional arguments but 3 were given
2026-07-24 13:03:49,491 | ERROR    | WebsocketClient.on_message() takes 2 positional arguments but 3 were given
2026-07-24 13:03:50,505 | ERROR    | error from callback <bound method WebsocketClient.on_message of <iqoptionapi.ws.client.WebsocketClient object at 0x000002390FFC6C30>>: WebsocketClient.on_message() takes 2 positional arguments but 3 were given
2026-07-24 13:03:50,521 | ERROR    | WebsocketClient.on_message() takes 2 positional arguments but 3 were given
2026-07-24 13:03:51,523 | ERROR    | error from callback <bound method WebsocketClient.on_message of <iqoptionapi.ws.client.WebsocketClient object at 0x000002390FFC6C30>>: WebsocketClient.on_message() takes 2 positional arguments but 3 were given
2026-07-24 13:03:51,539 | ERROR    | WebsocketClient.on_message() takes 2 positional arguments but 3 were given
2026-07-24 13:03:52,532 | ERROR    | error from callback <bound method WebsocketClient.on_message of <iqoptionapi.ws.client.WebsocketClient object at 0x000002390FFC6C30>>: WebsocketClient.on_message() takes 2 positional arguments but 3 were given
2026-07-24 13:03:52,547 | ERROR    | WebsocketClient.on_message() takes 2 positional arguments but 3 were given
2026-07-24 13:03:53,541 | ERROR    | error from callback <bound method WebsocketClient.on_message of <iqoptionapi.ws.client.WebsocketClient object at 0x000002390FFC6C30>>: WebsocketClient.on_message() takes 2 positional arguments but 3 were given
2026-07-24 13:03:53,557 | ERROR    | WebsocketClient.on_message() takes 2 positional arguments but 3 were given
2026-07-24 13:03:54,538 | ERROR    | error from callback <bound method WebsocketClient.on_message of <iqoptionapi.ws.client.WebsocketClient object at 0x000002390FFC6C30>>: WebsocketClient.on_message() takes 2 positional arguments but 3 were given
2026-07-24 13:03:54,554 | ERROR    | WebsocketClient.on_message() takes 2 positional arguments but 3 were given
2026-07-24 13:03:55,552 | ERROR    | error from callback <bound method WebsocketClient.on_message of <iqoptionapi.ws.client.WebsocketClient object at 0x000002390FFC6C30>>: WebsocketClient.on_message() takes 2 positional arguments but 3 were given
2026-07-24 13:03:55,568 | ERROR    | WebsocketClient.on_message() takes 2 positional arguments but 3 were given
2026-07-24 13:03:56,561 | ERROR    | error from callback <bound method WebsocketClient.on_message of <iqoptionapi.ws.client.WebsocketClient object at 0x000002390FFC6C30>>: WebsocketClient.on_message() takes 2 positional arguments but 3 were given
2026-07-24 13:03:56,577 | ERROR    | WebsocketClient.on_message() takes 2 positional arguments but 3 were given
2026-07-24 13:03:57,561 | ERROR    | error from callback <bound method WebsocketClient.on_message of <iqoptionapi.ws.client.WebsocketClient object at 0x000002390FFC6C30>>: WebsocketClient.on_message() takes 2 positional arguments but 3 were given
2026-07-24 13:03:57,561 | ERROR    | WebsocketClient.on_message() takes 2 positional arguments but 3 were given
2026-07-24 13:03:58,605 | ERROR    | error from callback <bound method WebsocketClient.on_message of <iqoptionapi.ws.client.WebsocketClient object at 0x000002390FFC6C30>>: WebsocketClient.on_message() takes 2 positional arguments but 3 were given
2026-07-24 13:03:58,620 | ERROR    | WebsocketClient.on_message() takes 2 positional arguments but 3 were given
2026-07-24 13:03:59,589 | ERROR    | error from callback <bound method WebsocketClient.on_message of <iqoptionapi.ws.client.WebsocketClient object at 0x000002390FFC6C30>>: WebsocketClient.on_message() takes 2 positional arguments but 3 were given
2026-07-24 13:03:59,604 | ERROR    | WebsocketClient.on_message() takes 2 positional arguments but 3 were given
2026-07-24 13:04:00,599 | ERROR    | error from callback <bound method WebsocketClient.on_message of <iqoptionapi.ws.client.WebsocketClient object at 0x000002390FFC6C30>>: WebsocketClient.on_message() takes 2 positional arguments but 3 were given
2026-07-24 13:04:00,615 | ERROR    | WebsocketClient.on_message() takes 2 positional arguments but 3 were given
2026-07-24 13:04:01,617 | ERROR    | error from callback <bound method WebsocketClient.on_message of <iqoptionapi.ws.client.WebsocketClient object at 0x000002390FFC6C30>>: WebsocketClient.on_message() takes 2 positional arguments but 3 were given
2026-07-24 13:04:01,634 | ERROR    | WebsocketClient.on_message() takes 2 positional arguments but 3 were given
2026-07-24 13:04:02,618 | ERROR    | error from callback <bound method WebsocketClient.on_message of <iqoptionapi.ws.client.WebsocketClient object at 0x000002390FFC6C30>>: WebsocketClient.on_message() takes 2 positional arguments but 3 were given
2026-07-24 13:04:02,633 | ERROR    | WebsocketClient.on_message() takes 2 positional arguments but 3 were given
2026-07-24 13:04:03,631 | ERROR    | error from callback <bound method WebsocketClient.on_message of <iqoptionapi.ws.client.WebsocketClient object at 0x000002390FFC6C30>>: WebsocketClient.on_message() takes 2 positional arguments but 3 were given
2026-07-24 13:04:03,647 | ERROR    | WebsocketClient.on_message() takes 2 positional arguments but 3 were given
2026-07-24 13:04:04,643 | ERROR    | error from callback <bound method WebsocketClient.on_message of <iqoptionapi.ws.client.WebsocketClient object at 0x000002390FFC6C30>>: WebsocketClient.on_message() takes 2 positional arguments but 3 were given
2026-07-24 13:04:04,643 | ERROR    | WebsocketClient.on_message() takes 2 positional arguments but 3 were given
2026-07-24 13:04:05,653 | ERROR    | error from callback <bound method WebsocketClient.on_message of <iqoptionapi.ws.client.WebsocketClient object at 0x000002390FFC6C30>>: WebsocketClient.on_message() takes 2 positional arguments but 3 were given
2026-07-24 13:04:05,668 | ERROR    | WebsocketClient.on_message() takes 2 positional arguments but 3 were given
2026-07-24 13:04:06,655 | ERROR    | error from callback <bound method WebsocketClient.on_message of <iqoptionapi.ws.client.WebsocketClient object at 0x000002390FFC6C30>>: WebsocketClient.on_message() takes 2 positional arguments but 3 were given
2026-07-24 13:04:06,671 | ERROR    | WebsocketClient.on_message() takes 2 positional arguments but 3 were given
2026-07-24 13:04:07,671 | ERROR    | error from callback <bound method WebsocketClient.on_message of <iqoptionapi.ws.client.WebsocketClient object at 0x000002390FFC6C30>>: WebsocketClient.on_message() takes 2 positional arguments but 3 were given
2026-07-24 13:04:07,687 | ERROR    | WebsocketClient.on_message() takes 2 positional arguments but 3 were given
2026-07-24 13:04:08,672 | ERROR    | error from callback <bound method WebsocketClient.on_message of <iqoptionapi.ws.client.WebsocketClient object at 0x000002390FFC6C30>>: WebsocketClient.on_message() takes 2 positional arguments but 3 were given
2026-07-24 13:04:08,688 | ERROR    | WebsocketClient.on_message() takes 2 positional arguments but 3 were given
2026-07-24 13:04:09,693 | ERROR    | error from callback <bound method WebsocketClient.on_message of <iqoptionapi.ws.client.WebsocketClient object at 0x000002390FFC6C30>>: WebsocketClient.on_message() takes 2 positional arguments but 3 were given
2026-07-24 13:04:09,708 | ERROR    | WebsocketClient.on_message() takes 2 positional arguments but 3 were given
2026-07-24 13:04:10,698 | ERROR    | error from callback <bound method WebsocketClient.on_message of <iqoptionapi.ws.client.WebsocketClient object at 0x000002390FFC6C30>>: WebsocketClient.on_message() takes 2 positional arguments but 3 were given
2026-07-24 13:04:10,715 | ERROR    | WebsocketClient.on_message() takes 2 positional arguments but 3 were given
2026-07-24 13:04:11,714 | ERROR    | error from callback <bound method WebsocketClient.on_message of <iqoptionapi.ws.client.WebsocketClient object at 0x000002390FFC6C30>>: WebsocketClient.on_message() takes 2 positional arguments but 3 were given
2026-07-24 13:04:11,730 | ERROR    | WebsocketClient.on_message() takes 2 positional arguments but 3 were given
2026-07-24 13:04:12,712 | ERROR    | error from callback <bound method WebsocketClient.on_message of <iqoptionapi.ws.client.WebsocketClient object at 0x000002390FFC6C30>>: WebsocketClient.on_message() takes 2 positional arguments but 3 were given
2026-07-24 13:04:12,727 | ERROR    | WebsocketClient.on_message() takes 2 positional arguments but 3 were given
2026-07-24 13:04:13,725 | ERROR    | error from callback <bound method WebsocketClient.on_message of <iqoptionapi.ws.client.WebsocketClient object at 0x000002390FFC6C30>>: WebsocketClient.on_message() takes 2 positional arguments but 3 were given
2026-07-24 13:04:13,741 | ERROR    | WebsocketClient.on_message() takes 2 positional arguments but 3 were given
2026-07-24 13:04:14,732 | ERROR    | error from callback <bound method WebsocketClient.on_message of <iqoptionapi.ws.client.WebsocketClient object at 0x000002390FFC6C30>>: WebsocketClient.on_message() takes 2 positional arguments but 3 were given
2026-07-24 13:04:14,732 | ERROR    | WebsocketClient.on_message() takes 2 positional arguments but 3 were given
2026-07-24 13:04:15,755 | ERROR    | error from callback <bound method WebsocketClient.on_message of <iqoptionapi.ws.client.WebsocketClient object at 0x000002390FFC6C30>>: WebsocketClient.on_message() takes 2 positional arguments but 3 were given
2026-07-24 13:04:15,771 | ERROR    | WebsocketClient.on_message() takes 2 positional arguments but 3 were given
2026-07-24 13:04:16,750 | ERROR    | error from callback <bound method WebsocketClient.on_message of <iqoptionapi.ws.client.WebsocketClient object at 0x000002390FFC6C30>>: WebsocketClient.on_message() takes 2 positional arguments but 3 were given
2026-07-24 13:04:16,765 | ERROR    | WebsocketClient.on_message() takes 2 positional arguments but 3 were given
2026-07-24 13:04:17,767 | ERROR    | error from callback <bound method WebsocketClient.on_message of <iqoptionapi.ws.client.WebsocketClient object at 0x000002390FFC6C30>>: WebsocketClient.on_message() takes 2 positional arguments but 3 were given
2026-07-24 13:04:17,782 | ERROR    | WebsocketClient.on_message() takes 2 positional arguments but 3 were given
2026-07-24 13:04:18,779 | ERROR    | error from callback <bound method WebsocketClient.on_message of <iqoptionapi.ws.client.WebsocketClient object at 0x000002390FFC6C30>>: WebsocketClient.on_message() takes 2 positional arguments but 3 were given
2026-07-24 13:04:18,795 | ERROR    | WebsocketClient.on_message() takes 2 positional arguments but 3 were given
2026-07-24 13:04:19,797 | ERROR    | error from callback <bound method WebsocketClient.on_message of <iqoptionapi.ws.client.WebsocketClient object at 0x000002390FFC6C30>>: WebsocketClient.on_message() takes 2 positional arguments but 3 were given
2026-07-24 13:04:19,812 | ERROR    | WebsocketClient.on_message() takes 2 positional arguments but 3 were given
2026-07-24 13:04:20,792 | ERROR    | error from callback <bound method WebsocketClient.on_message of <iqoptionapi.ws.client.WebsocketClient object at 0x000002390FFC6C30>>: WebsocketClient.on_message() takes 2 positional arguments but 3 were given
2026-07-24 13:04:20,793 | ERROR    | WebsocketClient.on_message() takes 2 positional arguments but 3 were given
2026-07-24 13:04:21,829 | ERROR    | error from callback <bound method WebsocketClient.on_message of <iqoptionapi.ws.client.WebsocketClient object at 0x000002390FFC6C30>>: WebsocketClient.on_message() takes 2 positional arguments but 3 were given
2026-07-24 13:04:21,844 | ERROR    | WebsocketClient.on_message() takes 2 positional arguments but 3 were given
2026-07-24 13:04:22,825 | ERROR    | error from callback <bound method WebsocketClient.on_message of <iqoptionapi.ws.client.WebsocketClient object at 0x000002390FFC6C30>>: WebsocketClient.on_message() takes 2 positional arguments but 3 were given
2026-07-24 13:04:22,840 | ERROR    | WebsocketClient.on_message() takes 2 positional arguments but 3 were given
2026-07-24 13:04:23,836 | ERROR    | error from callback <bound method WebsocketClient.on_message of <iqoptionapi.ws.client.WebsocketClient object at 0x000002390FFC6C30>>: WebsocketClient.on_message() takes 2 positional arguments but 3 were given
2026-07-24 13:04:23,852 | ERROR    | WebsocketClient.on_message() takes 2 positional arguments but 3 were given
2026-07-24 13:04:24,853 | ERROR    | error from callback <bound method WebsocketClient.on_message of <iqoptionapi.ws.client.WebsocketClient object at 0x000002390FFC6C30>>: WebsocketClient.on_message() takes 2 positional arguments but 3 were given
2026-07-24 13:04:24,868 | ERROR    | WebsocketClient.on_message() takes 2 positional arguments but 3 were given
2026-07-24 13:04:25,879 | ERROR    | error from callback <bound method WebsocketClient.on_message of <iqoptionapi.ws.client.WebsocketClient object at 0x000002390FFC6C30>>: WebsocketClient.on_message() takes 2 positional arguments but 3 were given
2026-07-24 13:04:25,894 | ERROR    | WebsocketClient.on_message() takes 2 positional arguments but 3 were given
2026-07-24 13:04:26,863 | ERROR    | error from callback <bound method WebsocketClient.on_message of <iqoptionapi.ws.client.WebsocketClient object at 0x000002390FFC6C30>>: WebsocketClient.on_message() takes 2 positional arguments but 3 were given
2026-07-24 13:04:26,879 | ERROR    | WebsocketClient.on_message() takes 2 positional arguments but 3 were given
2026-07-24 13:04:27,886 | ERROR    | error from callback <bound method WebsocketClient.on_message of <iqoptionapi.ws.client.WebsocketClient object at 0x000002390FFC6C30>>: WebsocketClient.on_message() takes 2 positional arguments but 3 were given
2026-07-24 13:04:27,902 | ERROR    | WebsocketClient.on_message() takes 2 positional arguments but 3 were given
2026-07-24 13:04:28,900 | ERROR    | error from callback <bound method WebsocketClient.on_message of <iqoptionapi.ws.client.WebsocketClient object at 0x000002390FFC6C30>>: WebsocketClient.on_message() takes 2 positional arguments but 3 were given
2026-07-24 13:04:28,915 | ERROR    | WebsocketClient.on_message() takes 2 positional arguments but 3 were given
2026-07-24 13:04:29,898 | ERROR    | error from callback <bound method WebsocketClient.on_message of <iqoptionapi.ws.client.WebsocketClient object at 0x000002390FFC6C30>>: WebsocketClient.on_message() takes 2 positional arguments but 3 were given
2026-07-24 13:04:29,914 | ERROR    | WebsocketClient.on_message() takes 2 positional arguments but 3 were given
2026-07-24 13:04:30,914 | ERROR    | error from callback <bound method WebsocketClient.on_message of <iqoptionapi.ws.client.WebsocketClient object at 0x000002390FFC6C30>>: WebsocketClient.on_message() takes 2 positional arguments but 3 were given
2026-07-24 13:04:30,930 | ERROR    | WebsocketClient.on_message() takes 2 positional arguments but 3 were given
2026-07-24 13:04:31,921 | ERROR    | error from callback <bound method WebsocketClient.on_message of <iqoptionapi.ws.client.WebsocketClient object at 0x000002390FFC6C30>>: WebsocketClient.on_message() takes 2 positional arguments but 3 were given
2026-07-24 13:04:31,937 | ERROR    | WebsocketClient.on_message() takes 2 positional arguments but 3 were given
2026-07-24 13:04:32,922 | ERROR    | error from callback <bound method WebsocketClient.on_message of <iqoptionapi.ws.client.WebsocketClient object at 0x000002390FFC6C30>>: WebsocketClient.on_message() takes 2 positional arguments but 3 were given
2026-07-24 13:04:32,938 | ERROR    | WebsocketClient.on_message() takes 2 positional arguments but 3 were given
2026-07-24 13:04:33,940 | ERROR    | error from callback <bound method WebsocketClient.on_message of <iqoptionapi.ws.client.WebsocketClient object at 0x000002390FFC6C30>>: WebsocketClient.on_message() takes 2 positional arguments but 3 were given
2026-07-24 13:04:33,955 | ERROR    | WebsocketClient.on_message() takes 2 positional arguments but 3 were given
2026-07-24 13:04:34,952 | ERROR    | error from callback <bound method WebsocketClient.on_message of <iqoptionapi.ws.client.WebsocketClient object at 0x000002390FFC6C30>>: WebsocketClient.on_message() takes 2 positional arguments but 3 were given
2026-07-24 13:04:34,968 | ERROR    | WebsocketClient.on_message() takes 2 positional arguments but 3 were given
2026-07-24 13:04:35,954 | ERROR    | error from callback <bound method WebsocketClient.on_message of <iqoptionapi.ws.client.WebsocketClient object at 0x000002390FFC6C30>>: WebsocketClient.on_message() takes 2 positional arguments but 3 were given
2026-07-24 13:04:35,970 | ERROR    | WebsocketClient.on_message() takes 2 positional arguments but 3 were given
2026-07-24 13:04:36,986 | ERROR    | error from callback <bound method WebsocketClient.on_message of <iqoptionapi.ws.client.WebsocketClient object at 0x000002390FFC6C30>>: WebsocketClient.on_message() takes 2 positional arguments but 3 were given
2026-07-24 13:04:37,002 | ERROR    | WebsocketClient.on_message() takes 2 positional arguments but 3 were given
2026-07-24 13:04:37,980 | ERROR    | error from callback <bound method WebsocketClient.on_message of <iqoptionapi.ws.client.WebsocketClient object at 0x000002390FFC6C30>>: WebsocketClient.on_message() takes 2 positional arguments but 3 were given
2026-07-24 13:04:37,996 | ERROR    | WebsocketClient.on_message() takes 2 positional arguments but 3 were given
2026-07-24 13:04:39,000 | ERROR    | error from callback <bound method WebsocketClient.on_message of <iqoptionapi.ws.client.WebsocketClient object at 0x000002390FFC6C30>>: WebsocketClient.on_message() takes 2 positional arguments but 3 were given
2026-07-24 13:04:39,016 | ERROR    | WebsocketClient.on_message() takes 2 positional arguments but 3 were given
2026-07-24 13:04:39,989 | ERROR    | error from callback <bound method WebsocketClient.on_message of <iqoptionapi.ws.client.WebsocketClient object at 0x000002390FFC6C30>>: WebsocketClient.on_message() takes 2 positional arguments but 3 were given
2026-07-24 13:04:39,989 | ERROR    | WebsocketClient.on_message() takes 2 positional arguments but 3 were given
2026-07-24 13:04:40,998 | ERROR    | error from callback <bound method WebsocketClient.on_message of <iqoptionapi.ws.client.WebsocketClient object at 0x000002390FFC6C30>>: WebsocketClient.on_message() takes 2 positional arguments but 3 were given
2026-07-24 13:04:41,014 | ERROR    | WebsocketClient.on_message() takes 2 positional arguments but 3 were given
2026-07-24 13:04:42,024 | ERROR    | error from callback <bound method WebsocketClient.on_message of <iqoptionapi.ws.client.WebsocketClient object at 0x000002390FFC6C30>>: WebsocketClient.on_message() takes 2 positional arguments but 3 were given
2026-07-24 13:04:42,040 | ERROR    | WebsocketClient.on_message() takes 2 positional arguments but 3 were given
2026-07-24 13:04:43,016 | ERROR    | error from callback <bound method WebsocketClient.on_message of <iqoptionapi.ws.client.WebsocketClient object at 0x000002390FFC6C30>>: WebsocketClient.on_message() takes 2 positional arguments but 3 were given
2026-07-24 13:04:43,031 | ERROR    | WebsocketClient.on_message() takes 2 positional arguments but 3 were given
2026-07-24 13:04:44,010 | ERROR    | error from callback <bound method WebsocketClient.on_message of <iqoptionapi.ws.client.WebsocketClient object at 0x000002390FFC6C30>>: WebsocketClient.on_message() takes 2 positional arguments but 3 were given
2026-07-24 13:04:44,026 | ERROR    | WebsocketClient.on_message() takes 2 positional arguments but 3 were given
2026-07-24 13:04:45,065 | ERROR    | error from callback <bound method WebsocketClient.on_message of <iqoptionapi.ws.client.WebsocketClient object at 0x000002390FFC6C30>>: WebsocketClient.on_message() takes 2 positional arguments but 3 were given
2026-07-24 13:04:45,081 | ERROR    | WebsocketClient.on_message() takes 2 positional arguments but 3 were given
2026-07-24 13:04:46,045 | ERROR    | error from callback <bound method WebsocketClient.on_message of <iqoptionapi.ws.client.WebsocketClient object at 0x000002390FFC6C30>>: WebsocketClient.on_message() takes 2 positional arguments but 3 were given
2026-07-24 13:04:46,060 | ERROR    | WebsocketClient.on_message() takes 2 positional arguments but 3 were given
2026-07-24 13:04:47,060 | ERROR    | error from callback <bound method WebsocketClient.on_message of <iqoptionapi.ws.client.WebsocketClient object at 0x000002390FFC6C30>>: WebsocketClient.on_message() takes 2 positional arguments but 3 were given
2026-07-24 13:04:47,075 | ERROR    | WebsocketClient.on_message() takes 2 positional arguments but 3 were given
2026-07-24 13:04:48,087 | ERROR    | error from callback <bound method WebsocketClient.on_message of <iqoptionapi.ws.client.WebsocketClient object at 0x000002390FFC6C30>>: WebsocketClient.on_message() takes 2 positional arguments but 3 were given
2026-07-24 13:04:48,102 | ERROR    | WebsocketClient.on_message() takes 2 positional arguments but 3 were given
2026-07-24 13:04:49,085 | ERROR    | error from callback <bound method WebsocketClient.on_message of <iqoptionapi.ws.client.WebsocketClient object at 0x000002390FFC6C30>>: WebsocketClient.on_message() takes 2 positional arguments but 3 were given
2026-07-24 13:04:49,101 | ERROR    | WebsocketClient.on_message() takes 2 positional arguments but 3 were given
2026-07-24 13:04:50,116 | ERROR    | error from callback <bound method WebsocketClient.on_message of <iqoptionapi.ws.client.WebsocketClient object at 0x000002390FFC6C30>>: WebsocketClient.on_message() takes 2 positional arguments but 3 were given
2026-07-24 13:04:50,131 | ERROR    | WebsocketClient.on_message() takes 2 positional arguments but 3 were given
2026-07-24 13:04:51,096 | ERROR    | error from callback <bound method WebsocketClient.on_message of <iqoptionapi.ws.client.WebsocketClient object at 0x000002390FFC6C30>>: WebsocketClient.on_message() takes 2 positional arguments but 3 were given
2026-07-24 13:04:51,111 | ERROR    | WebsocketClient.on_message() takes 2 positional arguments but 3 were given
2026-07-24 13:04:52,108 | ERROR    | error from callback <bound method WebsocketClient.on_message of <iqoptionapi.ws.client.WebsocketClient object at 0x000002390FFC6C30>>: WebsocketClient.on_message() takes 2 positional arguments but 3 were given
2026-07-24 13:04:52,123 | ERROR    | WebsocketClient.on_message() takes 2 positional arguments but 3 were given
2026-07-24 13:04:53,122 | ERROR    | error from callback <bound method WebsocketClient.on_message of <iqoptionapi.ws.client.WebsocketClient object at 0x000002390FFC6C30>>: WebsocketClient.on_message() takes 2 positional arguments but 3 were given
2026-07-24 13:04:53,138 | ERROR    | WebsocketClient.on_message() takes 2 positional arguments but 3 were given
2026-07-24 13:04:54,148 | ERROR    | error from callback <bound method WebsocketClient.on_message of <iqoptionapi.ws.client.WebsocketClient object at 0x000002390FFC6C30>>: WebsocketClient.on_message() takes 2 positional arguments but 3 were given
2026-07-24 13:04:54,164 | ERROR    | WebsocketClient.on_message() takes 2 positional arguments but 3 were given
2026-07-24 13:04:55,135 | ERROR    | error from callback <bound method WebsocketClient.on_message of <iqoptionapi.ws.client.WebsocketClient object at 0x000002390FFC6C30>>: WebsocketClient.on_message() takes 2 positional arguments but 3 were given
2026-07-24 13:04:55,151 | ERROR    | WebsocketClient.on_message() takes 2 positional arguments but 3 were given
2026-07-24 13:04:56,148 | ERROR    | error from callback <bound method WebsocketClient.on_message of <iqoptionapi.ws.client.WebsocketClient object at 0x000002390FFC6C30>>: WebsocketClient.on_message() takes 2 positional arguments but 3 were given
2026-07-24 13:04:56,164 | ERROR    | WebsocketClient.on_message() takes 2 positional arguments but 3 were given
2026-07-24 13:04:57,152 | ERROR    | error from callback <bound method WebsocketClient.on_message of <iqoptionapi.ws.client.WebsocketClient object at 0x000002390FFC6C30>>: WebsocketClient.on_message() takes 2 positional arguments but 3 were given
2026-07-24 13:04:57,168 | ERROR    | WebsocketClient.on_message() takes 2 positional arguments but 3 were given
2026-07-24 13:04:58,172 | ERROR    | error from callback <bound method WebsocketClient.on_message of <iqoptionapi.ws.client.WebsocketClient object at 0x000002390FFC6C30>>: WebsocketClient.on_message() takes 2 positional arguments but 3 were given
2026-07-24 13:04:58,187 | ERROR    | WebsocketClient.on_message() takes 2 positional arguments but 3 were given
2026-07-24 13:04:59,648 | ERROR    | error from callback <bound method WebsocketClient.on_message of <iqoptionapi.ws.client.WebsocketClient object at 0x000002390FFC6C30>>: WebsocketClient.on_message() takes 2 positional arguments but 3 were given
2026-07-24 13:04:59,664 | ERROR    | WebsocketClient.on_message() takes 2 positional arguments but 3 were given
2026-07-24 13:05:00,182 | ERROR    | error from callback <bound method WebsocketClient.on_message of <iqoptionapi.ws.client.WebsocketClient object at 0x000002390FFC6C30>>: WebsocketClient.on_message() takes 2 positional arguments but 3 were given
2026-07-24 13:05:00,198 | ERROR    | WebsocketClient.on_message() takes 2 positional arguments but 3 were given
2026-07-24 13:05:01,196 | ERROR    | error from callback <bound method WebsocketClient.on_message of <iqoptionapi.ws.client.WebsocketClient object at 0x000002390FFC6C30>>: WebsocketClient.on_message() takes 2 positional arguments but 3 were given
2026-07-24 13:05:01,212 | ERROR    | WebsocketClient.on_message() takes 2 positional arguments but 3 were given
2026-07-24 13:05:02,227 | ERROR    | error from callback <bound method WebsocketClient.on_message of <iqoptionapi.ws.client.WebsocketClient object at 0x000002390FFC6C30>>: WebsocketClient.on_message() takes 2 positional arguments but 3 were given
2026-07-24 13:05:02,243 | ERROR    | WebsocketClient.on_message() takes 2 positional arguments but 3 were given
2026-07-24 13:05:03,216 | ERROR    | error from callback <bound method WebsocketClient.on_message of <iqoptionapi.ws.client.WebsocketClient object at 0x000002390FFC6C30>>: WebsocketClient.on_message() takes 2 positional arguments but 3 were given
2026-07-24 13:05:03,232 | ERROR    | WebsocketClient.on_message() takes 2 positional arguments but 3 were given
2026-07-24 13:05:04,237 | ERROR    | error from callback <bound method WebsocketClient.on_message of <iqoptionapi.ws.client.WebsocketClient object at 0x000002390FFC6C30>>: WebsocketClient.on_message() takes 2 positional arguments but 3 were given
2026-07-24 13:05:04,252 | ERROR    | WebsocketClient.on_message() takes 2 positional arguments but 3 were given
2026-07-24 13:05:05,252 | ERROR    | error from callback <bound method WebsocketClient.on_message of <iqoptionapi.ws.client.WebsocketClient object at 0x000002390FFC6C30>>: WebsocketClient.on_message() takes 2 positional arguments but 3 were given
2026-07-24 13:05:05,267 | ERROR    | WebsocketClient.on_message() takes 2 positional arguments but 3 were given
2026-07-24 13:05:06,252 | ERROR    | error from callback <bound method WebsocketClient.on_message of <iqoptionapi.ws.client.WebsocketClient object at 0x000002390FFC6C30>>: WebsocketClient.on_message() takes 2 positional arguments but 3 were given
2026-07-24 13:05:06,268 | ERROR    | WebsocketClient.on_message() takes 2 positional arguments but 3 were given
2026-07-24 13:05:07,264 | ERROR    | error from callback <bound method WebsocketClient.on_message of <iqoptionapi.ws.client.WebsocketClient object at 0x000002390FFC6C30>>: WebsocketClient.on_message() takes 2 positional arguments but 3 were given
2026-07-24 13:05:07,279 | ERROR    | WebsocketClient.on_message() takes 2 positional arguments but 3 were given
2026-07-24 13:05:08,260 | ERROR    | error from callback <bound method WebsocketClient.on_message of <iqoptionapi.ws.client.WebsocketClient object at 0x000002390FFC6C30>>: WebsocketClient.on_message() takes 2 positional arguments but 3 were given
2026-07-24 13:05:08,276 | ERROR    | WebsocketClient.on_message() takes 2 positional arguments but 3 were given
2026-07-24 13:05:09,275 | ERROR    | error from callback <bound method WebsocketClient.on_message of <iqoptionapi.ws.client.WebsocketClient object at 0x000002390FFC6C30>>: WebsocketClient.on_message() takes 2 positional arguments but 3 were given
2026-07-24 13:05:09,291 | ERROR    | WebsocketClient.on_message() takes 2 positional arguments but 3 were given
2026-07-24 13:05:10,296 | ERROR    | error from callback <bound method WebsocketClient.on_message of <iqoptionapi.ws.client.WebsocketClient object at 0x000002390FFC6C30>>: WebsocketClient.on_message() takes 2 positional arguments but 3 were given
2026-07-24 13:05:10,312 | ERROR    | WebsocketClient.on_message() takes 2 positional arguments but 3 were given
2026-07-24 13:05:11,297 | ERROR    | error from callback <bound method WebsocketClient.on_message of <iqoptionapi.ws.client.WebsocketClient object at 0x000002390FFC6C30>>: WebsocketClient.on_message() takes 2 positional arguments but 3 were given
2026-07-24 13:05:11,314 | ERROR    | WebsocketClient.on_message() takes 2 positional arguments but 3 were given
2026-07-24 13:05:12,309 | ERROR    | error from callback <bound method WebsocketClient.on_message of <iqoptionapi.ws.client.WebsocketClient object at 0x000002390FFC6C30>>: WebsocketClient.on_message() takes 2 positional arguments but 3 were given
2026-07-24 13:05:12,324 | ERROR    | WebsocketClient.on_message() takes 2 positional arguments but 3 were given
2026-07-24 13:05:13,310 | ERROR    | error from callback <bound method WebsocketClient.on_message of <iqoptionapi.ws.client.WebsocketClient object at 0x000002390FFC6C30>>: WebsocketClient.on_message() takes 2 positional arguments but 3 were given
2026-07-24 13:05:13,326 | ERROR    | WebsocketClient.on_message() takes 2 positional arguments but 3 were given
2026-07-24 13:05:14,313 | ERROR    | error from callback <bound method WebsocketClient.on_message of <iqoptionapi.ws.client.WebsocketClient object at 0x000002390FFC6C30>>: WebsocketClient.on_message() takes 2 positional arguments but 3 were given
2026-07-24 13:05:14,328 | ERROR    | WebsocketClient.on_message() takes 2 positional arguments but 3 were given
2026-07-24 13:05:15,346 | ERROR    | error from callback <bound method WebsocketClient.on_message of <iqoptionapi.ws.client.WebsocketClient object at 0x000002390FFC6C30>>: WebsocketClient.on_message() takes 2 positional arguments but 3 were given
2026-07-24 13:05:15,362 | ERROR    | WebsocketClient.on_message() takes 2 positional arguments but 3 were given
2026-07-24 13:05:16,346 | ERROR    | error from callback <bound method WebsocketClient.on_message of <iqoptionapi.ws.client.WebsocketClient object at 0x000002390FFC6C30>>: WebsocketClient.on_message() takes 2 positional arguments but 3 were given
2026-07-24 13:05:16,362 | ERROR    | WebsocketClient.on_message() takes 2 positional arguments but 3 were given
2026-07-24 13:05:17,347 | ERROR    | error from callback <bound method WebsocketClient.on_message of <iqoptionapi.ws.client.WebsocketClient object at 0x000002390FFC6C30>>: WebsocketClient.on_message() takes 2 positional arguments but 3 were given
2026-07-24 13:05:17,363 | ERROR    | WebsocketClient.on_message() takes 2 positional arguments but 3 were given
2026-07-24 13:05:18,375 | ERROR    | error from callback <bound method WebsocketClient.on_message of <iqoptionapi.ws.client.WebsocketClient object at 0x000002390FFC6C30>>: WebsocketClient.on_message() takes 2 positional arguments but 3 were given
2026-07-24 13:05:18,390 | ERROR    | WebsocketClient.on_message() takes 2 positional arguments but 3 were given
2026-07-24 13:05:19,374 | ERROR    | error from callback <bound method WebsocketClient.on_message of <iqoptionapi.ws.client.WebsocketClient object at 0x000002390FFC6C30>>: WebsocketClient.on_message() takes 2 positional arguments but 3 were given
2026-07-24 13:05:19,390 | ERROR    | WebsocketClient.on_message() takes 2 positional arguments but 3 were given
2026-07-24 13:05:20,388 | ERROR    | error from callback <bound method WebsocketClient.on_message of <iqoptionapi.ws.client.WebsocketClient object at 0x000002390FFC6C30>>: WebsocketClient.on_message() takes 2 positional arguments but 3 were given
2026-07-24 13:05:20,404 | ERROR    | WebsocketClient.on_message() takes 2 positional arguments but 3 were given
2026-07-24 13:05:21,395 | ERROR    | error from callback <bound method WebsocketClient.on_message of <iqoptionapi.ws.client.WebsocketClient object at 0x000002390FFC6C30>>: WebsocketClient.on_message() takes 2 positional arguments but 3 were given
2026-07-24 13:05:21,410 | ERROR    | WebsocketClient.on_message() takes 2 positional arguments but 3 were given
2026-07-24 13:05:22,400 | ERROR    | error from callback <bound method WebsocketClient.on_message of <iqoptionapi.ws.client.WebsocketClient object at 0x000002390FFC6C30>>: WebsocketClient.on_message() takes 2 positional arguments but 3 were given
2026-07-24 13:05:22,415 | ERROR    | WebsocketClient.on_message() takes 2 positional arguments but 3 were given
2026-07-24 13:05:23,438 | ERROR    | error from callback <bound method WebsocketClient.on_message of <iqoptionapi.ws.client.WebsocketClient object at 0x000002390FFC6C30>>: WebsocketClient.on_message() takes 2 positional arguments but 3 were given
2026-07-24 13:05:23,453 | ERROR    | WebsocketClient.on_message() takes 2 positional arguments but 3 were given
2026-07-24 13:05:24,428 | ERROR    | error from callback <bound method WebsocketClient.on_message of <iqoptionapi.ws.client.WebsocketClient object at 0x000002390FFC6C30>>: WebsocketClient.on_message() takes 2 positional arguments but 3 were given
2026-07-24 13:05:24,444 | ERROR    | WebsocketClient.on_message() takes 2 positional arguments but 3 were given
2026-07-24 13:05:25,430 | ERROR    | error from callback <bound method WebsocketClient.on_message of <iqoptionapi.ws.client.WebsocketClient object at 0x000002390FFC6C30>>: WebsocketClient.on_message() takes 2 positional arguments but 3 were given
2026-07-24 13:05:25,445 | ERROR    | WebsocketClient.on_message() takes 2 positional arguments but 3 were given
2026-07-24 13:05:26,446 | ERROR    | error from callback <bound method WebsocketClient.on_message of <iqoptionapi.ws.client.WebsocketClient object at 0x000002390FFC6C30>>: WebsocketClient.on_message() takes 2 positional arguments but 3 were given
2026-07-24 13:05:26,462 | ERROR    | WebsocketClient.on_message() takes 2 positional arguments but 3 were given
2026-07-24 13:05:27,448 | ERROR    | error from callback <bound method WebsocketClient.on_message of <iqoptionapi.ws.client.WebsocketClient object at 0x000002390FFC6C30>>: WebsocketClient.on_message() takes 2 positional arguments but 3 were given
2026-07-24 13:05:27,464 | ERROR    | WebsocketClient.on_message() takes 2 positional arguments but 3 were given
2026-07-24 13:05:28,467 | ERROR    | error from callback <bound method WebsocketClient.on_message of <iqoptionapi.ws.client.WebsocketClient object at 0x000002390FFC6C30>>: WebsocketClient.on_message() takes 2 positional arguments but 3 were given
2026-07-24 13:05:28,482 | ERROR    | WebsocketClient.on_message() takes 2 positional arguments but 3 were given
2026-07-24 13:05:29,487 | ERROR    | error from callback <bound method WebsocketClient.on_message of <iqoptionapi.ws.client.WebsocketClient object at 0x000002390FFC6C30>>: WebsocketClient.on_message() takes 2 positional arguments but 3 were given
2026-07-24 13:05:29,502 | ERROR    | WebsocketClient.on_message() takes 2 positional arguments but 3 were given
2026-07-24 13:05:30,492 | ERROR    | error from callback <bound method WebsocketClient.on_message of <iqoptionapi.ws.client.WebsocketClient object at 0x000002390FFC6C30>>: WebsocketClient.on_message() takes 2 positional arguments but 3 were given
2026-07-24 13:05:30,507 | ERROR    | WebsocketClient.on_message() takes 2 positional arguments but 3 were given
2026-07-24 13:05:31,496 | ERROR    | error from callback <bound method WebsocketClient.on_message of <iqoptionapi.ws.client.WebsocketClient object at 0x000002390FFC6C30>>: WebsocketClient.on_message() takes 2 positional arguments but 3 were given
2026-07-24 13:05:31,512 | ERROR    | WebsocketClient.on_message() takes 2 positional arguments but 3 were given
2026-07-24 13:05:32,501 | ERROR    | error from callback <bound method WebsocketClient.on_message of <iqoptionapi.ws.client.WebsocketClient object at 0x000002390FFC6C30>>: WebsocketClient.on_message() takes 2 positional arguments but 3 were given
2026-07-24 13:05:32,516 | ERROR    | WebsocketClient.on_message() takes 2 positional arguments but 3 were given
2026-07-24 13:05:33,517 | ERROR    | error from callback <bound method WebsocketClient.on_message of <iqoptionapi.ws.client.WebsocketClient object at 0x000002390FFC6C30>>: WebsocketClient.on_message() takes 2 positional arguments but 3 were given
2026-07-24 13:05:33,533 | ERROR    | WebsocketClient.on_message() takes 2 positional arguments but 3 were given
2026-07-24 13:05:34,519 | ERROR    | error from callback <bound method WebsocketClient.on_message of <iqoptionapi.ws.client.WebsocketClient object at 0x000002390FFC6C30>>: WebsocketClient.on_message() takes 2 positional arguments but 3 were given
2026-07-24 13:05:34,535 | ERROR    | WebsocketClient.on_message() takes 2 positional arguments but 3 were given
2026-07-24 13:05:35,533 | ERROR    | error from callback <bound method WebsocketClient.on_message of <iqoptionapi.ws.client.WebsocketClient object at 0x000002390FFC6C30>>: WebsocketClient.on_message() takes 2 positional arguments but 3 were given
2026-07-24 13:05:35,549 | ERROR    | WebsocketClient.on_message() takes 2 positional arguments but 3 were given
2026-07-24 13:05:36,547 | ERROR    | error from callback <bound method WebsocketClient.on_message of <iqoptionapi.ws.client.WebsocketClient object at 0x000002390FFC6C30>>: WebsocketClient.on_message() takes 2 positional arguments but 3 were given
2026-07-24 13:05:36,563 | ERROR    | WebsocketClient.on_message() takes 2 positional arguments but 3 were given
2026-07-24 13:05:37,549 | ERROR    | error from callback <bound method WebsocketClient.on_message of <iqoptionapi.ws.client.WebsocketClient object at 0x000002390FFC6C30>>: WebsocketClient.on_message() takes 2 positional arguments but 3 were given
2026-07-24 13:05:37,564 | ERROR    | WebsocketClient.on_message() takes 2 positional arguments but 3 were given
2026-07-24 13:05:38,584 | ERROR    | error from callback <bound method WebsocketClient.on_message of <iqoptionapi.ws.client.WebsocketClient object at 0x000002390FFC6C30>>: WebsocketClient.on_message() takes 2 positional arguments but 3 were given
2026-07-24 13:05:38,600 | ERROR    | WebsocketClient.on_message() takes 2 positional arguments but 3 were given
2026-07-24 13:05:39,572 | ERROR    | error from callback <bound method WebsocketClient.on_message of <iqoptionapi.ws.client.WebsocketClient object at 0x000002390FFC6C30>>: WebsocketClient.on_message() takes 2 positional arguments but 3 were given
2026-07-24 13:05:39,588 | ERROR    | WebsocketClient.on_message() takes 2 positional arguments but 3 were given
2026-07-24 13:05:40,606 | ERROR    | error from callback <bound method WebsocketClient.on_message of <iqoptionapi.ws.client.WebsocketClient object at 0x000002390FFC6C30>>: WebsocketClient.on_message() takes 2 positional arguments but 3 were given
2026-07-24 13:05:40,621 | ERROR    | WebsocketClient.on_message() takes 2 positional arguments but 3 were given
2026-07-24 13:05:41,609 | ERROR    | error from callback <bound method WebsocketClient.on_message of <iqoptionapi.ws.client.WebsocketClient object at 0x000002390FFC6C30>>: WebsocketClient.on_message() takes 2 positional arguments but 3 were given
2026-07-24 13:05:41,625 | ERROR    | WebsocketClient.on_message() takes 2 positional arguments but 3 were given
2026-07-24 13:05:42,596 | ERROR    | error from callback <bound method WebsocketClient.on_message of <iqoptionapi.ws.client.WebsocketClient object at 0x000002390FFC6C30>>: WebsocketClient.on_message() takes 2 positional arguments but 3 were given
2026-07-24 13:05:42,612 | ERROR    | WebsocketClient.on_message() takes 2 positional arguments but 3 were given
2026-07-24 13:05:43,607 | ERROR    | error from callback <bound method WebsocketClient.on_message of <iqoptionapi.ws.client.WebsocketClient object at 0x000002390FFC6C30>>: WebsocketClient.on_message() takes 2 positional arguments but 3 were given
2026-07-24 13:05:43,623 | ERROR    | WebsocketClient.on_message() takes 2 positional arguments but 3 were given
2026-07-24 13:05:44,623 | ERROR    | error from callback <bound method WebsocketClient.on_message of <iqoptionapi.ws.client.WebsocketClient object at 0x000002390FFC6C30>>: WebsocketClient.on_message() takes 2 positional arguments but 3 were given
2026-07-24 13:05:44,640 | ERROR    | WebsocketClient.on_message() takes 2 positional arguments but 3 were given
2026-07-24 13:05:45,638 | ERROR    | error from callback <bound method WebsocketClient.on_message of <iqoptionapi.ws.client.WebsocketClient object at 0x000002390FFC6C30>>: WebsocketClient.on_message() takes 2 positional arguments but 3 were given
2026-07-24 13:05:45,654 | ERROR    | WebsocketClient.on_message() takes 2 positional arguments but 3 were given
2026-07-24 13:05:46,637 | ERROR    | error from callback <bound method WebsocketClient.on_message of <iqoptionapi.ws.client.WebsocketClient object at 0x000002390FFC6C30>>: WebsocketClient.on_message() takes 2 positional arguments but 3 were given
2026-07-24 13:05:46,637 | ERROR    | WebsocketClient.on_message() takes 2 positional arguments but 3 were given
2026-07-24 13:05:47,674 | ERROR    | error from callback <bound method WebsocketClient.on_message of <iqoptionapi.ws.client.WebsocketClient object at 0x000002390FFC6C30>>: WebsocketClient.on_message() takes 2 positional arguments but 3 were given
2026-07-24 13:05:47,690 | ERROR    | WebsocketClient.on_message() takes 2 positional arguments but 3 were given
2026-07-24 13:05:48,659 | ERROR    | error from callback <bound method WebsocketClient.on_message of <iqoptionapi.ws.client.WebsocketClient object at 0x000002390FFC6C30>>: WebsocketClient.on_message() takes 2 positional arguments but 3 were given
2026-07-24 13:05:48,675 | ERROR    | WebsocketClient.on_message() takes 2 positional arguments but 3 were given
2026-07-24 13:05:49,668 | ERROR    | error from callback <bound method WebsocketClient.on_message of <iqoptionapi.ws.client.WebsocketClient object at 0x000002390FFC6C30>>: WebsocketClient.on_message() takes 2 positional arguments but 3 were given
2026-07-24 13:05:49,684 | ERROR    | WebsocketClient.on_message() takes 2 positional arguments but 3 were given
2026-07-24 13:05:50,703 | ERROR    | error from callback <bound method WebsocketClient.on_message of <iqoptionapi.ws.client.WebsocketClient object at 0x000002390FFC6C30>>: WebsocketClient.on_message() takes 2 positional arguments but 3 were given
2026-07-24 13:05:50,719 | ERROR    | WebsocketClient.on_message() takes 2 positional arguments but 3 were given
2026-07-24 13:05:51,692 | ERROR    | error from callback <bound method WebsocketClient.on_message of <iqoptionapi.ws.client.WebsocketClient object at 0x000002390FFC6C30>>: WebsocketClient.on_message() takes 2 positional arguments but 3 were given
2026-07-24 13:05:51,708 | ERROR    | WebsocketClient.on_message() takes 2 positional arguments but 3 were given
2026-07-24 13:05:52,698 | ERROR    | error from callback <bound method WebsocketClient.on_message of <iqoptionapi.ws.client.WebsocketClient object at 0x000002390FFC6C30>>: WebsocketClient.on_message() takes 2 positional arguments but 3 were given
2026-07-24 13:05:52,714 | ERROR    | WebsocketClient.on_message() takes 2 positional arguments but 3 were given
2026-07-24 13:05:53,713 | ERROR    | error from callback <bound method WebsocketClient.on_message of <iqoptionapi.ws.client.WebsocketClient object at 0x000002390FFC6C30>>: WebsocketClient.on_message() takes 2 positional arguments but 3 were given
2026-07-24 13:05:53,729 | ERROR    | WebsocketClient.on_message() takes 2 positional arguments but 3 were given
2026-07-24 13:05:54,720 | ERROR    | error from callback <bound method WebsocketClient.on_message of <iqoptionapi.ws.client.WebsocketClient object at 0x000002390FFC6C30>>: WebsocketClient.on_message() takes 2 positional arguments but 3 were given
2026-07-24 13:05:54,736 | ERROR    | WebsocketClient.on_message() takes 2 positional arguments but 3 were given
2026-07-24 13:05:55,726 | ERROR    | error from callback <bound method WebsocketClient.on_message of <iqoptionapi.ws.client.WebsocketClient object at 0x000002390FFC6C30>>: WebsocketClient.on_message() takes 2 positional arguments but 3 were given
2026-07-24 13:05:55,742 | ERROR    | WebsocketClient.on_message() takes 2 positional arguments but 3 were given
2026-07-24 13:05:56,738 | ERROR    | error from callback <bound method WebsocketClient.on_message of <iqoptionapi.ws.client.WebsocketClient object at 0x000002390FFC6C30>>: WebsocketClient.on_message() takes 2 positional arguments but 3 were given
2026-07-24 13:05:56,754 | ERROR    | WebsocketClient.on_message() takes 2 positional arguments but 3 were given
2026-07-24 13:05:57,754 | ERROR    | error from callback <bound method WebsocketClient.on_message of <iqoptionapi.ws.client.WebsocketClient object at 0x000002390FFC6C30>>: WebsocketClient.on_message() takes 2 positional arguments but 3 were given
2026-07-24 13:05:57,770 | ERROR    | WebsocketClient.on_message() takes 2 positional arguments but 3 were given
2026-07-24 13:05:58,774 | ERROR    | error from callback <bound method WebsocketClient.on_message of <iqoptionapi.ws.client.WebsocketClient object at 0x000002390FFC6C30>>: WebsocketClient.on_message() takes 2 positional arguments but 3 were given
2026-07-24 13:05:58,789 | ERROR    | WebsocketClient.on_message() takes 2 positional arguments but 3 were given
2026-07-24 13:05:59,776 | ERROR    | error from callback <bound method WebsocketClient.on_message of <iqoptionapi.ws.client.WebsocketClient object at 0x000002390FFC6C30>>: WebsocketClient.on_message() takes 2 positional arguments but 3 were given
2026-07-24 13:05:59,791 | ERROR    | WebsocketClient.on_message() takes 2 positional arguments but 3 were given
2026-07-24 13:06:00,777 | ERROR    | error from callback <bound method WebsocketClient.on_message of <iqoptionapi.ws.client.WebsocketClient object at 0x000002390FFC6C30>>: WebsocketClient.on_message() takes 2 positional arguments but 3 were given
2026-07-24 13:06:00,793 | ERROR    | WebsocketClient.on_message() takes 2 positional arguments but 3 were given
2026-07-24 13:06:01,789 | ERROR    | error from callback <bound method WebsocketClient.on_message of <iqoptionapi.ws.client.WebsocketClient object at 0x000002390FFC6C30>>: WebsocketClient.on_message() takes 2 positional arguments but 3 were given
2026-07-24 13:06:01,804 | ERROR    | WebsocketClient.on_message() takes 2 positional arguments but 3 were given
2026-07-24 13:06:02,811 | ERROR    | error from callback <bound method WebsocketClient.on_message of <iqoptionapi.ws.client.WebsocketClient object at 0x000002390FFC6C30>>: WebsocketClient.on_message() takes 2 positional arguments but 3 were given
2026-07-24 13:06:02,827 | ERROR    | WebsocketClient.on_message() takes 2 positional arguments but 3 were given
2026-07-24 13:06:03,816 | ERROR    | error from callback <bound method WebsocketClient.on_message of <iqoptionapi.ws.client.WebsocketClient object at 0x000002390FFC6C30>>: WebsocketClient.on_message() takes 2 positional arguments but 3 were given
2026-07-24 13:06:03,832 | ERROR    | WebsocketClient.on_message() takes 2 positional arguments but 3 were given
2026-07-24 13:06:04,819 | ERROR    | error from callback <bound method WebsocketClient.on_message of <iqoptionapi.ws.client.WebsocketClient object at 0x000002390FFC6C30>>: WebsocketClient.on_message() takes 2 positional arguments but 3 were given
2026-07-24 13:06:04,834 | ERROR    | WebsocketClient.on_message() takes 2 positional arguments but 3 were given
2026-07-24 13:06:05,838 | ERROR    | error from callback <bound method WebsocketClient.on_message of <iqoptionapi.ws.client.WebsocketClient object at 0x000002390FFC6C30>>: WebsocketClient.on_message() takes 2 positional arguments but 3 were given
2026-07-24 13:06:05,854 | ERROR    | WebsocketClient.on_message() takes 2 positional arguments but 3 were given
2026-07-24 13:06:06,845 | ERROR    | error from callback <bound method WebsocketClient.on_message of <iqoptionapi.ws.client.WebsocketClient object at 0x000002390FFC6C30>>: WebsocketClient.on_message() takes 2 positional arguments but 3 were given
2026-07-24 13:06:06,861 | ERROR    | WebsocketClient.on_message() takes 2 positional arguments but 3 were given
2026-07-24 13:06:07,854 | ERROR    | error from callback <bound method WebsocketClient.on_message of <iqoptionapi.ws.client.WebsocketClient object at 0x000002390FFC6C30>>: WebsocketClient.on_message() takes 2 positional arguments but 3 were given
2026-07-24 13:06:07,869 | ERROR    | WebsocketClient.on_message() takes 2 positional arguments but 3 were given
2026-07-24 13:06:08,874 | ERROR    | error from callback <bound method WebsocketClient.on_message of <iqoptionapi.ws.client.WebsocketClient object at 0x000002390FFC6C30>>: WebsocketClient.on_message() takes 2 positional arguments but 3 were given
2026-07-24 13:06:08,889 | ERROR    | WebsocketClient.on_message() takes 2 positional arguments but 3 were given
2026-07-24 13:06:09,890 | ERROR    | error from callback <bound method WebsocketClient.on_message of <iqoptionapi.ws.client.WebsocketClient object at 0x000002390FFC6C30>>: WebsocketClient.on_message() takes 2 positional arguments but 3 were given
2026-07-24 13:06:09,906 | ERROR    | WebsocketClient.on_message() takes 2 positional arguments but 3 were given
2026-07-24 13:06:10,898 | ERROR    | error from callback <bound method WebsocketClient.on_message of <iqoptionapi.ws.client.WebsocketClient object at 0x000002390FFC6C30>>: WebsocketClient.on_message() takes 2 positional arguments but 3 were given
2026-07-24 13:06:10,914 | ERROR    | WebsocketClient.on_message() takes 2 positional arguments but 3 were given
2026-07-24 13:06:11,903 | ERROR    | error from callback <bound method WebsocketClient.on_message of <iqoptionapi.ws.client.WebsocketClient object at 0x000002390FFC6C30>>: WebsocketClient.on_message() takes 2 positional arguments but 3 were given
2026-07-24 13:06:11,919 | ERROR    | WebsocketClient.on_message() takes 2 positional arguments but 3 were given
2026-07-24 13:06:12,915 | ERROR    | error from callback <bound method WebsocketClient.on_message of <iqoptionapi.ws.client.WebsocketClient object at 0x000002390FFC6C30>>: WebsocketClient.on_message() takes 2 positional arguments but 3 were given
2026-07-24 13:06:12,931 | ERROR    | WebsocketClient.on_message() takes 2 positional arguments but 3 were given
2026-07-24 13:06:13,933 | ERROR    | error from callback <bound method WebsocketClient.on_message of <iqoptionapi.ws.client.WebsocketClient object at 0x000002390FFC6C30>>: WebsocketClient.on_message() takes 2 positional arguments but 3 were given
2026-07-24 13:06:13,933 | ERROR    | WebsocketClient.on_message() takes 2 positional arguments but 3 were given
2026-07-24 13:06:14,934 | ERROR    | error from callback <bound method WebsocketClient.on_message of <iqoptionapi.ws.client.WebsocketClient object at 0x000002390FFC6C30>>: WebsocketClient.on_message() takes 2 positional arguments but 3 were given
2026-07-24 13:06:14,950 | ERROR    | WebsocketClient.on_message() takes 2 positional arguments but 3 were given
2026-07-24 13:06:15,958 | ERROR    | error from callback <bound method WebsocketClient.on_message of <iqoptionapi.ws.client.WebsocketClient object at 0x000002390FFC6C30>>: WebsocketClient.on_message() takes 2 positional arguments but 3 were given
2026-07-24 13:06:15,973 | ERROR    | WebsocketClient.on_message() takes 2 positional arguments but 3 were given
2026-07-24 13:06:16,971 | ERROR    | error from callback <bound method WebsocketClient.on_message of <iqoptionapi.ws.client.WebsocketClient object at 0x000002390FFC6C30>>: WebsocketClient.on_message() takes 2 positional arguments but 3 were given
2026-07-24 13:06:16,987 | ERROR    | WebsocketClient.on_message() takes 2 positional arguments but 3 were given
2026-07-24 13:06:17,961 | ERROR    | error from callback <bound method WebsocketClient.on_message of <iqoptionapi.ws.client.WebsocketClient object at 0x000002390FFC6C30>>: WebsocketClient.on_message() takes 2 positional arguments but 3 were given
2026-07-24 13:06:17,976 | ERROR    | WebsocketClient.on_message() takes 2 positional arguments but 3 were given
2026-07-24 13:06:18,976 | ERROR    | error from callback <bound method WebsocketClient.on_message of <iqoptionapi.ws.client.WebsocketClient object at 0x000002390FFC6C30>>: WebsocketClient.on_message() takes 2 positional arguments but 3 were given
2026-07-24 13:06:18,991 | ERROR    | WebsocketClient.on_message() takes 2 positional arguments but 3 were given
2026-07-24 13:06:19,986 | ERROR    | error from callback <bound method WebsocketClient.on_message of <iqoptionapi.ws.client.WebsocketClient object at 0x000002390FFC6C30>>: WebsocketClient.on_message() takes 2 positional arguments but 3 were given
2026-07-24 13:06:20,002 | ERROR    | WebsocketClient.on_message() takes 2 positional arguments but 3 were given
2026-07-24 13:06:21,002 | ERROR    | error from callback <bound method WebsocketClient.on_message of <iqoptionapi.ws.client.WebsocketClient object at 0x000002390FFC6C30>>: WebsocketClient.on_message() takes 2 positional arguments but 3 were given
2026-07-24 13:06:21,018 | ERROR    | WebsocketClient.on_message() takes 2 positional arguments but 3 were given
2026-07-24 13:06:22,019 | ERROR    | error from callback <bound method WebsocketClient.on_message of <iqoptionapi.ws.client.WebsocketClient object at 0x000002390FFC6C30>>: WebsocketClient.on_message() takes 2 positional arguments but 3 were given
2026-07-24 13:06:22,034 | ERROR    | WebsocketClient.on_message() takes 2 positional arguments but 3 were given
2026-07-24 13:06:23,026 | ERROR    | error from callback <bound method WebsocketClient.on_message of <iqoptionapi.ws.client.WebsocketClient object at 0x000002390FFC6C30>>: WebsocketClient.on_message() takes 2 positional arguments but 3 were given
2026-07-24 13:06:23,041 | ERROR    | WebsocketClient.on_message() takes 2 positional arguments but 3 were given
2026-07-24 13:06:24,048 | ERROR    | error from callback <bound method WebsocketClient.on_message of <iqoptionapi.ws.client.WebsocketClient object at 0x000002390FFC6C30>>: WebsocketClient.on_message() takes 2 positional arguments but 3 were given
2026-07-24 13:06:24,063 | ERROR    | WebsocketClient.on_message() takes 2 positional arguments but 3 were given
2026-07-24 13:06:25,038 | ERROR    | error from callback <bound method WebsocketClient.on_message of <iqoptionapi.ws.client.WebsocketClient object at 0x000002390FFC6C30>>: WebsocketClient.on_message() takes 2 positional arguments but 3 were given
2026-07-24 13:06:25,053 | ERROR    | WebsocketClient.on_message() takes 2 positional arguments but 3 were given
2026-07-24 13:06:26,043 | ERROR    | error from callback <bound method WebsocketClient.on_message of <iqoptionapi.ws.client.WebsocketClient object at 0x000002390FFC6C30>>: WebsocketClient.on_message() takes 2 positional arguments but 3 were given
2026-07-24 13:06:26,059 | ERROR    | WebsocketClient.on_message() takes 2 positional arguments but 3 were given
2026-07-24 13:06:27,062 | ERROR    | error from callback <bound method WebsocketClient.on_message of <iqoptionapi.ws.client.WebsocketClient object at 0x000002390FFC6C30>>: WebsocketClient.on_message() takes 2 positional arguments but 3 were given
2026-07-24 13:06:27,077 | ERROR    | WebsocketClient.on_message() takes 2 positional arguments but 3 were given
2026-07-24 13:06:28,072 | ERROR    | error from callback <bound method WebsocketClient.on_message of <iqoptionapi.ws.client.WebsocketClient object at 0x000002390FFC6C30>>: WebsocketClient.on_message() takes 2 positional arguments but 3 were given
2026-07-24 13:06:28,088 | ERROR    | WebsocketClient.on_message() takes 2 positional arguments but 3 were given
2026-07-24 13:06:29,075 | ERROR    | error from callback <bound method WebsocketClient.on_message of <iqoptionapi.ws.client.WebsocketClient object at 0x000002390FFC6C30>>: WebsocketClient.on_message() takes 2 positional arguments but 3 were given
2026-07-24 13:06:29,090 | ERROR    | WebsocketClient.on_message() takes 2 positional arguments but 3 were given
2026-07-24 13:06:30,098 | ERROR    | error from callback <bound method WebsocketClient.on_message of <iqoptionapi.ws.client.WebsocketClient object at 0x000002390FFC6C30>>: WebsocketClient.on_message() takes 2 positional arguments but 3 were given
2026-07-24 13:06:30,113 | ERROR    | WebsocketClient.on_message() takes 2 positional arguments but 3 were given
2026-07-24 13:06:31,106 | ERROR    | error from callback <bound method WebsocketClient.on_message of <iqoptionapi.ws.client.WebsocketClient object at 0x000002390FFC6C30>>: WebsocketClient.on_message() takes 2 positional arguments but 3 were given
2026-07-24 13:06:31,121 | ERROR    | WebsocketClient.on_message() takes 2 positional arguments but 3 were given
2026-07-24 13:06:32,107 | ERROR    | error from callback <bound method WebsocketClient.on_message of <iqoptionapi.ws.client.WebsocketClient object at 0x000002390FFC6C30>>: WebsocketClient.on_message() takes 2 positional arguments but 3 were given
2026-07-24 13:06:32,122 | ERROR    | WebsocketClient.on_message() takes 2 positional arguments but 3 were given
2026-07-24 13:06:33,118 | ERROR    | error from callback <bound method WebsocketClient.on_message of <iqoptionapi.ws.client.WebsocketClient object at 0x000002390FFC6C30>>: WebsocketClient.on_message() takes 2 positional arguments but 3 were given
2026-07-24 13:06:33,133 | ERROR    | WebsocketClient.on_message() takes 2 positional arguments but 3 were given
2026-07-24 13:06:34,136 | ERROR    | error from callback <bound method WebsocketClient.on_message of <iqoptionapi.ws.client.WebsocketClient object at 0x000002390FFC6C30>>: WebsocketClient.on_message() takes 2 positional arguments but 3 were given
2026-07-24 13:06:34,152 | ERROR    | WebsocketClient.on_message() takes 2 positional arguments but 3 were given
2026-07-24 13:06:35,142 | ERROR    | error from callback <bound method WebsocketClient.on_message of <iqoptionapi.ws.client.WebsocketClient object at 0x000002390FFC6C30>>: WebsocketClient.on_message() takes 2 positional arguments but 3 were given
2026-07-24 13:06:35,158 | ERROR    | WebsocketClient.on_message() takes 2 positional arguments but 3 were given
2026-07-24 13:06:36,145 | ERROR    | error from callback <bound method WebsocketClient.on_message of <iqoptionapi.ws.client.WebsocketClient object at 0x000002390FFC6C30>>: WebsocketClient.on_message() takes 2 positional arguments but 3 were given
2026-07-24 13:06:36,161 | ERROR    | WebsocketClient.on_message() takes 2 positional arguments but 3 were given
2026-07-24 13:06:37,164 | ERROR    | error from callback <bound method WebsocketClient.on_message of <iqoptionapi.ws.client.WebsocketClient object at 0x000002390FFC6C30>>: WebsocketClient.on_message() takes 2 positional arguments but 3 were given
2026-07-24 13:06:37,179 | ERROR    | WebsocketClient.on_message() takes 2 positional arguments but 3 were given
2026-07-24 13:06:38,165 | ERROR    | error from callback <bound method WebsocketClient.on_message of <iqoptionapi.ws.client.WebsocketClient object at 0x000002390FFC6C30>>: WebsocketClient.on_message() takes 2 positional arguments but 3 were given
2026-07-24 13:06:38,180 | ERROR    | WebsocketClient.on_message() takes 2 positional arguments but 3 were given
2026-07-24 13:06:39,181 | ERROR    | error from callback <bound method WebsocketClient.on_message of <iqoptionapi.ws.client.WebsocketClient object at 0x000002390FFC6C30>>: WebsocketClient.on_message() takes 2 positional arguments but 3 were given
2026-07-24 13:06:39,197 | ERROR    | WebsocketClient.on_message() takes 2 positional arguments but 3 were given
2026-07-24 13:06:40,195 | ERROR    | error from callback <bound method WebsocketClient.on_message of <iqoptionapi.ws.client.WebsocketClient object at 0x000002390FFC6C30>>: WebsocketClient.on_message() takes 2 positional arguments but 3 were given
2026-07-24 13:06:40,211 | ERROR    | WebsocketClient.on_message() takes 2 positional arguments but 3 were given
2026-07-24 13:06:41,197 | ERROR    | error from callback <bound method WebsocketClient.on_message of <iqoptionapi.ws.client.WebsocketClient object at 0x000002390FFC6C30>>: WebsocketClient.on_message() takes 2 positional arguments but 3 were given
2026-07-24 13:06:41,213 | ERROR    | WebsocketClient.on_message() takes 2 positional arguments but 3 were given
2026-07-24 13:06:42,201 | ERROR    | error from callback <bound method WebsocketClient.on_message of <iqoptionapi.ws.client.WebsocketClient object at 0x000002390FFC6C30>>: WebsocketClient.on_message() takes 2 positional arguments but 3 were given
2026-07-24 13:06:42,217 | ERROR    | WebsocketClient.on_message() takes 2 positional arguments but 3 were given
2026-07-24 13:06:43,217 | ERROR    | error from callback <bound method WebsocketClient.on_message of <iqoptionapi.ws.client.WebsocketClient object at 0x000002390FFC6C30>>: WebsocketClient.on_message() takes 2 positional arguments but 3 were given
2026-07-24 13:06:43,233 | ERROR    | WebsocketClient.on_message() takes 2 positional arguments but 3 were given
2026-07-24 13:06:44,221 | ERROR    | error from callback <bound method WebsocketClient.on_message of <iqoptionapi.ws.client.WebsocketClient object at 0x000002390FFC6C30>>: WebsocketClient.on_message() takes 2 positional arguments but 3 were given
2026-07-24 13:06:44,237 | ERROR    | WebsocketClient.on_message() takes 2 positional arguments but 3 were given
2026-07-24 13:06:45,252 | ERROR    | error from callback <bound method WebsocketClient.on_message of <iqoptionapi.ws.client.WebsocketClient object at 0x000002390FFC6C30>>: WebsocketClient.on_message() takes 2 positional arguments but 3 were given
2026-07-24 13:06:45,268 | ERROR    | WebsocketClient.on_message() takes 2 positional arguments but 3 were given
2026-07-24 13:06:46,243 | ERROR    | error from callback <bound method WebsocketClient.on_message of <iqoptionapi.ws.client.WebsocketClient object at 0x000002390FFC6C30>>: WebsocketClient.on_message() takes 2 positional arguments but 3 were given
2026-07-24 13:06:46,259 | ERROR    | WebsocketClient.on_message() takes 2 positional arguments but 3 were given
2026-07-24 13:06:47,280 | ERROR    | error from callback <bound method WebsocketClient.on_message of <iqoptionapi.ws.client.WebsocketClient object at 0x000002390FFC6C30>>: WebsocketClient.on_message() takes 2 positional arguments but 3 were given
2026-07-24 13:06:47,296 | ERROR    | WebsocketClient.on_message() takes 2 positional arguments but 3 were given
2026-07-24 13:06:48,271 | ERROR    | error from callback <bound method WebsocketClient.on_message of <iqoptionapi.ws.client.WebsocketClient object at 0x000002390FFC6C30>>: WebsocketClient.on_message() takes 2 positional arguments but 3 were given
2026-07-24 13:06:48,287 | ERROR    | WebsocketClient.on_message() takes 2 positional arguments but 3 were given
2026-07-24 13:06:49,276 | ERROR    | error from callback <bound method WebsocketClient.on_message of <iqoptionapi.ws.client.WebsocketClient object at 0x000002390FFC6C30>>: WebsocketClient.on_message() takes 2 positional arguments but 3 were given
2026-07-24 13:06:49,292 | ERROR    | WebsocketClient.on_message() takes 2 positional arguments but 3 were given
2026-07-24 13:06:50,298 | ERROR    | error from callback <bound method WebsocketClient.on_message of <iqoptionapi.ws.client.WebsocketClient object at 0x000002390FFC6C30>>: WebsocketClient.on_message() takes 2 positional arguments but 3 were given
2026-07-24 13:06:50,314 | ERROR    | WebsocketClient.on_message() takes 2 positional arguments but 3 were given
2026-07-24 13:06:51,306 | ERROR    | error from callback <bound method WebsocketClient.on_message of <iqoptionapi.ws.client.WebsocketClient object at 0x000002390FFC6C30>>: WebsocketClient.on_message() takes 2 positional arguments but 3 were given
2026-07-24 13:06:51,322 | ERROR    | WebsocketClient.on_message() takes 2 positional arguments but 3 were given
2026-07-24 13:06:52,306 | ERROR    | error from callback <bound method WebsocketClient.on_message of <iqoptionapi.ws.client.WebsocketClient object at 0x000002390FFC6C30>>: WebsocketClient.on_message() takes 2 positional arguments but 3 were given
2026-07-24 13:06:52,321 | ERROR    | WebsocketClient.on_message() takes 2 positional arguments but 3 were given
2026-07-24 13:06:53,330 | ERROR    | error from callback <bound method WebsocketClient.on_message of <iqoptionapi.ws.client.WebsocketClient object at 0x000002390FFC6C30>>: WebsocketClient.on_message() takes 2 positional arguments but 3 were given
2026-07-24 13:06:53,345 | ERROR    | WebsocketClient.on_message() takes 2 positional arguments but 3 were given
2026-07-24 13:06:54,337 | ERROR    | error from callback <bound method WebsocketClient.on_message of <iqoptionapi.ws.client.WebsocketClient object at 0x000002390FFC6C30>>: WebsocketClient.on_message() takes 2 positional arguments but 3 were given
2026-07-24 13:06:54,353 | ERROR    | WebsocketClient.on_message() takes 2 positional arguments but 3 were given
2026-07-24 13:06:55,341 | ERROR    | error from callback <bound method WebsocketClient.on_message of <iqoptionapi.ws.client.WebsocketClient object at 0x000002390FFC6C30>>: WebsocketClient.on_message() takes 2 positional arguments but 3 were given
2026-07-24 13:06:55,357 | ERROR    | WebsocketClient.on_message() takes 2 positional arguments but 3 were given
2026-07-24 13:06:56,346 | ERROR    | error from callback <bound method WebsocketClient.on_message of <iqoptionapi.ws.client.WebsocketClient object at 0x000002390FFC6C30>>: WebsocketClient.on_message() takes 2 positional arguments but 3 were given
2026-07-24 13:06:56,361 | ERROR    | WebsocketClient.on_message() takes 2 positional arguments but 3 were given
2026-07-24 13:06:57,367 | ERROR    | error from callback <bound method WebsocketClient.on_message of <iqoptionapi.ws.client.WebsocketClient object at 0x000002390FFC6C30>>: WebsocketClient.on_message() takes 2 positional arguments but 3 were given
2026-07-24 13:06:57,383 | ERROR    | WebsocketClient.on_message() takes 2 positional arguments but 3 were given
2026-07-24 13:06:58,376 | ERROR    | error from callback <bound method WebsocketClient.on_message of <iqoptionapi.ws.client.WebsocketClient object at 0x000002390FFC6C30>>: WebsocketClient.on_message() takes 2 positional arguments but 3 were given
2026-07-24 13:06:58,392 | ERROR    | WebsocketClient.on_message() takes 2 positional arguments but 3 were given
2026-07-24 13:06:59,384 | ERROR    | error from callback <bound method WebsocketClient.on_message of <iqoptionapi.ws.client.WebsocketClient object at 0x000002390FFC6C30>>: WebsocketClient.on_message() takes 2 positional arguments but 3 were given
2026-07-24 13:06:59,400 | ERROR    | WebsocketClient.on_message() takes 2 positional arguments but 3 were given
2026-07-24 13:07:00,392 | ERROR    | error from callback <bound method WebsocketClient.on_message of <iqoptionapi.ws.client.WebsocketClient object at 0x000002390FFC6C30>>: WebsocketClient.on_message() takes 2 positional arguments but 3 were given
2026-07-24 13:07:00,408 | ERROR    | WebsocketClient.on_message() takes 2 positional arguments but 3 were given
2026-07-24 13:07:01,400 | ERROR    | error from callback <bound method WebsocketClient.on_message of <iqoptionapi.ws.client.WebsocketClient object at 0x000002390FFC6C30>>: WebsocketClient.on_message() takes 2 positional arguments but 3 were given
2026-07-24 13:07:01,415 | ERROR    | WebsocketClient.on_message() takes 2 positional arguments but 3 were given
2026-07-24 13:07:02,416 | ERROR    | error from callback <bound method WebsocketClient.on_message of <iqoptionapi.ws.client.WebsocketClient object at 0x000002390FFC6C30>>: WebsocketClient.on_message() takes 2 positional arguments but 3 were given
2026-07-24 13:07:02,432 | ERROR    | WebsocketClient.on_message() takes 2 positional arguments but 3 were given
2026-07-24 13:07:03,432 | ERROR    | error from callback <bound method WebsocketClient.on_message of <iqoptionapi.ws.client.WebsocketClient object at 0x000002390FFC6C30>>: WebsocketClient.on_message() takes 2 positional arguments but 3 were given
2026-07-24 13:07:03,448 | ERROR    | WebsocketClient.on_message() takes 2 positional arguments but 3 were given
2026-07-24 13:07:04,435 | ERROR    | error from callback <bound method WebsocketClient.on_message of <iqoptionapi.ws.client.WebsocketClient object at 0x000002390FFC6C30>>: WebsocketClient.on_message() takes 2 positional arguments but 3 were given
2026-07-24 13:07:04,450 | ERROR    | WebsocketClient.on_message() takes 2 positional arguments but 3 were given
2026-07-24 13:07:05,446 | ERROR    | error from callback <bound method WebsocketClient.on_message of <iqoptionapi.ws.client.WebsocketClient object at 0x000002390FFC6C30>>: WebsocketClient.on_message() takes 2 positional arguments but 3 were given
2026-07-24 13:07:05,462 | ERROR    | WebsocketClient.on_message() takes 2 positional arguments but 3 were given
2026-07-24 13:07:06,448 | ERROR    | error from callback <bound method WebsocketClient.on_message of <iqoptionapi.ws.client.WebsocketClient object at 0x000002390FFC6C30>>: WebsocketClient.on_message() takes 2 positional arguments but 3 were given
2026-07-24 13:07:06,464 | ERROR    | WebsocketClient.on_message() takes 2 positional arguments but 3 were given
2026-07-24 13:07:07,467 | ERROR    | error from callback <bound method WebsocketClient.on_message of <iqoptionapi.ws.client.WebsocketClient object at 0x000002390FFC6C30>>: WebsocketClient.on_message() takes 2 positional arguments but 3 were given
2026-07-24 13:07:07,482 | ERROR    | WebsocketClient.on_message() takes 2 positional arguments but 3 were given
2026-07-24 13:07:08,483 | ERROR    | error from callback <bound method WebsocketClient.on_message of <iqoptionapi.ws.client.WebsocketClient object at 0x000002390FFC6C30>>: WebsocketClient.on_message() takes 2 positional arguments but 3 were given
2026-07-24 13:07:08,499 | ERROR    | WebsocketClient.on_message() takes 2 positional arguments but 3 were given
2026-07-24 13:07:09,482 | ERROR    | error from callback <bound method WebsocketClient.on_message of <iqoptionapi.ws.client.WebsocketClient object at 0x000002390FFC6C30>>: WebsocketClient.on_message() takes 2 positional arguments but 3 were given
2026-07-24 13:07:09,498 | ERROR    | WebsocketClient.on_message() takes 2 positional arguments but 3 were given
2026-07-24 13:07:10,521 | ERROR    | error from callback <bound method WebsocketClient.on_message of <iqoptionapi.ws.client.WebsocketClient object at 0x000002390FFC6C30>>: WebsocketClient.on_message() takes 2 positional arguments but 3 were given
2026-07-24 13:07:10,536 | ERROR    | WebsocketClient.on_message() takes 2 positional arguments but 3 were given
2026-07-24 13:07:11,519 | ERROR    | error from callback <bound method WebsocketClient.on_message of <iqoptionapi.ws.client.WebsocketClient object at 0x000002390FFC6C30>>: WebsocketClient.on_message() takes 2 positional arguments but 3 were given
2026-07-24 13:07:11,534 | ERROR    | WebsocketClient.on_message() takes 2 positional arguments but 3 were given
2026-07-24 13:07:12,509 | ERROR    | error from callback <bound method WebsocketClient.on_message of <iqoptionapi.ws.client.WebsocketClient object at 0x000002390FFC6C30>>: WebsocketClient.on_message() takes 2 positional arguments but 3 were given
2026-07-24 13:07:12,525 | ERROR    | WebsocketClient.on_message() takes 2 positional arguments but 3 were given
2026-07-24 13:07:13,530 | ERROR    | error from callback <bound method WebsocketClient.on_message of <iqoptionapi.ws.client.WebsocketClient object at 0x000002390FFC6C30>>: WebsocketClient.on_message() takes 2 positional arguments but 3 were given
2026-07-24 13:07:13,546 | ERROR    | WebsocketClient.on_message() takes 2 positional arguments but 3 were given
2026-07-24 13:07:14,546 | ERROR    | error from callback <bound method WebsocketClient.on_message of <iqoptionapi.ws.client.WebsocketClient object at 0x000002390FFC6C30>>: WebsocketClient.on_message() takes 2 positional arguments but 3 were given
2026-07-24 13:07:14,562 | ERROR    | WebsocketClient.on_message() takes 2 positional arguments but 3 were given
2026-07-24 13:07:15,549 | ERROR    | error from callback <bound method WebsocketClient.on_message of <iqoptionapi.ws.client.WebsocketClient object at 0x000002390FFC6C30>>: WebsocketClient.on_message() takes 2 positional arguments but 3 were given
2026-07-24 13:07:15,565 | ERROR    | WebsocketClient.on_message() takes 2 positional arguments but 3 were given
2026-07-24 13:07:16,561 | ERROR    | error from callback <bound method WebsocketClient.on_message of <iqoptionapi.ws.client.WebsocketClient object at 0x000002390FFC6C30>>: WebsocketClient.on_message() takes 2 positional arguments but 3 were given
2026-07-24 13:07:16,577 | ERROR    | WebsocketClient.on_message() takes 2 positional arguments but 3 were given
2026-07-24 13:07:17,560 | ERROR    | error from callback <bound method WebsocketClient.on_message of <iqoptionapi.ws.client.WebsocketClient object at 0x000002390FFC6C30>>: WebsocketClient.on_message() takes 2 positional arguments but 3 were given
2026-07-24 13:07:17,576 | ERROR    | WebsocketClient.on_message() takes 2 positional arguments but 3 were given
2026-07-24 13:07:18,576 | ERROR    | error from callback <bound method WebsocketClient.on_message of <iqoptionapi.ws.client.WebsocketClient object at 0x000002390FFC6C30>>: WebsocketClient.on_message() takes 2 positional arguments but 3 were given
2026-07-24 13:07:18,591 | ERROR    | WebsocketClient.on_message() takes 2 positional arguments but 3 were given
2026-07-24 13:07:19,584 | ERROR    | error from callback <bound method WebsocketClient.on_message of <iqoptionapi.ws.client.WebsocketClient object at 0x000002390FFC6C30>>: WebsocketClient.on_message() takes 2 positional arguments but 3 were given
2026-07-24 13:07:19,600 | ERROR    | WebsocketClient.on_message() takes 2 positional arguments but 3 were given
2026-07-24 13:07:20,621 | ERROR    | error from callback <bound method WebsocketClient.on_message of <iqoptionapi.ws.client.WebsocketClient object at 0x000002390FFC6C30>>: WebsocketClient.on_message() takes 2 positional arguments but 3 were given
2026-07-24 13:07:20,637 | ERROR    | WebsocketClient.on_message() takes 2 positional arguments but 3 were given
2026-07-24 13:07:21,585 | ERROR    | error from callback <bound method WebsocketClient.on_message of <iqoptionapi.ws.client.WebsocketClient object at 0x000002390FFC6C30>>: WebsocketClient.on_message() takes 2 positional arguments but 3 were given
2026-07-24 13:07:21,601 | ERROR    | WebsocketClient.on_message() takes 2 positional arguments but 3 were given
2026-07-24 13:07:22,619 | ERROR    | error from callback <bound method WebsocketClient.on_message of <iqoptionapi.ws.client.WebsocketClient object at 0x000002390FFC6C30>>: WebsocketClient.on_message() takes 2 positional arguments but 3 were given
2026-07-24 13:07:22,634 | ERROR    | WebsocketClient.on_message() takes 2 positional arguments but 3 were given
2026-07-24 13:07:23,625 | ERROR    | error from callback <bound method WebsocketClient.on_message of <iqoptionapi.ws.client.WebsocketClient object at 0x000002390FFC6C30>>: WebsocketClient.on_message() takes 2 positional arguments but 3 were given
2026-07-24 13:07:23,641 | ERROR    | WebsocketClient.on_message() takes 2 positional arguments but 3 were given
2026-07-24 13:07:24,645 | ERROR    | error from callback <bound method WebsocketClient.on_message of <iqoptionapi.ws.client.WebsocketClient object at 0x000002390FFC6C30>>: WebsocketClient.on_message() takes 2 positional arguments but 3 were given
2026-07-24 13:07:24,660 | ERROR    | WebsocketClient.on_message() takes 2 positional arguments but 3 were given
2026-07-24 13:07:25,652 | ERROR    | error from callback <bound method WebsocketClient.on_message of <iqoptionapi.ws.client.WebsocketClient object at 0x000002390FFC6C30>>: WebsocketClient.on_message() takes 2 positional arguments but 3 were given
2026-07-24 13:07:25,668 | ERROR    | WebsocketClient.on_message() takes 2 positional arguments but 3 were given
2026-07-24 13:07:26,656 | ERROR    | error from callback <bound method WebsocketClient.on_message of <iqoptionapi.ws.client.WebsocketClient object at 0x000002390FFC6C30>>: WebsocketClient.on_message() takes 2 positional arguments but 3 were given
2026-07-24 13:07:26,672 | ERROR    | WebsocketClient.on_message() takes 2 positional arguments but 3 were given
2026-07-24 13:07:27,662 | ERROR    | error from callback <bound method WebsocketClient.on_message of <iqoptionapi.ws.client.WebsocketClient object at 0x000002390FFC6C30>>: WebsocketClient.on_message() takes 2 positional arguments but 3 were given
2026-07-24 13:07:27,678 | ERROR    | WebsocketClient.on_message() takes 2 positional arguments but 3 were given
2026-07-24 13:07:28,671 | ERROR    | error from callback <bound method WebsocketClient.on_message of <iqoptionapi.ws.client.WebsocketClient object at 0x000002390FFC6C30>>: WebsocketClient.on_message() takes 2 positional arguments but 3 were given
2026-07-24 13:07:28,687 | ERROR    | WebsocketClient.on_message() takes 2 positional arguments but 3 were given
2026-07-24 13:07:29,690 | ERROR    | error from callback <bound method WebsocketClient.on_message of <iqoptionapi.ws.client.WebsocketClient object at 0x000002390FFC6C30>>: WebsocketClient.on_message() takes 2 positional arguments but 3 were given
2026-07-24 13:07:29,706 | ERROR    | WebsocketClient.on_message() takes 2 positional arguments but 3 were given
2026-07-24 13:07:30,687 | ERROR    | error from callback <bound method WebsocketClient.on_message of <iqoptionapi.ws.client.WebsocketClient object at 0x000002390FFC6C30>>: WebsocketClient.on_message() takes 2 positional arguments but 3 were given
2026-07-24 13:07:30,702 | ERROR    | WebsocketClient.on_message() takes 2 positional arguments but 3 were given
2026-07-24 13:07:31,707 | ERROR    | error from callback <bound method WebsocketClient.on_message of <iqoptionapi.ws.client.WebsocketClient object at 0x000002390FFC6C30>>: WebsocketClient.on_message() takes 2 positional arguments but 3 were given
2026-07-24 13:07:31,722 | ERROR    | WebsocketClient.on_message() takes 2 positional arguments but 3 were given
2026-07-24 13:07:32,707 | ERROR    | error from callback <bound method WebsocketClient.on_message of <iqoptionapi.ws.client.WebsocketClient object at 0x000002390FFC6C30>>: WebsocketClient.on_message() takes 2 positional arguments but 3 were given
2026-07-24 13:07:32,723 | ERROR    | WebsocketClient.on_message() takes 2 positional arguments but 3 were given
2026-07-24 13:07:33,726 | ERROR    | error from callback <bound method WebsocketClient.on_message of <iqoptionapi.ws.client.WebsocketClient object at 0x000002390FFC6C30>>: WebsocketClient.on_message() takes 2 positional arguments but 3 were given
2026-07-24 13:07:33,742 | ERROR    | WebsocketClient.on_message() takes 2 positional arguments but 3 were given
2026-07-24 13:07:34,734 | ERROR    | error from callback <bound method WebsocketClient.on_message of <iqoptionapi.ws.client.WebsocketClient object at 0x000002390FFC6C30>>: WebsocketClient.on_message() takes 2 positional arguments but 3 were given
2026-07-24 13:07:34,734 | ERROR    | WebsocketClient.on_message() takes 2 positional arguments but 3 were given
2026-07-24 13:07:35,761 | ERROR    | error from callback <bound method WebsocketClient.on_message of <iqoptionapi.ws.client.WebsocketClient object at 0x000002390FFC6C30>>: WebsocketClient.on_message() takes 2 positional arguments but 3 were given
2026-07-24 13:07:35,776 | ERROR    | WebsocketClient.on_message() takes 2 positional arguments but 3 were given
2026-07-24 13:07:36,747 | ERROR    | error from callback <bound method WebsocketClient.on_message of <iqoptionapi.ws.client.WebsocketClient object at 0x000002390FFC6C30>>: WebsocketClient.on_message() takes 2 positional arguments but 3 were given
2026-07-24 13:07:36,763 | ERROR    | WebsocketClient.on_message() takes 2 positional arguments but 3 were given
2026-07-24 13:07:37,772 | ERROR    | error from callback <bound method WebsocketClient.on_message of <iqoptionapi.ws.client.WebsocketClient object at 0x000002390FFC6C30>>: WebsocketClient.on_message() takes 2 positional arguments but 3 were given
2026-07-24 13:07:37,788 | ERROR    | WebsocketClient.on_message() takes 2 positional arguments but 3 were given
2026-07-24 13:07:38,788 | ERROR    | error from callback <bound method WebsocketClient.on_message of <iqoptionapi.ws.client.WebsocketClient object at 0x000002390FFC6C30>>: WebsocketClient.on_message() takes 2 positional arguments but 3 were given
2026-07-24 13:07:38,804 | ERROR    | WebsocketClient.on_message() takes 2 positional arguments but 3 were given
2026-07-24 13:07:39,779 | ERROR    | error from callback <bound method WebsocketClient.on_message of <iqoptionapi.ws.client.WebsocketClient object at 0x000002390FFC6C30>>: WebsocketClient.on_message() takes 2 positional arguments but 3 were given
2026-07-24 13:07:39,795 | ERROR    | WebsocketClient.on_message() takes 2 positional arguments but 3 were given
2026-07-24 13:07:40,797 | ERROR    | error from callback <bound method WebsocketClient.on_message of <iqoptionapi.ws.client.WebsocketClient object at 0x000002390FFC6C30>>: WebsocketClient.on_message() takes 2 positional arguments but 3 were given
2026-07-24 13:07:40,813 | ERROR    | WebsocketClient.on_message() takes 2 positional arguments but 3 were given
2026-07-24 13:07:41,818 | ERROR    | error from callback <bound method WebsocketClient.on_message of <iqoptionapi.ws.client.WebsocketClient object at 0x000002390FFC6C30>>: WebsocketClient.on_message() takes 2 positional arguments but 3 were given
2026-07-24 13:07:41,834 | ERROR    | WebsocketClient.on_message() takes 2 positional arguments but 3 were given
2026-07-24 13:07:42,811 | ERROR    | error from callback <bound method WebsocketClient.on_message of <iqoptionapi.ws.client.WebsocketClient object at 0x000002390FFC6C30>>: WebsocketClient.on_message() takes 2 positional arguments but 3 were given
2026-07-24 13:07:42,827 | ERROR    | WebsocketClient.on_message() takes 2 positional arguments but 3 were given
2026-07-24 13:07:43,815 | ERROR    | error from callback <bound method WebsocketClient.on_message of <iqoptionapi.ws.client.WebsocketClient object at 0x000002390FFC6C30>>: WebsocketClient.on_message() takes 2 positional arguments but 3 were given
2026-07-24 13:07:43,831 | ERROR    | WebsocketClient.on_message() takes 2 positional arguments but 3 were given
2026-07-24 13:07:44,828 | ERROR    | error from callback <bound method WebsocketClient.on_message of <iqoptionapi.ws.client.WebsocketClient object at 0x000002390FFC6C30>>: WebsocketClient.on_message() takes 2 positional arguments but 3 were given
2026-07-24 13:07:44,844 | ERROR    | WebsocketClient.on_message() takes 2 positional arguments but 3 were given
2026-07-24 13:07:45,834 | ERROR    | error from callback <bound method WebsocketClient.on_message of <iqoptionapi.ws.client.WebsocketClient object at 0x000002390FFC6C30>>: WebsocketClient.on_message() takes 2 positional arguments but 3 were given
2026-07-24 13:07:45,834 | ERROR    | WebsocketClient.on_message() takes 2 positional arguments but 3 were given
2026-07-24 13:07:46,865 | ERROR    | error from callback <bound method WebsocketClient.on_message of <iqoptionapi.ws.client.WebsocketClient object at 0x000002390FFC6C30>>: WebsocketClient.on_message() takes 2 positional arguments but 3 were given
2026-07-24 13:07:46,881 | ERROR    | WebsocketClient.on_message() takes 2 positional arguments but 3 were given
2026-07-24 13:07:47,857 | ERROR    | error from callback <bound method WebsocketClient.on_message of <iqoptionapi.ws.client.WebsocketClient object at 0x000002390FFC6C30>>: WebsocketClient.on_message() takes 2 positional arguments but 3 were given
2026-07-24 13:07:47,873 | ERROR    | WebsocketClient.on_message() takes 2 positional arguments but 3 were given
2026-07-24 13:07:48,875 | ERROR    | error from callback <bound method WebsocketClient.on_message of <iqoptionapi.ws.client.WebsocketClient object at 0x000002390FFC6C30>>: WebsocketClient.on_message() takes 2 positional arguments but 3 were given
2026-07-24 13:07:48,891 | ERROR    | WebsocketClient.on_message() takes 2 positional arguments but 3 were given
2026-07-24 13:07:49,892 | ERROR    | error from callback <bound method WebsocketClient.on_message of <iqoptionapi.ws.client.WebsocketClient object at 0x000002390FFC6C30>>: WebsocketClient.on_message() takes 2 positional arguments but 3 were given
2026-07-24 13:07:49,908 | ERROR    | WebsocketClient.on_message() takes 2 positional arguments but 3 were given
2026-07-24 13:07:50,894 | ERROR    | error from callback <bound method WebsocketClient.on_message of <iqoptionapi.ws.client.WebsocketClient object at 0x000002390FFC6C30>>: WebsocketClient.on_message() takes 2 positional arguments but 3 were given
2026-07-24 13:07:50,909 | ERROR    | WebsocketClient.on_message() takes 2 positional arguments but 3 were given
2026-07-24 13:07:51,915 | ERROR    | error from callback <bound method WebsocketClient.on_message of <iqoptionapi.ws.client.WebsocketClient object at 0x000002390FFC6C30>>: WebsocketClient.on_message() takes 2 positional arguments but 3 were given
2026-07-24 13:07:51,931 | ERROR    | WebsocketClient.on_message() takes 2 positional arguments but 3 were given
2026-07-24 13:07:52,906 | ERROR    | error from callback <bound method WebsocketClient.on_message of <iqoptionapi.ws.client.WebsocketClient object at 0x000002390FFC6C30>>: WebsocketClient.on_message() takes 2 positional arguments but 3 were given
2026-07-24 13:07:52,906 | ERROR    | WebsocketClient.on_message() takes 2 positional arguments but 3 were given
2026-07-24 13:07:53,928 | ERROR    | error from callback <bound method WebsocketClient.on_message of <iqoptionapi.ws.client.WebsocketClient object at 0x000002390FFC6C30>>: WebsocketClient.on_message() takes 2 positional arguments but 3 were given
2026-07-24 13:07:53,943 | ERROR    | WebsocketClient.on_message() takes 2 positional arguments but 3 were given
2026-07-24 13:07:54,925 | ERROR    | error from callback <bound method WebsocketClient.on_message of <iqoptionapi.ws.client.WebsocketClient object at 0x000002390FFC6C30>>: WebsocketClient.on_message() takes 2 positional arguments but 3 were given
2026-07-24 13:07:54,925 | ERROR    | WebsocketClient.on_message() takes 2 positional arguments but 3 were given
2026-07-24 13:07:55,948 | ERROR    | error from callback <bound method WebsocketClient.on_message of <iqoptionapi.ws.client.WebsocketClient object at 0x000002390FFC6C30>>: WebsocketClient.on_message() takes 2 positional arguments but 3 were given
2026-07-24 13:07:55,963 | ERROR    | WebsocketClient.on_message() takes 2 positional arguments but 3 were given
2026-07-24 13:07:56,949 | ERROR    | error from callback <bound method WebsocketClient.on_message of <iqoptionapi.ws.client.WebsocketClient object at 0x000002390FFC6C30>>: WebsocketClient.on_message() takes 2 positional arguments but 3 were given
2026-07-24 13:07:56,964 | ERROR    | WebsocketClient.on_message() takes 2 positional arguments but 3 were given
2026-07-24 13:07:57,967 | ERROR    | error from callback <bound method WebsocketClient.on_message of <iqoptionapi.ws.client.WebsocketClient object at 0x000002390FFC6C30>>: WebsocketClient.on_message() takes 2 positional arguments but 3 were given
2026-07-24 13:07:57,983 | ERROR    | WebsocketClient.on_message() takes 2 positional arguments but 3 were given
2026-07-24 13:07:58,972 | ERROR    | error from callback <bound method WebsocketClient.on_message of <iqoptionapi.ws.client.WebsocketClient object at 0x000002390FFC6C30>>: WebsocketClient.on_message() takes 2 positional arguments but 3 were given
2026-07-24 13:07:58,987 | ERROR    | WebsocketClient.on_message() takes 2 positional arguments but 3 were given
2026-07-24 13:07:59,993 | ERROR    | error from callback <bound method WebsocketClient.on_message of <iqoptionapi.ws.client.WebsocketClient object at 0x000002390FFC6C30>>: WebsocketClient.on_message() takes 2 positional arguments but 3 were given
2026-07-24 13:08:00,009 | ERROR    | WebsocketClient.on_message() takes 2 positional arguments but 3 were given
2026-07-24 13:08:01,012 | ERROR    | error from callback <bound method WebsocketClient.on_message of <iqoptionapi.ws.client.WebsocketClient object at 0x000002390FFC6C30>>: WebsocketClient.on_message() takes 2 positional arguments but 3 were given
2026-07-24 13:08:01,028 | ERROR    | WebsocketClient.on_message() takes 2 positional arguments but 3 were given
2026-07-24 13:08:02,002 | ERROR    | error from callback <bound method WebsocketClient.on_message of <iqoptionapi.ws.client.WebsocketClient object at 0x000002390FFC6C30>>: WebsocketClient.on_message() takes 2 positional arguments but 3 were given
2026-07-24 13:08:02,018 | ERROR    | WebsocketClient.on_message() takes 2 positional arguments but 3 were given
2026-07-24 13:08:03,023 | ERROR    | error from callback <bound method WebsocketClient.on_message of <iqoptionapi.ws.client.WebsocketClient object at 0x000002390FFC6C30>>: WebsocketClient.on_message() takes 2 positional arguments but 3 were given
2026-07-24 13:08:03,039 | ERROR    | WebsocketClient.on_message() takes 2 positional arguments but 3 were given
2026-07-24 13:08:04,031 | ERROR    | error from callback <bound method WebsocketClient.on_message of <iqoptionapi.ws.client.WebsocketClient object at 0x000002390FFC6C30>>: WebsocketClient.on_message() takes 2 positional arguments but 3 were given
2026-07-24 13:08:04,047 | ERROR    | WebsocketClient.on_message() takes 2 positional arguments but 3 were given
2026-07-24 13:08:05,044 | ERROR    | error from callback <bound method WebsocketClient.on_message of <iqoptionapi.ws.client.WebsocketClient object at 0x000002390FFC6C30>>: WebsocketClient.on_message() takes 2 positional arguments but 3 were given
2026-07-24 13:08:05,060 | ERROR    | WebsocketClient.on_message() takes 2 positional arguments but 3 were given
2026-07-24 13:08:06,054 | ERROR    | error from callback <bound method WebsocketClient.on_message of <iqoptionapi.ws.client.WebsocketClient object at 0x000002390FFC6C30>>: WebsocketClient.on_message() takes 2 positional arguments but 3 were given
2026-07-24 13:08:06,069 | ERROR    | WebsocketClient.on_message() takes 2 positional arguments but 3 were given
2026-07-24 13:08:07,066 | ERROR    | error from callback <bound method WebsocketClient.on_message of <iqoptionapi.ws.client.WebsocketClient object at 0x000002390FFC6C30>>: WebsocketClient.on_message() takes 2 positional arguments but 3 were given
2026-07-24 13:08:07,081 | ERROR    | WebsocketClient.on_message() takes 2 positional arguments but 3 were given
2026-07-24 13:08:08,069 | ERROR    | error from callback <bound method WebsocketClient.on_message of <iqoptionapi.ws.client.WebsocketClient object at 0x000002390FFC6C30>>: WebsocketClient.on_message() takes 2 positional arguments but 3 were given
2026-07-24 13:08:08,085 | ERROR    | WebsocketClient.on_message() takes 2 positional arguments but 3 were given
2026-07-24 13:08:09,087 | ERROR    | error from callback <bound method WebsocketClient.on_message of <iqoptionapi.ws.client.WebsocketClient object at 0x000002390FFC6C30>>: WebsocketClient.on_message() takes 2 positional arguments but 3 were given
2026-07-24 13:08:09,103 | ERROR    | WebsocketClient.on_message() takes 2 positional arguments but 3 were given
2026-07-24 13:08:10,108 | ERROR    | error from callback <bound method WebsocketClient.on_message of <iqoptionapi.ws.client.WebsocketClient object at 0x000002390FFC6C30>>: WebsocketClient.on_message() takes 2 positional arguments but 3 were given
2026-07-24 13:08:10,124 | ERROR    | WebsocketClient.on_message() takes 2 positional arguments but 3 were given
2026-07-24 13:08:11,099 | ERROR    | error from callback <bound method WebsocketClient.on_message of <iqoptionapi.ws.client.WebsocketClient object at 0x000002390FFC6C30>>: WebsocketClient.on_message() takes 2 positional arguments but 3 were given
2026-07-24 13:08:11,115 | ERROR    | WebsocketClient.on_message() takes 2 positional arguments but 3 were given
2026-07-24 13:08:12,102 | ERROR    | error from callback <bound method WebsocketClient.on_message of <iqoptionapi.ws.client.WebsocketClient object at 0x000002390FFC6C30>>: WebsocketClient.on_message() takes 2 positional arguments but 3 were given
2026-07-24 13:08:12,103 | ERROR    | WebsocketClient.on_message() takes 2 positional arguments but 3 were given
2026-07-24 13:08:13,121 | ERROR    | error from callback <bound method WebsocketClient.on_message of <iqoptionapi.ws.client.WebsocketClient object at 0x000002390FFC6C30>>: WebsocketClient.on_message() takes 2 positional arguments but 3 were given
2026-07-24 13:08:13,137 | ERROR    | WebsocketClient.on_message() takes 2 positional arguments but 3 were given
2026-07-24 13:08:14,137 | ERROR    | error from callback <bound method WebsocketClient.on_message of <iqoptionapi.ws.client.WebsocketClient object at 0x000002390FFC6C30>>: WebsocketClient.on_message() takes 2 positional arguments but 3 were given
2026-07-24 13:08:14,152 | ERROR    | WebsocketClient.on_message() takes 2 positional arguments but 3 were given
2026-07-24 13:08:15,144 | ERROR    | error from callback <bound method WebsocketClient.on_message of <iqoptionapi.ws.client.WebsocketClient object at 0x000002390FFC6C30>>: WebsocketClient.on_message() takes 2 positional arguments but 3 were given
2026-07-24 13:08:15,159 | ERROR    | WebsocketClient.on_message() takes 2 positional arguments but 3 were given
2026-07-24 13:08:16,149 | ERROR    | error from callback <bound method WebsocketClient.on_message of <iqoptionapi.ws.client.WebsocketClient object at 0x000002390FFC6C30>>: WebsocketClient.on_message() takes 2 positional arguments but 3 were given
2026-07-24 13:08:16,164 | ERROR    | WebsocketClient.on_message() takes 2 positional arguments but 3 were given
2026-07-24 13:08:17,169 | ERROR    | error from callback <bound method WebsocketClient.on_message of <iqoptionapi.ws.client.WebsocketClient object at 0x000002390FFC6C30>>: WebsocketClient.on_message() takes 2 positional arguments but 3 were given
2026-07-24 13:08:17,185 | ERROR    | WebsocketClient.on_message() takes 2 positional arguments but 3 were given
2026-07-24 13:08:18,173 | ERROR    | error from callback <bound method WebsocketClient.on_message of <iqoptionapi.ws.client.WebsocketClient object at 0x000002390FFC6C30>>: WebsocketClient.on_message() takes 2 positional arguments but 3 were given
2026-07-24 13:08:18,189 | ERROR    | WebsocketClient.on_message() takes 2 positional arguments but 3 were given
2026-07-24 13:08:19,178 | ERROR    | error from callback <bound method WebsocketClient.on_message of <iqoptionapi.ws.client.WebsocketClient object at 0x000002390FFC6C30>>: WebsocketClient.on_message() takes 2 positional arguments but 3 were given
2026-07-24 13:08:19,194 | ERROR    | WebsocketClient.on_message() takes 2 positional arguments but 3 were given
2026-07-24 13:08:20,197 | ERROR    | error from callback <bound method WebsocketClient.on_message of <iqoptionapi.ws.client.WebsocketClient object at 0x000002390FFC6C30>>: WebsocketClient.on_message() takes 2 positional arguments but 3 were given
2026-07-24 13:08:20,213 | ERROR    | WebsocketClient.on_message() takes 2 positional arguments but 3 were given
2026-07-24 13:08:21,202 | ERROR    | error from callback <bound method WebsocketClient.on_message of <iqoptionapi.ws.client.WebsocketClient object at 0x000002390FFC6C30>>: WebsocketClient.on_message() takes 2 positional arguments but 3 were given
2026-07-24 13:08:21,217 | ERROR    | WebsocketClient.on_message() takes 2 positional arguments but 3 were given
2026-07-24 13:08:22,209 | ERROR    | error from callback <bound method WebsocketClient.on_message of <iqoptionapi.ws.client.WebsocketClient object at 0x000002390FFC6C30>>: WebsocketClient.on_message() takes 2 positional arguments but 3 were given
2026-07-24 13:08:22,225 | ERROR    | WebsocketClient.on_message() takes 2 positional arguments but 3 were given
2026-07-24 13:08:23,217 | ERROR    | error from callback <bound method WebsocketClient.on_message of <iqoptionapi.ws.client.WebsocketClient object at 0x000002390FFC6C30>>: WebsocketClient.on_message() takes 2 positional arguments but 3 were given
2026-07-24 13:08:23,233 | ERROR    | WebsocketClient.on_message() takes 2 positional arguments but 3 were given
2026-07-24 13:08:24,237 | ERROR    | error from callback <bound method WebsocketClient.on_message of <iqoptionapi.ws.client.WebsocketClient object at 0x000002390FFC6C30>>: WebsocketClient.on_message() takes 2 positional arguments but 3 were given
2026-07-24 13:08:24,253 | ERROR    | WebsocketClient.on_message() takes 2 positional arguments but 3 were given
2026-07-24 13:08:25,238 | ERROR    | error from callback <bound method WebsocketClient.on_message of <iqoptionapi.ws.client.WebsocketClient object at 0x000002390FFC6C30>>: WebsocketClient.on_message() takes 2 positional arguments but 3 were given
2026-07-24 13:08:25,253 | ERROR    | WebsocketClient.on_message() takes 2 positional arguments but 3 were given
2026-07-24 13:08:26,258 | ERROR    | error from callback <bound method WebsocketClient.on_message of <iqoptionapi.ws.client.WebsocketClient object at 0x000002390FFC6C30>>: WebsocketClient.on_message() takes 2 positional arguments but 3 were given
2026-07-24 13:08:26,274 | ERROR    | WebsocketClient.on_message() takes 2 positional arguments but 3 were given
2026-07-24 13:08:27,261 | ERROR    | error from callback <bound method WebsocketClient.on_message of <iqoptionapi.ws.client.WebsocketClient object at 0x000002390FFC6C30>>: WebsocketClient.on_message() takes 2 positional arguments but 3 were given
2026-07-24 13:08:27,277 | ERROR    | WebsocketClient.on_message() takes 2 positional arguments but 3 were given
2026-07-24 13:08:28,277 | ERROR    | error from callback <bound method WebsocketClient.on_message of <iqoptionapi.ws.client.WebsocketClient object at 0x000002390FFC6C30>>: WebsocketClient.on_message() takes 2 positional arguments but 3 were given
2026-07-24 13:08:28,293 | ERROR    | WebsocketClient.on_message() takes 2 positional arguments but 3 were given
2026-07-24 13:08:29,284 | ERROR    | error from callback <bound method WebsocketClient.on_message of <iqoptionapi.ws.client.WebsocketClient object at 0x000002390FFC6C30>>: WebsocketClient.on_message() takes 2 positional arguments but 3 were given
2026-07-24 13:08:29,300 | ERROR    | WebsocketClient.on_message() takes 2 positional arguments but 3 were given
2026-07-24 13:08:30,284 | ERROR    | error from callback <bound method WebsocketClient.on_message of <iqoptionapi.ws.client.WebsocketClient object at 0x000002390FFC6C30>>: WebsocketClient.on_message() takes 2 positional arguments but 3 were given
2026-07-24 13:08:30,300 | ERROR    | WebsocketClient.on_message() takes 2 positional arguments but 3 were given
2026-07-24 13:08:31,306 | ERROR    | error from callback <bound method WebsocketClient.on_message of <iqoptionapi.ws.client.WebsocketClient object at 0x000002390FFC6C30>>: WebsocketClient.on_message() takes 2 positional arguments but 3 were given
2026-07-24 13:08:31,322 | ERROR    | WebsocketClient.on_message() takes 2 positional arguments but 3 were given
2026-07-24 13:08:32,312 | ERROR    | error from callback <bound method WebsocketClient.on_message of <iqoptionapi.ws.client.WebsocketClient object at 0x000002390FFC6C30>>: WebsocketClient.on_message() takes 2 positional arguments but 3 were given
2026-07-24 13:08:32,329 | ERROR    | WebsocketClient.on_message() takes 2 positional arguments but 3 were given
2026-07-24 13:08:33,313 | ERROR    | error from callback <bound method WebsocketClient.on_message of <iqoptionapi.ws.client.WebsocketClient object at 0x000002390FFC6C30>>: WebsocketClient.on_message() takes 2 positional arguments but 3 were given
2026-07-24 13:08:33,329 | ERROR    | WebsocketClient.on_message() takes 2 positional arguments but 3 were given
2026-07-24 13:08:34,330 | ERROR    | error from callback <bound method WebsocketClient.on_message of <iqoptionapi.ws.client.WebsocketClient object at 0x000002390FFC6C30>>: WebsocketClient.on_message() takes 2 positional arguments but 3 were given
2026-07-24 13:08:34,346 | ERROR    | WebsocketClient.on_message() takes 2 positional arguments but 3 were given
2026-07-24 13:08:35,331 | ERROR    | error from callback <bound method WebsocketClient.on_message of <iqoptionapi.ws.client.WebsocketClient object at 0x000002390FFC6C30>>: WebsocketClient.on_message() takes 2 positional arguments but 3 were given
2026-07-24 13:08:35,347 | ERROR    | WebsocketClient.on_message() takes 2 positional arguments but 3 were given
2026-07-24 13:08:36,353 | ERROR    | error from callback <bound method WebsocketClient.on_message of <iqoptionapi.ws.client.WebsocketClient object at 0x000002390FFC6C30>>: WebsocketClient.on_message() takes 2 positional arguments but 3 were given
2026-07-24 13:08:36,369 | ERROR    | WebsocketClient.on_message() takes 2 positional arguments but 3 were given
2026-07-24 13:08:37,355 | ERROR    | error from callback <bound method WebsocketClient.on_message of <iqoptionapi.ws.client.WebsocketClient object at 0x000002390FFC6C30>>: WebsocketClient.on_message() takes 2 positional arguments but 3 were given
2026-07-24 13:08:37,371 | ERROR    | WebsocketClient.on_message() takes 2 positional arguments but 3 were given
2026-07-24 13:08:38,376 | ERROR    | error from callback <bound method WebsocketClient.on_message of <iqoptionapi.ws.client.WebsocketClient object at 0x000002390FFC6C30>>: WebsocketClient.on_message() takes 2 positional arguments but 3 were given
2026-07-24 13:08:38,392 | ERROR    | WebsocketClient.on_message() takes 2 positional arguments but 3 were given
2026-07-24 13:08:39,379 | ERROR    | error from callback <bound method WebsocketClient.on_message of <iqoptionapi.ws.client.WebsocketClient object at 0x000002390FFC6C30>>: WebsocketClient.on_message() takes 2 positional arguments but 3 were given
2026-07-24 13:08:39,395 | ERROR    | WebsocketClient.on_message() takes 2 positional arguments but 3 were given
2026-07-24 13:08:40,394 | ERROR    | error from callback <bound method WebsocketClient.on_message of <iqoptionapi.ws.client.WebsocketClient object at 0x000002390FFC6C30>>: WebsocketClient.on_message() takes 2 positional arguments but 3 were given
2026-07-24 13:08:40,410 | ERROR    | WebsocketClient.on_message() takes 2 positional arguments but 3 were given
2026-07-24 13:08:41,391 | ERROR    | error from callback <bound method WebsocketClient.on_message of <iqoptionapi.ws.client.WebsocketClient object at 0x000002390FFC6C30>>: WebsocketClient.on_message() takes 2 positional arguments but 3 were given
2026-07-24 13:08:41,406 | ERROR    | WebsocketClient.on_message() takes 2 positional arguments but 3 were given
2026-07-24 13:08:42,402 | ERROR    | error from callback <bound method WebsocketClient.on_message of <iqoptionapi.ws.client.WebsocketClient object at 0x000002390FFC6C30>>: WebsocketClient.on_message() takes 2 positional arguments but 3 were given
2026-07-24 13:08:42,418 | ERROR    | WebsocketClient.on_message() takes 2 positional arguments but 3 were given
2026-07-24 13:08:43,414 | ERROR    | error from callback <bound method WebsocketClient.on_message of <iqoptionapi.ws.client.WebsocketClient object at 0x000002390FFC6C30>>: WebsocketClient.on_message() takes 2 positional arguments but 3 were given
2026-07-24 13:08:43,430 | ERROR    | WebsocketClient.on_message() takes 2 positional arguments but 3 were given
2026-07-24 13:08:44,423 | ERROR    | error from callback <bound method WebsocketClient.on_message of <iqoptionapi.ws.client.WebsocketClient object at 0x000002390FFC6C30>>: WebsocketClient.on_message() takes 2 positional arguments but 3 were given
2026-07-24 13:08:44,438 | ERROR    | WebsocketClient.on_message() takes 2 positional arguments but 3 were given
2026-07-24 13:08:45,436 | ERROR    | error from callback <bound method WebsocketClient.on_message of <iqoptionapi.ws.client.WebsocketClient object at 0x000002390FFC6C30>>: WebsocketClient.on_message() takes 2 positional arguments but 3 were given
2026-07-24 13:08:45,436 | ERROR    | WebsocketClient.on_message() takes 2 positional arguments but 3 were given
2026-07-24 13:08:46,447 | ERROR    | error from callback <bound method WebsocketClient.on_message of <iqoptionapi.ws.client.WebsocketClient object at 0x000002390FFC6C30>>: WebsocketClient.on_message() takes 2 positional arguments but 3 were given
2026-07-24 13:08:46,463 | ERROR    | WebsocketClient.on_message() takes 2 positional arguments but 3 were given
2026-07-24 13:08:47,470 | ERROR    | error from callback <bound method WebsocketClient.on_message of <iqoptionapi.ws.client.WebsocketClient object at 0x000002390FFC6C30>>: WebsocketClient.on_message() takes 2 positional arguments but 3 were given
2026-07-24 13:08:47,486 | ERROR    | WebsocketClient.on_message() takes 2 positional arguments but 3 were given
2026-07-24 13:08:48,467 | ERROR    | error from callback <bound method WebsocketClient.on_message of <iqoptionapi.ws.client.WebsocketClient object at 0x000002390FFC6C30>>: WebsocketClient.on_message() takes 2 positional arguments but 3 were given
2026-07-24 13:08:48,482 | ERROR    | WebsocketClient.on_message() takes 2 positional arguments but 3 were given
2026-07-24 13:08:49,482 | ERROR    | error from callback <bound method WebsocketClient.on_message of <iqoptionapi.ws.client.WebsocketClient object at 0x000002390FFC6C30>>: WebsocketClient.on_message() takes 2 positional arguments but 3 were given
2026-07-24 13:08:49,498 | ERROR    | WebsocketClient.on_message() takes 2 positional arguments but 3 were given
2026-07-24 13:08:50,494 | ERROR    | error from callback <bound method WebsocketClient.on_message of <iqoptionapi.ws.client.WebsocketClient object at 0x000002390FFC6C30>>: WebsocketClient.on_message() takes 2 positional arguments but 3 were given
2026-07-24 13:08:50,510 | ERROR    | WebsocketClient.on_message() takes 2 positional arguments but 3 were given
2026-07-24 13:08:51,503 | ERROR    | error from callback <bound method WebsocketClient.on_message of <iqoptionapi.ws.client.WebsocketClient object at 0x000002390FFC6C30>>: WebsocketClient.on_message() takes 2 positional arguments but 3 were given
2026-07-24 13:08:51,519 | ERROR    | WebsocketClient.on_message() takes 2 positional arguments but 3 were given
2026-07-24 13:08:52,515 | ERROR    | error from callback <bound method WebsocketClient.on_message of <iqoptionapi.ws.client.WebsocketClient object at 0x000002390FFC6C30>>: WebsocketClient.on_message() takes 2 positional arguments but 3 were given
2026-07-24 13:08:52,531 | ERROR    | WebsocketClient.on_message() takes 2 positional arguments but 3 were given
2026-07-24 13:08:53,541 | ERROR    | error from callback <bound method WebsocketClient.on_message of <iqoptionapi.ws.client.WebsocketClient object at 0x000002390FFC6C30>>: WebsocketClient.on_message() takes 2 positional arguments but 3 were given
2026-07-24 13:08:53,556 | ERROR    | WebsocketClient.on_message() takes 2 positional arguments but 3 were given
2026-07-24 13:08:54,524 | ERROR    | error from callback <bound method WebsocketClient.on_message of <iqoptionapi.ws.client.WebsocketClient object at 0x000002390FFC6C30>>: WebsocketClient.on_message() takes 2 positional arguments but 3 were given
2026-07-24 13:08:54,540 | ERROR    | WebsocketClient.on_message() takes 2 positional arguments but 3 were given
2026-07-24 13:08:55,541 | ERROR    | error from callback <bound method WebsocketClient.on_message of <iqoptionapi.ws.client.WebsocketClient object at 0x000002390FFC6C30>>: WebsocketClient.on_message() takes 2 positional arguments but 3 were given
2026-07-24 13:08:55,557 | ERROR    | WebsocketClient.on_message() takes 2 positional arguments but 3 were given
2026-07-24 13:08:56,543 | ERROR    | error from callback <bound method WebsocketClient.on_message of <iqoptionapi.ws.client.WebsocketClient object at 0x000002390FFC6C30>>: WebsocketClient.on_message() takes 2 positional arguments but 3 were given
2026-07-24 13:08:56,558 | ERROR    | WebsocketClient.on_message() takes 2 positional arguments but 3 were given
2026-07-24 13:08:57,562 | ERROR    | error from callback <bound method WebsocketClient.on_message of <iqoptionapi.ws.client.WebsocketClient object at 0x000002390FFC6C30>>: WebsocketClient.on_message() takes 2 positional arguments but 3 were given
2026-07-24 13:08:57,577 | ERROR    | WebsocketClient.on_message() takes 2 positional arguments but 3 were given
2026-07-24 13:08:58,568 | ERROR    | error from callback <bound method WebsocketClient.on_message of <iqoptionapi.ws.client.WebsocketClient object at 0x000002390FFC6C30>>: WebsocketClient.on_message() takes 2 positional arguments but 3 were given
2026-07-24 13:08:58,585 | ERROR    | WebsocketClient.on_message() takes 2 positional arguments but 3 were given
2026-07-24 13:08:59,570 | ERROR    | error from callback <bound method WebsocketClient.on_message of <iqoptionapi.ws.client.WebsocketClient object at 0x000002390FFC6C30>>: WebsocketClient.on_message() takes 2 positional arguments but 3 were given
2026-07-24 13:08:59,586 | ERROR    | WebsocketClient.on_message() takes 2 positional arguments but 3 were given
2026-07-24 13:09:00,592 | ERROR    | error from callback <bound method WebsocketClient.on_message of <iqoptionapi.ws.client.WebsocketClient object at 0x000002390FFC6C30>>: WebsocketClient.on_message() takes 2 positional arguments but 3 were given
2026-07-24 13:09:00,608 | ERROR    | WebsocketClient.on_message() takes 2 positional arguments but 3 were given
2026-07-24 13:09:01,598 | ERROR    | error from callback <bound method WebsocketClient.on_message of <iqoptionapi.ws.client.WebsocketClient object at 0x000002390FFC6C30>>: WebsocketClient.on_message() takes 2 positional arguments but 3 were given
2026-07-24 13:09:01,614 | ERROR    | WebsocketClient.on_message() takes 2 positional arguments but 3 were given
2026-07-24 13:09:02,619 | ERROR    | error from callback <bound method WebsocketClient.on_message of <iqoptionapi.ws.client.WebsocketClient object at 0x000002390FFC6C30>>: WebsocketClient.on_message() takes 2 positional arguments but 3 were given
2026-07-24 13:09:02,634 | ERROR    | WebsocketClient.on_message() takes 2 positional arguments but 3 were given
2026-07-24 13:09:03,610 | ERROR    | error from callback <bound method WebsocketClient.on_message of <iqoptionapi.ws.client.WebsocketClient object at 0x000002390FFC6C30>>: WebsocketClient.on_message() takes 2 positional arguments but 3 were given
2026-07-24 13:09:03,626 | ERROR    | WebsocketClient.on_message() takes 2 positional arguments but 3 were given
2026-07-24 13:09:04,617 | ERROR    | error from callback <bound method WebsocketClient.on_message of <iqoptionapi.ws.client.WebsocketClient object at 0x000002390FFC6C30>>: WebsocketClient.on_message() takes 2 positional arguments but 3 were given
2026-07-24 13:09:04,633 | ERROR    | WebsocketClient.on_message() takes 2 positional arguments but 3 were given
2026-07-24 13:09:05,630 | ERROR    | error from callback <bound method WebsocketClient.on_message of <iqoptionapi.ws.client.WebsocketClient object at 0x000002390FFC6C30>>: WebsocketClient.on_message() takes 2 positional arguments but 3 were given
2026-07-24 13:09:05,646 | ERROR    | WebsocketClient.on_message() takes 2 positional arguments but 3 were given
2026-07-24 13:09:06,639 | ERROR    | error from callback <bound method WebsocketClient.on_message of <iqoptionapi.ws.client.WebsocketClient object at 0x000002390FFC6C30>>: WebsocketClient.on_message() takes 2 positional arguments but 3 were given
2026-07-24 13:09:06,655 | ERROR    | WebsocketClient.on_message() takes 2 positional arguments but 3 were given
2026-07-24 13:09:07,648 | ERROR    | error from callback <bound method WebsocketClient.on_message of <iqoptionapi.ws.client.WebsocketClient object at 0x000002390FFC6C30>>: WebsocketClient.on_message() takes 2 positional arguments but 3 were given
2026-07-24 13:09:07,663 | ERROR    | WebsocketClient.on_message() takes 2 positional arguments but 3 were given
2026-07-24 13:09:08,666 | ERROR    | error from callback <bound method WebsocketClient.on_message of <iqoptionapi.ws.client.WebsocketClient object at 0x000002390FFC6C30>>: WebsocketClient.on_message() takes 2 positional arguments but 3 were given
2026-07-24 13:09:08,681 | ERROR    | WebsocketClient.on_message() takes 2 positional arguments but 3 were given
2026-07-24 13:09:09,668 | ERROR    | error from callback <bound method WebsocketClient.on_message of <iqoptionapi.ws.client.WebsocketClient object at 0x000002390FFC6C30>>: WebsocketClient.on_message() takes 2 positional arguments but 3 were given
2026-07-24 13:09:09,684 | ERROR    | WebsocketClient.on_message() takes 2 positional arguments but 3 were given
2026-07-24 13:09:10,676 | ERROR    | error from callback <bound method WebsocketClient.on_message of <iqoptionapi.ws.client.WebsocketClient object at 0x000002390FFC6C30>>: WebsocketClient.on_message() takes 2 positional arguments but 3 were given
2026-07-24 13:09:10,692 | ERROR    | WebsocketClient.on_message() takes 2 positional arguments but 3 were given
2026-07-24 13:09:11,688 | ERROR    | error from callback <bound method WebsocketClient.on_message of <iqoptionapi.ws.client.WebsocketClient object at 0x000002390FFC6C30>>: WebsocketClient.on_message() takes 2 positional arguments but 3 were given
2026-07-24 13:09:11,703 | ERROR    | WebsocketClient.on_message() takes 2 positional arguments but 3 were given
2026-07-24 13:09:12,688 | ERROR    | error from callback <bound method WebsocketClient.on_message of <iqoptionapi.ws.client.WebsocketClient object at 0x000002390FFC6C30>>: WebsocketClient.on_message() takes 2 positional arguments but 3 were given
2026-07-24 13:09:12,704 | ERROR    | WebsocketClient.on_message() takes 2 positional arguments but 3 were given
2026-07-24 13:09:13,709 | ERROR    | error from callback <bound method WebsocketClient.on_message of <iqoptionapi.ws.client.WebsocketClient object at 0x000002390FFC6C30>>: WebsocketClient.on_message() takes 2 positional arguments but 3 were given
2026-07-24 13:09:13,724 | ERROR    | WebsocketClient.on_message() takes 2 positional arguments but 3 were given
2026-07-24 13:09:14,724 | ERROR    | error from callback <bound method WebsocketClient.on_message of <iqoptionapi.ws.client.WebsocketClient object at 0x000002390FFC6C30>>: WebsocketClient.on_message() takes 2 positional arguments but 3 were given
2026-07-24 13:09:14,740 | ERROR    | WebsocketClient.on_message() takes 2 positional arguments but 3 were given
2026-07-24 13:09:15,733 | ERROR    | error from callback <bound method WebsocketClient.on_message of <iqoptionapi.ws.client.WebsocketClient object at 0x000002390FFC6C30>>: WebsocketClient.on_message() takes 2 positional arguments but 3 were given
2026-07-24 13:09:15,748 | ERROR    | WebsocketClient.on_message() takes 2 positional arguments but 3 were given
2026-07-24 13:09:16,753 | ERROR    | error from callback <bound method WebsocketClient.on_message of <iqoptionapi.ws.client.WebsocketClient object at 0x000002390FFC6C30>>: WebsocketClient.on_message() takes 2 positional arguments but 3 were given
2026-07-24 13:09:16,769 | ERROR    | WebsocketClient.on_message() takes 2 positional arguments but 3 were given
2026-07-24 13:09:17,743 | ERROR    | error from callback <bound method WebsocketClient.on_message of <iqoptionapi.ws.client.WebsocketClient object at 0x000002390FFC6C30>>: WebsocketClient.on_message() takes 2 positional arguments but 3 were given
2026-07-24 13:09:17,758 | ERROR    | WebsocketClient.on_message() takes 2 positional arguments but 3 were given
2026-07-24 13:09:18,749 | ERROR    | error from callback <bound method WebsocketClient.on_message of <iqoptionapi.ws.client.WebsocketClient object at 0x000002390FFC6C30>>: WebsocketClient.on_message() takes 2 positional arguments but 3 were given
2026-07-24 13:09:18,764 | ERROR    | WebsocketClient.on_message() takes 2 positional arguments but 3 were given
2026-07-24 13:09:19,756 | ERROR    | error from callback <bound method WebsocketClient.on_message of <iqoptionapi.ws.client.WebsocketClient object at 0x000002390FFC6C30>>: WebsocketClient.on_message() takes 2 positional arguments but 3 were given
2026-07-24 13:09:19,771 | ERROR    | WebsocketClient.on_message() takes 2 positional arguments but 3 were given
2026-07-24 13:09:20,773 | ERROR    | error from callback <bound method WebsocketClient.on_message of <iqoptionapi.ws.client.WebsocketClient object at 0x000002390FFC6C30>>: WebsocketClient.on_message() takes 2 positional arguments but 3 were given
2026-07-24 13:09:20,788 | ERROR    | WebsocketClient.on_message() takes 2 positional arguments but 3 were given
2026-07-24 13:09:21,790 | ERROR    | error from callback <bound method WebsocketClient.on_message of <iqoptionapi.ws.client.WebsocketClient object at 0x000002390FFC6C30>>: WebsocketClient.on_message() takes 2 positional arguments but 3 were given
2026-07-24 13:09:21,805 | ERROR    | WebsocketClient.on_message() takes 2 positional arguments but 3 were given
2026-07-24 13:09:22,803 | ERROR    | error from callback <bound method WebsocketClient.on_message of <iqoptionapi.ws.client.WebsocketClient object at 0x000002390FFC6C30>>: WebsocketClient.on_message() takes 2 positional arguments but 3 were given
2026-07-24 13:09:22,819 | ERROR    | WebsocketClient.on_message() takes 2 positional arguments but 3 were given
2026-07-24 13:09:23,796 | ERROR    | error from callback <bound method WebsocketClient.on_message of <iqoptionapi.ws.client.WebsocketClient object at 0x000002390FFC6C30>>: WebsocketClient.on_message() takes 2 positional arguments but 3 were given
2026-07-24 13:09:23,811 | ERROR    | WebsocketClient.on_message() takes 2 positional arguments but 3 were given
2026-07-24 13:09:24,825 | ERROR    | error from callback <bound method WebsocketClient.on_message of <iqoptionapi.ws.client.WebsocketClient object at 0x000002390FFC6C30>>: WebsocketClient.on_message() takes 2 positional arguments but 3 were given
2026-07-24 13:09:24,825 | ERROR    | WebsocketClient.on_message() takes 2 positional arguments but 3 were given
2026-07-24 13:09:25,827 | ERROR    | error from callback <bound method WebsocketClient.on_message of <iqoptionapi.ws.client.WebsocketClient object at 0x000002390FFC6C30>>: WebsocketClient.on_message() takes 2 positional arguments but 3 were given
2026-07-24 13:09:25,842 | ERROR    | WebsocketClient.on_message() takes 2 positional arguments but 3 were given
2026-07-24 13:09:26,831 | ERROR    | error from callback <bound method WebsocketClient.on_message of <iqoptionapi.ws.client.WebsocketClient object at 0x000002390FFC6C30>>: WebsocketClient.on_message() takes 2 positional arguments but 3 were given
2026-07-24 13:09:26,847 | ERROR    | WebsocketClient.on_message() takes 2 positional arguments but 3 were given
2026-07-24 13:09:27,862 | ERROR    | error from callback <bound method WebsocketClient.on_message of <iqoptionapi.ws.client.WebsocketClient object at 0x000002390FFC6C30>>: WebsocketClient.on_message() takes 2 positional arguments but 3 were given
2026-07-24 13:09:27,877 | ERROR    | WebsocketClient.on_message() takes 2 positional arguments but 3 were given
2026-07-24 13:09:28,846 | ERROR    | error from callback <bound method WebsocketClient.on_message of <iqoptionapi.ws.client.WebsocketClient object at 0x000002390FFC6C30>>: WebsocketClient.on_message() takes 2 positional arguments but 3 were given
2026-07-24 13:09:28,862 | ERROR    | WebsocketClient.on_message() takes 2 positional arguments but 3 were given
2026-07-24 13:09:29,863 | ERROR    | error from callback <bound method WebsocketClient.on_message of <iqoptionapi.ws.client.WebsocketClient object at 0x000002390FFC6C30>>: WebsocketClient.on_message() takes 2 positional arguments but 3 were given
2026-07-24 13:09:29,879 | ERROR    | WebsocketClient.on_message() takes 2 positional arguments but 3 were given
2026-07-24 13:09:30,884 | ERROR    | error from callback <bound method WebsocketClient.on_message of <iqoptionapi.ws.client.WebsocketClient object at 0x000002390FFC6C30>>: WebsocketClient.on_message() takes 2 positional arguments but 3 were given
2026-07-24 13:09:30,900 | ERROR    | WebsocketClient.on_message() takes 2 positional arguments but 3 were given
2026-07-24 13:09:31,893 | ERROR    | error from callback <bound method WebsocketClient.on_message of <iqoptionapi.ws.client.WebsocketClient object at 0x000002390FFC6C30>>: WebsocketClient.on_message() takes 2 positional arguments but 3 were given
2026-07-24 13:09:31,909 | ERROR    | WebsocketClient.on_message() takes 2 positional arguments but 3 were given
2026-07-24 13:09:32,898 | ERROR    | error from callback <bound method WebsocketClient.on_message of <iqoptionapi.ws.client.WebsocketClient object at 0x000002390FFC6C30>>: WebsocketClient.on_message() takes 2 positional arguments but 3 were given
2026-07-24 13:09:32,913 | ERROR    | WebsocketClient.on_message() takes 2 positional arguments but 3 were given
2026-07-24 13:09:33,934 | ERROR    | error from callback <bound method WebsocketClient.on_message of <iqoptionapi.ws.client.WebsocketClient object at 0x000002390FFC6C30>>: WebsocketClient.on_message() takes 2 positional arguments but 3 were given
2026-07-24 13:09:33,949 | ERROR    | WebsocketClient.on_message() takes 2 positional arguments but 3 were given
2026-07-24 13:09:34,902 | ERROR    | error from callback <bound method WebsocketClient.on_message of <iqoptionapi.ws.client.WebsocketClient object at 0x000002390FFC6C30>>: WebsocketClient.on_message() takes 2 positional arguments but 3 were given
2026-07-24 13:09:34,902 | ERROR    | WebsocketClient.on_message() takes 2 positional arguments but 3 were given
2026-07-24 13:09:35,935 | ERROR    | error from callback <bound method WebsocketClient.on_message of <iqoptionapi.ws.client.WebsocketClient object at 0x000002390FFC6C30>>: WebsocketClient.on_message() takes 2 positional arguments but 3 were given
2026-07-24 13:09:35,950 | ERROR    | WebsocketClient.on_message() takes 2 positional arguments but 3 were given
2026-07-24 13:09:36,947 | ERROR    | error from callback <bound method WebsocketClient.on_message of <iqoptionapi.ws.client.WebsocketClient object at 0x000002390FFC6C30>>: WebsocketClient.on_message() takes 2 positional arguments but 3 were given
2026-07-24 13:09:36,962 | ERROR    | WebsocketClient.on_message() takes 2 positional arguments but 3 were given
2026-07-24 13:09:37,979 | ERROR    | error from callback <bound method WebsocketClient.on_message of <iqoptionapi.ws.client.WebsocketClient object at 0x000002390FFC6C30>>: WebsocketClient.on_message() takes 2 positional arguments but 3 were given
2026-07-24 13:09:37,994 | ERROR    | WebsocketClient.on_message() takes 2 positional arguments but 3 were given
2026-07-24 13:09:38,962 | ERROR    | error from callback <bound method WebsocketClient.on_message of <iqoptionapi.ws.client.WebsocketClient object at 0x000002390FFC6C30>>: WebsocketClient.on_message() takes 2 positional arguments but 3 were given
2026-07-24 13:09:38,962 | ERROR    | WebsocketClient.on_message() takes 2 positional arguments but 3 were given
2026-07-24 13:09:39,981 | ERROR    | error from callback <bound method WebsocketClient.on_message of <iqoptionapi.ws.client.WebsocketClient object at 0x000002390FFC6C30>>: WebsocketClient.on_message() takes 2 positional arguments but 3 were given
2026-07-24 13:09:39,997 | ERROR    | WebsocketClient.on_message() takes 2 positional arguments but 3 were given
2026-07-24 13:09:40,989 | ERROR    | error from callback <bound method WebsocketClient.on_message of <iqoptionapi.ws.client.WebsocketClient object at 0x000002390FFC6C30>>: WebsocketClient.on_message() takes 2 positional arguments but 3 were given
2026-07-24 13:09:41,005 | ERROR    | WebsocketClient.on_message() takes 2 positional arguments but 3 were given
2026-07-24 13:09:42,003 | ERROR    | error from callback <bound method WebsocketClient.on_message of <iqoptionapi.ws.client.WebsocketClient object at 0x000002390FFC6C30>>: WebsocketClient.on_message() takes 2 positional arguments but 3 were given
2026-07-24 13:09:42,019 | ERROR    | WebsocketClient.on_message() takes 2 positional arguments but 3 were given
2026-07-24 13:09:43,003 | ERROR    | error from callback <bound method WebsocketClient.on_message of <iqoptionapi.ws.client.WebsocketClient object at 0x000002390FFC6C30>>: WebsocketClient.on_message() takes 2 positional arguments but 3 were given
2026-07-24 13:09:43,018 | ERROR    | WebsocketClient.on_message() takes 2 positional arguments but 3 were given
2026-07-24 13:09:44,015 | ERROR    | error from callback <bound method WebsocketClient.on_message of <iqoptionapi.ws.client.WebsocketClient object at 0x000002390FFC6C30>>: WebsocketClient.on_message() takes 2 positional arguments but 3 were given
2026-07-24 13:09:44,031 | ERROR    | WebsocketClient.on_message() takes 2 positional arguments but 3 were given
2026-07-24 13:09:45,030 | ERROR    | error from callback <bound method WebsocketClient.on_message of <iqoptionapi.ws.client.WebsocketClient object at 0x000002390FFC6C30>>: WebsocketClient.on_message() takes 2 positional arguments but 3 were given
2026-07-24 13:09:45,046 | ERROR    | WebsocketClient.on_message() takes 2 positional arguments but 3 were given
2026-07-24 13:09:46,044 | ERROR    | error from callback <bound method WebsocketClient.on_message of <iqoptionapi.ws.client.WebsocketClient object at 0x000002390FFC6C30>>: WebsocketClient.on_message() takes 2 positional arguments but 3 were given
2026-07-24 13:09:46,060 | ERROR    | WebsocketClient.on_message() takes 2 positional arguments but 3 were given
2026-07-24 13:09:47,044 | ERROR    | error from callback <bound method WebsocketClient.on_message of <iqoptionapi.ws.client.WebsocketClient object at 0x000002390FFC6C30>>: WebsocketClient.on_message() takes 2 positional arguments but 3 were given
2026-07-24 13:09:47,060 | ERROR    | WebsocketClient.on_message() takes 2 positional arguments but 3 were given
2026-07-24 13:09:48,062 | ERROR    | error from callback <bound method WebsocketClient.on_message of <iqoptionapi.ws.client.WebsocketClient object at 0x000002390FFC6C30>>: WebsocketClient.on_message() takes 2 positional arguments but 3 were given
2026-07-24 13:09:48,078 | ERROR    | WebsocketClient.on_message() takes 2 positional arguments but 3 were given
2026-07-24 13:09:49,074 | ERROR    | error from callback <bound method WebsocketClient.on_message of <iqoptionapi.ws.client.WebsocketClient object at 0x000002390FFC6C30>>: WebsocketClient.on_message() takes 2 positional arguments but 3 were given
2026-07-24 13:09:49,090 | ERROR    | WebsocketClient.on_message() takes 2 positional arguments but 3 were given
2026-07-24 13:09:50,102 | ERROR    | error from callback <bound method WebsocketClient.on_message of <iqoptionapi.ws.client.WebsocketClient object at 0x000002390FFC6C30>>: WebsocketClient.on_message() takes 2 positional arguments but 3 were given
2026-07-24 13:09:50,118 | ERROR    | WebsocketClient.on_message() takes 2 positional arguments but 3 were given
2026-07-24 13:09:51,091 | ERROR    | error from callback <bound method WebsocketClient.on_message of <iqoptionapi.ws.client.WebsocketClient object at 0x000002390FFC6C30>>: WebsocketClient.on_message() takes 2 positional arguments but 3 were given
2026-07-24 13:09:51,107 | ERROR    | WebsocketClient.on_message() takes 2 positional arguments but 3 were given
2026-07-24 13:09:52,118 | ERROR    | error from callback <bound method WebsocketClient.on_message of <iqoptionapi.ws.client.WebsocketClient object at 0x000002390FFC6C30>>: WebsocketClient.on_message() takes 2 positional arguments but 3 were given
2026-07-24 13:09:52,134 | ERROR    | WebsocketClient.on_message() takes 2 positional arguments but 3 were given
2026-07-24 13:09:53,107 | ERROR    | error from callback <bound method WebsocketClient.on_message of <iqoptionapi.ws.client.WebsocketClient object at 0x000002390FFC6C30>>: WebsocketClient.on_message() takes 2 positional arguments but 3 were given
2026-07-24 13:09:53,123 | ERROR    | WebsocketClient.on_message() takes 2 positional arguments but 3 were given
2026-07-24 13:09:54,139 | ERROR    | error from callback <bound method WebsocketClient.on_message of <iqoptionapi.ws.client.WebsocketClient object at 0x000002390FFC6C30>>: WebsocketClient.on_message() takes 2 positional arguments but 3 were given
2026-07-24 13:09:54,154 | ERROR    | WebsocketClient.on_message() takes 2 positional arguments but 3 were given
2026-07-24 13:09:55,133 | ERROR    | error from callback <bound method WebsocketClient.on_message of <iqoptionapi.ws.client.WebsocketClient object at 0x000002390FFC6C30>>: WebsocketClient.on_message() takes 2 positional arguments but 3 were given
2026-07-24 13:09:55,148 | ERROR    | WebsocketClient.on_message() takes 2 positional arguments but 3 were given
2026-07-24 13:09:56,136 | ERROR    | error from callback <bound method WebsocketClient.on_message of <iqoptionapi.ws.client.WebsocketClient object at 0x000002390FFC6C30>>: WebsocketClient.on_message() takes 2 positional arguments but 3 were given
2026-07-24 13:09:56,152 | ERROR    | WebsocketClient.on_message() takes 2 positional arguments but 3 were given
2026-07-24 13:09:57,160 | ERROR    | error from callback <bound method WebsocketClient.on_message of <iqoptionapi.ws.client.WebsocketClient object at 0x000002390FFC6C30>>: WebsocketClient.on_message() takes 2 positional arguments but 3 were given
2026-07-24 13:09:57,176 | ERROR    | WebsocketClient.on_message() takes 2 positional arguments but 3 were given
2026-07-24 13:09:58,153 | ERROR    | error from callback <bound method WebsocketClient.on_message of <iqoptionapi.ws.client.WebsocketClient object at 0x000002390FFC6C30>>: WebsocketClient.on_message() takes 2 positional arguments but 3 were given
2026-07-24 13:09:58,169 | ERROR    | WebsocketClient.on_message() takes 2 positional arguments but 3 were given
2026-07-24 13:09:59,168 | ERROR    | error from callback <bound method WebsocketClient.on_message of <iqoptionapi.ws.client.WebsocketClient object at 0x000002390FFC6C30>>: WebsocketClient.on_message() takes 2 positional arguments but 3 were given
2026-07-24 13:09:59,168 | ERROR    | WebsocketClient.on_message() takes 2 positional arguments but 3 were given
2026-07-24 13:10:00,178 | ERROR    | error from callback <bound method WebsocketClient.on_message of <iqoptionapi.ws.client.WebsocketClient object at 0x000002390FFC6C30>>: WebsocketClient.on_message() takes 2 positional arguments but 3 were given
2026-07-24 13:10:00,193 | ERROR    | WebsocketClient.on_message() takes 2 positional arguments but 3 were given
2026-07-24 13:10:01,181 | ERROR    | error from callback <bound method WebsocketClient.on_message of <iqoptionapi.ws.client.WebsocketClient object at 0x000002390FFC6C30>>: WebsocketClient.on_message() takes 2 positional arguments but 3 were given
2026-07-24 13:10:01,197 | ERROR    | WebsocketClient.on_message() takes 2 positional arguments but 3 were given
2026-07-24 13:10:02,204 | ERROR    | error from callback <bound method WebsocketClient.on_message of <iqoptionapi.ws.client.WebsocketClient object at 0x000002390FFC6C30>>: WebsocketClient.on_message() takes 2 positional arguments but 3 were given
2026-07-24 13:10:02,219 | ERROR    | WebsocketClient.on_message() takes 2 positional arguments but 3 were given
2026-07-24 13:10:03,228 | ERROR    | error from callback <bound method WebsocketClient.on_message of <iqoptionapi.ws.client.WebsocketClient object at 0x000002390FFC6C30>>: WebsocketClient.on_message() takes 2 positional arguments but 3 were given
2026-07-24 13:10:03,244 | ERROR    | WebsocketClient.on_message() takes 2 positional arguments but 3 were given
2026-07-24 13:10:04,226 | ERROR    | error from callback <bound method WebsocketClient.on_message of <iqoptionapi.ws.client.WebsocketClient object at 0x000002390FFC6C30>>: WebsocketClient.on_message() takes 2 positional arguments but 3 were given
2026-07-24 13:10:04,241 | ERROR    | WebsocketClient.on_message() takes 2 positional arguments but 3 were given
2026-07-24 13:10:05,226 | ERROR    | error from callback <bound method WebsocketClient.on_message of <iqoptionapi.ws.client.WebsocketClient object at 0x000002390FFC6C30>>: WebsocketClient.on_message() takes 2 positional arguments but 3 were given
2026-07-24 13:10:05,241 | ERROR    | WebsocketClient.on_message() takes 2 positional arguments but 3 were given
2026-07-24 13:10:06,244 | ERROR    | error from callback <bound method WebsocketClient.on_message of <iqoptionapi.ws.client.WebsocketClient object at 0x000002390FFC6C30>>: WebsocketClient.on_message() takes 2 positional arguments but 3 were given
2026-07-24 13:10:06,260 | ERROR    | WebsocketClient.on_message() takes 2 positional arguments but 3 were given
2026-07-24 13:10:07,249 | ERROR    | error from callback <bound method WebsocketClient.on_message of <iqoptionapi.ws.client.WebsocketClient object at 0x000002390FFC6C30>>: WebsocketClient.on_message() takes 2 positional arguments but 3 were given
2026-07-24 13:10:07,265 | ERROR    | WebsocketClient.on_message() takes 2 positional arguments but 3 were given
2026-07-24 13:10:08,256 | ERROR    | error from callback <bound method WebsocketClient.on_message of <iqoptionapi.ws.client.WebsocketClient object at 0x000002390FFC6C30>>: WebsocketClient.on_message() takes 2 positional arguments but 3 were given
2026-07-24 13:10:08,271 | ERROR    | WebsocketClient.on_message() takes 2 positional arguments but 3 were given
2026-07-24 13:10:09,260 | ERROR    | error from callback <bound method WebsocketClient.on_message of <iqoptionapi.ws.client.WebsocketClient object at 0x000002390FFC6C30>>: WebsocketClient.on_message() takes 2 positional arguments but 3 were given
2026-07-24 13:10:09,275 | ERROR    | WebsocketClient.on_message() takes 2 positional arguments but 3 were given
2026-07-24 13:10:10,277 | ERROR    | error from callback <bound method WebsocketClient.on_message of <iqoptionapi.ws.client.WebsocketClient object at 0x000002390FFC6C30>>: WebsocketClient.on_message() takes 2 positional arguments but 3 were given
2026-07-24 13:10:10,293 | ERROR    | WebsocketClient.on_message() takes 2 positional arguments but 3 were given
2026-07-24 13:10:11,279 | ERROR    | error from callback <bound method WebsocketClient.on_message of <iqoptionapi.ws.client.WebsocketClient object at 0x000002390FFC6C30>>: WebsocketClient.on_message() takes 2 positional arguments but 3 were given
2026-07-24 13:10:11,294 | ERROR    | WebsocketClient.on_message() takes 2 positional arguments but 3 were given
2026-07-24 13:10:12,301 | ERROR    | error from callback <bound method WebsocketClient.on_message of <iqoptionapi.ws.client.WebsocketClient object at 0x000002390FFC6C30>>: WebsocketClient.on_message() takes 2 positional arguments but 3 were given
2026-07-24 13:10:12,317 | ERROR    | WebsocketClient.on_message() takes 2 positional arguments but 3 were given
2026-07-24 13:10:13,305 | ERROR    | error from callback <bound method WebsocketClient.on_message of <iqoptionapi.ws.client.WebsocketClient object at 0x000002390FFC6C30>>: WebsocketClient.on_message() takes 2 positional arguments but 3 were given
2026-07-24 13:10:13,321 | ERROR    | WebsocketClient.on_message() takes 2 positional arguments but 3 were given
2026-07-24 13:10:14,313 | ERROR    | error from callback <bound method WebsocketClient.on_message of <iqoptionapi.ws.client.WebsocketClient object at 0x000002390FFC6C30>>: WebsocketClient.on_message() takes 2 positional arguments but 3 were given
2026-07-24 13:10:14,329 | ERROR    | WebsocketClient.on_message() takes 2 positional arguments but 3 were given
2026-07-24 13:10:15,332 | ERROR    | error from callback <bound method WebsocketClient.on_message of <iqoptionapi.ws.client.WebsocketClient object at 0x000002390FFC6C30>>: WebsocketClient.on_message() takes 2 positional arguments but 3 were given
2026-07-24 13:10:15,348 | ERROR    | WebsocketClient.on_message() takes 2 positional arguments but 3 were given
2026-07-24 13:10:16,335 | ERROR    | error from callback <bound method WebsocketClient.on_message of <iqoptionapi.ws.client.WebsocketClient object at 0x000002390FFC6C30>>: WebsocketClient.on_message() takes 2 positional arguments but 3 were given
2026-07-24 13:10:16,351 | ERROR    | WebsocketClient.on_message() takes 2 positional arguments but 3 were given
2026-07-24 13:10:17,349 | ERROR    | error from callback <bound method WebsocketClient.on_message of <iqoptionapi.ws.client.WebsocketClient object at 0x000002390FFC6C30>>: WebsocketClient.on_message() takes 2 positional arguments but 3 were given
2026-07-24 13:10:17,365 | ERROR    | WebsocketClient.on_message() takes 2 positional arguments but 3 were given
2026-07-24 13:10:18,353 | ERROR    | error from callback <bound method WebsocketClient.on_message of <iqoptionapi.ws.client.WebsocketClient object at 0x000002390FFC6C30>>: WebsocketClient.on_message() takes 2 positional arguments but 3 were given
2026-07-24 13:10:18,369 | ERROR    | WebsocketClient.on_message() takes 2 positional arguments but 3 were given
2026-07-24 13:10:19,363 | ERROR    | error from callback <bound method WebsocketClient.on_message of <iqoptionapi.ws.client.WebsocketClient object at 0x000002390FFC6C30>>: WebsocketClient.on_message() takes 2 positional arguments but 3 were given
2026-07-24 13:10:19,379 | ERROR    | WebsocketClient.on_message() takes 2 positional arguments but 3 were given
2026-07-24 13:10:20,382 | ERROR    | error from callback <bound method WebsocketClient.on_message of <iqoptionapi.ws.client.WebsocketClient object at 0x000002390FFC6C30>>: WebsocketClient.on_message() takes 2 positional arguments but 3 were given
2026-07-24 13:10:20,397 | ERROR    | WebsocketClient.on_message() takes 2 positional arguments but 3 were given
2026-07-24 13:10:21,381 | ERROR    | error from callback <bound method WebsocketClient.on_message of <iqoptionapi.ws.client.WebsocketClient object at 0x000002390FFC6C30>>: WebsocketClient.on_message() takes 2 positional arguments but 3 were given
2026-07-24 13:10:21,397 | ERROR    | WebsocketClient.on_message() takes 2 positional arguments but 3 were given
2026-07-24 13:10:22,416 | ERROR    | error from callback <bound method WebsocketClient.on_message of <iqoptionapi.ws.client.WebsocketClient object at 0x000002390FFC6C30>>: WebsocketClient.on_message() takes 2 positional arguments but 3 were given
2026-07-24 13:10:22,431 | ERROR    | WebsocketClient.on_message() takes 2 positional arguments but 3 were given
2026-07-24 13:10:23,400 | ERROR    | error from callback <bound method WebsocketClient.on_message of <iqoptionapi.ws.client.WebsocketClient object at 0x000002390FFC6C30>>: WebsocketClient.on_message() takes 2 positional arguments but 3 were given
2026-07-24 13:10:23,416 | ERROR    | WebsocketClient.on_message() takes 2 positional arguments but 3 were given
2026-07-24 13:10:24,420 | ERROR    | error from callback <bound method WebsocketClient.on_message of <iqoptionapi.ws.client.WebsocketClient object at 0x000002390FFC6C30>>: WebsocketClient.on_message() takes 2 positional arguments but 3 were given
2026-07-24 13:10:24,436 | ERROR    | WebsocketClient.on_message() takes 2 positional arguments but 3 were given
2026-07-24 13:10:25,423 | ERROR    | error from callback <bound method WebsocketClient.on_message of <iqoptionapi.ws.client.WebsocketClient object at 0x000002390FFC6C30>>: WebsocketClient.on_message() takes 2 positional arguments but 3 were given
2026-07-24 13:10:25,439 | ERROR    | WebsocketClient.on_message() takes 2 positional arguments but 3 were given
2026-07-24 13:10:26,428 | ERROR    | error from callback <bound method WebsocketClient.on_message of <iqoptionapi.ws.client.WebsocketClient object at 0x000002390FFC6C30>>: WebsocketClient.on_message() takes 2 positional arguments but 3 were given
2026-07-24 13:10:26,444 | ERROR    | WebsocketClient.on_message() takes 2 positional arguments but 3 were given
2026-07-24 13:10:27,446 | ERROR    | error from callback <bound method WebsocketClient.on_message of <iqoptionapi.ws.client.WebsocketClient object at 0x000002390FFC6C30>>: WebsocketClient.on_message() takes 2 positional arguments but 3 were given
2026-07-24 13:10:27,461 | ERROR    | WebsocketClient.on_message() takes 2 positional arguments but 3 were given
