2026-07-24 13:15:28,018 | INFO     | MarketStateClassifier initialised
2026-07-24 13:15:28,052 | INFO     | กำลังเชื่อมต่อโบรกเกอร์  | IQ Option
2026-07-24 13:15:28,052 | INFO     | [IQOPTION] Initialized with Zero Tolerance compliance
2026-07-24 13:15:28,111 | INFO     | Using stable_api.IQ_Option class
2026-07-24 13:15:28,111 | INFO     | [CONN] Connecting to IQ Option (DEMO) as venuz20152565@gmail.com...
2026-07-24 13:15:28,112 | INFO     | [CONN] API created, attempting to connect...
2026-07-24 13:15:30,457 | INFO     | [CONN] IQ Option connected (REAL MONEY)
2026-07-24 13:15:30,492 | INFO     | เชื่อมต่อ IQ Option สำเร็จ
2026-07-24 13:15:30,492 | INFO     | [CSVManager] Initialized with base_dir: data_base/csv/iq_option
2026-07-24 13:15:30,492 | INFO     | [CSVWriter] Initialized with encoding: utf-8, decimals: 6
2026-07-24 13:15:30,493 | INFO     | [CSVQueue] Initialized with 1 worker(s)
2026-07-24 13:15:30,493 | INFO     | [DataMonitor] Initialized with log level: WARNING
2026-07-24 13:15:30,493 | INFO     | [DataAdapter] Initialized with Zero Tolerance compliance
2026-07-24 13:15:30,494 | INFO     | [ANOMALY] Initialized with thresholds: {'spike_threshold': 0.3, 'zero_volume_threshold': 0, 'impossible_candle_threshold': 0.001, 'spike_window': 20, 'max_consecutive_zero_volume': 3, 'max_consecutive_anomalies': 10}
2026-07-24 13:15:30,494 | INFO     | [CandleValidator] Initialized with validation configuration
2026-07-24 13:15:30,494 | INFO     | [DataAdapter] Initialized with configuration
2026-07-24 13:15:31,015 | INFO     | บัญชี DEMO | Balance: $1271.51
2026-07-24 13:15:31,015 | INFO     | Server time offset: -2.114000082015991 seconds
2026-07-24 13:15:31,019 | INFO     | ตรวจพบรายการสินทรัพย์ : EURUSD, EURUSD-OTC, GBPUSD-OTC, EURGBP-OTC
2026-07-24 13:15:31,023 | INFO     | กำลังเตรียมข้อมูลสินทรัพย์ 4 รายการ : EURUSD, EURUSD-OTC, GBPUSD-OTC, EURGBP-OTC
2026-07-24 13:15:31,541 | INFO     | [IQOPTION] REST fetch succeeded for EURUSD: 250 candles
2026-07-24 13:15:31,909 | INFO     | [IQOPTION] REST fetch succeeded for EURUSD: 250 candles
2026-07-24 13:15:32,225 | INFO     | [IQOPTION] REST fetch succeeded for EURUSD: 250 candles
2026-07-24 13:15:32,235 | INFO     | [CSVQueue] Enqueuing write for data_base/csv/iq_option\EURUSD\EURUSD_M1.csv - Queue size: 0
2026-07-24 13:15:32,235 | INFO     | [CSVQueue] Processing write for data_base/csv/iq_option\EURUSD\EURUSD_M1.csv
2026-07-24 13:15:32,236 | INFO     | [CSVWriter] Writing 250 rows to data_base/csv/iq_option\EURUSD\EURUSD_M1.csv
2026-07-24 13:15:32,238 | INFO     | [CSVQueue] Enqueuing write for data_base/csv/iq_option\EURUSD\EURUSD_M5.csv - Queue size: 0
2026-07-24 13:15:32,238 | INFO     | [CSVQueue] Enqueuing write for data_base/csv/iq_option\EURUSD\EURUSD_M15.csv - Queue size: 1
2026-07-24 13:15:32,238 | INFO     | [DataAdapter] EURUSD initialised — M1:250 M5:250 M15:250
2026-07-24 13:15:32,573 | INFO     | [IQOPTION] REST fetch succeeded for EURUSD-OTC: 250 candles
2026-07-24 13:15:32,756 | INFO     | [CSVWriter] Successfully wrote 354 rows to data_base/csv/iq_option\EURUSD\EURUSD_M1.csv
2026-07-24 13:15:32,772 | INFO     | [CSVQueue] Successfully processed write for data_base/csv/iq_option\EURUSD\EURUSD_M1.csv
2026-07-24 13:15:32,788 | INFO     | [CSVQueue] Processing write for data_base/csv/iq_option\EURUSD\EURUSD_M5.csv
2026-07-24 13:15:32,819 | INFO     | [CSVWriter] Writing 250 rows to data_base/csv/iq_option\EURUSD\EURUSD_M5.csv
2026-07-24 13:15:32,860 | INFO     | [IQOPTION] REST fetch succeeded for EURUSD-OTC: 250 candles
2026-07-24 13:15:33,144 | INFO     | [IQOPTION] REST fetch succeeded for EURUSD-OTC: 250 candles
2026-07-24 13:15:33,145 | INFO     | [CSVWriter] Successfully wrote 271 rows to data_base/csv/iq_option\EURUSD\EURUSD_M5.csv
2026-07-24 13:15:33,154 | INFO     | [CSVQueue] Successfully processed write for data_base/csv/iq_option\EURUSD\EURUSD_M5.csv
2026-07-24 13:15:33,154 | INFO     | [CSVQueue] Processing write for data_base/csv/iq_option\EURUSD\EURUSD_M15.csv
2026-07-24 13:15:33,154 | INFO     | [CSVWriter] Writing 250 rows to data_base/csv/iq_option\EURUSD\EURUSD_M15.csv
2026-07-24 13:15:33,156 | INFO     | [CSVQueue] Enqueuing write for data_base/csv/iq_option\EURUSD-OTC\EURUSD-OTC_M1.csv - Queue size: 0
2026-07-24 13:15:33,157 | INFO     | [CSVQueue] Enqueuing write for data_base/csv/iq_option\EURUSD-OTC\EURUSD-OTC_M5.csv - Queue size: 1
2026-07-24 13:15:33,157 | INFO     | [CSVQueue] Enqueuing write for data_base/csv/iq_option\EURUSD-OTC\EURUSD-OTC_M15.csv - Queue size: 2
2026-07-24 13:15:33,157 | INFO     | [DataAdapter] EURUSD-OTC initialised — M1:250 M5:250 M15:250
2026-07-24 13:15:33,431 | INFO     | [IQOPTION] REST fetch succeeded for GBPUSD-OTC: 250 candles
2026-07-24 13:15:33,453 | INFO     | [CSVWriter] Successfully wrote 257 rows to data_base/csv/iq_option\EURUSD\EURUSD_M15.csv
2026-07-24 13:15:33,468 | INFO     | [CSVQueue] Successfully processed write for data_base/csv/iq_option\EURUSD\EURUSD_M15.csv
2026-07-24 13:15:33,484 | INFO     | [CSVQueue] Processing write for data_base/csv/iq_option\EURUSD-OTC\EURUSD-OTC_M1.csv
2026-07-24 13:15:33,484 | INFO     | [CSVWriter] Writing 250 rows to data_base/csv/iq_option\EURUSD-OTC\EURUSD-OTC_M1.csv
2026-07-24 13:15:33,731 | INFO     | [IQOPTION] REST fetch succeeded for GBPUSD-OTC: 250 candles
2026-07-24 13:15:33,897 | INFO     | [CSVWriter] Successfully wrote 353 rows to data_base/csv/iq_option\EURUSD-OTC\EURUSD-OTC_M1.csv
2026-07-24 13:15:33,913 | INFO     | [CSVQueue] Successfully processed write for data_base/csv/iq_option\EURUSD-OTC\EURUSD-OTC_M1.csv
2026-07-24 13:15:33,928 | INFO     | [CSVQueue] Processing write for data_base/csv/iq_option\EURUSD-OTC\EURUSD-OTC_M5.csv
2026-07-24 13:15:33,960 | INFO     | [CSVWriter] Writing 250 rows to data_base/csv/iq_option\EURUSD-OTC\EURUSD-OTC_M5.csv
2026-07-24 13:15:34,018 | INFO     | [IQOPTION] REST fetch succeeded for GBPUSD-OTC: 250 candles
2026-07-24 13:15:34,027 | INFO     | [CSVQueue] Enqueuing write for data_base/csv/iq_option\GBPUSD-OTC\GBPUSD-OTC_M1.csv - Queue size: 1
2026-07-24 13:15:34,030 | INFO     | [CSVQueue] Enqueuing write for data_base/csv/iq_option\GBPUSD-OTC\GBPUSD-OTC_M5.csv - Queue size: 2
2026-07-24 13:15:34,032 | INFO     | [CSVQueue] Enqueuing write for data_base/csv/iq_option\GBPUSD-OTC\GBPUSD-OTC_M15.csv - Queue size: 3
2026-07-24 13:15:34,032 | INFO     | [DataAdapter] GBPUSD-OTC initialised — M1:250 M5:250 M15:250
2026-07-24 13:15:34,039 | INFO     | [CSVWriter] Successfully wrote 271 rows to data_base/csv/iq_option\EURUSD-OTC\EURUSD-OTC_M5.csv
2026-07-24 13:15:34,055 | INFO     | [CSVQueue] Successfully processed write for data_base/csv/iq_option\EURUSD-OTC\EURUSD-OTC_M5.csv
2026-07-24 13:15:34,071 | INFO     | [CSVQueue] Processing write for data_base/csv/iq_option\EURUSD-OTC\EURUSD-OTC_M15.csv
2026-07-24 13:15:34,071 | INFO     | [CSVWriter] Writing 250 rows to data_base/csv/iq_option\EURUSD-OTC\EURUSD-OTC_M15.csv
2026-07-24 13:15:34,332 | INFO     | [IQOPTION] REST fetch succeeded for EURGBP-OTC: 250 candles
2026-07-24 13:15:34,451 | INFO     | [CSVWriter] Successfully wrote 257 rows to data_base/csv/iq_option\EURUSD-OTC\EURUSD-OTC_M15.csv
2026-07-24 13:15:34,467 | INFO     | [CSVQueue] Successfully processed write for data_base/csv/iq_option\EURUSD-OTC\EURUSD-OTC_M15.csv
2026-07-24 13:15:34,483 | INFO     | [CSVQueue] Processing write for data_base/csv/iq_option\GBPUSD-OTC\GBPUSD-OTC_M1.csv
2026-07-24 13:15:34,499 | INFO     | [CSVWriter] Writing 250 rows to data_base/csv/iq_option\GBPUSD-OTC\GBPUSD-OTC_M1.csv
2026-07-24 13:15:34,633 | INFO     | [IQOPTION] REST fetch succeeded for EURGBP-OTC: 250 candles
2026-07-24 13:15:34,784 | INFO     | [CSVWriter] Successfully wrote 353 rows to data_base/csv/iq_option\GBPUSD-OTC\GBPUSD-OTC_M1.csv
2026-07-24 13:15:34,800 | INFO     | [CSVQueue] Successfully processed write for data_base/csv/iq_option\GBPUSD-OTC\GBPUSD-OTC_M1.csv
2026-07-24 13:15:34,815 | INFO     | [CSVQueue] Processing write for data_base/csv/iq_option\GBPUSD-OTC\GBPUSD-OTC_M5.csv
2026-07-24 13:15:34,831 | INFO     | [CSVWriter] Writing 250 rows to data_base/csv/iq_option\GBPUSD-OTC\GBPUSD-OTC_M5.csv
2026-07-24 13:15:34,941 | INFO     | [IQOPTION] REST fetch succeeded for EURGBP-OTC: 250 candles
2026-07-24 13:15:34,952 | INFO     | [CSVQueue] Enqueuing write for data_base/csv/iq_option\EURGBP-OTC\EURGBP-OTC_M1.csv - Queue size: 1
2026-07-24 13:15:34,954 | INFO     | [CSVQueue] Enqueuing write for data_base/csv/iq_option\EURGBP-OTC\EURGBP-OTC_M5.csv - Queue size: 2
2026-07-24 13:15:34,956 | INFO     | [CSVQueue] Enqueuing write for data_base/csv/iq_option\EURGBP-OTC\EURGBP-OTC_M15.csv - Queue size: 3
2026-07-24 13:15:34,956 | INFO     | [DataAdapter] EURGBP-OTC initialised — M1:250 M5:250 M15:250
2026-07-24 13:15:34,957 | INFO     | [CSVWriter] Successfully wrote 271 rows to data_base/csv/iq_option\GBPUSD-OTC\GBPUSD-OTC_M5.csv
2026-07-24 13:15:34,957 | INFO     | [CSVQueue] Successfully processed write for data_base/csv/iq_option\GBPUSD-OTC\GBPUSD-OTC_M5.csv
2026-07-24 13:15:34,957 | INFO     | [CSVQueue] Processing write for data_base/csv/iq_option\GBPUSD-OTC\GBPUSD-OTC_M15.csv
2026-07-24 13:15:34,957 | INFO     | [CSVWriter] Writing 250 rows to data_base/csv/iq_option\GBPUSD-OTC\GBPUSD-OTC_M15.csv
2026-07-24 13:15:34,961 | INFO     | ข้อมูลพร้อมเทรด 4 รายการ  ไม่พร้อมเทรด 0 รายการ
2026-07-24 13:15:35,242 | INFO     | [CSVWriter] Successfully wrote 257 rows to data_base/csv/iq_option\GBPUSD-OTC\GBPUSD-OTC_M15.csv
2026-07-24 13:15:35,242 | INFO     | [CSVQueue] Successfully processed write for data_base/csv/iq_option\GBPUSD-OTC\GBPUSD-OTC_M15.csv
2026-07-24 13:15:35,242 | INFO     | [CSVQueue] Processing write for data_base/csv/iq_option\EURGBP-OTC\EURGBP-OTC_M1.csv
2026-07-24 13:15:35,266 | INFO     | [CSVWriter] Writing 250 rows to data_base/csv/iq_option\EURGBP-OTC\EURGBP-OTC_M1.csv
2026-07-24 13:15:35,283 | INFO     | [CSVWriter] Successfully wrote 353 rows to data_base/csv/iq_option\EURGBP-OTC\EURGBP-OTC_M1.csv
2026-07-24 13:15:35,284 | INFO     | [CSVQueue] Successfully processed write for data_base/csv/iq_option\EURGBP-OTC\EURGBP-OTC_M1.csv
2026-07-24 13:15:35,284 | INFO     | [CSVQueue] Processing write for data_base/csv/iq_option\EURGBP-OTC\EURGBP-OTC_M5.csv
2026-07-24 13:15:35,284 | INFO     | [CSVWriter] Writing 250 rows to data_base/csv/iq_option\EURGBP-OTC\EURGBP-OTC_M5.csv
2026-07-24 13:15:35,300 | INFO     | [CSVWriter] Successfully wrote 271 rows to data_base/csv/iq_option\EURGBP-OTC\EURGBP-OTC_M5.csv
2026-07-24 13:15:35,300 | INFO     | [CSVQueue] Successfully processed write for data_base/csv/iq_option\EURGBP-OTC\EURGBP-OTC_M5.csv
2026-07-24 13:15:35,300 | INFO     | [CSVQueue] Processing write for data_base/csv/iq_option\EURGBP-OTC\EURGBP-OTC_M15.csv
2026-07-24 13:15:35,300 | INFO     | [CSVWriter] Writing 250 rows to data_base/csv/iq_option\EURGBP-OTC\EURGBP-OTC_M15.csv
2026-07-24 13:15:35,317 | INFO     | [CSVWriter] Successfully wrote 257 rows to data_base/csv/iq_option\EURGBP-OTC\EURGBP-OTC_M15.csv
2026-07-24 13:15:35,317 | INFO     | [CSVQueue] Successfully processed write for data_base/csv/iq_option\EURGBP-OTC\EURGBP-OTC_M15.csv
2026-07-24 13:15:35,318 | INFO     | [CSVQueue] Queue size: 0
2026-07-24 13:15:36,267 | INFO     | [WS] Subscribed live candles stream for EURUSD (M1, count=250)
2026-07-24 13:15:38,564 | INFO     | [WS] Subscribed live candles stream for EURUSD (M5, count=250)
2026-07-24 13:15:39,862 | INFO     | [WS] Subscribed live candles stream for EURUSD-OTC (M1, count=250)
2026-07-24 13:15:41,161 | INFO     | [WS] Subscribed live candles stream for EURUSD-OTC (M5, count=250)
2026-07-24 13:15:43,452 | INFO     | [WS] Subscribed live candles stream for GBPUSD-OTC (M1, count=250)
2026-07-24 13:15:44,798 | INFO     | [WS] Subscribed live candles stream for GBPUSD-OTC (M5, count=250)
2026-07-24 13:15:46,089 | INFO     | [WS] Subscribed live candles stream for EURGBP-OTC (M1, count=250)
2026-07-24 13:15:48,388 | INFO     | [WS] Subscribed live candles stream for EURGBP-OTC (M5, count=250)
2026-07-24 13:15:48,430 | INFO     | เข้าสู่การวิเคราะห์สัญญาณในอีก 15 วินาที  (เริ่ม 13:16:03)
2026-07-24 13:16:03,843 | INFO     | [DataAdapter] Starting update for EURUSD
2026-07-24 13:16:03,844 | INFO     | [DataAdapter] Refreshing M1 data for EURUSD
2026-07-24 13:16:03,844 | INFO     | [DataAdapter] Starting update for EURUSD-OTC
2026-07-24 13:16:03,844 | INFO     | [DataAdapter] Refreshing M1 data for EURUSD-OTC
2026-07-24 13:16:03,844 | INFO     | [DataAdapter] Starting update for GBPUSD-OTC
2026-07-24 13:16:03,844 | INFO     | [DataAdapter] Refreshing M1 data for GBPUSD-OTC
2026-07-24 13:16:03,844 | INFO     | [DataAdapter] Starting update for EURGBP-OTC
2026-07-24 13:16:03,844 | INFO     | [DataAdapter] Refreshing M1 data for EURGBP-OTC
2026-07-24 13:16:04,094 | INFO     | [IQOPTION] REST fetch succeeded for EURUSD: 5 candles
2026-07-24 13:16:04,115 | INFO     | [DataAdapter] M1 anomaly detection completed for EURUSD in 0.014s
2026-07-24 13:16:04,221 | INFO     | [CSVQueue] Enqueuing write for data_base/csv/iq_option\EURUSD\EURUSD_M1.csv - Queue size: 0
2026-07-24 13:16:04,237 | INFO     | [DataAdapter] M1 data refresh completed for EURUSD
2026-07-24 13:16:04,269 | INFO     | [DataAdapter] Refreshing M5 data for EURUSD
2026-07-24 13:16:04,270 | INFO     | [CSVQueue] Processing write for data_base/csv/iq_option\EURUSD\EURUSD_M1.csv
2026-07-24 13:16:04,270 | INFO     | [CSVWriter] Writing 249 rows to data_base/csv/iq_option\EURUSD\EURUSD_M1.csv
2026-07-24 13:16:04,304 | INFO     | [DataAdapter] M5 anomaly detection completed for EURUSD
2026-07-24 13:16:04,332 | INFO     | [DataAdapter] M5 data refresh completed for EURUSD
2026-07-24 13:16:04,348 | INFO     | [DataAdapter] Refreshing M15 data for EURUSD
2026-07-24 13:16:04,355 | INFO     | [DataAdapter] M15 anomaly detection completed for EURUSD
2026-07-24 13:16:04,356 | INFO     | [DataAdapter] M15 data refresh completed for EURUSD
2026-07-24 13:16:04,356 | INFO     | [DataAdapter] Anomaly statistics for EURUSD: {'total_calls': 1, 'response_times': [0.013999700546264648], 'spike_count': 0, 'zero_volume_count': 0, 'impossible_candle_count': 0, 'consecutive_anomalies': 0, 'avg_response_time': np.float64(0.013999700546264648), 'max_response_time': np.float64(0.013999700546264648), 'min_response_time': np.float64(0.013999700546264648)}
2026-07-24 13:16:04,356 | INFO     | [IQOPTION] REST fetch succeeded for EURUSD-OTC: 5 candles
2026-07-24 13:16:04,402 | ERROR    | [ANOMALY] CONSECUTIVE zero volume: EURUSD-OTC streak 248
2026-07-24 13:16:04,635 | INFO     | [IQOPTION] REST fetch succeeded for GBPUSD-OTC: 5 candles
2026-07-24 13:16:04,639 | WARNING  | [ANOMALY] Total anomalies detected: EURUSD-OTC 249
2026-07-24 13:16:04,715 | ERROR    | [ANOMALY] CONSECUTIVE zero volume: GBPUSD-OTC streak 248
2026-07-24 13:16:04,715 | INFO     | [DataAdapter] M1 anomaly detection completed for EURUSD-OTC in 0.317s
2026-07-24 13:16:04,921 | INFO     | [CSVWriter] Successfully wrote 354 rows to data_base/csv/iq_option\EURUSD\EURUSD_M1.csv
2026-07-24 13:16:04,921 | INFO     | [CSVQueue] Successfully processed write for data_base/csv/iq_option\EURUSD\EURUSD_M1.csv
2026-07-24 13:16:04,937 | INFO     | [CSVQueue] Queue size: 0
2026-07-24 13:16:04,971 | WARNING  | [ANOMALY] Total anomalies detected: GBPUSD-OTC 249
2026-07-24 13:16:04,984 | INFO     | [DataAdapter] M1 anomaly detection completed for GBPUSD-OTC in 0.295s
2026-07-24 13:16:04,984 | INFO     | [CSVQueue] Enqueuing write for data_base/csv/iq_option\EURUSD-OTC\EURUSD-OTC_M1.csv - Queue size: 0
2026-07-24 13:16:04,985 | INFO     | [IQOPTION] REST fetch succeeded for EURGBP-OTC: 5 candles
2026-07-24 13:16:04,987 | INFO     | [DataAdapter] M1 data refresh completed for EURUSD-OTC
2026-07-24 13:16:04,987 | INFO     | [CSVQueue] Processing write for data_base/csv/iq_option\EURUSD-OTC\EURUSD-OTC_M1.csv
2026-07-24 13:16:04,993 | INFO     | [DataAdapter] Refreshing M5 data for EURUSD-OTC
2026-07-24 13:16:04,998 | ERROR    | [ANOMALY] CONSECUTIVE zero volume: EURGBP-OTC streak 248
2026-07-24 13:16:04,998 | INFO     | [CSVWriter] Writing 249 rows to data_base/csv/iq_option\EURUSD-OTC\EURUSD-OTC_M1.csv
2026-07-24 13:16:04,998 | INFO     | [CSVQueue] Enqueuing write for data_base/csv/iq_option\GBPUSD-OTC\GBPUSD-OTC_M1.csv - Queue size: 0
2026-07-24 13:16:05,003 | ERROR    | [ANOMALY] CONSECUTIVE zero volume: EURUSD-OTC streak 248
2026-07-24 13:16:05,007 | INFO     | [DataAdapter] M1 data refresh completed for GBPUSD-OTC
2026-07-24 13:16:05,009 | INFO     | [DataAdapter] Refreshing M5 data for GBPUSD-OTC
2026-07-24 13:16:05,013 | ERROR    | [ANOMALY] CONSECUTIVE zero volume: GBPUSD-OTC streak 248
2026-07-24 13:16:05,027 | WARNING  | [ANOMALY] Total anomalies detected: EURGBP-OTC 249
2026-07-24 13:16:05,027 | INFO     | [DataAdapter] M1 anomaly detection completed for EURGBP-OTC in 0.033s
2026-07-24 13:16:05,033 | WARNING  | [ANOMALY] Total anomalies detected: EURUSD-OTC 249
2026-07-24 13:16:05,036 | INFO     | [DataAdapter] M5 anomaly detection completed for EURUSD-OTC
2026-07-24 13:16:05,038 | INFO     | [DataAdapter] M5 data refresh completed for EURUSD-OTC
2026-07-24 13:16:05,040 | WARNING  | [ANOMALY] Total anomalies detected: GBPUSD-OTC 249
2026-07-24 13:16:05,040 | INFO     | [DataAdapter] Refreshing M15 data for EURUSD-OTC
2026-07-24 13:16:05,042 | INFO     | [DataAdapter] M5 anomaly detection completed for GBPUSD-OTC
2026-07-24 13:16:05,042 | INFO     | [CSVQueue] Enqueuing write for data_base/csv/iq_option\EURGBP-OTC\EURGBP-OTC_M1.csv - Queue size: 1
2026-07-24 13:16:05,046 | ERROR    | [ANOMALY] CONSECUTIVE zero volume: EURUSD-OTC streak 248
2026-07-24 13:16:05,046 | INFO     | [DataAdapter] M5 data refresh completed for GBPUSD-OTC
2026-07-24 13:16:05,047 | INFO     | [DataAdapter] M1 data refresh completed for EURGBP-OTC
2026-07-24 13:16:05,047 | INFO     | [CSVWriter] Successfully wrote 353 rows to data_base/csv/iq_option\EURUSD-OTC\EURUSD-OTC_M1.csv
2026-07-24 13:16:05,047 | INFO     | [DataAdapter] Refreshing M15 data for GBPUSD-OTC
2026-07-24 13:16:05,048 | INFO     | [DataAdapter] Refreshing M5 data for EURGBP-OTC
2026-07-24 13:16:05,049 | INFO     | [CSVQueue] Successfully processed write for data_base/csv/iq_option\EURUSD-OTC\EURUSD-OTC_M1.csv
2026-07-24 13:16:05,053 | ERROR    | [ANOMALY] CONSECUTIVE zero volume: GBPUSD-OTC streak 248
2026-07-24 13:16:05,057 | ERROR    | [ANOMALY] CONSECUTIVE zero volume: EURGBP-OTC streak 248
2026-07-24 13:16:05,058 | INFO     | [CSVQueue] Processing write for data_base/csv/iq_option\GBPUSD-OTC\GBPUSD-OTC_M1.csv
2026-07-24 13:16:05,060 | INFO     | [CSVWriter] Writing 249 rows to data_base/csv/iq_option\GBPUSD-OTC\GBPUSD-OTC_M1.csv
2026-07-24 13:16:05,069 | WARNING  | [ANOMALY] Total anomalies detected: EURUSD-OTC 249
2026-07-24 13:16:05,071 | INFO     | [DataAdapter] M15 anomaly detection completed for EURUSD-OTC
2026-07-24 13:16:05,071 | INFO     | [DataAdapter] M15 data refresh completed for EURUSD-OTC
2026-07-24 13:16:05,072 | INFO     | [DataAdapter] Anomaly statistics for EURUSD-OTC: {'total_calls': 4, 'response_times': [0.013999700546264648, 0.31719064712524414, 0.2949824333190918, 0.03267955780029297], 'spike_count': 0, 'zero_volume_count': np.int64(1992), 'impossible_candle_count': 0, 'consecutive_anomalies': 0, 'avg_response_time': np.float64(0.1647130846977234), 'max_response_time': np.float64(0.31719064712524414), 'min_response_time': np.float64(0.013999700546264648)}
2026-07-24 13:16:05,080 | WARNING  | [ANOMALY] Total anomalies detected: GBPUSD-OTC 249
2026-07-24 13:16:05,081 | WARNING  | [ANOMALY] Total anomalies detected: EURGBP-OTC 249
2026-07-24 13:16:05,081 | INFO     | [DataAdapter] M15 anomaly detection completed for GBPUSD-OTC
2026-07-24 13:16:05,081 | INFO     | [DataAdapter] M5 anomaly detection completed for EURGBP-OTC
2026-07-24 13:16:05,082 | INFO     | [DataAdapter] M15 data refresh completed for GBPUSD-OTC
2026-07-24 13:16:05,082 | INFO     | [DataAdapter] M5 data refresh completed for EURGBP-OTC
2026-07-24 13:16:05,082 | INFO     | [DataAdapter] Anomaly statistics for GBPUSD-OTC: {'total_calls': 4, 'response_times': [0.013999700546264648, 0.31719064712524414, 0.2949824333190918, 0.03267955780029297], 'spike_count': 0, 'zero_volume_count': np.int64(1992), 'impossible_candle_count': 0, 'consecutive_anomalies': 0, 'avg_response_time': np.float64(0.1647130846977234), 'max_response_time': np.float64(0.31719064712524414), 'min_response_time': np.float64(0.013999700546264648)}
2026-07-24 13:16:05,082 | INFO     | [DataAdapter] Refreshing M15 data for EURGBP-OTC
2026-07-24 13:16:05,088 | ERROR    | [ANOMALY] CONSECUTIVE zero volume: EURGBP-OTC streak 248
2026-07-24 13:16:05,094 | INFO     | [CSVWriter] Successfully wrote 353 rows to data_base/csv/iq_option\GBPUSD-OTC\GBPUSD-OTC_M1.csv
2026-07-24 13:16:05,094 | INFO     | [CSVQueue] Successfully processed write for data_base/csv/iq_option\GBPUSD-OTC\GBPUSD-OTC_M1.csv
2026-07-24 13:16:05,098 | WARNING  | [ANOMALY] Total anomalies detected: EURGBP-OTC 249
2026-07-24 13:16:05,098 | INFO     | [CSVQueue] Processing write for data_base/csv/iq_option\EURGBP-OTC\EURGBP-OTC_M1.csv
2026-07-24 13:16:05,098 | INFO     | [DataAdapter] M15 anomaly detection completed for EURGBP-OTC
2026-07-24 13:16:05,098 | INFO     | [CSVWriter] Writing 249 rows to data_base/csv/iq_option\EURGBP-OTC\EURGBP-OTC_M1.csv
2026-07-24 13:16:05,099 | INFO     | [DataAdapter] M15 data refresh completed for EURGBP-OTC
2026-07-24 13:16:05,103 | INFO     | [DataAdapter] Anomaly statistics for EURGBP-OTC: {'total_calls': 4, 'response_times': [0.013999700546264648, 0.31719064712524414, 0.2949824333190918, 0.03267955780029297], 'spike_count': 0, 'zero_volume_count': np.int64(2241), 'impossible_candle_count': 0, 'consecutive_anomalies': 0, 'avg_response_time': np.float64(0.1647130846977234), 'max_response_time': np.float64(0.31719064712524414), 'min_response_time': np.float64(0.013999700546264648)}
2026-07-24 13:16:05,114 | INFO     | [CSVWriter] Successfully wrote 353 rows to data_base/csv/iq_option\EURGBP-OTC\EURGBP-OTC_M1.csv
2026-07-24 13:16:05,114 | INFO     | [CSVQueue] Successfully processed write for data_base/csv/iq_option\EURGBP-OTC\EURGBP-OTC_M1.csv
2026-07-24 13:16:05,114 | INFO     | [CSVQueue] Queue size: 0
2026-07-24 13:16:05,164 | INFO     | Calendar file for 2026-07-24 not found (Day Rollover). Auto-fetching...
2026-07-24 13:16:07,918 | INFO     | Auto-fetch completed.
2026-07-24 13:16:07,918 | WARNING  | Calendar file E:\BOT_FINALBOT\FINALBOT_Begin\logs\calendar_logs\calendar_2026-07-24.json not found even after auto-fetch. Using empty events.
2026-07-24 13:16:07,918 | WARNING  | No news events available for symbol EURUSD, defaulting to LOW impact
2026-07-24 13:16:08,082 | INFO     | [EURUSD:1.13810][EURUSD-OTC:1.15213][GBPUSD-OTC:1.33282][EURGBP-OTC:0.85481] :: TOTAL=$1271.51
2026-07-24 13:17:03,346 | INFO     | [DataAdapter] Starting update for EURUSD
2026-07-24 13:17:03,347 | INFO     | [DataAdapter] Refreshing M1 data for EURUSD
2026-07-24 13:17:03,351 | INFO     | [DataAdapter] Starting update for EURUSD-OTC
2026-07-24 13:17:03,352 | INFO     | [DataAdapter] Refreshing M1 data for EURUSD-OTC
2026-07-24 13:17:03,361 | INFO     | [DataAdapter] Starting update for GBPUSD-OTC
2026-07-24 13:17:03,366 | INFO     | [DataAdapter] Refreshing M1 data for GBPUSD-OTC
2026-07-24 13:17:03,395 | INFO     | [DataAdapter] Starting update for EURGBP-OTC
2026-07-24 13:17:03,442 | INFO     | [DataAdapter] Refreshing M1 data for EURGBP-OTC
2026-07-24 13:17:03,646 | INFO     | [IQOPTION] REST fetch succeeded for EURUSD: 5 candles
2026-07-24 13:17:03,958 | INFO     | [DataAdapter] M1 anomaly detection completed for EURUSD in 0.166s
2026-07-24 13:17:03,958 | INFO     | [IQOPTION] REST fetch succeeded for EURUSD-OTC: 5 candles
2026-07-24 13:17:04,130 | ERROR    | [ANOMALY] CONSECUTIVE zero volume: EURUSD-OTC streak 248
2026-07-24 13:17:04,156 | INFO     | [CSVQueue] Enqueuing write for data_base/csv/iq_option\EURUSD\EURUSD_M1.csv - Queue size: 0
2026-07-24 13:17:04,193 | INFO     | [IQOPTION] REST fetch succeeded for GBPUSD-OTC: 5 candles
2026-07-24 13:17:04,201 | INFO     | [DataAdapter] M1 data refresh completed for EURUSD
2026-07-24 13:17:04,214 | INFO     | [DataAdapter] Refreshing M5 data for EURUSD
2026-07-24 13:17:04,246 | INFO     | [CSVQueue] Processing write for data_base/csv/iq_option\EURUSD\EURUSD_M1.csv
2026-07-24 13:17:04,248 | INFO     | [CSVWriter] Writing 249 rows to data_base/csv/iq_option\EURUSD\EURUSD_M1.csv
2026-07-24 13:17:04,293 | ERROR    | [ANOMALY] CONSECUTIVE zero volume: GBPUSD-OTC streak 248
2026-07-24 13:17:04,478 | WARNING  | [ANOMALY] Total anomalies detected: EURUSD-OTC 249
2026-07-24 13:17:04,479 | INFO     | [DataAdapter] M1 anomaly detection completed for EURUSD-OTC in 0.405s
2026-07-24 13:17:04,521 | INFO     | [IQOPTION] REST fetch succeeded for EURGBP-OTC: 5 candles
2026-07-24 13:17:04,580 | INFO     | [DataAdapter] M5 anomaly detection completed for EURUSD
2026-07-24 13:17:04,588 | INFO     | [CSVQueue] Enqueuing write for data_base/csv/iq_option\EURUSD-OTC\EURUSD-OTC_M1.csv - Queue size: 0
2026-07-24 13:17:04,588 | INFO     | [DataAdapter] M5 data refresh completed for EURUSD
2026-07-24 13:17:04,590 | WARNING  | [ANOMALY] Total anomalies detected: GBPUSD-OTC 249
2026-07-24 13:17:04,613 | INFO     | [DataAdapter] M1 anomaly detection completed for GBPUSD-OTC in 0.330s
2026-07-24 13:17:04,612 | INFO     | [DataAdapter] Refreshing M15 data for EURUSD
2026-07-24 13:17:04,598 | INFO     | [DataAdapter] M1 data refresh completed for EURUSD-OTC
2026-07-24 13:17:04,644 | ERROR    | [ANOMALY] CONSECUTIVE zero volume: EURGBP-OTC streak 248
2026-07-24 13:17:04,649 | INFO     | [DataAdapter] Refreshing M5 data for EURUSD-OTC
2026-07-24 13:17:04,687 | INFO     | [CSVQueue] Enqueuing write for data_base/csv/iq_option\GBPUSD-OTC\GBPUSD-OTC_M1.csv - Queue size: 1
2026-07-24 13:17:04,706 | INFO     | [DataAdapter] M1 data refresh completed for GBPUSD-OTC
2026-07-24 13:17:04,717 | INFO     | [DataAdapter] Refreshing M5 data for GBPUSD-OTC
2026-07-24 13:17:04,691 | INFO     | [DataAdapter] M15 anomaly detection completed for EURUSD
2026-07-24 13:17:04,720 | INFO     | [DataAdapter] M15 data refresh completed for EURUSD
2026-07-24 13:17:04,721 | INFO     | [DataAdapter] Anomaly statistics for EURUSD: {'total_calls': 7, 'response_times': [0.013999700546264648, 0.31719064712524414, 0.2949824333190918, 0.03267955780029297, 0.16599440574645996, 0.4046361446380615, 0.3303542137145996], 'spike_count': 0, 'zero_volume_count': np.int64(3237), 'impossible_candle_count': 0, 'consecutive_anomalies': 0, 'avg_response_time': np.float64(0.22283387184143066), 'max_response_time': np.float64(0.4046361446380615), 'min_response_time': np.float64(0.013999700546264648)}
2026-07-24 13:17:04,708 | ERROR    | [ANOMALY] CONSECUTIVE zero volume: EURUSD-OTC streak 248
2026-07-24 13:17:04,699 | INFO     | [CSVWriter] Successfully wrote 355 rows to data_base/csv/iq_option\EURUSD\EURUSD_M1.csv
2026-07-24 13:17:04,744 | ERROR    | [ANOMALY] CONSECUTIVE zero volume: GBPUSD-OTC streak 248
2026-07-24 13:17:04,748 | INFO     | [CSVQueue] Successfully processed write for data_base/csv/iq_option\EURUSD\EURUSD_M1.csv
2026-07-24 13:17:04,801 | INFO     | [CSVQueue] Processing write for data_base/csv/iq_option\EURUSD-OTC\EURUSD-OTC_M1.csv
2026-07-24 13:17:04,802 | INFO     | [CSVWriter] Writing 249 rows to data_base/csv/iq_option\EURUSD-OTC\EURUSD-OTC_M1.csv
2026-07-24 13:17:04,799 | WARNING  | [ANOMALY] Total anomalies detected: EURGBP-OTC 249
2026-07-24 13:17:04,817 | INFO     | [DataAdapter] M1 anomaly detection completed for EURGBP-OTC in 0.187s
2026-07-24 13:17:04,860 | WARNING  | [ANOMALY] Total anomalies detected: GBPUSD-OTC 249
2026-07-24 13:17:04,871 | WARNING  | [ANOMALY] Total anomalies detected: EURUSD-OTC 249
2026-07-24 13:17:04,871 | INFO     | [DataAdapter] M5 anomaly detection completed for GBPUSD-OTC
2026-07-24 13:17:04,872 | INFO     | [DataAdapter] M5 anomaly detection completed for EURUSD-OTC
2026-07-24 13:17:04,872 | INFO     | [DataAdapter] M5 data refresh completed for GBPUSD-OTC
2026-07-24 13:17:04,872 | INFO     | [DataAdapter] M5 data refresh completed for EURUSD-OTC
2026-07-24 13:17:04,873 | INFO     | [DataAdapter] Refreshing M15 data for GBPUSD-OTC
2026-07-24 13:17:04,881 | INFO     | [DataAdapter] Refreshing M15 data for EURUSD-OTC
2026-07-24 13:17:04,891 | ERROR    | [ANOMALY] CONSECUTIVE zero volume: GBPUSD-OTC streak 248
2026-07-24 13:17:04,897 | ERROR    | [ANOMALY] CONSECUTIVE zero volume: EURUSD-OTC streak 248
2026-07-24 13:17:04,943 | INFO     | [CSVQueue] Enqueuing write for data_base/csv/iq_option\EURGBP-OTC\EURGBP-OTC_M1.csv - Queue size: 1
2026-07-24 13:17:04,944 | INFO     | [DataAdapter] M1 data refresh completed for EURGBP-OTC
2026-07-24 13:17:04,944 | INFO     | [DataAdapter] Refreshing M5 data for EURGBP-OTC
2026-07-24 13:17:04,977 | ERROR    | [ANOMALY] CONSECUTIVE zero volume: EURGBP-OTC streak 248
2026-07-24 13:17:05,031 | WARNING  | [ANOMALY] Total anomalies detected: GBPUSD-OTC 249
2026-07-24 13:17:05,036 | INFO     | [DataAdapter] M15 anomaly detection completed for GBPUSD-OTC
2026-07-24 13:17:05,042 | WARNING  | [ANOMALY] Total anomalies detected: EURUSD-OTC 249
2026-07-24 13:17:05,042 | INFO     | [DataAdapter] M15 data refresh completed for GBPUSD-OTC
2026-07-24 13:17:05,043 | INFO     | [DataAdapter] M15 anomaly detection completed for EURUSD-OTC
2026-07-24 13:17:05,043 | INFO     | [DataAdapter] Anomaly statistics for GBPUSD-OTC: {'total_calls': 8, 'response_times': [0.013999700546264648, 0.31719064712524414, 0.2949824333190918, 0.03267955780029297, 0.16599440574645996, 0.4046361446380615, 0.3303542137145996, 0.18708395957946777], 'spike_count': 0, 'zero_volume_count': np.int64(4233), 'impossible_candle_count': 0, 'consecutive_anomalies': 0, 'avg_response_time': np.float64(0.2183651328086853), 'max_response_time': np.float64(0.4046361446380615), 'min_response_time': np.float64(0.013999700546264648)}
2026-07-24 13:17:05,044 | INFO     | [DataAdapter] M15 data refresh completed for EURUSD-OTC
2026-07-24 13:17:05,062 | INFO     | [CSVWriter] Successfully wrote 354 rows to data_base/csv/iq_option\EURUSD-OTC\EURUSD-OTC_M1.csv
2026-07-24 13:17:05,064 | INFO     | [DataAdapter] Anomaly statistics for EURUSD-OTC: {'total_calls': 8, 'response_times': [0.013999700546264648, 0.31719064712524414, 0.2949824333190918, 0.03267955780029297, 0.16599440574645996, 0.4046361446380615, 0.3303542137145996, 0.18708395957946777], 'spike_count': 0, 'zero_volume_count': np.int64(4233), 'impossible_candle_count': 0, 'consecutive_anomalies': 0, 'avg_response_time': np.float64(0.2183651328086853), 'max_response_time': np.float64(0.4046361446380615), 'min_response_time': np.float64(0.013999700546264648)}
2026-07-24 13:17:05,066 | INFO     | [CSVQueue] Successfully processed write for data_base/csv/iq_option\EURUSD-OTC\EURUSD-OTC_M1.csv
2026-07-24 13:17:05,067 | INFO     | [CSVQueue] Processing write for data_base/csv/iq_option\GBPUSD-OTC\GBPUSD-OTC_M1.csv
2026-07-24 13:17:05,068 | INFO     | [CSVWriter] Writing 249 rows to data_base/csv/iq_option\GBPUSD-OTC\GBPUSD-OTC_M1.csv
2026-07-24 13:17:05,109 | WARNING  | [ANOMALY] Total anomalies detected: EURGBP-OTC 249
2026-07-24 13:17:05,109 | INFO     | [DataAdapter] M5 anomaly detection completed for EURGBP-OTC
2026-07-24 13:17:05,109 | INFO     | [DataAdapter] M5 data refresh completed for EURGBP-OTC
2026-07-24 13:17:05,109 | INFO     | [DataAdapter] Refreshing M15 data for EURGBP-OTC
2026-07-24 13:17:05,131 | ERROR    | [ANOMALY] CONSECUTIVE zero volume: EURGBP-OTC streak 248
2026-07-24 13:17:05,206 | INFO     | [CSVWriter] Successfully wrote 354 rows to data_base/csv/iq_option\GBPUSD-OTC\GBPUSD-OTC_M1.csv
2026-07-24 13:17:05,206 | INFO     | [CSVQueue] Successfully processed write for data_base/csv/iq_option\GBPUSD-OTC\GBPUSD-OTC_M1.csv
2026-07-24 13:17:05,206 | INFO     | [CSVQueue] Processing write for data_base/csv/iq_option\EURGBP-OTC\EURGBP-OTC_M1.csv
2026-07-24 13:17:05,207 | INFO     | [CSVWriter] Writing 249 rows to data_base/csv/iq_option\EURGBP-OTC\EURGBP-OTC_M1.csv
2026-07-24 13:17:05,245 | WARNING  | [ANOMALY] Total anomalies detected: EURGBP-OTC 249
2026-07-24 13:17:05,246 | INFO     | [DataAdapter] M15 anomaly detection completed for EURGBP-OTC
2026-07-24 13:17:05,246 | INFO     | [DataAdapter] M15 data refresh completed for EURGBP-OTC
2026-07-24 13:17:05,247 | INFO     | [DataAdapter] Anomaly statistics for EURGBP-OTC: {'total_calls': 8, 'response_times': [0.013999700546264648, 0.31719064712524414, 0.2949824333190918, 0.03267955780029297, 0.16599440574645996, 0.4046361446380615, 0.3303542137145996, 0.18708395957946777], 'spike_count': 0, 'zero_volume_count': np.int64(4482), 'impossible_candle_count': 0, 'consecutive_anomalies': 0, 'avg_response_time': np.float64(0.2183651328086853), 'max_response_time': np.float64(0.4046361446380615), 'min_response_time': np.float64(0.013999700546264648)}
2026-07-24 13:17:05,301 | INFO     | [CSVWriter] Successfully wrote 354 rows to data_base/csv/iq_option\EURGBP-OTC\EURGBP-OTC_M1.csv
2026-07-24 13:17:05,301 | INFO     | [CSVQueue] Successfully processed write for data_base/csv/iq_option\EURGBP-OTC\EURGBP-OTC_M1.csv
2026-07-24 13:17:05,301 | INFO     | [CSVQueue] Queue size: 0
2026-07-24 13:17:06,433 | INFO     | [EURUSD:1.13814][EURUSD-OTC:1.15196][GBPUSD-OTC:1.33244][EURGBP-OTC:0.85457] :: TOTAL=$1271.51
2026-07-24 13:18:03,889 | INFO     | [DataAdapter] Starting update for EURUSD
2026-07-24 13:18:03,890 | INFO     | [DataAdapter] Refreshing M1 data for EURUSD
2026-07-24 13:18:03,890 | INFO     | [DataAdapter] Starting update for EURUSD-OTC
2026-07-24 13:18:03,890 | INFO     | [DataAdapter] Starting update for GBPUSD-OTC
2026-07-24 13:18:03,890 | INFO     | [DataAdapter] Refreshing M1 data for EURUSD-OTC
2026-07-24 13:18:03,890 | INFO     | [DataAdapter] Refreshing M1 data for GBPUSD-OTC
2026-07-24 13:18:03,891 | INFO     | [DataAdapter] Starting update for EURGBP-OTC
2026-07-24 13:18:03,966 | INFO     | [DataAdapter] Refreshing M1 data for EURGBP-OTC
2026-07-24 13:18:04,184 | INFO     | [IQOPTION] REST fetch succeeded for EURUSD: 5 candles
2026-07-24 13:18:04,204 | INFO     | [DataAdapter] M1 anomaly detection completed for EURUSD in 0.013s
2026-07-24 13:18:04,324 | INFO     | [CSVQueue] Enqueuing write for data_base/csv/iq_option\EURUSD\EURUSD_M1.csv - Queue size: 0
2026-07-24 13:18:04,339 | INFO     | [DataAdapter] M1 data refresh completed for EURUSD
2026-07-24 13:18:04,354 | INFO     | [DataAdapter] Refreshing M5 data for EURUSD
2026-07-24 13:18:04,354 | INFO     | [CSVQueue] Processing write for data_base/csv/iq_option\EURUSD\EURUSD_M1.csv
2026-07-24 13:18:04,401 | INFO     | [CSVWriter] Writing 249 rows to data_base/csv/iq_option\EURUSD\EURUSD_M1.csv
2026-07-24 13:18:04,423 | INFO     | [DataAdapter] M5 anomaly detection completed for EURUSD
2026-07-24 13:18:04,432 | INFO     | [DataAdapter] M5 data refresh completed for EURUSD
2026-07-24 13:18:04,432 | INFO     | [DataAdapter] Refreshing M15 data for EURUSD
2026-07-24 13:18:04,454 | INFO     | [IQOPTION] REST fetch succeeded for EURUSD-OTC: 5 candles
2026-07-24 13:18:04,455 | INFO     | [DataAdapter] M15 anomaly detection completed for EURUSD
2026-07-24 13:18:04,482 | INFO     | [DataAdapter] M15 data refresh completed for EURUSD
2026-07-24 13:18:04,483 | INFO     | [DataAdapter] Anomaly statistics for EURUSD: {'total_calls': 9, 'response_times': [0.013999700546264648, 0.31719064712524414, 0.2949824333190918, 0.03267955780029297, 0.16599440574645996, 0.4046361446380615, 0.3303542137145996, 0.18708395957946777, 0.012867212295532227], 'spike_count': 0, 'zero_volume_count': np.int64(4482), 'impossible_candle_count': 0, 'consecutive_anomalies': 0, 'avg_response_time': np.float64(0.19553203052944607), 'max_response_time': np.float64(0.4046361446380615), 'min_response_time': np.float64(0.012867212295532227)}
2026-07-24 13:18:04,501 | ERROR    | [ANOMALY] CONSECUTIVE zero volume: EURUSD-OTC streak 248
2026-07-24 13:18:04,729 | INFO     | [CSVWriter] Successfully wrote 356 rows to data_base/csv/iq_option\EURUSD\EURUSD_M1.csv
2026-07-24 13:18:04,760 | INFO     | [CSVQueue] Successfully processed write for data_base/csv/iq_option\EURUSD\EURUSD_M1.csv
2026-07-24 13:18:04,764 | WARNING  | [ANOMALY] Total anomalies detected: EURUSD-OTC 249
2026-07-24 13:18:04,764 | INFO     | [CSVQueue] Queue size: 0
2026-07-24 13:18:04,791 | INFO     | [DataAdapter] M1 anomaly detection completed for EURUSD-OTC in 0.293s
2026-07-24 13:18:04,933 | INFO     | [IQOPTION] REST fetch succeeded for GBPUSD-OTC: 5 candles
2026-07-24 13:18:04,934 | INFO     | [CSVQueue] Enqueuing write for data_base/csv/iq_option\EURUSD-OTC\EURUSD-OTC_M1.csv - Queue size: 0
2026-07-24 13:18:04,937 | INFO     | [DataAdapter] M1 data refresh completed for EURUSD-OTC
2026-07-24 13:18:04,948 | INFO     | [CSVQueue] Processing write for data_base/csv/iq_option\EURUSD-OTC\EURUSD-OTC_M1.csv
2026-07-24 13:18:04,948 | INFO     | [DataAdapter] Refreshing M5 data for EURUSD-OTC
2026-07-24 13:18:04,963 | INFO     | [CSVWriter] Writing 249 rows to data_base/csv/iq_option\EURUSD-OTC\EURUSD-OTC_M1.csv
2026-07-24 13:18:04,965 | ERROR    | [ANOMALY] CONSECUTIVE zero volume: GBPUSD-OTC streak 248
2026-07-24 13:18:05,028 | ERROR    | [ANOMALY] CONSECUTIVE zero volume: EURUSD-OTC streak 248
2026-07-24 13:18:05,151 | INFO     | [IQOPTION] REST fetch succeeded for EURGBP-OTC: 5 candles
2026-07-24 13:18:05,164 | ERROR    | [ANOMALY] CONSECUTIVE zero volume: EURGBP-OTC streak 248
2026-07-24 13:18:05,169 | WARNING  | [ANOMALY] Total anomalies detected: GBPUSD-OTC 249
2026-07-24 13:18:05,169 | INFO     | [DataAdapter] M1 anomaly detection completed for GBPUSD-OTC in 0.219s
2026-07-24 13:18:05,177 | WARNING  | [ANOMALY] Total anomalies detected: EURUSD-OTC 249
2026-07-24 13:18:05,178 | INFO     | [DataAdapter] M5 anomaly detection completed for EURUSD-OTC
2026-07-24 13:18:05,180 | INFO     | [DataAdapter] M5 data refresh completed for EURUSD-OTC
2026-07-24 13:18:05,182 | INFO     | [DataAdapter] Refreshing M15 data for EURUSD-OTC
2026-07-24 13:18:05,182 | INFO     | [CSVQueue] Enqueuing write for data_base/csv/iq_option\GBPUSD-OTC\GBPUSD-OTC_M1.csv - Queue size: 0
2026-07-24 13:18:05,186 | ERROR    | [ANOMALY] CONSECUTIVE zero volume: EURUSD-OTC streak 248
2026-07-24 13:18:05,188 | INFO     | [DataAdapter] M1 data refresh completed for GBPUSD-OTC
2026-07-24 13:18:05,190 | INFO     | [DataAdapter] Refreshing M5 data for GBPUSD-OTC
2026-07-24 13:18:05,191 | INFO     | [CSVWriter] Successfully wrote 355 rows to data_base/csv/iq_option\EURUSD-OTC\EURUSD-OTC_M1.csv
2026-07-24 13:18:05,192 | INFO     | [CSVQueue] Successfully processed write for data_base/csv/iq_option\EURUSD-OTC\EURUSD-OTC_M1.csv
2026-07-24 13:18:05,192 | INFO     | [CSVQueue] Processing write for data_base/csv/iq_option\GBPUSD-OTC\GBPUSD-OTC_M1.csv
2026-07-24 13:18:05,196 | ERROR    | [ANOMALY] CONSECUTIVE zero volume: GBPUSD-OTC streak 248
2026-07-24 13:18:05,196 | INFO     | [CSVWriter] Writing 249 rows to data_base/csv/iq_option\GBPUSD-OTC\GBPUSD-OTC_M1.csv
2026-07-24 13:18:05,200 | WARNING  | [ANOMALY] Total anomalies detected: EURGBP-OTC 249
2026-07-24 13:18:05,206 | INFO     | [DataAdapter] M1 anomaly detection completed for EURGBP-OTC in 0.046s
2026-07-24 13:18:05,211 | INFO     | [CSVQueue] Enqueuing write for data_base/csv/iq_option\EURGBP-OTC\EURGBP-OTC_M1.csv - Queue size: 0
2026-07-24 13:18:05,212 | INFO     | [DataAdapter] M1 data refresh completed for EURGBP-OTC
2026-07-24 13:18:05,212 | INFO     | [DataAdapter] Refreshing M5 data for EURGBP-OTC
2026-07-24 13:18:05,217 | ERROR    | [ANOMALY] CONSECUTIVE zero volume: EURGBP-OTC streak 248
2026-07-24 13:18:05,221 | WARNING  | [ANOMALY] Total anomalies detected: GBPUSD-OTC 249
2026-07-24 13:18:05,226 | WARNING  | [ANOMALY] Total anomalies detected: EURUSD-OTC 249
2026-07-24 13:18:05,226 | INFO     | [DataAdapter] M5 anomaly detection completed for GBPUSD-OTC
2026-07-24 13:18:05,227 | INFO     | [DataAdapter] M15 anomaly detection completed for EURUSD-OTC
2026-07-24 13:18:05,230 | INFO     | [DataAdapter] M5 data refresh completed for GBPUSD-OTC
2026-07-24 13:18:05,233 | INFO     | [DataAdapter] M15 data refresh completed for EURUSD-OTC
2026-07-24 13:18:05,234 | INFO     | [DataAdapter] Refreshing M15 data for GBPUSD-OTC
2026-07-24 13:18:05,234 | INFO     | [DataAdapter] Anomaly statistics for EURUSD-OTC: {'total_calls': 12, 'response_times': [0.013999700546264648, 0.31719064712524414, 0.2949824333190918, 0.03267955780029297, 0.16599440574645996, 0.4046361446380615, 0.3303542137145996, 0.18708395957946777, 0.012867212295532227, 0.29335784912109375, 0.21855616569519043, 0.04597282409667969], 'spike_count': 0, 'zero_volume_count': np.int64(6225), 'impossible_candle_count': 0, 'consecutive_anomalies': 0, 'avg_response_time': np.float64(0.1931395928064982), 'max_response_time': np.float64(0.4046361446380615), 'min_response_time': np.float64(0.012867212295532227)}
2026-07-24 13:18:05,235 | INFO     | [CSVWriter] Successfully wrote 355 rows to data_base/csv/iq_option\GBPUSD-OTC\GBPUSD-OTC_M1.csv
2026-07-24 13:18:05,237 | INFO     | [CSVQueue] Successfully processed write for data_base/csv/iq_option\GBPUSD-OTC\GBPUSD-OTC_M1.csv
2026-07-24 13:18:05,237 | INFO     | [CSVQueue] Processing write for data_base/csv/iq_option\EURGBP-OTC\EURGBP-OTC_M1.csv
2026-07-24 13:18:05,240 | ERROR    | [ANOMALY] CONSECUTIVE zero volume: GBPUSD-OTC streak 248
2026-07-24 13:18:05,240 | INFO     | [CSVWriter] Writing 249 rows to data_base/csv/iq_option\EURGBP-OTC\EURGBP-OTC_M1.csv
2026-07-24 13:18:05,243 | WARNING  | [ANOMALY] Total anomalies detected: EURGBP-OTC 249
2026-07-24 13:18:05,246 | INFO     | [DataAdapter] M5 anomaly detection completed for EURGBP-OTC
2026-07-24 13:18:05,247 | INFO     | [DataAdapter] M5 data refresh completed for EURGBP-OTC
2026-07-24 13:18:05,247 | INFO     | [DataAdapter] Refreshing M15 data for EURGBP-OTC
2026-07-24 13:18:05,251 | ERROR    | [ANOMALY] CONSECUTIVE zero volume: EURGBP-OTC streak 248
2026-07-24 13:18:05,264 | WARNING  | [ANOMALY] Total anomalies detected: GBPUSD-OTC 249
2026-07-24 13:18:05,264 | INFO     | [DataAdapter] M15 anomaly detection completed for GBPUSD-OTC
2026-07-24 13:18:05,266 | INFO     | [DataAdapter] M15 data refresh completed for GBPUSD-OTC
2026-07-24 13:18:05,267 | INFO     | [DataAdapter] Anomaly statistics for GBPUSD-OTC: {'total_calls': 12, 'response_times': [0.013999700546264648, 0.31719064712524414, 0.2949824333190918, 0.03267955780029297, 0.16599440574645996, 0.4046361446380615, 0.3303542137145996, 0.18708395957946777, 0.012867212295532227, 0.29335784912109375, 0.21855616569519043, 0.04597282409667969], 'spike_count': 0, 'zero_volume_count': np.int64(6723), 'impossible_candle_count': 0, 'consecutive_anomalies': 0, 'avg_response_time': np.float64(0.1931395928064982), 'max_response_time': np.float64(0.4046361446380615), 'min_response_time': np.float64(0.012867212295532227)}
2026-07-24 13:18:05,273 | WARNING  | [ANOMALY] Total anomalies detected: EURGBP-OTC 249
2026-07-24 13:18:05,273 | INFO     | [CSVWriter] Successfully wrote 355 rows to data_base/csv/iq_option\EURGBP-OTC\EURGBP-OTC_M1.csv
2026-07-24 13:18:05,273 | INFO     | [DataAdapter] M15 anomaly detection completed for EURGBP-OTC
2026-07-24 13:18:05,273 | INFO     | [CSVQueue] Successfully processed write for data_base/csv/iq_option\EURGBP-OTC\EURGBP-OTC_M1.csv
2026-07-24 13:18:05,273 | INFO     | [DataAdapter] M15 data refresh completed for EURGBP-OTC
2026-07-24 13:18:05,273 | INFO     | [CSVQueue] Queue size: 0
2026-07-24 13:18:05,274 | INFO     | [DataAdapter] Anomaly statistics for EURGBP-OTC: {'total_calls': 12, 'response_times': [0.013999700546264648, 0.31719064712524414, 0.2949824333190918, 0.03267955780029297, 0.16599440574645996, 0.4046361446380615, 0.3303542137145996, 0.18708395957946777, 0.012867212295532227, 0.29335784912109375, 0.21855616569519043, 0.04597282409667969], 'spike_count': 0, 'zero_volume_count': np.int64(6723), 'impossible_candle_count': 0, 'consecutive_anomalies': 0, 'avg_response_time': np.float64(0.1931395928064982), 'max_response_time': np.float64(0.4046361446380615), 'min_response_time': np.float64(0.012867212295532227)}
2026-07-24 13:18:05,540 | INFO     | [EURUSD:1.13821][EURUSD-OTC:1.15250][GBPUSD-OTC:1.33225][EURGBP-OTC:0.85491] :: TOTAL=$1271.51
2026-07-24 13:19:03,879 | INFO     | [DataAdapter] Starting update for EURUSD
2026-07-24 13:19:03,880 | INFO     | [DataAdapter] Refreshing M1 data for EURUSD
2026-07-24 13:19:03,880 | INFO     | [DataAdapter] Starting update for EURUSD-OTC
2026-07-24 13:19:03,880 | INFO     | [DataAdapter] Refreshing M1 data for EURUSD-OTC
2026-07-24 13:19:03,880 | INFO     | [DataAdapter] Starting update for GBPUSD-OTC
2026-07-24 13:19:03,880 | INFO     | [DataAdapter] Refreshing M1 data for GBPUSD-OTC
2026-07-24 13:19:03,881 | INFO     | [DataAdapter] Starting update for EURGBP-OTC
2026-07-24 13:19:03,881 | INFO     | [DataAdapter] Refreshing M1 data for EURGBP-OTC
2026-07-24 13:19:04,117 | INFO     | [IQOPTION] REST fetch succeeded for EURUSD: 5 candles
2026-07-24 13:19:04,155 | INFO     | [DataAdapter] M1 anomaly detection completed for EURUSD in 0.016s
2026-07-24 13:19:04,276 | INFO     | [CSVQueue] Enqueuing write for data_base/csv/iq_option\EURUSD\EURUSD_M1.csv - Queue size: 0
2026-07-24 13:19:04,292 | INFO     | [DataAdapter] M1 data refresh completed for EURUSD
2026-07-24 13:19:04,292 | INFO     | [DataAdapter] Refreshing M5 data for EURUSD
2026-07-24 13:19:04,298 | INFO     | [DataAdapter] M5 anomaly detection completed for EURUSD
2026-07-24 13:19:04,298 | INFO     | [DataAdapter] M5 data refresh completed for EURUSD
2026-07-24 13:19:04,298 | INFO     | [DataAdapter] Refreshing M15 data for EURUSD
2026-07-24 13:19:04,307 | INFO     | [CSVQueue] Processing write for data_base/csv/iq_option\EURUSD\EURUSD_M1.csv
2026-07-24 13:19:04,323 | INFO     | [CSVWriter] Writing 249 rows to data_base/csv/iq_option\EURUSD\EURUSD_M1.csv
2026-07-24 13:19:04,326 | INFO     | [DataAdapter] M15 anomaly detection completed for EURUSD
2026-07-24 13:19:04,355 | INFO     | [DataAdapter] M15 data refresh completed for EURUSD
2026-07-24 13:19:04,355 | INFO     | [DataAdapter] Anomaly statistics for EURUSD: {'total_calls': 13, 'response_times': [0.013999700546264648, 0.31719064712524414, 0.2949824333190918, 0.03267955780029297, 0.16599440574645996, 0.4046361446380615, 0.3303542137145996, 0.18708395957946777, 0.012867212295532227, 0.29335784912109375, 0.21855616569519043, 0.04597282409667969, 0.016118288040161133], 'spike_count': 0, 'zero_volume_count': np.int64(6723), 'impossible_candle_count': 0, 'consecutive_anomalies': 0, 'avg_response_time': np.float64(0.17952256936293381), 'max_response_time': np.float64(0.4046361446380615), 'min_response_time': np.float64(0.012867212295532227)}
2026-07-24 13:19:04,356 | INFO     | [IQOPTION] REST fetch succeeded for EURUSD-OTC: 5 candles
2026-07-24 13:19:04,365 | ERROR    | [ANOMALY] CONSECUTIVE zero volume: EURUSD-OTC streak 248
2026-07-24 13:19:04,516 | WARNING  | [ANOMALY] Total anomalies detected: EURUSD-OTC 249
2026-07-24 13:19:04,528 | INFO     | [DataAdapter] M1 anomaly detection completed for EURUSD-OTC in 0.167s
2026-07-24 13:19:04,624 | INFO     | [CSVQueue] Enqueuing write for data_base/csv/iq_option\EURUSD-OTC\EURUSD-OTC_M1.csv - Queue size: 0
2026-07-24 13:19:04,624 | INFO     | [IQOPTION] REST fetch succeeded for GBPUSD-OTC: 5 candles
2026-07-24 13:19:04,624 | INFO     | [DataAdapter] M1 data refresh completed for EURUSD-OTC
2026-07-24 13:19:04,686 | INFO     | [CSVWriter] Successfully wrote 357 rows to data_base/csv/iq_option\EURUSD\EURUSD_M1.csv
2026-07-24 13:19:04,692 | ERROR    | [ANOMALY] CONSECUTIVE zero volume: GBPUSD-OTC streak 248
2026-07-24 13:19:04,692 | INFO     | [DataAdapter] Refreshing M5 data for EURUSD-OTC
2026-07-24 13:19:04,702 | INFO     | [CSVQueue] Successfully processed write for data_base/csv/iq_option\EURUSD\EURUSD_M1.csv
2026-07-24 13:19:04,753 | ERROR    | [ANOMALY] CONSECUTIVE zero volume: EURUSD-OTC streak 248
2026-07-24 13:19:04,781 | INFO     | [CSVQueue] Processing write for data_base/csv/iq_option\EURUSD-OTC\EURUSD-OTC_M1.csv
2026-07-24 13:19:04,845 | INFO     | [IQOPTION] REST fetch succeeded for EURGBP-OTC: 5 candles
2026-07-24 13:19:04,845 | INFO     | [CSVWriter] Writing 249 rows to data_base/csv/iq_option\EURUSD-OTC\EURUSD-OTC_M1.csv
2026-07-24 13:19:04,866 | WARNING  | [ANOMALY] Total anomalies detected: GBPUSD-OTC 249
2026-07-24 13:19:04,868 | ERROR    | [ANOMALY] CONSECUTIVE zero volume: EURGBP-OTC streak 248
2026-07-24 13:19:04,868 | INFO     | [DataAdapter] M1 anomaly detection completed for GBPUSD-OTC in 0.179s
2026-07-24 13:19:04,868 | WARNING  | [ANOMALY] Total anomalies detected: EURUSD-OTC 249
2026-07-24 13:19:04,872 | INFO     | [DataAdapter] M5 anomaly detection completed for EURUSD-OTC
2026-07-24 13:19:04,872 | INFO     | [DataAdapter] M5 data refresh completed for EURUSD-OTC
2026-07-24 13:19:04,872 | INFO     | [DataAdapter] Refreshing M15 data for EURUSD-OTC
2026-07-24 13:19:04,875 | ERROR    | [ANOMALY] CONSECUTIVE zero volume: EURUSD-OTC streak 248
2026-07-24 13:19:04,879 | INFO     | [CSVQueue] Enqueuing write for data_base/csv/iq_option\GBPUSD-OTC\GBPUSD-OTC_M1.csv - Queue size: 0
2026-07-24 13:19:04,880 | INFO     | [DataAdapter] M1 data refresh completed for GBPUSD-OTC
2026-07-24 13:19:04,880 | INFO     | [DataAdapter] Refreshing M5 data for GBPUSD-OTC
2026-07-24 13:19:04,887 | ERROR    | [ANOMALY] CONSECUTIVE zero volume: GBPUSD-OTC streak 248
2026-07-24 13:19:04,894 | WARNING  | [ANOMALY] Total anomalies detected: EURGBP-OTC 249
2026-07-24 13:19:04,897 | INFO     | [DataAdapter] M1 anomaly detection completed for EURGBP-OTC in 0.041s
2026-07-24 13:19:04,900 | WARNING  | [ANOMALY] Total anomalies detected: EURUSD-OTC 249
2026-07-24 13:19:04,903 | INFO     | [DataAdapter] M15 anomaly detection completed for EURUSD-OTC
2026-07-24 13:19:04,904 | INFO     | [DataAdapter] M15 data refresh completed for EURUSD-OTC
2026-07-24 13:19:04,904 | INFO     | [CSVWriter] Successfully wrote 356 rows to data_base/csv/iq_option\EURUSD-OTC\EURUSD-OTC_M1.csv
2026-07-24 13:19:04,904 | INFO     | [DataAdapter] Anomaly statistics for EURUSD-OTC: {'total_calls': 16, 'response_times': [0.013999700546264648, 0.31719064712524414, 0.2949824333190918, 0.03267955780029297, 0.16599440574645996, 0.4046361446380615, 0.3303542137145996, 0.18708395957946777, 0.012867212295532227, 0.29335784912109375, 0.21855616569519043, 0.04597282409667969, 0.016118288040161133, 0.16651606559753418, 0.17901921272277832, 0.04098248481750488], 'spike_count': 0, 'zero_volume_count': np.int64(8217), 'impossible_candle_count': 0, 'consecutive_anomalies': 0, 'avg_response_time': np.float64(0.17001944780349731), 'max_response_time': np.float64(0.4046361446380615), 'min_response_time': np.float64(0.012867212295532227)}
2026-07-24 13:19:04,905 | INFO     | [CSVQueue] Successfully processed write for data_base/csv/iq_option\EURUSD-OTC\EURUSD-OTC_M1.csv
2026-07-24 13:19:04,908 | WARNING  | [ANOMALY] Total anomalies detected: GBPUSD-OTC 249
2026-07-24 13:19:04,909 | INFO     | [CSVQueue] Enqueuing write for data_base/csv/iq_option\EURGBP-OTC\EURGBP-OTC_M1.csv - Queue size: 1
2026-07-24 13:19:04,909 | INFO     | [CSVQueue] Processing write for data_base/csv/iq_option\GBPUSD-OTC\GBPUSD-OTC_M1.csv
2026-07-24 13:19:04,909 | INFO     | [DataAdapter] M5 anomaly detection completed for GBPUSD-OTC
2026-07-24 13:19:04,909 | INFO     | [DataAdapter] M1 data refresh completed for EURGBP-OTC
2026-07-24 13:19:04,910 | INFO     | [CSVWriter] Writing 249 rows to data_base/csv/iq_option\GBPUSD-OTC\GBPUSD-OTC_M1.csv
2026-07-24 13:19:04,910 | INFO     | [DataAdapter] M5 data refresh completed for GBPUSD-OTC
2026-07-24 13:19:04,910 | INFO     | [DataAdapter] Refreshing M5 data for EURGBP-OTC
2026-07-24 13:19:04,910 | INFO     | [DataAdapter] Refreshing M15 data for GBPUSD-OTC
2026-07-24 13:19:04,915 | ERROR    | [ANOMALY] CONSECUTIVE zero volume: EURGBP-OTC streak 248
2026-07-24 13:19:04,919 | ERROR    | [ANOMALY] CONSECUTIVE zero volume: GBPUSD-OTC streak 248
2026-07-24 13:19:04,932 | WARNING  | [ANOMALY] Total anomalies detected: GBPUSD-OTC 249
2026-07-24 13:19:04,935 | WARNING  | [ANOMALY] Total anomalies detected: EURGBP-OTC 249
2026-07-24 13:19:04,935 | INFO     | [DataAdapter] M15 anomaly detection completed for GBPUSD-OTC
2026-07-24 13:19:04,937 | INFO     | [DataAdapter] M5 anomaly detection completed for EURGBP-OTC
2026-07-24 13:19:04,937 | INFO     | [DataAdapter] M15 data refresh completed for GBPUSD-OTC
2026-07-24 13:19:04,937 | INFO     | [DataAdapter] M5 data refresh completed for EURGBP-OTC
2026-07-24 13:19:04,938 | INFO     | [DataAdapter] Anomaly statistics for GBPUSD-OTC: {'total_calls': 16, 'response_times': [0.013999700546264648, 0.31719064712524414, 0.2949824333190918, 0.03267955780029297, 0.16599440574645996, 0.4046361446380615, 0.3303542137145996, 0.18708395957946777, 0.012867212295532227, 0.29335784912109375, 0.21855616569519043, 0.04597282409667969, 0.016118288040161133, 0.16651606559753418, 0.17901921272277832, 0.04098248481750488], 'spike_count': 0, 'zero_volume_count': np.int64(8715), 'impossible_candle_count': 0, 'consecutive_anomalies': 0, 'avg_response_time': np.float64(0.17001944780349731), 'max_response_time': np.float64(0.4046361446380615), 'min_response_time': np.float64(0.012867212295532227)}
2026-07-24 13:19:04,938 | INFO     | [DataAdapter] Refreshing M15 data for EURGBP-OTC
2026-07-24 13:19:04,940 | INFO     | [CSVWriter] Successfully wrote 356 rows to data_base/csv/iq_option\GBPUSD-OTC\GBPUSD-OTC_M1.csv
2026-07-24 13:19:04,942 | ERROR    | [ANOMALY] CONSECUTIVE zero volume: EURGBP-OTC streak 248
2026-07-24 13:19:04,942 | INFO     | [CSVQueue] Successfully processed write for data_base/csv/iq_option\GBPUSD-OTC\GBPUSD-OTC_M1.csv
2026-07-24 13:19:04,943 | INFO     | [CSVQueue] Processing write for data_base/csv/iq_option\EURGBP-OTC\EURGBP-OTC_M1.csv
2026-07-24 13:19:04,944 | INFO     | [CSVWriter] Writing 249 rows to data_base/csv/iq_option\EURGBP-OTC\EURGBP-OTC_M1.csv
2026-07-24 13:19:04,954 | WARNING  | [ANOMALY] Total anomalies detected: EURGBP-OTC 249
2026-07-24 13:19:04,954 | INFO     | [DataAdapter] M15 anomaly detection completed for EURGBP-OTC
2026-07-24 13:19:04,954 | INFO     | [DataAdapter] M15 data refresh completed for EURGBP-OTC
2026-07-24 13:19:04,955 | INFO     | [DataAdapter] Anomaly statistics for EURGBP-OTC: {'total_calls': 16, 'response_times': [0.013999700546264648, 0.31719064712524414, 0.2949824333190918, 0.03267955780029297, 0.16599440574645996, 0.4046361446380615, 0.3303542137145996, 0.18708395957946777, 0.012867212295532227, 0.29335784912109375, 0.21855616569519043, 0.04597282409667969, 0.016118288040161133, 0.16651606559753418, 0.17901921272277832, 0.04098248481750488], 'spike_count': 0, 'zero_volume_count': np.int64(8964), 'impossible_candle_count': 0, 'consecutive_anomalies': 0, 'avg_response_time': np.float64(0.17001944780349731), 'max_response_time': np.float64(0.4046361446380615), 'min_response_time': np.float64(0.012867212295532227)}
2026-07-24 13:19:04,959 | INFO     | [CSVWriter] Successfully wrote 356 rows to data_base/csv/iq_option\EURGBP-OTC\EURGBP-OTC_M1.csv
2026-07-24 13:19:04,959 | INFO     | [CSVQueue] Successfully processed write for data_base/csv/iq_option\EURGBP-OTC\EURGBP-OTC_M1.csv
2026-07-24 13:19:04,959 | INFO     | [CSVQueue] Queue size: 0
2026-07-24 13:19:05,228 | INFO     | [EURUSD:1.13830][EURUSD-OTC:1.15236][GBPUSD-OTC:1.33245][EURGBP-OTC:0.85462] :: TOTAL=$1271.51
2026-07-24 13:20:03,482 | INFO     | [DataAdapter] Starting update for EURUSD
2026-07-24 13:20:03,482 | INFO     | [DataAdapter] Refreshing M1 data for EURUSD
2026-07-24 13:20:03,482 | INFO     | [DataAdapter] Starting update for EURUSD-OTC
2026-07-24 13:20:03,482 | INFO     | [DataAdapter] Refreshing M1 data for EURUSD-OTC
2026-07-24 13:20:03,482 | INFO     | [DataAdapter] Starting update for GBPUSD-OTC
2026-07-24 13:20:03,482 | INFO     | [DataAdapter] Refreshing M1 data for GBPUSD-OTC
2026-07-24 13:20:03,482 | INFO     | [DataAdapter] Starting update for EURGBP-OTC
2026-07-24 13:20:03,496 | INFO     | [DataAdapter] Refreshing M1 data for EURGBP-OTC
2026-07-24 13:20:03,831 | INFO     | [IQOPTION] REST fetch succeeded for EURUSD: 5 candles
2026-07-24 13:20:03,881 | INFO     | [DataAdapter] M1 anomaly detection completed for EURUSD in 0.027s
2026-07-24 13:20:04,005 | INFO     | [CSVQueue] Enqueuing write for data_base/csv/iq_option\EURUSD\EURUSD_M1.csv - Queue size: 0
2026-07-24 13:20:04,037 | INFO     | [DataAdapter] M1 data refresh completed for EURUSD
2026-07-24 13:20:04,053 | INFO     | [CSVQueue] Processing write for data_base/csv/iq_option\EURUSD\EURUSD_M1.csv
2026-07-24 13:20:04,053 | INFO     | [DataAdapter] Refreshing M5 data for EURUSD
2026-07-24 13:20:04,053 | INFO     | [CSVWriter] Writing 249 rows to data_base/csv/iq_option\EURUSD\EURUSD_M1.csv
2026-07-24 13:20:04,053 | INFO     | [IQOPTION] REST fetch succeeded for EURUSD-OTC: 5 candles
2026-07-24 13:20:04,148 | ERROR    | [ANOMALY] CONSECUTIVE zero volume: EURUSD-OTC streak 248
2026-07-24 13:20:04,354 | INFO     | [IQOPTION] REST fetch succeeded for GBPUSD-OTC: 5 candles
2026-07-24 13:20:04,371 | WARNING  | [ANOMALY] Total anomalies detected: EURUSD-OTC 249
2026-07-24 13:20:04,416 | INFO     | [DataAdapter] M1 anomaly detection completed for EURUSD-OTC in 0.283s
2026-07-24 13:20:04,420 | ERROR    | [ANOMALY] CONSECUTIVE zero volume: GBPUSD-OTC streak 248
2026-07-24 13:20:04,430 | INFO     | [CSVWriter] Successfully wrote 358 rows to data_base/csv/iq_option\EURUSD\EURUSD_M1.csv
2026-07-24 13:20:04,430 | INFO     | [CSVQueue] Successfully processed write for data_base/csv/iq_option\EURUSD\EURUSD_M1.csv
2026-07-24 13:20:04,431 | INFO     | [CSVQueue] Enqueuing write for data_base/csv/iq_option\EURUSD-OTC\EURUSD-OTC_M1.csv - Queue size: 0
2026-07-24 13:20:04,431 | INFO     | [CSVQueue] Queue size: 0
2026-07-24 13:20:04,433 | INFO     | [DataAdapter] M1 data refresh completed for EURUSD-OTC
2026-07-24 13:20:04,446 | INFO     | [CSVQueue] Processing write for data_base/csv/iq_option\EURUSD-OTC\EURUSD-OTC_M1.csv
2026-07-24 13:20:04,461 | INFO     | [DataAdapter] Refreshing M5 data for EURUSD-OTC
2026-07-24 13:20:04,509 | INFO     | [CSVWriter] Writing 249 rows to data_base/csv/iq_option\EURUSD-OTC\EURUSD-OTC_M1.csv
2026-07-24 13:20:04,575 | WARNING  | [ANOMALY] Total anomalies detected: GBPUSD-OTC 249
2026-07-24 13:20:04,620 | INFO     | [DataAdapter] M1 anomaly detection completed for GBPUSD-OTC in 0.204s
2026-07-24 13:20:04,623 | INFO     | [IQOPTION] REST fetch succeeded for EURGBP-OTC: 5 candles
2026-07-24 13:20:04,631 | ERROR    | [ANOMALY] CONSECUTIVE zero volume: EURGBP-OTC streak 248
2026-07-24 13:20:04,699 | INFO     | [CSVQueue] Enqueuing write for data_base/csv/iq_option\GBPUSD-OTC\GBPUSD-OTC_M1.csv - Queue size: 0
2026-07-24 13:20:04,715 | INFO     | [DataAdapter] M1 data refresh completed for GBPUSD-OTC
2026-07-24 13:20:04,715 | INFO     | [DataAdapter] Refreshing M5 data for GBPUSD-OTC
2026-07-24 13:20:04,830 | WARNING  | [ANOMALY] Total anomalies detected: EURGBP-OTC 249
2026-07-24 13:20:04,843 | INFO     | [DataAdapter] M1 anomaly detection completed for EURGBP-OTC in 0.215s
2026-07-24 13:20:04,907 | INFO     | [CSVQueue] Enqueuing write for data_base/csv/iq_option\EURGBP-OTC\EURGBP-OTC_M1.csv - Queue size: 1
2026-07-24 13:20:04,907 | INFO     | [IQOPTION] REST fetch succeeded for EURUSD: 5 candles
2026-07-24 13:20:04,938 | INFO     | [DataAdapter] M1 data refresh completed for EURGBP-OTC
2026-07-24 13:20:04,945 | INFO     | [DataAdapter] Refreshing M5 data for EURGBP-OTC
2026-07-24 13:20:04,960 | INFO     | [DataAdapter] M5 anomaly detection completed for EURUSD
2026-07-24 13:20:05,096 | INFO     | [CSVQueue] Enqueuing write for data_base/csv/iq_option\EURUSD\EURUSD_M5.csv - Queue size: 2
2026-07-24 13:20:05,128 | INFO     | [DataAdapter] M5 data refresh completed for EURUSD
2026-07-24 13:20:05,128 | INFO     | [CSVWriter] Successfully wrote 357 rows to data_base/csv/iq_option\EURUSD-OTC\EURUSD-OTC_M1.csv
2026-07-24 13:20:05,144 | INFO     | [DataAdapter] Refreshing M15 data for EURUSD
2026-07-24 13:20:05,176 | INFO     | [CSVQueue] Successfully processed write for data_base/csv/iq_option\EURUSD-OTC\EURUSD-OTC_M1.csv
2026-07-24 13:20:05,177 | INFO     | [IQOPTION] REST fetch succeeded for EURUSD-OTC: 5 candles
2026-07-24 13:20:05,207 | INFO     | [DataAdapter] M15 anomaly detection completed for EURUSD
2026-07-24 13:20:05,240 | INFO     | [CSVQueue] Processing write for data_base/csv/iq_option\GBPUSD-OTC\GBPUSD-OTC_M1.csv
2026-07-24 13:20:05,329 | ERROR    | [ANOMALY] CONSECUTIVE zero volume: EURUSD-OTC streak 248
2026-07-24 13:20:05,329 | INFO     | [DataAdapter] M15 data refresh completed for EURUSD
2026-07-24 13:20:05,399 | INFO     | [CSVWriter] Writing 249 rows to data_base/csv/iq_option\GBPUSD-OTC\GBPUSD-OTC_M1.csv
2026-07-24 13:20:05,479 | INFO     | [DataAdapter] Anomaly statistics for EURUSD: {'total_calls': 20, 'response_times': [0.013999700546264648, 0.31719064712524414, 0.2949824333190918, 0.03267955780029297, 0.16599440574645996, 0.4046361446380615, 0.3303542137145996, 0.18708395957946777, 0.012867212295532227, 0.29335784912109375, 0.21855616569519043, 0.04597282409667969, 0.016118288040161133, 0.16651606559753418, 0.17901921272277832, 0.04098248481750488, 0.027006864547729492, 0.2834603786468506, 0.20427322387695312, 0.21520233154296875], 'spike_count': 0, 'zero_volume_count': np.int64(9960), 'impossible_candle_count': 0, 'consecutive_anomalies': 0, 'avg_response_time': np.float64(0.17251269817352294), 'max_response_time': np.float64(0.4046361446380615), 'min_response_time': np.float64(0.012867212295532227)}
2026-07-24 13:20:05,510 | INFO     | [IQOPTION] REST fetch succeeded for GBPUSD-OTC: 5 candles
2026-07-24 13:20:05,543 | ERROR    | [ANOMALY] CONSECUTIVE zero volume: GBPUSD-OTC streak 248
2026-07-24 13:20:05,655 | WARNING  | [ANOMALY] Total anomalies detected: EURUSD-OTC 249
2026-07-24 13:20:05,656 | INFO     | [DataAdapter] M5 anomaly detection completed for EURUSD-OTC
2026-07-24 13:20:05,750 | INFO     | [CSVQueue] Enqueuing write for data_base/csv/iq_option\EURUSD-OTC\EURUSD-OTC_M5.csv - Queue size: 2
2026-07-24 13:20:05,764 | INFO     | [DataAdapter] M5 data refresh completed for EURUSD-OTC
2026-07-24 13:20:05,765 | INFO     | [DataAdapter] Refreshing M15 data for EURUSD-OTC
2026-07-24 13:20:05,800 | ERROR    | [ANOMALY] CONSECUTIVE zero volume: EURUSD-OTC streak 248
2026-07-24 13:20:05,815 | WARNING  | [ANOMALY] Total anomalies detected: GBPUSD-OTC 249
2026-07-24 13:20:05,815 | INFO     | [DataAdapter] M5 anomaly detection completed for GBPUSD-OTC
2026-07-24 13:20:05,819 | INFO     | [IQOPTION] REST fetch succeeded for EURGBP-OTC: 5 candles
2026-07-24 13:20:05,820 | INFO     | [CSVWriter] Successfully wrote 357 rows to data_base/csv/iq_option\GBPUSD-OTC\GBPUSD-OTC_M1.csv
2026-07-24 13:20:05,828 | INFO     | [CSVQueue] Enqueuing write for data_base/csv/iq_option\GBPUSD-OTC\GBPUSD-OTC_M5.csv - Queue size: 3
2026-07-24 13:20:05,830 | ERROR    | [ANOMALY] CONSECUTIVE zero volume: EURGBP-OTC streak 248
2026-07-24 13:20:05,831 | INFO     | [CSVQueue] Successfully processed write for data_base/csv/iq_option\GBPUSD-OTC\GBPUSD-OTC_M1.csv
2026-07-24 13:20:05,831 | INFO     | [DataAdapter] M5 data refresh completed for GBPUSD-OTC
2026-07-24 13:20:05,835 | WARNING  | [ANOMALY] Total anomalies detected: EURUSD-OTC 249
2026-07-24 13:20:05,836 | INFO     | [CSVQueue] Processing write for data_base/csv/iq_option\EURGBP-OTC\EURGBP-OTC_M1.csv
2026-07-24 13:20:05,836 | INFO     | [DataAdapter] Refreshing M15 data for GBPUSD-OTC
2026-07-24 13:20:05,836 | INFO     | [DataAdapter] M15 anomaly detection completed for EURUSD-OTC
2026-07-24 13:20:05,838 | INFO     | [CSVWriter] Writing 249 rows to data_base/csv/iq_option\EURGBP-OTC\EURGBP-OTC_M1.csv
2026-07-24 13:20:05,842 | ERROR    | [ANOMALY] CONSECUTIVE zero volume: GBPUSD-OTC streak 248
2026-07-24 13:20:05,842 | INFO     | [DataAdapter] M15 data refresh completed for EURUSD-OTC
2026-07-24 13:20:05,846 | INFO     | [DataAdapter] Anomaly statistics for EURUSD-OTC: {'total_calls': 20, 'response_times': [0.013999700546264648, 0.31719064712524414, 0.2949824333190918, 0.03267955780029297, 0.16599440574645996, 0.4046361446380615, 0.3303542137145996, 0.18708395957946777, 0.012867212295532227, 0.29335784912109375, 0.21855616569519043, 0.04597282409667969, 0.016118288040161133, 0.16651606559753418, 0.17901921272277832, 0.04098248481750488, 0.027006864547729492, 0.2834603786468506, 0.20427322387695312, 0.21520233154296875], 'spike_count': 0, 'zero_volume_count': np.int64(10956), 'impossible_candle_count': 0, 'consecutive_anomalies': 0, 'avg_response_time': np.float64(0.17251269817352294), 'max_response_time': np.float64(0.4046361446380615), 'min_response_time': np.float64(0.012867212295532227)}
2026-07-24 13:20:05,850 | WARNING  | [ANOMALY] Total anomalies detected: EURGBP-OTC 249
2026-07-24 13:20:05,850 | INFO     | [DataAdapter] M5 anomaly detection completed for EURGBP-OTC
2026-07-24 13:20:05,857 | INFO     | [CSVQueue] Enqueuing write for data_base/csv/iq_option\EURGBP-OTC\EURGBP-OTC_M5.csv - Queue size: 3
2026-07-24 13:20:05,858 | INFO     | [DataAdapter] M5 data refresh completed for EURGBP-OTC
2026-07-24 13:20:05,858 | INFO     | [DataAdapter] Refreshing M15 data for EURGBP-OTC
2026-07-24 13:20:05,861 | ERROR    | [ANOMALY] CONSECUTIVE zero volume: EURGBP-OTC streak 248
2026-07-24 13:20:05,865 | WARNING  | [ANOMALY] Total anomalies detected: GBPUSD-OTC 249
2026-07-24 13:20:05,866 | INFO     | [DataAdapter] M15 anomaly detection completed for GBPUSD-OTC
2026-07-24 13:20:05,870 | INFO     | [DataAdapter] M15 data refresh completed for GBPUSD-OTC
2026-07-24 13:20:05,871 | INFO     | [DataAdapter] Anomaly statistics for GBPUSD-OTC: {'total_calls': 20, 'response_times': [0.013999700546264648, 0.31719064712524414, 0.2949824333190918, 0.03267955780029297, 0.16599440574645996, 0.4046361446380615, 0.3303542137145996, 0.18708395957946777, 0.012867212295532227, 0.29335784912109375, 0.21855616569519043, 0.04597282409667969, 0.016118288040161133, 0.16651606559753418, 0.17901921272277832, 0.04098248481750488, 0.027006864547729492, 0.2834603786468506, 0.20427322387695312, 0.21520233154296875], 'spike_count': 0, 'zero_volume_count': np.int64(11205), 'impossible_candle_count': 0, 'consecutive_anomalies': 0, 'avg_response_time': np.float64(0.17251269817352294), 'max_response_time': np.float64(0.4046361446380615), 'min_response_time': np.float64(0.012867212295532227)}
2026-07-24 13:20:05,875 | WARNING  | [ANOMALY] Total anomalies detected: EURGBP-OTC 249
2026-07-24 13:20:05,876 | INFO     | [CSVWriter] Successfully wrote 357 rows to data_base/csv/iq_option\EURGBP-OTC\EURGBP-OTC_M1.csv
2026-07-24 13:20:05,876 | INFO     | [DataAdapter] M15 anomaly detection completed for EURGBP-OTC
2026-07-24 13:20:05,876 | INFO     | [CSVQueue] Successfully processed write for data_base/csv/iq_option\EURGBP-OTC\EURGBP-OTC_M1.csv
2026-07-24 13:20:05,876 | INFO     | [DataAdapter] M15 data refresh completed for EURGBP-OTC
2026-07-24 13:20:05,876 | INFO     | [CSVQueue] Processing write for data_base/csv/iq_option\EURUSD\EURUSD_M5.csv
2026-07-24 13:20:05,877 | INFO     | [DataAdapter] Anomaly statistics for EURGBP-OTC: {'total_calls': 20, 'response_times': [0.013999700546264648, 0.31719064712524414, 0.2949824333190918, 0.03267955780029297, 0.16599440574645996, 0.4046361446380615, 0.3303542137145996, 0.18708395957946777, 0.012867212295532227, 0.29335784912109375, 0.21855616569519043, 0.04597282409667969, 0.016118288040161133, 0.16651606559753418, 0.17901921272277832, 0.04098248481750488, 0.027006864547729492, 0.2834603786468506, 0.20427322387695312, 0.21520233154296875], 'spike_count': 0, 'zero_volume_count': np.int64(11205), 'impossible_candle_count': 0, 'consecutive_anomalies': 0, 'avg_response_time': np.float64(0.17251269817352294), 'max_response_time': np.float64(0.4046361446380615), 'min_response_time': np.float64(0.012867212295532227)}
2026-07-24 13:20:05,877 | INFO     | [CSVWriter] Writing 249 rows to data_base/csv/iq_option\EURUSD\EURUSD_M5.csv
2026-07-24 13:20:05,888 | ERROR    | [CSVWriter] Failed to write to data_base/csv/iq_option\EURUSD\EURUSD_M5.csv: [WinError 5] Access is denied: 'data_base/csv/iq_option\\EURUSD\\EURUSD_M5.csv.tmp' -> 'data_base/csv/iq_option\\EURUSD\\EURUSD_M5.csv'
2026-07-24 13:20:05,942 | ERROR    | [CSVQueue] Asynchronous write failed for data_base/csv/iq_option\EURUSD\EURUSD_M5.csv: [WinError 5] Access is denied: 'data_base/csv/iq_option\\EURUSD\\EURUSD_M5.csv.tmp' -> 'data_base/csv/iq_option\\EURUSD\\EURUSD_M5.csv'
2026-07-24 13:20:05,943 | ERROR    | [CSVQueue] Error details: PermissionError: [WinError 5] Access is denied: 'data_base/csv/iq_option\\EURUSD\\EURUSD_M5.csv.tmp' -> 'data_base/csv/iq_option\\EURUSD\\EURUSD_M5.csv'
2026-07-24 13:20:05,943 | ERROR    | [CSVQueue] Total errors: 1
2026-07-24 13:20:05,943 | INFO     | [CSVQueue] Processing write for data_base/csv/iq_option\EURUSD-OTC\EURUSD-OTC_M5.csv
2026-07-24 13:20:05,943 | INFO     | [CSVWriter] Writing 249 rows to data_base/csv/iq_option\EURUSD-OTC\EURUSD-OTC_M5.csv
2026-07-24 13:20:05,974 | INFO     | [CSVWriter] Successfully wrote 271 rows to data_base/csv/iq_option\EURUSD-OTC\EURUSD-OTC_M5.csv
2026-07-24 13:20:05,982 | INFO     | [CSVQueue] Successfully processed write for data_base/csv/iq_option\EURUSD-OTC\EURUSD-OTC_M5.csv
2026-07-24 13:20:05,997 | INFO     | [CSVQueue] Processing write for data_base/csv/iq_option\GBPUSD-OTC\GBPUSD-OTC_M5.csv
2026-07-24 13:20:05,997 | INFO     | [CSVWriter] Writing 249 rows to data_base/csv/iq_option\GBPUSD-OTC\GBPUSD-OTC_M5.csv
2026-07-24 13:20:06,008 | INFO     | [CSVWriter] Successfully wrote 271 rows to data_base/csv/iq_option\GBPUSD-OTC\GBPUSD-OTC_M5.csv
2026-07-24 13:20:06,008 | INFO     | [CSVQueue] Successfully processed write for data_base/csv/iq_option\GBPUSD-OTC\GBPUSD-OTC_M5.csv
2026-07-24 13:20:06,008 | INFO     | [CSVQueue] Processing write for data_base/csv/iq_option\EURGBP-OTC\EURGBP-OTC_M5.csv
2026-07-24 13:20:06,008 | INFO     | [CSVWriter] Writing 249 rows to data_base/csv/iq_option\EURGBP-OTC\EURGBP-OTC_M5.csv
2026-07-24 13:20:06,019 | INFO     | [CSVWriter] Successfully wrote 271 rows to data_base/csv/iq_option\EURGBP-OTC\EURGBP-OTC_M5.csv
2026-07-24 13:20:06,019 | INFO     | [CSVQueue] Successfully processed write for data_base/csv/iq_option\EURGBP-OTC\EURGBP-OTC_M5.csv
2026-07-24 13:20:06,019 | INFO     | [CSVQueue] Queue size: 0
2026-07-24 13:20:06,123 | INFO     | [EURUSD:1.13834][EURUSD-OTC:1.15302][GBPUSD-OTC:1.33211][EURGBP-OTC:0.85440] :: TOTAL=$1271.51
2026-07-24 13:21:03,367 | INFO     | [DataAdapter] Starting update for EURUSD
2026-07-24 13:21:03,368 | INFO     | [DataAdapter] Refreshing M1 data for EURUSD
2026-07-24 13:21:03,368 | INFO     | [DataAdapter] Starting update for EURUSD-OTC
2026-07-24 13:21:03,368 | INFO     | [DataAdapter] Refreshing M1 data for EURUSD-OTC
2026-07-24 13:21:03,368 | INFO     | [DataAdapter] Starting update for GBPUSD-OTC
2026-07-24 13:21:03,368 | INFO     | [DataAdapter] Refreshing M1 data for GBPUSD-OTC
2026-07-24 13:21:03,369 | INFO     | [DataAdapter] Starting update for EURGBP-OTC
2026-07-24 13:21:03,383 | INFO     | [DataAdapter] Refreshing M1 data for EURGBP-OTC
2026-07-24 13:21:03,606 | INFO     | [IQOPTION] REST fetch succeeded for EURUSD: 5 candles
2026-07-24 13:21:03,649 | INFO     | [DataAdapter] M1 anomaly detection completed for EURUSD in 0.006s
2026-07-24 13:21:03,781 | INFO     | [CSVQueue] Enqueuing write for data_base/csv/iq_option\EURUSD\EURUSD_M1.csv - Queue size: 0
2026-07-24 13:21:03,797 | INFO     | [DataAdapter] M1 data refresh completed for EURUSD
2026-07-24 13:21:03,813 | INFO     | [CSVQueue] Processing write for data_base/csv/iq_option\EURUSD\EURUSD_M1.csv
2026-07-24 13:21:03,829 | INFO     | [DataAdapter] Refreshing M5 data for EURUSD
2026-07-24 13:21:03,829 | INFO     | [IQOPTION] REST fetch succeeded for EURUSD-OTC: 5 candles
2026-07-24 13:21:03,845 | INFO     | [CSVWriter] Writing 249 rows to data_base/csv/iq_option\EURUSD\EURUSD_M1.csv
2026-07-24 13:21:03,898 | INFO     | [DataAdapter] M5 anomaly detection completed for EURUSD
2026-07-24 13:21:03,942 | ERROR    | [ANOMALY] CONSECUTIVE zero volume: EURUSD-OTC streak 248
2026-07-24 13:21:03,987 | INFO     | [DataAdapter] M5 data refresh completed for EURUSD
2026-07-24 13:21:04,066 | INFO     | [DataAdapter] Refreshing M15 data for EURUSD
2026-07-24 13:21:04,103 | INFO     | [DataAdapter] M15 anomaly detection completed for EURUSD
2026-07-24 13:21:04,105 | INFO     | [DataAdapter] M15 data refresh completed for EURUSD
2026-07-24 13:21:04,105 | INFO     | [IQOPTION] REST fetch succeeded for GBPUSD-OTC: 5 candles
2026-07-24 13:21:04,106 | INFO     | [DataAdapter] Anomaly statistics for EURUSD: {'total_calls': 21, 'response_times': [0.013999700546264648, 0.31719064712524414, 0.2949824333190918, 0.03267955780029297, 0.16599440574645996, 0.4046361446380615, 0.3303542137145996, 0.18708395957946777, 0.012867212295532227, 0.29335784912109375, 0.21855616569519043, 0.04597282409667969, 0.016118288040161133, 0.16651606559753418, 0.17901921272277832, 0.04098248481750488, 0.027006864547729492, 0.2834603786468506, 0.20427322387695312, 0.21520233154296875, 0.006014347076416016], 'spike_count': 0, 'zero_volume_count': np.int64(11454), 'impossible_candle_count': 0, 'consecutive_anomalies': 0, 'avg_response_time': np.float64(0.16458420526413692), 'max_response_time': np.float64(0.4046361446380615), 'min_response_time': np.float64(0.006014347076416016)}
2026-07-24 13:21:04,131 | ERROR    | [ANOMALY] CONSECUTIVE zero volume: GBPUSD-OTC streak 248
2026-07-24 13:21:04,164 | WARNING  | [ANOMALY] Total anomalies detected: EURUSD-OTC 249
2026-07-24 13:21:04,176 | INFO     | [DataAdapter] M1 anomaly detection completed for EURUSD-OTC in 0.248s
2026-07-24 13:21:04,271 | INFO     | [CSVQueue] Enqueuing write for data_base/csv/iq_option\EURUSD-OTC\EURUSD-OTC_M1.csv - Queue size: 0
2026-07-24 13:21:04,303 | INFO     | [DataAdapter] M1 data refresh completed for EURUSD-OTC
2026-07-24 13:21:04,318 | INFO     | [DataAdapter] Refreshing M5 data for EURUSD-OTC
2026-07-24 13:21:04,365 | INFO     | [CSVWriter] Successfully wrote 359 rows to data_base/csv/iq_option\EURUSD\EURUSD_M1.csv
2026-07-24 13:21:04,384 | ERROR    | [ANOMALY] CONSECUTIVE zero volume: EURUSD-OTC streak 248
2026-07-24 13:21:04,384 | INFO     | [CSVQueue] Successfully processed write for data_base/csv/iq_option\EURUSD\EURUSD_M1.csv
2026-07-24 13:21:04,385 | INFO     | [IQOPTION] REST fetch succeeded for EURGBP-OTC: 5 candles
2026-07-24 13:21:04,386 | INFO     | [CSVQueue] Processing write for data_base/csv/iq_option\EURUSD-OTC\EURUSD-OTC_M1.csv
2026-07-24 13:21:04,394 | INFO     | [CSVWriter] Writing 249 rows to data_base/csv/iq_option\EURUSD-OTC\EURUSD-OTC_M1.csv
2026-07-24 13:21:04,398 | ERROR    | [ANOMALY] CONSECUTIVE zero volume: EURGBP-OTC streak 248
2026-07-24 13:21:04,402 | WARNING  | [ANOMALY] Total anomalies detected: GBPUSD-OTC 249
2026-07-24 13:21:04,403 | INFO     | [DataAdapter] M1 anomaly detection completed for GBPUSD-OTC in 0.283s
2026-07-24 13:21:04,410 | INFO     | [CSVQueue] Enqueuing write for data_base/csv/iq_option\GBPUSD-OTC\GBPUSD-OTC_M1.csv - Queue size: 0
2026-07-24 13:21:04,413 | WARNING  | [ANOMALY] Total anomalies detected: EURUSD-OTC 249
2026-07-24 13:21:04,417 | WARNING  | [ANOMALY] Total anomalies detected: EURGBP-OTC 249
2026-07-24 13:21:04,417 | INFO     | [DataAdapter] M1 data refresh completed for GBPUSD-OTC
2026-07-24 13:21:04,417 | INFO     | [DataAdapter] M5 anomaly detection completed for EURUSD-OTC
2026-07-24 13:21:04,418 | INFO     | [DataAdapter] M1 anomaly detection completed for EURGBP-OTC in 0.026s
2026-07-24 13:21:04,420 | INFO     | [DataAdapter] Refreshing M5 data for GBPUSD-OTC
2026-07-24 13:21:04,420 | INFO     | [DataAdapter] M5 data refresh completed for EURUSD-OTC
2026-07-24 13:21:04,426 | ERROR    | [ANOMALY] CONSECUTIVE zero volume: GBPUSD-OTC streak 248
2026-07-24 13:21:04,426 | INFO     | [DataAdapter] Refreshing M15 data for EURUSD-OTC
2026-07-24 13:21:04,431 | INFO     | [CSVQueue] Enqueuing write for data_base/csv/iq_option\EURGBP-OTC\EURGBP-OTC_M1.csv - Queue size: 1
2026-07-24 13:21:04,431 | INFO     | [DataAdapter] M1 data refresh completed for EURGBP-OTC
2026-07-24 13:21:04,433 | ERROR    | [ANOMALY] CONSECUTIVE zero volume: EURUSD-OTC streak 248
2026-07-24 13:21:04,433 | INFO     | [DataAdapter] Refreshing M5 data for EURGBP-OTC
2026-07-24 13:21:04,438 | ERROR    | [ANOMALY] CONSECUTIVE zero volume: EURGBP-OTC streak 248
2026-07-24 13:21:04,440 | INFO     | [CSVWriter] Successfully wrote 358 rows to data_base/csv/iq_option\EURUSD-OTC\EURUSD-OTC_M1.csv
2026-07-24 13:21:04,441 | INFO     | [CSVQueue] Successfully processed write for data_base/csv/iq_option\EURUSD-OTC\EURUSD-OTC_M1.csv
2026-07-24 13:21:04,441 | INFO     | [CSVQueue] Processing write for data_base/csv/iq_option\GBPUSD-OTC\GBPUSD-OTC_M1.csv
2026-07-24 13:21:04,441 | INFO     | [CSVWriter] Writing 249 rows to data_base/csv/iq_option\GBPUSD-OTC\GBPUSD-OTC_M1.csv
2026-07-24 13:21:04,452 | WARNING  | [ANOMALY] Total anomalies detected: GBPUSD-OTC 249
2026-07-24 13:21:04,453 | INFO     | [DataAdapter] M5 anomaly detection completed for GBPUSD-OTC
2026-07-24 13:21:04,454 | INFO     | [DataAdapter] M5 data refresh completed for GBPUSD-OTC
2026-07-24 13:21:04,457 | WARNING  | [ANOMALY] Total anomalies detected: EURUSD-OTC 249
2026-07-24 13:21:04,458 | INFO     | [DataAdapter] Refreshing M15 data for GBPUSD-OTC
2026-07-24 13:21:04,458 | INFO     | [DataAdapter] M15 anomaly detection completed for EURUSD-OTC
2026-07-24 13:21:04,461 | INFO     | [DataAdapter] M15 data refresh completed for EURUSD-OTC
2026-07-24 13:21:04,461 | INFO     | [DataAdapter] Anomaly statistics for EURUSD-OTC: {'total_calls': 24, 'response_times': [0.013999700546264648, 0.31719064712524414, 0.2949824333190918, 0.03267955780029297, 0.16599440574645996, 0.4046361446380615, 0.3303542137145996, 0.18708395957946777, 0.012867212295532227, 0.29335784912109375, 0.21855616569519043, 0.04597282409667969, 0.016118288040161133, 0.16651606559753418, 0.17901921272277832, 0.04098248481750488, 0.027006864547729492, 0.2834603786468506, 0.20427322387695312, 0.21520233154296875, 0.006014347076416016, 0.24805641174316406, 0.2825925350189209, 0.026009082794189453], 'spike_count': 0, 'zero_volume_count': np.int64(12948), 'impossible_candle_count': 0, 'consecutive_anomalies': 0, 'avg_response_time': np.float64(0.16720526417096457), 'max_response_time': np.float64(0.4046361446380615), 'min_response_time': np.float64(0.006014347076416016)}
2026-07-24 13:21:04,468 | ERROR    | [ANOMALY] CONSECUTIVE zero volume: GBPUSD-OTC streak 248
2026-07-24 13:21:04,469 | WARNING  | [ANOMALY] Total anomalies detected: EURGBP-OTC 249
2026-07-24 13:21:04,469 | INFO     | [DataAdapter] M5 anomaly detection completed for EURGBP-OTC
2026-07-24 13:21:04,469 | INFO     | [DataAdapter] M5 data refresh completed for EURGBP-OTC
2026-07-24 13:21:04,469 | INFO     | [DataAdapter] Refreshing M15 data for EURGBP-OTC
2026-07-24 13:21:04,473 | ERROR    | [ANOMALY] CONSECUTIVE zero volume: EURGBP-OTC streak 248
2026-07-24 13:21:04,481 | INFO     | [CSVWriter] Successfully wrote 358 rows to data_base/csv/iq_option\GBPUSD-OTC\GBPUSD-OTC_M1.csv
2026-07-24 13:21:04,481 | INFO     | [CSVQueue] Successfully processed write for data_base/csv/iq_option\GBPUSD-OTC\GBPUSD-OTC_M1.csv
2026-07-24 13:21:04,485 | WARNING  | [ANOMALY] Total anomalies detected: GBPUSD-OTC 249
2026-07-24 13:21:04,488 | WARNING  | [ANOMALY] Total anomalies detected: EURGBP-OTC 249
2026-07-24 13:21:04,488 | INFO     | [CSVQueue] Processing write for data_base/csv/iq_option\EURGBP-OTC\EURGBP-OTC_M1.csv
2026-07-24 13:21:04,488 | INFO     | [DataAdapter] M15 anomaly detection completed for GBPUSD-OTC
2026-07-24 13:21:04,488 | INFO     | [DataAdapter] M15 anomaly detection completed for EURGBP-OTC
2026-07-24 13:21:04,488 | INFO     | [CSVWriter] Writing 249 rows to data_base/csv/iq_option\EURGBP-OTC\EURGBP-OTC_M1.csv
2026-07-24 13:21:04,488 | INFO     | [DataAdapter] M15 data refresh completed for GBPUSD-OTC
2026-07-24 13:21:04,489 | INFO     | [DataAdapter] M15 data refresh completed for EURGBP-OTC
2026-07-24 13:21:04,491 | INFO     | [DataAdapter] Anomaly statistics for GBPUSD-OTC: {'total_calls': 24, 'response_times': [0.013999700546264648, 0.31719064712524414, 0.2949824333190918, 0.03267955780029297, 0.16599440574645996, 0.4046361446380615, 0.3303542137145996, 0.18708395957946777, 0.012867212295532227, 0.29335784912109375, 0.21855616569519043, 0.04597282409667969, 0.016118288040161133, 0.16651606559753418, 0.17901921272277832, 0.04098248481750488, 0.027006864547729492, 0.2834603786468506, 0.20427322387695312, 0.21520233154296875, 0.006014347076416016, 0.24805641174316406, 0.2825925350189209, 0.026009082794189453], 'spike_count': 0, 'zero_volume_count': np.int64(13446), 'impossible_candle_count': 0, 'consecutive_anomalies': 0, 'avg_response_time': np.float64(0.16720526417096457), 'max_response_time': np.float64(0.4046361446380615), 'min_response_time': np.float64(0.006014347076416016)}
2026-07-24 13:21:04,491 | INFO     | [DataAdapter] Anomaly statistics for EURGBP-OTC: {'total_calls': 24, 'response_times': [0.013999700546264648, 0.31719064712524414, 0.2949824333190918, 0.03267955780029297, 0.16599440574645996, 0.4046361446380615, 0.3303542137145996, 0.18708395957946777, 0.012867212295532227, 0.29335784912109375, 0.21855616569519043, 0.04597282409667969, 0.016118288040161133, 0.16651606559753418, 0.17901921272277832, 0.04098248481750488, 0.027006864547729492, 0.2834603786468506, 0.20427322387695312, 0.21520233154296875, 0.006014347076416016, 0.24805641174316406, 0.2825925350189209, 0.026009082794189453], 'spike_count': 0, 'zero_volume_count': np.int64(13446), 'impossible_candle_count': 0, 'consecutive_anomalies': 0, 'avg_response_time': np.float64(0.16720526417096457), 'max_response_time': np.float64(0.4046361446380615), 'min_response_time': np.float64(0.006014347076416016)}
2026-07-24 13:21:04,499 | INFO     | [CSVWriter] Successfully wrote 358 rows to data_base/csv/iq_option\EURGBP-OTC\EURGBP-OTC_M1.csv
2026-07-24 13:21:04,500 | INFO     | [CSVQueue] Successfully processed write for data_base/csv/iq_option\EURGBP-OTC\EURGBP-OTC_M1.csv
2026-07-24 13:21:04,501 | INFO     | [CSVQueue] Queue size: 0
2026-07-24 13:21:04,750 | INFO     | [EURUSD:1.13838][EURUSD-OTC:1.15264][GBPUSD-OTC:1.33234][EURGBP-OTC:0.85420] :: TOTAL=$1271.51
2026-07-24 13:22:04,001 | INFO     | [DataAdapter] Starting update for EURUSD
2026-07-24 13:22:04,001 | INFO     | [DataAdapter] Refreshing M1 data for EURUSD
2026-07-24 13:22:04,001 | INFO     | [DataAdapter] Starting update for EURUSD-OTC
2026-07-24 13:22:04,001 | INFO     | [DataAdapter] Refreshing M1 data for EURUSD-OTC
2026-07-24 13:22:04,002 | INFO     | [DataAdapter] Starting update for GBPUSD-OTC
2026-07-24 13:22:04,002 | INFO     | [DataAdapter] Refreshing M1 data for GBPUSD-OTC
2026-07-24 13:22:04,002 | INFO     | [DataAdapter] Starting update for EURGBP-OTC
2026-07-24 13:22:04,002 | INFO     | [DataAdapter] Refreshing M1 data for EURGBP-OTC
2026-07-24 13:22:04,253 | INFO     | [IQOPTION] REST fetch succeeded for EURUSD: 5 candles
2026-07-24 13:22:04,305 | INFO     | [DataAdapter] M1 anomaly detection completed for EURUSD in 0.030s
2026-07-24 13:22:04,444 | INFO     | [CSVQueue] Enqueuing write for data_base/csv/iq_option\EURUSD\EURUSD_M1.csv - Queue size: 0
2026-07-24 13:22:04,460 | INFO     | [DataAdapter] M1 data refresh completed for EURUSD
2026-07-24 13:22:04,460 | INFO     | [CSVQueue] Processing write for data_base/csv/iq_option\EURUSD\EURUSD_M1.csv
2026-07-24 13:22:04,492 | INFO     | [DataAdapter] Refreshing M5 data for EURUSD
2026-07-24 13:22:04,492 | INFO     | [IQOPTION] REST fetch succeeded for EURUSD-OTC: 5 candles
2026-07-24 13:22:04,556 | INFO     | [CSVWriter] Writing 249 rows to data_base/csv/iq_option\EURUSD\EURUSD_M1.csv
2026-07-24 13:22:04,594 | INFO     | [DataAdapter] M5 anomaly detection completed for EURUSD
2026-07-24 13:22:04,639 | ERROR    | [ANOMALY] CONSECUTIVE zero volume: EURUSD-OTC streak 248
2026-07-24 13:22:04,683 | INFO     | [DataAdapter] M5 data refresh completed for EURUSD
2026-07-24 13:22:04,762 | INFO     | [DataAdapter] Refreshing M15 data for EURUSD
2026-07-24 13:22:04,768 | INFO     | [DataAdapter] M15 anomaly detection completed for EURUSD
2026-07-24 13:22:04,768 | INFO     | [DataAdapter] M15 data refresh completed for EURUSD
2026-07-24 13:22:04,793 | INFO     | [DataAdapter] Anomaly statistics for EURUSD: {'total_calls': 25, 'response_times': [0.013999700546264648, 0.31719064712524414, 0.2949824333190918, 0.03267955780029297, 0.16599440574645996, 0.4046361446380615, 0.3303542137145996, 0.18708395957946777, 0.012867212295532227, 0.29335784912109375, 0.21855616569519043, 0.04597282409667969, 0.016118288040161133, 0.16651606559753418, 0.17901921272277832, 0.04098248481750488, 0.027006864547729492, 0.2834603786468506, 0.20427322387695312, 0.21520233154296875, 0.006014347076416016, 0.24805641174316406, 0.2825925350189209, 0.026009082794189453, 0.03001713752746582], 'spike_count': 0, 'zero_volume_count': np.int64(13695), 'impossible_candle_count': 0, 'consecutive_anomalies': 0, 'avg_response_time': np.float64(0.1617177391052246), 'max_response_time': np.float64(0.4046361446380615), 'min_response_time': np.float64(0.006014347076416016)}
2026-07-24 13:22:04,939 | WARNING  | [ANOMALY] Total anomalies detected: EURUSD-OTC 249
2026-07-24 13:22:04,941 | INFO     | [DataAdapter] M1 anomaly detection completed for EURUSD-OTC in 0.331s
2026-07-24 13:22:04,942 | INFO     | [IQOPTION] REST fetch succeeded for GBPUSD-OTC: 5 candles
2026-07-24 13:22:04,983 | ERROR    | [ANOMALY] CONSECUTIVE zero volume: GBPUSD-OTC streak 248
2026-07-24 13:22:05,046 | INFO     | [CSVQueue] Enqueuing write for data_base/csv/iq_option\EURUSD-OTC\EURUSD-OTC_M1.csv - Queue size: 0
2026-07-24 13:22:05,062 | INFO     | [DataAdapter] M1 data refresh completed for EURUSD-OTC
2026-07-24 13:22:05,062 | INFO     | [DataAdapter] Refreshing M5 data for EURUSD-OTC
2026-07-24 13:22:05,077 | INFO     | [CSVWriter] Successfully wrote 360 rows to data_base/csv/iq_option\EURUSD\EURUSD_M1.csv
2026-07-24 13:22:05,095 | ERROR    | [ANOMALY] CONSECUTIVE zero volume: EURUSD-OTC streak 248
2026-07-24 13:22:05,095 | INFO     | [CSVQueue] Successfully processed write for data_base/csv/iq_option\EURUSD\EURUSD_M1.csv
2026-07-24 13:22:05,217 | INFO     | [IQOPTION] REST fetch succeeded for EURGBP-OTC: 5 candles
2026-07-24 13:22:05,217 | INFO     | [CSVQueue] Processing write for data_base/csv/iq_option\EURUSD-OTC\EURUSD-OTC_M1.csv
2026-07-24 13:22:05,228 | INFO     | [CSVWriter] Writing 249 rows to data_base/csv/iq_option\EURUSD-OTC\EURUSD-OTC_M1.csv
2026-07-24 13:22:05,233 | WARNING  | [ANOMALY] Total anomalies detected: GBPUSD-OTC 249
2026-07-24 13:22:05,235 | ERROR    | [ANOMALY] CONSECUTIVE zero volume: EURGBP-OTC streak 248
2026-07-24 13:22:05,235 | INFO     | [DataAdapter] M1 anomaly detection completed for GBPUSD-OTC in 0.266s
2026-07-24 13:22:05,242 | WARNING  | [ANOMALY] Total anomalies detected: EURUSD-OTC 249
2026-07-24 13:22:05,243 | INFO     | [DataAdapter] M5 anomaly detection completed for EURUSD-OTC
2026-07-24 13:22:05,243 | INFO     | [DataAdapter] M5 data refresh completed for EURUSD-OTC
2026-07-24 13:22:05,243 | INFO     | [DataAdapter] Refreshing M15 data for EURUSD-OTC
2026-07-24 13:22:05,247 | ERROR    | [ANOMALY] CONSECUTIVE zero volume: EURUSD-OTC streak 248
2026-07-24 13:22:05,251 | INFO     | [CSVQueue] Enqueuing write for data_base/csv/iq_option\GBPUSD-OTC\GBPUSD-OTC_M1.csv - Queue size: 0
2026-07-24 13:22:05,252 | INFO     | [DataAdapter] M1 data refresh completed for GBPUSD-OTC
2026-07-24 13:22:05,253 | INFO     | [DataAdapter] Refreshing M5 data for GBPUSD-OTC
2026-07-24 13:22:05,256 | ERROR    | [ANOMALY] CONSECUTIVE zero volume: GBPUSD-OTC streak 248
2026-07-24 13:22:05,260 | WARNING  | [ANOMALY] Total anomalies detected: EURGBP-OTC 249
2026-07-24 13:22:05,261 | INFO     | [DataAdapter] M1 anomaly detection completed for EURGBP-OTC in 0.035s
2026-07-24 13:22:05,268 | INFO     | [CSVQueue] Enqueuing write for data_base/csv/iq_option\EURGBP-OTC\EURGBP-OTC_M1.csv - Queue size: 1
2026-07-24 13:22:05,269 | INFO     | [DataAdapter] M1 data refresh completed for EURGBP-OTC
2026-07-24 13:22:05,269 | INFO     | [DataAdapter] Refreshing M5 data for EURGBP-OTC
2026-07-24 13:22:05,272 | WARNING  | [ANOMALY] Total anomalies detected: GBPUSD-OTC 249
2026-07-24 13:22:05,277 | ERROR    | [ANOMALY] CONSECUTIVE zero volume: EURGBP-OTC streak 248
2026-07-24 13:22:05,278 | INFO     | [DataAdapter] M5 anomaly detection completed for GBPUSD-OTC
2026-07-24 13:22:05,279 | INFO     | [CSVWriter] Successfully wrote 359 rows to data_base/csv/iq_option\EURUSD-OTC\EURUSD-OTC_M1.csv
2026-07-24 13:22:05,280 | INFO     | [DataAdapter] M5 data refresh completed for GBPUSD-OTC
2026-07-24 13:22:05,283 | WARNING  | [ANOMALY] Total anomalies detected: EURUSD-OTC 249
2026-07-24 13:22:05,284 | INFO     | [CSVQueue] Successfully processed write for data_base/csv/iq_option\EURUSD-OTC\EURUSD-OTC_M1.csv
2026-07-24 13:22:05,284 | INFO     | [DataAdapter] Refreshing M15 data for GBPUSD-OTC
2026-07-24 13:22:05,284 | INFO     | [DataAdapter] M15 anomaly detection completed for EURUSD-OTC
2026-07-24 13:22:05,284 | INFO     | [CSVQueue] Processing write for data_base/csv/iq_option\GBPUSD-OTC\GBPUSD-OTC_M1.csv
2026-07-24 13:22:05,288 | ERROR    | [ANOMALY] CONSECUTIVE zero volume: GBPUSD-OTC streak 248
2026-07-24 13:22:05,290 | INFO     | [DataAdapter] M15 data refresh completed for EURUSD-OTC
2026-07-24 13:22:05,290 | INFO     | [CSVWriter] Writing 249 rows to data_base/csv/iq_option\GBPUSD-OTC\GBPUSD-OTC_M1.csv
2026-07-24 13:22:05,291 | INFO     | [DataAdapter] Anomaly statistics for EURUSD-OTC: {'total_calls': 28, 'response_times': [0.013999700546264648, 0.31719064712524414, 0.2949824333190918, 0.03267955780029297, 0.16599440574645996, 0.4046361446380615, 0.3303542137145996, 0.18708395957946777, 0.012867212295532227, 0.29335784912109375, 0.21855616569519043, 0.04597282409667969, 0.016118288040161133, 0.16651606559753418, 0.17901921272277832, 0.04098248481750488, 0.027006864547729492, 0.2834603786468506, 0.20427322387695312, 0.21520233154296875, 0.006014347076416016, 0.24805641174316406, 0.2825925350189209, 0.026009082794189453, 0.03001713752746582, 0.33109354972839355, 0.26633429527282715, 0.03498196601867676], 'spike_count': 0, 'zero_volume_count': np.int64(15438), 'impossible_candle_count': 0, 'consecutive_anomalies': 0, 'avg_response_time': np.float64(0.16697690316608974), 'max_response_time': np.float64(0.4046361446380615), 'min_response_time': np.float64(0.006014347076416016)}
2026-07-24 13:22:05,295 | WARNING  | [ANOMALY] Total anomalies detected: EURGBP-OTC 249
2026-07-24 13:22:05,299 | INFO     | [DataAdapter] M5 anomaly detection completed for EURGBP-OTC
2026-07-24 13:22:05,299 | INFO     | [DataAdapter] M5 data refresh completed for EURGBP-OTC
2026-07-24 13:22:05,300 | INFO     | [DataAdapter] Refreshing M15 data for EURGBP-OTC
2026-07-24 13:22:05,303 | ERROR    | [ANOMALY] CONSECUTIVE zero volume: EURGBP-OTC streak 248
2026-07-24 13:22:05,310 | WARNING  | [ANOMALY] Total anomalies detected: GBPUSD-OTC 249
2026-07-24 13:22:05,311 | INFO     | [DataAdapter] M15 anomaly detection completed for GBPUSD-OTC
2026-07-24 13:22:05,311 | INFO     | [DataAdapter] M15 data refresh completed for GBPUSD-OTC
2026-07-24 13:22:05,311 | INFO     | [DataAdapter] Anomaly statistics for GBPUSD-OTC: {'total_calls': 28, 'response_times': [0.013999700546264648, 0.31719064712524414, 0.2949824333190918, 0.03267955780029297, 0.16599440574645996, 0.4046361446380615, 0.3303542137145996, 0.18708395957946777, 0.012867212295532227, 0.29335784912109375, 0.21855616569519043, 0.04597282409667969, 0.016118288040161133, 0.16651606559753418, 0.17901921272277832, 0.04098248481750488, 0.027006864547729492, 0.2834603786468506, 0.20427322387695312, 0.21520233154296875, 0.006014347076416016, 0.24805641174316406, 0.2825925350189209, 0.026009082794189453, 0.03001713752746582, 0.33109354972839355, 0.26633429527282715, 0.03498196601867676], 'spike_count': 0, 'zero_volume_count': np.int64(15687), 'impossible_candle_count': 0, 'consecutive_anomalies': 0, 'avg_response_time': np.float64(0.16697690316608974), 'max_response_time': np.float64(0.4046361446380615), 'min_response_time': np.float64(0.006014347076416016)}
2026-07-24 13:22:05,321 | WARNING  | [ANOMALY] Total anomalies detected: EURGBP-OTC 249
2026-07-24 13:22:05,322 | INFO     | [DataAdapter] M15 anomaly detection completed for EURGBP-OTC
2026-07-24 13:22:05,322 | INFO     | [DataAdapter] M15 data refresh completed for EURGBP-OTC
2026-07-24 13:22:05,322 | INFO     | [DataAdapter] Anomaly statistics for EURGBP-OTC: {'total_calls': 28, 'response_times': [0.013999700546264648, 0.31719064712524414, 0.2949824333190918, 0.03267955780029297, 0.16599440574645996, 0.4046361446380615, 0.3303542137145996, 0.18708395957946777, 0.012867212295532227, 0.29335784912109375, 0.21855616569519043, 0.04597282409667969, 0.016118288040161133, 0.16651606559753418, 0.17901921272277832, 0.04098248481750488, 0.027006864547729492, 0.2834603786468506, 0.20427322387695312, 0.21520233154296875, 0.006014347076416016, 0.24805641174316406, 0.2825925350189209, 0.026009082794189453, 0.03001713752746582, 0.33109354972839355, 0.26633429527282715, 0.03498196601867676], 'spike_count': 0, 'zero_volume_count': np.int64(15687), 'impossible_candle_count': 0, 'consecutive_anomalies': 0, 'avg_response_time': np.float64(0.16697690316608974), 'max_response_time': np.float64(0.4046361446380615), 'min_response_time': np.float64(0.006014347076416016)}
2026-07-24 13:22:05,323 | INFO     | [CSVWriter] Successfully wrote 359 rows to data_base/csv/iq_option\GBPUSD-OTC\GBPUSD-OTC_M1.csv
2026-07-24 13:22:05,324 | INFO     | [CSVQueue] Successfully processed write for data_base/csv/iq_option\GBPUSD-OTC\GBPUSD-OTC_M1.csv
2026-07-24 13:22:05,324 | INFO     | [CSVQueue] Processing write for data_base/csv/iq_option\EURGBP-OTC\EURGBP-OTC_M1.csv
2026-07-24 13:22:05,324 | INFO     | [CSVWriter] Writing 249 rows to data_base/csv/iq_option\EURGBP-OTC\EURGBP-OTC_M1.csv
2026-07-24 13:22:05,336 | INFO     | [CSVWriter] Successfully wrote 359 rows to data_base/csv/iq_option\EURGBP-OTC\EURGBP-OTC_M1.csv
2026-07-24 13:22:05,338 | INFO     | [CSVQueue] Successfully processed write for data_base/csv/iq_option\EURGBP-OTC\EURGBP-OTC_M1.csv
2026-07-24 13:22:05,338 | INFO     | [CSVQueue] Queue size: 0
2026-07-24 13:22:05,542 | INFO     | [EURUSD:1.13839][EURUSD-OTC:1.15282][GBPUSD-OTC:1.33225][EURGBP-OTC:0.85445] :: TOTAL=$1271.51
2026-07-24 13:23:03,796 | INFO     | [DataAdapter] Starting update for EURUSD
2026-07-24 13:23:03,797 | INFO     | [DataAdapter] Refreshing M1 data for EURUSD
2026-07-24 13:23:03,797 | INFO     | [DataAdapter] Starting update for EURUSD-OTC
2026-07-24 13:23:03,797 | INFO     | [DataAdapter] Refreshing M1 data for EURUSD-OTC
2026-07-24 13:23:03,797 | INFO     | [DataAdapter] Starting update for GBPUSD-OTC
2026-07-24 13:23:03,797 | INFO     | [DataAdapter] Refreshing M1 data for GBPUSD-OTC
2026-07-24 13:23:03,797 | INFO     | [DataAdapter] Starting update for EURGBP-OTC
2026-07-24 13:23:03,798 | INFO     | [DataAdapter] Refreshing M1 data for EURGBP-OTC
2026-07-24 13:23:04,066 | INFO     | [IQOPTION] REST fetch succeeded for EURUSD: 5 candles
2026-07-24 13:23:04,102 | INFO     | [DataAdapter] M1 anomaly detection completed for EURUSD in 0.014s
2026-07-24 13:23:04,225 | INFO     | [CSVQueue] Enqueuing write for data_base/csv/iq_option\EURUSD\EURUSD_M1.csv - Queue size: 0
2026-07-24 13:23:04,240 | INFO     | [DataAdapter] M1 data refresh completed for EURUSD
2026-07-24 13:23:04,240 | INFO     | [DataAdapter] Refreshing M5 data for EURUSD
2026-07-24 13:23:04,246 | INFO     | [DataAdapter] M5 anomaly detection completed for EURUSD
2026-07-24 13:23:04,246 | INFO     | [DataAdapter] M5 data refresh completed for EURUSD
2026-07-24 13:23:04,246 | INFO     | [DataAdapter] Refreshing M15 data for EURUSD
2026-07-24 13:23:04,250 | INFO     | [CSVQueue] Processing write for data_base/csv/iq_option\EURUSD\EURUSD_M1.csv
2026-07-24 13:23:04,250 | INFO     | [CSVWriter] Writing 249 rows to data_base/csv/iq_option\EURUSD\EURUSD_M1.csv
2026-07-24 13:23:04,290 | INFO     | [DataAdapter] M15 anomaly detection completed for EURUSD
2026-07-24 13:23:04,304 | INFO     | [DataAdapter] M15 data refresh completed for EURUSD
2026-07-24 13:23:04,336 | INFO     | [DataAdapter] Anomaly statistics for EURUSD: {'total_calls': 29, 'response_times': [0.013999700546264648, 0.31719064712524414, 0.2949824333190918, 0.03267955780029297, 0.16599440574645996, 0.4046361446380615, 0.3303542137145996, 0.18708395957946777, 0.012867212295532227, 0.29335784912109375, 0.21855616569519043, 0.04597282409667969, 0.016118288040161133, 0.16651606559753418, 0.17901921272277832, 0.04098248481750488, 0.027006864547729492, 0.2834603786468506, 0.20427322387695312, 0.21520233154296875, 0.006014347076416016, 0.24805641174316406, 0.2825925350189209, 0.026009082794189453, 0.03001713752746582, 0.33109354972839355, 0.26633429527282715, 0.03498196601867676, 0.013983488082885742], 'spike_count': 0, 'zero_volume_count': np.int64(15687), 'impossible_candle_count': 0, 'consecutive_anomalies': 0, 'avg_response_time': np.float64(0.16170126816322064), 'max_response_time': np.float64(0.4046361446380615), 'min_response_time': np.float64(0.006014347076416016)}
2026-07-24 13:23:04,337 | INFO     | [IQOPTION] REST fetch succeeded for EURUSD-OTC: 5 candles
2026-07-24 13:23:04,401 | ERROR    | [ANOMALY] CONSECUTIVE zero volume: EURUSD-OTC streak 248
2026-07-24 13:23:04,562 | WARNING  | [ANOMALY] Total anomalies detected: EURUSD-OTC 249
2026-07-24 13:23:04,563 | INFO     | [DataAdapter] M1 anomaly detection completed for EURUSD-OTC in 0.165s
2026-07-24 13:23:04,576 | INFO     | [IQOPTION] REST fetch succeeded for GBPUSD-OTC: 5 candles
2026-07-24 13:23:04,636 | INFO     | [CSVWriter] Successfully wrote 361 rows to data_base/csv/iq_option\EURUSD\EURUSD_M1.csv
2026-07-24 13:23:04,652 | INFO     | [CSVQueue] Successfully processed write for data_base/csv/iq_option\EURUSD\EURUSD_M1.csv
2026-07-24 13:23:04,652 | INFO     | [CSVQueue] Queue size: 0
2026-07-24 13:23:04,652 | INFO     | [CSVQueue] Enqueuing write for data_base/csv/iq_option\EURUSD-OTC\EURUSD-OTC_M1.csv - Queue size: 0
2026-07-24 13:23:04,654 | ERROR    | [ANOMALY] CONSECUTIVE zero volume: GBPUSD-OTC streak 248
2026-07-24 13:23:04,655 | INFO     | [DataAdapter] M1 data refresh completed for EURUSD-OTC
2026-07-24 13:23:04,656 | INFO     | [CSVQueue] Processing write for data_base/csv/iq_option\EURUSD-OTC\EURUSD-OTC_M1.csv
2026-07-24 13:23:04,668 | INFO     | [DataAdapter] Refreshing M5 data for EURUSD-OTC
2026-07-24 13:23:04,684 | INFO     | [CSVWriter] Writing 249 rows to data_base/csv/iq_option\EURUSD-OTC\EURUSD-OTC_M1.csv
2026-07-24 13:23:04,702 | ERROR    | [ANOMALY] CONSECUTIVE zero volume: EURUSD-OTC streak 248
2026-07-24 13:23:04,829 | WARNING  | [ANOMALY] Total anomalies detected: GBPUSD-OTC 249
2026-07-24 13:23:04,829 | INFO     | [DataAdapter] M1 anomaly detection completed for GBPUSD-OTC in 0.203s
2026-07-24 13:23:04,905 | INFO     | [CSVQueue] Enqueuing write for data_base/csv/iq_option\GBPUSD-OTC\GBPUSD-OTC_M1.csv - Queue size: 0
2026-07-24 13:23:04,905 | INFO     | [DataAdapter] M1 data refresh completed for GBPUSD-OTC
2026-07-24 13:23:04,921 | INFO     | [DataAdapter] Refreshing M5 data for GBPUSD-OTC
2026-07-24 13:23:04,939 | ERROR    | [ANOMALY] CONSECUTIVE zero volume: GBPUSD-OTC streak 248
2026-07-24 13:23:04,973 | WARNING  | [ANOMALY] Total anomalies detected: EURUSD-OTC 249
2026-07-24 13:23:04,973 | INFO     | [IQOPTION] REST fetch succeeded for EURGBP-OTC: 5 candles
2026-07-24 13:23:04,974 | INFO     | [DataAdapter] M5 anomaly detection completed for EURUSD-OTC
2026-07-24 13:23:04,978 | INFO     | [DataAdapter] M5 data refresh completed for EURUSD-OTC
2026-07-24 13:23:04,981 | INFO     | [DataAdapter] Refreshing M15 data for EURUSD-OTC
2026-07-24 13:23:04,985 | ERROR    | [ANOMALY] CONSECUTIVE zero volume: EURGBP-OTC streak 248
2026-07-24 13:23:04,990 | ERROR    | [ANOMALY] CONSECUTIVE zero volume: EURUSD-OTC streak 248
2026-07-24 13:23:04,998 | INFO     | [CSVWriter] Successfully wrote 360 rows to data_base/csv/iq_option\EURUSD-OTC\EURUSD-OTC_M1.csv
2026-07-24 13:23:04,998 | INFO     | [CSVQueue] Successfully processed write for data_base/csv/iq_option\EURUSD-OTC\EURUSD-OTC_M1.csv
2026-07-24 13:23:05,002 | WARNING  | [ANOMALY] Total anomalies detected: EURGBP-OTC 249
2026-07-24 13:23:05,005 | WARNING  | [ANOMALY] Total anomalies detected: GBPUSD-OTC 249
2026-07-24 13:23:05,005 | INFO     | [CSVQueue] Processing write for data_base/csv/iq_option\GBPUSD-OTC\GBPUSD-OTC_M1.csv
2026-07-24 13:23:05,007 | INFO     | [DataAdapter] M1 anomaly detection completed for EURGBP-OTC in 0.026s
2026-07-24 13:23:05,008 | INFO     | [DataAdapter] M5 anomaly detection completed for GBPUSD-OTC
2026-07-24 13:23:05,008 | INFO     | [CSVWriter] Writing 249 rows to data_base/csv/iq_option\GBPUSD-OTC\GBPUSD-OTC_M1.csv
2026-07-24 13:23:05,010 | INFO     | [DataAdapter] M5 data refresh completed for GBPUSD-OTC
2026-07-24 13:23:05,013 | INFO     | [DataAdapter] Refreshing M15 data for GBPUSD-OTC
2026-07-24 13:23:05,016 | WARNING  | [ANOMALY] Total anomalies detected: EURUSD-OTC 249
2026-07-24 13:23:05,020 | ERROR    | [ANOMALY] CONSECUTIVE zero volume: GBPUSD-OTC streak 248
2026-07-24 13:23:05,020 | INFO     | [CSVQueue] Enqueuing write for data_base/csv/iq_option\EURGBP-OTC\EURGBP-OTC_M1.csv - Queue size: 0
2026-07-24 13:23:05,020 | INFO     | [DataAdapter] M15 anomaly detection completed for EURUSD-OTC
2026-07-24 13:23:05,022 | INFO     | [DataAdapter] M1 data refresh completed for EURGBP-OTC
2026-07-24 13:23:05,022 | INFO     | [DataAdapter] M15 data refresh completed for EURUSD-OTC
2026-07-24 13:23:05,022 | INFO     | [DataAdapter] Refreshing M5 data for EURGBP-OTC
2026-07-24 13:23:05,023 | INFO     | [DataAdapter] Anomaly statistics for EURUSD-OTC: {'total_calls': 32, 'response_times': [0.013999700546264648, 0.31719064712524414, 0.2949824333190918, 0.03267955780029297, 0.16599440574645996, 0.4046361446380615, 0.3303542137145996, 0.18708395957946777, 0.012867212295532227, 0.29335784912109375, 0.21855616569519043, 0.04597282409667969, 0.016118288040161133, 0.16651606559753418, 0.17901921272277832, 0.04098248481750488, 0.027006864547729492, 0.2834603786468506, 0.20427322387695312, 0.21520233154296875, 0.006014347076416016, 0.24805641174316406, 0.2825925350189209, 0.026009082794189453, 0.03001713752746582, 0.33109354972839355, 0.26633429527282715, 0.03498196601867676, 0.013983488082885742, 0.16509389877319336, 0.203139066696167, 0.02601027488708496], 'spike_count': 0, 'zero_volume_count': np.int64(17430), 'impossible_candle_count': 0, 'consecutive_anomalies': 0, 'avg_response_time': np.float64(0.15886187553405762), 'max_response_time': np.float64(0.4046361446380615), 'min_response_time': np.float64(0.006014347076416016)}
2026-07-24 13:23:05,028 | ERROR    | [ANOMALY] CONSECUTIVE zero volume: EURGBP-OTC streak 248
2026-07-24 13:23:05,052 | WARNING  | [ANOMALY] Total anomalies detected: GBPUSD-OTC 249
2026-07-24 13:23:05,052 | INFO     | [DataAdapter] M15 anomaly detection completed for GBPUSD-OTC
2026-07-24 13:23:05,052 | INFO     | [DataAdapter] M15 data refresh completed for GBPUSD-OTC
2026-07-24 13:23:05,053 | INFO     | [DataAdapter] Anomaly statistics for GBPUSD-OTC: {'total_calls': 32, 'response_times': [0.013999700546264648, 0.31719064712524414, 0.2949824333190918, 0.03267955780029297, 0.16599440574645996, 0.4046361446380615, 0.3303542137145996, 0.18708395957946777, 0.012867212295532227, 0.29335784912109375, 0.21855616569519043, 0.04597282409667969, 0.016118288040161133, 0.16651606559753418, 0.17901921272277832, 0.04098248481750488, 0.027006864547729492, 0.2834603786468506, 0.20427322387695312, 0.21520233154296875, 0.006014347076416016, 0.24805641174316406, 0.2825925350189209, 0.026009082794189453, 0.03001713752746582, 0.33109354972839355, 0.26633429527282715, 0.03498196601867676, 0.013983488082885742, 0.16509389877319336, 0.203139066696167, 0.02601027488708496], 'spike_count': 0, 'zero_volume_count': np.int64(17679), 'impossible_candle_count': 0, 'consecutive_anomalies': 0, 'avg_response_time': np.float64(0.15886187553405762), 'max_response_time': np.float64(0.4046361446380615), 'min_response_time': np.float64(0.006014347076416016)}
2026-07-24 13:23:05,072 | INFO     | [CSVWriter] Successfully wrote 360 rows to data_base/csv/iq_option\GBPUSD-OTC\GBPUSD-OTC_M1.csv
2026-07-24 13:23:05,072 | INFO     | [CSVQueue] Successfully processed write for data_base/csv/iq_option\GBPUSD-OTC\GBPUSD-OTC_M1.csv
2026-07-24 13:23:05,072 | INFO     | [CSVQueue] Processing write for data_base/csv/iq_option\EURGBP-OTC\EURGBP-OTC_M1.csv
2026-07-24 13:23:05,072 | INFO     | [CSVWriter] Writing 249 rows to data_base/csv/iq_option\EURGBP-OTC\EURGBP-OTC_M1.csv
2026-07-24 13:23:05,082 | WARNING  | [ANOMALY] Total anomalies detected: EURGBP-OTC 249
2026-07-24 13:23:05,082 | INFO     | [DataAdapter] M5 anomaly detection completed for EURGBP-OTC
2026-07-24 13:23:05,082 | INFO     | [DataAdapter] M5 data refresh completed for EURGBP-OTC
2026-07-24 13:23:05,082 | INFO     | [DataAdapter] Refreshing M15 data for EURGBP-OTC
2026-07-24 13:23:05,092 | ERROR    | [ANOMALY] CONSECUTIVE zero volume: EURGBP-OTC streak 248
2026-07-24 13:23:05,099 | INFO     | [CSVWriter] Successfully wrote 360 rows to data_base/csv/iq_option\EURGBP-OTC\EURGBP-OTC_M1.csv
2026-07-24 13:23:05,099 | INFO     | [CSVQueue] Successfully processed write for data_base/csv/iq_option\EURGBP-OTC\EURGBP-OTC_M1.csv
2026-07-24 13:23:05,099 | INFO     | [CSVQueue] Queue size: 0
2026-07-24 13:23:05,104 | WARNING  | [ANOMALY] Total anomalies detected: EURGBP-OTC 249
2026-07-24 13:23:05,104 | INFO     | [DataAdapter] M15 anomaly detection completed for EURGBP-OTC
2026-07-24 13:23:05,104 | INFO     | [DataAdapter] M15 data refresh completed for EURGBP-OTC
2026-07-24 13:23:05,104 | INFO     | [DataAdapter] Anomaly statistics for EURGBP-OTC: {'total_calls': 32, 'response_times': [0.013999700546264648, 0.31719064712524414, 0.2949824333190918, 0.03267955780029297, 0.16599440574645996, 0.4046361446380615, 0.3303542137145996, 0.18708395957946777, 0.012867212295532227, 0.29335784912109375, 0.21855616569519043, 0.04597282409667969, 0.016118288040161133, 0.16651606559753418, 0.17901921272277832, 0.04098248481750488, 0.027006864547729492, 0.2834603786468506, 0.20427322387695312, 0.21520233154296875, 0.006014347076416016, 0.24805641174316406, 0.2825925350189209, 0.026009082794189453, 0.03001713752746582, 0.33109354972839355, 0.26633429527282715, 0.03498196601867676, 0.013983488082885742, 0.16509389877319336, 0.203139066696167, 0.02601027488708496], 'spike_count': 0, 'zero_volume_count': np.int64(17928), 'impossible_candle_count': 0, 'consecutive_anomalies': 0, 'avg_response_time': np.float64(0.15886187553405762), 'max_response_time': np.float64(0.4046361446380615), 'min_response_time': np.float64(0.006014347076416016)}
2026-07-24 13:23:05,319 | INFO     | [EURUSD:1.13850][EURUSD-OTC:1.15328][GBPUSD-OTC:1.33296][EURGBP-OTC:0.85418] :: TOTAL=$1271.51
2026-07-24 13:24:03,595 | INFO     | [DataAdapter] Starting update for EURUSD
2026-07-24 13:24:03,596 | INFO     | [DataAdapter] Refreshing M1 data for EURUSD
2026-07-24 13:24:03,596 | INFO     | [DataAdapter] Starting update for EURUSD-OTC
2026-07-24 13:24:03,596 | INFO     | [DataAdapter] Refreshing M1 data for EURUSD-OTC
2026-07-24 13:24:03,596 | INFO     | [DataAdapter] Starting update for GBPUSD-OTC
2026-07-24 13:24:03,597 | INFO     | [DataAdapter] Refreshing M1 data for GBPUSD-OTC
2026-07-24 13:24:03,597 | INFO     | [DataAdapter] Starting update for EURGBP-OTC
2026-07-24 13:24:03,597 | INFO     | [DataAdapter] Refreshing M1 data for EURGBP-OTC
2026-07-24 13:24:03,879 | INFO     | [IQOPTION] REST fetch succeeded for EURUSD: 5 candles
2026-07-24 13:24:03,915 | INFO     | [DataAdapter] M1 anomaly detection completed for EURUSD in 0.016s
2026-07-24 13:24:04,036 | INFO     | [CSVQueue] Enqueuing write for data_base/csv/iq_option\EURUSD\EURUSD_M1.csv - Queue size: 0
2026-07-24 13:24:04,052 | INFO     | [DataAdapter] M1 data refresh completed for EURUSD
2026-07-24 13:24:04,068 | INFO     | [CSVQueue] Processing write for data_base/csv/iq_option\EURUSD\EURUSD_M1.csv
2026-07-24 13:24:04,068 | INFO     | [DataAdapter] Refreshing M5 data for EURUSD
2026-07-24 13:24:04,130 | INFO     | [CSVWriter] Writing 249 rows to data_base/csv/iq_option\EURUSD\EURUSD_M1.csv
2026-07-24 13:24:04,168 | INFO     | [DataAdapter] M5 anomaly detection completed for EURUSD
2026-07-24 13:24:04,168 | INFO     | [IQOPTION] REST fetch succeeded for EURUSD-OTC: 5 candles
2026-07-24 13:24:04,193 | INFO     | [DataAdapter] M5 data refresh completed for EURUSD
2026-07-24 13:24:04,273 | INFO     | [DataAdapter] Refreshing M15 data for EURUSD
2026-07-24 13:24:04,294 | INFO     | [DataAdapter] M15 anomaly detection completed for EURUSD
2026-07-24 13:24:04,296 | ERROR    | [ANOMALY] CONSECUTIVE zero volume: EURUSD-OTC streak 248
2026-07-24 13:24:04,336 | INFO     | [DataAdapter] M15 data refresh completed for EURUSD
2026-07-24 13:24:04,384 | INFO     | [DataAdapter] Anomaly statistics for EURUSD: {'total_calls': 33, 'response_times': [0.013999700546264648, 0.31719064712524414, 0.2949824333190918, 0.03267955780029297, 0.16599440574645996, 0.4046361446380615, 0.3303542137145996, 0.18708395957946777, 0.012867212295532227, 0.29335784912109375, 0.21855616569519043, 0.04597282409667969, 0.016118288040161133, 0.16651606559753418, 0.17901921272277832, 0.04098248481750488, 0.027006864547729492, 0.2834603786468506, 0.20427322387695312, 0.21520233154296875, 0.006014347076416016, 0.24805641174316406, 0.2825925350189209, 0.026009082794189453, 0.03001713752746582, 0.33109354972839355, 0.26633429527282715, 0.03498196601867676, 0.013983488082885742, 0.16509389877319336, 0.203139066696167, 0.02601027488708496, 0.015662193298339844], 'spike_count': 0, 'zero_volume_count': np.int64(18177), 'impossible_candle_count': 0, 'consecutive_anomalies': 0, 'avg_response_time': np.float64(0.15452249122388434), 'max_response_time': np.float64(0.4046361446380615), 'min_response_time': np.float64(0.006014347076416016)}
2026-07-24 13:24:04,451 | INFO     | [IQOPTION] REST fetch succeeded for GBPUSD-OTC: 5 candles
2026-07-24 13:24:04,498 | ERROR    | [ANOMALY] CONSECUTIVE zero volume: GBPUSD-OTC streak 248
2026-07-24 13:24:04,531 | WARNING  | [ANOMALY] Total anomalies detected: EURUSD-OTC 249
2026-07-24 13:24:04,532 | INFO     | [DataAdapter] M1 anomaly detection completed for EURUSD-OTC in 0.286s
2026-07-24 13:24:04,575 | INFO     | [CSVWriter] Successfully wrote 362 rows to data_base/csv/iq_option\EURUSD\EURUSD_M1.csv
2026-07-24 13:24:04,575 | INFO     | [CSVQueue] Successfully processed write for data_base/csv/iq_option\EURUSD\EURUSD_M1.csv
2026-07-24 13:24:04,575 | INFO     | [CSVQueue] Queue size: 0
2026-07-24 13:24:04,607 | INFO     | [CSVQueue] Enqueuing write for data_base/csv/iq_option\EURUSD-OTC\EURUSD-OTC_M1.csv - Queue size: 0
2026-07-24 13:24:04,607 | INFO     | [DataAdapter] M1 data refresh completed for EURUSD-OTC
2026-07-24 13:24:04,623 | INFO     | [DataAdapter] Refreshing M5 data for EURUSD-OTC
2026-07-24 13:24:04,623 | INFO     | [CSVQueue] Processing write for data_base/csv/iq_option\EURUSD-OTC\EURUSD-OTC_M1.csv
2026-07-24 13:24:04,626 | WARNING  | [ANOMALY] Total anomalies detected: GBPUSD-OTC 249
2026-07-24 13:24:04,630 | ERROR    | [ANOMALY] CONSECUTIVE zero volume: EURUSD-OTC streak 248
2026-07-24 13:24:04,639 | INFO     | [CSVWriter] Writing 249 rows to data_base/csv/iq_option\EURUSD-OTC\EURUSD-OTC_M1.csv
2026-07-24 13:24:04,639 | INFO     | [DataAdapter] M1 anomaly detection completed for GBPUSD-OTC in 0.169s
2026-07-24 13:24:04,782 | INFO     | [IQOPTION] REST fetch succeeded for EURGBP-OTC: 5 candles
2026-07-24 13:24:04,783 | INFO     | [CSVQueue] Enqueuing write for data_base/csv/iq_option\GBPUSD-OTC\GBPUSD-OTC_M1.csv - Queue size: 0
2026-07-24 13:24:04,793 | ERROR    | [ANOMALY] CONSECUTIVE zero volume: EURGBP-OTC streak 248
2026-07-24 13:24:04,794 | INFO     | [DataAdapter] M1 data refresh completed for GBPUSD-OTC
2026-07-24 13:24:04,795 | INFO     | [DataAdapter] Refreshing M5 data for GBPUSD-OTC
2026-07-24 13:24:04,798 | ERROR    | [ANOMALY] CONSECUTIVE zero volume: GBPUSD-OTC streak 248
2026-07-24 13:24:04,806 | WARNING  | [ANOMALY] Total anomalies detected: EURUSD-OTC 249
2026-07-24 13:24:04,808 | INFO     | [DataAdapter] M5 anomaly detection completed for EURUSD-OTC
2026-07-24 13:24:04,810 | INFO     | [DataAdapter] M5 data refresh completed for EURUSD-OTC
2026-07-24 13:24:04,811 | INFO     | [DataAdapter] Refreshing M15 data for EURUSD-OTC
2026-07-24 13:24:04,815 | ERROR    | [ANOMALY] CONSECUTIVE zero volume: EURUSD-OTC streak 248
2026-07-24 13:24:04,818 | WARNING  | [ANOMALY] Total anomalies detected: EURGBP-OTC 249
2026-07-24 13:24:04,820 | INFO     | [DataAdapter] M1 anomaly detection completed for EURGBP-OTC in 0.031s
2026-07-24 13:24:04,826 | INFO     | [CSVQueue] Enqueuing write for data_base/csv/iq_option\EURGBP-OTC\EURGBP-OTC_M1.csv - Queue size: 1
2026-07-24 13:24:04,827 | INFO     | [DataAdapter] M1 data refresh completed for EURGBP-OTC
2026-07-24 13:24:04,827 | INFO     | [DataAdapter] Refreshing M5 data for EURGBP-OTC
2026-07-24 13:24:04,830 | ERROR    | [ANOMALY] CONSECUTIVE zero volume: EURGBP-OTC streak 248
2026-07-24 13:24:04,834 | WARNING  | [ANOMALY] Total anomalies detected: GBPUSD-OTC 249
2026-07-24 13:24:04,835 | INFO     | [DataAdapter] M5 anomaly detection completed for GBPUSD-OTC
2026-07-24 13:24:04,839 | WARNING  | [ANOMALY] Total anomalies detected: EURUSD-OTC 249
2026-07-24 13:24:04,839 | INFO     | [DataAdapter] M5 data refresh completed for GBPUSD-OTC
2026-07-24 13:24:04,839 | INFO     | [CSVWriter] Successfully wrote 361 rows to data_base/csv/iq_option\EURUSD-OTC\EURUSD-OTC_M1.csv
2026-07-24 13:24:04,841 | INFO     | [DataAdapter] M15 anomaly detection completed for EURUSD-OTC
2026-07-24 13:24:04,841 | INFO     | [DataAdapter] Refreshing M15 data for GBPUSD-OTC
2026-07-24 13:24:04,842 | INFO     | [CSVQueue] Successfully processed write for data_base/csv/iq_option\EURUSD-OTC\EURUSD-OTC_M1.csv
2026-07-24 13:24:04,842 | INFO     | [DataAdapter] M15 data refresh completed for EURUSD-OTC
2026-07-24 13:24:04,846 | ERROR    | [ANOMALY] CONSECUTIVE zero volume: GBPUSD-OTC streak 248
2026-07-24 13:24:04,846 | INFO     | [CSVQueue] Processing write for data_base/csv/iq_option\GBPUSD-OTC\GBPUSD-OTC_M1.csv
2026-07-24 13:24:04,849 | WARNING  | [ANOMALY] Total anomalies detected: EURGBP-OTC 249
2026-07-24 13:24:04,850 | INFO     | [DataAdapter] Anomaly statistics for EURUSD-OTC: {'total_calls': 36, 'response_times': [0.013999700546264648, 0.31719064712524414, 0.2949824333190918, 0.03267955780029297, 0.16599440574645996, 0.4046361446380615, 0.3303542137145996, 0.18708395957946777, 0.012867212295532227, 0.29335784912109375, 0.21855616569519043, 0.04597282409667969, 0.016118288040161133, 0.16651606559753418, 0.17901921272277832, 0.04098248481750488, 0.027006864547729492, 0.2834603786468506, 0.20427322387695312, 0.21520233154296875, 0.006014347076416016, 0.24805641174316406, 0.2825925350189209, 0.026009082794189453, 0.03001713752746582, 0.33109354972839355, 0.26633429527282715, 0.03498196601867676, 0.013983488082885742, 0.16509389877319336, 0.203139066696167, 0.02601027488708496, 0.015662193298339844, 0.285672664642334, 0.16912531852722168, 0.031012296676635742], 'spike_count': 0, 'zero_volume_count': np.int64(19920), 'impossible_candle_count': 0, 'consecutive_anomalies': 0, 'avg_response_time': np.float64(0.15514034695095485), 'max_response_time': np.float64(0.4046361446380615), 'min_response_time': np.float64(0.006014347076416016)}
2026-07-24 13:24:04,851 | INFO     | [CSVWriter] Writing 249 rows to data_base/csv/iq_option\GBPUSD-OTC\GBPUSD-OTC_M1.csv
2026-07-24 13:24:04,851 | INFO     | [DataAdapter] M5 anomaly detection completed for EURGBP-OTC
2026-07-24 13:24:04,853 | INFO     | [DataAdapter] M5 data refresh completed for EURGBP-OTC
2026-07-24 13:24:04,853 | INFO     | [DataAdapter] Refreshing M15 data for EURGBP-OTC
2026-07-24 13:24:04,857 | ERROR    | [ANOMALY] CONSECUTIVE zero volume: EURGBP-OTC streak 248
2026-07-24 13:24:04,867 | WARNING  | [ANOMALY] Total anomalies detected: GBPUSD-OTC 249
2026-07-24 13:24:04,868 | INFO     | [DataAdapter] M15 anomaly detection completed for GBPUSD-OTC
2026-07-24 13:24:04,869 | INFO     | [DataAdapter] M15 data refresh completed for GBPUSD-OTC
2026-07-24 13:24:04,870 | INFO     | [DataAdapter] Anomaly statistics for GBPUSD-OTC: {'total_calls': 36, 'response_times': [0.013999700546264648, 0.31719064712524414, 0.2949824333190918, 0.03267955780029297, 0.16599440574645996, 0.4046361446380615, 0.3303542137145996, 0.18708395957946777, 0.012867212295532227, 0.29335784912109375, 0.21855616569519043, 0.04597282409667969, 0.016118288040161133, 0.16651606559753418, 0.17901921272277832, 0.04098248481750488, 0.027006864547729492, 0.2834603786468506, 0.20427322387695312, 0.21520233154296875, 0.006014347076416016, 0.24805641174316406, 0.2825925350189209, 0.026009082794189453, 0.03001713752746582, 0.33109354972839355, 0.26633429527282715, 0.03498196601867676, 0.013983488082885742, 0.16509389877319336, 0.203139066696167, 0.02601027488708496, 0.015662193298339844, 0.285672664642334, 0.16912531852722168, 0.031012296676635742], 'spike_count': 0, 'zero_volume_count': np.int64(20169), 'impossible_candle_count': 0, 'consecutive_anomalies': 0, 'avg_response_time': np.float64(0.15514034695095485), 'max_response_time': np.float64(0.4046361446380615), 'min_response_time': np.float64(0.006014347076416016)}
2026-07-24 13:24:04,873 | WARNING  | [ANOMALY] Total anomalies detected: EURGBP-OTC 249
2026-07-24 13:24:04,874 | INFO     | [DataAdapter] M15 anomaly detection completed for EURGBP-OTC
2026-07-24 13:24:04,874 | INFO     | [DataAdapter] M15 data refresh completed for EURGBP-OTC
2026-07-24 13:24:04,874 | INFO     | [DataAdapter] Anomaly statistics for EURGBP-OTC: {'total_calls': 36, 'response_times': [0.013999700546264648, 0.31719064712524414, 0.2949824333190918, 0.03267955780029297, 0.16599440574645996, 0.4046361446380615, 0.3303542137145996, 0.18708395957946777, 0.012867212295532227, 0.29335784912109375, 0.21855616569519043, 0.04597282409667969, 0.016118288040161133, 0.16651606559753418, 0.17901921272277832, 0.04098248481750488, 0.027006864547729492, 0.2834603786468506, 0.20427322387695312, 0.21520233154296875, 0.006014347076416016, 0.24805641174316406, 0.2825925350189209, 0.026009082794189453, 0.03001713752746582, 0.33109354972839355, 0.26633429527282715, 0.03498196601867676, 0.013983488082885742, 0.16509389877319336, 0.203139066696167, 0.02601027488708496, 0.015662193298339844, 0.285672664642334, 0.16912531852722168, 0.031012296676635742], 'spike_count': 0, 'zero_volume_count': np.int64(20169), 'impossible_candle_count': 0, 'consecutive_anomalies': 0, 'avg_response_time': np.float64(0.15514034695095485), 'max_response_time': np.float64(0.4046361446380615), 'min_response_time': np.float64(0.006014347076416016)}
2026-07-24 13:24:04,878 | INFO     | [CSVWriter] Successfully wrote 361 rows to data_base/csv/iq_option\GBPUSD-OTC\GBPUSD-OTC_M1.csv
2026-07-24 13:24:04,878 | INFO     | [CSVQueue] Successfully processed write for data_base/csv/iq_option\GBPUSD-OTC\GBPUSD-OTC_M1.csv
2026-07-24 13:24:04,878 | INFO     | [CSVQueue] Processing write for data_base/csv/iq_option\EURGBP-OTC\EURGBP-OTC_M1.csv
2026-07-24 13:24:04,879 | INFO     | [CSVWriter] Writing 249 rows to data_base/csv/iq_option\EURGBP-OTC\EURGBP-OTC_M1.csv
2026-07-24 13:24:04,891 | INFO     | [CSVWriter] Successfully wrote 361 rows to data_base/csv/iq_option\EURGBP-OTC\EURGBP-OTC_M1.csv
2026-07-24 13:24:04,899 | INFO     | [CSVQueue] Successfully processed write for data_base/csv/iq_option\EURGBP-OTC\EURGBP-OTC_M1.csv
2026-07-24 13:24:04,899 | INFO     | [CSVQueue] Queue size: 0
2026-07-24 13:24:05,130 | INFO     | [EURUSD:1.13850][EURUSD-OTC:1.15250][GBPUSD-OTC:1.33305][EURGBP-OTC:0.85430] :: TOTAL=$1271.51
2026-07-24 13:25:03,410 | INFO     | [DataAdapter] Starting update for EURUSD
2026-07-24 13:25:03,410 | INFO     | [DataAdapter] Refreshing M1 data for EURUSD
2026-07-24 13:25:03,410 | INFO     | [DataAdapter] Starting update for EURUSD-OTC
2026-07-24 13:25:03,410 | INFO     | [DataAdapter] Refreshing M1 data for EURUSD-OTC
2026-07-24 13:25:03,410 | INFO     | [DataAdapter] Starting update for GBPUSD-OTC
2026-07-24 13:25:03,411 | INFO     | [DataAdapter] Refreshing M1 data for GBPUSD-OTC
2026-07-24 13:25:03,411 | INFO     | [DataAdapter] Starting update for EURGBP-OTC
2026-07-24 13:25:03,411 | INFO     | [DataAdapter] Refreshing M1 data for EURGBP-OTC
2026-07-24 13:25:03,741 | INFO     | [IQOPTION] REST fetch succeeded for EURUSD: 5 candles
2026-07-24 13:25:03,825 | INFO     | [DataAdapter] M1 anomaly detection completed for EURUSD in 0.021s
2026-07-24 13:25:03,914 | INFO     | [CSVQueue] Enqueuing write for data_base/csv/iq_option\EURUSD\EURUSD_M1.csv - Queue size: 0
2026-07-24 13:25:03,930 | INFO     | [DataAdapter] M1 data refresh completed for EURUSD
2026-07-24 13:25:03,946 | INFO     | [DataAdapter] Refreshing M5 data for EURUSD
2026-07-24 13:25:03,946 | INFO     | [CSVQueue] Processing write for data_base/csv/iq_option\EURUSD\EURUSD_M1.csv
2026-07-24 13:25:03,962 | INFO     | [CSVWriter] Writing 249 rows to data_base/csv/iq_option\EURUSD\EURUSD_M1.csv
2026-07-24 13:25:03,981 | INFO     | [IQOPTION] REST fetch succeeded for EURUSD-OTC: 5 candles
2026-07-24 13:25:04,027 | ERROR    | [ANOMALY] CONSECUTIVE zero volume: EURUSD-OTC streak 248
2026-07-24 13:25:04,187 | WARNING  | [ANOMALY] Total anomalies detected: EURUSD-OTC 249
2026-07-24 13:25:04,199 | INFO     | [DataAdapter] M1 anomaly detection completed for EURUSD-OTC in 0.199s
2026-07-24 13:25:04,219 | INFO     | [IQOPTION] REST fetch succeeded for GBPUSD-OTC: 5 candles
2026-07-24 13:25:04,219 | INFO     | [CSVQueue] Enqueuing write for data_base/csv/iq_option\EURUSD-OTC\EURUSD-OTC_M1.csv - Queue size: 0
2026-07-24 13:25:04,226 | INFO     | [DataAdapter] M1 data refresh completed for EURUSD-OTC
2026-07-24 13:25:04,262 | INFO     | [DataAdapter] Refreshing M5 data for EURUSD-OTC
2026-07-24 13:25:04,278 | INFO     | [CSVWriter] Successfully wrote 363 rows to data_base/csv/iq_option\EURUSD\EURUSD_M1.csv
2026-07-24 13:25:04,281 | ERROR    | [ANOMALY] CONSECUTIVE zero volume: GBPUSD-OTC streak 248
2026-07-24 13:25:04,310 | INFO     | [CSVQueue] Successfully processed write for data_base/csv/iq_option\EURUSD\EURUSD_M1.csv
2026-07-24 13:25:04,390 | INFO     | [CSVQueue] Processing write for data_base/csv/iq_option\EURUSD-OTC\EURUSD-OTC_M1.csv
2026-07-24 13:25:04,390 | INFO     | [CSVWriter] Writing 249 rows to data_base/csv/iq_option\EURUSD-OTC\EURUSD-OTC_M1.csv
2026-07-24 13:25:04,552 | WARNING  | [ANOMALY] Total anomalies detected: GBPUSD-OTC 249
2026-07-24 13:25:04,552 | INFO     | [IQOPTION] REST fetch succeeded for EURGBP-OTC: 5 candles
2026-07-24 13:25:04,564 | INFO     | [DataAdapter] M1 anomaly detection completed for GBPUSD-OTC in 0.339s
2026-07-24 13:25:04,632 | ERROR    | [ANOMALY] CONSECUTIVE zero volume: EURGBP-OTC streak 248
2026-07-24 13:25:04,799 | INFO     | [CSVWriter] Successfully wrote 362 rows to data_base/csv/iq_option\EURUSD-OTC\EURUSD-OTC_M1.csv
2026-07-24 13:25:04,799 | INFO     | [CSVQueue] Enqueuing write for data_base/csv/iq_option\GBPUSD-OTC\GBPUSD-OTC_M1.csv - Queue size: 0
2026-07-24 13:25:04,815 | INFO     | [CSVQueue] Successfully processed write for data_base/csv/iq_option\EURUSD-OTC\EURUSD-OTC_M1.csv
2026-07-24 13:25:04,928 | WARNING  | [ANOMALY] Total anomalies detected: EURGBP-OTC 249
2026-07-24 13:25:04,942 | INFO     | [DataAdapter] M1 data refresh completed for GBPUSD-OTC
2026-07-24 13:25:05,005 | INFO     | [CSVQueue] Processing write for data_base/csv/iq_option\GBPUSD-OTC\GBPUSD-OTC_M1.csv
2026-07-24 13:25:05,053 | INFO     | [DataAdapter] M1 anomaly detection completed for EURGBP-OTC in 0.424s
2026-07-24 13:25:05,053 | INFO     | [IQOPTION] REST fetch succeeded for EURUSD: 5 candles
2026-07-24 13:25:05,053 | INFO     | [DataAdapter] Refreshing M5 data for GBPUSD-OTC
2026-07-24 13:25:05,130 | INFO     | [CSVWriter] Writing 249 rows to data_base/csv/iq_option\GBPUSD-OTC\GBPUSD-OTC_M1.csv
2026-07-24 13:25:05,264 | INFO     | [CSVQueue] Enqueuing write for data_base/csv/iq_option\EURGBP-OTC\EURGBP-OTC_M1.csv - Queue size: 0
2026-07-24 13:25:05,266 | INFO     | [DataAdapter] M1 data refresh completed for EURGBP-OTC
2026-07-24 13:25:05,266 | INFO     | [DataAdapter] Refreshing M5 data for EURGBP-OTC
2026-07-24 13:25:05,277 | INFO     | [DataAdapter] M5 anomaly detection completed for EURUSD
2026-07-24 13:25:05,280 | INFO     | [IQOPTION] REST fetch succeeded for EURUSD-OTC: 5 candles
2026-07-24 13:25:05,308 | INFO     | [CSVQueue] Enqueuing write for data_base/csv/iq_option\EURUSD\EURUSD_M5.csv - Queue size: 1
2026-07-24 13:25:05,369 | INFO     | [DataAdapter] M5 data refresh completed for EURUSD
2026-07-24 13:25:05,369 | INFO     | [DataAdapter] Refreshing M15 data for EURUSD
2026-07-24 13:25:05,388 | INFO     | [DataAdapter] M15 anomaly detection completed for EURUSD
2026-07-24 13:25:05,402 | ERROR    | [ANOMALY] CONSECUTIVE zero volume: EURUSD-OTC streak 248
2026-07-24 13:25:05,402 | INFO     | [DataAdapter] M15 data refresh completed for EURUSD
2026-07-24 13:25:05,449 | INFO     | [DataAdapter] Anomaly statistics for EURUSD: {'total_calls': 40, 'response_times': [0.013999700546264648, 0.31719064712524414, 0.2949824333190918, 0.03267955780029297, 0.16599440574645996, 0.4046361446380615, 0.3303542137145996, 0.18708395957946777, 0.012867212295532227, 0.29335784912109375, 0.21855616569519043, 0.04597282409667969, 0.016118288040161133, 0.16651606559753418, 0.17901921272277832, 0.04098248481750488, 0.027006864547729492, 0.2834603786468506, 0.20427322387695312, 0.21520233154296875, 0.006014347076416016, 0.24805641174316406, 0.2825925350189209, 0.026009082794189453, 0.03001713752746582, 0.33109354972839355, 0.26633429527282715, 0.03498196601867676, 0.013983488082885742, 0.16509389877319336, 0.203139066696167, 0.02601027488708496, 0.015662193298339844, 0.285672664642334, 0.16912531852722168, 0.031012296676635742, 0.02100062370300293, 0.19908738136291504, 0.33910560607910156, 0.4241623878479004], 'spike_count': 0, 'zero_volume_count': np.int64(21165), 'impossible_candle_count': 0, 'consecutive_anomalies': 0, 'avg_response_time': np.float64(0.16421021223068238), 'max_response_time': np.float64(0.4241623878479004), 'min_response_time': np.float64(0.006014347076416016)}
2026-07-24 13:25:05,532 | WARNING  | [ANOMALY] Total anomalies detected: EURUSD-OTC 249
2026-07-24 13:25:05,532 | INFO     | [IQOPTION] REST fetch succeeded for GBPUSD-OTC: 5 candles
2026-07-24 13:25:05,532 | INFO     | [DataAdapter] M5 anomaly detection completed for EURUSD-OTC
2026-07-24 13:25:05,544 | INFO     | [CSVWriter] Successfully wrote 362 rows to data_base/csv/iq_option\GBPUSD-OTC\GBPUSD-OTC_M1.csv
2026-07-24 13:25:05,563 | ERROR    | [ANOMALY] CONSECUTIVE zero volume: GBPUSD-OTC streak 248
2026-07-24 13:25:05,671 | INFO     | [CSVQueue] Successfully processed write for data_base/csv/iq_option\GBPUSD-OTC\GBPUSD-OTC_M1.csv
2026-07-24 13:25:05,703 | INFO     | [CSVQueue] Enqueuing write for data_base/csv/iq_option\EURUSD-OTC\EURUSD-OTC_M5.csv - Queue size: 2
2026-07-24 13:25:05,720 | INFO     | [CSVQueue] Processing write for data_base/csv/iq_option\EURGBP-OTC\EURGBP-OTC_M1.csv
2026-07-24 13:25:05,767 | INFO     | [DataAdapter] M5 data refresh completed for EURUSD-OTC
2026-07-24 13:25:05,783 | INFO     | [CSVWriter] Writing 249 rows to data_base/csv/iq_option\EURGBP-OTC\EURGBP-OTC_M1.csv
2026-07-24 13:25:05,877 | INFO     | [DataAdapter] Refreshing M15 data for EURUSD-OTC
2026-07-24 13:25:05,960 | ERROR    | [ANOMALY] CONSECUTIVE zero volume: EURUSD-OTC streak 248
2026-07-24 13:25:05,975 | WARNING  | [ANOMALY] Total anomalies detected: GBPUSD-OTC 249
2026-07-24 13:25:05,976 | INFO     | [DataAdapter] M5 anomaly detection completed for GBPUSD-OTC
2026-07-24 13:25:05,978 | INFO     | [IQOPTION] REST fetch succeeded for EURGBP-OTC: 5 candles
2026-07-24 13:25:05,980 | INFO     | [CSVQueue] Enqueuing write for data_base/csv/iq_option\GBPUSD-OTC\GBPUSD-OTC_M5.csv - Queue size: 2
2026-07-24 13:25:05,988 | INFO     | [DataAdapter] M5 data refresh completed for GBPUSD-OTC
2026-07-24 13:25:05,990 | ERROR    | [ANOMALY] CONSECUTIVE zero volume: EURGBP-OTC streak 248
2026-07-24 13:25:05,990 | INFO     | [DataAdapter] Refreshing M15 data for GBPUSD-OTC
2026-07-24 13:25:05,997 | WARNING  | [ANOMALY] Total anomalies detected: EURUSD-OTC 249
2026-07-24 13:25:06,000 | ERROR    | [ANOMALY] CONSECUTIVE zero volume: GBPUSD-OTC streak 248
2026-07-24 13:25:06,001 | INFO     | [DataAdapter] M15 anomaly detection completed for EURUSD-OTC
2026-07-24 13:25:06,004 | INFO     | [DataAdapter] M15 data refresh completed for EURUSD-OTC
2026-07-24 13:25:06,005 | INFO     | [DataAdapter] Anomaly statistics for EURUSD-OTC: {'total_calls': 40, 'response_times': [0.013999700546264648, 0.31719064712524414, 0.2949824333190918, 0.03267955780029297, 0.16599440574645996, 0.4046361446380615, 0.3303542137145996, 0.18708395957946777, 0.012867212295532227, 0.29335784912109375, 0.21855616569519043, 0.04597282409667969, 0.016118288040161133, 0.16651606559753418, 0.17901921272277832, 0.04098248481750488, 0.027006864547729492, 0.2834603786468506, 0.20427322387695312, 0.21520233154296875, 0.006014347076416016, 0.24805641174316406, 0.2825925350189209, 0.026009082794189453, 0.03001713752746582, 0.33109354972839355, 0.26633429527282715, 0.03498196601867676, 0.013983488082885742, 0.16509389877319336, 0.203139066696167, 0.02601027488708496, 0.015662193298339844, 0.285672664642334, 0.16912531852722168, 0.031012296676635742, 0.02100062370300293, 0.19908738136291504, 0.33910560607910156, 0.4241623878479004], 'spike_count': 0, 'zero_volume_count': np.int64(22161), 'impossible_candle_count': 0, 'consecutive_anomalies': 0, 'avg_response_time': np.float64(0.16421021223068238), 'max_response_time': np.float64(0.4241623878479004), 'min_response_time': np.float64(0.006014347076416016)}
2026-07-24 13:25:06,015 | INFO     | [CSVWriter] Successfully wrote 362 rows to data_base/csv/iq_option\EURGBP-OTC\EURGBP-OTC_M1.csv
2026-07-24 13:25:06,016 | WARNING  | [ANOMALY] Total anomalies detected: EURGBP-OTC 249
2026-07-24 13:25:06,016 | INFO     | [CSVQueue] Successfully processed write for data_base/csv/iq_option\EURGBP-OTC\EURGBP-OTC_M1.csv
2026-07-24 13:25:06,016 | INFO     | [DataAdapter] M5 anomaly detection completed for EURGBP-OTC
2026-07-24 13:25:06,020 | WARNING  | [ANOMALY] Total anomalies detected: GBPUSD-OTC 249
2026-07-24 13:25:06,020 | INFO     | [CSVQueue] Processing write for data_base/csv/iq_option\EURUSD\EURUSD_M5.csv
2026-07-24 13:25:06,023 | INFO     | [DataAdapter] M15 anomaly detection completed for GBPUSD-OTC
2026-07-24 13:25:06,023 | INFO     | [CSVWriter] Writing 249 rows to data_base/csv/iq_option\EURUSD\EURUSD_M5.csv
2026-07-24 13:25:06,024 | INFO     | [DataAdapter] M15 data refresh completed for GBPUSD-OTC
2026-07-24 13:25:06,026 | INFO     | [CSVQueue] Enqueuing write for data_base/csv/iq_option\EURGBP-OTC\EURGBP-OTC_M5.csv - Queue size: 2
2026-07-24 13:25:06,026 | INFO     | [DataAdapter] Anomaly statistics for GBPUSD-OTC: {'total_calls': 40, 'response_times': [0.013999700546264648, 0.31719064712524414, 0.2949824333190918, 0.03267955780029297, 0.16599440574645996, 0.4046361446380615, 0.3303542137145996, 0.18708395957946777, 0.012867212295532227, 0.29335784912109375, 0.21855616569519043, 0.04597282409667969, 0.016118288040161133, 0.16651606559753418, 0.17901921272277832, 0.04098248481750488, 0.027006864547729492, 0.2834603786468506, 0.20427322387695312, 0.21520233154296875, 0.006014347076416016, 0.24805641174316406, 0.2825925350189209, 0.026009082794189453, 0.03001713752746582, 0.33109354972839355, 0.26633429527282715, 0.03498196601867676, 0.013983488082885742, 0.16509389877319336, 0.203139066696167, 0.02601027488708496, 0.015662193298339844, 0.285672664642334, 0.16912531852722168, 0.031012296676635742, 0.02100062370300293, 0.19908738136291504, 0.33910560607910156, 0.4241623878479004], 'spike_count': 0, 'zero_volume_count': np.int64(22161), 'impossible_candle_count': 0, 'consecutive_anomalies': 0, 'avg_response_time': np.float64(0.16421021223068238), 'max_response_time': np.float64(0.4241623878479004), 'min_response_time': np.float64(0.006014347076416016)}
2026-07-24 13:25:06,027 | INFO     | [DataAdapter] M5 data refresh completed for EURGBP-OTC
2026-07-24 13:25:06,027 | INFO     | [DataAdapter] Refreshing M15 data for EURGBP-OTC
2026-07-24 13:25:06,030 | ERROR    | [ANOMALY] CONSECUTIVE zero volume: EURGBP-OTC streak 248
2026-07-24 13:25:06,042 | WARNING  | [ANOMALY] Total anomalies detected: EURGBP-OTC 249
2026-07-24 13:25:06,042 | INFO     | [CSVWriter] Successfully wrote 272 rows to data_base/csv/iq_option\EURUSD\EURUSD_M5.csv
2026-07-24 13:25:06,042 | INFO     | [DataAdapter] M15 anomaly detection completed for EURGBP-OTC
2026-07-24 13:25:06,043 | INFO     | [CSVQueue] Successfully processed write for data_base/csv/iq_option\EURUSD\EURUSD_M5.csv
2026-07-24 13:25:06,043 | INFO     | [DataAdapter] M15 data refresh completed for EURGBP-OTC
2026-07-24 13:25:06,043 | INFO     | [CSVQueue] Processing write for data_base/csv/iq_option\EURUSD-OTC\EURUSD-OTC_M5.csv
2026-07-24 13:25:06,043 | INFO     | [DataAdapter] Anomaly statistics for EURGBP-OTC: {'total_calls': 40, 'response_times': [0.013999700546264648, 0.31719064712524414, 0.2949824333190918, 0.03267955780029297, 0.16599440574645996, 0.4046361446380615, 0.3303542137145996, 0.18708395957946777, 0.012867212295532227, 0.29335784912109375, 0.21855616569519043, 0.04597282409667969, 0.016118288040161133, 0.16651606559753418, 0.17901921272277832, 0.04098248481750488, 0.027006864547729492, 0.2834603786468506, 0.20427322387695312, 0.21520233154296875, 0.006014347076416016, 0.24805641174316406, 0.2825925350189209, 0.026009082794189453, 0.03001713752746582, 0.33109354972839355, 0.26633429527282715, 0.03498196601867676, 0.013983488082885742, 0.16509389877319336, 0.203139066696167, 0.02601027488708496, 0.015662193298339844, 0.285672664642334, 0.16912531852722168, 0.031012296676635742, 0.02100062370300293, 0.19908738136291504, 0.33910560607910156, 0.4241623878479004], 'spike_count': 0, 'zero_volume_count': np.int64(22410), 'impossible_candle_count': 0, 'consecutive_anomalies': 0, 'avg_response_time': np.float64(0.16421021223068238), 'max_response_time': np.float64(0.4241623878479004), 'min_response_time': np.float64(0.006014347076416016)}
2026-07-24 13:25:06,044 | INFO     | [CSVWriter] Writing 249 rows to data_base/csv/iq_option\EURUSD-OTC\EURUSD-OTC_M5.csv
2026-07-24 13:25:06,055 | INFO     | [CSVWriter] Successfully wrote 272 rows to data_base/csv/iq_option\EURUSD-OTC\EURUSD-OTC_M5.csv
2026-07-24 13:25:06,055 | INFO     | [CSVQueue] Successfully processed write for data_base/csv/iq_option\EURUSD-OTC\EURUSD-OTC_M5.csv
2026-07-24 13:25:06,055 | INFO     | [CSVQueue] Processing write for data_base/csv/iq_option\GBPUSD-OTC\GBPUSD-OTC_M5.csv
2026-07-24 13:25:06,055 | INFO     | [CSVWriter] Writing 249 rows to data_base/csv/iq_option\GBPUSD-OTC\GBPUSD-OTC_M5.csv
2026-07-24 13:25:06,076 | INFO     | [CSVWriter] Successfully wrote 272 rows to data_base/csv/iq_option\GBPUSD-OTC\GBPUSD-OTC_M5.csv
2026-07-24 13:25:06,083 | INFO     | [CSVQueue] Successfully processed write for data_base/csv/iq_option\GBPUSD-OTC\GBPUSD-OTC_M5.csv
2026-07-24 13:25:06,084 | INFO     | [CSVQueue] Processing write for data_base/csv/iq_option\EURGBP-OTC\EURGBP-OTC_M5.csv
2026-07-24 13:25:06,084 | INFO     | [CSVWriter] Writing 249 rows to data_base/csv/iq_option\EURGBP-OTC\EURGBP-OTC_M5.csv
2026-07-24 13:25:06,121 | INFO     | [CSVWriter] Successfully wrote 272 rows to data_base/csv/iq_option\EURGBP-OTC\EURGBP-OTC_M5.csv
2026-07-24 13:25:06,121 | INFO     | [CSVQueue] Successfully processed write for data_base/csv/iq_option\EURGBP-OTC\EURGBP-OTC_M5.csv
2026-07-24 13:25:06,121 | INFO     | [CSVQueue] Queue size: 0
2026-07-24 13:25:06,281 | INFO     | [EURUSD:1.13854][EURUSD-OTC:1.15301][GBPUSD-OTC:1.33312][EURGBP-OTC:0.85437] :: TOTAL=$1271.51
2026-07-24 13:26:03,570 | INFO     | [DataAdapter] Starting update for EURUSD
2026-07-24 13:26:03,571 | INFO     | [DataAdapter] Refreshing M1 data for EURUSD
2026-07-24 13:26:03,571 | INFO     | [DataAdapter] Starting update for EURUSD-OTC
2026-07-24 13:26:03,571 | INFO     | [DataAdapter] Refreshing M1 data for EURUSD-OTC
2026-07-24 13:26:03,571 | INFO     | [DataAdapter] Starting update for GBPUSD-OTC
2026-07-24 13:26:03,571 | INFO     | [DataAdapter] Refreshing M1 data for GBPUSD-OTC
2026-07-24 13:26:03,571 | INFO     | [DataAdapter] Starting update for EURGBP-OTC
2026-07-24 13:26:03,572 | INFO     | [DataAdapter] Refreshing M1 data for EURGBP-OTC
2026-07-24 13:26:03,967 | INFO     | [IQOPTION] REST fetch succeeded for EURUSD: 5 candles
2026-07-24 13:26:04,020 | INFO     | [DataAdapter] M1 anomaly detection completed for EURUSD in 0.031s
2026-07-24 13:26:04,094 | INFO     | [CSVQueue] Enqueuing write for data_base/csv/iq_option\EURUSD\EURUSD_M1.csv - Queue size: 0
2026-07-24 13:26:04,110 | INFO     | [DataAdapter] M1 data refresh completed for EURUSD
2026-07-24 13:26:04,126 | INFO     | [CSVQueue] Processing write for data_base/csv/iq_option\EURUSD\EURUSD_M1.csv
2026-07-24 13:26:04,126 | INFO     | [DataAdapter] Refreshing M5 data for EURUSD
2026-07-24 13:26:04,157 | INFO     | [CSVWriter] Writing 249 rows to data_base/csv/iq_option\EURUSD\EURUSD_M1.csv
2026-07-24 13:26:04,197 | INFO     | [DataAdapter] M5 anomaly detection completed for EURUSD
2026-07-24 13:26:04,198 | INFO     | [IQOPTION] REST fetch succeeded for EURUSD-OTC: 5 candles
2026-07-24 13:26:04,198 | INFO     | [DataAdapter] M5 data refresh completed for EURUSD
2026-07-24 13:26:04,253 | INFO     | [DataAdapter] Refreshing M15 data for EURUSD
2026-07-24 13:26:04,275 | INFO     | [DataAdapter] M15 anomaly detection completed for EURUSD
2026-07-24 13:26:04,284 | INFO     | [DataAdapter] M15 data refresh completed for EURUSD
2026-07-24 13:26:04,284 | INFO     | [DataAdapter] Anomaly statistics for EURUSD: {'total_calls': 41, 'response_times': [0.013999700546264648, 0.31719064712524414, 0.2949824333190918, 0.03267955780029297, 0.16599440574645996, 0.4046361446380615, 0.3303542137145996, 0.18708395957946777, 0.012867212295532227, 0.29335784912109375, 0.21855616569519043, 0.04597282409667969, 0.016118288040161133, 0.16651606559753418, 0.17901921272277832, 0.04098248481750488, 0.027006864547729492, 0.2834603786468506, 0.20427322387695312, 0.21520233154296875, 0.006014347076416016, 0.24805641174316406, 0.2825925350189209, 0.026009082794189453, 0.03001713752746582, 0.33109354972839355, 0.26633429527282715, 0.03498196601867676, 0.013983488082885742, 0.16509389877319336, 0.203139066696167, 0.02601027488708496, 0.015662193298339844, 0.285672664642334, 0.16912531852722168, 0.031012296676635742, 0.02100062370300293, 0.19908738136291504, 0.33910560607910156, 0.4241623878479004, 0.031023502349853516], 'spike_count': 0, 'zero_volume_count': np.int64(22410), 'impossible_candle_count': 0, 'consecutive_anomalies': 0, 'avg_response_time': np.float64(0.16096175589212558), 'max_response_time': np.float64(0.4241623878479004), 'min_response_time': np.float64(0.006014347076416016)}
2026-07-24 13:26:04,413 | ERROR    | [ANOMALY] CONSECUTIVE zero volume: EURUSD-OTC streak 248
2026-07-24 13:26:04,445 | INFO     | [IQOPTION] REST fetch succeeded for GBPUSD-OTC: 5 candles
2026-07-24 13:26:04,491 | ERROR    | [ANOMALY] CONSECUTIVE zero volume: GBPUSD-OTC streak 248
2026-07-24 13:26:04,524 | WARNING  | [ANOMALY] Total anomalies detected: EURUSD-OTC 249
2026-07-24 13:26:04,524 | INFO     | [DataAdapter] M1 anomaly detection completed for EURUSD-OTC in 0.128s
2026-07-24 13:26:04,536 | INFO     | [CSVWriter] Successfully wrote 364 rows to data_base/csv/iq_option\EURUSD\EURUSD_M1.csv
2026-07-24 13:26:04,536 | INFO     | [CSVQueue] Successfully processed write for data_base/csv/iq_option\EURUSD\EURUSD_M1.csv
2026-07-24 13:26:04,552 | INFO     | [CSVQueue] Queue size: 0
2026-07-24 13:26:04,584 | INFO     | [CSVQueue] Enqueuing write for data_base/csv/iq_option\EURUSD-OTC\EURUSD-OTC_M1.csv - Queue size: 0
2026-07-24 13:26:04,585 | INFO     | [DataAdapter] M1 data refresh completed for EURUSD-OTC
2026-07-24 13:26:04,585 | INFO     | [DataAdapter] Refreshing M5 data for EURUSD-OTC
2026-07-24 13:26:04,586 | INFO     | [CSVQueue] Processing write for data_base/csv/iq_option\EURUSD-OTC\EURUSD-OTC_M1.csv
2026-07-24 13:26:04,586 | INFO     | [CSVWriter] Writing 249 rows to data_base/csv/iq_option\EURUSD-OTC\EURUSD-OTC_M1.csv
2026-07-24 13:26:04,617 | ERROR    | [ANOMALY] CONSECUTIVE zero volume: EURUSD-OTC streak 248
2026-07-24 13:26:04,681 | WARNING  | [ANOMALY] Total anomalies detected: GBPUSD-OTC 249
2026-07-24 13:26:04,682 | INFO     | [DataAdapter] M1 anomaly detection completed for GBPUSD-OTC in 0.230s
2026-07-24 13:26:04,699 | WARNING  | [ANOMALY] Total anomalies detected: EURUSD-OTC 249
2026-07-24 13:26:04,710 | INFO     | [DataAdapter] M5 anomaly detection completed for EURUSD-OTC
2026-07-24 13:26:04,726 | INFO     | [DataAdapter] M5 data refresh completed for EURUSD-OTC
2026-07-24 13:26:04,726 | INFO     | [CSVQueue] Enqueuing write for data_base/csv/iq_option\GBPUSD-OTC\GBPUSD-OTC_M1.csv - Queue size: 0
2026-07-24 13:26:04,757 | INFO     | [DataAdapter] Refreshing M15 data for EURUSD-OTC
2026-07-24 13:26:04,774 | INFO     | [DataAdapter] M1 data refresh completed for GBPUSD-OTC
2026-07-24 13:26:04,774 | INFO     | [IQOPTION] REST fetch succeeded for EURGBP-OTC: 5 candles
2026-07-24 13:26:04,775 | INFO     | [DataAdapter] Refreshing M5 data for GBPUSD-OTC
2026-07-24 13:26:04,783 | ERROR    | [ANOMALY] CONSECUTIVE zero volume: GBPUSD-OTC streak 248
2026-07-24 13:26:04,788 | ERROR    | [ANOMALY] CONSECUTIVE zero volume: EURUSD-OTC streak 248
2026-07-24 13:26:04,794 | ERROR    | [ANOMALY] CONSECUTIVE zero volume: EURGBP-OTC streak 248
2026-07-24 13:26:04,811 | INFO     | [CSVWriter] Successfully wrote 363 rows to data_base/csv/iq_option\EURUSD-OTC\EURUSD-OTC_M1.csv
2026-07-24 13:26:04,812 | WARNING  | [ANOMALY] Total anomalies detected: GBPUSD-OTC 249
2026-07-24 13:26:04,815 | WARNING  | [ANOMALY] Total anomalies detected: EURGBP-OTC 249
2026-07-24 13:26:04,816 | WARNING  | [ANOMALY] Total anomalies detected: EURUSD-OTC 249
2026-07-24 13:26:04,816 | INFO     | [CSVQueue] Successfully processed write for data_base/csv/iq_option\EURUSD-OTC\EURUSD-OTC_M1.csv
2026-07-24 13:26:04,816 | INFO     | [DataAdapter] M5 anomaly detection completed for GBPUSD-OTC
2026-07-24 13:26:04,816 | INFO     | [DataAdapter] M1 anomaly detection completed for EURGBP-OTC in 0.025s
2026-07-24 13:26:04,816 | INFO     | [DataAdapter] M15 anomaly detection completed for EURUSD-OTC
2026-07-24 13:26:04,816 | INFO     | [CSVQueue] Processing write for data_base/csv/iq_option\GBPUSD-OTC\GBPUSD-OTC_M1.csv
2026-07-24 13:26:04,816 | INFO     | [DataAdapter] M5 data refresh completed for GBPUSD-OTC
2026-07-24 13:26:04,819 | INFO     | [DataAdapter] M15 data refresh completed for EURUSD-OTC
2026-07-24 13:26:04,819 | INFO     | [CSVWriter] Writing 249 rows to data_base/csv/iq_option\GBPUSD-OTC\GBPUSD-OTC_M1.csv
2026-07-24 13:26:04,819 | INFO     | [DataAdapter] Refreshing M15 data for GBPUSD-OTC
2026-07-24 13:26:04,819 | INFO     | [DataAdapter] Anomaly statistics for EURUSD-OTC: {'total_calls': 44, 'response_times': [0.013999700546264648, 0.31719064712524414, 0.2949824333190918, 0.03267955780029297, 0.16599440574645996, 0.4046361446380615, 0.3303542137145996, 0.18708395957946777, 0.012867212295532227, 0.29335784912109375, 0.21855616569519043, 0.04597282409667969, 0.016118288040161133, 0.16651606559753418, 0.17901921272277832, 0.04098248481750488, 0.027006864547729492, 0.2834603786468506, 0.20427322387695312, 0.21520233154296875, 0.006014347076416016, 0.24805641174316406, 0.2825925350189209, 0.026009082794189453, 0.03001713752746582, 0.33109354972839355, 0.26633429527282715, 0.03498196601867676, 0.013983488082885742, 0.16509389877319336, 0.203139066696167, 0.02601027488708496, 0.015662193298339844, 0.285672664642334, 0.16912531852722168, 0.031012296676635742, 0.02100062370300293, 0.19908738136291504, 0.33910560607910156, 0.4241623878479004, 0.031023502349853516, 0.12838149070739746, 0.22991466522216797, 0.025004148483276367], 'spike_count': 0, 'zero_volume_count': np.int64(23904), 'impossible_candle_count': 0, 'consecutive_anomalies': 0, 'avg_response_time': np.float64(0.15869846127249979), 'max_response_time': np.float64(0.4241623878479004), 'min_response_time': np.float64(0.006014347076416016)}
2026-07-24 13:26:04,822 | INFO     | [CSVQueue] Enqueuing write for data_base/csv/iq_option\EURGBP-OTC\EURGBP-OTC_M1.csv - Queue size: 0
2026-07-24 13:26:04,825 | ERROR    | [ANOMALY] CONSECUTIVE zero volume: GBPUSD-OTC streak 248
2026-07-24 13:26:04,826 | INFO     | [DataAdapter] M1 data refresh completed for EURGBP-OTC
2026-07-24 13:26:04,826 | INFO     | [DataAdapter] Refreshing M5 data for EURGBP-OTC
2026-07-24 13:26:04,829 | ERROR    | [ANOMALY] CONSECUTIVE zero volume: EURGBP-OTC streak 248
2026-07-24 13:26:04,841 | WARNING  | [ANOMALY] Total anomalies detected: EURGBP-OTC 249
2026-07-24 13:26:04,842 | INFO     | [DataAdapter] M5 anomaly detection completed for EURGBP-OTC
2026-07-24 13:26:04,842 | INFO     | [DataAdapter] M5 data refresh completed for EURGBP-OTC
2026-07-24 13:26:04,842 | INFO     | [DataAdapter] Refreshing M15 data for EURGBP-OTC
2026-07-24 13:26:04,848 | WARNING  | [ANOMALY] Total anomalies detected: GBPUSD-OTC 249
2026-07-24 13:26:04,849 | INFO     | [DataAdapter] M15 anomaly detection completed for GBPUSD-OTC
2026-07-24 13:26:04,852 | ERROR    | [ANOMALY] CONSECUTIVE zero volume: EURGBP-OTC streak 248
2026-07-24 13:26:04,852 | INFO     | [CSVWriter] Successfully wrote 363 rows to data_base/csv/iq_option\GBPUSD-OTC\GBPUSD-OTC_M1.csv
2026-07-24 13:26:04,852 | INFO     | [DataAdapter] M15 data refresh completed for GBPUSD-OTC
2026-07-24 13:26:04,853 | INFO     | [CSVQueue] Successfully processed write for data_base/csv/iq_option\GBPUSD-OTC\GBPUSD-OTC_M1.csv
2026-07-24 13:26:04,854 | INFO     | [DataAdapter] Anomaly statistics for GBPUSD-OTC: {'total_calls': 44, 'response_times': [0.013999700546264648, 0.31719064712524414, 0.2949824333190918, 0.03267955780029297, 0.16599440574645996, 0.4046361446380615, 0.3303542137145996, 0.18708395957946777, 0.012867212295532227, 0.29335784912109375, 0.21855616569519043, 0.04597282409667969, 0.016118288040161133, 0.16651606559753418, 0.17901921272277832, 0.04098248481750488, 0.027006864547729492, 0.2834603786468506, 0.20427322387695312, 0.21520233154296875, 0.006014347076416016, 0.24805641174316406, 0.2825925350189209, 0.026009082794189453, 0.03001713752746582, 0.33109354972839355, 0.26633429527282715, 0.03498196601867676, 0.013983488082885742, 0.16509389877319336, 0.203139066696167, 0.02601027488708496, 0.015662193298339844, 0.285672664642334, 0.16912531852722168, 0.031012296676635742, 0.02100062370300293, 0.19908738136291504, 0.33910560607910156, 0.4241623878479004, 0.031023502349853516, 0.12838149070739746, 0.22991466522216797, 0.025004148483276367], 'spike_count': 0, 'zero_volume_count': np.int64(24651), 'impossible_candle_count': 0, 'consecutive_anomalies': 0, 'avg_response_time': np.float64(0.15869846127249979), 'max_response_time': np.float64(0.4241623878479004), 'min_response_time': np.float64(0.006014347076416016)}
2026-07-24 13:26:04,854 | INFO     | [CSVQueue] Processing write for data_base/csv/iq_option\EURGBP-OTC\EURGBP-OTC_M1.csv
2026-07-24 13:26:04,856 | INFO     | [CSVWriter] Writing 249 rows to data_base/csv/iq_option\EURGBP-OTC\EURGBP-OTC_M1.csv
2026-07-24 13:26:04,864 | WARNING  | [ANOMALY] Total anomalies detected: EURGBP-OTC 249
2026-07-24 13:26:04,864 | INFO     | [DataAdapter] M15 anomaly detection completed for EURGBP-OTC
2026-07-24 13:26:04,864 | INFO     | [DataAdapter] M15 data refresh completed for EURGBP-OTC
2026-07-24 13:26:04,865 | INFO     | [DataAdapter] Anomaly statistics for EURGBP-OTC: {'total_calls': 44, 'response_times': [0.013999700546264648, 0.31719064712524414, 0.2949824333190918, 0.03267955780029297, 0.16599440574645996, 0.4046361446380615, 0.3303542137145996, 0.18708395957946777, 0.012867212295532227, 0.29335784912109375, 0.21855616569519043, 0.04597282409667969, 0.016118288040161133, 0.16651606559753418, 0.17901921272277832, 0.04098248481750488, 0.027006864547729492, 0.2834603786468506, 0.20427322387695312, 0.21520233154296875, 0.006014347076416016, 0.24805641174316406, 0.2825925350189209, 0.026009082794189453, 0.03001713752746582, 0.33109354972839355, 0.26633429527282715, 0.03498196601867676, 0.013983488082885742, 0.16509389877319336, 0.203139066696167, 0.02601027488708496, 0.015662193298339844, 0.285672664642334, 0.16912531852722168, 0.031012296676635742, 0.02100062370300293, 0.19908738136291504, 0.33910560607910156, 0.4241623878479004, 0.031023502349853516, 0.12838149070739746, 0.22991466522216797, 0.025004148483276367], 'spike_count': 0, 'zero_volume_count': np.int64(24651), 'impossible_candle_count': 0, 'consecutive_anomalies': 0, 'avg_response_time': np.float64(0.15869846127249979), 'max_response_time': np.float64(0.4241623878479004), 'min_response_time': np.float64(0.006014347076416016)}
2026-07-24 13:26:04,872 | INFO     | [CSVWriter] Successfully wrote 363 rows to data_base/csv/iq_option\EURGBP-OTC\EURGBP-OTC_M1.csv
2026-07-24 13:26:04,873 | INFO     | [CSVQueue] Successfully processed write for data_base/csv/iq_option\EURGBP-OTC\EURGBP-OTC_M1.csv
2026-07-24 13:26:04,874 | INFO     | [CSVQueue] Queue size: 0
2026-07-24 13:26:05,155 | INFO     | [EURUSD:1.13854][EURUSD-OTC:1.15336][GBPUSD-OTC:1.33342][EURGBP-OTC:0.85435] :: TOTAL=$1271.51
2026-07-24 13:27:03,388 | INFO     | [DataAdapter] Starting update for EURUSD
2026-07-24 13:27:03,388 | INFO     | [DataAdapter] Refreshing M1 data for EURUSD
2026-07-24 13:27:03,388 | INFO     | [DataAdapter] Starting update for EURUSD-OTC
2026-07-24 13:27:03,388 | INFO     | [DataAdapter] Refreshing M1 data for EURUSD-OTC
2026-07-24 13:27:03,388 | INFO     | [DataAdapter] Starting update for GBPUSD-OTC
2026-07-24 13:27:03,389 | INFO     | [DataAdapter] Refreshing M1 data for GBPUSD-OTC
2026-07-24 13:27:03,389 | INFO     | [DataAdapter] Starting update for EURGBP-OTC
2026-07-24 13:27:03,389 | INFO     | [DataAdapter] Refreshing M1 data for EURGBP-OTC
2026-07-24 13:27:03,656 | INFO     | [IQOPTION] REST fetch succeeded for EURUSD: 5 candles
2026-07-24 13:27:03,668 | INFO     | [DataAdapter] M1 anomaly detection completed for EURUSD in 0.006s
2026-07-24 13:27:03,799 | INFO     | [CSVQueue] Enqueuing write for data_base/csv/iq_option\EURUSD\EURUSD_M1.csv - Queue size: 0
2026-07-24 13:27:03,815 | INFO     | [DataAdapter] M1 data refresh completed for EURUSD
2026-07-24 13:27:03,815 | INFO     | [DataAdapter] Refreshing M5 data for EURUSD
2026-07-24 13:27:03,815 | INFO     | [CSVQueue] Processing write for data_base/csv/iq_option\EURUSD\EURUSD_M1.csv
2026-07-24 13:27:03,815 | INFO     | [CSVWriter] Writing 249 rows to data_base/csv/iq_option\EURUSD\EURUSD_M1.csv
2026-07-24 13:27:03,837 | INFO     | [DataAdapter] M5 anomaly detection completed for EURUSD
2026-07-24 13:27:03,837 | INFO     | [DataAdapter] M5 data refresh completed for EURUSD
2026-07-24 13:27:03,837 | INFO     | [DataAdapter] Refreshing M15 data for EURUSD
2026-07-24 13:27:03,850 | INFO     | [DataAdapter] M15 anomaly detection completed for EURUSD
2026-07-24 13:27:03,850 | INFO     | [DataAdapter] M15 data refresh completed for EURUSD
2026-07-24 13:27:03,850 | INFO     | [DataAdapter] Anomaly statistics for EURUSD: {'total_calls': 45, 'response_times': [0.013999700546264648, 0.31719064712524414, 0.2949824333190918, 0.03267955780029297, 0.16599440574645996, 0.4046361446380615, 0.3303542137145996, 0.18708395957946777, 0.012867212295532227, 0.29335784912109375, 0.21855616569519043, 0.04597282409667969, 0.016118288040161133, 0.16651606559753418, 0.17901921272277832, 0.04098248481750488, 0.027006864547729492, 0.2834603786468506, 0.20427322387695312, 0.21520233154296875, 0.006014347076416016, 0.24805641174316406, 0.2825925350189209, 0.026009082794189453, 0.03001713752746582, 0.33109354972839355, 0.26633429527282715, 0.03498196601867676, 0.013983488082885742, 0.16509389877319336, 0.203139066696167, 0.02601027488708496, 0.015662193298339844, 0.285672664642334, 0.16912531852722168, 0.031012296676635742, 0.02100062370300293, 0.19908738136291504, 0.33910560607910156, 0.4241623878479004, 0.031023502349853516, 0.12838149070739746, 0.22991466522216797, 0.025004148483276367, 0.005982875823974609], 'spike_count': 0, 'zero_volume_count': np.int64(24651), 'impossible_candle_count': 0, 'consecutive_anomalies': 0, 'avg_response_time': np.float64(0.1553047815958659), 'max_response_time': np.float64(0.4241623878479004), 'min_response_time': np.float64(0.005982875823974609)}
2026-07-24 13:27:03,925 | INFO     | [IQOPTION] REST fetch succeeded for EURUSD-OTC: 5 candles
2026-07-24 13:27:03,975 | ERROR    | [ANOMALY] CONSECUTIVE zero volume: EURUSD-OTC streak 248
2026-07-24 13:27:04,118 | WARNING  | [ANOMALY] Total anomalies detected: EURUSD-OTC 249
2026-07-24 13:27:04,118 | INFO     | [DataAdapter] M1 anomaly detection completed for EURUSD-OTC in 0.159s
2026-07-24 13:27:04,146 | INFO     | [CSVWriter] Successfully wrote 365 rows to data_base/csv/iq_option\EURUSD\EURUSD_M1.csv
2026-07-24 13:27:04,161 | INFO     | [CSVQueue] Successfully processed write for data_base/csv/iq_option\EURUSD\EURUSD_M1.csv
2026-07-24 13:27:04,161 | INFO     | [CSVQueue] Queue size: 0
2026-07-24 13:27:04,177 | INFO     | [CSVQueue] Enqueuing write for data_base/csv/iq_option\EURUSD-OTC\EURUSD-OTC_M1.csv - Queue size: 0
2026-07-24 13:27:04,177 | INFO     | [IQOPTION] REST fetch succeeded for GBPUSD-OTC: 5 candles
2026-07-24 13:27:04,178 | INFO     | [DataAdapter] M1 data refresh completed for EURUSD-OTC
2026-07-24 13:27:04,209 | INFO     | [CSVQueue] Processing write for data_base/csv/iq_option\EURUSD-OTC\EURUSD-OTC_M1.csv
2026-07-24 13:27:04,256 | INFO     | [DataAdapter] Refreshing M5 data for EURUSD-OTC
2026-07-24 13:27:04,258 | ERROR    | [ANOMALY] CONSECUTIVE zero volume: GBPUSD-OTC streak 248
2026-07-24 13:27:04,304 | INFO     | [CSVWriter] Writing 249 rows to data_base/csv/iq_option\EURUSD-OTC\EURUSD-OTC_M1.csv
2026-07-24 13:27:04,339 | ERROR    | [ANOMALY] CONSECUTIVE zero volume: EURUSD-OTC streak 248
2026-07-24 13:27:04,420 | INFO     | [IQOPTION] REST fetch succeeded for EURGBP-OTC: 5 candles
2026-07-24 13:27:04,432 | WARNING  | [ANOMALY] Total anomalies detected: GBPUSD-OTC 249
2026-07-24 13:27:04,432 | INFO     | [DataAdapter] M1 anomaly detection completed for GBPUSD-OTC in 0.186s
2026-07-24 13:27:04,434 | ERROR    | [ANOMALY] CONSECUTIVE zero volume: EURGBP-OTC streak 248
2026-07-24 13:27:04,440 | INFO     | [CSVQueue] Enqueuing write for data_base/csv/iq_option\GBPUSD-OTC\GBPUSD-OTC_M1.csv - Queue size: 0
2026-07-24 13:27:04,442 | INFO     | [DataAdapter] M1 data refresh completed for GBPUSD-OTC
2026-07-24 13:27:04,442 | INFO     | [DataAdapter] Refreshing M5 data for GBPUSD-OTC
2026-07-24 13:27:04,445 | ERROR    | [ANOMALY] CONSECUTIVE zero volume: GBPUSD-OTC streak 248
2026-07-24 13:27:04,451 | WARNING  | [ANOMALY] Total anomalies detected: EURGBP-OTC 249
2026-07-24 13:27:04,452 | INFO     | [DataAdapter] M1 anomaly detection completed for EURGBP-OTC in 0.024s
2026-07-24 13:27:04,456 | WARNING  | [ANOMALY] Total anomalies detected: EURUSD-OTC 249
2026-07-24 13:27:04,461 | INFO     | [DataAdapter] M5 anomaly detection completed for EURUSD-OTC
2026-07-24 13:27:04,461 | INFO     | [DataAdapter] M5 data refresh completed for EURUSD-OTC
2026-07-24 13:27:04,461 | INFO     | [CSVQueue] Enqueuing write for data_base/csv/iq_option\EURGBP-OTC\EURGBP-OTC_M1.csv - Queue size: 1
2026-07-24 13:27:04,462 | INFO     | [DataAdapter] Refreshing M15 data for EURUSD-OTC
2026-07-24 13:27:04,464 | INFO     | [DataAdapter] M1 data refresh completed for EURGBP-OTC
2026-07-24 13:27:04,467 | ERROR    | [ANOMALY] CONSECUTIVE zero volume: EURUSD-OTC streak 248
2026-07-24 13:27:04,468 | INFO     | [DataAdapter] Refreshing M5 data for EURGBP-OTC
2026-07-24 13:27:04,471 | WARNING  | [ANOMALY] Total anomalies detected: GBPUSD-OTC 249
2026-07-24 13:27:04,474 | INFO     | [CSVWriter] Successfully wrote 364 rows to data_base/csv/iq_option\EURUSD-OTC\EURUSD-OTC_M1.csv
2026-07-24 13:27:04,476 | ERROR    | [ANOMALY] CONSECUTIVE zero volume: EURGBP-OTC streak 248
2026-07-24 13:27:04,476 | INFO     | [DataAdapter] M5 anomaly detection completed for GBPUSD-OTC
2026-07-24 13:27:04,477 | INFO     | [CSVQueue] Successfully processed write for data_base/csv/iq_option\EURUSD-OTC\EURUSD-OTC_M1.csv
2026-07-24 13:27:04,478 | INFO     | [DataAdapter] M5 data refresh completed for GBPUSD-OTC
2026-07-24 13:27:04,480 | INFO     | [CSVQueue] Processing write for data_base/csv/iq_option\GBPUSD-OTC\GBPUSD-OTC_M1.csv
2026-07-24 13:27:04,481 | INFO     | [DataAdapter] Refreshing M15 data for GBPUSD-OTC
2026-07-24 13:27:04,483 | INFO     | [CSVWriter] Writing 249 rows to data_base/csv/iq_option\GBPUSD-OTC\GBPUSD-OTC_M1.csv
2026-07-24 13:27:04,490 | WARNING  | [ANOMALY] Total anomalies detected: EURUSD-OTC 249
2026-07-24 13:27:04,490 | INFO     | [DataAdapter] M15 anomaly detection completed for EURUSD-OTC
2026-07-24 13:27:04,490 | INFO     | [DataAdapter] M15 data refresh completed for EURUSD-OTC
2026-07-24 13:27:04,491 | INFO     | [DataAdapter] Anomaly statistics for EURUSD-OTC: {'total_calls': 48, 'response_times': [0.013999700546264648, 0.31719064712524414, 0.2949824333190918, 0.03267955780029297, 0.16599440574645996, 0.4046361446380615, 0.3303542137145996, 0.18708395957946777, 0.012867212295532227, 0.29335784912109375, 0.21855616569519043, 0.04597282409667969, 0.016118288040161133, 0.16651606559753418, 0.17901921272277832, 0.04098248481750488, 0.027006864547729492, 0.2834603786468506, 0.20427322387695312, 0.21520233154296875, 0.006014347076416016, 0.24805641174316406, 0.2825925350189209, 0.026009082794189453, 0.03001713752746582, 0.33109354972839355, 0.26633429527282715, 0.03498196601867676, 0.013983488082885742, 0.16509389877319336, 0.203139066696167, 0.02601027488708496, 0.015662193298339844, 0.285672664642334, 0.16912531852722168, 0.031012296676635742, 0.02100062370300293, 0.19908738136291504, 0.33910560607910156, 0.4241623878479004, 0.031023502349853516, 0.12838149070739746, 0.22991466522216797, 0.025004148483276367, 0.005982875823974609, 0.15928292274475098, 0.18576288223266602, 0.024000883102416992], 'spike_count': 0, 'zero_volume_count': np.int64(26394), 'impossible_candle_count': 0, 'consecutive_anomalies': 0, 'avg_response_time': np.float64(0.15328670541445413), 'max_response_time': np.float64(0.4241623878479004), 'min_response_time': np.float64(0.005982875823974609)}
2026-07-24 13:27:04,492 | ERROR    | [ANOMALY] CONSECUTIVE zero volume: GBPUSD-OTC streak 248
2026-07-24 13:27:04,500 | WARNING  | [ANOMALY] Total anomalies detected: EURGBP-OTC 249
2026-07-24 13:27:04,500 | INFO     | [DataAdapter] M5 anomaly detection completed for EURGBP-OTC
2026-07-24 13:27:04,500 | INFO     | [DataAdapter] M5 data refresh completed for EURGBP-OTC
2026-07-24 13:27:04,500 | INFO     | [DataAdapter] Refreshing M15 data for EURGBP-OTC
2026-07-24 13:27:04,504 | ERROR    | [ANOMALY] CONSECUTIVE zero volume: EURGBP-OTC streak 248
2026-07-24 13:27:04,511 | WARNING  | [ANOMALY] Total anomalies detected: GBPUSD-OTC 249
2026-07-24 13:27:04,511 | INFO     | [DataAdapter] M15 anomaly detection completed for GBPUSD-OTC
2026-07-24 13:27:04,512 | INFO     | [DataAdapter] M15 data refresh completed for GBPUSD-OTC
2026-07-24 13:27:04,512 | INFO     | [DataAdapter] Anomaly statistics for GBPUSD-OTC: {'total_calls': 48, 'response_times': [0.013999700546264648, 0.31719064712524414, 0.2949824333190918, 0.03267955780029297, 0.16599440574645996, 0.4046361446380615, 0.3303542137145996, 0.18708395957946777, 0.012867212295532227, 0.29335784912109375, 0.21855616569519043, 0.04597282409667969, 0.016118288040161133, 0.16651606559753418, 0.17901921272277832, 0.04098248481750488, 0.027006864547729492, 0.2834603786468506, 0.20427322387695312, 0.21520233154296875, 0.006014347076416016, 0.24805641174316406, 0.2825925350189209, 0.026009082794189453, 0.03001713752746582, 0.33109354972839355, 0.26633429527282715, 0.03498196601867676, 0.013983488082885742, 0.16509389877319336, 0.203139066696167, 0.02601027488708496, 0.015662193298339844, 0.285672664642334, 0.16912531852722168, 0.031012296676635742, 0.02100062370300293, 0.19908738136291504, 0.33910560607910156, 0.4241623878479004, 0.031023502349853516, 0.12838149070739746, 0.22991466522216797, 0.025004148483276367, 0.005982875823974609, 0.15928292274475098, 0.18576288223266602, 0.024000883102416992], 'spike_count': 0, 'zero_volume_count': np.int64(26892), 'impossible_candle_count': 0, 'consecutive_anomalies': 0, 'avg_response_time': np.float64(0.15328670541445413), 'max_response_time': np.float64(0.4241623878479004), 'min_response_time': np.float64(0.005982875823974609)}
2026-07-24 13:27:04,521 | WARNING  | [ANOMALY] Total anomalies detected: EURGBP-OTC 249
2026-07-24 13:27:04,521 | INFO     | [CSVWriter] Successfully wrote 364 rows to data_base/csv/iq_option\GBPUSD-OTC\GBPUSD-OTC_M1.csv
2026-07-24 13:27:04,521 | INFO     | [DataAdapter] M15 anomaly detection completed for EURGBP-OTC
2026-07-24 13:27:04,521 | INFO     | [CSVQueue] Successfully processed write for data_base/csv/iq_option\GBPUSD-OTC\GBPUSD-OTC_M1.csv
2026-07-24 13:27:04,521 | INFO     | [DataAdapter] M15 data refresh completed for EURGBP-OTC
2026-07-24 13:27:04,521 | INFO     | [CSVQueue] Processing write for data_base/csv/iq_option\EURGBP-OTC\EURGBP-OTC_M1.csv
2026-07-24 13:27:04,521 | INFO     | [DataAdapter] Anomaly statistics for EURGBP-OTC: {'total_calls': 48, 'response_times': [0.013999700546264648, 0.31719064712524414, 0.2949824333190918, 0.03267955780029297, 0.16599440574645996, 0.4046361446380615, 0.3303542137145996, 0.18708395957946777, 0.012867212295532227, 0.29335784912109375, 0.21855616569519043, 0.04597282409667969, 0.016118288040161133, 0.16651606559753418, 0.17901921272277832, 0.04098248481750488, 0.027006864547729492, 0.2834603786468506, 0.20427322387695312, 0.21520233154296875, 0.006014347076416016, 0.24805641174316406, 0.2825925350189209, 0.026009082794189453, 0.03001713752746582, 0.33109354972839355, 0.26633429527282715, 0.03498196601867676, 0.013983488082885742, 0.16509389877319336, 0.203139066696167, 0.02601027488708496, 0.015662193298339844, 0.285672664642334, 0.16912531852722168, 0.031012296676635742, 0.02100062370300293, 0.19908738136291504, 0.33910560607910156, 0.4241623878479004, 0.031023502349853516, 0.12838149070739746, 0.22991466522216797, 0.025004148483276367, 0.005982875823974609, 0.15928292274475098, 0.18576288223266602, 0.024000883102416992], 'spike_count': 0, 'zero_volume_count': np.int64(26892), 'impossible_candle_count': 0, 'consecutive_anomalies': 0, 'avg_response_time': np.float64(0.15328670541445413), 'max_response_time': np.float64(0.4241623878479004), 'min_response_time': np.float64(0.005982875823974609)}
2026-07-24 13:27:04,522 | INFO     | [CSVWriter] Writing 249 rows to data_base/csv/iq_option\EURGBP-OTC\EURGBP-OTC_M1.csv
2026-07-24 13:27:04,536 | INFO     | [CSVWriter] Successfully wrote 364 rows to data_base/csv/iq_option\EURGBP-OTC\EURGBP-OTC_M1.csv
2026-07-24 13:27:04,536 | INFO     | [CSVQueue] Successfully processed write for data_base/csv/iq_option\EURGBP-OTC\EURGBP-OTC_M1.csv
2026-07-24 13:27:04,536 | INFO     | [CSVQueue] Queue size: 0
2026-07-24 13:27:04,764 | INFO     | [EURUSD:1.13864][EURUSD-OTC:1.15394][GBPUSD-OTC:1.33303][EURGBP-OTC:0.85459] :: TOTAL=$1271.51
2026-07-24 13:28:04,058 | INFO     | [DataAdapter] Starting update for EURUSD
2026-07-24 13:28:04,058 | INFO     | [DataAdapter] Refreshing M1 data for EURUSD
2026-07-24 13:28:04,058 | INFO     | [DataAdapter] Starting update for EURUSD-OTC
2026-07-24 13:28:04,058 | INFO     | [DataAdapter] Starting update for GBPUSD-OTC
2026-07-24 13:28:04,058 | INFO     | [DataAdapter] Refreshing M1 data for EURUSD-OTC
2026-07-24 13:28:04,059 | INFO     | [DataAdapter] Refreshing M1 data for GBPUSD-OTC
2026-07-24 13:28:04,059 | INFO     | [DataAdapter] Starting update for EURGBP-OTC
2026-07-24 13:28:04,089 | INFO     | [DataAdapter] Refreshing M1 data for EURGBP-OTC
2026-07-24 13:28:04,342 | INFO     | [IQOPTION] REST fetch succeeded for EURUSD: 5 candles
2026-07-24 13:28:04,378 | INFO     | [DataAdapter] M1 anomaly detection completed for EURUSD in 0.020s
2026-07-24 13:28:04,469 | INFO     | [CSVQueue] Enqueuing write for data_base/csv/iq_option\EURUSD\EURUSD_M1.csv - Queue size: 0
2026-07-24 13:28:04,485 | INFO     | [DataAdapter] M1 data refresh completed for EURUSD
2026-07-24 13:28:04,501 | INFO     | [CSVQueue] Processing write for data_base/csv/iq_option\EURUSD\EURUSD_M1.csv
2026-07-24 13:28:04,501 | INFO     | [DataAdapter] Refreshing M5 data for EURUSD
2026-07-24 13:28:04,548 | INFO     | [CSVWriter] Writing 249 rows to data_base/csv/iq_option\EURUSD\EURUSD_M1.csv
2026-07-24 13:28:04,588 | INFO     | [DataAdapter] M5 anomaly detection completed for EURUSD
2026-07-24 13:28:04,611 | INFO     | [DataAdapter] M5 data refresh completed for EURUSD
2026-07-24 13:28:04,611 | INFO     | [DataAdapter] Refreshing M15 data for EURUSD
2026-07-24 13:28:04,634 | INFO     | [DataAdapter] M15 anomaly detection completed for EURUSD
2026-07-24 13:28:04,643 | INFO     | [DataAdapter] M15 data refresh completed for EURUSD
2026-07-24 13:28:04,645 | INFO     | [DataAdapter] Anomaly statistics for EURUSD: {'total_calls': 49, 'response_times': [0.013999700546264648, 0.31719064712524414, 0.2949824333190918, 0.03267955780029297, 0.16599440574645996, 0.4046361446380615, 0.3303542137145996, 0.18708395957946777, 0.012867212295532227, 0.29335784912109375, 0.21855616569519043, 0.04597282409667969, 0.016118288040161133, 0.16651606559753418, 0.17901921272277832, 0.04098248481750488, 0.027006864547729492, 0.2834603786468506, 0.20427322387695312, 0.21520233154296875, 0.006014347076416016, 0.24805641174316406, 0.2825925350189209, 0.026009082794189453, 0.03001713752746582, 0.33109354972839355, 0.26633429527282715, 0.03498196601867676, 0.013983488082885742, 0.16509389877319336, 0.203139066696167, 0.02601027488708496, 0.015662193298339844, 0.285672664642334, 0.16912531852722168, 0.031012296676635742, 0.02100062370300293, 0.19908738136291504, 0.33910560607910156, 0.4241623878479004, 0.031023502349853516, 0.12838149070739746, 0.22991466522216797, 0.025004148483276367, 0.005982875823974609, 0.15928292274475098, 0.18576288223266602, 0.024000883102416992, 0.020021677017211914], 'spike_count': 0, 'zero_volume_count': np.int64(26892), 'impossible_candle_count': 0, 'consecutive_anomalies': 0, 'avg_response_time': np.float64(0.15056701095736758), 'max_response_time': np.float64(0.4241623878479004), 'min_response_time': np.float64(0.005982875823974609)}
2026-07-24 13:28:04,645 | INFO     | [IQOPTION] REST fetch succeeded for EURUSD-OTC: 5 candles
2026-07-24 13:28:04,832 | ERROR    | [ANOMALY] CONSECUTIVE zero volume: EURUSD-OTC streak 248
2026-07-24 13:28:04,911 | INFO     | [IQOPTION] REST fetch succeeded for GBPUSD-OTC: 5 candles
2026-07-24 13:28:04,933 | ERROR    | [ANOMALY] CONSECUTIVE zero volume: GBPUSD-OTC streak 248
2026-07-24 13:28:05,010 | WARNING  | [ANOMALY] Total anomalies detected: EURUSD-OTC 249
2026-07-24 13:28:05,022 | INFO     | [DataAdapter] M1 anomaly detection completed for EURUSD-OTC in 0.254s
2026-07-24 13:28:05,057 | INFO     | [CSVWriter] Successfully wrote 366 rows to data_base/csv/iq_option\EURUSD\EURUSD_M1.csv
2026-07-24 13:28:05,070 | INFO     | [CSVQueue] Successfully processed write for data_base/csv/iq_option\EURUSD\EURUSD_M1.csv
2026-07-24 13:28:05,070 | INFO     | [CSVQueue] Queue size: 0
2026-07-24 13:28:05,151 | WARNING  | [ANOMALY] Total anomalies detected: GBPUSD-OTC 249
2026-07-24 13:28:05,164 | INFO     | [CSVQueue] Enqueuing write for data_base/csv/iq_option\EURUSD-OTC\EURUSD-OTC_M1.csv - Queue size: 0
2026-07-24 13:28:05,164 | INFO     | [DataAdapter] M1 anomaly detection completed for GBPUSD-OTC in 0.234s
2026-07-24 13:28:05,165 | INFO     | [IQOPTION] REST fetch succeeded for EURGBP-OTC: 5 candles
2026-07-24 13:28:05,165 | INFO     | [DataAdapter] M1 data refresh completed for EURUSD-OTC
2026-07-24 13:28:05,165 | INFO     | [CSVQueue] Processing write for data_base/csv/iq_option\EURUSD-OTC\EURUSD-OTC_M1.csv
2026-07-24 13:28:05,174 | INFO     | [DataAdapter] Refreshing M5 data for EURUSD-OTC
2026-07-24 13:28:05,176 | ERROR    | [ANOMALY] CONSECUTIVE zero volume: EURGBP-OTC streak 248
2026-07-24 13:28:05,176 | INFO     | [CSVWriter] Writing 249 rows to data_base/csv/iq_option\EURUSD-OTC\EURUSD-OTC_M1.csv
2026-07-24 13:28:05,179 | ERROR    | [ANOMALY] CONSECUTIVE zero volume: EURUSD-OTC streak 248
2026-07-24 13:28:05,181 | INFO     | [CSVQueue] Enqueuing write for data_base/csv/iq_option\GBPUSD-OTC\GBPUSD-OTC_M1.csv - Queue size: 0
2026-07-24 13:28:05,187 | INFO     | [DataAdapter] M1 data refresh completed for GBPUSD-OTC
2026-07-24 13:28:05,189 | INFO     | [DataAdapter] Refreshing M5 data for GBPUSD-OTC
2026-07-24 13:28:05,193 | ERROR    | [ANOMALY] CONSECUTIVE zero volume: GBPUSD-OTC streak 248
2026-07-24 13:28:05,199 | WARNING  | [ANOMALY] Total anomalies detected: EURGBP-OTC 249
2026-07-24 13:28:05,201 | INFO     | [DataAdapter] M1 anomaly detection completed for EURGBP-OTC in 0.028s
2026-07-24 13:28:05,207 | WARNING  | [ANOMALY] Total anomalies detected: EURUSD-OTC 249
2026-07-24 13:28:05,207 | INFO     | [DataAdapter] M5 anomaly detection completed for EURUSD-OTC
2026-07-24 13:28:05,207 | INFO     | [DataAdapter] M5 data refresh completed for EURUSD-OTC
2026-07-24 13:28:05,208 | INFO     | [DataAdapter] Refreshing M15 data for EURUSD-OTC
2026-07-24 13:28:05,211 | WARNING  | [ANOMALY] Total anomalies detected: GBPUSD-OTC 249
2026-07-24 13:28:05,215 | ERROR    | [ANOMALY] CONSECUTIVE zero volume: EURUSD-OTC streak 248
2026-07-24 13:28:05,215 | INFO     | [CSVQueue] Enqueuing write for data_base/csv/iq_option\EURGBP-OTC\EURGBP-OTC_M1.csv - Queue size: 1
2026-07-24 13:28:05,216 | INFO     | [DataAdapter] M5 anomaly detection completed for GBPUSD-OTC
2026-07-24 13:28:05,219 | INFO     | [DataAdapter] M1 data refresh completed for EURGBP-OTC
2026-07-24 13:28:05,219 | INFO     | [DataAdapter] M5 data refresh completed for GBPUSD-OTC
2026-07-24 13:28:05,222 | INFO     | [DataAdapter] Refreshing M5 data for EURGBP-OTC
2026-07-24 13:28:05,223 | INFO     | [DataAdapter] Refreshing M15 data for GBPUSD-OTC
2026-07-24 13:28:05,226 | ERROR    | [ANOMALY] CONSECUTIVE zero volume: EURGBP-OTC streak 248
2026-07-24 13:28:05,228 | INFO     | [CSVWriter] Successfully wrote 365 rows to data_base/csv/iq_option\EURUSD-OTC\EURUSD-OTC_M1.csv
2026-07-24 13:28:05,230 | ERROR    | [ANOMALY] CONSECUTIVE zero volume: GBPUSD-OTC streak 248
2026-07-24 13:28:05,235 | WARNING  | [ANOMALY] Total anomalies detected: EURUSD-OTC 249
2026-07-24 13:28:05,235 | INFO     | [CSVQueue] Successfully processed write for data_base/csv/iq_option\EURUSD-OTC\EURUSD-OTC_M1.csv
2026-07-24 13:28:05,237 | INFO     | [DataAdapter] M15 anomaly detection completed for EURUSD-OTC
2026-07-24 13:28:05,239 | INFO     | [CSVQueue] Processing write for data_base/csv/iq_option\GBPUSD-OTC\GBPUSD-OTC_M1.csv
2026-07-24 13:28:05,239 | INFO     | [DataAdapter] M15 data refresh completed for EURUSD-OTC
2026-07-24 13:28:05,241 | INFO     | [CSVWriter] Writing 249 rows to data_base/csv/iq_option\GBPUSD-OTC\GBPUSD-OTC_M1.csv
2026-07-24 13:28:05,242 | INFO     | [DataAdapter] Anomaly statistics for EURUSD-OTC: {'total_calls': 52, 'response_times': [0.013999700546264648, 0.31719064712524414, 0.2949824333190918, 0.03267955780029297, 0.16599440574645996, 0.4046361446380615, 0.3303542137145996, 0.18708395957946777, 0.012867212295532227, 0.29335784912109375, 0.21855616569519043, 0.04597282409667969, 0.016118288040161133, 0.16651606559753418, 0.17901921272277832, 0.04098248481750488, 0.027006864547729492, 0.2834603786468506, 0.20427322387695312, 0.21520233154296875, 0.006014347076416016, 0.24805641174316406, 0.2825925350189209, 0.026009082794189453, 0.03001713752746582, 0.33109354972839355, 0.26633429527282715, 0.03498196601867676, 0.013983488082885742, 0.16509389877319336, 0.203139066696167, 0.02601027488708496, 0.015662193298339844, 0.285672664642334, 0.16912531852722168, 0.031012296676635742, 0.02100062370300293, 0.19908738136291504, 0.33910560607910156, 0.4241623878479004, 0.031023502349853516, 0.12838149070739746, 0.22991466522216797, 0.025004148483276367, 0.005982875823974609, 0.15928292274475098, 0.18576288223266602, 0.024000883102416992, 0.020021677017211914, 0.2539963722229004, 0.23406672477722168, 0.027977466583251953], 'spike_count': 0, 'zero_volume_count': np.int64(28884), 'impossible_candle_count': 0, 'consecutive_anomalies': 0, 'avg_response_time': np.float64(0.15180430962489203), 'max_response_time': np.float64(0.4241623878479004), 'min_response_time': np.float64(0.005982875823974609)}
2026-07-24 13:28:05,250 | WARNING  | [ANOMALY] Total anomalies detected: EURGBP-OTC 249
2026-07-24 13:28:05,251 | INFO     | [DataAdapter] M5 anomaly detection completed for EURGBP-OTC
2026-07-24 13:28:05,254 | WARNING  | [ANOMALY] Total anomalies detected: GBPUSD-OTC 249
2026-07-24 13:28:05,254 | INFO     | [DataAdapter] M5 data refresh completed for EURGBP-OTC
2026-07-24 13:28:05,254 | INFO     | [DataAdapter] M15 anomaly detection completed for GBPUSD-OTC
2026-07-24 13:28:05,255 | INFO     | [DataAdapter] Refreshing M15 data for EURGBP-OTC
2026-07-24 13:28:05,255 | INFO     | [DataAdapter] M15 data refresh completed for GBPUSD-OTC
2026-07-24 13:28:05,258 | ERROR    | [ANOMALY] CONSECUTIVE zero volume: EURGBP-OTC streak 248
2026-07-24 13:28:05,259 | INFO     | [DataAdapter] Anomaly statistics for GBPUSD-OTC: {'total_calls': 52, 'response_times': [0.013999700546264648, 0.31719064712524414, 0.2949824333190918, 0.03267955780029297, 0.16599440574645996, 0.4046361446380615, 0.3303542137145996, 0.18708395957946777, 0.012867212295532227, 0.29335784912109375, 0.21855616569519043, 0.04597282409667969, 0.016118288040161133, 0.16651606559753418, 0.17901921272277832, 0.04098248481750488, 0.027006864547729492, 0.2834603786468506, 0.20427322387695312, 0.21520233154296875, 0.006014347076416016, 0.24805641174316406, 0.2825925350189209, 0.026009082794189453, 0.03001713752746582, 0.33109354972839355, 0.26633429527282715, 0.03498196601867676, 0.013983488082885742, 0.16509389877319336, 0.203139066696167, 0.02601027488708496, 0.015662193298339844, 0.285672664642334, 0.16912531852722168, 0.031012296676635742, 0.02100062370300293, 0.19908738136291504, 0.33910560607910156, 0.4241623878479004, 0.031023502349853516, 0.12838149070739746, 0.22991466522216797, 0.025004148483276367, 0.005982875823974609, 0.15928292274475098, 0.18576288223266602, 0.024000883102416992, 0.020021677017211914, 0.2539963722229004, 0.23406672477722168, 0.027977466583251953], 'spike_count': 0, 'zero_volume_count': np.int64(29133), 'impossible_candle_count': 0, 'consecutive_anomalies': 0, 'avg_response_time': np.float64(0.15180430962489203), 'max_response_time': np.float64(0.4241623878479004), 'min_response_time': np.float64(0.005982875823974609)}
2026-07-24 13:28:05,270 | WARNING  | [ANOMALY] Total anomalies detected: EURGBP-OTC 249
2026-07-24 13:28:05,270 | INFO     | [CSVWriter] Successfully wrote 365 rows to data_base/csv/iq_option\GBPUSD-OTC\GBPUSD-OTC_M1.csv
2026-07-24 13:28:05,270 | INFO     | [DataAdapter] M15 anomaly detection completed for EURGBP-OTC
2026-07-24 13:28:05,270 | INFO     | [CSVQueue] Successfully processed write for data_base/csv/iq_option\GBPUSD-OTC\GBPUSD-OTC_M1.csv
2026-07-24 13:28:05,271 | INFO     | [DataAdapter] M15 data refresh completed for EURGBP-OTC
2026-07-24 13:28:05,271 | INFO     | [CSVQueue] Processing write for data_base/csv/iq_option\EURGBP-OTC\EURGBP-OTC_M1.csv
2026-07-24 13:28:05,271 | INFO     | [DataAdapter] Anomaly statistics for EURGBP-OTC: {'total_calls': 52, 'response_times': [0.013999700546264648, 0.31719064712524414, 0.2949824333190918, 0.03267955780029297, 0.16599440574645996, 0.4046361446380615, 0.3303542137145996, 0.18708395957946777, 0.012867212295532227, 0.29335784912109375, 0.21855616569519043, 0.04597282409667969, 0.016118288040161133, 0.16651606559753418, 0.17901921272277832, 0.04098248481750488, 0.027006864547729492, 0.2834603786468506, 0.20427322387695312, 0.21520233154296875, 0.006014347076416016, 0.24805641174316406, 0.2825925350189209, 0.026009082794189453, 0.03001713752746582, 0.33109354972839355, 0.26633429527282715, 0.03498196601867676, 0.013983488082885742, 0.16509389877319336, 0.203139066696167, 0.02601027488708496, 0.015662193298339844, 0.285672664642334, 0.16912531852722168, 0.031012296676635742, 0.02100062370300293, 0.19908738136291504, 0.33910560607910156, 0.4241623878479004, 0.031023502349853516, 0.12838149070739746, 0.22991466522216797, 0.025004148483276367, 0.005982875823974609, 0.15928292274475098, 0.18576288223266602, 0.024000883102416992, 0.020021677017211914, 0.2539963722229004, 0.23406672477722168, 0.027977466583251953], 'spike_count': 0, 'zero_volume_count': np.int64(29133), 'impossible_candle_count': 0, 'consecutive_anomalies': 0, 'avg_response_time': np.float64(0.15180430962489203), 'max_response_time': np.float64(0.4241623878479004), 'min_response_time': np.float64(0.005982875823974609)}
2026-07-24 13:28:05,271 | INFO     | [CSVWriter] Writing 249 rows to data_base/csv/iq_option\EURGBP-OTC\EURGBP-OTC_M1.csv
2026-07-24 13:28:05,284 | INFO     | [CSVWriter] Successfully wrote 365 rows to data_base/csv/iq_option\EURGBP-OTC\EURGBP-OTC_M1.csv
2026-07-24 13:28:05,286 | INFO     | [CSVQueue] Successfully processed write for data_base/csv/iq_option\EURGBP-OTC\EURGBP-OTC_M1.csv
2026-07-24 13:28:05,286 | INFO     | [CSVQueue] Queue size: 0
2026-07-24 13:28:05,490 | INFO     | [EURUSD:1.13855][EURUSD-OTC:1.15369][GBPUSD-OTC:1.33264][EURGBP-OTC:0.85440] :: TOTAL=$1271.51
2026-07-24 13:29:03,754 | INFO     | [DataAdapter] Starting update for EURUSD
2026-07-24 13:29:03,754 | INFO     | [DataAdapter] Refreshing M1 data for EURUSD
2026-07-24 13:29:03,754 | INFO     | [DataAdapter] Starting update for EURUSD-OTC
2026-07-24 13:29:03,754 | INFO     | [DataAdapter] Refreshing M1 data for EURUSD-OTC
2026-07-24 13:29:03,754 | INFO     | [DataAdapter] Starting update for GBPUSD-OTC
2026-07-24 13:29:03,754 | INFO     | [DataAdapter] Refreshing M1 data for GBPUSD-OTC
2026-07-24 13:29:03,754 | INFO     | [DataAdapter] Starting update for EURGBP-OTC
2026-07-24 13:29:03,755 | INFO     | [DataAdapter] Refreshing M1 data for EURGBP-OTC
2026-07-24 13:29:04,005 | INFO     | [IQOPTION] REST fetch succeeded for EURUSD: 5 candles
2026-07-24 13:29:04,054 | INFO     | [DataAdapter] M1 anomaly detection completed for EURUSD in 0.032s
2026-07-24 13:29:04,163 | INFO     | [CSVQueue] Enqueuing write for data_base/csv/iq_option\EURUSD\EURUSD_M1.csv - Queue size: 0
2026-07-24 13:29:04,179 | INFO     | [DataAdapter] M1 data refresh completed for EURUSD
2026-07-24 13:29:04,179 | INFO     | [DataAdapter] Refreshing M5 data for EURUSD
2026-07-24 13:29:04,198 | INFO     | [CSVQueue] Processing write for data_base/csv/iq_option\EURUSD\EURUSD_M1.csv
2026-07-24 13:29:04,198 | INFO     | [CSVWriter] Writing 249 rows to data_base/csv/iq_option\EURUSD\EURUSD_M1.csv
2026-07-24 13:29:04,230 | INFO     | [DataAdapter] M5 anomaly detection completed for EURUSD
2026-07-24 13:29:04,243 | INFO     | [DataAdapter] M5 data refresh completed for EURUSD
2026-07-24 13:29:04,259 | INFO     | [DataAdapter] Refreshing M15 data for EURUSD
2026-07-24 13:29:04,265 | INFO     | [DataAdapter] M15 anomaly detection completed for EURUSD
2026-07-24 13:29:04,265 | INFO     | [DataAdapter] M15 data refresh completed for EURUSD
2026-07-24 13:29:04,266 | INFO     | [DataAdapter] Anomaly statistics for EURUSD: {'total_calls': 53, 'response_times': [0.013999700546264648, 0.31719064712524414, 0.2949824333190918, 0.03267955780029297, 0.16599440574645996, 0.4046361446380615, 0.3303542137145996, 0.18708395957946777, 0.012867212295532227, 0.29335784912109375, 0.21855616569519043, 0.04597282409667969, 0.016118288040161133, 0.16651606559753418, 0.17901921272277832, 0.04098248481750488, 0.027006864547729492, 0.2834603786468506, 0.20427322387695312, 0.21520233154296875, 0.006014347076416016, 0.24805641174316406, 0.2825925350189209, 0.026009082794189453, 0.03001713752746582, 0.33109354972839355, 0.26633429527282715, 0.03498196601867676, 0.013983488082885742, 0.16509389877319336, 0.203139066696167, 0.02601027488708496, 0.015662193298339844, 0.285672664642334, 0.16912531852722168, 0.031012296676635742, 0.02100062370300293, 0.19908738136291504, 0.33910560607910156, 0.4241623878479004, 0.031023502349853516, 0.12838149070739746, 0.22991466522216797, 0.025004148483276367, 0.005982875823974609, 0.15928292274475098, 0.18576288223266602, 0.024000883102416992, 0.020021677017211914, 0.2539963722229004, 0.23406672477722168, 0.027977466583251953, 0.032039642333984375], 'spike_count': 0, 'zero_volume_count': np.int64(29133), 'impossible_candle_count': 0, 'consecutive_anomalies': 0, 'avg_response_time': np.float64(0.14954459892129), 'max_response_time': np.float64(0.4241623878479004), 'min_response_time': np.float64(0.005982875823974609)}
2026-07-24 13:29:04,306 | INFO     | [IQOPTION] REST fetch succeeded for EURUSD-OTC: 5 candles
2026-07-24 13:29:04,372 | ERROR    | [ANOMALY] CONSECUTIVE zero volume: EURUSD-OTC streak 248
2026-07-24 13:29:04,547 | WARNING  | [ANOMALY] Total anomalies detected: EURUSD-OTC 249
2026-07-24 13:29:04,562 | INFO     | [DataAdapter] M1 anomaly detection completed for EURUSD-OTC in 0.234s
2026-07-24 13:29:04,562 | INFO     | [IQOPTION] REST fetch succeeded for GBPUSD-OTC: 5 candles
2026-07-24 13:29:04,625 | ERROR    | [ANOMALY] CONSECUTIVE zero volume: GBPUSD-OTC streak 248
2026-07-24 13:29:04,642 | INFO     | [CSVQueue] Enqueuing write for data_base/csv/iq_option\EURUSD-OTC\EURUSD-OTC_M1.csv - Queue size: 0
2026-07-24 13:29:04,655 | INFO     | [DataAdapter] M1 data refresh completed for EURUSD-OTC
2026-07-24 13:29:04,655 | INFO     | [DataAdapter] Refreshing M5 data for EURUSD-OTC
2026-07-24 13:29:04,658 | ERROR    | [ANOMALY] CONSECUTIVE zero volume: EURUSD-OTC streak 248
2026-07-24 13:29:04,766 | INFO     | [CSVWriter] Successfully wrote 367 rows to data_base/csv/iq_option\EURUSD\EURUSD_M1.csv
2026-07-24 13:29:04,766 | INFO     | [CSVQueue] Successfully processed write for data_base/csv/iq_option\EURUSD\EURUSD_M1.csv
2026-07-24 13:29:04,766 | INFO     | [CSVQueue] Processing write for data_base/csv/iq_option\EURUSD-OTC\EURUSD-OTC_M1.csv
2026-07-24 13:29:04,766 | INFO     | [CSVWriter] Writing 249 rows to data_base/csv/iq_option\EURUSD-OTC\EURUSD-OTC_M1.csv
2026-07-24 13:29:04,816 | WARNING  | [ANOMALY] Total anomalies detected: EURUSD-OTC 249
2026-07-24 13:29:04,845 | INFO     | [DataAdapter] M5 anomaly detection completed for EURUSD-OTC
2026-07-24 13:29:04,845 | INFO     | [DataAdapter] M5 data refresh completed for EURUSD-OTC
2026-07-24 13:29:04,879 | INFO     | [DataAdapter] Refreshing M15 data for EURUSD-OTC
2026-07-24 13:29:04,912 | ERROR    | [ANOMALY] CONSECUTIVE zero volume: EURUSD-OTC streak 248
2026-07-24 13:29:04,914 | INFO     | [IQOPTION] REST fetch succeeded for EURGBP-OTC: 5 candles
2026-07-24 13:29:04,924 | ERROR    | [ANOMALY] CONSECUTIVE zero volume: EURGBP-OTC streak 248
2026-07-24 13:29:04,929 | WARNING  | [ANOMALY] Total anomalies detected: GBPUSD-OTC 249
2026-07-24 13:29:04,930 | INFO     | [DataAdapter] M1 anomaly detection completed for GBPUSD-OTC in 0.360s
2026-07-24 13:29:04,937 | INFO     | [CSVQueue] Enqueuing write for data_base/csv/iq_option\GBPUSD-OTC\GBPUSD-OTC_M1.csv - Queue size: 0
2026-07-24 13:29:04,938 | INFO     | [DataAdapter] M1 data refresh completed for GBPUSD-OTC
2026-07-24 13:29:04,938 | INFO     | [DataAdapter] Refreshing M5 data for GBPUSD-OTC
2026-07-24 13:29:04,942 | WARNING  | [ANOMALY] Total anomalies detected: EURGBP-OTC 249
2026-07-24 13:29:04,949 | WARNING  | [ANOMALY] Total anomalies detected: EURUSD-OTC 249
2026-07-24 13:29:04,951 | ERROR    | [ANOMALY] CONSECUTIVE zero volume: GBPUSD-OTC streak 248
2026-07-24 13:29:04,951 | INFO     | [DataAdapter] M1 anomaly detection completed for EURGBP-OTC in 0.031s
2026-07-24 13:29:04,951 | INFO     | [DataAdapter] M15 anomaly detection completed for EURUSD-OTC
2026-07-24 13:29:04,952 | INFO     | [CSVWriter] Successfully wrote 366 rows to data_base/csv/iq_option\EURUSD-OTC\EURUSD-OTC_M1.csv
2026-07-24 13:29:04,955 | INFO     | [DataAdapter] M15 data refresh completed for EURUSD-OTC
2026-07-24 13:29:04,956 | INFO     | [CSVQueue] Successfully processed write for data_base/csv/iq_option\EURUSD-OTC\EURUSD-OTC_M1.csv
2026-07-24 13:29:04,958 | INFO     | [DataAdapter] Anomaly statistics for EURUSD-OTC: {'total_calls': 56, 'response_times': [0.013999700546264648, 0.31719064712524414, 0.2949824333190918, 0.03267955780029297, 0.16599440574645996, 0.4046361446380615, 0.3303542137145996, 0.18708395957946777, 0.012867212295532227, 0.29335784912109375, 0.21855616569519043, 0.04597282409667969, 0.016118288040161133, 0.16651606559753418, 0.17901921272277832, 0.04098248481750488, 0.027006864547729492, 0.2834603786468506, 0.20427322387695312, 0.21520233154296875, 0.006014347076416016, 0.24805641174316406, 0.2825925350189209, 0.026009082794189453, 0.03001713752746582, 0.33109354972839355, 0.26633429527282715, 0.03498196601867676, 0.013983488082885742, 0.16509389877319336, 0.203139066696167, 0.02601027488708496, 0.015662193298339844, 0.285672664642334, 0.16912531852722168, 0.031012296676635742, 0.02100062370300293, 0.19908738136291504, 0.33910560607910156, 0.4241623878479004, 0.031023502349853516, 0.12838149070739746, 0.22991466522216797, 0.025004148483276367, 0.005982875823974609, 0.15928292274475098, 0.18576288223266602, 0.024000883102416992, 0.020021677017211914, 0.2539963722229004, 0.23406672477722168, 0.027977466583251953, 0.032039642333984375, 0.23402166366577148, 0.35982704162597656, 0.031000375747680664], 'spike_count': 0, 'zero_volume_count': np.int64(30627), 'impossible_candle_count': 0, 'consecutive_anomalies': 0, 'avg_response_time': np.float64(0.15269130042621068), 'max_response_time': np.float64(0.4241623878479004), 'min_response_time': np.float64(0.005982875823974609)}
2026-07-24 13:29:04,958 | INFO     | [CSVQueue] Processing write for data_base/csv/iq_option\GBPUSD-OTC\GBPUSD-OTC_M1.csv
2026-07-24 13:29:04,959 | INFO     | [CSVQueue] Enqueuing write for data_base/csv/iq_option\EURGBP-OTC\EURGBP-OTC_M1.csv - Queue size: 0
2026-07-24 13:29:04,959 | INFO     | [CSVWriter] Writing 249 rows to data_base/csv/iq_option\GBPUSD-OTC\GBPUSD-OTC_M1.csv
2026-07-24 13:29:04,960 | INFO     | [DataAdapter] M1 data refresh completed for EURGBP-OTC
2026-07-24 13:29:04,965 | WARNING  | [ANOMALY] Total anomalies detected: GBPUSD-OTC 249
2026-07-24 13:29:04,965 | INFO     | [DataAdapter] Refreshing M5 data for EURGBP-OTC
2026-07-24 13:29:04,965 | INFO     | [DataAdapter] M5 anomaly detection completed for GBPUSD-OTC
2026-07-24 13:29:04,967 | INFO     | [DataAdapter] M5 data refresh completed for GBPUSD-OTC
2026-07-24 13:29:04,967 | INFO     | [DataAdapter] Refreshing M15 data for GBPUSD-OTC
2026-07-24 13:29:04,971 | ERROR    | [ANOMALY] CONSECUTIVE zero volume: GBPUSD-OTC streak 248
2026-07-24 13:29:04,972 | ERROR    | [ANOMALY] CONSECUTIVE zero volume: EURGBP-OTC streak 248
2026-07-24 13:29:04,988 | WARNING  | [ANOMALY] Total anomalies detected: GBPUSD-OTC 249
2026-07-24 13:29:04,991 | INFO     | [DataAdapter] M15 anomaly detection completed for GBPUSD-OTC
2026-07-24 13:29:04,992 | WARNING  | [ANOMALY] Total anomalies detected: EURGBP-OTC 249
2026-07-24 13:29:04,992 | INFO     | [DataAdapter] M15 data refresh completed for GBPUSD-OTC
2026-07-24 13:29:04,992 | INFO     | [DataAdapter] M5 anomaly detection completed for EURGBP-OTC
2026-07-24 13:29:04,992 | INFO     | [DataAdapter] Anomaly statistics for GBPUSD-OTC: {'total_calls': 56, 'response_times': [0.013999700546264648, 0.31719064712524414, 0.2949824333190918, 0.03267955780029297, 0.16599440574645996, 0.4046361446380615, 0.3303542137145996, 0.18708395957946777, 0.012867212295532227, 0.29335784912109375, 0.21855616569519043, 0.04597282409667969, 0.016118288040161133, 0.16651606559753418, 0.17901921272277832, 0.04098248481750488, 0.027006864547729492, 0.2834603786468506, 0.20427322387695312, 0.21520233154296875, 0.006014347076416016, 0.24805641174316406, 0.2825925350189209, 0.026009082794189453, 0.03001713752746582, 0.33109354972839355, 0.26633429527282715, 0.03498196601867676, 0.013983488082885742, 0.16509389877319336, 0.203139066696167, 0.02601027488708496, 0.015662193298339844, 0.285672664642334, 0.16912531852722168, 0.031012296676635742, 0.02100062370300293, 0.19908738136291504, 0.33910560607910156, 0.4241623878479004, 0.031023502349853516, 0.12838149070739746, 0.22991466522216797, 0.025004148483276367, 0.005982875823974609, 0.15928292274475098, 0.18576288223266602, 0.024000883102416992, 0.020021677017211914, 0.2539963722229004, 0.23406672477722168, 0.027977466583251953, 0.032039642333984375, 0.23402166366577148, 0.35982704162597656, 0.031000375747680664], 'spike_count': 0, 'zero_volume_count': np.int64(31125), 'impossible_candle_count': 0, 'consecutive_anomalies': 0, 'avg_response_time': np.float64(0.15269130042621068), 'max_response_time': np.float64(0.4241623878479004), 'min_response_time': np.float64(0.005982875823974609)}
2026-07-24 13:29:04,993 | INFO     | [DataAdapter] M5 data refresh completed for EURGBP-OTC
2026-07-24 13:29:04,993 | INFO     | [DataAdapter] Refreshing M15 data for EURGBP-OTC
2026-07-24 13:29:04,997 | ERROR    | [ANOMALY] CONSECUTIVE zero volume: EURGBP-OTC streak 248
2026-07-24 13:29:04,997 | INFO     | [CSVWriter] Successfully wrote 366 rows to data_base/csv/iq_option\GBPUSD-OTC\GBPUSD-OTC_M1.csv
2026-07-24 13:29:04,998 | INFO     | [CSVQueue] Successfully processed write for data_base/csv/iq_option\GBPUSD-OTC\GBPUSD-OTC_M1.csv
2026-07-24 13:29:04,998 | INFO     | [CSVQueue] Processing write for data_base/csv/iq_option\EURGBP-OTC\EURGBP-OTC_M1.csv
2026-07-24 13:29:04,998 | INFO     | [CSVWriter] Writing 249 rows to data_base/csv/iq_option\EURGBP-OTC\EURGBP-OTC_M1.csv
2026-07-24 13:29:05,009 | WARNING  | [ANOMALY] Total anomalies detected: EURGBP-OTC 249
2026-07-24 13:29:05,009 | INFO     | [DataAdapter] M15 anomaly detection completed for EURGBP-OTC
2026-07-24 13:29:05,009 | INFO     | [DataAdapter] M15 data refresh completed for EURGBP-OTC
2026-07-24 13:29:05,010 | INFO     | [DataAdapter] Anomaly statistics for EURGBP-OTC: {'total_calls': 56, 'response_times': [0.013999700546264648, 0.31719064712524414, 0.2949824333190918, 0.03267955780029297, 0.16599440574645996, 0.4046361446380615, 0.3303542137145996, 0.18708395957946777, 0.012867212295532227, 0.29335784912109375, 0.21855616569519043, 0.04597282409667969, 0.016118288040161133, 0.16651606559753418, 0.17901921272277832, 0.04098248481750488, 0.027006864547729492, 0.2834603786468506, 0.20427322387695312, 0.21520233154296875, 0.006014347076416016, 0.24805641174316406, 0.2825925350189209, 0.026009082794189453, 0.03001713752746582, 0.33109354972839355, 0.26633429527282715, 0.03498196601867676, 0.013983488082885742, 0.16509389877319336, 0.203139066696167, 0.02601027488708496, 0.015662193298339844, 0.285672664642334, 0.16912531852722168, 0.031012296676635742, 0.02100062370300293, 0.19908738136291504, 0.33910560607910156, 0.4241623878479004, 0.031023502349853516, 0.12838149070739746, 0.22991466522216797, 0.025004148483276367, 0.005982875823974609, 0.15928292274475098, 0.18576288223266602, 0.024000883102416992, 0.020021677017211914, 0.2539963722229004, 0.23406672477722168, 0.027977466583251953, 0.032039642333984375, 0.23402166366577148, 0.35982704162597656, 0.031000375747680664], 'spike_count': 0, 'zero_volume_count': np.int64(31374), 'impossible_candle_count': 0, 'consecutive_anomalies': 0, 'avg_response_time': np.float64(0.15269130042621068), 'max_response_time': np.float64(0.4241623878479004), 'min_response_time': np.float64(0.005982875823974609)}
2026-07-24 13:29:05,013 | INFO     | [CSVWriter] Successfully wrote 366 rows to data_base/csv/iq_option\EURGBP-OTC\EURGBP-OTC_M1.csv
2026-07-24 13:29:05,014 | INFO     | [CSVQueue] Successfully processed write for data_base/csv/iq_option\EURGBP-OTC\EURGBP-OTC_M1.csv
2026-07-24 13:29:05,014 | INFO     | [CSVQueue] Queue size: 0
2026-07-24 13:29:05,276 | INFO     | [EURUSD:1.13850][EURUSD-OTC:1.15373][GBPUSD-OTC:1.33235][EURGBP-OTC:0.85460] :: TOTAL=$1271.51
2026-07-24 13:30:03,526 | INFO     | [DataAdapter] Starting update for EURUSD
2026-07-24 13:30:03,526 | INFO     | [DataAdapter] Refreshing M1 data for EURUSD
2026-07-24 13:30:03,526 | INFO     | [DataAdapter] Starting update for EURUSD-OTC
2026-07-24 13:30:03,526 | INFO     | [DataAdapter] Refreshing M1 data for EURUSD-OTC
2026-07-24 13:30:03,526 | INFO     | [DataAdapter] Starting update for GBPUSD-OTC
2026-07-24 13:30:03,526 | INFO     | [DataAdapter] Refreshing M1 data for GBPUSD-OTC
2026-07-24 13:30:03,541 | INFO     | [DataAdapter] Starting update for EURGBP-OTC
2026-07-24 13:30:03,573 | INFO     | [DataAdapter] Refreshing M1 data for EURGBP-OTC
2026-07-24 13:30:03,763 | INFO     | [IQOPTION] REST fetch succeeded for EURUSD: 5 candles
2026-07-24 13:30:03,799 | INFO     | [DataAdapter] M1 anomaly detection completed for EURUSD in 0.030s
2026-07-24 13:30:03,937 | INFO     | [CSVQueue] Enqueuing write for data_base/csv/iq_option\EURUSD\EURUSD_M1.csv - Queue size: 0
2026-07-24 13:30:03,953 | INFO     | [DataAdapter] M1 data refresh completed for EURUSD
2026-07-24 13:30:03,969 | INFO     | [CSVQueue] Processing write for data_base/csv/iq_option\EURUSD\EURUSD_M1.csv
2026-07-24 13:30:03,969 | INFO     | [DataAdapter] Refreshing M5 data for EURUSD
2026-07-24 13:30:04,031 | INFO     | [CSVWriter] Writing 249 rows to data_base/csv/iq_option\EURUSD\EURUSD_M1.csv
2026-07-24 13:30:04,047 | INFO     | [IQOPTION] REST fetch succeeded for EURUSD-OTC: 5 candles
2026-07-24 13:30:04,081 | ERROR    | [ANOMALY] CONSECUTIVE zero volume: EURUSD-OTC streak 248
2026-07-24 13:30:04,256 | WARNING  | [ANOMALY] Total anomalies detected: EURUSD-OTC 249
2026-07-24 13:30:04,285 | INFO     | [DataAdapter] M1 anomaly detection completed for EURUSD-OTC in 0.217s
2026-07-24 13:30:04,304 | INFO     | [IQOPTION] REST fetch succeeded for GBPUSD-OTC: 5 candles
2026-07-24 13:30:04,317 | INFO     | [CSVQueue] Enqueuing write for data_base/csv/iq_option\EURUSD-OTC\EURUSD-OTC_M1.csv - Queue size: 0
2026-07-24 13:30:04,342 | ERROR    | [ANOMALY] CONSECUTIVE zero volume: GBPUSD-OTC streak 248
2026-07-24 13:30:04,397 | INFO     | [DataAdapter] M1 data refresh completed for EURUSD-OTC
2026-07-24 13:30:04,413 | INFO     | [CSVWriter] Successfully wrote 368 rows to data_base/csv/iq_option\EURUSD\EURUSD_M1.csv
2026-07-24 13:30:04,524 | INFO     | [DataAdapter] Refreshing M5 data for EURUSD-OTC
2026-07-24 13:30:04,571 | INFO     | [CSVQueue] Successfully processed write for data_base/csv/iq_option\EURUSD\EURUSD_M1.csv
2026-07-24 13:30:04,574 | INFO     | [IQOPTION] REST fetch succeeded for EURGBP-OTC: 5 candles
2026-07-24 13:30:04,636 | INFO     | [CSVQueue] Processing write for data_base/csv/iq_option\EURUSD-OTC\EURUSD-OTC_M1.csv
2026-07-24 13:30:04,655 | WARNING  | [ANOMALY] Total anomalies detected: GBPUSD-OTC 249
2026-07-24 13:30:04,691 | INFO     | [CSVWriter] Writing 249 rows to data_base/csv/iq_option\EURUSD-OTC\EURUSD-OTC_M1.csv
2026-07-24 13:30:04,717 | ERROR    | [ANOMALY] CONSECUTIVE zero volume: EURGBP-OTC streak 248
2026-07-24 13:30:04,747 | INFO     | [DataAdapter] M1 anomaly detection completed for GBPUSD-OTC in 0.408s
2026-07-24 13:30:04,921 | INFO     | [CSVQueue] Enqueuing write for data_base/csv/iq_option\GBPUSD-OTC\GBPUSD-OTC_M1.csv - Queue size: 0
2026-07-24 13:30:04,937 | INFO     | [DataAdapter] M1 data refresh completed for GBPUSD-OTC
2026-07-24 13:30:04,937 | INFO     | [IQOPTION] REST fetch succeeded for EURUSD: 5 candles
2026-07-24 13:30:04,940 | INFO     | [DataAdapter] Refreshing M5 data for GBPUSD-OTC
2026-07-24 13:30:04,994 | INFO     | [DataAdapter] M5 anomaly detection completed for EURUSD
2026-07-24 13:30:05,006 | WARNING  | [ANOMALY] Total anomalies detected: EURGBP-OTC 249
2026-07-24 13:30:05,017 | INFO     | [DataAdapter] M1 anomaly detection completed for EURGBP-OTC in 0.327s
2026-07-24 13:30:05,067 | INFO     | [CSVWriter] Successfully wrote 367 rows to data_base/csv/iq_option\EURUSD-OTC\EURUSD-OTC_M1.csv
2026-07-24 13:30:05,081 | INFO     | [CSVQueue] Enqueuing write for data_base/csv/iq_option\EURUSD\EURUSD_M5.csv - Queue size: 1
2026-07-24 13:30:05,081 | INFO     | [CSVQueue] Successfully processed write for data_base/csv/iq_option\EURUSD-OTC\EURUSD-OTC_M1.csv
2026-07-24 13:30:05,173 | INFO     | [CSVQueue] Enqueuing write for data_base/csv/iq_option\EURGBP-OTC\EURGBP-OTC_M1.csv - Queue size: 1
2026-07-24 13:30:05,189 | INFO     | [DataAdapter] M5 data refresh completed for EURUSD
2026-07-24 13:30:05,189 | INFO     | [CSVQueue] Processing write for data_base/csv/iq_option\GBPUSD-OTC\GBPUSD-OTC_M1.csv
2026-07-24 13:30:05,221 | INFO     | [DataAdapter] M1 data refresh completed for EURGBP-OTC
2026-07-24 13:30:05,221 | INFO     | [DataAdapter] Refreshing M15 data for EURUSD
2026-07-24 13:30:05,222 | INFO     | [IQOPTION] REST fetch succeeded for EURUSD-OTC: 5 candles
2026-07-24 13:30:05,252 | INFO     | [CSVWriter] Writing 249 rows to data_base/csv/iq_option\GBPUSD-OTC\GBPUSD-OTC_M1.csv
2026-07-24 13:30:05,300 | INFO     | [DataAdapter] Refreshing M5 data for EURGBP-OTC
2026-07-24 13:30:05,446 | ERROR    | [ANOMALY] CONSECUTIVE zero volume: EURUSD-OTC streak 248
2026-07-24 13:30:05,475 | INFO     | [IQOPTION] REST fetch succeeded for GBPUSD-OTC: 5 candles
2026-07-24 13:30:05,484 | ERROR    | [ANOMALY] CONSECUTIVE zero volume: GBPUSD-OTC streak 248
2026-07-24 13:30:05,633 | WARNING  | [ANOMALY] Total anomalies detected: EURUSD-OTC 249
2026-07-24 13:30:05,633 | INFO     | [DataAdapter] M5 anomaly detection completed for EURUSD-OTC
2026-07-24 13:30:05,649 | WARNING  | [ANOMALY] Total anomalies detected: GBPUSD-OTC 249
2026-07-24 13:30:05,694 | INFO     | [DataAdapter] M5 anomaly detection completed for GBPUSD-OTC
2026-07-24 13:30:05,742 | INFO     | [CSVQueue] Enqueuing write for data_base/csv/iq_option\EURUSD-OTC\EURUSD-OTC_M5.csv - Queue size: 2
2026-07-24 13:30:05,789 | INFO     | [CSVQueue] Enqueuing write for data_base/csv/iq_option\GBPUSD-OTC\GBPUSD-OTC_M5.csv - Queue size: 2
2026-07-24 13:30:05,821 | INFO     | [DataAdapter] M5 data refresh completed for EURUSD-OTC
2026-07-24 13:30:05,822 | INFO     | [DataAdapter] M5 data refresh completed for GBPUSD-OTC
2026-07-24 13:30:05,853 | INFO     | [CSVWriter] Successfully wrote 367 rows to data_base/csv/iq_option\GBPUSD-OTC\GBPUSD-OTC_M1.csv
2026-07-24 13:30:05,869 | INFO     | [DataAdapter] Refreshing M15 data for EURUSD-OTC
2026-07-24 13:30:05,964 | INFO     | [DataAdapter] Refreshing M15 data for GBPUSD-OTC
2026-07-24 13:30:05,964 | INFO     | [CSVQueue] Successfully processed write for data_base/csv/iq_option\GBPUSD-OTC\GBPUSD-OTC_M1.csv
2026-07-24 13:30:06,020 | INFO     | [IQOPTION] REST fetch succeeded for EURUSD: 250 candles
2026-07-24 13:30:06,028 | INFO     | [CSVQueue] Processing write for data_base/csv/iq_option\EURUSD\EURUSD_M5.csv
2026-07-24 13:30:06,096 | INFO     | [DataAdapter] M15 anomaly detection completed for EURUSD
2026-07-24 13:30:06,123 | INFO     | [CSVWriter] Writing 249 rows to data_base/csv/iq_option\EURUSD\EURUSD_M5.csv
2026-07-24 13:30:06,280 | INFO     | [CSVQueue] Enqueuing write for data_base/csv/iq_option\EURUSD\EURUSD_M15.csv - Queue size: 3
2026-07-24 13:30:06,344 | INFO     | [DataAdapter] M15 data refresh completed for EURUSD
2026-07-24 13:30:06,345 | INFO     | [DataAdapter] Anomaly statistics for EURUSD: {'total_calls': 60, 'response_times': [0.013999700546264648, 0.31719064712524414, 0.2949824333190918, 0.03267955780029297, 0.16599440574645996, 0.4046361446380615, 0.3303542137145996, 0.18708395957946777, 0.012867212295532227, 0.29335784912109375, 0.21855616569519043, 0.04597282409667969, 0.016118288040161133, 0.16651606559753418, 0.17901921272277832, 0.04098248481750488, 0.027006864547729492, 0.2834603786468506, 0.20427322387695312, 0.21520233154296875, 0.006014347076416016, 0.24805641174316406, 0.2825925350189209, 0.026009082794189453, 0.03001713752746582, 0.33109354972839355, 0.26633429527282715, 0.03498196601867676, 0.013983488082885742, 0.16509389877319336, 0.203139066696167, 0.02601027488708496, 0.015662193298339844, 0.285672664642334, 0.16912531852722168, 0.031012296676635742, 0.02100062370300293, 0.19908738136291504, 0.33910560607910156, 0.4241623878479004, 0.031023502349853516, 0.12838149070739746, 0.22991466522216797, 0.025004148483276367, 0.005982875823974609, 0.15928292274475098, 0.18576288223266602, 0.024000883102416992, 0.020021677017211914, 0.2539963722229004, 0.23406672477722168, 0.027977466583251953, 0.032039642333984375, 0.23402166366577148, 0.35982704162597656, 0.031000375747680664, 0.029973506927490234, 0.21654653549194336, 0.4075918197631836, 0.32715654373168945], 'spike_count': 0, 'zero_volume_count': np.int64(32619), 'impossible_candle_count': 0, 'consecutive_anomalies': 0, 'avg_response_time': np.float64(0.15886635382970174), 'max_response_time': np.float64(0.4241623878479004), 'min_response_time': np.float64(0.005982875823974609)}
2026-07-24 13:30:06,345 | INFO     | [IQOPTION] REST fetch succeeded for EURGBP-OTC: 5 candles
2026-07-24 13:30:06,441 | ERROR    | [ANOMALY] CONSECUTIVE zero volume: EURGBP-OTC streak 248
2026-07-24 13:30:06,630 | INFO     | [CSVWriter] Successfully wrote 273 rows to data_base/csv/iq_option\EURUSD\EURUSD_M5.csv
2026-07-24 13:30:06,645 | INFO     | [CSVQueue] Successfully processed write for data_base/csv/iq_option\EURUSD\EURUSD_M5.csv
2026-07-24 13:30:06,661 | INFO     | [CSVQueue] Processing write for data_base/csv/iq_option\EURGBP-OTC\EURGBP-OTC_M1.csv
2026-07-24 13:30:06,685 | INFO     | [CSVWriter] Writing 249 rows to data_base/csv/iq_option\EURGBP-OTC\EURGBP-OTC_M1.csv
2026-07-24 13:30:06,691 | WARNING  | [ANOMALY] Total anomalies detected: EURGBP-OTC 249
2026-07-24 13:30:06,691 | INFO     | [DataAdapter] M5 anomaly detection completed for EURGBP-OTC
2026-07-24 13:30:06,692 | INFO     | [IQOPTION] REST fetch succeeded for EURUSD-OTC: 250 candles
2026-07-24 13:30:06,789 | ERROR    | [ANOMALY] CONSECUTIVE zero volume: EURUSD-OTC streak 248
2026-07-24 13:30:06,803 | INFO     | [CSVQueue] Enqueuing write for data_base/csv/iq_option\EURGBP-OTC\EURGBP-OTC_M5.csv - Queue size: 3
2026-07-24 13:30:06,931 | INFO     | [DataAdapter] M5 data refresh completed for EURGBP-OTC
2026-07-24 13:30:06,931 | INFO     | [DataAdapter] Refreshing M15 data for EURGBP-OTC
2026-07-24 13:30:07,076 | WARNING  | [ANOMALY] Total anomalies detected: EURUSD-OTC 249
2026-07-24 13:30:07,097 | INFO     | [DataAdapter] M15 anomaly detection completed for EURUSD-OTC
2026-07-24 13:30:07,101 | INFO     | [IQOPTION] REST fetch succeeded for GBPUSD-OTC: 250 candles
2026-07-24 13:30:07,168 | ERROR    | [ANOMALY] CONSECUTIVE zero volume: GBPUSD-OTC streak 248
2026-07-24 13:30:07,184 | INFO     | [CSVQueue] Enqueuing write for data_base/csv/iq_option\EURUSD-OTC\EURUSD-OTC_M15.csv - Queue size: 4
2026-07-24 13:30:07,184 | INFO     | [DataAdapter] M15 data refresh completed for EURUSD-OTC
2026-07-24 13:30:07,184 | INFO     | [DataAdapter] Anomaly statistics for EURUSD-OTC: {'total_calls': 60, 'response_times': [0.013999700546264648, 0.31719064712524414, 0.2949824333190918, 0.03267955780029297, 0.16599440574645996, 0.4046361446380615, 0.3303542137145996, 0.18708395957946777, 0.012867212295532227, 0.29335784912109375, 0.21855616569519043, 0.04597282409667969, 0.016118288040161133, 0.16651606559753418, 0.17901921272277832, 0.04098248481750488, 0.027006864547729492, 0.2834603786468506, 0.20427322387695312, 0.21520233154296875, 0.006014347076416016, 0.24805641174316406, 0.2825925350189209, 0.026009082794189453, 0.03001713752746582, 0.33109354972839355, 0.26633429527282715, 0.03498196601867676, 0.013983488082885742, 0.16509389877319336, 0.203139066696167, 0.02601027488708496, 0.015662193298339844, 0.285672664642334, 0.16912531852722168, 0.031012296676635742, 0.02100062370300293, 0.19908738136291504, 0.33910560607910156, 0.4241623878479004, 0.031023502349853516, 0.12838149070739746, 0.22991466522216797, 0.025004148483276367, 0.005982875823974609, 0.15928292274475098, 0.18576288223266602, 0.024000883102416992, 0.020021677017211914, 0.2539963722229004, 0.23406672477722168, 0.027977466583251953, 0.032039642333984375, 0.23402166366577148, 0.35982704162597656, 0.031000375747680664, 0.029973506927490234, 0.21654653549194336, 0.4075918197631836, 0.32715654373168945], 'spike_count': 0, 'zero_volume_count': np.int64(33366), 'impossible_candle_count': 0, 'consecutive_anomalies': 0, 'avg_response_time': np.float64(0.15886635382970174), 'max_response_time': np.float64(0.4241623878479004), 'min_response_time': np.float64(0.005982875823974609)}
2026-07-24 13:30:07,199 | INFO     | [CSVWriter] Successfully wrote 367 rows to data_base/csv/iq_option\EURGBP-OTC\EURGBP-OTC_M1.csv
2026-07-24 13:30:07,215 | INFO     | [CSVQueue] Successfully processed write for data_base/csv/iq_option\EURGBP-OTC\EURGBP-OTC_M1.csv
2026-07-24 13:30:07,215 | INFO     | [CSVQueue] Processing write for data_base/csv/iq_option\EURUSD-OTC\EURUSD-OTC_M5.csv
2026-07-24 13:30:07,215 | INFO     | [CSVWriter] Writing 249 rows to data_base/csv/iq_option\EURUSD-OTC\EURUSD-OTC_M5.csv
2026-07-24 13:30:07,282 | WARNING  | [ANOMALY] Total anomalies detected: GBPUSD-OTC 249
2026-07-24 13:30:07,295 | INFO     | [DataAdapter] M15 anomaly detection completed for GBPUSD-OTC
2026-07-24 13:30:07,358 | INFO     | [CSVQueue] Enqueuing write for data_base/csv/iq_option\GBPUSD-OTC\GBPUSD-OTC_M15.csv - Queue size: 4
2026-07-24 13:30:07,373 | INFO     | [DataAdapter] M15 data refresh completed for GBPUSD-OTC
2026-07-24 13:30:07,398 | INFO     | [IQOPTION] REST fetch succeeded for EURGBP-OTC: 250 candles
2026-07-24 13:30:07,399 | INFO     | [DataAdapter] Anomaly statistics for GBPUSD-OTC: {'total_calls': 60, 'response_times': [0.013999700546264648, 0.31719064712524414, 0.2949824333190918, 0.03267955780029297, 0.16599440574645996, 0.4046361446380615, 0.3303542137145996, 0.18708395957946777, 0.012867212295532227, 0.29335784912109375, 0.21855616569519043, 0.04597282409667969, 0.016118288040161133, 0.16651606559753418, 0.17901921272277832, 0.04098248481750488, 0.027006864547729492, 0.2834603786468506, 0.20427322387695312, 0.21520233154296875, 0.006014347076416016, 0.24805641174316406, 0.2825925350189209, 0.026009082794189453, 0.03001713752746582, 0.33109354972839355, 0.26633429527282715, 0.03498196601867676, 0.013983488082885742, 0.16509389877319336, 0.203139066696167, 0.02601027488708496, 0.015662193298339844, 0.285672664642334, 0.16912531852722168, 0.031012296676635742, 0.02100062370300293, 0.19908738136291504, 0.33910560607910156, 0.4241623878479004, 0.031023502349853516, 0.12838149070739746, 0.22991466522216797, 0.025004148483276367, 0.005982875823974609, 0.15928292274475098, 0.18576288223266602, 0.024000883102416992, 0.020021677017211914, 0.2539963722229004, 0.23406672477722168, 0.027977466583251953, 0.032039642333984375, 0.23402166366577148, 0.35982704162597656, 0.031000375747680664, 0.029973506927490234, 0.21654653549194336, 0.4075918197631836, 0.32715654373168945], 'spike_count': 0, 'zero_volume_count': np.int64(33366), 'impossible_candle_count': 0, 'consecutive_anomalies': 0, 'avg_response_time': np.float64(0.15886635382970174), 'max_response_time': np.float64(0.4241623878479004), 'min_response_time': np.float64(0.005982875823974609)}
2026-07-24 13:30:07,415 | ERROR    | [ANOMALY] CONSECUTIVE zero volume: EURGBP-OTC streak 248
2026-07-24 13:30:07,418 | INFO     | [CSVWriter] Successfully wrote 273 rows to data_base/csv/iq_option\EURUSD-OTC\EURUSD-OTC_M5.csv
2026-07-24 13:30:07,418 | INFO     | [CSVQueue] Successfully processed write for data_base/csv/iq_option\EURUSD-OTC\EURUSD-OTC_M5.csv
2026-07-24 13:30:07,418 | INFO     | [CSVQueue] Processing write for data_base/csv/iq_option\GBPUSD-OTC\GBPUSD-OTC_M5.csv
2026-07-24 13:30:07,418 | INFO     | [CSVWriter] Writing 249 rows to data_base/csv/iq_option\GBPUSD-OTC\GBPUSD-OTC_M5.csv
2026-07-24 13:30:07,425 | WARNING  | [ANOMALY] Total anomalies detected: EURGBP-OTC 249
2026-07-24 13:30:07,425 | INFO     | [DataAdapter] M15 anomaly detection completed for EURGBP-OTC
2026-07-24 13:30:07,430 | INFO     | [CSVQueue] Enqueuing write for data_base/csv/iq_option\EURGBP-OTC\EURGBP-OTC_M15.csv - Queue size: 4
2026-07-24 13:30:07,430 | INFO     | [DataAdapter] M15 data refresh completed for EURGBP-OTC
2026-07-24 13:30:07,431 | INFO     | [DataAdapter] Anomaly statistics for EURGBP-OTC: {'total_calls': 60, 'response_times': [0.013999700546264648, 0.31719064712524414, 0.2949824333190918, 0.03267955780029297, 0.16599440574645996, 0.4046361446380615, 0.3303542137145996, 0.18708395957946777, 0.012867212295532227, 0.29335784912109375, 0.21855616569519043, 0.04597282409667969, 0.016118288040161133, 0.16651606559753418, 0.17901921272277832, 0.04098248481750488, 0.027006864547729492, 0.2834603786468506, 0.20427322387695312, 0.21520233154296875, 0.006014347076416016, 0.24805641174316406, 0.2825925350189209, 0.026009082794189453, 0.03001713752746582, 0.33109354972839355, 0.26633429527282715, 0.03498196601867676, 0.013983488082885742, 0.16509389877319336, 0.203139066696167, 0.02601027488708496, 0.015662193298339844, 0.285672664642334, 0.16912531852722168, 0.031012296676635742, 0.02100062370300293, 0.19908738136291504, 0.33910560607910156, 0.4241623878479004, 0.031023502349853516, 0.12838149070739746, 0.22991466522216797, 0.025004148483276367, 0.005982875823974609, 0.15928292274475098, 0.18576288223266602, 0.024000883102416992, 0.020021677017211914, 0.2539963722229004, 0.23406672477722168, 0.027977466583251953, 0.032039642333984375, 0.23402166366577148, 0.35982704162597656, 0.031000375747680664, 0.029973506927490234, 0.21654653549194336, 0.4075918197631836, 0.32715654373168945], 'spike_count': 0, 'zero_volume_count': np.int64(33615), 'impossible_candle_count': 0, 'consecutive_anomalies': 0, 'avg_response_time': np.float64(0.15886635382970174), 'max_response_time': np.float64(0.4241623878479004), 'min_response_time': np.float64(0.005982875823974609)}
2026-07-24 13:30:07,434 | INFO     | [CSVWriter] Successfully wrote 273 rows to data_base/csv/iq_option\GBPUSD-OTC\GBPUSD-OTC_M5.csv
2026-07-24 13:30:07,434 | INFO     | [CSVQueue] Successfully processed write for data_base/csv/iq_option\GBPUSD-OTC\GBPUSD-OTC_M5.csv
2026-07-24 13:30:07,434 | INFO     | [CSVQueue] Processing write for data_base/csv/iq_option\EURUSD\EURUSD_M15.csv
2026-07-24 13:30:07,434 | INFO     | [CSVWriter] Writing 249 rows to data_base/csv/iq_option\EURUSD\EURUSD_M15.csv
2026-07-24 13:30:07,446 | ERROR    | [CSVWriter] Failed to write to data_base/csv/iq_option\EURUSD\EURUSD_M15.csv: [WinError 5] Access is denied: 'data_base/csv/iq_option\\EURUSD\\EURUSD_M15.csv.tmp' -> 'data_base/csv/iq_option\\EURUSD\\EURUSD_M15.csv'
2026-07-24 13:30:07,496 | ERROR    | [CSVQueue] Asynchronous write failed for data_base/csv/iq_option\EURUSD\EURUSD_M15.csv: [WinError 5] Access is denied: 'data_base/csv/iq_option\\EURUSD\\EURUSD_M15.csv.tmp' -> 'data_base/csv/iq_option\\EURUSD\\EURUSD_M15.csv'
2026-07-24 13:30:07,496 | ERROR    | [CSVQueue] Error details: PermissionError: [WinError 5] Access is denied: 'data_base/csv/iq_option\\EURUSD\\EURUSD_M15.csv.tmp' -> 'data_base/csv/iq_option\\EURUSD\\EURUSD_M15.csv'
2026-07-24 13:30:07,497 | ERROR    | [CSVQueue] Total errors: 2
2026-07-24 13:30:07,497 | INFO     | [CSVQueue] Processing write for data_base/csv/iq_option\EURGBP-OTC\EURGBP-OTC_M5.csv
2026-07-24 13:30:07,497 | INFO     | [CSVWriter] Writing 249 rows to data_base/csv/iq_option\EURGBP-OTC\EURGBP-OTC_M5.csv
2026-07-24 13:30:07,508 | INFO     | [CSVWriter] Successfully wrote 273 rows to data_base/csv/iq_option\EURGBP-OTC\EURGBP-OTC_M5.csv
2026-07-24 13:30:07,510 | INFO     | [CSVQueue] Successfully processed write for data_base/csv/iq_option\EURGBP-OTC\EURGBP-OTC_M5.csv
2026-07-24 13:30:07,510 | INFO     | [CSVQueue] Processing write for data_base/csv/iq_option\EURUSD-OTC\EURUSD-OTC_M15.csv
2026-07-24 13:30:07,510 | INFO     | [CSVWriter] Writing 249 rows to data_base/csv/iq_option\EURUSD-OTC\EURUSD-OTC_M15.csv
2026-07-24 13:30:07,548 | INFO     | [CSVWriter] Successfully wrote 257 rows to data_base/csv/iq_option\EURUSD-OTC\EURUSD-OTC_M15.csv
2026-07-24 13:30:07,562 | INFO     | [CSVQueue] Successfully processed write for data_base/csv/iq_option\EURUSD-OTC\EURUSD-OTC_M15.csv
2026-07-24 13:30:07,562 | INFO     | [CSVQueue] Processing write for data_base/csv/iq_option\GBPUSD-OTC\GBPUSD-OTC_M15.csv
2026-07-24 13:30:07,562 | INFO     | [CSVWriter] Writing 249 rows to data_base/csv/iq_option\GBPUSD-OTC\GBPUSD-OTC_M15.csv
2026-07-24 13:30:07,572 | INFO     | [CSVWriter] Successfully wrote 257 rows to data_base/csv/iq_option\GBPUSD-OTC\GBPUSD-OTC_M15.csv
2026-07-24 13:30:07,572 | INFO     | [CSVQueue] Successfully processed write for data_base/csv/iq_option\GBPUSD-OTC\GBPUSD-OTC_M15.csv
2026-07-24 13:30:07,573 | INFO     | [CSVQueue] Processing write for data_base/csv/iq_option\EURGBP-OTC\EURGBP-OTC_M15.csv
2026-07-24 13:30:07,573 | INFO     | [CSVWriter] Writing 249 rows to data_base/csv/iq_option\EURGBP-OTC\EURGBP-OTC_M15.csv
2026-07-24 13:30:07,585 | INFO     | [CSVWriter] Successfully wrote 257 rows to data_base/csv/iq_option\EURGBP-OTC\EURGBP-OTC_M15.csv
2026-07-24 13:30:07,594 | INFO     | [CSVQueue] Successfully processed write for data_base/csv/iq_option\EURGBP-OTC\EURGBP-OTC_M15.csv
2026-07-24 13:30:07,595 | INFO     | [CSVQueue] Queue size: 0
2026-07-24 13:30:07,742 | INFO     | [EURUSD:1.13856][EURUSD-OTC:1.15352][GBPUSD-OTC:1.33228][EURGBP-OTC:0.85469] :: TOTAL=$1271.51
2026-07-24 13:31:04,018 | INFO     | [DataAdapter] Starting update for EURUSD
2026-07-24 13:31:04,018 | INFO     | [DataAdapter] Refreshing M1 data for EURUSD
2026-07-24 13:31:04,018 | INFO     | [DataAdapter] Starting update for EURUSD-OTC
2026-07-24 13:31:04,018 | INFO     | [DataAdapter] Refreshing M1 data for EURUSD-OTC
2026-07-24 13:31:04,018 | INFO     | [DataAdapter] Starting update for GBPUSD-OTC
2026-07-24 13:31:04,018 | INFO     | [DataAdapter] Refreshing M1 data for GBPUSD-OTC
2026-07-24 13:31:04,019 | INFO     | [DataAdapter] Starting update for EURGBP-OTC
2026-07-24 13:31:04,019 | INFO     | [DataAdapter] Refreshing M1 data for EURGBP-OTC
2026-07-24 13:31:04,270 | INFO     | [IQOPTION] REST fetch succeeded for EURUSD: 5 candles
2026-07-24 13:31:04,291 | INFO     | [DataAdapter] M1 anomaly detection completed for EURUSD in 0.015s
2026-07-24 13:31:04,381 | INFO     | [CSVQueue] Enqueuing write for data_base/csv/iq_option\EURUSD\EURUSD_M1.csv - Queue size: 0
2026-07-24 13:31:04,397 | INFO     | [DataAdapter] M1 data refresh completed for EURUSD
2026-07-24 13:31:04,413 | INFO     | [CSVQueue] Processing write for data_base/csv/iq_option\EURUSD\EURUSD_M1.csv
2026-07-24 13:31:04,445 | INFO     | [DataAdapter] Refreshing M5 data for EURUSD
2026-07-24 13:31:04,492 | INFO     | [CSVWriter] Writing 249 rows to data_base/csv/iq_option\EURUSD\EURUSD_M1.csv
2026-07-24 13:31:04,524 | INFO     | [IQOPTION] REST fetch succeeded for EURUSD-OTC: 5 candles
2026-07-24 13:31:04,556 | ERROR    | [ANOMALY] CONSECUTIVE zero volume: EURUSD-OTC streak 248
2026-07-24 13:31:04,605 | INFO     | [DataAdapter] M5 anomaly detection completed for EURUSD
2026-07-24 13:31:04,618 | INFO     | [DataAdapter] M5 data refresh completed for EURUSD
2026-07-24 13:31:04,618 | INFO     | [DataAdapter] Refreshing M15 data for EURUSD
2026-07-24 13:31:04,732 | INFO     | [DataAdapter] M15 anomaly detection completed for EURUSD
2026-07-24 13:31:04,746 | INFO     | [DataAdapter] M15 data refresh completed for EURUSD
2026-07-24 13:31:04,746 | INFO     | [DataAdapter] Anomaly statistics for EURUSD: {'total_calls': 61, 'response_times': [0.013999700546264648, 0.31719064712524414, 0.2949824333190918, 0.03267955780029297, 0.16599440574645996, 0.4046361446380615, 0.3303542137145996, 0.18708395957946777, 0.012867212295532227, 0.29335784912109375, 0.21855616569519043, 0.04597282409667969, 0.016118288040161133, 0.16651606559753418, 0.17901921272277832, 0.04098248481750488, 0.027006864547729492, 0.2834603786468506, 0.20427322387695312, 0.21520233154296875, 0.006014347076416016, 0.24805641174316406, 0.2825925350189209, 0.026009082794189453, 0.03001713752746582, 0.33109354972839355, 0.26633429527282715, 0.03498196601867676, 0.013983488082885742, 0.16509389877319336, 0.203139066696167, 0.02601027488708496, 0.015662193298339844, 0.285672664642334, 0.16912531852722168, 0.031012296676635742, 0.02100062370300293, 0.19908738136291504, 0.33910560607910156, 0.4241623878479004, 0.031023502349853516, 0.12838149070739746, 0.22991466522216797, 0.025004148483276367, 0.005982875823974609, 0.15928292274475098, 0.18576288223266602, 0.024000883102416992, 0.020021677017211914, 0.2539963722229004, 0.23406672477722168, 0.027977466583251953, 0.032039642333984375, 0.23402166366577148, 0.35982704162597656, 0.031000375747680664, 0.029973506927490234, 0.21654653549194336, 0.4075918197631836, 0.32715654373168945, 0.015000104904174805], 'spike_count': 0, 'zero_volume_count': np.int64(33864), 'impossible_candle_count': 0, 'consecutive_anomalies': 0, 'avg_response_time': np.float64(0.15650789073256197), 'max_response_time': np.float64(0.4241623878479004), 'min_response_time': np.float64(0.005982875823974609)}
2026-07-24 13:31:04,764 | WARNING  | [ANOMALY] Total anomalies detected: EURUSD-OTC 249
2026-07-24 13:31:04,764 | INFO     | [DataAdapter] M1 anomaly detection completed for EURUSD-OTC in 0.218s
2026-07-24 13:31:04,840 | INFO     | [CSVQueue] Enqueuing write for data_base/csv/iq_option\EURUSD-OTC\EURUSD-OTC_M1.csv - Queue size: 0
2026-07-24 13:31:04,841 | INFO     | [DataAdapter] M1 data refresh completed for EURUSD-OTC
2026-07-24 13:31:04,841 | INFO     | [IQOPTION] REST fetch succeeded for GBPUSD-OTC: 5 candles
2026-07-24 13:31:04,841 | INFO     | [DataAdapter] Refreshing M5 data for EURUSD-OTC
2026-07-24 13:31:04,856 | INFO     | [CSVWriter] Successfully wrote 369 rows to data_base/csv/iq_option\EURUSD\EURUSD_M1.csv
2026-07-24 13:31:04,865 | ERROR    | [ANOMALY] CONSECUTIVE zero volume: GBPUSD-OTC streak 248
2026-07-24 13:31:04,922 | ERROR    | [ANOMALY] CONSECUTIVE zero volume: EURUSD-OTC streak 248
2026-07-24 13:31:04,922 | INFO     | [CSVQueue] Successfully processed write for data_base/csv/iq_option\EURUSD\EURUSD_M1.csv
2026-07-24 13:31:05,047 | INFO     | [CSVQueue] Processing write for data_base/csv/iq_option\EURUSD-OTC\EURUSD-OTC_M1.csv
2026-07-24 13:31:05,063 | INFO     | [CSVWriter] Writing 249 rows to data_base/csv/iq_option\EURUSD-OTC\EURUSD-OTC_M1.csv
2026-07-24 13:31:05,079 | INFO     | [IQOPTION] REST fetch succeeded for EURGBP-OTC: 5 candles
2026-07-24 13:31:05,090 | ERROR    | [ANOMALY] CONSECUTIVE zero volume: EURGBP-OTC streak 248
2026-07-24 13:31:05,100 | WARNING  | [ANOMALY] Total anomalies detected: GBPUSD-OTC 249
2026-07-24 13:31:05,104 | WARNING  | [ANOMALY] Total anomalies detected: EURUSD-OTC 249
2026-07-24 13:31:05,104 | INFO     | [DataAdapter] M1 anomaly detection completed for GBPUSD-OTC in 0.242s
2026-07-24 13:31:05,104 | INFO     | [DataAdapter] M5 anomaly detection completed for EURUSD-OTC
2026-07-24 13:31:05,111 | INFO     | [DataAdapter] M5 data refresh completed for EURUSD-OTC
2026-07-24 13:31:05,112 | INFO     | [DataAdapter] Refreshing M15 data for EURUSD-OTC
2026-07-24 13:31:05,116 | WARNING  | [ANOMALY] Total anomalies detected: EURGBP-OTC 249
2026-07-24 13:31:05,118 | INFO     | [DataAdapter] M1 anomaly detection completed for EURGBP-OTC in 0.032s
2026-07-24 13:31:05,123 | ERROR    | [ANOMALY] CONSECUTIVE zero volume: EURUSD-OTC streak 248
2026-07-24 13:31:05,124 | INFO     | [CSVQueue] Enqueuing write for data_base/csv/iq_option\EURGBP-OTC\EURGBP-OTC_M1.csv - Queue size: 0
2026-07-24 13:31:05,124 | INFO     | [DataAdapter] M1 data refresh completed for EURGBP-OTC
2026-07-24 13:31:05,124 | INFO     | [DataAdapter] Refreshing M5 data for EURGBP-OTC
2026-07-24 13:31:05,128 | ERROR    | [ANOMALY] CONSECUTIVE zero volume: EURGBP-OTC streak 248
2026-07-24 13:31:05,128 | INFO     | [CSVQueue] Enqueuing write for data_base/csv/iq_option\GBPUSD-OTC\GBPUSD-OTC_M1.csv - Queue size: 1
2026-07-24 13:31:05,129 | INFO     | [DataAdapter] M1 data refresh completed for GBPUSD-OTC
2026-07-24 13:31:05,130 | INFO     | [CSVWriter] Successfully wrote 368 rows to data_base/csv/iq_option\EURUSD-OTC\EURUSD-OTC_M1.csv
2026-07-24 13:31:05,130 | INFO     | [DataAdapter] Refreshing M5 data for GBPUSD-OTC
2026-07-24 13:31:05,130 | INFO     | [CSVQueue] Successfully processed write for data_base/csv/iq_option\EURUSD-OTC\EURUSD-OTC_M1.csv
2026-07-24 13:31:05,133 | ERROR    | [ANOMALY] CONSECUTIVE zero volume: GBPUSD-OTC streak 248
2026-07-24 13:31:05,137 | INFO     | [CSVQueue] Processing write for data_base/csv/iq_option\EURGBP-OTC\EURGBP-OTC_M1.csv
2026-07-24 13:31:05,139 | INFO     | [CSVWriter] Writing 249 rows to data_base/csv/iq_option\EURGBP-OTC\EURGBP-OTC_M1.csv
2026-07-24 13:31:05,147 | WARNING  | [ANOMALY] Total anomalies detected: EURGBP-OTC 249
2026-07-24 13:31:05,148 | INFO     | [DataAdapter] M5 anomaly detection completed for EURGBP-OTC
2026-07-24 13:31:05,151 | WARNING  | [ANOMALY] Total anomalies detected: EURUSD-OTC 249
2026-07-24 13:31:05,151 | INFO     | [DataAdapter] M5 data refresh completed for EURGBP-OTC
2026-07-24 13:31:05,156 | INFO     | [DataAdapter] Refreshing M15 data for EURGBP-OTC
2026-07-24 13:31:05,152 | INFO     | [DataAdapter] M15 anomaly detection completed for EURUSD-OTC
2026-07-24 13:31:05,155 | WARNING  | [ANOMALY] Total anomalies detected: GBPUSD-OTC 249
2026-07-24 13:31:05,159 | ERROR    | [ANOMALY] CONSECUTIVE zero volume: EURGBP-OTC streak 248
2026-07-24 13:31:05,160 | INFO     | [DataAdapter] M15 data refresh completed for EURUSD-OTC
2026-07-24 13:31:05,162 | INFO     | [DataAdapter] M5 anomaly detection completed for GBPUSD-OTC
2026-07-24 13:31:05,164 | INFO     | [DataAdapter] Anomaly statistics for EURUSD-OTC: {'total_calls': 64, 'response_times': [0.013999700546264648, 0.31719064712524414, 0.2949824333190918, 0.03267955780029297, 0.16599440574645996, 0.4046361446380615, 0.3303542137145996, 0.18708395957946777, 0.012867212295532227, 0.29335784912109375, 0.21855616569519043, 0.04597282409667969, 0.016118288040161133, 0.16651606559753418, 0.17901921272277832, 0.04098248481750488, 0.027006864547729492, 0.2834603786468506, 0.20427322387695312, 0.21520233154296875, 0.006014347076416016, 0.24805641174316406, 0.2825925350189209, 0.026009082794189453, 0.03001713752746582, 0.33109354972839355, 0.26633429527282715, 0.03498196601867676, 0.013983488082885742, 0.16509389877319336, 0.203139066696167, 0.02601027488708496, 0.015662193298339844, 0.285672664642334, 0.16912531852722168, 0.031012296676635742, 0.02100062370300293, 0.19908738136291504, 0.33910560607910156, 0.4241623878479004, 0.031023502349853516, 0.12838149070739746, 0.22991466522216797, 0.025004148483276367, 0.005982875823974609, 0.15928292274475098, 0.18576288223266602, 0.024000883102416992, 0.020021677017211914, 0.2539963722229004, 0.23406672477722168, 0.027977466583251953, 0.032039642333984375, 0.23402166366577148, 0.35982704162597656, 0.031000375747680664, 0.029973506927490234, 0.21654653549194336, 0.4075918197631836, 0.32715654373168945, 0.015000104904174805, 0.21819853782653809, 0.24185967445373535, 0.032021284103393555], 'spike_count': 0, 'zero_volume_count': np.int64(35607), 'impossible_candle_count': 0, 'consecutive_anomalies': 0, 'avg_response_time': np.float64(0.1568603254854679), 'max_response_time': np.float64(0.4241623878479004), 'min_response_time': np.float64(0.005982875823974609)}
2026-07-24 13:31:05,166 | INFO     | [DataAdapter] M5 data refresh completed for GBPUSD-OTC
2026-07-24 13:31:05,168 | INFO     | [DataAdapter] Refreshing M15 data for GBPUSD-OTC
2026-07-24 13:31:05,169 | INFO     | [CSVWriter] Successfully wrote 368 rows to data_base/csv/iq_option\EURGBP-OTC\EURGBP-OTC_M1.csv
2026-07-24 13:31:05,173 | ERROR    | [ANOMALY] CONSECUTIVE zero volume: GBPUSD-OTC streak 248
2026-07-24 13:31:05,173 | INFO     | [CSVQueue] Successfully processed write for data_base/csv/iq_option\EURGBP-OTC\EURGBP-OTC_M1.csv
2026-07-24 13:31:05,174 | INFO     | [CSVQueue] Processing write for data_base/csv/iq_option\GBPUSD-OTC\GBPUSD-OTC_M1.csv
2026-07-24 13:31:05,174 | INFO     | [CSVWriter] Writing 249 rows to data_base/csv/iq_option\GBPUSD-OTC\GBPUSD-OTC_M1.csv
2026-07-24 13:31:05,179 | WARNING  | [ANOMALY] Total anomalies detected: EURGBP-OTC 249
2026-07-24 13:31:05,180 | INFO     | [DataAdapter] M15 anomaly detection completed for EURGBP-OTC
2026-07-24 13:31:05,180 | INFO     | [DataAdapter] M15 data refresh completed for EURGBP-OTC
2026-07-24 13:31:05,180 | INFO     | [DataAdapter] Anomaly statistics for EURGBP-OTC: {'total_calls': 64, 'response_times': [0.013999700546264648, 0.31719064712524414, 0.2949824333190918, 0.03267955780029297, 0.16599440574645996, 0.4046361446380615, 0.3303542137145996, 0.18708395957946777, 0.012867212295532227, 0.29335784912109375, 0.21855616569519043, 0.04597282409667969, 0.016118288040161133, 0.16651606559753418, 0.17901921272277832, 0.04098248481750488, 0.027006864547729492, 0.2834603786468506, 0.20427322387695312, 0.21520233154296875, 0.006014347076416016, 0.24805641174316406, 0.2825925350189209, 0.026009082794189453, 0.03001713752746582, 0.33109354972839355, 0.26633429527282715, 0.03498196601867676, 0.013983488082885742, 0.16509389877319336, 0.203139066696167, 0.02601027488708496, 0.015662193298339844, 0.285672664642334, 0.16912531852722168, 0.031012296676635742, 0.02100062370300293, 0.19908738136291504, 0.33910560607910156, 0.4241623878479004, 0.031023502349853516, 0.12838149070739746, 0.22991466522216797, 0.025004148483276367, 0.005982875823974609, 0.15928292274475098, 0.18576288223266602, 0.024000883102416992, 0.020021677017211914, 0.2539963722229004, 0.23406672477722168, 0.027977466583251953, 0.032039642333984375, 0.23402166366577148, 0.35982704162597656, 0.031000375747680664, 0.029973506927490234, 0.21654653549194336, 0.4075918197631836, 0.32715654373168945, 0.015000104904174805, 0.21819853782653809, 0.24185967445373535, 0.032021284103393555], 'spike_count': 0, 'zero_volume_count': np.int64(35856), 'impossible_candle_count': 0, 'consecutive_anomalies': 0, 'avg_response_time': np.float64(0.1568603254854679), 'max_response_time': np.float64(0.4241623878479004), 'min_response_time': np.float64(0.005982875823974609)}
2026-07-24 13:31:05,189 | WARNING  | [ANOMALY] Total anomalies detected: GBPUSD-OTC 249
2026-07-24 13:31:05,189 | INFO     | [DataAdapter] M15 anomaly detection completed for GBPUSD-OTC
2026-07-24 13:31:05,189 | INFO     | [DataAdapter] M15 data refresh completed for GBPUSD-OTC
2026-07-24 13:31:05,190 | INFO     | [DataAdapter] Anomaly statistics for GBPUSD-OTC: {'total_calls': 64, 'response_times': [0.013999700546264648, 0.31719064712524414, 0.2949824333190918, 0.03267955780029297, 0.16599440574645996, 0.4046361446380615, 0.3303542137145996, 0.18708395957946777, 0.012867212295532227, 0.29335784912109375, 0.21855616569519043, 0.04597282409667969, 0.016118288040161133, 0.16651606559753418, 0.17901921272277832, 0.04098248481750488, 0.027006864547729492, 0.2834603786468506, 0.20427322387695312, 0.21520233154296875, 0.006014347076416016, 0.24805641174316406, 0.2825925350189209, 0.026009082794189453, 0.03001713752746582, 0.33109354972839355, 0.26633429527282715, 0.03498196601867676, 0.013983488082885742, 0.16509389877319336, 0.203139066696167, 0.02601027488708496, 0.015662193298339844, 0.285672664642334, 0.16912531852722168, 0.031012296676635742, 0.02100062370300293, 0.19908738136291504, 0.33910560607910156, 0.4241623878479004, 0.031023502349853516, 0.12838149070739746, 0.22991466522216797, 0.025004148483276367, 0.005982875823974609, 0.15928292274475098, 0.18576288223266602, 0.024000883102416992, 0.020021677017211914, 0.2539963722229004, 0.23406672477722168, 0.027977466583251953, 0.032039642333984375, 0.23402166366577148, 0.35982704162597656, 0.031000375747680664, 0.029973506927490234, 0.21654653549194336, 0.4075918197631836, 0.32715654373168945, 0.015000104904174805, 0.21819853782653809, 0.24185967445373535, 0.032021284103393555], 'spike_count': 0, 'zero_volume_count': np.int64(35856), 'impossible_candle_count': 0, 'consecutive_anomalies': 0, 'avg_response_time': np.float64(0.1568603254854679), 'max_response_time': np.float64(0.4241623878479004), 'min_response_time': np.float64(0.005982875823974609)}
2026-07-24 13:31:05,193 | INFO     | [CSVWriter] Successfully wrote 368 rows to data_base/csv/iq_option\GBPUSD-OTC\GBPUSD-OTC_M1.csv
2026-07-24 13:31:05,194 | INFO     | [CSVQueue] Successfully processed write for data_base/csv/iq_option\GBPUSD-OTC\GBPUSD-OTC_M1.csv
2026-07-24 13:31:05,194 | INFO     | [CSVQueue] Queue size: 0
2026-07-24 13:31:05,404 | INFO     | [EURUSD:1.13853][EURUSD-OTC:1.15359][GBPUSD-OTC:1.33224][EURGBP-OTC:0.85467] :: TOTAL=$1271.51
2026-07-24 13:32:03,671 | INFO     | [DataAdapter] Starting update for EURUSD
2026-07-24 13:32:03,671 | INFO     | [DataAdapter] Refreshing M1 data for EURUSD
2026-07-24 13:32:03,671 | INFO     | [DataAdapter] Starting update for EURUSD-OTC
2026-07-24 13:32:03,672 | INFO     | [DataAdapter] Refreshing M1 data for EURUSD-OTC
2026-07-24 13:32:03,686 | INFO     | [DataAdapter] Starting update for GBPUSD-OTC
2026-07-24 13:32:03,702 | INFO     | [DataAdapter] Refreshing M1 data for GBPUSD-OTC
2026-07-24 13:32:03,733 | INFO     | [DataAdapter] Starting update for EURGBP-OTC
2026-07-24 13:32:03,749 | INFO     | [DataAdapter] Refreshing M1 data for EURGBP-OTC
2026-07-24 13:32:03,892 | INFO     | [IQOPTION] REST fetch succeeded for EURUSD: 5 candles
2026-07-24 13:32:03,928 | INFO     | [DataAdapter] M1 anomaly detection completed for EURUSD in 0.015s
2026-07-24 13:32:04,064 | INFO     | [CSVQueue] Enqueuing write for data_base/csv/iq_option\EURUSD\EURUSD_M1.csv - Queue size: 0
2026-07-24 13:32:04,081 | INFO     | [DataAdapter] M1 data refresh completed for EURUSD
2026-07-24 13:32:04,096 | INFO     | [CSVQueue] Processing write for data_base/csv/iq_option\EURUSD\EURUSD_M1.csv
2026-07-24 13:32:04,096 | INFO     | [DataAdapter] Refreshing M5 data for EURUSD
2026-07-24 13:32:04,128 | INFO     | [CSVWriter] Writing 249 rows to data_base/csv/iq_option\EURUSD\EURUSD_M1.csv
2026-07-24 13:32:04,195 | INFO     | [DataAdapter] M5 anomaly detection completed for EURUSD
2026-07-24 13:32:04,198 | INFO     | [IQOPTION] REST fetch succeeded for EURUSD-OTC: 5 candles
2026-07-24 13:32:04,206 | INFO     | [DataAdapter] M5 data refresh completed for EURUSD
2026-07-24 13:32:04,278 | ERROR    | [ANOMALY] CONSECUTIVE zero volume: EURUSD-OTC streak 248
2026-07-24 13:32:04,278 | INFO     | [DataAdapter] Refreshing M15 data for EURUSD
2026-07-24 13:32:04,386 | INFO     | [DataAdapter] M15 anomaly detection completed for EURUSD
2026-07-24 13:32:04,412 | INFO     | [DataAdapter] M15 data refresh completed for EURUSD
2026-07-24 13:32:04,412 | INFO     | [DataAdapter] Anomaly statistics for EURUSD: {'total_calls': 65, 'response_times': [0.013999700546264648, 0.31719064712524414, 0.2949824333190918, 0.03267955780029297, 0.16599440574645996, 0.4046361446380615, 0.3303542137145996, 0.18708395957946777, 0.012867212295532227, 0.29335784912109375, 0.21855616569519043, 0.04597282409667969, 0.016118288040161133, 0.16651606559753418, 0.17901921272277832, 0.04098248481750488, 0.027006864547729492, 0.2834603786468506, 0.20427322387695312, 0.21520233154296875, 0.006014347076416016, 0.24805641174316406, 0.2825925350189209, 0.026009082794189453, 0.03001713752746582, 0.33109354972839355, 0.26633429527282715, 0.03498196601867676, 0.013983488082885742, 0.16509389877319336, 0.203139066696167, 0.02601027488708496, 0.015662193298339844, 0.285672664642334, 0.16912531852722168, 0.031012296676635742, 0.02100062370300293, 0.19908738136291504, 0.33910560607910156, 0.4241623878479004, 0.031023502349853516, 0.12838149070739746, 0.22991466522216797, 0.025004148483276367, 0.005982875823974609, 0.15928292274475098, 0.18576288223266602, 0.024000883102416992, 0.020021677017211914, 0.2539963722229004, 0.23406672477722168, 0.027977466583251953, 0.032039642333984375, 0.23402166366577148, 0.35982704162597656, 0.031000375747680664, 0.029973506927490234, 0.21654653549194336, 0.4075918197631836, 0.32715654373168945, 0.015000104904174805, 0.21819853782653809, 0.24185967445373535, 0.032021284103393555, 0.014994621276855469], 'spike_count': 0, 'zero_volume_count': np.int64(36105), 'impossible_candle_count': 0, 'consecutive_anomalies': 0, 'avg_response_time': np.float64(0.1546777761899508), 'max_response_time': np.float64(0.4241623878479004), 'min_response_time': np.float64(0.005982875823974609)}
2026-07-24 13:32:04,523 | INFO     | [IQOPTION] REST fetch succeeded for GBPUSD-OTC: 5 candles
2026-07-24 13:32:04,590 | WARNING  | [ANOMALY] Total anomalies detected: EURUSD-OTC 249
2026-07-24 13:32:04,626 | INFO     | [DataAdapter] M1 anomaly detection completed for EURUSD-OTC in 0.351s
2026-07-24 13:32:04,669 | ERROR    | [ANOMALY] CONSECUTIVE zero volume: GBPUSD-OTC streak 248
2026-07-24 13:32:04,714 | INFO     | [CSVWriter] Successfully wrote 370 rows to data_base/csv/iq_option\EURUSD\EURUSD_M1.csv
2026-07-24 13:32:04,714 | INFO     | [CSVQueue] Enqueuing write for data_base/csv/iq_option\EURUSD-OTC\EURUSD-OTC_M1.csv - Queue size: 0
2026-07-24 13:32:04,762 | INFO     | [CSVQueue] Successfully processed write for data_base/csv/iq_option\EURUSD\EURUSD_M1.csv
2026-07-24 13:32:04,777 | INFO     | [DataAdapter] M1 data refresh completed for EURUSD-OTC
2026-07-24 13:32:04,793 | INFO     | [CSVQueue] Processing write for data_base/csv/iq_option\EURUSD-OTC\EURUSD-OTC_M1.csv
2026-07-24 13:32:04,874 | INFO     | [DataAdapter] Refreshing M5 data for EURUSD-OTC
2026-07-24 13:32:04,874 | INFO     | [IQOPTION] REST fetch succeeded for EURGBP-OTC: 5 candles
2026-07-24 13:32:04,874 | INFO     | [CSVWriter] Writing 249 rows to data_base/csv/iq_option\EURUSD-OTC\EURUSD-OTC_M1.csv
2026-07-24 13:32:04,878 | ERROR    | [ANOMALY] CONSECUTIVE zero volume: EURUSD-OTC streak 248
2026-07-24 13:32:04,881 | WARNING  | [ANOMALY] Total anomalies detected: GBPUSD-OTC 249
2026-07-24 13:32:04,890 | ERROR    | [ANOMALY] CONSECUTIVE zero volume: EURGBP-OTC streak 248
2026-07-24 13:32:04,892 | INFO     | [DataAdapter] M1 anomaly detection completed for GBPUSD-OTC in 0.268s
2026-07-24 13:32:04,901 | INFO     | [CSVQueue] Enqueuing write for data_base/csv/iq_option\GBPUSD-OTC\GBPUSD-OTC_M1.csv - Queue size: 0
2026-07-24 13:32:04,901 | INFO     | [DataAdapter] M1 data refresh completed for GBPUSD-OTC
2026-07-24 13:32:04,905 | INFO     | [DataAdapter] Refreshing M5 data for GBPUSD-OTC
2026-07-24 13:32:04,904 | WARNING  | [ANOMALY] Total anomalies detected: EURUSD-OTC 249
2026-07-24 13:32:04,909 | ERROR    | [ANOMALY] CONSECUTIVE zero volume: GBPUSD-OTC streak 248
2026-07-24 13:32:04,911 | INFO     | [DataAdapter] M5 anomaly detection completed for EURUSD-OTC
2026-07-24 13:32:04,913 | INFO     | [DataAdapter] M5 data refresh completed for EURUSD-OTC
2026-07-24 13:32:04,914 | INFO     | [DataAdapter] Refreshing M15 data for EURUSD-OTC
2026-07-24 13:32:04,918 | ERROR    | [ANOMALY] CONSECUTIVE zero volume: EURUSD-OTC streak 248
2026-07-24 13:32:04,922 | WARNING  | [ANOMALY] Total anomalies detected: EURGBP-OTC 249
2026-07-24 13:32:04,924 | INFO     | [DataAdapter] M1 anomaly detection completed for EURGBP-OTC in 0.037s
2026-07-24 13:32:04,927 | INFO     | [CSVWriter] Successfully wrote 369 rows to data_base/csv/iq_option\EURUSD-OTC\EURUSD-OTC_M1.csv
2026-07-24 13:32:04,928 | INFO     | [CSVQueue] Successfully processed write for data_base/csv/iq_option\EURUSD-OTC\EURUSD-OTC_M1.csv
2026-07-24 13:32:04,928 | INFO     | [CSVQueue] Processing write for data_base/csv/iq_option\GBPUSD-OTC\GBPUSD-OTC_M1.csv
2026-07-24 13:32:04,928 | INFO     | [CSVWriter] Writing 249 rows to data_base/csv/iq_option\GBPUSD-OTC\GBPUSD-OTC_M1.csv
2026-07-24 13:32:04,931 | INFO     | [CSVQueue] Enqueuing write for data_base/csv/iq_option\EURGBP-OTC\EURGBP-OTC_M1.csv - Queue size: 0
2026-07-24 13:32:04,932 | INFO     | [DataAdapter] M1 data refresh completed for EURGBP-OTC
2026-07-24 13:32:04,933 | INFO     | [DataAdapter] Refreshing M5 data for EURGBP-OTC
2026-07-24 13:32:04,937 | ERROR    | [ANOMALY] CONSECUTIVE zero volume: EURGBP-OTC streak 248
2026-07-24 13:32:04,941 | WARNING  | [ANOMALY] Total anomalies detected: GBPUSD-OTC 249
2026-07-24 13:32:04,942 | INFO     | [DataAdapter] M5 anomaly detection completed for GBPUSD-OTC
2026-07-24 13:32:04,942 | INFO     | [DataAdapter] M5 data refresh completed for GBPUSD-OTC
2026-07-24 13:32:04,942 | INFO     | [DataAdapter] Refreshing M15 data for GBPUSD-OTC
2026-07-24 13:32:04,946 | ERROR    | [ANOMALY] CONSECUTIVE zero volume: GBPUSD-OTC streak 248
2026-07-24 13:32:04,950 | WARNING  | [ANOMALY] Total anomalies detected: EURUSD-OTC 249
2026-07-24 13:32:04,954 | INFO     | [DataAdapter] M15 anomaly detection completed for EURUSD-OTC
2026-07-24 13:32:04,956 | INFO     | [DataAdapter] M15 data refresh completed for EURUSD-OTC
2026-07-24 13:32:04,956 | INFO     | [DataAdapter] Anomaly statistics for EURUSD-OTC: {'total_calls': 68, 'response_times': [0.013999700546264648, 0.31719064712524414, 0.2949824333190918, 0.03267955780029297, 0.16599440574645996, 0.4046361446380615, 0.3303542137145996, 0.18708395957946777, 0.012867212295532227, 0.29335784912109375, 0.21855616569519043, 0.04597282409667969, 0.016118288040161133, 0.16651606559753418, 0.17901921272277832, 0.04098248481750488, 0.027006864547729492, 0.2834603786468506, 0.20427322387695312, 0.21520233154296875, 0.006014347076416016, 0.24805641174316406, 0.2825925350189209, 0.026009082794189453, 0.03001713752746582, 0.33109354972839355, 0.26633429527282715, 0.03498196601867676, 0.013983488082885742, 0.16509389877319336, 0.203139066696167, 0.02601027488708496, 0.015662193298339844, 0.285672664642334, 0.16912531852722168, 0.031012296676635742, 0.02100062370300293, 0.19908738136291504, 0.33910560607910156, 0.4241623878479004, 0.031023502349853516, 0.12838149070739746, 0.22991466522216797, 0.025004148483276367, 0.005982875823974609, 0.15928292274475098, 0.18576288223266602, 0.024000883102416992, 0.020021677017211914, 0.2539963722229004, 0.23406672477722168, 0.027977466583251953, 0.032039642333984375, 0.23402166366577148, 0.35982704162597656, 0.031000375747680664, 0.029973506927490234, 0.21654653549194336, 0.4075918197631836, 0.32715654373168945, 0.015000104904174805, 0.21819853782653809, 0.24185967445373535, 0.032021284103393555, 0.014994621276855469, 0.35053372383117676, 0.2678334712982178, 0.037000179290771484], 'spike_count': 0, 'zero_volume_count': np.int64(37848), 'impossible_candle_count': 0, 'consecutive_anomalies': 0, 'avg_response_time': np.float64(0.15749151215833776), 'max_response_time': np.float64(0.4241623878479004), 'min_response_time': np.float64(0.005982875823974609)}
2026-07-24 13:32:04,965 | WARNING  | [ANOMALY] Total anomalies detected: EURGBP-OTC 249
2026-07-24 13:32:04,965 | INFO     | [DataAdapter] M5 anomaly detection completed for EURGBP-OTC
2026-07-24 13:32:04,967 | INFO     | [DataAdapter] M5 data refresh completed for EURGBP-OTC
2026-07-24 13:32:04,967 | INFO     | [CSVWriter] Successfully wrote 369 rows to data_base/csv/iq_option\GBPUSD-OTC\GBPUSD-OTC_M1.csv
2026-07-24 13:32:04,969 | WARNING  | [ANOMALY] Total anomalies detected: GBPUSD-OTC 249
2026-07-24 13:32:04,969 | INFO     | [DataAdapter] Refreshing M15 data for EURGBP-OTC
2026-07-24 13:32:04,970 | INFO     | [CSVQueue] Successfully processed write for data_base/csv/iq_option\GBPUSD-OTC\GBPUSD-OTC_M1.csv
2026-07-24 13:32:04,970 | INFO     | [DataAdapter] M15 anomaly detection completed for GBPUSD-OTC
2026-07-24 13:32:04,973 | ERROR    | [ANOMALY] CONSECUTIVE zero volume: EURGBP-OTC streak 248
2026-07-24 13:32:04,974 | INFO     | [CSVQueue] Processing write for data_base/csv/iq_option\EURGBP-OTC\EURGBP-OTC_M1.csv
2026-07-24 13:32:04,974 | INFO     | [DataAdapter] M15 data refresh completed for GBPUSD-OTC
2026-07-24 13:32:04,975 | INFO     | [CSVWriter] Writing 249 rows to data_base/csv/iq_option\EURGBP-OTC\EURGBP-OTC_M1.csv
2026-07-24 13:32:04,976 | INFO     | [DataAdapter] Anomaly statistics for GBPUSD-OTC: {'total_calls': 68, 'response_times': [0.013999700546264648, 0.31719064712524414, 0.2949824333190918, 0.03267955780029297, 0.16599440574645996, 0.4046361446380615, 0.3303542137145996, 0.18708395957946777, 0.012867212295532227, 0.29335784912109375, 0.21855616569519043, 0.04597282409667969, 0.016118288040161133, 0.16651606559753418, 0.17901921272277832, 0.04098248481750488, 0.027006864547729492, 0.2834603786468506, 0.20427322387695312, 0.21520233154296875, 0.006014347076416016, 0.24805641174316406, 0.2825925350189209, 0.026009082794189453, 0.03001713752746582, 0.33109354972839355, 0.26633429527282715, 0.03498196601867676, 0.013983488082885742, 0.16509389877319336, 0.203139066696167, 0.02601027488708496, 0.015662193298339844, 0.285672664642334, 0.16912531852722168, 0.031012296676635742, 0.02100062370300293, 0.19908738136291504, 0.33910560607910156, 0.4241623878479004, 0.031023502349853516, 0.12838149070739746, 0.22991466522216797, 0.025004148483276367, 0.005982875823974609, 0.15928292274475098, 0.18576288223266602, 0.024000883102416992, 0.020021677017211914, 0.2539963722229004, 0.23406672477722168, 0.027977466583251953, 0.032039642333984375, 0.23402166366577148, 0.35982704162597656, 0.031000375747680664, 0.029973506927490234, 0.21654653549194336, 0.4075918197631836, 0.32715654373168945, 0.015000104904174805, 0.21819853782653809, 0.24185967445373535, 0.032021284103393555, 0.014994621276855469, 0.35053372383117676, 0.2678334712982178, 0.037000179290771484], 'spike_count': 0, 'zero_volume_count': np.int64(38097), 'impossible_candle_count': 0, 'consecutive_anomalies': 0, 'avg_response_time': np.float64(0.15749151215833776), 'max_response_time': np.float64(0.4241623878479004), 'min_response_time': np.float64(0.005982875823974609)}
2026-07-24 13:32:04,987 | WARNING  | [ANOMALY] Total anomalies detected: EURGBP-OTC 249
2026-07-24 13:32:04,987 | INFO     | [DataAdapter] M15 anomaly detection completed for EURGBP-OTC
2026-07-24 13:32:04,987 | INFO     | [DataAdapter] M15 data refresh completed for EURGBP-OTC
2026-07-24 13:32:04,987 | INFO     | [DataAdapter] Anomaly statistics for EURGBP-OTC: {'total_calls': 68, 'response_times': [0.013999700546264648, 0.31719064712524414, 0.2949824333190918, 0.03267955780029297, 0.16599440574645996, 0.4046361446380615, 0.3303542137145996, 0.18708395957946777, 0.012867212295532227, 0.29335784912109375, 0.21855616569519043, 0.04597282409667969, 0.016118288040161133, 0.16651606559753418, 0.17901921272277832, 0.04098248481750488, 0.027006864547729492, 0.2834603786468506, 0.20427322387695312, 0.21520233154296875, 0.006014347076416016, 0.24805641174316406, 0.2825925350189209, 0.026009082794189453, 0.03001713752746582, 0.33109354972839355, 0.26633429527282715, 0.03498196601867676, 0.013983488082885742, 0.16509389877319336, 0.203139066696167, 0.02601027488708496, 0.015662193298339844, 0.285672664642334, 0.16912531852722168, 0.031012296676635742, 0.02100062370300293, 0.19908738136291504, 0.33910560607910156, 0.4241623878479004, 0.031023502349853516, 0.12838149070739746, 0.22991466522216797, 0.025004148483276367, 0.005982875823974609, 0.15928292274475098, 0.18576288223266602, 0.024000883102416992, 0.020021677017211914, 0.2539963722229004, 0.23406672477722168, 0.027977466583251953, 0.032039642333984375, 0.23402166366577148, 0.35982704162597656, 0.031000375747680664, 0.029973506927490234, 0.21654653549194336, 0.4075918197631836, 0.32715654373168945, 0.015000104904174805, 0.21819853782653809, 0.24185967445373535, 0.032021284103393555, 0.014994621276855469, 0.35053372383117676, 0.2678334712982178, 0.037000179290771484], 'spike_count': 0, 'zero_volume_count': np.int64(38097), 'impossible_candle_count': 0, 'consecutive_anomalies': 0, 'avg_response_time': np.float64(0.15749151215833776), 'max_response_time': np.float64(0.4241623878479004), 'min_response_time': np.float64(0.005982875823974609)}
2026-07-24 13:32:04,991 | INFO     | [CSVWriter] Successfully wrote 369 rows to data_base/csv/iq_option\EURGBP-OTC\EURGBP-OTC_M1.csv
2026-07-24 13:32:04,991 | INFO     | [CSVQueue] Successfully processed write for data_base/csv/iq_option\EURGBP-OTC\EURGBP-OTC_M1.csv
2026-07-24 13:32:04,992 | INFO     | [CSVQueue] Queue size: 0
2026-07-24 13:32:05,204 | INFO     | [EURUSD:1.13847][EURUSD-OTC:1.15292][GBPUSD-OTC:1.33269][EURGBP-OTC:0.85503] :: TOTAL=$1271.51
2026-07-24 13:33:03,491 | INFO     | [DataAdapter] Starting update for EURUSD
2026-07-24 13:33:03,492 | INFO     | [DataAdapter] Refreshing M1 data for EURUSD
2026-07-24 13:33:03,492 | INFO     | [DataAdapter] Starting update for EURUSD-OTC
2026-07-24 13:33:03,492 | INFO     | [DataAdapter] Refreshing M1 data for EURUSD-OTC
2026-07-24 13:33:03,492 | INFO     | [DataAdapter] Starting update for GBPUSD-OTC
2026-07-24 13:33:03,492 | INFO     | [DataAdapter] Refreshing M1 data for GBPUSD-OTC
2026-07-24 13:33:03,492 | INFO     | [DataAdapter] Starting update for EURGBP-OTC
2026-07-24 13:33:03,493 | INFO     | [DataAdapter] Refreshing M1 data for EURGBP-OTC
2026-07-24 13:33:03,872 | INFO     | [IQOPTION] REST fetch succeeded for EURUSD: 5 candles
2026-07-24 13:33:03,924 | INFO     | [DataAdapter] M1 anomaly detection completed for EURUSD in 0.020s
2026-07-24 13:33:04,047 | INFO     | [CSVQueue] Enqueuing write for data_base/csv/iq_option\EURUSD\EURUSD_M1.csv - Queue size: 0
2026-07-24 13:33:04,063 | INFO     | [DataAdapter] M1 data refresh completed for EURUSD
2026-07-24 13:33:04,063 | INFO     | [DataAdapter] Refreshing M5 data for EURUSD
2026-07-24 13:33:04,086 | INFO     | [DataAdapter] M5 anomaly detection completed for EURUSD
2026-07-24 13:33:04,086 | INFO     | [DataAdapter] M5 data refresh completed for EURUSD
2026-07-24 13:33:04,086 | INFO     | [DataAdapter] Refreshing M15 data for EURUSD
2026-07-24 13:33:04,092 | INFO     | [DataAdapter] M15 anomaly detection completed for EURUSD
2026-07-24 13:33:04,092 | INFO     | [DataAdapter] M15 data refresh completed for EURUSD
2026-07-24 13:33:04,093 | INFO     | [DataAdapter] Anomaly statistics for EURUSD: {'total_calls': 69, 'response_times': [0.013999700546264648, 0.31719064712524414, 0.2949824333190918, 0.03267955780029297, 0.16599440574645996, 0.4046361446380615, 0.3303542137145996, 0.18708395957946777, 0.012867212295532227, 0.29335784912109375, 0.21855616569519043, 0.04597282409667969, 0.016118288040161133, 0.16651606559753418, 0.17901921272277832, 0.04098248481750488, 0.027006864547729492, 0.2834603786468506, 0.20427322387695312, 0.21520233154296875, 0.006014347076416016, 0.24805641174316406, 0.2825925350189209, 0.026009082794189453, 0.03001713752746582, 0.33109354972839355, 0.26633429527282715, 0.03498196601867676, 0.013983488082885742, 0.16509389877319336, 0.203139066696167, 0.02601027488708496, 0.015662193298339844, 0.285672664642334, 0.16912531852722168, 0.031012296676635742, 0.02100062370300293, 0.19908738136291504, 0.33910560607910156, 0.4241623878479004, 0.031023502349853516, 0.12838149070739746, 0.22991466522216797, 0.025004148483276367, 0.005982875823974609, 0.15928292274475098, 0.18576288223266602, 0.024000883102416992, 0.020021677017211914, 0.2539963722229004, 0.23406672477722168, 0.027977466583251953, 0.032039642333984375, 0.23402166366577148, 0.35982704162597656, 0.031000375747680664, 0.029973506927490234, 0.21654653549194336, 0.4075918197631836, 0.32715654373168945, 0.015000104904174805, 0.21819853782653809, 0.24185967445373535, 0.032021284103393555, 0.014994621276855469, 0.35053372383117676, 0.2678334712982178, 0.037000179290771484, 0.020027637481689453], 'spike_count': 0, 'zero_volume_count': np.int64(38097), 'impossible_candle_count': 0, 'consecutive_anomalies': 0, 'avg_response_time': np.float64(0.15549928209056024), 'max_response_time': np.float64(0.4241623878479004), 'min_response_time': np.float64(0.005982875823974609)}
2026-07-24 13:33:04,093 | INFO     | [CSVQueue] Processing write for data_base/csv/iq_option\EURUSD\EURUSD_M1.csv
2026-07-24 13:33:04,093 | INFO     | [CSVWriter] Writing 249 rows to data_base/csv/iq_option\EURUSD\EURUSD_M1.csv
2026-07-24 13:33:04,221 | INFO     | [IQOPTION] REST fetch succeeded for EURUSD-OTC: 5 candles
2026-07-24 13:33:04,286 | ERROR    | [ANOMALY] CONSECUTIVE zero volume: EURUSD-OTC streak 248
2026-07-24 13:33:04,508 | INFO     | [IQOPTION] REST fetch succeeded for GBPUSD-OTC: 5 candles
2026-07-24 13:33:04,540 | ERROR    | [ANOMALY] CONSECUTIVE zero volume: GBPUSD-OTC streak 248
2026-07-24 13:33:04,554 | INFO     | [CSVWriter] Successfully wrote 371 rows to data_base/csv/iq_option\EURUSD\EURUSD_M1.csv
2026-07-24 13:33:04,557 | WARNING  | [ANOMALY] Total anomalies detected: EURUSD-OTC 249
2026-07-24 13:33:04,559 | INFO     | [CSVQueue] Successfully processed write for data_base/csv/iq_option\EURUSD\EURUSD_M1.csv
2026-07-24 13:33:04,602 | INFO     | [DataAdapter] M1 anomaly detection completed for EURUSD-OTC in 0.359s
2026-07-24 13:33:04,681 | INFO     | [CSVQueue] Queue size: 0
2026-07-24 13:33:04,686 | WARNING  | [ANOMALY] Total anomalies detected: GBPUSD-OTC 249
2026-07-24 13:33:04,808 | INFO     | [DataAdapter] M1 anomaly detection completed for GBPUSD-OTC in 0.278s
2026-07-24 13:33:04,856 | INFO     | [CSVQueue] Enqueuing write for data_base/csv/iq_option\GBPUSD-OTC\GBPUSD-OTC_M1.csv - Queue size: 0
2026-07-24 13:33:04,872 | INFO     | [DataAdapter] M1 data refresh completed for GBPUSD-OTC
2026-07-24 13:33:04,872 | INFO     | [DataAdapter] Refreshing M5 data for GBPUSD-OTC
2026-07-24 13:33:04,872 | INFO     | [CSVQueue] Enqueuing write for data_base/csv/iq_option\EURUSD-OTC\EURUSD-OTC_M1.csv - Queue size: 1
2026-07-24 13:33:04,872 | INFO     | [CSVQueue] Processing write for data_base/csv/iq_option\GBPUSD-OTC\GBPUSD-OTC_M1.csv
2026-07-24 13:33:04,876 | ERROR    | [ANOMALY] CONSECUTIVE zero volume: GBPUSD-OTC streak 248
2026-07-24 13:33:04,888 | INFO     | [DataAdapter] M1 data refresh completed for EURUSD-OTC
2026-07-24 13:33:04,888 | INFO     | [IQOPTION] REST fetch succeeded for EURGBP-OTC: 5 candles
2026-07-24 13:33:04,889 | INFO     | [CSVWriter] Writing 249 rows to data_base/csv/iq_option\GBPUSD-OTC\GBPUSD-OTC_M1.csv
2026-07-24 13:33:04,890 | INFO     | [DataAdapter] Refreshing M5 data for EURUSD-OTC
2026-07-24 13:33:04,898 | ERROR    | [ANOMALY] CONSECUTIVE zero volume: EURGBP-OTC streak 248
2026-07-24 13:33:04,907 | ERROR    | [ANOMALY] CONSECUTIVE zero volume: EURUSD-OTC streak 248
2026-07-24 13:33:04,914 | WARNING  | [ANOMALY] Total anomalies detected: GBPUSD-OTC 249
2026-07-24 13:33:04,914 | INFO     | [DataAdapter] M5 anomaly detection completed for GBPUSD-OTC
2026-07-24 13:33:04,915 | INFO     | [DataAdapter] M5 data refresh completed for GBPUSD-OTC
2026-07-24 13:33:04,915 | INFO     | [DataAdapter] Refreshing M15 data for GBPUSD-OTC
2026-07-24 13:33:04,918 | ERROR    | [ANOMALY] CONSECUTIVE zero volume: GBPUSD-OTC streak 248
2026-07-24 13:33:04,926 | WARNING  | [ANOMALY] Total anomalies detected: EURGBP-OTC 249
2026-07-24 13:33:04,927 | INFO     | [DataAdapter] M1 anomaly detection completed for EURGBP-OTC in 0.031s
2026-07-24 13:33:04,934 | WARNING  | [ANOMALY] Total anomalies detected: EURUSD-OTC 249
2026-07-24 13:33:04,934 | INFO     | [DataAdapter] M5 anomaly detection completed for EURUSD-OTC
2026-07-24 13:33:04,934 | INFO     | [DataAdapter] M5 data refresh completed for EURUSD-OTC
2026-07-24 13:33:04,934 | INFO     | [DataAdapter] Refreshing M15 data for EURUSD-OTC
2026-07-24 13:33:04,937 | INFO     | [CSVQueue] Enqueuing write for data_base/csv/iq_option\EURGBP-OTC\EURGBP-OTC_M1.csv - Queue size: 1
2026-07-24 13:33:04,939 | INFO     | [DataAdapter] M1 data refresh completed for EURGBP-OTC
2026-07-24 13:33:04,939 | INFO     | [DataAdapter] Refreshing M5 data for EURGBP-OTC
2026-07-24 13:33:04,942 | ERROR    | [ANOMALY] CONSECUTIVE zero volume: EURGBP-OTC streak 248
2026-07-24 13:33:04,947 | ERROR    | [ANOMALY] CONSECUTIVE zero volume: EURUSD-OTC streak 248
2026-07-24 13:33:04,947 | INFO     | [CSVWriter] Successfully wrote 370 rows to data_base/csv/iq_option\GBPUSD-OTC\GBPUSD-OTC_M1.csv
2026-07-24 13:33:04,951 | INFO     | [CSVQueue] Successfully processed write for data_base/csv/iq_option\GBPUSD-OTC\GBPUSD-OTC_M1.csv
2026-07-24 13:33:04,951 | INFO     | [CSVQueue] Processing write for data_base/csv/iq_option\EURUSD-OTC\EURUSD-OTC_M1.csv
2026-07-24 13:33:04,952 | INFO     | [CSVWriter] Writing 249 rows to data_base/csv/iq_option\EURUSD-OTC\EURUSD-OTC_M1.csv
2026-07-24 13:33:04,955 | WARNING  | [ANOMALY] Total anomalies detected: GBPUSD-OTC 249
2026-07-24 13:33:04,958 | INFO     | [DataAdapter] M15 anomaly detection completed for GBPUSD-OTC
2026-07-24 13:33:04,962 | WARNING  | [ANOMALY] Total anomalies detected: EURGBP-OTC 249
2026-07-24 13:33:04,962 | INFO     | [DataAdapter] M15 data refresh completed for GBPUSD-OTC
2026-07-24 13:33:04,964 | INFO     | [DataAdapter] M5 anomaly detection completed for EURGBP-OTC
2026-07-24 13:33:04,967 | WARNING  | [ANOMALY] Total anomalies detected: EURUSD-OTC 249
2026-07-24 13:33:04,968 | INFO     | [DataAdapter] Anomaly statistics for GBPUSD-OTC: {'total_calls': 72, 'response_times': [0.013999700546264648, 0.31719064712524414, 0.2949824333190918, 0.03267955780029297, 0.16599440574645996, 0.4046361446380615, 0.3303542137145996, 0.18708395957946777, 0.012867212295532227, 0.29335784912109375, 0.21855616569519043, 0.04597282409667969, 0.016118288040161133, 0.16651606559753418, 0.17901921272277832, 0.04098248481750488, 0.027006864547729492, 0.2834603786468506, 0.20427322387695312, 0.21520233154296875, 0.006014347076416016, 0.24805641174316406, 0.2825925350189209, 0.026009082794189453, 0.03001713752746582, 0.33109354972839355, 0.26633429527282715, 0.03498196601867676, 0.013983488082885742, 0.16509389877319336, 0.203139066696167, 0.02601027488708496, 0.015662193298339844, 0.285672664642334, 0.16912531852722168, 0.031012296676635742, 0.02100062370300293, 0.19908738136291504, 0.33910560607910156, 0.4241623878479004, 0.031023502349853516, 0.12838149070739746, 0.22991466522216797, 0.025004148483276367, 0.005982875823974609, 0.15928292274475098, 0.18576288223266602, 0.024000883102416992, 0.020021677017211914, 0.2539963722229004, 0.23406672477722168, 0.027977466583251953, 0.032039642333984375, 0.23402166366577148, 0.35982704162597656, 0.031000375747680664, 0.029973506927490234, 0.21654653549194336, 0.4075918197631836, 0.32715654373168945, 0.015000104904174805, 0.21819853782653809, 0.24185967445373535, 0.032021284103393555, 0.014994621276855469, 0.35053372383117676, 0.2678334712982178, 0.037000179290771484, 0.020027637481689453, 0.35924363136291504, 0.2781853675842285, 0.031000137329101562], 'spike_count': 0, 'zero_volume_count': np.int64(40089), 'impossible_candle_count': 0, 'consecutive_anomalies': 0, 'avg_response_time': np.float64(0.15830388334062365), 'max_response_time': np.float64(0.4241623878479004), 'min_response_time': np.float64(0.005982875823974609)}
2026-07-24 13:33:04,968 | INFO     | [DataAdapter] M5 data refresh completed for EURGBP-OTC
2026-07-24 13:33:04,968 | INFO     | [DataAdapter] M15 anomaly detection completed for EURUSD-OTC
2026-07-24 13:33:04,968 | INFO     | [DataAdapter] Refreshing M15 data for EURGBP-OTC
2026-07-24 13:33:04,969 | INFO     | [DataAdapter] M15 data refresh completed for EURUSD-OTC
2026-07-24 13:33:04,972 | ERROR    | [ANOMALY] CONSECUTIVE zero volume: EURGBP-OTC streak 248
2026-07-24 13:33:04,973 | INFO     | [DataAdapter] Anomaly statistics for EURUSD-OTC: {'total_calls': 72, 'response_times': [0.013999700546264648, 0.31719064712524414, 0.2949824333190918, 0.03267955780029297, 0.16599440574645996, 0.4046361446380615, 0.3303542137145996, 0.18708395957946777, 0.012867212295532227, 0.29335784912109375, 0.21855616569519043, 0.04597282409667969, 0.016118288040161133, 0.16651606559753418, 0.17901921272277832, 0.04098248481750488, 0.027006864547729492, 0.2834603786468506, 0.20427322387695312, 0.21520233154296875, 0.006014347076416016, 0.24805641174316406, 0.2825925350189209, 0.026009082794189453, 0.03001713752746582, 0.33109354972839355, 0.26633429527282715, 0.03498196601867676, 0.013983488082885742, 0.16509389877319336, 0.203139066696167, 0.02601027488708496, 0.015662193298339844, 0.285672664642334, 0.16912531852722168, 0.031012296676635742, 0.02100062370300293, 0.19908738136291504, 0.33910560607910156, 0.4241623878479004, 0.031023502349853516, 0.12838149070739746, 0.22991466522216797, 0.025004148483276367, 0.005982875823974609, 0.15928292274475098, 0.18576288223266602, 0.024000883102416992, 0.020021677017211914, 0.2539963722229004, 0.23406672477722168, 0.027977466583251953, 0.032039642333984375, 0.23402166366577148, 0.35982704162597656, 0.031000375747680664, 0.029973506927490234, 0.21654653549194336, 0.4075918197631836, 0.32715654373168945, 0.015000104904174805, 0.21819853782653809, 0.24185967445373535, 0.032021284103393555, 0.014994621276855469, 0.35053372383117676, 0.2678334712982178, 0.037000179290771484, 0.020027637481689453, 0.35924363136291504, 0.2781853675842285, 0.031000137329101562], 'spike_count': 0, 'zero_volume_count': np.int64(40338), 'impossible_candle_count': 0, 'consecutive_anomalies': 0, 'avg_response_time': np.float64(0.15830388334062365), 'max_response_time': np.float64(0.4241623878479004), 'min_response_time': np.float64(0.005982875823974609)}
2026-07-24 13:33:04,984 | WARNING  | [ANOMALY] Total anomalies detected: EURGBP-OTC 249
2026-07-24 13:33:04,984 | INFO     | [CSVWriter] Successfully wrote 370 rows to data_base/csv/iq_option\EURUSD-OTC\EURUSD-OTC_M1.csv
2026-07-24 13:33:04,984 | INFO     | [DataAdapter] M15 anomaly detection completed for EURGBP-OTC
2026-07-24 13:33:04,984 | INFO     | [CSVQueue] Successfully processed write for data_base/csv/iq_option\EURUSD-OTC\EURUSD-OTC_M1.csv
2026-07-24 13:33:04,985 | INFO     | [DataAdapter] M15 data refresh completed for EURGBP-OTC
2026-07-24 13:33:04,985 | INFO     | [CSVQueue] Processing write for data_base/csv/iq_option\EURGBP-OTC\EURGBP-OTC_M1.csv
2026-07-24 13:33:04,985 | INFO     | [DataAdapter] Anomaly statistics for EURGBP-OTC: {'total_calls': 72, 'response_times': [0.013999700546264648, 0.31719064712524414, 0.2949824333190918, 0.03267955780029297, 0.16599440574645996, 0.4046361446380615, 0.3303542137145996, 0.18708395957946777, 0.012867212295532227, 0.29335784912109375, 0.21855616569519043, 0.04597282409667969, 0.016118288040161133, 0.16651606559753418, 0.17901921272277832, 0.04098248481750488, 0.027006864547729492, 0.2834603786468506, 0.20427322387695312, 0.21520233154296875, 0.006014347076416016, 0.24805641174316406, 0.2825925350189209, 0.026009082794189453, 0.03001713752746582, 0.33109354972839355, 0.26633429527282715, 0.03498196601867676, 0.013983488082885742, 0.16509389877319336, 0.203139066696167, 0.02601027488708496, 0.015662193298339844, 0.285672664642334, 0.16912531852722168, 0.031012296676635742, 0.02100062370300293, 0.19908738136291504, 0.33910560607910156, 0.4241623878479004, 0.031023502349853516, 0.12838149070739746, 0.22991466522216797, 0.025004148483276367, 0.005982875823974609, 0.15928292274475098, 0.18576288223266602, 0.024000883102416992, 0.020021677017211914, 0.2539963722229004, 0.23406672477722168, 0.027977466583251953, 0.032039642333984375, 0.23402166366577148, 0.35982704162597656, 0.031000375747680664, 0.029973506927490234, 0.21654653549194336, 0.4075918197631836, 0.32715654373168945, 0.015000104904174805, 0.21819853782653809, 0.24185967445373535, 0.032021284103393555, 0.014994621276855469, 0.35053372383117676, 0.2678334712982178, 0.037000179290771484, 0.020027637481689453, 0.35924363136291504, 0.2781853675842285, 0.031000137329101562], 'spike_count': 0, 'zero_volume_count': np.int64(40338), 'impossible_candle_count': 0, 'consecutive_anomalies': 0, 'avg_response_time': np.float64(0.15830388334062365), 'max_response_time': np.float64(0.4241623878479004), 'min_response_time': np.float64(0.005982875823974609)}
2026-07-24 13:33:04,985 | INFO     | [CSVWriter] Writing 249 rows to data_base/csv/iq_option\EURGBP-OTC\EURGBP-OTC_M1.csv
2026-07-24 13:33:04,997 | INFO     | [CSVWriter] Successfully wrote 370 rows to data_base/csv/iq_option\EURGBP-OTC\EURGBP-OTC_M1.csv
2026-07-24 13:33:04,999 | INFO     | [CSVQueue] Successfully processed write for data_base/csv/iq_option\EURGBP-OTC\EURGBP-OTC_M1.csv
2026-07-24 13:33:04,999 | INFO     | [CSVQueue] Queue size: 0
2026-07-24 13:33:05,258 | INFO     | [EURUSD:1.13847][EURUSD-OTC:1.15284][GBPUSD-OTC:1.33275][EURGBP-OTC:0.85525] :: TOTAL=$1271.51
2026-07-24 13:34:03,533 | INFO     | [DataAdapter] Starting update for EURUSD
2026-07-24 13:34:03,534 | INFO     | [DataAdapter] Refreshing M1 data for EURUSD
2026-07-24 13:34:03,534 | INFO     | [DataAdapter] Starting update for EURUSD-OTC
2026-07-24 13:34:03,534 | INFO     | [DataAdapter] Refreshing M1 data for EURUSD-OTC
2026-07-24 13:34:03,534 | INFO     | [DataAdapter] Starting update for GBPUSD-OTC
2026-07-24 13:34:03,534 | INFO     | [DataAdapter] Refreshing M1 data for GBPUSD-OTC
2026-07-24 13:34:03,535 | INFO     | [DataAdapter] Starting update for EURGBP-OTC
2026-07-24 13:34:03,565 | INFO     | [DataAdapter] Refreshing M1 data for EURGBP-OTC
2026-07-24 13:34:03,865 | INFO     | [IQOPTION] REST fetch succeeded for EURUSD: 5 candles
2026-07-24 13:34:03,902 | INFO     | [DataAdapter] M1 anomaly detection completed for EURUSD in 0.016s
2026-07-24 13:34:03,992 | INFO     | [CSVQueue] Enqueuing write for data_base/csv/iq_option\EURUSD\EURUSD_M1.csv - Queue size: 0
2026-07-24 13:34:03,992 | INFO     | [DataAdapter] M1 data refresh completed for EURUSD
2026-07-24 13:34:04,008 | INFO     | [DataAdapter] Refreshing M5 data for EURUSD
2026-07-24 13:34:04,008 | INFO     | [CSVQueue] Processing write for data_base/csv/iq_option\EURUSD\EURUSD_M1.csv
2026-07-24 13:34:04,060 | INFO     | [DataAdapter] M5 anomaly detection completed for EURUSD
2026-07-24 13:34:04,087 | INFO     | [CSVWriter] Writing 249 rows to data_base/csv/iq_option\EURUSD\EURUSD_M1.csv
2026-07-24 13:34:04,135 | INFO     | [DataAdapter] M5 data refresh completed for EURUSD
2026-07-24 13:34:04,166 | INFO     | [DataAdapter] Refreshing M15 data for EURUSD
2026-07-24 13:34:04,173 | INFO     | [DataAdapter] M15 anomaly detection completed for EURUSD
2026-07-24 13:34:04,173 | INFO     | [DataAdapter] M15 data refresh completed for EURUSD
2026-07-24 13:34:04,173 | INFO     | [DataAdapter] Anomaly statistics for EURUSD: {'total_calls': 73, 'response_times': [0.013999700546264648, 0.31719064712524414, 0.2949824333190918, 0.03267955780029297, 0.16599440574645996, 0.4046361446380615, 0.3303542137145996, 0.18708395957946777, 0.012867212295532227, 0.29335784912109375, 0.21855616569519043, 0.04597282409667969, 0.016118288040161133, 0.16651606559753418, 0.17901921272277832, 0.04098248481750488, 0.027006864547729492, 0.2834603786468506, 0.20427322387695312, 0.21520233154296875, 0.006014347076416016, 0.24805641174316406, 0.2825925350189209, 0.026009082794189453, 0.03001713752746582, 0.33109354972839355, 0.26633429527282715, 0.03498196601867676, 0.013983488082885742, 0.16509389877319336, 0.203139066696167, 0.02601027488708496, 0.015662193298339844, 0.285672664642334, 0.16912531852722168, 0.031012296676635742, 0.02100062370300293, 0.19908738136291504, 0.33910560607910156, 0.4241623878479004, 0.031023502349853516, 0.12838149070739746, 0.22991466522216797, 0.025004148483276367, 0.005982875823974609, 0.15928292274475098, 0.18576288223266602, 0.024000883102416992, 0.020021677017211914, 0.2539963722229004, 0.23406672477722168, 0.027977466583251953, 0.032039642333984375, 0.23402166366577148, 0.35982704162597656, 0.031000375747680664, 0.029973506927490234, 0.21654653549194336, 0.4075918197631836, 0.32715654373168945, 0.015000104904174805, 0.21819853782653809, 0.24185967445373535, 0.032021284103393555, 0.014994621276855469, 0.35053372383117676, 0.2678334712982178, 0.037000179290771484, 0.020027637481689453, 0.35924363136291504, 0.2781853675842285, 0.031000137329101562, 0.015509366989135742], 'spike_count': 0, 'zero_volume_count': np.int64(40338), 'impossible_candle_count': 0, 'consecutive_anomalies': 0, 'avg_response_time': np.float64(0.15634779407553476), 'max_response_time': np.float64(0.4241623878479004), 'min_response_time': np.float64(0.005982875823974609)}
2026-07-24 13:34:04,173 | INFO     | [IQOPTION] REST fetch succeeded for EURUSD-OTC: 5 candles
2026-07-24 13:34:04,189 | ERROR    | [ANOMALY] CONSECUTIVE zero volume: EURUSD-OTC streak 248
2026-07-24 13:34:04,391 | WARNING  | [ANOMALY] Total anomalies detected: EURUSD-OTC 249
2026-07-24 13:34:04,402 | INFO     | [DataAdapter] M1 anomaly detection completed for EURUSD-OTC in 0.216s
2026-07-24 13:34:04,404 | INFO     | [IQOPTION] REST fetch succeeded for GBPUSD-OTC: 5 candles
2026-07-24 13:34:04,449 | INFO     | [CSVQueue] Enqueuing write for data_base/csv/iq_option\EURUSD-OTC\EURUSD-OTC_M1.csv - Queue size: 0
2026-07-24 13:34:04,481 | INFO     | [DataAdapter] M1 data refresh completed for EURUSD-OTC
2026-07-24 13:34:04,497 | INFO     | [DataAdapter] Refreshing M5 data for EURUSD-OTC
2026-07-24 13:34:04,516 | ERROR    | [ANOMALY] CONSECUTIVE zero volume: EURUSD-OTC streak 248
2026-07-24 13:34:04,518 | ERROR    | [ANOMALY] CONSECUTIVE zero volume: GBPUSD-OTC streak 248
2026-07-24 13:34:04,560 | INFO     | [CSVWriter] Successfully wrote 372 rows to data_base/csv/iq_option\EURUSD\EURUSD_M1.csv
2026-07-24 13:34:04,560 | INFO     | [CSVQueue] Successfully processed write for data_base/csv/iq_option\EURUSD\EURUSD_M1.csv
2026-07-24 13:34:04,576 | INFO     | [CSVQueue] Processing write for data_base/csv/iq_option\EURUSD-OTC\EURUSD-OTC_M1.csv
2026-07-24 13:34:04,576 | INFO     | [CSVWriter] Writing 249 rows to data_base/csv/iq_option\EURUSD-OTC\EURUSD-OTC_M1.csv
2026-07-24 13:34:04,769 | WARNING  | [ANOMALY] Total anomalies detected: GBPUSD-OTC 249
2026-07-24 13:34:04,773 | WARNING  | [ANOMALY] Total anomalies detected: EURUSD-OTC 249
2026-07-24 13:34:04,798 | INFO     | [DataAdapter] M1 anomaly detection completed for GBPUSD-OTC in 0.349s
2026-07-24 13:34:04,799 | INFO     | [IQOPTION] REST fetch succeeded for EURGBP-OTC: 5 candles
2026-07-24 13:34:04,799 | INFO     | [DataAdapter] M5 anomaly detection completed for EURUSD-OTC
2026-07-24 13:34:04,810 | INFO     | [DataAdapter] M5 data refresh completed for EURUSD-OTC
2026-07-24 13:34:04,810 | INFO     | [DataAdapter] Refreshing M15 data for EURUSD-OTC
2026-07-24 13:34:04,813 | ERROR    | [ANOMALY] CONSECUTIVE zero volume: EURUSD-OTC streak 248
2026-07-24 13:34:04,815 | ERROR    | [ANOMALY] CONSECUTIVE zero volume: EURGBP-OTC streak 248
2026-07-24 13:34:04,816 | INFO     | [CSVQueue] Enqueuing write for data_base/csv/iq_option\GBPUSD-OTC\GBPUSD-OTC_M1.csv - Queue size: 0
2026-07-24 13:34:04,820 | INFO     | [DataAdapter] M1 data refresh completed for GBPUSD-OTC
2026-07-24 13:34:04,820 | INFO     | [DataAdapter] Refreshing M5 data for GBPUSD-OTC
2026-07-24 13:34:04,823 | ERROR    | [ANOMALY] CONSECUTIVE zero volume: GBPUSD-OTC streak 248
2026-07-24 13:34:04,827 | INFO     | [CSVWriter] Successfully wrote 371 rows to data_base/csv/iq_option\EURUSD-OTC\EURUSD-OTC_M1.csv
2026-07-24 13:34:04,827 | INFO     | [CSVQueue] Successfully processed write for data_base/csv/iq_option\EURUSD-OTC\EURUSD-OTC_M1.csv
2026-07-24 13:34:04,827 | INFO     | [CSVQueue] Processing write for data_base/csv/iq_option\GBPUSD-OTC\GBPUSD-OTC_M1.csv
2026-07-24 13:34:04,827 | INFO     | [CSVWriter] Writing 249 rows to data_base/csv/iq_option\GBPUSD-OTC\GBPUSD-OTC_M1.csv
2026-07-24 13:34:04,838 | WARNING  | [ANOMALY] Total anomalies detected: EURUSD-OTC 249
2026-07-24 13:34:04,839 | INFO     | [DataAdapter] M15 anomaly detection completed for EURUSD-OTC
2026-07-24 13:34:04,843 | WARNING  | [ANOMALY] Total anomalies detected: EURGBP-OTC 249
2026-07-24 13:34:04,843 | INFO     | [DataAdapter] M15 data refresh completed for EURUSD-OTC
2026-07-24 13:34:04,843 | INFO     | [DataAdapter] M1 anomaly detection completed for EURGBP-OTC in 0.034s
2026-07-24 13:34:04,849 | WARNING  | [ANOMALY] Total anomalies detected: GBPUSD-OTC 249
2026-07-24 13:34:04,849 | INFO     | [DataAdapter] Anomaly statistics for EURUSD-OTC: {'total_calls': 76, 'response_times': [0.013999700546264648, 0.31719064712524414, 0.2949824333190918, 0.03267955780029297, 0.16599440574645996, 0.4046361446380615, 0.3303542137145996, 0.18708395957946777, 0.012867212295532227, 0.29335784912109375, 0.21855616569519043, 0.04597282409667969, 0.016118288040161133, 0.16651606559753418, 0.17901921272277832, 0.04098248481750488, 0.027006864547729492, 0.2834603786468506, 0.20427322387695312, 0.21520233154296875, 0.006014347076416016, 0.24805641174316406, 0.2825925350189209, 0.026009082794189453, 0.03001713752746582, 0.33109354972839355, 0.26633429527282715, 0.03498196601867676, 0.013983488082885742, 0.16509389877319336, 0.203139066696167, 0.02601027488708496, 0.015662193298339844, 0.285672664642334, 0.16912531852722168, 0.031012296676635742, 0.02100062370300293, 0.19908738136291504, 0.33910560607910156, 0.4241623878479004, 0.031023502349853516, 0.12838149070739746, 0.22991466522216797, 0.025004148483276367, 0.005982875823974609, 0.15928292274475098, 0.18576288223266602, 0.024000883102416992, 0.020021677017211914, 0.2539963722229004, 0.23406672477722168, 0.027977466583251953, 0.032039642333984375, 0.23402166366577148, 0.35982704162597656, 0.031000375747680664, 0.029973506927490234, 0.21654653549194336, 0.4075918197631836, 0.32715654373168945, 0.015000104904174805, 0.21819853782653809, 0.24185967445373535, 0.032021284103393555, 0.014994621276855469, 0.35053372383117676, 0.2678334712982178, 0.037000179290771484, 0.020027637481689453, 0.35924363136291504, 0.2781853675842285, 0.031000137329101562, 0.015509366989135742, 0.21570110321044922, 0.3485097885131836, 0.03399968147277832], 'spike_count': 0, 'zero_volume_count': np.int64(41832), 'impossible_candle_count': 0, 'consecutive_anomalies': 0, 'avg_response_time': np.float64(0.15804736237776906), 'max_response_time': np.float64(0.4241623878479004), 'min_response_time': np.float64(0.005982875823974609)}
2026-07-24 13:34:04,851 | INFO     | [DataAdapter] M5 anomaly detection completed for GBPUSD-OTC
2026-07-24 13:34:04,852 | INFO     | [DataAdapter] M5 data refresh completed for GBPUSD-OTC
2026-07-24 13:34:04,854 | INFO     | [CSVQueue] Enqueuing write for data_base/csv/iq_option\EURGBP-OTC\EURGBP-OTC_M1.csv - Queue size: 0
2026-07-24 13:34:04,854 | INFO     | [DataAdapter] Refreshing M15 data for GBPUSD-OTC
2026-07-24 13:34:04,855 | INFO     | [DataAdapter] M1 data refresh completed for EURGBP-OTC
2026-07-24 13:34:04,858 | ERROR    | [ANOMALY] CONSECUTIVE zero volume: GBPUSD-OTC streak 248
2026-07-24 13:34:04,858 | INFO     | [DataAdapter] Refreshing M5 data for EURGBP-OTC
2026-07-24 13:34:04,864 | ERROR    | [ANOMALY] CONSECUTIVE zero volume: EURGBP-OTC streak 248
2026-07-24 13:34:04,870 | INFO     | [CSVWriter] Successfully wrote 371 rows to data_base/csv/iq_option\GBPUSD-OTC\GBPUSD-OTC_M1.csv
2026-07-24 13:34:04,871 | INFO     | [CSVQueue] Successfully processed write for data_base/csv/iq_option\GBPUSD-OTC\GBPUSD-OTC_M1.csv
2026-07-24 13:34:04,874 | WARNING  | [ANOMALY] Total anomalies detected: GBPUSD-OTC 249
2026-07-24 13:34:04,874 | INFO     | [CSVQueue] Processing write for data_base/csv/iq_option\EURGBP-OTC\EURGBP-OTC_M1.csv
2026-07-24 13:34:04,875 | INFO     | [DataAdapter] M15 anomaly detection completed for GBPUSD-OTC
2026-07-24 13:34:04,875 | INFO     | [CSVWriter] Writing 249 rows to data_base/csv/iq_option\EURGBP-OTC\EURGBP-OTC_M1.csv
2026-07-24 13:34:04,880 | WARNING  | [ANOMALY] Total anomalies detected: EURGBP-OTC 249
2026-07-24 13:34:04,880 | INFO     | [DataAdapter] M15 data refresh completed for GBPUSD-OTC
2026-07-24 13:34:04,883 | INFO     | [DataAdapter] M5 anomaly detection completed for EURGBP-OTC
2026-07-24 13:34:04,883 | INFO     | [DataAdapter] Anomaly statistics for GBPUSD-OTC: {'total_calls': 76, 'response_times': [0.013999700546264648, 0.31719064712524414, 0.2949824333190918, 0.03267955780029297, 0.16599440574645996, 0.4046361446380615, 0.3303542137145996, 0.18708395957946777, 0.012867212295532227, 0.29335784912109375, 0.21855616569519043, 0.04597282409667969, 0.016118288040161133, 0.16651606559753418, 0.17901921272277832, 0.04098248481750488, 0.027006864547729492, 0.2834603786468506, 0.20427322387695312, 0.21520233154296875, 0.006014347076416016, 0.24805641174316406, 0.2825925350189209, 0.026009082794189453, 0.03001713752746582, 0.33109354972839355, 0.26633429527282715, 0.03498196601867676, 0.013983488082885742, 0.16509389877319336, 0.203139066696167, 0.02601027488708496, 0.015662193298339844, 0.285672664642334, 0.16912531852722168, 0.031012296676635742, 0.02100062370300293, 0.19908738136291504, 0.33910560607910156, 0.4241623878479004, 0.031023502349853516, 0.12838149070739746, 0.22991466522216797, 0.025004148483276367, 0.005982875823974609, 0.15928292274475098, 0.18576288223266602, 0.024000883102416992, 0.020021677017211914, 0.2539963722229004, 0.23406672477722168, 0.027977466583251953, 0.032039642333984375, 0.23402166366577148, 0.35982704162597656, 0.031000375747680664, 0.029973506927490234, 0.21654653549194336, 0.4075918197631836, 0.32715654373168945, 0.015000104904174805, 0.21819853782653809, 0.24185967445373535, 0.032021284103393555, 0.014994621276855469, 0.35053372383117676, 0.2678334712982178, 0.037000179290771484, 0.020027637481689453, 0.35924363136291504, 0.2781853675842285, 0.031000137329101562, 0.015509366989135742, 0.21570110321044922, 0.3485097885131836, 0.03399968147277832], 'spike_count': 0, 'zero_volume_count': np.int64(42330), 'impossible_candle_count': 0, 'consecutive_anomalies': 0, 'avg_response_time': np.float64(0.15804736237776906), 'max_response_time': np.float64(0.4241623878479004), 'min_response_time': np.float64(0.005982875823974609)}
2026-07-24 13:34:04,883 | INFO     | [DataAdapter] M5 data refresh completed for EURGBP-OTC
2026-07-24 13:34:04,884 | INFO     | [DataAdapter] Refreshing M15 data for EURGBP-OTC
2026-07-24 13:34:04,887 | ERROR    | [ANOMALY] CONSECUTIVE zero volume: EURGBP-OTC streak 248
2026-07-24 13:34:04,899 | WARNING  | [ANOMALY] Total anomalies detected: EURGBP-OTC 249
2026-07-24 13:34:04,899 | INFO     | [CSVWriter] Successfully wrote 371 rows to data_base/csv/iq_option\EURGBP-OTC\EURGBP-OTC_M1.csv
2026-07-24 13:34:04,899 | INFO     | [DataAdapter] M15 anomaly detection completed for EURGBP-OTC
2026-07-24 13:34:04,900 | INFO     | [CSVQueue] Successfully processed write for data_base/csv/iq_option\EURGBP-OTC\EURGBP-OTC_M1.csv
2026-07-24 13:34:04,900 | INFO     | [DataAdapter] M15 data refresh completed for EURGBP-OTC
2026-07-24 13:34:04,900 | INFO     | [CSVQueue] Queue size: 0
2026-07-24 13:34:04,900 | INFO     | [DataAdapter] Anomaly statistics for EURGBP-OTC: {'total_calls': 76, 'response_times': [0.013999700546264648, 0.31719064712524414, 0.2949824333190918, 0.03267955780029297, 0.16599440574645996, 0.4046361446380615, 0.3303542137145996, 0.18708395957946777, 0.012867212295532227, 0.29335784912109375, 0.21855616569519043, 0.04597282409667969, 0.016118288040161133, 0.16651606559753418, 0.17901921272277832, 0.04098248481750488, 0.027006864547729492, 0.2834603786468506, 0.20427322387695312, 0.21520233154296875, 0.006014347076416016, 0.24805641174316406, 0.2825925350189209, 0.026009082794189453, 0.03001713752746582, 0.33109354972839355, 0.26633429527282715, 0.03498196601867676, 0.013983488082885742, 0.16509389877319336, 0.203139066696167, 0.02601027488708496, 0.015662193298339844, 0.285672664642334, 0.16912531852722168, 0.031012296676635742, 0.02100062370300293, 0.19908738136291504, 0.33910560607910156, 0.4241623878479004, 0.031023502349853516, 0.12838149070739746, 0.22991466522216797, 0.025004148483276367, 0.005982875823974609, 0.15928292274475098, 0.18576288223266602, 0.024000883102416992, 0.020021677017211914, 0.2539963722229004, 0.23406672477722168, 0.027977466583251953, 0.032039642333984375, 0.23402166366577148, 0.35982704162597656, 0.031000375747680664, 0.029973506927490234, 0.21654653549194336, 0.4075918197631836, 0.32715654373168945, 0.015000104904174805, 0.21819853782653809, 0.24185967445373535, 0.032021284103393555, 0.014994621276855469, 0.35053372383117676, 0.2678334712982178, 0.037000179290771484, 0.020027637481689453, 0.35924363136291504, 0.2781853675842285, 0.031000137329101562, 0.015509366989135742, 0.21570110321044922, 0.3485097885131836, 0.03399968147277832], 'spike_count': 0, 'zero_volume_count': np.int64(42579), 'impossible_candle_count': 0, 'consecutive_anomalies': 0, 'avg_response_time': np.float64(0.15804736237776906), 'max_response_time': np.float64(0.4241623878479004), 'min_response_time': np.float64(0.005982875823974609)}
2026-07-24 13:34:05,112 | INFO     | [EURUSD:1.13854][EURUSD-OTC:1.15274][GBPUSD-OTC:1.33282][EURGBP-OTC:0.85527] :: TOTAL=$1271.51
2026-07-24 13:35:03,354 | INFO     | [DataAdapter] Starting update for EURUSD
2026-07-24 13:35:03,354 | INFO     | [DataAdapter] Refreshing M1 data for EURUSD
2026-07-24 13:35:03,354 | INFO     | [DataAdapter] Starting update for EURUSD-OTC
2026-07-24 13:35:03,355 | INFO     | [DataAdapter] Starting update for GBPUSD-OTC
2026-07-24 13:35:03,355 | INFO     | [DataAdapter] Refreshing M1 data for EURUSD-OTC
2026-07-24 13:35:03,355 | INFO     | [DataAdapter] Starting update for EURGBP-OTC
2026-07-24 13:35:03,355 | INFO     | [DataAdapter] Refreshing M1 data for GBPUSD-OTC
2026-07-24 13:35:03,369 | INFO     | [DataAdapter] Refreshing M1 data for EURGBP-OTC
2026-07-24 13:35:03,671 | INFO     | [IQOPTION] REST fetch succeeded for EURUSD: 5 candles
2026-07-24 13:35:03,693 | INFO     | [DataAdapter] M1 anomaly detection completed for EURUSD in 0.015s
2026-07-24 13:35:03,780 | INFO     | [CSVQueue] Enqueuing write for data_base/csv/iq_option\EURUSD\EURUSD_M1.csv - Queue size: 0
2026-07-24 13:35:03,796 | INFO     | [DataAdapter] M1 data refresh completed for EURUSD
2026-07-24 13:35:03,812 | INFO     | [DataAdapter] Refreshing M5 data for EURUSD
2026-07-24 13:35:03,827 | INFO     | [CSVQueue] Processing write for data_base/csv/iq_option\EURUSD\EURUSD_M1.csv
2026-07-24 13:35:03,859 | INFO     | [CSVWriter] Writing 249 rows to data_base/csv/iq_option\EURUSD\EURUSD_M1.csv
2026-07-24 13:35:03,906 | INFO     | [IQOPTION] REST fetch succeeded for EURUSD-OTC: 5 candles
2026-07-24 13:35:03,987 | ERROR    | [ANOMALY] CONSECUTIVE zero volume: EURUSD-OTC streak 248
2026-07-24 13:35:04,194 | WARNING  | [ANOMALY] Total anomalies detected: EURUSD-OTC 249
2026-07-24 13:35:04,206 | INFO     | [DataAdapter] M1 anomaly detection completed for EURUSD-OTC in 0.266s
2026-07-24 13:35:04,269 | INFO     | [IQOPTION] REST fetch succeeded for GBPUSD-OTC: 5 candles
2026-07-24 13:35:04,285 | INFO     | [CSVWriter] Successfully wrote 373 rows to data_base/csv/iq_option\EURUSD\EURUSD_M1.csv
2026-07-24 13:35:04,302 | INFO     | [CSVQueue] Successfully processed write for data_base/csv/iq_option\EURUSD\EURUSD_M1.csv
2026-07-24 13:35:04,302 | INFO     | [CSVQueue] Enqueuing write for data_base/csv/iq_option\EURUSD-OTC\EURUSD-OTC_M1.csv - Queue size: 0
2026-07-24 13:35:04,304 | ERROR    | [ANOMALY] CONSECUTIVE zero volume: GBPUSD-OTC streak 248
2026-07-24 13:35:04,304 | INFO     | [CSVQueue] Queue size: 0
2026-07-24 13:35:04,349 | INFO     | [DataAdapter] M1 data refresh completed for EURUSD-OTC
2026-07-24 13:35:04,413 | INFO     | [CSVQueue] Processing write for data_base/csv/iq_option\EURUSD-OTC\EURUSD-OTC_M1.csv
2026-07-24 13:35:04,460 | INFO     | [DataAdapter] Refreshing M5 data for EURUSD-OTC
2026-07-24 13:35:04,492 | INFO     | [CSVWriter] Writing 249 rows to data_base/csv/iq_option\EURUSD-OTC\EURUSD-OTC_M1.csv
2026-07-24 13:35:04,540 | INFO     | [IQOPTION] REST fetch succeeded for EURGBP-OTC: 5 candles
2026-07-24 13:35:04,558 | WARNING  | [ANOMALY] Total anomalies detected: GBPUSD-OTC 249
2026-07-24 13:35:04,572 | INFO     | [DataAdapter] M1 anomaly detection completed for GBPUSD-OTC in 0.281s
2026-07-24 13:35:04,623 | ERROR    | [ANOMALY] CONSECUTIVE zero volume: EURGBP-OTC streak 248
2026-07-24 13:35:04,763 | INFO     | [CSVQueue] Enqueuing write for data_base/csv/iq_option\GBPUSD-OTC\GBPUSD-OTC_M1.csv - Queue size: 0
2026-07-24 13:35:04,858 | INFO     | [DataAdapter] M1 data refresh completed for GBPUSD-OTC
2026-07-24 13:35:04,873 | INFO     | [DataAdapter] Refreshing M5 data for GBPUSD-OTC
2026-07-24 13:35:04,892 | WARNING  | [ANOMALY] Total anomalies detected: EURGBP-OTC 249
2026-07-24 13:35:04,923 | INFO     | [DataAdapter] M1 anomaly detection completed for EURGBP-OTC in 0.363s
2026-07-24 13:35:04,970 | INFO     | [IQOPTION] REST fetch succeeded for EURUSD: 5 candles
2026-07-24 13:35:05,071 | INFO     | [CSVQueue] Enqueuing write for data_base/csv/iq_option\EURGBP-OTC\EURGBP-OTC_M1.csv - Queue size: 1
2026-07-24 13:35:05,111 | INFO     | [DataAdapter] M5 anomaly detection completed for EURUSD
2026-07-24 13:35:05,111 | INFO     | [DataAdapter] M1 data refresh completed for EURGBP-OTC
2026-07-24 13:35:05,180 | INFO     | [DataAdapter] Refreshing M5 data for EURGBP-OTC
2026-07-24 13:35:05,158 | INFO     | [CSVWriter] Successfully wrote 372 rows to data_base/csv/iq_option\EURUSD-OTC\EURUSD-OTC_M1.csv
2026-07-24 13:35:05,209 | INFO     | [CSVQueue] Successfully processed write for data_base/csv/iq_option\EURUSD-OTC\EURUSD-OTC_M1.csv
2026-07-24 13:35:05,211 | INFO     | [CSVQueue] Processing write for data_base/csv/iq_option\GBPUSD-OTC\GBPUSD-OTC_M1.csv
2026-07-24 13:35:05,211 | INFO     | [CSVQueue] Enqueuing write for data_base/csv/iq_option\EURUSD\EURUSD_M5.csv - Queue size: 1
2026-07-24 13:35:05,211 | INFO     | [IQOPTION] REST fetch succeeded for EURUSD-OTC: 5 candles
2026-07-24 13:35:05,237 | INFO     | [CSVWriter] Writing 249 rows to data_base/csv/iq_option\GBPUSD-OTC\GBPUSD-OTC_M1.csv
2026-07-24 13:35:05,284 | INFO     | [DataAdapter] M5 data refresh completed for EURUSD
2026-07-24 13:35:05,351 | ERROR    | [ANOMALY] CONSECUTIVE zero volume: EURUSD-OTC streak 248
2026-07-24 13:35:05,412 | INFO     | [DataAdapter] Refreshing M15 data for EURUSD
2026-07-24 13:35:05,508 | INFO     | [IQOPTION] REST fetch succeeded for GBPUSD-OTC: 5 candles
2026-07-24 13:35:05,604 | INFO     | [DataAdapter] M15 anomaly detection completed for EURUSD
2026-07-24 13:35:05,619 | INFO     | [DataAdapter] M15 data refresh completed for EURUSD
2026-07-24 13:35:05,621 | ERROR    | [ANOMALY] CONSECUTIVE zero volume: GBPUSD-OTC streak 248
2026-07-24 13:35:05,680 | INFO     | [DataAdapter] Anomaly statistics for EURUSD: {'total_calls': 80, 'response_times': [0.013999700546264648, 0.31719064712524414, 0.2949824333190918, 0.03267955780029297, 0.16599440574645996, 0.4046361446380615, 0.3303542137145996, 0.18708395957946777, 0.012867212295532227, 0.29335784912109375, 0.21855616569519043, 0.04597282409667969, 0.016118288040161133, 0.16651606559753418, 0.17901921272277832, 0.04098248481750488, 0.027006864547729492, 0.2834603786468506, 0.20427322387695312, 0.21520233154296875, 0.006014347076416016, 0.24805641174316406, 0.2825925350189209, 0.026009082794189453, 0.03001713752746582, 0.33109354972839355, 0.26633429527282715, 0.03498196601867676, 0.013983488082885742, 0.16509389877319336, 0.203139066696167, 0.02601027488708496, 0.015662193298339844, 0.285672664642334, 0.16912531852722168, 0.031012296676635742, 0.02100062370300293, 0.19908738136291504, 0.33910560607910156, 0.4241623878479004, 0.031023502349853516, 0.12838149070739746, 0.22991466522216797, 0.025004148483276367, 0.005982875823974609, 0.15928292274475098, 0.18576288223266602, 0.024000883102416992, 0.020021677017211914, 0.2539963722229004, 0.23406672477722168, 0.027977466583251953, 0.032039642333984375, 0.23402166366577148, 0.35982704162597656, 0.031000375747680664, 0.029973506927490234, 0.21654653549194336, 0.4075918197631836, 0.32715654373168945, 0.015000104904174805, 0.21819853782653809, 0.24185967445373535, 0.032021284103393555, 0.014994621276855469, 0.35053372383117676, 0.2678334712982178, 0.037000179290771484, 0.020027637481689453, 0.35924363136291504, 0.2781853675842285, 0.031000137329101562, 0.015509366989135742, 0.21570110321044922, 0.3485097885131836, 0.03399968147277832, 0.015020370483398438, 0.2662651538848877, 0.2810933589935303, 0.3631160259246826], 'spike_count': 0, 'zero_volume_count': np.int64(43824), 'impossible_candle_count': 0, 'consecutive_anomalies': 0, 'avg_response_time': np.float64(0.16171368062496186), 'max_response_time': np.float64(0.4241623878479004), 'min_response_time': np.float64(0.005982875823974609)}
2026-07-24 13:35:05,748 | WARNING  | [ANOMALY] Total anomalies detected: EURUSD-OTC 249
2026-07-24 13:35:05,762 | INFO     | [DataAdapter] M5 anomaly detection completed for EURUSD-OTC
2026-07-24 13:35:05,823 | INFO     | [CSVWriter] Successfully wrote 372 rows to data_base/csv/iq_option\GBPUSD-OTC\GBPUSD-OTC_M1.csv
2026-07-24 13:35:05,839 | INFO     | [CSVQueue] Successfully processed write for data_base/csv/iq_option\GBPUSD-OTC\GBPUSD-OTC_M1.csv
2026-07-24 13:35:05,857 | INFO     | [CSVQueue] Processing write for data_base/csv/iq_option\EURGBP-OTC\EURGBP-OTC_M1.csv
2026-07-24 13:35:05,871 | INFO     | [CSVWriter] Writing 249 rows to data_base/csv/iq_option\EURGBP-OTC\EURGBP-OTC_M1.csv
2026-07-24 13:35:05,889 | INFO     | [IQOPTION] REST fetch succeeded for EURGBP-OTC: 5 candles
2026-07-24 13:35:05,889 | INFO     | [CSVQueue] Enqueuing write for data_base/csv/iq_option\EURUSD-OTC\EURUSD-OTC_M5.csv - Queue size: 1
2026-07-24 13:35:05,899 | WARNING  | [ANOMALY] Total anomalies detected: GBPUSD-OTC 249
2026-07-24 13:35:05,902 | ERROR    | [ANOMALY] CONSECUTIVE zero volume: EURGBP-OTC streak 248
2026-07-24 13:35:05,902 | INFO     | [DataAdapter] M5 data refresh completed for EURUSD-OTC
2026-07-24 13:35:05,903 | INFO     | [DataAdapter] M5 anomaly detection completed for GBPUSD-OTC
2026-07-24 13:35:05,904 | INFO     | [DataAdapter] Refreshing M15 data for EURUSD-OTC
2026-07-24 13:35:05,909 | ERROR    | [ANOMALY] CONSECUTIVE zero volume: EURUSD-OTC streak 248
2026-07-24 13:35:05,913 | INFO     | [CSVQueue] Enqueuing write for data_base/csv/iq_option\GBPUSD-OTC\GBPUSD-OTC_M5.csv - Queue size: 2
2026-07-24 13:35:05,914 | INFO     | [DataAdapter] M5 data refresh completed for GBPUSD-OTC
2026-07-24 13:35:05,914 | INFO     | [DataAdapter] Refreshing M15 data for GBPUSD-OTC
2026-07-24 13:35:05,917 | ERROR    | [ANOMALY] CONSECUTIVE zero volume: GBPUSD-OTC streak 248
2026-07-24 13:35:05,922 | WARNING  | [ANOMALY] Total anomalies detected: EURGBP-OTC 249
2026-07-24 13:35:05,922 | INFO     | [DataAdapter] M5 anomaly detection completed for EURGBP-OTC
2026-07-24 13:35:05,932 | INFO     | [CSVQueue] Enqueuing write for data_base/csv/iq_option\EURGBP-OTC\EURGBP-OTC_M5.csv - Queue size: 3
2026-07-24 13:35:05,937 | WARNING  | [ANOMALY] Total anomalies detected: EURUSD-OTC 249
2026-07-24 13:35:05,937 | INFO     | [DataAdapter] M15 anomaly detection completed for EURUSD-OTC
2026-07-24 13:35:05,937 | INFO     | [DataAdapter] M5 data refresh completed for EURGBP-OTC
2026-07-24 13:35:05,937 | INFO     | [DataAdapter] M15 data refresh completed for EURUSD-OTC
2026-07-24 13:35:05,941 | WARNING  | [ANOMALY] Total anomalies detected: GBPUSD-OTC 249
2026-07-24 13:35:05,941 | INFO     | [CSVWriter] Successfully wrote 372 rows to data_base/csv/iq_option\EURGBP-OTC\EURGBP-OTC_M1.csv
2026-07-24 13:35:05,941 | INFO     | [DataAdapter] Refreshing M15 data for EURGBP-OTC
2026-07-24 13:35:05,942 | INFO     | [DataAdapter] Anomaly statistics for EURUSD-OTC: {'total_calls': 80, 'response_times': [0.013999700546264648, 0.31719064712524414, 0.2949824333190918, 0.03267955780029297, 0.16599440574645996, 0.4046361446380615, 0.3303542137145996, 0.18708395957946777, 0.012867212295532227, 0.29335784912109375, 0.21855616569519043, 0.04597282409667969, 0.016118288040161133, 0.16651606559753418, 0.17901921272277832, 0.04098248481750488, 0.027006864547729492, 0.2834603786468506, 0.20427322387695312, 0.21520233154296875, 0.006014347076416016, 0.24805641174316406, 0.2825925350189209, 0.026009082794189453, 0.03001713752746582, 0.33109354972839355, 0.26633429527282715, 0.03498196601867676, 0.013983488082885742, 0.16509389877319336, 0.203139066696167, 0.02601027488708496, 0.015662193298339844, 0.285672664642334, 0.16912531852722168, 0.031012296676635742, 0.02100062370300293, 0.19908738136291504, 0.33910560607910156, 0.4241623878479004, 0.031023502349853516, 0.12838149070739746, 0.22991466522216797, 0.025004148483276367, 0.005982875823974609, 0.15928292274475098, 0.18576288223266602, 0.024000883102416992, 0.020021677017211914, 0.2539963722229004, 0.23406672477722168, 0.027977466583251953, 0.032039642333984375, 0.23402166366577148, 0.35982704162597656, 0.031000375747680664, 0.029973506927490234, 0.21654653549194336, 0.4075918197631836, 0.32715654373168945, 0.015000104904174805, 0.21819853782653809, 0.24185967445373535, 0.032021284103393555, 0.014994621276855469, 0.35053372383117676, 0.2678334712982178, 0.037000179290771484, 0.020027637481689453, 0.35924363136291504, 0.2781853675842285, 0.031000137329101562, 0.015509366989135742, 0.21570110321044922, 0.3485097885131836, 0.03399968147277832, 0.015020370483398438, 0.2662651538848877, 0.2810933589935303, 0.3631160259246826], 'spike_count': 0, 'zero_volume_count': np.int64(44571), 'impossible_candle_count': 0, 'consecutive_anomalies': 0, 'avg_response_time': np.float64(0.16171368062496186), 'max_response_time': np.float64(0.4241623878479004), 'min_response_time': np.float64(0.005982875823974609)}
2026-07-24 13:35:05,942 | INFO     | [DataAdapter] M15 anomaly detection completed for GBPUSD-OTC
2026-07-24 13:35:05,942 | INFO     | [CSVQueue] Successfully processed write for data_base/csv/iq_option\EURGBP-OTC\EURGBP-OTC_M1.csv
2026-07-24 13:35:05,946 | ERROR    | [ANOMALY] CONSECUTIVE zero volume: EURGBP-OTC streak 248
2026-07-24 13:35:05,946 | INFO     | [DataAdapter] M15 data refresh completed for GBPUSD-OTC
2026-07-24 13:35:05,946 | INFO     | [CSVQueue] Processing write for data_base/csv/iq_option\EURUSD\EURUSD_M5.csv
2026-07-24 13:35:05,948 | INFO     | [DataAdapter] Anomaly statistics for GBPUSD-OTC: {'total_calls': 80, 'response_times': [0.013999700546264648, 0.31719064712524414, 0.2949824333190918, 0.03267955780029297, 0.16599440574645996, 0.4046361446380615, 0.3303542137145996, 0.18708395957946777, 0.012867212295532227, 0.29335784912109375, 0.21855616569519043, 0.04597282409667969, 0.016118288040161133, 0.16651606559753418, 0.17901921272277832, 0.04098248481750488, 0.027006864547729492, 0.2834603786468506, 0.20427322387695312, 0.21520233154296875, 0.006014347076416016, 0.24805641174316406, 0.2825925350189209, 0.026009082794189453, 0.03001713752746582, 0.33109354972839355, 0.26633429527282715, 0.03498196601867676, 0.013983488082885742, 0.16509389877319336, 0.203139066696167, 0.02601027488708496, 0.015662193298339844, 0.285672664642334, 0.16912531852722168, 0.031012296676635742, 0.02100062370300293, 0.19908738136291504, 0.33910560607910156, 0.4241623878479004, 0.031023502349853516, 0.12838149070739746, 0.22991466522216797, 0.025004148483276367, 0.005982875823974609, 0.15928292274475098, 0.18576288223266602, 0.024000883102416992, 0.020021677017211914, 0.2539963722229004, 0.23406672477722168, 0.027977466583251953, 0.032039642333984375, 0.23402166366577148, 0.35982704162597656, 0.031000375747680664, 0.029973506927490234, 0.21654653549194336, 0.4075918197631836, 0.32715654373168945, 0.015000104904174805, 0.21819853782653809, 0.24185967445373535, 0.032021284103393555, 0.014994621276855469, 0.35053372383117676, 0.2678334712982178, 0.037000179290771484, 0.020027637481689453, 0.35924363136291504, 0.2781853675842285, 0.031000137329101562, 0.015509366989135742, 0.21570110321044922, 0.3485097885131836, 0.03399968147277832, 0.015020370483398438, 0.2662651538848877, 0.2810933589935303, 0.3631160259246826], 'spike_count': 0, 'zero_volume_count': np.int64(44820), 'impossible_candle_count': 0, 'consecutive_anomalies': 0, 'avg_response_time': np.float64(0.16171368062496186), 'max_response_time': np.float64(0.4241623878479004), 'min_response_time': np.float64(0.005982875823974609)}
2026-07-24 13:35:05,948 | INFO     | [CSVWriter] Writing 249 rows to data_base/csv/iq_option\EURUSD\EURUSD_M5.csv
2026-07-24 13:35:05,956 | WARNING  | [ANOMALY] Total anomalies detected: EURGBP-OTC 249
2026-07-24 13:35:05,956 | INFO     | [DataAdapter] M15 anomaly detection completed for EURGBP-OTC
2026-07-24 13:35:05,956 | INFO     | [DataAdapter] M15 data refresh completed for EURGBP-OTC
2026-07-24 13:35:05,957 | INFO     | [DataAdapter] Anomaly statistics for EURGBP-OTC: {'total_calls': 80, 'response_times': [0.013999700546264648, 0.31719064712524414, 0.2949824333190918, 0.03267955780029297, 0.16599440574645996, 0.4046361446380615, 0.3303542137145996, 0.18708395957946777, 0.012867212295532227, 0.29335784912109375, 0.21855616569519043, 0.04597282409667969, 0.016118288040161133, 0.16651606559753418, 0.17901921272277832, 0.04098248481750488, 0.027006864547729492, 0.2834603786468506, 0.20427322387695312, 0.21520233154296875, 0.006014347076416016, 0.24805641174316406, 0.2825925350189209, 0.026009082794189453, 0.03001713752746582, 0.33109354972839355, 0.26633429527282715, 0.03498196601867676, 0.013983488082885742, 0.16509389877319336, 0.203139066696167, 0.02601027488708496, 0.015662193298339844, 0.285672664642334, 0.16912531852722168, 0.031012296676635742, 0.02100062370300293, 0.19908738136291504, 0.33910560607910156, 0.4241623878479004, 0.031023502349853516, 0.12838149070739746, 0.22991466522216797, 0.025004148483276367, 0.005982875823974609, 0.15928292274475098, 0.18576288223266602, 0.024000883102416992, 0.020021677017211914, 0.2539963722229004, 0.23406672477722168, 0.027977466583251953, 0.032039642333984375, 0.23402166366577148, 0.35982704162597656, 0.031000375747680664, 0.029973506927490234, 0.21654653549194336, 0.4075918197631836, 0.32715654373168945, 0.015000104904174805, 0.21819853782653809, 0.24185967445373535, 0.032021284103393555, 0.014994621276855469, 0.35053372383117676, 0.2678334712982178, 0.037000179290771484, 0.020027637481689453, 0.35924363136291504, 0.2781853675842285, 0.031000137329101562, 0.015509366989135742, 0.21570110321044922, 0.3485097885131836, 0.03399968147277832, 0.015020370483398438, 0.2662651538848877, 0.2810933589935303, 0.3631160259246826], 'spike_count': 0, 'zero_volume_count': np.int64(44820), 'impossible_candle_count': 0, 'consecutive_anomalies': 0, 'avg_response_time': np.float64(0.16171368062496186), 'max_response_time': np.float64(0.4241623878479004), 'min_response_time': np.float64(0.005982875823974609)}
2026-07-24 13:35:05,963 | INFO     | [CSVWriter] Successfully wrote 274 rows to data_base/csv/iq_option\EURUSD\EURUSD_M5.csv
2026-07-24 13:35:05,963 | INFO     | [CSVQueue] Successfully processed write for data_base/csv/iq_option\EURUSD\EURUSD_M5.csv
2026-07-24 13:35:05,963 | INFO     | [CSVQueue] Processing write for data_base/csv/iq_option\EURUSD-OTC\EURUSD-OTC_M5.csv
2026-07-24 13:35:05,963 | INFO     | [CSVWriter] Writing 249 rows to data_base/csv/iq_option\EURUSD-OTC\EURUSD-OTC_M5.csv
2026-07-24 13:35:05,973 | INFO     | [CSVWriter] Successfully wrote 274 rows to data_base/csv/iq_option\EURUSD-OTC\EURUSD-OTC_M5.csv
2026-07-24 13:35:05,975 | INFO     | [CSVQueue] Successfully processed write for data_base/csv/iq_option\EURUSD-OTC\EURUSD-OTC_M5.csv
2026-07-24 13:35:05,975 | INFO     | [CSVQueue] Processing write for data_base/csv/iq_option\GBPUSD-OTC\GBPUSD-OTC_M5.csv
2026-07-24 13:35:05,975 | INFO     | [CSVWriter] Writing 249 rows to data_base/csv/iq_option\GBPUSD-OTC\GBPUSD-OTC_M5.csv
2026-07-24 13:35:06,030 | INFO     | [CSVWriter] Successfully wrote 274 rows to data_base/csv/iq_option\GBPUSD-OTC\GBPUSD-OTC_M5.csv
2026-07-24 13:35:06,031 | INFO     | [CSVQueue] Successfully processed write for data_base/csv/iq_option\GBPUSD-OTC\GBPUSD-OTC_M5.csv
2026-07-24 13:35:06,031 | INFO     | [CSVQueue] Processing write for data_base/csv/iq_option\EURGBP-OTC\EURGBP-OTC_M5.csv
2026-07-24 13:35:06,031 | INFO     | [CSVWriter] Writing 249 rows to data_base/csv/iq_option\EURGBP-OTC\EURGBP-OTC_M5.csv
2026-07-24 13:35:06,042 | INFO     | [CSVWriter] Successfully wrote 274 rows to data_base/csv/iq_option\EURGBP-OTC\EURGBP-OTC_M5.csv
2026-07-24 13:35:06,043 | INFO     | [CSVQueue] Successfully processed write for data_base/csv/iq_option\EURGBP-OTC\EURGBP-OTC_M5.csv
2026-07-24 13:35:06,043 | INFO     | [CSVQueue] Queue size: 0
2026-07-24 13:35:06,198 | INFO     | [EURUSD:1.13862][EURUSD-OTC:1.15335][GBPUSD-OTC:1.33222][EURGBP-OTC:0.85533] :: TOTAL=$1271.51
2026-07-24 13:36:03,464 | INFO     | [DataAdapter] Starting update for EURUSD
2026-07-24 13:36:03,464 | INFO     | [DataAdapter] Refreshing M1 data for EURUSD
2026-07-24 13:36:03,464 | INFO     | [DataAdapter] Starting update for EURUSD-OTC
2026-07-24 13:36:03,464 | INFO     | [DataAdapter] Refreshing M1 data for EURUSD-OTC
2026-07-24 13:36:03,464 | INFO     | [DataAdapter] Starting update for GBPUSD-OTC
2026-07-24 13:36:03,464 | INFO     | [DataAdapter] Refreshing M1 data for GBPUSD-OTC
2026-07-24 13:36:03,466 | INFO     | [DataAdapter] Starting update for EURGBP-OTC
2026-07-24 13:36:03,466 | INFO     | [DataAdapter] Refreshing M1 data for EURGBP-OTC
2026-07-24 13:36:03,861 | INFO     | [IQOPTION] REST fetch succeeded for EURUSD: 5 candles
2026-07-24 13:36:03,899 | INFO     | [DataAdapter] M1 anomaly detection completed for EURUSD in 0.006s
2026-07-24 13:36:03,988 | INFO     | [CSVQueue] Enqueuing write for data_base/csv/iq_option\EURUSD\EURUSD_M1.csv - Queue size: 0
2026-07-24 13:36:04,003 | INFO     | [DataAdapter] M1 data refresh completed for EURUSD
2026-07-24 13:36:04,019 | INFO     | [CSVQueue] Processing write for data_base/csv/iq_option\EURUSD\EURUSD_M1.csv
2026-07-24 13:36:04,019 | INFO     | [DataAdapter] Refreshing M5 data for EURUSD
2026-07-24 13:36:04,066 | INFO     | [CSVWriter] Writing 249 rows to data_base/csv/iq_option\EURUSD\EURUSD_M1.csv
2026-07-24 13:36:04,113 | INFO     | [IQOPTION] REST fetch succeeded for EURUSD-OTC: 5 candles
2026-07-24 13:36:04,120 | INFO     | [DataAdapter] M5 anomaly detection completed for EURUSD
2026-07-24 13:36:04,130 | ERROR    | [ANOMALY] CONSECUTIVE zero volume: EURUSD-OTC streak 248
2026-07-24 13:36:04,192 | INFO     | [DataAdapter] M5 data refresh completed for EURUSD
2026-07-24 13:36:04,288 | INFO     | [DataAdapter] Refreshing M15 data for EURUSD
2026-07-24 13:36:04,306 | INFO     | [DataAdapter] M15 anomaly detection completed for EURUSD
2026-07-24 13:36:04,306 | INFO     | [DataAdapter] M15 data refresh completed for EURUSD
2026-07-24 13:36:04,306 | INFO     | [DataAdapter] Anomaly statistics for EURUSD: {'total_calls': 81, 'response_times': [0.013999700546264648, 0.31719064712524414, 0.2949824333190918, 0.03267955780029297, 0.16599440574645996, 0.4046361446380615, 0.3303542137145996, 0.18708395957946777, 0.012867212295532227, 0.29335784912109375, 0.21855616569519043, 0.04597282409667969, 0.016118288040161133, 0.16651606559753418, 0.17901921272277832, 0.04098248481750488, 0.027006864547729492, 0.2834603786468506, 0.20427322387695312, 0.21520233154296875, 0.006014347076416016, 0.24805641174316406, 0.2825925350189209, 0.026009082794189453, 0.03001713752746582, 0.33109354972839355, 0.26633429527282715, 0.03498196601867676, 0.013983488082885742, 0.16509389877319336, 0.203139066696167, 0.02601027488708496, 0.015662193298339844, 0.285672664642334, 0.16912531852722168, 0.031012296676635742, 0.02100062370300293, 0.19908738136291504, 0.33910560607910156, 0.4241623878479004, 0.031023502349853516, 0.12838149070739746, 0.22991466522216797, 0.025004148483276367, 0.005982875823974609, 0.15928292274475098, 0.18576288223266602, 0.024000883102416992, 0.020021677017211914, 0.2539963722229004, 0.23406672477722168, 0.027977466583251953, 0.032039642333984375, 0.23402166366577148, 0.35982704162597656, 0.031000375747680664, 0.029973506927490234, 0.21654653549194336, 0.4075918197631836, 0.32715654373168945, 0.015000104904174805, 0.21819853782653809, 0.24185967445373535, 0.032021284103393555, 0.014994621276855469, 0.35053372383117676, 0.2678334712982178, 0.037000179290771484, 0.020027637481689453, 0.35924363136291504, 0.2781853675842285, 0.031000137329101562, 0.015509366989135742, 0.21570110321044922, 0.3485097885131836, 0.03399968147277832, 0.015020370483398438, 0.2662651538848877, 0.2810933589935303, 0.3631160259246826, 0.006013154983520508], 'spike_count': 0, 'zero_volume_count': np.int64(45069), 'impossible_candle_count': 0, 'consecutive_anomalies': 0, 'avg_response_time': np.float64(0.15979145191333913), 'max_response_time': np.float64(0.4241623878479004), 'min_response_time': np.float64(0.005982875823974609)}
2026-07-24 13:36:04,415 | INFO     | [IQOPTION] REST fetch succeeded for GBPUSD-OTC: 5 candles
2026-07-24 13:36:04,435 | WARNING  | [ANOMALY] Total anomalies detected: EURUSD-OTC 249
2026-07-24 13:36:04,436 | INFO     | [DataAdapter] M1 anomaly detection completed for EURUSD-OTC in 0.309s
2026-07-24 13:36:04,464 | ERROR    | [ANOMALY] CONSECUTIVE zero volume: GBPUSD-OTC streak 248
2026-07-24 13:36:04,508 | INFO     | [CSVQueue] Enqueuing write for data_base/csv/iq_option\EURUSD-OTC\EURUSD-OTC_M1.csv - Queue size: 0
2026-07-24 13:36:04,524 | INFO     | [DataAdapter] M1 data refresh completed for EURUSD-OTC
2026-07-24 13:36:04,524 | INFO     | [DataAdapter] Refreshing M5 data for EURUSD-OTC
2026-07-24 13:36:04,527 | ERROR    | [ANOMALY] CONSECUTIVE zero volume: EURUSD-OTC streak 248
2026-07-24 13:36:04,669 | WARNING  | [ANOMALY] Total anomalies detected: EURUSD-OTC 249
2026-07-24 13:36:04,682 | INFO     | [DataAdapter] M5 anomaly detection completed for EURUSD-OTC
2026-07-24 13:36:04,682 | INFO     | [DataAdapter] M5 data refresh completed for EURUSD-OTC
2026-07-24 13:36:04,682 | INFO     | [DataAdapter] Refreshing M15 data for EURUSD-OTC
2026-07-24 13:36:04,686 | ERROR    | [ANOMALY] CONSECUTIVE zero volume: EURUSD-OTC streak 248
2026-07-24 13:36:04,716 | WARNING  | [ANOMALY] Total anomalies detected: GBPUSD-OTC 249
2026-07-24 13:36:04,730 | INFO     | [DataAdapter] M1 anomaly detection completed for GBPUSD-OTC in 0.290s
2026-07-24 13:36:04,731 | INFO     | [CSVWriter] Successfully wrote 374 rows to data_base/csv/iq_option\EURUSD\EURUSD_M1.csv
2026-07-24 13:36:04,793 | INFO     | [CSVQueue] Successfully processed write for data_base/csv/iq_option\EURUSD\EURUSD_M1.csv
2026-07-24 13:36:04,793 | INFO     | [CSVQueue] Processing write for data_base/csv/iq_option\EURUSD-OTC\EURUSD-OTC_M1.csv
2026-07-24 13:36:04,809 | INFO     | [CSVWriter] Writing 249 rows to data_base/csv/iq_option\EURUSD-OTC\EURUSD-OTC_M1.csv
2026-07-24 13:36:04,812 | INFO     | [IQOPTION] REST fetch succeeded for EURGBP-OTC: 5 candles
2026-07-24 13:36:04,814 | INFO     | [CSVQueue] Enqueuing write for data_base/csv/iq_option\GBPUSD-OTC\GBPUSD-OTC_M1.csv - Queue size: 0
2026-07-24 13:36:04,823 | ERROR    | [ANOMALY] CONSECUTIVE zero volume: EURGBP-OTC streak 248
2026-07-24 13:36:04,824 | INFO     | [DataAdapter] M1 data refresh completed for GBPUSD-OTC
2026-07-24 13:36:04,825 | INFO     | [DataAdapter] Refreshing M5 data for GBPUSD-OTC
2026-07-24 13:36:04,829 | ERROR    | [ANOMALY] CONSECUTIVE zero volume: GBPUSD-OTC streak 248
2026-07-24 13:36:04,832 | WARNING  | [ANOMALY] Total anomalies detected: EURUSD-OTC 249
2026-07-24 13:36:04,836 | INFO     | [DataAdapter] M15 anomaly detection completed for EURUSD-OTC
2026-07-24 13:36:04,837 | INFO     | [DataAdapter] M15 data refresh completed for EURUSD-OTC
2026-07-24 13:36:04,842 | WARNING  | [ANOMALY] Total anomalies detected: EURGBP-OTC 249
2026-07-24 13:36:04,843 | INFO     | [DataAdapter] Anomaly statistics for EURUSD-OTC: {'total_calls': 83, 'response_times': [0.013999700546264648, 0.31719064712524414, 0.2949824333190918, 0.03267955780029297, 0.16599440574645996, 0.4046361446380615, 0.3303542137145996, 0.18708395957946777, 0.012867212295532227, 0.29335784912109375, 0.21855616569519043, 0.04597282409667969, 0.016118288040161133, 0.16651606559753418, 0.17901921272277832, 0.04098248481750488, 0.027006864547729492, 0.2834603786468506, 0.20427322387695312, 0.21520233154296875, 0.006014347076416016, 0.24805641174316406, 0.2825925350189209, 0.026009082794189453, 0.03001713752746582, 0.33109354972839355, 0.26633429527282715, 0.03498196601867676, 0.013983488082885742, 0.16509389877319336, 0.203139066696167, 0.02601027488708496, 0.015662193298339844, 0.285672664642334, 0.16912531852722168, 0.031012296676635742, 0.02100062370300293, 0.19908738136291504, 0.33910560607910156, 0.4241623878479004, 0.031023502349853516, 0.12838149070739746, 0.22991466522216797, 0.025004148483276367, 0.005982875823974609, 0.15928292274475098, 0.18576288223266602, 0.024000883102416992, 0.020021677017211914, 0.2539963722229004, 0.23406672477722168, 0.027977466583251953, 0.032039642333984375, 0.23402166366577148, 0.35982704162597656, 0.031000375747680664, 0.029973506927490234, 0.21654653549194336, 0.4075918197631836, 0.32715654373168945, 0.015000104904174805, 0.21819853782653809, 0.24185967445373535, 0.032021284103393555, 0.014994621276855469, 0.35053372383117676, 0.2678334712982178, 0.037000179290771484, 0.020027637481689453, 0.35924363136291504, 0.2781853675842285, 0.031000137329101562, 0.015509366989135742, 0.21570110321044922, 0.3485097885131836, 0.03399968147277832, 0.015020370483398438, 0.2662651538848877, 0.2810933589935303, 0.3631160259246826, 0.006013154983520508, 0.3089568614959717, 0.2898275852203369], 'spike_count': 0, 'zero_volume_count': np.int64(46314), 'impossible_candle_count': 0, 'consecutive_anomalies': 0, 'avg_response_time': np.float64(0.16315532592405757), 'max_response_time': np.float64(0.4241623878479004), 'min_response_time': np.float64(0.005982875823974609)}
2026-07-24 13:36:04,845 | INFO     | [DataAdapter] M1 anomaly detection completed for EURGBP-OTC in 0.025s
2026-07-24 13:36:04,854 | WARNING  | [ANOMALY] Total anomalies detected: GBPUSD-OTC 249
2026-07-24 13:36:04,854 | INFO     | [CSVWriter] Successfully wrote 373 rows to data_base/csv/iq_option\EURUSD-OTC\EURUSD-OTC_M1.csv
2026-07-24 13:36:04,854 | INFO     | [DataAdapter] M5 anomaly detection completed for GBPUSD-OTC
2026-07-24 13:36:04,854 | INFO     | [CSVQueue] Successfully processed write for data_base/csv/iq_option\EURUSD-OTC\EURUSD-OTC_M1.csv
2026-07-24 13:36:04,854 | INFO     | [DataAdapter] M5 data refresh completed for GBPUSD-OTC
2026-07-24 13:36:04,854 | INFO     | [CSVQueue] Processing write for data_base/csv/iq_option\GBPUSD-OTC\GBPUSD-OTC_M1.csv
2026-07-24 13:36:04,855 | INFO     | [CSVQueue] Enqueuing write for data_base/csv/iq_option\EURGBP-OTC\EURGBP-OTC_M1.csv - Queue size: 0
2026-07-24 13:36:04,855 | INFO     | [DataAdapter] Refreshing M15 data for GBPUSD-OTC
2026-07-24 13:36:04,855 | INFO     | [CSVWriter] Writing 249 rows to data_base/csv/iq_option\GBPUSD-OTC\GBPUSD-OTC_M1.csv
2026-07-24 13:36:04,855 | INFO     | [DataAdapter] M1 data refresh completed for EURGBP-OTC
2026-07-24 13:36:04,859 | ERROR    | [ANOMALY] CONSECUTIVE zero volume: GBPUSD-OTC streak 248
2026-07-24 13:36:04,861 | INFO     | [DataAdapter] Refreshing M5 data for EURGBP-OTC
2026-07-24 13:36:04,866 | ERROR    | [ANOMALY] CONSECUTIVE zero volume: EURGBP-OTC streak 248
2026-07-24 13:36:04,875 | WARNING  | [ANOMALY] Total anomalies detected: GBPUSD-OTC 249
2026-07-24 13:36:04,876 | INFO     | [DataAdapter] M15 anomaly detection completed for GBPUSD-OTC
2026-07-24 13:36:04,877 | INFO     | [DataAdapter] M15 data refresh completed for GBPUSD-OTC
2026-07-24 13:36:04,878 | INFO     | [DataAdapter] Anomaly statistics for GBPUSD-OTC: {'total_calls': 84, 'response_times': [0.013999700546264648, 0.31719064712524414, 0.2949824333190918, 0.03267955780029297, 0.16599440574645996, 0.4046361446380615, 0.3303542137145996, 0.18708395957946777, 0.012867212295532227, 0.29335784912109375, 0.21855616569519043, 0.04597282409667969, 0.016118288040161133, 0.16651606559753418, 0.17901921272277832, 0.04098248481750488, 0.027006864547729492, 0.2834603786468506, 0.20427322387695312, 0.21520233154296875, 0.006014347076416016, 0.24805641174316406, 0.2825925350189209, 0.026009082794189453, 0.03001713752746582, 0.33109354972839355, 0.26633429527282715, 0.03498196601867676, 0.013983488082885742, 0.16509389877319336, 0.203139066696167, 0.02601027488708496, 0.015662193298339844, 0.285672664642334, 0.16912531852722168, 0.031012296676635742, 0.02100062370300293, 0.19908738136291504, 0.33910560607910156, 0.4241623878479004, 0.031023502349853516, 0.12838149070739746, 0.22991466522216797, 0.025004148483276367, 0.005982875823974609, 0.15928292274475098, 0.18576288223266602, 0.024000883102416992, 0.020021677017211914, 0.2539963722229004, 0.23406672477722168, 0.027977466583251953, 0.032039642333984375, 0.23402166366577148, 0.35982704162597656, 0.031000375747680664, 0.029973506927490234, 0.21654653549194336, 0.4075918197631836, 0.32715654373168945, 0.015000104904174805, 0.21819853782653809, 0.24185967445373535, 0.032021284103393555, 0.014994621276855469, 0.35053372383117676, 0.2678334712982178, 0.037000179290771484, 0.020027637481689453, 0.35924363136291504, 0.2781853675842285, 0.031000137329101562, 0.015509366989135742, 0.21570110321044922, 0.3485097885131836, 0.03399968147277832, 0.015020370483398438, 0.2662651538848877, 0.2810933589935303, 0.3631160259246826, 0.006013154983520508, 0.3089568614959717, 0.2898275852203369, 0.02498316764831543], 'spike_count': 0, 'zero_volume_count': np.int64(46812), 'impossible_candle_count': 0, 'consecutive_anomalies': 0, 'avg_response_time': np.float64(0.16151041927791776), 'max_response_time': np.float64(0.4241623878479004), 'min_response_time': np.float64(0.005982875823974609)}
2026-07-24 13:36:04,884 | WARNING  | [ANOMALY] Total anomalies detected: EURGBP-OTC 249
2026-07-24 13:36:04,884 | INFO     | [DataAdapter] M5 anomaly detection completed for EURGBP-OTC
2026-07-24 13:36:04,884 | INFO     | [DataAdapter] M5 data refresh completed for EURGBP-OTC
2026-07-24 13:36:04,884 | INFO     | [DataAdapter] Refreshing M15 data for EURGBP-OTC
2026-07-24 13:36:04,888 | ERROR    | [ANOMALY] CONSECUTIVE zero volume: EURGBP-OTC streak 248
2026-07-24 13:36:04,891 | INFO     | [CSVWriter] Successfully wrote 373 rows to data_base/csv/iq_option\GBPUSD-OTC\GBPUSD-OTC_M1.csv
2026-07-24 13:36:04,891 | INFO     | [CSVQueue] Successfully processed write for data_base/csv/iq_option\GBPUSD-OTC\GBPUSD-OTC_M1.csv
2026-07-24 13:36:04,892 | INFO     | [CSVQueue] Processing write for data_base/csv/iq_option\EURGBP-OTC\EURGBP-OTC_M1.csv
2026-07-24 13:36:04,892 | INFO     | [CSVWriter] Writing 249 rows to data_base/csv/iq_option\EURGBP-OTC\EURGBP-OTC_M1.csv
2026-07-24 13:36:04,897 | WARNING  | [ANOMALY] Total anomalies detected: EURGBP-OTC 249
2026-07-24 13:36:04,897 | INFO     | [DataAdapter] M15 anomaly detection completed for EURGBP-OTC
2026-07-24 13:36:04,898 | INFO     | [DataAdapter] M15 data refresh completed for EURGBP-OTC
2026-07-24 13:36:04,898 | INFO     | [DataAdapter] Anomaly statistics for EURGBP-OTC: {'total_calls': 84, 'response_times': [0.013999700546264648, 0.31719064712524414, 0.2949824333190918, 0.03267955780029297, 0.16599440574645996, 0.4046361446380615, 0.3303542137145996, 0.18708395957946777, 0.012867212295532227, 0.29335784912109375, 0.21855616569519043, 0.04597282409667969, 0.016118288040161133, 0.16651606559753418, 0.17901921272277832, 0.04098248481750488, 0.027006864547729492, 0.2834603786468506, 0.20427322387695312, 0.21520233154296875, 0.006014347076416016, 0.24805641174316406, 0.2825925350189209, 0.026009082794189453, 0.03001713752746582, 0.33109354972839355, 0.26633429527282715, 0.03498196601867676, 0.013983488082885742, 0.16509389877319336, 0.203139066696167, 0.02601027488708496, 0.015662193298339844, 0.285672664642334, 0.16912531852722168, 0.031012296676635742, 0.02100062370300293, 0.19908738136291504, 0.33910560607910156, 0.4241623878479004, 0.031023502349853516, 0.12838149070739746, 0.22991466522216797, 0.025004148483276367, 0.005982875823974609, 0.15928292274475098, 0.18576288223266602, 0.024000883102416992, 0.020021677017211914, 0.2539963722229004, 0.23406672477722168, 0.027977466583251953, 0.032039642333984375, 0.23402166366577148, 0.35982704162597656, 0.031000375747680664, 0.029973506927490234, 0.21654653549194336, 0.4075918197631836, 0.32715654373168945, 0.015000104904174805, 0.21819853782653809, 0.24185967445373535, 0.032021284103393555, 0.014994621276855469, 0.35053372383117676, 0.2678334712982178, 0.037000179290771484, 0.020027637481689453, 0.35924363136291504, 0.2781853675842285, 0.031000137329101562, 0.015509366989135742, 0.21570110321044922, 0.3485097885131836, 0.03399968147277832, 0.015020370483398438, 0.2662651538848877, 0.2810933589935303, 0.3631160259246826, 0.006013154983520508, 0.3089568614959717, 0.2898275852203369, 0.02498316764831543], 'spike_count': 0, 'zero_volume_count': np.int64(47061), 'impossible_candle_count': 0, 'consecutive_anomalies': 0, 'avg_response_time': np.float64(0.16151041927791776), 'max_response_time': np.float64(0.4241623878479004), 'min_response_time': np.float64(0.005982875823974609)}
2026-07-24 13:36:04,905 | INFO     | [CSVWriter] Successfully wrote 373 rows to data_base/csv/iq_option\EURGBP-OTC\EURGBP-OTC_M1.csv
2026-07-24 13:36:04,907 | INFO     | [CSVQueue] Successfully processed write for data_base/csv/iq_option\EURGBP-OTC\EURGBP-OTC_M1.csv
2026-07-24 13:36:04,907 | INFO     | [CSVQueue] Queue size: 0
2026-07-24 13:36:05,115 | INFO     | [EURUSD:1.13858][EURUSD-OTC:1.15247][GBPUSD-OTC:1.33271][EURGBP-OTC:0.85511] :: TOTAL=$1271.51
2026-07-24 13:37:03,370 | INFO     | [DataAdapter] Starting update for EURUSD
2026-07-24 13:37:03,371 | INFO     | [DataAdapter] Refreshing M1 data for EURUSD
2026-07-24 13:37:03,371 | INFO     | [DataAdapter] Starting update for EURUSD-OTC
2026-07-24 13:37:03,371 | INFO     | [DataAdapter] Refreshing M1 data for EURUSD-OTC
2026-07-24 13:37:03,371 | INFO     | [DataAdapter] Starting update for GBPUSD-OTC
2026-07-24 13:37:03,371 | INFO     | [DataAdapter] Refreshing M1 data for GBPUSD-OTC
2026-07-24 13:37:03,372 | INFO     | [DataAdapter] Starting update for EURGBP-OTC
2026-07-24 13:37:03,372 | INFO     | [DataAdapter] Refreshing M1 data for EURGBP-OTC
2026-07-24 13:37:03,669 | INFO     | [IQOPTION] REST fetch succeeded for EURUSD: 5 candles
2026-07-24 13:37:03,690 | INFO     | [DataAdapter] M1 anomaly detection completed for EURUSD in 0.014s
2026-07-24 13:37:03,796 | INFO     | [CSVQueue] Enqueuing write for data_base/csv/iq_option\EURUSD\EURUSD_M1.csv - Queue size: 0
2026-07-24 13:37:03,828 | INFO     | [DataAdapter] M1 data refresh completed for EURUSD
2026-07-24 13:37:03,844 | INFO     | [CSVQueue] Processing write for data_base/csv/iq_option\EURUSD\EURUSD_M1.csv
2026-07-24 13:37:03,844 | INFO     | [DataAdapter] Refreshing M5 data for EURUSD
2026-07-24 13:37:03,892 | INFO     | [CSVWriter] Writing 249 rows to data_base/csv/iq_option\EURUSD\EURUSD_M1.csv
2026-07-24 13:37:03,907 | INFO     | [IQOPTION] REST fetch succeeded for EURUSD-OTC: 5 candles
2026-07-24 13:37:03,914 | INFO     | [DataAdapter] M5 anomaly detection completed for EURUSD
2026-07-24 13:37:03,974 | INFO     | [DataAdapter] M5 data refresh completed for EURUSD
2026-07-24 13:37:03,974 | INFO     | [DataAdapter] Refreshing M15 data for EURUSD
2026-07-24 13:37:03,980 | INFO     | [DataAdapter] M15 anomaly detection completed for EURUSD
2026-07-24 13:37:03,980 | INFO     | [DataAdapter] M15 data refresh completed for EURUSD
2026-07-24 13:37:03,981 | INFO     | [DataAdapter] Anomaly statistics for EURUSD: {'total_calls': 85, 'response_times': [0.013999700546264648, 0.31719064712524414, 0.2949824333190918, 0.03267955780029297, 0.16599440574645996, 0.4046361446380615, 0.3303542137145996, 0.18708395957946777, 0.012867212295532227, 0.29335784912109375, 0.21855616569519043, 0.04597282409667969, 0.016118288040161133, 0.16651606559753418, 0.17901921272277832, 0.04098248481750488, 0.027006864547729492, 0.2834603786468506, 0.20427322387695312, 0.21520233154296875, 0.006014347076416016, 0.24805641174316406, 0.2825925350189209, 0.026009082794189453, 0.03001713752746582, 0.33109354972839355, 0.26633429527282715, 0.03498196601867676, 0.013983488082885742, 0.16509389877319336, 0.203139066696167, 0.02601027488708496, 0.015662193298339844, 0.285672664642334, 0.16912531852722168, 0.031012296676635742, 0.02100062370300293, 0.19908738136291504, 0.33910560607910156, 0.4241623878479004, 0.031023502349853516, 0.12838149070739746, 0.22991466522216797, 0.025004148483276367, 0.005982875823974609, 0.15928292274475098, 0.18576288223266602, 0.024000883102416992, 0.020021677017211914, 0.2539963722229004, 0.23406672477722168, 0.027977466583251953, 0.032039642333984375, 0.23402166366577148, 0.35982704162597656, 0.031000375747680664, 0.029973506927490234, 0.21654653549194336, 0.4075918197631836, 0.32715654373168945, 0.015000104904174805, 0.21819853782653809, 0.24185967445373535, 0.032021284103393555, 0.014994621276855469, 0.35053372383117676, 0.2678334712982178, 0.037000179290771484, 0.020027637481689453, 0.35924363136291504, 0.2781853675842285, 0.031000137329101562, 0.015509366989135742, 0.21570110321044922, 0.3485097885131836, 0.03399968147277832, 0.015020370483398438, 0.2662651538848877, 0.2810933589935303, 0.3631160259246826, 0.006013154983520508, 0.3089568614959717, 0.2898275852203369, 0.02498316764831543, 0.014000892639160156], 'spike_count': 0, 'zero_volume_count': np.int64(47061), 'impossible_candle_count': 0, 'consecutive_anomalies': 0, 'avg_response_time': np.float64(0.15977501308216768), 'max_response_time': np.float64(0.4241623878479004), 'min_response_time': np.float64(0.005982875823974609)}
2026-07-24 13:37:04,019 | ERROR    | [ANOMALY] CONSECUTIVE zero volume: EURUSD-OTC streak 248
2026-07-24 13:37:04,176 | INFO     | [IQOPTION] REST fetch succeeded for GBPUSD-OTC: 5 candles
2026-07-24 13:37:04,195 | WARNING  | [ANOMALY] Total anomalies detected: EURUSD-OTC 249
2026-07-24 13:37:04,208 | INFO     | [DataAdapter] M1 anomaly detection completed for EURUSD-OTC in 0.205s
2026-07-24 13:37:04,228 | ERROR    | [ANOMALY] CONSECUTIVE zero volume: GBPUSD-OTC streak 248
2026-07-24 13:37:04,303 | INFO     | [CSVQueue] Enqueuing write for data_base/csv/iq_option\EURUSD-OTC\EURUSD-OTC_M1.csv - Queue size: 0
2026-07-24 13:37:04,335 | INFO     | [DataAdapter] M1 data refresh completed for EURUSD-OTC
2026-07-24 13:37:04,382 | INFO     | [DataAdapter] Refreshing M5 data for EURUSD-OTC
2026-07-24 13:37:04,398 | INFO     | [CSVWriter] Successfully wrote 375 rows to data_base/csv/iq_option\EURUSD\EURUSD_M1.csv
2026-07-24 13:37:04,402 | ERROR    | [ANOMALY] CONSECUTIVE zero volume: EURUSD-OTC streak 248
2026-07-24 13:37:04,446 | INFO     | [CSVQueue] Successfully processed write for data_base/csv/iq_option\EURUSD\EURUSD_M1.csv
2026-07-24 13:37:04,498 | WARNING  | [ANOMALY] Total anomalies detected: GBPUSD-OTC 249
2026-07-24 13:37:04,499 | INFO     | [IQOPTION] REST fetch succeeded for EURGBP-OTC: 5 candles
2026-07-24 13:37:04,499 | INFO     | [CSVQueue] Processing write for data_base/csv/iq_option\EURUSD-OTC\EURUSD-OTC_M1.csv
2026-07-24 13:37:04,499 | INFO     | [DataAdapter] M1 anomaly detection completed for GBPUSD-OTC in 0.288s
2026-07-24 13:37:04,506 | INFO     | [CSVWriter] Writing 249 rows to data_base/csv/iq_option\EURUSD-OTC\EURUSD-OTC_M1.csv
2026-07-24 13:37:04,513 | ERROR    | [ANOMALY] CONSECUTIVE zero volume: EURGBP-OTC streak 248
2026-07-24 13:37:04,516 | INFO     | [CSVQueue] Enqueuing write for data_base/csv/iq_option\GBPUSD-OTC\GBPUSD-OTC_M1.csv - Queue size: 0
2026-07-24 13:37:04,517 | INFO     | [DataAdapter] M1 data refresh completed for GBPUSD-OTC
2026-07-24 13:37:04,519 | INFO     | [DataAdapter] Refreshing M5 data for GBPUSD-OTC
2026-07-24 13:37:04,524 | WARNING  | [ANOMALY] Total anomalies detected: EURUSD-OTC 249
2026-07-24 13:37:04,526 | ERROR    | [ANOMALY] CONSECUTIVE zero volume: GBPUSD-OTC streak 248
2026-07-24 13:37:04,526 | INFO     | [DataAdapter] M5 anomaly detection completed for EURUSD-OTC
2026-07-24 13:37:04,527 | INFO     | [DataAdapter] M5 data refresh completed for EURUSD-OTC
2026-07-24 13:37:04,527 | INFO     | [DataAdapter] Refreshing M15 data for EURUSD-OTC
2026-07-24 13:37:04,532 | ERROR    | [ANOMALY] CONSECUTIVE zero volume: EURUSD-OTC streak 248
2026-07-24 13:37:04,536 | WARNING  | [ANOMALY] Total anomalies detected: EURGBP-OTC 249
2026-07-24 13:37:04,536 | INFO     | [DataAdapter] M1 anomaly detection completed for EURGBP-OTC in 0.031s
2026-07-24 13:37:04,542 | INFO     | [CSVQueue] Enqueuing write for data_base/csv/iq_option\EURGBP-OTC\EURGBP-OTC_M1.csv - Queue size: 1
2026-07-24 13:37:04,545 | INFO     | [DataAdapter] M1 data refresh completed for EURGBP-OTC
2026-07-24 13:37:04,546 | INFO     | [DataAdapter] Refreshing M5 data for EURGBP-OTC
2026-07-24 13:37:04,551 | ERROR    | [ANOMALY] CONSECUTIVE zero volume: EURGBP-OTC streak 248
2026-07-24 13:37:04,555 | WARNING  | [ANOMALY] Total anomalies detected: GBPUSD-OTC 249
2026-07-24 13:37:04,556 | INFO     | [DataAdapter] M5 anomaly detection completed for GBPUSD-OTC
2026-07-24 13:37:04,556 | INFO     | [DataAdapter] M5 data refresh completed for GBPUSD-OTC
2026-07-24 13:37:04,556 | INFO     | [DataAdapter] Refreshing M15 data for GBPUSD-OTC
2026-07-24 13:37:04,559 | WARNING  | [ANOMALY] Total anomalies detected: EURUSD-OTC 249
2026-07-24 13:37:04,563 | ERROR    | [ANOMALY] CONSECUTIVE zero volume: GBPUSD-OTC streak 248
2026-07-24 13:37:04,563 | INFO     | [DataAdapter] M15 anomaly detection completed for EURUSD-OTC
2026-07-24 13:37:04,567 | INFO     | [DataAdapter] M15 data refresh completed for EURUSD-OTC
2026-07-24 13:37:04,568 | INFO     | [DataAdapter] Anomaly statistics for EURUSD-OTC: {'total_calls': 88, 'response_times': [0.013999700546264648, 0.31719064712524414, 0.2949824333190918, 0.03267955780029297, 0.16599440574645996, 0.4046361446380615, 0.3303542137145996, 0.18708395957946777, 0.012867212295532227, 0.29335784912109375, 0.21855616569519043, 0.04597282409667969, 0.016118288040161133, 0.16651606559753418, 0.17901921272277832, 0.04098248481750488, 0.027006864547729492, 0.2834603786468506, 0.20427322387695312, 0.21520233154296875, 0.006014347076416016, 0.24805641174316406, 0.2825925350189209, 0.026009082794189453, 0.03001713752746582, 0.33109354972839355, 0.26633429527282715, 0.03498196601867676, 0.013983488082885742, 0.16509389877319336, 0.203139066696167, 0.02601027488708496, 0.015662193298339844, 0.285672664642334, 0.16912531852722168, 0.031012296676635742, 0.02100062370300293, 0.19908738136291504, 0.33910560607910156, 0.4241623878479004, 0.031023502349853516, 0.12838149070739746, 0.22991466522216797, 0.025004148483276367, 0.005982875823974609, 0.15928292274475098, 0.18576288223266602, 0.024000883102416992, 0.020021677017211914, 0.2539963722229004, 0.23406672477722168, 0.027977466583251953, 0.032039642333984375, 0.23402166366577148, 0.35982704162597656, 0.031000375747680664, 0.029973506927490234, 0.21654653549194336, 0.4075918197631836, 0.32715654373168945, 0.015000104904174805, 0.21819853782653809, 0.24185967445373535, 0.032021284103393555, 0.014994621276855469, 0.35053372383117676, 0.2678334712982178, 0.037000179290771484, 0.020027637481689453, 0.35924363136291504, 0.2781853675842285, 0.031000137329101562, 0.015509366989135742, 0.21570110321044922, 0.3485097885131836, 0.03399968147277832, 0.015020370483398438, 0.2662651538848877, 0.2810933589935303, 0.3631160259246826, 0.006013154983520508, 0.3089568614959717, 0.2898275852203369, 0.02498316764831543, 0.014000892639160156, 0.2052288055419922, 0.28769516944885254, 0.030613422393798828], 'spike_count': 0, 'zero_volume_count': np.int64(49053), 'impossible_candle_count': 0, 'consecutive_anomalies': 0, 'avg_response_time': np.float64(0.16027742624282837), 'max_response_time': np.float64(0.4241623878479004), 'min_response_time': np.float64(0.005982875823974609)}
2026-07-24 13:37:04,568 | INFO     | [CSVWriter] Successfully wrote 374 rows to data_base/csv/iq_option\EURUSD-OTC\EURUSD-OTC_M1.csv
2026-07-24 13:37:04,569 | INFO     | [CSVQueue] Successfully processed write for data_base/csv/iq_option\EURUSD-OTC\EURUSD-OTC_M1.csv
2026-07-24 13:37:04,569 | INFO     | [CSVQueue] Processing write for data_base/csv/iq_option\GBPUSD-OTC\GBPUSD-OTC_M1.csv
2026-07-24 13:37:04,569 | INFO     | [CSVWriter] Writing 249 rows to data_base/csv/iq_option\GBPUSD-OTC\GBPUSD-OTC_M1.csv
2026-07-24 13:37:04,572 | WARNING  | [ANOMALY] Total anomalies detected: EURGBP-OTC 249
2026-07-24 13:37:04,573 | INFO     | [DataAdapter] M5 anomaly detection completed for EURGBP-OTC
2026-07-24 13:37:04,577 | INFO     | [DataAdapter] M5 data refresh completed for EURGBP-OTC
2026-07-24 13:37:04,577 | INFO     | [DataAdapter] Refreshing M15 data for EURGBP-OTC
2026-07-24 13:37:04,580 | ERROR    | [ANOMALY] CONSECUTIVE zero volume: EURGBP-OTC streak 248
2026-07-24 13:37:04,587 | WARNING  | [ANOMALY] Total anomalies detected: GBPUSD-OTC 249
2026-07-24 13:37:04,588 | INFO     | [DataAdapter] M15 anomaly detection completed for GBPUSD-OTC
2026-07-24 13:37:04,588 | INFO     | [DataAdapter] M15 data refresh completed for GBPUSD-OTC
2026-07-24 13:37:04,588 | INFO     | [DataAdapter] Anomaly statistics for GBPUSD-OTC: {'total_calls': 88, 'response_times': [0.013999700546264648, 0.31719064712524414, 0.2949824333190918, 0.03267955780029297, 0.16599440574645996, 0.4046361446380615, 0.3303542137145996, 0.18708395957946777, 0.012867212295532227, 0.29335784912109375, 0.21855616569519043, 0.04597282409667969, 0.016118288040161133, 0.16651606559753418, 0.17901921272277832, 0.04098248481750488, 0.027006864547729492, 0.2834603786468506, 0.20427322387695312, 0.21520233154296875, 0.006014347076416016, 0.24805641174316406, 0.2825925350189209, 0.026009082794189453, 0.03001713752746582, 0.33109354972839355, 0.26633429527282715, 0.03498196601867676, 0.013983488082885742, 0.16509389877319336, 0.203139066696167, 0.02601027488708496, 0.015662193298339844, 0.285672664642334, 0.16912531852722168, 0.031012296676635742, 0.02100062370300293, 0.19908738136291504, 0.33910560607910156, 0.4241623878479004, 0.031023502349853516, 0.12838149070739746, 0.22991466522216797, 0.025004148483276367, 0.005982875823974609, 0.15928292274475098, 0.18576288223266602, 0.024000883102416992, 0.020021677017211914, 0.2539963722229004, 0.23406672477722168, 0.027977466583251953, 0.032039642333984375, 0.23402166366577148, 0.35982704162597656, 0.031000375747680664, 0.029973506927490234, 0.21654653549194336, 0.4075918197631836, 0.32715654373168945, 0.015000104904174805, 0.21819853782653809, 0.24185967445373535, 0.032021284103393555, 0.014994621276855469, 0.35053372383117676, 0.2678334712982178, 0.037000179290771484, 0.020027637481689453, 0.35924363136291504, 0.2781853675842285, 0.031000137329101562, 0.015509366989135742, 0.21570110321044922, 0.3485097885131836, 0.03399968147277832, 0.015020370483398438, 0.2662651538848877, 0.2810933589935303, 0.3631160259246826, 0.006013154983520508, 0.3089568614959717, 0.2898275852203369, 0.02498316764831543, 0.014000892639160156, 0.2052288055419922, 0.28769516944885254, 0.030613422393798828], 'spike_count': 0, 'zero_volume_count': np.int64(49302), 'impossible_candle_count': 0, 'consecutive_anomalies': 0, 'avg_response_time': np.float64(0.16027742624282837), 'max_response_time': np.float64(0.4241623878479004), 'min_response_time': np.float64(0.005982875823974609)}
2026-07-24 13:37:04,595 | WARNING  | [ANOMALY] Total anomalies detected: EURGBP-OTC 249
2026-07-24 13:37:04,595 | INFO     | [DataAdapter] M15 anomaly detection completed for EURGBP-OTC
2026-07-24 13:37:04,595 | INFO     | [DataAdapter] M15 data refresh completed for EURGBP-OTC
2026-07-24 13:37:04,595 | INFO     | [DataAdapter] Anomaly statistics for EURGBP-OTC: {'total_calls': 88, 'response_times': [0.013999700546264648, 0.31719064712524414, 0.2949824333190918, 0.03267955780029297, 0.16599440574645996, 0.4046361446380615, 0.3303542137145996, 0.18708395957946777, 0.012867212295532227, 0.29335784912109375, 0.21855616569519043, 0.04597282409667969, 0.016118288040161133, 0.16651606559753418, 0.17901921272277832, 0.04098248481750488, 0.027006864547729492, 0.2834603786468506, 0.20427322387695312, 0.21520233154296875, 0.006014347076416016, 0.24805641174316406, 0.2825925350189209, 0.026009082794189453, 0.03001713752746582, 0.33109354972839355, 0.26633429527282715, 0.03498196601867676, 0.013983488082885742, 0.16509389877319336, 0.203139066696167, 0.02601027488708496, 0.015662193298339844, 0.285672664642334, 0.16912531852722168, 0.031012296676635742, 0.02100062370300293, 0.19908738136291504, 0.33910560607910156, 0.4241623878479004, 0.031023502349853516, 0.12838149070739746, 0.22991466522216797, 0.025004148483276367, 0.005982875823974609, 0.15928292274475098, 0.18576288223266602, 0.024000883102416992, 0.020021677017211914, 0.2539963722229004, 0.23406672477722168, 0.027977466583251953, 0.032039642333984375, 0.23402166366577148, 0.35982704162597656, 0.031000375747680664, 0.029973506927490234, 0.21654653549194336, 0.4075918197631836, 0.32715654373168945, 0.015000104904174805, 0.21819853782653809, 0.24185967445373535, 0.032021284103393555, 0.014994621276855469, 0.35053372383117676, 0.2678334712982178, 0.037000179290771484, 0.020027637481689453, 0.35924363136291504, 0.2781853675842285, 0.031000137329101562, 0.015509366989135742, 0.21570110321044922, 0.3485097885131836, 0.03399968147277832, 0.015020370483398438, 0.2662651538848877, 0.2810933589935303, 0.3631160259246826, 0.006013154983520508, 0.3089568614959717, 0.2898275852203369, 0.02498316764831543, 0.014000892639160156, 0.2052288055419922, 0.28769516944885254, 0.030613422393798828], 'spike_count': 0, 'zero_volume_count': np.int64(49302), 'impossible_candle_count': 0, 'consecutive_anomalies': 0, 'avg_response_time': np.float64(0.16027742624282837), 'max_response_time': np.float64(0.4241623878479004), 'min_response_time': np.float64(0.005982875823974609)}
2026-07-24 13:37:04,599 | INFO     | [CSVWriter] Successfully wrote 374 rows to data_base/csv/iq_option\GBPUSD-OTC\GBPUSD-OTC_M1.csv
2026-07-24 13:37:04,600 | INFO     | [CSVQueue] Successfully processed write for data_base/csv/iq_option\GBPUSD-OTC\GBPUSD-OTC_M1.csv
2026-07-24 13:37:04,600 | INFO     | [CSVQueue] Processing write for data_base/csv/iq_option\EURGBP-OTC\EURGBP-OTC_M1.csv
2026-07-24 13:37:04,600 | INFO     | [CSVWriter] Writing 249 rows to data_base/csv/iq_option\EURGBP-OTC\EURGBP-OTC_M1.csv
2026-07-24 13:37:04,620 | INFO     | [CSVWriter] Successfully wrote 374 rows to data_base/csv/iq_option\EURGBP-OTC\EURGBP-OTC_M1.csv
2026-07-24 13:37:04,622 | INFO     | [CSVQueue] Successfully processed write for data_base/csv/iq_option\EURGBP-OTC\EURGBP-OTC_M1.csv
2026-07-24 13:37:04,624 | INFO     | [CSVQueue] Queue size: 0
2026-07-24 13:37:04,820 | INFO     | [EURUSD:1.13854][EURUSD-OTC:1.15301][GBPUSD-OTC:1.33308][EURGBP-OTC:0.85537] :: TOTAL=$1271.51
2026-07-24 13:38:04,069 | INFO     | [DataAdapter] Starting update for EURUSD
2026-07-24 13:38:04,069 | INFO     | [DataAdapter] Refreshing M1 data for EURUSD
2026-07-24 13:38:04,069 | INFO     | [DataAdapter] Starting update for EURUSD-OTC
2026-07-24 13:38:04,070 | INFO     | [DataAdapter] Refreshing M1 data for EURUSD-OTC
2026-07-24 13:38:04,070 | INFO     | [DataAdapter] Starting update for GBPUSD-OTC
2026-07-24 13:38:04,070 | INFO     | [DataAdapter] Starting update for EURGBP-OTC
2026-07-24 13:38:04,070 | INFO     | [DataAdapter] Refreshing M1 data for GBPUSD-OTC
2026-07-24 13:38:04,070 | INFO     | [DataAdapter] Refreshing M1 data for EURGBP-OTC
2026-07-24 13:38:04,355 | INFO     | [IQOPTION] REST fetch succeeded for EURUSD: 5 candles
2026-07-24 13:38:04,438 | INFO     | [DataAdapter] M1 anomaly detection completed for EURUSD in 0.035s
2026-07-24 13:38:04,543 | INFO     | [CSVQueue] Enqueuing write for data_base/csv/iq_option\EURUSD\EURUSD_M1.csv - Queue size: 0
2026-07-24 13:38:04,543 | INFO     | [DataAdapter] M1 data refresh completed for EURUSD
2026-07-24 13:38:04,543 | INFO     | [DataAdapter] Refreshing M5 data for EURUSD
2026-07-24 13:38:04,547 | INFO     | [CSVQueue] Processing write for data_base/csv/iq_option\EURUSD\EURUSD_M1.csv
2026-07-24 13:38:04,547 | INFO     | [CSVWriter] Writing 249 rows to data_base/csv/iq_option\EURUSD\EURUSD_M1.csv
2026-07-24 13:38:04,550 | INFO     | [DataAdapter] M5 anomaly detection completed for EURUSD
2026-07-24 13:38:04,550 | INFO     | [DataAdapter] M5 data refresh completed for EURUSD
2026-07-24 13:38:04,550 | INFO     | [DataAdapter] Refreshing M15 data for EURUSD
2026-07-24 13:38:04,593 | INFO     | [DataAdapter] M15 anomaly detection completed for EURUSD
2026-07-24 13:38:04,593 | INFO     | [DataAdapter] M15 data refresh completed for EURUSD
2026-07-24 13:38:04,593 | INFO     | [IQOPTION] REST fetch succeeded for EURUSD-OTC: 5 candles
2026-07-24 13:38:04,606 | INFO     | [DataAdapter] Anomaly statistics for EURUSD: {'total_calls': 89, 'response_times': [0.013999700546264648, 0.31719064712524414, 0.2949824333190918, 0.03267955780029297, 0.16599440574645996, 0.4046361446380615, 0.3303542137145996, 0.18708395957946777, 0.012867212295532227, 0.29335784912109375, 0.21855616569519043, 0.04597282409667969, 0.016118288040161133, 0.16651606559753418, 0.17901921272277832, 0.04098248481750488, 0.027006864547729492, 0.2834603786468506, 0.20427322387695312, 0.21520233154296875, 0.006014347076416016, 0.24805641174316406, 0.2825925350189209, 0.026009082794189453, 0.03001713752746582, 0.33109354972839355, 0.26633429527282715, 0.03498196601867676, 0.013983488082885742, 0.16509389877319336, 0.203139066696167, 0.02601027488708496, 0.015662193298339844, 0.285672664642334, 0.16912531852722168, 0.031012296676635742, 0.02100062370300293, 0.19908738136291504, 0.33910560607910156, 0.4241623878479004, 0.031023502349853516, 0.12838149070739746, 0.22991466522216797, 0.025004148483276367, 0.005982875823974609, 0.15928292274475098, 0.18576288223266602, 0.024000883102416992, 0.020021677017211914, 0.2539963722229004, 0.23406672477722168, 0.027977466583251953, 0.032039642333984375, 0.23402166366577148, 0.35982704162597656, 0.031000375747680664, 0.029973506927490234, 0.21654653549194336, 0.4075918197631836, 0.32715654373168945, 0.015000104904174805, 0.21819853782653809, 0.24185967445373535, 0.032021284103393555, 0.014994621276855469, 0.35053372383117676, 0.2678334712982178, 0.037000179290771484, 0.020027637481689453, 0.35924363136291504, 0.2781853675842285, 0.031000137329101562, 0.015509366989135742, 0.21570110321044922, 0.3485097885131836, 0.03399968147277832, 0.015020370483398438, 0.2662651538848877, 0.2810933589935303, 0.3631160259246826, 0.006013154983520508, 0.3089568614959717, 0.2898275852203369, 0.02498316764831543, 0.014000892639160156, 0.2052288055419922, 0.28769516944885254, 0.030613422393798828, 0.03499746322631836], 'spike_count': 0, 'zero_volume_count': np.int64(49302), 'impossible_candle_count': 0, 'consecutive_anomalies': 0, 'avg_response_time': np.float64(0.158869786208935), 'max_response_time': np.float64(0.4241623878479004), 'min_response_time': np.float64(0.005982875823974609)}
2026-07-24 13:38:04,670 | ERROR    | [ANOMALY] CONSECUTIVE zero volume: EURUSD-OTC streak 248
2026-07-24 13:38:05,005 | WARNING  | [ANOMALY] Total anomalies detected: EURUSD-OTC 249
2026-07-24 13:38:05,007 | INFO     | [IQOPTION] REST fetch succeeded for GBPUSD-OTC: 5 candles
2026-07-24 13:38:05,007 | INFO     | [DataAdapter] M1 anomaly detection completed for EURUSD-OTC in 0.348s
2026-07-24 13:38:05,049 | INFO     | [CSVWriter] Successfully wrote 376 rows to data_base/csv/iq_option\EURUSD\EURUSD_M1.csv
2026-07-24 13:38:05,082 | ERROR    | [ANOMALY] CONSECUTIVE zero volume: GBPUSD-OTC streak 248
2026-07-24 13:38:05,082 | INFO     | [CSVQueue] Successfully processed write for data_base/csv/iq_option\EURUSD\EURUSD_M1.csv
2026-07-24 13:38:05,097 | INFO     | [CSVQueue] Enqueuing write for data_base/csv/iq_option\EURUSD-OTC\EURUSD-OTC_M1.csv - Queue size: 0
2026-07-24 13:38:05,112 | INFO     | [CSVQueue] Queue size: 0
2026-07-24 13:38:05,176 | INFO     | [DataAdapter] M1 data refresh completed for EURUSD-OTC
2026-07-24 13:38:05,208 | INFO     | [CSVQueue] Processing write for data_base/csv/iq_option\EURUSD-OTC\EURUSD-OTC_M1.csv
2026-07-24 13:38:05,239 | INFO     | [DataAdapter] Refreshing M5 data for EURUSD-OTC
2026-07-24 13:38:05,254 | INFO     | [CSVWriter] Writing 249 rows to data_base/csv/iq_option\EURUSD-OTC\EURUSD-OTC_M1.csv
2026-07-24 13:38:05,272 | INFO     | [IQOPTION] REST fetch succeeded for EURGBP-OTC: 5 candles
2026-07-24 13:38:05,275 | ERROR    | [ANOMALY] CONSECUTIVE zero volume: EURUSD-OTC streak 248
2026-07-24 13:38:05,290 | ERROR    | [ANOMALY] CONSECUTIVE zero volume: EURGBP-OTC streak 248
2026-07-24 13:38:05,297 | WARNING  | [ANOMALY] Total anomalies detected: GBPUSD-OTC 249
2026-07-24 13:38:05,297 | INFO     | [DataAdapter] M1 anomaly detection completed for GBPUSD-OTC in 0.232s
2026-07-24 13:38:05,304 | INFO     | [CSVQueue] Enqueuing write for data_base/csv/iq_option\GBPUSD-OTC\GBPUSD-OTC_M1.csv - Queue size: 0
2026-07-24 13:38:05,312 | WARNING  | [ANOMALY] Total anomalies detected: EURUSD-OTC 249
2026-07-24 13:38:05,314 | INFO     | [DataAdapter] M1 data refresh completed for GBPUSD-OTC
2026-07-24 13:38:05,314 | INFO     | [DataAdapter] M5 anomaly detection completed for EURUSD-OTC
2026-07-24 13:38:05,314 | INFO     | [DataAdapter] Refreshing M5 data for GBPUSD-OTC
2026-07-24 13:38:05,319 | INFO     | [DataAdapter] M5 data refresh completed for EURUSD-OTC
2026-07-24 13:38:05,321 | WARNING  | [ANOMALY] Total anomalies detected: EURGBP-OTC 249
2026-07-24 13:38:05,326 | ERROR    | [ANOMALY] CONSECUTIVE zero volume: GBPUSD-OTC streak 248
2026-07-24 13:38:05,327 | INFO     | [DataAdapter] Refreshing M15 data for EURUSD-OTC
2026-07-24 13:38:05,327 | INFO     | [DataAdapter] M1 anomaly detection completed for EURGBP-OTC in 0.041s
2026-07-24 13:38:05,328 | INFO     | [CSVWriter] Successfully wrote 375 rows to data_base/csv/iq_option\EURUSD-OTC\EURUSD-OTC_M1.csv
2026-07-24 13:38:05,335 | INFO     | [CSVQueue] Successfully processed write for data_base/csv/iq_option\EURUSD-OTC\EURUSD-OTC_M1.csv
2026-07-24 13:38:05,339 | ERROR    | [ANOMALY] CONSECUTIVE zero volume: EURUSD-OTC streak 248
2026-07-24 13:38:05,339 | INFO     | [CSVQueue] Processing write for data_base/csv/iq_option\GBPUSD-OTC\GBPUSD-OTC_M1.csv
2026-07-24 13:38:05,342 | INFO     | [CSVWriter] Writing 249 rows to data_base/csv/iq_option\GBPUSD-OTC\GBPUSD-OTC_M1.csv
2026-07-24 13:38:05,343 | INFO     | [CSVQueue] Enqueuing write for data_base/csv/iq_option\EURGBP-OTC\EURGBP-OTC_M1.csv - Queue size: 0
2026-07-24 13:38:05,349 | INFO     | [DataAdapter] M1 data refresh completed for EURGBP-OTC
2026-07-24 13:38:05,349 | INFO     | [DataAdapter] Refreshing M5 data for EURGBP-OTC
2026-07-24 13:38:05,359 | WARNING  | [ANOMALY] Total anomalies detected: GBPUSD-OTC 249
2026-07-24 13:38:05,362 | ERROR    | [ANOMALY] CONSECUTIVE zero volume: EURGBP-OTC streak 248
2026-07-24 13:38:05,363 | INFO     | [DataAdapter] M5 anomaly detection completed for GBPUSD-OTC
2026-07-24 13:38:05,365 | INFO     | [DataAdapter] M5 data refresh completed for GBPUSD-OTC
2026-07-24 13:38:05,365 | INFO     | [DataAdapter] Refreshing M15 data for GBPUSD-OTC
2026-07-24 13:38:05,372 | ERROR    | [ANOMALY] CONSECUTIVE zero volume: GBPUSD-OTC streak 248
2026-07-24 13:38:05,380 | WARNING  | [ANOMALY] Total anomalies detected: EURUSD-OTC 249
2026-07-24 13:38:05,382 | INFO     | [DataAdapter] M15 anomaly detection completed for EURUSD-OTC
2026-07-24 13:38:05,382 | INFO     | [DataAdapter] M15 data refresh completed for EURUSD-OTC
2026-07-24 13:38:05,384 | INFO     | [DataAdapter] Anomaly statistics for EURUSD-OTC: {'total_calls': 92, 'response_times': [0.013999700546264648, 0.31719064712524414, 0.2949824333190918, 0.03267955780029297, 0.16599440574645996, 0.4046361446380615, 0.3303542137145996, 0.18708395957946777, 0.012867212295532227, 0.29335784912109375, 0.21855616569519043, 0.04597282409667969, 0.016118288040161133, 0.16651606559753418, 0.17901921272277832, 0.04098248481750488, 0.027006864547729492, 0.2834603786468506, 0.20427322387695312, 0.21520233154296875, 0.006014347076416016, 0.24805641174316406, 0.2825925350189209, 0.026009082794189453, 0.03001713752746582, 0.33109354972839355, 0.26633429527282715, 0.03498196601867676, 0.013983488082885742, 0.16509389877319336, 0.203139066696167, 0.02601027488708496, 0.015662193298339844, 0.285672664642334, 0.16912531852722168, 0.031012296676635742, 0.02100062370300293, 0.19908738136291504, 0.33910560607910156, 0.4241623878479004, 0.031023502349853516, 0.12838149070739746, 0.22991466522216797, 0.025004148483276367, 0.005982875823974609, 0.15928292274475098, 0.18576288223266602, 0.024000883102416992, 0.020021677017211914, 0.2539963722229004, 0.23406672477722168, 0.027977466583251953, 0.032039642333984375, 0.23402166366577148, 0.35982704162597656, 0.031000375747680664, 0.029973506927490234, 0.21654653549194336, 0.4075918197631836, 0.32715654373168945, 0.015000104904174805, 0.21819853782653809, 0.24185967445373535, 0.032021284103393555, 0.014994621276855469, 0.35053372383117676, 0.2678334712982178, 0.037000179290771484, 0.020027637481689453, 0.35924363136291504, 0.2781853675842285, 0.031000137329101562, 0.015509366989135742, 0.21570110321044922, 0.3485097885131836, 0.03399968147277832, 0.015020370483398438, 0.2662651538848877, 0.2810933589935303, 0.3631160259246826, 0.006013154983520508, 0.3089568614959717, 0.2898275852203369, 0.02498316764831543, 0.014000892639160156, 0.2052288055419922, 0.28769516944885254, 0.030613422393798828, 0.03499746322631836, 0.34804296493530273, 0.23193693161010742, 0.04099726676940918], 'spike_count': 0, 'zero_volume_count': np.int64(51294), 'impossible_candle_count': 0, 'consecutive_anomalies': 0, 'avg_response_time': np.float64(0.160439001477283), 'max_response_time': np.float64(0.4241623878479004), 'min_response_time': np.float64(0.005982875823974609)}
2026-07-24 13:38:05,401 | WARNING  | [ANOMALY] Total anomalies detected: EURGBP-OTC 249
2026-07-24 13:38:05,401 | INFO     | [DataAdapter] M5 anomaly detection completed for EURGBP-OTC
2026-07-24 13:38:05,402 | INFO     | [DataAdapter] M5 data refresh completed for EURGBP-OTC
2026-07-24 13:38:05,402 | INFO     | [DataAdapter] Refreshing M15 data for EURGBP-OTC
2026-07-24 13:38:05,406 | INFO     | [CSVWriter] Successfully wrote 375 rows to data_base/csv/iq_option\GBPUSD-OTC\GBPUSD-OTC_M1.csv
2026-07-24 13:38:05,414 | ERROR    | [ANOMALY] CONSECUTIVE zero volume: EURGBP-OTC streak 248
2026-07-24 13:38:05,415 | WARNING  | [ANOMALY] Total anomalies detected: GBPUSD-OTC 249
2026-07-24 13:38:05,415 | INFO     | [CSVQueue] Successfully processed write for data_base/csv/iq_option\GBPUSD-OTC\GBPUSD-OTC_M1.csv
2026-07-24 13:38:05,417 | INFO     | [DataAdapter] M15 anomaly detection completed for GBPUSD-OTC
2026-07-24 13:38:05,417 | INFO     | [CSVQueue] Processing write for data_base/csv/iq_option\EURGBP-OTC\EURGBP-OTC_M1.csv
2026-07-24 13:38:05,417 | INFO     | [DataAdapter] M15 data refresh completed for GBPUSD-OTC
2026-07-24 13:38:05,419 | INFO     | [CSVWriter] Writing 249 rows to data_base/csv/iq_option\EURGBP-OTC\EURGBP-OTC_M1.csv
2026-07-24 13:38:05,420 | INFO     | [DataAdapter] Anomaly statistics for GBPUSD-OTC: {'total_calls': 92, 'response_times': [0.013999700546264648, 0.31719064712524414, 0.2949824333190918, 0.03267955780029297, 0.16599440574645996, 0.4046361446380615, 0.3303542137145996, 0.18708395957946777, 0.012867212295532227, 0.29335784912109375, 0.21855616569519043, 0.04597282409667969, 0.016118288040161133, 0.16651606559753418, 0.17901921272277832, 0.04098248481750488, 0.027006864547729492, 0.2834603786468506, 0.20427322387695312, 0.21520233154296875, 0.006014347076416016, 0.24805641174316406, 0.2825925350189209, 0.026009082794189453, 0.03001713752746582, 0.33109354972839355, 0.26633429527282715, 0.03498196601867676, 0.013983488082885742, 0.16509389877319336, 0.203139066696167, 0.02601027488708496, 0.015662193298339844, 0.285672664642334, 0.16912531852722168, 0.031012296676635742, 0.02100062370300293, 0.19908738136291504, 0.33910560607910156, 0.4241623878479004, 0.031023502349853516, 0.12838149070739746, 0.22991466522216797, 0.025004148483276367, 0.005982875823974609, 0.15928292274475098, 0.18576288223266602, 0.024000883102416992, 0.020021677017211914, 0.2539963722229004, 0.23406672477722168, 0.027977466583251953, 0.032039642333984375, 0.23402166366577148, 0.35982704162597656, 0.031000375747680664, 0.029973506927490234, 0.21654653549194336, 0.4075918197631836, 0.32715654373168945, 0.015000104904174805, 0.21819853782653809, 0.24185967445373535, 0.032021284103393555, 0.014994621276855469, 0.35053372383117676, 0.2678334712982178, 0.037000179290771484, 0.020027637481689453, 0.35924363136291504, 0.2781853675842285, 0.031000137329101562, 0.015509366989135742, 0.21570110321044922, 0.3485097885131836, 0.03399968147277832, 0.015020370483398438, 0.2662651538848877, 0.2810933589935303, 0.3631160259246826, 0.006013154983520508, 0.3089568614959717, 0.2898275852203369, 0.02498316764831543, 0.014000892639160156, 0.2052288055419922, 0.28769516944885254, 0.030613422393798828, 0.03499746322631836, 0.34804296493530273, 0.23193693161010742, 0.04099726676940918], 'spike_count': 0, 'zero_volume_count': np.int64(51543), 'impossible_candle_count': 0, 'consecutive_anomalies': 0, 'avg_response_time': np.float64(0.160439001477283), 'max_response_time': np.float64(0.4241623878479004), 'min_response_time': np.float64(0.005982875823974609)}
2026-07-24 13:38:05,429 | WARNING  | [ANOMALY] Total anomalies detected: EURGBP-OTC 249
2026-07-24 13:38:05,429 | INFO     | [DataAdapter] M15 anomaly detection completed for EURGBP-OTC
2026-07-24 13:38:05,429 | INFO     | [DataAdapter] M15 data refresh completed for EURGBP-OTC
2026-07-24 13:38:05,430 | INFO     | [DataAdapter] Anomaly statistics for EURGBP-OTC: {'total_calls': 92, 'response_times': [0.013999700546264648, 0.31719064712524414, 0.2949824333190918, 0.03267955780029297, 0.16599440574645996, 0.4046361446380615, 0.3303542137145996, 0.18708395957946777, 0.012867212295532227, 0.29335784912109375, 0.21855616569519043, 0.04597282409667969, 0.016118288040161133, 0.16651606559753418, 0.17901921272277832, 0.04098248481750488, 0.027006864547729492, 0.2834603786468506, 0.20427322387695312, 0.21520233154296875, 0.006014347076416016, 0.24805641174316406, 0.2825925350189209, 0.026009082794189453, 0.03001713752746582, 0.33109354972839355, 0.26633429527282715, 0.03498196601867676, 0.013983488082885742, 0.16509389877319336, 0.203139066696167, 0.02601027488708496, 0.015662193298339844, 0.285672664642334, 0.16912531852722168, 0.031012296676635742, 0.02100062370300293, 0.19908738136291504, 0.33910560607910156, 0.4241623878479004, 0.031023502349853516, 0.12838149070739746, 0.22991466522216797, 0.025004148483276367, 0.005982875823974609, 0.15928292274475098, 0.18576288223266602, 0.024000883102416992, 0.020021677017211914, 0.2539963722229004, 0.23406672477722168, 0.027977466583251953, 0.032039642333984375, 0.23402166366577148, 0.35982704162597656, 0.031000375747680664, 0.029973506927490234, 0.21654653549194336, 0.4075918197631836, 0.32715654373168945, 0.015000104904174805, 0.21819853782653809, 0.24185967445373535, 0.032021284103393555, 0.014994621276855469, 0.35053372383117676, 0.2678334712982178, 0.037000179290771484, 0.020027637481689453, 0.35924363136291504, 0.2781853675842285, 0.031000137329101562, 0.015509366989135742, 0.21570110321044922, 0.3485097885131836, 0.03399968147277832, 0.015020370483398438, 0.2662651538848877, 0.2810933589935303, 0.3631160259246826, 0.006013154983520508, 0.3089568614959717, 0.2898275852203369, 0.02498316764831543, 0.014000892639160156, 0.2052288055419922, 0.28769516944885254, 0.030613422393798828, 0.03499746322631836, 0.34804296493530273, 0.23193693161010742, 0.04099726676940918], 'spike_count': 0, 'zero_volume_count': np.int64(51543), 'impossible_candle_count': 0, 'consecutive_anomalies': 0, 'avg_response_time': np.float64(0.160439001477283), 'max_response_time': np.float64(0.4241623878479004), 'min_response_time': np.float64(0.005982875823974609)}
2026-07-24 13:38:05,438 | INFO     | [CSVWriter] Successfully wrote 375 rows to data_base/csv/iq_option\EURGBP-OTC\EURGBP-OTC_M1.csv
2026-07-24 13:38:05,440 | INFO     | [CSVQueue] Successfully processed write for data_base/csv/iq_option\EURGBP-OTC\EURGBP-OTC_M1.csv
2026-07-24 13:38:05,440 | INFO     | [CSVQueue] Queue size: 0
2026-07-24 13:38:05,656 | INFO     | [EURUSD:1.13861][EURUSD-OTC:1.15280][GBPUSD-OTC:1.33292][EURGBP-OTC:0.85537] :: TOTAL=$1271.51
2026-07-24 13:39:03,906 | INFO     | [DataAdapter] Starting update for EURUSD
2026-07-24 13:39:03,907 | INFO     | [DataAdapter] Refreshing M1 data for EURUSD
2026-07-24 13:39:03,907 | INFO     | [DataAdapter] Starting update for EURUSD-OTC
2026-07-24 13:39:03,907 | INFO     | [DataAdapter] Refreshing M1 data for EURUSD-OTC
2026-07-24 13:39:03,907 | INFO     | [DataAdapter] Starting update for GBPUSD-OTC
2026-07-24 13:39:03,907 | INFO     | [DataAdapter] Refreshing M1 data for GBPUSD-OTC
2026-07-24 13:39:03,908 | INFO     | [DataAdapter] Starting update for EURGBP-OTC
2026-07-24 13:39:03,908 | INFO     | [DataAdapter] Refreshing M1 data for EURGBP-OTC
2026-07-24 13:39:04,174 | INFO     | [IQOPTION] REST fetch succeeded for EURUSD: 5 candles
2026-07-24 13:39:04,212 | INFO     | [DataAdapter] M1 anomaly detection completed for EURUSD in 0.006s
2026-07-24 13:39:04,301 | INFO     | [CSVQueue] Enqueuing write for data_base/csv/iq_option\EURUSD\EURUSD_M1.csv - Queue size: 0
2026-07-24 13:39:04,317 | INFO     | [DataAdapter] M1 data refresh completed for EURUSD
2026-07-24 13:39:04,333 | INFO     | [CSVQueue] Processing write for data_base/csv/iq_option\EURUSD\EURUSD_M1.csv
2026-07-24 13:39:04,333 | INFO     | [DataAdapter] Refreshing M5 data for EURUSD
2026-07-24 13:39:04,349 | INFO     | [CSVWriter] Writing 249 rows to data_base/csv/iq_option\EURUSD\EURUSD_M1.csv
2026-07-24 13:39:04,435 | INFO     | [DataAdapter] M5 anomaly detection completed for EURUSD
2026-07-24 13:39:04,435 | INFO     | [IQOPTION] REST fetch succeeded for EURUSD-OTC: 5 candles
2026-07-24 13:39:04,476 | INFO     | [DataAdapter] M5 data refresh completed for EURUSD
2026-07-24 13:39:04,539 | INFO     | [DataAdapter] Refreshing M15 data for EURUSD
2026-07-24 13:39:04,558 | INFO     | [DataAdapter] M15 anomaly detection completed for EURUSD
2026-07-24 13:39:04,559 | ERROR    | [ANOMALY] CONSECUTIVE zero volume: EURUSD-OTC streak 248
2026-07-24 13:39:04,559 | INFO     | [DataAdapter] M15 data refresh completed for EURUSD
2026-07-24 13:39:04,571 | INFO     | [DataAdapter] Anomaly statistics for EURUSD: {'total_calls': 93, 'response_times': [0.013999700546264648, 0.31719064712524414, 0.2949824333190918, 0.03267955780029297, 0.16599440574645996, 0.4046361446380615, 0.3303542137145996, 0.18708395957946777, 0.012867212295532227, 0.29335784912109375, 0.21855616569519043, 0.04597282409667969, 0.016118288040161133, 0.16651606559753418, 0.17901921272277832, 0.04098248481750488, 0.027006864547729492, 0.2834603786468506, 0.20427322387695312, 0.21520233154296875, 0.006014347076416016, 0.24805641174316406, 0.2825925350189209, 0.026009082794189453, 0.03001713752746582, 0.33109354972839355, 0.26633429527282715, 0.03498196601867676, 0.013983488082885742, 0.16509389877319336, 0.203139066696167, 0.02601027488708496, 0.015662193298339844, 0.285672664642334, 0.16912531852722168, 0.031012296676635742, 0.02100062370300293, 0.19908738136291504, 0.33910560607910156, 0.4241623878479004, 0.031023502349853516, 0.12838149070739746, 0.22991466522216797, 0.025004148483276367, 0.005982875823974609, 0.15928292274475098, 0.18576288223266602, 0.024000883102416992, 0.020021677017211914, 0.2539963722229004, 0.23406672477722168, 0.027977466583251953, 0.032039642333984375, 0.23402166366577148, 0.35982704162597656, 0.031000375747680664, 0.029973506927490234, 0.21654653549194336, 0.4075918197631836, 0.32715654373168945, 0.015000104904174805, 0.21819853782653809, 0.24185967445373535, 0.032021284103393555, 0.014994621276855469, 0.35053372383117676, 0.2678334712982178, 0.037000179290771484, 0.020027637481689453, 0.35924363136291504, 0.2781853675842285, 0.031000137329101562, 0.015509366989135742, 0.21570110321044922, 0.3485097885131836, 0.03399968147277832, 0.015020370483398438, 0.2662651538848877, 0.2810933589935303, 0.3631160259246826, 0.006013154983520508, 0.3089568614959717, 0.2898275852203369, 0.02498316764831543, 0.014000892639160156, 0.2052288055419922, 0.28769516944885254, 0.030613422393798828, 0.03499746322631836, 0.34804296493530273, 0.23193693161010742, 0.04099726676940918, 0.0060138702392578125], 'spike_count': 0, 'zero_volume_count': np.int64(51792), 'impossible_candle_count': 0, 'consecutive_anomalies': 0, 'avg_response_time': np.float64(0.15877851619515368), 'max_response_time': np.float64(0.4241623878479004), 'min_response_time': np.float64(0.005982875823974609)}
2026-07-24 13:39:04,701 | WARNING  | [ANOMALY] Total anomalies detected: EURUSD-OTC 249
2026-07-24 13:39:04,715 | INFO     | [DataAdapter] M1 anomaly detection completed for EURUSD-OTC in 0.171s
2026-07-24 13:39:04,761 | INFO     | [CSVWriter] Successfully wrote 377 rows to data_base/csv/iq_option\EURUSD\EURUSD_M1.csv
2026-07-24 13:39:04,762 | INFO     | [IQOPTION] REST fetch succeeded for GBPUSD-OTC: 5 candles
2026-07-24 13:39:04,762 | INFO     | [CSVQueue] Successfully processed write for data_base/csv/iq_option\EURUSD\EURUSD_M1.csv
2026-07-24 13:39:04,762 | INFO     | [CSVQueue] Enqueuing write for data_base/csv/iq_option\EURUSD-OTC\EURUSD-OTC_M1.csv - Queue size: 0
2026-07-24 13:39:04,797 | INFO     | [CSVQueue] Queue size: 0
2026-07-24 13:39:04,841 | INFO     | [DataAdapter] M1 data refresh completed for EURUSD-OTC
2026-07-24 13:39:04,843 | ERROR    | [ANOMALY] CONSECUTIVE zero volume: GBPUSD-OTC streak 248
2026-07-24 13:39:04,889 | INFO     | [CSVQueue] Processing write for data_base/csv/iq_option\EURUSD-OTC\EURUSD-OTC_M1.csv
2026-07-24 13:39:04,936 | INFO     | [DataAdapter] Refreshing M5 data for EURUSD-OTC
2026-07-24 13:39:04,985 | INFO     | [CSVWriter] Writing 249 rows to data_base/csv/iq_option\EURUSD-OTC\EURUSD-OTC_M1.csv
2026-07-24 13:39:05,003 | ERROR    | [ANOMALY] CONSECUTIVE zero volume: EURUSD-OTC streak 248
2026-07-24 13:39:05,004 | INFO     | [IQOPTION] REST fetch succeeded for EURGBP-OTC: 5 candles
2026-07-24 13:39:05,019 | ERROR    | [ANOMALY] CONSECUTIVE zero volume: EURGBP-OTC streak 248
2026-07-24 13:39:05,026 | WARNING  | [ANOMALY] Total anomalies detected: GBPUSD-OTC 249
2026-07-24 13:39:05,027 | INFO     | [DataAdapter] M1 anomaly detection completed for GBPUSD-OTC in 0.200s
2026-07-24 13:39:05,032 | WARNING  | [ANOMALY] Total anomalies detected: EURUSD-OTC 249
2026-07-24 13:39:05,032 | INFO     | [DataAdapter] M5 anomaly detection completed for EURUSD-OTC
2026-07-24 13:39:05,032 | INFO     | [DataAdapter] M5 data refresh completed for EURUSD-OTC
2026-07-24 13:39:05,032 | INFO     | [DataAdapter] Refreshing M15 data for EURUSD-OTC
2026-07-24 13:39:05,036 | ERROR    | [ANOMALY] CONSECUTIVE zero volume: EURUSD-OTC streak 248
2026-07-24 13:39:05,040 | INFO     | [CSVQueue] Enqueuing write for data_base/csv/iq_option\GBPUSD-OTC\GBPUSD-OTC_M1.csv - Queue size: 0
2026-07-24 13:39:05,040 | INFO     | [DataAdapter] M1 data refresh completed for GBPUSD-OTC
2026-07-24 13:39:05,040 | INFO     | [DataAdapter] Refreshing M5 data for GBPUSD-OTC
2026-07-24 13:39:05,043 | ERROR    | [ANOMALY] CONSECUTIVE zero volume: GBPUSD-OTC streak 248
2026-07-24 13:39:05,053 | WARNING  | [ANOMALY] Total anomalies detected: EURGBP-OTC 249
2026-07-24 13:39:05,053 | INFO     | [DataAdapter] M1 anomaly detection completed for EURGBP-OTC in 0.039s
2026-07-24 13:39:05,063 | WARNING  | [ANOMALY] Total anomalies detected: EURUSD-OTC 249
2026-07-24 13:39:05,063 | INFO     | [CSVQueue] Enqueuing write for data_base/csv/iq_option\EURGBP-OTC\EURGBP-OTC_M1.csv - Queue size: 1
2026-07-24 13:39:05,063 | INFO     | [DataAdapter] M15 anomaly detection completed for EURUSD-OTC
2026-07-24 13:39:05,065 | INFO     | [DataAdapter] M1 data refresh completed for EURGBP-OTC
2026-07-24 13:39:05,070 | WARNING  | [ANOMALY] Total anomalies detected: GBPUSD-OTC 249
2026-07-24 13:39:05,070 | INFO     | [CSVWriter] Successfully wrote 376 rows to data_base/csv/iq_option\EURUSD-OTC\EURUSD-OTC_M1.csv
2026-07-24 13:39:05,070 | INFO     | [DataAdapter] M15 data refresh completed for EURUSD-OTC
2026-07-24 13:39:05,071 | INFO     | [DataAdapter] Refreshing M5 data for EURGBP-OTC
2026-07-24 13:39:05,071 | INFO     | [DataAdapter] M5 anomaly detection completed for GBPUSD-OTC
2026-07-24 13:39:05,071 | INFO     | [CSVQueue] Successfully processed write for data_base/csv/iq_option\EURUSD-OTC\EURUSD-OTC_M1.csv
2026-07-24 13:39:05,075 | INFO     | [CSVQueue] Processing write for data_base/csv/iq_option\GBPUSD-OTC\GBPUSD-OTC_M1.csv
2026-07-24 13:39:05,075 | ERROR    | [ANOMALY] CONSECUTIVE zero volume: EURGBP-OTC streak 248
2026-07-24 13:39:05,075 | INFO     | [DataAdapter] M5 data refresh completed for GBPUSD-OTC
2026-07-24 13:39:05,072 | INFO     | [DataAdapter] Anomaly statistics for EURUSD-OTC: {'total_calls': 96, 'response_times': [0.013999700546264648, 0.31719064712524414, 0.2949824333190918, 0.03267955780029297, 0.16599440574645996, 0.4046361446380615, 0.3303542137145996, 0.18708395957946777, 0.012867212295532227, 0.29335784912109375, 0.21855616569519043, 0.04597282409667969, 0.016118288040161133, 0.16651606559753418, 0.17901921272277832, 0.04098248481750488, 0.027006864547729492, 0.2834603786468506, 0.20427322387695312, 0.21520233154296875, 0.006014347076416016, 0.24805641174316406, 0.2825925350189209, 0.026009082794189453, 0.03001713752746582, 0.33109354972839355, 0.26633429527282715, 0.03498196601867676, 0.013983488082885742, 0.16509389877319336, 0.203139066696167, 0.02601027488708496, 0.015662193298339844, 0.285672664642334, 0.16912531852722168, 0.031012296676635742, 0.02100062370300293, 0.19908738136291504, 0.33910560607910156, 0.4241623878479004, 0.031023502349853516, 0.12838149070739746, 0.22991466522216797, 0.025004148483276367, 0.005982875823974609, 0.15928292274475098, 0.18576288223266602, 0.024000883102416992, 0.020021677017211914, 0.2539963722229004, 0.23406672477722168, 0.027977466583251953, 0.032039642333984375, 0.23402166366577148, 0.35982704162597656, 0.031000375747680664, 0.029973506927490234, 0.21654653549194336, 0.4075918197631836, 0.32715654373168945, 0.015000104904174805, 0.21819853782653809, 0.24185967445373535, 0.032021284103393555, 0.014994621276855469, 0.35053372383117676, 0.2678334712982178, 0.037000179290771484, 0.020027637481689453, 0.35924363136291504, 0.2781853675842285, 0.031000137329101562, 0.015509366989135742, 0.21570110321044922, 0.3485097885131836, 0.03399968147277832, 0.015020370483398438, 0.2662651538848877, 0.2810933589935303, 0.3631160259246826, 0.006013154983520508, 0.3089568614959717, 0.2898275852203369, 0.02498316764831543, 0.014000892639160156, 0.2052288055419922, 0.28769516944885254, 0.030613422393798828, 0.03499746322631836, 0.34804296493530273, 0.23193693161010742, 0.04099726676940918, 0.0060138702392578125, 0.17101597785949707, 0.1998612880706787, 0.03898882865905762], 'spike_count': 0, 'zero_volume_count': np.int64(53037), 'impossible_candle_count': 0, 'consecutive_anomalies': 0, 'avg_response_time': np.float64(0.15808612604935965), 'max_response_time': np.float64(0.4241623878479004), 'min_response_time': np.float64(0.005982875823974609)}
2026-07-24 13:39:05,075 | INFO     | [CSVWriter] Writing 249 rows to data_base/csv/iq_option\GBPUSD-OTC\GBPUSD-OTC_M1.csv
2026-07-24 13:39:05,076 | INFO     | [DataAdapter] Refreshing M15 data for GBPUSD-OTC
2026-07-24 13:39:05,085 | ERROR    | [ANOMALY] CONSECUTIVE zero volume: GBPUSD-OTC streak 248
2026-07-24 13:39:05,090 | WARNING  | [ANOMALY] Total anomalies detected: EURGBP-OTC 249
2026-07-24 13:39:05,090 | INFO     | [DataAdapter] M5 anomaly detection completed for EURGBP-OTC
2026-07-24 13:39:05,090 | INFO     | [DataAdapter] M5 data refresh completed for EURGBP-OTC
2026-07-24 13:39:05,090 | INFO     | [DataAdapter] Refreshing M15 data for EURGBP-OTC
2026-07-24 13:39:05,094 | ERROR    | [ANOMALY] CONSECUTIVE zero volume: EURGBP-OTC streak 248
2026-07-24 13:39:05,110 | WARNING  | [ANOMALY] Total anomalies detected: GBPUSD-OTC 249
2026-07-24 13:39:05,110 | INFO     | [CSVWriter] Successfully wrote 376 rows to data_base/csv/iq_option\GBPUSD-OTC\GBPUSD-OTC_M1.csv
2026-07-24 13:39:05,110 | INFO     | [DataAdapter] M15 anomaly detection completed for GBPUSD-OTC
2026-07-24 13:39:05,113 | WARNING  | [ANOMALY] Total anomalies detected: EURGBP-OTC 249
2026-07-24 13:39:05,114 | INFO     | [CSVQueue] Successfully processed write for data_base/csv/iq_option\GBPUSD-OTC\GBPUSD-OTC_M1.csv
2026-07-24 13:39:05,114 | INFO     | [DataAdapter] M15 data refresh completed for GBPUSD-OTC
2026-07-24 13:39:05,114 | INFO     | [DataAdapter] M15 anomaly detection completed for EURGBP-OTC
2026-07-24 13:39:05,114 | INFO     | [CSVQueue] Processing write for data_base/csv/iq_option\EURGBP-OTC\EURGBP-OTC_M1.csv
2026-07-24 13:39:05,114 | INFO     | [DataAdapter] Anomaly statistics for GBPUSD-OTC: {'total_calls': 96, 'response_times': [0.013999700546264648, 0.31719064712524414, 0.2949824333190918, 0.03267955780029297, 0.16599440574645996, 0.4046361446380615, 0.3303542137145996, 0.18708395957946777, 0.012867212295532227, 0.29335784912109375, 0.21855616569519043, 0.04597282409667969, 0.016118288040161133, 0.16651606559753418, 0.17901921272277832, 0.04098248481750488, 0.027006864547729492, 0.2834603786468506, 0.20427322387695312, 0.21520233154296875, 0.006014347076416016, 0.24805641174316406, 0.2825925350189209, 0.026009082794189453, 0.03001713752746582, 0.33109354972839355, 0.26633429527282715, 0.03498196601867676, 0.013983488082885742, 0.16509389877319336, 0.203139066696167, 0.02601027488708496, 0.015662193298339844, 0.285672664642334, 0.16912531852722168, 0.031012296676635742, 0.02100062370300293, 0.19908738136291504, 0.33910560607910156, 0.4241623878479004, 0.031023502349853516, 0.12838149070739746, 0.22991466522216797, 0.025004148483276367, 0.005982875823974609, 0.15928292274475098, 0.18576288223266602, 0.024000883102416992, 0.020021677017211914, 0.2539963722229004, 0.23406672477722168, 0.027977466583251953, 0.032039642333984375, 0.23402166366577148, 0.35982704162597656, 0.031000375747680664, 0.029973506927490234, 0.21654653549194336, 0.4075918197631836, 0.32715654373168945, 0.015000104904174805, 0.21819853782653809, 0.24185967445373535, 0.032021284103393555, 0.014994621276855469, 0.35053372383117676, 0.2678334712982178, 0.037000179290771484, 0.020027637481689453, 0.35924363136291504, 0.2781853675842285, 0.031000137329101562, 0.015509366989135742, 0.21570110321044922, 0.3485097885131836, 0.03399968147277832, 0.015020370483398438, 0.2662651538848877, 0.2810933589935303, 0.3631160259246826, 0.006013154983520508, 0.3089568614959717, 0.2898275852203369, 0.02498316764831543, 0.014000892639160156, 0.2052288055419922, 0.28769516944885254, 0.030613422393798828, 0.03499746322631836, 0.34804296493530273, 0.23193693161010742, 0.04099726676940918, 0.0060138702392578125, 0.17101597785949707, 0.1998612880706787, 0.03898882865905762], 'spike_count': 0, 'zero_volume_count': np.int64(53784), 'impossible_candle_count': 0, 'consecutive_anomalies': 0, 'avg_response_time': np.float64(0.15808612604935965), 'max_response_time': np.float64(0.4241623878479004), 'min_response_time': np.float64(0.005982875823974609)}
2026-07-24 13:39:05,115 | INFO     | [DataAdapter] M15 data refresh completed for EURGBP-OTC
2026-07-24 13:39:05,115 | INFO     | [CSVWriter] Writing 249 rows to data_base/csv/iq_option\EURGBP-OTC\EURGBP-OTC_M1.csv
2026-07-24 13:39:05,115 | INFO     | [DataAdapter] Anomaly statistics for EURGBP-OTC: {'total_calls': 96, 'response_times': [0.013999700546264648, 0.31719064712524414, 0.2949824333190918, 0.03267955780029297, 0.16599440574645996, 0.4046361446380615, 0.3303542137145996, 0.18708395957946777, 0.012867212295532227, 0.29335784912109375, 0.21855616569519043, 0.04597282409667969, 0.016118288040161133, 0.16651606559753418, 0.17901921272277832, 0.04098248481750488, 0.027006864547729492, 0.2834603786468506, 0.20427322387695312, 0.21520233154296875, 0.006014347076416016, 0.24805641174316406, 0.2825925350189209, 0.026009082794189453, 0.03001713752746582, 0.33109354972839355, 0.26633429527282715, 0.03498196601867676, 0.013983488082885742, 0.16509389877319336, 0.203139066696167, 0.02601027488708496, 0.015662193298339844, 0.285672664642334, 0.16912531852722168, 0.031012296676635742, 0.02100062370300293, 0.19908738136291504, 0.33910560607910156, 0.4241623878479004, 0.031023502349853516, 0.12838149070739746, 0.22991466522216797, 0.025004148483276367, 0.005982875823974609, 0.15928292274475098, 0.18576288223266602, 0.024000883102416992, 0.020021677017211914, 0.2539963722229004, 0.23406672477722168, 0.027977466583251953, 0.032039642333984375, 0.23402166366577148, 0.35982704162597656, 0.031000375747680664, 0.029973506927490234, 0.21654653549194336, 0.4075918197631836, 0.32715654373168945, 0.015000104904174805, 0.21819853782653809, 0.24185967445373535, 0.032021284103393555, 0.014994621276855469, 0.35053372383117676, 0.2678334712982178, 0.037000179290771484, 0.020027637481689453, 0.35924363136291504, 0.2781853675842285, 0.031000137329101562, 0.015509366989135742, 0.21570110321044922, 0.3485097885131836, 0.03399968147277832, 0.015020370483398438, 0.2662651538848877, 0.2810933589935303, 0.3631160259246826, 0.006013154983520508, 0.3089568614959717, 0.2898275852203369, 0.02498316764831543, 0.014000892639160156, 0.2052288055419922, 0.28769516944885254, 0.030613422393798828, 0.03499746322631836, 0.34804296493530273, 0.23193693161010742, 0.04099726676940918, 0.0060138702392578125, 0.17101597785949707, 0.1998612880706787, 0.03898882865905762], 'spike_count': 0, 'zero_volume_count': np.int64(53784), 'impossible_candle_count': 0, 'consecutive_anomalies': 0, 'avg_response_time': np.float64(0.15808612604935965), 'max_response_time': np.float64(0.4241623878479004), 'min_response_time': np.float64(0.005982875823974609)}
2026-07-24 13:39:05,127 | INFO     | [CSVWriter] Successfully wrote 376 rows to data_base/csv/iq_option\EURGBP-OTC\EURGBP-OTC_M1.csv
2026-07-24 13:39:05,127 | INFO     | [CSVQueue] Successfully processed write for data_base/csv/iq_option\EURGBP-OTC\EURGBP-OTC_M1.csv
2026-07-24 13:39:05,127 | INFO     | [CSVQueue] Queue size: 0
2026-07-24 13:39:05,332 | INFO     | [EURUSD:1.13862][EURUSD-OTC:1.15298][GBPUSD-OTC:1.33231][EURGBP-OTC:0.85516] :: TOTAL=$1271.51
2026-07-24 13:40:07,779 | INFO     | [DataAdapter] Starting update for EURUSD
2026-07-24 13:40:07,779 | INFO     | [DataAdapter] Refreshing M1 data for EURUSD
2026-07-24 13:40:07,779 | INFO     | [DataAdapter] Starting update for EURUSD-OTC
2026-07-24 13:40:07,780 | INFO     | [DataAdapter] Refreshing M1 data for EURUSD-OTC
2026-07-24 13:40:07,780 | INFO     | [DataAdapter] Starting update for GBPUSD-OTC
2026-07-24 13:40:07,780 | INFO     | [DataAdapter] Refreshing M1 data for GBPUSD-OTC
2026-07-24 13:40:07,781 | INFO     | [DataAdapter] Starting update for EURGBP-OTC
2026-07-24 13:40:07,781 | INFO     | [DataAdapter] Refreshing M1 data for EURGBP-OTC
2026-07-24 13:40:08,874 | INFO     | [IQOPTION] REST fetch succeeded for EURUSD: 5 candles
2026-07-24 13:40:08,910 | INFO     | [DataAdapter] M1 anomaly detection completed for EURUSD in 0.013s
2026-07-24 13:40:08,969 | INFO     | [CSVQueue] Enqueuing write for data_base/csv/iq_option\EURUSD\EURUSD_M1.csv - Queue size: 0
2026-07-24 13:40:08,985 | INFO     | [DataAdapter] M1 data refresh completed for EURUSD
2026-07-24 13:40:08,985 | INFO     | [DataAdapter] Refreshing M5 data for EURUSD
2026-07-24 13:40:08,986 | INFO     | [CSVQueue] Processing write for data_base/csv/iq_option\EURUSD\EURUSD_M1.csv
2026-07-24 13:40:08,986 | INFO     | [CSVWriter] Writing 249 rows to data_base/csv/iq_option\EURUSD\EURUSD_M1.csv
2026-07-24 13:40:09,111 | INFO     | [IQOPTION] REST fetch succeeded for EURUSD-OTC: 5 candles
2026-07-24 13:40:09,136 | ERROR    | [ANOMALY] CONSECUTIVE zero volume: EURUSD-OTC streak 248
2026-07-24 13:40:09,355 | WARNING  | [ANOMALY] Total anomalies detected: EURUSD-OTC 249
2026-07-24 13:40:09,363 | INFO     | [DataAdapter] M1 anomaly detection completed for EURUSD-OTC in 0.230s
2026-07-24 13:40:09,363 | INFO     | [IQOPTION] REST fetch succeeded for GBPUSD-OTC: 5 candles
2026-07-24 13:40:09,381 | ERROR    | [ANOMALY] CONSECUTIVE zero volume: GBPUSD-OTC streak 248
2026-07-24 13:40:09,395 | INFO     | [CSVWriter] Successfully wrote 378 rows to data_base/csv/iq_option\EURUSD\EURUSD_M1.csv
2026-07-24 13:40:09,426 | INFO     | [CSVQueue] Successfully processed write for data_base/csv/iq_option\EURUSD\EURUSD_M1.csv
2026-07-24 13:40:09,426 | INFO     | [CSVQueue] Queue size: 0
2026-07-24 13:40:09,442 | INFO     | [CSVQueue] Enqueuing write for data_base/csv/iq_option\EURUSD-OTC\EURUSD-OTC_M1.csv - Queue size: 0
2026-07-24 13:40:09,458 | INFO     | [DataAdapter] M1 data refresh completed for EURUSD-OTC
2026-07-24 13:40:09,458 | INFO     | [DataAdapter] Refreshing M5 data for EURUSD-OTC
2026-07-24 13:40:09,458 | INFO     | [CSVQueue] Processing write for data_base/csv/iq_option\EURUSD-OTC\EURUSD-OTC_M1.csv
2026-07-24 13:40:09,458 | INFO     | [CSVWriter] Writing 249 rows to data_base/csv/iq_option\EURUSD-OTC\EURUSD-OTC_M1.csv
2026-07-24 13:40:09,571 | WARNING  | [ANOMALY] Total anomalies detected: GBPUSD-OTC 249
2026-07-24 13:40:09,584 | INFO     | [DataAdapter] M1 anomaly detection completed for GBPUSD-OTC in 0.211s
2026-07-24 13:40:09,632 | INFO     | [IQOPTION] REST fetch succeeded for EURGBP-OTC: 5 candles
2026-07-24 13:40:09,632 | INFO     | [CSVQueue] Enqueuing write for data_base/csv/iq_option\GBPUSD-OTC\GBPUSD-OTC_M1.csv - Queue size: 0
2026-07-24 13:40:09,652 | ERROR    | [ANOMALY] CONSECUTIVE zero volume: EURGBP-OTC streak 248
2026-07-24 13:40:09,728 | INFO     | [DataAdapter] M1 data refresh completed for GBPUSD-OTC
2026-07-24 13:40:09,744 | INFO     | [DataAdapter] Refreshing M5 data for GBPUSD-OTC
2026-07-24 13:40:09,903 | INFO     | [IQOPTION] REST fetch succeeded for EURUSD: 5 candles
2026-07-24 13:40:09,940 | INFO     | [CSVWriter] Successfully wrote 377 rows to data_base/csv/iq_option\EURUSD-OTC\EURUSD-OTC_M1.csv
2026-07-24 13:40:09,952 | WARNING  | [ANOMALY] Total anomalies detected: EURGBP-OTC 249
2026-07-24 13:40:10,000 | INFO     | [DataAdapter] M5 anomaly detection completed for EURUSD
2026-07-24 13:40:10,028 | INFO     | [CSVQueue] Successfully processed write for data_base/csv/iq_option\EURUSD-OTC\EURUSD-OTC_M1.csv
2026-07-24 13:40:10,043 | INFO     | [DataAdapter] M1 anomaly detection completed for EURGBP-OTC in 0.394s
2026-07-24 13:40:10,169 | INFO     | [CSVQueue] Processing write for data_base/csv/iq_option\GBPUSD-OTC\GBPUSD-OTC_M1.csv
2026-07-24 13:40:10,171 | INFO     | [IQOPTION] REST fetch succeeded for EURUSD-OTC: 5 candles
2026-07-24 13:40:10,171 | INFO     | [CSVQueue] Enqueuing write for data_base/csv/iq_option\EURUSD\EURUSD_M5.csv - Queue size: 0
2026-07-24 13:40:10,172 | INFO     | [CSVWriter] Writing 249 rows to data_base/csv/iq_option\GBPUSD-OTC\GBPUSD-OTC_M1.csv
2026-07-24 13:40:10,205 | INFO     | [DataAdapter] M5 data refresh completed for EURUSD
2026-07-24 13:40:10,208 | INFO     | [CSVQueue] Enqueuing write for data_base/csv/iq_option\EURGBP-OTC\EURGBP-OTC_M1.csv - Queue size: 1
2026-07-24 13:40:10,210 | ERROR    | [ANOMALY] CONSECUTIVE zero volume: EURUSD-OTC streak 248
2026-07-24 13:40:10,265 | INFO     | [DataAdapter] Refreshing M15 data for EURUSD
2026-07-24 13:40:10,345 | INFO     | [DataAdapter] M1 data refresh completed for EURGBP-OTC
2026-07-24 13:40:10,413 | INFO     | [DataAdapter] M15 anomaly detection completed for EURUSD
2026-07-24 13:40:10,443 | INFO     | [DataAdapter] Refreshing M5 data for EURGBP-OTC
2026-07-24 13:40:10,443 | INFO     | [IQOPTION] REST fetch succeeded for GBPUSD-OTC: 5 candles
2026-07-24 13:40:10,444 | INFO     | [DataAdapter] M15 data refresh completed for EURUSD
2026-07-24 13:40:10,450 | WARNING  | [ANOMALY] Total anomalies detected: EURUSD-OTC 249
2026-07-24 13:40:10,523 | ERROR    | [ANOMALY] CONSECUTIVE zero volume: GBPUSD-OTC streak 248
2026-07-24 13:40:10,523 | INFO     | [DataAdapter] Anomaly statistics for EURUSD: {'total_calls': 100, 'response_times': [0.013999700546264648, 0.31719064712524414, 0.2949824333190918, 0.03267955780029297, 0.16599440574645996, 0.4046361446380615, 0.3303542137145996, 0.18708395957946777, 0.012867212295532227, 0.29335784912109375, 0.21855616569519043, 0.04597282409667969, 0.016118288040161133, 0.16651606559753418, 0.17901921272277832, 0.04098248481750488, 0.027006864547729492, 0.2834603786468506, 0.20427322387695312, 0.21520233154296875, 0.006014347076416016, 0.24805641174316406, 0.2825925350189209, 0.026009082794189453, 0.03001713752746582, 0.33109354972839355, 0.26633429527282715, 0.03498196601867676, 0.013983488082885742, 0.16509389877319336, 0.203139066696167, 0.02601027488708496, 0.015662193298339844, 0.285672664642334, 0.16912531852722168, 0.031012296676635742, 0.02100062370300293, 0.19908738136291504, 0.33910560607910156, 0.4241623878479004, 0.031023502349853516, 0.12838149070739746, 0.22991466522216797, 0.025004148483276367, 0.005982875823974609, 0.15928292274475098, 0.18576288223266602, 0.024000883102416992, 0.020021677017211914, 0.2539963722229004, 0.23406672477722168, 0.027977466583251953, 0.032039642333984375, 0.23402166366577148, 0.35982704162597656, 0.031000375747680664, 0.029973506927490234, 0.21654653549194336, 0.4075918197631836, 0.32715654373168945, 0.015000104904174805, 0.21819853782653809, 0.24185967445373535, 0.032021284103393555, 0.014994621276855469, 0.35053372383117676, 0.2678334712982178, 0.037000179290771484, 0.020027637481689453, 0.35924363136291504, 0.2781853675842285, 0.031000137329101562, 0.015509366989135742, 0.21570110321044922, 0.3485097885131836, 0.03399968147277832, 0.015020370483398438, 0.2662651538848877, 0.2810933589935303, 0.3631160259246826, 0.006013154983520508, 0.3089568614959717, 0.2898275852203369, 0.02498316764831543, 0.014000892639160156, 0.2052288055419922, 0.28769516944885254, 0.030613422393798828, 0.03499746322631836, 0.34804296493530273, 0.23193693161010742, 0.04099726676940918, 0.0060138702392578125, 0.17101597785949707, 0.1998612880706787, 0.03898882865905762, 0.013130426406860352, 0.2299973964691162, 0.21095585823059082, 0.3939990997314453], 'spike_count': 0, 'zero_volume_count': np.int64(55029), 'impossible_candle_count': 0, 'consecutive_anomalies': 0, 'avg_response_time': np.float64(0.16024350881576538), 'max_response_time': np.float64(0.4241623878479004), 'min_response_time': np.float64(0.005982875823974609)}
2026-07-24 13:40:10,534 | INFO     | [DataAdapter] M5 anomaly detection completed for EURUSD-OTC
2026-07-24 13:40:10,629 | INFO     | [CSVWriter] Successfully wrote 377 rows to data_base/csv/iq_option\GBPUSD-OTC\GBPUSD-OTC_M1.csv
2026-07-24 13:40:10,645 | INFO     | [CSVQueue] Successfully processed write for data_base/csv/iq_option\GBPUSD-OTC\GBPUSD-OTC_M1.csv
2026-07-24 13:40:10,645 | INFO     | [CSVQueue] Processing write for data_base/csv/iq_option\EURUSD\EURUSD_M5.csv
2026-07-24 13:40:10,679 | WARNING  | [ANOMALY] Total anomalies detected: GBPUSD-OTC 249
2026-07-24 13:40:10,708 | INFO     | [CSVWriter] Writing 249 rows to data_base/csv/iq_option\EURUSD\EURUSD_M5.csv
2026-07-24 13:40:10,724 | INFO     | [CSVQueue] Enqueuing write for data_base/csv/iq_option\EURUSD-OTC\EURUSD-OTC_M5.csv - Queue size: 1
2026-07-24 13:40:10,724 | INFO     | [DataAdapter] M5 anomaly detection completed for GBPUSD-OTC
2026-07-24 13:40:10,804 | INFO     | [DataAdapter] M5 data refresh completed for EURUSD-OTC
2026-07-24 13:40:10,836 | INFO     | [DataAdapter] Refreshing M15 data for EURUSD-OTC
2026-07-24 13:40:10,853 | ERROR    | [ANOMALY] CONSECUTIVE zero volume: EURUSD-OTC streak 248
2026-07-24 13:40:10,854 | INFO     | [IQOPTION] REST fetch succeeded for EURGBP-OTC: 5 candles
2026-07-24 13:40:10,864 | ERROR    | [ANOMALY] CONSECUTIVE zero volume: EURGBP-OTC streak 248
2026-07-24 13:40:10,864 | INFO     | [CSVQueue] Enqueuing write for data_base/csv/iq_option\GBPUSD-OTC\GBPUSD-OTC_M5.csv - Queue size: 2
2026-07-24 13:40:10,868 | INFO     | [DataAdapter] M5 data refresh completed for GBPUSD-OTC
2026-07-24 13:40:10,872 | INFO     | [DataAdapter] Refreshing M15 data for GBPUSD-OTC
2026-07-24 13:40:10,875 | ERROR    | [ANOMALY] CONSECUTIVE zero volume: GBPUSD-OTC streak 248
2026-07-24 13:40:10,883 | WARNING  | [ANOMALY] Total anomalies detected: EURUSD-OTC 249
2026-07-24 13:40:10,883 | INFO     | [DataAdapter] M15 anomaly detection completed for EURUSD-OTC
2026-07-24 13:40:10,887 | INFO     | [DataAdapter] M15 data refresh completed for EURUSD-OTC
2026-07-24 13:40:10,890 | WARNING  | [ANOMALY] Total anomalies detected: EURGBP-OTC 249
2026-07-24 13:40:10,891 | INFO     | [DataAdapter] Anomaly statistics for EURUSD-OTC: {'total_calls': 100, 'response_times': [0.013999700546264648, 0.31719064712524414, 0.2949824333190918, 0.03267955780029297, 0.16599440574645996, 0.4046361446380615, 0.3303542137145996, 0.18708395957946777, 0.012867212295532227, 0.29335784912109375, 0.21855616569519043, 0.04597282409667969, 0.016118288040161133, 0.16651606559753418, 0.17901921272277832, 0.04098248481750488, 0.027006864547729492, 0.2834603786468506, 0.20427322387695312, 0.21520233154296875, 0.006014347076416016, 0.24805641174316406, 0.2825925350189209, 0.026009082794189453, 0.03001713752746582, 0.33109354972839355, 0.26633429527282715, 0.03498196601867676, 0.013983488082885742, 0.16509389877319336, 0.203139066696167, 0.02601027488708496, 0.015662193298339844, 0.285672664642334, 0.16912531852722168, 0.031012296676635742, 0.02100062370300293, 0.19908738136291504, 0.33910560607910156, 0.4241623878479004, 0.031023502349853516, 0.12838149070739746, 0.22991466522216797, 0.025004148483276367, 0.005982875823974609, 0.15928292274475098, 0.18576288223266602, 0.024000883102416992, 0.020021677017211914, 0.2539963722229004, 0.23406672477722168, 0.027977466583251953, 0.032039642333984375, 0.23402166366577148, 0.35982704162597656, 0.031000375747680664, 0.029973506927490234, 0.21654653549194336, 0.4075918197631836, 0.32715654373168945, 0.015000104904174805, 0.21819853782653809, 0.24185967445373535, 0.032021284103393555, 0.014994621276855469, 0.35053372383117676, 0.2678334712982178, 0.037000179290771484, 0.020027637481689453, 0.35924363136291504, 0.2781853675842285, 0.031000137329101562, 0.015509366989135742, 0.21570110321044922, 0.3485097885131836, 0.03399968147277832, 0.015020370483398438, 0.2662651538848877, 0.2810933589935303, 0.3631160259246826, 0.006013154983520508, 0.3089568614959717, 0.2898275852203369, 0.02498316764831543, 0.014000892639160156, 0.2052288055419922, 0.28769516944885254, 0.030613422393798828, 0.03499746322631836, 0.34804296493530273, 0.23193693161010742, 0.04099726676940918, 0.0060138702392578125, 0.17101597785949707, 0.1998612880706787, 0.03898882865905762, 0.013130426406860352, 0.2299973964691162, 0.21095585823059082, 0.3939990997314453], 'spike_count': 0, 'zero_volume_count': np.int64(55776), 'impossible_candle_count': 0, 'consecutive_anomalies': 0, 'avg_response_time': np.float64(0.16024350881576538), 'max_response_time': np.float64(0.4241623878479004), 'min_response_time': np.float64(0.005982875823974609)}
2026-07-24 13:40:10,891 | INFO     | [CSVWriter] Successfully wrote 275 rows to data_base/csv/iq_option\EURUSD\EURUSD_M5.csv
2026-07-24 13:40:10,892 | INFO     | [DataAdapter] M5 anomaly detection completed for EURGBP-OTC
2026-07-24 13:40:10,892 | INFO     | [CSVQueue] Successfully processed write for data_base/csv/iq_option\EURUSD\EURUSD_M5.csv
2026-07-24 13:40:10,899 | WARNING  | [ANOMALY] Total anomalies detected: GBPUSD-OTC 249
2026-07-24 13:40:10,899 | INFO     | [CSVQueue] Processing write for data_base/csv/iq_option\EURGBP-OTC\EURGBP-OTC_M1.csv
2026-07-24 13:40:10,900 | INFO     | [DataAdapter] M15 anomaly detection completed for GBPUSD-OTC
2026-07-24 13:40:10,900 | INFO     | [CSVWriter] Writing 249 rows to data_base/csv/iq_option\EURGBP-OTC\EURGBP-OTC_M1.csv
2026-07-24 13:40:10,900 | INFO     | [DataAdapter] M15 data refresh completed for GBPUSD-OTC
2026-07-24 13:40:10,902 | INFO     | [CSVQueue] Enqueuing write for data_base/csv/iq_option\EURGBP-OTC\EURGBP-OTC_M5.csv - Queue size: 2
2026-07-24 13:40:10,903 | INFO     | [DataAdapter] Anomaly statistics for GBPUSD-OTC: {'total_calls': 100, 'response_times': [0.013999700546264648, 0.31719064712524414, 0.2949824333190918, 0.03267955780029297, 0.16599440574645996, 0.4046361446380615, 0.3303542137145996, 0.18708395957946777, 0.012867212295532227, 0.29335784912109375, 0.21855616569519043, 0.04597282409667969, 0.016118288040161133, 0.16651606559753418, 0.17901921272277832, 0.04098248481750488, 0.027006864547729492, 0.2834603786468506, 0.20427322387695312, 0.21520233154296875, 0.006014347076416016, 0.24805641174316406, 0.2825925350189209, 0.026009082794189453, 0.03001713752746582, 0.33109354972839355, 0.26633429527282715, 0.03498196601867676, 0.013983488082885742, 0.16509389877319336, 0.203139066696167, 0.02601027488708496, 0.015662193298339844, 0.285672664642334, 0.16912531852722168, 0.031012296676635742, 0.02100062370300293, 0.19908738136291504, 0.33910560607910156, 0.4241623878479004, 0.031023502349853516, 0.12838149070739746, 0.22991466522216797, 0.025004148483276367, 0.005982875823974609, 0.15928292274475098, 0.18576288223266602, 0.024000883102416992, 0.020021677017211914, 0.2539963722229004, 0.23406672477722168, 0.027977466583251953, 0.032039642333984375, 0.23402166366577148, 0.35982704162597656, 0.031000375747680664, 0.029973506927490234, 0.21654653549194336, 0.4075918197631836, 0.32715654373168945, 0.015000104904174805, 0.21819853782653809, 0.24185967445373535, 0.032021284103393555, 0.014994621276855469, 0.35053372383117676, 0.2678334712982178, 0.037000179290771484, 0.020027637481689453, 0.35924363136291504, 0.2781853675842285, 0.031000137329101562, 0.015509366989135742, 0.21570110321044922, 0.3485097885131836, 0.03399968147277832, 0.015020370483398438, 0.2662651538848877, 0.2810933589935303, 0.3631160259246826, 0.006013154983520508, 0.3089568614959717, 0.2898275852203369, 0.02498316764831543, 0.014000892639160156, 0.2052288055419922, 0.28769516944885254, 0.030613422393798828, 0.03499746322631836, 0.34804296493530273, 0.23193693161010742, 0.04099726676940918, 0.0060138702392578125, 0.17101597785949707, 0.1998612880706787, 0.03898882865905762, 0.013130426406860352, 0.2299973964691162, 0.21095585823059082, 0.3939990997314453], 'spike_count': 0, 'zero_volume_count': np.int64(55776), 'impossible_candle_count': 0, 'consecutive_anomalies': 0, 'avg_response_time': np.float64(0.16024350881576538), 'max_response_time': np.float64(0.4241623878479004), 'min_response_time': np.float64(0.005982875823974609)}
2026-07-24 13:40:10,903 | INFO     | [DataAdapter] M5 data refresh completed for EURGBP-OTC
2026-07-24 13:40:10,904 | INFO     | [DataAdapter] Refreshing M15 data for EURGBP-OTC
2026-07-24 13:40:10,907 | ERROR    | [ANOMALY] CONSECUTIVE zero volume: EURGBP-OTC streak 248
2026-07-24 13:40:10,917 | WARNING  | [ANOMALY] Total anomalies detected: EURGBP-OTC 249
2026-07-24 13:40:10,917 | INFO     | [DataAdapter] M15 anomaly detection completed for EURGBP-OTC
2026-07-24 13:40:10,918 | INFO     | [DataAdapter] M15 data refresh completed for EURGBP-OTC
2026-07-24 13:40:10,920 | INFO     | [DataAdapter] Anomaly statistics for EURGBP-OTC: {'total_calls': 100, 'response_times': [0.013999700546264648, 0.31719064712524414, 0.2949824333190918, 0.03267955780029297, 0.16599440574645996, 0.4046361446380615, 0.3303542137145996, 0.18708395957946777, 0.012867212295532227, 0.29335784912109375, 0.21855616569519043, 0.04597282409667969, 0.016118288040161133, 0.16651606559753418, 0.17901921272277832, 0.04098248481750488, 0.027006864547729492, 0.2834603786468506, 0.20427322387695312, 0.21520233154296875, 0.006014347076416016, 0.24805641174316406, 0.2825925350189209, 0.026009082794189453, 0.03001713752746582, 0.33109354972839355, 0.26633429527282715, 0.03498196601867676, 0.013983488082885742, 0.16509389877319336, 0.203139066696167, 0.02601027488708496, 0.015662193298339844, 0.285672664642334, 0.16912531852722168, 0.031012296676635742, 0.02100062370300293, 0.19908738136291504, 0.33910560607910156, 0.4241623878479004, 0.031023502349853516, 0.12838149070739746, 0.22991466522216797, 0.025004148483276367, 0.005982875823974609, 0.15928292274475098, 0.18576288223266602, 0.024000883102416992, 0.020021677017211914, 0.2539963722229004, 0.23406672477722168, 0.027977466583251953, 0.032039642333984375, 0.23402166366577148, 0.35982704162597656, 0.031000375747680664, 0.029973506927490234, 0.21654653549194336, 0.4075918197631836, 0.32715654373168945, 0.015000104904174805, 0.21819853782653809, 0.24185967445373535, 0.032021284103393555, 0.014994621276855469, 0.35053372383117676, 0.2678334712982178, 0.037000179290771484, 0.020027637481689453, 0.35924363136291504, 0.2781853675842285, 0.031000137329101562, 0.015509366989135742, 0.21570110321044922, 0.3485097885131836, 0.03399968147277832, 0.015020370483398438, 0.2662651538848877, 0.2810933589935303, 0.3631160259246826, 0.006013154983520508, 0.3089568614959717, 0.2898275852203369, 0.02498316764831543, 0.014000892639160156, 0.2052288055419922, 0.28769516944885254, 0.030613422393798828, 0.03499746322631836, 0.34804296493530273, 0.23193693161010742, 0.04099726676940918, 0.0060138702392578125, 0.17101597785949707, 0.1998612880706787, 0.03898882865905762, 0.013130426406860352, 0.2299973964691162, 0.21095585823059082, 0.3939990997314453], 'spike_count': 0, 'zero_volume_count': np.int64(56025), 'impossible_candle_count': 0, 'consecutive_anomalies': 0, 'avg_response_time': np.float64(0.16024350881576538), 'max_response_time': np.float64(0.4241623878479004), 'min_response_time': np.float64(0.005982875823974609)}
2026-07-24 13:40:10,922 | INFO     | [CSVWriter] Successfully wrote 377 rows to data_base/csv/iq_option\EURGBP-OTC\EURGBP-OTC_M1.csv
2026-07-24 13:40:10,922 | INFO     | [CSVQueue] Successfully processed write for data_base/csv/iq_option\EURGBP-OTC\EURGBP-OTC_M1.csv
2026-07-24 13:40:10,923 | INFO     | [CSVQueue] Processing write for data_base/csv/iq_option\EURUSD-OTC\EURUSD-OTC_M5.csv
2026-07-24 13:40:10,923 | INFO     | [CSVWriter] Writing 249 rows to data_base/csv/iq_option\EURUSD-OTC\EURUSD-OTC_M5.csv
2026-07-24 13:40:10,935 | INFO     | [CSVWriter] Successfully wrote 275 rows to data_base/csv/iq_option\EURUSD-OTC\EURUSD-OTC_M5.csv
2026-07-24 13:40:10,936 | INFO     | [CSVQueue] Successfully processed write for data_base/csv/iq_option\EURUSD-OTC\EURUSD-OTC_M5.csv
2026-07-24 13:40:10,937 | INFO     | [CSVQueue] Processing write for data_base/csv/iq_option\GBPUSD-OTC\GBPUSD-OTC_M5.csv
2026-07-24 13:40:10,937 | INFO     | [CSVWriter] Writing 249 rows to data_base/csv/iq_option\GBPUSD-OTC\GBPUSD-OTC_M5.csv
2026-07-24 13:40:10,975 | INFO     | [CSVWriter] Successfully wrote 275 rows to data_base/csv/iq_option\GBPUSD-OTC\GBPUSD-OTC_M5.csv
2026-07-24 13:40:10,990 | INFO     | [CSVQueue] Successfully processed write for data_base/csv/iq_option\GBPUSD-OTC\GBPUSD-OTC_M5.csv
2026-07-24 13:40:10,990 | INFO     | [CSVQueue] Processing write for data_base/csv/iq_option\EURGBP-OTC\EURGBP-OTC_M5.csv
2026-07-24 13:40:10,991 | INFO     | [CSVWriter] Writing 249 rows to data_base/csv/iq_option\EURGBP-OTC\EURGBP-OTC_M5.csv
2026-07-24 13:40:11,001 | INFO     | [CSVWriter] Successfully wrote 275 rows to data_base/csv/iq_option\EURGBP-OTC\EURGBP-OTC_M5.csv
2026-07-24 13:40:11,001 | INFO     | [CSVQueue] Successfully processed write for data_base/csv/iq_option\EURGBP-OTC\EURGBP-OTC_M5.csv
2026-07-24 13:40:11,001 | INFO     | [CSVQueue] Queue size: 0
2026-07-24 13:40:11,156 | INFO     | [EURUSD:1.13857][EURUSD-OTC:1.15318][GBPUSD-OTC:1.33207][EURGBP-OTC:0.85552] :: TOTAL=$1271.51
2026-07-24 13:41:03,411 | INFO     | [DataAdapter] Starting update for EURUSD
2026-07-24 13:41:03,411 | INFO     | [DataAdapter] Refreshing M1 data for EURUSD
2026-07-24 13:41:03,411 | INFO     | [DataAdapter] Starting update for EURUSD-OTC
2026-07-24 13:41:03,411 | INFO     | [DataAdapter] Starting update for GBPUSD-OTC
2026-07-24 13:41:03,412 | INFO     | [DataAdapter] Refreshing M1 data for EURUSD-OTC
2026-07-24 13:41:03,412 | INFO     | [DataAdapter] Refreshing M1 data for GBPUSD-OTC
2026-07-24 13:41:03,412 | INFO     | [DataAdapter] Starting update for EURGBP-OTC
2026-07-24 13:41:03,413 | INFO     | [DataAdapter] Refreshing M1 data for EURGBP-OTC
2026-07-24 13:41:03,728 | INFO     | [IQOPTION] REST fetch succeeded for EURUSD: 5 candles
2026-07-24 13:41:03,810 | INFO     | [DataAdapter] M1 anomaly detection completed for EURUSD in 0.049s
2026-07-24 13:41:03,917 | INFO     | [CSVQueue] Enqueuing write for data_base/csv/iq_option\EURUSD\EURUSD_M1.csv - Queue size: 0
2026-07-24 13:41:03,933 | INFO     | [DataAdapter] M1 data refresh completed for EURUSD
2026-07-24 13:41:03,933 | INFO     | [CSVQueue] Processing write for data_base/csv/iq_option\EURUSD\EURUSD_M1.csv
2026-07-24 13:41:03,949 | INFO     | [DataAdapter] Refreshing M5 data for EURUSD
2026-07-24 13:41:03,949 | INFO     | [IQOPTION] REST fetch succeeded for EURUSD-OTC: 5 candles
2026-07-24 13:41:03,949 | INFO     | [CSVWriter] Writing 249 rows to data_base/csv/iq_option\EURUSD\EURUSD_M1.csv
2026-07-24 13:41:03,956 | INFO     | [DataAdapter] M5 anomaly detection completed for EURUSD
2026-07-24 13:41:03,984 | ERROR    | [ANOMALY] CONSECUTIVE zero volume: EURUSD-OTC streak 248
2026-07-24 13:41:03,986 | INFO     | [DataAdapter] M5 data refresh completed for EURUSD
2026-07-24 13:41:04,044 | INFO     | [DataAdapter] Refreshing M15 data for EURUSD
2026-07-24 13:41:04,063 | INFO     | [DataAdapter] M15 anomaly detection completed for EURUSD
2026-07-24 13:41:04,063 | INFO     | [DataAdapter] M15 data refresh completed for EURUSD
2026-07-24 13:41:04,065 | INFO     | [DataAdapter] Anomaly statistics for EURUSD: {'total_calls': 101, 'response_times': [0.013999700546264648, 0.31719064712524414, 0.2949824333190918, 0.03267955780029297, 0.16599440574645996, 0.4046361446380615, 0.3303542137145996, 0.18708395957946777, 0.012867212295532227, 0.29335784912109375, 0.21855616569519043, 0.04597282409667969, 0.016118288040161133, 0.16651606559753418, 0.17901921272277832, 0.04098248481750488, 0.027006864547729492, 0.2834603786468506, 0.20427322387695312, 0.21520233154296875, 0.006014347076416016, 0.24805641174316406, 0.2825925350189209, 0.026009082794189453, 0.03001713752746582, 0.33109354972839355, 0.26633429527282715, 0.03498196601867676, 0.013983488082885742, 0.16509389877319336, 0.203139066696167, 0.02601027488708496, 0.015662193298339844, 0.285672664642334, 0.16912531852722168, 0.031012296676635742, 0.02100062370300293, 0.19908738136291504, 0.33910560607910156, 0.4241623878479004, 0.031023502349853516, 0.12838149070739746, 0.22991466522216797, 0.025004148483276367, 0.005982875823974609, 0.15928292274475098, 0.18576288223266602, 0.024000883102416992, 0.020021677017211914, 0.2539963722229004, 0.23406672477722168, 0.027977466583251953, 0.032039642333984375, 0.23402166366577148, 0.35982704162597656, 0.031000375747680664, 0.029973506927490234, 0.21654653549194336, 0.4075918197631836, 0.32715654373168945, 0.015000104904174805, 0.21819853782653809, 0.24185967445373535, 0.032021284103393555, 0.014994621276855469, 0.35053372383117676, 0.2678334712982178, 0.037000179290771484, 0.020027637481689453, 0.35924363136291504, 0.2781853675842285, 0.031000137329101562, 0.015509366989135742, 0.21570110321044922, 0.3485097885131836, 0.03399968147277832, 0.015020370483398438, 0.2662651538848877, 0.2810933589935303, 0.3631160259246826, 0.006013154983520508, 0.3089568614959717, 0.2898275852203369, 0.02498316764831543, 0.014000892639160156, 0.2052288055419922, 0.28769516944885254, 0.030613422393798828, 0.03499746322631836, 0.34804296493530273, 0.23193693161010742, 0.04099726676940918, 0.0060138702392578125, 0.17101597785949707, 0.1998612880706787, 0.03898882865905762, 0.013130426406860352, 0.2299973964691162, 0.21095585823059082, 0.3939990997314453, 0.04900622367858887], 'spike_count': 0, 'zero_volume_count': np.int64(56274), 'impossible_candle_count': 0, 'consecutive_anomalies': 0, 'avg_response_time': np.float64(0.15914214955698144), 'max_response_time': np.float64(0.4241623878479004), 'min_response_time': np.float64(0.005982875823974609)}
2026-07-24 13:41:04,268 | WARNING  | [ANOMALY] Total anomalies detected: EURUSD-OTC 249
2026-07-24 13:41:04,270 | INFO     | [DataAdapter] M1 anomaly detection completed for EURUSD-OTC in 0.289s
2026-07-24 13:41:04,281 | INFO     | [IQOPTION] REST fetch succeeded for GBPUSD-OTC: 5 candles
2026-07-24 13:41:04,298 | INFO     | [CSVQueue] Enqueuing write for data_base/csv/iq_option\EURUSD-OTC\EURUSD-OTC_M1.csv - Queue size: 0
2026-07-24 13:41:04,298 | INFO     | [DataAdapter] M1 data refresh completed for EURUSD-OTC
2026-07-24 13:41:04,298 | INFO     | [DataAdapter] Refreshing M5 data for EURUSD-OTC
2026-07-24 13:41:04,301 | ERROR    | [ANOMALY] CONSECUTIVE zero volume: EURUSD-OTC streak 248
2026-07-24 13:41:04,307 | ERROR    | [ANOMALY] CONSECUTIVE zero volume: GBPUSD-OTC streak 248
2026-07-24 13:41:04,436 | INFO     | [CSVWriter] Successfully wrote 379 rows to data_base/csv/iq_option\EURUSD\EURUSD_M1.csv
2026-07-24 13:41:04,436 | INFO     | [CSVQueue] Successfully processed write for data_base/csv/iq_option\EURUSD\EURUSD_M1.csv
2026-07-24 13:41:04,468 | INFO     | [CSVQueue] Processing write for data_base/csv/iq_option\EURUSD-OTC\EURUSD-OTC_M1.csv
2026-07-24 13:41:04,468 | INFO     | [CSVWriter] Writing 249 rows to data_base/csv/iq_option\EURUSD-OTC\EURUSD-OTC_M1.csv
2026-07-24 13:41:04,550 | WARNING  | [ANOMALY] Total anomalies detected: GBPUSD-OTC 249
2026-07-24 13:41:04,550 | INFO     | [DataAdapter] M1 anomaly detection completed for GBPUSD-OTC in 0.246s
2026-07-24 13:41:04,584 | WARNING  | [ANOMALY] Total anomalies detected: EURUSD-OTC 249
2026-07-24 13:41:04,584 | INFO     | [IQOPTION] REST fetch succeeded for EURGBP-OTC: 5 candles
2026-07-24 13:41:04,584 | INFO     | [DataAdapter] M5 anomaly detection completed for EURUSD-OTC
2026-07-24 13:41:04,591 | INFO     | [CSVQueue] Enqueuing write for data_base/csv/iq_option\GBPUSD-OTC\GBPUSD-OTC_M1.csv - Queue size: 0
2026-07-24 13:41:04,591 | INFO     | [DataAdapter] M5 data refresh completed for EURUSD-OTC
2026-07-24 13:41:04,593 | ERROR    | [ANOMALY] CONSECUTIVE zero volume: EURGBP-OTC streak 248
2026-07-24 13:41:04,593 | INFO     | [DataAdapter] M1 data refresh completed for GBPUSD-OTC
2026-07-24 13:41:04,594 | INFO     | [DataAdapter] Refreshing M15 data for EURUSD-OTC
2026-07-24 13:41:04,595 | INFO     | [DataAdapter] Refreshing M5 data for GBPUSD-OTC
2026-07-24 13:41:04,598 | ERROR    | [ANOMALY] CONSECUTIVE zero volume: EURUSD-OTC streak 248
2026-07-24 13:41:04,603 | ERROR    | [ANOMALY] CONSECUTIVE zero volume: GBPUSD-OTC streak 248
2026-07-24 13:41:04,618 | WARNING  | [ANOMALY] Total anomalies detected: EURGBP-OTC 249
2026-07-24 13:41:04,619 | INFO     | [DataAdapter] M1 anomaly detection completed for EURGBP-OTC in 0.029s
2026-07-24 13:41:04,622 | INFO     | [CSVWriter] Successfully wrote 378 rows to data_base/csv/iq_option\EURUSD-OTC\EURUSD-OTC_M1.csv
2026-07-24 13:41:04,623 | INFO     | [CSVQueue] Successfully processed write for data_base/csv/iq_option\EURUSD-OTC\EURUSD-OTC_M1.csv
2026-07-24 13:41:04,627 | WARNING  | [ANOMALY] Total anomalies detected: EURUSD-OTC 249
2026-07-24 13:41:04,630 | WARNING  | [ANOMALY] Total anomalies detected: GBPUSD-OTC 249
2026-07-24 13:41:04,630 | INFO     | [CSVQueue] Enqueuing write for data_base/csv/iq_option\EURGBP-OTC\EURGBP-OTC_M1.csv - Queue size: 1
2026-07-24 13:41:04,630 | INFO     | [CSVQueue] Processing write for data_base/csv/iq_option\GBPUSD-OTC\GBPUSD-OTC_M1.csv
2026-07-24 13:41:04,631 | INFO     | [DataAdapter] M15 anomaly detection completed for EURUSD-OTC
2026-07-24 13:41:04,631 | INFO     | [DataAdapter] M5 anomaly detection completed for GBPUSD-OTC
2026-07-24 13:41:04,631 | INFO     | [DataAdapter] M1 data refresh completed for EURGBP-OTC
2026-07-24 13:41:04,631 | INFO     | [CSVWriter] Writing 249 rows to data_base/csv/iq_option\GBPUSD-OTC\GBPUSD-OTC_M1.csv
2026-07-24 13:41:04,632 | INFO     | [DataAdapter] M15 data refresh completed for EURUSD-OTC
2026-07-24 13:41:04,632 | INFO     | [DataAdapter] M5 data refresh completed for GBPUSD-OTC
2026-07-24 13:41:04,632 | INFO     | [DataAdapter] Refreshing M5 data for EURGBP-OTC
2026-07-24 13:41:04,634 | INFO     | [DataAdapter] Anomaly statistics for EURUSD-OTC: {'total_calls': 104, 'response_times': [0.013999700546264648, 0.31719064712524414, 0.2949824333190918, 0.03267955780029297, 0.16599440574645996, 0.4046361446380615, 0.3303542137145996, 0.18708395957946777, 0.012867212295532227, 0.29335784912109375, 0.21855616569519043, 0.04597282409667969, 0.016118288040161133, 0.16651606559753418, 0.17901921272277832, 0.04098248481750488, 0.027006864547729492, 0.2834603786468506, 0.20427322387695312, 0.21520233154296875, 0.006014347076416016, 0.24805641174316406, 0.2825925350189209, 0.026009082794189453, 0.03001713752746582, 0.33109354972839355, 0.26633429527282715, 0.03498196601867676, 0.013983488082885742, 0.16509389877319336, 0.203139066696167, 0.02601027488708496, 0.015662193298339844, 0.285672664642334, 0.16912531852722168, 0.031012296676635742, 0.02100062370300293, 0.19908738136291504, 0.33910560607910156, 0.4241623878479004, 0.031023502349853516, 0.12838149070739746, 0.22991466522216797, 0.025004148483276367, 0.005982875823974609, 0.15928292274475098, 0.18576288223266602, 0.024000883102416992, 0.020021677017211914, 0.2539963722229004, 0.23406672477722168, 0.027977466583251953, 0.032039642333984375, 0.23402166366577148, 0.35982704162597656, 0.031000375747680664, 0.029973506927490234, 0.21654653549194336, 0.4075918197631836, 0.32715654373168945, 0.015000104904174805, 0.21819853782653809, 0.24185967445373535, 0.032021284103393555, 0.014994621276855469, 0.35053372383117676, 0.2678334712982178, 0.037000179290771484, 0.020027637481689453, 0.35924363136291504, 0.2781853675842285, 0.031000137329101562, 0.015509366989135742, 0.21570110321044922, 0.3485097885131836, 0.03399968147277832, 0.015020370483398438, 0.2662651538848877, 0.2810933589935303, 0.3631160259246826, 0.006013154983520508, 0.3089568614959717, 0.2898275852203369, 0.02498316764831543, 0.014000892639160156, 0.2052288055419922, 0.28769516944885254, 0.030613422393798828, 0.03499746322631836, 0.34804296493530273, 0.23193693161010742, 0.04099726676940918, 0.0060138702392578125, 0.17101597785949707, 0.1998612880706787, 0.03898882865905762, 0.013130426406860352, 0.2299973964691162, 0.21095585823059082, 0.3939990997314453, 0.04900622367858887, 0.2888782024383545, 0.24605846405029297, 0.02899456024169922], 'spike_count': 0, 'zero_volume_count': np.int64(57519), 'impossible_candle_count': 0, 'consecutive_anomalies': 0, 'avg_response_time': np.float64(0.1599739262690911), 'max_response_time': np.float64(0.4241623878479004), 'min_response_time': np.float64(0.005982875823974609)}
2026-07-24 13:41:04,634 | INFO     | [DataAdapter] Refreshing M15 data for GBPUSD-OTC
2026-07-24 13:41:04,638 | ERROR    | [ANOMALY] CONSECUTIVE zero volume: EURGBP-OTC streak 248
2026-07-24 13:41:04,642 | ERROR    | [ANOMALY] CONSECUTIVE zero volume: GBPUSD-OTC streak 248
2026-07-24 13:41:04,657 | WARNING  | [ANOMALY] Total anomalies detected: EURGBP-OTC 249
2026-07-24 13:41:04,661 | WARNING  | [ANOMALY] Total anomalies detected: GBPUSD-OTC 249
2026-07-24 13:41:04,661 | INFO     | [DataAdapter] M5 anomaly detection completed for EURGBP-OTC
2026-07-24 13:41:04,661 | INFO     | [DataAdapter] M15 anomaly detection completed for GBPUSD-OTC
2026-07-24 13:41:04,661 | INFO     | [DataAdapter] M5 data refresh completed for EURGBP-OTC
2026-07-24 13:41:04,662 | INFO     | [DataAdapter] M15 data refresh completed for GBPUSD-OTC
2026-07-24 13:41:04,662 | INFO     | [DataAdapter] Refreshing M15 data for EURGBP-OTC
2026-07-24 13:41:04,662 | INFO     | [DataAdapter] Anomaly statistics for GBPUSD-OTC: {'total_calls': 104, 'response_times': [0.013999700546264648, 0.31719064712524414, 0.2949824333190918, 0.03267955780029297, 0.16599440574645996, 0.4046361446380615, 0.3303542137145996, 0.18708395957946777, 0.012867212295532227, 0.29335784912109375, 0.21855616569519043, 0.04597282409667969, 0.016118288040161133, 0.16651606559753418, 0.17901921272277832, 0.04098248481750488, 0.027006864547729492, 0.2834603786468506, 0.20427322387695312, 0.21520233154296875, 0.006014347076416016, 0.24805641174316406, 0.2825925350189209, 0.026009082794189453, 0.03001713752746582, 0.33109354972839355, 0.26633429527282715, 0.03498196601867676, 0.013983488082885742, 0.16509389877319336, 0.203139066696167, 0.02601027488708496, 0.015662193298339844, 0.285672664642334, 0.16912531852722168, 0.031012296676635742, 0.02100062370300293, 0.19908738136291504, 0.33910560607910156, 0.4241623878479004, 0.031023502349853516, 0.12838149070739746, 0.22991466522216797, 0.025004148483276367, 0.005982875823974609, 0.15928292274475098, 0.18576288223266602, 0.024000883102416992, 0.020021677017211914, 0.2539963722229004, 0.23406672477722168, 0.027977466583251953, 0.032039642333984375, 0.23402166366577148, 0.35982704162597656, 0.031000375747680664, 0.029973506927490234, 0.21654653549194336, 0.4075918197631836, 0.32715654373168945, 0.015000104904174805, 0.21819853782653809, 0.24185967445373535, 0.032021284103393555, 0.014994621276855469, 0.35053372383117676, 0.2678334712982178, 0.037000179290771484, 0.020027637481689453, 0.35924363136291504, 0.2781853675842285, 0.031000137329101562, 0.015509366989135742, 0.21570110321044922, 0.3485097885131836, 0.03399968147277832, 0.015020370483398438, 0.2662651538848877, 0.2810933589935303, 0.3631160259246826, 0.006013154983520508, 0.3089568614959717, 0.2898275852203369, 0.02498316764831543, 0.014000892639160156, 0.2052288055419922, 0.28769516944885254, 0.030613422393798828, 0.03499746322631836, 0.34804296493530273, 0.23193693161010742, 0.04099726676940918, 0.0060138702392578125, 0.17101597785949707, 0.1998612880706787, 0.03898882865905762, 0.013130426406860352, 0.2299973964691162, 0.21095585823059082, 0.3939990997314453, 0.04900622367858887, 0.2888782024383545, 0.24605846405029297, 0.02899456024169922], 'spike_count': 0, 'zero_volume_count': np.int64(58017), 'impossible_candle_count': 0, 'consecutive_anomalies': 0, 'avg_response_time': np.float64(0.1599739262690911), 'max_response_time': np.float64(0.4241623878479004), 'min_response_time': np.float64(0.005982875823974609)}
2026-07-24 13:41:04,666 | ERROR    | [ANOMALY] CONSECUTIVE zero volume: EURGBP-OTC streak 248
2026-07-24 13:41:04,666 | INFO     | [CSVWriter] Successfully wrote 378 rows to data_base/csv/iq_option\GBPUSD-OTC\GBPUSD-OTC_M1.csv
2026-07-24 13:41:04,667 | INFO     | [CSVQueue] Successfully processed write for data_base/csv/iq_option\GBPUSD-OTC\GBPUSD-OTC_M1.csv
2026-07-24 13:41:04,667 | INFO     | [CSVQueue] Processing write for data_base/csv/iq_option\EURGBP-OTC\EURGBP-OTC_M1.csv
2026-07-24 13:41:04,667 | INFO     | [CSVWriter] Writing 249 rows to data_base/csv/iq_option\EURGBP-OTC\EURGBP-OTC_M1.csv
2026-07-24 13:41:04,678 | WARNING  | [ANOMALY] Total anomalies detected: EURGBP-OTC 249
2026-07-24 13:41:04,678 | INFO     | [DataAdapter] M15 anomaly detection completed for EURGBP-OTC
2026-07-24 13:41:04,678 | INFO     | [DataAdapter] M15 data refresh completed for EURGBP-OTC
2026-07-24 13:41:04,678 | INFO     | [DataAdapter] Anomaly statistics for EURGBP-OTC: {'total_calls': 104, 'response_times': [0.013999700546264648, 0.31719064712524414, 0.2949824333190918, 0.03267955780029297, 0.16599440574645996, 0.4046361446380615, 0.3303542137145996, 0.18708395957946777, 0.012867212295532227, 0.29335784912109375, 0.21855616569519043, 0.04597282409667969, 0.016118288040161133, 0.16651606559753418, 0.17901921272277832, 0.04098248481750488, 0.027006864547729492, 0.2834603786468506, 0.20427322387695312, 0.21520233154296875, 0.006014347076416016, 0.24805641174316406, 0.2825925350189209, 0.026009082794189453, 0.03001713752746582, 0.33109354972839355, 0.26633429527282715, 0.03498196601867676, 0.013983488082885742, 0.16509389877319336, 0.203139066696167, 0.02601027488708496, 0.015662193298339844, 0.285672664642334, 0.16912531852722168, 0.031012296676635742, 0.02100062370300293, 0.19908738136291504, 0.33910560607910156, 0.4241623878479004, 0.031023502349853516, 0.12838149070739746, 0.22991466522216797, 0.025004148483276367, 0.005982875823974609, 0.15928292274475098, 0.18576288223266602, 0.024000883102416992, 0.020021677017211914, 0.2539963722229004, 0.23406672477722168, 0.027977466583251953, 0.032039642333984375, 0.23402166366577148, 0.35982704162597656, 0.031000375747680664, 0.029973506927490234, 0.21654653549194336, 0.4075918197631836, 0.32715654373168945, 0.015000104904174805, 0.21819853782653809, 0.24185967445373535, 0.032021284103393555, 0.014994621276855469, 0.35053372383117676, 0.2678334712982178, 0.037000179290771484, 0.020027637481689453, 0.35924363136291504, 0.2781853675842285, 0.031000137329101562, 0.015509366989135742, 0.21570110321044922, 0.3485097885131836, 0.03399968147277832, 0.015020370483398438, 0.2662651538848877, 0.2810933589935303, 0.3631160259246826, 0.006013154983520508, 0.3089568614959717, 0.2898275852203369, 0.02498316764831543, 0.014000892639160156, 0.2052288055419922, 0.28769516944885254, 0.030613422393798828, 0.03499746322631836, 0.34804296493530273, 0.23193693161010742, 0.04099726676940918, 0.0060138702392578125, 0.17101597785949707, 0.1998612880706787, 0.03898882865905762, 0.013130426406860352, 0.2299973964691162, 0.21095585823059082, 0.3939990997314453, 0.04900622367858887, 0.2888782024383545, 0.24605846405029297, 0.02899456024169922], 'spike_count': 0, 'zero_volume_count': np.int64(58266), 'impossible_candle_count': 0, 'consecutive_anomalies': 0, 'avg_response_time': np.float64(0.1599739262690911), 'max_response_time': np.float64(0.4241623878479004), 'min_response_time': np.float64(0.005982875823974609)}
2026-07-24 13:41:04,682 | INFO     | [CSVWriter] Successfully wrote 378 rows to data_base/csv/iq_option\EURGBP-OTC\EURGBP-OTC_M1.csv
2026-07-24 13:41:04,682 | INFO     | [CSVQueue] Successfully processed write for data_base/csv/iq_option\EURGBP-OTC\EURGBP-OTC_M1.csv
2026-07-24 13:41:04,683 | INFO     | [CSVQueue] Queue size: 0
2026-07-24 13:41:04,928 | INFO     | [EURUSD:1.13848][EURUSD-OTC:1.15332][GBPUSD-OTC:1.33160][EURGBP-OTC:0.85589] :: TOTAL=$1271.51
2026-07-24 13:42:04,214 | INFO     | [DataAdapter] Starting update for EURUSD
2026-07-24 13:42:04,215 | INFO     | [DataAdapter] Refreshing M1 data for EURUSD
2026-07-24 13:42:04,215 | INFO     | [DataAdapter] Starting update for EURUSD-OTC
2026-07-24 13:42:04,215 | INFO     | [DataAdapter] Refreshing M1 data for EURUSD-OTC
2026-07-24 13:42:04,215 | INFO     | [DataAdapter] Starting update for GBPUSD-OTC
2026-07-24 13:42:04,215 | INFO     | [DataAdapter] Refreshing M1 data for GBPUSD-OTC
2026-07-24 13:42:04,215 | INFO     | [DataAdapter] Starting update for EURGBP-OTC
2026-07-24 13:42:04,216 | INFO     | [DataAdapter] Refreshing M1 data for EURGBP-OTC
2026-07-24 13:42:04,452 | INFO     | [IQOPTION] REST fetch succeeded for EURUSD: 5 candles
2026-07-24 13:42:04,503 | INFO     | [DataAdapter] M1 anomaly detection completed for EURUSD in 0.030s
2026-07-24 13:42:04,594 | INFO     | [CSVQueue] Enqueuing write for data_base/csv/iq_option\EURUSD\EURUSD_M1.csv - Queue size: 0
2026-07-24 13:42:04,610 | INFO     | [DataAdapter] M1 data refresh completed for EURUSD
2026-07-24 13:42:04,610 | INFO     | [DataAdapter] Refreshing M5 data for EURUSD
2026-07-24 13:42:04,611 | INFO     | [CSVQueue] Processing write for data_base/csv/iq_option\EURUSD\EURUSD_M1.csv
2026-07-24 13:42:04,611 | INFO     | [CSVWriter] Writing 249 rows to data_base/csv/iq_option\EURUSD\EURUSD_M1.csv
2026-07-24 13:42:04,724 | INFO     | [DataAdapter] M5 anomaly detection completed for EURUSD
2026-07-24 13:42:04,736 | INFO     | [DataAdapter] M5 data refresh completed for EURUSD
2026-07-24 13:42:04,752 | INFO     | [DataAdapter] Refreshing M15 data for EURUSD
2026-07-24 13:42:04,758 | INFO     | [DataAdapter] M15 anomaly detection completed for EURUSD
2026-07-24 13:42:04,758 | INFO     | [DataAdapter] M15 data refresh completed for EURUSD
2026-07-24 13:42:04,759 | INFO     | [DataAdapter] Anomaly statistics for EURUSD: {'total_calls': 105, 'response_times': [0.013999700546264648, 0.31719064712524414, 0.2949824333190918, 0.03267955780029297, 0.16599440574645996, 0.4046361446380615, 0.3303542137145996, 0.18708395957946777, 0.012867212295532227, 0.29335784912109375, 0.21855616569519043, 0.04597282409667969, 0.016118288040161133, 0.16651606559753418, 0.17901921272277832, 0.04098248481750488, 0.027006864547729492, 0.2834603786468506, 0.20427322387695312, 0.21520233154296875, 0.006014347076416016, 0.24805641174316406, 0.2825925350189209, 0.026009082794189453, 0.03001713752746582, 0.33109354972839355, 0.26633429527282715, 0.03498196601867676, 0.013983488082885742, 0.16509389877319336, 0.203139066696167, 0.02601027488708496, 0.015662193298339844, 0.285672664642334, 0.16912531852722168, 0.031012296676635742, 0.02100062370300293, 0.19908738136291504, 0.33910560607910156, 0.4241623878479004, 0.031023502349853516, 0.12838149070739746, 0.22991466522216797, 0.025004148483276367, 0.005982875823974609, 0.15928292274475098, 0.18576288223266602, 0.024000883102416992, 0.020021677017211914, 0.2539963722229004, 0.23406672477722168, 0.027977466583251953, 0.032039642333984375, 0.23402166366577148, 0.35982704162597656, 0.031000375747680664, 0.029973506927490234, 0.21654653549194336, 0.4075918197631836, 0.32715654373168945, 0.015000104904174805, 0.21819853782653809, 0.24185967445373535, 0.032021284103393555, 0.014994621276855469, 0.35053372383117676, 0.2678334712982178, 0.037000179290771484, 0.020027637481689453, 0.35924363136291504, 0.2781853675842285, 0.031000137329101562, 0.015509366989135742, 0.21570110321044922, 0.3485097885131836, 0.03399968147277832, 0.015020370483398438, 0.2662651538848877, 0.2810933589935303, 0.3631160259246826, 0.006013154983520508, 0.3089568614959717, 0.2898275852203369, 0.02498316764831543, 0.014000892639160156, 0.2052288055419922, 0.28769516944885254, 0.030613422393798828, 0.03499746322631836, 0.34804296493530273, 0.23193693161010742, 0.04099726676940918, 0.0060138702392578125, 0.17101597785949707, 0.1998612880706787, 0.03898882865905762, 0.013130426406860352, 0.2299973964691162, 0.21095585823059082, 0.3939990997314453, 0.04900622367858887, 0.2888782024383545, 0.24605846405029297, 0.02899456024169922, 0.030014753341674805], 'spike_count': 0, 'zero_volume_count': np.int64(58266), 'impossible_candle_count': 0, 'consecutive_anomalies': 0, 'avg_response_time': np.float64(0.15873621986025854), 'max_response_time': np.float64(0.4241623878479004), 'min_response_time': np.float64(0.005982875823974609)}
2026-07-24 13:42:04,802 | INFO     | [IQOPTION] REST fetch succeeded for EURUSD-OTC: 5 candles
2026-07-24 13:42:04,850 | ERROR    | [ANOMALY] CONSECUTIVE zero volume: EURUSD-OTC streak 248
2026-07-24 13:42:04,944 | INFO     | [CSVWriter] Successfully wrote 380 rows to data_base/csv/iq_option\EURUSD\EURUSD_M1.csv
2026-07-24 13:42:04,959 | INFO     | [CSVQueue] Successfully processed write for data_base/csv/iq_option\EURUSD\EURUSD_M1.csv
2026-07-24 13:42:04,975 | INFO     | [CSVQueue] Queue size: 0
2026-07-24 13:42:05,009 | WARNING  | [ANOMALY] Total anomalies detected: EURUSD-OTC 249
2026-07-24 13:42:05,010 | INFO     | [DataAdapter] M1 anomaly detection completed for EURUSD-OTC in 0.176s
2026-07-24 13:42:05,024 | INFO     | [IQOPTION] REST fetch succeeded for GBPUSD-OTC: 5 candles
2026-07-24 13:42:05,055 | INFO     | [CSVQueue] Enqueuing write for data_base/csv/iq_option\EURUSD-OTC\EURUSD-OTC_M1.csv - Queue size: 0
2026-07-24 13:42:05,070 | INFO     | [DataAdapter] M1 data refresh completed for EURUSD-OTC
2026-07-24 13:42:05,085 | INFO     | [CSVQueue] Processing write for data_base/csv/iq_option\EURUSD-OTC\EURUSD-OTC_M1.csv
2026-07-24 13:42:05,085 | INFO     | [DataAdapter] Refreshing M5 data for EURUSD-OTC
2026-07-24 13:42:05,087 | ERROR    | [ANOMALY] CONSECUTIVE zero volume: GBPUSD-OTC streak 248
2026-07-24 13:42:05,116 | INFO     | [CSVWriter] Writing 249 rows to data_base/csv/iq_option\EURUSD-OTC\EURUSD-OTC_M1.csv
2026-07-24 13:42:05,149 | ERROR    | [ANOMALY] CONSECUTIVE zero volume: EURUSD-OTC streak 248
2026-07-24 13:42:05,260 | INFO     | [IQOPTION] REST fetch succeeded for EURGBP-OTC: 5 candles
2026-07-24 13:42:05,269 | ERROR    | [ANOMALY] CONSECUTIVE zero volume: EURGBP-OTC streak 248
2026-07-24 13:42:05,274 | WARNING  | [ANOMALY] Total anomalies detected: EURUSD-OTC 249
2026-07-24 13:42:05,274 | INFO     | [DataAdapter] M5 anomaly detection completed for EURUSD-OTC
2026-07-24 13:42:05,277 | WARNING  | [ANOMALY] Total anomalies detected: GBPUSD-OTC 249
2026-07-24 13:42:05,278 | INFO     | [DataAdapter] M5 data refresh completed for EURUSD-OTC
2026-07-24 13:42:05,280 | INFO     | [DataAdapter] M1 anomaly detection completed for GBPUSD-OTC in 0.226s
2026-07-24 13:42:05,281 | INFO     | [DataAdapter] Refreshing M15 data for EURUSD-OTC
2026-07-24 13:42:05,288 | ERROR    | [ANOMALY] CONSECUTIVE zero volume: EURUSD-OTC streak 248
2026-07-24 13:42:05,295 | WARNING  | [ANOMALY] Total anomalies detected: EURGBP-OTC 249
2026-07-24 13:42:05,296 | INFO     | [CSVQueue] Enqueuing write for data_base/csv/iq_option\GBPUSD-OTC\GBPUSD-OTC_M1.csv - Queue size: 0
2026-07-24 13:42:05,296 | INFO     | [DataAdapter] M1 anomaly detection completed for EURGBP-OTC in 0.030s
2026-07-24 13:42:05,296 | INFO     | [DataAdapter] M1 data refresh completed for GBPUSD-OTC
2026-07-24 13:42:05,299 | INFO     | [CSVWriter] Successfully wrote 379 rows to data_base/csv/iq_option\EURUSD-OTC\EURUSD-OTC_M1.csv
2026-07-24 13:42:05,302 | INFO     | [DataAdapter] Refreshing M5 data for GBPUSD-OTC
2026-07-24 13:42:05,302 | INFO     | [CSVQueue] Successfully processed write for data_base/csv/iq_option\EURUSD-OTC\EURUSD-OTC_M1.csv
2026-07-24 13:42:05,306 | ERROR    | [ANOMALY] CONSECUTIVE zero volume: GBPUSD-OTC streak 248
2026-07-24 13:42:05,306 | INFO     | [CSVQueue] Processing write for data_base/csv/iq_option\GBPUSD-OTC\GBPUSD-OTC_M1.csv
2026-07-24 13:42:05,308 | INFO     | [CSVQueue] Enqueuing write for data_base/csv/iq_option\EURGBP-OTC\EURGBP-OTC_M1.csv - Queue size: 0
2026-07-24 13:42:05,308 | INFO     | [CSVWriter] Writing 249 rows to data_base/csv/iq_option\GBPUSD-OTC\GBPUSD-OTC_M1.csv
2026-07-24 13:42:05,308 | INFO     | [DataAdapter] M1 data refresh completed for EURGBP-OTC
2026-07-24 13:42:05,314 | WARNING  | [ANOMALY] Total anomalies detected: EURUSD-OTC 249
2026-07-24 13:42:05,314 | INFO     | [DataAdapter] Refreshing M5 data for EURGBP-OTC
2026-07-24 13:42:05,316 | INFO     | [DataAdapter] M15 anomaly detection completed for EURUSD-OTC
2026-07-24 13:42:05,320 | ERROR    | [ANOMALY] CONSECUTIVE zero volume: EURGBP-OTC streak 248
2026-07-24 13:42:05,320 | INFO     | [DataAdapter] M15 data refresh completed for EURUSD-OTC
2026-07-24 13:42:05,323 | INFO     | [DataAdapter] Anomaly statistics for EURUSD-OTC: {'total_calls': 108, 'response_times': [0.013999700546264648, 0.31719064712524414, 0.2949824333190918, 0.03267955780029297, 0.16599440574645996, 0.4046361446380615, 0.3303542137145996, 0.18708395957946777, 0.012867212295532227, 0.29335784912109375, 0.21855616569519043, 0.04597282409667969, 0.016118288040161133, 0.16651606559753418, 0.17901921272277832, 0.04098248481750488, 0.027006864547729492, 0.2834603786468506, 0.20427322387695312, 0.21520233154296875, 0.006014347076416016, 0.24805641174316406, 0.2825925350189209, 0.026009082794189453, 0.03001713752746582, 0.33109354972839355, 0.26633429527282715, 0.03498196601867676, 0.013983488082885742, 0.16509389877319336, 0.203139066696167, 0.02601027488708496, 0.015662193298339844, 0.285672664642334, 0.16912531852722168, 0.031012296676635742, 0.02100062370300293, 0.19908738136291504, 0.33910560607910156, 0.4241623878479004, 0.031023502349853516, 0.12838149070739746, 0.22991466522216797, 0.025004148483276367, 0.005982875823974609, 0.15928292274475098, 0.18576288223266602, 0.024000883102416992, 0.020021677017211914, 0.2539963722229004, 0.23406672477722168, 0.027977466583251953, 0.032039642333984375, 0.23402166366577148, 0.35982704162597656, 0.031000375747680664, 0.029973506927490234, 0.21654653549194336, 0.4075918197631836, 0.32715654373168945, 0.015000104904174805, 0.21819853782653809, 0.24185967445373535, 0.032021284103393555, 0.014994621276855469, 0.35053372383117676, 0.2678334712982178, 0.037000179290771484, 0.020027637481689453, 0.35924363136291504, 0.2781853675842285, 0.031000137329101562, 0.015509366989135742, 0.21570110321044922, 0.3485097885131836, 0.03399968147277832, 0.015020370483398438, 0.2662651538848877, 0.2810933589935303, 0.3631160259246826, 0.006013154983520508, 0.3089568614959717, 0.2898275852203369, 0.02498316764831543, 0.014000892639160156, 0.2052288055419922, 0.28769516944885254, 0.030613422393798828, 0.03499746322631836, 0.34804296493530273, 0.23193693161010742, 0.04099726676940918, 0.0060138702392578125, 0.17101597785949707, 0.1998612880706787, 0.03898882865905762, 0.013130426406860352, 0.2299973964691162, 0.21095585823059082, 0.3939990997314453, 0.04900622367858887, 0.2888782024383545, 0.24605846405029297, 0.02899456024169922, 0.030014753341674805, 0.17598366737365723, 0.22558331489562988, 0.02981853485107422], 'spike_count': 0, 'zero_volume_count': np.int64(60009), 'impossible_candle_count': 0, 'consecutive_anomalies': 0, 'avg_response_time': np.float64(0.15832119076340287), 'max_response_time': np.float64(0.4241623878479004), 'min_response_time': np.float64(0.005982875823974609)}
2026-07-24 13:42:05,326 | WARNING  | [ANOMALY] Total anomalies detected: GBPUSD-OTC 249
2026-07-24 13:42:05,327 | INFO     | [DataAdapter] M5 anomaly detection completed for GBPUSD-OTC
2026-07-24 13:42:05,327 | INFO     | [DataAdapter] M5 data refresh completed for GBPUSD-OTC
2026-07-24 13:42:05,327 | INFO     | [DataAdapter] Refreshing M15 data for GBPUSD-OTC
2026-07-24 13:42:05,330 | ERROR    | [ANOMALY] CONSECUTIVE zero volume: GBPUSD-OTC streak 248
2026-07-24 13:42:05,339 | WARNING  | [ANOMALY] Total anomalies detected: EURGBP-OTC 249
2026-07-24 13:42:05,341 | INFO     | [DataAdapter] M5 anomaly detection completed for EURGBP-OTC
2026-07-24 13:42:05,341 | INFO     | [DataAdapter] M5 data refresh completed for EURGBP-OTC
2026-07-24 13:42:05,342 | INFO     | [DataAdapter] Refreshing M15 data for EURGBP-OTC
2026-07-24 13:42:05,345 | ERROR    | [ANOMALY] CONSECUTIVE zero volume: EURGBP-OTC streak 248
2026-07-24 13:42:05,358 | WARNING  | [ANOMALY] Total anomalies detected: GBPUSD-OTC 249
2026-07-24 13:42:05,358 | INFO     | [CSVWriter] Successfully wrote 379 rows to data_base/csv/iq_option\GBPUSD-OTC\GBPUSD-OTC_M1.csv
2026-07-24 13:42:05,358 | INFO     | [DataAdapter] M15 anomaly detection completed for GBPUSD-OTC
2026-07-24 13:42:05,358 | INFO     | [CSVQueue] Successfully processed write for data_base/csv/iq_option\GBPUSD-OTC\GBPUSD-OTC_M1.csv
2026-07-24 13:42:05,359 | INFO     | [DataAdapter] M15 data refresh completed for GBPUSD-OTC
2026-07-24 13:42:05,359 | INFO     | [CSVQueue] Processing write for data_base/csv/iq_option\EURGBP-OTC\EURGBP-OTC_M1.csv
2026-07-24 13:42:05,360 | INFO     | [DataAdapter] Anomaly statistics for GBPUSD-OTC: {'total_calls': 108, 'response_times': [0.013999700546264648, 0.31719064712524414, 0.2949824333190918, 0.03267955780029297, 0.16599440574645996, 0.4046361446380615, 0.3303542137145996, 0.18708395957946777, 0.012867212295532227, 0.29335784912109375, 0.21855616569519043, 0.04597282409667969, 0.016118288040161133, 0.16651606559753418, 0.17901921272277832, 0.04098248481750488, 0.027006864547729492, 0.2834603786468506, 0.20427322387695312, 0.21520233154296875, 0.006014347076416016, 0.24805641174316406, 0.2825925350189209, 0.026009082794189453, 0.03001713752746582, 0.33109354972839355, 0.26633429527282715, 0.03498196601867676, 0.013983488082885742, 0.16509389877319336, 0.203139066696167, 0.02601027488708496, 0.015662193298339844, 0.285672664642334, 0.16912531852722168, 0.031012296676635742, 0.02100062370300293, 0.19908738136291504, 0.33910560607910156, 0.4241623878479004, 0.031023502349853516, 0.12838149070739746, 0.22991466522216797, 0.025004148483276367, 0.005982875823974609, 0.15928292274475098, 0.18576288223266602, 0.024000883102416992, 0.020021677017211914, 0.2539963722229004, 0.23406672477722168, 0.027977466583251953, 0.032039642333984375, 0.23402166366577148, 0.35982704162597656, 0.031000375747680664, 0.029973506927490234, 0.21654653549194336, 0.4075918197631836, 0.32715654373168945, 0.015000104904174805, 0.21819853782653809, 0.24185967445373535, 0.032021284103393555, 0.014994621276855469, 0.35053372383117676, 0.2678334712982178, 0.037000179290771484, 0.020027637481689453, 0.35924363136291504, 0.2781853675842285, 0.031000137329101562, 0.015509366989135742, 0.21570110321044922, 0.3485097885131836, 0.03399968147277832, 0.015020370483398438, 0.2662651538848877, 0.2810933589935303, 0.3631160259246826, 0.006013154983520508, 0.3089568614959717, 0.2898275852203369, 0.02498316764831543, 0.014000892639160156, 0.2052288055419922, 0.28769516944885254, 0.030613422393798828, 0.03499746322631836, 0.34804296493530273, 0.23193693161010742, 0.04099726676940918, 0.0060138702392578125, 0.17101597785949707, 0.1998612880706787, 0.03898882865905762, 0.013130426406860352, 0.2299973964691162, 0.21095585823059082, 0.3939990997314453, 0.04900622367858887, 0.2888782024383545, 0.24605846405029297, 0.02899456024169922, 0.030014753341674805, 0.17598366737365723, 0.22558331489562988, 0.02981853485107422], 'spike_count': 0, 'zero_volume_count': np.int64(60507), 'impossible_candle_count': 0, 'consecutive_anomalies': 0, 'avg_response_time': np.float64(0.15832119076340287), 'max_response_time': np.float64(0.4241623878479004), 'min_response_time': np.float64(0.005982875823974609)}
2026-07-24 13:42:05,363 | WARNING  | [ANOMALY] Total anomalies detected: EURGBP-OTC 249
2026-07-24 13:42:05,363 | INFO     | [CSVWriter] Writing 249 rows to data_base/csv/iq_option\EURGBP-OTC\EURGBP-OTC_M1.csv
2026-07-24 13:42:05,363 | INFO     | [DataAdapter] M15 anomaly detection completed for EURGBP-OTC
2026-07-24 13:42:05,365 | INFO     | [DataAdapter] M15 data refresh completed for EURGBP-OTC
2026-07-24 13:42:05,366 | INFO     | [DataAdapter] Anomaly statistics for EURGBP-OTC: {'total_calls': 108, 'response_times': [0.013999700546264648, 0.31719064712524414, 0.2949824333190918, 0.03267955780029297, 0.16599440574645996, 0.4046361446380615, 0.3303542137145996, 0.18708395957946777, 0.012867212295532227, 0.29335784912109375, 0.21855616569519043, 0.04597282409667969, 0.016118288040161133, 0.16651606559753418, 0.17901921272277832, 0.04098248481750488, 0.027006864547729492, 0.2834603786468506, 0.20427322387695312, 0.21520233154296875, 0.006014347076416016, 0.24805641174316406, 0.2825925350189209, 0.026009082794189453, 0.03001713752746582, 0.33109354972839355, 0.26633429527282715, 0.03498196601867676, 0.013983488082885742, 0.16509389877319336, 0.203139066696167, 0.02601027488708496, 0.015662193298339844, 0.285672664642334, 0.16912531852722168, 0.031012296676635742, 0.02100062370300293, 0.19908738136291504, 0.33910560607910156, 0.4241623878479004, 0.031023502349853516, 0.12838149070739746, 0.22991466522216797, 0.025004148483276367, 0.005982875823974609, 0.15928292274475098, 0.18576288223266602, 0.024000883102416992, 0.020021677017211914, 0.2539963722229004, 0.23406672477722168, 0.027977466583251953, 0.032039642333984375, 0.23402166366577148, 0.35982704162597656, 0.031000375747680664, 0.029973506927490234, 0.21654653549194336, 0.4075918197631836, 0.32715654373168945, 0.015000104904174805, 0.21819853782653809, 0.24185967445373535, 0.032021284103393555, 0.014994621276855469, 0.35053372383117676, 0.2678334712982178, 0.037000179290771484, 0.020027637481689453, 0.35924363136291504, 0.2781853675842285, 0.031000137329101562, 0.015509366989135742, 0.21570110321044922, 0.3485097885131836, 0.03399968147277832, 0.015020370483398438, 0.2662651538848877, 0.2810933589935303, 0.3631160259246826, 0.006013154983520508, 0.3089568614959717, 0.2898275852203369, 0.02498316764831543, 0.014000892639160156, 0.2052288055419922, 0.28769516944885254, 0.030613422393798828, 0.03499746322631836, 0.34804296493530273, 0.23193693161010742, 0.04099726676940918, 0.0060138702392578125, 0.17101597785949707, 0.1998612880706787, 0.03898882865905762, 0.013130426406860352, 0.2299973964691162, 0.21095585823059082, 0.3939990997314453, 0.04900622367858887, 0.2888782024383545, 0.24605846405029297, 0.02899456024169922, 0.030014753341674805, 0.17598366737365723, 0.22558331489562988, 0.02981853485107422], 'spike_count': 0, 'zero_volume_count': np.int64(60507), 'impossible_candle_count': 0, 'consecutive_anomalies': 0, 'avg_response_time': np.float64(0.15832119076340287), 'max_response_time': np.float64(0.4241623878479004), 'min_response_time': np.float64(0.005982875823974609)}
2026-07-24 13:42:05,377 | INFO     | [CSVWriter] Successfully wrote 379 rows to data_base/csv/iq_option\EURGBP-OTC\EURGBP-OTC_M1.csv
2026-07-24 13:42:05,377 | INFO     | [CSVQueue] Successfully processed write for data_base/csv/iq_option\EURGBP-OTC\EURGBP-OTC_M1.csv
2026-07-24 13:42:05,377 | INFO     | [CSVQueue] Queue size: 0
2026-07-24 13:42:05,583 | INFO     | [EURUSD:1.13846][EURUSD-OTC:1.15383][GBPUSD-OTC:1.33190][EURGBP-OTC:0.85586] :: TOTAL=$1271.51
2026-07-24 13:43:03,902 | INFO     | [DataAdapter] Starting update for EURUSD
2026-07-24 13:43:03,902 | INFO     | [DataAdapter] Refreshing M1 data for EURUSD
2026-07-24 13:43:03,902 | INFO     | [DataAdapter] Starting update for EURUSD-OTC
2026-07-24 13:43:03,902 | INFO     | [DataAdapter] Refreshing M1 data for EURUSD-OTC
2026-07-24 13:43:03,902 | INFO     | [DataAdapter] Starting update for GBPUSD-OTC
2026-07-24 13:43:03,903 | INFO     | [DataAdapter] Refreshing M1 data for GBPUSD-OTC
2026-07-24 13:43:03,903 | INFO     | [DataAdapter] Starting update for EURGBP-OTC
2026-07-24 13:43:03,903 | INFO     | [DataAdapter] Refreshing M1 data for EURGBP-OTC
2026-07-24 13:43:04,155 | INFO     | [IQOPTION] REST fetch succeeded for EURUSD: 5 candles
2026-07-24 13:43:04,205 | INFO     | [DataAdapter] M1 anomaly detection completed for EURUSD in 0.020s
2026-07-24 13:43:04,328 | INFO     | [CSVQueue] Enqueuing write for data_base/csv/iq_option\EURUSD\EURUSD_M1.csv - Queue size: 0
2026-07-24 13:43:04,344 | INFO     | [DataAdapter] M1 data refresh completed for EURUSD
2026-07-24 13:43:04,360 | INFO     | [DataAdapter] Refreshing M5 data for EURUSD
2026-07-24 13:43:04,366 | INFO     | [DataAdapter] M5 anomaly detection completed for EURUSD
2026-07-24 13:43:04,366 | INFO     | [DataAdapter] M5 data refresh completed for EURUSD
2026-07-24 13:43:04,366 | INFO     | [DataAdapter] Refreshing M15 data for EURUSD
2026-07-24 13:43:04,369 | INFO     | [CSVQueue] Processing write for data_base/csv/iq_option\EURUSD\EURUSD_M1.csv
2026-07-24 13:43:04,369 | INFO     | [CSVWriter] Writing 249 rows to data_base/csv/iq_option\EURUSD\EURUSD_M1.csv
2026-07-24 13:43:04,394 | INFO     | [DataAdapter] M15 anomaly detection completed for EURUSD
2026-07-24 13:43:04,394 | INFO     | [DataAdapter] M15 data refresh completed for EURUSD
2026-07-24 13:43:04,394 | INFO     | [DataAdapter] Anomaly statistics for EURUSD: {'total_calls': 109, 'response_times': [0.013999700546264648, 0.31719064712524414, 0.2949824333190918, 0.03267955780029297, 0.16599440574645996, 0.4046361446380615, 0.3303542137145996, 0.18708395957946777, 0.012867212295532227, 0.29335784912109375, 0.21855616569519043, 0.04597282409667969, 0.016118288040161133, 0.16651606559753418, 0.17901921272277832, 0.04098248481750488, 0.027006864547729492, 0.2834603786468506, 0.20427322387695312, 0.21520233154296875, 0.006014347076416016, 0.24805641174316406, 0.2825925350189209, 0.026009082794189453, 0.03001713752746582, 0.33109354972839355, 0.26633429527282715, 0.03498196601867676, 0.013983488082885742, 0.16509389877319336, 0.203139066696167, 0.02601027488708496, 0.015662193298339844, 0.285672664642334, 0.16912531852722168, 0.031012296676635742, 0.02100062370300293, 0.19908738136291504, 0.33910560607910156, 0.4241623878479004, 0.031023502349853516, 0.12838149070739746, 0.22991466522216797, 0.025004148483276367, 0.005982875823974609, 0.15928292274475098, 0.18576288223266602, 0.024000883102416992, 0.020021677017211914, 0.2539963722229004, 0.23406672477722168, 0.027977466583251953, 0.032039642333984375, 0.23402166366577148, 0.35982704162597656, 0.031000375747680664, 0.029973506927490234, 0.21654653549194336, 0.4075918197631836, 0.32715654373168945, 0.015000104904174805, 0.21819853782653809, 0.24185967445373535, 0.032021284103393555, 0.014994621276855469, 0.35053372383117676, 0.2678334712982178, 0.037000179290771484, 0.020027637481689453, 0.35924363136291504, 0.2781853675842285, 0.031000137329101562, 0.015509366989135742, 0.21570110321044922, 0.3485097885131836, 0.03399968147277832, 0.015020370483398438, 0.2662651538848877, 0.2810933589935303, 0.3631160259246826, 0.006013154983520508, 0.3089568614959717, 0.2898275852203369, 0.02498316764831543, 0.014000892639160156, 0.2052288055419922, 0.28769516944885254, 0.030613422393798828, 0.03499746322631836, 0.34804296493530273, 0.23193693161010742, 0.04099726676940918, 0.0060138702392578125, 0.17101597785949707, 0.1998612880706787, 0.03898882865905762, 0.013130426406860352, 0.2299973964691162, 0.21095585823059082, 0.3939990997314453, 0.04900622367858887, 0.2888782024383545, 0.24605846405029297, 0.02899456024169922, 0.030014753341674805, 0.17598366737365723, 0.22558331489562988, 0.02981853485107422, 0.02001667022705078], 'spike_count': 0, 'zero_volume_count': np.int64(60507), 'impossible_candle_count': 0, 'consecutive_anomalies': 0, 'avg_response_time': np.float64(0.15705234195114276), 'max_response_time': np.float64(0.4241623878479004), 'min_response_time': np.float64(0.005982875823974609)}
2026-07-24 13:43:04,395 | INFO     | [IQOPTION] REST fetch succeeded for EURUSD-OTC: 5 candles
2026-07-24 13:43:04,441 | ERROR    | [ANOMALY] CONSECUTIVE zero volume: EURUSD-OTC streak 248
2026-07-24 13:43:04,681 | WARNING  | [ANOMALY] Total anomalies detected: EURUSD-OTC 249
2026-07-24 13:43:04,682 | INFO     | [IQOPTION] REST fetch succeeded for GBPUSD-OTC: 5 candles
2026-07-24 13:43:04,682 | INFO     | [DataAdapter] M1 anomaly detection completed for EURUSD-OTC in 0.273s
2026-07-24 13:43:04,729 | INFO     | [CSVWriter] Successfully wrote 381 rows to data_base/csv/iq_option\EURUSD\EURUSD_M1.csv
2026-07-24 13:43:04,758 | ERROR    | [ANOMALY] CONSECUTIVE zero volume: GBPUSD-OTC streak 248
2026-07-24 13:43:04,761 | INFO     | [CSVQueue] Successfully processed write for data_base/csv/iq_option\EURUSD\EURUSD_M1.csv
2026-07-24 13:43:04,805 | INFO     | [CSVQueue] Enqueuing write for data_base/csv/iq_option\EURUSD-OTC\EURUSD-OTC_M1.csv - Queue size: 0
2026-07-24 13:43:04,820 | INFO     | [CSVQueue] Queue size: 0
2026-07-24 13:43:04,900 | INFO     | [DataAdapter] M1 data refresh completed for EURUSD-OTC
2026-07-24 13:43:04,900 | INFO     | [CSVQueue] Processing write for data_base/csv/iq_option\EURUSD-OTC\EURUSD-OTC_M1.csv
2026-07-24 13:43:04,948 | INFO     | [DataAdapter] Refreshing M5 data for EURUSD-OTC
2026-07-24 13:43:04,995 | INFO     | [CSVWriter] Writing 249 rows to data_base/csv/iq_option\EURUSD-OTC\EURUSD-OTC_M1.csv
2026-07-24 13:43:04,998 | ERROR    | [ANOMALY] CONSECUTIVE zero volume: EURUSD-OTC streak 248
2026-07-24 13:43:04,999 | INFO     | [IQOPTION] REST fetch succeeded for EURGBP-OTC: 5 candles
2026-07-24 13:43:05,014 | ERROR    | [ANOMALY] CONSECUTIVE zero volume: EURGBP-OTC streak 248
2026-07-24 13:43:05,018 | WARNING  | [ANOMALY] Total anomalies detected: GBPUSD-OTC 249
2026-07-24 13:43:05,018 | INFO     | [DataAdapter] M1 anomaly detection completed for GBPUSD-OTC in 0.275s
2026-07-24 13:43:05,026 | INFO     | [CSVQueue] Enqueuing write for data_base/csv/iq_option\GBPUSD-OTC\GBPUSD-OTC_M1.csv - Queue size: 0
2026-07-24 13:43:05,027 | INFO     | [DataAdapter] M1 data refresh completed for GBPUSD-OTC
2026-07-24 13:43:05,028 | INFO     | [DataAdapter] Refreshing M5 data for GBPUSD-OTC
2026-07-24 13:43:05,032 | WARNING  | [ANOMALY] Total anomalies detected: EURUSD-OTC 249
2026-07-24 13:43:05,033 | INFO     | [DataAdapter] M5 anomaly detection completed for EURUSD-OTC
2026-07-24 13:43:05,035 | ERROR    | [ANOMALY] CONSECUTIVE zero volume: GBPUSD-OTC streak 248
2026-07-24 13:43:05,035 | INFO     | [DataAdapter] M5 data refresh completed for EURUSD-OTC
2026-07-24 13:43:05,041 | WARNING  | [ANOMALY] Total anomalies detected: EURGBP-OTC 249
2026-07-24 13:43:05,043 | INFO     | [DataAdapter] Refreshing M15 data for EURUSD-OTC
2026-07-24 13:43:05,044 | INFO     | [DataAdapter] M1 anomaly detection completed for EURGBP-OTC in 0.034s
2026-07-24 13:43:05,052 | ERROR    | [ANOMALY] CONSECUTIVE zero volume: EURUSD-OTC streak 248
2026-07-24 13:43:05,055 | WARNING  | [ANOMALY] Total anomalies detected: GBPUSD-OTC 249
2026-07-24 13:43:05,059 | INFO     | [DataAdapter] M5 anomaly detection completed for GBPUSD-OTC
2026-07-24 13:43:05,059 | INFO     | [DataAdapter] M5 data refresh completed for GBPUSD-OTC
2026-07-24 13:43:05,060 | INFO     | [DataAdapter] Refreshing M15 data for GBPUSD-OTC
2026-07-24 13:43:05,064 | ERROR    | [ANOMALY] CONSECUTIVE zero volume: GBPUSD-OTC streak 248
2026-07-24 13:43:05,064 | INFO     | [CSVQueue] Enqueuing write for data_base/csv/iq_option\EURGBP-OTC\EURGBP-OTC_M1.csv - Queue size: 1
2026-07-24 13:43:05,064 | INFO     | [DataAdapter] M1 data refresh completed for EURGBP-OTC
2026-07-24 13:43:05,064 | INFO     | [DataAdapter] Refreshing M5 data for EURGBP-OTC
2026-07-24 13:43:05,068 | ERROR    | [ANOMALY] CONSECUTIVE zero volume: EURGBP-OTC streak 248
2026-07-24 13:43:05,074 | INFO     | [CSVWriter] Successfully wrote 380 rows to data_base/csv/iq_option\EURUSD-OTC\EURUSD-OTC_M1.csv
2026-07-24 13:43:05,074 | INFO     | [CSVQueue] Successfully processed write for data_base/csv/iq_option\EURUSD-OTC\EURUSD-OTC_M1.csv
2026-07-24 13:43:05,074 | INFO     | [CSVQueue] Processing write for data_base/csv/iq_option\GBPUSD-OTC\GBPUSD-OTC_M1.csv
2026-07-24 13:43:05,075 | INFO     | [CSVWriter] Writing 249 rows to data_base/csv/iq_option\GBPUSD-OTC\GBPUSD-OTC_M1.csv
2026-07-24 13:43:05,079 | WARNING  | [ANOMALY] Total anomalies detected: EURUSD-OTC 249
2026-07-24 13:43:05,081 | INFO     | [DataAdapter] M15 anomaly detection completed for EURUSD-OTC
2026-07-24 13:43:05,081 | INFO     | [DataAdapter] M15 data refresh completed for EURUSD-OTC
2026-07-24 13:43:05,082 | INFO     | [DataAdapter] Anomaly statistics for EURUSD-OTC: {'total_calls': 112, 'response_times': [0.013999700546264648, 0.31719064712524414, 0.2949824333190918, 0.03267955780029297, 0.16599440574645996, 0.4046361446380615, 0.3303542137145996, 0.18708395957946777, 0.012867212295532227, 0.29335784912109375, 0.21855616569519043, 0.04597282409667969, 0.016118288040161133, 0.16651606559753418, 0.17901921272277832, 0.04098248481750488, 0.027006864547729492, 0.2834603786468506, 0.20427322387695312, 0.21520233154296875, 0.006014347076416016, 0.24805641174316406, 0.2825925350189209, 0.026009082794189453, 0.03001713752746582, 0.33109354972839355, 0.26633429527282715, 0.03498196601867676, 0.013983488082885742, 0.16509389877319336, 0.203139066696167, 0.02601027488708496, 0.015662193298339844, 0.285672664642334, 0.16912531852722168, 0.031012296676635742, 0.02100062370300293, 0.19908738136291504, 0.33910560607910156, 0.4241623878479004, 0.031023502349853516, 0.12838149070739746, 0.22991466522216797, 0.025004148483276367, 0.005982875823974609, 0.15928292274475098, 0.18576288223266602, 0.024000883102416992, 0.020021677017211914, 0.2539963722229004, 0.23406672477722168, 0.027977466583251953, 0.032039642333984375, 0.23402166366577148, 0.35982704162597656, 0.031000375747680664, 0.029973506927490234, 0.21654653549194336, 0.4075918197631836, 0.32715654373168945, 0.015000104904174805, 0.21819853782653809, 0.24185967445373535, 0.032021284103393555, 0.014994621276855469, 0.35053372383117676, 0.2678334712982178, 0.037000179290771484, 0.020027637481689453, 0.35924363136291504, 0.2781853675842285, 0.031000137329101562, 0.015509366989135742, 0.21570110321044922, 0.3485097885131836, 0.03399968147277832, 0.015020370483398438, 0.2662651538848877, 0.2810933589935303, 0.3631160259246826, 0.006013154983520508, 0.3089568614959717, 0.2898275852203369, 0.02498316764831543, 0.014000892639160156, 0.2052288055419922, 0.28769516944885254, 0.030613422393798828, 0.03499746322631836, 0.34804296493530273, 0.23193693161010742, 0.04099726676940918, 0.0060138702392578125, 0.17101597785949707, 0.1998612880706787, 0.03898882865905762, 0.013130426406860352, 0.2299973964691162, 0.21095585823059082, 0.3939990997314453, 0.04900622367858887, 0.2888782024383545, 0.24605846405029297, 0.02899456024169922, 0.030014753341674805, 0.17598366737365723, 0.22558331489562988, 0.02981853485107422, 0.02001667022705078, 0.27314281463623047, 0.27499914169311523, 0.034003257751464844], 'spike_count': 0, 'zero_volume_count': np.int64(62499), 'impossible_candle_count': 0, 'consecutive_anomalies': 0, 'avg_response_time': np.float64(0.15804330791745866), 'max_response_time': np.float64(0.4241623878479004), 'min_response_time': np.float64(0.005982875823974609)}
2026-07-24 13:43:05,088 | WARNING  | [ANOMALY] Total anomalies detected: EURGBP-OTC 249
2026-07-24 13:43:05,088 | INFO     | [DataAdapter] M5 anomaly detection completed for EURGBP-OTC
2026-07-24 13:43:05,088 | INFO     | [DataAdapter] M5 data refresh completed for EURGBP-OTC
2026-07-24 13:43:05,088 | INFO     | [DataAdapter] Refreshing M15 data for EURGBP-OTC
2026-07-24 13:43:05,091 | ERROR    | [ANOMALY] CONSECUTIVE zero volume: EURGBP-OTC streak 248
2026-07-24 13:43:05,096 | WARNING  | [ANOMALY] Total anomalies detected: GBPUSD-OTC 249
2026-07-24 13:43:05,096 | INFO     | [DataAdapter] M15 anomaly detection completed for GBPUSD-OTC
2026-07-24 13:43:05,096 | INFO     | [DataAdapter] M15 data refresh completed for GBPUSD-OTC
2026-07-24 13:43:05,097 | INFO     | [DataAdapter] Anomaly statistics for GBPUSD-OTC: {'total_calls': 112, 'response_times': [0.013999700546264648, 0.31719064712524414, 0.2949824333190918, 0.03267955780029297, 0.16599440574645996, 0.4046361446380615, 0.3303542137145996, 0.18708395957946777, 0.012867212295532227, 0.29335784912109375, 0.21855616569519043, 0.04597282409667969, 0.016118288040161133, 0.16651606559753418, 0.17901921272277832, 0.04098248481750488, 0.027006864547729492, 0.2834603786468506, 0.20427322387695312, 0.21520233154296875, 0.006014347076416016, 0.24805641174316406, 0.2825925350189209, 0.026009082794189453, 0.03001713752746582, 0.33109354972839355, 0.26633429527282715, 0.03498196601867676, 0.013983488082885742, 0.16509389877319336, 0.203139066696167, 0.02601027488708496, 0.015662193298339844, 0.285672664642334, 0.16912531852722168, 0.031012296676635742, 0.02100062370300293, 0.19908738136291504, 0.33910560607910156, 0.4241623878479004, 0.031023502349853516, 0.12838149070739746, 0.22991466522216797, 0.025004148483276367, 0.005982875823974609, 0.15928292274475098, 0.18576288223266602, 0.024000883102416992, 0.020021677017211914, 0.2539963722229004, 0.23406672477722168, 0.027977466583251953, 0.032039642333984375, 0.23402166366577148, 0.35982704162597656, 0.031000375747680664, 0.029973506927490234, 0.21654653549194336, 0.4075918197631836, 0.32715654373168945, 0.015000104904174805, 0.21819853782653809, 0.24185967445373535, 0.032021284103393555, 0.014994621276855469, 0.35053372383117676, 0.2678334712982178, 0.037000179290771484, 0.020027637481689453, 0.35924363136291504, 0.2781853675842285, 0.031000137329101562, 0.015509366989135742, 0.21570110321044922, 0.3485097885131836, 0.03399968147277832, 0.015020370483398438, 0.2662651538848877, 0.2810933589935303, 0.3631160259246826, 0.006013154983520508, 0.3089568614959717, 0.2898275852203369, 0.02498316764831543, 0.014000892639160156, 0.2052288055419922, 0.28769516944885254, 0.030613422393798828, 0.03499746322631836, 0.34804296493530273, 0.23193693161010742, 0.04099726676940918, 0.0060138702392578125, 0.17101597785949707, 0.1998612880706787, 0.03898882865905762, 0.013130426406860352, 0.2299973964691162, 0.21095585823059082, 0.3939990997314453, 0.04900622367858887, 0.2888782024383545, 0.24605846405029297, 0.02899456024169922, 0.030014753341674805, 0.17598366737365723, 0.22558331489562988, 0.02981853485107422, 0.02001667022705078, 0.27314281463623047, 0.27499914169311523, 0.034003257751464844], 'spike_count': 0, 'zero_volume_count': np.int64(62748), 'impossible_candle_count': 0, 'consecutive_anomalies': 0, 'avg_response_time': np.float64(0.15804330791745866), 'max_response_time': np.float64(0.4241623878479004), 'min_response_time': np.float64(0.005982875823974609)}
2026-07-24 13:43:05,105 | WARNING  | [ANOMALY] Total anomalies detected: EURGBP-OTC 249
2026-07-24 13:43:05,106 | INFO     | [DataAdapter] M15 anomaly detection completed for EURGBP-OTC
2026-07-24 13:43:05,107 | INFO     | [DataAdapter] M15 data refresh completed for EURGBP-OTC
2026-07-24 13:43:05,108 | INFO     | [DataAdapter] Anomaly statistics for EURGBP-OTC: {'total_calls': 112, 'response_times': [0.013999700546264648, 0.31719064712524414, 0.2949824333190918, 0.03267955780029297, 0.16599440574645996, 0.4046361446380615, 0.3303542137145996, 0.18708395957946777, 0.012867212295532227, 0.29335784912109375, 0.21855616569519043, 0.04597282409667969, 0.016118288040161133, 0.16651606559753418, 0.17901921272277832, 0.04098248481750488, 0.027006864547729492, 0.2834603786468506, 0.20427322387695312, 0.21520233154296875, 0.006014347076416016, 0.24805641174316406, 0.2825925350189209, 0.026009082794189453, 0.03001713752746582, 0.33109354972839355, 0.26633429527282715, 0.03498196601867676, 0.013983488082885742, 0.16509389877319336, 0.203139066696167, 0.02601027488708496, 0.015662193298339844, 0.285672664642334, 0.16912531852722168, 0.031012296676635742, 0.02100062370300293, 0.19908738136291504, 0.33910560607910156, 0.4241623878479004, 0.031023502349853516, 0.12838149070739746, 0.22991466522216797, 0.025004148483276367, 0.005982875823974609, 0.15928292274475098, 0.18576288223266602, 0.024000883102416992, 0.020021677017211914, 0.2539963722229004, 0.23406672477722168, 0.027977466583251953, 0.032039642333984375, 0.23402166366577148, 0.35982704162597656, 0.031000375747680664, 0.029973506927490234, 0.21654653549194336, 0.4075918197631836, 0.32715654373168945, 0.015000104904174805, 0.21819853782653809, 0.24185967445373535, 0.032021284103393555, 0.014994621276855469, 0.35053372383117676, 0.2678334712982178, 0.037000179290771484, 0.020027637481689453, 0.35924363136291504, 0.2781853675842285, 0.031000137329101562, 0.015509366989135742, 0.21570110321044922, 0.3485097885131836, 0.03399968147277832, 0.015020370483398438, 0.2662651538848877, 0.2810933589935303, 0.3631160259246826, 0.006013154983520508, 0.3089568614959717, 0.2898275852203369, 0.02498316764831543, 0.014000892639160156, 0.2052288055419922, 0.28769516944885254, 0.030613422393798828, 0.03499746322631836, 0.34804296493530273, 0.23193693161010742, 0.04099726676940918, 0.0060138702392578125, 0.17101597785949707, 0.1998612880706787, 0.03898882865905762, 0.013130426406860352, 0.2299973964691162, 0.21095585823059082, 0.3939990997314453, 0.04900622367858887, 0.2888782024383545, 0.24605846405029297, 0.02899456024169922, 0.030014753341674805, 0.17598366737365723, 0.22558331489562988, 0.02981853485107422, 0.02001667022705078, 0.27314281463623047, 0.27499914169311523, 0.034003257751464844], 'spike_count': 0, 'zero_volume_count': np.int64(62748), 'impossible_candle_count': 0, 'consecutive_anomalies': 0, 'avg_response_time': np.float64(0.15804330791745866), 'max_response_time': np.float64(0.4241623878479004), 'min_response_time': np.float64(0.005982875823974609)}
2026-07-24 13:43:05,109 | INFO     | [CSVWriter] Successfully wrote 380 rows to data_base/csv/iq_option\GBPUSD-OTC\GBPUSD-OTC_M1.csv
2026-07-24 13:43:05,110 | INFO     | [CSVQueue] Successfully processed write for data_base/csv/iq_option\GBPUSD-OTC\GBPUSD-OTC_M1.csv
2026-07-24 13:43:05,110 | INFO     | [CSVQueue] Processing write for data_base/csv/iq_option\EURGBP-OTC\EURGBP-OTC_M1.csv
2026-07-24 13:43:05,110 | INFO     | [CSVWriter] Writing 249 rows to data_base/csv/iq_option\EURGBP-OTC\EURGBP-OTC_M1.csv
2026-07-24 13:43:05,122 | INFO     | [CSVWriter] Successfully wrote 380 rows to data_base/csv/iq_option\EURGBP-OTC\EURGBP-OTC_M1.csv
2026-07-24 13:43:05,123 | INFO     | [CSVQueue] Successfully processed write for data_base/csv/iq_option\EURGBP-OTC\EURGBP-OTC_M1.csv
2026-07-24 13:43:05,123 | INFO     | [CSVQueue] Queue size: 0
2026-07-24 13:43:05,325 | INFO     | [EURUSD:1.13854][EURUSD-OTC:1.15291][GBPUSD-OTC:1.33235][EURGBP-OTC:0.85606] :: TOTAL=$1271.51
2026-07-24 13:44:03,596 | INFO     | [DataAdapter] Starting update for EURUSD
2026-07-24 13:44:03,596 | INFO     | [DataAdapter] Refreshing M1 data for EURUSD
2026-07-24 13:44:03,596 | INFO     | [DataAdapter] Starting update for EURUSD-OTC
2026-07-24 13:44:03,596 | INFO     | [DataAdapter] Starting update for GBPUSD-OTC
2026-07-24 13:44:03,596 | INFO     | [DataAdapter] Refreshing M1 data for EURUSD-OTC
2026-07-24 13:44:03,596 | INFO     | [DataAdapter] Refreshing M1 data for GBPUSD-OTC
2026-07-24 13:44:03,597 | INFO     | [DataAdapter] Starting update for EURGBP-OTC
2026-07-24 13:44:03,597 | INFO     | [DataAdapter] Refreshing M1 data for EURGBP-OTC
2026-07-24 13:44:03,849 | INFO     | [IQOPTION] REST fetch succeeded for EURUSD: 5 candles
2026-07-24 13:44:03,902 | INFO     | [DataAdapter] M1 anomaly detection completed for EURUSD in 0.030s
2026-07-24 13:44:03,993 | INFO     | [CSVQueue] Enqueuing write for data_base/csv/iq_option\EURUSD\EURUSD_M1.csv - Queue size: 0
2026-07-24 13:44:04,009 | INFO     | [DataAdapter] M1 data refresh completed for EURUSD
2026-07-24 13:44:04,024 | INFO     | [DataAdapter] Refreshing M5 data for EURUSD
2026-07-24 13:44:04,024 | INFO     | [CSVQueue] Processing write for data_base/csv/iq_option\EURUSD\EURUSD_M1.csv
2026-07-24 13:44:04,062 | INFO     | [DataAdapter] M5 anomaly detection completed for EURUSD
2026-07-24 13:44:04,103 | INFO     | [CSVWriter] Writing 249 rows to data_base/csv/iq_option\EURUSD\EURUSD_M1.csv
2026-07-24 13:44:04,103 | INFO     | [DataAdapter] M5 data refresh completed for EURUSD
2026-07-24 13:44:04,183 | INFO     | [DataAdapter] Refreshing M15 data for EURUSD
2026-07-24 13:44:04,184 | INFO     | [IQOPTION] REST fetch succeeded for EURUSD-OTC: 5 candles
2026-07-24 13:44:04,218 | INFO     | [DataAdapter] M15 anomaly detection completed for EURUSD
2026-07-24 13:44:04,313 | ERROR    | [ANOMALY] CONSECUTIVE zero volume: EURUSD-OTC streak 248
2026-07-24 13:44:04,343 | INFO     | [DataAdapter] M15 data refresh completed for EURUSD
2026-07-24 13:44:04,439 | INFO     | [IQOPTION] REST fetch succeeded for GBPUSD-OTC: 5 candles
2026-07-24 13:44:04,453 | INFO     | [DataAdapter] Anomaly statistics for EURUSD: {'total_calls': 113, 'response_times': [0.013999700546264648, 0.31719064712524414, 0.2949824333190918, 0.03267955780029297, 0.16599440574645996, 0.4046361446380615, 0.3303542137145996, 0.18708395957946777, 0.012867212295532227, 0.29335784912109375, 0.21855616569519043, 0.04597282409667969, 0.016118288040161133, 0.16651606559753418, 0.17901921272277832, 0.04098248481750488, 0.027006864547729492, 0.2834603786468506, 0.20427322387695312, 0.21520233154296875, 0.006014347076416016, 0.24805641174316406, 0.2825925350189209, 0.026009082794189453, 0.03001713752746582, 0.33109354972839355, 0.26633429527282715, 0.03498196601867676, 0.013983488082885742, 0.16509389877319336, 0.203139066696167, 0.02601027488708496, 0.015662193298339844, 0.285672664642334, 0.16912531852722168, 0.031012296676635742, 0.02100062370300293, 0.19908738136291504, 0.33910560607910156, 0.4241623878479004, 0.031023502349853516, 0.12838149070739746, 0.22991466522216797, 0.025004148483276367, 0.005982875823974609, 0.15928292274475098, 0.18576288223266602, 0.024000883102416992, 0.020021677017211914, 0.2539963722229004, 0.23406672477722168, 0.027977466583251953, 0.032039642333984375, 0.23402166366577148, 0.35982704162597656, 0.031000375747680664, 0.029973506927490234, 0.21654653549194336, 0.4075918197631836, 0.32715654373168945, 0.015000104904174805, 0.21819853782653809, 0.24185967445373535, 0.032021284103393555, 0.014994621276855469, 0.35053372383117676, 0.2678334712982178, 0.037000179290771484, 0.020027637481689453, 0.35924363136291504, 0.2781853675842285, 0.031000137329101562, 0.015509366989135742, 0.21570110321044922, 0.3485097885131836, 0.03399968147277832, 0.015020370483398438, 0.2662651538848877, 0.2810933589935303, 0.3631160259246826, 0.006013154983520508, 0.3089568614959717, 0.2898275852203369, 0.02498316764831543, 0.014000892639160156, 0.2052288055419922, 0.28769516944885254, 0.030613422393798828, 0.03499746322631836, 0.34804296493530273, 0.23193693161010742, 0.04099726676940918, 0.0060138702392578125, 0.17101597785949707, 0.1998612880706787, 0.03898882865905762, 0.013130426406860352, 0.2299973964691162, 0.21095585823059082, 0.3939990997314453, 0.04900622367858887, 0.2888782024383545, 0.24605846405029297, 0.02899456024169922, 0.030014753341674805, 0.17598366737365723, 0.22558331489562988, 0.02981853485107422, 0.02001667022705078, 0.27314281463623047, 0.27499914169311523, 0.034003257751464844, 0.030124425888061523], 'spike_count': 0, 'zero_volume_count': np.int64(62997), 'impossible_candle_count': 0, 'consecutive_anomalies': 0, 'avg_response_time': np.float64(0.15691128241277374), 'max_response_time': np.float64(0.4241623878479004), 'min_response_time': np.float64(0.005982875823974609)}
2026-07-24 13:44:04,467 | ERROR    | [ANOMALY] CONSECUTIVE zero volume: GBPUSD-OTC streak 248
2026-07-24 13:44:04,534 | WARNING  | [ANOMALY] Total anomalies detected: EURUSD-OTC 249
2026-07-24 13:44:04,547 | INFO     | [DataAdapter] M1 anomaly detection completed for EURUSD-OTC in 0.294s
2026-07-24 13:44:04,611 | INFO     | [CSVQueue] Enqueuing write for data_base/csv/iq_option\EURUSD-OTC\EURUSD-OTC_M1.csv - Queue size: 0
2026-07-24 13:44:04,659 | INFO     | [DataAdapter] M1 data refresh completed for EURUSD-OTC
2026-07-24 13:44:04,659 | INFO     | [DataAdapter] Refreshing M5 data for EURUSD-OTC
2026-07-24 13:44:04,709 | ERROR    | [ANOMALY] CONSECUTIVE zero volume: EURUSD-OTC streak 248
2026-07-24 13:44:04,723 | INFO     | [CSVWriter] Successfully wrote 382 rows to data_base/csv/iq_option\EURUSD\EURUSD_M1.csv
2026-07-24 13:44:04,724 | INFO     | [CSVQueue] Successfully processed write for data_base/csv/iq_option\EURUSD\EURUSD_M1.csv
2026-07-24 13:44:04,754 | INFO     | [CSVQueue] Processing write for data_base/csv/iq_option\EURUSD-OTC\EURUSD-OTC_M1.csv
2026-07-24 13:44:04,754 | INFO     | [CSVWriter] Writing 249 rows to data_base/csv/iq_option\EURUSD-OTC\EURUSD-OTC_M1.csv
2026-07-24 13:44:04,853 | WARNING  | [ANOMALY] Total anomalies detected: GBPUSD-OTC 249
2026-07-24 13:44:04,897 | INFO     | [DataAdapter] M1 anomaly detection completed for GBPUSD-OTC in 0.434s
2026-07-24 13:44:04,901 | WARNING  | [ANOMALY] Total anomalies detected: EURUSD-OTC 249
2026-07-24 13:44:04,903 | INFO     | [DataAdapter] M5 anomaly detection completed for EURUSD-OTC
2026-07-24 13:44:04,903 | INFO     | [DataAdapter] M5 data refresh completed for EURUSD-OTC
2026-07-24 13:44:04,903 | INFO     | [DataAdapter] Refreshing M15 data for EURUSD-OTC
2026-07-24 13:44:04,906 | ERROR    | [ANOMALY] CONSECUTIVE zero volume: EURUSD-OTC streak 248
2026-07-24 13:44:04,906 | INFO     | [IQOPTION] REST fetch succeeded for EURGBP-OTC: 5 candles
2026-07-24 13:44:04,916 | ERROR    | [ANOMALY] CONSECUTIVE zero volume: EURGBP-OTC streak 248
2026-07-24 13:44:04,923 | INFO     | [CSVQueue] Enqueuing write for data_base/csv/iq_option\GBPUSD-OTC\GBPUSD-OTC_M1.csv - Queue size: 0
2026-07-24 13:44:04,924 | INFO     | [DataAdapter] M1 data refresh completed for GBPUSD-OTC
2026-07-24 13:44:04,926 | INFO     | [DataAdapter] Refreshing M5 data for GBPUSD-OTC
2026-07-24 13:44:04,929 | WARNING  | [ANOMALY] Total anomalies detected: EURGBP-OTC 249
2026-07-24 13:44:04,933 | ERROR    | [ANOMALY] CONSECUTIVE zero volume: GBPUSD-OTC streak 248
2026-07-24 13:44:04,935 | INFO     | [DataAdapter] M1 anomaly detection completed for EURGBP-OTC in 0.022s
2026-07-24 13:44:04,938 | WARNING  | [ANOMALY] Total anomalies detected: EURUSD-OTC 249
2026-07-24 13:44:04,942 | INFO     | [DataAdapter] M15 anomaly detection completed for EURUSD-OTC
2026-07-24 13:44:04,943 | INFO     | [DataAdapter] M15 data refresh completed for EURUSD-OTC
2026-07-24 13:44:04,943 | INFO     | [DataAdapter] Anomaly statistics for EURUSD-OTC: {'total_calls': 116, 'response_times': [0.013999700546264648, 0.31719064712524414, 0.2949824333190918, 0.03267955780029297, 0.16599440574645996, 0.4046361446380615, 0.3303542137145996, 0.18708395957946777, 0.012867212295532227, 0.29335784912109375, 0.21855616569519043, 0.04597282409667969, 0.016118288040161133, 0.16651606559753418, 0.17901921272277832, 0.04098248481750488, 0.027006864547729492, 0.2834603786468506, 0.20427322387695312, 0.21520233154296875, 0.006014347076416016, 0.24805641174316406, 0.2825925350189209, 0.026009082794189453, 0.03001713752746582, 0.33109354972839355, 0.26633429527282715, 0.03498196601867676, 0.013983488082885742, 0.16509389877319336, 0.203139066696167, 0.02601027488708496, 0.015662193298339844, 0.285672664642334, 0.16912531852722168, 0.031012296676635742, 0.02100062370300293, 0.19908738136291504, 0.33910560607910156, 0.4241623878479004, 0.031023502349853516, 0.12838149070739746, 0.22991466522216797, 0.025004148483276367, 0.005982875823974609, 0.15928292274475098, 0.18576288223266602, 0.024000883102416992, 0.020021677017211914, 0.2539963722229004, 0.23406672477722168, 0.027977466583251953, 0.032039642333984375, 0.23402166366577148, 0.35982704162597656, 0.031000375747680664, 0.029973506927490234, 0.21654653549194336, 0.4075918197631836, 0.32715654373168945, 0.015000104904174805, 0.21819853782653809, 0.24185967445373535, 0.032021284103393555, 0.014994621276855469, 0.35053372383117676, 0.2678334712982178, 0.037000179290771484, 0.020027637481689453, 0.35924363136291504, 0.2781853675842285, 0.031000137329101562, 0.015509366989135742, 0.21570110321044922, 0.3485097885131836, 0.03399968147277832, 0.015020370483398438, 0.2662651538848877, 0.2810933589935303, 0.3631160259246826, 0.006013154983520508, 0.3089568614959717, 0.2898275852203369, 0.02498316764831543, 0.014000892639160156, 0.2052288055419922, 0.28769516944885254, 0.030613422393798828, 0.03499746322631836, 0.34804296493530273, 0.23193693161010742, 0.04099726676940918, 0.0060138702392578125, 0.17101597785949707, 0.1998612880706787, 0.03898882865905762, 0.013130426406860352, 0.2299973964691162, 0.21095585823059082, 0.3939990997314453, 0.04900622367858887, 0.2888782024383545, 0.24605846405029297, 0.02899456024169922, 0.030014753341674805, 0.17598366737365723, 0.22558331489562988, 0.02981853485107422, 0.02001667022705078, 0.27314281463623047, 0.27499914169311523, 0.034003257751464844, 0.030124425888061523, 0.2938573360443115, 0.4343080520629883, 0.021994352340698242], 'spike_count': 0, 'zero_volume_count': np.int64(64242), 'impossible_candle_count': 0, 'consecutive_anomalies': 0, 'avg_response_time': np.float64(0.1593201263197537), 'max_response_time': np.float64(0.4343080520629883), 'min_response_time': np.float64(0.005982875823974609)}
2026-07-24 13:44:04,943 | INFO     | [CSVWriter] Successfully wrote 381 rows to data_base/csv/iq_option\EURUSD-OTC\EURUSD-OTC_M1.csv
2026-07-24 13:44:04,944 | INFO     | [CSVQueue] Enqueuing write for data_base/csv/iq_option\EURGBP-OTC\EURGBP-OTC_M1.csv - Queue size: 1
2026-07-24 13:44:04,944 | INFO     | [CSVQueue] Successfully processed write for data_base/csv/iq_option\EURUSD-OTC\EURUSD-OTC_M1.csv
2026-07-24 13:44:04,946 | INFO     | [DataAdapter] M1 data refresh completed for EURGBP-OTC
2026-07-24 13:44:04,947 | INFO     | [CSVQueue] Processing write for data_base/csv/iq_option\GBPUSD-OTC\GBPUSD-OTC_M1.csv
2026-07-24 13:44:04,947 | INFO     | [DataAdapter] Refreshing M5 data for EURGBP-OTC
2026-07-24 13:44:04,947 | INFO     | [CSVWriter] Writing 249 rows to data_base/csv/iq_option\GBPUSD-OTC\GBPUSD-OTC_M1.csv
2026-07-24 13:44:04,956 | ERROR    | [ANOMALY] CONSECUTIVE zero volume: EURGBP-OTC streak 248
2026-07-24 13:44:04,958 | WARNING  | [ANOMALY] Total anomalies detected: GBPUSD-OTC 249
2026-07-24 13:44:04,958 | INFO     | [DataAdapter] M5 anomaly detection completed for GBPUSD-OTC
2026-07-24 13:44:04,958 | INFO     | [DataAdapter] M5 data refresh completed for GBPUSD-OTC
2026-07-24 13:44:04,958 | INFO     | [DataAdapter] Refreshing M15 data for GBPUSD-OTC
2026-07-24 13:44:04,961 | ERROR    | [ANOMALY] CONSECUTIVE zero volume: GBPUSD-OTC streak 248
2026-07-24 13:44:04,973 | WARNING  | [ANOMALY] Total anomalies detected: EURGBP-OTC 249
2026-07-24 13:44:04,974 | INFO     | [DataAdapter] M5 anomaly detection completed for EURGBP-OTC
2026-07-24 13:44:04,974 | INFO     | [DataAdapter] M5 data refresh completed for EURGBP-OTC
2026-07-24 13:44:04,974 | INFO     | [DataAdapter] Refreshing M15 data for EURGBP-OTC
2026-07-24 13:44:04,978 | ERROR    | [ANOMALY] CONSECUTIVE zero volume: EURGBP-OTC streak 248
2026-07-24 13:44:04,982 | WARNING  | [ANOMALY] Total anomalies detected: GBPUSD-OTC 249
2026-07-24 13:44:04,982 | INFO     | [DataAdapter] M15 anomaly detection completed for GBPUSD-OTC
2026-07-24 13:44:04,983 | INFO     | [DataAdapter] M15 data refresh completed for GBPUSD-OTC
2026-07-24 13:44:04,983 | INFO     | [DataAdapter] Anomaly statistics for GBPUSD-OTC: {'total_calls': 116, 'response_times': [0.013999700546264648, 0.31719064712524414, 0.2949824333190918, 0.03267955780029297, 0.16599440574645996, 0.4046361446380615, 0.3303542137145996, 0.18708395957946777, 0.012867212295532227, 0.29335784912109375, 0.21855616569519043, 0.04597282409667969, 0.016118288040161133, 0.16651606559753418, 0.17901921272277832, 0.04098248481750488, 0.027006864547729492, 0.2834603786468506, 0.20427322387695312, 0.21520233154296875, 0.006014347076416016, 0.24805641174316406, 0.2825925350189209, 0.026009082794189453, 0.03001713752746582, 0.33109354972839355, 0.26633429527282715, 0.03498196601867676, 0.013983488082885742, 0.16509389877319336, 0.203139066696167, 0.02601027488708496, 0.015662193298339844, 0.285672664642334, 0.16912531852722168, 0.031012296676635742, 0.02100062370300293, 0.19908738136291504, 0.33910560607910156, 0.4241623878479004, 0.031023502349853516, 0.12838149070739746, 0.22991466522216797, 0.025004148483276367, 0.005982875823974609, 0.15928292274475098, 0.18576288223266602, 0.024000883102416992, 0.020021677017211914, 0.2539963722229004, 0.23406672477722168, 0.027977466583251953, 0.032039642333984375, 0.23402166366577148, 0.35982704162597656, 0.031000375747680664, 0.029973506927490234, 0.21654653549194336, 0.4075918197631836, 0.32715654373168945, 0.015000104904174805, 0.21819853782653809, 0.24185967445373535, 0.032021284103393555, 0.014994621276855469, 0.35053372383117676, 0.2678334712982178, 0.037000179290771484, 0.020027637481689453, 0.35924363136291504, 0.2781853675842285, 0.031000137329101562, 0.015509366989135742, 0.21570110321044922, 0.3485097885131836, 0.03399968147277832, 0.015020370483398438, 0.2662651538848877, 0.2810933589935303, 0.3631160259246826, 0.006013154983520508, 0.3089568614959717, 0.2898275852203369, 0.02498316764831543, 0.014000892639160156, 0.2052288055419922, 0.28769516944885254, 0.030613422393798828, 0.03499746322631836, 0.34804296493530273, 0.23193693161010742, 0.04099726676940918, 0.0060138702392578125, 0.17101597785949707, 0.1998612880706787, 0.03898882865905762, 0.013130426406860352, 0.2299973964691162, 0.21095585823059082, 0.3939990997314453, 0.04900622367858887, 0.2888782024383545, 0.24605846405029297, 0.02899456024169922, 0.030014753341674805, 0.17598366737365723, 0.22558331489562988, 0.02981853485107422, 0.02001667022705078, 0.27314281463623047, 0.27499914169311523, 0.034003257751464844, 0.030124425888061523, 0.2938573360443115, 0.4343080520629883, 0.021994352340698242], 'spike_count': 0, 'zero_volume_count': np.int64(64989), 'impossible_candle_count': 0, 'consecutive_anomalies': 0, 'avg_response_time': np.float64(0.1593201263197537), 'max_response_time': np.float64(0.4343080520629883), 'min_response_time': np.float64(0.005982875823974609)}
2026-07-24 13:44:04,988 | INFO     | [CSVWriter] Successfully wrote 381 rows to data_base/csv/iq_option\GBPUSD-OTC\GBPUSD-OTC_M1.csv
2026-07-24 13:44:04,988 | INFO     | [CSVQueue] Successfully processed write for data_base/csv/iq_option\GBPUSD-OTC\GBPUSD-OTC_M1.csv
2026-07-24 13:44:04,988 | INFO     | [CSVQueue] Processing write for data_base/csv/iq_option\EURGBP-OTC\EURGBP-OTC_M1.csv
2026-07-24 13:44:04,989 | INFO     | [CSVWriter] Writing 249 rows to data_base/csv/iq_option\EURGBP-OTC\EURGBP-OTC_M1.csv
2026-07-24 13:44:04,994 | WARNING  | [ANOMALY] Total anomalies detected: EURGBP-OTC 249
2026-07-24 13:44:04,994 | INFO     | [DataAdapter] M15 anomaly detection completed for EURGBP-OTC
2026-07-24 13:44:04,995 | INFO     | [DataAdapter] M15 data refresh completed for EURGBP-OTC
2026-07-24 13:44:04,995 | INFO     | [DataAdapter] Anomaly statistics for EURGBP-OTC: {'total_calls': 116, 'response_times': [0.013999700546264648, 0.31719064712524414, 0.2949824333190918, 0.03267955780029297, 0.16599440574645996, 0.4046361446380615, 0.3303542137145996, 0.18708395957946777, 0.012867212295532227, 0.29335784912109375, 0.21855616569519043, 0.04597282409667969, 0.016118288040161133, 0.16651606559753418, 0.17901921272277832, 0.04098248481750488, 0.027006864547729492, 0.2834603786468506, 0.20427322387695312, 0.21520233154296875, 0.006014347076416016, 0.24805641174316406, 0.2825925350189209, 0.026009082794189453, 0.03001713752746582, 0.33109354972839355, 0.26633429527282715, 0.03498196601867676, 0.013983488082885742, 0.16509389877319336, 0.203139066696167, 0.02601027488708496, 0.015662193298339844, 0.285672664642334, 0.16912531852722168, 0.031012296676635742, 0.02100062370300293, 0.19908738136291504, 0.33910560607910156, 0.4241623878479004, 0.031023502349853516, 0.12838149070739746, 0.22991466522216797, 0.025004148483276367, 0.005982875823974609, 0.15928292274475098, 0.18576288223266602, 0.024000883102416992, 0.020021677017211914, 0.2539963722229004, 0.23406672477722168, 0.027977466583251953, 0.032039642333984375, 0.23402166366577148, 0.35982704162597656, 0.031000375747680664, 0.029973506927490234, 0.21654653549194336, 0.4075918197631836, 0.32715654373168945, 0.015000104904174805, 0.21819853782653809, 0.24185967445373535, 0.032021284103393555, 0.014994621276855469, 0.35053372383117676, 0.2678334712982178, 0.037000179290771484, 0.020027637481689453, 0.35924363136291504, 0.2781853675842285, 0.031000137329101562, 0.015509366989135742, 0.21570110321044922, 0.3485097885131836, 0.03399968147277832, 0.015020370483398438, 0.2662651538848877, 0.2810933589935303, 0.3631160259246826, 0.006013154983520508, 0.3089568614959717, 0.2898275852203369, 0.02498316764831543, 0.014000892639160156, 0.2052288055419922, 0.28769516944885254, 0.030613422393798828, 0.03499746322631836, 0.34804296493530273, 0.23193693161010742, 0.04099726676940918, 0.0060138702392578125, 0.17101597785949707, 0.1998612880706787, 0.03898882865905762, 0.013130426406860352, 0.2299973964691162, 0.21095585823059082, 0.3939990997314453, 0.04900622367858887, 0.2888782024383545, 0.24605846405029297, 0.02899456024169922, 0.030014753341674805, 0.17598366737365723, 0.22558331489562988, 0.02981853485107422, 0.02001667022705078, 0.27314281463623047, 0.27499914169311523, 0.034003257751464844, 0.030124425888061523, 0.2938573360443115, 0.4343080520629883, 0.021994352340698242], 'spike_count': 0, 'zero_volume_count': np.int64(64989), 'impossible_candle_count': 0, 'consecutive_anomalies': 0, 'avg_response_time': np.float64(0.1593201263197537), 'max_response_time': np.float64(0.4343080520629883), 'min_response_time': np.float64(0.005982875823974609)}
2026-07-24 13:44:05,003 | INFO     | [CSVWriter] Successfully wrote 381 rows to data_base/csv/iq_option\EURGBP-OTC\EURGBP-OTC_M1.csv
2026-07-24 13:44:05,005 | INFO     | [CSVQueue] Successfully processed write for data_base/csv/iq_option\EURGBP-OTC\EURGBP-OTC_M1.csv
2026-07-24 13:44:05,005 | INFO     | [CSVQueue] Queue size: 0
2026-07-24 13:44:05,216 | INFO     | [EURUSD:1.13845][EURUSD-OTC:1.15247][GBPUSD-OTC:1.33196][EURGBP-OTC:0.85632] :: TOTAL=$1271.51
2026-07-24 13:45:03,497 | INFO     | [DataAdapter] Starting update for EURUSD
2026-07-24 13:45:03,498 | INFO     | [DataAdapter] Refreshing M1 data for EURUSD
2026-07-24 13:45:03,498 | INFO     | [DataAdapter] Starting update for EURUSD-OTC
2026-07-24 13:45:03,498 | INFO     | [DataAdapter] Starting update for GBPUSD-OTC
2026-07-24 13:45:03,498 | INFO     | [DataAdapter] Refreshing M1 data for EURUSD-OTC
2026-07-24 13:45:03,498 | INFO     | [DataAdapter] Refreshing M1 data for GBPUSD-OTC
2026-07-24 13:45:03,498 | INFO     | [DataAdapter] Starting update for EURGBP-OTC
2026-07-24 13:45:03,499 | INFO     | [DataAdapter] Refreshing M1 data for EURGBP-OTC
2026-07-24 13:45:03,846 | INFO     | [IQOPTION] REST fetch succeeded for EURUSD: 5 candles
2026-07-24 13:45:03,914 | INFO     | [DataAdapter] M1 anomaly detection completed for EURUSD in 0.020s
2026-07-24 13:45:04,005 | INFO     | [CSVQueue] Enqueuing write for data_base/csv/iq_option\EURUSD\EURUSD_M1.csv - Queue size: 0
2026-07-24 13:45:04,021 | INFO     | [DataAdapter] M1 data refresh completed for EURUSD
2026-07-24 13:45:04,037 | INFO     | [DataAdapter] Refreshing M5 data for EURUSD
2026-07-24 13:45:04,053 | INFO     | [CSVQueue] Processing write for data_base/csv/iq_option\EURUSD\EURUSD_M1.csv
2026-07-24 13:45:04,069 | INFO     | [CSVWriter] Writing 249 rows to data_base/csv/iq_option\EURUSD\EURUSD_M1.csv
2026-07-24 13:45:04,071 | INFO     | [IQOPTION] REST fetch succeeded for EURUSD-OTC: 5 candles
2026-07-24 13:45:04,087 | ERROR    | [ANOMALY] CONSECUTIVE zero volume: EURUSD-OTC streak 248
2026-07-24 13:45:04,340 | WARNING  | [ANOMALY] Total anomalies detected: EURUSD-OTC 249
2026-07-24 13:45:04,341 | INFO     | [DataAdapter] M1 anomaly detection completed for EURUSD-OTC in 0.265s
2026-07-24 13:45:04,353 | INFO     | [IQOPTION] REST fetch succeeded for GBPUSD-OTC: 5 candles
2026-07-24 13:45:04,368 | INFO     | [CSVQueue] Enqueuing write for data_base/csv/iq_option\EURUSD-OTC\EURUSD-OTC_M1.csv - Queue size: 0
2026-07-24 13:45:04,384 | INFO     | [DataAdapter] M1 data refresh completed for EURUSD-OTC
2026-07-24 13:45:04,384 | INFO     | [DataAdapter] Refreshing M5 data for EURUSD-OTC
2026-07-24 13:45:04,402 | ERROR    | [ANOMALY] CONSECUTIVE zero volume: GBPUSD-OTC streak 248
2026-07-24 13:45:04,511 | INFO     | [CSVWriter] Successfully wrote 383 rows to data_base/csv/iq_option\EURUSD\EURUSD_M1.csv
2026-07-24 13:45:04,542 | INFO     | [CSVQueue] Successfully processed write for data_base/csv/iq_option\EURUSD\EURUSD_M1.csv
2026-07-24 13:45:04,542 | INFO     | [CSVQueue] Processing write for data_base/csv/iq_option\EURUSD-OTC\EURUSD-OTC_M1.csv
2026-07-24 13:45:04,542 | INFO     | [CSVWriter] Writing 249 rows to data_base/csv/iq_option\EURUSD-OTC\EURUSD-OTC_M1.csv
2026-07-24 13:45:04,547 | WARNING  | [ANOMALY] Total anomalies detected: GBPUSD-OTC 249
2026-07-24 13:45:04,547 | INFO     | [DataAdapter] M1 anomaly detection completed for GBPUSD-OTC in 0.177s
2026-07-24 13:45:04,652 | INFO     | [IQOPTION] REST fetch succeeded for EURGBP-OTC: 5 candles
2026-07-24 13:45:04,659 | INFO     | [CSVQueue] Enqueuing write for data_base/csv/iq_option\GBPUSD-OTC\GBPUSD-OTC_M1.csv - Queue size: 0
2026-07-24 13:45:04,661 | INFO     | [DataAdapter] M1 data refresh completed for GBPUSD-OTC
2026-07-24 13:45:04,661 | INFO     | [DataAdapter] Refreshing M5 data for GBPUSD-OTC
2026-07-24 13:45:04,670 | ERROR    | [ANOMALY] CONSECUTIVE zero volume: EURGBP-OTC streak 248
2026-07-24 13:45:04,875 | INFO     | [CSVWriter] Successfully wrote 382 rows to data_base/csv/iq_option\EURUSD-OTC\EURUSD-OTC_M1.csv
2026-07-24 13:45:04,878 | WARNING  | [ANOMALY] Total anomalies detected: EURGBP-OTC 249
2026-07-24 13:45:04,907 | INFO     | [CSVQueue] Successfully processed write for data_base/csv/iq_option\EURUSD-OTC\EURUSD-OTC_M1.csv
2026-07-24 13:45:04,954 | INFO     | [DataAdapter] M1 anomaly detection completed for EURGBP-OTC in 0.295s
2026-07-24 13:45:04,954 | INFO     | [IQOPTION] REST fetch succeeded for EURUSD: 5 candles
2026-07-24 13:45:04,970 | INFO     | [CSVQueue] Processing write for data_base/csv/iq_option\GBPUSD-OTC\GBPUSD-OTC_M1.csv
2026-07-24 13:45:05,095 | INFO     | [CSVWriter] Writing 249 rows to data_base/csv/iq_option\GBPUSD-OTC\GBPUSD-OTC_M1.csv
2026-07-24 13:45:05,113 | INFO     | [CSVQueue] Enqueuing write for data_base/csv/iq_option\EURGBP-OTC\EURGBP-OTC_M1.csv - Queue size: 0
2026-07-24 13:45:05,130 | INFO     | [DataAdapter] M5 anomaly detection completed for EURUSD
2026-07-24 13:45:05,175 | INFO     | [DataAdapter] M1 data refresh completed for EURGBP-OTC
2026-07-24 13:45:05,191 | INFO     | [DataAdapter] Refreshing M5 data for EURGBP-OTC
2026-07-24 13:45:05,191 | INFO     | [IQOPTION] REST fetch succeeded for EURUSD-OTC: 5 candles
2026-07-24 13:45:05,224 | ERROR    | [ANOMALY] CONSECUTIVE zero volume: EURUSD-OTC streak 248
2026-07-24 13:45:05,254 | INFO     | [CSVQueue] Enqueuing write for data_base/csv/iq_option\EURUSD\EURUSD_M5.csv - Queue size: 1
2026-07-24 13:45:05,270 | INFO     | [DataAdapter] M5 data refresh completed for EURUSD
2026-07-24 13:45:05,271 | INFO     | [DataAdapter] Refreshing M15 data for EURUSD
2026-07-24 13:45:05,432 | WARNING  | [ANOMALY] Total anomalies detected: EURUSD-OTC 249
2026-07-24 13:45:05,445 | INFO     | [DataAdapter] M5 anomaly detection completed for EURUSD-OTC
2026-07-24 13:45:05,461 | INFO     | [IQOPTION] REST fetch succeeded for GBPUSD-OTC: 5 candles
2026-07-24 13:45:05,461 | INFO     | [CSVWriter] Successfully wrote 382 rows to data_base/csv/iq_option\GBPUSD-OTC\GBPUSD-OTC_M1.csv
2026-07-24 13:45:05,517 | ERROR    | [ANOMALY] CONSECUTIVE zero volume: GBPUSD-OTC streak 248
2026-07-24 13:45:05,517 | INFO     | [CSVQueue] Enqueuing write for data_base/csv/iq_option\EURUSD-OTC\EURUSD-OTC_M5.csv - Queue size: 2
2026-07-24 13:45:05,517 | INFO     | [CSVQueue] Successfully processed write for data_base/csv/iq_option\GBPUSD-OTC\GBPUSD-OTC_M1.csv
2026-07-24 13:45:05,603 | INFO     | [CSVQueue] Processing write for data_base/csv/iq_option\EURGBP-OTC\EURGBP-OTC_M1.csv
2026-07-24 13:45:05,603 | INFO     | [CSVWriter] Writing 249 rows to data_base/csv/iq_option\EURGBP-OTC\EURGBP-OTC_M1.csv
2026-07-24 13:45:05,605 | INFO     | [DataAdapter] M5 data refresh completed for EURUSD-OTC
2026-07-24 13:45:05,605 | INFO     | [DataAdapter] Refreshing M15 data for EURUSD-OTC
2026-07-24 13:45:05,749 | WARNING  | [ANOMALY] Total anomalies detected: GBPUSD-OTC 249
2026-07-24 13:45:05,762 | INFO     | [DataAdapter] M5 anomaly detection completed for GBPUSD-OTC
2026-07-24 13:45:05,905 | INFO     | [CSVQueue] Enqueuing write for data_base/csv/iq_option\GBPUSD-OTC\GBPUSD-OTC_M5.csv - Queue size: 2
2026-07-24 13:45:05,905 | INFO     | [DataAdapter] M5 data refresh completed for GBPUSD-OTC
2026-07-24 13:45:05,906 | INFO     | [DataAdapter] Refreshing M15 data for GBPUSD-OTC
2026-07-24 13:45:05,953 | INFO     | [IQOPTION] REST fetch succeeded for EURGBP-OTC: 5 candles
2026-07-24 13:45:05,977 | ERROR    | [ANOMALY] CONSECUTIVE zero volume: EURGBP-OTC streak 248
2026-07-24 13:45:06,077 | INFO     | [CSVWriter] Successfully wrote 382 rows to data_base/csv/iq_option\EURGBP-OTC\EURGBP-OTC_M1.csv
2026-07-24 13:45:06,093 | INFO     | [CSVQueue] Successfully processed write for data_base/csv/iq_option\EURGBP-OTC\EURGBP-OTC_M1.csv
2026-07-24 13:45:06,108 | INFO     | [CSVQueue] Processing write for data_base/csv/iq_option\EURUSD\EURUSD_M5.csv
2026-07-24 13:45:06,108 | INFO     | [CSVWriter] Writing 249 rows to data_base/csv/iq_option\EURUSD\EURUSD_M5.csv
2026-07-24 13:45:06,159 | WARNING  | [ANOMALY] Total anomalies detected: EURGBP-OTC 249
2026-07-24 13:45:06,172 | INFO     | [DataAdapter] M5 anomaly detection completed for EURGBP-OTC
2026-07-24 13:45:06,283 | INFO     | [CSVQueue] Enqueuing write for data_base/csv/iq_option\EURGBP-OTC\EURGBP-OTC_M5.csv - Queue size: 2
2026-07-24 13:45:06,283 | INFO     | [DataAdapter] M5 data refresh completed for EURGBP-OTC
2026-07-24 13:45:06,291 | INFO     | [DataAdapter] Refreshing M15 data for EURGBP-OTC
2026-07-24 13:45:06,292 | INFO     | [IQOPTION] REST fetch succeeded for EURUSD: 250 candles
2026-07-24 13:45:06,305 | INFO     | [DataAdapter] M15 anomaly detection completed for EURUSD
2026-07-24 13:45:06,425 | INFO     | [CSVQueue] Enqueuing write for data_base/csv/iq_option\EURUSD\EURUSD_M15.csv - Queue size: 3
2026-07-24 13:45:06,441 | INFO     | [DataAdapter] M15 data refresh completed for EURUSD
2026-07-24 13:45:06,457 | INFO     | [DataAdapter] Anomaly statistics for EURUSD: {'total_calls': 120, 'response_times': [0.013999700546264648, 0.31719064712524414, 0.2949824333190918, 0.03267955780029297, 0.16599440574645996, 0.4046361446380615, 0.3303542137145996, 0.18708395957946777, 0.012867212295532227, 0.29335784912109375, 0.21855616569519043, 0.04597282409667969, 0.016118288040161133, 0.16651606559753418, 0.17901921272277832, 0.04098248481750488, 0.027006864547729492, 0.2834603786468506, 0.20427322387695312, 0.21520233154296875, 0.006014347076416016, 0.24805641174316406, 0.2825925350189209, 0.026009082794189453, 0.03001713752746582, 0.33109354972839355, 0.26633429527282715, 0.03498196601867676, 0.013983488082885742, 0.16509389877319336, 0.203139066696167, 0.02601027488708496, 0.015662193298339844, 0.285672664642334, 0.16912531852722168, 0.031012296676635742, 0.02100062370300293, 0.19908738136291504, 0.33910560607910156, 0.4241623878479004, 0.031023502349853516, 0.12838149070739746, 0.22991466522216797, 0.025004148483276367, 0.005982875823974609, 0.15928292274475098, 0.18576288223266602, 0.024000883102416992, 0.020021677017211914, 0.2539963722229004, 0.23406672477722168, 0.027977466583251953, 0.032039642333984375, 0.23402166366577148, 0.35982704162597656, 0.031000375747680664, 0.029973506927490234, 0.21654653549194336, 0.4075918197631836, 0.32715654373168945, 0.015000104904174805, 0.21819853782653809, 0.24185967445373535, 0.032021284103393555, 0.014994621276855469, 0.35053372383117676, 0.2678334712982178, 0.037000179290771484, 0.020027637481689453, 0.35924363136291504, 0.2781853675842285, 0.031000137329101562, 0.015509366989135742, 0.21570110321044922, 0.3485097885131836, 0.03399968147277832, 0.015020370483398438, 0.2662651538848877, 0.2810933589935303, 0.3631160259246826, 0.006013154983520508, 0.3089568614959717, 0.2898275852203369, 0.02498316764831543, 0.014000892639160156, 0.2052288055419922, 0.28769516944885254, 0.030613422393798828, 0.03499746322631836, 0.34804296493530273, 0.23193693161010742, 0.04099726676940918, 0.0060138702392578125, 0.17101597785949707, 0.1998612880706787, 0.03898882865905762, 0.013130426406860352, 0.2299973964691162, 0.21095585823059082, 0.3939990997314453, 0.04900622367858887, 0.2888782024383545, 0.24605846405029297, 0.02899456024169922, 0.030014753341674805, 0.17598366737365723, 0.22558331489562988, 0.02981853485107422, 0.02001667022705078, 0.27314281463623047, 0.27499914169311523, 0.034003257751464844, 0.030124425888061523, 0.2938573360443115, 0.4343080520629883, 0.021994352340698242, 0.020197153091430664, 0.26502060890197754, 0.17703819274902344, 0.29517221450805664], 'spike_count': 0, 'zero_volume_count': np.int64(66483), 'impossible_candle_count': 0, 'consecutive_anomalies': 0, 'avg_response_time': np.float64(0.16032135685284932), 'max_response_time': np.float64(0.4343080520629883), 'min_response_time': np.float64(0.005982875823974609)}
2026-07-24 13:45:06,504 | INFO     | [CSVWriter] Successfully wrote 276 rows to data_base/csv/iq_option\EURUSD\EURUSD_M5.csv
2026-07-24 13:45:06,520 | INFO     | [CSVQueue] Successfully processed write for data_base/csv/iq_option\EURUSD\EURUSD_M5.csv
2026-07-24 13:45:06,536 | INFO     | [CSVQueue] Processing write for data_base/csv/iq_option\EURUSD-OTC\EURUSD-OTC_M5.csv
2026-07-24 13:45:06,536 | INFO     | [CSVWriter] Writing 249 rows to data_base/csv/iq_option\EURUSD-OTC\EURUSD-OTC_M5.csv
2026-07-24 13:45:06,640 | INFO     | [IQOPTION] REST fetch succeeded for EURUSD-OTC: 250 candles
2026-07-24 13:45:06,730 | ERROR    | [ANOMALY] CONSECUTIVE zero volume: EURUSD-OTC streak 248
2026-07-24 13:45:06,936 | WARNING  | [ANOMALY] Total anomalies detected: EURUSD-OTC 249
2026-07-24 13:45:06,956 | INFO     | [DataAdapter] M15 anomaly detection completed for EURUSD-OTC
2026-07-24 13:45:06,956 | INFO     | [CSVWriter] Successfully wrote 276 rows to data_base/csv/iq_option\EURUSD-OTC\EURUSD-OTC_M5.csv
2026-07-24 13:45:06,958 | INFO     | [CSVQueue] Successfully processed write for data_base/csv/iq_option\EURUSD-OTC\EURUSD-OTC_M5.csv
2026-07-24 13:45:06,958 | INFO     | [CSVQueue] Processing write for data_base/csv/iq_option\GBPUSD-OTC\GBPUSD-OTC_M5.csv
2026-07-24 13:45:06,958 | INFO     | [CSVWriter] Writing 249 rows to data_base/csv/iq_option\GBPUSD-OTC\GBPUSD-OTC_M5.csv
2026-07-24 13:45:06,960 | INFO     | [IQOPTION] REST fetch succeeded for GBPUSD-OTC: 250 candles
2026-07-24 13:45:07,013 | ERROR    | [ANOMALY] CONSECUTIVE zero volume: GBPUSD-OTC streak 248
2026-07-24 13:45:07,043 | INFO     | [CSVQueue] Enqueuing write for data_base/csv/iq_option\EURUSD-OTC\EURUSD-OTC_M15.csv - Queue size: 2
2026-07-24 13:45:07,043 | INFO     | [DataAdapter] M15 data refresh completed for EURUSD-OTC
2026-07-24 13:45:07,043 | INFO     | [DataAdapter] Anomaly statistics for EURUSD-OTC: {'total_calls': 120, 'response_times': [0.013999700546264648, 0.31719064712524414, 0.2949824333190918, 0.03267955780029297, 0.16599440574645996, 0.4046361446380615, 0.3303542137145996, 0.18708395957946777, 0.012867212295532227, 0.29335784912109375, 0.21855616569519043, 0.04597282409667969, 0.016118288040161133, 0.16651606559753418, 0.17901921272277832, 0.04098248481750488, 0.027006864547729492, 0.2834603786468506, 0.20427322387695312, 0.21520233154296875, 0.006014347076416016, 0.24805641174316406, 0.2825925350189209, 0.026009082794189453, 0.03001713752746582, 0.33109354972839355, 0.26633429527282715, 0.03498196601867676, 0.013983488082885742, 0.16509389877319336, 0.203139066696167, 0.02601027488708496, 0.015662193298339844, 0.285672664642334, 0.16912531852722168, 0.031012296676635742, 0.02100062370300293, 0.19908738136291504, 0.33910560607910156, 0.4241623878479004, 0.031023502349853516, 0.12838149070739746, 0.22991466522216797, 0.025004148483276367, 0.005982875823974609, 0.15928292274475098, 0.18576288223266602, 0.024000883102416992, 0.020021677017211914, 0.2539963722229004, 0.23406672477722168, 0.027977466583251953, 0.032039642333984375, 0.23402166366577148, 0.35982704162597656, 0.031000375747680664, 0.029973506927490234, 0.21654653549194336, 0.4075918197631836, 0.32715654373168945, 0.015000104904174805, 0.21819853782653809, 0.24185967445373535, 0.032021284103393555, 0.014994621276855469, 0.35053372383117676, 0.2678334712982178, 0.037000179290771484, 0.020027637481689453, 0.35924363136291504, 0.2781853675842285, 0.031000137329101562, 0.015509366989135742, 0.21570110321044922, 0.3485097885131836, 0.03399968147277832, 0.015020370483398438, 0.2662651538848877, 0.2810933589935303, 0.3631160259246826, 0.006013154983520508, 0.3089568614959717, 0.2898275852203369, 0.02498316764831543, 0.014000892639160156, 0.2052288055419922, 0.28769516944885254, 0.030613422393798828, 0.03499746322631836, 0.34804296493530273, 0.23193693161010742, 0.04099726676940918, 0.0060138702392578125, 0.17101597785949707, 0.1998612880706787, 0.03898882865905762, 0.013130426406860352, 0.2299973964691162, 0.21095585823059082, 0.3939990997314453, 0.04900622367858887, 0.2888782024383545, 0.24605846405029297, 0.02899456024169922, 0.030014753341674805, 0.17598366737365723, 0.22558331489562988, 0.02981853485107422, 0.02001667022705078, 0.27314281463623047, 0.27499914169311523, 0.034003257751464844, 0.030124425888061523, 0.2938573360443115, 0.4343080520629883, 0.021994352340698242, 0.020197153091430664, 0.26502060890197754, 0.17703819274902344, 0.29517221450805664], 'spike_count': 0, 'zero_volume_count': np.int64(66981), 'impossible_candle_count': 0, 'consecutive_anomalies': 0, 'avg_response_time': np.float64(0.16032135685284932), 'max_response_time': np.float64(0.4343080520629883), 'min_response_time': np.float64(0.005982875823974609)}
2026-07-24 13:45:07,253 | WARNING  | [ANOMALY] Total anomalies detected: GBPUSD-OTC 249
2026-07-24 13:45:07,253 | INFO     | [DataAdapter] M15 anomaly detection completed for GBPUSD-OTC
2026-07-24 13:45:07,281 | INFO     | [CSVWriter] Successfully wrote 276 rows to data_base/csv/iq_option\GBPUSD-OTC\GBPUSD-OTC_M5.csv
2026-07-24 13:45:07,297 | INFO     | [CSVQueue] Enqueuing write for data_base/csv/iq_option\GBPUSD-OTC\GBPUSD-OTC_M15.csv - Queue size: 3
2026-07-24 13:45:07,297 | INFO     | [CSVQueue] Successfully processed write for data_base/csv/iq_option\GBPUSD-OTC\GBPUSD-OTC_M5.csv
2026-07-24 13:45:07,376 | INFO     | [DataAdapter] M15 data refresh completed for GBPUSD-OTC
2026-07-24 13:45:07,392 | INFO     | [CSVQueue] Processing write for data_base/csv/iq_option\EURGBP-OTC\EURGBP-OTC_M5.csv
2026-07-24 13:45:07,440 | INFO     | [DataAdapter] Anomaly statistics for GBPUSD-OTC: {'total_calls': 120, 'response_times': [0.013999700546264648, 0.31719064712524414, 0.2949824333190918, 0.03267955780029297, 0.16599440574645996, 0.4046361446380615, 0.3303542137145996, 0.18708395957946777, 0.012867212295532227, 0.29335784912109375, 0.21855616569519043, 0.04597282409667969, 0.016118288040161133, 0.16651606559753418, 0.17901921272277832, 0.04098248481750488, 0.027006864547729492, 0.2834603786468506, 0.20427322387695312, 0.21520233154296875, 0.006014347076416016, 0.24805641174316406, 0.2825925350189209, 0.026009082794189453, 0.03001713752746582, 0.33109354972839355, 0.26633429527282715, 0.03498196601867676, 0.013983488082885742, 0.16509389877319336, 0.203139066696167, 0.02601027488708496, 0.015662193298339844, 0.285672664642334, 0.16912531852722168, 0.031012296676635742, 0.02100062370300293, 0.19908738136291504, 0.33910560607910156, 0.4241623878479004, 0.031023502349853516, 0.12838149070739746, 0.22991466522216797, 0.025004148483276367, 0.005982875823974609, 0.15928292274475098, 0.18576288223266602, 0.024000883102416992, 0.020021677017211914, 0.2539963722229004, 0.23406672477722168, 0.027977466583251953, 0.032039642333984375, 0.23402166366577148, 0.35982704162597656, 0.031000375747680664, 0.029973506927490234, 0.21654653549194336, 0.4075918197631836, 0.32715654373168945, 0.015000104904174805, 0.21819853782653809, 0.24185967445373535, 0.032021284103393555, 0.014994621276855469, 0.35053372383117676, 0.2678334712982178, 0.037000179290771484, 0.020027637481689453, 0.35924363136291504, 0.2781853675842285, 0.031000137329101562, 0.015509366989135742, 0.21570110321044922, 0.3485097885131836, 0.03399968147277832, 0.015020370483398438, 0.2662651538848877, 0.2810933589935303, 0.3631160259246826, 0.006013154983520508, 0.3089568614959717, 0.2898275852203369, 0.02498316764831543, 0.014000892639160156, 0.2052288055419922, 0.28769516944885254, 0.030613422393798828, 0.03499746322631836, 0.34804296493530273, 0.23193693161010742, 0.04099726676940918, 0.0060138702392578125, 0.17101597785949707, 0.1998612880706787, 0.03898882865905762, 0.013130426406860352, 0.2299973964691162, 0.21095585823059082, 0.3939990997314453, 0.04900622367858887, 0.2888782024383545, 0.24605846405029297, 0.02899456024169922, 0.030014753341674805, 0.17598366737365723, 0.22558331489562988, 0.02981853485107422, 0.02001667022705078, 0.27314281463623047, 0.27499914169311523, 0.034003257751464844, 0.030124425888061523, 0.2938573360443115, 0.4343080520629883, 0.021994352340698242, 0.020197153091430664, 0.26502060890197754, 0.17703819274902344, 0.29517221450805664], 'spike_count': 0, 'zero_volume_count': np.int64(66981), 'impossible_candle_count': 0, 'consecutive_anomalies': 0, 'avg_response_time': np.float64(0.16032135685284932), 'max_response_time': np.float64(0.4343080520629883), 'min_response_time': np.float64(0.005982875823974609)}
2026-07-24 13:45:07,488 | INFO     | [CSVWriter] Writing 249 rows to data_base/csv/iq_option\EURGBP-OTC\EURGBP-OTC_M5.csv
2026-07-24 13:45:07,932 | INFO     | [CSVWriter] Successfully wrote 276 rows to data_base/csv/iq_option\EURGBP-OTC\EURGBP-OTC_M5.csv
2026-07-24 13:45:07,948 | INFO     | [CSVQueue] Successfully processed write for data_base/csv/iq_option\EURGBP-OTC\EURGBP-OTC_M5.csv
2026-07-24 13:45:07,979 | INFO     | [CSVQueue] Processing write for data_base/csv/iq_option\EURUSD\EURUSD_M15.csv
2026-07-24 13:45:07,995 | INFO     | [CSVWriter] Writing 249 rows to data_base/csv/iq_option\EURUSD\EURUSD_M15.csv
2026-07-24 13:45:08,330 | INFO     | [CSVWriter] Successfully wrote 258 rows to data_base/csv/iq_option\EURUSD\EURUSD_M15.csv
2026-07-24 13:45:08,346 | INFO     | [CSVQueue] Successfully processed write for data_base/csv/iq_option\EURUSD\EURUSD_M15.csv
2026-07-24 13:45:08,346 | INFO     | [CSVQueue] Processing write for data_base/csv/iq_option\EURUSD-OTC\EURUSD-OTC_M15.csv
2026-07-24 13:45:08,346 | INFO     | [CSVWriter] Writing 249 rows to data_base/csv/iq_option\EURUSD-OTC\EURUSD-OTC_M15.csv
2026-07-24 13:45:08,695 | INFO     | [CSVWriter] Successfully wrote 258 rows to data_base/csv/iq_option\EURUSD-OTC\EURUSD-OTC_M15.csv
2026-07-24 13:45:08,727 | INFO     | [CSVQueue] Successfully processed write for data_base/csv/iq_option\EURUSD-OTC\EURUSD-OTC_M15.csv
2026-07-24 13:45:08,743 | INFO     | [CSVQueue] Processing write for data_base/csv/iq_option\GBPUSD-OTC\GBPUSD-OTC_M15.csv
2026-07-24 13:45:08,759 | INFO     | [CSVWriter] Writing 249 rows to data_base/csv/iq_option\GBPUSD-OTC\GBPUSD-OTC_M15.csv
2026-07-24 13:45:09,107 | INFO     | [CSVWriter] Successfully wrote 258 rows to data_base/csv/iq_option\GBPUSD-OTC\GBPUSD-OTC_M15.csv
2026-07-24 13:45:09,123 | INFO     | [CSVQueue] Successfully processed write for data_base/csv/iq_option\GBPUSD-OTC\GBPUSD-OTC_M15.csv
2026-07-24 13:45:09,139 | INFO     | [CSVQueue] Queue size: 0
2026-07-24 13:45:11,071 | INFO     | [IQOPTION] REST fetch succeeded for EURGBP-OTC: 250 candles
2026-07-24 13:45:11,082 | ERROR    | [ANOMALY] CONSECUTIVE zero volume: EURGBP-OTC streak 248
2026-07-24 13:45:11,095 | WARNING  | [ANOMALY] Total anomalies detected: EURGBP-OTC 249
2026-07-24 13:45:11,095 | INFO     | [DataAdapter] M15 anomaly detection completed for EURGBP-OTC
2026-07-24 13:45:11,097 | INFO     | [CSVQueue] Enqueuing write for data_base/csv/iq_option\EURGBP-OTC\EURGBP-OTC_M15.csv - Queue size: 0
2026-07-24 13:45:11,098 | INFO     | [DataAdapter] M15 data refresh completed for EURGBP-OTC
2026-07-24 13:45:11,098 | INFO     | [CSVQueue] Processing write for data_base/csv/iq_option\EURGBP-OTC\EURGBP-OTC_M15.csv
2026-07-24 13:45:11,098 | INFO     | [DataAdapter] Anomaly statistics for EURGBP-OTC: {'total_calls': 120, 'response_times': [0.013999700546264648, 0.31719064712524414, 0.2949824333190918, 0.03267955780029297, 0.16599440574645996, 0.4046361446380615, 0.3303542137145996, 0.18708395957946777, 0.012867212295532227, 0.29335784912109375, 0.21855616569519043, 0.04597282409667969, 0.016118288040161133, 0.16651606559753418, 0.17901921272277832, 0.04098248481750488, 0.027006864547729492, 0.2834603786468506, 0.20427322387695312, 0.21520233154296875, 0.006014347076416016, 0.24805641174316406, 0.2825925350189209, 0.026009082794189453, 0.03001713752746582, 0.33109354972839355, 0.26633429527282715, 0.03498196601867676, 0.013983488082885742, 0.16509389877319336, 0.203139066696167, 0.02601027488708496, 0.015662193298339844, 0.285672664642334, 0.16912531852722168, 0.031012296676635742, 0.02100062370300293, 0.19908738136291504, 0.33910560607910156, 0.4241623878479004, 0.031023502349853516, 0.12838149070739746, 0.22991466522216797, 0.025004148483276367, 0.005982875823974609, 0.15928292274475098, 0.18576288223266602, 0.024000883102416992, 0.020021677017211914, 0.2539963722229004, 0.23406672477722168, 0.027977466583251953, 0.032039642333984375, 0.23402166366577148, 0.35982704162597656, 0.031000375747680664, 0.029973506927490234, 0.21654653549194336, 0.4075918197631836, 0.32715654373168945, 0.015000104904174805, 0.21819853782653809, 0.24185967445373535, 0.032021284103393555, 0.014994621276855469, 0.35053372383117676, 0.2678334712982178, 0.037000179290771484, 0.020027637481689453, 0.35924363136291504, 0.2781853675842285, 0.031000137329101562, 0.015509366989135742, 0.21570110321044922, 0.3485097885131836, 0.03399968147277832, 0.015020370483398438, 0.2662651538848877, 0.2810933589935303, 0.3631160259246826, 0.006013154983520508, 0.3089568614959717, 0.2898275852203369, 0.02498316764831543, 0.014000892639160156, 0.2052288055419922, 0.28769516944885254, 0.030613422393798828, 0.03499746322631836, 0.34804296493530273, 0.23193693161010742, 0.04099726676940918, 0.0060138702392578125, 0.17101597785949707, 0.1998612880706787, 0.03898882865905762, 0.013130426406860352, 0.2299973964691162, 0.21095585823059082, 0.3939990997314453, 0.04900622367858887, 0.2888782024383545, 0.24605846405029297, 0.02899456024169922, 0.030014753341674805, 0.17598366737365723, 0.22558331489562988, 0.02981853485107422, 0.02001667022705078, 0.27314281463623047, 0.27499914169311523, 0.034003257751464844, 0.030124425888061523, 0.2938573360443115, 0.4343080520629883, 0.021994352340698242, 0.020197153091430664, 0.26502060890197754, 0.17703819274902344, 0.29517221450805664], 'spike_count': 0, 'zero_volume_count': np.int64(67230), 'impossible_candle_count': 0, 'consecutive_anomalies': 0, 'avg_response_time': np.float64(0.16032135685284932), 'max_response_time': np.float64(0.4343080520629883), 'min_response_time': np.float64(0.005982875823974609)}
2026-07-24 13:45:11,099 | INFO     | [CSVWriter] Writing 249 rows to data_base/csv/iq_option\EURGBP-OTC\EURGBP-OTC_M15.csv
2026-07-24 13:45:11,111 | INFO     | [CSVWriter] Successfully wrote 258 rows to data_base/csv/iq_option\EURGBP-OTC\EURGBP-OTC_M15.csv
2026-07-24 13:45:11,112 | INFO     | [CSVQueue] Successfully processed write for data_base/csv/iq_option\EURGBP-OTC\EURGBP-OTC_M15.csv
2026-07-24 13:45:11,112 | INFO     | [CSVQueue] Queue size: 0
2026-07-24 13:45:11,338 | INFO     | [EURUSD:1.13838][EURUSD-OTC:1.15264][GBPUSD-OTC:1.33177][EURGBP-OTC:0.85657] :: TOTAL=$1271.51
2026-07-24 13:46:03,576 | INFO     | [DataAdapter] Starting update for EURUSD
2026-07-24 13:46:03,577 | INFO     | [DataAdapter] Refreshing M1 data for EURUSD
2026-07-24 13:46:03,577 | INFO     | [DataAdapter] Starting update for EURUSD-OTC
2026-07-24 13:46:03,577 | INFO     | [DataAdapter] Refreshing M1 data for EURUSD-OTC
2026-07-24 13:46:03,577 | INFO     | [DataAdapter] Starting update for GBPUSD-OTC
2026-07-24 13:46:03,577 | INFO     | [DataAdapter] Starting update for EURGBP-OTC
2026-07-24 13:46:03,577 | INFO     | [DataAdapter] Refreshing M1 data for GBPUSD-OTC
2026-07-24 13:46:03,578 | INFO     | [DataAdapter] Refreshing M1 data for EURGBP-OTC
2026-07-24 13:46:03,941 | INFO     | [IQOPTION] REST fetch succeeded for EURUSD: 5 candles
2026-07-24 13:46:03,993 | INFO     | [DataAdapter] M1 anomaly detection completed for EURUSD in 0.030s
2026-07-24 13:46:04,069 | INFO     | [CSVQueue] Enqueuing write for data_base/csv/iq_option\EURUSD\EURUSD_M1.csv - Queue size: 0
2026-07-24 13:46:04,084 | INFO     | [DataAdapter] M1 data refresh completed for EURUSD
2026-07-24 13:46:04,099 | INFO     | [CSVQueue] Processing write for data_base/csv/iq_option\EURUSD\EURUSD_M1.csv
2026-07-24 13:46:04,099 | INFO     | [DataAdapter] Refreshing M5 data for EURUSD
2026-07-24 13:46:04,131 | INFO     | [CSVWriter] Writing 249 rows to data_base/csv/iq_option\EURUSD\EURUSD_M1.csv
2026-07-24 13:46:04,198 | INFO     | [DataAdapter] M5 anomaly detection completed for EURUSD
2026-07-24 13:46:04,198 | INFO     | [DataAdapter] M5 data refresh completed for EURUSD
2026-07-24 13:46:04,199 | INFO     | [DataAdapter] Refreshing M15 data for EURUSD
2026-07-24 13:46:04,211 | INFO     | [IQOPTION] REST fetch succeeded for EURUSD-OTC: 5 candles
2026-07-24 13:46:04,250 | INFO     | [DataAdapter] M15 anomaly detection completed for EURUSD
2026-07-24 13:46:04,264 | ERROR    | [ANOMALY] CONSECUTIVE zero volume: EURUSD-OTC streak 248
2026-07-24 13:46:04,264 | INFO     | [DataAdapter] M15 data refresh completed for EURUSD
2026-07-24 13:46:04,322 | INFO     | [DataAdapter] Anomaly statistics for EURUSD: {'total_calls': 121, 'response_times': [0.013999700546264648, 0.31719064712524414, 0.2949824333190918, 0.03267955780029297, 0.16599440574645996, 0.4046361446380615, 0.3303542137145996, 0.18708395957946777, 0.012867212295532227, 0.29335784912109375, 0.21855616569519043, 0.04597282409667969, 0.016118288040161133, 0.16651606559753418, 0.17901921272277832, 0.04098248481750488, 0.027006864547729492, 0.2834603786468506, 0.20427322387695312, 0.21520233154296875, 0.006014347076416016, 0.24805641174316406, 0.2825925350189209, 0.026009082794189453, 0.03001713752746582, 0.33109354972839355, 0.26633429527282715, 0.03498196601867676, 0.013983488082885742, 0.16509389877319336, 0.203139066696167, 0.02601027488708496, 0.015662193298339844, 0.285672664642334, 0.16912531852722168, 0.031012296676635742, 0.02100062370300293, 0.19908738136291504, 0.33910560607910156, 0.4241623878479004, 0.031023502349853516, 0.12838149070739746, 0.22991466522216797, 0.025004148483276367, 0.005982875823974609, 0.15928292274475098, 0.18576288223266602, 0.024000883102416992, 0.020021677017211914, 0.2539963722229004, 0.23406672477722168, 0.027977466583251953, 0.032039642333984375, 0.23402166366577148, 0.35982704162597656, 0.031000375747680664, 0.029973506927490234, 0.21654653549194336, 0.4075918197631836, 0.32715654373168945, 0.015000104904174805, 0.21819853782653809, 0.24185967445373535, 0.032021284103393555, 0.014994621276855469, 0.35053372383117676, 0.2678334712982178, 0.037000179290771484, 0.020027637481689453, 0.35924363136291504, 0.2781853675842285, 0.031000137329101562, 0.015509366989135742, 0.21570110321044922, 0.3485097885131836, 0.03399968147277832, 0.015020370483398438, 0.2662651538848877, 0.2810933589935303, 0.3631160259246826, 0.006013154983520508, 0.3089568614959717, 0.2898275852203369, 0.02498316764831543, 0.014000892639160156, 0.2052288055419922, 0.28769516944885254, 0.030613422393798828, 0.03499746322631836, 0.34804296493530273, 0.23193693161010742, 0.04099726676940918, 0.0060138702392578125, 0.17101597785949707, 0.1998612880706787, 0.03898882865905762, 0.013130426406860352, 0.2299973964691162, 0.21095585823059082, 0.3939990997314453, 0.04900622367858887, 0.2888782024383545, 0.24605846405029297, 0.02899456024169922, 0.030014753341674805, 0.17598366737365723, 0.22558331489562988, 0.02981853485107422, 0.02001667022705078, 0.27314281463623047, 0.27499914169311523, 0.034003257751464844, 0.030124425888061523, 0.2938573360443115, 0.4343080520629883, 0.021994352340698242, 0.020197153091430664, 0.26502060890197754, 0.17703819274902344, 0.29517221450805664, 0.03000020980834961], 'spike_count': 0, 'zero_volume_count': np.int64(67479), 'impossible_candle_count': 0, 'consecutive_anomalies': 0, 'avg_response_time': np.float64(0.1592443225797543), 'max_response_time': np.float64(0.4343080520629883), 'min_response_time': np.float64(0.005982875823974609)}
2026-07-24 13:46:04,449 | INFO     | [IQOPTION] REST fetch succeeded for GBPUSD-OTC: 5 candles
2026-07-24 13:46:04,515 | ERROR    | [ANOMALY] CONSECUTIVE zero volume: GBPUSD-OTC streak 248
2026-07-24 13:46:04,580 | WARNING  | [ANOMALY] Total anomalies detected: EURUSD-OTC 249
2026-07-24 13:46:04,608 | INFO     | [DataAdapter] M1 anomaly detection completed for EURUSD-OTC in 0.347s
2026-07-24 13:46:04,626 | INFO     | [CSVWriter] Successfully wrote 384 rows to data_base/csv/iq_option\EURUSD\EURUSD_M1.csv
2026-07-24 13:46:04,639 | INFO     | [CSVQueue] Successfully processed write for data_base/csv/iq_option\EURUSD\EURUSD_M1.csv
2026-07-24 13:46:04,718 | INFO     | [CSVQueue] Queue size: 0
2026-07-24 13:46:04,750 | INFO     | [CSVQueue] Enqueuing write for data_base/csv/iq_option\EURUSD-OTC\EURUSD-OTC_M1.csv - Queue size: 0
2026-07-24 13:46:04,755 | WARNING  | [ANOMALY] Total anomalies detected: GBPUSD-OTC 249
2026-07-24 13:46:04,755 | INFO     | [DataAdapter] M1 data refresh completed for EURUSD-OTC
2026-07-24 13:46:04,766 | INFO     | [CSVQueue] Processing write for data_base/csv/iq_option\EURUSD-OTC\EURUSD-OTC_M1.csv
2026-07-24 13:46:04,782 | INFO     | [DataAdapter] M1 anomaly detection completed for GBPUSD-OTC in 0.283s
2026-07-24 13:46:04,798 | INFO     | [DataAdapter] Refreshing M5 data for EURUSD-OTC
2026-07-24 13:46:04,814 | INFO     | [CSVWriter] Writing 249 rows to data_base/csv/iq_option\EURUSD-OTC\EURUSD-OTC_M1.csv
2026-07-24 13:46:04,959 | ERROR    | [ANOMALY] CONSECUTIVE zero volume: EURUSD-OTC streak 248
2026-07-24 13:46:04,962 | INFO     | [CSVQueue] Enqueuing write for data_base/csv/iq_option\GBPUSD-OTC\GBPUSD-OTC_M1.csv - Queue size: 0
2026-07-24 13:46:04,962 | INFO     | [DataAdapter] M1 data refresh completed for GBPUSD-OTC
2026-07-24 13:46:04,963 | INFO     | [IQOPTION] REST fetch succeeded for EURGBP-OTC: 5 candles
2026-07-24 13:46:04,963 | INFO     | [DataAdapter] Refreshing M5 data for GBPUSD-OTC
2026-07-24 13:46:04,974 | ERROR    | [ANOMALY] CONSECUTIVE zero volume: EURGBP-OTC streak 248
2026-07-24 13:46:04,979 | ERROR    | [ANOMALY] CONSECUTIVE zero volume: GBPUSD-OTC streak 248
2026-07-24 13:46:04,984 | WARNING  | [ANOMALY] Total anomalies detected: EURUSD-OTC 249
2026-07-24 13:46:04,984 | INFO     | [DataAdapter] M5 anomaly detection completed for EURUSD-OTC
2026-07-24 13:46:04,987 | INFO     | [DataAdapter] M5 data refresh completed for EURUSD-OTC
2026-07-24 13:46:04,988 | INFO     | [DataAdapter] Refreshing M15 data for EURUSD-OTC
2026-07-24 13:46:04,994 | ERROR    | [ANOMALY] CONSECUTIVE zero volume: EURUSD-OTC streak 248
2026-07-24 13:46:04,998 | WARNING  | [ANOMALY] Total anomalies detected: EURGBP-OTC 249
2026-07-24 13:46:05,000 | INFO     | [DataAdapter] M1 anomaly detection completed for EURGBP-OTC in 0.029s
2026-07-24 13:46:05,003 | INFO     | [CSVWriter] Successfully wrote 383 rows to data_base/csv/iq_option\EURUSD-OTC\EURUSD-OTC_M1.csv
2026-07-24 13:46:05,003 | INFO     | [CSVQueue] Successfully processed write for data_base/csv/iq_option\EURUSD-OTC\EURUSD-OTC_M1.csv
2026-07-24 13:46:05,003 | INFO     | [CSVQueue] Processing write for data_base/csv/iq_option\GBPUSD-OTC\GBPUSD-OTC_M1.csv
2026-07-24 13:46:05,003 | INFO     | [CSVWriter] Writing 249 rows to data_base/csv/iq_option\GBPUSD-OTC\GBPUSD-OTC_M1.csv
2026-07-24 13:46:05,010 | INFO     | [CSVQueue] Enqueuing write for data_base/csv/iq_option\EURGBP-OTC\EURGBP-OTC_M1.csv - Queue size: 0
2026-07-24 13:46:05,014 | WARNING  | [ANOMALY] Total anomalies detected: GBPUSD-OTC 249
2026-07-24 13:46:05,015 | INFO     | [DataAdapter] M1 data refresh completed for EURGBP-OTC
2026-07-24 13:46:05,015 | INFO     | [DataAdapter] M5 anomaly detection completed for GBPUSD-OTC
2026-07-24 13:46:05,015 | INFO     | [DataAdapter] Refreshing M5 data for EURGBP-OTC
2026-07-24 13:46:05,019 | WARNING  | [ANOMALY] Total anomalies detected: EURUSD-OTC 249
2026-07-24 13:46:05,019 | INFO     | [DataAdapter] M5 data refresh completed for GBPUSD-OTC
2026-07-24 13:46:05,023 | ERROR    | [ANOMALY] CONSECUTIVE zero volume: EURGBP-OTC streak 248
2026-07-24 13:46:05,024 | INFO     | [DataAdapter] M15 anomaly detection completed for EURUSD-OTC
2026-07-24 13:46:05,026 | INFO     | [DataAdapter] Refreshing M15 data for GBPUSD-OTC
2026-07-24 13:46:05,027 | INFO     | [DataAdapter] M15 data refresh completed for EURUSD-OTC
2026-07-24 13:46:05,033 | ERROR    | [ANOMALY] CONSECUTIVE zero volume: GBPUSD-OTC streak 248
2026-07-24 13:46:05,033 | INFO     | [DataAdapter] Anomaly statistics for EURUSD-OTC: {'total_calls': 124, 'response_times': [0.013999700546264648, 0.31719064712524414, 0.2949824333190918, 0.03267955780029297, 0.16599440574645996, 0.4046361446380615, 0.3303542137145996, 0.18708395957946777, 0.012867212295532227, 0.29335784912109375, 0.21855616569519043, 0.04597282409667969, 0.016118288040161133, 0.16651606559753418, 0.17901921272277832, 0.04098248481750488, 0.027006864547729492, 0.2834603786468506, 0.20427322387695312, 0.21520233154296875, 0.006014347076416016, 0.24805641174316406, 0.2825925350189209, 0.026009082794189453, 0.03001713752746582, 0.33109354972839355, 0.26633429527282715, 0.03498196601867676, 0.013983488082885742, 0.16509389877319336, 0.203139066696167, 0.02601027488708496, 0.015662193298339844, 0.285672664642334, 0.16912531852722168, 0.031012296676635742, 0.02100062370300293, 0.19908738136291504, 0.33910560607910156, 0.4241623878479004, 0.031023502349853516, 0.12838149070739746, 0.22991466522216797, 0.025004148483276367, 0.005982875823974609, 0.15928292274475098, 0.18576288223266602, 0.024000883102416992, 0.020021677017211914, 0.2539963722229004, 0.23406672477722168, 0.027977466583251953, 0.032039642333984375, 0.23402166366577148, 0.35982704162597656, 0.031000375747680664, 0.029973506927490234, 0.21654653549194336, 0.4075918197631836, 0.32715654373168945, 0.015000104904174805, 0.21819853782653809, 0.24185967445373535, 0.032021284103393555, 0.014994621276855469, 0.35053372383117676, 0.2678334712982178, 0.037000179290771484, 0.020027637481689453, 0.35924363136291504, 0.2781853675842285, 0.031000137329101562, 0.015509366989135742, 0.21570110321044922, 0.3485097885131836, 0.03399968147277832, 0.015020370483398438, 0.2662651538848877, 0.2810933589935303, 0.3631160259246826, 0.006013154983520508, 0.3089568614959717, 0.2898275852203369, 0.02498316764831543, 0.014000892639160156, 0.2052288055419922, 0.28769516944885254, 0.030613422393798828, 0.03499746322631836, 0.34804296493530273, 0.23193693161010742, 0.04099726676940918, 0.0060138702392578125, 0.17101597785949707, 0.1998612880706787, 0.03898882865905762, 0.013130426406860352, 0.2299973964691162, 0.21095585823059082, 0.3939990997314453, 0.04900622367858887, 0.2888782024383545, 0.24605846405029297, 0.02899456024169922, 0.030014753341674805, 0.17598366737365723, 0.22558331489562988, 0.02981853485107422, 0.02001667022705078, 0.27314281463623047, 0.27499914169311523, 0.034003257751464844, 0.030124425888061523, 0.2938573360443115, 0.4343080520629883, 0.021994352340698242, 0.020197153091430664, 0.26502060890197754, 0.17703819274902344, 0.29517221450805664, 0.03000020980834961, 0.34667491912841797, 0.2830934524536133, 0.028986215591430664], 'spike_count': 0, 'zero_volume_count': np.int64(69222), 'impossible_candle_count': 0, 'consecutive_anomalies': 0, 'avg_response_time': np.float64(0.16070417434938492), 'max_response_time': np.float64(0.4343080520629883), 'min_response_time': np.float64(0.005982875823974609)}
2026-07-24 13:46:05,040 | INFO     | [CSVWriter] Successfully wrote 383 rows to data_base/csv/iq_option\GBPUSD-OTC\GBPUSD-OTC_M1.csv
2026-07-24 13:46:05,040 | INFO     | [CSVQueue] Successfully processed write for data_base/csv/iq_option\GBPUSD-OTC\GBPUSD-OTC_M1.csv
2026-07-24 13:46:05,040 | INFO     | [CSVQueue] Processing write for data_base/csv/iq_option\EURGBP-OTC\EURGBP-OTC_M1.csv
2026-07-24 13:46:05,040 | INFO     | [CSVWriter] Writing 249 rows to data_base/csv/iq_option\EURGBP-OTC\EURGBP-OTC_M1.csv
2026-07-24 13:46:05,046 | WARNING  | [ANOMALY] Total anomalies detected: EURGBP-OTC 249
2026-07-24 13:46:05,046 | INFO     | [DataAdapter] M5 anomaly detection completed for EURGBP-OTC
2026-07-24 13:46:05,046 | INFO     | [DataAdapter] M5 data refresh completed for EURGBP-OTC
2026-07-24 13:46:05,046 | INFO     | [DataAdapter] Refreshing M15 data for EURGBP-OTC
2026-07-24 13:46:05,050 | ERROR    | [ANOMALY] CONSECUTIVE zero volume: EURGBP-OTC streak 248
2026-07-24 13:46:05,053 | WARNING  | [ANOMALY] Total anomalies detected: GBPUSD-OTC 249
2026-07-24 13:46:05,055 | INFO     | [DataAdapter] M15 anomaly detection completed for GBPUSD-OTC
2026-07-24 13:46:05,055 | INFO     | [DataAdapter] M15 data refresh completed for GBPUSD-OTC
2026-07-24 13:46:05,056 | INFO     | [DataAdapter] Anomaly statistics for GBPUSD-OTC: {'total_calls': 124, 'response_times': [0.013999700546264648, 0.31719064712524414, 0.2949824333190918, 0.03267955780029297, 0.16599440574645996, 0.4046361446380615, 0.3303542137145996, 0.18708395957946777, 0.012867212295532227, 0.29335784912109375, 0.21855616569519043, 0.04597282409667969, 0.016118288040161133, 0.16651606559753418, 0.17901921272277832, 0.04098248481750488, 0.027006864547729492, 0.2834603786468506, 0.20427322387695312, 0.21520233154296875, 0.006014347076416016, 0.24805641174316406, 0.2825925350189209, 0.026009082794189453, 0.03001713752746582, 0.33109354972839355, 0.26633429527282715, 0.03498196601867676, 0.013983488082885742, 0.16509389877319336, 0.203139066696167, 0.02601027488708496, 0.015662193298339844, 0.285672664642334, 0.16912531852722168, 0.031012296676635742, 0.02100062370300293, 0.19908738136291504, 0.33910560607910156, 0.4241623878479004, 0.031023502349853516, 0.12838149070739746, 0.22991466522216797, 0.025004148483276367, 0.005982875823974609, 0.15928292274475098, 0.18576288223266602, 0.024000883102416992, 0.020021677017211914, 0.2539963722229004, 0.23406672477722168, 0.027977466583251953, 0.032039642333984375, 0.23402166366577148, 0.35982704162597656, 0.031000375747680664, 0.029973506927490234, 0.21654653549194336, 0.4075918197631836, 0.32715654373168945, 0.015000104904174805, 0.21819853782653809, 0.24185967445373535, 0.032021284103393555, 0.014994621276855469, 0.35053372383117676, 0.2678334712982178, 0.037000179290771484, 0.020027637481689453, 0.35924363136291504, 0.2781853675842285, 0.031000137329101562, 0.015509366989135742, 0.21570110321044922, 0.3485097885131836, 0.03399968147277832, 0.015020370483398438, 0.2662651538848877, 0.2810933589935303, 0.3631160259246826, 0.006013154983520508, 0.3089568614959717, 0.2898275852203369, 0.02498316764831543, 0.014000892639160156, 0.2052288055419922, 0.28769516944885254, 0.030613422393798828, 0.03499746322631836, 0.34804296493530273, 0.23193693161010742, 0.04099726676940918, 0.0060138702392578125, 0.17101597785949707, 0.1998612880706787, 0.03898882865905762, 0.013130426406860352, 0.2299973964691162, 0.21095585823059082, 0.3939990997314453, 0.04900622367858887, 0.2888782024383545, 0.24605846405029297, 0.02899456024169922, 0.030014753341674805, 0.17598366737365723, 0.22558331489562988, 0.02981853485107422, 0.02001667022705078, 0.27314281463623047, 0.27499914169311523, 0.034003257751464844, 0.030124425888061523, 0.2938573360443115, 0.4343080520629883, 0.021994352340698242, 0.020197153091430664, 0.26502060890197754, 0.17703819274902344, 0.29517221450805664, 0.03000020980834961, 0.34667491912841797, 0.2830934524536133, 0.028986215591430664], 'spike_count': 0, 'zero_volume_count': np.int64(69471), 'impossible_candle_count': 0, 'consecutive_anomalies': 0, 'avg_response_time': np.float64(0.16070417434938492), 'max_response_time': np.float64(0.4343080520629883), 'min_response_time': np.float64(0.005982875823974609)}
2026-07-24 13:46:05,066 | WARNING  | [ANOMALY] Total anomalies detected: EURGBP-OTC 249
2026-07-24 13:46:05,066 | INFO     | [DataAdapter] M15 anomaly detection completed for EURGBP-OTC
2026-07-24 13:46:05,066 | INFO     | [DataAdapter] M15 data refresh completed for EURGBP-OTC
2026-07-24 13:46:05,067 | INFO     | [DataAdapter] Anomaly statistics for EURGBP-OTC: {'total_calls': 124, 'response_times': [0.013999700546264648, 0.31719064712524414, 0.2949824333190918, 0.03267955780029297, 0.16599440574645996, 0.4046361446380615, 0.3303542137145996, 0.18708395957946777, 0.012867212295532227, 0.29335784912109375, 0.21855616569519043, 0.04597282409667969, 0.016118288040161133, 0.16651606559753418, 0.17901921272277832, 0.04098248481750488, 0.027006864547729492, 0.2834603786468506, 0.20427322387695312, 0.21520233154296875, 0.006014347076416016, 0.24805641174316406, 0.2825925350189209, 0.026009082794189453, 0.03001713752746582, 0.33109354972839355, 0.26633429527282715, 0.03498196601867676, 0.013983488082885742, 0.16509389877319336, 0.203139066696167, 0.02601027488708496, 0.015662193298339844, 0.285672664642334, 0.16912531852722168, 0.031012296676635742, 0.02100062370300293, 0.19908738136291504, 0.33910560607910156, 0.4241623878479004, 0.031023502349853516, 0.12838149070739746, 0.22991466522216797, 0.025004148483276367, 0.005982875823974609, 0.15928292274475098, 0.18576288223266602, 0.024000883102416992, 0.020021677017211914, 0.2539963722229004, 0.23406672477722168, 0.027977466583251953, 0.032039642333984375, 0.23402166366577148, 0.35982704162597656, 0.031000375747680664, 0.029973506927490234, 0.21654653549194336, 0.4075918197631836, 0.32715654373168945, 0.015000104904174805, 0.21819853782653809, 0.24185967445373535, 0.032021284103393555, 0.014994621276855469, 0.35053372383117676, 0.2678334712982178, 0.037000179290771484, 0.020027637481689453, 0.35924363136291504, 0.2781853675842285, 0.031000137329101562, 0.015509366989135742, 0.21570110321044922, 0.3485097885131836, 0.03399968147277832, 0.015020370483398438, 0.2662651538848877, 0.2810933589935303, 0.3631160259246826, 0.006013154983520508, 0.3089568614959717, 0.2898275852203369, 0.02498316764831543, 0.014000892639160156, 0.2052288055419922, 0.28769516944885254, 0.030613422393798828, 0.03499746322631836, 0.34804296493530273, 0.23193693161010742, 0.04099726676940918, 0.0060138702392578125, 0.17101597785949707, 0.1998612880706787, 0.03898882865905762, 0.013130426406860352, 0.2299973964691162, 0.21095585823059082, 0.3939990997314453, 0.04900622367858887, 0.2888782024383545, 0.24605846405029297, 0.02899456024169922, 0.030014753341674805, 0.17598366737365723, 0.22558331489562988, 0.02981853485107422, 0.02001667022705078, 0.27314281463623047, 0.27499914169311523, 0.034003257751464844, 0.030124425888061523, 0.2938573360443115, 0.4343080520629883, 0.021994352340698242, 0.020197153091430664, 0.26502060890197754, 0.17703819274902344, 0.29517221450805664, 0.03000020980834961, 0.34667491912841797, 0.2830934524536133, 0.028986215591430664], 'spike_count': 0, 'zero_volume_count': np.int64(69471), 'impossible_candle_count': 0, 'consecutive_anomalies': 0, 'avg_response_time': np.float64(0.16070417434938492), 'max_response_time': np.float64(0.4343080520629883), 'min_response_time': np.float64(0.005982875823974609)}
2026-07-24 13:46:05,067 | INFO     | [CSVWriter] Successfully wrote 383 rows to data_base/csv/iq_option\EURGBP-OTC\EURGBP-OTC_M1.csv
2026-07-24 13:46:05,067 | INFO     | [CSVQueue] Successfully processed write for data_base/csv/iq_option\EURGBP-OTC\EURGBP-OTC_M1.csv
2026-07-24 13:46:05,068 | INFO     | [CSVQueue] Queue size: 0
2026-07-24 13:46:05,307 | INFO     | [EURUSD:1.13847][EURUSD-OTC:1.15338][GBPUSD-OTC:1.33184][EURGBP-OTC:0.85645] :: TOTAL=$1271.51
2026-07-24 13:47:03,592 | INFO     | [DataAdapter] Starting update for EURUSD
2026-07-24 13:47:03,593 | INFO     | [DataAdapter] Refreshing M1 data for EURUSD
2026-07-24 13:47:03,593 | INFO     | [DataAdapter] Starting update for EURUSD-OTC
2026-07-24 13:47:03,593 | INFO     | [DataAdapter] Refreshing M1 data for EURUSD-OTC
2026-07-24 13:47:03,593 | INFO     | [DataAdapter] Starting update for GBPUSD-OTC
2026-07-24 13:47:03,593 | INFO     | [DataAdapter] Refreshing M1 data for GBPUSD-OTC
2026-07-24 13:47:03,593 | INFO     | [DataAdapter] Starting update for EURGBP-OTC
2026-07-24 13:47:03,593 | INFO     | [DataAdapter] Refreshing M1 data for EURGBP-OTC
2026-07-24 13:47:03,907 | INFO     | [IQOPTION] REST fetch succeeded for EURUSD: 5 candles
2026-07-24 13:47:03,958 | INFO     | [DataAdapter] M1 anomaly detection completed for EURUSD in 0.030s
2026-07-24 13:47:04,034 | INFO     | [CSVQueue] Enqueuing write for data_base/csv/iq_option\EURUSD\EURUSD_M1.csv - Queue size: 0
2026-07-24 13:47:04,050 | INFO     | [DataAdapter] M1 data refresh completed for EURUSD
2026-07-24 13:47:04,050 | INFO     | [DataAdapter] Refreshing M5 data for EURUSD
2026-07-24 13:47:04,069 | INFO     | [DataAdapter] M5 anomaly detection completed for EURUSD
2026-07-24 13:47:04,069 | INFO     | [DataAdapter] M5 data refresh completed for EURUSD
2026-07-24 13:47:04,069 | INFO     | [DataAdapter] Refreshing M15 data for EURUSD
2026-07-24 13:47:04,075 | INFO     | [DataAdapter] M15 anomaly detection completed for EURUSD
2026-07-24 13:47:04,075 | INFO     | [DataAdapter] M15 data refresh completed for EURUSD
2026-07-24 13:47:04,075 | INFO     | [DataAdapter] Anomaly statistics for EURUSD: {'total_calls': 125, 'response_times': [0.013999700546264648, 0.31719064712524414, 0.2949824333190918, 0.03267955780029297, 0.16599440574645996, 0.4046361446380615, 0.3303542137145996, 0.18708395957946777, 0.012867212295532227, 0.29335784912109375, 0.21855616569519043, 0.04597282409667969, 0.016118288040161133, 0.16651606559753418, 0.17901921272277832, 0.04098248481750488, 0.027006864547729492, 0.2834603786468506, 0.20427322387695312, 0.21520233154296875, 0.006014347076416016, 0.24805641174316406, 0.2825925350189209, 0.026009082794189453, 0.03001713752746582, 0.33109354972839355, 0.26633429527282715, 0.03498196601867676, 0.013983488082885742, 0.16509389877319336, 0.203139066696167, 0.02601027488708496, 0.015662193298339844, 0.285672664642334, 0.16912531852722168, 0.031012296676635742, 0.02100062370300293, 0.19908738136291504, 0.33910560607910156, 0.4241623878479004, 0.031023502349853516, 0.12838149070739746, 0.22991466522216797, 0.025004148483276367, 0.005982875823974609, 0.15928292274475098, 0.18576288223266602, 0.024000883102416992, 0.020021677017211914, 0.2539963722229004, 0.23406672477722168, 0.027977466583251953, 0.032039642333984375, 0.23402166366577148, 0.35982704162597656, 0.031000375747680664, 0.029973506927490234, 0.21654653549194336, 0.4075918197631836, 0.32715654373168945, 0.015000104904174805, 0.21819853782653809, 0.24185967445373535, 0.032021284103393555, 0.014994621276855469, 0.35053372383117676, 0.2678334712982178, 0.037000179290771484, 0.020027637481689453, 0.35924363136291504, 0.2781853675842285, 0.031000137329101562, 0.015509366989135742, 0.21570110321044922, 0.3485097885131836, 0.03399968147277832, 0.015020370483398438, 0.2662651538848877, 0.2810933589935303, 0.3631160259246826, 0.006013154983520508, 0.3089568614959717, 0.2898275852203369, 0.02498316764831543, 0.014000892639160156, 0.2052288055419922, 0.28769516944885254, 0.030613422393798828, 0.03499746322631836, 0.34804296493530273, 0.23193693161010742, 0.04099726676940918, 0.0060138702392578125, 0.17101597785949707, 0.1998612880706787, 0.03898882865905762, 0.013130426406860352, 0.2299973964691162, 0.21095585823059082, 0.3939990997314453, 0.04900622367858887, 0.2888782024383545, 0.24605846405029297, 0.02899456024169922, 0.030014753341674805, 0.17598366737365723, 0.22558331489562988, 0.02981853485107422, 0.02001667022705078, 0.27314281463623047, 0.27499914169311523, 0.034003257751464844, 0.030124425888061523, 0.2938573360443115, 0.4343080520629883, 0.021994352340698242, 0.020197153091430664, 0.26502060890197754, 0.17703819274902344, 0.29517221450805664, 0.03000020980834961, 0.34667491912841797, 0.2830934524536133, 0.028986215591430664, 0.029996633529663086], 'spike_count': 0, 'zero_volume_count': np.int64(69471), 'impossible_candle_count': 0, 'consecutive_anomalies': 0, 'avg_response_time': np.float64(0.15965851402282716), 'max_response_time': np.float64(0.4343080520629883), 'min_response_time': np.float64(0.005982875823974609)}
2026-07-24 13:47:04,082 | INFO     | [CSVQueue] Processing write for data_base/csv/iq_option\EURUSD\EURUSD_M1.csv
2026-07-24 13:47:04,130 | INFO     | [CSVWriter] Writing 249 rows to data_base/csv/iq_option\EURUSD\EURUSD_M1.csv
2026-07-24 13:47:04,193 | INFO     | [IQOPTION] REST fetch succeeded for EURUSD-OTC: 5 candles
2026-07-24 13:47:04,202 | ERROR    | [ANOMALY] CONSECUTIVE zero volume: EURUSD-OTC streak 248
2026-07-24 13:47:04,367 | INFO     | [CSVWriter] Successfully wrote 385 rows to data_base/csv/iq_option\EURUSD\EURUSD_M1.csv
2026-07-24 13:47:04,399 | INFO     | [CSVQueue] Successfully processed write for data_base/csv/iq_option\EURUSD\EURUSD_M1.csv
2026-07-24 13:47:04,431 | INFO     | [CSVQueue] Queue size: 0
2026-07-24 13:47:04,434 | WARNING  | [ANOMALY] Total anomalies detected: EURUSD-OTC 249
2026-07-24 13:47:04,463 | INFO     | [IQOPTION] REST fetch succeeded for GBPUSD-OTC: 5 candles
2026-07-24 13:47:04,495 | INFO     | [DataAdapter] M1 anomaly detection completed for EURUSD-OTC in 0.296s
2026-07-24 13:47:04,607 | ERROR    | [ANOMALY] CONSECUTIVE zero volume: GBPUSD-OTC streak 248
2026-07-24 13:47:04,622 | INFO     | [CSVQueue] Enqueuing write for data_base/csv/iq_option\EURUSD-OTC\EURUSD-OTC_M1.csv - Queue size: 0
2026-07-24 13:47:04,655 | INFO     | [DataAdapter] M1 data refresh completed for EURUSD-OTC
2026-07-24 13:47:04,669 | INFO     | [CSVQueue] Processing write for data_base/csv/iq_option\EURUSD-OTC\EURUSD-OTC_M1.csv
2026-07-24 13:47:04,717 | INFO     | [DataAdapter] Refreshing M5 data for EURUSD-OTC
2026-07-24 13:47:04,780 | INFO     | [CSVWriter] Writing 249 rows to data_base/csv/iq_option\EURUSD-OTC\EURUSD-OTC_M1.csv
2026-07-24 13:47:04,794 | ERROR    | [ANOMALY] CONSECUTIVE zero volume: EURUSD-OTC streak 248
2026-07-24 13:47:04,847 | WARNING  | [ANOMALY] Total anomalies detected: GBPUSD-OTC 249
2026-07-24 13:47:04,940 | INFO     | [IQOPTION] REST fetch succeeded for EURGBP-OTC: 5 candles
2026-07-24 13:47:04,940 | INFO     | [DataAdapter] M1 anomaly detection completed for GBPUSD-OTC in 0.392s
2026-07-24 13:47:04,954 | ERROR    | [ANOMALY] CONSECUTIVE zero volume: EURGBP-OTC streak 248
2026-07-24 13:47:04,960 | INFO     | [CSVQueue] Enqueuing write for data_base/csv/iq_option\GBPUSD-OTC\GBPUSD-OTC_M1.csv - Queue size: 0
2026-07-24 13:47:04,962 | INFO     | [DataAdapter] M1 data refresh completed for GBPUSD-OTC
2026-07-24 13:47:04,963 | INFO     | [DataAdapter] Refreshing M5 data for GBPUSD-OTC
2026-07-24 13:47:04,963 | INFO     | [CSVWriter] Successfully wrote 384 rows to data_base/csv/iq_option\EURUSD-OTC\EURUSD-OTC_M1.csv
2026-07-24 13:47:04,967 | WARNING  | [ANOMALY] Total anomalies detected: EURUSD-OTC 249
2026-07-24 13:47:04,969 | INFO     | [CSVQueue] Successfully processed write for data_base/csv/iq_option\EURUSD-OTC\EURUSD-OTC_M1.csv
2026-07-24 13:47:04,971 | ERROR    | [ANOMALY] CONSECUTIVE zero volume: GBPUSD-OTC streak 248
2026-07-24 13:47:04,971 | INFO     | [DataAdapter] M5 anomaly detection completed for EURUSD-OTC
2026-07-24 13:47:04,971 | INFO     | [CSVQueue] Processing write for data_base/csv/iq_option\GBPUSD-OTC\GBPUSD-OTC_M1.csv
2026-07-24 13:47:04,975 | WARNING  | [ANOMALY] Total anomalies detected: EURGBP-OTC 249
2026-07-24 13:47:04,976 | INFO     | [DataAdapter] M5 data refresh completed for EURUSD-OTC
2026-07-24 13:47:04,976 | INFO     | [CSVWriter] Writing 249 rows to data_base/csv/iq_option\GBPUSD-OTC\GBPUSD-OTC_M1.csv
2026-07-24 13:47:04,977 | INFO     | [DataAdapter] M1 anomaly detection completed for EURGBP-OTC in 0.026s
2026-07-24 13:47:04,977 | INFO     | [DataAdapter] Refreshing M15 data for EURUSD-OTC
2026-07-24 13:47:04,986 | ERROR    | [ANOMALY] CONSECUTIVE zero volume: EURUSD-OTC streak 248
2026-07-24 13:47:04,987 | INFO     | [CSVQueue] Enqueuing write for data_base/csv/iq_option\EURGBP-OTC\EURGBP-OTC_M1.csv - Queue size: 0
2026-07-24 13:47:04,987 | INFO     | [DataAdapter] M1 data refresh completed for EURGBP-OTC
2026-07-24 13:47:04,988 | INFO     | [DataAdapter] Refreshing M5 data for EURGBP-OTC
2026-07-24 13:47:04,991 | ERROR    | [ANOMALY] CONSECUTIVE zero volume: EURGBP-OTC streak 248
2026-07-24 13:47:04,996 | WARNING  | [ANOMALY] Total anomalies detected: GBPUSD-OTC 249
2026-07-24 13:47:04,996 | INFO     | [DataAdapter] M5 anomaly detection completed for GBPUSD-OTC
2026-07-24 13:47:04,996 | INFO     | [DataAdapter] M5 data refresh completed for GBPUSD-OTC
2026-07-24 13:47:04,996 | INFO     | [DataAdapter] Refreshing M15 data for GBPUSD-OTC
2026-07-24 13:47:05,001 | ERROR    | [ANOMALY] CONSECUTIVE zero volume: GBPUSD-OTC streak 248
2026-07-24 13:47:05,012 | WARNING  | [ANOMALY] Total anomalies detected: EURGBP-OTC 249
2026-07-24 13:47:05,016 | WARNING  | [ANOMALY] Total anomalies detected: EURUSD-OTC 249
2026-07-24 13:47:05,017 | INFO     | [DataAdapter] M5 anomaly detection completed for EURGBP-OTC
2026-07-24 13:47:05,021 | WARNING  | [ANOMALY] Total anomalies detected: GBPUSD-OTC 249
2026-07-24 13:47:05,022 | INFO     | [DataAdapter] M15 anomaly detection completed for EURUSD-OTC
2026-07-24 13:47:05,022 | INFO     | [DataAdapter] M5 data refresh completed for EURGBP-OTC
2026-07-24 13:47:05,022 | INFO     | [DataAdapter] M15 anomaly detection completed for GBPUSD-OTC
2026-07-24 13:47:05,022 | INFO     | [DataAdapter] M15 data refresh completed for EURUSD-OTC
2026-07-24 13:47:05,022 | INFO     | [DataAdapter] Refreshing M15 data for EURGBP-OTC
2026-07-24 13:47:05,024 | INFO     | [DataAdapter] M15 data refresh completed for GBPUSD-OTC
2026-07-24 13:47:05,025 | INFO     | [DataAdapter] Anomaly statistics for EURUSD-OTC: {'total_calls': 128, 'response_times': [0.013999700546264648, 0.31719064712524414, 0.2949824333190918, 0.03267955780029297, 0.16599440574645996, 0.4046361446380615, 0.3303542137145996, 0.18708395957946777, 0.012867212295532227, 0.29335784912109375, 0.21855616569519043, 0.04597282409667969, 0.016118288040161133, 0.16651606559753418, 0.17901921272277832, 0.04098248481750488, 0.027006864547729492, 0.2834603786468506, 0.20427322387695312, 0.21520233154296875, 0.006014347076416016, 0.24805641174316406, 0.2825925350189209, 0.026009082794189453, 0.03001713752746582, 0.33109354972839355, 0.26633429527282715, 0.03498196601867676, 0.013983488082885742, 0.16509389877319336, 0.203139066696167, 0.02601027488708496, 0.015662193298339844, 0.285672664642334, 0.16912531852722168, 0.031012296676635742, 0.02100062370300293, 0.19908738136291504, 0.33910560607910156, 0.4241623878479004, 0.031023502349853516, 0.12838149070739746, 0.22991466522216797, 0.025004148483276367, 0.005982875823974609, 0.15928292274475098, 0.18576288223266602, 0.024000883102416992, 0.020021677017211914, 0.2539963722229004, 0.23406672477722168, 0.027977466583251953, 0.032039642333984375, 0.23402166366577148, 0.35982704162597656, 0.031000375747680664, 0.029973506927490234, 0.21654653549194336, 0.4075918197631836, 0.32715654373168945, 0.015000104904174805, 0.21819853782653809, 0.24185967445373535, 0.032021284103393555, 0.014994621276855469, 0.35053372383117676, 0.2678334712982178, 0.037000179290771484, 0.020027637481689453, 0.35924363136291504, 0.2781853675842285, 0.031000137329101562, 0.015509366989135742, 0.21570110321044922, 0.3485097885131836, 0.03399968147277832, 0.015020370483398438, 0.2662651538848877, 0.2810933589935303, 0.3631160259246826, 0.006013154983520508, 0.3089568614959717, 0.2898275852203369, 0.02498316764831543, 0.014000892639160156, 0.2052288055419922, 0.28769516944885254, 0.030613422393798828, 0.03499746322631836, 0.34804296493530273, 0.23193693161010742, 0.04099726676940918, 0.0060138702392578125, 0.17101597785949707, 0.1998612880706787, 0.03898882865905762, 0.013130426406860352, 0.2299973964691162, 0.21095585823059082, 0.3939990997314453, 0.04900622367858887, 0.2888782024383545, 0.24605846405029297, 0.02899456024169922, 0.030014753341674805, 0.17598366737365723, 0.22558331489562988, 0.02981853485107422, 0.02001667022705078, 0.27314281463623047, 0.27499914169311523, 0.034003257751464844, 0.030124425888061523, 0.2938573360443115, 0.4343080520629883, 0.021994352340698242, 0.020197153091430664, 0.26502060890197754, 0.17703819274902344, 0.29517221450805664, 0.03000020980834961, 0.34667491912841797, 0.2830934524536133, 0.028986215591430664, 0.029996633529663086, 0.2961723804473877, 0.39194440841674805, 0.026000022888183594], 'spike_count': 0, 'zero_volume_count': np.int64(71463), 'impossible_candle_count': 0, 'consecutive_anomalies': 0, 'avg_response_time': np.float64(0.16149555519223213), 'max_response_time': np.float64(0.4343080520629883), 'min_response_time': np.float64(0.005982875823974609)}
2026-07-24 13:47:05,028 | ERROR    | [ANOMALY] CONSECUTIVE zero volume: EURGBP-OTC streak 248
2026-07-24 13:47:05,029 | INFO     | [DataAdapter] Anomaly statistics for GBPUSD-OTC: {'total_calls': 128, 'response_times': [0.013999700546264648, 0.31719064712524414, 0.2949824333190918, 0.03267955780029297, 0.16599440574645996, 0.4046361446380615, 0.3303542137145996, 0.18708395957946777, 0.012867212295532227, 0.29335784912109375, 0.21855616569519043, 0.04597282409667969, 0.016118288040161133, 0.16651606559753418, 0.17901921272277832, 0.04098248481750488, 0.027006864547729492, 0.2834603786468506, 0.20427322387695312, 0.21520233154296875, 0.006014347076416016, 0.24805641174316406, 0.2825925350189209, 0.026009082794189453, 0.03001713752746582, 0.33109354972839355, 0.26633429527282715, 0.03498196601867676, 0.013983488082885742, 0.16509389877319336, 0.203139066696167, 0.02601027488708496, 0.015662193298339844, 0.285672664642334, 0.16912531852722168, 0.031012296676635742, 0.02100062370300293, 0.19908738136291504, 0.33910560607910156, 0.4241623878479004, 0.031023502349853516, 0.12838149070739746, 0.22991466522216797, 0.025004148483276367, 0.005982875823974609, 0.15928292274475098, 0.18576288223266602, 0.024000883102416992, 0.020021677017211914, 0.2539963722229004, 0.23406672477722168, 0.027977466583251953, 0.032039642333984375, 0.23402166366577148, 0.35982704162597656, 0.031000375747680664, 0.029973506927490234, 0.21654653549194336, 0.4075918197631836, 0.32715654373168945, 0.015000104904174805, 0.21819853782653809, 0.24185967445373535, 0.032021284103393555, 0.014994621276855469, 0.35053372383117676, 0.2678334712982178, 0.037000179290771484, 0.020027637481689453, 0.35924363136291504, 0.2781853675842285, 0.031000137329101562, 0.015509366989135742, 0.21570110321044922, 0.3485097885131836, 0.03399968147277832, 0.015020370483398438, 0.2662651538848877, 0.2810933589935303, 0.3631160259246826, 0.006013154983520508, 0.3089568614959717, 0.2898275852203369, 0.02498316764831543, 0.014000892639160156, 0.2052288055419922, 0.28769516944885254, 0.030613422393798828, 0.03499746322631836, 0.34804296493530273, 0.23193693161010742, 0.04099726676940918, 0.0060138702392578125, 0.17101597785949707, 0.1998612880706787, 0.03898882865905762, 0.013130426406860352, 0.2299973964691162, 0.21095585823059082, 0.3939990997314453, 0.04900622367858887, 0.2888782024383545, 0.24605846405029297, 0.02899456024169922, 0.030014753341674805, 0.17598366737365723, 0.22558331489562988, 0.02981853485107422, 0.02001667022705078, 0.27314281463623047, 0.27499914169311523, 0.034003257751464844, 0.030124425888061523, 0.2938573360443115, 0.4343080520629883, 0.021994352340698242, 0.020197153091430664, 0.26502060890197754, 0.17703819274902344, 0.29517221450805664, 0.03000020980834961, 0.34667491912841797, 0.2830934524536133, 0.028986215591430664, 0.029996633529663086, 0.2961723804473877, 0.39194440841674805, 0.026000022888183594], 'spike_count': 0, 'zero_volume_count': np.int64(71712), 'impossible_candle_count': 0, 'consecutive_anomalies': 0, 'avg_response_time': np.float64(0.16149555519223213), 'max_response_time': np.float64(0.4343080520629883), 'min_response_time': np.float64(0.005982875823974609)}
2026-07-24 13:47:05,030 | INFO     | [CSVWriter] Successfully wrote 384 rows to data_base/csv/iq_option\GBPUSD-OTC\GBPUSD-OTC_M1.csv
2026-07-24 13:47:05,031 | INFO     | [CSVQueue] Successfully processed write for data_base/csv/iq_option\GBPUSD-OTC\GBPUSD-OTC_M1.csv
2026-07-24 13:47:05,031 | INFO     | [CSVQueue] Processing write for data_base/csv/iq_option\EURGBP-OTC\EURGBP-OTC_M1.csv
2026-07-24 13:47:05,031 | INFO     | [CSVWriter] Writing 249 rows to data_base/csv/iq_option\EURGBP-OTC\EURGBP-OTC_M1.csv
2026-07-24 13:47:05,039 | WARNING  | [ANOMALY] Total anomalies detected: EURGBP-OTC 249
2026-07-24 13:47:05,040 | INFO     | [DataAdapter] M15 anomaly detection completed for EURGBP-OTC
2026-07-24 13:47:05,040 | INFO     | [DataAdapter] M15 data refresh completed for EURGBP-OTC
2026-07-24 13:47:05,041 | INFO     | [DataAdapter] Anomaly statistics for EURGBP-OTC: {'total_calls': 128, 'response_times': [0.013999700546264648, 0.31719064712524414, 0.2949824333190918, 0.03267955780029297, 0.16599440574645996, 0.4046361446380615, 0.3303542137145996, 0.18708395957946777, 0.012867212295532227, 0.29335784912109375, 0.21855616569519043, 0.04597282409667969, 0.016118288040161133, 0.16651606559753418, 0.17901921272277832, 0.04098248481750488, 0.027006864547729492, 0.2834603786468506, 0.20427322387695312, 0.21520233154296875, 0.006014347076416016, 0.24805641174316406, 0.2825925350189209, 0.026009082794189453, 0.03001713752746582, 0.33109354972839355, 0.26633429527282715, 0.03498196601867676, 0.013983488082885742, 0.16509389877319336, 0.203139066696167, 0.02601027488708496, 0.015662193298339844, 0.285672664642334, 0.16912531852722168, 0.031012296676635742, 0.02100062370300293, 0.19908738136291504, 0.33910560607910156, 0.4241623878479004, 0.031023502349853516, 0.12838149070739746, 0.22991466522216797, 0.025004148483276367, 0.005982875823974609, 0.15928292274475098, 0.18576288223266602, 0.024000883102416992, 0.020021677017211914, 0.2539963722229004, 0.23406672477722168, 0.027977466583251953, 0.032039642333984375, 0.23402166366577148, 0.35982704162597656, 0.031000375747680664, 0.029973506927490234, 0.21654653549194336, 0.4075918197631836, 0.32715654373168945, 0.015000104904174805, 0.21819853782653809, 0.24185967445373535, 0.032021284103393555, 0.014994621276855469, 0.35053372383117676, 0.2678334712982178, 0.037000179290771484, 0.020027637481689453, 0.35924363136291504, 0.2781853675842285, 0.031000137329101562, 0.015509366989135742, 0.21570110321044922, 0.3485097885131836, 0.03399968147277832, 0.015020370483398438, 0.2662651538848877, 0.2810933589935303, 0.3631160259246826, 0.006013154983520508, 0.3089568614959717, 0.2898275852203369, 0.02498316764831543, 0.014000892639160156, 0.2052288055419922, 0.28769516944885254, 0.030613422393798828, 0.03499746322631836, 0.34804296493530273, 0.23193693161010742, 0.04099726676940918, 0.0060138702392578125, 0.17101597785949707, 0.1998612880706787, 0.03898882865905762, 0.013130426406860352, 0.2299973964691162, 0.21095585823059082, 0.3939990997314453, 0.04900622367858887, 0.2888782024383545, 0.24605846405029297, 0.02899456024169922, 0.030014753341674805, 0.17598366737365723, 0.22558331489562988, 0.02981853485107422, 0.02001667022705078, 0.27314281463623047, 0.27499914169311523, 0.034003257751464844, 0.030124425888061523, 0.2938573360443115, 0.4343080520629883, 0.021994352340698242, 0.020197153091430664, 0.26502060890197754, 0.17703819274902344, 0.29517221450805664, 0.03000020980834961, 0.34667491912841797, 0.2830934524536133, 0.028986215591430664, 0.029996633529663086, 0.2961723804473877, 0.39194440841674805, 0.026000022888183594], 'spike_count': 0, 'zero_volume_count': np.int64(71712), 'impossible_candle_count': 0, 'consecutive_anomalies': 0, 'avg_response_time': np.float64(0.16149555519223213), 'max_response_time': np.float64(0.4343080520629883), 'min_response_time': np.float64(0.005982875823974609)}
2026-07-24 13:47:05,046 | INFO     | [CSVWriter] Successfully wrote 384 rows to data_base/csv/iq_option\EURGBP-OTC\EURGBP-OTC_M1.csv
2026-07-24 13:47:05,047 | INFO     | [CSVQueue] Successfully processed write for data_base/csv/iq_option\EURGBP-OTC\EURGBP-OTC_M1.csv
2026-07-24 13:47:05,047 | INFO     | [CSVQueue] Queue size: 0
2026-07-24 13:47:05,311 | INFO     | [EURUSD:1.13849][EURUSD-OTC:1.15315][GBPUSD-OTC:1.33146][EURGBP-OTC:0.85655] :: TOTAL=$1271.51
2026-07-24 13:48:03,581 | INFO     | [DataAdapter] Starting update for EURUSD
2026-07-24 13:48:03,581 | INFO     | [DataAdapter] Refreshing M1 data for EURUSD
2026-07-24 13:48:03,581 | INFO     | [DataAdapter] Starting update for EURUSD-OTC
2026-07-24 13:48:03,582 | INFO     | [DataAdapter] Refreshing M1 data for EURUSD-OTC
2026-07-24 13:48:03,582 | INFO     | [DataAdapter] Starting update for GBPUSD-OTC
2026-07-24 13:48:03,582 | INFO     | [DataAdapter] Refreshing M1 data for GBPUSD-OTC
2026-07-24 13:48:03,582 | INFO     | [DataAdapter] Starting update for EURGBP-OTC
2026-07-24 13:48:03,582 | INFO     | [DataAdapter] Refreshing M1 data for EURGBP-OTC
2026-07-24 13:48:03,880 | INFO     | [IQOPTION] REST fetch succeeded for EURUSD: 5 candles
2026-07-24 13:48:03,916 | INFO     | [DataAdapter] M1 anomaly detection completed for EURUSD in 0.030s
2026-07-24 13:48:03,991 | INFO     | [CSVQueue] Enqueuing write for data_base/csv/iq_option\EURUSD\EURUSD_M1.csv - Queue size: 0
2026-07-24 13:48:04,007 | INFO     | [DataAdapter] M1 data refresh completed for EURUSD
2026-07-24 13:48:04,022 | INFO     | [CSVQueue] Processing write for data_base/csv/iq_option\EURUSD\EURUSD_M1.csv
2026-07-24 13:48:04,022 | INFO     | [DataAdapter] Refreshing M5 data for EURUSD
2026-07-24 13:48:04,070 | INFO     | [CSVWriter] Writing 249 rows to data_base/csv/iq_option\EURUSD\EURUSD_M1.csv
2026-07-24 13:48:04,106 | INFO     | [DataAdapter] M5 anomaly detection completed for EURUSD
2026-07-24 13:48:04,164 | INFO     | [DataAdapter] M5 data refresh completed for EURUSD
2026-07-24 13:48:04,164 | INFO     | [DataAdapter] Refreshing M15 data for EURUSD
2026-07-24 13:48:04,171 | INFO     | [DataAdapter] M15 anomaly detection completed for EURUSD
2026-07-24 13:48:04,171 | INFO     | [DataAdapter] M15 data refresh completed for EURUSD
2026-07-24 13:48:04,172 | INFO     | [DataAdapter] Anomaly statistics for EURUSD: {'total_calls': 129, 'response_times': [0.013999700546264648, 0.31719064712524414, 0.2949824333190918, 0.03267955780029297, 0.16599440574645996, 0.4046361446380615, 0.3303542137145996, 0.18708395957946777, 0.012867212295532227, 0.29335784912109375, 0.21855616569519043, 0.04597282409667969, 0.016118288040161133, 0.16651606559753418, 0.17901921272277832, 0.04098248481750488, 0.027006864547729492, 0.2834603786468506, 0.20427322387695312, 0.21520233154296875, 0.006014347076416016, 0.24805641174316406, 0.2825925350189209, 0.026009082794189453, 0.03001713752746582, 0.33109354972839355, 0.26633429527282715, 0.03498196601867676, 0.013983488082885742, 0.16509389877319336, 0.203139066696167, 0.02601027488708496, 0.015662193298339844, 0.285672664642334, 0.16912531852722168, 0.031012296676635742, 0.02100062370300293, 0.19908738136291504, 0.33910560607910156, 0.4241623878479004, 0.031023502349853516, 0.12838149070739746, 0.22991466522216797, 0.025004148483276367, 0.005982875823974609, 0.15928292274475098, 0.18576288223266602, 0.024000883102416992, 0.020021677017211914, 0.2539963722229004, 0.23406672477722168, 0.027977466583251953, 0.032039642333984375, 0.23402166366577148, 0.35982704162597656, 0.031000375747680664, 0.029973506927490234, 0.21654653549194336, 0.4075918197631836, 0.32715654373168945, 0.015000104904174805, 0.21819853782653809, 0.24185967445373535, 0.032021284103393555, 0.014994621276855469, 0.35053372383117676, 0.2678334712982178, 0.037000179290771484, 0.020027637481689453, 0.35924363136291504, 0.2781853675842285, 0.031000137329101562, 0.015509366989135742, 0.21570110321044922, 0.3485097885131836, 0.03399968147277832, 0.015020370483398438, 0.2662651538848877, 0.2810933589935303, 0.3631160259246826, 0.006013154983520508, 0.3089568614959717, 0.2898275852203369, 0.02498316764831543, 0.014000892639160156, 0.2052288055419922, 0.28769516944885254, 0.030613422393798828, 0.03499746322631836, 0.34804296493530273, 0.23193693161010742, 0.04099726676940918, 0.0060138702392578125, 0.17101597785949707, 0.1998612880706787, 0.03898882865905762, 0.013130426406860352, 0.2299973964691162, 0.21095585823059082, 0.3939990997314453, 0.04900622367858887, 0.2888782024383545, 0.24605846405029297, 0.02899456024169922, 0.030014753341674805, 0.17598366737365723, 0.22558331489562988, 0.02981853485107422, 0.02001667022705078, 0.27314281463623047, 0.27499914169311523, 0.034003257751464844, 0.030124425888061523, 0.2938573360443115, 0.4343080520629883, 0.021994352340698242, 0.020197153091430664, 0.26502060890197754, 0.17703819274902344, 0.29517221450805664, 0.03000020980834961, 0.34667491912841797, 0.2830934524536133, 0.028986215591430664, 0.029996633529663086, 0.2961723804473877, 0.39194440841674805, 0.026000022888183594, 0.030128002166748047], 'spike_count': 0, 'zero_volume_count': np.int64(71712), 'impossible_candle_count': 0, 'consecutive_anomalies': 0, 'avg_response_time': np.float64(0.16047720206800356), 'max_response_time': np.float64(0.4343080520629883), 'min_response_time': np.float64(0.005982875823974609)}
2026-07-24 13:48:04,172 | INFO     | [IQOPTION] REST fetch succeeded for EURUSD-OTC: 5 candles
2026-07-24 13:48:04,197 | ERROR    | [ANOMALY] CONSECUTIVE zero volume: EURUSD-OTC streak 248
2026-07-24 13:48:04,372 | WARNING  | [ANOMALY] Total anomalies detected: EURUSD-OTC 249
2026-07-24 13:48:04,372 | INFO     | [DataAdapter] M1 anomaly detection completed for EURUSD-OTC in 0.193s
2026-07-24 13:48:04,389 | INFO     | [IQOPTION] REST fetch succeeded for GBPUSD-OTC: 5 candles
2026-07-24 13:48:04,419 | ERROR    | [ANOMALY] CONSECUTIVE zero volume: GBPUSD-OTC streak 248
2026-07-24 13:48:04,465 | INFO     | [CSVWriter] Successfully wrote 386 rows to data_base/csv/iq_option\EURUSD\EURUSD_M1.csv
2026-07-24 13:48:04,481 | INFO     | [CSVQueue] Enqueuing write for data_base/csv/iq_option\EURUSD-OTC\EURUSD-OTC_M1.csv - Queue size: 0
2026-07-24 13:48:04,481 | INFO     | [CSVQueue] Successfully processed write for data_base/csv/iq_option\EURUSD\EURUSD_M1.csv
2026-07-24 13:48:04,497 | INFO     | [DataAdapter] M1 data refresh completed for EURUSD-OTC
2026-07-24 13:48:04,560 | INFO     | [CSVQueue] Processing write for data_base/csv/iq_option\EURUSD-OTC\EURUSD-OTC_M1.csv
2026-07-24 13:48:04,592 | INFO     | [DataAdapter] Refreshing M5 data for EURUSD-OTC
2026-07-24 13:48:04,608 | INFO     | [CSVWriter] Writing 249 rows to data_base/csv/iq_option\EURUSD-OTC\EURUSD-OTC_M1.csv
2026-07-24 13:48:04,612 | WARNING  | [ANOMALY] Total anomalies detected: GBPUSD-OTC 249
2026-07-24 13:48:04,627 | ERROR    | [ANOMALY] CONSECUTIVE zero volume: EURUSD-OTC streak 248
2026-07-24 13:48:04,656 | INFO     | [DataAdapter] M1 anomaly detection completed for GBPUSD-OTC in 0.260s
2026-07-24 13:48:04,720 | INFO     | [IQOPTION] REST fetch succeeded for EURGBP-OTC: 5 candles
2026-07-24 13:48:04,732 | WARNING  | [ANOMALY] Total anomalies detected: EURUSD-OTC 249
2026-07-24 13:48:04,735 | INFO     | [DataAdapter] M5 anomaly detection completed for EURUSD-OTC
2026-07-24 13:48:04,737 | ERROR    | [ANOMALY] CONSECUTIVE zero volume: EURGBP-OTC streak 248
2026-07-24 13:48:04,738 | INFO     | [DataAdapter] M5 data refresh completed for EURUSD-OTC
2026-07-24 13:48:04,739 | INFO     | [CSVQueue] Enqueuing write for data_base/csv/iq_option\GBPUSD-OTC\GBPUSD-OTC_M1.csv - Queue size: 0
2026-07-24 13:48:04,741 | INFO     | [DataAdapter] Refreshing M15 data for EURUSD-OTC
2026-07-24 13:48:04,742 | INFO     | [DataAdapter] M1 data refresh completed for GBPUSD-OTC
2026-07-24 13:48:04,745 | ERROR    | [ANOMALY] CONSECUTIVE zero volume: EURUSD-OTC streak 248
2026-07-24 13:48:04,745 | INFO     | [DataAdapter] Refreshing M5 data for GBPUSD-OTC
2026-07-24 13:48:04,754 | ERROR    | [ANOMALY] CONSECUTIVE zero volume: GBPUSD-OTC streak 248
2026-07-24 13:48:04,759 | INFO     | [CSVWriter] Successfully wrote 385 rows to data_base/csv/iq_option\EURUSD-OTC\EURUSD-OTC_M1.csv
2026-07-24 13:48:04,762 | WARNING  | [ANOMALY] Total anomalies detected: EURGBP-OTC 249
2026-07-24 13:48:04,763 | INFO     | [CSVQueue] Successfully processed write for data_base/csv/iq_option\EURUSD-OTC\EURUSD-OTC_M1.csv
2026-07-24 13:48:04,765 | INFO     | [DataAdapter] M1 anomaly detection completed for EURGBP-OTC in 0.032s
2026-07-24 13:48:04,765 | INFO     | [CSVQueue] Processing write for data_base/csv/iq_option\GBPUSD-OTC\GBPUSD-OTC_M1.csv
2026-07-24 13:48:04,769 | WARNING  | [ANOMALY] Total anomalies detected: EURUSD-OTC 249
2026-07-24 13:48:04,772 | INFO     | [CSVWriter] Writing 249 rows to data_base/csv/iq_option\GBPUSD-OTC\GBPUSD-OTC_M1.csv
2026-07-24 13:48:04,772 | INFO     | [DataAdapter] M15 anomaly detection completed for EURUSD-OTC
2026-07-24 13:48:04,777 | WARNING  | [ANOMALY] Total anomalies detected: GBPUSD-OTC 249
2026-07-24 13:48:04,777 | INFO     | [DataAdapter] M15 data refresh completed for EURUSD-OTC
2026-07-24 13:48:04,778 | INFO     | [DataAdapter] M5 anomaly detection completed for GBPUSD-OTC
2026-07-24 13:48:04,778 | INFO     | [CSVQueue] Enqueuing write for data_base/csv/iq_option\EURGBP-OTC\EURGBP-OTC_M1.csv - Queue size: 0
2026-07-24 13:48:04,778 | INFO     | [DataAdapter] Anomaly statistics for EURUSD-OTC: {'total_calls': 132, 'response_times': [0.013999700546264648, 0.31719064712524414, 0.2949824333190918, 0.03267955780029297, 0.16599440574645996, 0.4046361446380615, 0.3303542137145996, 0.18708395957946777, 0.012867212295532227, 0.29335784912109375, 0.21855616569519043, 0.04597282409667969, 0.016118288040161133, 0.16651606559753418, 0.17901921272277832, 0.04098248481750488, 0.027006864547729492, 0.2834603786468506, 0.20427322387695312, 0.21520233154296875, 0.006014347076416016, 0.24805641174316406, 0.2825925350189209, 0.026009082794189453, 0.03001713752746582, 0.33109354972839355, 0.26633429527282715, 0.03498196601867676, 0.013983488082885742, 0.16509389877319336, 0.203139066696167, 0.02601027488708496, 0.015662193298339844, 0.285672664642334, 0.16912531852722168, 0.031012296676635742, 0.02100062370300293, 0.19908738136291504, 0.33910560607910156, 0.4241623878479004, 0.031023502349853516, 0.12838149070739746, 0.22991466522216797, 0.025004148483276367, 0.005982875823974609, 0.15928292274475098, 0.18576288223266602, 0.024000883102416992, 0.020021677017211914, 0.2539963722229004, 0.23406672477722168, 0.027977466583251953, 0.032039642333984375, 0.23402166366577148, 0.35982704162597656, 0.031000375747680664, 0.029973506927490234, 0.21654653549194336, 0.4075918197631836, 0.32715654373168945, 0.015000104904174805, 0.21819853782653809, 0.24185967445373535, 0.032021284103393555, 0.014994621276855469, 0.35053372383117676, 0.2678334712982178, 0.037000179290771484, 0.020027637481689453, 0.35924363136291504, 0.2781853675842285, 0.031000137329101562, 0.015509366989135742, 0.21570110321044922, 0.3485097885131836, 0.03399968147277832, 0.015020370483398438, 0.2662651538848877, 0.2810933589935303, 0.3631160259246826, 0.006013154983520508, 0.3089568614959717, 0.2898275852203369, 0.02498316764831543, 0.014000892639160156, 0.2052288055419922, 0.28769516944885254, 0.030613422393798828, 0.03499746322631836, 0.34804296493530273, 0.23193693161010742, 0.04099726676940918, 0.0060138702392578125, 0.17101597785949707, 0.1998612880706787, 0.03898882865905762, 0.013130426406860352, 0.2299973964691162, 0.21095585823059082, 0.3939990997314453, 0.04900622367858887, 0.2888782024383545, 0.24605846405029297, 0.02899456024169922, 0.030014753341674805, 0.17598366737365723, 0.22558331489562988, 0.02981853485107422, 0.02001667022705078, 0.27314281463623047, 0.27499914169311523, 0.034003257751464844, 0.030124425888061523, 0.2938573360443115, 0.4343080520629883, 0.021994352340698242, 0.020197153091430664, 0.26502060890197754, 0.17703819274902344, 0.29517221450805664, 0.03000020980834961, 0.34667491912841797, 0.2830934524536133, 0.028986215591430664, 0.029996633529663086, 0.2961723804473877, 0.39194440841674805, 0.026000022888183594, 0.030128002166748047, 0.1931285858154297, 0.2600219249725342, 0.03214883804321289], 'spike_count': 0, 'zero_volume_count': np.int64(73206), 'impossible_candle_count': 0, 'consecutive_anomalies': 0, 'avg_response_time': np.float64(0.16050650314851242), 'max_response_time': np.float64(0.4343080520629883), 'min_response_time': np.float64(0.005982875823974609)}
2026-07-24 13:48:04,779 | INFO     | [DataAdapter] M5 data refresh completed for GBPUSD-OTC
2026-07-24 13:48:04,779 | INFO     | [DataAdapter] M1 data refresh completed for EURGBP-OTC
2026-07-24 13:48:04,779 | INFO     | [DataAdapter] Refreshing M15 data for GBPUSD-OTC
2026-07-24 13:48:04,779 | INFO     | [DataAdapter] Refreshing M5 data for EURGBP-OTC
2026-07-24 13:48:04,783 | ERROR    | [ANOMALY] CONSECUTIVE zero volume: GBPUSD-OTC streak 248
2026-07-24 13:48:04,786 | ERROR    | [ANOMALY] CONSECUTIVE zero volume: EURGBP-OTC streak 248
2026-07-24 13:48:04,801 | WARNING  | [ANOMALY] Total anomalies detected: EURGBP-OTC 249
2026-07-24 13:48:04,801 | INFO     | [DataAdapter] M5 anomaly detection completed for EURGBP-OTC
2026-07-24 13:48:04,801 | INFO     | [CSVWriter] Successfully wrote 385 rows to data_base/csv/iq_option\GBPUSD-OTC\GBPUSD-OTC_M1.csv
2026-07-24 13:48:04,801 | INFO     | [DataAdapter] M5 data refresh completed for EURGBP-OTC
2026-07-24 13:48:04,801 | INFO     | [CSVQueue] Successfully processed write for data_base/csv/iq_option\GBPUSD-OTC\GBPUSD-OTC_M1.csv
2026-07-24 13:48:04,804 | WARNING  | [ANOMALY] Total anomalies detected: GBPUSD-OTC 249
2026-07-24 13:48:04,805 | INFO     | [DataAdapter] Refreshing M15 data for EURGBP-OTC
2026-07-24 13:48:04,805 | INFO     | [CSVQueue] Processing write for data_base/csv/iq_option\EURGBP-OTC\EURGBP-OTC_M1.csv
2026-07-24 13:48:04,805 | INFO     | [DataAdapter] M15 anomaly detection completed for GBPUSD-OTC
2026-07-24 13:48:04,808 | ERROR    | [ANOMALY] CONSECUTIVE zero volume: EURGBP-OTC streak 248
2026-07-24 13:48:04,809 | INFO     | [CSVWriter] Writing 249 rows to data_base/csv/iq_option\EURGBP-OTC\EURGBP-OTC_M1.csv
2026-07-24 13:48:04,809 | INFO     | [DataAdapter] M15 data refresh completed for GBPUSD-OTC
2026-07-24 13:48:04,812 | INFO     | [DataAdapter] Anomaly statistics for GBPUSD-OTC: {'total_calls': 132, 'response_times': [0.013999700546264648, 0.31719064712524414, 0.2949824333190918, 0.03267955780029297, 0.16599440574645996, 0.4046361446380615, 0.3303542137145996, 0.18708395957946777, 0.012867212295532227, 0.29335784912109375, 0.21855616569519043, 0.04597282409667969, 0.016118288040161133, 0.16651606559753418, 0.17901921272277832, 0.04098248481750488, 0.027006864547729492, 0.2834603786468506, 0.20427322387695312, 0.21520233154296875, 0.006014347076416016, 0.24805641174316406, 0.2825925350189209, 0.026009082794189453, 0.03001713752746582, 0.33109354972839355, 0.26633429527282715, 0.03498196601867676, 0.013983488082885742, 0.16509389877319336, 0.203139066696167, 0.02601027488708496, 0.015662193298339844, 0.285672664642334, 0.16912531852722168, 0.031012296676635742, 0.02100062370300293, 0.19908738136291504, 0.33910560607910156, 0.4241623878479004, 0.031023502349853516, 0.12838149070739746, 0.22991466522216797, 0.025004148483276367, 0.005982875823974609, 0.15928292274475098, 0.18576288223266602, 0.024000883102416992, 0.020021677017211914, 0.2539963722229004, 0.23406672477722168, 0.027977466583251953, 0.032039642333984375, 0.23402166366577148, 0.35982704162597656, 0.031000375747680664, 0.029973506927490234, 0.21654653549194336, 0.4075918197631836, 0.32715654373168945, 0.015000104904174805, 0.21819853782653809, 0.24185967445373535, 0.032021284103393555, 0.014994621276855469, 0.35053372383117676, 0.2678334712982178, 0.037000179290771484, 0.020027637481689453, 0.35924363136291504, 0.2781853675842285, 0.031000137329101562, 0.015509366989135742, 0.21570110321044922, 0.3485097885131836, 0.03399968147277832, 0.015020370483398438, 0.2662651538848877, 0.2810933589935303, 0.3631160259246826, 0.006013154983520508, 0.3089568614959717, 0.2898275852203369, 0.02498316764831543, 0.014000892639160156, 0.2052288055419922, 0.28769516944885254, 0.030613422393798828, 0.03499746322631836, 0.34804296493530273, 0.23193693161010742, 0.04099726676940918, 0.0060138702392578125, 0.17101597785949707, 0.1998612880706787, 0.03898882865905762, 0.013130426406860352, 0.2299973964691162, 0.21095585823059082, 0.3939990997314453, 0.04900622367858887, 0.2888782024383545, 0.24605846405029297, 0.02899456024169922, 0.030014753341674805, 0.17598366737365723, 0.22558331489562988, 0.02981853485107422, 0.02001667022705078, 0.27314281463623047, 0.27499914169311523, 0.034003257751464844, 0.030124425888061523, 0.2938573360443115, 0.4343080520629883, 0.021994352340698242, 0.020197153091430664, 0.26502060890197754, 0.17703819274902344, 0.29517221450805664, 0.03000020980834961, 0.34667491912841797, 0.2830934524536133, 0.028986215591430664, 0.029996633529663086, 0.2961723804473877, 0.39194440841674805, 0.026000022888183594, 0.030128002166748047, 0.1931285858154297, 0.2600219249725342, 0.03214883804321289], 'spike_count': 0, 'zero_volume_count': np.int64(73953), 'impossible_candle_count': 0, 'consecutive_anomalies': 0, 'avg_response_time': np.float64(0.16050650314851242), 'max_response_time': np.float64(0.4343080520629883), 'min_response_time': np.float64(0.005982875823974609)}
2026-07-24 13:48:04,820 | WARNING  | [ANOMALY] Total anomalies detected: EURGBP-OTC 249
2026-07-24 13:48:04,821 | INFO     | [DataAdapter] M15 anomaly detection completed for EURGBP-OTC
2026-07-24 13:48:04,821 | INFO     | [DataAdapter] M15 data refresh completed for EURGBP-OTC
2026-07-24 13:48:04,821 | INFO     | [DataAdapter] Anomaly statistics for EURGBP-OTC: {'total_calls': 132, 'response_times': [0.013999700546264648, 0.31719064712524414, 0.2949824333190918, 0.03267955780029297, 0.16599440574645996, 0.4046361446380615, 0.3303542137145996, 0.18708395957946777, 0.012867212295532227, 0.29335784912109375, 0.21855616569519043, 0.04597282409667969, 0.016118288040161133, 0.16651606559753418, 0.17901921272277832, 0.04098248481750488, 0.027006864547729492, 0.2834603786468506, 0.20427322387695312, 0.21520233154296875, 0.006014347076416016, 0.24805641174316406, 0.2825925350189209, 0.026009082794189453, 0.03001713752746582, 0.33109354972839355, 0.26633429527282715, 0.03498196601867676, 0.013983488082885742, 0.16509389877319336, 0.203139066696167, 0.02601027488708496, 0.015662193298339844, 0.285672664642334, 0.16912531852722168, 0.031012296676635742, 0.02100062370300293, 0.19908738136291504, 0.33910560607910156, 0.4241623878479004, 0.031023502349853516, 0.12838149070739746, 0.22991466522216797, 0.025004148483276367, 0.005982875823974609, 0.15928292274475098, 0.18576288223266602, 0.024000883102416992, 0.020021677017211914, 0.2539963722229004, 0.23406672477722168, 0.027977466583251953, 0.032039642333984375, 0.23402166366577148, 0.35982704162597656, 0.031000375747680664, 0.029973506927490234, 0.21654653549194336, 0.4075918197631836, 0.32715654373168945, 0.015000104904174805, 0.21819853782653809, 0.24185967445373535, 0.032021284103393555, 0.014994621276855469, 0.35053372383117676, 0.2678334712982178, 0.037000179290771484, 0.020027637481689453, 0.35924363136291504, 0.2781853675842285, 0.031000137329101562, 0.015509366989135742, 0.21570110321044922, 0.3485097885131836, 0.03399968147277832, 0.015020370483398438, 0.2662651538848877, 0.2810933589935303, 0.3631160259246826, 0.006013154983520508, 0.3089568614959717, 0.2898275852203369, 0.02498316764831543, 0.014000892639160156, 0.2052288055419922, 0.28769516944885254, 0.030613422393798828, 0.03499746322631836, 0.34804296493530273, 0.23193693161010742, 0.04099726676940918, 0.0060138702392578125, 0.17101597785949707, 0.1998612880706787, 0.03898882865905762, 0.013130426406860352, 0.2299973964691162, 0.21095585823059082, 0.3939990997314453, 0.04900622367858887, 0.2888782024383545, 0.24605846405029297, 0.02899456024169922, 0.030014753341674805, 0.17598366737365723, 0.22558331489562988, 0.02981853485107422, 0.02001667022705078, 0.27314281463623047, 0.27499914169311523, 0.034003257751464844, 0.030124425888061523, 0.2938573360443115, 0.4343080520629883, 0.021994352340698242, 0.020197153091430664, 0.26502060890197754, 0.17703819274902344, 0.29517221450805664, 0.03000020980834961, 0.34667491912841797, 0.2830934524536133, 0.028986215591430664, 0.029996633529663086, 0.2961723804473877, 0.39194440841674805, 0.026000022888183594, 0.030128002166748047, 0.1931285858154297, 0.2600219249725342, 0.03214883804321289], 'spike_count': 0, 'zero_volume_count': np.int64(73953), 'impossible_candle_count': 0, 'consecutive_anomalies': 0, 'avg_response_time': np.float64(0.16050650314851242), 'max_response_time': np.float64(0.4343080520629883), 'min_response_time': np.float64(0.005982875823974609)}
2026-07-24 13:48:04,826 | INFO     | [CSVWriter] Successfully wrote 385 rows to data_base/csv/iq_option\EURGBP-OTC\EURGBP-OTC_M1.csv
2026-07-24 13:48:04,828 | INFO     | [CSVQueue] Successfully processed write for data_base/csv/iq_option\EURGBP-OTC\EURGBP-OTC_M1.csv
2026-07-24 13:48:04,828 | INFO     | [CSVQueue] Queue size: 0
2026-07-24 13:48:05,035 | INFO     | [EURUSD:1.13853][EURUSD-OTC:1.15255][GBPUSD-OTC:1.33133][EURGBP-OTC:0.85638] :: TOTAL=$1271.51
2026-07-24 13:49:03,261 | INFO     | [DataAdapter] Starting update for EURUSD
2026-07-24 13:49:03,262 | INFO     | [DataAdapter] Refreshing M1 data for EURUSD
2026-07-24 13:49:03,262 | INFO     | [DataAdapter] Starting update for EURUSD-OTC
2026-07-24 13:49:03,262 | INFO     | [DataAdapter] Refreshing M1 data for EURUSD-OTC
2026-07-24 13:49:03,262 | INFO     | [DataAdapter] Starting update for GBPUSD-OTC
2026-07-24 13:49:03,262 | INFO     | [DataAdapter] Refreshing M1 data for GBPUSD-OTC
2026-07-24 13:49:03,262 | INFO     | [DataAdapter] Starting update for EURGBP-OTC
2026-07-24 13:49:03,263 | INFO     | [DataAdapter] Refreshing M1 data for EURGBP-OTC
2026-07-24 13:49:03,500 | INFO     | [IQOPTION] REST fetch succeeded for EURUSD: 5 candles
2026-07-24 13:49:03,540 | INFO     | [DataAdapter] M1 anomaly detection completed for EURUSD in 0.006s
2026-07-24 13:49:03,627 | INFO     | [CSVQueue] Enqueuing write for data_base/csv/iq_option\EURUSD\EURUSD_M1.csv - Queue size: 0
2026-07-24 13:49:03,627 | INFO     | [DataAdapter] M1 data refresh completed for EURUSD
2026-07-24 13:49:03,627 | INFO     | [DataAdapter] Refreshing M5 data for EURUSD
2026-07-24 13:49:03,649 | INFO     | [DataAdapter] M5 anomaly detection completed for EURUSD
2026-07-24 13:49:03,675 | INFO     | [DataAdapter] M5 data refresh completed for EURUSD
2026-07-24 13:49:03,691 | INFO     | [CSVQueue] Processing write for data_base/csv/iq_option\EURUSD\EURUSD_M1.csv
2026-07-24 13:49:03,754 | INFO     | [DataAdapter] Refreshing M15 data for EURUSD
2026-07-24 13:49:03,802 | INFO     | [IQOPTION] REST fetch succeeded for EURUSD-OTC: 5 candles
2026-07-24 13:49:03,802 | INFO     | [CSVWriter] Writing 250 rows to data_base/csv/iq_option\EURUSD\EURUSD_M1.csv
2026-07-24 13:49:03,824 | INFO     | [DataAdapter] M15 anomaly detection completed for EURUSD
2026-07-24 13:49:03,882 | ERROR    | [ANOMALY] CONSECUTIVE zero volume: EURUSD-OTC streak 248
2026-07-24 13:49:03,928 | INFO     | [DataAdapter] M15 data refresh completed for EURUSD
2026-07-24 13:49:03,975 | INFO     | [DataAdapter] Anomaly statistics for EURUSD: {'total_calls': 133, 'response_times': [0.013999700546264648, 0.31719064712524414, 0.2949824333190918, 0.03267955780029297, 0.16599440574645996, 0.4046361446380615, 0.3303542137145996, 0.18708395957946777, 0.012867212295532227, 0.29335784912109375, 0.21855616569519043, 0.04597282409667969, 0.016118288040161133, 0.16651606559753418, 0.17901921272277832, 0.04098248481750488, 0.027006864547729492, 0.2834603786468506, 0.20427322387695312, 0.21520233154296875, 0.006014347076416016, 0.24805641174316406, 0.2825925350189209, 0.026009082794189453, 0.03001713752746582, 0.33109354972839355, 0.26633429527282715, 0.03498196601867676, 0.013983488082885742, 0.16509389877319336, 0.203139066696167, 0.02601027488708496, 0.015662193298339844, 0.285672664642334, 0.16912531852722168, 0.031012296676635742, 0.02100062370300293, 0.19908738136291504, 0.33910560607910156, 0.4241623878479004, 0.031023502349853516, 0.12838149070739746, 0.22991466522216797, 0.025004148483276367, 0.005982875823974609, 0.15928292274475098, 0.18576288223266602, 0.024000883102416992, 0.020021677017211914, 0.2539963722229004, 0.23406672477722168, 0.027977466583251953, 0.032039642333984375, 0.23402166366577148, 0.35982704162597656, 0.031000375747680664, 0.029973506927490234, 0.21654653549194336, 0.4075918197631836, 0.32715654373168945, 0.015000104904174805, 0.21819853782653809, 0.24185967445373535, 0.032021284103393555, 0.014994621276855469, 0.35053372383117676, 0.2678334712982178, 0.037000179290771484, 0.020027637481689453, 0.35924363136291504, 0.2781853675842285, 0.031000137329101562, 0.015509366989135742, 0.21570110321044922, 0.3485097885131836, 0.03399968147277832, 0.015020370483398438, 0.2662651538848877, 0.2810933589935303, 0.3631160259246826, 0.006013154983520508, 0.3089568614959717, 0.2898275852203369, 0.02498316764831543, 0.014000892639160156, 0.2052288055419922, 0.28769516944885254, 0.030613422393798828, 0.03499746322631836, 0.34804296493530273, 0.23193693161010742, 0.04099726676940918, 0.0060138702392578125, 0.17101597785949707, 0.1998612880706787, 0.03898882865905762, 0.013130426406860352, 0.2299973964691162, 0.21095585823059082, 0.3939990997314453, 0.04900622367858887, 0.2888782024383545, 0.24605846405029297, 0.02899456024169922, 0.030014753341674805, 0.17598366737365723, 0.22558331489562988, 0.02981853485107422, 0.02001667022705078, 0.27314281463623047, 0.27499914169311523, 0.034003257751464844, 0.030124425888061523, 0.2938573360443115, 0.4343080520629883, 0.021994352340698242, 0.020197153091430664, 0.26502060890197754, 0.17703819274902344, 0.29517221450805664, 0.03000020980834961, 0.34667491912841797, 0.2830934524536133, 0.028986215591430664, 0.029996633529663086, 0.2961723804473877, 0.39194440841674805, 0.026000022888183594, 0.030128002166748047, 0.1931285858154297, 0.2600219249725342, 0.03214883804321289, 0.0060007572174072266], 'spike_count': 0, 'zero_volume_count': np.int64(74202), 'impossible_candle_count': 0, 'consecutive_anomalies': 0, 'avg_response_time': np.float64(0.15934480581068455), 'max_response_time': np.float64(0.4343080520629883), 'min_response_time': np.float64(0.005982875823974609)}
2026-07-24 13:49:04,042 | WARNING  | [ANOMALY] Total anomalies detected: EURUSD-OTC 249
2026-07-24 13:49:04,072 | INFO     | [DataAdapter] M1 anomaly detection completed for EURUSD-OTC in 0.221s
2026-07-24 13:49:04,072 | INFO     | [IQOPTION] REST fetch succeeded for GBPUSD-OTC: 5 candles
2026-07-24 13:49:04,166 | INFO     | [CSVQueue] Enqueuing write for data_base/csv/iq_option\EURUSD-OTC\EURUSD-OTC_M1.csv - Queue size: 0
2026-07-24 13:49:04,184 | ERROR    | [ANOMALY] CONSECUTIVE zero volume: GBPUSD-OTC streak 248
2026-07-24 13:49:04,185 | INFO     | [DataAdapter] M1 data refresh completed for EURUSD-OTC
2026-07-24 13:49:04,261 | INFO     | [CSVWriter] Successfully wrote 387 rows to data_base/csv/iq_option\EURUSD\EURUSD_M1.csv
2026-07-24 13:49:04,277 | INFO     | [DataAdapter] Refreshing M5 data for EURUSD-OTC
2026-07-24 13:49:04,325 | INFO     | [CSVQueue] Successfully processed write for data_base/csv/iq_option\EURUSD\EURUSD_M1.csv
2026-07-24 13:49:04,326 | INFO     | [CSVQueue] Processing write for data_base/csv/iq_option\EURUSD-OTC\EURUSD-OTC_M1.csv
2026-07-24 13:49:04,326 | INFO     | [CSVWriter] Writing 249 rows to data_base/csv/iq_option\EURUSD-OTC\EURUSD-OTC_M1.csv
2026-07-24 13:49:04,326 | INFO     | [IQOPTION] REST fetch succeeded for EURGBP-OTC: 5 candles
2026-07-24 13:49:04,340 | WARNING  | [ANOMALY] Total anomalies detected: GBPUSD-OTC 249
2026-07-24 13:49:04,342 | ERROR    | [ANOMALY] CONSECUTIVE zero volume: EURGBP-OTC streak 248
2026-07-24 13:49:04,344 | ERROR    | [ANOMALY] CONSECUTIVE zero volume: EURUSD-OTC streak 248
2026-07-24 13:49:04,344 | INFO     | [DataAdapter] M1 anomaly detection completed for GBPUSD-OTC in 0.187s
2026-07-24 13:49:04,357 | INFO     | [CSVQueue] Enqueuing write for data_base/csv/iq_option\GBPUSD-OTC\GBPUSD-OTC_M1.csv - Queue size: 0
2026-07-24 13:49:04,359 | INFO     | [DataAdapter] M1 data refresh completed for GBPUSD-OTC
2026-07-24 13:49:04,359 | INFO     | [CSVWriter] Successfully wrote 386 rows to data_base/csv/iq_option\EURUSD-OTC\EURUSD-OTC_M1.csv
2026-07-24 13:49:04,359 | INFO     | [DataAdapter] Refreshing M5 data for GBPUSD-OTC
2026-07-24 13:49:04,360 | INFO     | [CSVQueue] Successfully processed write for data_base/csv/iq_option\EURUSD-OTC\EURUSD-OTC_M1.csv
2026-07-24 13:49:04,362 | INFO     | [CSVQueue] Processing write for data_base/csv/iq_option\GBPUSD-OTC\GBPUSD-OTC_M1.csv
2026-07-24 13:49:04,364 | ERROR    | [ANOMALY] CONSECUTIVE zero volume: GBPUSD-OTC streak 248
2026-07-24 13:49:04,364 | INFO     | [CSVWriter] Writing 249 rows to data_base/csv/iq_option\GBPUSD-OTC\GBPUSD-OTC_M1.csv
2026-07-24 13:49:04,368 | WARNING  | [ANOMALY] Total anomalies detected: EURGBP-OTC 249
2026-07-24 13:49:04,371 | WARNING  | [ANOMALY] Total anomalies detected: EURUSD-OTC 249
2026-07-24 13:49:04,374 | INFO     | [DataAdapter] M1 anomaly detection completed for EURGBP-OTC in 0.039s
2026-07-24 13:49:04,374 | INFO     | [DataAdapter] M5 anomaly detection completed for EURUSD-OTC
2026-07-24 13:49:04,378 | INFO     | [DataAdapter] M5 data refresh completed for EURUSD-OTC
2026-07-24 13:49:04,379 | INFO     | [DataAdapter] Refreshing M15 data for EURUSD-OTC
2026-07-24 13:49:04,382 | ERROR    | [ANOMALY] CONSECUTIVE zero volume: EURUSD-OTC streak 248
2026-07-24 13:49:04,383 | INFO     | [CSVQueue] Enqueuing write for data_base/csv/iq_option\EURGBP-OTC\EURGBP-OTC_M1.csv - Queue size: 0
2026-07-24 13:49:04,383 | INFO     | [DataAdapter] M1 data refresh completed for EURGBP-OTC
2026-07-24 13:49:04,383 | INFO     | [DataAdapter] Refreshing M5 data for EURGBP-OTC
2026-07-24 13:49:04,386 | ERROR    | [ANOMALY] CONSECUTIVE zero volume: EURGBP-OTC streak 248
2026-07-24 13:49:04,399 | WARNING  | [ANOMALY] Total anomalies detected: GBPUSD-OTC 249
2026-07-24 13:49:04,399 | INFO     | [DataAdapter] M5 anomaly detection completed for GBPUSD-OTC
2026-07-24 13:49:04,400 | INFO     | [DataAdapter] M5 data refresh completed for GBPUSD-OTC
2026-07-24 13:49:04,400 | INFO     | [DataAdapter] Refreshing M15 data for GBPUSD-OTC
2026-07-24 13:49:04,407 | ERROR    | [ANOMALY] CONSECUTIVE zero volume: GBPUSD-OTC streak 248
2026-07-24 13:49:04,411 | WARNING  | [ANOMALY] Total anomalies detected: EURGBP-OTC 249
2026-07-24 13:49:04,414 | WARNING  | [ANOMALY] Total anomalies detected: EURUSD-OTC 249
2026-07-24 13:49:04,415 | INFO     | [DataAdapter] M5 anomaly detection completed for EURGBP-OTC
2026-07-24 13:49:04,415 | INFO     | [DataAdapter] M15 anomaly detection completed for EURUSD-OTC
2026-07-24 13:49:04,415 | INFO     | [DataAdapter] M5 data refresh completed for EURGBP-OTC
2026-07-24 13:49:04,418 | INFO     | [CSVWriter] Successfully wrote 386 rows to data_base/csv/iq_option\GBPUSD-OTC\GBPUSD-OTC_M1.csv
2026-07-24 13:49:04,418 | INFO     | [DataAdapter] M15 data refresh completed for EURUSD-OTC
2026-07-24 13:49:04,418 | INFO     | [DataAdapter] Refreshing M15 data for EURGBP-OTC
2026-07-24 13:49:04,418 | INFO     | [CSVQueue] Successfully processed write for data_base/csv/iq_option\GBPUSD-OTC\GBPUSD-OTC_M1.csv
2026-07-24 13:49:04,419 | INFO     | [DataAdapter] Anomaly statistics for EURUSD-OTC: {'total_calls': 136, 'response_times': [0.013999700546264648, 0.31719064712524414, 0.2949824333190918, 0.03267955780029297, 0.16599440574645996, 0.4046361446380615, 0.3303542137145996, 0.18708395957946777, 0.012867212295532227, 0.29335784912109375, 0.21855616569519043, 0.04597282409667969, 0.016118288040161133, 0.16651606559753418, 0.17901921272277832, 0.04098248481750488, 0.027006864547729492, 0.2834603786468506, 0.20427322387695312, 0.21520233154296875, 0.006014347076416016, 0.24805641174316406, 0.2825925350189209, 0.026009082794189453, 0.03001713752746582, 0.33109354972839355, 0.26633429527282715, 0.03498196601867676, 0.013983488082885742, 0.16509389877319336, 0.203139066696167, 0.02601027488708496, 0.015662193298339844, 0.285672664642334, 0.16912531852722168, 0.031012296676635742, 0.02100062370300293, 0.19908738136291504, 0.33910560607910156, 0.4241623878479004, 0.031023502349853516, 0.12838149070739746, 0.22991466522216797, 0.025004148483276367, 0.005982875823974609, 0.15928292274475098, 0.18576288223266602, 0.024000883102416992, 0.020021677017211914, 0.2539963722229004, 0.23406672477722168, 0.027977466583251953, 0.032039642333984375, 0.23402166366577148, 0.35982704162597656, 0.031000375747680664, 0.029973506927490234, 0.21654653549194336, 0.4075918197631836, 0.32715654373168945, 0.015000104904174805, 0.21819853782653809, 0.24185967445373535, 0.032021284103393555, 0.014994621276855469, 0.35053372383117676, 0.2678334712982178, 0.037000179290771484, 0.020027637481689453, 0.35924363136291504, 0.2781853675842285, 0.031000137329101562, 0.015509366989135742, 0.21570110321044922, 0.3485097885131836, 0.03399968147277832, 0.015020370483398438, 0.2662651538848877, 0.2810933589935303, 0.3631160259246826, 0.006013154983520508, 0.3089568614959717, 0.2898275852203369, 0.02498316764831543, 0.014000892639160156, 0.2052288055419922, 0.28769516944885254, 0.030613422393798828, 0.03499746322631836, 0.34804296493530273, 0.23193693161010742, 0.04099726676940918, 0.0060138702392578125, 0.17101597785949707, 0.1998612880706787, 0.03898882865905762, 0.013130426406860352, 0.2299973964691162, 0.21095585823059082, 0.3939990997314453, 0.04900622367858887, 0.2888782024383545, 0.24605846405029297, 0.02899456024169922, 0.030014753341674805, 0.17598366737365723, 0.22558331489562988, 0.02981853485107422, 0.02001667022705078, 0.27314281463623047, 0.27499914169311523, 0.034003257751464844, 0.030124425888061523, 0.2938573360443115, 0.4343080520629883, 0.021994352340698242, 0.020197153091430664, 0.26502060890197754, 0.17703819274902344, 0.29517221450805664, 0.03000020980834961, 0.34667491912841797, 0.2830934524536133, 0.028986215591430664, 0.029996633529663086, 0.2961723804473877, 0.39194440841674805, 0.026000022888183594, 0.030128002166748047, 0.1931285858154297, 0.2600219249725342, 0.03214883804321289, 0.0060007572174072266, 0.22071075439453125, 0.18701696395874023, 0.038694143295288086], 'spike_count': 0, 'zero_volume_count': np.int64(75945), 'impossible_candle_count': 0, 'consecutive_anomalies': 0, 'avg_response_time': np.float64(0.1591123605475706), 'max_response_time': np.float64(0.4343080520629883), 'min_response_time': np.float64(0.005982875823974609)}
2026-07-24 13:49:04,421 | INFO     | [CSVQueue] Processing write for data_base/csv/iq_option\EURGBP-OTC\EURGBP-OTC_M1.csv
2026-07-24 13:49:04,423 | ERROR    | [ANOMALY] CONSECUTIVE zero volume: EURGBP-OTC streak 248
2026-07-24 13:49:04,428 | WARNING  | [ANOMALY] Total anomalies detected: GBPUSD-OTC 249
2026-07-24 13:49:04,428 | INFO     | [CSVWriter] Writing 249 rows to data_base/csv/iq_option\EURGBP-OTC\EURGBP-OTC_M1.csv
2026-07-24 13:49:04,430 | INFO     | [DataAdapter] M15 anomaly detection completed for GBPUSD-OTC
2026-07-24 13:49:04,431 | INFO     | [DataAdapter] M15 data refresh completed for GBPUSD-OTC
2026-07-24 13:49:04,432 | INFO     | [DataAdapter] Anomaly statistics for GBPUSD-OTC: {'total_calls': 136, 'response_times': [0.013999700546264648, 0.31719064712524414, 0.2949824333190918, 0.03267955780029297, 0.16599440574645996, 0.4046361446380615, 0.3303542137145996, 0.18708395957946777, 0.012867212295532227, 0.29335784912109375, 0.21855616569519043, 0.04597282409667969, 0.016118288040161133, 0.16651606559753418, 0.17901921272277832, 0.04098248481750488, 0.027006864547729492, 0.2834603786468506, 0.20427322387695312, 0.21520233154296875, 0.006014347076416016, 0.24805641174316406, 0.2825925350189209, 0.026009082794189453, 0.03001713752746582, 0.33109354972839355, 0.26633429527282715, 0.03498196601867676, 0.013983488082885742, 0.16509389877319336, 0.203139066696167, 0.02601027488708496, 0.015662193298339844, 0.285672664642334, 0.16912531852722168, 0.031012296676635742, 0.02100062370300293, 0.19908738136291504, 0.33910560607910156, 0.4241623878479004, 0.031023502349853516, 0.12838149070739746, 0.22991466522216797, 0.025004148483276367, 0.005982875823974609, 0.15928292274475098, 0.18576288223266602, 0.024000883102416992, 0.020021677017211914, 0.2539963722229004, 0.23406672477722168, 0.027977466583251953, 0.032039642333984375, 0.23402166366577148, 0.35982704162597656, 0.031000375747680664, 0.029973506927490234, 0.21654653549194336, 0.4075918197631836, 0.32715654373168945, 0.015000104904174805, 0.21819853782653809, 0.24185967445373535, 0.032021284103393555, 0.014994621276855469, 0.35053372383117676, 0.2678334712982178, 0.037000179290771484, 0.020027637481689453, 0.35924363136291504, 0.2781853675842285, 0.031000137329101562, 0.015509366989135742, 0.21570110321044922, 0.3485097885131836, 0.03399968147277832, 0.015020370483398438, 0.2662651538848877, 0.2810933589935303, 0.3631160259246826, 0.006013154983520508, 0.3089568614959717, 0.2898275852203369, 0.02498316764831543, 0.014000892639160156, 0.2052288055419922, 0.28769516944885254, 0.030613422393798828, 0.03499746322631836, 0.34804296493530273, 0.23193693161010742, 0.04099726676940918, 0.0060138702392578125, 0.17101597785949707, 0.1998612880706787, 0.03898882865905762, 0.013130426406860352, 0.2299973964691162, 0.21095585823059082, 0.3939990997314453, 0.04900622367858887, 0.2888782024383545, 0.24605846405029297, 0.02899456024169922, 0.030014753341674805, 0.17598366737365723, 0.22558331489562988, 0.02981853485107422, 0.02001667022705078, 0.27314281463623047, 0.27499914169311523, 0.034003257751464844, 0.030124425888061523, 0.2938573360443115, 0.4343080520629883, 0.021994352340698242, 0.020197153091430664, 0.26502060890197754, 0.17703819274902344, 0.29517221450805664, 0.03000020980834961, 0.34667491912841797, 0.2830934524536133, 0.028986215591430664, 0.029996633529663086, 0.2961723804473877, 0.39194440841674805, 0.026000022888183594, 0.030128002166748047, 0.1931285858154297, 0.2600219249725342, 0.03214883804321289, 0.0060007572174072266, 0.22071075439453125, 0.18701696395874023, 0.038694143295288086], 'spike_count': 0, 'zero_volume_count': np.int64(76194), 'impossible_candle_count': 0, 'consecutive_anomalies': 0, 'avg_response_time': np.float64(0.1591123605475706), 'max_response_time': np.float64(0.4343080520629883), 'min_response_time': np.float64(0.005982875823974609)}
2026-07-24 13:49:04,440 | WARNING  | [ANOMALY] Total anomalies detected: EURGBP-OTC 249
2026-07-24 13:49:04,441 | INFO     | [DataAdapter] M15 anomaly detection completed for EURGBP-OTC
2026-07-24 13:49:04,441 | INFO     | [DataAdapter] M15 data refresh completed for EURGBP-OTC
2026-07-24 13:49:04,441 | INFO     | [DataAdapter] Anomaly statistics for EURGBP-OTC: {'total_calls': 136, 'response_times': [0.013999700546264648, 0.31719064712524414, 0.2949824333190918, 0.03267955780029297, 0.16599440574645996, 0.4046361446380615, 0.3303542137145996, 0.18708395957946777, 0.012867212295532227, 0.29335784912109375, 0.21855616569519043, 0.04597282409667969, 0.016118288040161133, 0.16651606559753418, 0.17901921272277832, 0.04098248481750488, 0.027006864547729492, 0.2834603786468506, 0.20427322387695312, 0.21520233154296875, 0.006014347076416016, 0.24805641174316406, 0.2825925350189209, 0.026009082794189453, 0.03001713752746582, 0.33109354972839355, 0.26633429527282715, 0.03498196601867676, 0.013983488082885742, 0.16509389877319336, 0.203139066696167, 0.02601027488708496, 0.015662193298339844, 0.285672664642334, 0.16912531852722168, 0.031012296676635742, 0.02100062370300293, 0.19908738136291504, 0.33910560607910156, 0.4241623878479004, 0.031023502349853516, 0.12838149070739746, 0.22991466522216797, 0.025004148483276367, 0.005982875823974609, 0.15928292274475098, 0.18576288223266602, 0.024000883102416992, 0.020021677017211914, 0.2539963722229004, 0.23406672477722168, 0.027977466583251953, 0.032039642333984375, 0.23402166366577148, 0.35982704162597656, 0.031000375747680664, 0.029973506927490234, 0.21654653549194336, 0.4075918197631836, 0.32715654373168945, 0.015000104904174805, 0.21819853782653809, 0.24185967445373535, 0.032021284103393555, 0.014994621276855469, 0.35053372383117676, 0.2678334712982178, 0.037000179290771484, 0.020027637481689453, 0.35924363136291504, 0.2781853675842285, 0.031000137329101562, 0.015509366989135742, 0.21570110321044922, 0.3485097885131836, 0.03399968147277832, 0.015020370483398438, 0.2662651538848877, 0.2810933589935303, 0.3631160259246826, 0.006013154983520508, 0.3089568614959717, 0.2898275852203369, 0.02498316764831543, 0.014000892639160156, 0.2052288055419922, 0.28769516944885254, 0.030613422393798828, 0.03499746322631836, 0.34804296493530273, 0.23193693161010742, 0.04099726676940918, 0.0060138702392578125, 0.17101597785949707, 0.1998612880706787, 0.03898882865905762, 0.013130426406860352, 0.2299973964691162, 0.21095585823059082, 0.3939990997314453, 0.04900622367858887, 0.2888782024383545, 0.24605846405029297, 0.02899456024169922, 0.030014753341674805, 0.17598366737365723, 0.22558331489562988, 0.02981853485107422, 0.02001667022705078, 0.27314281463623047, 0.27499914169311523, 0.034003257751464844, 0.030124425888061523, 0.2938573360443115, 0.4343080520629883, 0.021994352340698242, 0.020197153091430664, 0.26502060890197754, 0.17703819274902344, 0.29517221450805664, 0.03000020980834961, 0.34667491912841797, 0.2830934524536133, 0.028986215591430664, 0.029996633529663086, 0.2961723804473877, 0.39194440841674805, 0.026000022888183594, 0.030128002166748047, 0.1931285858154297, 0.2600219249725342, 0.03214883804321289, 0.0060007572174072266, 0.22071075439453125, 0.18701696395874023, 0.038694143295288086], 'spike_count': 0, 'zero_volume_count': np.int64(76194), 'impossible_candle_count': 0, 'consecutive_anomalies': 0, 'avg_response_time': np.float64(0.1591123605475706), 'max_response_time': np.float64(0.4343080520629883), 'min_response_time': np.float64(0.005982875823974609)}
2026-07-24 13:49:04,445 | INFO     | [CSVWriter] Successfully wrote 386 rows to data_base/csv/iq_option\EURGBP-OTC\EURGBP-OTC_M1.csv
2026-07-24 13:49:04,445 | INFO     | [CSVQueue] Successfully processed write for data_base/csv/iq_option\EURGBP-OTC\EURGBP-OTC_M1.csv
2026-07-24 13:49:04,445 | INFO     | [CSVQueue] Queue size: 0
2026-07-24 13:49:04,692 | INFO     | [EURUSD:1.13841][EURUSD-OTC:1.15267][GBPUSD-OTC:1.33117][EURGBP-OTC:0.85635] :: TOTAL=$1271.51
2026-07-24 13:50:03,944 | INFO     | [DataAdapter] Starting update for EURUSD
2026-07-24 13:50:03,945 | INFO     | [DataAdapter] Refreshing M1 data for EURUSD
2026-07-24 13:50:03,945 | INFO     | [DataAdapter] Starting update for EURUSD-OTC
2026-07-24 13:50:03,945 | INFO     | [DataAdapter] Refreshing M1 data for EURUSD-OTC
2026-07-24 13:50:03,945 | INFO     | [DataAdapter] Starting update for GBPUSD-OTC
2026-07-24 13:50:03,945 | INFO     | [DataAdapter] Starting update for EURGBP-OTC
2026-07-24 13:50:03,945 | INFO     | [DataAdapter] Refreshing M1 data for GBPUSD-OTC
2026-07-24 13:50:03,946 | INFO     | [DataAdapter] Refreshing M1 data for EURGBP-OTC
2026-07-24 13:50:04,197 | INFO     | [IQOPTION] REST fetch succeeded for EURUSD: 5 candles
2026-07-24 13:50:04,235 | INFO     | [DataAdapter] M1 anomaly detection completed for EURUSD in 0.006s
2026-07-24 13:50:04,324 | INFO     | [CSVQueue] Enqueuing write for data_base/csv/iq_option\EURUSD\EURUSD_M1.csv - Queue size: 0
2026-07-24 13:50:04,356 | INFO     | [DataAdapter] M1 data refresh completed for EURUSD
2026-07-24 13:50:04,371 | INFO     | [DataAdapter] Refreshing M5 data for EURUSD
2026-07-24 13:50:04,371 | INFO     | [CSVQueue] Processing write for data_base/csv/iq_option\EURUSD\EURUSD_M1.csv
2026-07-24 13:50:04,435 | INFO     | [CSVWriter] Writing 249 rows to data_base/csv/iq_option\EURUSD\EURUSD_M1.csv
2026-07-24 13:50:04,499 | INFO     | [IQOPTION] REST fetch succeeded for EURUSD-OTC: 5 candles
2026-07-24 13:50:04,532 | ERROR    | [ANOMALY] CONSECUTIVE zero volume: EURUSD-OTC streak 248
2026-07-24 13:50:04,755 | WARNING  | [ANOMALY] Total anomalies detected: EURUSD-OTC 249
2026-07-24 13:50:04,768 | INFO     | [DataAdapter] M1 anomaly detection completed for EURUSD-OTC in 0.249s
2026-07-24 13:50:04,927 | INFO     | [CSVQueue] Enqueuing write for data_base/csv/iq_option\EURUSD-OTC\EURUSD-OTC_M1.csv - Queue size: 0
2026-07-24 13:50:04,943 | INFO     | [DataAdapter] M1 data refresh completed for EURUSD-OTC
2026-07-24 13:50:04,958 | INFO     | [CSVWriter] Successfully wrote 388 rows to data_base/csv/iq_option\EURUSD\EURUSD_M1.csv
2026-07-24 13:50:04,990 | INFO     | [DataAdapter] Refreshing M5 data for EURUSD-OTC
2026-07-24 13:50:05,022 | INFO     | [CSVQueue] Successfully processed write for data_base/csv/iq_option\EURUSD\EURUSD_M1.csv
2026-07-24 13:50:05,023 | INFO     | [IQOPTION] REST fetch succeeded for GBPUSD-OTC: 5 candles
2026-07-24 13:50:05,038 | INFO     | [CSVQueue] Processing write for data_base/csv/iq_option\EURUSD-OTC\EURUSD-OTC_M1.csv
2026-07-24 13:50:05,093 | ERROR    | [ANOMALY] CONSECUTIVE zero volume: GBPUSD-OTC streak 248
2026-07-24 13:50:05,100 | INFO     | [CSVWriter] Writing 249 rows to data_base/csv/iq_option\EURUSD-OTC\EURUSD-OTC_M1.csv
2026-07-24 13:50:05,275 | INFO     | [IQOPTION] REST fetch succeeded for EURGBP-OTC: 5 candles
2026-07-24 13:50:05,309 | ERROR    | [ANOMALY] CONSECUTIVE zero volume: EURGBP-OTC streak 248
2026-07-24 13:50:05,387 | WARNING  | [ANOMALY] Total anomalies detected: GBPUSD-OTC 249
2026-07-24 13:50:05,400 | INFO     | [DataAdapter] M1 anomaly detection completed for GBPUSD-OTC in 0.310s
2026-07-24 13:50:05,531 | WARNING  | [ANOMALY] Total anomalies detected: EURGBP-OTC 249
2026-07-24 13:50:05,576 | INFO     | [DataAdapter] M1 anomaly detection completed for EURGBP-OTC in 0.294s
2026-07-24 13:50:05,578 | INFO     | [IQOPTION] REST fetch succeeded for EURUSD: 5 candles
2026-07-24 13:50:05,581 | INFO     | [CSVQueue] Enqueuing write for data_base/csv/iq_option\GBPUSD-OTC\GBPUSD-OTC_M1.csv - Queue size: 0
2026-07-24 13:50:05,608 | INFO     | [DataAdapter] M1 data refresh completed for GBPUSD-OTC
2026-07-24 13:50:05,608 | INFO     | [DataAdapter] Refreshing M5 data for GBPUSD-OTC
2026-07-24 13:50:05,660 | INFO     | [DataAdapter] M5 anomaly detection completed for EURUSD
2026-07-24 13:50:05,671 | INFO     | [CSVQueue] Enqueuing write for data_base/csv/iq_option\EURGBP-OTC\EURGBP-OTC_M1.csv - Queue size: 1
2026-07-24 13:50:05,671 | INFO     | [DataAdapter] M1 data refresh completed for EURGBP-OTC
2026-07-24 13:50:05,671 | INFO     | [DataAdapter] Refreshing M5 data for EURGBP-OTC
2026-07-24 13:50:05,687 | INFO     | [CSVWriter] Successfully wrote 387 rows to data_base/csv/iq_option\EURUSD-OTC\EURUSD-OTC_M1.csv
2026-07-24 13:50:05,703 | INFO     | [CSVQueue] Successfully processed write for data_base/csv/iq_option\EURUSD-OTC\EURUSD-OTC_M1.csv
2026-07-24 13:50:05,703 | INFO     | [CSVQueue] Processing write for data_base/csv/iq_option\GBPUSD-OTC\GBPUSD-OTC_M1.csv
2026-07-24 13:50:05,703 | INFO     | [CSVWriter] Writing 249 rows to data_base/csv/iq_option\GBPUSD-OTC\GBPUSD-OTC_M1.csv
2026-07-24 13:50:05,767 | INFO     | [CSVQueue] Enqueuing write for data_base/csv/iq_option\EURUSD\EURUSD_M5.csv - Queue size: 1
2026-07-24 13:50:05,783 | INFO     | [DataAdapter] M5 data refresh completed for EURUSD
2026-07-24 13:50:05,798 | INFO     | [DataAdapter] Refreshing M15 data for EURUSD
2026-07-24 13:50:05,820 | INFO     | [DataAdapter] M15 anomaly detection completed for EURUSD
2026-07-24 13:50:05,820 | INFO     | [DataAdapter] M15 data refresh completed for EURUSD
2026-07-24 13:50:05,821 | INFO     | [DataAdapter] Anomaly statistics for EURUSD: {'total_calls': 140, 'response_times': [0.013999700546264648, 0.31719064712524414, 0.2949824333190918, 0.03267955780029297, 0.16599440574645996, 0.4046361446380615, 0.3303542137145996, 0.18708395957946777, 0.012867212295532227, 0.29335784912109375, 0.21855616569519043, 0.04597282409667969, 0.016118288040161133, 0.16651606559753418, 0.17901921272277832, 0.04098248481750488, 0.027006864547729492, 0.2834603786468506, 0.20427322387695312, 0.21520233154296875, 0.006014347076416016, 0.24805641174316406, 0.2825925350189209, 0.026009082794189453, 0.03001713752746582, 0.33109354972839355, 0.26633429527282715, 0.03498196601867676, 0.013983488082885742, 0.16509389877319336, 0.203139066696167, 0.02601027488708496, 0.015662193298339844, 0.285672664642334, 0.16912531852722168, 0.031012296676635742, 0.02100062370300293, 0.19908738136291504, 0.33910560607910156, 0.4241623878479004, 0.031023502349853516, 0.12838149070739746, 0.22991466522216797, 0.025004148483276367, 0.005982875823974609, 0.15928292274475098, 0.18576288223266602, 0.024000883102416992, 0.020021677017211914, 0.2539963722229004, 0.23406672477722168, 0.027977466583251953, 0.032039642333984375, 0.23402166366577148, 0.35982704162597656, 0.031000375747680664, 0.029973506927490234, 0.21654653549194336, 0.4075918197631836, 0.32715654373168945, 0.015000104904174805, 0.21819853782653809, 0.24185967445373535, 0.032021284103393555, 0.014994621276855469, 0.35053372383117676, 0.2678334712982178, 0.037000179290771484, 0.020027637481689453, 0.35924363136291504, 0.2781853675842285, 0.031000137329101562, 0.015509366989135742, 0.21570110321044922, 0.3485097885131836, 0.03399968147277832, 0.015020370483398438, 0.2662651538848877, 0.2810933589935303, 0.3631160259246826, 0.006013154983520508, 0.3089568614959717, 0.2898275852203369, 0.02498316764831543, 0.014000892639160156, 0.2052288055419922, 0.28769516944885254, 0.030613422393798828, 0.03499746322631836, 0.34804296493530273, 0.23193693161010742, 0.04099726676940918, 0.0060138702392578125, 0.17101597785949707, 0.1998612880706787, 0.03898882865905762, 0.013130426406860352, 0.2299973964691162, 0.21095585823059082, 0.3939990997314453, 0.04900622367858887, 0.2888782024383545, 0.24605846405029297, 0.02899456024169922, 0.030014753341674805, 0.17598366737365723, 0.22558331489562988, 0.02981853485107422, 0.02001667022705078, 0.27314281463623047, 0.27499914169311523, 0.034003257751464844, 0.030124425888061523, 0.2938573360443115, 0.4343080520629883, 0.021994352340698242, 0.020197153091430664, 0.26502060890197754, 0.17703819274902344, 0.29517221450805664, 0.03000020980834961, 0.34667491912841797, 0.2830934524536133, 0.028986215591430664, 0.029996633529663086, 0.2961723804473877, 0.39194440841674805, 0.026000022888183594, 0.030128002166748047, 0.1931285858154297, 0.2600219249725342, 0.03214883804321289, 0.0060007572174072266, 0.22071075439453125, 0.18701696395874023, 0.038694143295288086, 0.006003141403198242, 0.24941754341125488, 0.3095681667327881, 0.2943575382232666], 'spike_count': 0, 'zero_volume_count': np.int64(76941), 'impossible_candle_count': 0, 'consecutive_anomalies': 0, 'avg_response_time': np.float64(0.16070448160171508), 'max_response_time': np.float64(0.4343080520629883), 'min_response_time': np.float64(0.005982875823974609)}
2026-07-24 13:50:05,845 | INFO     | [IQOPTION] REST fetch succeeded for EURUSD-OTC: 5 candles
2026-07-24 13:50:05,862 | ERROR    | [ANOMALY] CONSECUTIVE zero volume: EURUSD-OTC streak 248
2026-07-24 13:50:06,069 | WARNING  | [ANOMALY] Total anomalies detected: EURUSD-OTC 249
2026-07-24 13:50:06,083 | INFO     | [DataAdapter] M5 anomaly detection completed for EURUSD-OTC
2026-07-24 13:50:06,098 | INFO     | [CSVWriter] Successfully wrote 387 rows to data_base/csv/iq_option\GBPUSD-OTC\GBPUSD-OTC_M1.csv
2026-07-24 13:50:06,100 | INFO     | [IQOPTION] REST fetch succeeded for GBPUSD-OTC: 5 candles
2026-07-24 13:50:06,114 | INFO     | [CSVQueue] Successfully processed write for data_base/csv/iq_option\GBPUSD-OTC\GBPUSD-OTC_M1.csv
2026-07-24 13:50:06,139 | ERROR    | [ANOMALY] CONSECUTIVE zero volume: GBPUSD-OTC streak 248
2026-07-24 13:50:06,139 | INFO     | [CSVQueue] Enqueuing write for data_base/csv/iq_option\EURUSD-OTC\EURUSD-OTC_M5.csv - Queue size: 2
2026-07-24 13:50:06,162 | INFO     | [CSVQueue] Processing write for data_base/csv/iq_option\EURGBP-OTC\EURGBP-OTC_M1.csv
2026-07-24 13:50:06,257 | INFO     | [DataAdapter] M5 data refresh completed for EURUSD-OTC
2026-07-24 13:50:06,273 | INFO     | [CSVWriter] Writing 249 rows to data_base/csv/iq_option\EURGBP-OTC\EURGBP-OTC_M1.csv
2026-07-24 13:50:06,305 | INFO     | [DataAdapter] Refreshing M15 data for EURUSD-OTC
2026-07-24 13:50:06,370 | ERROR    | [ANOMALY] CONSECUTIVE zero volume: EURUSD-OTC streak 248
2026-07-24 13:50:06,373 | INFO     | [IQOPTION] REST fetch succeeded for EURGBP-OTC: 5 candles
2026-07-24 13:50:06,383 | ERROR    | [ANOMALY] CONSECUTIVE zero volume: EURGBP-OTC streak 248
2026-07-24 13:50:06,390 | WARNING  | [ANOMALY] Total anomalies detected: GBPUSD-OTC 249
2026-07-24 13:50:06,391 | INFO     | [DataAdapter] M5 anomaly detection completed for GBPUSD-OTC
2026-07-24 13:50:06,398 | INFO     | [CSVQueue] Enqueuing write for data_base/csv/iq_option\GBPUSD-OTC\GBPUSD-OTC_M5.csv - Queue size: 2
2026-07-24 13:50:06,399 | INFO     | [DataAdapter] M5 data refresh completed for GBPUSD-OTC
2026-07-24 13:50:06,399 | INFO     | [DataAdapter] Refreshing M15 data for GBPUSD-OTC
2026-07-24 13:50:06,403 | ERROR    | [ANOMALY] CONSECUTIVE zero volume: GBPUSD-OTC streak 248
2026-07-24 13:50:06,406 | WARNING  | [ANOMALY] Total anomalies detected: EURUSD-OTC 249
2026-07-24 13:50:06,413 | WARNING  | [ANOMALY] Total anomalies detected: EURGBP-OTC 249
2026-07-24 13:50:06,413 | INFO     | [DataAdapter] M15 anomaly detection completed for EURUSD-OTC
2026-07-24 13:50:06,413 | INFO     | [DataAdapter] M5 anomaly detection completed for EURGBP-OTC
2026-07-24 13:50:06,413 | INFO     | [DataAdapter] M15 data refresh completed for EURUSD-OTC
2026-07-24 13:50:06,418 | INFO     | [CSVWriter] Successfully wrote 387 rows to data_base/csv/iq_option\EURGBP-OTC\EURGBP-OTC_M1.csv
2026-07-24 13:50:06,419 | INFO     | [DataAdapter] Anomaly statistics for EURUSD-OTC: {'total_calls': 140, 'response_times': [0.013999700546264648, 0.31719064712524414, 0.2949824333190918, 0.03267955780029297, 0.16599440574645996, 0.4046361446380615, 0.3303542137145996, 0.18708395957946777, 0.012867212295532227, 0.29335784912109375, 0.21855616569519043, 0.04597282409667969, 0.016118288040161133, 0.16651606559753418, 0.17901921272277832, 0.04098248481750488, 0.027006864547729492, 0.2834603786468506, 0.20427322387695312, 0.21520233154296875, 0.006014347076416016, 0.24805641174316406, 0.2825925350189209, 0.026009082794189453, 0.03001713752746582, 0.33109354972839355, 0.26633429527282715, 0.03498196601867676, 0.013983488082885742, 0.16509389877319336, 0.203139066696167, 0.02601027488708496, 0.015662193298339844, 0.285672664642334, 0.16912531852722168, 0.031012296676635742, 0.02100062370300293, 0.19908738136291504, 0.33910560607910156, 0.4241623878479004, 0.031023502349853516, 0.12838149070739746, 0.22991466522216797, 0.025004148483276367, 0.005982875823974609, 0.15928292274475098, 0.18576288223266602, 0.024000883102416992, 0.020021677017211914, 0.2539963722229004, 0.23406672477722168, 0.027977466583251953, 0.032039642333984375, 0.23402166366577148, 0.35982704162597656, 0.031000375747680664, 0.029973506927490234, 0.21654653549194336, 0.4075918197631836, 0.32715654373168945, 0.015000104904174805, 0.21819853782653809, 0.24185967445373535, 0.032021284103393555, 0.014994621276855469, 0.35053372383117676, 0.2678334712982178, 0.037000179290771484, 0.020027637481689453, 0.35924363136291504, 0.2781853675842285, 0.031000137329101562, 0.015509366989135742, 0.21570110321044922, 0.3485097885131836, 0.03399968147277832, 0.015020370483398438, 0.2662651538848877, 0.2810933589935303, 0.3631160259246826, 0.006013154983520508, 0.3089568614959717, 0.2898275852203369, 0.02498316764831543, 0.014000892639160156, 0.2052288055419922, 0.28769516944885254, 0.030613422393798828, 0.03499746322631836, 0.34804296493530273, 0.23193693161010742, 0.04099726676940918, 0.0060138702392578125, 0.17101597785949707, 0.1998612880706787, 0.03898882865905762, 0.013130426406860352, 0.2299973964691162, 0.21095585823059082, 0.3939990997314453, 0.04900622367858887, 0.2888782024383545, 0.24605846405029297, 0.02899456024169922, 0.030014753341674805, 0.17598366737365723, 0.22558331489562988, 0.02981853485107422, 0.02001667022705078, 0.27314281463623047, 0.27499914169311523, 0.034003257751464844, 0.030124425888061523, 0.2938573360443115, 0.4343080520629883, 0.021994352340698242, 0.020197153091430664, 0.26502060890197754, 0.17703819274902344, 0.29517221450805664, 0.03000020980834961, 0.34667491912841797, 0.2830934524536133, 0.028986215591430664, 0.029996633529663086, 0.2961723804473877, 0.39194440841674805, 0.026000022888183594, 0.030128002166748047, 0.1931285858154297, 0.2600219249725342, 0.03214883804321289, 0.0060007572174072266, 0.22071075439453125, 0.18701696395874023, 0.038694143295288086, 0.006003141403198242, 0.24941754341125488, 0.3095681667327881, 0.2943575382232666], 'spike_count': 0, 'zero_volume_count': np.int64(78186), 'impossible_candle_count': 0, 'consecutive_anomalies': 0, 'avg_response_time': np.float64(0.16070448160171508), 'max_response_time': np.float64(0.4343080520629883), 'min_response_time': np.float64(0.005982875823974609)}
2026-07-24 13:50:06,419 | INFO     | [CSVQueue] Successfully processed write for data_base/csv/iq_option\EURGBP-OTC\EURGBP-OTC_M1.csv
2026-07-24 13:50:06,419 | INFO     | [CSVQueue] Enqueuing write for data_base/csv/iq_option\EURGBP-OTC\EURGBP-OTC_M5.csv - Queue size: 3
2026-07-24 13:50:06,420 | INFO     | [CSVQueue] Processing write for data_base/csv/iq_option\EURUSD\EURUSD_M5.csv
2026-07-24 13:50:06,423 | WARNING  | [ANOMALY] Total anomalies detected: GBPUSD-OTC 249
2026-07-24 13:50:06,423 | INFO     | [DataAdapter] M5 data refresh completed for EURGBP-OTC
2026-07-24 13:50:06,424 | INFO     | [CSVWriter] Writing 249 rows to data_base/csv/iq_option\EURUSD\EURUSD_M5.csv
2026-07-24 13:50:06,424 | INFO     | [DataAdapter] M15 anomaly detection completed for GBPUSD-OTC
2026-07-24 13:50:06,424 | INFO     | [DataAdapter] Refreshing M15 data for EURGBP-OTC
2026-07-24 13:50:06,426 | INFO     | [DataAdapter] M15 data refresh completed for GBPUSD-OTC
2026-07-24 13:50:06,429 | ERROR    | [ANOMALY] CONSECUTIVE zero volume: EURGBP-OTC streak 248
2026-07-24 13:50:06,430 | INFO     | [DataAdapter] Anomaly statistics for GBPUSD-OTC: {'total_calls': 140, 'response_times': [0.013999700546264648, 0.31719064712524414, 0.2949824333190918, 0.03267955780029297, 0.16599440574645996, 0.4046361446380615, 0.3303542137145996, 0.18708395957946777, 0.012867212295532227, 0.29335784912109375, 0.21855616569519043, 0.04597282409667969, 0.016118288040161133, 0.16651606559753418, 0.17901921272277832, 0.04098248481750488, 0.027006864547729492, 0.2834603786468506, 0.20427322387695312, 0.21520233154296875, 0.006014347076416016, 0.24805641174316406, 0.2825925350189209, 0.026009082794189453, 0.03001713752746582, 0.33109354972839355, 0.26633429527282715, 0.03498196601867676, 0.013983488082885742, 0.16509389877319336, 0.203139066696167, 0.02601027488708496, 0.015662193298339844, 0.285672664642334, 0.16912531852722168, 0.031012296676635742, 0.02100062370300293, 0.19908738136291504, 0.33910560607910156, 0.4241623878479004, 0.031023502349853516, 0.12838149070739746, 0.22991466522216797, 0.025004148483276367, 0.005982875823974609, 0.15928292274475098, 0.18576288223266602, 0.024000883102416992, 0.020021677017211914, 0.2539963722229004, 0.23406672477722168, 0.027977466583251953, 0.032039642333984375, 0.23402166366577148, 0.35982704162597656, 0.031000375747680664, 0.029973506927490234, 0.21654653549194336, 0.4075918197631836, 0.32715654373168945, 0.015000104904174805, 0.21819853782653809, 0.24185967445373535, 0.032021284103393555, 0.014994621276855469, 0.35053372383117676, 0.2678334712982178, 0.037000179290771484, 0.020027637481689453, 0.35924363136291504, 0.2781853675842285, 0.031000137329101562, 0.015509366989135742, 0.21570110321044922, 0.3485097885131836, 0.03399968147277832, 0.015020370483398438, 0.2662651538848877, 0.2810933589935303, 0.3631160259246826, 0.006013154983520508, 0.3089568614959717, 0.2898275852203369, 0.02498316764831543, 0.014000892639160156, 0.2052288055419922, 0.28769516944885254, 0.030613422393798828, 0.03499746322631836, 0.34804296493530273, 0.23193693161010742, 0.04099726676940918, 0.0060138702392578125, 0.17101597785949707, 0.1998612880706787, 0.03898882865905762, 0.013130426406860352, 0.2299973964691162, 0.21095585823059082, 0.3939990997314453, 0.04900622367858887, 0.2888782024383545, 0.24605846405029297, 0.02899456024169922, 0.030014753341674805, 0.17598366737365723, 0.22558331489562988, 0.02981853485107422, 0.02001667022705078, 0.27314281463623047, 0.27499914169311523, 0.034003257751464844, 0.030124425888061523, 0.2938573360443115, 0.4343080520629883, 0.021994352340698242, 0.020197153091430664, 0.26502060890197754, 0.17703819274902344, 0.29517221450805664, 0.03000020980834961, 0.34667491912841797, 0.2830934524536133, 0.028986215591430664, 0.029996633529663086, 0.2961723804473877, 0.39194440841674805, 0.026000022888183594, 0.030128002166748047, 0.1931285858154297, 0.2600219249725342, 0.03214883804321289, 0.0060007572174072266, 0.22071075439453125, 0.18701696395874023, 0.038694143295288086, 0.006003141403198242, 0.24941754341125488, 0.3095681667327881, 0.2943575382232666], 'spike_count': 0, 'zero_volume_count': np.int64(78435), 'impossible_candle_count': 0, 'consecutive_anomalies': 0, 'avg_response_time': np.float64(0.16070448160171508), 'max_response_time': np.float64(0.4343080520629883), 'min_response_time': np.float64(0.005982875823974609)}
2026-07-24 13:50:06,442 | WARNING  | [ANOMALY] Total anomalies detected: EURGBP-OTC 249
2026-07-24 13:50:06,442 | INFO     | [CSVWriter] Successfully wrote 277 rows to data_base/csv/iq_option\EURUSD\EURUSD_M5.csv
2026-07-24 13:50:06,442 | INFO     | [DataAdapter] M15 anomaly detection completed for EURGBP-OTC
2026-07-24 13:50:06,442 | INFO     | [CSVQueue] Successfully processed write for data_base/csv/iq_option\EURUSD\EURUSD_M5.csv
2026-07-24 13:50:06,442 | INFO     | [DataAdapter] M15 data refresh completed for EURGBP-OTC
2026-07-24 13:50:06,442 | INFO     | [CSVQueue] Processing write for data_base/csv/iq_option\EURUSD-OTC\EURUSD-OTC_M5.csv
2026-07-24 13:50:06,443 | INFO     | [DataAdapter] Anomaly statistics for EURGBP-OTC: {'total_calls': 140, 'response_times': [0.013999700546264648, 0.31719064712524414, 0.2949824333190918, 0.03267955780029297, 0.16599440574645996, 0.4046361446380615, 0.3303542137145996, 0.18708395957946777, 0.012867212295532227, 0.29335784912109375, 0.21855616569519043, 0.04597282409667969, 0.016118288040161133, 0.16651606559753418, 0.17901921272277832, 0.04098248481750488, 0.027006864547729492, 0.2834603786468506, 0.20427322387695312, 0.21520233154296875, 0.006014347076416016, 0.24805641174316406, 0.2825925350189209, 0.026009082794189453, 0.03001713752746582, 0.33109354972839355, 0.26633429527282715, 0.03498196601867676, 0.013983488082885742, 0.16509389877319336, 0.203139066696167, 0.02601027488708496, 0.015662193298339844, 0.285672664642334, 0.16912531852722168, 0.031012296676635742, 0.02100062370300293, 0.19908738136291504, 0.33910560607910156, 0.4241623878479004, 0.031023502349853516, 0.12838149070739746, 0.22991466522216797, 0.025004148483276367, 0.005982875823974609, 0.15928292274475098, 0.18576288223266602, 0.024000883102416992, 0.020021677017211914, 0.2539963722229004, 0.23406672477722168, 0.027977466583251953, 0.032039642333984375, 0.23402166366577148, 0.35982704162597656, 0.031000375747680664, 0.029973506927490234, 0.21654653549194336, 0.4075918197631836, 0.32715654373168945, 0.015000104904174805, 0.21819853782653809, 0.24185967445373535, 0.032021284103393555, 0.014994621276855469, 0.35053372383117676, 0.2678334712982178, 0.037000179290771484, 0.020027637481689453, 0.35924363136291504, 0.2781853675842285, 0.031000137329101562, 0.015509366989135742, 0.21570110321044922, 0.3485097885131836, 0.03399968147277832, 0.015020370483398438, 0.2662651538848877, 0.2810933589935303, 0.3631160259246826, 0.006013154983520508, 0.3089568614959717, 0.2898275852203369, 0.02498316764831543, 0.014000892639160156, 0.2052288055419922, 0.28769516944885254, 0.030613422393798828, 0.03499746322631836, 0.34804296493530273, 0.23193693161010742, 0.04099726676940918, 0.0060138702392578125, 0.17101597785949707, 0.1998612880706787, 0.03898882865905762, 0.013130426406860352, 0.2299973964691162, 0.21095585823059082, 0.3939990997314453, 0.04900622367858887, 0.2888782024383545, 0.24605846405029297, 0.02899456024169922, 0.030014753341674805, 0.17598366737365723, 0.22558331489562988, 0.02981853485107422, 0.02001667022705078, 0.27314281463623047, 0.27499914169311523, 0.034003257751464844, 0.030124425888061523, 0.2938573360443115, 0.4343080520629883, 0.021994352340698242, 0.020197153091430664, 0.26502060890197754, 0.17703819274902344, 0.29517221450805664, 0.03000020980834961, 0.34667491912841797, 0.2830934524536133, 0.028986215591430664, 0.029996633529663086, 0.2961723804473877, 0.39194440841674805, 0.026000022888183594, 0.030128002166748047, 0.1931285858154297, 0.2600219249725342, 0.03214883804321289, 0.0060007572174072266, 0.22071075439453125, 0.18701696395874023, 0.038694143295288086, 0.006003141403198242, 0.24941754341125488, 0.3095681667327881, 0.2943575382232666], 'spike_count': 0, 'zero_volume_count': np.int64(78435), 'impossible_candle_count': 0, 'consecutive_anomalies': 0, 'avg_response_time': np.float64(0.16070448160171508), 'max_response_time': np.float64(0.4343080520629883), 'min_response_time': np.float64(0.005982875823974609)}
2026-07-24 13:50:06,443 | INFO     | [CSVWriter] Writing 249 rows to data_base/csv/iq_option\EURUSD-OTC\EURUSD-OTC_M5.csv
2026-07-24 13:50:06,454 | INFO     | [CSVWriter] Successfully wrote 277 rows to data_base/csv/iq_option\EURUSD-OTC\EURUSD-OTC_M5.csv
2026-07-24 13:50:06,455 | INFO     | [CSVQueue] Successfully processed write for data_base/csv/iq_option\EURUSD-OTC\EURUSD-OTC_M5.csv
2026-07-24 13:50:06,455 | INFO     | [CSVQueue] Processing write for data_base/csv/iq_option\GBPUSD-OTC\GBPUSD-OTC_M5.csv
2026-07-24 13:50:06,457 | INFO     | [CSVWriter] Writing 249 rows to data_base/csv/iq_option\GBPUSD-OTC\GBPUSD-OTC_M5.csv
2026-07-24 13:50:06,486 | INFO     | [CSVWriter] Successfully wrote 277 rows to data_base/csv/iq_option\GBPUSD-OTC\GBPUSD-OTC_M5.csv
2026-07-24 13:50:06,495 | INFO     | [CSVQueue] Successfully processed write for data_base/csv/iq_option\GBPUSD-OTC\GBPUSD-OTC_M5.csv
2026-07-24 13:50:06,503 | INFO     | [CSVQueue] Processing write for data_base/csv/iq_option\EURGBP-OTC\EURGBP-OTC_M5.csv
2026-07-24 13:50:06,510 | INFO     | [CSVWriter] Writing 249 rows to data_base/csv/iq_option\EURGBP-OTC\EURGBP-OTC_M5.csv
2026-07-24 13:50:06,521 | INFO     | [CSVWriter] Successfully wrote 277 rows to data_base/csv/iq_option\EURGBP-OTC\EURGBP-OTC_M5.csv
2026-07-24 13:50:06,523 | INFO     | [CSVQueue] Successfully processed write for data_base/csv/iq_option\EURGBP-OTC\EURGBP-OTC_M5.csv
2026-07-24 13:50:06,523 | INFO     | [CSVQueue] Queue size: 0
2026-07-24 13:50:06,680 | INFO     | [EURUSD:1.13844][EURUSD-OTC:1.15299][GBPUSD-OTC:1.33183][EURGBP-OTC:0.85645] :: TOTAL=$1271.51
2026-07-24 13:51:03,946 | INFO     | [DataAdapter] Starting update for EURUSD
2026-07-24 13:51:03,947 | INFO     | [DataAdapter] Refreshing M1 data for EURUSD
2026-07-24 13:51:03,947 | INFO     | [DataAdapter] Starting update for EURUSD-OTC
2026-07-24 13:51:03,947 | INFO     | [DataAdapter] Refreshing M1 data for EURUSD-OTC
2026-07-24 13:51:03,948 | INFO     | [DataAdapter] Starting update for GBPUSD-OTC
2026-07-24 13:51:03,948 | INFO     | [DataAdapter] Refreshing M1 data for GBPUSD-OTC
2026-07-24 13:51:03,948 | INFO     | [DataAdapter] Starting update for EURGBP-OTC
2026-07-24 13:51:03,948 | INFO     | [DataAdapter] Refreshing M1 data for EURGBP-OTC
2026-07-24 13:51:04,184 | INFO     | [IQOPTION] REST fetch succeeded for EURUSD: 5 candles
2026-07-24 13:51:04,266 | INFO     | [DataAdapter] M1 anomaly detection completed for EURUSD in 0.050s
2026-07-24 13:51:04,374 | INFO     | [CSVQueue] Enqueuing write for data_base/csv/iq_option\EURUSD\EURUSD_M1.csv - Queue size: 0
2026-07-24 13:51:04,389 | INFO     | [DataAdapter] M1 data refresh completed for EURUSD
2026-07-24 13:51:04,421 | INFO     | [DataAdapter] Refreshing M5 data for EURUSD
2026-07-24 13:51:04,440 | INFO     | [CSVQueue] Processing write for data_base/csv/iq_option\EURUSD\EURUSD_M1.csv
2026-07-24 13:51:04,442 | INFO     | [CSVWriter] Writing 249 rows to data_base/csv/iq_option\EURUSD\EURUSD_M1.csv
2026-07-24 13:51:04,445 | INFO     | [DataAdapter] M5 anomaly detection completed for EURUSD
2026-07-24 13:51:04,446 | INFO     | [DataAdapter] M5 data refresh completed for EURUSD
2026-07-24 13:51:04,446 | INFO     | [IQOPTION] REST fetch succeeded for EURUSD-OTC: 5 candles
2026-07-24 13:51:04,446 | INFO     | [DataAdapter] Refreshing M15 data for EURUSD
2026-07-24 13:51:04,495 | INFO     | [DataAdapter] M15 anomaly detection completed for EURUSD
2026-07-24 13:51:04,496 | INFO     | [DataAdapter] M15 data refresh completed for EURUSD
2026-07-24 13:51:04,496 | INFO     | [DataAdapter] Anomaly statistics for EURUSD: {'total_calls': 141, 'response_times': [0.013999700546264648, 0.31719064712524414, 0.2949824333190918, 0.03267955780029297, 0.16599440574645996, 0.4046361446380615, 0.3303542137145996, 0.18708395957946777, 0.012867212295532227, 0.29335784912109375, 0.21855616569519043, 0.04597282409667969, 0.016118288040161133, 0.16651606559753418, 0.17901921272277832, 0.04098248481750488, 0.027006864547729492, 0.2834603786468506, 0.20427322387695312, 0.21520233154296875, 0.006014347076416016, 0.24805641174316406, 0.2825925350189209, 0.026009082794189453, 0.03001713752746582, 0.33109354972839355, 0.26633429527282715, 0.03498196601867676, 0.013983488082885742, 0.16509389877319336, 0.203139066696167, 0.02601027488708496, 0.015662193298339844, 0.285672664642334, 0.16912531852722168, 0.031012296676635742, 0.02100062370300293, 0.19908738136291504, 0.33910560607910156, 0.4241623878479004, 0.031023502349853516, 0.12838149070739746, 0.22991466522216797, 0.025004148483276367, 0.005982875823974609, 0.15928292274475098, 0.18576288223266602, 0.024000883102416992, 0.020021677017211914, 0.2539963722229004, 0.23406672477722168, 0.027977466583251953, 0.032039642333984375, 0.23402166366577148, 0.35982704162597656, 0.031000375747680664, 0.029973506927490234, 0.21654653549194336, 0.4075918197631836, 0.32715654373168945, 0.015000104904174805, 0.21819853782653809, 0.24185967445373535, 0.032021284103393555, 0.014994621276855469, 0.35053372383117676, 0.2678334712982178, 0.037000179290771484, 0.020027637481689453, 0.35924363136291504, 0.2781853675842285, 0.031000137329101562, 0.015509366989135742, 0.21570110321044922, 0.3485097885131836, 0.03399968147277832, 0.015020370483398438, 0.2662651538848877, 0.2810933589935303, 0.3631160259246826, 0.006013154983520508, 0.3089568614959717, 0.2898275852203369, 0.02498316764831543, 0.014000892639160156, 0.2052288055419922, 0.28769516944885254, 0.030613422393798828, 0.03499746322631836, 0.34804296493530273, 0.23193693161010742, 0.04099726676940918, 0.0060138702392578125, 0.17101597785949707, 0.1998612880706787, 0.03898882865905762, 0.013130426406860352, 0.2299973964691162, 0.21095585823059082, 0.3939990997314453, 0.04900622367858887, 0.2888782024383545, 0.24605846405029297, 0.02899456024169922, 0.030014753341674805, 0.17598366737365723, 0.22558331489562988, 0.02981853485107422, 0.02001667022705078, 0.27314281463623047, 0.27499914169311523, 0.034003257751464844, 0.030124425888061523, 0.2938573360443115, 0.4343080520629883, 0.021994352340698242, 0.020197153091430664, 0.26502060890197754, 0.17703819274902344, 0.29517221450805664, 0.03000020980834961, 0.34667491912841797, 0.2830934524536133, 0.028986215591430664, 0.029996633529663086, 0.2961723804473877, 0.39194440841674805, 0.026000022888183594, 0.030128002166748047, 0.1931285858154297, 0.2600219249725342, 0.03214883804321289, 0.0060007572174072266, 0.22071075439453125, 0.18701696395874023, 0.038694143295288086, 0.006003141403198242, 0.24941754341125488, 0.3095681667327881, 0.2943575382232666, 0.050003767013549805], 'spike_count': 0, 'zero_volume_count': np.int64(78435), 'impossible_candle_count': 0, 'consecutive_anomalies': 0, 'avg_response_time': np.float64(0.15991937015073518), 'max_response_time': np.float64(0.4343080520629883), 'min_response_time': np.float64(0.005982875823974609)}
2026-07-24 13:51:04,565 | ERROR    | [ANOMALY] CONSECUTIVE zero volume: EURUSD-OTC streak 248
2026-07-24 13:51:04,759 | WARNING  | [ANOMALY] Total anomalies detected: EURUSD-OTC 249
2026-07-24 13:51:04,759 | INFO     | [DataAdapter] M1 anomaly detection completed for EURUSD-OTC in 0.261s
2026-07-24 13:51:04,772 | INFO     | [IQOPTION] REST fetch succeeded for GBPUSD-OTC: 5 candles
2026-07-24 13:51:04,781 | ERROR    | [ANOMALY] CONSECUTIVE zero volume: GBPUSD-OTC streak 248
2026-07-24 13:51:04,781 | INFO     | [CSVQueue] Enqueuing write for data_base/csv/iq_option\EURUSD-OTC\EURUSD-OTC_M1.csv - Queue size: 0
2026-07-24 13:51:04,819 | INFO     | [CSVWriter] Successfully wrote 389 rows to data_base/csv/iq_option\EURUSD\EURUSD_M1.csv
2026-07-24 13:51:04,819 | INFO     | [DataAdapter] M1 data refresh completed for EURUSD-OTC
2026-07-24 13:51:04,819 | INFO     | [CSVQueue] Successfully processed write for data_base/csv/iq_option\EURUSD\EURUSD_M1.csv
2026-07-24 13:51:04,820 | INFO     | [DataAdapter] Refreshing M5 data for EURUSD-OTC
2026-07-24 13:51:04,851 | INFO     | [CSVQueue] Processing write for data_base/csv/iq_option\EURUSD-OTC\EURUSD-OTC_M1.csv
2026-07-24 13:51:04,884 | INFO     | [CSVWriter] Writing 249 rows to data_base/csv/iq_option\EURUSD-OTC\EURUSD-OTC_M1.csv
2026-07-24 13:51:04,934 | WARNING  | [ANOMALY] Total anomalies detected: GBPUSD-OTC 249
2026-07-24 13:51:04,936 | ERROR    | [ANOMALY] CONSECUTIVE zero volume: EURUSD-OTC streak 248
2026-07-24 13:51:04,946 | INFO     | [DataAdapter] M1 anomaly detection completed for GBPUSD-OTC in 0.168s
2026-07-24 13:51:04,996 | INFO     | [IQOPTION] REST fetch succeeded for EURGBP-OTC: 5 candles
2026-07-24 13:51:04,998 | INFO     | [CSVQueue] Enqueuing write for data_base/csv/iq_option\GBPUSD-OTC\GBPUSD-OTC_M1.csv - Queue size: 0
2026-07-24 13:51:05,008 | INFO     | [DataAdapter] M1 data refresh completed for GBPUSD-OTC
2026-07-24 13:51:05,008 | INFO     | [DataAdapter] Refreshing M5 data for GBPUSD-OTC
2026-07-24 13:51:05,013 | ERROR    | [ANOMALY] CONSECUTIVE zero volume: GBPUSD-OTC streak 248
2026-07-24 13:51:05,016 | ERROR    | [ANOMALY] CONSECUTIVE zero volume: EURGBP-OTC streak 248
2026-07-24 13:51:05,019 | INFO     | [CSVWriter] Successfully wrote 388 rows to data_base/csv/iq_option\EURUSD-OTC\EURUSD-OTC_M1.csv
2026-07-24 13:51:05,021 | INFO     | [CSVQueue] Successfully processed write for data_base/csv/iq_option\EURUSD-OTC\EURUSD-OTC_M1.csv
2026-07-24 13:51:05,025 | WARNING  | [ANOMALY] Total anomalies detected: EURUSD-OTC 249
2026-07-24 13:51:05,025 | INFO     | [CSVQueue] Processing write for data_base/csv/iq_option\GBPUSD-OTC\GBPUSD-OTC_M1.csv
2026-07-24 13:51:05,028 | INFO     | [DataAdapter] M5 anomaly detection completed for EURUSD-OTC
2026-07-24 13:51:05,028 | INFO     | [CSVWriter] Writing 249 rows to data_base/csv/iq_option\GBPUSD-OTC\GBPUSD-OTC_M1.csv
2026-07-24 13:51:05,032 | INFO     | [DataAdapter] M5 data refresh completed for EURUSD-OTC
2026-07-24 13:51:05,032 | WARNING  | [ANOMALY] Total anomalies detected: GBPUSD-OTC 249
2026-07-24 13:51:05,035 | WARNING  | [ANOMALY] Total anomalies detected: EURGBP-OTC 249
2026-07-24 13:51:05,037 | INFO     | [DataAdapter] Refreshing M15 data for EURUSD-OTC
2026-07-24 13:51:05,038 | INFO     | [DataAdapter] M5 anomaly detection completed for GBPUSD-OTC
2026-07-24 13:51:05,038 | INFO     | [DataAdapter] M1 anomaly detection completed for EURGBP-OTC in 0.031s
2026-07-24 13:51:05,041 | ERROR    | [ANOMALY] CONSECUTIVE zero volume: EURUSD-OTC streak 248
2026-07-24 13:51:05,041 | INFO     | [DataAdapter] M5 data refresh completed for GBPUSD-OTC
2026-07-24 13:51:05,049 | INFO     | [DataAdapter] Refreshing M15 data for GBPUSD-OTC
2026-07-24 13:51:05,051 | INFO     | [CSVQueue] Enqueuing write for data_base/csv/iq_option\EURGBP-OTC\EURGBP-OTC_M1.csv - Queue size: 0
2026-07-24 13:51:05,051 | INFO     | [DataAdapter] M1 data refresh completed for EURGBP-OTC
2026-07-24 13:51:05,053 | ERROR    | [ANOMALY] CONSECUTIVE zero volume: GBPUSD-OTC streak 248
2026-07-24 13:51:05,053 | INFO     | [DataAdapter] Refreshing M5 data for EURGBP-OTC
2026-07-24 13:51:05,060 | ERROR    | [ANOMALY] CONSECUTIVE zero volume: EURGBP-OTC streak 248
2026-07-24 13:51:05,069 | WARNING  | [ANOMALY] Total anomalies detected: EURUSD-OTC 249
2026-07-24 13:51:05,069 | INFO     | [CSVWriter] Successfully wrote 388 rows to data_base/csv/iq_option\GBPUSD-OTC\GBPUSD-OTC_M1.csv
2026-07-24 13:51:05,069 | INFO     | [DataAdapter] M15 anomaly detection completed for EURUSD-OTC
2026-07-24 13:51:05,070 | INFO     | [CSVQueue] Successfully processed write for data_base/csv/iq_option\GBPUSD-OTC\GBPUSD-OTC_M1.csv
2026-07-24 13:51:05,070 | INFO     | [DataAdapter] M15 data refresh completed for EURUSD-OTC
2026-07-24 13:51:05,071 | INFO     | [CSVQueue] Processing write for data_base/csv/iq_option\EURGBP-OTC\EURGBP-OTC_M1.csv
2026-07-24 13:51:05,077 | WARNING  | [ANOMALY] Total anomalies detected: EURGBP-OTC 249
2026-07-24 13:51:05,080 | WARNING  | [ANOMALY] Total anomalies detected: GBPUSD-OTC 249
2026-07-24 13:51:05,081 | INFO     | [DataAdapter] Anomaly statistics for EURUSD-OTC: {'total_calls': 144, 'response_times': [0.013999700546264648, 0.31719064712524414, 0.2949824333190918, 0.03267955780029297, 0.16599440574645996, 0.4046361446380615, 0.3303542137145996, 0.18708395957946777, 0.012867212295532227, 0.29335784912109375, 0.21855616569519043, 0.04597282409667969, 0.016118288040161133, 0.16651606559753418, 0.17901921272277832, 0.04098248481750488, 0.027006864547729492, 0.2834603786468506, 0.20427322387695312, 0.21520233154296875, 0.006014347076416016, 0.24805641174316406, 0.2825925350189209, 0.026009082794189453, 0.03001713752746582, 0.33109354972839355, 0.26633429527282715, 0.03498196601867676, 0.013983488082885742, 0.16509389877319336, 0.203139066696167, 0.02601027488708496, 0.015662193298339844, 0.285672664642334, 0.16912531852722168, 0.031012296676635742, 0.02100062370300293, 0.19908738136291504, 0.33910560607910156, 0.4241623878479004, 0.031023502349853516, 0.12838149070739746, 0.22991466522216797, 0.025004148483276367, 0.005982875823974609, 0.15928292274475098, 0.18576288223266602, 0.024000883102416992, 0.020021677017211914, 0.2539963722229004, 0.23406672477722168, 0.027977466583251953, 0.032039642333984375, 0.23402166366577148, 0.35982704162597656, 0.031000375747680664, 0.029973506927490234, 0.21654653549194336, 0.4075918197631836, 0.32715654373168945, 0.015000104904174805, 0.21819853782653809, 0.24185967445373535, 0.032021284103393555, 0.014994621276855469, 0.35053372383117676, 0.2678334712982178, 0.037000179290771484, 0.020027637481689453, 0.35924363136291504, 0.2781853675842285, 0.031000137329101562, 0.015509366989135742, 0.21570110321044922, 0.3485097885131836, 0.03399968147277832, 0.015020370483398438, 0.2662651538848877, 0.2810933589935303, 0.3631160259246826, 0.006013154983520508, 0.3089568614959717, 0.2898275852203369, 0.02498316764831543, 0.014000892639160156, 0.2052288055419922, 0.28769516944885254, 0.030613422393798828, 0.03499746322631836, 0.34804296493530273, 0.23193693161010742, 0.04099726676940918, 0.0060138702392578125, 0.17101597785949707, 0.1998612880706787, 0.03898882865905762, 0.013130426406860352, 0.2299973964691162, 0.21095585823059082, 0.3939990997314453, 0.04900622367858887, 0.2888782024383545, 0.24605846405029297, 0.02899456024169922, 0.030014753341674805, 0.17598366737365723, 0.22558331489562988, 0.02981853485107422, 0.02001667022705078, 0.27314281463623047, 0.27499914169311523, 0.034003257751464844, 0.030124425888061523, 0.2938573360443115, 0.4343080520629883, 0.021994352340698242, 0.020197153091430664, 0.26502060890197754, 0.17703819274902344, 0.29517221450805664, 0.03000020980834961, 0.34667491912841797, 0.2830934524536133, 0.028986215591430664, 0.029996633529663086, 0.2961723804473877, 0.39194440841674805, 0.026000022888183594, 0.030128002166748047, 0.1931285858154297, 0.2600219249725342, 0.03214883804321289, 0.0060007572174072266, 0.22071075439453125, 0.18701696395874023, 0.038694143295288086, 0.006003141403198242, 0.24941754341125488, 0.3095681667327881, 0.2943575382232666, 0.050003767013549805, 0.2614006996154785, 0.16799163818359375, 0.030999422073364258], 'spike_count': 0, 'zero_volume_count': np.int64(80427), 'impossible_candle_count': 0, 'consecutive_anomalies': 0, 'avg_response_time': np.float64(0.15978488160504234), 'max_response_time': np.float64(0.4343080520629883), 'min_response_time': np.float64(0.005982875823974609)}
2026-07-24 13:51:05,081 | INFO     | [CSVWriter] Writing 249 rows to data_base/csv/iq_option\EURGBP-OTC\EURGBP-OTC_M1.csv
2026-07-24 13:51:05,082 | INFO     | [DataAdapter] M5 anomaly detection completed for EURGBP-OTC
2026-07-24 13:51:05,082 | INFO     | [DataAdapter] M15 anomaly detection completed for GBPUSD-OTC
2026-07-24 13:51:05,084 | INFO     | [DataAdapter] M5 data refresh completed for EURGBP-OTC
2026-07-24 13:51:05,084 | INFO     | [DataAdapter] M15 data refresh completed for GBPUSD-OTC
2026-07-24 13:51:05,084 | INFO     | [DataAdapter] Refreshing M15 data for EURGBP-OTC
2026-07-24 13:51:05,085 | INFO     | [DataAdapter] Anomaly statistics for GBPUSD-OTC: {'total_calls': 144, 'response_times': [0.013999700546264648, 0.31719064712524414, 0.2949824333190918, 0.03267955780029297, 0.16599440574645996, 0.4046361446380615, 0.3303542137145996, 0.18708395957946777, 0.012867212295532227, 0.29335784912109375, 0.21855616569519043, 0.04597282409667969, 0.016118288040161133, 0.16651606559753418, 0.17901921272277832, 0.04098248481750488, 0.027006864547729492, 0.2834603786468506, 0.20427322387695312, 0.21520233154296875, 0.006014347076416016, 0.24805641174316406, 0.2825925350189209, 0.026009082794189453, 0.03001713752746582, 0.33109354972839355, 0.26633429527282715, 0.03498196601867676, 0.013983488082885742, 0.16509389877319336, 0.203139066696167, 0.02601027488708496, 0.015662193298339844, 0.285672664642334, 0.16912531852722168, 0.031012296676635742, 0.02100062370300293, 0.19908738136291504, 0.33910560607910156, 0.4241623878479004, 0.031023502349853516, 0.12838149070739746, 0.22991466522216797, 0.025004148483276367, 0.005982875823974609, 0.15928292274475098, 0.18576288223266602, 0.024000883102416992, 0.020021677017211914, 0.2539963722229004, 0.23406672477722168, 0.027977466583251953, 0.032039642333984375, 0.23402166366577148, 0.35982704162597656, 0.031000375747680664, 0.029973506927490234, 0.21654653549194336, 0.4075918197631836, 0.32715654373168945, 0.015000104904174805, 0.21819853782653809, 0.24185967445373535, 0.032021284103393555, 0.014994621276855469, 0.35053372383117676, 0.2678334712982178, 0.037000179290771484, 0.020027637481689453, 0.35924363136291504, 0.2781853675842285, 0.031000137329101562, 0.015509366989135742, 0.21570110321044922, 0.3485097885131836, 0.03399968147277832, 0.015020370483398438, 0.2662651538848877, 0.2810933589935303, 0.3631160259246826, 0.006013154983520508, 0.3089568614959717, 0.2898275852203369, 0.02498316764831543, 0.014000892639160156, 0.2052288055419922, 0.28769516944885254, 0.030613422393798828, 0.03499746322631836, 0.34804296493530273, 0.23193693161010742, 0.04099726676940918, 0.0060138702392578125, 0.17101597785949707, 0.1998612880706787, 0.03898882865905762, 0.013130426406860352, 0.2299973964691162, 0.21095585823059082, 0.3939990997314453, 0.04900622367858887, 0.2888782024383545, 0.24605846405029297, 0.02899456024169922, 0.030014753341674805, 0.17598366737365723, 0.22558331489562988, 0.02981853485107422, 0.02001667022705078, 0.27314281463623047, 0.27499914169311523, 0.034003257751464844, 0.030124425888061523, 0.2938573360443115, 0.4343080520629883, 0.021994352340698242, 0.020197153091430664, 0.26502060890197754, 0.17703819274902344, 0.29517221450805664, 0.03000020980834961, 0.34667491912841797, 0.2830934524536133, 0.028986215591430664, 0.029996633529663086, 0.2961723804473877, 0.39194440841674805, 0.026000022888183594, 0.030128002166748047, 0.1931285858154297, 0.2600219249725342, 0.03214883804321289, 0.0060007572174072266, 0.22071075439453125, 0.18701696395874023, 0.038694143295288086, 0.006003141403198242, 0.24941754341125488, 0.3095681667327881, 0.2943575382232666, 0.050003767013549805, 0.2614006996154785, 0.16799163818359375, 0.030999422073364258], 'spike_count': 0, 'zero_volume_count': np.int64(80427), 'impossible_candle_count': 0, 'consecutive_anomalies': 0, 'avg_response_time': np.float64(0.15978488160504234), 'max_response_time': np.float64(0.4343080520629883), 'min_response_time': np.float64(0.005982875823974609)}
2026-07-24 13:51:05,088 | ERROR    | [ANOMALY] CONSECUTIVE zero volume: EURGBP-OTC streak 248
2026-07-24 13:51:05,100 | WARNING  | [ANOMALY] Total anomalies detected: EURGBP-OTC 249
2026-07-24 13:51:05,100 | INFO     | [CSVWriter] Successfully wrote 388 rows to data_base/csv/iq_option\EURGBP-OTC\EURGBP-OTC_M1.csv
2026-07-24 13:51:05,100 | INFO     | [DataAdapter] M15 anomaly detection completed for EURGBP-OTC
2026-07-24 13:51:05,100 | INFO     | [CSVQueue] Successfully processed write for data_base/csv/iq_option\EURGBP-OTC\EURGBP-OTC_M1.csv
2026-07-24 13:51:05,101 | INFO     | [DataAdapter] M15 data refresh completed for EURGBP-OTC
2026-07-24 13:51:05,101 | INFO     | [CSVQueue] Queue size: 0
2026-07-24 13:51:05,101 | INFO     | [DataAdapter] Anomaly statistics for EURGBP-OTC: {'total_calls': 144, 'response_times': [0.013999700546264648, 0.31719064712524414, 0.2949824333190918, 0.03267955780029297, 0.16599440574645996, 0.4046361446380615, 0.3303542137145996, 0.18708395957946777, 0.012867212295532227, 0.29335784912109375, 0.21855616569519043, 0.04597282409667969, 0.016118288040161133, 0.16651606559753418, 0.17901921272277832, 0.04098248481750488, 0.027006864547729492, 0.2834603786468506, 0.20427322387695312, 0.21520233154296875, 0.006014347076416016, 0.24805641174316406, 0.2825925350189209, 0.026009082794189453, 0.03001713752746582, 0.33109354972839355, 0.26633429527282715, 0.03498196601867676, 0.013983488082885742, 0.16509389877319336, 0.203139066696167, 0.02601027488708496, 0.015662193298339844, 0.285672664642334, 0.16912531852722168, 0.031012296676635742, 0.02100062370300293, 0.19908738136291504, 0.33910560607910156, 0.4241623878479004, 0.031023502349853516, 0.12838149070739746, 0.22991466522216797, 0.025004148483276367, 0.005982875823974609, 0.15928292274475098, 0.18576288223266602, 0.024000883102416992, 0.020021677017211914, 0.2539963722229004, 0.23406672477722168, 0.027977466583251953, 0.032039642333984375, 0.23402166366577148, 0.35982704162597656, 0.031000375747680664, 0.029973506927490234, 0.21654653549194336, 0.4075918197631836, 0.32715654373168945, 0.015000104904174805, 0.21819853782653809, 0.24185967445373535, 0.032021284103393555, 0.014994621276855469, 0.35053372383117676, 0.2678334712982178, 0.037000179290771484, 0.020027637481689453, 0.35924363136291504, 0.2781853675842285, 0.031000137329101562, 0.015509366989135742, 0.21570110321044922, 0.3485097885131836, 0.03399968147277832, 0.015020370483398438, 0.2662651538848877, 0.2810933589935303, 0.3631160259246826, 0.006013154983520508, 0.3089568614959717, 0.2898275852203369, 0.02498316764831543, 0.014000892639160156, 0.2052288055419922, 0.28769516944885254, 0.030613422393798828, 0.03499746322631836, 0.34804296493530273, 0.23193693161010742, 0.04099726676940918, 0.0060138702392578125, 0.17101597785949707, 0.1998612880706787, 0.03898882865905762, 0.013130426406860352, 0.2299973964691162, 0.21095585823059082, 0.3939990997314453, 0.04900622367858887, 0.2888782024383545, 0.24605846405029297, 0.02899456024169922, 0.030014753341674805, 0.17598366737365723, 0.22558331489562988, 0.02981853485107422, 0.02001667022705078, 0.27314281463623047, 0.27499914169311523, 0.034003257751464844, 0.030124425888061523, 0.2938573360443115, 0.4343080520629883, 0.021994352340698242, 0.020197153091430664, 0.26502060890197754, 0.17703819274902344, 0.29517221450805664, 0.03000020980834961, 0.34667491912841797, 0.2830934524536133, 0.028986215591430664, 0.029996633529663086, 0.2961723804473877, 0.39194440841674805, 0.026000022888183594, 0.030128002166748047, 0.1931285858154297, 0.2600219249725342, 0.03214883804321289, 0.0060007572174072266, 0.22071075439453125, 0.18701696395874023, 0.038694143295288086, 0.006003141403198242, 0.24941754341125488, 0.3095681667327881, 0.2943575382232666, 0.050003767013549805, 0.2614006996154785, 0.16799163818359375, 0.030999422073364258], 'spike_count': 0, 'zero_volume_count': np.int64(80676), 'impossible_candle_count': 0, 'consecutive_anomalies': 0, 'avg_response_time': np.float64(0.15978488160504234), 'max_response_time': np.float64(0.4343080520629883), 'min_response_time': np.float64(0.005982875823974609)}
2026-07-24 13:51:05,384 | INFO     | [EURUSD:1.13848][EURUSD-OTC:1.15325][GBPUSD-OTC:1.33193][EURGBP-OTC:0.85640] :: TOTAL=$1271.51
2026-07-24 13:52:03,749 | INFO     | [DataAdapter] Starting update for EURUSD
2026-07-24 13:52:03,750 | INFO     | [DataAdapter] Starting update for EURUSD-OTC
2026-07-24 13:52:03,750 | INFO     | [DataAdapter] Refreshing M1 data for EURUSD
2026-07-24 13:52:03,750 | INFO     | [DataAdapter] Starting update for GBPUSD-OTC
2026-07-24 13:52:03,751 | INFO     | [DataAdapter] Refreshing M1 data for EURUSD-OTC
2026-07-24 13:52:03,751 | INFO     | [DataAdapter] Starting update for EURGBP-OTC
2026-07-24 13:52:03,751 | INFO     | [DataAdapter] Refreshing M1 data for GBPUSD-OTC
2026-07-24 13:52:03,828 | INFO     | [DataAdapter] Refreshing M1 data for EURGBP-OTC
2026-07-24 13:52:04,002 | INFO     | [IQOPTION] REST fetch succeeded for EURUSD: 5 candles
2026-07-24 13:52:04,038 | INFO     | [DataAdapter] M1 anomaly detection completed for EURUSD in 0.015s
2026-07-24 13:52:04,159 | INFO     | [CSVQueue] Enqueuing write for data_base/csv/iq_option\EURUSD\EURUSD_M1.csv - Queue size: 0
2026-07-24 13:52:04,175 | INFO     | [DataAdapter] M1 data refresh completed for EURUSD
2026-07-24 13:52:04,191 | INFO     | [CSVQueue] Processing write for data_base/csv/iq_option\EURUSD\EURUSD_M1.csv
2026-07-24 13:52:04,191 | INFO     | [DataAdapter] Refreshing M5 data for EURUSD
2026-07-24 13:52:04,255 | INFO     | [CSVWriter] Writing 249 rows to data_base/csv/iq_option\EURUSD\EURUSD_M1.csv
2026-07-24 13:52:04,263 | INFO     | [DataAdapter] M5 anomaly detection completed for EURUSD
2026-07-24 13:52:04,264 | INFO     | [IQOPTION] REST fetch succeeded for EURUSD-OTC: 5 candles
2026-07-24 13:52:04,264 | INFO     | [DataAdapter] M5 data refresh completed for EURUSD
2026-07-24 13:52:04,308 | INFO     | [DataAdapter] Refreshing M15 data for EURUSD
2026-07-24 13:52:04,335 | INFO     | [DataAdapter] M15 anomaly detection completed for EURUSD
2026-07-24 13:52:04,335 | INFO     | [DataAdapter] M15 data refresh completed for EURUSD
2026-07-24 13:52:04,350 | ERROR    | [ANOMALY] CONSECUTIVE zero volume: EURUSD-OTC streak 248
2026-07-24 13:52:04,364 | INFO     | [DataAdapter] Anomaly statistics for EURUSD: {'total_calls': 145, 'response_times': [0.013999700546264648, 0.31719064712524414, 0.2949824333190918, 0.03267955780029297, 0.16599440574645996, 0.4046361446380615, 0.3303542137145996, 0.18708395957946777, 0.012867212295532227, 0.29335784912109375, 0.21855616569519043, 0.04597282409667969, 0.016118288040161133, 0.16651606559753418, 0.17901921272277832, 0.04098248481750488, 0.027006864547729492, 0.2834603786468506, 0.20427322387695312, 0.21520233154296875, 0.006014347076416016, 0.24805641174316406, 0.2825925350189209, 0.026009082794189453, 0.03001713752746582, 0.33109354972839355, 0.26633429527282715, 0.03498196601867676, 0.013983488082885742, 0.16509389877319336, 0.203139066696167, 0.02601027488708496, 0.015662193298339844, 0.285672664642334, 0.16912531852722168, 0.031012296676635742, 0.02100062370300293, 0.19908738136291504, 0.33910560607910156, 0.4241623878479004, 0.031023502349853516, 0.12838149070739746, 0.22991466522216797, 0.025004148483276367, 0.005982875823974609, 0.15928292274475098, 0.18576288223266602, 0.024000883102416992, 0.020021677017211914, 0.2539963722229004, 0.23406672477722168, 0.027977466583251953, 0.032039642333984375, 0.23402166366577148, 0.35982704162597656, 0.031000375747680664, 0.029973506927490234, 0.21654653549194336, 0.4075918197631836, 0.32715654373168945, 0.015000104904174805, 0.21819853782653809, 0.24185967445373535, 0.032021284103393555, 0.014994621276855469, 0.35053372383117676, 0.2678334712982178, 0.037000179290771484, 0.020027637481689453, 0.35924363136291504, 0.2781853675842285, 0.031000137329101562, 0.015509366989135742, 0.21570110321044922, 0.3485097885131836, 0.03399968147277832, 0.015020370483398438, 0.2662651538848877, 0.2810933589935303, 0.3631160259246826, 0.006013154983520508, 0.3089568614959717, 0.2898275852203369, 0.02498316764831543, 0.014000892639160156, 0.2052288055419922, 0.28769516944885254, 0.030613422393798828, 0.03499746322631836, 0.34804296493530273, 0.23193693161010742, 0.04099726676940918, 0.0060138702392578125, 0.17101597785949707, 0.1998612880706787, 0.03898882865905762, 0.013130426406860352, 0.2299973964691162, 0.21095585823059082, 0.3939990997314453, 0.04900622367858887, 0.2888782024383545, 0.24605846405029297, 0.02899456024169922, 0.030014753341674805, 0.17598366737365723, 0.22558331489562988, 0.02981853485107422, 0.02001667022705078, 0.27314281463623047, 0.27499914169311523, 0.034003257751464844, 0.030124425888061523, 0.2938573360443115, 0.4343080520629883, 0.021994352340698242, 0.020197153091430664, 0.26502060890197754, 0.17703819274902344, 0.29517221450805664, 0.03000020980834961, 0.34667491912841797, 0.2830934524536133, 0.028986215591430664, 0.029996633529663086, 0.2961723804473877, 0.39194440841674805, 0.026000022888183594, 0.030128002166748047, 0.1931285858154297, 0.2600219249725342, 0.03214883804321289, 0.0060007572174072266, 0.22071075439453125, 0.18701696395874023, 0.038694143295288086, 0.006003141403198242, 0.24941754341125488, 0.3095681667327881, 0.2943575382232666, 0.050003767013549805, 0.2614006996154785, 0.16799163818359375, 0.030999422073364258, 0.014979839324951172], 'spike_count': 0, 'zero_volume_count': np.int64(80925), 'impossible_candle_count': 0, 'consecutive_anomalies': 0, 'avg_response_time': np.float64(0.15878622614104174), 'max_response_time': np.float64(0.4343080520629883), 'min_response_time': np.float64(0.005982875823974609)}
2026-07-24 13:52:04,636 | INFO     | [IQOPTION] REST fetch succeeded for GBPUSD-OTC: 5 candles
2026-07-24 13:52:04,647 | WARNING  | [ANOMALY] Total anomalies detected: EURUSD-OTC 249
2026-07-24 13:52:04,647 | INFO     | [DataAdapter] M1 anomaly detection completed for EURUSD-OTC in 0.338s
2026-07-24 13:52:04,653 | ERROR    | [ANOMALY] CONSECUTIVE zero volume: GBPUSD-OTC streak 248
2026-07-24 13:52:04,682 | INFO     | [CSVWriter] Successfully wrote 390 rows to data_base/csv/iq_option\EURUSD\EURUSD_M1.csv
2026-07-24 13:52:04,682 | INFO     | [CSVQueue] Successfully processed write for data_base/csv/iq_option\EURUSD\EURUSD_M1.csv
2026-07-24 13:52:04,713 | INFO     | [CSVQueue] Queue size: 0
2026-07-24 13:52:04,745 | INFO     | [CSVQueue] Enqueuing write for data_base/csv/iq_option\EURUSD-OTC\EURUSD-OTC_M1.csv - Queue size: 0
2026-07-24 13:52:04,762 | INFO     | [DataAdapter] M1 data refresh completed for EURUSD-OTC
2026-07-24 13:52:04,776 | INFO     | [CSVQueue] Processing write for data_base/csv/iq_option\EURUSD-OTC\EURUSD-OTC_M1.csv
2026-07-24 13:52:04,792 | INFO     | [DataAdapter] Refreshing M5 data for EURUSD-OTC
2026-07-24 13:52:04,824 | INFO     | [CSVWriter] Writing 249 rows to data_base/csv/iq_option\EURUSD-OTC\EURUSD-OTC_M1.csv
2026-07-24 13:52:04,876 | WARNING  | [ANOMALY] Total anomalies detected: GBPUSD-OTC 249
2026-07-24 13:52:04,888 | ERROR    | [ANOMALY] CONSECUTIVE zero volume: EURUSD-OTC streak 248
2026-07-24 13:52:04,888 | INFO     | [DataAdapter] M1 anomaly detection completed for GBPUSD-OTC in 0.246s
2026-07-24 13:52:04,937 | INFO     | [IQOPTION] REST fetch succeeded for EURGBP-OTC: 5 candles
2026-07-24 13:52:04,947 | INFO     | [CSVQueue] Enqueuing write for data_base/csv/iq_option\GBPUSD-OTC\GBPUSD-OTC_M1.csv - Queue size: 0
2026-07-24 13:52:04,949 | ERROR    | [ANOMALY] CONSECUTIVE zero volume: EURGBP-OTC streak 248
2026-07-24 13:52:04,949 | INFO     | [DataAdapter] M1 data refresh completed for GBPUSD-OTC
2026-07-24 13:52:04,955 | WARNING  | [ANOMALY] Total anomalies detected: EURUSD-OTC 249
2026-07-24 13:52:04,955 | INFO     | [DataAdapter] Refreshing M5 data for GBPUSD-OTC
2026-07-24 13:52:04,957 | INFO     | [DataAdapter] M5 anomaly detection completed for EURUSD-OTC
2026-07-24 13:52:04,963 | ERROR    | [ANOMALY] CONSECUTIVE zero volume: GBPUSD-OTC streak 248
2026-07-24 13:52:04,964 | INFO     | [DataAdapter] M5 data refresh completed for EURUSD-OTC
2026-07-24 13:52:04,966 | INFO     | [DataAdapter] Refreshing M15 data for EURUSD-OTC
2026-07-24 13:52:04,970 | ERROR    | [ANOMALY] CONSECUTIVE zero volume: EURUSD-OTC streak 248
2026-07-24 13:52:04,974 | WARNING  | [ANOMALY] Total anomalies detected: EURGBP-OTC 249
2026-07-24 13:52:04,975 | INFO     | [DataAdapter] M1 anomaly detection completed for EURGBP-OTC in 0.031s
2026-07-24 13:52:04,980 | INFO     | [CSVWriter] Successfully wrote 389 rows to data_base/csv/iq_option\EURUSD-OTC\EURUSD-OTC_M1.csv
2026-07-24 13:52:04,983 | INFO     | [CSVQueue] Successfully processed write for data_base/csv/iq_option\EURUSD-OTC\EURUSD-OTC_M1.csv
2026-07-24 13:52:04,983 | INFO     | [CSVQueue] Processing write for data_base/csv/iq_option\GBPUSD-OTC\GBPUSD-OTC_M1.csv
2026-07-24 13:52:04,983 | INFO     | [CSVWriter] Writing 249 rows to data_base/csv/iq_option\GBPUSD-OTC\GBPUSD-OTC_M1.csv
2026-07-24 13:52:04,989 | WARNING  | [ANOMALY] Total anomalies detected: EURUSD-OTC 249
2026-07-24 13:52:04,989 | INFO     | [CSVQueue] Enqueuing write for data_base/csv/iq_option\EURGBP-OTC\EURGBP-OTC_M1.csv - Queue size: 0
2026-07-24 13:52:04,990 | INFO     | [DataAdapter] M15 anomaly detection completed for EURUSD-OTC
2026-07-24 13:52:04,990 | INFO     | [DataAdapter] M1 data refresh completed for EURGBP-OTC
2026-07-24 13:52:04,993 | WARNING  | [ANOMALY] Total anomalies detected: GBPUSD-OTC 249
2026-07-24 13:52:04,994 | INFO     | [DataAdapter] M15 data refresh completed for EURUSD-OTC
2026-07-24 13:52:04,994 | INFO     | [DataAdapter] Refreshing M5 data for EURGBP-OTC
2026-07-24 13:52:04,994 | INFO     | [DataAdapter] M5 anomaly detection completed for GBPUSD-OTC
2026-07-24 13:52:04,995 | INFO     | [DataAdapter] Anomaly statistics for EURUSD-OTC: {'total_calls': 148, 'response_times': [0.013999700546264648, 0.31719064712524414, 0.2949824333190918, 0.03267955780029297, 0.16599440574645996, 0.4046361446380615, 0.3303542137145996, 0.18708395957946777, 0.012867212295532227, 0.29335784912109375, 0.21855616569519043, 0.04597282409667969, 0.016118288040161133, 0.16651606559753418, 0.17901921272277832, 0.04098248481750488, 0.027006864547729492, 0.2834603786468506, 0.20427322387695312, 0.21520233154296875, 0.006014347076416016, 0.24805641174316406, 0.2825925350189209, 0.026009082794189453, 0.03001713752746582, 0.33109354972839355, 0.26633429527282715, 0.03498196601867676, 0.013983488082885742, 0.16509389877319336, 0.203139066696167, 0.02601027488708496, 0.015662193298339844, 0.285672664642334, 0.16912531852722168, 0.031012296676635742, 0.02100062370300293, 0.19908738136291504, 0.33910560607910156, 0.4241623878479004, 0.031023502349853516, 0.12838149070739746, 0.22991466522216797, 0.025004148483276367, 0.005982875823974609, 0.15928292274475098, 0.18576288223266602, 0.024000883102416992, 0.020021677017211914, 0.2539963722229004, 0.23406672477722168, 0.027977466583251953, 0.032039642333984375, 0.23402166366577148, 0.35982704162597656, 0.031000375747680664, 0.029973506927490234, 0.21654653549194336, 0.4075918197631836, 0.32715654373168945, 0.015000104904174805, 0.21819853782653809, 0.24185967445373535, 0.032021284103393555, 0.014994621276855469, 0.35053372383117676, 0.2678334712982178, 0.037000179290771484, 0.020027637481689453, 0.35924363136291504, 0.2781853675842285, 0.031000137329101562, 0.015509366989135742, 0.21570110321044922, 0.3485097885131836, 0.03399968147277832, 0.015020370483398438, 0.2662651538848877, 0.2810933589935303, 0.3631160259246826, 0.006013154983520508, 0.3089568614959717, 0.2898275852203369, 0.02498316764831543, 0.014000892639160156, 0.2052288055419922, 0.28769516944885254, 0.030613422393798828, 0.03499746322631836, 0.34804296493530273, 0.23193693161010742, 0.04099726676940918, 0.0060138702392578125, 0.17101597785949707, 0.1998612880706787, 0.03898882865905762, 0.013130426406860352, 0.2299973964691162, 0.21095585823059082, 0.3939990997314453, 0.04900622367858887, 0.2888782024383545, 0.24605846405029297, 0.02899456024169922, 0.030014753341674805, 0.17598366737365723, 0.22558331489562988, 0.02981853485107422, 0.02001667022705078, 0.27314281463623047, 0.27499914169311523, 0.034003257751464844, 0.030124425888061523, 0.2938573360443115, 0.4343080520629883, 0.021994352340698242, 0.020197153091430664, 0.26502060890197754, 0.17703819274902344, 0.29517221450805664, 0.03000020980834961, 0.34667491912841797, 0.2830934524536133, 0.028986215591430664, 0.029996633529663086, 0.2961723804473877, 0.39194440841674805, 0.026000022888183594, 0.030128002166748047, 0.1931285858154297, 0.2600219249725342, 0.03214883804321289, 0.0060007572174072266, 0.22071075439453125, 0.18701696395874023, 0.038694143295288086, 0.006003141403198242, 0.24941754341125488, 0.3095681667327881, 0.2943575382232666, 0.050003767013549805, 0.2614006996154785, 0.16799163818359375, 0.030999422073364258, 0.014979839324951172, 0.3383784294128418, 0.24576759338378906, 0.03097701072692871], 'spike_count': 0, 'zero_volume_count': np.int64(82170), 'impossible_candle_count': 0, 'consecutive_anomalies': 0, 'avg_response_time': np.float64(0.15972382313496358), 'max_response_time': np.float64(0.4343080520629883), 'min_response_time': np.float64(0.005982875823974609)}
2026-07-24 13:52:05,001 | ERROR    | [ANOMALY] CONSECUTIVE zero volume: EURGBP-OTC streak 248
2026-07-24 13:52:05,003 | INFO     | [DataAdapter] M5 data refresh completed for GBPUSD-OTC
2026-07-24 13:52:05,005 | INFO     | [DataAdapter] Refreshing M15 data for GBPUSD-OTC
2026-07-24 13:52:05,009 | ERROR    | [ANOMALY] CONSECUTIVE zero volume: GBPUSD-OTC streak 248
2026-07-24 13:52:05,009 | INFO     | [CSVWriter] Successfully wrote 389 rows to data_base/csv/iq_option\GBPUSD-OTC\GBPUSD-OTC_M1.csv
2026-07-24 13:52:05,010 | INFO     | [CSVQueue] Successfully processed write for data_base/csv/iq_option\GBPUSD-OTC\GBPUSD-OTC_M1.csv
2026-07-24 13:52:05,010 | INFO     | [CSVQueue] Processing write for data_base/csv/iq_option\EURGBP-OTC\EURGBP-OTC_M1.csv
2026-07-24 13:52:05,010 | INFO     | [CSVWriter] Writing 249 rows to data_base/csv/iq_option\EURGBP-OTC\EURGBP-OTC_M1.csv
2026-07-24 13:52:05,021 | WARNING  | [ANOMALY] Total anomalies detected: GBPUSD-OTC 249
2026-07-24 13:52:05,022 | INFO     | [DataAdapter] M15 anomaly detection completed for GBPUSD-OTC
2026-07-24 13:52:05,025 | WARNING  | [ANOMALY] Total anomalies detected: EURGBP-OTC 249
2026-07-24 13:52:05,025 | INFO     | [DataAdapter] M15 data refresh completed for GBPUSD-OTC
2026-07-24 13:52:05,026 | INFO     | [DataAdapter] M5 anomaly detection completed for EURGBP-OTC
2026-07-24 13:52:05,027 | INFO     | [DataAdapter] Anomaly statistics for GBPUSD-OTC: {'total_calls': 148, 'response_times': [0.013999700546264648, 0.31719064712524414, 0.2949824333190918, 0.03267955780029297, 0.16599440574645996, 0.4046361446380615, 0.3303542137145996, 0.18708395957946777, 0.012867212295532227, 0.29335784912109375, 0.21855616569519043, 0.04597282409667969, 0.016118288040161133, 0.16651606559753418, 0.17901921272277832, 0.04098248481750488, 0.027006864547729492, 0.2834603786468506, 0.20427322387695312, 0.21520233154296875, 0.006014347076416016, 0.24805641174316406, 0.2825925350189209, 0.026009082794189453, 0.03001713752746582, 0.33109354972839355, 0.26633429527282715, 0.03498196601867676, 0.013983488082885742, 0.16509389877319336, 0.203139066696167, 0.02601027488708496, 0.015662193298339844, 0.285672664642334, 0.16912531852722168, 0.031012296676635742, 0.02100062370300293, 0.19908738136291504, 0.33910560607910156, 0.4241623878479004, 0.031023502349853516, 0.12838149070739746, 0.22991466522216797, 0.025004148483276367, 0.005982875823974609, 0.15928292274475098, 0.18576288223266602, 0.024000883102416992, 0.020021677017211914, 0.2539963722229004, 0.23406672477722168, 0.027977466583251953, 0.032039642333984375, 0.23402166366577148, 0.35982704162597656, 0.031000375747680664, 0.029973506927490234, 0.21654653549194336, 0.4075918197631836, 0.32715654373168945, 0.015000104904174805, 0.21819853782653809, 0.24185967445373535, 0.032021284103393555, 0.014994621276855469, 0.35053372383117676, 0.2678334712982178, 0.037000179290771484, 0.020027637481689453, 0.35924363136291504, 0.2781853675842285, 0.031000137329101562, 0.015509366989135742, 0.21570110321044922, 0.3485097885131836, 0.03399968147277832, 0.015020370483398438, 0.2662651538848877, 0.2810933589935303, 0.3631160259246826, 0.006013154983520508, 0.3089568614959717, 0.2898275852203369, 0.02498316764831543, 0.014000892639160156, 0.2052288055419922, 0.28769516944885254, 0.030613422393798828, 0.03499746322631836, 0.34804296493530273, 0.23193693161010742, 0.04099726676940918, 0.0060138702392578125, 0.17101597785949707, 0.1998612880706787, 0.03898882865905762, 0.013130426406860352, 0.2299973964691162, 0.21095585823059082, 0.3939990997314453, 0.04900622367858887, 0.2888782024383545, 0.24605846405029297, 0.02899456024169922, 0.030014753341674805, 0.17598366737365723, 0.22558331489562988, 0.02981853485107422, 0.02001667022705078, 0.27314281463623047, 0.27499914169311523, 0.034003257751464844, 0.030124425888061523, 0.2938573360443115, 0.4343080520629883, 0.021994352340698242, 0.020197153091430664, 0.26502060890197754, 0.17703819274902344, 0.29517221450805664, 0.03000020980834961, 0.34667491912841797, 0.2830934524536133, 0.028986215591430664, 0.029996633529663086, 0.2961723804473877, 0.39194440841674805, 0.026000022888183594, 0.030128002166748047, 0.1931285858154297, 0.2600219249725342, 0.03214883804321289, 0.0060007572174072266, 0.22071075439453125, 0.18701696395874023, 0.038694143295288086, 0.006003141403198242, 0.24941754341125488, 0.3095681667327881, 0.2943575382232666, 0.050003767013549805, 0.2614006996154785, 0.16799163818359375, 0.030999422073364258, 0.014979839324951172, 0.3383784294128418, 0.24576759338378906, 0.03097701072692871], 'spike_count': 0, 'zero_volume_count': np.int64(82668), 'impossible_candle_count': 0, 'consecutive_anomalies': 0, 'avg_response_time': np.float64(0.15972382313496358), 'max_response_time': np.float64(0.4343080520629883), 'min_response_time': np.float64(0.005982875823974609)}
2026-07-24 13:52:05,029 | INFO     | [DataAdapter] M5 data refresh completed for EURGBP-OTC
2026-07-24 13:52:05,029 | INFO     | [DataAdapter] Refreshing M15 data for EURGBP-OTC
2026-07-24 13:52:05,033 | ERROR    | [ANOMALY] CONSECUTIVE zero volume: EURGBP-OTC streak 248
2026-07-24 13:52:05,038 | INFO     | [CSVWriter] Successfully wrote 389 rows to data_base/csv/iq_option\EURGBP-OTC\EURGBP-OTC_M1.csv
2026-07-24 13:52:05,038 | INFO     | [CSVQueue] Successfully processed write for data_base/csv/iq_option\EURGBP-OTC\EURGBP-OTC_M1.csv
2026-07-24 13:52:05,039 | INFO     | [CSVQueue] Queue size: 0
2026-07-24 13:52:05,042 | WARNING  | [ANOMALY] Total anomalies detected: EURGBP-OTC 249
2026-07-24 13:52:05,042 | INFO     | [DataAdapter] M15 anomaly detection completed for EURGBP-OTC
2026-07-24 13:52:05,042 | INFO     | [DataAdapter] M15 data refresh completed for EURGBP-OTC
2026-07-24 13:52:05,043 | INFO     | [DataAdapter] Anomaly statistics for EURGBP-OTC: {'total_calls': 148, 'response_times': [0.013999700546264648, 0.31719064712524414, 0.2949824333190918, 0.03267955780029297, 0.16599440574645996, 0.4046361446380615, 0.3303542137145996, 0.18708395957946777, 0.012867212295532227, 0.29335784912109375, 0.21855616569519043, 0.04597282409667969, 0.016118288040161133, 0.16651606559753418, 0.17901921272277832, 0.04098248481750488, 0.027006864547729492, 0.2834603786468506, 0.20427322387695312, 0.21520233154296875, 0.006014347076416016, 0.24805641174316406, 0.2825925350189209, 0.026009082794189453, 0.03001713752746582, 0.33109354972839355, 0.26633429527282715, 0.03498196601867676, 0.013983488082885742, 0.16509389877319336, 0.203139066696167, 0.02601027488708496, 0.015662193298339844, 0.285672664642334, 0.16912531852722168, 0.031012296676635742, 0.02100062370300293, 0.19908738136291504, 0.33910560607910156, 0.4241623878479004, 0.031023502349853516, 0.12838149070739746, 0.22991466522216797, 0.025004148483276367, 0.005982875823974609, 0.15928292274475098, 0.18576288223266602, 0.024000883102416992, 0.020021677017211914, 0.2539963722229004, 0.23406672477722168, 0.027977466583251953, 0.032039642333984375, 0.23402166366577148, 0.35982704162597656, 0.031000375747680664, 0.029973506927490234, 0.21654653549194336, 0.4075918197631836, 0.32715654373168945, 0.015000104904174805, 0.21819853782653809, 0.24185967445373535, 0.032021284103393555, 0.014994621276855469, 0.35053372383117676, 0.2678334712982178, 0.037000179290771484, 0.020027637481689453, 0.35924363136291504, 0.2781853675842285, 0.031000137329101562, 0.015509366989135742, 0.21570110321044922, 0.3485097885131836, 0.03399968147277832, 0.015020370483398438, 0.2662651538848877, 0.2810933589935303, 0.3631160259246826, 0.006013154983520508, 0.3089568614959717, 0.2898275852203369, 0.02498316764831543, 0.014000892639160156, 0.2052288055419922, 0.28769516944885254, 0.030613422393798828, 0.03499746322631836, 0.34804296493530273, 0.23193693161010742, 0.04099726676940918, 0.0060138702392578125, 0.17101597785949707, 0.1998612880706787, 0.03898882865905762, 0.013130426406860352, 0.2299973964691162, 0.21095585823059082, 0.3939990997314453, 0.04900622367858887, 0.2888782024383545, 0.24605846405029297, 0.02899456024169922, 0.030014753341674805, 0.17598366737365723, 0.22558331489562988, 0.02981853485107422, 0.02001667022705078, 0.27314281463623047, 0.27499914169311523, 0.034003257751464844, 0.030124425888061523, 0.2938573360443115, 0.4343080520629883, 0.021994352340698242, 0.020197153091430664, 0.26502060890197754, 0.17703819274902344, 0.29517221450805664, 0.03000020980834961, 0.34667491912841797, 0.2830934524536133, 0.028986215591430664, 0.029996633529663086, 0.2961723804473877, 0.39194440841674805, 0.026000022888183594, 0.030128002166748047, 0.1931285858154297, 0.2600219249725342, 0.03214883804321289, 0.0060007572174072266, 0.22071075439453125, 0.18701696395874023, 0.038694143295288086, 0.006003141403198242, 0.24941754341125488, 0.3095681667327881, 0.2943575382232666, 0.050003767013549805, 0.2614006996154785, 0.16799163818359375, 0.030999422073364258, 0.014979839324951172, 0.3383784294128418, 0.24576759338378906, 0.03097701072692871], 'spike_count': 0, 'zero_volume_count': np.int64(82917), 'impossible_candle_count': 0, 'consecutive_anomalies': 0, 'avg_response_time': np.float64(0.15972382313496358), 'max_response_time': np.float64(0.4343080520629883), 'min_response_time': np.float64(0.005982875823974609)}
2026-07-24 13:52:05,271 | INFO     | [EURUSD:1.13838][EURUSD-OTC:1.15352][GBPUSD-OTC:1.33184][EURGBP-OTC:0.85638] :: TOTAL=$1271.51
2026-07-24 13:53:03,539 | INFO     | [DataAdapter] Starting update for EURUSD
2026-07-24 13:53:03,539 | INFO     | [DataAdapter] Refreshing M1 data for EURUSD
2026-07-24 13:53:03,539 | INFO     | [DataAdapter] Starting update for EURUSD-OTC
2026-07-24 13:53:03,539 | INFO     | [DataAdapter] Refreshing M1 data for EURUSD-OTC
2026-07-24 13:53:03,539 | INFO     | [DataAdapter] Starting update for GBPUSD-OTC
2026-07-24 13:53:03,540 | INFO     | [DataAdapter] Refreshing M1 data for GBPUSD-OTC
2026-07-24 13:53:03,540 | INFO     | [DataAdapter] Starting update for EURGBP-OTC
2026-07-24 13:53:03,540 | INFO     | [DataAdapter] Refreshing M1 data for EURGBP-OTC
2026-07-24 13:53:03,824 | INFO     | [IQOPTION] REST fetch succeeded for EURUSD: 5 candles
2026-07-24 13:53:03,860 | INFO     | [DataAdapter] M1 anomaly detection completed for EURUSD in 0.014s
2026-07-24 13:53:03,949 | INFO     | [CSVQueue] Enqueuing write for data_base/csv/iq_option\EURUSD\EURUSD_M1.csv - Queue size: 0
2026-07-24 13:53:03,965 | INFO     | [DataAdapter] M1 data refresh completed for EURUSD
2026-07-24 13:53:03,981 | INFO     | [CSVQueue] Processing write for data_base/csv/iq_option\EURUSD\EURUSD_M1.csv
2026-07-24 13:53:03,981 | INFO     | [DataAdapter] Refreshing M5 data for EURUSD
2026-07-24 13:53:04,028 | INFO     | [CSVWriter] Writing 249 rows to data_base/csv/iq_option\EURUSD\EURUSD_M1.csv
2026-07-24 13:53:04,083 | INFO     | [DataAdapter] M5 anomaly detection completed for EURUSD
2026-07-24 13:53:04,092 | INFO     | [DataAdapter] M5 data refresh completed for EURUSD
2026-07-24 13:53:04,107 | INFO     | [DataAdapter] Refreshing M15 data for EURUSD
2026-07-24 13:53:04,113 | INFO     | [DataAdapter] M15 anomaly detection completed for EURUSD
2026-07-24 13:53:04,113 | INFO     | [DataAdapter] M15 data refresh completed for EURUSD
2026-07-24 13:53:04,114 | INFO     | [DataAdapter] Anomaly statistics for EURUSD: {'total_calls': 149, 'response_times': [0.013999700546264648, 0.31719064712524414, 0.2949824333190918, 0.03267955780029297, 0.16599440574645996, 0.4046361446380615, 0.3303542137145996, 0.18708395957946777, 0.012867212295532227, 0.29335784912109375, 0.21855616569519043, 0.04597282409667969, 0.016118288040161133, 0.16651606559753418, 0.17901921272277832, 0.04098248481750488, 0.027006864547729492, 0.2834603786468506, 0.20427322387695312, 0.21520233154296875, 0.006014347076416016, 0.24805641174316406, 0.2825925350189209, 0.026009082794189453, 0.03001713752746582, 0.33109354972839355, 0.26633429527282715, 0.03498196601867676, 0.013983488082885742, 0.16509389877319336, 0.203139066696167, 0.02601027488708496, 0.015662193298339844, 0.285672664642334, 0.16912531852722168, 0.031012296676635742, 0.02100062370300293, 0.19908738136291504, 0.33910560607910156, 0.4241623878479004, 0.031023502349853516, 0.12838149070739746, 0.22991466522216797, 0.025004148483276367, 0.005982875823974609, 0.15928292274475098, 0.18576288223266602, 0.024000883102416992, 0.020021677017211914, 0.2539963722229004, 0.23406672477722168, 0.027977466583251953, 0.032039642333984375, 0.23402166366577148, 0.35982704162597656, 0.031000375747680664, 0.029973506927490234, 0.21654653549194336, 0.4075918197631836, 0.32715654373168945, 0.015000104904174805, 0.21819853782653809, 0.24185967445373535, 0.032021284103393555, 0.014994621276855469, 0.35053372383117676, 0.2678334712982178, 0.037000179290771484, 0.020027637481689453, 0.35924363136291504, 0.2781853675842285, 0.031000137329101562, 0.015509366989135742, 0.21570110321044922, 0.3485097885131836, 0.03399968147277832, 0.015020370483398438, 0.2662651538848877, 0.2810933589935303, 0.3631160259246826, 0.006013154983520508, 0.3089568614959717, 0.2898275852203369, 0.02498316764831543, 0.014000892639160156, 0.2052288055419922, 0.28769516944885254, 0.030613422393798828, 0.03499746322631836, 0.34804296493530273, 0.23193693161010742, 0.04099726676940918, 0.0060138702392578125, 0.17101597785949707, 0.1998612880706787, 0.03898882865905762, 0.013130426406860352, 0.2299973964691162, 0.21095585823059082, 0.3939990997314453, 0.04900622367858887, 0.2888782024383545, 0.24605846405029297, 0.02899456024169922, 0.030014753341674805, 0.17598366737365723, 0.22558331489562988, 0.02981853485107422, 0.02001667022705078, 0.27314281463623047, 0.27499914169311523, 0.034003257751464844, 0.030124425888061523, 0.2938573360443115, 0.4343080520629883, 0.021994352340698242, 0.020197153091430664, 0.26502060890197754, 0.17703819274902344, 0.29517221450805664, 0.03000020980834961, 0.34667491912841797, 0.2830934524536133, 0.028986215591430664, 0.029996633529663086, 0.2961723804473877, 0.39194440841674805, 0.026000022888183594, 0.030128002166748047, 0.1931285858154297, 0.2600219249725342, 0.03214883804321289, 0.0060007572174072266, 0.22071075439453125, 0.18701696395874023, 0.038694143295288086, 0.006003141403198242, 0.24941754341125488, 0.3095681667327881, 0.2943575382232666, 0.050003767013549805, 0.2614006996154785, 0.16799163818359375, 0.030999422073364258, 0.014979839324951172, 0.3383784294128418, 0.24576759338378906, 0.03097701072692871, 0.013990163803100586], 'spike_count': 0, 'zero_volume_count': np.int64(82917), 'impossible_candle_count': 0, 'consecutive_anomalies': 0, 'avg_response_time': np.float64(0.15874574488441415), 'max_response_time': np.float64(0.4343080520629883), 'min_response_time': np.float64(0.005982875823974609)}
2026-07-24 13:53:04,114 | INFO     | [IQOPTION] REST fetch succeeded for EURUSD-OTC: 5 candles
2026-07-24 13:53:04,188 | ERROR    | [ANOMALY] CONSECUTIVE zero volume: EURUSD-OTC streak 248
2026-07-24 13:53:04,376 | INFO     | [IQOPTION] REST fetch succeeded for GBPUSD-OTC: 5 candles
2026-07-24 13:53:04,393 | ERROR    | [ANOMALY] CONSECUTIVE zero volume: GBPUSD-OTC streak 248
2026-07-24 13:53:04,412 | WARNING  | [ANOMALY] Total anomalies detected: EURUSD-OTC 249
2026-07-24 13:53:04,422 | INFO     | [DataAdapter] M1 anomaly detection completed for EURUSD-OTC in 0.266s
2026-07-24 13:53:04,485 | INFO     | [CSVWriter] Successfully wrote 391 rows to data_base/csv/iq_option\EURUSD\EURUSD_M1.csv
2026-07-24 13:53:04,485 | INFO     | [CSVQueue] Successfully processed write for data_base/csv/iq_option\EURUSD\EURUSD_M1.csv
2026-07-24 13:53:04,485 | INFO     | [CSVQueue] Queue size: 0
2026-07-24 13:53:04,517 | INFO     | [CSVQueue] Enqueuing write for data_base/csv/iq_option\EURUSD-OTC\EURUSD-OTC_M1.csv - Queue size: 0
2026-07-24 13:53:04,533 | INFO     | [DataAdapter] M1 data refresh completed for EURUSD-OTC
2026-07-24 13:53:04,548 | INFO     | [DataAdapter] Refreshing M5 data for EURUSD-OTC
2026-07-24 13:53:04,551 | ERROR    | [ANOMALY] CONSECUTIVE zero volume: EURUSD-OTC streak 248
2026-07-24 13:53:04,564 | INFO     | [CSVQueue] Processing write for data_base/csv/iq_option\EURUSD-OTC\EURUSD-OTC_M1.csv
2026-07-24 13:53:04,564 | INFO     | [CSVWriter] Writing 249 rows to data_base/csv/iq_option\EURUSD-OTC\EURUSD-OTC_M1.csv
2026-07-24 13:53:04,583 | WARNING  | [ANOMALY] Total anomalies detected: GBPUSD-OTC 249
2026-07-24 13:53:04,612 | INFO     | [DataAdapter] M1 anomaly detection completed for GBPUSD-OTC in 0.229s
2026-07-24 13:53:04,630 | INFO     | [IQOPTION] REST fetch succeeded for EURGBP-OTC: 5 candles
2026-07-24 13:53:04,640 | ERROR    | [ANOMALY] CONSECUTIVE zero volume: EURGBP-OTC streak 248
2026-07-24 13:53:04,640 | INFO     | [CSVQueue] Enqueuing write for data_base/csv/iq_option\GBPUSD-OTC\GBPUSD-OTC_M1.csv - Queue size: 0
2026-07-24 13:53:04,643 | INFO     | [DataAdapter] M1 data refresh completed for GBPUSD-OTC
2026-07-24 13:53:04,643 | INFO     | [DataAdapter] Refreshing M5 data for GBPUSD-OTC
2026-07-24 13:53:04,647 | ERROR    | [ANOMALY] CONSECUTIVE zero volume: GBPUSD-OTC streak 248
2026-07-24 13:53:04,654 | WARNING  | [ANOMALY] Total anomalies detected: EURUSD-OTC 249
2026-07-24 13:53:04,654 | INFO     | [DataAdapter] M5 anomaly detection completed for EURUSD-OTC
2026-07-24 13:53:04,656 | INFO     | [DataAdapter] M5 data refresh completed for EURUSD-OTC
2026-07-24 13:53:04,659 | INFO     | [DataAdapter] Refreshing M15 data for EURUSD-OTC
2026-07-24 13:53:04,664 | ERROR    | [ANOMALY] CONSECUTIVE zero volume: EURUSD-OTC streak 248
2026-07-24 13:53:04,672 | WARNING  | [ANOMALY] Total anomalies detected: EURGBP-OTC 249
2026-07-24 13:53:04,672 | INFO     | [DataAdapter] M1 anomaly detection completed for EURGBP-OTC in 0.035s
2026-07-24 13:53:04,678 | WARNING  | [ANOMALY] Total anomalies detected: GBPUSD-OTC 249
2026-07-24 13:53:04,678 | INFO     | [DataAdapter] M5 anomaly detection completed for GBPUSD-OTC
2026-07-24 13:53:04,678 | INFO     | [DataAdapter] M5 data refresh completed for GBPUSD-OTC
2026-07-24 13:53:04,678 | INFO     | [DataAdapter] Refreshing M15 data for GBPUSD-OTC
2026-07-24 13:53:04,684 | ERROR    | [ANOMALY] CONSECUTIVE zero volume: GBPUSD-OTC streak 248
2026-07-24 13:53:04,685 | INFO     | [CSVWriter] Successfully wrote 390 rows to data_base/csv/iq_option\EURUSD-OTC\EURUSD-OTC_M1.csv
2026-07-24 13:53:04,686 | INFO     | [CSVQueue] Successfully processed write for data_base/csv/iq_option\EURUSD-OTC\EURUSD-OTC_M1.csv
2026-07-24 13:53:04,686 | INFO     | [CSVQueue] Processing write for data_base/csv/iq_option\GBPUSD-OTC\GBPUSD-OTC_M1.csv
2026-07-24 13:53:04,686 | INFO     | [CSVWriter] Writing 249 rows to data_base/csv/iq_option\GBPUSD-OTC\GBPUSD-OTC_M1.csv
2026-07-24 13:53:04,688 | INFO     | [CSVQueue] Enqueuing write for data_base/csv/iq_option\EURGBP-OTC\EURGBP-OTC_M1.csv - Queue size: 0
2026-07-24 13:53:04,688 | INFO     | [DataAdapter] M1 data refresh completed for EURGBP-OTC
2026-07-24 13:53:04,688 | INFO     | [DataAdapter] Refreshing M5 data for EURGBP-OTC
2026-07-24 13:53:04,692 | ERROR    | [ANOMALY] CONSECUTIVE zero volume: EURGBP-OTC streak 248
2026-07-24 13:53:04,701 | WARNING  | [ANOMALY] Total anomalies detected: EURUSD-OTC 249
2026-07-24 13:53:04,701 | INFO     | [DataAdapter] M15 anomaly detection completed for EURUSD-OTC
2026-07-24 13:53:04,701 | INFO     | [DataAdapter] M15 data refresh completed for EURUSD-OTC
2026-07-24 13:53:04,702 | INFO     | [DataAdapter] Anomaly statistics for EURUSD-OTC: {'total_calls': 152, 'response_times': [0.013999700546264648, 0.31719064712524414, 0.2949824333190918, 0.03267955780029297, 0.16599440574645996, 0.4046361446380615, 0.3303542137145996, 0.18708395957946777, 0.012867212295532227, 0.29335784912109375, 0.21855616569519043, 0.04597282409667969, 0.016118288040161133, 0.16651606559753418, 0.17901921272277832, 0.04098248481750488, 0.027006864547729492, 0.2834603786468506, 0.20427322387695312, 0.21520233154296875, 0.006014347076416016, 0.24805641174316406, 0.2825925350189209, 0.026009082794189453, 0.03001713752746582, 0.33109354972839355, 0.26633429527282715, 0.03498196601867676, 0.013983488082885742, 0.16509389877319336, 0.203139066696167, 0.02601027488708496, 0.015662193298339844, 0.285672664642334, 0.16912531852722168, 0.031012296676635742, 0.02100062370300293, 0.19908738136291504, 0.33910560607910156, 0.4241623878479004, 0.031023502349853516, 0.12838149070739746, 0.22991466522216797, 0.025004148483276367, 0.005982875823974609, 0.15928292274475098, 0.18576288223266602, 0.024000883102416992, 0.020021677017211914, 0.2539963722229004, 0.23406672477722168, 0.027977466583251953, 0.032039642333984375, 0.23402166366577148, 0.35982704162597656, 0.031000375747680664, 0.029973506927490234, 0.21654653549194336, 0.4075918197631836, 0.32715654373168945, 0.015000104904174805, 0.21819853782653809, 0.24185967445373535, 0.032021284103393555, 0.014994621276855469, 0.35053372383117676, 0.2678334712982178, 0.037000179290771484, 0.020027637481689453, 0.35924363136291504, 0.2781853675842285, 0.031000137329101562, 0.015509366989135742, 0.21570110321044922, 0.3485097885131836, 0.03399968147277832, 0.015020370483398438, 0.2662651538848877, 0.2810933589935303, 0.3631160259246826, 0.006013154983520508, 0.3089568614959717, 0.2898275852203369, 0.02498316764831543, 0.014000892639160156, 0.2052288055419922, 0.28769516944885254, 0.030613422393798828, 0.03499746322631836, 0.34804296493530273, 0.23193693161010742, 0.04099726676940918, 0.0060138702392578125, 0.17101597785949707, 0.1998612880706787, 0.03898882865905762, 0.013130426406860352, 0.2299973964691162, 0.21095585823059082, 0.3939990997314453, 0.04900622367858887, 0.2888782024383545, 0.24605846405029297, 0.02899456024169922, 0.030014753341674805, 0.17598366737365723, 0.22558331489562988, 0.02981853485107422, 0.02001667022705078, 0.27314281463623047, 0.27499914169311523, 0.034003257751464844, 0.030124425888061523, 0.2938573360443115, 0.4343080520629883, 0.021994352340698242, 0.020197153091430664, 0.26502060890197754, 0.17703819274902344, 0.29517221450805664, 0.03000020980834961, 0.34667491912841797, 0.2830934524536133, 0.028986215591430664, 0.029996633529663086, 0.2961723804473877, 0.39194440841674805, 0.026000022888183594, 0.030128002166748047, 0.1931285858154297, 0.2600219249725342, 0.03214883804321289, 0.0060007572174072266, 0.22071075439453125, 0.18701696395874023, 0.038694143295288086, 0.006003141403198242, 0.24941754341125488, 0.3095681667327881, 0.2943575382232666, 0.050003767013549805, 0.2614006996154785, 0.16799163818359375, 0.030999422073364258, 0.014979839324951172, 0.3383784294128418, 0.24576759338378906, 0.03097701072692871, 0.013990163803100586, 0.26628565788269043, 0.22932028770446777, 0.034974098205566406], 'spike_count': 0, 'zero_volume_count': np.int64(84909), 'impossible_candle_count': 0, 'consecutive_anomalies': 0, 'avg_response_time': np.float64(0.15910326336559497), 'max_response_time': np.float64(0.4343080520629883), 'min_response_time': np.float64(0.005982875823974609)}
2026-07-24 13:53:04,710 | WARNING  | [ANOMALY] Total anomalies detected: EURGBP-OTC 249
2026-07-24 13:53:04,711 | INFO     | [DataAdapter] M5 anomaly detection completed for EURGBP-OTC
2026-07-24 13:53:04,713 | INFO     | [DataAdapter] M5 data refresh completed for EURGBP-OTC
2026-07-24 13:53:04,714 | WARNING  | [ANOMALY] Total anomalies detected: GBPUSD-OTC 249
2026-07-24 13:53:04,714 | INFO     | [DataAdapter] Refreshing M15 data for EURGBP-OTC
2026-07-24 13:53:04,714 | INFO     | [DataAdapter] M15 anomaly detection completed for GBPUSD-OTC
2026-07-24 13:53:04,717 | ERROR    | [ANOMALY] CONSECUTIVE zero volume: EURGBP-OTC streak 248
2026-07-24 13:53:04,718 | INFO     | [DataAdapter] M15 data refresh completed for GBPUSD-OTC
2026-07-24 13:53:04,719 | INFO     | [DataAdapter] Anomaly statistics for GBPUSD-OTC: {'total_calls': 152, 'response_times': [0.013999700546264648, 0.31719064712524414, 0.2949824333190918, 0.03267955780029297, 0.16599440574645996, 0.4046361446380615, 0.3303542137145996, 0.18708395957946777, 0.012867212295532227, 0.29335784912109375, 0.21855616569519043, 0.04597282409667969, 0.016118288040161133, 0.16651606559753418, 0.17901921272277832, 0.04098248481750488, 0.027006864547729492, 0.2834603786468506, 0.20427322387695312, 0.21520233154296875, 0.006014347076416016, 0.24805641174316406, 0.2825925350189209, 0.026009082794189453, 0.03001713752746582, 0.33109354972839355, 0.26633429527282715, 0.03498196601867676, 0.013983488082885742, 0.16509389877319336, 0.203139066696167, 0.02601027488708496, 0.015662193298339844, 0.285672664642334, 0.16912531852722168, 0.031012296676635742, 0.02100062370300293, 0.19908738136291504, 0.33910560607910156, 0.4241623878479004, 0.031023502349853516, 0.12838149070739746, 0.22991466522216797, 0.025004148483276367, 0.005982875823974609, 0.15928292274475098, 0.18576288223266602, 0.024000883102416992, 0.020021677017211914, 0.2539963722229004, 0.23406672477722168, 0.027977466583251953, 0.032039642333984375, 0.23402166366577148, 0.35982704162597656, 0.031000375747680664, 0.029973506927490234, 0.21654653549194336, 0.4075918197631836, 0.32715654373168945, 0.015000104904174805, 0.21819853782653809, 0.24185967445373535, 0.032021284103393555, 0.014994621276855469, 0.35053372383117676, 0.2678334712982178, 0.037000179290771484, 0.020027637481689453, 0.35924363136291504, 0.2781853675842285, 0.031000137329101562, 0.015509366989135742, 0.21570110321044922, 0.3485097885131836, 0.03399968147277832, 0.015020370483398438, 0.2662651538848877, 0.2810933589935303, 0.3631160259246826, 0.006013154983520508, 0.3089568614959717, 0.2898275852203369, 0.02498316764831543, 0.014000892639160156, 0.2052288055419922, 0.28769516944885254, 0.030613422393798828, 0.03499746322631836, 0.34804296493530273, 0.23193693161010742, 0.04099726676940918, 0.0060138702392578125, 0.17101597785949707, 0.1998612880706787, 0.03898882865905762, 0.013130426406860352, 0.2299973964691162, 0.21095585823059082, 0.3939990997314453, 0.04900622367858887, 0.2888782024383545, 0.24605846405029297, 0.02899456024169922, 0.030014753341674805, 0.17598366737365723, 0.22558331489562988, 0.02981853485107422, 0.02001667022705078, 0.27314281463623047, 0.27499914169311523, 0.034003257751464844, 0.030124425888061523, 0.2938573360443115, 0.4343080520629883, 0.021994352340698242, 0.020197153091430664, 0.26502060890197754, 0.17703819274902344, 0.29517221450805664, 0.03000020980834961, 0.34667491912841797, 0.2830934524536133, 0.028986215591430664, 0.029996633529663086, 0.2961723804473877, 0.39194440841674805, 0.026000022888183594, 0.030128002166748047, 0.1931285858154297, 0.2600219249725342, 0.03214883804321289, 0.0060007572174072266, 0.22071075439453125, 0.18701696395874023, 0.038694143295288086, 0.006003141403198242, 0.24941754341125488, 0.3095681667327881, 0.2943575382232666, 0.050003767013549805, 0.2614006996154785, 0.16799163818359375, 0.030999422073364258, 0.014979839324951172, 0.3383784294128418, 0.24576759338378906, 0.03097701072692871, 0.013990163803100586, 0.26628565788269043, 0.22932028770446777, 0.034974098205566406], 'spike_count': 0, 'zero_volume_count': np.int64(85158), 'impossible_candle_count': 0, 'consecutive_anomalies': 0, 'avg_response_time': np.float64(0.15910326336559497), 'max_response_time': np.float64(0.4343080520629883), 'min_response_time': np.float64(0.005982875823974609)}
2026-07-24 13:53:04,724 | INFO     | [CSVWriter] Successfully wrote 390 rows to data_base/csv/iq_option\GBPUSD-OTC\GBPUSD-OTC_M1.csv
2026-07-24 13:53:04,725 | INFO     | [CSVQueue] Successfully processed write for data_base/csv/iq_option\GBPUSD-OTC\GBPUSD-OTC_M1.csv
2026-07-24 13:53:04,729 | WARNING  | [ANOMALY] Total anomalies detected: EURGBP-OTC 249
2026-07-24 13:53:04,729 | INFO     | [CSVQueue] Processing write for data_base/csv/iq_option\EURGBP-OTC\EURGBP-OTC_M1.csv
2026-07-24 13:53:04,729 | INFO     | [DataAdapter] M15 anomaly detection completed for EURGBP-OTC
2026-07-24 13:53:04,729 | INFO     | [CSVWriter] Writing 249 rows to data_base/csv/iq_option\EURGBP-OTC\EURGBP-OTC_M1.csv
2026-07-24 13:53:04,729 | INFO     | [DataAdapter] M15 data refresh completed for EURGBP-OTC
2026-07-24 13:53:04,732 | INFO     | [DataAdapter] Anomaly statistics for EURGBP-OTC: {'total_calls': 152, 'response_times': [0.013999700546264648, 0.31719064712524414, 0.2949824333190918, 0.03267955780029297, 0.16599440574645996, 0.4046361446380615, 0.3303542137145996, 0.18708395957946777, 0.012867212295532227, 0.29335784912109375, 0.21855616569519043, 0.04597282409667969, 0.016118288040161133, 0.16651606559753418, 0.17901921272277832, 0.04098248481750488, 0.027006864547729492, 0.2834603786468506, 0.20427322387695312, 0.21520233154296875, 0.006014347076416016, 0.24805641174316406, 0.2825925350189209, 0.026009082794189453, 0.03001713752746582, 0.33109354972839355, 0.26633429527282715, 0.03498196601867676, 0.013983488082885742, 0.16509389877319336, 0.203139066696167, 0.02601027488708496, 0.015662193298339844, 0.285672664642334, 0.16912531852722168, 0.031012296676635742, 0.02100062370300293, 0.19908738136291504, 0.33910560607910156, 0.4241623878479004, 0.031023502349853516, 0.12838149070739746, 0.22991466522216797, 0.025004148483276367, 0.005982875823974609, 0.15928292274475098, 0.18576288223266602, 0.024000883102416992, 0.020021677017211914, 0.2539963722229004, 0.23406672477722168, 0.027977466583251953, 0.032039642333984375, 0.23402166366577148, 0.35982704162597656, 0.031000375747680664, 0.029973506927490234, 0.21654653549194336, 0.4075918197631836, 0.32715654373168945, 0.015000104904174805, 0.21819853782653809, 0.24185967445373535, 0.032021284103393555, 0.014994621276855469, 0.35053372383117676, 0.2678334712982178, 0.037000179290771484, 0.020027637481689453, 0.35924363136291504, 0.2781853675842285, 0.031000137329101562, 0.015509366989135742, 0.21570110321044922, 0.3485097885131836, 0.03399968147277832, 0.015020370483398438, 0.2662651538848877, 0.2810933589935303, 0.3631160259246826, 0.006013154983520508, 0.3089568614959717, 0.2898275852203369, 0.02498316764831543, 0.014000892639160156, 0.2052288055419922, 0.28769516944885254, 0.030613422393798828, 0.03499746322631836, 0.34804296493530273, 0.23193693161010742, 0.04099726676940918, 0.0060138702392578125, 0.17101597785949707, 0.1998612880706787, 0.03898882865905762, 0.013130426406860352, 0.2299973964691162, 0.21095585823059082, 0.3939990997314453, 0.04900622367858887, 0.2888782024383545, 0.24605846405029297, 0.02899456024169922, 0.030014753341674805, 0.17598366737365723, 0.22558331489562988, 0.02981853485107422, 0.02001667022705078, 0.27314281463623047, 0.27499914169311523, 0.034003257751464844, 0.030124425888061523, 0.2938573360443115, 0.4343080520629883, 0.021994352340698242, 0.020197153091430664, 0.26502060890197754, 0.17703819274902344, 0.29517221450805664, 0.03000020980834961, 0.34667491912841797, 0.2830934524536133, 0.028986215591430664, 0.029996633529663086, 0.2961723804473877, 0.39194440841674805, 0.026000022888183594, 0.030128002166748047, 0.1931285858154297, 0.2600219249725342, 0.03214883804321289, 0.0060007572174072266, 0.22071075439453125, 0.18701696395874023, 0.038694143295288086, 0.006003141403198242, 0.24941754341125488, 0.3095681667327881, 0.2943575382232666, 0.050003767013549805, 0.2614006996154785, 0.16799163818359375, 0.030999422073364258, 0.014979839324951172, 0.3383784294128418, 0.24576759338378906, 0.03097701072692871, 0.013990163803100586, 0.26628565788269043, 0.22932028770446777, 0.034974098205566406], 'spike_count': 0, 'zero_volume_count': np.int64(85158), 'impossible_candle_count': 0, 'consecutive_anomalies': 0, 'avg_response_time': np.float64(0.15910326336559497), 'max_response_time': np.float64(0.4343080520629883), 'min_response_time': np.float64(0.005982875823974609)}
2026-07-24 13:53:04,741 | INFO     | [CSVWriter] Successfully wrote 390 rows to data_base/csv/iq_option\EURGBP-OTC\EURGBP-OTC_M1.csv
2026-07-24 13:53:04,742 | INFO     | [CSVQueue] Successfully processed write for data_base/csv/iq_option\EURGBP-OTC\EURGBP-OTC_M1.csv
2026-07-24 13:53:04,742 | INFO     | [CSVQueue] Queue size: 0
2026-07-24 13:53:05,027 | INFO     | [EURUSD:1.13838][EURUSD-OTC:1.15376][GBPUSD-OTC:1.33193][EURGBP-OTC:0.85643] :: TOTAL=$1271.51
2026-07-24 13:54:03,284 | INFO     | [DataAdapter] Starting update for EURUSD
2026-07-24 13:54:03,284 | INFO     | [DataAdapter] Refreshing M1 data for EURUSD
2026-07-24 13:54:03,284 | INFO     | [DataAdapter] Starting update for EURUSD-OTC
2026-07-24 13:54:03,284 | INFO     | [DataAdapter] Starting update for GBPUSD-OTC
2026-07-24 13:54:03,284 | INFO     | [DataAdapter] Refreshing M1 data for EURUSD-OTC
2026-07-24 13:54:03,284 | INFO     | [DataAdapter] Refreshing M1 data for GBPUSD-OTC
2026-07-24 13:54:03,285 | INFO     | [DataAdapter] Starting update for EURGBP-OTC
2026-07-24 13:54:03,315 | INFO     | [DataAdapter] Refreshing M1 data for EURGBP-OTC
2026-07-24 13:54:03,537 | INFO     | [IQOPTION] REST fetch succeeded for EURUSD: 5 candles
2026-07-24 13:54:03,572 | INFO     | [DataAdapter] M1 anomaly detection completed for EURUSD in 0.028s
2026-07-24 13:54:03,647 | INFO     | [CSVQueue] Enqueuing write for data_base/csv/iq_option\EURUSD\EURUSD_M1.csv - Queue size: 0
2026-07-24 13:54:03,663 | INFO     | [DataAdapter] M1 data refresh completed for EURUSD
2026-07-24 13:54:03,663 | INFO     | [DataAdapter] Refreshing M5 data for EURUSD
2026-07-24 13:54:03,669 | INFO     | [DataAdapter] M5 anomaly detection completed for EURUSD
2026-07-24 13:54:03,669 | INFO     | [DataAdapter] M5 data refresh completed for EURUSD
2026-07-24 13:54:03,669 | INFO     | [DataAdapter] Refreshing M15 data for EURUSD
2026-07-24 13:54:03,681 | INFO     | [CSVQueue] Processing write for data_base/csv/iq_option\EURUSD\EURUSD_M1.csv
2026-07-24 13:54:03,681 | INFO     | [CSVWriter] Writing 250 rows to data_base/csv/iq_option\EURUSD\EURUSD_M1.csv
2026-07-24 13:54:03,697 | INFO     | [DataAdapter] M15 anomaly detection completed for EURUSD
2026-07-24 13:54:03,697 | INFO     | [DataAdapter] M15 data refresh completed for EURUSD
2026-07-24 13:54:03,698 | INFO     | [DataAdapter] Anomaly statistics for EURUSD: {'total_calls': 153, 'response_times': [0.013999700546264648, 0.31719064712524414, 0.2949824333190918, 0.03267955780029297, 0.16599440574645996, 0.4046361446380615, 0.3303542137145996, 0.18708395957946777, 0.012867212295532227, 0.29335784912109375, 0.21855616569519043, 0.04597282409667969, 0.016118288040161133, 0.16651606559753418, 0.17901921272277832, 0.04098248481750488, 0.027006864547729492, 0.2834603786468506, 0.20427322387695312, 0.21520233154296875, 0.006014347076416016, 0.24805641174316406, 0.2825925350189209, 0.026009082794189453, 0.03001713752746582, 0.33109354972839355, 0.26633429527282715, 0.03498196601867676, 0.013983488082885742, 0.16509389877319336, 0.203139066696167, 0.02601027488708496, 0.015662193298339844, 0.285672664642334, 0.16912531852722168, 0.031012296676635742, 0.02100062370300293, 0.19908738136291504, 0.33910560607910156, 0.4241623878479004, 0.031023502349853516, 0.12838149070739746, 0.22991466522216797, 0.025004148483276367, 0.005982875823974609, 0.15928292274475098, 0.18576288223266602, 0.024000883102416992, 0.020021677017211914, 0.2539963722229004, 0.23406672477722168, 0.027977466583251953, 0.032039642333984375, 0.23402166366577148, 0.35982704162597656, 0.031000375747680664, 0.029973506927490234, 0.21654653549194336, 0.4075918197631836, 0.32715654373168945, 0.015000104904174805, 0.21819853782653809, 0.24185967445373535, 0.032021284103393555, 0.014994621276855469, 0.35053372383117676, 0.2678334712982178, 0.037000179290771484, 0.020027637481689453, 0.35924363136291504, 0.2781853675842285, 0.031000137329101562, 0.015509366989135742, 0.21570110321044922, 0.3485097885131836, 0.03399968147277832, 0.015020370483398438, 0.2662651538848877, 0.2810933589935303, 0.3631160259246826, 0.006013154983520508, 0.3089568614959717, 0.2898275852203369, 0.02498316764831543, 0.014000892639160156, 0.2052288055419922, 0.28769516944885254, 0.030613422393798828, 0.03499746322631836, 0.34804296493530273, 0.23193693161010742, 0.04099726676940918, 0.0060138702392578125, 0.17101597785949707, 0.1998612880706787, 0.03898882865905762, 0.013130426406860352, 0.2299973964691162, 0.21095585823059082, 0.3939990997314453, 0.04900622367858887, 0.2888782024383545, 0.24605846405029297, 0.02899456024169922, 0.030014753341674805, 0.17598366737365723, 0.22558331489562988, 0.02981853485107422, 0.02001667022705078, 0.27314281463623047, 0.27499914169311523, 0.034003257751464844, 0.030124425888061523, 0.2938573360443115, 0.4343080520629883, 0.021994352340698242, 0.020197153091430664, 0.26502060890197754, 0.17703819274902344, 0.29517221450805664, 0.03000020980834961, 0.34667491912841797, 0.2830934524536133, 0.028986215591430664, 0.029996633529663086, 0.2961723804473877, 0.39194440841674805, 0.026000022888183594, 0.030128002166748047, 0.1931285858154297, 0.2600219249725342, 0.03214883804321289, 0.0060007572174072266, 0.22071075439453125, 0.18701696395874023, 0.038694143295288086, 0.006003141403198242, 0.24941754341125488, 0.3095681667327881, 0.2943575382232666, 0.050003767013549805, 0.2614006996154785, 0.16799163818359375, 0.030999422073364258, 0.014979839324951172, 0.3383784294128418, 0.24576759338378906, 0.03097701072692871, 0.013990163803100586, 0.26628565788269043, 0.22932028770446777, 0.034974098205566406, 0.02800583839416504], 'spike_count': 0, 'zero_volume_count': np.int64(85158), 'impossible_candle_count': 0, 'consecutive_anomalies': 0, 'avg_response_time': np.float64(0.15824641745074902), 'max_response_time': np.float64(0.4343080520629883), 'min_response_time': np.float64(0.005982875823974609)}
2026-07-24 13:54:03,902 | INFO     | [IQOPTION] REST fetch succeeded for EURUSD-OTC: 5 candles
2026-07-24 13:54:03,925 | ERROR    | [ANOMALY] CONSECUTIVE zero volume: EURUSD-OTC streak 248
2026-07-24 13:54:04,059 | INFO     | [CSVWriter] Successfully wrote 392 rows to data_base/csv/iq_option\EURUSD\EURUSD_M1.csv
2026-07-24 13:54:04,075 | INFO     | [CSVQueue] Successfully processed write for data_base/csv/iq_option\EURUSD\EURUSD_M1.csv
2026-07-24 13:54:04,075 | INFO     | [CSVQueue] Queue size: 0
2026-07-24 13:54:04,092 | WARNING  | [ANOMALY] Total anomalies detected: EURUSD-OTC 249
2026-07-24 13:54:04,105 | INFO     | [DataAdapter] M1 anomaly detection completed for EURUSD-OTC in 0.183s
2026-07-24 13:54:04,169 | INFO     | [IQOPTION] REST fetch succeeded for GBPUSD-OTC: 5 candles
2026-07-24 13:54:04,217 | INFO     | [CSVQueue] Enqueuing write for data_base/csv/iq_option\EURUSD-OTC\EURUSD-OTC_M1.csv - Queue size: 0
2026-07-24 13:54:04,235 | ERROR    | [ANOMALY] CONSECUTIVE zero volume: GBPUSD-OTC streak 248
2026-07-24 13:54:04,264 | INFO     | [DataAdapter] M1 data refresh completed for EURUSD-OTC
2026-07-24 13:54:04,296 | INFO     | [CSVQueue] Processing write for data_base/csv/iq_option\EURUSD-OTC\EURUSD-OTC_M1.csv
2026-07-24 13:54:04,343 | INFO     | [DataAdapter] Refreshing M5 data for EURUSD-OTC
2026-07-24 13:54:04,374 | INFO     | [CSVWriter] Writing 249 rows to data_base/csv/iq_option\EURUSD-OTC\EURUSD-OTC_M1.csv
2026-07-24 13:54:04,395 | ERROR    | [ANOMALY] CONSECUTIVE zero volume: EURUSD-OTC streak 248
2026-07-24 13:54:04,487 | INFO     | [IQOPTION] REST fetch succeeded for EURGBP-OTC: 5 candles
2026-07-24 13:54:04,498 | ERROR    | [ANOMALY] CONSECUTIVE zero volume: EURGBP-OTC streak 248
2026-07-24 13:54:04,501 | WARNING  | [ANOMALY] Total anomalies detected: GBPUSD-OTC 249
2026-07-24 13:54:04,502 | INFO     | [DataAdapter] M1 anomaly detection completed for GBPUSD-OTC in 0.326s
2026-07-24 13:54:04,507 | INFO     | [CSVQueue] Enqueuing write for data_base/csv/iq_option\GBPUSD-OTC\GBPUSD-OTC_M1.csv - Queue size: 0
2026-07-24 13:54:04,508 | INFO     | [DataAdapter] M1 data refresh completed for GBPUSD-OTC
2026-07-24 13:54:04,510 | INFO     | [DataAdapter] Refreshing M5 data for GBPUSD-OTC
2026-07-24 13:54:04,517 | ERROR    | [ANOMALY] CONSECUTIVE zero volume: GBPUSD-OTC streak 248
2026-07-24 13:54:04,522 | WARNING  | [ANOMALY] Total anomalies detected: EURUSD-OTC 249
2026-07-24 13:54:04,523 | INFO     | [DataAdapter] M5 anomaly detection completed for EURUSD-OTC
2026-07-24 13:54:04,528 | WARNING  | [ANOMALY] Total anomalies detected: EURGBP-OTC 249
2026-07-24 13:54:04,528 | INFO     | [DataAdapter] M5 data refresh completed for EURUSD-OTC
2026-07-24 13:54:04,531 | INFO     | [DataAdapter] M1 anomaly detection completed for EURGBP-OTC in 0.038s
2026-07-24 13:54:04,531 | INFO     | [CSVWriter] Successfully wrote 391 rows to data_base/csv/iq_option\EURUSD-OTC\EURUSD-OTC_M1.csv
2026-07-24 13:54:04,531 | INFO     | [DataAdapter] Refreshing M15 data for EURUSD-OTC
2026-07-24 13:54:04,534 | INFO     | [CSVQueue] Successfully processed write for data_base/csv/iq_option\EURUSD-OTC\EURUSD-OTC_M1.csv
2026-07-24 13:54:04,538 | ERROR    | [ANOMALY] CONSECUTIVE zero volume: EURUSD-OTC streak 248
2026-07-24 13:54:04,538 | INFO     | [CSVQueue] Enqueuing write for data_base/csv/iq_option\EURGBP-OTC\EURGBP-OTC_M1.csv - Queue size: 1
2026-07-24 13:54:04,538 | INFO     | [CSVQueue] Processing write for data_base/csv/iq_option\GBPUSD-OTC\GBPUSD-OTC_M1.csv
2026-07-24 13:54:04,539 | INFO     | [DataAdapter] M1 data refresh completed for EURGBP-OTC
2026-07-24 13:54:04,539 | INFO     | [CSVWriter] Writing 249 rows to data_base/csv/iq_option\GBPUSD-OTC\GBPUSD-OTC_M1.csv
2026-07-24 13:54:04,542 | WARNING  | [ANOMALY] Total anomalies detected: GBPUSD-OTC 249
2026-07-24 13:54:04,542 | INFO     | [DataAdapter] Refreshing M5 data for EURGBP-OTC
2026-07-24 13:54:04,544 | INFO     | [DataAdapter] M5 anomaly detection completed for GBPUSD-OTC
2026-07-24 13:54:04,551 | ERROR    | [ANOMALY] CONSECUTIVE zero volume: EURGBP-OTC streak 248
2026-07-24 13:54:04,551 | INFO     | [DataAdapter] M5 data refresh completed for GBPUSD-OTC
2026-07-24 13:54:04,556 | WARNING  | [ANOMALY] Total anomalies detected: EURUSD-OTC 249
2026-07-24 13:54:04,556 | INFO     | [DataAdapter] Refreshing M15 data for GBPUSD-OTC
2026-07-24 13:54:04,556 | INFO     | [DataAdapter] M15 anomaly detection completed for EURUSD-OTC
2026-07-24 13:54:04,557 | INFO     | [DataAdapter] M15 data refresh completed for EURUSD-OTC
2026-07-24 13:54:04,558 | INFO     | [DataAdapter] Anomaly statistics for EURUSD-OTC: {'total_calls': 156, 'response_times': [0.013999700546264648, 0.31719064712524414, 0.2949824333190918, 0.03267955780029297, 0.16599440574645996, 0.4046361446380615, 0.3303542137145996, 0.18708395957946777, 0.012867212295532227, 0.29335784912109375, 0.21855616569519043, 0.04597282409667969, 0.016118288040161133, 0.16651606559753418, 0.17901921272277832, 0.04098248481750488, 0.027006864547729492, 0.2834603786468506, 0.20427322387695312, 0.21520233154296875, 0.006014347076416016, 0.24805641174316406, 0.2825925350189209, 0.026009082794189453, 0.03001713752746582, 0.33109354972839355, 0.26633429527282715, 0.03498196601867676, 0.013983488082885742, 0.16509389877319336, 0.203139066696167, 0.02601027488708496, 0.015662193298339844, 0.285672664642334, 0.16912531852722168, 0.031012296676635742, 0.02100062370300293, 0.19908738136291504, 0.33910560607910156, 0.4241623878479004, 0.031023502349853516, 0.12838149070739746, 0.22991466522216797, 0.025004148483276367, 0.005982875823974609, 0.15928292274475098, 0.18576288223266602, 0.024000883102416992, 0.020021677017211914, 0.2539963722229004, 0.23406672477722168, 0.027977466583251953, 0.032039642333984375, 0.23402166366577148, 0.35982704162597656, 0.031000375747680664, 0.029973506927490234, 0.21654653549194336, 0.4075918197631836, 0.32715654373168945, 0.015000104904174805, 0.21819853782653809, 0.24185967445373535, 0.032021284103393555, 0.014994621276855469, 0.35053372383117676, 0.2678334712982178, 0.037000179290771484, 0.020027637481689453, 0.35924363136291504, 0.2781853675842285, 0.031000137329101562, 0.015509366989135742, 0.21570110321044922, 0.3485097885131836, 0.03399968147277832, 0.015020370483398438, 0.2662651538848877, 0.2810933589935303, 0.3631160259246826, 0.006013154983520508, 0.3089568614959717, 0.2898275852203369, 0.02498316764831543, 0.014000892639160156, 0.2052288055419922, 0.28769516944885254, 0.030613422393798828, 0.03499746322631836, 0.34804296493530273, 0.23193693161010742, 0.04099726676940918, 0.0060138702392578125, 0.17101597785949707, 0.1998612880706787, 0.03898882865905762, 0.013130426406860352, 0.2299973964691162, 0.21095585823059082, 0.3939990997314453, 0.04900622367858887, 0.2888782024383545, 0.24605846405029297, 0.02899456024169922, 0.030014753341674805, 0.17598366737365723, 0.22558331489562988, 0.02981853485107422, 0.02001667022705078, 0.27314281463623047, 0.27499914169311523, 0.034003257751464844, 0.030124425888061523, 0.2938573360443115, 0.4343080520629883, 0.021994352340698242, 0.020197153091430664, 0.26502060890197754, 0.17703819274902344, 0.29517221450805664, 0.03000020980834961, 0.34667491912841797, 0.2830934524536133, 0.028986215591430664, 0.029996633529663086, 0.2961723804473877, 0.39194440841674805, 0.026000022888183594, 0.030128002166748047, 0.1931285858154297, 0.2600219249725342, 0.03214883804321289, 0.0060007572174072266, 0.22071075439453125, 0.18701696395874023, 0.038694143295288086, 0.006003141403198242, 0.24941754341125488, 0.3095681667327881, 0.2943575382232666, 0.050003767013549805, 0.2614006996154785, 0.16799163818359375, 0.030999422073364258, 0.014979839324951172, 0.3383784294128418, 0.24576759338378906, 0.03097701072692871, 0.013990163803100586, 0.26628565788269043, 0.22932028770446777, 0.034974098205566406, 0.02800583839416504, 0.18330931663513184, 0.3255429267883301, 0.03757071495056152], 'spike_count': 0, 'zero_volume_count': np.int64(86901), 'impossible_candle_count': 0, 'consecutive_anomalies': 0, 'avg_response_time': np.float64(0.15870592838678604), 'max_response_time': np.float64(0.4343080520629883), 'min_response_time': np.float64(0.005982875823974609)}
2026-07-24 13:54:04,561 | ERROR    | [ANOMALY] CONSECUTIVE zero volume: GBPUSD-OTC streak 248
2026-07-24 13:54:04,572 | WARNING  | [ANOMALY] Total anomalies detected: EURGBP-OTC 249
2026-07-24 13:54:04,572 | INFO     | [DataAdapter] M5 anomaly detection completed for EURGBP-OTC
2026-07-24 13:54:04,575 | INFO     | [DataAdapter] M5 data refresh completed for EURGBP-OTC
2026-07-24 13:54:04,575 | INFO     | [DataAdapter] Refreshing M15 data for EURGBP-OTC
2026-07-24 13:54:04,579 | ERROR    | [ANOMALY] CONSECUTIVE zero volume: EURGBP-OTC streak 248
2026-07-24 13:54:04,586 | WARNING  | [ANOMALY] Total anomalies detected: GBPUSD-OTC 249
2026-07-24 13:54:04,586 | INFO     | [DataAdapter] M15 anomaly detection completed for GBPUSD-OTC
2026-07-24 13:54:04,586 | INFO     | [CSVWriter] Successfully wrote 391 rows to data_base/csv/iq_option\GBPUSD-OTC\GBPUSD-OTC_M1.csv
2026-07-24 13:54:04,588 | INFO     | [DataAdapter] M15 data refresh completed for GBPUSD-OTC
2026-07-24 13:54:04,588 | INFO     | [CSVQueue] Successfully processed write for data_base/csv/iq_option\GBPUSD-OTC\GBPUSD-OTC_M1.csv
2026-07-24 13:54:04,589 | INFO     | [DataAdapter] Anomaly statistics for GBPUSD-OTC: {'total_calls': 156, 'response_times': [0.013999700546264648, 0.31719064712524414, 0.2949824333190918, 0.03267955780029297, 0.16599440574645996, 0.4046361446380615, 0.3303542137145996, 0.18708395957946777, 0.012867212295532227, 0.29335784912109375, 0.21855616569519043, 0.04597282409667969, 0.016118288040161133, 0.16651606559753418, 0.17901921272277832, 0.04098248481750488, 0.027006864547729492, 0.2834603786468506, 0.20427322387695312, 0.21520233154296875, 0.006014347076416016, 0.24805641174316406, 0.2825925350189209, 0.026009082794189453, 0.03001713752746582, 0.33109354972839355, 0.26633429527282715, 0.03498196601867676, 0.013983488082885742, 0.16509389877319336, 0.203139066696167, 0.02601027488708496, 0.015662193298339844, 0.285672664642334, 0.16912531852722168, 0.031012296676635742, 0.02100062370300293, 0.19908738136291504, 0.33910560607910156, 0.4241623878479004, 0.031023502349853516, 0.12838149070739746, 0.22991466522216797, 0.025004148483276367, 0.005982875823974609, 0.15928292274475098, 0.18576288223266602, 0.024000883102416992, 0.020021677017211914, 0.2539963722229004, 0.23406672477722168, 0.027977466583251953, 0.032039642333984375, 0.23402166366577148, 0.35982704162597656, 0.031000375747680664, 0.029973506927490234, 0.21654653549194336, 0.4075918197631836, 0.32715654373168945, 0.015000104904174805, 0.21819853782653809, 0.24185967445373535, 0.032021284103393555, 0.014994621276855469, 0.35053372383117676, 0.2678334712982178, 0.037000179290771484, 0.020027637481689453, 0.35924363136291504, 0.2781853675842285, 0.031000137329101562, 0.015509366989135742, 0.21570110321044922, 0.3485097885131836, 0.03399968147277832, 0.015020370483398438, 0.2662651538848877, 0.2810933589935303, 0.3631160259246826, 0.006013154983520508, 0.3089568614959717, 0.2898275852203369, 0.02498316764831543, 0.014000892639160156, 0.2052288055419922, 0.28769516944885254, 0.030613422393798828, 0.03499746322631836, 0.34804296493530273, 0.23193693161010742, 0.04099726676940918, 0.0060138702392578125, 0.17101597785949707, 0.1998612880706787, 0.03898882865905762, 0.013130426406860352, 0.2299973964691162, 0.21095585823059082, 0.3939990997314453, 0.04900622367858887, 0.2888782024383545, 0.24605846405029297, 0.02899456024169922, 0.030014753341674805, 0.17598366737365723, 0.22558331489562988, 0.02981853485107422, 0.02001667022705078, 0.27314281463623047, 0.27499914169311523, 0.034003257751464844, 0.030124425888061523, 0.2938573360443115, 0.4343080520629883, 0.021994352340698242, 0.020197153091430664, 0.26502060890197754, 0.17703819274902344, 0.29517221450805664, 0.03000020980834961, 0.34667491912841797, 0.2830934524536133, 0.028986215591430664, 0.029996633529663086, 0.2961723804473877, 0.39194440841674805, 0.026000022888183594, 0.030128002166748047, 0.1931285858154297, 0.2600219249725342, 0.03214883804321289, 0.0060007572174072266, 0.22071075439453125, 0.18701696395874023, 0.038694143295288086, 0.006003141403198242, 0.24941754341125488, 0.3095681667327881, 0.2943575382232666, 0.050003767013549805, 0.2614006996154785, 0.16799163818359375, 0.030999422073364258, 0.014979839324951172, 0.3383784294128418, 0.24576759338378906, 0.03097701072692871, 0.013990163803100586, 0.26628565788269043, 0.22932028770446777, 0.034974098205566406, 0.02800583839416504, 0.18330931663513184, 0.3255429267883301, 0.03757071495056152], 'spike_count': 0, 'zero_volume_count': np.int64(87399), 'impossible_candle_count': 0, 'consecutive_anomalies': 0, 'avg_response_time': np.float64(0.15870592838678604), 'max_response_time': np.float64(0.4343080520629883), 'min_response_time': np.float64(0.005982875823974609)}
2026-07-24 13:54:04,589 | INFO     | [CSVQueue] Processing write for data_base/csv/iq_option\EURGBP-OTC\EURGBP-OTC_M1.csv
2026-07-24 13:54:04,590 | INFO     | [CSVWriter] Writing 249 rows to data_base/csv/iq_option\EURGBP-OTC\EURGBP-OTC_M1.csv
2026-07-24 13:54:04,595 | WARNING  | [ANOMALY] Total anomalies detected: EURGBP-OTC 249
2026-07-24 13:54:04,595 | INFO     | [DataAdapter] M15 anomaly detection completed for EURGBP-OTC
2026-07-24 13:54:04,595 | INFO     | [DataAdapter] M15 data refresh completed for EURGBP-OTC
2026-07-24 13:54:04,596 | INFO     | [DataAdapter] Anomaly statistics for EURGBP-OTC: {'total_calls': 156, 'response_times': [0.013999700546264648, 0.31719064712524414, 0.2949824333190918, 0.03267955780029297, 0.16599440574645996, 0.4046361446380615, 0.3303542137145996, 0.18708395957946777, 0.012867212295532227, 0.29335784912109375, 0.21855616569519043, 0.04597282409667969, 0.016118288040161133, 0.16651606559753418, 0.17901921272277832, 0.04098248481750488, 0.027006864547729492, 0.2834603786468506, 0.20427322387695312, 0.21520233154296875, 0.006014347076416016, 0.24805641174316406, 0.2825925350189209, 0.026009082794189453, 0.03001713752746582, 0.33109354972839355, 0.26633429527282715, 0.03498196601867676, 0.013983488082885742, 0.16509389877319336, 0.203139066696167, 0.02601027488708496, 0.015662193298339844, 0.285672664642334, 0.16912531852722168, 0.031012296676635742, 0.02100062370300293, 0.19908738136291504, 0.33910560607910156, 0.4241623878479004, 0.031023502349853516, 0.12838149070739746, 0.22991466522216797, 0.025004148483276367, 0.005982875823974609, 0.15928292274475098, 0.18576288223266602, 0.024000883102416992, 0.020021677017211914, 0.2539963722229004, 0.23406672477722168, 0.027977466583251953, 0.032039642333984375, 0.23402166366577148, 0.35982704162597656, 0.031000375747680664, 0.029973506927490234, 0.21654653549194336, 0.4075918197631836, 0.32715654373168945, 0.015000104904174805, 0.21819853782653809, 0.24185967445373535, 0.032021284103393555, 0.014994621276855469, 0.35053372383117676, 0.2678334712982178, 0.037000179290771484, 0.020027637481689453, 0.35924363136291504, 0.2781853675842285, 0.031000137329101562, 0.015509366989135742, 0.21570110321044922, 0.3485097885131836, 0.03399968147277832, 0.015020370483398438, 0.2662651538848877, 0.2810933589935303, 0.3631160259246826, 0.006013154983520508, 0.3089568614959717, 0.2898275852203369, 0.02498316764831543, 0.014000892639160156, 0.2052288055419922, 0.28769516944885254, 0.030613422393798828, 0.03499746322631836, 0.34804296493530273, 0.23193693161010742, 0.04099726676940918, 0.0060138702392578125, 0.17101597785949707, 0.1998612880706787, 0.03898882865905762, 0.013130426406860352, 0.2299973964691162, 0.21095585823059082, 0.3939990997314453, 0.04900622367858887, 0.2888782024383545, 0.24605846405029297, 0.02899456024169922, 0.030014753341674805, 0.17598366737365723, 0.22558331489562988, 0.02981853485107422, 0.02001667022705078, 0.27314281463623047, 0.27499914169311523, 0.034003257751464844, 0.030124425888061523, 0.2938573360443115, 0.4343080520629883, 0.021994352340698242, 0.020197153091430664, 0.26502060890197754, 0.17703819274902344, 0.29517221450805664, 0.03000020980834961, 0.34667491912841797, 0.2830934524536133, 0.028986215591430664, 0.029996633529663086, 0.2961723804473877, 0.39194440841674805, 0.026000022888183594, 0.030128002166748047, 0.1931285858154297, 0.2600219249725342, 0.03214883804321289, 0.0060007572174072266, 0.22071075439453125, 0.18701696395874023, 0.038694143295288086, 0.006003141403198242, 0.24941754341125488, 0.3095681667327881, 0.2943575382232666, 0.050003767013549805, 0.2614006996154785, 0.16799163818359375, 0.030999422073364258, 0.014979839324951172, 0.3383784294128418, 0.24576759338378906, 0.03097701072692871, 0.013990163803100586, 0.26628565788269043, 0.22932028770446777, 0.034974098205566406, 0.02800583839416504, 0.18330931663513184, 0.3255429267883301, 0.03757071495056152], 'spike_count': 0, 'zero_volume_count': np.int64(87399), 'impossible_candle_count': 0, 'consecutive_anomalies': 0, 'avg_response_time': np.float64(0.15870592838678604), 'max_response_time': np.float64(0.4343080520629883), 'min_response_time': np.float64(0.005982875823974609)}
2026-07-24 13:54:04,604 | INFO     | [CSVWriter] Successfully wrote 391 rows to data_base/csv/iq_option\EURGBP-OTC\EURGBP-OTC_M1.csv
2026-07-24 13:54:04,605 | INFO     | [CSVQueue] Successfully processed write for data_base/csv/iq_option\EURGBP-OTC\EURGBP-OTC_M1.csv
2026-07-24 13:54:04,605 | INFO     | [CSVQueue] Queue size: 0
2026-07-24 13:54:04,818 | INFO     | [EURUSD:1.13854][EURUSD-OTC:1.15413][GBPUSD-OTC:1.33140][EURGBP-OTC:0.85640] :: TOTAL=$1271.51
2026-07-24 13:55:04,065 | INFO     | [DataAdapter] Starting update for EURUSD
2026-07-24 13:55:04,065 | INFO     | [DataAdapter] Refreshing M1 data for EURUSD
2026-07-24 13:55:04,065 | INFO     | [DataAdapter] Starting update for EURUSD-OTC
2026-07-24 13:55:04,065 | INFO     | [DataAdapter] Refreshing M1 data for EURUSD-OTC
2026-07-24 13:55:04,066 | INFO     | [DataAdapter] Starting update for GBPUSD-OTC
2026-07-24 13:55:04,066 | INFO     | [DataAdapter] Refreshing M1 data for GBPUSD-OTC
2026-07-24 13:55:04,066 | INFO     | [DataAdapter] Starting update for EURGBP-OTC
2026-07-24 13:55:04,066 | INFO     | [DataAdapter] Refreshing M1 data for EURGBP-OTC
2026-07-24 13:55:04,350 | INFO     | [IQOPTION] REST fetch succeeded for EURUSD: 5 candles
2026-07-24 13:55:04,388 | INFO     | [DataAdapter] M1 anomaly detection completed for EURUSD in 0.016s
2026-07-24 13:55:04,461 | INFO     | [CSVQueue] Enqueuing write for data_base/csv/iq_option\EURUSD\EURUSD_M1.csv - Queue size: 0
2026-07-24 13:55:04,477 | INFO     | [DataAdapter] M1 data refresh completed for EURUSD
2026-07-24 13:55:04,477 | INFO     | [DataAdapter] Refreshing M5 data for EURUSD
2026-07-24 13:55:04,477 | INFO     | [CSVQueue] Processing write for data_base/csv/iq_option\EURUSD\EURUSD_M1.csv
2026-07-24 13:55:04,477 | INFO     | [CSVWriter] Writing 249 rows to data_base/csv/iq_option\EURUSD\EURUSD_M1.csv
2026-07-24 13:55:04,572 | INFO     | [IQOPTION] REST fetch succeeded for EURUSD-OTC: 5 candles
2026-07-24 13:55:04,622 | ERROR    | [ANOMALY] CONSECUTIVE zero volume: EURUSD-OTC streak 248
2026-07-24 13:55:04,715 | INFO     | [CSVWriter] Successfully wrote 393 rows to data_base/csv/iq_option\EURUSD\EURUSD_M1.csv
2026-07-24 13:55:04,731 | INFO     | [CSVQueue] Successfully processed write for data_base/csv/iq_option\EURUSD\EURUSD_M1.csv
2026-07-24 13:55:04,747 | INFO     | [CSVQueue] Queue size: 0
2026-07-24 13:55:04,797 | WARNING  | [ANOMALY] Total anomalies detected: EURUSD-OTC 249
2026-07-24 13:55:04,810 | INFO     | [DataAdapter] M1 anomaly detection completed for EURUSD-OTC in 0.231s
2026-07-24 13:55:04,828 | INFO     | [IQOPTION] REST fetch succeeded for GBPUSD-OTC: 5 candles
2026-07-24 13:55:04,860 | ERROR    | [ANOMALY] CONSECUTIVE zero volume: GBPUSD-OTC streak 248
2026-07-24 13:55:04,874 | INFO     | [CSVQueue] Enqueuing write for data_base/csv/iq_option\EURUSD-OTC\EURUSD-OTC_M1.csv - Queue size: 0
2026-07-24 13:55:04,889 | INFO     | [DataAdapter] M1 data refresh completed for EURUSD-OTC
2026-07-24 13:55:04,890 | INFO     | [DataAdapter] Refreshing M5 data for EURUSD-OTC
2026-07-24 13:55:04,890 | INFO     | [CSVQueue] Processing write for data_base/csv/iq_option\EURUSD-OTC\EURUSD-OTC_M1.csv
2026-07-24 13:55:04,904 | INFO     | [CSVWriter] Writing 249 rows to data_base/csv/iq_option\EURUSD-OTC\EURUSD-OTC_M1.csv
2026-07-24 13:55:05,050 | WARNING  | [ANOMALY] Total anomalies detected: GBPUSD-OTC 249
2026-07-24 13:55:05,050 | INFO     | [DataAdapter] M1 anomaly detection completed for GBPUSD-OTC in 0.206s
2026-07-24 13:55:05,189 | INFO     | [IQOPTION] REST fetch succeeded for EURGBP-OTC: 5 candles
2026-07-24 13:55:05,195 | INFO     | [CSVQueue] Enqueuing write for data_base/csv/iq_option\GBPUSD-OTC\GBPUSD-OTC_M1.csv - Queue size: 0
2026-07-24 13:55:05,221 | INFO     | [DataAdapter] M1 data refresh completed for GBPUSD-OTC
2026-07-24 13:55:05,223 | INFO     | [DataAdapter] Refreshing M5 data for GBPUSD-OTC
2026-07-24 13:55:05,238 | ERROR    | [ANOMALY] CONSECUTIVE zero volume: EURGBP-OTC streak 248
2026-07-24 13:55:05,285 | INFO     | [CSVWriter] Successfully wrote 392 rows to data_base/csv/iq_option\EURUSD-OTC\EURUSD-OTC_M1.csv
2026-07-24 13:55:05,364 | INFO     | [CSVQueue] Successfully processed write for data_base/csv/iq_option\EURUSD-OTC\EURUSD-OTC_M1.csv
2026-07-24 13:55:05,380 | INFO     | [CSVQueue] Processing write for data_base/csv/iq_option\GBPUSD-OTC\GBPUSD-OTC_M1.csv
2026-07-24 13:55:05,412 | INFO     | [CSVWriter] Writing 249 rows to data_base/csv/iq_option\GBPUSD-OTC\GBPUSD-OTC_M1.csv
2026-07-24 13:55:05,460 | INFO     | [IQOPTION] REST fetch succeeded for EURUSD: 5 candles
2026-07-24 13:55:05,486 | WARNING  | [ANOMALY] Total anomalies detected: EURGBP-OTC 249
2026-07-24 13:55:05,491 | INFO     | [DataAdapter] M1 anomaly detection completed for EURGBP-OTC in 0.284s
2026-07-24 13:55:05,557 | INFO     | [DataAdapter] M5 anomaly detection completed for EURUSD
2026-07-24 13:55:05,618 | INFO     | [CSVQueue] Enqueuing write for data_base/csv/iq_option\EURGBP-OTC\EURGBP-OTC_M1.csv - Queue size: 0
2026-07-24 13:55:05,619 | INFO     | [CSVQueue] Enqueuing write for data_base/csv/iq_option\EURUSD\EURUSD_M5.csv - Queue size: 0
2026-07-24 13:55:05,619 | INFO     | [DataAdapter] M1 data refresh completed for EURGBP-OTC
2026-07-24 13:55:05,634 | INFO     | [DataAdapter] M5 data refresh completed for EURUSD
2026-07-24 13:55:05,634 | INFO     | [DataAdapter] Refreshing M5 data for EURGBP-OTC
2026-07-24 13:55:05,666 | INFO     | [DataAdapter] Refreshing M15 data for EURUSD
2026-07-24 13:55:05,815 | INFO     | [DataAdapter] M15 anomaly detection completed for EURUSD
2026-07-24 13:55:05,815 | INFO     | [DataAdapter] M15 data refresh completed for EURUSD
2026-07-24 13:55:05,816 | INFO     | [DataAdapter] Anomaly statistics for EURUSD: {'total_calls': 160, 'response_times': [0.013999700546264648, 0.31719064712524414, 0.2949824333190918, 0.03267955780029297, 0.16599440574645996, 0.4046361446380615, 0.3303542137145996, 0.18708395957946777, 0.012867212295532227, 0.29335784912109375, 0.21855616569519043, 0.04597282409667969, 0.016118288040161133, 0.16651606559753418, 0.17901921272277832, 0.04098248481750488, 0.027006864547729492, 0.2834603786468506, 0.20427322387695312, 0.21520233154296875, 0.006014347076416016, 0.24805641174316406, 0.2825925350189209, 0.026009082794189453, 0.03001713752746582, 0.33109354972839355, 0.26633429527282715, 0.03498196601867676, 0.013983488082885742, 0.16509389877319336, 0.203139066696167, 0.02601027488708496, 0.015662193298339844, 0.285672664642334, 0.16912531852722168, 0.031012296676635742, 0.02100062370300293, 0.19908738136291504, 0.33910560607910156, 0.4241623878479004, 0.031023502349853516, 0.12838149070739746, 0.22991466522216797, 0.025004148483276367, 0.005982875823974609, 0.15928292274475098, 0.18576288223266602, 0.024000883102416992, 0.020021677017211914, 0.2539963722229004, 0.23406672477722168, 0.027977466583251953, 0.032039642333984375, 0.23402166366577148, 0.35982704162597656, 0.031000375747680664, 0.029973506927490234, 0.21654653549194336, 0.4075918197631836, 0.32715654373168945, 0.015000104904174805, 0.21819853782653809, 0.24185967445373535, 0.032021284103393555, 0.014994621276855469, 0.35053372383117676, 0.2678334712982178, 0.037000179290771484, 0.020027637481689453, 0.35924363136291504, 0.2781853675842285, 0.031000137329101562, 0.015509366989135742, 0.21570110321044922, 0.3485097885131836, 0.03399968147277832, 0.015020370483398438, 0.2662651538848877, 0.2810933589935303, 0.3631160259246826, 0.006013154983520508, 0.3089568614959717, 0.2898275852203369, 0.02498316764831543, 0.014000892639160156, 0.2052288055419922, 0.28769516944885254, 0.030613422393798828, 0.03499746322631836, 0.34804296493530273, 0.23193693161010742, 0.04099726676940918, 0.0060138702392578125, 0.17101597785949707, 0.1998612880706787, 0.03898882865905762, 0.013130426406860352, 0.2299973964691162, 0.21095585823059082, 0.3939990997314453, 0.04900622367858887, 0.2888782024383545, 0.24605846405029297, 0.02899456024169922, 0.030014753341674805, 0.17598366737365723, 0.22558331489562988, 0.02981853485107422, 0.02001667022705078, 0.27314281463623047, 0.27499914169311523, 0.034003257751464844, 0.030124425888061523, 0.2938573360443115, 0.4343080520629883, 0.021994352340698242, 0.020197153091430664, 0.26502060890197754, 0.17703819274902344, 0.29517221450805664, 0.03000020980834961, 0.34667491912841797, 0.2830934524536133, 0.028986215591430664, 0.029996633529663086, 0.2961723804473877, 0.39194440841674805, 0.026000022888183594, 0.030128002166748047, 0.1931285858154297, 0.2600219249725342, 0.03214883804321289, 0.0060007572174072266, 0.22071075439453125, 0.18701696395874023, 0.038694143295288086, 0.006003141403198242, 0.24941754341125488, 0.3095681667327881, 0.2943575382232666, 0.050003767013549805, 0.2614006996154785, 0.16799163818359375, 0.030999422073364258, 0.014979839324951172, 0.3383784294128418, 0.24576759338378906, 0.03097701072692871, 0.013990163803100586, 0.26628565788269043, 0.22932028770446777, 0.034974098205566406, 0.02800583839416504, 0.18330931663513184, 0.3255429267883301, 0.03757071495056152, 0.015998125076293945, 0.2311546802520752, 0.20600509643554688, 0.28364109992980957], 'spike_count': 0, 'zero_volume_count': np.int64(88146), 'impossible_candle_count': 0, 'consecutive_anomalies': 0, 'avg_response_time': np.float64(0.15934327393770217), 'max_response_time': np.float64(0.4343080520629883), 'min_response_time': np.float64(0.005982875823974609)}
2026-07-24 13:55:05,825 | INFO     | [CSVWriter] Successfully wrote 392 rows to data_base/csv/iq_option\GBPUSD-OTC\GBPUSD-OTC_M1.csv
2026-07-24 13:55:05,825 | INFO     | [CSVQueue] Successfully processed write for data_base/csv/iq_option\GBPUSD-OTC\GBPUSD-OTC_M1.csv
2026-07-24 13:55:05,841 | INFO     | [CSVQueue] Processing write for data_base/csv/iq_option\EURGBP-OTC\EURGBP-OTC_M1.csv
2026-07-24 13:55:05,873 | INFO     | [CSVWriter] Writing 249 rows to data_base/csv/iq_option\EURGBP-OTC\EURGBP-OTC_M1.csv
2026-07-24 13:55:05,936 | INFO     | [IQOPTION] REST fetch succeeded for EURUSD-OTC: 5 candles
2026-07-24 13:55:05,954 | ERROR    | [ANOMALY] CONSECUTIVE zero volume: EURUSD-OTC streak 248
2026-07-24 13:55:06,176 | INFO     | [IQOPTION] REST fetch succeeded for GBPUSD-OTC: 5 candles
2026-07-24 13:55:06,183 | WARNING  | [ANOMALY] Total anomalies detected: EURUSD-OTC 249
2026-07-24 13:55:06,205 | INFO     | [DataAdapter] M5 anomaly detection completed for EURUSD-OTC
2026-07-24 13:55:06,224 | INFO     | [CSVWriter] Successfully wrote 392 rows to data_base/csv/iq_option\EURGBP-OTC\EURGBP-OTC_M1.csv
2026-07-24 13:55:06,236 | INFO     | [CSVQueue] Successfully processed write for data_base/csv/iq_option\EURGBP-OTC\EURGBP-OTC_M1.csv
2026-07-24 13:55:06,238 | ERROR    | [ANOMALY] CONSECUTIVE zero volume: GBPUSD-OTC streak 248
2026-07-24 13:55:06,238 | INFO     | [CSVQueue] Processing write for data_base/csv/iq_option\EURUSD\EURUSD_M5.csv
2026-07-24 13:55:06,300 | INFO     | [CSVWriter] Writing 249 rows to data_base/csv/iq_option\EURUSD\EURUSD_M5.csv
2026-07-24 13:55:06,315 | INFO     | [CSVQueue] Enqueuing write for data_base/csv/iq_option\EURUSD-OTC\EURUSD-OTC_M5.csv - Queue size: 0
2026-07-24 13:55:06,410 | INFO     | [DataAdapter] M5 data refresh completed for EURUSD-OTC
2026-07-24 13:55:06,427 | INFO     | [DataAdapter] Refreshing M15 data for EURUSD-OTC
2026-07-24 13:55:06,431 | WARNING  | [ANOMALY] Total anomalies detected: GBPUSD-OTC 249
2026-07-24 13:55:06,431 | INFO     | [IQOPTION] REST fetch succeeded for EURGBP-OTC: 5 candles
2026-07-24 13:55:06,436 | ERROR    | [ANOMALY] CONSECUTIVE zero volume: EURUSD-OTC streak 248
2026-07-24 13:55:06,436 | INFO     | [DataAdapter] M5 anomaly detection completed for GBPUSD-OTC
2026-07-24 13:55:06,451 | ERROR    | [ANOMALY] CONSECUTIVE zero volume: EURGBP-OTC streak 248
2026-07-24 13:55:06,458 | INFO     | [CSVQueue] Enqueuing write for data_base/csv/iq_option\GBPUSD-OTC\GBPUSD-OTC_M5.csv - Queue size: 1
2026-07-24 13:55:06,459 | INFO     | [DataAdapter] M5 data refresh completed for GBPUSD-OTC
2026-07-24 13:55:06,460 | INFO     | [DataAdapter] Refreshing M15 data for GBPUSD-OTC
2026-07-24 13:55:06,466 | ERROR    | [ANOMALY] CONSECUTIVE zero volume: GBPUSD-OTC streak 248
2026-07-24 13:55:06,472 | WARNING  | [ANOMALY] Total anomalies detected: EURUSD-OTC 249
2026-07-24 13:55:06,472 | INFO     | [DataAdapter] M15 anomaly detection completed for EURUSD-OTC
2026-07-24 13:55:06,477 | WARNING  | [ANOMALY] Total anomalies detected: EURGBP-OTC 249
2026-07-24 13:55:06,477 | INFO     | [DataAdapter] M15 data refresh completed for EURUSD-OTC
2026-07-24 13:55:06,479 | INFO     | [DataAdapter] M5 anomaly detection completed for EURGBP-OTC
2026-07-24 13:55:06,479 | INFO     | [DataAdapter] Anomaly statistics for EURUSD-OTC: {'total_calls': 160, 'response_times': [0.013999700546264648, 0.31719064712524414, 0.2949824333190918, 0.03267955780029297, 0.16599440574645996, 0.4046361446380615, 0.3303542137145996, 0.18708395957946777, 0.012867212295532227, 0.29335784912109375, 0.21855616569519043, 0.04597282409667969, 0.016118288040161133, 0.16651606559753418, 0.17901921272277832, 0.04098248481750488, 0.027006864547729492, 0.2834603786468506, 0.20427322387695312, 0.21520233154296875, 0.006014347076416016, 0.24805641174316406, 0.2825925350189209, 0.026009082794189453, 0.03001713752746582, 0.33109354972839355, 0.26633429527282715, 0.03498196601867676, 0.013983488082885742, 0.16509389877319336, 0.203139066696167, 0.02601027488708496, 0.015662193298339844, 0.285672664642334, 0.16912531852722168, 0.031012296676635742, 0.02100062370300293, 0.19908738136291504, 0.33910560607910156, 0.4241623878479004, 0.031023502349853516, 0.12838149070739746, 0.22991466522216797, 0.025004148483276367, 0.005982875823974609, 0.15928292274475098, 0.18576288223266602, 0.024000883102416992, 0.020021677017211914, 0.2539963722229004, 0.23406672477722168, 0.027977466583251953, 0.032039642333984375, 0.23402166366577148, 0.35982704162597656, 0.031000375747680664, 0.029973506927490234, 0.21654653549194336, 0.4075918197631836, 0.32715654373168945, 0.015000104904174805, 0.21819853782653809, 0.24185967445373535, 0.032021284103393555, 0.014994621276855469, 0.35053372383117676, 0.2678334712982178, 0.037000179290771484, 0.020027637481689453, 0.35924363136291504, 0.2781853675842285, 0.031000137329101562, 0.015509366989135742, 0.21570110321044922, 0.3485097885131836, 0.03399968147277832, 0.015020370483398438, 0.2662651538848877, 0.2810933589935303, 0.3631160259246826, 0.006013154983520508, 0.3089568614959717, 0.2898275852203369, 0.02498316764831543, 0.014000892639160156, 0.2052288055419922, 0.28769516944885254, 0.030613422393798828, 0.03499746322631836, 0.34804296493530273, 0.23193693161010742, 0.04099726676940918, 0.0060138702392578125, 0.17101597785949707, 0.1998612880706787, 0.03898882865905762, 0.013130426406860352, 0.2299973964691162, 0.21095585823059082, 0.3939990997314453, 0.04900622367858887, 0.2888782024383545, 0.24605846405029297, 0.02899456024169922, 0.030014753341674805, 0.17598366737365723, 0.22558331489562988, 0.02981853485107422, 0.02001667022705078, 0.27314281463623047, 0.27499914169311523, 0.034003257751464844, 0.030124425888061523, 0.2938573360443115, 0.4343080520629883, 0.021994352340698242, 0.020197153091430664, 0.26502060890197754, 0.17703819274902344, 0.29517221450805664, 0.03000020980834961, 0.34667491912841797, 0.2830934524536133, 0.028986215591430664, 0.029996633529663086, 0.2961723804473877, 0.39194440841674805, 0.026000022888183594, 0.030128002166748047, 0.1931285858154297, 0.2600219249725342, 0.03214883804321289, 0.0060007572174072266, 0.22071075439453125, 0.18701696395874023, 0.038694143295288086, 0.006003141403198242, 0.24941754341125488, 0.3095681667327881, 0.2943575382232666, 0.050003767013549805, 0.2614006996154785, 0.16799163818359375, 0.030999422073364258, 0.014979839324951172, 0.3383784294128418, 0.24576759338378906, 0.03097701072692871, 0.013990163803100586, 0.26628565788269043, 0.22932028770446777, 0.034974098205566406, 0.02800583839416504, 0.18330931663513184, 0.3255429267883301, 0.03757071495056152, 0.015998125076293945, 0.2311546802520752, 0.20600509643554688, 0.28364109992980957], 'spike_count': 0, 'zero_volume_count': np.int64(89391), 'impossible_candle_count': 0, 'consecutive_anomalies': 0, 'avg_response_time': np.float64(0.15934327393770217), 'max_response_time': np.float64(0.4343080520629883), 'min_response_time': np.float64(0.005982875823974609)}
2026-07-24 13:55:06,480 | INFO     | [CSVWriter] Successfully wrote 278 rows to data_base/csv/iq_option\EURUSD\EURUSD_M5.csv
2026-07-24 13:55:06,485 | INFO     | [CSVQueue] Successfully processed write for data_base/csv/iq_option\EURUSD\EURUSD_M5.csv
2026-07-24 13:55:06,485 | INFO     | [CSVQueue] Processing write for data_base/csv/iq_option\EURUSD-OTC\EURUSD-OTC_M5.csv
2026-07-24 13:55:06,485 | INFO     | [CSVWriter] Writing 249 rows to data_base/csv/iq_option\EURUSD-OTC\EURUSD-OTC_M5.csv
2026-07-24 13:55:06,485 | INFO     | [CSVQueue] Enqueuing write for data_base/csv/iq_option\EURGBP-OTC\EURGBP-OTC_M5.csv - Queue size: 1
2026-07-24 13:55:06,489 | INFO     | [DataAdapter] M5 data refresh completed for EURGBP-OTC
2026-07-24 13:55:06,489 | INFO     | [DataAdapter] Refreshing M15 data for EURGBP-OTC
2026-07-24 13:55:06,494 | WARNING  | [ANOMALY] Total anomalies detected: GBPUSD-OTC 249
2026-07-24 13:55:06,496 | INFO     | [DataAdapter] M15 anomaly detection completed for GBPUSD-OTC
2026-07-24 13:55:06,496 | INFO     | [DataAdapter] M15 data refresh completed for GBPUSD-OTC
2026-07-24 13:55:06,496 | INFO     | [DataAdapter] Anomaly statistics for GBPUSD-OTC: {'total_calls': 160, 'response_times': [0.013999700546264648, 0.31719064712524414, 0.2949824333190918, 0.03267955780029297, 0.16599440574645996, 0.4046361446380615, 0.3303542137145996, 0.18708395957946777, 0.012867212295532227, 0.29335784912109375, 0.21855616569519043, 0.04597282409667969, 0.016118288040161133, 0.16651606559753418, 0.17901921272277832, 0.04098248481750488, 0.027006864547729492, 0.2834603786468506, 0.20427322387695312, 0.21520233154296875, 0.006014347076416016, 0.24805641174316406, 0.2825925350189209, 0.026009082794189453, 0.03001713752746582, 0.33109354972839355, 0.26633429527282715, 0.03498196601867676, 0.013983488082885742, 0.16509389877319336, 0.203139066696167, 0.02601027488708496, 0.015662193298339844, 0.285672664642334, 0.16912531852722168, 0.031012296676635742, 0.02100062370300293, 0.19908738136291504, 0.33910560607910156, 0.4241623878479004, 0.031023502349853516, 0.12838149070739746, 0.22991466522216797, 0.025004148483276367, 0.005982875823974609, 0.15928292274475098, 0.18576288223266602, 0.024000883102416992, 0.020021677017211914, 0.2539963722229004, 0.23406672477722168, 0.027977466583251953, 0.032039642333984375, 0.23402166366577148, 0.35982704162597656, 0.031000375747680664, 0.029973506927490234, 0.21654653549194336, 0.4075918197631836, 0.32715654373168945, 0.015000104904174805, 0.21819853782653809, 0.24185967445373535, 0.032021284103393555, 0.014994621276855469, 0.35053372383117676, 0.2678334712982178, 0.037000179290771484, 0.020027637481689453, 0.35924363136291504, 0.2781853675842285, 0.031000137329101562, 0.015509366989135742, 0.21570110321044922, 0.3485097885131836, 0.03399968147277832, 0.015020370483398438, 0.2662651538848877, 0.2810933589935303, 0.3631160259246826, 0.006013154983520508, 0.3089568614959717, 0.2898275852203369, 0.02498316764831543, 0.014000892639160156, 0.2052288055419922, 0.28769516944885254, 0.030613422393798828, 0.03499746322631836, 0.34804296493530273, 0.23193693161010742, 0.04099726676940918, 0.0060138702392578125, 0.17101597785949707, 0.1998612880706787, 0.03898882865905762, 0.013130426406860352, 0.2299973964691162, 0.21095585823059082, 0.3939990997314453, 0.04900622367858887, 0.2888782024383545, 0.24605846405029297, 0.02899456024169922, 0.030014753341674805, 0.17598366737365723, 0.22558331489562988, 0.02981853485107422, 0.02001667022705078, 0.27314281463623047, 0.27499914169311523, 0.034003257751464844, 0.030124425888061523, 0.2938573360443115, 0.4343080520629883, 0.021994352340698242, 0.020197153091430664, 0.26502060890197754, 0.17703819274902344, 0.29517221450805664, 0.03000020980834961, 0.34667491912841797, 0.2830934524536133, 0.028986215591430664, 0.029996633529663086, 0.2961723804473877, 0.39194440841674805, 0.026000022888183594, 0.030128002166748047, 0.1931285858154297, 0.2600219249725342, 0.03214883804321289, 0.0060007572174072266, 0.22071075439453125, 0.18701696395874023, 0.038694143295288086, 0.006003141403198242, 0.24941754341125488, 0.3095681667327881, 0.2943575382232666, 0.050003767013549805, 0.2614006996154785, 0.16799163818359375, 0.030999422073364258, 0.014979839324951172, 0.3383784294128418, 0.24576759338378906, 0.03097701072692871, 0.013990163803100586, 0.26628565788269043, 0.22932028770446777, 0.034974098205566406, 0.02800583839416504, 0.18330931663513184, 0.3255429267883301, 0.03757071495056152, 0.015998125076293945, 0.2311546802520752, 0.20600509643554688, 0.28364109992980957], 'spike_count': 0, 'zero_volume_count': np.int64(89391), 'impossible_candle_count': 0, 'consecutive_anomalies': 0, 'avg_response_time': np.float64(0.15934327393770217), 'max_response_time': np.float64(0.4343080520629883), 'min_response_time': np.float64(0.005982875823974609)}
2026-07-24 13:55:06,498 | ERROR    | [ANOMALY] CONSECUTIVE zero volume: EURGBP-OTC streak 248
2026-07-24 13:55:06,512 | WARNING  | [ANOMALY] Total anomalies detected: EURGBP-OTC 249
2026-07-24 13:55:06,514 | INFO     | [DataAdapter] M15 anomaly detection completed for EURGBP-OTC
2026-07-24 13:55:06,514 | INFO     | [DataAdapter] M15 data refresh completed for EURGBP-OTC
2026-07-24 13:55:06,514 | INFO     | [DataAdapter] Anomaly statistics for EURGBP-OTC: {'total_calls': 160, 'response_times': [0.013999700546264648, 0.31719064712524414, 0.2949824333190918, 0.03267955780029297, 0.16599440574645996, 0.4046361446380615, 0.3303542137145996, 0.18708395957946777, 0.012867212295532227, 0.29335784912109375, 0.21855616569519043, 0.04597282409667969, 0.016118288040161133, 0.16651606559753418, 0.17901921272277832, 0.04098248481750488, 0.027006864547729492, 0.2834603786468506, 0.20427322387695312, 0.21520233154296875, 0.006014347076416016, 0.24805641174316406, 0.2825925350189209, 0.026009082794189453, 0.03001713752746582, 0.33109354972839355, 0.26633429527282715, 0.03498196601867676, 0.013983488082885742, 0.16509389877319336, 0.203139066696167, 0.02601027488708496, 0.015662193298339844, 0.285672664642334, 0.16912531852722168, 0.031012296676635742, 0.02100062370300293, 0.19908738136291504, 0.33910560607910156, 0.4241623878479004, 0.031023502349853516, 0.12838149070739746, 0.22991466522216797, 0.025004148483276367, 0.005982875823974609, 0.15928292274475098, 0.18576288223266602, 0.024000883102416992, 0.020021677017211914, 0.2539963722229004, 0.23406672477722168, 0.027977466583251953, 0.032039642333984375, 0.23402166366577148, 0.35982704162597656, 0.031000375747680664, 0.029973506927490234, 0.21654653549194336, 0.4075918197631836, 0.32715654373168945, 0.015000104904174805, 0.21819853782653809, 0.24185967445373535, 0.032021284103393555, 0.014994621276855469, 0.35053372383117676, 0.2678334712982178, 0.037000179290771484, 0.020027637481689453, 0.35924363136291504, 0.2781853675842285, 0.031000137329101562, 0.015509366989135742, 0.21570110321044922, 0.3485097885131836, 0.03399968147277832, 0.015020370483398438, 0.2662651538848877, 0.2810933589935303, 0.3631160259246826, 0.006013154983520508, 0.3089568614959717, 0.2898275852203369, 0.02498316764831543, 0.014000892639160156, 0.2052288055419922, 0.28769516944885254, 0.030613422393798828, 0.03499746322631836, 0.34804296493530273, 0.23193693161010742, 0.04099726676940918, 0.0060138702392578125, 0.17101597785949707, 0.1998612880706787, 0.03898882865905762, 0.013130426406860352, 0.2299973964691162, 0.21095585823059082, 0.3939990997314453, 0.04900622367858887, 0.2888782024383545, 0.24605846405029297, 0.02899456024169922, 0.030014753341674805, 0.17598366737365723, 0.22558331489562988, 0.02981853485107422, 0.02001667022705078, 0.27314281463623047, 0.27499914169311523, 0.034003257751464844, 0.030124425888061523, 0.2938573360443115, 0.4343080520629883, 0.021994352340698242, 0.020197153091430664, 0.26502060890197754, 0.17703819274902344, 0.29517221450805664, 0.03000020980834961, 0.34667491912841797, 0.2830934524536133, 0.028986215591430664, 0.029996633529663086, 0.2961723804473877, 0.39194440841674805, 0.026000022888183594, 0.030128002166748047, 0.1931285858154297, 0.2600219249725342, 0.03214883804321289, 0.0060007572174072266, 0.22071075439453125, 0.18701696395874023, 0.038694143295288086, 0.006003141403198242, 0.24941754341125488, 0.3095681667327881, 0.2943575382232666, 0.050003767013549805, 0.2614006996154785, 0.16799163818359375, 0.030999422073364258, 0.014979839324951172, 0.3383784294128418, 0.24576759338378906, 0.03097701072692871, 0.013990163803100586, 0.26628565788269043, 0.22932028770446777, 0.034974098205566406, 0.02800583839416504, 0.18330931663513184, 0.3255429267883301, 0.03757071495056152, 0.015998125076293945, 0.2311546802520752, 0.20600509643554688, 0.28364109992980957], 'spike_count': 0, 'zero_volume_count': np.int64(89640), 'impossible_candle_count': 0, 'consecutive_anomalies': 0, 'avg_response_time': np.float64(0.15934327393770217), 'max_response_time': np.float64(0.4343080520629883), 'min_response_time': np.float64(0.005982875823974609)}
2026-07-24 13:55:06,516 | INFO     | [CSVWriter] Successfully wrote 278 rows to data_base/csv/iq_option\EURUSD-OTC\EURUSD-OTC_M5.csv
2026-07-24 13:55:06,516 | INFO     | [CSVQueue] Successfully processed write for data_base/csv/iq_option\EURUSD-OTC\EURUSD-OTC_M5.csv
2026-07-24 13:55:06,516 | INFO     | [CSVQueue] Processing write for data_base/csv/iq_option\GBPUSD-OTC\GBPUSD-OTC_M5.csv
2026-07-24 13:55:06,516 | INFO     | [CSVWriter] Writing 249 rows to data_base/csv/iq_option\GBPUSD-OTC\GBPUSD-OTC_M5.csv
2026-07-24 13:55:06,528 | INFO     | [CSVWriter] Successfully wrote 278 rows to data_base/csv/iq_option\GBPUSD-OTC\GBPUSD-OTC_M5.csv
2026-07-24 13:55:06,528 | INFO     | [CSVQueue] Successfully processed write for data_base/csv/iq_option\GBPUSD-OTC\GBPUSD-OTC_M5.csv
2026-07-24 13:55:06,528 | INFO     | [CSVQueue] Processing write for data_base/csv/iq_option\EURGBP-OTC\EURGBP-OTC_M5.csv
2026-07-24 13:55:06,528 | INFO     | [CSVWriter] Writing 249 rows to data_base/csv/iq_option\EURGBP-OTC\EURGBP-OTC_M5.csv
2026-07-24 13:55:06,551 | INFO     | [CSVWriter] Successfully wrote 278 rows to data_base/csv/iq_option\EURGBP-OTC\EURGBP-OTC_M5.csv
2026-07-24 13:55:06,556 | INFO     | [CSVQueue] Successfully processed write for data_base/csv/iq_option\EURGBP-OTC\EURGBP-OTC_M5.csv
2026-07-24 13:55:06,557 | INFO     | [CSVQueue] Queue size: 0
2026-07-24 13:55:06,749 | INFO     | [EURUSD:1.13834][EURUSD-OTC:1.15446][GBPUSD-OTC:1.33136][EURGBP-OTC:0.85643] :: TOTAL=$1271.51
2026-07-24 13:56:04,029 | INFO     | [DataAdapter] Starting update for EURUSD
2026-07-24 13:56:04,030 | INFO     | [DataAdapter] Refreshing M1 data for EURUSD
2026-07-24 13:56:04,030 | INFO     | [DataAdapter] Starting update for EURUSD-OTC
2026-07-24 13:56:04,030 | INFO     | [DataAdapter] Refreshing M1 data for EURUSD-OTC
2026-07-24 13:56:04,030 | INFO     | [DataAdapter] Starting update for GBPUSD-OTC
2026-07-24 13:56:04,030 | INFO     | [DataAdapter] Refreshing M1 data for GBPUSD-OTC
2026-07-24 13:56:04,031 | INFO     | [DataAdapter] Starting update for EURGBP-OTC
2026-07-24 13:56:04,031 | INFO     | [DataAdapter] Refreshing M1 data for EURGBP-OTC
2026-07-24 13:56:04,283 | INFO     | [IQOPTION] REST fetch succeeded for EURUSD: 5 candles
2026-07-24 13:56:04,349 | INFO     | [DataAdapter] M1 anomaly detection completed for EURUSD in 0.044s
2026-07-24 13:56:04,458 | INFO     | [CSVQueue] Enqueuing write for data_base/csv/iq_option\EURUSD\EURUSD_M1.csv - Queue size: 0
2026-07-24 13:56:04,506 | INFO     | [DataAdapter] M1 data refresh completed for EURUSD
2026-07-24 13:56:04,522 | INFO     | [CSVQueue] Processing write for data_base/csv/iq_option\EURUSD\EURUSD_M1.csv
2026-07-24 13:56:04,537 | INFO     | [DataAdapter] Refreshing M5 data for EURUSD
2026-07-24 13:56:04,537 | INFO     | [CSVWriter] Writing 249 rows to data_base/csv/iq_option\EURUSD\EURUSD_M1.csv
2026-07-24 13:56:04,569 | INFO     | [IQOPTION] REST fetch succeeded for EURUSD-OTC: 5 candles
2026-07-24 13:56:04,589 | INFO     | [DataAdapter] M5 anomaly detection completed for EURUSD
2026-07-24 13:56:04,593 | INFO     | [DataAdapter] M5 data refresh completed for EURUSD
2026-07-24 13:56:04,593 | INFO     | [DataAdapter] Refreshing M15 data for EURUSD
2026-07-24 13:56:04,602 | INFO     | [DataAdapter] M15 anomaly detection completed for EURUSD
2026-07-24 13:56:04,605 | ERROR    | [ANOMALY] CONSECUTIVE zero volume: EURUSD-OTC streak 248
2026-07-24 13:56:04,605 | INFO     | [DataAdapter] M15 data refresh completed for EURUSD
2026-07-24 13:56:04,649 | INFO     | [DataAdapter] Anomaly statistics for EURUSD: {'total_calls': 161, 'response_times': [0.013999700546264648, 0.31719064712524414, 0.2949824333190918, 0.03267955780029297, 0.16599440574645996, 0.4046361446380615, 0.3303542137145996, 0.18708395957946777, 0.012867212295532227, 0.29335784912109375, 0.21855616569519043, 0.04597282409667969, 0.016118288040161133, 0.16651606559753418, 0.17901921272277832, 0.04098248481750488, 0.027006864547729492, 0.2834603786468506, 0.20427322387695312, 0.21520233154296875, 0.006014347076416016, 0.24805641174316406, 0.2825925350189209, 0.026009082794189453, 0.03001713752746582, 0.33109354972839355, 0.26633429527282715, 0.03498196601867676, 0.013983488082885742, 0.16509389877319336, 0.203139066696167, 0.02601027488708496, 0.015662193298339844, 0.285672664642334, 0.16912531852722168, 0.031012296676635742, 0.02100062370300293, 0.19908738136291504, 0.33910560607910156, 0.4241623878479004, 0.031023502349853516, 0.12838149070739746, 0.22991466522216797, 0.025004148483276367, 0.005982875823974609, 0.15928292274475098, 0.18576288223266602, 0.024000883102416992, 0.020021677017211914, 0.2539963722229004, 0.23406672477722168, 0.027977466583251953, 0.032039642333984375, 0.23402166366577148, 0.35982704162597656, 0.031000375747680664, 0.029973506927490234, 0.21654653549194336, 0.4075918197631836, 0.32715654373168945, 0.015000104904174805, 0.21819853782653809, 0.24185967445373535, 0.032021284103393555, 0.014994621276855469, 0.35053372383117676, 0.2678334712982178, 0.037000179290771484, 0.020027637481689453, 0.35924363136291504, 0.2781853675842285, 0.031000137329101562, 0.015509366989135742, 0.21570110321044922, 0.3485097885131836, 0.03399968147277832, 0.015020370483398438, 0.2662651538848877, 0.2810933589935303, 0.3631160259246826, 0.006013154983520508, 0.3089568614959717, 0.2898275852203369, 0.02498316764831543, 0.014000892639160156, 0.2052288055419922, 0.28769516944885254, 0.030613422393798828, 0.03499746322631836, 0.34804296493530273, 0.23193693161010742, 0.04099726676940918, 0.0060138702392578125, 0.17101597785949707, 0.1998612880706787, 0.03898882865905762, 0.013130426406860352, 0.2299973964691162, 0.21095585823059082, 0.3939990997314453, 0.04900622367858887, 0.2888782024383545, 0.24605846405029297, 0.02899456024169922, 0.030014753341674805, 0.17598366737365723, 0.22558331489562988, 0.02981853485107422, 0.02001667022705078, 0.27314281463623047, 0.27499914169311523, 0.034003257751464844, 0.030124425888061523, 0.2938573360443115, 0.4343080520629883, 0.021994352340698242, 0.020197153091430664, 0.26502060890197754, 0.17703819274902344, 0.29517221450805664, 0.03000020980834961, 0.34667491912841797, 0.2830934524536133, 0.028986215591430664, 0.029996633529663086, 0.2961723804473877, 0.39194440841674805, 0.026000022888183594, 0.030128002166748047, 0.1931285858154297, 0.2600219249725342, 0.03214883804321289, 0.0060007572174072266, 0.22071075439453125, 0.18701696395874023, 0.038694143295288086, 0.006003141403198242, 0.24941754341125488, 0.3095681667327881, 0.2943575382232666, 0.050003767013549805, 0.2614006996154785, 0.16799163818359375, 0.030999422073364258, 0.014979839324951172, 0.3383784294128418, 0.24576759338378906, 0.03097701072692871, 0.013990163803100586, 0.26628565788269043, 0.22932028770446777, 0.034974098205566406, 0.02800583839416504, 0.18330931663513184, 0.3255429267883301, 0.03757071495056152, 0.015998125076293945, 0.2311546802520752, 0.20600509643554688, 0.28364109992980957, 0.04399228096008301], 'spike_count': 0, 'zero_volume_count': np.int64(89889), 'impossible_candle_count': 0, 'consecutive_anomalies': 0, 'avg_response_time': np.float64(0.15862680814281013), 'max_response_time': np.float64(0.4343080520629883), 'min_response_time': np.float64(0.005982875823974609)}
2026-07-24 13:56:04,843 | WARNING  | [ANOMALY] Total anomalies detected: EURUSD-OTC 249
2026-07-24 13:56:04,844 | INFO     | [DataAdapter] M1 anomaly detection completed for EURUSD-OTC in 0.247s
2026-07-24 13:56:04,846 | INFO     | [IQOPTION] REST fetch succeeded for GBPUSD-OTC: 5 candles
2026-07-24 13:56:04,875 | INFO     | [CSVQueue] Enqueuing write for data_base/csv/iq_option\EURUSD-OTC\EURUSD-OTC_M1.csv - Queue size: 0
2026-07-24 13:56:04,876 | INFO     | [DataAdapter] M1 data refresh completed for EURUSD-OTC
2026-07-24 13:56:04,892 | ERROR    | [ANOMALY] CONSECUTIVE zero volume: GBPUSD-OTC streak 248
2026-07-24 13:56:04,892 | INFO     | [DataAdapter] Refreshing M5 data for EURUSD-OTC
2026-07-24 13:56:04,970 | INFO     | [CSVWriter] Successfully wrote 394 rows to data_base/csv/iq_option\EURUSD\EURUSD_M1.csv
2026-07-24 13:56:05,015 | INFO     | [CSVQueue] Successfully processed write for data_base/csv/iq_option\EURUSD\EURUSD_M1.csv
2026-07-24 13:56:05,033 | ERROR    | [ANOMALY] CONSECUTIVE zero volume: EURUSD-OTC streak 248
2026-07-24 13:56:05,047 | INFO     | [CSVQueue] Processing write for data_base/csv/iq_option\EURUSD-OTC\EURUSD-OTC_M1.csv
2026-07-24 13:56:05,126 | INFO     | [CSVWriter] Writing 249 rows to data_base/csv/iq_option\EURUSD-OTC\EURUSD-OTC_M1.csv
2026-07-24 13:56:05,144 | WARNING  | [ANOMALY] Total anomalies detected: GBPUSD-OTC 249
2026-07-24 13:56:05,145 | INFO     | [DataAdapter] M1 anomaly detection completed for GBPUSD-OTC in 0.271s
2026-07-24 13:56:05,147 | INFO     | [IQOPTION] REST fetch succeeded for EURGBP-OTC: 5 candles
2026-07-24 13:56:05,159 | ERROR    | [ANOMALY] CONSECUTIVE zero volume: EURGBP-OTC streak 248
2026-07-24 13:56:05,159 | INFO     | [CSVQueue] Enqueuing write for data_base/csv/iq_option\GBPUSD-OTC\GBPUSD-OTC_M1.csv - Queue size: 0
2026-07-24 13:56:05,163 | WARNING  | [ANOMALY] Total anomalies detected: EURUSD-OTC 249
2026-07-24 13:56:05,164 | INFO     | [DataAdapter] M1 data refresh completed for GBPUSD-OTC
2026-07-24 13:56:05,164 | INFO     | [DataAdapter] M5 anomaly detection completed for EURUSD-OTC
2026-07-24 13:56:05,164 | INFO     | [DataAdapter] Refreshing M5 data for GBPUSD-OTC
2026-07-24 13:56:05,167 | INFO     | [DataAdapter] M5 data refresh completed for EURUSD-OTC
2026-07-24 13:56:05,169 | INFO     | [DataAdapter] Refreshing M15 data for EURUSD-OTC
2026-07-24 13:56:05,172 | ERROR    | [ANOMALY] CONSECUTIVE zero volume: EURUSD-OTC streak 248
2026-07-24 13:56:05,176 | ERROR    | [ANOMALY] CONSECUTIVE zero volume: GBPUSD-OTC streak 248
2026-07-24 13:56:05,184 | WARNING  | [ANOMALY] Total anomalies detected: EURGBP-OTC 249
2026-07-24 13:56:05,184 | INFO     | [DataAdapter] M1 anomaly detection completed for EURGBP-OTC in 0.028s
2026-07-24 13:56:05,191 | INFO     | [CSVWriter] Successfully wrote 393 rows to data_base/csv/iq_option\EURUSD-OTC\EURUSD-OTC_M1.csv
2026-07-24 13:56:05,191 | INFO     | [CSVQueue] Successfully processed write for data_base/csv/iq_option\EURUSD-OTC\EURUSD-OTC_M1.csv
2026-07-24 13:56:05,192 | INFO     | [CSVQueue] Enqueuing write for data_base/csv/iq_option\EURGBP-OTC\EURGBP-OTC_M1.csv - Queue size: 1
2026-07-24 13:56:05,192 | INFO     | [CSVQueue] Processing write for data_base/csv/iq_option\GBPUSD-OTC\GBPUSD-OTC_M1.csv
2026-07-24 13:56:05,196 | WARNING  | [ANOMALY] Total anomalies detected: GBPUSD-OTC 249
2026-07-24 13:56:05,196 | INFO     | [DataAdapter] M1 data refresh completed for EURGBP-OTC
2026-07-24 13:56:05,200 | WARNING  | [ANOMALY] Total anomalies detected: EURUSD-OTC 249
2026-07-24 13:56:05,200 | INFO     | [CSVWriter] Writing 249 rows to data_base/csv/iq_option\GBPUSD-OTC\GBPUSD-OTC_M1.csv
2026-07-24 13:56:05,200 | INFO     | [DataAdapter] M5 anomaly detection completed for GBPUSD-OTC
2026-07-24 13:56:05,200 | INFO     | [DataAdapter] Refreshing M5 data for EURGBP-OTC
2026-07-24 13:56:05,200 | INFO     | [DataAdapter] M15 anomaly detection completed for EURUSD-OTC
2026-07-24 13:56:05,202 | INFO     | [DataAdapter] M5 data refresh completed for GBPUSD-OTC
2026-07-24 13:56:05,206 | ERROR    | [ANOMALY] CONSECUTIVE zero volume: EURGBP-OTC streak 248
2026-07-24 13:56:05,206 | INFO     | [DataAdapter] M15 data refresh completed for EURUSD-OTC
2026-07-24 13:56:05,206 | INFO     | [DataAdapter] Refreshing M15 data for GBPUSD-OTC
2026-07-24 13:56:05,208 | INFO     | [DataAdapter] Anomaly statistics for EURUSD-OTC: {'total_calls': 164, 'response_times': [0.013999700546264648, 0.31719064712524414, 0.2949824333190918, 0.03267955780029297, 0.16599440574645996, 0.4046361446380615, 0.3303542137145996, 0.18708395957946777, 0.012867212295532227, 0.29335784912109375, 0.21855616569519043, 0.04597282409667969, 0.016118288040161133, 0.16651606559753418, 0.17901921272277832, 0.04098248481750488, 0.027006864547729492, 0.2834603786468506, 0.20427322387695312, 0.21520233154296875, 0.006014347076416016, 0.24805641174316406, 0.2825925350189209, 0.026009082794189453, 0.03001713752746582, 0.33109354972839355, 0.26633429527282715, 0.03498196601867676, 0.013983488082885742, 0.16509389877319336, 0.203139066696167, 0.02601027488708496, 0.015662193298339844, 0.285672664642334, 0.16912531852722168, 0.031012296676635742, 0.02100062370300293, 0.19908738136291504, 0.33910560607910156, 0.4241623878479004, 0.031023502349853516, 0.12838149070739746, 0.22991466522216797, 0.025004148483276367, 0.005982875823974609, 0.15928292274475098, 0.18576288223266602, 0.024000883102416992, 0.020021677017211914, 0.2539963722229004, 0.23406672477722168, 0.027977466583251953, 0.032039642333984375, 0.23402166366577148, 0.35982704162597656, 0.031000375747680664, 0.029973506927490234, 0.21654653549194336, 0.4075918197631836, 0.32715654373168945, 0.015000104904174805, 0.21819853782653809, 0.24185967445373535, 0.032021284103393555, 0.014994621276855469, 0.35053372383117676, 0.2678334712982178, 0.037000179290771484, 0.020027637481689453, 0.35924363136291504, 0.2781853675842285, 0.031000137329101562, 0.015509366989135742, 0.21570110321044922, 0.3485097885131836, 0.03399968147277832, 0.015020370483398438, 0.2662651538848877, 0.2810933589935303, 0.3631160259246826, 0.006013154983520508, 0.3089568614959717, 0.2898275852203369, 0.02498316764831543, 0.014000892639160156, 0.2052288055419922, 0.28769516944885254, 0.030613422393798828, 0.03499746322631836, 0.34804296493530273, 0.23193693161010742, 0.04099726676940918, 0.0060138702392578125, 0.17101597785949707, 0.1998612880706787, 0.03898882865905762, 0.013130426406860352, 0.2299973964691162, 0.21095585823059082, 0.3939990997314453, 0.04900622367858887, 0.2888782024383545, 0.24605846405029297, 0.02899456024169922, 0.030014753341674805, 0.17598366737365723, 0.22558331489562988, 0.02981853485107422, 0.02001667022705078, 0.27314281463623047, 0.27499914169311523, 0.034003257751464844, 0.030124425888061523, 0.2938573360443115, 0.4343080520629883, 0.021994352340698242, 0.020197153091430664, 0.26502060890197754, 0.17703819274902344, 0.29517221450805664, 0.03000020980834961, 0.34667491912841797, 0.2830934524536133, 0.028986215591430664, 0.029996633529663086, 0.2961723804473877, 0.39194440841674805, 0.026000022888183594, 0.030128002166748047, 0.1931285858154297, 0.2600219249725342, 0.03214883804321289, 0.0060007572174072266, 0.22071075439453125, 0.18701696395874023, 0.038694143295288086, 0.006003141403198242, 0.24941754341125488, 0.3095681667327881, 0.2943575382232666, 0.050003767013549805, 0.2614006996154785, 0.16799163818359375, 0.030999422073364258, 0.014979839324951172, 0.3383784294128418, 0.24576759338378906, 0.03097701072692871, 0.013990163803100586, 0.26628565788269043, 0.22932028770446777, 0.034974098205566406, 0.02800583839416504, 0.18330931663513184, 0.3255429267883301, 0.03757071495056152, 0.015998125076293945, 0.2311546802520752, 0.20600509643554688, 0.28364109992980957, 0.04399228096008301, 0.24691486358642578, 0.27059030532836914, 0.028000831604003906], 'spike_count': 0, 'zero_volume_count': np.int64(91383), 'impossible_candle_count': 0, 'consecutive_anomalies': 0, 'avg_response_time': np.float64(0.1590513543384831), 'max_response_time': np.float64(0.4343080520629883), 'min_response_time': np.float64(0.005982875823974609)}
2026-07-24 13:56:05,212 | ERROR    | [ANOMALY] CONSECUTIVE zero volume: GBPUSD-OTC streak 248
2026-07-24 13:56:05,225 | WARNING  | [ANOMALY] Total anomalies detected: EURGBP-OTC 249
2026-07-24 13:56:05,225 | INFO     | [DataAdapter] M5 anomaly detection completed for EURGBP-OTC
2026-07-24 13:56:05,226 | INFO     | [DataAdapter] M5 data refresh completed for EURGBP-OTC
2026-07-24 13:56:05,226 | INFO     | [DataAdapter] Refreshing M15 data for EURGBP-OTC
2026-07-24 13:56:05,228 | INFO     | [CSVWriter] Successfully wrote 393 rows to data_base/csv/iq_option\GBPUSD-OTC\GBPUSD-OTC_M1.csv
2026-07-24 13:56:05,230 | ERROR    | [ANOMALY] CONSECUTIVE zero volume: EURGBP-OTC streak 248
2026-07-24 13:56:05,230 | INFO     | [CSVQueue] Successfully processed write for data_base/csv/iq_option\GBPUSD-OTC\GBPUSD-OTC_M1.csv
2026-07-24 13:56:05,233 | WARNING  | [ANOMALY] Total anomalies detected: GBPUSD-OTC 249
2026-07-24 13:56:05,235 | INFO     | [CSVQueue] Processing write for data_base/csv/iq_option\EURGBP-OTC\EURGBP-OTC_M1.csv
2026-07-24 13:56:05,235 | INFO     | [DataAdapter] M15 anomaly detection completed for GBPUSD-OTC
2026-07-24 13:56:05,235 | INFO     | [CSVWriter] Writing 249 rows to data_base/csv/iq_option\EURGBP-OTC\EURGBP-OTC_M1.csv
2026-07-24 13:56:05,235 | INFO     | [DataAdapter] M15 data refresh completed for GBPUSD-OTC
2026-07-24 13:56:05,238 | INFO     | [DataAdapter] Anomaly statistics for GBPUSD-OTC: {'total_calls': 164, 'response_times': [0.013999700546264648, 0.31719064712524414, 0.2949824333190918, 0.03267955780029297, 0.16599440574645996, 0.4046361446380615, 0.3303542137145996, 0.18708395957946777, 0.012867212295532227, 0.29335784912109375, 0.21855616569519043, 0.04597282409667969, 0.016118288040161133, 0.16651606559753418, 0.17901921272277832, 0.04098248481750488, 0.027006864547729492, 0.2834603786468506, 0.20427322387695312, 0.21520233154296875, 0.006014347076416016, 0.24805641174316406, 0.2825925350189209, 0.026009082794189453, 0.03001713752746582, 0.33109354972839355, 0.26633429527282715, 0.03498196601867676, 0.013983488082885742, 0.16509389877319336, 0.203139066696167, 0.02601027488708496, 0.015662193298339844, 0.285672664642334, 0.16912531852722168, 0.031012296676635742, 0.02100062370300293, 0.19908738136291504, 0.33910560607910156, 0.4241623878479004, 0.031023502349853516, 0.12838149070739746, 0.22991466522216797, 0.025004148483276367, 0.005982875823974609, 0.15928292274475098, 0.18576288223266602, 0.024000883102416992, 0.020021677017211914, 0.2539963722229004, 0.23406672477722168, 0.027977466583251953, 0.032039642333984375, 0.23402166366577148, 0.35982704162597656, 0.031000375747680664, 0.029973506927490234, 0.21654653549194336, 0.4075918197631836, 0.32715654373168945, 0.015000104904174805, 0.21819853782653809, 0.24185967445373535, 0.032021284103393555, 0.014994621276855469, 0.35053372383117676, 0.2678334712982178, 0.037000179290771484, 0.020027637481689453, 0.35924363136291504, 0.2781853675842285, 0.031000137329101562, 0.015509366989135742, 0.21570110321044922, 0.3485097885131836, 0.03399968147277832, 0.015020370483398438, 0.2662651538848877, 0.2810933589935303, 0.3631160259246826, 0.006013154983520508, 0.3089568614959717, 0.2898275852203369, 0.02498316764831543, 0.014000892639160156, 0.2052288055419922, 0.28769516944885254, 0.030613422393798828, 0.03499746322631836, 0.34804296493530273, 0.23193693161010742, 0.04099726676940918, 0.0060138702392578125, 0.17101597785949707, 0.1998612880706787, 0.03898882865905762, 0.013130426406860352, 0.2299973964691162, 0.21095585823059082, 0.3939990997314453, 0.04900622367858887, 0.2888782024383545, 0.24605846405029297, 0.02899456024169922, 0.030014753341674805, 0.17598366737365723, 0.22558331489562988, 0.02981853485107422, 0.02001667022705078, 0.27314281463623047, 0.27499914169311523, 0.034003257751464844, 0.030124425888061523, 0.2938573360443115, 0.4343080520629883, 0.021994352340698242, 0.020197153091430664, 0.26502060890197754, 0.17703819274902344, 0.29517221450805664, 0.03000020980834961, 0.34667491912841797, 0.2830934524536133, 0.028986215591430664, 0.029996633529663086, 0.2961723804473877, 0.39194440841674805, 0.026000022888183594, 0.030128002166748047, 0.1931285858154297, 0.2600219249725342, 0.03214883804321289, 0.0060007572174072266, 0.22071075439453125, 0.18701696395874023, 0.038694143295288086, 0.006003141403198242, 0.24941754341125488, 0.3095681667327881, 0.2943575382232666, 0.050003767013549805, 0.2614006996154785, 0.16799163818359375, 0.030999422073364258, 0.014979839324951172, 0.3383784294128418, 0.24576759338378906, 0.03097701072692871, 0.013990163803100586, 0.26628565788269043, 0.22932028770446777, 0.034974098205566406, 0.02800583839416504, 0.18330931663513184, 0.3255429267883301, 0.03757071495056152, 0.015998125076293945, 0.2311546802520752, 0.20600509643554688, 0.28364109992980957, 0.04399228096008301, 0.24691486358642578, 0.27059030532836914, 0.028000831604003906], 'spike_count': 0, 'zero_volume_count': np.int64(91881), 'impossible_candle_count': 0, 'consecutive_anomalies': 0, 'avg_response_time': np.float64(0.1590513543384831), 'max_response_time': np.float64(0.4343080520629883), 'min_response_time': np.float64(0.005982875823974609)}
2026-07-24 13:56:05,244 | WARNING  | [ANOMALY] Total anomalies detected: EURGBP-OTC 249
2026-07-24 13:56:05,244 | INFO     | [DataAdapter] M15 anomaly detection completed for EURGBP-OTC
2026-07-24 13:56:05,244 | INFO     | [DataAdapter] M15 data refresh completed for EURGBP-OTC
2026-07-24 13:56:05,246 | INFO     | [DataAdapter] Anomaly statistics for EURGBP-OTC: {'total_calls': 164, 'response_times': [0.013999700546264648, 0.31719064712524414, 0.2949824333190918, 0.03267955780029297, 0.16599440574645996, 0.4046361446380615, 0.3303542137145996, 0.18708395957946777, 0.012867212295532227, 0.29335784912109375, 0.21855616569519043, 0.04597282409667969, 0.016118288040161133, 0.16651606559753418, 0.17901921272277832, 0.04098248481750488, 0.027006864547729492, 0.2834603786468506, 0.20427322387695312, 0.21520233154296875, 0.006014347076416016, 0.24805641174316406, 0.2825925350189209, 0.026009082794189453, 0.03001713752746582, 0.33109354972839355, 0.26633429527282715, 0.03498196601867676, 0.013983488082885742, 0.16509389877319336, 0.203139066696167, 0.02601027488708496, 0.015662193298339844, 0.285672664642334, 0.16912531852722168, 0.031012296676635742, 0.02100062370300293, 0.19908738136291504, 0.33910560607910156, 0.4241623878479004, 0.031023502349853516, 0.12838149070739746, 0.22991466522216797, 0.025004148483276367, 0.005982875823974609, 0.15928292274475098, 0.18576288223266602, 0.024000883102416992, 0.020021677017211914, 0.2539963722229004, 0.23406672477722168, 0.027977466583251953, 0.032039642333984375, 0.23402166366577148, 0.35982704162597656, 0.031000375747680664, 0.029973506927490234, 0.21654653549194336, 0.4075918197631836, 0.32715654373168945, 0.015000104904174805, 0.21819853782653809, 0.24185967445373535, 0.032021284103393555, 0.014994621276855469, 0.35053372383117676, 0.2678334712982178, 0.037000179290771484, 0.020027637481689453, 0.35924363136291504, 0.2781853675842285, 0.031000137329101562, 0.015509366989135742, 0.21570110321044922, 0.3485097885131836, 0.03399968147277832, 0.015020370483398438, 0.2662651538848877, 0.2810933589935303, 0.3631160259246826, 0.006013154983520508, 0.3089568614959717, 0.2898275852203369, 0.02498316764831543, 0.014000892639160156, 0.2052288055419922, 0.28769516944885254, 0.030613422393798828, 0.03499746322631836, 0.34804296493530273, 0.23193693161010742, 0.04099726676940918, 0.0060138702392578125, 0.17101597785949707, 0.1998612880706787, 0.03898882865905762, 0.013130426406860352, 0.2299973964691162, 0.21095585823059082, 0.3939990997314453, 0.04900622367858887, 0.2888782024383545, 0.24605846405029297, 0.02899456024169922, 0.030014753341674805, 0.17598366737365723, 0.22558331489562988, 0.02981853485107422, 0.02001667022705078, 0.27314281463623047, 0.27499914169311523, 0.034003257751464844, 0.030124425888061523, 0.2938573360443115, 0.4343080520629883, 0.021994352340698242, 0.020197153091430664, 0.26502060890197754, 0.17703819274902344, 0.29517221450805664, 0.03000020980834961, 0.34667491912841797, 0.2830934524536133, 0.028986215591430664, 0.029996633529663086, 0.2961723804473877, 0.39194440841674805, 0.026000022888183594, 0.030128002166748047, 0.1931285858154297, 0.2600219249725342, 0.03214883804321289, 0.0060007572174072266, 0.22071075439453125, 0.18701696395874023, 0.038694143295288086, 0.006003141403198242, 0.24941754341125488, 0.3095681667327881, 0.2943575382232666, 0.050003767013549805, 0.2614006996154785, 0.16799163818359375, 0.030999422073364258, 0.014979839324951172, 0.3383784294128418, 0.24576759338378906, 0.03097701072692871, 0.013990163803100586, 0.26628565788269043, 0.22932028770446777, 0.034974098205566406, 0.02800583839416504, 0.18330931663513184, 0.3255429267883301, 0.03757071495056152, 0.015998125076293945, 0.2311546802520752, 0.20600509643554688, 0.28364109992980957, 0.04399228096008301, 0.24691486358642578, 0.27059030532836914, 0.028000831604003906], 'spike_count': 0, 'zero_volume_count': np.int64(91881), 'impossible_candle_count': 0, 'consecutive_anomalies': 0, 'avg_response_time': np.float64(0.1590513543384831), 'max_response_time': np.float64(0.4343080520629883), 'min_response_time': np.float64(0.005982875823974609)}
2026-07-24 13:56:05,251 | INFO     | [CSVWriter] Successfully wrote 393 rows to data_base/csv/iq_option\EURGBP-OTC\EURGBP-OTC_M1.csv
2026-07-24 13:56:05,252 | INFO     | [CSVQueue] Successfully processed write for data_base/csv/iq_option\EURGBP-OTC\EURGBP-OTC_M1.csv
2026-07-24 13:56:05,252 | INFO     | [CSVQueue] Queue size: 0
2026-07-24 13:56:05,495 | INFO     | [EURUSD:1.13851][EURUSD-OTC:1.15474][GBPUSD-OTC:1.33153][EURGBP-OTC:0.85645] :: TOTAL=$1271.51
2026-07-24 13:57:03,853 | INFO     | [DataAdapter] Starting update for EURUSD
2026-07-24 13:57:03,853 | INFO     | [DataAdapter] Refreshing M1 data for EURUSD
2026-07-24 13:57:03,853 | INFO     | [DataAdapter] Starting update for EURUSD-OTC
2026-07-24 13:57:03,853 | INFO     | [DataAdapter] Starting update for GBPUSD-OTC
2026-07-24 13:57:03,853 | INFO     | [DataAdapter] Refreshing M1 data for EURUSD-OTC
2026-07-24 13:57:03,854 | INFO     | [DataAdapter] Starting update for EURGBP-OTC
2026-07-24 13:57:03,854 | INFO     | [DataAdapter] Refreshing M1 data for GBPUSD-OTC
2026-07-24 13:57:03,854 | INFO     | [DataAdapter] Refreshing M1 data for EURGBP-OTC
2026-07-24 13:57:04,121 | INFO     | [IQOPTION] REST fetch succeeded for EURUSD: 5 candles
2026-07-24 13:57:04,149 | INFO     | [DataAdapter] M1 anomaly detection completed for EURUSD in 0.006s
2026-07-24 13:57:04,248 | INFO     | [CSVQueue] Enqueuing write for data_base/csv/iq_option\EURUSD\EURUSD_M1.csv - Queue size: 0
2026-07-24 13:57:04,263 | INFO     | [DataAdapter] M1 data refresh completed for EURUSD
2026-07-24 13:57:04,263 | INFO     | [DataAdapter] Refreshing M5 data for EURUSD
2026-07-24 13:57:04,269 | INFO     | [DataAdapter] M5 anomaly detection completed for EURUSD
2026-07-24 13:57:04,269 | INFO     | [DataAdapter] M5 data refresh completed for EURUSD
2026-07-24 13:57:04,269 | INFO     | [DataAdapter] Refreshing M15 data for EURUSD
2026-07-24 13:57:04,275 | INFO     | [DataAdapter] M15 anomaly detection completed for EURUSD
2026-07-24 13:57:04,295 | INFO     | [CSVQueue] Processing write for data_base/csv/iq_option\EURUSD\EURUSD_M1.csv
2026-07-24 13:57:04,295 | INFO     | [DataAdapter] M15 data refresh completed for EURUSD
2026-07-24 13:57:04,342 | INFO     | [CSVWriter] Writing 249 rows to data_base/csv/iq_option\EURUSD\EURUSD_M1.csv
2026-07-24 13:57:04,374 | INFO     | [DataAdapter] Anomaly statistics for EURUSD: {'total_calls': 165, 'response_times': [0.013999700546264648, 0.31719064712524414, 0.2949824333190918, 0.03267955780029297, 0.16599440574645996, 0.4046361446380615, 0.3303542137145996, 0.18708395957946777, 0.012867212295532227, 0.29335784912109375, 0.21855616569519043, 0.04597282409667969, 0.016118288040161133, 0.16651606559753418, 0.17901921272277832, 0.04098248481750488, 0.027006864547729492, 0.2834603786468506, 0.20427322387695312, 0.21520233154296875, 0.006014347076416016, 0.24805641174316406, 0.2825925350189209, 0.026009082794189453, 0.03001713752746582, 0.33109354972839355, 0.26633429527282715, 0.03498196601867676, 0.013983488082885742, 0.16509389877319336, 0.203139066696167, 0.02601027488708496, 0.015662193298339844, 0.285672664642334, 0.16912531852722168, 0.031012296676635742, 0.02100062370300293, 0.19908738136291504, 0.33910560607910156, 0.4241623878479004, 0.031023502349853516, 0.12838149070739746, 0.22991466522216797, 0.025004148483276367, 0.005982875823974609, 0.15928292274475098, 0.18576288223266602, 0.024000883102416992, 0.020021677017211914, 0.2539963722229004, 0.23406672477722168, 0.027977466583251953, 0.032039642333984375, 0.23402166366577148, 0.35982704162597656, 0.031000375747680664, 0.029973506927490234, 0.21654653549194336, 0.4075918197631836, 0.32715654373168945, 0.015000104904174805, 0.21819853782653809, 0.24185967445373535, 0.032021284103393555, 0.014994621276855469, 0.35053372383117676, 0.2678334712982178, 0.037000179290771484, 0.020027637481689453, 0.35924363136291504, 0.2781853675842285, 0.031000137329101562, 0.015509366989135742, 0.21570110321044922, 0.3485097885131836, 0.03399968147277832, 0.015020370483398438, 0.2662651538848877, 0.2810933589935303, 0.3631160259246826, 0.006013154983520508, 0.3089568614959717, 0.2898275852203369, 0.02498316764831543, 0.014000892639160156, 0.2052288055419922, 0.28769516944885254, 0.030613422393798828, 0.03499746322631836, 0.34804296493530273, 0.23193693161010742, 0.04099726676940918, 0.0060138702392578125, 0.17101597785949707, 0.1998612880706787, 0.03898882865905762, 0.013130426406860352, 0.2299973964691162, 0.21095585823059082, 0.3939990997314453, 0.04900622367858887, 0.2888782024383545, 0.24605846405029297, 0.02899456024169922, 0.030014753341674805, 0.17598366737365723, 0.22558331489562988, 0.02981853485107422, 0.02001667022705078, 0.27314281463623047, 0.27499914169311523, 0.034003257751464844, 0.030124425888061523, 0.2938573360443115, 0.4343080520629883, 0.021994352340698242, 0.020197153091430664, 0.26502060890197754, 0.17703819274902344, 0.29517221450805664, 0.03000020980834961, 0.34667491912841797, 0.2830934524536133, 0.028986215591430664, 0.029996633529663086, 0.2961723804473877, 0.39194440841674805, 0.026000022888183594, 0.030128002166748047, 0.1931285858154297, 0.2600219249725342, 0.03214883804321289, 0.0060007572174072266, 0.22071075439453125, 0.18701696395874023, 0.038694143295288086, 0.006003141403198242, 0.24941754341125488, 0.3095681667327881, 0.2943575382232666, 0.050003767013549805, 0.2614006996154785, 0.16799163818359375, 0.030999422073364258, 0.014979839324951172, 0.3383784294128418, 0.24576759338378906, 0.03097701072692871, 0.013990163803100586, 0.26628565788269043, 0.22932028770446777, 0.034974098205566406, 0.02800583839416504, 0.18330931663513184, 0.3255429267883301, 0.03757071495056152, 0.015998125076293945, 0.2311546802520752, 0.20600509643554688, 0.28364109992980957, 0.04399228096008301, 0.24691486358642578, 0.27059030532836914, 0.028000831604003906, 0.006009340286254883], 'spike_count': 0, 'zero_volume_count': np.int64(91881), 'impossible_candle_count': 0, 'consecutive_anomalies': 0, 'avg_response_time': np.float64(0.15812382698059083), 'max_response_time': np.float64(0.4343080520629883), 'min_response_time': np.float64(0.005982875823974609)}
2026-07-24 13:57:04,377 | INFO     | [IQOPTION] REST fetch succeeded for EURUSD-OTC: 5 candles
2026-07-24 13:57:04,395 | ERROR    | [ANOMALY] CONSECUTIVE zero volume: EURUSD-OTC streak 248
2026-07-24 13:57:04,695 | WARNING  | [ANOMALY] Total anomalies detected: EURUSD-OTC 249
2026-07-24 13:57:04,695 | INFO     | [DataAdapter] M1 anomaly detection completed for EURUSD-OTC in 0.303s
2026-07-24 13:57:04,695 | INFO     | [IQOPTION] REST fetch succeeded for GBPUSD-OTC: 5 candles
2026-07-24 13:57:04,698 | INFO     | [CSVWriter] Successfully wrote 395 rows to data_base/csv/iq_option\EURUSD\EURUSD_M1.csv
2026-07-24 13:57:04,706 | INFO     | [CSVQueue] Successfully processed write for data_base/csv/iq_option\EURUSD\EURUSD_M1.csv
2026-07-24 13:57:04,706 | INFO     | [CSVQueue] Queue size: 0
2026-07-24 13:57:04,722 | INFO     | [CSVQueue] Enqueuing write for data_base/csv/iq_option\EURUSD-OTC\EURUSD-OTC_M1.csv - Queue size: 0
2026-07-24 13:57:04,725 | ERROR    | [ANOMALY] CONSECUTIVE zero volume: GBPUSD-OTC streak 248
2026-07-24 13:57:04,801 | INFO     | [DataAdapter] M1 data refresh completed for EURUSD-OTC
2026-07-24 13:57:04,817 | INFO     | [CSVQueue] Processing write for data_base/csv/iq_option\EURUSD-OTC\EURUSD-OTC_M1.csv
2026-07-24 13:57:04,897 | INFO     | [DataAdapter] Refreshing M5 data for EURUSD-OTC
2026-07-24 13:57:04,897 | INFO     | [CSVWriter] Writing 249 rows to data_base/csv/iq_option\EURUSD-OTC\EURUSD-OTC_M1.csv
2026-07-24 13:57:04,948 | ERROR    | [ANOMALY] CONSECUTIVE zero volume: EURUSD-OTC streak 248
2026-07-24 13:57:04,992 | INFO     | [IQOPTION] REST fetch succeeded for EURGBP-OTC: 5 candles
2026-07-24 13:57:05,007 | ERROR    | [ANOMALY] CONSECUTIVE zero volume: EURGBP-OTC streak 248
2026-07-24 13:57:05,011 | WARNING  | [ANOMALY] Total anomalies detected: GBPUSD-OTC 249
2026-07-24 13:57:05,016 | WARNING  | [ANOMALY] Total anomalies detected: EURUSD-OTC 249
2026-07-24 13:57:05,016 | INFO     | [DataAdapter] M1 anomaly detection completed for GBPUSD-OTC in 0.311s
2026-07-24 13:57:05,017 | INFO     | [DataAdapter] M5 anomaly detection completed for EURUSD-OTC
2026-07-24 13:57:05,019 | INFO     | [DataAdapter] M5 data refresh completed for EURUSD-OTC
2026-07-24 13:57:05,019 | INFO     | [DataAdapter] Refreshing M15 data for EURUSD-OTC
2026-07-24 13:57:05,022 | ERROR    | [ANOMALY] CONSECUTIVE zero volume: EURUSD-OTC streak 248
2026-07-24 13:57:05,024 | INFO     | [CSVQueue] Enqueuing write for data_base/csv/iq_option\GBPUSD-OTC\GBPUSD-OTC_M1.csv - Queue size: 0
2026-07-24 13:57:05,025 | INFO     | [DataAdapter] M1 data refresh completed for GBPUSD-OTC
2026-07-24 13:57:05,025 | INFO     | [DataAdapter] Refreshing M5 data for GBPUSD-OTC
2026-07-24 13:57:05,030 | ERROR    | [ANOMALY] CONSECUTIVE zero volume: GBPUSD-OTC streak 248
2026-07-24 13:57:05,040 | WARNING  | [ANOMALY] Total anomalies detected: EURGBP-OTC 249
2026-07-24 13:57:05,040 | INFO     | [DataAdapter] M1 anomaly detection completed for EURGBP-OTC in 0.037s
2026-07-24 13:57:05,051 | WARNING  | [ANOMALY] Total anomalies detected: EURUSD-OTC 249
2026-07-24 13:57:05,051 | INFO     | [DataAdapter] M15 anomaly detection completed for EURUSD-OTC
2026-07-24 13:57:05,051 | INFO     | [DataAdapter] M15 data refresh completed for EURUSD-OTC
2026-07-24 13:57:05,051 | INFO     | [DataAdapter] Anomaly statistics for EURUSD-OTC: {'total_calls': 168, 'response_times': [0.013999700546264648, 0.31719064712524414, 0.2949824333190918, 0.03267955780029297, 0.16599440574645996, 0.4046361446380615, 0.3303542137145996, 0.18708395957946777, 0.012867212295532227, 0.29335784912109375, 0.21855616569519043, 0.04597282409667969, 0.016118288040161133, 0.16651606559753418, 0.17901921272277832, 0.04098248481750488, 0.027006864547729492, 0.2834603786468506, 0.20427322387695312, 0.21520233154296875, 0.006014347076416016, 0.24805641174316406, 0.2825925350189209, 0.026009082794189453, 0.03001713752746582, 0.33109354972839355, 0.26633429527282715, 0.03498196601867676, 0.013983488082885742, 0.16509389877319336, 0.203139066696167, 0.02601027488708496, 0.015662193298339844, 0.285672664642334, 0.16912531852722168, 0.031012296676635742, 0.02100062370300293, 0.19908738136291504, 0.33910560607910156, 0.4241623878479004, 0.031023502349853516, 0.12838149070739746, 0.22991466522216797, 0.025004148483276367, 0.005982875823974609, 0.15928292274475098, 0.18576288223266602, 0.024000883102416992, 0.020021677017211914, 0.2539963722229004, 0.23406672477722168, 0.027977466583251953, 0.032039642333984375, 0.23402166366577148, 0.35982704162597656, 0.031000375747680664, 0.029973506927490234, 0.21654653549194336, 0.4075918197631836, 0.32715654373168945, 0.015000104904174805, 0.21819853782653809, 0.24185967445373535, 0.032021284103393555, 0.014994621276855469, 0.35053372383117676, 0.2678334712982178, 0.037000179290771484, 0.020027637481689453, 0.35924363136291504, 0.2781853675842285, 0.031000137329101562, 0.015509366989135742, 0.21570110321044922, 0.3485097885131836, 0.03399968147277832, 0.015020370483398438, 0.2662651538848877, 0.2810933589935303, 0.3631160259246826, 0.006013154983520508, 0.3089568614959717, 0.2898275852203369, 0.02498316764831543, 0.014000892639160156, 0.2052288055419922, 0.28769516944885254, 0.030613422393798828, 0.03499746322631836, 0.34804296493530273, 0.23193693161010742, 0.04099726676940918, 0.0060138702392578125, 0.17101597785949707, 0.1998612880706787, 0.03898882865905762, 0.013130426406860352, 0.2299973964691162, 0.21095585823059082, 0.3939990997314453, 0.04900622367858887, 0.2888782024383545, 0.24605846405029297, 0.02899456024169922, 0.030014753341674805, 0.17598366737365723, 0.22558331489562988, 0.02981853485107422, 0.02001667022705078, 0.27314281463623047, 0.27499914169311523, 0.034003257751464844, 0.030124425888061523, 0.2938573360443115, 0.4343080520629883, 0.021994352340698242, 0.020197153091430664, 0.26502060890197754, 0.17703819274902344, 0.29517221450805664, 0.03000020980834961, 0.34667491912841797, 0.2830934524536133, 0.028986215591430664, 0.029996633529663086, 0.2961723804473877, 0.39194440841674805, 0.026000022888183594, 0.030128002166748047, 0.1931285858154297, 0.2600219249725342, 0.03214883804321289, 0.0060007572174072266, 0.22071075439453125, 0.18701696395874023, 0.038694143295288086, 0.006003141403198242, 0.24941754341125488, 0.3095681667327881, 0.2943575382232666, 0.050003767013549805, 0.2614006996154785, 0.16799163818359375, 0.030999422073364258, 0.014979839324951172, 0.3383784294128418, 0.24576759338378906, 0.03097701072692871, 0.013990163803100586, 0.26628565788269043, 0.22932028770446777, 0.034974098205566406, 0.02800583839416504, 0.18330931663513184, 0.3255429267883301, 0.03757071495056152, 0.015998125076293945, 0.2311546802520752, 0.20600509643554688, 0.28364109992980957, 0.04399228096008301, 0.24691486358642578, 0.27059030532836914, 0.028000831604003906, 0.006009340286254883, 0.3032398223876953, 0.3106367588043213, 0.03699660301208496], 'spike_count': 0, 'zero_volume_count': np.int64(93375), 'impossible_candle_count': 0, 'consecutive_anomalies': 0, 'avg_response_time': np.float64(0.1591744323571523), 'max_response_time': np.float64(0.4343080520629883), 'min_response_time': np.float64(0.005982875823974609)}
2026-07-24 13:57:05,055 | WARNING  | [ANOMALY] Total anomalies detected: GBPUSD-OTC 249
2026-07-24 13:57:05,055 | INFO     | [DataAdapter] M5 anomaly detection completed for GBPUSD-OTC
2026-07-24 13:57:05,055 | INFO     | [DataAdapter] M5 data refresh completed for GBPUSD-OTC
2026-07-24 13:57:05,055 | INFO     | [DataAdapter] Refreshing M15 data for GBPUSD-OTC
2026-07-24 13:57:05,059 | ERROR    | [ANOMALY] CONSECUTIVE zero volume: GBPUSD-OTC streak 248
2026-07-24 13:57:05,060 | INFO     | [CSVQueue] Enqueuing write for data_base/csv/iq_option\EURGBP-OTC\EURGBP-OTC_M1.csv - Queue size: 1
2026-07-24 13:57:05,060 | INFO     | [CSVWriter] Successfully wrote 394 rows to data_base/csv/iq_option\EURUSD-OTC\EURUSD-OTC_M1.csv
2026-07-24 13:57:05,061 | INFO     | [DataAdapter] M1 data refresh completed for EURGBP-OTC
2026-07-24 13:57:05,061 | INFO     | [CSVQueue] Successfully processed write for data_base/csv/iq_option\EURUSD-OTC\EURUSD-OTC_M1.csv
2026-07-24 13:57:05,061 | INFO     | [DataAdapter] Refreshing M5 data for EURGBP-OTC
2026-07-24 13:57:05,062 | INFO     | [CSVQueue] Processing write for data_base/csv/iq_option\GBPUSD-OTC\GBPUSD-OTC_M1.csv
2026-07-24 13:57:05,065 | ERROR    | [ANOMALY] CONSECUTIVE zero volume: EURGBP-OTC streak 248
2026-07-24 13:57:05,065 | INFO     | [CSVWriter] Writing 249 rows to data_base/csv/iq_option\GBPUSD-OTC\GBPUSD-OTC_M1.csv
2026-07-24 13:57:05,077 | WARNING  | [ANOMALY] Total anomalies detected: GBPUSD-OTC 249
2026-07-24 13:57:05,077 | INFO     | [DataAdapter] M15 anomaly detection completed for GBPUSD-OTC
2026-07-24 13:57:05,082 | WARNING  | [ANOMALY] Total anomalies detected: EURGBP-OTC 249
2026-07-24 13:57:05,082 | INFO     | [DataAdapter] M15 data refresh completed for GBPUSD-OTC
2026-07-24 13:57:05,084 | INFO     | [DataAdapter] M5 anomaly detection completed for EURGBP-OTC
2026-07-24 13:57:05,085 | INFO     | [DataAdapter] Anomaly statistics for GBPUSD-OTC: {'total_calls': 168, 'response_times': [0.013999700546264648, 0.31719064712524414, 0.2949824333190918, 0.03267955780029297, 0.16599440574645996, 0.4046361446380615, 0.3303542137145996, 0.18708395957946777, 0.012867212295532227, 0.29335784912109375, 0.21855616569519043, 0.04597282409667969, 0.016118288040161133, 0.16651606559753418, 0.17901921272277832, 0.04098248481750488, 0.027006864547729492, 0.2834603786468506, 0.20427322387695312, 0.21520233154296875, 0.006014347076416016, 0.24805641174316406, 0.2825925350189209, 0.026009082794189453, 0.03001713752746582, 0.33109354972839355, 0.26633429527282715, 0.03498196601867676, 0.013983488082885742, 0.16509389877319336, 0.203139066696167, 0.02601027488708496, 0.015662193298339844, 0.285672664642334, 0.16912531852722168, 0.031012296676635742, 0.02100062370300293, 0.19908738136291504, 0.33910560607910156, 0.4241623878479004, 0.031023502349853516, 0.12838149070739746, 0.22991466522216797, 0.025004148483276367, 0.005982875823974609, 0.15928292274475098, 0.18576288223266602, 0.024000883102416992, 0.020021677017211914, 0.2539963722229004, 0.23406672477722168, 0.027977466583251953, 0.032039642333984375, 0.23402166366577148, 0.35982704162597656, 0.031000375747680664, 0.029973506927490234, 0.21654653549194336, 0.4075918197631836, 0.32715654373168945, 0.015000104904174805, 0.21819853782653809, 0.24185967445373535, 0.032021284103393555, 0.014994621276855469, 0.35053372383117676, 0.2678334712982178, 0.037000179290771484, 0.020027637481689453, 0.35924363136291504, 0.2781853675842285, 0.031000137329101562, 0.015509366989135742, 0.21570110321044922, 0.3485097885131836, 0.03399968147277832, 0.015020370483398438, 0.2662651538848877, 0.2810933589935303, 0.3631160259246826, 0.006013154983520508, 0.3089568614959717, 0.2898275852203369, 0.02498316764831543, 0.014000892639160156, 0.2052288055419922, 0.28769516944885254, 0.030613422393798828, 0.03499746322631836, 0.34804296493530273, 0.23193693161010742, 0.04099726676940918, 0.0060138702392578125, 0.17101597785949707, 0.1998612880706787, 0.03898882865905762, 0.013130426406860352, 0.2299973964691162, 0.21095585823059082, 0.3939990997314453, 0.04900622367858887, 0.2888782024383545, 0.24605846405029297, 0.02899456024169922, 0.030014753341674805, 0.17598366737365723, 0.22558331489562988, 0.02981853485107422, 0.02001667022705078, 0.27314281463623047, 0.27499914169311523, 0.034003257751464844, 0.030124425888061523, 0.2938573360443115, 0.4343080520629883, 0.021994352340698242, 0.020197153091430664, 0.26502060890197754, 0.17703819274902344, 0.29517221450805664, 0.03000020980834961, 0.34667491912841797, 0.2830934524536133, 0.028986215591430664, 0.029996633529663086, 0.2961723804473877, 0.39194440841674805, 0.026000022888183594, 0.030128002166748047, 0.1931285858154297, 0.2600219249725342, 0.03214883804321289, 0.0060007572174072266, 0.22071075439453125, 0.18701696395874023, 0.038694143295288086, 0.006003141403198242, 0.24941754341125488, 0.3095681667327881, 0.2943575382232666, 0.050003767013549805, 0.2614006996154785, 0.16799163818359375, 0.030999422073364258, 0.014979839324951172, 0.3383784294128418, 0.24576759338378906, 0.03097701072692871, 0.013990163803100586, 0.26628565788269043, 0.22932028770446777, 0.034974098205566406, 0.02800583839416504, 0.18330931663513184, 0.3255429267883301, 0.03757071495056152, 0.015998125076293945, 0.2311546802520752, 0.20600509643554688, 0.28364109992980957, 0.04399228096008301, 0.24691486358642578, 0.27059030532836914, 0.028000831604003906, 0.006009340286254883, 0.3032398223876953, 0.3106367588043213, 0.03699660301208496], 'spike_count': 0, 'zero_volume_count': np.int64(93873), 'impossible_candle_count': 0, 'consecutive_anomalies': 0, 'avg_response_time': np.float64(0.1591744323571523), 'max_response_time': np.float64(0.4343080520629883), 'min_response_time': np.float64(0.005982875823974609)}
2026-07-24 13:57:05,085 | INFO     | [DataAdapter] M5 data refresh completed for EURGBP-OTC
2026-07-24 13:57:05,085 | INFO     | [DataAdapter] Refreshing M15 data for EURGBP-OTC
2026-07-24 13:57:05,091 | ERROR    | [ANOMALY] CONSECUTIVE zero volume: EURGBP-OTC streak 248
2026-07-24 13:57:05,095 | INFO     | [CSVWriter] Successfully wrote 394 rows to data_base/csv/iq_option\GBPUSD-OTC\GBPUSD-OTC_M1.csv
2026-07-24 13:57:05,095 | INFO     | [CSVQueue] Successfully processed write for data_base/csv/iq_option\GBPUSD-OTC\GBPUSD-OTC_M1.csv
2026-07-24 13:57:05,095 | INFO     | [CSVQueue] Processing write for data_base/csv/iq_option\EURGBP-OTC\EURGBP-OTC_M1.csv
2026-07-24 13:57:05,096 | INFO     | [CSVWriter] Writing 249 rows to data_base/csv/iq_option\EURGBP-OTC\EURGBP-OTC_M1.csv
2026-07-24 13:57:05,102 | WARNING  | [ANOMALY] Total anomalies detected: EURGBP-OTC 249
2026-07-24 13:57:05,102 | INFO     | [DataAdapter] M15 anomaly detection completed for EURGBP-OTC
2026-07-24 13:57:05,102 | INFO     | [DataAdapter] M15 data refresh completed for EURGBP-OTC
2026-07-24 13:57:05,102 | INFO     | [DataAdapter] Anomaly statistics for EURGBP-OTC: {'total_calls': 168, 'response_times': [0.013999700546264648, 0.31719064712524414, 0.2949824333190918, 0.03267955780029297, 0.16599440574645996, 0.4046361446380615, 0.3303542137145996, 0.18708395957946777, 0.012867212295532227, 0.29335784912109375, 0.21855616569519043, 0.04597282409667969, 0.016118288040161133, 0.16651606559753418, 0.17901921272277832, 0.04098248481750488, 0.027006864547729492, 0.2834603786468506, 0.20427322387695312, 0.21520233154296875, 0.006014347076416016, 0.24805641174316406, 0.2825925350189209, 0.026009082794189453, 0.03001713752746582, 0.33109354972839355, 0.26633429527282715, 0.03498196601867676, 0.013983488082885742, 0.16509389877319336, 0.203139066696167, 0.02601027488708496, 0.015662193298339844, 0.285672664642334, 0.16912531852722168, 0.031012296676635742, 0.02100062370300293, 0.19908738136291504, 0.33910560607910156, 0.4241623878479004, 0.031023502349853516, 0.12838149070739746, 0.22991466522216797, 0.025004148483276367, 0.005982875823974609, 0.15928292274475098, 0.18576288223266602, 0.024000883102416992, 0.020021677017211914, 0.2539963722229004, 0.23406672477722168, 0.027977466583251953, 0.032039642333984375, 0.23402166366577148, 0.35982704162597656, 0.031000375747680664, 0.029973506927490234, 0.21654653549194336, 0.4075918197631836, 0.32715654373168945, 0.015000104904174805, 0.21819853782653809, 0.24185967445373535, 0.032021284103393555, 0.014994621276855469, 0.35053372383117676, 0.2678334712982178, 0.037000179290771484, 0.020027637481689453, 0.35924363136291504, 0.2781853675842285, 0.031000137329101562, 0.015509366989135742, 0.21570110321044922, 0.3485097885131836, 0.03399968147277832, 0.015020370483398438, 0.2662651538848877, 0.2810933589935303, 0.3631160259246826, 0.006013154983520508, 0.3089568614959717, 0.2898275852203369, 0.02498316764831543, 0.014000892639160156, 0.2052288055419922, 0.28769516944885254, 0.030613422393798828, 0.03499746322631836, 0.34804296493530273, 0.23193693161010742, 0.04099726676940918, 0.0060138702392578125, 0.17101597785949707, 0.1998612880706787, 0.03898882865905762, 0.013130426406860352, 0.2299973964691162, 0.21095585823059082, 0.3939990997314453, 0.04900622367858887, 0.2888782024383545, 0.24605846405029297, 0.02899456024169922, 0.030014753341674805, 0.17598366737365723, 0.22558331489562988, 0.02981853485107422, 0.02001667022705078, 0.27314281463623047, 0.27499914169311523, 0.034003257751464844, 0.030124425888061523, 0.2938573360443115, 0.4343080520629883, 0.021994352340698242, 0.020197153091430664, 0.26502060890197754, 0.17703819274902344, 0.29517221450805664, 0.03000020980834961, 0.34667491912841797, 0.2830934524536133, 0.028986215591430664, 0.029996633529663086, 0.2961723804473877, 0.39194440841674805, 0.026000022888183594, 0.030128002166748047, 0.1931285858154297, 0.2600219249725342, 0.03214883804321289, 0.0060007572174072266, 0.22071075439453125, 0.18701696395874023, 0.038694143295288086, 0.006003141403198242, 0.24941754341125488, 0.3095681667327881, 0.2943575382232666, 0.050003767013549805, 0.2614006996154785, 0.16799163818359375, 0.030999422073364258, 0.014979839324951172, 0.3383784294128418, 0.24576759338378906, 0.03097701072692871, 0.013990163803100586, 0.26628565788269043, 0.22932028770446777, 0.034974098205566406, 0.02800583839416504, 0.18330931663513184, 0.3255429267883301, 0.03757071495056152, 0.015998125076293945, 0.2311546802520752, 0.20600509643554688, 0.28364109992980957, 0.04399228096008301, 0.24691486358642578, 0.27059030532836914, 0.028000831604003906, 0.006009340286254883, 0.3032398223876953, 0.3106367588043213, 0.03699660301208496], 'spike_count': 0, 'zero_volume_count': np.int64(94122), 'impossible_candle_count': 0, 'consecutive_anomalies': 0, 'avg_response_time': np.float64(0.1591744323571523), 'max_response_time': np.float64(0.4343080520629883), 'min_response_time': np.float64(0.005982875823974609)}
2026-07-24 13:57:05,110 | INFO     | [CSVWriter] Successfully wrote 394 rows to data_base/csv/iq_option\EURGBP-OTC\EURGBP-OTC_M1.csv
2026-07-24 13:57:05,112 | INFO     | [CSVQueue] Successfully processed write for data_base/csv/iq_option\EURGBP-OTC\EURGBP-OTC_M1.csv
2026-07-24 13:57:05,112 | INFO     | [CSVQueue] Queue size: 0
2026-07-24 13:57:05,322 | INFO     | [EURUSD:1.13854][EURUSD-OTC:1.15498][GBPUSD-OTC:1.33082][EURGBP-OTC:0.85652] :: TOTAL=$1271.51
2026-07-24 13:58:03,612 | INFO     | [DataAdapter] Starting update for EURUSD
2026-07-24 13:58:03,613 | INFO     | [DataAdapter] Refreshing M1 data for EURUSD
2026-07-24 13:58:03,613 | INFO     | [DataAdapter] Starting update for EURUSD-OTC
2026-07-24 13:58:03,613 | INFO     | [DataAdapter] Refreshing M1 data for EURUSD-OTC
2026-07-24 13:58:03,613 | INFO     | [DataAdapter] Starting update for GBPUSD-OTC
2026-07-24 13:58:03,613 | INFO     | [DataAdapter] Refreshing M1 data for GBPUSD-OTC
2026-07-24 13:58:03,614 | INFO     | [DataAdapter] Starting update for EURGBP-OTC
2026-07-24 13:58:03,614 | INFO     | [DataAdapter] Refreshing M1 data for EURGBP-OTC
2026-07-24 13:58:03,881 | INFO     | [IQOPTION] REST fetch succeeded for EURUSD: 5 candles
2026-07-24 13:58:03,932 | INFO     | [DataAdapter] M1 anomaly detection completed for EURUSD in 0.019s
2026-07-24 13:58:04,039 | INFO     | [CSVQueue] Enqueuing write for data_base/csv/iq_option\EURUSD\EURUSD_M1.csv - Queue size: 0
2026-07-24 13:58:04,039 | INFO     | [DataAdapter] M1 data refresh completed for EURUSD
2026-07-24 13:58:04,039 | INFO     | [DataAdapter] Refreshing M5 data for EURUSD
2026-07-24 13:58:04,055 | INFO     | [CSVQueue] Processing write for data_base/csv/iq_option\EURUSD\EURUSD_M1.csv
2026-07-24 13:58:04,058 | INFO     | [DataAdapter] M5 anomaly detection completed for EURUSD
2026-07-24 13:58:04,086 | INFO     | [CSVWriter] Writing 249 rows to data_base/csv/iq_option\EURUSD\EURUSD_M1.csv
2026-07-24 13:58:04,102 | INFO     | [DataAdapter] M5 data refresh completed for EURUSD
2026-07-24 13:58:04,134 | INFO     | [IQOPTION] REST fetch succeeded for EURUSD-OTC: 5 candles
2026-07-24 13:58:04,165 | INFO     | [DataAdapter] Refreshing M15 data for EURUSD
2026-07-24 13:58:04,262 | ERROR    | [ANOMALY] CONSECUTIVE zero volume: EURUSD-OTC streak 248
2026-07-24 13:58:04,295 | INFO     | [DataAdapter] M15 anomaly detection completed for EURUSD
2026-07-24 13:58:04,375 | INFO     | [DataAdapter] M15 data refresh completed for EURUSD
2026-07-24 13:58:04,375 | INFO     | [IQOPTION] REST fetch succeeded for GBPUSD-OTC: 5 candles
2026-07-24 13:58:04,389 | INFO     | [DataAdapter] Anomaly statistics for EURUSD: {'total_calls': 169, 'response_times': [0.013999700546264648, 0.31719064712524414, 0.2949824333190918, 0.03267955780029297, 0.16599440574645996, 0.4046361446380615, 0.3303542137145996, 0.18708395957946777, 0.012867212295532227, 0.29335784912109375, 0.21855616569519043, 0.04597282409667969, 0.016118288040161133, 0.16651606559753418, 0.17901921272277832, 0.04098248481750488, 0.027006864547729492, 0.2834603786468506, 0.20427322387695312, 0.21520233154296875, 0.006014347076416016, 0.24805641174316406, 0.2825925350189209, 0.026009082794189453, 0.03001713752746582, 0.33109354972839355, 0.26633429527282715, 0.03498196601867676, 0.013983488082885742, 0.16509389877319336, 0.203139066696167, 0.02601027488708496, 0.015662193298339844, 0.285672664642334, 0.16912531852722168, 0.031012296676635742, 0.02100062370300293, 0.19908738136291504, 0.33910560607910156, 0.4241623878479004, 0.031023502349853516, 0.12838149070739746, 0.22991466522216797, 0.025004148483276367, 0.005982875823974609, 0.15928292274475098, 0.18576288223266602, 0.024000883102416992, 0.020021677017211914, 0.2539963722229004, 0.23406672477722168, 0.027977466583251953, 0.032039642333984375, 0.23402166366577148, 0.35982704162597656, 0.031000375747680664, 0.029973506927490234, 0.21654653549194336, 0.4075918197631836, 0.32715654373168945, 0.015000104904174805, 0.21819853782653809, 0.24185967445373535, 0.032021284103393555, 0.014994621276855469, 0.35053372383117676, 0.2678334712982178, 0.037000179290771484, 0.020027637481689453, 0.35924363136291504, 0.2781853675842285, 0.031000137329101562, 0.015509366989135742, 0.21570110321044922, 0.3485097885131836, 0.03399968147277832, 0.015020370483398438, 0.2662651538848877, 0.2810933589935303, 0.3631160259246826, 0.006013154983520508, 0.3089568614959717, 0.2898275852203369, 0.02498316764831543, 0.014000892639160156, 0.2052288055419922, 0.28769516944885254, 0.030613422393798828, 0.03499746322631836, 0.34804296493530273, 0.23193693161010742, 0.04099726676940918, 0.0060138702392578125, 0.17101597785949707, 0.1998612880706787, 0.03898882865905762, 0.013130426406860352, 0.2299973964691162, 0.21095585823059082, 0.3939990997314453, 0.04900622367858887, 0.2888782024383545, 0.24605846405029297, 0.02899456024169922, 0.030014753341674805, 0.17598366737365723, 0.22558331489562988, 0.02981853485107422, 0.02001667022705078, 0.27314281463623047, 0.27499914169311523, 0.034003257751464844, 0.030124425888061523, 0.2938573360443115, 0.4343080520629883, 0.021994352340698242, 0.020197153091430664, 0.26502060890197754, 0.17703819274902344, 0.29517221450805664, 0.03000020980834961, 0.34667491912841797, 0.2830934524536133, 0.028986215591430664, 0.029996633529663086, 0.2961723804473877, 0.39194440841674805, 0.026000022888183594, 0.030128002166748047, 0.1931285858154297, 0.2600219249725342, 0.03214883804321289, 0.0060007572174072266, 0.22071075439453125, 0.18701696395874023, 0.038694143295288086, 0.006003141403198242, 0.24941754341125488, 0.3095681667327881, 0.2943575382232666, 0.050003767013549805, 0.2614006996154785, 0.16799163818359375, 0.030999422073364258, 0.014979839324951172, 0.3383784294128418, 0.24576759338378906, 0.03097701072692871, 0.013990163803100586, 0.26628565788269043, 0.22932028770446777, 0.034974098205566406, 0.02800583839416504, 0.18330931663513184, 0.3255429267883301, 0.03757071495056152, 0.015998125076293945, 0.2311546802520752, 0.20600509643554688, 0.28364109992980957, 0.04399228096008301, 0.24691486358642578, 0.27059030532836914, 0.028000831604003906, 0.006009340286254883, 0.3032398223876953, 0.3106367588043213, 0.03699660301208496, 0.019023895263671875], 'spike_count': 0, 'zero_volume_count': np.int64(94371), 'impossible_candle_count': 0, 'consecutive_anomalies': 0, 'avg_response_time': np.float64(0.15834513923825597), 'max_response_time': np.float64(0.4343080520629883), 'min_response_time': np.float64(0.005982875823974609)}
2026-07-24 13:58:04,446 | ERROR    | [ANOMALY] CONSECUTIVE zero volume: GBPUSD-OTC streak 248
2026-07-24 13:58:04,486 | WARNING  | [ANOMALY] Total anomalies detected: EURUSD-OTC 249
2026-07-24 13:58:04,486 | INFO     | [DataAdapter] M1 anomaly detection completed for EURUSD-OTC in 0.238s
2026-07-24 13:58:04,544 | INFO     | [CSVQueue] Enqueuing write for data_base/csv/iq_option\EURUSD-OTC\EURUSD-OTC_M1.csv - Queue size: 0
2026-07-24 13:58:04,560 | INFO     | [DataAdapter] M1 data refresh completed for EURUSD-OTC
2026-07-24 13:58:04,560 | INFO     | [DataAdapter] Refreshing M5 data for EURUSD-OTC
2026-07-24 13:58:04,563 | ERROR    | [ANOMALY] CONSECUTIVE zero volume: EURUSD-OTC streak 248
2026-07-24 13:58:04,564 | INFO     | [CSVWriter] Successfully wrote 396 rows to data_base/csv/iq_option\EURUSD\EURUSD_M1.csv
2026-07-24 13:58:04,564 | INFO     | [CSVQueue] Successfully processed write for data_base/csv/iq_option\EURUSD\EURUSD_M1.csv
2026-07-24 13:58:04,564 | INFO     | [CSVQueue] Processing write for data_base/csv/iq_option\EURUSD-OTC\EURUSD-OTC_M1.csv
2026-07-24 13:58:04,564 | INFO     | [CSVWriter] Writing 249 rows to data_base/csv/iq_option\EURUSD-OTC\EURUSD-OTC_M1.csv
2026-07-24 13:58:04,624 | INFO     | [IQOPTION] REST fetch succeeded for EURGBP-OTC: 5 candles
2026-07-24 13:58:04,637 | ERROR    | [ANOMALY] CONSECUTIVE zero volume: EURGBP-OTC streak 248
2026-07-24 13:58:04,640 | WARNING  | [ANOMALY] Total anomalies detected: GBPUSD-OTC 249
2026-07-24 13:58:04,642 | INFO     | [DataAdapter] M1 anomaly detection completed for GBPUSD-OTC in 0.201s
2026-07-24 13:58:04,650 | WARNING  | [ANOMALY] Total anomalies detected: EURUSD-OTC 249
2026-07-24 13:58:04,650 | INFO     | [DataAdapter] M5 anomaly detection completed for EURUSD-OTC
2026-07-24 13:58:04,650 | INFO     | [DataAdapter] M5 data refresh completed for EURUSD-OTC
2026-07-24 13:58:04,650 | INFO     | [DataAdapter] Refreshing M15 data for EURUSD-OTC
2026-07-24 13:58:04,654 | ERROR    | [ANOMALY] CONSECUTIVE zero volume: EURUSD-OTC streak 248
2026-07-24 13:58:04,658 | INFO     | [CSVQueue] Enqueuing write for data_base/csv/iq_option\GBPUSD-OTC\GBPUSD-OTC_M1.csv - Queue size: 0
2026-07-24 13:58:04,660 | INFO     | [DataAdapter] M1 data refresh completed for GBPUSD-OTC
2026-07-24 13:58:04,660 | INFO     | [DataAdapter] Refreshing M5 data for GBPUSD-OTC
2026-07-24 13:58:04,664 | ERROR    | [ANOMALY] CONSECUTIVE zero volume: GBPUSD-OTC streak 248
2026-07-24 13:58:04,665 | INFO     | [CSVWriter] Successfully wrote 395 rows to data_base/csv/iq_option\EURUSD-OTC\EURUSD-OTC_M1.csv
2026-07-24 13:58:04,666 | INFO     | [CSVQueue] Successfully processed write for data_base/csv/iq_option\EURUSD-OTC\EURUSD-OTC_M1.csv
2026-07-24 13:58:04,668 | INFO     | [CSVQueue] Processing write for data_base/csv/iq_option\GBPUSD-OTC\GBPUSD-OTC_M1.csv
2026-07-24 13:58:04,671 | WARNING  | [ANOMALY] Total anomalies detected: EURGBP-OTC 249
2026-07-24 13:58:04,672 | INFO     | [CSVWriter] Writing 249 rows to data_base/csv/iq_option\GBPUSD-OTC\GBPUSD-OTC_M1.csv
2026-07-24 13:58:04,672 | INFO     | [DataAdapter] M1 anomaly detection completed for EURGBP-OTC in 0.039s
2026-07-24 13:58:04,682 | WARNING  | [ANOMALY] Total anomalies detected: EURUSD-OTC 249
2026-07-24 13:58:04,683 | INFO     | [DataAdapter] M15 anomaly detection completed for EURUSD-OTC
2026-07-24 13:58:04,683 | INFO     | [DataAdapter] M15 data refresh completed for EURUSD-OTC
2026-07-24 13:58:04,683 | INFO     | [DataAdapter] Anomaly statistics for EURUSD-OTC: {'total_calls': 172, 'response_times': [0.013999700546264648, 0.31719064712524414, 0.2949824333190918, 0.03267955780029297, 0.16599440574645996, 0.4046361446380615, 0.3303542137145996, 0.18708395957946777, 0.012867212295532227, 0.29335784912109375, 0.21855616569519043, 0.04597282409667969, 0.016118288040161133, 0.16651606559753418, 0.17901921272277832, 0.04098248481750488, 0.027006864547729492, 0.2834603786468506, 0.20427322387695312, 0.21520233154296875, 0.006014347076416016, 0.24805641174316406, 0.2825925350189209, 0.026009082794189453, 0.03001713752746582, 0.33109354972839355, 0.26633429527282715, 0.03498196601867676, 0.013983488082885742, 0.16509389877319336, 0.203139066696167, 0.02601027488708496, 0.015662193298339844, 0.285672664642334, 0.16912531852722168, 0.031012296676635742, 0.02100062370300293, 0.19908738136291504, 0.33910560607910156, 0.4241623878479004, 0.031023502349853516, 0.12838149070739746, 0.22991466522216797, 0.025004148483276367, 0.005982875823974609, 0.15928292274475098, 0.18576288223266602, 0.024000883102416992, 0.020021677017211914, 0.2539963722229004, 0.23406672477722168, 0.027977466583251953, 0.032039642333984375, 0.23402166366577148, 0.35982704162597656, 0.031000375747680664, 0.029973506927490234, 0.21654653549194336, 0.4075918197631836, 0.32715654373168945, 0.015000104904174805, 0.21819853782653809, 0.24185967445373535, 0.032021284103393555, 0.014994621276855469, 0.35053372383117676, 0.2678334712982178, 0.037000179290771484, 0.020027637481689453, 0.35924363136291504, 0.2781853675842285, 0.031000137329101562, 0.015509366989135742, 0.21570110321044922, 0.3485097885131836, 0.03399968147277832, 0.015020370483398438, 0.2662651538848877, 0.2810933589935303, 0.3631160259246826, 0.006013154983520508, 0.3089568614959717, 0.2898275852203369, 0.02498316764831543, 0.014000892639160156, 0.2052288055419922, 0.28769516944885254, 0.030613422393798828, 0.03499746322631836, 0.34804296493530273, 0.23193693161010742, 0.04099726676940918, 0.0060138702392578125, 0.17101597785949707, 0.1998612880706787, 0.03898882865905762, 0.013130426406860352, 0.2299973964691162, 0.21095585823059082, 0.3939990997314453, 0.04900622367858887, 0.2888782024383545, 0.24605846405029297, 0.02899456024169922, 0.030014753341674805, 0.17598366737365723, 0.22558331489562988, 0.02981853485107422, 0.02001667022705078, 0.27314281463623047, 0.27499914169311523, 0.034003257751464844, 0.030124425888061523, 0.2938573360443115, 0.4343080520629883, 0.021994352340698242, 0.020197153091430664, 0.26502060890197754, 0.17703819274902344, 0.29517221450805664, 0.03000020980834961, 0.34667491912841797, 0.2830934524536133, 0.028986215591430664, 0.029996633529663086, 0.2961723804473877, 0.39194440841674805, 0.026000022888183594, 0.030128002166748047, 0.1931285858154297, 0.2600219249725342, 0.03214883804321289, 0.0060007572174072266, 0.22071075439453125, 0.18701696395874023, 0.038694143295288086, 0.006003141403198242, 0.24941754341125488, 0.3095681667327881, 0.2943575382232666, 0.050003767013549805, 0.2614006996154785, 0.16799163818359375, 0.030999422073364258, 0.014979839324951172, 0.3383784294128418, 0.24576759338378906, 0.03097701072692871, 0.013990163803100586, 0.26628565788269043, 0.22932028770446777, 0.034974098205566406, 0.02800583839416504, 0.18330931663513184, 0.3255429267883301, 0.03757071495056152, 0.015998125076293945, 0.2311546802520752, 0.20600509643554688, 0.28364109992980957, 0.04399228096008301, 0.24691486358642578, 0.27059030532836914, 0.028000831604003906, 0.006009340286254883, 0.3032398223876953, 0.3106367588043213, 0.03699660301208496, 0.019023895263671875, 0.23822784423828125, 0.20124268531799316, 0.039002418518066406], 'spike_count': 0, 'zero_volume_count': np.int64(95616), 'impossible_candle_count': 0, 'consecutive_anomalies': 0, 'avg_response_time': np.float64(0.15836512487988139), 'max_response_time': np.float64(0.4343080520629883), 'min_response_time': np.float64(0.005982875823974609)}
2026-07-24 13:58:04,684 | INFO     | [CSVQueue] Enqueuing write for data_base/csv/iq_option\EURGBP-OTC\EURGBP-OTC_M1.csv - Queue size: 0
2026-07-24 13:58:04,685 | INFO     | [DataAdapter] M1 data refresh completed for EURGBP-OTC
2026-07-24 13:58:04,688 | WARNING  | [ANOMALY] Total anomalies detected: GBPUSD-OTC 249
2026-07-24 13:58:04,689 | INFO     | [DataAdapter] Refreshing M5 data for EURGBP-OTC
2026-07-24 13:58:04,689 | INFO     | [DataAdapter] M5 anomaly detection completed for GBPUSD-OTC
2026-07-24 13:58:04,693 | ERROR    | [ANOMALY] CONSECUTIVE zero volume: EURGBP-OTC streak 248
2026-07-24 13:58:04,695 | INFO     | [DataAdapter] M5 data refresh completed for GBPUSD-OTC
2026-07-24 13:58:04,696 | INFO     | [DataAdapter] Refreshing M15 data for GBPUSD-OTC
2026-07-24 13:58:04,699 | ERROR    | [ANOMALY] CONSECUTIVE zero volume: GBPUSD-OTC streak 248
2026-07-24 13:58:04,708 | INFO     | [CSVWriter] Successfully wrote 395 rows to data_base/csv/iq_option\GBPUSD-OTC\GBPUSD-OTC_M1.csv
2026-07-24 13:58:04,708 | INFO     | [CSVQueue] Successfully processed write for data_base/csv/iq_option\GBPUSD-OTC\GBPUSD-OTC_M1.csv
2026-07-24 13:58:04,711 | WARNING  | [ANOMALY] Total anomalies detected: EURGBP-OTC 249
2026-07-24 13:58:04,711 | INFO     | [CSVQueue] Processing write for data_base/csv/iq_option\EURGBP-OTC\EURGBP-OTC_M1.csv
2026-07-24 13:58:04,712 | INFO     | [DataAdapter] M5 anomaly detection completed for EURGBP-OTC
2026-07-24 13:58:04,712 | INFO     | [CSVWriter] Writing 249 rows to data_base/csv/iq_option\EURGBP-OTC\EURGBP-OTC_M1.csv
2026-07-24 13:58:04,716 | WARNING  | [ANOMALY] Total anomalies detected: GBPUSD-OTC 249
2026-07-24 13:58:04,717 | INFO     | [DataAdapter] M5 data refresh completed for EURGBP-OTC
2026-07-24 13:58:04,719 | INFO     | [DataAdapter] M15 anomaly detection completed for GBPUSD-OTC
2026-07-24 13:58:04,719 | INFO     | [DataAdapter] Refreshing M15 data for EURGBP-OTC
2026-07-24 13:58:04,719 | INFO     | [DataAdapter] M15 data refresh completed for GBPUSD-OTC
2026-07-24 13:58:04,723 | ERROR    | [ANOMALY] CONSECUTIVE zero volume: EURGBP-OTC streak 248
2026-07-24 13:58:04,723 | INFO     | [DataAdapter] Anomaly statistics for GBPUSD-OTC: {'total_calls': 172, 'response_times': [0.013999700546264648, 0.31719064712524414, 0.2949824333190918, 0.03267955780029297, 0.16599440574645996, 0.4046361446380615, 0.3303542137145996, 0.18708395957946777, 0.012867212295532227, 0.29335784912109375, 0.21855616569519043, 0.04597282409667969, 0.016118288040161133, 0.16651606559753418, 0.17901921272277832, 0.04098248481750488, 0.027006864547729492, 0.2834603786468506, 0.20427322387695312, 0.21520233154296875, 0.006014347076416016, 0.24805641174316406, 0.2825925350189209, 0.026009082794189453, 0.03001713752746582, 0.33109354972839355, 0.26633429527282715, 0.03498196601867676, 0.013983488082885742, 0.16509389877319336, 0.203139066696167, 0.02601027488708496, 0.015662193298339844, 0.285672664642334, 0.16912531852722168, 0.031012296676635742, 0.02100062370300293, 0.19908738136291504, 0.33910560607910156, 0.4241623878479004, 0.031023502349853516, 0.12838149070739746, 0.22991466522216797, 0.025004148483276367, 0.005982875823974609, 0.15928292274475098, 0.18576288223266602, 0.024000883102416992, 0.020021677017211914, 0.2539963722229004, 0.23406672477722168, 0.027977466583251953, 0.032039642333984375, 0.23402166366577148, 0.35982704162597656, 0.031000375747680664, 0.029973506927490234, 0.21654653549194336, 0.4075918197631836, 0.32715654373168945, 0.015000104904174805, 0.21819853782653809, 0.24185967445373535, 0.032021284103393555, 0.014994621276855469, 0.35053372383117676, 0.2678334712982178, 0.037000179290771484, 0.020027637481689453, 0.35924363136291504, 0.2781853675842285, 0.031000137329101562, 0.015509366989135742, 0.21570110321044922, 0.3485097885131836, 0.03399968147277832, 0.015020370483398438, 0.2662651538848877, 0.2810933589935303, 0.3631160259246826, 0.006013154983520508, 0.3089568614959717, 0.2898275852203369, 0.02498316764831543, 0.014000892639160156, 0.2052288055419922, 0.28769516944885254, 0.030613422393798828, 0.03499746322631836, 0.34804296493530273, 0.23193693161010742, 0.04099726676940918, 0.0060138702392578125, 0.17101597785949707, 0.1998612880706787, 0.03898882865905762, 0.013130426406860352, 0.2299973964691162, 0.21095585823059082, 0.3939990997314453, 0.04900622367858887, 0.2888782024383545, 0.24605846405029297, 0.02899456024169922, 0.030014753341674805, 0.17598366737365723, 0.22558331489562988, 0.02981853485107422, 0.02001667022705078, 0.27314281463623047, 0.27499914169311523, 0.034003257751464844, 0.030124425888061523, 0.2938573360443115, 0.4343080520629883, 0.021994352340698242, 0.020197153091430664, 0.26502060890197754, 0.17703819274902344, 0.29517221450805664, 0.03000020980834961, 0.34667491912841797, 0.2830934524536133, 0.028986215591430664, 0.029996633529663086, 0.2961723804473877, 0.39194440841674805, 0.026000022888183594, 0.030128002166748047, 0.1931285858154297, 0.2600219249725342, 0.03214883804321289, 0.0060007572174072266, 0.22071075439453125, 0.18701696395874023, 0.038694143295288086, 0.006003141403198242, 0.24941754341125488, 0.3095681667327881, 0.2943575382232666, 0.050003767013549805, 0.2614006996154785, 0.16799163818359375, 0.030999422073364258, 0.014979839324951172, 0.3383784294128418, 0.24576759338378906, 0.03097701072692871, 0.013990163803100586, 0.26628565788269043, 0.22932028770446777, 0.034974098205566406, 0.02800583839416504, 0.18330931663513184, 0.3255429267883301, 0.03757071495056152, 0.015998125076293945, 0.2311546802520752, 0.20600509643554688, 0.28364109992980957, 0.04399228096008301, 0.24691486358642578, 0.27059030532836914, 0.028000831604003906, 0.006009340286254883, 0.3032398223876953, 0.3106367588043213, 0.03699660301208496, 0.019023895263671875, 0.23822784423828125, 0.20124268531799316, 0.039002418518066406], 'spike_count': 0, 'zero_volume_count': np.int64(96363), 'impossible_candle_count': 0, 'consecutive_anomalies': 0, 'avg_response_time': np.float64(0.15836512487988139), 'max_response_time': np.float64(0.4343080520629883), 'min_response_time': np.float64(0.005982875823974609)}
2026-07-24 13:58:04,735 | WARNING  | [ANOMALY] Total anomalies detected: EURGBP-OTC 249
2026-07-24 13:58:04,735 | INFO     | [CSVWriter] Successfully wrote 395 rows to data_base/csv/iq_option\EURGBP-OTC\EURGBP-OTC_M1.csv
2026-07-24 13:58:04,735 | INFO     | [DataAdapter] M15 anomaly detection completed for EURGBP-OTC
2026-07-24 13:58:04,736 | INFO     | [CSVQueue] Successfully processed write for data_base/csv/iq_option\EURGBP-OTC\EURGBP-OTC_M1.csv
2026-07-24 13:58:04,736 | INFO     | [DataAdapter] M15 data refresh completed for EURGBP-OTC
2026-07-24 13:58:04,736 | INFO     | [CSVQueue] Queue size: 0
2026-07-24 13:58:04,736 | INFO     | [DataAdapter] Anomaly statistics for EURGBP-OTC: {'total_calls': 172, 'response_times': [0.013999700546264648, 0.31719064712524414, 0.2949824333190918, 0.03267955780029297, 0.16599440574645996, 0.4046361446380615, 0.3303542137145996, 0.18708395957946777, 0.012867212295532227, 0.29335784912109375, 0.21855616569519043, 0.04597282409667969, 0.016118288040161133, 0.16651606559753418, 0.17901921272277832, 0.04098248481750488, 0.027006864547729492, 0.2834603786468506, 0.20427322387695312, 0.21520233154296875, 0.006014347076416016, 0.24805641174316406, 0.2825925350189209, 0.026009082794189453, 0.03001713752746582, 0.33109354972839355, 0.26633429527282715, 0.03498196601867676, 0.013983488082885742, 0.16509389877319336, 0.203139066696167, 0.02601027488708496, 0.015662193298339844, 0.285672664642334, 0.16912531852722168, 0.031012296676635742, 0.02100062370300293, 0.19908738136291504, 0.33910560607910156, 0.4241623878479004, 0.031023502349853516, 0.12838149070739746, 0.22991466522216797, 0.025004148483276367, 0.005982875823974609, 0.15928292274475098, 0.18576288223266602, 0.024000883102416992, 0.020021677017211914, 0.2539963722229004, 0.23406672477722168, 0.027977466583251953, 0.032039642333984375, 0.23402166366577148, 0.35982704162597656, 0.031000375747680664, 0.029973506927490234, 0.21654653549194336, 0.4075918197631836, 0.32715654373168945, 0.015000104904174805, 0.21819853782653809, 0.24185967445373535, 0.032021284103393555, 0.014994621276855469, 0.35053372383117676, 0.2678334712982178, 0.037000179290771484, 0.020027637481689453, 0.35924363136291504, 0.2781853675842285, 0.031000137329101562, 0.015509366989135742, 0.21570110321044922, 0.3485097885131836, 0.03399968147277832, 0.015020370483398438, 0.2662651538848877, 0.2810933589935303, 0.3631160259246826, 0.006013154983520508, 0.3089568614959717, 0.2898275852203369, 0.02498316764831543, 0.014000892639160156, 0.2052288055419922, 0.28769516944885254, 0.030613422393798828, 0.03499746322631836, 0.34804296493530273, 0.23193693161010742, 0.04099726676940918, 0.0060138702392578125, 0.17101597785949707, 0.1998612880706787, 0.03898882865905762, 0.013130426406860352, 0.2299973964691162, 0.21095585823059082, 0.3939990997314453, 0.04900622367858887, 0.2888782024383545, 0.24605846405029297, 0.02899456024169922, 0.030014753341674805, 0.17598366737365723, 0.22558331489562988, 0.02981853485107422, 0.02001667022705078, 0.27314281463623047, 0.27499914169311523, 0.034003257751464844, 0.030124425888061523, 0.2938573360443115, 0.4343080520629883, 0.021994352340698242, 0.020197153091430664, 0.26502060890197754, 0.17703819274902344, 0.29517221450805664, 0.03000020980834961, 0.34667491912841797, 0.2830934524536133, 0.028986215591430664, 0.029996633529663086, 0.2961723804473877, 0.39194440841674805, 0.026000022888183594, 0.030128002166748047, 0.1931285858154297, 0.2600219249725342, 0.03214883804321289, 0.0060007572174072266, 0.22071075439453125, 0.18701696395874023, 0.038694143295288086, 0.006003141403198242, 0.24941754341125488, 0.3095681667327881, 0.2943575382232666, 0.050003767013549805, 0.2614006996154785, 0.16799163818359375, 0.030999422073364258, 0.014979839324951172, 0.3383784294128418, 0.24576759338378906, 0.03097701072692871, 0.013990163803100586, 0.26628565788269043, 0.22932028770446777, 0.034974098205566406, 0.02800583839416504, 0.18330931663513184, 0.3255429267883301, 0.03757071495056152, 0.015998125076293945, 0.2311546802520752, 0.20600509643554688, 0.28364109992980957, 0.04399228096008301, 0.24691486358642578, 0.27059030532836914, 0.028000831604003906, 0.006009340286254883, 0.3032398223876953, 0.3106367588043213, 0.03699660301208496, 0.019023895263671875, 0.23822784423828125, 0.20124268531799316, 0.039002418518066406], 'spike_count': 0, 'zero_volume_count': np.int64(96363), 'impossible_candle_count': 0, 'consecutive_anomalies': 0, 'avg_response_time': np.float64(0.15836512487988139), 'max_response_time': np.float64(0.4343080520629883), 'min_response_time': np.float64(0.005982875823974609)}
2026-07-24 13:58:04,952 | INFO     | [EURUSD:1.13846][EURUSD-OTC:1.15461][GBPUSD-OTC:1.33059][EURGBP-OTC:0.85606] :: TOTAL=$1271.51
2026-07-24 13:59:04,239 | INFO     | [DataAdapter] Starting update for EURUSD
2026-07-24 13:59:04,239 | INFO     | [DataAdapter] Refreshing M1 data for EURUSD
2026-07-24 13:59:04,239 | INFO     | [DataAdapter] Starting update for EURUSD-OTC
2026-07-24 13:59:04,239 | INFO     | [DataAdapter] Refreshing M1 data for EURUSD-OTC
2026-07-24 13:59:04,240 | INFO     | [DataAdapter] Starting update for GBPUSD-OTC
2026-07-24 13:59:04,240 | INFO     | [DataAdapter] Refreshing M1 data for GBPUSD-OTC
2026-07-24 13:59:04,240 | INFO     | [DataAdapter] Starting update for EURGBP-OTC
2026-07-24 13:59:04,240 | INFO     | [DataAdapter] Refreshing M1 data for EURGBP-OTC
2026-07-24 13:59:04,523 | INFO     | [IQOPTION] REST fetch succeeded for EURUSD: 5 candles
2026-07-24 13:59:04,571 | INFO     | [DataAdapter] M1 anomaly detection completed for EURUSD in 0.023s
2026-07-24 13:59:04,648 | INFO     | [CSVQueue] Enqueuing write for data_base/csv/iq_option\EURUSD\EURUSD_M1.csv - Queue size: 0
2026-07-24 13:59:04,648 | INFO     | [DataAdapter] M1 data refresh completed for EURUSD
2026-07-24 13:59:04,648 | INFO     | [DataAdapter] Refreshing M5 data for EURUSD
2026-07-24 13:59:04,679 | INFO     | [CSVQueue] Processing write for data_base/csv/iq_option\EURUSD\EURUSD_M1.csv
2026-07-24 13:59:04,682 | INFO     | [DataAdapter] M5 anomaly detection completed for EURUSD
2026-07-24 13:59:04,742 | INFO     | [CSVWriter] Writing 249 rows to data_base/csv/iq_option\EURUSD\EURUSD_M1.csv
2026-07-24 13:59:04,821 | INFO     | [DataAdapter] M5 data refresh completed for EURUSD
2026-07-24 13:59:04,869 | INFO     | [DataAdapter] Refreshing M15 data for EURUSD
2026-07-24 13:59:04,939 | INFO     | [IQOPTION] REST fetch succeeded for EURUSD-OTC: 5 candles
2026-07-24 13:59:04,941 | INFO     | [DataAdapter] M15 anomaly detection completed for EURUSD
2026-07-24 13:59:04,950 | INFO     | [DataAdapter] M15 data refresh completed for EURUSD
2026-07-24 13:59:04,965 | INFO     | [DataAdapter] Anomaly statistics for EURUSD: {'total_calls': 173, 'response_times': [0.013999700546264648, 0.31719064712524414, 0.2949824333190918, 0.03267955780029297, 0.16599440574645996, 0.4046361446380615, 0.3303542137145996, 0.18708395957946777, 0.012867212295532227, 0.29335784912109375, 0.21855616569519043, 0.04597282409667969, 0.016118288040161133, 0.16651606559753418, 0.17901921272277832, 0.04098248481750488, 0.027006864547729492, 0.2834603786468506, 0.20427322387695312, 0.21520233154296875, 0.006014347076416016, 0.24805641174316406, 0.2825925350189209, 0.026009082794189453, 0.03001713752746582, 0.33109354972839355, 0.26633429527282715, 0.03498196601867676, 0.013983488082885742, 0.16509389877319336, 0.203139066696167, 0.02601027488708496, 0.015662193298339844, 0.285672664642334, 0.16912531852722168, 0.031012296676635742, 0.02100062370300293, 0.19908738136291504, 0.33910560607910156, 0.4241623878479004, 0.031023502349853516, 0.12838149070739746, 0.22991466522216797, 0.025004148483276367, 0.005982875823974609, 0.15928292274475098, 0.18576288223266602, 0.024000883102416992, 0.020021677017211914, 0.2539963722229004, 0.23406672477722168, 0.027977466583251953, 0.032039642333984375, 0.23402166366577148, 0.35982704162597656, 0.031000375747680664, 0.029973506927490234, 0.21654653549194336, 0.4075918197631836, 0.32715654373168945, 0.015000104904174805, 0.21819853782653809, 0.24185967445373535, 0.032021284103393555, 0.014994621276855469, 0.35053372383117676, 0.2678334712982178, 0.037000179290771484, 0.020027637481689453, 0.35924363136291504, 0.2781853675842285, 0.031000137329101562, 0.015509366989135742, 0.21570110321044922, 0.3485097885131836, 0.03399968147277832, 0.015020370483398438, 0.2662651538848877, 0.2810933589935303, 0.3631160259246826, 0.006013154983520508, 0.3089568614959717, 0.2898275852203369, 0.02498316764831543, 0.014000892639160156, 0.2052288055419922, 0.28769516944885254, 0.030613422393798828, 0.03499746322631836, 0.34804296493530273, 0.23193693161010742, 0.04099726676940918, 0.0060138702392578125, 0.17101597785949707, 0.1998612880706787, 0.03898882865905762, 0.013130426406860352, 0.2299973964691162, 0.21095585823059082, 0.3939990997314453, 0.04900622367858887, 0.2888782024383545, 0.24605846405029297, 0.02899456024169922, 0.030014753341674805, 0.17598366737365723, 0.22558331489562988, 0.02981853485107422, 0.02001667022705078, 0.27314281463623047, 0.27499914169311523, 0.034003257751464844, 0.030124425888061523, 0.2938573360443115, 0.4343080520629883, 0.021994352340698242, 0.020197153091430664, 0.26502060890197754, 0.17703819274902344, 0.29517221450805664, 0.03000020980834961, 0.34667491912841797, 0.2830934524536133, 0.028986215591430664, 0.029996633529663086, 0.2961723804473877, 0.39194440841674805, 0.026000022888183594, 0.030128002166748047, 0.1931285858154297, 0.2600219249725342, 0.03214883804321289, 0.0060007572174072266, 0.22071075439453125, 0.18701696395874023, 0.038694143295288086, 0.006003141403198242, 0.24941754341125488, 0.3095681667327881, 0.2943575382232666, 0.050003767013549805, 0.2614006996154785, 0.16799163818359375, 0.030999422073364258, 0.014979839324951172, 0.3383784294128418, 0.24576759338378906, 0.03097701072692871, 0.013990163803100586, 0.26628565788269043, 0.22932028770446777, 0.034974098205566406, 0.02800583839416504, 0.18330931663513184, 0.3255429267883301, 0.03757071495056152, 0.015998125076293945, 0.2311546802520752, 0.20600509643554688, 0.28364109992980957, 0.04399228096008301, 0.24691486358642578, 0.27059030532836914, 0.028000831604003906, 0.006009340286254883, 0.3032398223876953, 0.3106367588043213, 0.03699660301208496, 0.019023895263671875, 0.23822784423828125, 0.20124268531799316, 0.039002418518066406, 0.022996187210083008], 'spike_count': 0, 'zero_volume_count': np.int64(96363), 'impossible_candle_count': 0, 'consecutive_anomalies': 0, 'avg_response_time': np.float64(0.15758264547138545), 'max_response_time': np.float64(0.4343080520629883), 'min_response_time': np.float64(0.005982875823974609)}
2026-07-24 13:59:05,031 | ERROR    | [ANOMALY] CONSECUTIVE zero volume: EURUSD-OTC streak 248
2026-07-24 13:59:05,108 | INFO     | [CSVWriter] Successfully wrote 397 rows to data_base/csv/iq_option\EURUSD\EURUSD_M1.csv
2026-07-24 13:59:05,124 | INFO     | [CSVQueue] Successfully processed write for data_base/csv/iq_option\EURUSD\EURUSD_M1.csv
2026-07-24 13:59:05,124 | INFO     | [CSVQueue] Queue size: 0
2026-07-24 13:59:05,204 | INFO     | [IQOPTION] REST fetch succeeded for GBPUSD-OTC: 5 candles
2026-07-24 13:59:05,217 | WARNING  | [ANOMALY] Total anomalies detected: EURUSD-OTC 249
2026-07-24 13:59:05,251 | INFO     | [DataAdapter] M1 anomaly detection completed for EURUSD-OTC in 0.252s
2026-07-24 13:59:05,252 | ERROR    | [ANOMALY] CONSECUTIVE zero volume: GBPUSD-OTC streak 248
2026-07-24 13:59:05,329 | INFO     | [CSVQueue] Enqueuing write for data_base/csv/iq_option\EURUSD-OTC\EURUSD-OTC_M1.csv - Queue size: 0
2026-07-24 13:59:05,360 | INFO     | [DataAdapter] M1 data refresh completed for EURUSD-OTC
2026-07-24 13:59:05,376 | INFO     | [DataAdapter] Refreshing M5 data for EURUSD-OTC
2026-07-24 13:59:05,376 | INFO     | [CSVQueue] Processing write for data_base/csv/iq_option\EURUSD-OTC\EURUSD-OTC_M1.csv
2026-07-24 13:59:05,395 | ERROR    | [ANOMALY] CONSECUTIVE zero volume: EURUSD-OTC streak 248
2026-07-24 13:59:05,408 | INFO     | [CSVWriter] Writing 249 rows to data_base/csv/iq_option\EURUSD-OTC\EURUSD-OTC_M1.csv
2026-07-24 13:59:05,480 | INFO     | [IQOPTION] REST fetch succeeded for EURGBP-OTC: 5 candles
2026-07-24 13:59:05,494 | WARNING  | [ANOMALY] Total anomalies detected: GBPUSD-OTC 249
2026-07-24 13:59:05,494 | INFO     | [DataAdapter] M1 anomaly detection completed for GBPUSD-OTC in 0.281s
2026-07-24 13:59:05,502 | ERROR    | [ANOMALY] CONSECUTIVE zero volume: EURGBP-OTC streak 248
2026-07-24 13:59:05,512 | WARNING  | [ANOMALY] Total anomalies detected: EURUSD-OTC 249
2026-07-24 13:59:05,512 | INFO     | [CSVQueue] Enqueuing write for data_base/csv/iq_option\GBPUSD-OTC\GBPUSD-OTC_M1.csv - Queue size: 0
2026-07-24 13:59:05,512 | INFO     | [DataAdapter] M5 anomaly detection completed for EURUSD-OTC
2026-07-24 13:59:05,513 | INFO     | [DataAdapter] M1 data refresh completed for GBPUSD-OTC
2026-07-24 13:59:05,515 | INFO     | [DataAdapter] M5 data refresh completed for EURUSD-OTC
2026-07-24 13:59:05,516 | INFO     | [DataAdapter] Refreshing M5 data for GBPUSD-OTC
2026-07-24 13:59:05,518 | INFO     | [DataAdapter] Refreshing M15 data for EURUSD-OTC
2026-07-24 13:59:05,521 | INFO     | [CSVWriter] Successfully wrote 396 rows to data_base/csv/iq_option\EURUSD-OTC\EURUSD-OTC_M1.csv
2026-07-24 13:59:05,524 | ERROR    | [ANOMALY] CONSECUTIVE zero volume: GBPUSD-OTC streak 248
2026-07-24 13:59:05,532 | ERROR    | [ANOMALY] CONSECUTIVE zero volume: EURUSD-OTC streak 248
2026-07-24 13:59:05,533 | INFO     | [CSVQueue] Successfully processed write for data_base/csv/iq_option\EURUSD-OTC\EURUSD-OTC_M1.csv
2026-07-24 13:59:05,533 | WARNING  | [ANOMALY] Total anomalies detected: EURGBP-OTC 249
2026-07-24 13:59:05,536 | INFO     | [CSVQueue] Processing write for data_base/csv/iq_option\GBPUSD-OTC\GBPUSD-OTC_M1.csv
2026-07-24 13:59:05,537 | INFO     | [DataAdapter] M1 anomaly detection completed for EURGBP-OTC in 0.046s
2026-07-24 13:59:05,537 | INFO     | [CSVWriter] Writing 249 rows to data_base/csv/iq_option\GBPUSD-OTC\GBPUSD-OTC_M1.csv
2026-07-24 13:59:05,552 | WARNING  | [ANOMALY] Total anomalies detected: EURUSD-OTC 249
2026-07-24 13:59:05,552 | INFO     | [DataAdapter] M15 anomaly detection completed for EURUSD-OTC
2026-07-24 13:59:05,553 | INFO     | [CSVQueue] Enqueuing write for data_base/csv/iq_option\EURGBP-OTC\EURGBP-OTC_M1.csv - Queue size: 0
2026-07-24 13:59:05,553 | INFO     | [DataAdapter] M15 data refresh completed for EURUSD-OTC
2026-07-24 13:59:05,556 | WARNING  | [ANOMALY] Total anomalies detected: GBPUSD-OTC 249
2026-07-24 13:59:05,557 | INFO     | [DataAdapter] M1 data refresh completed for EURGBP-OTC
2026-07-24 13:59:05,558 | INFO     | [DataAdapter] Anomaly statistics for EURUSD-OTC: {'total_calls': 176, 'response_times': [0.013999700546264648, 0.31719064712524414, 0.2949824333190918, 0.03267955780029297, 0.16599440574645996, 0.4046361446380615, 0.3303542137145996, 0.18708395957946777, 0.012867212295532227, 0.29335784912109375, 0.21855616569519043, 0.04597282409667969, 0.016118288040161133, 0.16651606559753418, 0.17901921272277832, 0.04098248481750488, 0.027006864547729492, 0.2834603786468506, 0.20427322387695312, 0.21520233154296875, 0.006014347076416016, 0.24805641174316406, 0.2825925350189209, 0.026009082794189453, 0.03001713752746582, 0.33109354972839355, 0.26633429527282715, 0.03498196601867676, 0.013983488082885742, 0.16509389877319336, 0.203139066696167, 0.02601027488708496, 0.015662193298339844, 0.285672664642334, 0.16912531852722168, 0.031012296676635742, 0.02100062370300293, 0.19908738136291504, 0.33910560607910156, 0.4241623878479004, 0.031023502349853516, 0.12838149070739746, 0.22991466522216797, 0.025004148483276367, 0.005982875823974609, 0.15928292274475098, 0.18576288223266602, 0.024000883102416992, 0.020021677017211914, 0.2539963722229004, 0.23406672477722168, 0.027977466583251953, 0.032039642333984375, 0.23402166366577148, 0.35982704162597656, 0.031000375747680664, 0.029973506927490234, 0.21654653549194336, 0.4075918197631836, 0.32715654373168945, 0.015000104904174805, 0.21819853782653809, 0.24185967445373535, 0.032021284103393555, 0.014994621276855469, 0.35053372383117676, 0.2678334712982178, 0.037000179290771484, 0.020027637481689453, 0.35924363136291504, 0.2781853675842285, 0.031000137329101562, 0.015509366989135742, 0.21570110321044922, 0.3485097885131836, 0.03399968147277832, 0.015020370483398438, 0.2662651538848877, 0.2810933589935303, 0.3631160259246826, 0.006013154983520508, 0.3089568614959717, 0.2898275852203369, 0.02498316764831543, 0.014000892639160156, 0.2052288055419922, 0.28769516944885254, 0.030613422393798828, 0.03499746322631836, 0.34804296493530273, 0.23193693161010742, 0.04099726676940918, 0.0060138702392578125, 0.17101597785949707, 0.1998612880706787, 0.03898882865905762, 0.013130426406860352, 0.2299973964691162, 0.21095585823059082, 0.3939990997314453, 0.04900622367858887, 0.2888782024383545, 0.24605846405029297, 0.02899456024169922, 0.030014753341674805, 0.17598366737365723, 0.22558331489562988, 0.02981853485107422, 0.02001667022705078, 0.27314281463623047, 0.27499914169311523, 0.034003257751464844, 0.030124425888061523, 0.2938573360443115, 0.4343080520629883, 0.021994352340698242, 0.020197153091430664, 0.26502060890197754, 0.17703819274902344, 0.29517221450805664, 0.03000020980834961, 0.34667491912841797, 0.2830934524536133, 0.028986215591430664, 0.029996633529663086, 0.2961723804473877, 0.39194440841674805, 0.026000022888183594, 0.030128002166748047, 0.1931285858154297, 0.2600219249725342, 0.03214883804321289, 0.0060007572174072266, 0.22071075439453125, 0.18701696395874023, 0.038694143295288086, 0.006003141403198242, 0.24941754341125488, 0.3095681667327881, 0.2943575382232666, 0.050003767013549805, 0.2614006996154785, 0.16799163818359375, 0.030999422073364258, 0.014979839324951172, 0.3383784294128418, 0.24576759338378906, 0.03097701072692871, 0.013990163803100586, 0.26628565788269043, 0.22932028770446777, 0.034974098205566406, 0.02800583839416504, 0.18330931663513184, 0.3255429267883301, 0.03757071495056152, 0.015998125076293945, 0.2311546802520752, 0.20600509643554688, 0.28364109992980957, 0.04399228096008301, 0.24691486358642578, 0.27059030532836914, 0.028000831604003906, 0.006009340286254883, 0.3032398223876953, 0.3106367588043213, 0.03699660301208496, 0.019023895263671875, 0.23822784423828125, 0.20124268531799316, 0.039002418518066406, 0.022996187210083008, 0.2522008419036865, 0.2810332775115967, 0.04600405693054199], 'spike_count': 0, 'zero_volume_count': np.int64(97857), 'impossible_candle_count': 0, 'consecutive_anomalies': 0, 'avg_response_time': np.float64(0.1581877036528154), 'max_response_time': np.float64(0.4343080520629883), 'min_response_time': np.float64(0.005982875823974609)}
2026-07-24 13:59:05,558 | INFO     | [DataAdapter] M5 anomaly detection completed for GBPUSD-OTC
2026-07-24 13:59:05,558 | INFO     | [DataAdapter] Refreshing M5 data for EURGBP-OTC
2026-07-24 13:59:05,558 | INFO     | [DataAdapter] M5 data refresh completed for GBPUSD-OTC
2026-07-24 13:59:05,563 | ERROR    | [ANOMALY] CONSECUTIVE zero volume: EURGBP-OTC streak 248
2026-07-24 13:59:05,564 | INFO     | [DataAdapter] Refreshing M15 data for GBPUSD-OTC
2026-07-24 13:59:05,571 | ERROR    | [ANOMALY] CONSECUTIVE zero volume: GBPUSD-OTC streak 248
2026-07-24 13:59:05,575 | INFO     | [CSVWriter] Successfully wrote 396 rows to data_base/csv/iq_option\GBPUSD-OTC\GBPUSD-OTC_M1.csv
2026-07-24 13:59:05,576 | INFO     | [CSVQueue] Successfully processed write for data_base/csv/iq_option\GBPUSD-OTC\GBPUSD-OTC_M1.csv
2026-07-24 13:59:05,576 | INFO     | [CSVQueue] Processing write for data_base/csv/iq_option\EURGBP-OTC\EURGBP-OTC_M1.csv
2026-07-24 13:59:05,576 | INFO     | [CSVWriter] Writing 249 rows to data_base/csv/iq_option\EURGBP-OTC\EURGBP-OTC_M1.csv
2026-07-24 13:59:05,589 | WARNING  | [ANOMALY] Total anomalies detected: EURGBP-OTC 249
2026-07-24 13:59:05,589 | INFO     | [DataAdapter] M5 anomaly detection completed for EURGBP-OTC
2026-07-24 13:59:05,589 | INFO     | [DataAdapter] M5 data refresh completed for EURGBP-OTC
2026-07-24 13:59:05,589 | INFO     | [DataAdapter] Refreshing M15 data for EURGBP-OTC
2026-07-24 13:59:05,594 | ERROR    | [ANOMALY] CONSECUTIVE zero volume: EURGBP-OTC streak 248
2026-07-24 13:59:05,597 | WARNING  | [ANOMALY] Total anomalies detected: GBPUSD-OTC 249
2026-07-24 13:59:05,599 | INFO     | [DataAdapter] M15 anomaly detection completed for GBPUSD-OTC
2026-07-24 13:59:05,599 | INFO     | [DataAdapter] M15 data refresh completed for GBPUSD-OTC
2026-07-24 13:59:05,600 | INFO     | [DataAdapter] Anomaly statistics for GBPUSD-OTC: {'total_calls': 176, 'response_times': [0.013999700546264648, 0.31719064712524414, 0.2949824333190918, 0.03267955780029297, 0.16599440574645996, 0.4046361446380615, 0.3303542137145996, 0.18708395957946777, 0.012867212295532227, 0.29335784912109375, 0.21855616569519043, 0.04597282409667969, 0.016118288040161133, 0.16651606559753418, 0.17901921272277832, 0.04098248481750488, 0.027006864547729492, 0.2834603786468506, 0.20427322387695312, 0.21520233154296875, 0.006014347076416016, 0.24805641174316406, 0.2825925350189209, 0.026009082794189453, 0.03001713752746582, 0.33109354972839355, 0.26633429527282715, 0.03498196601867676, 0.013983488082885742, 0.16509389877319336, 0.203139066696167, 0.02601027488708496, 0.015662193298339844, 0.285672664642334, 0.16912531852722168, 0.031012296676635742, 0.02100062370300293, 0.19908738136291504, 0.33910560607910156, 0.4241623878479004, 0.031023502349853516, 0.12838149070739746, 0.22991466522216797, 0.025004148483276367, 0.005982875823974609, 0.15928292274475098, 0.18576288223266602, 0.024000883102416992, 0.020021677017211914, 0.2539963722229004, 0.23406672477722168, 0.027977466583251953, 0.032039642333984375, 0.23402166366577148, 0.35982704162597656, 0.031000375747680664, 0.029973506927490234, 0.21654653549194336, 0.4075918197631836, 0.32715654373168945, 0.015000104904174805, 0.21819853782653809, 0.24185967445373535, 0.032021284103393555, 0.014994621276855469, 0.35053372383117676, 0.2678334712982178, 0.037000179290771484, 0.020027637481689453, 0.35924363136291504, 0.2781853675842285, 0.031000137329101562, 0.015509366989135742, 0.21570110321044922, 0.3485097885131836, 0.03399968147277832, 0.015020370483398438, 0.2662651538848877, 0.2810933589935303, 0.3631160259246826, 0.006013154983520508, 0.3089568614959717, 0.2898275852203369, 0.02498316764831543, 0.014000892639160156, 0.2052288055419922, 0.28769516944885254, 0.030613422393798828, 0.03499746322631836, 0.34804296493530273, 0.23193693161010742, 0.04099726676940918, 0.0060138702392578125, 0.17101597785949707, 0.1998612880706787, 0.03898882865905762, 0.013130426406860352, 0.2299973964691162, 0.21095585823059082, 0.3939990997314453, 0.04900622367858887, 0.2888782024383545, 0.24605846405029297, 0.02899456024169922, 0.030014753341674805, 0.17598366737365723, 0.22558331489562988, 0.02981853485107422, 0.02001667022705078, 0.27314281463623047, 0.27499914169311523, 0.034003257751464844, 0.030124425888061523, 0.2938573360443115, 0.4343080520629883, 0.021994352340698242, 0.020197153091430664, 0.26502060890197754, 0.17703819274902344, 0.29517221450805664, 0.03000020980834961, 0.34667491912841797, 0.2830934524536133, 0.028986215591430664, 0.029996633529663086, 0.2961723804473877, 0.39194440841674805, 0.026000022888183594, 0.030128002166748047, 0.1931285858154297, 0.2600219249725342, 0.03214883804321289, 0.0060007572174072266, 0.22071075439453125, 0.18701696395874023, 0.038694143295288086, 0.006003141403198242, 0.24941754341125488, 0.3095681667327881, 0.2943575382232666, 0.050003767013549805, 0.2614006996154785, 0.16799163818359375, 0.030999422073364258, 0.014979839324951172, 0.3383784294128418, 0.24576759338378906, 0.03097701072692871, 0.013990163803100586, 0.26628565788269043, 0.22932028770446777, 0.034974098205566406, 0.02800583839416504, 0.18330931663513184, 0.3255429267883301, 0.03757071495056152, 0.015998125076293945, 0.2311546802520752, 0.20600509643554688, 0.28364109992980957, 0.04399228096008301, 0.24691486358642578, 0.27059030532836914, 0.028000831604003906, 0.006009340286254883, 0.3032398223876953, 0.3106367588043213, 0.03699660301208496, 0.019023895263671875, 0.23822784423828125, 0.20124268531799316, 0.039002418518066406, 0.022996187210083008, 0.2522008419036865, 0.2810332775115967, 0.04600405693054199], 'spike_count': 0, 'zero_volume_count': np.int64(98604), 'impossible_candle_count': 0, 'consecutive_anomalies': 0, 'avg_response_time': np.float64(0.1581877036528154), 'max_response_time': np.float64(0.4343080520629883), 'min_response_time': np.float64(0.005982875823974609)}
2026-07-24 13:59:05,612 | WARNING  | [ANOMALY] Total anomalies detected: EURGBP-OTC 249
2026-07-24 13:59:05,612 | INFO     | [DataAdapter] M15 anomaly detection completed for EURGBP-OTC
2026-07-24 13:59:05,612 | INFO     | [DataAdapter] M15 data refresh completed for EURGBP-OTC
2026-07-24 13:59:05,613 | INFO     | [DataAdapter] Anomaly statistics for EURGBP-OTC: {'total_calls': 176, 'response_times': [0.013999700546264648, 0.31719064712524414, 0.2949824333190918, 0.03267955780029297, 0.16599440574645996, 0.4046361446380615, 0.3303542137145996, 0.18708395957946777, 0.012867212295532227, 0.29335784912109375, 0.21855616569519043, 0.04597282409667969, 0.016118288040161133, 0.16651606559753418, 0.17901921272277832, 0.04098248481750488, 0.027006864547729492, 0.2834603786468506, 0.20427322387695312, 0.21520233154296875, 0.006014347076416016, 0.24805641174316406, 0.2825925350189209, 0.026009082794189453, 0.03001713752746582, 0.33109354972839355, 0.26633429527282715, 0.03498196601867676, 0.013983488082885742, 0.16509389877319336, 0.203139066696167, 0.02601027488708496, 0.015662193298339844, 0.285672664642334, 0.16912531852722168, 0.031012296676635742, 0.02100062370300293, 0.19908738136291504, 0.33910560607910156, 0.4241623878479004, 0.031023502349853516, 0.12838149070739746, 0.22991466522216797, 0.025004148483276367, 0.005982875823974609, 0.15928292274475098, 0.18576288223266602, 0.024000883102416992, 0.020021677017211914, 0.2539963722229004, 0.23406672477722168, 0.027977466583251953, 0.032039642333984375, 0.23402166366577148, 0.35982704162597656, 0.031000375747680664, 0.029973506927490234, 0.21654653549194336, 0.4075918197631836, 0.32715654373168945, 0.015000104904174805, 0.21819853782653809, 0.24185967445373535, 0.032021284103393555, 0.014994621276855469, 0.35053372383117676, 0.2678334712982178, 0.037000179290771484, 0.020027637481689453, 0.35924363136291504, 0.2781853675842285, 0.031000137329101562, 0.015509366989135742, 0.21570110321044922, 0.3485097885131836, 0.03399968147277832, 0.015020370483398438, 0.2662651538848877, 0.2810933589935303, 0.3631160259246826, 0.006013154983520508, 0.3089568614959717, 0.2898275852203369, 0.02498316764831543, 0.014000892639160156, 0.2052288055419922, 0.28769516944885254, 0.030613422393798828, 0.03499746322631836, 0.34804296493530273, 0.23193693161010742, 0.04099726676940918, 0.0060138702392578125, 0.17101597785949707, 0.1998612880706787, 0.03898882865905762, 0.013130426406860352, 0.2299973964691162, 0.21095585823059082, 0.3939990997314453, 0.04900622367858887, 0.2888782024383545, 0.24605846405029297, 0.02899456024169922, 0.030014753341674805, 0.17598366737365723, 0.22558331489562988, 0.02981853485107422, 0.02001667022705078, 0.27314281463623047, 0.27499914169311523, 0.034003257751464844, 0.030124425888061523, 0.2938573360443115, 0.4343080520629883, 0.021994352340698242, 0.020197153091430664, 0.26502060890197754, 0.17703819274902344, 0.29517221450805664, 0.03000020980834961, 0.34667491912841797, 0.2830934524536133, 0.028986215591430664, 0.029996633529663086, 0.2961723804473877, 0.39194440841674805, 0.026000022888183594, 0.030128002166748047, 0.1931285858154297, 0.2600219249725342, 0.03214883804321289, 0.0060007572174072266, 0.22071075439453125, 0.18701696395874023, 0.038694143295288086, 0.006003141403198242, 0.24941754341125488, 0.3095681667327881, 0.2943575382232666, 0.050003767013549805, 0.2614006996154785, 0.16799163818359375, 0.030999422073364258, 0.014979839324951172, 0.3383784294128418, 0.24576759338378906, 0.03097701072692871, 0.013990163803100586, 0.26628565788269043, 0.22932028770446777, 0.034974098205566406, 0.02800583839416504, 0.18330931663513184, 0.3255429267883301, 0.03757071495056152, 0.015998125076293945, 0.2311546802520752, 0.20600509643554688, 0.28364109992980957, 0.04399228096008301, 0.24691486358642578, 0.27059030532836914, 0.028000831604003906, 0.006009340286254883, 0.3032398223876953, 0.3106367588043213, 0.03699660301208496, 0.019023895263671875, 0.23822784423828125, 0.20124268531799316, 0.039002418518066406, 0.022996187210083008, 0.2522008419036865, 0.2810332775115967, 0.04600405693054199], 'spike_count': 0, 'zero_volume_count': np.int64(98604), 'impossible_candle_count': 0, 'consecutive_anomalies': 0, 'avg_response_time': np.float64(0.1581877036528154), 'max_response_time': np.float64(0.4343080520629883), 'min_response_time': np.float64(0.005982875823974609)}
2026-07-24 13:59:05,614 | INFO     | [CSVWriter] Successfully wrote 396 rows to data_base/csv/iq_option\EURGBP-OTC\EURGBP-OTC_M1.csv
2026-07-24 13:59:05,614 | INFO     | [CSVQueue] Successfully processed write for data_base/csv/iq_option\EURGBP-OTC\EURGBP-OTC_M1.csv
2026-07-24 13:59:05,614 | INFO     | [CSVQueue] Queue size: 0
2026-07-24 13:59:05,866 | INFO     | [EURUSD:1.13854][EURUSD-OTC:1.15478][GBPUSD-OTC:1.33074][EURGBP-OTC:0.85594] :: TOTAL=$1271.51
2026-07-24 14:00:04,130 | INFO     | [DataAdapter] Starting update for EURUSD
2026-07-24 14:00:04,131 | INFO     | [DataAdapter] Refreshing M1 data for EURUSD
2026-07-24 14:00:04,131 | INFO     | [DataAdapter] Starting update for EURUSD-OTC
2026-07-24 14:00:04,132 | INFO     | [DataAdapter] Refreshing M1 data for EURUSD-OTC
2026-07-24 14:00:04,132 | INFO     | [DataAdapter] Starting update for GBPUSD-OTC
2026-07-24 14:00:04,132 | INFO     | [DataAdapter] Starting update for EURGBP-OTC
2026-07-24 14:00:04,132 | INFO     | [DataAdapter] Refreshing M1 data for GBPUSD-OTC
2026-07-24 14:00:04,133 | INFO     | [DataAdapter] Refreshing M1 data for EURGBP-OTC
2026-07-24 14:00:04,412 | INFO     | [IQOPTION] REST fetch succeeded for EURUSD: 5 candles
2026-07-24 14:00:04,483 | INFO     | [DataAdapter] M1 anomaly detection completed for EURUSD in 0.022s
2026-07-24 14:00:04,582 | INFO     | [CSVQueue] Enqueuing write for data_base/csv/iq_option\EURUSD\EURUSD_M1.csv - Queue size: 0
2026-07-24 14:00:04,598 | INFO     | [DataAdapter] M1 data refresh completed for EURUSD
2026-07-24 14:00:04,613 | INFO     | [CSVQueue] Processing write for data_base/csv/iq_option\EURUSD\EURUSD_M1.csv
2026-07-24 14:00:04,613 | INFO     | [DataAdapter] Refreshing M5 data for EURUSD
2026-07-24 14:00:04,644 | INFO     | [CSVWriter] Writing 249 rows to data_base/csv/iq_option\EURUSD\EURUSD_M1.csv
2026-07-24 14:00:04,863 | INFO     | [IQOPTION] REST fetch succeeded for EURUSD-OTC: 5 candles
2026-07-24 14:00:04,882 | ERROR    | [ANOMALY] CONSECUTIVE zero volume: EURUSD-OTC streak 248
2026-07-24 14:00:05,100 | INFO     | [CSVWriter] Successfully wrote 398 rows to data_base/csv/iq_option\EURUSD\EURUSD_M1.csv
2026-07-24 14:00:05,117 | INFO     | [CSVQueue] Successfully processed write for data_base/csv/iq_option\EURUSD\EURUSD_M1.csv
2026-07-24 14:00:05,117 | INFO     | [CSVQueue] Queue size: 0
2026-07-24 14:00:05,136 | WARNING  | [ANOMALY] Total anomalies detected: EURUSD-OTC 249
2026-07-24 14:00:05,137 | INFO     | [IQOPTION] REST fetch succeeded for GBPUSD-OTC: 5 candles
2026-07-24 14:00:05,164 | INFO     | [DataAdapter] M1 anomaly detection completed for EURUSD-OTC in 0.293s
2026-07-24 14:00:05,263 | ERROR    | [ANOMALY] CONSECUTIVE zero volume: GBPUSD-OTC streak 248
2026-07-24 14:00:05,323 | INFO     | [CSVQueue] Enqueuing write for data_base/csv/iq_option\EURUSD-OTC\EURUSD-OTC_M1.csv - Queue size: 0
2026-07-24 14:00:05,339 | INFO     | [DataAdapter] M1 data refresh completed for EURUSD-OTC
2026-07-24 14:00:05,355 | INFO     | [DataAdapter] Refreshing M5 data for EURUSD-OTC
2026-07-24 14:00:05,355 | INFO     | [CSVQueue] Processing write for data_base/csv/iq_option\EURUSD-OTC\EURUSD-OTC_M1.csv
2026-07-24 14:00:05,402 | INFO     | [CSVWriter] Writing 249 rows to data_base/csv/iq_option\EURUSD-OTC\EURUSD-OTC_M1.csv
2026-07-24 14:00:05,407 | INFO     | [IQOPTION] REST fetch succeeded for EURGBP-OTC: 5 candles
2026-07-24 14:00:05,452 | ERROR    | [ANOMALY] CONSECUTIVE zero volume: EURGBP-OTC streak 248
2026-07-24 14:00:05,500 | WARNING  | [ANOMALY] Total anomalies detected: GBPUSD-OTC 249
2026-07-24 14:00:05,500 | INFO     | [DataAdapter] M1 anomaly detection completed for GBPUSD-OTC in 0.270s
2026-07-24 14:00:05,640 | INFO     | [CSVQueue] Enqueuing write for data_base/csv/iq_option\GBPUSD-OTC\GBPUSD-OTC_M1.csv - Queue size: 0
2026-07-24 14:00:05,655 | INFO     | [DataAdapter] M1 data refresh completed for GBPUSD-OTC
2026-07-24 14:00:05,671 | INFO     | [DataAdapter] Refreshing M5 data for GBPUSD-OTC
2026-07-24 14:00:05,674 | WARNING  | [ANOMALY] Total anomalies detected: EURGBP-OTC 249
2026-07-24 14:00:05,687 | INFO     | [DataAdapter] M1 anomaly detection completed for EURGBP-OTC in 0.253s
2026-07-24 14:00:05,782 | INFO     | [CSVQueue] Enqueuing write for data_base/csv/iq_option\EURGBP-OTC\EURGBP-OTC_M1.csv - Queue size: 1
2026-07-24 14:00:05,783 | INFO     | [IQOPTION] REST fetch succeeded for EURUSD: 5 candles
2026-07-24 14:00:05,783 | INFO     | [DataAdapter] M1 data refresh completed for EURGBP-OTC
2026-07-24 14:00:05,813 | INFO     | [CSVWriter] Successfully wrote 397 rows to data_base/csv/iq_option\EURUSD-OTC\EURUSD-OTC_M1.csv
2026-07-24 14:00:05,844 | INFO     | [DataAdapter] Refreshing M5 data for EURGBP-OTC
2026-07-24 14:00:05,846 | INFO     | [DataAdapter] M5 anomaly detection completed for EURUSD
2026-07-24 14:00:05,891 | INFO     | [CSVQueue] Successfully processed write for data_base/csv/iq_option\EURUSD-OTC\EURUSD-OTC_M1.csv
2026-07-24 14:00:06,032 | INFO     | [CSVQueue] Processing write for data_base/csv/iq_option\GBPUSD-OTC\GBPUSD-OTC_M1.csv
2026-07-24 14:00:06,032 | INFO     | [CSVWriter] Writing 249 rows to data_base/csv/iq_option\GBPUSD-OTC\GBPUSD-OTC_M1.csv
2026-07-24 14:00:06,035 | INFO     | [IQOPTION] REST fetch succeeded for EURUSD-OTC: 5 candles
2026-07-24 14:00:06,080 | INFO     | [CSVQueue] Enqueuing write for data_base/csv/iq_option\EURUSD\EURUSD_M5.csv - Queue size: 1
2026-07-24 14:00:06,082 | ERROR    | [ANOMALY] CONSECUTIVE zero volume: EURUSD-OTC streak 248
2026-07-24 14:00:06,083 | INFO     | [DataAdapter] M5 data refresh completed for EURUSD
2026-07-24 14:00:06,128 | INFO     | [DataAdapter] Refreshing M15 data for EURUSD
2026-07-24 14:00:06,288 | WARNING  | [ANOMALY] Total anomalies detected: EURUSD-OTC 249
2026-07-24 14:00:06,297 | INFO     | [DataAdapter] M5 anomaly detection completed for EURUSD-OTC
2026-07-24 14:00:06,298 | INFO     | [IQOPTION] REST fetch succeeded for GBPUSD-OTC: 5 candles
2026-07-24 14:00:06,330 | ERROR    | [ANOMALY] CONSECUTIVE zero volume: GBPUSD-OTC streak 248
2026-07-24 14:00:06,405 | INFO     | [CSVQueue] Enqueuing write for data_base/csv/iq_option\EURUSD-OTC\EURUSD-OTC_M5.csv - Queue size: 2
2026-07-24 14:00:06,437 | INFO     | [CSVWriter] Successfully wrote 397 rows to data_base/csv/iq_option\GBPUSD-OTC\GBPUSD-OTC_M1.csv
2026-07-24 14:00:06,437 | INFO     | [DataAdapter] M5 data refresh completed for EURUSD-OTC
2026-07-24 14:00:06,500 | INFO     | [CSVQueue] Successfully processed write for data_base/csv/iq_option\GBPUSD-OTC\GBPUSD-OTC_M1.csv
2026-07-24 14:00:06,531 | INFO     | [DataAdapter] Refreshing M15 data for EURUSD-OTC
2026-07-24 14:00:06,531 | INFO     | [IQOPTION] REST fetch succeeded for EURGBP-OTC: 5 candles
2026-07-24 14:00:06,546 | INFO     | [CSVQueue] Processing write for data_base/csv/iq_option\EURGBP-OTC\EURGBP-OTC_M1.csv
2026-07-24 14:00:06,562 | WARNING  | [ANOMALY] Total anomalies detected: GBPUSD-OTC 249
2026-07-24 14:00:06,639 | INFO     | [CSVWriter] Writing 249 rows to data_base/csv/iq_option\EURGBP-OTC\EURGBP-OTC_M1.csv
2026-07-24 14:00:06,669 | INFO     | [DataAdapter] M5 anomaly detection completed for GBPUSD-OTC
2026-07-24 14:00:06,672 | ERROR    | [ANOMALY] CONSECUTIVE zero volume: EURGBP-OTC streak 248
2026-07-24 14:00:06,779 | INFO     | [CSVQueue] Enqueuing write for data_base/csv/iq_option\GBPUSD-OTC\GBPUSD-OTC_M5.csv - Queue size: 2
2026-07-24 14:00:06,780 | INFO     | [DataAdapter] M5 data refresh completed for GBPUSD-OTC
2026-07-24 14:00:06,780 | INFO     | [DataAdapter] Refreshing M15 data for GBPUSD-OTC
2026-07-24 14:00:06,859 | WARNING  | [ANOMALY] Total anomalies detected: EURGBP-OTC 249
2026-07-24 14:00:06,861 | INFO     | [IQOPTION] REST fetch succeeded for EURUSD: 250 candles
2026-07-24 14:00:06,861 | INFO     | [DataAdapter] M5 anomaly detection completed for EURGBP-OTC
2026-07-24 14:00:06,953 | INFO     | [CSVWriter] Successfully wrote 397 rows to data_base/csv/iq_option\EURGBP-OTC\EURGBP-OTC_M1.csv
2026-07-24 14:00:06,984 | INFO     | [CSVQueue] Successfully processed write for data_base/csv/iq_option\EURGBP-OTC\EURGBP-OTC_M1.csv
2026-07-24 14:00:07,004 | INFO     | [DataAdapter] M15 anomaly detection completed for EURUSD
2026-07-24 14:00:07,004 | INFO     | [CSVQueue] Processing write for data_base/csv/iq_option\EURUSD\EURUSD_M5.csv
2026-07-24 14:00:07,062 | INFO     | [CSVWriter] Writing 249 rows to data_base/csv/iq_option\EURUSD\EURUSD_M5.csv
2026-07-24 14:00:07,093 | INFO     | [CSVQueue] Enqueuing write for data_base/csv/iq_option\EURUSD\EURUSD_M15.csv - Queue size: 2
2026-07-24 14:00:07,166 | INFO     | [DataAdapter] M15 data refresh completed for EURUSD
2026-07-24 14:00:07,167 | INFO     | [CSVQueue] Enqueuing write for data_base/csv/iq_option\EURGBP-OTC\EURGBP-OTC_M5.csv - Queue size: 3
2026-07-24 14:00:07,167 | INFO     | [DataAdapter] Anomaly statistics for EURUSD: {'total_calls': 180, 'response_times': [0.013999700546264648, 0.31719064712524414, 0.2949824333190918, 0.03267955780029297, 0.16599440574645996, 0.4046361446380615, 0.3303542137145996, 0.18708395957946777, 0.012867212295532227, 0.29335784912109375, 0.21855616569519043, 0.04597282409667969, 0.016118288040161133, 0.16651606559753418, 0.17901921272277832, 0.04098248481750488, 0.027006864547729492, 0.2834603786468506, 0.20427322387695312, 0.21520233154296875, 0.006014347076416016, 0.24805641174316406, 0.2825925350189209, 0.026009082794189453, 0.03001713752746582, 0.33109354972839355, 0.26633429527282715, 0.03498196601867676, 0.013983488082885742, 0.16509389877319336, 0.203139066696167, 0.02601027488708496, 0.015662193298339844, 0.285672664642334, 0.16912531852722168, 0.031012296676635742, 0.02100062370300293, 0.19908738136291504, 0.33910560607910156, 0.4241623878479004, 0.031023502349853516, 0.12838149070739746, 0.22991466522216797, 0.025004148483276367, 0.005982875823974609, 0.15928292274475098, 0.18576288223266602, 0.024000883102416992, 0.020021677017211914, 0.2539963722229004, 0.23406672477722168, 0.027977466583251953, 0.032039642333984375, 0.23402166366577148, 0.35982704162597656, 0.031000375747680664, 0.029973506927490234, 0.21654653549194336, 0.4075918197631836, 0.32715654373168945, 0.015000104904174805, 0.21819853782653809, 0.24185967445373535, 0.032021284103393555, 0.014994621276855469, 0.35053372383117676, 0.2678334712982178, 0.037000179290771484, 0.020027637481689453, 0.35924363136291504, 0.2781853675842285, 0.031000137329101562, 0.015509366989135742, 0.21570110321044922, 0.3485097885131836, 0.03399968147277832, 0.015020370483398438, 0.2662651538848877, 0.2810933589935303, 0.3631160259246826, 0.006013154983520508, 0.3089568614959717, 0.2898275852203369, 0.02498316764831543, 0.014000892639160156, 0.2052288055419922, 0.28769516944885254, 0.030613422393798828, 0.03499746322631836, 0.34804296493530273, 0.23193693161010742, 0.04099726676940918, 0.0060138702392578125, 0.17101597785949707, 0.1998612880706787, 0.03898882865905762, 0.013130426406860352, 0.2299973964691162, 0.21095585823059082, 0.3939990997314453, 0.04900622367858887, 0.2888782024383545, 0.24605846405029297, 0.02899456024169922, 0.030014753341674805, 0.17598366737365723, 0.22558331489562988, 0.02981853485107422, 0.02001667022705078, 0.27314281463623047, 0.27499914169311523, 0.034003257751464844, 0.030124425888061523, 0.2938573360443115, 0.4343080520629883, 0.021994352340698242, 0.020197153091430664, 0.26502060890197754, 0.17703819274902344, 0.29517221450805664, 0.03000020980834961, 0.34667491912841797, 0.2830934524536133, 0.028986215591430664, 0.029996633529663086, 0.2961723804473877, 0.39194440841674805, 0.026000022888183594, 0.030128002166748047, 0.1931285858154297, 0.2600219249725342, 0.03214883804321289, 0.0060007572174072266, 0.22071075439453125, 0.18701696395874023, 0.038694143295288086, 0.006003141403198242, 0.24941754341125488, 0.3095681667327881, 0.2943575382232666, 0.050003767013549805, 0.2614006996154785, 0.16799163818359375, 0.030999422073364258, 0.014979839324951172, 0.3383784294128418, 0.24576759338378906, 0.03097701072692871, 0.013990163803100586, 0.26628565788269043, 0.22932028770446777, 0.034974098205566406, 0.02800583839416504, 0.18330931663513184, 0.3255429267883301, 0.03757071495056152, 0.015998125076293945, 0.2311546802520752, 0.20600509643554688, 0.28364109992980957, 0.04399228096008301, 0.24691486358642578, 0.27059030532836914, 0.028000831604003906, 0.006009340286254883, 0.3032398223876953, 0.3106367588043213, 0.03699660301208496, 0.019023895263671875, 0.23822784423828125, 0.20124268531799316, 0.039002418518066406, 0.022996187210083008, 0.2522008419036865, 0.2810332775115967, 0.04600405693054199, 0.02241659164428711, 0.292954683303833, 0.2699284553527832, 0.25340986251831055], 'spike_count': 0, 'zero_volume_count': np.int64(100098), 'impossible_candle_count': 0, 'consecutive_anomalies': 0, 'avg_response_time': np.float64(0.159331919087304), 'max_response_time': np.float64(0.4343080520629883), 'min_response_time': np.float64(0.005982875823974609)}
2026-07-24 14:00:07,168 | INFO     | [IQOPTION] REST fetch succeeded for EURUSD-OTC: 250 candles
2026-07-24 14:00:07,195 | INFO     | [DataAdapter] M5 data refresh completed for EURGBP-OTC
2026-07-24 14:00:07,299 | INFO     | [DataAdapter] Refreshing M15 data for EURGBP-OTC
2026-07-24 14:00:07,304 | ERROR    | [ANOMALY] CONSECUTIVE zero volume: EURUSD-OTC streak 248
2026-07-24 14:00:07,455 | INFO     | [CSVWriter] Successfully wrote 279 rows to data_base/csv/iq_option\EURUSD\EURUSD_M5.csv
2026-07-24 14:00:07,487 | INFO     | [CSVQueue] Successfully processed write for data_base/csv/iq_option\EURUSD\EURUSD_M5.csv
2026-07-24 14:00:07,496 | INFO     | [CSVQueue] Processing write for data_base/csv/iq_option\EURUSD-OTC\EURUSD-OTC_M5.csv
2026-07-24 14:00:07,496 | INFO     | [CSVWriter] Writing 249 rows to data_base/csv/iq_option\EURUSD-OTC\EURUSD-OTC_M5.csv
2026-07-24 14:00:07,499 | INFO     | [IQOPTION] REST fetch succeeded for GBPUSD-OTC: 250 candles
2026-07-24 14:00:07,504 | WARNING  | [ANOMALY] Total anomalies detected: EURUSD-OTC 249
2026-07-24 14:00:07,508 | INFO     | [DataAdapter] M15 anomaly detection completed for EURUSD-OTC
2026-07-24 14:00:07,550 | ERROR    | [ANOMALY] CONSECUTIVE zero volume: GBPUSD-OTC streak 248
2026-07-24 14:00:07,626 | INFO     | [CSVQueue] Enqueuing write for data_base/csv/iq_option\EURUSD-OTC\EURUSD-OTC_M15.csv - Queue size: 3
2026-07-24 14:00:07,658 | INFO     | [DataAdapter] M15 data refresh completed for EURUSD-OTC
2026-07-24 14:00:07,674 | INFO     | [DataAdapter] Anomaly statistics for EURUSD-OTC: {'total_calls': 180, 'response_times': [0.013999700546264648, 0.31719064712524414, 0.2949824333190918, 0.03267955780029297, 0.16599440574645996, 0.4046361446380615, 0.3303542137145996, 0.18708395957946777, 0.012867212295532227, 0.29335784912109375, 0.21855616569519043, 0.04597282409667969, 0.016118288040161133, 0.16651606559753418, 0.17901921272277832, 0.04098248481750488, 0.027006864547729492, 0.2834603786468506, 0.20427322387695312, 0.21520233154296875, 0.006014347076416016, 0.24805641174316406, 0.2825925350189209, 0.026009082794189453, 0.03001713752746582, 0.33109354972839355, 0.26633429527282715, 0.03498196601867676, 0.013983488082885742, 0.16509389877319336, 0.203139066696167, 0.02601027488708496, 0.015662193298339844, 0.285672664642334, 0.16912531852722168, 0.031012296676635742, 0.02100062370300293, 0.19908738136291504, 0.33910560607910156, 0.4241623878479004, 0.031023502349853516, 0.12838149070739746, 0.22991466522216797, 0.025004148483276367, 0.005982875823974609, 0.15928292274475098, 0.18576288223266602, 0.024000883102416992, 0.020021677017211914, 0.2539963722229004, 0.23406672477722168, 0.027977466583251953, 0.032039642333984375, 0.23402166366577148, 0.35982704162597656, 0.031000375747680664, 0.029973506927490234, 0.21654653549194336, 0.4075918197631836, 0.32715654373168945, 0.015000104904174805, 0.21819853782653809, 0.24185967445373535, 0.032021284103393555, 0.014994621276855469, 0.35053372383117676, 0.2678334712982178, 0.037000179290771484, 0.020027637481689453, 0.35924363136291504, 0.2781853675842285, 0.031000137329101562, 0.015509366989135742, 0.21570110321044922, 0.3485097885131836, 0.03399968147277832, 0.015020370483398438, 0.2662651538848877, 0.2810933589935303, 0.3631160259246826, 0.006013154983520508, 0.3089568614959717, 0.2898275852203369, 0.02498316764831543, 0.014000892639160156, 0.2052288055419922, 0.28769516944885254, 0.030613422393798828, 0.03499746322631836, 0.34804296493530273, 0.23193693161010742, 0.04099726676940918, 0.0060138702392578125, 0.17101597785949707, 0.1998612880706787, 0.03898882865905762, 0.013130426406860352, 0.2299973964691162, 0.21095585823059082, 0.3939990997314453, 0.04900622367858887, 0.2888782024383545, 0.24605846405029297, 0.02899456024169922, 0.030014753341674805, 0.17598366737365723, 0.22558331489562988, 0.02981853485107422, 0.02001667022705078, 0.27314281463623047, 0.27499914169311523, 0.034003257751464844, 0.030124425888061523, 0.2938573360443115, 0.4343080520629883, 0.021994352340698242, 0.020197153091430664, 0.26502060890197754, 0.17703819274902344, 0.29517221450805664, 0.03000020980834961, 0.34667491912841797, 0.2830934524536133, 0.028986215591430664, 0.029996633529663086, 0.2961723804473877, 0.39194440841674805, 0.026000022888183594, 0.030128002166748047, 0.1931285858154297, 0.2600219249725342, 0.03214883804321289, 0.0060007572174072266, 0.22071075439453125, 0.18701696395874023, 0.038694143295288086, 0.006003141403198242, 0.24941754341125488, 0.3095681667327881, 0.2943575382232666, 0.050003767013549805, 0.2614006996154785, 0.16799163818359375, 0.030999422073364258, 0.014979839324951172, 0.3383784294128418, 0.24576759338378906, 0.03097701072692871, 0.013990163803100586, 0.26628565788269043, 0.22932028770446777, 0.034974098205566406, 0.02800583839416504, 0.18330931663513184, 0.3255429267883301, 0.03757071495056152, 0.015998125076293945, 0.2311546802520752, 0.20600509643554688, 0.28364109992980957, 0.04399228096008301, 0.24691486358642578, 0.27059030532836914, 0.028000831604003906, 0.006009340286254883, 0.3032398223876953, 0.3106367588043213, 0.03699660301208496, 0.019023895263671875, 0.23822784423828125, 0.20124268531799316, 0.039002418518066406, 0.022996187210083008, 0.2522008419036865, 0.2810332775115967, 0.04600405693054199, 0.02241659164428711, 0.292954683303833, 0.2699284553527832, 0.25340986251831055], 'spike_count': 0, 'zero_volume_count': np.int64(100596), 'impossible_candle_count': 0, 'consecutive_anomalies': 0, 'avg_response_time': np.float64(0.159331919087304), 'max_response_time': np.float64(0.4343080520629883), 'min_response_time': np.float64(0.005982875823974609)}
2026-07-24 14:00:07,915 | WARNING  | [ANOMALY] Total anomalies detected: GBPUSD-OTC 249
2026-07-24 14:00:07,927 | INFO     | [DataAdapter] M15 anomaly detection completed for GBPUSD-OTC
2026-07-24 14:00:08,019 | INFO     | [CSVQueue] Enqueuing write for data_base/csv/iq_option\GBPUSD-OTC\GBPUSD-OTC_M15.csv - Queue size: 4
2026-07-24 14:00:08,019 | INFO     | [IQOPTION] REST fetch succeeded for EURGBP-OTC: 250 candles
2026-07-24 14:00:08,019 | INFO     | [DataAdapter] M15 data refresh completed for GBPUSD-OTC
2026-07-24 14:00:08,027 | INFO     | [DataAdapter] Anomaly statistics for GBPUSD-OTC: {'total_calls': 180, 'response_times': [0.013999700546264648, 0.31719064712524414, 0.2949824333190918, 0.03267955780029297, 0.16599440574645996, 0.4046361446380615, 0.3303542137145996, 0.18708395957946777, 0.012867212295532227, 0.29335784912109375, 0.21855616569519043, 0.04597282409667969, 0.016118288040161133, 0.16651606559753418, 0.17901921272277832, 0.04098248481750488, 0.027006864547729492, 0.2834603786468506, 0.20427322387695312, 0.21520233154296875, 0.006014347076416016, 0.24805641174316406, 0.2825925350189209, 0.026009082794189453, 0.03001713752746582, 0.33109354972839355, 0.26633429527282715, 0.03498196601867676, 0.013983488082885742, 0.16509389877319336, 0.203139066696167, 0.02601027488708496, 0.015662193298339844, 0.285672664642334, 0.16912531852722168, 0.031012296676635742, 0.02100062370300293, 0.19908738136291504, 0.33910560607910156, 0.4241623878479004, 0.031023502349853516, 0.12838149070739746, 0.22991466522216797, 0.025004148483276367, 0.005982875823974609, 0.15928292274475098, 0.18576288223266602, 0.024000883102416992, 0.020021677017211914, 0.2539963722229004, 0.23406672477722168, 0.027977466583251953, 0.032039642333984375, 0.23402166366577148, 0.35982704162597656, 0.031000375747680664, 0.029973506927490234, 0.21654653549194336, 0.4075918197631836, 0.32715654373168945, 0.015000104904174805, 0.21819853782653809, 0.24185967445373535, 0.032021284103393555, 0.014994621276855469, 0.35053372383117676, 0.2678334712982178, 0.037000179290771484, 0.020027637481689453, 0.35924363136291504, 0.2781853675842285, 0.031000137329101562, 0.015509366989135742, 0.21570110321044922, 0.3485097885131836, 0.03399968147277832, 0.015020370483398438, 0.2662651538848877, 0.2810933589935303, 0.3631160259246826, 0.006013154983520508, 0.3089568614959717, 0.2898275852203369, 0.02498316764831543, 0.014000892639160156, 0.2052288055419922, 0.28769516944885254, 0.030613422393798828, 0.03499746322631836, 0.34804296493530273, 0.23193693161010742, 0.04099726676940918, 0.0060138702392578125, 0.17101597785949707, 0.1998612880706787, 0.03898882865905762, 0.013130426406860352, 0.2299973964691162, 0.21095585823059082, 0.3939990997314453, 0.04900622367858887, 0.2888782024383545, 0.24605846405029297, 0.02899456024169922, 0.030014753341674805, 0.17598366737365723, 0.22558331489562988, 0.02981853485107422, 0.02001667022705078, 0.27314281463623047, 0.27499914169311523, 0.034003257751464844, 0.030124425888061523, 0.2938573360443115, 0.4343080520629883, 0.021994352340698242, 0.020197153091430664, 0.26502060890197754, 0.17703819274902344, 0.29517221450805664, 0.03000020980834961, 0.34667491912841797, 0.2830934524536133, 0.028986215591430664, 0.029996633529663086, 0.2961723804473877, 0.39194440841674805, 0.026000022888183594, 0.030128002166748047, 0.1931285858154297, 0.2600219249725342, 0.03214883804321289, 0.0060007572174072266, 0.22071075439453125, 0.18701696395874023, 0.038694143295288086, 0.006003141403198242, 0.24941754341125488, 0.3095681667327881, 0.2943575382232666, 0.050003767013549805, 0.2614006996154785, 0.16799163818359375, 0.030999422073364258, 0.014979839324951172, 0.3383784294128418, 0.24576759338378906, 0.03097701072692871, 0.013990163803100586, 0.26628565788269043, 0.22932028770446777, 0.034974098205566406, 0.02800583839416504, 0.18330931663513184, 0.3255429267883301, 0.03757071495056152, 0.015998125076293945, 0.2311546802520752, 0.20600509643554688, 0.28364109992980957, 0.04399228096008301, 0.24691486358642578, 0.27059030532836914, 0.028000831604003906, 0.006009340286254883, 0.3032398223876953, 0.3106367588043213, 0.03699660301208496, 0.019023895263671875, 0.23822784423828125, 0.20124268531799316, 0.039002418518066406, 0.022996187210083008, 0.2522008419036865, 0.2810332775115967, 0.04600405693054199, 0.02241659164428711, 0.292954683303833, 0.2699284553527832, 0.25340986251831055], 'spike_count': 0, 'zero_volume_count': np.int64(100596), 'impossible_candle_count': 0, 'consecutive_anomalies': 0, 'avg_response_time': np.float64(0.159331919087304), 'max_response_time': np.float64(0.4343080520629883), 'min_response_time': np.float64(0.005982875823974609)}
2026-07-24 14:00:08,031 | INFO     | [CSVWriter] Successfully wrote 279 rows to data_base/csv/iq_option\EURUSD-OTC\EURUSD-OTC_M5.csv
2026-07-24 14:00:08,034 | INFO     | [CSVQueue] Successfully processed write for data_base/csv/iq_option\EURUSD-OTC\EURUSD-OTC_M5.csv
2026-07-24 14:00:08,037 | ERROR    | [ANOMALY] CONSECUTIVE zero volume: EURGBP-OTC streak 248
2026-07-24 14:00:08,037 | INFO     | [CSVQueue] Processing write for data_base/csv/iq_option\GBPUSD-OTC\GBPUSD-OTC_M5.csv
2026-07-24 14:00:08,039 | INFO     | [CSVWriter] Writing 249 rows to data_base/csv/iq_option\GBPUSD-OTC\GBPUSD-OTC_M5.csv
2026-07-24 14:00:08,052 | WARNING  | [ANOMALY] Total anomalies detected: EURGBP-OTC 249
2026-07-24 14:00:08,053 | INFO     | [DataAdapter] M15 anomaly detection completed for EURGBP-OTC
2026-07-24 14:00:08,059 | INFO     | [CSVQueue] Enqueuing write for data_base/csv/iq_option\EURGBP-OTC\EURGBP-OTC_M15.csv - Queue size: 4
2026-07-24 14:00:08,059 | INFO     | [DataAdapter] M15 data refresh completed for EURGBP-OTC
2026-07-24 14:00:08,060 | INFO     | [CSVWriter] Successfully wrote 279 rows to data_base/csv/iq_option\GBPUSD-OTC\GBPUSD-OTC_M5.csv
2026-07-24 14:00:08,060 | INFO     | [DataAdapter] Anomaly statistics for EURGBP-OTC: {'total_calls': 180, 'response_times': [0.013999700546264648, 0.31719064712524414, 0.2949824333190918, 0.03267955780029297, 0.16599440574645996, 0.4046361446380615, 0.3303542137145996, 0.18708395957946777, 0.012867212295532227, 0.29335784912109375, 0.21855616569519043, 0.04597282409667969, 0.016118288040161133, 0.16651606559753418, 0.17901921272277832, 0.04098248481750488, 0.027006864547729492, 0.2834603786468506, 0.20427322387695312, 0.21520233154296875, 0.006014347076416016, 0.24805641174316406, 0.2825925350189209, 0.026009082794189453, 0.03001713752746582, 0.33109354972839355, 0.26633429527282715, 0.03498196601867676, 0.013983488082885742, 0.16509389877319336, 0.203139066696167, 0.02601027488708496, 0.015662193298339844, 0.285672664642334, 0.16912531852722168, 0.031012296676635742, 0.02100062370300293, 0.19908738136291504, 0.33910560607910156, 0.4241623878479004, 0.031023502349853516, 0.12838149070739746, 0.22991466522216797, 0.025004148483276367, 0.005982875823974609, 0.15928292274475098, 0.18576288223266602, 0.024000883102416992, 0.020021677017211914, 0.2539963722229004, 0.23406672477722168, 0.027977466583251953, 0.032039642333984375, 0.23402166366577148, 0.35982704162597656, 0.031000375747680664, 0.029973506927490234, 0.21654653549194336, 0.4075918197631836, 0.32715654373168945, 0.015000104904174805, 0.21819853782653809, 0.24185967445373535, 0.032021284103393555, 0.014994621276855469, 0.35053372383117676, 0.2678334712982178, 0.037000179290771484, 0.020027637481689453, 0.35924363136291504, 0.2781853675842285, 0.031000137329101562, 0.015509366989135742, 0.21570110321044922, 0.3485097885131836, 0.03399968147277832, 0.015020370483398438, 0.2662651538848877, 0.2810933589935303, 0.3631160259246826, 0.006013154983520508, 0.3089568614959717, 0.2898275852203369, 0.02498316764831543, 0.014000892639160156, 0.2052288055419922, 0.28769516944885254, 0.030613422393798828, 0.03499746322631836, 0.34804296493530273, 0.23193693161010742, 0.04099726676940918, 0.0060138702392578125, 0.17101597785949707, 0.1998612880706787, 0.03898882865905762, 0.013130426406860352, 0.2299973964691162, 0.21095585823059082, 0.3939990997314453, 0.04900622367858887, 0.2888782024383545, 0.24605846405029297, 0.02899456024169922, 0.030014753341674805, 0.17598366737365723, 0.22558331489562988, 0.02981853485107422, 0.02001667022705078, 0.27314281463623047, 0.27499914169311523, 0.034003257751464844, 0.030124425888061523, 0.2938573360443115, 0.4343080520629883, 0.021994352340698242, 0.020197153091430664, 0.26502060890197754, 0.17703819274902344, 0.29517221450805664, 0.03000020980834961, 0.34667491912841797, 0.2830934524536133, 0.028986215591430664, 0.029996633529663086, 0.2961723804473877, 0.39194440841674805, 0.026000022888183594, 0.030128002166748047, 0.1931285858154297, 0.2600219249725342, 0.03214883804321289, 0.0060007572174072266, 0.22071075439453125, 0.18701696395874023, 0.038694143295288086, 0.006003141403198242, 0.24941754341125488, 0.3095681667327881, 0.2943575382232666, 0.050003767013549805, 0.2614006996154785, 0.16799163818359375, 0.030999422073364258, 0.014979839324951172, 0.3383784294128418, 0.24576759338378906, 0.03097701072692871, 0.013990163803100586, 0.26628565788269043, 0.22932028770446777, 0.034974098205566406, 0.02800583839416504, 0.18330931663513184, 0.3255429267883301, 0.03757071495056152, 0.015998125076293945, 0.2311546802520752, 0.20600509643554688, 0.28364109992980957, 0.04399228096008301, 0.24691486358642578, 0.27059030532836914, 0.028000831604003906, 0.006009340286254883, 0.3032398223876953, 0.3106367588043213, 0.03699660301208496, 0.019023895263671875, 0.23822784423828125, 0.20124268531799316, 0.039002418518066406, 0.022996187210083008, 0.2522008419036865, 0.2810332775115967, 0.04600405693054199, 0.02241659164428711, 0.292954683303833, 0.2699284553527832, 0.25340986251831055], 'spike_count': 0, 'zero_volume_count': np.int64(100845), 'impossible_candle_count': 0, 'consecutive_anomalies': 0, 'avg_response_time': np.float64(0.159331919087304), 'max_response_time': np.float64(0.4343080520629883), 'min_response_time': np.float64(0.005982875823974609)}
2026-07-24 14:00:08,060 | INFO     | [CSVQueue] Successfully processed write for data_base/csv/iq_option\GBPUSD-OTC\GBPUSD-OTC_M5.csv
2026-07-24 14:00:08,061 | INFO     | [CSVQueue] Processing write for data_base/csv/iq_option\EURUSD\EURUSD_M15.csv
2026-07-24 14:00:08,061 | INFO     | [CSVWriter] Writing 249 rows to data_base/csv/iq_option\EURUSD\EURUSD_M15.csv
2026-07-24 14:00:08,074 | INFO     | [CSVWriter] Successfully wrote 259 rows to data_base/csv/iq_option\EURUSD\EURUSD_M15.csv
2026-07-24 14:00:08,074 | INFO     | [CSVQueue] Successfully processed write for data_base/csv/iq_option\EURUSD\EURUSD_M15.csv
2026-07-24 14:00:08,074 | INFO     | [CSVQueue] Processing write for data_base/csv/iq_option\EURGBP-OTC\EURGBP-OTC_M5.csv
2026-07-24 14:00:08,075 | INFO     | [CSVWriter] Writing 249 rows to data_base/csv/iq_option\EURGBP-OTC\EURGBP-OTC_M5.csv
2026-07-24 14:00:08,094 | INFO     | [CSVWriter] Successfully wrote 279 rows to data_base/csv/iq_option\EURGBP-OTC\EURGBP-OTC_M5.csv
2026-07-24 14:00:08,094 | INFO     | [CSVQueue] Successfully processed write for data_base/csv/iq_option\EURGBP-OTC\EURGBP-OTC_M5.csv
2026-07-24 14:00:08,095 | INFO     | [CSVQueue] Processing write for data_base/csv/iq_option\EURUSD-OTC\EURUSD-OTC_M15.csv
2026-07-24 14:00:08,099 | INFO     | [CSVWriter] Writing 249 rows to data_base/csv/iq_option\EURUSD-OTC\EURUSD-OTC_M15.csv
2026-07-24 14:00:08,176 | INFO     | [CSVWriter] Successfully wrote 259 rows to data_base/csv/iq_option\EURUSD-OTC\EURUSD-OTC_M15.csv
2026-07-24 14:00:08,177 | INFO     | [CSVQueue] Successfully processed write for data_base/csv/iq_option\EURUSD-OTC\EURUSD-OTC_M15.csv
2026-07-24 14:00:08,177 | INFO     | [CSVQueue] Processing write for data_base/csv/iq_option\GBPUSD-OTC\GBPUSD-OTC_M15.csv
2026-07-24 14:00:08,178 | INFO     | [CSVWriter] Writing 249 rows to data_base/csv/iq_option\GBPUSD-OTC\GBPUSD-OTC_M15.csv
2026-07-24 14:00:08,192 | INFO     | [CSVWriter] Successfully wrote 259 rows to data_base/csv/iq_option\GBPUSD-OTC\GBPUSD-OTC_M15.csv
2026-07-24 14:00:08,192 | INFO     | [CSVQueue] Successfully processed write for data_base/csv/iq_option\GBPUSD-OTC\GBPUSD-OTC_M15.csv
2026-07-24 14:00:08,192 | INFO     | [CSVQueue] Processing write for data_base/csv/iq_option\EURGBP-OTC\EURGBP-OTC_M15.csv
2026-07-24 14:00:08,192 | INFO     | [CSVWriter] Writing 249 rows to data_base/csv/iq_option\EURGBP-OTC\EURGBP-OTC_M15.csv
2026-07-24 14:00:08,209 | INFO     | [CSVWriter] Successfully wrote 259 rows to data_base/csv/iq_option\EURGBP-OTC\EURGBP-OTC_M15.csv
2026-07-24 14:00:08,209 | INFO     | [CSVQueue] Successfully processed write for data_base/csv/iq_option\EURGBP-OTC\EURGBP-OTC_M15.csv
2026-07-24 14:00:08,210 | INFO     | [CSVQueue] Queue size: 0
2026-07-24 14:00:08,415 | INFO     | [EURUSD:1.13869][EURUSD-OTC:1.15423][GBPUSD-OTC:1.33008][EURGBP-OTC:0.85579] :: TOTAL=$1271.51
2026-07-24 14:01:03,693 | INFO     | [DataAdapter] Starting update for EURUSD
2026-07-24 14:01:03,693 | INFO     | [DataAdapter] Refreshing M1 data for EURUSD
2026-07-24 14:01:03,693 | INFO     | [DataAdapter] Starting update for EURUSD-OTC
2026-07-24 14:01:03,694 | INFO     | [DataAdapter] Refreshing M1 data for EURUSD-OTC
2026-07-24 14:01:03,694 | INFO     | [DataAdapter] Starting update for GBPUSD-OTC
2026-07-24 14:01:03,694 | INFO     | [DataAdapter] Refreshing M1 data for GBPUSD-OTC
2026-07-24 14:01:03,694 | INFO     | [DataAdapter] Starting update for EURGBP-OTC
2026-07-24 14:01:03,694 | INFO     | [DataAdapter] Refreshing M1 data for EURGBP-OTC
2026-07-24 14:01:03,946 | INFO     | [IQOPTION] REST fetch succeeded for EURUSD: 5 candles
2026-07-24 14:01:03,996 | INFO     | [DataAdapter] M1 anomaly detection completed for EURUSD in 0.028s
2026-07-24 14:01:04,088 | INFO     | [CSVQueue] Enqueuing write for data_base/csv/iq_option\EURUSD\EURUSD_M1.csv - Queue size: 0
2026-07-24 14:01:04,118 | INFO     | [DataAdapter] M1 data refresh completed for EURUSD
2026-07-24 14:01:04,118 | INFO     | [CSVQueue] Processing write for data_base/csv/iq_option\EURUSD\EURUSD_M1.csv
2026-07-24 14:01:04,136 | INFO     | [DataAdapter] Refreshing M5 data for EURUSD
2026-07-24 14:01:04,199 | INFO     | [CSVWriter] Writing 249 rows to data_base/csv/iq_option\EURUSD\EURUSD_M1.csv
2026-07-24 14:01:04,238 | INFO     | [DataAdapter] M5 anomaly detection completed for EURUSD
2026-07-24 14:01:04,263 | INFO     | [IQOPTION] REST fetch succeeded for EURUSD-OTC: 5 candles
2026-07-24 14:01:04,307 | INFO     | [DataAdapter] M5 data refresh completed for EURUSD
2026-07-24 14:01:04,326 | INFO     | [DataAdapter] Refreshing M15 data for EURUSD
2026-07-24 14:01:04,332 | INFO     | [DataAdapter] M15 anomaly detection completed for EURUSD
2026-07-24 14:01:04,332 | INFO     | [DataAdapter] M15 data refresh completed for EURUSD
2026-07-24 14:01:04,333 | INFO     | [DataAdapter] Anomaly statistics for EURUSD: {'total_calls': 181, 'response_times': [0.013999700546264648, 0.31719064712524414, 0.2949824333190918, 0.03267955780029297, 0.16599440574645996, 0.4046361446380615, 0.3303542137145996, 0.18708395957946777, 0.012867212295532227, 0.29335784912109375, 0.21855616569519043, 0.04597282409667969, 0.016118288040161133, 0.16651606559753418, 0.17901921272277832, 0.04098248481750488, 0.027006864547729492, 0.2834603786468506, 0.20427322387695312, 0.21520233154296875, 0.006014347076416016, 0.24805641174316406, 0.2825925350189209, 0.026009082794189453, 0.03001713752746582, 0.33109354972839355, 0.26633429527282715, 0.03498196601867676, 0.013983488082885742, 0.16509389877319336, 0.203139066696167, 0.02601027488708496, 0.015662193298339844, 0.285672664642334, 0.16912531852722168, 0.031012296676635742, 0.02100062370300293, 0.19908738136291504, 0.33910560607910156, 0.4241623878479004, 0.031023502349853516, 0.12838149070739746, 0.22991466522216797, 0.025004148483276367, 0.005982875823974609, 0.15928292274475098, 0.18576288223266602, 0.024000883102416992, 0.020021677017211914, 0.2539963722229004, 0.23406672477722168, 0.027977466583251953, 0.032039642333984375, 0.23402166366577148, 0.35982704162597656, 0.031000375747680664, 0.029973506927490234, 0.21654653549194336, 0.4075918197631836, 0.32715654373168945, 0.015000104904174805, 0.21819853782653809, 0.24185967445373535, 0.032021284103393555, 0.014994621276855469, 0.35053372383117676, 0.2678334712982178, 0.037000179290771484, 0.020027637481689453, 0.35924363136291504, 0.2781853675842285, 0.031000137329101562, 0.015509366989135742, 0.21570110321044922, 0.3485097885131836, 0.03399968147277832, 0.015020370483398438, 0.2662651538848877, 0.2810933589935303, 0.3631160259246826, 0.006013154983520508, 0.3089568614959717, 0.2898275852203369, 0.02498316764831543, 0.014000892639160156, 0.2052288055419922, 0.28769516944885254, 0.030613422393798828, 0.03499746322631836, 0.34804296493530273, 0.23193693161010742, 0.04099726676940918, 0.0060138702392578125, 0.17101597785949707, 0.1998612880706787, 0.03898882865905762, 0.013130426406860352, 0.2299973964691162, 0.21095585823059082, 0.3939990997314453, 0.04900622367858887, 0.2888782024383545, 0.24605846405029297, 0.02899456024169922, 0.030014753341674805, 0.17598366737365723, 0.22558331489562988, 0.02981853485107422, 0.02001667022705078, 0.27314281463623047, 0.27499914169311523, 0.034003257751464844, 0.030124425888061523, 0.2938573360443115, 0.4343080520629883, 0.021994352340698242, 0.020197153091430664, 0.26502060890197754, 0.17703819274902344, 0.29517221450805664, 0.03000020980834961, 0.34667491912841797, 0.2830934524536133, 0.028986215591430664, 0.029996633529663086, 0.2961723804473877, 0.39194440841674805, 0.026000022888183594, 0.030128002166748047, 0.1931285858154297, 0.2600219249725342, 0.03214883804321289, 0.0060007572174072266, 0.22071075439453125, 0.18701696395874023, 0.038694143295288086, 0.006003141403198242, 0.24941754341125488, 0.3095681667327881, 0.2943575382232666, 0.050003767013549805, 0.2614006996154785, 0.16799163818359375, 0.030999422073364258, 0.014979839324951172, 0.3383784294128418, 0.24576759338378906, 0.03097701072692871, 0.013990163803100586, 0.26628565788269043, 0.22932028770446777, 0.034974098205566406, 0.02800583839416504, 0.18330931663513184, 0.3255429267883301, 0.03757071495056152, 0.015998125076293945, 0.2311546802520752, 0.20600509643554688, 0.28364109992980957, 0.04399228096008301, 0.24691486358642578, 0.27059030532836914, 0.028000831604003906, 0.006009340286254883, 0.3032398223876953, 0.3106367588043213, 0.03699660301208496, 0.019023895263671875, 0.23822784423828125, 0.20124268531799316, 0.039002418518066406, 0.022996187210083008, 0.2522008419036865, 0.2810332775115967, 0.04600405693054199, 0.02241659164428711, 0.292954683303833, 0.2699284553527832, 0.25340986251831055, 0.027996063232421875], 'spike_count': 0, 'zero_volume_count': np.int64(100845), 'impossible_candle_count': 0, 'consecutive_anomalies': 0, 'avg_response_time': np.float64(0.15860630662401737), 'max_response_time': np.float64(0.4343080520629883), 'min_response_time': np.float64(0.005982875823974609)}
2026-07-24 14:01:04,370 | ERROR    | [ANOMALY] CONSECUTIVE zero volume: EURUSD-OTC streak 248
2026-07-24 14:01:04,483 | WARNING  | [ANOMALY] Total anomalies detected: EURUSD-OTC 249
2026-07-24 14:01:04,483 | INFO     | [DataAdapter] M1 anomaly detection completed for EURUSD-OTC in 0.127s
2026-07-24 14:01:04,559 | INFO     | [IQOPTION] REST fetch succeeded for GBPUSD-OTC: 5 candles
2026-07-24 14:01:04,583 | ERROR    | [ANOMALY] CONSECUTIVE zero volume: GBPUSD-OTC streak 248
2026-07-24 14:01:04,591 | INFO     | [CSVQueue] Enqueuing write for data_base/csv/iq_option\EURUSD-OTC\EURUSD-OTC_M1.csv - Queue size: 0
2026-07-24 14:01:04,591 | INFO     | [CSVWriter] Successfully wrote 399 rows to data_base/csv/iq_option\EURUSD\EURUSD_M1.csv
2026-07-24 14:01:04,639 | INFO     | [DataAdapter] M1 data refresh completed for EURUSD-OTC
2026-07-24 14:01:04,639 | INFO     | [CSVQueue] Successfully processed write for data_base/csv/iq_option\EURUSD\EURUSD_M1.csv
2026-07-24 14:01:04,670 | INFO     | [DataAdapter] Refreshing M5 data for EURUSD-OTC
2026-07-24 14:01:04,733 | INFO     | [CSVQueue] Processing write for data_base/csv/iq_option\EURUSD-OTC\EURUSD-OTC_M1.csv
2026-07-24 14:01:04,781 | INFO     | [CSVWriter] Writing 249 rows to data_base/csv/iq_option\EURUSD-OTC\EURUSD-OTC_M1.csv
2026-07-24 14:01:04,785 | ERROR    | [ANOMALY] CONSECUTIVE zero volume: EURUSD-OTC streak 248
2026-07-24 14:01:04,893 | WARNING  | [ANOMALY] Total anomalies detected: GBPUSD-OTC 249
2026-07-24 14:01:04,938 | INFO     | [DataAdapter] M1 anomaly detection completed for GBPUSD-OTC in 0.358s
2026-07-24 14:01:04,971 | INFO     | [IQOPTION] REST fetch succeeded for EURGBP-OTC: 5 candles
2026-07-24 14:01:04,984 | WARNING  | [ANOMALY] Total anomalies detected: EURUSD-OTC 249
2026-07-24 14:01:04,986 | ERROR    | [ANOMALY] CONSECUTIVE zero volume: EURGBP-OTC streak 248
2026-07-24 14:01:04,986 | INFO     | [DataAdapter] M5 anomaly detection completed for EURUSD-OTC
2026-07-24 14:01:04,986 | INFO     | [CSVQueue] Enqueuing write for data_base/csv/iq_option\GBPUSD-OTC\GBPUSD-OTC_M1.csv - Queue size: 0
2026-07-24 14:01:04,990 | INFO     | [DataAdapter] M5 data refresh completed for EURUSD-OTC
2026-07-24 14:01:04,990 | INFO     | [DataAdapter] M1 data refresh completed for GBPUSD-OTC
2026-07-24 14:01:04,990 | INFO     | [DataAdapter] Refreshing M15 data for EURUSD-OTC
2026-07-24 14:01:04,993 | INFO     | [CSVWriter] Successfully wrote 398 rows to data_base/csv/iq_option\EURUSD-OTC\EURUSD-OTC_M1.csv
2026-07-24 14:01:04,993 | INFO     | [DataAdapter] Refreshing M5 data for GBPUSD-OTC
2026-07-24 14:01:04,996 | ERROR    | [ANOMALY] CONSECUTIVE zero volume: EURUSD-OTC streak 248
2026-07-24 14:01:04,997 | INFO     | [CSVQueue] Successfully processed write for data_base/csv/iq_option\EURUSD-OTC\EURUSD-OTC_M1.csv
2026-07-24 14:01:05,000 | ERROR    | [ANOMALY] CONSECUTIVE zero volume: GBPUSD-OTC streak 248
2026-07-24 14:01:05,005 | WARNING  | [ANOMALY] Total anomalies detected: EURGBP-OTC 249
2026-07-24 14:01:05,005 | INFO     | [CSVQueue] Processing write for data_base/csv/iq_option\GBPUSD-OTC\GBPUSD-OTC_M1.csv
2026-07-24 14:01:05,007 | INFO     | [DataAdapter] M1 anomaly detection completed for EURGBP-OTC in 0.029s
2026-07-24 14:01:05,009 | INFO     | [CSVWriter] Writing 249 rows to data_base/csv/iq_option\GBPUSD-OTC\GBPUSD-OTC_M1.csv
2026-07-24 14:01:05,019 | WARNING  | [ANOMALY] Total anomalies detected: EURUSD-OTC 249
2026-07-24 14:01:05,021 | INFO     | [DataAdapter] M15 anomaly detection completed for EURUSD-OTC
2026-07-24 14:01:05,021 | INFO     | [DataAdapter] M15 data refresh completed for EURUSD-OTC
2026-07-24 14:01:05,021 | INFO     | [DataAdapter] Anomaly statistics for EURUSD-OTC: {'total_calls': 184, 'response_times': [0.013999700546264648, 0.31719064712524414, 0.2949824333190918, 0.03267955780029297, 0.16599440574645996, 0.4046361446380615, 0.3303542137145996, 0.18708395957946777, 0.012867212295532227, 0.29335784912109375, 0.21855616569519043, 0.04597282409667969, 0.016118288040161133, 0.16651606559753418, 0.17901921272277832, 0.04098248481750488, 0.027006864547729492, 0.2834603786468506, 0.20427322387695312, 0.21520233154296875, 0.006014347076416016, 0.24805641174316406, 0.2825925350189209, 0.026009082794189453, 0.03001713752746582, 0.33109354972839355, 0.26633429527282715, 0.03498196601867676, 0.013983488082885742, 0.16509389877319336, 0.203139066696167, 0.02601027488708496, 0.015662193298339844, 0.285672664642334, 0.16912531852722168, 0.031012296676635742, 0.02100062370300293, 0.19908738136291504, 0.33910560607910156, 0.4241623878479004, 0.031023502349853516, 0.12838149070739746, 0.22991466522216797, 0.025004148483276367, 0.005982875823974609, 0.15928292274475098, 0.18576288223266602, 0.024000883102416992, 0.020021677017211914, 0.2539963722229004, 0.23406672477722168, 0.027977466583251953, 0.032039642333984375, 0.23402166366577148, 0.35982704162597656, 0.031000375747680664, 0.029973506927490234, 0.21654653549194336, 0.4075918197631836, 0.32715654373168945, 0.015000104904174805, 0.21819853782653809, 0.24185967445373535, 0.032021284103393555, 0.014994621276855469, 0.35053372383117676, 0.2678334712982178, 0.037000179290771484, 0.020027637481689453, 0.35924363136291504, 0.2781853675842285, 0.031000137329101562, 0.015509366989135742, 0.21570110321044922, 0.3485097885131836, 0.03399968147277832, 0.015020370483398438, 0.2662651538848877, 0.2810933589935303, 0.3631160259246826, 0.006013154983520508, 0.3089568614959717, 0.2898275852203369, 0.02498316764831543, 0.014000892639160156, 0.2052288055419922, 0.28769516944885254, 0.030613422393798828, 0.03499746322631836, 0.34804296493530273, 0.23193693161010742, 0.04099726676940918, 0.0060138702392578125, 0.17101597785949707, 0.1998612880706787, 0.03898882865905762, 0.013130426406860352, 0.2299973964691162, 0.21095585823059082, 0.3939990997314453, 0.04900622367858887, 0.2888782024383545, 0.24605846405029297, 0.02899456024169922, 0.030014753341674805, 0.17598366737365723, 0.22558331489562988, 0.02981853485107422, 0.02001667022705078, 0.27314281463623047, 0.27499914169311523, 0.034003257751464844, 0.030124425888061523, 0.2938573360443115, 0.4343080520629883, 0.021994352340698242, 0.020197153091430664, 0.26502060890197754, 0.17703819274902344, 0.29517221450805664, 0.03000020980834961, 0.34667491912841797, 0.2830934524536133, 0.028986215591430664, 0.029996633529663086, 0.2961723804473877, 0.39194440841674805, 0.026000022888183594, 0.030128002166748047, 0.1931285858154297, 0.2600219249725342, 0.03214883804321289, 0.0060007572174072266, 0.22071075439453125, 0.18701696395874023, 0.038694143295288086, 0.006003141403198242, 0.24941754341125488, 0.3095681667327881, 0.2943575382232666, 0.050003767013549805, 0.2614006996154785, 0.16799163818359375, 0.030999422073364258, 0.014979839324951172, 0.3383784294128418, 0.24576759338378906, 0.03097701072692871, 0.013990163803100586, 0.26628565788269043, 0.22932028770446777, 0.034974098205566406, 0.02800583839416504, 0.18330931663513184, 0.3255429267883301, 0.03757071495056152, 0.015998125076293945, 0.2311546802520752, 0.20600509643554688, 0.28364109992980957, 0.04399228096008301, 0.24691486358642578, 0.27059030532836914, 0.028000831604003906, 0.006009340286254883, 0.3032398223876953, 0.3106367588043213, 0.03699660301208496, 0.019023895263671875, 0.23822784423828125, 0.20124268531799316, 0.039002418518066406, 0.022996187210083008, 0.2522008419036865, 0.2810332775115967, 0.04600405693054199, 0.02241659164428711, 0.292954683303833, 0.2699284553527832, 0.25340986251831055, 0.027996063232421875, 0.1274271011352539, 0.3579869270324707, 0.02913522720336914], 'spike_count': 0, 'zero_volume_count': np.int64(102339), 'impossible_candle_count': 0, 'consecutive_anomalies': 0, 'avg_response_time': np.float64(0.1588167975778165), 'max_response_time': np.float64(0.4343080520629883), 'min_response_time': np.float64(0.005982875823974609)}
2026-07-24 14:01:05,027 | WARNING  | [ANOMALY] Total anomalies detected: GBPUSD-OTC 249
2026-07-24 14:01:05,027 | INFO     | [CSVQueue] Enqueuing write for data_base/csv/iq_option\EURGBP-OTC\EURGBP-OTC_M1.csv - Queue size: 0
2026-07-24 14:01:05,027 | INFO     | [DataAdapter] M5 anomaly detection completed for GBPUSD-OTC
2026-07-24 14:01:05,027 | INFO     | [DataAdapter] M1 data refresh completed for EURGBP-OTC
2026-07-24 14:01:05,027 | INFO     | [DataAdapter] M5 data refresh completed for GBPUSD-OTC
2026-07-24 14:01:05,028 | INFO     | [DataAdapter] Refreshing M5 data for EURGBP-OTC
2026-07-24 14:01:05,028 | INFO     | [DataAdapter] Refreshing M15 data for GBPUSD-OTC
2026-07-24 14:01:05,032 | ERROR    | [ANOMALY] CONSECUTIVE zero volume: EURGBP-OTC streak 248
2026-07-24 14:01:05,035 | ERROR    | [ANOMALY] CONSECUTIVE zero volume: GBPUSD-OTC streak 248
2026-07-24 14:01:05,050 | WARNING  | [ANOMALY] Total anomalies detected: GBPUSD-OTC 249
2026-07-24 14:01:05,050 | INFO     | [CSVWriter] Successfully wrote 398 rows to data_base/csv/iq_option\GBPUSD-OTC\GBPUSD-OTC_M1.csv
2026-07-24 14:01:05,050 | INFO     | [DataAdapter] M15 anomaly detection completed for GBPUSD-OTC
2026-07-24 14:01:05,050 | INFO     | [CSVQueue] Successfully processed write for data_base/csv/iq_option\GBPUSD-OTC\GBPUSD-OTC_M1.csv
2026-07-24 14:01:05,051 | INFO     | [DataAdapter] M15 data refresh completed for GBPUSD-OTC
2026-07-24 14:01:05,051 | INFO     | [CSVQueue] Processing write for data_base/csv/iq_option\EURGBP-OTC\EURGBP-OTC_M1.csv
2026-07-24 14:01:05,052 | INFO     | [DataAdapter] Anomaly statistics for GBPUSD-OTC: {'total_calls': 184, 'response_times': [0.013999700546264648, 0.31719064712524414, 0.2949824333190918, 0.03267955780029297, 0.16599440574645996, 0.4046361446380615, 0.3303542137145996, 0.18708395957946777, 0.012867212295532227, 0.29335784912109375, 0.21855616569519043, 0.04597282409667969, 0.016118288040161133, 0.16651606559753418, 0.17901921272277832, 0.04098248481750488, 0.027006864547729492, 0.2834603786468506, 0.20427322387695312, 0.21520233154296875, 0.006014347076416016, 0.24805641174316406, 0.2825925350189209, 0.026009082794189453, 0.03001713752746582, 0.33109354972839355, 0.26633429527282715, 0.03498196601867676, 0.013983488082885742, 0.16509389877319336, 0.203139066696167, 0.02601027488708496, 0.015662193298339844, 0.285672664642334, 0.16912531852722168, 0.031012296676635742, 0.02100062370300293, 0.19908738136291504, 0.33910560607910156, 0.4241623878479004, 0.031023502349853516, 0.12838149070739746, 0.22991466522216797, 0.025004148483276367, 0.005982875823974609, 0.15928292274475098, 0.18576288223266602, 0.024000883102416992, 0.020021677017211914, 0.2539963722229004, 0.23406672477722168, 0.027977466583251953, 0.032039642333984375, 0.23402166366577148, 0.35982704162597656, 0.031000375747680664, 0.029973506927490234, 0.21654653549194336, 0.4075918197631836, 0.32715654373168945, 0.015000104904174805, 0.21819853782653809, 0.24185967445373535, 0.032021284103393555, 0.014994621276855469, 0.35053372383117676, 0.2678334712982178, 0.037000179290771484, 0.020027637481689453, 0.35924363136291504, 0.2781853675842285, 0.031000137329101562, 0.015509366989135742, 0.21570110321044922, 0.3485097885131836, 0.03399968147277832, 0.015020370483398438, 0.2662651538848877, 0.2810933589935303, 0.3631160259246826, 0.006013154983520508, 0.3089568614959717, 0.2898275852203369, 0.02498316764831543, 0.014000892639160156, 0.2052288055419922, 0.28769516944885254, 0.030613422393798828, 0.03499746322631836, 0.34804296493530273, 0.23193693161010742, 0.04099726676940918, 0.0060138702392578125, 0.17101597785949707, 0.1998612880706787, 0.03898882865905762, 0.013130426406860352, 0.2299973964691162, 0.21095585823059082, 0.3939990997314453, 0.04900622367858887, 0.2888782024383545, 0.24605846405029297, 0.02899456024169922, 0.030014753341674805, 0.17598366737365723, 0.22558331489562988, 0.02981853485107422, 0.02001667022705078, 0.27314281463623047, 0.27499914169311523, 0.034003257751464844, 0.030124425888061523, 0.2938573360443115, 0.4343080520629883, 0.021994352340698242, 0.020197153091430664, 0.26502060890197754, 0.17703819274902344, 0.29517221450805664, 0.03000020980834961, 0.34667491912841797, 0.2830934524536133, 0.028986215591430664, 0.029996633529663086, 0.2961723804473877, 0.39194440841674805, 0.026000022888183594, 0.030128002166748047, 0.1931285858154297, 0.2600219249725342, 0.03214883804321289, 0.0060007572174072266, 0.22071075439453125, 0.18701696395874023, 0.038694143295288086, 0.006003141403198242, 0.24941754341125488, 0.3095681667327881, 0.2943575382232666, 0.050003767013549805, 0.2614006996154785, 0.16799163818359375, 0.030999422073364258, 0.014979839324951172, 0.3383784294128418, 0.24576759338378906, 0.03097701072692871, 0.013990163803100586, 0.26628565788269043, 0.22932028770446777, 0.034974098205566406, 0.02800583839416504, 0.18330931663513184, 0.3255429267883301, 0.03757071495056152, 0.015998125076293945, 0.2311546802520752, 0.20600509643554688, 0.28364109992980957, 0.04399228096008301, 0.24691486358642578, 0.27059030532836914, 0.028000831604003906, 0.006009340286254883, 0.3032398223876953, 0.3106367588043213, 0.03699660301208496, 0.019023895263671875, 0.23822784423828125, 0.20124268531799316, 0.039002418518066406, 0.022996187210083008, 0.2522008419036865, 0.2810332775115967, 0.04600405693054199, 0.02241659164428711, 0.292954683303833, 0.2699284553527832, 0.25340986251831055, 0.027996063232421875, 0.1274271011352539, 0.3579869270324707, 0.02913522720336914], 'spike_count': 0, 'zero_volume_count': np.int64(102837), 'impossible_candle_count': 0, 'consecutive_anomalies': 0, 'avg_response_time': np.float64(0.1588167975778165), 'max_response_time': np.float64(0.4343080520629883), 'min_response_time': np.float64(0.005982875823974609)}
2026-07-24 14:01:05,057 | WARNING  | [ANOMALY] Total anomalies detected: EURGBP-OTC 249
2026-07-24 14:01:05,057 | INFO     | [CSVWriter] Writing 249 rows to data_base/csv/iq_option\EURGBP-OTC\EURGBP-OTC_M1.csv
2026-07-24 14:01:05,058 | INFO     | [DataAdapter] M5 anomaly detection completed for EURGBP-OTC
2026-07-24 14:01:05,060 | INFO     | [DataAdapter] M5 data refresh completed for EURGBP-OTC
2026-07-24 14:01:05,060 | INFO     | [DataAdapter] Refreshing M15 data for EURGBP-OTC
2026-07-24 14:01:05,063 | ERROR    | [ANOMALY] CONSECUTIVE zero volume: EURGBP-OTC streak 248
2026-07-24 14:01:05,073 | WARNING  | [ANOMALY] Total anomalies detected: EURGBP-OTC 249
2026-07-24 14:01:05,073 | INFO     | [DataAdapter] M15 anomaly detection completed for EURGBP-OTC
2026-07-24 14:01:05,075 | INFO     | [DataAdapter] M15 data refresh completed for EURGBP-OTC
2026-07-24 14:01:05,076 | INFO     | [DataAdapter] Anomaly statistics for EURGBP-OTC: {'total_calls': 184, 'response_times': [0.013999700546264648, 0.31719064712524414, 0.2949824333190918, 0.03267955780029297, 0.16599440574645996, 0.4046361446380615, 0.3303542137145996, 0.18708395957946777, 0.012867212295532227, 0.29335784912109375, 0.21855616569519043, 0.04597282409667969, 0.016118288040161133, 0.16651606559753418, 0.17901921272277832, 0.04098248481750488, 0.027006864547729492, 0.2834603786468506, 0.20427322387695312, 0.21520233154296875, 0.006014347076416016, 0.24805641174316406, 0.2825925350189209, 0.026009082794189453, 0.03001713752746582, 0.33109354972839355, 0.26633429527282715, 0.03498196601867676, 0.013983488082885742, 0.16509389877319336, 0.203139066696167, 0.02601027488708496, 0.015662193298339844, 0.285672664642334, 0.16912531852722168, 0.031012296676635742, 0.02100062370300293, 0.19908738136291504, 0.33910560607910156, 0.4241623878479004, 0.031023502349853516, 0.12838149070739746, 0.22991466522216797, 0.025004148483276367, 0.005982875823974609, 0.15928292274475098, 0.18576288223266602, 0.024000883102416992, 0.020021677017211914, 0.2539963722229004, 0.23406672477722168, 0.027977466583251953, 0.032039642333984375, 0.23402166366577148, 0.35982704162597656, 0.031000375747680664, 0.029973506927490234, 0.21654653549194336, 0.4075918197631836, 0.32715654373168945, 0.015000104904174805, 0.21819853782653809, 0.24185967445373535, 0.032021284103393555, 0.014994621276855469, 0.35053372383117676, 0.2678334712982178, 0.037000179290771484, 0.020027637481689453, 0.35924363136291504, 0.2781853675842285, 0.031000137329101562, 0.015509366989135742, 0.21570110321044922, 0.3485097885131836, 0.03399968147277832, 0.015020370483398438, 0.2662651538848877, 0.2810933589935303, 0.3631160259246826, 0.006013154983520508, 0.3089568614959717, 0.2898275852203369, 0.02498316764831543, 0.014000892639160156, 0.2052288055419922, 0.28769516944885254, 0.030613422393798828, 0.03499746322631836, 0.34804296493530273, 0.23193693161010742, 0.04099726676940918, 0.0060138702392578125, 0.17101597785949707, 0.1998612880706787, 0.03898882865905762, 0.013130426406860352, 0.2299973964691162, 0.21095585823059082, 0.3939990997314453, 0.04900622367858887, 0.2888782024383545, 0.24605846405029297, 0.02899456024169922, 0.030014753341674805, 0.17598366737365723, 0.22558331489562988, 0.02981853485107422, 0.02001667022705078, 0.27314281463623047, 0.27499914169311523, 0.034003257751464844, 0.030124425888061523, 0.2938573360443115, 0.4343080520629883, 0.021994352340698242, 0.020197153091430664, 0.26502060890197754, 0.17703819274902344, 0.29517221450805664, 0.03000020980834961, 0.34667491912841797, 0.2830934524536133, 0.028986215591430664, 0.029996633529663086, 0.2961723804473877, 0.39194440841674805, 0.026000022888183594, 0.030128002166748047, 0.1931285858154297, 0.2600219249725342, 0.03214883804321289, 0.0060007572174072266, 0.22071075439453125, 0.18701696395874023, 0.038694143295288086, 0.006003141403198242, 0.24941754341125488, 0.3095681667327881, 0.2943575382232666, 0.050003767013549805, 0.2614006996154785, 0.16799163818359375, 0.030999422073364258, 0.014979839324951172, 0.3383784294128418, 0.24576759338378906, 0.03097701072692871, 0.013990163803100586, 0.26628565788269043, 0.22932028770446777, 0.034974098205566406, 0.02800583839416504, 0.18330931663513184, 0.3255429267883301, 0.03757071495056152, 0.015998125076293945, 0.2311546802520752, 0.20600509643554688, 0.28364109992980957, 0.04399228096008301, 0.24691486358642578, 0.27059030532836914, 0.028000831604003906, 0.006009340286254883, 0.3032398223876953, 0.3106367588043213, 0.03699660301208496, 0.019023895263671875, 0.23822784423828125, 0.20124268531799316, 0.039002418518066406, 0.022996187210083008, 0.2522008419036865, 0.2810332775115967, 0.04600405693054199, 0.02241659164428711, 0.292954683303833, 0.2699284553527832, 0.25340986251831055, 0.027996063232421875, 0.1274271011352539, 0.3579869270324707, 0.02913522720336914], 'spike_count': 0, 'zero_volume_count': np.int64(103086), 'impossible_candle_count': 0, 'consecutive_anomalies': 0, 'avg_response_time': np.float64(0.1588167975778165), 'max_response_time': np.float64(0.4343080520629883), 'min_response_time': np.float64(0.005982875823974609)}
2026-07-24 14:01:05,078 | INFO     | [CSVWriter] Successfully wrote 398 rows to data_base/csv/iq_option\EURGBP-OTC\EURGBP-OTC_M1.csv
2026-07-24 14:01:05,078 | INFO     | [CSVQueue] Successfully processed write for data_base/csv/iq_option\EURGBP-OTC\EURGBP-OTC_M1.csv
2026-07-24 14:01:05,078 | INFO     | [CSVQueue] Queue size: 0
2026-07-24 14:01:05,296 | INFO     | [EURUSD:1.13880][EURUSD-OTC:1.15532][GBPUSD-OTC:1.33039][EURGBP-OTC:0.85559] :: TOTAL=$1271.51
2026-07-24 14:02:03,569 | INFO     | [DataAdapter] Starting update for EURUSD
2026-07-24 14:02:03,569 | INFO     | [DataAdapter] Refreshing M1 data for EURUSD
2026-07-24 14:02:03,569 | INFO     | [DataAdapter] Starting update for EURUSD-OTC
2026-07-24 14:02:03,569 | INFO     | [DataAdapter] Refreshing M1 data for EURUSD-OTC
2026-07-24 14:02:03,569 | INFO     | [DataAdapter] Starting update for GBPUSD-OTC
2026-07-24 14:02:03,570 | INFO     | [DataAdapter] Refreshing M1 data for GBPUSD-OTC
2026-07-24 14:02:03,570 | INFO     | [DataAdapter] Starting update for EURGBP-OTC
2026-07-24 14:02:03,570 | INFO     | [DataAdapter] Refreshing M1 data for EURGBP-OTC
2026-07-24 14:02:03,917 | INFO     | [IQOPTION] REST fetch succeeded for EURUSD: 5 candles
2026-07-24 14:02:03,953 | INFO     | [DataAdapter] M1 anomaly detection completed for EURUSD in 0.015s
2026-07-24 14:02:04,091 | INFO     | [CSVQueue] Enqueuing write for data_base/csv/iq_option\EURUSD\EURUSD_M1.csv - Queue size: 0
2026-07-24 14:02:04,106 | INFO     | [DataAdapter] M1 data refresh completed for EURUSD
2026-07-24 14:02:04,122 | INFO     | [DataAdapter] Refreshing M5 data for EURUSD
2026-07-24 14:02:04,144 | INFO     | [DataAdapter] M5 anomaly detection completed for EURUSD
2026-07-24 14:02:04,145 | INFO     | [CSVQueue] Processing write for data_base/csv/iq_option\EURUSD\EURUSD_M1.csv
2026-07-24 14:02:04,145 | INFO     | [DataAdapter] M5 data refresh completed for EURUSD
2026-07-24 14:02:04,145 | INFO     | [IQOPTION] REST fetch succeeded for EURUSD-OTC: 5 candles
2026-07-24 14:02:04,170 | INFO     | [CSVWriter] Writing 249 rows to data_base/csv/iq_option\EURUSD\EURUSD_M1.csv
2026-07-24 14:02:04,186 | INFO     | [DataAdapter] Refreshing M15 data for EURUSD
2026-07-24 14:02:04,235 | ERROR    | [ANOMALY] CONSECUTIVE zero volume: EURUSD-OTC streak 248
2026-07-24 14:02:04,305 | INFO     | [DataAdapter] M15 anomaly detection completed for EURUSD
2026-07-24 14:02:04,345 | INFO     | [DataAdapter] M15 data refresh completed for EURUSD
2026-07-24 14:02:04,345 | INFO     | [DataAdapter] Anomaly statistics for EURUSD: {'total_calls': 185, 'response_times': [0.013999700546264648, 0.31719064712524414, 0.2949824333190918, 0.03267955780029297, 0.16599440574645996, 0.4046361446380615, 0.3303542137145996, 0.18708395957946777, 0.012867212295532227, 0.29335784912109375, 0.21855616569519043, 0.04597282409667969, 0.016118288040161133, 0.16651606559753418, 0.17901921272277832, 0.04098248481750488, 0.027006864547729492, 0.2834603786468506, 0.20427322387695312, 0.21520233154296875, 0.006014347076416016, 0.24805641174316406, 0.2825925350189209, 0.026009082794189453, 0.03001713752746582, 0.33109354972839355, 0.26633429527282715, 0.03498196601867676, 0.013983488082885742, 0.16509389877319336, 0.203139066696167, 0.02601027488708496, 0.015662193298339844, 0.285672664642334, 0.16912531852722168, 0.031012296676635742, 0.02100062370300293, 0.19908738136291504, 0.33910560607910156, 0.4241623878479004, 0.031023502349853516, 0.12838149070739746, 0.22991466522216797, 0.025004148483276367, 0.005982875823974609, 0.15928292274475098, 0.18576288223266602, 0.024000883102416992, 0.020021677017211914, 0.2539963722229004, 0.23406672477722168, 0.027977466583251953, 0.032039642333984375, 0.23402166366577148, 0.35982704162597656, 0.031000375747680664, 0.029973506927490234, 0.21654653549194336, 0.4075918197631836, 0.32715654373168945, 0.015000104904174805, 0.21819853782653809, 0.24185967445373535, 0.032021284103393555, 0.014994621276855469, 0.35053372383117676, 0.2678334712982178, 0.037000179290771484, 0.020027637481689453, 0.35924363136291504, 0.2781853675842285, 0.031000137329101562, 0.015509366989135742, 0.21570110321044922, 0.3485097885131836, 0.03399968147277832, 0.015020370483398438, 0.2662651538848877, 0.2810933589935303, 0.3631160259246826, 0.006013154983520508, 0.3089568614959717, 0.2898275852203369, 0.02498316764831543, 0.014000892639160156, 0.2052288055419922, 0.28769516944885254, 0.030613422393798828, 0.03499746322631836, 0.34804296493530273, 0.23193693161010742, 0.04099726676940918, 0.0060138702392578125, 0.17101597785949707, 0.1998612880706787, 0.03898882865905762, 0.013130426406860352, 0.2299973964691162, 0.21095585823059082, 0.3939990997314453, 0.04900622367858887, 0.2888782024383545, 0.24605846405029297, 0.02899456024169922, 0.030014753341674805, 0.17598366737365723, 0.22558331489562988, 0.02981853485107422, 0.02001667022705078, 0.27314281463623047, 0.27499914169311523, 0.034003257751464844, 0.030124425888061523, 0.2938573360443115, 0.4343080520629883, 0.021994352340698242, 0.020197153091430664, 0.26502060890197754, 0.17703819274902344, 0.29517221450805664, 0.03000020980834961, 0.34667491912841797, 0.2830934524536133, 0.028986215591430664, 0.029996633529663086, 0.2961723804473877, 0.39194440841674805, 0.026000022888183594, 0.030128002166748047, 0.1931285858154297, 0.2600219249725342, 0.03214883804321289, 0.0060007572174072266, 0.22071075439453125, 0.18701696395874023, 0.038694143295288086, 0.006003141403198242, 0.24941754341125488, 0.3095681667327881, 0.2943575382232666, 0.050003767013549805, 0.2614006996154785, 0.16799163818359375, 0.030999422073364258, 0.014979839324951172, 0.3383784294128418, 0.24576759338378906, 0.03097701072692871, 0.013990163803100586, 0.26628565788269043, 0.22932028770446777, 0.034974098205566406, 0.02800583839416504, 0.18330931663513184, 0.3255429267883301, 0.03757071495056152, 0.015998125076293945, 0.2311546802520752, 0.20600509643554688, 0.28364109992980957, 0.04399228096008301, 0.24691486358642578, 0.27059030532836914, 0.028000831604003906, 0.006009340286254883, 0.3032398223876953, 0.3106367588043213, 0.03699660301208496, 0.019023895263671875, 0.23822784423828125, 0.20124268531799316, 0.039002418518066406, 0.022996187210083008, 0.2522008419036865, 0.2810332775115967, 0.04600405693054199, 0.02241659164428711, 0.292954683303833, 0.2699284553527832, 0.25340986251831055, 0.027996063232421875, 0.1274271011352539, 0.3579869270324707, 0.02913522720336914, 0.015007257461547852], 'spike_count': 0, 'zero_volume_count': np.int64(103335), 'impossible_candle_count': 0, 'consecutive_anomalies': 0, 'avg_response_time': np.float64(0.15803944871232317), 'max_response_time': np.float64(0.4343080520629883), 'min_response_time': np.float64(0.005982875823974609)}
2026-07-24 14:02:04,376 | INFO     | [IQOPTION] REST fetch succeeded for GBPUSD-OTC: 5 candles
2026-07-24 14:02:04,396 | ERROR    | [ANOMALY] CONSECUTIVE zero volume: GBPUSD-OTC streak 248
2026-07-24 14:02:04,410 | WARNING  | [ANOMALY] Total anomalies detected: EURUSD-OTC 249
2026-07-24 14:02:04,422 | INFO     | [DataAdapter] M1 anomaly detection completed for EURUSD-OTC in 0.199s
2026-07-24 14:02:04,519 | INFO     | [CSVQueue] Enqueuing write for data_base/csv/iq_option\EURUSD-OTC\EURUSD-OTC_M1.csv - Queue size: 0
2026-07-24 14:02:04,548 | INFO     | [DataAdapter] M1 data refresh completed for EURUSD-OTC
2026-07-24 14:02:04,563 | INFO     | [DataAdapter] Refreshing M5 data for EURUSD-OTC
2026-07-24 14:02:04,567 | ERROR    | [ANOMALY] CONSECUTIVE zero volume: EURUSD-OTC streak 248
2026-07-24 14:02:04,575 | WARNING  | [ANOMALY] Total anomalies detected: GBPUSD-OTC 249
2026-07-24 14:02:04,594 | INFO     | [CSVWriter] Successfully wrote 400 rows to data_base/csv/iq_option\EURUSD\EURUSD_M1.csv
2026-07-24 14:02:04,594 | INFO     | [DataAdapter] M1 anomaly detection completed for GBPUSD-OTC in 0.201s
2026-07-24 14:02:04,658 | INFO     | [CSVQueue] Successfully processed write for data_base/csv/iq_option\EURUSD\EURUSD_M1.csv
2026-07-24 14:02:04,690 | INFO     | [IQOPTION] REST fetch succeeded for EURGBP-OTC: 5 candles
2026-07-24 14:02:04,694 | INFO     | [CSVQueue] Processing write for data_base/csv/iq_option\EURUSD-OTC\EURUSD-OTC_M1.csv
2026-07-24 14:02:04,701 | INFO     | [CSVQueue] Enqueuing write for data_base/csv/iq_option\GBPUSD-OTC\GBPUSD-OTC_M1.csv - Queue size: 0
2026-07-24 14:02:04,702 | INFO     | [CSVWriter] Writing 249 rows to data_base/csv/iq_option\EURUSD-OTC\EURUSD-OTC_M1.csv
2026-07-24 14:02:04,703 | INFO     | [DataAdapter] M1 data refresh completed for GBPUSD-OTC
2026-07-24 14:02:04,707 | ERROR    | [ANOMALY] CONSECUTIVE zero volume: EURGBP-OTC streak 248
2026-07-24 14:02:04,707 | INFO     | [DataAdapter] Refreshing M5 data for GBPUSD-OTC
2026-07-24 14:02:04,712 | ERROR    | [ANOMALY] CONSECUTIVE zero volume: GBPUSD-OTC streak 248
2026-07-24 14:02:04,720 | WARNING  | [ANOMALY] Total anomalies detected: EURUSD-OTC 249
2026-07-24 14:02:04,721 | INFO     | [DataAdapter] M5 anomaly detection completed for EURUSD-OTC
2026-07-24 14:02:04,721 | INFO     | [DataAdapter] M5 data refresh completed for EURUSD-OTC
2026-07-24 14:02:04,721 | INFO     | [DataAdapter] Refreshing M15 data for EURUSD-OTC
2026-07-24 14:02:04,724 | ERROR    | [ANOMALY] CONSECUTIVE zero volume: EURUSD-OTC streak 248
2026-07-24 14:02:04,730 | WARNING  | [ANOMALY] Total anomalies detected: EURGBP-OTC 249
2026-07-24 14:02:04,738 | INFO     | [DataAdapter] M1 anomaly detection completed for EURGBP-OTC in 0.038s
2026-07-24 14:02:04,744 | WARNING  | [ANOMALY] Total anomalies detected: GBPUSD-OTC 249
2026-07-24 14:02:04,744 | INFO     | [DataAdapter] M5 anomaly detection completed for GBPUSD-OTC
2026-07-24 14:02:04,744 | INFO     | [CSVWriter] Successfully wrote 399 rows to data_base/csv/iq_option\EURUSD-OTC\EURUSD-OTC_M1.csv
2026-07-24 14:02:04,744 | INFO     | [DataAdapter] M5 data refresh completed for GBPUSD-OTC
2026-07-24 14:02:04,745 | INFO     | [CSVQueue] Successfully processed write for data_base/csv/iq_option\EURUSD-OTC\EURUSD-OTC_M1.csv
2026-07-24 14:02:04,749 | WARNING  | [ANOMALY] Total anomalies detected: EURUSD-OTC 249
2026-07-24 14:02:04,749 | INFO     | [DataAdapter] Refreshing M15 data for GBPUSD-OTC
2026-07-24 14:02:04,749 | INFO     | [CSVQueue] Enqueuing write for data_base/csv/iq_option\EURGBP-OTC\EURGBP-OTC_M1.csv - Queue size: 1
2026-07-24 14:02:04,749 | INFO     | [CSVQueue] Processing write for data_base/csv/iq_option\GBPUSD-OTC\GBPUSD-OTC_M1.csv
2026-07-24 14:02:04,750 | INFO     | [DataAdapter] M15 anomaly detection completed for EURUSD-OTC
2026-07-24 14:02:04,754 | ERROR    | [ANOMALY] CONSECUTIVE zero volume: GBPUSD-OTC streak 248
2026-07-24 14:02:04,754 | INFO     | [DataAdapter] M1 data refresh completed for EURGBP-OTC
2026-07-24 14:02:04,754 | INFO     | [CSVWriter] Writing 249 rows to data_base/csv/iq_option\GBPUSD-OTC\GBPUSD-OTC_M1.csv
2026-07-24 14:02:04,754 | INFO     | [DataAdapter] M15 data refresh completed for EURUSD-OTC
2026-07-24 14:02:04,755 | INFO     | [DataAdapter] Refreshing M5 data for EURGBP-OTC
2026-07-24 14:02:04,756 | INFO     | [DataAdapter] Anomaly statistics for EURUSD-OTC: {'total_calls': 188, 'response_times': [0.013999700546264648, 0.31719064712524414, 0.2949824333190918, 0.03267955780029297, 0.16599440574645996, 0.4046361446380615, 0.3303542137145996, 0.18708395957946777, 0.012867212295532227, 0.29335784912109375, 0.21855616569519043, 0.04597282409667969, 0.016118288040161133, 0.16651606559753418, 0.17901921272277832, 0.04098248481750488, 0.027006864547729492, 0.2834603786468506, 0.20427322387695312, 0.21520233154296875, 0.006014347076416016, 0.24805641174316406, 0.2825925350189209, 0.026009082794189453, 0.03001713752746582, 0.33109354972839355, 0.26633429527282715, 0.03498196601867676, 0.013983488082885742, 0.16509389877319336, 0.203139066696167, 0.02601027488708496, 0.015662193298339844, 0.285672664642334, 0.16912531852722168, 0.031012296676635742, 0.02100062370300293, 0.19908738136291504, 0.33910560607910156, 0.4241623878479004, 0.031023502349853516, 0.12838149070739746, 0.22991466522216797, 0.025004148483276367, 0.005982875823974609, 0.15928292274475098, 0.18576288223266602, 0.024000883102416992, 0.020021677017211914, 0.2539963722229004, 0.23406672477722168, 0.027977466583251953, 0.032039642333984375, 0.23402166366577148, 0.35982704162597656, 0.031000375747680664, 0.029973506927490234, 0.21654653549194336, 0.4075918197631836, 0.32715654373168945, 0.015000104904174805, 0.21819853782653809, 0.24185967445373535, 0.032021284103393555, 0.014994621276855469, 0.35053372383117676, 0.2678334712982178, 0.037000179290771484, 0.020027637481689453, 0.35924363136291504, 0.2781853675842285, 0.031000137329101562, 0.015509366989135742, 0.21570110321044922, 0.3485097885131836, 0.03399968147277832, 0.015020370483398438, 0.2662651538848877, 0.2810933589935303, 0.3631160259246826, 0.006013154983520508, 0.3089568614959717, 0.2898275852203369, 0.02498316764831543, 0.014000892639160156, 0.2052288055419922, 0.28769516944885254, 0.030613422393798828, 0.03499746322631836, 0.34804296493530273, 0.23193693161010742, 0.04099726676940918, 0.0060138702392578125, 0.17101597785949707, 0.1998612880706787, 0.03898882865905762, 0.013130426406860352, 0.2299973964691162, 0.21095585823059082, 0.3939990997314453, 0.04900622367858887, 0.2888782024383545, 0.24605846405029297, 0.02899456024169922, 0.030014753341674805, 0.17598366737365723, 0.22558331489562988, 0.02981853485107422, 0.02001667022705078, 0.27314281463623047, 0.27499914169311523, 0.034003257751464844, 0.030124425888061523, 0.2938573360443115, 0.4343080520629883, 0.021994352340698242, 0.020197153091430664, 0.26502060890197754, 0.17703819274902344, 0.29517221450805664, 0.03000020980834961, 0.34667491912841797, 0.2830934524536133, 0.028986215591430664, 0.029996633529663086, 0.2961723804473877, 0.39194440841674805, 0.026000022888183594, 0.030128002166748047, 0.1931285858154297, 0.2600219249725342, 0.03214883804321289, 0.0060007572174072266, 0.22071075439453125, 0.18701696395874023, 0.038694143295288086, 0.006003141403198242, 0.24941754341125488, 0.3095681667327881, 0.2943575382232666, 0.050003767013549805, 0.2614006996154785, 0.16799163818359375, 0.030999422073364258, 0.014979839324951172, 0.3383784294128418, 0.24576759338378906, 0.03097701072692871, 0.013990163803100586, 0.26628565788269043, 0.22932028770446777, 0.034974098205566406, 0.02800583839416504, 0.18330931663513184, 0.3255429267883301, 0.03757071495056152, 0.015998125076293945, 0.2311546802520752, 0.20600509643554688, 0.28364109992980957, 0.04399228096008301, 0.24691486358642578, 0.27059030532836914, 0.028000831604003906, 0.006009340286254883, 0.3032398223876953, 0.3106367588043213, 0.03699660301208496, 0.019023895263671875, 0.23822784423828125, 0.20124268531799316, 0.039002418518066406, 0.022996187210083008, 0.2522008419036865, 0.2810332775115967, 0.04600405693054199, 0.02241659164428711, 0.292954683303833, 0.2699284553527832, 0.25340986251831055, 0.027996063232421875, 0.1274271011352539, 0.3579869270324707, 0.02913522720336914, 0.015007257461547852, 0.19892525672912598, 0.2005753517150879, 0.037975311279296875], 'spike_count': 0, 'zero_volume_count': np.int64(104829), 'impossible_candle_count': 0, 'consecutive_anomalies': 0, 'avg_response_time': np.float64(0.15784454218884733), 'max_response_time': np.float64(0.4343080520629883), 'min_response_time': np.float64(0.005982875823974609)}
2026-07-24 14:02:04,762 | ERROR    | [ANOMALY] CONSECUTIVE zero volume: EURGBP-OTC streak 248
2026-07-24 14:02:04,769 | WARNING  | [ANOMALY] Total anomalies detected: GBPUSD-OTC 249
2026-07-24 14:02:04,769 | INFO     | [DataAdapter] M15 anomaly detection completed for GBPUSD-OTC
2026-07-24 14:02:04,769 | INFO     | [DataAdapter] M15 data refresh completed for GBPUSD-OTC
2026-07-24 14:02:04,770 | INFO     | [DataAdapter] Anomaly statistics for GBPUSD-OTC: {'total_calls': 188, 'response_times': [0.013999700546264648, 0.31719064712524414, 0.2949824333190918, 0.03267955780029297, 0.16599440574645996, 0.4046361446380615, 0.3303542137145996, 0.18708395957946777, 0.012867212295532227, 0.29335784912109375, 0.21855616569519043, 0.04597282409667969, 0.016118288040161133, 0.16651606559753418, 0.17901921272277832, 0.04098248481750488, 0.027006864547729492, 0.2834603786468506, 0.20427322387695312, 0.21520233154296875, 0.006014347076416016, 0.24805641174316406, 0.2825925350189209, 0.026009082794189453, 0.03001713752746582, 0.33109354972839355, 0.26633429527282715, 0.03498196601867676, 0.013983488082885742, 0.16509389877319336, 0.203139066696167, 0.02601027488708496, 0.015662193298339844, 0.285672664642334, 0.16912531852722168, 0.031012296676635742, 0.02100062370300293, 0.19908738136291504, 0.33910560607910156, 0.4241623878479004, 0.031023502349853516, 0.12838149070739746, 0.22991466522216797, 0.025004148483276367, 0.005982875823974609, 0.15928292274475098, 0.18576288223266602, 0.024000883102416992, 0.020021677017211914, 0.2539963722229004, 0.23406672477722168, 0.027977466583251953, 0.032039642333984375, 0.23402166366577148, 0.35982704162597656, 0.031000375747680664, 0.029973506927490234, 0.21654653549194336, 0.4075918197631836, 0.32715654373168945, 0.015000104904174805, 0.21819853782653809, 0.24185967445373535, 0.032021284103393555, 0.014994621276855469, 0.35053372383117676, 0.2678334712982178, 0.037000179290771484, 0.020027637481689453, 0.35924363136291504, 0.2781853675842285, 0.031000137329101562, 0.015509366989135742, 0.21570110321044922, 0.3485097885131836, 0.03399968147277832, 0.015020370483398438, 0.2662651538848877, 0.2810933589935303, 0.3631160259246826, 0.006013154983520508, 0.3089568614959717, 0.2898275852203369, 0.02498316764831543, 0.014000892639160156, 0.2052288055419922, 0.28769516944885254, 0.030613422393798828, 0.03499746322631836, 0.34804296493530273, 0.23193693161010742, 0.04099726676940918, 0.0060138702392578125, 0.17101597785949707, 0.1998612880706787, 0.03898882865905762, 0.013130426406860352, 0.2299973964691162, 0.21095585823059082, 0.3939990997314453, 0.04900622367858887, 0.2888782024383545, 0.24605846405029297, 0.02899456024169922, 0.030014753341674805, 0.17598366737365723, 0.22558331489562988, 0.02981853485107422, 0.02001667022705078, 0.27314281463623047, 0.27499914169311523, 0.034003257751464844, 0.030124425888061523, 0.2938573360443115, 0.4343080520629883, 0.021994352340698242, 0.020197153091430664, 0.26502060890197754, 0.17703819274902344, 0.29517221450805664, 0.03000020980834961, 0.34667491912841797, 0.2830934524536133, 0.028986215591430664, 0.029996633529663086, 0.2961723804473877, 0.39194440841674805, 0.026000022888183594, 0.030128002166748047, 0.1931285858154297, 0.2600219249725342, 0.03214883804321289, 0.0060007572174072266, 0.22071075439453125, 0.18701696395874023, 0.038694143295288086, 0.006003141403198242, 0.24941754341125488, 0.3095681667327881, 0.2943575382232666, 0.050003767013549805, 0.2614006996154785, 0.16799163818359375, 0.030999422073364258, 0.014979839324951172, 0.3383784294128418, 0.24576759338378906, 0.03097701072692871, 0.013990163803100586, 0.26628565788269043, 0.22932028770446777, 0.034974098205566406, 0.02800583839416504, 0.18330931663513184, 0.3255429267883301, 0.03757071495056152, 0.015998125076293945, 0.2311546802520752, 0.20600509643554688, 0.28364109992980957, 0.04399228096008301, 0.24691486358642578, 0.27059030532836914, 0.028000831604003906, 0.006009340286254883, 0.3032398223876953, 0.3106367588043213, 0.03699660301208496, 0.019023895263671875, 0.23822784423828125, 0.20124268531799316, 0.039002418518066406, 0.022996187210083008, 0.2522008419036865, 0.2810332775115967, 0.04600405693054199, 0.02241659164428711, 0.292954683303833, 0.2699284553527832, 0.25340986251831055, 0.027996063232421875, 0.1274271011352539, 0.3579869270324707, 0.02913522720336914, 0.015007257461547852, 0.19892525672912598, 0.2005753517150879, 0.037975311279296875], 'spike_count': 0, 'zero_volume_count': np.int64(105078), 'impossible_candle_count': 0, 'consecutive_anomalies': 0, 'avg_response_time': np.float64(0.15784454218884733), 'max_response_time': np.float64(0.4343080520629883), 'min_response_time': np.float64(0.005982875823974609)}
2026-07-24 14:02:04,779 | WARNING  | [ANOMALY] Total anomalies detected: EURGBP-OTC 249
2026-07-24 14:02:04,779 | INFO     | [DataAdapter] M5 anomaly detection completed for EURGBP-OTC
2026-07-24 14:02:04,781 | INFO     | [DataAdapter] M5 data refresh completed for EURGBP-OTC
2026-07-24 14:02:04,782 | INFO     | [DataAdapter] Refreshing M15 data for EURGBP-OTC
2026-07-24 14:02:04,785 | ERROR    | [ANOMALY] CONSECUTIVE zero volume: EURGBP-OTC streak 248
2026-07-24 14:02:04,788 | INFO     | [CSVWriter] Successfully wrote 399 rows to data_base/csv/iq_option\GBPUSD-OTC\GBPUSD-OTC_M1.csv
2026-07-24 14:02:04,788 | INFO     | [CSVQueue] Successfully processed write for data_base/csv/iq_option\GBPUSD-OTC\GBPUSD-OTC_M1.csv
2026-07-24 14:02:04,789 | INFO     | [CSVQueue] Processing write for data_base/csv/iq_option\EURGBP-OTC\EURGBP-OTC_M1.csv
2026-07-24 14:02:04,789 | INFO     | [CSVWriter] Writing 249 rows to data_base/csv/iq_option\EURGBP-OTC\EURGBP-OTC_M1.csv
2026-07-24 14:02:04,795 | WARNING  | [ANOMALY] Total anomalies detected: EURGBP-OTC 249
2026-07-24 14:02:04,795 | INFO     | [DataAdapter] M15 anomaly detection completed for EURGBP-OTC
2026-07-24 14:02:04,796 | INFO     | [DataAdapter] M15 data refresh completed for EURGBP-OTC
2026-07-24 14:02:04,797 | INFO     | [DataAdapter] Anomaly statistics for EURGBP-OTC: {'total_calls': 188, 'response_times': [0.013999700546264648, 0.31719064712524414, 0.2949824333190918, 0.03267955780029297, 0.16599440574645996, 0.4046361446380615, 0.3303542137145996, 0.18708395957946777, 0.012867212295532227, 0.29335784912109375, 0.21855616569519043, 0.04597282409667969, 0.016118288040161133, 0.16651606559753418, 0.17901921272277832, 0.04098248481750488, 0.027006864547729492, 0.2834603786468506, 0.20427322387695312, 0.21520233154296875, 0.006014347076416016, 0.24805641174316406, 0.2825925350189209, 0.026009082794189453, 0.03001713752746582, 0.33109354972839355, 0.26633429527282715, 0.03498196601867676, 0.013983488082885742, 0.16509389877319336, 0.203139066696167, 0.02601027488708496, 0.015662193298339844, 0.285672664642334, 0.16912531852722168, 0.031012296676635742, 0.02100062370300293, 0.19908738136291504, 0.33910560607910156, 0.4241623878479004, 0.031023502349853516, 0.12838149070739746, 0.22991466522216797, 0.025004148483276367, 0.005982875823974609, 0.15928292274475098, 0.18576288223266602, 0.024000883102416992, 0.020021677017211914, 0.2539963722229004, 0.23406672477722168, 0.027977466583251953, 0.032039642333984375, 0.23402166366577148, 0.35982704162597656, 0.031000375747680664, 0.029973506927490234, 0.21654653549194336, 0.4075918197631836, 0.32715654373168945, 0.015000104904174805, 0.21819853782653809, 0.24185967445373535, 0.032021284103393555, 0.014994621276855469, 0.35053372383117676, 0.2678334712982178, 0.037000179290771484, 0.020027637481689453, 0.35924363136291504, 0.2781853675842285, 0.031000137329101562, 0.015509366989135742, 0.21570110321044922, 0.3485097885131836, 0.03399968147277832, 0.015020370483398438, 0.2662651538848877, 0.2810933589935303, 0.3631160259246826, 0.006013154983520508, 0.3089568614959717, 0.2898275852203369, 0.02498316764831543, 0.014000892639160156, 0.2052288055419922, 0.28769516944885254, 0.030613422393798828, 0.03499746322631836, 0.34804296493530273, 0.23193693161010742, 0.04099726676940918, 0.0060138702392578125, 0.17101597785949707, 0.1998612880706787, 0.03898882865905762, 0.013130426406860352, 0.2299973964691162, 0.21095585823059082, 0.3939990997314453, 0.04900622367858887, 0.2888782024383545, 0.24605846405029297, 0.02899456024169922, 0.030014753341674805, 0.17598366737365723, 0.22558331489562988, 0.02981853485107422, 0.02001667022705078, 0.27314281463623047, 0.27499914169311523, 0.034003257751464844, 0.030124425888061523, 0.2938573360443115, 0.4343080520629883, 0.021994352340698242, 0.020197153091430664, 0.26502060890197754, 0.17703819274902344, 0.29517221450805664, 0.03000020980834961, 0.34667491912841797, 0.2830934524536133, 0.028986215591430664, 0.029996633529663086, 0.2961723804473877, 0.39194440841674805, 0.026000022888183594, 0.030128002166748047, 0.1931285858154297, 0.2600219249725342, 0.03214883804321289, 0.0060007572174072266, 0.22071075439453125, 0.18701696395874023, 0.038694143295288086, 0.006003141403198242, 0.24941754341125488, 0.3095681667327881, 0.2943575382232666, 0.050003767013549805, 0.2614006996154785, 0.16799163818359375, 0.030999422073364258, 0.014979839324951172, 0.3383784294128418, 0.24576759338378906, 0.03097701072692871, 0.013990163803100586, 0.26628565788269043, 0.22932028770446777, 0.034974098205566406, 0.02800583839416504, 0.18330931663513184, 0.3255429267883301, 0.03757071495056152, 0.015998125076293945, 0.2311546802520752, 0.20600509643554688, 0.28364109992980957, 0.04399228096008301, 0.24691486358642578, 0.27059030532836914, 0.028000831604003906, 0.006009340286254883, 0.3032398223876953, 0.3106367588043213, 0.03699660301208496, 0.019023895263671875, 0.23822784423828125, 0.20124268531799316, 0.039002418518066406, 0.022996187210083008, 0.2522008419036865, 0.2810332775115967, 0.04600405693054199, 0.02241659164428711, 0.292954683303833, 0.2699284553527832, 0.25340986251831055, 0.027996063232421875, 0.1274271011352539, 0.3579869270324707, 0.02913522720336914, 0.015007257461547852, 0.19892525672912598, 0.2005753517150879, 0.037975311279296875], 'spike_count': 0, 'zero_volume_count': np.int64(105327), 'impossible_candle_count': 0, 'consecutive_anomalies': 0, 'avg_response_time': np.float64(0.15784454218884733), 'max_response_time': np.float64(0.4343080520629883), 'min_response_time': np.float64(0.005982875823974609)}
2026-07-24 14:02:04,803 | INFO     | [CSVWriter] Successfully wrote 399 rows to data_base/csv/iq_option\EURGBP-OTC\EURGBP-OTC_M1.csv
2026-07-24 14:02:04,803 | INFO     | [CSVQueue] Successfully processed write for data_base/csv/iq_option\EURGBP-OTC\EURGBP-OTC_M1.csv
2026-07-24 14:02:04,803 | INFO     | [CSVQueue] Queue size: 0
2026-07-24 14:02:05,043 | INFO     | [EURUSD:1.13869][EURUSD-OTC:1.15477][GBPUSD-OTC:1.33038][EURGBP-OTC:0.85567] :: TOTAL=$1271.51
