2026-07-28 20:39:51,650 | INFO     | [NEWS] Calendar file for today (2026-07-28) already exists.
2026-07-28 20:39:51,834 | INFO     | [ANOMALY] Initialized with thresholds: {'spike_threshold': 0.3, 'zero_volume_threshold': 0, 'impossible_candle_threshold': 0.001, 'spike_window': 20, 'max_consecutive_zero_volume': 3, 'max_consecutive_anomalies': 10}, dir: E:\BOT_FINALBOT\FINALBOT_Begin\data_evaluate\all_filelogs\anomaly_logs
2026-07-28 20:39:51,834 | INFO     | MarketStateClassifier initialised
2026-07-28 20:39:51,843 | INFO     | กำลังเชื่อมต่อโบรกเกอร์  | IQ Option
2026-07-28 20:39:51,843 | INFO     | [IQOPTION] Initialized with Zero Tolerance compliance
2026-07-28 20:39:51,904 | INFO     | Using stable_api.IQ_Option class
2026-07-28 20:39:51,904 | INFO     | [CONN] Connecting to IQ Option (DEMO) as venuz20152565@gmail.com...
2026-07-28 20:39:51,904 | INFO     | [CONN] API created, attempting to connect...
2026-07-28 20:39:54,376 | INFO     | [CONN] IQ Option connected (REAL MONEY)
2026-07-28 20:39:54,398 | INFO     | เชื่อมต่อ IQ Option สำเร็จ
2026-07-28 20:39:54,398 | INFO     | [CSVManager] Initialized with base_dir: data_base/csv/iq_option
2026-07-28 20:39:54,398 | INFO     | [CSVWriter] Initialized with encoding: utf-8, decimals: 6
2026-07-28 20:39:54,398 | INFO     | [CSVQueue] Initialized with 1 worker(s)
2026-07-28 20:39:54,399 | INFO     | [DataMonitor] Initialized with log level: WARNING
2026-07-28 20:39:54,399 | INFO     | [DataAdapter] Initialized with Zero Tolerance compliance
2026-07-28 20:39:54,400 | INFO     | [ANOMALY] Initialized with thresholds: {'spike_threshold': 0.3, 'zero_volume_threshold': 0, 'impossible_candle_threshold': 0.001, 'spike_window': 20, 'max_consecutive_zero_volume': 3, 'max_consecutive_anomalies': 10}, dir: E:\BOT_FINALBOT\FINALBOT_Begin\all_filelogs\anomaly_logs
2026-07-28 20:39:54,400 | INFO     | [CandleValidator] Initialized with validation configuration
2026-07-28 20:39:54,400 | INFO     | [DataAdapter] Initialized with configuration
2026-07-28 20:39:54,754 | INFO     | บัญชี DEMO | Balance: $1453.95
2026-07-28 20:39:54,754 | INFO     | [TIME SYNC] Server time offset: -1.4010000228881836 seconds
2026-07-28 20:39:54,754 | INFO     | [TIME SYNC] Started time sync daemon thread (scheduled at :30 of every minute)
2026-07-28 20:39:54,759 | INFO     | ตรวจพบรายการสินทรัพย์ : EURUSD, EURGBP, GBPUSD-OTC, EURGBP-OTC
2026-07-28 20:39:54,765 | INFO     | กำลังเตรียมข้อมูลสินทรัพย์ 4 รายการ : EURUSD, EURGBP, GBPUSD-OTC, EURGBP-OTC
2026-07-28 20:39:55,095 | INFO     | [IQOPTION] REST fetch succeeded for EURUSD: 100 candles
2026-07-28 20:39:55,521 | INFO     | [IQOPTION] REST fetch succeeded for EURUSD: 250 candles
2026-07-28 20:39:55,810 | INFO     | [IQOPTION] REST fetch succeeded for EURUSD: 50 candles
2026-07-28 20:39:55,834 | INFO     | [CSVQueue] Enqueuing write for data_base/csv/iq_option\EURUSD\EURUSD_M1.csv - Queue size: 0
2026-07-28 20:39:55,834 | INFO     | [CSVQueue] Processing write for data_base/csv/iq_option\EURUSD\EURUSD_M1.csv
2026-07-28 20:39:55,835 | INFO     | [CSVWriter] Writing 100 rows to data_base/csv/iq_option\EURUSD\EURUSD_M1.csv
2026-07-28 20:39:55,837 | INFO     | [CSVQueue] Enqueuing write for data_base/csv/iq_option\EURUSD\EURUSD_M5.csv - Queue size: 0
2026-07-28 20:39:55,837 | INFO     | [CSVQueue] Enqueuing write for data_base/csv/iq_option\EURUSD\EURUSD_M15.csv - Queue size: 1
2026-07-28 20:39:55,838 | INFO     | [DataAdapter] EURUSD initialised — M1:100 M5:250 M15:50
2026-07-28 20:39:56,093 | INFO     | [CSVWriter] Successfully wrote 100 rows to data_base/csv/iq_option\EURUSD\EURUSD_M1.csv
2026-07-28 20:39:56,108 | INFO     | [CSVQueue] Successfully processed write for data_base/csv/iq_option\EURUSD\EURUSD_M1.csv
2026-07-28 20:39:56,108 | INFO     | [CSVQueue] Processing write for data_base/csv/iq_option\EURUSD\EURUSD_M5.csv
2026-07-28 20:39:56,128 | INFO     | [IQOPTION] REST fetch succeeded for EURGBP: 100 candles
2026-07-28 20:39:56,134 | INFO     | [CSVWriter] Writing 250 rows to data_base/csv/iq_option\EURUSD\EURUSD_M5.csv
2026-07-28 20:39:56,283 | INFO     | [CSVWriter] Successfully wrote 250 rows to data_base/csv/iq_option\EURUSD\EURUSD_M5.csv
2026-07-28 20:39:56,299 | INFO     | [CSVQueue] Successfully processed write for data_base/csv/iq_option\EURUSD\EURUSD_M5.csv
2026-07-28 20:39:56,299 | INFO     | [CSVQueue] Processing write for data_base/csv/iq_option\EURUSD\EURUSD_M15.csv
2026-07-28 20:39:56,362 | INFO     | [CSVWriter] Writing 50 rows to data_base/csv/iq_option\EURUSD\EURUSD_M15.csv
2026-07-28 20:39:56,481 | INFO     | [IQOPTION] REST fetch succeeded for EURGBP: 250 candles
2026-07-28 20:39:56,504 | INFO     | [CSVWriter] Successfully wrote 50 rows to data_base/csv/iq_option\EURUSD\EURUSD_M15.csv
2026-07-28 20:39:56,519 | INFO     | [CSVQueue] Successfully processed write for data_base/csv/iq_option\EURUSD\EURUSD_M15.csv
2026-07-28 20:39:56,535 | INFO     | [CSVQueue] Queue size: 0
2026-07-28 20:39:56,769 | INFO     | [IQOPTION] REST fetch succeeded for EURGBP: 50 candles
2026-07-28 20:39:56,788 | INFO     | [CSVQueue] Enqueuing write for data_base/csv/iq_option\EURGBP\EURGBP_M1.csv - Queue size: 0
2026-07-28 20:39:56,789 | INFO     | [CSVQueue] Processing write for data_base/csv/iq_option\EURGBP\EURGBP_M1.csv
2026-07-28 20:39:56,789 | INFO     | [CSVWriter] Writing 100 rows to data_base/csv/iq_option\EURGBP\EURGBP_M1.csv
2026-07-28 20:39:56,791 | INFO     | [CSVQueue] Enqueuing write for data_base/csv/iq_option\EURGBP\EURGBP_M5.csv - Queue size: 0
2026-07-28 20:39:56,792 | INFO     | [CSVQueue] Enqueuing write for data_base/csv/iq_option\EURGBP\EURGBP_M15.csv - Queue size: 1
2026-07-28 20:39:56,793 | INFO     | [DataAdapter] EURGBP initialised — M1:100 M5:250 M15:50
2026-07-28 20:39:56,799 | INFO     | [CSVWriter] Successfully wrote 100 rows to data_base/csv/iq_option\EURGBP\EURGBP_M1.csv
2026-07-28 20:39:56,815 | INFO     | [CSVQueue] Successfully processed write for data_base/csv/iq_option\EURGBP\EURGBP_M1.csv
2026-07-28 20:39:56,830 | INFO     | [CSVQueue] Processing write for data_base/csv/iq_option\EURGBP\EURGBP_M5.csv
2026-07-28 20:39:56,892 | INFO     | [CSVWriter] Writing 250 rows to data_base/csv/iq_option\EURGBP\EURGBP_M5.csv
2026-07-28 20:39:57,064 | INFO     | [CSVWriter] Successfully wrote 250 rows to data_base/csv/iq_option\EURGBP\EURGBP_M5.csv
2026-07-28 20:39:57,088 | INFO     | [CSVQueue] Successfully processed write for data_base/csv/iq_option\EURGBP\EURGBP_M5.csv
2026-07-28 20:39:57,089 | INFO     | [CSVQueue] Processing write for data_base/csv/iq_option\EURGBP\EURGBP_M15.csv
2026-07-28 20:39:57,089 | INFO     | [IQOPTION] REST fetch succeeded for GBPUSD-OTC: 100 candles
2026-07-28 20:39:57,094 | INFO     | [CSVWriter] Writing 50 rows to data_base/csv/iq_option\EURGBP\EURGBP_M15.csv
2026-07-28 20:39:57,190 | INFO     | [CSVWriter] Successfully wrote 50 rows to data_base/csv/iq_option\EURGBP\EURGBP_M15.csv
2026-07-28 20:39:57,206 | INFO     | [CSVQueue] Successfully processed write for data_base/csv/iq_option\EURGBP\EURGBP_M15.csv
2026-07-28 20:39:57,221 | INFO     | [CSVQueue] Queue size: 0
2026-07-28 20:39:57,403 | INFO     | [IQOPTION] REST fetch succeeded for GBPUSD-OTC: 250 candles
2026-07-28 20:39:57,682 | INFO     | [IQOPTION] REST fetch succeeded for GBPUSD-OTC: 50 candles
2026-07-28 20:39:57,697 | INFO     | [CSVQueue] Enqueuing write for data_base/csv/iq_option\GBPUSD-OTC\GBPUSD-OTC_M1.csv - Queue size: 0
2026-07-28 20:39:57,698 | INFO     | [CSVQueue] Processing write for data_base/csv/iq_option\GBPUSD-OTC\GBPUSD-OTC_M1.csv
2026-07-28 20:39:57,698 | INFO     | [CSVWriter] Writing 100 rows to data_base/csv/iq_option\GBPUSD-OTC\GBPUSD-OTC_M1.csv
2026-07-28 20:39:57,700 | INFO     | [CSVQueue] Enqueuing write for data_base/csv/iq_option\GBPUSD-OTC\GBPUSD-OTC_M5.csv - Queue size: 0
2026-07-28 20:39:57,702 | INFO     | [CSVQueue] Enqueuing write for data_base/csv/iq_option\GBPUSD-OTC\GBPUSD-OTC_M15.csv - Queue size: 1
2026-07-28 20:39:57,702 | INFO     | [DataAdapter] GBPUSD-OTC initialised — M1:100 M5:250 M15:50
2026-07-28 20:39:57,702 | INFO     | [CSVWriter] Successfully wrote 100 rows to data_base/csv/iq_option\GBPUSD-OTC\GBPUSD-OTC_M1.csv
2026-07-28 20:39:57,703 | INFO     | [CSVQueue] Successfully processed write for data_base/csv/iq_option\GBPUSD-OTC\GBPUSD-OTC_M1.csv
2026-07-28 20:39:57,711 | INFO     | [CSVQueue] Processing write for data_base/csv/iq_option\GBPUSD-OTC\GBPUSD-OTC_M5.csv
2026-07-28 20:39:57,774 | INFO     | [CSVWriter] Writing 250 rows to data_base/csv/iq_option\GBPUSD-OTC\GBPUSD-OTC_M5.csv
2026-07-28 20:39:57,951 | INFO     | [IQOPTION] REST fetch succeeded for EURGBP-OTC: 100 candles
2026-07-28 20:39:57,956 | INFO     | [CSVWriter] Successfully wrote 250 rows to data_base/csv/iq_option\GBPUSD-OTC\GBPUSD-OTC_M5.csv
2026-07-28 20:39:57,956 | INFO     | [CSVQueue] Successfully processed write for data_base/csv/iq_option\GBPUSD-OTC\GBPUSD-OTC_M5.csv
2026-07-28 20:39:57,964 | INFO     | [CSVQueue] Processing write for data_base/csv/iq_option\GBPUSD-OTC\GBPUSD-OTC_M15.csv
2026-07-28 20:39:58,025 | INFO     | [CSVWriter] Writing 50 rows to data_base/csv/iq_option\GBPUSD-OTC\GBPUSD-OTC_M15.csv
2026-07-28 20:39:58,151 | INFO     | [CSVWriter] Successfully wrote 50 rows to data_base/csv/iq_option\GBPUSD-OTC\GBPUSD-OTC_M15.csv
2026-07-28 20:39:58,167 | INFO     | [CSVQueue] Successfully processed write for data_base/csv/iq_option\GBPUSD-OTC\GBPUSD-OTC_M15.csv
2026-07-28 20:39:58,183 | INFO     | [CSVQueue] Queue size: 0
2026-07-28 20:39:58,287 | INFO     | [IQOPTION] REST fetch succeeded for EURGBP-OTC: 250 candles
2026-07-28 20:39:58,534 | INFO     | [IQOPTION] REST fetch succeeded for EURGBP-OTC: 50 candles
2026-07-28 20:39:58,550 | INFO     | [CSVQueue] Enqueuing write for data_base/csv/iq_option\EURGBP-OTC\EURGBP-OTC_M1.csv - Queue size: 0
2026-07-28 20:39:58,551 | INFO     | [CSVQueue] Processing write for data_base/csv/iq_option\EURGBP-OTC\EURGBP-OTC_M1.csv
2026-07-28 20:39:58,551 | INFO     | [CSVWriter] Writing 100 rows to data_base/csv/iq_option\EURGBP-OTC\EURGBP-OTC_M1.csv
2026-07-28 20:39:58,554 | INFO     | [CSVQueue] Enqueuing write for data_base/csv/iq_option\EURGBP-OTC\EURGBP-OTC_M5.csv - Queue size: 0
2026-07-28 20:39:58,556 | INFO     | [CSVQueue] Enqueuing write for data_base/csv/iq_option\EURGBP-OTC\EURGBP-OTC_M15.csv - Queue size: 1
2026-07-28 20:39:58,557 | INFO     | [DataAdapter] EURGBP-OTC initialised — M1:100 M5:250 M15:50
2026-07-28 20:39:58,557 | INFO     | [CSVWriter] Successfully wrote 100 rows to data_base/csv/iq_option\EURGBP-OTC\EURGBP-OTC_M1.csv
2026-07-28 20:39:58,557 | INFO     | [CSVQueue] Successfully processed write for data_base/csv/iq_option\EURGBP-OTC\EURGBP-OTC_M1.csv
2026-07-28 20:39:58,557 | INFO     | [CSVQueue] Processing write for data_base/csv/iq_option\EURGBP-OTC\EURGBP-OTC_M5.csv
2026-07-28 20:39:58,558 | INFO     | [CSVWriter] Writing 250 rows to data_base/csv/iq_option\EURGBP-OTC\EURGBP-OTC_M5.csv
2026-07-28 20:39:58,566 | INFO     | [CSVWriter] Successfully wrote 250 rows to data_base/csv/iq_option\EURGBP-OTC\EURGBP-OTC_M5.csv
2026-07-28 20:39:58,566 | INFO     | [CSVQueue] Successfully processed write for data_base/csv/iq_option\EURGBP-OTC\EURGBP-OTC_M5.csv
2026-07-28 20:39:58,566 | INFO     | [CSVQueue] Processing write for data_base/csv/iq_option\EURGBP-OTC\EURGBP-OTC_M15.csv
2026-07-28 20:39:58,566 | INFO     | [CSVWriter] Writing 50 rows to data_base/csv/iq_option\EURGBP-OTC\EURGBP-OTC_M15.csv
2026-07-28 20:39:58,572 | INFO     | [CSVWriter] Successfully wrote 50 rows to data_base/csv/iq_option\EURGBP-OTC\EURGBP-OTC_M15.csv
2026-07-28 20:39:58,572 | INFO     | [CSVQueue] Successfully processed write for data_base/csv/iq_option\EURGBP-OTC\EURGBP-OTC_M15.csv
2026-07-28 20:39:58,572 | INFO     | [CSVQueue] Queue size: 0
2026-07-28 20:39:58,601 | INFO     | ข้อมูลพร้อมเทรด 4 รายการ  ไม่พร้อมเทรด 0 รายการ
2026-07-28 20:39:59,869 | INFO     | [WS] Subscribed live candles stream for EURUSD (M1, count=100)
2026-07-28 20:40:01,139 | INFO     | [WS] Subscribed live candles stream for EURUSD (M5, count=250)
2026-07-28 20:40:02,413 | INFO     | [WS] Subscribed live candles stream for EURGBP (M1, count=100)
2026-07-28 20:40:04,737 | INFO     | [WS] Subscribed live candles stream for EURGBP (M5, count=250)
2026-07-28 20:40:06,012 | INFO     | [WS] Subscribed live candles stream for GBPUSD-OTC (M1, count=100)
2026-07-28 20:40:07,317 | INFO     | [WS] Subscribed live candles stream for GBPUSD-OTC (M5, count=250)
2026-07-28 20:40:09,651 | INFO     | [WS] Subscribed live candles stream for EURGBP-OTC (M1, count=100)
2026-07-28 20:40:10,939 | INFO     | [WS] Subscribed live candles stream for EURGBP-OTC (M5, count=250)
2026-07-28 20:40:10,944 | INFO     | เข้าสู่การวิเคราะห์สัญญาณในอีก 51 วินาที  (เริ่ม 20:41:01)
2026-07-28 20:40:30,755 | INFO     | [TIME SYNC] Server time offset: -1.8680000305175781 seconds
2026-07-28 20:41:02,203 | INFO     | [DataAdapter] Starting update for EURUSD
2026-07-28 20:41:02,204 | INFO     | [DataAdapter] Refreshing M1 data for EURUSD
2026-07-28 20:41:02,204 | INFO     | [DataAdapter] Starting update for EURGBP
2026-07-28 20:41:02,204 | INFO     | [DataAdapter] Refreshing M1 data for EURGBP
2026-07-28 20:41:02,205 | INFO     | [DataAdapter] Starting update for GBPUSD-OTC
2026-07-28 20:41:02,205 | INFO     | [DataAdapter] Refreshing M1 data for GBPUSD-OTC
2026-07-28 20:41:02,205 | INFO     | [DataAdapter] Starting update for EURGBP-OTC
2026-07-28 20:41:02,205 | INFO     | [DataAdapter] Refreshing M1 data for EURGBP-OTC
2026-07-28 20:41:02,471 | INFO     | [IQOPTION] REST fetch succeeded for EURUSD: 3 candles
2026-07-28 20:41:02,503 | WARNING  | [ANOMALY] Price spike detected: EURUSD 2026-07-28 12:07:00 change: 0.0001
2026-07-28 20:41:02,519 | WARNING  | [ANOMALY] Price spike detected: EURUSD 2026-07-28 12:08:00 change: -0.0000
2026-07-28 20:41:02,534 | WARNING  | [ANOMALY] Price spike detected: EURUSD 2026-07-28 12:09:00 change: 0.0001
2026-07-28 20:41:02,550 | WARNING  | [ANOMALY] Price spike detected: EURUSD 2026-07-28 12:10:00 change: -0.0002
2026-07-28 20:41:02,565 | WARNING  | [ANOMALY] Price spike detected: EURUSD 2026-07-28 12:11:00 change: -0.0001
2026-07-28 20:41:02,581 | WARNING  | [ANOMALY] Price spike detected: EURUSD 2026-07-28 12:12:00 change: 0.0001
2026-07-28 20:41:02,596 | WARNING  | [ANOMALY] Price spike detected: EURUSD 2026-07-28 12:17:00 change: 0.0000
2026-07-28 20:41:02,611 | WARNING  | [ANOMALY] Price spike detected: EURUSD 2026-07-28 12:18:00 change: -0.0000
2026-07-28 20:41:02,627 | WARNING  | [ANOMALY] Price spike detected: EURUSD 2026-07-28 12:20:00 change: 0.0001
2026-07-28 20:41:02,643 | WARNING  | [ANOMALY] Price spike detected: EURUSD 2026-07-28 12:21:00 change: -0.0001
2026-07-28 20:41:02,658 | WARNING  | [ANOMALY] Price spike detected: EURUSD 2026-07-28 12:22:00 change: -0.0001
2026-07-28 20:41:02,659 | WARNING  | [ANOMALY] Price spike detected: EURUSD 2026-07-28 12:23:00 change: 0.0001
2026-07-28 20:41:02,673 | WARNING  | [ANOMALY] Price spike detected: EURUSD 2026-07-28 12:24:00 change: -0.0001
2026-07-28 20:41:02,690 | WARNING  | [ANOMALY] Price spike detected: EURUSD 2026-07-28 12:25:00 change: -0.0001
2026-07-28 20:41:02,690 | WARNING  | [ANOMALY] Price spike detected: EURUSD 2026-07-28 12:27:00 change: 0.0001
2026-07-28 20:41:02,690 | INFO     | [IQOPTION] REST fetch succeeded for EURGBP: 3 candles
2026-07-28 20:41:02,720 | WARNING  | [ANOMALY] Price spike detected: EURUSD 2026-07-28 12:28:00 change: -0.0001
2026-07-28 20:41:02,774 | WARNING  | [ANOMALY] Price spike detected: EURUSD 2026-07-28 12:30:00 change: -0.0000
2026-07-28 20:41:02,777 | WARNING  | [ANOMALY] Price spike detected: EURUSD 2026-07-28 12:31:00 change: -0.0001
2026-07-28 20:41:02,781 | WARNING  | [ANOMALY] Price spike detected: EURUSD 2026-07-28 12:33:00 change: 0.0000
2026-07-28 20:41:02,782 | WARNING  | [ANOMALY] Price spike detected: EURUSD 2026-07-28 12:34:00 change: 0.0001
2026-07-28 20:41:02,782 | WARNING  | [ANOMALY] Price spike detected: EURUSD 2026-07-28 12:35:00 change: -0.0000
2026-07-28 20:41:02,782 | WARNING  | [ANOMALY] Price spike detected: EURUSD 2026-07-28 12:36:00 change: 0.0000
2026-07-28 20:41:02,802 | WARNING  | [ANOMALY] Price spike detected: EURGBP 2026-07-28 12:06:00 change: 0.0001
2026-07-28 20:41:02,803 | WARNING  | [ANOMALY] Price spike detected: EURUSD 2026-07-28 12:37:00 change: 0.0000
2026-07-28 20:41:02,861 | WARNING  | [ANOMALY] Price spike detected: EURUSD 2026-07-28 12:38:00 change: -0.0000
2026-07-28 20:41:02,845 | WARNING  | [ANOMALY] Price spike detected: EURGBP 2026-07-28 12:08:00 change: -0.0000
2026-07-28 20:41:02,862 | WARNING  | [ANOMALY] Price spike detected: EURUSD 2026-07-28 12:39:00 change: -0.0000
2026-07-28 20:41:02,893 | WARNING  | [ANOMALY] Price spike detected: EURGBP 2026-07-28 12:09:00 change: -0.0001
2026-07-28 20:41:02,908 | WARNING  | [ANOMALY] Price spike detected: EURUSD 2026-07-28 12:40:00 change: -0.0000
2026-07-28 20:41:02,940 | WARNING  | [ANOMALY] Price spike detected: EURGBP 2026-07-28 12:10:00 change: -0.0001
2026-07-28 20:41:02,940 | WARNING  | [ANOMALY] Price spike detected: EURUSD 2026-07-28 12:41:00 change: 0.0001
2026-07-28 20:41:02,941 | INFO     | [IQOPTION] REST fetch succeeded for GBPUSD-OTC: 3 candles
2026-07-28 20:41:02,955 | WARNING  | [ANOMALY] Price spike detected: EURGBP 2026-07-28 12:11:00 change: 0.0000
2026-07-28 20:41:02,970 | WARNING  | [ANOMALY] Price spike detected: EURUSD 2026-07-28 12:42:00 change: 0.0000
2026-07-28 20:41:03,004 | WARNING  | [ANOMALY] Price spike detected: EURGBP 2026-07-28 12:12:00 change: 0.0000
2026-07-28 20:41:03,020 | WARNING  | [ANOMALY] Price spike detected: GBPUSD-OTC 2026-07-28 12:07:00 change: -0.0001
2026-07-28 20:41:03,064 | WARNING  | [ANOMALY] Price spike detected: EURUSD 2026-07-28 12:43:00 change: 0.0000
2026-07-28 20:41:03,111 | WARNING  | [ANOMALY] Price spike detected: EURGBP 2026-07-28 12:13:00 change: -0.0001
2026-07-28 20:41:03,127 | WARNING  | [ANOMALY] Price spike detected: GBPUSD-OTC 2026-07-28 12:08:00 change: 0.0001
2026-07-28 20:41:03,173 | WARNING  | [ANOMALY] Price spike detected: EURUSD 2026-07-28 12:45:00 change: 0.0000
2026-07-28 20:41:03,205 | WARNING  | [ANOMALY] Price spike detected: EURGBP 2026-07-28 12:14:00 change: 0.0001
2026-07-28 20:41:03,266 | WARNING  | [ANOMALY] Price spike detected: GBPUSD-OTC 2026-07-28 12:10:00 change: -0.0005
2026-07-28 20:41:03,267 | WARNING  | [ANOMALY] Price spike detected: EURUSD 2026-07-28 12:46:00 change: 0.0001
2026-07-28 20:41:03,267 | INFO     | [IQOPTION] REST fetch succeeded for EURGBP-OTC: 3 candles
2026-07-28 20:41:03,268 | WARNING  | [ANOMALY] Price spike detected: EURGBP 2026-07-28 12:15:00 change: -0.0000
2026-07-28 20:41:03,268 | WARNING  | [ANOMALY] Price spike detected: GBPUSD-OTC 2026-07-28 12:11:00 change: -0.0003
2026-07-28 20:41:03,268 | WARNING  | [ANOMALY] Price spike detected: EURUSD 2026-07-28 12:48:00 change: 0.0001
2026-07-28 20:41:03,284 | WARNING  | [ANOMALY] Price spike detected: EURGBP-OTC 2026-07-28 12:06:00 change: -0.0002
2026-07-28 20:41:03,284 | WARNING  | [ANOMALY] Price spike detected: EURGBP 2026-07-28 12:16:00 change: -0.0000
2026-07-28 20:41:03,284 | WARNING  | [ANOMALY] Price spike detected: GBPUSD-OTC 2026-07-28 12:13:00 change: -0.0003
2026-07-28 20:41:03,285 | WARNING  | [ANOMALY] Price spike detected: EURUSD 2026-07-28 12:50:00 change: 0.0001
2026-07-28 20:41:03,285 | WARNING  | [ANOMALY] Price spike detected: EURUSD 2026-07-28 12:51:00 change: -0.0001
2026-07-28 20:41:03,285 | WARNING  | [ANOMALY] Price spike detected: EURGBP 2026-07-28 12:18:00 change: -0.0000
2026-07-28 20:41:03,285 | WARNING  | [ANOMALY] Price spike detected: GBPUSD-OTC 2026-07-28 12:14:00 change: -0.0001
2026-07-28 20:41:03,285 | WARNING  | [ANOMALY] Price spike detected: EURGBP-OTC 2026-07-28 12:07:00 change: 0.0003
2026-07-28 20:41:03,286 | WARNING  | [ANOMALY] Price spike detected: EURUSD 2026-07-28 12:52:00 change: -0.0000
2026-07-28 20:41:03,286 | WARNING  | [ANOMALY] Price spike detected: EURGBP 2026-07-28 12:19:00 change: 0.0000
2026-07-28 20:41:03,287 | WARNING  | [ANOMALY] Price spike detected: EURGBP 2026-07-28 12:20:00 change: -0.0000
2026-07-28 20:41:03,287 | WARNING  | [ANOMALY] Price spike detected: EURGBP-OTC 2026-07-28 12:09:00 change: -0.0001
2026-07-28 20:41:03,286 | WARNING  | [ANOMALY] Price spike detected: GBPUSD-OTC 2026-07-28 12:15:00 change: 0.0002
2026-07-28 20:41:03,288 | WARNING  | [ANOMALY] Price spike detected: GBPUSD-OTC 2026-07-28 12:16:00 change: 0.0003
2026-07-28 20:41:03,288 | WARNING  | [ANOMALY] Price spike detected: EURGBP-OTC 2026-07-28 12:10:00 change: 0.0004
2026-07-28 20:41:03,287 | WARNING  | [ANOMALY] Price spike detected: EURUSD 2026-07-28 12:53:00 change: -0.0000
2026-07-28 20:41:03,288 | WARNING  | [ANOMALY] Price spike detected: GBPUSD-OTC 2026-07-28 12:17:00 change: -0.0001
2026-07-28 20:41:03,287 | WARNING  | [ANOMALY] Price spike detected: EURGBP 2026-07-28 12:21:00 change: -0.0002
2026-07-28 20:41:03,289 | WARNING  | [ANOMALY] Price spike detected: EURGBP-OTC 2026-07-28 12:13:00 change: 0.0002
2026-07-28 20:41:03,289 | WARNING  | [ANOMALY] Price spike detected: EURUSD 2026-07-28 12:54:00 change: -0.0000
2026-07-28 20:41:03,290 | WARNING  | [ANOMALY] Price spike detected: GBPUSD-OTC 2026-07-28 12:18:00 change: 0.0002
2026-07-28 20:41:03,290 | WARNING  | [ANOMALY] Price spike detected: EURGBP 2026-07-28 12:22:00 change: 0.0002
2026-07-28 20:41:03,290 | WARNING  | [ANOMALY] Price spike detected: EURGBP-OTC 2026-07-28 12:14:00 change: -0.0001
2026-07-28 20:41:03,290 | WARNING  | [ANOMALY] Price spike detected: EURUSD 2026-07-28 12:55:00 change: 0.0000
2026-07-28 20:41:03,291 | WARNING  | [ANOMALY] Price spike detected: GBPUSD-OTC 2026-07-28 12:19:00 change: 0.0002
2026-07-28 20:41:03,291 | WARNING  | [ANOMALY] Price spike detected: EURGBP 2026-07-28 12:23:00 change: -0.0001
2026-07-28 20:41:03,291 | WARNING  | [ANOMALY] Price spike detected: EURGBP-OTC 2026-07-28 12:15:00 change: -0.0001
2026-07-28 20:41:03,291 | WARNING  | [ANOMALY] Price spike detected: EURUSD 2026-07-28 12:56:00 change: 0.0000
2026-07-28 20:41:03,292 | WARNING  | [ANOMALY] Price spike detected: GBPUSD-OTC 2026-07-28 12:21:00 change: 0.0003
2026-07-28 20:41:03,292 | WARNING  | [ANOMALY] Price spike detected: EURGBP 2026-07-28 12:24:00 change: -0.0001
2026-07-28 20:41:03,293 | WARNING  | [ANOMALY] Price spike detected: EURGBP 2026-07-28 12:27:00 change: 0.0000
2026-07-28 20:41:03,292 | WARNING  | [ANOMALY] Price spike detected: EURUSD 2026-07-28 12:57:00 change: -0.0000
2026-07-28 20:41:03,294 | WARNING  | [ANOMALY] Price spike detected: EURUSD 2026-07-28 12:58:00 change: 0.0001
2026-07-28 20:41:03,293 | WARNING  | [ANOMALY] Price spike detected: EURGBP 2026-07-28 12:28:00 change: -0.0001
2026-07-28 20:41:03,294 | WARNING  | [ANOMALY] Price spike detected: EURUSD 2026-07-28 12:59:00 change: -0.0001
2026-07-28 20:41:03,294 | WARNING  | [ANOMALY] Price spike detected: EURUSD 2026-07-28 13:00:00 change: 0.0000
2026-07-28 20:41:03,293 | WARNING  | [ANOMALY] Price spike detected: GBPUSD-OTC 2026-07-28 12:22:00 change: 0.0002
2026-07-28 20:41:03,294 | WARNING  | [ANOMALY] Price spike detected: EURGBP 2026-07-28 12:31:00 change: -0.0001
2026-07-28 20:41:03,295 | WARNING  | [ANOMALY] Price spike detected: EURGBP 2026-07-28 12:32:00 change: -0.0001
2026-07-28 20:41:03,292 | WARNING  | [ANOMALY] Price spike detected: EURGBP-OTC 2026-07-28 12:19:00 change: 0.0004
2026-07-28 20:41:03,295 | WARNING  | [ANOMALY] Price spike detected: GBPUSD-OTC 2026-07-28 12:23:00 change: -0.0002
2026-07-28 20:41:03,294 | WARNING  | [ANOMALY] Price spike detected: EURUSD 2026-07-28 13:01:00 change: 0.0000
2026-07-28 20:41:03,296 | WARNING  | [ANOMALY] Price spike detected: EURGBP 2026-07-28 12:33:00 change: -0.0001
2026-07-28 20:41:03,296 | WARNING  | [ANOMALY] Price spike detected: EURGBP-OTC 2026-07-28 12:23:00 change: 0.0002
2026-07-28 20:41:03,296 | WARNING  | [ANOMALY] Price spike detected: GBPUSD-OTC 2026-07-28 12:24:00 change: 0.0002
2026-07-28 20:41:03,296 | WARNING  | [ANOMALY] Price spike detected: EURUSD 2026-07-28 13:02:00 change: 0.0001
2026-07-28 20:41:03,297 | WARNING  | [ANOMALY] Price spike detected: EURGBP 2026-07-28 12:35:00 change: -0.0002
2026-07-28 20:41:03,297 | WARNING  | [ANOMALY] Price spike detected: EURGBP-OTC 2026-07-28 12:25:00 change: -0.0003
2026-07-28 20:41:03,297 | WARNING  | [ANOMALY] Price spike detected: GBPUSD-OTC 2026-07-28 12:25:00 change: -0.0001
2026-07-28 20:41:03,297 | WARNING  | [ANOMALY] Price spike detected: EURUSD 2026-07-28 13:04:00 change: -0.0000
2026-07-28 20:41:03,298 | WARNING  | [ANOMALY] Price spike detected: EURGBP 2026-07-28 12:36:00 change: 0.0001
2026-07-28 20:41:03,298 | WARNING  | [ANOMALY] Price spike detected: EURGBP-OTC 2026-07-28 12:26:00 change: 0.0004
2026-07-28 20:41:03,298 | WARNING  | [ANOMALY] Price spike detected: EURGBP-OTC 2026-07-28 12:28:00 change: 0.0003
2026-07-28 20:41:03,298 | WARNING  | [ANOMALY] Price spike detected: EURUSD 2026-07-28 13:06:00 change: 0.0001
2026-07-28 20:41:03,298 | WARNING  | [ANOMALY] Price spike detected: GBPUSD-OTC 2026-07-28 12:26:00 change: -0.0002
2026-07-28 20:41:03,299 | WARNING  | [ANOMALY] Price spike detected: EURGBP-OTC 2026-07-28 12:30:00 change: -0.0001
2026-07-28 20:41:03,298 | WARNING  | [ANOMALY] Price spike detected: EURGBP 2026-07-28 12:38:00 change: -0.0000
2026-07-28 20:41:03,299 | WARNING  | [ANOMALY] Price spike detected: EURUSD 2026-07-28 13:08:00 change: -0.0001
2026-07-28 20:41:03,299 | WARNING  | [ANOMALY] Price spike detected: GBPUSD-OTC 2026-07-28 12:27:00 change: -0.0005
2026-07-28 20:41:03,300 | WARNING  | [ANOMALY] Price spike detected: EURGBP-OTC 2026-07-28 12:31:00 change: -0.0004
2026-07-28 20:41:03,300 | WARNING  | [ANOMALY] Price spike detected: EURGBP 2026-07-28 12:39:00 change: -0.0000
2026-07-28 20:41:03,301 | WARNING  | [ANOMALY] Price spike detected: EURUSD 2026-07-28 13:09:00 change: 0.0001
2026-07-28 20:41:03,302 | WARNING  | [ANOMALY] Price spike detected: EURUSD 2026-07-28 13:10:00 change: -0.0000
2026-07-28 20:41:03,301 | WARNING  | [ANOMALY] Price spike detected: EURGBP-OTC 2026-07-28 12:32:00 change: 0.0001
2026-07-28 20:41:03,302 | WARNING  | [ANOMALY] Price spike detected: EURGBP-OTC 2026-07-28 12:33:00 change: 0.0002
2026-07-28 20:41:03,302 | WARNING  | [ANOMALY] Price spike detected: EURUSD 2026-07-28 13:12:00 change: -0.0001
2026-07-28 20:41:03,302 | WARNING  | [ANOMALY] Price spike detected: EURGBP-OTC 2026-07-28 12:34:00 change: 0.0004
2026-07-28 20:41:03,301 | WARNING  | [ANOMALY] Price spike detected: EURGBP 2026-07-28 12:40:00 change: -0.0000
2026-07-28 20:41:03,301 | WARNING  | [ANOMALY] Price spike detected: GBPUSD-OTC 2026-07-28 12:28:00 change: 0.0001
2026-07-28 20:41:03,303 | WARNING  | [ANOMALY] Price spike detected: EURGBP-OTC 2026-07-28 12:35:00 change: -0.0003
2026-07-28 20:41:03,302 | WARNING  | [ANOMALY] Price spike detected: EURUSD 2026-07-28 13:13:00 change: -0.0001
2026-07-28 20:41:03,303 | WARNING  | [ANOMALY] Price spike detected: EURGBP 2026-07-28 12:41:00 change: -0.0001
2026-07-28 20:41:03,303 | WARNING  | [ANOMALY] Price spike detected: GBPUSD-OTC 2026-07-28 12:29:00 change: 0.0003
2026-07-28 20:41:03,304 | WARNING  | [ANOMALY] Price spike detected: EURGBP-OTC 2026-07-28 12:36:00 change: -0.0001
2026-07-28 20:41:03,304 | WARNING  | [ANOMALY] Price spike detected: EURUSD 2026-07-28 13:14:00 change: -0.0000
2026-07-28 20:41:03,304 | WARNING  | [ANOMALY] Price spike detected: EURGBP 2026-07-28 12:44:00 change: -0.0000
2026-07-28 20:41:03,304 | WARNING  | [ANOMALY] Price spike detected: GBPUSD-OTC 2026-07-28 12:30:00 change: 0.0003
2026-07-28 20:41:03,305 | WARNING  | [ANOMALY] Price spike detected: EURGBP-OTC 2026-07-28 12:37:00 change: 0.0002
2026-07-28 20:41:03,305 | WARNING  | [ANOMALY] Price spike detected: EURUSD 2026-07-28 13:17:00 change: 0.0000
2026-07-28 20:41:03,305 | WARNING  | [ANOMALY] Price spike detected: EURGBP 2026-07-28 12:45:00 change: -0.0001
2026-07-28 20:41:03,306 | WARNING  | [ANOMALY] Price spike detected: EURGBP 2026-07-28 12:46:00 change: 0.0000
2026-07-28 20:41:03,306 | WARNING  | [ANOMALY] Price spike detected: EURGBP-OTC 2026-07-28 12:38:00 change: 0.0005
2026-07-28 20:41:03,306 | WARNING  | [ANOMALY] Price spike detected: EURUSD 2026-07-28 13:18:00 change: 0.0001
2026-07-28 20:41:03,307 | WARNING  | [ANOMALY] Price spike detected: EURGBP 2026-07-28 12:47:00 change: 0.0001
2026-07-28 20:41:03,306 | WARNING  | [ANOMALY] Price spike detected: GBPUSD-OTC 2026-07-28 12:32:00 change: -0.0002
2026-07-28 20:41:03,307 | WARNING  | [ANOMALY] Price spike detected: EURGBP-OTC 2026-07-28 12:39:00 change: -0.0003
2026-07-28 20:41:03,307 | WARNING  | [ANOMALY] Price spike detected: EURUSD 2026-07-28 13:19:00 change: 0.0000
2026-07-28 20:41:03,307 | WARNING  | [ANOMALY] Price spike detected: EURGBP 2026-07-28 12:48:00 change: -0.0000
2026-07-28 20:41:03,309 | WARNING  | [ANOMALY] Price spike detected: EURGBP 2026-07-28 12:49:00 change: -0.0001
2026-07-28 20:41:03,308 | WARNING  | [ANOMALY] Price spike detected: EURGBP-OTC 2026-07-28 12:41:00 change: 0.0001
2026-07-28 20:41:03,308 | WARNING  | [ANOMALY] Price spike detected: EURUSD 2026-07-28 13:20:00 change: 0.0002
2026-07-28 20:41:03,308 | WARNING  | [ANOMALY] Price spike detected: GBPUSD-OTC 2026-07-28 12:33:00 change: -0.0003
2026-07-28 20:41:03,309 | WARNING  | [ANOMALY] Price spike detected: GBPUSD-OTC 2026-07-28 12:34:00 change: 0.0003
2026-07-28 20:41:03,309 | WARNING  | [ANOMALY] Price spike detected: GBPUSD-OTC 2026-07-28 12:35:00 change: 0.0005
2026-07-28 20:41:03,309 | WARNING  | [ANOMALY] Price spike detected: EURUSD 2026-07-28 13:22:00 change: -0.0001
2026-07-28 20:41:03,309 | WARNING  | [ANOMALY] Price spike detected: EURGBP-OTC 2026-07-28 12:44:00 change: -0.0002
2026-07-28 20:41:03,309 | WARNING  | [ANOMALY] Price spike detected: GBPUSD-OTC 2026-07-28 12:36:00 change: -0.0002
2026-07-28 20:41:03,309 | WARNING  | [ANOMALY] Price spike detected: EURGBP 2026-07-28 12:50:00 change: 0.0001
2026-07-28 20:41:03,311 | WARNING  | [ANOMALY] Price spike detected: EURGBP 2026-07-28 12:51:00 change: -0.0001
2026-07-28 20:41:03,310 | WARNING  | [ANOMALY] Price spike detected: EURGBP-OTC 2026-07-28 12:45:00 change: -0.0002
2026-07-28 20:41:03,311 | WARNING  | [ANOMALY] Price spike detected: GBPUSD-OTC 2026-07-28 12:37:00 change: 0.0003
2026-07-28 20:41:03,310 | WARNING  | [ANOMALY] Price spike detected: EURUSD 2026-07-28 13:23:00 change: -0.0001
2026-07-28 20:41:03,312 | WARNING  | [ANOMALY] Price spike detected: EURGBP 2026-07-28 12:52:00 change: -0.0000
2026-07-28 20:41:03,312 | WARNING  | [ANOMALY] Price spike detected: EURGBP-OTC 2026-07-28 12:46:00 change: -0.0002
2026-07-28 20:41:03,312 | WARNING  | [ANOMALY] Price spike detected: GBPUSD-OTC 2026-07-28 12:38:00 change: -0.0001
2026-07-28 20:41:03,313 | WARNING  | [ANOMALY] Price spike detected: EURUSD 2026-07-28 13:26:00 change: -0.0001
2026-07-28 20:41:03,313 | WARNING  | [ANOMALY] Price spike detected: EURGBP 2026-07-28 12:55:00 change: -0.0000
2026-07-28 20:41:03,313 | WARNING  | [ANOMALY] Price spike detected: EURGBP-OTC 2026-07-28 12:47:00 change: -0.0002
2026-07-28 20:41:03,313 | WARNING  | [ANOMALY] Price spike detected: GBPUSD-OTC 2026-07-28 12:40:00 change: 0.0002
2026-07-28 20:41:03,314 | WARNING  | [ANOMALY] Price spike detected: EURUSD 2026-07-28 13:28:00 change: 0.0000
2026-07-28 20:41:03,314 | WARNING  | [ANOMALY] Price spike detected: EURGBP 2026-07-28 12:56:00 change: 0.0000
2026-07-28 20:41:03,314 | WARNING  | [ANOMALY] Price spike detected: EURGBP-OTC 2026-07-28 12:48:00 change: 0.0005
2026-07-28 20:41:03,314 | WARNING  | [ANOMALY] Price spike detected: GBPUSD-OTC 2026-07-28 12:42:00 change: -0.0002
2026-07-28 20:41:03,315 | WARNING  | [ANOMALY] Price spike detected: EURUSD 2026-07-28 13:29:00 change: -0.0000
2026-07-28 20:41:03,315 | WARNING  | [ANOMALY] Price spike detected: EURGBP 2026-07-28 12:57:00 change: -0.0000
2026-07-28 20:41:03,315 | WARNING  | [ANOMALY] Price spike detected: EURGBP-OTC 2026-07-28 12:49:00 change: -0.0001
2026-07-28 20:41:03,315 | WARNING  | [ANOMALY] Price spike detected: GBPUSD-OTC 2026-07-28 12:43:00 change: 0.0004
2026-07-28 20:41:03,316 | WARNING  | [ANOMALY] Price spike detected: EURUSD 2026-07-28 13:30:00 change: 0.0000
2026-07-28 20:41:03,316 | WARNING  | [ANOMALY] Price spike detected: EURGBP 2026-07-28 12:58:00 change: -0.0000
2026-07-28 20:41:03,316 | WARNING  | [ANOMALY] Price spike detected: EURGBP-OTC 2026-07-28 12:50:00 change: 0.0001
2026-07-28 20:41:03,316 | WARNING  | [ANOMALY] Price spike detected: GBPUSD-OTC 2026-07-28 12:45:00 change: -0.0001
2026-07-28 20:41:03,316 | WARNING  | [ANOMALY] Price spike detected: EURUSD 2026-07-28 13:31:00 change: 0.0002
2026-07-28 20:41:03,317 | WARNING  | [ANOMALY] Price spike detected: EURGBP 2026-07-28 12:59:00 change: -0.0001
2026-07-28 20:41:03,318 | WARNING  | [ANOMALY] Price spike detected: EURGBP-OTC 2026-07-28 12:52:00 change: -0.0002
2026-07-28 20:41:03,318 | WARNING  | [ANOMALY] Price spike detected: GBPUSD-OTC 2026-07-28 12:47:00 change: -0.0005
2026-07-28 20:41:03,318 | WARNING  | [ANOMALY] Price spike detected: EURUSD 2026-07-28 13:33:00 change: -0.0001
2026-07-28 20:41:03,318 | WARNING  | [ANOMALY] Price spike detected: EURGBP 2026-07-28 13:00:00 change: -0.0000
2026-07-28 20:41:03,319 | WARNING  | [ANOMALY] Price spike detected: EURGBP-OTC 2026-07-28 12:54:00 change: 0.0001
2026-07-28 20:41:03,319 | WARNING  | [ANOMALY] Price spike detected: GBPUSD-OTC 2026-07-28 12:48:00 change: -0.0005
2026-07-28 20:41:03,319 | WARNING  | [ANOMALY] Price spike detected: EURUSD 2026-07-28 13:34:00 change: 0.0000
2026-07-28 20:41:03,319 | WARNING  | [ANOMALY] Price spike detected: EURGBP 2026-07-28 13:01:00 change: -0.0001
2026-07-28 20:41:03,320 | WARNING  | [ANOMALY] Price spike detected: EURGBP-OTC 2026-07-28 12:58:00 change: -0.0002
2026-07-28 20:41:03,320 | WARNING  | [ANOMALY] Price spike detected: GBPUSD-OTC 2026-07-28 12:50:00 change: -0.0004
2026-07-28 20:41:03,320 | WARNING  | [ANOMALY] Price spike detected: EURUSD 2026-07-28 13:35:00 change: 0.0000
2026-07-28 20:41:03,320 | WARNING  | [ANOMALY] Price spike detected: EURGBP 2026-07-28 13:02:00 change: -0.0000
2026-07-28 20:41:03,321 | WARNING  | [ANOMALY] Price spike detected: EURGBP-OTC 2026-07-28 12:59:00 change: -0.0004
2026-07-28 20:41:03,321 | WARNING  | [ANOMALY] Price spike detected: GBPUSD-OTC 2026-07-28 12:51:00 change: -0.0004
2026-07-28 20:41:03,321 | WARNING  | [ANOMALY] Price spike detected: EURUSD 2026-07-28 13:36:00 change: -0.0001
2026-07-28 20:41:03,321 | WARNING  | [ANOMALY] Price spike detected: EURGBP 2026-07-28 13:03:00 change: 0.0001
2026-07-28 20:41:03,322 | WARNING  | [ANOMALY] Price spike detected: EURGBP-OTC 2026-07-28 13:00:00 change: 0.0001
2026-07-28 20:41:03,322 | WARNING  | [ANOMALY] Price spike detected: GBPUSD-OTC 2026-07-28 12:52:00 change: -0.0004
2026-07-28 20:41:03,322 | WARNING  | [ANOMALY] Price spike detected: EURUSD 2026-07-28 13:37:00 change: -0.0000
2026-07-28 20:41:03,322 | WARNING  | [ANOMALY] Price spike detected: EURGBP 2026-07-28 13:04:00 change: 0.0001
2026-07-28 20:41:03,322 | WARNING  | [ANOMALY] Price spike detected: EURGBP-OTC 2026-07-28 13:01:00 change: 0.0001
2026-07-28 20:41:03,322 | WARNING  | [ANOMALY] Price spike detected: GBPUSD-OTC 2026-07-28 12:55:00 change: -0.0001
2026-07-28 20:41:03,323 | WARNING  | [ANOMALY] Price spike detected: EURUSD 2026-07-28 13:38:00 change: 0.0001
2026-07-28 20:41:03,323 | WARNING  | [ANOMALY] Price spike detected: EURGBP 2026-07-28 13:05:00 change: -0.0001
2026-07-28 20:41:03,323 | WARNING  | [ANOMALY] Price spike detected: EURGBP-OTC 2026-07-28 13:02:00 change: 0.0001
2026-07-28 20:41:03,323 | WARNING  | [ANOMALY] Price spike detected: GBPUSD-OTC 2026-07-28 12:56:00 change: -0.0002
2026-07-28 20:41:03,324 | WARNING  | [ANOMALY] Price spike detected: EURUSD 2026-07-28 13:39:00 change: -0.0000
2026-07-28 20:41:03,324 | WARNING  | [ANOMALY] Price spike detected: EURGBP 2026-07-28 13:07:00 change: 0.0000
2026-07-28 20:41:03,324 | WARNING  | [ANOMALY] Price spike detected: EURGBP-OTC 2026-07-28 13:04:00 change: -0.0004
2026-07-28 20:41:03,324 | WARNING  | [ANOMALY] Price spike detected: GBPUSD-OTC 2026-07-28 12:57:00 change: -0.0003
2026-07-28 20:41:03,325 | WARNING  | [ANOMALY] Price spike detected: EURUSD 2026-07-28 13:40:00 change: 0.0001
2026-07-28 20:41:03,325 | WARNING  | [ANOMALY] Price spike detected: EURGBP 2026-07-28 13:08:00 change: 0.0001
2026-07-28 20:41:03,325 | WARNING  | [ANOMALY] Price spike detected: EURGBP-OTC 2026-07-28 13:05:00 change: 0.0004
2026-07-28 20:41:03,325 | WARNING  | [ANOMALY] Price spike detected: GBPUSD-OTC 2026-07-28 12:58:00 change: 0.0001
2026-07-28 20:41:03,328 | WARNING  | [ANOMALY] Price spike detected: EURGBP 2026-07-28 13:09:00 change: 0.0000
2026-07-28 20:41:03,329 | WARNING  | [ANOMALY] Price spike detected: EURGBP-OTC 2026-07-28 13:07:00 change: 0.0003
2026-07-28 20:41:03,329 | WARNING  | [ANOMALY] Price spike detected: GBPUSD-OTC 2026-07-28 12:59:00 change: 0.0005
2026-07-28 20:41:03,332 | WARNING  | [ANOMALY] Price spike detected: EURGBP 2026-07-28 13:10:00 change: 0.0000
2026-07-28 20:41:03,332 | WARNING  | [ANOMALY] Price spike detected: EURGBP-OTC 2026-07-28 13:08:00 change: 0.0004
2026-07-28 20:41:03,336 | WARNING  | [ANOMALY] Price spike detected: GBPUSD-OTC 2026-07-28 13:00:00 change: 0.0010
2026-07-28 20:41:03,344 | WARNING  | [ANOMALY] Total anomalies detected: EURUSD 72
2026-07-28 20:41:03,345 | ERROR    | [ANOMALY] Excessive anomalies threshold exceeded: 280
2026-07-28 20:41:03,345 | WARNING  | [ANOMALY] Price spike detected: EURGBP-OTC 2026-07-28 13:09:00 change: 0.0001
2026-07-28 20:41:03,345 | WARNING  | [ANOMALY] Price spike detected: GBPUSD-OTC 2026-07-28 13:02:00 change: 0.0003
2026-07-28 20:41:03,345 | INFO     | [DataAdapter] M1 anomaly detection completed for EURUSD in 0.851s
2026-07-28 20:41:03,346 | WARNING  | [ANOMALY] Price spike detected: EURGBP-OTC 2026-07-28 13:10:00 change: -0.0001
2026-07-28 20:41:03,346 | WARNING  | [ANOMALY] Price spike detected: GBPUSD-OTC 2026-07-28 13:04:00 change: -0.0001
2026-07-28 20:41:03,344 | WARNING  | [ANOMALY] Price spike detected: EURGBP 2026-07-28 13:12:00 change: 0.0001
2026-07-28 20:41:03,355 | WARNING  | [ANOMALY] Price spike detected: EURGBP 2026-07-28 13:14:00 change: -0.0000
2026-07-28 20:41:03,355 | WARNING  | [ANOMALY] Price spike detected: GBPUSD-OTC 2026-07-28 13:06:00 change: 0.0001
2026-07-28 20:41:03,355 | WARNING  | [ANOMALY] Price spike detected: EURGBP 2026-07-28 13:15:00 change: 0.0001
2026-07-28 20:41:03,356 | WARNING  | [ANOMALY] Price spike detected: GBPUSD-OTC 2026-07-28 13:07:00 change: -0.0004
2026-07-28 20:41:03,356 | WARNING  | [ANOMALY] Price spike detected: EURGBP 2026-07-28 13:17:00 change: 0.0000
2026-07-28 20:41:03,356 | INFO     | [CSVQueue] Enqueuing write for data_base/csv/iq_option\EURUSD\EURUSD_M1.csv - Queue size: 0
2026-07-28 20:41:03,356 | WARNING  | [ANOMALY] Price spike detected: GBPUSD-OTC 2026-07-28 13:08:00 change: 0.0005
2026-07-28 20:41:03,357 | WARNING  | [ANOMALY] Price spike detected: EURGBP 2026-07-28 13:19:00 change: 0.0001
2026-07-28 20:41:03,357 | INFO     | [DataAdapter] M1 data refresh completed for EURUSD
2026-07-28 20:41:03,354 | WARNING  | [ANOMALY] Price spike detected: EURGBP-OTC 2026-07-28 13:11:00 change: -0.0002
2026-07-28 20:41:03,357 | INFO     | [CSVQueue] Processing write for data_base/csv/iq_option\EURUSD\EURUSD_M1.csv
2026-07-28 20:41:03,358 | WARNING  | [ANOMALY] Price spike detected: GBPUSD-OTC 2026-07-28 13:09:00 change: 0.0003
2026-07-28 20:41:03,358 | WARNING  | [ANOMALY] Price spike detected: EURGBP 2026-07-28 13:20:00 change: -0.0000
2026-07-28 20:41:03,358 | INFO     | [DataAdapter] Refreshing M5 data for EURUSD
2026-07-28 20:41:03,358 | WARNING  | [ANOMALY] Price spike detected: EURGBP-OTC 2026-07-28 13:12:00 change: -0.0002
2026-07-28 20:41:03,360 | WARNING  | [ANOMALY] Price spike detected: EURGBP-OTC 2026-07-28 13:14:00 change: 0.0002
2026-07-28 20:41:03,359 | INFO     | [CSVWriter] Writing 100 rows to data_base/csv/iq_option\EURUSD\EURUSD_M1.csv
2026-07-28 20:41:03,359 | WARNING  | [ANOMALY] Price spike detected: EURGBP 2026-07-28 13:21:00 change: -0.0001
2026-07-28 20:41:03,359 | WARNING  | [ANOMALY] Price spike detected: GBPUSD-OTC 2026-07-28 13:12:00 change: 0.0006
2026-07-28 20:41:03,375 | WARNING  | [ANOMALY] Price spike detected: EURGBP-OTC 2026-07-28 13:15:00 change: -0.0001
2026-07-28 20:41:03,452 | WARNING  | [ANOMALY] Price spike detected: EURGBP 2026-07-28 13:22:00 change: 0.0000
2026-07-28 20:41:03,483 | WARNING  | [ANOMALY] Price spike detected: GBPUSD-OTC 2026-07-28 13:13:00 change: -0.0004
2026-07-28 20:41:03,545 | WARNING  | [ANOMALY] Price spike detected: EURGBP-OTC 2026-07-28 13:16:00 change: -0.0006
2026-07-28 20:41:03,576 | WARNING  | [ANOMALY] Price spike detected: EURGBP 2026-07-28 13:24:00 change: -0.0001
2026-07-28 20:41:03,608 | WARNING  | [ANOMALY] Price spike detected: GBPUSD-OTC 2026-07-28 13:14:00 change: -0.0001
2026-07-28 20:41:03,608 | INFO     | [IQOPTION] REST fetch succeeded for EURUSD: 3 candles
2026-07-28 20:41:03,608 | WARNING  | [ANOMALY] Price spike detected: EURGBP-OTC 2026-07-28 13:18:00 change: 0.0002
2026-07-28 20:41:03,609 | WARNING  | [ANOMALY] Price spike detected: EURGBP 2026-07-28 13:25:00 change: -0.0001
2026-07-28 20:41:03,609 | WARNING  | [ANOMALY] Price spike detected: GBPUSD-OTC 2026-07-28 13:16:00 change: -0.0001
2026-07-28 20:41:03,626 | WARNING  | [ANOMALY] Price spike detected: EURGBP-OTC 2026-07-28 13:19:00 change: 0.0003
2026-07-28 20:41:03,632 | WARNING  | [ANOMALY] Price spike detected: EURGBP-OTC 2026-07-28 13:21:00 change: 0.0001
2026-07-28 20:41:03,631 | WARNING  | [ANOMALY] Price spike detected: EURGBP 2026-07-28 13:27:00 change: 0.0000
2026-07-28 20:41:03,631 | WARNING  | [ANOMALY] Price spike detected: GBPUSD-OTC 2026-07-28 13:17:00 change: 0.0004
2026-07-28 20:41:03,632 | WARNING  | [ANOMALY] Price spike detected: EURGBP-OTC 2026-07-28 13:24:00 change: -0.0002
2026-07-28 20:41:03,629 | WARNING  | [ANOMALY] Price spike detected: EURUSD 2026-07-27 17:20:00 change: -0.0001
2026-07-28 20:41:03,634 | WARNING  | [ANOMALY] Price spike detected: EURGBP 2026-07-28 13:28:00 change: 0.0001
2026-07-28 20:41:03,635 | WARNING  | [ANOMALY] Price spike detected: EURGBP 2026-07-28 13:29:00 change: 0.0000
2026-07-28 20:41:03,635 | WARNING  | [ANOMALY] Price spike detected: EURGBP 2026-07-28 13:30:00 change: -0.0001
2026-07-28 20:41:03,635 | WARNING  | [ANOMALY] Price spike detected: EURUSD 2026-07-27 17:30:00 change: 0.0001
2026-07-28 20:41:03,635 | WARNING  | [ANOMALY] Price spike detected: GBPUSD-OTC 2026-07-28 13:18:00 change: 0.0003
2026-07-28 20:41:03,636 | WARNING  | [ANOMALY] Price spike detected: GBPUSD-OTC 2026-07-28 13:20:00 change: 0.0001
2026-07-28 20:41:03,635 | WARNING  | [ANOMALY] Price spike detected: EURGBP-OTC 2026-07-28 13:25:00 change: -0.0001
2026-07-28 20:41:03,635 | INFO     | [CSVWriter] Successfully wrote 101 rows to data_base/csv/iq_option\EURUSD\EURUSD_M1.csv
2026-07-28 20:41:03,636 | WARNING  | [ANOMALY] Price spike detected: EURUSD 2026-07-27 17:35:00 change: -0.0002
2026-07-28 20:41:03,635 | WARNING  | [ANOMALY] Price spike detected: EURGBP 2026-07-28 13:31:00 change: 0.0001
2026-07-28 20:41:03,638 | WARNING  | [ANOMALY] Price spike detected: EURGBP 2026-07-28 13:32:00 change: 0.0001
2026-07-28 20:41:03,637 | WARNING  | [ANOMALY] Price spike detected: EURGBP-OTC 2026-07-28 13:26:00 change: -0.0001
2026-07-28 20:41:03,637 | INFO     | [CSVQueue] Successfully processed write for data_base/csv/iq_option\EURUSD\EURUSD_M1.csv
2026-07-28 20:41:03,638 | WARNING  | [ANOMALY] Price spike detected: EURUSD 2026-07-27 17:45:00 change: 0.0001
2026-07-28 20:41:03,638 | WARNING  | [ANOMALY] Price spike detected: EURGBP 2026-07-28 13:33:00 change: -0.0000
2026-07-28 20:41:03,636 | WARNING  | [ANOMALY] Price spike detected: GBPUSD-OTC 2026-07-28 13:21:00 change: 0.0003
2026-07-28 20:41:03,638 | WARNING  | [ANOMALY] Price spike detected: EURGBP-OTC 2026-07-28 13:27:00 change: 0.0001
2026-07-28 20:41:03,638 | INFO     | [CSVQueue] Queue size: 0
2026-07-28 20:41:03,639 | WARNING  | [ANOMALY] Price spike detected: EURUSD 2026-07-27 17:50:00 change: 0.0002
2026-07-28 20:41:03,639 | WARNING  | [ANOMALY] Price spike detected: EURGBP 2026-07-28 13:34:00 change: -0.0000
2026-07-28 20:41:03,639 | WARNING  | [ANOMALY] Price spike detected: GBPUSD-OTC 2026-07-28 13:23:00 change: 0.0003
2026-07-28 20:41:03,639 | WARNING  | [ANOMALY] Price spike detected: EURGBP-OTC 2026-07-28 13:28:00 change: 0.0002
2026-07-28 20:41:03,640 | WARNING  | [ANOMALY] Price spike detected: EURUSD 2026-07-27 18:15:00 change: -0.0001
2026-07-28 20:41:03,640 | WARNING  | [ANOMALY] Price spike detected: EURGBP 2026-07-28 13:36:00 change: 0.0001
2026-07-28 20:41:03,640 | WARNING  | [ANOMALY] Price spike detected: GBPUSD-OTC 2026-07-28 13:25:00 change: -0.0006
2026-07-28 20:41:03,640 | WARNING  | [ANOMALY] Price spike detected: EURGBP-OTC 2026-07-28 13:29:00 change: -0.0001
2026-07-28 20:41:03,641 | WARNING  | [ANOMALY] Price spike detected: EURUSD 2026-07-27 18:20:00 change: -0.0001
2026-07-28 20:41:03,641 | WARNING  | [ANOMALY] Price spike detected: EURGBP 2026-07-28 13:40:00 change: -0.0001
2026-07-28 20:41:03,642 | WARNING  | [ANOMALY] Price spike detected: GBPUSD-OTC 2026-07-28 13:27:00 change: -0.0005
2026-07-28 20:41:03,642 | WARNING  | [ANOMALY] Price spike detected: EURGBP-OTC 2026-07-28 13:30:00 change: -0.0004
2026-07-28 20:41:03,642 | WARNING  | [ANOMALY] Price spike detected: EURUSD 2026-07-27 18:30:00 change: -0.0001
2026-07-28 20:41:03,645 | WARNING  | [ANOMALY] Price spike detected: GBPUSD-OTC 2026-07-28 13:29:00 change: 0.0005
2026-07-28 20:41:03,645 | WARNING  | [ANOMALY] Price spike detected: EURGBP-OTC 2026-07-28 13:31:00 change: 0.0003
2026-07-28 20:41:03,646 | WARNING  | [ANOMALY] Price spike detected: EURUSD 2026-07-27 18:35:00 change: -0.0001
2026-07-28 20:41:03,649 | WARNING  | [ANOMALY] Price spike detected: EURUSD 2026-07-27 18:40:00 change: 0.0001
2026-07-28 20:41:03,649 | WARNING  | [ANOMALY] Price spike detected: EURUSD 2026-07-27 18:45:00 change: -0.0001
2026-07-28 20:41:03,649 | WARNING  | [ANOMALY] Price spike detected: EURUSD 2026-07-27 18:50:00 change: 0.0001
2026-07-28 20:41:03,649 | WARNING  | [ANOMALY] Price spike detected: EURUSD 2026-07-27 18:55:00 change: -0.0001
2026-07-28 20:41:03,648 | WARNING  | [ANOMALY] Price spike detected: GBPUSD-OTC 2026-07-28 13:30:00 change: 0.0002
2026-07-28 20:41:03,650 | WARNING  | [ANOMALY] Price spike detected: EURUSD 2026-07-27 19:00:00 change: -0.0000
2026-07-28 20:41:03,648 | WARNING  | [ANOMALY] Price spike detected: EURGBP-OTC 2026-07-28 13:32:00 change: 0.0002
2026-07-28 20:41:03,650 | WARNING  | [ANOMALY] Price spike detected: GBPUSD-OTC 2026-07-28 13:32:00 change: 0.0002
2026-07-28 20:41:03,651 | WARNING  | [ANOMALY] Price spike detected: EURUSD 2026-07-27 19:05:00 change: 0.0000
2026-07-28 20:41:03,665 | WARNING  | [ANOMALY] Total anomalies detected: EURGBP 72
2026-07-28 20:41:03,665 | WARNING  | [ANOMALY] Price spike detected: EURGBP-OTC 2026-07-28 13:33:00 change: -0.0002
2026-07-28 20:41:03,666 | WARNING  | [ANOMALY] Price spike detected: GBPUSD-OTC 2026-07-28 13:33:00 change: -0.0002
2026-07-28 20:41:03,666 | WARNING  | [ANOMALY] Price spike detected: EURUSD 2026-07-27 19:10:00 change: -0.0000
2026-07-28 20:41:03,666 | ERROR    | [ANOMALY] Excessive anomalies threshold exceeded: 467
2026-07-28 20:41:03,667 | WARNING  | [ANOMALY] Price spike detected: EURGBP-OTC 2026-07-28 13:34:00 change: 0.0001
2026-07-28 20:41:03,667 | WARNING  | [ANOMALY] Price spike detected: GBPUSD-OTC 2026-07-28 13:34:00 change: 0.0002
2026-07-28 20:41:03,667 | WARNING  | [ANOMALY] Price spike detected: EURUSD 2026-07-27 19:15:00 change: 0.0000
2026-07-28 20:41:03,667 | INFO     | [DataAdapter] M1 anomaly detection completed for EURGBP in 0.887s
2026-07-28 20:41:03,667 | WARNING  | [ANOMALY] Price spike detected: EURGBP-OTC 2026-07-28 13:35:00 change: -0.0003
2026-07-28 20:41:03,668 | WARNING  | [ANOMALY] Price spike detected: GBPUSD-OTC 2026-07-28 13:35:00 change: 0.0006
2026-07-28 20:41:03,668 | WARNING  | [ANOMALY] Price spike detected: EURUSD 2026-07-27 19:20:00 change: 0.0001
2026-07-28 20:41:03,677 | WARNING  | [ANOMALY] Price spike detected: EURGBP-OTC 2026-07-28 13:37:00 change: 0.0003
2026-07-28 20:41:03,677 | WARNING  | [ANOMALY] Price spike detected: GBPUSD-OTC 2026-07-28 13:36:00 change: 0.0007
2026-07-28 20:41:03,677 | WARNING  | [ANOMALY] Price spike detected: EURUSD 2026-07-27 19:25:00 change: 0.0001
2026-07-28 20:41:03,678 | WARNING  | [ANOMALY] Price spike detected: EURGBP-OTC 2026-07-28 13:38:00 change: 0.0003
2026-07-28 20:41:03,678 | WARNING  | [ANOMALY] Price spike detected: GBPUSD-OTC 2026-07-28 13:37:00 change: -0.0004
2026-07-28 20:41:03,678 | WARNING  | [ANOMALY] Price spike detected: EURUSD 2026-07-27 19:30:00 change: 0.0001
2026-07-28 20:41:03,678 | INFO     | [CSVQueue] Enqueuing write for data_base/csv/iq_option\EURGBP\EURGBP_M1.csv - Queue size: 0
2026-07-28 20:41:03,679 | WARNING  | [ANOMALY] Price spike detected: EURGBP-OTC 2026-07-28 13:40:00 change: 0.0001
2026-07-28 20:41:03,679 | WARNING  | [ANOMALY] Price spike detected: GBPUSD-OTC 2026-07-28 13:39:00 change: 0.0003
2026-07-28 20:41:03,679 | WARNING  | [ANOMALY] Price spike detected: EURUSD 2026-07-27 19:35:00 change: 0.0001
2026-07-28 20:41:03,679 | INFO     | [DataAdapter] M1 data refresh completed for EURGBP
2026-07-28 20:41:03,680 | INFO     | [CSVQueue] Processing write for data_base/csv/iq_option\EURGBP\EURGBP_M1.csv
2026-07-28 20:41:03,682 | WARNING  | [ANOMALY] Price spike detected: GBPUSD-OTC 2026-07-28 13:40:00 change: 0.0001
2026-07-28 20:41:03,682 | WARNING  | [ANOMALY] Price spike detected: EURUSD 2026-07-27 19:40:00 change: -0.0000
2026-07-28 20:41:03,686 | WARNING  | [ANOMALY] Price spike detected: EURUSD 2026-07-27 19:45:00 change: -0.0002
2026-07-28 20:41:03,682 | INFO     | [DataAdapter] Refreshing M5 data for EURGBP
2026-07-28 20:41:03,687 | WARNING  | [ANOMALY] Price spike detected: EURUSD 2026-07-27 19:55:00 change: -0.0001
2026-07-28 20:41:03,687 | INFO     | [CSVWriter] Writing 100 rows to data_base/csv/iq_option\EURGBP\EURGBP_M1.csv
2026-07-28 20:41:03,707 | WARNING  | [ANOMALY] Total anomalies detected: EURGBP-OTC 66
2026-07-28 20:41:03,718 | WARNING  | [ANOMALY] Price spike detected: EURUSD 2026-07-27 20:00:00 change: 0.0001
2026-07-28 20:41:03,744 | WARNING  | [ANOMALY] Total anomalies detected: GBPUSD-OTC 70
2026-07-28 20:41:03,780 | ERROR    | [ANOMALY] Excessive anomalies threshold exceeded: 467
2026-07-28 20:41:03,809 | WARNING  | [ANOMALY] Price spike detected: EURUSD 2026-07-27 20:05:00 change: 0.0000
2026-07-28 20:41:03,810 | ERROR    | [ANOMALY] Excessive anomalies threshold exceeded: 467
2026-07-28 20:41:03,824 | INFO     | [DataAdapter] M1 anomaly detection completed for EURGBP-OTC in 0.545s
2026-07-28 20:41:03,856 | WARNING  | [ANOMALY] Price spike detected: EURUSD 2026-07-27 20:10:00 change: 0.0001
2026-07-28 20:41:03,886 | INFO     | [DataAdapter] M1 anomaly detection completed for GBPUSD-OTC in 0.879s
2026-07-28 20:41:03,924 | WARNING  | [ANOMALY] Price spike detected: EURUSD 2026-07-27 20:15:00 change: -0.0001
2026-07-28 20:41:04,040 | WARNING  | [ANOMALY] Price spike detected: EURUSD 2026-07-27 20:30:00 change: -0.0002
2026-07-28 20:41:04,055 | WARNING  | [ANOMALY] Price spike detected: EURUSD 2026-07-27 20:40:00 change: -0.0001
2026-07-28 20:41:04,056 | INFO     | [CSVQueue] Enqueuing write for data_base/csv/iq_option\EURGBP-OTC\EURGBP-OTC_M1.csv - Queue size: 0
2026-07-28 20:41:04,056 | INFO     | [CSVQueue] Enqueuing write for data_base/csv/iq_option\GBPUSD-OTC\GBPUSD-OTC_M1.csv - Queue size: 0
2026-07-28 20:41:04,059 | WARNING  | [ANOMALY] Price spike detected: EURUSD 2026-07-27 20:50:00 change: 0.0000
2026-07-28 20:41:04,059 | INFO     | [DataAdapter] M1 data refresh completed for EURGBP-OTC
2026-07-28 20:41:04,060 | INFO     | [IQOPTION] REST fetch succeeded for EURGBP: 3 candles
2026-07-28 20:41:04,060 | INFO     | [DataAdapter] M1 data refresh completed for GBPUSD-OTC
2026-07-28 20:41:04,060 | WARNING  | [ANOMALY] Price spike detected: EURUSD 2026-07-27 20:55:00 change: 0.0001
2026-07-28 20:41:04,060 | INFO     | [CSVWriter] Successfully wrote 101 rows to data_base/csv/iq_option\EURGBP\EURGBP_M1.csv
2026-07-28 20:41:04,060 | INFO     | [DataAdapter] Refreshing M5 data for EURGBP-OTC
2026-07-28 20:41:04,068 | INFO     | [DataAdapter] Refreshing M5 data for GBPUSD-OTC
2026-07-28 20:41:04,075 | WARNING  | [ANOMALY] Price spike detected: EURGBP 2026-07-27 17:30:00 change: -0.0001
2026-07-28 20:41:04,075 | WARNING  | [ANOMALY] Price spike detected: EURUSD 2026-07-27 21:05:00 change: 0.0003
2026-07-28 20:41:04,076 | INFO     | [CSVQueue] Successfully processed write for data_base/csv/iq_option\EURGBP\EURGBP_M1.csv
2026-07-28 20:41:04,077 | WARNING  | [ANOMALY] Price spike detected: EURGBP 2026-07-27 17:45:00 change: -0.0001
2026-07-28 20:41:04,117 | WARNING  | [ANOMALY] Price spike detected: EURUSD 2026-07-27 21:15:00 change: 0.0000
2026-07-28 20:41:04,164 | INFO     | [CSVQueue] Processing write for data_base/csv/iq_option\EURGBP-OTC\EURGBP-OTC_M1.csv
2026-07-28 20:41:04,195 | WARNING  | [ANOMALY] Price spike detected: EURGBP 2026-07-27 17:55:00 change: -0.0001
2026-07-28 20:41:04,241 | WARNING  | [ANOMALY] Price spike detected: EURUSD 2026-07-27 21:30:00 change: -0.0001
2026-07-28 20:41:04,319 | WARNING  | [ANOMALY] Price spike detected: EURGBP 2026-07-27 18:05:00 change: 0.0001
2026-07-28 20:41:04,351 | WARNING  | [ANOMALY] Price spike detected: EURUSD 2026-07-27 21:35:00 change: -0.0001
2026-07-28 20:41:04,351 | INFO     | [CSVWriter] Writing 100 rows to data_base/csv/iq_option\EURGBP-OTC\EURGBP-OTC_M1.csv
2026-07-28 20:41:04,351 | INFO     | [IQOPTION] REST fetch succeeded for EURGBP-OTC: 3 candles
2026-07-28 20:41:04,365 | WARNING  | [ANOMALY] Price spike detected: EURGBP 2026-07-27 18:20:00 change: -0.0000
2026-07-28 20:41:04,381 | WARNING  | [ANOMALY] Price spike detected: EURUSD 2026-07-27 21:40:00 change: 0.0002
2026-07-28 20:41:04,443 | WARNING  | [ANOMALY] Price spike detected: EURGBP 2026-07-27 18:35:00 change: -0.0001
2026-07-28 20:41:04,475 | WARNING  | [ANOMALY] Price spike detected: EURUSD 2026-07-27 21:50:00 change: -0.0000
2026-07-28 20:41:04,522 | WARNING  | [ANOMALY] Price spike detected: EURGBP 2026-07-27 18:45:00 change: -0.0000
2026-07-28 20:41:04,523 | WARNING  | [ANOMALY] Price spike detected: EURGBP-OTC 2026-07-27 17:20:00 change: -0.0006
2026-07-28 20:41:04,553 | WARNING  | [ANOMALY] Price spike detected: EURUSD 2026-07-27 21:55:00 change: 0.0001
2026-07-28 20:41:04,584 | WARNING  | [ANOMALY] Price spike detected: EURGBP 2026-07-27 18:50:00 change: -0.0000
2026-07-28 20:41:04,600 | WARNING  | [ANOMALY] Price spike detected: EURGBP-OTC 2026-07-27 17:25:00 change: 0.0003
2026-07-28 20:41:04,601 | WARNING  | [ANOMALY] Price spike detected: EURUSD 2026-07-27 22:00:00 change: -0.0001
2026-07-28 20:41:04,601 | INFO     | [IQOPTION] REST fetch succeeded for GBPUSD-OTC: 3 candles
2026-07-28 20:41:04,601 | WARNING  | [ANOMALY] Price spike detected: EURGBP 2026-07-27 18:55:00 change: 0.0001
2026-07-28 20:41:04,604 | WARNING  | [ANOMALY] Price spike detected: EURGBP-OTC 2026-07-27 17:30:00 change: 0.0005
2026-07-28 20:41:04,605 | WARNING  | [ANOMALY] Price spike detected: EURUSD 2026-07-27 22:10:00 change: -0.0001
2026-07-28 20:41:04,614 | WARNING  | [ANOMALY] Price spike detected: EURGBP 2026-07-27 19:00:00 change: -0.0001
2026-07-28 20:41:04,614 | WARNING  | [ANOMALY] Price spike detected: GBPUSD-OTC 2026-07-27 17:15:00 change: 0.0009
2026-07-28 20:41:04,616 | WARNING  | [ANOMALY] Price spike detected: EURGBP-OTC 2026-07-27 17:35:00 change: -0.0005
2026-07-28 20:41:04,616 | WARNING  | [ANOMALY] Price spike detected: EURUSD 2026-07-27 22:15:00 change: 0.0001
2026-07-28 20:41:04,617 | WARNING  | [ANOMALY] Price spike detected: EURGBP 2026-07-27 19:10:00 change: -0.0000
2026-07-28 20:41:04,617 | WARNING  | [ANOMALY] Price spike detected: GBPUSD-OTC 2026-07-27 17:20:00 change: 0.0006
2026-07-28 20:41:04,617 | WARNING  | [ANOMALY] Price spike detected: EURGBP-OTC 2026-07-27 17:40:00 change: -0.0005
2026-07-28 20:41:04,617 | INFO     | [CSVWriter] Successfully wrote 101 rows to data_base/csv/iq_option\EURGBP-OTC\EURGBP-OTC_M1.csv
2026-07-28 20:41:04,617 | WARNING  | [ANOMALY] Price spike detected: EURUSD 2026-07-27 22:20:00 change: -0.0001
2026-07-28 20:41:04,618 | WARNING  | [ANOMALY] Price spike detected: EURGBP 2026-07-27 19:15:00 change: -0.0001
2026-07-28 20:41:04,618 | WARNING  | [ANOMALY] Price spike detected: GBPUSD-OTC 2026-07-27 17:25:00 change: 0.0008
2026-07-28 20:41:04,618 | WARNING  | [ANOMALY] Price spike detected: EURGBP-OTC 2026-07-27 17:45:00 change: -0.0005
2026-07-28 20:41:04,618 | INFO     | [CSVQueue] Successfully processed write for data_base/csv/iq_option\EURGBP-OTC\EURGBP-OTC_M1.csv
2026-07-28 20:41:04,619 | WARNING  | [ANOMALY] Price spike detected: EURUSD 2026-07-27 22:40:00 change: -0.0001
2026-07-28 20:41:04,619 | WARNING  | [ANOMALY] Price spike detected: EURGBP 2026-07-27 19:20:00 change: -0.0000
2026-07-28 20:41:04,619 | WARNING  | [ANOMALY] Price spike detected: GBPUSD-OTC 2026-07-27 17:35:00 change: -0.0003
2026-07-28 20:41:04,619 | WARNING  | [ANOMALY] Price spike detected: EURGBP-OTC 2026-07-27 17:50:00 change: 0.0003
2026-07-28 20:41:04,619 | INFO     | [CSVQueue] Processing write for data_base/csv/iq_option\GBPUSD-OTC\GBPUSD-OTC_M1.csv
2026-07-28 20:41:04,619 | WARNING  | [ANOMALY] Price spike detected: EURUSD 2026-07-27 23:05:00 change: 0.0001
2026-07-28 20:41:04,620 | WARNING  | [ANOMALY] Price spike detected: EURGBP 2026-07-27 19:25:00 change: 0.0000
2026-07-28 20:41:04,620 | WARNING  | [ANOMALY] Price spike detected: GBPUSD-OTC 2026-07-27 17:40:00 change: 0.0008
2026-07-28 20:41:04,620 | WARNING  | [ANOMALY] Price spike detected: EURGBP-OTC 2026-07-27 17:55:00 change: -0.0005
2026-07-28 20:41:04,620 | WARNING  | [ANOMALY] Price spike detected: EURUSD 2026-07-27 23:10:00 change: -0.0001
2026-07-28 20:41:04,620 | WARNING  | [ANOMALY] Price spike detected: EURGBP 2026-07-27 19:45:00 change: 0.0000
2026-07-28 20:41:04,620 | INFO     | [CSVWriter] Writing 100 rows to data_base/csv/iq_option\GBPUSD-OTC\GBPUSD-OTC_M1.csv
2026-07-28 20:41:04,621 | WARNING  | [ANOMALY] Price spike detected: GBPUSD-OTC 2026-07-27 17:45:00 change: -0.0007
2026-07-28 20:41:04,621 | WARNING  | [ANOMALY] Price spike detected: EURGBP-OTC 2026-07-27 18:05:00 change: 0.0003
2026-07-28 20:41:04,621 | WARNING  | [ANOMALY] Price spike detected: EURUSD 2026-07-27 23:15:00 change: 0.0000
2026-07-28 20:41:04,621 | WARNING  | [ANOMALY] Price spike detected: EURGBP 2026-07-27 19:50:00 change: -0.0000
2026-07-28 20:41:04,624 | WARNING  | [ANOMALY] Price spike detected: GBPUSD-OTC 2026-07-27 17:50:00 change: 0.0003
2026-07-28 20:41:04,624 | WARNING  | [ANOMALY] Price spike detected: EURGBP-OTC 2026-07-27 18:10:00 change: -0.0004
2026-07-28 20:41:04,625 | WARNING  | [ANOMALY] Price spike detected: EURUSD 2026-07-27 23:20:00 change: -0.0000
2026-07-28 20:41:04,625 | WARNING  | [ANOMALY] Price spike detected: EURGBP 2026-07-27 19:55:00 change: 0.0000
2026-07-28 20:41:04,626 | WARNING  | [ANOMALY] Price spike detected: GBPUSD-OTC 2026-07-27 17:55:00 change: 0.0003
2026-07-28 20:41:04,626 | WARNING  | [ANOMALY] Price spike detected: EURGBP-OTC 2026-07-27 18:15:00 change: -0.0004
2026-07-28 20:41:04,627 | WARNING  | [ANOMALY] Price spike detected: EURUSD 2026-07-27 23:25:00 change: 0.0000
2026-07-28 20:41:04,630 | WARNING  | [ANOMALY] Price spike detected: EURGBP 2026-07-27 20:00:00 change: 0.0001
2026-07-28 20:41:04,630 | WARNING  | [ANOMALY] Price spike detected: GBPUSD-OTC 2026-07-27 18:05:00 change: 0.0004
2026-07-28 20:41:04,630 | WARNING  | [ANOMALY] Price spike detected: EURGBP-OTC 2026-07-27 18:35:00 change: -0.0011
2026-07-28 20:41:04,631 | WARNING  | [ANOMALY] Price spike detected: EURUSD 2026-07-27 23:30:00 change: -0.0000
2026-07-28 20:41:04,632 | WARNING  | [ANOMALY] Price spike detected: EURGBP 2026-07-27 20:05:00 change: 0.0001
2026-07-28 20:41:04,632 | WARNING  | [ANOMALY] Price spike detected: GBPUSD-OTC 2026-07-27 18:10:00 change: 0.0003
2026-07-28 20:41:04,633 | WARNING  | [ANOMALY] Price spike detected: EURGBP-OTC 2026-07-27 18:40:00 change: -0.0001
2026-07-28 20:41:04,633 | WARNING  | [ANOMALY] Price spike detected: EURUSD 2026-07-27 23:35:00 change: -0.0001
2026-07-28 20:41:04,633 | WARNING  | [ANOMALY] Price spike detected: EURGBP 2026-07-27 20:10:00 change: -0.0000
2026-07-28 20:41:04,633 | INFO     | [CSVWriter] Successfully wrote 101 rows to data_base/csv/iq_option\GBPUSD-OTC\GBPUSD-OTC_M1.csv
2026-07-28 20:41:04,634 | WARNING  | [ANOMALY] Price spike detected: GBPUSD-OTC 2026-07-27 18:15:00 change: -0.0009
2026-07-28 20:41:04,634 | WARNING  | [ANOMALY] Price spike detected: EURGBP-OTC 2026-07-27 18:45:00 change: 0.0004
2026-07-28 20:41:04,634 | WARNING  | [ANOMALY] Price spike detected: EURUSD 2026-07-27 23:40:00 change: 0.0001
2026-07-28 20:41:04,634 | WARNING  | [ANOMALY] Price spike detected: EURGBP 2026-07-27 20:15:00 change: -0.0000
2026-07-28 20:41:04,635 | INFO     | [CSVQueue] Successfully processed write for data_base/csv/iq_option\GBPUSD-OTC\GBPUSD-OTC_M1.csv
2026-07-28 20:41:04,635 | WARNING  | [ANOMALY] Price spike detected: GBPUSD-OTC 2026-07-27 18:20:00 change: -0.0003
2026-07-28 20:41:04,635 | WARNING  | [ANOMALY] Price spike detected: EURGBP-OTC 2026-07-27 18:50:00 change: -0.0005
2026-07-28 20:41:04,635 | WARNING  | [ANOMALY] Price spike detected: EURUSD 2026-07-27 23:45:00 change: -0.0001
2026-07-28 20:41:04,636 | WARNING  | [ANOMALY] Price spike detected: EURGBP 2026-07-27 20:20:00 change: 0.0000
2026-07-28 20:41:04,636 | INFO     | [CSVQueue] Queue size: 0
2026-07-28 20:41:04,636 | WARNING  | [ANOMALY] Price spike detected: GBPUSD-OTC 2026-07-27 18:25:00 change: 0.0003
2026-07-28 20:41:04,636 | WARNING  | [ANOMALY] Price spike detected: EURGBP-OTC 2026-07-27 18:55:00 change: 0.0002
2026-07-28 20:41:04,637 | WARNING  | [ANOMALY] Price spike detected: EURUSD 2026-07-27 23:50:00 change: -0.0000
2026-07-28 20:41:04,637 | WARNING  | [ANOMALY] Price spike detected: EURGBP 2026-07-27 20:25:00 change: -0.0000
2026-07-28 20:41:04,637 | WARNING  | [ANOMALY] Price spike detected: GBPUSD-OTC 2026-07-27 18:30:00 change: -0.0002
2026-07-28 20:41:04,637 | WARNING  | [ANOMALY] Price spike detected: EURGBP-OTC 2026-07-27 19:05:00 change: 0.0002
2026-07-28 20:41:04,637 | WARNING  | [ANOMALY] Price spike detected: EURUSD 2026-07-27 23:55:00 change: 0.0001
2026-07-28 20:41:04,638 | WARNING  | [ANOMALY] Price spike detected: EURGBP 2026-07-27 20:35:00 change: -0.0000
2026-07-28 20:41:04,638 | WARNING  | [ANOMALY] Price spike detected: GBPUSD-OTC 2026-07-27 18:35:00 change: 0.0004
2026-07-28 20:41:04,638 | WARNING  | [ANOMALY] Price spike detected: EURGBP-OTC 2026-07-27 19:10:00 change: 0.0004
2026-07-28 20:41:04,639 | WARNING  | [ANOMALY] Price spike detected: EURUSD 2026-07-28 00:00:00 change: -0.0002
2026-07-28 20:41:04,639 | WARNING  | [ANOMALY] Price spike detected: EURGBP 2026-07-27 20:40:00 change: -0.0000
2026-07-28 20:41:04,639 | WARNING  | [ANOMALY] Price spike detected: GBPUSD-OTC 2026-07-27 18:40:00 change: 0.0005
2026-07-28 20:41:04,639 | WARNING  | [ANOMALY] Price spike detected: EURGBP-OTC 2026-07-27 19:20:00 change: 0.0005
2026-07-28 20:41:04,639 | WARNING  | [ANOMALY] Price spike detected: EURUSD 2026-07-28 00:05:00 change: 0.0001
2026-07-28 20:41:04,639 | WARNING  | [ANOMALY] Price spike detected: EURGBP 2026-07-27 20:45:00 change: -0.0000
2026-07-28 20:41:04,640 | WARNING  | [ANOMALY] Price spike detected: GBPUSD-OTC 2026-07-27 18:45:00 change: 0.0003
2026-07-28 20:41:04,640 | WARNING  | [ANOMALY] Price spike detected: EURGBP-OTC 2026-07-27 19:25:00 change: -0.0004
2026-07-28 20:41:04,640 | WARNING  | [ANOMALY] Price spike detected: EURUSD 2026-07-28 00:10:00 change: -0.0000
2026-07-28 20:41:04,640 | WARNING  | [ANOMALY] Price spike detected: EURGBP 2026-07-27 20:50:00 change: 0.0000
2026-07-28 20:41:04,640 | WARNING  | [ANOMALY] Price spike detected: GBPUSD-OTC 2026-07-27 18:50:00 change: -0.0002
2026-07-28 20:41:04,640 | WARNING  | [ANOMALY] Price spike detected: EURGBP-OTC 2026-07-27 19:30:00 change: -0.0008
2026-07-28 20:41:04,641 | WARNING  | [ANOMALY] Price spike detected: EURUSD 2026-07-28 00:15:00 change: 0.0002
2026-07-28 20:41:04,641 | WARNING  | [ANOMALY] Price spike detected: EURGBP 2026-07-27 20:55:00 change: -0.0000
2026-07-28 20:41:04,641 | WARNING  | [ANOMALY] Price spike detected: GBPUSD-OTC 2026-07-27 18:55:00 change: -0.0005
2026-07-28 20:41:04,641 | WARNING  | [ANOMALY] Price spike detected: EURGBP-OTC 2026-07-27 19:40:00 change: 0.0004
2026-07-28 20:41:04,641 | WARNING  | [ANOMALY] Price spike detected: EURUSD 2026-07-28 00:20:00 change: 0.0001
2026-07-28 20:41:04,641 | WARNING  | [ANOMALY] Price spike detected: EURGBP 2026-07-27 21:00:00 change: -0.0007
2026-07-28 20:41:04,642 | WARNING  | [ANOMALY] Price spike detected: GBPUSD-OTC 2026-07-27 19:00:00 change: 0.0002
2026-07-28 20:41:04,642 | WARNING  | [ANOMALY] Price spike detected: EURGBP-OTC 2026-07-27 19:55:00 change: -0.0002
2026-07-28 20:41:04,642 | WARNING  | [ANOMALY] Price spike detected: EURUSD 2026-07-28 00:25:00 change: 0.0001
2026-07-28 20:41:04,642 | WARNING  | [ANOMALY] Price spike detected: EURGBP 2026-07-27 21:05:00 change: 0.0004
2026-07-28 20:41:04,642 | WARNING  | [ANOMALY] Price spike detected: GBPUSD-OTC 2026-07-27 19:05:00 change: -0.0011
2026-07-28 20:41:04,642 | WARNING  | [ANOMALY] Price spike detected: EURGBP-OTC 2026-07-27 20:00:00 change: -0.0001
2026-07-28 20:41:04,642 | WARNING  | [ANOMALY] Price spike detected: EURUSD 2026-07-28 00:35:00 change: 0.0001
2026-07-28 20:41:04,643 | WARNING  | [ANOMALY] Price spike detected: EURGBP 2026-07-27 21:10:00 change: 0.0001
2026-07-28 20:41:04,643 | WARNING  | [ANOMALY] Price spike detected: GBPUSD-OTC 2026-07-27 19:15:00 change: 0.0003
2026-07-28 20:41:04,643 | WARNING  | [ANOMALY] Price spike detected: EURGBP-OTC 2026-07-27 20:05:00 change: -0.0002
2026-07-28 20:41:04,643 | WARNING  | [ANOMALY] Price spike detected: EURUSD 2026-07-28 00:40:00 change: -0.0001
2026-07-28 20:41:04,643 | WARNING  | [ANOMALY] Price spike detected: EURGBP 2026-07-27 21:20:00 change: 0.0002
2026-07-28 20:41:04,644 | WARNING  | [ANOMALY] Price spike detected: GBPUSD-OTC 2026-07-27 19:20:00 change: 0.0007
2026-07-28 20:41:04,644 | WARNING  | [ANOMALY] Price spike detected: EURGBP-OTC 2026-07-27 20:15:00 change: 0.0003
2026-07-28 20:41:04,644 | WARNING  | [ANOMALY] Price spike detected: EURUSD 2026-07-28 00:45:00 change: 0.0000
2026-07-28 20:41:04,644 | WARNING  | [ANOMALY] Price spike detected: EURGBP 2026-07-27 21:30:00 change: -0.0001
2026-07-28 20:41:04,645 | WARNING  | [ANOMALY] Price spike detected: GBPUSD-OTC 2026-07-27 19:35:00 change: -0.0011
2026-07-28 20:41:04,645 | WARNING  | [ANOMALY] Price spike detected: EURGBP-OTC 2026-07-27 20:20:00 change: 0.0001
2026-07-28 20:41:04,645 | WARNING  | [ANOMALY] Price spike detected: EURUSD 2026-07-28 00:50:00 change: -0.0002
2026-07-28 20:41:04,645 | WARNING  | [ANOMALY] Price spike detected: EURGBP 2026-07-27 21:35:00 change: 0.0001
2026-07-28 20:41:04,645 | WARNING  | [ANOMALY] Price spike detected: GBPUSD-OTC 2026-07-27 19:40:00 change: -0.0003
2026-07-28 20:41:04,646 | WARNING  | [ANOMALY] Price spike detected: EURGBP-OTC 2026-07-27 20:25:00 change: -0.0003
2026-07-28 20:41:04,646 | WARNING  | [ANOMALY] Price spike detected: EURUSD 2026-07-28 00:55:00 change: 0.0003
2026-07-28 20:41:04,647 | WARNING  | [ANOMALY] Price spike detected: EURGBP 2026-07-27 21:40:00 change: -0.0004
2026-07-28 20:41:04,647 | WARNING  | [ANOMALY] Price spike detected: GBPUSD-OTC 2026-07-27 19:45:00 change: 0.0004
2026-07-28 20:41:04,647 | WARNING  | [ANOMALY] Price spike detected: EURGBP-OTC 2026-07-27 20:30:00 change: 0.0006
2026-07-28 20:41:04,647 | WARNING  | [ANOMALY] Price spike detected: EURUSD 2026-07-28 01:00:00 change: 0.0001
2026-07-28 20:41:04,647 | WARNING  | [ANOMALY] Price spike detected: EURGBP 2026-07-27 21:45:00 change: 0.0002
2026-07-28 20:41:04,648 | WARNING  | [ANOMALY] Price spike detected: GBPUSD-OTC 2026-07-27 19:50:00 change: 0.0004
2026-07-28 20:41:04,648 | WARNING  | [ANOMALY] Price spike detected: EURGBP-OTC 2026-07-27 20:35:00 change: 0.0003
2026-07-28 20:41:04,648 | WARNING  | [ANOMALY] Price spike detected: EURUSD 2026-07-28 01:05:00 change: 0.0002
2026-07-28 20:41:04,648 | WARNING  | [ANOMALY] Price spike detected: EURGBP 2026-07-27 22:20:00 change: -0.0001
2026-07-28 20:41:04,648 | WARNING  | [ANOMALY] Price spike detected: GBPUSD-OTC 2026-07-27 19:55:00 change: -0.0008
2026-07-28 20:41:04,648 | WARNING  | [ANOMALY] Price spike detected: EURGBP-OTC 2026-07-27 20:40:00 change: -0.0007
2026-07-28 20:41:04,649 | WARNING  | [ANOMALY] Price spike detected: EURUSD 2026-07-28 01:10:00 change: -0.0002
2026-07-28 20:41:04,649 | WARNING  | [ANOMALY] Price spike detected: EURGBP 2026-07-27 23:00:00 change: 0.0000
2026-07-28 20:41:04,649 | WARNING  | [ANOMALY] Price spike detected: GBPUSD-OTC 2026-07-27 20:00:00 change: -0.0004
2026-07-28 20:41:04,649 | WARNING  | [ANOMALY] Price spike detected: EURGBP-OTC 2026-07-27 20:45:00 change: 0.0006
2026-07-28 20:41:04,651 | WARNING  | [ANOMALY] Price spike detected: EURGBP-OTC 2026-07-27 20:50:00 change: -0.0003
2026-07-28 20:41:04,650 | WARNING  | [ANOMALY] Price spike detected: EURGBP 2026-07-27 23:20:00 change: -0.0000
2026-07-28 20:41:04,651 | WARNING  | [ANOMALY] Price spike detected: GBPUSD-OTC 2026-07-27 20:05:00 change: 0.0002
2026-07-28 20:41:04,650 | WARNING  | [ANOMALY] Price spike detected: EURUSD 2026-07-28 01:15:00 change: -0.0001
2026-07-28 20:41:04,652 | WARNING  | [ANOMALY] Price spike detected: EURGBP-OTC 2026-07-27 20:55:00 change: -0.0004
2026-07-28 20:41:04,652 | WARNING  | [ANOMALY] Price spike detected: EURGBP 2026-07-27 23:25:00 change: -0.0000
2026-07-28 20:41:04,652 | WARNING  | [ANOMALY] Price spike detected: GBPUSD-OTC 2026-07-27 20:15:00 change: -0.0005
2026-07-28 20:41:04,652 | WARNING  | [ANOMALY] Price spike detected: EURUSD 2026-07-28 01:20:00 change: 0.0001
2026-07-28 20:41:04,653 | WARNING  | [ANOMALY] Price spike detected: EURGBP-OTC 2026-07-27 21:00:00 change: 0.0002
2026-07-28 20:41:04,653 | WARNING  | [ANOMALY] Price spike detected: EURGBP 2026-07-27 23:30:00 change: -0.0001
2026-07-28 20:41:04,653 | WARNING  | [ANOMALY] Price spike detected: GBPUSD-OTC 2026-07-27 20:20:00 change: 0.0003
2026-07-28 20:41:04,653 | WARNING  | [ANOMALY] Price spike detected: EURUSD 2026-07-28 01:35:00 change: -0.0000
2026-07-28 20:41:04,654 | WARNING  | [ANOMALY] Price spike detected: EURGBP-OTC 2026-07-27 21:05:00 change: -0.0002
2026-07-28 20:41:04,654 | WARNING  | [ANOMALY] Price spike detected: EURGBP 2026-07-27 23:35:00 change: -0.0000
2026-07-28 20:41:04,654 | WARNING  | [ANOMALY] Price spike detected: GBPUSD-OTC 2026-07-27 20:25:00 change: -0.0006
2026-07-28 20:41:04,654 | WARNING  | [ANOMALY] Price spike detected: EURUSD 2026-07-28 01:40:00 change: -0.0001
2026-07-28 20:41:04,655 | WARNING  | [ANOMALY] Price spike detected: EURGBP-OTC 2026-07-27 21:20:00 change: 0.0010
2026-07-28 20:41:04,655 | WARNING  | [ANOMALY] Price spike detected: EURGBP 2026-07-27 23:40:00 change: 0.0000
2026-07-28 20:41:04,655 | WARNING  | [ANOMALY] Price spike detected: GBPUSD-OTC 2026-07-27 20:30:00 change: -0.0003
2026-07-28 20:41:04,655 | WARNING  | [ANOMALY] Price spike detected: EURUSD 2026-07-28 01:45:00 change: -0.0001
2026-07-28 20:41:04,656 | WARNING  | [ANOMALY] Price spike detected: EURGBP-OTC 2026-07-27 21:25:00 change: 0.0005
2026-07-28 20:41:04,656 | WARNING  | [ANOMALY] Price spike detected: EURGBP 2026-07-27 23:45:00 change: 0.0000
2026-07-28 20:41:04,656 | WARNING  | [ANOMALY] Price spike detected: GBPUSD-OTC 2026-07-27 20:35:00 change: 0.0006
2026-07-28 20:41:04,656 | WARNING  | [ANOMALY] Price spike detected: EURUSD 2026-07-28 01:55:00 change: 0.0001
2026-07-28 20:41:04,657 | WARNING  | [ANOMALY] Price spike detected: EURGBP-OTC 2026-07-27 21:30:00 change: 0.0003
2026-07-28 20:41:04,657 | WARNING  | [ANOMALY] Price spike detected: EURGBP 2026-07-27 23:50:00 change: -0.0000
2026-07-28 20:41:04,657 | WARNING  | [ANOMALY] Price spike detected: GBPUSD-OTC 2026-07-27 20:45:00 change: -0.0002
2026-07-28 20:41:04,658 | WARNING  | [ANOMALY] Price spike detected: EURUSD 2026-07-28 02:00:00 change: -0.0000
2026-07-28 20:41:04,658 | WARNING  | [ANOMALY] Price spike detected: EURGBP-OTC 2026-07-27 21:40:00 change: 0.0004
2026-07-28 20:41:04,658 | WARNING  | [ANOMALY] Price spike detected: EURGBP 2026-07-27 23:55:00 change: -0.0000
2026-07-28 20:41:04,658 | WARNING  | [ANOMALY] Price spike detected: GBPUSD-OTC 2026-07-27 20:50:00 change: 0.0002
2026-07-28 20:41:04,659 | WARNING  | [ANOMALY] Price spike detected: EURUSD 2026-07-28 02:05:00 change: 0.0002
2026-07-28 20:41:04,659 | WARNING  | [ANOMALY] Price spike detected: EURGBP-OTC 2026-07-27 21:45:00 change: 0.0003
2026-07-28 20:41:04,659 | WARNING  | [ANOMALY] Price spike detected: EURGBP 2026-07-28 00:00:00 change: 0.0000
2026-07-28 20:41:04,660 | WARNING  | [ANOMALY] Price spike detected: GBPUSD-OTC 2026-07-27 20:55:00 change: 0.0006
2026-07-28 20:41:04,660 | WARNING  | [ANOMALY] Price spike detected: EURUSD 2026-07-28 02:25:00 change: -0.0002
2026-07-28 20:41:04,660 | WARNING  | [ANOMALY] Price spike detected: EURGBP-OTC 2026-07-27 21:55:00 change: -0.0003
2026-07-28 20:41:04,660 | WARNING  | [ANOMALY] Price spike detected: EURGBP 2026-07-28 00:05:00 change: 0.0000
2026-07-28 20:41:04,660 | WARNING  | [ANOMALY] Price spike detected: GBPUSD-OTC 2026-07-27 21:00:00 change: -0.0005
2026-07-28 20:41:04,661 | WARNING  | [ANOMALY] Price spike detected: EURUSD 2026-07-28 02:40:00 change: 0.0001
2026-07-28 20:41:04,661 | WARNING  | [ANOMALY] Price spike detected: EURGBP-OTC 2026-07-27 22:00:00 change: 0.0004
2026-07-28 20:41:04,661 | WARNING  | [ANOMALY] Price spike detected: EURGBP 2026-07-28 00:10:00 change: 0.0000
2026-07-28 20:41:04,662 | WARNING  | [ANOMALY] Price spike detected: GBPUSD-OTC 2026-07-27 21:05:00 change: 0.0004
2026-07-28 20:41:04,662 | WARNING  | [ANOMALY] Price spike detected: EURUSD 2026-07-28 02:45:00 change: 0.0001
2026-07-28 20:41:04,662 | WARNING  | [ANOMALY] Price spike detected: EURGBP-OTC 2026-07-27 22:15:00 change: -0.0002
2026-07-28 20:41:04,662 | WARNING  | [ANOMALY] Price spike detected: EURGBP 2026-07-28 00:15:00 change: -0.0000
2026-07-28 20:41:04,663 | WARNING  | [ANOMALY] Price spike detected: GBPUSD-OTC 2026-07-27 21:10:00 change: -0.0011
2026-07-28 20:41:04,663 | WARNING  | [ANOMALY] Price spike detected: EURUSD 2026-07-28 02:50:00 change: 0.0003
2026-07-28 20:41:04,663 | WARNING  | [ANOMALY] Price spike detected: EURGBP-OTC 2026-07-27 22:25:00 change: 0.0007
2026-07-28 20:41:04,663 | WARNING  | [ANOMALY] Price spike detected: EURGBP 2026-07-28 00:20:00 change: 0.0000
2026-07-28 20:41:04,663 | WARNING  | [ANOMALY] Price spike detected: GBPUSD-OTC 2026-07-27 21:15:00 change: -0.0008
2026-07-28 20:41:04,664 | WARNING  | [ANOMALY] Price spike detected: EURUSD 2026-07-28 02:55:00 change: -0.0001
2026-07-28 20:41:04,664 | WARNING  | [ANOMALY] Price spike detected: EURGBP-OTC 2026-07-27 22:30:00 change: -0.0003
2026-07-28 20:41:04,664 | WARNING  | [ANOMALY] Price spike detected: EURGBP 2026-07-28 00:25:00 change: -0.0000
2026-07-28 20:41:04,664 | WARNING  | [ANOMALY] Price spike detected: GBPUSD-OTC 2026-07-27 21:25:00 change: -0.0007
2026-07-28 20:41:04,664 | WARNING  | [ANOMALY] Price spike detected: EURUSD 2026-07-28 03:05:00 change: -0.0001
2026-07-28 20:41:04,665 | WARNING  | [ANOMALY] Price spike detected: EURGBP-OTC 2026-07-27 22:35:00 change: 0.0003
2026-07-28 20:41:04,665 | WARNING  | [ANOMALY] Price spike detected: EURGBP 2026-07-28 00:30:00 change: 0.0000
2026-07-28 20:41:04,665 | WARNING  | [ANOMALY] Price spike detected: GBPUSD-OTC 2026-07-27 21:30:00 change: 0.0018
2026-07-28 20:41:04,665 | WARNING  | [ANOMALY] Price spike detected: EURUSD 2026-07-28 03:10:00 change: -0.0001
2026-07-28 20:41:04,665 | WARNING  | [ANOMALY] Price spike detected: EURGBP-OTC 2026-07-27 22:45:00 change: 0.0002
2026-07-28 20:41:04,666 | WARNING  | [ANOMALY] Price spike detected: EURGBP 2026-07-28 00:40:00 change: 0.0001
2026-07-28 20:41:04,666 | WARNING  | [ANOMALY] Price spike detected: GBPUSD-OTC 2026-07-27 21:40:00 change: 0.0008
2026-07-28 20:41:04,666 | WARNING  | [ANOMALY] Price spike detected: EURUSD 2026-07-28 03:15:00 change: 0.0001
2026-07-28 20:41:04,666 | WARNING  | [ANOMALY] Price spike detected: EURGBP-OTC 2026-07-27 22:50:00 change: -0.0007
2026-07-28 20:41:04,666 | WARNING  | [ANOMALY] Price spike detected: EURGBP 2026-07-28 00:45:00 change: 0.0001
2026-07-28 20:41:04,666 | WARNING  | [ANOMALY] Price spike detected: GBPUSD-OTC 2026-07-27 21:45:00 change: -0.0004
2026-07-28 20:41:04,667 | WARNING  | [ANOMALY] Price spike detected: EURUSD 2026-07-28 03:20:00 change: 0.0001
2026-07-28 20:41:04,667 | WARNING  | [ANOMALY] Price spike detected: EURGBP-OTC 2026-07-27 23:00:00 change: 0.0002
2026-07-28 20:41:04,667 | WARNING  | [ANOMALY] Price spike detected: EURGBP 2026-07-28 00:50:00 change: -0.0000
2026-07-28 20:41:04,667 | WARNING  | [ANOMALY] Price spike detected: GBPUSD-OTC 2026-07-27 22:00:00 change: 0.0005
2026-07-28 20:41:04,667 | WARNING  | [ANOMALY] Price spike detected: EURUSD 2026-07-28 03:30:00 change: 0.0002
2026-07-28 20:41:04,668 | WARNING  | [ANOMALY] Price spike detected: EURGBP-OTC 2026-07-27 23:05:00 change: 0.0001
2026-07-28 20:41:04,668 | WARNING  | [ANOMALY] Price spike detected: EURGBP 2026-07-28 00:55:00 change: 0.0000
2026-07-28 20:41:04,668 | WARNING  | [ANOMALY] Price spike detected: GBPUSD-OTC 2026-07-27 22:05:00 change: 0.0006
2026-07-28 20:41:04,668 | WARNING  | [ANOMALY] Price spike detected: EURUSD 2026-07-28 03:35:00 change: -0.0002
2026-07-28 20:41:04,668 | WARNING  | [ANOMALY] Price spike detected: EURGBP-OTC 2026-07-27 23:10:00 change: -0.0001
2026-07-28 20:41:04,669 | WARNING  | [ANOMALY] Price spike detected: EURGBP 2026-07-28 01:00:00 change: -0.0000
2026-07-28 20:41:04,669 | WARNING  | [ANOMALY] Price spike detected: GBPUSD-OTC 2026-07-27 22:10:00 change: 0.0005
2026-07-28 20:41:04,669 | WARNING  | [ANOMALY] Price spike detected: EURUSD 2026-07-28 03:40:00 change: -0.0001
2026-07-28 20:41:04,669 | WARNING  | [ANOMALY] Price spike detected: EURGBP-OTC 2026-07-27 23:15:00 change: -0.0007
2026-07-28 20:41:04,669 | WARNING  | [ANOMALY] Price spike detected: EURGBP 2026-07-28 01:05:00 change: 0.0001
2026-07-28 20:41:04,670 | WARNING  | [ANOMALY] Price spike detected: GBPUSD-OTC 2026-07-27 22:15:00 change: -0.0005
2026-07-28 20:41:04,670 | WARNING  | [ANOMALY] Price spike detected: EURUSD 2026-07-28 03:45:00 change: -0.0001
2026-07-28 20:41:04,670 | WARNING  | [ANOMALY] Price spike detected: EURGBP-OTC 2026-07-27 23:20:00 change: 0.0004
2026-07-28 20:41:04,670 | WARNING  | [ANOMALY] Price spike detected: EURGBP 2026-07-28 01:10:00 change: 0.0000
2026-07-28 20:41:04,670 | WARNING  | [ANOMALY] Price spike detected: GBPUSD-OTC 2026-07-27 22:20:00 change: -0.0006
2026-07-28 20:41:04,671 | WARNING  | [ANOMALY] Price spike detected: EURUSD 2026-07-28 04:00:00 change: -0.0002
2026-07-28 20:41:04,671 | WARNING  | [ANOMALY] Price spike detected: EURGBP-OTC 2026-07-27 23:25:00 change: -0.0003
2026-07-28 20:41:04,671 | WARNING  | [ANOMALY] Price spike detected: EURGBP 2026-07-28 01:15:00 change: -0.0001
2026-07-28 20:41:04,671 | WARNING  | [ANOMALY] Price spike detected: GBPUSD-OTC 2026-07-27 22:25:00 change: -0.0010
2026-07-28 20:41:04,671 | WARNING  | [ANOMALY] Price spike detected: EURUSD 2026-07-28 04:10:00 change: -0.0001
2026-07-28 20:41:04,672 | WARNING  | [ANOMALY] Price spike detected: EURGBP-OTC 2026-07-27 23:35:00 change: 0.0001
2026-07-28 20:41:04,672 | WARNING  | [ANOMALY] Price spike detected: EURGBP 2026-07-28 01:20:00 change: 0.0001
2026-07-28 20:41:04,672 | WARNING  | [ANOMALY] Price spike detected: GBPUSD-OTC 2026-07-27 22:30:00 change: -0.0003
2026-07-28 20:41:04,672 | WARNING  | [ANOMALY] Price spike detected: EURUSD 2026-07-28 04:15:00 change: 0.0001
2026-07-28 20:41:04,672 | WARNING  | [ANOMALY] Price spike detected: EURGBP-OTC 2026-07-27 23:40:00 change: 0.0008
2026-07-28 20:41:04,672 | WARNING  | [ANOMALY] Price spike detected: EURGBP 2026-07-28 01:25:00 change: -0.0000
2026-07-28 20:41:04,673 | WARNING  | [ANOMALY] Price spike detected: GBPUSD-OTC 2026-07-27 22:35:00 change: -0.0004
2026-07-28 20:41:04,673 | WARNING  | [ANOMALY] Price spike detected: EURUSD 2026-07-28 04:20:00 change: -0.0001
2026-07-28 20:41:04,673 | WARNING  | [ANOMALY] Price spike detected: EURGBP-OTC 2026-07-27 23:50:00 change: -0.0006
2026-07-28 20:41:04,673 | WARNING  | [ANOMALY] Price spike detected: EURGBP 2026-07-28 01:30:00 change: -0.0000
2026-07-28 20:41:04,673 | WARNING  | [ANOMALY] Price spike detected: GBPUSD-OTC 2026-07-27 22:40:00 change: -0.0006
2026-07-28 20:41:04,673 | WARNING  | [ANOMALY] Price spike detected: EURUSD 2026-07-28 04:35:00 change: -0.0000
2026-07-28 20:41:04,674 | WARNING  | [ANOMALY] Price spike detected: EURGBP-OTC 2026-07-27 23:55:00 change: 0.0008
2026-07-28 20:41:04,674 | WARNING  | [ANOMALY] Price spike detected: EURGBP 2026-07-28 01:35:00 change: 0.0000
2026-07-28 20:41:04,674 | WARNING  | [ANOMALY] Price spike detected: GBPUSD-OTC 2026-07-27 22:45:00 change: 0.0010
2026-07-28 20:41:04,674 | WARNING  | [ANOMALY] Price spike detected: EURUSD 2026-07-28 04:40:00 change: 0.0000
2026-07-28 20:41:04,674 | WARNING  | [ANOMALY] Price spike detected: EURGBP-OTC 2026-07-28 00:00:00 change: 0.0004
2026-07-28 20:41:04,674 | WARNING  | [ANOMALY] Price spike detected: EURGBP 2026-07-28 01:40:00 change: -0.0000
2026-07-28 20:41:04,675 | WARNING  | [ANOMALY] Price spike detected: GBPUSD-OTC 2026-07-27 22:50:00 change: -0.0010
2026-07-28 20:41:04,675 | WARNING  | [ANOMALY] Price spike detected: EURUSD 2026-07-28 04:45:00 change: -0.0000
2026-07-28 20:41:04,675 | WARNING  | [ANOMALY] Price spike detected: EURGBP-OTC 2026-07-28 00:10:00 change: -0.0003
2026-07-28 20:41:04,675 | WARNING  | [ANOMALY] Price spike detected: EURGBP 2026-07-28 01:45:00 change: -0.0000
2026-07-28 20:41:04,675 | WARNING  | [ANOMALY] Price spike detected: GBPUSD-OTC 2026-07-27 22:55:00 change: 0.0008
2026-07-28 20:41:04,675 | WARNING  | [ANOMALY] Price spike detected: EURUSD 2026-07-28 04:50:00 change: -0.0002
2026-07-28 20:41:04,676 | WARNING  | [ANOMALY] Price spike detected: EURGBP-OTC 2026-07-28 00:15:00 change: -0.0005
2026-07-28 20:41:04,676 | WARNING  | [ANOMALY] Price spike detected: EURGBP 2026-07-28 01:50:00 change: 0.0001
2026-07-28 20:41:04,676 | WARNING  | [ANOMALY] Price spike detected: GBPUSD-OTC 2026-07-27 23:00:00 change: -0.0009
2026-07-28 20:41:04,676 | WARNING  | [ANOMALY] Price spike detected: EURUSD 2026-07-28 05:00:00 change: -0.0001
2026-07-28 20:41:04,676 | WARNING  | [ANOMALY] Price spike detected: EURGBP-OTC 2026-07-28 00:20:00 change: 0.0010
2026-07-28 20:41:04,676 | WARNING  | [ANOMALY] Price spike detected: EURGBP 2026-07-28 01:55:00 change: 0.0000
2026-07-28 20:41:04,677 | WARNING  | [ANOMALY] Price spike detected: GBPUSD-OTC 2026-07-27 23:05:00 change: -0.0004
2026-07-28 20:41:04,677 | WARNING  | [ANOMALY] Price spike detected: EURUSD 2026-07-28 05:05:00 change: -0.0003
2026-07-28 20:41:04,677 | WARNING  | [ANOMALY] Price spike detected: EURGBP-OTC 2026-07-28 00:25:00 change: 0.0005
2026-07-28 20:41:04,677 | WARNING  | [ANOMALY] Price spike detected: EURGBP 2026-07-28 02:00:00 change: -0.0000
2026-07-28 20:41:04,677 | WARNING  | [ANOMALY] Price spike detected: GBPUSD-OTC 2026-07-27 23:10:00 change: -0.0014
2026-07-28 20:41:04,678 | WARNING  | [ANOMALY] Price spike detected: EURUSD 2026-07-28 05:10:00 change: -0.0002
2026-07-28 20:41:04,678 | WARNING  | [ANOMALY] Price spike detected: EURGBP-OTC 2026-07-28 00:30:00 change: 0.0002
2026-07-28 20:41:04,678 | WARNING  | [ANOMALY] Price spike detected: EURGBP 2026-07-28 02:05:00 change: -0.0001
2026-07-28 20:41:04,678 | WARNING  | [ANOMALY] Price spike detected: GBPUSD-OTC 2026-07-27 23:15:00 change: -0.0011
2026-07-28 20:41:04,678 | WARNING  | [ANOMALY] Price spike detected: EURUSD 2026-07-28 05:15:00 change: 0.0000
2026-07-28 20:41:04,678 | WARNING  | [ANOMALY] Price spike detected: EURGBP-OTC 2026-07-28 00:35:00 change: 0.0005
2026-07-28 20:41:04,679 | WARNING  | [ANOMALY] Price spike detected: EURGBP 2026-07-28 02:15:00 change: 0.0000
2026-07-28 20:41:04,679 | WARNING  | [ANOMALY] Price spike detected: GBPUSD-OTC 2026-07-27 23:20:00 change: 0.0006
2026-07-28 20:41:04,679 | WARNING  | [ANOMALY] Price spike detected: EURUSD 2026-07-28 05:25:00 change: 0.0003
2026-07-28 20:41:04,679 | WARNING  | [ANOMALY] Price spike detected: EURGBP-OTC 2026-07-28 00:50:00 change: -0.0004
2026-07-28 20:41:04,679 | WARNING  | [ANOMALY] Price spike detected: EURGBP 2026-07-28 02:25:00 change: -0.0001
2026-07-28 20:41:04,680 | WARNING  | [ANOMALY] Price spike detected: GBPUSD-OTC 2026-07-27 23:30:00 change: 0.0004
2026-07-28 20:41:04,680 | WARNING  | [ANOMALY] Price spike detected: EURUSD 2026-07-28 05:35:00 change: -0.0001
2026-07-28 20:41:04,680 | WARNING  | [ANOMALY] Price spike detected: EURGBP-OTC 2026-07-28 00:55:00 change: 0.0003
2026-07-28 20:41:04,680 | WARNING  | [ANOMALY] Price spike detected: EURGBP 2026-07-28 02:45:00 change: 0.0000
2026-07-28 20:41:04,680 | WARNING  | [ANOMALY] Price spike detected: GBPUSD-OTC 2026-07-27 23:35:00 change: 0.0004
2026-07-28 20:41:04,680 | WARNING  | [ANOMALY] Price spike detected: EURUSD 2026-07-28 05:40:00 change: 0.0001
2026-07-28 20:41:04,681 | WARNING  | [ANOMALY] Price spike detected: EURGBP-OTC 2026-07-28 01:00:00 change: -0.0003
2026-07-28 20:41:04,681 | WARNING  | [ANOMALY] Price spike detected: EURGBP 2026-07-28 02:50:00 change: 0.0001
2026-07-28 20:41:04,681 | WARNING  | [ANOMALY] Price spike detected: GBPUSD-OTC 2026-07-27 23:40:00 change: -0.0007
2026-07-28 20:41:04,681 | WARNING  | [ANOMALY] Price spike detected: EURUSD 2026-07-28 05:45:00 change: -0.0001
2026-07-28 20:41:04,681 | WARNING  | [ANOMALY] Price spike detected: EURGBP-OTC 2026-07-28 01:05:00 change: -0.0002
2026-07-28 20:41:04,681 | WARNING  | [ANOMALY] Price spike detected: EURGBP 2026-07-28 03:00:00 change: -0.0000
2026-07-28 20:41:04,682 | WARNING  | [ANOMALY] Price spike detected: GBPUSD-OTC 2026-07-27 23:45:00 change: 0.0007
2026-07-28 20:41:04,682 | WARNING  | [ANOMALY] Price spike detected: EURUSD 2026-07-28 05:50:00 change: 0.0001
2026-07-28 20:41:04,682 | WARNING  | [ANOMALY] Price spike detected: EURGBP-OTC 2026-07-28 01:10:00 change: 0.0008
2026-07-28 20:41:04,682 | WARNING  | [ANOMALY] Price spike detected: EURGBP 2026-07-28 03:05:00 change: 0.0000
2026-07-28 20:41:04,682 | WARNING  | [ANOMALY] Price spike detected: GBPUSD-OTC 2026-07-27 23:50:00 change: -0.0007
2026-07-28 20:41:04,682 | WARNING  | [ANOMALY] Price spike detected: EURUSD 2026-07-28 05:55:00 change: 0.0001
2026-07-28 20:41:04,683 | WARNING  | [ANOMALY] Price spike detected: EURGBP-OTC 2026-07-28 01:15:00 change: 0.0004
2026-07-28 20:41:04,683 | WARNING  | [ANOMALY] Price spike detected: EURGBP 2026-07-28 03:10:00 change: -0.0000
2026-07-28 20:41:04,683 | WARNING  | [ANOMALY] Price spike detected: GBPUSD-OTC 2026-07-28 00:00:00 change: -0.0005
2026-07-28 20:41:04,683 | WARNING  | [ANOMALY] Price spike detected: EURUSD 2026-07-28 06:00:00 change: 0.0001
2026-07-28 20:41:04,683 | WARNING  | [ANOMALY] Price spike detected: EURGBP-OTC 2026-07-28 01:20:00 change: -0.0004
2026-07-28 20:41:04,683 | WARNING  | [ANOMALY] Price spike detected: EURGBP 2026-07-28 03:15:00 change: -0.0001
2026-07-28 20:41:04,684 | WARNING  | [ANOMALY] Price spike detected: GBPUSD-OTC 2026-07-28 00:10:00 change: 0.0002
2026-07-28 20:41:04,684 | WARNING  | [ANOMALY] Price spike detected: EURUSD 2026-07-28 06:05:00 change: -0.0001
2026-07-28 20:41:04,684 | WARNING  | [ANOMALY] Price spike detected: EURGBP-OTC 2026-07-28 01:25:00 change: -0.0002
2026-07-28 20:41:04,684 | WARNING  | [ANOMALY] Price spike detected: EURGBP 2026-07-28 03:20:00 change: 0.0000
2026-07-28 20:41:04,684 | WARNING  | [ANOMALY] Price spike detected: GBPUSD-OTC 2026-07-28 00:20:00 change: 0.0009
2026-07-28 20:41:04,685 | WARNING  | [ANOMALY] Price spike detected: EURUSD 2026-07-28 06:10:00 change: 0.0001
2026-07-28 20:41:04,685 | WARNING  | [ANOMALY] Price spike detected: EURGBP-OTC 2026-07-28 01:35:00 change: -0.0006
2026-07-28 20:41:04,685 | WARNING  | [ANOMALY] Price spike detected: EURGBP 2026-07-28 03:30:00 change: -0.0000
2026-07-28 20:41:04,685 | WARNING  | [ANOMALY] Price spike detected: GBPUSD-OTC 2026-07-28 00:25:00 change: 0.0012
2026-07-28 20:41:04,685 | WARNING  | [ANOMALY] Price spike detected: EURUSD 2026-07-28 06:15:00 change: 0.0000
2026-07-28 20:41:04,685 | WARNING  | [ANOMALY] Price spike detected: EURGBP-OTC 2026-07-28 01:40:00 change: -0.0002
2026-07-28 20:41:04,685 | WARNING  | [ANOMALY] Price spike detected: EURGBP 2026-07-28 03:35:00 change: -0.0000
2026-07-28 20:41:04,685 | WARNING  | [ANOMALY] Price spike detected: GBPUSD-OTC 2026-07-28 00:30:00 change: 0.0007
2026-07-28 20:41:04,685 | WARNING  | [ANOMALY] Price spike detected: EURUSD 2026-07-28 06:20:00 change: 0.0001
2026-07-28 20:41:04,686 | WARNING  | [ANOMALY] Price spike detected: EURGBP-OTC 2026-07-28 01:45:00 change: 0.0003
2026-07-28 20:41:04,686 | WARNING  | [ANOMALY] Price spike detected: EURGBP 2026-07-28 03:40:00 change: -0.0000
2026-07-28 20:41:04,686 | WARNING  | [ANOMALY] Price spike detected: GBPUSD-OTC 2026-07-28 00:35:00 change: -0.0005
2026-07-28 20:41:04,686 | WARNING  | [ANOMALY] Price spike detected: EURUSD 2026-07-28 06:25:00 change: 0.0002
2026-07-28 20:41:04,686 | WARNING  | [ANOMALY] Price spike detected: EURGBP-OTC 2026-07-28 01:50:00 change: -0.0005
2026-07-28 20:41:04,686 | WARNING  | [ANOMALY] Price spike detected: EURGBP 2026-07-28 03:45:00 change: -0.0000
2026-07-28 20:41:04,687 | WARNING  | [ANOMALY] Price spike detected: GBPUSD-OTC 2026-07-28 00:40:00 change: -0.0005
2026-07-28 20:41:04,687 | WARNING  | [ANOMALY] Price spike detected: EURUSD 2026-07-28 06:40:00 change: -0.0001
2026-07-28 20:41:04,687 | WARNING  | [ANOMALY] Price spike detected: EURGBP-OTC 2026-07-28 02:00:00 change: -0.0008
2026-07-28 20:41:04,687 | WARNING  | [ANOMALY] Price spike detected: EURGBP 2026-07-28 03:50:00 change: 0.0001
2026-07-28 20:41:04,687 | WARNING  | [ANOMALY] Price spike detected: GBPUSD-OTC 2026-07-28 00:50:00 change: -0.0005
2026-07-28 20:41:04,688 | WARNING  | [ANOMALY] Price spike detected: EURUSD 2026-07-28 06:45:00 change: -0.0001
2026-07-28 20:41:04,688 | WARNING  | [ANOMALY] Price spike detected: EURGBP-OTC 2026-07-28 02:10:00 change: -0.0001
2026-07-28 20:41:04,688 | WARNING  | [ANOMALY] Price spike detected: EURGBP 2026-07-28 03:55:00 change: 0.0000
2026-07-28 20:41:04,688 | WARNING  | [ANOMALY] Price spike detected: GBPUSD-OTC 2026-07-28 00:55:00 change: -0.0007
2026-07-28 20:41:04,688 | WARNING  | [ANOMALY] Price spike detected: EURUSD 2026-07-28 06:50:00 change: 0.0003
2026-07-28 20:41:04,689 | WARNING  | [ANOMALY] Price spike detected: EURGBP-OTC 2026-07-28 02:15:00 change: -0.0001
2026-07-28 20:41:04,689 | WARNING  | [ANOMALY] Price spike detected: EURGBP 2026-07-28 04:10:00 change: 0.0000
2026-07-28 20:41:04,689 | WARNING  | [ANOMALY] Price spike detected: GBPUSD-OTC 2026-07-28 01:00:00 change: 0.0006
2026-07-28 20:41:04,690 | WARNING  | [ANOMALY] Price spike detected: EURUSD 2026-07-28 06:55:00 change: -0.0002
2026-07-28 20:41:04,690 | WARNING  | [ANOMALY] Price spike detected: EURGBP-OTC 2026-07-28 02:20:00 change: -0.0003
2026-07-28 20:41:04,690 | WARNING  | [ANOMALY] Price spike detected: EURGBP 2026-07-28 04:15:00 change: -0.0001
2026-07-28 20:41:04,690 | WARNING  | [ANOMALY] Price spike detected: GBPUSD-OTC 2026-07-28 01:05:00 change: -0.0003
2026-07-28 20:41:04,691 | WARNING  | [ANOMALY] Price spike detected: EURUSD 2026-07-28 07:00:00 change: -0.0001
2026-07-28 20:41:04,691 | WARNING  | [ANOMALY] Price spike detected: EURGBP-OTC 2026-07-28 02:25:00 change: -0.0002
2026-07-28 20:41:04,691 | WARNING  | [ANOMALY] Price spike detected: EURGBP 2026-07-28 04:20:00 change: 0.0001
2026-07-28 20:41:04,691 | WARNING  | [ANOMALY] Price spike detected: GBPUSD-OTC 2026-07-28 01:10:00 change: 0.0003
2026-07-28 20:41:04,691 | WARNING  | [ANOMALY] Price spike detected: EURUSD 2026-07-28 07:05:00 change: 0.0004
2026-07-28 20:41:04,691 | WARNING  | [ANOMALY] Price spike detected: EURGBP-OTC 2026-07-28 02:30:00 change: -0.0003
2026-07-28 20:41:04,691 | WARNING  | [ANOMALY] Price spike detected: EURGBP 2026-07-28 04:25:00 change: -0.0001
2026-07-28 20:41:04,691 | WARNING  | [ANOMALY] Price spike detected: GBPUSD-OTC 2026-07-28 01:20:00 change: 0.0015
2026-07-28 20:41:04,691 | WARNING  | [ANOMALY] Price spike detected: EURUSD 2026-07-28 07:10:00 change: 0.0001
2026-07-28 20:41:04,692 | WARNING  | [ANOMALY] Price spike detected: EURGBP-OTC 2026-07-28 02:35:00 change: 0.0003
2026-07-28 20:41:04,692 | WARNING  | [ANOMALY] Price spike detected: EURGBP 2026-07-28 04:45:00 change: -0.0001
2026-07-28 20:41:04,692 | WARNING  | [ANOMALY] Price spike detected: GBPUSD-OTC 2026-07-28 01:35:00 change: 0.0003
2026-07-28 20:41:04,692 | WARNING  | [ANOMALY] Price spike detected: EURUSD 2026-07-28 07:15:00 change: -0.0001
2026-07-28 20:41:04,692 | WARNING  | [ANOMALY] Price spike detected: EURGBP-OTC 2026-07-28 02:40:00 change: -0.0007
2026-07-28 20:41:04,693 | WARNING  | [ANOMALY] Price spike detected: EURGBP 2026-07-28 04:55:00 change: -0.0001
2026-07-28 20:41:04,693 | WARNING  | [ANOMALY] Price spike detected: GBPUSD-OTC 2026-07-28 01:40:00 change: -0.0002
2026-07-28 20:41:04,694 | WARNING  | [ANOMALY] Price spike detected: EURUSD 2026-07-28 07:20:00 change: -0.0002
2026-07-28 20:41:04,694 | WARNING  | [ANOMALY] Price spike detected: EURGBP-OTC 2026-07-28 02:45:00 change: -0.0002
2026-07-28 20:41:04,694 | WARNING  | [ANOMALY] Price spike detected: EURGBP 2026-07-28 05:00:00 change: -0.0001
2026-07-28 20:41:04,694 | WARNING  | [ANOMALY] Price spike detected: GBPUSD-OTC 2026-07-28 01:45:00 change: -0.0005
2026-07-28 20:41:04,694 | WARNING  | [ANOMALY] Price spike detected: EURUSD 2026-07-28 07:30:00 change: 0.0000
2026-07-28 20:41:04,694 | WARNING  | [ANOMALY] Price spike detected: EURGBP-OTC 2026-07-28 02:50:00 change: -0.0003
2026-07-28 20:41:04,695 | WARNING  | [ANOMALY] Price spike detected: EURGBP 2026-07-28 05:05:00 change: -0.0001
2026-07-28 20:41:04,695 | WARNING  | [ANOMALY] Price spike detected: GBPUSD-OTC 2026-07-28 01:50:00 change: 0.0008
2026-07-28 20:41:04,695 | WARNING  | [ANOMALY] Price spike detected: EURUSD 2026-07-28 07:40:00 change: -0.0001
2026-07-28 20:41:04,695 | WARNING  | [ANOMALY] Price spike detected: EURGBP-OTC 2026-07-28 02:55:00 change: 0.0003
2026-07-28 20:41:04,695 | WARNING  | [ANOMALY] Price spike detected: EURGBP 2026-07-28 05:10:00 change: 0.0001
2026-07-28 20:41:04,696 | WARNING  | [ANOMALY] Price spike detected: GBPUSD-OTC 2026-07-28 01:55:00 change: -0.0003
2026-07-28 20:41:04,696 | WARNING  | [ANOMALY] Price spike detected: EURUSD 2026-07-28 07:45:00 change: -0.0002
2026-07-28 20:41:04,696 | WARNING  | [ANOMALY] Price spike detected: EURGBP-OTC 2026-07-28 03:00:00 change: 0.0002
2026-07-28 20:41:04,697 | WARNING  | [ANOMALY] Price spike detected: EURGBP 2026-07-28 05:15:00 change: 0.0001
2026-07-28 20:41:04,697 | WARNING  | [ANOMALY] Price spike detected: GBPUSD-OTC 2026-07-28 02:10:00 change: 0.0010
2026-07-28 20:41:04,697 | WARNING  | [ANOMALY] Price spike detected: EURUSD 2026-07-28 07:50:00 change: -0.0001
2026-07-28 20:41:04,697 | WARNING  | [ANOMALY] Price spike detected: EURGBP-OTC 2026-07-28 03:05:00 change: -0.0005
2026-07-28 20:41:04,697 | WARNING  | [ANOMALY] Price spike detected: EURGBP 2026-07-28 05:20:00 change: -0.0000
2026-07-28 20:41:04,697 | WARNING  | [ANOMALY] Price spike detected: GBPUSD-OTC 2026-07-28 02:15:00 change: 0.0002
2026-07-28 20:41:04,698 | WARNING  | [ANOMALY] Price spike detected: EURUSD 2026-07-28 08:00:00 change: 0.0003
2026-07-28 20:41:04,698 | WARNING  | [ANOMALY] Price spike detected: EURGBP-OTC 2026-07-28 03:15:00 change: -0.0008
2026-07-28 20:41:04,698 | WARNING  | [ANOMALY] Price spike detected: EURGBP 2026-07-28 05:25:00 change: 0.0000
2026-07-28 20:41:04,698 | WARNING  | [ANOMALY] Price spike detected: GBPUSD-OTC 2026-07-28 02:20:00 change: 0.0009
2026-07-28 20:41:04,698 | WARNING  | [ANOMALY] Price spike detected: EURUSD 2026-07-28 08:05:00 change: 0.0001
2026-07-28 20:41:04,699 | WARNING  | [ANOMALY] Price spike detected: EURGBP-OTC 2026-07-28 03:20:00 change: -0.0001
2026-07-28 20:41:04,699 | WARNING  | [ANOMALY] Price spike detected: EURGBP 2026-07-28 05:30:00 change: 0.0001
2026-07-28 20:41:04,699 | WARNING  | [ANOMALY] Price spike detected: GBPUSD-OTC 2026-07-28 02:25:00 change: -0.0003
2026-07-28 20:41:04,699 | WARNING  | [ANOMALY] Price spike detected: EURUSD 2026-07-28 08:10:00 change: -0.0001
2026-07-28 20:41:04,699 | WARNING  | [ANOMALY] Price spike detected: EURGBP-OTC 2026-07-28 03:25:00 change: -0.0003
2026-07-28 20:41:04,699 | WARNING  | [ANOMALY] Price spike detected: EURGBP 2026-07-28 05:35:00 change: 0.0000
2026-07-28 20:41:04,699 | WARNING  | [ANOMALY] Price spike detected: GBPUSD-OTC 2026-07-28 02:40:00 change: -0.0010
2026-07-28 20:41:04,700 | WARNING  | [ANOMALY] Price spike detected: EURUSD 2026-07-28 08:15:00 change: 0.0001
2026-07-28 20:41:04,700 | WARNING  | [ANOMALY] Price spike detected: EURGBP-OTC 2026-07-28 03:30:00 change: -0.0004
2026-07-28 20:41:04,700 | WARNING  | [ANOMALY] Price spike detected: EURGBP 2026-07-28 05:40:00 change: -0.0000
2026-07-28 20:41:04,700 | WARNING  | [ANOMALY] Price spike detected: GBPUSD-OTC 2026-07-28 02:45:00 change: -0.0007
2026-07-28 20:41:04,700 | WARNING  | [ANOMALY] Price spike detected: EURUSD 2026-07-28 08:20:00 change: 0.0002
2026-07-28 20:41:04,700 | WARNING  | [ANOMALY] Price spike detected: EURGBP-OTC 2026-07-28 03:35:00 change: 0.0005
2026-07-28 20:41:04,701 | WARNING  | [ANOMALY] Price spike detected: EURGBP 2026-07-28 05:45:00 change: 0.0001
2026-07-28 20:41:04,701 | WARNING  | [ANOMALY] Price spike detected: GBPUSD-OTC 2026-07-28 02:50:00 change: -0.0005
2026-07-28 20:41:04,701 | WARNING  | [ANOMALY] Price spike detected: EURUSD 2026-07-28 08:25:00 change: -0.0001
2026-07-28 20:41:04,701 | WARNING  | [ANOMALY] Price spike detected: EURGBP-OTC 2026-07-28 03:45:00 change: 0.0007
2026-07-28 20:41:04,701 | WARNING  | [ANOMALY] Price spike detected: EURGBP 2026-07-28 05:50:00 change: -0.0000
2026-07-28 20:41:04,701 | WARNING  | [ANOMALY] Price spike detected: GBPUSD-OTC 2026-07-28 02:55:00 change: -0.0004
2026-07-28 20:41:04,702 | WARNING  | [ANOMALY] Price spike detected: EURUSD 2026-07-28 08:40:00 change: 0.0001
2026-07-28 20:41:04,702 | WARNING  | [ANOMALY] Price spike detected: EURGBP-OTC 2026-07-28 03:50:00 change: -0.0003
2026-07-28 20:41:04,702 | WARNING  | [ANOMALY] Price spike detected: EURGBP 2026-07-28 05:55:00 change: 0.0001
2026-07-28 20:41:04,702 | WARNING  | [ANOMALY] Price spike detected: GBPUSD-OTC 2026-07-28 03:00:00 change: 0.0003
2026-07-28 20:41:04,702 | WARNING  | [ANOMALY] Price spike detected: EURUSD 2026-07-28 08:45:00 change: 0.0001
2026-07-28 20:41:04,702 | WARNING  | [ANOMALY] Price spike detected: EURGBP-OTC 2026-07-28 03:55:00 change: 0.0007
2026-07-28 20:41:04,703 | WARNING  | [ANOMALY] Price spike detected: EURGBP 2026-07-28 06:00:00 change: 0.0001
2026-07-28 20:41:04,703 | WARNING  | [ANOMALY] Price spike detected: GBPUSD-OTC 2026-07-28 03:05:00 change: -0.0007
2026-07-28 20:41:04,703 | WARNING  | [ANOMALY] Price spike detected: EURUSD 2026-07-28 08:50:00 change: -0.0001
2026-07-28 20:41:04,703 | WARNING  | [ANOMALY] Price spike detected: EURGBP-OTC 2026-07-28 04:00:00 change: -0.0004
2026-07-28 20:41:04,704 | WARNING  | [ANOMALY] Price spike detected: EURGBP 2026-07-28 06:05:00 change: -0.0001
2026-07-28 20:41:04,704 | WARNING  | [ANOMALY] Price spike detected: GBPUSD-OTC 2026-07-28 03:15:00 change: -0.0005
2026-07-28 20:41:04,704 | WARNING  | [ANOMALY] Price spike detected: EURUSD 2026-07-28 08:55:00 change: 0.0001
2026-07-28 20:41:04,704 | WARNING  | [ANOMALY] Price spike detected: EURGBP-OTC 2026-07-28 04:05:00 change: -0.0002
2026-07-28 20:41:04,704 | WARNING  | [ANOMALY] Price spike detected: EURGBP 2026-07-28 06:10:00 change: -0.0001
2026-07-28 20:41:04,704 | WARNING  | [ANOMALY] Price spike detected: GBPUSD-OTC 2026-07-28 03:20:00 change: 0.0002
2026-07-28 20:41:04,705 | WARNING  | [ANOMALY] Price spike detected: EURUSD 2026-07-28 09:00:00 change: -0.0001
2026-07-28 20:41:04,705 | WARNING  | [ANOMALY] Price spike detected: EURGBP-OTC 2026-07-28 04:10:00 change: 0.0005
2026-07-28 20:41:04,705 | WARNING  | [ANOMALY] Price spike detected: EURGBP 2026-07-28 06:15:00 change: 0.0000
2026-07-28 20:41:04,705 | WARNING  | [ANOMALY] Price spike detected: GBPUSD-OTC 2026-07-28 03:30:00 change: 0.0002
2026-07-28 20:41:04,705 | WARNING  | [ANOMALY] Price spike detected: EURUSD 2026-07-28 09:05:00 change: -0.0003
2026-07-28 20:41:04,705 | WARNING  | [ANOMALY] Price spike detected: EURGBP-OTC 2026-07-28 04:15:00 change: -0.0018
2026-07-28 20:41:04,706 | WARNING  | [ANOMALY] Price spike detected: EURGBP 2026-07-28 06:20:00 change: 0.0001
2026-07-28 20:41:04,706 | WARNING  | [ANOMALY] Price spike detected: GBPUSD-OTC 2026-07-28 03:40:00 change: -0.0005
2026-07-28 20:41:04,706 | WARNING  | [ANOMALY] Price spike detected: EURUSD 2026-07-28 09:10:00 change: -0.0001
2026-07-28 20:41:04,706 | WARNING  | [ANOMALY] Price spike detected: EURGBP-OTC 2026-07-28 04:20:00 change: -0.0004
2026-07-28 20:41:04,706 | WARNING  | [ANOMALY] Price spike detected: EURGBP 2026-07-28 06:25:00 change: -0.0002
2026-07-28 20:41:04,706 | WARNING  | [ANOMALY] Price spike detected: GBPUSD-OTC 2026-07-28 03:45:00 change: -0.0005
2026-07-28 20:41:04,706 | WARNING  | [ANOMALY] Price spike detected: EURUSD 2026-07-28 09:15:00 change: 0.0000
2026-07-28 20:41:04,707 | WARNING  | [ANOMALY] Price spike detected: EURGBP-OTC 2026-07-28 04:30:00 change: 0.0007
2026-07-28 20:41:04,707 | WARNING  | [ANOMALY] Price spike detected: EURGBP 2026-07-28 06:30:00 change: 0.0002
2026-07-28 20:41:04,707 | WARNING  | [ANOMALY] Price spike detected: GBPUSD-OTC 2026-07-28 03:50:00 change: -0.0005
2026-07-28 20:41:04,707 | WARNING  | [ANOMALY] Price spike detected: EURUSD 2026-07-28 09:20:00 change: -0.0000
2026-07-28 20:41:04,707 | WARNING  | [ANOMALY] Price spike detected: EURGBP-OTC 2026-07-28 04:35:00 change: -0.0011
2026-07-28 20:41:04,707 | WARNING  | [ANOMALY] Price spike detected: EURGBP 2026-07-28 06:35:00 change: -0.0001
2026-07-28 20:41:04,707 | WARNING  | [ANOMALY] Price spike detected: GBPUSD-OTC 2026-07-28 03:55:00 change: 0.0005
2026-07-28 20:41:04,708 | WARNING  | [ANOMALY] Price spike detected: EURUSD 2026-07-28 09:25:00 change: -0.0001
2026-07-28 20:41:04,708 | WARNING  | [ANOMALY] Price spike detected: EURGBP-OTC 2026-07-28 04:40:00 change: -0.0008
2026-07-28 20:41:04,708 | WARNING  | [ANOMALY] Price spike detected: EURGBP 2026-07-28 06:40:00 change: -0.0001
2026-07-28 20:41:04,708 | WARNING  | [ANOMALY] Price spike detected: GBPUSD-OTC 2026-07-28 04:05:00 change: -0.0009
2026-07-28 20:41:04,708 | WARNING  | [ANOMALY] Price spike detected: EURUSD 2026-07-28 09:30:00 change: -0.0001
2026-07-28 20:41:04,708 | WARNING  | [ANOMALY] Price spike detected: EURGBP-OTC 2026-07-28 04:50:00 change: 0.0006
2026-07-28 20:41:04,709 | WARNING  | [ANOMALY] Price spike detected: EURGBP 2026-07-28 06:45:00 change: 0.0000
2026-07-28 20:41:04,709 | WARNING  | [ANOMALY] Price spike detected: GBPUSD-OTC 2026-07-28 04:10:00 change: 0.0009
2026-07-28 20:41:04,709 | WARNING  | [ANOMALY] Price spike detected: EURUSD 2026-07-28 09:40:00 change: -0.0002
2026-07-28 20:41:04,710 | WARNING  | [ANOMALY] Price spike detected: EURGBP-OTC 2026-07-28 05:00:00 change: 0.0002
2026-07-28 20:41:04,710 | WARNING  | [ANOMALY] Price spike detected: EURGBP 2026-07-28 06:50:00 change: -0.0001
2026-07-28 20:41:04,710 | WARNING  | [ANOMALY] Price spike detected: GBPUSD-OTC 2026-07-28 04:20:00 change: 0.0013
2026-07-28 20:41:04,710 | WARNING  | [ANOMALY] Price spike detected: EURUSD 2026-07-28 09:45:00 change: -0.0001
2026-07-28 20:41:04,710 | WARNING  | [ANOMALY] Price spike detected: EURGBP-OTC 2026-07-28 05:10:00 change: 0.0006
2026-07-28 20:41:04,710 | WARNING  | [ANOMALY] Price spike detected: EURGBP 2026-07-28 06:55:00 change: -0.0003
2026-07-28 20:41:04,711 | WARNING  | [ANOMALY] Price spike detected: GBPUSD-OTC 2026-07-28 04:25:00 change: 0.0002
2026-07-28 20:41:04,711 | WARNING  | [ANOMALY] Price spike detected: EURUSD 2026-07-28 09:50:00 change: -0.0001
2026-07-28 20:41:04,711 | WARNING  | [ANOMALY] Price spike detected: EURGBP-OTC 2026-07-28 05:15:00 change: 0.0005
2026-07-28 20:41:04,711 | WARNING  | [ANOMALY] Price spike detected: EURGBP 2026-07-28 07:00:00 change: 0.0002
2026-07-28 20:41:04,711 | WARNING  | [ANOMALY] Price spike detected: GBPUSD-OTC 2026-07-28 04:30:00 change: 0.0011
2026-07-28 20:41:04,711 | WARNING  | [ANOMALY] Price spike detected: EURUSD 2026-07-28 09:55:00 change: -0.0003
2026-07-28 20:41:04,712 | WARNING  | [ANOMALY] Price spike detected: EURGBP-OTC 2026-07-28 05:20:00 change: -0.0012
2026-07-28 20:41:04,712 | WARNING  | [ANOMALY] Price spike detected: EURGBP 2026-07-28 07:05:00 change: -0.0001
2026-07-28 20:41:04,712 | WARNING  | [ANOMALY] Price spike detected: GBPUSD-OTC 2026-07-28 04:35:00 change: -0.0007
2026-07-28 20:41:04,712 | WARNING  | [ANOMALY] Price spike detected: EURUSD 2026-07-28 10:00:00 change: -0.0000
2026-07-28 20:41:04,712 | WARNING  | [ANOMALY] Price spike detected: EURGBP-OTC 2026-07-28 05:25:00 change: 0.0006
2026-07-28 20:41:04,712 | WARNING  | [ANOMALY] Price spike detected: EURGBP 2026-07-28 07:15:00 change: -0.0001
2026-07-28 20:41:04,712 | WARNING  | [ANOMALY] Price spike detected: GBPUSD-OTC 2026-07-28 04:40:00 change: 0.0008
2026-07-28 20:41:04,713 | WARNING  | [ANOMALY] Price spike detected: EURUSD 2026-07-28 10:05:00 change: -0.0001
2026-07-28 20:41:04,713 | WARNING  | [ANOMALY] Price spike detected: EURGBP-OTC 2026-07-28 05:30:00 change: 0.0004
2026-07-28 20:41:04,713 | WARNING  | [ANOMALY] Price spike detected: EURGBP 2026-07-28 07:20:00 change: -0.0002
2026-07-28 20:41:04,713 | WARNING  | [ANOMALY] Price spike detected: GBPUSD-OTC 2026-07-28 04:45:00 change: 0.0015
2026-07-28 20:41:04,713 | WARNING  | [ANOMALY] Price spike detected: EURUSD 2026-07-28 10:10:00 change: 0.0002
2026-07-28 20:41:04,713 | WARNING  | [ANOMALY] Price spike detected: EURGBP-OTC 2026-07-28 05:35:00 change: 0.0002
2026-07-28 20:41:04,714 | WARNING  | [ANOMALY] Price spike detected: EURGBP 2026-07-28 07:25:00 change: -0.0000
2026-07-28 20:41:04,714 | WARNING  | [ANOMALY] Price spike detected: GBPUSD-OTC 2026-07-28 04:55:00 change: 0.0010
2026-07-28 20:41:04,714 | WARNING  | [ANOMALY] Price spike detected: EURUSD 2026-07-28 10:15:00 change: -0.0001
2026-07-28 20:41:04,714 | WARNING  | [ANOMALY] Price spike detected: EURGBP-OTC 2026-07-28 05:40:00 change: 0.0003
2026-07-28 20:41:04,714 | WARNING  | [ANOMALY] Price spike detected: EURGBP 2026-07-28 07:35:00 change: 0.0003
2026-07-28 20:41:04,714 | WARNING  | [ANOMALY] Price spike detected: GBPUSD-OTC 2026-07-28 05:00:00 change: -0.0009
2026-07-28 20:41:04,715 | WARNING  | [ANOMALY] Price spike detected: EURUSD 2026-07-28 10:20:00 change: 0.0002
2026-07-28 20:41:04,715 | WARNING  | [ANOMALY] Price spike detected: EURGBP-OTC 2026-07-28 05:45:00 change: 0.0002
2026-07-28 20:41:04,715 | WARNING  | [ANOMALY] Price spike detected: EURGBP 2026-07-28 07:45:00 change: 0.0001
2026-07-28 20:41:04,715 | WARNING  | [ANOMALY] Price spike detected: GBPUSD-OTC 2026-07-28 05:10:00 change: 0.0009
2026-07-28 20:41:04,715 | WARNING  | [ANOMALY] Price spike detected: EURUSD 2026-07-28 10:25:00 change: -0.0001
2026-07-28 20:41:04,716 | WARNING  | [ANOMALY] Price spike detected: EURGBP-OTC 2026-07-28 05:50:00 change: 0.0007
2026-07-28 20:41:04,716 | WARNING  | [ANOMALY] Price spike detected: EURGBP 2026-07-28 07:50:00 change: -0.0002
2026-07-28 20:41:04,716 | WARNING  | [ANOMALY] Price spike detected: GBPUSD-OTC 2026-07-28 05:15:00 change: -0.0003
2026-07-28 20:41:04,716 | WARNING  | [ANOMALY] Price spike detected: EURUSD 2026-07-28 10:30:00 change: 0.0003
2026-07-28 20:41:04,716 | WARNING  | [ANOMALY] Price spike detected: EURGBP-OTC 2026-07-28 05:55:00 change: 0.0006
2026-07-28 20:41:04,716 | WARNING  | [ANOMALY] Price spike detected: EURGBP 2026-07-28 07:55:00 change: 0.0002
2026-07-28 20:41:04,717 | WARNING  | [ANOMALY] Price spike detected: GBPUSD-OTC 2026-07-28 05:20:00 change: -0.0004
2026-07-28 20:41:04,717 | WARNING  | [ANOMALY] Price spike detected: EURUSD 2026-07-28 10:35:00 change: 0.0001
2026-07-28 20:41:04,717 | WARNING  | [ANOMALY] Price spike detected: EURGBP-OTC 2026-07-28 06:00:00 change: -0.0003
2026-07-28 20:41:04,717 | WARNING  | [ANOMALY] Price spike detected: EURGBP 2026-07-28 08:00:00 change: -0.0004
2026-07-28 20:41:04,717 | WARNING  | [ANOMALY] Price spike detected: GBPUSD-OTC 2026-07-28 05:30:00 change: 0.0002
2026-07-28 20:41:04,717 | WARNING  | [ANOMALY] Price spike detected: EURUSD 2026-07-28 10:40:00 change: -0.0003
2026-07-28 20:41:04,718 | WARNING  | [ANOMALY] Price spike detected: EURGBP-OTC 2026-07-28 06:20:00 change: -0.0002
2026-07-28 20:41:04,718 | WARNING  | [ANOMALY] Price spike detected: EURGBP 2026-07-28 08:05:00 change: 0.0001
2026-07-28 20:41:04,718 | WARNING  | [ANOMALY] Price spike detected: GBPUSD-OTC 2026-07-28 05:35:00 change: 0.0006
2026-07-28 20:41:04,719 | WARNING  | [ANOMALY] Price spike detected: EURUSD 2026-07-28 10:45:00 change: 0.0001
2026-07-28 20:41:04,719 | WARNING  | [ANOMALY] Price spike detected: EURGBP-OTC 2026-07-28 06:30:00 change: -0.0004
2026-07-28 20:41:04,719 | WARNING  | [ANOMALY] Price spike detected: EURGBP 2026-07-28 08:25:00 change: 0.0001
2026-07-28 20:41:04,719 | WARNING  | [ANOMALY] Price spike detected: GBPUSD-OTC 2026-07-28 05:45:00 change: 0.0010
2026-07-28 20:41:04,719 | WARNING  | [ANOMALY] Price spike detected: EURUSD 2026-07-28 10:50:00 change: 0.0003
2026-07-28 20:41:04,719 | WARNING  | [ANOMALY] Price spike detected: EURGBP-OTC 2026-07-28 06:35:00 change: 0.0002
2026-07-28 20:41:04,720 | WARNING  | [ANOMALY] Price spike detected: EURGBP 2026-07-28 08:35:00 change: 0.0003
2026-07-28 20:41:04,720 | WARNING  | [ANOMALY] Price spike detected: GBPUSD-OTC 2026-07-28 05:50:00 change: 0.0005
2026-07-28 20:41:04,720 | WARNING  | [ANOMALY] Price spike detected: EURUSD 2026-07-28 10:55:00 change: -0.0001
2026-07-28 20:41:04,720 | WARNING  | [ANOMALY] Price spike detected: EURGBP-OTC 2026-07-28 06:40:00 change: 0.0007
2026-07-28 20:41:04,720 | WARNING  | [ANOMALY] Price spike detected: EURGBP 2026-07-28 08:40:00 change: -0.0001
2026-07-28 20:41:04,720 | WARNING  | [ANOMALY] Price spike detected: GBPUSD-OTC 2026-07-28 05:55:00 change: -0.0011
2026-07-28 20:41:04,720 | WARNING  | [ANOMALY] Price spike detected: EURUSD 2026-07-28 11:00:00 change: -0.0001
2026-07-28 20:41:04,721 | WARNING  | [ANOMALY] Price spike detected: EURGBP-OTC 2026-07-28 06:45:00 change: 0.0002
2026-07-28 20:41:04,721 | WARNING  | [ANOMALY] Price spike detected: EURGBP 2026-07-28 08:45:00 change: -0.0001
2026-07-28 20:41:04,721 | WARNING  | [ANOMALY] Price spike detected: GBPUSD-OTC 2026-07-28 06:00:00 change: 0.0004
2026-07-28 20:41:04,721 | WARNING  | [ANOMALY] Price spike detected: EURUSD 2026-07-28 11:05:00 change: -0.0002
2026-07-28 20:41:04,721 | WARNING  | [ANOMALY] Price spike detected: EURGBP-OTC 2026-07-28 06:55:00 change: -0.0002
2026-07-28 20:41:04,722 | WARNING  | [ANOMALY] Price spike detected: EURGBP 2026-07-28 08:50:00 change: 0.0001
2026-07-28 20:41:04,722 | WARNING  | [ANOMALY] Price spike detected: GBPUSD-OTC 2026-07-28 06:10:00 change: 0.0004
2026-07-28 20:41:04,722 | WARNING  | [ANOMALY] Price spike detected: EURUSD 2026-07-28 11:10:00 change: 0.0001
2026-07-28 20:41:04,722 | WARNING  | [ANOMALY] Price spike detected: EURGBP-OTC 2026-07-28 07:10:00 change: -0.0008
2026-07-28 20:41:04,722 | WARNING  | [ANOMALY] Price spike detected: EURGBP 2026-07-28 08:55:00 change: -0.0001
2026-07-28 20:41:04,722 | WARNING  | [ANOMALY] Price spike detected: GBPUSD-OTC 2026-07-28 06:15:00 change: 0.0005
2026-07-28 20:41:04,722 | WARNING  | [ANOMALY] Price spike detected: EURUSD 2026-07-28 11:15:00 change: 0.0003
2026-07-28 20:41:04,723 | WARNING  | [ANOMALY] Price spike detected: EURGBP-OTC 2026-07-28 07:15:00 change: 0.0006
2026-07-28 20:41:04,723 | WARNING  | [ANOMALY] Price spike detected: EURGBP 2026-07-28 09:05:00 change: 0.0002
2026-07-28 20:41:04,723 | WARNING  | [ANOMALY] Price spike detected: GBPUSD-OTC 2026-07-28 06:20:00 change: -0.0006
2026-07-28 20:41:04,723 | WARNING  | [ANOMALY] Price spike detected: EURUSD 2026-07-28 11:20:00 change: 0.0002
2026-07-28 20:41:04,723 | WARNING  | [ANOMALY] Price spike detected: EURGBP-OTC 2026-07-28 07:20:00 change: 0.0006
2026-07-28 20:41:04,723 | WARNING  | [ANOMALY] Price spike detected: EURGBP 2026-07-28 09:15:00 change: 0.0001
2026-07-28 20:41:04,724 | WARNING  | [ANOMALY] Price spike detected: GBPUSD-OTC 2026-07-28 06:25:00 change: 0.0004
2026-07-28 20:41:04,724 | WARNING  | [ANOMALY] Price spike detected: EURUSD 2026-07-28 11:25:00 change: 0.0001
2026-07-28 20:41:04,724 | WARNING  | [ANOMALY] Price spike detected: EURGBP-OTC 2026-07-28 07:25:00 change: -0.0009
2026-07-28 20:41:04,724 | WARNING  | [ANOMALY] Price spike detected: EURGBP 2026-07-28 09:30:00 change: 0.0001
2026-07-28 20:41:04,724 | WARNING  | [ANOMALY] Price spike detected: GBPUSD-OTC 2026-07-28 06:30:00 change: -0.0005
2026-07-28 20:41:04,725 | WARNING  | [ANOMALY] Price spike detected: EURUSD 2026-07-28 11:30:00 change: -0.0001
2026-07-28 20:41:04,725 | WARNING  | [ANOMALY] Price spike detected: EURGBP-OTC 2026-07-28 07:30:00 change: 0.0007
2026-07-28 20:41:04,726 | WARNING  | [ANOMALY] Price spike detected: EURGBP 2026-07-28 09:35:00 change: -0.0001
2026-07-28 20:41:04,726 | WARNING  | [ANOMALY] Price spike detected: GBPUSD-OTC 2026-07-28 06:35:00 change: 0.0009
2026-07-28 20:41:04,726 | WARNING  | [ANOMALY] Price spike detected: EURUSD 2026-07-28 11:35:00 change: 0.0002
2026-07-28 20:41:04,726 | WARNING  | [ANOMALY] Price spike detected: EURGBP-OTC 2026-07-28 07:35:00 change: -0.0008
2026-07-28 20:41:04,726 | WARNING  | [ANOMALY] Price spike detected: EURGBP 2026-07-28 09:40:00 change: 0.0001
2026-07-28 20:41:04,727 | WARNING  | [ANOMALY] Price spike detected: GBPUSD-OTC 2026-07-28 06:40:00 change: 0.0010
2026-07-28 20:41:04,727 | WARNING  | [ANOMALY] Price spike detected: EURUSD 2026-07-28 11:40:00 change: -0.0002
2026-07-28 20:41:04,727 | WARNING  | [ANOMALY] Price spike detected: EURGBP-OTC 2026-07-28 07:40:00 change: -0.0006
2026-07-28 20:41:04,727 | WARNING  | [ANOMALY] Price spike detected: EURGBP 2026-07-28 09:45:00 change: 0.0000
2026-07-28 20:41:04,727 | WARNING  | [ANOMALY] Price spike detected: GBPUSD-OTC 2026-07-28 06:55:00 change: 0.0010
2026-07-28 20:41:04,728 | WARNING  | [ANOMALY] Price spike detected: EURUSD 2026-07-28 11:45:00 change: -0.0001
2026-07-28 20:41:04,728 | WARNING  | [ANOMALY] Price spike detected: EURGBP-OTC 2026-07-28 07:50:00 change: -0.0003
2026-07-28 20:41:04,728 | WARNING  | [ANOMALY] Price spike detected: EURGBP 2026-07-28 09:50:00 change: 0.0002
2026-07-28 20:41:04,728 | WARNING  | [ANOMALY] Price spike detected: GBPUSD-OTC 2026-07-28 07:00:00 change: -0.0006
2026-07-28 20:41:04,728 | WARNING  | [ANOMALY] Price spike detected: EURUSD 2026-07-28 11:50:00 change: 0.0002
2026-07-28 20:41:04,728 | WARNING  | [ANOMALY] Price spike detected: EURGBP-OTC 2026-07-28 07:55:00 change: 0.0002
2026-07-28 20:41:04,729 | WARNING  | [ANOMALY] Price spike detected: EURGBP 2026-07-28 09:55:00 change: -0.0002
2026-07-28 20:41:04,729 | WARNING  | [ANOMALY] Price spike detected: GBPUSD-OTC 2026-07-28 07:05:00 change: -0.0005
2026-07-28 20:41:04,729 | WARNING  | [ANOMALY] Price spike detected: EURUSD 2026-07-28 11:55:00 change: 0.0001
2026-07-28 20:41:04,729 | WARNING  | [ANOMALY] Price spike detected: EURGBP-OTC 2026-07-28 08:10:00 change: 0.0002
2026-07-28 20:41:04,730 | WARNING  | [ANOMALY] Price spike detected: EURGBP 2026-07-28 10:00:00 change: 0.0001
2026-07-28 20:41:04,730 | WARNING  | [ANOMALY] Price spike detected: GBPUSD-OTC 2026-07-28 07:10:00 change: 0.0003
2026-07-28 20:41:04,730 | WARNING  | [ANOMALY] Price spike detected: EURUSD 2026-07-28 12:00:00 change: -0.0001
2026-07-28 20:41:04,730 | WARNING  | [ANOMALY] Price spike detected: EURGBP-OTC 2026-07-28 08:15:00 change: -0.0005
2026-07-28 20:41:04,730 | WARNING  | [ANOMALY] Price spike detected: EURGBP 2026-07-28 10:10:00 change: 0.0001
2026-07-28 20:41:04,730 | WARNING  | [ANOMALY] Price spike detected: GBPUSD-OTC 2026-07-28 07:15:00 change: 0.0006
2026-07-28 20:41:04,731 | WARNING  | [ANOMALY] Price spike detected: EURUSD 2026-07-28 12:05:00 change: 0.0003
2026-07-28 20:41:04,731 | WARNING  | [ANOMALY] Price spike detected: EURGBP-OTC 2026-07-28 08:20:00 change: 0.0006
2026-07-28 20:41:04,731 | WARNING  | [ANOMALY] Price spike detected: EURGBP 2026-07-28 10:15:00 change: 0.0001
2026-07-28 20:41:04,732 | WARNING  | [ANOMALY] Price spike detected: GBPUSD-OTC 2026-07-28 07:20:00 change: -0.0009
2026-07-28 20:41:04,732 | WARNING  | [ANOMALY] Price spike detected: EURUSD 2026-07-28 12:10:00 change: -0.0001
2026-07-28 20:41:04,732 | WARNING  | [ANOMALY] Price spike detected: EURGBP-OTC 2026-07-28 08:25:00 change: 0.0009
2026-07-28 20:41:04,732 | WARNING  | [ANOMALY] Price spike detected: EURGBP 2026-07-28 10:20:00 change: -0.0002
2026-07-28 20:41:04,732 | WARNING  | [ANOMALY] Price spike detected: GBPUSD-OTC 2026-07-28 07:25:00 change: 0.0010
2026-07-28 20:41:04,732 | WARNING  | [ANOMALY] Price spike detected: EURUSD 2026-07-28 12:20:00 change: -0.0001
2026-07-28 20:41:04,733 | WARNING  | [ANOMALY] Price spike detected: EURGBP-OTC 2026-07-28 08:40:00 change: -0.0008
2026-07-28 20:41:04,733 | WARNING  | [ANOMALY] Price spike detected: EURGBP 2026-07-28 10:30:00 change: 0.0001
2026-07-28 20:41:04,733 | WARNING  | [ANOMALY] Price spike detected: GBPUSD-OTC 2026-07-28 07:30:00 change: -0.0005
2026-07-28 20:41:04,733 | WARNING  | [ANOMALY] Price spike detected: EURUSD 2026-07-28 12:25:00 change: -0.0001
2026-07-28 20:41:04,733 | WARNING  | [ANOMALY] Price spike detected: EURGBP-OTC 2026-07-28 08:45:00 change: 0.0004
2026-07-28 20:41:04,733 | WARNING  | [ANOMALY] Price spike detected: EURGBP 2026-07-28 10:45:00 change: 0.0002
2026-07-28 20:41:04,734 | WARNING  | [ANOMALY] Price spike detected: GBPUSD-OTC 2026-07-28 07:35:00 change: -0.0006
2026-07-28 20:41:04,734 | WARNING  | [ANOMALY] Price spike detected: EURUSD 2026-07-28 12:40:00 change: 0.0002
2026-07-28 20:41:04,734 | WARNING  | [ANOMALY] Price spike detected: EURGBP-OTC 2026-07-28 08:55:00 change: -0.0007
2026-07-28 20:41:04,734 | WARNING  | [ANOMALY] Price spike detected: EURGBP 2026-07-28 10:50:00 change: 0.0000
2026-07-28 20:41:04,734 | WARNING  | [ANOMALY] Price spike detected: GBPUSD-OTC 2026-07-28 07:40:00 change: 0.0005
2026-07-28 20:41:04,734 | WARNING  | [ANOMALY] Price spike detected: EURUSD 2026-07-28 12:45:00 change: 0.0002
2026-07-28 20:41:04,735 | WARNING  | [ANOMALY] Price spike detected: EURGBP-OTC 2026-07-28 09:00:00 change: -0.0003
2026-07-28 20:41:04,735 | WARNING  | [ANOMALY] Price spike detected: EURGBP 2026-07-28 10:55:00 change: -0.0002
2026-07-28 20:41:04,735 | WARNING  | [ANOMALY] Price spike detected: GBPUSD-OTC 2026-07-28 07:50:00 change: -0.0008
2026-07-28 20:41:04,735 | WARNING  | [ANOMALY] Price spike detected: EURUSD 2026-07-28 12:50:00 change: -0.0002
2026-07-28 20:41:04,735 | WARNING  | [ANOMALY] Price spike detected: EURGBP-OTC 2026-07-28 09:05:00 change: 0.0009
2026-07-28 20:41:04,736 | WARNING  | [ANOMALY] Price spike detected: EURGBP 2026-07-28 11:00:00 change: 0.0001
2026-07-28 20:41:04,736 | WARNING  | [ANOMALY] Price spike detected: GBPUSD-OTC 2026-07-28 07:55:00 change: 0.0003
2026-07-28 20:41:04,736 | WARNING  | [ANOMALY] Price spike detected: EURUSD 2026-07-28 13:00:00 change: 0.0002
2026-07-28 20:41:04,736 | WARNING  | [ANOMALY] Price spike detected: EURGBP-OTC 2026-07-28 09:10:00 change: 0.0013
2026-07-28 20:41:04,736 | WARNING  | [ANOMALY] Price spike detected: EURGBP 2026-07-28 11:05:00 change: -0.0002
2026-07-28 20:41:04,736 | WARNING  | [ANOMALY] Price spike detected: GBPUSD-OTC 2026-07-28 08:00:00 change: 0.0005
2026-07-28 20:41:04,737 | WARNING  | [ANOMALY] Price spike detected: EURUSD 2026-07-28 13:05:00 change: 0.0002
2026-07-28 20:41:04,737 | WARNING  | [ANOMALY] Price spike detected: EURGBP-OTC 2026-07-28 09:15:00 change: 0.0007
2026-07-28 20:41:04,737 | WARNING  | [ANOMALY] Price spike detected: EURGBP 2026-07-28 11:10:00 change: 0.0002
2026-07-28 20:41:04,737 | WARNING  | [ANOMALY] Price spike detected: GBPUSD-OTC 2026-07-28 08:05:00 change: -0.0002
2026-07-28 20:41:04,737 | WARNING  | [ANOMALY] Price spike detected: EURUSD 2026-07-28 13:10:00 change: -0.0002
2026-07-28 20:41:04,737 | WARNING  | [ANOMALY] Price spike detected: EURGBP-OTC 2026-07-28 09:20:00 change: -0.0003
2026-07-28 20:41:04,738 | WARNING  | [ANOMALY] Price spike detected: EURGBP 2026-07-28 11:15:00 change: 0.0001
2026-07-28 20:41:04,738 | WARNING  | [ANOMALY] Price spike detected: GBPUSD-OTC 2026-07-28 08:10:00 change: -0.0003
2026-07-28 20:41:04,738 | WARNING  | [ANOMALY] Price spike detected: EURUSD 2026-07-28 13:15:00 change: 0.0001
2026-07-28 20:41:04,738 | WARNING  | [ANOMALY] Price spike detected: EURGBP-OTC 2026-07-28 09:25:00 change: 0.0006
2026-07-28 20:41:04,738 | WARNING  | [ANOMALY] Price spike detected: EURGBP 2026-07-28 11:25:00 change: 0.0002
2026-07-28 20:41:04,739 | WARNING  | [ANOMALY] Price spike detected: GBPUSD-OTC 2026-07-28 08:20:00 change: -0.0002
2026-07-28 20:41:04,739 | WARNING  | [ANOMALY] Price spike detected: EURUSD 2026-07-28 13:25:00 change: -0.0001
2026-07-28 20:41:04,739 | WARNING  | [ANOMALY] Price spike detected: EURGBP-OTC 2026-07-28 09:30:00 change: 0.0008
2026-07-28 20:41:04,739 | WARNING  | [ANOMALY] Price spike detected: EURGBP 2026-07-28 11:30:00 change: -0.0001
2026-07-28 20:41:04,739 | WARNING  | [ANOMALY] Price spike detected: GBPUSD-OTC 2026-07-28 08:25:00 change: -0.0003
2026-07-28 20:41:04,740 | WARNING  | [ANOMALY] Price spike detected: EURUSD 2026-07-28 13:30:00 change: 0.0002
2026-07-28 20:41:04,740 | WARNING  | [ANOMALY] Price spike detected: EURGBP-OTC 2026-07-28 09:35:00 change: -0.0006
2026-07-28 20:41:04,740 | WARNING  | [ANOMALY] Price spike detected: EURGBP 2026-07-28 11:35:00 change: 0.0001
2026-07-28 20:41:04,741 | WARNING  | [ANOMALY] Price spike detected: GBPUSD-OTC 2026-07-28 08:30:00 change: 0.0005
2026-07-28 20:41:04,741 | WARNING  | [ANOMALY] Price spike detected: EURUSD 2026-07-28 13:35:00 change: -0.0001
2026-07-28 20:41:04,741 | WARNING  | [ANOMALY] Price spike detected: EURGBP-OTC 2026-07-28 09:40:00 change: -0.0007
2026-07-28 20:41:04,741 | WARNING  | [ANOMALY] Price spike detected: EURGBP 2026-07-28 11:40:00 change: -0.0001
2026-07-28 20:41:04,742 | WARNING  | [ANOMALY] Price spike detected: GBPUSD-OTC 2026-07-28 08:35:00 change: -0.0002
2026-07-28 20:41:04,744 | WARNING  | [ANOMALY] Price spike detected: EURGBP-OTC 2026-07-28 09:45:00 change: -0.0010
2026-07-28 20:41:04,744 | WARNING  | [ANOMALY] Price spike detected: EURGBP 2026-07-28 11:50:00 change: 0.0002
2026-07-28 20:41:04,744 | WARNING  | [ANOMALY] Price spike detected: GBPUSD-OTC 2026-07-28 08:45:00 change: -0.0013
2026-07-28 20:41:04,745 | WARNING  | [ANOMALY] Price spike detected: EURGBP-OTC 2026-07-28 09:55:00 change: -0.0004
2026-07-28 20:41:04,747 | WARNING  | [ANOMALY] Price spike detected: EURGBP 2026-07-28 12:00:00 change: -0.0004
2026-07-28 20:41:04,747 | WARNING  | [ANOMALY] Price spike detected: GBPUSD-OTC 2026-07-28 08:50:00 change: 0.0003
2026-07-28 20:41:04,748 | WARNING  | [ANOMALY] Price spike detected: EURGBP-OTC 2026-07-28 10:05:00 change: -0.0011
2026-07-28 20:41:04,748 | WARNING  | [ANOMALY] Price spike detected: EURGBP 2026-07-28 12:10:00 change: -0.0001
2026-07-28 20:41:04,750 | WARNING  | [ANOMALY] Price spike detected: GBPUSD-OTC 2026-07-28 08:55:00 change: -0.0006
2026-07-28 20:41:04,755 | WARNING  | [ANOMALY] Total anomalies detected: EURUSD 187
2026-07-28 20:41:04,756 | WARNING  | [ANOMALY] Price spike detected: EURGBP-OTC 2026-07-28 10:15:00 change: -0.0008
2026-07-28 20:41:04,756 | WARNING  | [ANOMALY] Price spike detected: EURGBP 2026-07-28 12:15:00 change: -0.0001
2026-07-28 20:41:04,756 | WARNING  | [ANOMALY] Price spike detected: GBPUSD-OTC 2026-07-28 09:00:00 change: 0.0005
2026-07-28 20:41:04,756 | ERROR    | [ANOMALY] Excessive anomalies threshold exceeded: 1024
2026-07-28 20:41:04,756 | WARNING  | [ANOMALY] Price spike detected: EURGBP-OTC 2026-07-28 10:20:00 change: -0.0005
2026-07-28 20:41:04,757 | WARNING  | [ANOMALY] Price spike detected: EURGBP 2026-07-28 12:20:00 change: -0.0001
2026-07-28 20:41:04,757 | WARNING  | [ANOMALY] Price spike detected: GBPUSD-OTC 2026-07-28 09:05:00 change: -0.0008
2026-07-28 20:41:04,757 | INFO     | [DataAdapter] M5 anomaly detection completed for EURUSD
2026-07-28 20:41:04,757 | WARNING  | [ANOMALY] Price spike detected: EURGBP-OTC 2026-07-28 10:25:00 change: -0.0007
2026-07-28 20:41:04,757 | WARNING  | [ANOMALY] Price spike detected: EURGBP 2026-07-28 12:30:00 change: -0.0002
2026-07-28 20:41:04,757 | WARNING  | [ANOMALY] Price spike detected: GBPUSD-OTC 2026-07-28 09:10:00 change: -0.0007
2026-07-28 20:41:04,763 | WARNING  | [ANOMALY] Price spike detected: EURGBP-OTC 2026-07-28 10:30:00 change: -0.0006
2026-07-28 20:41:04,767 | WARNING  | [ANOMALY] Price spike detected: EURGBP 2026-07-28 12:35:00 change: -0.0001
2026-07-28 20:41:04,767 | WARNING  | [ANOMALY] Price spike detected: GBPUSD-OTC 2026-07-28 09:20:00 change: 0.0004
2026-07-28 20:41:04,767 | WARNING  | [ANOMALY] Price spike detected: EURGBP-OTC 2026-07-28 10:35:00 change: 0.0004
2026-07-28 20:41:04,767 | WARNING  | [ANOMALY] Price spike detected: EURGBP 2026-07-28 12:40:00 change: -0.0001
2026-07-28 20:41:04,767 | INFO     | [CSVQueue] Enqueuing write for data_base/csv/iq_option\EURUSD\EURUSD_M5.csv - Queue size: 0
2026-07-28 20:41:04,767 | WARNING  | [ANOMALY] Price spike detected: GBPUSD-OTC 2026-07-28 09:25:00 change: 0.0002
2026-07-28 20:41:04,767 | WARNING  | [ANOMALY] Price spike detected: EURGBP-OTC 2026-07-28 10:45:00 change: 0.0005
2026-07-28 20:41:04,767 | WARNING  | [ANOMALY] Price spike detected: EURGBP 2026-07-28 12:45:00 change: -0.0001
2026-07-28 20:41:04,768 | INFO     | [DataAdapter] M5 data refresh completed for EURUSD
2026-07-28 20:41:04,768 | INFO     | [CSVQueue] Processing write for data_base/csv/iq_option\EURUSD\EURUSD_M5.csv
2026-07-28 20:41:04,768 | WARNING  | [ANOMALY] Price spike detected: GBPUSD-OTC 2026-07-28 09:30:00 change: -0.0004
2026-07-28 20:41:04,768 | WARNING  | [ANOMALY] Price spike detected: EURGBP-OTC 2026-07-28 10:50:00 change: -0.0007
2026-07-28 20:41:04,769 | WARNING  | [ANOMALY] Price spike detected: EURGBP 2026-07-28 12:55:00 change: -0.0001
2026-07-28 20:41:04,769 | INFO     | [DataAdapter] Refreshing M15 data for EURUSD
2026-07-28 20:41:04,769 | WARNING  | [ANOMALY] Price spike detected: GBPUSD-OTC 2026-07-28 09:35:00 change: -0.0016
2026-07-28 20:41:04,769 | WARNING  | [ANOMALY] Price spike detected: EURGBP-OTC 2026-07-28 10:55:00 change: -0.0011
2026-07-28 20:41:04,769 | INFO     | [CSVWriter] Writing 249 rows to data_base/csv/iq_option\EURUSD\EURUSD_M5.csv
2026-07-28 20:41:04,769 | WARNING  | [ANOMALY] Price spike detected: EURGBP 2026-07-28 13:00:00 change: 0.0001
2026-07-28 20:41:04,771 | WARNING  | [ANOMALY] Price spike detected: GBPUSD-OTC 2026-07-28 09:45:00 change: 0.0007
2026-07-28 20:41:04,774 | WARNING  | [ANOMALY] Price spike detected: EURUSD 2026-07-28 02:30:00 change: 0.0001
2026-07-28 20:41:04,774 | WARNING  | [ANOMALY] Price spike detected: EURGBP-OTC 2026-07-28 11:00:00 change: -0.0003
2026-07-28 20:41:04,777 | WARNING  | [ANOMALY] Price spike detected: EURGBP 2026-07-28 13:10:00 change: 0.0001
2026-07-28 20:41:04,778 | WARNING  | [ANOMALY] Price spike detected: GBPUSD-OTC 2026-07-28 09:50:00 change: -0.0005
2026-07-28 20:41:04,778 | WARNING  | [ANOMALY] Price spike detected: EURUSD 2026-07-28 02:45:00 change: 0.0003
2026-07-28 20:41:04,778 | WARNING  | [ANOMALY] Price spike detected: EURGBP-OTC 2026-07-28 11:05:00 change: -0.0008
2026-07-28 20:41:04,779 | WARNING  | [ANOMALY] Price spike detected: EURGBP 2026-07-28 13:15:00 change: 0.0002
2026-07-28 20:41:04,779 | WARNING  | [ANOMALY] Price spike detected: GBPUSD-OTC 2026-07-28 09:55:00 change: 0.0007
2026-07-28 20:41:04,779 | WARNING  | [ANOMALY] Price spike detected: EURUSD 2026-07-28 03:00:00 change: -0.0001
2026-07-28 20:41:04,779 | WARNING  | [ANOMALY] Price spike detected: EURGBP-OTC 2026-07-28 11:10:00 change: 0.0006
2026-07-28 20:41:04,780 | WARNING  | [ANOMALY] Price spike detected: EURGBP 2026-07-28 13:20:00 change: -0.0001
2026-07-28 20:41:04,780 | WARNING  | [ANOMALY] Price spike detected: GBPUSD-OTC 2026-07-28 10:00:00 change: -0.0004
2026-07-28 20:41:04,781 | WARNING  | [ANOMALY] Price spike detected: EURUSD 2026-07-28 03:15:00 change: 0.0002
2026-07-28 20:41:04,781 | WARNING  | [ANOMALY] Price spike detected: EURGBP-OTC 2026-07-28 11:15:00 change: -0.0007
2026-07-28 20:41:04,788 | WARNING  | [ANOMALY] Price spike detected: EURGBP-OTC 2026-07-28 11:20:00 change: 0.0007
2026-07-28 20:41:04,785 | WARNING  | [ANOMALY] Price spike detected: EURGBP 2026-07-28 13:30:00 change: 0.0000
2026-07-28 20:41:04,787 | WARNING  | [ANOMALY] Price spike detected: EURUSD 2026-07-28 03:30:00 change: -0.0001
2026-07-28 20:41:04,787 | WARNING  | [ANOMALY] Price spike detected: GBPUSD-OTC 2026-07-28 10:05:00 change: -0.0004
2026-07-28 20:41:04,788 | WARNING  | [ANOMALY] Price spike detected: EURGBP-OTC 2026-07-28 11:25:00 change: 0.0003
2026-07-28 20:41:04,788 | WARNING  | [ANOMALY] Price spike detected: EURGBP 2026-07-28 13:35:00 change: 0.0001
2026-07-28 20:41:04,792 | WARNING  | [ANOMALY] Price spike detected: EURUSD 2026-07-28 03:45:00 change: -0.0001
2026-07-28 20:41:04,794 | WARNING  | [ANOMALY] Price spike detected: GBPUSD-OTC 2026-07-28 10:10:00 change: 0.0010
2026-07-28 20:41:04,794 | WARNING  | [ANOMALY] Price spike detected: EURGBP-OTC 2026-07-28 11:30:00 change: -0.0004
2026-07-28 20:41:04,796 | INFO     | [CSVWriter] Successfully wrote 250 rows to data_base/csv/iq_option\EURUSD\EURUSD_M5.csv
2026-07-28 20:41:04,797 | WARNING  | [ANOMALY] Price spike detected: EURUSD 2026-07-28 04:00:00 change: -0.0003
2026-07-28 20:41:04,798 | WARNING  | [ANOMALY] Price spike detected: EURUSD 2026-07-28 04:45:00 change: -0.0002
2026-07-28 20:41:04,797 | WARNING  | [ANOMALY] Price spike detected: EURGBP-OTC 2026-07-28 11:35:00 change: 0.0005
2026-07-28 20:41:04,798 | INFO     | [CSVQueue] Successfully processed write for data_base/csv/iq_option\EURUSD\EURUSD_M5.csv
2026-07-28 20:41:04,797 | WARNING  | [ANOMALY] Price spike detected: GBPUSD-OTC 2026-07-28 10:15:00 change: -0.0006
2026-07-28 20:41:04,798 | WARNING  | [ANOMALY] Price spike detected: EURUSD 2026-07-28 05:00:00 change: -0.0006
2026-07-28 20:41:04,799 | WARNING  | [ANOMALY] Price spike detected: EURGBP-OTC 2026-07-28 11:45:00 change: -0.0002
2026-07-28 20:41:04,802 | INFO     | [CSVQueue] Queue size: 0
2026-07-28 20:41:04,803 | WARNING  | [ANOMALY] Price spike detected: GBPUSD-OTC 2026-07-28 10:20:00 change: -0.0004
2026-07-28 20:41:04,803 | WARNING  | [ANOMALY] Price spike detected: EURUSD 2026-07-28 05:15:00 change: 0.0003
2026-07-28 20:41:04,804 | WARNING  | [ANOMALY] Price spike detected: EURGBP-OTC 2026-07-28 11:50:00 change: -0.0005
2026-07-28 20:41:04,813 | WARNING  | [ANOMALY] Total anomalies detected: EURGBP 173
2026-07-28 20:41:04,814 | ERROR    | [ANOMALY] Excessive anomalies threshold exceeded: 1060
2026-07-28 20:41:04,814 | WARNING  | [ANOMALY] Price spike detected: EURUSD 2026-07-28 06:00:00 change: 0.0001
2026-07-28 20:41:04,814 | WARNING  | [ANOMALY] Price spike detected: EURGBP-OTC 2026-07-28 11:55:00 change: -0.0005
2026-07-28 20:41:04,813 | WARNING  | [ANOMALY] Price spike detected: GBPUSD-OTC 2026-07-28 10:25:00 change: -0.0007
2026-07-28 20:41:04,814 | INFO     | [DataAdapter] M5 anomaly detection completed for EURGBP
2026-07-28 20:41:04,815 | WARNING  | [ANOMALY] Price spike detected: EURUSD 2026-07-28 06:15:00 change: 0.0003
2026-07-28 20:41:04,815 | WARNING  | [ANOMALY] Price spike detected: EURGBP-OTC 2026-07-28 12:00:00 change: -0.0010
2026-07-28 20:41:04,815 | WARNING  | [ANOMALY] Price spike detected: GBPUSD-OTC 2026-07-28 10:30:00 change: -0.0008
2026-07-28 20:41:04,821 | WARNING  | [ANOMALY] Price spike detected: EURUSD 2026-07-28 06:30:00 change: -0.0001
2026-07-28 20:41:04,821 | WARNING  | [ANOMALY] Price spike detected: EURGBP-OTC 2026-07-28 12:10:00 change: 0.0004
2026-07-28 20:41:04,822 | WARNING  | [ANOMALY] Price spike detected: GBPUSD-OTC 2026-07-28 10:35:00 change: 0.0002
2026-07-28 20:41:04,822 | WARNING  | [ANOMALY] Price spike detected: EURUSD 2026-07-28 06:45:00 change: -0.0001
2026-07-28 20:41:04,822 | INFO     | [CSVQueue] Enqueuing write for data_base/csv/iq_option\EURGBP\EURGBP_M5.csv - Queue size: 0
2026-07-28 20:41:04,822 | WARNING  | [ANOMALY] Price spike detected: EURGBP-OTC 2026-07-28 12:15:00 change: 0.0003
2026-07-28 20:41:04,822 | WARNING  | [ANOMALY] Price spike detected: GBPUSD-OTC 2026-07-28 10:40:00 change: 0.0004
2026-07-28 20:41:04,822 | WARNING  | [ANOMALY] Price spike detected: EURUSD 2026-07-28 07:00:00 change: 0.0004
2026-07-28 20:41:04,823 | INFO     | [DataAdapter] M5 data refresh completed for EURGBP
2026-07-28 20:41:04,823 | INFO     | [CSVQueue] Processing write for data_base/csv/iq_option\EURGBP\EURGBP_M5.csv
2026-07-28 20:41:04,823 | WARNING  | [ANOMALY] Price spike detected: EURGBP-OTC 2026-07-28 12:20:00 change: 0.0002
2026-07-28 20:41:04,824 | WARNING  | [ANOMALY] Price spike detected: GBPUSD-OTC 2026-07-28 10:45:00 change: -0.0004
2026-07-28 20:41:04,824 | WARNING  | [ANOMALY] Price spike detected: EURUSD 2026-07-28 07:15:00 change: -0.0003
2026-07-28 20:41:04,824 | INFO     | [DataAdapter] Refreshing M15 data for EURGBP
2026-07-28 20:41:04,824 | WARNING  | [ANOMALY] Price spike detected: EURGBP-OTC 2026-07-28 12:25:00 change: 0.0003
2026-07-28 20:41:04,824 | INFO     | [CSVWriter] Writing 249 rows to data_base/csv/iq_option\EURGBP\EURGBP_M5.csv
2026-07-28 20:41:04,824 | WARNING  | [ANOMALY] Price spike detected: GBPUSD-OTC 2026-07-28 10:50:00 change: 0.0003
2026-07-28 20:41:04,825 | WARNING  | [ANOMALY] Price spike detected: EURUSD 2026-07-28 07:30:00 change: -0.0001
2026-07-28 20:41:04,827 | WARNING  | [ANOMALY] Price spike detected: EURGBP 2026-07-28 02:45:00 change: 0.0001
2026-07-28 20:41:04,827 | WARNING  | [ANOMALY] Price spike detected: EURGBP-OTC 2026-07-28 12:30:00 change: 0.0002
2026-07-28 20:41:04,830 | WARNING  | [ANOMALY] Price spike detected: GBPUSD-OTC 2026-07-28 10:55:00 change: -0.0008
2026-07-28 20:41:04,830 | WARNING  | [ANOMALY] Price spike detected: EURUSD 2026-07-28 07:45:00 change: -0.0004
2026-07-28 20:41:04,830 | WARNING  | [ANOMALY] Price spike detected: EURGBP 2026-07-28 03:00:00 change: -0.0001
2026-07-28 20:41:04,830 | WARNING  | [ANOMALY] Price spike detected: EURGBP-OTC 2026-07-28 12:40:00 change: -0.0003
2026-07-28 20:41:04,830 | WARNING  | [ANOMALY] Price spike detected: GBPUSD-OTC 2026-07-28 11:00:00 change: -0.0002
2026-07-28 20:41:04,830 | WARNING  | [ANOMALY] Price spike detected: EURUSD 2026-07-28 08:00:00 change: 0.0003
2026-07-28 20:41:04,831 | WARNING  | [ANOMALY] Price spike detected: EURGBP 2026-07-28 03:15:00 change: -0.0001
2026-07-28 20:41:04,831 | WARNING  | [ANOMALY] Price spike detected: EURGBP-OTC 2026-07-28 12:55:00 change: -0.0006
2026-07-28 20:41:04,831 | WARNING  | [ANOMALY] Price spike detected: GBPUSD-OTC 2026-07-28 11:05:00 change: -0.0005
2026-07-28 20:41:04,834 | WARNING  | [ANOMALY] Price spike detected: EURUSD 2026-07-28 08:15:00 change: 0.0002
2026-07-28 20:41:04,835 | WARNING  | [ANOMALY] Price spike detected: EURGBP 2026-07-28 03:30:00 change: -0.0001
2026-07-28 20:41:04,835 | WARNING  | [ANOMALY] Price spike detected: EURGBP-OTC 2026-07-28 13:05:00 change: 0.0013
2026-07-28 20:41:04,835 | WARNING  | [ANOMALY] Price spike detected: GBPUSD-OTC 2026-07-28 11:10:00 change: -0.0018
2026-07-28 20:41:04,837 | WARNING  | [ANOMALY] Price spike detected: EURUSD 2026-07-28 08:30:00 change: 0.0001
2026-07-28 20:41:04,838 | WARNING  | [ANOMALY] Price spike detected: EURGBP 2026-07-28 03:45:00 change: 0.0001
2026-07-28 20:41:04,839 | WARNING  | [ANOMALY] Price spike detected: EURGBP-OTC 2026-07-28 13:10:00 change: -0.0002
2026-07-28 20:41:04,839 | WARNING  | [ANOMALY] Price spike detected: GBPUSD-OTC 2026-07-28 11:20:00 change: -0.0008
2026-07-28 20:41:04,839 | WARNING  | [ANOMALY] Price spike detected: EURUSD 2026-07-28 08:45:00 change: 0.0001
2026-07-28 20:41:04,839 | WARNING  | [ANOMALY] Price spike detected: EURGBP 2026-07-28 04:00:00 change: 0.0000
2026-07-28 20:41:04,839 | WARNING  | [ANOMALY] Price spike detected: EURGBP-OTC 2026-07-28 13:15:00 change: -0.0003
2026-07-28 20:41:04,840 | INFO     | [CSVWriter] Successfully wrote 250 rows to data_base/csv/iq_option\EURGBP\EURGBP_M5.csv
2026-07-28 20:41:04,840 | WARNING  | [ANOMALY] Price spike detected: GBPUSD-OTC 2026-07-28 11:30:00 change: -0.0002
2026-07-28 20:41:04,840 | WARNING  | [ANOMALY] Price spike detected: EURUSD 2026-07-28 09:00:00 change: -0.0005
2026-07-28 20:41:04,841 | WARNING  | [ANOMALY] Price spike detected: EURGBP 2026-07-28 04:15:00 change: -0.0001
2026-07-28 20:41:04,841 | WARNING  | [ANOMALY] Price spike detected: EURGBP-OTC 2026-07-28 13:20:00 change: -0.0002
2026-07-28 20:41:04,841 | INFO     | [CSVQueue] Successfully processed write for data_base/csv/iq_option\EURGBP\EURGBP_M5.csv
2026-07-28 20:41:04,841 | WARNING  | [ANOMALY] Price spike detected: GBPUSD-OTC 2026-07-28 11:35:00 change: 0.0011
2026-07-28 20:41:04,842 | WARNING  | [ANOMALY] Price spike detected: EURUSD 2026-07-28 09:15:00 change: -0.0001
2026-07-28 20:41:04,842 | WARNING  | [ANOMALY] Price spike detected: EURGBP 2026-07-28 04:45:00 change: -0.0002
2026-07-28 20:41:04,842 | WARNING  | [ANOMALY] Price spike detected: EURGBP-OTC 2026-07-28 13:35:00 change: 0.0003
2026-07-28 20:41:04,842 | INFO     | [CSVQueue] Queue size: 0
2026-07-28 20:41:04,842 | WARNING  | [ANOMALY] Price spike detected: GBPUSD-OTC 2026-07-28 11:40:00 change: 0.0003
2026-07-28 20:41:04,842 | WARNING  | [ANOMALY] Price spike detected: EURUSD 2026-07-28 09:30:00 change: -0.0003
2026-07-28 20:41:04,843 | WARNING  | [ANOMALY] Price spike detected: EURGBP 2026-07-28 05:00:00 change: -0.0001
2026-07-28 20:41:04,845 | WARNING  | [ANOMALY] Price spike detected: GBPUSD-OTC 2026-07-28 11:45:00 change: -0.0006
2026-07-28 20:41:04,845 | WARNING  | [ANOMALY] Price spike detected: EURUSD 2026-07-28 09:45:00 change: -0.0005
2026-07-28 20:41:04,847 | WARNING  | [ANOMALY] Price spike detected: EURGBP 2026-07-28 05:15:00 change: 0.0001
2026-07-28 20:41:04,847 | WARNING  | [ANOMALY] Price spike detected: GBPUSD-OTC 2026-07-28 11:50:00 change: 0.0007
2026-07-28 20:41:04,847 | WARNING  | [ANOMALY] Price spike detected: EURUSD 2026-07-28 10:30:00 change: 0.0001
2026-07-28 20:41:04,848 | WARNING  | [ANOMALY] Price spike detected: EURGBP 2026-07-28 05:30:00 change: 0.0001
2026-07-28 20:41:04,854 | WARNING  | [ANOMALY] Total anomalies detected: EURGBP-OTC 186
2026-07-28 20:41:04,855 | WARNING  | [ANOMALY] Price spike detected: GBPUSD-OTC 2026-07-28 11:55:00 change: 0.0005
2026-07-28 20:41:04,855 | WARNING  | [ANOMALY] Price spike detected: EURUSD 2026-07-28 10:45:00 change: 0.0003
2026-07-28 20:41:04,855 | WARNING  | [ANOMALY] Price spike detected: EURGBP 2026-07-28 05:45:00 change: 0.0002
2026-07-28 20:41:04,855 | ERROR    | [ANOMALY] Excessive anomalies threshold exceeded: 1097
2026-07-28 20:41:04,855 | WARNING  | [ANOMALY] Price spike detected: GBPUSD-OTC 2026-07-28 12:10:00 change: -0.0012
2026-07-28 20:41:04,856 | WARNING  | [ANOMALY] Price spike detected: EURUSD 2026-07-28 11:00:00 change: -0.0002
2026-07-28 20:41:04,856 | WARNING  | [ANOMALY] Price spike detected: EURGBP 2026-07-28 06:00:00 change: -0.0001
2026-07-28 20:41:04,856 | INFO     | [DataAdapter] M5 anomaly detection completed for EURGBP-OTC
2026-07-28 20:41:04,856 | WARNING  | [ANOMALY] Price spike detected: GBPUSD-OTC 2026-07-28 12:15:00 change: 0.0008
2026-07-28 20:41:04,856 | WARNING  | [ANOMALY] Price spike detected: EURUSD 2026-07-28 11:15:00 change: 0.0006
2026-07-28 20:41:04,856 | WARNING  | [ANOMALY] Price spike detected: EURGBP 2026-07-28 06:15:00 change: -0.0001
2026-07-28 20:41:04,862 | WARNING  | [ANOMALY] Price spike detected: GBPUSD-OTC 2026-07-28 12:20:00 change: 0.0005
2026-07-28 20:41:04,862 | WARNING  | [ANOMALY] Price spike detected: EURUSD 2026-07-28 11:30:00 change: -0.0002
2026-07-28 20:41:04,862 | WARNING  | [ANOMALY] Price spike detected: EURGBP 2026-07-28 06:45:00 change: -0.0004
2026-07-28 20:41:04,863 | WARNING  | [ANOMALY] Price spike detected: GBPUSD-OTC 2026-07-28 12:25:00 change: -0.0004
2026-07-28 20:41:04,863 | INFO     | [CSVQueue] Enqueuing write for data_base/csv/iq_option\EURGBP-OTC\EURGBP-OTC_M5.csv - Queue size: 0
2026-07-28 20:41:04,863 | WARNING  | [ANOMALY] Price spike detected: EURUSD 2026-07-28 11:45:00 change: 0.0002
2026-07-28 20:41:04,863 | WARNING  | [ANOMALY] Price spike detected: EURGBP 2026-07-28 07:00:00 change: 0.0001
2026-07-28 20:41:04,864 | WARNING  | [ANOMALY] Price spike detected: GBPUSD-OTC 2026-07-28 12:35:00 change: 0.0004
2026-07-28 20:41:04,864 | INFO     | [DataAdapter] M5 data refresh completed for EURGBP-OTC
2026-07-28 20:41:04,864 | INFO     | [CSVQueue] Processing write for data_base/csv/iq_option\EURGBP-OTC\EURGBP-OTC_M5.csv
2026-07-28 20:41:04,865 | WARNING  | [ANOMALY] Price spike detected: EURUSD 2026-07-28 12:15:00 change: -0.0002
2026-07-28 20:41:04,865 | WARNING  | [ANOMALY] Price spike detected: EURGBP 2026-07-28 07:15:00 change: -0.0004
2026-07-28 20:41:04,865 | WARNING  | [ANOMALY] Price spike detected: GBPUSD-OTC 2026-07-28 12:40:00 change: 0.0004
2026-07-28 20:41:04,865 | INFO     | [DataAdapter] Refreshing M15 data for EURGBP-OTC
2026-07-28 20:41:04,866 | WARNING  | [ANOMALY] Price spike detected: EURUSD 2026-07-28 12:30:00 change: 0.0002
2026-07-28 20:41:04,866 | WARNING  | [ANOMALY] Price spike detected: EURGBP 2026-07-28 07:30:00 change: 0.0003
2026-07-28 20:41:04,866 | INFO     | [CSVWriter] Writing 249 rows to data_base/csv/iq_option\EURGBP-OTC\EURGBP-OTC_M5.csv
2026-07-28 20:41:04,866 | WARNING  | [ANOMALY] Price spike detected: GBPUSD-OTC 2026-07-28 12:45:00 change: -0.0012
2026-07-28 20:41:04,869 | WARNING  | [ANOMALY] Price spike detected: EURGBP-OTC 2026-07-28 02:30:00 change: -0.0007
2026-07-28 20:41:04,869 | WARNING  | [ANOMALY] Price spike detected: EURUSD 2026-07-28 12:45:00 change: 0.0001
2026-07-28 20:41:04,869 | WARNING  | [ANOMALY] Price spike detected: EURGBP 2026-07-28 07:45:00 change: 0.0001
2026-07-28 20:41:04,873 | WARNING  | [ANOMALY] Price spike detected: GBPUSD-OTC 2026-07-28 12:50:00 change: -0.0013
2026-07-28 20:41:04,873 | WARNING  | [ANOMALY] Price spike detected: EURGBP-OTC 2026-07-28 02:45:00 change: -0.0002
2026-07-28 20:41:04,874 | WARNING  | [ANOMALY] Price spike detected: EURUSD 2026-07-28 13:00:00 change: 0.0001
2026-07-28 20:41:04,874 | WARNING  | [ANOMALY] Price spike detected: EURGBP 2026-07-28 08:00:00 change: -0.0003
2026-07-28 20:41:04,874 | WARNING  | [ANOMALY] Price spike detected: GBPUSD-OTC 2026-07-28 13:00:00 change: 0.0011
2026-07-28 20:41:04,875 | WARNING  | [ANOMALY] Price spike detected: EURGBP-OTC 2026-07-28 03:00:00 change: -0.0003
2026-07-28 20:41:04,877 | WARNING  | [ANOMALY] Price spike detected: EURGBP 2026-07-28 08:30:00 change: 0.0002
2026-07-28 20:41:04,878 | WARNING  | [ANOMALY] Price spike detected: GBPUSD-OTC 2026-07-28 13:05:00 change: 0.0006
2026-07-28 20:41:04,878 | WARNING  | [ANOMALY] Price spike detected: EURGBP-OTC 2026-07-28 03:15:00 change: -0.0012
2026-07-28 20:41:04,879 | WARNING  | [ANOMALY] Price spike detected: EURGBP 2026-07-28 08:45:00 change: -0.0001
2026-07-28 20:41:04,879 | WARNING  | [ANOMALY] Price spike detected: GBPUSD-OTC 2026-07-28 13:15:00 change: 0.0006
2026-07-28 20:41:04,889 | WARNING  | [ANOMALY] Price spike detected: EURGBP-OTC 2026-07-28 03:45:00 change: 0.0011
2026-07-28 20:41:04,892 | WARNING  | [ANOMALY] Total anomalies detected: EURUSD 36
2026-07-28 20:41:04,893 | WARNING  | [ANOMALY] Price spike detected: EURGBP 2026-07-28 09:00:00 change: 0.0001
2026-07-28 20:41:04,894 | WARNING  | [ANOMALY] Price spike detected: GBPUSD-OTC 2026-07-28 13:20:00 change: 0.0006
2026-07-28 20:41:04,899 | WARNING  | [ANOMALY] Price spike detected: GBPUSD-OTC 2026-07-28 13:25:00 change: -0.0006
2026-07-28 20:41:04,899 | ERROR    | [ANOMALY] Excessive anomalies threshold exceeded: 1130
2026-07-28 20:41:04,899 | WARNING  | [ANOMALY] Price spike detected: EURGBP 2026-07-28 09:45:00 change: 0.0001
2026-07-28 20:41:04,899 | WARNING  | [ANOMALY] Price spike detected: GBPUSD-OTC 2026-07-28 13:30:00 change: 0.0005
2026-07-28 20:41:04,898 | WARNING  | [ANOMALY] Price spike detected: EURGBP-OTC 2026-07-28 04:15:00 change: -0.0022
2026-07-28 20:41:04,900 | INFO     | [DataAdapter] M15 anomaly detection completed for EURUSD
2026-07-28 20:41:04,900 | INFO     | [CSVWriter] Successfully wrote 250 rows to data_base/csv/iq_option\EURGBP-OTC\EURGBP-OTC_M5.csv
2026-07-28 20:41:04,900 | WARNING  | [ANOMALY] Price spike detected: EURGBP 2026-07-28 10:00:00 change: 0.0003
2026-07-28 20:41:04,900 | WARNING  | [ANOMALY] Price spike detected: GBPUSD-OTC 2026-07-28 13:35:00 change: 0.0011
2026-07-28 20:41:04,901 | WARNING  | [ANOMALY] Price spike detected: EURGBP-OTC 2026-07-28 04:30:00 change: -0.0011
2026-07-28 20:41:04,901 | INFO     | [DataAdapter] M15 data refresh completed for EURUSD
2026-07-28 20:41:04,901 | INFO     | [CSVQueue] Successfully processed write for data_base/csv/iq_option\EURGBP-OTC\EURGBP-OTC_M5.csv
2026-07-28 20:41:04,901 | WARNING  | [ANOMALY] Price spike detected: EURGBP 2026-07-28 10:15:00 change: -0.0001
2026-07-28 20:41:04,903 | WARNING  | [ANOMALY] Price spike detected: EURGBP-OTC 2026-07-28 04:45:00 change: 0.0004
2026-07-28 20:41:04,904 | INFO     | [DataAdapter] Anomaly statistics for EURUSD: {'total_calls': 4, 'response_times': [0.8506951332092285, 0.8873805999755859, 0.5448267459869385, 0.878870964050293], 'spike_count': 1130, 'zero_volume_count': 0, 'impossible_candle_count': 0, 'consecutive_anomalies': 1130, 'avg_response_time': np.float64(0.7904433608055115), 'max_response_time': np.float64(0.8873805999755859), 'min_response_time': np.float64(0.5448267459869385)}
2026-07-28 20:41:04,904 | INFO     | [CSVQueue] Queue size: 0
2026-07-28 20:41:04,905 | WARNING  | [ANOMALY] Price spike detected: EURGBP 2026-07-28 10:30:00 change: 0.0001
2026-07-28 20:41:04,906 | WARNING  | [ANOMALY] Price spike detected: EURGBP-OTC 2026-07-28 05:00:00 change: 0.0009
2026-07-28 20:41:04,919 | WARNING  | [ANOMALY] Price spike detected: EURGBP 2026-07-28 10:45:00 change: 0.0001
2026-07-28 20:41:04,920 | WARNING  | [ANOMALY] Total anomalies detected: GBPUSD-OTC 198
2026-07-28 20:41:04,920 | WARNING  | [ANOMALY] Price spike detected: EURGBP-OTC 2026-07-28 05:30:00 change: 0.0008
2026-07-28 20:41:04,921 | WARNING  | [ANOMALY] Price spike detected: EURGBP 2026-07-28 11:00:00 change: 0.0001
2026-07-28 20:41:04,921 | ERROR    | [ANOMALY] Excessive anomalies threshold exceeded: 1130
2026-07-28 20:41:04,921 | WARNING  | [ANOMALY] Price spike detected: EURGBP-OTC 2026-07-28 05:45:00 change: 0.0016
2026-07-28 20:41:04,921 | WARNING  | [ANOMALY] Price spike detected: EURGBP 2026-07-28 11:15:00 change: 0.0002
2026-07-28 20:41:04,921 | INFO     | [DataAdapter] M5 anomaly detection completed for GBPUSD-OTC
2026-07-28 20:41:04,921 | WARNING  | [ANOMALY] Price spike detected: EURGBP-OTC 2026-07-28 06:00:00 change: -0.0005
2026-07-28 20:41:04,922 | WARNING  | [ANOMALY] Price spike detected: EURGBP 2026-07-28 11:30:00 change: -0.0001
2026-07-28 20:41:04,929 | WARNING  | [ANOMALY] Price spike detected: EURGBP-OTC 2026-07-28 06:30:00 change: 0.0005
2026-07-28 20:41:04,929 | WARNING  | [ANOMALY] Price spike detected: EURGBP 2026-07-28 11:45:00 change: 0.0002
2026-07-28 20:41:04,929 | WARNING  | [ANOMALY] Price spike detected: EURGBP-OTC 2026-07-28 07:00:00 change: -0.0009
2026-07-28 20:41:04,930 | WARNING  | [ANOMALY] Price spike detected: EURGBP 2026-07-28 12:00:00 change: -0.0005
2026-07-28 20:41:04,930 | INFO     | [CSVQueue] Enqueuing write for data_base/csv/iq_option\GBPUSD-OTC\GBPUSD-OTC_M5.csv - Queue size: 0
2026-07-28 20:41:04,930 | WARNING  | [ANOMALY] Price spike detected: EURGBP-OTC 2026-07-28 07:15:00 change: 0.0003
2026-07-28 20:41:04,930 | WARNING  | [ANOMALY] Price spike detected: EURGBP 2026-07-28 12:15:00 change: -0.0002
2026-07-28 20:41:04,931 | INFO     | [DataAdapter] M5 data refresh completed for GBPUSD-OTC
2026-07-28 20:41:04,931 | INFO     | [CSVQueue] Processing write for data_base/csv/iq_option\GBPUSD-OTC\GBPUSD-OTC_M5.csv
2026-07-28 20:41:04,931 | WARNING  | [ANOMALY] Price spike detected: EURGBP-OTC 2026-07-28 07:30:00 change: -0.0007
2026-07-28 20:41:04,931 | WARNING  | [ANOMALY] Price spike detected: EURGBP 2026-07-28 12:30:00 change: -0.0005
2026-07-28 20:41:04,931 | INFO     | [DataAdapter] Refreshing M15 data for GBPUSD-OTC
2026-07-28 20:41:04,931 | WARNING  | [ANOMALY] Price spike detected: EURGBP-OTC 2026-07-28 08:15:00 change: 0.0010
2026-07-28 20:41:04,932 | WARNING  | [ANOMALY] Price spike detected: EURGBP 2026-07-28 12:45:00 change: -0.0002
2026-07-28 20:41:04,932 | INFO     | [CSVWriter] Writing 249 rows to data_base/csv/iq_option\GBPUSD-OTC\GBPUSD-OTC_M5.csv
2026-07-28 20:41:04,934 | WARNING  | [ANOMALY] Price spike detected: GBPUSD-OTC 2026-07-28 02:30:00 change: -0.0011
2026-07-28 20:41:04,934 | WARNING  | [ANOMALY] Price spike detected: EURGBP-OTC 2026-07-28 08:30:00 change: -0.0011
2026-07-28 20:41:04,934 | WARNING  | [ANOMALY] Price spike detected: EURGBP 2026-07-28 13:00:00 change: 0.0002
2026-07-28 20:41:04,938 | WARNING  | [ANOMALY] Price spike detected: GBPUSD-OTC 2026-07-28 02:45:00 change: -0.0016
2026-07-28 20:41:04,938 | WARNING  | [ANOMALY] Price spike detected: EURGBP-OTC 2026-07-28 09:00:00 change: 0.0020
2026-07-28 20:41:04,939 | WARNING  | [ANOMALY] Price spike detected: GBPUSD-OTC 2026-07-28 03:00:00 change: -0.0006
2026-07-28 20:41:04,940 | WARNING  | [ANOMALY] Price spike detected: EURGBP-OTC 2026-07-28 09:15:00 change: 0.0011
2026-07-28 20:41:04,941 | WARNING  | [ANOMALY] Price spike detected: GBPUSD-OTC 2026-07-28 03:45:00 change: -0.0005
2026-07-28 20:41:04,944 | WARNING  | [ANOMALY] Price spike detected: EURGBP-OTC 2026-07-28 09:30:00 change: -0.0005
2026-07-28 20:41:04,948 | WARNING  | [ANOMALY] Total anomalies detected: EURGBP 37
2026-07-28 20:41:04,948 | WARNING  | [ANOMALY] Price spike detected: GBPUSD-OTC 2026-07-28 04:15:00 change: 0.0015
2026-07-28 20:41:04,950 | WARNING  | [ANOMALY] Price spike detected: EURGBP-OTC 2026-07-28 09:45:00 change: -0.0014
2026-07-28 20:41:04,952 | ERROR    | [ANOMALY] Excessive anomalies threshold exceeded: 1168
2026-07-28 20:41:04,952 | WARNING  | [ANOMALY] Price spike detected: GBPUSD-OTC 2026-07-28 04:30:00 change: 0.0011
2026-07-28 20:41:04,952 | WARNING  | [ANOMALY] Price spike detected: EURGBP-OTC 2026-07-28 10:00:00 change: -0.0011
2026-07-28 20:41:04,955 | INFO     | [DataAdapter] M15 anomaly detection completed for EURGBP
2026-07-28 20:41:04,955 | WARNING  | [ANOMALY] Price spike detected: GBPUSD-OTC 2026-07-28 04:45:00 change: 0.0025
2026-07-28 20:41:04,955 | WARNING  | [ANOMALY] Price spike detected: EURGBP-OTC 2026-07-28 10:15:00 change: -0.0021
2026-07-28 20:41:04,956 | INFO     | [DataAdapter] M15 data refresh completed for EURGBP
2026-07-28 20:41:04,956 | WARNING  | [ANOMALY] Price spike detected: GBPUSD-OTC 2026-07-28 05:15:00 change: -0.0009
2026-07-28 20:41:04,956 | WARNING  | [ANOMALY] Price spike detected: EURGBP-OTC 2026-07-28 10:45:00 change: -0.0013
2026-07-28 20:41:04,957 | INFO     | [DataAdapter] Anomaly statistics for EURGBP: {'total_calls': 4, 'response_times': [0.8506951332092285, 0.8873805999755859, 0.5448267459869385, 0.878870964050293], 'spike_count': 1168, 'zero_volume_count': 0, 'impossible_candle_count': 0, 'consecutive_anomalies': 1168, 'avg_response_time': np.float64(0.7904433608055115), 'max_response_time': np.float64(0.8873805999755859), 'min_response_time': np.float64(0.5448267459869385)}
2026-07-28 20:41:04,957 | INFO     | [CSVWriter] Successfully wrote 250 rows to data_base/csv/iq_option\GBPUSD-OTC\GBPUSD-OTC_M5.csv
2026-07-28 20:41:04,958 | WARNING  | [ANOMALY] Price spike detected: GBPUSD-OTC 2026-07-28 05:30:00 change: 0.0008
2026-07-28 20:41:04,958 | WARNING  | [ANOMALY] Price spike detected: EURGBP-OTC 2026-07-28 11:00:00 change: -0.0005
2026-07-28 20:41:04,958 | INFO     | [CSVQueue] Successfully processed write for data_base/csv/iq_option\GBPUSD-OTC\GBPUSD-OTC_M5.csv
2026-07-28 20:41:04,958 | WARNING  | [ANOMALY] Price spike detected: GBPUSD-OTC 2026-07-28 05:45:00 change: 0.0005
2026-07-28 20:41:04,959 | WARNING  | [ANOMALY] Price spike detected: EURGBP-OTC 2026-07-28 11:15:00 change: 0.0003
2026-07-28 20:41:04,959 | INFO     | [CSVQueue] Queue size: 0
2026-07-28 20:41:04,959 | WARNING  | [ANOMALY] Price spike detected: GBPUSD-OTC 2026-07-28 06:00:00 change: 0.0006
2026-07-28 20:41:04,959 | WARNING  | [ANOMALY] Price spike detected: EURGBP-OTC 2026-07-28 11:45:00 change: -0.0012
2026-07-28 20:41:04,959 | WARNING  | [ANOMALY] Price spike detected: GBPUSD-OTC 2026-07-28 06:15:00 change: 0.0003
2026-07-28 20:41:04,959 | WARNING  | [ANOMALY] Price spike detected: EURGBP-OTC 2026-07-28 12:00:00 change: -0.0005
2026-07-28 20:41:04,960 | WARNING  | [ANOMALY] Price spike detected: GBPUSD-OTC 2026-07-28 06:30:00 change: 0.0014
2026-07-28 20:41:04,960 | WARNING  | [ANOMALY] Price spike detected: EURGBP-OTC 2026-07-28 12:15:00 change: 0.0009
2026-07-28 20:41:04,960 | WARNING  | [ANOMALY] Price spike detected: GBPUSD-OTC 2026-07-28 06:45:00 change: 0.0008
2026-07-28 20:41:04,961 | WARNING  | [ANOMALY] Price spike detected: EURGBP-OTC 2026-07-28 12:45:00 change: -0.0008
2026-07-28 20:41:04,961 | WARNING  | [ANOMALY] Price spike detected: GBPUSD-OTC 2026-07-28 07:00:00 change: -0.0008
2026-07-28 20:41:04,961 | WARNING  | [ANOMALY] Price spike detected: EURGBP-OTC 2026-07-28 13:00:00 change: 0.0009
2026-07-28 20:41:04,961 | WARNING  | [ANOMALY] Price spike detected: GBPUSD-OTC 2026-07-28 07:15:00 change: 0.0007
2026-07-28 20:41:04,961 | WARNING  | [ANOMALY] Price spike detected: EURGBP-OTC 2026-07-28 13:15:00 change: -0.0004
2026-07-28 20:41:04,961 | WARNING  | [ANOMALY] Price spike detected: GBPUSD-OTC 2026-07-28 07:30:00 change: -0.0005
2026-07-28 20:41:04,963 | WARNING  | [ANOMALY] Price spike detected: GBPUSD-OTC 2026-07-28 07:45:00 change: -0.0004
2026-07-28 20:41:04,963 | WARNING  | [ANOMALY] Price spike detected: GBPUSD-OTC 2026-07-28 08:15:00 change: -0.0006
2026-07-28 20:41:04,963 | WARNING  | [ANOMALY] Price spike detected: GBPUSD-OTC 2026-07-28 08:30:00 change: 0.0005
2026-07-28 20:41:04,964 | WARNING  | [ANOMALY] Price spike detected: GBPUSD-OTC 2026-07-28 08:45:00 change: -0.0017
2026-07-28 20:41:04,964 | WARNING  | [ANOMALY] Price spike detected: GBPUSD-OTC 2026-07-28 09:00:00 change: -0.0010
2026-07-28 20:41:04,970 | WARNING  | [ANOMALY] Total anomalies detected: EURGBP-OTC 33
2026-07-28 20:41:04,970 | WARNING  | [ANOMALY] Price spike detected: GBPUSD-OTC 2026-07-28 09:15:00 change: 0.0006
2026-07-28 20:41:04,970 | ERROR    | [ANOMALY] Excessive anomalies threshold exceeded: 1168
2026-07-28 20:41:04,970 | WARNING  | [ANOMALY] Price spike detected: GBPUSD-OTC 2026-07-28 09:30:00 change: -0.0018
2026-07-28 20:41:04,970 | INFO     | [DataAdapter] M15 anomaly detection completed for EURGBP-OTC
2026-07-28 20:41:04,970 | WARNING  | [ANOMALY] Price spike detected: GBPUSD-OTC 2026-07-28 09:45:00 change: 0.0008
2026-07-28 20:41:04,971 | INFO     | [DataAdapter] M15 data refresh completed for EURGBP-OTC
2026-07-28 20:41:04,971 | WARNING  | [ANOMALY] Price spike detected: GBPUSD-OTC 2026-07-28 10:15:00 change: -0.0016
2026-07-28 20:41:04,971 | INFO     | [DataAdapter] Anomaly statistics for EURGBP-OTC: {'total_calls': 4, 'response_times': [0.8506951332092285, 0.8873805999755859, 0.5448267459869385, 0.878870964050293], 'spike_count': 1168, 'zero_volume_count': 0, 'impossible_candle_count': 0, 'consecutive_anomalies': 1168, 'avg_response_time': np.float64(0.7904433608055115), 'max_response_time': np.float64(0.8873805999755859), 'min_response_time': np.float64(0.5448267459869385)}
2026-07-28 20:41:04,971 | WARNING  | [ANOMALY] Price spike detected: GBPUSD-OTC 2026-07-28 10:30:00 change: -0.0003
2026-07-28 20:41:04,972 | WARNING  | [ANOMALY] Price spike detected: GBPUSD-OTC 2026-07-28 10:45:00 change: -0.0009
2026-07-28 20:41:04,972 | WARNING  | [ANOMALY] Price spike detected: GBPUSD-OTC 2026-07-28 11:00:00 change: -0.0024
2026-07-28 20:41:04,972 | WARNING  | [ANOMALY] Price spike detected: GBPUSD-OTC 2026-07-28 11:15:00 change: -0.0008
2026-07-28 20:41:04,972 | WARNING  | [ANOMALY] Price spike detected: GBPUSD-OTC 2026-07-28 11:30:00 change: 0.0013
2026-07-28 20:41:04,973 | WARNING  | [ANOMALY] Price spike detected: GBPUSD-OTC 2026-07-28 11:45:00 change: 0.0006
2026-07-28 20:41:04,973 | WARNING  | [ANOMALY] Price spike detected: GBPUSD-OTC 2026-07-28 12:00:00 change: -0.0009
2026-07-28 20:41:04,973 | WARNING  | [ANOMALY] Price spike detected: GBPUSD-OTC 2026-07-28 12:15:00 change: 0.0009
2026-07-28 20:41:04,973 | WARNING  | [ANOMALY] Price spike detected: GBPUSD-OTC 2026-07-28 12:30:00 change: 0.0008
2026-07-28 20:41:04,974 | WARNING  | [ANOMALY] Price spike detected: GBPUSD-OTC 2026-07-28 12:45:00 change: -0.0024
2026-07-28 20:41:04,974 | WARNING  | [ANOMALY] Price spike detected: GBPUSD-OTC 2026-07-28 13:00:00 change: 0.0018
2026-07-28 20:41:04,974 | WARNING  | [ANOMALY] Price spike detected: GBPUSD-OTC 2026-07-28 13:15:00 change: 0.0006
2026-07-28 20:41:04,986 | WARNING  | [ANOMALY] Total anomalies detected: GBPUSD-OTC 38
2026-07-28 20:41:04,987 | ERROR    | [ANOMALY] Excessive anomalies threshold exceeded: 1168
2026-07-28 20:41:04,987 | INFO     | [DataAdapter] M15 anomaly detection completed for GBPUSD-OTC
2026-07-28 20:41:04,987 | INFO     | [DataAdapter] M15 data refresh completed for GBPUSD-OTC
2026-07-28 20:41:04,988 | INFO     | [DataAdapter] Anomaly statistics for GBPUSD-OTC: {'total_calls': 4, 'response_times': [0.8506951332092285, 0.8873805999755859, 0.5448267459869385, 0.878870964050293], 'spike_count': 1168, 'zero_volume_count': 0, 'impossible_candle_count': 0, 'consecutive_anomalies': 1168, 'avg_response_time': np.float64(0.7904433608055115), 'max_response_time': np.float64(0.8873805999755859), 'min_response_time': np.float64(0.5448267459869385)}
2026-07-28 20:41:05,137 | ERROR    | [AnomalyDetector] Error during analysis: 'AnomalyDetector' object has no attribute 'analyze'
Traceback (most recent call last):
  File "E:\BOT_FINALBOT\FINALBOT_Begin\data_evaluate\orchestrator.py", line 689, in _run_supplementary_engines
    anom_res = self.anomaly_detector.analyze(df_m5)
               ^^^^^^^^^^^^^^^^^^^^^^^^^^^^^
AttributeError: 'AnomalyDetector' object has no attribute 'analyze'
2026-07-28 20:41:05,157 | ERROR    | Error running supplementary engines for EURUSD: 'AnomalyDetector' object has no attribute 'analyze'
Traceback (most recent call last):
  File "E:\BOT_FINALBOT\FINALBOT_Begin\data_evaluate\orchestrator.py", line 296, in process_cycle
    supp_engines = self._run_supplementary_engines(
                   ^^^^^^^^^^^^^^^^^^^^^^^^^^^^^^^^
  File "E:\BOT_FINALBOT\FINALBOT_Begin\data_evaluate\orchestrator.py", line 689, in _run_supplementary_engines
    anom_res = self.anomaly_detector.analyze(df_m5)
               ^^^^^^^^^^^^^^^^^^^^^^^^^^^^^
AttributeError: 'AnomalyDetector' object has no attribute 'analyze'
2026-07-28 20:41:05,185 | ERROR    | Orchestrator failed for EURUSD
Traceback (most recent call last):
  File "E:\BOT_FINALBOT\FINALBOT_Begin\runner.py", line 239, in run_cycle
    self.orchestrator.process_cycle(sym)
  File "E:\BOT_FINALBOT\FINALBOT_Begin\data_evaluate\orchestrator.py", line 296, in process_cycle
    supp_engines = self._run_supplementary_engines(
                   ^^^^^^^^^^^^^^^^^^^^^^^^^^^^^^^^
  File "E:\BOT_FINALBOT\FINALBOT_Begin\data_evaluate\orchestrator.py", line 689, in _run_supplementary_engines
    anom_res = self.anomaly_detector.analyze(df_m5)
               ^^^^^^^^^^^^^^^^^^^^^^^^^^^^^
AttributeError: 'AnomalyDetector' object has no attribute 'analyze'
2026-07-28 20:41:05,402 | ERROR    | [AnomalyDetector] Error during analysis: 'AnomalyDetector' object has no attribute 'analyze'
Traceback (most recent call last):
  File "E:\BOT_FINALBOT\FINALBOT_Begin\data_evaluate\orchestrator.py", line 689, in _run_supplementary_engines
    anom_res = self.anomaly_detector.analyze(df_m5)
               ^^^^^^^^^^^^^^^^^^^^^^^^^^^^^
AttributeError: 'AnomalyDetector' object has no attribute 'analyze'
2026-07-28 20:41:05,435 | ERROR    | Error running supplementary engines for EURGBP: 'AnomalyDetector' object has no attribute 'analyze'
Traceback (most recent call last):
  File "E:\BOT_FINALBOT\FINALBOT_Begin\data_evaluate\orchestrator.py", line 296, in process_cycle
    supp_engines = self._run_supplementary_engines(
                   ^^^^^^^^^^^^^^^^^^^^^^^^^^^^^^^^
  File "E:\BOT_FINALBOT\FINALBOT_Begin\data_evaluate\orchestrator.py", line 689, in _run_supplementary_engines
    anom_res = self.anomaly_detector.analyze(df_m5)
               ^^^^^^^^^^^^^^^^^^^^^^^^^^^^^
AttributeError: 'AnomalyDetector' object has no attribute 'analyze'
2026-07-28 20:41:05,452 | ERROR    | Orchestrator failed for EURGBP
Traceback (most recent call last):
  File "E:\BOT_FINALBOT\FINALBOT_Begin\runner.py", line 239, in run_cycle
    self.orchestrator.process_cycle(sym)
  File "E:\BOT_FINALBOT\FINALBOT_Begin\data_evaluate\orchestrator.py", line 296, in process_cycle
    supp_engines = self._run_supplementary_engines(
                   ^^^^^^^^^^^^^^^^^^^^^^^^^^^^^^^^
  File "E:\BOT_FINALBOT\FINALBOT_Begin\data_evaluate\orchestrator.py", line 689, in _run_supplementary_engines
    anom_res = self.anomaly_detector.analyze(df_m5)
               ^^^^^^^^^^^^^^^^^^^^^^^^^^^^^
AttributeError: 'AnomalyDetector' object has no attribute 'analyze'
2026-07-28 20:41:05,536 | ERROR    | [AnomalyDetector] Error during analysis: 'AnomalyDetector' object has no attribute 'analyze'
Traceback (most recent call last):
  File "E:\BOT_FINALBOT\FINALBOT_Begin\data_evaluate\orchestrator.py", line 689, in _run_supplementary_engines
    anom_res = self.anomaly_detector.analyze(df_m5)
               ^^^^^^^^^^^^^^^^^^^^^^^^^^^^^
AttributeError: 'AnomalyDetector' object has no attribute 'analyze'
2026-07-28 20:41:05,592 | ERROR    | Error running supplementary engines for GBPUSD-OTC: 'AnomalyDetector' object has no attribute 'analyze'
Traceback (most recent call last):
  File "E:\BOT_FINALBOT\FINALBOT_Begin\data_evaluate\orchestrator.py", line 296, in process_cycle
    supp_engines = self._run_supplementary_engines(
                   ^^^^^^^^^^^^^^^^^^^^^^^^^^^^^^^^
  File "E:\BOT_FINALBOT\FINALBOT_Begin\data_evaluate\orchestrator.py", line 689, in _run_supplementary_engines
    anom_res = self.anomaly_detector.analyze(df_m5)
               ^^^^^^^^^^^^^^^^^^^^^^^^^^^^^
AttributeError: 'AnomalyDetector' object has no attribute 'analyze'
2026-07-28 20:41:05,617 | ERROR    | Orchestrator failed for GBPUSD-OTC
Traceback (most recent call last):
  File "E:\BOT_FINALBOT\FINALBOT_Begin\runner.py", line 239, in run_cycle
    self.orchestrator.process_cycle(sym)
  File "E:\BOT_FINALBOT\FINALBOT_Begin\data_evaluate\orchestrator.py", line 296, in process_cycle
    supp_engines = self._run_supplementary_engines(
                   ^^^^^^^^^^^^^^^^^^^^^^^^^^^^^^^^
  File "E:\BOT_FINALBOT\FINALBOT_Begin\data_evaluate\orchestrator.py", line 689, in _run_supplementary_engines
    anom_res = self.anomaly_detector.analyze(df_m5)
               ^^^^^^^^^^^^^^^^^^^^^^^^^^^^^
AttributeError: 'AnomalyDetector' object has no attribute 'analyze'
2026-07-28 20:41:05,695 | ERROR    | [AnomalyDetector] Error during analysis: 'AnomalyDetector' object has no attribute 'analyze'
Traceback (most recent call last):
  File "E:\BOT_FINALBOT\FINALBOT_Begin\data_evaluate\orchestrator.py", line 689, in _run_supplementary_engines
    anom_res = self.anomaly_detector.analyze(df_m5)
               ^^^^^^^^^^^^^^^^^^^^^^^^^^^^^
AttributeError: 'AnomalyDetector' object has no attribute 'analyze'
2026-07-28 20:41:05,747 | ERROR    | Error running supplementary engines for EURGBP-OTC: 'AnomalyDetector' object has no attribute 'analyze'
Traceback (most recent call last):
  File "E:\BOT_FINALBOT\FINALBOT_Begin\data_evaluate\orchestrator.py", line 296, in process_cycle
    supp_engines = self._run_supplementary_engines(
                   ^^^^^^^^^^^^^^^^^^^^^^^^^^^^^^^^
  File "E:\BOT_FINALBOT\FINALBOT_Begin\data_evaluate\orchestrator.py", line 689, in _run_supplementary_engines
    anom_res = self.anomaly_detector.analyze(df_m5)
               ^^^^^^^^^^^^^^^^^^^^^^^^^^^^^
AttributeError: 'AnomalyDetector' object has no attribute 'analyze'
2026-07-28 20:41:05,778 | ERROR    | Orchestrator failed for EURGBP-OTC
Traceback (most recent call last):
  File "E:\BOT_FINALBOT\FINALBOT_Begin\runner.py", line 239, in run_cycle
    self.orchestrator.process_cycle(sym)
  File "E:\BOT_FINALBOT\FINALBOT_Begin\data_evaluate\orchestrator.py", line 296, in process_cycle
    supp_engines = self._run_supplementary_engines(
                   ^^^^^^^^^^^^^^^^^^^^^^^^^^^^^^^^
  File "E:\BOT_FINALBOT\FINALBOT_Begin\data_evaluate\orchestrator.py", line 689, in _run_supplementary_engines
    anom_res = self.anomaly_detector.analyze(df_m5)
               ^^^^^^^^^^^^^^^^^^^^^^^^^^^^^
AttributeError: 'AnomalyDetector' object has no attribute 'analyze'
2026-07-28 20:41:05,787 | INFO     | [EURUSD:1.13697][EURGBP:0.85498][GBPUSD-OTC:1.33306][EURGBP-OTC:0.85079] :: TOTAL=$1453.95
2026-07-28 20:41:30,756 | INFO     | [TIME SYNC] Server time offset: -1.000999927520752 seconds
2026-07-28 20:42:02,041 | INFO     | [DataAdapter] Starting update for EURUSD
2026-07-28 20:42:02,041 | INFO     | [DataAdapter] Refreshing M1 data for EURUSD
2026-07-28 20:42:02,042 | INFO     | [DataAdapter] Starting update for EURGBP
2026-07-28 20:42:02,042 | INFO     | [DataAdapter] Refreshing M1 data for EURGBP
2026-07-28 20:42:02,042 | INFO     | [DataAdapter] Starting update for GBPUSD-OTC
2026-07-28 20:42:02,042 | INFO     | [DataAdapter] Refreshing M1 data for GBPUSD-OTC
2026-07-28 20:42:02,042 | INFO     | [DataAdapter] Starting update for EURGBP-OTC
2026-07-28 20:42:02,042 | INFO     | [DataAdapter] Refreshing M1 data for EURGBP-OTC
2026-07-28 20:42:02,303 | INFO     | [IQOPTION] REST fetch succeeded for EURUSD: 3 candles
2026-07-28 20:42:02,334 | WARNING  | [ANOMALY] Price spike detected: EURUSD 2026-07-28 12:07:00 change: 0.0001
2026-07-28 20:42:02,349 | WARNING  | [ANOMALY] Price spike detected: EURUSD 2026-07-28 12:08:00 change: -0.0000
2026-07-28 20:42:02,364 | WARNING  | [ANOMALY] Price spike detected: EURUSD 2026-07-28 12:09:00 change: 0.0001
2026-07-28 20:42:02,380 | WARNING  | [ANOMALY] Price spike detected: EURUSD 2026-07-28 12:10:00 change: -0.0002
2026-07-28 20:42:02,396 | WARNING  | [ANOMALY] Price spike detected: EURUSD 2026-07-28 12:11:00 change: -0.0001
2026-07-28 20:42:02,411 | WARNING  | [ANOMALY] Price spike detected: EURUSD 2026-07-28 12:12:00 change: 0.0001
2026-07-28 20:42:02,427 | WARNING  | [ANOMALY] Price spike detected: EURUSD 2026-07-28 12:17:00 change: 0.0000
2026-07-28 20:42:02,442 | WARNING  | [ANOMALY] Price spike detected: EURUSD 2026-07-28 12:18:00 change: -0.0000
2026-07-28 20:42:02,458 | WARNING  | [ANOMALY] Price spike detected: EURUSD 2026-07-28 12:20:00 change: 0.0001
2026-07-28 20:42:02,474 | WARNING  | [ANOMALY] Price spike detected: EURUSD 2026-07-28 12:21:00 change: -0.0001
2026-07-28 20:42:02,489 | WARNING  | [ANOMALY] Price spike detected: EURUSD 2026-07-28 12:22:00 change: -0.0001
2026-07-28 20:42:02,504 | WARNING  | [ANOMALY] Price spike detected: EURUSD 2026-07-28 12:23:00 change: 0.0001
2026-07-28 20:42:02,519 | WARNING  | [ANOMALY] Price spike detected: EURUSD 2026-07-28 12:24:00 change: -0.0001
2026-07-28 20:42:02,535 | WARNING  | [ANOMALY] Price spike detected: EURUSD 2026-07-28 12:25:00 change: -0.0001
2026-07-28 20:42:02,550 | WARNING  | [ANOMALY] Price spike detected: EURUSD 2026-07-28 12:27:00 change: 0.0001
2026-07-28 20:42:02,551 | WARNING  | [ANOMALY] Price spike detected: EURUSD 2026-07-28 12:28:00 change: -0.0001
2026-07-28 20:42:02,581 | INFO     | [IQOPTION] REST fetch succeeded for EURGBP: 3 candles
2026-07-28 20:42:02,597 | WARNING  | [ANOMALY] Price spike detected: EURUSD 2026-07-28 12:30:00 change: -0.0000
2026-07-28 20:42:02,674 | WARNING  | [ANOMALY] Price spike detected: EURUSD 2026-07-28 12:31:00 change: -0.0001
2026-07-28 20:42:02,679 | WARNING  | [ANOMALY] Price spike detected: EURUSD 2026-07-28 12:33:00 change: 0.0000
2026-07-28 20:42:02,688 | WARNING  | [ANOMALY] Price spike detected: EURUSD 2026-07-28 12:34:00 change: 0.0001
2026-07-28 20:42:02,703 | WARNING  | [ANOMALY] Price spike detected: EURUSD 2026-07-28 12:35:00 change: -0.0000
2026-07-28 20:42:02,719 | WARNING  | [ANOMALY] Price spike detected: EURUSD 2026-07-28 12:36:00 change: 0.0000
2026-07-28 20:42:02,721 | WARNING  | [ANOMALY] Price spike detected: EURUSD 2026-07-28 12:37:00 change: 0.0000
2026-07-28 20:42:02,724 | WARNING  | [ANOMALY] Price spike detected: EURUSD 2026-07-28 12:38:00 change: -0.0000
2026-07-28 20:42:02,734 | WARNING  | [ANOMALY] Price spike detected: EURUSD 2026-07-28 12:39:00 change: -0.0000
2026-07-28 20:42:02,754 | WARNING  | [ANOMALY] Price spike detected: EURUSD 2026-07-28 12:40:00 change: -0.0000
2026-07-28 20:42:02,780 | WARNING  | [ANOMALY] Price spike detected: EURUSD 2026-07-28 12:41:00 change: 0.0001
2026-07-28 20:42:02,781 | WARNING  | [ANOMALY] Price spike detected: EURUSD 2026-07-28 12:42:00 change: 0.0000
2026-07-28 20:42:02,797 | WARNING  | [ANOMALY] Price spike detected: EURGBP 2026-07-28 12:08:00 change: -0.0000
2026-07-28 20:42:02,797 | WARNING  | [ANOMALY] Price spike detected: EURUSD 2026-07-28 12:43:00 change: 0.0000
2026-07-28 20:42:02,799 | WARNING  | [ANOMALY] Price spike detected: EURGBP 2026-07-28 12:09:00 change: -0.0001
2026-07-28 20:42:02,908 | WARNING  | [ANOMALY] Price spike detected: EURUSD 2026-07-28 12:45:00 change: 0.0000
2026-07-28 20:42:02,921 | WARNING  | [ANOMALY] Price spike detected: EURGBP 2026-07-28 12:10:00 change: -0.0001
2026-07-28 20:42:02,954 | WARNING  | [ANOMALY] Price spike detected: EURUSD 2026-07-28 12:46:00 change: 0.0001
2026-07-28 20:42:02,954 | WARNING  | [ANOMALY] Price spike detected: EURGBP 2026-07-28 12:11:00 change: 0.0000
2026-07-28 20:42:02,955 | WARNING  | [ANOMALY] Price spike detected: EURUSD 2026-07-28 12:48:00 change: 0.0001
2026-07-28 20:42:02,968 | WARNING  | [ANOMALY] Price spike detected: EURGBP 2026-07-28 12:12:00 change: 0.0000
2026-07-28 20:42:02,968 | INFO     | [IQOPTION] REST fetch succeeded for GBPUSD-OTC: 3 candles
2026-07-28 20:42:03,022 | WARNING  | [ANOMALY] Price spike detected: EURUSD 2026-07-28 12:50:00 change: 0.0001
2026-07-28 20:42:03,126 | WARNING  | [ANOMALY] Price spike detected: EURUSD 2026-07-28 12:51:00 change: -0.0001
2026-07-28 20:42:03,049 | WARNING  | [ANOMALY] Price spike detected: EURGBP 2026-07-28 12:13:00 change: -0.0001
2026-07-28 20:42:03,140 | WARNING  | [ANOMALY] Price spike detected: EURUSD 2026-07-28 12:52:00 change: -0.0000
2026-07-28 20:42:03,172 | WARNING  | [ANOMALY] Price spike detected: EURGBP 2026-07-28 12:14:00 change: 0.0001
2026-07-28 20:42:03,173 | WARNING  | [ANOMALY] Price spike detected: GBPUSD-OTC 2026-07-28 12:07:00 change: -0.0001
2026-07-28 20:42:03,174 | WARNING  | [ANOMALY] Price spike detected: EURUSD 2026-07-28 12:53:00 change: -0.0000
2026-07-28 20:42:03,219 | WARNING  | [ANOMALY] Price spike detected: EURGBP 2026-07-28 12:15:00 change: -0.0000
2026-07-28 20:42:03,219 | INFO     | [IQOPTION] REST fetch succeeded for EURGBP-OTC: 3 candles
2026-07-28 20:42:03,219 | WARNING  | [ANOMALY] Price spike detected: GBPUSD-OTC 2026-07-28 12:08:00 change: 0.0001
2026-07-28 20:42:03,220 | WARNING  | [ANOMALY] Price spike detected: EURUSD 2026-07-28 12:54:00 change: -0.0000
2026-07-28 20:42:03,220 | WARNING  | [ANOMALY] Price spike detected: EURGBP 2026-07-28 12:16:00 change: -0.0000
2026-07-28 20:42:03,223 | WARNING  | [ANOMALY] Price spike detected: GBPUSD-OTC 2026-07-28 12:10:00 change: -0.0005
2026-07-28 20:42:03,223 | WARNING  | [ANOMALY] Price spike detected: EURUSD 2026-07-28 12:55:00 change: 0.0000
2026-07-28 20:42:03,224 | WARNING  | [ANOMALY] Price spike detected: EURGBP 2026-07-28 12:18:00 change: -0.0000
2026-07-28 20:42:03,236 | WARNING  | [ANOMALY] Price spike detected: GBPUSD-OTC 2026-07-28 12:11:00 change: -0.0003
2026-07-28 20:42:03,238 | WARNING  | [ANOMALY] Price spike detected: EURGBP-OTC 2026-07-28 12:07:00 change: 0.0003
2026-07-28 20:42:03,238 | WARNING  | [ANOMALY] Price spike detected: EURUSD 2026-07-28 12:56:00 change: 0.0000
2026-07-28 20:42:03,239 | WARNING  | [ANOMALY] Price spike detected: EURGBP 2026-07-28 12:19:00 change: 0.0000
2026-07-28 20:42:03,239 | WARNING  | [ANOMALY] Price spike detected: GBPUSD-OTC 2026-07-28 12:13:00 change: -0.0003
2026-07-28 20:42:03,239 | WARNING  | [ANOMALY] Price spike detected: EURGBP-OTC 2026-07-28 12:09:00 change: -0.0001
2026-07-28 20:42:03,239 | WARNING  | [ANOMALY] Price spike detected: EURUSD 2026-07-28 12:57:00 change: -0.0000
2026-07-28 20:42:03,239 | WARNING  | [ANOMALY] Price spike detected: EURGBP 2026-07-28 12:20:00 change: -0.0000
2026-07-28 20:42:03,240 | WARNING  | [ANOMALY] Price spike detected: GBPUSD-OTC 2026-07-28 12:14:00 change: -0.0001
2026-07-28 20:42:03,240 | WARNING  | [ANOMALY] Price spike detected: EURGBP-OTC 2026-07-28 12:10:00 change: 0.0004
2026-07-28 20:42:03,240 | WARNING  | [ANOMALY] Price spike detected: EURUSD 2026-07-28 12:58:00 change: 0.0001
2026-07-28 20:42:03,240 | WARNING  | [ANOMALY] Price spike detected: EURGBP 2026-07-28 12:21:00 change: -0.0002
2026-07-28 20:42:03,240 | WARNING  | [ANOMALY] Price spike detected: GBPUSD-OTC 2026-07-28 12:15:00 change: 0.0002
2026-07-28 20:42:03,240 | WARNING  | [ANOMALY] Price spike detected: EURGBP-OTC 2026-07-28 12:13:00 change: 0.0002
2026-07-28 20:42:03,241 | WARNING  | [ANOMALY] Price spike detected: EURUSD 2026-07-28 12:59:00 change: -0.0001
2026-07-28 20:42:03,241 | WARNING  | [ANOMALY] Price spike detected: EURGBP 2026-07-28 12:22:00 change: 0.0002
2026-07-28 20:42:03,241 | WARNING  | [ANOMALY] Price spike detected: GBPUSD-OTC 2026-07-28 12:16:00 change: 0.0003
2026-07-28 20:42:03,242 | WARNING  | [ANOMALY] Price spike detected: EURGBP-OTC 2026-07-28 12:14:00 change: -0.0001
2026-07-28 20:42:03,242 | WARNING  | [ANOMALY] Price spike detected: EURUSD 2026-07-28 13:00:00 change: 0.0000
2026-07-28 20:42:03,242 | WARNING  | [ANOMALY] Price spike detected: EURGBP 2026-07-28 12:23:00 change: -0.0001
2026-07-28 20:42:03,242 | WARNING  | [ANOMALY] Price spike detected: GBPUSD-OTC 2026-07-28 12:17:00 change: -0.0001
2026-07-28 20:42:03,243 | WARNING  | [ANOMALY] Price spike detected: EURGBP-OTC 2026-07-28 12:15:00 change: -0.0001
2026-07-28 20:42:03,243 | WARNING  | [ANOMALY] Price spike detected: EURUSD 2026-07-28 13:01:00 change: 0.0000
2026-07-28 20:42:03,243 | WARNING  | [ANOMALY] Price spike detected: EURGBP 2026-07-28 12:24:00 change: -0.0001
2026-07-28 20:42:03,243 | WARNING  | [ANOMALY] Price spike detected: GBPUSD-OTC 2026-07-28 12:18:00 change: 0.0002
2026-07-28 20:42:03,244 | WARNING  | [ANOMALY] Price spike detected: EURGBP-OTC 2026-07-28 12:19:00 change: 0.0004
2026-07-28 20:42:03,245 | WARNING  | [ANOMALY] Price spike detected: EURUSD 2026-07-28 13:02:00 change: 0.0001
2026-07-28 20:42:03,245 | WARNING  | [ANOMALY] Price spike detected: EURGBP 2026-07-28 12:27:00 change: 0.0000
2026-07-28 20:42:03,245 | WARNING  | [ANOMALY] Price spike detected: GBPUSD-OTC 2026-07-28 12:19:00 change: 0.0002
2026-07-28 20:42:03,245 | WARNING  | [ANOMALY] Price spike detected: EURGBP-OTC 2026-07-28 12:23:00 change: 0.0002
2026-07-28 20:42:03,245 | WARNING  | [ANOMALY] Price spike detected: EURUSD 2026-07-28 13:04:00 change: -0.0000
2026-07-28 20:42:03,246 | WARNING  | [ANOMALY] Price spike detected: EURGBP 2026-07-28 12:28:00 change: -0.0001
2026-07-28 20:42:03,246 | WARNING  | [ANOMALY] Price spike detected: GBPUSD-OTC 2026-07-28 12:21:00 change: 0.0003
2026-07-28 20:42:03,246 | WARNING  | [ANOMALY] Price spike detected: EURGBP-OTC 2026-07-28 12:25:00 change: -0.0003
2026-07-28 20:42:03,246 | WARNING  | [ANOMALY] Price spike detected: EURUSD 2026-07-28 13:06:00 change: 0.0001
2026-07-28 20:42:03,247 | WARNING  | [ANOMALY] Price spike detected: EURGBP 2026-07-28 12:31:00 change: -0.0001
2026-07-28 20:42:03,247 | WARNING  | [ANOMALY] Price spike detected: GBPUSD-OTC 2026-07-28 12:22:00 change: 0.0002
2026-07-28 20:42:03,247 | WARNING  | [ANOMALY] Price spike detected: EURGBP-OTC 2026-07-28 12:26:00 change: 0.0004
2026-07-28 20:42:03,247 | WARNING  | [ANOMALY] Price spike detected: EURUSD 2026-07-28 13:08:00 change: -0.0001
2026-07-28 20:42:03,248 | WARNING  | [ANOMALY] Price spike detected: EURGBP 2026-07-28 12:32:00 change: -0.0001
2026-07-28 20:42:03,248 | WARNING  | [ANOMALY] Price spike detected: GBPUSD-OTC 2026-07-28 12:23:00 change: -0.0002
2026-07-28 20:42:03,249 | WARNING  | [ANOMALY] Price spike detected: EURGBP-OTC 2026-07-28 12:28:00 change: 0.0003
2026-07-28 20:42:03,249 | WARNING  | [ANOMALY] Price spike detected: EURUSD 2026-07-28 13:09:00 change: 0.0001
2026-07-28 20:42:03,249 | WARNING  | [ANOMALY] Price spike detected: EURGBP 2026-07-28 12:33:00 change: -0.0001
2026-07-28 20:42:03,249 | WARNING  | [ANOMALY] Price spike detected: GBPUSD-OTC 2026-07-28 12:24:00 change: 0.0002
2026-07-28 20:42:03,249 | WARNING  | [ANOMALY] Price spike detected: EURGBP-OTC 2026-07-28 12:30:00 change: -0.0001
2026-07-28 20:42:03,250 | WARNING  | [ANOMALY] Price spike detected: EURUSD 2026-07-28 13:10:00 change: -0.0000
2026-07-28 20:42:03,250 | WARNING  | [ANOMALY] Price spike detected: EURGBP 2026-07-28 12:35:00 change: -0.0002
2026-07-28 20:42:03,251 | WARNING  | [ANOMALY] Price spike detected: GBPUSD-OTC 2026-07-28 12:25:00 change: -0.0001
2026-07-28 20:42:03,251 | WARNING  | [ANOMALY] Price spike detected: EURGBP-OTC 2026-07-28 12:31:00 change: -0.0004
2026-07-28 20:42:03,251 | WARNING  | [ANOMALY] Price spike detected: EURUSD 2026-07-28 13:12:00 change: -0.0001
2026-07-28 20:42:03,251 | WARNING  | [ANOMALY] Price spike detected: EURGBP 2026-07-28 12:36:00 change: 0.0001
2026-07-28 20:42:03,251 | WARNING  | [ANOMALY] Price spike detected: GBPUSD-OTC 2026-07-28 12:26:00 change: -0.0002
2026-07-28 20:42:03,252 | WARNING  | [ANOMALY] Price spike detected: EURGBP-OTC 2026-07-28 12:32:00 change: 0.0001
2026-07-28 20:42:03,252 | WARNING  | [ANOMALY] Price spike detected: EURUSD 2026-07-28 13:13:00 change: -0.0001
2026-07-28 20:42:03,252 | WARNING  | [ANOMALY] Price spike detected: EURGBP 2026-07-28 12:38:00 change: -0.0000
2026-07-28 20:42:03,252 | WARNING  | [ANOMALY] Price spike detected: GBPUSD-OTC 2026-07-28 12:27:00 change: -0.0005
2026-07-28 20:42:03,252 | WARNING  | [ANOMALY] Price spike detected: EURGBP-OTC 2026-07-28 12:33:00 change: 0.0002
2026-07-28 20:42:03,252 | WARNING  | [ANOMALY] Price spike detected: EURUSD 2026-07-28 13:14:00 change: -0.0000
2026-07-28 20:42:03,253 | WARNING  | [ANOMALY] Price spike detected: EURGBP 2026-07-28 12:39:00 change: -0.0000
2026-07-28 20:42:03,253 | WARNING  | [ANOMALY] Price spike detected: GBPUSD-OTC 2026-07-28 12:28:00 change: 0.0001
2026-07-28 20:42:03,254 | WARNING  | [ANOMALY] Price spike detected: EURGBP-OTC 2026-07-28 12:34:00 change: 0.0004
2026-07-28 20:42:03,254 | WARNING  | [ANOMALY] Price spike detected: EURUSD 2026-07-28 13:17:00 change: 0.0000
2026-07-28 20:42:03,255 | WARNING  | [ANOMALY] Price spike detected: EURGBP 2026-07-28 12:40:00 change: -0.0000
2026-07-28 20:42:03,255 | WARNING  | [ANOMALY] Price spike detected: GBPUSD-OTC 2026-07-28 12:29:00 change: 0.0003
2026-07-28 20:42:03,255 | WARNING  | [ANOMALY] Price spike detected: EURGBP-OTC 2026-07-28 12:35:00 change: -0.0003
2026-07-28 20:42:03,255 | WARNING  | [ANOMALY] Price spike detected: EURUSD 2026-07-28 13:18:00 change: 0.0001
2026-07-28 20:42:03,256 | WARNING  | [ANOMALY] Price spike detected: EURGBP 2026-07-28 12:41:00 change: -0.0001
2026-07-28 20:42:03,256 | WARNING  | [ANOMALY] Price spike detected: GBPUSD-OTC 2026-07-28 12:30:00 change: 0.0003
2026-07-28 20:42:03,256 | WARNING  | [ANOMALY] Price spike detected: EURGBP-OTC 2026-07-28 12:36:00 change: -0.0001
2026-07-28 20:42:03,257 | WARNING  | [ANOMALY] Price spike detected: EURUSD 2026-07-28 13:19:00 change: 0.0000
2026-07-28 20:42:03,257 | WARNING  | [ANOMALY] Price spike detected: EURGBP 2026-07-28 12:44:00 change: -0.0000
2026-07-28 20:42:03,257 | WARNING  | [ANOMALY] Price spike detected: GBPUSD-OTC 2026-07-28 12:32:00 change: -0.0002
2026-07-28 20:42:03,257 | WARNING  | [ANOMALY] Price spike detected: EURGBP-OTC 2026-07-28 12:37:00 change: 0.0002
2026-07-28 20:42:03,258 | WARNING  | [ANOMALY] Price spike detected: EURUSD 2026-07-28 13:20:00 change: 0.0002
2026-07-28 20:42:03,258 | WARNING  | [ANOMALY] Price spike detected: EURGBP 2026-07-28 12:45:00 change: -0.0001
2026-07-28 20:42:03,258 | WARNING  | [ANOMALY] Price spike detected: GBPUSD-OTC 2026-07-28 12:33:00 change: -0.0003
2026-07-28 20:42:03,258 | WARNING  | [ANOMALY] Price spike detected: EURGBP-OTC 2026-07-28 12:38:00 change: 0.0005
2026-07-28 20:42:03,259 | WARNING  | [ANOMALY] Price spike detected: EURUSD 2026-07-28 13:22:00 change: -0.0001
2026-07-28 20:42:03,259 | WARNING  | [ANOMALY] Price spike detected: EURGBP 2026-07-28 12:46:00 change: 0.0000
2026-07-28 20:42:03,259 | WARNING  | [ANOMALY] Price spike detected: GBPUSD-OTC 2026-07-28 12:34:00 change: 0.0003
2026-07-28 20:42:03,259 | WARNING  | [ANOMALY] Price spike detected: EURGBP-OTC 2026-07-28 12:39:00 change: -0.0003
2026-07-28 20:42:03,259 | WARNING  | [ANOMALY] Price spike detected: EURUSD 2026-07-28 13:23:00 change: -0.0001
2026-07-28 20:42:03,260 | WARNING  | [ANOMALY] Price spike detected: EURGBP 2026-07-28 12:47:00 change: 0.0001
2026-07-28 20:42:03,260 | WARNING  | [ANOMALY] Price spike detected: GBPUSD-OTC 2026-07-28 12:35:00 change: 0.0005
2026-07-28 20:42:03,260 | WARNING  | [ANOMALY] Price spike detected: EURGBP-OTC 2026-07-28 12:41:00 change: 0.0001
2026-07-28 20:42:03,260 | WARNING  | [ANOMALY] Price spike detected: EURUSD 2026-07-28 13:26:00 change: -0.0001
2026-07-28 20:42:03,260 | WARNING  | [ANOMALY] Price spike detected: EURGBP 2026-07-28 12:48:00 change: -0.0000
2026-07-28 20:42:03,261 | WARNING  | [ANOMALY] Price spike detected: GBPUSD-OTC 2026-07-28 12:36:00 change: -0.0002
2026-07-28 20:42:03,261 | WARNING  | [ANOMALY] Price spike detected: EURGBP-OTC 2026-07-28 12:44:00 change: -0.0002
2026-07-28 20:42:03,261 | WARNING  | [ANOMALY] Price spike detected: EURUSD 2026-07-28 13:28:00 change: 0.0000
2026-07-28 20:42:03,261 | WARNING  | [ANOMALY] Price spike detected: EURGBP 2026-07-28 12:49:00 change: -0.0001
2026-07-28 20:42:03,262 | WARNING  | [ANOMALY] Price spike detected: GBPUSD-OTC 2026-07-28 12:37:00 change: 0.0003
2026-07-28 20:42:03,262 | WARNING  | [ANOMALY] Price spike detected: EURGBP-OTC 2026-07-28 12:45:00 change: -0.0002
2026-07-28 20:42:03,262 | WARNING  | [ANOMALY] Price spike detected: EURUSD 2026-07-28 13:29:00 change: -0.0000
2026-07-28 20:42:03,262 | WARNING  | [ANOMALY] Price spike detected: EURGBP 2026-07-28 12:50:00 change: 0.0001
2026-07-28 20:42:03,262 | WARNING  | [ANOMALY] Price spike detected: GBPUSD-OTC 2026-07-28 12:38:00 change: -0.0001
2026-07-28 20:42:03,263 | WARNING  | [ANOMALY] Price spike detected: GBPUSD-OTC 2026-07-28 12:40:00 change: 0.0002
2026-07-28 20:42:03,263 | WARNING  | [ANOMALY] Price spike detected: EURUSD 2026-07-28 13:30:00 change: 0.0000
2026-07-28 20:42:03,263 | WARNING  | [ANOMALY] Price spike detected: EURGBP 2026-07-28 12:51:00 change: -0.0001
2026-07-28 20:42:03,263 | WARNING  | [ANOMALY] Price spike detected: EURGBP-OTC 2026-07-28 12:46:00 change: -0.0002
2026-07-28 20:42:03,264 | WARNING  | [ANOMALY] Price spike detected: GBPUSD-OTC 2026-07-28 12:42:00 change: -0.0002
2026-07-28 20:42:03,264 | WARNING  | [ANOMALY] Price spike detected: EURUSD 2026-07-28 13:31:00 change: 0.0002
2026-07-28 20:42:03,265 | WARNING  | [ANOMALY] Price spike detected: EURGBP 2026-07-28 12:52:00 change: -0.0000
2026-07-28 20:42:03,265 | WARNING  | [ANOMALY] Price spike detected: EURGBP-OTC 2026-07-28 12:47:00 change: -0.0002
2026-07-28 20:42:03,265 | WARNING  | [ANOMALY] Price spike detected: GBPUSD-OTC 2026-07-28 12:43:00 change: 0.0004
2026-07-28 20:42:03,266 | WARNING  | [ANOMALY] Price spike detected: EURUSD 2026-07-28 13:33:00 change: -0.0001
2026-07-28 20:42:03,266 | WARNING  | [ANOMALY] Price spike detected: EURGBP 2026-07-28 12:55:00 change: -0.0000
2026-07-28 20:42:03,266 | WARNING  | [ANOMALY] Price spike detected: EURGBP-OTC 2026-07-28 12:48:00 change: 0.0005
2026-07-28 20:42:03,266 | WARNING  | [ANOMALY] Price spike detected: GBPUSD-OTC 2026-07-28 12:45:00 change: -0.0001
2026-07-28 20:42:03,267 | WARNING  | [ANOMALY] Price spike detected: EURUSD 2026-07-28 13:34:00 change: 0.0000
2026-07-28 20:42:03,267 | WARNING  | [ANOMALY] Price spike detected: EURGBP 2026-07-28 12:56:00 change: 0.0000
2026-07-28 20:42:03,267 | WARNING  | [ANOMALY] Price spike detected: EURGBP-OTC 2026-07-28 12:49:00 change: -0.0001
2026-07-28 20:42:03,267 | WARNING  | [ANOMALY] Price spike detected: GBPUSD-OTC 2026-07-28 12:47:00 change: -0.0005
2026-07-28 20:42:03,268 | WARNING  | [ANOMALY] Price spike detected: EURUSD 2026-07-28 13:35:00 change: 0.0000
2026-07-28 20:42:03,268 | WARNING  | [ANOMALY] Price spike detected: EURGBP 2026-07-28 12:57:00 change: -0.0000
2026-07-28 20:42:03,268 | WARNING  | [ANOMALY] Price spike detected: EURGBP-OTC 2026-07-28 12:50:00 change: 0.0001
2026-07-28 20:42:03,268 | WARNING  | [ANOMALY] Price spike detected: GBPUSD-OTC 2026-07-28 12:48:00 change: -0.0005
2026-07-28 20:42:03,268 | WARNING  | [ANOMALY] Price spike detected: EURUSD 2026-07-28 13:36:00 change: -0.0001
2026-07-28 20:42:03,269 | WARNING  | [ANOMALY] Price spike detected: EURGBP 2026-07-28 12:58:00 change: -0.0000
2026-07-28 20:42:03,269 | WARNING  | [ANOMALY] Price spike detected: EURGBP-OTC 2026-07-28 12:52:00 change: -0.0002
2026-07-28 20:42:03,269 | WARNING  | [ANOMALY] Price spike detected: GBPUSD-OTC 2026-07-28 12:50:00 change: -0.0004
2026-07-28 20:42:03,270 | WARNING  | [ANOMALY] Price spike detected: EURUSD 2026-07-28 13:37:00 change: -0.0000
2026-07-28 20:42:03,270 | WARNING  | [ANOMALY] Price spike detected: EURGBP 2026-07-28 12:59:00 change: -0.0001
2026-07-28 20:42:03,270 | WARNING  | [ANOMALY] Price spike detected: EURGBP-OTC 2026-07-28 12:54:00 change: 0.0001
2026-07-28 20:42:03,270 | WARNING  | [ANOMALY] Price spike detected: GBPUSD-OTC 2026-07-28 12:51:00 change: -0.0004
2026-07-28 20:42:03,271 | WARNING  | [ANOMALY] Price spike detected: EURUSD 2026-07-28 13:38:00 change: 0.0001
2026-07-28 20:42:03,271 | WARNING  | [ANOMALY] Price spike detected: EURGBP 2026-07-28 13:00:00 change: -0.0000
2026-07-28 20:42:03,271 | WARNING  | [ANOMALY] Price spike detected: EURGBP-OTC 2026-07-28 12:58:00 change: -0.0002
2026-07-28 20:42:03,272 | WARNING  | [ANOMALY] Price spike detected: GBPUSD-OTC 2026-07-28 12:52:00 change: -0.0004
2026-07-28 20:42:03,273 | WARNING  | [ANOMALY] Price spike detected: GBPUSD-OTC 2026-07-28 12:55:00 change: -0.0001
2026-07-28 20:42:03,272 | WARNING  | [ANOMALY] Price spike detected: EURUSD 2026-07-28 13:39:00 change: -0.0000
2026-07-28 20:42:03,272 | WARNING  | [ANOMALY] Price spike detected: EURGBP-OTC 2026-07-28 12:59:00 change: -0.0004
2026-07-28 20:42:03,272 | WARNING  | [ANOMALY] Price spike detected: EURGBP 2026-07-28 13:01:00 change: -0.0001
2026-07-28 20:42:03,274 | WARNING  | [ANOMALY] Price spike detected: GBPUSD-OTC 2026-07-28 12:56:00 change: -0.0002
2026-07-28 20:42:03,274 | WARNING  | [ANOMALY] Price spike detected: EURUSD 2026-07-28 13:40:00 change: 0.0001
2026-07-28 20:42:03,275 | WARNING  | [ANOMALY] Price spike detected: EURGBP-OTC 2026-07-28 13:00:00 change: 0.0001
2026-07-28 20:42:03,275 | WARNING  | [ANOMALY] Price spike detected: EURGBP 2026-07-28 13:02:00 change: -0.0000
2026-07-28 20:42:03,275 | WARNING  | [ANOMALY] Price spike detected: GBPUSD-OTC 2026-07-28 12:57:00 change: -0.0003
2026-07-28 20:42:03,277 | WARNING  | [ANOMALY] Price spike detected: EURGBP-OTC 2026-07-28 13:01:00 change: 0.0001
2026-07-28 20:42:03,278 | WARNING  | [ANOMALY] Price spike detected: EURGBP 2026-07-28 13:03:00 change: 0.0001
2026-07-28 20:42:03,278 | WARNING  | [ANOMALY] Price spike detected: GBPUSD-OTC 2026-07-28 12:58:00 change: 0.0001
2026-07-28 20:42:03,280 | WARNING  | [ANOMALY] Price spike detected: EURGBP-OTC 2026-07-28 13:02:00 change: 0.0001
2026-07-28 20:42:03,280 | WARNING  | [ANOMALY] Price spike detected: EURGBP 2026-07-28 13:04:00 change: 0.0001
2026-07-28 20:42:03,282 | WARNING  | [ANOMALY] Price spike detected: GBPUSD-OTC 2026-07-28 12:59:00 change: 0.0005
2026-07-28 20:42:03,290 | WARNING  | [ANOMALY] Total anomalies detected: EURUSD 72
2026-07-28 20:42:03,290 | WARNING  | [ANOMALY] Price spike detected: EURGBP-OTC 2026-07-28 13:04:00 change: -0.0004
2026-07-28 20:42:03,291 | WARNING  | [ANOMALY] Price spike detected: EURGBP 2026-07-28 13:05:00 change: -0.0001
2026-07-28 20:42:03,291 | WARNING  | [ANOMALY] Price spike detected: GBPUSD-OTC 2026-07-28 13:00:00 change: 0.0010
2026-07-28 20:42:03,291 | ERROR    | [ANOMALY] Excessive anomalies threshold exceeded: 1448
2026-07-28 20:42:03,291 | WARNING  | [ANOMALY] Price spike detected: EURGBP-OTC 2026-07-28 13:05:00 change: 0.0004
2026-07-28 20:42:03,292 | WARNING  | [ANOMALY] Price spike detected: EURGBP 2026-07-28 13:07:00 change: 0.0000
2026-07-28 20:42:03,292 | WARNING  | [ANOMALY] Price spike detected: GBPUSD-OTC 2026-07-28 13:02:00 change: 0.0003
2026-07-28 20:42:03,292 | INFO     | [DataAdapter] M1 anomaly detection completed for EURUSD in 0.967s
2026-07-28 20:42:03,292 | WARNING  | [ANOMALY] Price spike detected: EURGBP-OTC 2026-07-28 13:07:00 change: 0.0003
2026-07-28 20:42:03,293 | WARNING  | [ANOMALY] Price spike detected: EURGBP 2026-07-28 13:08:00 change: 0.0001
2026-07-28 20:42:03,294 | WARNING  | [ANOMALY] Price spike detected: GBPUSD-OTC 2026-07-28 13:04:00 change: -0.0001
2026-07-28 20:42:03,302 | WARNING  | [ANOMALY] Price spike detected: EURGBP-OTC 2026-07-28 13:08:00 change: 0.0004
2026-07-28 20:42:03,302 | WARNING  | [ANOMALY] Price spike detected: EURGBP 2026-07-28 13:09:00 change: 0.0000
2026-07-28 20:42:03,303 | WARNING  | [ANOMALY] Price spike detected: GBPUSD-OTC 2026-07-28 13:06:00 change: 0.0001
2026-07-28 20:42:03,303 | INFO     | [CSVQueue] Enqueuing write for data_base/csv/iq_option\EURUSD\EURUSD_M1.csv - Queue size: 0
2026-07-28 20:42:03,303 | WARNING  | [ANOMALY] Price spike detected: EURGBP-OTC 2026-07-28 13:09:00 change: 0.0001
2026-07-28 20:42:03,304 | WARNING  | [ANOMALY] Price spike detected: EURGBP 2026-07-28 13:10:00 change: 0.0000
2026-07-28 20:42:03,304 | WARNING  | [ANOMALY] Price spike detected: GBPUSD-OTC 2026-07-28 13:07:00 change: -0.0004
2026-07-28 20:42:03,305 | INFO     | [DataAdapter] M1 data refresh completed for EURUSD
2026-07-28 20:42:03,305 | WARNING  | [ANOMALY] Price spike detected: EURGBP-OTC 2026-07-28 13:10:00 change: -0.0001
2026-07-28 20:42:03,305 | INFO     | [CSVQueue] Processing write for data_base/csv/iq_option\EURUSD\EURUSD_M1.csv
2026-07-28 20:42:03,305 | WARNING  | [ANOMALY] Price spike detected: EURGBP 2026-07-28 13:12:00 change: 0.0001
2026-07-28 20:42:03,306 | WARNING  | [ANOMALY] Price spike detected: GBPUSD-OTC 2026-07-28 13:08:00 change: 0.0005
2026-07-28 20:42:03,306 | INFO     | [DataAdapter] Refreshing M5 data for EURUSD
2026-07-28 20:42:03,306 | WARNING  | [ANOMALY] Price spike detected: EURGBP-OTC 2026-07-28 13:11:00 change: -0.0002
2026-07-28 20:42:03,306 | WARNING  | [ANOMALY] Price spike detected: EURGBP 2026-07-28 13:14:00 change: -0.0000
2026-07-28 20:42:03,307 | INFO     | [CSVWriter] Writing 100 rows to data_base/csv/iq_option\EURUSD\EURUSD_M1.csv
2026-07-28 20:42:03,307 | WARNING  | [ANOMALY] Price spike detected: GBPUSD-OTC 2026-07-28 13:09:00 change: 0.0003
2026-07-28 20:42:03,310 | WARNING  | [ANOMALY] Price spike detected: EURUSD 2026-07-27 17:20:00 change: -0.0001
2026-07-28 20:42:03,311 | WARNING  | [ANOMALY] Price spike detected: EURGBP-OTC 2026-07-28 13:12:00 change: -0.0002
2026-07-28 20:42:03,311 | WARNING  | [ANOMALY] Price spike detected: EURGBP 2026-07-28 13:15:00 change: 0.0001
2026-07-28 20:42:03,315 | WARNING  | [ANOMALY] Price spike detected: GBPUSD-OTC 2026-07-28 13:12:00 change: 0.0006
2026-07-28 20:42:03,315 | WARNING  | [ANOMALY] Price spike detected: EURUSD 2026-07-27 17:30:00 change: 0.0001
2026-07-28 20:42:03,315 | WARNING  | [ANOMALY] Price spike detected: EURGBP-OTC 2026-07-28 13:14:00 change: 0.0002
2026-07-28 20:42:03,315 | WARNING  | [ANOMALY] Price spike detected: EURGBP 2026-07-28 13:17:00 change: 0.0000
2026-07-28 20:42:03,316 | WARNING  | [ANOMALY] Price spike detected: GBPUSD-OTC 2026-07-28 13:13:00 change: -0.0004
2026-07-28 20:42:03,316 | WARNING  | [ANOMALY] Price spike detected: EURUSD 2026-07-27 17:35:00 change: -0.0002
2026-07-28 20:42:03,316 | WARNING  | [ANOMALY] Price spike detected: EURGBP-OTC 2026-07-28 13:15:00 change: -0.0001
2026-07-28 20:42:03,316 | WARNING  | [ANOMALY] Price spike detected: EURGBP 2026-07-28 13:19:00 change: 0.0001
2026-07-28 20:42:03,317 | WARNING  | [ANOMALY] Price spike detected: GBPUSD-OTC 2026-07-28 13:14:00 change: -0.0001
2026-07-28 20:42:03,317 | WARNING  | [ANOMALY] Price spike detected: EURUSD 2026-07-27 17:45:00 change: 0.0001
2026-07-28 20:42:03,317 | WARNING  | [ANOMALY] Price spike detected: EURGBP-OTC 2026-07-28 13:16:00 change: -0.0006
2026-07-28 20:42:03,317 | WARNING  | [ANOMALY] Price spike detected: EURGBP 2026-07-28 13:20:00 change: -0.0000
2026-07-28 20:42:03,318 | WARNING  | [ANOMALY] Price spike detected: GBPUSD-OTC 2026-07-28 13:16:00 change: -0.0001
2026-07-28 20:42:03,318 | WARNING  | [ANOMALY] Price spike detected: EURUSD 2026-07-27 17:50:00 change: 0.0002
2026-07-28 20:42:03,318 | WARNING  | [ANOMALY] Price spike detected: EURGBP-OTC 2026-07-28 13:18:00 change: 0.0002
2026-07-28 20:42:03,318 | WARNING  | [ANOMALY] Price spike detected: EURGBP 2026-07-28 13:21:00 change: -0.0001
2026-07-28 20:42:03,319 | WARNING  | [ANOMALY] Price spike detected: GBPUSD-OTC 2026-07-28 13:17:00 change: 0.0004
2026-07-28 20:42:03,319 | WARNING  | [ANOMALY] Price spike detected: EURUSD 2026-07-27 18:15:00 change: -0.0001
2026-07-28 20:42:03,319 | WARNING  | [ANOMALY] Price spike detected: EURGBP-OTC 2026-07-28 13:19:00 change: 0.0003
2026-07-28 20:42:03,319 | WARNING  | [ANOMALY] Price spike detected: EURGBP 2026-07-28 13:22:00 change: 0.0000
2026-07-28 20:42:03,319 | WARNING  | [ANOMALY] Price spike detected: GBPUSD-OTC 2026-07-28 13:18:00 change: 0.0003
2026-07-28 20:42:03,320 | WARNING  | [ANOMALY] Price spike detected: EURUSD 2026-07-27 18:20:00 change: -0.0001
2026-07-28 20:42:03,320 | WARNING  | [ANOMALY] Price spike detected: EURGBP-OTC 2026-07-28 13:21:00 change: 0.0001
2026-07-28 20:42:03,320 | WARNING  | [ANOMALY] Price spike detected: EURGBP 2026-07-28 13:24:00 change: -0.0001
2026-07-28 20:42:03,320 | WARNING  | [ANOMALY] Price spike detected: GBPUSD-OTC 2026-07-28 13:20:00 change: 0.0001
2026-07-28 20:42:03,320 | WARNING  | [ANOMALY] Price spike detected: EURUSD 2026-07-27 18:30:00 change: -0.0001
2026-07-28 20:42:03,321 | WARNING  | [ANOMALY] Price spike detected: EURGBP-OTC 2026-07-28 13:24:00 change: -0.0002
2026-07-28 20:42:03,321 | WARNING  | [ANOMALY] Price spike detected: EURGBP 2026-07-28 13:25:00 change: -0.0001
2026-07-28 20:42:03,321 | WARNING  | [ANOMALY] Price spike detected: GBPUSD-OTC 2026-07-28 13:21:00 change: 0.0003
2026-07-28 20:42:03,321 | WARNING  | [ANOMALY] Price spike detected: EURUSD 2026-07-27 18:35:00 change: -0.0001
2026-07-28 20:42:03,322 | WARNING  | [ANOMALY] Price spike detected: EURGBP-OTC 2026-07-28 13:25:00 change: -0.0001
2026-07-28 20:42:03,322 | WARNING  | [ANOMALY] Price spike detected: EURGBP 2026-07-28 13:27:00 change: 0.0000
2026-07-28 20:42:03,322 | WARNING  | [ANOMALY] Price spike detected: GBPUSD-OTC 2026-07-28 13:23:00 change: 0.0003
2026-07-28 20:42:03,322 | WARNING  | [ANOMALY] Price spike detected: EURUSD 2026-07-27 18:40:00 change: 0.0001
2026-07-28 20:42:03,322 | WARNING  | [ANOMALY] Price spike detected: EURGBP-OTC 2026-07-28 13:26:00 change: -0.0001
2026-07-28 20:42:03,322 | WARNING  | [ANOMALY] Price spike detected: EURGBP 2026-07-28 13:28:00 change: 0.0001
2026-07-28 20:42:03,323 | WARNING  | [ANOMALY] Price spike detected: GBPUSD-OTC 2026-07-28 13:25:00 change: -0.0006
2026-07-28 20:42:03,323 | WARNING  | [ANOMALY] Price spike detected: EURUSD 2026-07-27 18:45:00 change: -0.0001
2026-07-28 20:42:03,324 | WARNING  | [ANOMALY] Price spike detected: EURUSD 2026-07-27 18:50:00 change: 0.0001
2026-07-28 20:42:03,324 | WARNING  | [ANOMALY] Price spike detected: EURGBP 2026-07-28 13:29:00 change: 0.0000
2026-07-28 20:42:03,324 | WARNING  | [ANOMALY] Price spike detected: GBPUSD-OTC 2026-07-28 13:27:00 change: -0.0005
2026-07-28 20:42:03,323 | WARNING  | [ANOMALY] Price spike detected: EURGBP-OTC 2026-07-28 13:27:00 change: 0.0001
2026-07-28 20:42:03,325 | WARNING  | [ANOMALY] Price spike detected: EURUSD 2026-07-27 18:55:00 change: -0.0001
2026-07-28 20:42:03,325 | WARNING  | [ANOMALY] Price spike detected: EURGBP 2026-07-28 13:30:00 change: -0.0001
2026-07-28 20:42:03,325 | WARNING  | [ANOMALY] Price spike detected: GBPUSD-OTC 2026-07-28 13:29:00 change: 0.0005
2026-07-28 20:42:03,326 | WARNING  | [ANOMALY] Price spike detected: EURGBP-OTC 2026-07-28 13:28:00 change: 0.0002
2026-07-28 20:42:03,326 | WARNING  | [ANOMALY] Price spike detected: EURUSD 2026-07-27 19:00:00 change: -0.0000
2026-07-28 20:42:03,326 | WARNING  | [ANOMALY] Price spike detected: EURGBP 2026-07-28 13:31:00 change: 0.0001
2026-07-28 20:42:03,326 | WARNING  | [ANOMALY] Price spike detected: GBPUSD-OTC 2026-07-28 13:30:00 change: 0.0002
2026-07-28 20:42:03,326 | WARNING  | [ANOMALY] Price spike detected: EURGBP-OTC 2026-07-28 13:29:00 change: -0.0001
2026-07-28 20:42:03,327 | WARNING  | [ANOMALY] Price spike detected: EURUSD 2026-07-27 19:05:00 change: 0.0000
2026-07-28 20:42:03,328 | WARNING  | [ANOMALY] Price spike detected: EURUSD 2026-07-27 19:10:00 change: -0.0000
2026-07-28 20:42:03,327 | WARNING  | [ANOMALY] Price spike detected: GBPUSD-OTC 2026-07-28 13:32:00 change: 0.0002
2026-07-28 20:42:03,327 | WARNING  | [ANOMALY] Price spike detected: EURGBP-OTC 2026-07-28 13:30:00 change: -0.0004
2026-07-28 20:42:03,327 | WARNING  | [ANOMALY] Price spike detected: EURGBP 2026-07-28 13:32:00 change: 0.0001
2026-07-28 20:42:03,328 | WARNING  | [ANOMALY] Price spike detected: EURUSD 2026-07-27 19:15:00 change: 0.0000
2026-07-28 20:42:03,328 | WARNING  | [ANOMALY] Price spike detected: GBPUSD-OTC 2026-07-28 13:33:00 change: -0.0002
2026-07-28 20:42:03,329 | WARNING  | [ANOMALY] Price spike detected: EURGBP-OTC 2026-07-28 13:31:00 change: 0.0003
2026-07-28 20:42:03,329 | WARNING  | [ANOMALY] Price spike detected: EURGBP 2026-07-28 13:33:00 change: -0.0000
2026-07-28 20:42:03,329 | WARNING  | [ANOMALY] Price spike detected: EURUSD 2026-07-27 19:20:00 change: 0.0001
2026-07-28 20:42:03,330 | WARNING  | [ANOMALY] Price spike detected: GBPUSD-OTC 2026-07-28 13:34:00 change: 0.0002
2026-07-28 20:42:03,330 | WARNING  | [ANOMALY] Price spike detected: EURGBP-OTC 2026-07-28 13:32:00 change: 0.0002
2026-07-28 20:42:03,330 | WARNING  | [ANOMALY] Price spike detected: EURGBP 2026-07-28 13:34:00 change: -0.0000
2026-07-28 20:42:03,330 | WARNING  | [ANOMALY] Price spike detected: EURUSD 2026-07-27 19:25:00 change: 0.0001
2026-07-28 20:42:03,330 | WARNING  | [ANOMALY] Price spike detected: GBPUSD-OTC 2026-07-28 13:35:00 change: 0.0006
2026-07-28 20:42:03,330 | WARNING  | [ANOMALY] Price spike detected: EURGBP-OTC 2026-07-28 13:33:00 change: -0.0002
2026-07-28 20:42:03,331 | WARNING  | [ANOMALY] Price spike detected: EURGBP 2026-07-28 13:36:00 change: 0.0001
2026-07-28 20:42:03,331 | WARNING  | [ANOMALY] Price spike detected: EURUSD 2026-07-27 19:30:00 change: 0.0001
2026-07-28 20:42:03,331 | WARNING  | [ANOMALY] Price spike detected: GBPUSD-OTC 2026-07-28 13:36:00 change: 0.0007
2026-07-28 20:42:03,331 | WARNING  | [ANOMALY] Price spike detected: EURGBP-OTC 2026-07-28 13:34:00 change: 0.0001
2026-07-28 20:42:03,331 | WARNING  | [ANOMALY] Price spike detected: EURGBP 2026-07-28 13:40:00 change: -0.0001
2026-07-28 20:42:03,332 | WARNING  | [ANOMALY] Price spike detected: EURUSD 2026-07-27 19:35:00 change: 0.0001
2026-07-28 20:42:03,332 | WARNING  | [ANOMALY] Price spike detected: GBPUSD-OTC 2026-07-28 13:37:00 change: -0.0004
2026-07-28 20:42:03,333 | WARNING  | [ANOMALY] Price spike detected: EURGBP-OTC 2026-07-28 13:35:00 change: -0.0003
2026-07-28 20:42:03,334 | WARNING  | [ANOMALY] Price spike detected: EURGBP 2026-07-28 13:41:00 change: 0.0001
2026-07-28 20:42:03,334 | WARNING  | [ANOMALY] Price spike detected: EURUSD 2026-07-27 19:40:00 change: -0.0000
2026-07-28 20:42:03,335 | WARNING  | [ANOMALY] Price spike detected: GBPUSD-OTC 2026-07-28 13:39:00 change: 0.0003
2026-07-28 20:42:03,335 | WARNING  | [ANOMALY] Price spike detected: EURGBP-OTC 2026-07-28 13:37:00 change: 0.0003
2026-07-28 20:42:03,337 | WARNING  | [ANOMALY] Price spike detected: EURUSD 2026-07-27 19:45:00 change: -0.0002
2026-07-28 20:42:03,338 | WARNING  | [ANOMALY] Price spike detected: GBPUSD-OTC 2026-07-28 13:40:00 change: 0.0001
2026-07-28 20:42:03,341 | WARNING  | [ANOMALY] Price spike detected: EURGBP-OTC 2026-07-28 13:38:00 change: 0.0003
2026-07-28 20:42:03,341 | WARNING  | [ANOMALY] Price spike detected: EURUSD 2026-07-27 19:55:00 change: -0.0001
2026-07-28 20:42:03,347 | WARNING  | [ANOMALY] Price spike detected: EURGBP-OTC 2026-07-28 13:40:00 change: 0.0001
2026-07-28 20:42:03,349 | WARNING  | [ANOMALY] Price spike detected: EURUSD 2026-07-27 20:00:00 change: 0.0001
2026-07-28 20:42:03,368 | INFO     | [CSVWriter] Successfully wrote 102 rows to data_base/csv/iq_option\EURUSD\EURUSD_M1.csv
2026-07-28 20:42:03,370 | WARNING  | [ANOMALY] Total anomalies detected: EURGBP 72
2026-07-28 20:42:03,376 | WARNING  | [ANOMALY] Total anomalies detected: GBPUSD-OTC 70
2026-07-28 20:42:03,376 | WARNING  | [ANOMALY] Price spike detected: EURGBP-OTC 2026-07-28 13:41:00 change: -0.0001
2026-07-28 20:42:03,377 | WARNING  | [ANOMALY] Price spike detected: EURUSD 2026-07-27 20:05:00 change: 0.0000
2026-07-28 20:42:03,377 | INFO     | [CSVQueue] Successfully processed write for data_base/csv/iq_option\EURUSD\EURUSD_M1.csv
2026-07-28 20:42:03,377 | ERROR    | [ANOMALY] Excessive anomalies threshold exceeded: 1635
2026-07-28 20:42:03,377 | ERROR    | [ANOMALY] Excessive anomalies threshold exceeded: 1635
2026-07-28 20:42:03,380 | WARNING  | [ANOMALY] Price spike detected: EURUSD 2026-07-27 20:10:00 change: 0.0001
2026-07-28 20:42:03,380 | INFO     | [CSVQueue] Queue size: 0
2026-07-28 20:42:03,380 | INFO     | [DataAdapter] M1 anomaly detection completed for EURGBP in 0.658s
2026-07-28 20:42:03,380 | INFO     | [DataAdapter] M1 anomaly detection completed for GBPUSD-OTC in 0.270s
2026-07-28 20:42:03,380 | WARNING  | [ANOMALY] Price spike detected: EURUSD 2026-07-27 20:15:00 change: -0.0001
2026-07-28 20:42:03,397 | WARNING  | [ANOMALY] Price spike detected: EURUSD 2026-07-27 20:30:00 change: -0.0002
2026-07-28 20:42:03,401 | WARNING  | [ANOMALY] Price spike detected: EURUSD 2026-07-27 20:40:00 change: -0.0001
2026-07-28 20:42:03,411 | WARNING  | [ANOMALY] Total anomalies detected: EURGBP-OTC 66
2026-07-28 20:42:03,411 | WARNING  | [ANOMALY] Price spike detected: EURUSD 2026-07-27 20:50:00 change: 0.0000
2026-07-28 20:42:03,411 | ERROR    | [ANOMALY] Excessive anomalies threshold exceeded: 1635
2026-07-28 20:42:03,411 | WARNING  | [ANOMALY] Price spike detected: EURUSD 2026-07-27 20:55:00 change: 0.0001
2026-07-28 20:42:03,412 | INFO     | [CSVQueue] Enqueuing write for data_base/csv/iq_option\GBPUSD-OTC\GBPUSD-OTC_M1.csv - Queue size: 0
2026-07-28 20:42:03,412 | INFO     | [DataAdapter] M1 anomaly detection completed for EURGBP-OTC in 0.177s
2026-07-28 20:42:03,413 | INFO     | [CSVQueue] Enqueuing write for data_base/csv/iq_option\EURGBP\EURGBP_M1.csv - Queue size: 0
2026-07-28 20:42:03,413 | WARNING  | [ANOMALY] Price spike detected: EURUSD 2026-07-27 21:05:00 change: 0.0003
2026-07-28 20:42:03,414 | INFO     | [DataAdapter] M1 data refresh completed for GBPUSD-OTC
2026-07-28 20:42:03,421 | INFO     | [DataAdapter] M1 data refresh completed for EURGBP
2026-07-28 20:42:03,425 | WARNING  | [ANOMALY] Price spike detected: EURUSD 2026-07-27 21:15:00 change: 0.0000
2026-07-28 20:42:03,428 | INFO     | [DataAdapter] Refreshing M5 data for GBPUSD-OTC
2026-07-28 20:42:03,428 | INFO     | [CSVQueue] Processing write for data_base/csv/iq_option\GBPUSD-OTC\GBPUSD-OTC_M1.csv
2026-07-28 20:42:03,429 | INFO     | [DataAdapter] Refreshing M5 data for EURGBP
2026-07-28 20:42:03,429 | WARNING  | [ANOMALY] Price spike detected: EURUSD 2026-07-27 21:30:00 change: -0.0001
2026-07-28 20:42:03,430 | INFO     | [CSVQueue] Enqueuing write for data_base/csv/iq_option\EURGBP-OTC\EURGBP-OTC_M1.csv - Queue size: 1
2026-07-28 20:42:03,436 | WARNING  | [ANOMALY] Price spike detected: GBPUSD-OTC 2026-07-27 17:15:00 change: 0.0009
2026-07-28 20:42:03,443 | WARNING  | [ANOMALY] Price spike detected: EURGBP 2026-07-27 17:30:00 change: -0.0001
2026-07-28 20:42:03,443 | WARNING  | [ANOMALY] Price spike detected: EURUSD 2026-07-27 21:35:00 change: -0.0001
2026-07-28 20:42:03,444 | INFO     | [DataAdapter] M1 data refresh completed for EURGBP-OTC
2026-07-28 20:42:03,444 | INFO     | [CSVWriter] Writing 100 rows to data_base/csv/iq_option\GBPUSD-OTC\GBPUSD-OTC_M1.csv
2026-07-28 20:42:03,444 | WARNING  | [ANOMALY] Price spike detected: GBPUSD-OTC 2026-07-27 17:20:00 change: 0.0006
2026-07-28 20:42:03,444 | WARNING  | [ANOMALY] Price spike detected: EURGBP 2026-07-27 17:45:00 change: -0.0001
2026-07-28 20:42:03,445 | WARNING  | [ANOMALY] Price spike detected: EURUSD 2026-07-27 21:40:00 change: 0.0002
2026-07-28 20:42:03,445 | INFO     | [DataAdapter] Refreshing M5 data for EURGBP-OTC
2026-07-28 20:42:03,449 | WARNING  | [ANOMALY] Price spike detected: GBPUSD-OTC 2026-07-27 17:25:00 change: 0.0008
2026-07-28 20:42:03,450 | WARNING  | [ANOMALY] Price spike detected: EURGBP 2026-07-27 17:55:00 change: -0.0001
2026-07-28 20:42:03,450 | WARNING  | [ANOMALY] Price spike detected: EURUSD 2026-07-27 21:50:00 change: -0.0000
2026-07-28 20:42:03,452 | WARNING  | [ANOMALY] Price spike detected: GBPUSD-OTC 2026-07-27 17:35:00 change: -0.0003
2026-07-28 20:42:03,455 | WARNING  | [ANOMALY] Price spike detected: EURGBP 2026-07-27 18:05:00 change: 0.0001
2026-07-28 20:42:03,456 | WARNING  | [ANOMALY] Price spike detected: EURGBP-OTC 2026-07-27 17:20:00 change: -0.0006
2026-07-28 20:42:03,456 | WARNING  | [ANOMALY] Price spike detected: EURUSD 2026-07-27 21:55:00 change: 0.0001
2026-07-28 20:42:03,457 | WARNING  | [ANOMALY] Price spike detected: GBPUSD-OTC 2026-07-27 17:40:00 change: 0.0008
2026-07-28 20:42:03,457 | WARNING  | [ANOMALY] Price spike detected: EURGBP 2026-07-27 18:20:00 change: -0.0000
2026-07-28 20:42:03,457 | WARNING  | [ANOMALY] Price spike detected: EURGBP-OTC 2026-07-27 17:25:00 change: 0.0003
2026-07-28 20:42:03,458 | WARNING  | [ANOMALY] Price spike detected: EURUSD 2026-07-27 22:00:00 change: -0.0001
2026-07-28 20:42:03,458 | WARNING  | [ANOMALY] Price spike detected: GBPUSD-OTC 2026-07-27 17:45:00 change: -0.0007
2026-07-28 20:42:03,458 | WARNING  | [ANOMALY] Price spike detected: EURGBP 2026-07-27 18:35:00 change: -0.0001
2026-07-28 20:42:03,458 | WARNING  | [ANOMALY] Price spike detected: EURGBP-OTC 2026-07-27 17:30:00 change: 0.0005
2026-07-28 20:42:03,459 | WARNING  | [ANOMALY] Price spike detected: EURUSD 2026-07-27 22:10:00 change: -0.0001
2026-07-28 20:42:03,459 | WARNING  | [ANOMALY] Price spike detected: GBPUSD-OTC 2026-07-27 17:50:00 change: 0.0003
2026-07-28 20:42:03,459 | WARNING  | [ANOMALY] Price spike detected: EURGBP 2026-07-27 18:45:00 change: -0.0000
2026-07-28 20:42:03,459 | WARNING  | [ANOMALY] Price spike detected: EURGBP-OTC 2026-07-27 17:35:00 change: -0.0005
2026-07-28 20:42:03,460 | WARNING  | [ANOMALY] Price spike detected: EURUSD 2026-07-27 22:15:00 change: 0.0001
2026-07-28 20:42:03,460 | WARNING  | [ANOMALY] Price spike detected: GBPUSD-OTC 2026-07-27 17:55:00 change: 0.0003
2026-07-28 20:42:03,460 | WARNING  | [ANOMALY] Price spike detected: EURGBP 2026-07-27 18:50:00 change: -0.0000
2026-07-28 20:42:03,461 | WARNING  | [ANOMALY] Price spike detected: EURGBP-OTC 2026-07-27 17:40:00 change: -0.0005
2026-07-28 20:42:03,461 | WARNING  | [ANOMALY] Price spike detected: EURUSD 2026-07-27 22:20:00 change: -0.0001
2026-07-28 20:42:03,461 | WARNING  | [ANOMALY] Price spike detected: GBPUSD-OTC 2026-07-27 18:05:00 change: 0.0004
2026-07-28 20:42:03,462 | WARNING  | [ANOMALY] Price spike detected: EURGBP 2026-07-27 18:55:00 change: 0.0001
2026-07-28 20:42:03,462 | WARNING  | [ANOMALY] Price spike detected: EURGBP-OTC 2026-07-27 17:45:00 change: -0.0005
2026-07-28 20:42:03,462 | WARNING  | [ANOMALY] Price spike detected: EURUSD 2026-07-27 22:40:00 change: -0.0001
2026-07-28 20:42:03,462 | WARNING  | [ANOMALY] Price spike detected: GBPUSD-OTC 2026-07-27 18:10:00 change: 0.0003
2026-07-28 20:42:03,463 | WARNING  | [ANOMALY] Price spike detected: EURGBP 2026-07-27 19:00:00 change: -0.0001
2026-07-28 20:42:03,463 | WARNING  | [ANOMALY] Price spike detected: EURGBP-OTC 2026-07-27 17:50:00 change: 0.0003
2026-07-28 20:42:03,463 | WARNING  | [ANOMALY] Price spike detected: EURUSD 2026-07-27 23:05:00 change: 0.0001
2026-07-28 20:42:03,464 | WARNING  | [ANOMALY] Price spike detected: GBPUSD-OTC 2026-07-27 18:15:00 change: -0.0009
2026-07-28 20:42:03,464 | WARNING  | [ANOMALY] Price spike detected: EURGBP 2026-07-27 19:10:00 change: -0.0000
2026-07-28 20:42:03,464 | WARNING  | [ANOMALY] Price spike detected: EURGBP-OTC 2026-07-27 17:55:00 change: -0.0005
2026-07-28 20:42:03,465 | WARNING  | [ANOMALY] Price spike detected: EURUSD 2026-07-27 23:10:00 change: -0.0001
2026-07-28 20:42:03,465 | WARNING  | [ANOMALY] Price spike detected: GBPUSD-OTC 2026-07-27 18:20:00 change: -0.0003
2026-07-28 20:42:03,465 | WARNING  | [ANOMALY] Price spike detected: EURGBP 2026-07-27 19:15:00 change: -0.0001
2026-07-28 20:42:03,466 | WARNING  | [ANOMALY] Price spike detected: EURGBP-OTC 2026-07-27 18:05:00 change: 0.0003
2026-07-28 20:42:03,466 | WARNING  | [ANOMALY] Price spike detected: EURUSD 2026-07-27 23:15:00 change: 0.0000
2026-07-28 20:42:03,466 | WARNING  | [ANOMALY] Price spike detected: GBPUSD-OTC 2026-07-27 18:25:00 change: 0.0003
2026-07-28 20:42:03,466 | WARNING  | [ANOMALY] Price spike detected: EURGBP 2026-07-27 19:20:00 change: -0.0000
2026-07-28 20:42:03,467 | WARNING  | [ANOMALY] Price spike detected: EURGBP-OTC 2026-07-27 18:10:00 change: -0.0004
2026-07-28 20:42:03,467 | WARNING  | [ANOMALY] Price spike detected: EURUSD 2026-07-27 23:20:00 change: -0.0000
2026-07-28 20:42:03,467 | WARNING  | [ANOMALY] Price spike detected: GBPUSD-OTC 2026-07-27 18:30:00 change: -0.0002
2026-07-28 20:42:03,467 | WARNING  | [ANOMALY] Price spike detected: EURGBP 2026-07-27 19:25:00 change: 0.0000
2026-07-28 20:42:03,467 | WARNING  | [ANOMALY] Price spike detected: EURGBP-OTC 2026-07-27 18:15:00 change: -0.0004
2026-07-28 20:42:03,468 | WARNING  | [ANOMALY] Price spike detected: EURUSD 2026-07-27 23:25:00 change: 0.0000
2026-07-28 20:42:03,468 | WARNING  | [ANOMALY] Price spike detected: GBPUSD-OTC 2026-07-27 18:35:00 change: 0.0004
2026-07-28 20:42:03,468 | WARNING  | [ANOMALY] Price spike detected: EURGBP 2026-07-27 19:45:00 change: 0.0000
2026-07-28 20:42:03,469 | WARNING  | [ANOMALY] Price spike detected: EURGBP-OTC 2026-07-27 18:35:00 change: -0.0011
2026-07-28 20:42:03,469 | WARNING  | [ANOMALY] Price spike detected: EURUSD 2026-07-27 23:30:00 change: -0.0000
2026-07-28 20:42:03,469 | WARNING  | [ANOMALY] Price spike detected: GBPUSD-OTC 2026-07-27 18:40:00 change: 0.0005
2026-07-28 20:42:03,470 | WARNING  | [ANOMALY] Price spike detected: EURGBP 2026-07-27 19:50:00 change: -0.0000
2026-07-28 20:42:03,470 | WARNING  | [ANOMALY] Price spike detected: EURGBP-OTC 2026-07-27 18:40:00 change: -0.0001
2026-07-28 20:42:03,470 | WARNING  | [ANOMALY] Price spike detected: EURUSD 2026-07-27 23:35:00 change: -0.0001
2026-07-28 20:42:03,471 | WARNING  | [ANOMALY] Price spike detected: GBPUSD-OTC 2026-07-27 18:45:00 change: 0.0003
2026-07-28 20:42:03,471 | WARNING  | [ANOMALY] Price spike detected: EURGBP 2026-07-27 19:55:00 change: 0.0000
2026-07-28 20:42:03,472 | WARNING  | [ANOMALY] Price spike detected: EURGBP-OTC 2026-07-27 18:45:00 change: 0.0004
2026-07-28 20:42:03,473 | WARNING  | [ANOMALY] Price spike detected: EURUSD 2026-07-27 23:40:00 change: 0.0001
2026-07-28 20:42:03,476 | WARNING  | [ANOMALY] Price spike detected: GBPUSD-OTC 2026-07-27 18:50:00 change: -0.0002
2026-07-28 20:42:03,477 | WARNING  | [ANOMALY] Price spike detected: EURGBP 2026-07-27 20:00:00 change: 0.0001
2026-07-28 20:42:03,480 | WARNING  | [ANOMALY] Price spike detected: EURGBP 2026-07-27 20:05:00 change: 0.0001
2026-07-28 20:42:03,480 | WARNING  | [ANOMALY] Price spike detected: EURGBP 2026-07-27 20:10:00 change: -0.0000
2026-07-28 20:42:03,480 | WARNING  | [ANOMALY] Price spike detected: EURGBP 2026-07-27 20:15:00 change: -0.0000
2026-07-28 20:42:03,477 | WARNING  | [ANOMALY] Price spike detected: EURGBP-OTC 2026-07-27 18:50:00 change: -0.0005
2026-07-28 20:42:03,477 | WARNING  | [ANOMALY] Price spike detected: EURUSD 2026-07-27 23:45:00 change: -0.0001
2026-07-28 20:42:03,479 | WARNING  | [ANOMALY] Price spike detected: GBPUSD-OTC 2026-07-27 18:55:00 change: -0.0005
2026-07-28 20:42:03,481 | WARNING  | [ANOMALY] Price spike detected: EURGBP 2026-07-27 20:20:00 change: 0.0000
2026-07-28 20:42:03,481 | WARNING  | [ANOMALY] Price spike detected: EURGBP-OTC 2026-07-27 18:55:00 change: 0.0002
2026-07-28 20:42:03,481 | WARNING  | [ANOMALY] Price spike detected: EURUSD 2026-07-27 23:50:00 change: -0.0000
2026-07-28 20:42:03,481 | INFO     | [CSVWriter] Successfully wrote 102 rows to data_base/csv/iq_option\GBPUSD-OTC\GBPUSD-OTC_M1.csv
2026-07-28 20:42:03,482 | WARNING  | [ANOMALY] Price spike detected: GBPUSD-OTC 2026-07-27 19:00:00 change: 0.0002
2026-07-28 20:42:03,482 | WARNING  | [ANOMALY] Price spike detected: EURGBP 2026-07-27 20:25:00 change: -0.0000
2026-07-28 20:42:03,482 | WARNING  | [ANOMALY] Price spike detected: EURGBP-OTC 2026-07-27 19:05:00 change: 0.0002
2026-07-28 20:42:03,484 | WARNING  | [ANOMALY] Price spike detected: EURGBP-OTC 2026-07-27 19:10:00 change: 0.0004
2026-07-28 20:42:03,483 | INFO     | [CSVQueue] Successfully processed write for data_base/csv/iq_option\GBPUSD-OTC\GBPUSD-OTC_M1.csv
2026-07-28 20:42:03,483 | WARNING  | [ANOMALY] Price spike detected: GBPUSD-OTC 2026-07-27 19:05:00 change: -0.0011
2026-07-28 20:42:03,484 | WARNING  | [ANOMALY] Price spike detected: EURGBP 2026-07-27 20:35:00 change: -0.0000
2026-07-28 20:42:03,483 | WARNING  | [ANOMALY] Price spike detected: EURUSD 2026-07-27 23:55:00 change: 0.0001
2026-07-28 20:42:03,484 | WARNING  | [ANOMALY] Price spike detected: EURGBP-OTC 2026-07-27 19:20:00 change: 0.0005
2026-07-28 20:42:03,485 | INFO     | [CSVQueue] Processing write for data_base/csv/iq_option\EURGBP\EURGBP_M1.csv
2026-07-28 20:42:03,485 | WARNING  | [ANOMALY] Price spike detected: GBPUSD-OTC 2026-07-27 19:15:00 change: 0.0003
2026-07-28 20:42:03,485 | WARNING  | [ANOMALY] Price spike detected: EURGBP 2026-07-27 20:40:00 change: -0.0000
2026-07-28 20:42:03,485 | WARNING  | [ANOMALY] Price spike detected: EURUSD 2026-07-28 00:00:00 change: -0.0002
2026-07-28 20:42:03,486 | WARNING  | [ANOMALY] Price spike detected: EURGBP-OTC 2026-07-27 19:25:00 change: -0.0004
2026-07-28 20:42:03,486 | WARNING  | [ANOMALY] Price spike detected: GBPUSD-OTC 2026-07-27 19:20:00 change: 0.0007
2026-07-28 20:42:03,486 | WARNING  | [ANOMALY] Price spike detected: EURGBP 2026-07-27 20:45:00 change: -0.0000
2026-07-28 20:42:03,488 | WARNING  | [ANOMALY] Price spike detected: EURGBP 2026-07-27 20:50:00 change: 0.0000
2026-07-28 20:42:03,487 | WARNING  | [ANOMALY] Price spike detected: EURUSD 2026-07-28 00:05:00 change: 0.0001
2026-07-28 20:42:03,487 | WARNING  | [ANOMALY] Price spike detected: EURGBP-OTC 2026-07-27 19:30:00 change: -0.0008
2026-07-28 20:42:03,487 | WARNING  | [ANOMALY] Price spike detected: GBPUSD-OTC 2026-07-27 19:35:00 change: -0.0011
2026-07-28 20:42:03,488 | WARNING  | [ANOMALY] Price spike detected: EURGBP 2026-07-27 20:55:00 change: -0.0000
2026-07-28 20:42:03,486 | INFO     | [CSVWriter] Writing 100 rows to data_base/csv/iq_option\EURGBP\EURGBP_M1.csv
2026-07-28 20:42:03,488 | WARNING  | [ANOMALY] Price spike detected: EURUSD 2026-07-28 00:10:00 change: -0.0000
2026-07-28 20:42:03,489 | WARNING  | [ANOMALY] Price spike detected: EURGBP-OTC 2026-07-27 19:40:00 change: 0.0004
2026-07-28 20:42:03,489 | WARNING  | [ANOMALY] Price spike detected: GBPUSD-OTC 2026-07-27 19:40:00 change: -0.0003
2026-07-28 20:42:03,489 | WARNING  | [ANOMALY] Price spike detected: EURGBP 2026-07-27 21:00:00 change: -0.0007
2026-07-28 20:42:03,493 | WARNING  | [ANOMALY] Price spike detected: EURUSD 2026-07-28 00:15:00 change: 0.0002
2026-07-28 20:42:03,493 | WARNING  | [ANOMALY] Price spike detected: EURGBP-OTC 2026-07-27 19:55:00 change: -0.0002
2026-07-28 20:42:03,493 | WARNING  | [ANOMALY] Price spike detected: GBPUSD-OTC 2026-07-27 19:45:00 change: 0.0004
2026-07-28 20:42:03,494 | WARNING  | [ANOMALY] Price spike detected: EURGBP 2026-07-27 21:05:00 change: 0.0004
2026-07-28 20:42:03,494 | WARNING  | [ANOMALY] Price spike detected: EURUSD 2026-07-28 00:20:00 change: 0.0001
2026-07-28 20:42:03,494 | WARNING  | [ANOMALY] Price spike detected: EURGBP-OTC 2026-07-27 20:00:00 change: -0.0001
2026-07-28 20:42:03,494 | WARNING  | [ANOMALY] Price spike detected: GBPUSD-OTC 2026-07-27 19:50:00 change: 0.0004
2026-07-28 20:42:03,495 | WARNING  | [ANOMALY] Price spike detected: EURGBP 2026-07-27 21:10:00 change: 0.0001
2026-07-28 20:42:03,495 | WARNING  | [ANOMALY] Price spike detected: EURUSD 2026-07-28 00:25:00 change: 0.0001
2026-07-28 20:42:03,495 | WARNING  | [ANOMALY] Price spike detected: EURGBP-OTC 2026-07-27 20:05:00 change: -0.0002
2026-07-28 20:42:03,495 | WARNING  | [ANOMALY] Price spike detected: GBPUSD-OTC 2026-07-27 19:55:00 change: -0.0008
2026-07-28 20:42:03,496 | WARNING  | [ANOMALY] Price spike detected: GBPUSD-OTC 2026-07-27 20:00:00 change: -0.0004
2026-07-28 20:42:03,496 | WARNING  | [ANOMALY] Price spike detected: EURUSD 2026-07-28 00:35:00 change: 0.0001
2026-07-28 20:42:03,496 | WARNING  | [ANOMALY] Price spike detected: EURGBP-OTC 2026-07-27 20:15:00 change: 0.0003
2026-07-28 20:42:03,497 | WARNING  | [ANOMALY] Price spike detected: GBPUSD-OTC 2026-07-27 20:05:00 change: 0.0002
2026-07-28 20:42:03,496 | WARNING  | [ANOMALY] Price spike detected: EURGBP 2026-07-27 21:20:00 change: 0.0002
2026-07-28 20:42:03,497 | WARNING  | [ANOMALY] Price spike detected: EURUSD 2026-07-28 00:40:00 change: -0.0001
2026-07-28 20:42:03,497 | WARNING  | [ANOMALY] Price spike detected: EURGBP-OTC 2026-07-27 20:20:00 change: 0.0001
2026-07-28 20:42:03,497 | WARNING  | [ANOMALY] Price spike detected: GBPUSD-OTC 2026-07-27 20:15:00 change: -0.0005
2026-07-28 20:42:03,498 | WARNING  | [ANOMALY] Price spike detected: EURGBP 2026-07-27 21:30:00 change: -0.0001
2026-07-28 20:42:03,498 | WARNING  | [ANOMALY] Price spike detected: EURUSD 2026-07-28 00:45:00 change: 0.0000
2026-07-28 20:42:03,498 | WARNING  | [ANOMALY] Price spike detected: EURGBP-OTC 2026-07-27 20:25:00 change: -0.0003
2026-07-28 20:42:03,499 | WARNING  | [ANOMALY] Price spike detected: GBPUSD-OTC 2026-07-27 20:20:00 change: 0.0003
2026-07-28 20:42:03,499 | WARNING  | [ANOMALY] Price spike detected: EURGBP 2026-07-27 21:35:00 change: 0.0001
2026-07-28 20:42:03,499 | WARNING  | [ANOMALY] Price spike detected: EURUSD 2026-07-28 00:50:00 change: -0.0002
2026-07-28 20:42:03,500 | WARNING  | [ANOMALY] Price spike detected: EURGBP-OTC 2026-07-27 20:30:00 change: 0.0006
2026-07-28 20:42:03,501 | WARNING  | [ANOMALY] Price spike detected: GBPUSD-OTC 2026-07-27 20:25:00 change: -0.0006
2026-07-28 20:42:03,502 | WARNING  | [ANOMALY] Price spike detected: EURGBP 2026-07-27 21:40:00 change: -0.0004
2026-07-28 20:42:03,502 | WARNING  | [ANOMALY] Price spike detected: EURUSD 2026-07-28 00:55:00 change: 0.0003
2026-07-28 20:42:03,503 | WARNING  | [ANOMALY] Price spike detected: EURGBP-OTC 2026-07-27 20:35:00 change: 0.0003
2026-07-28 20:42:03,503 | WARNING  | [ANOMALY] Price spike detected: GBPUSD-OTC 2026-07-27 20:30:00 change: -0.0003
2026-07-28 20:42:03,503 | WARNING  | [ANOMALY] Price spike detected: EURGBP 2026-07-27 21:45:00 change: 0.0002
2026-07-28 20:42:03,503 | WARNING  | [ANOMALY] Price spike detected: EURUSD 2026-07-28 01:00:00 change: 0.0001
2026-07-28 20:42:03,504 | WARNING  | [ANOMALY] Price spike detected: EURGBP-OTC 2026-07-27 20:40:00 change: -0.0007
2026-07-28 20:42:03,504 | WARNING  | [ANOMALY] Price spike detected: GBPUSD-OTC 2026-07-27 20:35:00 change: 0.0006
2026-07-28 20:42:03,505 | WARNING  | [ANOMALY] Price spike detected: GBPUSD-OTC 2026-07-27 20:45:00 change: -0.0002
2026-07-28 20:42:03,504 | WARNING  | [ANOMALY] Price spike detected: EURGBP 2026-07-27 22:20:00 change: -0.0001
2026-07-28 20:42:03,505 | WARNING  | [ANOMALY] Price spike detected: EURGBP 2026-07-27 23:00:00 change: 0.0000
2026-07-28 20:42:03,504 | WARNING  | [ANOMALY] Price spike detected: EURUSD 2026-07-28 01:05:00 change: 0.0002
2026-07-28 20:42:03,506 | WARNING  | [ANOMALY] Price spike detected: EURUSD 2026-07-28 01:10:00 change: -0.0002
2026-07-28 20:42:03,506 | WARNING  | [ANOMALY] Price spike detected: EURUSD 2026-07-28 01:15:00 change: -0.0001
2026-07-28 20:42:03,506 | WARNING  | [ANOMALY] Price spike detected: EURGBP 2026-07-27 23:20:00 change: -0.0000
2026-07-28 20:42:03,505 | WARNING  | [ANOMALY] Price spike detected: GBPUSD-OTC 2026-07-27 20:50:00 change: 0.0002
2026-07-28 20:42:03,505 | WARNING  | [ANOMALY] Price spike detected: EURGBP-OTC 2026-07-27 20:45:00 change: 0.0006
2026-07-28 20:42:03,507 | WARNING  | [ANOMALY] Price spike detected: EURUSD 2026-07-28 01:20:00 change: 0.0001
2026-07-28 20:42:03,507 | WARNING  | [ANOMALY] Price spike detected: EURGBP 2026-07-27 23:25:00 change: -0.0000
2026-07-28 20:42:03,507 | WARNING  | [ANOMALY] Price spike detected: GBPUSD-OTC 2026-07-27 20:55:00 change: 0.0006
2026-07-28 20:42:03,507 | WARNING  | [ANOMALY] Price spike detected: EURGBP-OTC 2026-07-27 20:50:00 change: -0.0003
2026-07-28 20:42:03,508 | WARNING  | [ANOMALY] Price spike detected: EURUSD 2026-07-28 01:35:00 change: -0.0000
2026-07-28 20:42:03,509 | WARNING  | [ANOMALY] Price spike detected: EURUSD 2026-07-28 01:40:00 change: -0.0001
2026-07-28 20:42:03,508 | WARNING  | [ANOMALY] Price spike detected: GBPUSD-OTC 2026-07-27 21:00:00 change: -0.0005
2026-07-28 20:42:03,509 | WARNING  | [ANOMALY] Price spike detected: GBPUSD-OTC 2026-07-27 21:05:00 change: 0.0004
2026-07-28 20:42:03,508 | WARNING  | [ANOMALY] Price spike detected: EURGBP 2026-07-27 23:30:00 change: -0.0001
2026-07-28 20:42:03,509 | WARNING  | [ANOMALY] Price spike detected: EURUSD 2026-07-28 01:45:00 change: -0.0001
2026-07-28 20:42:03,508 | WARNING  | [ANOMALY] Price spike detected: EURGBP-OTC 2026-07-27 20:55:00 change: -0.0004
2026-07-28 20:42:03,510 | WARNING  | [ANOMALY] Price spike detected: GBPUSD-OTC 2026-07-27 21:10:00 change: -0.0011
2026-07-28 20:42:03,510 | WARNING  | [ANOMALY] Price spike detected: EURGBP 2026-07-27 23:35:00 change: -0.0000
2026-07-28 20:42:03,511 | WARNING  | [ANOMALY] Price spike detected: EURUSD 2026-07-28 01:55:00 change: 0.0001
2026-07-28 20:42:03,511 | WARNING  | [ANOMALY] Price spike detected: EURGBP-OTC 2026-07-27 21:00:00 change: 0.0002
2026-07-28 20:42:03,511 | WARNING  | [ANOMALY] Price spike detected: GBPUSD-OTC 2026-07-27 21:15:00 change: -0.0008
2026-07-28 20:42:03,512 | WARNING  | [ANOMALY] Price spike detected: EURGBP 2026-07-27 23:40:00 change: 0.0000
2026-07-28 20:42:03,512 | WARNING  | [ANOMALY] Price spike detected: EURUSD 2026-07-28 02:00:00 change: -0.0000
2026-07-28 20:42:03,513 | WARNING  | [ANOMALY] Price spike detected: EURGBP-OTC 2026-07-27 21:05:00 change: -0.0002
2026-07-28 20:42:03,513 | WARNING  | [ANOMALY] Price spike detected: GBPUSD-OTC 2026-07-27 21:25:00 change: -0.0007
2026-07-28 20:42:03,514 | WARNING  | [ANOMALY] Price spike detected: EURGBP 2026-07-27 23:45:00 change: 0.0000
2026-07-28 20:42:03,517 | WARNING  | [ANOMALY] Price spike detected: EURUSD 2026-07-28 02:05:00 change: 0.0002
2026-07-28 20:42:03,518 | WARNING  | [ANOMALY] Price spike detected: EURGBP-OTC 2026-07-27 21:20:00 change: 0.0010
2026-07-28 20:42:03,522 | WARNING  | [ANOMALY] Price spike detected: EURGBP-OTC 2026-07-27 21:25:00 change: 0.0005
2026-07-28 20:42:03,519 | WARNING  | [ANOMALY] Price spike detected: GBPUSD-OTC 2026-07-27 21:30:00 change: 0.0018
2026-07-28 20:42:03,522 | WARNING  | [ANOMALY] Price spike detected: EURUSD 2026-07-28 02:25:00 change: -0.0002
2026-07-28 20:42:03,523 | WARNING  | [ANOMALY] Price spike detected: EURUSD 2026-07-28 02:40:00 change: 0.0001
2026-07-28 20:42:03,521 | WARNING  | [ANOMALY] Price spike detected: EURGBP 2026-07-27 23:50:00 change: -0.0000
2026-07-28 20:42:03,524 | WARNING  | [ANOMALY] Price spike detected: EURGBP 2026-07-27 23:55:00 change: -0.0000
2026-07-28 20:42:03,523 | WARNING  | [ANOMALY] Price spike detected: GBPUSD-OTC 2026-07-27 21:40:00 change: 0.0008
2026-07-28 20:42:03,522 | WARNING  | [ANOMALY] Price spike detected: EURGBP-OTC 2026-07-27 21:30:00 change: 0.0003
2026-07-28 20:42:03,523 | WARNING  | [ANOMALY] Price spike detected: EURUSD 2026-07-28 02:45:00 change: 0.0001
2026-07-28 20:42:03,524 | WARNING  | [ANOMALY] Price spike detected: EURGBP 2026-07-28 00:00:00 change: 0.0000
2026-07-28 20:42:03,525 | WARNING  | [ANOMALY] Price spike detected: EURGBP 2026-07-28 00:05:00 change: 0.0000
2026-07-28 20:42:03,526 | WARNING  | [ANOMALY] Price spike detected: EURGBP 2026-07-28 00:10:00 change: 0.0000
2026-07-28 20:42:03,525 | WARNING  | [ANOMALY] Price spike detected: EURUSD 2026-07-28 02:50:00 change: 0.0003
2026-07-28 20:42:03,525 | WARNING  | [ANOMALY] Price spike detected: EURGBP-OTC 2026-07-27 21:40:00 change: 0.0004
2026-07-28 20:42:03,526 | WARNING  | [ANOMALY] Price spike detected: EURGBP 2026-07-28 00:15:00 change: -0.0000
2026-07-28 20:42:03,522 | INFO     | [CSVWriter] Successfully wrote 102 rows to data_base/csv/iq_option\EURGBP\EURGBP_M1.csv
2026-07-28 20:42:03,526 | WARNING  | [ANOMALY] Price spike detected: EURUSD 2026-07-28 02:55:00 change: -0.0001
2026-07-28 20:42:03,526 | WARNING  | [ANOMALY] Price spike detected: EURGBP-OTC 2026-07-27 21:45:00 change: 0.0003
2026-07-28 20:42:03,527 | WARNING  | [ANOMALY] Price spike detected: EURGBP 2026-07-28 00:20:00 change: 0.0000
2026-07-28 20:42:03,527 | INFO     | [CSVQueue] Successfully processed write for data_base/csv/iq_option\EURGBP\EURGBP_M1.csv
2026-07-28 20:42:03,527 | WARNING  | [ANOMALY] Price spike detected: EURUSD 2026-07-28 03:05:00 change: -0.0001
2026-07-28 20:42:03,528 | WARNING  | [ANOMALY] Price spike detected: EURUSD 2026-07-28 03:10:00 change: -0.0001
2026-07-28 20:42:03,528 | WARNING  | [ANOMALY] Price spike detected: EURUSD 2026-07-28 03:15:00 change: 0.0001
2026-07-28 20:42:03,528 | INFO     | [CSVQueue] Processing write for data_base/csv/iq_option\EURGBP-OTC\EURGBP-OTC_M1.csv
2026-07-28 20:42:03,528 | WARNING  | [ANOMALY] Price spike detected: EURUSD 2026-07-28 03:20:00 change: 0.0001
2026-07-28 20:42:03,528 | WARNING  | [ANOMALY] Price spike detected: EURGBP 2026-07-28 00:25:00 change: -0.0000
2026-07-28 20:42:03,529 | WARNING  | [ANOMALY] Price spike detected: EURUSD 2026-07-28 03:30:00 change: 0.0002
2026-07-28 20:42:03,525 | WARNING  | [ANOMALY] Price spike detected: GBPUSD-OTC 2026-07-27 21:45:00 change: -0.0004
2026-07-28 20:42:03,527 | WARNING  | [ANOMALY] Price spike detected: EURGBP-OTC 2026-07-27 21:55:00 change: -0.0003
2026-07-28 20:42:03,529 | WARNING  | [ANOMALY] Price spike detected: EURGBP 2026-07-28 00:30:00 change: 0.0000
2026-07-28 20:42:03,529 | INFO     | [CSVWriter] Writing 100 rows to data_base/csv/iq_option\EURGBP-OTC\EURGBP-OTC_M1.csv
2026-07-28 20:42:03,531 | WARNING  | [ANOMALY] Price spike detected: EURUSD 2026-07-28 03:35:00 change: -0.0002
2026-07-28 20:42:03,531 | WARNING  | [ANOMALY] Price spike detected: GBPUSD-OTC 2026-07-27 22:00:00 change: 0.0005
2026-07-28 20:42:03,531 | WARNING  | [ANOMALY] Price spike detected: EURGBP-OTC 2026-07-27 22:00:00 change: 0.0004
2026-07-28 20:42:03,531 | WARNING  | [ANOMALY] Price spike detected: EURGBP 2026-07-28 00:40:00 change: 0.0001
2026-07-28 20:42:03,536 | WARNING  | [ANOMALY] Price spike detected: EURUSD 2026-07-28 03:40:00 change: -0.0001
2026-07-28 20:42:03,537 | WARNING  | [ANOMALY] Price spike detected: GBPUSD-OTC 2026-07-27 22:05:00 change: 0.0006
2026-07-28 20:42:03,537 | WARNING  | [ANOMALY] Price spike detected: EURGBP-OTC 2026-07-27 22:15:00 change: -0.0002
2026-07-28 20:42:03,537 | WARNING  | [ANOMALY] Price spike detected: EURGBP 2026-07-28 00:45:00 change: 0.0001
2026-07-28 20:42:03,537 | WARNING  | [ANOMALY] Price spike detected: EURUSD 2026-07-28 03:45:00 change: -0.0001
2026-07-28 20:42:03,538 | WARNING  | [ANOMALY] Price spike detected: GBPUSD-OTC 2026-07-27 22:10:00 change: 0.0005
2026-07-28 20:42:03,538 | WARNING  | [ANOMALY] Price spike detected: EURGBP-OTC 2026-07-27 22:25:00 change: 0.0007
2026-07-28 20:42:03,538 | WARNING  | [ANOMALY] Price spike detected: EURGBP 2026-07-28 00:50:00 change: -0.0000
2026-07-28 20:42:03,539 | WARNING  | [ANOMALY] Price spike detected: EURUSD 2026-07-28 04:00:00 change: -0.0002
2026-07-28 20:42:03,539 | WARNING  | [ANOMALY] Price spike detected: GBPUSD-OTC 2026-07-27 22:15:00 change: -0.0005
2026-07-28 20:42:03,540 | WARNING  | [ANOMALY] Price spike detected: EURGBP-OTC 2026-07-27 22:30:00 change: -0.0003
2026-07-28 20:42:03,540 | WARNING  | [ANOMALY] Price spike detected: EURGBP 2026-07-28 00:55:00 change: 0.0000
2026-07-28 20:42:03,540 | WARNING  | [ANOMALY] Price spike detected: EURUSD 2026-07-28 04:10:00 change: -0.0001
2026-07-28 20:42:03,540 | WARNING  | [ANOMALY] Price spike detected: GBPUSD-OTC 2026-07-27 22:20:00 change: -0.0006
2026-07-28 20:42:03,541 | WARNING  | [ANOMALY] Price spike detected: EURGBP-OTC 2026-07-27 22:35:00 change: 0.0003
2026-07-28 20:42:03,541 | WARNING  | [ANOMALY] Price spike detected: GBPUSD-OTC 2026-07-27 22:25:00 change: -0.0010
2026-07-28 20:42:03,541 | WARNING  | [ANOMALY] Price spike detected: EURUSD 2026-07-28 04:15:00 change: 0.0001
2026-07-28 20:42:03,541 | WARNING  | [ANOMALY] Price spike detected: EURGBP 2026-07-28 01:00:00 change: -0.0000
2026-07-28 20:42:03,542 | WARNING  | [ANOMALY] Price spike detected: EURGBP-OTC 2026-07-27 22:45:00 change: 0.0002
2026-07-28 20:42:03,542 | WARNING  | [ANOMALY] Price spike detected: GBPUSD-OTC 2026-07-27 22:30:00 change: -0.0003
2026-07-28 20:42:03,543 | WARNING  | [ANOMALY] Price spike detected: EURUSD 2026-07-28 04:20:00 change: -0.0001
2026-07-28 20:42:03,543 | WARNING  | [ANOMALY] Price spike detected: EURGBP 2026-07-28 01:05:00 change: 0.0001
2026-07-28 20:42:03,543 | WARNING  | [ANOMALY] Price spike detected: EURGBP-OTC 2026-07-27 22:50:00 change: -0.0007
2026-07-28 20:42:03,545 | WARNING  | [ANOMALY] Price spike detected: EURGBP-OTC 2026-07-27 23:00:00 change: 0.0002
2026-07-28 20:42:03,544 | WARNING  | [ANOMALY] Price spike detected: EURUSD 2026-07-28 04:35:00 change: -0.0000
2026-07-28 20:42:03,544 | WARNING  | [ANOMALY] Price spike detected: EURGBP 2026-07-28 01:10:00 change: 0.0000
2026-07-28 20:42:03,545 | WARNING  | [ANOMALY] Price spike detected: EURGBP-OTC 2026-07-27 23:05:00 change: 0.0001
2026-07-28 20:42:03,546 | WARNING  | [ANOMALY] Price spike detected: EURGBP-OTC 2026-07-27 23:10:00 change: -0.0001
2026-07-28 20:42:03,545 | WARNING  | [ANOMALY] Price spike detected: EURUSD 2026-07-28 04:40:00 change: 0.0000
2026-07-28 20:42:03,545 | WARNING  | [ANOMALY] Price spike detected: EURGBP 2026-07-28 01:15:00 change: -0.0001
2026-07-28 20:42:03,543 | WARNING  | [ANOMALY] Price spike detected: GBPUSD-OTC 2026-07-27 22:35:00 change: -0.0004
2026-07-28 20:42:03,546 | WARNING  | [ANOMALY] Price spike detected: EURGBP-OTC 2026-07-27 23:15:00 change: -0.0007
2026-07-28 20:42:03,546 | WARNING  | [ANOMALY] Price spike detected: EURUSD 2026-07-28 04:45:00 change: -0.0000
2026-07-28 20:42:03,547 | WARNING  | [ANOMALY] Price spike detected: EURGBP 2026-07-28 01:20:00 change: 0.0001
2026-07-28 20:42:03,547 | WARNING  | [ANOMALY] Price spike detected: GBPUSD-OTC 2026-07-27 22:40:00 change: -0.0006
2026-07-28 20:42:03,548 | WARNING  | [ANOMALY] Price spike detected: GBPUSD-OTC 2026-07-27 22:45:00 change: 0.0010
2026-07-28 20:42:03,548 | WARNING  | [ANOMALY] Price spike detected: EURUSD 2026-07-28 04:50:00 change: -0.0002
2026-07-28 20:42:03,548 | WARNING  | [ANOMALY] Price spike detected: EURGBP 2026-07-28 01:25:00 change: -0.0000
2026-07-28 20:42:03,549 | WARNING  | [ANOMALY] Price spike detected: GBPUSD-OTC 2026-07-27 22:50:00 change: -0.0010
2026-07-28 20:42:03,549 | WARNING  | [ANOMALY] Price spike detected: GBPUSD-OTC 2026-07-27 22:55:00 change: 0.0008
2026-07-28 20:42:03,547 | WARNING  | [ANOMALY] Price spike detected: EURGBP-OTC 2026-07-27 23:20:00 change: 0.0004
2026-07-28 20:42:03,549 | WARNING  | [ANOMALY] Price spike detected: EURUSD 2026-07-28 05:00:00 change: -0.0001
2026-07-28 20:42:03,550 | WARNING  | [ANOMALY] Price spike detected: GBPUSD-OTC 2026-07-27 23:00:00 change: -0.0009
2026-07-28 20:42:03,549 | WARNING  | [ANOMALY] Price spike detected: EURGBP 2026-07-28 01:30:00 change: -0.0000
2026-07-28 20:42:03,550 | WARNING  | [ANOMALY] Price spike detected: EURGBP-OTC 2026-07-27 23:25:00 change: -0.0003
2026-07-28 20:42:03,551 | WARNING  | [ANOMALY] Price spike detected: EURUSD 2026-07-28 05:05:00 change: -0.0003
2026-07-28 20:42:03,551 | WARNING  | [ANOMALY] Price spike detected: GBPUSD-OTC 2026-07-27 23:05:00 change: -0.0004
2026-07-28 20:42:03,551 | WARNING  | [ANOMALY] Price spike detected: EURGBP 2026-07-28 01:35:00 change: 0.0000
2026-07-28 20:42:03,551 | WARNING  | [ANOMALY] Price spike detected: EURGBP-OTC 2026-07-27 23:35:00 change: 0.0001
2026-07-28 20:42:03,551 | WARNING  | [ANOMALY] Price spike detected: EURUSD 2026-07-28 05:10:00 change: -0.0002
2026-07-28 20:42:03,551 | WARNING  | [ANOMALY] Price spike detected: GBPUSD-OTC 2026-07-27 23:10:00 change: -0.0014
2026-07-28 20:42:03,552 | WARNING  | [ANOMALY] Price spike detected: EURGBP 2026-07-28 01:40:00 change: -0.0000
2026-07-28 20:42:03,552 | WARNING  | [ANOMALY] Price spike detected: EURGBP-OTC 2026-07-27 23:40:00 change: 0.0008
2026-07-28 20:42:03,553 | WARNING  | [ANOMALY] Price spike detected: EURUSD 2026-07-28 05:15:00 change: 0.0000
2026-07-28 20:42:03,553 | WARNING  | [ANOMALY] Price spike detected: GBPUSD-OTC 2026-07-27 23:15:00 change: -0.0011
2026-07-28 20:42:03,553 | WARNING  | [ANOMALY] Price spike detected: EURGBP 2026-07-28 01:45:00 change: -0.0000
2026-07-28 20:42:03,553 | WARNING  | [ANOMALY] Price spike detected: EURGBP-OTC 2026-07-27 23:50:00 change: -0.0006
2026-07-28 20:42:03,554 | WARNING  | [ANOMALY] Price spike detected: EURUSD 2026-07-28 05:25:00 change: 0.0003
2026-07-28 20:42:03,554 | WARNING  | [ANOMALY] Price spike detected: GBPUSD-OTC 2026-07-27 23:20:00 change: 0.0006
2026-07-28 20:42:03,555 | WARNING  | [ANOMALY] Price spike detected: EURGBP 2026-07-28 01:50:00 change: 0.0001
2026-07-28 20:42:03,555 | WARNING  | [ANOMALY] Price spike detected: EURGBP-OTC 2026-07-27 23:55:00 change: 0.0008
2026-07-28 20:42:03,555 | WARNING  | [ANOMALY] Price spike detected: EURUSD 2026-07-28 05:35:00 change: -0.0001
2026-07-28 20:42:03,561 | WARNING  | [ANOMALY] Price spike detected: EURUSD 2026-07-28 05:40:00 change: 0.0001
2026-07-28 20:42:03,556 | WARNING  | [ANOMALY] Price spike detected: EURGBP 2026-07-28 01:55:00 change: 0.0000
2026-07-28 20:42:03,559 | WARNING  | [ANOMALY] Price spike detected: EURGBP-OTC 2026-07-28 00:00:00 change: 0.0004
2026-07-28 20:42:03,556 | WARNING  | [ANOMALY] Price spike detected: GBPUSD-OTC 2026-07-27 23:30:00 change: 0.0004
2026-07-28 20:42:03,561 | WARNING  | [ANOMALY] Price spike detected: EURUSD 2026-07-28 05:45:00 change: -0.0001
2026-07-28 20:42:03,566 | WARNING  | [ANOMALY] Price spike detected: EURUSD 2026-07-28 05:50:00 change: 0.0001
2026-07-28 20:42:03,564 | WARNING  | [ANOMALY] Price spike detected: EURGBP-OTC 2026-07-28 00:10:00 change: -0.0003
2026-07-28 20:42:03,565 | WARNING  | [ANOMALY] Price spike detected: GBPUSD-OTC 2026-07-27 23:35:00 change: 0.0004
2026-07-28 20:42:03,566 | WARNING  | [ANOMALY] Price spike detected: EURUSD 2026-07-28 05:55:00 change: 0.0001
2026-07-28 20:42:03,566 | INFO     | [CSVWriter] Successfully wrote 102 rows to data_base/csv/iq_option\EURGBP-OTC\EURGBP-OTC_M1.csv
2026-07-28 20:42:03,567 | WARNING  | [ANOMALY] Price spike detected: EURGBP-OTC 2026-07-28 00:15:00 change: -0.0005
2026-07-28 20:42:03,563 | WARNING  | [ANOMALY] Price spike detected: EURGBP 2026-07-28 02:00:00 change: -0.0000
2026-07-28 20:42:03,567 | WARNING  | [ANOMALY] Price spike detected: GBPUSD-OTC 2026-07-27 23:40:00 change: -0.0007
2026-07-28 20:42:03,567 | WARNING  | [ANOMALY] Price spike detected: EURUSD 2026-07-28 06:00:00 change: 0.0001
2026-07-28 20:42:03,567 | INFO     | [CSVQueue] Successfully processed write for data_base/csv/iq_option\EURGBP-OTC\EURGBP-OTC_M1.csv
2026-07-28 20:42:03,569 | INFO     | [CSVQueue] Queue size: 0
2026-07-28 20:42:03,568 | WARNING  | [ANOMALY] Price spike detected: EURGBP 2026-07-28 02:05:00 change: -0.0001
2026-07-28 20:42:03,568 | WARNING  | [ANOMALY] Price spike detected: GBPUSD-OTC 2026-07-27 23:45:00 change: 0.0007
2026-07-28 20:42:03,569 | WARNING  | [ANOMALY] Price spike detected: EURUSD 2026-07-28 06:05:00 change: -0.0001
2026-07-28 20:42:03,568 | WARNING  | [ANOMALY] Price spike detected: EURGBP-OTC 2026-07-28 00:20:00 change: 0.0010
2026-07-28 20:42:03,569 | WARNING  | [ANOMALY] Price spike detected: EURGBP 2026-07-28 02:15:00 change: 0.0000
2026-07-28 20:42:03,569 | WARNING  | [ANOMALY] Price spike detected: GBPUSD-OTC 2026-07-27 23:50:00 change: -0.0007
2026-07-28 20:42:03,570 | WARNING  | [ANOMALY] Price spike detected: EURUSD 2026-07-28 06:10:00 change: 0.0001
2026-07-28 20:42:03,570 | WARNING  | [ANOMALY] Price spike detected: EURGBP-OTC 2026-07-28 00:25:00 change: 0.0005
2026-07-28 20:42:03,570 | WARNING  | [ANOMALY] Price spike detected: EURGBP 2026-07-28 02:25:00 change: -0.0001
2026-07-28 20:42:03,571 | WARNING  | [ANOMALY] Price spike detected: GBPUSD-OTC 2026-07-28 00:00:00 change: -0.0005
2026-07-28 20:42:03,571 | WARNING  | [ANOMALY] Price spike detected: EURUSD 2026-07-28 06:15:00 change: 0.0000
2026-07-28 20:42:03,571 | WARNING  | [ANOMALY] Price spike detected: EURGBP-OTC 2026-07-28 00:30:00 change: 0.0002
2026-07-28 20:42:03,571 | WARNING  | [ANOMALY] Price spike detected: EURGBP 2026-07-28 02:45:00 change: 0.0000
2026-07-28 20:42:03,572 | WARNING  | [ANOMALY] Price spike detected: GBPUSD-OTC 2026-07-28 00:10:00 change: 0.0002
2026-07-28 20:42:03,572 | WARNING  | [ANOMALY] Price spike detected: EURUSD 2026-07-28 06:20:00 change: 0.0001
2026-07-28 20:42:03,572 | WARNING  | [ANOMALY] Price spike detected: EURGBP-OTC 2026-07-28 00:35:00 change: 0.0005
2026-07-28 20:42:03,573 | WARNING  | [ANOMALY] Price spike detected: EURGBP 2026-07-28 02:50:00 change: 0.0001
2026-07-28 20:42:03,573 | WARNING  | [ANOMALY] Price spike detected: GBPUSD-OTC 2026-07-28 00:20:00 change: 0.0009
2026-07-28 20:42:03,573 | WARNING  | [ANOMALY] Price spike detected: EURUSD 2026-07-28 06:25:00 change: 0.0002
2026-07-28 20:42:03,573 | WARNING  | [ANOMALY] Price spike detected: EURGBP-OTC 2026-07-28 00:50:00 change: -0.0004
2026-07-28 20:42:03,574 | WARNING  | [ANOMALY] Price spike detected: EURGBP 2026-07-28 03:00:00 change: -0.0000
2026-07-28 20:42:03,574 | WARNING  | [ANOMALY] Price spike detected: GBPUSD-OTC 2026-07-28 00:25:00 change: 0.0012
2026-07-28 20:42:03,574 | WARNING  | [ANOMALY] Price spike detected: EURUSD 2026-07-28 06:40:00 change: -0.0001
2026-07-28 20:42:03,575 | WARNING  | [ANOMALY] Price spike detected: EURGBP-OTC 2026-07-28 00:55:00 change: 0.0003
2026-07-28 20:42:03,576 | WARNING  | [ANOMALY] Price spike detected: EURGBP-OTC 2026-07-28 01:00:00 change: -0.0003
2026-07-28 20:42:03,575 | WARNING  | [ANOMALY] Price spike detected: GBPUSD-OTC 2026-07-28 00:30:00 change: 0.0007
2026-07-28 20:42:03,575 | WARNING  | [ANOMALY] Price spike detected: EURUSD 2026-07-28 06:45:00 change: -0.0001
2026-07-28 20:42:03,575 | WARNING  | [ANOMALY] Price spike detected: EURGBP 2026-07-28 03:05:00 change: 0.0000
2026-07-28 20:42:03,576 | WARNING  | [ANOMALY] Price spike detected: EURGBP-OTC 2026-07-28 01:05:00 change: -0.0002
2026-07-28 20:42:03,576 | WARNING  | [ANOMALY] Price spike detected: GBPUSD-OTC 2026-07-28 00:35:00 change: -0.0005
2026-07-28 20:42:03,577 | WARNING  | [ANOMALY] Price spike detected: EURUSD 2026-07-28 06:50:00 change: 0.0003
2026-07-28 20:42:03,577 | WARNING  | [ANOMALY] Price spike detected: EURGBP 2026-07-28 03:10:00 change: -0.0000
2026-07-28 20:42:03,577 | WARNING  | [ANOMALY] Price spike detected: EURGBP-OTC 2026-07-28 01:10:00 change: 0.0008
2026-07-28 20:42:03,578 | WARNING  | [ANOMALY] Price spike detected: GBPUSD-OTC 2026-07-28 00:40:00 change: -0.0005
2026-07-28 20:42:03,579 | WARNING  | [ANOMALY] Price spike detected: GBPUSD-OTC 2026-07-28 00:50:00 change: -0.0005
2026-07-28 20:42:03,579 | WARNING  | [ANOMALY] Price spike detected: EURGBP 2026-07-28 03:15:00 change: -0.0001
2026-07-28 20:42:03,579 | WARNING  | [ANOMALY] Price spike detected: EURGBP-OTC 2026-07-28 01:15:00 change: 0.0004
2026-07-28 20:42:03,578 | WARNING  | [ANOMALY] Price spike detected: EURUSD 2026-07-28 06:55:00 change: -0.0002
2026-07-28 20:42:03,584 | WARNING  | [ANOMALY] Price spike detected: GBPUSD-OTC 2026-07-28 00:55:00 change: -0.0007
2026-07-28 20:42:03,584 | WARNING  | [ANOMALY] Price spike detected: EURGBP 2026-07-28 03:20:00 change: 0.0000
2026-07-28 20:42:03,586 | WARNING  | [ANOMALY] Price spike detected: EURGBP 2026-07-28 03:30:00 change: -0.0000
2026-07-28 20:42:03,585 | WARNING  | [ANOMALY] Price spike detected: EURGBP-OTC 2026-07-28 01:20:00 change: -0.0004
2026-07-28 20:42:03,586 | WARNING  | [ANOMALY] Price spike detected: GBPUSD-OTC 2026-07-28 01:00:00 change: 0.0006
2026-07-28 20:42:03,585 | WARNING  | [ANOMALY] Price spike detected: EURUSD 2026-07-28 07:00:00 change: -0.0001
2026-07-28 20:42:03,586 | WARNING  | [ANOMALY] Price spike detected: EURGBP 2026-07-28 03:35:00 change: -0.0000
2026-07-28 20:42:03,586 | WARNING  | [ANOMALY] Price spike detected: EURGBP-OTC 2026-07-28 01:25:00 change: -0.0002
2026-07-28 20:42:03,587 | WARNING  | [ANOMALY] Price spike detected: GBPUSD-OTC 2026-07-28 01:05:00 change: -0.0003
2026-07-28 20:42:03,587 | WARNING  | [ANOMALY] Price spike detected: EURUSD 2026-07-28 07:05:00 change: 0.0004
2026-07-28 20:42:03,588 | WARNING  | [ANOMALY] Price spike detected: EURUSD 2026-07-28 07:10:00 change: 0.0001
2026-07-28 20:42:03,588 | WARNING  | [ANOMALY] Price spike detected: EURGBP-OTC 2026-07-28 01:35:00 change: -0.0006
2026-07-28 20:42:03,588 | WARNING  | [ANOMALY] Price spike detected: GBPUSD-OTC 2026-07-28 01:10:00 change: 0.0003
2026-07-28 20:42:03,589 | WARNING  | [ANOMALY] Price spike detected: EURUSD 2026-07-28 07:15:00 change: -0.0001
2026-07-28 20:42:03,589 | WARNING  | [ANOMALY] Price spike detected: EURGBP-OTC 2026-07-28 01:40:00 change: -0.0002
2026-07-28 20:42:03,587 | WARNING  | [ANOMALY] Price spike detected: EURGBP 2026-07-28 03:40:00 change: -0.0000
2026-07-28 20:42:03,589 | WARNING  | [ANOMALY] Price spike detected: GBPUSD-OTC 2026-07-28 01:20:00 change: 0.0015
2026-07-28 20:42:03,590 | WARNING  | [ANOMALY] Price spike detected: EURUSD 2026-07-28 07:20:00 change: -0.0002
2026-07-28 20:42:03,590 | WARNING  | [ANOMALY] Price spike detected: EURGBP-OTC 2026-07-28 01:45:00 change: 0.0003
2026-07-28 20:42:03,590 | WARNING  | [ANOMALY] Price spike detected: EURGBP 2026-07-28 03:45:00 change: -0.0000
2026-07-28 20:42:03,590 | WARNING  | [ANOMALY] Price spike detected: GBPUSD-OTC 2026-07-28 01:35:00 change: 0.0003
2026-07-28 20:42:03,592 | WARNING  | [ANOMALY] Price spike detected: GBPUSD-OTC 2026-07-28 01:40:00 change: -0.0002
2026-07-28 20:42:03,591 | WARNING  | [ANOMALY] Price spike detected: EURGBP-OTC 2026-07-28 01:50:00 change: -0.0005
2026-07-28 20:42:03,591 | WARNING  | [ANOMALY] Price spike detected: EURGBP 2026-07-28 03:50:00 change: 0.0001
2026-07-28 20:42:03,592 | WARNING  | [ANOMALY] Price spike detected: GBPUSD-OTC 2026-07-28 01:45:00 change: -0.0005
2026-07-28 20:42:03,591 | WARNING  | [ANOMALY] Price spike detected: EURUSD 2026-07-28 07:30:00 change: 0.0000
2026-07-28 20:42:03,594 | WARNING  | [ANOMALY] Price spike detected: EURGBP-OTC 2026-07-28 02:00:00 change: -0.0008
2026-07-28 20:42:03,594 | WARNING  | [ANOMALY] Price spike detected: EURGBP 2026-07-28 03:55:00 change: 0.0000
2026-07-28 20:42:03,595 | WARNING  | [ANOMALY] Price spike detected: GBPUSD-OTC 2026-07-28 01:50:00 change: 0.0008
2026-07-28 20:42:03,595 | WARNING  | [ANOMALY] Price spike detected: EURUSD 2026-07-28 07:40:00 change: -0.0001
2026-07-28 20:42:03,595 | WARNING  | [ANOMALY] Price spike detected: EURGBP-OTC 2026-07-28 02:10:00 change: -0.0001
2026-07-28 20:42:03,596 | WARNING  | [ANOMALY] Price spike detected: EURGBP 2026-07-28 04:10:00 change: 0.0000
2026-07-28 20:42:03,596 | WARNING  | [ANOMALY] Price spike detected: GBPUSD-OTC 2026-07-28 01:55:00 change: -0.0003
2026-07-28 20:42:03,596 | WARNING  | [ANOMALY] Price spike detected: EURUSD 2026-07-28 07:45:00 change: -0.0002
2026-07-28 20:42:03,597 | WARNING  | [ANOMALY] Price spike detected: EURGBP-OTC 2026-07-28 02:15:00 change: -0.0001
2026-07-28 20:42:03,597 | WARNING  | [ANOMALY] Price spike detected: EURGBP 2026-07-28 04:15:00 change: -0.0001
2026-07-28 20:42:03,597 | WARNING  | [ANOMALY] Price spike detected: GBPUSD-OTC 2026-07-28 02:10:00 change: 0.0010
2026-07-28 20:42:03,597 | WARNING  | [ANOMALY] Price spike detected: EURUSD 2026-07-28 07:50:00 change: -0.0001
2026-07-28 20:42:03,599 | WARNING  | [ANOMALY] Price spike detected: EURUSD 2026-07-28 08:00:00 change: 0.0003
2026-07-28 20:42:03,599 | WARNING  | [ANOMALY] Price spike detected: EURUSD 2026-07-28 08:05:00 change: 0.0001
2026-07-28 20:42:03,598 | WARNING  | [ANOMALY] Price spike detected: EURGBP 2026-07-28 04:20:00 change: 0.0001
2026-07-28 20:42:03,598 | WARNING  | [ANOMALY] Price spike detected: EURGBP-OTC 2026-07-28 02:20:00 change: -0.0003
2026-07-28 20:42:03,598 | WARNING  | [ANOMALY] Price spike detected: GBPUSD-OTC 2026-07-28 02:15:00 change: 0.0002
2026-07-28 20:42:03,599 | WARNING  | [ANOMALY] Price spike detected: EURUSD 2026-07-28 08:10:00 change: -0.0001
2026-07-28 20:42:03,601 | WARNING  | [ANOMALY] Price spike detected: EURUSD 2026-07-28 08:15:00 change: 0.0001
2026-07-28 20:42:03,601 | WARNING  | [ANOMALY] Price spike detected: EURGBP-OTC 2026-07-28 02:25:00 change: -0.0002
2026-07-28 20:42:03,601 | WARNING  | [ANOMALY] Price spike detected: GBPUSD-OTC 2026-07-28 02:20:00 change: 0.0009
2026-07-28 20:42:03,599 | WARNING  | [ANOMALY] Price spike detected: EURGBP 2026-07-28 04:25:00 change: -0.0001
2026-07-28 20:42:03,602 | WARNING  | [ANOMALY] Price spike detected: EURGBP 2026-07-28 04:45:00 change: -0.0001
2026-07-28 20:42:03,602 | WARNING  | [ANOMALY] Price spike detected: EURGBP-OTC 2026-07-28 02:30:00 change: -0.0003
2026-07-28 20:42:03,602 | WARNING  | [ANOMALY] Price spike detected: GBPUSD-OTC 2026-07-28 02:25:00 change: -0.0003
2026-07-28 20:42:03,602 | WARNING  | [ANOMALY] Price spike detected: EURGBP 2026-07-28 04:55:00 change: -0.0001
2026-07-28 20:42:03,601 | WARNING  | [ANOMALY] Price spike detected: EURUSD 2026-07-28 08:20:00 change: 0.0002
2026-07-28 20:42:03,603 | WARNING  | [ANOMALY] Price spike detected: EURGBP-OTC 2026-07-28 02:35:00 change: 0.0003
2026-07-28 20:42:03,604 | WARNING  | [ANOMALY] Price spike detected: GBPUSD-OTC 2026-07-28 02:40:00 change: -0.0010
2026-07-28 20:42:03,604 | WARNING  | [ANOMALY] Price spike detected: EURGBP 2026-07-28 05:00:00 change: -0.0001
2026-07-28 20:42:03,604 | WARNING  | [ANOMALY] Price spike detected: EURUSD 2026-07-28 08:25:00 change: -0.0001
2026-07-28 20:42:03,605 | WARNING  | [ANOMALY] Price spike detected: EURGBP-OTC 2026-07-28 02:40:00 change: -0.0007
2026-07-28 20:42:03,605 | WARNING  | [ANOMALY] Price spike detected: GBPUSD-OTC 2026-07-28 02:45:00 change: -0.0007
2026-07-28 20:42:03,605 | WARNING  | [ANOMALY] Price spike detected: EURGBP 2026-07-28 05:05:00 change: -0.0001
2026-07-28 20:42:03,605 | WARNING  | [ANOMALY] Price spike detected: EURUSD 2026-07-28 08:40:00 change: 0.0001
2026-07-28 20:42:03,606 | WARNING  | [ANOMALY] Price spike detected: EURGBP-OTC 2026-07-28 02:45:00 change: -0.0002
2026-07-28 20:42:03,606 | WARNING  | [ANOMALY] Price spike detected: GBPUSD-OTC 2026-07-28 02:50:00 change: -0.0005
2026-07-28 20:42:03,606 | WARNING  | [ANOMALY] Price spike detected: EURGBP 2026-07-28 05:10:00 change: 0.0001
2026-07-28 20:42:03,607 | WARNING  | [ANOMALY] Price spike detected: EURUSD 2026-07-28 08:45:00 change: 0.0001
2026-07-28 20:42:03,607 | WARNING  | [ANOMALY] Price spike detected: EURGBP-OTC 2026-07-28 02:50:00 change: -0.0003
2026-07-28 20:42:03,607 | WARNING  | [ANOMALY] Price spike detected: GBPUSD-OTC 2026-07-28 02:55:00 change: -0.0004
2026-07-28 20:42:03,608 | WARNING  | [ANOMALY] Price spike detected: EURGBP 2026-07-28 05:15:00 change: 0.0001
2026-07-28 20:42:03,608 | WARNING  | [ANOMALY] Price spike detected: EURUSD 2026-07-28 08:50:00 change: -0.0001
2026-07-28 20:42:03,608 | WARNING  | [ANOMALY] Price spike detected: EURGBP-OTC 2026-07-28 02:55:00 change: 0.0003
2026-07-28 20:42:03,609 | WARNING  | [ANOMALY] Price spike detected: GBPUSD-OTC 2026-07-28 03:00:00 change: 0.0003
2026-07-28 20:42:03,609 | WARNING  | [ANOMALY] Price spike detected: EURGBP 2026-07-28 05:20:00 change: -0.0000
2026-07-28 20:42:03,609 | WARNING  | [ANOMALY] Price spike detected: EURUSD 2026-07-28 08:55:00 change: 0.0001
2026-07-28 20:42:03,609 | WARNING  | [ANOMALY] Price spike detected: EURGBP-OTC 2026-07-28 03:00:00 change: 0.0002
2026-07-28 20:42:03,610 | WARNING  | [ANOMALY] Price spike detected: GBPUSD-OTC 2026-07-28 03:05:00 change: -0.0007
2026-07-28 20:42:03,610 | WARNING  | [ANOMALY] Price spike detected: EURGBP 2026-07-28 05:25:00 change: 0.0000
2026-07-28 20:42:03,610 | WARNING  | [ANOMALY] Price spike detected: EURUSD 2026-07-28 09:00:00 change: -0.0001
2026-07-28 20:42:03,610 | WARNING  | [ANOMALY] Price spike detected: EURGBP-OTC 2026-07-28 03:05:00 change: -0.0005
2026-07-28 20:42:03,611 | WARNING  | [ANOMALY] Price spike detected: GBPUSD-OTC 2026-07-28 03:15:00 change: -0.0005
2026-07-28 20:42:03,611 | WARNING  | [ANOMALY] Price spike detected: EURGBP 2026-07-28 05:30:00 change: 0.0001
2026-07-28 20:42:03,611 | WARNING  | [ANOMALY] Price spike detected: EURUSD 2026-07-28 09:05:00 change: -0.0003
2026-07-28 20:42:03,611 | WARNING  | [ANOMALY] Price spike detected: EURGBP-OTC 2026-07-28 03:15:00 change: -0.0008
2026-07-28 20:42:03,612 | WARNING  | [ANOMALY] Price spike detected: GBPUSD-OTC 2026-07-28 03:20:00 change: 0.0002
2026-07-28 20:42:03,612 | WARNING  | [ANOMALY] Price spike detected: EURGBP 2026-07-28 05:35:00 change: 0.0000
2026-07-28 20:42:03,612 | WARNING  | [ANOMALY] Price spike detected: EURUSD 2026-07-28 09:10:00 change: -0.0001
2026-07-28 20:42:03,613 | WARNING  | [ANOMALY] Price spike detected: EURGBP-OTC 2026-07-28 03:20:00 change: -0.0001
2026-07-28 20:42:03,613 | WARNING  | [ANOMALY] Price spike detected: GBPUSD-OTC 2026-07-28 03:30:00 change: 0.0002
2026-07-28 20:42:03,613 | WARNING  | [ANOMALY] Price spike detected: EURGBP 2026-07-28 05:40:00 change: -0.0000
2026-07-28 20:42:03,613 | WARNING  | [ANOMALY] Price spike detected: EURUSD 2026-07-28 09:15:00 change: 0.0000
2026-07-28 20:42:03,614 | WARNING  | [ANOMALY] Price spike detected: EURGBP-OTC 2026-07-28 03:25:00 change: -0.0003
2026-07-28 20:42:03,614 | WARNING  | [ANOMALY] Price spike detected: GBPUSD-OTC 2026-07-28 03:40:00 change: -0.0005
2026-07-28 20:42:03,614 | WARNING  | [ANOMALY] Price spike detected: EURGBP 2026-07-28 05:45:00 change: 0.0001
2026-07-28 20:42:03,615 | WARNING  | [ANOMALY] Price spike detected: EURUSD 2026-07-28 09:20:00 change: -0.0000
2026-07-28 20:42:03,615 | WARNING  | [ANOMALY] Price spike detected: EURGBP-OTC 2026-07-28 03:30:00 change: -0.0004
2026-07-28 20:42:03,615 | WARNING  | [ANOMALY] Price spike detected: GBPUSD-OTC 2026-07-28 03:45:00 change: -0.0005
2026-07-28 20:42:03,615 | WARNING  | [ANOMALY] Price spike detected: EURGBP 2026-07-28 05:50:00 change: -0.0000
2026-07-28 20:42:03,616 | WARNING  | [ANOMALY] Price spike detected: EURUSD 2026-07-28 09:25:00 change: -0.0001
2026-07-28 20:42:03,616 | WARNING  | [ANOMALY] Price spike detected: EURGBP-OTC 2026-07-28 03:35:00 change: 0.0005
2026-07-28 20:42:03,616 | WARNING  | [ANOMALY] Price spike detected: GBPUSD-OTC 2026-07-28 03:50:00 change: -0.0005
2026-07-28 20:42:03,617 | WARNING  | [ANOMALY] Price spike detected: EURGBP 2026-07-28 05:55:00 change: 0.0001
2026-07-28 20:42:03,617 | WARNING  | [ANOMALY] Price spike detected: EURUSD 2026-07-28 09:30:00 change: -0.0001
2026-07-28 20:42:03,617 | WARNING  | [ANOMALY] Price spike detected: EURGBP-OTC 2026-07-28 03:45:00 change: 0.0007
2026-07-28 20:42:03,618 | WARNING  | [ANOMALY] Price spike detected: EURGBP-OTC 2026-07-28 03:50:00 change: -0.0003
2026-07-28 20:42:03,618 | WARNING  | [ANOMALY] Price spike detected: EURGBP 2026-07-28 06:00:00 change: 0.0001
2026-07-28 20:42:03,618 | WARNING  | [ANOMALY] Price spike detected: EURUSD 2026-07-28 09:40:00 change: -0.0002
2026-07-28 20:42:03,617 | WARNING  | [ANOMALY] Price spike detected: GBPUSD-OTC 2026-07-28 03:55:00 change: 0.0005
2026-07-28 20:42:03,619 | WARNING  | [ANOMALY] Price spike detected: EURGBP-OTC 2026-07-28 03:55:00 change: 0.0007
2026-07-28 20:42:03,619 | WARNING  | [ANOMALY] Price spike detected: EURGBP 2026-07-28 06:05:00 change: -0.0001
2026-07-28 20:42:03,619 | WARNING  | [ANOMALY] Price spike detected: EURUSD 2026-07-28 09:45:00 change: -0.0001
2026-07-28 20:42:03,619 | WARNING  | [ANOMALY] Price spike detected: GBPUSD-OTC 2026-07-28 04:05:00 change: -0.0009
2026-07-28 20:42:03,620 | WARNING  | [ANOMALY] Price spike detected: EURGBP-OTC 2026-07-28 04:00:00 change: -0.0004
2026-07-28 20:42:03,620 | WARNING  | [ANOMALY] Price spike detected: EURGBP 2026-07-28 06:10:00 change: -0.0001
2026-07-28 20:42:03,620 | WARNING  | [ANOMALY] Price spike detected: EURUSD 2026-07-28 09:50:00 change: -0.0001
2026-07-28 20:42:03,621 | WARNING  | [ANOMALY] Price spike detected: GBPUSD-OTC 2026-07-28 04:10:00 change: 0.0009
2026-07-28 20:42:03,621 | WARNING  | [ANOMALY] Price spike detected: EURGBP-OTC 2026-07-28 04:05:00 change: -0.0002
2026-07-28 20:42:03,621 | WARNING  | [ANOMALY] Price spike detected: EURGBP 2026-07-28 06:15:00 change: 0.0000
2026-07-28 20:42:03,621 | WARNING  | [ANOMALY] Price spike detected: EURUSD 2026-07-28 09:55:00 change: -0.0003
2026-07-28 20:42:03,622 | WARNING  | [ANOMALY] Price spike detected: GBPUSD-OTC 2026-07-28 04:20:00 change: 0.0013
2026-07-28 20:42:03,622 | WARNING  | [ANOMALY] Price spike detected: EURGBP-OTC 2026-07-28 04:10:00 change: 0.0005
2026-07-28 20:42:03,622 | WARNING  | [ANOMALY] Price spike detected: EURGBP 2026-07-28 06:20:00 change: 0.0001
2026-07-28 20:42:03,623 | WARNING  | [ANOMALY] Price spike detected: EURUSD 2026-07-28 10:00:00 change: -0.0000
2026-07-28 20:42:03,623 | WARNING  | [ANOMALY] Price spike detected: GBPUSD-OTC 2026-07-28 04:25:00 change: 0.0002
2026-07-28 20:42:03,625 | WARNING  | [ANOMALY] Price spike detected: GBPUSD-OTC 2026-07-28 04:30:00 change: 0.0011
2026-07-28 20:42:03,625 | WARNING  | [ANOMALY] Price spike detected: GBPUSD-OTC 2026-07-28 04:35:00 change: -0.0007
2026-07-28 20:42:03,625 | WARNING  | [ANOMALY] Price spike detected: EURUSD 2026-07-28 10:05:00 change: -0.0001
2026-07-28 20:42:03,626 | WARNING  | [ANOMALY] Price spike detected: EURUSD 2026-07-28 10:10:00 change: 0.0002
2026-07-28 20:42:03,624 | WARNING  | [ANOMALY] Price spike detected: EURGBP-OTC 2026-07-28 04:15:00 change: -0.0018
2026-07-28 20:42:03,626 | WARNING  | [ANOMALY] Price spike detected: EURUSD 2026-07-28 10:15:00 change: -0.0001
2026-07-28 20:42:03,624 | WARNING  | [ANOMALY] Price spike detected: EURGBP 2026-07-28 06:25:00 change: -0.0002
2026-07-28 20:42:03,625 | WARNING  | [ANOMALY] Price spike detected: GBPUSD-OTC 2026-07-28 04:40:00 change: 0.0008
2026-07-28 20:42:03,626 | WARNING  | [ANOMALY] Price spike detected: EURGBP-OTC 2026-07-28 04:20:00 change: -0.0004
2026-07-28 20:42:03,627 | WARNING  | [ANOMALY] Price spike detected: EURUSD 2026-07-28 10:20:00 change: 0.0002
2026-07-28 20:42:03,628 | WARNING  | [ANOMALY] Price spike detected: EURUSD 2026-07-28 10:25:00 change: -0.0001
2026-07-28 20:42:03,627 | WARNING  | [ANOMALY] Price spike detected: GBPUSD-OTC 2026-07-28 04:45:00 change: 0.0015
2026-07-28 20:42:03,628 | WARNING  | [ANOMALY] Price spike detected: EURGBP-OTC 2026-07-28 04:30:00 change: 0.0007
2026-07-28 20:42:03,627 | WARNING  | [ANOMALY] Price spike detected: EURGBP 2026-07-28 06:30:00 change: 0.0002
2026-07-28 20:42:03,628 | WARNING  | [ANOMALY] Price spike detected: EURUSD 2026-07-28 10:30:00 change: 0.0003
2026-07-28 20:42:03,628 | WARNING  | [ANOMALY] Price spike detected: GBPUSD-OTC 2026-07-28 04:55:00 change: 0.0010
2026-07-28 20:42:03,629 | WARNING  | [ANOMALY] Price spike detected: EURGBP-OTC 2026-07-28 04:35:00 change: -0.0011
2026-07-28 20:42:03,629 | WARNING  | [ANOMALY] Price spike detected: EURGBP 2026-07-28 06:35:00 change: -0.0001
2026-07-28 20:42:03,629 | WARNING  | [ANOMALY] Price spike detected: EURUSD 2026-07-28 10:35:00 change: 0.0001
2026-07-28 20:42:03,630 | WARNING  | [ANOMALY] Price spike detected: GBPUSD-OTC 2026-07-28 05:00:00 change: -0.0009
2026-07-28 20:42:03,630 | WARNING  | [ANOMALY] Price spike detected: EURGBP-OTC 2026-07-28 04:40:00 change: -0.0008
2026-07-28 20:42:03,630 | WARNING  | [ANOMALY] Price spike detected: EURGBP 2026-07-28 06:40:00 change: -0.0001
2026-07-28 20:42:03,630 | WARNING  | [ANOMALY] Price spike detected: EURUSD 2026-07-28 10:40:00 change: -0.0003
2026-07-28 20:42:03,630 | WARNING  | [ANOMALY] Price spike detected: GBPUSD-OTC 2026-07-28 05:10:00 change: 0.0009
2026-07-28 20:42:03,631 | WARNING  | [ANOMALY] Price spike detected: EURGBP-OTC 2026-07-28 04:50:00 change: 0.0006
2026-07-28 20:42:03,631 | WARNING  | [ANOMALY] Price spike detected: EURGBP 2026-07-28 06:45:00 change: 0.0000
2026-07-28 20:42:03,631 | WARNING  | [ANOMALY] Price spike detected: EURUSD 2026-07-28 10:45:00 change: 0.0001
2026-07-28 20:42:03,632 | WARNING  | [ANOMALY] Price spike detected: GBPUSD-OTC 2026-07-28 05:15:00 change: -0.0003
2026-07-28 20:42:03,632 | WARNING  | [ANOMALY] Price spike detected: EURGBP-OTC 2026-07-28 05:00:00 change: 0.0002
2026-07-28 20:42:03,632 | WARNING  | [ANOMALY] Price spike detected: EURGBP 2026-07-28 06:50:00 change: -0.0001
2026-07-28 20:42:03,633 | WARNING  | [ANOMALY] Price spike detected: EURUSD 2026-07-28 10:50:00 change: 0.0003
2026-07-28 20:42:03,633 | WARNING  | [ANOMALY] Price spike detected: GBPUSD-OTC 2026-07-28 05:20:00 change: -0.0004
2026-07-28 20:42:03,633 | WARNING  | [ANOMALY] Price spike detected: EURGBP-OTC 2026-07-28 05:10:00 change: 0.0006
2026-07-28 20:42:03,633 | WARNING  | [ANOMALY] Price spike detected: EURGBP 2026-07-28 06:55:00 change: -0.0003
2026-07-28 20:42:03,634 | WARNING  | [ANOMALY] Price spike detected: EURUSD 2026-07-28 10:55:00 change: -0.0001
2026-07-28 20:42:03,634 | WARNING  | [ANOMALY] Price spike detected: GBPUSD-OTC 2026-07-28 05:30:00 change: 0.0002
2026-07-28 20:42:03,634 | WARNING  | [ANOMALY] Price spike detected: EURGBP-OTC 2026-07-28 05:15:00 change: 0.0005
2026-07-28 20:42:03,634 | WARNING  | [ANOMALY] Price spike detected: EURGBP 2026-07-28 07:00:00 change: 0.0002
2026-07-28 20:42:03,635 | WARNING  | [ANOMALY] Price spike detected: EURUSD 2026-07-28 11:00:00 change: -0.0001
2026-07-28 20:42:03,635 | WARNING  | [ANOMALY] Price spike detected: GBPUSD-OTC 2026-07-28 05:35:00 change: 0.0006
2026-07-28 20:42:03,635 | WARNING  | [ANOMALY] Price spike detected: EURGBP-OTC 2026-07-28 05:20:00 change: -0.0012
2026-07-28 20:42:03,636 | WARNING  | [ANOMALY] Price spike detected: EURGBP-OTC 2026-07-28 05:25:00 change: 0.0006
2026-07-28 20:42:03,635 | WARNING  | [ANOMALY] Price spike detected: EURGBP 2026-07-28 07:05:00 change: -0.0001
2026-07-28 20:42:03,636 | WARNING  | [ANOMALY] Price spike detected: GBPUSD-OTC 2026-07-28 05:45:00 change: 0.0010
2026-07-28 20:42:03,635 | WARNING  | [ANOMALY] Price spike detected: EURUSD 2026-07-28 11:05:00 change: -0.0002
2026-07-28 20:42:03,636 | WARNING  | [ANOMALY] Price spike detected: EURGBP-OTC 2026-07-28 05:30:00 change: 0.0004
2026-07-28 20:42:03,637 | WARNING  | [ANOMALY] Price spike detected: EURGBP 2026-07-28 07:15:00 change: -0.0001
2026-07-28 20:42:03,637 | WARNING  | [ANOMALY] Price spike detected: GBPUSD-OTC 2026-07-28 05:50:00 change: 0.0005
2026-07-28 20:42:03,637 | WARNING  | [ANOMALY] Price spike detected: EURUSD 2026-07-28 11:10:00 change: 0.0001
2026-07-28 20:42:03,637 | WARNING  | [ANOMALY] Price spike detected: EURGBP-OTC 2026-07-28 05:35:00 change: 0.0002
2026-07-28 20:42:03,638 | WARNING  | [ANOMALY] Price spike detected: EURGBP 2026-07-28 07:20:00 change: -0.0002
2026-07-28 20:42:03,638 | WARNING  | [ANOMALY] Price spike detected: GBPUSD-OTC 2026-07-28 05:55:00 change: -0.0011
2026-07-28 20:42:03,639 | WARNING  | [ANOMALY] Price spike detected: GBPUSD-OTC 2026-07-28 06:00:00 change: 0.0004
2026-07-28 20:42:03,638 | WARNING  | [ANOMALY] Price spike detected: EURGBP-OTC 2026-07-28 05:40:00 change: 0.0003
2026-07-28 20:42:03,639 | WARNING  | [ANOMALY] Price spike detected: EURGBP 2026-07-28 07:25:00 change: -0.0000
2026-07-28 20:42:03,638 | WARNING  | [ANOMALY] Price spike detected: EURUSD 2026-07-28 11:15:00 change: 0.0003
2026-07-28 20:42:03,639 | WARNING  | [ANOMALY] Price spike detected: GBPUSD-OTC 2026-07-28 06:10:00 change: 0.0004
2026-07-28 20:42:03,641 | WARNING  | [ANOMALY] Price spike detected: GBPUSD-OTC 2026-07-28 06:15:00 change: 0.0005
2026-07-28 20:42:03,640 | WARNING  | [ANOMALY] Price spike detected: EURGBP 2026-07-28 07:35:00 change: 0.0003
2026-07-28 20:42:03,640 | WARNING  | [ANOMALY] Price spike detected: EURUSD 2026-07-28 11:20:00 change: 0.0002
2026-07-28 20:42:03,641 | WARNING  | [ANOMALY] Price spike detected: GBPUSD-OTC 2026-07-28 06:20:00 change: -0.0006
2026-07-28 20:42:03,640 | WARNING  | [ANOMALY] Price spike detected: EURGBP-OTC 2026-07-28 05:45:00 change: 0.0002
2026-07-28 20:42:03,641 | WARNING  | [ANOMALY] Price spike detected: EURGBP 2026-07-28 07:45:00 change: 0.0001
2026-07-28 20:42:03,641 | WARNING  | [ANOMALY] Price spike detected: EURUSD 2026-07-28 11:25:00 change: 0.0001
2026-07-28 20:42:03,642 | WARNING  | [ANOMALY] Price spike detected: GBPUSD-OTC 2026-07-28 06:25:00 change: 0.0004
2026-07-28 20:42:03,642 | WARNING  | [ANOMALY] Price spike detected: EURGBP-OTC 2026-07-28 05:50:00 change: 0.0007
2026-07-28 20:42:03,642 | WARNING  | [ANOMALY] Price spike detected: EURGBP 2026-07-28 07:50:00 change: -0.0002
2026-07-28 20:42:03,643 | WARNING  | [ANOMALY] Price spike detected: EURUSD 2026-07-28 11:30:00 change: -0.0001
2026-07-28 20:42:03,643 | WARNING  | [ANOMALY] Price spike detected: GBPUSD-OTC 2026-07-28 06:30:00 change: -0.0005
2026-07-28 20:42:03,643 | WARNING  | [ANOMALY] Price spike detected: EURGBP-OTC 2026-07-28 05:55:00 change: 0.0006
2026-07-28 20:42:03,643 | WARNING  | [ANOMALY] Price spike detected: EURGBP 2026-07-28 07:55:00 change: 0.0002
2026-07-28 20:42:03,643 | WARNING  | [ANOMALY] Price spike detected: EURUSD 2026-07-28 11:35:00 change: 0.0002
2026-07-28 20:42:03,643 | WARNING  | [ANOMALY] Price spike detected: GBPUSD-OTC 2026-07-28 06:35:00 change: 0.0009
2026-07-28 20:42:03,645 | WARNING  | [ANOMALY] Price spike detected: EURGBP-OTC 2026-07-28 06:00:00 change: -0.0003
2026-07-28 20:42:03,645 | WARNING  | [ANOMALY] Price spike detected: EURGBP 2026-07-28 08:00:00 change: -0.0004
2026-07-28 20:42:03,645 | WARNING  | [ANOMALY] Price spike detected: EURUSD 2026-07-28 11:40:00 change: -0.0002
2026-07-28 20:42:03,645 | WARNING  | [ANOMALY] Price spike detected: GBPUSD-OTC 2026-07-28 06:40:00 change: 0.0010
2026-07-28 20:42:03,646 | WARNING  | [ANOMALY] Price spike detected: EURGBP-OTC 2026-07-28 06:20:00 change: -0.0002
2026-07-28 20:42:03,646 | WARNING  | [ANOMALY] Price spike detected: EURGBP 2026-07-28 08:05:00 change: 0.0001
2026-07-28 20:42:03,646 | WARNING  | [ANOMALY] Price spike detected: EURUSD 2026-07-28 11:45:00 change: -0.0001
2026-07-28 20:42:03,647 | WARNING  | [ANOMALY] Price spike detected: GBPUSD-OTC 2026-07-28 06:55:00 change: 0.0010
2026-07-28 20:42:03,647 | WARNING  | [ANOMALY] Price spike detected: EURGBP-OTC 2026-07-28 06:30:00 change: -0.0004
2026-07-28 20:42:03,647 | WARNING  | [ANOMALY] Price spike detected: EURGBP 2026-07-28 08:25:00 change: 0.0001
2026-07-28 20:42:03,647 | WARNING  | [ANOMALY] Price spike detected: EURUSD 2026-07-28 11:50:00 change: 0.0002
2026-07-28 20:42:03,648 | WARNING  | [ANOMALY] Price spike detected: GBPUSD-OTC 2026-07-28 07:00:00 change: -0.0006
2026-07-28 20:42:03,648 | WARNING  | [ANOMALY] Price spike detected: EURGBP-OTC 2026-07-28 06:35:00 change: 0.0002
2026-07-28 20:42:03,648 | WARNING  | [ANOMALY] Price spike detected: EURGBP 2026-07-28 08:35:00 change: 0.0003
2026-07-28 20:42:03,648 | WARNING  | [ANOMALY] Price spike detected: EURUSD 2026-07-28 11:55:00 change: 0.0001
2026-07-28 20:42:03,648 | WARNING  | [ANOMALY] Price spike detected: GBPUSD-OTC 2026-07-28 07:05:00 change: -0.0005
2026-07-28 20:42:03,649 | WARNING  | [ANOMALY] Price spike detected: EURGBP-OTC 2026-07-28 06:40:00 change: 0.0007
2026-07-28 20:42:03,649 | WARNING  | [ANOMALY] Price spike detected: EURGBP 2026-07-28 08:40:00 change: -0.0001
2026-07-28 20:42:03,649 | WARNING  | [ANOMALY] Price spike detected: EURUSD 2026-07-28 12:00:00 change: -0.0001
2026-07-28 20:42:03,650 | WARNING  | [ANOMALY] Price spike detected: GBPUSD-OTC 2026-07-28 07:10:00 change: 0.0003
2026-07-28 20:42:03,650 | WARNING  | [ANOMALY] Price spike detected: EURGBP-OTC 2026-07-28 06:45:00 change: 0.0002
2026-07-28 20:42:03,650 | WARNING  | [ANOMALY] Price spike detected: EURGBP 2026-07-28 08:45:00 change: -0.0001
2026-07-28 20:42:03,651 | WARNING  | [ANOMALY] Price spike detected: EURUSD 2026-07-28 12:05:00 change: 0.0003
2026-07-28 20:42:03,651 | WARNING  | [ANOMALY] Price spike detected: GBPUSD-OTC 2026-07-28 07:15:00 change: 0.0006
2026-07-28 20:42:03,651 | WARNING  | [ANOMALY] Price spike detected: EURGBP-OTC 2026-07-28 06:55:00 change: -0.0002
2026-07-28 20:42:03,651 | WARNING  | [ANOMALY] Price spike detected: EURGBP 2026-07-28 08:50:00 change: 0.0001
2026-07-28 20:42:03,652 | WARNING  | [ANOMALY] Price spike detected: EURUSD 2026-07-28 12:10:00 change: -0.0001
2026-07-28 20:42:03,652 | WARNING  | [ANOMALY] Price spike detected: GBPUSD-OTC 2026-07-28 07:20:00 change: -0.0009
2026-07-28 20:42:03,652 | WARNING  | [ANOMALY] Price spike detected: EURGBP-OTC 2026-07-28 07:10:00 change: -0.0008
2026-07-28 20:42:03,652 | WARNING  | [ANOMALY] Price spike detected: EURGBP 2026-07-28 08:55:00 change: -0.0001
2026-07-28 20:42:03,653 | WARNING  | [ANOMALY] Price spike detected: EURUSD 2026-07-28 12:20:00 change: -0.0001
2026-07-28 20:42:03,653 | WARNING  | [ANOMALY] Price spike detected: GBPUSD-OTC 2026-07-28 07:25:00 change: 0.0010
2026-07-28 20:42:03,653 | WARNING  | [ANOMALY] Price spike detected: EURGBP-OTC 2026-07-28 07:15:00 change: 0.0006
2026-07-28 20:42:03,654 | WARNING  | [ANOMALY] Price spike detected: EURGBP 2026-07-28 09:05:00 change: 0.0002
2026-07-28 20:42:03,654 | WARNING  | [ANOMALY] Price spike detected: EURUSD 2026-07-28 12:25:00 change: -0.0001
2026-07-28 20:42:03,654 | WARNING  | [ANOMALY] Price spike detected: GBPUSD-OTC 2026-07-28 07:30:00 change: -0.0005
2026-07-28 20:42:03,654 | WARNING  | [ANOMALY] Price spike detected: EURGBP-OTC 2026-07-28 07:20:00 change: 0.0006
2026-07-28 20:42:03,655 | WARNING  | [ANOMALY] Price spike detected: EURGBP 2026-07-28 09:15:00 change: 0.0001
2026-07-28 20:42:03,655 | WARNING  | [ANOMALY] Price spike detected: EURUSD 2026-07-28 12:40:00 change: 0.0002
2026-07-28 20:42:03,655 | WARNING  | [ANOMALY] Price spike detected: GBPUSD-OTC 2026-07-28 07:35:00 change: -0.0006
2026-07-28 20:42:03,656 | WARNING  | [ANOMALY] Price spike detected: EURGBP-OTC 2026-07-28 07:25:00 change: -0.0009
2026-07-28 20:42:03,656 | WARNING  | [ANOMALY] Price spike detected: EURGBP 2026-07-28 09:30:00 change: 0.0001
2026-07-28 20:42:03,656 | WARNING  | [ANOMALY] Price spike detected: EURUSD 2026-07-28 12:45:00 change: 0.0002
2026-07-28 20:42:03,657 | WARNING  | [ANOMALY] Price spike detected: GBPUSD-OTC 2026-07-28 07:40:00 change: 0.0005
2026-07-28 20:42:03,657 | WARNING  | [ANOMALY] Price spike detected: EURGBP-OTC 2026-07-28 07:30:00 change: 0.0007
2026-07-28 20:42:03,657 | WARNING  | [ANOMALY] Price spike detected: EURGBP 2026-07-28 09:35:00 change: -0.0001
2026-07-28 20:42:03,657 | WARNING  | [ANOMALY] Price spike detected: EURUSD 2026-07-28 12:50:00 change: -0.0002
2026-07-28 20:42:03,657 | WARNING  | [ANOMALY] Price spike detected: GBPUSD-OTC 2026-07-28 07:50:00 change: -0.0008
2026-07-28 20:42:03,657 | WARNING  | [ANOMALY] Price spike detected: EURGBP-OTC 2026-07-28 07:35:00 change: -0.0008
2026-07-28 20:42:03,658 | WARNING  | [ANOMALY] Price spike detected: EURGBP 2026-07-28 09:40:00 change: 0.0001
2026-07-28 20:42:03,658 | WARNING  | [ANOMALY] Price spike detected: EURUSD 2026-07-28 13:00:00 change: 0.0002
2026-07-28 20:42:03,658 | WARNING  | [ANOMALY] Price spike detected: GBPUSD-OTC 2026-07-28 07:55:00 change: 0.0003
2026-07-28 20:42:03,658 | WARNING  | [ANOMALY] Price spike detected: EURGBP-OTC 2026-07-28 07:40:00 change: -0.0006
2026-07-28 20:42:03,659 | WARNING  | [ANOMALY] Price spike detected: EURGBP 2026-07-28 09:45:00 change: 0.0000
2026-07-28 20:42:03,659 | WARNING  | [ANOMALY] Price spike detected: EURUSD 2026-07-28 13:05:00 change: 0.0002
2026-07-28 20:42:03,659 | WARNING  | [ANOMALY] Price spike detected: GBPUSD-OTC 2026-07-28 08:00:00 change: 0.0005
2026-07-28 20:42:03,659 | WARNING  | [ANOMALY] Price spike detected: EURGBP-OTC 2026-07-28 07:50:00 change: -0.0003
2026-07-28 20:42:03,660 | WARNING  | [ANOMALY] Price spike detected: EURGBP 2026-07-28 09:50:00 change: 0.0002
2026-07-28 20:42:03,660 | WARNING  | [ANOMALY] Price spike detected: EURUSD 2026-07-28 13:10:00 change: -0.0002
2026-07-28 20:42:03,660 | WARNING  | [ANOMALY] Price spike detected: GBPUSD-OTC 2026-07-28 08:05:00 change: -0.0002
2026-07-28 20:42:03,661 | WARNING  | [ANOMALY] Price spike detected: EURGBP-OTC 2026-07-28 07:55:00 change: 0.0002
2026-07-28 20:42:03,661 | WARNING  | [ANOMALY] Price spike detected: EURGBP 2026-07-28 09:55:00 change: -0.0002
2026-07-28 20:42:03,661 | WARNING  | [ANOMALY] Price spike detected: EURUSD 2026-07-28 13:15:00 change: 0.0001
2026-07-28 20:42:03,661 | WARNING  | [ANOMALY] Price spike detected: GBPUSD-OTC 2026-07-28 08:10:00 change: -0.0003
2026-07-28 20:42:03,662 | WARNING  | [ANOMALY] Price spike detected: EURGBP-OTC 2026-07-28 08:10:00 change: 0.0002
2026-07-28 20:42:03,662 | WARNING  | [ANOMALY] Price spike detected: EURGBP 2026-07-28 10:00:00 change: 0.0001
2026-07-28 20:42:03,662 | WARNING  | [ANOMALY] Price spike detected: EURUSD 2026-07-28 13:25:00 change: -0.0001
2026-07-28 20:42:03,662 | WARNING  | [ANOMALY] Price spike detected: GBPUSD-OTC 2026-07-28 08:20:00 change: -0.0002
2026-07-28 20:42:03,662 | WARNING  | [ANOMALY] Price spike detected: EURGBP-OTC 2026-07-28 08:15:00 change: -0.0005
2026-07-28 20:42:03,663 | WARNING  | [ANOMALY] Price spike detected: EURGBP 2026-07-28 10:10:00 change: 0.0001
2026-07-28 20:42:03,663 | WARNING  | [ANOMALY] Price spike detected: EURUSD 2026-07-28 13:30:00 change: 0.0002
2026-07-28 20:42:03,663 | WARNING  | [ANOMALY] Price spike detected: GBPUSD-OTC 2026-07-28 08:25:00 change: -0.0003
2026-07-28 20:42:03,663 | WARNING  | [ANOMALY] Price spike detected: EURGBP-OTC 2026-07-28 08:20:00 change: 0.0006
2026-07-28 20:42:03,664 | WARNING  | [ANOMALY] Price spike detected: EURGBP 2026-07-28 10:15:00 change: 0.0001
2026-07-28 20:42:03,664 | WARNING  | [ANOMALY] Price spike detected: EURUSD 2026-07-28 13:35:00 change: -0.0001
2026-07-28 20:42:03,664 | WARNING  | [ANOMALY] Price spike detected: GBPUSD-OTC 2026-07-28 08:30:00 change: 0.0005
2026-07-28 20:42:03,664 | WARNING  | [ANOMALY] Price spike detected: EURGBP-OTC 2026-07-28 08:25:00 change: 0.0009
2026-07-28 20:42:03,665 | WARNING  | [ANOMALY] Price spike detected: EURGBP 2026-07-28 10:20:00 change: -0.0002
2026-07-28 20:42:03,667 | WARNING  | [ANOMALY] Price spike detected: GBPUSD-OTC 2026-07-28 08:35:00 change: -0.0002
2026-07-28 20:42:03,668 | WARNING  | [ANOMALY] Price spike detected: EURGBP-OTC 2026-07-28 08:40:00 change: -0.0008
2026-07-28 20:42:03,668 | WARNING  | [ANOMALY] Price spike detected: EURGBP 2026-07-28 10:30:00 change: 0.0001
2026-07-28 20:42:03,673 | WARNING  | [ANOMALY] Price spike detected: GBPUSD-OTC 2026-07-28 08:45:00 change: -0.0013
2026-07-28 20:42:03,674 | WARNING  | [ANOMALY] Price spike detected: EURGBP-OTC 2026-07-28 08:45:00 change: 0.0004
2026-07-28 20:42:03,674 | WARNING  | [ANOMALY] Price spike detected: EURGBP 2026-07-28 10:45:00 change: 0.0002
2026-07-28 20:42:03,674 | WARNING  | [ANOMALY] Price spike detected: GBPUSD-OTC 2026-07-28 08:50:00 change: 0.0003
2026-07-28 20:42:03,677 | WARNING  | [ANOMALY] Price spike detected: EURGBP-OTC 2026-07-28 08:55:00 change: -0.0007
2026-07-28 20:42:03,677 | WARNING  | [ANOMALY] Price spike detected: EURGBP 2026-07-28 10:50:00 change: 0.0000
2026-07-28 20:42:03,687 | WARNING  | [ANOMALY] Total anomalies detected: EURUSD 187
2026-07-28 20:42:03,687 | WARNING  | [ANOMALY] Price spike detected: GBPUSD-OTC 2026-07-28 08:55:00 change: -0.0006
2026-07-28 20:42:03,687 | WARNING  | [ANOMALY] Price spike detected: EURGBP-OTC 2026-07-28 09:00:00 change: -0.0003
2026-07-28 20:42:03,688 | WARNING  | [ANOMALY] Price spike detected: EURGBP 2026-07-28 10:55:00 change: -0.0002
2026-07-28 20:42:03,688 | ERROR    | [ANOMALY] Excessive anomalies threshold exceeded: 2192
2026-07-28 20:42:03,688 | WARNING  | [ANOMALY] Price spike detected: GBPUSD-OTC 2026-07-28 09:00:00 change: 0.0005
2026-07-28 20:42:03,688 | WARNING  | [ANOMALY] Price spike detected: EURGBP-OTC 2026-07-28 09:05:00 change: 0.0009
2026-07-28 20:42:03,689 | WARNING  | [ANOMALY] Price spike detected: EURGBP 2026-07-28 11:00:00 change: 0.0001
2026-07-28 20:42:03,689 | WARNING  | [ANOMALY] Price spike detected: EURGBP 2026-07-28 11:05:00 change: -0.0002
2026-07-28 20:42:03,689 | WARNING  | [ANOMALY] Price spike detected: GBPUSD-OTC 2026-07-28 09:05:00 change: -0.0008
2026-07-28 20:42:03,689 | WARNING  | [ANOMALY] Price spike detected: EURGBP-OTC 2026-07-28 09:10:00 change: 0.0013
2026-07-28 20:42:03,689 | INFO     | [DataAdapter] M5 anomaly detection completed for EURUSD
2026-07-28 20:42:03,690 | WARNING  | [ANOMALY] Price spike detected: EURGBP 2026-07-28 11:10:00 change: 0.0002
2026-07-28 20:42:03,690 | WARNING  | [ANOMALY] Price spike detected: GBPUSD-OTC 2026-07-28 09:10:00 change: -0.0007
2026-07-28 20:42:03,691 | WARNING  | [ANOMALY] Price spike detected: EURGBP-OTC 2026-07-28 09:15:00 change: 0.0007
2026-07-28 20:42:03,691 | INFO     | [DataAdapter] M5 data refresh completed for EURUSD
2026-07-28 20:42:03,691 | WARNING  | [ANOMALY] Price spike detected: EURGBP 2026-07-28 11:15:00 change: 0.0001
2026-07-28 20:42:03,691 | WARNING  | [ANOMALY] Price spike detected: GBPUSD-OTC 2026-07-28 09:20:00 change: 0.0004
2026-07-28 20:42:03,691 | WARNING  | [ANOMALY] Price spike detected: EURGBP-OTC 2026-07-28 09:20:00 change: -0.0003
2026-07-28 20:42:03,692 | INFO     | [DataAdapter] Refreshing M15 data for EURUSD
2026-07-28 20:42:03,692 | WARNING  | [ANOMALY] Price spike detected: EURGBP 2026-07-28 11:25:00 change: 0.0002
2026-07-28 20:42:03,692 | WARNING  | [ANOMALY] Price spike detected: GBPUSD-OTC 2026-07-28 09:25:00 change: 0.0002
2026-07-28 20:42:03,692 | WARNING  | [ANOMALY] Price spike detected: EURGBP-OTC 2026-07-28 09:25:00 change: 0.0006
2026-07-28 20:42:03,696 | WARNING  | [ANOMALY] Price spike detected: EURUSD 2026-07-28 02:30:00 change: 0.0001
2026-07-28 20:42:03,697 | WARNING  | [ANOMALY] Price spike detected: EURGBP 2026-07-28 11:30:00 change: -0.0001
2026-07-28 20:42:03,697 | WARNING  | [ANOMALY] Price spike detected: GBPUSD-OTC 2026-07-28 09:30:00 change: -0.0004
2026-07-28 20:42:03,697 | WARNING  | [ANOMALY] Price spike detected: EURGBP-OTC 2026-07-28 09:30:00 change: 0.0008
2026-07-28 20:42:03,698 | WARNING  | [ANOMALY] Price spike detected: EURUSD 2026-07-28 02:45:00 change: 0.0003
2026-07-28 20:42:03,698 | WARNING  | [ANOMALY] Price spike detected: EURGBP 2026-07-28 11:35:00 change: 0.0001
2026-07-28 20:42:03,699 | WARNING  | [ANOMALY] Price spike detected: GBPUSD-OTC 2026-07-28 09:35:00 change: -0.0016
2026-07-28 20:42:03,699 | WARNING  | [ANOMALY] Price spike detected: EURGBP-OTC 2026-07-28 09:35:00 change: -0.0006
2026-07-28 20:42:03,699 | WARNING  | [ANOMALY] Price spike detected: EURUSD 2026-07-28 03:00:00 change: -0.0001
2026-07-28 20:42:03,699 | WARNING  | [ANOMALY] Price spike detected: EURGBP 2026-07-28 11:40:00 change: -0.0001
2026-07-28 20:42:03,700 | WARNING  | [ANOMALY] Price spike detected: GBPUSD-OTC 2026-07-28 09:45:00 change: 0.0007
2026-07-28 20:42:03,700 | WARNING  | [ANOMALY] Price spike detected: EURGBP-OTC 2026-07-28 09:40:00 change: -0.0007
2026-07-28 20:42:03,700 | WARNING  | [ANOMALY] Price spike detected: EURUSD 2026-07-28 03:15:00 change: 0.0002
2026-07-28 20:42:03,700 | WARNING  | [ANOMALY] Price spike detected: EURGBP 2026-07-28 11:50:00 change: 0.0002
2026-07-28 20:42:03,701 | WARNING  | [ANOMALY] Price spike detected: GBPUSD-OTC 2026-07-28 09:50:00 change: -0.0005
2026-07-28 20:42:03,701 | WARNING  | [ANOMALY] Price spike detected: EURGBP-OTC 2026-07-28 09:45:00 change: -0.0010
2026-07-28 20:42:03,701 | WARNING  | [ANOMALY] Price spike detected: EURUSD 2026-07-28 03:30:00 change: -0.0001
2026-07-28 20:42:03,701 | WARNING  | [ANOMALY] Price spike detected: EURGBP 2026-07-28 12:00:00 change: -0.0004
2026-07-28 20:42:03,701 | WARNING  | [ANOMALY] Price spike detected: GBPUSD-OTC 2026-07-28 09:55:00 change: 0.0007
2026-07-28 20:42:03,702 | WARNING  | [ANOMALY] Price spike detected: EURGBP-OTC 2026-07-28 09:55:00 change: -0.0004
2026-07-28 20:42:03,702 | WARNING  | [ANOMALY] Price spike detected: EURUSD 2026-07-28 03:45:00 change: -0.0001
2026-07-28 20:42:03,703 | WARNING  | [ANOMALY] Price spike detected: EURGBP 2026-07-28 12:10:00 change: -0.0001
2026-07-28 20:42:03,703 | WARNING  | [ANOMALY] Price spike detected: GBPUSD-OTC 2026-07-28 10:00:00 change: -0.0004
2026-07-28 20:42:03,703 | WARNING  | [ANOMALY] Price spike detected: EURGBP-OTC 2026-07-28 10:05:00 change: -0.0011
2026-07-28 20:42:03,704 | WARNING  | [ANOMALY] Price spike detected: EURUSD 2026-07-28 04:00:00 change: -0.0003
2026-07-28 20:42:03,704 | WARNING  | [ANOMALY] Price spike detected: EURGBP 2026-07-28 12:15:00 change: -0.0001
2026-07-28 20:42:03,704 | WARNING  | [ANOMALY] Price spike detected: GBPUSD-OTC 2026-07-28 10:05:00 change: -0.0004
2026-07-28 20:42:03,705 | WARNING  | [ANOMALY] Price spike detected: EURGBP-OTC 2026-07-28 10:15:00 change: -0.0008
2026-07-28 20:42:03,705 | WARNING  | [ANOMALY] Price spike detected: EURUSD 2026-07-28 04:45:00 change: -0.0002
2026-07-28 20:42:03,706 | WARNING  | [ANOMALY] Price spike detected: EURGBP 2026-07-28 12:20:00 change: -0.0001
2026-07-28 20:42:03,706 | WARNING  | [ANOMALY] Price spike detected: GBPUSD-OTC 2026-07-28 10:10:00 change: 0.0010
2026-07-28 20:42:03,706 | WARNING  | [ANOMALY] Price spike detected: EURGBP-OTC 2026-07-28 10:20:00 change: -0.0005
2026-07-28 20:42:03,706 | WARNING  | [ANOMALY] Price spike detected: EURUSD 2026-07-28 05:00:00 change: -0.0006
2026-07-28 20:42:03,707 | WARNING  | [ANOMALY] Price spike detected: EURGBP 2026-07-28 12:30:00 change: -0.0002
2026-07-28 20:42:03,707 | WARNING  | [ANOMALY] Price spike detected: GBPUSD-OTC 2026-07-28 10:15:00 change: -0.0006
2026-07-28 20:42:03,707 | WARNING  | [ANOMALY] Price spike detected: EURGBP-OTC 2026-07-28 10:25:00 change: -0.0007
2026-07-28 20:42:03,707 | WARNING  | [ANOMALY] Price spike detected: EURUSD 2026-07-28 05:15:00 change: 0.0003
2026-07-28 20:42:03,707 | WARNING  | [ANOMALY] Price spike detected: EURGBP 2026-07-28 12:35:00 change: -0.0001
2026-07-28 20:42:03,708 | WARNING  | [ANOMALY] Price spike detected: GBPUSD-OTC 2026-07-28 10:20:00 change: -0.0004
2026-07-28 20:42:03,708 | WARNING  | [ANOMALY] Price spike detected: EURGBP-OTC 2026-07-28 10:30:00 change: -0.0006
2026-07-28 20:42:03,708 | WARNING  | [ANOMALY] Price spike detected: EURUSD 2026-07-28 06:00:00 change: 0.0001
2026-07-28 20:42:03,708 | WARNING  | [ANOMALY] Price spike detected: EURGBP 2026-07-28 12:40:00 change: -0.0001
2026-07-28 20:42:03,708 | WARNING  | [ANOMALY] Price spike detected: GBPUSD-OTC 2026-07-28 10:25:00 change: -0.0007
2026-07-28 20:42:03,709 | WARNING  | [ANOMALY] Price spike detected: EURGBP-OTC 2026-07-28 10:35:00 change: 0.0004
2026-07-28 20:42:03,709 | WARNING  | [ANOMALY] Price spike detected: EURUSD 2026-07-28 06:15:00 change: 0.0003
2026-07-28 20:42:03,709 | WARNING  | [ANOMALY] Price spike detected: EURGBP 2026-07-28 12:45:00 change: -0.0001
2026-07-28 20:42:03,709 | WARNING  | [ANOMALY] Price spike detected: GBPUSD-OTC 2026-07-28 10:30:00 change: -0.0008
2026-07-28 20:42:03,709 | WARNING  | [ANOMALY] Price spike detected: EURGBP-OTC 2026-07-28 10:45:00 change: 0.0005
2026-07-28 20:42:03,709 | WARNING  | [ANOMALY] Price spike detected: EURUSD 2026-07-28 06:30:00 change: -0.0001
2026-07-28 20:42:03,709 | WARNING  | [ANOMALY] Price spike detected: EURGBP 2026-07-28 12:55:00 change: -0.0001
2026-07-28 20:42:03,709 | WARNING  | [ANOMALY] Price spike detected: GBPUSD-OTC 2026-07-28 10:35:00 change: 0.0002
2026-07-28 20:42:03,710 | WARNING  | [ANOMALY] Price spike detected: EURGBP-OTC 2026-07-28 10:50:00 change: -0.0007
2026-07-28 20:42:03,710 | WARNING  | [ANOMALY] Price spike detected: EURUSD 2026-07-28 06:45:00 change: -0.0001
2026-07-28 20:42:03,710 | WARNING  | [ANOMALY] Price spike detected: EURGBP 2026-07-28 13:00:00 change: 0.0001
2026-07-28 20:42:03,710 | WARNING  | [ANOMALY] Price spike detected: GBPUSD-OTC 2026-07-28 10:40:00 change: 0.0004
2026-07-28 20:42:03,710 | WARNING  | [ANOMALY] Price spike detected: EURGBP-OTC 2026-07-28 10:55:00 change: -0.0011
2026-07-28 20:42:03,711 | WARNING  | [ANOMALY] Price spike detected: EURUSD 2026-07-28 07:00:00 change: 0.0004
2026-07-28 20:42:03,711 | WARNING  | [ANOMALY] Price spike detected: EURGBP 2026-07-28 13:10:00 change: 0.0001
2026-07-28 20:42:03,711 | WARNING  | [ANOMALY] Price spike detected: GBPUSD-OTC 2026-07-28 10:45:00 change: -0.0004
2026-07-28 20:42:03,711 | WARNING  | [ANOMALY] Price spike detected: EURGBP-OTC 2026-07-28 11:00:00 change: -0.0003
2026-07-28 20:42:03,711 | WARNING  | [ANOMALY] Price spike detected: EURUSD 2026-07-28 07:15:00 change: -0.0003
2026-07-28 20:42:03,712 | WARNING  | [ANOMALY] Price spike detected: EURGBP 2026-07-28 13:15:00 change: 0.0002
2026-07-28 20:42:03,712 | WARNING  | [ANOMALY] Price spike detected: GBPUSD-OTC 2026-07-28 10:50:00 change: 0.0003
2026-07-28 20:42:03,712 | WARNING  | [ANOMALY] Price spike detected: EURGBP-OTC 2026-07-28 11:05:00 change: -0.0008
2026-07-28 20:42:03,712 | WARNING  | [ANOMALY] Price spike detected: EURUSD 2026-07-28 07:30:00 change: -0.0001
2026-07-28 20:42:03,713 | WARNING  | [ANOMALY] Price spike detected: EURGBP 2026-07-28 13:20:00 change: -0.0001
2026-07-28 20:42:03,713 | WARNING  | [ANOMALY] Price spike detected: GBPUSD-OTC 2026-07-28 10:55:00 change: -0.0008
2026-07-28 20:42:03,713 | WARNING  | [ANOMALY] Price spike detected: EURGBP-OTC 2026-07-28 11:10:00 change: 0.0006
2026-07-28 20:42:03,713 | WARNING  | [ANOMALY] Price spike detected: EURUSD 2026-07-28 07:45:00 change: -0.0004
2026-07-28 20:42:03,714 | WARNING  | [ANOMALY] Price spike detected: EURGBP 2026-07-28 13:30:00 change: 0.0000
2026-07-28 20:42:03,714 | WARNING  | [ANOMALY] Price spike detected: GBPUSD-OTC 2026-07-28 11:00:00 change: -0.0002
2026-07-28 20:42:03,714 | WARNING  | [ANOMALY] Price spike detected: EURGBP-OTC 2026-07-28 11:15:00 change: -0.0007
2026-07-28 20:42:03,715 | WARNING  | [ANOMALY] Price spike detected: EURUSD 2026-07-28 08:00:00 change: 0.0003
2026-07-28 20:42:03,715 | WARNING  | [ANOMALY] Price spike detected: EURGBP 2026-07-28 13:35:00 change: 0.0001
2026-07-28 20:42:03,715 | WARNING  | [ANOMALY] Price spike detected: GBPUSD-OTC 2026-07-28 11:05:00 change: -0.0005
2026-07-28 20:42:03,715 | WARNING  | [ANOMALY] Price spike detected: EURGBP-OTC 2026-07-28 11:20:00 change: 0.0007
2026-07-28 20:42:03,715 | WARNING  | [ANOMALY] Price spike detected: EURUSD 2026-07-28 08:15:00 change: 0.0002
2026-07-28 20:42:03,717 | WARNING  | [ANOMALY] Price spike detected: GBPUSD-OTC 2026-07-28 11:10:00 change: -0.0018
2026-07-28 20:42:03,718 | WARNING  | [ANOMALY] Price spike detected: EURGBP-OTC 2026-07-28 11:25:00 change: 0.0003
2026-07-28 20:42:03,718 | WARNING  | [ANOMALY] Price spike detected: EURUSD 2026-07-28 08:30:00 change: 0.0001
2026-07-28 20:42:03,720 | WARNING  | [ANOMALY] Price spike detected: GBPUSD-OTC 2026-07-28 11:20:00 change: -0.0008
2026-07-28 20:42:03,721 | WARNING  | [ANOMALY] Price spike detected: EURGBP-OTC 2026-07-28 11:30:00 change: -0.0004
2026-07-28 20:42:03,721 | WARNING  | [ANOMALY] Price spike detected: EURUSD 2026-07-28 08:45:00 change: 0.0001
2026-07-28 20:42:03,721 | WARNING  | [ANOMALY] Price spike detected: GBPUSD-OTC 2026-07-28 11:30:00 change: -0.0002
2026-07-28 20:42:03,733 | WARNING  | [ANOMALY] Total anomalies detected: EURGBP 173
2026-07-28 20:42:03,734 | WARNING  | [ANOMALY] Price spike detected: EURGBP-OTC 2026-07-28 11:35:00 change: 0.0005
2026-07-28 20:42:03,734 | WARNING  | [ANOMALY] Price spike detected: EURUSD 2026-07-28 09:00:00 change: -0.0005
2026-07-28 20:42:03,735 | WARNING  | [ANOMALY] Price spike detected: GBPUSD-OTC 2026-07-28 11:35:00 change: 0.0011
2026-07-28 20:42:03,735 | ERROR    | [ANOMALY] Excessive anomalies threshold exceeded: 2228
2026-07-28 20:42:03,736 | WARNING  | [ANOMALY] Price spike detected: EURGBP-OTC 2026-07-28 11:45:00 change: -0.0002
2026-07-28 20:42:03,736 | WARNING  | [ANOMALY] Price spike detected: EURUSD 2026-07-28 09:15:00 change: -0.0001
2026-07-28 20:42:03,736 | WARNING  | [ANOMALY] Price spike detected: GBPUSD-OTC 2026-07-28 11:40:00 change: 0.0003
2026-07-28 20:42:03,736 | INFO     | [DataAdapter] M5 anomaly detection completed for EURGBP
2026-07-28 20:42:03,737 | WARNING  | [ANOMALY] Price spike detected: EURGBP-OTC 2026-07-28 11:50:00 change: -0.0005
2026-07-28 20:42:03,737 | WARNING  | [ANOMALY] Price spike detected: EURUSD 2026-07-28 09:30:00 change: -0.0003
2026-07-28 20:42:03,737 | WARNING  | [ANOMALY] Price spike detected: GBPUSD-OTC 2026-07-28 11:45:00 change: -0.0006
2026-07-28 20:42:03,737 | INFO     | [DataAdapter] M5 data refresh completed for EURGBP
2026-07-28 20:42:03,737 | WARNING  | [ANOMALY] Price spike detected: EURGBP-OTC 2026-07-28 11:55:00 change: -0.0005
2026-07-28 20:42:03,738 | WARNING  | [ANOMALY] Price spike detected: EURUSD 2026-07-28 09:45:00 change: -0.0005
2026-07-28 20:42:03,738 | WARNING  | [ANOMALY] Price spike detected: GBPUSD-OTC 2026-07-28 11:50:00 change: 0.0007
2026-07-28 20:42:03,738 | INFO     | [DataAdapter] Refreshing M15 data for EURGBP
2026-07-28 20:42:03,738 | WARNING  | [ANOMALY] Price spike detected: EURGBP-OTC 2026-07-28 12:00:00 change: -0.0010
2026-07-28 20:42:03,738 | WARNING  | [ANOMALY] Price spike detected: EURUSD 2026-07-28 10:30:00 change: 0.0001
2026-07-28 20:42:03,739 | WARNING  | [ANOMALY] Price spike detected: GBPUSD-OTC 2026-07-28 11:55:00 change: 0.0005
2026-07-28 20:42:03,741 | WARNING  | [ANOMALY] Price spike detected: EURGBP 2026-07-28 02:45:00 change: 0.0001
2026-07-28 20:42:03,742 | WARNING  | [ANOMALY] Price spike detected: EURGBP-OTC 2026-07-28 12:10:00 change: 0.0004
2026-07-28 20:42:03,742 | WARNING  | [ANOMALY] Price spike detected: EURUSD 2026-07-28 10:45:00 change: 0.0003
2026-07-28 20:42:03,742 | WARNING  | [ANOMALY] Price spike detected: GBPUSD-OTC 2026-07-28 12:10:00 change: -0.0012
2026-07-28 20:42:03,742 | WARNING  | [ANOMALY] Price spike detected: EURGBP 2026-07-28 03:00:00 change: -0.0001
2026-07-28 20:42:03,743 | WARNING  | [ANOMALY] Price spike detected: EURGBP-OTC 2026-07-28 12:15:00 change: 0.0003
2026-07-28 20:42:03,743 | WARNING  | [ANOMALY] Price spike detected: EURUSD 2026-07-28 11:00:00 change: -0.0002
2026-07-28 20:42:03,743 | WARNING  | [ANOMALY] Price spike detected: GBPUSD-OTC 2026-07-28 12:15:00 change: 0.0008
2026-07-28 20:42:03,744 | WARNING  | [ANOMALY] Price spike detected: EURGBP 2026-07-28 03:15:00 change: -0.0001
2026-07-28 20:42:03,744 | WARNING  | [ANOMALY] Price spike detected: EURGBP-OTC 2026-07-28 12:20:00 change: 0.0002
2026-07-28 20:42:03,744 | WARNING  | [ANOMALY] Price spike detected: EURUSD 2026-07-28 11:15:00 change: 0.0006
2026-07-28 20:42:03,744 | WARNING  | [ANOMALY] Price spike detected: GBPUSD-OTC 2026-07-28 12:20:00 change: 0.0005
2026-07-28 20:42:03,745 | WARNING  | [ANOMALY] Price spike detected: EURGBP 2026-07-28 03:30:00 change: -0.0001
2026-07-28 20:42:03,745 | WARNING  | [ANOMALY] Price spike detected: EURGBP-OTC 2026-07-28 12:25:00 change: 0.0003
2026-07-28 20:42:03,745 | WARNING  | [ANOMALY] Price spike detected: EURUSD 2026-07-28 11:30:00 change: -0.0002
2026-07-28 20:42:03,745 | WARNING  | [ANOMALY] Price spike detected: GBPUSD-OTC 2026-07-28 12:25:00 change: -0.0004
2026-07-28 20:42:03,745 | WARNING  | [ANOMALY] Price spike detected: EURGBP 2026-07-28 03:45:00 change: 0.0001
2026-07-28 20:42:03,746 | WARNING  | [ANOMALY] Price spike detected: EURGBP-OTC 2026-07-28 12:30:00 change: 0.0002
2026-07-28 20:42:03,746 | WARNING  | [ANOMALY] Price spike detected: EURUSD 2026-07-28 11:45:00 change: 0.0002
2026-07-28 20:42:03,746 | WARNING  | [ANOMALY] Price spike detected: GBPUSD-OTC 2026-07-28 12:35:00 change: 0.0004
2026-07-28 20:42:03,746 | WARNING  | [ANOMALY] Price spike detected: EURGBP 2026-07-28 04:00:00 change: 0.0000
2026-07-28 20:42:03,746 | WARNING  | [ANOMALY] Price spike detected: EURGBP-OTC 2026-07-28 12:40:00 change: -0.0003
2026-07-28 20:42:03,746 | WARNING  | [ANOMALY] Price spike detected: EURUSD 2026-07-28 12:15:00 change: -0.0002
2026-07-28 20:42:03,747 | WARNING  | [ANOMALY] Price spike detected: GBPUSD-OTC 2026-07-28 12:40:00 change: 0.0004
2026-07-28 20:42:03,747 | WARNING  | [ANOMALY] Price spike detected: EURGBP 2026-07-28 04:15:00 change: -0.0001
2026-07-28 20:42:03,747 | WARNING  | [ANOMALY] Price spike detected: EURGBP-OTC 2026-07-28 12:55:00 change: -0.0006
2026-07-28 20:42:03,747 | WARNING  | [ANOMALY] Price spike detected: EURUSD 2026-07-28 12:30:00 change: 0.0002
2026-07-28 20:42:03,748 | WARNING  | [ANOMALY] Price spike detected: GBPUSD-OTC 2026-07-28 12:45:00 change: -0.0012
2026-07-28 20:42:03,748 | WARNING  | [ANOMALY] Price spike detected: EURGBP 2026-07-28 04:45:00 change: -0.0002
2026-07-28 20:42:03,748 | WARNING  | [ANOMALY] Price spike detected: EURGBP-OTC 2026-07-28 13:05:00 change: 0.0013
2026-07-28 20:42:03,748 | WARNING  | [ANOMALY] Price spike detected: EURUSD 2026-07-28 12:45:00 change: 0.0001
2026-07-28 20:42:03,748 | WARNING  | [ANOMALY] Price spike detected: GBPUSD-OTC 2026-07-28 12:50:00 change: -0.0013
2026-07-28 20:42:03,749 | WARNING  | [ANOMALY] Price spike detected: EURGBP 2026-07-28 05:00:00 change: -0.0001
2026-07-28 20:42:03,749 | WARNING  | [ANOMALY] Price spike detected: EURGBP-OTC 2026-07-28 13:10:00 change: -0.0002
2026-07-28 20:42:03,749 | WARNING  | [ANOMALY] Price spike detected: EURUSD 2026-07-28 13:00:00 change: 0.0001
2026-07-28 20:42:03,749 | WARNING  | [ANOMALY] Price spike detected: GBPUSD-OTC 2026-07-28 13:00:00 change: 0.0011
2026-07-28 20:42:03,749 | WARNING  | [ANOMALY] Price spike detected: EURGBP 2026-07-28 05:15:00 change: 0.0001
2026-07-28 20:42:03,749 | WARNING  | [ANOMALY] Price spike detected: EURGBP-OTC 2026-07-28 13:15:00 change: -0.0003
2026-07-28 20:42:03,751 | WARNING  | [ANOMALY] Price spike detected: GBPUSD-OTC 2026-07-28 13:05:00 change: 0.0006
2026-07-28 20:42:03,751 | WARNING  | [ANOMALY] Price spike detected: EURGBP 2026-07-28 05:30:00 change: 0.0001
2026-07-28 20:42:03,751 | WARNING  | [ANOMALY] Price spike detected: EURGBP-OTC 2026-07-28 13:20:00 change: -0.0002
2026-07-28 20:42:03,752 | WARNING  | [ANOMALY] Price spike detected: GBPUSD-OTC 2026-07-28 13:15:00 change: 0.0006
2026-07-28 20:42:03,753 | WARNING  | [ANOMALY] Price spike detected: EURGBP 2026-07-28 05:45:00 change: 0.0002
2026-07-28 20:42:03,765 | WARNING  | [ANOMALY] Total anomalies detected: EURUSD 36
2026-07-28 20:42:03,765 | WARNING  | [ANOMALY] Price spike detected: EURGBP-OTC 2026-07-28 13:35:00 change: 0.0003
2026-07-28 20:42:03,765 | WARNING  | [ANOMALY] Price spike detected: GBPUSD-OTC 2026-07-28 13:20:00 change: 0.0006
2026-07-28 20:42:03,765 | WARNING  | [ANOMALY] Price spike detected: EURGBP 2026-07-28 06:00:00 change: -0.0001
2026-07-28 20:42:03,765 | ERROR    | [ANOMALY] Excessive anomalies threshold exceeded: 2265
2026-07-28 20:42:03,768 | WARNING  | [ANOMALY] Price spike detected: GBPUSD-OTC 2026-07-28 13:25:00 change: -0.0006
2026-07-28 20:42:03,768 | WARNING  | [ANOMALY] Price spike detected: EURGBP 2026-07-28 06:15:00 change: -0.0001
2026-07-28 20:42:03,768 | INFO     | [DataAdapter] M15 anomaly detection completed for EURUSD
2026-07-28 20:42:03,774 | WARNING  | [ANOMALY] Price spike detected: GBPUSD-OTC 2026-07-28 13:30:00 change: 0.0005
2026-07-28 20:42:03,775 | WARNING  | [ANOMALY] Price spike detected: EURGBP 2026-07-28 06:45:00 change: -0.0004
2026-07-28 20:42:03,775 | INFO     | [DataAdapter] M15 data refresh completed for EURUSD
2026-07-28 20:42:03,787 | INFO     | [DataAdapter] Anomaly statistics for EURUSD: {'total_calls': 8, 'response_times': [0.8506951332092285, 0.8873805999755859, 0.5448267459869385, 0.878870964050293, 0.9669146537780762, 0.6576876640319824, 0.2704887390136719, 0.17702651023864746], 'spike_count': 2265, 'zero_volume_count': 0, 'impossible_candle_count': 0, 'consecutive_anomalies': 2265, 'avg_response_time': np.float64(0.654236376285553), 'max_response_time': np.float64(0.9669146537780762), 'min_response_time': np.float64(0.17702651023864746)}
2026-07-28 20:42:03,775 | WARNING  | [ANOMALY] Price spike detected: GBPUSD-OTC 2026-07-28 13:35:00 change: 0.0011
2026-07-28 20:42:03,786 | WARNING  | [ANOMALY] Price spike detected: EURGBP 2026-07-28 07:00:00 change: 0.0001
2026-07-28 20:42:03,786 | WARNING  | [ANOMALY] Total anomalies detected: EURGBP-OTC 186
2026-07-28 20:42:03,792 | WARNING  | [ANOMALY] Price spike detected: EURGBP 2026-07-28 07:15:00 change: -0.0004
2026-07-28 20:42:03,796 | ERROR    | [ANOMALY] Excessive anomalies threshold exceeded: 2265
2026-07-28 20:42:03,797 | WARNING  | [ANOMALY] Price spike detected: EURGBP 2026-07-28 07:30:00 change: 0.0003
2026-07-28 20:42:03,797 | INFO     | [DataAdapter] M5 anomaly detection completed for EURGBP-OTC
2026-07-28 20:42:03,798 | WARNING  | [ANOMALY] Price spike detected: EURGBP 2026-07-28 07:45:00 change: 0.0001
2026-07-28 20:42:03,803 | WARNING  | [ANOMALY] Total anomalies detected: GBPUSD-OTC 198
2026-07-28 20:42:03,803 | INFO     | [DataAdapter] M5 data refresh completed for EURGBP-OTC
2026-07-28 20:42:03,804 | WARNING  | [ANOMALY] Price spike detected: EURGBP 2026-07-28 08:00:00 change: -0.0003
2026-07-28 20:42:03,804 | ERROR    | [ANOMALY] Excessive anomalies threshold exceeded: 2265
2026-07-28 20:42:03,804 | INFO     | [DataAdapter] M5 anomaly detection completed for GBPUSD-OTC
2026-07-28 20:42:03,804 | WARNING  | [ANOMALY] Price spike detected: EURGBP 2026-07-28 08:30:00 change: 0.0002
2026-07-28 20:42:03,804 | INFO     | [DataAdapter] M5 data refresh completed for GBPUSD-OTC
2026-07-28 20:42:03,804 | INFO     | [DataAdapter] Refreshing M15 data for EURGBP-OTC
2026-07-28 20:42:03,805 | WARNING  | [ANOMALY] Price spike detected: EURGBP 2026-07-28 08:45:00 change: -0.0001
2026-07-28 20:42:03,805 | INFO     | [DataAdapter] Refreshing M15 data for GBPUSD-OTC
2026-07-28 20:42:03,811 | WARNING  | [ANOMALY] Price spike detected: EURGBP 2026-07-28 09:00:00 change: 0.0001
2026-07-28 20:42:03,814 | WARNING  | [ANOMALY] Price spike detected: EURGBP-OTC 2026-07-28 02:30:00 change: -0.0007
2026-07-28 20:42:03,815 | WARNING  | [ANOMALY] Price spike detected: EURGBP 2026-07-28 09:45:00 change: 0.0001
2026-07-28 20:42:03,819 | WARNING  | [ANOMALY] Price spike detected: GBPUSD-OTC 2026-07-28 02:30:00 change: -0.0011
2026-07-28 20:42:03,819 | WARNING  | [ANOMALY] Price spike detected: EURGBP-OTC 2026-07-28 02:45:00 change: -0.0002
2026-07-28 20:42:03,819 | WARNING  | [ANOMALY] Price spike detected: EURGBP 2026-07-28 10:00:00 change: 0.0003
2026-07-28 20:42:03,820 | WARNING  | [ANOMALY] Price spike detected: GBPUSD-OTC 2026-07-28 02:45:00 change: -0.0016
2026-07-28 20:42:03,820 | WARNING  | [ANOMALY] Price spike detected: EURGBP-OTC 2026-07-28 03:00:00 change: -0.0003
2026-07-28 20:42:03,820 | WARNING  | [ANOMALY] Price spike detected: EURGBP 2026-07-28 10:15:00 change: -0.0001
2026-07-28 20:42:03,821 | WARNING  | [ANOMALY] Price spike detected: GBPUSD-OTC 2026-07-28 03:00:00 change: -0.0006
2026-07-28 20:42:03,821 | WARNING  | [ANOMALY] Price spike detected: EURGBP-OTC 2026-07-28 03:15:00 change: -0.0012
2026-07-28 20:42:03,821 | WARNING  | [ANOMALY] Price spike detected: EURGBP 2026-07-28 10:30:00 change: 0.0001
2026-07-28 20:42:03,822 | WARNING  | [ANOMALY] Price spike detected: GBPUSD-OTC 2026-07-28 03:45:00 change: -0.0005
2026-07-28 20:42:03,822 | WARNING  | [ANOMALY] Price spike detected: EURGBP-OTC 2026-07-28 03:45:00 change: 0.0011
2026-07-28 20:42:03,822 | WARNING  | [ANOMALY] Price spike detected: EURGBP 2026-07-28 10:45:00 change: 0.0001
2026-07-28 20:42:03,823 | WARNING  | [ANOMALY] Price spike detected: GBPUSD-OTC 2026-07-28 04:15:00 change: 0.0015
2026-07-28 20:42:03,824 | WARNING  | [ANOMALY] Price spike detected: EURGBP-OTC 2026-07-28 04:15:00 change: -0.0022
2026-07-28 20:42:03,824 | WARNING  | [ANOMALY] Price spike detected: EURGBP 2026-07-28 11:00:00 change: 0.0001
2026-07-28 20:42:03,825 | WARNING  | [ANOMALY] Price spike detected: GBPUSD-OTC 2026-07-28 04:30:00 change: 0.0011
2026-07-28 20:42:03,826 | WARNING  | [ANOMALY] Price spike detected: EURGBP-OTC 2026-07-28 04:30:00 change: -0.0011
2026-07-28 20:42:03,826 | WARNING  | [ANOMALY] Price spike detected: EURGBP 2026-07-28 11:15:00 change: 0.0002
2026-07-28 20:42:03,827 | WARNING  | [ANOMALY] Price spike detected: GBPUSD-OTC 2026-07-28 04:45:00 change: 0.0025
2026-07-28 20:42:03,827 | WARNING  | [ANOMALY] Price spike detected: EURGBP-OTC 2026-07-28 04:45:00 change: 0.0004
2026-07-28 20:42:03,828 | WARNING  | [ANOMALY] Price spike detected: EURGBP 2026-07-28 11:30:00 change: -0.0001
2026-07-28 20:42:03,828 | WARNING  | [ANOMALY] Price spike detected: GBPUSD-OTC 2026-07-28 05:15:00 change: -0.0009
2026-07-28 20:42:03,828 | WARNING  | [ANOMALY] Price spike detected: EURGBP-OTC 2026-07-28 05:00:00 change: 0.0009
2026-07-28 20:42:03,829 | WARNING  | [ANOMALY] Price spike detected: EURGBP 2026-07-28 11:45:00 change: 0.0002
2026-07-28 20:42:03,829 | WARNING  | [ANOMALY] Price spike detected: GBPUSD-OTC 2026-07-28 05:30:00 change: 0.0008
2026-07-28 20:42:03,830 | WARNING  | [ANOMALY] Price spike detected: EURGBP-OTC 2026-07-28 05:30:00 change: 0.0008
2026-07-28 20:42:03,830 | WARNING  | [ANOMALY] Price spike detected: EURGBP 2026-07-28 12:00:00 change: -0.0005
2026-07-28 20:42:03,830 | WARNING  | [ANOMALY] Price spike detected: GBPUSD-OTC 2026-07-28 05:45:00 change: 0.0005
2026-07-28 20:42:03,831 | WARNING  | [ANOMALY] Price spike detected: EURGBP-OTC 2026-07-28 05:45:00 change: 0.0016
2026-07-28 20:42:03,831 | WARNING  | [ANOMALY] Price spike detected: EURGBP 2026-07-28 12:15:00 change: -0.0002
2026-07-28 20:42:03,832 | WARNING  | [ANOMALY] Price spike detected: GBPUSD-OTC 2026-07-28 06:00:00 change: 0.0006
2026-07-28 20:42:03,832 | WARNING  | [ANOMALY] Price spike detected: EURGBP-OTC 2026-07-28 06:00:00 change: -0.0005
2026-07-28 20:42:03,832 | WARNING  | [ANOMALY] Price spike detected: EURGBP 2026-07-28 12:30:00 change: -0.0005
2026-07-28 20:42:03,832 | WARNING  | [ANOMALY] Price spike detected: GBPUSD-OTC 2026-07-28 06:15:00 change: 0.0003
2026-07-28 20:42:03,834 | WARNING  | [ANOMALY] Price spike detected: EURGBP-OTC 2026-07-28 06:30:00 change: 0.0005
2026-07-28 20:42:03,834 | WARNING  | [ANOMALY] Price spike detected: EURGBP 2026-07-28 12:45:00 change: -0.0002
2026-07-28 20:42:03,835 | WARNING  | [ANOMALY] Price spike detected: GBPUSD-OTC 2026-07-28 06:30:00 change: 0.0014
2026-07-28 20:42:03,835 | WARNING  | [ANOMALY] Price spike detected: EURGBP-OTC 2026-07-28 07:00:00 change: -0.0009
2026-07-28 20:42:03,835 | WARNING  | [ANOMALY] Price spike detected: EURGBP 2026-07-28 13:00:00 change: 0.0002
2026-07-28 20:42:03,836 | WARNING  | [ANOMALY] Price spike detected: GBPUSD-OTC 2026-07-28 06:45:00 change: 0.0008
2026-07-28 20:42:03,836 | WARNING  | [ANOMALY] Price spike detected: EURGBP-OTC 2026-07-28 07:15:00 change: 0.0003
2026-07-28 20:42:03,839 | WARNING  | [ANOMALY] Price spike detected: EURGBP-OTC 2026-07-28 07:30:00 change: -0.0007
2026-07-28 20:42:03,838 | WARNING  | [ANOMALY] Price spike detected: GBPUSD-OTC 2026-07-28 07:00:00 change: -0.0008
2026-07-28 20:42:03,839 | WARNING  | [ANOMALY] Price spike detected: EURGBP-OTC 2026-07-28 08:15:00 change: 0.0010
2026-07-28 20:42:03,841 | WARNING  | [ANOMALY] Price spike detected: GBPUSD-OTC 2026-07-28 07:15:00 change: 0.0007
2026-07-28 20:42:03,841 | WARNING  | [ANOMALY] Price spike detected: EURGBP-OTC 2026-07-28 08:30:00 change: -0.0011
2026-07-28 20:42:03,851 | WARNING  | [ANOMALY] Total anomalies detected: EURGBP 37
2026-07-28 20:42:03,851 | WARNING  | [ANOMALY] Price spike detected: GBPUSD-OTC 2026-07-28 07:30:00 change: -0.0005
2026-07-28 20:42:03,853 | WARNING  | [ANOMALY] Price spike detected: GBPUSD-OTC 2026-07-28 07:45:00 change: -0.0004
2026-07-28 20:42:03,853 | ERROR    | [ANOMALY] Excessive anomalies threshold exceeded: 2336
2026-07-28 20:42:03,853 | WARNING  | [ANOMALY] Price spike detected: GBPUSD-OTC 2026-07-28 08:15:00 change: -0.0006
2026-07-28 20:42:03,852 | WARNING  | [ANOMALY] Price spike detected: EURGBP-OTC 2026-07-28 09:00:00 change: 0.0020
2026-07-28 20:42:03,853 | INFO     | [DataAdapter] M15 anomaly detection completed for EURGBP
2026-07-28 20:42:03,853 | WARNING  | [ANOMALY] Price spike detected: GBPUSD-OTC 2026-07-28 08:30:00 change: 0.0005
2026-07-28 20:42:03,854 | WARNING  | [ANOMALY] Price spike detected: EURGBP-OTC 2026-07-28 09:15:00 change: 0.0011
2026-07-28 20:42:03,854 | INFO     | [DataAdapter] M15 data refresh completed for EURGBP
2026-07-28 20:42:03,854 | WARNING  | [ANOMALY] Price spike detected: GBPUSD-OTC 2026-07-28 08:45:00 change: -0.0017
2026-07-28 20:42:03,855 | WARNING  | [ANOMALY] Price spike detected: EURGBP-OTC 2026-07-28 09:30:00 change: -0.0005
2026-07-28 20:42:03,855 | INFO     | [DataAdapter] Anomaly statistics for EURGBP: {'total_calls': 8, 'response_times': [0.8506951332092285, 0.8873805999755859, 0.5448267459869385, 0.878870964050293, 0.9669146537780762, 0.6576876640319824, 0.2704887390136719, 0.17702651023864746], 'spike_count': 2336, 'zero_volume_count': 0, 'impossible_candle_count': 0, 'consecutive_anomalies': 2336, 'avg_response_time': np.float64(0.654236376285553), 'max_response_time': np.float64(0.9669146537780762), 'min_response_time': np.float64(0.17702651023864746)}
2026-07-28 20:42:03,855 | WARNING  | [ANOMALY] Price spike detected: GBPUSD-OTC 2026-07-28 09:00:00 change: -0.0010
2026-07-28 20:42:03,856 | WARNING  | [ANOMALY] Price spike detected: EURGBP-OTC 2026-07-28 09:45:00 change: -0.0014
2026-07-28 20:42:03,856 | WARNING  | [ANOMALY] Price spike detected: GBPUSD-OTC 2026-07-28 09:15:00 change: 0.0006
2026-07-28 20:42:03,857 | WARNING  | [ANOMALY] Price spike detected: EURGBP-OTC 2026-07-28 10:00:00 change: -0.0011
2026-07-28 20:42:03,857 | WARNING  | [ANOMALY] Price spike detected: GBPUSD-OTC 2026-07-28 09:30:00 change: -0.0018
2026-07-28 20:42:03,857 | WARNING  | [ANOMALY] Price spike detected: EURGBP-OTC 2026-07-28 10:15:00 change: -0.0021
2026-07-28 20:42:03,858 | WARNING  | [ANOMALY] Price spike detected: GBPUSD-OTC 2026-07-28 09:45:00 change: 0.0008
2026-07-28 20:42:03,858 | WARNING  | [ANOMALY] Price spike detected: GBPUSD-OTC 2026-07-28 10:15:00 change: -0.0016
2026-07-28 20:42:03,858 | WARNING  | [ANOMALY] Price spike detected: GBPUSD-OTC 2026-07-28 10:30:00 change: -0.0003
2026-07-28 20:42:03,858 | WARNING  | [ANOMALY] Price spike detected: EURGBP-OTC 2026-07-28 10:45:00 change: -0.0013
2026-07-28 20:42:03,859 | WARNING  | [ANOMALY] Price spike detected: GBPUSD-OTC 2026-07-28 10:45:00 change: -0.0009
2026-07-28 20:42:03,860 | WARNING  | [ANOMALY] Price spike detected: EURGBP-OTC 2026-07-28 11:00:00 change: -0.0005
2026-07-28 20:42:03,860 | WARNING  | [ANOMALY] Price spike detected: GBPUSD-OTC 2026-07-28 11:00:00 change: -0.0024
2026-07-28 20:42:03,861 | WARNING  | [ANOMALY] Price spike detected: GBPUSD-OTC 2026-07-28 11:15:00 change: -0.0008
2026-07-28 20:42:03,861 | WARNING  | [ANOMALY] Price spike detected: EURGBP-OTC 2026-07-28 11:15:00 change: 0.0003
2026-07-28 20:42:03,861 | WARNING  | [ANOMALY] Price spike detected: GBPUSD-OTC 2026-07-28 11:30:00 change: 0.0013
2026-07-28 20:42:03,861 | WARNING  | [ANOMALY] Price spike detected: EURGBP-OTC 2026-07-28 11:45:00 change: -0.0012
2026-07-28 20:42:03,862 | WARNING  | [ANOMALY] Price spike detected: GBPUSD-OTC 2026-07-28 11:45:00 change: 0.0006
2026-07-28 20:42:03,862 | WARNING  | [ANOMALY] Price spike detected: EURGBP-OTC 2026-07-28 12:00:00 change: -0.0005
2026-07-28 20:42:03,862 | WARNING  | [ANOMALY] Price spike detected: GBPUSD-OTC 2026-07-28 12:00:00 change: -0.0009
2026-07-28 20:42:03,863 | WARNING  | [ANOMALY] Price spike detected: EURGBP-OTC 2026-07-28 12:15:00 change: 0.0009
2026-07-28 20:42:03,863 | WARNING  | [ANOMALY] Price spike detected: EURGBP-OTC 2026-07-28 12:45:00 change: -0.0008
2026-07-28 20:42:03,863 | WARNING  | [ANOMALY] Price spike detected: GBPUSD-OTC 2026-07-28 12:15:00 change: 0.0009
2026-07-28 20:42:03,863 | WARNING  | [ANOMALY] Price spike detected: EURGBP-OTC 2026-07-28 13:00:00 change: 0.0009
2026-07-28 20:42:03,864 | WARNING  | [ANOMALY] Price spike detected: GBPUSD-OTC 2026-07-28 12:30:00 change: 0.0008
2026-07-28 20:42:03,864 | WARNING  | [ANOMALY] Price spike detected: EURGBP-OTC 2026-07-28 13:15:00 change: -0.0004
2026-07-28 20:42:03,864 | WARNING  | [ANOMALY] Price spike detected: GBPUSD-OTC 2026-07-28 12:45:00 change: -0.0024
2026-07-28 20:42:03,866 | WARNING  | [ANOMALY] Price spike detected: GBPUSD-OTC 2026-07-28 13:00:00 change: 0.0018
2026-07-28 20:42:03,867 | WARNING  | [ANOMALY] Price spike detected: GBPUSD-OTC 2026-07-28 13:15:00 change: 0.0006
2026-07-28 20:42:03,881 | WARNING  | [ANOMALY] Total anomalies detected: EURGBP-OTC 33
2026-07-28 20:42:03,883 | ERROR    | [ANOMALY] Excessive anomalies threshold exceeded: 2336
2026-07-28 20:42:03,883 | INFO     | [DataAdapter] M15 anomaly detection completed for EURGBP-OTC
2026-07-28 20:42:03,883 | INFO     | [DataAdapter] M15 data refresh completed for EURGBP-OTC
2026-07-28 20:42:03,884 | INFO     | [DataAdapter] Anomaly statistics for EURGBP-OTC: {'total_calls': 8, 'response_times': [0.8506951332092285, 0.8873805999755859, 0.5448267459869385, 0.878870964050293, 0.9669146537780762, 0.6576876640319824, 0.2704887390136719, 0.17702651023864746], 'spike_count': 2336, 'zero_volume_count': 0, 'impossible_candle_count': 0, 'consecutive_anomalies': 2336, 'avg_response_time': np.float64(0.654236376285553), 'max_response_time': np.float64(0.9669146537780762), 'min_response_time': np.float64(0.17702651023864746)}
2026-07-28 20:42:03,896 | WARNING  | [ANOMALY] Total anomalies detected: GBPUSD-OTC 38
2026-07-28 20:42:03,896 | ERROR    | [ANOMALY] Excessive anomalies threshold exceeded: 2336
2026-07-28 20:42:03,896 | INFO     | [DataAdapter] M15 anomaly detection completed for GBPUSD-OTC
2026-07-28 20:42:03,896 | INFO     | [DataAdapter] M15 data refresh completed for GBPUSD-OTC
2026-07-28 20:42:03,897 | INFO     | [DataAdapter] Anomaly statistics for GBPUSD-OTC: {'total_calls': 8, 'response_times': [0.8506951332092285, 0.8873805999755859, 0.5448267459869385, 0.878870964050293, 0.9669146537780762, 0.6576876640319824, 0.2704887390136719, 0.17702651023864746], 'spike_count': 2336, 'zero_volume_count': 0, 'impossible_candle_count': 0, 'consecutive_anomalies': 2336, 'avg_response_time': np.float64(0.654236376285553), 'max_response_time': np.float64(0.9669146537780762), 'min_response_time': np.float64(0.17702651023864746)}
2026-07-28 20:42:04,018 | ERROR    | [AnomalyDetector] Error during analysis: 'AnomalyDetector' object has no attribute 'analyze'
Traceback (most recent call last):
  File "E:\BOT_FINALBOT\FINALBOT_Begin\data_evaluate\orchestrator.py", line 689, in _run_supplementary_engines
    anom_res = self.anomaly_detector.analyze(df_m5)
               ^^^^^^^^^^^^^^^^^^^^^^^^^^^^^
AttributeError: 'AnomalyDetector' object has no attribute 'analyze'
2026-07-28 20:42:04,107 | ERROR    | Error running supplementary engines for EURUSD: 'AnomalyDetector' object has no attribute 'analyze'
Traceback (most recent call last):
  File "E:\BOT_FINALBOT\FINALBOT_Begin\data_evaluate\orchestrator.py", line 296, in process_cycle
    supp_engines = self._run_supplementary_engines(
                   ^^^^^^^^^^^^^^^^^^^^^^^^^^^^^^^^
  File "E:\BOT_FINALBOT\FINALBOT_Begin\data_evaluate\orchestrator.py", line 689, in _run_supplementary_engines
    anom_res = self.anomaly_detector.analyze(df_m5)
               ^^^^^^^^^^^^^^^^^^^^^^^^^^^^^
AttributeError: 'AnomalyDetector' object has no attribute 'analyze'
2026-07-28 20:42:04,143 | ERROR    | Orchestrator failed for EURUSD
Traceback (most recent call last):
  File "E:\BOT_FINALBOT\FINALBOT_Begin\runner.py", line 239, in run_cycle
    self.orchestrator.process_cycle(sym)
  File "E:\BOT_FINALBOT\FINALBOT_Begin\data_evaluate\orchestrator.py", line 296, in process_cycle
    supp_engines = self._run_supplementary_engines(
                   ^^^^^^^^^^^^^^^^^^^^^^^^^^^^^^^^
  File "E:\BOT_FINALBOT\FINALBOT_Begin\data_evaluate\orchestrator.py", line 689, in _run_supplementary_engines
    anom_res = self.anomaly_detector.analyze(df_m5)
               ^^^^^^^^^^^^^^^^^^^^^^^^^^^^^
AttributeError: 'AnomalyDetector' object has no attribute 'analyze'
2026-07-28 20:42:04,230 | ERROR    | [AnomalyDetector] Error during analysis: 'AnomalyDetector' object has no attribute 'analyze'
Traceback (most recent call last):
  File "E:\BOT_FINALBOT\FINALBOT_Begin\data_evaluate\orchestrator.py", line 689, in _run_supplementary_engines
    anom_res = self.anomaly_detector.analyze(df_m5)
               ^^^^^^^^^^^^^^^^^^^^^^^^^^^^^
AttributeError: 'AnomalyDetector' object has no attribute 'analyze'
2026-07-28 20:42:04,298 | ERROR    | Error running supplementary engines for EURGBP: 'AnomalyDetector' object has no attribute 'analyze'
Traceback (most recent call last):
  File "E:\BOT_FINALBOT\FINALBOT_Begin\data_evaluate\orchestrator.py", line 296, in process_cycle
    supp_engines = self._run_supplementary_engines(
                   ^^^^^^^^^^^^^^^^^^^^^^^^^^^^^^^^
  File "E:\BOT_FINALBOT\FINALBOT_Begin\data_evaluate\orchestrator.py", line 689, in _run_supplementary_engines
    anom_res = self.anomaly_detector.analyze(df_m5)
               ^^^^^^^^^^^^^^^^^^^^^^^^^^^^^
AttributeError: 'AnomalyDetector' object has no attribute 'analyze'
2026-07-28 20:42:04,343 | ERROR    | Orchestrator failed for EURGBP
Traceback (most recent call last):
  File "E:\BOT_FINALBOT\FINALBOT_Begin\runner.py", line 239, in run_cycle
    self.orchestrator.process_cycle(sym)
  File "E:\BOT_FINALBOT\FINALBOT_Begin\data_evaluate\orchestrator.py", line 296, in process_cycle
    supp_engines = self._run_supplementary_engines(
                   ^^^^^^^^^^^^^^^^^^^^^^^^^^^^^^^^
  File "E:\BOT_FINALBOT\FINALBOT_Begin\data_evaluate\orchestrator.py", line 689, in _run_supplementary_engines
    anom_res = self.anomaly_detector.analyze(df_m5)
               ^^^^^^^^^^^^^^^^^^^^^^^^^^^^^
AttributeError: 'AnomalyDetector' object has no attribute 'analyze'
2026-07-28 20:42:04,420 | ERROR    | [AnomalyDetector] Error during analysis: 'AnomalyDetector' object has no attribute 'analyze'
Traceback (most recent call last):
  File "E:\BOT_FINALBOT\FINALBOT_Begin\data_evaluate\orchestrator.py", line 689, in _run_supplementary_engines
    anom_res = self.anomaly_detector.analyze(df_m5)
               ^^^^^^^^^^^^^^^^^^^^^^^^^^^^^
AttributeError: 'AnomalyDetector' object has no attribute 'analyze'
2026-07-28 20:42:04,491 | ERROR    | Error running supplementary engines for GBPUSD-OTC: 'AnomalyDetector' object has no attribute 'analyze'
Traceback (most recent call last):
  File "E:\BOT_FINALBOT\FINALBOT_Begin\data_evaluate\orchestrator.py", line 296, in process_cycle
    supp_engines = self._run_supplementary_engines(
                   ^^^^^^^^^^^^^^^^^^^^^^^^^^^^^^^^
  File "E:\BOT_FINALBOT\FINALBOT_Begin\data_evaluate\orchestrator.py", line 689, in _run_supplementary_engines
    anom_res = self.anomaly_detector.analyze(df_m5)
               ^^^^^^^^^^^^^^^^^^^^^^^^^^^^^
AttributeError: 'AnomalyDetector' object has no attribute 'analyze'
2026-07-28 20:42:04,523 | ERROR    | Orchestrator failed for GBPUSD-OTC
Traceback (most recent call last):
  File "E:\BOT_FINALBOT\FINALBOT_Begin\runner.py", line 239, in run_cycle
    self.orchestrator.process_cycle(sym)
  File "E:\BOT_FINALBOT\FINALBOT_Begin\data_evaluate\orchestrator.py", line 296, in process_cycle
    supp_engines = self._run_supplementary_engines(
                   ^^^^^^^^^^^^^^^^^^^^^^^^^^^^^^^^
  File "E:\BOT_FINALBOT\FINALBOT_Begin\data_evaluate\orchestrator.py", line 689, in _run_supplementary_engines
    anom_res = self.anomaly_detector.analyze(df_m5)
               ^^^^^^^^^^^^^^^^^^^^^^^^^^^^^
AttributeError: 'AnomalyDetector' object has no attribute 'analyze'
2026-07-28 20:42:04,609 | ERROR    | [AnomalyDetector] Error during analysis: 'AnomalyDetector' object has no attribute 'analyze'
Traceback (most recent call last):
  File "E:\BOT_FINALBOT\FINALBOT_Begin\data_evaluate\orchestrator.py", line 689, in _run_supplementary_engines
    anom_res = self.anomaly_detector.analyze(df_m5)
               ^^^^^^^^^^^^^^^^^^^^^^^^^^^^^
AttributeError: 'AnomalyDetector' object has no attribute 'analyze'
2026-07-28 20:42:04,660 | ERROR    | Error running supplementary engines for EURGBP-OTC: 'AnomalyDetector' object has no attribute 'analyze'
Traceback (most recent call last):
  File "E:\BOT_FINALBOT\FINALBOT_Begin\data_evaluate\orchestrator.py", line 296, in process_cycle
    supp_engines = self._run_supplementary_engines(
                   ^^^^^^^^^^^^^^^^^^^^^^^^^^^^^^^^
  File "E:\BOT_FINALBOT\FINALBOT_Begin\data_evaluate\orchestrator.py", line 689, in _run_supplementary_engines
    anom_res = self.anomaly_detector.analyze(df_m5)
               ^^^^^^^^^^^^^^^^^^^^^^^^^^^^^
AttributeError: 'AnomalyDetector' object has no attribute 'analyze'
2026-07-28 20:42:04,685 | ERROR    | Orchestrator failed for EURGBP-OTC
Traceback (most recent call last):
  File "E:\BOT_FINALBOT\FINALBOT_Begin\runner.py", line 239, in run_cycle
    self.orchestrator.process_cycle(sym)
  File "E:\BOT_FINALBOT\FINALBOT_Begin\data_evaluate\orchestrator.py", line 296, in process_cycle
    supp_engines = self._run_supplementary_engines(
                   ^^^^^^^^^^^^^^^^^^^^^^^^^^^^^^^^
  File "E:\BOT_FINALBOT\FINALBOT_Begin\data_evaluate\orchestrator.py", line 689, in _run_supplementary_engines
    anom_res = self.anomaly_detector.analyze(df_m5)
               ^^^^^^^^^^^^^^^^^^^^^^^^^^^^^
AttributeError: 'AnomalyDetector' object has no attribute 'analyze'
2026-07-28 20:42:04,695 | INFO     | [EURUSD:1.13694][EURGBP:0.85505][GBPUSD-OTC:1.33312][EURGBP-OTC:0.85067] :: TOTAL=$1453.95
