2026-07-28 04:31:00,511 | INFO     | [NEWS] Calendar file for today (2026-07-28) already exists.
2026-07-28 04:31:00,727 | INFO     | MarketStateClassifier initialised
2026-07-28 04:31:00,730 | INFO     | กำลังเชื่อมต่อโบรกเกอร์  | IQ Option
2026-07-28 04:31:00,730 | INFO     | [IQOPTION] Initialized with Zero Tolerance compliance
2026-07-28 04:31:00,801 | INFO     | Using stable_api.IQ_Option class
2026-07-28 04:31:00,801 | INFO     | [CONN] Connecting to IQ Option (DEMO) as venuz20152565@gmail.com...
2026-07-28 04:31:00,801 | INFO     | [CONN] API created, attempting to connect...
2026-07-28 04:31:03,413 | INFO     | [CONN] IQ Option connected (REAL MONEY)
2026-07-28 04:31:03,414 | INFO     | เชื่อมต่อ IQ Option สำเร็จ
2026-07-28 04:31:03,414 | INFO     | [CSVManager] Initialized with base_dir: data_base/csv/iq_option
2026-07-28 04:31:03,414 | INFO     | [CSVWriter] Initialized with encoding: utf-8, decimals: 6
2026-07-28 04:31:03,416 | INFO     | [CSVQueue] Initialized with 1 worker(s)
2026-07-28 04:31:03,417 | INFO     | [DataMonitor] Initialized with log level: WARNING
2026-07-28 04:31:03,417 | INFO     | [DataAdapter] Initialized with Zero Tolerance compliance
2026-07-28 04:31:03,418 | INFO     | [ANOMALY] Initialized with thresholds: {'spike_threshold': 0.3, 'zero_volume_threshold': 0, 'impossible_candle_threshold': 0.001, 'spike_window': 20, 'max_consecutive_zero_volume': 3, 'max_consecutive_anomalies': 10}
2026-07-28 04:31:03,418 | INFO     | [CandleValidator] Initialized with validation configuration
2026-07-28 04:31:03,418 | INFO     | [DataAdapter] Initialized with configuration
2026-07-28 04:31:03,969 | INFO     | บัญชี DEMO | Balance: $1453.95
2026-07-28 04:31:03,969 | INFO     | Server time offset: -1.4539999961853027 seconds
2026-07-28 04:31:03,969 | INFO     | ตรวจพบรายการสินทรัพย์ : EURUSD, EURUSD-OTC, GBPUSD-OTC, EURGBP-OTC
2026-07-28 04:31:03,969 | INFO     | กำลังเตรียมข้อมูลสินทรัพย์ 4 รายการ : EURUSD, EURUSD-OTC, GBPUSD-OTC, EURGBP-OTC
2026-07-28 04:31:04,265 | INFO     | [IQOPTION] REST fetch succeeded for EURUSD: 100 candles
2026-07-28 04:31:04,672 | INFO     | [IQOPTION] REST fetch succeeded for EURUSD: 250 candles
2026-07-28 04:31:04,962 | INFO     | [IQOPTION] REST fetch succeeded for EURUSD: 50 candles
2026-07-28 04:31:04,981 | INFO     | [CSVQueue] Enqueuing write for data_base/csv/iq_option\EURUSD\EURUSD_M1.csv - Queue size: 0
2026-07-28 04:31:04,981 | INFO     | [CSVQueue] Processing write for data_base/csv/iq_option\EURUSD\EURUSD_M1.csv
2026-07-28 04:31:04,981 | INFO     | [CSVWriter] Writing 100 rows to data_base/csv/iq_option\EURUSD\EURUSD_M1.csv
2026-07-28 04:31:04,986 | INFO     | [CSVQueue] Enqueuing write for data_base/csv/iq_option\EURUSD\EURUSD_M5.csv - Queue size: 0
2026-07-28 04:31:04,991 | INFO     | [CSVQueue] Enqueuing write for data_base/csv/iq_option\EURUSD\EURUSD_M15.csv - Queue size: 1
2026-07-28 04:31:04,992 | INFO     | [DataAdapter] EURUSD initialised — M1:100 M5:250 M15:50
2026-07-28 04:31:05,085 | INFO     | [CSVWriter] Successfully wrote 135 rows to data_base/csv/iq_option\EURUSD\EURUSD_M1.csv
2026-07-28 04:31:05,100 | INFO     | [CSVQueue] Successfully processed write for data_base/csv/iq_option\EURUSD\EURUSD_M1.csv
2026-07-28 04:31:05,116 | INFO     | [CSVQueue] Processing write for data_base/csv/iq_option\EURUSD\EURUSD_M5.csv
2026-07-28 04:31:05,131 | INFO     | [CSVWriter] Writing 250 rows to data_base/csv/iq_option\EURUSD\EURUSD_M5.csv
2026-07-28 04:31:05,235 | INFO     | [IQOPTION] REST fetch succeeded for EURUSD-OTC: 100 candles
2026-07-28 04:31:05,364 | INFO     | [CSVWriter] Successfully wrote 257 rows to data_base/csv/iq_option\EURUSD\EURUSD_M5.csv
2026-07-28 04:31:05,379 | INFO     | [CSVQueue] Successfully processed write for data_base/csv/iq_option\EURUSD\EURUSD_M5.csv
2026-07-28 04:31:05,395 | INFO     | [CSVQueue] Processing write for data_base/csv/iq_option\EURUSD\EURUSD_M15.csv
2026-07-28 04:31:05,411 | INFO     | [CSVWriter] Writing 50 rows to data_base/csv/iq_option\EURUSD\EURUSD_M15.csv
2026-07-28 04:31:05,625 | INFO     | [IQOPTION] REST fetch succeeded for EURUSD-OTC: 250 candles
2026-07-28 04:31:05,633 | INFO     | [CSVWriter] Successfully wrote 53 rows to data_base/csv/iq_option\EURUSD\EURUSD_M15.csv
2026-07-28 04:31:05,633 | INFO     | [CSVQueue] Successfully processed write for data_base/csv/iq_option\EURUSD\EURUSD_M15.csv
2026-07-28 04:31:05,634 | INFO     | [CSVQueue] Queue size: 0
2026-07-28 04:31:05,930 | INFO     | [IQOPTION] REST fetch succeeded for EURUSD-OTC: 50 candles
2026-07-28 04:31:05,947 | INFO     | [CSVQueue] Enqueuing write for data_base/csv/iq_option\EURUSD-OTC\EURUSD-OTC_M1.csv - Queue size: 0
2026-07-28 04:31:05,947 | INFO     | [CSVQueue] Processing write for data_base/csv/iq_option\EURUSD-OTC\EURUSD-OTC_M1.csv
2026-07-28 04:31:05,947 | INFO     | [CSVWriter] Writing 100 rows to data_base/csv/iq_option\EURUSD-OTC\EURUSD-OTC_M1.csv
2026-07-28 04:31:05,949 | INFO     | [CSVQueue] Enqueuing write for data_base/csv/iq_option\EURUSD-OTC\EURUSD-OTC_M5.csv - Queue size: 0
2026-07-28 04:31:05,951 | INFO     | [CSVQueue] Enqueuing write for data_base/csv/iq_option\EURUSD-OTC\EURUSD-OTC_M15.csv - Queue size: 1
2026-07-28 04:31:05,953 | INFO     | [DataAdapter] EURUSD-OTC initialised — M1:100 M5:250 M15:50
2026-07-28 04:31:06,003 | INFO     | [CSVWriter] Successfully wrote 135 rows to data_base/csv/iq_option\EURUSD-OTC\EURUSD-OTC_M1.csv
2026-07-28 04:31:06,019 | INFO     | [CSVQueue] Successfully processed write for data_base/csv/iq_option\EURUSD-OTC\EURUSD-OTC_M1.csv
2026-07-28 04:31:06,035 | INFO     | [CSVQueue] Processing write for data_base/csv/iq_option\EURUSD-OTC\EURUSD-OTC_M5.csv
2026-07-28 04:31:06,051 | INFO     | [CSVWriter] Writing 250 rows to data_base/csv/iq_option\EURUSD-OTC\EURUSD-OTC_M5.csv
2026-07-28 04:31:06,227 | INFO     | [IQOPTION] REST fetch succeeded for GBPUSD-OTC: 100 candles
2026-07-28 04:31:06,364 | INFO     | [CSVWriter] Successfully wrote 257 rows to data_base/csv/iq_option\EURUSD-OTC\EURUSD-OTC_M5.csv
2026-07-28 04:31:06,380 | INFO     | [CSVQueue] Successfully processed write for data_base/csv/iq_option\EURUSD-OTC\EURUSD-OTC_M5.csv
2026-07-28 04:31:06,396 | INFO     | [CSVQueue] Processing write for data_base/csv/iq_option\EURUSD-OTC\EURUSD-OTC_M15.csv
2026-07-28 04:31:06,412 | INFO     | [CSVWriter] Writing 50 rows to data_base/csv/iq_option\EURUSD-OTC\EURUSD-OTC_M15.csv
2026-07-28 04:31:06,611 | INFO     | [IQOPTION] REST fetch succeeded for GBPUSD-OTC: 250 candles
2026-07-28 04:31:06,633 | INFO     | [CSVWriter] Successfully wrote 53 rows to data_base/csv/iq_option\EURUSD-OTC\EURUSD-OTC_M15.csv
2026-07-28 04:31:06,648 | INFO     | [CSVQueue] Successfully processed write for data_base/csv/iq_option\EURUSD-OTC\EURUSD-OTC_M15.csv
2026-07-28 04:31:06,663 | INFO     | [CSVQueue] Queue size: 0
2026-07-28 04:31:06,887 | INFO     | [IQOPTION] REST fetch succeeded for GBPUSD-OTC: 50 candles
2026-07-28 04:31:06,897 | INFO     | [CSVQueue] Enqueuing write for data_base/csv/iq_option\GBPUSD-OTC\GBPUSD-OTC_M1.csv - Queue size: 0
2026-07-28 04:31:06,898 | INFO     | [CSVQueue] Processing write for data_base/csv/iq_option\GBPUSD-OTC\GBPUSD-OTC_M1.csv
2026-07-28 04:31:06,898 | INFO     | [CSVWriter] Writing 100 rows to data_base/csv/iq_option\GBPUSD-OTC\GBPUSD-OTC_M1.csv
2026-07-28 04:31:06,900 | INFO     | [CSVQueue] Enqueuing write for data_base/csv/iq_option\GBPUSD-OTC\GBPUSD-OTC_M5.csv - Queue size: 0
2026-07-28 04:31:06,901 | INFO     | [CSVQueue] Enqueuing write for data_base/csv/iq_option\GBPUSD-OTC\GBPUSD-OTC_M15.csv - Queue size: 1
2026-07-28 04:31:06,903 | INFO     | [DataAdapter] GBPUSD-OTC initialised — M1:100 M5:250 M15:50
2026-07-28 04:31:06,944 | INFO     | [CSVWriter] Successfully wrote 135 rows to data_base/csv/iq_option\GBPUSD-OTC\GBPUSD-OTC_M1.csv
2026-07-28 04:31:06,959 | INFO     | [CSVQueue] Successfully processed write for data_base/csv/iq_option\GBPUSD-OTC\GBPUSD-OTC_M1.csv
2026-07-28 04:31:06,975 | INFO     | [CSVQueue] Processing write for data_base/csv/iq_option\GBPUSD-OTC\GBPUSD-OTC_M5.csv
2026-07-28 04:31:06,990 | INFO     | [CSVWriter] Writing 250 rows to data_base/csv/iq_option\GBPUSD-OTC\GBPUSD-OTC_M5.csv
2026-07-28 04:31:07,166 | INFO     | [IQOPTION] REST fetch succeeded for EURGBP-OTC: 100 candles
2026-07-28 04:31:07,286 | INFO     | [CSVWriter] Successfully wrote 257 rows to data_base/csv/iq_option\GBPUSD-OTC\GBPUSD-OTC_M5.csv
2026-07-28 04:31:07,301 | INFO     | [CSVQueue] Successfully processed write for data_base/csv/iq_option\GBPUSD-OTC\GBPUSD-OTC_M5.csv
2026-07-28 04:31:07,316 | INFO     | [CSVQueue] Processing write for data_base/csv/iq_option\GBPUSD-OTC\GBPUSD-OTC_M15.csv
2026-07-28 04:31:07,331 | INFO     | [CSVWriter] Writing 50 rows to data_base/csv/iq_option\GBPUSD-OTC\GBPUSD-OTC_M15.csv
2026-07-28 04:31:07,438 | INFO     | [IQOPTION] REST fetch succeeded for EURGBP-OTC: 250 candles
2026-07-28 04:31:07,535 | INFO     | [CSVWriter] Successfully wrote 53 rows to data_base/csv/iq_option\GBPUSD-OTC\GBPUSD-OTC_M15.csv
2026-07-28 04:31:07,551 | INFO     | [CSVQueue] Successfully processed write for data_base/csv/iq_option\GBPUSD-OTC\GBPUSD-OTC_M15.csv
2026-07-28 04:31:07,566 | INFO     | [CSVQueue] Queue size: 0
2026-07-28 04:31:07,709 | INFO     | [IQOPTION] REST fetch succeeded for EURGBP-OTC: 50 candles
2026-07-28 04:31:07,718 | INFO     | [CSVQueue] Enqueuing write for data_base/csv/iq_option\EURGBP-OTC\EURGBP-OTC_M1.csv - Queue size: 0
2026-07-28 04:31:07,718 | INFO     | [CSVQueue] Processing write for data_base/csv/iq_option\EURGBP-OTC\EURGBP-OTC_M1.csv
2026-07-28 04:31:07,718 | INFO     | [CSVWriter] Writing 100 rows to data_base/csv/iq_option\EURGBP-OTC\EURGBP-OTC_M1.csv
2026-07-28 04:31:07,720 | INFO     | [CSVQueue] Enqueuing write for data_base/csv/iq_option\EURGBP-OTC\EURGBP-OTC_M5.csv - Queue size: 0
2026-07-28 04:31:07,720 | INFO     | [CSVQueue] Enqueuing write for data_base/csv/iq_option\EURGBP-OTC\EURGBP-OTC_M15.csv - Queue size: 1
2026-07-28 04:31:07,721 | INFO     | [DataAdapter] EURGBP-OTC initialised — M1:100 M5:250 M15:50
2026-07-28 04:31:07,723 | INFO     | ข้อมูลพร้อมเทรด 4 รายการ  ไม่พร้อมเทรด 0 รายการ
2026-07-28 04:31:07,784 | INFO     | [CSVWriter] Successfully wrote 135 rows to data_base/csv/iq_option\EURGBP-OTC\EURGBP-OTC_M1.csv
2026-07-28 04:31:07,800 | INFO     | [CSVQueue] Successfully processed write for data_base/csv/iq_option\EURGBP-OTC\EURGBP-OTC_M1.csv
2026-07-28 04:31:07,815 | INFO     | [CSVQueue] Processing write for data_base/csv/iq_option\EURGBP-OTC\EURGBP-OTC_M5.csv
2026-07-28 04:31:07,831 | INFO     | [CSVWriter] Writing 250 rows to data_base/csv/iq_option\EURGBP-OTC\EURGBP-OTC_M5.csv
2026-07-28 04:31:07,983 | INFO     | [CSVWriter] Successfully wrote 257 rows to data_base/csv/iq_option\EURGBP-OTC\EURGBP-OTC_M5.csv
2026-07-28 04:31:07,983 | INFO     | [CSVQueue] Successfully processed write for data_base/csv/iq_option\EURGBP-OTC\EURGBP-OTC_M5.csv
2026-07-28 04:31:07,983 | INFO     | [CSVQueue] Processing write for data_base/csv/iq_option\EURGBP-OTC\EURGBP-OTC_M15.csv
2026-07-28 04:31:07,983 | INFO     | [CSVWriter] Writing 50 rows to data_base/csv/iq_option\EURGBP-OTC\EURGBP-OTC_M15.csv
2026-07-28 04:31:07,989 | INFO     | [CSVWriter] Successfully wrote 53 rows to data_base/csv/iq_option\EURGBP-OTC\EURGBP-OTC_M15.csv
2026-07-28 04:31:07,989 | INFO     | [CSVQueue] Successfully processed write for data_base/csv/iq_option\EURGBP-OTC\EURGBP-OTC_M15.csv
2026-07-28 04:31:07,989 | INFO     | [CSVQueue] Queue size: 0
2026-07-28 04:31:08,978 | INFO     | [WS] Subscribed live candles stream for EURUSD (M1, count=100)
2026-07-28 04:31:10,324 | INFO     | [WS] Subscribed live candles stream for EURUSD (M5, count=250)
2026-07-28 04:31:11,617 | INFO     | [WS] Subscribed live candles stream for EURUSD-OTC (M1, count=100)
2026-07-28 04:31:12,955 | INFO     | [WS] Subscribed live candles stream for EURUSD-OTC (M5, count=250)
2026-07-28 04:31:14,221 | INFO     | [WS] Subscribed live candles stream for GBPUSD-OTC (M1, count=100)
2026-07-28 04:31:15,520 | INFO     | [WS] Subscribed live candles stream for GBPUSD-OTC (M5, count=250)
2026-07-28 04:31:17,810 | INFO     | [WS] Subscribed live candles stream for EURGBP-OTC (M1, count=100)
2026-07-28 04:31:19,198 | INFO     | [WS] Subscribed live candles stream for EURGBP-OTC (M5, count=250)
2026-07-28 04:31:19,198 | INFO     | เข้าสู่การวิเคราะห์สัญญาณในอีก 44 วินาที  (เริ่ม 04:32:03)
2026-07-28 04:32:03,425 | INFO     | [DataAdapter] Starting update for EURUSD
2026-07-28 04:32:03,426 | INFO     | [DataAdapter] Refreshing M1 data for EURUSD
2026-07-28 04:32:03,426 | INFO     | [DataAdapter] Starting update for EURUSD-OTC
2026-07-28 04:32:03,426 | INFO     | [DataAdapter] Refreshing M1 data for EURUSD-OTC
2026-07-28 04:32:03,426 | INFO     | [DataAdapter] Starting update for GBPUSD-OTC
2026-07-28 04:32:03,427 | INFO     | [DataAdapter] Refreshing M1 data for GBPUSD-OTC
2026-07-28 04:32:03,427 | INFO     | [DataAdapter] Starting update for EURGBP-OTC
2026-07-28 04:32:03,427 | INFO     | [DataAdapter] Refreshing M1 data for EURGBP-OTC
2026-07-28 04:32:03,702 | INFO     | [IQOPTION] REST fetch succeeded for EURUSD: 3 candles
2026-07-28 04:32:03,735 | ERROR    | [DataAdapter] Anomaly detection failed for EURUSD: 'zero_volume_detected'
2026-07-28 04:32:03,749 | ERROR    | [DataAdapter] update failed for EURUSD: Zero Tolerance: Anomaly detection failed for EURUSD: 'zero_volume_detected'
2026-07-28 04:32:03,764 | ERROR    | [DataAdapter] Zero Tolerance: stopping immediately - no retry allowed
2026-07-28 04:32:03,998 | INFO     | [IQOPTION] REST fetch succeeded for EURUSD-OTC: 3 candles
2026-07-28 04:32:04,066 | INFO     | [DataAdapter] M1 anomaly detection completed for EURUSD-OTC in 0.021s
2026-07-28 04:32:04,151 | INFO     | [CSVQueue] Enqueuing write for data_base/csv/iq_option\EURUSD-OTC\EURUSD-OTC_M1.csv - Queue size: 0
2026-07-28 04:32:04,152 | INFO     | [DataAdapter] M1 data refresh completed for EURUSD-OTC
2026-07-28 04:32:04,167 | INFO     | [CSVQueue] Processing write for data_base/csv/iq_option\EURUSD-OTC\EURUSD-OTC_M1.csv
2026-07-28 04:32:04,167 | INFO     | [DataAdapter] Refreshing M5 data for EURUSD-OTC
2026-07-28 04:32:04,228 | INFO     | [CSVWriter] Writing 99 rows to data_base/csv/iq_option\EURUSD-OTC\EURUSD-OTC_M1.csv
2026-07-28 04:32:04,284 | INFO     | [DataAdapter] M5 anomaly detection completed for EURUSD-OTC
2026-07-28 04:32:04,284 | INFO     | [IQOPTION] REST fetch succeeded for GBPUSD-OTC: 3 candles
2026-07-28 04:32:04,337 | INFO     | [DataAdapter] M5 data refresh completed for EURUSD-OTC
2026-07-28 04:32:04,415 | INFO     | [DataAdapter] Refreshing M15 data for EURUSD-OTC
2026-07-28 04:32:04,468 | INFO     | [DataAdapter] M15 anomaly detection completed for EURUSD-OTC
2026-07-28 04:32:04,468 | INFO     | [DataAdapter] M15 data refresh completed for EURUSD-OTC
2026-07-28 04:32:04,492 | INFO     | [DataAdapter] Anomaly statistics for EURUSD-OTC: {'total_calls': 1, 'response_times': [0.02145075798034668], 'spike_count': 0, 'zero_volume_count': 0, 'impossible_candle_count': 0, 'consecutive_anomalies': 0, 'avg_response_time': np.float64(0.02145075798034668), 'max_response_time': np.float64(0.02145075798034668), 'min_response_time': np.float64(0.02145075798034668)}
2026-07-28 04:32:04,508 | INFO     | [DataAdapter] M1 anomaly detection completed for GBPUSD-OTC in 0.105s
2026-07-28 04:32:04,539 | INFO     | [IQOPTION] REST fetch succeeded for EURGBP-OTC: 3 candles
2026-07-28 04:32:04,550 | INFO     | [CSVQueue] Enqueuing write for data_base/csv/iq_option\GBPUSD-OTC\GBPUSD-OTC_M1.csv - Queue size: 0
2026-07-28 04:32:04,552 | INFO     | [DataAdapter] M1 data refresh completed for GBPUSD-OTC
2026-07-28 04:32:04,556 | INFO     | [DataAdapter] M1 anomaly detection completed for EURGBP-OTC in 0.007s
2026-07-28 04:32:04,556 | INFO     | [DataAdapter] Refreshing M5 data for GBPUSD-OTC
2026-07-28 04:32:04,559 | INFO     | [CSVWriter] Successfully wrote 135 rows to data_base/csv/iq_option\EURUSD-OTC\EURUSD-OTC_M1.csv
2026-07-28 04:32:04,566 | INFO     | [DataAdapter] M5 anomaly detection completed for GBPUSD-OTC
2026-07-28 04:32:04,566 | INFO     | [CSVQueue] Enqueuing write for data_base/csv/iq_option\EURGBP-OTC\EURGBP-OTC_M1.csv - Queue size: 1
2026-07-28 04:32:04,566 | INFO     | [CSVQueue] Successfully processed write for data_base/csv/iq_option\EURUSD-OTC\EURUSD-OTC_M1.csv
2026-07-28 04:32:04,567 | INFO     | [DataAdapter] M5 data refresh completed for GBPUSD-OTC
2026-07-28 04:32:04,567 | INFO     | [DataAdapter] M1 data refresh completed for EURGBP-OTC
2026-07-28 04:32:04,567 | INFO     | [CSVQueue] Processing write for data_base/csv/iq_option\GBPUSD-OTC\GBPUSD-OTC_M1.csv
2026-07-28 04:32:04,567 | INFO     | [DataAdapter] Refreshing M15 data for GBPUSD-OTC
2026-07-28 04:32:04,567 | INFO     | [DataAdapter] Refreshing M5 data for EURGBP-OTC
2026-07-28 04:32:04,567 | INFO     | [CSVWriter] Writing 99 rows to data_base/csv/iq_option\GBPUSD-OTC\GBPUSD-OTC_M1.csv
2026-07-28 04:32:04,573 | INFO     | [DataAdapter] M15 anomaly detection completed for GBPUSD-OTC
2026-07-28 04:32:04,578 | INFO     | [DataAdapter] M15 data refresh completed for GBPUSD-OTC
2026-07-28 04:32:04,579 | INFO     | [DataAdapter] M5 anomaly detection completed for EURGBP-OTC
2026-07-28 04:32:04,579 | INFO     | [DataAdapter] Anomaly statistics for GBPUSD-OTC: {'total_calls': 3, 'response_times': [0.02145075798034668, 0.10471200942993164, 0.007309675216674805], 'spike_count': 0, 'zero_volume_count': 0, 'impossible_candle_count': 0, 'consecutive_anomalies': 0, 'avg_response_time': np.float64(0.044490814208984375), 'max_response_time': np.float64(0.10471200942993164), 'min_response_time': np.float64(0.007309675216674805)}
2026-07-28 04:32:04,579 | INFO     | [DataAdapter] M5 data refresh completed for EURGBP-OTC
2026-07-28 04:32:04,580 | INFO     | [DataAdapter] Refreshing M15 data for EURGBP-OTC
2026-07-28 04:32:04,585 | INFO     | [DataAdapter] M15 anomaly detection completed for EURGBP-OTC
2026-07-28 04:32:04,585 | INFO     | [DataAdapter] M15 data refresh completed for EURGBP-OTC
2026-07-28 04:32:04,586 | INFO     | [DataAdapter] Anomaly statistics for EURGBP-OTC: {'total_calls': 3, 'response_times': [0.02145075798034668, 0.10471200942993164, 0.007309675216674805], 'spike_count': 0, 'zero_volume_count': 0, 'impossible_candle_count': 0, 'consecutive_anomalies': 0, 'avg_response_time': np.float64(0.044490814208984375), 'max_response_time': np.float64(0.10471200942993164), 'min_response_time': np.float64(0.007309675216674805)}
2026-07-28 04:32:04,586 | ERROR    | Error getting future result for EURUSD
Traceback (most recent call last):
  File "C:\Users\BUSOLOVE\AppData\Local\Programs\Python\Python312\Lib\site-packages\pandas\core\indexes\base.py", line 3641, in get_loc
    return self._engine.get_loc(casted_key)
           ^^^^^^^^^^^^^^^^^^^^^^^^^^^^^^^^
  File "pandas/_libs/index.pyx", line 168, in pandas._libs.index.IndexEngine.get_loc
  File "pandas/_libs/index.pyx", line 197, in pandas._libs.index.IndexEngine.get_loc
  File "pandas/_libs/hashtable_class_helper.pxi", line 7668, in pandas._libs.hashtable.PyObjectHashTable.get_item
  File "pandas/_libs/hashtable_class_helper.pxi", line 7676, in pandas._libs.hashtable.PyObjectHashTable.get_item
KeyError: 'zero_volume_detected'

The above exception was the direct cause of the following exception:

Traceback (most recent call last):
  File "E:\BOT_FINALBOT\FINALBOT_Begin\data_feed\data_adapter.py", line 266, in _refresh_m1
    completed = self._anomaly_detector.detect_anomalies(completed, symbol)
                ^^^^^^^^^^^^^^^^^^^^^^^^^^^^^^^^^^^^^^^^^^^^^^^^^^^^^^^^^^
  File "E:\BOT_FINALBOT\FINALBOT_Begin\data_feed\anomaly_detector.py", line 251, in detect_anomalies
    result_df = self.detect_zero_volume(result_df, symbol)
                ^^^^^^^^^^^^^^^^^^^^^^^^^^^^^^^^^^^^^^^^^^
  File "E:\BOT_FINALBOT\FINALBOT_Begin\data_feed\anomaly_detector.py", line 164, in detect_zero_volume
    df['zero_volume_streak'] = (df['zero_volume_detected'] == True).cumsum()
                                ~~^^^^^^^^^^^^^^^^^^^^^^^^
  File "C:\Users\BUSOLOVE\AppData\Local\Programs\Python\Python312\Lib\site-packages\pandas\core\frame.py", line 4378, in __getitem__
    indexer = self.columns.get_loc(key)
              ^^^^^^^^^^^^^^^^^^^^^^^^^
  File "C:\Users\BUSOLOVE\AppData\Local\Programs\Python\Python312\Lib\site-packages\pandas\core\indexes\base.py", line 3648, in get_loc
    raise KeyError(key) from err
KeyError: 'zero_volume_detected'

During handling of the above exception, another exception occurred:

Traceback (most recent call last):
  File "E:\BOT_FINALBOT\FINALBOT_Begin\data_feed\data_adapter.py", line 180, in update
    completed_m1 = self._refresh_m1(symbol, now_naive)
                   ^^^^^^^^^^^^^^^^^^^^^^^^^^^^^^^^^^^
  File "E:\BOT_FINALBOT\FINALBOT_Begin\data_feed\data_adapter.py", line 280, in _refresh_m1
    raise RuntimeError(f"Zero Tolerance: Anomaly detection failed for {symbol}: {e}")
RuntimeError: Zero Tolerance: Anomaly detection failed for EURUSD: 'zero_volume_detected'

During handling of the above exception, another exception occurred:

Traceback (most recent call last):
  File "E:\BOT_FINALBOT\FINALBOT_Begin\runner.py", line 247, in run_cycle
    result_val = sym_futures[sym].result()
                 ^^^^^^^^^^^^^^^^^^^^^^^^^
  File "C:\Users\BUSOLOVE\AppData\Local\Programs\Python\Python312\Lib\concurrent\futures\_base.py", line 449, in result
    return self.__get_result()
           ^^^^^^^^^^^^^^^^^^^
  File "C:\Users\BUSOLOVE\AppData\Local\Programs\Python\Python312\Lib\concurrent\futures\_base.py", line 401, in __get_result
    raise self._exception
  File "C:\Users\BUSOLOVE\AppData\Local\Programs\Python\Python312\Lib\concurrent\futures\thread.py", line 58, in run
    result = self.fn(*self.args, **self.kwargs)
             ^^^^^^^^^^^^^^^^^^^^^^^^^^^^^^^^^^
  File "E:\BOT_FINALBOT\FINALBOT_Begin\runner.py", line 154, in fetch_and_save_data
    return self.candle_adapter.update(symbol, broker_epoch=broker_epoch)
           ^^^^^^^^^^^^^^^^^^^^^^^^^^^^^^^^^^^^^^^^^^^^^^^^^^^^^^^^^^^^^
  File "E:\BOT_FINALBOT\FINALBOT_Begin\data_feed\data_adapter.py", line 237, in update
    raise Exception(f"Zero Tolerance: update failed for {symbol}: {e}")
Exception: Zero Tolerance: update failed for EURUSD: Zero Tolerance: Anomaly detection failed for EURUSD: 'zero_volume_detected'
2026-07-28 04:32:04,600 | INFO     | [CSVWriter] Successfully wrote 135 rows to data_base/csv/iq_option\GBPUSD-OTC\GBPUSD-OTC_M1.csv
2026-07-28 04:32:04,603 | INFO     | [CSVQueue] Successfully processed write for data_base/csv/iq_option\GBPUSD-OTC\GBPUSD-OTC_M1.csv
2026-07-28 04:32:04,603 | INFO     | [CSVQueue] Processing write for data_base/csv/iq_option\EURGBP-OTC\EURGBP-OTC_M1.csv
2026-07-28 04:32:04,603 | INFO     | [CSVWriter] Writing 99 rows to data_base/csv/iq_option\EURGBP-OTC\EURGBP-OTC_M1.csv
2026-07-28 04:32:04,620 | INFO     | [CSVWriter] Successfully wrote 135 rows to data_base/csv/iq_option\EURGBP-OTC\EURGBP-OTC_M1.csv
2026-07-28 04:32:04,621 | INFO     | [CSVQueue] Successfully processed write for data_base/csv/iq_option\EURGBP-OTC\EURGBP-OTC_M1.csv
2026-07-28 04:32:04,621 | INFO     | [CSVQueue] Queue size: 0
2026-07-28 04:32:04,644 | ERROR    | Orchestrator failed for EURUSD-OTC
Traceback (most recent call last):
  File "E:\BOT_FINALBOT\FINALBOT_Begin\runner.py", line 264, in run_cycle
    self.orchestrator.process_cycle(sym)
  File "E:\BOT_FINALBOT\FINALBOT_Begin\data_evaluate\orchestrator.py", line 180, in process_cycle
    raise ValueError(f"FAIL-FAST: Insufficient {tf} warm-up candles (minimum {min_req} required)")
ValueError: FAIL-FAST: Insufficient M1 warm-up candles (minimum 250 required)
2026-07-28 04:32:04,684 | ERROR    | Orchestrator failed for GBPUSD-OTC
Traceback (most recent call last):
  File "E:\BOT_FINALBOT\FINALBOT_Begin\runner.py", line 264, in run_cycle
    self.orchestrator.process_cycle(sym)
  File "E:\BOT_FINALBOT\FINALBOT_Begin\data_evaluate\orchestrator.py", line 180, in process_cycle
    raise ValueError(f"FAIL-FAST: Insufficient {tf} warm-up candles (minimum {min_req} required)")
ValueError: FAIL-FAST: Insufficient M1 warm-up candles (minimum 250 required)
2026-07-28 04:32:04,722 | ERROR    | Orchestrator failed for EURGBP-OTC
Traceback (most recent call last):
  File "E:\BOT_FINALBOT\FINALBOT_Begin\runner.py", line 264, in run_cycle
    self.orchestrator.process_cycle(sym)
  File "E:\BOT_FINALBOT\FINALBOT_Begin\data_evaluate\orchestrator.py", line 180, in process_cycle
    raise ValueError(f"FAIL-FAST: Insufficient {tf} warm-up candles (minimum {min_req} required)")
ValueError: FAIL-FAST: Insufficient M1 warm-up candles (minimum 250 required)
2026-07-28 04:32:04,722 | ERROR    | Error in main loop
Traceback (most recent call last):
  File "E:\BOT_FINALBOT\FINALBOT_Begin\runner.py", line 283, in start
    self.run_cycle()
  File "E:\BOT_FINALBOT\FINALBOT_Begin\runner.py", line 270, in run_cycle
    ConsoleUI.show_prices_and_balance(prices_dict, balance)
  File "E:\BOT_FINALBOT\FINALBOT_Begin\monitoring\console_dashboard.py", line 210, in show_prices_and_balance
    thai_console_log(f"[{price_str}] :: TOTAL={balance_str}")
  File "E:\BOT_FINALBOT\FINALBOT_Begin\monitoring\console_dashboard.py", line 85, in thai_console_log
    sys.stdout.flush()
  File "E:\BOT_FINALBOT\FINALBOT_Begin\monitoring\console_dashboard.py", line 53, in flush
    self.original_stream.flush()
OSError: [Errno 22] Invalid argument
2026-07-28 04:33:04,218 | INFO     | [DataAdapter] Starting update for EURUSD
2026-07-28 04:33:04,218 | INFO     | [DataAdapter] Refreshing M1 data for EURUSD
2026-07-28 04:33:04,218 | INFO     | [DataAdapter] Starting update for EURUSD-OTC
2026-07-28 04:33:04,219 | INFO     | [DataAdapter] Refreshing M1 data for EURUSD-OTC
2026-07-28 04:33:04,219 | INFO     | [DataAdapter] Starting update for GBPUSD-OTC
2026-07-28 04:33:04,219 | INFO     | [DataAdapter] Refreshing M1 data for GBPUSD-OTC
2026-07-28 04:33:04,219 | INFO     | [DataAdapter] Starting update for EURGBP-OTC
2026-07-28 04:33:04,220 | INFO     | [DataAdapter] Refreshing M1 data for EURGBP-OTC
2026-07-28 04:33:04,482 | INFO     | [IQOPTION] REST fetch succeeded for EURUSD: 3 candles
2026-07-28 04:33:04,514 | ERROR    | [DataAdapter] Anomaly detection failed for EURUSD: 'zero_volume_detected'
2026-07-28 04:33:04,528 | ERROR    | [DataAdapter] update failed for EURUSD: Zero Tolerance: Anomaly detection failed for EURUSD: 'zero_volume_detected'
2026-07-28 04:33:04,544 | ERROR    | [DataAdapter] Zero Tolerance: stopping immediately - no retry allowed
2026-07-28 04:33:04,747 | INFO     | [IQOPTION] REST fetch succeeded for EURUSD-OTC: 3 candles
2026-07-28 04:33:04,797 | INFO     | [DataAdapter] M1 anomaly detection completed for EURUSD-OTC in 0.019s
2026-07-28 04:33:04,870 | INFO     | [CSVQueue] Enqueuing write for data_base/csv/iq_option\EURUSD-OTC\EURUSD-OTC_M1.csv - Queue size: 0
2026-07-28 04:33:04,886 | INFO     | [DataAdapter] M1 data refresh completed for EURUSD-OTC
2026-07-28 04:33:04,901 | INFO     | [DataAdapter] Refreshing M5 data for EURUSD-OTC
2026-07-28 04:33:04,902 | INFO     | [CSVQueue] Processing write for data_base/csv/iq_option\EURUSD-OTC\EURUSD-OTC_M1.csv
2026-07-28 04:33:04,934 | INFO     | [CSVWriter] Writing 99 rows to data_base/csv/iq_option\EURUSD-OTC\EURUSD-OTC_M1.csv
2026-07-28 04:33:04,982 | INFO     | [DataAdapter] M5 anomaly detection completed for EURUSD-OTC
2026-07-28 04:33:05,009 | INFO     | [DataAdapter] M5 data refresh completed for EURUSD-OTC
2026-07-28 04:33:05,025 | INFO     | [DataAdapter] Refreshing M15 data for EURUSD-OTC
2026-07-28 04:33:05,117 | INFO     | [DataAdapter] M15 anomaly detection completed for EURUSD-OTC
2026-07-28 04:33:05,117 | INFO     | [DataAdapter] M15 data refresh completed for EURUSD-OTC
2026-07-28 04:33:05,132 | INFO     | [DataAdapter] Anomaly statistics for EURUSD-OTC: {'total_calls': 4, 'response_times': [0.02145075798034668, 0.10471200942993164, 0.007309675216674805, 0.018657684326171875], 'spike_count': 0, 'zero_volume_count': 0, 'impossible_candle_count': 0, 'consecutive_anomalies': 0, 'avg_response_time': np.float64(0.03803253173828125), 'max_response_time': np.float64(0.10471200942993164), 'min_response_time': np.float64(0.007309675216674805)}
2026-07-28 04:33:05,241 | INFO     | [IQOPTION] REST fetch succeeded for GBPUSD-OTC: 3 candles
2026-07-28 04:33:05,274 | INFO     | [DataAdapter] M1 anomaly detection completed for GBPUSD-OTC in 0.019s
2026-07-28 04:33:05,286 | INFO     | [CSVWriter] Successfully wrote 136 rows to data_base/csv/iq_option\EURUSD-OTC\EURUSD-OTC_M1.csv
2026-07-28 04:33:05,317 | INFO     | [CSVQueue] Successfully processed write for data_base/csv/iq_option\EURUSD-OTC\EURUSD-OTC_M1.csv
2026-07-28 04:33:05,332 | INFO     | [CSVQueue] Queue size: 0
2026-07-28 04:33:05,378 | INFO     | [CSVQueue] Enqueuing write for data_base/csv/iq_option\GBPUSD-OTC\GBPUSD-OTC_M1.csv - Queue size: 0
2026-07-28 04:33:05,395 | INFO     | [DataAdapter] M1 data refresh completed for GBPUSD-OTC
2026-07-28 04:33:05,414 | INFO     | [CSVQueue] Processing write for data_base/csv/iq_option\GBPUSD-OTC\GBPUSD-OTC_M1.csv
2026-07-28 04:33:05,442 | INFO     | [DataAdapter] Refreshing M5 data for GBPUSD-OTC
2026-07-28 04:33:05,488 | INFO     | [CSVWriter] Writing 99 rows to data_base/csv/iq_option\GBPUSD-OTC\GBPUSD-OTC_M1.csv
2026-07-28 04:33:05,542 | INFO     | [DataAdapter] M5 anomaly detection completed for GBPUSD-OTC
2026-07-28 04:33:05,542 | INFO     | [IQOPTION] REST fetch succeeded for EURGBP-OTC: 3 candles
2026-07-28 04:33:05,542 | INFO     | [DataAdapter] M5 data refresh completed for GBPUSD-OTC
2026-07-28 04:33:05,547 | INFO     | [DataAdapter] Refreshing M15 data for GBPUSD-OTC
2026-07-28 04:33:05,556 | INFO     | [DataAdapter] M1 anomaly detection completed for EURGBP-OTC in 0.007s
2026-07-28 04:33:05,561 | INFO     | [DataAdapter] M15 anomaly detection completed for GBPUSD-OTC
2026-07-28 04:33:05,566 | INFO     | [DataAdapter] M15 data refresh completed for GBPUSD-OTC
2026-07-28 04:33:05,566 | INFO     | [DataAdapter] Anomaly statistics for GBPUSD-OTC: {'total_calls': 6, 'response_times': [0.02145075798034668, 0.10471200942993164, 0.007309675216674805, 0.018657684326171875, 0.01887226104736328, 0.006983041763305664], 'spike_count': 0, 'zero_volume_count': 0, 'impossible_candle_count': 0, 'consecutive_anomalies': 0, 'avg_response_time': np.float64(0.029664238293965656), 'max_response_time': np.float64(0.10471200942993164), 'min_response_time': np.float64(0.006983041763305664)}
2026-07-28 04:33:05,570 | INFO     | [CSVQueue] Enqueuing write for data_base/csv/iq_option\EURGBP-OTC\EURGBP-OTC_M1.csv - Queue size: 0
2026-07-28 04:33:05,570 | INFO     | [DataAdapter] M1 data refresh completed for EURGBP-OTC
2026-07-28 04:33:05,571 | INFO     | [DataAdapter] Refreshing M5 data for EURGBP-OTC
2026-07-28 04:33:05,579 | INFO     | [DataAdapter] M5 anomaly detection completed for EURGBP-OTC
2026-07-28 04:33:05,579 | INFO     | [CSVWriter] Successfully wrote 136 rows to data_base/csv/iq_option\GBPUSD-OTC\GBPUSD-OTC_M1.csv
2026-07-28 04:33:05,579 | INFO     | [DataAdapter] M5 data refresh completed for EURGBP-OTC
2026-07-28 04:33:05,579 | INFO     | [CSVQueue] Successfully processed write for data_base/csv/iq_option\GBPUSD-OTC\GBPUSD-OTC_M1.csv
2026-07-28 04:33:05,579 | INFO     | [DataAdapter] Refreshing M15 data for EURGBP-OTC
2026-07-28 04:33:05,579 | INFO     | [CSVQueue] Processing write for data_base/csv/iq_option\EURGBP-OTC\EURGBP-OTC_M1.csv
2026-07-28 04:33:05,585 | INFO     | [DataAdapter] M15 anomaly detection completed for EURGBP-OTC
2026-07-28 04:33:05,586 | INFO     | [CSVWriter] Writing 99 rows to data_base/csv/iq_option\EURGBP-OTC\EURGBP-OTC_M1.csv
2026-07-28 04:33:05,586 | INFO     | [DataAdapter] M15 data refresh completed for EURGBP-OTC
2026-07-28 04:33:05,588 | INFO     | [DataAdapter] Anomaly statistics for EURGBP-OTC: {'total_calls': 6, 'response_times': [0.02145075798034668, 0.10471200942993164, 0.007309675216674805, 0.018657684326171875, 0.01887226104736328, 0.006983041763305664], 'spike_count': 0, 'zero_volume_count': 0, 'impossible_candle_count': 0, 'consecutive_anomalies': 0, 'avg_response_time': np.float64(0.029664238293965656), 'max_response_time': np.float64(0.10471200942993164), 'min_response_time': np.float64(0.006983041763305664)}
2026-07-28 04:33:05,590 | ERROR    | Error getting future result for EURUSD
Traceback (most recent call last):
  File "C:\Users\BUSOLOVE\AppData\Local\Programs\Python\Python312\Lib\site-packages\pandas\core\indexes\base.py", line 3641, in get_loc
    return self._engine.get_loc(casted_key)
           ^^^^^^^^^^^^^^^^^^^^^^^^^^^^^^^^
  File "pandas/_libs/index.pyx", line 168, in pandas._libs.index.IndexEngine.get_loc
  File "pandas/_libs/index.pyx", line 197, in pandas._libs.index.IndexEngine.get_loc
  File "pandas/_libs/hashtable_class_helper.pxi", line 7668, in pandas._libs.hashtable.PyObjectHashTable.get_item
  File "pandas/_libs/hashtable_class_helper.pxi", line 7676, in pandas._libs.hashtable.PyObjectHashTable.get_item
KeyError: 'zero_volume_detected'

The above exception was the direct cause of the following exception:

Traceback (most recent call last):
  File "E:\BOT_FINALBOT\FINALBOT_Begin\data_feed\data_adapter.py", line 266, in _refresh_m1
    completed = self._anomaly_detector.detect_anomalies(completed, symbol)
                ^^^^^^^^^^^^^^^^^^^^^^^^^^^^^^^^^^^^^^^^^^^^^^^^^^^^^^^^^^
  File "E:\BOT_FINALBOT\FINALBOT_Begin\data_feed\anomaly_detector.py", line 251, in detect_anomalies
  File "E:\BOT_FINALBOT\FINALBOT_Begin\data_feed\anomaly_detector.py", line 164, in detect_zero_volume
    df['zero_volume_detected'] = df['volume'] <= self.anomaly_config["zero_volume_threshold"]
                                ^^^^^^^^^^^^^^^^^^^^^^^^^^
  File "C:\Users\BUSOLOVE\AppData\Local\Programs\Python\Python312\Lib\site-packages\pandas\core\frame.py", line 4378, in __getitem__
    indexer = self.columns.get_loc(key)
              ^^^^^^^^^^^^^^^^^^^^^^^^^
  File "C:\Users\BUSOLOVE\AppData\Local\Programs\Python\Python312\Lib\site-packages\pandas\core\indexes\base.py", line 3648, in get_loc
    raise KeyError(key) from err
KeyError: 'zero_volume_detected'

During handling of the above exception, another exception occurred:

Traceback (most recent call last):
  File "E:\BOT_FINALBOT\FINALBOT_Begin\data_feed\data_adapter.py", line 180, in update
    completed_m1 = self._refresh_m1(symbol, now_naive)
                   ^^^^^^^^^^^^^^^^^^^^^^^^^^^^^^^^^^^
  File "E:\BOT_FINALBOT\FINALBOT_Begin\data_feed\data_adapter.py", line 280, in _refresh_m1
    raise RuntimeError(f"Zero Tolerance: Anomaly detection failed for {symbol}: {e}")
RuntimeError: Zero Tolerance: Anomaly detection failed for EURUSD: 'zero_volume_detected'

During handling of the above exception, another exception occurred:

Traceback (most recent call last):
  File "E:\BOT_FINALBOT\FINALBOT_Begin\runner.py", line 247, in run_cycle
    result_val = sym_futures[sym].result()
                 ^^^^^^^^^^^^^^^^^^^^^^^^^
  File "C:\Users\BUSOLOVE\AppData\Local\Programs\Python\Python312\Lib\concurrent\futures\_base.py", line 449, in result
    return self.__get_result()
           ^^^^^^^^^^^^^^^^^^^
  File "C:\Users\BUSOLOVE\AppData\Local\Programs\Python\Python312\Lib\concurrent\futures\_base.py", line 401, in __get_result
    raise self._exception
  File "C:\Users\BUSOLOVE\AppData\Local\Programs\Python\Python312\Lib\concurrent\futures\thread.py", line 58, in run
    result = self.fn(*self.args, **self.kwargs)
             ^^^^^^^^^^^^^^^^^^^^^^^^^^^^^^^^^^
  File "E:\BOT_FINALBOT\FINALBOT_Begin\runner.py", line 154, in fetch_and_save_data
    return self.candle_adapter.update(symbol, broker_epoch=broker_epoch)
           ^^^^^^^^^^^^^^^^^^^^^^^^^^^^^^^^^^^^^^^^^^^^^^^^^^^^^^^^^^^^^
  File "E:\BOT_FINALBOT\FINALBOT_Begin\data_feed\data_adapter.py", line 237, in update
    raise Exception(f"Zero Tolerance: update failed for {symbol}: {e}")
Exception: Zero Tolerance: update failed for EURUSD: Zero Tolerance: Anomaly detection failed for EURUSD: 'zero_volume_detected'
2026-07-28 04:33:05,598 | INFO     | [CSVWriter] Successfully wrote 136 rows to data_base/csv/iq_option\EURGBP-OTC\EURGBP-OTC_M1.csv
2026-07-28 04:33:05,600 | INFO     | [CSVQueue] Successfully processed write for data_base/csv/iq_option\EURGBP-OTC\EURGBP-OTC_M1.csv
2026-07-28 04:33:05,600 | INFO     | [CSVQueue] Queue size: 0
2026-07-28 04:33:05,623 | ERROR    | Orchestrator failed for EURUSD-OTC
Traceback (most recent call last):
  File "E:\BOT_FINALBOT\FINALBOT_Begin\runner.py", line 264, in run_cycle
    self.orchestrator.process_cycle(sym)
  File "E:\BOT_FINALBOT\FINALBOT_Begin\data_evaluate\orchestrator.py", line 180, in process_cycle
    raise ValueError(f"FAIL-FAST: Insufficient {tf} warm-up candles (minimum {min_req} required)")
ValueError: FAIL-FAST: Insufficient M1 warm-up candles (minimum 250 required)
2026-07-28 04:33:05,643 | ERROR    | Orchestrator failed for GBPUSD-OTC
Traceback (most recent call last):
  File "E:\BOT_FINALBOT\FINALBOT_Begin\runner.py", line 264, in run_cycle
    self.orchestrator.process_cycle(sym)
  File "E:\BOT_FINALBOT\FINALBOT_Begin\data_evaluate\orchestrator.py", line 180, in process_cycle
    raise ValueError(f"FAIL-FAST: Insufficient {tf} warm-up candles (minimum {min_req} required)")
ValueError: FAIL-FAST: Insufficient M1 warm-up candles (minimum 250 required)
2026-07-28 04:33:05,669 | ERROR    | Orchestrator failed for EURGBP-OTC
Traceback (most recent call last):
  File "E:\BOT_FINALBOT\FINALBOT_Begin\runner.py", line 264, in run_cycle
    self.orchestrator.process_cycle(sym)
  File "E:\BOT_FINALBOT\FINALBOT_Begin\data_evaluate\orchestrator.py", line 180, in process_cycle
    raise ValueError(f"FAIL-FAST: Insufficient {tf} warm-up candles (minimum {min_req} required)")
ValueError: FAIL-FAST: Insufficient M1 warm-up candles (minimum 250 required)
2026-07-28 04:33:05,669 | ERROR    | Error in main loop
Traceback (most recent call last):
  File "E:\BOT_FINALBOT\FINALBOT_Begin\runner.py", line 283, in start
    self.run_cycle()
  File "E:\BOT_FINALBOT\FINALBOT_Begin\runner.py", line 270, in run_cycle
    ConsoleUI.show_prices_and_balance(prices_dict, balance)
  File "E:\BOT_FINALBOT\FINALBOT_Begin\monitoring\console_dashboard.py", line 210, in show_prices_and_balance
    thai_console_log(f"[{price_str}] :: TOTAL={balance_str}")
  File "E:\BOT_FINALBOT\FINALBOT_Begin\monitoring\console_dashboard.py", line 85, in thai_console_log
    sys.stdout.flush()
  File "E:\BOT_FINALBOT\FINALBOT_Begin\monitoring\console_dashboard.py", line 53, in flush
    self.original_stream.flush()
OSError: [Errno 22] Invalid argument
2026-07-28 04:34:03,957 | INFO     | [DataAdapter] Starting update for EURUSD
2026-07-28 04:34:03,957 | INFO     | [DataAdapter] Refreshing M1 data for EURUSD
2026-07-28 04:34:03,957 | INFO     | [DataAdapter] Starting update for EURUSD-OTC
2026-07-28 04:34:03,958 | INFO     | [DataAdapter] Starting update for GBPUSD-OTC
2026-07-28 04:34:03,959 | INFO     | [DataAdapter] Refreshing M1 data for EURUSD-OTC
2026-07-28 04:34:03,959 | INFO     | [DataAdapter] Refreshing M1 data for GBPUSD-OTC
2026-07-28 04:34:03,959 | INFO     | [DataAdapter] Starting update for EURGBP-OTC
2026-07-28 04:34:03,959 | INFO     | [DataAdapter] Refreshing M1 data for EURGBP-OTC
2026-07-28 04:34:04,221 | INFO     | [IQOPTION] REST fetch succeeded for EURUSD: 3 candles
2026-07-28 04:34:04,252 | ERROR    | [DataAdapter] Anomaly detection failed for EURUSD: 'zero_volume_detected'
2026-07-28 04:34:04,267 | ERROR    | [DataAdapter] update failed for EURUSD: Zero Tolerance: Anomaly detection failed for EURUSD: 'zero_volume_detected'
2026-07-28 04:34:04,283 | ERROR    | [DataAdapter] Zero Tolerance: stopping immediately - no retry allowed
2026-07-28 04:34:04,472 | INFO     | [IQOPTION] REST fetch succeeded for EURUSD-OTC: 3 candles
2026-07-28 04:34:04,525 | INFO     | [DataAdapter] M1 anomaly detection completed for EURUSD-OTC in 0.004s
2026-07-28 04:34:04,616 | INFO     | [CSVQueue] Enqueuing write for data_base/csv/iq_option\EURUSD-OTC\EURUSD-OTC_M1.csv - Queue size: 0
2026-07-28 04:34:04,631 | INFO     | [DataAdapter] M1 data refresh completed for EURUSD-OTC
2026-07-28 04:34:04,647 | INFO     | [DataAdapter] Refreshing M5 data for EURUSD-OTC
2026-07-28 04:34:04,647 | INFO     | [CSVQueue] Processing write for data_base/csv/iq_option\EURUSD-OTC\EURUSD-OTC_M1.csv
2026-07-28 04:34:04,726 | INFO     | [CSVWriter] Writing 99 rows to data_base/csv/iq_option\EURUSD-OTC\EURUSD-OTC_M1.csv
2026-07-28 04:34:04,748 | INFO     | [DataAdapter] M5 anomaly detection completed for EURUSD-OTC
2026-07-28 04:34:04,749 | INFO     | [IQOPTION] REST fetch succeeded for GBPUSD-OTC: 3 candles
2026-07-28 04:34:04,749 | INFO     | [DataAdapter] M5 data refresh completed for EURUSD-OTC
2026-07-28 04:34:04,774 | INFO     | [DataAdapter] Refreshing M15 data for EURUSD-OTC
2026-07-28 04:34:04,777 | INFO     | [DataAdapter] M1 anomaly detection completed for GBPUSD-OTC in 0.022s
2026-07-28 04:34:04,826 | INFO     | [DataAdapter] M15 anomaly detection completed for EURUSD-OTC
2026-07-28 04:34:04,868 | INFO     | [DataAdapter] M15 data refresh completed for EURUSD-OTC
2026-07-28 04:34:04,884 | INFO     | [DataAdapter] Anomaly statistics for EURUSD-OTC: {'total_calls': 8, 'response_times': [0.02145075798034668, 0.10471200942993164, 0.007309675216674805, 0.018657684326171875, 0.01887226104736328, 0.006983041763305664, 0.004004001617431641, 0.0220029354095459], 'spike_count': 0, 'zero_volume_count': 0, 'impossible_candle_count': 0, 'consecutive_anomalies': 0, 'avg_response_time': np.float64(0.025499045848846436), 'max_response_time': np.float64(0.10471200942993164), 'min_response_time': np.float64(0.004004001617431641)}
2026-07-28 04:34:04,931 | INFO     | [CSVQueue] Enqueuing write for data_base/csv/iq_option\GBPUSD-OTC\GBPUSD-OTC_M1.csv - Queue size: 0
2026-07-28 04:34:04,931 | INFO     | [DataAdapter] M1 data refresh completed for GBPUSD-OTC
2026-07-28 04:34:04,946 | INFO     | [DataAdapter] Refreshing M5 data for GBPUSD-OTC
2026-07-28 04:34:05,028 | INFO     | [DataAdapter] M5 anomaly detection completed for GBPUSD-OTC
2026-07-28 04:34:05,039 | INFO     | [DataAdapter] M5 data refresh completed for GBPUSD-OTC
2026-07-28 04:34:05,039 | INFO     | [DataAdapter] Refreshing M15 data for GBPUSD-OTC
2026-07-28 04:34:05,091 | INFO     | [DataAdapter] M15 anomaly detection completed for GBPUSD-OTC
2026-07-28 04:34:05,091 | INFO     | [DataAdapter] M15 data refresh completed for GBPUSD-OTC
2026-07-28 04:34:05,101 | INFO     | [DataAdapter] Anomaly statistics for GBPUSD-OTC: {'total_calls': 8, 'response_times': [0.02145075798034668, 0.10471200942993164, 0.007309675216674805, 0.018657684326171875, 0.01887226104736328, 0.006983041763305664, 0.004004001617431641, 0.0220029354095459], 'spike_count': 0, 'zero_volume_count': 0, 'impossible_candle_count': 0, 'consecutive_anomalies': 0, 'avg_response_time': np.float64(0.025499045848846436), 'max_response_time': np.float64(0.10471200942993164), 'min_response_time': np.float64(0.004004001617431641)}
2026-07-28 04:34:05,163 | INFO     | [CSVWriter] Successfully wrote 137 rows to data_base/csv/iq_option\EURUSD-OTC\EURUSD-OTC_M1.csv
2026-07-28 04:34:05,194 | INFO     | [CSVQueue] Successfully processed write for data_base/csv/iq_option\EURUSD-OTC\EURUSD-OTC_M1.csv
2026-07-28 04:34:05,195 | INFO     | [CSVQueue] Processing write for data_base/csv/iq_option\GBPUSD-OTC\GBPUSD-OTC_M1.csv
2026-07-28 04:34:05,195 | INFO     | [IQOPTION] REST fetch succeeded for EURGBP-OTC: 3 candles
2026-07-28 04:34:05,195 | INFO     | [CSVWriter] Writing 99 rows to data_base/csv/iq_option\GBPUSD-OTC\GBPUSD-OTC_M1.csv
2026-07-28 04:34:05,208 | INFO     | [DataAdapter] M1 anomaly detection completed for EURGBP-OTC in 0.006s
2026-07-28 04:34:05,212 | INFO     | [CSVQueue] Enqueuing write for data_base/csv/iq_option\EURGBP-OTC\EURGBP-OTC_M1.csv - Queue size: 0
2026-07-28 04:34:05,213 | INFO     | [DataAdapter] M1 data refresh completed for EURGBP-OTC
2026-07-28 04:34:05,213 | INFO     | [DataAdapter] Refreshing M5 data for EURGBP-OTC
2026-07-28 04:34:05,220 | INFO     | [DataAdapter] M5 anomaly detection completed for EURGBP-OTC
2026-07-28 04:34:05,220 | INFO     | [DataAdapter] M5 data refresh completed for EURGBP-OTC
2026-07-28 04:34:05,220 | INFO     | [DataAdapter] Refreshing M15 data for EURGBP-OTC
2026-07-28 04:34:05,225 | INFO     | [DataAdapter] M15 anomaly detection completed for EURGBP-OTC
2026-07-28 04:34:05,225 | INFO     | [DataAdapter] M15 data refresh completed for EURGBP-OTC
2026-07-28 04:34:05,226 | INFO     | [DataAdapter] Anomaly statistics for EURGBP-OTC: {'total_calls': 9, 'response_times': [0.02145075798034668, 0.10471200942993164, 0.007309675216674805, 0.018657684326171875, 0.01887226104736328, 0.006983041763305664, 0.004004001617431641, 0.0220029354095459, 0.006006479263305664], 'spike_count': 0, 'zero_volume_count': 0, 'impossible_candle_count': 0, 'consecutive_anomalies': 0, 'avg_response_time': np.float64(0.023333205117119685), 'max_response_time': np.float64(0.10471200942993164), 'min_response_time': np.float64(0.004004001617431641)}
2026-07-28 04:34:05,227 | ERROR    | Error getting future result for EURUSD
Traceback (most recent call last):
  File "C:\Users\BUSOLOVE\AppData\Local\Programs\Python\Python312\Lib\site-packages\pandas\core\indexes\base.py", line 3641, in get_loc
    return self._engine.get_loc(casted_key)
           ^^^^^^^^^^^^^^^^^^^^^^^^^^^^^^^^
  File "pandas/_libs/index.pyx", line 168, in pandas._libs.index.IndexEngine.get_loc
  File "pandas/_libs/index.pyx", line 197, in pandas._libs.index.IndexEngine.get_loc
  File "pandas/_libs/hashtable_class_helper.pxi", line 7668, in pandas._libs.hashtable.PyObjectHashTable.get_item
  File "pandas/_libs/hashtable_class_helper.pxi", line 7676, in pandas._libs.hashtable.PyObjectHashTable.get_item
KeyError: 'zero_volume_detected'

The above exception was the direct cause of the following exception:

Traceback (most recent call last):
  File "E:\BOT_FINALBOT\FINALBOT_Begin\data_feed\data_adapter.py", line 266, in _refresh_m1
    completed = self._anomaly_detector.detect_anomalies(completed, symbol)
                ^^^^^^^^^^^^^^^^^^^^^^^^^^^^^^^^^^^^^^^^^^^^^^^^^^^^^^^^^^
  File "E:\BOT_FINALBOT\FINALBOT_Begin\data_feed\anomaly_detector.py", line 251, in detect_anomalies
  File "E:\BOT_FINALBOT\FINALBOT_Begin\data_feed\anomaly_detector.py", line 164, in detect_zero_volume
    df['zero_volume_detected'] = df['volume'] <= self.anomaly_config["zero_volume_threshold"]
                                ^^^^^^^^^^^^^^^^^^^^^^^^^^
  File "C:\Users\BUSOLOVE\AppData\Local\Programs\Python\Python312\Lib\site-packages\pandas\core\frame.py", line 4378, in __getitem__
    indexer = self.columns.get_loc(key)
              ^^^^^^^^^^^^^^^^^^^^^^^^^
  File "C:\Users\BUSOLOVE\AppData\Local\Programs\Python\Python312\Lib\site-packages\pandas\core\indexes\base.py", line 3648, in get_loc
    raise KeyError(key) from err
KeyError: 'zero_volume_detected'

During handling of the above exception, another exception occurred:

Traceback (most recent call last):
  File "E:\BOT_FINALBOT\FINALBOT_Begin\data_feed\data_adapter.py", line 180, in update
    completed_m1 = self._refresh_m1(symbol, now_naive)
                   ^^^^^^^^^^^^^^^^^^^^^^^^^^^^^^^^^^^
  File "E:\BOT_FINALBOT\FINALBOT_Begin\data_feed\data_adapter.py", line 280, in _refresh_m1
    raise RuntimeError(f"Zero Tolerance: Anomaly detection failed for {symbol}: {e}")
RuntimeError: Zero Tolerance: Anomaly detection failed for EURUSD: 'zero_volume_detected'

During handling of the above exception, another exception occurred:

Traceback (most recent call last):
  File "E:\BOT_FINALBOT\FINALBOT_Begin\runner.py", line 247, in run_cycle
    def run_cycle(self):
                         
  File "C:\Users\BUSOLOVE\AppData\Local\Programs\Python\Python312\Lib\concurrent\futures\_base.py", line 449, in result
    return self.__get_result()
           ^^^^^^^^^^^^^^^^^^^
  File "C:\Users\BUSOLOVE\AppData\Local\Programs\Python\Python312\Lib\concurrent\futures\_base.py", line 401, in __get_result
    raise self._exception
  File "C:\Users\BUSOLOVE\AppData\Local\Programs\Python\Python312\Lib\concurrent\futures\thread.py", line 58, in run
    result = self.fn(*self.args, **self.kwargs)
             ^^^^^^^^^^^^^^^^^^^^^^^^^^^^^^^^^^
  File "E:\BOT_FINALBOT\FINALBOT_Begin\runner.py", line 154, in fetch_and_save_data
    return self.candle_adapter.update(symbol, broker_epoch=broker_epoch)
           ^^^^^^^^^^^^^^^^^^^^^^^^^^^^^^^^^^^^^^^^^^^^^^^^^^^^^^^^^^^^^
  File "E:\BOT_FINALBOT\FINALBOT_Begin\data_feed\data_adapter.py", line 237, in update
    raise Exception(f"Zero Tolerance: update failed for {symbol}: {e}")
Exception: Zero Tolerance: update failed for EURUSD: Zero Tolerance: Anomaly detection failed for EURUSD: 'zero_volume_detected'
2026-07-28 04:34:05,234 | INFO     | [CSVWriter] Successfully wrote 137 rows to data_base/csv/iq_option\GBPUSD-OTC\GBPUSD-OTC_M1.csv
2026-07-28 04:34:05,235 | INFO     | [CSVQueue] Successfully processed write for data_base/csv/iq_option\GBPUSD-OTC\GBPUSD-OTC_M1.csv
2026-07-28 04:34:05,236 | INFO     | [CSVQueue] Processing write for data_base/csv/iq_option\EURGBP-OTC\EURGBP-OTC_M1.csv
2026-07-28 04:34:05,236 | INFO     | [CSVWriter] Writing 99 rows to data_base/csv/iq_option\EURGBP-OTC\EURGBP-OTC_M1.csv
2026-07-28 04:34:05,263 | INFO     | [CSVWriter] Successfully wrote 137 rows to data_base/csv/iq_option\EURGBP-OTC\EURGBP-OTC_M1.csv
2026-07-28 04:34:05,263 | INFO     | [CSVQueue] Successfully processed write for data_base/csv/iq_option\EURGBP-OTC\EURGBP-OTC_M1.csv
2026-07-28 04:34:05,263 | INFO     | [CSVQueue] Queue size: 0
2026-07-28 04:34:05,307 | ERROR    | Orchestrator failed for EURUSD-OTC
Traceback (most recent call last):
  File "E:\BOT_FINALBOT\FINALBOT_Begin\runner.py", line 264, in run_cycle
    return
        ^^^
  File "E:\BOT_FINALBOT\FINALBOT_Begin\data_evaluate\orchestrator.py", line 180, in process_cycle
    raise ValueError(f"FAIL-FAST: Insufficient {tf} warm-up candles (minimum {min_req} required)")
ValueError: FAIL-FAST: Insufficient M1 warm-up candles (minimum 250 required)
2026-07-28 04:34:05,366 | ERROR    | Orchestrator failed for GBPUSD-OTC
Traceback (most recent call last):
  File "E:\BOT_FINALBOT\FINALBOT_Begin\runner.py", line 264, in run_cycle
    return
        ^^^
  File "E:\BOT_FINALBOT\FINALBOT_Begin\data_evaluate\orchestrator.py", line 180, in process_cycle
    raise ValueError(f"FAIL-FAST: Insufficient {tf} warm-up candles (minimum {min_req} required)")
ValueError: FAIL-FAST: Insufficient M1 warm-up candles (minimum 250 required)
2026-07-28 04:34:05,430 | ERROR    | Orchestrator failed for EURGBP-OTC
Traceback (most recent call last):
  File "E:\BOT_FINALBOT\FINALBOT_Begin\runner.py", line 264, in run_cycle
    return
        ^^^
  File "E:\BOT_FINALBOT\FINALBOT_Begin\data_evaluate\orchestrator.py", line 180, in process_cycle
    raise ValueError(f"FAIL-FAST: Insufficient {tf} warm-up candles (minimum {min_req} required)")
ValueError: FAIL-FAST: Insufficient M1 warm-up candles (minimum 250 required)
2026-07-28 04:34:05,432 | ERROR    | Error in main loop
Traceback (most recent call last):
  File "E:\BOT_FINALBOT\FINALBOT_Begin\runner.py", line 283, in start
    if not result_val:
        ^^^^^^^^^^^^^^^
  File "E:\BOT_FINALBOT\FINALBOT_Begin\runner.py", line 270, in run_cycle
    with concurrent.futures.ThreadPoolExecutor(max_workers=len(self.symbols)) as executor:
        ^^^^^^^^^^^^^^^^^^^^^^^^^^^^^^^^^^^^^^^^^^^^^^^^^^^^^^^
  File "E:\BOT_FINALBOT\FINALBOT_Begin\monitoring\console_dashboard.py", line 210, in show_prices_and_balance
    thai_console_log(f"[{price_str}] :: TOTAL={balance_str}")
  File "E:\BOT_FINALBOT\FINALBOT_Begin\monitoring\console_dashboard.py", line 85, in thai_console_log
    sys.stdout.flush()
  File "E:\BOT_FINALBOT\FINALBOT_Begin\monitoring\console_dashboard.py", line 53, in flush
    self.original_stream.flush()
OSError: [Errno 22] Invalid argument
2026-07-28 04:35:03,684 | INFO     | [DataAdapter] Starting update for EURUSD
2026-07-28 04:35:03,685 | INFO     | [DataAdapter] Refreshing M1 data for EURUSD
2026-07-28 04:35:03,685 | INFO     | [DataAdapter] Starting update for EURUSD-OTC
2026-07-28 04:35:03,685 | INFO     | [DataAdapter] Refreshing M1 data for EURUSD-OTC
2026-07-28 04:35:03,686 | INFO     | [DataAdapter] Starting update for GBPUSD-OTC
2026-07-28 04:35:03,686 | INFO     | [DataAdapter] Refreshing M1 data for GBPUSD-OTC
2026-07-28 04:35:03,686 | INFO     | [DataAdapter] Starting update for EURGBP-OTC
2026-07-28 04:35:03,686 | INFO     | [DataAdapter] Refreshing M1 data for EURGBP-OTC
2026-07-28 04:35:03,979 | INFO     | [IQOPTION] REST fetch succeeded for EURUSD: 3 candles
2026-07-28 04:35:04,059 | ERROR    | [DataAdapter] Anomaly detection failed for EURUSD: 'zero_volume_detected'
2026-07-28 04:35:04,073 | ERROR    | [DataAdapter] update failed for EURUSD: Zero Tolerance: Anomaly detection failed for EURUSD: 'zero_volume_detected'
2026-07-28 04:35:04,089 | ERROR    | [DataAdapter] Zero Tolerance: stopping immediately - no retry allowed
2026-07-28 04:35:04,229 | INFO     | [IQOPTION] REST fetch succeeded for EURUSD-OTC: 3 candles
2026-07-28 04:35:04,280 | INFO     | [DataAdapter] M1 anomaly detection completed for EURUSD-OTC in 0.024s
2026-07-28 04:35:04,370 | INFO     | [CSVQueue] Enqueuing write for data_base/csv/iq_option\EURUSD-OTC\EURUSD-OTC_M1.csv - Queue size: 0
2026-07-28 04:35:04,386 | INFO     | [DataAdapter] M1 data refresh completed for EURUSD-OTC
2026-07-28 04:35:04,401 | INFO     | [CSVQueue] Processing write for data_base/csv/iq_option\EURUSD-OTC\EURUSD-OTC_M1.csv
2026-07-28 04:35:04,401 | INFO     | [DataAdapter] Refreshing M5 data for EURUSD-OTC
2026-07-28 04:35:04,448 | INFO     | [CSVWriter] Writing 99 rows to data_base/csv/iq_option\EURUSD-OTC\EURUSD-OTC_M1.csv
2026-07-28 04:35:04,465 | INFO     | [IQOPTION] REST fetch succeeded for GBPUSD-OTC: 3 candles
2026-07-28 04:35:04,545 | INFO     | [DataAdapter] M1 anomaly detection completed for GBPUSD-OTC in 0.015s
2026-07-28 04:35:04,635 | INFO     | [CSVQueue] Enqueuing write for data_base/csv/iq_option\GBPUSD-OTC\GBPUSD-OTC_M1.csv - Queue size: 0
2026-07-28 04:35:04,651 | INFO     | [DataAdapter] M1 data refresh completed for GBPUSD-OTC
2026-07-28 04:35:04,652 | INFO     | [DataAdapter] Refreshing M5 data for GBPUSD-OTC
2026-07-28 04:35:04,685 | INFO     | [IQOPTION] REST fetch succeeded for EURGBP-OTC: 3 candles
2026-07-28 04:35:04,763 | INFO     | [DataAdapter] M1 anomaly detection completed for EURGBP-OTC in 0.017s
2026-07-28 04:35:04,823 | INFO     | [CSVWriter] Successfully wrote 138 rows to data_base/csv/iq_option\EURUSD-OTC\EURUSD-OTC_M1.csv
2026-07-28 04:35:04,838 | INFO     | [CSVQueue] Successfully processed write for data_base/csv/iq_option\EURUSD-OTC\EURUSD-OTC_M1.csv
2026-07-28 04:35:04,839 | INFO     | [CSVQueue] Enqueuing write for data_base/csv/iq_option\EURGBP-OTC\EURGBP-OTC_M1.csv - Queue size: 1
2026-07-28 04:35:04,868 | INFO     | [CSVQueue] Processing write for data_base/csv/iq_option\GBPUSD-OTC\GBPUSD-OTC_M1.csv
2026-07-28 04:35:04,915 | INFO     | [DataAdapter] M1 data refresh completed for EURGBP-OTC
2026-07-28 04:35:04,976 | INFO     | [DataAdapter] Refreshing M5 data for EURGBP-OTC
2026-07-28 04:35:04,930 | INFO     | [CSVWriter] Writing 99 rows to data_base/csv/iq_option\GBPUSD-OTC\GBPUSD-OTC_M1.csv
2026-07-28 04:35:04,994 | INFO     | [IQOPTION] REST fetch succeeded for EURUSD-OTC: 3 candles
2026-07-28 04:35:05,059 | INFO     | [DataAdapter] M5 anomaly detection completed for EURUSD-OTC
2026-07-28 04:35:05,160 | INFO     | [CSVQueue] Enqueuing write for data_base/csv/iq_option\EURUSD-OTC\EURUSD-OTC_M5.csv - Queue size: 1
2026-07-28 04:35:05,162 | INFO     | [DataAdapter] M5 data refresh completed for EURUSD-OTC
2026-07-28 04:35:05,162 | INFO     | [DataAdapter] Refreshing M15 data for EURUSD-OTC
2026-07-28 04:35:05,194 | INFO     | [DataAdapter] M15 anomaly detection completed for EURUSD-OTC
2026-07-28 04:35:05,205 | INFO     | [DataAdapter] M15 data refresh completed for EURUSD-OTC
2026-07-28 04:35:05,221 | INFO     | [DataAdapter] Anomaly statistics for EURUSD-OTC: {'total_calls': 12, 'response_times': [0.02145075798034668, 0.10471200942993164, 0.007309675216674805, 0.018657684326171875, 0.01887226104736328, 0.006983041763305664, 0.004004001617431641, 0.0220029354095459, 0.006006479263305664, 0.023992061614990234, 0.015256643295288086, 0.01735067367553711], 'spike_count': 0, 'zero_volume_count': 0, 'impossible_candle_count': 0, 'consecutive_anomalies': 0, 'avg_response_time': np.float64(0.022216518719991047), 'max_response_time': np.float64(0.10471200942993164), 'min_response_time': np.float64(0.004004001617431641)}
2026-07-28 04:35:05,222 | INFO     | [IQOPTION] REST fetch succeeded for GBPUSD-OTC: 3 candles
2026-07-28 04:35:05,252 | INFO     | [CSVWriter] Successfully wrote 138 rows to data_base/csv/iq_option\GBPUSD-OTC\GBPUSD-OTC_M1.csv
2026-07-28 04:35:05,256 | INFO     | [CSVQueue] Successfully processed write for data_base/csv/iq_option\GBPUSD-OTC\GBPUSD-OTC_M1.csv
2026-07-28 04:35:05,270 | INFO     | [DataAdapter] M5 anomaly detection completed for GBPUSD-OTC
2026-07-28 04:35:05,270 | INFO     | [CSVQueue] Processing write for data_base/csv/iq_option\EURGBP-OTC\EURGBP-OTC_M1.csv
2026-07-28 04:35:05,316 | INFO     | [CSVWriter] Writing 99 rows to data_base/csv/iq_option\EURGBP-OTC\EURGBP-OTC_M1.csv
2026-07-28 04:35:05,436 | INFO     | [CSVQueue] Enqueuing write for data_base/csv/iq_option\GBPUSD-OTC\GBPUSD-OTC_M5.csv - Queue size: 1
2026-07-28 04:35:05,452 | INFO     | [DataAdapter] M5 data refresh completed for GBPUSD-OTC
2026-07-28 04:35:05,452 | INFO     | [DataAdapter] Refreshing M15 data for GBPUSD-OTC
2026-07-28 04:35:05,506 | INFO     | [DataAdapter] M15 anomaly detection completed for GBPUSD-OTC
2026-07-28 04:35:05,506 | INFO     | [DataAdapter] M15 data refresh completed for GBPUSD-OTC
2026-07-28 04:35:05,507 | INFO     | [DataAdapter] Anomaly statistics for GBPUSD-OTC: {'total_calls': 12, 'response_times': [0.02145075798034668, 0.10471200942993164, 0.007309675216674805, 0.018657684326171875, 0.01887226104736328, 0.006983041763305664, 0.004004001617431641, 0.0220029354095459, 0.006006479263305664, 0.023992061614990234, 0.015256643295288086, 0.01735067367553711], 'spike_count': 0, 'zero_volume_count': 0, 'impossible_candle_count': 0, 'consecutive_anomalies': 0, 'avg_response_time': np.float64(0.022216518719991047), 'max_response_time': np.float64(0.10471200942993164), 'min_response_time': np.float64(0.004004001617431641)}
2026-07-28 04:35:05,508 | INFO     | [IQOPTION] REST fetch succeeded for EURGBP-OTC: 3 candles
2026-07-28 04:35:05,525 | INFO     | [DataAdapter] M5 anomaly detection completed for EURGBP-OTC
2026-07-28 04:35:05,527 | INFO     | [CSVWriter] Successfully wrote 138 rows to data_base/csv/iq_option\EURGBP-OTC\EURGBP-OTC_M1.csv
2026-07-28 04:35:05,527 | INFO     | [CSVQueue] Successfully processed write for data_base/csv/iq_option\EURGBP-OTC\EURGBP-OTC_M1.csv
2026-07-28 04:35:05,527 | INFO     | [CSVQueue] Processing write for data_base/csv/iq_option\EURUSD-OTC\EURUSD-OTC_M5.csv
2026-07-28 04:35:05,528 | INFO     | [CSVWriter] Writing 249 rows to data_base/csv/iq_option\EURUSD-OTC\EURUSD-OTC_M5.csv
2026-07-28 04:35:05,531 | INFO     | [CSVQueue] Enqueuing write for data_base/csv/iq_option\EURGBP-OTC\EURGBP-OTC_M5.csv - Queue size: 1
2026-07-28 04:35:05,532 | INFO     | [DataAdapter] M5 data refresh completed for EURGBP-OTC
2026-07-28 04:35:05,532 | INFO     | [DataAdapter] Refreshing M15 data for EURGBP-OTC
2026-07-28 04:35:05,537 | INFO     | [DataAdapter] M15 anomaly detection completed for EURGBP-OTC
2026-07-28 04:35:05,538 | INFO     | [DataAdapter] M15 data refresh completed for EURGBP-OTC
2026-07-28 04:35:05,538 | INFO     | [DataAdapter] Anomaly statistics for EURGBP-OTC: {'total_calls': 12, 'response_times': [0.02145075798034668, 0.10471200942993164, 0.007309675216674805, 0.018657684326171875, 0.01887226104736328, 0.006983041763305664, 0.004004001617431641, 0.0220029354095459, 0.006006479263305664, 0.023992061614990234, 0.015256643295288086, 0.01735067367553711], 'spike_count': 0, 'zero_volume_count': 0, 'impossible_candle_count': 0, 'consecutive_anomalies': 0, 'avg_response_time': np.float64(0.022216518719991047), 'max_response_time': np.float64(0.10471200942993164), 'min_response_time': np.float64(0.004004001617431641)}
2026-07-28 04:35:05,539 | ERROR    | Error getting future result for EURUSD
Traceback (most recent call last):
  File "C:\Users\BUSOLOVE\AppData\Local\Programs\Python\Python312\Lib\site-packages\pandas\core\indexes\base.py", line 3641, in get_loc
    return self._engine.get_loc(casted_key)
           ^^^^^^^^^^^^^^^^^^^^^^^^^^^^^^^^
  File "pandas/_libs/index.pyx", line 168, in pandas._libs.index.IndexEngine.get_loc
  File "pandas/_libs/index.pyx", line 197, in pandas._libs.index.IndexEngine.get_loc
  File "pandas/_libs/hashtable_class_helper.pxi", line 7668, in pandas._libs.hashtable.PyObjectHashTable.get_item
  File "pandas/_libs/hashtable_class_helper.pxi", line 7676, in pandas._libs.hashtable.PyObjectHashTable.get_item
KeyError: 'zero_volume_detected'

The above exception was the direct cause of the following exception:

Traceback (most recent call last):
  File "E:\BOT_FINALBOT\FINALBOT_Begin\data_feed\data_adapter.py", line 266, in _refresh_m1
    completed = self._anomaly_detector.detect_anomalies(completed, symbol)
                ^^^^^^^^^^^^^^^^^^^^^^^^^^^^^^^^^^^^^^^^^^^^^^^^^^^^^^^^^^
  File "E:\BOT_FINALBOT\FINALBOT_Begin\data_feed\anomaly_detector.py", line 251, in detect_anomalies
  File "E:\BOT_FINALBOT\FINALBOT_Begin\data_feed\anomaly_detector.py", line 164, in detect_zero_volume
    df['zero_volume_detected'] = df['volume'] <= self.anomaly_config["zero_volume_threshold"]
                                ^^^^^^^^^^^^^^^^^^^^^^^^^^
  File "C:\Users\BUSOLOVE\AppData\Local\Programs\Python\Python312\Lib\site-packages\pandas\core\frame.py", line 4378, in __getitem__
    indexer = self.columns.get_loc(key)
              ^^^^^^^^^^^^^^^^^^^^^^^^^
  File "C:\Users\BUSOLOVE\AppData\Local\Programs\Python\Python312\Lib\site-packages\pandas\core\indexes\base.py", line 3648, in get_loc
    raise KeyError(key) from err
KeyError: 'zero_volume_detected'

During handling of the above exception, another exception occurred:

Traceback (most recent call last):
  File "E:\BOT_FINALBOT\FINALBOT_Begin\data_feed\data_adapter.py", line 180, in update
    completed_m1 = self._refresh_m1(symbol, now_naive)
                   ^^^^^^^^^^^^^^^^^^^^^^^^^^^^^^^^^^^
  File "E:\BOT_FINALBOT\FINALBOT_Begin\data_feed\data_adapter.py", line 280, in _refresh_m1
    raise RuntimeError(f"Zero Tolerance: Anomaly detection failed for {symbol}: {e}")
RuntimeError: Zero Tolerance: Anomaly detection failed for EURUSD: 'zero_volume_detected'

During handling of the above exception, another exception occurred:

Traceback (most recent call last):
  File "E:\BOT_FINALBOT\FINALBOT_Begin\runner.py", line 247, in run_cycle
    except Exception as e:
                         ^^
  File "C:\Users\BUSOLOVE\AppData\Local\Programs\Python\Python312\Lib\concurrent\futures\_base.py", line 449, in result
    return self.__get_result()
           ^^^^^^^^^^^^^^^^^^^
  File "C:\Users\BUSOLOVE\AppData\Local\Programs\Python\Python312\Lib\concurrent\futures\_base.py", line 401, in __get_result
    raise self._exception
  File "C:\Users\BUSOLOVE\AppData\Local\Programs\Python\Python312\Lib\concurrent\futures\thread.py", line 58, in run
    result = self.fn(*self.args, **self.kwargs)
             ^^^^^^^^^^^^^^^^^^^^^^^^^^^^^^^^^^
  File "E:\BOT_FINALBOT\FINALBOT_Begin\runner.py", line 154, in fetch_and_save_data
    return self.candle_adapter.update(symbol, broker_epoch=broker_epoch)
           ^^^^^^^^^^^^^^^^^^^^^^^^^^^^^^^^^^^^^^^^^^^^^^^^^^^^^^^^^^^^^
  File "E:\BOT_FINALBOT\FINALBOT_Begin\data_feed\data_adapter.py", line 237, in update
    raise Exception(f"Zero Tolerance: update failed for {symbol}: {e}")
Exception: Zero Tolerance: update failed for EURUSD: Zero Tolerance: Anomaly detection failed for EURUSD: 'zero_volume_detected'
2026-07-28 04:35:05,547 | INFO     | [CSVWriter] Successfully wrote 257 rows to data_base/csv/iq_option\EURUSD-OTC\EURUSD-OTC_M5.csv
2026-07-28 04:35:05,549 | INFO     | [CSVQueue] Successfully processed write for data_base/csv/iq_option\EURUSD-OTC\EURUSD-OTC_M5.csv
2026-07-28 04:35:05,549 | INFO     | [CSVQueue] Processing write for data_base/csv/iq_option\GBPUSD-OTC\GBPUSD-OTC_M5.csv
2026-07-28 04:35:05,549 | INFO     | [CSVWriter] Writing 249 rows to data_base/csv/iq_option\GBPUSD-OTC\GBPUSD-OTC_M5.csv
2026-07-28 04:35:05,558 | INFO     | [CSVWriter] Successfully wrote 257 rows to data_base/csv/iq_option\GBPUSD-OTC\GBPUSD-OTC_M5.csv
2026-07-28 04:35:05,559 | INFO     | [CSVQueue] Successfully processed write for data_base/csv/iq_option\GBPUSD-OTC\GBPUSD-OTC_M5.csv
2026-07-28 04:35:05,559 | INFO     | [CSVQueue] Processing write for data_base/csv/iq_option\EURGBP-OTC\EURGBP-OTC_M5.csv
2026-07-28 04:35:05,559 | INFO     | [CSVWriter] Writing 249 rows to data_base/csv/iq_option\EURGBP-OTC\EURGBP-OTC_M5.csv
2026-07-28 04:35:05,570 | INFO     | [CSVWriter] Successfully wrote 257 rows to data_base/csv/iq_option\EURGBP-OTC\EURGBP-OTC_M5.csv
2026-07-28 04:35:05,571 | INFO     | [CSVQueue] Successfully processed write for data_base/csv/iq_option\EURGBP-OTC\EURGBP-OTC_M5.csv
2026-07-28 04:35:05,571 | INFO     | [CSVQueue] Queue size: 0
2026-07-28 04:35:05,582 | ERROR    | Orchestrator failed for EURUSD-OTC
Traceback (most recent call last):
  File "E:\BOT_FINALBOT\FINALBOT_Begin\runner.py", line 264, in run_cycle
  File "E:\BOT_FINALBOT\FINALBOT_Begin\data_evaluate\orchestrator.py", line 180, in process_cycle
    raise ValueError(f"FAIL-FAST: Insufficient {tf} warm-up candles (minimum {min_req} required)")
ValueError: FAIL-FAST: Insufficient M1 warm-up candles (minimum 250 required)
2026-07-28 04:35:05,606 | ERROR    | Orchestrator failed for GBPUSD-OTC
Traceback (most recent call last):
  File "E:\BOT_FINALBOT\FINALBOT_Begin\runner.py", line 264, in run_cycle
  File "E:\BOT_FINALBOT\FINALBOT_Begin\data_evaluate\orchestrator.py", line 180, in process_cycle
    raise ValueError(f"FAIL-FAST: Insufficient {tf} warm-up candles (minimum {min_req} required)")
ValueError: FAIL-FAST: Insufficient M1 warm-up candles (minimum 250 required)
2026-07-28 04:35:05,641 | ERROR    | Orchestrator failed for EURGBP-OTC
Traceback (most recent call last):
  File "E:\BOT_FINALBOT\FINALBOT_Begin\runner.py", line 264, in run_cycle
  File "E:\BOT_FINALBOT\FINALBOT_Begin\data_evaluate\orchestrator.py", line 180, in process_cycle
    raise ValueError(f"FAIL-FAST: Insufficient {tf} warm-up candles (minimum {min_req} required)")
ValueError: FAIL-FAST: Insufficient M1 warm-up candles (minimum 250 required)
2026-07-28 04:35:05,642 | ERROR    | Error in main loop
Traceback (most recent call last):
  File "E:\BOT_FINALBOT\FINALBOT_Begin\runner.py", line 283, in start
    # Trigger Orchestrator without passing any data via RAM
        ^^^^^^^^^^^^^^^^
  File "E:\BOT_FINALBOT\FINALBOT_Begin\runner.py", line 270, in run_cycle
    logger.exception(f"Error getting future result for {sym}")
    ^^^^^^^^^^^^^^^^^^^^^^^^^^^^^^^^^^^^^^^^^^^^^^^^^^^^^^^
  File "E:\BOT_FINALBOT\FINALBOT_Begin\monitoring\console_dashboard.py", line 210, in show_prices_and_balance
    thai_console_log(f"[{price_str}] :: TOTAL={balance_str}")
  File "E:\BOT_FINALBOT\FINALBOT_Begin\monitoring\console_dashboard.py", line 85, in thai_console_log
    sys.stdout.flush()
  File "E:\BOT_FINALBOT\FINALBOT_Begin\monitoring\console_dashboard.py", line 53, in flush
    self.original_stream.flush()
OSError: [Errno 22] Invalid argument
2026-07-28 04:36:03,890 | INFO     | [DataAdapter] Starting update for EURUSD
2026-07-28 04:36:03,891 | INFO     | [DataAdapter] Refreshing M1 data for EURUSD
2026-07-28 04:36:03,891 | INFO     | [DataAdapter] Starting update for EURUSD-OTC
2026-07-28 04:36:03,891 | INFO     | [DataAdapter] Starting update for GBPUSD-OTC
2026-07-28 04:36:03,891 | INFO     | [DataAdapter] Refreshing M1 data for EURUSD-OTC
2026-07-28 04:36:03,891 | INFO     | [DataAdapter] Refreshing M1 data for GBPUSD-OTC
2026-07-28 04:36:03,892 | INFO     | [DataAdapter] Starting update for EURGBP-OTC
2026-07-28 04:36:03,906 | INFO     | [DataAdapter] Refreshing M1 data for EURGBP-OTC
2026-07-28 04:36:04,249 | INFO     | [IQOPTION] REST fetch succeeded for EURUSD: 3 candles
2026-07-28 04:36:04,283 | ERROR    | [DataAdapter] Anomaly detection failed for EURUSD: 'zero_volume_detected'
2026-07-28 04:36:04,294 | ERROR    | [DataAdapter] update failed for EURUSD: Zero Tolerance: Anomaly detection failed for EURUSD: 'zero_volume_detected'
2026-07-28 04:36:04,310 | ERROR    | [DataAdapter] Zero Tolerance: stopping immediately - no retry allowed
2026-07-28 04:36:04,496 | INFO     | [IQOPTION] REST fetch succeeded for EURUSD-OTC: 3 candles
2026-07-28 04:36:04,522 | INFO     | [DataAdapter] M1 anomaly detection completed for EURUSD-OTC in 0.005s
2026-07-28 04:36:04,621 | INFO     | [CSVQueue] Enqueuing write for data_base/csv/iq_option\EURUSD-OTC\EURUSD-OTC_M1.csv - Queue size: 0
2026-07-28 04:36:04,636 | INFO     | [DataAdapter] M1 data refresh completed for EURUSD-OTC
2026-07-28 04:36:04,651 | INFO     | [CSVQueue] Processing write for data_base/csv/iq_option\EURUSD-OTC\EURUSD-OTC_M1.csv
2026-07-28 04:36:04,651 | INFO     | [DataAdapter] Refreshing M5 data for EURUSD-OTC
2026-07-28 04:36:04,698 | INFO     | [CSVWriter] Writing 99 rows to data_base/csv/iq_option\EURUSD-OTC\EURUSD-OTC_M1.csv
2026-07-28 04:36:04,780 | INFO     | [DataAdapter] M5 anomaly detection completed for EURUSD-OTC
2026-07-28 04:36:04,809 | INFO     | [DataAdapter] M5 data refresh completed for EURUSD-OTC
2026-07-28 04:36:04,809 | INFO     | [IQOPTION] REST fetch succeeded for GBPUSD-OTC: 3 candles
2026-07-28 04:36:04,810 | INFO     | [DataAdapter] Refreshing M15 data for EURUSD-OTC
2026-07-28 04:36:04,892 | INFO     | [DataAdapter] M15 anomaly detection completed for EURUSD-OTC
2026-07-28 04:36:04,899 | INFO     | [DataAdapter] M15 data refresh completed for EURUSD-OTC
2026-07-28 04:36:04,905 | INFO     | [DataAdapter] Anomaly statistics for EURUSD-OTC: {'total_calls': 13, 'response_times': [0.02145075798034668, 0.10471200942993164, 0.007309675216674805, 0.018657684326171875, 0.01887226104736328, 0.006983041763305664, 0.004004001617431641, 0.0220029354095459, 0.006006479263305664, 0.023992061614990234, 0.015256643295288086, 0.01735067367553711, 0.004994630813598633], 'spike_count': 0, 'zero_volume_count': 0, 'impossible_candle_count': 0, 'consecutive_anomalies': 0, 'avg_response_time': np.float64(0.020891758111807015), 'max_response_time': np.float64(0.10471200942993164), 'min_response_time': np.float64(0.004004001617431641)}
2026-07-28 04:36:04,915 | INFO     | [DataAdapter] M1 anomaly detection completed for GBPUSD-OTC in 0.022s
2026-07-28 04:36:05,038 | INFO     | [CSVQueue] Enqueuing write for data_base/csv/iq_option\GBPUSD-OTC\GBPUSD-OTC_M1.csv - Queue size: 0
2026-07-28 04:36:05,040 | INFO     | [DataAdapter] M1 data refresh completed for GBPUSD-OTC
2026-07-28 04:36:05,040 | INFO     | [DataAdapter] Refreshing M5 data for GBPUSD-OTC
2026-07-28 04:36:05,055 | INFO     | [CSVWriter] Successfully wrote 139 rows to data_base/csv/iq_option\EURUSD-OTC\EURUSD-OTC_M1.csv
2026-07-28 04:36:05,073 | INFO     | [DataAdapter] M5 anomaly detection completed for GBPUSD-OTC
2026-07-28 04:36:05,100 | INFO     | [CSVQueue] Successfully processed write for data_base/csv/iq_option\EURUSD-OTC\EURUSD-OTC_M1.csv
2026-07-28 04:36:05,131 | INFO     | [DataAdapter] M5 data refresh completed for GBPUSD-OTC
2026-07-28 04:36:05,161 | INFO     | [CSVQueue] Processing write for data_base/csv/iq_option\GBPUSD-OTC\GBPUSD-OTC_M1.csv
2026-07-28 04:36:05,208 | INFO     | [DataAdapter] Refreshing M15 data for GBPUSD-OTC
2026-07-28 04:36:05,254 | INFO     | [CSVWriter] Writing 99 rows to data_base/csv/iq_option\GBPUSD-OTC\GBPUSD-OTC_M1.csv
2026-07-28 04:36:05,319 | INFO     | [DataAdapter] M15 anomaly detection completed for GBPUSD-OTC
2026-07-28 04:36:05,332 | INFO     | [DataAdapter] M15 data refresh completed for GBPUSD-OTC
2026-07-28 04:36:05,332 | INFO     | [IQOPTION] REST fetch succeeded for EURGBP-OTC: 3 candles
2026-07-28 04:36:05,333 | INFO     | [DataAdapter] Anomaly statistics for GBPUSD-OTC: {'total_calls': 14, 'response_times': [0.02145075798034668, 0.10471200942993164, 0.007309675216674805, 0.018657684326171875, 0.01887226104736328, 0.006983041763305664, 0.004004001617431641, 0.0220029354095459, 0.006006479263305664, 0.023992061614990234, 0.015256643295288086, 0.01735067367553711, 0.004994630813598633, 0.021934986114501953], 'spike_count': 0, 'zero_volume_count': 0, 'impossible_candle_count': 0, 'consecutive_anomalies': 0, 'avg_response_time': np.float64(0.020966274397713796), 'max_response_time': np.float64(0.10471200942993164), 'min_response_time': np.float64(0.004004001617431641)}
2026-07-28 04:36:05,347 | INFO     | [DataAdapter] M1 anomaly detection completed for EURGBP-OTC in 0.006s
2026-07-28 04:36:05,352 | INFO     | [CSVQueue] Enqueuing write for data_base/csv/iq_option\EURGBP-OTC\EURGBP-OTC_M1.csv - Queue size: 0
2026-07-28 04:36:05,353 | INFO     | [DataAdapter] M1 data refresh completed for EURGBP-OTC
2026-07-28 04:36:05,354 | INFO     | [DataAdapter] Refreshing M5 data for EURGBP-OTC
2026-07-28 04:36:05,359 | INFO     | [DataAdapter] M5 anomaly detection completed for EURGBP-OTC
2026-07-28 04:36:05,360 | INFO     | [DataAdapter] M5 data refresh completed for EURGBP-OTC
2026-07-28 04:36:05,360 | INFO     | [DataAdapter] Refreshing M15 data for EURGBP-OTC
2026-07-28 04:36:05,366 | INFO     | [DataAdapter] M15 anomaly detection completed for EURGBP-OTC
2026-07-28 04:36:05,366 | INFO     | [CSVWriter] Successfully wrote 139 rows to data_base/csv/iq_option\GBPUSD-OTC\GBPUSD-OTC_M1.csv
2026-07-28 04:36:05,366 | INFO     | [DataAdapter] M15 data refresh completed for EURGBP-OTC
2026-07-28 04:36:05,366 | INFO     | [CSVQueue] Successfully processed write for data_base/csv/iq_option\GBPUSD-OTC\GBPUSD-OTC_M1.csv
2026-07-28 04:36:05,367 | INFO     | [DataAdapter] Anomaly statistics for EURGBP-OTC: {'total_calls': 15, 'response_times': [0.02145075798034668, 0.10471200942993164, 0.007309675216674805, 0.018657684326171875, 0.01887226104736328, 0.006983041763305664, 0.004004001617431641, 0.0220029354095459, 0.006006479263305664, 0.023992061614990234, 0.015256643295288086, 0.01735067367553711, 0.004994630813598633, 0.021934986114501953, 0.005619049072265625], 'spike_count': 0, 'zero_volume_count': 0, 'impossible_candle_count': 0, 'consecutive_anomalies': 0, 'avg_response_time': np.float64(0.01994312604268392), 'max_response_time': np.float64(0.10471200942993164), 'min_response_time': np.float64(0.004004001617431641)}
2026-07-28 04:36:05,367 | INFO     | [CSVQueue] Processing write for data_base/csv/iq_option\EURGBP-OTC\EURGBP-OTC_M1.csv
2026-07-28 04:36:05,367 | INFO     | [CSVWriter] Writing 99 rows to data_base/csv/iq_option\EURGBP-OTC\EURGBP-OTC_M1.csv
2026-07-28 04:36:05,369 | ERROR    | Error getting future result for EURUSD
Traceback (most recent call last):
  File "C:\Users\BUSOLOVE\AppData\Local\Programs\Python\Python312\Lib\site-packages\pandas\core\indexes\base.py", line 3641, in get_loc
    return self._engine.get_loc(casted_key)
           ^^^^^^^^^^^^^^^^^^^^^^^^^^^^^^^^
  File "pandas/_libs/index.pyx", line 168, in pandas._libs.index.IndexEngine.get_loc
  File "pandas/_libs/index.pyx", line 197, in pandas._libs.index.IndexEngine.get_loc
  File "pandas/_libs/hashtable_class_helper.pxi", line 7668, in pandas._libs.hashtable.PyObjectHashTable.get_item
  File "pandas/_libs/hashtable_class_helper.pxi", line 7676, in pandas._libs.hashtable.PyObjectHashTable.get_item
KeyError: 'zero_volume_detected'

The above exception was the direct cause of the following exception:

Traceback (most recent call last):
  File "E:\BOT_FINALBOT\FINALBOT_Begin\data_feed\data_adapter.py", line 266, in _refresh_m1
    completed = self._anomaly_detector.detect_anomalies(completed, symbol)
                ^^^^^^^^^^^^^^^^^^^^^^^^^^^^^^^^^^^^^^^^^^^^^^^^^^^^^^^^^^
  File "E:\BOT_FINALBOT\FINALBOT_Begin\data_feed\anomaly_detector.py", line 251, in detect_anomalies
  File "E:\BOT_FINALBOT\FINALBOT_Begin\data_feed\anomaly_detector.py", line 164, in detect_zero_volume
    df['zero_volume_detected'] = df['volume'] <= self.anomaly_config["zero_volume_threshold"]
                                ^^^^^^^^^^^^^^^^^^^^^^^^^^
  File "C:\Users\BUSOLOVE\AppData\Local\Programs\Python\Python312\Lib\site-packages\pandas\core\frame.py", line 4378, in __getitem__
    indexer = self.columns.get_loc(key)
              ^^^^^^^^^^^^^^^^^^^^^^^^^
  File "C:\Users\BUSOLOVE\AppData\Local\Programs\Python\Python312\Lib\site-packages\pandas\core\indexes\base.py", line 3648, in get_loc
    raise KeyError(key) from err
KeyError: 'zero_volume_detected'

During handling of the above exception, another exception occurred:

Traceback (most recent call last):
  File "E:\BOT_FINALBOT\FINALBOT_Begin\data_feed\data_adapter.py", line 180, in update
    completed_m1 = self._refresh_m1(symbol, now_naive)
                   ^^^^^^^^^^^^^^^^^^^^^^^^^^^^^^^^^^^
  File "E:\BOT_FINALBOT\FINALBOT_Begin\data_feed\data_adapter.py", line 280, in _refresh_m1
    raise RuntimeError(f"Zero Tolerance: Anomaly detection failed for {symbol}: {e}")
RuntimeError: Zero Tolerance: Anomaly detection failed for EURUSD: 'zero_volume_detected'

During handling of the above exception, another exception occurred:

Traceback (most recent call last):
  File "E:\BOT_FINALBOT\FINALBOT_Begin\runner.py", line 247, in run_cycle
  File "C:\Users\BUSOLOVE\AppData\Local\Programs\Python\Python312\Lib\concurrent\futures\_base.py", line 449, in result
    return self.__get_result()
           ^^^^^^^^^^^^^^^^^^^
  File "C:\Users\BUSOLOVE\AppData\Local\Programs\Python\Python312\Lib\concurrent\futures\_base.py", line 401, in __get_result
    raise self._exception
  File "C:\Users\BUSOLOVE\AppData\Local\Programs\Python\Python312\Lib\concurrent\futures\thread.py", line 58, in run
    result = self.fn(*self.args, **self.kwargs)
             ^^^^^^^^^^^^^^^^^^^^^^^^^^^^^^^^^^
  File "E:\BOT_FINALBOT\FINALBOT_Begin\runner.py", line 154, in fetch_and_save_data
    return self.candle_adapter.update(symbol, broker_epoch=broker_epoch)
           ^^^^^^^^^^^^^^^^^^^^^^^^^^^^^^^^^^^^^^^^^^^^^^^^^^^^^^^^^^^^^
  File "E:\BOT_FINALBOT\FINALBOT_Begin\data_feed\data_adapter.py", line 237, in update
    raise Exception(f"Zero Tolerance: update failed for {symbol}: {e}")
Exception: Zero Tolerance: update failed for EURUSD: Zero Tolerance: Anomaly detection failed for EURUSD: 'zero_volume_detected'
2026-07-28 04:36:05,378 | INFO     | [CSVWriter] Successfully wrote 139 rows to data_base/csv/iq_option\EURGBP-OTC\EURGBP-OTC_M1.csv
2026-07-28 04:36:05,379 | INFO     | [CSVQueue] Successfully processed write for data_base/csv/iq_option\EURGBP-OTC\EURGBP-OTC_M1.csv
2026-07-28 04:36:05,379 | INFO     | [CSVQueue] Queue size: 0
2026-07-28 04:36:05,396 | ERROR    | Orchestrator failed for EURUSD-OTC
Traceback (most recent call last):
  File "E:\BOT_FINALBOT\FINALBOT_Begin\runner.py", line 264, in run_cycle
    logger.warning("[WARN] ไม่มีคู่เงินใดๆ ที่พร้อมทำงานในรอบนี้")
        ^^^^^^^^^^^^^^^^^^^^^^^^^
  File "E:\BOT_FINALBOT\FINALBOT_Begin\data_evaluate\orchestrator.py", line 180, in process_cycle
    raise ValueError(f"FAIL-FAST: Insufficient {tf} warm-up candles (minimum {min_req} required)")
ValueError: FAIL-FAST: Insufficient M1 warm-up candles (minimum 250 required)
2026-07-28 04:36:05,418 | ERROR    | Orchestrator failed for GBPUSD-OTC
Traceback (most recent call last):
  File "E:\BOT_FINALBOT\FINALBOT_Begin\runner.py", line 264, in run_cycle
    logger.warning("[WARN] ไม่มีคู่เงินใดๆ ที่พร้อมทำงานในรอบนี้")
        ^^^^^^^^^^^^^^^^^^^^^^^^^
  File "E:\BOT_FINALBOT\FINALBOT_Begin\data_evaluate\orchestrator.py", line 180, in process_cycle
    raise ValueError(f"FAIL-FAST: Insufficient {tf} warm-up candles (minimum {min_req} required)")
ValueError: FAIL-FAST: Insufficient M1 warm-up candles (minimum 250 required)
2026-07-28 04:36:05,441 | ERROR    | Orchestrator failed for EURGBP-OTC
Traceback (most recent call last):
  File "E:\BOT_FINALBOT\FINALBOT_Begin\runner.py", line 264, in run_cycle
    logger.warning("[WARN] ไม่มีคู่เงินใดๆ ที่พร้อมทำงานในรอบนี้")
        ^^^^^^^^^^^^^^^^^^^^^^^^^
  File "E:\BOT_FINALBOT\FINALBOT_Begin\data_evaluate\orchestrator.py", line 180, in process_cycle
    raise ValueError(f"FAIL-FAST: Insufficient {tf} warm-up candles (minimum {min_req} required)")
ValueError: FAIL-FAST: Insufficient M1 warm-up candles (minimum 250 required)
2026-07-28 04:36:05,442 | ERROR    | Error in main loop
Traceback (most recent call last):
  File "E:\BOT_FINALBOT\FINALBOT_Begin\runner.py", line 283, in start
  File "E:\BOT_FINALBOT\FINALBOT_Begin\runner.py", line 270, in run_cycle
    sym_futures = {}
        ^^^^^^^^^^^^^
  File "E:\BOT_FINALBOT\FINALBOT_Begin\monitoring\console_dashboard.py", line 210, in show_prices_and_balance
    thai_console_log(f"[{price_str}] :: TOTAL={balance_str}")
  File "E:\BOT_FINALBOT\FINALBOT_Begin\monitoring\console_dashboard.py", line 85, in thai_console_log
    sys.stdout.flush()
  File "E:\BOT_FINALBOT\FINALBOT_Begin\monitoring\console_dashboard.py", line 53, in flush
    self.original_stream.flush()
OSError: [Errno 22] Invalid argument
2026-07-28 04:37:03,712 | INFO     | [DataAdapter] Starting update for EURUSD
2026-07-28 04:37:03,712 | INFO     | [DataAdapter] Refreshing M1 data for EURUSD
2026-07-28 04:37:03,712 | INFO     | [DataAdapter] Starting update for EURUSD-OTC
2026-07-28 04:37:03,712 | INFO     | [DataAdapter] Refreshing M1 data for EURUSD-OTC
2026-07-28 04:37:03,712 | INFO     | [DataAdapter] Starting update for GBPUSD-OTC
2026-07-28 04:37:03,713 | INFO     | [DataAdapter] Refreshing M1 data for GBPUSD-OTC
2026-07-28 04:37:03,713 | INFO     | [DataAdapter] Starting update for EURGBP-OTC
2026-07-28 04:37:03,713 | INFO     | [DataAdapter] Refreshing M1 data for EURGBP-OTC
2026-07-28 04:37:04,010 | INFO     | [IQOPTION] REST fetch succeeded for EURUSD: 3 candles
2026-07-28 04:37:04,045 | ERROR    | [DataAdapter] Anomaly detection failed for EURUSD: 'zero_volume_detected'
2026-07-28 04:37:04,055 | WARNING  | [DataAdapter] Anomaly detection has failed 6 times
2026-07-28 04:37:04,070 | ERROR    | [DataAdapter] update failed for EURUSD: Zero Tolerance: Anomaly detection failed for EURUSD: 'zero_volume_detected'
2026-07-28 04:37:04,086 | ERROR    | [DataAdapter] Zero Tolerance: stopping immediately - no retry allowed
2026-07-28 04:37:04,274 | INFO     | [IQOPTION] REST fetch succeeded for EURUSD-OTC: 3 candles
2026-07-28 04:37:04,341 | INFO     | [DataAdapter] M1 anomaly detection completed for EURUSD-OTC in 0.035s
2026-07-28 04:37:04,449 | INFO     | [CSVQueue] Enqueuing write for data_base/csv/iq_option\EURUSD-OTC\EURUSD-OTC_M1.csv - Queue size: 0
2026-07-28 04:37:04,465 | INFO     | [DataAdapter] M1 data refresh completed for EURUSD-OTC
2026-07-28 04:37:04,481 | INFO     | [DataAdapter] Refreshing M5 data for EURUSD-OTC
2026-07-28 04:37:04,481 | INFO     | [CSVQueue] Processing write for data_base/csv/iq_option\EURUSD-OTC\EURUSD-OTC_M1.csv
2026-07-28 04:37:04,499 | INFO     | [CSVWriter] Writing 99 rows to data_base/csv/iq_option\EURUSD-OTC\EURUSD-OTC_M1.csv
2026-07-28 04:37:04,515 | INFO     | [IQOPTION] REST fetch succeeded for GBPUSD-OTC: 3 candles
2026-07-28 04:37:04,518 | INFO     | [DataAdapter] M5 anomaly detection completed for EURUSD-OTC
2026-07-28 04:37:04,526 | INFO     | [DataAdapter] M5 data refresh completed for EURUSD-OTC
2026-07-28 04:37:04,530 | INFO     | [DataAdapter] M1 anomaly detection completed for GBPUSD-OTC in 0.006s
2026-07-28 04:37:04,543 | INFO     | [DataAdapter] Refreshing M15 data for EURUSD-OTC
2026-07-28 04:37:04,643 | INFO     | [DataAdapter] M15 anomaly detection completed for EURUSD-OTC
2026-07-28 04:37:04,670 | INFO     | [DataAdapter] M15 data refresh completed for EURUSD-OTC
2026-07-28 04:37:04,670 | INFO     | [DataAdapter] Anomaly statistics for EURUSD-OTC: {'total_calls': 17, 'response_times': [0.02145075798034668, 0.10471200942993164, 0.007309675216674805, 0.018657684326171875, 0.01887226104736328, 0.006983041763305664, 0.004004001617431641, 0.0220029354095459, 0.006006479263305664, 0.023992061614990234, 0.015256643295288086, 0.01735067367553711, 0.004994630813598633, 0.021934986114501953, 0.005619049072265625, 0.035033464431762695, 0.006001949310302734], 'spike_count': 0, 'zero_volume_count': 0, 'impossible_candle_count': 0, 'consecutive_anomalies': 0, 'avg_response_time': np.float64(0.020010723787195542), 'max_response_time': np.float64(0.10471200942993164), 'min_response_time': np.float64(0.004004001617431641)}
2026-07-28 04:37:04,733 | INFO     | [CSVQueue] Enqueuing write for data_base/csv/iq_option\GBPUSD-OTC\GBPUSD-OTC_M1.csv - Queue size: 0
2026-07-28 04:37:04,750 | INFO     | [DataAdapter] M1 data refresh completed for GBPUSD-OTC
2026-07-28 04:37:04,765 | INFO     | [DataAdapter] Refreshing M5 data for GBPUSD-OTC
2026-07-28 04:37:04,831 | INFO     | [DataAdapter] M5 anomaly detection completed for GBPUSD-OTC
2026-07-28 04:37:04,832 | INFO     | [DataAdapter] M5 data refresh completed for GBPUSD-OTC
2026-07-28 04:37:04,832 | INFO     | [DataAdapter] Refreshing M15 data for GBPUSD-OTC
2026-07-28 04:37:04,844 | INFO     | [CSVWriter] Successfully wrote 250 rows to data_base/csv/iq_option\EURUSD-OTC\EURUSD-OTC_M1.csv
2026-07-28 04:37:04,849 | INFO     | [DataAdapter] M15 anomaly detection completed for GBPUSD-OTC
2026-07-28 04:37:04,850 | INFO     | [CSVQueue] Successfully processed write for data_base/csv/iq_option\EURUSD-OTC\EURUSD-OTC_M1.csv
2026-07-28 04:37:04,850 | INFO     | [IQOPTION] REST fetch succeeded for EURGBP-OTC: 3 candles
2026-07-28 04:37:04,850 | INFO     | [DataAdapter] M15 data refresh completed for GBPUSD-OTC
2026-07-28 04:37:04,850 | INFO     | [CSVQueue] Processing write for data_base/csv/iq_option\GBPUSD-OTC\GBPUSD-OTC_M1.csv
2026-07-28 04:37:04,853 | INFO     | [DataAdapter] Anomaly statistics for GBPUSD-OTC: {'total_calls': 17, 'response_times': [0.02145075798034668, 0.10471200942993164, 0.007309675216674805, 0.018657684326171875, 0.01887226104736328, 0.006983041763305664, 0.004004001617431641, 0.0220029354095459, 0.006006479263305664, 0.023992061614990234, 0.015256643295288086, 0.01735067367553711, 0.004994630813598633, 0.021934986114501953, 0.005619049072265625, 0.035033464431762695, 0.006001949310302734], 'spike_count': 0, 'zero_volume_count': 0, 'impossible_candle_count': 0, 'consecutive_anomalies': 0, 'avg_response_time': np.float64(0.020010723787195542), 'max_response_time': np.float64(0.10471200942993164), 'min_response_time': np.float64(0.004004001617431641)}
2026-07-28 04:37:04,858 | INFO     | [CSVWriter] Writing 99 rows to data_base/csv/iq_option\GBPUSD-OTC\GBPUSD-OTC_M1.csv
2026-07-28 04:37:04,863 | INFO     | [DataAdapter] M1 anomaly detection completed for EURGBP-OTC in 0.007s
2026-07-28 04:37:04,872 | INFO     | [CSVQueue] Enqueuing write for data_base/csv/iq_option\EURGBP-OTC\EURGBP-OTC_M1.csv - Queue size: 0
2026-07-28 04:37:04,872 | INFO     | [DataAdapter] M1 data refresh completed for EURGBP-OTC
2026-07-28 04:37:04,872 | INFO     | [DataAdapter] Refreshing M5 data for EURGBP-OTC
2026-07-28 04:37:04,881 | INFO     | [DataAdapter] M5 anomaly detection completed for EURGBP-OTC
2026-07-28 04:37:04,881 | INFO     | [DataAdapter] M5 data refresh completed for EURGBP-OTC
2026-07-28 04:37:04,881 | INFO     | [DataAdapter] Refreshing M15 data for EURGBP-OTC
2026-07-28 04:37:04,890 | INFO     | [DataAdapter] M15 anomaly detection completed for EURGBP-OTC
2026-07-28 04:37:04,890 | INFO     | [DataAdapter] M15 data refresh completed for EURGBP-OTC
2026-07-28 04:37:04,891 | INFO     | [DataAdapter] Anomaly statistics for EURGBP-OTC: {'total_calls': 18, 'response_times': [0.02145075798034668, 0.10471200942993164, 0.007309675216674805, 0.018657684326171875, 0.01887226104736328, 0.006983041763305664, 0.004004001617431641, 0.0220029354095459, 0.006006479263305664, 0.023992061614990234, 0.015256643295288086, 0.01735067367553711, 0.004994630813598633, 0.021934986114501953, 0.005619049072265625, 0.035033464431762695, 0.006001949310302734, 0.006520271301269531], 'spike_count': 0, 'zero_volume_count': 0, 'impossible_candle_count': 0, 'consecutive_anomalies': 0, 'avg_response_time': np.float64(0.0192612542046441), 'max_response_time': np.float64(0.10471200942993164), 'min_response_time': np.float64(0.004004001617431641)}
2026-07-28 04:37:04,894 | ERROR    | Error getting future result for EURUSD
Traceback (most recent call last):
  File "C:\Users\BUSOLOVE\AppData\Local\Programs\Python\Python312\Lib\site-packages\pandas\core\indexes\base.py", line 3641, in get_loc
    return self._engine.get_loc(casted_key)
           ^^^^^^^^^^^^^^^^^^^^^^^^^^^^^^^^
  File "pandas/_libs/index.pyx", line 168, in pandas._libs.index.IndexEngine.get_loc
  File "pandas/_libs/index.pyx", line 197, in pandas._libs.index.IndexEngine.get_loc
  File "pandas/_libs/hashtable_class_helper.pxi", line 7668, in pandas._libs.hashtable.PyObjectHashTable.get_item
  File "pandas/_libs/hashtable_class_helper.pxi", line 7676, in pandas._libs.hashtable.PyObjectHashTable.get_item
KeyError: 'zero_volume_detected'

The above exception was the direct cause of the following exception:

Traceback (most recent call last):
  File "E:\BOT_FINALBOT\FINALBOT_Begin\data_feed\data_adapter.py", line 266, in _refresh_m1
    completed = self._anomaly_detector.detect_anomalies(completed, symbol)
                ^^^^^^^^^^^^^^^^^^^^^^^^^^^^^^^^^^^^^^^^^^^^^^^^^^^^^^^^^^
  File "E:\BOT_FINALBOT\FINALBOT_Begin\data_feed\anomaly_detector.py", line 251, in detect_anomalies
  File "E:\BOT_FINALBOT\FINALBOT_Begin\data_feed\anomaly_detector.py", line 164, in detect_zero_volume
    df['zero_volume_detected'] = df['volume'] <= self.anomaly_config["zero_volume_threshold"]
                                ^^^^^^^^^^^^^^^^^^^^^^^^^^
  File "C:\Users\BUSOLOVE\AppData\Local\Programs\Python\Python312\Lib\site-packages\pandas\core\frame.py", line 4378, in __getitem__
    indexer = self.columns.get_loc(key)
              ^^^^^^^^^^^^^^^^^^^^^^^^^
  File "C:\Users\BUSOLOVE\AppData\Local\Programs\Python\Python312\Lib\site-packages\pandas\core\indexes\base.py", line 3648, in get_loc
    raise KeyError(key) from err
KeyError: 'zero_volume_detected'

During handling of the above exception, another exception occurred:

Traceback (most recent call last):
  File "E:\BOT_FINALBOT\FINALBOT_Begin\data_feed\data_adapter.py", line 180, in update
    completed_m1 = self._refresh_m1(symbol, now_naive)
                   ^^^^^^^^^^^^^^^^^^^^^^^^^^^^^^^^^^^
  File "E:\BOT_FINALBOT\FINALBOT_Begin\data_feed\data_adapter.py", line 280, in _refresh_m1
    raise RuntimeError(f"Zero Tolerance: Anomaly detection failed for {symbol}: {e}")
RuntimeError: Zero Tolerance: Anomaly detection failed for EURUSD: 'zero_volume_detected'

During handling of the above exception, another exception occurred:

Traceback (most recent call last):
  File "E:\BOT_FINALBOT\FINALBOT_Begin\runner.py", line 247, in run_cycle
  File "C:\Users\BUSOLOVE\AppData\Local\Programs\Python\Python312\Lib\concurrent\futures\_base.py", line 449, in result
    return self.__get_result()
           ^^^^^^^^^^^^^^^^^^^
  File "C:\Users\BUSOLOVE\AppData\Local\Programs\Python\Python312\Lib\concurrent\futures\_base.py", line 401, in __get_result
    raise self._exception
  File "C:\Users\BUSOLOVE\AppData\Local\Programs\Python\Python312\Lib\concurrent\futures\thread.py", line 58, in run
    result = self.fn(*self.args, **self.kwargs)
             ^^^^^^^^^^^^^^^^^^^^^^^^^^^^^^^^^^
  File "E:\BOT_FINALBOT\FINALBOT_Begin\runner.py", line 154, in fetch_and_save_data
    return self.candle_adapter.update(symbol, broker_epoch=broker_epoch)
           ^^^^^^^^^^^^^^^^^^^^^^^^^^^^^^^^^^^^^^^^^^^^^^^^^^^^^^^^^^^^^
  File "E:\BOT_FINALBOT\FINALBOT_Begin\data_feed\data_adapter.py", line 237, in update
    raise Exception(f"Zero Tolerance: update failed for {symbol}: {e}")
Exception: Zero Tolerance: update failed for EURUSD: Zero Tolerance: Anomaly detection failed for EURUSD: 'zero_volume_detected'
2026-07-28 04:37:04,900 | INFO     | [CSVWriter] Successfully wrote 250 rows to data_base/csv/iq_option\GBPUSD-OTC\GBPUSD-OTC_M1.csv
2026-07-28 04:37:04,900 | INFO     | [CSVQueue] Successfully processed write for data_base/csv/iq_option\GBPUSD-OTC\GBPUSD-OTC_M1.csv
2026-07-28 04:37:04,900 | INFO     | [CSVQueue] Processing write for data_base/csv/iq_option\EURGBP-OTC\EURGBP-OTC_M1.csv
2026-07-28 04:37:04,900 | INFO     | [CSVWriter] Writing 99 rows to data_base/csv/iq_option\EURGBP-OTC\EURGBP-OTC_M1.csv
2026-07-28 04:37:04,927 | INFO     | [CSVWriter] Successfully wrote 250 rows to data_base/csv/iq_option\EURGBP-OTC\EURGBP-OTC_M1.csv
2026-07-28 04:37:04,927 | INFO     | [CSVQueue] Successfully processed write for data_base/csv/iq_option\EURGBP-OTC\EURGBP-OTC_M1.csv
2026-07-28 04:37:04,927 | INFO     | [CSVQueue] Queue size: 0
2026-07-28 04:37:05,292 | ERROR    | Error in main loop
Traceback (most recent call last):
  File "E:\BOT_FINALBOT\FINALBOT_Begin\runner.py", line 283, in start
  File "E:\BOT_FINALBOT\FINALBOT_Begin\runner.py", line 270, in run_cycle
    sym_futures = {}
        ^^^^^^^^^^^^^
  File "E:\BOT_FINALBOT\FINALBOT_Begin\monitoring\console_dashboard.py", line 210, in show_prices_and_balance
    thai_console_log(f"[{price_str}] :: TOTAL={balance_str}")
  File "E:\BOT_FINALBOT\FINALBOT_Begin\monitoring\console_dashboard.py", line 85, in thai_console_log
    sys.stdout.flush()
  File "E:\BOT_FINALBOT\FINALBOT_Begin\monitoring\console_dashboard.py", line 53, in flush
    self.original_stream.flush()
OSError: [Errno 22] Invalid argument
2026-07-28 04:38:03,555 | INFO     | [DataAdapter] Starting update for EURUSD
2026-07-28 04:38:03,555 | INFO     | [DataAdapter] Refreshing M1 data for EURUSD
2026-07-28 04:38:03,555 | INFO     | [DataAdapter] Starting update for EURUSD-OTC
2026-07-28 04:38:03,556 | INFO     | [DataAdapter] Refreshing M1 data for EURUSD-OTC
2026-07-28 04:38:03,556 | INFO     | [DataAdapter] Starting update for GBPUSD-OTC
2026-07-28 04:38:03,556 | INFO     | [DataAdapter] Refreshing M1 data for GBPUSD-OTC
2026-07-28 04:38:03,557 | INFO     | [DataAdapter] Starting update for EURGBP-OTC
2026-07-28 04:38:03,558 | INFO     | [DataAdapter] Refreshing M1 data for EURGBP-OTC
2026-07-28 04:38:03,816 | INFO     | [IQOPTION] REST fetch succeeded for EURUSD: 3 candles
2026-07-28 04:38:03,850 | ERROR    | [DataAdapter] Anomaly detection failed for EURUSD: 'zero_volume_detected'
2026-07-28 04:38:03,862 | WARNING  | [DataAdapter] Anomaly detection has failed 7 times
2026-07-28 04:38:03,877 | ERROR    | [DataAdapter] update failed for EURUSD: Zero Tolerance: Anomaly detection failed for EURUSD: 'zero_volume_detected'
2026-07-28 04:38:03,893 | ERROR    | [DataAdapter] Zero Tolerance: stopping immediately - no retry allowed
2026-07-28 04:38:04,217 | INFO     | [IQOPTION] REST fetch succeeded for EURUSD-OTC: 3 candles
2026-07-28 04:38:04,267 | INFO     | [DataAdapter] M1 anomaly detection completed for EURUSD-OTC in 0.027s
2026-07-28 04:38:04,339 | INFO     | [CSVQueue] Enqueuing write for data_base/csv/iq_option\EURUSD-OTC\EURUSD-OTC_M1.csv - Queue size: 0
2026-07-28 04:38:04,355 | INFO     | [DataAdapter] M1 data refresh completed for EURUSD-OTC
2026-07-28 04:38:04,370 | INFO     | [CSVQueue] Processing write for data_base/csv/iq_option\EURUSD-OTC\EURUSD-OTC_M1.csv
2026-07-28 04:38:04,370 | INFO     | [DataAdapter] Refreshing M5 data for EURUSD-OTC
2026-07-28 04:38:04,401 | INFO     | [CSVWriter] Writing 99 rows to data_base/csv/iq_option\EURUSD-OTC\EURUSD-OTC_M1.csv
2026-07-28 04:38:04,453 | INFO     | [DataAdapter] M5 anomaly detection completed for EURUSD-OTC
2026-07-28 04:38:04,462 | INFO     | [DataAdapter] M5 data refresh completed for EURUSD-OTC
2026-07-28 04:38:04,462 | INFO     | [DataAdapter] Refreshing M15 data for EURUSD-OTC
2026-07-28 04:38:04,480 | INFO     | [IQOPTION] REST fetch succeeded for GBPUSD-OTC: 3 candles
2026-07-28 04:38:04,498 | INFO     | [DataAdapter] M15 anomaly detection completed for EURUSD-OTC
2026-07-28 04:38:04,556 | INFO     | [DataAdapter] M15 data refresh completed for EURUSD-OTC
2026-07-28 04:38:04,573 | INFO     | [DataAdapter] Anomaly statistics for EURUSD-OTC: {'total_calls': 19, 'response_times': [0.02145075798034668, 0.10471200942993164, 0.007309675216674805, 0.018657684326171875, 0.01887226104736328, 0.006983041763305664, 0.004004001617431641, 0.0220029354095459, 0.006006479263305664, 0.023992061614990234, 0.015256643295288086, 0.01735067367553711, 0.004994630813598633, 0.021934986114501953, 0.005619049072265625, 0.035033464431762695, 0.006001949310302734, 0.006520271301269531, 0.02697277069091797], 'spike_count': 0, 'zero_volume_count': 0, 'impossible_candle_count': 0, 'consecutive_anomalies': 0, 'avg_response_time': np.float64(0.019667123493395354), 'max_response_time': np.float64(0.10471200942993164), 'min_response_time': np.float64(0.004004001617431641)}
2026-07-28 04:38:04,587 | INFO     | [DataAdapter] M1 anomaly detection completed for GBPUSD-OTC in 0.017s
2026-07-28 04:38:04,722 | INFO     | [CSVQueue] Enqueuing write for data_base/csv/iq_option\GBPUSD-OTC\GBPUSD-OTC_M1.csv - Queue size: 0
2026-07-28 04:38:04,753 | INFO     | [DataAdapter] M1 data refresh completed for GBPUSD-OTC
2026-07-28 04:38:04,768 | INFO     | [DataAdapter] Refreshing M5 data for GBPUSD-OTC
2026-07-28 04:38:04,801 | INFO     | [IQOPTION] REST fetch succeeded for EURGBP-OTC: 3 candles
2026-07-28 04:38:04,805 | INFO     | [DataAdapter] M5 anomaly detection completed for GBPUSD-OTC
2026-07-28 04:38:04,805 | INFO     | [DataAdapter] M5 data refresh completed for GBPUSD-OTC
2026-07-28 04:38:04,812 | INFO     | [DataAdapter] Refreshing M15 data for GBPUSD-OTC
2026-07-28 04:38:04,815 | INFO     | [CSVWriter] Successfully wrote 251 rows to data_base/csv/iq_option\EURUSD-OTC\EURUSD-OTC_M1.csv
2026-07-28 04:38:04,816 | INFO     | [CSVQueue] Successfully processed write for data_base/csv/iq_option\EURUSD-OTC\EURUSD-OTC_M1.csv
2026-07-28 04:38:04,820 | INFO     | [DataAdapter] M1 anomaly detection completed for EURGBP-OTC in 0.005s
2026-07-28 04:38:04,820 | INFO     | [CSVQueue] Processing write for data_base/csv/iq_option\GBPUSD-OTC\GBPUSD-OTC_M1.csv
2026-07-28 04:38:04,825 | INFO     | [DataAdapter] M15 anomaly detection completed for GBPUSD-OTC
2026-07-28 04:38:04,826 | INFO     | [CSVWriter] Writing 99 rows to data_base/csv/iq_option\GBPUSD-OTC\GBPUSD-OTC_M1.csv
2026-07-28 04:38:04,827 | INFO     | [DataAdapter] M15 data refresh completed for GBPUSD-OTC
2026-07-28 04:38:04,829 | INFO     | [CSVQueue] Enqueuing write for data_base/csv/iq_option\EURGBP-OTC\EURGBP-OTC_M1.csv - Queue size: 0
2026-07-28 04:38:04,830 | INFO     | [DataAdapter] Anomaly statistics for GBPUSD-OTC: {'total_calls': 21, 'response_times': [0.02145075798034668, 0.10471200942993164, 0.007309675216674805, 0.018657684326171875, 0.01887226104736328, 0.006983041763305664, 0.004004001617431641, 0.0220029354095459, 0.006006479263305664, 0.023992061614990234, 0.015256643295288086, 0.01735067367553711, 0.004994630813598633, 0.021934986114501953, 0.005619049072265625, 0.035033464431762695, 0.006001949310302734, 0.006520271301269531, 0.02697277069091797, 0.016711950302124023, 0.005271196365356445], 'spike_count': 0, 'zero_volume_count': 0, 'impossible_candle_count': 0, 'consecutive_anomalies': 0, 'avg_response_time': np.float64(0.018840880621047246), 'max_response_time': np.float64(0.10471200942993164), 'min_response_time': np.float64(0.004004001617431641)}
2026-07-28 04:38:04,830 | INFO     | [DataAdapter] M1 data refresh completed for EURGBP-OTC
2026-07-28 04:38:04,831 | INFO     | [DataAdapter] Refreshing M5 data for EURGBP-OTC
2026-07-28 04:38:04,838 | INFO     | [DataAdapter] M5 anomaly detection completed for EURGBP-OTC
2026-07-28 04:38:04,838 | INFO     | [DataAdapter] M5 data refresh completed for EURGBP-OTC
2026-07-28 04:38:04,838 | INFO     | [DataAdapter] Refreshing M15 data for EURGBP-OTC
2026-07-28 04:38:04,846 | INFO     | [DataAdapter] M15 anomaly detection completed for EURGBP-OTC
2026-07-28 04:38:04,846 | INFO     | [DataAdapter] M15 data refresh completed for EURGBP-OTC
2026-07-28 04:38:04,847 | INFO     | [DataAdapter] Anomaly statistics for EURGBP-OTC: {'total_calls': 21, 'response_times': [0.02145075798034668, 0.10471200942993164, 0.007309675216674805, 0.018657684326171875, 0.01887226104736328, 0.006983041763305664, 0.004004001617431641, 0.0220029354095459, 0.006006479263305664, 0.023992061614990234, 0.015256643295288086, 0.01735067367553711, 0.004994630813598633, 0.021934986114501953, 0.005619049072265625, 0.035033464431762695, 0.006001949310302734, 0.006520271301269531, 0.02697277069091797, 0.016711950302124023, 0.005271196365356445], 'spike_count': 0, 'zero_volume_count': 0, 'impossible_candle_count': 0, 'consecutive_anomalies': 0, 'avg_response_time': np.float64(0.018840880621047246), 'max_response_time': np.float64(0.10471200942993164), 'min_response_time': np.float64(0.004004001617431641)}
2026-07-28 04:38:04,850 | ERROR    | Error getting future result for EURUSD
Traceback (most recent call last):
  File "C:\Users\BUSOLOVE\AppData\Local\Programs\Python\Python312\Lib\site-packages\pandas\core\indexes\base.py", line 3641, in get_loc
    return self._engine.get_loc(casted_key)
           ^^^^^^^^^^^^^^^^^^^^^^^^^^^^^^^^
  File "pandas/_libs/index.pyx", line 168, in pandas._libs.index.IndexEngine.get_loc
  File "pandas/_libs/index.pyx", line 197, in pandas._libs.index.IndexEngine.get_loc
  File "pandas/_libs/hashtable_class_helper.pxi", line 7668, in pandas._libs.hashtable.PyObjectHashTable.get_item
  File "pandas/_libs/hashtable_class_helper.pxi", line 7676, in pandas._libs.hashtable.PyObjectHashTable.get_item
KeyError: 'zero_volume_detected'

The above exception was the direct cause of the following exception:

Traceback (most recent call last):
  File "E:\BOT_FINALBOT\FINALBOT_Begin\data_feed\data_adapter.py", line 266, in _refresh_m1
    completed = self._anomaly_detector.detect_anomalies(completed, symbol)
                ^^^^^^^^^^^^^^^^^^^^^^^^^^^^^^^^^^^^^^^^^^^^^^^^^^^^^^^^^^
  File "E:\BOT_FINALBOT\FINALBOT_Begin\data_feed\anomaly_detector.py", line 251, in detect_anomalies
  File "E:\BOT_FINALBOT\FINALBOT_Begin\data_feed\anomaly_detector.py", line 164, in detect_zero_volume
    df['zero_volume_detected'] = df['volume'] <= self.anomaly_config["zero_volume_threshold"]
                                ^^^^^^^^^^^^^^^^^^^^^^^^^^
  File "C:\Users\BUSOLOVE\AppData\Local\Programs\Python\Python312\Lib\site-packages\pandas\core\frame.py", line 4378, in __getitem__
    indexer = self.columns.get_loc(key)
              ^^^^^^^^^^^^^^^^^^^^^^^^^
  File "C:\Users\BUSOLOVE\AppData\Local\Programs\Python\Python312\Lib\site-packages\pandas\core\indexes\base.py", line 3648, in get_loc
    raise KeyError(key) from err
KeyError: 'zero_volume_detected'

During handling of the above exception, another exception occurred:

Traceback (most recent call last):
  File "E:\BOT_FINALBOT\FINALBOT_Begin\data_feed\data_adapter.py", line 180, in update
    completed_m1 = self._refresh_m1(symbol, now_naive)
                   ^^^^^^^^^^^^^^^^^^^^^^^^^^^^^^^^^^^
  File "E:\BOT_FINALBOT\FINALBOT_Begin\data_feed\data_adapter.py", line 280, in _refresh_m1
    raise RuntimeError(f"Zero Tolerance: Anomaly detection failed for {symbol}: {e}")
RuntimeError: Zero Tolerance: Anomaly detection failed for EURUSD: 'zero_volume_detected'

During handling of the above exception, another exception occurred:

Traceback (most recent call last):
  File "E:\BOT_FINALBOT\FINALBOT_Begin\runner.py", line 247, in run_cycle
  File "C:\Users\BUSOLOVE\AppData\Local\Programs\Python\Python312\Lib\concurrent\futures\_base.py", line 449, in result
    return self.__get_result()
           ^^^^^^^^^^^^^^^^^^^
  File "C:\Users\BUSOLOVE\AppData\Local\Programs\Python\Python312\Lib\concurrent\futures\_base.py", line 401, in __get_result
    raise self._exception
  File "C:\Users\BUSOLOVE\AppData\Local\Programs\Python\Python312\Lib\concurrent\futures\thread.py", line 58, in run
    result = self.fn(*self.args, **self.kwargs)
             ^^^^^^^^^^^^^^^^^^^^^^^^^^^^^^^^^^
  File "E:\BOT_FINALBOT\FINALBOT_Begin\runner.py", line 154, in fetch_and_save_data
    return self.candle_adapter.update(symbol, broker_epoch=broker_epoch)
           ^^^^^^^^^^^^^^^^^^^^^^^^^^^^^^^^^^^^^^^^^^^^^^^^^^^^^^^^^^^^^
  File "E:\BOT_FINALBOT\FINALBOT_Begin\data_feed\data_adapter.py", line 237, in update
    raise Exception(f"Zero Tolerance: update failed for {symbol}: {e}")
Exception: Zero Tolerance: update failed for EURUSD: Zero Tolerance: Anomaly detection failed for EURUSD: 'zero_volume_detected'
2026-07-28 04:38:04,857 | INFO     | [CSVWriter] Successfully wrote 251 rows to data_base/csv/iq_option\GBPUSD-OTC\GBPUSD-OTC_M1.csv
2026-07-28 04:38:04,857 | INFO     | [CSVQueue] Successfully processed write for data_base/csv/iq_option\GBPUSD-OTC\GBPUSD-OTC_M1.csv
2026-07-28 04:38:04,857 | INFO     | [CSVQueue] Processing write for data_base/csv/iq_option\EURGBP-OTC\EURGBP-OTC_M1.csv
2026-07-28 04:38:04,857 | INFO     | [CSVWriter] Writing 99 rows to data_base/csv/iq_option\EURGBP-OTC\EURGBP-OTC_M1.csv
2026-07-28 04:38:04,873 | INFO     | [CSVWriter] Successfully wrote 251 rows to data_base/csv/iq_option\EURGBP-OTC\EURGBP-OTC_M1.csv
2026-07-28 04:38:04,873 | INFO     | [CSVQueue] Successfully processed write for data_base/csv/iq_option\EURGBP-OTC\EURGBP-OTC_M1.csv
2026-07-28 04:38:04,873 | INFO     | [CSVQueue] Queue size: 0
2026-07-28 04:38:05,214 | ERROR    | Error in main loop
Traceback (most recent call last):
  File "E:\BOT_FINALBOT\FINALBOT_Begin\runner.py", line 283, in start
  File "E:\BOT_FINALBOT\FINALBOT_Begin\runner.py", line 270, in run_cycle
    sym_futures = {}
        ^^^^^^^^^^^^^
  File "E:\BOT_FINALBOT\FINALBOT_Begin\monitoring\console_dashboard.py", line 210, in show_prices_and_balance
    thai_console_log(f"[{price_str}] :: TOTAL={balance_str}")
  File "E:\BOT_FINALBOT\FINALBOT_Begin\monitoring\console_dashboard.py", line 85, in thai_console_log
    sys.stdout.flush()
  File "E:\BOT_FINALBOT\FINALBOT_Begin\monitoring\console_dashboard.py", line 53, in flush
    self.original_stream.flush()
OSError: [Errno 22] Invalid argument
2026-07-28 04:39:03,479 | INFO     | [DataAdapter] Starting update for EURUSD
2026-07-28 04:39:03,479 | INFO     | [DataAdapter] Refreshing M1 data for EURUSD
2026-07-28 04:39:03,480 | INFO     | [DataAdapter] Starting update for EURUSD-OTC
2026-07-28 04:39:03,480 | INFO     | [DataAdapter] Refreshing M1 data for EURUSD-OTC
2026-07-28 04:39:03,480 | INFO     | [DataAdapter] Starting update for GBPUSD-OTC
2026-07-28 04:39:03,480 | INFO     | [DataAdapter] Refreshing M1 data for GBPUSD-OTC
2026-07-28 04:39:03,481 | INFO     | [DataAdapter] Starting update for EURGBP-OTC
2026-07-28 04:39:03,481 | INFO     | [DataAdapter] Refreshing M1 data for EURGBP-OTC
2026-07-28 04:39:03,771 | INFO     | [IQOPTION] REST fetch succeeded for EURUSD: 3 candles
2026-07-28 04:39:03,796 | ERROR    | [DataAdapter] Anomaly detection failed for EURUSD: 'zero_volume_detected'
2026-07-28 04:39:03,816 | WARNING  | [DataAdapter] Anomaly detection has failed 8 times
2026-07-28 04:39:03,832 | ERROR    | [DataAdapter] update failed for EURUSD: Zero Tolerance: Anomaly detection failed for EURUSD: 'zero_volume_detected'
2026-07-28 04:39:03,847 | ERROR    | [DataAdapter] Zero Tolerance: stopping immediately - no retry allowed
2026-07-28 04:39:04,171 | INFO     | [IQOPTION] REST fetch succeeded for EURUSD-OTC: 3 candles
2026-07-28 04:39:04,204 | INFO     | [DataAdapter] M1 anomaly detection completed for EURUSD-OTC in 0.016s
2026-07-28 04:39:04,293 | INFO     | [CSVQueue] Enqueuing write for data_base/csv/iq_option\EURUSD-OTC\EURUSD-OTC_M1.csv - Queue size: 0
2026-07-28 04:39:04,309 | INFO     | [DataAdapter] M1 data refresh completed for EURUSD-OTC
2026-07-28 04:39:04,324 | INFO     | [CSVQueue] Processing write for data_base/csv/iq_option\EURUSD-OTC\EURUSD-OTC_M1.csv
2026-07-28 04:39:04,324 | INFO     | [DataAdapter] Refreshing M5 data for EURUSD-OTC
2026-07-28 04:39:04,370 | INFO     | [CSVWriter] Writing 99 rows to data_base/csv/iq_option\EURUSD-OTC\EURUSD-OTC_M1.csv
2026-07-28 04:39:04,443 | INFO     | [DataAdapter] M5 anomaly detection completed for EURUSD-OTC
2026-07-28 04:39:04,464 | INFO     | [DataAdapter] M5 data refresh completed for EURUSD-OTC
2026-07-28 04:39:04,479 | INFO     | [DataAdapter] Refreshing M15 data for EURUSD-OTC
2026-07-28 04:39:04,500 | INFO     | [IQOPTION] REST fetch succeeded for GBPUSD-OTC: 3 candles
2026-07-28 04:39:04,503 | INFO     | [DataAdapter] M15 anomaly detection completed for EURUSD-OTC
2026-07-28 04:39:04,556 | INFO     | [DataAdapter] M15 data refresh completed for EURUSD-OTC
2026-07-28 04:39:04,556 | INFO     | [CSVWriter] Successfully wrote 99 rows to data_base/csv/iq_option\EURUSD-OTC\EURUSD-OTC_M1.csv
2026-07-28 04:39:04,563 | INFO     | [DataAdapter] Anomaly statistics for EURUSD-OTC: {'total_calls': 22, 'response_times': [0.02145075798034668, 0.10471200942993164, 0.007309675216674805, 0.018657684326171875, 0.01887226104736328, 0.006983041763305664, 0.004004001617431641, 0.0220029354095459, 0.006006479263305664, 0.023992061614990234, 0.015256643295288086, 0.01735067367553711, 0.004994630813598633, 0.021934986114501953, 0.005619049072265625, 0.035033464431762695, 0.006001949310302734, 0.006520271301269531, 0.02697277069091797, 0.016711950302124023, 0.005271196365356445, 0.016228675842285156], 'spike_count': 0, 'zero_volume_count': 0, 'impossible_candle_count': 0, 'consecutive_anomalies': 0, 'avg_response_time': np.float64(0.018722144040194424), 'max_response_time': np.float64(0.10471200942993164), 'min_response_time': np.float64(0.004004001617431641)}
2026-07-28 04:39:04,563 | INFO     | [DataAdapter] M1 anomaly detection completed for GBPUSD-OTC in 0.028s
2026-07-28 04:39:04,602 | INFO     | [CSVQueue] Successfully processed write for data_base/csv/iq_option\EURUSD-OTC\EURUSD-OTC_M1.csv
2026-07-28 04:39:04,697 | INFO     | [CSVQueue] Queue size: 0
2026-07-28 04:39:04,741 | INFO     | [CSVQueue] Enqueuing write for data_base/csv/iq_option\GBPUSD-OTC\GBPUSD-OTC_M1.csv - Queue size: 0
2026-07-28 04:39:04,757 | INFO     | [DataAdapter] M1 data refresh completed for GBPUSD-OTC
2026-07-28 04:39:04,758 | INFO     | [DataAdapter] Refreshing M5 data for GBPUSD-OTC
2026-07-28 04:39:04,758 | INFO     | [CSVQueue] Processing write for data_base/csv/iq_option\GBPUSD-OTC\GBPUSD-OTC_M1.csv
2026-07-28 04:39:04,758 | INFO     | [IQOPTION] REST fetch succeeded for EURGBP-OTC: 3 candles
2026-07-28 04:39:04,763 | INFO     | [DataAdapter] M5 anomaly detection completed for GBPUSD-OTC
2026-07-28 04:39:04,764 | INFO     | [CSVWriter] Writing 99 rows to data_base/csv/iq_option\GBPUSD-OTC\GBPUSD-OTC_M1.csv
2026-07-28 04:39:04,770 | INFO     | [DataAdapter] M5 data refresh completed for GBPUSD-OTC
2026-07-28 04:39:04,774 | INFO     | [DataAdapter] M1 anomaly detection completed for EURGBP-OTC in 0.005s
2026-07-28 04:39:04,775 | INFO     | [DataAdapter] Refreshing M15 data for GBPUSD-OTC
2026-07-28 04:39:04,786 | INFO     | [DataAdapter] M15 anomaly detection completed for GBPUSD-OTC
2026-07-28 04:39:04,786 | INFO     | [CSVQueue] Enqueuing write for data_base/csv/iq_option\EURGBP-OTC\EURGBP-OTC_M1.csv - Queue size: 0
2026-07-28 04:39:04,786 | INFO     | [DataAdapter] M15 data refresh completed for GBPUSD-OTC
2026-07-28 04:39:04,786 | INFO     | [CSVWriter] Successfully wrote 99 rows to data_base/csv/iq_option\GBPUSD-OTC\GBPUSD-OTC_M1.csv
2026-07-28 04:39:04,786 | INFO     | [DataAdapter] M1 data refresh completed for EURGBP-OTC
2026-07-28 04:39:04,787 | INFO     | [DataAdapter] Anomaly statistics for GBPUSD-OTC: {'total_calls': 24, 'response_times': [0.02145075798034668, 0.10471200942993164, 0.007309675216674805, 0.018657684326171875, 0.01887226104736328, 0.006983041763305664, 0.004004001617431641, 0.0220029354095459, 0.006006479263305664, 0.023992061614990234, 0.015256643295288086, 0.01735067367553711, 0.004994630813598633, 0.021934986114501953, 0.005619049072265625, 0.035033464431762695, 0.006001949310302734, 0.006520271301269531, 0.02697277069091797, 0.016711950302124023, 0.005271196365356445, 0.016228675842285156, 0.02753138542175293, 0.004999637603759766], 'spike_count': 0, 'zero_volume_count': 0, 'impossible_candle_count': 0, 'consecutive_anomalies': 0, 'avg_response_time': np.float64(0.018517424662907917), 'max_response_time': np.float64(0.10471200942993164), 'min_response_time': np.float64(0.004004001617431641)}
2026-07-28 04:39:04,787 | INFO     | [CSVQueue] Successfully processed write for data_base/csv/iq_option\GBPUSD-OTC\GBPUSD-OTC_M1.csv
2026-07-28 04:39:04,787 | INFO     | [DataAdapter] Refreshing M5 data for EURGBP-OTC
2026-07-28 04:39:04,788 | INFO     | [CSVQueue] Processing write for data_base/csv/iq_option\EURGBP-OTC\EURGBP-OTC_M1.csv
2026-07-28 04:39:04,790 | INFO     | [CSVWriter] Writing 99 rows to data_base/csv/iq_option\EURGBP-OTC\EURGBP-OTC_M1.csv
2026-07-28 04:39:04,795 | INFO     | [DataAdapter] M5 anomaly detection completed for EURGBP-OTC
2026-07-28 04:39:04,795 | INFO     | [DataAdapter] M5 data refresh completed for EURGBP-OTC
2026-07-28 04:39:04,795 | INFO     | [DataAdapter] Refreshing M15 data for EURGBP-OTC
2026-07-28 04:39:04,800 | INFO     | [DataAdapter] M15 anomaly detection completed for EURGBP-OTC
2026-07-28 04:39:04,801 | INFO     | [DataAdapter] M15 data refresh completed for EURGBP-OTC
2026-07-28 04:39:04,801 | INFO     | [DataAdapter] Anomaly statistics for EURGBP-OTC: {'total_calls': 24, 'response_times': [0.02145075798034668, 0.10471200942993164, 0.007309675216674805, 0.018657684326171875, 0.01887226104736328, 0.006983041763305664, 0.004004001617431641, 0.0220029354095459, 0.006006479263305664, 0.023992061614990234, 0.015256643295288086, 0.01735067367553711, 0.004994630813598633, 0.021934986114501953, 0.005619049072265625, 0.035033464431762695, 0.006001949310302734, 0.006520271301269531, 0.02697277069091797, 0.016711950302124023, 0.005271196365356445, 0.016228675842285156, 0.02753138542175293, 0.004999637603759766], 'spike_count': 0, 'zero_volume_count': 0, 'impossible_candle_count': 0, 'consecutive_anomalies': 0, 'avg_response_time': np.float64(0.018517424662907917), 'max_response_time': np.float64(0.10471200942993164), 'min_response_time': np.float64(0.004004001617431641)}
2026-07-28 04:39:04,802 | ERROR    | Error getting future result for EURUSD
Traceback (most recent call last):
  File "C:\Users\BUSOLOVE\AppData\Local\Programs\Python\Python312\Lib\site-packages\pandas\core\indexes\base.py", line 3641, in get_loc
    return self._engine.get_loc(casted_key)
           ^^^^^^^^^^^^^^^^^^^^^^^^^^^^^^^^
  File "pandas/_libs/index.pyx", line 168, in pandas._libs.index.IndexEngine.get_loc
  File "pandas/_libs/index.pyx", line 197, in pandas._libs.index.IndexEngine.get_loc
  File "pandas/_libs/hashtable_class_helper.pxi", line 7668, in pandas._libs.hashtable.PyObjectHashTable.get_item
  File "pandas/_libs/hashtable_class_helper.pxi", line 7676, in pandas._libs.hashtable.PyObjectHashTable.get_item
KeyError: 'zero_volume_detected'

The above exception was the direct cause of the following exception:

Traceback (most recent call last):
  File "E:\BOT_FINALBOT\FINALBOT_Begin\data_feed\data_adapter.py", line 266, in _refresh_m1
    completed = self._anomaly_detector.detect_anomalies(completed, symbol)
                ^^^^^^^^^^^^^^^^^^^^^^^^^^^^^^^^^^^^^^^^^^^^^^^^^^^^^^^^^^
  File "E:\BOT_FINALBOT\FINALBOT_Begin\data_feed\anomaly_detector.py", line 251, in detect_anomalies
  File "E:\BOT_FINALBOT\FINALBOT_Begin\data_feed\anomaly_detector.py", line 164, in detect_zero_volume
    df['zero_volume_detected'] = df['volume'] <= self.anomaly_config["zero_volume_threshold"]
                                ^^^^^^^^^^^^^^^^^^^^^^^^^^
  File "C:\Users\BUSOLOVE\AppData\Local\Programs\Python\Python312\Lib\site-packages\pandas\core\frame.py", line 4378, in __getitem__
    indexer = self.columns.get_loc(key)
              ^^^^^^^^^^^^^^^^^^^^^^^^^
  File "C:\Users\BUSOLOVE\AppData\Local\Programs\Python\Python312\Lib\site-packages\pandas\core\indexes\base.py", line 3648, in get_loc
    raise KeyError(key) from err
KeyError: 'zero_volume_detected'

During handling of the above exception, another exception occurred:

Traceback (most recent call last):
  File "E:\BOT_FINALBOT\FINALBOT_Begin\data_feed\data_adapter.py", line 180, in update
    completed_m1 = self._refresh_m1(symbol, now_naive)
                   ^^^^^^^^^^^^^^^^^^^^^^^^^^^^^^^^^^^
  File "E:\BOT_FINALBOT\FINALBOT_Begin\data_feed\data_adapter.py", line 280, in _refresh_m1
    raise RuntimeError(f"Zero Tolerance: Anomaly detection failed for {symbol}: {e}")
RuntimeError: Zero Tolerance: Anomaly detection failed for EURUSD: 'zero_volume_detected'

During handling of the above exception, another exception occurred:

Traceback (most recent call last):
  File "E:\BOT_FINALBOT\FINALBOT_Begin\runner.py", line 247, in run_cycle
    return True
                
  File "C:\Users\BUSOLOVE\AppData\Local\Programs\Python\Python312\Lib\concurrent\futures\_base.py", line 449, in result
    return self.__get_result()
           ^^^^^^^^^^^^^^^^^^^
  File "C:\Users\BUSOLOVE\AppData\Local\Programs\Python\Python312\Lib\concurrent\futures\_base.py", line 401, in __get_result
    raise self._exception
  File "C:\Users\BUSOLOVE\AppData\Local\Programs\Python\Python312\Lib\concurrent\futures\thread.py", line 58, in run
    result = self.fn(*self.args, **self.kwargs)
             ^^^^^^^^^^^^^^^^^^^^^^^^^^^^^^^^^^
  File "E:\BOT_FINALBOT\FINALBOT_Begin\runner.py", line 154, in fetch_and_save_data
    return self.candle_adapter.update(symbol, broker_epoch=broker_epoch)
           ^^^^^^^^^^^^^^^^^^^^^^^^^^^^^^^^^^^^^^^^^^^^^^^^^^^^^^^^^^^^^
  File "E:\BOT_FINALBOT\FINALBOT_Begin\data_feed\data_adapter.py", line 237, in update
    raise Exception(f"Zero Tolerance: update failed for {symbol}: {e}")
Exception: Zero Tolerance: update failed for EURUSD: Zero Tolerance: Anomaly detection failed for EURUSD: 'zero_volume_detected'
2026-07-28 04:39:04,802 | INFO     | [CSVWriter] Successfully wrote 99 rows to data_base/csv/iq_option\EURGBP-OTC\EURGBP-OTC_M1.csv
2026-07-28 04:39:04,804 | INFO     | [CSVQueue] Successfully processed write for data_base/csv/iq_option\EURGBP-OTC\EURGBP-OTC_M1.csv
2026-07-28 04:39:04,805 | INFO     | [CSVQueue] Queue size: 0
2026-07-28 04:39:04,816 | WARNING  | [EURUSD-OTC] Insufficient M1 data: has 99, required >=100
2026-07-28 04:39:04,829 | WARNING  | [GBPUSD-OTC] Insufficient M1 data: has 99, required >=100
2026-07-28 04:39:04,839 | WARNING  | [EURGBP-OTC] Insufficient M1 data: has 99, required >=100
2026-07-28 04:40:04,202 | INFO     | [DataAdapter] Starting update for EURUSD
2026-07-28 04:40:04,202 | INFO     | [DataAdapter] Refreshing M1 data for EURUSD
2026-07-28 04:40:04,202 | INFO     | [DataAdapter] Starting update for EURUSD-OTC
2026-07-28 04:40:04,203 | INFO     | [DataAdapter] Refreshing M1 data for EURUSD-OTC
2026-07-28 04:40:04,203 | INFO     | [DataAdapter] Starting update for GBPUSD-OTC
2026-07-28 04:40:04,203 | INFO     | [DataAdapter] Refreshing M1 data for GBPUSD-OTC
2026-07-28 04:40:04,203 | INFO     | [DataAdapter] Starting update for EURGBP-OTC
2026-07-28 04:40:04,203 | INFO     | [DataAdapter] Refreshing M1 data for EURGBP-OTC
2026-07-28 04:40:04,494 | INFO     | [IQOPTION] REST fetch succeeded for EURUSD: 3 candles
2026-07-28 04:40:04,541 | ERROR    | [DataAdapter] Anomaly detection failed for EURUSD: 'zero_volume_detected'
2026-07-28 04:40:04,556 | WARNING  | [DataAdapter] Anomaly detection has failed 9 times
2026-07-28 04:40:04,571 | ERROR    | [DataAdapter] update failed for EURUSD: Zero Tolerance: Anomaly detection failed for EURUSD: 'zero_volume_detected'
2026-07-28 04:40:04,587 | ERROR    | [DataAdapter] Zero Tolerance: stopping immediately - no retry allowed
2026-07-28 04:40:04,758 | INFO     | [IQOPTION] REST fetch succeeded for EURUSD-OTC: 3 candles
2026-07-28 04:40:04,826 | INFO     | [DataAdapter] M1 anomaly detection completed for EURUSD-OTC in 0.021s
2026-07-28 04:40:04,929 | INFO     | [CSVQueue] Enqueuing write for data_base/csv/iq_option\EURUSD-OTC\EURUSD-OTC_M1.csv - Queue size: 0
2026-07-28 04:40:04,930 | INFO     | [DataAdapter] M1 data refresh completed for EURUSD-OTC
2026-07-28 04:40:04,944 | INFO     | [DataAdapter] Refreshing M5 data for EURUSD-OTC
2026-07-28 04:40:04,944 | INFO     | [CSVQueue] Processing write for data_base/csv/iq_option\EURUSD-OTC\EURUSD-OTC_M1.csv
2026-07-28 04:40:04,959 | INFO     | [CSVWriter] Writing 99 rows to data_base/csv/iq_option\EURUSD-OTC\EURUSD-OTC_M1.csv
2026-07-28 04:40:05,163 | INFO     | [IQOPTION] REST fetch succeeded for GBPUSD-OTC: 3 candles
2026-07-28 04:40:05,258 | INFO     | [CSVWriter] Successfully wrote 250 rows to data_base/csv/iq_option\EURUSD-OTC\EURUSD-OTC_M1.csv
2026-07-28 04:40:05,283 | INFO     | [CSVQueue] Successfully processed write for data_base/csv/iq_option\EURUSD-OTC\EURUSD-OTC_M1.csv
2026-07-28 04:40:05,284 | INFO     | [DataAdapter] M1 anomaly detection completed for GBPUSD-OTC in 0.029s
2026-07-28 04:40:05,314 | INFO     | [CSVQueue] Queue size: 0
2026-07-28 04:40:05,400 | INFO     | [CSVQueue] Enqueuing write for data_base/csv/iq_option\GBPUSD-OTC\GBPUSD-OTC_M1.csv - Queue size: 0
2026-07-28 04:40:05,400 | INFO     | [DataAdapter] M1 data refresh completed for GBPUSD-OTC
2026-07-28 04:40:05,400 | INFO     | [DataAdapter] Refreshing M5 data for GBPUSD-OTC
2026-07-28 04:40:05,405 | INFO     | [CSVQueue] Processing write for data_base/csv/iq_option\GBPUSD-OTC\GBPUSD-OTC_M1.csv
2026-07-28 04:40:05,406 | INFO     | [IQOPTION] REST fetch succeeded for EURGBP-OTC: 3 candles
2026-07-28 04:40:05,406 | INFO     | [CSVWriter] Writing 99 rows to data_base/csv/iq_option\GBPUSD-OTC\GBPUSD-OTC_M1.csv
2026-07-28 04:40:05,469 | INFO     | [DataAdapter] M1 anomaly detection completed for EURGBP-OTC in 0.016s
2026-07-28 04:40:05,575 | INFO     | [CSVQueue] Enqueuing write for data_base/csv/iq_option\EURGBP-OTC\EURGBP-OTC_M1.csv - Queue size: 0
2026-07-28 04:40:05,591 | INFO     | [DataAdapter] M1 data refresh completed for EURGBP-OTC
2026-07-28 04:40:05,591 | INFO     | [DataAdapter] Refreshing M5 data for EURGBP-OTC
2026-07-28 04:40:05,670 | INFO     | [IQOPTION] REST fetch succeeded for EURUSD-OTC: 3 candles
2026-07-28 04:40:05,700 | INFO     | [CSVWriter] Successfully wrote 250 rows to data_base/csv/iq_option\GBPUSD-OTC\GBPUSD-OTC_M1.csv
2026-07-28 04:40:05,701 | INFO     | [CSVQueue] Successfully processed write for data_base/csv/iq_option\GBPUSD-OTC\GBPUSD-OTC_M1.csv
2026-07-28 04:40:05,703 | INFO     | [CSVQueue] Processing write for data_base/csv/iq_option\EURGBP-OTC\EURGBP-OTC_M1.csv
2026-07-28 04:40:05,720 | INFO     | [DataAdapter] M5 anomaly detection completed for EURUSD-OTC
2026-07-28 04:40:05,720 | INFO     | [CSVWriter] Writing 99 rows to data_base/csv/iq_option\EURGBP-OTC\EURGBP-OTC_M1.csv
2026-07-28 04:40:05,839 | INFO     | [CSVQueue] Enqueuing write for data_base/csv/iq_option\EURUSD-OTC\EURUSD-OTC_M5.csv - Queue size: 0
2026-07-28 04:40:05,840 | INFO     | [DataAdapter] M5 data refresh completed for EURUSD-OTC
2026-07-28 04:40:05,840 | INFO     | [DataAdapter] Refreshing M15 data for EURUSD-OTC
2026-07-28 04:40:05,865 | INFO     | [DataAdapter] M15 anomaly detection completed for EURUSD-OTC
2026-07-28 04:40:05,884 | INFO     | [DataAdapter] M15 data refresh completed for EURUSD-OTC
2026-07-28 04:40:05,916 | INFO     | [DataAdapter] Anomaly statistics for EURUSD-OTC: {'total_calls': 27, 'response_times': [0.02145075798034668, 0.10471200942993164, 0.007309675216674805, 0.018657684326171875, 0.01887226104736328, 0.006983041763305664, 0.004004001617431641, 0.0220029354095459, 0.006006479263305664, 0.023992061614990234, 0.015256643295288086, 0.01735067367553711, 0.004994630813598633, 0.021934986114501953, 0.005619049072265625, 0.035033464431762695, 0.006001949310302734, 0.006520271301269531, 0.02697277069091797, 0.016711950302124023, 0.005271196365356445, 0.016228675842285156, 0.02753138542175293, 0.004999637603759766, 0.021409988403320312, 0.02869892120361328, 0.01605534553527832], 'spike_count': 0, 'zero_volume_count': 0, 'impossible_candle_count': 0, 'consecutive_anomalies': 0, 'avg_response_time': np.float64(0.018910461001925997), 'max_response_time': np.float64(0.10471200942993164), 'min_response_time': np.float64(0.004004001617431641)}
2026-07-28 04:40:05,978 | INFO     | [IQOPTION] REST fetch succeeded for GBPUSD-OTC: 3 candles
2026-07-28 04:40:06,031 | INFO     | [DataAdapter] M5 anomaly detection completed for GBPUSD-OTC
2026-07-28 04:40:06,117 | INFO     | [CSVQueue] Enqueuing write for data_base/csv/iq_option\GBPUSD-OTC\GBPUSD-OTC_M5.csv - Queue size: 1
2026-07-28 04:40:06,133 | INFO     | [DataAdapter] M5 data refresh completed for GBPUSD-OTC
2026-07-28 04:40:06,134 | INFO     | [DataAdapter] Refreshing M15 data for GBPUSD-OTC
2026-07-28 04:40:06,167 | INFO     | [DataAdapter] M15 anomaly detection completed for GBPUSD-OTC
2026-07-28 04:40:06,194 | INFO     | [DataAdapter] M15 data refresh completed for GBPUSD-OTC
2026-07-28 04:40:06,194 | INFO     | [CSVWriter] Successfully wrote 250 rows to data_base/csv/iq_option\EURGBP-OTC\EURGBP-OTC_M1.csv
2026-07-28 04:40:06,225 | INFO     | [DataAdapter] Anomaly statistics for GBPUSD-OTC: {'total_calls': 27, 'response_times': [0.02145075798034668, 0.10471200942993164, 0.007309675216674805, 0.018657684326171875, 0.01887226104736328, 0.006983041763305664, 0.004004001617431641, 0.0220029354095459, 0.006006479263305664, 0.023992061614990234, 0.015256643295288086, 0.01735067367553711, 0.004994630813598633, 0.021934986114501953, 0.005619049072265625, 0.035033464431762695, 0.006001949310302734, 0.006520271301269531, 0.02697277069091797, 0.016711950302124023, 0.005271196365356445, 0.016228675842285156, 0.02753138542175293, 0.004999637603759766, 0.021409988403320312, 0.02869892120361328, 0.01605534553527832], 'spike_count': 0, 'zero_volume_count': 0, 'impossible_candle_count': 0, 'consecutive_anomalies': 0, 'avg_response_time': np.float64(0.018910461001925997), 'max_response_time': np.float64(0.10471200942993164), 'min_response_time': np.float64(0.004004001617431641)}
2026-07-28 04:40:06,286 | INFO     | [CSVQueue] Successfully processed write for data_base/csv/iq_option\EURGBP-OTC\EURGBP-OTC_M1.csv
2026-07-28 04:40:06,363 | INFO     | [CSVQueue] Processing write for data_base/csv/iq_option\EURUSD-OTC\EURUSD-OTC_M5.csv
2026-07-28 04:40:06,378 | INFO     | [CSVWriter] Writing 249 rows to data_base/csv/iq_option\EURUSD-OTC\EURUSD-OTC_M5.csv
2026-07-28 04:40:06,381 | INFO     | [IQOPTION] REST fetch succeeded for EURGBP-OTC: 3 candles
2026-07-28 04:40:06,391 | INFO     | [DataAdapter] M5 anomaly detection completed for EURGBP-OTC
2026-07-28 04:40:06,394 | INFO     | [CSVQueue] Enqueuing write for data_base/csv/iq_option\EURGBP-OTC\EURGBP-OTC_M5.csv - Queue size: 1
2026-07-28 04:40:06,395 | INFO     | [DataAdapter] M5 data refresh completed for EURGBP-OTC
2026-07-28 04:40:06,395 | INFO     | [DataAdapter] Refreshing M15 data for EURGBP-OTC
2026-07-28 04:40:06,402 | INFO     | [DataAdapter] M15 anomaly detection completed for EURGBP-OTC
2026-07-28 04:40:06,402 | INFO     | [DataAdapter] M15 data refresh completed for EURGBP-OTC
2026-07-28 04:40:06,406 | INFO     | [DataAdapter] Anomaly statistics for EURGBP-OTC: {'total_calls': 27, 'response_times': [0.02145075798034668, 0.10471200942993164, 0.007309675216674805, 0.018657684326171875, 0.01887226104736328, 0.006983041763305664, 0.004004001617431641, 0.0220029354095459, 0.006006479263305664, 0.023992061614990234, 0.015256643295288086, 0.01735067367553711, 0.004994630813598633, 0.021934986114501953, 0.005619049072265625, 0.035033464431762695, 0.006001949310302734, 0.006520271301269531, 0.02697277069091797, 0.016711950302124023, 0.005271196365356445, 0.016228675842285156, 0.02753138542175293, 0.004999637603759766, 0.021409988403320312, 0.02869892120361328, 0.01605534553527832], 'spike_count': 0, 'zero_volume_count': 0, 'impossible_candle_count': 0, 'consecutive_anomalies': 0, 'avg_response_time': np.float64(0.018910461001925997), 'max_response_time': np.float64(0.10471200942993164), 'min_response_time': np.float64(0.004004001617431641)}
2026-07-28 04:40:06,412 | ERROR    | Error getting future result for EURUSD
Traceback (most recent call last):
  File "C:\Users\BUSOLOVE\AppData\Local\Programs\Python\Python312\Lib\site-packages\pandas\core\indexes\base.py", line 3641, in get_loc
    return self._engine.get_loc(casted_key)
           ^^^^^^^^^^^^^^^^^^^^^^^^^^^^^^^^
  File "pandas/_libs/index.pyx", line 168, in pandas._libs.index.IndexEngine.get_loc
  File "pandas/_libs/index.pyx", line 197, in pandas._libs.index.IndexEngine.get_loc
  File "pandas/_libs/hashtable_class_helper.pxi", line 7668, in pandas._libs.hashtable.PyObjectHashTable.get_item
  File "pandas/_libs/hashtable_class_helper.pxi", line 7676, in pandas._libs.hashtable.PyObjectHashTable.get_item
KeyError: 'zero_volume_detected'

The above exception was the direct cause of the following exception:

Traceback (most recent call last):
  File "E:\BOT_FINALBOT\FINALBOT_Begin\data_feed\data_adapter.py", line 266, in _refresh_m1
    completed = self._anomaly_detector.detect_anomalies(completed, symbol)
                ^^^^^^^^^^^^^^^^^^^^^^^^^^^^^^^^^^^^^^^^^^^^^^^^^^^^^^^^^^
  File "E:\BOT_FINALBOT\FINALBOT_Begin\data_feed\anomaly_detector.py", line 251, in detect_anomalies
  File "E:\BOT_FINALBOT\FINALBOT_Begin\data_feed\anomaly_detector.py", line 164, in detect_zero_volume
    df['zero_volume_detected'] = df['volume'] <= self.anomaly_config["zero_volume_threshold"]
                                ^^^^^^^^^^^^^^^^^^^^^^^^^^
  File "C:\Users\BUSOLOVE\AppData\Local\Programs\Python\Python312\Lib\site-packages\pandas\core\frame.py", line 4378, in __getitem__
    indexer = self.columns.get_loc(key)
              ^^^^^^^^^^^^^^^^^^^^^^^^^
  File "C:\Users\BUSOLOVE\AppData\Local\Programs\Python\Python312\Lib\site-packages\pandas\core\indexes\base.py", line 3648, in get_loc
    raise KeyError(key) from err
KeyError: 'zero_volume_detected'

During handling of the above exception, another exception occurred:

Traceback (most recent call last):
  File "E:\BOT_FINALBOT\FINALBOT_Begin\data_feed\data_adapter.py", line 180, in update
    completed_m1 = self._refresh_m1(symbol, now_naive)
                   ^^^^^^^^^^^^^^^^^^^^^^^^^^^^^^^^^^^
  File "E:\BOT_FINALBOT\FINALBOT_Begin\data_feed\data_adapter.py", line 280, in _refresh_m1
    raise RuntimeError(f"Zero Tolerance: Anomaly detection failed for {symbol}: {e}")
RuntimeError: Zero Tolerance: Anomaly detection failed for EURUSD: 'zero_volume_detected'

During handling of the above exception, another exception occurred:

Traceback (most recent call last):
  File "E:\BOT_FINALBOT\FINALBOT_Begin\runner.py", line 247, in run_cycle
    return True
                
  File "C:\Users\BUSOLOVE\AppData\Local\Programs\Python\Python312\Lib\concurrent\futures\_base.py", line 449, in result
    return self.__get_result()
           ^^^^^^^^^^^^^^^^^^^
  File "C:\Users\BUSOLOVE\AppData\Local\Programs\Python\Python312\Lib\concurrent\futures\_base.py", line 401, in __get_result
    raise self._exception
  File "C:\Users\BUSOLOVE\AppData\Local\Programs\Python\Python312\Lib\concurrent\futures\thread.py", line 58, in run
    result = self.fn(*self.args, **self.kwargs)
             ^^^^^^^^^^^^^^^^^^^^^^^^^^^^^^^^^^
  File "E:\BOT_FINALBOT\FINALBOT_Begin\runner.py", line 154, in fetch_and_save_data
    return self.candle_adapter.update(symbol, broker_epoch=broker_epoch)
           ^^^^^^^^^^^^^^^^^^^^^^^^^^^^^^^^^^^^^^^^^^^^^^^^^^^^^^^^^^^^^
  File "E:\BOT_FINALBOT\FINALBOT_Begin\data_feed\data_adapter.py", line 237, in update
    raise Exception(f"Zero Tolerance: update failed for {symbol}: {e}")
Exception: Zero Tolerance: update failed for EURUSD: Zero Tolerance: Anomaly detection failed for EURUSD: 'zero_volume_detected'
2026-07-28 04:40:06,413 | INFO     | [CSVWriter] Successfully wrote 249 rows to data_base/csv/iq_option\EURUSD-OTC\EURUSD-OTC_M5.csv
2026-07-28 04:40:06,416 | INFO     | [CSVQueue] Successfully processed write for data_base/csv/iq_option\EURUSD-OTC\EURUSD-OTC_M5.csv
2026-07-28 04:40:06,416 | INFO     | [CSVQueue] Processing write for data_base/csv/iq_option\GBPUSD-OTC\GBPUSD-OTC_M5.csv
2026-07-28 04:40:06,416 | INFO     | [CSVWriter] Writing 249 rows to data_base/csv/iq_option\GBPUSD-OTC\GBPUSD-OTC_M5.csv
2026-07-28 04:40:06,427 | INFO     | [CSVWriter] Successfully wrote 249 rows to data_base/csv/iq_option\GBPUSD-OTC\GBPUSD-OTC_M5.csv
2026-07-28 04:40:06,428 | INFO     | [CSVQueue] Successfully processed write for data_base/csv/iq_option\GBPUSD-OTC\GBPUSD-OTC_M5.csv
2026-07-28 04:40:06,428 | INFO     | [CSVQueue] Processing write for data_base/csv/iq_option\EURGBP-OTC\EURGBP-OTC_M5.csv
2026-07-28 04:40:06,428 | INFO     | [CSVWriter] Writing 249 rows to data_base/csv/iq_option\EURGBP-OTC\EURGBP-OTC_M5.csv
2026-07-28 04:40:06,443 | WARNING  | [EURUSD-OTC] Insufficient M5 data: has 249, required >=250
2026-07-28 04:40:06,444 | INFO     | [CSVWriter] Successfully wrote 249 rows to data_base/csv/iq_option\EURGBP-OTC\EURGBP-OTC_M5.csv
2026-07-28 04:40:06,444 | INFO     | [CSVQueue] Successfully processed write for data_base/csv/iq_option\EURGBP-OTC\EURGBP-OTC_M5.csv
2026-07-28 04:40:06,444 | INFO     | [CSVQueue] Queue size: 0
2026-07-28 04:40:06,461 | WARNING  | [GBPUSD-OTC] Insufficient M5 data: has 249, required >=250
2026-07-28 04:40:06,493 | WARNING  | [EURGBP-OTC] Insufficient M5 data: has 249, required >=250
2026-07-28 04:41:03,760 | INFO     | [DataAdapter] Starting update for EURUSD
2026-07-28 04:41:03,760 | INFO     | [DataAdapter] Refreshing M1 data for EURUSD
2026-07-28 04:41:03,761 | INFO     | [DataAdapter] Starting update for EURUSD-OTC
2026-07-28 04:41:03,761 | INFO     | [DataAdapter] Refreshing M1 data for EURUSD-OTC
2026-07-28 04:41:03,761 | INFO     | [DataAdapter] Starting update for GBPUSD-OTC
2026-07-28 04:41:03,761 | INFO     | [DataAdapter] Refreshing M1 data for GBPUSD-OTC
2026-07-28 04:41:03,762 | INFO     | [DataAdapter] Starting update for EURGBP-OTC
2026-07-28 04:41:03,762 | INFO     | [DataAdapter] Refreshing M1 data for EURGBP-OTC
2026-07-28 04:41:04,203 | INFO     | [IQOPTION] REST fetch succeeded for EURUSD: 3 candles
2026-07-28 04:41:04,264 | ERROR    | [DataAdapter] Anomaly detection failed for EURUSD: 'zero_volume_detected'
2026-07-28 04:41:04,279 | WARNING  | [DataAdapter] Anomaly detection has failed 10 times
2026-07-28 04:41:04,295 | ERROR    | [DataAdapter] update failed for EURUSD: Zero Tolerance: Anomaly detection failed for EURUSD: 'zero_volume_detected'
2026-07-28 04:41:04,310 | ERROR    | [DataAdapter] Zero Tolerance: stopping immediately - no retry allowed
2026-07-28 04:41:04,481 | INFO     | [IQOPTION] REST fetch succeeded for EURUSD-OTC: 3 candles
2026-07-28 04:41:04,550 | INFO     | [DataAdapter] M1 anomaly detection completed for EURUSD-OTC in 0.044s
2026-07-28 04:41:04,637 | INFO     | [CSVQueue] Enqueuing write for data_base/csv/iq_option\EURUSD-OTC\EURUSD-OTC_M1.csv - Queue size: 0
2026-07-28 04:41:04,653 | INFO     | [DataAdapter] M1 data refresh completed for EURUSD-OTC
2026-07-28 04:41:04,668 | INFO     | [CSVQueue] Processing write for data_base/csv/iq_option\EURUSD-OTC\EURUSD-OTC_M1.csv
2026-07-28 04:41:04,668 | INFO     | [DataAdapter] Refreshing M5 data for EURUSD-OTC
2026-07-28 04:41:04,716 | INFO     | [CSVWriter] Writing 99 rows to data_base/csv/iq_option\EURUSD-OTC\EURUSD-OTC_M1.csv
2026-07-28 04:41:04,717 | INFO     | [IQOPTION] REST fetch succeeded for GBPUSD-OTC: 3 candles
2026-07-28 04:41:04,734 | INFO     | [DataAdapter] M5 anomaly detection completed for EURUSD-OTC
2026-07-28 04:41:04,838 | INFO     | [DataAdapter] M5 data refresh completed for EURUSD-OTC
2026-07-28 04:41:04,853 | INFO     | [DataAdapter] Refreshing M15 data for EURUSD-OTC
2026-07-28 04:41:04,860 | INFO     | [DataAdapter] M15 anomaly detection completed for EURUSD-OTC
2026-07-28 04:41:04,863 | INFO     | [DataAdapter] M1 anomaly detection completed for GBPUSD-OTC in 0.064s
2026-07-28 04:41:04,868 | INFO     | [DataAdapter] M15 data refresh completed for EURUSD-OTC
2026-07-28 04:41:04,946 | INFO     | [DataAdapter] Anomaly statistics for EURUSD-OTC: {'total_calls': 29, 'response_times': [0.02145075798034668, 0.10471200942993164, 0.007309675216674805, 0.018657684326171875, 0.01887226104736328, 0.006983041763305664, 0.004004001617431641, 0.0220029354095459, 0.006006479263305664, 0.023992061614990234, 0.015256643295288086, 0.01735067367553711, 0.004994630813598633, 0.021934986114501953, 0.005619049072265625, 0.035033464431762695, 0.006001949310302734, 0.006520271301269531, 0.02697277069091797, 0.016711950302124023, 0.005271196365356445, 0.016228675842285156, 0.02753138542175293, 0.004999637603759766, 0.021409988403320312, 0.02869892120361328, 0.01605534553527832, 0.04432225227355957, 0.06401300430297852], 'spike_count': 0, 'zero_volume_count': 0, 'impossible_candle_count': 0, 'consecutive_anomalies': 0, 'avg_response_time': np.float64(0.021341989780294484), 'max_response_time': np.float64(0.10471200942993164), 'min_response_time': np.float64(0.004004001617431641)}
2026-07-28 04:41:05,023 | INFO     | [CSVQueue] Enqueuing write for data_base/csv/iq_option\GBPUSD-OTC\GBPUSD-OTC_M1.csv - Queue size: 0
2026-07-28 04:41:05,024 | INFO     | [DataAdapter] M1 data refresh completed for GBPUSD-OTC
2026-07-28 04:41:05,039 | INFO     | [CSVWriter] Successfully wrote 251 rows to data_base/csv/iq_option\EURUSD-OTC\EURUSD-OTC_M1.csv
2026-07-28 04:41:05,039 | INFO     | [DataAdapter] Refreshing M5 data for GBPUSD-OTC
2026-07-28 04:41:05,056 | INFO     | [IQOPTION] REST fetch succeeded for EURGBP-OTC: 3 candles
2026-07-28 04:41:05,057 | INFO     | [CSVQueue] Successfully processed write for data_base/csv/iq_option\EURUSD-OTC\EURUSD-OTC_M1.csv
2026-07-28 04:41:05,075 | INFO     | [DataAdapter] M5 anomaly detection completed for GBPUSD-OTC
2026-07-28 04:41:05,075 | INFO     | [CSVQueue] Processing write for data_base/csv/iq_option\GBPUSD-OTC\GBPUSD-OTC_M1.csv
2026-07-28 04:41:05,082 | INFO     | [DataAdapter] M1 anomaly detection completed for EURGBP-OTC in 0.014s
2026-07-28 04:41:05,083 | INFO     | [DataAdapter] M5 data refresh completed for GBPUSD-OTC
2026-07-28 04:41:05,083 | INFO     | [CSVWriter] Writing 99 rows to data_base/csv/iq_option\GBPUSD-OTC\GBPUSD-OTC_M1.csv
2026-07-28 04:41:05,087 | INFO     | [DataAdapter] Refreshing M15 data for GBPUSD-OTC
2026-07-28 04:41:05,097 | INFO     | [DataAdapter] M15 anomaly detection completed for GBPUSD-OTC
2026-07-28 04:41:05,097 | INFO     | [DataAdapter] M15 data refresh completed for GBPUSD-OTC
2026-07-28 04:41:05,098 | INFO     | [CSVQueue] Enqueuing write for data_base/csv/iq_option\EURGBP-OTC\EURGBP-OTC_M1.csv - Queue size: 0
2026-07-28 04:41:05,098 | INFO     | [DataAdapter] Anomaly statistics for GBPUSD-OTC: {'total_calls': 30, 'response_times': [0.02145075798034668, 0.10471200942993164, 0.007309675216674805, 0.018657684326171875, 0.01887226104736328, 0.006983041763305664, 0.004004001617431641, 0.0220029354095459, 0.006006479263305664, 0.023992061614990234, 0.015256643295288086, 0.01735067367553711, 0.004994630813598633, 0.021934986114501953, 0.005619049072265625, 0.035033464431762695, 0.006001949310302734, 0.006520271301269531, 0.02697277069091797, 0.016711950302124023, 0.005271196365356445, 0.016228675842285156, 0.02753138542175293, 0.004999637603759766, 0.021409988403320312, 0.02869892120361328, 0.01605534553527832, 0.04432225227355957, 0.06401300430297852, 0.014222145080566406], 'spike_count': 0, 'zero_volume_count': 0, 'impossible_candle_count': 0, 'consecutive_anomalies': 0, 'avg_response_time': np.float64(0.021104661623636882), 'max_response_time': np.float64(0.10471200942993164), 'min_response_time': np.float64(0.004004001617431641)}
2026-07-28 04:41:05,099 | INFO     | [DataAdapter] M1 data refresh completed for EURGBP-OTC
2026-07-28 04:41:05,099 | INFO     | [DataAdapter] Refreshing M5 data for EURGBP-OTC
2026-07-28 04:41:05,108 | INFO     | [DataAdapter] M5 anomaly detection completed for EURGBP-OTC
2026-07-28 04:41:05,108 | INFO     | [DataAdapter] M5 data refresh completed for EURGBP-OTC
2026-07-28 04:41:05,108 | INFO     | [DataAdapter] Refreshing M15 data for EURGBP-OTC
2026-07-28 04:41:05,114 | INFO     | [DataAdapter] M15 anomaly detection completed for EURGBP-OTC
2026-07-28 04:41:05,115 | INFO     | [DataAdapter] M15 data refresh completed for EURGBP-OTC
2026-07-28 04:41:05,116 | INFO     | [DataAdapter] Anomaly statistics for EURGBP-OTC: {'total_calls': 30, 'response_times': [0.02145075798034668, 0.10471200942993164, 0.007309675216674805, 0.018657684326171875, 0.01887226104736328, 0.006983041763305664, 0.004004001617431641, 0.0220029354095459, 0.006006479263305664, 0.023992061614990234, 0.015256643295288086, 0.01735067367553711, 0.004994630813598633, 0.021934986114501953, 0.005619049072265625, 0.035033464431762695, 0.006001949310302734, 0.006520271301269531, 0.02697277069091797, 0.016711950302124023, 0.005271196365356445, 0.016228675842285156, 0.02753138542175293, 0.004999637603759766, 0.021409988403320312, 0.02869892120361328, 0.01605534553527832, 0.04432225227355957, 0.06401300430297852, 0.014222145080566406], 'spike_count': 0, 'zero_volume_count': 0, 'impossible_candle_count': 0, 'consecutive_anomalies': 0, 'avg_response_time': np.float64(0.021104661623636882), 'max_response_time': np.float64(0.10471200942993164), 'min_response_time': np.float64(0.004004001617431641)}
2026-07-28 04:41:05,119 | ERROR    | Error getting future result for EURUSD
Traceback (most recent call last):
  File "C:\Users\BUSOLOVE\AppData\Local\Programs\Python\Python312\Lib\site-packages\pandas\core\indexes\base.py", line 3641, in get_loc
    return self._engine.get_loc(casted_key)
           ^^^^^^^^^^^^^^^^^^^^^^^^^^^^^^^^
  File "pandas/_libs/index.pyx", line 168, in pandas._libs.index.IndexEngine.get_loc
  File "pandas/_libs/index.pyx", line 197, in pandas._libs.index.IndexEngine.get_loc
  File "pandas/_libs/hashtable_class_helper.pxi", line 7668, in pandas._libs.hashtable.PyObjectHashTable.get_item
  File "pandas/_libs/hashtable_class_helper.pxi", line 7676, in pandas._libs.hashtable.PyObjectHashTable.get_item
KeyError: 'zero_volume_detected'

The above exception was the direct cause of the following exception:

Traceback (most recent call last):
  File "E:\BOT_FINALBOT\FINALBOT_Begin\data_feed\data_adapter.py", line 266, in _refresh_m1
    completed = self._anomaly_detector.detect_anomalies(completed, symbol)
                ^^^^^^^^^^^^^^^^^^^^^^^^^^^^^^^^^^^^^^^^^^^^^^^^^^^^^^^^^^
  File "E:\BOT_FINALBOT\FINALBOT_Begin\data_feed\anomaly_detector.py", line 251, in detect_anomalies
  File "E:\BOT_FINALBOT\FINALBOT_Begin\data_feed\anomaly_detector.py", line 164, in detect_zero_volume
    df['zero_volume_detected'] = df['volume'] <= self.anomaly_config["zero_volume_threshold"]
                                ^^^^^^^^^^^^^^^^^^^^^^^^^^
  File "C:\Users\BUSOLOVE\AppData\Local\Programs\Python\Python312\Lib\site-packages\pandas\core\frame.py", line 4378, in __getitem__
    indexer = self.columns.get_loc(key)
              ^^^^^^^^^^^^^^^^^^^^^^^^^
  File "C:\Users\BUSOLOVE\AppData\Local\Programs\Python\Python312\Lib\site-packages\pandas\core\indexes\base.py", line 3648, in get_loc
    raise KeyError(key) from err
KeyError: 'zero_volume_detected'

During handling of the above exception, another exception occurred:

Traceback (most recent call last):
  File "E:\BOT_FINALBOT\FINALBOT_Begin\data_feed\data_adapter.py", line 180, in update
    completed_m1 = self._refresh_m1(symbol, now_naive)
                   ^^^^^^^^^^^^^^^^^^^^^^^^^^^^^^^^^^^
  File "E:\BOT_FINALBOT\FINALBOT_Begin\data_feed\data_adapter.py", line 280, in _refresh_m1
    raise RuntimeError(f"Zero Tolerance: Anomaly detection failed for {symbol}: {e}")
RuntimeError: Zero Tolerance: Anomaly detection failed for EURUSD: 'zero_volume_detected'

During handling of the above exception, another exception occurred:

Traceback (most recent call last):
  File "E:\BOT_FINALBOT\FINALBOT_Begin\runner.py", line 247, in run_cycle
    line_count = sum(1 for _ in f) - 1 # subtract header
         ^^^^^^^^^^^^^^^^^^^^^^^^^
  File "C:\Users\BUSOLOVE\AppData\Local\Programs\Python\Python312\Lib\concurrent\futures\_base.py", line 449, in result
    return self.__get_result()
           ^^^^^^^^^^^^^^^^^^^
  File "C:\Users\BUSOLOVE\AppData\Local\Programs\Python\Python312\Lib\concurrent\futures\_base.py", line 401, in __get_result
    raise self._exception
  File "C:\Users\BUSOLOVE\AppData\Local\Programs\Python\Python312\Lib\concurrent\futures\thread.py", line 58, in run
    result = self.fn(*self.args, **self.kwargs)
             ^^^^^^^^^^^^^^^^^^^^^^^^^^^^^^^^^^
  File "E:\BOT_FINALBOT\FINALBOT_Begin\runner.py", line 154, in fetch_and_save_data
    # ConsoleUI.show_mode_info(mode_str) # Display the dynamically created mode_str
           ^^^^^^^^^^^^^^^^^^^^^^^^^^^^^^^^^^^^^^^^^^^^^^^^^^^^^^^^^^^^^
  File "E:\BOT_FINALBOT\FINALBOT_Begin\data_feed\data_adapter.py", line 237, in update
    raise Exception(f"Zero Tolerance: update failed for {symbol}: {e}")
Exception: Zero Tolerance: update failed for EURUSD: Zero Tolerance: Anomaly detection failed for EURUSD: 'zero_volume_detected'
2026-07-28 04:41:05,121 | INFO     | [CSVWriter] Successfully wrote 251 rows to data_base/csv/iq_option\GBPUSD-OTC\GBPUSD-OTC_M1.csv
2026-07-28 04:41:05,123 | INFO     | [CSVQueue] Successfully processed write for data_base/csv/iq_option\GBPUSD-OTC\GBPUSD-OTC_M1.csv
2026-07-28 04:41:05,123 | INFO     | [CSVQueue] Processing write for data_base/csv/iq_option\EURGBP-OTC\EURGBP-OTC_M1.csv
2026-07-28 04:41:05,124 | INFO     | [CSVWriter] Writing 99 rows to data_base/csv/iq_option\EURGBP-OTC\EURGBP-OTC_M1.csv
2026-07-28 04:41:05,134 | INFO     | [CSVWriter] Successfully wrote 251 rows to data_base/csv/iq_option\EURGBP-OTC\EURGBP-OTC_M1.csv
2026-07-28 04:41:05,134 | INFO     | [CSVQueue] Successfully processed write for data_base/csv/iq_option\EURGBP-OTC\EURGBP-OTC_M1.csv
2026-07-28 04:41:05,134 | INFO     | [CSVQueue] Queue size: 0
2026-07-28 04:41:05,142 | WARNING  | [EURUSD-OTC] Insufficient M5 data: has 249, required >=250
2026-07-28 04:41:05,154 | WARNING  | [GBPUSD-OTC] Insufficient M5 data: has 249, required >=250
2026-07-28 04:41:05,165 | WARNING  | [EURGBP-OTC] Insufficient M5 data: has 249, required >=250
2026-07-28 04:42:03,415 | INFO     | [DataAdapter] Starting update for EURUSD
2026-07-28 04:42:03,416 | INFO     | [DataAdapter] Refreshing M1 data for EURUSD
2026-07-28 04:42:03,416 | INFO     | [DataAdapter] Starting update for EURUSD-OTC
2026-07-28 04:42:03,416 | INFO     | [DataAdapter] Refreshing M1 data for EURUSD-OTC
2026-07-28 04:42:03,416 | INFO     | [DataAdapter] Starting update for GBPUSD-OTC
2026-07-28 04:42:03,417 | INFO     | [DataAdapter] Refreshing M1 data for GBPUSD-OTC
2026-07-28 04:42:03,417 | INFO     | [DataAdapter] Starting update for EURGBP-OTC
2026-07-28 04:42:03,417 | INFO     | [DataAdapter] Refreshing M1 data for EURGBP-OTC
2026-07-28 04:42:03,711 | INFO     | [IQOPTION] REST fetch succeeded for EURUSD: 3 candles
2026-07-28 04:42:03,759 | ERROR    | [DataAdapter] Anomaly detection failed for EURUSD: 'zero_volume_detected'
2026-07-28 04:42:03,773 | WARNING  | [DataAdapter] Anomaly detection has failed 11 times
2026-07-28 04:42:03,789 | ERROR    | [DataAdapter] update failed for EURUSD: Zero Tolerance: Anomaly detection failed for EURUSD: 'zero_volume_detected'
2026-07-28 04:42:03,804 | ERROR    | [DataAdapter] Zero Tolerance: stopping immediately - no retry allowed
2026-07-28 04:42:04,151 | INFO     | [IQOPTION] REST fetch succeeded for EURUSD-OTC: 3 candles
2026-07-28 04:42:04,187 | INFO     | [DataAdapter] M1 anomaly detection completed for EURUSD-OTC in 0.015s
2026-07-28 04:42:04,292 | INFO     | [CSVQueue] Enqueuing write for data_base/csv/iq_option\EURUSD-OTC\EURUSD-OTC_M1.csv - Queue size: 0
2026-07-28 04:42:04,308 | INFO     | [DataAdapter] M1 data refresh completed for EURUSD-OTC
2026-07-28 04:42:04,308 | INFO     | [DataAdapter] Refreshing M5 data for EURUSD-OTC
2026-07-28 04:42:04,308 | INFO     | [CSVQueue] Processing write for data_base/csv/iq_option\EURUSD-OTC\EURUSD-OTC_M1.csv
2026-07-28 04:42:04,370 | INFO     | [CSVWriter] Writing 99 rows to data_base/csv/iq_option\EURUSD-OTC\EURUSD-OTC_M1.csv
2026-07-28 04:42:04,373 | INFO     | [DataAdapter] M5 anomaly detection completed for EURUSD-OTC
2026-07-28 04:42:04,417 | INFO     | [DataAdapter] M5 data refresh completed for EURUSD-OTC
2026-07-28 04:42:04,432 | INFO     | [DataAdapter] Refreshing M15 data for EURUSD-OTC
2026-07-28 04:42:04,466 | INFO     | [DataAdapter] M15 anomaly detection completed for EURUSD-OTC
2026-07-28 04:42:04,479 | INFO     | [IQOPTION] REST fetch succeeded for GBPUSD-OTC: 3 candles
2026-07-28 04:42:04,480 | INFO     | [DataAdapter] M15 data refresh completed for EURUSD-OTC
2026-07-28 04:42:04,531 | INFO     | [DataAdapter] Anomaly statistics for EURUSD-OTC: {'total_calls': 31, 'response_times': [0.02145075798034668, 0.10471200942993164, 0.007309675216674805, 0.018657684326171875, 0.01887226104736328, 0.006983041763305664, 0.004004001617431641, 0.0220029354095459, 0.006006479263305664, 0.023992061614990234, 0.015256643295288086, 0.01735067367553711, 0.004994630813598633, 0.021934986114501953, 0.005619049072265625, 0.035033464431762695, 0.006001949310302734, 0.006520271301269531, 0.02697277069091797, 0.016711950302124023, 0.005271196365356445, 0.016228675842285156, 0.02753138542175293, 0.004999637603759766, 0.021409988403320312, 0.02869892120361328, 0.01605534553527832, 0.04432225227355957, 0.06401300430297852, 0.014222145080566406, 0.01451730728149414], 'spike_count': 0, 'zero_volume_count': 0, 'impossible_candle_count': 0, 'consecutive_anomalies': 0, 'avg_response_time': np.float64(0.020892166322277438), 'max_response_time': np.float64(0.10471200942993164), 'min_response_time': np.float64(0.004004001617431641)}
2026-07-28 04:42:04,620 | INFO     | [DataAdapter] M1 anomaly detection completed for GBPUSD-OTC in 0.075s
2026-07-28 04:42:04,699 | INFO     | [CSVQueue] Enqueuing write for data_base/csv/iq_option\GBPUSD-OTC\GBPUSD-OTC_M1.csv - Queue size: 0
2026-07-28 04:42:04,717 | INFO     | [DataAdapter] M1 data refresh completed for GBPUSD-OTC
2026-07-28 04:42:04,717 | INFO     | [DataAdapter] Refreshing M5 data for GBPUSD-OTC
2026-07-28 04:42:04,750 | INFO     | [CSVWriter] Successfully wrote 252 rows to data_base/csv/iq_option\EURUSD-OTC\EURUSD-OTC_M1.csv
2026-07-28 04:42:04,753 | INFO     | [DataAdapter] M5 anomaly detection completed for GBPUSD-OTC
2026-07-28 04:42:04,753 | INFO     | [CSVQueue] Successfully processed write for data_base/csv/iq_option\EURUSD-OTC\EURUSD-OTC_M1.csv
2026-07-28 04:42:04,754 | INFO     | [IQOPTION] REST fetch succeeded for EURGBP-OTC: 3 candles
2026-07-28 04:42:04,754 | INFO     | [DataAdapter] M5 data refresh completed for GBPUSD-OTC
2026-07-28 04:42:04,754 | INFO     | [CSVQueue] Processing write for data_base/csv/iq_option\GBPUSD-OTC\GBPUSD-OTC_M1.csv
2026-07-28 04:42:04,757 | INFO     | [DataAdapter] Refreshing M15 data for GBPUSD-OTC
2026-07-28 04:42:04,764 | INFO     | [DataAdapter] M1 anomaly detection completed for EURGBP-OTC in 0.004s
2026-07-28 04:42:04,764 | INFO     | [CSVWriter] Writing 99 rows to data_base/csv/iq_option\GBPUSD-OTC\GBPUSD-OTC_M1.csv
2026-07-28 04:42:04,769 | INFO     | [DataAdapter] M15 anomaly detection completed for GBPUSD-OTC
2026-07-28 04:42:04,773 | INFO     | [DataAdapter] M15 data refresh completed for GBPUSD-OTC
2026-07-28 04:42:04,773 | INFO     | [DataAdapter] Anomaly statistics for GBPUSD-OTC: {'total_calls': 33, 'response_times': [0.02145075798034668, 0.10471200942993164, 0.007309675216674805, 0.018657684326171875, 0.01887226104736328, 0.006983041763305664, 0.004004001617431641, 0.0220029354095459, 0.006006479263305664, 0.023992061614990234, 0.015256643295288086, 0.01735067367553711, 0.004994630813598633, 0.021934986114501953, 0.005619049072265625, 0.035033464431762695, 0.006001949310302734, 0.006520271301269531, 0.02697277069091797, 0.016711950302124023, 0.005271196365356445, 0.016228675842285156, 0.02753138542175293, 0.004999637603759766, 0.021409988403320312, 0.02869892120361328, 0.01605534553527832, 0.04432225227355957, 0.06401300430297852, 0.014222145080566406, 0.01451730728149414, 0.07481217384338379, 0.004004716873168945], 'spike_count': 0, 'zero_volume_count': 0, 'impossible_candle_count': 0, 'consecutive_anomalies': 0, 'avg_response_time': np.float64(0.02201436505173192), 'max_response_time': np.float64(0.10471200942993164), 'min_response_time': np.float64(0.004004001617431641)}
2026-07-28 04:42:04,774 | INFO     | [CSVQueue] Enqueuing write for data_base/csv/iq_option\EURGBP-OTC\EURGBP-OTC_M1.csv - Queue size: 0
2026-07-28 04:42:04,774 | INFO     | [DataAdapter] M1 data refresh completed for EURGBP-OTC
2026-07-28 04:42:04,774 | INFO     | [DataAdapter] Refreshing M5 data for EURGBP-OTC
2026-07-28 04:42:04,779 | INFO     | [DataAdapter] M5 anomaly detection completed for EURGBP-OTC
2026-07-28 04:42:04,779 | INFO     | [DataAdapter] M5 data refresh completed for EURGBP-OTC
2026-07-28 04:42:04,779 | INFO     | [DataAdapter] Refreshing M15 data for EURGBP-OTC
2026-07-28 04:42:04,785 | INFO     | [DataAdapter] M15 anomaly detection completed for EURGBP-OTC
2026-07-28 04:42:04,786 | INFO     | [DataAdapter] M15 data refresh completed for EURGBP-OTC
2026-07-28 04:42:04,787 | INFO     | [DataAdapter] Anomaly statistics for EURGBP-OTC: {'total_calls': 33, 'response_times': [0.02145075798034668, 0.10471200942993164, 0.007309675216674805, 0.018657684326171875, 0.01887226104736328, 0.006983041763305664, 0.004004001617431641, 0.0220029354095459, 0.006006479263305664, 0.023992061614990234, 0.015256643295288086, 0.01735067367553711, 0.004994630813598633, 0.021934986114501953, 0.005619049072265625, 0.035033464431762695, 0.006001949310302734, 0.006520271301269531, 0.02697277069091797, 0.016711950302124023, 0.005271196365356445, 0.016228675842285156, 0.02753138542175293, 0.004999637603759766, 0.021409988403320312, 0.02869892120361328, 0.01605534553527832, 0.04432225227355957, 0.06401300430297852, 0.014222145080566406, 0.01451730728149414, 0.07481217384338379, 0.004004716873168945], 'spike_count': 0, 'zero_volume_count': 0, 'impossible_candle_count': 0, 'consecutive_anomalies': 0, 'avg_response_time': np.float64(0.02201436505173192), 'max_response_time': np.float64(0.10471200942993164), 'min_response_time': np.float64(0.004004001617431641)}
2026-07-28 04:42:04,790 | ERROR    | Error getting future result for EURUSD
Traceback (most recent call last):
  File "C:\Users\BUSOLOVE\AppData\Local\Programs\Python\Python312\Lib\site-packages\pandas\core\indexes\base.py", line 3641, in get_loc
    return self._engine.get_loc(casted_key)
           ^^^^^^^^^^^^^^^^^^^^^^^^^^^^^^^^
  File "pandas/_libs/index.pyx", line 168, in pandas._libs.index.IndexEngine.get_loc
  File "pandas/_libs/index.pyx", line 197, in pandas._libs.index.IndexEngine.get_loc
  File "pandas/_libs/hashtable_class_helper.pxi", line 7668, in pandas._libs.hashtable.PyObjectHashTable.get_item
  File "pandas/_libs/hashtable_class_helper.pxi", line 7676, in pandas._libs.hashtable.PyObjectHashTable.get_item
KeyError: 'zero_volume_detected'

The above exception was the direct cause of the following exception:

Traceback (most recent call last):
  File "E:\BOT_FINALBOT\FINALBOT_Begin\data_feed\data_adapter.py", line 266, in _refresh_m1
    completed = self._anomaly_detector.detect_anomalies(completed, symbol)
                ^^^^^^^^^^^^^^^^^^^^^^^^^^^^^^^^^^^^^^^^^^^^^^^^^^^^^^^^^^
  File "E:\BOT_FINALBOT\FINALBOT_Begin\data_feed\anomaly_detector.py", line 251, in detect_anomalies
  File "E:\BOT_FINALBOT\FINALBOT_Begin\data_feed\anomaly_detector.py", line 164, in detect_zero_volume
    df['zero_volume_detected'] = df['volume'] <= self.anomaly_config["zero_volume_threshold"]
                                ^^^^^^^^^^^^^^^^^^^^^^^^^^
  File "C:\Users\BUSOLOVE\AppData\Local\Programs\Python\Python312\Lib\site-packages\pandas\core\frame.py", line 4378, in __getitem__
    indexer = self.columns.get_loc(key)
              ^^^^^^^^^^^^^^^^^^^^^^^^^
  File "C:\Users\BUSOLOVE\AppData\Local\Programs\Python\Python312\Lib\site-packages\pandas\core\indexes\base.py", line 3648, in get_loc
    raise KeyError(key) from err
KeyError: 'zero_volume_detected'

During handling of the above exception, another exception occurred:

Traceback (most recent call last):
  File "E:\BOT_FINALBOT\FINALBOT_Begin\data_feed\data_adapter.py", line 180, in update
    completed_m1 = self._refresh_m1(symbol, now_naive)
                   ^^^^^^^^^^^^^^^^^^^^^^^^^^^^^^^^^^^
  File "E:\BOT_FINALBOT\FINALBOT_Begin\data_feed\data_adapter.py", line 280, in _refresh_m1
    raise RuntimeError(f"Zero Tolerance: Anomaly detection failed for {symbol}: {e}")
RuntimeError: Zero Tolerance: Anomaly detection failed for EURUSD: 'zero_volume_detected'

During handling of the above exception, another exception occurred:

Traceback (most recent call last):
  File "E:\BOT_FINALBOT\FINALBOT_Begin\runner.py", line 247, in run_cycle
    line_count = sum(1 for _ in f) - 1 # subtract header
         ^^^^^^^^^^^^^^^^^^^^^^^^^
  File "C:\Users\BUSOLOVE\AppData\Local\Programs\Python\Python312\Lib\concurrent\futures\_base.py", line 449, in result
    return self.__get_result()
           ^^^^^^^^^^^^^^^^^^^
  File "C:\Users\BUSOLOVE\AppData\Local\Programs\Python\Python312\Lib\concurrent\futures\_base.py", line 401, in __get_result
    raise self._exception
  File "C:\Users\BUSOLOVE\AppData\Local\Programs\Python\Python312\Lib\concurrent\futures\thread.py", line 58, in run
    result = self.fn(*self.args, **self.kwargs)
             ^^^^^^^^^^^^^^^^^^^^^^^^^^^^^^^^^^
  File "E:\BOT_FINALBOT\FINALBOT_Begin\runner.py", line 154, in fetch_and_save_data
    # ConsoleUI.show_mode_info(mode_str) # Display the dynamically created mode_str
           ^^^^^^^^^^^^^^^^^^^^^^^^^^^^^^^^^^^^^^^^^^^^^^^^^^^^^^^^^^^^^
  File "E:\BOT_FINALBOT\FINALBOT_Begin\data_feed\data_adapter.py", line 237, in update
    raise Exception(f"Zero Tolerance: update failed for {symbol}: {e}")
Exception: Zero Tolerance: update failed for EURUSD: Zero Tolerance: Anomaly detection failed for EURUSD: 'zero_volume_detected'
2026-07-28 04:42:04,792 | INFO     | [CSVWriter] Successfully wrote 252 rows to data_base/csv/iq_option\GBPUSD-OTC\GBPUSD-OTC_M1.csv
2026-07-28 04:42:04,793 | INFO     | [CSVQueue] Successfully processed write for data_base/csv/iq_option\GBPUSD-OTC\GBPUSD-OTC_M1.csv
2026-07-28 04:42:04,793 | INFO     | [CSVQueue] Processing write for data_base/csv/iq_option\EURGBP-OTC\EURGBP-OTC_M1.csv
2026-07-28 04:42:04,793 | INFO     | [CSVWriter] Writing 99 rows to data_base/csv/iq_option\EURGBP-OTC\EURGBP-OTC_M1.csv
2026-07-28 04:42:04,804 | INFO     | [CSVWriter] Successfully wrote 252 rows to data_base/csv/iq_option\EURGBP-OTC\EURGBP-OTC_M1.csv
2026-07-28 04:42:04,805 | INFO     | [CSVQueue] Successfully processed write for data_base/csv/iq_option\EURGBP-OTC\EURGBP-OTC_M1.csv
2026-07-28 04:42:04,805 | INFO     | [CSVQueue] Queue size: 0
2026-07-28 04:42:04,808 | WARNING  | [EURUSD-OTC] Insufficient M5 data: has 249, required >=250
2026-07-28 04:42:04,818 | WARNING  | [GBPUSD-OTC] Insufficient M5 data: has 249, required >=250
2026-07-28 04:42:04,827 | WARNING  | [EURGBP-OTC] Insufficient M5 data: has 249, required >=250
2026-07-28 04:43:04,218 | INFO     | [DataAdapter] Starting update for EURUSD
2026-07-28 04:43:04,218 | INFO     | [DataAdapter] Refreshing M1 data for EURUSD
2026-07-28 04:43:04,219 | INFO     | [DataAdapter] Starting update for EURUSD-OTC
2026-07-28 04:43:04,219 | INFO     | [DataAdapter] Refreshing M1 data for EURUSD-OTC
2026-07-28 04:43:04,219 | INFO     | [DataAdapter] Starting update for GBPUSD-OTC
2026-07-28 04:43:04,220 | INFO     | [DataAdapter] Refreshing M1 data for GBPUSD-OTC
2026-07-28 04:43:04,220 | INFO     | [DataAdapter] Starting update for EURGBP-OTC
2026-07-28 04:43:04,220 | INFO     | [DataAdapter] Refreshing M1 data for EURGBP-OTC
2026-07-28 04:43:04,464 | INFO     | [IQOPTION] REST fetch succeeded for EURUSD: 3 candles
2026-07-28 04:43:04,498 | ERROR    | [DataAdapter] Anomaly detection failed for EURUSD: 'zero_volume_detected'
2026-07-28 04:43:04,498 | WARNING  | [DataAdapter] Anomaly detection has failed 12 times
2026-07-28 04:43:04,498 | ERROR    | [DataAdapter] update failed for EURUSD: Zero Tolerance: Anomaly detection failed for EURUSD: 'zero_volume_detected'
2026-07-28 04:43:04,498 | ERROR    | [DataAdapter] Zero Tolerance: stopping immediately - no retry allowed
2026-07-28 04:43:04,758 | INFO     | [IQOPTION] REST fetch succeeded for EURUSD-OTC: 3 candles
2026-07-28 04:43:04,822 | INFO     | [DataAdapter] M1 anomaly detection completed for EURUSD-OTC in 0.032s
2026-07-28 04:43:04,926 | INFO     | [CSVQueue] Enqueuing write for data_base/csv/iq_option\EURUSD-OTC\EURUSD-OTC_M1.csv - Queue size: 0
2026-07-28 04:43:04,926 | INFO     | [DataAdapter] M1 data refresh completed for EURUSD-OTC
2026-07-28 04:43:04,927 | INFO     | [DataAdapter] Refreshing M5 data for EURUSD-OTC
2026-07-28 04:43:04,942 | INFO     | [CSVQueue] Processing write for data_base/csv/iq_option\EURUSD-OTC\EURUSD-OTC_M1.csv
2026-07-28 04:43:04,977 | INFO     | [DataAdapter] M5 anomaly detection completed for EURUSD-OTC
2026-07-28 04:43:04,977 | INFO     | [CSVWriter] Writing 99 rows to data_base/csv/iq_option\EURUSD-OTC\EURUSD-OTC_M1.csv
2026-07-28 04:43:05,035 | INFO     | [DataAdapter] M5 data refresh completed for EURUSD-OTC
2026-07-28 04:43:05,112 | INFO     | [DataAdapter] Refreshing M15 data for EURUSD-OTC
2026-07-28 04:43:05,134 | INFO     | [DataAdapter] M15 anomaly detection completed for EURUSD-OTC
2026-07-28 04:43:05,143 | INFO     | [DataAdapter] M15 data refresh completed for EURUSD-OTC
2026-07-28 04:43:05,143 | INFO     | [IQOPTION] REST fetch succeeded for GBPUSD-OTC: 3 candles
2026-07-28 04:43:05,144 | INFO     | [DataAdapter] Anomaly statistics for EURUSD-OTC: {'total_calls': 34, 'response_times': [0.02145075798034668, 0.10471200942993164, 0.007309675216674805, 0.018657684326171875, 0.01887226104736328, 0.006983041763305664, 0.004004001617431641, 0.0220029354095459, 0.006006479263305664, 0.023992061614990234, 0.015256643295288086, 0.01735067367553711, 0.004994630813598633, 0.021934986114501953, 0.005619049072265625, 0.035033464431762695, 0.006001949310302734, 0.006520271301269531, 0.02697277069091797, 0.016711950302124023, 0.005271196365356445, 0.016228675842285156, 0.02753138542175293, 0.004999637603759766, 0.021409988403320312, 0.02869892120361328, 0.01605534553527832, 0.04432225227355957, 0.06401300430297852, 0.014222145080566406, 0.01451730728149414, 0.07481217384338379, 0.004004716873168945, 0.03155231475830078], 'spike_count': 0, 'zero_volume_count': 0, 'impossible_candle_count': 0, 'consecutive_anomalies': 0, 'avg_response_time': np.float64(0.022294892984278062), 'max_response_time': np.float64(0.10471200942993164), 'min_response_time': np.float64(0.004004001617431641)}
2026-07-28 04:43:05,224 | INFO     | [DataAdapter] M1 anomaly detection completed for GBPUSD-OTC in 0.045s
2026-07-28 04:43:05,361 | INFO     | [CSVQueue] Enqueuing write for data_base/csv/iq_option\GBPUSD-OTC\GBPUSD-OTC_M1.csv - Queue size: 0
2026-07-28 04:43:05,375 | INFO     | [DataAdapter] M1 data refresh completed for GBPUSD-OTC
2026-07-28 04:43:05,391 | INFO     | [DataAdapter] Refreshing M5 data for GBPUSD-OTC
2026-07-28 04:43:05,406 | INFO     | [CSVWriter] Successfully wrote 253 rows to data_base/csv/iq_option\EURUSD-OTC\EURUSD-OTC_M1.csv
2026-07-28 04:43:05,409 | INFO     | [CSVQueue] Successfully processed write for data_base/csv/iq_option\EURUSD-OTC\EURUSD-OTC_M1.csv
2026-07-28 04:43:05,413 | INFO     | [DataAdapter] M5 anomaly detection completed for GBPUSD-OTC
2026-07-28 04:43:05,413 | INFO     | [CSVQueue] Processing write for data_base/csv/iq_option\GBPUSD-OTC\GBPUSD-OTC_M1.csv
2026-07-28 04:43:05,413 | INFO     | [IQOPTION] REST fetch succeeded for EURGBP-OTC: 3 candles
2026-07-28 04:43:05,413 | INFO     | [DataAdapter] M5 data refresh completed for GBPUSD-OTC
2026-07-28 04:43:05,413 | INFO     | [CSVWriter] Writing 99 rows to data_base/csv/iq_option\GBPUSD-OTC\GBPUSD-OTC_M1.csv
2026-07-28 04:43:05,424 | INFO     | [DataAdapter] M1 anomaly detection completed for EURGBP-OTC in 0.004s
2026-07-28 04:43:05,425 | INFO     | [DataAdapter] Refreshing M15 data for GBPUSD-OTC
2026-07-28 04:43:05,435 | INFO     | [DataAdapter] M15 anomaly detection completed for GBPUSD-OTC
2026-07-28 04:43:05,435 | INFO     | [DataAdapter] M15 data refresh completed for GBPUSD-OTC
2026-07-28 04:43:05,437 | INFO     | [DataAdapter] Anomaly statistics for GBPUSD-OTC: {'total_calls': 36, 'response_times': [0.02145075798034668, 0.10471200942993164, 0.007309675216674805, 0.018657684326171875, 0.01887226104736328, 0.006983041763305664, 0.004004001617431641, 0.0220029354095459, 0.006006479263305664, 0.023992061614990234, 0.015256643295288086, 0.01735067367553711, 0.004994630813598633, 0.021934986114501953, 0.005619049072265625, 0.035033464431762695, 0.006001949310302734, 0.006520271301269531, 0.02697277069091797, 0.016711950302124023, 0.005271196365356445, 0.016228675842285156, 0.02753138542175293, 0.004999637603759766, 0.021409988403320312, 0.02869892120361328, 0.01605534553527832, 0.04432225227355957, 0.06401300430297852, 0.014222145080566406, 0.01451730728149414, 0.07481217384338379, 0.004004716873168945, 0.03155231475830078, 0.045015811920166016, 0.003995656967163086], 'spike_count': 0, 'zero_volume_count': 0, 'impossible_candle_count': 0, 'consecutive_anomalies': 0, 'avg_response_time': np.float64(0.022417717509799533), 'max_response_time': np.float64(0.10471200942993164), 'min_response_time': np.float64(0.003995656967163086)}
2026-07-28 04:43:05,437 | INFO     | [CSVQueue] Enqueuing write for data_base/csv/iq_option\EURGBP-OTC\EURGBP-OTC_M1.csv - Queue size: 0
2026-07-28 04:43:05,437 | INFO     | [DataAdapter] M1 data refresh completed for EURGBP-OTC
2026-07-28 04:43:05,437 | INFO     | [DataAdapter] Refreshing M5 data for EURGBP-OTC
2026-07-28 04:43:05,445 | INFO     | [DataAdapter] M5 anomaly detection completed for EURGBP-OTC
2026-07-28 04:43:05,445 | INFO     | [DataAdapter] M5 data refresh completed for EURGBP-OTC
2026-07-28 04:43:05,445 | INFO     | [DataAdapter] Refreshing M15 data for EURGBP-OTC
2026-07-28 04:43:05,453 | INFO     | [DataAdapter] M15 anomaly detection completed for EURGBP-OTC
2026-07-28 04:43:05,454 | INFO     | [DataAdapter] M15 data refresh completed for EURGBP-OTC
2026-07-28 04:43:05,455 | INFO     | [DataAdapter] Anomaly statistics for EURGBP-OTC: {'total_calls': 36, 'response_times': [0.02145075798034668, 0.10471200942993164, 0.007309675216674805, 0.018657684326171875, 0.01887226104736328, 0.006983041763305664, 0.004004001617431641, 0.0220029354095459, 0.006006479263305664, 0.023992061614990234, 0.015256643295288086, 0.01735067367553711, 0.004994630813598633, 0.021934986114501953, 0.005619049072265625, 0.035033464431762695, 0.006001949310302734, 0.006520271301269531, 0.02697277069091797, 0.016711950302124023, 0.005271196365356445, 0.016228675842285156, 0.02753138542175293, 0.004999637603759766, 0.021409988403320312, 0.02869892120361328, 0.01605534553527832, 0.04432225227355957, 0.06401300430297852, 0.014222145080566406, 0.01451730728149414, 0.07481217384338379, 0.004004716873168945, 0.03155231475830078, 0.045015811920166016, 0.003995656967163086], 'spike_count': 0, 'zero_volume_count': 0, 'impossible_candle_count': 0, 'consecutive_anomalies': 0, 'avg_response_time': np.float64(0.022417717509799533), 'max_response_time': np.float64(0.10471200942993164), 'min_response_time': np.float64(0.003995656967163086)}
2026-07-28 04:43:05,457 | ERROR    | Error getting future result for EURUSD
Traceback (most recent call last):
  File "C:\Users\BUSOLOVE\AppData\Local\Programs\Python\Python312\Lib\site-packages\pandas\core\indexes\base.py", line 3641, in get_loc
    return self._engine.get_loc(casted_key)
           ^^^^^^^^^^^^^^^^^^^^^^^^^^^^^^^^
  File "pandas/_libs/index.pyx", line 168, in pandas._libs.index.IndexEngine.get_loc
  File "pandas/_libs/index.pyx", line 197, in pandas._libs.index.IndexEngine.get_loc
  File "pandas/_libs/hashtable_class_helper.pxi", line 7668, in pandas._libs.hashtable.PyObjectHashTable.get_item
  File "pandas/_libs/hashtable_class_helper.pxi", line 7676, in pandas._libs.hashtable.PyObjectHashTable.get_item
KeyError: 'zero_volume_detected'

The above exception was the direct cause of the following exception:

Traceback (most recent call last):
  File "E:\BOT_FINALBOT\FINALBOT_Begin\data_feed\data_adapter.py", line 266, in _refresh_m1
    completed = self._anomaly_detector.detect_anomalies(completed, symbol)
                ^^^^^^^^^^^^^^^^^^^^^^^^^^^^^^^^^^^^^^^^^^^^^^^^^^^^^^^^^^
  File "E:\BOT_FINALBOT\FINALBOT_Begin\data_feed\anomaly_detector.py", line 251, in detect_anomalies
  File "E:\BOT_FINALBOT\FINALBOT_Begin\data_feed\anomaly_detector.py", line 164, in detect_zero_volume
    df['zero_volume_detected'] = df['volume'] <= self.anomaly_config["zero_volume_threshold"]
                                ^^^^^^^^^^^^^^^^^^^^^^^^^^
  File "C:\Users\BUSOLOVE\AppData\Local\Programs\Python\Python312\Lib\site-packages\pandas\core\frame.py", line 4378, in __getitem__
    indexer = self.columns.get_loc(key)
              ^^^^^^^^^^^^^^^^^^^^^^^^^
  File "C:\Users\BUSOLOVE\AppData\Local\Programs\Python\Python312\Lib\site-packages\pandas\core\indexes\base.py", line 3648, in get_loc
    raise KeyError(key) from err
KeyError: 'zero_volume_detected'

During handling of the above exception, another exception occurred:

Traceback (most recent call last):
  File "E:\BOT_FINALBOT\FINALBOT_Begin\data_feed\data_adapter.py", line 180, in update
    completed_m1 = self._refresh_m1(symbol, now_naive)
                   ^^^^^^^^^^^^^^^^^^^^^^^^^^^^^^^^^^^
  File "E:\BOT_FINALBOT\FINALBOT_Begin\data_feed\data_adapter.py", line 280, in _refresh_m1
    raise RuntimeError(f"Zero Tolerance: Anomaly detection failed for {symbol}: {e}")
RuntimeError: Zero Tolerance: Anomaly detection failed for EURUSD: 'zero_volume_detected'

During handling of the above exception, another exception occurred:

Traceback (most recent call last):
  File "E:\BOT_FINALBOT\FINALBOT_Begin\runner.py", line 247, in run_cycle
    line_count = sum(1 for _ in f) - 1 # subtract header
         ^^^^^^^^^^^^^^^^^^^^^^^^^
  File "C:\Users\BUSOLOVE\AppData\Local\Programs\Python\Python312\Lib\concurrent\futures\_base.py", line 449, in result
    return self.__get_result()
           ^^^^^^^^^^^^^^^^^^^
  File "C:\Users\BUSOLOVE\AppData\Local\Programs\Python\Python312\Lib\concurrent\futures\_base.py", line 401, in __get_result
    raise self._exception
  File "C:\Users\BUSOLOVE\AppData\Local\Programs\Python\Python312\Lib\concurrent\futures\thread.py", line 58, in run
    result = self.fn(*self.args, **self.kwargs)
             ^^^^^^^^^^^^^^^^^^^^^^^^^^^^^^^^^^
  File "E:\BOT_FINALBOT\FINALBOT_Begin\runner.py", line 154, in fetch_and_save_data
    # ConsoleUI.show_mode_info(mode_str) # Display the dynamically created mode_str
           ^^^^^^^^^^^^^^^^^^^^^^^^^^^^^^^^^^^^^^^^^^^^^^^^^^^^^^^^^^^^^
  File "E:\BOT_FINALBOT\FINALBOT_Begin\data_feed\data_adapter.py", line 237, in update
    raise Exception(f"Zero Tolerance: update failed for {symbol}: {e}")
Exception: Zero Tolerance: update failed for EURUSD: Zero Tolerance: Anomaly detection failed for EURUSD: 'zero_volume_detected'
2026-07-28 04:43:05,458 | INFO     | [CSVWriter] Successfully wrote 253 rows to data_base/csv/iq_option\GBPUSD-OTC\GBPUSD-OTC_M1.csv
2026-07-28 04:43:05,461 | INFO     | [CSVQueue] Successfully processed write for data_base/csv/iq_option\GBPUSD-OTC\GBPUSD-OTC_M1.csv
2026-07-28 04:43:05,461 | INFO     | [CSVQueue] Processing write for data_base/csv/iq_option\EURGBP-OTC\EURGBP-OTC_M1.csv
2026-07-28 04:43:05,461 | INFO     | [CSVWriter] Writing 99 rows to data_base/csv/iq_option\EURGBP-OTC\EURGBP-OTC_M1.csv
2026-07-28 04:43:05,473 | INFO     | [CSVWriter] Successfully wrote 253 rows to data_base/csv/iq_option\EURGBP-OTC\EURGBP-OTC_M1.csv
2026-07-28 04:43:05,473 | INFO     | [CSVQueue] Successfully processed write for data_base/csv/iq_option\EURGBP-OTC\EURGBP-OTC_M1.csv
2026-07-28 04:43:05,474 | INFO     | [CSVQueue] Queue size: 0
2026-07-28 04:43:05,479 | WARNING  | [EURUSD-OTC] Insufficient M5 data: has 249, required >=250
2026-07-28 04:43:05,481 | WARNING  | [GBPUSD-OTC] Insufficient M5 data: has 249, required >=250
2026-07-28 04:43:05,497 | WARNING  | [EURGBP-OTC] Insufficient M5 data: has 249, required >=250
2026-07-28 04:44:03,732 | INFO     | [DataAdapter] Starting update for EURUSD
2026-07-28 04:44:03,732 | INFO     | [DataAdapter] Refreshing M1 data for EURUSD
2026-07-28 04:44:03,732 | INFO     | [DataAdapter] Starting update for EURUSD-OTC
2026-07-28 04:44:03,733 | INFO     | [DataAdapter] Refreshing M1 data for EURUSD-OTC
2026-07-28 04:44:03,733 | INFO     | [DataAdapter] Starting update for GBPUSD-OTC
2026-07-28 04:44:03,734 | INFO     | [DataAdapter] Refreshing M1 data for GBPUSD-OTC
2026-07-28 04:44:03,734 | INFO     | [DataAdapter] Starting update for EURGBP-OTC
2026-07-28 04:44:03,734 | INFO     | [DataAdapter] Refreshing M1 data for EURGBP-OTC
2026-07-28 04:44:04,153 | INFO     | [IQOPTION] REST fetch succeeded for EURUSD: 3 candles
2026-07-28 04:44:04,207 | ERROR    | [DataAdapter] Anomaly detection failed for EURUSD: 'zero_volume_detected'
2026-07-28 04:44:04,215 | WARNING  | [DataAdapter] Anomaly detection has failed 13 times
2026-07-28 04:44:04,231 | ERROR    | [DataAdapter] update failed for EURUSD: Zero Tolerance: Anomaly detection failed for EURUSD: 'zero_volume_detected'
2026-07-28 04:44:04,246 | ERROR    | [DataAdapter] Zero Tolerance: stopping immediately - no retry allowed
2026-07-28 04:44:04,449 | INFO     | [IQOPTION] REST fetch succeeded for EURUSD-OTC: 3 candles
2026-07-28 04:44:04,492 | INFO     | [DataAdapter] M1 anomaly detection completed for EURUSD-OTC in 0.007s
2026-07-28 04:44:04,577 | INFO     | [CSVQueue] Enqueuing write for data_base/csv/iq_option\EURUSD-OTC\EURUSD-OTC_M1.csv - Queue size: 0
2026-07-28 04:44:04,593 | INFO     | [DataAdapter] M1 data refresh completed for EURUSD-OTC
2026-07-28 04:44:04,609 | INFO     | [DataAdapter] Refreshing M5 data for EURUSD-OTC
2026-07-28 04:44:04,640 | INFO     | [CSVQueue] Processing write for data_base/csv/iq_option\EURUSD-OTC\EURUSD-OTC_M1.csv
2026-07-28 04:44:04,646 | INFO     | [DataAdapter] M5 anomaly detection completed for EURUSD-OTC
2026-07-28 04:44:04,646 | INFO     | [CSVWriter] Writing 99 rows to data_base/csv/iq_option\EURUSD-OTC\EURUSD-OTC_M1.csv
2026-07-28 04:44:04,671 | INFO     | [DataAdapter] M5 data refresh completed for EURUSD-OTC
2026-07-28 04:44:04,733 | INFO     | [DataAdapter] Refreshing M15 data for EURUSD-OTC
2026-07-28 04:44:04,737 | INFO     | [IQOPTION] REST fetch succeeded for GBPUSD-OTC: 3 candles
2026-07-28 04:44:04,738 | INFO     | [CSVWriter] Successfully wrote 99 rows to data_base/csv/iq_option\EURUSD-OTC\EURUSD-OTC_M1.csv
2026-07-28 04:44:04,767 | INFO     | [CSVQueue] Successfully processed write for data_base/csv/iq_option\EURUSD-OTC\EURUSD-OTC_M1.csv
2026-07-28 04:44:04,771 | INFO     | [CSVQueue] Queue size: 0
2026-07-28 04:44:04,811 | INFO     | [DataAdapter] M15 anomaly detection completed for EURUSD-OTC
2026-07-28 04:44:04,827 | INFO     | [DataAdapter] M15 data refresh completed for EURUSD-OTC
2026-07-28 04:44:04,830 | INFO     | [DataAdapter] M1 anomaly detection completed for GBPUSD-OTC in 0.064s
2026-07-28 04:44:04,857 | INFO     | [DataAdapter] Anomaly statistics for EURUSD-OTC: {'total_calls': 38, 'response_times': [0.02145075798034668, 0.10471200942993164, 0.007309675216674805, 0.018657684326171875, 0.01887226104736328, 0.006983041763305664, 0.004004001617431641, 0.0220029354095459, 0.006006479263305664, 0.023992061614990234, 0.015256643295288086, 0.01735067367553711, 0.004994630813598633, 0.021934986114501953, 0.005619049072265625, 0.035033464431762695, 0.006001949310302734, 0.006520271301269531, 0.02697277069091797, 0.016711950302124023, 0.005271196365356445, 0.016228675842285156, 0.02753138542175293, 0.004999637603759766, 0.021409988403320312, 0.02869892120361328, 0.01605534553527832, 0.04432225227355957, 0.06401300430297852, 0.014222145080566406, 0.01451730728149414, 0.07481217384338379, 0.004004716873168945, 0.03155231475830078, 0.045015811920166016, 0.003995656967163086, 0.006994962692260742, 0.06387495994567871], 'spike_count': 0, 'zero_volume_count': 0, 'impossible_candle_count': 0, 'consecutive_anomalies': 0, 'avg_response_time': np.float64(0.023102835605019016), 'max_response_time': np.float64(0.10471200942993164), 'min_response_time': np.float64(0.003995656967163086)}
2026-07-28 04:44:04,982 | INFO     | [CSVQueue] Enqueuing write for data_base/csv/iq_option\GBPUSD-OTC\GBPUSD-OTC_M1.csv - Queue size: 0
2026-07-28 04:44:04,983 | INFO     | [DataAdapter] M1 data refresh completed for GBPUSD-OTC
2026-07-28 04:44:04,998 | INFO     | [DataAdapter] Refreshing M5 data for GBPUSD-OTC
2026-07-28 04:44:04,998 | INFO     | [CSVQueue] Processing write for data_base/csv/iq_option\GBPUSD-OTC\GBPUSD-OTC_M1.csv
2026-07-28 04:44:05,034 | INFO     | [DataAdapter] M5 anomaly detection completed for GBPUSD-OTC
2026-07-28 04:44:05,034 | INFO     | [CSVWriter] Writing 99 rows to data_base/csv/iq_option\GBPUSD-OTC\GBPUSD-OTC_M1.csv
2026-07-28 04:44:05,075 | INFO     | [DataAdapter] M5 data refresh completed for GBPUSD-OTC
2026-07-28 04:44:05,153 | INFO     | [DataAdapter] Refreshing M15 data for GBPUSD-OTC
2026-07-28 04:44:05,171 | INFO     | [DataAdapter] M15 anomaly detection completed for GBPUSD-OTC
2026-07-28 04:44:05,171 | INFO     | [DataAdapter] M15 data refresh completed for GBPUSD-OTC
2026-07-28 04:44:05,171 | INFO     | [IQOPTION] REST fetch succeeded for EURGBP-OTC: 3 candles
2026-07-28 04:44:05,172 | INFO     | [DataAdapter] Anomaly statistics for GBPUSD-OTC: {'total_calls': 38, 'response_times': [0.02145075798034668, 0.10471200942993164, 0.007309675216674805, 0.018657684326171875, 0.01887226104736328, 0.006983041763305664, 0.004004001617431641, 0.0220029354095459, 0.006006479263305664, 0.023992061614990234, 0.015256643295288086, 0.01735067367553711, 0.004994630813598633, 0.021934986114501953, 0.005619049072265625, 0.035033464431762695, 0.006001949310302734, 0.006520271301269531, 0.02697277069091797, 0.016711950302124023, 0.005271196365356445, 0.016228675842285156, 0.02753138542175293, 0.004999637603759766, 0.021409988403320312, 0.02869892120361328, 0.01605534553527832, 0.04432225227355957, 0.06401300430297852, 0.014222145080566406, 0.01451730728149414, 0.07481217384338379, 0.004004716873168945, 0.03155231475830078, 0.045015811920166016, 0.003995656967163086, 0.006994962692260742, 0.06387495994567871], 'spike_count': 0, 'zero_volume_count': 0, 'impossible_candle_count': 0, 'consecutive_anomalies': 0, 'avg_response_time': np.float64(0.023102835605019016), 'max_response_time': np.float64(0.10471200942993164), 'min_response_time': np.float64(0.003995656967163086)}
2026-07-28 04:44:05,183 | INFO     | [DataAdapter] M1 anomaly detection completed for EURGBP-OTC in 0.005s
2026-07-28 04:44:05,188 | INFO     | [CSVQueue] Enqueuing write for data_base/csv/iq_option\EURGBP-OTC\EURGBP-OTC_M1.csv - Queue size: 0
2026-07-28 04:44:05,189 | INFO     | [DataAdapter] M1 data refresh completed for EURGBP-OTC
2026-07-28 04:44:05,189 | INFO     | [DataAdapter] Refreshing M5 data for EURGBP-OTC
2026-07-28 04:44:05,190 | INFO     | [CSVWriter] Successfully wrote 99 rows to data_base/csv/iq_option\GBPUSD-OTC\GBPUSD-OTC_M1.csv
2026-07-28 04:44:05,196 | INFO     | [DataAdapter] M5 anomaly detection completed for EURGBP-OTC
2026-07-28 04:44:05,196 | INFO     | [CSVQueue] Successfully processed write for data_base/csv/iq_option\GBPUSD-OTC\GBPUSD-OTC_M1.csv
2026-07-28 04:44:05,196 | INFO     | [DataAdapter] M5 data refresh completed for EURGBP-OTC
2026-07-28 04:44:05,196 | INFO     | [CSVQueue] Processing write for data_base/csv/iq_option\EURGBP-OTC\EURGBP-OTC_M1.csv
2026-07-28 04:44:05,196 | INFO     | [DataAdapter] Refreshing M15 data for EURGBP-OTC
2026-07-28 04:44:05,196 | INFO     | [CSVWriter] Writing 99 rows to data_base/csv/iq_option\EURGBP-OTC\EURGBP-OTC_M1.csv
2026-07-28 04:44:05,202 | INFO     | [DataAdapter] M15 anomaly detection completed for EURGBP-OTC
2026-07-28 04:44:05,204 | INFO     | [DataAdapter] M15 data refresh completed for EURGBP-OTC
2026-07-28 04:44:05,204 | INFO     | [DataAdapter] Anomaly statistics for EURGBP-OTC: {'total_calls': 39, 'response_times': [0.02145075798034668, 0.10471200942993164, 0.007309675216674805, 0.018657684326171875, 0.01887226104736328, 0.006983041763305664, 0.004004001617431641, 0.0220029354095459, 0.006006479263305664, 0.023992061614990234, 0.015256643295288086, 0.01735067367553711, 0.004994630813598633, 0.021934986114501953, 0.005619049072265625, 0.035033464431762695, 0.006001949310302734, 0.006520271301269531, 0.02697277069091797, 0.016711950302124023, 0.005271196365356445, 0.016228675842285156, 0.02753138542175293, 0.004999637603759766, 0.021409988403320312, 0.02869892120361328, 0.01605534553527832, 0.04432225227355957, 0.06401300430297852, 0.014222145080566406, 0.01451730728149414, 0.07481217384338379, 0.004004716873168945, 0.03155231475830078, 0.045015811920166016, 0.003995656967163086, 0.006994962692260742, 0.06387495994567871, 0.004507780075073242], 'spike_count': 0, 'zero_volume_count': 0, 'impossible_candle_count': 0, 'consecutive_anomalies': 0, 'avg_response_time': np.float64(0.02262603930937938), 'max_response_time': np.float64(0.10471200942993164), 'min_response_time': np.float64(0.003995656967163086)}
2026-07-28 04:44:05,206 | ERROR    | Error getting future result for EURUSD
Traceback (most recent call last):
  File "C:\Users\BUSOLOVE\AppData\Local\Programs\Python\Python312\Lib\site-packages\pandas\core\indexes\base.py", line 3641, in get_loc
    return self._engine.get_loc(casted_key)
           ^^^^^^^^^^^^^^^^^^^^^^^^^^^^^^^^
  File "pandas/_libs/index.pyx", line 168, in pandas._libs.index.IndexEngine.get_loc
  File "pandas/_libs/index.pyx", line 197, in pandas._libs.index.IndexEngine.get_loc
  File "pandas/_libs/hashtable_class_helper.pxi", line 7668, in pandas._libs.hashtable.PyObjectHashTable.get_item
  File "pandas/_libs/hashtable_class_helper.pxi", line 7676, in pandas._libs.hashtable.PyObjectHashTable.get_item
KeyError: 'zero_volume_detected'

The above exception was the direct cause of the following exception:

Traceback (most recent call last):
  File "E:\BOT_FINALBOT\FINALBOT_Begin\data_feed\data_adapter.py", line 266, in _refresh_m1
    completed = self._anomaly_detector.detect_anomalies(completed, symbol)
                ^^^^^^^^^^^^^^^^^^^^^^^^^^^^^^^^^^^^^^^^^^^^^^^^^^^^^^^^^^
  File "E:\BOT_FINALBOT\FINALBOT_Begin\data_feed\anomaly_detector.py", line 251, in detect_anomalies
  File "E:\BOT_FINALBOT\FINALBOT_Begin\data_feed\anomaly_detector.py", line 164, in detect_zero_volume
    df['zero_volume_detected'] = df['volume'] <= self.anomaly_config["zero_volume_threshold"]
                                ^^^^^^^^^^^^^^^^^^^^^^^^^^
  File "C:\Users\BUSOLOVE\AppData\Local\Programs\Python\Python312\Lib\site-packages\pandas\core\frame.py", line 4378, in __getitem__
    indexer = self.columns.get_loc(key)
              ^^^^^^^^^^^^^^^^^^^^^^^^^
  File "C:\Users\BUSOLOVE\AppData\Local\Programs\Python\Python312\Lib\site-packages\pandas\core\indexes\base.py", line 3648, in get_loc
    raise KeyError(key) from err
KeyError: 'zero_volume_detected'

During handling of the above exception, another exception occurred:

Traceback (most recent call last):
  File "E:\BOT_FINALBOT\FINALBOT_Begin\data_feed\data_adapter.py", line 180, in update
    completed_m1 = self._refresh_m1(symbol, now_naive)
                   ^^^^^^^^^^^^^^^^^^^^^^^^^^^^^^^^^^^
  File "E:\BOT_FINALBOT\FINALBOT_Begin\data_feed\data_adapter.py", line 280, in _refresh_m1
    raise RuntimeError(f"Zero Tolerance: Anomaly detection failed for {symbol}: {e}")
RuntimeError: Zero Tolerance: Anomaly detection failed for EURUSD: 'zero_volume_detected'

During handling of the above exception, another exception occurred:

Traceback (most recent call last):
  File "E:\BOT_FINALBOT\FINALBOT_Begin\runner.py", line 247, in run_cycle
    line_count = sum(1 for _ in f) - 1 # subtract header
         ^^^^^^^^^^^^^^^^^^^^^^^^^
  File "C:\Users\BUSOLOVE\AppData\Local\Programs\Python\Python312\Lib\concurrent\futures\_base.py", line 449, in result
    return self.__get_result()
           ^^^^^^^^^^^^^^^^^^^
  File "C:\Users\BUSOLOVE\AppData\Local\Programs\Python\Python312\Lib\concurrent\futures\_base.py", line 401, in __get_result
    raise self._exception
  File "C:\Users\BUSOLOVE\AppData\Local\Programs\Python\Python312\Lib\concurrent\futures\thread.py", line 58, in run
    result = self.fn(*self.args, **self.kwargs)
             ^^^^^^^^^^^^^^^^^^^^^^^^^^^^^^^^^^
  File "E:\BOT_FINALBOT\FINALBOT_Begin\runner.py", line 154, in fetch_and_save_data
    # ConsoleUI.show_mode_info(mode_str) # Display the dynamically created mode_str
           ^^^^^^^^^^^^^^^^^^^^^^^^^^^^^^^^^^^^^^^^^^^^^^^^^^^^^^^^^^^^^
  File "E:\BOT_FINALBOT\FINALBOT_Begin\data_feed\data_adapter.py", line 237, in update
    raise Exception(f"Zero Tolerance: update failed for {symbol}: {e}")
Exception: Zero Tolerance: update failed for EURUSD: Zero Tolerance: Anomaly detection failed for EURUSD: 'zero_volume_detected'
2026-07-28 04:44:05,212 | INFO     | [CSVWriter] Successfully wrote 99 rows to data_base/csv/iq_option\EURGBP-OTC\EURGBP-OTC_M1.csv
2026-07-28 04:44:05,212 | INFO     | [CSVQueue] Successfully processed write for data_base/csv/iq_option\EURGBP-OTC\EURGBP-OTC_M1.csv
2026-07-28 04:44:05,213 | INFO     | [CSVQueue] Queue size: 0
2026-07-28 04:44:05,213 | WARNING  | [EURUSD-OTC] Insufficient M1 data: has 99, required >=100
2026-07-28 04:44:05,215 | WARNING  | [GBPUSD-OTC] Insufficient M1 data: has 99, required >=100
2026-07-28 04:44:05,217 | WARNING  | [EURGBP-OTC] Insufficient M1 data: has 99, required >=100
2026-07-28 04:45:03,460 | INFO     | [DataAdapter] Starting update for EURUSD
2026-07-28 04:45:03,461 | INFO     | [DataAdapter] Refreshing M1 data for EURUSD
2026-07-28 04:45:03,461 | INFO     | [DataAdapter] Starting update for EURUSD-OTC
2026-07-28 04:45:03,461 | INFO     | [DataAdapter] Refreshing M1 data for EURUSD-OTC
2026-07-28 04:45:03,461 | INFO     | [DataAdapter] Starting update for GBPUSD-OTC
2026-07-28 04:45:03,461 | INFO     | [DataAdapter] Refreshing M1 data for GBPUSD-OTC
2026-07-28 04:45:03,462 | INFO     | [DataAdapter] Starting update for EURGBP-OTC
2026-07-28 04:45:03,462 | INFO     | [DataAdapter] Refreshing M1 data for EURGBP-OTC
2026-07-28 04:45:03,725 | INFO     | [IQOPTION] REST fetch succeeded for EURUSD: 3 candles
2026-07-28 04:45:03,733 | ERROR    | [DataAdapter] Anomaly detection failed for EURUSD: 'zero_volume_detected'
2026-07-28 04:45:03,741 | WARNING  | [DataAdapter] Anomaly detection has failed 14 times
2026-07-28 04:45:03,757 | ERROR    | [DataAdapter] update failed for EURUSD: Zero Tolerance: Anomaly detection failed for EURUSD: 'zero_volume_detected'
2026-07-28 04:45:03,773 | ERROR    | [DataAdapter] Zero Tolerance: stopping immediately - no retry allowed
2026-07-28 04:45:04,182 | INFO     | [IQOPTION] REST fetch succeeded for EURUSD-OTC: 3 candles
2026-07-28 04:45:04,218 | INFO     | [DataAdapter] M1 anomaly detection completed for EURUSD-OTC in 0.013s
2026-07-28 04:45:04,322 | INFO     | [CSVQueue] Enqueuing write for data_base/csv/iq_option\EURUSD-OTC\EURUSD-OTC_M1.csv - Queue size: 0
2026-07-28 04:45:04,322 | INFO     | [DataAdapter] M1 data refresh completed for EURUSD-OTC
2026-07-28 04:45:04,323 | INFO     | [DataAdapter] Refreshing M5 data for EURUSD-OTC
2026-07-28 04:45:04,338 | INFO     | [CSVQueue] Processing write for data_base/csv/iq_option\EURUSD-OTC\EURUSD-OTC_M1.csv
2026-07-28 04:45:04,432 | INFO     | [CSVWriter] Writing 99 rows to data_base/csv/iq_option\EURUSD-OTC\EURUSD-OTC_M1.csv
2026-07-28 04:45:04,526 | INFO     | [IQOPTION] REST fetch succeeded for GBPUSD-OTC: 3 candles
2026-07-28 04:45:04,686 | INFO     | [DataAdapter] M1 anomaly detection completed for GBPUSD-OTC in 0.033s
2026-07-28 04:45:04,790 | INFO     | [IQOPTION] REST fetch succeeded for EURGBP-OTC: 3 candles
2026-07-28 04:45:04,796 | INFO     | [CSVWriter] Successfully wrote 250 rows to data_base/csv/iq_option\EURUSD-OTC\EURUSD-OTC_M1.csv
2026-07-28 04:45:04,796 | INFO     | [CSVQueue] Enqueuing write for data_base/csv/iq_option\GBPUSD-OTC\GBPUSD-OTC_M1.csv - Queue size: 0
2026-07-28 04:45:04,797 | INFO     | [CSVQueue] Successfully processed write for data_base/csv/iq_option\EURUSD-OTC\EURUSD-OTC_M1.csv
2026-07-28 04:45:04,837 | INFO     | [CSVQueue] Queue size: 0
2026-07-28 04:45:04,837 | INFO     | [DataAdapter] M1 data refresh completed for GBPUSD-OTC
2026-07-28 04:45:04,842 | INFO     | [DataAdapter] M1 anomaly detection completed for EURGBP-OTC in 0.035s
2026-07-28 04:45:04,867 | INFO     | [CSVQueue] Processing write for data_base/csv/iq_option\GBPUSD-OTC\GBPUSD-OTC_M1.csv
2026-07-28 04:45:04,884 | INFO     | [DataAdapter] Refreshing M5 data for GBPUSD-OTC
2026-07-28 04:45:04,929 | INFO     | [CSVWriter] Writing 99 rows to data_base/csv/iq_option\GBPUSD-OTC\GBPUSD-OTC_M1.csv
2026-07-28 04:45:05,084 | INFO     | [CSVQueue] Enqueuing write for data_base/csv/iq_option\EURGBP-OTC\EURGBP-OTC_M1.csv - Queue size: 0
2026-07-28 04:45:05,099 | INFO     | [DataAdapter] M1 data refresh completed for EURGBP-OTC
2026-07-28 04:45:05,115 | INFO     | [DataAdapter] Refreshing M5 data for EURGBP-OTC
2026-07-28 04:45:05,177 | INFO     | [IQOPTION] REST fetch succeeded for EURUSD-OTC: 3 candles
2026-07-28 04:45:05,258 | INFO     | [DataAdapter] M5 anomaly detection completed for EURUSD-OTC
2026-07-28 04:45:05,317 | INFO     | [CSVQueue] Enqueuing write for data_base/csv/iq_option\EURUSD-OTC\EURUSD-OTC_M5.csv - Queue size: 1
2026-07-28 04:45:05,332 | INFO     | [DataAdapter] M5 data refresh completed for EURUSD-OTC
2026-07-28 04:45:05,347 | WARNING  | [CSVWriter] os.replace failed (attempt 1/5) for data_base/csv/iq_option\GBPUSD-OTC\GBPUSD-OTC_M1.csv: [WinError 32] The process cannot access the file because it is being used by another process: 'data_base/csv/iq_option\\GBPUSD-OTC\\GBPUSD-OTC_M1.csv.tmp' -> 'data_base/csv/iq_option\\GBPUSD-OTC\\GBPUSD-OTC_M1.csv'. Retrying in 0.10s...
2026-07-28 04:45:05,347 | INFO     | [DataAdapter] Refreshing M15 data for EURUSD-OTC
2026-07-28 04:45:05,488 | INFO     | [IQOPTION] REST fetch succeeded for GBPUSD-OTC: 3 candles
2026-07-28 04:45:05,520 | WARNING  | [CSVWriter] os.replace failed (attempt 2/5) for data_base/csv/iq_option\GBPUSD-OTC\GBPUSD-OTC_M1.csv: [WinError 2] The system cannot find the file specified: 'data_base/csv/iq_option\\GBPUSD-OTC\\GBPUSD-OTC_M1.csv.tmp' -> 'data_base/csv/iq_option\\GBPUSD-OTC\\GBPUSD-OTC_M1.csv'. Retrying in 0.20s...
2026-07-28 04:45:05,525 | INFO     | [DataAdapter] M5 anomaly detection completed for GBPUSD-OTC
2026-07-28 04:45:05,688 | INFO     | [CSVQueue] Enqueuing write for data_base/csv/iq_option\GBPUSD-OTC\GBPUSD-OTC_M5.csv - Queue size: 2
2026-07-28 04:45:05,704 | INFO     | [DataAdapter] M5 data refresh completed for GBPUSD-OTC
2026-07-28 04:45:05,720 | INFO     | [DataAdapter] Refreshing M15 data for GBPUSD-OTC
2026-07-28 04:45:05,782 | WARNING  | [CSVWriter] os.replace failed (attempt 3/5) for data_base/csv/iq_option\GBPUSD-OTC\GBPUSD-OTC_M1.csv: [WinError 2] The system cannot find the file specified: 'data_base/csv/iq_option\\GBPUSD-OTC\\GBPUSD-OTC_M1.csv.tmp' -> 'data_base/csv/iq_option\\GBPUSD-OTC\\GBPUSD-OTC_M1.csv'. Retrying in 0.40s...
2026-07-28 04:45:05,798 | INFO     | [IQOPTION] REST fetch succeeded for EURGBP-OTC: 3 candles
2026-07-28 04:45:05,910 | INFO     | [DataAdapter] M5 anomaly detection completed for EURGBP-OTC
2026-07-28 04:45:06,047 | INFO     | [CSVQueue] Enqueuing write for data_base/csv/iq_option\EURGBP-OTC\EURGBP-OTC_M5.csv - Queue size: 3
2026-07-28 04:45:06,062 | INFO     | [DataAdapter] M5 data refresh completed for EURGBP-OTC
2026-07-28 04:45:06,093 | INFO     | [DataAdapter] Refreshing M15 data for EURGBP-OTC
2026-07-28 04:45:06,171 | INFO     | [IQOPTION] REST fetch succeeded for EURUSD-OTC: 3 candles
2026-07-28 04:45:06,191 | WARNING  | [CSVWriter] os.replace failed (attempt 4/5) for data_base/csv/iq_option\GBPUSD-OTC\GBPUSD-OTC_M1.csv: [WinError 2] The system cannot find the file specified: 'data_base/csv/iq_option\\GBPUSD-OTC\\GBPUSD-OTC_M1.csv.tmp' -> 'data_base/csv/iq_option\\GBPUSD-OTC\\GBPUSD-OTC_M1.csv'. Retrying in 0.80s...
2026-07-28 04:45:06,221 | INFO     | [DataAdapter] M15 anomaly detection completed for EURUSD-OTC
2026-07-28 04:45:06,360 | INFO     | [CSVQueue] Enqueuing write for data_base/csv/iq_option\EURUSD-OTC\EURUSD-OTC_M15.csv - Queue size: 4
2026-07-28 04:45:06,390 | INFO     | [DataAdapter] M15 data refresh completed for EURUSD-OTC
2026-07-28 04:45:06,422 | INFO     | [DataAdapter] Anomaly statistics for EURUSD-OTC: {'total_calls': 42, 'response_times': [0.02145075798034668, 0.10471200942993164, 0.007309675216674805, 0.018657684326171875, 0.01887226104736328, 0.006983041763305664, 0.004004001617431641, 0.0220029354095459, 0.006006479263305664, 0.023992061614990234, 0.015256643295288086, 0.01735067367553711, 0.004994630813598633, 0.021934986114501953, 0.005619049072265625, 0.035033464431762695, 0.006001949310302734, 0.006520271301269531, 0.02697277069091797, 0.016711950302124023, 0.005271196365356445, 0.016228675842285156, 0.02753138542175293, 0.004999637603759766, 0.021409988403320312, 0.02869892120361328, 0.01605534553527832, 0.04432225227355957, 0.06401300430297852, 0.014222145080566406, 0.01451730728149414, 0.07481217384338379, 0.004004716873168945, 0.03155231475830078, 0.045015811920166016, 0.003995656967163086, 0.006994962692260742, 0.06387495994567871, 0.004507780075073242, 0.013079166412353516, 0.03264164924621582, 0.035497188568115234], 'spike_count': 0, 'zero_volume_count': 0, 'impossible_candle_count': 0, 'consecutive_anomalies': 0, 'avg_response_time': np.float64(0.022943655649820965), 'max_response_time': np.float64(0.10471200942993164), 'min_response_time': np.float64(0.003995656967163086)}
2026-07-28 04:45:06,470 | INFO     | [IQOPTION] REST fetch succeeded for GBPUSD-OTC: 3 candles
2026-07-28 04:45:06,538 | INFO     | [DataAdapter] M15 anomaly detection completed for GBPUSD-OTC
2026-07-28 04:45:06,643 | INFO     | [CSVQueue] Enqueuing write for data_base/csv/iq_option\GBPUSD-OTC\GBPUSD-OTC_M15.csv - Queue size: 5
2026-07-28 04:45:06,658 | INFO     | [DataAdapter] M15 data refresh completed for GBPUSD-OTC
2026-07-28 04:45:06,674 | INFO     | [DataAdapter] Anomaly statistics for GBPUSD-OTC: {'total_calls': 42, 'response_times': [0.02145075798034668, 0.10471200942993164, 0.007309675216674805, 0.018657684326171875, 0.01887226104736328, 0.006983041763305664, 0.004004001617431641, 0.0220029354095459, 0.006006479263305664, 0.023992061614990234, 0.015256643295288086, 0.01735067367553711, 0.004994630813598633, 0.021934986114501953, 0.005619049072265625, 0.035033464431762695, 0.006001949310302734, 0.006520271301269531, 0.02697277069091797, 0.016711950302124023, 0.005271196365356445, 0.016228675842285156, 0.02753138542175293, 0.004999637603759766, 0.021409988403320312, 0.02869892120361328, 0.01605534553527832, 0.04432225227355957, 0.06401300430297852, 0.014222145080566406, 0.01451730728149414, 0.07481217384338379, 0.004004716873168945, 0.03155231475830078, 0.045015811920166016, 0.003995656967163086, 0.006994962692260742, 0.06387495994567871, 0.004507780075073242, 0.013079166412353516, 0.03264164924621582, 0.035497188568115234], 'spike_count': 0, 'zero_volume_count': 0, 'impossible_candle_count': 0, 'consecutive_anomalies': 0, 'avg_response_time': np.float64(0.022943655649820965), 'max_response_time': np.float64(0.10471200942993164), 'min_response_time': np.float64(0.003995656967163086)}
2026-07-28 04:45:06,785 | INFO     | [IQOPTION] REST fetch succeeded for EURGBP-OTC: 3 candles
2026-07-28 04:45:06,795 | INFO     | [DataAdapter] M15 anomaly detection completed for EURGBP-OTC
2026-07-28 04:45:06,797 | INFO     | [CSVQueue] Enqueuing write for data_base/csv/iq_option\EURGBP-OTC\EURGBP-OTC_M15.csv - Queue size: 6
2026-07-28 04:45:06,797 | INFO     | [DataAdapter] M15 data refresh completed for EURGBP-OTC
2026-07-28 04:45:06,797 | INFO     | [DataAdapter] Anomaly statistics for EURGBP-OTC: {'total_calls': 42, 'response_times': [0.02145075798034668, 0.10471200942993164, 0.007309675216674805, 0.018657684326171875, 0.01887226104736328, 0.006983041763305664, 0.004004001617431641, 0.0220029354095459, 0.006006479263305664, 0.023992061614990234, 0.015256643295288086, 0.01735067367553711, 0.004994630813598633, 0.021934986114501953, 0.005619049072265625, 0.035033464431762695, 0.006001949310302734, 0.006520271301269531, 0.02697277069091797, 0.016711950302124023, 0.005271196365356445, 0.016228675842285156, 0.02753138542175293, 0.004999637603759766, 0.021409988403320312, 0.02869892120361328, 0.01605534553527832, 0.04432225227355957, 0.06401300430297852, 0.014222145080566406, 0.01451730728149414, 0.07481217384338379, 0.004004716873168945, 0.03155231475830078, 0.045015811920166016, 0.003995656967163086, 0.006994962692260742, 0.06387495994567871, 0.004507780075073242, 0.013079166412353516, 0.03264164924621582, 0.035497188568115234], 'spike_count': 0, 'zero_volume_count': 0, 'impossible_candle_count': 0, 'consecutive_anomalies': 0, 'avg_response_time': np.float64(0.022943655649820965), 'max_response_time': np.float64(0.10471200942993164), 'min_response_time': np.float64(0.003995656967163086)}
2026-07-28 04:45:06,798 | ERROR    | Error getting future result for EURUSD
Traceback (most recent call last):
  File "C:\Users\BUSOLOVE\AppData\Local\Programs\Python\Python312\Lib\site-packages\pandas\core\indexes\base.py", line 3641, in get_loc
    return self._engine.get_loc(casted_key)
           ^^^^^^^^^^^^^^^^^^^^^^^^^^^^^^^^
  File "pandas/_libs/index.pyx", line 168, in pandas._libs.index.IndexEngine.get_loc
  File "pandas/_libs/index.pyx", line 197, in pandas._libs.index.IndexEngine.get_loc
  File "pandas/_libs/hashtable_class_helper.pxi", line 7668, in pandas._libs.hashtable.PyObjectHashTable.get_item
  File "pandas/_libs/hashtable_class_helper.pxi", line 7676, in pandas._libs.hashtable.PyObjectHashTable.get_item
KeyError: 'zero_volume_detected'

The above exception was the direct cause of the following exception:

Traceback (most recent call last):
  File "E:\BOT_FINALBOT\FINALBOT_Begin\data_feed\data_adapter.py", line 266, in _refresh_m1
    completed = self._anomaly_detector.detect_anomalies(completed, symbol)
                ^^^^^^^^^^^^^^^^^^^^^^^^^^^^^^^^^^^^^^^^^^^^^^^^^^^^^^^^^^
  File "E:\BOT_FINALBOT\FINALBOT_Begin\data_feed\anomaly_detector.py", line 251, in detect_anomalies
  File "E:\BOT_FINALBOT\FINALBOT_Begin\data_feed\anomaly_detector.py", line 164, in detect_zero_volume
    df['zero_volume_detected'] = df['volume'] <= self.anomaly_config["zero_volume_threshold"]
                                ^^^^^^^^^^^^^^^^^^^^^^^^^^
  File "C:\Users\BUSOLOVE\AppData\Local\Programs\Python\Python312\Lib\site-packages\pandas\core\frame.py", line 4378, in __getitem__
    indexer = self.columns.get_loc(key)
              ^^^^^^^^^^^^^^^^^^^^^^^^^
  File "C:\Users\BUSOLOVE\AppData\Local\Programs\Python\Python312\Lib\site-packages\pandas\core\indexes\base.py", line 3648, in get_loc
    raise KeyError(key) from err
KeyError: 'zero_volume_detected'

During handling of the above exception, another exception occurred:

Traceback (most recent call last):
  File "E:\BOT_FINALBOT\FINALBOT_Begin\data_feed\data_adapter.py", line 180, in update
    completed_m1 = self._refresh_m1(symbol, now_naive)
                   ^^^^^^^^^^^^^^^^^^^^^^^^^^^^^^^^^^^
  File "E:\BOT_FINALBOT\FINALBOT_Begin\data_feed\data_adapter.py", line 280, in _refresh_m1
    raise RuntimeError(f"Zero Tolerance: Anomaly detection failed for {symbol}: {e}")
RuntimeError: Zero Tolerance: Anomaly detection failed for EURUSD: 'zero_volume_detected'

During handling of the above exception, another exception occurred:

Traceback (most recent call last):
  File "E:\BOT_FINALBOT\FINALBOT_Begin\runner.py", line 247, in run_cycle
    line_count = sum(1 for _ in f) - 1 # subtract header
         ^^^^^^^^^^^^^^^^^^^^^^^^^
  File "C:\Users\BUSOLOVE\AppData\Local\Programs\Python\Python312\Lib\concurrent\futures\_base.py", line 449, in result
    return self.__get_result()
           ^^^^^^^^^^^^^^^^^^^
  File "C:\Users\BUSOLOVE\AppData\Local\Programs\Python\Python312\Lib\concurrent\futures\_base.py", line 401, in __get_result
    raise self._exception
  File "C:\Users\BUSOLOVE\AppData\Local\Programs\Python\Python312\Lib\concurrent\futures\thread.py", line 58, in run
    result = self.fn(*self.args, **self.kwargs)
             ^^^^^^^^^^^^^^^^^^^^^^^^^^^^^^^^^^
  File "E:\BOT_FINALBOT\FINALBOT_Begin\runner.py", line 154, in fetch_and_save_data
    # ConsoleUI.show_mode_info(mode_str) # Display the dynamically created mode_str
           ^^^^^^^^^^^^^^^^^^^^^^^^^^^^^^^^^^^^^^^^^^^^^^^^^^^^^^^^^^^^^
  File "E:\BOT_FINALBOT\FINALBOT_Begin\data_feed\data_adapter.py", line 237, in update
    raise Exception(f"Zero Tolerance: update failed for {symbol}: {e}")
Exception: Zero Tolerance: update failed for EURUSD: Zero Tolerance: Anomaly detection failed for EURUSD: 'zero_volume_detected'
2026-07-28 04:45:06,820 | WARNING  | [EURUSD-OTC] Insufficient M5 data: has 249, required >=250
2026-07-28 04:45:07,022 | ERROR    | [CSVWriter] os.replace failed after 5 attempts for data_base/csv/iq_option\GBPUSD-OTC\GBPUSD-OTC_M1.csv
2026-07-28 04:45:07,023 | ERROR    | [CSVWriter] Exception during os.replace(data_base/csv/iq_option\GBPUSD-OTC\GBPUSD-OTC_M1.csv.tmp, data_base/csv/iq_option\GBPUSD-OTC\GBPUSD-OTC_M1.csv)
Traceback (most recent call last):
  File "E:\BOT_FINALBOT\FINALBOT_Begin\data_feed\csv_writer.py", line 125, in write
    os.replace(tmp_path, file_path)
PermissionError: [WinError 32] The process cannot access the file because it is being used by another process: 'data_base/csv/iq_option\\GBPUSD-OTC\\GBPUSD-OTC_M1.csv.tmp' -> 'data_base/csv/iq_option\\GBPUSD-OTC\\GBPUSD-OTC_M1.csv'
2026-07-28 04:45:07,024 | WARNING  | [CSVWriter] Failed to remove tmp file data_base/csv/iq_option\GBPUSD-OTC\GBPUSD-OTC_M1.csv.tmp: [WinError 32] The process cannot access the file because it is being used by another process: 'data_base/csv/iq_option\\GBPUSD-OTC\\GBPUSD-OTC_M1.csv.tmp'
2026-07-28 04:45:07,024 | ERROR    | [CSVWriter] Failed to write to data_base/csv/iq_option\GBPUSD-OTC\GBPUSD-OTC_M1.csv: [WinError 32] The process cannot access the file because it is being used by another process: 'data_base/csv/iq_option\\GBPUSD-OTC\\GBPUSD-OTC_M1.csv.tmp' -> 'data_base/csv/iq_option\\GBPUSD-OTC\\GBPUSD-OTC_M1.csv'
2026-07-28 04:45:07,025 | ERROR    | [CSVQueue] Asynchronous write failed for data_base/csv/iq_option\GBPUSD-OTC\GBPUSD-OTC_M1.csv: [WinError 32] The process cannot access the file because it is being used by another process: 'data_base/csv/iq_option\\GBPUSD-OTC\\GBPUSD-OTC_M1.csv.tmp' -> 'data_base/csv/iq_option\\GBPUSD-OTC\\GBPUSD-OTC_M1.csv'
2026-07-28 04:45:07,025 | ERROR    | [CSVQueue] Error details: PermissionError: [WinError 32] The process cannot access the file because it is being used by another process: 'data_base/csv/iq_option\\GBPUSD-OTC\\GBPUSD-OTC_M1.csv.tmp' -> 'data_base/csv/iq_option\\GBPUSD-OTC\\GBPUSD-OTC_M1.csv'
2026-07-28 04:45:07,025 | ERROR    | [CSVQueue] Total errors: 1
2026-07-28 04:45:07,026 | INFO     | [CSVQueue] Processing write for data_base/csv/iq_option\EURGBP-OTC\EURGBP-OTC_M1.csv
2026-07-28 04:45:07,026 | INFO     | [CSVWriter] Writing 99 rows to data_base/csv/iq_option\EURGBP-OTC\EURGBP-OTC_M1.csv
2026-07-28 04:45:07,040 | WARNING  | [GBPUSD-OTC] Insufficient M5 data: has 249, required >=250
2026-07-28 04:45:07,047 | INFO     | [CSVWriter] Successfully wrote 250 rows to data_base/csv/iq_option\EURGBP-OTC\EURGBP-OTC_M1.csv
2026-07-28 04:45:07,048 | INFO     | [CSVQueue] Successfully processed write for data_base/csv/iq_option\EURGBP-OTC\EURGBP-OTC_M1.csv
2026-07-28 04:45:07,048 | INFO     | [CSVQueue] Processing write for data_base/csv/iq_option\EURUSD-OTC\EURUSD-OTC_M5.csv
2026-07-28 04:45:07,048 | INFO     | [CSVWriter] Writing 249 rows to data_base/csv/iq_option\EURUSD-OTC\EURUSD-OTC_M5.csv
2026-07-28 04:45:07,059 | INFO     | [CSVWriter] Successfully wrote 249 rows to data_base/csv/iq_option\EURUSD-OTC\EURUSD-OTC_M5.csv
2026-07-28 04:45:07,059 | INFO     | [CSVQueue] Successfully processed write for data_base/csv/iq_option\EURUSD-OTC\EURUSD-OTC_M5.csv
2026-07-28 04:45:07,059 | INFO     | [CSVQueue] Processing write for data_base/csv/iq_option\GBPUSD-OTC\GBPUSD-OTC_M5.csv
2026-07-28 04:45:07,060 | INFO     | [CSVWriter] Writing 249 rows to data_base/csv/iq_option\GBPUSD-OTC\GBPUSD-OTC_M5.csv
2026-07-28 04:45:07,073 | INFO     | [CSVWriter] Successfully wrote 249 rows to data_base/csv/iq_option\GBPUSD-OTC\GBPUSD-OTC_M5.csv
2026-07-28 04:45:07,073 | INFO     | [CSVQueue] Successfully processed write for data_base/csv/iq_option\GBPUSD-OTC\GBPUSD-OTC_M5.csv
2026-07-28 04:45:07,073 | INFO     | [CSVQueue] Processing write for data_base/csv/iq_option\EURGBP-OTC\EURGBP-OTC_M5.csv
2026-07-28 04:45:07,082 | WARNING  | [EURGBP-OTC] Insufficient M5 data: has 249, required >=250
2026-07-28 04:45:07,082 | INFO     | [CSVWriter] Writing 249 rows to data_base/csv/iq_option\EURGBP-OTC\EURGBP-OTC_M5.csv
2026-07-28 04:45:07,096 | INFO     | [CSVWriter] Successfully wrote 249 rows to data_base/csv/iq_option\EURGBP-OTC\EURGBP-OTC_M5.csv
2026-07-28 04:45:07,096 | INFO     | [CSVQueue] Successfully processed write for data_base/csv/iq_option\EURGBP-OTC\EURGBP-OTC_M5.csv
2026-07-28 04:45:07,096 | INFO     | [CSVQueue] Processing write for data_base/csv/iq_option\EURUSD-OTC\EURUSD-OTC_M15.csv
2026-07-28 04:45:07,096 | INFO     | [CSVWriter] Writing 49 rows to data_base/csv/iq_option\EURUSD-OTC\EURUSD-OTC_M15.csv
2026-07-28 04:45:07,116 | INFO     | [CSVWriter] Successfully wrote 119 rows to data_base/csv/iq_option\EURUSD-OTC\EURUSD-OTC_M15.csv
2026-07-28 04:45:07,116 | INFO     | [CSVQueue] Successfully processed write for data_base/csv/iq_option\EURUSD-OTC\EURUSD-OTC_M15.csv
2026-07-28 04:45:07,116 | INFO     | [CSVQueue] Processing write for data_base/csv/iq_option\GBPUSD-OTC\GBPUSD-OTC_M15.csv
2026-07-28 04:45:07,116 | INFO     | [CSVWriter] Writing 49 rows to data_base/csv/iq_option\GBPUSD-OTC\GBPUSD-OTC_M15.csv
2026-07-28 04:45:07,120 | INFO     | [CSVWriter] Successfully wrote 49 rows to data_base/csv/iq_option\GBPUSD-OTC\GBPUSD-OTC_M15.csv
2026-07-28 04:45:07,120 | INFO     | [CSVQueue] Successfully processed write for data_base/csv/iq_option\GBPUSD-OTC\GBPUSD-OTC_M15.csv
2026-07-28 04:45:07,121 | INFO     | [CSVQueue] Processing write for data_base/csv/iq_option\EURGBP-OTC\EURGBP-OTC_M15.csv
2026-07-28 04:45:07,121 | INFO     | [CSVWriter] Writing 49 rows to data_base/csv/iq_option\EURGBP-OTC\EURGBP-OTC_M15.csv
2026-07-28 04:45:07,125 | INFO     | [CSVWriter] Successfully wrote 49 rows to data_base/csv/iq_option\EURGBP-OTC\EURGBP-OTC_M15.csv
2026-07-28 04:45:07,125 | INFO     | [CSVQueue] Successfully processed write for data_base/csv/iq_option\EURGBP-OTC\EURGBP-OTC_M15.csv
2026-07-28 04:45:07,125 | INFO     | [CSVQueue] Queue size: 0
2026-07-28 04:46:03,333 | INFO     | [DataAdapter] Starting update for EURUSD
2026-07-28 04:46:03,333 | INFO     | [DataAdapter] Refreshing M1 data for EURUSD
2026-07-28 04:46:03,333 | INFO     | [DataAdapter] Starting update for EURUSD-OTC
2026-07-28 04:46:03,333 | INFO     | [DataAdapter] Refreshing M1 data for EURUSD-OTC
2026-07-28 04:46:03,334 | INFO     | [DataAdapter] Starting update for GBPUSD-OTC
2026-07-28 04:46:03,334 | INFO     | [DataAdapter] Refreshing M1 data for GBPUSD-OTC
2026-07-28 04:46:03,334 | INFO     | [DataAdapter] Starting update for EURGBP-OTC
2026-07-28 04:46:03,348 | INFO     | [DataAdapter] Refreshing M1 data for EURGBP-OTC
2026-07-28 04:46:03,598 | INFO     | [IQOPTION] REST fetch succeeded for EURUSD: 3 candles
2026-07-28 04:46:03,646 | ERROR    | [DataAdapter] Anomaly detection failed for EURUSD: 'zero_volume_detected'
2026-07-28 04:46:03,660 | WARNING  | [DataAdapter] Anomaly detection has failed 15 times
2026-07-28 04:46:03,675 | ERROR    | [DataAdapter] update failed for EURUSD: Zero Tolerance: Anomaly detection failed for EURUSD: 'zero_volume_detected'
2026-07-28 04:46:03,690 | ERROR    | [DataAdapter] Zero Tolerance: stopping immediately - no retry allowed
2026-07-28 04:46:03,832 | INFO     | [IQOPTION] REST fetch succeeded for EURUSD-OTC: 3 candles
2026-07-28 04:46:03,870 | INFO     | [DataAdapter] M1 anomaly detection completed for EURUSD-OTC in 0.014s
2026-07-28 04:46:03,942 | INFO     | [CSVQueue] Enqueuing write for data_base/csv/iq_option\EURUSD-OTC\EURUSD-OTC_M1.csv - Queue size: 0
2026-07-28 04:46:03,958 | INFO     | [DataAdapter] M1 data refresh completed for EURUSD-OTC
2026-07-28 04:46:03,973 | INFO     | [DataAdapter] Refreshing M5 data for EURUSD-OTC
2026-07-28 04:46:03,973 | INFO     | [CSVQueue] Processing write for data_base/csv/iq_option\EURUSD-OTC\EURUSD-OTC_M1.csv
2026-07-28 04:46:04,008 | INFO     | [CSVWriter] Writing 99 rows to data_base/csv/iq_option\EURUSD-OTC\EURUSD-OTC_M1.csv
2026-07-28 04:46:04,027 | INFO     | [DataAdapter] M5 anomaly detection completed for EURUSD-OTC
2026-07-28 04:46:04,051 | INFO     | [DataAdapter] M5 data refresh completed for EURUSD-OTC
2026-07-28 04:46:04,067 | INFO     | [DataAdapter] Refreshing M15 data for EURUSD-OTC
2026-07-28 04:46:04,116 | INFO     | [DataAdapter] M15 anomaly detection completed for EURUSD-OTC
2026-07-28 04:46:04,128 | INFO     | [DataAdapter] M15 data refresh completed for EURUSD-OTC
2026-07-28 04:46:04,160 | INFO     | [DataAdapter] Anomaly statistics for EURUSD-OTC: {'total_calls': 43, 'response_times': [0.02145075798034668, 0.10471200942993164, 0.007309675216674805, 0.018657684326171875, 0.01887226104736328, 0.006983041763305664, 0.004004001617431641, 0.0220029354095459, 0.006006479263305664, 0.023992061614990234, 0.015256643295288086, 0.01735067367553711, 0.004994630813598633, 0.021934986114501953, 0.005619049072265625, 0.035033464431762695, 0.006001949310302734, 0.006520271301269531, 0.02697277069091797, 0.016711950302124023, 0.005271196365356445, 0.016228675842285156, 0.02753138542175293, 0.004999637603759766, 0.021409988403320312, 0.02869892120361328, 0.01605534553527832, 0.04432225227355957, 0.06401300430297852, 0.014222145080566406, 0.01451730728149414, 0.07481217384338379, 0.004004716873168945, 0.03155231475830078, 0.045015811920166016, 0.003995656967163086, 0.006994962692260742, 0.06387495994567871, 0.004507780075073242, 0.013079166412353516, 0.03264164924621582, 0.035497188568115234, 0.01399850845336914], 'spike_count': 0, 'zero_volume_count': 0, 'impossible_candle_count': 0, 'consecutive_anomalies': 0, 'avg_response_time': np.float64(0.022735628970833713), 'max_response_time': np.float64(0.10471200942993164), 'min_response_time': np.float64(0.003995656967163086)}
2026-07-28 04:46:04,458 | INFO     | [CSVWriter] Successfully wrote 251 rows to data_base/csv/iq_option\EURUSD-OTC\EURUSD-OTC_M1.csv
2026-07-28 04:46:04,474 | INFO     | [CSVQueue] Successfully processed write for data_base/csv/iq_option\EURUSD-OTC\EURUSD-OTC_M1.csv
2026-07-28 04:46:04,490 | INFO     | [CSVQueue] Queue size: 0
2026-07-28 04:46:05,191 | INFO     | [IQOPTION] REST fetch succeeded for GBPUSD-OTC: 3 candles
2026-07-28 04:46:05,241 | INFO     | [DataAdapter] M1 anomaly detection completed for GBPUSD-OTC in 0.038s
2026-07-28 04:46:05,283 | INFO     | [CSVQueue] Enqueuing write for data_base/csv/iq_option\GBPUSD-OTC\GBPUSD-OTC_M1.csv - Queue size: 0
2026-07-28 04:46:05,284 | INFO     | [DataAdapter] M1 data refresh completed for GBPUSD-OTC
2026-07-28 04:46:05,284 | INFO     | [DataAdapter] Refreshing M5 data for GBPUSD-OTC
2026-07-28 04:46:05,331 | INFO     | [CSVQueue] Processing write for data_base/csv/iq_option\GBPUSD-OTC\GBPUSD-OTC_M1.csv
2026-07-28 04:46:05,331 | INFO     | [CSVWriter] Writing 99 rows to data_base/csv/iq_option\GBPUSD-OTC\GBPUSD-OTC_M1.csv
2026-07-28 04:46:05,364 | INFO     | [DataAdapter] M5 anomaly detection completed for GBPUSD-OTC
2026-07-28 04:46:05,377 | INFO     | [DataAdapter] M5 data refresh completed for GBPUSD-OTC
2026-07-28 04:46:05,391 | INFO     | [DataAdapter] Refreshing M15 data for GBPUSD-OTC
2026-07-28 04:46:05,431 | INFO     | [DataAdapter] M15 anomaly detection completed for GBPUSD-OTC
2026-07-28 04:46:05,437 | INFO     | [DataAdapter] M15 data refresh completed for GBPUSD-OTC
2026-07-28 04:46:05,439 | INFO     | [DataAdapter] Anomaly statistics for GBPUSD-OTC: {'total_calls': 44, 'response_times': [0.02145075798034668, 0.10471200942993164, 0.007309675216674805, 0.018657684326171875, 0.01887226104736328, 0.006983041763305664, 0.004004001617431641, 0.0220029354095459, 0.006006479263305664, 0.023992061614990234, 0.015256643295288086, 0.01735067367553711, 0.004994630813598633, 0.021934986114501953, 0.005619049072265625, 0.035033464431762695, 0.006001949310302734, 0.006520271301269531, 0.02697277069091797, 0.016711950302124023, 0.005271196365356445, 0.016228675842285156, 0.02753138542175293, 0.004999637603759766, 0.021409988403320312, 0.02869892120361328, 0.01605534553527832, 0.04432225227355957, 0.06401300430297852, 0.014222145080566406, 0.01451730728149414, 0.07481217384338379, 0.004004716873168945, 0.03155231475830078, 0.045015811920166016, 0.003995656967163086, 0.006994962692260742, 0.06387495994567871, 0.004507780075073242, 0.013079166412353516, 0.03264164924621582, 0.035497188568115234, 0.01399850845336914, 0.038457393646240234], 'spike_count': 0, 'zero_volume_count': 0, 'impossible_candle_count': 0, 'consecutive_anomalies': 0, 'avg_response_time': np.float64(0.023092941804365677), 'max_response_time': np.float64(0.10471200942993164), 'min_response_time': np.float64(0.003995656967163086)}
2026-07-28 04:46:05,439 | INFO     | [IQOPTION] REST fetch succeeded for EURGBP-OTC: 3 candles
2026-07-28 04:46:05,454 | INFO     | [DataAdapter] M1 anomaly detection completed for EURGBP-OTC in 0.006s
2026-07-28 04:46:05,461 | INFO     | [CSVQueue] Enqueuing write for data_base/csv/iq_option\EURGBP-OTC\EURGBP-OTC_M1.csv - Queue size: 0
2026-07-28 04:46:05,461 | INFO     | [DataAdapter] M1 data refresh completed for EURGBP-OTC
2026-07-28 04:46:05,466 | INFO     | [DataAdapter] Refreshing M5 data for EURGBP-OTC
2026-07-28 04:46:05,475 | INFO     | [DataAdapter] M5 anomaly detection completed for EURGBP-OTC
2026-07-28 04:46:05,475 | INFO     | [DataAdapter] M5 data refresh completed for EURGBP-OTC
2026-07-28 04:46:05,475 | INFO     | [DataAdapter] Refreshing M15 data for EURGBP-OTC
2026-07-28 04:46:05,477 | INFO     | [CSVWriter] Successfully wrote 251 rows to data_base/csv/iq_option\GBPUSD-OTC\GBPUSD-OTC_M1.csv
2026-07-28 04:46:05,478 | INFO     | [CSVQueue] Successfully processed write for data_base/csv/iq_option\GBPUSD-OTC\GBPUSD-OTC_M1.csv
2026-07-28 04:46:05,483 | INFO     | [DataAdapter] M15 anomaly detection completed for EURGBP-OTC
2026-07-28 04:46:05,483 | INFO     | [CSVQueue] Processing write for data_base/csv/iq_option\EURGBP-OTC\EURGBP-OTC_M1.csv
2026-07-28 04:46:05,483 | INFO     | [DataAdapter] M15 data refresh completed for EURGBP-OTC
2026-07-28 04:46:05,484 | INFO     | [CSVWriter] Writing 99 rows to data_base/csv/iq_option\EURGBP-OTC\EURGBP-OTC_M1.csv
2026-07-28 04:46:05,484 | INFO     | [DataAdapter] Anomaly statistics for EURGBP-OTC: {'total_calls': 45, 'response_times': [0.02145075798034668, 0.10471200942993164, 0.007309675216674805, 0.018657684326171875, 0.01887226104736328, 0.006983041763305664, 0.004004001617431641, 0.0220029354095459, 0.006006479263305664, 0.023992061614990234, 0.015256643295288086, 0.01735067367553711, 0.004994630813598633, 0.021934986114501953, 0.005619049072265625, 0.035033464431762695, 0.006001949310302734, 0.006520271301269531, 0.02697277069091797, 0.016711950302124023, 0.005271196365356445, 0.016228675842285156, 0.02753138542175293, 0.004999637603759766, 0.021409988403320312, 0.02869892120361328, 0.01605534553527832, 0.04432225227355957, 0.06401300430297852, 0.014222145080566406, 0.01451730728149414, 0.07481217384338379, 0.004004716873168945, 0.03155231475830078, 0.045015811920166016, 0.003995656967163086, 0.006994962692260742, 0.06387495994567871, 0.004507780075073242, 0.013079166412353516, 0.03264164924621582, 0.035497188568115234, 0.01399850845336914, 0.038457393646240234, 0.005704402923583984], 'spike_count': 0, 'zero_volume_count': 0, 'impossible_candle_count': 0, 'consecutive_anomalies': 0, 'avg_response_time': np.float64(0.022706529829237196), 'max_response_time': np.float64(0.10471200942993164), 'min_response_time': np.float64(0.003995656967163086)}
2026-07-28 04:46:05,488 | ERROR    | Error getting future result for EURUSD
Traceback (most recent call last):
  File "C:\Users\BUSOLOVE\AppData\Local\Programs\Python\Python312\Lib\site-packages\pandas\core\indexes\base.py", line 3641, in get_loc
    return self._engine.get_loc(casted_key)
           ^^^^^^^^^^^^^^^^^^^^^^^^^^^^^^^^
  File "pandas/_libs/index.pyx", line 168, in pandas._libs.index.IndexEngine.get_loc
  File "pandas/_libs/index.pyx", line 197, in pandas._libs.index.IndexEngine.get_loc
  File "pandas/_libs/hashtable_class_helper.pxi", line 7668, in pandas._libs.hashtable.PyObjectHashTable.get_item
  File "pandas/_libs/hashtable_class_helper.pxi", line 7676, in pandas._libs.hashtable.PyObjectHashTable.get_item
KeyError: 'zero_volume_detected'

The above exception was the direct cause of the following exception:

Traceback (most recent call last):
  File "E:\BOT_FINALBOT\FINALBOT_Begin\data_feed\data_adapter.py", line 266, in _refresh_m1
    completed = self._anomaly_detector.detect_anomalies(completed, symbol)
                ^^^^^^^^^^^^^^^^^^^^^^^^^^^^^^^^^^^^^^^^^^^^^^^^^^^^^^^^^^
  File "E:\BOT_FINALBOT\FINALBOT_Begin\data_feed\anomaly_detector.py", line 251, in detect_anomalies
  File "E:\BOT_FINALBOT\FINALBOT_Begin\data_feed\anomaly_detector.py", line 164, in detect_zero_volume
    df['zero_volume_detected'] = df['volume'] <= self.anomaly_config["zero_volume_threshold"]
                                ^^^^^^^^^^^^^^^^^^^^^^^^^^
  File "C:\Users\BUSOLOVE\AppData\Local\Programs\Python\Python312\Lib\site-packages\pandas\core\frame.py", line 4378, in __getitem__
    indexer = self.columns.get_loc(key)
              ^^^^^^^^^^^^^^^^^^^^^^^^^
  File "C:\Users\BUSOLOVE\AppData\Local\Programs\Python\Python312\Lib\site-packages\pandas\core\indexes\base.py", line 3648, in get_loc
    raise KeyError(key) from err
KeyError: 'zero_volume_detected'

During handling of the above exception, another exception occurred:

Traceback (most recent call last):
  File "E:\BOT_FINALBOT\FINALBOT_Begin\data_feed\data_adapter.py", line 180, in update
    completed_m1 = self._refresh_m1(symbol, now_naive)
                   ^^^^^^^^^^^^^^^^^^^^^^^^^^^^^^^^^^^
  File "E:\BOT_FINALBOT\FINALBOT_Begin\data_feed\data_adapter.py", line 280, in _refresh_m1
    raise RuntimeError(f"Zero Tolerance: Anomaly detection failed for {symbol}: {e}")
RuntimeError: Zero Tolerance: Anomaly detection failed for EURUSD: 'zero_volume_detected'

During handling of the above exception, another exception occurred:

Traceback (most recent call last):
  File "E:\BOT_FINALBOT\FINALBOT_Begin\runner.py", line 247, in run_cycle
    line_count = sum(1 for _ in f) - 1 # subtract header
         ^^^^^^^^^^^^^^^^^^^^^^^^^
  File "C:\Users\BUSOLOVE\AppData\Local\Programs\Python\Python312\Lib\concurrent\futures\_base.py", line 449, in result
    return self.__get_result()
           ^^^^^^^^^^^^^^^^^^^
  File "C:\Users\BUSOLOVE\AppData\Local\Programs\Python\Python312\Lib\concurrent\futures\_base.py", line 401, in __get_result
    raise self._exception
  File "C:\Users\BUSOLOVE\AppData\Local\Programs\Python\Python312\Lib\concurrent\futures\thread.py", line 58, in run
    result = self.fn(*self.args, **self.kwargs)
             ^^^^^^^^^^^^^^^^^^^^^^^^^^^^^^^^^^
  File "E:\BOT_FINALBOT\FINALBOT_Begin\runner.py", line 154, in fetch_and_save_data
    # ConsoleUI.show_mode_info(mode_str) # Display the dynamically created mode_str
           ^^^^^^^^^^^^^^^^^^^^^^^^^^^^^^^^^^^^^^^^^^^^^^^^^^^^^^^^^^^^^
  File "E:\BOT_FINALBOT\FINALBOT_Begin\data_feed\data_adapter.py", line 237, in update
    raise Exception(f"Zero Tolerance: update failed for {symbol}: {e}")
Exception: Zero Tolerance: update failed for EURUSD: Zero Tolerance: Anomaly detection failed for EURUSD: 'zero_volume_detected'
2026-07-28 04:46:05,496 | INFO     | [CSVWriter] Successfully wrote 251 rows to data_base/csv/iq_option\EURGBP-OTC\EURGBP-OTC_M1.csv
2026-07-28 04:46:05,497 | INFO     | [CSVQueue] Successfully processed write for data_base/csv/iq_option\EURGBP-OTC\EURGBP-OTC_M1.csv
2026-07-28 04:46:05,497 | INFO     | [CSVQueue] Queue size: 0
2026-07-28 04:46:05,508 | WARNING  | [EURUSD-OTC] Insufficient M5 data: has 249, required >=250
2026-07-28 04:46:05,530 | WARNING  | [GBPUSD-OTC] Insufficient M5 data: has 249, required >=250
2026-07-28 04:46:05,547 | WARNING  | [EURGBP-OTC] Insufficient M5 data: has 249, required >=250
2026-07-28 04:47:03,791 | INFO     | [DataAdapter] Starting update for EURUSD
2026-07-28 04:47:03,792 | INFO     | [DataAdapter] Refreshing M1 data for EURUSD
2026-07-28 04:47:03,792 | INFO     | [DataAdapter] Starting update for EURUSD-OTC
2026-07-28 04:47:03,792 | INFO     | [DataAdapter] Refreshing M1 data for EURUSD-OTC
2026-07-28 04:47:03,792 | INFO     | [DataAdapter] Starting update for GBPUSD-OTC
2026-07-28 04:47:03,792 | INFO     | [DataAdapter] Refreshing M1 data for GBPUSD-OTC
2026-07-28 04:47:03,792 | INFO     | [DataAdapter] Starting update for EURGBP-OTC
2026-07-28 04:47:03,793 | INFO     | [DataAdapter] Refreshing M1 data for EURGBP-OTC
2026-07-28 04:47:04,027 | INFO     | [IQOPTION] REST fetch succeeded for EURUSD: 3 candles
2026-07-28 04:47:04,037 | ERROR    | [DataAdapter] Anomaly detection failed for EURUSD: 'zero_volume_detected'
2026-07-28 04:47:04,057 | WARNING  | [DataAdapter] Anomaly detection has failed 16 times
2026-07-28 04:47:04,073 | ERROR    | [DataAdapter] update failed for EURUSD: Zero Tolerance: Anomaly detection failed for EURUSD: 'zero_volume_detected'
2026-07-28 04:47:04,089 | ERROR    | [DataAdapter] Zero Tolerance: stopping immediately - no retry allowed
2026-07-28 04:47:04,291 | INFO     | [IQOPTION] REST fetch succeeded for EURUSD-OTC: 3 candles
2026-07-28 04:47:04,328 | INFO     | [DataAdapter] M1 anomaly detection completed for EURUSD-OTC in 0.029s
2026-07-28 04:47:04,432 | INFO     | [CSVQueue] Enqueuing write for data_base/csv/iq_option\EURUSD-OTC\EURUSD-OTC_M1.csv - Queue size: 0
2026-07-28 04:47:04,446 | INFO     | [DataAdapter] M1 data refresh completed for EURUSD-OTC
2026-07-28 04:47:04,462 | INFO     | [CSVQueue] Processing write for data_base/csv/iq_option\EURUSD-OTC\EURUSD-OTC_M1.csv
2026-07-28 04:47:04,462 | INFO     | [DataAdapter] Refreshing M5 data for EURUSD-OTC
2026-07-28 04:47:04,524 | INFO     | [CSVWriter] Writing 99 rows to data_base/csv/iq_option\EURUSD-OTC\EURUSD-OTC_M1.csv
2026-07-28 04:47:04,561 | INFO     | [IQOPTION] REST fetch succeeded for GBPUSD-OTC: 3 candles
2026-07-28 04:47:04,590 | INFO     | [DataAdapter] M5 anomaly detection completed for EURUSD-OTC
2026-07-28 04:47:04,590 | INFO     | [DataAdapter] M5 data refresh completed for EURUSD-OTC
2026-07-28 04:47:04,593 | INFO     | [DataAdapter] Refreshing M15 data for EURUSD-OTC
2026-07-28 04:47:04,600 | INFO     | [DataAdapter] M15 anomaly detection completed for EURUSD-OTC
2026-07-28 04:47:04,617 | INFO     | [DataAdapter] M15 data refresh completed for EURUSD-OTC
2026-07-28 04:47:04,637 | INFO     | [DataAdapter] Anomaly statistics for EURUSD-OTC: {'total_calls': 46, 'response_times': [0.02145075798034668, 0.10471200942993164, 0.007309675216674805, 0.018657684326171875, 0.01887226104736328, 0.006983041763305664, 0.004004001617431641, 0.0220029354095459, 0.006006479263305664, 0.023992061614990234, 0.015256643295288086, 0.01735067367553711, 0.004994630813598633, 0.021934986114501953, 0.005619049072265625, 0.035033464431762695, 0.006001949310302734, 0.006520271301269531, 0.02697277069091797, 0.016711950302124023, 0.005271196365356445, 0.016228675842285156, 0.02753138542175293, 0.004999637603759766, 0.021409988403320312, 0.02869892120361328, 0.01605534553527832, 0.04432225227355957, 0.06401300430297852, 0.014222145080566406, 0.01451730728149414, 0.07481217384338379, 0.004004716873168945, 0.03155231475830078, 0.045015811920166016, 0.003995656967163086, 0.006994962692260742, 0.06387495994567871, 0.004507780075073242, 0.013079166412353516, 0.03264164924621582, 0.035497188568115234, 0.01399850845336914, 0.038457393646240234, 0.005704402923583984, 0.029459238052368164], 'spike_count': 0, 'zero_volume_count': 0, 'impossible_candle_count': 0, 'consecutive_anomalies': 0, 'avg_response_time': np.float64(0.022853327834087868), 'max_response_time': np.float64(0.10471200942993164), 'min_response_time': np.float64(0.003995656967163086)}
2026-07-28 04:47:04,670 | INFO     | [DataAdapter] M1 anomaly detection completed for GBPUSD-OTC in 0.032s
2026-07-28 04:47:04,804 | INFO     | [CSVQueue] Enqueuing write for data_base/csv/iq_option\GBPUSD-OTC\GBPUSD-OTC_M1.csv - Queue size: 0
2026-07-28 04:47:04,818 | INFO     | [DataAdapter] M1 data refresh completed for GBPUSD-OTC
2026-07-28 04:47:04,819 | INFO     | [DataAdapter] Refreshing M5 data for GBPUSD-OTC
2026-07-28 04:47:04,819 | INFO     | [IQOPTION] REST fetch succeeded for EURGBP-OTC: 3 candles
2026-07-28 04:47:04,825 | WARNING  | [CSVWriter] os.replace failed (attempt 1/5) for data_base/csv/iq_option\EURUSD-OTC\EURUSD-OTC_M1.csv: [WinError 5] Access is denied: 'data_base/csv/iq_option\\EURUSD-OTC\\EURUSD-OTC_M1.csv.tmp' -> 'data_base/csv/iq_option\\EURUSD-OTC\\EURUSD-OTC_M1.csv'. Retrying in 0.10s...
2026-07-28 04:47:04,831 | INFO     | [DataAdapter] M5 anomaly detection completed for GBPUSD-OTC
2026-07-28 04:47:04,835 | INFO     | [DataAdapter] M5 data refresh completed for GBPUSD-OTC
2026-07-28 04:47:04,836 | INFO     | [DataAdapter] Refreshing M15 data for GBPUSD-OTC
2026-07-28 04:47:04,841 | INFO     | [DataAdapter] M1 anomaly detection completed for EURGBP-OTC in 0.006s
2026-07-28 04:47:04,848 | INFO     | [DataAdapter] M15 anomaly detection completed for GBPUSD-OTC
2026-07-28 04:47:04,852 | INFO     | [DataAdapter] M15 data refresh completed for GBPUSD-OTC
2026-07-28 04:47:04,852 | INFO     | [DataAdapter] Anomaly statistics for GBPUSD-OTC: {'total_calls': 48, 'response_times': [0.02145075798034668, 0.10471200942993164, 0.007309675216674805, 0.018657684326171875, 0.01887226104736328, 0.006983041763305664, 0.004004001617431641, 0.0220029354095459, 0.006006479263305664, 0.023992061614990234, 0.015256643295288086, 0.01735067367553711, 0.004994630813598633, 0.021934986114501953, 0.005619049072265625, 0.035033464431762695, 0.006001949310302734, 0.006520271301269531, 0.02697277069091797, 0.016711950302124023, 0.005271196365356445, 0.016228675842285156, 0.02753138542175293, 0.004999637603759766, 0.021409988403320312, 0.02869892120361328, 0.01605534553527832, 0.04432225227355957, 0.06401300430297852, 0.014222145080566406, 0.01451730728149414, 0.07481217384338379, 0.004004716873168945, 0.03155231475830078, 0.045015811920166016, 0.003995656967163086, 0.006994962692260742, 0.06387495994567871, 0.004507780075073242, 0.013079166412353516, 0.03264164924621582, 0.035497188568115234, 0.01399850845336914, 0.038457393646240234, 0.005704402923583984, 0.029459238052368164, 0.032134056091308594, 0.006096363067626953], 'spike_count': 0, 'zero_volume_count': 0, 'impossible_candle_count': 0, 'consecutive_anomalies': 0, 'avg_response_time': np.float64(0.02269757290681203), 'max_response_time': np.float64(0.10471200942993164), 'min_response_time': np.float64(0.003995656967163086)}
2026-07-28 04:47:04,853 | INFO     | [CSVQueue] Enqueuing write for data_base/csv/iq_option\EURGBP-OTC\EURGBP-OTC_M1.csv - Queue size: 1
2026-07-28 04:47:04,853 | INFO     | [DataAdapter] M1 data refresh completed for EURGBP-OTC
2026-07-28 04:47:04,853 | INFO     | [DataAdapter] Refreshing M5 data for EURGBP-OTC
2026-07-28 04:47:04,858 | INFO     | [DataAdapter] M5 anomaly detection completed for EURGBP-OTC
2026-07-28 04:47:04,859 | INFO     | [DataAdapter] M5 data refresh completed for EURGBP-OTC
2026-07-28 04:47:04,859 | INFO     | [DataAdapter] Refreshing M15 data for EURGBP-OTC
2026-07-28 04:47:04,867 | INFO     | [DataAdapter] M15 anomaly detection completed for EURGBP-OTC
2026-07-28 04:47:04,867 | INFO     | [DataAdapter] M15 data refresh completed for EURGBP-OTC
2026-07-28 04:47:04,867 | INFO     | [DataAdapter] Anomaly statistics for EURGBP-OTC: {'total_calls': 48, 'response_times': [0.02145075798034668, 0.10471200942993164, 0.007309675216674805, 0.018657684326171875, 0.01887226104736328, 0.006983041763305664, 0.004004001617431641, 0.0220029354095459, 0.006006479263305664, 0.023992061614990234, 0.015256643295288086, 0.01735067367553711, 0.004994630813598633, 0.021934986114501953, 0.005619049072265625, 0.035033464431762695, 0.006001949310302734, 0.006520271301269531, 0.02697277069091797, 0.016711950302124023, 0.005271196365356445, 0.016228675842285156, 0.02753138542175293, 0.004999637603759766, 0.021409988403320312, 0.02869892120361328, 0.01605534553527832, 0.04432225227355957, 0.06401300430297852, 0.014222145080566406, 0.01451730728149414, 0.07481217384338379, 0.004004716873168945, 0.03155231475830078, 0.045015811920166016, 0.003995656967163086, 0.006994962692260742, 0.06387495994567871, 0.004507780075073242, 0.013079166412353516, 0.03264164924621582, 0.035497188568115234, 0.01399850845336914, 0.038457393646240234, 0.005704402923583984, 0.029459238052368164, 0.032134056091308594, 0.006096363067626953], 'spike_count': 0, 'zero_volume_count': 0, 'impossible_candle_count': 0, 'consecutive_anomalies': 0, 'avg_response_time': np.float64(0.02269757290681203), 'max_response_time': np.float64(0.10471200942993164), 'min_response_time': np.float64(0.003995656967163086)}
2026-07-28 04:47:04,868 | ERROR    | Error getting future result for EURUSD
Traceback (most recent call last):
  File "C:\Users\BUSOLOVE\AppData\Local\Programs\Python\Python312\Lib\site-packages\pandas\core\indexes\base.py", line 3641, in get_loc
    return self._engine.get_loc(casted_key)
           ^^^^^^^^^^^^^^^^^^^^^^^^^^^^^^^^
  File "pandas/_libs/index.pyx", line 168, in pandas._libs.index.IndexEngine.get_loc
  File "pandas/_libs/index.pyx", line 197, in pandas._libs.index.IndexEngine.get_loc
  File "pandas/_libs/hashtable_class_helper.pxi", line 7668, in pandas._libs.hashtable.PyObjectHashTable.get_item
  File "pandas/_libs/hashtable_class_helper.pxi", line 7676, in pandas._libs.hashtable.PyObjectHashTable.get_item
KeyError: 'zero_volume_detected'

The above exception was the direct cause of the following exception:

Traceback (most recent call last):
  File "E:\BOT_FINALBOT\FINALBOT_Begin\data_feed\data_adapter.py", line 266, in _refresh_m1
    completed = self._anomaly_detector.detect_anomalies(completed, symbol)
                ^^^^^^^^^^^^^^^^^^^^^^^^^^^^^^^^^^^^^^^^^^^^^^^^^^^^^^^^^^
  File "E:\BOT_FINALBOT\FINALBOT_Begin\data_feed\anomaly_detector.py", line 251, in detect_anomalies
  File "E:\BOT_FINALBOT\FINALBOT_Begin\data_feed\anomaly_detector.py", line 164, in detect_zero_volume
    df['zero_volume_detected'] = df['volume'] <= self.anomaly_config["zero_volume_threshold"]
                                ^^^^^^^^^^^^^^^^^^^^^^^^^^
  File "C:\Users\BUSOLOVE\AppData\Local\Programs\Python\Python312\Lib\site-packages\pandas\core\frame.py", line 4378, in __getitem__
    indexer = self.columns.get_loc(key)
              ^^^^^^^^^^^^^^^^^^^^^^^^^
  File "C:\Users\BUSOLOVE\AppData\Local\Programs\Python\Python312\Lib\site-packages\pandas\core\indexes\base.py", line 3648, in get_loc
    raise KeyError(key) from err
KeyError: 'zero_volume_detected'

During handling of the above exception, another exception occurred:

Traceback (most recent call last):
  File "E:\BOT_FINALBOT\FINALBOT_Begin\data_feed\data_adapter.py", line 180, in update
    completed_m1 = self._refresh_m1(symbol, now_naive)
                   ^^^^^^^^^^^^^^^^^^^^^^^^^^^^^^^^^^^
  File "E:\BOT_FINALBOT\FINALBOT_Begin\data_feed\data_adapter.py", line 280, in _refresh_m1
    raise RuntimeError(f"Zero Tolerance: Anomaly detection failed for {symbol}: {e}")
RuntimeError: Zero Tolerance: Anomaly detection failed for EURUSD: 'zero_volume_detected'

During handling of the above exception, another exception occurred:

Traceback (most recent call last):
  File "E:\BOT_FINALBOT\FINALBOT_Begin\runner.py", line 247, in run_cycle
    line_count = sum(1 for _ in f) - 1 # subtract header
         ^^^^^^^^^^^^^^^^^^^^^^^^^
  File "C:\Users\BUSOLOVE\AppData\Local\Programs\Python\Python312\Lib\concurrent\futures\_base.py", line 449, in result
    return self.__get_result()
           ^^^^^^^^^^^^^^^^^^^
  File "C:\Users\BUSOLOVE\AppData\Local\Programs\Python\Python312\Lib\concurrent\futures\_base.py", line 401, in __get_result
    raise self._exception
  File "C:\Users\BUSOLOVE\AppData\Local\Programs\Python\Python312\Lib\concurrent\futures\thread.py", line 58, in run
    result = self.fn(*self.args, **self.kwargs)
             ^^^^^^^^^^^^^^^^^^^^^^^^^^^^^^^^^^
  File "E:\BOT_FINALBOT\FINALBOT_Begin\runner.py", line 154, in fetch_and_save_data
    # ConsoleUI.show_mode_info(mode_str) # Display the dynamically created mode_str
           ^^^^^^^^^^^^^^^^^^^^^^^^^^^^^^^^^^^^^^^^^^^^^^^^^^^^^^^^^^^^^
  File "E:\BOT_FINALBOT\FINALBOT_Begin\data_feed\data_adapter.py", line 237, in update
    raise Exception(f"Zero Tolerance: update failed for {symbol}: {e}")
Exception: Zero Tolerance: update failed for EURUSD: Zero Tolerance: Anomaly detection failed for EURUSD: 'zero_volume_detected'
2026-07-28 04:47:04,926 | WARNING  | [CSVWriter] os.replace failed (attempt 2/5) for data_base/csv/iq_option\EURUSD-OTC\EURUSD-OTC_M1.csv: [WinError 2] The system cannot find the file specified: 'data_base/csv/iq_option\\EURUSD-OTC\\EURUSD-OTC_M1.csv.tmp' -> 'data_base/csv/iq_option\\EURUSD-OTC\\EURUSD-OTC_M1.csv'. Retrying in 0.20s...
2026-07-28 04:47:05,127 | WARNING  | [CSVWriter] os.replace failed (attempt 3/5) for data_base/csv/iq_option\EURUSD-OTC\EURUSD-OTC_M1.csv: [WinError 2] The system cannot find the file specified: 'data_base/csv/iq_option\\EURUSD-OTC\\EURUSD-OTC_M1.csv.tmp' -> 'data_base/csv/iq_option\\EURUSD-OTC\\EURUSD-OTC_M1.csv'. Retrying in 0.40s...
2026-07-28 04:47:05,527 | WARNING  | [CSVWriter] os.replace failed (attempt 4/5) for data_base/csv/iq_option\EURUSD-OTC\EURUSD-OTC_M1.csv: [WinError 2] The system cannot find the file specified: 'data_base/csv/iq_option\\EURUSD-OTC\\EURUSD-OTC_M1.csv.tmp' -> 'data_base/csv/iq_option\\EURUSD-OTC\\EURUSD-OTC_M1.csv'. Retrying in 0.80s...
2026-07-28 04:47:06,328 | ERROR    | [CSVWriter] os.replace failed after 5 attempts for data_base/csv/iq_option\EURUSD-OTC\EURUSD-OTC_M1.csv
2026-07-28 04:47:06,329 | ERROR    | [CSVWriter] Exception during os.replace(data_base/csv/iq_option\EURUSD-OTC\EURUSD-OTC_M1.csv.tmp, data_base/csv/iq_option\EURUSD-OTC\EURUSD-OTC_M1.csv)
Traceback (most recent call last):
  File "E:\BOT_FINALBOT\FINALBOT_Begin\data_feed\csv_writer.py", line 125, in write
    os.replace(tmp_path, file_path)
FileNotFoundError: [WinError 2] The system cannot find the file specified: 'data_base/csv/iq_option\\EURUSD-OTC\\EURUSD-OTC_M1.csv.tmp' -> 'data_base/csv/iq_option\\EURUSD-OTC\\EURUSD-OTC_M1.csv'
2026-07-28 04:47:06,329 | ERROR    | [CSVWriter] Failed to write to data_base/csv/iq_option\EURUSD-OTC\EURUSD-OTC_M1.csv: [WinError 2] The system cannot find the file specified: 'data_base/csv/iq_option\\EURUSD-OTC\\EURUSD-OTC_M1.csv.tmp' -> 'data_base/csv/iq_option\\EURUSD-OTC\\EURUSD-OTC_M1.csv'
2026-07-28 04:47:06,329 | ERROR    | [CSVQueue] Asynchronous write failed for data_base/csv/iq_option\EURUSD-OTC\EURUSD-OTC_M1.csv: [WinError 2] The system cannot find the file specified: 'data_base/csv/iq_option\\EURUSD-OTC\\EURUSD-OTC_M1.csv.tmp' -> 'data_base/csv/iq_option\\EURUSD-OTC\\EURUSD-OTC_M1.csv'
2026-07-28 04:47:06,329 | ERROR    | [CSVQueue] Error details: FileNotFoundError: [WinError 2] The system cannot find the file specified: 'data_base/csv/iq_option\\EURUSD-OTC\\EURUSD-OTC_M1.csv.tmp' -> 'data_base/csv/iq_option\\EURUSD-OTC\\EURUSD-OTC_M1.csv'
2026-07-28 04:47:06,329 | ERROR    | [CSVQueue] Total errors: 2
2026-07-28 04:47:06,329 | INFO     | [CSVQueue] Processing write for data_base/csv/iq_option\GBPUSD-OTC\GBPUSD-OTC_M1.csv
2026-07-28 04:47:06,330 | INFO     | [CSVWriter] Writing 99 rows to data_base/csv/iq_option\GBPUSD-OTC\GBPUSD-OTC_M1.csv
2026-07-28 04:47:06,334 | WARNING  | [EURUSD-OTC] Insufficient M5 data: has 249, required >=250
2026-07-28 04:47:06,337 | INFO     | [CSVWriter] Successfully wrote 252 rows to data_base/csv/iq_option\GBPUSD-OTC\GBPUSD-OTC_M1.csv
2026-07-28 04:47:06,337 | INFO     | [CSVQueue] Successfully processed write for data_base/csv/iq_option\GBPUSD-OTC\GBPUSD-OTC_M1.csv
2026-07-28 04:47:06,337 | INFO     | [CSVQueue] Processing write for data_base/csv/iq_option\EURGBP-OTC\EURGBP-OTC_M1.csv
2026-07-28 04:47:06,337 | INFO     | [CSVWriter] Writing 99 rows to data_base/csv/iq_option\EURGBP-OTC\EURGBP-OTC_M1.csv
2026-07-28 04:47:06,346 | INFO     | [CSVWriter] Successfully wrote 252 rows to data_base/csv/iq_option\EURGBP-OTC\EURGBP-OTC_M1.csv
2026-07-28 04:47:06,346 | INFO     | [CSVQueue] Successfully processed write for data_base/csv/iq_option\EURGBP-OTC\EURGBP-OTC_M1.csv
2026-07-28 04:47:06,346 | INFO     | [CSVQueue] Queue size: 0
2026-07-28 04:47:06,348 | WARNING  | [GBPUSD-OTC] Insufficient M5 data: has 249, required >=250
2026-07-28 04:47:06,357 | WARNING  | [EURGBP-OTC] Insufficient M5 data: has 249, required >=250
2026-07-28 04:48:03,606 | INFO     | [DataAdapter] Starting update for EURUSD
2026-07-28 04:48:03,607 | INFO     | [DataAdapter] Refreshing M1 data for EURUSD
2026-07-28 04:48:03,607 | INFO     | [DataAdapter] Starting update for EURUSD-OTC
2026-07-28 04:48:03,607 | INFO     | [DataAdapter] Refreshing M1 data for EURUSD-OTC
2026-07-28 04:48:03,607 | INFO     | [DataAdapter] Starting update for GBPUSD-OTC
2026-07-28 04:48:03,607 | INFO     | [DataAdapter] Refreshing M1 data for GBPUSD-OTC
2026-07-28 04:48:03,607 | INFO     | [DataAdapter] Starting update for EURGBP-OTC
2026-07-28 04:48:03,608 | INFO     | [DataAdapter] Refreshing M1 data for EURGBP-OTC
2026-07-28 04:48:03,919 | INFO     | [IQOPTION] REST fetch succeeded for EURUSD: 3 candles
2026-07-28 04:48:03,998 | ERROR    | [DataAdapter] Anomaly detection failed for EURUSD: 'zero_volume_detected'
2026-07-28 04:48:04,012 | WARNING  | [DataAdapter] Anomaly detection has failed 17 times
2026-07-28 04:48:04,028 | ERROR    | [DataAdapter] update failed for EURUSD: Zero Tolerance: Anomaly detection failed for EURUSD: 'zero_volume_detected'
2026-07-28 04:48:04,058 | ERROR    | [DataAdapter] Zero Tolerance: stopping immediately - no retry allowed
2026-07-28 04:48:04,198 | INFO     | [IQOPTION] REST fetch succeeded for EURUSD-OTC: 3 candles
2026-07-28 04:48:04,252 | INFO     | [DataAdapter] M1 anomaly detection completed for EURUSD-OTC in 0.029s
2026-07-28 04:48:04,355 | INFO     | [CSVQueue] Enqueuing write for data_base/csv/iq_option\EURUSD-OTC\EURUSD-OTC_M1.csv - Queue size: 0
2026-07-28 04:48:04,371 | INFO     | [DataAdapter] M1 data refresh completed for EURUSD-OTC
2026-07-28 04:48:04,387 | INFO     | [CSVQueue] Processing write for data_base/csv/iq_option\EURUSD-OTC\EURUSD-OTC_M1.csv
2026-07-28 04:48:04,403 | INFO     | [DataAdapter] Refreshing M5 data for EURUSD-OTC
2026-07-28 04:48:04,419 | INFO     | [CSVWriter] Writing 99 rows to data_base/csv/iq_option\EURUSD-OTC\EURUSD-OTC_M1.csv
2026-07-28 04:48:04,474 | INFO     | [DataAdapter] M5 anomaly detection completed for EURUSD-OTC
2026-07-28 04:48:04,474 | INFO     | [IQOPTION] REST fetch succeeded for GBPUSD-OTC: 3 candles
2026-07-28 04:48:04,498 | INFO     | [DataAdapter] M5 data refresh completed for EURUSD-OTC
2026-07-28 04:48:04,613 | INFO     | [DataAdapter] M1 anomaly detection completed for GBPUSD-OTC in 0.019s
2026-07-28 04:48:04,613 | INFO     | [DataAdapter] Refreshing M15 data for EURUSD-OTC
2026-07-28 04:48:04,725 | INFO     | [DataAdapter] M15 anomaly detection completed for EURUSD-OTC
2026-07-28 04:48:04,725 | INFO     | [DataAdapter] M15 data refresh completed for EURUSD-OTC
2026-07-28 04:48:04,725 | INFO     | [DataAdapter] Anomaly statistics for EURUSD-OTC: {'total_calls': 50, 'response_times': [0.02145075798034668, 0.10471200942993164, 0.007309675216674805, 0.018657684326171875, 0.01887226104736328, 0.006983041763305664, 0.004004001617431641, 0.0220029354095459, 0.006006479263305664, 0.023992061614990234, 0.015256643295288086, 0.01735067367553711, 0.004994630813598633, 0.021934986114501953, 0.005619049072265625, 0.035033464431762695, 0.006001949310302734, 0.006520271301269531, 0.02697277069091797, 0.016711950302124023, 0.005271196365356445, 0.016228675842285156, 0.02753138542175293, 0.004999637603759766, 0.021409988403320312, 0.02869892120361328, 0.01605534553527832, 0.04432225227355957, 0.06401300430297852, 0.014222145080566406, 0.01451730728149414, 0.07481217384338379, 0.004004716873168945, 0.03155231475830078, 0.045015811920166016, 0.003995656967163086, 0.006994962692260742, 0.06387495994567871, 0.004507780075073242, 0.013079166412353516, 0.03264164924621582, 0.035497188568115234, 0.01399850845336914, 0.038457393646240234, 0.005704402923583984, 0.029459238052368164, 0.032134056091308594, 0.006096363067626953, 0.02852487564086914, 0.018837451934814453], 'spike_count': 0, 'zero_volume_count': 0, 'impossible_candle_count': 0, 'consecutive_anomalies': 0, 'avg_response_time': np.float64(0.02273691654205322), 'max_response_time': np.float64(0.10471200942993164), 'min_response_time': np.float64(0.003995656967163086)}
2026-07-28 04:48:04,728 | INFO     | [CSVQueue] Enqueuing write for data_base/csv/iq_option\GBPUSD-OTC\GBPUSD-OTC_M1.csv - Queue size: 0
2026-07-28 04:48:04,728 | INFO     | [IQOPTION] REST fetch succeeded for EURGBP-OTC: 3 candles
2026-07-28 04:48:04,729 | INFO     | [DataAdapter] M1 data refresh completed for GBPUSD-OTC
2026-07-28 04:48:04,738 | INFO     | [DataAdapter] Refreshing M5 data for GBPUSD-OTC
2026-07-28 04:48:04,739 | INFO     | [CSVWriter] Successfully wrote 253 rows to data_base/csv/iq_option\EURUSD-OTC\EURUSD-OTC_M1.csv
2026-07-28 04:48:04,740 | INFO     | [CSVQueue] Successfully processed write for data_base/csv/iq_option\EURUSD-OTC\EURUSD-OTC_M1.csv
2026-07-28 04:48:04,740 | INFO     | [CSVQueue] Processing write for data_base/csv/iq_option\GBPUSD-OTC\GBPUSD-OTC_M1.csv
2026-07-28 04:48:04,741 | INFO     | [CSVWriter] Writing 99 rows to data_base/csv/iq_option\GBPUSD-OTC\GBPUSD-OTC_M1.csv
2026-07-28 04:48:04,745 | INFO     | [DataAdapter] M5 anomaly detection completed for GBPUSD-OTC
2026-07-28 04:48:04,752 | INFO     | [DataAdapter] M1 anomaly detection completed for EURGBP-OTC in 0.015s
2026-07-28 04:48:04,752 | INFO     | [DataAdapter] M5 data refresh completed for GBPUSD-OTC
2026-07-28 04:48:04,754 | INFO     | [DataAdapter] Refreshing M15 data for GBPUSD-OTC
2026-07-28 04:48:04,759 | INFO     | [DataAdapter] M15 anomaly detection completed for GBPUSD-OTC
2026-07-28 04:48:04,760 | INFO     | [DataAdapter] M15 data refresh completed for GBPUSD-OTC
2026-07-28 04:48:04,760 | INFO     | [DataAdapter] Anomaly statistics for GBPUSD-OTC: {'total_calls': 51, 'response_times': [0.02145075798034668, 0.10471200942993164, 0.007309675216674805, 0.018657684326171875, 0.01887226104736328, 0.006983041763305664, 0.004004001617431641, 0.0220029354095459, 0.006006479263305664, 0.023992061614990234, 0.015256643295288086, 0.01735067367553711, 0.004994630813598633, 0.021934986114501953, 0.005619049072265625, 0.035033464431762695, 0.006001949310302734, 0.006520271301269531, 0.02697277069091797, 0.016711950302124023, 0.005271196365356445, 0.016228675842285156, 0.02753138542175293, 0.004999637603759766, 0.021409988403320312, 0.02869892120361328, 0.01605534553527832, 0.04432225227355957, 0.06401300430297852, 0.014222145080566406, 0.01451730728149414, 0.07481217384338379, 0.004004716873168945, 0.03155231475830078, 0.045015811920166016, 0.003995656967163086, 0.006994962692260742, 0.06387495994567871, 0.004507780075073242, 0.013079166412353516, 0.03264164924621582, 0.035497188568115234, 0.01399850845336914, 0.038457393646240234, 0.005704402923583984, 0.029459238052368164, 0.032134056091308594, 0.006096363067626953, 0.02852487564086914, 0.018837451934814453, 0.01452493667602539], 'spike_count': 0, 'zero_volume_count': 0, 'impossible_candle_count': 0, 'consecutive_anomalies': 0, 'avg_response_time': np.float64(0.022575897328993854), 'max_response_time': np.float64(0.10471200942993164), 'min_response_time': np.float64(0.003995656967163086)}
2026-07-28 04:48:04,760 | INFO     | [CSVQueue] Enqueuing write for data_base/csv/iq_option\EURGBP-OTC\EURGBP-OTC_M1.csv - Queue size: 0
2026-07-28 04:48:04,761 | INFO     | [DataAdapter] M1 data refresh completed for EURGBP-OTC
2026-07-28 04:48:04,761 | INFO     | [DataAdapter] Refreshing M5 data for EURGBP-OTC
2026-07-28 04:48:04,767 | INFO     | [DataAdapter] M5 anomaly detection completed for EURGBP-OTC
2026-07-28 04:48:04,767 | INFO     | [DataAdapter] M5 data refresh completed for EURGBP-OTC
2026-07-28 04:48:04,767 | INFO     | [DataAdapter] Refreshing M15 data for EURGBP-OTC
2026-07-28 04:48:04,777 | INFO     | [DataAdapter] M15 anomaly detection completed for EURGBP-OTC
2026-07-28 04:48:04,777 | INFO     | [DataAdapter] M15 data refresh completed for EURGBP-OTC
2026-07-28 04:48:04,778 | INFO     | [DataAdapter] Anomaly statistics for EURGBP-OTC: {'total_calls': 51, 'response_times': [0.02145075798034668, 0.10471200942993164, 0.007309675216674805, 0.018657684326171875, 0.01887226104736328, 0.006983041763305664, 0.004004001617431641, 0.0220029354095459, 0.006006479263305664, 0.023992061614990234, 0.015256643295288086, 0.01735067367553711, 0.004994630813598633, 0.021934986114501953, 0.005619049072265625, 0.035033464431762695, 0.006001949310302734, 0.006520271301269531, 0.02697277069091797, 0.016711950302124023, 0.005271196365356445, 0.016228675842285156, 0.02753138542175293, 0.004999637603759766, 0.021409988403320312, 0.02869892120361328, 0.01605534553527832, 0.04432225227355957, 0.06401300430297852, 0.014222145080566406, 0.01451730728149414, 0.07481217384338379, 0.004004716873168945, 0.03155231475830078, 0.045015811920166016, 0.003995656967163086, 0.006994962692260742, 0.06387495994567871, 0.004507780075073242, 0.013079166412353516, 0.03264164924621582, 0.035497188568115234, 0.01399850845336914, 0.038457393646240234, 0.005704402923583984, 0.029459238052368164, 0.032134056091308594, 0.006096363067626953, 0.02852487564086914, 0.018837451934814453, 0.01452493667602539], 'spike_count': 0, 'zero_volume_count': 0, 'impossible_candle_count': 0, 'consecutive_anomalies': 0, 'avg_response_time': np.float64(0.022575897328993854), 'max_response_time': np.float64(0.10471200942993164), 'min_response_time': np.float64(0.003995656967163086)}
2026-07-28 04:48:04,781 | ERROR    | Error getting future result for EURUSD
Traceback (most recent call last):
  File "C:\Users\BUSOLOVE\AppData\Local\Programs\Python\Python312\Lib\site-packages\pandas\core\indexes\base.py", line 3641, in get_loc
    return self._engine.get_loc(casted_key)
           ^^^^^^^^^^^^^^^^^^^^^^^^^^^^^^^^
  File "pandas/_libs/index.pyx", line 168, in pandas._libs.index.IndexEngine.get_loc
  File "pandas/_libs/index.pyx", line 197, in pandas._libs.index.IndexEngine.get_loc
  File "pandas/_libs/hashtable_class_helper.pxi", line 7668, in pandas._libs.hashtable.PyObjectHashTable.get_item
  File "pandas/_libs/hashtable_class_helper.pxi", line 7676, in pandas._libs.hashtable.PyObjectHashTable.get_item
KeyError: 'zero_volume_detected'

The above exception was the direct cause of the following exception:

Traceback (most recent call last):
  File "E:\BOT_FINALBOT\FINALBOT_Begin\data_feed\data_adapter.py", line 266, in _refresh_m1
    completed = self._anomaly_detector.detect_anomalies(completed, symbol)
                ^^^^^^^^^^^^^^^^^^^^^^^^^^^^^^^^^^^^^^^^^^^^^^^^^^^^^^^^^^
  File "E:\BOT_FINALBOT\FINALBOT_Begin\data_feed\anomaly_detector.py", line 251, in detect_anomalies
  File "E:\BOT_FINALBOT\FINALBOT_Begin\data_feed\anomaly_detector.py", line 164, in detect_zero_volume
    df['zero_volume_detected'] = df['volume'] <= self.anomaly_config["zero_volume_threshold"]
                                ^^^^^^^^^^^^^^^^^^^^^^^^^^
  File "C:\Users\BUSOLOVE\AppData\Local\Programs\Python\Python312\Lib\site-packages\pandas\core\frame.py", line 4378, in __getitem__
    indexer = self.columns.get_loc(key)
              ^^^^^^^^^^^^^^^^^^^^^^^^^
  File "C:\Users\BUSOLOVE\AppData\Local\Programs\Python\Python312\Lib\site-packages\pandas\core\indexes\base.py", line 3648, in get_loc
    raise KeyError(key) from err
KeyError: 'zero_volume_detected'

During handling of the above exception, another exception occurred:

Traceback (most recent call last):
  File "E:\BOT_FINALBOT\FINALBOT_Begin\data_feed\data_adapter.py", line 180, in update
    completed_m1 = self._refresh_m1(symbol, now_naive)
                   ^^^^^^^^^^^^^^^^^^^^^^^^^^^^^^^^^^^
  File "E:\BOT_FINALBOT\FINALBOT_Begin\data_feed\data_adapter.py", line 280, in _refresh_m1
    raise RuntimeError(f"Zero Tolerance: Anomaly detection failed for {symbol}: {e}")
RuntimeError: Zero Tolerance: Anomaly detection failed for EURUSD: 'zero_volume_detected'

During handling of the above exception, another exception occurred:

Traceback (most recent call last):
  File "E:\BOT_FINALBOT\FINALBOT_Begin\runner.py", line 247, in run_cycle
    line_count = sum(1 for _ in f) - 1 # subtract header
         ^^^^^^^^^^^^^^^^^^^^^^^^^
  File "C:\Users\BUSOLOVE\AppData\Local\Programs\Python\Python312\Lib\concurrent\futures\_base.py", line 449, in result
    return self.__get_result()
           ^^^^^^^^^^^^^^^^^^^
  File "C:\Users\BUSOLOVE\AppData\Local\Programs\Python\Python312\Lib\concurrent\futures\_base.py", line 401, in __get_result
    raise self._exception
  File "C:\Users\BUSOLOVE\AppData\Local\Programs\Python\Python312\Lib\concurrent\futures\thread.py", line 58, in run
    result = self.fn(*self.args, **self.kwargs)
             ^^^^^^^^^^^^^^^^^^^^^^^^^^^^^^^^^^
  File "E:\BOT_FINALBOT\FINALBOT_Begin\runner.py", line 154, in fetch_and_save_data
    # ConsoleUI.show_mode_info(mode_str) # Display the dynamically created mode_str
           ^^^^^^^^^^^^^^^^^^^^^^^^^^^^^^^^^^^^^^^^^^^^^^^^^^^^^^^^^^^^^
  File "E:\BOT_FINALBOT\FINALBOT_Begin\data_feed\data_adapter.py", line 237, in update
    raise Exception(f"Zero Tolerance: update failed for {symbol}: {e}")
Exception: Zero Tolerance: update failed for EURUSD: Zero Tolerance: Anomaly detection failed for EURUSD: 'zero_volume_detected'
2026-07-28 04:48:04,783 | INFO     | [CSVWriter] Successfully wrote 253 rows to data_base/csv/iq_option\GBPUSD-OTC\GBPUSD-OTC_M1.csv
2026-07-28 04:48:04,784 | INFO     | [CSVQueue] Successfully processed write for data_base/csv/iq_option\GBPUSD-OTC\GBPUSD-OTC_M1.csv
2026-07-28 04:48:04,784 | INFO     | [CSVQueue] Processing write for data_base/csv/iq_option\EURGBP-OTC\EURGBP-OTC_M1.csv
2026-07-28 04:48:04,784 | INFO     | [CSVWriter] Writing 99 rows to data_base/csv/iq_option\EURGBP-OTC\EURGBP-OTC_M1.csv
2026-07-28 04:48:04,793 | WARNING  | [EURUSD-OTC] Insufficient M5 data: has 249, required >=250
2026-07-28 04:48:04,793 | INFO     | [CSVWriter] Successfully wrote 253 rows to data_base/csv/iq_option\EURGBP-OTC\EURGBP-OTC_M1.csv
2026-07-28 04:48:04,793 | INFO     | [CSVQueue] Successfully processed write for data_base/csv/iq_option\EURGBP-OTC\EURGBP-OTC_M1.csv
2026-07-28 04:48:04,793 | INFO     | [CSVQueue] Queue size: 0
2026-07-28 04:48:04,807 | WARNING  | [GBPUSD-OTC] Insufficient M5 data: has 249, required >=250
2026-07-28 04:48:04,819 | WARNING  | [EURGBP-OTC] Insufficient M5 data: has 249, required >=250
2026-07-28 04:49:03,876 | ERROR    | Connection is already closed.
