2026-07-28 04:56:12,172 | INFO     | [NEWS] Calendar file for today (2026-07-28) already exists.
2026-07-28 04:56:12,389 | INFO     | MarketStateClassifier initialised
2026-07-28 04:56:12,445 | INFO     | กำลังเชื่อมต่อโบรกเกอร์  | IQ Option
2026-07-28 04:56:12,445 | INFO     | [IQOPTION] Initialized with Zero Tolerance compliance
2026-07-28 04:56:12,513 | INFO     | Using stable_api.IQ_Option class
2026-07-28 04:56:12,513 | INFO     | [CONN] Connecting to IQ Option (DEMO) as venuz20152565@gmail.com...
2026-07-28 04:56:12,513 | INFO     | [CONN] API created, attempting to connect...
2026-07-28 04:56:14,484 | INFO     | [CONN] IQ Option connected (REAL MONEY)
2026-07-28 04:56:14,501 | INFO     | เชื่อมต่อ IQ Option สำเร็จ
2026-07-28 04:56:14,502 | INFO     | [CSVManager] Initialized with base_dir: data_base/csv/iq_option
2026-07-28 04:56:14,502 | INFO     | [CSVWriter] Initialized with encoding: utf-8, decimals: 6
2026-07-28 04:56:14,502 | INFO     | [CSVQueue] Initialized with 1 worker(s)
2026-07-28 04:56:14,502 | INFO     | [DataMonitor] Initialized with log level: WARNING
2026-07-28 04:56:14,502 | INFO     | [DataAdapter] Initialized with Zero Tolerance compliance
2026-07-28 04:56:14,503 | INFO     | [ANOMALY] Initialized with thresholds: {'spike_threshold': 0.3, 'zero_volume_threshold': 0, 'impossible_candle_threshold': 0.001, 'spike_window': 20, 'max_consecutive_zero_volume': 3, 'max_consecutive_anomalies': 10}
2026-07-28 04:56:14,503 | INFO     | [CandleValidator] Initialized with validation configuration
2026-07-28 04:56:14,503 | INFO     | [DataAdapter] Initialized with configuration
2026-07-28 04:56:15,016 | INFO     | บัญชี DEMO | Balance: $1453.95
2026-07-28 04:56:15,016 | INFO     | Server time offset: -2.438999891281128 seconds
2026-07-28 04:56:15,020 | INFO     | ตรวจพบรายการสินทรัพย์ : EURUSD, EURUSD-OTC, GBPUSD-OTC, EURGBP-OTC
2026-07-28 04:56:15,026 | INFO     | กำลังเตรียมข้อมูลสินทรัพย์ 4 รายการ : EURUSD, EURUSD-OTC, GBPUSD-OTC, EURGBP-OTC
2026-07-28 04:56:16,851 | INFO     | [IQOPTION] REST fetch succeeded for EURUSD: 100 candles
2026-07-28 04:56:17,296 | INFO     | [IQOPTION] REST fetch succeeded for EURUSD: 250 candles
2026-07-28 04:56:18,536 | INFO     | [IQOPTION] REST fetch succeeded for EURUSD: 50 candles
2026-07-28 04:56:18,546 | INFO     | [CSVQueue] Enqueuing write for data_base/csv/iq_option\EURUSD\EURUSD_M1.csv - Queue size: 0
2026-07-28 04:56:18,546 | INFO     | [CSVQueue] Processing write for data_base/csv/iq_option\EURUSD\EURUSD_M1.csv
2026-07-28 04:56:18,547 | INFO     | [CSVWriter] Writing 100 rows to data_base/csv/iq_option\EURUSD\EURUSD_M1.csv
2026-07-28 04:56:18,549 | INFO     | [CSVQueue] Enqueuing write for data_base/csv/iq_option\EURUSD\EURUSD_M5.csv - Queue size: 0
2026-07-28 04:56:18,550 | INFO     | [CSVQueue] Enqueuing write for data_base/csv/iq_option\EURUSD\EURUSD_M15.csv - Queue size: 1
2026-07-28 04:56:18,550 | INFO     | [DataAdapter] EURUSD initialised — M1:100 M5:250 M15:50
2026-07-28 04:56:18,643 | INFO     | [CSVWriter] Successfully wrote 100 rows to data_base/csv/iq_option\EURUSD\EURUSD_M1.csv
2026-07-28 04:56:18,659 | INFO     | [CSVQueue] Successfully processed write for data_base/csv/iq_option\EURUSD\EURUSD_M1.csv
2026-07-28 04:56:18,675 | INFO     | [CSVQueue] Processing write for data_base/csv/iq_option\EURUSD\EURUSD_M5.csv
2026-07-28 04:56:18,690 | INFO     | [CSVWriter] Writing 250 rows to data_base/csv/iq_option\EURUSD\EURUSD_M5.csv
2026-07-28 04:56:18,821 | INFO     | [IQOPTION] REST fetch succeeded for EURUSD-OTC: 100 candles
2026-07-28 04:56:18,828 | INFO     | [CSVWriter] Successfully wrote 250 rows to data_base/csv/iq_option\EURUSD\EURUSD_M5.csv
2026-07-28 04:56:18,828 | INFO     | [CSVQueue] Successfully processed write for data_base/csv/iq_option\EURUSD\EURUSD_M5.csv
2026-07-28 04:56:18,847 | INFO     | [CSVQueue] Processing write for data_base/csv/iq_option\EURUSD\EURUSD_M15.csv
2026-07-28 04:56:18,863 | INFO     | [CSVWriter] Writing 50 rows to data_base/csv/iq_option\EURUSD\EURUSD_M15.csv
2026-07-28 04:56:19,002 | INFO     | [CSVWriter] Successfully wrote 50 rows to data_base/csv/iq_option\EURUSD\EURUSD_M15.csv
2026-07-28 04:56:19,018 | INFO     | [CSVQueue] Successfully processed write for data_base/csv/iq_option\EURUSD\EURUSD_M15.csv
2026-07-28 04:56:19,033 | INFO     | [CSVQueue] Queue size: 0
2026-07-28 04:56:19,618 | INFO     | [IQOPTION] REST fetch succeeded for EURUSD-OTC: 250 candles
2026-07-28 04:56:19,885 | INFO     | [IQOPTION] REST fetch succeeded for EURUSD-OTC: 50 candles
2026-07-28 04:56:19,895 | INFO     | [CSVQueue] Enqueuing write for data_base/csv/iq_option\EURUSD-OTC\EURUSD-OTC_M1.csv - Queue size: 0
2026-07-28 04:56:19,895 | INFO     | [CSVQueue] Processing write for data_base/csv/iq_option\EURUSD-OTC\EURUSD-OTC_M1.csv
2026-07-28 04:56:19,895 | INFO     | [CSVWriter] Writing 100 rows to data_base/csv/iq_option\EURUSD-OTC\EURUSD-OTC_M1.csv
2026-07-28 04:56:19,898 | INFO     | [CSVQueue] Enqueuing write for data_base/csv/iq_option\EURUSD-OTC\EURUSD-OTC_M5.csv - Queue size: 0
2026-07-28 04:56:19,899 | INFO     | [CSVQueue] Enqueuing write for data_base/csv/iq_option\EURUSD-OTC\EURUSD-OTC_M15.csv - Queue size: 1
2026-07-28 04:56:19,899 | INFO     | [DataAdapter] EURUSD-OTC initialised — M1:100 M5:250 M15:50
2026-07-28 04:56:19,901 | INFO     | [CSVWriter] Successfully wrote 100 rows to data_base/csv/iq_option\EURUSD-OTC\EURUSD-OTC_M1.csv
2026-07-28 04:56:19,901 | INFO     | [CSVQueue] Successfully processed write for data_base/csv/iq_option\EURUSD-OTC\EURUSD-OTC_M1.csv
2026-07-28 04:56:19,914 | INFO     | [CSVQueue] Processing write for data_base/csv/iq_option\EURUSD-OTC\EURUSD-OTC_M5.csv
2026-07-28 04:56:19,929 | INFO     | [CSVWriter] Writing 250 rows to data_base/csv/iq_option\EURUSD-OTC\EURUSD-OTC_M5.csv
2026-07-28 04:56:20,148 | INFO     | [CSVWriter] Successfully wrote 250 rows to data_base/csv/iq_option\EURUSD-OTC\EURUSD-OTC_M5.csv
2026-07-28 04:56:20,169 | INFO     | [CSVQueue] Successfully processed write for data_base/csv/iq_option\EURUSD-OTC\EURUSD-OTC_M5.csv
2026-07-28 04:56:20,170 | INFO     | [CSVQueue] Processing write for data_base/csv/iq_option\EURUSD-OTC\EURUSD-OTC_M15.csv
2026-07-28 04:56:20,170 | INFO     | [IQOPTION] REST fetch succeeded for GBPUSD-OTC: 100 candles
2026-07-28 04:56:20,170 | INFO     | [CSVWriter] Writing 50 rows to data_base/csv/iq_option\EURUSD-OTC\EURUSD-OTC_M15.csv
2026-07-28 04:56:20,289 | INFO     | [CSVWriter] Successfully wrote 50 rows to data_base/csv/iq_option\EURUSD-OTC\EURUSD-OTC_M15.csv
2026-07-28 04:56:20,304 | INFO     | [CSVQueue] Successfully processed write for data_base/csv/iq_option\EURUSD-OTC\EURUSD-OTC_M15.csv
2026-07-28 04:56:20,320 | INFO     | [CSVQueue] Queue size: 0
2026-07-28 04:56:20,470 | INFO     | [IQOPTION] REST fetch succeeded for GBPUSD-OTC: 250 candles
2026-07-28 04:56:20,712 | INFO     | [IQOPTION] REST fetch succeeded for GBPUSD-OTC: 50 candles
2026-07-28 04:56:20,721 | INFO     | [CSVQueue] Enqueuing write for data_base/csv/iq_option\GBPUSD-OTC\GBPUSD-OTC_M1.csv - Queue size: 0
2026-07-28 04:56:20,722 | INFO     | [CSVQueue] Processing write for data_base/csv/iq_option\GBPUSD-OTC\GBPUSD-OTC_M1.csv
2026-07-28 04:56:20,722 | INFO     | [CSVWriter] Writing 100 rows to data_base/csv/iq_option\GBPUSD-OTC\GBPUSD-OTC_M1.csv
2026-07-28 04:56:20,724 | INFO     | [CSVQueue] Enqueuing write for data_base/csv/iq_option\GBPUSD-OTC\GBPUSD-OTC_M5.csv - Queue size: 0
2026-07-28 04:56:20,726 | INFO     | [CSVQueue] Enqueuing write for data_base/csv/iq_option\GBPUSD-OTC\GBPUSD-OTC_M15.csv - Queue size: 1
2026-07-28 04:56:20,726 | INFO     | [DataAdapter] GBPUSD-OTC initialised — M1:100 M5:250 M15:50
2026-07-28 04:56:20,727 | INFO     | [CSVWriter] Successfully wrote 100 rows to data_base/csv/iq_option\GBPUSD-OTC\GBPUSD-OTC_M1.csv
2026-07-28 04:56:20,741 | INFO     | [CSVQueue] Successfully processed write for data_base/csv/iq_option\GBPUSD-OTC\GBPUSD-OTC_M1.csv
2026-07-28 04:56:20,772 | INFO     | [CSVQueue] Processing write for data_base/csv/iq_option\GBPUSD-OTC\GBPUSD-OTC_M5.csv
2026-07-28 04:56:20,788 | INFO     | [CSVWriter] Writing 250 rows to data_base/csv/iq_option\GBPUSD-OTC\GBPUSD-OTC_M5.csv
2026-07-28 04:56:20,927 | INFO     | [CSVWriter] Successfully wrote 250 rows to data_base/csv/iq_option\GBPUSD-OTC\GBPUSD-OTC_M5.csv
2026-07-28 04:56:20,943 | INFO     | [CSVQueue] Successfully processed write for data_base/csv/iq_option\GBPUSD-OTC\GBPUSD-OTC_M5.csv
2026-07-28 04:56:20,958 | INFO     | [CSVQueue] Processing write for data_base/csv/iq_option\GBPUSD-OTC\GBPUSD-OTC_M15.csv
2026-07-28 04:56:21,005 | INFO     | [CSVWriter] Writing 50 rows to data_base/csv/iq_option\GBPUSD-OTC\GBPUSD-OTC_M15.csv
2026-07-28 04:56:21,025 | INFO     | [IQOPTION] REST fetch succeeded for EURGBP-OTC: 100 candles
2026-07-28 04:56:21,083 | INFO     | [CSVWriter] Successfully wrote 50 rows to data_base/csv/iq_option\GBPUSD-OTC\GBPUSD-OTC_M15.csv
2026-07-28 04:56:21,098 | INFO     | [CSVQueue] Successfully processed write for data_base/csv/iq_option\GBPUSD-OTC\GBPUSD-OTC_M15.csv
2026-07-28 04:56:21,114 | INFO     | [CSVQueue] Queue size: 0
2026-07-28 04:56:21,350 | INFO     | [IQOPTION] REST fetch succeeded for EURGBP-OTC: 250 candles
2026-07-28 04:56:21,645 | INFO     | [IQOPTION] REST fetch succeeded for EURGBP-OTC: 50 candles
2026-07-28 04:56:21,664 | INFO     | [CSVQueue] Enqueuing write for data_base/csv/iq_option\EURGBP-OTC\EURGBP-OTC_M1.csv - Queue size: 0
2026-07-28 04:56:21,664 | INFO     | [CSVQueue] Processing write for data_base/csv/iq_option\EURGBP-OTC\EURGBP-OTC_M1.csv
2026-07-28 04:56:21,664 | INFO     | [CSVWriter] Writing 100 rows to data_base/csv/iq_option\EURGBP-OTC\EURGBP-OTC_M1.csv
2026-07-28 04:56:21,667 | INFO     | [CSVQueue] Enqueuing write for data_base/csv/iq_option\EURGBP-OTC\EURGBP-OTC_M5.csv - Queue size: 0
2026-07-28 04:56:21,669 | INFO     | [CSVQueue] Enqueuing write for data_base/csv/iq_option\EURGBP-OTC\EURGBP-OTC_M15.csv - Queue size: 1
2026-07-28 04:56:21,669 | INFO     | [DataAdapter] EURGBP-OTC initialised — M1:100 M5:250 M15:50
2026-07-28 04:56:21,669 | INFO     | [CSVWriter] Successfully wrote 100 rows to data_base/csv/iq_option\EURGBP-OTC\EURGBP-OTC_M1.csv
2026-07-28 04:56:21,669 | INFO     | [CSVQueue] Successfully processed write for data_base/csv/iq_option\EURGBP-OTC\EURGBP-OTC_M1.csv
2026-07-28 04:56:21,669 | INFO     | [CSVQueue] Processing write for data_base/csv/iq_option\EURGBP-OTC\EURGBP-OTC_M5.csv
2026-07-28 04:56:21,670 | INFO     | [CSVWriter] Writing 250 rows to data_base/csv/iq_option\EURGBP-OTC\EURGBP-OTC_M5.csv
2026-07-28 04:56:21,679 | INFO     | ข้อมูลพร้อมเทรด 4 รายการ  ไม่พร้อมเทรด 0 รายการ
2026-07-28 04:56:21,679 | INFO     | [CSVWriter] Successfully wrote 250 rows to data_base/csv/iq_option\EURGBP-OTC\EURGBP-OTC_M5.csv
2026-07-28 04:56:21,679 | INFO     | [CSVQueue] Successfully processed write for data_base/csv/iq_option\EURGBP-OTC\EURGBP-OTC_M5.csv
2026-07-28 04:56:21,688 | INFO     | [CSVQueue] Processing write for data_base/csv/iq_option\EURGBP-OTC\EURGBP-OTC_M15.csv
2026-07-28 04:56:21,704 | INFO     | [CSVWriter] Writing 50 rows to data_base/csv/iq_option\EURGBP-OTC\EURGBP-OTC_M15.csv
2026-07-28 04:56:21,828 | INFO     | [CSVWriter] Successfully wrote 50 rows to data_base/csv/iq_option\EURGBP-OTC\EURGBP-OTC_M15.csv
2026-07-28 04:56:21,844 | INFO     | [CSVQueue] Successfully processed write for data_base/csv/iq_option\EURGBP-OTC\EURGBP-OTC_M15.csv
2026-07-28 04:56:21,860 | INFO     | [CSVQueue] Queue size: 0
2026-07-28 04:56:22,990 | INFO     | [WS] Subscribed live candles stream for EURUSD (M1, count=100)
2026-07-28 04:56:24,364 | INFO     | [WS] Subscribed live candles stream for EURUSD (M5, count=250)
2026-07-28 04:56:25,645 | INFO     | [WS] Subscribed live candles stream for EURUSD-OTC (M1, count=100)
2026-07-28 04:56:26,935 | INFO     | [WS] Subscribed live candles stream for EURUSD-OTC (M5, count=250)
2026-07-28 04:56:28,205 | INFO     | [WS] Subscribed live candles stream for GBPUSD-OTC (M1, count=100)
2026-07-28 04:56:29,503 | INFO     | [WS] Subscribed live candles stream for GBPUSD-OTC (M5, count=250)
2026-07-28 04:56:31,772 | INFO     | [WS] Subscribed live candles stream for EURGBP-OTC (M1, count=100)
2026-07-28 04:56:33,239 | INFO     | [WS] Subscribed live candles stream for EURGBP-OTC (M5, count=250)
2026-07-28 04:56:33,264 | INFO     | เข้าสู่การวิเคราะห์สัญญาณในอีก 30 วินาที  (เริ่ม 04:57:03)
2026-07-28 04:57:03,495 | INFO     | [DataAdapter] Starting update for EURUSD
2026-07-28 04:57:03,495 | INFO     | [DataAdapter] Refreshing M1 data for EURUSD
2026-07-28 04:57:03,495 | INFO     | [DataAdapter] Starting update for EURUSD-OTC
2026-07-28 04:57:03,496 | INFO     | [DataAdapter] Refreshing M1 data for EURUSD-OTC
2026-07-28 04:57:03,496 | INFO     | [DataAdapter] Starting update for GBPUSD-OTC
2026-07-28 04:57:03,496 | INFO     | [DataAdapter] Starting update for EURGBP-OTC
2026-07-28 04:57:03,496 | INFO     | [DataAdapter] Refreshing M1 data for GBPUSD-OTC
2026-07-28 04:57:03,496 | INFO     | [DataAdapter] Refreshing M1 data for EURGBP-OTC
2026-07-28 04:57:03,774 | INFO     | [IQOPTION] REST fetch succeeded for EURUSD: 3 candles
2026-07-28 04:57:03,838 | ERROR    | [DataAdapter] Anomaly detection failed for EURUSD: 'zero_volume_detected'
2026-07-28 04:57:03,851 | ERROR    | [DataAdapter] update failed for EURUSD: Zero Tolerance: Anomaly detection failed for EURUSD: 'zero_volume_detected'
2026-07-28 04:57:03,867 | ERROR    | [DataAdapter] Zero Tolerance: stopping immediately - no retry allowed
2026-07-28 04:57:04,228 | INFO     | [IQOPTION] REST fetch succeeded for EURUSD-OTC: 3 candles
2026-07-28 04:57:04,309 | INFO     | [DataAdapter] M1 anomaly detection completed for EURUSD-OTC in 0.033s
2026-07-28 04:57:04,414 | INFO     | [CSVQueue] Enqueuing write for data_base/csv/iq_option\EURUSD-OTC\EURUSD-OTC_M1.csv - Queue size: 0
2026-07-28 04:57:04,430 | INFO     | [DataAdapter] M1 data refresh completed for EURUSD-OTC
2026-07-28 04:57:04,445 | INFO     | [CSVQueue] Processing write for data_base/csv/iq_option\EURUSD-OTC\EURUSD-OTC_M1.csv
2026-07-28 04:57:04,461 | INFO     | [DataAdapter] Refreshing M5 data for EURUSD-OTC
2026-07-28 04:57:04,507 | INFO     | [CSVWriter] Writing 99 rows to data_base/csv/iq_option\EURUSD-OTC\EURUSD-OTC_M1.csv
2026-07-28 04:57:04,508 | INFO     | [IQOPTION] REST fetch succeeded for GBPUSD-OTC: 3 candles
2026-07-28 04:57:04,516 | INFO     | [DataAdapter] M5 anomaly detection completed for EURUSD-OTC
2026-07-28 04:57:04,588 | INFO     | [DataAdapter] M5 data refresh completed for EURUSD-OTC
2026-07-28 04:57:04,600 | INFO     | [DataAdapter] Refreshing M15 data for EURUSD-OTC
2026-07-28 04:57:04,638 | INFO     | [DataAdapter] M15 anomaly detection completed for EURUSD-OTC
2026-07-28 04:57:04,638 | INFO     | [DataAdapter] M1 anomaly detection completed for GBPUSD-OTC in 0.034s
2026-07-28 04:57:04,679 | INFO     | [DataAdapter] M15 data refresh completed for EURUSD-OTC
2026-07-28 04:57:04,728 | INFO     | [DataAdapter] Anomaly statistics for EURUSD-OTC: {'total_calls': 2, 'response_times': [0.03267025947570801, 0.03391909599304199], 'spike_count': 0, 'zero_volume_count': 0, 'impossible_candle_count': 0, 'consecutive_anomalies': 0, 'avg_response_time': np.float64(0.033294677734375), 'max_response_time': np.float64(0.03391909599304199), 'min_response_time': np.float64(0.03267025947570801)}
2026-07-28 04:57:04,758 | INFO     | [IQOPTION] REST fetch succeeded for EURGBP-OTC: 3 candles
2026-07-28 04:57:04,758 | INFO     | [CSVQueue] Enqueuing write for data_base/csv/iq_option\GBPUSD-OTC\GBPUSD-OTC_M1.csv - Queue size: 0
2026-07-28 04:57:04,766 | INFO     | [DataAdapter] M1 data refresh completed for GBPUSD-OTC
2026-07-28 04:57:04,767 | INFO     | [CSVWriter] Successfully wrote 100 rows to data_base/csv/iq_option\EURUSD-OTC\EURUSD-OTC_M1.csv
2026-07-28 04:57:04,775 | INFO     | [DataAdapter] M1 anomaly detection completed for EURGBP-OTC in 0.007s
2026-07-28 04:57:04,775 | INFO     | [DataAdapter] Refreshing M5 data for GBPUSD-OTC
2026-07-28 04:57:04,775 | INFO     | [CSVQueue] Successfully processed write for data_base/csv/iq_option\EURUSD-OTC\EURUSD-OTC_M1.csv
2026-07-28 04:57:04,785 | INFO     | [DataAdapter] M5 anomaly detection completed for GBPUSD-OTC
2026-07-28 04:57:04,785 | INFO     | [CSVQueue] Processing write for data_base/csv/iq_option\GBPUSD-OTC\GBPUSD-OTC_M1.csv
2026-07-28 04:57:04,785 | INFO     | [DataAdapter] M5 data refresh completed for GBPUSD-OTC
2026-07-28 04:57:04,786 | INFO     | [CSVWriter] Writing 99 rows to data_base/csv/iq_option\GBPUSD-OTC\GBPUSD-OTC_M1.csv
2026-07-28 04:57:04,786 | INFO     | [CSVQueue] Enqueuing write for data_base/csv/iq_option\EURGBP-OTC\EURGBP-OTC_M1.csv - Queue size: 0
2026-07-28 04:57:04,786 | INFO     | [DataAdapter] Refreshing M15 data for GBPUSD-OTC
2026-07-28 04:57:04,788 | INFO     | [DataAdapter] M1 data refresh completed for EURGBP-OTC
2026-07-28 04:57:04,790 | INFO     | [DataAdapter] Refreshing M5 data for EURGBP-OTC
2026-07-28 04:57:04,796 | INFO     | [DataAdapter] M15 anomaly detection completed for GBPUSD-OTC
2026-07-28 04:57:04,797 | INFO     | [DataAdapter] M15 data refresh completed for GBPUSD-OTC
2026-07-28 04:57:04,805 | INFO     | [DataAdapter] M5 anomaly detection completed for EURGBP-OTC
2026-07-28 04:57:04,806 | INFO     | [DataAdapter] Anomaly statistics for GBPUSD-OTC: {'total_calls': 3, 'response_times': [0.03267025947570801, 0.03391909599304199, 0.006999492645263672], 'spike_count': 0, 'zero_volume_count': 0, 'impossible_candle_count': 0, 'consecutive_anomalies': 0, 'avg_response_time': np.float64(0.02452961603800456), 'max_response_time': np.float64(0.03391909599304199), 'min_response_time': np.float64(0.006999492645263672)}
2026-07-28 04:57:04,806 | INFO     | [DataAdapter] M5 data refresh completed for EURGBP-OTC
2026-07-28 04:57:04,809 | INFO     | [DataAdapter] Refreshing M15 data for EURGBP-OTC
2026-07-28 04:57:04,815 | INFO     | [DataAdapter] M15 anomaly detection completed for EURGBP-OTC
2026-07-28 04:57:04,816 | INFO     | [DataAdapter] M15 data refresh completed for EURGBP-OTC
2026-07-28 04:57:04,816 | INFO     | [DataAdapter] Anomaly statistics for EURGBP-OTC: {'total_calls': 3, 'response_times': [0.03267025947570801, 0.03391909599304199, 0.006999492645263672], 'spike_count': 0, 'zero_volume_count': 0, 'impossible_candle_count': 0, 'consecutive_anomalies': 0, 'avg_response_time': np.float64(0.02452961603800456), 'max_response_time': np.float64(0.03391909599304199), 'min_response_time': np.float64(0.006999492645263672)}
2026-07-28 04:57:04,817 | INFO     | [CSVWriter] Successfully wrote 100 rows to data_base/csv/iq_option\GBPUSD-OTC\GBPUSD-OTC_M1.csv
2026-07-28 04:57:04,817 | INFO     | [CSVQueue] Successfully processed write for data_base/csv/iq_option\GBPUSD-OTC\GBPUSD-OTC_M1.csv
2026-07-28 04:57:04,817 | INFO     | [CSVQueue] Processing write for data_base/csv/iq_option\EURGBP-OTC\EURGBP-OTC_M1.csv
2026-07-28 04:57:04,817 | INFO     | [CSVWriter] Writing 99 rows to data_base/csv/iq_option\EURGBP-OTC\EURGBP-OTC_M1.csv
2026-07-28 04:57:04,821 | ERROR    | Error getting future result for EURUSD
Traceback (most recent call last):
  File "C:\Users\BUSOLOVE\AppData\Local\Programs\Python\Python312\Lib\site-packages\pandas\core\indexes\base.py", line 3641, in get_loc
    return self._engine.get_loc(casted_key)
           ^^^^^^^^^^^^^^^^^^^^^^^^^^^^^^^^
  File "pandas/_libs/index.pyx", line 168, in pandas._libs.index.IndexEngine.get_loc
  File "pandas/_libs/index.pyx", line 197, in pandas._libs.index.IndexEngine.get_loc
  File "pandas/_libs/hashtable_class_helper.pxi", line 7668, in pandas._libs.hashtable.PyObjectHashTable.get_item
  File "pandas/_libs/hashtable_class_helper.pxi", line 7676, in pandas._libs.hashtable.PyObjectHashTable.get_item
KeyError: 'zero_volume_detected'

The above exception was the direct cause of the following exception:

Traceback (most recent call last):
  File "E:\BOT_FINALBOT\FINALBOT_Begin\data_feed\data_adapter.py", line 266, in _refresh_m1
    completed = self._anomaly_detector.detect_anomalies(completed, symbol)
                ^^^^^^^^^^^^^^^^^^^^^^^^^^^^^^^^^^^^^^^^^^^^^^^^^^^^^^^^^^
  File "E:\BOT_FINALBOT\FINALBOT_Begin\data_feed\anomaly_detector.py", line 251, in detect_anomalies
    result_df = self.detect_zero_volume(result_df, symbol)
                ^^^^^^^^^^^^^^^^^^^^^^^^^^^^^^^^^^^^^^^^^^
  File "E:\BOT_FINALBOT\FINALBOT_Begin\data_feed\anomaly_detector.py", line 164, in detect_zero_volume
    df['zero_volume_streak'] = (df['zero_volume_detected'] == True).cumsum()
                                ~~^^^^^^^^^^^^^^^^^^^^^^^^
  File "C:\Users\BUSOLOVE\AppData\Local\Programs\Python\Python312\Lib\site-packages\pandas\core\frame.py", line 4378, in __getitem__
    indexer = self.columns.get_loc(key)
              ^^^^^^^^^^^^^^^^^^^^^^^^^
  File "C:\Users\BUSOLOVE\AppData\Local\Programs\Python\Python312\Lib\site-packages\pandas\core\indexes\base.py", line 3648, in get_loc
    raise KeyError(key) from err
KeyError: 'zero_volume_detected'

During handling of the above exception, another exception occurred:

Traceback (most recent call last):
  File "E:\BOT_FINALBOT\FINALBOT_Begin\data_feed\data_adapter.py", line 180, in update
    completed_m1 = self._refresh_m1(symbol, now_naive)
                   ^^^^^^^^^^^^^^^^^^^^^^^^^^^^^^^^^^^
  File "E:\BOT_FINALBOT\FINALBOT_Begin\data_feed\data_adapter.py", line 280, in _refresh_m1
    raise RuntimeError(f"Zero Tolerance: Anomaly detection failed for {symbol}: {e}")
RuntimeError: Zero Tolerance: Anomaly detection failed for EURUSD: 'zero_volume_detected'

During handling of the above exception, another exception occurred:

Traceback (most recent call last):
  File "E:\BOT_FINALBOT\FINALBOT_Begin\runner.py", line 246, in run_cycle
    result_val = sym_futures[sym].result()
                 ^^^^^^^^^^^^^^^^^^^^^^^^^
  File "C:\Users\BUSOLOVE\AppData\Local\Programs\Python\Python312\Lib\concurrent\futures\_base.py", line 449, in result
    return self.__get_result()
           ^^^^^^^^^^^^^^^^^^^
  File "C:\Users\BUSOLOVE\AppData\Local\Programs\Python\Python312\Lib\concurrent\futures\_base.py", line 401, in __get_result
    raise self._exception
  File "C:\Users\BUSOLOVE\AppData\Local\Programs\Python\Python312\Lib\concurrent\futures\thread.py", line 58, in run
    result = self.fn(*self.args, **self.kwargs)
             ^^^^^^^^^^^^^^^^^^^^^^^^^^^^^^^^^^
  File "E:\BOT_FINALBOT\FINALBOT_Begin\runner.py", line 153, in fetch_and_save_data
    return self.candle_adapter.update(symbol, broker_epoch=broker_epoch)
           ^^^^^^^^^^^^^^^^^^^^^^^^^^^^^^^^^^^^^^^^^^^^^^^^^^^^^^^^^^^^^
  File "E:\BOT_FINALBOT\FINALBOT_Begin\data_feed\data_adapter.py", line 237, in update
    raise Exception(f"Zero Tolerance: update failed for {symbol}: {e}")
Exception: Zero Tolerance: update failed for EURUSD: Zero Tolerance: Anomaly detection failed for EURUSD: 'zero_volume_detected'
2026-07-28 04:57:04,829 | INFO     | [CSVWriter] Successfully wrote 100 rows to data_base/csv/iq_option\EURGBP-OTC\EURGBP-OTC_M1.csv
2026-07-28 04:57:04,842 | INFO     | [CSVQueue] Successfully processed write for data_base/csv/iq_option\EURGBP-OTC\EURGBP-OTC_M1.csv
2026-07-28 04:57:04,842 | INFO     | [CSVQueue] Queue size: 0
2026-07-28 04:57:04,856 | ERROR    | Orchestrator failed for EURUSD-OTC
Traceback (most recent call last):
  File "E:\BOT_FINALBOT\FINALBOT_Begin\runner.py", line 263, in run_cycle
    self.orchestrator.process_cycle(sym)
  File "E:\BOT_FINALBOT\FINALBOT_Begin\data_evaluate\orchestrator.py", line 180, in process_cycle
    raise ValueError(f"FAIL-FAST: Insufficient {tf} warm-up candles (minimum {min_req} required)")
ValueError: FAIL-FAST: Insufficient M1 warm-up candles (minimum 250 required)
2026-07-28 04:57:04,870 | ERROR    | Orchestrator failed for GBPUSD-OTC
Traceback (most recent call last):
  File "E:\BOT_FINALBOT\FINALBOT_Begin\runner.py", line 263, in run_cycle
    self.orchestrator.process_cycle(sym)
  File "E:\BOT_FINALBOT\FINALBOT_Begin\data_evaluate\orchestrator.py", line 180, in process_cycle
    raise ValueError(f"FAIL-FAST: Insufficient {tf} warm-up candles (minimum {min_req} required)")
ValueError: FAIL-FAST: Insufficient M1 warm-up candles (minimum 250 required)
2026-07-28 04:57:04,881 | ERROR    | Orchestrator failed for EURGBP-OTC
Traceback (most recent call last):
  File "E:\BOT_FINALBOT\FINALBOT_Begin\runner.py", line 263, in run_cycle
    self.orchestrator.process_cycle(sym)
  File "E:\BOT_FINALBOT\FINALBOT_Begin\data_evaluate\orchestrator.py", line 180, in process_cycle
    raise ValueError(f"FAIL-FAST: Insufficient {tf} warm-up candles (minimum {min_req} required)")
ValueError: FAIL-FAST: Insufficient M1 warm-up candles (minimum 250 required)
2026-07-28 04:57:04,935 | INFO     | [EURUSD-OTC:1.14315][GBPUSD-OTC:1.33427][EURGBP-OTC:0.85676] :: TOTAL=$1453.95
2026-07-28 04:58:04,187 | INFO     | [DataAdapter] Starting update for EURUSD
2026-07-28 04:58:04,188 | INFO     | [DataAdapter] Refreshing M1 data for EURUSD
2026-07-28 04:58:04,188 | INFO     | [DataAdapter] Starting update for EURUSD-OTC
2026-07-28 04:58:04,188 | INFO     | [DataAdapter] Starting update for GBPUSD-OTC
2026-07-28 04:58:04,188 | INFO     | [DataAdapter] Refreshing M1 data for EURUSD-OTC
2026-07-28 04:58:04,189 | INFO     | [DataAdapter] Starting update for EURGBP-OTC
2026-07-28 04:58:04,189 | INFO     | [DataAdapter] Refreshing M1 data for GBPUSD-OTC
2026-07-28 04:58:04,202 | INFO     | [DataAdapter] Refreshing M1 data for EURGBP-OTC
2026-07-28 04:58:04,435 | INFO     | [IQOPTION] REST fetch succeeded for EURUSD: 3 candles
2026-07-28 04:58:04,483 | ERROR    | [DataAdapter] Anomaly detection failed for EURUSD: 'zero_volume_detected'
2026-07-28 04:58:04,483 | ERROR    | [DataAdapter] update failed for EURUSD: Zero Tolerance: Anomaly detection failed for EURUSD: 'zero_volume_detected'
2026-07-28 04:58:04,483 | ERROR    | [DataAdapter] Zero Tolerance: stopping immediately - no retry allowed
2026-07-28 04:58:04,715 | INFO     | [IQOPTION] REST fetch succeeded for EURUSD-OTC: 3 candles
2026-07-28 04:58:04,768 | INFO     | [DataAdapter] M1 anomaly detection completed for EURUSD-OTC in 0.019s
2026-07-28 04:58:04,871 | INFO     | [CSVQueue] Enqueuing write for data_base/csv/iq_option\EURUSD-OTC\EURUSD-OTC_M1.csv - Queue size: 0
2026-07-28 04:58:04,887 | INFO     | [DataAdapter] M1 data refresh completed for EURUSD-OTC
2026-07-28 04:58:04,903 | INFO     | [DataAdapter] Refreshing M5 data for EURUSD-OTC
2026-07-28 04:58:04,903 | INFO     | [CSVQueue] Processing write for data_base/csv/iq_option\EURUSD-OTC\EURUSD-OTC_M1.csv
2026-07-28 04:58:04,948 | INFO     | [CSVWriter] Writing 99 rows to data_base/csv/iq_option\EURUSD-OTC\EURUSD-OTC_M1.csv
2026-07-28 04:58:05,003 | INFO     | [DataAdapter] M5 anomaly detection completed for EURUSD-OTC
2026-07-28 04:58:05,042 | INFO     | [DataAdapter] M5 data refresh completed for EURUSD-OTC
2026-07-28 04:58:05,057 | INFO     | [DataAdapter] Refreshing M15 data for EURUSD-OTC
2026-07-28 04:58:05,109 | INFO     | [DataAdapter] M15 anomaly detection completed for EURUSD-OTC
2026-07-28 04:58:05,121 | INFO     | [DataAdapter] M15 data refresh completed for EURUSD-OTC
2026-07-28 04:58:05,122 | INFO     | [DataAdapter] Anomaly statistics for EURUSD-OTC: {'total_calls': 4, 'response_times': [0.03267025947570801, 0.03391909599304199, 0.006999492645263672, 0.019204378128051758], 'spike_count': 0, 'zero_volume_count': 0, 'impossible_candle_count': 0, 'consecutive_anomalies': 0, 'avg_response_time': np.float64(0.023198306560516357), 'max_response_time': np.float64(0.03391909599304199), 'min_response_time': np.float64(0.006999492645263672)}
2026-07-28 04:58:05,132 | INFO     | [IQOPTION] REST fetch succeeded for GBPUSD-OTC: 3 candles
2026-07-28 04:58:05,156 | INFO     | [DataAdapter] M1 anomaly detection completed for GBPUSD-OTC in 0.011s
2026-07-28 04:58:05,243 | INFO     | [CSVQueue] Enqueuing write for data_base/csv/iq_option\GBPUSD-OTC\GBPUSD-OTC_M1.csv - Queue size: 0
2026-07-28 04:58:05,258 | INFO     | [DataAdapter] M1 data refresh completed for GBPUSD-OTC
2026-07-28 04:58:05,274 | INFO     | [CSVWriter] Successfully wrote 101 rows to data_base/csv/iq_option\EURUSD-OTC\EURUSD-OTC_M1.csv
2026-07-28 04:58:05,274 | INFO     | [DataAdapter] Refreshing M5 data for GBPUSD-OTC
2026-07-28 04:58:05,320 | INFO     | [CSVQueue] Successfully processed write for data_base/csv/iq_option\EURUSD-OTC\EURUSD-OTC_M1.csv
2026-07-28 04:58:05,345 | INFO     | [DataAdapter] M5 anomaly detection completed for GBPUSD-OTC
2026-07-28 04:58:05,352 | INFO     | [CSVQueue] Processing write for data_base/csv/iq_option\GBPUSD-OTC\GBPUSD-OTC_M1.csv
2026-07-28 04:58:05,352 | INFO     | [IQOPTION] REST fetch succeeded for EURGBP-OTC: 3 candles
2026-07-28 04:58:05,352 | INFO     | [DataAdapter] M5 data refresh completed for GBPUSD-OTC
2026-07-28 04:58:05,352 | INFO     | [CSVWriter] Writing 99 rows to data_base/csv/iq_option\GBPUSD-OTC\GBPUSD-OTC_M1.csv
2026-07-28 04:58:05,360 | INFO     | [DataAdapter] Refreshing M15 data for GBPUSD-OTC
2026-07-28 04:58:05,366 | INFO     | [DataAdapter] M1 anomaly detection completed for EURGBP-OTC in 0.005s
2026-07-28 04:58:05,380 | INFO     | [DataAdapter] M15 anomaly detection completed for GBPUSD-OTC
2026-07-28 04:58:05,380 | INFO     | [DataAdapter] M15 data refresh completed for GBPUSD-OTC
2026-07-28 04:58:05,381 | INFO     | [DataAdapter] Anomaly statistics for GBPUSD-OTC: {'total_calls': 6, 'response_times': [0.03267025947570801, 0.03391909599304199, 0.006999492645263672, 0.019204378128051758, 0.010622262954711914, 0.005402565002441406], 'spike_count': 0, 'zero_volume_count': 0, 'impossible_candle_count': 0, 'consecutive_anomalies': 0, 'avg_response_time': np.float64(0.018136342366536457), 'max_response_time': np.float64(0.03391909599304199), 'min_response_time': np.float64(0.005402565002441406)}
2026-07-28 04:58:05,383 | INFO     | [CSVQueue] Enqueuing write for data_base/csv/iq_option\EURGBP-OTC\EURGBP-OTC_M1.csv - Queue size: 0
2026-07-28 04:58:05,384 | INFO     | [DataAdapter] M1 data refresh completed for EURGBP-OTC
2026-07-28 04:58:05,384 | INFO     | [DataAdapter] Refreshing M5 data for EURGBP-OTC
2026-07-28 04:58:05,394 | INFO     | [DataAdapter] M5 anomaly detection completed for EURGBP-OTC
2026-07-28 04:58:05,396 | INFO     | [DataAdapter] M5 data refresh completed for EURGBP-OTC
2026-07-28 04:58:05,396 | INFO     | [DataAdapter] Refreshing M15 data for EURGBP-OTC
2026-07-28 04:58:05,407 | INFO     | [DataAdapter] M15 anomaly detection completed for EURGBP-OTC
2026-07-28 04:58:05,410 | INFO     | [DataAdapter] M15 data refresh completed for EURGBP-OTC
2026-07-28 04:58:05,410 | INFO     | [DataAdapter] Anomaly statistics for EURGBP-OTC: {'total_calls': 6, 'response_times': [0.03267025947570801, 0.03391909599304199, 0.006999492645263672, 0.019204378128051758, 0.010622262954711914, 0.005402565002441406], 'spike_count': 0, 'zero_volume_count': 0, 'impossible_candle_count': 0, 'consecutive_anomalies': 0, 'avg_response_time': np.float64(0.018136342366536457), 'max_response_time': np.float64(0.03391909599304199), 'min_response_time': np.float64(0.005402565002441406)}
2026-07-28 04:58:05,412 | ERROR    | Error getting future result for EURUSD
Traceback (most recent call last):
  File "C:\Users\BUSOLOVE\AppData\Local\Programs\Python\Python312\Lib\site-packages\pandas\core\indexes\base.py", line 3641, in get_loc
    return self._engine.get_loc(casted_key)
           ^^^^^^^^^^^^^^^^^^^^^^^^^^^^^^^^
  File "pandas/_libs/index.pyx", line 168, in pandas._libs.index.IndexEngine.get_loc
  File "pandas/_libs/index.pyx", line 197, in pandas._libs.index.IndexEngine.get_loc
  File "pandas/_libs/hashtable_class_helper.pxi", line 7668, in pandas._libs.hashtable.PyObjectHashTable.get_item
  File "pandas/_libs/hashtable_class_helper.pxi", line 7676, in pandas._libs.hashtable.PyObjectHashTable.get_item
KeyError: 'zero_volume_detected'

The above exception was the direct cause of the following exception:

Traceback (most recent call last):
  File "E:\BOT_FINALBOT\FINALBOT_Begin\data_feed\data_adapter.py", line 266, in _refresh_m1
    completed = self._anomaly_detector.detect_anomalies(completed, symbol)
                ^^^^^^^^^^^^^^^^^^^^^^^^^^^^^^^^^^^^^^^^^^^^^^^^^^^^^^^^^^
  File "E:\BOT_FINALBOT\FINALBOT_Begin\data_feed\anomaly_detector.py", line 251, in detect_anomalies
    result_df = self.detect_zero_volume(result_df, symbol)
                ^^^^^^^^^^^^^^^^^^^^^^^^^^^^^^^^^^^^^^^^^^
  File "E:\BOT_FINALBOT\FINALBOT_Begin\data_feed\anomaly_detector.py", line 164, in detect_zero_volume
    df['zero_volume_streak'] = (df['zero_volume_detected'] == True).cumsum()
                                ~~^^^^^^^^^^^^^^^^^^^^^^^^
  File "C:\Users\BUSOLOVE\AppData\Local\Programs\Python\Python312\Lib\site-packages\pandas\core\frame.py", line 4378, in __getitem__
    indexer = self.columns.get_loc(key)
              ^^^^^^^^^^^^^^^^^^^^^^^^^
  File "C:\Users\BUSOLOVE\AppData\Local\Programs\Python\Python312\Lib\site-packages\pandas\core\indexes\base.py", line 3648, in get_loc
    raise KeyError(key) from err
KeyError: 'zero_volume_detected'

During handling of the above exception, another exception occurred:

Traceback (most recent call last):
  File "E:\BOT_FINALBOT\FINALBOT_Begin\data_feed\data_adapter.py", line 180, in update
    completed_m1 = self._refresh_m1(symbol, now_naive)
                   ^^^^^^^^^^^^^^^^^^^^^^^^^^^^^^^^^^^
  File "E:\BOT_FINALBOT\FINALBOT_Begin\data_feed\data_adapter.py", line 280, in _refresh_m1
    raise RuntimeError(f"Zero Tolerance: Anomaly detection failed for {symbol}: {e}")
RuntimeError: Zero Tolerance: Anomaly detection failed for EURUSD: 'zero_volume_detected'

During handling of the above exception, another exception occurred:

Traceback (most recent call last):
  File "E:\BOT_FINALBOT\FINALBOT_Begin\runner.py", line 246, in run_cycle
    result_val = sym_futures[sym].result()
                 ^^^^^^^^^^^^^^^^^^^^^^^^^
  File "C:\Users\BUSOLOVE\AppData\Local\Programs\Python\Python312\Lib\concurrent\futures\_base.py", line 449, in result
    return self.__get_result()
           ^^^^^^^^^^^^^^^^^^^
  File "C:\Users\BUSOLOVE\AppData\Local\Programs\Python\Python312\Lib\concurrent\futures\_base.py", line 401, in __get_result
    raise self._exception
  File "C:\Users\BUSOLOVE\AppData\Local\Programs\Python\Python312\Lib\concurrent\futures\thread.py", line 58, in run
    result = self.fn(*self.args, **self.kwargs)
             ^^^^^^^^^^^^^^^^^^^^^^^^^^^^^^^^^^
  File "E:\BOT_FINALBOT\FINALBOT_Begin\runner.py", line 153, in fetch_and_save_data
    return self.candle_adapter.update(symbol, broker_epoch=broker_epoch)
           ^^^^^^^^^^^^^^^^^^^^^^^^^^^^^^^^^^^^^^^^^^^^^^^^^^^^^^^^^^^^^
  File "E:\BOT_FINALBOT\FINALBOT_Begin\data_feed\data_adapter.py", line 237, in update
    raise Exception(f"Zero Tolerance: update failed for {symbol}: {e}")
Exception: Zero Tolerance: update failed for EURUSD: Zero Tolerance: Anomaly detection failed for EURUSD: 'zero_volume_detected'
2026-07-28 04:58:05,413 | INFO     | [CSVWriter] Successfully wrote 101 rows to data_base/csv/iq_option\GBPUSD-OTC\GBPUSD-OTC_M1.csv
2026-07-28 04:58:05,418 | INFO     | [CSVQueue] Successfully processed write for data_base/csv/iq_option\GBPUSD-OTC\GBPUSD-OTC_M1.csv
2026-07-28 04:58:05,418 | INFO     | [CSVQueue] Processing write for data_base/csv/iq_option\EURGBP-OTC\EURGBP-OTC_M1.csv
2026-07-28 04:58:05,419 | INFO     | [CSVWriter] Writing 99 rows to data_base/csv/iq_option\EURGBP-OTC\EURGBP-OTC_M1.csv
2026-07-28 04:58:05,436 | INFO     | [CSVWriter] Successfully wrote 101 rows to data_base/csv/iq_option\EURGBP-OTC\EURGBP-OTC_M1.csv
2026-07-28 04:58:05,436 | INFO     | [CSVQueue] Successfully processed write for data_base/csv/iq_option\EURGBP-OTC\EURGBP-OTC_M1.csv
2026-07-28 04:58:05,436 | INFO     | [CSVQueue] Queue size: 0
2026-07-28 04:58:05,445 | ERROR    | Orchestrator failed for EURUSD-OTC
Traceback (most recent call last):
  File "E:\BOT_FINALBOT\FINALBOT_Begin\runner.py", line 263, in run_cycle
    self.orchestrator.process_cycle(sym)
  File "E:\BOT_FINALBOT\FINALBOT_Begin\data_evaluate\orchestrator.py", line 180, in process_cycle
    raise ValueError(f"FAIL-FAST: Insufficient {tf} warm-up candles (minimum {min_req} required)")
ValueError: FAIL-FAST: Insufficient M1 warm-up candles (minimum 250 required)
2026-07-28 04:58:05,471 | ERROR    | Orchestrator failed for GBPUSD-OTC
Traceback (most recent call last):
  File "E:\BOT_FINALBOT\FINALBOT_Begin\runner.py", line 263, in run_cycle
    self.orchestrator.process_cycle(sym)
  File "E:\BOT_FINALBOT\FINALBOT_Begin\data_evaluate\orchestrator.py", line 180, in process_cycle
    raise ValueError(f"FAIL-FAST: Insufficient {tf} warm-up candles (minimum {min_req} required)")
ValueError: FAIL-FAST: Insufficient M1 warm-up candles (minimum 250 required)
2026-07-28 04:58:05,498 | ERROR    | Orchestrator failed for EURGBP-OTC
Traceback (most recent call last):
  File "E:\BOT_FINALBOT\FINALBOT_Begin\runner.py", line 263, in run_cycle
    self.orchestrator.process_cycle(sym)
  File "E:\BOT_FINALBOT\FINALBOT_Begin\data_evaluate\orchestrator.py", line 180, in process_cycle
    raise ValueError(f"FAIL-FAST: Insufficient {tf} warm-up candles (minimum {min_req} required)")
ValueError: FAIL-FAST: Insufficient M1 warm-up candles (minimum 250 required)
2026-07-28 04:58:05,541 | INFO     | [EURUSD-OTC:1.14356][GBPUSD-OTC:1.33455][EURGBP-OTC:0.85684] :: TOTAL=$1453.95
2026-07-28 04:59:03,801 | INFO     | [DataAdapter] Starting update for EURUSD
2026-07-28 04:59:03,801 | INFO     | [DataAdapter] Refreshing M1 data for EURUSD
2026-07-28 04:59:03,801 | INFO     | [DataAdapter] Starting update for EURUSD-OTC
2026-07-28 04:59:03,801 | INFO     | [DataAdapter] Starting update for GBPUSD-OTC
2026-07-28 04:59:03,802 | INFO     | [DataAdapter] Refreshing M1 data for EURUSD-OTC
2026-07-28 04:59:03,802 | INFO     | [DataAdapter] Starting update for EURGBP-OTC
2026-07-28 04:59:03,802 | INFO     | [DataAdapter] Refreshing M1 data for GBPUSD-OTC
2026-07-28 04:59:03,816 | INFO     | [DataAdapter] Refreshing M1 data for EURGBP-OTC
2026-07-28 04:59:04,206 | INFO     | [IQOPTION] REST fetch succeeded for EURUSD: 3 candles
2026-07-28 04:59:04,268 | ERROR    | [DataAdapter] Anomaly detection failed for EURUSD: 'zero_volume_detected'
2026-07-28 04:59:04,283 | ERROR    | [DataAdapter] update failed for EURUSD: Zero Tolerance: Anomaly detection failed for EURUSD: 'zero_volume_detected'
2026-07-28 04:59:04,299 | ERROR    | [DataAdapter] Zero Tolerance: stopping immediately - no retry allowed
2026-07-28 04:59:04,531 | INFO     | [IQOPTION] REST fetch succeeded for EURUSD-OTC: 3 candles
2026-07-28 04:59:04,585 | INFO     | [DataAdapter] M1 anomaly detection completed for EURUSD-OTC in 0.019s
2026-07-28 04:59:04,688 | INFO     | [CSVQueue] Enqueuing write for data_base/csv/iq_option\EURUSD-OTC\EURUSD-OTC_M1.csv - Queue size: 0
2026-07-28 04:59:04,689 | INFO     | [DataAdapter] M1 data refresh completed for EURUSD-OTC
2026-07-28 04:59:04,704 | INFO     | [DataAdapter] Refreshing M5 data for EURUSD-OTC
2026-07-28 04:59:04,704 | INFO     | [CSVQueue] Processing write for data_base/csv/iq_option\EURUSD-OTC\EURUSD-OTC_M1.csv
2026-07-28 04:59:04,754 | INFO     | [DataAdapter] M5 anomaly detection completed for EURUSD-OTC
2026-07-28 04:59:04,768 | INFO     | [CSVWriter] Writing 99 rows to data_base/csv/iq_option\EURUSD-OTC\EURUSD-OTC_M1.csv
2026-07-28 04:59:04,768 | INFO     | [IQOPTION] REST fetch succeeded for GBPUSD-OTC: 3 candles
2026-07-28 04:59:04,798 | INFO     | [DataAdapter] M5 data refresh completed for EURUSD-OTC
2026-07-28 04:59:04,908 | INFO     | [DataAdapter] Refreshing M15 data for EURUSD-OTC
2026-07-28 04:59:04,929 | INFO     | [DataAdapter] M15 anomaly detection completed for EURUSD-OTC
2026-07-28 04:59:04,930 | INFO     | [DataAdapter] M15 data refresh completed for EURUSD-OTC
2026-07-28 04:59:04,934 | INFO     | [DataAdapter] Anomaly statistics for EURUSD-OTC: {'total_calls': 7, 'response_times': [0.03267025947570801, 0.03391909599304199, 0.006999492645263672, 0.019204378128051758, 0.010622262954711914, 0.005402565002441406, 0.019014835357666016], 'spike_count': 0, 'zero_volume_count': 0, 'impossible_candle_count': 0, 'consecutive_anomalies': 0, 'avg_response_time': np.float64(0.018261841365269253), 'max_response_time': np.float64(0.03391909599304199), 'min_response_time': np.float64(0.005402565002441406)}
2026-07-28 04:59:05,016 | INFO     | [DataAdapter] M1 anomaly detection completed for GBPUSD-OTC in 0.086s
2026-07-28 04:59:05,141 | INFO     | [CSVQueue] Enqueuing write for data_base/csv/iq_option\GBPUSD-OTC\GBPUSD-OTC_M1.csv - Queue size: 0
2026-07-28 04:59:05,155 | INFO     | [DataAdapter] M1 data refresh completed for GBPUSD-OTC
2026-07-28 04:59:05,186 | INFO     | [DataAdapter] Refreshing M5 data for GBPUSD-OTC
2026-07-28 04:59:05,238 | INFO     | [DataAdapter] M5 anomaly detection completed for GBPUSD-OTC
2026-07-28 04:59:05,249 | INFO     | [DataAdapter] M5 data refresh completed for GBPUSD-OTC
2026-07-28 04:59:05,278 | INFO     | [DataAdapter] Refreshing M15 data for GBPUSD-OTC
2026-07-28 04:59:05,286 | INFO     | [DataAdapter] M15 anomaly detection completed for GBPUSD-OTC
2026-07-28 04:59:05,294 | INFO     | [DataAdapter] M15 data refresh completed for GBPUSD-OTC
2026-07-28 04:59:05,294 | INFO     | [IQOPTION] REST fetch succeeded for EURGBP-OTC: 3 candles
2026-07-28 04:59:05,295 | INFO     | [CSVWriter] Successfully wrote 102 rows to data_base/csv/iq_option\EURUSD-OTC\EURUSD-OTC_M1.csv
2026-07-28 04:59:05,296 | INFO     | [DataAdapter] Anomaly statistics for GBPUSD-OTC: {'total_calls': 8, 'response_times': [0.03267025947570801, 0.03391909599304199, 0.006999492645263672, 0.019204378128051758, 0.010622262954711914, 0.005402565002441406, 0.019014835357666016, 0.08554816246032715], 'spike_count': 0, 'zero_volume_count': 0, 'impossible_candle_count': 0, 'consecutive_anomalies': 0, 'avg_response_time': np.float64(0.02667263150215149), 'max_response_time': np.float64(0.08554816246032715), 'min_response_time': np.float64(0.005402565002441406)}
2026-07-28 04:59:05,304 | INFO     | [CSVQueue] Successfully processed write for data_base/csv/iq_option\EURUSD-OTC\EURUSD-OTC_M1.csv
2026-07-28 04:59:05,315 | INFO     | [DataAdapter] M1 anomaly detection completed for EURGBP-OTC in 0.007s
2026-07-28 04:59:05,315 | INFO     | [CSVQueue] Processing write for data_base/csv/iq_option\GBPUSD-OTC\GBPUSD-OTC_M1.csv
2026-07-28 04:59:05,317 | INFO     | [CSVWriter] Writing 99 rows to data_base/csv/iq_option\GBPUSD-OTC\GBPUSD-OTC_M1.csv
2026-07-28 04:59:05,320 | INFO     | [CSVQueue] Enqueuing write for data_base/csv/iq_option\EURGBP-OTC\EURGBP-OTC_M1.csv - Queue size: 0
2026-07-28 04:59:05,321 | INFO     | [DataAdapter] M1 data refresh completed for EURGBP-OTC
2026-07-28 04:59:05,321 | INFO     | [DataAdapter] Refreshing M5 data for EURGBP-OTC
2026-07-28 04:59:05,329 | INFO     | [DataAdapter] M5 anomaly detection completed for EURGBP-OTC
2026-07-28 04:59:05,329 | INFO     | [DataAdapter] M5 data refresh completed for EURGBP-OTC
2026-07-28 04:59:05,329 | INFO     | [DataAdapter] Refreshing M15 data for EURGBP-OTC
2026-07-28 04:59:05,344 | INFO     | [DataAdapter] M15 anomaly detection completed for EURGBP-OTC
2026-07-28 04:59:05,344 | INFO     | [DataAdapter] M15 data refresh completed for EURGBP-OTC
2026-07-28 04:59:05,347 | INFO     | [DataAdapter] Anomaly statistics for EURGBP-OTC: {'total_calls': 9, 'response_times': [0.03267025947570801, 0.03391909599304199, 0.006999492645263672, 0.019204378128051758, 0.010622262954711914, 0.005402565002441406, 0.019014835357666016, 0.08554816246032715, 0.006896495819091797], 'spike_count': 0, 'zero_volume_count': 0, 'impossible_candle_count': 0, 'consecutive_anomalies': 0, 'avg_response_time': np.float64(0.024475283092922635), 'max_response_time': np.float64(0.08554816246032715), 'min_response_time': np.float64(0.005402565002441406)}
2026-07-28 04:59:05,347 | ERROR    | Error getting future result for EURUSD
Traceback (most recent call last):
  File "C:\Users\BUSOLOVE\AppData\Local\Programs\Python\Python312\Lib\site-packages\pandas\core\indexes\base.py", line 3641, in get_loc
    return self._engine.get_loc(casted_key)
           ^^^^^^^^^^^^^^^^^^^^^^^^^^^^^^^^
  File "pandas/_libs/index.pyx", line 168, in pandas._libs.index.IndexEngine.get_loc
  File "pandas/_libs/index.pyx", line 197, in pandas._libs.index.IndexEngine.get_loc
  File "pandas/_libs/hashtable_class_helper.pxi", line 7668, in pandas._libs.hashtable.PyObjectHashTable.get_item
  File "pandas/_libs/hashtable_class_helper.pxi", line 7676, in pandas._libs.hashtable.PyObjectHashTable.get_item
KeyError: 'zero_volume_detected'

The above exception was the direct cause of the following exception:

Traceback (most recent call last):
  File "E:\BOT_FINALBOT\FINALBOT_Begin\data_feed\data_adapter.py", line 266, in _refresh_m1
    completed = self._anomaly_detector.detect_anomalies(completed, symbol)
                ^^^^^^^^^^^^^^^^^^^^^^^^^^^^^^^^^^^^^^^^^^^^^^^^^^^^^^^^^^
  File "E:\BOT_FINALBOT\FINALBOT_Begin\data_feed\anomaly_detector.py", line 251, in detect_anomalies
    result_df = self.detect_zero_volume(result_df, symbol)
                ^^^^^^^^^^^^^^^^^^^^^^^^^^^^^^^^^^^^^^^^^^
  File "E:\BOT_FINALBOT\FINALBOT_Begin\data_feed\anomaly_detector.py", line 164, in detect_zero_volume
    df['zero_volume_streak'] = (df['zero_volume_detected'] == True).cumsum()
                                ~~^^^^^^^^^^^^^^^^^^^^^^^^
  File "C:\Users\BUSOLOVE\AppData\Local\Programs\Python\Python312\Lib\site-packages\pandas\core\frame.py", line 4378, in __getitem__
    indexer = self.columns.get_loc(key)
              ^^^^^^^^^^^^^^^^^^^^^^^^^
  File "C:\Users\BUSOLOVE\AppData\Local\Programs\Python\Python312\Lib\site-packages\pandas\core\indexes\base.py", line 3648, in get_loc
    raise KeyError(key) from err
KeyError: 'zero_volume_detected'

During handling of the above exception, another exception occurred:

Traceback (most recent call last):
  File "E:\BOT_FINALBOT\FINALBOT_Begin\data_feed\data_adapter.py", line 180, in update
    completed_m1 = self._refresh_m1(symbol, now_naive)
                   ^^^^^^^^^^^^^^^^^^^^^^^^^^^^^^^^^^^
  File "E:\BOT_FINALBOT\FINALBOT_Begin\data_feed\data_adapter.py", line 280, in _refresh_m1
    raise RuntimeError(f"Zero Tolerance: Anomaly detection failed for {symbol}: {e}")
RuntimeError: Zero Tolerance: Anomaly detection failed for EURUSD: 'zero_volume_detected'

During handling of the above exception, another exception occurred:

Traceback (most recent call last):
  File "E:\BOT_FINALBOT\FINALBOT_Begin\runner.py", line 246, in run_cycle
    result_val = sym_futures[sym].result()
                 ^^^^^^^^^^^^^^^^^^^^^^^^^
  File "C:\Users\BUSOLOVE\AppData\Local\Programs\Python\Python312\Lib\concurrent\futures\_base.py", line 449, in result
    return self.__get_result()
           ^^^^^^^^^^^^^^^^^^^
  File "C:\Users\BUSOLOVE\AppData\Local\Programs\Python\Python312\Lib\concurrent\futures\_base.py", line 401, in __get_result
    raise self._exception
  File "C:\Users\BUSOLOVE\AppData\Local\Programs\Python\Python312\Lib\concurrent\futures\thread.py", line 58, in run
    result = self.fn(*self.args, **self.kwargs)
             ^^^^^^^^^^^^^^^^^^^^^^^^^^^^^^^^^^
  File "E:\BOT_FINALBOT\FINALBOT_Begin\runner.py", line 153, in fetch_and_save_data
    return self.candle_adapter.update(symbol, broker_epoch=broker_epoch)
           ^^^^^^^^^^^^^^^^^^^^^^^^^^^^^^^^^^^^^^^^^^^^^^^^^^^^^^^^^^^^^
  File "E:\BOT_FINALBOT\FINALBOT_Begin\data_feed\data_adapter.py", line 237, in update
    raise Exception(f"Zero Tolerance: update failed for {symbol}: {e}")
Exception: Zero Tolerance: update failed for EURUSD: Zero Tolerance: Anomaly detection failed for EURUSD: 'zero_volume_detected'
2026-07-28 04:59:05,348 | INFO     | [CSVWriter] Successfully wrote 102 rows to data_base/csv/iq_option\GBPUSD-OTC\GBPUSD-OTC_M1.csv
2026-07-28 04:59:05,351 | INFO     | [CSVQueue] Successfully processed write for data_base/csv/iq_option\GBPUSD-OTC\GBPUSD-OTC_M1.csv
2026-07-28 04:59:05,351 | INFO     | [CSVQueue] Processing write for data_base/csv/iq_option\EURGBP-OTC\EURGBP-OTC_M1.csv
2026-07-28 04:59:05,351 | INFO     | [CSVWriter] Writing 99 rows to data_base/csv/iq_option\EURGBP-OTC\EURGBP-OTC_M1.csv
2026-07-28 04:59:05,369 | INFO     | [CSVWriter] Successfully wrote 102 rows to data_base/csv/iq_option\EURGBP-OTC\EURGBP-OTC_M1.csv
2026-07-28 04:59:05,374 | INFO     | [CSVQueue] Successfully processed write for data_base/csv/iq_option\EURGBP-OTC\EURGBP-OTC_M1.csv
2026-07-28 04:59:05,374 | INFO     | [CSVQueue] Queue size: 0
2026-07-28 04:59:05,377 | ERROR    | Orchestrator failed for EURUSD-OTC
Traceback (most recent call last):
  File "E:\BOT_FINALBOT\FINALBOT_Begin\runner.py", line 263, in run_cycle
    self.orchestrator.process_cycle(sym)
  File "E:\BOT_FINALBOT\FINALBOT_Begin\data_evaluate\orchestrator.py", line 180, in process_cycle
    raise ValueError(f"FAIL-FAST: Insufficient {tf} warm-up candles (minimum {min_req} required)")
ValueError: FAIL-FAST: Insufficient M1 warm-up candles (minimum 250 required)
2026-07-28 04:59:05,397 | ERROR    | Orchestrator failed for GBPUSD-OTC
Traceback (most recent call last):
  File "E:\BOT_FINALBOT\FINALBOT_Begin\runner.py", line 263, in run_cycle
    self.orchestrator.process_cycle(sym)
  File "E:\BOT_FINALBOT\FINALBOT_Begin\data_evaluate\orchestrator.py", line 180, in process_cycle
    raise ValueError(f"FAIL-FAST: Insufficient {tf} warm-up candles (minimum {min_req} required)")
ValueError: FAIL-FAST: Insufficient M1 warm-up candles (minimum 250 required)
2026-07-28 04:59:05,412 | ERROR    | Orchestrator failed for EURGBP-OTC
Traceback (most recent call last):
  File "E:\BOT_FINALBOT\FINALBOT_Begin\runner.py", line 263, in run_cycle
    self.orchestrator.process_cycle(sym)
  File "E:\BOT_FINALBOT\FINALBOT_Begin\data_evaluate\orchestrator.py", line 180, in process_cycle
    raise ValueError(f"FAIL-FAST: Insufficient {tf} warm-up candles (minimum {min_req} required)")
ValueError: FAIL-FAST: Insufficient M1 warm-up candles (minimum 250 required)
2026-07-28 04:59:05,417 | INFO     | [EURUSD-OTC:1.14288][GBPUSD-OTC:1.33405][EURGBP-OTC:0.85655] :: TOTAL=$1453.95
2026-07-28 05:00:03,677 | INFO     | [DataAdapter] Starting update for EURUSD
2026-07-28 05:00:03,677 | INFO     | [DataAdapter] Refreshing M1 data for EURUSD
2026-07-28 05:00:03,677 | INFO     | [DataAdapter] Starting update for EURUSD-OTC
2026-07-28 05:00:03,678 | INFO     | [DataAdapter] Starting update for GBPUSD-OTC
2026-07-28 05:00:03,678 | INFO     | [DataAdapter] Refreshing M1 data for EURUSD-OTC
2026-07-28 05:00:03,678 | INFO     | [DataAdapter] Starting update for EURGBP-OTC
2026-07-28 05:00:03,678 | INFO     | [DataAdapter] Refreshing M1 data for GBPUSD-OTC
2026-07-28 05:00:03,691 | INFO     | [DataAdapter] Refreshing M1 data for EURGBP-OTC
2026-07-28 05:00:03,927 | INFO     | [IQOPTION] REST fetch succeeded for EURUSD: 3 candles
2026-07-28 05:00:03,959 | ERROR    | [DataAdapter] Anomaly detection failed for EURUSD: 'zero_volume_detected'
2026-07-28 05:00:03,959 | ERROR    | [DataAdapter] update failed for EURUSD: Zero Tolerance: Anomaly detection failed for EURUSD: 'zero_volume_detected'
2026-07-28 05:00:03,974 | ERROR    | [DataAdapter] Zero Tolerance: stopping immediately - no retry allowed
2026-07-28 05:00:04,300 | INFO     | [IQOPTION] REST fetch succeeded for EURUSD-OTC: 3 candles
2026-07-28 05:00:04,336 | INFO     | [DataAdapter] M1 anomaly detection completed for EURUSD-OTC in 0.013s
2026-07-28 05:00:04,444 | INFO     | [CSVQueue] Enqueuing write for data_base/csv/iq_option\EURUSD-OTC\EURUSD-OTC_M1.csv - Queue size: 0
2026-07-28 05:00:04,460 | INFO     | [DataAdapter] M1 data refresh completed for EURUSD-OTC
2026-07-28 05:00:04,475 | INFO     | [CSVQueue] Processing write for data_base/csv/iq_option\EURUSD-OTC\EURUSD-OTC_M1.csv
2026-07-28 05:00:04,475 | INFO     | [DataAdapter] Refreshing M5 data for EURUSD-OTC
2026-07-28 05:00:04,538 | INFO     | [CSVWriter] Writing 99 rows to data_base/csv/iq_option\EURUSD-OTC\EURUSD-OTC_M1.csv
2026-07-28 05:00:04,587 | INFO     | [IQOPTION] REST fetch succeeded for GBPUSD-OTC: 3 candles
2026-07-28 05:00:04,665 | INFO     | [DataAdapter] M1 anomaly detection completed for GBPUSD-OTC in 0.007s
2026-07-28 05:00:04,804 | INFO     | [CSVQueue] Enqueuing write for data_base/csv/iq_option\GBPUSD-OTC\GBPUSD-OTC_M1.csv - Queue size: 0
2026-07-28 05:00:04,820 | INFO     | [DataAdapter] M1 data refresh completed for GBPUSD-OTC
2026-07-28 05:00:04,821 | INFO     | [DataAdapter] Refreshing M5 data for GBPUSD-OTC
2026-07-28 05:00:04,881 | INFO     | [IQOPTION] REST fetch succeeded for EURGBP-OTC: 3 candles
2026-07-28 05:00:04,888 | INFO     | [CSVWriter] Successfully wrote 103 rows to data_base/csv/iq_option\EURUSD-OTC\EURUSD-OTC_M1.csv
2026-07-28 05:00:04,888 | INFO     | [CSVQueue] Successfully processed write for data_base/csv/iq_option\EURUSD-OTC\EURUSD-OTC_M1.csv
2026-07-28 05:00:04,888 | INFO     | [CSVQueue] Processing write for data_base/csv/iq_option\GBPUSD-OTC\GBPUSD-OTC_M1.csv
2026-07-28 05:00:04,888 | INFO     | [CSVWriter] Writing 99 rows to data_base/csv/iq_option\GBPUSD-OTC\GBPUSD-OTC_M1.csv
2026-07-28 05:00:05,039 | INFO     | [DataAdapter] M1 anomaly detection completed for EURGBP-OTC in 0.017s
2026-07-28 05:00:05,114 | INFO     | [CSVQueue] Enqueuing write for data_base/csv/iq_option\EURGBP-OTC\EURGBP-OTC_M1.csv - Queue size: 0
2026-07-28 05:00:05,117 | INFO     | [IQOPTION] REST fetch succeeded for EURUSD-OTC: 3 candles
2026-07-28 05:00:05,118 | INFO     | [DataAdapter] M1 data refresh completed for EURGBP-OTC
2026-07-28 05:00:05,189 | INFO     | [DataAdapter] Refreshing M5 data for EURGBP-OTC
2026-07-28 05:00:05,227 | INFO     | [DataAdapter] M5 anomaly detection completed for EURUSD-OTC
2026-07-28 05:00:05,237 | INFO     | [CSVWriter] Successfully wrote 103 rows to data_base/csv/iq_option\GBPUSD-OTC\GBPUSD-OTC_M1.csv
2026-07-28 05:00:05,240 | INFO     | [CSVQueue] Successfully processed write for data_base/csv/iq_option\GBPUSD-OTC\GBPUSD-OTC_M1.csv
2026-07-28 05:00:05,282 | INFO     | [CSVQueue] Processing write for data_base/csv/iq_option\EURGBP-OTC\EURGBP-OTC_M1.csv
2026-07-28 05:00:05,313 | INFO     | [CSVQueue] Enqueuing write for data_base/csv/iq_option\EURUSD-OTC\EURUSD-OTC_M5.csv - Queue size: 0
2026-07-28 05:00:05,329 | INFO     | [CSVWriter] Writing 99 rows to data_base/csv/iq_option\EURGBP-OTC\EURGBP-OTC_M1.csv
2026-07-28 05:00:05,329 | INFO     | [IQOPTION] REST fetch succeeded for GBPUSD-OTC: 3 candles
2026-07-28 05:00:05,344 | INFO     | [DataAdapter] M5 data refresh completed for EURUSD-OTC
2026-07-28 05:00:05,427 | INFO     | [DataAdapter] Refreshing M15 data for EURUSD-OTC
2026-07-28 05:00:05,550 | INFO     | [DataAdapter] M5 anomaly detection completed for GBPUSD-OTC
2026-07-28 05:00:05,553 | INFO     | [IQOPTION] REST fetch succeeded for EURGBP-OTC: 3 candles
2026-07-28 05:00:05,583 | INFO     | [CSVQueue] Enqueuing write for data_base/csv/iq_option\GBPUSD-OTC\GBPUSD-OTC_M5.csv - Queue size: 1
2026-07-28 05:00:05,624 | INFO     | [DataAdapter] M5 data refresh completed for GBPUSD-OTC
2026-07-28 05:00:05,624 | INFO     | [DataAdapter] Refreshing M15 data for GBPUSD-OTC
2026-07-28 05:00:05,703 | INFO     | [DataAdapter] M5 anomaly detection completed for EURGBP-OTC
2026-07-28 05:00:05,778 | INFO     | [CSVWriter] Successfully wrote 103 rows to data_base/csv/iq_option\EURGBP-OTC\EURGBP-OTC_M1.csv
2026-07-28 05:00:05,778 | INFO     | [CSVQueue] Successfully processed write for data_base/csv/iq_option\EURGBP-OTC\EURGBP-OTC_M1.csv
2026-07-28 05:00:05,793 | INFO     | [CSVQueue] Enqueuing write for data_base/csv/iq_option\EURGBP-OTC\EURGBP-OTC_M5.csv - Queue size: 2
2026-07-28 05:00:05,793 | INFO     | [CSVQueue] Processing write for data_base/csv/iq_option\EURUSD-OTC\EURUSD-OTC_M5.csv
2026-07-28 05:00:05,794 | INFO     | [IQOPTION] REST fetch succeeded for EURUSD-OTC: 3 candles
2026-07-28 05:00:05,824 | INFO     | [DataAdapter] M5 data refresh completed for EURGBP-OTC
2026-07-28 05:00:05,840 | INFO     | [CSVWriter] Writing 249 rows to data_base/csv/iq_option\EURUSD-OTC\EURUSD-OTC_M5.csv
2026-07-28 05:00:05,874 | INFO     | [DataAdapter] Refreshing M15 data for EURGBP-OTC
2026-07-28 05:00:05,882 | INFO     | [DataAdapter] M15 anomaly detection completed for EURUSD-OTC
2026-07-28 05:00:06,043 | INFO     | [CSVQueue] Enqueuing write for data_base/csv/iq_option\EURUSD-OTC\EURUSD-OTC_M15.csv - Queue size: 2
2026-07-28 05:00:06,044 | INFO     | [DataAdapter] M15 data refresh completed for EURUSD-OTC
2026-07-28 05:00:06,044 | INFO     | [DataAdapter] Anomaly statistics for EURUSD-OTC: {'total_calls': 12, 'response_times': [0.03267025947570801, 0.03391909599304199, 0.006999492645263672, 0.019204378128051758, 0.010622262954711914, 0.005402565002441406, 0.019014835357666016, 0.08554816246032715, 0.006896495819091797, 0.013011932373046875, 0.006913423538208008, 0.016666889190673828], 'spike_count': 0, 'zero_volume_count': 0, 'impossible_candle_count': 0, 'consecutive_anomalies': 0, 'avg_response_time': np.float64(0.021405816078186035), 'max_response_time': np.float64(0.08554816246032715), 'min_response_time': np.float64(0.005402565002441406)}
2026-07-28 05:00:06,246 | INFO     | [IQOPTION] REST fetch succeeded for GBPUSD-OTC: 3 candles
2026-07-28 05:00:06,262 | INFO     | [CSVWriter] Successfully wrote 250 rows to data_base/csv/iq_option\EURUSD-OTC\EURUSD-OTC_M5.csv
2026-07-28 05:00:06,325 | INFO     | [CSVQueue] Successfully processed write for data_base/csv/iq_option\EURUSD-OTC\EURUSD-OTC_M5.csv
2026-07-28 05:00:06,325 | INFO     | [CSVQueue] Processing write for data_base/csv/iq_option\GBPUSD-OTC\GBPUSD-OTC_M5.csv
2026-07-28 05:00:06,356 | INFO     | [CSVWriter] Writing 249 rows to data_base/csv/iq_option\GBPUSD-OTC\GBPUSD-OTC_M5.csv
2026-07-28 05:00:06,420 | INFO     | [DataAdapter] M15 anomaly detection completed for GBPUSD-OTC
2026-07-28 05:00:06,511 | INFO     | [IQOPTION] REST fetch succeeded for EURGBP-OTC: 3 candles
2026-07-28 05:00:06,518 | INFO     | [CSVQueue] Enqueuing write for data_base/csv/iq_option\GBPUSD-OTC\GBPUSD-OTC_M15.csv - Queue size: 2
2026-07-28 05:00:06,524 | INFO     | [DataAdapter] M15 anomaly detection completed for EURGBP-OTC
2026-07-28 05:00:06,524 | INFO     | [DataAdapter] M15 data refresh completed for GBPUSD-OTC
2026-07-28 05:00:06,528 | INFO     | [DataAdapter] Anomaly statistics for GBPUSD-OTC: {'total_calls': 12, 'response_times': [0.03267025947570801, 0.03391909599304199, 0.006999492645263672, 0.019204378128051758, 0.010622262954711914, 0.005402565002441406, 0.019014835357666016, 0.08554816246032715, 0.006896495819091797, 0.013011932373046875, 0.006913423538208008, 0.016666889190673828], 'spike_count': 0, 'zero_volume_count': 0, 'impossible_candle_count': 0, 'consecutive_anomalies': 0, 'avg_response_time': np.float64(0.021405816078186035), 'max_response_time': np.float64(0.08554816246032715), 'min_response_time': np.float64(0.005402565002441406)}
2026-07-28 05:00:06,530 | INFO     | [CSVQueue] Enqueuing write for data_base/csv/iq_option\EURGBP-OTC\EURGBP-OTC_M15.csv - Queue size: 3
2026-07-28 05:00:06,530 | INFO     | [DataAdapter] M15 data refresh completed for EURGBP-OTC
2026-07-28 05:00:06,531 | INFO     | [DataAdapter] Anomaly statistics for EURGBP-OTC: {'total_calls': 12, 'response_times': [0.03267025947570801, 0.03391909599304199, 0.006999492645263672, 0.019204378128051758, 0.010622262954711914, 0.005402565002441406, 0.019014835357666016, 0.08554816246032715, 0.006896495819091797, 0.013011932373046875, 0.006913423538208008, 0.016666889190673828], 'spike_count': 0, 'zero_volume_count': 0, 'impossible_candle_count': 0, 'consecutive_anomalies': 0, 'avg_response_time': np.float64(0.021405816078186035), 'max_response_time': np.float64(0.08554816246032715), 'min_response_time': np.float64(0.005402565002441406)}
2026-07-28 05:00:06,533 | ERROR    | Error getting future result for EURUSD
Traceback (most recent call last):
  File "C:\Users\BUSOLOVE\AppData\Local\Programs\Python\Python312\Lib\site-packages\pandas\core\indexes\base.py", line 3641, in get_loc
    return self._engine.get_loc(casted_key)
           ^^^^^^^^^^^^^^^^^^^^^^^^^^^^^^^^
  File "pandas/_libs/index.pyx", line 168, in pandas._libs.index.IndexEngine.get_loc
  File "pandas/_libs/index.pyx", line 197, in pandas._libs.index.IndexEngine.get_loc
  File "pandas/_libs/hashtable_class_helper.pxi", line 7668, in pandas._libs.hashtable.PyObjectHashTable.get_item
  File "pandas/_libs/hashtable_class_helper.pxi", line 7676, in pandas._libs.hashtable.PyObjectHashTable.get_item
KeyError: 'zero_volume_detected'

The above exception was the direct cause of the following exception:

Traceback (most recent call last):
  File "E:\BOT_FINALBOT\FINALBOT_Begin\data_feed\data_adapter.py", line 266, in _refresh_m1
    completed = self._anomaly_detector.detect_anomalies(completed, symbol)
                ^^^^^^^^^^^^^^^^^^^^^^^^^^^^^^^^^^^^^^^^^^^^^^^^^^^^^^^^^^
  File "E:\BOT_FINALBOT\FINALBOT_Begin\data_feed\anomaly_detector.py", line 251, in detect_anomalies
    result_df = self.detect_zero_volume(result_df, symbol)
                ^^^^^^^^^^^^^^^^^^^^^^^^^^^^^^^^^^^^^^^^^^
  File "E:\BOT_FINALBOT\FINALBOT_Begin\data_feed\anomaly_detector.py", line 164, in detect_zero_volume
    df['zero_volume_streak'] = (df['zero_volume_detected'] == True).cumsum()
                                ~~^^^^^^^^^^^^^^^^^^^^^^^^
  File "C:\Users\BUSOLOVE\AppData\Local\Programs\Python\Python312\Lib\site-packages\pandas\core\frame.py", line 4378, in __getitem__
    indexer = self.columns.get_loc(key)
              ^^^^^^^^^^^^^^^^^^^^^^^^^
  File "C:\Users\BUSOLOVE\AppData\Local\Programs\Python\Python312\Lib\site-packages\pandas\core\indexes\base.py", line 3648, in get_loc
    raise KeyError(key) from err
KeyError: 'zero_volume_detected'

During handling of the above exception, another exception occurred:

Traceback (most recent call last):
  File "E:\BOT_FINALBOT\FINALBOT_Begin\data_feed\data_adapter.py", line 180, in update
    completed_m1 = self._refresh_m1(symbol, now_naive)
                   ^^^^^^^^^^^^^^^^^^^^^^^^^^^^^^^^^^^
  File "E:\BOT_FINALBOT\FINALBOT_Begin\data_feed\data_adapter.py", line 280, in _refresh_m1
    raise RuntimeError(f"Zero Tolerance: Anomaly detection failed for {symbol}: {e}")
RuntimeError: Zero Tolerance: Anomaly detection failed for EURUSD: 'zero_volume_detected'

During handling of the above exception, another exception occurred:

Traceback (most recent call last):
  File "E:\BOT_FINALBOT\FINALBOT_Begin\runner.py", line 246, in run_cycle
    result_val = sym_futures[sym].result()
                 ^^^^^^^^^^^^^^^^^^^^^^^^^
  File "C:\Users\BUSOLOVE\AppData\Local\Programs\Python\Python312\Lib\concurrent\futures\_base.py", line 449, in result
    return self.__get_result()
           ^^^^^^^^^^^^^^^^^^^
  File "C:\Users\BUSOLOVE\AppData\Local\Programs\Python\Python312\Lib\concurrent\futures\_base.py", line 401, in __get_result
    raise self._exception
  File "C:\Users\BUSOLOVE\AppData\Local\Programs\Python\Python312\Lib\concurrent\futures\thread.py", line 58, in run
    result = self.fn(*self.args, **self.kwargs)
             ^^^^^^^^^^^^^^^^^^^^^^^^^^^^^^^^^^
  File "E:\BOT_FINALBOT\FINALBOT_Begin\runner.py", line 153, in fetch_and_save_data
    return self.candle_adapter.update(symbol, broker_epoch=broker_epoch)
           ^^^^^^^^^^^^^^^^^^^^^^^^^^^^^^^^^^^^^^^^^^^^^^^^^^^^^^^^^^^^^
  File "E:\BOT_FINALBOT\FINALBOT_Begin\data_feed\data_adapter.py", line 237, in update
    raise Exception(f"Zero Tolerance: update failed for {symbol}: {e}")
Exception: Zero Tolerance: update failed for EURUSD: Zero Tolerance: Anomaly detection failed for EURUSD: 'zero_volume_detected'
2026-07-28 05:00:06,535 | INFO     | [CSVWriter] Successfully wrote 250 rows to data_base/csv/iq_option\GBPUSD-OTC\GBPUSD-OTC_M5.csv
2026-07-28 05:00:06,536 | INFO     | [CSVQueue] Successfully processed write for data_base/csv/iq_option\GBPUSD-OTC\GBPUSD-OTC_M5.csv
2026-07-28 05:00:06,536 | INFO     | [CSVQueue] Processing write for data_base/csv/iq_option\EURGBP-OTC\EURGBP-OTC_M5.csv
2026-07-28 05:00:06,536 | INFO     | [CSVWriter] Writing 249 rows to data_base/csv/iq_option\EURGBP-OTC\EURGBP-OTC_M5.csv
2026-07-28 05:00:06,547 | INFO     | [CSVWriter] Successfully wrote 250 rows to data_base/csv/iq_option\EURGBP-OTC\EURGBP-OTC_M5.csv
2026-07-28 05:00:06,549 | INFO     | [CSVQueue] Successfully processed write for data_base/csv/iq_option\EURGBP-OTC\EURGBP-OTC_M5.csv
2026-07-28 05:00:06,549 | INFO     | [CSVQueue] Processing write for data_base/csv/iq_option\EURUSD-OTC\EURUSD-OTC_M15.csv
2026-07-28 05:00:06,549 | INFO     | [CSVWriter] Writing 49 rows to data_base/csv/iq_option\EURUSD-OTC\EURUSD-OTC_M15.csv
2026-07-28 05:00:06,560 | INFO     | [CSVWriter] Successfully wrote 50 rows to data_base/csv/iq_option\EURUSD-OTC\EURUSD-OTC_M15.csv
2026-07-28 05:00:06,560 | INFO     | [CSVQueue] Successfully processed write for data_base/csv/iq_option\EURUSD-OTC\EURUSD-OTC_M15.csv
2026-07-28 05:00:06,560 | INFO     | [CSVQueue] Processing write for data_base/csv/iq_option\GBPUSD-OTC\GBPUSD-OTC_M15.csv
2026-07-28 05:00:06,560 | INFO     | [CSVWriter] Writing 49 rows to data_base/csv/iq_option\GBPUSD-OTC\GBPUSD-OTC_M15.csv
2026-07-28 05:00:06,567 | INFO     | [CSVWriter] Successfully wrote 50 rows to data_base/csv/iq_option\GBPUSD-OTC\GBPUSD-OTC_M15.csv
2026-07-28 05:00:06,567 | INFO     | [CSVQueue] Successfully processed write for data_base/csv/iq_option\GBPUSD-OTC\GBPUSD-OTC_M15.csv
2026-07-28 05:00:06,567 | INFO     | [CSVQueue] Processing write for data_base/csv/iq_option\EURGBP-OTC\EURGBP-OTC_M15.csv
2026-07-28 05:00:06,567 | INFO     | [CSVWriter] Writing 49 rows to data_base/csv/iq_option\EURGBP-OTC\EURGBP-OTC_M15.csv
2026-07-28 05:00:06,577 | ERROR    | Orchestrator failed for EURUSD-OTC
Traceback (most recent call last):
  File "E:\BOT_FINALBOT\FINALBOT_Begin\runner.py", line 263, in run_cycle
    self.orchestrator.process_cycle(sym)
  File "E:\BOT_FINALBOT\FINALBOT_Begin\data_evaluate\orchestrator.py", line 180, in process_cycle
    raise ValueError(f"FAIL-FAST: Insufficient {tf} warm-up candles (minimum {min_req} required)")
ValueError: FAIL-FAST: Insufficient M1 warm-up candles (minimum 250 required)
2026-07-28 05:00:06,579 | INFO     | [CSVWriter] Successfully wrote 50 rows to data_base/csv/iq_option\EURGBP-OTC\EURGBP-OTC_M15.csv
2026-07-28 05:00:06,579 | INFO     | [CSVQueue] Successfully processed write for data_base/csv/iq_option\EURGBP-OTC\EURGBP-OTC_M15.csv
2026-07-28 05:00:06,579 | INFO     | [CSVQueue] Queue size: 0
2026-07-28 05:00:06,592 | ERROR    | Orchestrator failed for GBPUSD-OTC
Traceback (most recent call last):
  File "E:\BOT_FINALBOT\FINALBOT_Begin\runner.py", line 263, in run_cycle
    self.orchestrator.process_cycle(sym)
  File "E:\BOT_FINALBOT\FINALBOT_Begin\data_evaluate\orchestrator.py", line 180, in process_cycle
    raise ValueError(f"FAIL-FAST: Insufficient {tf} warm-up candles (minimum {min_req} required)")
ValueError: FAIL-FAST: Insufficient M1 warm-up candles (minimum 250 required)
2026-07-28 05:00:06,600 | ERROR    | Orchestrator failed for EURGBP-OTC
Traceback (most recent call last):
  File "E:\BOT_FINALBOT\FINALBOT_Begin\runner.py", line 263, in run_cycle
    self.orchestrator.process_cycle(sym)
  File "E:\BOT_FINALBOT\FINALBOT_Begin\data_evaluate\orchestrator.py", line 180, in process_cycle
    raise ValueError(f"FAIL-FAST: Insufficient {tf} warm-up candles (minimum {min_req} required)")
ValueError: FAIL-FAST: Insufficient M1 warm-up candles (minimum 250 required)
2026-07-28 05:00:06,605 | INFO     | [EURUSD-OTC:1.14315][GBPUSD-OTC:1.33394][EURGBP-OTC:0.85672] :: TOTAL=$1453.95
2026-07-28 05:01:03,837 | INFO     | [DataAdapter] Starting update for EURUSD
2026-07-28 05:01:03,837 | INFO     | [DataAdapter] Refreshing M1 data for EURUSD
2026-07-28 05:01:03,837 | INFO     | [DataAdapter] Starting update for EURUSD-OTC
2026-07-28 05:01:03,837 | INFO     | [DataAdapter] Starting update for GBPUSD-OTC
2026-07-28 05:01:03,837 | INFO     | [DataAdapter] Refreshing M1 data for EURUSD-OTC
2026-07-28 05:01:03,838 | INFO     | [DataAdapter] Starting update for EURGBP-OTC
2026-07-28 05:01:03,838 | INFO     | [DataAdapter] Refreshing M1 data for GBPUSD-OTC
2026-07-28 05:01:03,867 | INFO     | [DataAdapter] Refreshing M1 data for EURGBP-OTC
2026-07-28 05:01:04,210 | INFO     | [IQOPTION] REST fetch succeeded for EURUSD: 3 candles
2026-07-28 05:01:04,274 | ERROR    | [DataAdapter] Anomaly detection failed for EURUSD: 'zero_volume_detected'
2026-07-28 05:01:04,288 | ERROR    | [DataAdapter] update failed for EURUSD: Zero Tolerance: Anomaly detection failed for EURUSD: 'zero_volume_detected'
2026-07-28 05:01:04,304 | ERROR    | [DataAdapter] Zero Tolerance: stopping immediately - no retry allowed
2026-07-28 05:01:04,460 | INFO     | [IQOPTION] REST fetch succeeded for EURUSD-OTC: 3 candles
2026-07-28 05:01:04,496 | INFO     | [DataAdapter] M1 anomaly detection completed for EURUSD-OTC in 0.013s
2026-07-28 05:01:04,617 | INFO     | [CSVQueue] Enqueuing write for data_base/csv/iq_option\EURUSD-OTC\EURUSD-OTC_M1.csv - Queue size: 0
2026-07-28 05:01:04,633 | INFO     | [DataAdapter] M1 data refresh completed for EURUSD-OTC
2026-07-28 05:01:04,649 | INFO     | [DataAdapter] Refreshing M5 data for EURUSD-OTC
2026-07-28 05:01:04,667 | INFO     | [CSVQueue] Processing write for data_base/csv/iq_option\EURUSD-OTC\EURUSD-OTC_M1.csv
2026-07-28 05:01:04,668 | INFO     | [CSVWriter] Writing 99 rows to data_base/csv/iq_option\EURUSD-OTC\EURUSD-OTC_M1.csv
2026-07-28 05:01:04,684 | INFO     | [DataAdapter] M5 anomaly detection completed for EURUSD-OTC
2026-07-28 05:01:04,712 | INFO     | [DataAdapter] M5 data refresh completed for EURUSD-OTC
2026-07-28 05:01:04,713 | INFO     | [IQOPTION] REST fetch succeeded for GBPUSD-OTC: 3 candles
2026-07-28 05:01:04,713 | INFO     | [DataAdapter] Refreshing M15 data for EURUSD-OTC
2026-07-28 05:01:04,809 | INFO     | [DataAdapter] M15 anomaly detection completed for EURUSD-OTC
2026-07-28 05:01:04,823 | INFO     | [DataAdapter] M15 data refresh completed for EURUSD-OTC
2026-07-28 05:01:04,824 | INFO     | [DataAdapter] Anomaly statistics for EURUSD-OTC: {'total_calls': 13, 'response_times': [0.03267025947570801, 0.03391909599304199, 0.006999492645263672, 0.019204378128051758, 0.010622262954711914, 0.005402565002441406, 0.019014835357666016, 0.08554816246032715, 0.006896495819091797, 0.013011932373046875, 0.006913423538208008, 0.016666889190673828, 0.012653112411499023], 'spike_count': 0, 'zero_volume_count': 0, 'impossible_candle_count': 0, 'consecutive_anomalies': 0, 'avg_response_time': np.float64(0.020732531180748574), 'max_response_time': np.float64(0.08554816246032715), 'min_response_time': np.float64(0.005402565002441406)}
2026-07-28 05:01:04,857 | INFO     | [DataAdapter] M1 anomaly detection completed for GBPUSD-OTC in 0.047s
2026-07-28 05:01:04,932 | INFO     | [CSVQueue] Enqueuing write for data_base/csv/iq_option\GBPUSD-OTC\GBPUSD-OTC_M1.csv - Queue size: 0
2026-07-28 05:01:04,933 | INFO     | [DataAdapter] M1 data refresh completed for GBPUSD-OTC
2026-07-28 05:01:04,933 | INFO     | [CSVWriter] Successfully wrote 104 rows to data_base/csv/iq_option\EURUSD-OTC\EURUSD-OTC_M1.csv
2026-07-28 05:01:04,963 | INFO     | [DataAdapter] Refreshing M5 data for GBPUSD-OTC
2026-07-28 05:01:04,995 | INFO     | [CSVQueue] Successfully processed write for data_base/csv/iq_option\EURUSD-OTC\EURUSD-OTC_M1.csv
2026-07-28 05:01:05,026 | INFO     | [CSVQueue] Processing write for data_base/csv/iq_option\GBPUSD-OTC\GBPUSD-OTC_M1.csv
2026-07-28 05:01:05,031 | INFO     | [DataAdapter] M5 anomaly detection completed for GBPUSD-OTC
2026-07-28 05:01:05,039 | INFO     | [CSVWriter] Writing 99 rows to data_base/csv/iq_option\GBPUSD-OTC\GBPUSD-OTC_M1.csv
2026-07-28 05:01:05,085 | INFO     | [DataAdapter] M5 data refresh completed for GBPUSD-OTC
2026-07-28 05:01:05,179 | INFO     | [DataAdapter] Refreshing M15 data for GBPUSD-OTC
2026-07-28 05:01:05,247 | INFO     | [DataAdapter] M15 anomaly detection completed for GBPUSD-OTC
2026-07-28 05:01:05,247 | INFO     | [DataAdapter] M15 data refresh completed for GBPUSD-OTC
2026-07-28 05:01:05,248 | INFO     | [DataAdapter] Anomaly statistics for GBPUSD-OTC: {'total_calls': 14, 'response_times': [0.03267025947570801, 0.03391909599304199, 0.006999492645263672, 0.019204378128051758, 0.010622262954711914, 0.005402565002441406, 0.019014835357666016, 0.08554816246032715, 0.006896495819091797, 0.013011932373046875, 0.006913423538208008, 0.016666889190673828, 0.012653112411499023, 0.046982526779174805], 'spike_count': 0, 'zero_volume_count': 0, 'impossible_candle_count': 0, 'consecutive_anomalies': 0, 'avg_response_time': np.float64(0.022607530866350447), 'max_response_time': np.float64(0.08554816246032715), 'min_response_time': np.float64(0.005402565002441406)}
2026-07-28 05:01:05,248 | INFO     | [IQOPTION] REST fetch succeeded for EURGBP-OTC: 3 candles
2026-07-28 05:01:05,276 | INFO     | [DataAdapter] M1 anomaly detection completed for EURGBP-OTC in 0.007s
2026-07-28 05:01:05,280 | INFO     | [CSVQueue] Enqueuing write for data_base/csv/iq_option\EURGBP-OTC\EURGBP-OTC_M1.csv - Queue size: 0
2026-07-28 05:01:05,280 | INFO     | [DataAdapter] M1 data refresh completed for EURGBP-OTC
2026-07-28 05:01:05,280 | INFO     | [CSVWriter] Successfully wrote 104 rows to data_base/csv/iq_option\GBPUSD-OTC\GBPUSD-OTC_M1.csv
2026-07-28 05:01:05,280 | INFO     | [DataAdapter] Refreshing M5 data for EURGBP-OTC
2026-07-28 05:01:05,281 | INFO     | [CSVQueue] Successfully processed write for data_base/csv/iq_option\GBPUSD-OTC\GBPUSD-OTC_M1.csv
2026-07-28 05:01:05,287 | INFO     | [CSVQueue] Processing write for data_base/csv/iq_option\EURGBP-OTC\EURGBP-OTC_M1.csv
2026-07-28 05:01:05,288 | INFO     | [CSVWriter] Writing 99 rows to data_base/csv/iq_option\EURGBP-OTC\EURGBP-OTC_M1.csv
2026-07-28 05:01:05,296 | INFO     | [DataAdapter] M5 anomaly detection completed for EURGBP-OTC
2026-07-28 05:01:05,296 | INFO     | [DataAdapter] M5 data refresh completed for EURGBP-OTC
2026-07-28 05:01:05,297 | INFO     | [DataAdapter] Refreshing M15 data for EURGBP-OTC
2026-07-28 05:01:05,304 | INFO     | [DataAdapter] M15 anomaly detection completed for EURGBP-OTC
2026-07-28 05:01:05,305 | INFO     | [DataAdapter] M15 data refresh completed for EURGBP-OTC
2026-07-28 05:01:05,305 | INFO     | [DataAdapter] Anomaly statistics for EURGBP-OTC: {'total_calls': 15, 'response_times': [0.03267025947570801, 0.03391909599304199, 0.006999492645263672, 0.019204378128051758, 0.010622262954711914, 0.005402565002441406, 0.019014835357666016, 0.08554816246032715, 0.006896495819091797, 0.013011932373046875, 0.006913423538208008, 0.016666889190673828, 0.012653112411499023, 0.046982526779174805, 0.0069997310638427734], 'spike_count': 0, 'zero_volume_count': 0, 'impossible_candle_count': 0, 'consecutive_anomalies': 0, 'avg_response_time': np.float64(0.021567010879516603), 'max_response_time': np.float64(0.08554816246032715), 'min_response_time': np.float64(0.005402565002441406)}
2026-07-28 05:01:05,310 | ERROR    | Error getting future result for EURUSD
Traceback (most recent call last):
  File "C:\Users\BUSOLOVE\AppData\Local\Programs\Python\Python312\Lib\site-packages\pandas\core\indexes\base.py", line 3641, in get_loc
    return self._engine.get_loc(casted_key)
           ^^^^^^^^^^^^^^^^^^^^^^^^^^^^^^^^
  File "pandas/_libs/index.pyx", line 168, in pandas._libs.index.IndexEngine.get_loc
  File "pandas/_libs/index.pyx", line 197, in pandas._libs.index.IndexEngine.get_loc
  File "pandas/_libs/hashtable_class_helper.pxi", line 7668, in pandas._libs.hashtable.PyObjectHashTable.get_item
  File "pandas/_libs/hashtable_class_helper.pxi", line 7676, in pandas._libs.hashtable.PyObjectHashTable.get_item
KeyError: 'zero_volume_detected'

The above exception was the direct cause of the following exception:

Traceback (most recent call last):
  File "E:\BOT_FINALBOT\FINALBOT_Begin\data_feed\data_adapter.py", line 266, in _refresh_m1
    completed = self._anomaly_detector.detect_anomalies(completed, symbol)
                ^^^^^^^^^^^^^^^^^^^^^^^^^^^^^^^^^^^^^^^^^^^^^^^^^^^^^^^^^^
  File "E:\BOT_FINALBOT\FINALBOT_Begin\data_feed\anomaly_detector.py", line 251, in detect_anomalies
    result_df = self.detect_zero_volume(result_df, symbol)
                ^^^^^^^^^^^^^^^^^^^^^^^^^^^^^^^^^^^^^^^^^^
  File "E:\BOT_FINALBOT\FINALBOT_Begin\data_feed\anomaly_detector.py", line 164, in detect_zero_volume
    df['zero_volume_streak'] = (df['zero_volume_detected'] == True).cumsum()
                                ~~^^^^^^^^^^^^^^^^^^^^^^^^
  File "C:\Users\BUSOLOVE\AppData\Local\Programs\Python\Python312\Lib\site-packages\pandas\core\frame.py", line 4378, in __getitem__
    indexer = self.columns.get_loc(key)
              ^^^^^^^^^^^^^^^^^^^^^^^^^
  File "C:\Users\BUSOLOVE\AppData\Local\Programs\Python\Python312\Lib\site-packages\pandas\core\indexes\base.py", line 3648, in get_loc
    raise KeyError(key) from err
KeyError: 'zero_volume_detected'

During handling of the above exception, another exception occurred:

Traceback (most recent call last):
  File "E:\BOT_FINALBOT\FINALBOT_Begin\data_feed\data_adapter.py", line 180, in update
    completed_m1 = self._refresh_m1(symbol, now_naive)
                   ^^^^^^^^^^^^^^^^^^^^^^^^^^^^^^^^^^^
  File "E:\BOT_FINALBOT\FINALBOT_Begin\data_feed\data_adapter.py", line 280, in _refresh_m1
    raise RuntimeError(f"Zero Tolerance: Anomaly detection failed for {symbol}: {e}")
RuntimeError: Zero Tolerance: Anomaly detection failed for EURUSD: 'zero_volume_detected'

During handling of the above exception, another exception occurred:

Traceback (most recent call last):
  File "E:\BOT_FINALBOT\FINALBOT_Begin\runner.py", line 246, in run_cycle
    result_val = sym_futures[sym].result()
                 ^^^^^^^^^^^^^^^^^^^^^^^^^
  File "C:\Users\BUSOLOVE\AppData\Local\Programs\Python\Python312\Lib\concurrent\futures\_base.py", line 449, in result
    return self.__get_result()
           ^^^^^^^^^^^^^^^^^^^
  File "C:\Users\BUSOLOVE\AppData\Local\Programs\Python\Python312\Lib\concurrent\futures\_base.py", line 401, in __get_result
    raise self._exception
  File "C:\Users\BUSOLOVE\AppData\Local\Programs\Python\Python312\Lib\concurrent\futures\thread.py", line 58, in run
    result = self.fn(*self.args, **self.kwargs)
             ^^^^^^^^^^^^^^^^^^^^^^^^^^^^^^^^^^
  File "E:\BOT_FINALBOT\FINALBOT_Begin\runner.py", line 153, in fetch_and_save_data
    return self.candle_adapter.update(symbol, broker_epoch=broker_epoch)
           ^^^^^^^^^^^^^^^^^^^^^^^^^^^^^^^^^^^^^^^^^^^^^^^^^^^^^^^^^^^^^
  File "E:\BOT_FINALBOT\FINALBOT_Begin\data_feed\data_adapter.py", line 237, in update
    raise Exception(f"Zero Tolerance: update failed for {symbol}: {e}")
Exception: Zero Tolerance: update failed for EURUSD: Zero Tolerance: Anomaly detection failed for EURUSD: 'zero_volume_detected'
2026-07-28 05:01:05,314 | INFO     | [CSVWriter] Successfully wrote 104 rows to data_base/csv/iq_option\EURGBP-OTC\EURGBP-OTC_M1.csv
2026-07-28 05:01:05,317 | INFO     | [CSVQueue] Successfully processed write for data_base/csv/iq_option\EURGBP-OTC\EURGBP-OTC_M1.csv
2026-07-28 05:01:05,318 | INFO     | [CSVQueue] Queue size: 0
2026-07-28 05:01:05,332 | ERROR    | Orchestrator failed for EURUSD-OTC
Traceback (most recent call last):
  File "E:\BOT_FINALBOT\FINALBOT_Begin\runner.py", line 263, in run_cycle
    self.orchestrator.process_cycle(sym)
  File "E:\BOT_FINALBOT\FINALBOT_Begin\data_evaluate\orchestrator.py", line 180, in process_cycle
    raise ValueError(f"FAIL-FAST: Insufficient {tf} warm-up candles (minimum {min_req} required)")
ValueError: FAIL-FAST: Insufficient M1 warm-up candles (minimum 250 required)
2026-07-28 05:01:05,346 | ERROR    | Orchestrator failed for GBPUSD-OTC
Traceback (most recent call last):
  File "E:\BOT_FINALBOT\FINALBOT_Begin\runner.py", line 263, in run_cycle
    self.orchestrator.process_cycle(sym)
  File "E:\BOT_FINALBOT\FINALBOT_Begin\data_evaluate\orchestrator.py", line 180, in process_cycle
    raise ValueError(f"FAIL-FAST: Insufficient {tf} warm-up candles (minimum {min_req} required)")
ValueError: FAIL-FAST: Insufficient M1 warm-up candles (minimum 250 required)
2026-07-28 05:01:05,360 | ERROR    | Orchestrator failed for EURGBP-OTC
Traceback (most recent call last):
  File "E:\BOT_FINALBOT\FINALBOT_Begin\runner.py", line 263, in run_cycle
    self.orchestrator.process_cycle(sym)
  File "E:\BOT_FINALBOT\FINALBOT_Begin\data_evaluate\orchestrator.py", line 180, in process_cycle
    raise ValueError(f"FAIL-FAST: Insufficient {tf} warm-up candles (minimum {min_req} required)")
ValueError: FAIL-FAST: Insufficient M1 warm-up candles (minimum 250 required)
2026-07-28 05:01:05,385 | INFO     | [EURUSD-OTC:1.14331][GBPUSD-OTC:1.33397][EURGBP-OTC:0.85691] :: TOTAL=$1453.95
2026-07-28 05:02:03,641 | INFO     | [DataAdapter] Starting update for EURUSD
2026-07-28 05:02:03,641 | INFO     | [DataAdapter] Refreshing M1 data for EURUSD
2026-07-28 05:02:03,641 | INFO     | [DataAdapter] Starting update for EURUSD-OTC
2026-07-28 05:02:03,641 | INFO     | [DataAdapter] Refreshing M1 data for EURUSD-OTC
2026-07-28 05:02:03,642 | INFO     | [DataAdapter] Starting update for GBPUSD-OTC
2026-07-28 05:02:03,642 | INFO     | [DataAdapter] Starting update for EURGBP-OTC
2026-07-28 05:02:03,642 | INFO     | [DataAdapter] Refreshing M1 data for GBPUSD-OTC
2026-07-28 05:02:03,642 | INFO     | [DataAdapter] Refreshing M1 data for EURGBP-OTC
2026-07-28 05:02:04,172 | INFO     | [IQOPTION] REST fetch succeeded for EURUSD: 3 candles
2026-07-28 05:02:04,188 | ERROR    | [DataAdapter] Anomaly detection failed for EURUSD: 'zero_volume_detected'
2026-07-28 05:02:04,203 | WARNING  | [DataAdapter] Anomaly detection has failed 6 times
2026-07-28 05:02:04,218 | ERROR    | [DataAdapter] update failed for EURUSD: Zero Tolerance: Anomaly detection failed for EURUSD: 'zero_volume_detected'
2026-07-28 05:02:04,218 | ERROR    | [DataAdapter] Zero Tolerance: stopping immediately - no retry allowed
2026-07-28 05:02:04,438 | INFO     | [IQOPTION] REST fetch succeeded for EURUSD-OTC: 3 candles
2026-07-28 05:02:04,474 | INFO     | [DataAdapter] M1 anomaly detection completed for EURUSD-OTC in 0.013s
2026-07-28 05:02:04,579 | INFO     | [CSVQueue] Enqueuing write for data_base/csv/iq_option\EURUSD-OTC\EURUSD-OTC_M1.csv - Queue size: 0
2026-07-28 05:02:04,595 | INFO     | [DataAdapter] M1 data refresh completed for EURUSD-OTC
2026-07-28 05:02:04,610 | INFO     | [CSVQueue] Processing write for data_base/csv/iq_option\EURUSD-OTC\EURUSD-OTC_M1.csv
2026-07-28 05:02:04,610 | INFO     | [DataAdapter] Refreshing M5 data for EURUSD-OTC
2026-07-28 05:02:04,657 | INFO     | [CSVWriter] Writing 99 rows to data_base/csv/iq_option\EURUSD-OTC\EURUSD-OTC_M1.csv
2026-07-28 05:02:04,741 | INFO     | [IQOPTION] REST fetch succeeded for GBPUSD-OTC: 3 candles
2026-07-28 05:02:04,808 | INFO     | [DataAdapter] M5 anomaly detection completed for EURUSD-OTC
2026-07-28 05:02:04,809 | INFO     | [DataAdapter] M1 anomaly detection completed for GBPUSD-OTC in 0.040s
2026-07-28 05:02:04,832 | INFO     | [DataAdapter] M5 data refresh completed for EURUSD-OTC
2026-07-28 05:02:04,894 | INFO     | [DataAdapter] Refreshing M15 data for EURUSD-OTC
2026-07-28 05:02:04,905 | INFO     | [DataAdapter] M15 anomaly detection completed for EURUSD-OTC
2026-07-28 05:02:04,927 | INFO     | [DataAdapter] M15 data refresh completed for EURUSD-OTC
2026-07-28 05:02:04,942 | INFO     | [DataAdapter] Anomaly statistics for EURUSD-OTC: {'total_calls': 17, 'response_times': [0.03267025947570801, 0.03391909599304199, 0.006999492645263672, 0.019204378128051758, 0.010622262954711914, 0.005402565002441406, 0.019014835357666016, 0.08554816246032715, 0.006896495819091797, 0.013011932373046875, 0.006913423538208008, 0.016666889190673828, 0.012653112411499023, 0.046982526779174805, 0.0069997310638427734, 0.013000011444091797, 0.04003310203552246], 'spike_count': 0, 'zero_volume_count': 0, 'impossible_candle_count': 0, 'consecutive_anomalies': 0, 'avg_response_time': np.float64(0.022149310392491958), 'max_response_time': np.float64(0.08554816246032715), 'min_response_time': np.float64(0.005402565002441406)}
2026-07-28 05:02:05,004 | INFO     | [CSVQueue] Enqueuing write for data_base/csv/iq_option\GBPUSD-OTC\GBPUSD-OTC_M1.csv - Queue size: 0
2026-07-28 05:02:05,034 | INFO     | [DataAdapter] M1 data refresh completed for GBPUSD-OTC
2026-07-28 05:02:05,035 | INFO     | [DataAdapter] Refreshing M5 data for GBPUSD-OTC
2026-07-28 05:02:05,035 | INFO     | [CSVWriter] Successfully wrote 105 rows to data_base/csv/iq_option\EURUSD-OTC\EURUSD-OTC_M1.csv
2026-07-28 05:02:05,038 | INFO     | [IQOPTION] REST fetch succeeded for EURGBP-OTC: 3 candles
2026-07-28 05:02:05,038 | INFO     | [CSVQueue] Successfully processed write for data_base/csv/iq_option\EURUSD-OTC\EURUSD-OTC_M1.csv
2026-07-28 05:02:05,045 | INFO     | [DataAdapter] M5 anomaly detection completed for GBPUSD-OTC
2026-07-28 05:02:05,058 | INFO     | [DataAdapter] M1 anomaly detection completed for EURGBP-OTC in 0.007s
2026-07-28 05:02:05,058 | INFO     | [CSVQueue] Processing write for data_base/csv/iq_option\GBPUSD-OTC\GBPUSD-OTC_M1.csv
2026-07-28 05:02:05,059 | INFO     | [DataAdapter] M5 data refresh completed for GBPUSD-OTC
2026-07-28 05:02:05,061 | INFO     | [CSVWriter] Writing 99 rows to data_base/csv/iq_option\GBPUSD-OTC\GBPUSD-OTC_M1.csv
2026-07-28 05:02:05,062 | INFO     | [DataAdapter] Refreshing M15 data for GBPUSD-OTC
2026-07-28 05:02:05,065 | INFO     | [CSVQueue] Enqueuing write for data_base/csv/iq_option\EURGBP-OTC\EURGBP-OTC_M1.csv - Queue size: 0
2026-07-28 05:02:05,072 | INFO     | [DataAdapter] M15 anomaly detection completed for GBPUSD-OTC
2026-07-28 05:02:05,073 | INFO     | [DataAdapter] M1 data refresh completed for EURGBP-OTC
2026-07-28 05:02:05,073 | INFO     | [DataAdapter] M15 data refresh completed for GBPUSD-OTC
2026-07-28 05:02:05,073 | INFO     | [DataAdapter] Refreshing M5 data for EURGBP-OTC
2026-07-28 05:02:05,074 | INFO     | [DataAdapter] Anomaly statistics for GBPUSD-OTC: {'total_calls': 18, 'response_times': [0.03267025947570801, 0.03391909599304199, 0.006999492645263672, 0.019204378128051758, 0.010622262954711914, 0.005402565002441406, 0.019014835357666016, 0.08554816246032715, 0.006896495819091797, 0.013011932373046875, 0.006913423538208008, 0.016666889190673828, 0.012653112411499023, 0.046982526779174805, 0.0069997310638427734, 0.013000011444091797, 0.04003310203552246, 0.0066754817962646484], 'spike_count': 0, 'zero_volume_count': 0, 'impossible_candle_count': 0, 'consecutive_anomalies': 0, 'avg_response_time': np.float64(0.021289653248257108), 'max_response_time': np.float64(0.08554816246032715), 'min_response_time': np.float64(0.005402565002441406)}
2026-07-28 05:02:05,082 | INFO     | [DataAdapter] M5 anomaly detection completed for EURGBP-OTC
2026-07-28 05:02:05,084 | INFO     | [DataAdapter] M5 data refresh completed for EURGBP-OTC
2026-07-28 05:02:05,085 | INFO     | [DataAdapter] Refreshing M15 data for EURGBP-OTC
2026-07-28 05:02:05,094 | INFO     | [DataAdapter] M15 anomaly detection completed for EURGBP-OTC
2026-07-28 05:02:05,094 | INFO     | [DataAdapter] M15 data refresh completed for EURGBP-OTC
2026-07-28 05:02:05,096 | INFO     | [DataAdapter] Anomaly statistics for EURGBP-OTC: {'total_calls': 18, 'response_times': [0.03267025947570801, 0.03391909599304199, 0.006999492645263672, 0.019204378128051758, 0.010622262954711914, 0.005402565002441406, 0.019014835357666016, 0.08554816246032715, 0.006896495819091797, 0.013011932373046875, 0.006913423538208008, 0.016666889190673828, 0.012653112411499023, 0.046982526779174805, 0.0069997310638427734, 0.013000011444091797, 0.04003310203552246, 0.0066754817962646484], 'spike_count': 0, 'zero_volume_count': 0, 'impossible_candle_count': 0, 'consecutive_anomalies': 0, 'avg_response_time': np.float64(0.021289653248257108), 'max_response_time': np.float64(0.08554816246032715), 'min_response_time': np.float64(0.005402565002441406)}
2026-07-28 05:02:05,097 | ERROR    | Error getting future result for EURUSD
Traceback (most recent call last):
  File "C:\Users\BUSOLOVE\AppData\Local\Programs\Python\Python312\Lib\site-packages\pandas\core\indexes\base.py", line 3641, in get_loc
    return self._engine.get_loc(casted_key)
           ^^^^^^^^^^^^^^^^^^^^^^^^^^^^^^^^
  File "pandas/_libs/index.pyx", line 168, in pandas._libs.index.IndexEngine.get_loc
  File "pandas/_libs/index.pyx", line 197, in pandas._libs.index.IndexEngine.get_loc
  File "pandas/_libs/hashtable_class_helper.pxi", line 7668, in pandas._libs.hashtable.PyObjectHashTable.get_item
  File "pandas/_libs/hashtable_class_helper.pxi", line 7676, in pandas._libs.hashtable.PyObjectHashTable.get_item
KeyError: 'zero_volume_detected'

The above exception was the direct cause of the following exception:

Traceback (most recent call last):
  File "E:\BOT_FINALBOT\FINALBOT_Begin\data_feed\data_adapter.py", line 266, in _refresh_m1
    completed = self._anomaly_detector.detect_anomalies(completed, symbol)
                ^^^^^^^^^^^^^^^^^^^^^^^^^^^^^^^^^^^^^^^^^^^^^^^^^^^^^^^^^^
  File "E:\BOT_FINALBOT\FINALBOT_Begin\data_feed\anomaly_detector.py", line 251, in detect_anomalies
    result_df = self.detect_zero_volume(result_df, symbol)
                ^^^^^^^^^^^^^^^^^^^^^^^^^^^^^^^^^^^^^^^^^^
  File "E:\BOT_FINALBOT\FINALBOT_Begin\data_feed\anomaly_detector.py", line 164, in detect_zero_volume
    df['zero_volume_streak'] = (df['zero_volume_detected'] == True).cumsum()
                                ~~^^^^^^^^^^^^^^^^^^^^^^^^
  File "C:\Users\BUSOLOVE\AppData\Local\Programs\Python\Python312\Lib\site-packages\pandas\core\frame.py", line 4378, in __getitem__
    indexer = self.columns.get_loc(key)
              ^^^^^^^^^^^^^^^^^^^^^^^^^
  File "C:\Users\BUSOLOVE\AppData\Local\Programs\Python\Python312\Lib\site-packages\pandas\core\indexes\base.py", line 3648, in get_loc
    raise KeyError(key) from err
KeyError: 'zero_volume_detected'

During handling of the above exception, another exception occurred:

Traceback (most recent call last):
  File "E:\BOT_FINALBOT\FINALBOT_Begin\data_feed\data_adapter.py", line 180, in update
    completed_m1 = self._refresh_m1(symbol, now_naive)
                   ^^^^^^^^^^^^^^^^^^^^^^^^^^^^^^^^^^^
  File "E:\BOT_FINALBOT\FINALBOT_Begin\data_feed\data_adapter.py", line 280, in _refresh_m1
    raise RuntimeError(f"Zero Tolerance: Anomaly detection failed for {symbol}: {e}")
RuntimeError: Zero Tolerance: Anomaly detection failed for EURUSD: 'zero_volume_detected'

During handling of the above exception, another exception occurred:

Traceback (most recent call last):
  File "E:\BOT_FINALBOT\FINALBOT_Begin\runner.py", line 246, in run_cycle
    result_val = sym_futures[sym].result()
                 ^^^^^^^^^^^^^^^^^^^^^^^^^
  File "C:\Users\BUSOLOVE\AppData\Local\Programs\Python\Python312\Lib\concurrent\futures\_base.py", line 449, in result
    return self.__get_result()
           ^^^^^^^^^^^^^^^^^^^
  File "C:\Users\BUSOLOVE\AppData\Local\Programs\Python\Python312\Lib\concurrent\futures\_base.py", line 401, in __get_result
    raise self._exception
  File "C:\Users\BUSOLOVE\AppData\Local\Programs\Python\Python312\Lib\concurrent\futures\thread.py", line 58, in run
    result = self.fn(*self.args, **self.kwargs)
             ^^^^^^^^^^^^^^^^^^^^^^^^^^^^^^^^^^
  File "E:\BOT_FINALBOT\FINALBOT_Begin\runner.py", line 153, in fetch_and_save_data
    return self.candle_adapter.update(symbol, broker_epoch=broker_epoch)
           ^^^^^^^^^^^^^^^^^^^^^^^^^^^^^^^^^^^^^^^^^^^^^^^^^^^^^^^^^^^^^
  File "E:\BOT_FINALBOT\FINALBOT_Begin\data_feed\data_adapter.py", line 237, in update
    raise Exception(f"Zero Tolerance: update failed for {symbol}: {e}")
Exception: Zero Tolerance: update failed for EURUSD: Zero Tolerance: Anomaly detection failed for EURUSD: 'zero_volume_detected'
2026-07-28 05:02:05,101 | INFO     | [CSVWriter] Successfully wrote 105 rows to data_base/csv/iq_option\GBPUSD-OTC\GBPUSD-OTC_M1.csv
2026-07-28 05:02:05,101 | INFO     | [CSVQueue] Successfully processed write for data_base/csv/iq_option\GBPUSD-OTC\GBPUSD-OTC_M1.csv
2026-07-28 05:02:05,102 | INFO     | [CSVQueue] Processing write for data_base/csv/iq_option\EURGBP-OTC\EURGBP-OTC_M1.csv
2026-07-28 05:02:05,102 | INFO     | [CSVWriter] Writing 99 rows to data_base/csv/iq_option\EURGBP-OTC\EURGBP-OTC_M1.csv
2026-07-28 05:02:05,120 | INFO     | [CSVWriter] Successfully wrote 105 rows to data_base/csv/iq_option\EURGBP-OTC\EURGBP-OTC_M1.csv
2026-07-28 05:02:05,120 | INFO     | [CSVQueue] Successfully processed write for data_base/csv/iq_option\EURGBP-OTC\EURGBP-OTC_M1.csv
2026-07-28 05:02:05,120 | INFO     | [CSVQueue] Queue size: 0
2026-07-28 05:02:05,131 | ERROR    | Orchestrator failed for EURUSD-OTC
Traceback (most recent call last):
  File "E:\BOT_FINALBOT\FINALBOT_Begin\runner.py", line 263, in run_cycle
    self.orchestrator.process_cycle(sym)
  File "E:\BOT_FINALBOT\FINALBOT_Begin\data_evaluate\orchestrator.py", line 180, in process_cycle
    raise ValueError(f"FAIL-FAST: Insufficient {tf} warm-up candles (minimum {min_req} required)")
ValueError: FAIL-FAST: Insufficient M1 warm-up candles (minimum 250 required)
2026-07-28 05:02:05,146 | ERROR    | Orchestrator failed for GBPUSD-OTC
Traceback (most recent call last):
  File "E:\BOT_FINALBOT\FINALBOT_Begin\runner.py", line 263, in run_cycle
    self.orchestrator.process_cycle(sym)
  File "E:\BOT_FINALBOT\FINALBOT_Begin\data_evaluate\orchestrator.py", line 180, in process_cycle
    raise ValueError(f"FAIL-FAST: Insufficient {tf} warm-up candles (minimum {min_req} required)")
ValueError: FAIL-FAST: Insufficient M1 warm-up candles (minimum 250 required)
2026-07-28 05:02:05,156 | ERROR    | Orchestrator failed for EURGBP-OTC
Traceback (most recent call last):
  File "E:\BOT_FINALBOT\FINALBOT_Begin\runner.py", line 263, in run_cycle
    self.orchestrator.process_cycle(sym)
  File "E:\BOT_FINALBOT\FINALBOT_Begin\data_evaluate\orchestrator.py", line 180, in process_cycle
    raise ValueError(f"FAIL-FAST: Insufficient {tf} warm-up candles (minimum {min_req} required)")
ValueError: FAIL-FAST: Insufficient M1 warm-up candles (minimum 250 required)
2026-07-28 05:02:05,193 | INFO     | [EURUSD-OTC:1.14260][GBPUSD-OTC:1.33374][EURGBP-OTC:0.85701] :: TOTAL=$1453.95
2026-07-28 05:03:03,514 | INFO     | [DataAdapter] Starting update for EURUSD
2026-07-28 05:03:03,514 | INFO     | [DataAdapter] Refreshing M1 data for EURUSD
2026-07-28 05:03:03,514 | INFO     | [DataAdapter] Starting update for EURUSD-OTC
2026-07-28 05:03:03,514 | INFO     | [DataAdapter] Refreshing M1 data for EURUSD-OTC
2026-07-28 05:03:03,514 | INFO     | [DataAdapter] Starting update for GBPUSD-OTC
2026-07-28 05:03:03,515 | INFO     | [DataAdapter] Refreshing M1 data for GBPUSD-OTC
2026-07-28 05:03:03,515 | INFO     | [DataAdapter] Starting update for EURGBP-OTC
2026-07-28 05:03:03,515 | INFO     | [DataAdapter] Refreshing M1 data for EURGBP-OTC
2026-07-28 05:03:03,807 | INFO     | [IQOPTION] REST fetch succeeded for EURUSD: 3 candles
2026-07-28 05:03:03,841 | ERROR    | [DataAdapter] Anomaly detection failed for EURUSD: 'zero_volume_detected'
2026-07-28 05:03:03,854 | WARNING  | [DataAdapter] Anomaly detection has failed 7 times
2026-07-28 05:03:03,870 | ERROR    | [DataAdapter] update failed for EURUSD: Zero Tolerance: Anomaly detection failed for EURUSD: 'zero_volume_detected'
2026-07-28 05:03:03,885 | ERROR    | [DataAdapter] Zero Tolerance: stopping immediately - no retry allowed
2026-07-28 05:03:04,261 | INFO     | [IQOPTION] REST fetch succeeded for EURUSD-OTC: 3 candles
2026-07-28 05:03:04,295 | INFO     | [DataAdapter] M1 anomaly detection completed for EURUSD-OTC in 0.013s
2026-07-28 05:03:04,401 | INFO     | [CSVQueue] Enqueuing write for data_base/csv/iq_option\EURUSD-OTC\EURUSD-OTC_M1.csv - Queue size: 0
2026-07-28 05:03:04,417 | INFO     | [DataAdapter] M1 data refresh completed for EURUSD-OTC
2026-07-28 05:03:04,433 | INFO     | [CSVQueue] Processing write for data_base/csv/iq_option\EURUSD-OTC\EURUSD-OTC_M1.csv
2026-07-28 05:03:04,433 | INFO     | [DataAdapter] Refreshing M5 data for EURUSD-OTC
2026-07-28 05:03:04,495 | INFO     | [CSVWriter] Writing 99 rows to data_base/csv/iq_option\EURUSD-OTC\EURUSD-OTC_M1.csv
2026-07-28 05:03:04,545 | INFO     | [DataAdapter] M5 anomaly detection completed for EURUSD-OTC
2026-07-28 05:03:04,545 | INFO     | [IQOPTION] REST fetch succeeded for GBPUSD-OTC: 3 candles
2026-07-28 05:03:04,556 | INFO     | [DataAdapter] M5 data refresh completed for EURUSD-OTC
2026-07-28 05:03:04,634 | INFO     | [DataAdapter] Refreshing M15 data for EURUSD-OTC
2026-07-28 05:03:04,718 | INFO     | [DataAdapter] M15 anomaly detection completed for EURUSD-OTC
2026-07-28 05:03:04,745 | INFO     | [DataAdapter] M15 data refresh completed for EURUSD-OTC
2026-07-28 05:03:04,761 | INFO     | [DataAdapter] Anomaly statistics for EURUSD-OTC: {'total_calls': 19, 'response_times': [0.03267025947570801, 0.03391909599304199, 0.006999492645263672, 0.019204378128051758, 0.010622262954711914, 0.005402565002441406, 0.019014835357666016, 0.08554816246032715, 0.006896495819091797, 0.013011932373046875, 0.006913423538208008, 0.016666889190673828, 0.012653112411499023, 0.046982526779174805, 0.0069997310638427734, 0.013000011444091797, 0.04003310203552246, 0.0066754817962646484, 0.013006448745727539], 'spike_count': 0, 'zero_volume_count': 0, 'impossible_candle_count': 0, 'consecutive_anomalies': 0, 'avg_response_time': np.float64(0.020853695116545026), 'max_response_time': np.float64(0.08554816246032715), 'min_response_time': np.float64(0.005402565002441406)}
2026-07-28 05:03:04,765 | INFO     | [DataAdapter] M1 anomaly detection completed for GBPUSD-OTC in 0.099s
2026-07-28 05:03:04,792 | INFO     | [IQOPTION] REST fetch succeeded for EURGBP-OTC: 3 candles
2026-07-28 05:03:04,811 | INFO     | [DataAdapter] M1 anomaly detection completed for EURGBP-OTC in 0.007s
2026-07-28 05:03:04,811 | INFO     | [CSVQueue] Enqueuing write for data_base/csv/iq_option\GBPUSD-OTC\GBPUSD-OTC_M1.csv - Queue size: 0
2026-07-28 05:03:04,815 | INFO     | [DataAdapter] M1 data refresh completed for GBPUSD-OTC
2026-07-28 05:03:04,815 | INFO     | [DataAdapter] Refreshing M5 data for GBPUSD-OTC
2026-07-28 05:03:04,821 | INFO     | [CSVWriter] Successfully wrote 106 rows to data_base/csv/iq_option\EURUSD-OTC\EURUSD-OTC_M1.csv
2026-07-28 05:03:04,826 | INFO     | [DataAdapter] M5 anomaly detection completed for GBPUSD-OTC
2026-07-28 05:03:04,826 | INFO     | [CSVQueue] Successfully processed write for data_base/csv/iq_option\EURUSD-OTC\EURUSD-OTC_M1.csv
2026-07-28 05:03:04,827 | INFO     | [DataAdapter] M5 data refresh completed for GBPUSD-OTC
2026-07-28 05:03:04,827 | INFO     | [CSVQueue] Processing write for data_base/csv/iq_option\GBPUSD-OTC\GBPUSD-OTC_M1.csv
2026-07-28 05:03:04,827 | INFO     | [DataAdapter] Refreshing M15 data for GBPUSD-OTC
2026-07-28 05:03:04,827 | INFO     | [CSVQueue] Enqueuing write for data_base/csv/iq_option\EURGBP-OTC\EURGBP-OTC_M1.csv - Queue size: 0
2026-07-28 05:03:04,827 | INFO     | [CSVWriter] Writing 99 rows to data_base/csv/iq_option\GBPUSD-OTC\GBPUSD-OTC_M1.csv
2026-07-28 05:03:04,838 | INFO     | [DataAdapter] M15 anomaly detection completed for GBPUSD-OTC
2026-07-28 05:03:04,842 | INFO     | [DataAdapter] M15 data refresh completed for GBPUSD-OTC
2026-07-28 05:03:04,838 | INFO     | [DataAdapter] M1 data refresh completed for EURGBP-OTC
2026-07-28 05:03:04,843 | INFO     | [DataAdapter] Anomaly statistics for GBPUSD-OTC: {'total_calls': 21, 'response_times': [0.03267025947570801, 0.03391909599304199, 0.006999492645263672, 0.019204378128051758, 0.010622262954711914, 0.005402565002441406, 0.019014835357666016, 0.08554816246032715, 0.006896495819091797, 0.013011932373046875, 0.006913423538208008, 0.016666889190673828, 0.012653112411499023, 0.046982526779174805, 0.0069997310638427734, 0.013000011444091797, 0.04003310203552246, 0.0066754817962646484, 0.013006448745727539, 0.09851288795471191, 0.006525516510009766], 'spike_count': 0, 'zero_volume_count': 0, 'impossible_candle_count': 0, 'consecutive_anomalies': 0, 'avg_response_time': np.float64(0.023869457699003675), 'max_response_time': np.float64(0.09851288795471191), 'min_response_time': np.float64(0.005402565002441406)}
2026-07-28 05:03:04,846 | INFO     | [DataAdapter] Refreshing M5 data for EURGBP-OTC
2026-07-28 05:03:04,857 | INFO     | [DataAdapter] M5 anomaly detection completed for EURGBP-OTC
2026-07-28 05:03:04,857 | INFO     | [DataAdapter] M5 data refresh completed for EURGBP-OTC
2026-07-28 05:03:04,858 | INFO     | [DataAdapter] Refreshing M15 data for EURGBP-OTC
2026-07-28 05:03:04,866 | INFO     | [DataAdapter] M15 anomaly detection completed for EURGBP-OTC
2026-07-28 05:03:04,866 | INFO     | [DataAdapter] M15 data refresh completed for EURGBP-OTC
2026-07-28 05:03:04,866 | INFO     | [DataAdapter] Anomaly statistics for EURGBP-OTC: {'total_calls': 21, 'response_times': [0.03267025947570801, 0.03391909599304199, 0.006999492645263672, 0.019204378128051758, 0.010622262954711914, 0.005402565002441406, 0.019014835357666016, 0.08554816246032715, 0.006896495819091797, 0.013011932373046875, 0.006913423538208008, 0.016666889190673828, 0.012653112411499023, 0.046982526779174805, 0.0069997310638427734, 0.013000011444091797, 0.04003310203552246, 0.0066754817962646484, 0.013006448745727539, 0.09851288795471191, 0.006525516510009766], 'spike_count': 0, 'zero_volume_count': 0, 'impossible_candle_count': 0, 'consecutive_anomalies': 0, 'avg_response_time': np.float64(0.023869457699003675), 'max_response_time': np.float64(0.09851288795471191), 'min_response_time': np.float64(0.005402565002441406)}
2026-07-28 05:03:04,867 | ERROR    | Error getting future result for EURUSD
Traceback (most recent call last):
  File "C:\Users\BUSOLOVE\AppData\Local\Programs\Python\Python312\Lib\site-packages\pandas\core\indexes\base.py", line 3641, in get_loc
    return self._engine.get_loc(casted_key)
           ^^^^^^^^^^^^^^^^^^^^^^^^^^^^^^^^
  File "pandas/_libs/index.pyx", line 168, in pandas._libs.index.IndexEngine.get_loc
  File "pandas/_libs/index.pyx", line 197, in pandas._libs.index.IndexEngine.get_loc
  File "pandas/_libs/hashtable_class_helper.pxi", line 7668, in pandas._libs.hashtable.PyObjectHashTable.get_item
  File "pandas/_libs/hashtable_class_helper.pxi", line 7676, in pandas._libs.hashtable.PyObjectHashTable.get_item
KeyError: 'zero_volume_detected'

The above exception was the direct cause of the following exception:

Traceback (most recent call last):
  File "E:\BOT_FINALBOT\FINALBOT_Begin\data_feed\data_adapter.py", line 266, in _refresh_m1
    completed = self._anomaly_detector.detect_anomalies(completed, symbol)
                ^^^^^^^^^^^^^^^^^^^^^^^^^^^^^^^^^^^^^^^^^^^^^^^^^^^^^^^^^^
  File "E:\BOT_FINALBOT\FINALBOT_Begin\data_feed\anomaly_detector.py", line 251, in detect_anomalies
    result_df = self.detect_zero_volume(result_df, symbol)
                ^^^^^^^^^^^^^^^^^^^^^^^^^^^^^^^^^^^^^^^^^^
  File "E:\BOT_FINALBOT\FINALBOT_Begin\data_feed\anomaly_detector.py", line 164, in detect_zero_volume
    df['zero_volume_streak'] = (df['zero_volume_detected'] == True).cumsum()
                                ~~^^^^^^^^^^^^^^^^^^^^^^^^
  File "C:\Users\BUSOLOVE\AppData\Local\Programs\Python\Python312\Lib\site-packages\pandas\core\frame.py", line 4378, in __getitem__
    indexer = self.columns.get_loc(key)
              ^^^^^^^^^^^^^^^^^^^^^^^^^
  File "C:\Users\BUSOLOVE\AppData\Local\Programs\Python\Python312\Lib\site-packages\pandas\core\indexes\base.py", line 3648, in get_loc
    raise KeyError(key) from err
KeyError: 'zero_volume_detected'

During handling of the above exception, another exception occurred:

Traceback (most recent call last):
  File "E:\BOT_FINALBOT\FINALBOT_Begin\data_feed\data_adapter.py", line 180, in update
    completed_m1 = self._refresh_m1(symbol, now_naive)
                   ^^^^^^^^^^^^^^^^^^^^^^^^^^^^^^^^^^^
  File "E:\BOT_FINALBOT\FINALBOT_Begin\data_feed\data_adapter.py", line 280, in _refresh_m1
    raise RuntimeError(f"Zero Tolerance: Anomaly detection failed for {symbol}: {e}")
RuntimeError: Zero Tolerance: Anomaly detection failed for EURUSD: 'zero_volume_detected'

During handling of the above exception, another exception occurred:

Traceback (most recent call last):
  File "E:\BOT_FINALBOT\FINALBOT_Begin\runner.py", line 246, in run_cycle
    result_val = sym_futures[sym].result()
                 ^^^^^^^^^^^^^^^^^^^^^^^^^
  File "C:\Users\BUSOLOVE\AppData\Local\Programs\Python\Python312\Lib\concurrent\futures\_base.py", line 449, in result
    return self.__get_result()
           ^^^^^^^^^^^^^^^^^^^
  File "C:\Users\BUSOLOVE\AppData\Local\Programs\Python\Python312\Lib\concurrent\futures\_base.py", line 401, in __get_result
    raise self._exception
  File "C:\Users\BUSOLOVE\AppData\Local\Programs\Python\Python312\Lib\concurrent\futures\thread.py", line 58, in run
    result = self.fn(*self.args, **self.kwargs)
             ^^^^^^^^^^^^^^^^^^^^^^^^^^^^^^^^^^
  File "E:\BOT_FINALBOT\FINALBOT_Begin\runner.py", line 153, in fetch_and_save_data
    return self.candle_adapter.update(symbol, broker_epoch=broker_epoch)
           ^^^^^^^^^^^^^^^^^^^^^^^^^^^^^^^^^^^^^^^^^^^^^^^^^^^^^^^^^^^^^
  File "E:\BOT_FINALBOT\FINALBOT_Begin\data_feed\data_adapter.py", line 237, in update
    raise Exception(f"Zero Tolerance: update failed for {symbol}: {e}")
Exception: Zero Tolerance: update failed for EURUSD: Zero Tolerance: Anomaly detection failed for EURUSD: 'zero_volume_detected'
2026-07-28 05:03:04,879 | INFO     | [CSVWriter] Successfully wrote 106 rows to data_base/csv/iq_option\GBPUSD-OTC\GBPUSD-OTC_M1.csv
2026-07-28 05:03:04,879 | INFO     | [CSVQueue] Successfully processed write for data_base/csv/iq_option\GBPUSD-OTC\GBPUSD-OTC_M1.csv
2026-07-28 05:03:04,879 | INFO     | [CSVQueue] Processing write for data_base/csv/iq_option\EURGBP-OTC\EURGBP-OTC_M1.csv
2026-07-28 05:03:04,879 | INFO     | [CSVWriter] Writing 99 rows to data_base/csv/iq_option\EURGBP-OTC\EURGBP-OTC_M1.csv
2026-07-28 05:03:04,895 | INFO     | [CSVWriter] Successfully wrote 106 rows to data_base/csv/iq_option\EURGBP-OTC\EURGBP-OTC_M1.csv
2026-07-28 05:03:04,895 | INFO     | [CSVQueue] Successfully processed write for data_base/csv/iq_option\EURGBP-OTC\EURGBP-OTC_M1.csv
2026-07-28 05:03:04,895 | INFO     | [CSVQueue] Queue size: 0
2026-07-28 05:03:04,909 | ERROR    | Orchestrator failed for EURUSD-OTC
Traceback (most recent call last):
  File "E:\BOT_FINALBOT\FINALBOT_Begin\runner.py", line 263, in run_cycle
    self.orchestrator.process_cycle(sym)
  File "E:\BOT_FINALBOT\FINALBOT_Begin\data_evaluate\orchestrator.py", line 180, in process_cycle
    raise ValueError(f"FAIL-FAST: Insufficient {tf} warm-up candles (minimum {min_req} required)")
ValueError: FAIL-FAST: Insufficient M1 warm-up candles (minimum 250 required)
2026-07-28 05:03:04,926 | ERROR    | Orchestrator failed for GBPUSD-OTC
Traceback (most recent call last):
  File "E:\BOT_FINALBOT\FINALBOT_Begin\runner.py", line 263, in run_cycle
    self.orchestrator.process_cycle(sym)
  File "E:\BOT_FINALBOT\FINALBOT_Begin\data_evaluate\orchestrator.py", line 180, in process_cycle
    raise ValueError(f"FAIL-FAST: Insufficient {tf} warm-up candles (minimum {min_req} required)")
ValueError: FAIL-FAST: Insufficient M1 warm-up candles (minimum 250 required)
2026-07-28 05:03:04,946 | ERROR    | Orchestrator failed for EURGBP-OTC
Traceback (most recent call last):
  File "E:\BOT_FINALBOT\FINALBOT_Begin\runner.py", line 263, in run_cycle
    self.orchestrator.process_cycle(sym)
  File "E:\BOT_FINALBOT\FINALBOT_Begin\data_evaluate\orchestrator.py", line 180, in process_cycle
    raise ValueError(f"FAIL-FAST: Insufficient {tf} warm-up candles (minimum {min_req} required)")
ValueError: FAIL-FAST: Insufficient M1 warm-up candles (minimum 250 required)
2026-07-28 05:03:04,952 | INFO     | [EURUSD-OTC:1.14316][GBPUSD-OTC:1.33414][EURGBP-OTC:0.85704] :: TOTAL=$1453.95
2026-07-28 05:04:04,220 | INFO     | [DataAdapter] Starting update for EURUSD
2026-07-28 05:04:04,220 | INFO     | [DataAdapter] Refreshing M1 data for EURUSD
2026-07-28 05:04:04,220 | INFO     | [DataAdapter] Starting update for EURUSD-OTC
2026-07-28 05:04:04,221 | INFO     | [DataAdapter] Starting update for GBPUSD-OTC
2026-07-28 05:04:04,221 | INFO     | [DataAdapter] Refreshing M1 data for EURUSD-OTC
2026-07-28 05:04:04,221 | INFO     | [DataAdapter] Starting update for EURGBP-OTC
2026-07-28 05:04:04,221 | INFO     | [DataAdapter] Refreshing M1 data for GBPUSD-OTC
2026-07-28 05:04:04,265 | INFO     | [DataAdapter] Refreshing M1 data for EURGBP-OTC
2026-07-28 05:04:04,548 | INFO     | [IQOPTION] REST fetch succeeded for EURUSD: 3 candles
2026-07-28 05:04:04,610 | ERROR    | [DataAdapter] Anomaly detection failed for EURUSD: 'zero_volume_detected'
2026-07-28 05:04:04,626 | WARNING  | [DataAdapter] Anomaly detection has failed 8 times
2026-07-28 05:04:04,642 | ERROR    | [DataAdapter] update failed for EURUSD: Zero Tolerance: Anomaly detection failed for EURUSD: 'zero_volume_detected'
2026-07-28 05:04:04,658 | ERROR    | [DataAdapter] Zero Tolerance: stopping immediately - no retry allowed
2026-07-28 05:04:04,814 | INFO     | [IQOPTION] REST fetch succeeded for EURUSD-OTC: 3 candles
2026-07-28 05:04:04,867 | INFO     | [DataAdapter] M1 anomaly detection completed for EURUSD-OTC in 0.021s
2026-07-28 05:04:04,938 | INFO     | [CSVQueue] Enqueuing write for data_base/csv/iq_option\EURUSD-OTC\EURUSD-OTC_M1.csv - Queue size: 0
2026-07-28 05:04:04,952 | INFO     | [DataAdapter] M1 data refresh completed for EURUSD-OTC
2026-07-28 05:04:04,967 | INFO     | [DataAdapter] Refreshing M5 data for EURUSD-OTC
2026-07-28 05:04:04,967 | INFO     | [CSVQueue] Processing write for data_base/csv/iq_option\EURUSD-OTC\EURUSD-OTC_M1.csv
2026-07-28 05:04:04,999 | INFO     | [CSVWriter] Writing 99 rows to data_base/csv/iq_option\EURUSD-OTC\EURUSD-OTC_M1.csv
2026-07-28 05:04:05,009 | INFO     | [DataAdapter] M5 anomaly detection completed for EURUSD-OTC
2026-07-28 05:04:05,032 | INFO     | [DataAdapter] M5 data refresh completed for EURUSD-OTC
2026-07-28 05:04:05,075 | INFO     | [DataAdapter] Refreshing M15 data for EURUSD-OTC
2026-07-28 05:04:05,086 | INFO     | [DataAdapter] M15 anomaly detection completed for EURUSD-OTC
2026-07-28 05:04:05,137 | INFO     | [DataAdapter] M15 data refresh completed for EURUSD-OTC
2026-07-28 05:04:05,152 | INFO     | [DataAdapter] Anomaly statistics for EURUSD-OTC: {'total_calls': 22, 'response_times': [0.03267025947570801, 0.03391909599304199, 0.006999492645263672, 0.019204378128051758, 0.010622262954711914, 0.005402565002441406, 0.019014835357666016, 0.08554816246032715, 0.006896495819091797, 0.013011932373046875, 0.006913423538208008, 0.016666889190673828, 0.012653112411499023, 0.046982526779174805, 0.0069997310638427734, 0.013000011444091797, 0.04003310203552246, 0.0066754817962646484, 0.013006448745727539, 0.09851288795471191, 0.006525516510009766, 0.020686626434326172], 'spike_count': 0, 'zero_volume_count': 0, 'impossible_candle_count': 0, 'consecutive_anomalies': 0, 'avg_response_time': np.float64(0.02372478355060924), 'max_response_time': np.float64(0.09851288795471191), 'min_response_time': np.float64(0.005402565002441406)}
2026-07-28 05:04:05,214 | INFO     | [IQOPTION] REST fetch succeeded for GBPUSD-OTC: 3 candles
2026-07-28 05:04:05,369 | INFO     | [CSVWriter] Successfully wrote 107 rows to data_base/csv/iq_option\EURUSD-OTC\EURUSD-OTC_M1.csv
2026-07-28 05:04:05,389 | INFO     | [DataAdapter] M1 anomaly detection completed for GBPUSD-OTC in 0.125s
2026-07-28 05:04:05,389 | INFO     | [CSVQueue] Successfully processed write for data_base/csv/iq_option\EURUSD-OTC\EURUSD-OTC_M1.csv
2026-07-28 05:04:05,477 | INFO     | [CSVQueue] Queue size: 0
2026-07-28 05:04:05,478 | INFO     | [IQOPTION] REST fetch succeeded for EURGBP-OTC: 3 candles
2026-07-28 05:04:05,488 | INFO     | [CSVQueue] Enqueuing write for data_base/csv/iq_option\GBPUSD-OTC\GBPUSD-OTC_M1.csv - Queue size: 0
2026-07-28 05:04:05,495 | INFO     | [DataAdapter] M1 anomaly detection completed for EURGBP-OTC in 0.008s
2026-07-28 05:04:05,495 | INFO     | [DataAdapter] M1 data refresh completed for GBPUSD-OTC
2026-07-28 05:04:05,495 | INFO     | [CSVQueue] Processing write for data_base/csv/iq_option\GBPUSD-OTC\GBPUSD-OTC_M1.csv
2026-07-28 05:04:05,500 | INFO     | [CSVWriter] Writing 99 rows to data_base/csv/iq_option\GBPUSD-OTC\GBPUSD-OTC_M1.csv
2026-07-28 05:04:05,500 | INFO     | [DataAdapter] Refreshing M5 data for GBPUSD-OTC
2026-07-28 05:04:05,505 | INFO     | [CSVQueue] Enqueuing write for data_base/csv/iq_option\EURGBP-OTC\EURGBP-OTC_M1.csv - Queue size: 0
2026-07-28 05:04:05,506 | INFO     | [DataAdapter] M1 data refresh completed for EURGBP-OTC
2026-07-28 05:04:05,506 | INFO     | [DataAdapter] Refreshing M5 data for EURGBP-OTC
2026-07-28 05:04:05,516 | INFO     | [DataAdapter] M5 anomaly detection completed for EURGBP-OTC
2026-07-28 05:04:05,516 | INFO     | [DataAdapter] M5 data refresh completed for EURGBP-OTC
2026-07-28 05:04:05,517 | INFO     | [DataAdapter] Refreshing M15 data for EURGBP-OTC
2026-07-28 05:04:05,522 | INFO     | [DataAdapter] M5 anomaly detection completed for GBPUSD-OTC
2026-07-28 05:04:05,532 | INFO     | [DataAdapter] M15 anomaly detection completed for EURGBP-OTC
2026-07-28 05:04:05,533 | INFO     | [DataAdapter] M5 data refresh completed for GBPUSD-OTC
2026-07-28 05:04:05,535 | INFO     | [DataAdapter] M15 data refresh completed for EURGBP-OTC
2026-07-28 05:04:05,535 | INFO     | [DataAdapter] Refreshing M15 data for GBPUSD-OTC
2026-07-28 05:04:05,536 | INFO     | [DataAdapter] Anomaly statistics for EURGBP-OTC: {'total_calls': 24, 'response_times': [0.03267025947570801, 0.03391909599304199, 0.006999492645263672, 0.019204378128051758, 0.010622262954711914, 0.005402565002441406, 0.019014835357666016, 0.08554816246032715, 0.006896495819091797, 0.013011932373046875, 0.006913423538208008, 0.016666889190673828, 0.012653112411499023, 0.046982526779174805, 0.0069997310638427734, 0.013000011444091797, 0.04003310203552246, 0.0066754817962646484, 0.013006448745727539, 0.09851288795471191, 0.006525516510009766, 0.020686626434326172, 0.12462925910949707, 0.007510185241699219], 'spike_count': 0, 'zero_volume_count': 0, 'impossible_candle_count': 0, 'consecutive_anomalies': 0, 'avg_response_time': np.float64(0.027253528436024983), 'max_response_time': np.float64(0.12462925910949707), 'min_response_time': np.float64(0.005402565002441406)}
2026-07-28 05:04:05,548 | INFO     | [DataAdapter] M15 anomaly detection completed for GBPUSD-OTC
2026-07-28 05:04:05,548 | INFO     | [DataAdapter] M15 data refresh completed for GBPUSD-OTC
2026-07-28 05:04:05,549 | INFO     | [DataAdapter] Anomaly statistics for GBPUSD-OTC: {'total_calls': 24, 'response_times': [0.03267025947570801, 0.03391909599304199, 0.006999492645263672, 0.019204378128051758, 0.010622262954711914, 0.005402565002441406, 0.019014835357666016, 0.08554816246032715, 0.006896495819091797, 0.013011932373046875, 0.006913423538208008, 0.016666889190673828, 0.012653112411499023, 0.046982526779174805, 0.0069997310638427734, 0.013000011444091797, 0.04003310203552246, 0.0066754817962646484, 0.013006448745727539, 0.09851288795471191, 0.006525516510009766, 0.020686626434326172, 0.12462925910949707, 0.007510185241699219], 'spike_count': 0, 'zero_volume_count': 0, 'impossible_candle_count': 0, 'consecutive_anomalies': 0, 'avg_response_time': np.float64(0.027253528436024983), 'max_response_time': np.float64(0.12462925910949707), 'min_response_time': np.float64(0.005402565002441406)}
2026-07-28 05:04:05,549 | INFO     | [CSVWriter] Successfully wrote 107 rows to data_base/csv/iq_option\GBPUSD-OTC\GBPUSD-OTC_M1.csv
2026-07-28 05:04:05,549 | ERROR    | Error getting future result for EURUSD
Traceback (most recent call last):
  File "C:\Users\BUSOLOVE\AppData\Local\Programs\Python\Python312\Lib\site-packages\pandas\core\indexes\base.py", line 3641, in get_loc
    return self._engine.get_loc(casted_key)
           ^^^^^^^^^^^^^^^^^^^^^^^^^^^^^^^^
  File "pandas/_libs/index.pyx", line 168, in pandas._libs.index.IndexEngine.get_loc
  File "pandas/_libs/index.pyx", line 197, in pandas._libs.index.IndexEngine.get_loc
  File "pandas/_libs/hashtable_class_helper.pxi", line 7668, in pandas._libs.hashtable.PyObjectHashTable.get_item
  File "pandas/_libs/hashtable_class_helper.pxi", line 7676, in pandas._libs.hashtable.PyObjectHashTable.get_item
KeyError: 'zero_volume_detected'

The above exception was the direct cause of the following exception:

Traceback (most recent call last):
  File "E:\BOT_FINALBOT\FINALBOT_Begin\data_feed\data_adapter.py", line 266, in _refresh_m1
    completed = self._anomaly_detector.detect_anomalies(completed, symbol)
                ^^^^^^^^^^^^^^^^^^^^^^^^^^^^^^^^^^^^^^^^^^^^^^^^^^^^^^^^^^
  File "E:\BOT_FINALBOT\FINALBOT_Begin\data_feed\anomaly_detector.py", line 251, in detect_anomalies
    result_df = self.detect_zero_volume(result_df, symbol)
                ^^^^^^^^^^^^^^^^^^^^^^^^^^^^^^^^^^^^^^^^^^
  File "E:\BOT_FINALBOT\FINALBOT_Begin\data_feed\anomaly_detector.py", line 164, in detect_zero_volume
    df['zero_volume_streak'] = (df['zero_volume_detected'] == True).cumsum()
                                ~~^^^^^^^^^^^^^^^^^^^^^^^^
  File "C:\Users\BUSOLOVE\AppData\Local\Programs\Python\Python312\Lib\site-packages\pandas\core\frame.py", line 4378, in __getitem__
    indexer = self.columns.get_loc(key)
              ^^^^^^^^^^^^^^^^^^^^^^^^^
  File "C:\Users\BUSOLOVE\AppData\Local\Programs\Python\Python312\Lib\site-packages\pandas\core\indexes\base.py", line 3648, in get_loc
    raise KeyError(key) from err
KeyError: 'zero_volume_detected'

During handling of the above exception, another exception occurred:

Traceback (most recent call last):
  File "E:\BOT_FINALBOT\FINALBOT_Begin\data_feed\data_adapter.py", line 180, in update
    completed_m1 = self._refresh_m1(symbol, now_naive)
                   ^^^^^^^^^^^^^^^^^^^^^^^^^^^^^^^^^^^
  File "E:\BOT_FINALBOT\FINALBOT_Begin\data_feed\data_adapter.py", line 280, in _refresh_m1
    raise RuntimeError(f"Zero Tolerance: Anomaly detection failed for {symbol}: {e}")
RuntimeError: Zero Tolerance: Anomaly detection failed for EURUSD: 'zero_volume_detected'

During handling of the above exception, another exception occurred:

Traceback (most recent call last):
  File "E:\BOT_FINALBOT\FINALBOT_Begin\runner.py", line 246, in run_cycle
    result_val = sym_futures[sym].result()
                 ^^^^^^^^^^^^^^^^^^^^^^^^^
  File "C:\Users\BUSOLOVE\AppData\Local\Programs\Python\Python312\Lib\concurrent\futures\_base.py", line 449, in result
    return self.__get_result()
           ^^^^^^^^^^^^^^^^^^^
  File "C:\Users\BUSOLOVE\AppData\Local\Programs\Python\Python312\Lib\concurrent\futures\_base.py", line 401, in __get_result
    raise self._exception
  File "C:\Users\BUSOLOVE\AppData\Local\Programs\Python\Python312\Lib\concurrent\futures\thread.py", line 58, in run
    result = self.fn(*self.args, **self.kwargs)
             ^^^^^^^^^^^^^^^^^^^^^^^^^^^^^^^^^^
  File "E:\BOT_FINALBOT\FINALBOT_Begin\runner.py", line 153, in fetch_and_save_data
    return self.candle_adapter.update(symbol, broker_epoch=broker_epoch)
           ^^^^^^^^^^^^^^^^^^^^^^^^^^^^^^^^^^^^^^^^^^^^^^^^^^^^^^^^^^^^^
  File "E:\BOT_FINALBOT\FINALBOT_Begin\data_feed\data_adapter.py", line 237, in update
    raise Exception(f"Zero Tolerance: update failed for {symbol}: {e}")
Exception: Zero Tolerance: update failed for EURUSD: Zero Tolerance: Anomaly detection failed for EURUSD: 'zero_volume_detected'
2026-07-28 05:04:05,550 | INFO     | [CSVQueue] Successfully processed write for data_base/csv/iq_option\GBPUSD-OTC\GBPUSD-OTC_M1.csv
2026-07-28 05:04:05,553 | INFO     | [CSVQueue] Processing write for data_base/csv/iq_option\EURGBP-OTC\EURGBP-OTC_M1.csv
2026-07-28 05:04:05,553 | INFO     | [CSVWriter] Writing 99 rows to data_base/csv/iq_option\EURGBP-OTC\EURGBP-OTC_M1.csv
2026-07-28 05:04:05,572 | INFO     | [CSVWriter] Successfully wrote 107 rows to data_base/csv/iq_option\EURGBP-OTC\EURGBP-OTC_M1.csv
2026-07-28 05:04:05,572 | INFO     | [CSVQueue] Successfully processed write for data_base/csv/iq_option\EURGBP-OTC\EURGBP-OTC_M1.csv
2026-07-28 05:04:05,573 | INFO     | [CSVQueue] Queue size: 0
2026-07-28 05:04:05,580 | ERROR    | Orchestrator failed for EURUSD-OTC
Traceback (most recent call last):
  File "E:\BOT_FINALBOT\FINALBOT_Begin\runner.py", line 263, in run_cycle
    self.orchestrator.process_cycle(sym)
  File "E:\BOT_FINALBOT\FINALBOT_Begin\data_evaluate\orchestrator.py", line 180, in process_cycle
    raise ValueError(f"FAIL-FAST: Insufficient {tf} warm-up candles (minimum {min_req} required)")
ValueError: FAIL-FAST: Insufficient M1 warm-up candles (minimum 250 required)
2026-07-28 05:04:05,596 | ERROR    | Orchestrator failed for GBPUSD-OTC
Traceback (most recent call last):
  File "E:\BOT_FINALBOT\FINALBOT_Begin\runner.py", line 263, in run_cycle
    self.orchestrator.process_cycle(sym)
  File "E:\BOT_FINALBOT\FINALBOT_Begin\data_evaluate\orchestrator.py", line 180, in process_cycle
    raise ValueError(f"FAIL-FAST: Insufficient {tf} warm-up candles (minimum {min_req} required)")
ValueError: FAIL-FAST: Insufficient M1 warm-up candles (minimum 250 required)
2026-07-28 05:04:05,609 | ERROR    | Orchestrator failed for EURGBP-OTC
Traceback (most recent call last):
  File "E:\BOT_FINALBOT\FINALBOT_Begin\runner.py", line 263, in run_cycle
    self.orchestrator.process_cycle(sym)
  File "E:\BOT_FINALBOT\FINALBOT_Begin\data_evaluate\orchestrator.py", line 180, in process_cycle
    raise ValueError(f"FAIL-FAST: Insufficient {tf} warm-up candles (minimum {min_req} required)")
ValueError: FAIL-FAST: Insufficient M1 warm-up candles (minimum 250 required)
2026-07-28 05:04:05,637 | INFO     | [EURUSD-OTC:1.14329][GBPUSD-OTC:1.33387][EURGBP-OTC:0.85684] :: TOTAL=$1453.95
2026-07-28 05:05:03,911 | INFO     | [DataAdapter] Starting update for EURUSD
2026-07-28 05:05:03,912 | INFO     | [DataAdapter] Refreshing M1 data for EURUSD
2026-07-28 05:05:03,912 | INFO     | [DataAdapter] Starting update for EURUSD-OTC
2026-07-28 05:05:03,913 | INFO     | [DataAdapter] Refreshing M1 data for EURUSD-OTC
2026-07-28 05:05:03,926 | INFO     | [DataAdapter] Starting update for GBPUSD-OTC
2026-07-28 05:05:03,942 | INFO     | [DataAdapter] Refreshing M1 data for GBPUSD-OTC
2026-07-28 05:05:03,958 | INFO     | [DataAdapter] Starting update for EURGBP-OTC
2026-07-28 05:05:04,006 | INFO     | [DataAdapter] Refreshing M1 data for EURGBP-OTC
2026-07-28 05:05:04,190 | INFO     | [IQOPTION] REST fetch succeeded for EURUSD: 3 candles
2026-07-28 05:05:04,223 | ERROR    | [DataAdapter] Anomaly detection failed for EURUSD: 'zero_volume_detected'
2026-07-28 05:05:04,238 | WARNING  | [DataAdapter] Anomaly detection has failed 9 times
2026-07-28 05:05:04,253 | ERROR    | [DataAdapter] update failed for EURUSD: Zero Tolerance: Anomaly detection failed for EURUSD: 'zero_volume_detected'
2026-07-28 05:05:04,269 | ERROR    | [DataAdapter] Zero Tolerance: stopping immediately - no retry allowed
2026-07-28 05:05:04,491 | INFO     | [IQOPTION] REST fetch succeeded for EURUSD-OTC: 3 candles
2026-07-28 05:05:04,561 | INFO     | [DataAdapter] M1 anomaly detection completed for EURUSD-OTC in 0.039s
2026-07-28 05:05:04,664 | INFO     | [CSVQueue] Enqueuing write for data_base/csv/iq_option\EURUSD-OTC\EURUSD-OTC_M1.csv - Queue size: 0
2026-07-28 05:05:04,679 | INFO     | [DataAdapter] M1 data refresh completed for EURUSD-OTC
2026-07-28 05:05:04,710 | INFO     | [DataAdapter] Refreshing M5 data for EURUSD-OTC
2026-07-28 05:05:04,742 | INFO     | [CSVQueue] Processing write for data_base/csv/iq_option\EURUSD-OTC\EURUSD-OTC_M1.csv
2026-07-28 05:05:04,758 | INFO     | [CSVWriter] Writing 99 rows to data_base/csv/iq_option\EURUSD-OTC\EURUSD-OTC_M1.csv
2026-07-28 05:05:04,774 | INFO     | [IQOPTION] REST fetch succeeded for GBPUSD-OTC: 3 candles
2026-07-28 05:05:04,854 | INFO     | [DataAdapter] M1 anomaly detection completed for GBPUSD-OTC in 0.031s
2026-07-28 05:05:05,008 | INFO     | [CSVQueue] Enqueuing write for data_base/csv/iq_option\GBPUSD-OTC\GBPUSD-OTC_M1.csv - Queue size: 0
2026-07-28 05:05:05,038 | INFO     | [DataAdapter] M1 data refresh completed for GBPUSD-OTC
2026-07-28 05:05:05,038 | INFO     | [DataAdapter] Refreshing M5 data for GBPUSD-OTC
2026-07-28 05:05:05,084 | INFO     | [CSVWriter] Successfully wrote 108 rows to data_base/csv/iq_option\EURUSD-OTC\EURUSD-OTC_M1.csv
2026-07-28 05:05:05,115 | INFO     | [CSVQueue] Successfully processed write for data_base/csv/iq_option\EURUSD-OTC\EURUSD-OTC_M1.csv
2026-07-28 05:05:05,131 | INFO     | [CSVQueue] Processing write for data_base/csv/iq_option\GBPUSD-OTC\GBPUSD-OTC_M1.csv
2026-07-28 05:05:05,162 | INFO     | [CSVWriter] Writing 99 rows to data_base/csv/iq_option\GBPUSD-OTC\GBPUSD-OTC_M1.csv
2026-07-28 05:05:05,242 | INFO     | [IQOPTION] REST fetch succeeded for EURGBP-OTC: 3 candles
2026-07-28 05:05:05,337 | INFO     | [DataAdapter] M1 anomaly detection completed for EURGBP-OTC in 0.019s
2026-07-28 05:05:05,426 | INFO     | [CSVQueue] Enqueuing write for data_base/csv/iq_option\EURGBP-OTC\EURGBP-OTC_M1.csv - Queue size: 0
2026-07-28 05:05:05,442 | INFO     | [DataAdapter] M1 data refresh completed for EURGBP-OTC
2026-07-28 05:05:05,459 | INFO     | [DataAdapter] Refreshing M5 data for EURGBP-OTC
2026-07-28 05:05:05,473 | INFO     | [CSVWriter] Successfully wrote 108 rows to data_base/csv/iq_option\GBPUSD-OTC\GBPUSD-OTC_M1.csv
2026-07-28 05:05:05,489 | INFO     | [CSVQueue] Successfully processed write for data_base/csv/iq_option\GBPUSD-OTC\GBPUSD-OTC_M1.csv
2026-07-28 05:05:05,490 | INFO     | [CSVQueue] Processing write for data_base/csv/iq_option\EURGBP-OTC\EURGBP-OTC_M1.csv
2026-07-28 05:05:05,490 | INFO     | [IQOPTION] REST fetch succeeded for EURUSD-OTC: 3 candles
2026-07-28 05:05:05,519 | INFO     | [CSVWriter] Writing 99 rows to data_base/csv/iq_option\EURGBP-OTC\EURGBP-OTC_M1.csv
2026-07-28 05:05:05,664 | INFO     | [DataAdapter] M5 anomaly detection completed for EURUSD-OTC
2026-07-28 05:05:05,769 | INFO     | [CSVQueue] Enqueuing write for data_base/csv/iq_option\EURUSD-OTC\EURUSD-OTC_M5.csv - Queue size: 0
2026-07-28 05:05:05,770 | INFO     | [DataAdapter] M5 data refresh completed for EURUSD-OTC
2026-07-28 05:05:05,770 | INFO     | [DataAdapter] Refreshing M15 data for EURUSD-OTC
2026-07-28 05:05:05,772 | INFO     | [IQOPTION] REST fetch succeeded for GBPUSD-OTC: 3 candles
2026-07-28 05:05:05,805 | INFO     | [DataAdapter] M15 anomaly detection completed for EURUSD-OTC
2026-07-28 05:05:05,824 | INFO     | [DataAdapter] M5 anomaly detection completed for GBPUSD-OTC
2026-07-28 05:05:05,826 | INFO     | [DataAdapter] M15 data refresh completed for EURUSD-OTC
2026-07-28 05:05:05,940 | INFO     | [DataAdapter] Anomaly statistics for EURUSD-OTC: {'total_calls': 27, 'response_times': [0.03267025947570801, 0.03391909599304199, 0.006999492645263672, 0.019204378128051758, 0.010622262954711914, 0.005402565002441406, 0.019014835357666016, 0.08554816246032715, 0.006896495819091797, 0.013011932373046875, 0.006913423538208008, 0.016666889190673828, 0.012653112411499023, 0.046982526779174805, 0.0069997310638427734, 0.013000011444091797, 0.04003310203552246, 0.0066754817962646484, 0.013006448745727539, 0.09851288795471191, 0.006525516510009766, 0.020686626434326172, 0.12462925910949707, 0.007510185241699219, 0.03896355628967285, 0.03139209747314453, 0.018968820571899414], 'spike_count': 0, 'zero_volume_count': 0, 'impossible_candle_count': 0, 'consecutive_anomalies': 0, 'avg_response_time': np.float64(0.027533672474048757), 'max_response_time': np.float64(0.12462925910949707), 'min_response_time': np.float64(0.005402565002441406)}
2026-07-28 05:05:06,002 | INFO     | [CSVWriter] Successfully wrote 108 rows to data_base/csv/iq_option\EURGBP-OTC\EURGBP-OTC_M1.csv
2026-07-28 05:05:06,002 | INFO     | [CSVQueue] Successfully processed write for data_base/csv/iq_option\EURGBP-OTC\EURGBP-OTC_M1.csv
2026-07-28 05:05:06,002 | INFO     | [CSVQueue] Processing write for data_base/csv/iq_option\EURUSD-OTC\EURUSD-OTC_M5.csv
2026-07-28 05:05:06,018 | INFO     | [CSVWriter] Writing 249 rows to data_base/csv/iq_option\EURUSD-OTC\EURUSD-OTC_M5.csv
2026-07-28 05:05:06,018 | INFO     | [CSVQueue] Enqueuing write for data_base/csv/iq_option\GBPUSD-OTC\GBPUSD-OTC_M5.csv - Queue size: 0
2026-07-28 05:05:06,065 | INFO     | [DataAdapter] M5 data refresh completed for GBPUSD-OTC
2026-07-28 05:05:06,081 | INFO     | [DataAdapter] Refreshing M15 data for GBPUSD-OTC
2026-07-28 05:05:06,162 | INFO     | [DataAdapter] M15 anomaly detection completed for GBPUSD-OTC
2026-07-28 05:05:06,175 | INFO     | [DataAdapter] M15 data refresh completed for GBPUSD-OTC
2026-07-28 05:05:06,176 | INFO     | [DataAdapter] Anomaly statistics for GBPUSD-OTC: {'total_calls': 27, 'response_times': [0.03267025947570801, 0.03391909599304199, 0.006999492645263672, 0.019204378128051758, 0.010622262954711914, 0.005402565002441406, 0.019014835357666016, 0.08554816246032715, 0.006896495819091797, 0.013011932373046875, 0.006913423538208008, 0.016666889190673828, 0.012653112411499023, 0.046982526779174805, 0.0069997310638427734, 0.013000011444091797, 0.04003310203552246, 0.0066754817962646484, 0.013006448745727539, 0.09851288795471191, 0.006525516510009766, 0.020686626434326172, 0.12462925910949707, 0.007510185241699219, 0.03896355628967285, 0.03139209747314453, 0.018968820571899414], 'spike_count': 0, 'zero_volume_count': 0, 'impossible_candle_count': 0, 'consecutive_anomalies': 0, 'avg_response_time': np.float64(0.027533672474048757), 'max_response_time': np.float64(0.12462925910949707), 'min_response_time': np.float64(0.005402565002441406)}
2026-07-28 05:05:06,222 | INFO     | [IQOPTION] REST fetch succeeded for EURGBP-OTC: 3 candles
2026-07-28 05:05:06,233 | INFO     | [DataAdapter] M5 anomaly detection completed for EURGBP-OTC
2026-07-28 05:05:06,239 | INFO     | [CSVQueue] Enqueuing write for data_base/csv/iq_option\EURGBP-OTC\EURGBP-OTC_M5.csv - Queue size: 1
2026-07-28 05:05:06,239 | INFO     | [DataAdapter] M5 data refresh completed for EURGBP-OTC
2026-07-28 05:05:06,239 | INFO     | [DataAdapter] Refreshing M15 data for EURGBP-OTC
2026-07-28 05:05:06,245 | INFO     | [DataAdapter] M15 anomaly detection completed for EURGBP-OTC
2026-07-28 05:05:06,245 | INFO     | [CSVWriter] Successfully wrote 251 rows to data_base/csv/iq_option\EURUSD-OTC\EURUSD-OTC_M5.csv
2026-07-28 05:05:06,245 | INFO     | [DataAdapter] M15 data refresh completed for EURGBP-OTC
2026-07-28 05:05:06,245 | INFO     | [CSVQueue] Successfully processed write for data_base/csv/iq_option\EURUSD-OTC\EURUSD-OTC_M5.csv
2026-07-28 05:05:06,246 | INFO     | [DataAdapter] Anomaly statistics for EURGBP-OTC: {'total_calls': 27, 'response_times': [0.03267025947570801, 0.03391909599304199, 0.006999492645263672, 0.019204378128051758, 0.010622262954711914, 0.005402565002441406, 0.019014835357666016, 0.08554816246032715, 0.006896495819091797, 0.013011932373046875, 0.006913423538208008, 0.016666889190673828, 0.012653112411499023, 0.046982526779174805, 0.0069997310638427734, 0.013000011444091797, 0.04003310203552246, 0.0066754817962646484, 0.013006448745727539, 0.09851288795471191, 0.006525516510009766, 0.020686626434326172, 0.12462925910949707, 0.007510185241699219, 0.03896355628967285, 0.03139209747314453, 0.018968820571899414], 'spike_count': 0, 'zero_volume_count': 0, 'impossible_candle_count': 0, 'consecutive_anomalies': 0, 'avg_response_time': np.float64(0.027533672474048757), 'max_response_time': np.float64(0.12462925910949707), 'min_response_time': np.float64(0.005402565002441406)}
2026-07-28 05:05:06,246 | INFO     | [CSVQueue] Processing write for data_base/csv/iq_option\GBPUSD-OTC\GBPUSD-OTC_M5.csv
2026-07-28 05:05:06,246 | INFO     | [CSVWriter] Writing 249 rows to data_base/csv/iq_option\GBPUSD-OTC\GBPUSD-OTC_M5.csv
2026-07-28 05:05:06,248 | ERROR    | Error getting future result for EURUSD
Traceback (most recent call last):
  File "C:\Users\BUSOLOVE\AppData\Local\Programs\Python\Python312\Lib\site-packages\pandas\core\indexes\base.py", line 3641, in get_loc
    return self._engine.get_loc(casted_key)
           ^^^^^^^^^^^^^^^^^^^^^^^^^^^^^^^^
  File "pandas/_libs/index.pyx", line 168, in pandas._libs.index.IndexEngine.get_loc
  File "pandas/_libs/index.pyx", line 197, in pandas._libs.index.IndexEngine.get_loc
  File "pandas/_libs/hashtable_class_helper.pxi", line 7668, in pandas._libs.hashtable.PyObjectHashTable.get_item
  File "pandas/_libs/hashtable_class_helper.pxi", line 7676, in pandas._libs.hashtable.PyObjectHashTable.get_item
KeyError: 'zero_volume_detected'

The above exception was the direct cause of the following exception:

Traceback (most recent call last):
  File "E:\BOT_FINALBOT\FINALBOT_Begin\data_feed\data_adapter.py", line 266, in _refresh_m1
    completed = self._anomaly_detector.detect_anomalies(completed, symbol)
                ^^^^^^^^^^^^^^^^^^^^^^^^^^^^^^^^^^^^^^^^^^^^^^^^^^^^^^^^^^
  File "E:\BOT_FINALBOT\FINALBOT_Begin\data_feed\anomaly_detector.py", line 251, in detect_anomalies
    result_df = self.detect_zero_volume(result_df, symbol)
                ^^^^^^^^^^^^^^^^^^^^^^^^^^^^^^^^^^^^^^^^^^
  File "E:\BOT_FINALBOT\FINALBOT_Begin\data_feed\anomaly_detector.py", line 164, in detect_zero_volume
    df['zero_volume_streak'] = (df['zero_volume_detected'] == True).cumsum()
                                ~~^^^^^^^^^^^^^^^^^^^^^^^^
  File "C:\Users\BUSOLOVE\AppData\Local\Programs\Python\Python312\Lib\site-packages\pandas\core\frame.py", line 4378, in __getitem__
    indexer = self.columns.get_loc(key)
              ^^^^^^^^^^^^^^^^^^^^^^^^^
  File "C:\Users\BUSOLOVE\AppData\Local\Programs\Python\Python312\Lib\site-packages\pandas\core\indexes\base.py", line 3648, in get_loc
    raise KeyError(key) from err
KeyError: 'zero_volume_detected'

During handling of the above exception, another exception occurred:

Traceback (most recent call last):
  File "E:\BOT_FINALBOT\FINALBOT_Begin\data_feed\data_adapter.py", line 180, in update
    completed_m1 = self._refresh_m1(symbol, now_naive)
                   ^^^^^^^^^^^^^^^^^^^^^^^^^^^^^^^^^^^
  File "E:\BOT_FINALBOT\FINALBOT_Begin\data_feed\data_adapter.py", line 280, in _refresh_m1
    raise RuntimeError(f"Zero Tolerance: Anomaly detection failed for {symbol}: {e}")
RuntimeError: Zero Tolerance: Anomaly detection failed for EURUSD: 'zero_volume_detected'

During handling of the above exception, another exception occurred:

Traceback (most recent call last):
  File "E:\BOT_FINALBOT\FINALBOT_Begin\runner.py", line 246, in run_cycle
    result_val = sym_futures[sym].result()
                 ^^^^^^^^^^^^^^^^^^^^^^^^^
  File "C:\Users\BUSOLOVE\AppData\Local\Programs\Python\Python312\Lib\concurrent\futures\_base.py", line 449, in result
    return self.__get_result()
           ^^^^^^^^^^^^^^^^^^^
  File "C:\Users\BUSOLOVE\AppData\Local\Programs\Python\Python312\Lib\concurrent\futures\_base.py", line 401, in __get_result
    raise self._exception
  File "C:\Users\BUSOLOVE\AppData\Local\Programs\Python\Python312\Lib\concurrent\futures\thread.py", line 58, in run
    result = self.fn(*self.args, **self.kwargs)
             ^^^^^^^^^^^^^^^^^^^^^^^^^^^^^^^^^^
  File "E:\BOT_FINALBOT\FINALBOT_Begin\runner.py", line 153, in fetch_and_save_data
    return self.candle_adapter.update(symbol, broker_epoch=broker_epoch)
           ^^^^^^^^^^^^^^^^^^^^^^^^^^^^^^^^^^^^^^^^^^^^^^^^^^^^^^^^^^^^^
  File "E:\BOT_FINALBOT\FINALBOT_Begin\data_feed\data_adapter.py", line 237, in update
    raise Exception(f"Zero Tolerance: update failed for {symbol}: {e}")
Exception: Zero Tolerance: update failed for EURUSD: Zero Tolerance: Anomaly detection failed for EURUSD: 'zero_volume_detected'
2026-07-28 05:05:06,256 | INFO     | [CSVWriter] Successfully wrote 251 rows to data_base/csv/iq_option\GBPUSD-OTC\GBPUSD-OTC_M5.csv
2026-07-28 05:05:06,256 | INFO     | [CSVQueue] Successfully processed write for data_base/csv/iq_option\GBPUSD-OTC\GBPUSD-OTC_M5.csv
2026-07-28 05:05:06,256 | INFO     | [CSVQueue] Processing write for data_base/csv/iq_option\EURGBP-OTC\EURGBP-OTC_M5.csv
2026-07-28 05:05:06,256 | INFO     | [CSVWriter] Writing 249 rows to data_base/csv/iq_option\EURGBP-OTC\EURGBP-OTC_M5.csv
2026-07-28 05:05:06,268 | INFO     | [CSVWriter] Successfully wrote 251 rows to data_base/csv/iq_option\EURGBP-OTC\EURGBP-OTC_M5.csv
2026-07-28 05:05:06,268 | INFO     | [CSVQueue] Successfully processed write for data_base/csv/iq_option\EURGBP-OTC\EURGBP-OTC_M5.csv
2026-07-28 05:05:06,268 | INFO     | [CSVQueue] Queue size: 0
2026-07-28 05:05:06,274 | ERROR    | Orchestrator failed for EURUSD-OTC
Traceback (most recent call last):
  File "E:\BOT_FINALBOT\FINALBOT_Begin\runner.py", line 263, in run_cycle
    self.orchestrator.process_cycle(sym)
  File "E:\BOT_FINALBOT\FINALBOT_Begin\data_evaluate\orchestrator.py", line 180, in process_cycle
    raise ValueError(f"FAIL-FAST: Insufficient {tf} warm-up candles (minimum {min_req} required)")
ValueError: FAIL-FAST: Insufficient M1 warm-up candles (minimum 250 required)
2026-07-28 05:05:06,282 | ERROR    | Orchestrator failed for GBPUSD-OTC
Traceback (most recent call last):
  File "E:\BOT_FINALBOT\FINALBOT_Begin\runner.py", line 263, in run_cycle
    self.orchestrator.process_cycle(sym)
  File "E:\BOT_FINALBOT\FINALBOT_Begin\data_evaluate\orchestrator.py", line 180, in process_cycle
    raise ValueError(f"FAIL-FAST: Insufficient {tf} warm-up candles (minimum {min_req} required)")
ValueError: FAIL-FAST: Insufficient M1 warm-up candles (minimum 250 required)
2026-07-28 05:05:06,293 | ERROR    | Orchestrator failed for EURGBP-OTC
Traceback (most recent call last):
  File "E:\BOT_FINALBOT\FINALBOT_Begin\runner.py", line 263, in run_cycle
    self.orchestrator.process_cycle(sym)
  File "E:\BOT_FINALBOT\FINALBOT_Begin\data_evaluate\orchestrator.py", line 180, in process_cycle
    raise ValueError(f"FAIL-FAST: Insufficient {tf} warm-up candles (minimum {min_req} required)")
ValueError: FAIL-FAST: Insufficient M1 warm-up candles (minimum 250 required)
2026-07-28 05:05:06,297 | INFO     | [EURUSD-OTC:1.14355][GBPUSD-OTC:1.33465][EURGBP-OTC:0.85708] :: TOTAL=$1453.95
2026-07-28 05:06:03,567 | INFO     | [DataAdapter] Starting update for EURUSD
2026-07-28 05:06:03,568 | INFO     | [DataAdapter] Refreshing M1 data for EURUSD
2026-07-28 05:06:03,568 | INFO     | [DataAdapter] Starting update for EURUSD-OTC
2026-07-28 05:06:03,568 | INFO     | [DataAdapter] Starting update for GBPUSD-OTC
2026-07-28 05:06:03,568 | INFO     | [DataAdapter] Refreshing M1 data for EURUSD-OTC
2026-07-28 05:06:03,568 | INFO     | [DataAdapter] Starting update for EURGBP-OTC
2026-07-28 05:06:03,568 | INFO     | [DataAdapter] Refreshing M1 data for GBPUSD-OTC
2026-07-28 05:06:03,570 | INFO     | [DataAdapter] Refreshing M1 data for EURGBP-OTC
2026-07-28 05:06:03,815 | INFO     | [IQOPTION] REST fetch succeeded for EURUSD: 3 candles
2026-07-28 05:06:03,846 | ERROR    | [DataAdapter] Anomaly detection failed for EURUSD: 'zero_volume_detected'
2026-07-28 05:06:03,862 | WARNING  | [DataAdapter] Anomaly detection has failed 10 times
2026-07-28 05:06:03,877 | ERROR    | [DataAdapter] update failed for EURUSD: Zero Tolerance: Anomaly detection failed for EURUSD: 'zero_volume_detected'
2026-07-28 05:06:03,893 | ERROR    | [DataAdapter] Zero Tolerance: stopping immediately - no retry allowed
2026-07-28 05:06:04,176 | INFO     | [IQOPTION] REST fetch succeeded for EURUSD-OTC: 3 candles
2026-07-28 05:06:04,227 | INFO     | [DataAdapter] M1 anomaly detection completed for EURUSD-OTC in 0.029s
2026-07-28 05:06:04,349 | INFO     | [CSVQueue] Enqueuing write for data_base/csv/iq_option\EURUSD-OTC\EURUSD-OTC_M1.csv - Queue size: 0
2026-07-28 05:06:04,365 | INFO     | [DataAdapter] M1 data refresh completed for EURUSD-OTC
2026-07-28 05:06:04,381 | INFO     | [DataAdapter] Refreshing M5 data for EURUSD-OTC
2026-07-28 05:06:04,381 | INFO     | [CSVQueue] Processing write for data_base/csv/iq_option\EURUSD-OTC\EURUSD-OTC_M1.csv
2026-07-28 05:06:04,432 | INFO     | [DataAdapter] M5 anomaly detection completed for EURUSD-OTC
2026-07-28 05:06:04,433 | INFO     | [CSVWriter] Writing 99 rows to data_base/csv/iq_option\EURUSD-OTC\EURUSD-OTC_M1.csv
2026-07-28 05:06:04,433 | INFO     | [IQOPTION] REST fetch succeeded for GBPUSD-OTC: 3 candles
2026-07-28 05:06:04,442 | INFO     | [DataAdapter] M5 data refresh completed for EURUSD-OTC
2026-07-28 05:06:04,551 | INFO     | [DataAdapter] Refreshing M15 data for EURUSD-OTC
2026-07-28 05:06:04,601 | INFO     | [DataAdapter] M15 anomaly detection completed for EURUSD-OTC
2026-07-28 05:06:04,612 | INFO     | [DataAdapter] M15 data refresh completed for EURUSD-OTC
2026-07-28 05:06:04,630 | INFO     | [DataAdapter] Anomaly statistics for EURUSD-OTC: {'total_calls': 28, 'response_times': [0.03267025947570801, 0.03391909599304199, 0.006999492645263672, 0.019204378128051758, 0.010622262954711914, 0.005402565002441406, 0.019014835357666016, 0.08554816246032715, 0.006896495819091797, 0.013011932373046875, 0.006913423538208008, 0.016666889190673828, 0.012653112411499023, 0.046982526779174805, 0.0069997310638427734, 0.013000011444091797, 0.04003310203552246, 0.0066754817962646484, 0.013006448745727539, 0.09851288795471191, 0.006525516510009766, 0.020686626434326172, 0.12462925910949707, 0.007510185241699219, 0.03896355628967285, 0.03139209747314453, 0.018968820571899414, 0.02902984619140625], 'spike_count': 0, 'zero_volume_count': 0, 'impossible_candle_count': 0, 'consecutive_anomalies': 0, 'avg_response_time': np.float64(0.027587107249668667), 'max_response_time': np.float64(0.12462925910949707), 'min_response_time': np.float64(0.005402565002441406)}
2026-07-28 05:06:04,647 | INFO     | [DataAdapter] M1 anomaly detection completed for GBPUSD-OTC in 0.034s
2026-07-28 05:06:04,707 | INFO     | [IQOPTION] REST fetch succeeded for EURGBP-OTC: 3 candles
2026-07-28 05:06:04,717 | INFO     | [CSVQueue] Enqueuing write for data_base/csv/iq_option\GBPUSD-OTC\GBPUSD-OTC_M1.csv - Queue size: 0
2026-07-28 05:06:04,722 | INFO     | [DataAdapter] M1 data refresh completed for GBPUSD-OTC
2026-07-28 05:06:04,724 | INFO     | [DataAdapter] Refreshing M5 data for GBPUSD-OTC
2026-07-28 05:06:04,731 | INFO     | [DataAdapter] M1 anomaly detection completed for EURGBP-OTC in 0.012s
2026-07-28 05:06:04,743 | INFO     | [DataAdapter] M5 anomaly detection completed for GBPUSD-OTC
2026-07-28 05:06:04,743 | INFO     | [DataAdapter] M5 data refresh completed for GBPUSD-OTC
2026-07-28 05:06:04,743 | INFO     | [CSVQueue] Enqueuing write for data_base/csv/iq_option\EURGBP-OTC\EURGBP-OTC_M1.csv - Queue size: 1
2026-07-28 05:06:04,743 | INFO     | [CSVWriter] Successfully wrote 109 rows to data_base/csv/iq_option\EURUSD-OTC\EURUSD-OTC_M1.csv
2026-07-28 05:06:04,752 | INFO     | [DataAdapter] Refreshing M15 data for GBPUSD-OTC
2026-07-28 05:06:04,752 | INFO     | [DataAdapter] M1 data refresh completed for EURGBP-OTC
2026-07-28 05:06:04,753 | INFO     | [CSVQueue] Successfully processed write for data_base/csv/iq_option\EURUSD-OTC\EURUSD-OTC_M1.csv
2026-07-28 05:06:04,762 | INFO     | [DataAdapter] M15 anomaly detection completed for GBPUSD-OTC
2026-07-28 05:06:04,762 | INFO     | [DataAdapter] Refreshing M5 data for EURGBP-OTC
2026-07-28 05:06:04,762 | INFO     | [CSVQueue] Processing write for data_base/csv/iq_option\GBPUSD-OTC\GBPUSD-OTC_M1.csv
2026-07-28 05:06:04,762 | INFO     | [DataAdapter] M15 data refresh completed for GBPUSD-OTC
2026-07-28 05:06:04,766 | INFO     | [CSVWriter] Writing 99 rows to data_base/csv/iq_option\GBPUSD-OTC\GBPUSD-OTC_M1.csv
2026-07-28 05:06:04,767 | INFO     | [DataAdapter] Anomaly statistics for GBPUSD-OTC: {'total_calls': 30, 'response_times': [0.03267025947570801, 0.03391909599304199, 0.006999492645263672, 0.019204378128051758, 0.010622262954711914, 0.005402565002441406, 0.019014835357666016, 0.08554816246032715, 0.006896495819091797, 0.013011932373046875, 0.006913423538208008, 0.016666889190673828, 0.012653112411499023, 0.046982526779174805, 0.0069997310638427734, 0.013000011444091797, 0.04003310203552246, 0.0066754817962646484, 0.013006448745727539, 0.09851288795471191, 0.006525516510009766, 0.020686626434326172, 0.12462925910949707, 0.007510185241699219, 0.03896355628967285, 0.03139209747314453, 0.018968820571899414, 0.02902984619140625, 0.0335848331451416, 0.012201547622680664], 'spike_count': 0, 'zero_volume_count': 0, 'impossible_candle_count': 0, 'consecutive_anomalies': 0, 'avg_response_time': np.float64(0.027274179458618163), 'max_response_time': np.float64(0.12462925910949707), 'min_response_time': np.float64(0.005402565002441406)}
2026-07-28 05:06:04,772 | INFO     | [DataAdapter] M5 anomaly detection completed for EURGBP-OTC
2026-07-28 05:06:04,775 | INFO     | [DataAdapter] M5 data refresh completed for EURGBP-OTC
2026-07-28 05:06:04,775 | INFO     | [DataAdapter] Refreshing M15 data for EURGBP-OTC
2026-07-28 05:06:04,783 | INFO     | [DataAdapter] M15 anomaly detection completed for EURGBP-OTC
2026-07-28 05:06:04,783 | INFO     | [DataAdapter] M15 data refresh completed for EURGBP-OTC
2026-07-28 05:06:04,784 | INFO     | [DataAdapter] Anomaly statistics for EURGBP-OTC: {'total_calls': 30, 'response_times': [0.03267025947570801, 0.03391909599304199, 0.006999492645263672, 0.019204378128051758, 0.010622262954711914, 0.005402565002441406, 0.019014835357666016, 0.08554816246032715, 0.006896495819091797, 0.013011932373046875, 0.006913423538208008, 0.016666889190673828, 0.012653112411499023, 0.046982526779174805, 0.0069997310638427734, 0.013000011444091797, 0.04003310203552246, 0.0066754817962646484, 0.013006448745727539, 0.09851288795471191, 0.006525516510009766, 0.020686626434326172, 0.12462925910949707, 0.007510185241699219, 0.03896355628967285, 0.03139209747314453, 0.018968820571899414, 0.02902984619140625, 0.0335848331451416, 0.012201547622680664], 'spike_count': 0, 'zero_volume_count': 0, 'impossible_candle_count': 0, 'consecutive_anomalies': 0, 'avg_response_time': np.float64(0.027274179458618163), 'max_response_time': np.float64(0.12462925910949707), 'min_response_time': np.float64(0.005402565002441406)}
2026-07-28 05:06:04,786 | ERROR    | Error getting future result for EURUSD
Traceback (most recent call last):
  File "C:\Users\BUSOLOVE\AppData\Local\Programs\Python\Python312\Lib\site-packages\pandas\core\indexes\base.py", line 3641, in get_loc
    return self._engine.get_loc(casted_key)
           ^^^^^^^^^^^^^^^^^^^^^^^^^^^^^^^^
  File "pandas/_libs/index.pyx", line 168, in pandas._libs.index.IndexEngine.get_loc
  File "pandas/_libs/index.pyx", line 197, in pandas._libs.index.IndexEngine.get_loc
  File "pandas/_libs/hashtable_class_helper.pxi", line 7668, in pandas._libs.hashtable.PyObjectHashTable.get_item
  File "pandas/_libs/hashtable_class_helper.pxi", line 7676, in pandas._libs.hashtable.PyObjectHashTable.get_item
KeyError: 'zero_volume_detected'

The above exception was the direct cause of the following exception:

Traceback (most recent call last):
  File "E:\BOT_FINALBOT\FINALBOT_Begin\data_feed\data_adapter.py", line 266, in _refresh_m1
    completed = self._anomaly_detector.detect_anomalies(completed, symbol)
                ^^^^^^^^^^^^^^^^^^^^^^^^^^^^^^^^^^^^^^^^^^^^^^^^^^^^^^^^^^
  File "E:\BOT_FINALBOT\FINALBOT_Begin\data_feed\anomaly_detector.py", line 251, in detect_anomalies
    result_df = self.detect_zero_volume(result_df, symbol)
                ^^^^^^^^^^^^^^^^^^^^^^^^^^^^^^^^^^^^^^^^^^
  File "E:\BOT_FINALBOT\FINALBOT_Begin\data_feed\anomaly_detector.py", line 164, in detect_zero_volume
    df['zero_volume_streak'] = (df['zero_volume_detected'] == True).cumsum()
                                ~~^^^^^^^^^^^^^^^^^^^^^^^^
  File "C:\Users\BUSOLOVE\AppData\Local\Programs\Python\Python312\Lib\site-packages\pandas\core\frame.py", line 4378, in __getitem__
    indexer = self.columns.get_loc(key)
              ^^^^^^^^^^^^^^^^^^^^^^^^^
  File "C:\Users\BUSOLOVE\AppData\Local\Programs\Python\Python312\Lib\site-packages\pandas\core\indexes\base.py", line 3648, in get_loc
    raise KeyError(key) from err
KeyError: 'zero_volume_detected'

During handling of the above exception, another exception occurred:

Traceback (most recent call last):
  File "E:\BOT_FINALBOT\FINALBOT_Begin\data_feed\data_adapter.py", line 180, in update
    completed_m1 = self._refresh_m1(symbol, now_naive)
                   ^^^^^^^^^^^^^^^^^^^^^^^^^^^^^^^^^^^
  File "E:\BOT_FINALBOT\FINALBOT_Begin\data_feed\data_adapter.py", line 280, in _refresh_m1
    raise RuntimeError(f"Zero Tolerance: Anomaly detection failed for {symbol}: {e}")
RuntimeError: Zero Tolerance: Anomaly detection failed for EURUSD: 'zero_volume_detected'

During handling of the above exception, another exception occurred:

Traceback (most recent call last):
  File "E:\BOT_FINALBOT\FINALBOT_Begin\runner.py", line 246, in run_cycle
    result_val = sym_futures[sym].result()
                 ^^^^^^^^^^^^^^^^^^^^^^^^^
  File "C:\Users\BUSOLOVE\AppData\Local\Programs\Python\Python312\Lib\concurrent\futures\_base.py", line 449, in result
    return self.__get_result()
           ^^^^^^^^^^^^^^^^^^^
  File "C:\Users\BUSOLOVE\AppData\Local\Programs\Python\Python312\Lib\concurrent\futures\_base.py", line 401, in __get_result
    raise self._exception
  File "C:\Users\BUSOLOVE\AppData\Local\Programs\Python\Python312\Lib\concurrent\futures\thread.py", line 58, in run
    result = self.fn(*self.args, **self.kwargs)
             ^^^^^^^^^^^^^^^^^^^^^^^^^^^^^^^^^^
  File "E:\BOT_FINALBOT\FINALBOT_Begin\runner.py", line 153, in fetch_and_save_data
    return self.candle_adapter.update(symbol, broker_epoch=broker_epoch)
           ^^^^^^^^^^^^^^^^^^^^^^^^^^^^^^^^^^^^^^^^^^^^^^^^^^^^^^^^^^^^^
  File "E:\BOT_FINALBOT\FINALBOT_Begin\data_feed\data_adapter.py", line 237, in update
    raise Exception(f"Zero Tolerance: update failed for {symbol}: {e}")
Exception: Zero Tolerance: update failed for EURUSD: Zero Tolerance: Anomaly detection failed for EURUSD: 'zero_volume_detected'
2026-07-28 05:06:04,793 | INFO     | [CSVWriter] Successfully wrote 109 rows to data_base/csv/iq_option\GBPUSD-OTC\GBPUSD-OTC_M1.csv
2026-07-28 05:06:04,793 | INFO     | [CSVQueue] Successfully processed write for data_base/csv/iq_option\GBPUSD-OTC\GBPUSD-OTC_M1.csv
2026-07-28 05:06:04,794 | INFO     | [CSVQueue] Processing write for data_base/csv/iq_option\EURGBP-OTC\EURGBP-OTC_M1.csv
2026-07-28 05:06:04,794 | INFO     | [CSVWriter] Writing 99 rows to data_base/csv/iq_option\EURGBP-OTC\EURGBP-OTC_M1.csv
2026-07-28 05:06:04,805 | INFO     | [CSVWriter] Successfully wrote 109 rows to data_base/csv/iq_option\EURGBP-OTC\EURGBP-OTC_M1.csv
2026-07-28 05:06:04,805 | INFO     | [CSVQueue] Successfully processed write for data_base/csv/iq_option\EURGBP-OTC\EURGBP-OTC_M1.csv
2026-07-28 05:06:04,809 | INFO     | [CSVQueue] Queue size: 0
2026-07-28 05:06:04,820 | ERROR    | Orchestrator failed for EURUSD-OTC
Traceback (most recent call last):
  File "E:\BOT_FINALBOT\FINALBOT_Begin\runner.py", line 263, in run_cycle
    self.orchestrator.process_cycle(sym)
  File "E:\BOT_FINALBOT\FINALBOT_Begin\data_evaluate\orchestrator.py", line 180, in process_cycle
    raise ValueError(f"FAIL-FAST: Insufficient {tf} warm-up candles (minimum {min_req} required)")
ValueError: FAIL-FAST: Insufficient M1 warm-up candles (minimum 250 required)
2026-07-28 05:06:04,834 | ERROR    | Orchestrator failed for GBPUSD-OTC
Traceback (most recent call last):
  File "E:\BOT_FINALBOT\FINALBOT_Begin\runner.py", line 263, in run_cycle
    self.orchestrator.process_cycle(sym)
  File "E:\BOT_FINALBOT\FINALBOT_Begin\data_evaluate\orchestrator.py", line 180, in process_cycle
    raise ValueError(f"FAIL-FAST: Insufficient {tf} warm-up candles (minimum {min_req} required)")
ValueError: FAIL-FAST: Insufficient M1 warm-up candles (minimum 250 required)
2026-07-28 05:06:04,849 | ERROR    | Orchestrator failed for EURGBP-OTC
Traceback (most recent call last):
  File "E:\BOT_FINALBOT\FINALBOT_Begin\runner.py", line 263, in run_cycle
    self.orchestrator.process_cycle(sym)
  File "E:\BOT_FINALBOT\FINALBOT_Begin\data_evaluate\orchestrator.py", line 180, in process_cycle
    raise ValueError(f"FAIL-FAST: Insufficient {tf} warm-up candles (minimum {min_req} required)")
ValueError: FAIL-FAST: Insufficient M1 warm-up candles (minimum 250 required)
2026-07-28 05:06:04,895 | INFO     | [EURUSD-OTC:1.14382][GBPUSD-OTC:1.33472][EURGBP-OTC:0.85725] :: TOTAL=$1453.95
2026-07-28 05:07:04,168 | INFO     | [DataAdapter] Starting update for EURUSD
2026-07-28 05:07:04,169 | INFO     | [DataAdapter] Refreshing M1 data for EURUSD
2026-07-28 05:07:04,169 | INFO     | [DataAdapter] Starting update for EURUSD-OTC
2026-07-28 05:07:04,169 | INFO     | [DataAdapter] Refreshing M1 data for EURUSD-OTC
2026-07-28 05:07:04,169 | INFO     | [DataAdapter] Starting update for GBPUSD-OTC
2026-07-28 05:07:04,169 | INFO     | [DataAdapter] Refreshing M1 data for GBPUSD-OTC
2026-07-28 05:07:04,170 | INFO     | [DataAdapter] Starting update for EURGBP-OTC
2026-07-28 05:07:04,170 | INFO     | [DataAdapter] Refreshing M1 data for EURGBP-OTC
2026-07-28 05:07:04,417 | INFO     | [IQOPTION] REST fetch succeeded for EURUSD: 3 candles
2026-07-28 05:07:04,440 | ERROR    | [DataAdapter] Anomaly detection failed for EURUSD: 'zero_volume_detected'
2026-07-28 05:07:04,449 | WARNING  | [DataAdapter] Anomaly detection has failed 11 times
2026-07-28 05:07:04,480 | ERROR    | [DataAdapter] update failed for EURUSD: Zero Tolerance: Anomaly detection failed for EURUSD: 'zero_volume_detected'
2026-07-28 05:07:04,496 | ERROR    | [DataAdapter] Zero Tolerance: stopping immediately - no retry allowed
2026-07-28 05:07:04,653 | INFO     | [IQOPTION] REST fetch succeeded for EURUSD-OTC: 3 candles
2026-07-28 05:07:04,738 | INFO     | [DataAdapter] M1 anomaly detection completed for EURUSD-OTC in 0.019s
2026-07-28 05:07:04,842 | INFO     | [CSVQueue] Enqueuing write for data_base/csv/iq_option\EURUSD-OTC\EURUSD-OTC_M1.csv - Queue size: 0
2026-07-28 05:07:04,890 | INFO     | [DataAdapter] M1 data refresh completed for EURUSD-OTC
2026-07-28 05:07:04,905 | INFO     | [CSVQueue] Processing write for data_base/csv/iq_option\EURUSD-OTC\EURUSD-OTC_M1.csv
2026-07-28 05:07:04,905 | INFO     | [DataAdapter] Refreshing M5 data for EURUSD-OTC
2026-07-28 05:07:04,952 | INFO     | [CSVWriter] Writing 99 rows to data_base/csv/iq_option\EURUSD-OTC\EURUSD-OTC_M1.csv
2026-07-28 05:07:04,952 | INFO     | [IQOPTION] REST fetch succeeded for GBPUSD-OTC: 3 candles
2026-07-28 05:07:04,990 | INFO     | [DataAdapter] M5 anomaly detection completed for EURUSD-OTC
2026-07-28 05:07:05,056 | INFO     | [DataAdapter] M1 anomaly detection completed for GBPUSD-OTC in 0.006s
2026-07-28 05:07:05,091 | INFO     | [DataAdapter] M5 data refresh completed for EURUSD-OTC
2026-07-28 05:07:05,138 | INFO     | [DataAdapter] Refreshing M15 data for EURUSD-OTC
2026-07-28 05:07:05,221 | INFO     | [DataAdapter] M15 anomaly detection completed for EURUSD-OTC
2026-07-28 05:07:05,232 | INFO     | [CSVQueue] Enqueuing write for data_base/csv/iq_option\GBPUSD-OTC\GBPUSD-OTC_M1.csv - Queue size: 0
2026-07-28 05:07:05,232 | INFO     | [DataAdapter] M15 data refresh completed for EURUSD-OTC
2026-07-28 05:07:05,280 | INFO     | [DataAdapter] M1 data refresh completed for GBPUSD-OTC
2026-07-28 05:07:05,295 | INFO     | [DataAdapter] Anomaly statistics for EURUSD-OTC: {'total_calls': 32, 'response_times': [0.03267025947570801, 0.03391909599304199, 0.006999492645263672, 0.019204378128051758, 0.010622262954711914, 0.005402565002441406, 0.019014835357666016, 0.08554816246032715, 0.006896495819091797, 0.013011932373046875, 0.006913423538208008, 0.016666889190673828, 0.012653112411499023, 0.046982526779174805, 0.0069997310638427734, 0.013000011444091797, 0.04003310203552246, 0.0066754817962646484, 0.013006448745727539, 0.09851288795471191, 0.006525516510009766, 0.020686626434326172, 0.12462925910949707, 0.007510185241699219, 0.03896355628967285, 0.03139209747314453, 0.018968820571899414, 0.02902984619140625, 0.0335848331451416, 0.012201547622680664, 0.01901078224182129, 0.006000041961669922], 'spike_count': 0, 'zero_volume_count': 0, 'impossible_candle_count': 0, 'consecutive_anomalies': 0, 'avg_response_time': np.float64(0.02635113149881363), 'max_response_time': np.float64(0.12462925910949707), 'min_response_time': np.float64(0.005402565002441406)}
2026-07-28 05:07:05,357 | INFO     | [DataAdapter] Refreshing M5 data for GBPUSD-OTC
2026-07-28 05:07:05,357 | INFO     | [IQOPTION] REST fetch succeeded for EURGBP-OTC: 3 candles
2026-07-28 05:07:05,366 | INFO     | [DataAdapter] M5 anomaly detection completed for GBPUSD-OTC
2026-07-28 05:07:05,371 | INFO     | [DataAdapter] M5 data refresh completed for GBPUSD-OTC
2026-07-28 05:07:05,377 | INFO     | [DataAdapter] Refreshing M15 data for GBPUSD-OTC
2026-07-28 05:07:05,384 | INFO     | [DataAdapter] M1 anomaly detection completed for EURGBP-OTC in 0.009s
2026-07-28 05:07:05,394 | INFO     | [DataAdapter] M15 anomaly detection completed for GBPUSD-OTC
2026-07-28 05:07:05,395 | INFO     | [CSVWriter] Successfully wrote 110 rows to data_base/csv/iq_option\EURUSD-OTC\EURUSD-OTC_M1.csv
2026-07-28 05:07:05,397 | INFO     | [DataAdapter] M15 data refresh completed for GBPUSD-OTC
2026-07-28 05:07:05,398 | INFO     | [CSVQueue] Successfully processed write for data_base/csv/iq_option\EURUSD-OTC\EURUSD-OTC_M1.csv
2026-07-28 05:07:05,398 | INFO     | [DataAdapter] Anomaly statistics for GBPUSD-OTC: {'total_calls': 33, 'response_times': [0.03267025947570801, 0.03391909599304199, 0.006999492645263672, 0.019204378128051758, 0.010622262954711914, 0.005402565002441406, 0.019014835357666016, 0.08554816246032715, 0.006896495819091797, 0.013011932373046875, 0.006913423538208008, 0.016666889190673828, 0.012653112411499023, 0.046982526779174805, 0.0069997310638427734, 0.013000011444091797, 0.04003310203552246, 0.0066754817962646484, 0.013006448745727539, 0.09851288795471191, 0.006525516510009766, 0.020686626434326172, 0.12462925910949707, 0.007510185241699219, 0.03896355628967285, 0.03139209747314453, 0.018968820571899414, 0.02902984619140625, 0.0335848331451416, 0.012201547622680664, 0.01901078224182129, 0.006000041961669922, 0.008504152297973633], 'spike_count': 0, 'zero_volume_count': 0, 'impossible_candle_count': 0, 'consecutive_anomalies': 0, 'avg_response_time': np.float64(0.025810313947273022), 'max_response_time': np.float64(0.12462925910949707), 'min_response_time': np.float64(0.005402565002441406)}
2026-07-28 05:07:05,399 | INFO     | [CSVQueue] Processing write for data_base/csv/iq_option\GBPUSD-OTC\GBPUSD-OTC_M1.csv
2026-07-28 05:07:05,399 | INFO     | [CSVQueue] Enqueuing write for data_base/csv/iq_option\EURGBP-OTC\EURGBP-OTC_M1.csv - Queue size: 0
2026-07-28 05:07:05,399 | INFO     | [CSVWriter] Writing 99 rows to data_base/csv/iq_option\GBPUSD-OTC\GBPUSD-OTC_M1.csv
2026-07-28 05:07:05,400 | INFO     | [DataAdapter] M1 data refresh completed for EURGBP-OTC
2026-07-28 05:07:05,402 | INFO     | [DataAdapter] Refreshing M5 data for EURGBP-OTC
2026-07-28 05:07:05,412 | INFO     | [DataAdapter] M5 anomaly detection completed for EURGBP-OTC
2026-07-28 05:07:05,412 | INFO     | [DataAdapter] M5 data refresh completed for EURGBP-OTC
2026-07-28 05:07:05,413 | INFO     | [DataAdapter] Refreshing M15 data for EURGBP-OTC
2026-07-28 05:07:05,418 | INFO     | [DataAdapter] M15 anomaly detection completed for EURGBP-OTC
2026-07-28 05:07:05,418 | INFO     | [DataAdapter] M15 data refresh completed for EURGBP-OTC
2026-07-28 05:07:05,419 | INFO     | [DataAdapter] Anomaly statistics for EURGBP-OTC: {'total_calls': 33, 'response_times': [0.03267025947570801, 0.03391909599304199, 0.006999492645263672, 0.019204378128051758, 0.010622262954711914, 0.005402565002441406, 0.019014835357666016, 0.08554816246032715, 0.006896495819091797, 0.013011932373046875, 0.006913423538208008, 0.016666889190673828, 0.012653112411499023, 0.046982526779174805, 0.0069997310638427734, 0.013000011444091797, 0.04003310203552246, 0.0066754817962646484, 0.013006448745727539, 0.09851288795471191, 0.006525516510009766, 0.020686626434326172, 0.12462925910949707, 0.007510185241699219, 0.03896355628967285, 0.03139209747314453, 0.018968820571899414, 0.02902984619140625, 0.0335848331451416, 0.012201547622680664, 0.01901078224182129, 0.006000041961669922, 0.008504152297973633], 'spike_count': 0, 'zero_volume_count': 0, 'impossible_candle_count': 0, 'consecutive_anomalies': 0, 'avg_response_time': np.float64(0.025810313947273022), 'max_response_time': np.float64(0.12462925910949707), 'min_response_time': np.float64(0.005402565002441406)}
2026-07-28 05:07:05,420 | ERROR    | Error getting future result for EURUSD
Traceback (most recent call last):
  File "C:\Users\BUSOLOVE\AppData\Local\Programs\Python\Python312\Lib\site-packages\pandas\core\indexes\base.py", line 3641, in get_loc
    return self._engine.get_loc(casted_key)
           ^^^^^^^^^^^^^^^^^^^^^^^^^^^^^^^^
  File "pandas/_libs/index.pyx", line 168, in pandas._libs.index.IndexEngine.get_loc
  File "pandas/_libs/index.pyx", line 197, in pandas._libs.index.IndexEngine.get_loc
  File "pandas/_libs/hashtable_class_helper.pxi", line 7668, in pandas._libs.hashtable.PyObjectHashTable.get_item
  File "pandas/_libs/hashtable_class_helper.pxi", line 7676, in pandas._libs.hashtable.PyObjectHashTable.get_item
KeyError: 'zero_volume_detected'

The above exception was the direct cause of the following exception:

Traceback (most recent call last):
  File "E:\BOT_FINALBOT\FINALBOT_Begin\data_feed\data_adapter.py", line 266, in _refresh_m1
    completed = self._anomaly_detector.detect_anomalies(completed, symbol)
                ^^^^^^^^^^^^^^^^^^^^^^^^^^^^^^^^^^^^^^^^^^^^^^^^^^^^^^^^^^
  File "E:\BOT_FINALBOT\FINALBOT_Begin\data_feed\anomaly_detector.py", line 251, in detect_anomalies
    result_df = self.detect_zero_volume(result_df, symbol)
                ^^^^^^^^^^^^^^^^^^^^^^^^^^^^^^^^^^^^^^^^^^
  File "E:\BOT_FINALBOT\FINALBOT_Begin\data_feed\anomaly_detector.py", line 164, in detect_zero_volume
    df['zero_volume_streak'] = (df['zero_volume_detected'] == True).cumsum()
                                ~~^^^^^^^^^^^^^^^^^^^^^^^^
  File "C:\Users\BUSOLOVE\AppData\Local\Programs\Python\Python312\Lib\site-packages\pandas\core\frame.py", line 4378, in __getitem__
    indexer = self.columns.get_loc(key)
              ^^^^^^^^^^^^^^^^^^^^^^^^^
  File "C:\Users\BUSOLOVE\AppData\Local\Programs\Python\Python312\Lib\site-packages\pandas\core\indexes\base.py", line 3648, in get_loc
    raise KeyError(key) from err
KeyError: 'zero_volume_detected'

During handling of the above exception, another exception occurred:

Traceback (most recent call last):
  File "E:\BOT_FINALBOT\FINALBOT_Begin\data_feed\data_adapter.py", line 180, in update
    completed_m1 = self._refresh_m1(symbol, now_naive)
                   ^^^^^^^^^^^^^^^^^^^^^^^^^^^^^^^^^^^
  File "E:\BOT_FINALBOT\FINALBOT_Begin\data_feed\data_adapter.py", line 280, in _refresh_m1
    raise RuntimeError(f"Zero Tolerance: Anomaly detection failed for {symbol}: {e}")
RuntimeError: Zero Tolerance: Anomaly detection failed for EURUSD: 'zero_volume_detected'

During handling of the above exception, another exception occurred:

Traceback (most recent call last):
  File "E:\BOT_FINALBOT\FINALBOT_Begin\runner.py", line 246, in run_cycle
    result_val = sym_futures[sym].result()
                 ^^^^^^^^^^^^^^^^^^^^^^^^^
  File "C:\Users\BUSOLOVE\AppData\Local\Programs\Python\Python312\Lib\concurrent\futures\_base.py", line 449, in result
    return self.__get_result()
           ^^^^^^^^^^^^^^^^^^^
  File "C:\Users\BUSOLOVE\AppData\Local\Programs\Python\Python312\Lib\concurrent\futures\_base.py", line 401, in __get_result
    raise self._exception
  File "C:\Users\BUSOLOVE\AppData\Local\Programs\Python\Python312\Lib\concurrent\futures\thread.py", line 58, in run
    result = self.fn(*self.args, **self.kwargs)
             ^^^^^^^^^^^^^^^^^^^^^^^^^^^^^^^^^^
  File "E:\BOT_FINALBOT\FINALBOT_Begin\runner.py", line 153, in fetch_and_save_data
    return self.candle_adapter.update(symbol, broker_epoch=broker_epoch)
           ^^^^^^^^^^^^^^^^^^^^^^^^^^^^^^^^^^^^^^^^^^^^^^^^^^^^^^^^^^^^^
  File "E:\BOT_FINALBOT\FINALBOT_Begin\data_feed\data_adapter.py", line 237, in update
    raise Exception(f"Zero Tolerance: update failed for {symbol}: {e}")
Exception: Zero Tolerance: update failed for EURUSD: Zero Tolerance: Anomaly detection failed for EURUSD: 'zero_volume_detected'
2026-07-28 05:07:05,427 | INFO     | [CSVWriter] Successfully wrote 110 rows to data_base/csv/iq_option\GBPUSD-OTC\GBPUSD-OTC_M1.csv
2026-07-28 05:07:05,428 | INFO     | [CSVQueue] Successfully processed write for data_base/csv/iq_option\GBPUSD-OTC\GBPUSD-OTC_M1.csv
2026-07-28 05:07:05,428 | INFO     | [CSVQueue] Processing write for data_base/csv/iq_option\EURGBP-OTC\EURGBP-OTC_M1.csv
2026-07-28 05:07:05,428 | INFO     | [CSVWriter] Writing 99 rows to data_base/csv/iq_option\EURGBP-OTC\EURGBP-OTC_M1.csv
2026-07-28 05:07:05,443 | INFO     | [CSVWriter] Successfully wrote 110 rows to data_base/csv/iq_option\EURGBP-OTC\EURGBP-OTC_M1.csv
2026-07-28 05:07:05,444 | INFO     | [CSVQueue] Successfully processed write for data_base/csv/iq_option\EURGBP-OTC\EURGBP-OTC_M1.csv
2026-07-28 05:07:05,444 | INFO     | [CSVQueue] Queue size: 0
2026-07-28 05:07:05,454 | ERROR    | Orchestrator failed for EURUSD-OTC
Traceback (most recent call last):
  File "E:\BOT_FINALBOT\FINALBOT_Begin\runner.py", line 263, in run_cycle
    self.orchestrator.process_cycle(sym)
  File "E:\BOT_FINALBOT\FINALBOT_Begin\data_evaluate\orchestrator.py", line 180, in process_cycle
    raise ValueError(f"FAIL-FAST: Insufficient {tf} warm-up candles (minimum {min_req} required)")
ValueError: FAIL-FAST: Insufficient M1 warm-up candles (minimum 250 required)
2026-07-28 05:07:05,472 | ERROR    | Orchestrator failed for GBPUSD-OTC
Traceback (most recent call last):
  File "E:\BOT_FINALBOT\FINALBOT_Begin\runner.py", line 263, in run_cycle
    self.orchestrator.process_cycle(sym)
  File "E:\BOT_FINALBOT\FINALBOT_Begin\data_evaluate\orchestrator.py", line 180, in process_cycle
    raise ValueError(f"FAIL-FAST: Insufficient {tf} warm-up candles (minimum {min_req} required)")
ValueError: FAIL-FAST: Insufficient M1 warm-up candles (minimum 250 required)
2026-07-28 05:07:05,485 | ERROR    | Orchestrator failed for EURGBP-OTC
Traceback (most recent call last):
  File "E:\BOT_FINALBOT\FINALBOT_Begin\runner.py", line 263, in run_cycle
    self.orchestrator.process_cycle(sym)
  File "E:\BOT_FINALBOT\FINALBOT_Begin\data_evaluate\orchestrator.py", line 180, in process_cycle
    raise ValueError(f"FAIL-FAST: Insufficient {tf} warm-up candles (minimum {min_req} required)")
ValueError: FAIL-FAST: Insufficient M1 warm-up candles (minimum 250 required)
2026-07-28 05:07:05,492 | INFO     | [EURUSD-OTC:1.14407][GBPUSD-OTC:1.33471][EURGBP-OTC:0.85686] :: TOTAL=$1453.95
2026-07-28 05:08:03,760 | INFO     | [DataAdapter] Starting update for EURUSD
2026-07-28 05:08:03,761 | INFO     | [DataAdapter] Refreshing M1 data for EURUSD
2026-07-28 05:08:03,761 | INFO     | [DataAdapter] Starting update for EURUSD-OTC
2026-07-28 05:08:03,761 | INFO     | [DataAdapter] Starting update for GBPUSD-OTC
2026-07-28 05:08:03,761 | INFO     | [DataAdapter] Refreshing M1 data for EURUSD-OTC
2026-07-28 05:08:03,761 | INFO     | [DataAdapter] Starting update for EURGBP-OTC
2026-07-28 05:08:03,761 | INFO     | [DataAdapter] Refreshing M1 data for GBPUSD-OTC
2026-07-28 05:08:03,762 | INFO     | [DataAdapter] Refreshing M1 data for EURGBP-OTC
2026-07-28 05:08:04,179 | INFO     | [IQOPTION] REST fetch succeeded for EURUSD: 3 candles
2026-07-28 05:08:04,227 | ERROR    | [DataAdapter] Anomaly detection failed for EURUSD: 'zero_volume_detected'
2026-07-28 05:08:04,242 | WARNING  | [DataAdapter] Anomaly detection has failed 12 times
2026-07-28 05:08:04,257 | ERROR    | [DataAdapter] update failed for EURUSD: Zero Tolerance: Anomaly detection failed for EURUSD: 'zero_volume_detected'
2026-07-28 05:08:04,273 | ERROR    | [DataAdapter] Zero Tolerance: stopping immediately - no retry allowed
2026-07-28 05:08:04,430 | INFO     | [IQOPTION] REST fetch succeeded for EURUSD-OTC: 3 candles
2026-07-28 05:08:04,544 | INFO     | [DataAdapter] M1 anomaly detection completed for EURUSD-OTC in 0.052s
2026-07-28 05:08:04,649 | INFO     | [CSVQueue] Enqueuing write for data_base/csv/iq_option\EURUSD-OTC\EURUSD-OTC_M1.csv - Queue size: 0
2026-07-28 05:08:04,664 | INFO     | [DataAdapter] M1 data refresh completed for EURUSD-OTC
2026-07-28 05:08:04,664 | INFO     | [IQOPTION] REST fetch succeeded for GBPUSD-OTC: 3 candles
2026-07-28 05:08:04,665 | INFO     | [CSVQueue] Processing write for data_base/csv/iq_option\EURUSD-OTC\EURUSD-OTC_M1.csv
2026-07-28 05:08:04,665 | INFO     | [DataAdapter] Refreshing M5 data for EURUSD-OTC
2026-07-28 05:08:04,762 | INFO     | [DataAdapter] M1 anomaly detection completed for GBPUSD-OTC in 0.018s
2026-07-28 05:08:04,774 | INFO     | [CSVWriter] Writing 99 rows to data_base/csv/iq_option\EURUSD-OTC\EURUSD-OTC_M1.csv
2026-07-28 05:08:04,830 | INFO     | [DataAdapter] M5 anomaly detection completed for EURUSD-OTC
2026-07-28 05:08:04,899 | INFO     | [DataAdapter] M5 data refresh completed for EURUSD-OTC
2026-07-28 05:08:04,899 | INFO     | [IQOPTION] REST fetch succeeded for EURGBP-OTC: 3 candles
2026-07-28 05:08:04,899 | INFO     | [DataAdapter] Refreshing M15 data for EURUSD-OTC
2026-07-28 05:08:04,899 | INFO     | [CSVQueue] Enqueuing write for data_base/csv/iq_option\GBPUSD-OTC\GBPUSD-OTC_M1.csv - Queue size: 0
2026-07-28 05:08:04,914 | INFO     | [DataAdapter] M15 anomaly detection completed for EURUSD-OTC
2026-07-28 05:08:04,915 | INFO     | [DataAdapter] M1 data refresh completed for GBPUSD-OTC
2026-07-28 05:08:04,915 | INFO     | [DataAdapter] M15 data refresh completed for EURUSD-OTC
2026-07-28 05:08:04,924 | INFO     | [DataAdapter] M1 anomaly detection completed for EURGBP-OTC in 0.007s
2026-07-28 05:08:04,924 | INFO     | [DataAdapter] Refreshing M5 data for GBPUSD-OTC
2026-07-28 05:08:04,925 | INFO     | [DataAdapter] Anomaly statistics for EURUSD-OTC: {'total_calls': 36, 'response_times': [0.03267025947570801, 0.03391909599304199, 0.006999492645263672, 0.019204378128051758, 0.010622262954711914, 0.005402565002441406, 0.019014835357666016, 0.08554816246032715, 0.006896495819091797, 0.013011932373046875, 0.006913423538208008, 0.016666889190673828, 0.012653112411499023, 0.046982526779174805, 0.0069997310638427734, 0.013000011444091797, 0.04003310203552246, 0.0066754817962646484, 0.013006448745727539, 0.09851288795471191, 0.006525516510009766, 0.020686626434326172, 0.12462925910949707, 0.007510185241699219, 0.03896355628967285, 0.03139209747314453, 0.018968820571899414, 0.02902984619140625, 0.0335848331451416, 0.012201547622680664, 0.01901078224182129, 0.006000041961669922, 0.008504152297973633, 0.05174612998962402, 0.018063068389892578, 0.007004261016845703], 'spike_count': 0, 'zero_volume_count': 0, 'impossible_candle_count': 0, 'consecutive_anomalies': 0, 'avg_response_time': np.float64(0.025793161657121446), 'max_response_time': np.float64(0.12462925910949707), 'min_response_time': np.float64(0.005402565002441406)}
2026-07-28 05:08:04,937 | INFO     | [DataAdapter] M5 anomaly detection completed for GBPUSD-OTC
2026-07-28 05:08:04,938 | INFO     | [DataAdapter] M5 data refresh completed for GBPUSD-OTC
2026-07-28 05:08:04,941 | INFO     | [DataAdapter] Refreshing M15 data for GBPUSD-OTC
2026-07-28 05:08:04,945 | INFO     | [CSVQueue] Enqueuing write for data_base/csv/iq_option\EURGBP-OTC\EURGBP-OTC_M1.csv - Queue size: 1
2026-07-28 05:08:04,949 | INFO     | [DataAdapter] M15 anomaly detection completed for GBPUSD-OTC
2026-07-28 05:08:04,950 | INFO     | [DataAdapter] M1 data refresh completed for EURGBP-OTC
2026-07-28 05:08:04,951 | INFO     | [DataAdapter] M15 data refresh completed for GBPUSD-OTC
2026-07-28 05:08:04,951 | INFO     | [DataAdapter] Refreshing M5 data for EURGBP-OTC
2026-07-28 05:08:04,953 | INFO     | [DataAdapter] Anomaly statistics for GBPUSD-OTC: {'total_calls': 36, 'response_times': [0.03267025947570801, 0.03391909599304199, 0.006999492645263672, 0.019204378128051758, 0.010622262954711914, 0.005402565002441406, 0.019014835357666016, 0.08554816246032715, 0.006896495819091797, 0.013011932373046875, 0.006913423538208008, 0.016666889190673828, 0.012653112411499023, 0.046982526779174805, 0.0069997310638427734, 0.013000011444091797, 0.04003310203552246, 0.0066754817962646484, 0.013006448745727539, 0.09851288795471191, 0.006525516510009766, 0.020686626434326172, 0.12462925910949707, 0.007510185241699219, 0.03896355628967285, 0.03139209747314453, 0.018968820571899414, 0.02902984619140625, 0.0335848331451416, 0.012201547622680664, 0.01901078224182129, 0.006000041961669922, 0.008504152297973633, 0.05174612998962402, 0.018063068389892578, 0.007004261016845703], 'spike_count': 0, 'zero_volume_count': 0, 'impossible_candle_count': 0, 'consecutive_anomalies': 0, 'avg_response_time': np.float64(0.025793161657121446), 'max_response_time': np.float64(0.12462925910949707), 'min_response_time': np.float64(0.005402565002441406)}
2026-07-28 05:08:04,954 | INFO     | [CSVWriter] Successfully wrote 111 rows to data_base/csv/iq_option\EURUSD-OTC\EURUSD-OTC_M1.csv
2026-07-28 05:08:04,963 | INFO     | [DataAdapter] M5 anomaly detection completed for EURGBP-OTC
2026-07-28 05:08:04,964 | INFO     | [CSVQueue] Successfully processed write for data_base/csv/iq_option\EURUSD-OTC\EURUSD-OTC_M1.csv
2026-07-28 05:08:04,964 | INFO     | [DataAdapter] M5 data refresh completed for EURGBP-OTC
2026-07-28 05:08:04,965 | INFO     | [CSVQueue] Processing write for data_base/csv/iq_option\GBPUSD-OTC\GBPUSD-OTC_M1.csv
2026-07-28 05:08:04,965 | INFO     | [DataAdapter] Refreshing M15 data for EURGBP-OTC
2026-07-28 05:08:04,965 | INFO     | [CSVWriter] Writing 99 rows to data_base/csv/iq_option\GBPUSD-OTC\GBPUSD-OTC_M1.csv
2026-07-28 05:08:04,975 | INFO     | [DataAdapter] M15 anomaly detection completed for EURGBP-OTC
2026-07-28 05:08:04,977 | INFO     | [DataAdapter] M15 data refresh completed for EURGBP-OTC
2026-07-28 05:08:04,978 | INFO     | [DataAdapter] Anomaly statistics for EURGBP-OTC: {'total_calls': 36, 'response_times': [0.03267025947570801, 0.03391909599304199, 0.006999492645263672, 0.019204378128051758, 0.010622262954711914, 0.005402565002441406, 0.019014835357666016, 0.08554816246032715, 0.006896495819091797, 0.013011932373046875, 0.006913423538208008, 0.016666889190673828, 0.012653112411499023, 0.046982526779174805, 0.0069997310638427734, 0.013000011444091797, 0.04003310203552246, 0.0066754817962646484, 0.013006448745727539, 0.09851288795471191, 0.006525516510009766, 0.020686626434326172, 0.12462925910949707, 0.007510185241699219, 0.03896355628967285, 0.03139209747314453, 0.018968820571899414, 0.02902984619140625, 0.0335848331451416, 0.012201547622680664, 0.01901078224182129, 0.006000041961669922, 0.008504152297973633, 0.05174612998962402, 0.018063068389892578, 0.007004261016845703], 'spike_count': 0, 'zero_volume_count': 0, 'impossible_candle_count': 0, 'consecutive_anomalies': 0, 'avg_response_time': np.float64(0.025793161657121446), 'max_response_time': np.float64(0.12462925910949707), 'min_response_time': np.float64(0.005402565002441406)}
2026-07-28 05:08:04,979 | ERROR    | Error getting future result for EURUSD
Traceback (most recent call last):
  File "C:\Users\BUSOLOVE\AppData\Local\Programs\Python\Python312\Lib\site-packages\pandas\core\indexes\base.py", line 3641, in get_loc
    return self._engine.get_loc(casted_key)
           ^^^^^^^^^^^^^^^^^^^^^^^^^^^^^^^^
  File "pandas/_libs/index.pyx", line 168, in pandas._libs.index.IndexEngine.get_loc
  File "pandas/_libs/index.pyx", line 197, in pandas._libs.index.IndexEngine.get_loc
  File "pandas/_libs/hashtable_class_helper.pxi", line 7668, in pandas._libs.hashtable.PyObjectHashTable.get_item
  File "pandas/_libs/hashtable_class_helper.pxi", line 7676, in pandas._libs.hashtable.PyObjectHashTable.get_item
KeyError: 'zero_volume_detected'

The above exception was the direct cause of the following exception:

Traceback (most recent call last):
  File "E:\BOT_FINALBOT\FINALBOT_Begin\data_feed\data_adapter.py", line 266, in _refresh_m1
    completed = self._anomaly_detector.detect_anomalies(completed, symbol)
                ^^^^^^^^^^^^^^^^^^^^^^^^^^^^^^^^^^^^^^^^^^^^^^^^^^^^^^^^^^
  File "E:\BOT_FINALBOT\FINALBOT_Begin\data_feed\anomaly_detector.py", line 251, in detect_anomalies
    result_df = self.detect_zero_volume(result_df, symbol)
                ^^^^^^^^^^^^^^^^^^^^^^^^^^^^^^^^^^^^^^^^^^
  File "E:\BOT_FINALBOT\FINALBOT_Begin\data_feed\anomaly_detector.py", line 164, in detect_zero_volume
    df['zero_volume_streak'] = (df['zero_volume_detected'] == True).cumsum()
                                ~~^^^^^^^^^^^^^^^^^^^^^^^^
  File "C:\Users\BUSOLOVE\AppData\Local\Programs\Python\Python312\Lib\site-packages\pandas\core\frame.py", line 4378, in __getitem__
    indexer = self.columns.get_loc(key)
              ^^^^^^^^^^^^^^^^^^^^^^^^^
  File "C:\Users\BUSOLOVE\AppData\Local\Programs\Python\Python312\Lib\site-packages\pandas\core\indexes\base.py", line 3648, in get_loc
    raise KeyError(key) from err
KeyError: 'zero_volume_detected'

During handling of the above exception, another exception occurred:

Traceback (most recent call last):
  File "E:\BOT_FINALBOT\FINALBOT_Begin\data_feed\data_adapter.py", line 180, in update
    completed_m1 = self._refresh_m1(symbol, now_naive)
                   ^^^^^^^^^^^^^^^^^^^^^^^^^^^^^^^^^^^
  File "E:\BOT_FINALBOT\FINALBOT_Begin\data_feed\data_adapter.py", line 280, in _refresh_m1
    raise RuntimeError(f"Zero Tolerance: Anomaly detection failed for {symbol}: {e}")
RuntimeError: Zero Tolerance: Anomaly detection failed for EURUSD: 'zero_volume_detected'

During handling of the above exception, another exception occurred:

Traceback (most recent call last):
  File "E:\BOT_FINALBOT\FINALBOT_Begin\runner.py", line 246, in run_cycle
    result_val = sym_futures[sym].result()
                 ^^^^^^^^^^^^^^^^^^^^^^^^^
  File "C:\Users\BUSOLOVE\AppData\Local\Programs\Python\Python312\Lib\concurrent\futures\_base.py", line 449, in result
    return self.__get_result()
           ^^^^^^^^^^^^^^^^^^^
  File "C:\Users\BUSOLOVE\AppData\Local\Programs\Python\Python312\Lib\concurrent\futures\_base.py", line 401, in __get_result
    raise self._exception
  File "C:\Users\BUSOLOVE\AppData\Local\Programs\Python\Python312\Lib\concurrent\futures\thread.py", line 58, in run
    result = self.fn(*self.args, **self.kwargs)
             ^^^^^^^^^^^^^^^^^^^^^^^^^^^^^^^^^^
  File "E:\BOT_FINALBOT\FINALBOT_Begin\runner.py", line 153, in fetch_and_save_data
    return self.candle_adapter.update(symbol, broker_epoch=broker_epoch)
           ^^^^^^^^^^^^^^^^^^^^^^^^^^^^^^^^^^^^^^^^^^^^^^^^^^^^^^^^^^^^^
  File "E:\BOT_FINALBOT\FINALBOT_Begin\data_feed\data_adapter.py", line 237, in update
    raise Exception(f"Zero Tolerance: update failed for {symbol}: {e}")
Exception: Zero Tolerance: update failed for EURUSD: Zero Tolerance: Anomaly detection failed for EURUSD: 'zero_volume_detected'
2026-07-28 05:08:05,007 | INFO     | [CSVWriter] Successfully wrote 111 rows to data_base/csv/iq_option\GBPUSD-OTC\GBPUSD-OTC_M1.csv
2026-07-28 05:08:05,007 | INFO     | [CSVQueue] Successfully processed write for data_base/csv/iq_option\GBPUSD-OTC\GBPUSD-OTC_M1.csv
2026-07-28 05:08:05,008 | INFO     | [CSVQueue] Processing write for data_base/csv/iq_option\EURGBP-OTC\EURGBP-OTC_M1.csv
2026-07-28 05:08:05,008 | INFO     | [CSVWriter] Writing 99 rows to data_base/csv/iq_option\EURGBP-OTC\EURGBP-OTC_M1.csv
2026-07-28 05:08:05,061 | ERROR    | Orchestrator failed for EURUSD-OTC
Traceback (most recent call last):
  File "E:\BOT_FINALBOT\FINALBOT_Begin\runner.py", line 263, in run_cycle
    self.orchestrator.process_cycle(sym)
  File "E:\BOT_FINALBOT\FINALBOT_Begin\data_evaluate\orchestrator.py", line 180, in process_cycle
    raise ValueError(f"FAIL-FAST: Insufficient {tf} warm-up candles (minimum {min_req} required)")
ValueError: FAIL-FAST: Insufficient M1 warm-up candles (minimum 250 required)
2026-07-28 05:08:05,061 | INFO     | [CSVWriter] Successfully wrote 111 rows to data_base/csv/iq_option\EURGBP-OTC\EURGBP-OTC_M1.csv
2026-07-28 05:08:05,062 | INFO     | [CSVQueue] Successfully processed write for data_base/csv/iq_option\EURGBP-OTC\EURGBP-OTC_M1.csv
2026-07-28 05:08:05,062 | INFO     | [CSVQueue] Queue size: 0
2026-07-28 05:08:05,094 | ERROR    | Orchestrator failed for GBPUSD-OTC
Traceback (most recent call last):
  File "E:\BOT_FINALBOT\FINALBOT_Begin\runner.py", line 263, in run_cycle
    self.orchestrator.process_cycle(sym)
  File "E:\BOT_FINALBOT\FINALBOT_Begin\data_evaluate\orchestrator.py", line 180, in process_cycle
    raise ValueError(f"FAIL-FAST: Insufficient {tf} warm-up candles (minimum {min_req} required)")
ValueError: FAIL-FAST: Insufficient M1 warm-up candles (minimum 250 required)
2026-07-28 05:08:05,105 | ERROR    | Orchestrator failed for EURGBP-OTC
Traceback (most recent call last):
  File "E:\BOT_FINALBOT\FINALBOT_Begin\runner.py", line 263, in run_cycle
    self.orchestrator.process_cycle(sym)
  File "E:\BOT_FINALBOT\FINALBOT_Begin\data_evaluate\orchestrator.py", line 180, in process_cycle
    raise ValueError(f"FAIL-FAST: Insufficient {tf} warm-up candles (minimum {min_req} required)")
ValueError: FAIL-FAST: Insufficient M1 warm-up candles (minimum 250 required)
2026-07-28 05:08:05,110 | INFO     | [EURUSD-OTC:1.14430][GBPUSD-OTC:1.33539][EURGBP-OTC:0.85703] :: TOTAL=$1453.95
2026-07-28 05:09:03,363 | INFO     | [DataAdapter] Starting update for EURUSD
2026-07-28 05:09:03,364 | INFO     | [DataAdapter] Refreshing M1 data for EURUSD
2026-07-28 05:09:03,364 | INFO     | [DataAdapter] Starting update for EURUSD-OTC
2026-07-28 05:09:03,364 | INFO     | [DataAdapter] Refreshing M1 data for EURUSD-OTC
2026-07-28 05:09:03,364 | INFO     | [DataAdapter] Starting update for GBPUSD-OTC
2026-07-28 05:09:03,364 | INFO     | [DataAdapter] Starting update for EURGBP-OTC
2026-07-28 05:09:03,365 | INFO     | [DataAdapter] Refreshing M1 data for GBPUSD-OTC
2026-07-28 05:09:03,365 | INFO     | [DataAdapter] Refreshing M1 data for EURGBP-OTC
2026-07-28 05:09:03,610 | INFO     | [IQOPTION] REST fetch succeeded for EURUSD: 3 candles
2026-07-28 05:09:03,674 | ERROR    | [DataAdapter] Anomaly detection failed for EURUSD: 'zero_volume_detected'
2026-07-28 05:09:03,688 | WARNING  | [DataAdapter] Anomaly detection has failed 13 times
2026-07-28 05:09:03,704 | ERROR    | [DataAdapter] update failed for EURUSD: Zero Tolerance: Anomaly detection failed for EURUSD: 'zero_volume_detected'
2026-07-28 05:09:03,719 | ERROR    | [DataAdapter] Zero Tolerance: stopping immediately - no retry allowed
2026-07-28 05:09:03,875 | INFO     | [IQOPTION] REST fetch succeeded for EURUSD-OTC: 3 candles
2026-07-28 05:09:03,986 | INFO     | [DataAdapter] M1 anomaly detection completed for EURUSD-OTC in 0.077s
2026-07-28 05:09:04,140 | INFO     | [CSVQueue] Enqueuing write for data_base/csv/iq_option\EURUSD-OTC\EURUSD-OTC_M1.csv - Queue size: 0
2026-07-28 05:09:04,171 | INFO     | [DataAdapter] M1 data refresh completed for EURUSD-OTC
2026-07-28 05:09:04,202 | INFO     | [DataAdapter] Refreshing M5 data for EURUSD-OTC
2026-07-28 05:09:04,224 | INFO     | [DataAdapter] M5 anomaly detection completed for EURUSD-OTC
2026-07-28 05:09:04,233 | INFO     | [DataAdapter] M5 data refresh completed for EURUSD-OTC
2026-07-28 05:09:04,233 | INFO     | [CSVQueue] Processing write for data_base/csv/iq_option\EURUSD-OTC\EURUSD-OTC_M1.csv
2026-07-28 05:09:04,234 | INFO     | [IQOPTION] REST fetch succeeded for GBPUSD-OTC: 3 candles
2026-07-28 05:09:04,234 | INFO     | [DataAdapter] Refreshing M15 data for EURUSD-OTC
2026-07-28 05:09:04,279 | INFO     | [CSVWriter] Writing 99 rows to data_base/csv/iq_option\EURUSD-OTC\EURUSD-OTC_M1.csv
2026-07-28 05:09:04,408 | INFO     | [DataAdapter] M15 anomaly detection completed for EURUSD-OTC
2026-07-28 05:09:04,423 | INFO     | [DataAdapter] M1 anomaly detection completed for GBPUSD-OTC in 0.032s
2026-07-28 05:09:04,423 | INFO     | [DataAdapter] M15 data refresh completed for EURUSD-OTC
2026-07-28 05:09:04,498 | INFO     | [DataAdapter] Anomaly statistics for EURUSD-OTC: {'total_calls': 38, 'response_times': [0.03267025947570801, 0.03391909599304199, 0.006999492645263672, 0.019204378128051758, 0.010622262954711914, 0.005402565002441406, 0.019014835357666016, 0.08554816246032715, 0.006896495819091797, 0.013011932373046875, 0.006913423538208008, 0.016666889190673828, 0.012653112411499023, 0.046982526779174805, 0.0069997310638427734, 0.013000011444091797, 0.04003310203552246, 0.0066754817962646484, 0.013006448745727539, 0.09851288795471191, 0.006525516510009766, 0.020686626434326172, 0.12462925910949707, 0.007510185241699219, 0.03896355628967285, 0.03139209747314453, 0.018968820571899414, 0.02902984619140625, 0.0335848331451416, 0.012201547622680664, 0.01901078224182129, 0.006000041961669922, 0.008504152297973633, 0.05174612998962402, 0.018063068389892578, 0.007004261016845703, 0.0771036148071289, 0.03151535987854004], 'spike_count': 0, 'zero_volume_count': 0, 'impossible_candle_count': 0, 'consecutive_anomalies': 0, 'avg_response_time': np.float64(0.02729402090373792), 'max_response_time': np.float64(0.12462925910949707), 'min_response_time': np.float64(0.005402565002441406)}
2026-07-28 05:09:04,545 | INFO     | [CSVQueue] Enqueuing write for data_base/csv/iq_option\GBPUSD-OTC\GBPUSD-OTC_M1.csv - Queue size: 0
2026-07-28 05:09:04,545 | INFO     | [DataAdapter] M1 data refresh completed for GBPUSD-OTC
2026-07-28 05:09:04,545 | INFO     | [IQOPTION] REST fetch succeeded for EURGBP-OTC: 3 candles
2026-07-28 05:09:04,546 | INFO     | [DataAdapter] Refreshing M5 data for GBPUSD-OTC
2026-07-28 05:09:04,559 | INFO     | [DataAdapter] M5 anomaly detection completed for GBPUSD-OTC
2026-07-28 05:09:04,559 | INFO     | [DataAdapter] M5 data refresh completed for GBPUSD-OTC
2026-07-28 05:09:04,561 | INFO     | [DataAdapter] Refreshing M15 data for GBPUSD-OTC
2026-07-28 05:09:04,567 | INFO     | [DataAdapter] M1 anomaly detection completed for EURGBP-OTC in 0.007s
2026-07-28 05:09:04,574 | INFO     | [DataAdapter] M15 anomaly detection completed for GBPUSD-OTC
2026-07-28 05:09:04,574 | INFO     | [DataAdapter] M15 data refresh completed for GBPUSD-OTC
2026-07-28 05:09:04,574 | INFO     | [DataAdapter] Anomaly statistics for GBPUSD-OTC: {'total_calls': 39, 'response_times': [0.03267025947570801, 0.03391909599304199, 0.006999492645263672, 0.019204378128051758, 0.010622262954711914, 0.005402565002441406, 0.019014835357666016, 0.08554816246032715, 0.006896495819091797, 0.013011932373046875, 0.006913423538208008, 0.016666889190673828, 0.012653112411499023, 0.046982526779174805, 0.0069997310638427734, 0.013000011444091797, 0.04003310203552246, 0.0066754817962646484, 0.013006448745727539, 0.09851288795471191, 0.006525516510009766, 0.020686626434326172, 0.12462925910949707, 0.007510185241699219, 0.03896355628967285, 0.03139209747314453, 0.018968820571899414, 0.02902984619140625, 0.0335848331451416, 0.012201547622680664, 0.01901078224182129, 0.006000041961669922, 0.008504152297973633, 0.05174612998962402, 0.018063068389892578, 0.007004261016845703, 0.0771036148071289, 0.03151535987854004, 0.007001399993896484], 'spike_count': 0, 'zero_volume_count': 0, 'impossible_candle_count': 0, 'consecutive_anomalies': 0, 'avg_response_time': np.float64(0.026773697290665064), 'max_response_time': np.float64(0.12462925910949707), 'min_response_time': np.float64(0.005402565002441406)}
2026-07-28 05:09:04,575 | INFO     | [CSVQueue] Enqueuing write for data_base/csv/iq_option\EURGBP-OTC\EURGBP-OTC_M1.csv - Queue size: 1
2026-07-28 05:09:04,575 | INFO     | [DataAdapter] M1 data refresh completed for EURGBP-OTC
2026-07-28 05:09:04,575 | INFO     | [DataAdapter] Refreshing M5 data for EURGBP-OTC
2026-07-28 05:09:04,579 | INFO     | [CSVWriter] Successfully wrote 112 rows to data_base/csv/iq_option\EURUSD-OTC\EURUSD-OTC_M1.csv
2026-07-28 05:09:04,582 | INFO     | [DataAdapter] M5 anomaly detection completed for EURGBP-OTC
2026-07-28 05:09:04,582 | INFO     | [CSVQueue] Successfully processed write for data_base/csv/iq_option\EURUSD-OTC\EURUSD-OTC_M1.csv
2026-07-28 05:09:04,582 | INFO     | [DataAdapter] M5 data refresh completed for EURGBP-OTC
2026-07-28 05:09:04,582 | INFO     | [CSVQueue] Processing write for data_base/csv/iq_option\GBPUSD-OTC\GBPUSD-OTC_M1.csv
2026-07-28 05:09:04,583 | INFO     | [DataAdapter] Refreshing M15 data for EURGBP-OTC
2026-07-28 05:09:04,583 | INFO     | [CSVWriter] Writing 99 rows to data_base/csv/iq_option\GBPUSD-OTC\GBPUSD-OTC_M1.csv
2026-07-28 05:09:04,587 | INFO     | [DataAdapter] M15 anomaly detection completed for EURGBP-OTC
2026-07-28 05:09:04,590 | INFO     | [DataAdapter] M15 data refresh completed for EURGBP-OTC
2026-07-28 05:09:04,590 | INFO     | [DataAdapter] Anomaly statistics for EURGBP-OTC: {'total_calls': 39, 'response_times': [0.03267025947570801, 0.03391909599304199, 0.006999492645263672, 0.019204378128051758, 0.010622262954711914, 0.005402565002441406, 0.019014835357666016, 0.08554816246032715, 0.006896495819091797, 0.013011932373046875, 0.006913423538208008, 0.016666889190673828, 0.012653112411499023, 0.046982526779174805, 0.0069997310638427734, 0.013000011444091797, 0.04003310203552246, 0.0066754817962646484, 0.013006448745727539, 0.09851288795471191, 0.006525516510009766, 0.020686626434326172, 0.12462925910949707, 0.007510185241699219, 0.03896355628967285, 0.03139209747314453, 0.018968820571899414, 0.02902984619140625, 0.0335848331451416, 0.012201547622680664, 0.01901078224182129, 0.006000041961669922, 0.008504152297973633, 0.05174612998962402, 0.018063068389892578, 0.007004261016845703, 0.0771036148071289, 0.03151535987854004, 0.007001399993896484], 'spike_count': 0, 'zero_volume_count': 0, 'impossible_candle_count': 0, 'consecutive_anomalies': 0, 'avg_response_time': np.float64(0.026773697290665064), 'max_response_time': np.float64(0.12462925910949707), 'min_response_time': np.float64(0.005402565002441406)}
2026-07-28 05:09:04,591 | ERROR    | Error getting future result for EURUSD
Traceback (most recent call last):
  File "C:\Users\BUSOLOVE\AppData\Local\Programs\Python\Python312\Lib\site-packages\pandas\core\indexes\base.py", line 3641, in get_loc
    return self._engine.get_loc(casted_key)
           ^^^^^^^^^^^^^^^^^^^^^^^^^^^^^^^^
  File "pandas/_libs/index.pyx", line 168, in pandas._libs.index.IndexEngine.get_loc
  File "pandas/_libs/index.pyx", line 197, in pandas._libs.index.IndexEngine.get_loc
  File "pandas/_libs/hashtable_class_helper.pxi", line 7668, in pandas._libs.hashtable.PyObjectHashTable.get_item
  File "pandas/_libs/hashtable_class_helper.pxi", line 7676, in pandas._libs.hashtable.PyObjectHashTable.get_item
KeyError: 'zero_volume_detected'

The above exception was the direct cause of the following exception:

Traceback (most recent call last):
  File "E:\BOT_FINALBOT\FINALBOT_Begin\data_feed\data_adapter.py", line 266, in _refresh_m1
    completed = self._anomaly_detector.detect_anomalies(completed, symbol)
                ^^^^^^^^^^^^^^^^^^^^^^^^^^^^^^^^^^^^^^^^^^^^^^^^^^^^^^^^^^
  File "E:\BOT_FINALBOT\FINALBOT_Begin\data_feed\anomaly_detector.py", line 251, in detect_anomalies
    result_df = self.detect_zero_volume(result_df, symbol)
                ^^^^^^^^^^^^^^^^^^^^^^^^^^^^^^^^^^^^^^^^^^
  File "E:\BOT_FINALBOT\FINALBOT_Begin\data_feed\anomaly_detector.py", line 164, in detect_zero_volume
    df['zero_volume_streak'] = (df['zero_volume_detected'] == True).cumsum()
                                ~~^^^^^^^^^^^^^^^^^^^^^^^^
  File "C:\Users\BUSOLOVE\AppData\Local\Programs\Python\Python312\Lib\site-packages\pandas\core\frame.py", line 4378, in __getitem__
    indexer = self.columns.get_loc(key)
              ^^^^^^^^^^^^^^^^^^^^^^^^^
  File "C:\Users\BUSOLOVE\AppData\Local\Programs\Python\Python312\Lib\site-packages\pandas\core\indexes\base.py", line 3648, in get_loc
    raise KeyError(key) from err
KeyError: 'zero_volume_detected'

During handling of the above exception, another exception occurred:

Traceback (most recent call last):
  File "E:\BOT_FINALBOT\FINALBOT_Begin\data_feed\data_adapter.py", line 180, in update
    completed_m1 = self._refresh_m1(symbol, now_naive)
                   ^^^^^^^^^^^^^^^^^^^^^^^^^^^^^^^^^^^
  File "E:\BOT_FINALBOT\FINALBOT_Begin\data_feed\data_adapter.py", line 280, in _refresh_m1
    raise RuntimeError(f"Zero Tolerance: Anomaly detection failed for {symbol}: {e}")
RuntimeError: Zero Tolerance: Anomaly detection failed for EURUSD: 'zero_volume_detected'

During handling of the above exception, another exception occurred:

Traceback (most recent call last):
  File "E:\BOT_FINALBOT\FINALBOT_Begin\runner.py", line 246, in run_cycle
    result_val = sym_futures[sym].result()
                 ^^^^^^^^^^^^^^^^^^^^^^^^^
  File "C:\Users\BUSOLOVE\AppData\Local\Programs\Python\Python312\Lib\concurrent\futures\_base.py", line 449, in result
    return self.__get_result()
           ^^^^^^^^^^^^^^^^^^^
  File "C:\Users\BUSOLOVE\AppData\Local\Programs\Python\Python312\Lib\concurrent\futures\_base.py", line 401, in __get_result
    raise self._exception
  File "C:\Users\BUSOLOVE\AppData\Local\Programs\Python\Python312\Lib\concurrent\futures\thread.py", line 58, in run
    result = self.fn(*self.args, **self.kwargs)
             ^^^^^^^^^^^^^^^^^^^^^^^^^^^^^^^^^^
  File "E:\BOT_FINALBOT\FINALBOT_Begin\runner.py", line 153, in fetch_and_save_data
    return self.candle_adapter.update(symbol, broker_epoch=broker_epoch)
           ^^^^^^^^^^^^^^^^^^^^^^^^^^^^^^^^^^^^^^^^^^^^^^^^^^^^^^^^^^^^^
  File "E:\BOT_FINALBOT\FINALBOT_Begin\data_feed\data_adapter.py", line 237, in update
    raise Exception(f"Zero Tolerance: update failed for {symbol}: {e}")
Exception: Zero Tolerance: update failed for EURUSD: Zero Tolerance: Anomaly detection failed for EURUSD: 'zero_volume_detected'
2026-07-28 05:09:04,598 | INFO     | [CSVWriter] Successfully wrote 112 rows to data_base/csv/iq_option\GBPUSD-OTC\GBPUSD-OTC_M1.csv
2026-07-28 05:09:04,598 | INFO     | [CSVQueue] Successfully processed write for data_base/csv/iq_option\GBPUSD-OTC\GBPUSD-OTC_M1.csv
2026-07-28 05:09:04,598 | INFO     | [CSVQueue] Processing write for data_base/csv/iq_option\EURGBP-OTC\EURGBP-OTC_M1.csv
2026-07-28 05:09:04,599 | INFO     | [CSVWriter] Writing 99 rows to data_base/csv/iq_option\EURGBP-OTC\EURGBP-OTC_M1.csv
2026-07-28 05:09:04,610 | INFO     | [CSVWriter] Successfully wrote 112 rows to data_base/csv/iq_option\EURGBP-OTC\EURGBP-OTC_M1.csv
2026-07-28 05:09:04,610 | INFO     | [CSVQueue] Successfully processed write for data_base/csv/iq_option\EURGBP-OTC\EURGBP-OTC_M1.csv
2026-07-28 05:09:04,610 | INFO     | [CSVQueue] Queue size: 0
2026-07-28 05:09:04,615 | ERROR    | Orchestrator failed for EURUSD-OTC
Traceback (most recent call last):
  File "E:\BOT_FINALBOT\FINALBOT_Begin\runner.py", line 263, in run_cycle
    self.orchestrator.process_cycle(sym)
  File "E:\BOT_FINALBOT\FINALBOT_Begin\data_evaluate\orchestrator.py", line 180, in process_cycle
    raise ValueError(f"FAIL-FAST: Insufficient {tf} warm-up candles (minimum {min_req} required)")
ValueError: FAIL-FAST: Insufficient M1 warm-up candles (minimum 250 required)
2026-07-28 05:09:04,625 | ERROR    | Orchestrator failed for GBPUSD-OTC
Traceback (most recent call last):
  File "E:\BOT_FINALBOT\FINALBOT_Begin\runner.py", line 263, in run_cycle
    self.orchestrator.process_cycle(sym)
  File "E:\BOT_FINALBOT\FINALBOT_Begin\data_evaluate\orchestrator.py", line 180, in process_cycle
    raise ValueError(f"FAIL-FAST: Insufficient {tf} warm-up candles (minimum {min_req} required)")
ValueError: FAIL-FAST: Insufficient M1 warm-up candles (minimum 250 required)
2026-07-28 05:09:04,633 | ERROR    | Orchestrator failed for EURGBP-OTC
Traceback (most recent call last):
  File "E:\BOT_FINALBOT\FINALBOT_Begin\runner.py", line 263, in run_cycle
    self.orchestrator.process_cycle(sym)
  File "E:\BOT_FINALBOT\FINALBOT_Begin\data_evaluate\orchestrator.py", line 180, in process_cycle
    raise ValueError(f"FAIL-FAST: Insufficient {tf} warm-up candles (minimum {min_req} required)")
ValueError: FAIL-FAST: Insufficient M1 warm-up candles (minimum 250 required)
2026-07-28 05:09:04,674 | INFO     | [EURUSD-OTC:1.14474][GBPUSD-OTC:1.33566][EURGBP-OTC:0.85677] :: TOTAL=$1453.95
2026-07-28 05:10:03,933 | INFO     | [DataAdapter] Starting update for EURUSD
2026-07-28 05:10:03,933 | INFO     | [DataAdapter] Refreshing M1 data for EURUSD
2026-07-28 05:10:03,934 | INFO     | [DataAdapter] Starting update for EURUSD-OTC
2026-07-28 05:10:03,934 | INFO     | [DataAdapter] Refreshing M1 data for EURUSD-OTC
2026-07-28 05:10:03,948 | INFO     | [DataAdapter] Starting update for GBPUSD-OTC
2026-07-28 05:10:03,948 | INFO     | [DataAdapter] Refreshing M1 data for GBPUSD-OTC
2026-07-28 05:10:03,980 | INFO     | [DataAdapter] Starting update for EURGBP-OTC
2026-07-28 05:10:03,995 | INFO     | [DataAdapter] Refreshing M1 data for EURGBP-OTC
2026-07-28 05:10:04,168 | INFO     | [IQOPTION] REST fetch succeeded for EURUSD: 3 candles
2026-07-28 05:10:04,199 | ERROR    | [DataAdapter] Anomaly detection failed for EURUSD: 'zero_volume_detected'
2026-07-28 05:10:04,215 | WARNING  | [DataAdapter] Anomaly detection has failed 14 times
2026-07-28 05:10:04,231 | ERROR    | [DataAdapter] update failed for EURUSD: Zero Tolerance: Anomaly detection failed for EURUSD: 'zero_volume_detected'
2026-07-28 05:10:04,246 | ERROR    | [DataAdapter] Zero Tolerance: stopping immediately - no retry allowed
2026-07-28 05:10:04,417 | INFO     | [IQOPTION] REST fetch succeeded for EURUSD-OTC: 3 candles
2026-07-28 05:10:04,452 | INFO     | [DataAdapter] M1 anomaly detection completed for EURUSD-OTC in 0.014s
2026-07-28 05:10:04,557 | INFO     | [CSVQueue] Enqueuing write for data_base/csv/iq_option\EURUSD-OTC\EURUSD-OTC_M1.csv - Queue size: 0
2026-07-28 05:10:04,573 | INFO     | [DataAdapter] M1 data refresh completed for EURUSD-OTC
2026-07-28 05:10:04,589 | INFO     | [CSVQueue] Processing write for data_base/csv/iq_option\EURUSD-OTC\EURUSD-OTC_M1.csv
2026-07-28 05:10:04,620 | INFO     | [DataAdapter] Refreshing M5 data for EURUSD-OTC
2026-07-28 05:10:04,682 | INFO     | [CSVWriter] Writing 99 rows to data_base/csv/iq_option\EURUSD-OTC\EURUSD-OTC_M1.csv
2026-07-28 05:10:04,682 | INFO     | [IQOPTION] REST fetch succeeded for GBPUSD-OTC: 3 candles
2026-07-28 05:10:04,813 | INFO     | [DataAdapter] M1 anomaly detection completed for GBPUSD-OTC in 0.019s
2026-07-28 05:10:04,948 | INFO     | [CSVQueue] Enqueuing write for data_base/csv/iq_option\GBPUSD-OTC\GBPUSD-OTC_M1.csv - Queue size: 0
2026-07-28 05:10:04,949 | INFO     | [DataAdapter] M1 data refresh completed for GBPUSD-OTC
2026-07-28 05:10:04,960 | INFO     | [IQOPTION] REST fetch succeeded for EURGBP-OTC: 3 candles
2026-07-28 05:10:04,960 | INFO     | [DataAdapter] Refreshing M5 data for GBPUSD-OTC
2026-07-28 05:10:05,028 | INFO     | [CSVWriter] Successfully wrote 113 rows to data_base/csv/iq_option\EURUSD-OTC\EURUSD-OTC_M1.csv
2026-07-28 05:10:05,028 | INFO     | [CSVQueue] Successfully processed write for data_base/csv/iq_option\EURUSD-OTC\EURUSD-OTC_M1.csv
2026-07-28 05:10:05,039 | INFO     | [DataAdapter] M1 anomaly detection completed for EURGBP-OTC in 0.027s
2026-07-28 05:10:05,039 | INFO     | [CSVQueue] Processing write for data_base/csv/iq_option\GBPUSD-OTC\GBPUSD-OTC_M1.csv
2026-07-28 05:10:05,076 | INFO     | [CSVWriter] Writing 99 rows to data_base/csv/iq_option\GBPUSD-OTC\GBPUSD-OTC_M1.csv
2026-07-28 05:10:05,214 | INFO     | [CSVQueue] Enqueuing write for data_base/csv/iq_option\EURGBP-OTC\EURGBP-OTC_M1.csv - Queue size: 0
2026-07-28 05:10:05,215 | INFO     | [DataAdapter] M1 data refresh completed for EURGBP-OTC
2026-07-28 05:10:05,218 | INFO     | [DataAdapter] Refreshing M5 data for EURGBP-OTC
2026-07-28 05:10:05,218 | INFO     | [IQOPTION] REST fetch succeeded for EURUSD-OTC: 3 candles
2026-07-28 05:10:05,315 | INFO     | [DataAdapter] M5 anomaly detection completed for EURUSD-OTC
2026-07-28 05:10:05,344 | INFO     | [CSVWriter] Successfully wrote 113 rows to data_base/csv/iq_option\GBPUSD-OTC\GBPUSD-OTC_M1.csv
2026-07-28 05:10:05,345 | INFO     | [CSVQueue] Successfully processed write for data_base/csv/iq_option\GBPUSD-OTC\GBPUSD-OTC_M1.csv
2026-07-28 05:10:05,370 | INFO     | [CSVQueue] Processing write for data_base/csv/iq_option\EURGBP-OTC\EURGBP-OTC_M1.csv
2026-07-28 05:10:05,401 | INFO     | [CSVWriter] Writing 99 rows to data_base/csv/iq_option\EURGBP-OTC\EURGBP-OTC_M1.csv
2026-07-28 05:10:05,432 | INFO     | [IQOPTION] REST fetch succeeded for GBPUSD-OTC: 3 candles
2026-07-28 05:10:05,467 | INFO     | [CSVQueue] Enqueuing write for data_base/csv/iq_option\EURUSD-OTC\EURUSD-OTC_M5.csv - Queue size: 0
2026-07-28 05:10:05,480 | INFO     | [DataAdapter] M5 data refresh completed for EURUSD-OTC
2026-07-28 05:10:05,527 | INFO     | [DataAdapter] Refreshing M15 data for EURUSD-OTC
2026-07-28 05:10:05,569 | INFO     | [DataAdapter] M15 anomaly detection completed for EURUSD-OTC
2026-07-28 05:10:05,604 | INFO     | [DataAdapter] M15 data refresh completed for EURUSD-OTC
2026-07-28 05:10:05,605 | INFO     | [DataAdapter] Anomaly statistics for EURUSD-OTC: {'total_calls': 42, 'response_times': [0.03267025947570801, 0.03391909599304199, 0.006999492645263672, 0.019204378128051758, 0.010622262954711914, 0.005402565002441406, 0.019014835357666016, 0.08554816246032715, 0.006896495819091797, 0.013011932373046875, 0.006913423538208008, 0.016666889190673828, 0.012653112411499023, 0.046982526779174805, 0.0069997310638427734, 0.013000011444091797, 0.04003310203552246, 0.0066754817962646484, 0.013006448745727539, 0.09851288795471191, 0.006525516510009766, 0.020686626434326172, 0.12462925910949707, 0.007510185241699219, 0.03896355628967285, 0.03139209747314453, 0.018968820571899414, 0.02902984619140625, 0.0335848331451416, 0.012201547622680664, 0.01901078224182129, 0.006000041961669922, 0.008504152297973633, 0.05174612998962402, 0.018063068389892578, 0.007004261016845703, 0.0771036148071289, 0.03151535987854004, 0.007001399993896484, 0.013511419296264648, 0.01882767677307129, 0.026665925979614258], 'spike_count': 0, 'zero_volume_count': 0, 'impossible_candle_count': 0, 'consecutive_anomalies': 0, 'avg_response_time': np.float64(0.026266171818687803), 'max_response_time': np.float64(0.12462925910949707), 'min_response_time': np.float64(0.005402565002441406)}
2026-07-28 05:10:05,663 | INFO     | [IQOPTION] REST fetch succeeded for EURGBP-OTC: 3 candles
2026-07-28 05:10:05,676 | INFO     | [DataAdapter] M5 anomaly detection completed for GBPUSD-OTC
2026-07-28 05:10:05,718 | INFO     | [CSVQueue] Enqueuing write for data_base/csv/iq_option\GBPUSD-OTC\GBPUSD-OTC_M5.csv - Queue size: 1
2026-07-28 05:10:05,718 | INFO     | [DataAdapter] M5 data refresh completed for GBPUSD-OTC
2026-07-28 05:10:05,718 | INFO     | [DataAdapter] Refreshing M15 data for GBPUSD-OTC
2026-07-28 05:10:05,745 | INFO     | [DataAdapter] M15 anomaly detection completed for GBPUSD-OTC
2026-07-28 05:10:05,745 | INFO     | [DataAdapter] M15 data refresh completed for GBPUSD-OTC
2026-07-28 05:10:05,746 | INFO     | [DataAdapter] Anomaly statistics for GBPUSD-OTC: {'total_calls': 42, 'response_times': [0.03267025947570801, 0.03391909599304199, 0.006999492645263672, 0.019204378128051758, 0.010622262954711914, 0.005402565002441406, 0.019014835357666016, 0.08554816246032715, 0.006896495819091797, 0.013011932373046875, 0.006913423538208008, 0.016666889190673828, 0.012653112411499023, 0.046982526779174805, 0.0069997310638427734, 0.013000011444091797, 0.04003310203552246, 0.0066754817962646484, 0.013006448745727539, 0.09851288795471191, 0.006525516510009766, 0.020686626434326172, 0.12462925910949707, 0.007510185241699219, 0.03896355628967285, 0.03139209747314453, 0.018968820571899414, 0.02902984619140625, 0.0335848331451416, 0.012201547622680664, 0.01901078224182129, 0.006000041961669922, 0.008504152297973633, 0.05174612998962402, 0.018063068389892578, 0.007004261016845703, 0.0771036148071289, 0.03151535987854004, 0.007001399993896484, 0.013511419296264648, 0.01882767677307129, 0.026665925979614258], 'spike_count': 0, 'zero_volume_count': 0, 'impossible_candle_count': 0, 'consecutive_anomalies': 0, 'avg_response_time': np.float64(0.026266171818687803), 'max_response_time': np.float64(0.12462925910949707), 'min_response_time': np.float64(0.005402565002441406)}
2026-07-28 05:10:05,759 | INFO     | [CSVWriter] Successfully wrote 113 rows to data_base/csv/iq_option\EURGBP-OTC\EURGBP-OTC_M1.csv
2026-07-28 05:10:05,760 | INFO     | [CSVQueue] Successfully processed write for data_base/csv/iq_option\EURGBP-OTC\EURGBP-OTC_M1.csv
2026-07-28 05:10:05,760 | INFO     | [CSVQueue] Processing write for data_base/csv/iq_option\EURUSD-OTC\EURUSD-OTC_M5.csv
2026-07-28 05:10:05,760 | INFO     | [CSVWriter] Writing 249 rows to data_base/csv/iq_option\EURUSD-OTC\EURUSD-OTC_M5.csv
2026-07-28 05:10:05,799 | INFO     | [DataAdapter] M5 anomaly detection completed for EURGBP-OTC
2026-07-28 05:10:05,817 | INFO     | [CSVQueue] Enqueuing write for data_base/csv/iq_option\EURGBP-OTC\EURGBP-OTC_M5.csv - Queue size: 1
2026-07-28 05:10:05,817 | INFO     | [DataAdapter] M5 data refresh completed for EURGBP-OTC
2026-07-28 05:10:05,819 | INFO     | [CSVWriter] Successfully wrote 252 rows to data_base/csv/iq_option\EURUSD-OTC\EURUSD-OTC_M5.csv
2026-07-28 05:10:05,821 | INFO     | [CSVQueue] Successfully processed write for data_base/csv/iq_option\EURUSD-OTC\EURUSD-OTC_M5.csv
2026-07-28 05:10:05,821 | INFO     | [CSVQueue] Processing write for data_base/csv/iq_option\GBPUSD-OTC\GBPUSD-OTC_M5.csv
2026-07-28 05:10:05,821 | INFO     | [CSVWriter] Writing 249 rows to data_base/csv/iq_option\GBPUSD-OTC\GBPUSD-OTC_M5.csv
2026-07-28 05:10:05,821 | INFO     | [DataAdapter] Refreshing M15 data for EURGBP-OTC
2026-07-28 05:10:05,859 | INFO     | [DataAdapter] M15 anomaly detection completed for EURGBP-OTC
2026-07-28 05:10:05,859 | INFO     | [DataAdapter] M15 data refresh completed for EURGBP-OTC
2026-07-28 05:10:05,860 | INFO     | [DataAdapter] Anomaly statistics for EURGBP-OTC: {'total_calls': 42, 'response_times': [0.03267025947570801, 0.03391909599304199, 0.006999492645263672, 0.019204378128051758, 0.010622262954711914, 0.005402565002441406, 0.019014835357666016, 0.08554816246032715, 0.006896495819091797, 0.013011932373046875, 0.006913423538208008, 0.016666889190673828, 0.012653112411499023, 0.046982526779174805, 0.0069997310638427734, 0.013000011444091797, 0.04003310203552246, 0.0066754817962646484, 0.013006448745727539, 0.09851288795471191, 0.006525516510009766, 0.020686626434326172, 0.12462925910949707, 0.007510185241699219, 0.03896355628967285, 0.03139209747314453, 0.018968820571899414, 0.02902984619140625, 0.0335848331451416, 0.012201547622680664, 0.01901078224182129, 0.006000041961669922, 0.008504152297973633, 0.05174612998962402, 0.018063068389892578, 0.007004261016845703, 0.0771036148071289, 0.03151535987854004, 0.007001399993896484, 0.013511419296264648, 0.01882767677307129, 0.026665925979614258], 'spike_count': 0, 'zero_volume_count': 0, 'impossible_candle_count': 0, 'consecutive_anomalies': 0, 'avg_response_time': np.float64(0.026266171818687803), 'max_response_time': np.float64(0.12462925910949707), 'min_response_time': np.float64(0.005402565002441406)}
2026-07-28 05:10:05,861 | ERROR    | Error getting future result for EURUSD
Traceback (most recent call last):
  File "C:\Users\BUSOLOVE\AppData\Local\Programs\Python\Python312\Lib\site-packages\pandas\core\indexes\base.py", line 3641, in get_loc
    return self._engine.get_loc(casted_key)
           ^^^^^^^^^^^^^^^^^^^^^^^^^^^^^^^^
  File "pandas/_libs/index.pyx", line 168, in pandas._libs.index.IndexEngine.get_loc
  File "pandas/_libs/index.pyx", line 197, in pandas._libs.index.IndexEngine.get_loc
  File "pandas/_libs/hashtable_class_helper.pxi", line 7668, in pandas._libs.hashtable.PyObjectHashTable.get_item
  File "pandas/_libs/hashtable_class_helper.pxi", line 7676, in pandas._libs.hashtable.PyObjectHashTable.get_item
KeyError: 'zero_volume_detected'

The above exception was the direct cause of the following exception:

Traceback (most recent call last):
  File "E:\BOT_FINALBOT\FINALBOT_Begin\data_feed\data_adapter.py", line 266, in _refresh_m1
    completed = self._anomaly_detector.detect_anomalies(completed, symbol)
                ^^^^^^^^^^^^^^^^^^^^^^^^^^^^^^^^^^^^^^^^^^^^^^^^^^^^^^^^^^
  File "E:\BOT_FINALBOT\FINALBOT_Begin\data_feed\anomaly_detector.py", line 251, in detect_anomalies
    result_df = self.detect_zero_volume(result_df, symbol)
                ^^^^^^^^^^^^^^^^^^^^^^^^^^^^^^^^^^^^^^^^^^
  File "E:\BOT_FINALBOT\FINALBOT_Begin\data_feed\anomaly_detector.py", line 164, in detect_zero_volume
    df['zero_volume_streak'] = (df['zero_volume_detected'] == True).cumsum()
                                ~~^^^^^^^^^^^^^^^^^^^^^^^^
  File "C:\Users\BUSOLOVE\AppData\Local\Programs\Python\Python312\Lib\site-packages\pandas\core\frame.py", line 4378, in __getitem__
    indexer = self.columns.get_loc(key)
              ^^^^^^^^^^^^^^^^^^^^^^^^^
  File "C:\Users\BUSOLOVE\AppData\Local\Programs\Python\Python312\Lib\site-packages\pandas\core\indexes\base.py", line 3648, in get_loc
    raise KeyError(key) from err
KeyError: 'zero_volume_detected'

During handling of the above exception, another exception occurred:

Traceback (most recent call last):
  File "E:\BOT_FINALBOT\FINALBOT_Begin\data_feed\data_adapter.py", line 180, in update
    completed_m1 = self._refresh_m1(symbol, now_naive)
                   ^^^^^^^^^^^^^^^^^^^^^^^^^^^^^^^^^^^
  File "E:\BOT_FINALBOT\FINALBOT_Begin\data_feed\data_adapter.py", line 280, in _refresh_m1
    raise RuntimeError(f"Zero Tolerance: Anomaly detection failed for {symbol}: {e}")
RuntimeError: Zero Tolerance: Anomaly detection failed for EURUSD: 'zero_volume_detected'

During handling of the above exception, another exception occurred:

Traceback (most recent call last):
  File "E:\BOT_FINALBOT\FINALBOT_Begin\runner.py", line 246, in run_cycle
    result_val = sym_futures[sym].result()
                 ^^^^^^^^^^^^^^^^^^^^^^^^^
  File "C:\Users\BUSOLOVE\AppData\Local\Programs\Python\Python312\Lib\concurrent\futures\_base.py", line 449, in result
    return self.__get_result()
           ^^^^^^^^^^^^^^^^^^^
  File "C:\Users\BUSOLOVE\AppData\Local\Programs\Python\Python312\Lib\concurrent\futures\_base.py", line 401, in __get_result
    raise self._exception
  File "C:\Users\BUSOLOVE\AppData\Local\Programs\Python\Python312\Lib\concurrent\futures\thread.py", line 58, in run
    result = self.fn(*self.args, **self.kwargs)
             ^^^^^^^^^^^^^^^^^^^^^^^^^^^^^^^^^^
  File "E:\BOT_FINALBOT\FINALBOT_Begin\runner.py", line 153, in fetch_and_save_data
    return self.candle_adapter.update(symbol, broker_epoch=broker_epoch)
           ^^^^^^^^^^^^^^^^^^^^^^^^^^^^^^^^^^^^^^^^^^^^^^^^^^^^^^^^^^^^^
  File "E:\BOT_FINALBOT\FINALBOT_Begin\data_feed\data_adapter.py", line 237, in update
    raise Exception(f"Zero Tolerance: update failed for {symbol}: {e}")
Exception: Zero Tolerance: update failed for EURUSD: Zero Tolerance: Anomaly detection failed for EURUSD: 'zero_volume_detected'
2026-07-28 05:10:05,881 | INFO     | [CSVWriter] Successfully wrote 252 rows to data_base/csv/iq_option\GBPUSD-OTC\GBPUSD-OTC_M5.csv
2026-07-28 05:10:05,882 | INFO     | [CSVQueue] Successfully processed write for data_base/csv/iq_option\GBPUSD-OTC\GBPUSD-OTC_M5.csv
2026-07-28 05:10:05,882 | INFO     | [CSVQueue] Processing write for data_base/csv/iq_option\EURGBP-OTC\EURGBP-OTC_M5.csv
2026-07-28 05:10:05,882 | INFO     | [CSVWriter] Writing 249 rows to data_base/csv/iq_option\EURGBP-OTC\EURGBP-OTC_M5.csv
2026-07-28 05:10:05,911 | INFO     | [CSVWriter] Successfully wrote 252 rows to data_base/csv/iq_option\EURGBP-OTC\EURGBP-OTC_M5.csv
2026-07-28 05:10:05,914 | ERROR    | Orchestrator failed for EURUSD-OTC
Traceback (most recent call last):
  File "E:\BOT_FINALBOT\FINALBOT_Begin\runner.py", line 263, in run_cycle
    self.orchestrator.process_cycle(sym)
  File "E:\BOT_FINALBOT\FINALBOT_Begin\data_evaluate\orchestrator.py", line 180, in process_cycle
    raise ValueError(f"FAIL-FAST: Insufficient {tf} warm-up candles (minimum {min_req} required)")
ValueError: FAIL-FAST: Insufficient M1 warm-up candles (minimum 250 required)
2026-07-28 05:10:05,914 | INFO     | [CSVQueue] Successfully processed write for data_base/csv/iq_option\EURGBP-OTC\EURGBP-OTC_M5.csv
2026-07-28 05:10:05,914 | INFO     | [CSVQueue] Queue size: 0
2026-07-28 05:10:05,979 | ERROR    | Orchestrator failed for GBPUSD-OTC
Traceback (most recent call last):
  File "E:\BOT_FINALBOT\FINALBOT_Begin\runner.py", line 263, in run_cycle
    self.orchestrator.process_cycle(sym)
  File "E:\BOT_FINALBOT\FINALBOT_Begin\data_evaluate\orchestrator.py", line 180, in process_cycle
    raise ValueError(f"FAIL-FAST: Insufficient {tf} warm-up candles (minimum {min_req} required)")
ValueError: FAIL-FAST: Insufficient M1 warm-up candles (minimum 250 required)
2026-07-28 05:10:06,047 | ERROR    | Orchestrator failed for EURGBP-OTC
Traceback (most recent call last):
  File "E:\BOT_FINALBOT\FINALBOT_Begin\runner.py", line 263, in run_cycle
    self.orchestrator.process_cycle(sym)
  File "E:\BOT_FINALBOT\FINALBOT_Begin\data_evaluate\orchestrator.py", line 180, in process_cycle
    raise ValueError(f"FAIL-FAST: Insufficient {tf} warm-up candles (minimum {min_req} required)")
ValueError: FAIL-FAST: Insufficient M1 warm-up candles (minimum 250 required)
2026-07-28 05:10:06,061 | INFO     | [EURUSD-OTC:1.14478][GBPUSD-OTC:1.33549][EURGBP-OTC:0.85710] :: TOTAL=$1453.95
2026-07-28 05:11:03,353 | INFO     | [DataAdapter] Starting update for EURUSD
2026-07-28 05:11:03,354 | INFO     | [DataAdapter] Refreshing M1 data for EURUSD
2026-07-28 05:11:03,354 | INFO     | [DataAdapter] Starting update for EURUSD-OTC
2026-07-28 05:11:03,354 | INFO     | [DataAdapter] Refreshing M1 data for EURUSD-OTC
2026-07-28 05:11:03,354 | INFO     | [DataAdapter] Starting update for GBPUSD-OTC
2026-07-28 05:11:03,355 | INFO     | [DataAdapter] Starting update for EURGBP-OTC
2026-07-28 05:11:03,355 | INFO     | [DataAdapter] Refreshing M1 data for GBPUSD-OTC
2026-07-28 05:11:03,355 | INFO     | [DataAdapter] Refreshing M1 data for EURGBP-OTC
2026-07-28 05:11:03,631 | INFO     | [IQOPTION] REST fetch succeeded for EURUSD: 3 candles
2026-07-28 05:11:03,657 | ERROR    | [DataAdapter] Anomaly detection failed for EURUSD: 'zero_volume_detected'
2026-07-28 05:11:03,693 | WARNING  | [DataAdapter] Anomaly detection has failed 15 times
2026-07-28 05:11:03,709 | ERROR    | [DataAdapter] update failed for EURUSD: Zero Tolerance: Anomaly detection failed for EURUSD: 'zero_volume_detected'
2026-07-28 05:11:03,724 | ERROR    | [DataAdapter] Zero Tolerance: stopping immediately - no retry allowed
2026-07-28 05:11:03,862 | INFO     | [IQOPTION] REST fetch succeeded for EURUSD-OTC: 3 candles
2026-07-28 05:11:03,989 | INFO     | [DataAdapter] M1 anomaly detection completed for EURUSD-OTC in 0.048s
2026-07-28 05:11:04,094 | INFO     | [CSVQueue] Enqueuing write for data_base/csv/iq_option\EURUSD-OTC\EURUSD-OTC_M1.csv - Queue size: 0
2026-07-28 05:11:04,109 | INFO     | [DataAdapter] M1 data refresh completed for EURUSD-OTC
2026-07-28 05:11:04,125 | INFO     | [DataAdapter] Refreshing M5 data for EURUSD-OTC
2026-07-28 05:11:04,125 | INFO     | [CSVQueue] Processing write for data_base/csv/iq_option\EURUSD-OTC\EURUSD-OTC_M1.csv
2026-07-28 05:11:04,187 | INFO     | [CSVWriter] Writing 99 rows to data_base/csv/iq_option\EURUSD-OTC\EURUSD-OTC_M1.csv
2026-07-28 05:11:04,192 | INFO     | [DataAdapter] M5 anomaly detection completed for EURUSD-OTC
2026-07-28 05:11:04,193 | INFO     | [DataAdapter] M5 data refresh completed for EURUSD-OTC
2026-07-28 05:11:04,193 | INFO     | [DataAdapter] Refreshing M15 data for EURUSD-OTC
2026-07-28 05:11:04,237 | INFO     | [DataAdapter] M15 anomaly detection completed for EURUSD-OTC
2026-07-28 05:11:04,249 | INFO     | [DataAdapter] M15 data refresh completed for EURUSD-OTC
2026-07-28 05:11:04,266 | INFO     | [DataAdapter] Anomaly statistics for EURUSD-OTC: {'total_calls': 43, 'response_times': [0.03267025947570801, 0.03391909599304199, 0.006999492645263672, 0.019204378128051758, 0.010622262954711914, 0.005402565002441406, 0.019014835357666016, 0.08554816246032715, 0.006896495819091797, 0.013011932373046875, 0.006913423538208008, 0.016666889190673828, 0.012653112411499023, 0.046982526779174805, 0.0069997310638427734, 0.013000011444091797, 0.04003310203552246, 0.0066754817962646484, 0.013006448745727539, 0.09851288795471191, 0.006525516510009766, 0.020686626434326172, 0.12462925910949707, 0.007510185241699219, 0.03896355628967285, 0.03139209747314453, 0.018968820571899414, 0.02902984619140625, 0.0335848331451416, 0.012201547622680664, 0.01901078224182129, 0.006000041961669922, 0.008504152297973633, 0.05174612998962402, 0.018063068389892578, 0.007004261016845703, 0.0771036148071289, 0.03151535987854004, 0.007001399993896484, 0.013511419296264648, 0.01882767677307129, 0.026665925979614258, 0.0480799674987793], 'spike_count': 0, 'zero_volume_count': 0, 'impossible_candle_count': 0, 'consecutive_anomalies': 0, 'avg_response_time': np.float64(0.02677346939264342), 'max_response_time': np.float64(0.12462925910949707), 'min_response_time': np.float64(0.005402565002441406)}
2026-07-28 05:11:04,266 | INFO     | [IQOPTION] REST fetch succeeded for GBPUSD-OTC: 3 candles
2026-07-28 05:11:04,346 | INFO     | [DataAdapter] M1 anomaly detection completed for GBPUSD-OTC in 0.051s
2026-07-28 05:11:04,435 | INFO     | [CSVQueue] Enqueuing write for data_base/csv/iq_option\GBPUSD-OTC\GBPUSD-OTC_M1.csv - Queue size: 0
2026-07-28 05:11:04,449 | INFO     | [DataAdapter] M1 data refresh completed for GBPUSD-OTC
2026-07-28 05:11:04,450 | INFO     | [DataAdapter] Refreshing M5 data for GBPUSD-OTC
2026-07-28 05:11:04,465 | INFO     | [CSVWriter] Successfully wrote 114 rows to data_base/csv/iq_option\EURUSD-OTC\EURUSD-OTC_M1.csv
2026-07-28 05:11:04,467 | INFO     | [CSVQueue] Successfully processed write for data_base/csv/iq_option\EURUSD-OTC\EURUSD-OTC_M1.csv
2026-07-28 05:11:04,470 | INFO     | [DataAdapter] M5 anomaly detection completed for GBPUSD-OTC
2026-07-28 05:11:04,496 | INFO     | [CSVQueue] Processing write for data_base/csv/iq_option\GBPUSD-OTC\GBPUSD-OTC_M1.csv
2026-07-28 05:11:04,527 | INFO     | [DataAdapter] M5 data refresh completed for GBPUSD-OTC
2026-07-28 05:11:04,560 | INFO     | [IQOPTION] REST fetch succeeded for EURGBP-OTC: 3 candles
2026-07-28 05:11:04,560 | INFO     | [CSVWriter] Writing 99 rows to data_base/csv/iq_option\GBPUSD-OTC\GBPUSD-OTC_M1.csv
2026-07-28 05:11:04,560 | INFO     | [DataAdapter] Refreshing M15 data for GBPUSD-OTC
2026-07-28 05:11:04,577 | INFO     | [DataAdapter] M1 anomaly detection completed for EURGBP-OTC in 0.006s
2026-07-28 05:11:04,583 | INFO     | [DataAdapter] M15 anomaly detection completed for GBPUSD-OTC
2026-07-28 05:11:04,584 | INFO     | [DataAdapter] M15 data refresh completed for GBPUSD-OTC
2026-07-28 05:11:04,584 | INFO     | [DataAdapter] Anomaly statistics for GBPUSD-OTC: {'total_calls': 45, 'response_times': [0.03267025947570801, 0.03391909599304199, 0.006999492645263672, 0.019204378128051758, 0.010622262954711914, 0.005402565002441406, 0.019014835357666016, 0.08554816246032715, 0.006896495819091797, 0.013011932373046875, 0.006913423538208008, 0.016666889190673828, 0.012653112411499023, 0.046982526779174805, 0.0069997310638427734, 0.013000011444091797, 0.04003310203552246, 0.0066754817962646484, 0.013006448745727539, 0.09851288795471191, 0.006525516510009766, 0.020686626434326172, 0.12462925910949707, 0.007510185241699219, 0.03896355628967285, 0.03139209747314453, 0.018968820571899414, 0.02902984619140625, 0.0335848331451416, 0.012201547622680664, 0.01901078224182129, 0.006000041961669922, 0.008504152297973633, 0.05174612998962402, 0.018063068389892578, 0.007004261016845703, 0.0771036148071289, 0.03151535987854004, 0.007001399993896484, 0.013511419296264648, 0.01882767677307129, 0.026665925979614258, 0.0480799674987793, 0.0509181022644043, 0.0060138702392578125], 'spike_count': 0, 'zero_volume_count': 0, 'impossible_candle_count': 0, 'consecutive_anomalies': 0, 'avg_response_time': np.float64(0.02684869236416287), 'max_response_time': np.float64(0.12462925910949707), 'min_response_time': np.float64(0.005402565002441406)}
2026-07-28 05:11:04,585 | INFO     | [CSVQueue] Enqueuing write for data_base/csv/iq_option\EURGBP-OTC\EURGBP-OTC_M1.csv - Queue size: 0
2026-07-28 05:11:04,586 | INFO     | [DataAdapter] M1 data refresh completed for EURGBP-OTC
2026-07-28 05:11:04,588 | INFO     | [DataAdapter] Refreshing M5 data for EURGBP-OTC
2026-07-28 05:11:04,596 | INFO     | [DataAdapter] M5 anomaly detection completed for EURGBP-OTC
2026-07-28 05:11:04,598 | INFO     | [DataAdapter] M5 data refresh completed for EURGBP-OTC
2026-07-28 05:11:04,598 | INFO     | [DataAdapter] Refreshing M15 data for EURGBP-OTC
2026-07-28 05:11:04,604 | INFO     | [DataAdapter] M15 anomaly detection completed for EURGBP-OTC
2026-07-28 05:11:04,605 | INFO     | [CSVWriter] Successfully wrote 114 rows to data_base/csv/iq_option\GBPUSD-OTC\GBPUSD-OTC_M1.csv
2026-07-28 05:11:04,605 | INFO     | [DataAdapter] M15 data refresh completed for EURGBP-OTC
2026-07-28 05:11:04,605 | INFO     | [CSVQueue] Successfully processed write for data_base/csv/iq_option\GBPUSD-OTC\GBPUSD-OTC_M1.csv
2026-07-28 05:11:04,605 | INFO     | [DataAdapter] Anomaly statistics for EURGBP-OTC: {'total_calls': 45, 'response_times': [0.03267025947570801, 0.03391909599304199, 0.006999492645263672, 0.019204378128051758, 0.010622262954711914, 0.005402565002441406, 0.019014835357666016, 0.08554816246032715, 0.006896495819091797, 0.013011932373046875, 0.006913423538208008, 0.016666889190673828, 0.012653112411499023, 0.046982526779174805, 0.0069997310638427734, 0.013000011444091797, 0.04003310203552246, 0.0066754817962646484, 0.013006448745727539, 0.09851288795471191, 0.006525516510009766, 0.020686626434326172, 0.12462925910949707, 0.007510185241699219, 0.03896355628967285, 0.03139209747314453, 0.018968820571899414, 0.02902984619140625, 0.0335848331451416, 0.012201547622680664, 0.01901078224182129, 0.006000041961669922, 0.008504152297973633, 0.05174612998962402, 0.018063068389892578, 0.007004261016845703, 0.0771036148071289, 0.03151535987854004, 0.007001399993896484, 0.013511419296264648, 0.01882767677307129, 0.026665925979614258, 0.0480799674987793, 0.0509181022644043, 0.0060138702392578125], 'spike_count': 0, 'zero_volume_count': 0, 'impossible_candle_count': 0, 'consecutive_anomalies': 0, 'avg_response_time': np.float64(0.02684869236416287), 'max_response_time': np.float64(0.12462925910949707), 'min_response_time': np.float64(0.005402565002441406)}
2026-07-28 05:11:04,606 | INFO     | [CSVQueue] Processing write for data_base/csv/iq_option\EURGBP-OTC\EURGBP-OTC_M1.csv
2026-07-28 05:11:04,606 | INFO     | [CSVWriter] Writing 99 rows to data_base/csv/iq_option\EURGBP-OTC\EURGBP-OTC_M1.csv
2026-07-28 05:11:04,609 | ERROR    | Error getting future result for EURUSD
Traceback (most recent call last):
  File "C:\Users\BUSOLOVE\AppData\Local\Programs\Python\Python312\Lib\site-packages\pandas\core\indexes\base.py", line 3641, in get_loc
    return self._engine.get_loc(casted_key)
           ^^^^^^^^^^^^^^^^^^^^^^^^^^^^^^^^
  File "pandas/_libs/index.pyx", line 168, in pandas._libs.index.IndexEngine.get_loc
  File "pandas/_libs/index.pyx", line 197, in pandas._libs.index.IndexEngine.get_loc
  File "pandas/_libs/hashtable_class_helper.pxi", line 7668, in pandas._libs.hashtable.PyObjectHashTable.get_item
  File "pandas/_libs/hashtable_class_helper.pxi", line 7676, in pandas._libs.hashtable.PyObjectHashTable.get_item
KeyError: 'zero_volume_detected'

The above exception was the direct cause of the following exception:

Traceback (most recent call last):
  File "E:\BOT_FINALBOT\FINALBOT_Begin\data_feed\data_adapter.py", line 266, in _refresh_m1
    completed = self._anomaly_detector.detect_anomalies(completed, symbol)
                ^^^^^^^^^^^^^^^^^^^^^^^^^^^^^^^^^^^^^^^^^^^^^^^^^^^^^^^^^^
  File "E:\BOT_FINALBOT\FINALBOT_Begin\data_feed\anomaly_detector.py", line 251, in detect_anomalies
    result_df = self.detect_zero_volume(result_df, symbol)
                ^^^^^^^^^^^^^^^^^^^^^^^^^^^^^^^^^^^^^^^^^^
  File "E:\BOT_FINALBOT\FINALBOT_Begin\data_feed\anomaly_detector.py", line 164, in detect_zero_volume
    df['zero_volume_streak'] = (df['zero_volume_detected'] == True).cumsum()
                                ~~^^^^^^^^^^^^^^^^^^^^^^^^
  File "C:\Users\BUSOLOVE\AppData\Local\Programs\Python\Python312\Lib\site-packages\pandas\core\frame.py", line 4378, in __getitem__
    indexer = self.columns.get_loc(key)
              ^^^^^^^^^^^^^^^^^^^^^^^^^
  File "C:\Users\BUSOLOVE\AppData\Local\Programs\Python\Python312\Lib\site-packages\pandas\core\indexes\base.py", line 3648, in get_loc
    raise KeyError(key) from err
KeyError: 'zero_volume_detected'

During handling of the above exception, another exception occurred:

Traceback (most recent call last):
  File "E:\BOT_FINALBOT\FINALBOT_Begin\data_feed\data_adapter.py", line 180, in update
    completed_m1 = self._refresh_m1(symbol, now_naive)
                   ^^^^^^^^^^^^^^^^^^^^^^^^^^^^^^^^^^^
  File "E:\BOT_FINALBOT\FINALBOT_Begin\data_feed\data_adapter.py", line 280, in _refresh_m1
    raise RuntimeError(f"Zero Tolerance: Anomaly detection failed for {symbol}: {e}")
RuntimeError: Zero Tolerance: Anomaly detection failed for EURUSD: 'zero_volume_detected'

During handling of the above exception, another exception occurred:

Traceback (most recent call last):
  File "E:\BOT_FINALBOT\FINALBOT_Begin\runner.py", line 246, in run_cycle
    result_val = sym_futures[sym].result()
                 ^^^^^^^^^^^^^^^^^^^^^^^^^
  File "C:\Users\BUSOLOVE\AppData\Local\Programs\Python\Python312\Lib\concurrent\futures\_base.py", line 449, in result
    return self.__get_result()
           ^^^^^^^^^^^^^^^^^^^
  File "C:\Users\BUSOLOVE\AppData\Local\Programs\Python\Python312\Lib\concurrent\futures\_base.py", line 401, in __get_result
    raise self._exception
  File "C:\Users\BUSOLOVE\AppData\Local\Programs\Python\Python312\Lib\concurrent\futures\thread.py", line 58, in run
    result = self.fn(*self.args, **self.kwargs)
             ^^^^^^^^^^^^^^^^^^^^^^^^^^^^^^^^^^
  File "E:\BOT_FINALBOT\FINALBOT_Begin\runner.py", line 153, in fetch_and_save_data
    return self.candle_adapter.update(symbol, broker_epoch=broker_epoch)
           ^^^^^^^^^^^^^^^^^^^^^^^^^^^^^^^^^^^^^^^^^^^^^^^^^^^^^^^^^^^^^
  File "E:\BOT_FINALBOT\FINALBOT_Begin\data_feed\data_adapter.py", line 237, in update
    raise Exception(f"Zero Tolerance: update failed for {symbol}: {e}")
Exception: Zero Tolerance: update failed for EURUSD: Zero Tolerance: Anomaly detection failed for EURUSD: 'zero_volume_detected'
2026-07-28 05:11:04,619 | INFO     | [CSVWriter] Successfully wrote 114 rows to data_base/csv/iq_option\EURGBP-OTC\EURGBP-OTC_M1.csv
2026-07-28 05:11:04,619 | INFO     | [CSVQueue] Successfully processed write for data_base/csv/iq_option\EURGBP-OTC\EURGBP-OTC_M1.csv
2026-07-28 05:11:04,619 | INFO     | [CSVQueue] Queue size: 0
2026-07-28 05:11:04,633 | ERROR    | Orchestrator failed for EURUSD-OTC
Traceback (most recent call last):
  File "E:\BOT_FINALBOT\FINALBOT_Begin\runner.py", line 263, in run_cycle
    self.orchestrator.process_cycle(sym)
  File "E:\BOT_FINALBOT\FINALBOT_Begin\data_evaluate\orchestrator.py", line 180, in process_cycle
    raise ValueError(f"FAIL-FAST: Insufficient {tf} warm-up candles (minimum {min_req} required)")
ValueError: FAIL-FAST: Insufficient M1 warm-up candles (minimum 250 required)
2026-07-28 05:11:04,642 | ERROR    | Orchestrator failed for GBPUSD-OTC
Traceback (most recent call last):
  File "E:\BOT_FINALBOT\FINALBOT_Begin\runner.py", line 263, in run_cycle
    self.orchestrator.process_cycle(sym)
  File "E:\BOT_FINALBOT\FINALBOT_Begin\data_evaluate\orchestrator.py", line 180, in process_cycle
    raise ValueError(f"FAIL-FAST: Insufficient {tf} warm-up candles (minimum {min_req} required)")
ValueError: FAIL-FAST: Insufficient M1 warm-up candles (minimum 250 required)
2026-07-28 05:11:04,653 | ERROR    | Orchestrator failed for EURGBP-OTC
Traceback (most recent call last):
  File "E:\BOT_FINALBOT\FINALBOT_Begin\runner.py", line 263, in run_cycle
    self.orchestrator.process_cycle(sym)
  File "E:\BOT_FINALBOT\FINALBOT_Begin\data_evaluate\orchestrator.py", line 180, in process_cycle
    raise ValueError(f"FAIL-FAST: Insufficient {tf} warm-up candles (minimum {min_req} required)")
ValueError: FAIL-FAST: Insufficient M1 warm-up candles (minimum 250 required)
2026-07-28 05:11:04,655 | INFO     | [EURUSD-OTC:1.14495][GBPUSD-OTC:1.33591][EURGBP-OTC:0.85720] :: TOTAL=$1453.95
2026-07-28 05:12:03,889 | INFO     | [DataAdapter] Starting update for EURUSD
2026-07-28 05:12:03,890 | INFO     | [DataAdapter] Refreshing M1 data for EURUSD
2026-07-28 05:12:03,890 | INFO     | [DataAdapter] Starting update for EURUSD-OTC
2026-07-28 05:12:03,890 | INFO     | [DataAdapter] Refreshing M1 data for EURUSD-OTC
2026-07-28 05:12:03,890 | INFO     | [DataAdapter] Starting update for GBPUSD-OTC
2026-07-28 05:12:03,890 | INFO     | [DataAdapter] Starting update for EURGBP-OTC
2026-07-28 05:12:03,891 | INFO     | [DataAdapter] Refreshing M1 data for GBPUSD-OTC
2026-07-28 05:12:03,891 | INFO     | [DataAdapter] Refreshing M1 data for EURGBP-OTC
2026-07-28 05:12:04,171 | INFO     | [IQOPTION] REST fetch succeeded for EURUSD: 3 candles
2026-07-28 05:12:04,201 | ERROR    | [DataAdapter] Anomaly detection failed for EURUSD: 'zero_volume_detected'
2026-07-28 05:12:04,217 | WARNING  | [DataAdapter] Anomaly detection has failed 16 times
2026-07-28 05:12:04,233 | ERROR    | [DataAdapter] update failed for EURUSD: Zero Tolerance: Anomaly detection failed for EURUSD: 'zero_volume_detected'
2026-07-28 05:12:04,248 | ERROR    | [DataAdapter] Zero Tolerance: stopping immediately - no retry allowed
2026-07-28 05:12:04,422 | INFO     | [IQOPTION] REST fetch succeeded for EURUSD-OTC: 3 candles
2026-07-28 05:12:04,487 | INFO     | [DataAdapter] M1 anomaly detection completed for EURUSD-OTC in 0.033s
2026-07-28 05:12:04,626 | INFO     | [CSVQueue] Enqueuing write for data_base/csv/iq_option\EURUSD-OTC\EURUSD-OTC_M1.csv - Queue size: 0
2026-07-28 05:12:04,642 | INFO     | [DataAdapter] M1 data refresh completed for EURUSD-OTC
2026-07-28 05:12:04,673 | INFO     | [DataAdapter] Refreshing M5 data for EURUSD-OTC
2026-07-28 05:12:04,673 | INFO     | [CSVQueue] Processing write for data_base/csv/iq_option\EURUSD-OTC\EURUSD-OTC_M1.csv
2026-07-28 05:12:04,742 | INFO     | [DataAdapter] M5 anomaly detection completed for EURUSD-OTC
2026-07-28 05:12:04,742 | INFO     | [CSVWriter] Writing 99 rows to data_base/csv/iq_option\EURUSD-OTC\EURUSD-OTC_M1.csv
2026-07-28 05:12:04,742 | INFO     | [IQOPTION] REST fetch succeeded for GBPUSD-OTC: 3 candles
2026-07-28 05:12:04,742 | INFO     | [DataAdapter] M5 data refresh completed for EURUSD-OTC
2026-07-28 05:12:04,786 | INFO     | [DataAdapter] Refreshing M15 data for EURUSD-OTC
2026-07-28 05:12:04,866 | INFO     | [DataAdapter] M15 anomaly detection completed for EURUSD-OTC
2026-07-28 05:12:04,880 | INFO     | [DataAdapter] M1 anomaly detection completed for GBPUSD-OTC in 0.034s
2026-07-28 05:12:04,892 | INFO     | [DataAdapter] M15 data refresh completed for EURUSD-OTC
2026-07-28 05:12:04,923 | INFO     | [DataAdapter] Anomaly statistics for EURUSD-OTC: {'total_calls': 47, 'response_times': [0.03267025947570801, 0.03391909599304199, 0.006999492645263672, 0.019204378128051758, 0.010622262954711914, 0.005402565002441406, 0.019014835357666016, 0.08554816246032715, 0.006896495819091797, 0.013011932373046875, 0.006913423538208008, 0.016666889190673828, 0.012653112411499023, 0.046982526779174805, 0.0069997310638427734, 0.013000011444091797, 0.04003310203552246, 0.0066754817962646484, 0.013006448745727539, 0.09851288795471191, 0.006525516510009766, 0.020686626434326172, 0.12462925910949707, 0.007510185241699219, 0.03896355628967285, 0.03139209747314453, 0.018968820571899414, 0.02902984619140625, 0.0335848331451416, 0.012201547622680664, 0.01901078224182129, 0.006000041961669922, 0.008504152297973633, 0.05174612998962402, 0.018063068389892578, 0.007004261016845703, 0.0771036148071289, 0.03151535987854004, 0.007001399993896484, 0.013511419296264648, 0.01882767677307129, 0.026665925979614258, 0.0480799674987793, 0.0509181022644043, 0.0060138702392578125, 0.03309202194213867, 0.0336453914642334], 'spike_count': 0, 'zero_volume_count': 0, 'impossible_candle_count': 0, 'consecutive_anomalies': 0, 'avg_response_time': np.float64(0.027126139782844706), 'max_response_time': np.float64(0.12462925910949707), 'min_response_time': np.float64(0.005402565002441406)}
2026-07-28 05:12:04,985 | INFO     | [CSVQueue] Enqueuing write for data_base/csv/iq_option\GBPUSD-OTC\GBPUSD-OTC_M1.csv - Queue size: 0
2026-07-28 05:12:05,017 | INFO     | [DataAdapter] M1 data refresh completed for GBPUSD-OTC
2026-07-28 05:12:05,032 | INFO     | [DataAdapter] Refreshing M5 data for GBPUSD-OTC
2026-07-28 05:12:05,074 | INFO     | [DataAdapter] M5 anomaly detection completed for GBPUSD-OTC
2026-07-28 05:12:05,093 | INFO     | [DataAdapter] M5 data refresh completed for GBPUSD-OTC
2026-07-28 05:12:05,125 | INFO     | [DataAdapter] Refreshing M15 data for GBPUSD-OTC
2026-07-28 05:12:05,162 | INFO     | [DataAdapter] M15 anomaly detection completed for GBPUSD-OTC
2026-07-28 05:12:05,170 | INFO     | [DataAdapter] M15 data refresh completed for GBPUSD-OTC
2026-07-28 05:12:05,162 | INFO     | [CSVWriter] Successfully wrote 115 rows to data_base/csv/iq_option\EURUSD-OTC\EURUSD-OTC_M1.csv
2026-07-28 05:12:05,188 | INFO     | [DataAdapter] Anomaly statistics for GBPUSD-OTC: {'total_calls': 47, 'response_times': [0.03267025947570801, 0.03391909599304199, 0.006999492645263672, 0.019204378128051758, 0.010622262954711914, 0.005402565002441406, 0.019014835357666016, 0.08554816246032715, 0.006896495819091797, 0.013011932373046875, 0.006913423538208008, 0.016666889190673828, 0.012653112411499023, 0.046982526779174805, 0.0069997310638427734, 0.013000011444091797, 0.04003310203552246, 0.0066754817962646484, 0.013006448745727539, 0.09851288795471191, 0.006525516510009766, 0.020686626434326172, 0.12462925910949707, 0.007510185241699219, 0.03896355628967285, 0.03139209747314453, 0.018968820571899414, 0.02902984619140625, 0.0335848331451416, 0.012201547622680664, 0.01901078224182129, 0.006000041961669922, 0.008504152297973633, 0.05174612998962402, 0.018063068389892578, 0.007004261016845703, 0.0771036148071289, 0.03151535987854004, 0.007001399993896484, 0.013511419296264648, 0.01882767677307129, 0.026665925979614258, 0.0480799674987793, 0.0509181022644043, 0.0060138702392578125, 0.03309202194213867, 0.0336453914642334], 'spike_count': 0, 'zero_volume_count': 0, 'impossible_candle_count': 0, 'consecutive_anomalies': 0, 'avg_response_time': np.float64(0.027126139782844706), 'max_response_time': np.float64(0.12462925910949707), 'min_response_time': np.float64(0.005402565002441406)}
2026-07-28 05:12:05,188 | INFO     | [IQOPTION] REST fetch succeeded for EURGBP-OTC: 3 candles
2026-07-28 05:12:05,188 | INFO     | [CSVQueue] Successfully processed write for data_base/csv/iq_option\EURUSD-OTC\EURUSD-OTC_M1.csv
2026-07-28 05:12:05,201 | INFO     | [CSVQueue] Processing write for data_base/csv/iq_option\GBPUSD-OTC\GBPUSD-OTC_M1.csv
2026-07-28 05:12:05,201 | INFO     | [CSVWriter] Writing 99 rows to data_base/csv/iq_option\GBPUSD-OTC\GBPUSD-OTC_M1.csv
2026-07-28 05:12:05,209 | INFO     | [DataAdapter] M1 anomaly detection completed for EURGBP-OTC in 0.010s
2026-07-28 05:12:05,219 | INFO     | [CSVQueue] Enqueuing write for data_base/csv/iq_option\EURGBP-OTC\EURGBP-OTC_M1.csv - Queue size: 0
2026-07-28 05:12:05,219 | INFO     | [DataAdapter] M1 data refresh completed for EURGBP-OTC
2026-07-28 05:12:05,220 | INFO     | [DataAdapter] Refreshing M5 data for EURGBP-OTC
2026-07-28 05:12:05,236 | INFO     | [DataAdapter] M5 anomaly detection completed for EURGBP-OTC
2026-07-28 05:12:05,237 | INFO     | [DataAdapter] M5 data refresh completed for EURGBP-OTC
2026-07-28 05:12:05,237 | INFO     | [DataAdapter] Refreshing M15 data for EURGBP-OTC
2026-07-28 05:12:05,251 | INFO     | [DataAdapter] M15 anomaly detection completed for EURGBP-OTC
2026-07-28 05:12:05,251 | INFO     | [DataAdapter] M15 data refresh completed for EURGBP-OTC
2026-07-28 05:12:05,252 | INFO     | [DataAdapter] Anomaly statistics for EURGBP-OTC: {'total_calls': 48, 'response_times': [0.03267025947570801, 0.03391909599304199, 0.006999492645263672, 0.019204378128051758, 0.010622262954711914, 0.005402565002441406, 0.019014835357666016, 0.08554816246032715, 0.006896495819091797, 0.013011932373046875, 0.006913423538208008, 0.016666889190673828, 0.012653112411499023, 0.046982526779174805, 0.0069997310638427734, 0.013000011444091797, 0.04003310203552246, 0.0066754817962646484, 0.013006448745727539, 0.09851288795471191, 0.006525516510009766, 0.020686626434326172, 0.12462925910949707, 0.007510185241699219, 0.03896355628967285, 0.03139209747314453, 0.018968820571899414, 0.02902984619140625, 0.0335848331451416, 0.012201547622680664, 0.01901078224182129, 0.006000041961669922, 0.008504152297973633, 0.05174612998962402, 0.018063068389892578, 0.007004261016845703, 0.0771036148071289, 0.03151535987854004, 0.007001399993896484, 0.013511419296264648, 0.01882767677307129, 0.026665925979614258, 0.0480799674987793, 0.0509181022644043, 0.0060138702392578125, 0.03309202194213867, 0.0336453914642334, 0.010323762893676758], 'spike_count': 0, 'zero_volume_count': 0, 'impossible_candle_count': 0, 'consecutive_anomalies': 0, 'avg_response_time': np.float64(0.026776090264320374), 'max_response_time': np.float64(0.12462925910949707), 'min_response_time': np.float64(0.005402565002441406)}
2026-07-28 05:12:05,253 | ERROR    | Error getting future result for EURUSD
Traceback (most recent call last):
  File "C:\Users\BUSOLOVE\AppData\Local\Programs\Python\Python312\Lib\site-packages\pandas\core\indexes\base.py", line 3641, in get_loc
    return self._engine.get_loc(casted_key)
           ^^^^^^^^^^^^^^^^^^^^^^^^^^^^^^^^
  File "pandas/_libs/index.pyx", line 168, in pandas._libs.index.IndexEngine.get_loc
  File "pandas/_libs/index.pyx", line 197, in pandas._libs.index.IndexEngine.get_loc
  File "pandas/_libs/hashtable_class_helper.pxi", line 7668, in pandas._libs.hashtable.PyObjectHashTable.get_item
  File "pandas/_libs/hashtable_class_helper.pxi", line 7676, in pandas._libs.hashtable.PyObjectHashTable.get_item
KeyError: 'zero_volume_detected'

The above exception was the direct cause of the following exception:

Traceback (most recent call last):
  File "E:\BOT_FINALBOT\FINALBOT_Begin\data_feed\data_adapter.py", line 266, in _refresh_m1
    completed = self._anomaly_detector.detect_anomalies(completed, symbol)
                ^^^^^^^^^^^^^^^^^^^^^^^^^^^^^^^^^^^^^^^^^^^^^^^^^^^^^^^^^^
  File "E:\BOT_FINALBOT\FINALBOT_Begin\data_feed\anomaly_detector.py", line 251, in detect_anomalies
    result_df = self.detect_zero_volume(result_df, symbol)
                ^^^^^^^^^^^^^^^^^^^^^^^^^^^^^^^^^^^^^^^^^^
  File "E:\BOT_FINALBOT\FINALBOT_Begin\data_feed\anomaly_detector.py", line 164, in detect_zero_volume
    df['zero_volume_streak'] = (df['zero_volume_detected'] == True).cumsum()
                                ~~^^^^^^^^^^^^^^^^^^^^^^^^
  File "C:\Users\BUSOLOVE\AppData\Local\Programs\Python\Python312\Lib\site-packages\pandas\core\frame.py", line 4378, in __getitem__
    indexer = self.columns.get_loc(key)
              ^^^^^^^^^^^^^^^^^^^^^^^^^
  File "C:\Users\BUSOLOVE\AppData\Local\Programs\Python\Python312\Lib\site-packages\pandas\core\indexes\base.py", line 3648, in get_loc
    raise KeyError(key) from err
KeyError: 'zero_volume_detected'

During handling of the above exception, another exception occurred:

Traceback (most recent call last):
  File "E:\BOT_FINALBOT\FINALBOT_Begin\data_feed\data_adapter.py", line 180, in update
    completed_m1 = self._refresh_m1(symbol, now_naive)
                   ^^^^^^^^^^^^^^^^^^^^^^^^^^^^^^^^^^^
  File "E:\BOT_FINALBOT\FINALBOT_Begin\data_feed\data_adapter.py", line 280, in _refresh_m1
    raise RuntimeError(f"Zero Tolerance: Anomaly detection failed for {symbol}: {e}")
RuntimeError: Zero Tolerance: Anomaly detection failed for EURUSD: 'zero_volume_detected'

During handling of the above exception, another exception occurred:

Traceback (most recent call last):
  File "E:\BOT_FINALBOT\FINALBOT_Begin\runner.py", line 246, in run_cycle
    result_val = sym_futures[sym].result()
                 ^^^^^^^^^^^^^^^^^^^^^^^^^
  File "C:\Users\BUSOLOVE\AppData\Local\Programs\Python\Python312\Lib\concurrent\futures\_base.py", line 449, in result
    return self.__get_result()
           ^^^^^^^^^^^^^^^^^^^
  File "C:\Users\BUSOLOVE\AppData\Local\Programs\Python\Python312\Lib\concurrent\futures\_base.py", line 401, in __get_result
    raise self._exception
  File "C:\Users\BUSOLOVE\AppData\Local\Programs\Python\Python312\Lib\concurrent\futures\thread.py", line 58, in run
    result = self.fn(*self.args, **self.kwargs)
             ^^^^^^^^^^^^^^^^^^^^^^^^^^^^^^^^^^
  File "E:\BOT_FINALBOT\FINALBOT_Begin\runner.py", line 153, in fetch_and_save_data
    return self.candle_adapter.update(symbol, broker_epoch=broker_epoch)
           ^^^^^^^^^^^^^^^^^^^^^^^^^^^^^^^^^^^^^^^^^^^^^^^^^^^^^^^^^^^^^
  File "E:\BOT_FINALBOT\FINALBOT_Begin\data_feed\data_adapter.py", line 237, in update
    raise Exception(f"Zero Tolerance: update failed for {symbol}: {e}")
Exception: Zero Tolerance: update failed for EURUSD: Zero Tolerance: Anomaly detection failed for EURUSD: 'zero_volume_detected'
2026-07-28 05:12:05,253 | INFO     | [CSVWriter] Successfully wrote 115 rows to data_base/csv/iq_option\GBPUSD-OTC\GBPUSD-OTC_M1.csv
2026-07-28 05:12:05,257 | INFO     | [CSVQueue] Successfully processed write for data_base/csv/iq_option\GBPUSD-OTC\GBPUSD-OTC_M1.csv
2026-07-28 05:12:05,257 | INFO     | [CSVQueue] Processing write for data_base/csv/iq_option\EURGBP-OTC\EURGBP-OTC_M1.csv
2026-07-28 05:12:05,257 | INFO     | [CSVWriter] Writing 99 rows to data_base/csv/iq_option\EURGBP-OTC\EURGBP-OTC_M1.csv
2026-07-28 05:12:05,285 | INFO     | [CSVWriter] Successfully wrote 115 rows to data_base/csv/iq_option\EURGBP-OTC\EURGBP-OTC_M1.csv
2026-07-28 05:12:05,288 | ERROR    | Orchestrator failed for EURUSD-OTC
Traceback (most recent call last):
  File "E:\BOT_FINALBOT\FINALBOT_Begin\runner.py", line 263, in run_cycle
    self.orchestrator.process_cycle(sym)
  File "E:\BOT_FINALBOT\FINALBOT_Begin\data_evaluate\orchestrator.py", line 180, in process_cycle
    raise ValueError(f"FAIL-FAST: Insufficient {tf} warm-up candles (minimum {min_req} required)")
ValueError: FAIL-FAST: Insufficient M1 warm-up candles (minimum 250 required)
2026-07-28 05:12:05,288 | INFO     | [CSVQueue] Successfully processed write for data_base/csv/iq_option\EURGBP-OTC\EURGBP-OTC_M1.csv
2026-07-28 05:12:05,289 | INFO     | [CSVQueue] Queue size: 0
2026-07-28 05:12:05,306 | ERROR    | Orchestrator failed for GBPUSD-OTC
Traceback (most recent call last):
  File "E:\BOT_FINALBOT\FINALBOT_Begin\runner.py", line 263, in run_cycle
    self.orchestrator.process_cycle(sym)
  File "E:\BOT_FINALBOT\FINALBOT_Begin\data_evaluate\orchestrator.py", line 180, in process_cycle
    raise ValueError(f"FAIL-FAST: Insufficient {tf} warm-up candles (minimum {min_req} required)")
ValueError: FAIL-FAST: Insufficient M1 warm-up candles (minimum 250 required)
2026-07-28 05:12:05,318 | ERROR    | Orchestrator failed for EURGBP-OTC
Traceback (most recent call last):
  File "E:\BOT_FINALBOT\FINALBOT_Begin\runner.py", line 263, in run_cycle
    self.orchestrator.process_cycle(sym)
  File "E:\BOT_FINALBOT\FINALBOT_Begin\data_evaluate\orchestrator.py", line 180, in process_cycle
    raise ValueError(f"FAIL-FAST: Insufficient {tf} warm-up candles (minimum {min_req} required)")
ValueError: FAIL-FAST: Insufficient M1 warm-up candles (minimum 250 required)
2026-07-28 05:12:05,332 | INFO     | [EURUSD-OTC:1.14556][GBPUSD-OTC:1.33587][EURGBP-OTC:0.85696] :: TOTAL=$1453.95
2026-07-28 05:13:03,581 | INFO     | [DataAdapter] Starting update for EURUSD
2026-07-28 05:13:03,581 | INFO     | [DataAdapter] Refreshing M1 data for EURUSD
2026-07-28 05:13:03,581 | INFO     | [DataAdapter] Starting update for EURUSD-OTC
2026-07-28 05:13:03,581 | INFO     | [DataAdapter] Starting update for GBPUSD-OTC
2026-07-28 05:13:03,581 | INFO     | [DataAdapter] Refreshing M1 data for EURUSD-OTC
2026-07-28 05:13:03,581 | INFO     | [DataAdapter] Starting update for EURGBP-OTC
2026-07-28 05:13:03,581 | INFO     | [DataAdapter] Refreshing M1 data for GBPUSD-OTC
2026-07-28 05:13:03,582 | INFO     | [DataAdapter] Refreshing M1 data for EURGBP-OTC
2026-07-28 05:13:03,895 | INFO     | [IQOPTION] REST fetch succeeded for EURUSD: 3 candles
2026-07-28 05:13:04,006 | ERROR    | [DataAdapter] Anomaly detection failed for EURUSD: 'zero_volume_detected'
2026-07-28 05:13:04,037 | WARNING  | [DataAdapter] Anomaly detection has failed 17 times
2026-07-28 05:13:04,068 | ERROR    | [DataAdapter] update failed for EURUSD: Zero Tolerance: Anomaly detection failed for EURUSD: 'zero_volume_detected'
2026-07-28 05:13:04,084 | ERROR    | [DataAdapter] Zero Tolerance: stopping immediately - no retry allowed
2026-07-28 05:13:04,194 | INFO     | [IQOPTION] REST fetch succeeded for EURUSD-OTC: 3 candles
2026-07-28 05:13:04,213 | INFO     | [DataAdapter] M1 anomaly detection completed for EURUSD-OTC in 0.014s
2026-07-28 05:13:04,335 | INFO     | [CSVQueue] Enqueuing write for data_base/csv/iq_option\EURUSD-OTC\EURUSD-OTC_M1.csv - Queue size: 0
2026-07-28 05:13:04,350 | INFO     | [DataAdapter] M1 data refresh completed for EURUSD-OTC
2026-07-28 05:13:04,365 | INFO     | [CSVQueue] Processing write for data_base/csv/iq_option\EURUSD-OTC\EURUSD-OTC_M1.csv
2026-07-28 05:13:04,365 | INFO     | [DataAdapter] Refreshing M5 data for EURUSD-OTC
2026-07-28 05:13:04,397 | INFO     | [CSVWriter] Writing 99 rows to data_base/csv/iq_option\EURUSD-OTC\EURUSD-OTC_M1.csv
2026-07-28 05:13:04,459 | INFO     | [IQOPTION] REST fetch succeeded for GBPUSD-OTC: 3 candles
2026-07-28 05:13:04,463 | INFO     | [DataAdapter] M5 anomaly detection completed for EURUSD-OTC
2026-07-28 05:13:04,506 | INFO     | [DataAdapter] M5 data refresh completed for EURUSD-OTC
2026-07-28 05:13:04,507 | INFO     | [DataAdapter] Refreshing M15 data for EURUSD-OTC
2026-07-28 05:13:04,604 | INFO     | [DataAdapter] M15 anomaly detection completed for EURUSD-OTC
2026-07-28 05:13:04,651 | INFO     | [DataAdapter] M1 anomaly detection completed for GBPUSD-OTC in 0.098s
2026-07-28 05:13:04,651 | INFO     | [DataAdapter] M15 data refresh completed for EURUSD-OTC
2026-07-28 05:13:04,665 | INFO     | [DataAdapter] Anomaly statistics for EURUSD-OTC: {'total_calls': 50, 'response_times': [0.03267025947570801, 0.03391909599304199, 0.006999492645263672, 0.019204378128051758, 0.010622262954711914, 0.005402565002441406, 0.019014835357666016, 0.08554816246032715, 0.006896495819091797, 0.013011932373046875, 0.006913423538208008, 0.016666889190673828, 0.012653112411499023, 0.046982526779174805, 0.0069997310638427734, 0.013000011444091797, 0.04003310203552246, 0.0066754817962646484, 0.013006448745727539, 0.09851288795471191, 0.006525516510009766, 0.020686626434326172, 0.12462925910949707, 0.007510185241699219, 0.03896355628967285, 0.03139209747314453, 0.018968820571899414, 0.02902984619140625, 0.0335848331451416, 0.012201547622680664, 0.01901078224182129, 0.006000041961669922, 0.008504152297973633, 0.05174612998962402, 0.018063068389892578, 0.007004261016845703, 0.0771036148071289, 0.03151535987854004, 0.007001399993896484, 0.013511419296264648, 0.01882767677307129, 0.026665925979614258, 0.0480799674987793, 0.0509181022644043, 0.0060138702392578125, 0.03309202194213867, 0.0336453914642334, 0.010323762893676758, 0.013509273529052734, 0.0975496768951416], 'spike_count': 0, 'zero_volume_count': 0, 'impossible_candle_count': 0, 'consecutive_anomalies': 0, 'avg_response_time': np.float64(0.027926225662231446), 'max_response_time': np.float64(0.12462925910949707), 'min_response_time': np.float64(0.005402565002441406)}
2026-07-28 05:13:04,726 | INFO     | [CSVQueue] Enqueuing write for data_base/csv/iq_option\GBPUSD-OTC\GBPUSD-OTC_M1.csv - Queue size: 0
2026-07-28 05:13:04,727 | INFO     | [DataAdapter] M1 data refresh completed for GBPUSD-OTC
2026-07-28 05:13:04,728 | INFO     | [DataAdapter] Refreshing M5 data for GBPUSD-OTC
2026-07-28 05:13:04,728 | INFO     | [IQOPTION] REST fetch succeeded for EURGBP-OTC: 3 candles
2026-07-28 05:13:04,739 | INFO     | [DataAdapter] M5 anomaly detection completed for GBPUSD-OTC
2026-07-28 05:13:04,740 | INFO     | [DataAdapter] M5 data refresh completed for GBPUSD-OTC
2026-07-28 05:13:04,741 | INFO     | [DataAdapter] Refreshing M15 data for GBPUSD-OTC
2026-07-28 05:13:04,747 | INFO     | [DataAdapter] M1 anomaly detection completed for EURGBP-OTC in 0.006s
2026-07-28 05:13:04,748 | INFO     | [CSVWriter] Successfully wrote 116 rows to data_base/csv/iq_option\EURUSD-OTC\EURUSD-OTC_M1.csv
2026-07-28 05:13:04,750 | INFO     | [CSVQueue] Successfully processed write for data_base/csv/iq_option\EURUSD-OTC\EURUSD-OTC_M1.csv
2026-07-28 05:13:04,753 | INFO     | [DataAdapter] M15 anomaly detection completed for GBPUSD-OTC
2026-07-28 05:13:04,753 | INFO     | [CSVQueue] Processing write for data_base/csv/iq_option\GBPUSD-OTC\GBPUSD-OTC_M1.csv
2026-07-28 05:13:04,754 | INFO     | [DataAdapter] M15 data refresh completed for GBPUSD-OTC
2026-07-28 05:13:04,754 | INFO     | [CSVWriter] Writing 99 rows to data_base/csv/iq_option\GBPUSD-OTC\GBPUSD-OTC_M1.csv
2026-07-28 05:13:04,754 | INFO     | [DataAdapter] Anomaly statistics for GBPUSD-OTC: {'total_calls': 51, 'response_times': [0.03267025947570801, 0.03391909599304199, 0.006999492645263672, 0.019204378128051758, 0.010622262954711914, 0.005402565002441406, 0.019014835357666016, 0.08554816246032715, 0.006896495819091797, 0.013011932373046875, 0.006913423538208008, 0.016666889190673828, 0.012653112411499023, 0.046982526779174805, 0.0069997310638427734, 0.013000011444091797, 0.04003310203552246, 0.0066754817962646484, 0.013006448745727539, 0.09851288795471191, 0.006525516510009766, 0.020686626434326172, 0.12462925910949707, 0.007510185241699219, 0.03896355628967285, 0.03139209747314453, 0.018968820571899414, 0.02902984619140625, 0.0335848331451416, 0.012201547622680664, 0.01901078224182129, 0.006000041961669922, 0.008504152297973633, 0.05174612998962402, 0.018063068389892578, 0.007004261016845703, 0.0771036148071289, 0.03151535987854004, 0.007001399993896484, 0.013511419296264648, 0.01882767677307129, 0.026665925979614258, 0.0480799674987793, 0.0509181022644043, 0.0060138702392578125, 0.03309202194213867, 0.0336453914642334, 0.010323762893676758, 0.013509273529052734, 0.0975496768951416, 0.00599217414855957], 'spike_count': 0, 'zero_volume_count': 0, 'impossible_candle_count': 0, 'consecutive_anomalies': 0, 'avg_response_time': np.float64(0.0274961462207869), 'max_response_time': np.float64(0.12462925910949707), 'min_response_time': np.float64(0.005402565002441406)}
2026-07-28 05:13:04,754 | INFO     | [CSVQueue] Enqueuing write for data_base/csv/iq_option\EURGBP-OTC\EURGBP-OTC_M1.csv - Queue size: 0
2026-07-28 05:13:04,756 | INFO     | [DataAdapter] M1 data refresh completed for EURGBP-OTC
2026-07-28 05:13:04,756 | INFO     | [DataAdapter] Refreshing M5 data for EURGBP-OTC
2026-07-28 05:13:04,763 | INFO     | [DataAdapter] M5 anomaly detection completed for EURGBP-OTC
2026-07-28 05:13:04,763 | INFO     | [DataAdapter] M5 data refresh completed for EURGBP-OTC
2026-07-28 05:13:04,763 | INFO     | [DataAdapter] Refreshing M15 data for EURGBP-OTC
2026-07-28 05:13:04,768 | INFO     | [DataAdapter] M15 anomaly detection completed for EURGBP-OTC
2026-07-28 05:13:04,768 | INFO     | [DataAdapter] M15 data refresh completed for EURGBP-OTC
2026-07-28 05:13:04,769 | INFO     | [DataAdapter] Anomaly statistics for EURGBP-OTC: {'total_calls': 51, 'response_times': [0.03267025947570801, 0.03391909599304199, 0.006999492645263672, 0.019204378128051758, 0.010622262954711914, 0.005402565002441406, 0.019014835357666016, 0.08554816246032715, 0.006896495819091797, 0.013011932373046875, 0.006913423538208008, 0.016666889190673828, 0.012653112411499023, 0.046982526779174805, 0.0069997310638427734, 0.013000011444091797, 0.04003310203552246, 0.0066754817962646484, 0.013006448745727539, 0.09851288795471191, 0.006525516510009766, 0.020686626434326172, 0.12462925910949707, 0.007510185241699219, 0.03896355628967285, 0.03139209747314453, 0.018968820571899414, 0.02902984619140625, 0.0335848331451416, 0.012201547622680664, 0.01901078224182129, 0.006000041961669922, 0.008504152297973633, 0.05174612998962402, 0.018063068389892578, 0.007004261016845703, 0.0771036148071289, 0.03151535987854004, 0.007001399993896484, 0.013511419296264648, 0.01882767677307129, 0.026665925979614258, 0.0480799674987793, 0.0509181022644043, 0.0060138702392578125, 0.03309202194213867, 0.0336453914642334, 0.010323762893676758, 0.013509273529052734, 0.0975496768951416, 0.00599217414855957], 'spike_count': 0, 'zero_volume_count': 0, 'impossible_candle_count': 0, 'consecutive_anomalies': 0, 'avg_response_time': np.float64(0.0274961462207869), 'max_response_time': np.float64(0.12462925910949707), 'min_response_time': np.float64(0.005402565002441406)}
2026-07-28 05:13:04,772 | ERROR    | Error getting future result for EURUSD
Traceback (most recent call last):
  File "C:\Users\BUSOLOVE\AppData\Local\Programs\Python\Python312\Lib\site-packages\pandas\core\indexes\base.py", line 3641, in get_loc
    return self._engine.get_loc(casted_key)
           ^^^^^^^^^^^^^^^^^^^^^^^^^^^^^^^^
  File "pandas/_libs/index.pyx", line 168, in pandas._libs.index.IndexEngine.get_loc
  File "pandas/_libs/index.pyx", line 197, in pandas._libs.index.IndexEngine.get_loc
  File "pandas/_libs/hashtable_class_helper.pxi", line 7668, in pandas._libs.hashtable.PyObjectHashTable.get_item
  File "pandas/_libs/hashtable_class_helper.pxi", line 7676, in pandas._libs.hashtable.PyObjectHashTable.get_item
KeyError: 'zero_volume_detected'

The above exception was the direct cause of the following exception:

Traceback (most recent call last):
  File "E:\BOT_FINALBOT\FINALBOT_Begin\data_feed\data_adapter.py", line 266, in _refresh_m1
    completed = self._anomaly_detector.detect_anomalies(completed, symbol)
                ^^^^^^^^^^^^^^^^^^^^^^^^^^^^^^^^^^^^^^^^^^^^^^^^^^^^^^^^^^
  File "E:\BOT_FINALBOT\FINALBOT_Begin\data_feed\anomaly_detector.py", line 251, in detect_anomalies
    result_df = self.detect_zero_volume(result_df, symbol)
                ^^^^^^^^^^^^^^^^^^^^^^^^^^^^^^^^^^^^^^^^^^
  File "E:\BOT_FINALBOT\FINALBOT_Begin\data_feed\anomaly_detector.py", line 164, in detect_zero_volume
    df['zero_volume_streak'] = (df['zero_volume_detected'] == True).cumsum()
                                ~~^^^^^^^^^^^^^^^^^^^^^^^^
  File "C:\Users\BUSOLOVE\AppData\Local\Programs\Python\Python312\Lib\site-packages\pandas\core\frame.py", line 4378, in __getitem__
    indexer = self.columns.get_loc(key)
              ^^^^^^^^^^^^^^^^^^^^^^^^^
  File "C:\Users\BUSOLOVE\AppData\Local\Programs\Python\Python312\Lib\site-packages\pandas\core\indexes\base.py", line 3648, in get_loc
    raise KeyError(key) from err
KeyError: 'zero_volume_detected'

During handling of the above exception, another exception occurred:

Traceback (most recent call last):
  File "E:\BOT_FINALBOT\FINALBOT_Begin\data_feed\data_adapter.py", line 180, in update
    completed_m1 = self._refresh_m1(symbol, now_naive)
                   ^^^^^^^^^^^^^^^^^^^^^^^^^^^^^^^^^^^
  File "E:\BOT_FINALBOT\FINALBOT_Begin\data_feed\data_adapter.py", line 280, in _refresh_m1
    raise RuntimeError(f"Zero Tolerance: Anomaly detection failed for {symbol}: {e}")
RuntimeError: Zero Tolerance: Anomaly detection failed for EURUSD: 'zero_volume_detected'

During handling of the above exception, another exception occurred:

Traceback (most recent call last):
  File "E:\BOT_FINALBOT\FINALBOT_Begin\runner.py", line 246, in run_cycle
    result_val = sym_futures[sym].result()
                 ^^^^^^^^^^^^^^^^^^^^^^^^^
  File "C:\Users\BUSOLOVE\AppData\Local\Programs\Python\Python312\Lib\concurrent\futures\_base.py", line 449, in result
    return self.__get_result()
           ^^^^^^^^^^^^^^^^^^^
  File "C:\Users\BUSOLOVE\AppData\Local\Programs\Python\Python312\Lib\concurrent\futures\_base.py", line 401, in __get_result
    raise self._exception
  File "C:\Users\BUSOLOVE\AppData\Local\Programs\Python\Python312\Lib\concurrent\futures\thread.py", line 58, in run
    result = self.fn(*self.args, **self.kwargs)
             ^^^^^^^^^^^^^^^^^^^^^^^^^^^^^^^^^^
  File "E:\BOT_FINALBOT\FINALBOT_Begin\runner.py", line 153, in fetch_and_save_data
    return self.candle_adapter.update(symbol, broker_epoch=broker_epoch)
           ^^^^^^^^^^^^^^^^^^^^^^^^^^^^^^^^^^^^^^^^^^^^^^^^^^^^^^^^^^^^^
  File "E:\BOT_FINALBOT\FINALBOT_Begin\data_feed\data_adapter.py", line 237, in update
    raise Exception(f"Zero Tolerance: update failed for {symbol}: {e}")
Exception: Zero Tolerance: update failed for EURUSD: Zero Tolerance: Anomaly detection failed for EURUSD: 'zero_volume_detected'
2026-07-28 05:13:04,775 | INFO     | [CSVWriter] Successfully wrote 116 rows to data_base/csv/iq_option\GBPUSD-OTC\GBPUSD-OTC_M1.csv
2026-07-28 05:13:04,776 | INFO     | [CSVQueue] Successfully processed write for data_base/csv/iq_option\GBPUSD-OTC\GBPUSD-OTC_M1.csv
2026-07-28 05:13:04,776 | INFO     | [CSVQueue] Processing write for data_base/csv/iq_option\EURGBP-OTC\EURGBP-OTC_M1.csv
2026-07-28 05:13:04,776 | INFO     | [CSVWriter] Writing 99 rows to data_base/csv/iq_option\EURGBP-OTC\EURGBP-OTC_M1.csv
2026-07-28 05:13:04,785 | INFO     | [CSVWriter] Successfully wrote 116 rows to data_base/csv/iq_option\EURGBP-OTC\EURGBP-OTC_M1.csv
2026-07-28 05:13:04,786 | INFO     | [CSVQueue] Successfully processed write for data_base/csv/iq_option\EURGBP-OTC\EURGBP-OTC_M1.csv
2026-07-28 05:13:04,788 | INFO     | [CSVQueue] Queue size: 0
2026-07-28 05:13:04,793 | ERROR    | Orchestrator failed for EURUSD-OTC
Traceback (most recent call last):
  File "E:\BOT_FINALBOT\FINALBOT_Begin\runner.py", line 263, in run_cycle
    self.orchestrator.process_cycle(sym)
  File "E:\BOT_FINALBOT\FINALBOT_Begin\data_evaluate\orchestrator.py", line 180, in process_cycle
    raise ValueError(f"FAIL-FAST: Insufficient {tf} warm-up candles (minimum {min_req} required)")
ValueError: FAIL-FAST: Insufficient M1 warm-up candles (minimum 250 required)
2026-07-28 05:13:04,801 | ERROR    | Orchestrator failed for GBPUSD-OTC
Traceback (most recent call last):
  File "E:\BOT_FINALBOT\FINALBOT_Begin\runner.py", line 263, in run_cycle
    self.orchestrator.process_cycle(sym)
  File "E:\BOT_FINALBOT\FINALBOT_Begin\data_evaluate\orchestrator.py", line 180, in process_cycle
    raise ValueError(f"FAIL-FAST: Insufficient {tf} warm-up candles (minimum {min_req} required)")
ValueError: FAIL-FAST: Insufficient M1 warm-up candles (minimum 250 required)
2026-07-28 05:13:04,810 | ERROR    | Orchestrator failed for EURGBP-OTC
Traceback (most recent call last):
  File "E:\BOT_FINALBOT\FINALBOT_Begin\runner.py", line 263, in run_cycle
    self.orchestrator.process_cycle(sym)
  File "E:\BOT_FINALBOT\FINALBOT_Begin\data_evaluate\orchestrator.py", line 180, in process_cycle
    raise ValueError(f"FAIL-FAST: Insufficient {tf} warm-up candles (minimum {min_req} required)")
ValueError: FAIL-FAST: Insufficient M1 warm-up candles (minimum 250 required)
2026-07-28 05:13:04,840 | INFO     | [EURUSD-OTC:1.14603][GBPUSD-OTC:1.33581][EURGBP-OTC:0.85703] :: TOTAL=$1453.95
2026-07-28 05:14:04,168 | INFO     | [DataAdapter] Starting update for EURUSD
2026-07-28 05:14:04,169 | INFO     | [DataAdapter] Refreshing M1 data for EURUSD
2026-07-28 05:14:04,169 | INFO     | [DataAdapter] Starting update for EURUSD-OTC
2026-07-28 05:14:04,169 | INFO     | [DataAdapter] Starting update for GBPUSD-OTC
2026-07-28 05:14:04,169 | INFO     | [DataAdapter] Refreshing M1 data for EURUSD-OTC
2026-07-28 05:14:04,169 | INFO     | [DataAdapter] Starting update for EURGBP-OTC
2026-07-28 05:14:04,169 | INFO     | [DataAdapter] Refreshing M1 data for GBPUSD-OTC
2026-07-28 05:14:04,183 | INFO     | [DataAdapter] Refreshing M1 data for EURGBP-OTC
2026-07-28 05:14:04,416 | INFO     | [IQOPTION] REST fetch succeeded for EURUSD: 3 candles
2026-07-28 05:14:04,465 | ERROR    | [DataAdapter] Anomaly detection failed for EURUSD: 'zero_volume_detected'
2026-07-28 05:14:04,479 | WARNING  | [DataAdapter] Anomaly detection has failed 18 times
2026-07-28 05:14:04,495 | ERROR    | [DataAdapter] update failed for EURUSD: Zero Tolerance: Anomaly detection failed for EURUSD: 'zero_volume_detected'
2026-07-28 05:14:04,510 | ERROR    | [DataAdapter] Zero Tolerance: stopping immediately - no retry allowed
2026-07-28 05:14:04,683 | INFO     | [IQOPTION] REST fetch succeeded for EURUSD-OTC: 3 candles
2026-07-28 05:14:04,699 | INFO     | [DataAdapter] M1 anomaly detection completed for EURUSD-OTC in 0.007s
2026-07-28 05:14:04,807 | INFO     | [CSVQueue] Enqueuing write for data_base/csv/iq_option\EURUSD-OTC\EURUSD-OTC_M1.csv - Queue size: 0
2026-07-28 05:14:04,808 | INFO     | [DataAdapter] M1 data refresh completed for EURUSD-OTC
2026-07-28 05:14:04,809 | INFO     | [CSVQueue] Processing write for data_base/csv/iq_option\EURUSD-OTC\EURUSD-OTC_M1.csv
2026-07-28 05:14:04,838 | INFO     | [DataAdapter] Refreshing M5 data for EURUSD-OTC
2026-07-28 05:14:04,868 | INFO     | [CSVWriter] Writing 99 rows to data_base/csv/iq_option\EURUSD-OTC\EURUSD-OTC_M1.csv
2026-07-28 05:14:04,938 | INFO     | [DataAdapter] M5 anomaly detection completed for EURUSD-OTC
2026-07-28 05:14:04,947 | INFO     | [IQOPTION] REST fetch succeeded for GBPUSD-OTC: 3 candles
2026-07-28 05:14:04,948 | INFO     | [DataAdapter] M5 data refresh completed for EURUSD-OTC
2026-07-28 05:14:05,008 | INFO     | [DataAdapter] Refreshing M15 data for EURUSD-OTC
2026-07-28 05:14:05,053 | INFO     | [DataAdapter] M15 anomaly detection completed for EURUSD-OTC
2026-07-28 05:14:05,105 | INFO     | [DataAdapter] M15 data refresh completed for EURUSD-OTC
2026-07-28 05:14:05,105 | INFO     | [DataAdapter] M1 anomaly detection completed for GBPUSD-OTC in 0.062s
2026-07-28 05:14:05,115 | INFO     | [DataAdapter] Anomaly statistics for EURUSD-OTC: {'total_calls': 53, 'response_times': [0.03267025947570801, 0.03391909599304199, 0.006999492645263672, 0.019204378128051758, 0.010622262954711914, 0.005402565002441406, 0.019014835357666016, 0.08554816246032715, 0.006896495819091797, 0.013011932373046875, 0.006913423538208008, 0.016666889190673828, 0.012653112411499023, 0.046982526779174805, 0.0069997310638427734, 0.013000011444091797, 0.04003310203552246, 0.0066754817962646484, 0.013006448745727539, 0.09851288795471191, 0.006525516510009766, 0.020686626434326172, 0.12462925910949707, 0.007510185241699219, 0.03896355628967285, 0.03139209747314453, 0.018968820571899414, 0.02902984619140625, 0.0335848331451416, 0.012201547622680664, 0.01901078224182129, 0.006000041961669922, 0.008504152297973633, 0.05174612998962402, 0.018063068389892578, 0.007004261016845703, 0.0771036148071289, 0.03151535987854004, 0.007001399993896484, 0.013511419296264648, 0.01882767677307129, 0.026665925979614258, 0.0480799674987793, 0.0509181022644043, 0.0060138702392578125, 0.03309202194213867, 0.0336453914642334, 0.010323762893676758, 0.013509273529052734, 0.0975496768951416, 0.00599217414855957, 0.0068280696868896484, 0.06165957450866699], 'spike_count': 0, 'zero_volume_count': 0, 'impossible_candle_count': 0, 'consecutive_anomalies': 0, 'avg_response_time': np.float64(0.027750775499163934), 'max_response_time': np.float64(0.12462925910949707), 'min_response_time': np.float64(0.005402565002441406)}
2026-07-28 05:14:05,218 | INFO     | [CSVQueue] Enqueuing write for data_base/csv/iq_option\GBPUSD-OTC\GBPUSD-OTC_M1.csv - Queue size: 0
2026-07-28 05:14:05,219 | INFO     | [DataAdapter] M1 data refresh completed for GBPUSD-OTC
2026-07-28 05:14:05,219 | INFO     | [DataAdapter] Refreshing M5 data for GBPUSD-OTC
2026-07-28 05:14:05,228 | INFO     | [DataAdapter] M5 anomaly detection completed for GBPUSD-OTC
2026-07-28 05:14:05,229 | INFO     | [DataAdapter] M5 data refresh completed for GBPUSD-OTC
2026-07-28 05:14:05,228 | INFO     | [IQOPTION] REST fetch succeeded for EURGBP-OTC: 3 candles
2026-07-28 05:14:05,229 | INFO     | [DataAdapter] Refreshing M15 data for GBPUSD-OTC
2026-07-28 05:14:05,255 | INFO     | [CSVWriter] Successfully wrote 117 rows to data_base/csv/iq_option\EURUSD-OTC\EURUSD-OTC_M1.csv
2026-07-28 05:14:05,262 | INFO     | [CSVQueue] Successfully processed write for data_base/csv/iq_option\EURUSD-OTC\EURUSD-OTC_M1.csv
2026-07-28 05:14:05,278 | INFO     | [DataAdapter] M1 anomaly detection completed for EURGBP-OTC in 0.021s
2026-07-28 05:14:05,279 | INFO     | [CSVQueue] Processing write for data_base/csv/iq_option\GBPUSD-OTC\GBPUSD-OTC_M1.csv
2026-07-28 05:14:05,280 | INFO     | [DataAdapter] M15 anomaly detection completed for GBPUSD-OTC
2026-07-28 05:14:05,284 | INFO     | [CSVWriter] Writing 99 rows to data_base/csv/iq_option\GBPUSD-OTC\GBPUSD-OTC_M1.csv
2026-07-28 05:14:05,285 | INFO     | [DataAdapter] M15 data refresh completed for GBPUSD-OTC
2026-07-28 05:14:05,289 | INFO     | [DataAdapter] Anomaly statistics for GBPUSD-OTC: {'total_calls': 54, 'response_times': [0.03267025947570801, 0.03391909599304199, 0.006999492645263672, 0.019204378128051758, 0.010622262954711914, 0.005402565002441406, 0.019014835357666016, 0.08554816246032715, 0.006896495819091797, 0.013011932373046875, 0.006913423538208008, 0.016666889190673828, 0.012653112411499023, 0.046982526779174805, 0.0069997310638427734, 0.013000011444091797, 0.04003310203552246, 0.0066754817962646484, 0.013006448745727539, 0.09851288795471191, 0.006525516510009766, 0.020686626434326172, 0.12462925910949707, 0.007510185241699219, 0.03896355628967285, 0.03139209747314453, 0.018968820571899414, 0.02902984619140625, 0.0335848331451416, 0.012201547622680664, 0.01901078224182129, 0.006000041961669922, 0.008504152297973633, 0.05174612998962402, 0.018063068389892578, 0.007004261016845703, 0.0771036148071289, 0.03151535987854004, 0.007001399993896484, 0.013511419296264648, 0.01882767677307129, 0.026665925979614258, 0.0480799674987793, 0.0509181022644043, 0.0060138702392578125, 0.03309202194213867, 0.0336453914642334, 0.010323762893676758, 0.013509273529052734, 0.0975496768951416, 0.00599217414855957, 0.0068280696868896484, 0.06165957450866699, 0.02061319351196289], 'spike_count': 0, 'zero_volume_count': 0, 'impossible_candle_count': 0, 'consecutive_anomalies': 0, 'avg_response_time': np.float64(0.027618598054956506), 'max_response_time': np.float64(0.12462925910949707), 'min_response_time': np.float64(0.005402565002441406)}
2026-07-28 05:14:05,290 | INFO     | [CSVQueue] Enqueuing write for data_base/csv/iq_option\EURGBP-OTC\EURGBP-OTC_M1.csv - Queue size: 0
2026-07-28 05:14:05,291 | INFO     | [DataAdapter] M1 data refresh completed for EURGBP-OTC
2026-07-28 05:14:05,291 | INFO     | [DataAdapter] Refreshing M5 data for EURGBP-OTC
2026-07-28 05:14:05,302 | INFO     | [DataAdapter] M5 anomaly detection completed for EURGBP-OTC
2026-07-28 05:14:05,304 | INFO     | [DataAdapter] M5 data refresh completed for EURGBP-OTC
2026-07-28 05:14:05,304 | INFO     | [DataAdapter] Refreshing M15 data for EURGBP-OTC
2026-07-28 05:14:05,328 | INFO     | [DataAdapter] M15 anomaly detection completed for EURGBP-OTC
2026-07-28 05:14:05,331 | INFO     | [DataAdapter] M15 data refresh completed for EURGBP-OTC
2026-07-28 05:14:05,333 | INFO     | [DataAdapter] Anomaly statistics for EURGBP-OTC: {'total_calls': 54, 'response_times': [0.03267025947570801, 0.03391909599304199, 0.006999492645263672, 0.019204378128051758, 0.010622262954711914, 0.005402565002441406, 0.019014835357666016, 0.08554816246032715, 0.006896495819091797, 0.013011932373046875, 0.006913423538208008, 0.016666889190673828, 0.012653112411499023, 0.046982526779174805, 0.0069997310638427734, 0.013000011444091797, 0.04003310203552246, 0.0066754817962646484, 0.013006448745727539, 0.09851288795471191, 0.006525516510009766, 0.020686626434326172, 0.12462925910949707, 0.007510185241699219, 0.03896355628967285, 0.03139209747314453, 0.018968820571899414, 0.02902984619140625, 0.0335848331451416, 0.012201547622680664, 0.01901078224182129, 0.006000041961669922, 0.008504152297973633, 0.05174612998962402, 0.018063068389892578, 0.007004261016845703, 0.0771036148071289, 0.03151535987854004, 0.007001399993896484, 0.013511419296264648, 0.01882767677307129, 0.026665925979614258, 0.0480799674987793, 0.0509181022644043, 0.0060138702392578125, 0.03309202194213867, 0.0336453914642334, 0.010323762893676758, 0.013509273529052734, 0.0975496768951416, 0.00599217414855957, 0.0068280696868896484, 0.06165957450866699, 0.02061319351196289], 'spike_count': 0, 'zero_volume_count': 0, 'impossible_candle_count': 0, 'consecutive_anomalies': 0, 'avg_response_time': np.float64(0.027618598054956506), 'max_response_time': np.float64(0.12462925910949707), 'min_response_time': np.float64(0.005402565002441406)}
2026-07-28 05:14:05,329 | INFO     | [CSVWriter] Successfully wrote 117 rows to data_base/csv/iq_option\GBPUSD-OTC\GBPUSD-OTC_M1.csv
2026-07-28 05:14:05,337 | INFO     | [CSVQueue] Successfully processed write for data_base/csv/iq_option\GBPUSD-OTC\GBPUSD-OTC_M1.csv
2026-07-28 05:14:05,337 | INFO     | [CSVQueue] Processing write for data_base/csv/iq_option\EURGBP-OTC\EURGBP-OTC_M1.csv
2026-07-28 05:14:05,337 | INFO     | [CSVWriter] Writing 99 rows to data_base/csv/iq_option\EURGBP-OTC\EURGBP-OTC_M1.csv
2026-07-28 05:14:05,347 | ERROR    | Error getting future result for EURUSD
Traceback (most recent call last):
  File "C:\Users\BUSOLOVE\AppData\Local\Programs\Python\Python312\Lib\site-packages\pandas\core\indexes\base.py", line 3641, in get_loc
    return self._engine.get_loc(casted_key)
           ^^^^^^^^^^^^^^^^^^^^^^^^^^^^^^^^
  File "pandas/_libs/index.pyx", line 168, in pandas._libs.index.IndexEngine.get_loc
  File "pandas/_libs/index.pyx", line 197, in pandas._libs.index.IndexEngine.get_loc
  File "pandas/_libs/hashtable_class_helper.pxi", line 7668, in pandas._libs.hashtable.PyObjectHashTable.get_item
  File "pandas/_libs/hashtable_class_helper.pxi", line 7676, in pandas._libs.hashtable.PyObjectHashTable.get_item
KeyError: 'zero_volume_detected'

The above exception was the direct cause of the following exception:

Traceback (most recent call last):
  File "E:\BOT_FINALBOT\FINALBOT_Begin\data_feed\data_adapter.py", line 266, in _refresh_m1
    completed = self._anomaly_detector.detect_anomalies(completed, symbol)
                ^^^^^^^^^^^^^^^^^^^^^^^^^^^^^^^^^^^^^^^^^^^^^^^^^^^^^^^^^^
  File "E:\BOT_FINALBOT\FINALBOT_Begin\data_feed\anomaly_detector.py", line 251, in detect_anomalies
    result_df = self.detect_zero_volume(result_df, symbol)
                ^^^^^^^^^^^^^^^^^^^^^^^^^^^^^^^^^^^^^^^^^^
  File "E:\BOT_FINALBOT\FINALBOT_Begin\data_feed\anomaly_detector.py", line 164, in detect_zero_volume
    df['zero_volume_streak'] = (df['zero_volume_detected'] == True).cumsum()
                                ~~^^^^^^^^^^^^^^^^^^^^^^^^
  File "C:\Users\BUSOLOVE\AppData\Local\Programs\Python\Python312\Lib\site-packages\pandas\core\frame.py", line 4378, in __getitem__
    indexer = self.columns.get_loc(key)
              ^^^^^^^^^^^^^^^^^^^^^^^^^
  File "C:\Users\BUSOLOVE\AppData\Local\Programs\Python\Python312\Lib\site-packages\pandas\core\indexes\base.py", line 3648, in get_loc
    raise KeyError(key) from err
KeyError: 'zero_volume_detected'

During handling of the above exception, another exception occurred:

Traceback (most recent call last):
  File "E:\BOT_FINALBOT\FINALBOT_Begin\data_feed\data_adapter.py", line 180, in update
    completed_m1 = self._refresh_m1(symbol, now_naive)
                   ^^^^^^^^^^^^^^^^^^^^^^^^^^^^^^^^^^^
  File "E:\BOT_FINALBOT\FINALBOT_Begin\data_feed\data_adapter.py", line 280, in _refresh_m1
    raise RuntimeError(f"Zero Tolerance: Anomaly detection failed for {symbol}: {e}")
RuntimeError: Zero Tolerance: Anomaly detection failed for EURUSD: 'zero_volume_detected'

During handling of the above exception, another exception occurred:

Traceback (most recent call last):
  File "E:\BOT_FINALBOT\FINALBOT_Begin\runner.py", line 246, in run_cycle
    result_val = sym_futures[sym].result()
                 ^^^^^^^^^^^^^^^^^^^^^^^^^
  File "C:\Users\BUSOLOVE\AppData\Local\Programs\Python\Python312\Lib\concurrent\futures\_base.py", line 449, in result
    return self.__get_result()
           ^^^^^^^^^^^^^^^^^^^
  File "C:\Users\BUSOLOVE\AppData\Local\Programs\Python\Python312\Lib\concurrent\futures\_base.py", line 401, in __get_result
    raise self._exception
  File "C:\Users\BUSOLOVE\AppData\Local\Programs\Python\Python312\Lib\concurrent\futures\thread.py", line 58, in run
    result = self.fn(*self.args, **self.kwargs)
             ^^^^^^^^^^^^^^^^^^^^^^^^^^^^^^^^^^
  File "E:\BOT_FINALBOT\FINALBOT_Begin\runner.py", line 153, in fetch_and_save_data
    return self.candle_adapter.update(symbol, broker_epoch=broker_epoch)
           ^^^^^^^^^^^^^^^^^^^^^^^^^^^^^^^^^^^^^^^^^^^^^^^^^^^^^^^^^^^^^
  File "E:\BOT_FINALBOT\FINALBOT_Begin\data_feed\data_adapter.py", line 237, in update
    raise Exception(f"Zero Tolerance: update failed for {symbol}: {e}")
Exception: Zero Tolerance: update failed for EURUSD: Zero Tolerance: Anomaly detection failed for EURUSD: 'zero_volume_detected'
2026-07-28 05:14:05,379 | INFO     | [CSVWriter] Successfully wrote 117 rows to data_base/csv/iq_option\EURGBP-OTC\EURGBP-OTC_M1.csv
2026-07-28 05:14:05,379 | INFO     | [CSVQueue] Successfully processed write for data_base/csv/iq_option\EURGBP-OTC\EURGBP-OTC_M1.csv
2026-07-28 05:14:05,379 | INFO     | [CSVQueue] Queue size: 0
2026-07-28 05:14:05,390 | ERROR    | Orchestrator failed for EURUSD-OTC
Traceback (most recent call last):
  File "E:\BOT_FINALBOT\FINALBOT_Begin\runner.py", line 263, in run_cycle
    self.orchestrator.process_cycle(sym)
  File "E:\BOT_FINALBOT\FINALBOT_Begin\data_evaluate\orchestrator.py", line 180, in process_cycle
    raise ValueError(f"FAIL-FAST: Insufficient {tf} warm-up candles (minimum {min_req} required)")
ValueError: FAIL-FAST: Insufficient M1 warm-up candles (minimum 250 required)
2026-07-28 05:14:05,417 | ERROR    | Orchestrator failed for GBPUSD-OTC
Traceback (most recent call last):
  File "E:\BOT_FINALBOT\FINALBOT_Begin\runner.py", line 263, in run_cycle
    self.orchestrator.process_cycle(sym)
  File "E:\BOT_FINALBOT\FINALBOT_Begin\data_evaluate\orchestrator.py", line 180, in process_cycle
    raise ValueError(f"FAIL-FAST: Insufficient {tf} warm-up candles (minimum {min_req} required)")
ValueError: FAIL-FAST: Insufficient M1 warm-up candles (minimum 250 required)
2026-07-28 05:14:05,444 | ERROR    | Orchestrator failed for EURGBP-OTC
Traceback (most recent call last):
  File "E:\BOT_FINALBOT\FINALBOT_Begin\runner.py", line 263, in run_cycle
    self.orchestrator.process_cycle(sym)
  File "E:\BOT_FINALBOT\FINALBOT_Begin\data_evaluate\orchestrator.py", line 180, in process_cycle
    raise ValueError(f"FAIL-FAST: Insufficient {tf} warm-up candles (minimum {min_req} required)")
ValueError: FAIL-FAST: Insufficient M1 warm-up candles (minimum 250 required)
2026-07-28 05:14:05,450 | INFO     | [EURUSD-OTC:1.14549][GBPUSD-OTC:1.33604][EURGBP-OTC:0.85725] :: TOTAL=$1453.95
