2026-07-29 06:46:07,983 | INFO     | [NEWS] Calendar file for today (2026-07-29) not found. Running calendar_news.py...
2026-07-29 06:46:11,370 | INFO     | [NEWS] calendar_news.py executed successfully.
2026-07-29 06:46:11,370 | INFO     | ดาวน์โหลดปฏิทินข่าวประจำวัน (2026-07-29) : สำเร็จเรียบร้อย
2026-07-29 06:46:11,566 | INFO     | [ANOMALY] Initialized with thresholds: {'spike_threshold': 0.3, 'zero_volume_threshold': 0, 'impossible_candle_threshold': 0.001, 'spike_window': 20, 'max_consecutive_zero_volume': 3, 'max_consecutive_anomalies': 10}, dir: E:\BOT_FINALBOT\FINALBOT_Begin\all_filelogs\anomaly_logs
2026-07-29 06:46:11,567 | INFO     | MarketStateClassifier initialised
2026-07-29 06:46:11,569 | INFO     | กำลังเชื่อมต่อโบรกเกอร์  | IQ Option
2026-07-29 06:46:11,569 | INFO     | [IQOPTION] Initialized with Zero Tolerance compliance
2026-07-29 06:46:11,632 | INFO     | Using stable_api.IQ_Option class
2026-07-29 06:46:11,632 | INFO     | [CONN] Connecting to IQ Option (DEMO) as venuz20152565@gmail.com...
2026-07-29 06:46:11,632 | INFO     | [CONN] API created, attempting to connect...
2026-07-29 06:46:14,166 | INFO     | [CONN] IQ Option connected (REAL MONEY)
2026-07-29 06:46:14,166 | INFO     | เชื่อมต่อ IQ Option สำเร็จ
2026-07-29 06:46:14,166 | INFO     | [CSVManager] Initialized with base_dir: data_base/csv/iq_option
2026-07-29 06:46:14,166 | INFO     | [CSVWriter] Initialized with encoding: utf-8, decimals: 6
2026-07-29 06:46:14,167 | INFO     | [CSVQueue] Initialized with 1 worker(s)
2026-07-29 06:46:14,167 | INFO     | [DataMonitor] Initialized with log level: WARNING
2026-07-29 06:46:14,167 | INFO     | [DataAdapter] Initialized with Zero Tolerance compliance
2026-07-29 06:46:14,167 | INFO     | [CandleValidator] Initialized with validation configuration
2026-07-29 06:46:14,167 | INFO     | [DataAdapter] Initialized with configuration
2026-07-29 06:46:14,551 | INFO     | บัญชี DEMO | Balance: $1453.95
2026-07-29 06:46:14,551 | INFO     | [TIME SYNC] Server time offset: -2.066999912261963 seconds
2026-07-29 06:46:14,551 | INFO     | Time Sync : -2.067s
2026-07-29 06:46:14,552 | INFO     | [TIME SYNC] Started time sync daemon thread (scheduled at :30 of every minute)
2026-07-29 06:46:14,552 | INFO     | ตรวจพบรายการสินทรัพย์ : EURUSD, EURGBP, GBPUSD-OTC, EURGBP-OTC
2026-07-29 06:46:14,552 | INFO     | กำลังเตรียมข้อมูลสินทรัพย์ 4 รายการ : EURUSD, EURGBP, GBPUSD-OTC, EURGBP-OTC
2026-07-29 06:46:14,862 | INFO     | [IQOPTION] REST fetch succeeded for EURUSD: 100 candles
2026-07-29 06:46:15,289 | INFO     | [IQOPTION] REST fetch succeeded for EURUSD: 250 candles
2026-07-29 06:46:15,563 | INFO     | [IQOPTION] REST fetch succeeded for EURUSD: 50 candles
2026-07-29 06:46:15,578 | INFO     | [CSVQueue] Enqueuing write for data_base/csv/iq_option\EURUSD\EURUSD_M1.csv - Queue size: 0
2026-07-29 06:46:15,579 | INFO     | [CSVQueue] Processing write for data_base/csv/iq_option\EURUSD\EURUSD_M1.csv
2026-07-29 06:46:15,580 | INFO     | [CSVWriter] Writing 100 rows to data_base/csv/iq_option\EURUSD\EURUSD_M1.csv
2026-07-29 06:46:15,580 | INFO     | [CSVQueue] Enqueuing write for data_base/csv/iq_option\EURUSD\EURUSD_M5.csv - Queue size: 0
2026-07-29 06:46:15,583 | INFO     | [CSVQueue] Enqueuing write for data_base/csv/iq_option\EURUSD\EURUSD_M15.csv - Queue size: 1
2026-07-29 06:46:15,583 | INFO     | [DataAdapter] EURUSD initialised — M1:100 M5:250 M15:50
2026-07-29 06:46:15,848 | INFO     | [IQOPTION] REST fetch succeeded for EURGBP: 100 candles
2026-07-29 06:46:15,949 | INFO     | [CSVWriter] Successfully wrote 127 rows to data_base/csv/iq_option\EURUSD\EURUSD_M1.csv
2026-07-29 06:46:15,964 | INFO     | [CSVQueue] Successfully processed write for data_base/csv/iq_option\EURUSD\EURUSD_M1.csv
2026-07-29 06:46:15,981 | INFO     | [CSVQueue] Processing write for data_base/csv/iq_option\EURUSD\EURUSD_M5.csv
2026-07-29 06:46:16,042 | INFO     | [CSVWriter] Writing 250 rows to data_base/csv/iq_option\EURUSD\EURUSD_M5.csv
2026-07-29 06:46:16,159 | INFO     | [IQOPTION] REST fetch succeeded for EURGBP: 250 candles
2026-07-29 06:46:16,404 | INFO     | [IQOPTION] REST fetch succeeded for EURGBP: 50 candles
2026-07-29 06:46:16,436 | INFO     | [CSVWriter] Successfully wrote 255 rows to data_base/csv/iq_option\EURUSD\EURUSD_M5.csv
2026-07-29 06:46:16,436 | INFO     | [CSVQueue] Successfully processed write for data_base/csv/iq_option\EURUSD\EURUSD_M5.csv
2026-07-29 06:46:16,436 | INFO     | [CSVQueue] Processing write for data_base/csv/iq_option\EURUSD\EURUSD_M15.csv
2026-07-29 06:46:16,437 | INFO     | [CSVQueue] Enqueuing write for data_base/csv/iq_option\EURGBP\EURGBP_M1.csv - Queue size: 0
2026-07-29 06:46:16,437 | INFO     | [CSVWriter] Writing 50 rows to data_base/csv/iq_option\EURUSD\EURUSD_M15.csv
2026-07-29 06:46:16,440 | INFO     | [CSVQueue] Enqueuing write for data_base/csv/iq_option\EURGBP\EURGBP_M5.csv - Queue size: 1
2026-07-29 06:46:16,444 | INFO     | [CSVQueue] Enqueuing write for data_base/csv/iq_option\EURGBP\EURGBP_M15.csv - Queue size: 2
2026-07-29 06:46:16,445 | INFO     | [DataAdapter] EURGBP initialised — M1:100 M5:250 M15:50
2026-07-29 06:46:16,460 | INFO     | [CSVWriter] Successfully wrote 51 rows to data_base/csv/iq_option\EURUSD\EURUSD_M15.csv
2026-07-29 06:46:16,476 | INFO     | [CSVQueue] Successfully processed write for data_base/csv/iq_option\EURUSD\EURUSD_M15.csv
2026-07-29 06:46:16,491 | INFO     | [CSVQueue] Processing write for data_base/csv/iq_option\EURGBP\EURGBP_M1.csv
2026-07-29 06:46:16,554 | INFO     | [CSVWriter] Writing 100 rows to data_base/csv/iq_option\EURGBP\EURGBP_M1.csv
2026-07-29 06:46:16,683 | INFO     | [IQOPTION] REST fetch succeeded for GBPUSD-OTC: 100 candles
2026-07-29 06:46:16,820 | INFO     | [CSVWriter] Successfully wrote 127 rows to data_base/csv/iq_option\EURGBP\EURGBP_M1.csv
2026-07-29 06:46:16,836 | INFO     | [CSVQueue] Successfully processed write for data_base/csv/iq_option\EURGBP\EURGBP_M1.csv
2026-07-29 06:46:16,852 | INFO     | [CSVQueue] Processing write for data_base/csv/iq_option\EURGBP\EURGBP_M5.csv
2026-07-29 06:46:16,946 | INFO     | [CSVWriter] Writing 250 rows to data_base/csv/iq_option\EURGBP\EURGBP_M5.csv
2026-07-29 06:46:16,985 | INFO     | [IQOPTION] REST fetch succeeded for GBPUSD-OTC: 250 candles
2026-07-29 06:46:17,276 | INFO     | [CSVWriter] Successfully wrote 255 rows to data_base/csv/iq_option\EURGBP\EURGBP_M5.csv
2026-07-29 06:46:17,277 | INFO     | [IQOPTION] REST fetch succeeded for GBPUSD-OTC: 50 candles
2026-07-29 06:46:17,277 | INFO     | [CSVQueue] Successfully processed write for data_base/csv/iq_option\EURGBP\EURGBP_M5.csv
2026-07-29 06:46:17,292 | INFO     | [CSVQueue] Processing write for data_base/csv/iq_option\EURGBP\EURGBP_M15.csv
2026-07-29 06:46:17,293 | INFO     | [CSVWriter] Writing 50 rows to data_base/csv/iq_option\EURGBP\EURGBP_M15.csv
2026-07-29 06:46:17,294 | INFO     | [CSVQueue] Enqueuing write for data_base/csv/iq_option\GBPUSD-OTC\GBPUSD-OTC_M1.csv - Queue size: 0
2026-07-29 06:46:17,296 | INFO     | [CSVQueue] Enqueuing write for data_base/csv/iq_option\GBPUSD-OTC\GBPUSD-OTC_M5.csv - Queue size: 1
2026-07-29 06:46:17,298 | INFO     | [CSVQueue] Enqueuing write for data_base/csv/iq_option\GBPUSD-OTC\GBPUSD-OTC_M15.csv - Queue size: 2
2026-07-29 06:46:17,298 | INFO     | [DataAdapter] GBPUSD-OTC initialised — M1:100 M5:250 M15:50
2026-07-29 06:46:17,319 | INFO     | [CSVWriter] Successfully wrote 51 rows to data_base/csv/iq_option\EURGBP\EURGBP_M15.csv
2026-07-29 06:46:17,335 | INFO     | [CSVQueue] Successfully processed write for data_base/csv/iq_option\EURGBP\EURGBP_M15.csv
2026-07-29 06:46:17,350 | INFO     | [CSVQueue] Processing write for data_base/csv/iq_option\GBPUSD-OTC\GBPUSD-OTC_M1.csv
2026-07-29 06:46:17,413 | INFO     | [CSVWriter] Writing 100 rows to data_base/csv/iq_option\GBPUSD-OTC\GBPUSD-OTC_M1.csv
2026-07-29 06:46:17,561 | INFO     | [IQOPTION] REST fetch succeeded for EURGBP-OTC: 100 candles
2026-07-29 06:46:17,679 | INFO     | [CSVWriter] Successfully wrote 127 rows to data_base/csv/iq_option\GBPUSD-OTC\GBPUSD-OTC_M1.csv
2026-07-29 06:46:17,694 | INFO     | [CSVQueue] Successfully processed write for data_base/csv/iq_option\GBPUSD-OTC\GBPUSD-OTC_M1.csv
2026-07-29 06:46:17,710 | INFO     | [CSVQueue] Processing write for data_base/csv/iq_option\GBPUSD-OTC\GBPUSD-OTC_M5.csv
2026-07-29 06:46:17,771 | INFO     | [CSVWriter] Writing 250 rows to data_base/csv/iq_option\GBPUSD-OTC\GBPUSD-OTC_M5.csv
2026-07-29 06:46:17,845 | INFO     | [IQOPTION] REST fetch succeeded for EURGBP-OTC: 250 candles
2026-07-29 06:46:18,050 | INFO     | [CSVWriter] Successfully wrote 255 rows to data_base/csv/iq_option\GBPUSD-OTC\GBPUSD-OTC_M5.csv
2026-07-29 06:46:18,065 | INFO     | [CSVQueue] Successfully processed write for data_base/csv/iq_option\GBPUSD-OTC\GBPUSD-OTC_M5.csv
2026-07-29 06:46:18,096 | INFO     | [CSVQueue] Processing write for data_base/csv/iq_option\GBPUSD-OTC\GBPUSD-OTC_M15.csv
2026-07-29 06:46:18,118 | INFO     | [IQOPTION] REST fetch succeeded for EURGBP-OTC: 50 candles
2026-07-29 06:46:18,119 | INFO     | [CSVWriter] Writing 50 rows to data_base/csv/iq_option\GBPUSD-OTC\GBPUSD-OTC_M15.csv
2026-07-29 06:46:18,150 | INFO     | [CSVQueue] Enqueuing write for data_base/csv/iq_option\EURGBP-OTC\EURGBP-OTC_M1.csv - Queue size: 0
2026-07-29 06:46:18,155 | INFO     | [CSVQueue] Enqueuing write for data_base/csv/iq_option\EURGBP-OTC\EURGBP-OTC_M5.csv - Queue size: 1
2026-07-29 06:46:18,156 | INFO     | [CSVQueue] Enqueuing write for data_base/csv/iq_option\EURGBP-OTC\EURGBP-OTC_M15.csv - Queue size: 2
2026-07-29 06:46:18,156 | INFO     | [CSVWriter] Successfully wrote 51 rows to data_base/csv/iq_option\GBPUSD-OTC\GBPUSD-OTC_M15.csv
2026-07-29 06:46:18,157 | INFO     | [DataAdapter] EURGBP-OTC initialised — M1:100 M5:250 M15:50
2026-07-29 06:46:18,158 | INFO     | [CSVQueue] Successfully processed write for data_base/csv/iq_option\GBPUSD-OTC\GBPUSD-OTC_M15.csv
2026-07-29 06:46:18,158 | INFO     | ข้อมูลพร้อมเทรด 4 รายการ  ไม่พร้อมเทรด 0 รายการ
2026-07-29 06:46:18,158 | INFO     | [CSVQueue] Processing write for data_base/csv/iq_option\EURGBP-OTC\EURGBP-OTC_M1.csv
2026-07-29 06:46:18,174 | INFO     | [CSVWriter] Writing 100 rows to data_base/csv/iq_option\EURGBP-OTC\EURGBP-OTC_M1.csv
2026-07-29 06:46:18,417 | INFO     | [CSVWriter] Successfully wrote 127 rows to data_base/csv/iq_option\EURGBP-OTC\EURGBP-OTC_M1.csv
2026-07-29 06:46:18,417 | INFO     | [CSVQueue] Successfully processed write for data_base/csv/iq_option\EURGBP-OTC\EURGBP-OTC_M1.csv
2026-07-29 06:46:18,418 | INFO     | [CSVQueue] Processing write for data_base/csv/iq_option\EURGBP-OTC\EURGBP-OTC_M5.csv
2026-07-29 06:46:18,418 | INFO     | [CSVWriter] Writing 250 rows to data_base/csv/iq_option\EURGBP-OTC\EURGBP-OTC_M5.csv
2026-07-29 06:46:18,429 | INFO     | [CSVWriter] Successfully wrote 255 rows to data_base/csv/iq_option\EURGBP-OTC\EURGBP-OTC_M5.csv
2026-07-29 06:46:18,429 | INFO     | [CSVQueue] Successfully processed write for data_base/csv/iq_option\EURGBP-OTC\EURGBP-OTC_M5.csv
2026-07-29 06:46:18,429 | INFO     | [CSVQueue] Processing write for data_base/csv/iq_option\EURGBP-OTC\EURGBP-OTC_M15.csv
2026-07-29 06:46:18,430 | INFO     | [CSVWriter] Writing 50 rows to data_base/csv/iq_option\EURGBP-OTC\EURGBP-OTC_M15.csv
2026-07-29 06:46:18,437 | INFO     | [CSVWriter] Successfully wrote 51 rows to data_base/csv/iq_option\EURGBP-OTC\EURGBP-OTC_M15.csv
2026-07-29 06:46:18,437 | INFO     | [CSVQueue] Successfully processed write for data_base/csv/iq_option\EURGBP-OTC\EURGBP-OTC_M15.csv
2026-07-29 06:46:18,437 | INFO     | [CSVQueue] Queue size: 0
2026-07-29 06:46:19,414 | INFO     | [WS] Subscribed live candles stream for EURUSD (M1, count=100)
2026-07-29 06:46:20,721 | INFO     | [WS] Subscribed live candles stream for EURUSD (M5, count=250)
2026-07-29 06:46:22,019 | INFO     | [WS] Subscribed live candles stream for EURGBP (M1, count=100)
2026-07-29 06:46:23,339 | INFO     | [WS] Subscribed live candles stream for EURGBP (M5, count=250)
2026-07-29 06:46:24,628 | INFO     | [WS] Subscribed live candles stream for GBPUSD-OTC (M1, count=100)
2026-07-29 06:46:25,923 | INFO     | [WS] Subscribed live candles stream for GBPUSD-OTC (M5, count=250)
2026-07-29 06:46:28,217 | INFO     | [WS] Subscribed live candles stream for EURGBP-OTC (M1, count=100)
2026-07-29 06:46:29,601 | INFO     | [WS] Subscribed live candles stream for EURGBP-OTC (M5, count=250)
2026-07-29 06:46:29,601 | INFO     | เข้าสู่การวิเคราะห์สัญญาณในอีก 32 วินาที  (เริ่ม 06:47:01)
2026-07-29 06:46:29,873 | INFO     | [DataAdapter] Starting update for EURUSD
2026-07-29 06:46:29,873 | INFO     | [DataAdapter] Refreshing M1 data for EURUSD
2026-07-29 06:46:29,873 | INFO     | [DataAdapter] Starting update for EURGBP
2026-07-29 06:46:29,873 | INFO     | [DataAdapter] Refreshing M1 data for EURGBP
2026-07-29 06:46:29,873 | INFO     | [DataAdapter] Starting update for GBPUSD-OTC
2026-07-29 06:46:29,874 | INFO     | [DataAdapter] Refreshing M1 data for GBPUSD-OTC
2026-07-29 06:46:29,874 | INFO     | [DataAdapter] Starting update for EURGBP-OTC
2026-07-29 06:46:29,874 | INFO     | [DataAdapter] Refreshing M1 data for EURGBP-OTC
2026-07-29 06:46:30,103 | INFO     | [IQOPTION] REST fetch succeeded for EURUSD: 3 candles
2026-07-29 06:46:30,227 | INFO     | [CSVQueue] Enqueuing write for data_base/csv/iq_option\EURUSD\EURUSD_M1.csv - Queue size: 0
2026-07-29 06:46:30,243 | INFO     | [DataAdapter] M1 data refresh completed for EURUSD
2026-07-29 06:46:30,258 | INFO     | [CSVQueue] Processing write for data_base/csv/iq_option\EURUSD\EURUSD_M1.csv
2026-07-29 06:46:30,258 | INFO     | [DataAdapter] Refreshing M5 data for EURUSD
2026-07-29 06:46:30,304 | INFO     | [CSVWriter] Writing 99 rows to data_base/csv/iq_option\EURUSD\EURUSD_M1.csv
2026-07-29 06:46:30,305 | INFO     | [DataAdapter] M5 data refresh completed for EURUSD
2026-07-29 06:46:30,367 | INFO     | [DataAdapter] Refreshing M15 data for EURUSD
2026-07-29 06:46:30,383 | INFO     | [DataAdapter] M15 data refresh completed for EURUSD
2026-07-29 06:46:30,476 | INFO     | [IQOPTION] REST fetch succeeded for EURGBP: 3 candles
2026-07-29 06:46:30,614 | INFO     | [CSVQueue] Enqueuing write for data_base/csv/iq_option\EURGBP\EURGBP_M1.csv - Queue size: 0
2026-07-29 06:46:30,632 | INFO     | [TIME SYNC] Server time offset: -1.8949999809265137 seconds
2026-07-29 06:46:30,632 | INFO     | [DataAdapter] M1 data refresh completed for EURGBP
2026-07-29 06:46:30,645 | INFO     | Time Sync : -1.895s
2026-07-29 06:46:30,674 | INFO     | [DataAdapter] Refreshing M5 data for EURGBP
2026-07-29 06:46:30,705 | INFO     | [DataAdapter] M5 data refresh completed for EURGBP
2026-07-29 06:46:30,721 | INFO     | [DataAdapter] Refreshing M15 data for EURGBP
2026-07-29 06:46:30,737 | INFO     | [DataAdapter] M15 data refresh completed for EURGBP
2026-07-29 06:46:30,752 | INFO     | [IQOPTION] REST fetch succeeded for GBPUSD-OTC: 3 candles
2026-07-29 06:46:30,844 | INFO     | [CSVWriter] Successfully wrote 127 rows to data_base/csv/iq_option\EURUSD\EURUSD_M1.csv
2026-07-29 06:46:30,848 | INFO     | [CSVQueue] Successfully processed write for data_base/csv/iq_option\EURUSD\EURUSD_M1.csv
2026-07-29 06:46:30,859 | INFO     | [CSVQueue] Processing write for data_base/csv/iq_option\EURGBP\EURGBP_M1.csv
2026-07-29 06:46:30,890 | INFO     | [CSVWriter] Writing 99 rows to data_base/csv/iq_option\EURGBP\EURGBP_M1.csv
2026-07-29 06:46:30,971 | INFO     | [IQOPTION] REST fetch succeeded for EURGBP-OTC: 3 candles
2026-07-29 06:46:30,996 | INFO     | [CSVQueue] Enqueuing write for data_base/csv/iq_option\GBPUSD-OTC\GBPUSD-OTC_M1.csv - Queue size: 0
2026-07-29 06:46:30,997 | INFO     | [DataAdapter] M1 data refresh completed for GBPUSD-OTC
2026-07-29 06:46:30,997 | INFO     | [DataAdapter] Refreshing M5 data for GBPUSD-OTC
2026-07-29 06:46:31,001 | INFO     | [CSVQueue] Enqueuing write for data_base/csv/iq_option\EURGBP-OTC\EURGBP-OTC_M1.csv - Queue size: 1
2026-07-29 06:46:31,001 | INFO     | [DataAdapter] M5 data refresh completed for GBPUSD-OTC
2026-07-29 06:46:31,002 | INFO     | [DataAdapter] Refreshing M15 data for GBPUSD-OTC
2026-07-29 06:46:31,004 | INFO     | [DataAdapter] M15 data refresh completed for GBPUSD-OTC
2026-07-29 06:46:31,004 | INFO     | [CSVWriter] Successfully wrote 127 rows to data_base/csv/iq_option\EURGBP\EURGBP_M1.csv
2026-07-29 06:46:31,002 | INFO     | [DataAdapter] M1 data refresh completed for EURGBP-OTC
2026-07-29 06:46:31,005 | INFO     | [CSVQueue] Successfully processed write for data_base/csv/iq_option\EURGBP\EURGBP_M1.csv
2026-07-29 06:46:31,005 | INFO     | [DataAdapter] Refreshing M5 data for EURGBP-OTC
2026-07-29 06:46:31,005 | INFO     | [CSVQueue] Processing write for data_base/csv/iq_option\GBPUSD-OTC\GBPUSD-OTC_M1.csv
2026-07-29 06:46:31,006 | INFO     | [DataAdapter] M5 data refresh completed for EURGBP-OTC
2026-07-29 06:46:31,007 | INFO     | [DataAdapter] Refreshing M15 data for EURGBP-OTC
2026-07-29 06:46:31,007 | INFO     | [DataAdapter] M15 data refresh completed for EURGBP-OTC
2026-07-29 06:46:31,007 | INFO     | [CSVWriter] Writing 99 rows to data_base/csv/iq_option\GBPUSD-OTC\GBPUSD-OTC_M1.csv
2026-07-29 06:46:31,039 | INFO     | [CSVWriter] Successfully wrote 127 rows to data_base/csv/iq_option\GBPUSD-OTC\GBPUSD-OTC_M1.csv
2026-07-29 06:46:31,040 | INFO     | [CSVQueue] Successfully processed write for data_base/csv/iq_option\GBPUSD-OTC\GBPUSD-OTC_M1.csv
2026-07-29 06:46:31,040 | INFO     | [CSVQueue] Processing write for data_base/csv/iq_option\EURGBP-OTC\EURGBP-OTC_M1.csv
2026-07-29 06:46:31,040 | INFO     | [CSVWriter] Writing 99 rows to data_base/csv/iq_option\EURGBP-OTC\EURGBP-OTC_M1.csv
2026-07-29 06:46:31,074 | INFO     | [CSVWriter] Successfully wrote 127 rows to data_base/csv/iq_option\EURGBP-OTC\EURGBP-OTC_M1.csv
2026-07-29 06:46:31,074 | INFO     | [CSVQueue] Successfully processed write for data_base/csv/iq_option\EURGBP-OTC\EURGBP-OTC_M1.csv
2026-07-29 06:46:31,074 | INFO     | [CSVQueue] Queue size: 0
2026-07-29 06:46:31,253 | WARNING  | [ANOMALY] Price spike detected: UNKNOWN 2026-07-28 03:05:00 change: -0.0001
2026-07-29 06:46:31,253 | WARNING  | [ANOMALY] Price spike detected: UNKNOWN 2026-07-28 03:10:00 change: -0.0001
2026-07-29 06:46:31,254 | WARNING  | [ANOMALY] Price spike detected: UNKNOWN 2026-07-28 03:15:00 change: 0.0001
2026-07-29 06:46:31,254 | WARNING  | [ANOMALY] Price spike detected: UNKNOWN 2026-07-28 03:20:00 change: 0.0001
2026-07-29 06:46:31,254 | WARNING  | [ANOMALY] Price spike detected: UNKNOWN 2026-07-28 03:30:00 change: 0.0002
2026-07-29 06:46:31,254 | WARNING  | [ANOMALY] Price spike detected: UNKNOWN 2026-07-28 03:35:00 change: -0.0002
2026-07-29 06:46:31,254 | WARNING  | [ANOMALY] Price spike detected: UNKNOWN 2026-07-28 03:40:00 change: -0.0001
2026-07-29 06:46:31,254 | WARNING  | [ANOMALY] Price spike detected: UNKNOWN 2026-07-28 03:45:00 change: -0.0001
2026-07-29 06:46:31,254 | WARNING  | [ANOMALY] Price spike detected: UNKNOWN 2026-07-28 04:00:00 change: -0.0002
2026-07-29 06:46:31,255 | WARNING  | [ANOMALY] Price spike detected: UNKNOWN 2026-07-28 04:10:00 change: -0.0001
2026-07-29 06:46:31,255 | WARNING  | [ANOMALY] Price spike detected: UNKNOWN 2026-07-28 04:15:00 change: 0.0001
2026-07-29 06:46:31,255 | WARNING  | [ANOMALY] Price spike detected: UNKNOWN 2026-07-28 04:20:00 change: -0.0001
2026-07-29 06:46:31,255 | WARNING  | [ANOMALY] Price spike detected: UNKNOWN 2026-07-28 04:35:00 change: -0.0000
2026-07-29 06:46:31,255 | WARNING  | [ANOMALY] Price spike detected: UNKNOWN 2026-07-28 04:40:00 change: 0.0000
2026-07-29 06:46:31,255 | WARNING  | [ANOMALY] Price spike detected: UNKNOWN 2026-07-28 04:45:00 change: -0.0000
2026-07-29 06:46:31,255 | WARNING  | [ANOMALY] Price spike detected: UNKNOWN 2026-07-28 04:50:00 change: -0.0002
2026-07-29 06:46:31,256 | WARNING  | [ANOMALY] Price spike detected: UNKNOWN 2026-07-28 05:00:00 change: -0.0001
2026-07-29 06:46:31,256 | WARNING  | [ANOMALY] Price spike detected: UNKNOWN 2026-07-28 05:05:00 change: -0.0003
2026-07-29 06:46:31,256 | WARNING  | [ANOMALY] Price spike detected: UNKNOWN 2026-07-28 05:10:00 change: -0.0002
2026-07-29 06:46:31,256 | WARNING  | [ANOMALY] Price spike detected: UNKNOWN 2026-07-28 05:15:00 change: 0.0000
2026-07-29 06:46:31,256 | WARNING  | [ANOMALY] Price spike detected: UNKNOWN 2026-07-28 05:25:00 change: 0.0003
2026-07-29 06:46:31,256 | WARNING  | [ANOMALY] Price spike detected: UNKNOWN 2026-07-28 05:35:00 change: -0.0001
2026-07-29 06:46:31,256 | WARNING  | [ANOMALY] Price spike detected: UNKNOWN 2026-07-28 05:40:00 change: 0.0001
2026-07-29 06:46:31,257 | WARNING  | [ANOMALY] Price spike detected: UNKNOWN 2026-07-28 05:45:00 change: -0.0001
2026-07-29 06:46:31,257 | WARNING  | [ANOMALY] Price spike detected: UNKNOWN 2026-07-28 05:50:00 change: 0.0001
2026-07-29 06:46:31,257 | WARNING  | [ANOMALY] Price spike detected: UNKNOWN 2026-07-28 05:55:00 change: 0.0001
2026-07-29 06:46:31,257 | WARNING  | [ANOMALY] Price spike detected: UNKNOWN 2026-07-28 06:00:00 change: 0.0001
2026-07-29 06:46:31,257 | WARNING  | [ANOMALY] Price spike detected: UNKNOWN 2026-07-28 06:05:00 change: -0.0001
2026-07-29 06:46:31,258 | WARNING  | [ANOMALY] Price spike detected: UNKNOWN 2026-07-28 06:10:00 change: 0.0001
2026-07-29 06:46:31,258 | WARNING  | [ANOMALY] Price spike detected: UNKNOWN 2026-07-28 06:15:00 change: 0.0000
2026-07-29 06:46:31,258 | WARNING  | [ANOMALY] Price spike detected: UNKNOWN 2026-07-28 06:20:00 change: 0.0001
2026-07-29 06:46:31,258 | WARNING  | [ANOMALY] Price spike detected: UNKNOWN 2026-07-28 06:25:00 change: 0.0002
2026-07-29 06:46:31,258 | WARNING  | [ANOMALY] Price spike detected: UNKNOWN 2026-07-28 06:40:00 change: -0.0001
2026-07-29 06:46:31,259 | WARNING  | [ANOMALY] Price spike detected: UNKNOWN 2026-07-28 06:45:00 change: -0.0001
2026-07-29 06:46:31,259 | WARNING  | [ANOMALY] Price spike detected: UNKNOWN 2026-07-28 06:50:00 change: 0.0003
2026-07-29 06:46:31,259 | WARNING  | [ANOMALY] Price spike detected: UNKNOWN 2026-07-28 06:55:00 change: -0.0002
2026-07-29 06:46:31,259 | WARNING  | [ANOMALY] Price spike detected: UNKNOWN 2026-07-28 07:00:00 change: -0.0001
2026-07-29 06:46:31,260 | WARNING  | [ANOMALY] Price spike detected: UNKNOWN 2026-07-28 07:05:00 change: 0.0004
2026-07-29 06:46:31,260 | WARNING  | [ANOMALY] Price spike detected: UNKNOWN 2026-07-28 07:10:00 change: 0.0001
2026-07-29 06:46:31,260 | WARNING  | [ANOMALY] Price spike detected: UNKNOWN 2026-07-28 07:15:00 change: -0.0001
2026-07-29 06:46:31,260 | WARNING  | [ANOMALY] Price spike detected: UNKNOWN 2026-07-28 07:20:00 change: -0.0002
2026-07-29 06:46:31,260 | WARNING  | [ANOMALY] Price spike detected: UNKNOWN 2026-07-28 07:30:00 change: 0.0000
2026-07-29 06:46:31,261 | WARNING  | [ANOMALY] Price spike detected: UNKNOWN 2026-07-28 07:40:00 change: -0.0001
2026-07-29 06:46:31,261 | WARNING  | [ANOMALY] Price spike detected: UNKNOWN 2026-07-28 07:45:00 change: -0.0002
2026-07-29 06:46:31,261 | WARNING  | [ANOMALY] Price spike detected: UNKNOWN 2026-07-28 07:50:00 change: -0.0001
2026-07-29 06:46:31,261 | WARNING  | [ANOMALY] Price spike detected: UNKNOWN 2026-07-28 08:00:00 change: 0.0003
2026-07-29 06:46:31,261 | WARNING  | [ANOMALY] Price spike detected: UNKNOWN 2026-07-28 08:05:00 change: 0.0001
2026-07-29 06:46:31,261 | WARNING  | [ANOMALY] Price spike detected: UNKNOWN 2026-07-28 08:10:00 change: -0.0001
2026-07-29 06:46:31,261 | WARNING  | [ANOMALY] Price spike detected: UNKNOWN 2026-07-28 08:15:00 change: 0.0001
2026-07-29 06:46:31,261 | WARNING  | [ANOMALY] Price spike detected: UNKNOWN 2026-07-28 08:20:00 change: 0.0002
2026-07-29 06:46:31,261 | WARNING  | [ANOMALY] Price spike detected: UNKNOWN 2026-07-28 08:25:00 change: -0.0001
2026-07-29 06:46:31,261 | WARNING  | [ANOMALY] Price spike detected: UNKNOWN 2026-07-28 08:40:00 change: 0.0001
2026-07-29 06:46:31,261 | WARNING  | [ANOMALY] Price spike detected: UNKNOWN 2026-07-28 08:45:00 change: 0.0001
2026-07-29 06:46:31,262 | WARNING  | [ANOMALY] Price spike detected: UNKNOWN 2026-07-28 08:50:00 change: -0.0001
2026-07-29 06:46:31,262 | WARNING  | [ANOMALY] Price spike detected: UNKNOWN 2026-07-28 08:55:00 change: 0.0001
2026-07-29 06:46:31,262 | WARNING  | [ANOMALY] Price spike detected: UNKNOWN 2026-07-28 09:00:00 change: -0.0001
2026-07-29 06:46:31,262 | WARNING  | [ANOMALY] Price spike detected: UNKNOWN 2026-07-28 09:05:00 change: -0.0003
2026-07-29 06:46:31,262 | WARNING  | [ANOMALY] Price spike detected: UNKNOWN 2026-07-28 09:10:00 change: -0.0001
2026-07-29 06:46:31,262 | WARNING  | [ANOMALY] Price spike detected: UNKNOWN 2026-07-28 09:15:00 change: 0.0000
2026-07-29 06:46:31,262 | WARNING  | [ANOMALY] Price spike detected: UNKNOWN 2026-07-28 09:20:00 change: -0.0000
2026-07-29 06:46:31,263 | WARNING  | [ANOMALY] Price spike detected: UNKNOWN 2026-07-28 09:25:00 change: -0.0001
2026-07-29 06:46:31,263 | WARNING  | [ANOMALY] Price spike detected: UNKNOWN 2026-07-28 09:30:00 change: -0.0001
2026-07-29 06:46:31,263 | WARNING  | [ANOMALY] Price spike detected: UNKNOWN 2026-07-28 09:40:00 change: -0.0002
2026-07-29 06:46:31,263 | WARNING  | [ANOMALY] Price spike detected: UNKNOWN 2026-07-28 09:45:00 change: -0.0001
2026-07-29 06:46:31,263 | WARNING  | [ANOMALY] Price spike detected: UNKNOWN 2026-07-28 09:50:00 change: -0.0001
2026-07-29 06:46:31,263 | WARNING  | [ANOMALY] Price spike detected: UNKNOWN 2026-07-28 09:55:00 change: -0.0003
2026-07-29 06:46:31,263 | WARNING  | [ANOMALY] Price spike detected: UNKNOWN 2026-07-28 10:00:00 change: -0.0000
2026-07-29 06:46:31,264 | WARNING  | [ANOMALY] Price spike detected: UNKNOWN 2026-07-28 10:05:00 change: -0.0001
2026-07-29 06:46:31,264 | WARNING  | [ANOMALY] Price spike detected: UNKNOWN 2026-07-28 10:10:00 change: 0.0002
2026-07-29 06:46:31,264 | WARNING  | [ANOMALY] Price spike detected: UNKNOWN 2026-07-28 10:15:00 change: -0.0001
2026-07-29 06:46:31,265 | WARNING  | [ANOMALY] Price spike detected: UNKNOWN 2026-07-28 10:20:00 change: 0.0002
2026-07-29 06:46:31,265 | WARNING  | [ANOMALY] Price spike detected: UNKNOWN 2026-07-28 10:25:00 change: -0.0001
2026-07-29 06:46:31,265 | WARNING  | [ANOMALY] Price spike detected: UNKNOWN 2026-07-28 10:30:00 change: 0.0003
2026-07-29 06:46:31,265 | WARNING  | [ANOMALY] Price spike detected: UNKNOWN 2026-07-28 10:35:00 change: 0.0001
2026-07-29 06:46:31,266 | WARNING  | [ANOMALY] Price spike detected: UNKNOWN 2026-07-28 10:40:00 change: -0.0003
2026-07-29 06:46:31,266 | WARNING  | [ANOMALY] Price spike detected: UNKNOWN 2026-07-28 10:45:00 change: 0.0001
2026-07-29 06:46:31,266 | WARNING  | [ANOMALY] Price spike detected: UNKNOWN 2026-07-28 10:50:00 change: 0.0003
2026-07-29 06:46:31,266 | WARNING  | [ANOMALY] Price spike detected: UNKNOWN 2026-07-28 10:55:00 change: -0.0001
2026-07-29 06:46:31,266 | WARNING  | [ANOMALY] Price spike detected: UNKNOWN 2026-07-28 11:00:00 change: -0.0001
2026-07-29 06:46:31,267 | WARNING  | [ANOMALY] Price spike detected: UNKNOWN 2026-07-28 11:05:00 change: -0.0002
2026-07-29 06:46:31,267 | WARNING  | [ANOMALY] Price spike detected: UNKNOWN 2026-07-28 11:10:00 change: 0.0001
2026-07-29 06:46:31,267 | WARNING  | [ANOMALY] Price spike detected: UNKNOWN 2026-07-28 11:15:00 change: 0.0003
2026-07-29 06:46:31,267 | WARNING  | [ANOMALY] Price spike detected: UNKNOWN 2026-07-28 11:20:00 change: 0.0002
2026-07-29 06:46:31,267 | WARNING  | [ANOMALY] Price spike detected: UNKNOWN 2026-07-28 11:25:00 change: 0.0001
2026-07-29 06:46:31,267 | WARNING  | [ANOMALY] Price spike detected: UNKNOWN 2026-07-28 11:30:00 change: -0.0001
2026-07-29 06:46:31,267 | WARNING  | [ANOMALY] Price spike detected: UNKNOWN 2026-07-28 11:35:00 change: 0.0002
2026-07-29 06:46:31,268 | WARNING  | [ANOMALY] Price spike detected: UNKNOWN 2026-07-28 11:40:00 change: -0.0002
2026-07-29 06:46:31,268 | WARNING  | [ANOMALY] Price spike detected: UNKNOWN 2026-07-28 11:45:00 change: -0.0001
2026-07-29 06:46:31,268 | WARNING  | [ANOMALY] Price spike detected: UNKNOWN 2026-07-28 11:50:00 change: 0.0002
2026-07-29 06:46:31,268 | WARNING  | [ANOMALY] Price spike detected: UNKNOWN 2026-07-28 11:55:00 change: 0.0001
2026-07-29 06:46:31,268 | WARNING  | [ANOMALY] Price spike detected: UNKNOWN 2026-07-28 12:00:00 change: -0.0001
2026-07-29 06:46:31,268 | WARNING  | [ANOMALY] Price spike detected: UNKNOWN 2026-07-28 12:05:00 change: 0.0003
2026-07-29 06:46:31,269 | WARNING  | [ANOMALY] Price spike detected: UNKNOWN 2026-07-28 12:10:00 change: -0.0001
2026-07-29 06:46:31,269 | WARNING  | [ANOMALY] Price spike detected: UNKNOWN 2026-07-28 12:20:00 change: -0.0001
2026-07-29 06:46:31,269 | WARNING  | [ANOMALY] Price spike detected: UNKNOWN 2026-07-28 12:25:00 change: -0.0001
2026-07-29 06:46:31,269 | WARNING  | [ANOMALY] Price spike detected: UNKNOWN 2026-07-28 12:40:00 change: 0.0002
2026-07-29 06:46:31,269 | WARNING  | [ANOMALY] Price spike detected: UNKNOWN 2026-07-28 12:45:00 change: 0.0002
2026-07-29 06:46:31,269 | WARNING  | [ANOMALY] Price spike detected: UNKNOWN 2026-07-28 12:50:00 change: -0.0002
2026-07-29 06:46:31,269 | WARNING  | [ANOMALY] Price spike detected: UNKNOWN 2026-07-28 13:00:00 change: 0.0002
2026-07-29 06:46:31,270 | WARNING  | [ANOMALY] Price spike detected: UNKNOWN 2026-07-28 13:05:00 change: 0.0002
2026-07-29 06:46:31,270 | WARNING  | [ANOMALY] Price spike detected: UNKNOWN 2026-07-28 13:10:00 change: -0.0002
2026-07-29 06:46:31,270 | WARNING  | [ANOMALY] Price spike detected: UNKNOWN 2026-07-28 13:15:00 change: 0.0001
2026-07-29 06:46:31,270 | WARNING  | [ANOMALY] Price spike detected: UNKNOWN 2026-07-28 13:25:00 change: -0.0001
2026-07-29 06:46:31,270 | WARNING  | [ANOMALY] Price spike detected: UNKNOWN 2026-07-28 13:30:00 change: 0.0002
2026-07-29 06:46:31,270 | WARNING  | [ANOMALY] Price spike detected: UNKNOWN 2026-07-28 13:35:00 change: -0.0001
2026-07-29 06:46:31,270 | WARNING  | [ANOMALY] Price spike detected: UNKNOWN 2026-07-28 13:40:00 change: 0.0001
2026-07-29 06:46:31,270 | WARNING  | [ANOMALY] Price spike detected: UNKNOWN 2026-07-28 13:45:00 change: 0.0003
2026-07-29 06:46:31,271 | WARNING  | [ANOMALY] Price spike detected: UNKNOWN 2026-07-28 14:00:00 change: 0.0001
2026-07-29 06:46:31,271 | WARNING  | [ANOMALY] Price spike detected: UNKNOWN 2026-07-28 14:05:00 change: 0.0001
2026-07-29 06:46:31,272 | WARNING  | [ANOMALY] Price spike detected: UNKNOWN 2026-07-28 14:10:00 change: -0.0001
2026-07-29 06:46:31,272 | WARNING  | [ANOMALY] Price spike detected: UNKNOWN 2026-07-28 14:15:00 change: -0.0001
2026-07-29 06:46:31,272 | WARNING  | [ANOMALY] Price spike detected: UNKNOWN 2026-07-28 14:20:00 change: 0.0002
2026-07-29 06:46:31,273 | WARNING  | [ANOMALY] Price spike detected: UNKNOWN 2026-07-28 14:25:00 change: 0.0003
2026-07-29 06:46:31,273 | WARNING  | [ANOMALY] Price spike detected: UNKNOWN 2026-07-28 14:30:00 change: -0.0001
2026-07-29 06:46:31,274 | WARNING  | [ANOMALY] Price spike detected: UNKNOWN 2026-07-28 14:40:00 change: 0.0002
2026-07-29 06:46:31,274 | WARNING  | [ANOMALY] Price spike detected: UNKNOWN 2026-07-28 14:45:00 change: -0.0001
2026-07-29 06:46:31,275 | WARNING  | [ANOMALY] Price spike detected: UNKNOWN 2026-07-28 14:50:00 change: 0.0005
2026-07-29 06:46:31,275 | WARNING  | [ANOMALY] Price spike detected: UNKNOWN 2026-07-28 14:55:00 change: 0.0002
2026-07-29 06:46:31,275 | WARNING  | [ANOMALY] Price spike detected: UNKNOWN 2026-07-28 15:00:00 change: -0.0001
2026-07-29 06:46:31,276 | WARNING  | [ANOMALY] Price spike detected: UNKNOWN 2026-07-28 15:05:00 change: 0.0003
2026-07-29 06:46:31,276 | WARNING  | [ANOMALY] Price spike detected: UNKNOWN 2026-07-28 15:10:00 change: 0.0006
2026-07-29 06:46:31,276 | WARNING  | [ANOMALY] Price spike detected: UNKNOWN 2026-07-28 15:15:00 change: 0.0001
2026-07-29 06:46:31,277 | WARNING  | [ANOMALY] Price spike detected: UNKNOWN 2026-07-28 15:20:00 change: -0.0001
2026-07-29 06:46:31,277 | WARNING  | [ANOMALY] Price spike detected: UNKNOWN 2026-07-28 15:25:00 change: 0.0001
2026-07-29 06:46:31,277 | WARNING  | [ANOMALY] Price spike detected: UNKNOWN 2026-07-28 15:30:00 change: 0.0001
2026-07-29 06:46:31,277 | WARNING  | [ANOMALY] Price spike detected: UNKNOWN 2026-07-28 15:35:00 change: -0.0001
2026-07-29 06:46:31,278 | WARNING  | [ANOMALY] Price spike detected: UNKNOWN 2026-07-28 15:40:00 change: 0.0005
2026-07-29 06:46:31,278 | WARNING  | [ANOMALY] Price spike detected: UNKNOWN 2026-07-28 15:45:00 change: -0.0002
2026-07-29 06:46:31,278 | WARNING  | [ANOMALY] Price spike detected: UNKNOWN 2026-07-28 15:55:00 change: 0.0001
2026-07-29 06:46:31,278 | WARNING  | [ANOMALY] Price spike detected: UNKNOWN 2026-07-28 16:05:00 change: 0.0001
2026-07-29 06:46:31,278 | WARNING  | [ANOMALY] Price spike detected: UNKNOWN 2026-07-28 16:15:00 change: 0.0001
2026-07-29 06:46:31,278 | WARNING  | [ANOMALY] Price spike detected: UNKNOWN 2026-07-28 16:25:00 change: 0.0001
2026-07-29 06:46:31,278 | WARNING  | [ANOMALY] Price spike detected: UNKNOWN 2026-07-28 16:30:00 change: -0.0001
2026-07-29 06:46:31,279 | WARNING  | [ANOMALY] Price spike detected: UNKNOWN 2026-07-28 16:35:00 change: -0.0002
2026-07-29 06:46:31,279 | WARNING  | [ANOMALY] Price spike detected: UNKNOWN 2026-07-28 16:40:00 change: -0.0002
2026-07-29 06:46:31,279 | WARNING  | [ANOMALY] Price spike detected: UNKNOWN 2026-07-28 16:45:00 change: -0.0003
2026-07-29 06:46:31,279 | WARNING  | [ANOMALY] Price spike detected: UNKNOWN 2026-07-28 16:50:00 change: 0.0001
2026-07-29 06:46:31,280 | WARNING  | [ANOMALY] Price spike detected: UNKNOWN 2026-07-28 16:55:00 change: -0.0002
2026-07-29 06:46:31,280 | WARNING  | [ANOMALY] Price spike detected: UNKNOWN 2026-07-28 17:00:00 change: 0.0001
2026-07-29 06:46:31,280 | WARNING  | [ANOMALY] Price spike detected: UNKNOWN 2026-07-28 17:05:00 change: -0.0001
2026-07-29 06:46:31,280 | WARNING  | [ANOMALY] Price spike detected: UNKNOWN 2026-07-28 17:10:00 change: -0.0001
2026-07-29 06:46:31,280 | WARNING  | [ANOMALY] Price spike detected: UNKNOWN 2026-07-28 17:20:00 change: -0.0001
2026-07-29 06:46:31,280 | WARNING  | [ANOMALY] Price spike detected: UNKNOWN 2026-07-28 17:30:00 change: 0.0001
2026-07-29 06:46:31,281 | WARNING  | [ANOMALY] Price spike detected: UNKNOWN 2026-07-28 17:35:00 change: -0.0000
2026-07-29 06:46:31,281 | WARNING  | [ANOMALY] Price spike detected: UNKNOWN 2026-07-28 17:40:00 change: -0.0001
2026-07-29 06:46:31,281 | WARNING  | [ANOMALY] Price spike detected: UNKNOWN 2026-07-28 17:45:00 change: -0.0001
2026-07-29 06:46:31,281 | WARNING  | [ANOMALY] Price spike detected: UNKNOWN 2026-07-28 17:50:00 change: -0.0000
2026-07-29 06:46:31,281 | WARNING  | [ANOMALY] Price spike detected: UNKNOWN 2026-07-28 17:55:00 change: -0.0001
2026-07-29 06:46:31,281 | WARNING  | [ANOMALY] Price spike detected: UNKNOWN 2026-07-28 18:05:00 change: 0.0000
2026-07-29 06:46:31,282 | WARNING  | [ANOMALY] Price spike detected: UNKNOWN 2026-07-28 18:10:00 change: -0.0000
2026-07-29 06:46:31,282 | WARNING  | [ANOMALY] Price spike detected: UNKNOWN 2026-07-28 18:15:00 change: 0.0001
2026-07-29 06:46:31,282 | WARNING  | [ANOMALY] Price spike detected: UNKNOWN 2026-07-28 18:20:00 change: -0.0002
2026-07-29 06:46:31,282 | WARNING  | [ANOMALY] Price spike detected: UNKNOWN 2026-07-28 18:25:00 change: -0.0001
2026-07-29 06:46:31,282 | WARNING  | [ANOMALY] Price spike detected: UNKNOWN 2026-07-28 18:35:00 change: 0.0001
2026-07-29 06:46:31,282 | WARNING  | [ANOMALY] Price spike detected: UNKNOWN 2026-07-28 18:45:00 change: -0.0001
2026-07-29 06:46:31,283 | WARNING  | [ANOMALY] Price spike detected: UNKNOWN 2026-07-28 19:00:00 change: 0.0001
2026-07-29 06:46:31,283 | WARNING  | [ANOMALY] Price spike detected: UNKNOWN 2026-07-28 19:05:00 change: 0.0001
2026-07-29 06:46:31,283 | WARNING  | [ANOMALY] Price spike detected: UNKNOWN 2026-07-28 19:10:00 change: -0.0001
2026-07-29 06:46:31,283 | WARNING  | [ANOMALY] Price spike detected: UNKNOWN 2026-07-28 19:15:00 change: 0.0002
2026-07-29 06:46:31,284 | WARNING  | [ANOMALY] Price spike detected: UNKNOWN 2026-07-28 19:25:00 change: -0.0001
2026-07-29 06:46:31,284 | WARNING  | [ANOMALY] Price spike detected: UNKNOWN 2026-07-28 19:30:00 change: 0.0001
2026-07-29 06:46:31,284 | WARNING  | [ANOMALY] Price spike detected: UNKNOWN 2026-07-28 19:35:00 change: -0.0000
2026-07-29 06:46:31,284 | WARNING  | [ANOMALY] Price spike detected: UNKNOWN 2026-07-28 19:40:00 change: 0.0000
2026-07-29 06:46:31,284 | WARNING  | [ANOMALY] Price spike detected: UNKNOWN 2026-07-28 19:45:00 change: 0.0001
2026-07-29 06:46:31,284 | WARNING  | [ANOMALY] Price spike detected: UNKNOWN 2026-07-28 19:50:00 change: -0.0000
2026-07-29 06:46:31,285 | WARNING  | [ANOMALY] Price spike detected: UNKNOWN 2026-07-28 19:55:00 change: -0.0003
2026-07-29 06:46:31,285 | WARNING  | [ANOMALY] Price spike detected: UNKNOWN 2026-07-28 20:10:00 change: 0.0001
2026-07-29 06:46:31,285 | WARNING  | [ANOMALY] Price spike detected: UNKNOWN 2026-07-28 20:15:00 change: -0.0001
2026-07-29 06:46:31,285 | WARNING  | [ANOMALY] Price spike detected: UNKNOWN 2026-07-28 20:25:00 change: -0.0001
2026-07-29 06:46:31,286 | WARNING  | [ANOMALY] Price spike detected: UNKNOWN 2026-07-28 20:35:00 change: -0.0001
2026-07-29 06:46:31,286 | WARNING  | [ANOMALY] Price spike detected: UNKNOWN 2026-07-28 20:40:00 change: 0.0001
2026-07-29 06:46:31,286 | WARNING  | [ANOMALY] Price spike detected: UNKNOWN 2026-07-28 20:45:00 change: -0.0001
2026-07-29 06:46:31,286 | WARNING  | [ANOMALY] Price spike detected: UNKNOWN 2026-07-28 21:00:00 change: 0.0003
2026-07-29 06:46:31,286 | WARNING  | [ANOMALY] Price spike detected: UNKNOWN 2026-07-28 21:05:00 change: 0.0000
2026-07-29 06:46:31,286 | WARNING  | [ANOMALY] Price spike detected: UNKNOWN 2026-07-28 21:10:00 change: 0.0001
2026-07-29 06:46:31,286 | WARNING  | [ANOMALY] Price spike detected: UNKNOWN 2026-07-28 21:15:00 change: 0.0001
2026-07-29 06:46:31,286 | WARNING  | [ANOMALY] Price spike detected: UNKNOWN 2026-07-28 21:25:00 change: -0.0000
2026-07-29 06:46:31,287 | WARNING  | [ANOMALY] Price spike detected: UNKNOWN 2026-07-28 21:30:00 change: -0.0000
2026-07-29 06:46:31,287 | WARNING  | [ANOMALY] Price spike detected: UNKNOWN 2026-07-28 21:35:00 change: 0.0001
2026-07-29 06:46:31,287 | WARNING  | [ANOMALY] Price spike detected: UNKNOWN 2026-07-28 21:40:00 change: 0.0000
2026-07-29 06:46:31,287 | WARNING  | [ANOMALY] Price spike detected: UNKNOWN 2026-07-28 21:45:00 change: -0.0000
2026-07-29 06:46:31,287 | WARNING  | [ANOMALY] Price spike detected: UNKNOWN 2026-07-28 21:50:00 change: -0.0001
2026-07-29 06:46:31,287 | WARNING  | [ANOMALY] Price spike detected: UNKNOWN 2026-07-28 21:55:00 change: -0.0001
2026-07-29 06:46:31,287 | WARNING  | [ANOMALY] Price spike detected: UNKNOWN 2026-07-28 22:00:00 change: -0.0001
2026-07-29 06:46:31,287 | WARNING  | [ANOMALY] Price spike detected: UNKNOWN 2026-07-28 22:10:00 change: -0.0002
2026-07-29 06:46:31,288 | WARNING  | [ANOMALY] Price spike detected: UNKNOWN 2026-07-28 22:15:00 change: -0.0001
2026-07-29 06:46:31,288 | WARNING  | [ANOMALY] Price spike detected: UNKNOWN 2026-07-28 22:20:00 change: -0.0002
2026-07-29 06:46:31,288 | WARNING  | [ANOMALY] Price spike detected: UNKNOWN 2026-07-28 22:25:00 change: 0.0000
2026-07-29 06:46:31,288 | WARNING  | [ANOMALY] Price spike detected: UNKNOWN 2026-07-28 22:30:00 change: 0.0001
2026-07-29 06:46:31,288 | WARNING  | [ANOMALY] Price spike detected: UNKNOWN 2026-07-28 22:35:00 change: -0.0002
2026-07-29 06:46:31,288 | WARNING  | [ANOMALY] Price spike detected: UNKNOWN 2026-07-28 22:40:00 change: 0.0000
2026-07-29 06:46:31,288 | WARNING  | [ANOMALY] Price spike detected: UNKNOWN 2026-07-28 22:45:00 change: -0.0000
2026-07-29 06:46:31,288 | WARNING  | [ANOMALY] Price spike detected: UNKNOWN 2026-07-28 23:00:00 change: -0.0001
2026-07-29 06:46:31,289 | WARNING  | [ANOMALY] Price spike detected: UNKNOWN 2026-07-28 23:05:00 change: -0.0002
2026-07-29 06:46:31,289 | WARNING  | [ANOMALY] Price spike detected: UNKNOWN 2026-07-28 23:10:00 change: 0.0002
2026-07-29 06:46:31,289 | WARNING  | [ANOMALY] Price spike detected: UNKNOWN 2026-07-28 23:20:00 change: 0.0001
2026-07-29 06:46:31,289 | WARNING  | [ANOMALY] Price spike detected: UNKNOWN 2026-07-28 23:30:00 change: -0.0001
2026-07-29 06:46:31,290 | WARNING  | [ANOMALY] Price spike detected: UNKNOWN 2026-07-28 23:40:00 change: 0.0001
2026-07-29 06:46:31,290 | WARNING  | [ANOMALY] Price spike detected: UNKNOWN 2026-07-28 23:45:00 change: -0.0001
2026-07-29 06:46:31,302 | WARNING  | [ANOMALY] Total anomalies detected: UNKNOWN 199
2026-07-29 06:46:31,302 | ERROR    | [ANOMALY] Excessive anomalies threshold exceeded: 199
2026-07-29 06:46:31,304 | ERROR    | [ContextSynthesizer] Error during analysis: 'anomaly_detected'
Traceback (most recent call last):
  File "E:\BOT_FINALBOT\FINALBOT_Begin\data_evaluate\orchestrator.py", line 731, in _run_supplementary_engines
    syn_res = self.context_synthesizer.analyze(context=ctx)
              ^^^^^^^^^^^^^^^^^^^^^^^^^^^^^^^^^^^^^^^^^^^^^
  File "E:\BOT_FINALBOT\FINALBOT_Begin\data_evaluate\orchestration\context_synthesizer.py", line 39, in analyze
    risk_level = self._synthesize_risk(ctx)
                 ^^^^^^^^^^^^^^^^^^^^^^^^^^
  File "E:\BOT_FINALBOT\FINALBOT_Begin\data_evaluate\orchestration\context_synthesizer.py", line 151, in _synthesize_risk
    if ctx.anomaly['anomaly_detected']:
       ~~~~~~~~~~~^^^^^^^^^^^^^^^^^^^^
KeyError: 'anomaly_detected'
2026-07-29 06:46:31,307 | ERROR    | Error running supplementary engines for EURUSD: 'anomaly_detected'
Traceback (most recent call last):
  File "E:\BOT_FINALBOT\FINALBOT_Begin\data_evaluate\orchestrator.py", line 296, in process_cycle
    supp_engines = self._run_supplementary_engines(
                   ^^^^^^^^^^^^^^^^^^^^^^^^^^^^^^^^
  File "E:\BOT_FINALBOT\FINALBOT_Begin\data_evaluate\orchestrator.py", line 731, in _run_supplementary_engines
    syn_res = self.context_synthesizer.analyze(context=ctx)
              ^^^^^^^^^^^^^^^^^^^^^^^^^^^^^^^^^^^^^^^^^^^^^
  File "E:\BOT_FINALBOT\FINALBOT_Begin\data_evaluate\orchestration\context_synthesizer.py", line 39, in analyze
    risk_level = self._synthesize_risk(ctx)
                 ^^^^^^^^^^^^^^^^^^^^^^^^^^
  File "E:\BOT_FINALBOT\FINALBOT_Begin\data_evaluate\orchestration\context_synthesizer.py", line 151, in _synthesize_risk
    if ctx.anomaly['anomaly_detected']:
       ~~~~~~~~~~~^^^^^^^^^^^^^^^^^^^^
KeyError: 'anomaly_detected'
2026-07-29 06:46:31,310 | ERROR    | Orchestrator failed for EURUSD
Traceback (most recent call last):
  File "E:\BOT_FINALBOT\FINALBOT_Begin\runner.py", line 240, in run_cycle
    self.orchestrator.process_cycle(sym)
  File "E:\BOT_FINALBOT\FINALBOT_Begin\data_evaluate\orchestrator.py", line 296, in process_cycle
    supp_engines = self._run_supplementary_engines(
                   ^^^^^^^^^^^^^^^^^^^^^^^^^^^^^^^^
  File "E:\BOT_FINALBOT\FINALBOT_Begin\data_evaluate\orchestrator.py", line 731, in _run_supplementary_engines
    syn_res = self.context_synthesizer.analyze(context=ctx)
              ^^^^^^^^^^^^^^^^^^^^^^^^^^^^^^^^^^^^^^^^^^^^^
  File "E:\BOT_FINALBOT\FINALBOT_Begin\data_evaluate\orchestration\context_synthesizer.py", line 39, in analyze
    risk_level = self._synthesize_risk(ctx)
                 ^^^^^^^^^^^^^^^^^^^^^^^^^^
  File "E:\BOT_FINALBOT\FINALBOT_Begin\data_evaluate\orchestration\context_synthesizer.py", line 151, in _synthesize_risk
    if ctx.anomaly['anomaly_detected']:
       ~~~~~~~~~~~^^^^^^^^^^^^^^^^^^^^
KeyError: 'anomaly_detected'
2026-07-29 06:46:31,490 | WARNING  | [ANOMALY] Price spike detected: UNKNOWN 2026-07-28 03:00:00 change: -0.0000
2026-07-29 06:46:31,490 | WARNING  | [ANOMALY] Price spike detected: UNKNOWN 2026-07-28 03:05:00 change: 0.0000
2026-07-29 06:46:31,490 | WARNING  | [ANOMALY] Price spike detected: UNKNOWN 2026-07-28 03:10:00 change: -0.0000
2026-07-29 06:46:31,490 | WARNING  | [ANOMALY] Price spike detected: UNKNOWN 2026-07-28 03:15:00 change: -0.0001
2026-07-29 06:46:31,491 | WARNING  | [ANOMALY] Price spike detected: UNKNOWN 2026-07-28 03:20:00 change: 0.0000
2026-07-29 06:46:31,491 | WARNING  | [ANOMALY] Price spike detected: UNKNOWN 2026-07-28 03:30:00 change: -0.0000
2026-07-29 06:46:31,492 | WARNING  | [ANOMALY] Price spike detected: UNKNOWN 2026-07-28 03:35:00 change: -0.0000
2026-07-29 06:46:31,492 | WARNING  | [ANOMALY] Price spike detected: UNKNOWN 2026-07-28 03:40:00 change: -0.0000
2026-07-29 06:46:31,493 | WARNING  | [ANOMALY] Price spike detected: UNKNOWN 2026-07-28 03:45:00 change: -0.0000
2026-07-29 06:46:31,493 | WARNING  | [ANOMALY] Price spike detected: UNKNOWN 2026-07-28 03:50:00 change: 0.0001
2026-07-29 06:46:31,493 | WARNING  | [ANOMALY] Price spike detected: UNKNOWN 2026-07-28 03:55:00 change: 0.0000
2026-07-29 06:46:31,494 | WARNING  | [ANOMALY] Price spike detected: UNKNOWN 2026-07-28 04:10:00 change: 0.0000
2026-07-29 06:46:31,494 | WARNING  | [ANOMALY] Price spike detected: UNKNOWN 2026-07-28 04:15:00 change: -0.0001
2026-07-29 06:46:31,494 | WARNING  | [ANOMALY] Price spike detected: UNKNOWN 2026-07-28 04:20:00 change: 0.0001
2026-07-29 06:46:31,494 | WARNING  | [ANOMALY] Price spike detected: UNKNOWN 2026-07-28 04:25:00 change: -0.0001
2026-07-29 06:46:31,495 | WARNING  | [ANOMALY] Price spike detected: UNKNOWN 2026-07-28 04:45:00 change: -0.0001
2026-07-29 06:46:31,495 | WARNING  | [ANOMALY] Price spike detected: UNKNOWN 2026-07-28 04:55:00 change: -0.0001
2026-07-29 06:46:31,495 | WARNING  | [ANOMALY] Price spike detected: UNKNOWN 2026-07-28 05:00:00 change: -0.0001
2026-07-29 06:46:31,496 | WARNING  | [ANOMALY] Price spike detected: UNKNOWN 2026-07-28 05:05:00 change: -0.0001
2026-07-29 06:46:31,496 | WARNING  | [ANOMALY] Price spike detected: UNKNOWN 2026-07-28 05:10:00 change: 0.0001
2026-07-29 06:46:31,496 | WARNING  | [ANOMALY] Price spike detected: UNKNOWN 2026-07-28 05:15:00 change: 0.0001
2026-07-29 06:46:31,496 | WARNING  | [ANOMALY] Price spike detected: UNKNOWN 2026-07-28 05:20:00 change: -0.0000
2026-07-29 06:46:31,496 | WARNING  | [ANOMALY] Price spike detected: UNKNOWN 2026-07-28 05:25:00 change: 0.0000
2026-07-29 06:46:31,497 | WARNING  | [ANOMALY] Price spike detected: UNKNOWN 2026-07-28 05:30:00 change: 0.0001
2026-07-29 06:46:31,497 | WARNING  | [ANOMALY] Price spike detected: UNKNOWN 2026-07-28 05:35:00 change: 0.0000
2026-07-29 06:46:31,497 | WARNING  | [ANOMALY] Price spike detected: UNKNOWN 2026-07-28 05:40:00 change: -0.0000
2026-07-29 06:46:31,497 | WARNING  | [ANOMALY] Price spike detected: UNKNOWN 2026-07-28 05:45:00 change: 0.0001
2026-07-29 06:46:31,498 | WARNING  | [ANOMALY] Price spike detected: UNKNOWN 2026-07-28 05:50:00 change: -0.0000
2026-07-29 06:46:31,498 | WARNING  | [ANOMALY] Price spike detected: UNKNOWN 2026-07-28 05:55:00 change: 0.0001
2026-07-29 06:46:31,498 | WARNING  | [ANOMALY] Price spike detected: UNKNOWN 2026-07-28 06:00:00 change: 0.0001
2026-07-29 06:46:31,498 | WARNING  | [ANOMALY] Price spike detected: UNKNOWN 2026-07-28 06:05:00 change: -0.0001
2026-07-29 06:46:31,499 | WARNING  | [ANOMALY] Price spike detected: UNKNOWN 2026-07-28 06:10:00 change: -0.0001
2026-07-29 06:46:31,499 | WARNING  | [ANOMALY] Price spike detected: UNKNOWN 2026-07-28 06:15:00 change: 0.0000
2026-07-29 06:46:31,499 | WARNING  | [ANOMALY] Price spike detected: UNKNOWN 2026-07-28 06:20:00 change: 0.0001
2026-07-29 06:46:31,499 | WARNING  | [ANOMALY] Price spike detected: UNKNOWN 2026-07-28 06:25:00 change: -0.0002
2026-07-29 06:46:31,499 | WARNING  | [ANOMALY] Price spike detected: UNKNOWN 2026-07-28 06:30:00 change: 0.0002
2026-07-29 06:46:31,500 | WARNING  | [ANOMALY] Price spike detected: UNKNOWN 2026-07-28 06:35:00 change: -0.0001
2026-07-29 06:46:31,500 | WARNING  | [ANOMALY] Price spike detected: UNKNOWN 2026-07-28 06:40:00 change: -0.0001
2026-07-29 06:46:31,500 | WARNING  | [ANOMALY] Price spike detected: UNKNOWN 2026-07-28 06:45:00 change: 0.0000
2026-07-29 06:46:31,500 | WARNING  | [ANOMALY] Price spike detected: UNKNOWN 2026-07-28 06:50:00 change: -0.0001
2026-07-29 06:46:31,500 | WARNING  | [ANOMALY] Price spike detected: UNKNOWN 2026-07-28 06:55:00 change: -0.0003
2026-07-29 06:46:31,500 | WARNING  | [ANOMALY] Price spike detected: UNKNOWN 2026-07-28 07:00:00 change: 0.0002
2026-07-29 06:46:31,500 | WARNING  | [ANOMALY] Price spike detected: UNKNOWN 2026-07-28 07:05:00 change: -0.0001
2026-07-29 06:46:31,501 | WARNING  | [ANOMALY] Price spike detected: UNKNOWN 2026-07-28 07:15:00 change: -0.0001
2026-07-29 06:46:31,501 | WARNING  | [ANOMALY] Price spike detected: UNKNOWN 2026-07-28 07:20:00 change: -0.0002
2026-07-29 06:46:31,501 | WARNING  | [ANOMALY] Price spike detected: UNKNOWN 2026-07-28 07:25:00 change: -0.0000
2026-07-29 06:46:31,501 | WARNING  | [ANOMALY] Price spike detected: UNKNOWN 2026-07-28 07:35:00 change: 0.0003
2026-07-29 06:46:31,502 | WARNING  | [ANOMALY] Price spike detected: UNKNOWN 2026-07-28 07:45:00 change: 0.0001
2026-07-29 06:46:31,502 | WARNING  | [ANOMALY] Price spike detected: UNKNOWN 2026-07-28 07:50:00 change: -0.0002
2026-07-29 06:46:31,502 | WARNING  | [ANOMALY] Price spike detected: UNKNOWN 2026-07-28 07:55:00 change: 0.0002
2026-07-29 06:46:31,502 | WARNING  | [ANOMALY] Price spike detected: UNKNOWN 2026-07-28 08:00:00 change: -0.0004
2026-07-29 06:46:31,502 | WARNING  | [ANOMALY] Price spike detected: UNKNOWN 2026-07-28 08:05:00 change: 0.0001
2026-07-29 06:46:31,502 | WARNING  | [ANOMALY] Price spike detected: UNKNOWN 2026-07-28 08:25:00 change: 0.0001
2026-07-29 06:46:31,502 | WARNING  | [ANOMALY] Price spike detected: UNKNOWN 2026-07-28 08:35:00 change: 0.0003
2026-07-29 06:46:31,502 | WARNING  | [ANOMALY] Price spike detected: UNKNOWN 2026-07-28 08:40:00 change: -0.0001
2026-07-29 06:46:31,503 | WARNING  | [ANOMALY] Price spike detected: UNKNOWN 2026-07-28 08:45:00 change: -0.0001
2026-07-29 06:46:31,503 | WARNING  | [ANOMALY] Price spike detected: UNKNOWN 2026-07-28 08:50:00 change: 0.0001
2026-07-29 06:46:31,503 | WARNING  | [ANOMALY] Price spike detected: UNKNOWN 2026-07-28 08:55:00 change: -0.0001
2026-07-29 06:46:31,503 | WARNING  | [ANOMALY] Price spike detected: UNKNOWN 2026-07-28 09:05:00 change: 0.0002
2026-07-29 06:46:31,503 | WARNING  | [ANOMALY] Price spike detected: UNKNOWN 2026-07-28 09:15:00 change: 0.0001
2026-07-29 06:46:31,503 | WARNING  | [ANOMALY] Price spike detected: UNKNOWN 2026-07-28 09:30:00 change: 0.0001
2026-07-29 06:46:31,503 | WARNING  | [ANOMALY] Price spike detected: UNKNOWN 2026-07-28 09:35:00 change: -0.0001
2026-07-29 06:46:31,503 | WARNING  | [ANOMALY] Price spike detected: UNKNOWN 2026-07-28 09:40:00 change: 0.0001
2026-07-29 06:46:31,504 | WARNING  | [ANOMALY] Price spike detected: UNKNOWN 2026-07-28 09:45:00 change: 0.0000
2026-07-29 06:46:31,504 | WARNING  | [ANOMALY] Price spike detected: UNKNOWN 2026-07-28 09:50:00 change: 0.0002
2026-07-29 06:46:31,504 | WARNING  | [ANOMALY] Price spike detected: UNKNOWN 2026-07-28 09:55:00 change: -0.0002
2026-07-29 06:46:31,504 | WARNING  | [ANOMALY] Price spike detected: UNKNOWN 2026-07-28 10:00:00 change: 0.0001
2026-07-29 06:46:31,504 | WARNING  | [ANOMALY] Price spike detected: UNKNOWN 2026-07-28 10:10:00 change: 0.0001
2026-07-29 06:46:31,505 | WARNING  | [ANOMALY] Price spike detected: UNKNOWN 2026-07-28 10:15:00 change: 0.0001
2026-07-29 06:46:31,505 | WARNING  | [ANOMALY] Price spike detected: UNKNOWN 2026-07-28 10:20:00 change: -0.0002
2026-07-29 06:46:31,505 | WARNING  | [ANOMALY] Price spike detected: UNKNOWN 2026-07-28 10:30:00 change: 0.0001
2026-07-29 06:46:31,505 | WARNING  | [ANOMALY] Price spike detected: UNKNOWN 2026-07-28 10:45:00 change: 0.0002
2026-07-29 06:46:31,505 | WARNING  | [ANOMALY] Price spike detected: UNKNOWN 2026-07-28 10:50:00 change: 0.0000
2026-07-29 06:46:31,505 | WARNING  | [ANOMALY] Price spike detected: UNKNOWN 2026-07-28 10:55:00 change: -0.0002
2026-07-29 06:46:31,506 | WARNING  | [ANOMALY] Price spike detected: UNKNOWN 2026-07-28 11:00:00 change: 0.0001
2026-07-29 06:46:31,506 | WARNING  | [ANOMALY] Price spike detected: UNKNOWN 2026-07-28 11:05:00 change: -0.0002
2026-07-29 06:46:31,506 | WARNING  | [ANOMALY] Price spike detected: UNKNOWN 2026-07-28 11:10:00 change: 0.0002
2026-07-29 06:46:31,506 | WARNING  | [ANOMALY] Price spike detected: UNKNOWN 2026-07-28 11:15:00 change: 0.0001
2026-07-29 06:46:31,506 | WARNING  | [ANOMALY] Price spike detected: UNKNOWN 2026-07-28 11:25:00 change: 0.0002
2026-07-29 06:46:31,506 | WARNING  | [ANOMALY] Price spike detected: UNKNOWN 2026-07-28 11:30:00 change: -0.0001
2026-07-29 06:46:31,506 | WARNING  | [ANOMALY] Price spike detected: UNKNOWN 2026-07-28 11:35:00 change: 0.0001
2026-07-29 06:46:31,506 | WARNING  | [ANOMALY] Price spike detected: UNKNOWN 2026-07-28 11:40:00 change: -0.0001
2026-07-29 06:46:31,506 | WARNING  | [ANOMALY] Price spike detected: UNKNOWN 2026-07-28 11:50:00 change: 0.0002
2026-07-29 06:46:31,506 | WARNING  | [ANOMALY] Price spike detected: UNKNOWN 2026-07-28 12:00:00 change: -0.0004
2026-07-29 06:46:31,507 | WARNING  | [ANOMALY] Price spike detected: UNKNOWN 2026-07-28 12:10:00 change: -0.0001
2026-07-29 06:46:31,507 | WARNING  | [ANOMALY] Price spike detected: UNKNOWN 2026-07-28 12:15:00 change: -0.0001
2026-07-29 06:46:31,507 | WARNING  | [ANOMALY] Price spike detected: UNKNOWN 2026-07-28 12:20:00 change: -0.0001
2026-07-29 06:46:31,507 | WARNING  | [ANOMALY] Price spike detected: UNKNOWN 2026-07-28 12:30:00 change: -0.0002
2026-07-29 06:46:31,507 | WARNING  | [ANOMALY] Price spike detected: UNKNOWN 2026-07-28 12:35:00 change: -0.0001
2026-07-29 06:46:31,507 | WARNING  | [ANOMALY] Price spike detected: UNKNOWN 2026-07-28 12:40:00 change: -0.0001
2026-07-29 06:46:31,507 | WARNING  | [ANOMALY] Price spike detected: UNKNOWN 2026-07-28 12:45:00 change: -0.0001
2026-07-29 06:46:31,508 | WARNING  | [ANOMALY] Price spike detected: UNKNOWN 2026-07-28 12:55:00 change: -0.0001
2026-07-29 06:46:31,508 | WARNING  | [ANOMALY] Price spike detected: UNKNOWN 2026-07-28 13:00:00 change: 0.0001
2026-07-29 06:46:31,508 | WARNING  | [ANOMALY] Price spike detected: UNKNOWN 2026-07-28 13:10:00 change: 0.0001
2026-07-29 06:46:31,508 | WARNING  | [ANOMALY] Price spike detected: UNKNOWN 2026-07-28 13:15:00 change: 0.0002
2026-07-29 06:46:31,508 | WARNING  | [ANOMALY] Price spike detected: UNKNOWN 2026-07-28 13:20:00 change: -0.0001
2026-07-29 06:46:31,508 | WARNING  | [ANOMALY] Price spike detected: UNKNOWN 2026-07-28 13:30:00 change: 0.0000
2026-07-29 06:46:31,508 | WARNING  | [ANOMALY] Price spike detected: UNKNOWN 2026-07-28 13:35:00 change: 0.0001
2026-07-29 06:46:31,508 | WARNING  | [ANOMALY] Price spike detected: UNKNOWN 2026-07-28 13:45:00 change: -0.0001
2026-07-29 06:46:31,509 | WARNING  | [ANOMALY] Price spike detected: UNKNOWN 2026-07-28 13:50:00 change: 0.0002
2026-07-29 06:46:31,509 | WARNING  | [ANOMALY] Price spike detected: UNKNOWN 2026-07-28 13:55:00 change: -0.0001
2026-07-29 06:46:31,509 | WARNING  | [ANOMALY] Price spike detected: UNKNOWN 2026-07-28 14:00:00 change: 0.0002
2026-07-29 06:46:31,509 | WARNING  | [ANOMALY] Price spike detected: UNKNOWN 2026-07-28 14:05:00 change: 0.0002
2026-07-29 06:46:31,509 | WARNING  | [ANOMALY] Price spike detected: UNKNOWN 2026-07-28 14:10:00 change: 0.0003
2026-07-29 06:46:31,509 | WARNING  | [ANOMALY] Price spike detected: UNKNOWN 2026-07-28 14:15:00 change: 0.0001
2026-07-29 06:46:31,509 | WARNING  | [ANOMALY] Price spike detected: UNKNOWN 2026-07-28 14:20:00 change: 0.0002
2026-07-29 06:46:31,510 | WARNING  | [ANOMALY] Price spike detected: UNKNOWN 2026-07-28 14:25:00 change: 0.0001
2026-07-29 06:46:31,510 | WARNING  | [ANOMALY] Price spike detected: UNKNOWN 2026-07-28 14:35:00 change: 0.0001
2026-07-29 06:46:31,510 | WARNING  | [ANOMALY] Price spike detected: UNKNOWN 2026-07-28 14:40:00 change: 0.0002
2026-07-29 06:46:31,510 | WARNING  | [ANOMALY] Price spike detected: UNKNOWN 2026-07-28 14:45:00 change: -0.0002
2026-07-29 06:46:31,510 | WARNING  | [ANOMALY] Price spike detected: UNKNOWN 2026-07-28 14:50:00 change: 0.0005
2026-07-29 06:46:31,510 | WARNING  | [ANOMALY] Price spike detected: UNKNOWN 2026-07-28 14:55:00 change: 0.0004
2026-07-29 06:46:31,510 | WARNING  | [ANOMALY] Price spike detected: UNKNOWN 2026-07-28 15:00:00 change: -0.0001
2026-07-29 06:46:31,511 | WARNING  | [ANOMALY] Price spike detected: UNKNOWN 2026-07-28 15:05:00 change: -0.0001
2026-07-29 06:46:31,511 | WARNING  | [ANOMALY] Price spike detected: UNKNOWN 2026-07-28 15:10:00 change: 0.0001
2026-07-29 06:46:31,511 | WARNING  | [ANOMALY] Price spike detected: UNKNOWN 2026-07-28 15:20:00 change: 0.0001
2026-07-29 06:46:31,511 | WARNING  | [ANOMALY] Price spike detected: UNKNOWN 2026-07-28 15:25:00 change: -0.0001
2026-07-29 06:46:31,511 | WARNING  | [ANOMALY] Price spike detected: UNKNOWN 2026-07-28 15:30:00 change: -0.0001
2026-07-29 06:46:31,511 | WARNING  | [ANOMALY] Price spike detected: UNKNOWN 2026-07-28 15:35:00 change: 0.0002
2026-07-29 06:46:31,511 | WARNING  | [ANOMALY] Price spike detected: UNKNOWN 2026-07-28 15:45:00 change: -0.0002
2026-07-29 06:46:31,512 | WARNING  | [ANOMALY] Price spike detected: UNKNOWN 2026-07-28 15:50:00 change: 0.0002
2026-07-29 06:46:31,512 | WARNING  | [ANOMALY] Price spike detected: UNKNOWN 2026-07-28 15:55:00 change: -0.0001
2026-07-29 06:46:31,512 | WARNING  | [ANOMALY] Price spike detected: UNKNOWN 2026-07-28 16:00:00 change: 0.0001
2026-07-29 06:46:31,512 | WARNING  | [ANOMALY] Price spike detected: UNKNOWN 2026-07-28 16:05:00 change: 0.0001
2026-07-29 06:46:31,512 | WARNING  | [ANOMALY] Price spike detected: UNKNOWN 2026-07-28 16:10:00 change: 0.0002
2026-07-29 06:46:31,512 | WARNING  | [ANOMALY] Price spike detected: UNKNOWN 2026-07-28 16:15:00 change: 0.0002
2026-07-29 06:46:31,512 | WARNING  | [ANOMALY] Price spike detected: UNKNOWN 2026-07-28 16:20:00 change: -0.0001
2026-07-29 06:46:31,513 | WARNING  | [ANOMALY] Price spike detected: UNKNOWN 2026-07-28 16:25:00 change: 0.0001
2026-07-29 06:46:31,513 | WARNING  | [ANOMALY] Price spike detected: UNKNOWN 2026-07-28 16:35:00 change: -0.0003
2026-07-29 06:46:31,513 | WARNING  | [ANOMALY] Price spike detected: UNKNOWN 2026-07-28 16:40:00 change: 0.0002
2026-07-29 06:46:31,513 | WARNING  | [ANOMALY] Price spike detected: UNKNOWN 2026-07-28 16:50:00 change: -0.0001
2026-07-29 06:46:31,513 | WARNING  | [ANOMALY] Price spike detected: UNKNOWN 2026-07-28 17:00:00 change: -0.0001
2026-07-29 06:46:31,513 | WARNING  | [ANOMALY] Price spike detected: UNKNOWN 2026-07-28 17:05:00 change: -0.0000
2026-07-29 06:46:31,513 | WARNING  | [ANOMALY] Price spike detected: UNKNOWN 2026-07-28 17:15:00 change: -0.0000
2026-07-29 06:46:31,513 | WARNING  | [ANOMALY] Price spike detected: UNKNOWN 2026-07-28 17:25:00 change: -0.0000
2026-07-29 06:46:31,514 | WARNING  | [ANOMALY] Price spike detected: UNKNOWN 2026-07-28 17:30:00 change: 0.0000
2026-07-29 06:46:31,514 | WARNING  | [ANOMALY] Price spike detected: UNKNOWN 2026-07-28 17:35:00 change: 0.0001
2026-07-29 06:46:31,514 | WARNING  | [ANOMALY] Price spike detected: UNKNOWN 2026-07-28 17:45:00 change: 0.0001
2026-07-29 06:46:31,514 | WARNING  | [ANOMALY] Price spike detected: UNKNOWN 2026-07-28 17:50:00 change: 0.0000
2026-07-29 06:46:31,514 | WARNING  | [ANOMALY] Price spike detected: UNKNOWN 2026-07-28 17:55:00 change: -0.0000
2026-07-29 06:46:31,514 | WARNING  | [ANOMALY] Price spike detected: UNKNOWN 2026-07-28 18:00:00 change: 0.0001
2026-07-29 06:46:31,514 | WARNING  | [ANOMALY] Price spike detected: UNKNOWN 2026-07-28 18:05:00 change: 0.0001
2026-07-29 06:46:31,514 | WARNING  | [ANOMALY] Price spike detected: UNKNOWN 2026-07-28 18:10:00 change: -0.0000
2026-07-29 06:46:31,515 | WARNING  | [ANOMALY] Price spike detected: UNKNOWN 2026-07-28 18:15:00 change: 0.0001
2026-07-29 06:46:31,515 | WARNING  | [ANOMALY] Price spike detected: UNKNOWN 2026-07-28 18:20:00 change: -0.0000
2026-07-29 06:46:31,515 | WARNING  | [ANOMALY] Price spike detected: UNKNOWN 2026-07-28 18:25:00 change: 0.0000
2026-07-29 06:46:31,515 | WARNING  | [ANOMALY] Price spike detected: UNKNOWN 2026-07-28 18:30:00 change: -0.0001
2026-07-29 06:46:31,515 | WARNING  | [ANOMALY] Price spike detected: UNKNOWN 2026-07-28 18:40:00 change: -0.0001
2026-07-29 06:46:31,515 | WARNING  | [ANOMALY] Price spike detected: UNKNOWN 2026-07-28 18:50:00 change: -0.0001
2026-07-29 06:46:31,515 | WARNING  | [ANOMALY] Price spike detected: UNKNOWN 2026-07-28 18:55:00 change: 0.0001
2026-07-29 06:46:31,516 | WARNING  | [ANOMALY] Price spike detected: UNKNOWN 2026-07-28 19:00:00 change: 0.0000
2026-07-29 06:46:31,516 | WARNING  | [ANOMALY] Price spike detected: UNKNOWN 2026-07-28 19:05:00 change: -0.0001
2026-07-29 06:46:31,516 | WARNING  | [ANOMALY] Price spike detected: UNKNOWN 2026-07-28 19:15:00 change: -0.0000
2026-07-29 06:46:31,516 | WARNING  | [ANOMALY] Price spike detected: UNKNOWN 2026-07-28 19:25:00 change: 0.0002
2026-07-29 06:46:31,516 | WARNING  | [ANOMALY] Price spike detected: UNKNOWN 2026-07-28 19:30:00 change: 0.0000
2026-07-29 06:46:31,516 | WARNING  | [ANOMALY] Price spike detected: UNKNOWN 2026-07-28 19:35:00 change: -0.0000
2026-07-29 06:46:31,516 | WARNING  | [ANOMALY] Price spike detected: UNKNOWN 2026-07-28 19:40:00 change: 0.0000
2026-07-29 06:46:31,516 | WARNING  | [ANOMALY] Price spike detected: UNKNOWN 2026-07-28 19:45:00 change: -0.0000
2026-07-29 06:46:31,517 | WARNING  | [ANOMALY] Price spike detected: UNKNOWN 2026-07-28 19:50:00 change: -0.0000
2026-07-29 06:46:31,517 | WARNING  | [ANOMALY] Price spike detected: UNKNOWN 2026-07-28 19:55:00 change: 0.0001
2026-07-29 06:46:31,517 | WARNING  | [ANOMALY] Price spike detected: UNKNOWN 2026-07-28 20:00:00 change: 0.0000
2026-07-29 06:46:31,517 | WARNING  | [ANOMALY] Price spike detected: UNKNOWN 2026-07-28 20:05:00 change: -0.0001
2026-07-29 06:46:31,517 | WARNING  | [ANOMALY] Price spike detected: UNKNOWN 2026-07-28 20:15:00 change: 0.0000
2026-07-29 06:46:31,517 | WARNING  | [ANOMALY] Price spike detected: UNKNOWN 2026-07-28 20:20:00 change: 0.0000
2026-07-29 06:46:31,517 | WARNING  | [ANOMALY] Price spike detected: UNKNOWN 2026-07-28 20:25:00 change: -0.0000
2026-07-29 06:46:31,517 | WARNING  | [ANOMALY] Price spike detected: UNKNOWN 2026-07-28 20:30:00 change: 0.0001
2026-07-29 06:46:31,518 | WARNING  | [ANOMALY] Price spike detected: UNKNOWN 2026-07-28 20:35:00 change: -0.0001
2026-07-29 06:46:31,518 | WARNING  | [ANOMALY] Price spike detected: UNKNOWN 2026-07-28 20:40:00 change: 0.0000
2026-07-29 06:46:31,518 | WARNING  | [ANOMALY] Price spike detected: UNKNOWN 2026-07-28 20:45:00 change: 0.0001
2026-07-29 06:46:31,518 | WARNING  | [ANOMALY] Price spike detected: UNKNOWN 2026-07-28 20:50:00 change: 0.0000
2026-07-29 06:46:31,518 | WARNING  | [ANOMALY] Price spike detected: UNKNOWN 2026-07-28 20:55:00 change: -0.0002
2026-07-29 06:46:31,518 | WARNING  | [ANOMALY] Price spike detected: UNKNOWN 2026-07-28 21:00:00 change: 0.0001
2026-07-29 06:46:31,518 | WARNING  | [ANOMALY] Price spike detected: UNKNOWN 2026-07-28 21:05:00 change: 0.0002
2026-07-29 06:46:31,518 | WARNING  | [ANOMALY] Price spike detected: UNKNOWN 2026-07-28 21:10:00 change: -0.0001
2026-07-29 06:46:31,519 | WARNING  | [ANOMALY] Price spike detected: UNKNOWN 2026-07-28 21:15:00 change: -0.0001
2026-07-29 06:46:31,519 | WARNING  | [ANOMALY] Price spike detected: UNKNOWN 2026-07-28 21:20:00 change: 0.0001
2026-07-29 06:46:31,519 | WARNING  | [ANOMALY] Price spike detected: UNKNOWN 2026-07-28 21:25:00 change: 0.0000
2026-07-29 06:46:31,519 | WARNING  | [ANOMALY] Price spike detected: UNKNOWN 2026-07-28 21:35:00 change: 0.0001
2026-07-29 06:46:31,519 | WARNING  | [ANOMALY] Price spike detected: UNKNOWN 2026-07-28 21:40:00 change: 0.0000
2026-07-29 06:46:31,519 | WARNING  | [ANOMALY] Price spike detected: UNKNOWN 2026-07-28 21:50:00 change: -0.0000
2026-07-29 06:46:31,519 | WARNING  | [ANOMALY] Price spike detected: UNKNOWN 2026-07-28 22:05:00 change: -0.0000
2026-07-29 06:46:31,520 | WARNING  | [ANOMALY] Price spike detected: UNKNOWN 2026-07-28 22:15:00 change: -0.0001
2026-07-29 06:46:31,520 | WARNING  | [ANOMALY] Price spike detected: UNKNOWN 2026-07-28 22:20:00 change: 0.0000
2026-07-29 06:46:31,520 | WARNING  | [ANOMALY] Price spike detected: UNKNOWN 2026-07-28 22:30:00 change: 0.0001
2026-07-29 06:46:31,520 | WARNING  | [ANOMALY] Price spike detected: UNKNOWN 2026-07-28 22:40:00 change: 0.0000
2026-07-29 06:46:31,520 | WARNING  | [ANOMALY] Price spike detected: UNKNOWN 2026-07-28 22:50:00 change: -0.0000
2026-07-29 06:46:31,520 | WARNING  | [ANOMALY] Price spike detected: UNKNOWN 2026-07-28 23:05:00 change: 0.0000
2026-07-29 06:46:31,520 | WARNING  | [ANOMALY] Price spike detected: UNKNOWN 2026-07-28 23:10:00 change: -0.0001
2026-07-29 06:46:31,520 | WARNING  | [ANOMALY] Price spike detected: UNKNOWN 2026-07-28 23:15:00 change: 0.0001
2026-07-29 06:46:31,521 | WARNING  | [ANOMALY] Price spike detected: UNKNOWN 2026-07-28 23:20:00 change: -0.0001
2026-07-29 06:46:31,521 | WARNING  | [ANOMALY] Price spike detected: UNKNOWN 2026-07-28 23:25:00 change: 0.0000
2026-07-29 06:46:31,522 | WARNING  | [ANOMALY] Price spike detected: UNKNOWN 2026-07-28 23:35:00 change: 0.0000
2026-07-29 06:46:31,522 | WARNING  | [ANOMALY] Price spike detected: UNKNOWN 2026-07-28 23:40:00 change: -0.0001
2026-07-29 06:46:31,532 | WARNING  | [ANOMALY] Total anomalies detected: UNKNOWN 193
2026-07-29 06:46:31,532 | ERROR    | [ANOMALY] Excessive anomalies threshold exceeded: 392
2026-07-29 06:46:31,533 | ERROR    | [ContextSynthesizer] Error during analysis: 'anomaly_detected'
Traceback (most recent call last):
  File "E:\BOT_FINALBOT\FINALBOT_Begin\data_evaluate\orchestrator.py", line 731, in _run_supplementary_engines
    syn_res = self.context_synthesizer.analyze(context=ctx)
              ^^^^^^^^^^^^^^^^^^^^^^^^^^^^^^^^^^^^^^^^^^^^^
  File "E:\BOT_FINALBOT\FINALBOT_Begin\data_evaluate\orchestration\context_synthesizer.py", line 39, in analyze
    risk_level = self._synthesize_risk(ctx)
                 ^^^^^^^^^^^^^^^^^^^^^^^^^^
  File "E:\BOT_FINALBOT\FINALBOT_Begin\data_evaluate\orchestration\context_synthesizer.py", line 151, in _synthesize_risk
    if ctx.anomaly['anomaly_detected']:
       ~~~~~~~~~~~^^^^^^^^^^^^^^^^^^^^
KeyError: 'anomaly_detected'
2026-07-29 06:46:31,533 | ERROR    | Error running supplementary engines for EURGBP: 'anomaly_detected'
Traceback (most recent call last):
  File "E:\BOT_FINALBOT\FINALBOT_Begin\data_evaluate\orchestrator.py", line 296, in process_cycle
    supp_engines = self._run_supplementary_engines(
                   ^^^^^^^^^^^^^^^^^^^^^^^^^^^^^^^^
  File "E:\BOT_FINALBOT\FINALBOT_Begin\data_evaluate\orchestrator.py", line 731, in _run_supplementary_engines
    syn_res = self.context_synthesizer.analyze(context=ctx)
              ^^^^^^^^^^^^^^^^^^^^^^^^^^^^^^^^^^^^^^^^^^^^^
  File "E:\BOT_FINALBOT\FINALBOT_Begin\data_evaluate\orchestration\context_synthesizer.py", line 39, in analyze
    risk_level = self._synthesize_risk(ctx)
                 ^^^^^^^^^^^^^^^^^^^^^^^^^^
  File "E:\BOT_FINALBOT\FINALBOT_Begin\data_evaluate\orchestration\context_synthesizer.py", line 151, in _synthesize_risk
    if ctx.anomaly['anomaly_detected']:
       ~~~~~~~~~~~^^^^^^^^^^^^^^^^^^^^
KeyError: 'anomaly_detected'
2026-07-29 06:46:31,535 | ERROR    | Orchestrator failed for EURGBP
Traceback (most recent call last):
  File "E:\BOT_FINALBOT\FINALBOT_Begin\runner.py", line 240, in run_cycle
    self.orchestrator.process_cycle(sym)
  File "E:\BOT_FINALBOT\FINALBOT_Begin\data_evaluate\orchestrator.py", line 296, in process_cycle
    supp_engines = self._run_supplementary_engines(
                   ^^^^^^^^^^^^^^^^^^^^^^^^^^^^^^^^
  File "E:\BOT_FINALBOT\FINALBOT_Begin\data_evaluate\orchestrator.py", line 731, in _run_supplementary_engines
    syn_res = self.context_synthesizer.analyze(context=ctx)
              ^^^^^^^^^^^^^^^^^^^^^^^^^^^^^^^^^^^^^^^^^^^^^
  File "E:\BOT_FINALBOT\FINALBOT_Begin\data_evaluate\orchestration\context_synthesizer.py", line 39, in analyze
    risk_level = self._synthesize_risk(ctx)
                 ^^^^^^^^^^^^^^^^^^^^^^^^^^
  File "E:\BOT_FINALBOT\FINALBOT_Begin\data_evaluate\orchestration\context_synthesizer.py", line 151, in _synthesize_risk
    if ctx.anomaly['anomaly_detected']:
       ~~~~~~~~~~~^^^^^^^^^^^^^^^^^^^^
KeyError: 'anomaly_detected'
2026-07-29 06:46:31,678 | WARNING  | [ANOMALY] Price spike detected: UNKNOWN 2026-07-28 02:55:00 change: -0.0004
2026-07-29 06:46:31,678 | WARNING  | [ANOMALY] Price spike detected: UNKNOWN 2026-07-28 03:00:00 change: 0.0003
2026-07-29 06:46:31,678 | WARNING  | [ANOMALY] Price spike detected: UNKNOWN 2026-07-28 03:05:00 change: -0.0007
2026-07-29 06:46:31,679 | WARNING  | [ANOMALY] Price spike detected: UNKNOWN 2026-07-28 03:10:00 change: -0.0001
2026-07-29 06:46:31,679 | WARNING  | [ANOMALY] Price spike detected: UNKNOWN 2026-07-28 03:15:00 change: -0.0005
2026-07-29 06:46:31,679 | WARNING  | [ANOMALY] Price spike detected: UNKNOWN 2026-07-28 03:20:00 change: 0.0002
2026-07-29 06:46:31,680 | WARNING  | [ANOMALY] Price spike detected: UNKNOWN 2026-07-28 03:25:00 change: 0.0001
2026-07-29 06:46:31,680 | WARNING  | [ANOMALY] Price spike detected: UNKNOWN 2026-07-28 03:30:00 change: 0.0002
2026-07-29 06:46:31,680 | WARNING  | [ANOMALY] Price spike detected: UNKNOWN 2026-07-28 03:35:00 change: 0.0002
2026-07-29 06:46:31,680 | WARNING  | [ANOMALY] Price spike detected: UNKNOWN 2026-07-28 03:40:00 change: -0.0005
2026-07-29 06:46:31,680 | WARNING  | [ANOMALY] Price spike detected: UNKNOWN 2026-07-28 03:45:00 change: -0.0005
2026-07-29 06:46:31,680 | WARNING  | [ANOMALY] Price spike detected: UNKNOWN 2026-07-28 03:50:00 change: -0.0005
2026-07-29 06:46:31,680 | WARNING  | [ANOMALY] Price spike detected: UNKNOWN 2026-07-28 03:55:00 change: 0.0005
2026-07-29 06:46:31,681 | WARNING  | [ANOMALY] Price spike detected: UNKNOWN 2026-07-28 04:05:00 change: -0.0009
2026-07-29 06:46:31,681 | WARNING  | [ANOMALY] Price spike detected: UNKNOWN 2026-07-28 04:10:00 change: 0.0009
2026-07-29 06:46:31,681 | WARNING  | [ANOMALY] Price spike detected: UNKNOWN 2026-07-28 04:20:00 change: 0.0013
2026-07-29 06:46:31,681 | WARNING  | [ANOMALY] Price spike detected: UNKNOWN 2026-07-28 04:25:00 change: 0.0002
2026-07-29 06:46:31,681 | WARNING  | [ANOMALY] Price spike detected: UNKNOWN 2026-07-28 04:30:00 change: 0.0011
2026-07-29 06:46:31,681 | WARNING  | [ANOMALY] Price spike detected: UNKNOWN 2026-07-28 04:35:00 change: -0.0007
2026-07-29 06:46:31,681 | WARNING  | [ANOMALY] Price spike detected: UNKNOWN 2026-07-28 04:40:00 change: 0.0008
2026-07-29 06:46:31,682 | WARNING  | [ANOMALY] Price spike detected: UNKNOWN 2026-07-28 04:45:00 change: 0.0015
2026-07-29 06:46:31,682 | WARNING  | [ANOMALY] Price spike detected: UNKNOWN 2026-07-28 04:55:00 change: 0.0010
2026-07-29 06:46:31,682 | WARNING  | [ANOMALY] Price spike detected: UNKNOWN 2026-07-28 05:00:00 change: -0.0009
2026-07-29 06:46:31,682 | WARNING  | [ANOMALY] Price spike detected: UNKNOWN 2026-07-28 05:10:00 change: 0.0009
2026-07-29 06:46:31,682 | WARNING  | [ANOMALY] Price spike detected: UNKNOWN 2026-07-28 05:15:00 change: -0.0003
2026-07-29 06:46:31,682 | WARNING  | [ANOMALY] Price spike detected: UNKNOWN 2026-07-28 05:20:00 change: -0.0004
2026-07-29 06:46:31,682 | WARNING  | [ANOMALY] Price spike detected: UNKNOWN 2026-07-28 05:30:00 change: 0.0002
2026-07-29 06:46:31,682 | WARNING  | [ANOMALY] Price spike detected: UNKNOWN 2026-07-28 05:35:00 change: 0.0006
2026-07-29 06:46:31,683 | WARNING  | [ANOMALY] Price spike detected: UNKNOWN 2026-07-28 05:45:00 change: 0.0010
2026-07-29 06:46:31,683 | WARNING  | [ANOMALY] Price spike detected: UNKNOWN 2026-07-28 05:50:00 change: 0.0005
2026-07-29 06:46:31,683 | WARNING  | [ANOMALY] Price spike detected: UNKNOWN 2026-07-28 05:55:00 change: -0.0011
2026-07-29 06:46:31,683 | WARNING  | [ANOMALY] Price spike detected: UNKNOWN 2026-07-28 06:00:00 change: 0.0004
2026-07-29 06:46:31,684 | WARNING  | [ANOMALY] Price spike detected: UNKNOWN 2026-07-28 06:10:00 change: 0.0004
2026-07-29 06:46:31,684 | WARNING  | [ANOMALY] Price spike detected: UNKNOWN 2026-07-28 06:15:00 change: 0.0005
2026-07-29 06:46:31,684 | WARNING  | [ANOMALY] Price spike detected: UNKNOWN 2026-07-28 06:20:00 change: -0.0006
2026-07-29 06:46:31,684 | WARNING  | [ANOMALY] Price spike detected: UNKNOWN 2026-07-28 06:25:00 change: 0.0004
2026-07-29 06:46:31,684 | WARNING  | [ANOMALY] Price spike detected: UNKNOWN 2026-07-28 06:30:00 change: -0.0005
2026-07-29 06:46:31,684 | WARNING  | [ANOMALY] Price spike detected: UNKNOWN 2026-07-28 06:35:00 change: 0.0009
2026-07-29 06:46:31,684 | WARNING  | [ANOMALY] Price spike detected: UNKNOWN 2026-07-28 06:40:00 change: 0.0010
2026-07-29 06:46:31,684 | WARNING  | [ANOMALY] Price spike detected: UNKNOWN 2026-07-28 06:55:00 change: 0.0010
2026-07-29 06:46:31,685 | WARNING  | [ANOMALY] Price spike detected: UNKNOWN 2026-07-28 07:00:00 change: -0.0006
2026-07-29 06:46:31,685 | WARNING  | [ANOMALY] Price spike detected: UNKNOWN 2026-07-28 07:05:00 change: -0.0005
2026-07-29 06:46:31,685 | WARNING  | [ANOMALY] Price spike detected: UNKNOWN 2026-07-28 07:10:00 change: 0.0003
2026-07-29 06:46:31,685 | WARNING  | [ANOMALY] Price spike detected: UNKNOWN 2026-07-28 07:15:00 change: 0.0006
2026-07-29 06:46:31,685 | WARNING  | [ANOMALY] Price spike detected: UNKNOWN 2026-07-28 07:20:00 change: -0.0009
2026-07-29 06:46:31,685 | WARNING  | [ANOMALY] Price spike detected: UNKNOWN 2026-07-28 07:25:00 change: 0.0010
2026-07-29 06:46:31,685 | WARNING  | [ANOMALY] Price spike detected: UNKNOWN 2026-07-28 07:30:00 change: -0.0005
2026-07-29 06:46:31,686 | WARNING  | [ANOMALY] Price spike detected: UNKNOWN 2026-07-28 07:35:00 change: -0.0006
2026-07-29 06:46:31,686 | WARNING  | [ANOMALY] Price spike detected: UNKNOWN 2026-07-28 07:40:00 change: 0.0005
2026-07-29 06:46:31,686 | WARNING  | [ANOMALY] Price spike detected: UNKNOWN 2026-07-28 07:50:00 change: -0.0008
2026-07-29 06:46:31,686 | WARNING  | [ANOMALY] Price spike detected: UNKNOWN 2026-07-28 07:55:00 change: 0.0003
2026-07-29 06:46:31,686 | WARNING  | [ANOMALY] Price spike detected: UNKNOWN 2026-07-28 08:00:00 change: 0.0005
2026-07-29 06:46:31,687 | WARNING  | [ANOMALY] Price spike detected: UNKNOWN 2026-07-28 08:05:00 change: -0.0002
2026-07-29 06:46:31,687 | WARNING  | [ANOMALY] Price spike detected: UNKNOWN 2026-07-28 08:10:00 change: -0.0003
2026-07-29 06:46:31,687 | WARNING  | [ANOMALY] Price spike detected: UNKNOWN 2026-07-28 08:20:00 change: -0.0002
2026-07-29 06:46:31,687 | WARNING  | [ANOMALY] Price spike detected: UNKNOWN 2026-07-28 08:25:00 change: -0.0003
2026-07-29 06:46:31,687 | WARNING  | [ANOMALY] Price spike detected: UNKNOWN 2026-07-28 08:30:00 change: 0.0005
2026-07-29 06:46:31,687 | WARNING  | [ANOMALY] Price spike detected: UNKNOWN 2026-07-28 08:35:00 change: -0.0002
2026-07-29 06:46:31,688 | WARNING  | [ANOMALY] Price spike detected: UNKNOWN 2026-07-28 08:45:00 change: -0.0013
2026-07-29 06:46:31,688 | WARNING  | [ANOMALY] Price spike detected: UNKNOWN 2026-07-28 08:50:00 change: 0.0003
2026-07-29 06:46:31,688 | WARNING  | [ANOMALY] Price spike detected: UNKNOWN 2026-07-28 08:55:00 change: -0.0006
2026-07-29 06:46:31,688 | WARNING  | [ANOMALY] Price spike detected: UNKNOWN 2026-07-28 09:00:00 change: 0.0005
2026-07-29 06:46:31,688 | WARNING  | [ANOMALY] Price spike detected: UNKNOWN 2026-07-28 09:05:00 change: -0.0008
2026-07-29 06:46:31,688 | WARNING  | [ANOMALY] Price spike detected: UNKNOWN 2026-07-28 09:10:00 change: -0.0007
2026-07-29 06:46:31,688 | WARNING  | [ANOMALY] Price spike detected: UNKNOWN 2026-07-28 09:20:00 change: 0.0004
2026-07-29 06:46:31,689 | WARNING  | [ANOMALY] Price spike detected: UNKNOWN 2026-07-28 09:25:00 change: 0.0002
2026-07-29 06:46:31,689 | WARNING  | [ANOMALY] Price spike detected: UNKNOWN 2026-07-28 09:30:00 change: -0.0004
2026-07-29 06:46:31,689 | WARNING  | [ANOMALY] Price spike detected: UNKNOWN 2026-07-28 09:35:00 change: -0.0016
2026-07-29 06:46:31,689 | WARNING  | [ANOMALY] Price spike detected: UNKNOWN 2026-07-28 09:45:00 change: 0.0007
2026-07-29 06:46:31,689 | WARNING  | [ANOMALY] Price spike detected: UNKNOWN 2026-07-28 09:50:00 change: -0.0005
2026-07-29 06:46:31,689 | WARNING  | [ANOMALY] Price spike detected: UNKNOWN 2026-07-28 09:55:00 change: 0.0007
2026-07-29 06:46:31,689 | WARNING  | [ANOMALY] Price spike detected: UNKNOWN 2026-07-28 10:00:00 change: -0.0004
2026-07-29 06:46:31,689 | WARNING  | [ANOMALY] Price spike detected: UNKNOWN 2026-07-28 10:05:00 change: -0.0004
2026-07-29 06:46:31,690 | WARNING  | [ANOMALY] Price spike detected: UNKNOWN 2026-07-28 10:10:00 change: 0.0010
2026-07-29 06:46:31,690 | WARNING  | [ANOMALY] Price spike detected: UNKNOWN 2026-07-28 10:15:00 change: -0.0006
2026-07-29 06:46:31,690 | WARNING  | [ANOMALY] Price spike detected: UNKNOWN 2026-07-28 10:20:00 change: -0.0004
2026-07-29 06:46:31,690 | WARNING  | [ANOMALY] Price spike detected: UNKNOWN 2026-07-28 10:25:00 change: -0.0007
2026-07-29 06:46:31,691 | WARNING  | [ANOMALY] Price spike detected: UNKNOWN 2026-07-28 10:30:00 change: -0.0008
2026-07-29 06:46:31,691 | WARNING  | [ANOMALY] Price spike detected: UNKNOWN 2026-07-28 10:35:00 change: 0.0002
2026-07-29 06:46:31,691 | WARNING  | [ANOMALY] Price spike detected: UNKNOWN 2026-07-28 10:40:00 change: 0.0004
2026-07-29 06:46:31,691 | WARNING  | [ANOMALY] Price spike detected: UNKNOWN 2026-07-28 10:45:00 change: -0.0004
2026-07-29 06:46:31,691 | WARNING  | [ANOMALY] Price spike detected: UNKNOWN 2026-07-28 10:50:00 change: 0.0003
2026-07-29 06:46:31,692 | WARNING  | [ANOMALY] Price spike detected: UNKNOWN 2026-07-28 10:55:00 change: -0.0008
2026-07-29 06:46:31,692 | WARNING  | [ANOMALY] Price spike detected: UNKNOWN 2026-07-28 11:00:00 change: -0.0002
2026-07-29 06:46:31,692 | WARNING  | [ANOMALY] Price spike detected: UNKNOWN 2026-07-28 11:05:00 change: -0.0005
2026-07-29 06:46:31,692 | WARNING  | [ANOMALY] Price spike detected: UNKNOWN 2026-07-28 11:10:00 change: -0.0018
2026-07-29 06:46:31,692 | WARNING  | [ANOMALY] Price spike detected: UNKNOWN 2026-07-28 11:20:00 change: -0.0008
2026-07-29 06:46:31,692 | WARNING  | [ANOMALY] Price spike detected: UNKNOWN 2026-07-28 11:30:00 change: -0.0002
2026-07-29 06:46:31,692 | WARNING  | [ANOMALY] Price spike detected: UNKNOWN 2026-07-28 11:35:00 change: 0.0011
2026-07-29 06:46:31,693 | WARNING  | [ANOMALY] Price spike detected: UNKNOWN 2026-07-28 11:40:00 change: 0.0003
2026-07-29 06:46:31,693 | WARNING  | [ANOMALY] Price spike detected: UNKNOWN 2026-07-28 11:45:00 change: -0.0006
2026-07-29 06:46:31,693 | WARNING  | [ANOMALY] Price spike detected: UNKNOWN 2026-07-28 11:50:00 change: 0.0007
2026-07-29 06:46:31,693 | WARNING  | [ANOMALY] Price spike detected: UNKNOWN 2026-07-28 11:55:00 change: 0.0005
2026-07-29 06:46:31,694 | WARNING  | [ANOMALY] Price spike detected: UNKNOWN 2026-07-28 12:10:00 change: -0.0012
2026-07-29 06:46:31,694 | WARNING  | [ANOMALY] Price spike detected: UNKNOWN 2026-07-28 12:15:00 change: 0.0008
2026-07-29 06:46:31,694 | WARNING  | [ANOMALY] Price spike detected: UNKNOWN 2026-07-28 12:20:00 change: 0.0005
2026-07-29 06:46:31,694 | WARNING  | [ANOMALY] Price spike detected: UNKNOWN 2026-07-28 12:25:00 change: -0.0004
2026-07-29 06:46:31,694 | WARNING  | [ANOMALY] Price spike detected: UNKNOWN 2026-07-28 12:35:00 change: 0.0004
2026-07-29 06:46:31,695 | WARNING  | [ANOMALY] Price spike detected: UNKNOWN 2026-07-28 12:40:00 change: 0.0004
2026-07-29 06:46:31,695 | WARNING  | [ANOMALY] Price spike detected: UNKNOWN 2026-07-28 12:45:00 change: -0.0012
2026-07-29 06:46:31,695 | WARNING  | [ANOMALY] Price spike detected: UNKNOWN 2026-07-28 12:50:00 change: -0.0013
2026-07-29 06:46:31,695 | WARNING  | [ANOMALY] Price spike detected: UNKNOWN 2026-07-28 13:00:00 change: 0.0011
2026-07-29 06:46:31,695 | WARNING  | [ANOMALY] Price spike detected: UNKNOWN 2026-07-28 13:05:00 change: 0.0006
2026-07-29 06:46:31,696 | WARNING  | [ANOMALY] Price spike detected: UNKNOWN 2026-07-28 13:15:00 change: 0.0006
2026-07-29 06:46:31,696 | WARNING  | [ANOMALY] Price spike detected: UNKNOWN 2026-07-28 13:20:00 change: 0.0006
2026-07-29 06:46:31,696 | WARNING  | [ANOMALY] Price spike detected: UNKNOWN 2026-07-28 13:25:00 change: -0.0006
2026-07-29 06:46:31,696 | WARNING  | [ANOMALY] Price spike detected: UNKNOWN 2026-07-28 13:30:00 change: 0.0005
2026-07-29 06:46:31,696 | WARNING  | [ANOMALY] Price spike detected: UNKNOWN 2026-07-28 13:35:00 change: 0.0011
2026-07-29 06:46:31,697 | WARNING  | [ANOMALY] Price spike detected: UNKNOWN 2026-07-28 13:40:00 change: 0.0007
2026-07-29 06:46:31,697 | WARNING  | [ANOMALY] Price spike detected: UNKNOWN 2026-07-28 13:45:00 change: -0.0006
2026-07-29 06:46:31,697 | WARNING  | [ANOMALY] Price spike detected: UNKNOWN 2026-07-28 13:55:00 change: 0.0004
2026-07-29 06:46:31,697 | WARNING  | [ANOMALY] Price spike detected: UNKNOWN 2026-07-28 14:00:00 change: 0.0004
2026-07-29 06:46:31,697 | WARNING  | [ANOMALY] Price spike detected: UNKNOWN 2026-07-28 14:05:00 change: 0.0008
2026-07-29 06:46:31,697 | WARNING  | [ANOMALY] Price spike detected: UNKNOWN 2026-07-28 14:10:00 change: 0.0007
2026-07-29 06:46:31,698 | WARNING  | [ANOMALY] Price spike detected: UNKNOWN 2026-07-28 14:15:00 change: -0.0014
2026-07-29 06:46:31,698 | WARNING  | [ANOMALY] Price spike detected: UNKNOWN 2026-07-28 14:20:00 change: 0.0004
2026-07-29 06:46:31,698 | WARNING  | [ANOMALY] Price spike detected: UNKNOWN 2026-07-28 14:35:00 change: 0.0008
2026-07-29 06:46:31,698 | WARNING  | [ANOMALY] Price spike detected: UNKNOWN 2026-07-28 14:40:00 change: 0.0010
2026-07-29 06:46:31,698 | WARNING  | [ANOMALY] Price spike detected: UNKNOWN 2026-07-28 14:45:00 change: 0.0003
2026-07-29 06:46:31,699 | WARNING  | [ANOMALY] Price spike detected: UNKNOWN 2026-07-28 14:50:00 change: 0.0005
2026-07-29 06:46:31,699 | WARNING  | [ANOMALY] Price spike detected: UNKNOWN 2026-07-28 14:55:00 change: -0.0005
2026-07-29 06:46:31,699 | WARNING  | [ANOMALY] Price spike detected: UNKNOWN 2026-07-28 15:05:00 change: -0.0005
2026-07-29 06:46:31,699 | WARNING  | [ANOMALY] Price spike detected: UNKNOWN 2026-07-28 15:15:00 change: -0.0004
2026-07-29 06:46:31,699 | WARNING  | [ANOMALY] Price spike detected: UNKNOWN 2026-07-28 15:20:00 change: 0.0012
2026-07-29 06:46:31,700 | WARNING  | [ANOMALY] Price spike detected: UNKNOWN 2026-07-28 15:25:00 change: -0.0004
2026-07-29 06:46:31,700 | WARNING  | [ANOMALY] Price spike detected: UNKNOWN 2026-07-28 15:35:00 change: -0.0002
2026-07-29 06:46:31,700 | WARNING  | [ANOMALY] Price spike detected: UNKNOWN 2026-07-28 15:40:00 change: -0.0006
2026-07-29 06:46:31,700 | WARNING  | [ANOMALY] Price spike detected: UNKNOWN 2026-07-28 15:45:00 change: -0.0007
2026-07-29 06:46:31,700 | WARNING  | [ANOMALY] Price spike detected: UNKNOWN 2026-07-28 15:50:00 change: -0.0002
2026-07-29 06:46:31,700 | WARNING  | [ANOMALY] Price spike detected: UNKNOWN 2026-07-28 15:55:00 change: -0.0004
2026-07-29 06:46:31,701 | WARNING  | [ANOMALY] Price spike detected: UNKNOWN 2026-07-28 16:15:00 change: -0.0001
2026-07-29 06:46:31,701 | WARNING  | [ANOMALY] Price spike detected: UNKNOWN 2026-07-28 16:20:00 change: -0.0009
2026-07-29 06:46:31,701 | WARNING  | [ANOMALY] Price spike detected: UNKNOWN 2026-07-28 16:25:00 change: -0.0004
2026-07-29 06:46:31,701 | WARNING  | [ANOMALY] Price spike detected: UNKNOWN 2026-07-28 16:30:00 change: -0.0003
2026-07-29 06:46:31,701 | WARNING  | [ANOMALY] Price spike detected: UNKNOWN 2026-07-28 16:35:00 change: 0.0001
2026-07-29 06:46:31,701 | WARNING  | [ANOMALY] Price spike detected: UNKNOWN 2026-07-28 16:40:00 change: -0.0007
2026-07-29 06:46:31,702 | WARNING  | [ANOMALY] Price spike detected: UNKNOWN 2026-07-28 16:45:00 change: 0.0007
2026-07-29 06:46:31,702 | WARNING  | [ANOMALY] Price spike detected: UNKNOWN 2026-07-28 16:50:00 change: -0.0003
2026-07-29 06:46:31,702 | WARNING  | [ANOMALY] Price spike detected: UNKNOWN 2026-07-28 16:55:00 change: 0.0005
2026-07-29 06:46:31,702 | WARNING  | [ANOMALY] Price spike detected: UNKNOWN 2026-07-28 17:05:00 change: -0.0003
2026-07-29 06:46:31,702 | WARNING  | [ANOMALY] Price spike detected: UNKNOWN 2026-07-28 17:10:00 change: 0.0015
2026-07-29 06:46:31,703 | WARNING  | [ANOMALY] Price spike detected: UNKNOWN 2026-07-28 17:15:00 change: 0.0008
2026-07-29 06:46:31,703 | WARNING  | [ANOMALY] Price spike detected: UNKNOWN 2026-07-28 17:20:00 change: 0.0007
2026-07-29 06:46:31,703 | WARNING  | [ANOMALY] Price spike detected: UNKNOWN 2026-07-28 17:25:00 change: -0.0007
2026-07-29 06:46:31,703 | WARNING  | [ANOMALY] Price spike detected: UNKNOWN 2026-07-28 17:35:00 change: -0.0005
2026-07-29 06:46:31,703 | WARNING  | [ANOMALY] Price spike detected: UNKNOWN 2026-07-28 17:40:00 change: 0.0007
2026-07-29 06:46:31,704 | WARNING  | [ANOMALY] Price spike detected: UNKNOWN 2026-07-28 17:45:00 change: 0.0005
2026-07-29 06:46:31,704 | WARNING  | [ANOMALY] Price spike detected: UNKNOWN 2026-07-28 17:50:00 change: 0.0002
2026-07-29 06:46:31,704 | WARNING  | [ANOMALY] Price spike detected: UNKNOWN 2026-07-28 18:00:00 change: -0.0010
2026-07-29 06:46:31,704 | WARNING  | [ANOMALY] Price spike detected: UNKNOWN 2026-07-28 18:05:00 change: -0.0010
2026-07-29 06:46:31,705 | WARNING  | [ANOMALY] Price spike detected: UNKNOWN 2026-07-28 18:15:00 change: -0.0005
2026-07-29 06:46:31,705 | WARNING  | [ANOMALY] Price spike detected: UNKNOWN 2026-07-28 18:20:00 change: -0.0003
2026-07-29 06:46:31,705 | WARNING  | [ANOMALY] Price spike detected: UNKNOWN 2026-07-28 18:25:00 change: -0.0004
2026-07-29 06:46:31,705 | WARNING  | [ANOMALY] Price spike detected: UNKNOWN 2026-07-28 18:30:00 change: -0.0003
2026-07-29 06:46:31,705 | WARNING  | [ANOMALY] Price spike detected: UNKNOWN 2026-07-28 18:35:00 change: -0.0003
2026-07-29 06:46:31,706 | WARNING  | [ANOMALY] Price spike detected: UNKNOWN 2026-07-28 18:40:00 change: 0.0006
2026-07-29 06:46:31,706 | WARNING  | [ANOMALY] Price spike detected: UNKNOWN 2026-07-28 18:45:00 change: 0.0005
2026-07-29 06:46:31,706 | WARNING  | [ANOMALY] Price spike detected: UNKNOWN 2026-07-28 18:50:00 change: 0.0013
2026-07-29 06:46:31,707 | WARNING  | [ANOMALY] Price spike detected: UNKNOWN 2026-07-28 18:55:00 change: 0.0009
2026-07-29 06:46:31,707 | WARNING  | [ANOMALY] Price spike detected: UNKNOWN 2026-07-28 19:00:00 change: 0.0004
2026-07-29 06:46:31,707 | WARNING  | [ANOMALY] Price spike detected: UNKNOWN 2026-07-28 19:10:00 change: -0.0010
2026-07-29 06:46:31,707 | WARNING  | [ANOMALY] Price spike detected: UNKNOWN 2026-07-28 19:20:00 change: 0.0006
2026-07-29 06:46:31,708 | WARNING  | [ANOMALY] Price spike detected: UNKNOWN 2026-07-28 19:25:00 change: -0.0010
2026-07-29 06:46:31,708 | WARNING  | [ANOMALY] Price spike detected: UNKNOWN 2026-07-28 19:35:00 change: -0.0005
2026-07-29 06:46:31,708 | WARNING  | [ANOMALY] Price spike detected: UNKNOWN 2026-07-28 19:40:00 change: -0.0004
2026-07-29 06:46:31,708 | WARNING  | [ANOMALY] Price spike detected: UNKNOWN 2026-07-28 19:45:00 change: -0.0011
2026-07-29 06:46:31,708 | WARNING  | [ANOMALY] Price spike detected: UNKNOWN 2026-07-28 19:50:00 change: 0.0003
2026-07-29 06:46:31,709 | WARNING  | [ANOMALY] Price spike detected: UNKNOWN 2026-07-28 20:00:00 change: 0.0003
2026-07-29 06:46:31,709 | WARNING  | [ANOMALY] Price spike detected: UNKNOWN 2026-07-28 20:05:00 change: -0.0006
2026-07-29 06:46:31,709 | WARNING  | [ANOMALY] Price spike detected: UNKNOWN 2026-07-28 20:25:00 change: -0.0014
2026-07-29 06:46:31,710 | WARNING  | [ANOMALY] Price spike detected: UNKNOWN 2026-07-28 20:35:00 change: 0.0007
2026-07-29 06:46:31,710 | WARNING  | [ANOMALY] Price spike detected: UNKNOWN 2026-07-28 20:40:00 change: 0.0011
2026-07-29 06:46:31,710 | WARNING  | [ANOMALY] Price spike detected: UNKNOWN 2026-07-28 20:45:00 change: 0.0006
2026-07-29 06:46:31,710 | WARNING  | [ANOMALY] Price spike detected: UNKNOWN 2026-07-28 20:50:00 change: 0.0004
2026-07-29 06:46:31,711 | WARNING  | [ANOMALY] Price spike detected: UNKNOWN 2026-07-28 20:55:00 change: 0.0007
2026-07-29 06:46:31,711 | WARNING  | [ANOMALY] Price spike detected: UNKNOWN 2026-07-28 21:05:00 change: -0.0011
2026-07-29 06:46:31,711 | WARNING  | [ANOMALY] Price spike detected: UNKNOWN 2026-07-28 21:10:00 change: 0.0005
2026-07-29 06:46:31,712 | WARNING  | [ANOMALY] Price spike detected: UNKNOWN 2026-07-28 21:15:00 change: 0.0005
2026-07-29 06:46:31,712 | WARNING  | [ANOMALY] Price spike detected: UNKNOWN 2026-07-28 21:20:00 change: -0.0011
2026-07-29 06:46:31,712 | WARNING  | [ANOMALY] Price spike detected: UNKNOWN 2026-07-28 21:25:00 change: 0.0008
2026-07-29 06:46:31,712 | WARNING  | [ANOMALY] Price spike detected: UNKNOWN 2026-07-28 21:30:00 change: -0.0008
2026-07-29 06:46:31,712 | WARNING  | [ANOMALY] Price spike detected: UNKNOWN 2026-07-28 21:35:00 change: 0.0003
2026-07-29 06:46:31,712 | WARNING  | [ANOMALY] Price spike detected: UNKNOWN 2026-07-28 21:40:00 change: 0.0005
2026-07-29 06:46:31,712 | WARNING  | [ANOMALY] Price spike detected: UNKNOWN 2026-07-28 21:50:00 change: 0.0002
2026-07-29 06:46:31,713 | WARNING  | [ANOMALY] Price spike detected: UNKNOWN 2026-07-28 21:55:00 change: 0.0007
2026-07-29 06:46:31,713 | WARNING  | [ANOMALY] Price spike detected: UNKNOWN 2026-07-28 22:00:00 change: 0.0008
2026-07-29 06:46:31,713 | WARNING  | [ANOMALY] Price spike detected: UNKNOWN 2026-07-28 22:05:00 change: -0.0003
2026-07-29 06:46:31,713 | WARNING  | [ANOMALY] Price spike detected: UNKNOWN 2026-07-28 22:10:00 change: -0.0003
2026-07-29 06:46:31,713 | WARNING  | [ANOMALY] Price spike detected: UNKNOWN 2026-07-28 22:20:00 change: -0.0004
2026-07-29 06:46:31,713 | WARNING  | [ANOMALY] Price spike detected: UNKNOWN 2026-07-28 22:25:00 change: 0.0004
2026-07-29 06:46:31,713 | WARNING  | [ANOMALY] Price spike detected: UNKNOWN 2026-07-28 22:35:00 change: -0.0008
2026-07-29 06:46:31,713 | WARNING  | [ANOMALY] Price spike detected: UNKNOWN 2026-07-28 22:40:00 change: -0.0011
2026-07-29 06:46:31,714 | WARNING  | [ANOMALY] Price spike detected: UNKNOWN 2026-07-28 22:45:00 change: 0.0008
2026-07-29 06:46:31,714 | WARNING  | [ANOMALY] Price spike detected: UNKNOWN 2026-07-28 23:05:00 change: 0.0002
2026-07-29 06:46:31,714 | WARNING  | [ANOMALY] Price spike detected: UNKNOWN 2026-07-28 23:10:00 change: -0.0005
2026-07-29 06:46:31,714 | WARNING  | [ANOMALY] Price spike detected: UNKNOWN 2026-07-28 23:15:00 change: -0.0008
2026-07-29 06:46:31,714 | WARNING  | [ANOMALY] Price spike detected: UNKNOWN 2026-07-28 23:20:00 change: 0.0009
2026-07-29 06:46:31,714 | WARNING  | [ANOMALY] Price spike detected: UNKNOWN 2026-07-28 23:25:00 change: 0.0007
2026-07-29 06:46:31,714 | WARNING  | [ANOMALY] Price spike detected: UNKNOWN 2026-07-28 23:40:00 change: 0.0005
2026-07-29 06:46:31,724 | WARNING  | [ANOMALY] Total anomalies detected: UNKNOWN 199
2026-07-29 06:46:31,724 | ERROR    | [ANOMALY] Excessive anomalies threshold exceeded: 591
2026-07-29 06:46:31,725 | ERROR    | [ContextSynthesizer] Error during analysis: 'anomaly_detected'
Traceback (most recent call last):
  File "E:\BOT_FINALBOT\FINALBOT_Begin\data_evaluate\orchestrator.py", line 731, in _run_supplementary_engines
    syn_res = self.context_synthesizer.analyze(context=ctx)
              ^^^^^^^^^^^^^^^^^^^^^^^^^^^^^^^^^^^^^^^^^^^^^
  File "E:\BOT_FINALBOT\FINALBOT_Begin\data_evaluate\orchestration\context_synthesizer.py", line 39, in analyze
    risk_level = self._synthesize_risk(ctx)
                 ^^^^^^^^^^^^^^^^^^^^^^^^^^
  File "E:\BOT_FINALBOT\FINALBOT_Begin\data_evaluate\orchestration\context_synthesizer.py", line 151, in _synthesize_risk
    if ctx.anomaly['anomaly_detected']:
       ~~~~~~~~~~~^^^^^^^^^^^^^^^^^^^^
KeyError: 'anomaly_detected'
2026-07-29 06:46:31,726 | ERROR    | Error running supplementary engines for GBPUSD-OTC: 'anomaly_detected'
Traceback (most recent call last):
  File "E:\BOT_FINALBOT\FINALBOT_Begin\data_evaluate\orchestrator.py", line 296, in process_cycle
    supp_engines = self._run_supplementary_engines(
                   ^^^^^^^^^^^^^^^^^^^^^^^^^^^^^^^^
  File "E:\BOT_FINALBOT\FINALBOT_Begin\data_evaluate\orchestrator.py", line 731, in _run_supplementary_engines
    syn_res = self.context_synthesizer.analyze(context=ctx)
              ^^^^^^^^^^^^^^^^^^^^^^^^^^^^^^^^^^^^^^^^^^^^^
  File "E:\BOT_FINALBOT\FINALBOT_Begin\data_evaluate\orchestration\context_synthesizer.py", line 39, in analyze
    risk_level = self._synthesize_risk(ctx)
                 ^^^^^^^^^^^^^^^^^^^^^^^^^^
  File "E:\BOT_FINALBOT\FINALBOT_Begin\data_evaluate\orchestration\context_synthesizer.py", line 151, in _synthesize_risk
    if ctx.anomaly['anomaly_detected']:
       ~~~~~~~~~~~^^^^^^^^^^^^^^^^^^^^
KeyError: 'anomaly_detected'
2026-07-29 06:46:31,727 | ERROR    | Orchestrator failed for GBPUSD-OTC
Traceback (most recent call last):
  File "E:\BOT_FINALBOT\FINALBOT_Begin\runner.py", line 240, in run_cycle
    self.orchestrator.process_cycle(sym)
  File "E:\BOT_FINALBOT\FINALBOT_Begin\data_evaluate\orchestrator.py", line 296, in process_cycle
    supp_engines = self._run_supplementary_engines(
                   ^^^^^^^^^^^^^^^^^^^^^^^^^^^^^^^^
  File "E:\BOT_FINALBOT\FINALBOT_Begin\data_evaluate\orchestrator.py", line 731, in _run_supplementary_engines
    syn_res = self.context_synthesizer.analyze(context=ctx)
              ^^^^^^^^^^^^^^^^^^^^^^^^^^^^^^^^^^^^^^^^^^^^^
  File "E:\BOT_FINALBOT\FINALBOT_Begin\data_evaluate\orchestration\context_synthesizer.py", line 39, in analyze
    risk_level = self._synthesize_risk(ctx)
                 ^^^^^^^^^^^^^^^^^^^^^^^^^^
  File "E:\BOT_FINALBOT\FINALBOT_Begin\data_evaluate\orchestration\context_synthesizer.py", line 151, in _synthesize_risk
    if ctx.anomaly['anomaly_detected']:
       ~~~~~~~~~~~^^^^^^^^^^^^^^^^^^^^
KeyError: 'anomaly_detected'
2026-07-29 06:46:31,899 | WARNING  | [ANOMALY] Price spike detected: UNKNOWN 2026-07-28 03:00:00 change: 0.0002
2026-07-29 06:46:31,899 | WARNING  | [ANOMALY] Price spike detected: UNKNOWN 2026-07-28 03:05:00 change: -0.0005
2026-07-29 06:46:31,900 | WARNING  | [ANOMALY] Price spike detected: UNKNOWN 2026-07-28 03:15:00 change: -0.0008
2026-07-29 06:46:31,900 | WARNING  | [ANOMALY] Price spike detected: UNKNOWN 2026-07-28 03:20:00 change: -0.0001
2026-07-29 06:46:31,900 | WARNING  | [ANOMALY] Price spike detected: UNKNOWN 2026-07-28 03:25:00 change: -0.0003
2026-07-29 06:46:31,900 | WARNING  | [ANOMALY] Price spike detected: UNKNOWN 2026-07-28 03:30:00 change: -0.0004
2026-07-29 06:46:31,900 | WARNING  | [ANOMALY] Price spike detected: UNKNOWN 2026-07-28 03:35:00 change: 0.0005
2026-07-29 06:46:31,901 | WARNING  | [ANOMALY] Price spike detected: UNKNOWN 2026-07-28 03:45:00 change: 0.0007
2026-07-29 06:46:31,901 | WARNING  | [ANOMALY] Price spike detected: UNKNOWN 2026-07-28 03:50:00 change: -0.0003
2026-07-29 06:46:31,901 | WARNING  | [ANOMALY] Price spike detected: UNKNOWN 2026-07-28 03:55:00 change: 0.0007
2026-07-29 06:46:31,901 | WARNING  | [ANOMALY] Price spike detected: UNKNOWN 2026-07-28 04:00:00 change: -0.0004
2026-07-29 06:46:31,901 | WARNING  | [ANOMALY] Price spike detected: UNKNOWN 2026-07-28 04:05:00 change: -0.0002
2026-07-29 06:46:31,902 | WARNING  | [ANOMALY] Price spike detected: UNKNOWN 2026-07-28 04:10:00 change: 0.0005
2026-07-29 06:46:31,902 | WARNING  | [ANOMALY] Price spike detected: UNKNOWN 2026-07-28 04:15:00 change: -0.0018
2026-07-29 06:46:31,903 | WARNING  | [ANOMALY] Price spike detected: UNKNOWN 2026-07-28 04:20:00 change: -0.0004
2026-07-29 06:46:31,903 | WARNING  | [ANOMALY] Price spike detected: UNKNOWN 2026-07-28 04:30:00 change: 0.0007
2026-07-29 06:46:31,903 | WARNING  | [ANOMALY] Price spike detected: UNKNOWN 2026-07-28 04:35:00 change: -0.0011
2026-07-29 06:46:31,903 | WARNING  | [ANOMALY] Price spike detected: UNKNOWN 2026-07-28 04:40:00 change: -0.0008
2026-07-29 06:46:31,904 | WARNING  | [ANOMALY] Price spike detected: UNKNOWN 2026-07-28 04:50:00 change: 0.0006
2026-07-29 06:46:31,904 | WARNING  | [ANOMALY] Price spike detected: UNKNOWN 2026-07-28 05:00:00 change: 0.0002
2026-07-29 06:46:31,904 | WARNING  | [ANOMALY] Price spike detected: UNKNOWN 2026-07-28 05:10:00 change: 0.0006
2026-07-29 06:46:31,904 | WARNING  | [ANOMALY] Price spike detected: UNKNOWN 2026-07-28 05:15:00 change: 0.0005
2026-07-29 06:46:31,905 | WARNING  | [ANOMALY] Price spike detected: UNKNOWN 2026-07-28 05:20:00 change: -0.0012
2026-07-29 06:46:31,905 | WARNING  | [ANOMALY] Price spike detected: UNKNOWN 2026-07-28 05:25:00 change: 0.0006
2026-07-29 06:46:31,905 | WARNING  | [ANOMALY] Price spike detected: UNKNOWN 2026-07-28 05:30:00 change: 0.0004
2026-07-29 06:46:31,905 | WARNING  | [ANOMALY] Price spike detected: UNKNOWN 2026-07-28 05:35:00 change: 0.0002
2026-07-29 06:46:31,905 | WARNING  | [ANOMALY] Price spike detected: UNKNOWN 2026-07-28 05:40:00 change: 0.0003
2026-07-29 06:46:31,905 | WARNING  | [ANOMALY] Price spike detected: UNKNOWN 2026-07-28 05:45:00 change: 0.0002
2026-07-29 06:46:31,906 | WARNING  | [ANOMALY] Price spike detected: UNKNOWN 2026-07-28 05:50:00 change: 0.0007
2026-07-29 06:46:31,906 | WARNING  | [ANOMALY] Price spike detected: UNKNOWN 2026-07-28 05:55:00 change: 0.0006
2026-07-29 06:46:31,906 | WARNING  | [ANOMALY] Price spike detected: UNKNOWN 2026-07-28 06:00:00 change: -0.0003
2026-07-29 06:46:31,906 | WARNING  | [ANOMALY] Price spike detected: UNKNOWN 2026-07-28 06:20:00 change: -0.0002
2026-07-29 06:46:31,906 | WARNING  | [ANOMALY] Price spike detected: UNKNOWN 2026-07-28 06:30:00 change: -0.0004
2026-07-29 06:46:31,907 | WARNING  | [ANOMALY] Price spike detected: UNKNOWN 2026-07-28 06:35:00 change: 0.0002
2026-07-29 06:46:31,908 | WARNING  | [ANOMALY] Price spike detected: UNKNOWN 2026-07-28 06:40:00 change: 0.0007
2026-07-29 06:46:31,908 | WARNING  | [ANOMALY] Price spike detected: UNKNOWN 2026-07-28 06:45:00 change: 0.0002
2026-07-29 06:46:31,908 | WARNING  | [ANOMALY] Price spike detected: UNKNOWN 2026-07-28 06:55:00 change: -0.0002
2026-07-29 06:46:31,909 | WARNING  | [ANOMALY] Price spike detected: UNKNOWN 2026-07-28 07:10:00 change: -0.0008
2026-07-29 06:46:31,909 | WARNING  | [ANOMALY] Price spike detected: UNKNOWN 2026-07-28 07:15:00 change: 0.0006
2026-07-29 06:46:31,909 | WARNING  | [ANOMALY] Price spike detected: UNKNOWN 2026-07-28 07:20:00 change: 0.0006
2026-07-29 06:46:31,909 | WARNING  | [ANOMALY] Price spike detected: UNKNOWN 2026-07-28 07:25:00 change: -0.0009
2026-07-29 06:46:31,910 | WARNING  | [ANOMALY] Price spike detected: UNKNOWN 2026-07-28 07:30:00 change: 0.0007
2026-07-29 06:46:31,910 | WARNING  | [ANOMALY] Price spike detected: UNKNOWN 2026-07-28 07:35:00 change: -0.0008
2026-07-29 06:46:31,910 | WARNING  | [ANOMALY] Price spike detected: UNKNOWN 2026-07-28 07:40:00 change: -0.0006
2026-07-29 06:46:31,910 | WARNING  | [ANOMALY] Price spike detected: UNKNOWN 2026-07-28 07:50:00 change: -0.0003
2026-07-29 06:46:31,911 | WARNING  | [ANOMALY] Price spike detected: UNKNOWN 2026-07-28 07:55:00 change: 0.0002
2026-07-29 06:46:31,911 | WARNING  | [ANOMALY] Price spike detected: UNKNOWN 2026-07-28 08:10:00 change: 0.0002
2026-07-29 06:46:31,912 | WARNING  | [ANOMALY] Price spike detected: UNKNOWN 2026-07-28 08:15:00 change: -0.0005
2026-07-29 06:46:31,912 | WARNING  | [ANOMALY] Price spike detected: UNKNOWN 2026-07-28 08:20:00 change: 0.0006
2026-07-29 06:46:31,912 | WARNING  | [ANOMALY] Price spike detected: UNKNOWN 2026-07-28 08:25:00 change: 0.0009
2026-07-29 06:46:31,912 | WARNING  | [ANOMALY] Price spike detected: UNKNOWN 2026-07-28 08:40:00 change: -0.0008
2026-07-29 06:46:31,913 | WARNING  | [ANOMALY] Price spike detected: UNKNOWN 2026-07-28 08:45:00 change: 0.0004
2026-07-29 06:46:31,913 | WARNING  | [ANOMALY] Price spike detected: UNKNOWN 2026-07-28 08:55:00 change: -0.0007
2026-07-29 06:46:31,913 | WARNING  | [ANOMALY] Price spike detected: UNKNOWN 2026-07-28 09:00:00 change: -0.0003
2026-07-29 06:46:31,913 | WARNING  | [ANOMALY] Price spike detected: UNKNOWN 2026-07-28 09:05:00 change: 0.0009
2026-07-29 06:46:31,913 | WARNING  | [ANOMALY] Price spike detected: UNKNOWN 2026-07-28 09:10:00 change: 0.0013
2026-07-29 06:46:31,913 | WARNING  | [ANOMALY] Price spike detected: UNKNOWN 2026-07-28 09:15:00 change: 0.0007
2026-07-29 06:46:31,913 | WARNING  | [ANOMALY] Price spike detected: UNKNOWN 2026-07-28 09:20:00 change: -0.0003
2026-07-29 06:46:31,914 | WARNING  | [ANOMALY] Price spike detected: UNKNOWN 2026-07-28 09:25:00 change: 0.0006
2026-07-29 06:46:31,914 | WARNING  | [ANOMALY] Price spike detected: UNKNOWN 2026-07-28 09:30:00 change: 0.0008
2026-07-29 06:46:31,915 | WARNING  | [ANOMALY] Price spike detected: UNKNOWN 2026-07-28 09:35:00 change: -0.0006
2026-07-29 06:46:31,915 | WARNING  | [ANOMALY] Price spike detected: UNKNOWN 2026-07-28 09:40:00 change: -0.0007
2026-07-29 06:46:31,915 | WARNING  | [ANOMALY] Price spike detected: UNKNOWN 2026-07-28 09:45:00 change: -0.0010
2026-07-29 06:46:31,915 | WARNING  | [ANOMALY] Price spike detected: UNKNOWN 2026-07-28 09:55:00 change: -0.0004
2026-07-29 06:46:31,916 | WARNING  | [ANOMALY] Price spike detected: UNKNOWN 2026-07-28 10:05:00 change: -0.0011
2026-07-29 06:46:31,916 | WARNING  | [ANOMALY] Price spike detected: UNKNOWN 2026-07-28 10:15:00 change: -0.0008
2026-07-29 06:46:31,917 | WARNING  | [ANOMALY] Price spike detected: UNKNOWN 2026-07-28 10:20:00 change: -0.0005
2026-07-29 06:46:31,917 | WARNING  | [ANOMALY] Price spike detected: UNKNOWN 2026-07-28 10:25:00 change: -0.0007
2026-07-29 06:46:31,917 | WARNING  | [ANOMALY] Price spike detected: UNKNOWN 2026-07-28 10:30:00 change: -0.0006
2026-07-29 06:46:31,917 | WARNING  | [ANOMALY] Price spike detected: UNKNOWN 2026-07-28 10:35:00 change: 0.0004
2026-07-29 06:46:31,918 | WARNING  | [ANOMALY] Price spike detected: UNKNOWN 2026-07-28 10:45:00 change: 0.0005
2026-07-29 06:46:31,918 | WARNING  | [ANOMALY] Price spike detected: UNKNOWN 2026-07-28 10:50:00 change: -0.0007
2026-07-29 06:46:31,918 | WARNING  | [ANOMALY] Price spike detected: UNKNOWN 2026-07-28 10:55:00 change: -0.0011
2026-07-29 06:46:31,918 | WARNING  | [ANOMALY] Price spike detected: UNKNOWN 2026-07-28 11:00:00 change: -0.0003
2026-07-29 06:46:31,918 | WARNING  | [ANOMALY] Price spike detected: UNKNOWN 2026-07-28 11:05:00 change: -0.0008
2026-07-29 06:46:31,919 | WARNING  | [ANOMALY] Price spike detected: UNKNOWN 2026-07-28 11:10:00 change: 0.0006
2026-07-29 06:46:31,919 | WARNING  | [ANOMALY] Price spike detected: UNKNOWN 2026-07-28 11:15:00 change: -0.0007
2026-07-29 06:46:31,919 | WARNING  | [ANOMALY] Price spike detected: UNKNOWN 2026-07-28 11:20:00 change: 0.0007
2026-07-29 06:46:31,919 | WARNING  | [ANOMALY] Price spike detected: UNKNOWN 2026-07-28 11:25:00 change: 0.0003
2026-07-29 06:46:31,920 | WARNING  | [ANOMALY] Price spike detected: UNKNOWN 2026-07-28 11:30:00 change: -0.0004
2026-07-29 06:46:31,920 | WARNING  | [ANOMALY] Price spike detected: UNKNOWN 2026-07-28 11:35:00 change: 0.0005
2026-07-29 06:46:31,920 | WARNING  | [ANOMALY] Price spike detected: UNKNOWN 2026-07-28 11:45:00 change: -0.0002
2026-07-29 06:46:31,920 | WARNING  | [ANOMALY] Price spike detected: UNKNOWN 2026-07-28 11:50:00 change: -0.0005
2026-07-29 06:46:31,920 | WARNING  | [ANOMALY] Price spike detected: UNKNOWN 2026-07-28 11:55:00 change: -0.0005
2026-07-29 06:46:31,921 | WARNING  | [ANOMALY] Price spike detected: UNKNOWN 2026-07-28 12:00:00 change: -0.0010
2026-07-29 06:46:31,921 | WARNING  | [ANOMALY] Price spike detected: UNKNOWN 2026-07-28 12:10:00 change: 0.0004
2026-07-29 06:46:31,921 | WARNING  | [ANOMALY] Price spike detected: UNKNOWN 2026-07-28 12:15:00 change: 0.0003
2026-07-29 06:46:31,921 | WARNING  | [ANOMALY] Price spike detected: UNKNOWN 2026-07-28 12:20:00 change: 0.0002
2026-07-29 06:46:31,922 | WARNING  | [ANOMALY] Price spike detected: UNKNOWN 2026-07-28 12:25:00 change: 0.0003
2026-07-29 06:46:31,922 | WARNING  | [ANOMALY] Price spike detected: UNKNOWN 2026-07-28 12:30:00 change: 0.0002
2026-07-29 06:46:31,922 | WARNING  | [ANOMALY] Price spike detected: UNKNOWN 2026-07-28 12:40:00 change: -0.0003
2026-07-29 06:46:31,922 | WARNING  | [ANOMALY] Price spike detected: UNKNOWN 2026-07-28 12:55:00 change: -0.0006
2026-07-29 06:46:31,922 | WARNING  | [ANOMALY] Price spike detected: UNKNOWN 2026-07-28 13:05:00 change: 0.0013
2026-07-29 06:46:31,923 | WARNING  | [ANOMALY] Price spike detected: UNKNOWN 2026-07-28 13:10:00 change: -0.0002
2026-07-29 06:46:31,923 | WARNING  | [ANOMALY] Price spike detected: UNKNOWN 2026-07-28 13:15:00 change: -0.0003
2026-07-29 06:46:31,924 | WARNING  | [ANOMALY] Price spike detected: UNKNOWN 2026-07-28 13:20:00 change: -0.0002
2026-07-29 06:46:31,924 | WARNING  | [ANOMALY] Price spike detected: UNKNOWN 2026-07-28 13:35:00 change: 0.0003
2026-07-29 06:46:31,924 | WARNING  | [ANOMALY] Price spike detected: UNKNOWN 2026-07-28 13:40:00 change: -0.0005
2026-07-29 06:46:31,924 | WARNING  | [ANOMALY] Price spike detected: UNKNOWN 2026-07-28 13:50:00 change: 0.0004
2026-07-29 06:46:31,924 | WARNING  | [ANOMALY] Price spike detected: UNKNOWN 2026-07-28 13:55:00 change: 0.0006
2026-07-29 06:46:31,925 | WARNING  | [ANOMALY] Price spike detected: UNKNOWN 2026-07-28 14:00:00 change: -0.0004
2026-07-29 06:46:31,925 | WARNING  | [ANOMALY] Price spike detected: UNKNOWN 2026-07-28 14:05:00 change: -0.0003
2026-07-29 06:46:31,925 | WARNING  | [ANOMALY] Price spike detected: UNKNOWN 2026-07-28 14:10:00 change: -0.0003
2026-07-29 06:46:31,926 | WARNING  | [ANOMALY] Price spike detected: UNKNOWN 2026-07-28 14:15:00 change: -0.0003
2026-07-29 06:46:31,926 | WARNING  | [ANOMALY] Price spike detected: UNKNOWN 2026-07-28 14:20:00 change: 0.0002
2026-07-29 06:46:31,926 | WARNING  | [ANOMALY] Price spike detected: UNKNOWN 2026-07-28 14:25:00 change: 0.0009
2026-07-29 06:46:31,926 | WARNING  | [ANOMALY] Price spike detected: UNKNOWN 2026-07-28 14:30:00 change: -0.0002
2026-07-29 06:46:31,926 | WARNING  | [ANOMALY] Price spike detected: UNKNOWN 2026-07-28 14:35:00 change: 0.0009
2026-07-29 06:46:31,926 | WARNING  | [ANOMALY] Price spike detected: UNKNOWN 2026-07-28 14:40:00 change: 0.0002
2026-07-29 06:46:31,926 | WARNING  | [ANOMALY] Price spike detected: UNKNOWN 2026-07-28 14:50:00 change: 0.0008
2026-07-29 06:46:31,927 | WARNING  | [ANOMALY] Price spike detected: UNKNOWN 2026-07-28 14:55:00 change: -0.0003
2026-07-29 06:46:31,927 | WARNING  | [ANOMALY] Price spike detected: UNKNOWN 2026-07-28 15:00:00 change: -0.0004
2026-07-29 06:46:31,927 | WARNING  | [ANOMALY] Price spike detected: UNKNOWN 2026-07-28 15:05:00 change: -0.0004
2026-07-29 06:46:31,927 | WARNING  | [ANOMALY] Price spike detected: UNKNOWN 2026-07-28 15:10:00 change: -0.0004
2026-07-29 06:46:31,927 | WARNING  | [ANOMALY] Price spike detected: UNKNOWN 2026-07-28 15:20:00 change: -0.0010
2026-07-29 06:46:31,927 | WARNING  | [ANOMALY] Price spike detected: UNKNOWN 2026-07-28 15:30:00 change: -0.0004
2026-07-29 06:46:31,928 | WARNING  | [ANOMALY] Price spike detected: UNKNOWN 2026-07-28 15:35:00 change: -0.0006
2026-07-29 06:46:31,928 | WARNING  | [ANOMALY] Price spike detected: UNKNOWN 2026-07-28 15:40:00 change: 0.0011
2026-07-29 06:46:31,929 | WARNING  | [ANOMALY] Price spike detected: UNKNOWN 2026-07-28 15:50:00 change: 0.0003
2026-07-29 06:46:31,929 | WARNING  | [ANOMALY] Price spike detected: UNKNOWN 2026-07-28 15:55:00 change: -0.0005
2026-07-29 06:46:31,930 | WARNING  | [ANOMALY] Price spike detected: UNKNOWN 2026-07-28 16:00:00 change: 0.0002
2026-07-29 06:46:31,930 | WARNING  | [ANOMALY] Price spike detected: UNKNOWN 2026-07-28 16:15:00 change: -0.0002
2026-07-29 06:46:31,930 | WARNING  | [ANOMALY] Price spike detected: UNKNOWN 2026-07-28 16:25:00 change: -0.0008
2026-07-29 06:46:31,930 | WARNING  | [ANOMALY] Price spike detected: UNKNOWN 2026-07-28 16:30:00 change: -0.0007
2026-07-29 06:46:31,931 | WARNING  | [ANOMALY] Price spike detected: UNKNOWN 2026-07-28 16:35:00 change: -0.0007
2026-07-29 06:46:31,931 | WARNING  | [ANOMALY] Price spike detected: UNKNOWN 2026-07-28 16:40:00 change: 0.0006
2026-07-29 06:46:31,931 | WARNING  | [ANOMALY] Price spike detected: UNKNOWN 2026-07-28 16:45:00 change: -0.0006
2026-07-29 06:46:31,932 | WARNING  | [ANOMALY] Price spike detected: UNKNOWN 2026-07-28 16:55:00 change: -0.0007
2026-07-29 06:46:31,932 | WARNING  | [ANOMALY] Price spike detected: UNKNOWN 2026-07-28 17:10:00 change: 0.0006
2026-07-29 06:46:31,932 | WARNING  | [ANOMALY] Price spike detected: UNKNOWN 2026-07-28 17:15:00 change: 0.0007
2026-07-29 06:46:31,932 | WARNING  | [ANOMALY] Price spike detected: UNKNOWN 2026-07-28 17:20:00 change: 0.0002
2026-07-29 06:46:31,933 | WARNING  | [ANOMALY] Price spike detected: UNKNOWN 2026-07-28 17:35:00 change: 0.0002
2026-07-29 06:46:31,933 | WARNING  | [ANOMALY] Price spike detected: UNKNOWN 2026-07-28 17:40:00 change: 0.0005
2026-07-29 06:46:31,933 | WARNING  | [ANOMALY] Price spike detected: UNKNOWN 2026-07-28 17:45:00 change: 0.0008
2026-07-29 06:46:31,934 | WARNING  | [ANOMALY] Price spike detected: UNKNOWN 2026-07-28 17:50:00 change: 0.0003
2026-07-29 06:46:31,934 | WARNING  | [ANOMALY] Price spike detected: UNKNOWN 2026-07-28 17:55:00 change: 0.0008
2026-07-29 06:46:31,935 | WARNING  | [ANOMALY] Price spike detected: UNKNOWN 2026-07-28 18:00:00 change: 0.0002
2026-07-29 06:46:31,935 | WARNING  | [ANOMALY] Price spike detected: UNKNOWN 2026-07-28 18:05:00 change: 0.0006
2026-07-29 06:46:31,935 | WARNING  | [ANOMALY] Price spike detected: UNKNOWN 2026-07-28 18:10:00 change: -0.0002
2026-07-29 06:46:31,935 | WARNING  | [ANOMALY] Price spike detected: UNKNOWN 2026-07-28 18:20:00 change: 0.0005
2026-07-29 06:46:31,935 | WARNING  | [ANOMALY] Price spike detected: UNKNOWN 2026-07-28 18:30:00 change: -0.0002
2026-07-29 06:46:31,936 | WARNING  | [ANOMALY] Price spike detected: UNKNOWN 2026-07-28 18:35:00 change: 0.0013
2026-07-29 06:46:31,936 | WARNING  | [ANOMALY] Price spike detected: UNKNOWN 2026-07-28 18:45:00 change: 0.0008
2026-07-29 06:46:31,936 | WARNING  | [ANOMALY] Price spike detected: UNKNOWN 2026-07-28 18:50:00 change: -0.0010
2026-07-29 06:46:31,936 | WARNING  | [ANOMALY] Price spike detected: UNKNOWN 2026-07-28 18:55:00 change: -0.0005
2026-07-29 06:46:31,936 | WARNING  | [ANOMALY] Price spike detected: UNKNOWN 2026-07-28 19:00:00 change: 0.0003
2026-07-29 06:46:31,937 | WARNING  | [ANOMALY] Price spike detected: UNKNOWN 2026-07-28 19:05:00 change: -0.0004
2026-07-29 06:46:31,937 | WARNING  | [ANOMALY] Price spike detected: UNKNOWN 2026-07-28 19:10:00 change: 0.0002
2026-07-29 06:46:31,937 | WARNING  | [ANOMALY] Price spike detected: UNKNOWN 2026-07-28 19:15:00 change: -0.0003
2026-07-29 06:46:31,937 | WARNING  | [ANOMALY] Price spike detected: UNKNOWN 2026-07-28 19:25:00 change: 0.0003
2026-07-29 06:46:31,937 | WARNING  | [ANOMALY] Price spike detected: UNKNOWN 2026-07-28 19:40:00 change: -0.0012
2026-07-29 06:46:31,938 | WARNING  | [ANOMALY] Price spike detected: UNKNOWN 2026-07-28 19:45:00 change: -0.0004
2026-07-29 06:46:31,938 | WARNING  | [ANOMALY] Price spike detected: UNKNOWN 2026-07-28 19:50:00 change: 0.0005
2026-07-29 06:46:31,938 | WARNING  | [ANOMALY] Price spike detected: UNKNOWN 2026-07-28 19:55:00 change: -0.0002
2026-07-29 06:46:31,939 | WARNING  | [ANOMALY] Price spike detected: UNKNOWN 2026-07-28 20:00:00 change: 0.0006
2026-07-29 06:46:31,939 | WARNING  | [ANOMALY] Price spike detected: UNKNOWN 2026-07-28 20:05:00 change: -0.0007
2026-07-29 06:46:31,939 | WARNING  | [ANOMALY] Price spike detected: UNKNOWN 2026-07-28 20:10:00 change: 0.0005
2026-07-29 06:46:31,940 | WARNING  | [ANOMALY] Price spike detected: UNKNOWN 2026-07-28 20:20:00 change: -0.0005
2026-07-29 06:46:31,940 | WARNING  | [ANOMALY] Price spike detected: UNKNOWN 2026-07-28 20:25:00 change: 0.0002
2026-07-29 06:46:31,940 | WARNING  | [ANOMALY] Price spike detected: UNKNOWN 2026-07-28 20:30:00 change: 0.0007
2026-07-29 06:46:31,940 | WARNING  | [ANOMALY] Price spike detected: UNKNOWN 2026-07-28 20:35:00 change: 0.0006
2026-07-29 06:46:31,941 | WARNING  | [ANOMALY] Price spike detected: UNKNOWN 2026-07-28 20:40:00 change: -0.0009
2026-07-29 06:46:31,941 | WARNING  | [ANOMALY] Price spike detected: UNKNOWN 2026-07-28 20:50:00 change: 0.0007
2026-07-29 06:46:31,941 | WARNING  | [ANOMALY] Price spike detected: UNKNOWN 2026-07-28 21:00:00 change: -0.0012
2026-07-29 06:46:31,941 | WARNING  | [ANOMALY] Price spike detected: UNKNOWN 2026-07-28 21:05:00 change: 0.0002
2026-07-29 06:46:31,941 | WARNING  | [ANOMALY] Price spike detected: UNKNOWN 2026-07-28 21:10:00 change: 0.0003
2026-07-29 06:46:31,941 | WARNING  | [ANOMALY] Price spike detected: UNKNOWN 2026-07-28 21:20:00 change: 0.0003
2026-07-29 06:46:31,941 | WARNING  | [ANOMALY] Price spike detected: UNKNOWN 2026-07-28 21:25:00 change: -0.0006
2026-07-29 06:46:31,941 | WARNING  | [ANOMALY] Price spike detected: UNKNOWN 2026-07-28 21:30:00 change: -0.0003
2026-07-29 06:46:31,942 | WARNING  | [ANOMALY] Price spike detected: UNKNOWN 2026-07-28 22:00:00 change: 0.0005
2026-07-29 06:46:31,942 | WARNING  | [ANOMALY] Price spike detected: UNKNOWN 2026-07-28 22:05:00 change: 0.0008
2026-07-29 06:46:31,942 | WARNING  | [ANOMALY] Price spike detected: UNKNOWN 2026-07-28 22:10:00 change: -0.0002
2026-07-29 06:46:31,942 | WARNING  | [ANOMALY] Price spike detected: UNKNOWN 2026-07-28 22:15:00 change: -0.0003
2026-07-29 06:46:31,942 | WARNING  | [ANOMALY] Price spike detected: UNKNOWN 2026-07-28 22:35:00 change: -0.0006
2026-07-29 06:46:31,943 | WARNING  | [ANOMALY] Price spike detected: UNKNOWN 2026-07-28 22:40:00 change: -0.0005
2026-07-29 06:46:31,943 | WARNING  | [ANOMALY] Price spike detected: UNKNOWN 2026-07-28 22:45:00 change: 0.0001
2026-07-29 06:46:31,943 | WARNING  | [ANOMALY] Price spike detected: UNKNOWN 2026-07-28 22:50:00 change: -0.0004
2026-07-29 06:46:31,944 | WARNING  | [ANOMALY] Price spike detected: UNKNOWN 2026-07-28 23:00:00 change: 0.0005
2026-07-29 06:46:31,944 | WARNING  | [ANOMALY] Price spike detected: UNKNOWN 2026-07-28 23:05:00 change: 0.0002
2026-07-29 06:46:31,944 | WARNING  | [ANOMALY] Price spike detected: UNKNOWN 2026-07-28 23:10:00 change: 0.0008
2026-07-29 06:46:31,944 | WARNING  | [ANOMALY] Price spike detected: UNKNOWN 2026-07-28 23:15:00 change: 0.0003
2026-07-29 06:46:31,945 | WARNING  | [ANOMALY] Price spike detected: UNKNOWN 2026-07-28 23:20:00 change: -0.0002
2026-07-29 06:46:31,945 | WARNING  | [ANOMALY] Price spike detected: UNKNOWN 2026-07-28 23:25:00 change: 0.0004
2026-07-29 06:46:31,946 | WARNING  | [ANOMALY] Price spike detected: UNKNOWN 2026-07-28 23:30:00 change: 0.0005
2026-07-29 06:46:31,946 | WARNING  | [ANOMALY] Price spike detected: UNKNOWN 2026-07-28 23:35:00 change: 0.0008
2026-07-29 06:46:31,946 | WARNING  | [ANOMALY] Price spike detected: UNKNOWN 2026-07-28 23:40:00 change: 0.0003
2026-07-29 06:46:31,961 | WARNING  | [ANOMALY] Total anomalies detected: UNKNOWN 186
2026-07-29 06:46:31,961 | ERROR    | [ANOMALY] Excessive anomalies threshold exceeded: 777
2026-07-29 06:46:31,962 | ERROR    | [ContextSynthesizer] Error during analysis: 'anomaly_detected'
Traceback (most recent call last):
  File "E:\BOT_FINALBOT\FINALBOT_Begin\data_evaluate\orchestrator.py", line 731, in _run_supplementary_engines
    syn_res = self.context_synthesizer.analyze(context=ctx)
              ^^^^^^^^^^^^^^^^^^^^^^^^^^^^^^^^^^^^^^^^^^^^^
  File "E:\BOT_FINALBOT\FINALBOT_Begin\data_evaluate\orchestration\context_synthesizer.py", line 39, in analyze
    risk_level = self._synthesize_risk(ctx)
                 ^^^^^^^^^^^^^^^^^^^^^^^^^^
  File "E:\BOT_FINALBOT\FINALBOT_Begin\data_evaluate\orchestration\context_synthesizer.py", line 151, in _synthesize_risk
    if ctx.anomaly['anomaly_detected']:
       ~~~~~~~~~~~^^^^^^^^^^^^^^^^^^^^
KeyError: 'anomaly_detected'
2026-07-29 06:46:31,963 | ERROR    | Error running supplementary engines for EURGBP-OTC: 'anomaly_detected'
Traceback (most recent call last):
  File "E:\BOT_FINALBOT\FINALBOT_Begin\data_evaluate\orchestrator.py", line 296, in process_cycle
    supp_engines = self._run_supplementary_engines(
                   ^^^^^^^^^^^^^^^^^^^^^^^^^^^^^^^^
  File "E:\BOT_FINALBOT\FINALBOT_Begin\data_evaluate\orchestrator.py", line 731, in _run_supplementary_engines
    syn_res = self.context_synthesizer.analyze(context=ctx)
              ^^^^^^^^^^^^^^^^^^^^^^^^^^^^^^^^^^^^^^^^^^^^^
  File "E:\BOT_FINALBOT\FINALBOT_Begin\data_evaluate\orchestration\context_synthesizer.py", line 39, in analyze
    risk_level = self._synthesize_risk(ctx)
                 ^^^^^^^^^^^^^^^^^^^^^^^^^^
  File "E:\BOT_FINALBOT\FINALBOT_Begin\data_evaluate\orchestration\context_synthesizer.py", line 151, in _synthesize_risk
    if ctx.anomaly['anomaly_detected']:
       ~~~~~~~~~~~^^^^^^^^^^^^^^^^^^^^
KeyError: 'anomaly_detected'
2026-07-29 06:46:31,965 | ERROR    | Orchestrator failed for EURGBP-OTC
Traceback (most recent call last):
  File "E:\BOT_FINALBOT\FINALBOT_Begin\runner.py", line 240, in run_cycle
    self.orchestrator.process_cycle(sym)
  File "E:\BOT_FINALBOT\FINALBOT_Begin\data_evaluate\orchestrator.py", line 296, in process_cycle
    supp_engines = self._run_supplementary_engines(
                   ^^^^^^^^^^^^^^^^^^^^^^^^^^^^^^^^
  File "E:\BOT_FINALBOT\FINALBOT_Begin\data_evaluate\orchestrator.py", line 731, in _run_supplementary_engines
    syn_res = self.context_synthesizer.analyze(context=ctx)
              ^^^^^^^^^^^^^^^^^^^^^^^^^^^^^^^^^^^^^^^^^^^^^
  File "E:\BOT_FINALBOT\FINALBOT_Begin\data_evaluate\orchestration\context_synthesizer.py", line 39, in analyze
    risk_level = self._synthesize_risk(ctx)
                 ^^^^^^^^^^^^^^^^^^^^^^^^^^
  File "E:\BOT_FINALBOT\FINALBOT_Begin\data_evaluate\orchestration\context_synthesizer.py", line 151, in _synthesize_risk
    if ctx.anomaly['anomaly_detected']:
       ~~~~~~~~~~~^^^^^^^^^^^^^^^^^^^^
KeyError: 'anomaly_detected'
2026-07-29 06:46:31,968 | INFO     | [EURUSD:1.13851][EURGBP:0.85696][GBPUSD-OTC:1.33553][EURGBP-OTC:0.85284] :: TOTAL=$1453.95
