timestamp,open,high,low,close,volume
2026-01-23 09:00:00,1.17399,1.17435,1.17364,1.17381,3103
2026-01-23 09:15:00,1.17381,1.17439,1.173645,1.17414,2057
2026-01-23 09:30:00,1.17415,1.174515,1.173855,1.174175,2915
2026-01-23 09:45:00,1.17418,1.17429,1.173505,1.17353,2621
2026-01-23 10:00:00,1.173525,1.1736,1.17312,1.173125,2194
2026-01-23 10:15:00,1.17312,1.17332,1.173,1.17319,1897
2026-01-23 10:30:00,1.173195,1.173485,1.173115,1.173155,1242
2026-01-23 10:45:00,1.173155,1.173585,1.173085,1.17346,1515
2026-01-23 11:00:00,1.173455,1.17357,1.17307,1.17348,2045
2026-01-23 11:15:00,1.17348,1.17386,1.173325,1.17369,1801
2026-01-23 11:30:00,1.173685,1.173885,1.173575,1.17371,1789
2026-01-23 11:45:00,1.17371,1.174045,1.17354,1.173735,2413
2026-01-23 12:00:00,1.17373,1.17396,1.17365,1.173825,1939
2026-01-23 12:15:00,1.173825,1.173945,1.17373,1.17389,1242
2026-01-23 12:30:00,1.17389,1.17433,1.17378,1.17399,1816
2026-01-23 12:45:00,1.173995,1.174435,1.17399,1.174235,1749
2026-01-23 13:00:00,1.17424,1.174485,1.17409,1.174475,1904
2026-01-23 13:15:00,1.17448,1.17473,1.174145,1.17438,1990
2026-01-23 13:30:00,1.174375,1.17445,1.173835,1.17418,1936
2026-01-23 13:45:00,1.174175,1.17418,1.17329,1.17341,1982
2026-01-23 14:00:00,1.173415,1.173945,1.17319,1.1739,2044
2026-01-23 14:15:00,1.173895,1.17453,1.173785,1.174435,1660
2026-01-23 14:30:00,1.17444,1.174525,1.174005,1.17405,2795
2026-01-23 14:45:00,1.174055,1.17481,1.17405,1.174655,3163
2026-01-23 15:00:00,1.174645,1.175165,1.174575,1.174775,3309
2026-01-23 15:15:00,1.17477,1.175365,1.17473,1.17499,3213
2026-01-23 15:30:00,1.174985,1.17523,1.174845,1.174915,2118
2026-01-23 15:45:00,1.17493,1.17615,1.17491,1.175805,4007
2026-01-23 16:00:00,1.17581,1.175855,1.17471,1.17471,3302
2026-01-23 16:15:00,1.174715,1.176365,1.174645,1.17636,4146
2026-01-23 16:30:00,1.176355,1.17689,1.176305,1.17676,3892
2026-01-23 16:45:00,1.17676,1.17752,1.176635,1.17706,4569
2026-01-23 17:00:00,1.177055,1.17844,1.176905,1.17833,5199
2026-01-23 17:15:00,1.178335,1.179365,1.17801,1.179275,6695
2026-01-23 17:30:00,1.17928,1.17988,1.178255,1.17859,8455
2026-01-23 17:45:00,1.178585,1.1798,1.17852,1.17943,5982
2026-01-23 18:00:00,1.17943,1.17955,1.177795,1.177825,5313
2026-01-23 18:15:00,1.17782,1.17929,1.17772,1.179065,4420
2026-01-23 18:30:00,1.179065,1.17907,1.178555,1.178875,3301
2026-01-23 18:45:00,1.17888,1.17923,1.178495,1.17921,2195
2026-01-23 19:00:00,1.179215,1.180085,1.17915,1.17991,3213
2026-01-23 19:15:00,1.17991,1.18007,1.17928,1.17963,2923
2026-01-23 19:30:00,1.179635,1.17989,1.179555,1.179815,2493
2026-01-23 19:45:00,1.17981,1.18149,1.179635,1.181155,5089
2026-01-23 20:00:00,1.18116,1.181645,1.181005,1.181575,3537
2026-01-23 20:15:00,1.18158,1.18265,1.181575,1.18222,4300
2026-01-23 20:30:00,1.18222,1.18222,1.181305,1.181805,3254
2026-01-23 20:45:00,1.181815,1.18238,1.18149,1.18211,2994
2026-01-23 21:00:00,1.18212,1.18315,1.182095,1.182885,2340
2026-01-23 21:15:00,1.18288,1.18338,1.182495,1.182935,2618
2026-01-23 21:30:00,1.18294,1.1832,1.18217,1.18263,1755
2026-01-23 21:45:00,1.18264,1.183185,1.182395,1.183185,3367
2026-01-25 22:00:00,1.183185,1.186655,1.183185,1.18565,578
2026-01-25 22:15:00,1.185655,1.18632,1.185525,1.186165,631
2026-01-25 22:30:00,1.186165,1.18719,1.186115,1.187045,1327
2026-01-25 22:45:00,1.187045,1.18931,1.18704,1.18892,1945
2026-01-25 23:00:00,1.188925,1.189475,1.18712,1.189435,4026
2026-01-25 23:15:00,1.189425,1.189765,1.1862,1.18648,3729
2026-01-25 23:30:00,1.186475,1.18685,1.18593,1.186605,2694
2026-01-25 23:45:00,1.18661,1.18668,1.18545,1.186025,2640
2026-01-26 00:00:00,1.186035,1.186035,1.184455,1.18493,5948
2026-01-26 00:15:00,1.184925,1.18557,1.184445,1.18537,4122
2026-01-26 00:30:00,1.185385,1.185695,1.1847,1.18554,4261
2026-01-26 00:45:00,1.18553,1.18631,1.185475,1.18612,5000
2026-01-26 01:00:00,1.186125,1.18657,1.185465,1.185885,5577
2026-01-26 01:15:00,1.185905,1.18614,1.1856,1.18588,4777
2026-01-26 01:30:00,1.185885,1.18674,1.18555,1.186415,3753
2026-01-26 01:45:00,1.18642,1.18691,1.185725,1.185785,3746
2026-01-26 02:00:00,1.18578,1.18762,1.18559,1.187475,3869
2026-01-26 02:15:00,1.18748,1.18748,1.18649,1.18722,4427
2026-01-26 02:30:00,1.18723,1.18765,1.187155,1.187295,3300
2026-01-26 02:45:00,1.1873,1.1873,1.18646,1.186755,2630
2026-01-26 03:00:00,1.18676,1.18677,1.18617,1.186225,2543
2026-01-26 03:15:00,1.18621,1.186355,1.185825,1.186205,2241
2026-01-26 03:30:00,1.186215,1.186485,1.186035,1.18624,1893
2026-01-26 03:45:00,1.18624,1.186625,1.185905,1.186225,1816
2026-01-26 04:00:00,1.18623,1.186725,1.18555,1.186725,2249
2026-01-26 04:15:00,1.18673,1.186935,1.186075,1.186125,3082
2026-01-26 04:30:00,1.186125,1.18633,1.185755,1.186205,1706
2026-01-26 04:45:00,1.1862,1.186475,1.185855,1.185905,2116
2026-01-26 05:00:00,1.18591,1.186235,1.18582,1.185925,1948
2026-01-26 05:15:00,1.185925,1.186985,1.18579,1.186775,1546
2026-01-26 05:30:00,1.18677,1.186785,1.186385,1.18656,1427
2026-01-26 05:45:00,1.18656,1.18671,1.18629,1.186505,1849
2026-01-26 06:00:00,1.1865,1.18657,1.185075,1.18525,2862
2026-01-26 06:15:00,1.185255,1.18583,1.18509,1.185735,2735
2026-01-26 06:30:00,1.18574,1.186275,1.18572,1.186055,2435
2026-01-26 06:45:00,1.18605,1.186265,1.185155,1.185155,2402
2026-01-26 07:00:00,1.18516,1.186235,1.185045,1.185455,3742
2026-01-26 07:15:00,1.18545,1.18628,1.18536,1.18607,3082
2026-01-26 07:30:00,1.186065,1.18612,1.18463,1.18486,3371
2026-01-26 07:45:00,1.18485,1.184895,1.18366,1.183895,4024
2026-01-26 08:00:00,1.18389,1.184855,1.18384,1.184305,5087
2026-01-26 08:15:00,1.18431,1.1848,1.183825,1.184725,4120
2026-01-26 08:30:00,1.18472,1.18597,1.18471,1.184845,5457
2026-01-26 08:45:00,1.184835,1.185725,1.184775,1.185345,4449
2026-01-26 09:00:00,1.18535,1.185595,1.184555,1.18457,5684
2026-01-26 09:15:00,1.18457,1.185965,1.184185,1.185955,3624
2026-01-26 09:30:00,1.18596,1.18675,1.1858,1.186685,3740
2026-01-26 09:45:00,1.18669,1.186695,1.185995,1.186365,3861
2026-01-26 10:00:00,1.18637,1.186535,1.18565,1.18587,2856
2026-01-26 10:15:00,1.18588,1.18647,1.18575,1.18626,2746
2026-01-26 10:30:00,1.186265,1.186345,1.185345,1.185935,3389
2026-01-26 10:45:00,1.18594,1.18616,1.185465,1.186065,2656
2026-01-26 11:00:00,1.18607,1.18607,1.18532,1.18542,2892
2026-01-26 11:15:00,1.185425,1.18565,1.184905,1.185185,2213
2026-01-26 11:30:00,1.18519,1.18564,1.184855,1.18557,2531
2026-01-26 11:45:00,1.185575,1.185805,1.18541,1.18559,2609
2026-01-26 12:00:00,1.185585,1.185715,1.185375,1.18545,2451
2026-01-26 12:15:00,1.185445,1.18555,1.18476,1.18486,2503
2026-01-26 12:30:00,1.184865,1.185135,1.184495,1.18451,2187
2026-01-26 12:45:00,1.184515,1.184625,1.184005,1.184215,2724
2026-01-26 13:00:00,1.18422,1.184345,1.1835,1.18396,3823
2026-01-26 13:15:00,1.183965,1.18477,1.183715,1.18467,2857
2026-01-26 13:30:00,1.184675,1.184995,1.18443,1.1847,2887
2026-01-26 13:45:00,1.18468,1.18568,1.184555,1.185585,3443
2026-01-26 14:00:00,1.18559,1.185835,1.185255,1.185725,3555
2026-01-26 14:15:00,1.18572,1.186775,1.185455,1.186705,3212
2026-01-26 14:30:00,1.1867,1.187295,1.186555,1.186965,4252
2026-01-26 14:45:00,1.18696,1.18796,1.186945,1.1879,5539
2026-01-26 15:00:00,1.187905,1.18798,1.187045,1.18739,4737
2026-01-26 15:15:00,1.187385,1.188,1.18713,1.187975,4095
2026-01-26 15:30:00,1.18798,1.18881,1.187795,1.188445,4813
2026-01-26 15:45:00,1.18844,1.189685,1.18843,1.18953,5451
2026-01-26 16:00:00,1.189525,1.19071,1.18898,1.189025,6294
2026-01-26 16:15:00,1.18903,1.18903,1.187995,1.188315,5347
2026-01-26 16:30:00,1.18832,1.18879,1.188095,1.18853,4300
2026-01-26 16:45:00,1.188525,1.189015,1.188295,1.18859,3026
2026-01-26 17:00:00,1.188585,1.18893,1.1883,1.188875,4028
2026-01-26 17:15:00,1.18887,1.189145,1.187735,1.18777,3084
2026-01-26 17:30:00,1.187775,1.188125,1.187535,1.18784,2768
2026-01-26 17:45:00,1.18784,1.18795,1.187475,1.187885,2251
2026-01-26 18:00:00,1.18789,1.188895,1.187815,1.188505,2326
2026-01-26 18:15:00,1.18851,1.18903,1.188305,1.188565,2172
2026-01-26 18:30:00,1.18857,1.18866,1.18796,1.18799,2252
2026-01-26 18:45:00,1.187995,1.18833,1.1879,1.1879,2552
2026-01-26 19:00:00,1.187905,1.18792,1.187305,1.187485,3299
2026-01-26 19:15:00,1.18748,1.187555,1.18713,1.1873,2538
2026-01-26 19:30:00,1.187295,1.18758,1.187055,1.187525,2374
2026-01-26 19:45:00,1.18752,1.18816,1.187315,1.18792,3881
2026-01-26 20:00:00,1.187925,1.18836,1.18773,1.188245,3382
2026-01-26 20:15:00,1.18825,1.18834,1.18805,1.188195,2226
2026-01-26 20:30:00,1.1882,1.1883,1.18795,1.187985,1761
2026-01-26 20:45:00,1.187995,1.18828,1.187995,1.188255,1498
2026-01-26 21:00:00,1.18825,1.18863,1.187915,1.187925,1395
2026-01-26 21:15:00,1.18792,1.187925,1.187575,1.18762,1286
2026-01-26 21:30:00,1.187615,1.18762,1.1874,1.187555,899
2026-01-26 21:45:00,1.187565,1.18807,1.18744,1.188055,2049
2026-01-26 22:00:00,1.188085,1.188085,1.187515,1.18758,182
2026-01-26 22:15:00,1.18758,1.18792,1.18755,1.18792,179
2026-01-26 22:30:00,1.18794,1.18794,1.187775,1.18783,95
2026-01-26 22:45:00,1.18783,1.18792,1.187665,1.187895,368
2026-01-26 23:00:00,1.187885,1.18821,1.187785,1.187805,913
2026-01-26 23:15:00,1.1878,1.187805,1.187595,1.18774,808
2026-01-26 23:30:00,1.18774,1.18779,1.187365,1.187735,627
2026-01-26 23:45:00,1.18774,1.18774,1.18715,1.18739,1686
2026-01-27 00:00:00,1.187385,1.188105,1.187255,1.188065,2061
2026-01-27 00:15:00,1.18807,1.188275,1.18784,1.18784,1777
2026-01-27 00:30:00,1.187845,1.18827,1.187845,1.18804,1724
2026-01-27 00:45:00,1.188045,1.188045,1.18764,1.18772,2130
2026-01-27 01:00:00,1.187715,1.187805,1.18733,1.18755,2839
2026-01-27 01:15:00,1.187545,1.18782,1.18737,1.187595,2189
2026-01-27 01:30:00,1.18759,1.1878,1.18742,1.18774,1967
2026-01-27 01:45:00,1.187745,1.18814,1.18767,1.18787,1489
2026-01-27 02:00:00,1.187865,1.18802,1.18761,1.187925,1775
2026-01-27 02:15:00,1.187925,1.18888,1.187825,1.18883,1420
2026-01-27 02:30:00,1.188835,1.189945,1.1888,1.189705,2301
2026-01-27 02:45:00,1.189705,1.18991,1.18934,1.189345,1755
2026-01-27 03:00:00,1.18934,1.18934,1.188525,1.18865,1491
2026-01-27 03:15:00,1.18865,1.188745,1.188395,1.188415,1147
2026-01-27 03:30:00,1.18842,1.188905,1.188395,1.188535,1058
2026-01-27 03:45:00,1.18853,1.18853,1.18793,1.18798,1464
2026-01-27 04:00:00,1.187975,1.18825,1.18768,1.18773,1138
2026-01-27 04:15:00,1.187735,1.18776,1.187155,1.18723,1168
2026-01-27 04:30:00,1.18723,1.18746,1.187005,1.187225,1072
2026-01-27 04:45:00,1.187225,1.18749,1.18706,1.18735,890
2026-01-27 05:00:00,1.18734,1.18746,1.18728,1.187395,859
2026-01-27 05:15:00,1.1874,1.187745,1.187205,1.18762,970
2026-01-27 05:30:00,1.187615,1.18776,1.187385,1.187485,1113
2026-01-27 05:45:00,1.18749,1.187865,1.18743,1.187685,1146
2026-01-27 06:00:00,1.18769,1.187925,1.18755,1.187705,1150
2026-01-27 06:15:00,1.1877,1.18771,1.18738,1.18745,1021
2026-01-27 06:30:00,1.18745,1.18807,1.187325,1.18798,1492
2026-01-27 06:45:00,1.187975,1.188145,1.187085,1.1872,1594
2026-01-27 07:00:00,1.187195,1.187415,1.186955,1.18727,2601
2026-01-27 07:15:00,1.187265,1.187565,1.187135,1.18725,1916
2026-01-27 07:30:00,1.187255,1.18743,1.187005,1.187335,1943
2026-01-27 07:45:00,1.18733,1.18754,1.1861,1.18637,3190
2026-01-27 08:00:00,1.186375,1.18673,1.185665,1.18594,3255
2026-01-27 08:15:00,1.18594,1.186235,1.185285,1.185535,2774
2026-01-27 08:30:00,1.18554,1.185745,1.18503,1.18518,3010
2026-01-27 08:45:00,1.185185,1.18613,1.185185,1.186055,2337
2026-01-27 09:00:00,1.18606,1.18656,1.18589,1.1865,1942
2026-01-27 09:15:00,1.186495,1.18688,1.18646,1.186705,1389
2026-01-27 09:30:00,1.18671,1.187275,1.186705,1.187165,1669
2026-01-27 09:45:00,1.18716,1.18899,1.186845,1.18891,7075
2026-01-27 10:00:00,1.188905,1.18897,1.187405,1.187625,5139
2026-01-27 10:15:00,1.18762,1.188325,1.187545,1.1881,2942
2026-01-27 10:30:00,1.188105,1.1887,1.18777,1.18844,2678
2026-01-27 10:45:00,1.18843,1.189,1.188295,1.18889,2959
2026-01-27 11:00:00,1.188895,1.18924,1.188855,1.18908,2167
2026-01-27 11:15:00,1.189085,1.18915,1.188535,1.1889,1621
2026-01-27 11:30:00,1.18891,1.189235,1.188635,1.18866,1722
2026-01-27 11:45:00,1.18866,1.18972,1.18861,1.189545,2826
2026-01-27 12:00:00,1.18954,1.190825,1.18942,1.190655,3051
2026-01-27 12:15:00,1.19066,1.193285,1.190615,1.19169,6734
2026-01-27 12:30:00,1.191685,1.19263,1.19126,1.19229,5483
2026-01-27 12:45:00,1.192295,1.19344,1.192135,1.19281,5907
2026-01-27 13:00:00,1.192815,1.193865,1.19254,1.19277,6269
2026-01-27 13:15:00,1.192775,1.19324,1.19207,1.19231,4492
2026-01-27 13:30:00,1.192305,1.193665,1.19209,1.19308,5392
2026-01-27 13:45:00,1.19309,1.193385,1.191415,1.192345,7358
2026-01-27 14:00:00,1.19235,1.193085,1.19184,1.192695,4848
2026-01-27 14:15:00,1.192695,1.19348,1.192445,1.19312,4470
2026-01-27 14:30:00,1.193115,1.19554,1.193115,1.19449,9666
2026-01-27 14:45:00,1.194485,1.19467,1.1936,1.194345,5292
2026-01-27 15:00:00,1.19436,1.1967,1.19434,1.19665,9294
2026-01-27 15:15:00,1.196655,1.197245,1.19624,1.19649,6646
2026-01-27 15:30:00,1.196485,1.196485,1.19474,1.19507,6149
2026-01-27 15:45:00,1.195075,1.19618,1.19498,1.19508,6507
2026-01-27 16:00:00,1.195075,1.19653,1.194965,1.19638,5035
2026-01-27 16:15:00,1.196385,1.19746,1.196275,1.19718,4860
2026-01-27 16:30:00,1.197185,1.19881,1.19714,1.198745,5686
2026-01-27 16:45:00,1.19875,1.19902,1.197385,1.19792,4649
2026-01-27 17:00:00,1.197915,1.19837,1.196985,1.197175,5213
2026-01-27 17:15:00,1.197185,1.197275,1.195865,1.19594,4215
2026-01-27 17:30:00,1.195945,1.198125,1.195925,1.19809,3805
2026-01-27 17:45:00,1.198085,1.198255,1.197665,1.19799,4311
2026-01-27 18:00:00,1.197995,1.198735,1.19735,1.1974,4563
2026-01-27 18:15:00,1.197395,1.19791,1.19717,1.19766,2423
2026-01-27 18:30:00,1.19767,1.198055,1.19761,1.19766,2950
2026-01-27 18:45:00,1.19766,1.198585,1.197495,1.19778,2727
2026-01-27 19:00:00,1.197775,1.198075,1.19742,1.19772,2543
2026-01-27 19:15:00,1.197725,1.19787,1.197185,1.19749,2312
2026-01-27 19:30:00,1.197485,1.19799,1.197435,1.19783,2129
2026-01-27 19:45:00,1.197825,1.19783,1.19711,1.19771,2908
2026-01-27 20:00:00,1.197705,1.198075,1.19741,1.19795,2519
2026-01-27 20:15:00,1.19794,1.199115,1.19789,1.19899,3442
2026-01-27 20:30:00,1.198985,1.198985,1.197185,1.19848,4239
2026-01-27 20:45:00,1.198475,1.20823,1.198435,1.20295,22171
2026-01-27 21:00:00,1.202945,1.204675,1.202325,1.20399,9813
2026-01-27 21:15:00,1.203985,1.204525,1.202895,1.20423,4966
2026-01-27 21:30:00,1.204235,1.204975,1.20299,1.20495,4188
2026-01-27 21:45:00,1.204945,1.204985,1.20355,1.203975,4153
2026-01-27 22:00:00,1.203915,1.20407,1.203675,1.2037,132
2026-01-27 22:15:00,1.203705,1.20398,1.20365,1.203935,184
2026-01-27 22:30:00,1.203925,1.204395,1.20369,1.20383,487
2026-01-27 22:45:00,1.20383,1.20428,1.203765,1.20419,724
2026-01-27 23:00:00,1.20418,1.204605,1.202895,1.20302,1906
2026-01-27 23:15:00,1.203025,1.203495,1.20189,1.201945,2096
2026-01-27 23:30:00,1.201945,1.20285,1.20194,1.202195,1530
2026-01-27 23:45:00,1.202195,1.202645,1.20162,1.20228,1667
2026-01-28 00:00:00,1.202285,1.202295,1.2008,1.20135,3160
2026-01-28 00:15:00,1.20136,1.202055,1.201045,1.2012,1630
2026-01-28 00:30:00,1.201205,1.202355,1.201105,1.201535,3980
2026-01-28 00:45:00,1.201535,1.20172,1.201225,1.20151,3361
2026-01-28 01:00:00,1.201505,1.201625,1.2007,1.200895,3076
2026-01-28 01:15:00,1.200905,1.20113,1.200085,1.20036,3187
2026-01-28 01:30:00,1.200365,1.20069,1.199395,1.199935,2759
2026-01-28 01:45:00,1.199945,1.20055,1.19927,1.19928,2804
2026-01-28 02:00:00,1.199285,1.19982,1.19872,1.198745,2579
2026-01-28 02:15:00,1.19875,1.199535,1.198725,1.19941,2268
2026-01-28 02:30:00,1.199415,1.1997,1.19933,1.199505,1626
2026-01-28 02:45:00,1.199505,1.19999,1.199505,1.199745,1566
2026-01-28 03:00:00,1.19975,1.200295,1.19964,1.200265,1282
2026-01-28 03:15:00,1.20026,1.200495,1.20012,1.20015,1511
2026-01-28 03:30:00,1.200155,1.200165,1.199515,1.199555,1271
2026-01-28 03:45:00,1.19955,1.199955,1.199545,1.199685,1278
2026-01-28 04:00:00,1.19969,1.199755,1.199135,1.199365,1055
2026-01-28 04:15:00,1.19937,1.19954,1.199235,1.19933,792
2026-01-28 04:30:00,1.19933,1.199585,1.199225,1.199505,880
2026-01-28 04:45:00,1.199505,1.200175,1.19931,1.200015,1538
2026-01-28 05:00:00,1.20002,1.20009,1.19748,1.198425,6358
2026-01-28 05:15:00,1.19843,1.199225,1.198415,1.199065,2271
2026-01-28 05:30:00,1.19907,1.1994,1.198645,1.199395,1997
2026-01-28 05:45:00,1.19939,1.19974,1.19916,1.199695,1452
2026-01-28 06:00:00,1.1997,1.199875,1.199305,1.199745,2446
2026-01-28 06:15:00,1.199745,1.200255,1.19945,1.200145,2369
2026-01-28 06:30:00,1.20015,1.200705,1.199405,1.199545,3047
2026-01-28 06:45:00,1.19955,1.19971,1.199015,1.199525,2127
2026-01-28 07:00:00,1.19952,1.202155,1.19949,1.202135,4671
2026-01-28 07:15:00,1.20213,1.20258,1.20028,1.200335,6183
2026-01-28 07:30:00,1.20034,1.200345,1.19881,1.1993,3713
2026-01-28 07:45:00,1.1993,1.19942,1.19843,1.199135,3405
2026-01-28 08:00:00,1.19915,1.19975,1.19862,1.199225,4808
2026-01-28 08:15:00,1.19923,1.200475,1.198785,1.199945,4470
2026-01-28 08:30:00,1.199945,1.199965,1.19868,1.198785,4211
2026-01-28 08:45:00,1.19879,1.198795,1.19705,1.19805,7445
2026-01-28 09:00:00,1.198055,1.198635,1.197515,1.197685,4468
2026-01-28 09:15:00,1.19769,1.198445,1.19769,1.198425,3729
2026-01-28 09:30:00,1.19841,1.199275,1.19808,1.198445,3137
2026-01-28 09:45:00,1.198445,1.199135,1.1982,1.19869,2870
2026-01-28 10:00:00,1.198695,1.198985,1.19774,1.198565,3130
2026-01-28 10:15:00,1.198565,1.198585,1.19726,1.197505,3218
2026-01-28 10:30:00,1.19751,1.19865,1.19734,1.198645,2651
2026-01-28 10:45:00,1.19864,1.19949,1.19855,1.19891,3380
2026-01-28 11:00:00,1.19892,1.19897,1.197235,1.19743,3088
2026-01-28 11:15:00,1.19743,1.19743,1.19652,1.196885,3692
2026-01-28 11:30:00,1.19688,1.19714,1.196185,1.196665,2630
2026-01-28 11:45:00,1.196665,1.197465,1.196605,1.196795,2453
2026-01-28 12:00:00,1.1968,1.19756,1.196605,1.19729,2816
2026-01-28 12:15:00,1.19727,1.19828,1.19701,1.198165,2756
2026-01-28 12:30:00,1.19817,1.19834,1.19739,1.197395,2879
2026-01-28 12:45:00,1.1974,1.19803,1.197215,1.19798,2827
2026-01-28 13:00:00,1.197985,1.198085,1.19689,1.19726,3208
2026-01-28 13:15:00,1.19727,1.197365,1.195755,1.196235,4099
2026-01-28 13:30:00,1.196245,1.196915,1.195915,1.19628,3311
2026-01-28 13:45:00,1.196285,1.19657,1.19519,1.195755,4211
2026-01-28 14:00:00,1.195765,1.196385,1.19526,1.196385,4255
2026-01-28 14:15:00,1.19639,1.196785,1.196035,1.19671,2865
2026-01-28 14:30:00,1.196705,1.197755,1.196345,1.197665,4413
2026-01-28 14:45:00,1.19766,1.19776,1.195535,1.196245,5346
2026-01-28 15:00:00,1.19625,1.19702,1.192295,1.19377,15204
2026-01-28 15:15:00,1.193765,1.19484,1.19325,1.194715,12718
2026-01-28 15:30:00,1.19471,1.19582,1.19435,1.195735,8564
2026-01-28 15:45:00,1.19573,1.195785,1.193185,1.194335,12259
2026-01-28 16:00:00,1.19434,1.195265,1.19363,1.193645,7564
2026-01-28 16:15:00,1.19365,1.19475,1.192685,1.19275,5342
2026-01-28 16:30:00,1.192745,1.19369,1.19187,1.193355,4907
2026-01-28 16:45:00,1.19335,1.194075,1.19322,1.194055,5137
2026-01-28 17:00:00,1.19406,1.194335,1.19341,1.19369,2904
2026-01-28 17:15:00,1.193685,1.194,1.193015,1.19346,2658
2026-01-28 17:30:00,1.193465,1.193965,1.19281,1.193085,2311
2026-01-28 17:45:00,1.19308,1.19412,1.192955,1.194105,2400
2026-01-28 18:00:00,1.19411,1.19423,1.19313,1.19317,2062
2026-01-28 18:15:00,1.19316,1.19362,1.19282,1.1935,2377
2026-01-28 18:30:00,1.193505,1.19353,1.192115,1.19212,3454
2026-01-28 18:45:00,1.192125,1.192435,1.191445,1.192155,4241
2026-01-28 19:00:00,1.19216,1.193365,1.18957,1.190995,13414
2026-01-28 19:15:00,1.19099,1.19163,1.190205,1.19036,7103
2026-01-28 19:30:00,1.190355,1.193045,1.190165,1.192075,8560
2026-01-28 19:45:00,1.192045,1.194185,1.1918,1.194055,8071
2026-01-28 20:00:00,1.19406,1.194915,1.19294,1.19304,6318
2026-01-28 20:15:00,1.193045,1.194565,1.193035,1.194395,4209
2026-01-28 20:30:00,1.1944,1.19503,1.19429,1.194695,3018
2026-01-28 20:45:00,1.194685,1.194955,1.194425,1.194565,2990
2026-01-28 21:00:00,1.194555,1.19529,1.194465,1.194955,1826
2026-01-28 21:15:00,1.194975,1.195115,1.194215,1.194245,1472
2026-01-28 21:30:00,1.19424,1.19502,1.194175,1.194845,1366
2026-01-28 21:45:00,1.19484,1.195475,1.194835,1.195425,2078
2026-01-28 22:00:00,1.195425,1.19559,1.195335,1.19557,73
2026-01-28 22:15:00,1.19557,1.195645,1.19552,1.19563,171
2026-01-28 22:30:00,1.19563,1.195675,1.195555,1.195565,185
2026-01-28 22:45:00,1.195565,1.195705,1.195565,1.195605,243
2026-01-28 23:00:00,1.195625,1.195935,1.195245,1.195935,1271
2026-01-28 23:15:00,1.19594,1.197265,1.19593,1.196745,1640
2026-01-28 23:30:00,1.196745,1.197755,1.196715,1.19719,2835
2026-01-28 23:45:00,1.197195,1.198115,1.196575,1.1981,2547
2026-01-29 00:00:00,1.19809,1.19809,1.196905,1.19787,3558
2026-01-29 00:15:00,1.19787,1.19829,1.197665,1.19823,2442
2026-01-29 00:30:00,1.198235,1.198535,1.197365,1.19747,2432
2026-01-29 00:45:00,1.197465,1.197615,1.19731,1.197365,1961
2026-01-29 01:00:00,1.19736,1.19736,1.196085,1.196345,3351
2026-01-29 01:15:00,1.196345,1.196525,1.19569,1.19609,1944
2026-01-29 01:30:00,1.196095,1.1965,1.19594,1.19623,2342
2026-01-29 01:45:00,1.196235,1.196545,1.19598,1.196135,1808
2026-01-29 02:00:00,1.196135,1.19614,1.195325,1.19601,2214
2026-01-29 02:15:00,1.19601,1.196855,1.195865,1.196815,1377
2026-01-29 02:30:00,1.196805,1.197355,1.19676,1.197265,1818
2026-01-29 02:45:00,1.197265,1.19757,1.197095,1.19732,1598
2026-01-29 03:00:00,1.197315,1.197975,1.19706,1.197875,2033
2026-01-29 03:15:00,1.19787,1.198115,1.19766,1.197865,1696
2026-01-29 03:30:00,1.197865,1.198225,1.1975,1.198105,1982
2026-01-29 03:45:00,1.19813,1.1987,1.198035,1.198655,909
2026-01-29 04:00:00,1.198655,1.199065,1.198275,1.198325,1361
2026-01-29 04:15:00,1.19832,1.19882,1.197535,1.19853,2176
2026-01-29 04:30:00,1.19853,1.198795,1.19823,1.19823,1310
2026-01-29 04:45:00,1.198235,1.19907,1.198235,1.199015,1045
2026-01-29 05:00:00,1.199005,1.19936,1.198655,1.19871,1339
2026-01-29 05:15:00,1.198705,1.198885,1.198175,1.198525,1469
2026-01-29 05:30:00,1.19855,1.19889,1.198345,1.198545,1705
2026-01-29 05:45:00,1.19855,1.198635,1.19805,1.198125,1386
2026-01-29 06:00:00,1.198115,1.198295,1.19754,1.19786,1939
2026-01-29 06:15:00,1.19785,1.19891,1.197805,1.198515,2455
2026-01-29 06:30:00,1.19852,1.19878,1.19831,1.198625,1786
2026-01-29 06:45:00,1.19863,1.198685,1.198425,1.19845,2448
2026-01-29 07:00:00,1.198455,1.199665,1.198405,1.198585,3477
2026-01-29 07:15:00,1.198585,1.198945,1.19812,1.198215,2846
2026-01-29 07:30:00,1.19821,1.198315,1.197025,1.197165,4180
2026-01-29 07:45:00,1.19717,1.197545,1.19673,1.1974,2310
2026-01-29 08:00:00,1.19739,1.19858,1.197325,1.198125,3667
2026-01-29 08:15:00,1.19812,1.198185,1.197205,1.19763,3493
2026-01-29 08:30:00,1.197625,1.197925,1.19641,1.196845,4200
2026-01-29 08:45:00,1.19684,1.197125,1.19614,1.196855,3365
2026-01-29 09:00:00,1.19685,1.197425,1.196665,1.197005,3239
2026-01-29 09:15:00,1.19701,1.197175,1.19613,1.196315,3037
2026-01-29 09:30:00,1.196315,1.197015,1.19624,1.19654,2963
2026-01-29 09:45:00,1.19654,1.196565,1.195155,1.195585,3160
2026-01-29 10:00:00,1.195595,1.195795,1.195035,1.19547,3028
2026-01-29 10:15:00,1.195465,1.19554,1.19466,1.19536,2943
2026-01-29 10:30:00,1.195355,1.195525,1.19481,1.195095,2681
2026-01-29 10:45:00,1.195085,1.195085,1.193875,1.19423,3294
2026-01-29 11:00:00,1.194235,1.19471,1.19383,1.194695,3214
2026-01-29 11:15:00,1.194695,1.195215,1.19436,1.194835,2370
2026-01-29 11:30:00,1.19483,1.195055,1.19455,1.19487,2319
2026-01-29 11:45:00,1.194875,1.19531,1.194625,1.19471,2012
2026-01-29 12:00:00,1.194715,1.194925,1.194215,1.19486,2460
2026-01-29 12:15:00,1.194855,1.195185,1.194685,1.19515,1571
2026-01-29 12:30:00,1.19515,1.19519,1.194505,1.194785,2017
2026-01-29 12:45:00,1.19479,1.19624,1.194705,1.196125,4114
2026-01-29 13:00:00,1.19612,1.19685,1.19583,1.196335,3568
2026-01-29 13:15:00,1.19634,1.196855,1.19601,1.19651,3161
2026-01-29 13:30:00,1.196515,1.197085,1.19553,1.196475,5323
2026-01-29 13:45:00,1.196465,1.196475,1.19403,1.195615,9151
2026-01-29 14:00:00,1.19562,1.196495,1.19521,1.19648,5067
2026-01-29 14:15:00,1.196475,1.197055,1.196155,1.19658,4781
2026-01-29 14:30:00,1.196575,1.19692,1.195515,1.19686,6717
2026-01-29 14:45:00,1.196855,1.197145,1.196115,1.197045,6174
2026-01-29 15:00:00,1.19705,1.197265,1.194565,1.19483,10572
2026-01-29 15:15:00,1.194835,1.19484,1.1906,1.19093,16154
2026-01-29 15:30:00,1.190935,1.19348,1.19071,1.19134,14097
2026-01-29 15:45:00,1.191335,1.193015,1.19129,1.19296,12115
2026-01-29 16:00:00,1.192955,1.194275,1.192725,1.19364,8937
2026-01-29 16:15:00,1.193635,1.194025,1.19282,1.19365,8657
2026-01-29 16:30:00,1.19364,1.194725,1.19316,1.19443,6918
2026-01-29 16:45:00,1.194435,1.19529,1.19426,1.19427,5973
2026-01-29 17:00:00,1.194275,1.195315,1.194275,1.1948,6893
2026-01-29 17:15:00,1.19481,1.196015,1.194445,1.19556,6158
2026-01-29 17:30:00,1.195565,1.196155,1.19547,1.196065,4948
2026-01-29 17:45:00,1.19606,1.196065,1.195045,1.195575,5623
2026-01-29 18:00:00,1.19557,1.195985,1.19512,1.195575,4312
2026-01-29 18:15:00,1.19558,1.195585,1.19484,1.195185,4140
2026-01-29 18:30:00,1.19519,1.19649,1.19508,1.19616,4248
2026-01-29 18:45:00,1.19616,1.196365,1.195785,1.19579,2808
2026-01-29 19:00:00,1.195785,1.195805,1.19502,1.195055,2782
2026-01-29 19:15:00,1.19506,1.196055,1.19506,1.195805,2283
2026-01-29 19:30:00,1.19581,1.19581,1.1951,1.19535,2880
2026-01-29 19:45:00,1.195345,1.19554,1.195085,1.195145,2419
2026-01-29 20:00:00,1.19514,1.195795,1.19459,1.195545,2299
2026-01-29 20:15:00,1.195545,1.196095,1.1955,1.195985,1512
2026-01-29 20:30:00,1.19599,1.196685,1.1959,1.1964,1522
2026-01-29 20:45:00,1.19639,1.19684,1.196365,1.196485,2121
2026-01-29 21:00:00,1.196495,1.196785,1.196195,1.19677,2005
2026-01-29 21:15:00,1.196775,1.19684,1.19661,1.196705,1333
2026-01-29 21:30:00,1.19671,1.197145,1.196685,1.19698,1264
2026-01-29 21:45:00,1.196985,1.197155,1.19688,1.19711,2135
2026-01-29 22:00:00,1.19711,1.19711,1.19665,1.19669,129
2026-01-29 22:15:00,1.196695,1.196755,1.196655,1.19675,73
2026-01-29 22:30:00,1.196745,1.19683,1.19669,1.19682,206
2026-01-29 22:45:00,1.19682,1.196975,1.19675,1.196955,713
2026-01-29 23:00:00,1.196935,1.197155,1.19679,1.19705,989
2026-01-29 23:15:00,1.19705,1.197425,1.197025,1.19741,678
2026-01-29 23:30:00,1.197405,1.197465,1.19714,1.19722,1069
2026-01-29 23:45:00,1.19722,1.19724,1.19651,1.196745,909
2026-01-30 00:00:00,1.196735,1.19731,1.19666,1.196985,1430
2026-01-30 00:15:00,1.196985,1.197045,1.19375,1.1947,5183
2026-01-30 00:30:00,1.194705,1.194855,1.19345,1.19348,4993
2026-01-30 00:45:00,1.193485,1.193605,1.19301,1.1932,4891
2026-01-30 01:00:00,1.193205,1.19344,1.192125,1.192805,4990
2026-01-30 01:15:00,1.192825,1.19398,1.191445,1.192815,5609
2026-01-30 01:30:00,1.19281,1.193865,1.192405,1.19361,3478
2026-01-30 01:45:00,1.193605,1.19367,1.19153,1.191705,4985
2026-01-30 02:00:00,1.1917,1.191855,1.190795,1.19124,7165
2026-01-30 02:15:00,1.191245,1.192665,1.1895,1.19084,9327
2026-01-30 02:30:00,1.190845,1.19137,1.190095,1.191275,6912
2026-01-30 02:45:00,1.19128,1.19196,1.191275,1.19185,3891
2026-01-30 03:00:00,1.19186,1.191995,1.19139,1.19186,2900
2026-01-30 03:15:00,1.191855,1.19205,1.19141,1.191675,3008
2026-01-30 03:30:00,1.19167,1.19218,1.191305,1.191465,2454
2026-01-30 03:45:00,1.19147,1.19231,1.19145,1.191995,2571
2026-01-30 04:00:00,1.19199,1.193455,1.191905,1.19316,2566
2026-01-30 04:15:00,1.19316,1.19325,1.192195,1.19241,2136
2026-01-30 04:30:00,1.19241,1.192765,1.192305,1.19246,1231
2026-01-30 04:45:00,1.19246,1.19252,1.192015,1.192435,1242
2026-01-30 05:00:00,1.19244,1.193475,1.19241,1.19343,1714
2026-01-30 05:15:00,1.193435,1.19352,1.192425,1.19244,1663
2026-01-30 05:30:00,1.192435,1.19259,1.19145,1.19156,2662
2026-01-30 05:45:00,1.191565,1.19257,1.191565,1.19248,2055
2026-01-30 06:00:00,1.192485,1.193315,1.192335,1.193095,3310
2026-01-30 06:15:00,1.193105,1.19321,1.19174,1.191825,4084
2026-01-30 06:30:00,1.19182,1.19283,1.19177,1.192245,4253
2026-01-30 06:45:00,1.19224,1.192335,1.1914,1.191905,5278
2026-01-30 07:00:00,1.1919,1.1926,1.19148,1.191845,5527
2026-01-30 07:15:00,1.19185,1.192855,1.191695,1.1928,4520
2026-01-30 07:30:00,1.192805,1.193065,1.19226,1.19306,4410
2026-01-30 07:45:00,1.193065,1.194255,1.192935,1.19379,5593
2026-01-30 08:00:00,1.1938,1.19432,1.19351,1.193995,4786
2026-01-30 08:15:00,1.194,1.194175,1.193275,1.193345,3561
2026-01-30 08:30:00,1.19333,1.193555,1.192335,1.19317,4473
2026-01-30 08:45:00,1.193165,1.19358,1.192985,1.193315,2856
2026-01-30 09:00:00,1.193305,1.193815,1.192555,1.192595,5048
2026-01-30 09:15:00,1.1926,1.192945,1.19177,1.191885,4547
2026-01-30 09:30:00,1.19188,1.1926,1.1914,1.19141,4594
2026-01-30 09:45:00,1.191415,1.191425,1.18984,1.190825,5973
2026-01-30 10:00:00,1.19081,1.191615,1.190485,1.19156,4544
2026-01-30 10:15:00,1.191565,1.192,1.19151,1.191825,2944
2026-01-30 10:30:00,1.191825,1.192005,1.19145,1.19167,2801
2026-01-30 10:45:00,1.191675,1.19252,1.191655,1.19211,2832
2026-01-30 11:00:00,1.192115,1.193445,1.192065,1.193375,2838
2026-01-30 11:15:00,1.193365,1.193565,1.192515,1.193445,3910
2026-01-30 11:30:00,1.19344,1.193935,1.193285,1.19358,2433
2026-01-30 11:45:00,1.19358,1.19506,1.193145,1.194915,5492
2026-01-30 12:00:00,1.19492,1.19547,1.19454,1.195205,3879
2026-01-30 12:15:00,1.1952,1.195205,1.194135,1.194215,3622
2026-01-30 12:30:00,1.19422,1.194415,1.19258,1.192695,3409
2026-01-30 12:45:00,1.19269,1.192745,1.191515,1.19195,3774
2026-01-30 13:00:00,1.19194,1.192415,1.19135,1.191935,5032
2026-01-30 13:15:00,1.19194,1.19246,1.1913,1.19196,3960
2026-01-30 13:30:00,1.191975,1.192245,1.190835,1.192215,6322
2026-01-30 13:45:00,1.192205,1.192205,1.19019,1.19127,6162
2026-01-30 14:00:00,1.191275,1.192125,1.191055,1.191555,6654
2026-01-30 14:15:00,1.19155,1.19193,1.190555,1.190775,4922
2026-01-30 14:30:00,1.19078,1.191715,1.190615,1.191395,5656
2026-01-30 14:45:00,1.19139,1.19165,1.19011,1.19063,6415
2026-01-30 15:00:00,1.19062,1.19062,1.18875,1.189025,7635
2026-01-30 15:15:00,1.189015,1.190075,1.18901,1.18958,6389
2026-01-30 15:30:00,1.189575,1.190425,1.18831,1.190265,6446
2026-01-30 15:45:00,1.19028,1.19033,1.18884,1.189525,8221
2026-01-30 16:00:00,1.18954,1.189765,1.1885,1.188805,5831
2026-01-30 16:15:00,1.18882,1.188835,1.1878,1.18797,5311
2026-01-30 16:30:00,1.187975,1.188455,1.187165,1.18821,5387
2026-01-30 16:45:00,1.188215,1.188785,1.18756,1.188605,5529
2026-01-30 17:00:00,1.18861,1.18876,1.18709,1.18717,4865
2026-01-30 17:15:00,1.187165,1.1885,1.186705,1.188365,4972
2026-01-30 17:30:00,1.18836,1.18836,1.187035,1.187305,4080
2026-01-30 17:45:00,1.187305,1.1875,1.186665,1.187245,4673
2026-01-30 18:00:00,1.187235,1.18731,1.186545,1.186835,4268
2026-01-30 18:15:00,1.18683,1.18705,1.18546,1.185765,7755
2026-01-30 18:30:00,1.18576,1.186605,1.18548,1.186555,6975
2026-01-30 18:45:00,1.186555,1.18845,1.18653,1.187835,6443
2026-01-30 19:00:00,1.18784,1.188495,1.187715,1.187715,5107
2026-01-30 19:15:00,1.187725,1.187765,1.187025,1.187205,4099
2026-01-30 19:30:00,1.18721,1.187815,1.18682,1.187705,4011
2026-01-30 19:45:00,1.187705,1.18783,1.18646,1.186945,4329
2026-01-30 20:00:00,1.186925,1.186925,1.18618,1.18625,2599
2026-01-30 20:15:00,1.186245,1.18627,1.185555,1.18571,2420
2026-01-30 20:30:00,1.185715,1.18605,1.185515,1.18591,2078
2026-01-30 20:45:00,1.1859,1.18602,1.18529,1.18529,3302
2026-01-30 21:00:00,1.1853,1.185635,1.18503,1.185545,2824
2026-01-30 21:15:00,1.18555,1.185585,1.185035,1.18512,2164
2026-01-30 21:30:00,1.185125,1.18558,1.185,1.18547,1378
2026-01-30 21:45:00,1.185475,1.185675,1.18499,1.185,4173
2026-02-01 22:00:00,1.185,1.185555,1.185,1.185075,93
2026-02-01 22:15:00,1.18503,1.185305,1.184905,1.185155,393
2026-02-01 22:30:00,1.185115,1.185225,1.18507,1.185085,312
2026-02-01 22:45:00,1.185085,1.185175,1.18474,1.185105,910
2026-02-01 23:00:00,1.185115,1.18516,1.184015,1.184125,3237
2026-02-01 23:15:00,1.18413,1.184685,1.18397,1.184485,3496
2026-02-01 23:30:00,1.184495,1.1857,1.18441,1.18554,2952
2026-02-01 23:45:00,1.18554,1.18565,1.184565,1.18462,3761
2026-02-02 00:00:00,1.18463,1.187385,1.18463,1.18722,5441
2026-02-02 00:15:00,1.187225,1.187475,1.186865,1.187165,5494
2026-02-02 00:30:00,1.18717,1.18733,1.18661,1.186665,4475
2026-02-02 00:45:00,1.186665,1.18678,1.186125,1.18667,2700
2026-02-02 01:00:00,1.186675,1.186915,1.18529,1.18546,5096
2026-02-02 01:15:00,1.18546,1.18643,1.185285,1.18622,5083
2026-02-02 01:30:00,1.186225,1.186915,1.18598,1.18671,4892
2026-02-02 01:45:00,1.186705,1.18726,1.186635,1.18706,4236
2026-02-02 02:00:00,1.187065,1.187475,1.186675,1.186795,4375
2026-02-02 02:15:00,1.18679,1.187295,1.1867,1.186705,3317
2026-02-02 02:30:00,1.186715,1.18743,1.186715,1.187365,2551
2026-02-02 02:45:00,1.187365,1.18747,1.18631,1.18632,2823
2026-02-02 03:00:00,1.186315,1.18701,1.18631,1.18656,2465
2026-02-02 03:15:00,1.18656,1.187185,1.186335,1.18683,2235
2026-02-02 03:30:00,1.186835,1.187035,1.18633,1.18687,2511
2026-02-02 03:45:00,1.186865,1.187135,1.18636,1.186415,1926
2026-02-02 04:00:00,1.18642,1.187265,1.1863,1.186815,3889
2026-02-02 04:15:00,1.18681,1.186935,1.186285,1.18633,1867
2026-02-02 04:30:00,1.186325,1.18666,1.185805,1.18603,1705
2026-02-02 04:45:00,1.18604,1.186365,1.185985,1.18632,1554
2026-02-02 05:00:00,1.186315,1.18638,1.18585,1.18613,1743
2026-02-02 05:15:00,1.18613,1.186325,1.185205,1.185455,1712
2026-02-02 05:30:00,1.18546,1.18565,1.185115,1.18525,2610
2026-02-02 05:45:00,1.185255,1.185305,1.1841,1.18507,3929
2026-02-02 06:00:00,1.185075,1.18546,1.184485,1.184755,3858
2026-02-02 06:15:00,1.18476,1.185115,1.184325,1.18462,4694
2026-02-02 06:30:00,1.184625,1.1853,1.184575,1.185265,5173
2026-02-02 06:45:00,1.185265,1.1854,1.18497,1.185375,3596
2026-02-02 07:00:00,1.18538,1.18631,1.185195,1.18573,5250
2026-02-02 07:15:00,1.18572,1.18634,1.18542,1.18629,3919
2026-02-02 07:30:00,1.186295,1.18633,1.18516,1.185675,4248
2026-02-02 07:45:00,1.18568,1.18606,1.18521,1.185365,4504
2026-02-02 08:00:00,1.18538,1.1862,1.18481,1.186195,6617
2026-02-02 08:15:00,1.186185,1.18666,1.185715,1.18626,4203
2026-02-02 08:30:00,1.186255,1.186615,1.18551,1.18567,3894
2026-02-02 08:45:00,1.18567,1.186025,1.18437,1.18508,4219
2026-02-02 09:00:00,1.185085,1.18542,1.184465,1.185205,4410
2026-02-02 09:15:00,1.1852,1.185995,1.18477,1.185705,4188
2026-02-02 09:30:00,1.18573,1.18588,1.1852,1.18554,3848
2026-02-02 09:45:00,1.18554,1.186515,1.185395,1.186235,3859
2026-02-02 10:00:00,1.18623,1.186915,1.18586,1.18688,3946
2026-02-02 10:15:00,1.186885,1.18705,1.186445,1.18667,2644
2026-02-02 10:30:00,1.186665,1.18671,1.18592,1.186,3827
2026-02-02 10:45:00,1.186,1.186825,1.18588,1.186475,2651
2026-02-02 11:00:00,1.18647,1.18693,1.18626,1.186515,2812
2026-02-02 11:15:00,1.18652,1.18682,1.186185,1.18672,2566
2026-02-02 11:30:00,1.186725,1.18714,1.186055,1.186225,2584
2026-02-02 11:45:00,1.18622,1.18658,1.18609,1.18647,2838
2026-02-02 12:00:00,1.186465,1.187005,1.185455,1.18567,3826
2026-02-02 12:15:00,1.185675,1.185685,1.18511,1.185485,2769
2026-02-02 12:30:00,1.18548,1.185545,1.184495,1.184805,2721
2026-02-02 12:45:00,1.18481,1.185145,1.184305,1.184985,3462
2026-02-02 13:00:00,1.18498,1.18505,1.18341,1.18377,6820
2026-02-02 13:15:00,1.183775,1.18381,1.183025,1.183075,4932
2026-02-02 13:30:00,1.18307,1.183125,1.181965,1.18237,4836
2026-02-02 13:45:00,1.182375,1.18268,1.181795,1.18208,3594
2026-02-02 14:00:00,1.182075,1.18215,1.18079,1.18085,4996
2026-02-02 14:15:00,1.180845,1.1814,1.180545,1.18129,4328
2026-02-02 14:30:00,1.181295,1.18258,1.181035,1.18235,6293
2026-02-02 14:45:00,1.182355,1.18299,1.182155,1.182185,6540
2026-02-02 15:00:00,1.182135,1.182135,1.18031,1.18069,11086
2026-02-02 15:15:00,1.1807,1.181425,1.180035,1.18043,7392
2026-02-02 15:30:00,1.18042,1.18082,1.17918,1.179285,7375
2026-02-02 15:45:00,1.17929,1.179645,1.179035,1.179235,6309
2026-02-02 16:00:00,1.17924,1.180535,1.17904,1.1804,5074
2026-02-02 16:15:00,1.1804,1.180675,1.179895,1.18026,5018
2026-02-02 16:30:00,1.180255,1.1807,1.17998,1.180635,4277
2026-02-02 16:45:00,1.18064,1.18078,1.17986,1.180635,3825
2026-02-02 17:00:00,1.18064,1.181235,1.180585,1.1812,3297
2026-02-02 17:15:00,1.181205,1.18125,1.18018,1.18042,3991
2026-02-02 17:30:00,1.180415,1.1805,1.179505,1.180365,3591
2026-02-02 17:45:00,1.180375,1.180615,1.179665,1.18001,3837
2026-02-02 18:00:00,1.180015,1.180125,1.178215,1.17829,4300
2026-02-02 18:15:00,1.178285,1.178845,1.177975,1.17872,3335
2026-02-02 18:30:00,1.178725,1.17912,1.178415,1.17871,2529
2026-02-02 18:45:00,1.178715,1.178845,1.17776,1.177965,2645
2026-02-02 19:00:00,1.17797,1.17808,1.1776,1.177735,2814
2026-02-02 19:15:00,1.17773,1.1779,1.177605,1.177805,1774
2026-02-02 19:30:00,1.1778,1.178845,1.177635,1.178825,2088
2026-02-02 19:45:00,1.178835,1.17915,1.1785,1.17888,2652
2026-02-02 20:00:00,1.17887,1.17903,1.17846,1.17861,2131
2026-02-02 20:15:00,1.178605,1.178605,1.178035,1.17837,1757
2026-02-02 20:30:00,1.178375,1.17869,1.178125,1.17859,1684
2026-02-02 20:45:00,1.17859,1.17923,1.17851,1.17915,1891
2026-02-02 21:00:00,1.179145,1.179435,1.17903,1.17941,1333
2026-02-02 21:15:00,1.17941,1.17945,1.179225,1.1793,494
2026-02-02 21:30:00,1.179295,1.17939,1.17919,1.17929,250
2026-02-02 21:45:00,1.179285,1.1794,1.17887,1.17909,2122
2026-02-02 22:00:00,1.17909,1.179125,1.17871,1.17907,126
2026-02-02 22:15:00,1.179065,1.179155,1.178955,1.179015,199
2026-02-02 22:30:00,1.179095,1.179155,1.17901,1.17906,1720
2026-02-02 22:45:00,1.17906,1.179355,1.17895,1.17897,1798
2026-02-02 23:00:00,1.17896,1.17943,1.17876,1.179355,1048
2026-02-02 23:15:00,1.17936,1.179835,1.179355,1.179605,786
2026-02-02 23:30:00,1.1796,1.17984,1.17951,1.1796,849
2026-02-02 23:45:00,1.1796,1.179905,1.179405,1.1799,721
2026-02-03 00:00:00,1.1799,1.180425,1.17982,1.18034,1766
2026-02-03 00:15:00,1.180335,1.180585,1.180215,1.180495,1453
2026-02-03 00:30:00,1.180495,1.180715,1.180315,1.180315,939
2026-02-03 00:45:00,1.180315,1.18066,1.180185,1.18064,1484
2026-02-03 01:00:00,1.180645,1.180785,1.180165,1.18077,2030
2026-02-03 01:15:00,1.180775,1.181105,1.18074,1.18084,2216
2026-02-03 01:30:00,1.18083,1.18132,1.180755,1.181265,1521
2026-02-03 01:45:00,1.18126,1.181485,1.180985,1.1814,1253
2026-02-03 02:00:00,1.181395,1.18144,1.180915,1.18103,1381
2026-02-03 02:15:00,1.181025,1.18103,1.180655,1.18066,1654
2026-02-03 02:30:00,1.180665,1.180735,1.180285,1.1803,1120
2026-02-03 02:45:00,1.180295,1.180345,1.180075,1.18017,1058
2026-02-03 03:00:00,1.180165,1.180345,1.1801,1.180195,999
2026-02-03 03:15:00,1.1802,1.18048,1.180195,1.18043,1262
2026-02-03 03:30:00,1.180425,1.181195,1.18036,1.181105,2488
2026-02-03 03:45:00,1.1811,1.181265,1.18094,1.18094,1410
2026-02-03 04:00:00,1.180935,1.18151,1.18093,1.181335,1272
2026-02-03 04:15:00,1.181335,1.18166,1.1813,1.18138,1071
2026-02-03 04:30:00,1.18138,1.181565,1.18106,1.181145,1086
2026-02-03 04:45:00,1.181145,1.181385,1.180885,1.18093,877
2026-02-03 05:00:00,1.180935,1.18128,1.180635,1.18066,1093
2026-02-03 05:15:00,1.180655,1.18105,1.180495,1.18103,891
2026-02-03 05:30:00,1.18103,1.181315,1.18098,1.18117,738
2026-02-03 05:45:00,1.18117,1.181255,1.180805,1.180895,1068
2026-02-03 06:00:00,1.18089,1.181455,1.18079,1.181395,1165
2026-02-03 06:15:00,1.1814,1.18164,1.18128,1.181535,1464
2026-02-03 06:30:00,1.18154,1.181585,1.181085,1.18154,2150
2026-02-03 06:45:00,1.181535,1.18159,1.18122,1.181385,1481
2026-02-03 07:00:00,1.18138,1.181955,1.180985,1.18194,2604
2026-02-03 07:15:00,1.18193,1.18203,1.181335,1.181645,2635
2026-02-03 07:30:00,1.18164,1.182415,1.18162,1.18223,3300
2026-02-03 07:45:00,1.18224,1.18245,1.181525,1.18153,2621
2026-02-03 08:00:00,1.181535,1.181805,1.18107,1.18119,3658
2026-02-03 08:15:00,1.181195,1.181355,1.180375,1.18088,3291
2026-02-03 08:30:00,1.180875,1.181715,1.18055,1.181395,2823
2026-02-03 08:45:00,1.18139,1.18195,1.18127,1.18129,2289
2026-02-03 09:00:00,1.1813,1.181605,1.18059,1.180655,3880
2026-02-03 09:15:00,1.180655,1.18129,1.18055,1.1807,3602
2026-02-03 09:30:00,1.180705,1.18078,1.179925,1.18007,3708
2026-02-03 09:45:00,1.180065,1.180085,1.179215,1.179215,2484
2026-02-03 10:00:00,1.17922,1.18,1.17922,1.17978,2370
2026-02-03 10:15:00,1.179775,1.179785,1.17885,1.17946,2138
2026-02-03 10:30:00,1.179465,1.17954,1.178825,1.179055,1950
2026-02-03 10:45:00,1.17906,1.17906,1.17867,1.178715,1924
2026-02-03 11:00:00,1.17872,1.17924,1.17827,1.17901,2654
2026-02-03 11:15:00,1.17902,1.17923,1.178285,1.179135,2411
2026-02-03 11:30:00,1.17914,1.179475,1.178975,1.179035,1814
2026-02-03 11:45:00,1.179035,1.1791,1.17869,1.17872,1396
2026-02-03 12:00:00,1.178725,1.179235,1.178675,1.17905,1843
2026-02-03 12:15:00,1.17905,1.179555,1.178995,1.17917,1842
2026-02-03 12:30:00,1.179165,1.179735,1.17909,1.17971,2102
2026-02-03 12:45:00,1.179715,1.180025,1.17946,1.17966,2235
2026-02-03 13:00:00,1.179655,1.1805,1.17951,1.180485,3132
2026-02-03 13:15:00,1.180495,1.18067,1.17958,1.17963,3764
2026-02-03 13:30:00,1.179635,1.17996,1.17927,1.179705,2822
2026-02-03 13:45:00,1.17971,1.180165,1.179575,1.17961,2714
2026-02-03 14:00:00,1.179615,1.179635,1.17801,1.178395,5049
2026-02-03 14:15:00,1.178385,1.17909,1.178195,1.17905,3094
2026-02-03 14:30:00,1.17906,1.179905,1.178965,1.179675,5142
2026-02-03 14:45:00,1.179665,1.18013,1.1791,1.179105,4591
2026-02-03 15:00:00,1.1791,1.179825,1.17862,1.179585,5039
2026-02-03 15:15:00,1.17958,1.18097,1.17953,1.180835,4675
2026-02-03 15:30:00,1.180845,1.180925,1.18027,1.180675,4518
2026-02-03 15:45:00,1.18067,1.181365,1.18038,1.1813,4244
2026-02-03 16:00:00,1.181305,1.18165,1.18105,1.181385,3737
2026-02-03 16:15:00,1.181385,1.181795,1.18103,1.181045,3615
2026-02-03 16:30:00,1.18104,1.181795,1.181035,1.181755,3260
2026-02-03 16:45:00,1.18175,1.18214,1.181495,1.18178,3868
2026-02-03 17:00:00,1.181775,1.18229,1.18165,1.181935,3431
2026-02-03 17:15:00,1.181935,1.1829,1.181715,1.181885,4595
2026-02-03 17:30:00,1.18188,1.1821,1.18139,1.18145,2776
2026-02-03 17:45:00,1.181445,1.18187,1.181375,1.18164,2624
2026-02-03 18:00:00,1.181635,1.18226,1.18148,1.181535,2580
2026-02-03 18:15:00,1.18154,1.18198,1.181375,1.181415,2667
2026-02-03 18:30:00,1.18141,1.181665,1.181015,1.18129,2533
2026-02-03 18:45:00,1.18129,1.18158,1.18092,1.18092,2923
2026-02-03 19:00:00,1.18091,1.181245,1.18058,1.18108,3293
2026-02-03 19:15:00,1.181075,1.18117,1.180665,1.18112,2294
2026-02-03 19:30:00,1.181125,1.18162,1.181015,1.181385,2069
2026-02-03 19:45:00,1.18138,1.181715,1.181215,1.181355,2358
2026-02-03 20:00:00,1.18136,1.181505,1.18095,1.181465,2192
2026-02-03 20:15:00,1.181465,1.181575,1.18112,1.181205,1726
2026-02-03 20:30:00,1.18121,1.181965,1.18121,1.18164,2021
2026-02-03 20:45:00,1.181635,1.182185,1.181585,1.182105,1679
2026-02-03 21:00:00,1.182105,1.182535,1.182005,1.18252,810
2026-02-03 21:15:00,1.182515,1.182535,1.182165,1.182285,584
2026-02-03 21:30:00,1.18228,1.182475,1.18226,1.1824,480
2026-02-03 21:45:00,1.182395,1.182485,1.181785,1.181975,1731
2026-02-03 22:00:00,1.181975,1.181975,1.181675,1.181715,805
2026-02-03 22:15:00,1.1817,1.18177,1.18157,1.181735,92
2026-02-03 22:30:00,1.18175,1.182045,1.18175,1.181985,368
2026-02-03 22:45:00,1.181985,1.181985,1.181695,1.181745,2508
2026-02-03 23:00:00,1.18174,1.182045,1.181705,1.181855,789
2026-02-03 23:15:00,1.18185,1.18186,1.181285,1.18129,529
2026-02-03 23:30:00,1.181295,1.181625,1.18123,1.18148,584
2026-02-03 23:45:00,1.181485,1.18169,1.18148,1.18156,535
2026-02-04 00:00:00,1.181565,1.18162,1.18088,1.181215,1301
2026-02-04 00:15:00,1.18121,1.18155,1.181155,1.1815,704
2026-02-04 00:30:00,1.181495,1.181605,1.181275,1.181485,1053
2026-02-04 00:45:00,1.181485,1.18175,1.181255,1.181425,1356
2026-02-04 01:00:00,1.181435,1.182205,1.181235,1.182055,2067
2026-02-04 01:15:00,1.18206,1.18266,1.18202,1.182485,2292
2026-02-04 01:30:00,1.18248,1.182835,1.18205,1.18282,2027
2026-02-04 01:45:00,1.182815,1.18319,1.18246,1.1826,1919
2026-02-04 02:00:00,1.182605,1.183165,1.182465,1.18267,1475
2026-02-04 02:15:00,1.18267,1.182695,1.182305,1.18248,1384
2026-02-04 02:30:00,1.182485,1.18264,1.18236,1.182565,898
2026-02-04 02:45:00,1.182565,1.182605,1.181885,1.182215,1504
2026-02-04 03:00:00,1.18221,1.1825,1.18221,1.18241,1098
2026-02-04 03:15:00,1.182405,1.182465,1.18213,1.182355,1110
2026-02-04 03:30:00,1.18235,1.182375,1.18207,1.1822,731
2026-02-04 03:45:00,1.182195,1.182805,1.182155,1.182705,1079
2026-02-04 04:00:00,1.18271,1.18306,1.18254,1.18305,856
2026-02-04 04:15:00,1.183045,1.183065,1.182795,1.182955,668
2026-02-04 04:30:00,1.182955,1.183245,1.182845,1.18291,686
2026-02-04 04:45:00,1.1829,1.18358,1.182895,1.183555,1172
2026-02-04 05:00:00,1.18355,1.183575,1.18331,1.18335,698
2026-02-04 05:15:00,1.183345,1.183435,1.183185,1.183385,711
2026-02-04 05:30:00,1.183385,1.18359,1.18329,1.18354,782
2026-02-04 05:45:00,1.183545,1.183615,1.18305,1.18329,1203
2026-02-04 06:00:00,1.183295,1.183595,1.18325,1.183565,1092
2026-02-04 06:15:00,1.18357,1.183625,1.18316,1.183295,1874
2026-02-04 06:30:00,1.1833,1.183525,1.18311,1.18315,1421
2026-02-04 06:45:00,1.183155,1.183305,1.1829,1.182965,1214
2026-02-04 07:00:00,1.18296,1.1834,1.18248,1.18254,2296
2026-02-04 07:15:00,1.18255,1.183355,1.18241,1.18284,2053
2026-02-04 07:30:00,1.182845,1.18301,1.18246,1.18294,1752
2026-02-04 07:45:00,1.182935,1.183325,1.18278,1.1832,2353
2026-02-04 08:00:00,1.18319,1.183805,1.1827,1.18351,3204
2026-02-04 08:15:00,1.183515,1.18356,1.18282,1.183015,2354
2026-02-04 08:30:00,1.18301,1.18303,1.18245,1.182835,2411
2026-02-04 08:45:00,1.18283,1.183095,1.182375,1.18288,2436
2026-02-04 09:00:00,1.18289,1.18327,1.182555,1.18297,2263
2026-02-04 09:15:00,1.182965,1.18297,1.182415,1.18263,2536
2026-02-04 09:30:00,1.182635,1.18266,1.18163,1.18182,2887
2026-02-04 09:45:00,1.181815,1.181885,1.181125,1.181405,2532
2026-02-04 10:00:00,1.18141,1.181795,1.18121,1.18124,2265
2026-02-04 10:15:00,1.181235,1.18159,1.180995,1.181,1932
2026-02-04 10:30:00,1.18101,1.181345,1.180475,1.181005,2417
2026-02-04 10:45:00,1.18101,1.181445,1.180845,1.18135,1890
2026-02-04 11:00:00,1.181355,1.181485,1.18083,1.180835,2439
2026-02-04 11:15:00,1.18084,1.181085,1.18059,1.180845,2008
2026-02-04 11:30:00,1.18085,1.181545,1.180845,1.181305,1660
2026-02-04 11:45:00,1.18131,1.181375,1.18099,1.18103,1834
2026-02-04 12:00:00,1.18102,1.1814,1.180965,1.18126,1582
2026-02-04 12:15:00,1.181265,1.18175,1.181265,1.18157,1716
2026-02-04 12:30:00,1.181565,1.182375,1.181565,1.182365,1635
2026-02-04 12:45:00,1.18236,1.182495,1.18191,1.182165,2293
2026-02-04 13:00:00,1.18217,1.18239,1.181865,1.182155,3170
2026-02-04 13:15:00,1.18216,1.18273,1.181305,1.18138,4843
2026-02-04 13:30:00,1.181385,1.18208,1.18113,1.18181,4487
2026-02-04 13:45:00,1.181815,1.18246,1.181525,1.182245,3345
2026-02-04 14:00:00,1.18225,1.18257,1.180535,1.18077,4717
2026-02-04 14:15:00,1.180775,1.18158,1.180685,1.180785,3371
2026-02-04 14:30:00,1.18077,1.18149,1.18024,1.18144,5582
2026-02-04 14:45:00,1.181435,1.181995,1.181365,1.18148,5294
2026-02-04 15:00:00,1.181455,1.18222,1.181195,1.18206,7002
2026-02-04 15:15:00,1.182055,1.182195,1.180645,1.180965,4727
2026-02-04 15:30:00,1.18097,1.181015,1.17964,1.180345,5763
2026-02-04 15:45:00,1.18034,1.18058,1.17933,1.17963,4636
2026-02-04 16:00:00,1.17964,1.17992,1.17921,1.17936,4738
2026-02-04 16:15:00,1.179365,1.1799,1.179055,1.179805,3720
2026-02-04 16:30:00,1.179805,1.17995,1.179105,1.17957,3182
2026-02-04 16:45:00,1.179575,1.18057,1.17929,1.180265,3888
2026-02-04 17:00:00,1.180265,1.181145,1.1801,1.181085,3745
2026-02-04 17:15:00,1.18109,1.181505,1.180355,1.180895,3533
2026-02-04 17:30:00,1.18088,1.18096,1.179425,1.17957,4940
2026-02-04 17:45:00,1.179565,1.18014,1.179505,1.17976,3589
2026-02-04 18:00:00,1.179765,1.18013,1.17949,1.17949,3111
2026-02-04 18:15:00,1.179495,1.18008,1.179495,1.179635,2563
2026-02-04 18:30:00,1.179635,1.1801,1.179565,1.180065,2278
2026-02-04 18:45:00,1.18007,1.180175,1.17979,1.180095,2336
2026-02-04 19:00:00,1.1801,1.18017,1.179445,1.17992,3443
2026-02-04 19:15:00,1.179925,1.18018,1.1796,1.17996,2548
2026-02-04 19:30:00,1.179955,1.18046,1.17995,1.180325,1966
2026-02-04 19:45:00,1.180325,1.18096,1.18028,1.18092,3116
2026-02-04 20:00:00,1.180915,1.180965,1.18047,1.18062,1677
2026-02-04 20:15:00,1.18062,1.18067,1.180245,1.18025,1377
2026-02-04 20:30:00,1.180255,1.180525,1.180155,1.18042,1327
2026-02-04 20:45:00,1.180425,1.18067,1.18022,1.18036,1410
2026-02-04 21:00:00,1.180365,1.180505,1.18024,1.18039,935
2026-02-04 21:15:00,1.180395,1.180545,1.180315,1.180545,852
2026-02-04 21:30:00,1.180545,1.180805,1.180345,1.180515,870
2026-02-04 21:45:00,1.180515,1.180775,1.18031,1.18073,1514
2026-02-04 22:00:00,1.18074,1.18074,1.18051,1.180525,70
2026-02-04 22:15:00,1.180525,1.180595,1.180515,1.180535,82
2026-02-04 22:30:00,1.180535,1.180585,1.18049,1.180575,233
2026-02-04 22:45:00,1.180575,1.18077,1.180565,1.180665,304
2026-02-04 23:00:00,1.180655,1.180745,1.18056,1.180695,623
2026-02-04 23:15:00,1.180695,1.180785,1.18034,1.18036,616
2026-02-04 23:30:00,1.180355,1.180595,1.18032,1.18043,632
2026-02-04 23:45:00,1.18043,1.18048,1.18004,1.180165,758
2026-02-05 00:00:00,1.18016,1.180315,1.180015,1.180115,935
2026-02-05 00:15:00,1.18011,1.18026,1.180055,1.180225,948
2026-02-05 00:30:00,1.18023,1.180235,1.179955,1.18006,722
2026-02-05 00:45:00,1.180065,1.18048,1.180065,1.18044,1473
2026-02-05 01:00:00,1.180445,1.1806,1.1804,1.180565,1246
2026-02-05 01:15:00,1.18056,1.180675,1.1802,1.18036,1949
2026-02-05 01:30:00,1.18036,1.180835,1.180225,1.18052,1370
2026-02-05 01:45:00,1.180525,1.180545,1.180285,1.180375,1220
2026-02-05 02:00:00,1.18038,1.18054,1.179465,1.17968,2488
2026-02-05 02:15:00,1.179685,1.17973,1.17912,1.17948,3352
2026-02-05 02:30:00,1.17949,1.179935,1.17942,1.17953,1785
2026-02-05 02:45:00,1.17953,1.17953,1.178485,1.178565,3182
2026-02-05 03:00:00,1.17857,1.17903,1.178285,1.17878,2978
2026-02-05 03:15:00,1.17878,1.1791,1.178585,1.17884,1614
2026-02-05 03:30:00,1.178835,1.178905,1.17841,1.17877,1984
2026-02-05 03:45:00,1.178765,1.17895,1.178515,1.17893,1349
2026-02-05 04:00:00,1.178935,1.17901,1.17867,1.17881,976
2026-02-05 04:15:00,1.17881,1.179065,1.17877,1.179005,696
2026-02-05 04:30:00,1.179,1.17906,1.178925,1.179,508
2026-02-05 04:45:00,1.178995,1.17911,1.17876,1.178765,904
2026-02-05 05:00:00,1.17877,1.17888,1.17861,1.178665,821
2026-02-05 05:15:00,1.17867,1.17875,1.17846,1.178605,954
2026-02-05 05:30:00,1.178605,1.178955,1.178435,1.17887,952
2026-02-05 05:45:00,1.17886,1.179035,1.1787,1.17902,792
2026-02-05 06:00:00,1.179015,1.179095,1.17846,1.178535,1255
2026-02-05 06:15:00,1.178535,1.178875,1.178535,1.178735,1601
2026-02-05 06:30:00,1.17874,1.17916,1.178535,1.178985,1422
2026-02-05 06:45:00,1.17899,1.17909,1.178665,1.17906,1286
2026-02-05 07:00:00,1.179055,1.180325,1.17905,1.17967,2454
2026-02-05 07:15:00,1.179665,1.180035,1.17957,1.17999,2092
2026-02-05 07:30:00,1.17999,1.18016,1.17958,1.17976,2243
2026-02-05 07:45:00,1.179765,1.180355,1.17976,1.1799,2416
2026-02-05 08:00:00,1.17989,1.18077,1.17973,1.180575,3592
2026-02-05 08:15:00,1.18057,1.180885,1.18011,1.180245,2600
2026-02-05 08:30:00,1.18024,1.18055,1.18009,1.18022,2503
2026-02-05 08:45:00,1.180215,1.18029,1.179555,1.18028,2866
2026-02-05 09:00:00,1.180275,1.180285,1.179285,1.179295,3304
2026-02-05 09:15:00,1.1793,1.179585,1.178605,1.17878,2543
2026-02-05 09:30:00,1.178775,1.17916,1.178385,1.1787,3051
2026-02-05 09:45:00,1.178705,1.17894,1.178035,1.17806,2065
2026-02-05 10:00:00,1.178065,1.178685,1.17804,1.178585,2183
2026-02-05 10:15:00,1.17858,1.179085,1.1785,1.17908,1713
2026-02-05 10:30:00,1.179095,1.17918,1.178775,1.179005,1875
2026-02-05 10:45:00,1.179005,1.179185,1.178725,1.178775,1134
2026-02-05 11:00:00,1.178775,1.17896,1.178615,1.178925,1812
2026-02-05 11:15:00,1.17893,1.179235,1.178755,1.179055,1611
2026-02-05 11:30:00,1.17906,1.17945,1.17901,1.17916,1425
2026-02-05 11:45:00,1.179155,1.179535,1.1791,1.179375,1570
2026-02-05 12:00:00,1.17937,1.1797,1.17875,1.17926,5369
2026-02-05 12:15:00,1.179265,1.179465,1.178545,1.179395,3654
2026-02-05 12:30:00,1.1794,1.180125,1.179155,1.17951,6230
2026-02-05 12:45:00,1.179495,1.18037,1.17922,1.17997,6448
2026-02-05 13:00:00,1.179975,1.180325,1.17928,1.179425,5945
2026-02-05 13:15:00,1.17942,1.180285,1.179135,1.180205,4655
2026-02-05 13:30:00,1.180195,1.181295,1.18004,1.180535,7178
2026-02-05 13:45:00,1.18053,1.18154,1.18034,1.18118,6678
2026-02-05 14:00:00,1.181175,1.182085,1.18013,1.18204,9014
2026-02-05 14:15:00,1.182045,1.182185,1.180685,1.18075,5664
2026-02-05 14:30:00,1.18076,1.181665,1.180515,1.18076,6494
2026-02-05 14:45:00,1.180745,1.18087,1.179565,1.1798,5056
2026-02-05 15:00:00,1.17982,1.181165,1.17979,1.18076,8460
2026-02-05 15:15:00,1.180755,1.18086,1.17903,1.179205,5192
2026-02-05 15:30:00,1.17921,1.179435,1.17842,1.178665,6265
2026-02-05 15:45:00,1.17867,1.17946,1.178195,1.17912,5474
2026-02-05 16:00:00,1.17913,1.17921,1.178515,1.17868,4698
2026-02-05 16:15:00,1.178685,1.179285,1.17858,1.17877,3984
2026-02-05 16:30:00,1.178775,1.179605,1.178755,1.17959,3892
2026-02-05 16:45:00,1.179585,1.180355,1.17951,1.18014,3486
2026-02-05 17:00:00,1.180135,1.180275,1.17961,1.179835,2625
2026-02-05 17:15:00,1.17984,1.18038,1.179755,1.180375,2662
2026-02-05 17:30:00,1.18038,1.18044,1.179975,1.18036,1847
2026-02-05 17:45:00,1.180365,1.180405,1.179735,1.180085,2165
2026-02-05 18:00:00,1.18008,1.18029,1.179985,1.18001,1330
2026-02-05 18:15:00,1.18,1.18016,1.1797,1.179765,1366
2026-02-05 18:30:00,1.17976,1.180265,1.179615,1.18001,1248
2026-02-05 18:45:00,1.180005,1.180025,1.17921,1.179355,1909
2026-02-05 19:00:00,1.17935,1.179715,1.179265,1.17954,1934
2026-02-05 19:15:00,1.179535,1.179745,1.179385,1.17958,1023
2026-02-05 19:30:00,1.17958,1.179705,1.179385,1.179435,1502
2026-02-05 19:45:00,1.179435,1.179715,1.179325,1.17943,1404
2026-02-05 20:00:00,1.179425,1.17948,1.17884,1.17886,1597
2026-02-05 20:15:00,1.178855,1.179095,1.178695,1.17909,1327
2026-02-05 20:30:00,1.179085,1.179095,1.178355,1.178415,1569
2026-02-05 20:45:00,1.178425,1.178485,1.177975,1.178095,1988
2026-02-05 21:00:00,1.17807,1.178175,1.177665,1.177855,1086
2026-02-05 21:15:00,1.177855,1.178015,1.17768,1.17799,708
2026-02-05 21:30:00,1.178,1.178445,1.177495,1.17758,1171
2026-02-05 21:45:00,1.177585,1.17797,1.177505,1.177745,1746
2026-02-05 22:00:00,1.17774,1.178,1.17774,1.177975,89
2026-02-05 22:15:00,1.177975,1.178145,1.177965,1.178095,57
2026-02-05 22:30:00,1.178095,1.17828,1.178045,1.17826,77
2026-02-05 22:45:00,1.17825,1.178315,1.17812,1.17817,1070
2026-02-05 23:00:00,1.178165,1.178225,1.177635,1.177675,813
2026-02-05 23:15:00,1.177675,1.177785,1.177515,1.17766,905
2026-02-05 23:30:00,1.177655,1.177945,1.177545,1.177835,1240
2026-02-05 23:45:00,1.17783,1.17794,1.17765,1.17766,911
2026-02-06 00:00:00,1.177655,1.17791,1.177435,1.177435,1968
2026-02-06 00:15:00,1.17743,1.177485,1.17658,1.17735,2798
2026-02-06 00:30:00,1.177345,1.177765,1.17731,1.177715,1495
2026-02-06 00:45:00,1.177725,1.178345,1.17766,1.17829,2038
2026-02-06 01:00:00,1.178285,1.178485,1.17799,1.17837,1957
2026-02-06 01:15:00,1.178375,1.178385,1.17787,1.178095,2049
2026-02-06 01:30:00,1.17809,1.17854,1.177925,1.178325,1972
2026-02-06 01:45:00,1.17832,1.178835,1.17824,1.17854,1855
2026-02-06 02:00:00,1.178535,1.178935,1.178475,1.17878,1740
2026-02-06 02:15:00,1.178775,1.17913,1.178505,1.179035,1156
2026-02-06 02:30:00,1.17904,1.179175,1.17883,1.178905,1636
2026-02-06 02:45:00,1.1789,1.178935,1.17866,1.178765,934
2026-02-06 03:00:00,1.17876,1.17903,1.178695,1.178965,1038
2026-02-06 03:15:00,1.178965,1.17904,1.1786,1.17887,637
2026-02-06 03:30:00,1.178865,1.17889,1.178575,1.17884,956
2026-02-06 03:45:00,1.178835,1.17888,1.178705,1.178765,567
2026-02-06 04:00:00,1.178765,1.178965,1.178765,1.178955,746
2026-02-06 04:15:00,1.178955,1.179035,1.178725,1.179,478
2026-02-06 04:30:00,1.179,1.17962,1.17893,1.17954,1215
2026-02-06 04:45:00,1.17954,1.179645,1.179345,1.179525,809
2026-02-06 05:00:00,1.17953,1.179835,1.17948,1.17979,985
2026-02-06 05:15:00,1.17979,1.18014,1.179725,1.179785,854
2026-02-06 05:30:00,1.17978,1.179825,1.179555,1.179565,787
2026-02-06 05:45:00,1.179555,1.179895,1.17953,1.179835,1105
2026-02-06 06:00:00,1.17982,1.180115,1.17945,1.17979,1468
2026-02-06 06:15:00,1.179795,1.180095,1.17974,1.17994,1277
2026-02-06 06:30:00,1.179945,1.18018,1.179595,1.179975,1683
2026-02-06 06:45:00,1.179975,1.180095,1.17955,1.179705,1312
2026-02-06 07:00:00,1.17971,1.179775,1.17916,1.17919,1774
2026-02-06 07:15:00,1.179185,1.17954,1.179145,1.179365,1862
2026-02-06 07:30:00,1.17937,1.179685,1.17908,1.179145,1418
2026-02-06 07:45:00,1.17914,1.179185,1.17887,1.17915,1479
2026-02-06 08:00:00,1.179145,1.179205,1.178575,1.17901,2791
2026-02-06 08:15:00,1.179015,1.179415,1.178695,1.17871,2759
2026-02-06 08:30:00,1.178715,1.179355,1.17871,1.178955,2581
2026-02-06 08:45:00,1.178965,1.179585,1.178805,1.17923,2009
2026-02-06 09:00:00,1.179225,1.17952,1.179075,1.179215,2234
2026-02-06 09:15:00,1.179215,1.179545,1.17901,1.179425,2177
2026-02-06 09:30:00,1.17943,1.1798,1.17935,1.17964,1884
2026-02-06 09:45:00,1.17964,1.179825,1.179185,1.1792,1642
2026-02-06 10:00:00,1.179195,1.179985,1.179185,1.1799,1354
2026-02-06 10:15:00,1.179895,1.17998,1.17916,1.17916,1393
2026-02-06 10:30:00,1.179155,1.179575,1.17907,1.17945,1516
2026-02-06 10:45:00,1.17945,1.17945,1.178985,1.17921,1704
2026-02-06 11:00:00,1.179205,1.17926,1.17874,1.17901,1964
2026-02-06 11:15:00,1.17901,1.179325,1.178565,1.179175,1733
2026-02-06 11:30:00,1.17918,1.179305,1.17878,1.178935,1468
2026-02-06 11:45:00,1.17894,1.179215,1.17887,1.179015,1416
2026-02-06 12:00:00,1.179,1.179325,1.17883,1.179035,1549
2026-02-06 12:15:00,1.179035,1.179185,1.178905,1.179185,1312
2026-02-06 12:30:00,1.179185,1.17924,1.178835,1.179015,1103
2026-02-06 12:45:00,1.179015,1.17932,1.178945,1.17928,1698
2026-02-06 13:00:00,1.179275,1.179775,1.17923,1.179365,2252
2026-02-06 13:15:00,1.17936,1.180155,1.17936,1.18012,1941
2026-02-06 13:30:00,1.18011,1.180555,1.180105,1.180335,2290
2026-02-06 13:45:00,1.18034,1.18111,1.18027,1.18104,2843
2026-02-06 14:00:00,1.181035,1.181535,1.181005,1.181235,3079
2026-02-06 14:15:00,1.18123,1.18156,1.180995,1.18127,2113
2026-02-06 14:30:00,1.18126,1.182555,1.18116,1.182345,4569
2026-02-06 14:45:00,1.18234,1.18262,1.181815,1.182115,3898
2026-02-06 15:00:00,1.18212,1.18241,1.1812,1.181395,4416
2026-02-06 15:15:00,1.181385,1.18158,1.180765,1.18077,2758
2026-02-06 15:30:00,1.180775,1.18154,1.18052,1.181405,2862
2026-02-06 15:45:00,1.1814,1.18195,1.18117,1.18193,3484
2026-02-06 16:00:00,1.181925,1.18218,1.181185,1.181515,2975
2026-02-06 16:15:00,1.18151,1.18163,1.181005,1.181385,2508
2026-02-06 16:30:00,1.18139,1.18188,1.18118,1.18168,2451
2026-02-06 16:45:00,1.181685,1.181915,1.18114,1.181235,1921
2026-02-06 17:00:00,1.18123,1.181575,1.18104,1.181145,1856
2026-02-06 17:15:00,1.18115,1.18157,1.181145,1.181225,1976
2026-02-06 17:30:00,1.18122,1.18195,1.18122,1.181795,1632
2026-02-06 17:45:00,1.181795,1.18207,1.18164,1.18181,1178
2026-02-06 18:00:00,1.181805,1.182105,1.18176,1.18209,1281
2026-02-06 18:15:00,1.182095,1.182255,1.181765,1.181965,1112
2026-02-06 18:30:00,1.18197,1.18225,1.181815,1.18225,1195
2026-02-06 18:45:00,1.182255,1.18229,1.181865,1.181915,944
2026-02-06 19:00:00,1.18191,1.182075,1.181715,1.18177,1376
2026-02-06 19:15:00,1.18177,1.181855,1.181535,1.181545,720
2026-02-06 19:30:00,1.18154,1.181975,1.181455,1.181865,679
2026-02-06 19:45:00,1.18186,1.182135,1.181755,1.181925,884
2026-02-06 20:00:00,1.181935,1.18214,1.181845,1.18206,784
2026-02-06 20:15:00,1.18206,1.182165,1.181985,1.182145,627
2026-02-06 20:30:00,1.18214,1.182225,1.182065,1.182085,655
2026-02-06 20:45:00,1.182085,1.182285,1.181945,1.18221,1616
2026-02-06 21:00:00,1.182215,1.182365,1.182155,1.182245,981
2026-02-06 21:15:00,1.182235,1.18241,1.18209,1.18213,626
2026-02-06 21:30:00,1.182125,1.182255,1.18162,1.18163,721
2026-02-06 21:45:00,1.181615,1.181615,1.181355,1.18154,2363
2026-02-08 22:00:00,1.18154,1.18154,1.181225,1.1814,168
2026-02-08 22:15:00,1.181395,1.18147,1.18134,1.18141,438
2026-02-08 22:30:00,1.18141,1.181515,1.18141,1.181475,255
2026-02-08 22:45:00,1.18148,1.1816,1.18145,1.181525,562
2026-02-08 23:00:00,1.18152,1.18223,1.18095,1.181095,944
2026-02-08 23:15:00,1.181085,1.181465,1.181025,1.181455,1331
2026-02-08 23:30:00,1.18146,1.18213,1.181325,1.182105,3146
2026-02-08 23:45:00,1.18211,1.182775,1.18191,1.18267,2186
2026-02-09 00:00:00,1.18268,1.183365,1.18248,1.18307,2851
2026-02-09 00:15:00,1.183075,1.183085,1.1824,1.183055,2104
2026-02-09 00:30:00,1.18306,1.183075,1.182565,1.182825,2305
2026-02-09 00:45:00,1.18282,1.183115,1.182775,1.183075,1365
2026-02-09 01:00:00,1.183085,1.18323,1.182725,1.182755,1192
2026-02-09 01:15:00,1.182795,1.183065,1.182475,1.182675,1470
2026-02-09 01:30:00,1.182675,1.18337,1.18258,1.182995,2631
2026-02-09 01:45:00,1.18299,1.18304,1.182515,1.18255,1204
2026-02-09 02:00:00,1.182545,1.18256,1.181615,1.182035,1812
2026-02-09 02:15:00,1.182035,1.182235,1.181925,1.182175,735
2026-02-09 02:30:00,1.18217,1.18258,1.18194,1.182055,1649
2026-02-09 02:45:00,1.18206,1.182185,1.1819,1.18197,1367
2026-02-09 03:00:00,1.181965,1.182245,1.181965,1.182045,709
2026-02-09 03:15:00,1.182045,1.182385,1.181955,1.1823,835
2026-02-09 03:30:00,1.1823,1.182345,1.182035,1.182275,684
2026-02-09 03:45:00,1.182275,1.18251,1.181835,1.181895,865
2026-02-09 04:00:00,1.1819,1.182315,1.181895,1.1822,806
2026-02-09 04:15:00,1.1822,1.18256,1.182175,1.18239,602
2026-02-09 04:30:00,1.182395,1.182475,1.182245,1.182345,319
2026-02-09 04:45:00,1.182345,1.18269,1.18233,1.18266,346
2026-02-09 05:00:00,1.182655,1.183175,1.18258,1.1831,756
2026-02-09 05:15:00,1.183105,1.183325,1.183035,1.183325,581
2026-02-09 05:30:00,1.18332,1.183645,1.183315,1.183575,723
2026-02-09 05:45:00,1.183575,1.18358,1.1833,1.183335,690
2026-02-09 06:00:00,1.18334,1.18539,1.18331,1.184045,5589
2026-02-09 06:15:00,1.18404,1.18482,1.18376,1.184795,2122
2026-02-09 06:30:00,1.18478,1.185515,1.184645,1.18544,1897
2026-02-09 06:45:00,1.185435,1.18578,1.18516,1.185195,2331
2026-02-09 07:00:00,1.185195,1.185565,1.184885,1.18534,2069
2026-02-09 07:15:00,1.18534,1.18556,1.18489,1.185095,1733
2026-02-09 07:30:00,1.185095,1.186,1.18501,1.18597,3247
2026-02-09 07:45:00,1.185965,1.185985,1.18471,1.1856,1983
2026-02-09 08:00:00,1.185605,1.18622,1.18546,1.185795,2696
2026-02-09 08:15:00,1.185795,1.18646,1.185215,1.18523,2745
2026-02-09 08:30:00,1.18522,1.18606,1.185165,1.18589,2470
2026-02-09 08:45:00,1.18589,1.186495,1.18585,1.186425,2403
2026-02-09 09:00:00,1.18643,1.18698,1.18636,1.18646,2570
2026-02-09 09:15:00,1.18646,1.18699,1.186285,1.18682,1517
2026-02-09 09:30:00,1.186815,1.18696,1.186425,1.186745,1533
2026-02-09 09:45:00,1.18675,1.186765,1.186025,1.186225,1767
2026-02-09 10:00:00,1.18622,1.186975,1.186025,1.186625,1919
2026-02-09 10:15:00,1.18662,1.18687,1.186175,1.18621,1965
2026-02-09 10:30:00,1.186205,1.18625,1.185525,1.18573,2679
2026-02-09 10:45:00,1.185725,1.186565,1.18568,1.18602,2285
2026-02-09 11:00:00,1.186015,1.186435,1.18557,1.18623,3162
2026-02-09 11:15:00,1.18623,1.18643,1.18602,1.186365,1402
2026-02-09 11:30:00,1.186365,1.186955,1.186325,1.18688,1913
2026-02-09 11:45:00,1.18689,1.187205,1.186555,1.186925,2658
2026-02-09 12:00:00,1.18693,1.187505,1.18693,1.187425,1968
2026-02-09 12:15:00,1.187425,1.18776,1.187385,1.18751,2043
2026-02-09 12:30:00,1.187515,1.187755,1.18732,1.187725,1323
2026-02-09 12:45:00,1.187725,1.1883,1.187705,1.18813,2563
2026-02-09 13:00:00,1.188135,1.189165,1.18813,1.189145,3323
2026-02-09 13:15:00,1.189145,1.190295,1.188965,1.18961,5486
2026-02-09 13:30:00,1.189605,1.190245,1.18927,1.18933,4692
2026-02-09 13:45:00,1.189335,1.190575,1.18922,1.190365,3074
2026-02-09 14:00:00,1.19037,1.19129,1.19028,1.191125,5235
2026-02-09 14:15:00,1.19113,1.1918,1.1908,1.191635,5185
2026-02-09 14:30:00,1.19164,1.191695,1.19073,1.191375,5326
2026-02-09 14:45:00,1.19138,1.19185,1.190615,1.19184,3866
2026-02-09 15:00:00,1.191835,1.192675,1.19111,1.19115,5478
2026-02-09 15:15:00,1.191145,1.19125,1.19034,1.191005,3773
2026-02-09 15:30:00,1.191,1.191545,1.19064,1.19083,3928
2026-02-09 15:45:00,1.190825,1.19154,1.19071,1.191215,3939
2026-02-09 16:00:00,1.19122,1.191765,1.19057,1.1909,3765
2026-02-09 16:15:00,1.1909,1.19098,1.18967,1.189735,3499
2026-02-09 16:30:00,1.18974,1.19033,1.1893,1.189915,2943
2026-02-09 16:45:00,1.189905,1.190035,1.18943,1.18975,1908
2026-02-09 17:00:00,1.189755,1.1904,1.189725,1.190285,1967
2026-02-09 17:15:00,1.19029,1.190525,1.18979,1.19005,1778
2026-02-09 17:30:00,1.190045,1.1908,1.19,1.1908,1385
2026-02-09 17:45:00,1.190795,1.191095,1.190735,1.19086,1396
2026-02-09 18:00:00,1.190855,1.19142,1.19082,1.191285,1623
2026-02-09 18:15:00,1.19128,1.191395,1.190355,1.19117,2869
2026-02-09 18:30:00,1.19118,1.191345,1.191075,1.19128,1521
2026-02-09 18:45:00,1.191275,1.191725,1.191145,1.19159,1262
2026-02-09 19:00:00,1.191595,1.19168,1.191245,1.191605,1698
2026-02-09 19:15:00,1.19161,1.19179,1.19143,1.191725,1145
2026-02-09 19:30:00,1.19172,1.192225,1.191715,1.19207,1618
2026-02-09 19:45:00,1.192075,1.19223,1.19176,1.19203,1410
2026-02-09 20:00:00,1.192025,1.192125,1.191775,1.19183,1134
2026-02-09 20:15:00,1.19183,1.191915,1.191505,1.19169,1582
2026-02-09 20:30:00,1.191695,1.19193,1.19163,1.191915,1110
2026-02-09 20:45:00,1.19191,1.19192,1.191395,1.19146,1425
2026-02-09 21:00:00,1.191465,1.191505,1.191195,1.191205,828
2026-02-09 21:15:00,1.191205,1.191385,1.19109,1.19119,585
2026-02-09 21:30:00,1.19119,1.19142,1.19106,1.19141,429
2026-02-09 21:45:00,1.191415,1.191605,1.191255,1.191535,1695
2026-02-09 22:00:00,1.191535,1.191535,1.191135,1.19131,159
2026-02-09 22:15:00,1.19131,1.191525,1.191125,1.19126,207
2026-02-09 22:30:00,1.19126,1.191325,1.19121,1.191225,51
2026-02-09 22:45:00,1.191225,1.191425,1.191165,1.191375,279
2026-02-09 23:00:00,1.19137,1.19147,1.191085,1.19109,753
2026-02-09 23:15:00,1.191095,1.19112,1.190555,1.190615,852
2026-02-09 23:30:00,1.19061,1.19065,1.19044,1.190565,645
2026-02-09 23:45:00,1.190565,1.190585,1.190165,1.19037,684
2026-02-10 00:00:00,1.19037,1.190565,1.190145,1.19025,528
2026-02-10 00:15:00,1.190255,1.190555,1.190195,1.190365,816
2026-02-10 00:30:00,1.19037,1.190375,1.18987,1.189915,1003
2026-02-10 00:45:00,1.189915,1.190325,1.189845,1.19018,1459
2026-02-10 01:00:00,1.190185,1.19038,1.189975,1.190265,1224
2026-02-10 01:15:00,1.190265,1.19045,1.18966,1.18977,1260
2026-02-10 01:30:00,1.189765,1.19086,1.189715,1.190565,1408
2026-02-10 01:45:00,1.190565,1.191045,1.19042,1.19057,1273
2026-02-10 02:00:00,1.19058,1.19095,1.190575,1.190785,938
2026-02-10 02:15:00,1.19078,1.190915,1.190595,1.190915,743
2026-02-10 02:30:00,1.190915,1.191065,1.190755,1.19103,1152
2026-02-10 02:45:00,1.191025,1.191435,1.190995,1.191365,1558
2026-02-10 03:00:00,1.191355,1.19169,1.19126,1.191525,1516
2026-02-10 03:15:00,1.191535,1.191535,1.191135,1.191145,731
2026-02-10 03:30:00,1.191145,1.19162,1.19113,1.19149,983
2026-02-10 03:45:00,1.19149,1.191705,1.191,1.191145,713
2026-02-10 04:00:00,1.19115,1.191275,1.19095,1.19095,881
2026-02-10 04:15:00,1.190945,1.190995,1.190645,1.19065,581
2026-02-10 04:30:00,1.190645,1.19102,1.19059,1.19093,544
2026-02-10 04:45:00,1.190925,1.19094,1.19069,1.190695,609
2026-02-10 05:00:00,1.190695,1.190795,1.19053,1.190785,445
2026-02-10 05:15:00,1.190785,1.191055,1.190585,1.190695,597
2026-02-10 05:30:00,1.190705,1.19086,1.190385,1.190485,472
2026-02-10 05:45:00,1.19048,1.190795,1.190385,1.190735,616
2026-02-10 06:00:00,1.19073,1.19133,1.19048,1.19091,1407
2026-02-10 06:15:00,1.190915,1.190915,1.190325,1.190515,1095
2026-02-10 06:30:00,1.19051,1.190875,1.19026,1.190445,1170
2026-02-10 06:45:00,1.190445,1.19051,1.190125,1.190295,1187
2026-02-10 07:00:00,1.190325,1.190915,1.190165,1.190595,2132
2026-02-10 07:15:00,1.190565,1.191055,1.190145,1.19017,1364
2026-02-10 07:30:00,1.190175,1.190425,1.18995,1.190345,1256
2026-02-10 07:45:00,1.190335,1.19088,1.190275,1.19088,1419
2026-02-10 08:00:00,1.190875,1.191175,1.19051,1.190525,2206
2026-02-10 08:15:00,1.19053,1.191105,1.18996,1.19076,2214
2026-02-10 08:30:00,1.190755,1.191535,1.190605,1.191365,1808
2026-02-10 08:45:00,1.191365,1.191445,1.190825,1.190925,1868
2026-02-10 09:00:00,1.190915,1.1919,1.190815,1.191485,1651
2026-02-10 09:15:00,1.191495,1.19199,1.19115,1.19193,1629
2026-02-10 09:30:00,1.191935,1.191985,1.191615,1.19167,1649
2026-02-10 09:45:00,1.191675,1.19182,1.191275,1.191445,1478
2026-02-10 10:00:00,1.19145,1.19172,1.191165,1.191215,1702
2026-02-10 10:15:00,1.19122,1.191355,1.19092,1.19106,1639
2026-02-10 10:30:00,1.191065,1.19175,1.19096,1.19157,1311
2026-02-10 10:45:00,1.191565,1.19163,1.190975,1.191005,1402
2026-02-10 11:00:00,1.19101,1.191065,1.190655,1.19071,1590
2026-02-10 11:15:00,1.19071,1.190825,1.19015,1.190305,1102
2026-02-10 11:30:00,1.19031,1.19055,1.19012,1.190265,1393
2026-02-10 11:45:00,1.190265,1.190445,1.190085,1.190385,1252
2026-02-10 12:00:00,1.19039,1.19069,1.190355,1.190515,1801
2026-02-10 12:15:00,1.19052,1.19087,1.19043,1.190435,1841
2026-02-10 12:30:00,1.19044,1.19053,1.189875,1.189915,1961
2026-02-10 12:45:00,1.18992,1.189925,1.18912,1.1893,4615
2026-02-10 13:00:00,1.189295,1.1896,1.18883,1.189335,3447
2026-02-10 13:15:00,1.18934,1.18955,1.18891,1.189315,2127
2026-02-10 13:30:00,1.18931,1.19136,1.18931,1.190145,7378
2026-02-10 13:45:00,1.19015,1.190575,1.18993,1.19054,3062
2026-02-10 14:00:00,1.190545,1.19156,1.19029,1.191555,4050
2026-02-10 14:15:00,1.19156,1.19226,1.191485,1.19215,3694
2026-02-10 14:30:00,1.192155,1.19287,1.191505,1.19155,4860
2026-02-10 14:45:00,1.191555,1.19172,1.19084,1.19149,4601
2026-02-10 15:00:00,1.19148,1.19148,1.190345,1.19047,4433
2026-02-10 15:15:00,1.190465,1.190685,1.190105,1.19019,3662
2026-02-10 15:30:00,1.190185,1.19032,1.18966,1.190125,4489
2026-02-10 15:45:00,1.19012,1.191935,1.18982,1.1914,8340
2026-02-10 16:00:00,1.191405,1.19149,1.190715,1.19087,5465
2026-02-10 16:15:00,1.190865,1.19098,1.190025,1.190295,3160
2026-02-10 16:30:00,1.190285,1.190715,1.189935,1.190715,3110
2026-02-10 16:45:00,1.190715,1.19079,1.189665,1.189775,2670
2026-02-10 17:00:00,1.18978,1.190115,1.189635,1.190115,2091
2026-02-10 17:15:00,1.19011,1.19053,1.18989,1.19045,1896
2026-02-10 17:30:00,1.190465,1.190545,1.189715,1.189765,2058
2026-02-10 17:45:00,1.18976,1.18976,1.18932,1.18958,1834
2026-02-10 18:00:00,1.18958,1.189795,1.189445,1.189715,1154
2026-02-10 18:15:00,1.189725,1.189815,1.189155,1.18917,1577
2026-02-10 18:30:00,1.189165,1.189475,1.189055,1.189375,1502
2026-02-10 18:45:00,1.18937,1.18945,1.189135,1.189235,1761
2026-02-10 19:00:00,1.18924,1.189285,1.188675,1.18906,1574
2026-02-10 19:15:00,1.18907,1.189605,1.188975,1.18946,1379
2026-02-10 19:30:00,1.18946,1.189675,1.18943,1.189675,801
2026-02-10 19:45:00,1.18967,1.190255,1.18945,1.19023,1380
2026-02-10 20:00:00,1.190225,1.190225,1.18986,1.189985,908
2026-02-10 20:15:00,1.189985,1.190355,1.18996,1.19015,904
2026-02-10 20:30:00,1.19015,1.190285,1.190105,1.19023,869
2026-02-10 20:45:00,1.19022,1.19023,1.189465,1.189515,1885
2026-02-10 21:00:00,1.18952,1.189665,1.18925,1.18945,810
2026-02-10 21:15:00,1.18945,1.189635,1.189445,1.18961,363
2026-02-10 21:30:00,1.189605,1.189665,1.18952,1.18954,408
2026-02-10 21:45:00,1.189535,1.189645,1.18938,1.189515,1356
2026-02-10 22:00:00,1.189515,1.189815,1.189515,1.18961,37
2026-02-10 22:15:00,1.18961,1.189615,1.18929,1.18932,1202
2026-02-10 22:30:00,1.189325,1.189415,1.189185,1.189285,914
2026-02-10 22:45:00,1.189285,1.18938,1.18915,1.189155,333
2026-02-10 23:00:00,1.18916,1.18922,1.188775,1.188825,435
2026-02-10 23:15:00,1.188825,1.18913,1.188815,1.18891,436
2026-02-10 23:30:00,1.18891,1.18901,1.188775,1.18883,373
2026-02-10 23:45:00,1.18883,1.18889,1.18868,1.18879,402
2026-02-11 00:00:00,1.18879,1.189075,1.188645,1.188745,505
2026-02-11 00:15:00,1.188745,1.189495,1.188745,1.189395,461
2026-02-11 00:30:00,1.1894,1.189755,1.18937,1.189725,1118
2026-02-11 00:45:00,1.189725,1.19005,1.18961,1.18969,1988
2026-02-11 01:00:00,1.189695,1.190185,1.18969,1.19008,1725
2026-02-11 01:15:00,1.190075,1.19021,1.189775,1.190095,714
2026-02-11 01:30:00,1.190095,1.1901,1.189465,1.18956,1290
2026-02-11 01:45:00,1.189555,1.189835,1.189385,1.18977,1083
2026-02-11 02:00:00,1.189775,1.19055,1.18977,1.19014,1336
2026-02-11 02:15:00,1.190135,1.19083,1.190045,1.19073,1637
2026-02-11 02:30:00,1.190725,1.191295,1.190675,1.19089,1893
2026-02-11 02:45:00,1.190885,1.190995,1.19057,1.19084,887
2026-02-11 03:00:00,1.190835,1.190915,1.19049,1.190525,566
2026-02-11 03:15:00,1.190525,1.19088,1.190355,1.190785,804
2026-02-11 03:30:00,1.19079,1.19105,1.190685,1.19104,980
2026-02-11 03:45:00,1.191035,1.191375,1.190975,1.191165,722
2026-02-11 04:00:00,1.191145,1.191265,1.190975,1.19108,590
2026-02-11 04:15:00,1.19108,1.191495,1.19108,1.191335,921
2026-02-11 04:30:00,1.191335,1.191375,1.19075,1.190805,791
2026-02-11 04:45:00,1.1908,1.191035,1.19078,1.19081,451
2026-02-11 05:00:00,1.190805,1.191135,1.190675,1.191075,648
2026-02-11 05:15:00,1.191075,1.191555,1.191015,1.191555,769
2026-02-11 05:30:00,1.19155,1.191805,1.191215,1.191765,1329
2026-02-11 05:45:00,1.19177,1.191915,1.191475,1.191855,1125
2026-02-11 06:00:00,1.191865,1.192575,1.191745,1.19219,1649
2026-02-11 06:15:00,1.192205,1.192275,1.19181,1.19187,1179
2026-02-11 06:30:00,1.191855,1.191855,1.191285,1.19143,1214
2026-02-11 06:45:00,1.191425,1.19167,1.19126,1.191525,1520
2026-02-11 07:00:00,1.191515,1.19176,1.191025,1.191175,2590
2026-02-11 07:15:00,1.19118,1.1916,1.19118,1.19135,1629
2026-02-11 07:30:00,1.191355,1.191645,1.19123,1.191605,1268
2026-02-11 07:45:00,1.1916,1.19183,1.191125,1.19179,1766
2026-02-11 08:00:00,1.191785,1.192,1.19136,1.19147,2860
2026-02-11 08:15:00,1.19147,1.19187,1.191405,1.19157,1809
2026-02-11 08:30:00,1.19156,1.19172,1.19131,1.19143,1588
2026-02-11 08:45:00,1.191425,1.191855,1.19141,1.191845,1392
2026-02-11 09:00:00,1.19185,1.19198,1.191025,1.19132,2325
2026-02-11 09:15:00,1.19132,1.191425,1.19111,1.19142,1882
2026-02-11 09:30:00,1.191415,1.191915,1.191415,1.191885,2278
2026-02-11 09:45:00,1.191885,1.191905,1.19162,1.191805,1503
2026-02-11 10:00:00,1.1918,1.191995,1.19176,1.191815,1387
2026-02-11 10:15:00,1.191815,1.191855,1.19163,1.191825,1059
2026-02-11 10:30:00,1.19182,1.19245,1.191615,1.192345,1703
2026-02-11 10:45:00,1.192345,1.19274,1.192095,1.192185,2249
2026-02-11 11:00:00,1.192175,1.192175,1.191365,1.191365,1447
2026-02-11 11:15:00,1.19136,1.19166,1.191225,1.191425,1318
2026-02-11 11:30:00,1.191425,1.19148,1.19049,1.19075,1999
2026-02-11 11:45:00,1.190755,1.191385,1.190675,1.19081,1863
2026-02-11 12:00:00,1.190815,1.19093,1.19034,1.190695,2239
2026-02-11 12:15:00,1.1907,1.190765,1.190055,1.190065,2324
2026-02-11 12:30:00,1.19006,1.19031,1.189865,1.19027,2351
2026-02-11 12:45:00,1.190265,1.19045,1.189845,1.19004,2136
2026-02-11 13:00:00,1.190035,1.190455,1.189925,1.189975,2319
2026-02-11 13:15:00,1.18997,1.190205,1.189715,1.19013,2930
2026-02-11 13:30:00,1.190135,1.19016,1.183305,1.18666,22565
2026-02-11 13:45:00,1.186655,1.188125,1.185745,1.1862,14209
2026-02-11 14:00:00,1.186195,1.188115,1.18597,1.187265,11524
2026-02-11 14:15:00,1.18727,1.188265,1.18586,1.186445,7293
2026-02-11 14:30:00,1.18645,1.18663,1.185685,1.18594,7855
2026-02-11 14:45:00,1.185935,1.18624,1.18527,1.186035,7448
2026-02-11 15:00:00,1.18604,1.18718,1.186,1.186435,7688
2026-02-11 15:15:00,1.18644,1.186675,1.185535,1.185685,6943
2026-02-11 15:30:00,1.18568,1.186005,1.185125,1.185395,6445
2026-02-11 15:45:00,1.1854,1.18671,1.185105,1.18594,5825
2026-02-11 16:00:00,1.185935,1.18594,1.18532,1.18588,4639
2026-02-11 16:15:00,1.185885,1.18702,1.1856,1.187005,3520
2026-02-11 16:30:00,1.18701,1.18798,1.186965,1.18773,3731
2026-02-11 16:45:00,1.187725,1.188335,1.18757,1.188315,2944
2026-02-11 17:00:00,1.188305,1.18894,1.187735,1.18889,3186
2026-02-11 17:15:00,1.188895,1.189155,1.18848,1.189155,2673
2026-02-11 17:30:00,1.18917,1.189355,1.188755,1.18879,2750
2026-02-11 17:45:00,1.188785,1.18895,1.188415,1.18858,2461
2026-02-11 18:00:00,1.18858,1.189085,1.187875,1.18801,3107
2026-02-11 18:15:00,1.187995,1.188555,1.187975,1.18818,1784
2026-02-11 18:30:00,1.18818,1.18865,1.18817,1.18849,1558
2026-02-11 18:45:00,1.18849,1.188755,1.188155,1.18822,1820
2026-02-11 19:00:00,1.188215,1.1883,1.187785,1.18816,2262
2026-02-11 19:15:00,1.18816,1.188475,1.1881,1.188265,1249
2026-02-11 19:30:00,1.18826,1.18833,1.187975,1.18811,1478
2026-02-11 19:45:00,1.188105,1.188205,1.18785,1.187975,1669
2026-02-11 20:00:00,1.18797,1.18811,1.18746,1.18771,1507
2026-02-11 20:15:00,1.18771,1.187795,1.18751,1.18768,792
2026-02-11 20:30:00,1.187685,1.18776,1.187195,1.187255,800
2026-02-11 20:45:00,1.187255,1.187585,1.18697,1.18707,1643
2026-02-11 21:00:00,1.187075,1.187445,1.18698,1.187055,930
2026-02-11 21:15:00,1.187055,1.18721,1.18698,1.18709,466
2026-02-11 21:30:00,1.187085,1.187165,1.186885,1.18694,442
2026-02-11 21:45:00,1.186945,1.1872,1.186945,1.18718,1034
2026-02-11 22:00:00,1.187185,1.187325,1.187165,1.18726,32
2026-02-11 22:15:00,1.187325,1.187405,1.18717,1.18736,109
2026-02-11 22:30:00,1.18736,1.18743,1.18731,1.1874,154
2026-02-11 22:45:00,1.1874,1.187635,1.18715,1.18748,493
2026-02-11 23:00:00,1.18745,1.18758,1.18701,1.187175,786
2026-02-11 23:15:00,1.18718,1.187595,1.187155,1.18751,431
2026-02-11 23:30:00,1.18751,1.18763,1.18729,1.18733,480
2026-02-11 23:45:00,1.187325,1.187605,1.187205,1.187475,648
2026-02-12 00:00:00,1.18747,1.187625,1.186695,1.186865,1301
2026-02-12 00:15:00,1.186865,1.18776,1.186855,1.18763,1128
2026-02-12 00:30:00,1.187625,1.18777,1.187255,1.187515,992
2026-02-12 00:45:00,1.18751,1.18782,1.18729,1.187695,1050
2026-02-12 01:00:00,1.187695,1.18806,1.18747,1.18806,1483
2026-02-12 01:15:00,1.188055,1.188055,1.187395,1.187525,1282
2026-02-12 01:30:00,1.18752,1.18826,1.18736,1.188025,2018
2026-02-12 01:45:00,1.18802,1.188085,1.187655,1.188075,1418
2026-02-12 02:00:00,1.18807,1.188465,1.18803,1.18823,2194
2026-02-12 02:15:00,1.18823,1.1883,1.187525,1.187545,1056
2026-02-12 02:30:00,1.18754,1.187905,1.187515,1.187785,887
2026-02-12 02:45:00,1.187785,1.187915,1.187515,1.187905,889
2026-02-12 03:00:00,1.187895,1.188105,1.187685,1.18775,1475
2026-02-12 03:15:00,1.187745,1.18799,1.18756,1.187645,1230
2026-02-12 03:30:00,1.18765,1.1879,1.1872,1.18732,1017
2026-02-12 03:45:00,1.187325,1.187335,1.186535,1.186975,1191
2026-02-12 04:00:00,1.186975,1.18727,1.186805,1.186805,1141
2026-02-12 04:15:00,1.1868,1.186945,1.18642,1.18668,916
2026-02-12 04:30:00,1.186675,1.186845,1.186225,1.186325,612
2026-02-12 04:45:00,1.18632,1.18632,1.186025,1.18619,1115
2026-02-12 05:00:00,1.186195,1.186385,1.185995,1.18632,1203
2026-02-12 05:15:00,1.186315,1.186375,1.18583,1.185865,730
2026-02-12 05:30:00,1.18586,1.18625,1.18586,1.186215,1186
2026-02-12 05:45:00,1.18621,1.18658,1.186045,1.18648,1280
2026-02-12 06:00:00,1.186475,1.186775,1.186285,1.186595,1132
2026-02-12 06:15:00,1.186595,1.186645,1.18558,1.1857,3428
2026-02-12 06:30:00,1.185705,1.186445,1.185245,1.186295,3845
2026-02-12 06:45:00,1.1863,1.186475,1.185985,1.186065,2705
2026-02-12 07:00:00,1.18606,1.18673,1.185945,1.18633,2295
2026-02-12 07:15:00,1.18632,1.18735,1.186315,1.18735,1895
2026-02-12 07:30:00,1.187355,1.18742,1.187055,1.187165,1756
2026-02-12 07:45:00,1.18716,1.187525,1.186885,1.1873,1827
2026-02-12 08:00:00,1.187305,1.187925,1.187305,1.187835,2688
2026-02-12 08:15:00,1.18783,1.188095,1.187465,1.187785,1899
2026-02-12 08:30:00,1.18778,1.188035,1.187165,1.187185,1826
2026-02-12 08:45:00,1.187185,1.188075,1.18713,1.18801,2390
2026-02-12 09:00:00,1.188015,1.188705,1.187965,1.1887,2368
2026-02-12 09:15:00,1.1887,1.1888,1.188255,1.18854,1950
2026-02-12 09:30:00,1.18854,1.18866,1.188255,1.18849,1737
2026-02-12 09:45:00,1.188485,1.18877,1.18845,1.188715,1688
2026-02-12 10:00:00,1.18872,1.18874,1.18777,1.18785,2266
2026-02-12 10:15:00,1.18785,1.188265,1.187715,1.188035,1505
2026-02-12 10:30:00,1.18803,1.18827,1.18785,1.18792,1014
2026-02-12 10:45:00,1.187915,1.187915,1.18747,1.18772,1275
2026-02-12 11:00:00,1.187715,1.188145,1.18751,1.188065,1097
2026-02-12 11:15:00,1.188065,1.188455,1.187955,1.187955,1167
2026-02-12 11:30:00,1.187955,1.18812,1.187665,1.18775,1118
2026-02-12 11:45:00,1.18775,1.18847,1.18774,1.18845,1232
2026-02-12 12:00:00,1.188455,1.18862,1.18829,1.1884,1302
2026-02-12 12:15:00,1.1884,1.188415,1.18793,1.188095,1125
2026-02-12 12:30:00,1.188095,1.18821,1.187215,1.18724,1969
2026-02-12 12:45:00,1.187235,1.187485,1.186705,1.187305,2438
2026-02-12 13:00:00,1.1873,1.18785,1.187195,1.187435,2402
2026-02-12 13:15:00,1.187425,1.18781,1.187315,1.187735,2632
2026-02-12 13:30:00,1.18772,1.18846,1.187135,1.18803,3408
2026-02-12 13:45:00,1.188035,1.18852,1.18788,1.188495,2641
2026-02-12 14:00:00,1.18849,1.18877,1.187475,1.18779,3660
2026-02-12 14:15:00,1.187795,1.18845,1.187785,1.18789,3728
2026-02-12 14:30:00,1.187895,1.18873,1.187895,1.188285,4708
2026-02-12 14:45:00,1.18828,1.188615,1.18796,1.18835,3435
2026-02-12 15:00:00,1.18834,1.188775,1.188,1.18854,3625
2026-02-12 15:15:00,1.188535,1.188775,1.188275,1.18849,2820
2026-02-12 15:30:00,1.188495,1.18867,1.18783,1.188185,3627
2026-02-12 15:45:00,1.18819,1.188855,1.18809,1.18858,4461
2026-02-12 16:00:00,1.188585,1.189,1.18684,1.18694,5808
2026-02-12 16:15:00,1.186935,1.18717,1.1862,1.186505,9388
2026-02-12 16:30:00,1.186505,1.18783,1.18637,1.187605,7873
2026-02-12 16:45:00,1.1876,1.187615,1.18644,1.18707,6175
2026-02-12 17:00:00,1.187075,1.187145,1.186,1.18663,5375
2026-02-12 17:15:00,1.18662,1.1877,1.18662,1.18689,4037
2026-02-12 17:30:00,1.18687,1.187065,1.186315,1.186475,3426
2026-02-12 17:45:00,1.18647,1.18682,1.186215,1.186535,3325
2026-02-12 18:00:00,1.18654,1.186955,1.18609,1.18622,3880
2026-02-12 18:15:00,1.18621,1.18631,1.18562,1.18594,3660
2026-02-12 18:30:00,1.185945,1.18622,1.185855,1.186145,2607
2026-02-12 18:45:00,1.18613,1.186545,1.186015,1.18635,2361
2026-02-12 19:00:00,1.186355,1.18651,1.18609,1.18634,1962
2026-02-12 19:15:00,1.186345,1.18684,1.186345,1.1867,2267
2026-02-12 19:30:00,1.186695,1.186975,1.186515,1.18652,2144
2026-02-12 19:45:00,1.186515,1.187175,1.186405,1.187015,2046
2026-02-12 20:00:00,1.18701,1.187065,1.186665,1.186775,1369
2026-02-12 20:15:00,1.18678,1.1869,1.18658,1.186595,1048
2026-02-12 20:30:00,1.18659,1.186955,1.18636,1.186905,1177
2026-02-12 20:45:00,1.186925,1.186995,1.186805,1.18697,1076
2026-02-12 21:00:00,1.186975,1.187175,1.1869,1.18708,879
2026-02-12 21:15:00,1.187075,1.18728,1.187005,1.187055,463
2026-02-12 21:30:00,1.18705,1.187065,1.18686,1.186895,407
2026-02-12 21:45:00,1.1869,1.187225,1.1869,1.18706,1196
2026-02-12 22:00:00,1.18706,1.18706,1.18654,1.186795,67
2026-02-12 22:15:00,1.186795,1.18692,1.186665,1.18689,63
2026-02-12 22:30:00,1.18682,1.186995,1.186785,1.186795,76
2026-02-12 22:45:00,1.186795,1.187265,1.186795,1.187235,337
2026-02-12 23:00:00,1.18724,1.187295,1.18685,1.187085,412
2026-02-12 23:15:00,1.18709,1.187155,1.186825,1.18685,614
2026-02-12 23:30:00,1.186855,1.187105,1.186755,1.187005,578
2026-02-12 23:45:00,1.187005,1.187005,1.186715,1.18692,533
2026-02-13 00:00:00,1.186915,1.18718,1.186725,1.187005,1348
2026-02-13 00:15:00,1.18701,1.187055,1.18679,1.18679,856
2026-02-13 00:30:00,1.186785,1.18706,1.186725,1.186825,647
2026-02-13 00:45:00,1.18683,1.18726,1.186645,1.18725,1633
2026-02-13 01:00:00,1.187245,1.187365,1.18655,1.186735,2034
2026-02-13 01:15:00,1.18674,1.186955,1.18632,1.186555,1330
2026-02-13 01:30:00,1.186555,1.186705,1.18639,1.186515,1029
2026-02-13 01:45:00,1.18651,1.18702,1.186365,1.186705,915
2026-02-13 02:00:00,1.18671,1.186755,1.18629,1.18651,1081
2026-02-13 02:15:00,1.18651,1.187025,1.186505,1.18701,743
2026-02-13 02:30:00,1.18701,1.1871,1.186755,1.18689,869
2026-02-13 02:45:00,1.186885,1.187125,1.186885,1.186945,577
2026-02-13 03:00:00,1.186945,1.187035,1.1866,1.18672,548
2026-02-13 03:15:00,1.186725,1.18691,1.18666,1.186795,528
2026-02-13 03:30:00,1.186795,1.186995,1.186795,1.18687,547
2026-02-13 03:45:00,1.18687,1.1869,1.18657,1.18669,628
2026-02-13 04:00:00,1.186705,1.18678,1.18657,1.18668,608
2026-02-13 04:15:00,1.18668,1.18677,1.186495,1.186665,620
2026-02-13 04:30:00,1.18667,1.18671,1.186325,1.18641,817
2026-02-13 04:45:00,1.1864,1.18642,1.18601,1.186315,554
2026-02-13 05:00:00,1.186315,1.18645,1.185855,1.1861,1006
2026-02-13 05:15:00,1.1861,1.186425,1.18602,1.186245,949
2026-02-13 05:30:00,1.18624,1.18649,1.186195,1.18625,850
2026-02-13 05:45:00,1.18625,1.18628,1.185795,1.185955,1479
2026-02-13 06:00:00,1.18595,1.18617,1.18571,1.185985,1658
2026-02-13 06:15:00,1.18598,1.186175,1.18576,1.185795,1349
2026-02-13 06:30:00,1.18579,1.18585,1.18535,1.185405,1818
2026-02-13 06:45:00,1.18541,1.18582,1.18541,1.18562,1257
2026-02-13 07:00:00,1.185615,1.185615,1.184755,1.184995,2665
2026-02-13 07:15:00,1.185,1.18535,1.18487,1.18511,1927
2026-02-13 07:30:00,1.185105,1.185385,1.18472,1.18525,2235
2026-02-13 07:45:00,1.185245,1.18599,1.18521,1.18587,1880
2026-02-13 08:00:00,1.185865,1.1862,1.185605,1.185775,2505
2026-02-13 08:15:00,1.185785,1.186075,1.18564,1.18584,1642
2026-02-13 08:30:00,1.18584,1.185945,1.185605,1.18586,1791
2026-02-13 08:45:00,1.185855,1.186285,1.18575,1.186265,1479
2026-02-13 09:00:00,1.18626,1.186665,1.186225,1.18644,1590
2026-02-13 09:15:00,1.18644,1.186585,1.186115,1.18629,1196
2026-02-13 09:30:00,1.186295,1.18652,1.18617,1.18646,1533
2026-02-13 09:45:00,1.18646,1.186635,1.186065,1.186075,1233
2026-02-13 10:00:00,1.18608,1.186105,1.185645,1.18588,1462
2026-02-13 10:15:00,1.185875,1.186015,1.185435,1.18563,940
2026-02-13 10:30:00,1.185625,1.18566,1.18529,1.185565,1227
2026-02-13 10:45:00,1.185565,1.18584,1.185355,1.18574,1922
2026-02-13 11:00:00,1.185735,1.186005,1.185505,1.185995,1853
2026-02-13 11:15:00,1.185985,1.186135,1.18566,1.18583,1500
2026-02-13 11:30:00,1.185835,1.185885,1.18552,1.185695,1275
2026-02-13 11:45:00,1.1857,1.18601,1.185515,1.185865,1713
2026-02-13 12:00:00,1.18587,1.186115,1.18554,1.18564,1892
2026-02-13 12:15:00,1.185635,1.186245,1.185545,1.186055,1462
2026-02-13 12:30:00,1.186055,1.186365,1.18596,1.186045,1485
2026-02-13 12:45:00,1.186045,1.18634,1.185845,1.1862,1986
2026-02-13 13:00:00,1.186205,1.18666,1.18609,1.18616,2543
2026-02-13 13:15:00,1.18615,1.18631,1.185685,1.185975,2761
2026-02-13 13:30:00,1.18595,1.188465,1.18582,1.186465,12439
2026-02-13 13:45:00,1.18646,1.18796,1.18593,1.18744,6159
2026-02-13 14:00:00,1.187435,1.18749,1.18664,1.187,5000
2026-02-13 14:15:00,1.18702,1.187145,1.1864,1.18683,4153
2026-02-13 14:30:00,1.186835,1.187155,1.186135,1.18679,6510
2026-02-13 14:45:00,1.186785,1.18698,1.18571,1.18592,5426
2026-02-13 15:00:00,1.185925,1.187075,1.18577,1.187,5026
2026-02-13 15:15:00,1.186995,1.18708,1.18606,1.186565,3566
2026-02-13 15:30:00,1.18656,1.186615,1.1861,1.186155,2816
2026-02-13 15:45:00,1.18616,1.186195,1.184765,1.184825,4413
2026-02-13 16:00:00,1.18483,1.185825,1.184825,1.18582,3583
2026-02-13 16:15:00,1.185825,1.18698,1.185705,1.1868,2926
2026-02-13 16:30:00,1.186805,1.18747,1.186775,1.18722,3237
2026-02-13 16:45:00,1.18723,1.187365,1.18668,1.186885,2297
2026-02-13 17:00:00,1.18689,1.18827,1.186845,1.188225,2178
2026-02-13 17:15:00,1.18823,1.18829,1.187645,1.18778,1851
2026-02-13 17:30:00,1.187785,1.187795,1.1873,1.18766,1839
2026-02-13 17:45:00,1.18767,1.188235,1.187485,1.187495,1776
2026-02-13 18:00:00,1.1875,1.187735,1.187305,1.187565,1482
2026-02-13 18:15:00,1.18756,1.187725,1.18728,1.187635,1290
2026-02-13 18:30:00,1.18764,1.188,1.187595,1.187985,1105
2026-02-13 18:45:00,1.187985,1.18807,1.18723,1.187365,1467
2026-02-13 19:00:00,1.18736,1.18751,1.187065,1.18715,1464
2026-02-13 19:15:00,1.187155,1.18746,1.187065,1.187185,1164
2026-02-13 19:30:00,1.18719,1.18732,1.186845,1.186915,1378
2026-02-13 19:45:00,1.186915,1.187045,1.18662,1.18666,1399
2026-02-13 20:00:00,1.18666,1.186805,1.186445,1.18657,1170
2026-02-13 20:15:00,1.18657,1.186695,1.1865,1.186605,1147
2026-02-13 20:30:00,1.1866,1.186955,1.18659,1.186915,1234
2026-02-13 20:45:00,1.186915,1.187475,1.18668,1.187445,1516
2026-02-13 21:00:00,1.18745,1.18766,1.187355,1.187415,694
2026-02-13 21:15:00,1.18742,1.18754,1.18721,1.187345,504
2026-02-13 21:30:00,1.18735,1.1874,1.18674,1.186825,929
2026-02-13 21:45:00,1.18684,1.18699,1.186755,1.18689,2649
2026-02-15 22:00:00,1.18689,1.18775,1.18689,1.187215,71
2026-02-15 22:15:00,1.18721,1.18731,1.186985,1.1873,160
2026-02-15 22:30:00,1.187295,1.187295,1.18716,1.187185,186
2026-02-15 22:45:00,1.187185,1.187245,1.187105,1.187125,36
2026-02-15 23:00:00,1.18712,1.187195,1.186505,1.186725,614
2026-02-15 23:15:00,1.18671,1.186745,1.186385,1.186495,568
2026-02-15 23:30:00,1.186485,1.18665,1.186405,1.1866,721
2026-02-15 23:45:00,1.186595,1.186725,1.186315,1.186685,713
2026-02-16 00:00:00,1.18669,1.18673,1.186315,1.186355,1056
2026-02-16 00:15:00,1.18636,1.18672,1.18618,1.186185,583
2026-02-16 00:30:00,1.186185,1.18647,1.18615,1.186465,760
2026-02-16 00:45:00,1.186465,1.18653,1.186065,1.186135,1267
2026-02-16 01:00:00,1.18613,1.18646,1.1859,1.186395,2022
2026-02-16 01:15:00,1.186385,1.186515,1.18613,1.186495,926
2026-02-16 01:30:00,1.1865,1.186645,1.186265,1.18639,1114
2026-02-16 01:45:00,1.186385,1.186545,1.186285,1.186525,1299
2026-02-16 02:00:00,1.18653,1.186695,1.186185,1.18628,1130
2026-02-16 02:15:00,1.186285,1.186575,1.18618,1.18642,1092
2026-02-16 02:30:00,1.186415,1.18657,1.18632,1.186405,1044
2026-02-16 02:45:00,1.18641,1.186725,1.186335,1.18654,1020
2026-02-16 03:00:00,1.18654,1.18675,1.18637,1.18672,459
2026-02-16 03:15:00,1.18672,1.18691,1.186675,1.186715,514
2026-02-16 03:30:00,1.18671,1.186785,1.18654,1.18675,697
2026-02-16 03:45:00,1.18675,1.186785,1.186515,1.18673,748
2026-02-16 04:00:00,1.186735,1.18682,1.18659,1.18668,678
2026-02-16 04:15:00,1.18668,1.18674,1.18649,1.18662,689
2026-02-16 04:30:00,1.186615,1.18666,1.18622,1.186245,558
2026-02-16 04:45:00,1.186245,1.18633,1.186115,1.18625,532
2026-02-16 05:00:00,1.186245,1.186365,1.186095,1.186215,537
2026-02-16 05:15:00,1.186215,1.18641,1.186185,1.18641,274
2026-02-16 05:30:00,1.186405,1.186405,1.18611,1.186235,347
2026-02-16 05:45:00,1.186235,1.186655,1.18619,1.1865,517
2026-02-16 06:00:00,1.186495,1.186665,1.186385,1.18662,486
2026-02-16 06:15:00,1.18662,1.186755,1.186605,1.186655,559
2026-02-16 06:30:00,1.186655,1.187025,1.186615,1.18702,711
2026-02-16 06:45:00,1.18702,1.187025,1.18659,1.186615,804
2026-02-16 07:00:00,1.18662,1.18663,1.186285,1.18646,1320
2026-02-16 07:15:00,1.186455,1.18664,1.18624,1.186595,928
2026-02-16 07:30:00,1.186595,1.18663,1.186055,1.186465,950
2026-02-16 07:45:00,1.18647,1.1865,1.18605,1.18628,1216
2026-02-16 08:00:00,1.186285,1.18705,1.186155,1.18641,2711
2026-02-16 08:15:00,1.186405,1.18689,1.18579,1.18631,2079
2026-02-16 08:30:00,1.1863,1.18634,1.18569,1.18627,1738
2026-02-16 08:45:00,1.186265,1.18664,1.18619,1.186505,1771
2026-02-16 09:00:00,1.186505,1.186935,1.18635,1.18676,2033
2026-02-16 09:15:00,1.18676,1.186825,1.18654,1.186615,930
2026-02-16 09:30:00,1.18662,1.186665,1.186345,1.186465,1358
2026-02-16 09:45:00,1.18647,1.18659,1.186225,1.186455,1735
2026-02-16 10:00:00,1.18645,1.18668,1.186205,1.186495,1350
2026-02-16 10:15:00,1.1865,1.186675,1.18627,1.1863,1017
2026-02-16 10:30:00,1.186295,1.186665,1.186285,1.18658,1201
2026-02-16 10:45:00,1.18658,1.186775,1.186505,1.186715,1364
2026-02-16 11:00:00,1.18671,1.18672,1.186275,1.186515,887
2026-02-16 11:15:00,1.18652,1.186595,1.186315,1.186435,904
2026-02-16 11:30:00,1.18643,1.186465,1.186215,1.18624,1000
2026-02-16 11:45:00,1.186245,1.18636,1.186015,1.18613,892
2026-02-16 12:00:00,1.186125,1.18631,1.186065,1.186065,1042
2026-02-16 12:15:00,1.18607,1.18607,1.185555,1.18578,963
2026-02-16 12:30:00,1.185775,1.18578,1.18551,1.185575,1015
2026-02-16 12:45:00,1.185565,1.185575,1.184995,1.185325,1343
2026-02-16 13:00:00,1.185325,1.185685,1.185205,1.185225,1436
2026-02-16 13:15:00,1.18522,1.18527,1.184945,1.185025,1088
2026-02-16 13:30:00,1.18502,1.18531,1.18491,1.18518,1280
2026-02-16 13:45:00,1.185185,1.18576,1.18516,1.18547,1508
2026-02-16 14:00:00,1.185465,1.186005,1.185445,1.185975,1326
2026-02-16 14:15:00,1.185975,1.186285,1.185705,1.18618,1476
2026-02-16 14:30:00,1.186185,1.186365,1.18544,1.18546,1830
2026-02-16 14:45:00,1.185455,1.185655,1.18532,1.185625,1234
2026-02-16 15:00:00,1.185635,1.1857,1.18541,1.185455,1418
2026-02-16 15:15:00,1.185455,1.185595,1.18534,1.185465,1013
2026-02-16 15:30:00,1.18547,1.185665,1.18529,1.185515,1280
2026-02-16 15:45:00,1.185515,1.18553,1.185055,1.1854,1540
2026-02-16 16:00:00,1.18541,1.185675,1.18521,1.185605,1562
2026-02-16 16:15:00,1.185605,1.18562,1.1851,1.185315,847
2026-02-16 16:30:00,1.18531,1.1855,1.185255,1.185415,684
2026-02-16 16:45:00,1.185415,1.18545,1.18462,1.185185,1225
2026-02-16 17:00:00,1.18519,1.185375,1.18509,1.1851,688
2026-02-16 17:15:00,1.1851,1.18517,1.18487,1.184925,689
2026-02-16 17:30:00,1.18493,1.18501,1.184635,1.184765,441
2026-02-16 17:45:00,1.18477,1.18495,1.184635,1.18482,349
2026-02-16 18:00:00,1.18482,1.18498,1.18482,1.184965,339
2026-02-16 18:15:00,1.184965,1.18497,1.184845,1.18485,258
2026-02-16 18:30:00,1.18485,1.18512,1.18482,1.185085,292
2026-02-16 18:45:00,1.185085,1.185085,1.18492,1.18496,329
2026-02-16 19:00:00,1.184965,1.18523,1.184905,1.18521,266
2026-02-16 19:15:00,1.18521,1.18523,1.18518,1.18521,158
2026-02-16 19:30:00,1.185205,1.185325,1.185175,1.185215,221
2026-02-16 19:45:00,1.185215,1.18542,1.1852,1.185415,205
2026-02-16 20:00:00,1.18541,1.185465,1.185255,1.18537,275
2026-02-16 20:15:00,1.18538,1.18548,1.18535,1.18548,131
2026-02-16 20:30:00,1.18548,1.18551,1.185315,1.185415,186
2026-02-16 20:45:00,1.185415,1.18547,1.185355,1.18537,295
2026-02-16 21:00:00,1.18537,1.185435,1.185295,1.18539,170
2026-02-16 21:15:00,1.18539,1.185405,1.18532,1.18537,183
2026-02-16 21:30:00,1.18536,1.185365,1.185135,1.18514,256
2026-02-16 21:45:00,1.185145,1.18519,1.185055,1.185095,596
2026-02-16 22:00:00,1.18511,1.185215,1.18511,1.18516,26
2026-02-16 22:15:00,1.18516,1.18519,1.18511,1.185135,21
2026-02-16 22:30:00,1.185175,1.185175,1.185125,1.185155,65
2026-02-16 22:45:00,1.185155,1.185175,1.185075,1.1851,253
2026-02-16 23:00:00,1.185115,1.185185,1.184805,1.185,486
2026-02-16 23:15:00,1.184995,1.184995,1.18467,1.18491,440
2026-02-16 23:30:00,1.18491,1.185015,1.184855,1.184995,310
2026-02-16 23:45:00,1.184995,1.185055,1.184835,1.18505,443
2026-02-17 00:00:00,1.185055,1.18521,1.184775,1.18496,1452
2026-02-17 00:15:00,1.184955,1.185045,1.184655,1.184725,1221
2026-02-17 00:30:00,1.184725,1.184785,1.184215,1.18426,1458
2026-02-17 00:45:00,1.184255,1.18457,1.184245,1.18437,1591
2026-02-17 01:00:00,1.184365,1.184465,1.18409,1.18426,1986
2026-02-17 01:15:00,1.184265,1.18437,1.18409,1.184275,807
2026-02-17 01:30:00,1.18428,1.18441,1.18422,1.1843,988
2026-02-17 01:45:00,1.184305,1.18447,1.184205,1.184445,1247
2026-02-17 02:00:00,1.18444,1.184735,1.18412,1.184485,1652
2026-02-17 02:15:00,1.184485,1.184635,1.184425,1.18451,731
2026-02-17 02:30:00,1.184515,1.184525,1.1842,1.184205,676
2026-02-17 02:45:00,1.184195,1.184275,1.18406,1.18421,684
2026-02-17 03:00:00,1.184215,1.18425,1.183815,1.184075,1173
2026-02-17 03:15:00,1.18408,1.18419,1.183945,1.184055,649
2026-02-17 03:30:00,1.184055,1.184075,1.18385,1.183995,1152
2026-02-17 03:45:00,1.184,1.18423,1.183995,1.184165,613
2026-02-17 04:00:00,1.18417,1.18421,1.18394,1.18402,937
2026-02-17 04:15:00,1.184015,1.18425,1.18396,1.184195,655
2026-02-17 04:30:00,1.18419,1.184225,1.18397,1.18411,832
2026-02-17 04:45:00,1.18411,1.18425,1.18403,1.18411,691
2026-02-17 05:00:00,1.184105,1.184195,1.183825,1.183825,484
2026-02-17 05:15:00,1.183825,1.18401,1.183565,1.184005,1592
2026-02-17 05:30:00,1.184015,1.184185,1.18386,1.18395,1293
2026-02-17 05:45:00,1.183945,1.184195,1.183905,1.184155,691
2026-02-17 06:00:00,1.18416,1.18457,1.18416,1.184485,1357
2026-02-17 06:15:00,1.184485,1.1845,1.184235,1.184345,950
2026-02-17 06:30:00,1.18434,1.184525,1.184255,1.184515,1008
2026-02-17 06:45:00,1.18452,1.184565,1.18435,1.18439,667
2026-02-17 07:00:00,1.184385,1.18446,1.183675,1.18397,2418
2026-02-17 07:15:00,1.18397,1.18401,1.183475,1.183535,1641
2026-02-17 07:30:00,1.18353,1.183585,1.183195,1.183215,2027
2026-02-17 07:45:00,1.18321,1.18338,1.182875,1.183275,2318
2026-02-17 08:00:00,1.18327,1.18356,1.183005,1.18308,2782
2026-02-17 08:15:00,1.183075,1.183825,1.183045,1.183755,2052
2026-02-17 08:30:00,1.18375,1.184025,1.183575,1.18402,1660
2026-02-17 08:45:00,1.184025,1.18441,1.18399,1.184085,2063
2026-02-17 09:00:00,1.184095,1.18434,1.18399,1.184155,2033
2026-02-17 09:15:00,1.18416,1.184765,1.18415,1.18472,1748
2026-02-17 09:30:00,1.184725,1.184995,1.184535,1.184555,1206
2026-02-17 09:45:00,1.18456,1.18478,1.18446,1.18467,1079
2026-02-17 10:00:00,1.18466,1.18472,1.184145,1.184145,1834
2026-02-17 10:15:00,1.184155,1.184575,1.18413,1.184425,1361
2026-02-17 10:30:00,1.18442,1.18467,1.184245,1.184315,1595
2026-02-17 10:45:00,1.1843,1.184515,1.184145,1.18428,1373
2026-02-17 11:00:00,1.184275,1.18444,1.18416,1.18425,1500
2026-02-17 11:15:00,1.184255,1.18442,1.18409,1.18436,936
2026-02-17 11:30:00,1.18436,1.18437,1.183725,1.183805,1375
2026-02-17 11:45:00,1.18381,1.183815,1.182415,1.183095,1919
2026-02-17 12:00:00,1.18309,1.18355,1.18275,1.18346,2276
2026-02-17 12:15:00,1.183465,1.183585,1.18281,1.18303,1767
2026-02-17 12:30:00,1.183025,1.18327,1.182815,1.182835,1643
2026-02-17 12:45:00,1.18284,1.1831,1.1827,1.182785,2066
2026-02-17 13:00:00,1.18278,1.183035,1.182435,1.18294,2766
2026-02-17 13:15:00,1.182935,1.18297,1.18196,1.18265,2929
2026-02-17 13:30:00,1.182645,1.1828,1.18179,1.181865,3233
2026-02-17 13:45:00,1.18186,1.182755,1.18157,1.182225,5054
2026-02-17 14:00:00,1.18222,1.182645,1.18165,1.181815,3985
2026-02-17 14:15:00,1.18182,1.18232,1.18163,1.18209,3238
2026-02-17 14:30:00,1.182085,1.182775,1.18191,1.182615,5837
2026-02-17 14:45:00,1.18262,1.182835,1.182135,1.182385,5024
2026-02-17 15:00:00,1.18238,1.182395,1.181235,1.18141,4776
2026-02-17 15:15:00,1.181415,1.18177,1.18081,1.18081,3306
2026-02-17 15:30:00,1.180815,1.181125,1.18053,1.180925,3588
2026-02-17 15:45:00,1.18092,1.181275,1.1805,1.181075,4018
2026-02-17 16:00:00,1.18108,1.182275,1.181065,1.182225,3864
2026-02-17 16:15:00,1.18222,1.183065,1.18207,1.182805,3239
2026-02-17 16:30:00,1.18281,1.18354,1.182695,1.183205,4065
2026-02-17 16:45:00,1.18321,1.183445,1.183035,1.18308,3435
2026-02-17 17:00:00,1.183075,1.183765,1.18294,1.18372,3132
2026-02-17 17:15:00,1.183725,1.183975,1.18357,1.183975,2542
2026-02-17 17:30:00,1.18397,1.18423,1.18346,1.18351,2824
2026-02-17 17:45:00,1.183515,1.18413,1.18343,1.183945,2434
2026-02-17 18:00:00,1.183945,1.1843,1.183875,1.184165,2682
2026-02-17 18:15:00,1.18416,1.18483,1.18416,1.184825,2045
2026-02-17 18:30:00,1.18482,1.185185,1.18456,1.185125,2376
2026-02-17 18:45:00,1.18512,1.18532,1.184825,1.184825,2035
2026-02-17 19:00:00,1.18482,1.185055,1.18453,1.18465,1370
2026-02-17 19:15:00,1.184655,1.18466,1.184365,1.18439,999
2026-02-17 19:30:00,1.184385,1.184675,1.18433,1.18465,1105
2026-02-17 19:45:00,1.18465,1.184875,1.184595,1.1848,1594
2026-02-17 20:00:00,1.184795,1.185065,1.18471,1.184855,1477
2026-02-17 20:15:00,1.18485,1.184905,1.1847,1.18482,755
2026-02-17 20:30:00,1.18481,1.185065,1.1848,1.18484,860
2026-02-17 20:45:00,1.184835,1.18527,1.184825,1.185115,1615
2026-02-17 21:00:00,1.18512,1.185285,1.185095,1.18527,419
2026-02-17 21:15:00,1.18527,1.18532,1.184995,1.185195,368
2026-02-17 21:30:00,1.185205,1.185465,1.185135,1.18539,563
2026-02-17 21:45:00,1.1854,1.185555,1.18517,1.18555,947
2026-02-17 22:00:00,1.18554,1.18554,1.185215,1.18527,49
2026-02-17 22:15:00,1.18527,1.18532,1.185225,1.185245,118
2026-02-17 22:30:00,1.18524,1.185325,1.185205,1.185305,84
2026-02-17 22:45:00,1.185305,1.185335,1.185235,1.18527,564
2026-02-17 23:00:00,1.18528,1.185755,1.1852,1.185515,466
2026-02-17 23:15:00,1.18552,1.185545,1.185265,1.185305,556
2026-02-17 23:30:00,1.185295,1.18532,1.185155,1.18516,529
2026-02-17 23:45:00,1.18516,1.185385,1.18505,1.18508,554
2026-02-18 00:00:00,1.185085,1.185365,1.185065,1.18527,1161
2026-02-18 00:15:00,1.185275,1.185365,1.184995,1.18517,768
2026-02-18 00:30:00,1.18518,1.18533,1.184915,1.18495,1246
2026-02-18 00:45:00,1.184955,1.185175,1.184705,1.18473,1145
2026-02-18 01:00:00,1.184735,1.1848,1.184405,1.184455,1495
2026-02-18 01:15:00,1.184455,1.18448,1.18425,1.18441,875
2026-02-18 01:30:00,1.184405,1.18461,1.18435,1.184605,858
2026-02-18 01:45:00,1.1846,1.1847,1.18447,1.184635,646
2026-02-18 02:00:00,1.18463,1.184735,1.18428,1.184325,1246
2026-02-18 02:15:00,1.184325,1.184555,1.18416,1.184485,993
2026-02-18 02:30:00,1.18447,1.184565,1.184305,1.184565,639
2026-02-18 02:45:00,1.184565,1.18463,1.18446,1.184475,534
2026-02-18 03:00:00,1.18448,1.1847,1.18443,1.184515,593
2026-02-18 03:15:00,1.184515,1.18453,1.18436,1.184525,593
2026-02-18 03:30:00,1.184525,1.18454,1.18423,1.184245,699
2026-02-18 03:45:00,1.18425,1.18427,1.1841,1.18413,498
2026-02-18 04:00:00,1.18413,1.18417,1.18394,1.184155,813
2026-02-18 04:15:00,1.184155,1.184385,1.184155,1.18422,457
2026-02-18 04:30:00,1.18422,1.184355,1.18414,1.18427,515
2026-02-18 04:45:00,1.18427,1.184335,1.18417,1.184195,523
2026-02-18 05:00:00,1.1842,1.18453,1.184175,1.184495,519
2026-02-18 05:15:00,1.1845,1.184525,1.18431,1.184315,359
2026-02-18 05:30:00,1.184315,1.18447,1.18424,1.18432,616
2026-02-18 05:45:00,1.18432,1.184585,1.18432,1.18458,291
2026-02-18 06:00:00,1.184575,1.18464,1.18404,1.18417,512
2026-02-18 06:15:00,1.18417,1.184405,1.184145,1.18438,656
2026-02-18 06:30:00,1.184375,1.184465,1.18426,1.184365,839
2026-02-18 06:45:00,1.184365,1.184615,1.1843,1.184485,735
2026-02-18 07:00:00,1.184475,1.184645,1.183925,1.18393,1854
2026-02-18 07:15:00,1.18393,1.183935,1.18352,1.18352,1526
2026-02-18 07:30:00,1.183525,1.183775,1.183345,1.18351,1714
2026-02-18 07:45:00,1.183505,1.183715,1.183305,1.18348,1563
2026-02-18 08:00:00,1.183475,1.18377,1.183145,1.18362,2400
2026-02-18 08:15:00,1.183625,1.183815,1.18315,1.18362,1664
2026-02-18 08:30:00,1.183615,1.1837,1.18285,1.182905,1922
2026-02-18 08:45:00,1.182905,1.183295,1.182905,1.18312,1753
2026-02-18 09:00:00,1.183125,1.18387,1.183005,1.18361,1943
2026-02-18 09:15:00,1.183615,1.18362,1.183265,1.183445,1357
2026-02-18 09:30:00,1.18344,1.183535,1.182855,1.183105,1633
2026-02-18 09:45:00,1.18311,1.183805,1.1831,1.183605,1534
2026-02-18 10:00:00,1.18361,1.18406,1.183505,1.18389,1650
2026-02-18 10:15:00,1.183885,1.184085,1.183785,1.183915,969
2026-02-18 10:30:00,1.18391,1.183935,1.18325,1.183365,1389
2026-02-18 10:45:00,1.183365,1.183615,1.18308,1.18322,1292
2026-02-18 11:00:00,1.18323,1.1833,1.183095,1.18321,887
2026-02-18 11:15:00,1.183205,1.183355,1.183065,1.183205,915
2026-02-18 11:30:00,1.183195,1.18352,1.183195,1.183405,965
2026-02-18 11:45:00,1.183405,1.1838,1.183285,1.18347,1291
2026-02-18 12:00:00,1.183475,1.183825,1.18336,1.183715,1242
2026-02-18 12:15:00,1.18372,1.184315,1.183705,1.18426,1311
2026-02-18 12:30:00,1.18426,1.184735,1.18408,1.184405,1980
2026-02-18 12:45:00,1.1844,1.184435,1.18386,1.18399,2107
2026-02-18 13:00:00,1.183985,1.184865,1.183985,1.184445,1859
2026-02-18 13:15:00,1.18445,1.184625,1.18372,1.183765,1745
2026-02-18 13:30:00,1.18376,1.183885,1.18316,1.183215,3133
2026-02-18 13:45:00,1.18322,1.1833,1.18236,1.18238,2431
2026-02-18 14:00:00,1.182385,1.18277,1.182185,1.18238,2617
2026-02-18 14:15:00,1.182375,1.18238,1.181215,1.181775,4434
2026-02-18 14:30:00,1.18177,1.18218,1.18164,1.18165,4715
2026-02-18 14:45:00,1.181645,1.18203,1.181415,1.18154,3467
2026-02-18 15:00:00,1.181545,1.182685,1.181355,1.18206,4085
2026-02-18 15:15:00,1.18207,1.18208,1.18149,1.18192,2568
2026-02-18 15:30:00,1.181915,1.18243,1.18184,1.18232,2643
2026-02-18 15:45:00,1.182325,1.18265,1.1816,1.18227,2975
2026-02-18 16:00:00,1.182265,1.182625,1.18155,1.18191,2611
2026-02-18 16:15:00,1.181915,1.18194,1.181185,1.181275,2262
2026-02-18 16:30:00,1.18127,1.181765,1.18099,1.181115,2019
2026-02-18 16:45:00,1.18112,1.18144,1.180935,1.180955,1943
2026-02-18 17:00:00,1.18095,1.18142,1.18061,1.181215,1762
2026-02-18 17:15:00,1.18121,1.18123,1.18066,1.18093,1548
2026-02-18 17:30:00,1.180925,1.180995,1.18022,1.180555,1835
2026-02-18 17:45:00,1.18056,1.18064,1.18027,1.18061,1628
2026-02-18 18:00:00,1.18062,1.180735,1.18016,1.1802,1633
2026-02-18 18:15:00,1.180205,1.180245,1.17933,1.179415,2244
2026-02-18 18:30:00,1.17941,1.17945,1.17898,1.17903,2602
2026-02-18 18:45:00,1.17901,1.179195,1.17876,1.179035,2083
2026-02-18 19:00:00,1.179045,1.17954,1.17856,1.178765,5996
2026-02-18 19:15:00,1.178765,1.17891,1.178495,1.17852,1855
2026-02-18 19:30:00,1.17852,1.17886,1.17837,1.17852,2589
2026-02-18 19:45:00,1.178515,1.178745,1.17839,1.17874,2120
2026-02-18 20:00:00,1.17873,1.179035,1.178495,1.17855,1641
2026-02-18 20:15:00,1.17855,1.178655,1.17829,1.178295,1196
2026-02-18 20:30:00,1.17829,1.178655,1.178215,1.178265,1682
2026-02-18 20:45:00,1.17827,1.17849,1.178215,1.17837,1242
2026-02-18 21:00:00,1.178365,1.178745,1.17827,1.178505,767
2026-02-18 21:15:00,1.1785,1.178735,1.17847,1.17867,837
2026-02-18 21:30:00,1.178675,1.178685,1.17837,1.178525,567
2026-02-18 21:45:00,1.17853,1.17857,1.178215,1.178285,1027
2026-02-18 22:00:00,1.178295,1.17854,1.178295,1.17841,56
2026-02-18 22:15:00,1.17841,1.17858,1.178385,1.17844,120
2026-02-18 22:30:00,1.17844,1.1787,1.178435,1.17867,217
2026-02-18 22:45:00,1.17867,1.178725,1.17855,1.178625,65
2026-02-18 23:00:00,1.178575,1.17893,1.17852,1.17891,629
2026-02-18 23:15:00,1.178915,1.17897,1.17877,1.178885,442
2026-02-18 23:30:00,1.178885,1.178955,1.178795,1.178865,470
2026-02-18 23:45:00,1.17887,1.17887,1.178735,1.178855,421
2026-02-19 00:00:00,1.17886,1.178885,1.178735,1.17878,698
2026-02-19 00:15:00,1.17878,1.178965,1.17863,1.178945,561
2026-02-19 00:30:00,1.17895,1.17907,1.178535,1.178575,1540
2026-02-19 00:45:00,1.17857,1.17918,1.17857,1.179015,1073
2026-02-19 01:00:00,1.17901,1.17943,1.17895,1.17941,1327
2026-02-19 01:15:00,1.17941,1.179505,1.17907,1.179125,906
2026-02-19 01:30:00,1.179125,1.17927,1.179055,1.17916,1237
2026-02-19 01:45:00,1.179155,1.17952,1.179155,1.17947,717
2026-02-19 02:00:00,1.179465,1.17951,1.179285,1.17941,1035
2026-02-19 02:15:00,1.17941,1.179515,1.17914,1.179325,740
2026-02-19 02:30:00,1.179325,1.17957,1.17927,1.179505,590
2026-02-19 02:45:00,1.179505,1.179515,1.17906,1.17909,417
2026-02-19 03:00:00,1.179095,1.179295,1.179085,1.17921,697
2026-02-19 03:15:00,1.179205,1.179285,1.178805,1.17891,622
2026-02-19 03:30:00,1.178905,1.17913,1.17877,1.178935,1554
2026-02-19 03:45:00,1.178935,1.179105,1.178795,1.17908,1133
2026-02-19 04:00:00,1.17909,1.17917,1.17869,1.17875,783
2026-02-19 04:15:00,1.17875,1.17884,1.178545,1.17864,910
2026-02-19 04:30:00,1.178645,1.17891,1.178535,1.178535,539
2026-02-19 04:45:00,1.178535,1.17905,1.178485,1.17895,777
2026-02-19 05:00:00,1.178945,1.17895,1.178705,1.17874,797
2026-02-19 05:15:00,1.17874,1.17907,1.17866,1.178995,676
2026-02-19 05:30:00,1.179,1.17926,1.17897,1.179255,441
2026-02-19 05:45:00,1.17926,1.179285,1.17902,1.17916,767
2026-02-19 06:00:00,1.179155,1.17933,1.17898,1.179315,1040
2026-02-19 06:15:00,1.179315,1.1799,1.17931,1.17986,1560
2026-02-19 06:30:00,1.179855,1.17993,1.179645,1.179815,1023
2026-02-19 06:45:00,1.179815,1.1801,1.17971,1.17983,1015
2026-02-19 07:00:00,1.179825,1.179825,1.17928,1.179465,1473
2026-02-19 07:15:00,1.179455,1.179545,1.179275,1.1795,1199
2026-02-19 07:30:00,1.179505,1.18021,1.179505,1.18008,1582
2026-02-19 07:45:00,1.180075,1.18037,1.179855,1.18006,1808
2026-02-19 08:00:00,1.180075,1.18031,1.17977,1.179835,2353
2026-02-19 08:15:00,1.17984,1.180445,1.179735,1.17981,1657
2026-02-19 08:30:00,1.179815,1.18039,1.179815,1.180375,1849
2026-02-19 08:45:00,1.18037,1.180515,1.17977,1.18012,1732
2026-02-19 09:00:00,1.18014,1.180765,1.180095,1.18071,1698
2026-02-19 09:15:00,1.180705,1.18071,1.180025,1.180135,1944
2026-02-19 09:30:00,1.180145,1.180415,1.17986,1.18012,1412
2026-02-19 09:45:00,1.180125,1.180425,1.17997,1.18,1503
2026-02-19 10:00:00,1.180005,1.180315,1.17963,1.179665,2465
2026-02-19 10:15:00,1.17966,1.179725,1.179015,1.17902,1656
2026-02-19 10:30:00,1.179025,1.179505,1.178965,1.179215,1427
2026-02-19 10:45:00,1.17922,1.179325,1.17873,1.178905,1311
2026-02-19 11:00:00,1.17891,1.179045,1.178735,1.17887,1290
2026-02-19 11:15:00,1.178875,1.17894,1.178125,1.178155,1773
2026-02-19 11:30:00,1.17815,1.17823,1.177675,1.177785,1867
2026-02-19 11:45:00,1.17779,1.17812,1.177715,1.178075,1872
2026-02-19 12:00:00,1.17808,1.17809,1.177565,1.17763,1898
2026-02-19 12:15:00,1.177625,1.177695,1.177205,1.17746,2039
2026-02-19 12:30:00,1.177465,1.177995,1.17713,1.177415,2196
2026-02-19 12:45:00,1.1774,1.1774,1.176695,1.176945,1967
2026-02-19 13:00:00,1.17694,1.177,1.17522,1.175895,3852
2026-02-19 13:15:00,1.175895,1.176475,1.17556,1.17606,3030
2026-02-19 13:30:00,1.17605,1.17628,1.175435,1.175675,3876
2026-02-19 13:45:00,1.17567,1.17657,1.175145,1.176555,3192
2026-02-19 14:00:00,1.17656,1.176645,1.17478,1.174875,3786
2026-02-19 14:15:00,1.17487,1.17525,1.1742,1.17486,4011
2026-02-19 14:30:00,1.17487,1.17533,1.174475,1.175185,5214
2026-02-19 14:45:00,1.17519,1.17534,1.17451,1.17518,3844
2026-02-19 15:00:00,1.175175,1.177275,1.174825,1.17622,7079
2026-02-19 15:15:00,1.176215,1.177195,1.17616,1.17651,5951
2026-02-19 15:30:00,1.176505,1.176825,1.17633,1.17643,4144
2026-02-19 15:45:00,1.176425,1.177555,1.17608,1.176305,4806
2026-02-19 16:00:00,1.176305,1.176915,1.17582,1.1764,4353
2026-02-19 16:15:00,1.176405,1.17682,1.17623,1.1764,2986
2026-02-19 16:30:00,1.176405,1.177065,1.176395,1.176735,2282
2026-02-19 16:45:00,1.176735,1.176765,1.175915,1.176125,2656
2026-02-19 17:00:00,1.17613,1.17618,1.175615,1.17599,2765
2026-02-19 17:15:00,1.175995,1.176615,1.17595,1.176535,2012
2026-02-19 17:30:00,1.17654,1.1767,1.176145,1.17666,1739
2026-02-19 17:45:00,1.17666,1.176805,1.176475,1.176595,1214
2026-02-19 18:00:00,1.1766,1.17708,1.17648,1.177045,1399
2026-02-19 18:15:00,1.17705,1.17717,1.176805,1.177,1485
2026-02-19 18:30:00,1.176995,1.177395,1.17693,1.17727,1155
2026-02-19 18:45:00,1.177265,1.17742,1.176785,1.17684,1301
2026-02-19 19:00:00,1.176835,1.17719,1.17679,1.176885,1816
2026-02-19 19:15:00,1.176885,1.17713,1.176585,1.17684,1243
2026-02-19 19:30:00,1.176835,1.17695,1.17592,1.1764,1574
2026-02-19 19:45:00,1.176405,1.176595,1.17621,1.17639,1580
2026-02-19 20:00:00,1.176385,1.17683,1.176335,1.176625,1301
2026-02-19 20:15:00,1.17663,1.176735,1.17638,1.17663,1058
2026-02-19 20:30:00,1.17662,1.176665,1.17636,1.17661,1123
2026-02-19 20:45:00,1.176615,1.176885,1.17658,1.17688,1105
2026-02-19 21:00:00,1.176875,1.177095,1.176805,1.177085,574
2026-02-19 21:15:00,1.177085,1.17741,1.17708,1.17727,875
2026-02-19 21:30:00,1.177275,1.17776,1.17727,1.17769,1015
2026-02-19 21:45:00,1.177695,1.17782,1.177055,1.17734,1554
2026-02-19 22:00:00,1.17734,1.17734,1.177095,1.177105,26
2026-02-19 22:15:00,1.17711,1.177375,1.17711,1.17721,440
2026-02-19 22:30:00,1.17721,1.177375,1.17721,1.17733,134
2026-02-19 22:45:00,1.17732,1.177375,1.17714,1.17716,167
2026-02-19 23:00:00,1.177155,1.177595,1.17709,1.17745,702
2026-02-19 23:15:00,1.177455,1.177495,1.177265,1.17728,261
2026-02-19 23:30:00,1.177275,1.177275,1.17698,1.176985,559
2026-02-19 23:45:00,1.17699,1.17705,1.17683,1.17684,577
2026-02-20 00:00:00,1.17685,1.177125,1.176675,1.176745,1025
2026-02-20 00:15:00,1.176745,1.17696,1.17668,1.176825,691
2026-02-20 00:30:00,1.17683,1.17698,1.17668,1.17684,688
2026-02-20 00:45:00,1.176845,1.177225,1.17677,1.177065,1202
2026-02-20 01:00:00,1.17706,1.177175,1.176575,1.17666,1638
2026-02-20 01:15:00,1.17666,1.176875,1.17611,1.176305,1971
2026-02-20 01:30:00,1.1763,1.17634,1.17561,1.175775,1720
2026-02-20 01:45:00,1.17578,1.17598,1.175515,1.17589,1534
2026-02-20 02:00:00,1.175885,1.175985,1.175575,1.17583,1596
2026-02-20 02:15:00,1.17583,1.175845,1.17555,1.17564,1375
2026-02-20 02:30:00,1.175645,1.175745,1.175525,1.175545,924
2026-02-20 02:45:00,1.175545,1.1756,1.17534,1.175455,1005
2026-02-20 03:00:00,1.17546,1.175865,1.17546,1.175795,653
2026-02-20 03:15:00,1.175795,1.175905,1.17549,1.175525,419
2026-02-20 03:30:00,1.17553,1.175755,1.175505,1.175655,511
2026-02-20 03:45:00,1.175655,1.17587,1.17564,1.1757,530
2026-02-20 04:00:00,1.175695,1.17596,1.175695,1.17589,709
2026-02-20 04:15:00,1.175905,1.175985,1.175765,1.17578,634
2026-02-20 04:30:00,1.17578,1.175795,1.175365,1.175475,602
2026-02-20 04:45:00,1.175475,1.175495,1.175255,1.175315,499
2026-02-20 05:00:00,1.17532,1.17545,1.17503,1.17522,832
2026-02-20 05:15:00,1.17522,1.175595,1.175195,1.175425,531
2026-02-20 05:30:00,1.175425,1.17552,1.17515,1.17526,741
2026-02-20 05:45:00,1.17525,1.1757,1.17502,1.175535,1268
2026-02-20 06:00:00,1.175545,1.17563,1.17526,1.175275,1463
2026-02-20 06:15:00,1.175275,1.17554,1.175275,1.17545,749
2026-02-20 06:30:00,1.17545,1.1756,1.175275,1.175375,963
2026-02-20 06:45:00,1.17538,1.175675,1.175155,1.17551,859
2026-02-20 07:00:00,1.175505,1.17618,1.175475,1.17615,2226
2026-02-20 07:15:00,1.176155,1.176245,1.17584,1.17584,1175
2026-02-20 07:30:00,1.175835,1.17628,1.17537,1.17574,1739
2026-02-20 07:45:00,1.17574,1.175795,1.174975,1.175125,2327
2026-02-20 08:00:00,1.17512,1.17539,1.174345,1.174755,3041
2026-02-20 08:15:00,1.17475,1.17578,1.174675,1.175535,2305
2026-02-20 08:30:00,1.17558,1.176345,1.17558,1.17576,3559
2026-02-20 08:45:00,1.175755,1.176365,1.175735,1.176095,2246
2026-02-20 09:00:00,1.1761,1.17661,1.175845,1.176495,2152
2026-02-20 09:15:00,1.1765,1.17679,1.17638,1.17672,1760
2026-02-20 09:30:00,1.17673,1.1768,1.17643,1.176665,1943
2026-02-20 09:45:00,1.17666,1.17681,1.176405,1.176695,1796
2026-02-20 10:00:00,1.17669,1.17687,1.176335,1.17644,1261
2026-02-20 10:15:00,1.176435,1.176465,1.175725,1.175945,1625
2026-02-20 10:30:00,1.175945,1.17675,1.17583,1.17649,1701
2026-02-20 10:45:00,1.17649,1.17669,1.17623,1.176365,1499
2026-02-20 11:00:00,1.17636,1.176385,1.175995,1.176255,1282
2026-02-20 11:15:00,1.176255,1.17658,1.176085,1.176485,1066
2026-02-20 11:30:00,1.17648,1.176755,1.176025,1.176665,1318
2026-02-20 11:45:00,1.176665,1.176905,1.17659,1.17673,1070
2026-02-20 12:00:00,1.17673,1.176915,1.17642,1.17646,1589
2026-02-20 12:15:00,1.176455,1.176885,1.176335,1.17674,1556
2026-02-20 12:30:00,1.17674,1.1769,1.17636,1.176865,1505
2026-02-20 12:45:00,1.176865,1.177095,1.17646,1.176565,1822
2026-02-20 13:00:00,1.17657,1.177005,1.17653,1.176875,1984
2026-02-20 13:15:00,1.17688,1.17775,1.176665,1.17767,3014
2026-02-20 13:30:00,1.17768,1.17833,1.17578,1.17632,7488
2026-02-20 13:45:00,1.176325,1.177145,1.17572,1.17693,3585
2026-02-20 14:00:00,1.176925,1.177055,1.17599,1.176465,3212
2026-02-20 14:15:00,1.17647,1.176875,1.17622,1.17629,2356
2026-02-20 14:30:00,1.17628,1.176485,1.1756,1.176355,4601
2026-02-20 14:45:00,1.17636,1.176885,1.17616,1.1768,3823
2026-02-20 15:00:00,1.17679,1.179955,1.17553,1.179555,17663
2026-02-20 15:15:00,1.17955,1.180755,1.17905,1.179955,13587
2026-02-20 15:30:00,1.17995,1.180365,1.178765,1.179655,11510
2026-02-20 15:45:00,1.17965,1.179705,1.17823,1.17881,7669
2026-02-20 16:00:00,1.17882,1.179835,1.178505,1.179245,6429
2026-02-20 16:15:00,1.17924,1.17939,1.177615,1.178075,5937
2026-02-20 16:30:00,1.178075,1.17812,1.17744,1.17758,4126
2026-02-20 16:45:00,1.177575,1.178255,1.177375,1.17801,3113
2026-02-20 17:00:00,1.178,1.1785,1.177415,1.177635,3232
2026-02-20 17:15:00,1.17764,1.17764,1.17657,1.176955,3556
2026-02-20 17:30:00,1.17696,1.177715,1.17693,1.177655,3412
2026-02-20 17:45:00,1.17765,1.178475,1.1773,1.178015,3812
2026-02-20 18:00:00,1.17801,1.17848,1.17768,1.17828,3248
2026-02-20 18:15:00,1.17828,1.179055,1.177975,1.17888,4603
2026-02-20 18:30:00,1.178875,1.179895,1.1782,1.179275,8873
2026-02-20 18:45:00,1.17927,1.17974,1.17846,1.17858,5709
2026-02-20 19:00:00,1.178585,1.17897,1.17822,1.17842,3542
2026-02-20 19:15:00,1.17842,1.17864,1.177875,1.178125,1791
2026-02-20 19:30:00,1.17813,1.17822,1.177905,1.17808,1240
2026-02-20 19:45:00,1.178075,1.178465,1.17785,1.17807,1982
2026-02-20 20:00:00,1.178075,1.178165,1.17775,1.17798,1682
2026-02-20 20:15:00,1.17798,1.178345,1.177815,1.17827,1115
2026-02-20 20:30:00,1.178265,1.1787,1.178015,1.178575,1198
2026-02-20 20:45:00,1.17857,1.17876,1.17846,1.178625,1277
2026-02-20 21:00:00,1.17863,1.179135,1.178545,1.179115,1010
2026-02-20 21:15:00,1.179115,1.179155,1.1788,1.179025,781
2026-02-20 21:30:00,1.17902,1.17907,1.17829,1.178295,1074
2026-02-20 21:45:00,1.1783,1.178775,1.178,1.17824,3470
2026-02-22 22:00:00,1.17824,1.17969,1.17824,1.179465,175
2026-02-22 22:15:00,1.179525,1.179715,1.17929,1.17934,181
2026-02-22 22:30:00,1.17934,1.179645,1.17934,1.17947,117
2026-02-22 22:45:00,1.179535,1.179535,1.17934,1.179415,133
2026-02-22 23:00:00,1.179405,1.180895,1.17934,1.180845,1776
2026-02-22 23:15:00,1.18085,1.18238,1.18023,1.181515,3022
2026-02-22 23:30:00,1.181525,1.182645,1.18146,1.18236,2174
2026-02-22 23:45:00,1.18236,1.18348,1.182305,1.18333,1906
2026-02-23 00:00:00,1.183335,1.183335,1.18265,1.182735,3285
2026-02-23 00:15:00,1.182735,1.1828,1.18226,1.18266,2044
2026-02-23 00:30:00,1.18267,1.183455,1.18265,1.183095,2655
2026-02-23 00:45:00,1.183085,1.183125,1.18243,1.1831,2934
2026-02-23 01:00:00,1.183095,1.18337,1.18273,1.18294,2606
2026-02-23 01:15:00,1.182935,1.18304,1.18214,1.18216,2669
2026-02-23 01:30:00,1.182155,1.182765,1.182075,1.18264,2348
2026-02-23 01:45:00,1.182645,1.18285,1.18244,1.182625,1469
2026-02-23 02:00:00,1.18262,1.183115,1.182335,1.18298,1655
2026-02-23 02:15:00,1.182985,1.183,1.182505,1.182825,1709
2026-02-23 02:30:00,1.18283,1.18297,1.18257,1.18287,1580
2026-02-23 02:45:00,1.18287,1.183085,1.182445,1.182765,1429
2026-02-23 03:00:00,1.182775,1.182815,1.181985,1.18201,1368
2026-02-23 03:15:00,1.182005,1.182215,1.181735,1.181785,1432
2026-02-23 03:30:00,1.18178,1.182135,1.18166,1.18191,1053
2026-02-23 03:45:00,1.181915,1.18242,1.181825,1.182335,780
2026-02-23 04:00:00,1.182355,1.182405,1.181795,1.182025,961
2026-02-23 04:15:00,1.18203,1.182285,1.181865,1.181985,864
2026-02-23 04:30:00,1.18199,1.182115,1.181875,1.182035,651
2026-02-23 04:45:00,1.182035,1.182195,1.181955,1.182085,547
2026-02-23 05:00:00,1.182085,1.182085,1.181585,1.181615,973
2026-02-23 05:15:00,1.18162,1.1818,1.18151,1.18166,701
2026-02-23 05:30:00,1.18166,1.18206,1.18165,1.181815,592
2026-02-23 05:45:00,1.181815,1.18216,1.181775,1.18198,491
2026-02-23 06:00:00,1.181975,1.182735,1.18166,1.18265,1540
2026-02-23 06:15:00,1.182645,1.18339,1.18263,1.183155,1684
2026-02-23 06:30:00,1.18316,1.183195,1.182705,1.18282,1111
2026-02-23 06:45:00,1.18282,1.183,1.1824,1.18246,1061
2026-02-23 07:00:00,1.182455,1.182775,1.18222,1.18241,1891
2026-02-23 07:15:00,1.182405,1.18252,1.182205,1.18224,1412
2026-02-23 07:30:00,1.182235,1.182485,1.18187,1.182385,2162
2026-02-23 07:45:00,1.18238,1.182745,1.18206,1.182345,2383
2026-02-23 08:00:00,1.18235,1.182495,1.18161,1.18197,3421
2026-02-23 08:15:00,1.18198,1.182075,1.181415,1.18179,2726
2026-02-23 08:30:00,1.18178,1.18183,1.18106,1.18107,2223
2026-02-23 08:45:00,1.18107,1.18121,1.180715,1.18105,2287
2026-02-23 09:00:00,1.181055,1.181255,1.180895,1.180975,1779
2026-02-23 09:15:00,1.18098,1.18098,1.1803,1.18092,1800
2026-02-23 09:30:00,1.180935,1.181115,1.18078,1.18104,1420
2026-02-23 09:45:00,1.181045,1.181175,1.180035,1.18008,1934
2026-02-23 10:00:00,1.18009,1.18014,1.179525,1.17962,1904
2026-02-23 10:15:00,1.179625,1.179885,1.17951,1.179845,1722
2026-02-23 10:30:00,1.17985,1.180015,1.179735,1.179905,1354
2026-02-23 10:45:00,1.17991,1.180085,1.179755,1.17986,1174
2026-02-23 11:00:00,1.179865,1.17989,1.179125,1.17918,1558
2026-02-23 11:15:00,1.179185,1.179405,1.17858,1.17858,1911
2026-02-23 11:30:00,1.178585,1.17863,1.1781,1.178525,2600
2026-02-23 11:45:00,1.178525,1.1788,1.17839,1.178595,1981
2026-02-23 12:00:00,1.178585,1.178655,1.17812,1.17832,2070
2026-02-23 12:15:00,1.17834,1.178385,1.17745,1.177635,2182
2026-02-23 12:30:00,1.17764,1.17808,1.177605,1.177815,2070
2026-02-23 12:45:00,1.17781,1.178295,1.17765,1.17818,2128
2026-02-23 13:00:00,1.178175,1.178545,1.17782,1.17852,3591
2026-02-23 13:15:00,1.178525,1.179305,1.178485,1.179295,2356
2026-02-23 13:30:00,1.1793,1.17979,1.179255,1.17965,3038
2026-02-23 13:45:00,1.179645,1.17971,1.1792,1.17959,2739
2026-02-23 14:00:00,1.179595,1.179985,1.179405,1.179945,2729
2026-02-23 14:15:00,1.17995,1.18028,1.17949,1.179585,2047
2026-02-23 14:30:00,1.1796,1.18013,1.1795,1.17991,4611
2026-02-23 14:45:00,1.179905,1.180915,1.17943,1.18056,4238
2026-02-23 15:00:00,1.180555,1.18101,1.180155,1.180575,3778
2026-02-23 15:15:00,1.18057,1.1808,1.180135,1.18033,3464
2026-02-23 15:30:00,1.180325,1.18057,1.1797,1.18009,3840
2026-02-23 15:45:00,1.1801,1.180145,1.179215,1.179485,3895
2026-02-23 16:00:00,1.17948,1.179525,1.178815,1.179295,4027
2026-02-23 16:15:00,1.17929,1.180275,1.17917,1.1801,3709
2026-02-23 16:30:00,1.18011,1.18048,1.17977,1.18013,3200
2026-02-23 16:45:00,1.180135,1.180635,1.17999,1.180385,2437
2026-02-23 17:00:00,1.18038,1.18088,1.179965,1.18003,3155
2026-02-23 17:15:00,1.180025,1.1803,1.17932,1.179515,2513
2026-02-23 17:30:00,1.179515,1.179545,1.17906,1.179325,2704
2026-02-23 17:45:00,1.17933,1.180045,1.179225,1.179875,2160
2026-02-23 18:00:00,1.17988,1.18,1.179585,1.179635,1407
2026-02-23 18:15:00,1.179635,1.179825,1.17948,1.179595,1513
2026-02-23 18:30:00,1.179605,1.1801,1.179605,1.179755,1400
2026-02-23 18:45:00,1.17975,1.179935,1.179665,1.17982,1353
2026-02-23 19:00:00,1.179815,1.18006,1.17964,1.179895,1172
2026-02-23 19:15:00,1.179895,1.179955,1.179415,1.1795,1259
2026-02-23 19:30:00,1.179505,1.17953,1.17883,1.1789,1254
2026-02-23 19:45:00,1.17889,1.17929,1.178835,1.17916,1814
2026-02-23 20:00:00,1.179165,1.17928,1.179015,1.17914,1248
2026-02-23 20:15:00,1.179135,1.1794,1.17882,1.17932,841
2026-02-23 20:30:00,1.179315,1.179365,1.178975,1.179015,997
2026-02-23 20:45:00,1.17901,1.1791,1.178755,1.178905,1455
2026-02-23 21:00:00,1.17891,1.179245,1.17891,1.179035,760
2026-02-23 21:15:00,1.17904,1.179075,1.17858,1.17868,781
2026-02-23 21:30:00,1.17869,1.17904,1.178635,1.17889,830
2026-02-23 21:45:00,1.178885,1.178955,1.178415,1.178525,1702
2026-02-23 22:00:00,1.17852,1.17888,1.178515,1.178695,66
2026-02-23 22:15:00,1.178695,1.1787,1.178675,1.178695,44
2026-02-23 22:30:00,1.178695,1.17874,1.17863,1.1787,750
2026-02-23 22:45:00,1.1787,1.17878,1.178675,1.17873,1153
2026-02-23 23:00:00,1.178725,1.17923,1.17868,1.179225,624
2026-02-23 23:15:00,1.17923,1.179255,1.178905,1.17897,449
2026-02-23 23:30:00,1.17897,1.179465,1.178965,1.17939,621
2026-02-23 23:45:00,1.17939,1.179535,1.179285,1.179315,563
2026-02-24 00:00:00,1.17931,1.179485,1.179065,1.17924,886
2026-02-24 00:15:00,1.17924,1.179385,1.17897,1.17907,609
2026-02-24 00:30:00,1.179075,1.17963,1.17898,1.179285,1243
2026-02-24 00:45:00,1.179285,1.179395,1.178755,1.178805,918
2026-02-24 01:00:00,1.17881,1.17881,1.178145,1.17824,1981
2026-02-24 01:15:00,1.178245,1.17837,1.1772,1.177375,2402
2026-02-24 01:30:00,1.17737,1.178075,1.177165,1.178005,2412
2026-02-24 01:45:00,1.17801,1.178335,1.177835,1.178185,1446
2026-02-24 02:00:00,1.17818,1.17846,1.17813,1.1782,1504
2026-02-24 02:15:00,1.178205,1.178235,1.177845,1.178225,1233
2026-02-24 02:30:00,1.178225,1.17845,1.17804,1.178195,735
2026-02-24 02:45:00,1.1782,1.178435,1.178135,1.17838,605
2026-02-24 03:00:00,1.178375,1.178545,1.178235,1.17825,748
2026-02-24 03:15:00,1.17825,1.178255,1.177835,1.177835,493
2026-02-24 03:30:00,1.177835,1.17792,1.17768,1.17778,416
2026-02-24 03:45:00,1.17778,1.17787,1.17749,1.177515,769
2026-02-24 04:00:00,1.177515,1.177675,1.177245,1.17728,692
2026-02-24 04:15:00,1.17728,1.177445,1.177095,1.177115,643
2026-02-24 04:30:00,1.177115,1.17717,1.176805,1.176855,968
2026-02-24 04:45:00,1.17685,1.1771,1.17685,1.17697,576
2026-02-24 05:00:00,1.176975,1.17722,1.176855,1.17716,700
2026-02-24 05:15:00,1.17716,1.177205,1.176945,1.176995,357
2026-02-24 05:30:00,1.176995,1.17732,1.176965,1.177235,473
2026-02-24 05:45:00,1.17724,1.17806,1.1772,1.178,1004
2026-02-24 06:00:00,1.17799,1.17824,1.177865,1.17796,833
2026-02-24 06:15:00,1.17796,1.178085,1.177735,1.17786,1065
2026-02-24 06:30:00,1.177855,1.178195,1.17778,1.177985,753
2026-02-24 06:45:00,1.17798,1.17815,1.17782,1.178045,693
2026-02-24 07:00:00,1.17803,1.17803,1.177155,1.177485,3987
2026-02-24 07:15:00,1.177495,1.17781,1.177165,1.177595,2668
2026-02-24 07:30:00,1.1776,1.17825,1.1776,1.17801,2495
2026-02-24 07:45:00,1.17801,1.178085,1.177455,1.177925,2091
2026-02-24 08:00:00,1.17792,1.178105,1.17734,1.17779,2935
2026-02-24 08:15:00,1.177785,1.178825,1.177725,1.178735,2618
2026-02-24 08:30:00,1.17873,1.178985,1.178475,1.1788,2165
2026-02-24 08:45:00,1.17879,1.17886,1.178375,1.178375,2102
2026-02-24 09:00:00,1.17837,1.179065,1.178315,1.178855,2153
2026-02-24 09:15:00,1.17885,1.1791,1.17838,1.178885,1800
2026-02-24 09:30:00,1.17888,1.179315,1.17872,1.178785,1445
2026-02-24 09:45:00,1.17879,1.178895,1.17863,1.178765,987
2026-02-24 10:00:00,1.17877,1.17894,1.1784,1.17847,1545
2026-02-24 10:15:00,1.178445,1.178565,1.178225,1.17855,1106
2026-02-24 10:30:00,1.17856,1.17912,1.17856,1.17871,1050
2026-02-24 10:45:00,1.178705,1.17893,1.17841,1.178555,785
2026-02-24 11:00:00,1.17856,1.17861,1.17802,1.17821,1617
2026-02-24 11:15:00,1.178205,1.178455,1.17796,1.178105,1328
2026-02-24 11:30:00,1.178105,1.17827,1.177985,1.178195,1039
2026-02-24 11:45:00,1.178195,1.17825,1.17792,1.178065,1265
2026-02-24 12:00:00,1.17806,1.17824,1.17757,1.177605,1858
2026-02-24 12:15:00,1.177605,1.17763,1.177315,1.177395,1388
2026-02-24 12:30:00,1.1774,1.17784,1.177395,1.177555,1679
2026-02-24 12:45:00,1.17755,1.17837,1.177275,1.17813,2198
2026-02-24 13:00:00,1.178135,1.17814,1.177615,1.177815,2917
2026-02-24 13:15:00,1.17781,1.17785,1.177505,1.177655,2086
2026-02-24 13:30:00,1.177655,1.177835,1.17715,1.177165,2331
2026-02-24 13:45:00,1.177155,1.17733,1.176825,1.17722,1609
2026-02-24 14:00:00,1.177215,1.177645,1.176795,1.176985,2018
2026-02-24 14:15:00,1.17698,1.17765,1.176745,1.1775,2428
2026-02-24 14:30:00,1.177495,1.17787,1.17721,1.17729,3559
2026-02-24 14:45:00,1.177295,1.177635,1.17701,1.177355,2702
2026-02-24 15:00:00,1.17735,1.177395,1.17671,1.177005,3628
2026-02-24 15:15:00,1.176995,1.177225,1.1766,1.17717,2778
2026-02-24 15:30:00,1.177165,1.178105,1.17699,1.17745,3208
2026-02-24 15:45:00,1.177455,1.177845,1.177115,1.17727,3600
2026-02-24 16:00:00,1.177275,1.178595,1.177205,1.17857,2761
2026-02-24 16:15:00,1.178565,1.17898,1.178535,1.17895,1150
2026-02-24 16:30:00,1.178955,1.179005,1.178485,1.178805,2047
2026-02-24 16:45:00,1.1788,1.178985,1.17852,1.1788,1364
2026-02-24 17:00:00,1.178805,1.17888,1.178565,1.178755,1595
2026-02-24 17:15:00,1.17875,1.178845,1.17826,1.178285,1185
2026-02-24 17:30:00,1.178285,1.1787,1.178185,1.17866,1003
2026-02-24 17:45:00,1.17867,1.17876,1.178485,1.178545,640
2026-02-24 18:00:00,1.17854,1.178655,1.178075,1.17833,1247
2026-02-24 18:15:00,1.178335,1.17866,1.17813,1.17842,895
2026-02-24 18:30:00,1.17842,1.17855,1.177895,1.177895,1103
2026-02-24 18:45:00,1.1779,1.17815,1.177715,1.177855,904
2026-02-24 19:00:00,1.17785,1.17811,1.17765,1.178105,697
2026-02-24 19:15:00,1.1781,1.178145,1.177675,1.178135,911
2026-02-24 19:30:00,1.17815,1.17841,1.178095,1.178235,646
2026-02-24 19:45:00,1.178235,1.178245,1.17775,1.17788,924
2026-02-24 20:00:00,1.177885,1.17795,1.17762,1.17779,820
2026-02-24 20:15:00,1.177785,1.178025,1.17751,1.17783,809
2026-02-24 20:30:00,1.17783,1.178355,1.17783,1.17825,675
2026-02-24 20:45:00,1.17825,1.178285,1.177525,1.17753,1106
2026-02-24 21:00:00,1.177525,1.17771,1.177435,1.17748,727
2026-02-24 21:15:00,1.17748,1.17759,1.177425,1.177565,367
2026-02-24 21:30:00,1.177565,1.177605,1.17742,1.177595,420
2026-02-24 21:45:00,1.17759,1.17759,1.17719,1.17722,1848
2026-02-24 22:00:00,1.17722,1.17754,1.17722,1.17753,61
2026-02-24 22:15:00,1.17753,1.17757,1.17726,1.177265,133
2026-02-24 22:30:00,1.17726,1.177865,1.17726,1.177545,533
2026-02-24 22:45:00,1.177545,1.177555,1.177385,1.17743,115
2026-02-24 23:00:00,1.17742,1.17747,1.177285,1.177355,324
2026-02-24 23:15:00,1.17736,1.17747,1.177285,1.17745,255
2026-02-24 23:30:00,1.17746,1.177515,1.177395,1.17744,263
2026-02-24 23:45:00,1.177445,1.177605,1.17737,1.177395,243
2026-02-25 00:00:00,1.1774,1.17772,1.177335,1.177585,704
2026-02-25 00:15:00,1.17758,1.177835,1.17754,1.1777,570
2026-02-25 00:30:00,1.177695,1.177945,1.17757,1.177745,1492
2026-02-25 00:45:00,1.177745,1.177985,1.17752,1.1778,1566
2026-02-25 01:00:00,1.177805,1.17788,1.1776,1.177765,1091
2026-02-25 01:15:00,1.177775,1.178095,1.177665,1.17788,985
2026-02-25 01:30:00,1.177885,1.178205,1.177785,1.178,843
2026-02-25 01:45:00,1.178,1.178,1.177655,1.177845,709
2026-02-25 02:00:00,1.17784,1.17845,1.17781,1.178445,977
2026-02-25 02:15:00,1.17844,1.17852,1.178225,1.178465,515
2026-02-25 02:30:00,1.178465,1.178965,1.17833,1.178905,1659
2026-02-25 02:45:00,1.178905,1.17935,1.17874,1.17923,1099
2026-02-25 03:00:00,1.179225,1.17944,1.178575,1.17865,1605
2026-02-25 03:15:00,1.178655,1.178905,1.17859,1.17877,1122
2026-02-25 03:30:00,1.17877,1.179225,1.17871,1.178985,1646
2026-02-25 03:45:00,1.17898,1.17913,1.17881,1.178955,1353
2026-02-25 04:00:00,1.17895,1.17922,1.178825,1.17889,704
2026-02-25 04:15:00,1.178885,1.17937,1.178765,1.179295,742
2026-02-25 04:30:00,1.179295,1.17941,1.17916,1.179355,553
2026-02-25 04:45:00,1.17935,1.179625,1.17919,1.179495,729
2026-02-25 05:00:00,1.179495,1.17983,1.17943,1.17971,831
2026-02-25 05:15:00,1.17971,1.17983,1.179595,1.179805,378
2026-02-25 05:30:00,1.179805,1.180495,1.17975,1.180465,840
2026-02-25 05:45:00,1.18046,1.18056,1.180025,1.18009,906
2026-02-25 06:00:00,1.180095,1.180335,1.17971,1.180225,1353
2026-02-25 06:15:00,1.18022,1.1805,1.18016,1.18045,819
2026-02-25 06:30:00,1.180445,1.18056,1.180205,1.18021,829
2026-02-25 06:45:00,1.180205,1.180635,1.180175,1.18054,957
2026-02-25 07:00:00,1.180525,1.1808,1.18042,1.180465,1089
2026-02-25 07:15:00,1.180465,1.180485,1.180035,1.180225,998
2026-02-25 07:30:00,1.18022,1.1803,1.179965,1.18018,1155
2026-02-25 07:45:00,1.180165,1.18062,1.17969,1.17971,1729
2026-02-25 08:00:00,1.179715,1.18,1.17944,1.179525,2489
2026-02-25 08:15:00,1.179535,1.1799,1.17905,1.179215,1686
2026-02-25 08:30:00,1.17922,1.17949,1.17905,1.17932,1259
2026-02-25 08:45:00,1.17931,1.17946,1.17896,1.17901,1415
2026-02-25 09:00:00,1.179,1.17915,1.17883,1.178925,1656
2026-02-25 09:15:00,1.178925,1.179175,1.17864,1.178885,1434
2026-02-25 09:30:00,1.178885,1.179315,1.178645,1.17866,2075
2026-02-25 09:45:00,1.178655,1.17902,1.178555,1.178795,2020
2026-02-25 10:00:00,1.17879,1.17884,1.17833,1.17864,1245
2026-02-25 10:15:00,1.17863,1.178715,1.178395,1.178425,1029
2026-02-25 10:30:00,1.17842,1.17847,1.17793,1.178165,1808
2026-02-25 10:45:00,1.17816,1.178195,1.177975,1.17799,825
2026-02-25 11:00:00,1.17793,1.17811,1.17776,1.17799,972
2026-02-25 11:15:00,1.177985,1.177985,1.17714,1.17717,1062
2026-02-25 11:30:00,1.177165,1.17759,1.177105,1.177295,894
2026-02-25 11:45:00,1.177295,1.177685,1.17726,1.17748,1155
2026-02-25 12:00:00,1.177485,1.178175,1.1774,1.178175,1594
2026-02-25 12:15:00,1.178175,1.178415,1.17805,1.17823,774
2026-02-25 12:30:00,1.17823,1.17852,1.17809,1.17849,771
2026-02-25 12:45:00,1.178495,1.17868,1.17838,1.178585,1029
2026-02-25 13:00:00,1.17859,1.1788,1.17836,1.17878,1796
2026-02-25 13:15:00,1.178785,1.179025,1.17836,1.178365,1106
2026-02-25 13:30:00,1.178365,1.17863,1.178095,1.178295,1243
2026-02-25 13:45:00,1.178295,1.178565,1.177315,1.177365,1560
2026-02-25 14:00:00,1.177365,1.177755,1.177315,1.177615,1786
2026-02-25 14:15:00,1.177615,1.178365,1.177595,1.178265,1103
2026-02-25 14:30:00,1.178265,1.17861,1.17806,1.17857,2243
2026-02-25 14:45:00,1.178575,1.17892,1.178485,1.17862,1939
2026-02-25 15:00:00,1.17863,1.17998,1.17848,1.179825,1984
2026-02-25 15:15:00,1.17983,1.18012,1.178915,1.179145,1590
2026-02-25 15:30:00,1.17914,1.17969,1.17893,1.17958,1973
2026-02-25 15:45:00,1.179575,1.180255,1.17922,1.18013,2868
2026-02-25 16:00:00,1.180115,1.180725,1.18005,1.18027,1897
2026-02-25 16:15:00,1.18029,1.18061,1.18009,1.18028,1126
2026-02-25 16:30:00,1.18029,1.1805,1.179865,1.179915,1249
2026-02-25 16:45:00,1.179905,1.180645,1.1799,1.180405,1317
2026-02-25 17:00:00,1.1804,1.1814,1.180255,1.181165,1991
2026-02-25 17:15:00,1.18117,1.18133,1.18081,1.181005,1336
2026-02-25 17:30:00,1.181,1.181435,1.180935,1.181255,1479
2026-02-25 17:45:00,1.18125,1.181295,1.180655,1.180735,1626
2026-02-25 18:00:00,1.18074,1.181045,1.18062,1.180775,1242
2026-02-25 18:15:00,1.180775,1.181085,1.18061,1.18075,1117
2026-02-25 18:30:00,1.18075,1.18085,1.180495,1.180505,718
2026-02-25 18:45:00,1.180505,1.180685,1.18042,1.18047,776
2026-02-25 19:00:00,1.180475,1.180935,1.180415,1.1809,999
2026-02-25 19:15:00,1.1809,1.1809,1.18036,1.18043,558
2026-02-25 19:30:00,1.18043,1.180615,1.18028,1.180605,644
2026-02-25 19:45:00,1.180595,1.18077,1.18055,1.180555,862
2026-02-25 20:00:00,1.18055,1.18076,1.180535,1.18057,1008
2026-02-25 20:15:00,1.18057,1.180795,1.180505,1.180555,904
2026-02-25 20:30:00,1.180555,1.180885,1.180475,1.180725,727
2026-02-25 20:45:00,1.180725,1.180805,1.18048,1.180605,909
2026-02-25 21:00:00,1.1806,1.180785,1.180485,1.180505,779
2026-02-25 21:15:00,1.180505,1.18057,1.180345,1.18057,383
2026-02-25 21:30:00,1.180585,1.18112,1.180585,1.181085,657
2026-02-25 21:45:00,1.18109,1.181295,1.18079,1.18101,1164
2026-02-25 22:00:00,1.18103,1.181045,1.180695,1.18082,52
2026-02-25 22:15:00,1.180825,1.180915,1.180825,1.180905,242
2026-02-25 22:30:00,1.180915,1.180965,1.180875,1.18094,228
2026-02-25 22:45:00,1.18094,1.1813,1.18094,1.18113,260
2026-02-25 23:00:00,1.18113,1.18137,1.181125,1.18121,615
2026-02-25 23:15:00,1.18121,1.18142,1.181065,1.1813,352
2026-02-25 23:30:00,1.1813,1.181435,1.181155,1.18135,388
2026-02-25 23:45:00,1.18135,1.18164,1.18134,1.1815,495
2026-02-26 00:00:00,1.181505,1.181585,1.181175,1.181325,625
2026-02-26 00:15:00,1.181325,1.181735,1.181325,1.181555,448
2026-02-26 00:30:00,1.18155,1.1818,1.181315,1.18176,800
2026-02-26 00:45:00,1.181765,1.18194,1.181475,1.181915,1181
2026-02-26 01:00:00,1.181915,1.182115,1.181785,1.1819,1228
2026-02-26 01:15:00,1.1819,1.18273,1.1819,1.182295,1377
2026-02-26 01:30:00,1.18228,1.182795,1.18211,1.182775,1498
2026-02-26 01:45:00,1.18278,1.18289,1.18261,1.18273,1154
2026-02-26 02:00:00,1.182725,1.182895,1.182495,1.18262,1115
2026-02-26 02:15:00,1.18262,1.182705,1.182025,1.182025,1000
2026-02-26 02:30:00,1.182025,1.182025,1.181325,1.181455,815
2026-02-26 02:45:00,1.18145,1.181775,1.18139,1.18174,601
2026-02-26 03:00:00,1.181745,1.181985,1.181735,1.181985,952
2026-02-26 03:15:00,1.18199,1.18222,1.18187,1.181905,820
2026-02-26 03:30:00,1.181915,1.18215,1.181765,1.181775,638
2026-02-26 03:45:00,1.181775,1.18186,1.181585,1.1817,637
2026-02-26 04:00:00,1.181705,1.181765,1.18132,1.181415,641
2026-02-26 04:15:00,1.181415,1.18157,1.181305,1.181335,565
2026-02-26 04:30:00,1.18131,1.1817,1.181265,1.18164,639
2026-02-26 04:45:00,1.18164,1.181895,1.181465,1.181835,629
2026-02-26 05:00:00,1.181825,1.181945,1.18165,1.1818,967
2026-02-26 05:15:00,1.181805,1.18213,1.181785,1.181965,673
2026-02-26 05:30:00,1.18197,1.181985,1.181605,1.18191,634
2026-02-26 05:45:00,1.181915,1.182265,1.18181,1.181975,1182
2026-02-26 06:00:00,1.18198,1.182155,1.18173,1.182085,995
2026-02-26 06:15:00,1.18208,1.182145,1.181495,1.181545,946
2026-02-26 06:30:00,1.18154,1.18201,1.18152,1.18201,1006
2026-02-26 06:45:00,1.18201,1.18221,1.18185,1.18188,1031
2026-02-26 07:00:00,1.181885,1.181885,1.180885,1.181295,1507
2026-02-26 07:15:00,1.18128,1.18172,1.18108,1.181225,1847
2026-02-26 07:30:00,1.18123,1.181455,1.18113,1.18137,1031
2026-02-26 07:45:00,1.181355,1.181815,1.181165,1.181565,994
2026-02-26 08:00:00,1.18157,1.181585,1.180365,1.18069,1842
2026-02-26 08:15:00,1.1807,1.180845,1.18022,1.18034,1191
2026-02-26 08:30:00,1.18033,1.180795,1.18022,1.18069,1737
2026-02-26 08:45:00,1.180685,1.18079,1.180235,1.180255,1521
2026-02-26 09:00:00,1.18025,1.1806,1.18001,1.18008,1806
2026-02-26 09:15:00,1.18009,1.180375,1.179745,1.18014,2006
2026-02-26 09:30:00,1.180145,1.180195,1.1797,1.17973,1496
2026-02-26 09:45:00,1.17973,1.179995,1.17967,1.17973,1443
2026-02-26 10:00:00,1.179725,1.17994,1.17959,1.179795,1050
2026-02-26 10:15:00,1.179795,1.179975,1.17953,1.179715,991
2026-02-26 10:30:00,1.179705,1.17977,1.179465,1.179495,1246
2026-02-26 10:45:00,1.1795,1.17985,1.179325,1.17985,1080
2026-02-26 11:00:00,1.179845,1.180485,1.1798,1.180415,2074
2026-02-26 11:15:00,1.180415,1.18044,1.180135,1.180175,856
2026-02-26 11:30:00,1.180175,1.180285,1.18001,1.18022,965
2026-02-26 11:45:00,1.180215,1.18029,1.17997,1.18004,1152
2026-02-26 12:00:00,1.180045,1.18052,1.179995,1.180485,1550
2026-02-26 12:15:00,1.18048,1.1807,1.18027,1.180585,1236
2026-02-26 12:30:00,1.180585,1.18075,1.180325,1.18066,1097
2026-02-26 12:45:00,1.180665,1.180975,1.18052,1.180905,1432
2026-02-26 13:00:00,1.1809,1.181475,1.180745,1.181325,2046
2026-02-26 13:15:00,1.18133,1.181675,1.18125,1.1813,1720
2026-02-26 13:30:00,1.181295,1.181435,1.18028,1.180315,2774
2026-02-26 13:45:00,1.18032,1.180875,1.180315,1.18069,3047
2026-02-26 14:00:00,1.180685,1.180865,1.180205,1.18077,2343
2026-02-26 14:15:00,1.18076,1.18087,1.180405,1.180735,1878
2026-02-26 14:30:00,1.18074,1.181185,1.1806,1.18106,3774
2026-02-26 14:45:00,1.181065,1.181585,1.180945,1.181295,3590
2026-02-26 15:00:00,1.18127,1.181445,1.180785,1.18089,3715
2026-02-26 15:15:00,1.180885,1.18091,1.178155,1.1786,5900
2026-02-26 15:30:00,1.17859,1.17959,1.178095,1.179295,5532
2026-02-26 15:45:00,1.17929,1.179905,1.179055,1.179905,4275
2026-02-26 16:00:00,1.1799,1.179945,1.17884,1.178965,3256
2026-02-26 16:15:00,1.17896,1.17953,1.178765,1.1793,2625
2026-02-26 16:30:00,1.179295,1.179395,1.1787,1.178735,2495
2026-02-26 16:45:00,1.17873,1.17924,1.178595,1.179185,2542
2026-02-26 17:00:00,1.17919,1.179345,1.17873,1.178745,2228
2026-02-26 17:15:00,1.17875,1.17884,1.177695,1.177725,2026
2026-02-26 17:30:00,1.177725,1.17805,1.17752,1.17786,2444
2026-02-26 17:45:00,1.17786,1.17786,1.177395,1.17761,2502
2026-02-26 18:00:00,1.177605,1.177895,1.177415,1.17778,2412
2026-02-26 18:15:00,1.177775,1.17796,1.17758,1.177925,1607
2026-02-26 18:30:00,1.17793,1.17874,1.177585,1.17847,3309
2026-02-26 18:45:00,1.178475,1.178645,1.17817,1.17845,1922
2026-02-26 19:00:00,1.178455,1.17879,1.17824,1.17862,1704
2026-02-26 19:15:00,1.178625,1.17915,1.17858,1.17915,1716
2026-02-26 19:30:00,1.179145,1.179405,1.17901,1.17939,958
2026-02-26 19:45:00,1.179385,1.17979,1.179385,1.17967,1054
2026-02-26 20:00:00,1.179675,1.17994,1.179585,1.17974,1232
2026-02-26 20:15:00,1.179735,1.17998,1.179595,1.179945,867
2026-02-26 20:30:00,1.179945,1.18028,1.179885,1.1802,578
2026-02-26 20:45:00,1.1802,1.180335,1.18007,1.180135,1064
2026-02-26 21:00:00,1.18014,1.18037,1.179945,1.180125,862
2026-02-26 21:15:00,1.18012,1.18019,1.17986,1.179945,599
2026-02-26 21:30:00,1.17995,1.18017,1.179915,1.179915,590
2026-02-26 21:45:00,1.179925,1.18,1.179725,1.179735,948
2026-02-26 22:00:00,1.17973,1.17974,1.17961,1.179735,414
2026-02-26 22:15:00,1.179735,1.17989,1.17965,1.179875,138
2026-02-26 22:30:00,1.179845,1.179935,1.179785,1.179865,172
2026-02-26 22:45:00,1.179865,1.179875,1.179805,1.17984,120
2026-02-26 23:00:00,1.17983,1.17993,1.179625,1.17986,472
2026-02-26 23:15:00,1.179855,1.18,1.17984,1.18,477
2026-02-26 23:30:00,1.18,1.180225,1.179985,1.180145,592
2026-02-26 23:45:00,1.18015,1.180335,1.18002,1.180335,697
2026-02-27 00:00:00,1.180325,1.180395,1.18008,1.180225,937
2026-02-27 00:15:00,1.180225,1.18058,1.18017,1.180385,826
2026-02-27 00:30:00,1.180385,1.18049,1.179765,1.17979,1316
2026-02-27 00:45:00,1.179795,1.179935,1.17961,1.179645,1720
2026-02-27 01:00:00,1.17965,1.180245,1.179625,1.180005,1669
2026-02-27 01:15:00,1.18001,1.180065,1.179415,1.179575,1657
2026-02-27 01:30:00,1.17958,1.180025,1.17946,1.17966,1849
2026-02-27 01:45:00,1.179655,1.179715,1.17888,1.179005,1551
2026-02-27 02:00:00,1.17901,1.179635,1.17901,1.179585,1338
2026-02-27 02:15:00,1.17959,1.17982,1.1794,1.179575,766
2026-02-27 02:30:00,1.17958,1.179805,1.17957,1.179685,1005
2026-02-27 02:45:00,1.179685,1.18015,1.179605,1.180065,762
2026-02-27 03:00:00,1.18006,1.180215,1.180025,1.180105,804
2026-02-27 03:15:00,1.180105,1.18058,1.180065,1.180545,869
2026-02-27 03:30:00,1.180535,1.18055,1.18031,1.180385,516
2026-02-27 03:45:00,1.180385,1.18059,1.18031,1.180365,551
2026-02-27 04:00:00,1.180365,1.18055,1.180325,1.180535,423
2026-02-27 04:15:00,1.180545,1.180875,1.1802,1.180875,758
2026-02-27 04:30:00,1.180875,1.18133,1.18085,1.1812,659
2026-02-27 04:45:00,1.181195,1.181255,1.18099,1.1811,352
2026-02-27 05:00:00,1.181095,1.181155,1.18082,1.180985,631
2026-02-27 05:15:00,1.180985,1.181165,1.180835,1.181145,640
2026-02-27 05:30:00,1.18114,1.181205,1.18066,1.18072,995
2026-02-27 05:45:00,1.180725,1.18107,1.180625,1.18086,1062
2026-02-27 06:00:00,1.180855,1.18109,1.180755,1.181055,1229
2026-02-27 06:15:00,1.18105,1.181095,1.18046,1.180505,1293
2026-02-27 06:30:00,1.180515,1.18064,1.18022,1.18049,1524
2026-02-27 06:45:00,1.180495,1.18069,1.18037,1.180425,1421
2026-02-27 07:00:00,1.180415,1.18042,1.17986,1.179865,1652
2026-02-27 07:15:00,1.17987,1.18059,1.179715,1.180335,1756
2026-02-27 07:30:00,1.18034,1.181175,1.180295,1.181165,1540
2026-02-27 07:45:00,1.18116,1.18195,1.18116,1.18152,3271
2026-02-27 08:00:00,1.181525,1.18217,1.181405,1.18142,3736
2026-02-27 08:15:00,1.181415,1.181875,1.181405,1.181485,2057
2026-02-27 08:30:00,1.18148,1.18152,1.18115,1.181265,2124
2026-02-27 08:45:00,1.18126,1.181285,1.18081,1.18097,1821
2026-02-27 09:00:00,1.18093,1.18115,1.1804,1.18041,2560
2026-02-27 09:15:00,1.180405,1.18084,1.180375,1.180735,1633
2026-02-27 09:30:00,1.180735,1.18094,1.180175,1.180365,1509
2026-02-27 09:45:00,1.18036,1.18048,1.179285,1.17952,2611
2026-02-27 10:00:00,1.179525,1.17977,1.179465,1.179685,2177
2026-02-27 10:15:00,1.17968,1.18037,1.1796,1.180305,1268
2026-02-27 10:30:00,1.1803,1.18036,1.17998,1.18024,1268
2026-02-27 10:45:00,1.18024,1.180285,1.179775,1.17988,1051
2026-02-27 11:00:00,1.179885,1.180315,1.179615,1.1802,1221
2026-02-27 11:15:00,1.1802,1.18041,1.18007,1.18033,1044
2026-02-27 11:30:00,1.180325,1.1804,1.17982,1.17987,1185
2026-02-27 11:45:00,1.179875,1.18031,1.17971,1.180025,1609
2026-02-27 12:00:00,1.18004,1.18054,1.18003,1.18053,1952
2026-02-27 12:15:00,1.18053,1.18081,1.18034,1.180635,1481
2026-02-27 12:30:00,1.18063,1.18083,1.180285,1.180285,1341
2026-02-27 12:45:00,1.18028,1.180305,1.179865,1.180255,1817
2026-02-27 13:00:00,1.18025,1.18066,1.17993,1.18034,3112
2026-02-27 13:15:00,1.180345,1.18055,1.18009,1.18032,3003
2026-02-27 13:30:00,1.18032,1.18037,1.17912,1.17953,6876
2026-02-27 13:45:00,1.17954,1.179745,1.179045,1.179265,4026
2026-02-27 14:00:00,1.17927,1.180085,1.179085,1.179975,3380
2026-02-27 14:15:00,1.179985,1.18044,1.179885,1.18018,2984
2026-02-27 14:30:00,1.180185,1.18155,1.180065,1.181335,4472
2026-02-27 14:45:00,1.18134,1.18134,1.179555,1.179705,5018
2026-02-27 15:00:00,1.179695,1.18066,1.17963,1.1801,5527
2026-02-27 15:15:00,1.180105,1.180845,1.179775,1.180785,3508
2026-02-27 15:30:00,1.18078,1.18171,1.180685,1.18127,3602
2026-02-27 15:45:00,1.181265,1.181335,1.18003,1.180705,4544
2026-02-27 16:00:00,1.18071,1.181785,1.18057,1.18165,3773
2026-02-27 16:15:00,1.18164,1.182145,1.18154,1.181635,2496
2026-02-27 16:30:00,1.18163,1.182535,1.181625,1.18173,3151
2026-02-27 16:45:00,1.18173,1.182265,1.18172,1.1822,2289
2026-02-27 17:00:00,1.1822,1.182685,1.18195,1.18203,2613
2026-02-27 17:15:00,1.182025,1.18213,1.181715,1.181945,2111
2026-02-27 17:30:00,1.18194,1.18242,1.181825,1.18217,2354
2026-02-27 17:45:00,1.18217,1.182175,1.18156,1.181655,1410
2026-02-27 18:00:00,1.18165,1.181775,1.18133,1.181355,1334
2026-02-27 18:15:00,1.181345,1.181765,1.1812,1.18146,1376
2026-02-27 18:30:00,1.181475,1.181595,1.18111,1.18157,1721
2026-02-27 18:45:00,1.181575,1.18191,1.18136,1.181805,1372
2026-02-27 19:00:00,1.1818,1.18202,1.18167,1.181775,1561
2026-02-27 19:15:00,1.181785,1.18228,1.18177,1.18221,1010
2026-02-27 19:30:00,1.18221,1.182225,1.181865,1.18198,882
2026-02-27 19:45:00,1.181985,1.182165,1.18187,1.18192,1046
2026-02-27 20:00:00,1.181925,1.18238,1.18192,1.182285,1105
2026-02-27 20:15:00,1.18229,1.182415,1.18221,1.182355,1128
2026-02-27 20:30:00,1.18235,1.1826,1.182335,1.182435,967
2026-02-27 20:45:00,1.18244,1.182535,1.18151,1.181615,2044
2026-02-27 21:00:00,1.181615,1.181615,1.18123,1.18142,1437
2026-02-27 21:15:00,1.181425,1.181845,1.181325,1.18153,617
2026-02-27 21:30:00,1.181525,1.18176,1.181125,1.181165,597
2026-02-27 21:45:00,1.18116,1.18189,1.18111,1.181415,3202
2026-03-01 22:00:00,1.181415,1.181415,1.176495,1.1765,463
2026-03-01 22:15:00,1.176505,1.17659,1.17583,1.17623,572
2026-03-01 22:30:00,1.17623,1.17735,1.176225,1.177335,1250
2026-03-01 22:45:00,1.17734,1.17787,1.17733,1.177705,505
2026-03-01 23:00:00,1.17765,1.17877,1.176635,1.1778,3354
2026-03-01 23:15:00,1.177795,1.17789,1.17607,1.17627,4167
2026-03-01 23:30:00,1.17628,1.17665,1.175765,1.176645,4872
2026-03-01 23:45:00,1.17664,1.176755,1.175685,1.175915,2790
2026-03-02 00:00:00,1.17591,1.1771,1.175605,1.17702,4573
2026-03-02 00:15:00,1.177025,1.177615,1.17679,1.17705,3292
2026-03-02 00:30:00,1.177055,1.17715,1.17634,1.17708,2654
2026-03-02 00:45:00,1.177085,1.177815,1.17668,1.17774,2849
2026-03-02 01:00:00,1.177735,1.17895,1.17753,1.178765,4346
2026-03-02 01:15:00,1.17877,1.1789,1.17808,1.178515,3403
2026-03-02 01:30:00,1.17851,1.17945,1.178355,1.179105,3470
2026-03-02 01:45:00,1.17911,1.179275,1.1788,1.179195,2460
2026-03-02 02:00:00,1.17919,1.17934,1.178445,1.178535,2514
2026-03-02 02:15:00,1.178535,1.17857,1.178095,1.178365,1683
2026-03-02 02:30:00,1.17836,1.1789,1.17832,1.17861,2129
2026-03-02 02:45:00,1.178615,1.178935,1.178475,1.17887,1345
2026-03-02 03:00:00,1.178885,1.17943,1.178835,1.179075,1208
2026-03-02 03:15:00,1.17907,1.17959,1.179025,1.17941,1478
2026-03-02 03:30:00,1.179405,1.179545,1.17907,1.179275,1959
2026-03-02 03:45:00,1.17928,1.179335,1.178835,1.17888,827
2026-03-02 04:00:00,1.178885,1.179035,1.17871,1.17878,773
2026-03-02 04:15:00,1.178775,1.178885,1.17834,1.17869,1579
2026-03-02 04:30:00,1.178685,1.178785,1.178285,1.17836,1273
2026-03-02 04:45:00,1.17836,1.17864,1.17819,1.17864,746
2026-03-02 05:00:00,1.178635,1.178635,1.17756,1.177565,1770
2026-03-02 05:15:00,1.17756,1.177735,1.177425,1.177555,1267
2026-03-02 05:30:00,1.177545,1.17792,1.17736,1.17739,1521
2026-03-02 05:45:00,1.17737,1.177395,1.176625,1.17663,1994
2026-03-02 06:00:00,1.17663,1.176665,1.175325,1.175325,4571
2026-03-02 06:15:00,1.175325,1.175475,1.17369,1.17409,4252
2026-03-02 06:30:00,1.174095,1.174305,1.17312,1.173245,3942
2026-03-02 06:45:00,1.173255,1.173905,1.17303,1.17324,3700
2026-03-02 07:00:00,1.173235,1.17344,1.17223,1.172475,6317
2026-03-02 07:15:00,1.17247,1.172765,1.171595,1.172285,4771
2026-03-02 07:30:00,1.17228,1.17275,1.171235,1.171535,4649
2026-03-02 07:45:00,1.17154,1.171705,1.17034,1.171635,6254
2026-03-02 08:00:00,1.171625,1.172335,1.171045,1.17149,6524
2026-03-02 08:15:00,1.171495,1.17162,1.170185,1.170235,5390
2026-03-02 08:30:00,1.17024,1.171385,1.16981,1.17115,5336
2026-03-02 08:45:00,1.171145,1.17238,1.171045,1.172245,4530
2026-03-02 09:00:00,1.17225,1.173995,1.17212,1.17398,5369
2026-03-02 09:15:00,1.173985,1.17438,1.17334,1.17373,4067
2026-03-02 09:30:00,1.173725,1.17424,1.173385,1.17387,3711
2026-03-02 09:45:00,1.173865,1.17397,1.17313,1.173315,4220
2026-03-02 10:00:00,1.17331,1.17399,1.17328,1.173515,3343
2026-03-02 10:15:00,1.17351,1.174735,1.17345,1.17456,3066
2026-03-02 10:30:00,1.174555,1.17469,1.174,1.174545,2623
2026-03-02 10:45:00,1.17455,1.174625,1.17351,1.173865,3179
2026-03-02 11:00:00,1.17387,1.173995,1.17321,1.1734,2726
2026-03-02 11:15:00,1.173405,1.173425,1.17271,1.17273,2540
2026-03-02 11:30:00,1.172725,1.17344,1.17263,1.17339,2311
2026-03-02 11:45:00,1.173385,1.17413,1.173195,1.17333,2856
2026-03-02 12:00:00,1.173325,1.1734,1.172485,1.172535,3349
2026-03-02 12:15:00,1.17253,1.172645,1.17176,1.171975,4076
2026-03-02 12:30:00,1.17198,1.172145,1.17131,1.171385,3621
2026-03-02 12:45:00,1.171375,1.171445,1.170205,1.170375,4293
2026-03-02 13:00:00,1.17038,1.171005,1.1697,1.170555,5518
2026-03-02 13:15:00,1.17055,1.17183,1.17054,1.17158,5954
2026-03-02 13:30:00,1.171585,1.17161,1.170045,1.170225,4773
2026-03-02 13:45:00,1.17023,1.17091,1.16954,1.16986,4295
2026-03-02 14:00:00,1.169855,1.17114,1.1695,1.170335,6193
2026-03-02 14:15:00,1.17033,1.17099,1.16985,1.17047,4502
2026-03-02 14:30:00,1.17048,1.171955,1.17021,1.171745,7188
2026-03-02 14:45:00,1.17175,1.17239,1.171395,1.171735,6740
2026-03-02 15:00:00,1.1717,1.1717,1.1706,1.17062,7570
2026-03-02 15:15:00,1.170615,1.170705,1.17011,1.17021,5433
2026-03-02 15:30:00,1.170215,1.170545,1.169235,1.1696,5471
2026-03-02 15:45:00,1.169595,1.169625,1.167985,1.16801,6380
2026-03-02 16:00:00,1.168015,1.1681,1.167525,1.16789,4450
2026-03-02 16:15:00,1.1679,1.16834,1.167175,1.168175,4567
2026-03-02 16:30:00,1.16818,1.16875,1.167435,1.16852,5661
2026-03-02 16:45:00,1.168525,1.169435,1.16846,1.168965,4474
2026-03-02 17:00:00,1.16896,1.169925,1.168675,1.16982,3697
2026-03-02 17:15:00,1.169825,1.170445,1.16961,1.169895,3663
2026-03-02 17:30:00,1.169905,1.16999,1.169425,1.16981,3072
2026-03-02 17:45:00,1.169815,1.17078,1.16947,1.17071,2811
2026-03-02 18:00:00,1.1707,1.17074,1.169715,1.170225,2409
2026-03-02 18:15:00,1.17022,1.17031,1.169205,1.169325,2618
2026-03-02 18:30:00,1.16933,1.169575,1.168695,1.168765,2017
2026-03-02 18:45:00,1.168765,1.169595,1.16872,1.16945,1839
2026-03-02 19:00:00,1.16944,1.17027,1.16939,1.17022,2526
2026-03-02 19:15:00,1.170215,1.170865,1.17013,1.170855,2147
2026-03-02 19:30:00,1.17085,1.17129,1.17066,1.1711,2013
2026-03-02 19:45:00,1.1711,1.17135,1.17096,1.17112,2084
2026-03-02 20:00:00,1.171125,1.171325,1.167935,1.168015,6399
2026-03-02 20:15:00,1.16801,1.168995,1.167855,1.16811,6711
2026-03-02 20:30:00,1.168115,1.16924,1.167885,1.16918,3342
2026-03-02 20:45:00,1.169165,1.16929,1.168595,1.169015,3364
2026-03-02 21:00:00,1.169005,1.169465,1.16891,1.16922,1382
2026-03-02 21:15:00,1.169225,1.169525,1.169125,1.1694,806
2026-03-02 21:30:00,1.169395,1.169395,1.169055,1.16922,922
2026-03-02 21:45:00,1.16923,1.16927,1.16887,1.16894,1057
2026-03-02 22:00:00,1.16894,1.16894,1.16831,1.168695,124
2026-03-02 22:15:00,1.168695,1.169025,1.168695,1.16893,189
2026-03-02 22:30:00,1.16891,1.16923,1.168725,1.168995,285
2026-03-02 22:45:00,1.168995,1.169,1.16869,1.16871,180
2026-03-02 23:00:00,1.1687,1.169535,1.1687,1.169485,711
2026-03-02 23:15:00,1.169485,1.16983,1.16948,1.169695,588
2026-03-02 23:30:00,1.169695,1.169785,1.169585,1.16968,796
2026-03-02 23:45:00,1.16968,1.169815,1.169445,1.16947,682
2026-03-03 00:00:00,1.169475,1.16949,1.168875,1.169,1577
2026-03-03 00:15:00,1.169,1.16928,1.168825,1.16914,1262
2026-03-03 00:30:00,1.169145,1.169185,1.168645,1.169045,1573
2026-03-03 00:45:00,1.169045,1.16957,1.169045,1.16953,2158
2026-03-03 01:00:00,1.169525,1.16973,1.16923,1.169685,2610
2026-03-03 01:15:00,1.16969,1.1707,1.16957,1.17029,2778
2026-03-03 01:30:00,1.170285,1.170675,1.17,1.17003,2705
2026-03-03 01:45:00,1.170035,1.17029,1.169665,1.169705,2829
2026-03-03 02:00:00,1.169685,1.169685,1.16898,1.169155,4337
2026-03-03 02:15:00,1.16915,1.169545,1.168595,1.16944,2769
2026-03-03 02:30:00,1.169445,1.169905,1.16923,1.16953,1910
2026-03-03 02:45:00,1.169525,1.169685,1.16937,1.16943,1713
2026-03-03 03:00:00,1.169435,1.169755,1.169025,1.169085,1170
2026-03-03 03:15:00,1.16909,1.16932,1.168685,1.168705,1257
2026-03-03 03:30:00,1.168705,1.169395,1.16864,1.16934,1889
2026-03-03 03:45:00,1.169335,1.1694,1.16896,1.169035,1234
2026-03-03 04:00:00,1.16904,1.169365,1.168825,1.168905,1293
2026-03-03 04:15:00,1.168905,1.16932,1.168765,1.16903,1264
2026-03-03 04:30:00,1.169025,1.16915,1.16862,1.16864,1393
2026-03-03 04:45:00,1.168635,1.168685,1.16793,1.16811,2073
2026-03-03 05:00:00,1.168115,1.168495,1.167895,1.16795,2134
2026-03-03 05:15:00,1.167955,1.16822,1.167565,1.168035,2724
2026-03-03 05:30:00,1.16804,1.16816,1.166695,1.16694,3612
2026-03-03 05:45:00,1.166935,1.167025,1.16651,1.166665,3421
2026-03-03 06:00:00,1.16666,1.166785,1.166215,1.166525,3692
2026-03-03 06:15:00,1.166525,1.16706,1.166475,1.16684,2585
2026-03-03 06:30:00,1.166835,1.166935,1.16621,1.16659,3107
2026-03-03 06:45:00,1.166595,1.167175,1.16639,1.166925,2381
2026-03-03 07:00:00,1.16692,1.166925,1.16581,1.166235,3044
2026-03-03 07:15:00,1.16624,1.166845,1.16551,1.165725,2846
2026-03-03 07:30:00,1.16572,1.16575,1.16452,1.165325,4120
2026-03-03 07:45:00,1.16532,1.16574,1.16427,1.164365,4404
2026-03-03 08:00:00,1.16436,1.164625,1.16321,1.16332,6215
2026-03-03 08:15:00,1.163325,1.163735,1.16291,1.162925,5996
2026-03-03 08:30:00,1.162915,1.163845,1.162135,1.16236,6277
2026-03-03 08:45:00,1.162375,1.162795,1.161785,1.162295,5101
2026-03-03 09:00:00,1.16229,1.16291,1.161995,1.162845,5498
2026-03-03 09:15:00,1.162835,1.162875,1.16118,1.161605,5685
2026-03-03 09:30:00,1.161605,1.1617,1.1606,1.16064,6143
2026-03-03 09:45:00,1.160645,1.160865,1.159865,1.160555,5825
2026-03-03 10:00:00,1.16056,1.1613,1.16,1.160175,5018
2026-03-03 10:15:00,1.16018,1.160895,1.15995,1.160235,5033
2026-03-03 10:30:00,1.16023,1.160445,1.158905,1.159895,5465
2026-03-03 10:45:00,1.15989,1.160495,1.15908,1.15919,5751
2026-03-03 11:00:00,1.159195,1.16002,1.158515,1.15867,7408
2026-03-03 11:15:00,1.158675,1.159205,1.158205,1.15833,6342
2026-03-03 11:30:00,1.158335,1.15967,1.15829,1.159445,6376
2026-03-03 11:45:00,1.15945,1.160355,1.15943,1.15974,6141
2026-03-03 12:00:00,1.15973,1.160355,1.159025,1.15993,6179
2026-03-03 12:15:00,1.159925,1.161245,1.159525,1.16032,7231
2026-03-03 12:30:00,1.160325,1.161055,1.160275,1.16075,4424
2026-03-03 12:45:00,1.160745,1.161545,1.16056,1.16129,5092
2026-03-03 13:00:00,1.16128,1.16152,1.16034,1.160405,6584
2026-03-03 13:15:00,1.16041,1.16042,1.159885,1.160045,4649
2026-03-03 13:30:00,1.16004,1.16053,1.159525,1.159935,5190
2026-03-03 13:45:00,1.15993,1.16042,1.15902,1.15906,5241
2026-03-03 14:00:00,1.159055,1.159965,1.158395,1.15849,5709
2026-03-03 14:15:00,1.158485,1.15859,1.156715,1.157565,6903
2026-03-03 14:30:00,1.15757,1.15855,1.156975,1.15717,8810
2026-03-03 14:45:00,1.15716,1.157915,1.156495,1.156765,8535
2026-03-03 15:00:00,1.15676,1.157325,1.15434,1.154915,11975
2026-03-03 15:15:00,1.15492,1.15562,1.153025,1.155255,11563
2026-03-03 15:30:00,1.15525,1.15852,1.15513,1.15747,12004
2026-03-03 15:45:00,1.15746,1.15806,1.15705,1.15728,9480
2026-03-03 16:00:00,1.157285,1.15906,1.15692,1.158945,8349
2026-03-03 16:15:00,1.15894,1.159595,1.158505,1.15871,7695
2026-03-03 16:30:00,1.158715,1.159315,1.157905,1.15921,10025
2026-03-03 16:45:00,1.159195,1.1606,1.15912,1.16031,9954
2026-03-03 17:00:00,1.16032,1.16036,1.15886,1.1591,7860
2026-03-03 17:15:00,1.159105,1.159925,1.15868,1.159755,6549
2026-03-03 17:30:00,1.15976,1.159865,1.158845,1.159395,6134
2026-03-03 17:45:00,1.1594,1.16031,1.15886,1.159055,4860
2026-03-03 18:00:00,1.15905,1.160665,1.159,1.160335,4739
2026-03-03 18:15:00,1.16034,1.1608,1.1601,1.16047,3926
2026-03-03 18:30:00,1.16046,1.162225,1.160355,1.161745,5750
2026-03-03 18:45:00,1.16175,1.162085,1.16128,1.161575,3922
2026-03-03 19:00:00,1.16157,1.161865,1.16054,1.160915,3682
2026-03-03 19:15:00,1.16091,1.161035,1.16021,1.1603,3086
2026-03-03 19:30:00,1.160305,1.16259,1.15998,1.162185,8569
2026-03-03 19:45:00,1.16219,1.16245,1.161175,1.161245,7020
2026-03-03 20:00:00,1.16125,1.16222,1.16111,1.16201,4828
2026-03-03 20:15:00,1.162005,1.162415,1.161565,1.162175,3416
2026-03-03 20:30:00,1.162185,1.16246,1.161675,1.161925,2143
2026-03-03 20:45:00,1.16193,1.16202,1.16134,1.161745,2923
2026-03-03 21:00:00,1.16175,1.161835,1.161365,1.161445,1454
2026-03-03 21:15:00,1.16144,1.16157,1.161215,1.16144,820
2026-03-03 21:30:00,1.161435,1.161535,1.16125,1.161305,768
2026-03-03 21:45:00,1.16131,1.16142,1.16097,1.161225,2408
2026-03-03 22:00:00,1.161225,1.16158,1.161225,1.16133,108
2026-03-03 22:15:00,1.16133,1.16162,1.161155,1.16127,390
2026-03-03 22:30:00,1.161265,1.16131,1.161115,1.161195,1862
2026-03-03 22:45:00,1.1612,1.1613,1.16114,1.16128,1363
2026-03-03 23:00:00,1.1613,1.16194,1.161055,1.161925,1458
2026-03-03 23:15:00,1.16193,1.162045,1.161555,1.161655,1324
2026-03-03 23:30:00,1.16166,1.1617,1.161225,1.16126,672
2026-03-03 23:45:00,1.16126,1.16128,1.160885,1.16109,1207
2026-03-04 00:00:00,1.161095,1.161115,1.16029,1.16062,3366
2026-03-04 00:15:00,1.16062,1.16104,1.160165,1.16045,2702
2026-03-04 00:30:00,1.160445,1.160805,1.159445,1.159465,3605
2026-03-04 00:45:00,1.15946,1.159675,1.159225,1.159295,2161
2026-03-04 01:00:00,1.159315,1.15976,1.159,1.15934,2636
2026-03-04 01:15:00,1.159335,1.159335,1.15747,1.158035,3768
2026-03-04 01:30:00,1.15802,1.159515,1.15768,1.159405,4067
2026-03-04 01:45:00,1.15941,1.159575,1.159115,1.15936,2972
2026-03-04 02:00:00,1.159385,1.159945,1.159135,1.15969,2931
2026-03-04 02:15:00,1.159695,1.160045,1.159465,1.159785,2254
2026-03-04 02:30:00,1.159775,1.160105,1.15938,1.16003,2709
2026-03-04 02:45:00,1.160045,1.160435,1.15977,1.15981,2380
2026-03-04 03:00:00,1.159805,1.16,1.159535,1.159965,2046
2026-03-04 03:15:00,1.15997,1.160305,1.159865,1.159995,1431
2026-03-04 03:30:00,1.159985,1.160415,1.159835,1.16025,1885
2026-03-04 03:45:00,1.16025,1.16093,1.160205,1.160855,1731
2026-03-04 04:00:00,1.16086,1.161055,1.160675,1.160865,1659
2026-03-04 04:15:00,1.160885,1.161,1.16039,1.160395,1632
2026-03-04 04:30:00,1.160395,1.160435,1.159535,1.15971,1931
2026-03-04 04:45:00,1.159715,1.1598,1.159025,1.159315,1838
2026-03-04 05:00:00,1.15931,1.159895,1.159195,1.15966,2272
2026-03-04 05:15:00,1.159665,1.159895,1.15899,1.159185,2168
2026-03-04 05:30:00,1.15919,1.15923,1.15879,1.158845,2163
2026-03-04 05:45:00,1.15885,1.15971,1.1587,1.15954,2479
2026-03-04 06:00:00,1.159535,1.1597,1.158975,1.159495,2966
2026-03-04 06:15:00,1.15949,1.160735,1.15942,1.16058,2716
2026-03-04 06:30:00,1.160585,1.161775,1.16058,1.16154,3212
2026-03-04 06:45:00,1.161545,1.16161,1.16106,1.161075,2026
2026-03-04 07:00:00,1.16107,1.162,1.16107,1.161655,3899
2026-03-04 07:15:00,1.16166,1.162315,1.16126,1.1621,2799
2026-03-04 07:30:00,1.162105,1.16282,1.162055,1.16241,3648
2026-03-04 07:45:00,1.162415,1.16257,1.16158,1.16159,3279
2026-03-04 08:00:00,1.161585,1.1617,1.160355,1.160895,5399
2026-03-04 08:15:00,1.1609,1.16094,1.15988,1.15989,4247
2026-03-04 08:30:00,1.159885,1.16062,1.15961,1.159945,3971
2026-03-04 08:45:00,1.15995,1.16064,1.159505,1.159965,3667
2026-03-04 09:00:00,1.15997,1.16084,1.15921,1.16071,4556
2026-03-04 09:15:00,1.16071,1.161845,1.16069,1.161415,4382
2026-03-04 09:30:00,1.16142,1.161745,1.1612,1.16146,3297
2026-03-04 09:45:00,1.161455,1.162,1.160655,1.16087,3567
2026-03-04 10:00:00,1.160875,1.16472,1.16087,1.163925,10372
2026-03-04 10:15:00,1.16392,1.16414,1.16292,1.16359,8041
2026-03-04 10:30:00,1.16361,1.163865,1.16257,1.163465,5196
2026-03-04 10:45:00,1.16346,1.164035,1.163035,1.16344,3847
2026-03-04 11:00:00,1.16343,1.16454,1.163265,1.16451,3636
2026-03-04 11:15:00,1.16452,1.165475,1.164345,1.16444,3939
2026-03-04 11:30:00,1.164445,1.164555,1.163465,1.16351,4009
2026-03-04 11:45:00,1.163505,1.16388,1.16308,1.16352,2731
2026-03-04 12:00:00,1.163515,1.164795,1.16342,1.164775,3329
2026-03-04 12:15:00,1.16478,1.16487,1.16318,1.1632,3979
2026-03-04 12:30:00,1.163205,1.163745,1.16306,1.163665,3697
2026-03-04 12:45:00,1.16366,1.163865,1.16259,1.16305,3894
2026-03-04 13:00:00,1.16304,1.165225,1.163025,1.1648,5728
2026-03-04 13:15:00,1.164795,1.164885,1.16367,1.1641,5067
2026-03-04 13:30:00,1.16411,1.16457,1.16377,1.16386,3994
2026-03-04 13:45:00,1.163855,1.164135,1.16304,1.163115,4483
2026-03-04 14:00:00,1.16312,1.163785,1.162685,1.16287,4703
2026-03-04 14:15:00,1.16288,1.16412,1.162825,1.163465,4521
2026-03-04 14:30:00,1.16345,1.163835,1.16211,1.16274,9855
2026-03-04 14:45:00,1.162735,1.16298,1.16207,1.162485,6882
2026-03-04 15:00:00,1.16248,1.16283,1.161675,1.162175,8514
2026-03-04 15:15:00,1.162165,1.16398,1.16203,1.163875,5498
2026-03-04 15:30:00,1.16387,1.16398,1.16312,1.163485,4834
2026-03-04 15:45:00,1.16349,1.16405,1.163155,1.164015,4863
2026-03-04 16:00:00,1.16402,1.16461,1.163875,1.164015,4405
2026-03-04 16:15:00,1.164025,1.16413,1.16287,1.163215,3382
2026-03-04 16:30:00,1.16322,1.164185,1.162995,1.163895,3818
2026-03-04 16:45:00,1.16386,1.163975,1.163535,1.16372,2551
2026-03-04 17:00:00,1.163715,1.164365,1.163315,1.163425,2695
2026-03-04 17:15:00,1.16343,1.16378,1.1628,1.162875,3179
2026-03-04 17:30:00,1.16288,1.16306,1.16264,1.162805,2782
2026-03-04 17:45:00,1.162815,1.163495,1.162795,1.1633,2115
2026-03-04 18:00:00,1.163305,1.163345,1.162705,1.162835,2128
2026-03-04 18:15:00,1.16283,1.162835,1.16236,1.162545,2005
2026-03-04 18:30:00,1.16254,1.16282,1.16245,1.16265,1709
2026-03-04 18:45:00,1.162655,1.16288,1.16234,1.16244,1897
2026-03-04 19:00:00,1.162445,1.162975,1.16244,1.162745,1652
2026-03-04 19:15:00,1.16274,1.163395,1.16274,1.16338,1616
2026-03-04 19:30:00,1.163385,1.163455,1.16305,1.163175,1590
2026-03-04 19:45:00,1.16317,1.16412,1.16305,1.163975,2417
2026-03-04 20:00:00,1.16399,1.16414,1.163865,1.16405,1520
2026-03-04 20:15:00,1.164055,1.16413,1.163835,1.164075,1553
2026-03-04 20:30:00,1.16408,1.164375,1.16395,1.164315,1221
2026-03-04 20:45:00,1.164315,1.16435,1.164,1.16403,1476
2026-03-04 21:00:00,1.164025,1.164075,1.16371,1.163965,1249
2026-03-04 21:15:00,1.163975,1.164175,1.16389,1.164025,644
2026-03-04 21:30:00,1.164025,1.16403,1.163535,1.163565,610
2026-03-04 21:45:00,1.16358,1.163725,1.163295,1.16334,2142
2026-03-04 22:00:00,1.163375,1.163375,1.16263,1.163095,331
2026-03-04 22:15:00,1.163095,1.163375,1.163095,1.163375,253
2026-03-04 22:30:00,1.16338,1.163425,1.163355,1.16338,278
2026-03-04 22:45:00,1.16338,1.163515,1.163355,1.16349,229
2026-03-04 23:00:00,1.163475,1.163985,1.16346,1.163545,694
2026-03-04 23:15:00,1.163545,1.163675,1.163535,1.16364,431
2026-03-04 23:30:00,1.163645,1.1637,1.163375,1.16353,521
2026-03-04 23:45:00,1.16353,1.16362,1.16341,1.163485,823
2026-03-05 00:00:00,1.16349,1.16377,1.16321,1.16375,1381
2026-03-05 00:15:00,1.163745,1.164425,1.16367,1.164305,1105
2026-03-05 00:30:00,1.1643,1.164545,1.163965,1.164405,1555
2026-03-05 00:45:00,1.164405,1.164535,1.16417,1.164505,1483
2026-03-05 01:00:00,1.16451,1.16451,1.163725,1.16412,2955
2026-03-05 01:15:00,1.164125,1.1647,1.16412,1.164695,2763
2026-03-05 01:30:00,1.1647,1.164755,1.16311,1.163255,4349
2026-03-05 01:45:00,1.16326,1.16329,1.16271,1.16281,3119
2026-03-05 02:00:00,1.1628,1.16313,1.16271,1.162965,2160
2026-03-05 02:15:00,1.162965,1.16319,1.162255,1.16267,2088
2026-03-05 02:30:00,1.162675,1.16284,1.16225,1.162795,2129
2026-03-05 02:45:00,1.16279,1.16307,1.162435,1.162575,2079
2026-03-05 03:00:00,1.162585,1.16277,1.16197,1.16207,2347
2026-03-05 03:15:00,1.162065,1.162135,1.16122,1.161425,2199
2026-03-05 03:30:00,1.16143,1.161605,1.16099,1.161415,2327
2026-03-05 03:45:00,1.161415,1.16156,1.1611,1.161325,1834
2026-03-05 04:00:00,1.16132,1.16148,1.16095,1.16132,1465
2026-03-05 04:15:00,1.16132,1.16137,1.160715,1.16072,1556
2026-03-05 04:30:00,1.16072,1.16102,1.160635,1.160795,1576
2026-03-05 04:45:00,1.1608,1.161005,1.160555,1.16084,1609
2026-03-05 05:00:00,1.160845,1.1613,1.160685,1.16106,1848
2026-03-05 05:15:00,1.161065,1.161395,1.160845,1.161165,1613
2026-03-05 05:30:00,1.16117,1.16119,1.16039,1.16061,2005
2026-03-05 05:45:00,1.16062,1.160635,1.1594,1.15946,2711
2026-03-05 06:00:00,1.159455,1.159565,1.15882,1.15897,3788
2026-03-05 06:15:00,1.158975,1.159585,1.15877,1.15948,2656
2026-03-05 06:30:00,1.159475,1.160085,1.15927,1.15995,2568
2026-03-05 06:45:00,1.15995,1.16162,1.159555,1.16068,6996
2026-03-05 07:00:00,1.160685,1.161185,1.16024,1.16038,4226
2026-03-05 07:15:00,1.160375,1.160935,1.159905,1.16084,3794
2026-03-05 07:30:00,1.16083,1.16161,1.160725,1.16131,3421
2026-03-05 07:45:00,1.161305,1.161315,1.160135,1.16049,3985
2026-03-05 08:00:00,1.160485,1.1605,1.15893,1.15913,6774
2026-03-05 08:15:00,1.159135,1.15977,1.15825,1.158315,5616
2026-03-05 08:30:00,1.15831,1.15946,1.15816,1.1594,4383
2026-03-05 08:45:00,1.1594,1.160065,1.15935,1.159865,3374
2026-03-05 09:00:00,1.15986,1.164465,1.15965,1.16411,12775
2026-03-05 09:15:00,1.164105,1.164255,1.1624,1.162705,10872
2026-03-05 09:30:00,1.1627,1.1627,1.161435,1.16214,7730
2026-03-05 09:45:00,1.162145,1.162425,1.16153,1.16228,5424
2026-03-05 10:00:00,1.162275,1.163175,1.16222,1.162385,4983
2026-03-05 10:15:00,1.162395,1.16248,1.161865,1.16208,3227
2026-03-05 10:30:00,1.16207,1.16213,1.16071,1.160925,3723
2026-03-05 10:45:00,1.16093,1.161435,1.160635,1.16109,3482
2026-03-05 11:00:00,1.1611,1.161745,1.160625,1.16145,4235
2026-03-05 11:15:00,1.16145,1.161665,1.160665,1.16088,2317
2026-03-05 11:30:00,1.16087,1.16108,1.160375,1.160575,2219
2026-03-05 11:45:00,1.160575,1.161225,1.16055,1.16114,2789
2026-03-05 12:00:00,1.161135,1.161265,1.160745,1.160885,2424
2026-03-05 12:15:00,1.16089,1.162415,1.160865,1.161695,3461
2026-03-05 12:30:00,1.16169,1.16249,1.161565,1.16198,3128
2026-03-05 12:45:00,1.161975,1.16222,1.16091,1.16205,3706
2026-03-05 13:00:00,1.162045,1.16245,1.161635,1.16226,4035
2026-03-05 13:15:00,1.162255,1.16244,1.161145,1.161355,4093
2026-03-05 13:30:00,1.16136,1.16138,1.15981,1.15983,5881
2026-03-05 13:45:00,1.159825,1.160035,1.15897,1.159745,5473
2026-03-05 14:00:00,1.15975,1.16089,1.15963,1.160025,6211
2026-03-05 14:15:00,1.16003,1.160355,1.159735,1.160045,5194
2026-03-05 14:30:00,1.16005,1.160765,1.15934,1.159505,7185
2026-03-05 14:45:00,1.15951,1.16062,1.159245,1.16028,7630
2026-03-05 15:00:00,1.16029,1.160925,1.15956,1.16012,7993
2026-03-05 15:15:00,1.160105,1.160275,1.15779,1.15802,7144
2026-03-05 15:30:00,1.158025,1.15826,1.156905,1.157255,7226
2026-03-05 15:45:00,1.15725,1.158505,1.15711,1.15831,7166
2026-03-05 16:00:00,1.1583,1.158685,1.15661,1.157435,7491
2026-03-05 16:15:00,1.15743,1.157505,1.155895,1.15611,7625
2026-03-05 16:30:00,1.156115,1.158145,1.155985,1.15798,7917
2026-03-05 16:45:00,1.157985,1.15839,1.15718,1.158385,5774
2026-03-05 17:00:00,1.15839,1.15876,1.15749,1.157805,6355
2026-03-05 17:15:00,1.15781,1.1589,1.15759,1.15803,5587
2026-03-05 17:30:00,1.158035,1.159205,1.157255,1.158525,9351
2026-03-05 17:45:00,1.15852,1.158945,1.157835,1.158795,6832
2026-03-05 18:00:00,1.15879,1.15897,1.158175,1.158525,6584
2026-03-05 18:15:00,1.15852,1.158595,1.157105,1.15828,5983
2026-03-05 18:30:00,1.158275,1.159165,1.15826,1.159075,4964
2026-03-05 18:45:00,1.15908,1.159085,1.15819,1.15861,4770
2026-03-05 19:00:00,1.158605,1.15881,1.158325,1.158525,4448
2026-03-05 19:15:00,1.15852,1.158565,1.15764,1.15783,3699
2026-03-05 19:30:00,1.157825,1.157845,1.157125,1.15769,4067
2026-03-05 19:45:00,1.157685,1.15781,1.157,1.157295,3938
2026-03-05 20:00:00,1.15729,1.160285,1.157025,1.160215,8410
2026-03-05 20:15:00,1.16022,1.16105,1.159515,1.160415,7134
2026-03-05 20:30:00,1.16041,1.16096,1.160075,1.16048,5342
2026-03-05 20:45:00,1.160485,1.16083,1.159965,1.160485,3789
2026-03-05 21:00:00,1.16047,1.161045,1.160325,1.160655,2257
2026-03-05 21:15:00,1.160655,1.16068,1.160265,1.160595,913
2026-03-05 21:30:00,1.16059,1.16075,1.160185,1.16048,1128
2026-03-05 21:45:00,1.160475,1.160985,1.160295,1.16089,1781
2026-03-05 22:00:00,1.1609,1.160935,1.160705,1.16073,390
2026-03-05 22:15:00,1.16073,1.16094,1.16071,1.160835,156
2026-03-05 22:30:00,1.16085,1.160865,1.16076,1.160775,101
2026-03-05 22:45:00,1.160775,1.16086,1.16076,1.160795,289
2026-03-05 23:00:00,1.16076,1.160905,1.16033,1.1608,979
2026-03-05 23:15:00,1.1608,1.160975,1.160665,1.160855,461
2026-03-05 23:30:00,1.16086,1.160985,1.16076,1.160935,1122
2026-03-05 23:45:00,1.160945,1.161035,1.160655,1.16067,1148
2026-03-06 00:00:00,1.160675,1.16108,1.160545,1.160915,2349
2026-03-06 00:15:00,1.160915,1.16144,1.1609,1.161345,1376
2026-03-06 00:30:00,1.161355,1.161395,1.160925,1.16111,1245
2026-03-06 00:45:00,1.161105,1.16129,1.161,1.1611,1511
2026-03-06 01:00:00,1.161105,1.161595,1.160885,1.16156,2176
2026-03-06 01:15:00,1.161565,1.16164,1.1607,1.16074,2046
2026-03-06 01:30:00,1.160735,1.16184,1.16073,1.161505,4202
2026-03-06 01:45:00,1.16151,1.16203,1.16132,1.1615,3434
2026-03-06 02:00:00,1.161495,1.16195,1.16143,1.161755,2384
2026-03-06 02:15:00,1.16175,1.16207,1.161725,1.161915,1552
2026-03-06 02:30:00,1.16191,1.16202,1.1616,1.1618,1821
2026-03-06 02:45:00,1.161795,1.161915,1.16152,1.16164,1784
2026-03-06 03:00:00,1.161625,1.16201,1.16162,1.16175,1254
2026-03-06 03:15:00,1.16175,1.16207,1.16163,1.161945,1572
2026-03-06 03:30:00,1.16194,1.16198,1.161625,1.16174,1160
2026-03-06 03:45:00,1.16174,1.16208,1.161695,1.16201,1091
2026-03-06 04:00:00,1.162015,1.16204,1.1618,1.161945,1196
2026-03-06 04:15:00,1.16195,1.16206,1.16179,1.162,790
2026-03-06 04:30:00,1.162,1.16213,1.161725,1.161785,1166
2026-03-06 04:45:00,1.161785,1.161785,1.16131,1.161355,748
2026-03-06 05:00:00,1.16135,1.161485,1.16117,1.1612,1240
2026-03-06 05:15:00,1.1612,1.16135,1.16105,1.16122,1138
2026-03-06 05:30:00,1.161215,1.161665,1.160975,1.16157,1470
2026-03-06 05:45:00,1.161575,1.161575,1.160565,1.16064,2349
2026-03-06 06:00:00,1.160635,1.16092,1.160185,1.16043,2298
2026-03-06 06:15:00,1.16043,1.160855,1.160375,1.16057,1682
2026-03-06 06:30:00,1.16056,1.160925,1.16046,1.16063,1282
2026-03-06 06:45:00,1.160635,1.16121,1.16059,1.16117,1355
2026-03-06 07:00:00,1.161165,1.16132,1.160645,1.1608,2042
2026-03-06 07:15:00,1.160805,1.16182,1.160755,1.16115,2306
2026-03-06 07:30:00,1.16115,1.161605,1.160945,1.16145,2685
2026-03-06 07:45:00,1.161455,1.16163,1.161095,1.161465,2272
2026-03-06 08:00:00,1.16147,1.161475,1.16039,1.16104,4958
2026-03-06 08:15:00,1.161035,1.16135,1.160275,1.16038,4062
2026-03-06 08:30:00,1.160385,1.16141,1.160315,1.16098,2556
2026-03-06 08:45:00,1.160985,1.1612,1.16016,1.160295,2054
2026-03-06 09:00:00,1.1603,1.1603,1.15903,1.1591,3457
2026-03-06 09:15:00,1.159095,1.159235,1.15828,1.15834,3809
2026-03-06 09:30:00,1.158335,1.15846,1.157535,1.157775,4473
2026-03-06 09:45:00,1.157775,1.158015,1.15718,1.15743,4149
2026-03-06 10:00:00,1.157435,1.158265,1.157285,1.15781,2771
2026-03-06 10:15:00,1.157815,1.1585,1.157545,1.158065,3246
2026-03-06 10:30:00,1.15806,1.158405,1.157665,1.157695,3173
2026-03-06 10:45:00,1.157695,1.15837,1.157615,1.157845,2212
2026-03-06 11:00:00,1.157855,1.158145,1.156635,1.158045,3886
2026-03-06 11:15:00,1.15805,1.158105,1.15742,1.157825,2684
2026-03-06 11:30:00,1.15782,1.157845,1.15642,1.156585,3349
2026-03-06 11:45:00,1.15659,1.15692,1.1561,1.156255,3996
2026-03-06 12:00:00,1.15626,1.15653,1.15523,1.155285,4708
2026-03-06 12:15:00,1.155285,1.15641,1.15528,1.156245,3562
2026-03-06 12:30:00,1.15624,1.15689,1.15608,1.15648,4268
2026-03-06 12:45:00,1.156475,1.15668,1.15542,1.155495,4085
2026-03-06 13:00:00,1.155485,1.156575,1.15545,1.156445,5160
2026-03-06 13:15:00,1.15645,1.15676,1.156165,1.1565,4270
2026-03-06 13:30:00,1.15641,1.159305,1.15638,1.15898,16305
2026-03-06 13:45:00,1.158985,1.159065,1.15503,1.15551,14974
2026-03-06 14:00:00,1.155505,1.156285,1.15466,1.15567,10006
2026-03-06 14:15:00,1.155665,1.15591,1.154605,1.155765,7913
2026-03-06 14:30:00,1.155765,1.157045,1.15541,1.15665,11933
2026-03-06 14:45:00,1.156645,1.157465,1.156285,1.157215,9761
2026-03-06 15:00:00,1.15718,1.15928,1.15718,1.15899,13523
2026-03-06 15:15:00,1.158995,1.15929,1.15723,1.157575,8688
2026-03-06 15:30:00,1.157585,1.15856,1.15742,1.1578,7400
2026-03-06 15:45:00,1.157795,1.158225,1.15704,1.15797,7190
2026-03-06 16:00:00,1.157975,1.16001,1.15789,1.15897,6817
2026-03-06 16:15:00,1.15898,1.16069,1.158925,1.159725,6125
2026-03-06 16:30:00,1.15973,1.16092,1.15945,1.16087,6476
2026-03-06 16:45:00,1.160865,1.16131,1.160065,1.16055,6096
2026-03-06 17:00:00,1.160545,1.16087,1.1596,1.159645,6886
2026-03-06 17:15:00,1.15964,1.16096,1.159535,1.15954,6070
2026-03-06 17:30:00,1.159535,1.16017,1.15947,1.159965,4943
2026-03-06 17:45:00,1.15994,1.16056,1.159575,1.159585,5119
2026-03-06 18:00:00,1.15959,1.16174,1.159505,1.16144,7231
2026-03-06 18:15:00,1.16145,1.162145,1.160485,1.16063,6304
2026-03-06 18:30:00,1.160625,1.161045,1.15999,1.160265,4405
2026-03-06 18:45:00,1.16027,1.160435,1.15929,1.159855,3383
2026-03-06 19:00:00,1.15986,1.16067,1.159685,1.16052,2716
2026-03-06 19:15:00,1.160525,1.160915,1.16008,1.160615,3781
2026-03-06 19:30:00,1.160605,1.16082,1.160195,1.160455,3039
2026-03-06 19:45:00,1.160445,1.16097,1.16007,1.16013,2979
2026-03-06 20:00:00,1.160135,1.160595,1.160135,1.160545,2799
2026-03-06 20:15:00,1.160545,1.160545,1.159725,1.159865,2836
2026-03-06 20:30:00,1.15986,1.16071,1.15957,1.160265,3043
2026-03-06 20:45:00,1.160275,1.160995,1.16023,1.160595,3330
2026-03-06 21:00:00,1.16057,1.16173,1.16052,1.161705,4887
2026-03-06 21:15:00,1.1617,1.161835,1.161485,1.161615,4196
2026-03-06 21:30:00,1.16161,1.161615,1.161115,1.161125,2897
2026-03-06 21:45:00,1.161105,1.16191,1.160735,1.16191,6271
2026-03-08 21:00:00,1.16191,1.16191,1.1546,1.155545,440
2026-03-08 21:15:00,1.15555,1.15564,1.15528,1.155415,343
2026-03-08 21:30:00,1.155415,1.15553,1.15501,1.155095,1102
2026-03-08 21:45:00,1.155105,1.15526,1.154635,1.154755,647
2026-03-08 22:00:00,1.15475,1.155255,1.15301,1.15304,6192
2026-03-08 22:15:00,1.15312,1.155105,1.152725,1.15429,4715
2026-03-08 22:30:00,1.15429,1.15453,1.15323,1.15332,3325
2026-03-08 22:45:00,1.15331,1.154275,1.15323,1.15358,5269
2026-03-08 23:00:00,1.153585,1.154025,1.15296,1.15333,3955
2026-03-08 23:15:00,1.153325,1.1537,1.1527,1.15312,3261
2026-03-08 23:30:00,1.153115,1.15368,1.15249,1.152795,4700
2026-03-08 23:45:00,1.1528,1.15292,1.15214,1.152435,4504
2026-03-09 00:00:00,1.15243,1.152815,1.152075,1.152275,4651
2026-03-09 00:15:00,1.15227,1.152405,1.15179,1.15207,3767
2026-03-09 00:30:00,1.152065,1.15315,1.152025,1.15248,4001
2026-03-09 00:45:00,1.152475,1.1525,1.151615,1.151735,3994
2026-03-09 01:00:00,1.15173,1.151905,1.151035,1.15147,5952
2026-03-09 01:15:00,1.151475,1.151655,1.150865,1.151435,3596
2026-03-09 01:30:00,1.15144,1.1524,1.15127,1.151745,4613
2026-03-09 01:45:00,1.15174,1.151985,1.15072,1.15092,4713
2026-03-09 02:00:00,1.150925,1.15211,1.150925,1.15148,4859
2026-03-09 02:15:00,1.151485,1.151925,1.15084,1.1517,4827
2026-03-09 02:30:00,1.151705,1.15281,1.151435,1.15262,4321
2026-03-09 02:45:00,1.15261,1.15277,1.152185,1.152485,3647
2026-03-09 03:00:00,1.152485,1.1529,1.15196,1.15223,3344
2026-03-09 03:15:00,1.152235,1.15264,1.15201,1.15201,2949
2026-03-09 03:30:00,1.152005,1.15221,1.15127,1.1514,3173
2026-03-09 03:45:00,1.151405,1.15182,1.1513,1.151665,2660
2026-03-09 04:00:00,1.15167,1.152565,1.151595,1.15227,2824
2026-03-09 04:15:00,1.152265,1.15253,1.152025,1.152255,1854
2026-03-09 04:30:00,1.15226,1.152945,1.15212,1.152865,1994
2026-03-09 04:45:00,1.15286,1.152965,1.152455,1.15259,1484
2026-03-09 05:00:00,1.152595,1.15361,1.15239,1.153385,3320
2026-03-09 05:15:00,1.15339,1.15606,1.152935,1.155595,10286
2026-03-09 05:30:00,1.1556,1.156325,1.154505,1.155205,7567
2026-03-09 05:45:00,1.15521,1.15715,1.155115,1.156755,8209
2026-03-09 06:00:00,1.15676,1.156935,1.15557,1.155745,7645
2026-03-09 06:15:00,1.15575,1.156135,1.155155,1.15537,6054
2026-03-09 06:30:00,1.155375,1.15653,1.155375,1.15598,5310
2026-03-09 06:45:00,1.156,1.156035,1.15447,1.15449,5699
2026-03-09 07:00:00,1.15448,1.155585,1.15353,1.154735,9866
2026-03-09 07:15:00,1.15474,1.15517,1.154065,1.155135,6665
2026-03-09 07:30:00,1.15513,1.15623,1.154875,1.15573,6794
2026-03-09 07:45:00,1.155725,1.156515,1.155485,1.15636,5389
2026-03-09 08:00:00,1.156365,1.15653,1.1549,1.155015,10253
2026-03-09 08:15:00,1.15501,1.15502,1.152165,1.15224,8780
2026-03-09 08:30:00,1.15223,1.152765,1.15153,1.152685,8273
2026-03-09 08:45:00,1.15269,1.15357,1.151985,1.15347,8471
2026-03-09 09:00:00,1.153475,1.154445,1.1531,1.1543,7767
2026-03-09 09:15:00,1.154295,1.15554,1.154025,1.15496,6781
2026-03-09 09:30:00,1.15497,1.15732,1.1546,1.155565,12141
2026-03-09 09:45:00,1.15556,1.15659,1.15533,1.155405,9855
2026-03-09 10:00:00,1.15541,1.156185,1.154695,1.15492,8134
2026-03-09 10:15:00,1.154915,1.155975,1.15469,1.15588,5945
2026-03-09 10:30:00,1.155875,1.156355,1.15515,1.15631,7136
2026-03-09 10:45:00,1.156305,1.156495,1.155145,1.156035,7723
2026-03-09 11:00:00,1.15603,1.156795,1.15586,1.156725,5958
2026-03-09 11:15:00,1.15672,1.15679,1.155755,1.155935,6025
2026-03-09 11:30:00,1.15593,1.156565,1.155555,1.155625,5360
2026-03-09 11:45:00,1.15562,1.156495,1.155515,1.156135,5970
2026-03-09 12:00:00,1.15614,1.15685,1.155875,1.15627,5533
2026-03-09 12:15:00,1.156265,1.15656,1.15588,1.15622,5512
2026-03-09 12:30:00,1.156215,1.15648,1.155825,1.156045,5377
2026-03-09 12:45:00,1.15604,1.15629,1.15501,1.15533,5667
2026-03-09 13:00:00,1.15534,1.156985,1.15523,1.15682,7171
2026-03-09 13:15:00,1.156825,1.15784,1.15654,1.157775,6794
2026-03-09 13:30:00,1.15778,1.158785,1.15738,1.15785,9669
2026-03-09 13:45:00,1.157875,1.158265,1.157005,1.157595,10826
2026-03-09 14:00:00,1.157585,1.157815,1.154745,1.15597,15103
2026-03-09 14:15:00,1.155975,1.15685,1.155665,1.15643,14525
2026-03-09 14:30:00,1.156425,1.157205,1.15602,1.15716,9437
2026-03-09 14:45:00,1.157165,1.157685,1.15698,1.1573,8741
2026-03-09 15:00:00,1.157305,1.15857,1.15722,1.15854,8316
2026-03-09 15:15:00,1.158535,1.158875,1.157745,1.15865,7156
2026-03-09 15:30:00,1.158645,1.15895,1.15812,1.15867,6470
2026-03-09 15:45:00,1.15868,1.15938,1.15851,1.159155,5745
2026-03-09 16:00:00,1.15915,1.15994,1.15903,1.15905,5054
2026-03-09 16:15:00,1.159055,1.159415,1.15852,1.159085,5633
2026-03-09 16:30:00,1.15909,1.1599,1.15907,1.159695,5506
2026-03-09 16:45:00,1.15969,1.159935,1.15862,1.158765,4132
2026-03-09 17:00:00,1.15877,1.15895,1.15834,1.15856,4533
2026-03-09 17:15:00,1.158565,1.158575,1.15808,1.158365,3993
2026-03-09 17:30:00,1.158365,1.158485,1.158115,1.158365,3503
2026-03-09 17:45:00,1.15836,1.15872,1.15785,1.157875,2843
2026-03-09 18:00:00,1.15787,1.158435,1.15778,1.15823,3349
2026-03-09 18:15:00,1.158225,1.15834,1.15782,1.158115,2593
2026-03-09 18:30:00,1.15811,1.15832,1.15773,1.157745,1815
2026-03-09 18:45:00,1.15774,1.15813,1.157585,1.15765,1966
2026-03-09 19:00:00,1.157655,1.158435,1.157535,1.158235,1716
2026-03-09 19:15:00,1.15823,1.162055,1.158205,1.16179,16997
2026-03-09 19:30:00,1.161795,1.162455,1.16075,1.16238,16443
2026-03-09 19:45:00,1.162385,1.16339,1.16084,1.16089,11815
2026-03-09 20:00:00,1.160895,1.161675,1.160875,1.161475,4567
2026-03-09 20:15:00,1.161475,1.16197,1.161195,1.161795,2285
2026-03-09 20:30:00,1.16178,1.162825,1.16146,1.162795,2603
2026-03-09 20:45:00,1.1628,1.16379,1.16244,1.16359,3844
2026-03-09 21:00:00,1.163625,1.163625,1.1632,1.16353,135
2026-03-09 21:15:00,1.16352,1.16355,1.16345,1.163505,203
2026-03-09 21:30:00,1.163505,1.16354,1.16339,1.163415,274
2026-03-09 21:45:00,1.163415,1.163745,1.16338,1.163735,586
2026-03-09 22:00:00,1.163735,1.16456,1.1633,1.164555,2082
2026-03-09 22:15:00,1.16455,1.164575,1.16268,1.162935,2038
2026-03-09 22:30:00,1.162945,1.163365,1.162245,1.162345,2066
2026-03-09 22:45:00,1.16235,1.163065,1.16235,1.162975,2203
2026-03-09 23:00:00,1.16298,1.163085,1.162245,1.16269,2518
2026-03-09 23:15:00,1.162695,1.16314,1.162545,1.16273,1649
2026-03-09 23:30:00,1.162725,1.162725,1.16154,1.161605,1555
2026-03-09 23:45:00,1.16161,1.16186,1.16148,1.161655,1511
2026-03-10 00:00:00,1.16165,1.16181,1.161155,1.16151,3559
2026-03-10 00:15:00,1.16151,1.162835,1.16141,1.162805,3487
2026-03-10 00:30:00,1.1628,1.163565,1.162355,1.163435,3368
2026-03-10 00:45:00,1.163435,1.16344,1.162195,1.162625,2648
2026-03-10 01:00:00,1.16262,1.162795,1.162175,1.162495,5318
2026-03-10 01:15:00,1.1625,1.16299,1.16147,1.161675,4351
2026-03-10 01:30:00,1.16166,1.16184,1.16132,1.1615,2961
2026-03-10 01:45:00,1.161495,1.162165,1.161195,1.162005,3496
2026-03-10 02:00:00,1.162,1.16226,1.16174,1.16225,3269
2026-03-10 02:15:00,1.162255,1.162695,1.162075,1.162505,2306
2026-03-10 02:30:00,1.16251,1.16256,1.161805,1.161965,1679
2026-03-10 02:45:00,1.161955,1.16208,1.16117,1.16132,2217
2026-03-10 03:00:00,1.161325,1.16157,1.161,1.161225,2051
2026-03-10 03:15:00,1.16123,1.16151,1.161025,1.161035,1398
2026-03-10 03:30:00,1.16104,1.1612,1.160955,1.16106,1379
2026-03-10 03:45:00,1.161055,1.16116,1.16079,1.160955,1779
2026-03-10 04:00:00,1.16096,1.161235,1.1607,1.161235,1785
2026-03-10 04:15:00,1.161225,1.161245,1.161005,1.16113,1235
2026-03-10 04:30:00,1.16113,1.16128,1.16102,1.161215,1076
2026-03-10 04:45:00,1.16121,1.16143,1.161075,1.16117,681
2026-03-10 05:00:00,1.161175,1.16184,1.16115,1.16168,1937
2026-03-10 05:15:00,1.161685,1.162005,1.161675,1.16186,1438
2026-03-10 05:30:00,1.161855,1.161925,1.16146,1.161475,1013
2026-03-10 05:45:00,1.16147,1.162035,1.16145,1.162035,2061
2026-03-10 06:00:00,1.16203,1.162935,1.16203,1.16285,1862
2026-03-10 06:15:00,1.162855,1.163075,1.16265,1.162835,1950
2026-03-10 06:30:00,1.16284,1.16364,1.162715,1.16355,2001
2026-03-10 06:45:00,1.163545,1.163765,1.16293,1.16325,2311
2026-03-10 07:00:00,1.16326,1.16418,1.162865,1.16292,4951
2026-03-10 07:15:00,1.162915,1.16461,1.162775,1.16451,3516
2026-03-10 07:30:00,1.164515,1.16529,1.16418,1.16524,3847
2026-03-10 07:45:00,1.165245,1.16636,1.165225,1.166055,5078
2026-03-10 08:00:00,1.16605,1.166185,1.16497,1.16517,6331
2026-03-10 08:15:00,1.165175,1.16561,1.16478,1.165435,4541
2026-03-10 08:30:00,1.16544,1.165985,1.16481,1.16553,4727
2026-03-10 08:45:00,1.16553,1.165725,1.16432,1.164585,3955
2026-03-10 09:00:00,1.16459,1.16571,1.164385,1.1655,3532
2026-03-10 09:15:00,1.165505,1.16581,1.165015,1.165305,3426
2026-03-10 09:30:00,1.165295,1.16588,1.16523,1.165825,2321
2026-03-10 09:45:00,1.16583,1.16591,1.16508,1.16514,3566
2026-03-10 10:00:00,1.165145,1.165175,1.16455,1.164695,3193
2026-03-10 10:15:00,1.16469,1.16472,1.164215,1.16448,3336
2026-03-10 10:30:00,1.164485,1.16449,1.16203,1.1636,5821
2026-03-10 10:45:00,1.163585,1.16399,1.163125,1.16396,3463
2026-03-10 11:00:00,1.163965,1.16531,1.16385,1.16451,6912
2026-03-10 11:15:00,1.164515,1.16477,1.163975,1.164395,4345
2026-03-10 11:30:00,1.1644,1.16451,1.163775,1.16433,4126
2026-03-10 11:45:00,1.164335,1.16479,1.16363,1.16384,3427
2026-03-10 12:00:00,1.16385,1.16407,1.16214,1.16261,6446
2026-03-10 12:15:00,1.16262,1.163255,1.162255,1.162745,5536
2026-03-10 12:30:00,1.162745,1.163145,1.1623,1.163005,4940
2026-03-10 12:45:00,1.16301,1.16409,1.16301,1.16345,4661
2026-03-10 13:00:00,1.163455,1.164495,1.16334,1.16415,5076
2026-03-10 13:15:00,1.16416,1.16489,1.164,1.16446,3914
2026-03-10 13:30:00,1.16447,1.164585,1.16331,1.16389,8729
2026-03-10 13:45:00,1.16388,1.16388,1.16291,1.163255,6711
2026-03-10 14:00:00,1.16325,1.1635,1.16271,1.163075,6583
2026-03-10 14:15:00,1.163065,1.16391,1.162995,1.163865,5185
2026-03-10 14:30:00,1.16387,1.16498,1.163855,1.164825,4748
2026-03-10 14:45:00,1.16483,1.16504,1.16403,1.164835,3761
2026-03-10 15:00:00,1.16483,1.16516,1.1642,1.16454,4214
2026-03-10 15:15:00,1.16455,1.16504,1.163975,1.164465,4040
2026-03-10 15:30:00,1.16446,1.16551,1.16429,1.165415,3604
2026-03-10 15:45:00,1.16542,1.16551,1.16442,1.16476,4382
2026-03-10 16:00:00,1.164765,1.16478,1.1639,1.164245,3453
2026-03-10 16:15:00,1.164235,1.1647,1.164155,1.164545,2458
2026-03-10 16:30:00,1.16455,1.16546,1.164505,1.164735,3537
2026-03-10 16:45:00,1.164745,1.16546,1.164305,1.165175,3301
2026-03-10 17:00:00,1.16517,1.16608,1.16516,1.16552,3894
2026-03-10 17:15:00,1.16553,1.16673,1.165445,1.165965,5959
2026-03-10 17:30:00,1.16596,1.16597,1.16433,1.16445,7386
2026-03-10 17:45:00,1.16445,1.16464,1.16415,1.16452,3471
2026-03-10 18:00:00,1.16453,1.1646,1.162855,1.16294,5910
2026-03-10 18:15:00,1.16295,1.163765,1.16138,1.1634,16340
2026-03-10 18:30:00,1.163395,1.163935,1.1624,1.162585,10479
2026-03-10 18:45:00,1.162575,1.16331,1.16229,1.16244,6417
2026-03-10 19:00:00,1.162445,1.1627,1.162005,1.16258,4129
2026-03-10 19:15:00,1.162585,1.162865,1.161565,1.16161,4362
2026-03-10 19:30:00,1.161605,1.162025,1.16063,1.161435,6677
2026-03-10 19:45:00,1.161445,1.161555,1.16084,1.161435,4676
2026-03-10 20:00:00,1.16144,1.16154,1.160795,1.161345,1854
2026-03-10 20:15:00,1.16134,1.161535,1.161005,1.161455,1629
2026-03-10 20:30:00,1.16146,1.16149,1.16107,1.161085,825
2026-03-10 20:45:00,1.16107,1.161185,1.160825,1.16113,1336
2026-03-10 21:00:00,1.161155,1.161155,1.1607,1.160705,151
2026-03-10 21:15:00,1.160705,1.161025,1.16068,1.16088,101
2026-03-10 21:30:00,1.16088,1.161085,1.160765,1.16106,1134
2026-03-10 21:45:00,1.16106,1.161205,1.160975,1.16107,157
2026-03-10 22:00:00,1.161065,1.16131,1.160765,1.16089,375
2026-03-10 22:15:00,1.16089,1.160935,1.160635,1.16064,520
2026-03-10 22:30:00,1.160635,1.160745,1.160305,1.160455,756
2026-03-10 22:45:00,1.160455,1.160585,1.1603,1.160505,768
2026-03-10 23:00:00,1.160505,1.161035,1.160495,1.161005,893
2026-03-10 23:15:00,1.161,1.161095,1.160825,1.16083,720
2026-03-10 23:30:00,1.16083,1.16108,1.16083,1.16101,482
2026-03-10 23:45:00,1.161005,1.16121,1.16094,1.16115,852
2026-03-11 00:00:00,1.161155,1.16242,1.160565,1.16218,3726
2026-03-11 00:15:00,1.162185,1.162465,1.16189,1.162155,3386
2026-03-11 00:30:00,1.16215,1.162405,1.161755,1.16227,2246
2026-03-11 00:45:00,1.162265,1.16249,1.16178,1.16178,2180
2026-03-11 01:00:00,1.161785,1.162035,1.16125,1.161865,2823
2026-03-11 01:15:00,1.16186,1.16257,1.16167,1.16251,2342
2026-03-11 01:30:00,1.162505,1.16257,1.162115,1.16245,2306
2026-03-11 01:45:00,1.162455,1.162825,1.16238,1.16269,1605
2026-03-11 02:00:00,1.162695,1.162875,1.162295,1.16241,1507
2026-03-11 02:15:00,1.162415,1.1627,1.162055,1.162055,1361
2026-03-11 02:30:00,1.16205,1.162315,1.16187,1.16229,1273
2026-03-11 02:45:00,1.162285,1.162935,1.16221,1.162605,1991
2026-03-11 03:00:00,1.1626,1.16295,1.16251,1.16274,1267
2026-03-11 03:15:00,1.16274,1.162815,1.162535,1.162535,988
2026-03-11 03:30:00,1.16254,1.16318,1.162535,1.16304,1221
2026-03-11 03:45:00,1.163045,1.163185,1.16266,1.16303,970
2026-03-11 04:00:00,1.16304,1.16317,1.162805,1.163145,1520
2026-03-11 04:15:00,1.163145,1.163235,1.16301,1.163215,1082
2026-03-11 04:30:00,1.16321,1.16334,1.16312,1.16332,1105
2026-03-11 04:45:00,1.16332,1.163535,1.163215,1.16337,1028
2026-03-11 05:00:00,1.163375,1.163615,1.163165,1.16319,1721
2026-03-11 05:15:00,1.16319,1.16337,1.16301,1.16313,1097
2026-03-11 05:30:00,1.163125,1.16355,1.163075,1.163365,1591
2026-03-11 05:45:00,1.16337,1.163555,1.163125,1.16329,1677
2026-03-11 06:00:00,1.1633,1.163965,1.163245,1.16394,2128
2026-03-11 06:15:00,1.163935,1.164085,1.16345,1.16358,2207
2026-03-11 06:30:00,1.163585,1.163965,1.163365,1.1636,1782
2026-03-11 06:45:00,1.163605,1.163665,1.162985,1.163335,1428
2026-03-11 07:00:00,1.16333,1.16355,1.16277,1.162795,3477
2026-03-11 07:15:00,1.16281,1.16455,1.16237,1.16301,8075
2026-03-11 07:30:00,1.163015,1.16312,1.16149,1.1617,4509
2026-03-11 07:45:00,1.161695,1.16227,1.16135,1.1617,4061
2026-03-11 08:00:00,1.161695,1.162145,1.161295,1.16205,5119
2026-03-11 08:15:00,1.162045,1.162045,1.16106,1.16151,4128
2026-03-11 08:30:00,1.161505,1.16168,1.16065,1.160665,3884
2026-03-11 08:45:00,1.16066,1.161345,1.16036,1.161265,5291
2026-03-11 09:00:00,1.161255,1.161405,1.15904,1.16021,7843
2026-03-11 09:15:00,1.160205,1.16032,1.15913,1.15927,5390
2026-03-11 09:30:00,1.159265,1.16019,1.15917,1.159505,4938
2026-03-11 09:45:00,1.15951,1.15967,1.159015,1.15921,4621
2026-03-11 10:00:00,1.159215,1.16018,1.159095,1.160165,3964
2026-03-11 10:15:00,1.16016,1.16053,1.160105,1.160395,3279
2026-03-11 10:30:00,1.16039,1.16117,1.16022,1.161,3312
2026-03-11 10:45:00,1.161,1.16113,1.16051,1.160705,2872
2026-03-11 11:00:00,1.16071,1.160955,1.16032,1.16076,2763
2026-03-11 11:15:00,1.160755,1.161075,1.160055,1.160235,3380
2026-03-11 11:30:00,1.16023,1.16049,1.159995,1.16025,3209
2026-03-11 11:45:00,1.160255,1.161,1.15945,1.159455,6965
2026-03-11 12:00:00,1.15946,1.159765,1.159275,1.15943,5298
2026-03-11 12:15:00,1.159435,1.16024,1.15939,1.160085,5244
2026-03-11 12:30:00,1.160095,1.160595,1.158695,1.1591,9250
2026-03-11 12:45:00,1.159105,1.159115,1.157735,1.158265,7489
2026-03-11 13:00:00,1.15826,1.15901,1.15785,1.15847,6569
2026-03-11 13:15:00,1.15846,1.159185,1.15835,1.158805,4249
2026-03-11 13:30:00,1.15881,1.159055,1.15811,1.15826,5975
2026-03-11 13:45:00,1.158255,1.159345,1.15776,1.159175,6649
2026-03-11 14:00:00,1.15917,1.16129,1.15857,1.159715,19095
2026-03-11 14:15:00,1.15971,1.15998,1.1588,1.15929,9853
2026-03-11 14:30:00,1.159295,1.159705,1.1583,1.158695,7092
2026-03-11 14:45:00,1.1587,1.15948,1.15811,1.15819,5987
2026-03-11 15:00:00,1.158185,1.158425,1.15764,1.15765,6008
2026-03-11 15:15:00,1.157645,1.157865,1.157415,1.157465,3611
2026-03-11 15:30:00,1.15747,1.15765,1.156995,1.15712,4556
2026-03-11 15:45:00,1.157115,1.157515,1.15655,1.15663,4023
2026-03-11 16:00:00,1.156625,1.157165,1.1563,1.157155,4787
2026-03-11 16:15:00,1.15716,1.15752,1.15676,1.15702,4519
2026-03-11 16:30:00,1.157015,1.15767,1.15687,1.15695,3854
2026-03-11 16:45:00,1.156955,1.157165,1.1568,1.157095,2303
2026-03-11 17:00:00,1.1571,1.157635,1.156905,1.15749,2669
2026-03-11 17:15:00,1.15749,1.157595,1.15698,1.15757,2641
2026-03-11 17:30:00,1.157575,1.157645,1.15608,1.156755,7650
2026-03-11 17:45:00,1.15675,1.157265,1.156585,1.157125,4876
2026-03-11 18:00:00,1.15712,1.15718,1.156415,1.15697,2627
2026-03-11 18:15:00,1.15697,1.157415,1.15689,1.15722,3487
2026-03-11 18:30:00,1.157215,1.157375,1.157045,1.15722,2595
2026-03-11 18:45:00,1.157225,1.157445,1.15694,1.15717,2188
2026-03-11 19:00:00,1.157175,1.157185,1.15681,1.15699,1823
2026-03-11 19:15:00,1.15698,1.15731,1.156855,1.156995,1840
2026-03-11 19:30:00,1.157,1.15725,1.15693,1.15723,1380
2026-03-11 19:45:00,1.157235,1.157625,1.1571,1.15732,1712
2026-03-11 20:00:00,1.157315,1.15736,1.15695,1.15721,1256
2026-03-11 20:15:00,1.157205,1.157205,1.15701,1.15702,726
2026-03-11 20:30:00,1.157015,1.15713,1.156605,1.15662,631
2026-03-11 20:45:00,1.156615,1.15674,1.156485,1.156725,1369
2026-03-11 21:00:00,1.156725,1.156965,1.156685,1.15691,75
2026-03-11 21:15:00,1.156905,1.156995,1.156605,1.156615,389
2026-03-11 21:30:00,1.156625,1.156745,1.1566,1.156745,112
2026-03-11 21:45:00,1.15674,1.15751,1.15665,1.157485,712
2026-03-11 22:00:00,1.15748,1.15749,1.15664,1.156845,931
2026-03-11 22:15:00,1.15684,1.156885,1.156,1.156105,1199
2026-03-11 22:30:00,1.15611,1.15614,1.155115,1.155125,1491
2026-03-11 22:45:00,1.15512,1.15542,1.15495,1.15502,962
2026-03-11 23:00:00,1.155025,1.155375,1.15479,1.15491,1576
2026-03-11 23:15:00,1.15491,1.154965,1.154505,1.154505,778
2026-03-11 23:30:00,1.1545,1.15451,1.153985,1.154205,1244
2026-03-11 23:45:00,1.154205,1.15437,1.153985,1.15428,1035
2026-03-12 00:00:00,1.154275,1.15431,1.153415,1.153415,2229
2026-03-12 00:15:00,1.15342,1.154085,1.153415,1.153945,1953
2026-03-12 00:30:00,1.153945,1.154775,1.153745,1.15472,1586
2026-03-12 00:45:00,1.15472,1.15501,1.154575,1.154595,1919
2026-03-12 01:00:00,1.154605,1.155125,1.15454,1.15491,2330
2026-03-12 01:15:00,1.15491,1.15538,1.154705,1.15531,1644
2026-03-12 01:30:00,1.15531,1.155565,1.155005,1.1555,1343
2026-03-12 01:45:00,1.155505,1.155525,1.154835,1.15508,1408
2026-03-12 02:00:00,1.155085,1.15543,1.155005,1.155005,1192
2026-03-12 02:15:00,1.155005,1.155025,1.154105,1.15411,1397
2026-03-12 02:30:00,1.154105,1.15425,1.15323,1.153545,2119
2026-03-12 02:45:00,1.15355,1.153965,1.15334,1.15389,2296
2026-03-12 03:00:00,1.153895,1.15404,1.1533,1.15351,1272
2026-03-12 03:15:00,1.153515,1.15385,1.15336,1.153565,779
2026-03-12 03:30:00,1.153575,1.1539,1.15352,1.153855,1015
2026-03-12 03:45:00,1.153855,1.15403,1.1537,1.15384,664
2026-03-12 04:00:00,1.15383,1.15395,1.153705,1.15387,722
2026-03-12 04:15:00,1.15387,1.154005,1.153795,1.153935,536
2026-03-12 04:30:00,1.15393,1.15397,1.15324,1.153255,804
2026-03-12 04:45:00,1.153255,1.15349,1.15318,1.153315,797
2026-03-12 05:00:00,1.15331,1.154385,1.153275,1.153965,2313
2026-03-12 05:15:00,1.15397,1.15424,1.153625,1.15409,1817
2026-03-12 05:30:00,1.154085,1.15449,1.154045,1.1544,1332
2026-03-12 05:45:00,1.154405,1.15453,1.153685,1.153955,1153
2026-03-12 06:00:00,1.15395,1.15489,1.15392,1.154335,1702
2026-03-12 06:15:00,1.15434,1.15495,1.154195,1.15477,2104
2026-03-12 06:30:00,1.154775,1.15506,1.154645,1.154915,1331
2026-03-12 06:45:00,1.15492,1.15516,1.154475,1.15479,1304
2026-03-12 07:00:00,1.15478,1.155195,1.15463,1.15518,1576
2026-03-12 07:15:00,1.155175,1.15529,1.15494,1.154985,1609
2026-03-12 07:30:00,1.15498,1.15503,1.154255,1.154765,2429
2026-03-12 07:45:00,1.154765,1.155135,1.15415,1.15512,2435
2026-03-12 08:00:00,1.155125,1.155605,1.155065,1.15544,3302
2026-03-12 08:15:00,1.15544,1.155585,1.15488,1.154885,2488
2026-03-12 08:30:00,1.15487,1.15501,1.15449,1.154915,2337
2026-03-12 08:45:00,1.15492,1.155035,1.154335,1.15474,2533
2026-03-12 09:00:00,1.154745,1.15488,1.154465,1.15462,2206
2026-03-12 09:15:00,1.1546,1.155595,1.15455,1.15553,1932
2026-03-12 09:30:00,1.15552,1.155995,1.15549,1.15593,2370
2026-03-12 09:45:00,1.15594,1.15613,1.155665,1.15596,2176
2026-03-12 10:00:00,1.155955,1.15629,1.155705,1.155765,2142
2026-03-12 10:15:00,1.15576,1.155765,1.15494,1.15495,1908
2026-03-12 10:30:00,1.154945,1.15563,1.154945,1.155305,2684
2026-03-12 10:45:00,1.15531,1.155825,1.15524,1.15578,2615
2026-03-12 11:00:00,1.155775,1.15609,1.155515,1.155865,2475
2026-03-12 11:15:00,1.15587,1.15609,1.15572,1.155935,2265
2026-03-12 11:30:00,1.155945,1.156635,1.15582,1.15627,2713
2026-03-12 11:45:00,1.156275,1.15638,1.15525,1.15563,3005
2026-03-12 12:00:00,1.155635,1.15575,1.1545,1.154675,3680
2026-03-12 12:15:00,1.15467,1.154755,1.15369,1.154015,3443
2026-03-12 12:30:00,1.15401,1.154105,1.153315,1.153565,3734
2026-03-12 12:45:00,1.15357,1.154045,1.153255,1.15393,3542
2026-03-12 13:00:00,1.153935,1.15504,1.153875,1.153955,3212
2026-03-12 13:15:00,1.15396,1.154035,1.15202,1.15364,9927
2026-03-12 13:30:00,1.15363,1.15393,1.153105,1.15349,8545
2026-03-12 13:45:00,1.153485,1.153485,1.152105,1.152615,7575
2026-03-12 14:00:00,1.15262,1.15317,1.15232,1.15282,7643
2026-03-12 14:15:00,1.152825,1.15332,1.15199,1.152005,5864
2026-03-12 14:30:00,1.152015,1.152495,1.151675,1.15241,5207
2026-03-12 14:45:00,1.152415,1.15323,1.15156,1.152065,9028
2026-03-12 15:00:00,1.15206,1.152225,1.151105,1.15142,7405
2026-03-12 15:15:00,1.151415,1.152045,1.151345,1.152,5753
2026-03-12 15:30:00,1.151995,1.152865,1.151565,1.152485,8667
2026-03-12 15:45:00,1.15249,1.15268,1.151905,1.152205,7871
2026-03-12 16:00:00,1.1522,1.152475,1.151365,1.151915,5483
2026-03-12 16:15:00,1.15191,1.153265,1.151665,1.152065,6458
2026-03-12 16:30:00,1.15206,1.15271,1.15171,1.152325,6743
2026-03-12 16:45:00,1.15232,1.152485,1.151795,1.152205,5504
2026-03-12 17:00:00,1.1522,1.15319,1.152165,1.152345,5097
2026-03-12 17:15:00,1.15234,1.153025,1.15197,1.152555,4576
2026-03-12 17:30:00,1.15256,1.15272,1.152155,1.15251,3545
2026-03-12 17:45:00,1.152515,1.152525,1.15194,1.152195,3430
2026-03-12 18:00:00,1.152185,1.15243,1.15195,1.1521,3195
2026-03-12 18:15:00,1.152095,1.15218,1.151425,1.15145,2749
2026-03-12 18:30:00,1.151455,1.151655,1.15113,1.151345,2885
2026-03-12 18:45:00,1.15134,1.151595,1.15114,1.15122,2620
2026-03-12 19:00:00,1.151215,1.15176,1.15107,1.151555,3510
2026-03-12 19:15:00,1.15156,1.151665,1.151335,1.151575,2027
2026-03-12 19:30:00,1.15157,1.15186,1.15157,1.15177,1912
2026-03-12 19:45:00,1.151775,1.15184,1.151395,1.15151,2336
2026-03-12 20:00:00,1.15152,1.151625,1.15119,1.151305,1691
2026-03-12 20:15:00,1.151305,1.15135,1.15101,1.151015,1780
2026-03-12 20:30:00,1.15102,1.151405,1.15102,1.151395,1129
2026-03-12 20:45:00,1.151395,1.151615,1.15101,1.15118,1866
2026-03-12 21:00:00,1.151205,1.15131,1.15115,1.15125,117
2026-03-12 21:15:00,1.15125,1.151335,1.15113,1.151235,70
2026-03-12 21:30:00,1.15125,1.151305,1.151195,1.151235,415
2026-03-12 21:45:00,1.151235,1.151255,1.15118,1.151195,338
2026-03-12 22:00:00,1.151185,1.1516,1.15109,1.15149,1531
2026-03-12 22:15:00,1.151485,1.15184,1.1514,1.15181,884
2026-03-12 22:30:00,1.151805,1.15217,1.151785,1.151955,2145
2026-03-12 22:45:00,1.15195,1.15198,1.15166,1.151915,1393
2026-03-12 23:00:00,1.15191,1.152065,1.15175,1.15196,1404
2026-03-12 23:15:00,1.151955,1.15197,1.151505,1.15165,773
2026-03-12 23:30:00,1.15165,1.151965,1.15163,1.15191,636
2026-03-12 23:45:00,1.151905,1.15233,1.151845,1.1521,1768
2026-03-13 00:00:00,1.152105,1.152715,1.152025,1.152685,2337
2026-03-13 00:15:00,1.15268,1.152845,1.152555,1.15264,1845
2026-03-13 00:30:00,1.15264,1.15264,1.15213,1.152185,1913
2026-03-13 00:45:00,1.15218,1.15254,1.15213,1.15235,1702
2026-03-13 01:00:00,1.152345,1.152975,1.15233,1.15276,1542
2026-03-13 01:15:00,1.15276,1.152845,1.15238,1.15248,1484
2026-03-13 01:30:00,1.152475,1.152545,1.151945,1.15195,1116
2026-03-13 01:45:00,1.15195,1.15199,1.151455,1.15165,1168
2026-03-13 02:00:00,1.151655,1.15223,1.151655,1.1518,1662
2026-03-13 02:15:00,1.1518,1.151885,1.151625,1.15168,1383
2026-03-13 02:30:00,1.15168,1.151885,1.151245,1.15125,1273
2026-03-13 02:45:00,1.15125,1.151635,1.15112,1.15138,1933
2026-03-13 03:00:00,1.151375,1.151595,1.150965,1.150975,1700
2026-03-13 03:15:00,1.15097,1.15105,1.150695,1.150775,1787
2026-03-13 03:30:00,1.15077,1.15082,1.150485,1.15081,1931
2026-03-13 03:45:00,1.150805,1.151,1.15072,1.15092,1024
2026-03-13 04:00:00,1.150915,1.15093,1.15059,1.150625,888
2026-03-13 04:15:00,1.150625,1.15073,1.15039,1.150445,731
2026-03-13 04:30:00,1.15045,1.150455,1.15001,1.15018,1921
2026-03-13 04:45:00,1.150185,1.15037,1.15015,1.15033,980
2026-03-13 05:00:00,1.150335,1.150415,1.15006,1.15025,1130
2026-03-13 05:15:00,1.150245,1.150465,1.150215,1.150425,1123
2026-03-13 05:30:00,1.15042,1.150655,1.15028,1.15031,1244
2026-03-13 05:45:00,1.150305,1.150445,1.149985,1.15008,1275
2026-03-13 06:00:00,1.15009,1.150345,1.14996,1.15003,1603
2026-03-13 06:15:00,1.15003,1.150045,1.149655,1.14973,2138
2026-03-13 06:30:00,1.149725,1.14977,1.14905,1.14937,2262
2026-03-13 06:45:00,1.149365,1.149495,1.14823,1.148285,2998
2026-03-13 07:00:00,1.14829,1.14837,1.14743,1.14747,4408
2026-03-13 07:15:00,1.147465,1.14755,1.14665,1.1472,3327
2026-03-13 07:30:00,1.14719,1.14747,1.146545,1.146735,3372
2026-03-13 07:45:00,1.14674,1.146895,1.145415,1.145785,4285
2026-03-13 08:00:00,1.14579,1.145925,1.143765,1.143985,5974
2026-03-13 08:15:00,1.14398,1.1441,1.143295,1.143755,5628
2026-03-13 08:30:00,1.14375,1.145225,1.14371,1.144395,4744
2026-03-13 08:45:00,1.144395,1.144605,1.143945,1.14452,3426
2026-03-13 09:00:00,1.14453,1.145855,1.14453,1.145845,5793
2026-03-13 09:15:00,1.14584,1.145965,1.14533,1.1459,3211
2026-03-13 09:30:00,1.145895,1.14616,1.145145,1.145185,3236
2026-03-13 09:45:00,1.14519,1.145525,1.14508,1.14533,2736
2026-03-13 10:00:00,1.145325,1.14649,1.145305,1.146205,2908
2026-03-13 10:15:00,1.146205,1.14626,1.14525,1.145535,2076
2026-03-13 10:30:00,1.14553,1.145955,1.14519,1.1459,2397
2026-03-13 10:45:00,1.145895,1.147215,1.145265,1.14584,5257
2026-03-13 11:00:00,1.145835,1.146885,1.145565,1.14563,5048
2026-03-13 11:15:00,1.14564,1.14693,1.14554,1.146605,4070
2026-03-13 11:30:00,1.1466,1.147095,1.145835,1.14655,4314
2026-03-13 11:45:00,1.146545,1.14708,1.14652,1.14685,3602
2026-03-13 12:00:00,1.14684,1.14733,1.14616,1.14632,4131
2026-03-13 12:15:00,1.146325,1.147485,1.14611,1.14695,5342
2026-03-13 12:30:00,1.146965,1.14759,1.146535,1.14743,6385
2026-03-13 12:45:00,1.14742,1.14886,1.1474,1.14778,8454
2026-03-13 13:00:00,1.147795,1.148395,1.14737,1.1482,7145
2026-03-13 13:15:00,1.148205,1.148235,1.147395,1.14776,4603
2026-03-13 13:30:00,1.147755,1.14891,1.14773,1.148695,5710
2026-03-13 13:45:00,1.1487,1.14901,1.147845,1.147895,5128
2026-03-13 14:00:00,1.147905,1.14793,1.14721,1.147495,6183
2026-03-13 14:15:00,1.14749,1.14783,1.146975,1.147645,5198
2026-03-13 14:30:00,1.14764,1.1485,1.14663,1.146645,7071
2026-03-13 14:45:00,1.14663,1.146815,1.14555,1.145725,6345
2026-03-13 15:00:00,1.14573,1.14612,1.145265,1.14605,5115
2026-03-13 15:15:00,1.146045,1.146075,1.14469,1.14497,5136
2026-03-13 15:30:00,1.144965,1.14505,1.14345,1.14368,5929
2026-03-13 15:45:00,1.143675,1.145275,1.14362,1.14432,9560
2026-03-13 16:00:00,1.144315,1.14507,1.144095,1.14434,7399
2026-03-13 16:15:00,1.144345,1.144515,1.14386,1.14397,5434
2026-03-13 16:30:00,1.14398,1.144275,1.143625,1.143725,5519
2026-03-13 16:45:00,1.14372,1.144665,1.14371,1.14421,4345
2026-03-13 17:00:00,1.144215,1.144405,1.14337,1.143795,4953
2026-03-13 17:15:00,1.1438,1.14448,1.1438,1.144425,3577
2026-03-13 17:30:00,1.14442,1.14454,1.144095,1.144455,3348
2026-03-13 17:45:00,1.14445,1.14462,1.143955,1.14423,3033
2026-03-13 18:00:00,1.144235,1.144285,1.143735,1.143835,3596
2026-03-13 18:15:00,1.14383,1.143855,1.14318,1.143595,3174
2026-03-13 18:30:00,1.1436,1.14403,1.143555,1.14395,2926
2026-03-13 18:45:00,1.143955,1.14407,1.1435,1.143605,2664
2026-03-13 19:00:00,1.14361,1.143695,1.14277,1.14286,2268
2026-03-13 19:15:00,1.142865,1.142875,1.14248,1.14254,2075
2026-03-13 19:30:00,1.142535,1.1428,1.142435,1.14249,2204
2026-03-13 19:45:00,1.14249,1.142525,1.142,1.142235,2430
2026-03-13 20:00:00,1.14223,1.142285,1.141605,1.141655,2005
2026-03-13 20:15:00,1.14166,1.14177,1.14132,1.14147,1524
2026-03-13 20:30:00,1.141475,1.14163,1.14109,1.1413,1518
2026-03-13 20:45:00,1.141305,1.141785,1.141225,1.141635,3410
2026-03-15 21:00:00,1.141635,1.1424,1.141635,1.1424,115
2026-03-15 21:15:00,1.1424,1.14272,1.14232,1.14261,360
2026-03-15 21:30:00,1.14261,1.142875,1.142435,1.14285,427
2026-03-15 21:45:00,1.14285,1.142925,1.1425,1.142725,574
2026-03-15 22:00:00,1.142715,1.143985,1.14199,1.14284,3447
2026-03-15 22:15:00,1.142835,1.142955,1.14191,1.142135,1747
2026-03-15 22:30:00,1.142125,1.1425,1.142025,1.14211,2686
2026-03-15 22:45:00,1.142115,1.143075,1.142115,1.143,2155
2026-03-15 23:00:00,1.143005,1.143455,1.1426,1.143215,3088
2026-03-15 23:15:00,1.14322,1.143315,1.14266,1.14286,1680
2026-03-15 23:30:00,1.14286,1.14329,1.14261,1.14325,1252
2026-03-15 23:45:00,1.143245,1.14358,1.143245,1.14356,1443
2026-03-16 00:00:00,1.143565,1.14474,1.14352,1.144665,3225
2026-03-16 00:15:00,1.144655,1.14499,1.14446,1.144885,1556
2026-03-16 00:30:00,1.14488,1.145285,1.144795,1.145095,1599
2026-03-16 00:45:00,1.145085,1.145555,1.145025,1.145495,1763
2026-03-16 01:00:00,1.145495,1.14566,1.144375,1.1445,2923
2026-03-16 01:15:00,1.144505,1.14469,1.144205,1.14425,2205
2026-03-16 01:30:00,1.144255,1.14463,1.143975,1.14459,2112
2026-03-16 01:45:00,1.144585,1.144955,1.144495,1.144955,1637
2026-03-16 02:00:00,1.144945,1.145045,1.14449,1.144855,1903
2026-03-16 02:15:00,1.144875,1.14503,1.14468,1.144865,1179
2026-03-16 02:30:00,1.14485,1.144905,1.14457,1.144805,1079
2026-03-16 02:45:00,1.144805,1.14516,1.14475,1.144805,1645
2026-03-16 03:00:00,1.14481,1.145185,1.14458,1.14489,1468
2026-03-16 03:15:00,1.144875,1.145045,1.144765,1.14504,937
2026-03-16 03:30:00,1.14504,1.145335,1.14503,1.145325,664
2026-03-16 03:45:00,1.145325,1.145405,1.144955,1.14506,749
2026-03-16 04:00:00,1.145055,1.14514,1.144755,1.14488,622
2026-03-16 04:15:00,1.144885,1.14498,1.14453,1.144575,857
2026-03-16 04:30:00,1.144575,1.144655,1.144335,1.144365,555
2026-03-16 04:45:00,1.144365,1.144505,1.144145,1.144155,1174
2026-03-16 05:00:00,1.14416,1.14435,1.14401,1.144145,1255
2026-03-16 05:15:00,1.144145,1.1442,1.14393,1.14395,860
2026-03-16 05:30:00,1.143945,1.144,1.143575,1.143735,885
2026-03-16 05:45:00,1.143735,1.143775,1.14332,1.143465,1659
2026-03-16 06:00:00,1.14346,1.143595,1.143175,1.143475,2181
2026-03-16 06:15:00,1.14347,1.143665,1.14261,1.142835,2457
2026-03-16 06:30:00,1.14284,1.143135,1.142465,1.142765,1788
2026-03-16 06:45:00,1.14277,1.143175,1.142415,1.143175,1490
2026-03-16 07:00:00,1.14317,1.14349,1.14289,1.14312,2676
2026-03-16 07:15:00,1.143115,1.143275,1.14248,1.14274,2414
2026-03-16 07:30:00,1.142735,1.14279,1.14143,1.142025,4705
2026-03-16 07:45:00,1.14203,1.1427,1.141955,1.14258,2663
2026-03-16 08:00:00,1.142585,1.143465,1.14258,1.142865,4352
2026-03-16 08:15:00,1.14286,1.14447,1.14259,1.14421,4614
2026-03-16 08:30:00,1.144215,1.14444,1.143555,1.14395,4743
2026-03-16 08:45:00,1.143945,1.14454,1.143875,1.14449,3716
2026-03-16 09:00:00,1.144485,1.14472,1.1441,1.14463,3149
2026-03-16 09:15:00,1.144625,1.14493,1.1445,1.144735,2710
2026-03-16 09:30:00,1.14473,1.144795,1.144305,1.144785,3259
2026-03-16 09:45:00,1.14478,1.145275,1.14478,1.14501,3807
2026-03-16 10:00:00,1.145005,1.145955,1.144765,1.14582,3855
2026-03-16 10:15:00,1.145815,1.147795,1.145815,1.147545,4963
2026-03-16 10:30:00,1.14754,1.147735,1.14683,1.146935,3861
2026-03-16 10:45:00,1.14693,1.147675,1.146765,1.147545,3283
2026-03-16 11:00:00,1.14754,1.147645,1.14709,1.14745,3405
2026-03-16 11:15:00,1.14745,1.14814,1.14736,1.14742,3271
2026-03-16 11:30:00,1.147415,1.148255,1.147235,1.148245,2748
2026-03-16 11:45:00,1.14824,1.14872,1.147745,1.14795,3287
2026-03-16 12:00:00,1.147945,1.148505,1.147625,1.14827,3171
2026-03-16 12:15:00,1.14828,1.14837,1.14785,1.14811,2982
2026-03-16 12:30:00,1.148115,1.148785,1.147865,1.148025,4830
2026-03-16 12:45:00,1.14803,1.14822,1.147225,1.147375,3502
2026-03-16 13:00:00,1.14738,1.1481,1.14738,1.14804,3330
2026-03-16 13:15:00,1.148035,1.14834,1.14746,1.14818,2682
2026-03-16 13:30:00,1.148175,1.14902,1.148115,1.14888,4478
2026-03-16 13:45:00,1.14887,1.150095,1.1488,1.150025,4414
2026-03-16 14:00:00,1.15002,1.150215,1.149365,1.150175,5502
2026-03-16 14:15:00,1.15018,1.15018,1.14921,1.149525,4107
2026-03-16 14:30:00,1.14953,1.149545,1.14833,1.14839,5374
2026-03-16 14:45:00,1.148395,1.149005,1.14803,1.14888,3848
2026-03-16 15:00:00,1.148875,1.14974,1.14882,1.149735,3424
2026-03-16 15:15:00,1.14973,1.14988,1.14916,1.14924,2560
2026-03-16 15:30:00,1.149235,1.15003,1.149185,1.14952,2268
2026-03-16 15:45:00,1.14952,1.14975,1.14805,1.148695,4486
2026-03-16 16:00:00,1.14869,1.14929,1.14851,1.14911,2964
2026-03-16 16:15:00,1.1491,1.14937,1.14782,1.147935,4927
2026-03-16 16:30:00,1.14794,1.149435,1.147765,1.14922,4183
2026-03-16 16:45:00,1.14922,1.14993,1.14903,1.149355,3044
2026-03-16 17:00:00,1.14936,1.1504,1.14931,1.14999,5792
2026-03-16 17:15:00,1.149995,1.15007,1.149495,1.14973,3498
2026-03-16 17:30:00,1.149735,1.1499,1.14936,1.149465,2558
2026-03-16 17:45:00,1.14946,1.149795,1.149055,1.149225,2615
2026-03-16 18:00:00,1.14922,1.15066,1.14921,1.15053,4156
2026-03-16 18:15:00,1.150525,1.15226,1.150425,1.15211,3415
2026-03-16 18:30:00,1.1521,1.152355,1.15171,1.15231,2676
2026-03-16 18:45:00,1.15232,1.15238,1.151685,1.151865,2607
2026-03-16 19:00:00,1.15186,1.15249,1.15171,1.15214,3215
2026-03-16 19:15:00,1.152145,1.15234,1.151525,1.15181,3079
2026-03-16 19:30:00,1.151815,1.15215,1.15109,1.151205,3328
2026-03-16 19:45:00,1.15121,1.15121,1.150595,1.150805,2795
2026-03-16 20:00:00,1.15079,1.15106,1.15075,1.15084,1266
2026-03-16 20:15:00,1.15084,1.15084,1.15031,1.15063,904
2026-03-16 20:30:00,1.150645,1.15071,1.15046,1.150555,1643
2026-03-16 20:45:00,1.15056,1.150745,1.150385,1.150465,2864
2026-03-16 21:00:00,1.150455,1.15079,1.150455,1.15066,406
2026-03-16 21:15:00,1.150655,1.150835,1.150645,1.15073,177
2026-03-16 21:30:00,1.15073,1.150845,1.15071,1.15078,468
2026-03-16 21:45:00,1.150755,1.150865,1.1505,1.150665,3148
2026-03-16 22:00:00,1.15065,1.15065,1.150225,1.150465,901
2026-03-16 22:15:00,1.15046,1.150525,1.15024,1.1503,487
2026-03-16 22:30:00,1.150295,1.150295,1.149975,1.150075,669
2026-03-16 22:45:00,1.15008,1.1501,1.1498,1.1499,914
2026-03-16 23:00:00,1.149905,1.14997,1.149485,1.14962,936
2026-03-16 23:15:00,1.14962,1.149735,1.149495,1.14967,902
2026-03-16 23:30:00,1.14967,1.149905,1.14962,1.149805,575
2026-03-16 23:45:00,1.14981,1.14999,1.14962,1.149835,1168
2026-03-17 00:00:00,1.14984,1.14985,1.149205,1.149275,1490
2026-03-17 00:15:00,1.149275,1.149455,1.148935,1.14902,1265
2026-03-17 00:30:00,1.14903,1.14934,1.14899,1.14912,925
2026-03-17 00:45:00,1.14913,1.14943,1.148925,1.149245,2549
2026-03-17 01:00:00,1.14924,1.149565,1.148955,1.149335,2459
2026-03-17 01:15:00,1.14933,1.14946,1.148725,1.14887,1577
2026-03-17 01:30:00,1.148875,1.149185,1.148655,1.148765,1422
2026-03-17 01:45:00,1.148765,1.149385,1.14869,1.149295,1200
2026-03-17 02:00:00,1.149305,1.149365,1.1491,1.149165,627
2026-03-17 02:15:00,1.149165,1.14968,1.14915,1.149535,890
2026-03-17 02:30:00,1.149515,1.14977,1.14947,1.149755,691
2026-03-17 02:45:00,1.14975,1.14986,1.1495,1.149515,688
2026-03-17 03:00:00,1.14951,1.149725,1.149335,1.149725,588
2026-03-17 03:15:00,1.149725,1.15012,1.149725,1.15011,518
2026-03-17 03:30:00,1.150115,1.150295,1.14976,1.149795,2357
2026-03-17 03:45:00,1.149785,1.149795,1.149185,1.14919,1307
2026-03-17 04:00:00,1.14919,1.149345,1.14894,1.14905,776
2026-03-17 04:15:00,1.149055,1.149285,1.149025,1.149165,371
2026-03-17 04:30:00,1.14916,1.14967,1.14915,1.149655,588
2026-03-17 04:45:00,1.149655,1.149975,1.149655,1.1497,427
2026-03-17 05:00:00,1.149695,1.149755,1.1494,1.14972,900
2026-03-17 05:15:00,1.149715,1.149925,1.149455,1.149535,1209
2026-03-17 05:30:00,1.14954,1.14958,1.148725,1.14874,1267
2026-03-17 05:45:00,1.148745,1.148755,1.1478,1.14794,1703
2026-03-17 06:00:00,1.147945,1.14806,1.1466,1.146975,3359
2026-03-17 06:15:00,1.14697,1.14756,1.146785,1.147545,2482
2026-03-17 06:30:00,1.14754,1.14795,1.14751,1.14787,1980
2026-03-17 06:45:00,1.147865,1.148185,1.14747,1.148185,1377
2026-03-17 07:00:00,1.14818,1.149035,1.147975,1.148855,2206
2026-03-17 07:15:00,1.14885,1.14961,1.148235,1.149355,2535
2026-03-17 07:30:00,1.14935,1.150025,1.149345,1.14962,2359
2026-03-17 07:45:00,1.149625,1.14993,1.149135,1.1495,2084
2026-03-17 08:00:00,1.149505,1.149945,1.14891,1.149065,3805
2026-03-17 08:15:00,1.14906,1.150005,1.14876,1.14995,2770
2026-03-17 08:30:00,1.149955,1.151155,1.14908,1.15106,3808
2026-03-17 08:45:00,1.15104,1.151815,1.15052,1.151045,3865
2026-03-17 09:00:00,1.15105,1.1517,1.15105,1.151185,3372
2026-03-17 09:15:00,1.15119,1.152485,1.1508,1.15222,3284
2026-03-17 09:30:00,1.152215,1.1524,1.15088,1.151085,2983
2026-03-17 09:45:00,1.15108,1.151655,1.15084,1.15165,2282
2026-03-17 10:00:00,1.151655,1.151655,1.150765,1.15103,3543
2026-03-17 10:15:00,1.151025,1.151145,1.15039,1.151095,2605
2026-03-17 10:30:00,1.15108,1.151265,1.15063,1.151035,2520
2026-03-17 10:45:00,1.15104,1.15121,1.150535,1.15062,1945
2026-03-17 11:00:00,1.150625,1.15142,1.15046,1.15133,1898
2026-03-17 11:15:00,1.151335,1.15188,1.151185,1.151415,1988
2026-03-17 11:30:00,1.15141,1.15157,1.15103,1.151445,1979
2026-03-17 11:45:00,1.151445,1.15167,1.150655,1.150755,2666
2026-03-17 12:00:00,1.15076,1.152325,1.15043,1.152185,3718
2026-03-17 12:15:00,1.152195,1.15235,1.151045,1.15125,2983
2026-03-17 12:30:00,1.15125,1.152085,1.151225,1.15162,3009
2026-03-17 12:45:00,1.151625,1.15246,1.151575,1.152415,2665
2026-03-17 13:00:00,1.15242,1.15365,1.15242,1.153375,5766
2026-03-17 13:15:00,1.153375,1.15437,1.153215,1.153475,5497
2026-03-17 13:30:00,1.15348,1.15418,1.153325,1.153505,5458
2026-03-17 13:45:00,1.15351,1.15399,1.15284,1.15304,3902
2026-03-17 14:00:00,1.153045,1.153745,1.15272,1.152995,4267
2026-03-17 14:15:00,1.153,1.15302,1.152065,1.15245,4047
2026-03-17 14:30:00,1.152455,1.153545,1.15218,1.15341,3323
2026-03-17 14:45:00,1.153425,1.153885,1.153265,1.153325,3620
2026-03-17 15:00:00,1.15333,1.153895,1.15285,1.152925,3453
2026-03-17 15:15:00,1.152925,1.15347,1.15241,1.152685,4941
2026-03-17 15:30:00,1.15268,1.153035,1.152065,1.152515,4519
2026-03-17 15:45:00,1.152515,1.152745,1.15214,1.152495,4931
2026-03-17 16:00:00,1.15249,1.153015,1.15182,1.15234,5484
2026-03-17 16:15:00,1.152335,1.15312,1.152085,1.15293,3709
2026-03-17 16:30:00,1.152925,1.1532,1.152665,1.15308,3329
2026-03-17 16:45:00,1.15308,1.15331,1.15279,1.152805,2440
2026-03-17 17:00:00,1.1528,1.15327,1.15268,1.15285,2281
2026-03-17 17:15:00,1.152855,1.15331,1.152645,1.153305,2409
2026-03-17 17:30:00,1.1533,1.15397,1.153175,1.153555,2033
2026-03-17 17:45:00,1.15355,1.154015,1.153545,1.153965,1795
2026-03-17 18:00:00,1.153975,1.154735,1.15397,1.154505,1908
2026-03-17 18:15:00,1.154505,1.15467,1.15427,1.154315,1376
2026-03-17 18:30:00,1.15432,1.154325,1.153945,1.154065,1529
2026-03-17 18:45:00,1.15406,1.154325,1.15385,1.15391,1481
2026-03-17 19:00:00,1.15392,1.154145,1.153795,1.154005,1376
2026-03-17 19:15:00,1.153995,1.154125,1.15376,1.15382,1090
2026-03-17 19:30:00,1.153815,1.153865,1.153555,1.15368,887
2026-03-17 19:45:00,1.153675,1.15374,1.153395,1.15357,1150
2026-03-17 20:00:00,1.153565,1.154015,1.15351,1.15376,716
2026-03-17 20:15:00,1.15376,1.153815,1.15364,1.153665,174
2026-03-17 20:30:00,1.153675,1.15396,1.153675,1.153935,385
2026-03-17 20:45:00,1.15394,1.154235,1.15377,1.153995,2078
2026-03-17 21:00:00,1.15398,1.154,1.15363,1.15369,80
2026-03-17 21:15:00,1.15369,1.15386,1.153645,1.153825,159
2026-03-17 21:30:00,1.153825,1.153835,1.153655,1.15369,89
2026-03-17 21:45:00,1.15369,1.153805,1.153635,1.15367,761
2026-03-17 22:00:00,1.153665,1.15445,1.15364,1.154315,1349
2026-03-17 22:15:00,1.154315,1.154355,1.15424,1.15425,916
2026-03-17 22:30:00,1.15425,1.15426,1.15397,1.15403,1231
2026-03-17 22:45:00,1.15403,1.15413,1.15394,1.15402,895
2026-03-17 23:00:00,1.154015,1.154045,1.153745,1.153875,1878
2026-03-17 23:15:00,1.15387,1.15399,1.153785,1.15391,2968
2026-03-17 23:30:00,1.153905,1.15406,1.15384,1.15397,7498
2026-03-17 23:45:00,1.153985,1.154125,1.153835,1.153905,3417
2026-03-18 00:00:00,1.153915,1.15439,1.153715,1.154265,4520
2026-03-18 00:15:00,1.15427,1.154365,1.15369,1.153785,2396
2026-03-18 00:30:00,1.15379,1.153985,1.153305,1.153475,2453
2026-03-18 00:45:00,1.153485,1.153665,1.15321,1.15326,1799
2026-03-18 01:00:00,1.15327,1.154025,1.15326,1.153495,1440
2026-03-18 01:15:00,1.1535,1.15356,1.15335,1.15344,734
2026-03-18 01:30:00,1.153435,1.15374,1.153325,1.153575,995
2026-03-18 01:45:00,1.153575,1.153615,1.153215,1.15339,995
2026-03-18 02:00:00,1.153395,1.153495,1.15328,1.153355,824
2026-03-18 02:15:00,1.153355,1.153605,1.153275,1.15357,520
2026-03-18 02:30:00,1.153565,1.15382,1.15339,1.15355,824
2026-03-18 02:45:00,1.153555,1.1536,1.15321,1.153265,776
2026-03-18 03:00:00,1.15326,1.15339,1.1532,1.153355,617
2026-03-18 03:15:00,1.15336,1.15337,1.153235,1.153255,481
2026-03-18 03:30:00,1.15327,1.15336,1.15324,1.15336,366
2026-03-18 03:45:00,1.15336,1.15369,1.15336,1.15361,492
2026-03-18 04:00:00,1.153615,1.153975,1.1536,1.1538,615
2026-03-18 04:15:00,1.1538,1.15396,1.15379,1.153835,457
2026-03-18 04:30:00,1.153835,1.154045,1.153835,1.15391,520
2026-03-18 04:45:00,1.153905,1.15425,1.153865,1.154165,515
2026-03-18 05:00:00,1.154165,1.15434,1.154005,1.15428,601
2026-03-18 05:15:00,1.15428,1.1544,1.15416,1.154225,629
2026-03-18 05:30:00,1.15422,1.154545,1.154175,1.154445,692
2026-03-18 05:45:00,1.154445,1.15469,1.15436,1.154545,885
2026-03-18 06:00:00,1.15455,1.154775,1.15446,1.154645,1030
2026-03-18 06:15:00,1.15465,1.15494,1.15463,1.15488,1313
2026-03-18 06:30:00,1.154875,1.154875,1.15397,1.154315,1368
2026-03-18 06:45:00,1.15431,1.154315,1.153955,1.154235,971
2026-03-18 07:00:00,1.15424,1.154595,1.154065,1.154235,1606
2026-03-18 07:15:00,1.15424,1.15424,1.153605,1.153765,1540
2026-03-18 07:30:00,1.15376,1.153775,1.15269,1.152695,1474
2026-03-18 07:45:00,1.1527,1.15306,1.15233,1.15264,1940
2026-03-18 08:00:00,1.152635,1.15305,1.152435,1.15283,2408
2026-03-18 08:15:00,1.15283,1.152975,1.151785,1.15208,2451
2026-03-18 08:30:00,1.152075,1.15265,1.152045,1.152605,1947
2026-03-18 08:45:00,1.152605,1.15343,1.152515,1.15325,1982
2026-03-18 09:00:00,1.153245,1.15334,1.15255,1.15255,1737
2026-03-18 09:15:00,1.15254,1.15357,1.15253,1.15349,2065
2026-03-18 09:30:00,1.153495,1.15396,1.15329,1.153855,1543
2026-03-18 09:45:00,1.15385,1.15394,1.15358,1.153895,1555
2026-03-18 10:00:00,1.153895,1.154395,1.15382,1.15434,1023
2026-03-18 10:15:00,1.15435,1.15436,1.15366,1.153675,1522
2026-03-18 10:30:00,1.153675,1.153995,1.15338,1.153965,1915
2026-03-18 10:45:00,1.15397,1.15424,1.15368,1.153985,1712
2026-03-18 11:00:00,1.15399,1.15493,1.153965,1.154895,2110
2026-03-18 11:15:00,1.15489,1.155535,1.15321,1.15323,4074
2026-03-18 11:30:00,1.153225,1.15459,1.15301,1.154365,4124
2026-03-18 11:45:00,1.15437,1.15497,1.1538,1.154665,3490
2026-03-18 12:00:00,1.15467,1.15482,1.153065,1.15356,6090
2026-03-18 12:15:00,1.153555,1.153555,1.152435,1.15259,6474
2026-03-18 12:30:00,1.152585,1.152915,1.15132,1.151675,7875
2026-03-18 12:45:00,1.15167,1.151895,1.15054,1.15073,7694
2026-03-18 13:00:00,1.150735,1.15088,1.14931,1.14953,8656
2026-03-18 13:15:00,1.149525,1.150735,1.14907,1.150705,5370
2026-03-18 13:30:00,1.15069,1.151295,1.15014,1.150565,5829
2026-03-18 13:45:00,1.150565,1.15156,1.15041,1.1515,6000
2026-03-18 14:00:00,1.151495,1.152755,1.150625,1.151015,7336
2026-03-18 14:15:00,1.15101,1.15131,1.15042,1.15079,5775
2026-03-18 14:30:00,1.150785,1.151545,1.150725,1.151305,4993
2026-03-18 14:45:00,1.1513,1.151725,1.150905,1.15166,5019
2026-03-18 15:00:00,1.151655,1.152965,1.1516,1.15211,5900
2026-03-18 15:15:00,1.152115,1.152335,1.151635,1.151985,4250
2026-03-18 15:30:00,1.15198,1.1527,1.15192,1.15227,3258
2026-03-18 15:45:00,1.152265,1.15234,1.151145,1.15129,4146
2026-03-18 16:00:00,1.151285,1.15183,1.151125,1.15176,3464
2026-03-18 16:15:00,1.15175,1.152225,1.151175,1.151875,3183
2026-03-18 16:30:00,1.15188,1.15188,1.15077,1.15114,3713
2026-03-18 16:45:00,1.151135,1.15116,1.150685,1.151075,2317
2026-03-18 17:00:00,1.15107,1.15122,1.150305,1.15038,2637
2026-03-18 17:15:00,1.150375,1.150915,1.15026,1.15069,2712
2026-03-18 17:30:00,1.150685,1.15131,1.15045,1.15115,2545
2026-03-18 17:45:00,1.151145,1.151725,1.1511,1.151665,3212
2026-03-18 18:00:00,1.151675,1.152525,1.151155,1.15134,7110
2026-03-18 18:15:00,1.15134,1.15134,1.15027,1.151005,6127
2026-03-18 18:30:00,1.15101,1.151215,1.14905,1.1491,9269
2026-03-18 18:45:00,1.14909,1.149285,1.14771,1.147725,7116
2026-03-18 19:00:00,1.14772,1.148265,1.1475,1.147595,5745
2026-03-18 19:15:00,1.147605,1.147895,1.14703,1.1474,3412
2026-03-18 19:30:00,1.147395,1.148105,1.147335,1.14755,2630
2026-03-18 19:45:00,1.147555,1.14759,1.146855,1.14695,3666
2026-03-18 20:00:00,1.14693,1.147045,1.146235,1.14635,1725
2026-03-18 20:15:00,1.14635,1.146355,1.1452,1.145265,2163
2026-03-18 20:30:00,1.14526,1.14549,1.14499,1.14549,1712
2026-03-18 20:45:00,1.1455,1.145655,1.14501,1.14522,3115
2026-03-18 21:00:00,1.145225,1.14597,1.14512,1.145825,340
2026-03-18 21:15:00,1.14582,1.1469,1.145495,1.14671,1718
2026-03-18 21:30:00,1.14671,1.14731,1.146505,1.147015,551
2026-03-18 21:45:00,1.14702,1.1471,1.14647,1.1468,540
2026-03-18 22:00:00,1.14681,1.14681,1.145265,1.145285,1342
2026-03-18 22:15:00,1.145295,1.14566,1.14512,1.145325,1666
2026-03-18 22:30:00,1.145325,1.145695,1.145165,1.14561,858
2026-03-18 22:45:00,1.145615,1.145885,1.145585,1.145685,974
2026-03-18 23:00:00,1.145675,1.14608,1.14553,1.145825,1748
2026-03-18 23:15:00,1.14583,1.146275,1.14574,1.14625,729
2026-03-18 23:30:00,1.14625,1.146585,1.145895,1.145965,1088
2026-03-18 23:45:00,1.145975,1.146595,1.145775,1.14634,2097
2026-03-19 00:00:00,1.14633,1.146945,1.146235,1.146585,1548
2026-03-19 00:15:00,1.146595,1.146965,1.146415,1.14691,1212
2026-03-19 00:30:00,1.1469,1.14709,1.146615,1.14667,1132
2026-03-19 00:45:00,1.14667,1.147435,1.14667,1.147415,1922
2026-03-19 01:00:00,1.147425,1.147875,1.147345,1.147725,1611
2026-03-19 01:15:00,1.14773,1.147985,1.147545,1.147935,1210
2026-03-19 01:30:00,1.14794,1.14837,1.147835,1.14808,1720
2026-03-19 01:45:00,1.148075,1.148105,1.147605,1.147605,1303
2026-03-19 02:00:00,1.14762,1.148985,1.147175,1.14884,3854
2026-03-19 02:15:00,1.148845,1.149135,1.148565,1.149015,1587
2026-03-19 02:30:00,1.149015,1.149075,1.148775,1.14889,1256
2026-03-19 02:45:00,1.148895,1.148925,1.148145,1.148225,2083
2026-03-19 03:00:00,1.14822,1.148345,1.14797,1.14825,1062
2026-03-19 03:15:00,1.148245,1.14831,1.147865,1.147945,837
2026-03-19 03:30:00,1.14794,1.147945,1.147535,1.147655,728
2026-03-19 03:45:00,1.147655,1.147795,1.14746,1.14746,811
2026-03-19 04:00:00,1.147445,1.1475,1.14712,1.147305,655
2026-03-19 04:15:00,1.147305,1.147395,1.147035,1.147125,799
2026-03-19 04:30:00,1.14712,1.147285,1.1467,1.14691,879
2026-03-19 04:45:00,1.146905,1.14704,1.14671,1.14689,548
2026-03-19 05:00:00,1.146885,1.147035,1.146745,1.14686,703
2026-03-19 05:15:00,1.146855,1.147105,1.1468,1.146955,594
2026-03-19 05:30:00,1.14695,1.147105,1.14634,1.146505,1091
2026-03-19 05:45:00,1.14652,1.146945,1.146505,1.1466,909
2026-03-19 06:00:00,1.146605,1.14727,1.14635,1.147255,1752
2026-03-19 06:15:00,1.14725,1.147685,1.146885,1.14689,1671
2026-03-19 06:30:00,1.146885,1.1469,1.14619,1.146705,2329
2026-03-19 06:45:00,1.14671,1.14684,1.14611,1.146535,2617
2026-03-19 07:00:00,1.14654,1.147315,1.145265,1.146765,7243
2026-03-19 07:15:00,1.14676,1.147545,1.146455,1.146515,4107
2026-03-19 07:30:00,1.14652,1.146825,1.145815,1.146025,3692
2026-03-19 07:45:00,1.14602,1.146595,1.14509,1.145265,4239
2026-03-19 08:00:00,1.145255,1.14554,1.144395,1.14478,5441
2026-03-19 08:15:00,1.144785,1.14593,1.144785,1.145175,5026
2026-03-19 08:30:00,1.14517,1.1459,1.144305,1.144615,6601
2026-03-19 08:45:00,1.14461,1.145505,1.144595,1.145105,4565
2026-03-19 09:00:00,1.14511,1.14657,1.14511,1.146405,4669
2026-03-19 09:15:00,1.1464,1.147975,1.145695,1.1461,8415
2026-03-19 09:30:00,1.146095,1.147235,1.146025,1.14675,7789
2026-03-19 09:45:00,1.146745,1.14881,1.146565,1.14803,8640
2026-03-19 10:00:00,1.148025,1.148025,1.147125,1.14734,4833
2026-03-19 10:15:00,1.147345,1.14744,1.14666,1.14696,3355
2026-03-19 10:30:00,1.146955,1.147325,1.14667,1.14731,2792
2026-03-19 10:45:00,1.1473,1.1478,1.14714,1.14739,2861
2026-03-19 11:00:00,1.147385,1.148155,1.14731,1.1479,3414
2026-03-19 11:15:00,1.147895,1.14794,1.146585,1.14719,3440
2026-03-19 11:30:00,1.147185,1.14735,1.146745,1.146865,2663
2026-03-19 11:45:00,1.14687,1.14799,1.14678,1.147975,2835
2026-03-19 12:00:00,1.14798,1.14836,1.14725,1.147485,9358
2026-03-19 12:15:00,1.14748,1.14784,1.146365,1.1466,6060
2026-03-19 12:30:00,1.146595,1.149,1.14627,1.148545,8930
2026-03-19 12:45:00,1.14855,1.14898,1.148265,1.148725,7075
2026-03-19 13:00:00,1.14872,1.149625,1.148175,1.148865,8301
2026-03-19 13:15:00,1.14887,1.15046,1.14776,1.14814,14021
2026-03-19 13:30:00,1.148135,1.148955,1.146935,1.148205,14178
2026-03-19 13:45:00,1.1482,1.15274,1.14782,1.15177,16013
2026-03-19 14:00:00,1.151765,1.15283,1.15135,1.15137,15651
2026-03-19 14:15:00,1.151365,1.151725,1.150075,1.15045,12915
2026-03-19 14:30:00,1.150445,1.151995,1.15023,1.15138,9777
2026-03-19 14:45:00,1.151375,1.15219,1.151225,1.15164,7768
2026-03-19 15:00:00,1.151635,1.153895,1.151305,1.153025,7466
2026-03-19 15:15:00,1.15302,1.153105,1.150625,1.151085,6739
2026-03-19 15:30:00,1.15108,1.15114,1.150065,1.15023,6940
2026-03-19 15:45:00,1.150225,1.1518,1.149855,1.15142,9448
2026-03-19 16:00:00,1.1514,1.15379,1.1512,1.15269,10821
2026-03-19 16:15:00,1.15268,1.153495,1.152355,1.15334,8328
2026-03-19 16:30:00,1.153345,1.15358,1.152665,1.1534,6667
2026-03-19 16:45:00,1.153395,1.15368,1.15238,1.153585,5302
2026-03-19 17:00:00,1.15359,1.154635,1.153575,1.15444,5112
2026-03-19 17:15:00,1.15444,1.156025,1.154425,1.155735,4602
2026-03-19 17:30:00,1.15574,1.156175,1.15538,1.15602,4060
2026-03-19 17:45:00,1.15602,1.156755,1.155495,1.156025,3937
2026-03-19 18:00:00,1.15602,1.156065,1.15535,1.155795,5810
2026-03-19 18:15:00,1.1558,1.15607,1.155105,1.156025,4762
2026-03-19 18:30:00,1.156025,1.15611,1.15537,1.155385,2655
2026-03-19 18:45:00,1.15538,1.15842,1.155325,1.15838,4270
2026-03-19 19:00:00,1.158385,1.16162,1.15827,1.16085,16203
2026-03-19 19:15:00,1.16086,1.161335,1.1583,1.158875,13738
2026-03-19 19:30:00,1.15888,1.159105,1.158145,1.158525,7285
2026-03-19 19:45:00,1.158515,1.158825,1.157715,1.158475,5417
2026-03-19 20:00:00,1.15848,1.158815,1.158195,1.158305,2086
2026-03-19 20:15:00,1.158305,1.15892,1.15804,1.158845,1160
2026-03-19 20:30:00,1.15885,1.15886,1.15847,1.158565,912
2026-03-19 20:45:00,1.15856,1.159025,1.158455,1.158845,1603
2026-03-19 21:00:00,1.158855,1.158885,1.158835,1.158855,36
2026-03-19 21:15:00,1.15885,1.15885,1.158465,1.15855,153
2026-03-19 21:30:00,1.15855,1.15872,1.158545,1.15865,520
2026-03-19 21:45:00,1.158655,1.158655,1.158235,1.15828,1705
2026-03-19 22:00:00,1.158275,1.15953,1.15825,1.15881,1219
2026-03-19 22:15:00,1.15881,1.158825,1.1584,1.15844,1322
2026-03-19 22:30:00,1.158445,1.158455,1.15788,1.157945,1287
2026-03-19 22:45:00,1.15794,1.158105,1.157765,1.157845,823
2026-03-19 23:00:00,1.15784,1.158185,1.15776,1.15785,1687
2026-03-19 23:15:00,1.157855,1.15787,1.15755,1.15767,1018
2026-03-19 23:30:00,1.157675,1.157855,1.157545,1.15765,1110
2026-03-19 23:45:00,1.157655,1.157865,1.15746,1.157655,900
2026-03-20 00:00:00,1.15765,1.15783,1.157265,1.157565,1566
2026-03-20 00:15:00,1.15757,1.158015,1.157385,1.1574,1517
2026-03-20 00:30:00,1.157405,1.15743,1.15713,1.157425,1367
2026-03-20 00:45:00,1.15743,1.157435,1.1571,1.15738,1491
2026-03-20 01:00:00,1.157385,1.157705,1.15717,1.15746,2198
2026-03-20 01:15:00,1.157465,1.15751,1.156865,1.156965,1466
2026-03-20 01:30:00,1.156965,1.15711,1.156655,1.15679,1426
2026-03-20 01:45:00,1.156795,1.156835,1.15636,1.156515,1104
2026-03-20 02:00:00,1.15652,1.15681,1.15626,1.15658,1064
2026-03-20 02:15:00,1.156585,1.156615,1.156395,1.156455,652
2026-03-20 02:30:00,1.156455,1.156705,1.156175,1.156245,979
2026-03-20 02:45:00,1.15625,1.156565,1.15622,1.156355,819
2026-03-20 03:00:00,1.156355,1.156365,1.155995,1.156005,761
2026-03-20 03:15:00,1.156005,1.156175,1.1559,1.15601,1000
2026-03-20 03:30:00,1.156005,1.15602,1.1557,1.15577,901
2026-03-20 03:45:00,1.155775,1.15583,1.155625,1.155675,605
2026-03-20 04:00:00,1.155675,1.15582,1.15565,1.155775,425
2026-03-20 04:15:00,1.155765,1.155925,1.155695,1.155865,338
2026-03-20 04:30:00,1.155855,1.155985,1.155775,1.15586,287
2026-03-20 04:45:00,1.15584,1.15588,1.15551,1.155565,586
2026-03-20 05:00:00,1.155565,1.15595,1.15552,1.1559,777
2026-03-20 05:15:00,1.155895,1.15612,1.155765,1.155905,904
2026-03-20 05:30:00,1.15591,1.155925,1.15545,1.155655,1017
2026-03-20 05:45:00,1.155655,1.155675,1.15525,1.15526,1293
2026-03-20 06:00:00,1.155265,1.15624,1.155255,1.156115,1012
2026-03-20 06:15:00,1.15611,1.156195,1.155765,1.15619,1098
2026-03-20 06:30:00,1.156195,1.15662,1.15618,1.156235,1734
2026-03-20 06:45:00,1.15624,1.15642,1.155845,1.15591,1451
2026-03-20 07:00:00,1.1559,1.157405,1.15558,1.15723,3777
2026-03-20 07:15:00,1.157225,1.15743,1.15673,1.157065,2954
2026-03-20 07:30:00,1.15705,1.15718,1.156535,1.157155,3074
2026-03-20 07:45:00,1.15715,1.157525,1.15679,1.15732,2764
2026-03-20 08:00:00,1.157325,1.15752,1.15699,1.157435,3887
2026-03-20 08:15:00,1.15743,1.158085,1.157405,1.157735,2765
2026-03-20 08:30:00,1.15773,1.15783,1.157155,1.157485,3336
2026-03-20 08:45:00,1.15748,1.1575,1.15677,1.156785,2442
2026-03-20 09:00:00,1.15678,1.1573,1.15632,1.15682,3009
2026-03-20 09:15:00,1.156825,1.15686,1.15641,1.15657,3243
2026-03-20 09:30:00,1.156565,1.156705,1.15553,1.15581,3062
2026-03-20 09:45:00,1.155815,1.15582,1.154785,1.15488,5528
2026-03-20 10:00:00,1.154885,1.1549,1.153525,1.154255,5349
2026-03-20 10:15:00,1.15426,1.154695,1.154135,1.154465,3579
2026-03-20 10:30:00,1.15446,1.15588,1.15435,1.1558,3422
2026-03-20 10:45:00,1.155795,1.15626,1.15538,1.15599,3573
2026-03-20 11:00:00,1.155995,1.15696,1.15573,1.156685,3736
2026-03-20 11:15:00,1.15669,1.157205,1.156525,1.15685,3126
2026-03-20 11:30:00,1.156855,1.158005,1.156815,1.15786,3088
2026-03-20 11:45:00,1.15786,1.15787,1.15674,1.15715,3139
2026-03-20 12:00:00,1.15716,1.157915,1.15665,1.157365,5581
2026-03-20 12:15:00,1.15737,1.157795,1.157125,1.157665,3610
2026-03-20 12:30:00,1.15766,1.157985,1.156615,1.157015,5962
2026-03-20 12:45:00,1.15701,1.157235,1.156215,1.156445,5305
2026-03-20 13:00:00,1.15644,1.1566,1.15536,1.155775,5022
2026-03-20 13:15:00,1.15578,1.155965,1.155305,1.155415,3624
2026-03-20 13:30:00,1.15541,1.15585,1.155065,1.155805,7090
2026-03-20 13:45:00,1.15581,1.15598,1.15399,1.15412,8729
2026-03-20 14:00:00,1.154115,1.15439,1.153625,1.1537,8581
2026-03-20 14:15:00,1.153695,1.153935,1.152475,1.152615,7897
2026-03-20 14:30:00,1.15262,1.153615,1.15259,1.15332,6399
2026-03-20 14:45:00,1.153315,1.1539,1.15301,1.15349,6308
2026-03-20 15:00:00,1.153495,1.154855,1.153485,1.15476,6928
2026-03-20 15:15:00,1.15477,1.155775,1.15403,1.1546,8366
2026-03-20 15:30:00,1.154595,1.155375,1.154235,1.154585,6960
2026-03-20 15:45:00,1.15458,1.15491,1.1538,1.15421,6655
2026-03-20 16:00:00,1.154215,1.15588,1.15413,1.15573,4607
2026-03-20 16:15:00,1.155735,1.15667,1.15568,1.15589,4670
2026-03-20 16:30:00,1.155895,1.15609,1.1551,1.15584,5446
2026-03-20 16:45:00,1.155845,1.15651,1.155485,1.15593,4019
2026-03-20 17:00:00,1.15593,1.15664,1.154975,1.156225,8511
2026-03-20 17:15:00,1.15622,1.15696,1.155975,1.156785,4716
2026-03-20 17:30:00,1.15678,1.157065,1.15567,1.156265,4331
2026-03-20 17:45:00,1.15627,1.156345,1.155705,1.15578,3629
2026-03-20 18:00:00,1.15579,1.1562,1.15564,1.156075,3367
2026-03-20 18:15:00,1.15608,1.15719,1.154775,1.15671,7398
2026-03-20 18:30:00,1.156715,1.15697,1.15588,1.156015,5525
2026-03-20 18:45:00,1.15601,1.15619,1.154775,1.15506,4711
2026-03-20 19:00:00,1.15505,1.1555,1.15469,1.1551,3500
2026-03-20 19:15:00,1.15509,1.155795,1.155035,1.15528,3611
2026-03-20 19:30:00,1.15529,1.156,1.154715,1.155895,3834
2026-03-20 19:45:00,1.15589,1.1562,1.1553,1.15585,4401
2026-03-20 20:00:00,1.155845,1.156225,1.155735,1.15618,1443
2026-03-20 20:15:00,1.156175,1.1566,1.156065,1.15643,1343
2026-03-20 20:30:00,1.156425,1.156635,1.15615,1.1563,1494
2026-03-20 20:45:00,1.156305,1.157315,1.156205,1.157315,4263
2026-03-22 21:00:00,1.157315,1.157315,1.153655,1.15373,71
2026-03-22 21:15:00,1.153715,1.153995,1.153705,1.15386,273
2026-03-22 21:30:00,1.15386,1.153955,1.1537,1.153835,264
2026-03-22 21:45:00,1.153835,1.15456,1.153815,1.154155,399
2026-03-22 22:00:00,1.1542,1.155635,1.15409,1.154825,1798
2026-03-22 22:15:00,1.154835,1.15621,1.15462,1.1559,1819
2026-03-22 22:30:00,1.155905,1.156275,1.15539,1.15553,2317
2026-03-22 22:45:00,1.155535,1.15597,1.15553,1.15583,1345
2026-03-22 23:00:00,1.155825,1.156275,1.155715,1.156175,2381
2026-03-22 23:15:00,1.156175,1.156425,1.156025,1.15637,1490
2026-03-22 23:30:00,1.156365,1.156485,1.155985,1.15634,1219
2026-03-22 23:45:00,1.156345,1.156435,1.155885,1.156215,2035
2026-03-23 00:00:00,1.15622,1.15643,1.155445,1.156175,3398
2026-03-23 00:15:00,1.15617,1.156345,1.155725,1.155795,2817
2026-03-23 00:30:00,1.1558,1.155845,1.15386,1.154085,4043
2026-03-23 00:45:00,1.154085,1.15475,1.154025,1.15443,4383
2026-03-23 01:00:00,1.15442,1.1559,1.154415,1.15587,4579
2026-03-23 01:15:00,1.155875,1.156095,1.15552,1.155675,4126
2026-03-23 01:30:00,1.15568,1.156175,1.15529,1.155975,4054
2026-03-23 01:45:00,1.15597,1.15597,1.15528,1.155435,2929
2026-03-23 02:00:00,1.15544,1.15574,1.1549,1.15503,3241
2026-03-23 02:15:00,1.155035,1.15547,1.155025,1.15511,2051
2026-03-23 02:30:00,1.155105,1.15511,1.1543,1.15478,2048
2026-03-23 02:45:00,1.154775,1.154855,1.15433,1.154665,1661
2026-03-23 03:00:00,1.15467,1.1549,1.154255,1.15452,1816
2026-03-23 03:15:00,1.154525,1.154915,1.154455,1.15479,1432
2026-03-23 03:30:00,1.154785,1.154985,1.154665,1.1549,1523
2026-03-23 03:45:00,1.154905,1.155045,1.15467,1.1547,1050
2026-03-23 04:00:00,1.154705,1.155075,1.15464,1.15494,1459
2026-03-23 04:15:00,1.154945,1.15515,1.15483,1.15484,880
2026-03-23 04:30:00,1.154845,1.154955,1.15458,1.15473,1167
2026-03-23 04:45:00,1.154735,1.155075,1.15465,1.15505,1253
2026-03-23 05:00:00,1.15505,1.15525,1.154845,1.15491,1200
2026-03-23 05:15:00,1.154905,1.154905,1.15393,1.15417,1420
2026-03-23 05:30:00,1.154165,1.15423,1.15368,1.15374,2223
2026-03-23 05:45:00,1.153745,1.153805,1.153405,1.153405,1800
2026-03-23 06:00:00,1.1534,1.15344,1.152485,1.152935,3390
2026-03-23 06:15:00,1.15294,1.15304,1.152245,1.15261,3775
2026-03-23 06:30:00,1.152615,1.1528,1.15205,1.152125,3355
2026-03-23 06:45:00,1.15212,1.153165,1.15205,1.15306,3210
2026-03-23 07:00:00,1.153045,1.15373,1.15302,1.153295,4300
2026-03-23 07:15:00,1.15329,1.153295,1.15236,1.152435,4757
2026-03-23 07:30:00,1.15244,1.154035,1.15237,1.153835,4950
2026-03-23 07:45:00,1.15383,1.153895,1.15262,1.15272,5066
2026-03-23 08:00:00,1.152725,1.153755,1.15261,1.15361,8812
2026-03-23 08:15:00,1.153605,1.154545,1.153125,1.15434,8167
2026-03-23 08:30:00,1.154335,1.15463,1.152965,1.15321,6803
2026-03-23 08:45:00,1.153205,1.15358,1.152945,1.152975,6575
2026-03-23 09:00:00,1.15298,1.15343,1.15231,1.15253,5590
2026-03-23 09:15:00,1.15252,1.15252,1.15116,1.151525,5492
2026-03-23 09:30:00,1.151525,1.15172,1.149815,1.14992,5565
2026-03-23 09:45:00,1.149915,1.15017,1.149105,1.149485,5544
2026-03-23 10:00:00,1.149475,1.149605,1.14874,1.14884,5596
2026-03-23 10:15:00,1.148845,1.14934,1.148525,1.14879,4186
2026-03-23 10:30:00,1.148795,1.14945,1.148645,1.14906,4589
2026-03-23 10:45:00,1.149055,1.150145,1.148445,1.14859,5733
2026-03-23 11:00:00,1.148595,1.16199,1.14858,1.156575,23676
2026-03-23 11:15:00,1.15657,1.15892,1.15258,1.156125,26878
2026-03-23 11:30:00,1.15613,1.15962,1.155915,1.15803,18025
2026-03-23 11:45:00,1.158025,1.15872,1.15513,1.15565,17963
2026-03-23 12:00:00,1.155645,1.156935,1.15463,1.155575,15291
2026-03-23 12:15:00,1.15559,1.15797,1.15555,1.157215,11614
2026-03-23 12:30:00,1.15721,1.16013,1.155925,1.16,15429
2026-03-23 12:45:00,1.160005,1.16146,1.15913,1.161265,15991
2026-03-23 13:00:00,1.16127,1.16155,1.158785,1.15914,14651
2026-03-23 13:15:00,1.159145,1.15931,1.158,1.15873,11165
2026-03-23 13:30:00,1.158745,1.16078,1.158015,1.159095,19260
2026-03-23 13:45:00,1.15909,1.16071,1.15891,1.159975,15470
2026-03-23 14:00:00,1.15998,1.161135,1.1593,1.1601,16793
2026-03-23 14:15:00,1.160105,1.163135,1.15985,1.162645,12876
2026-03-23 14:30:00,1.16264,1.163985,1.16198,1.162575,14283
2026-03-23 14:45:00,1.16259,1.162935,1.161535,1.161535,13513
2026-03-23 15:00:00,1.16154,1.16312,1.16148,1.162225,13035
2026-03-23 15:15:00,1.16223,1.16236,1.160745,1.160935,12603
2026-03-23 15:30:00,1.16093,1.161195,1.15986,1.16006,11091
2026-03-23 15:45:00,1.160065,1.160185,1.158205,1.158605,13860
2026-03-23 16:00:00,1.15861,1.159225,1.15776,1.15858,10891
2026-03-23 16:15:00,1.158575,1.158575,1.157645,1.157875,10981
2026-03-23 16:30:00,1.15787,1.15938,1.157795,1.15934,10174
2026-03-23 16:45:00,1.159345,1.160065,1.158745,1.1591,10124
2026-03-23 17:00:00,1.159105,1.16,1.158665,1.159545,8665
2026-03-23 17:15:00,1.159535,1.16015,1.159035,1.15998,7615
2026-03-23 17:30:00,1.15997,1.16097,1.159825,1.159845,6418
2026-03-23 17:45:00,1.15985,1.16045,1.159285,1.16017,4991
2026-03-23 18:00:00,1.160175,1.16084,1.15918,1.16056,7411
2026-03-23 18:15:00,1.160565,1.161315,1.160055,1.16124,5012
2026-03-23 18:30:00,1.161245,1.16348,1.161245,1.162875,6640
2026-03-23 18:45:00,1.16287,1.16375,1.162675,1.16351,5740
2026-03-23 19:00:00,1.163505,1.163555,1.16246,1.162525,4394
2026-03-23 19:15:00,1.16253,1.16263,1.161685,1.16176,3626
2026-03-23 19:30:00,1.161755,1.161935,1.16129,1.161625,2722
2026-03-23 19:45:00,1.16163,1.161815,1.161255,1.16134,3187
2026-03-23 20:00:00,1.161335,1.16153,1.161055,1.161445,1723
2026-03-23 20:15:00,1.16145,1.16152,1.16104,1.161045,1199
2026-03-23 20:30:00,1.16105,1.16129,1.16097,1.16129,842
2026-03-23 20:45:00,1.16129,1.16137,1.160955,1.161295,1434
2026-03-23 21:00:00,1.161295,1.16157,1.161295,1.16138,91
2026-03-23 21:15:00,1.16137,1.161405,1.16134,1.161365,155
2026-03-23 21:30:00,1.161365,1.161495,1.16134,1.161485,304
2026-03-23 21:45:00,1.16148,1.16152,1.16135,1.161515,299
2026-03-23 22:00:00,1.161495,1.16155,1.160835,1.1615,1054
2026-03-23 22:15:00,1.161505,1.16156,1.161185,1.161545,1205
2026-03-23 22:30:00,1.16154,1.16154,1.16113,1.16114,957
2026-03-23 22:45:00,1.161145,1.16178,1.16102,1.161465,1533
2026-03-23 23:00:00,1.16147,1.1616,1.16112,1.161195,1256
2026-03-23 23:15:00,1.16119,1.16143,1.161125,1.16121,925
2026-03-23 23:30:00,1.161205,1.16124,1.16086,1.161145,1317
2026-03-23 23:45:00,1.16115,1.16118,1.160585,1.160815,2365
2026-03-24 00:00:00,1.16082,1.16087,1.15937,1.159385,3534
2026-03-24 00:15:00,1.15939,1.15975,1.15895,1.159435,3784
2026-03-24 00:30:00,1.15944,1.15965,1.158115,1.158445,7426
2026-03-24 00:45:00,1.15845,1.15932,1.15843,1.15884,4840
2026-03-24 01:00:00,1.158845,1.1596,1.158645,1.15944,4924
2026-03-24 01:15:00,1.159435,1.15945,1.158695,1.158865,4669
2026-03-24 01:30:00,1.15886,1.15896,1.158045,1.15807,4523
2026-03-24 01:45:00,1.158075,1.158625,1.157845,1.158465,3065
2026-03-24 02:00:00,1.15846,1.158695,1.158295,1.15844,3533
2026-03-24 02:15:00,1.158435,1.159095,1.158305,1.15908,3095
2026-03-24 02:30:00,1.159095,1.159245,1.15878,1.158995,2419
2026-03-24 02:45:00,1.15899,1.15915,1.158275,1.15859,2348
2026-03-24 03:00:00,1.158595,1.15878,1.158145,1.158645,1880
2026-03-24 03:15:00,1.15865,1.158935,1.15862,1.15886,1490
2026-03-24 03:30:00,1.158865,1.158865,1.15822,1.158385,2008
2026-03-24 03:45:00,1.15838,1.158515,1.15816,1.15831,1660
2026-03-24 04:00:00,1.158315,1.158345,1.157765,1.15786,1333
2026-03-24 04:15:00,1.157855,1.15787,1.157565,1.157715,1190
2026-03-24 04:30:00,1.15771,1.158,1.157605,1.15794,1450
2026-03-24 04:45:00,1.157945,1.158285,1.157925,1.15802,1078
2026-03-24 05:00:00,1.158025,1.15813,1.15758,1.157915,2286
2026-03-24 05:15:00,1.15792,1.158465,1.15791,1.15815,2881
2026-03-24 05:30:00,1.158155,1.158735,1.15803,1.158665,2632
2026-03-24 05:45:00,1.15867,1.158925,1.15827,1.158365,1972
2026-03-24 06:00:00,1.15836,1.15888,1.15791,1.15816,3540
2026-03-24 06:15:00,1.158155,1.15865,1.157935,1.1583,3113
2026-03-24 06:30:00,1.15829,1.15845,1.15802,1.158295,3716
2026-03-24 06:45:00,1.15829,1.15924,1.15802,1.159185,3597
2026-03-24 07:00:00,1.15918,1.16178,1.158905,1.16151,6215
2026-03-24 07:15:00,1.161505,1.161505,1.160325,1.16035,5787
2026-03-24 07:30:00,1.160355,1.16098,1.159655,1.16082,5980
2026-03-24 07:45:00,1.160815,1.1609,1.16008,1.16088,5014
2026-03-24 08:00:00,1.16085,1.160945,1.15996,1.160085,6920
2026-03-24 08:15:00,1.16008,1.16047,1.159115,1.15928,5843
2026-03-24 08:30:00,1.1593,1.15975,1.15913,1.15956,4706
2026-03-24 08:45:00,1.159555,1.15987,1.158165,1.158845,6743
2026-03-24 09:00:00,1.15885,1.15941,1.158135,1.15826,5319
2026-03-24 09:15:00,1.15825,1.15875,1.15787,1.158495,3790
2026-03-24 09:30:00,1.15849,1.15955,1.158385,1.15944,3635
2026-03-24 09:45:00,1.15945,1.15971,1.15906,1.159485,3423
2026-03-24 10:00:00,1.15949,1.15965,1.158925,1.159285,3489
2026-03-24 10:15:00,1.15928,1.159595,1.15872,1.158885,2936
2026-03-24 10:30:00,1.15889,1.15901,1.158455,1.158925,3474
2026-03-24 10:45:00,1.15892,1.159225,1.158335,1.159215,3382
2026-03-24 11:00:00,1.15922,1.16007,1.158755,1.159705,5051
2026-03-24 11:15:00,1.159705,1.159725,1.159015,1.159415,2893
2026-03-24 11:30:00,1.15941,1.159745,1.159055,1.159515,3353
2026-03-24 11:45:00,1.15952,1.159605,1.157895,1.15893,6288
2026-03-24 12:00:00,1.15895,1.159385,1.158665,1.158905,4438
2026-03-24 12:15:00,1.1589,1.159425,1.1584,1.15927,4240
2026-03-24 12:30:00,1.159275,1.159375,1.15812,1.158195,5147
2026-03-24 12:45:00,1.15819,1.159955,1.15819,1.158475,7869
2026-03-24 13:00:00,1.15847,1.159075,1.156795,1.15771,11003
2026-03-24 13:15:00,1.157715,1.15798,1.15698,1.157065,6991
2026-03-24 13:30:00,1.15706,1.157545,1.15678,1.156955,10102
2026-03-24 13:45:00,1.15696,1.15785,1.156715,1.15776,9292
2026-03-24 14:00:00,1.157765,1.159275,1.15774,1.15886,8876
2026-03-24 14:15:00,1.158855,1.15961,1.158675,1.159375,7722
2026-03-24 14:30:00,1.15937,1.159585,1.15876,1.159215,7003
2026-03-24 14:45:00,1.15921,1.160715,1.158015,1.158955,15938
2026-03-24 15:00:00,1.158965,1.15956,1.158445,1.15886,12839
2026-03-24 15:15:00,1.15887,1.15963,1.1584,1.15936,6647
2026-03-24 15:30:00,1.159365,1.159735,1.15864,1.15882,5445
2026-03-24 15:45:00,1.158815,1.15882,1.157575,1.157775,6012
2026-03-24 16:00:00,1.15778,1.158565,1.157415,1.158485,6428
2026-03-24 16:15:00,1.15848,1.15922,1.158455,1.15908,4254
2026-03-24 16:30:00,1.159075,1.15924,1.158165,1.158705,3621
2026-03-24 16:45:00,1.158695,1.15888,1.15826,1.15826,3609
2026-03-24 17:00:00,1.158265,1.15833,1.1557,1.15637,12945
2026-03-24 17:15:00,1.156365,1.15725,1.156285,1.157095,8637
2026-03-24 17:30:00,1.15709,1.15749,1.15669,1.156805,5884
2026-03-24 17:45:00,1.1568,1.15841,1.15651,1.15761,9352
2026-03-24 18:00:00,1.157615,1.158085,1.156755,1.15719,7553
2026-03-24 18:15:00,1.157195,1.157935,1.15693,1.15791,7360
2026-03-24 18:30:00,1.157915,1.159255,1.157735,1.158575,6716
2026-03-24 18:45:00,1.15858,1.15866,1.15787,1.158225,4849
2026-03-24 19:00:00,1.15823,1.159295,1.15823,1.15908,3818
2026-03-24 19:15:00,1.159075,1.159135,1.15874,1.15878,3064
2026-03-24 19:30:00,1.158775,1.1588,1.158405,1.15862,2563
2026-03-24 19:45:00,1.158615,1.15882,1.15845,1.158565,2507
2026-03-24 20:00:00,1.15856,1.15863,1.15828,1.15836,1047
2026-03-24 20:15:00,1.158365,1.162845,1.15836,1.160645,11292
2026-03-24 20:30:00,1.16065,1.161575,1.160065,1.160535,10531
2026-03-24 20:45:00,1.16054,1.161,1.15994,1.160705,5958
2026-03-24 21:00:00,1.16074,1.161025,1.160265,1.160405,623
2026-03-24 21:15:00,1.160405,1.160665,1.16021,1.16057,153
2026-03-24 21:30:00,1.16057,1.160875,1.160495,1.16081,846
2026-03-24 21:45:00,1.160815,1.161335,1.16079,1.16114,837
2026-03-24 22:00:00,1.16118,1.161915,1.16087,1.16118,1247
2026-03-24 22:15:00,1.161175,1.16128,1.160455,1.16113,2268
2026-03-24 22:30:00,1.161125,1.161415,1.161,1.16133,2332
2026-03-24 22:45:00,1.16133,1.161585,1.16121,1.16142,1359
2026-03-24 23:00:00,1.161425,1.161575,1.160865,1.161245,2534
2026-03-24 23:15:00,1.16125,1.16184,1.160985,1.16179,1387
2026-03-24 23:30:00,1.161795,1.161795,1.161175,1.1612,1748
2026-03-24 23:45:00,1.161205,1.161515,1.16107,1.161385,1280
2026-03-25 00:00:00,1.16138,1.16275,1.161255,1.16244,3668
2026-03-25 00:15:00,1.162435,1.162505,1.161705,1.162045,2470
2026-03-25 00:30:00,1.162055,1.163085,1.161335,1.162815,3555
2026-03-25 00:45:00,1.16283,1.16299,1.162305,1.162335,2658
2026-03-25 01:00:00,1.16233,1.162425,1.16178,1.16182,3757
2026-03-25 01:15:00,1.161815,1.162445,1.16181,1.16199,2235
2026-03-25 01:30:00,1.161985,1.162375,1.16168,1.16187,2250
2026-03-25 01:45:00,1.161865,1.16205,1.161185,1.161205,2302
2026-03-25 02:00:00,1.161215,1.161315,1.16044,1.16063,2019
2026-03-25 02:15:00,1.16063,1.160895,1.160465,1.160735,1475
2026-03-25 02:30:00,1.16075,1.160795,1.16043,1.16067,1192
2026-03-25 02:45:00,1.16067,1.160845,1.160125,1.160425,1412
2026-03-25 03:00:00,1.16042,1.160565,1.160185,1.160285,1243
2026-03-25 03:15:00,1.160285,1.160575,1.16017,1.16023,925
2026-03-25 03:30:00,1.160225,1.16047,1.16007,1.160355,1183
2026-03-25 03:45:00,1.160365,1.16045,1.160265,1.160375,910
2026-03-25 04:00:00,1.16038,1.16038,1.15981,1.16004,1165
2026-03-25 04:15:00,1.160035,1.160415,1.159975,1.16027,1034
2026-03-25 04:30:00,1.160275,1.160395,1.159885,1.159915,988
2026-03-25 04:45:00,1.159915,1.15994,1.15973,1.159795,923
2026-03-25 05:00:00,1.159795,1.159795,1.1594,1.159615,1001
2026-03-25 05:15:00,1.159615,1.159615,1.159225,1.15946,1142
2026-03-25 05:30:00,1.15947,1.15983,1.15946,1.159585,1452
2026-03-25 05:45:00,1.15958,1.15959,1.1589,1.159215,2025
2026-03-25 06:00:00,1.15921,1.159455,1.1587,1.15891,2464
2026-03-25 06:15:00,1.158915,1.15937,1.15889,1.159115,1731
2026-03-25 06:30:00,1.15912,1.15966,1.159105,1.159425,1394
2026-03-25 06:45:00,1.15943,1.15999,1.159215,1.15963,1662
2026-03-25 07:00:00,1.15962,1.16028,1.159515,1.16016,2671
2026-03-25 07:15:00,1.160165,1.160535,1.159715,1.16009,3051
2026-03-25 07:30:00,1.160085,1.16013,1.15884,1.159515,3764
2026-03-25 07:45:00,1.15951,1.16034,1.15951,1.15975,3392
2026-03-25 08:00:00,1.159755,1.160845,1.15905,1.16064,6627
2026-03-25 08:15:00,1.16064,1.161605,1.16042,1.16139,4894
2026-03-25 08:30:00,1.161395,1.161655,1.1606,1.161185,6580
2026-03-25 08:45:00,1.16119,1.161495,1.160185,1.160285,4510
2026-03-25 09:00:00,1.16028,1.16094,1.16011,1.160445,4030
2026-03-25 09:15:00,1.16044,1.16048,1.15961,1.15972,3336
2026-03-25 09:30:00,1.159725,1.159885,1.159135,1.159595,3120
2026-03-25 09:45:00,1.1596,1.160165,1.15914,1.159905,3635
2026-03-25 10:00:00,1.159915,1.16057,1.159895,1.16013,3267
2026-03-25 10:15:00,1.160125,1.16036,1.15968,1.15971,2782
2026-03-25 10:30:00,1.159715,1.160265,1.15959,1.15968,2392
2026-03-25 10:45:00,1.15967,1.16054,1.15964,1.160445,2754
2026-03-25 11:00:00,1.16044,1.16115,1.16041,1.160495,2892
2026-03-25 11:15:00,1.1605,1.16092,1.160255,1.160595,2100
2026-03-25 11:30:00,1.1606,1.16069,1.160215,1.16064,1935
2026-03-25 11:45:00,1.160635,1.160735,1.15942,1.16054,6623
2026-03-25 12:00:00,1.16055,1.161375,1.16055,1.16103,4695
2026-03-25 12:15:00,1.161035,1.1611,1.15877,1.15954,10264
2026-03-25 12:30:00,1.159535,1.15981,1.15906,1.159175,6290
2026-03-25 12:45:00,1.15918,1.15928,1.15865,1.159135,4024
2026-03-25 13:00:00,1.15914,1.159895,1.15869,1.159,6049
2026-03-25 13:15:00,1.15901,1.159065,1.158415,1.15843,3818
2026-03-25 13:30:00,1.158435,1.158855,1.157875,1.15804,7087
2026-03-25 13:45:00,1.158045,1.158145,1.15717,1.157305,6503
2026-03-25 14:00:00,1.1573,1.15765,1.15663,1.15765,8418
2026-03-25 14:15:00,1.15764,1.158315,1.157205,1.15817,8210
2026-03-25 14:30:00,1.158175,1.158575,1.15772,1.15782,5223
2026-03-25 14:45:00,1.157825,1.158785,1.15777,1.1586,4303
2026-03-25 15:00:00,1.158595,1.15894,1.15748,1.157525,5118
2026-03-25 15:15:00,1.15752,1.157695,1.156585,1.157475,7783
2026-03-25 15:30:00,1.15748,1.1578,1.15652,1.156795,5091
2026-03-25 15:45:00,1.1568,1.15707,1.15628,1.15699,5200
2026-03-25 16:00:00,1.156985,1.15733,1.15553,1.156175,5802
2026-03-25 16:15:00,1.156165,1.15768,1.155845,1.15715,6860
2026-03-25 16:30:00,1.157145,1.15727,1.15684,1.15708,5636
2026-03-25 16:45:00,1.157085,1.15727,1.156715,1.15676,3181
2026-03-25 17:00:00,1.15675,1.157295,1.15646,1.157035,4479
2026-03-25 17:15:00,1.15703,1.157665,1.15682,1.1576,2911
2026-03-25 17:30:00,1.15761,1.15839,1.15741,1.15808,3131
2026-03-25 17:45:00,1.158075,1.158355,1.157475,1.157835,3858
2026-03-25 18:00:00,1.15783,1.158105,1.15755,1.157845,3211
2026-03-25 18:15:00,1.157845,1.15809,1.15774,1.15785,2803
2026-03-25 18:30:00,1.157845,1.158005,1.15704,1.157055,2640
2026-03-25 18:45:00,1.15705,1.15712,1.1561,1.15665,3988
2026-03-25 19:00:00,1.156645,1.156645,1.15591,1.156075,3100
2026-03-25 19:15:00,1.15607,1.15663,1.15606,1.15632,2874
2026-03-25 19:30:00,1.156325,1.156655,1.156165,1.15646,1767
2026-03-25 19:45:00,1.156465,1.156525,1.156185,1.156335,2786
2026-03-25 20:00:00,1.15633,1.15636,1.15594,1.15601,1414
2026-03-25 20:15:00,1.156005,1.15601,1.15571,1.15572,615
2026-03-25 20:30:00,1.15573,1.15595,1.1556,1.155855,1066
2026-03-25 20:45:00,1.15585,1.15604,1.155595,1.155875,1322
2026-03-25 21:00:00,1.155875,1.156145,1.15586,1.156135,86
2026-03-25 21:15:00,1.156135,1.156165,1.1561,1.15614,194
2026-03-25 21:30:00,1.15615,1.15618,1.156115,1.15615,383
2026-03-25 21:45:00,1.15615,1.15621,1.155975,1.156065,599
2026-03-25 22:00:00,1.15605,1.15611,1.155795,1.155795,521
2026-03-25 22:15:00,1.155795,1.155835,1.1556,1.15583,194
2026-03-25 22:30:00,1.155835,1.156225,1.155815,1.15621,534
2026-03-25 22:45:00,1.15621,1.15626,1.15601,1.15606,388
2026-03-25 23:00:00,1.156065,1.156155,1.155955,1.156105,703
2026-03-25 23:15:00,1.1561,1.15617,1.155945,1.156155,422
2026-03-25 23:30:00,1.156155,1.15617,1.155885,1.155975,320
2026-03-25 23:45:00,1.155975,1.156205,1.1559,1.156155,477
2026-03-26 00:00:00,1.15615,1.15647,1.15608,1.15641,1292
2026-03-26 00:15:00,1.156405,1.15647,1.156035,1.156055,1367
2026-03-26 00:30:00,1.15605,1.156135,1.15547,1.155485,1231
2026-03-26 00:45:00,1.155465,1.155915,1.155405,1.15582,1530
2026-03-26 01:00:00,1.155815,1.156575,1.15581,1.156325,1644
2026-03-26 01:15:00,1.156325,1.156475,1.15609,1.156455,1176
2026-03-26 01:30:00,1.15645,1.156705,1.15639,1.15654,1074
2026-03-26 01:45:00,1.15654,1.15669,1.156285,1.156435,1265
2026-03-26 02:00:00,1.15644,1.156545,1.156205,1.15624,787
2026-03-26 02:15:00,1.15624,1.156575,1.156235,1.156295,890
2026-03-26 02:30:00,1.1563,1.156315,1.15548,1.15584,1671
2026-03-26 02:45:00,1.155835,1.1561,1.155785,1.155895,1070
2026-03-26 03:00:00,1.15589,1.156355,1.15579,1.15633,879
2026-03-26 03:15:00,1.156325,1.156795,1.156195,1.156755,961
2026-03-26 03:30:00,1.15676,1.15695,1.15672,1.156745,1083
2026-03-26 03:45:00,1.156745,1.156875,1.156655,1.15687,929
2026-03-26 04:00:00,1.156865,1.15695,1.156745,1.1569,685
2026-03-26 04:15:00,1.1569,1.15711,1.156895,1.1571,758
2026-03-26 04:30:00,1.157105,1.157235,1.156985,1.15708,367
2026-03-26 04:45:00,1.15708,1.157175,1.156865,1.156935,1122
2026-03-26 05:00:00,1.15694,1.15699,1.156815,1.15689,1534
2026-03-26 05:15:00,1.15689,1.1569,1.15616,1.15654,1344
2026-03-26 05:30:00,1.156545,1.15664,1.1563,1.1564,1332
2026-03-26 05:45:00,1.156395,1.156395,1.155775,1.15579,1423
2026-03-26 06:00:00,1.15578,1.156055,1.155455,1.155465,1943
2026-03-26 06:15:00,1.15547,1.156045,1.15533,1.155925,1915
2026-03-26 06:30:00,1.15593,1.15608,1.155175,1.155485,1816
2026-03-26 06:45:00,1.15549,1.15671,1.15549,1.15667,1951
2026-03-26 07:00:00,1.156675,1.15668,1.155445,1.15589,2589
2026-03-26 07:15:00,1.155895,1.15624,1.15546,1.15584,2469
2026-03-26 07:30:00,1.15584,1.15598,1.15527,1.155475,2174
2026-03-26 07:45:00,1.155475,1.155655,1.15506,1.15538,2274
2026-03-26 08:00:00,1.155385,1.155395,1.154755,1.155285,3420
2026-03-26 08:15:00,1.15529,1.155945,1.15525,1.155315,2294
2026-03-26 08:30:00,1.15531,1.156055,1.155215,1.155645,3168
2026-03-26 08:45:00,1.15564,1.15612,1.15564,1.15598,2427
2026-03-26 09:00:00,1.155975,1.1565,1.155685,1.15606,3167
2026-03-26 09:15:00,1.15605,1.156085,1.155255,1.15576,2486
2026-03-26 09:30:00,1.15575,1.15602,1.15532,1.15543,3142
2026-03-26 09:45:00,1.15544,1.156025,1.15538,1.15597,2335
2026-03-26 10:00:00,1.155965,1.156525,1.15562,1.156305,3006
2026-03-26 10:15:00,1.15631,1.15647,1.15612,1.15616,2043
2026-03-26 10:30:00,1.156155,1.15638,1.155835,1.155895,2552
2026-03-26 10:45:00,1.1559,1.156045,1.15543,1.155725,2428
2026-03-26 11:00:00,1.15572,1.155875,1.15511,1.15513,2148
2026-03-26 11:15:00,1.15513,1.155265,1.15431,1.15438,1706
2026-03-26 11:30:00,1.154375,1.15446,1.15322,1.153345,2491
2026-03-26 11:45:00,1.15335,1.153425,1.15233,1.15242,3011
2026-03-26 12:00:00,1.152425,1.153395,1.15223,1.153175,3937
2026-03-26 12:15:00,1.15317,1.15351,1.153005,1.15335,2600
2026-03-26 12:30:00,1.15336,1.153455,1.15268,1.15274,3697
2026-03-26 12:45:00,1.152745,1.15355,1.15274,1.153515,3482
2026-03-26 13:00:00,1.15352,1.15413,1.15349,1.15402,3811
2026-03-26 13:15:00,1.154025,1.15445,1.153955,1.15426,3156
2026-03-26 13:30:00,1.154265,1.15495,1.15373,1.154945,6034
2026-03-26 13:45:00,1.15495,1.15527,1.153595,1.154235,8094
2026-03-26 14:00:00,1.15423,1.15444,1.153685,1.154275,6231
2026-03-26 14:15:00,1.15427,1.15513,1.15398,1.15482,4872
2026-03-26 14:30:00,1.154815,1.155505,1.154125,1.15432,7893
2026-03-26 14:45:00,1.154325,1.15518,1.15408,1.15476,7754
2026-03-26 15:00:00,1.154755,1.155135,1.15442,1.154735,5734
2026-03-26 15:15:00,1.15473,1.15491,1.15429,1.15439,4753
2026-03-26 15:30:00,1.154385,1.15447,1.15313,1.1533,3923
2026-03-26 15:45:00,1.153305,1.154305,1.15325,1.154145,6521
2026-03-26 16:00:00,1.15415,1.154335,1.1537,1.154245,3831
2026-03-26 16:15:00,1.15425,1.154275,1.1531,1.15349,3771
2026-03-26 16:30:00,1.153495,1.153755,1.153145,1.153705,3164
2026-03-26 16:45:00,1.1537,1.153925,1.153535,1.153555,2519
2026-03-26 17:00:00,1.15356,1.153695,1.153235,1.153385,2471
2026-03-26 17:15:00,1.153385,1.15361,1.15311,1.153415,2382
2026-03-26 17:30:00,1.15342,1.15377,1.15271,1.152845,2836
2026-03-26 17:45:00,1.15284,1.15287,1.15255,1.152595,1866
2026-03-26 18:00:00,1.15259,1.15318,1.15252,1.153075,1917
2026-03-26 18:15:00,1.153085,1.15312,1.15268,1.152765,2452
2026-03-26 18:30:00,1.15276,1.15332,1.15273,1.153305,1681
2026-03-26 18:45:00,1.1533,1.1534,1.15314,1.153385,1554
2026-03-26 19:00:00,1.15339,1.153465,1.15235,1.152455,2231
2026-03-26 19:15:00,1.152455,1.152755,1.15229,1.15237,1610
2026-03-26 19:30:00,1.152365,1.152865,1.15229,1.152375,1834
2026-03-26 19:45:00,1.152375,1.15248,1.15217,1.15219,2347
2026-03-26 20:00:00,1.15219,1.1559,1.15195,1.15472,7504
2026-03-26 20:15:00,1.154725,1.154905,1.15303,1.15336,10071
2026-03-26 20:30:00,1.15337,1.15386,1.153265,1.15327,3643
2026-03-26 20:45:00,1.153265,1.153375,1.152695,1.152755,3260
2026-03-26 21:00:00,1.152755,1.153345,1.152755,1.15328,1567
2026-03-26 21:15:00,1.153275,1.153405,1.152955,1.153135,584
2026-03-26 21:30:00,1.153135,1.153685,1.1531,1.153495,888
2026-03-26 21:45:00,1.153495,1.153585,1.15333,1.153335,425
2026-03-26 22:00:00,1.153325,1.154055,1.15323,1.15365,1020
2026-03-26 22:15:00,1.153655,1.153855,1.15355,1.153625,742
2026-03-26 22:30:00,1.153615,1.15391,1.153605,1.153885,928
2026-03-26 22:45:00,1.153885,1.153965,1.15381,1.15385,611
2026-03-26 23:00:00,1.153855,1.15395,1.153735,1.153755,749
2026-03-26 23:15:00,1.153755,1.15388,1.15374,1.153805,580
2026-03-26 23:30:00,1.153805,1.153985,1.15357,1.15363,401
2026-03-26 23:45:00,1.15363,1.153695,1.1534,1.153435,516
2026-03-27 00:00:00,1.15344,1.15381,1.15324,1.15325,1474
2026-03-27 00:15:00,1.153265,1.15346,1.152445,1.15271,2367
2026-03-27 00:30:00,1.152715,1.153015,1.152645,1.152825,1708
2026-03-27 00:45:00,1.15282,1.153145,1.152435,1.15306,2595
2026-03-27 01:00:00,1.153065,1.153465,1.15297,1.153335,2459
2026-03-27 01:15:00,1.15334,1.15366,1.153235,1.153625,1760
2026-03-27 01:30:00,1.153635,1.154045,1.15361,1.15382,1848
2026-03-27 01:45:00,1.153825,1.154095,1.15362,1.153995,1548
2026-03-27 02:00:00,1.154005,1.154275,1.153755,1.153845,1564
2026-03-27 02:15:00,1.153845,1.153945,1.15362,1.153905,1343
2026-03-27 02:30:00,1.1539,1.15413,1.1538,1.15407,993
2026-03-27 02:45:00,1.15407,1.154205,1.153805,1.153845,1018
2026-03-27 03:00:00,1.15385,1.154035,1.153485,1.153595,1178
2026-03-27 03:15:00,1.1536,1.15361,1.153385,1.15352,844
2026-03-27 03:30:00,1.15352,1.153975,1.15352,1.15386,1120
2026-03-27 03:45:00,1.15387,1.153925,1.15372,1.1539,1031
2026-03-27 04:00:00,1.153895,1.154035,1.15371,1.153935,874
2026-03-27 04:15:00,1.15394,1.154085,1.15385,1.15397,889
2026-03-27 04:30:00,1.15397,1.15427,1.153905,1.154265,645
2026-03-27 04:45:00,1.154265,1.15438,1.15414,1.15429,675
2026-03-27 05:00:00,1.1543,1.154575,1.15414,1.15455,1238
2026-03-27 05:15:00,1.154545,1.154565,1.154015,1.15405,1388
2026-03-27 05:30:00,1.154055,1.15431,1.15373,1.15431,1864
2026-03-27 05:45:00,1.154305,1.15463,1.154015,1.1541,1465
2026-03-27 06:00:00,1.154095,1.154385,1.153885,1.154345,1977
2026-03-27 06:15:00,1.15434,1.15438,1.15381,1.15395,1651
2026-03-27 06:30:00,1.153955,1.153995,1.15359,1.15382,954
2026-03-27 06:45:00,1.153815,1.15383,1.153395,1.153455,1412
2026-03-27 07:00:00,1.153445,1.153495,1.15297,1.153085,2335
2026-03-27 07:15:00,1.15308,1.15312,1.15228,1.152325,2296
2026-03-27 07:30:00,1.15232,1.152505,1.15209,1.15214,2306
2026-03-27 07:45:00,1.152135,1.152635,1.151695,1.151885,2356
2026-03-27 08:00:00,1.15188,1.152255,1.15158,1.15203,3740
2026-03-27 08:15:00,1.152035,1.15227,1.151695,1.152215,3045
2026-03-27 08:30:00,1.15221,1.152525,1.15185,1.15234,3091
2026-03-27 08:45:00,1.15234,1.152415,1.15198,1.152065,2312
2026-03-27 09:00:00,1.15206,1.15221,1.15145,1.15186,3113
2026-03-27 09:15:00,1.151855,1.15243,1.151775,1.152255,2938
2026-03-27 09:30:00,1.15226,1.152615,1.151965,1.152155,2331
2026-03-27 09:45:00,1.15215,1.152165,1.15175,1.15192,2530
2026-03-27 10:00:00,1.151915,1.152435,1.151845,1.15203,3406
2026-03-27 10:15:00,1.152035,1.152615,1.15184,1.152535,1993
2026-03-27 10:30:00,1.152525,1.15257,1.15134,1.151445,2463
2026-03-27 10:45:00,1.15144,1.151665,1.151025,1.1511,2021
2026-03-27 11:00:00,1.151105,1.151355,1.15092,1.15115,2388
2026-03-27 11:15:00,1.151155,1.151405,1.150925,1.1512,1938
2026-03-27 11:30:00,1.151195,1.151345,1.150945,1.151185,2127
2026-03-27 11:45:00,1.15119,1.151195,1.15047,1.150755,2451
2026-03-27 12:00:00,1.15075,1.150805,1.15021,1.15033,2795
2026-03-27 12:15:00,1.15032,1.15119,1.15018,1.15099,2628
2026-03-27 12:30:00,1.150985,1.151555,1.15061,1.151555,2529
2026-03-27 12:45:00,1.15156,1.15181,1.15144,1.151505,3058
2026-03-27 13:00:00,1.15151,1.151945,1.15141,1.15161,3591
2026-03-27 13:15:00,1.151605,1.15277,1.151555,1.1525,4139
2026-03-27 13:30:00,1.152495,1.15316,1.151835,1.15305,5992
2026-03-27 13:45:00,1.153045,1.15331,1.152245,1.15241,4982
2026-03-27 14:00:00,1.1524,1.153255,1.152325,1.153055,5908
2026-03-27 14:15:00,1.15305,1.15357,1.15276,1.15277,4929
2026-03-27 14:30:00,1.152765,1.153245,1.15256,1.152845,4092
2026-03-27 14:45:00,1.15284,1.153355,1.15276,1.152875,4187
2026-03-27 15:00:00,1.15288,1.15337,1.152645,1.153145,4928
2026-03-27 15:15:00,1.15315,1.15452,1.15256,1.15371,8073
2026-03-27 15:30:00,1.153705,1.154785,1.15349,1.15368,6021
2026-03-27 15:45:00,1.153685,1.153815,1.15179,1.15194,5655
2026-03-27 16:00:00,1.151945,1.152735,1.15181,1.152005,5136
2026-03-27 16:15:00,1.152,1.152355,1.15183,1.15221,4179
2026-03-27 16:30:00,1.152215,1.152285,1.15148,1.152065,4520
2026-03-27 16:45:00,1.15207,1.15244,1.151835,1.151915,3259
2026-03-27 17:00:00,1.15191,1.15294,1.15142,1.151485,5872
2026-03-27 17:15:00,1.15149,1.15154,1.150935,1.15095,2644
2026-03-27 17:30:00,1.150945,1.151,1.150635,1.1509,2340
2026-03-27 17:45:00,1.150895,1.15147,1.150845,1.15125,2091
2026-03-27 18:00:00,1.151245,1.15146,1.150735,1.150825,2283
2026-03-27 18:15:00,1.15083,1.15139,1.1507,1.151255,2261
2026-03-27 18:30:00,1.151255,1.15198,1.15119,1.151645,2409
2026-03-27 18:45:00,1.15164,1.1517,1.151285,1.151355,2305
2026-03-27 19:00:00,1.15135,1.15149,1.15099,1.151345,1587
2026-03-27 19:15:00,1.15134,1.151395,1.15117,1.15134,1308
2026-03-27 19:30:00,1.151345,1.15142,1.15105,1.15132,1755
2026-03-27 19:45:00,1.151325,1.151805,1.15125,1.15172,2318
2026-03-27 20:00:00,1.151715,1.1521,1.15145,1.151715,2827
2026-03-27 20:15:00,1.15172,1.151855,1.151365,1.151405,3150
2026-03-27 20:30:00,1.15141,1.1515,1.15094,1.151345,2812
2026-03-27 20:45:00,1.15134,1.151505,1.15075,1.15084,3832
2026-03-29 21:00:00,1.15084,1.15084,1.15018,1.150215,161
2026-03-29 21:15:00,1.150195,1.150315,1.15017,1.15026,139
2026-03-29 21:30:00,1.150265,1.150265,1.15013,1.1502,71
2026-03-29 21:45:00,1.1502,1.150315,1.15004,1.15006,248
2026-03-29 22:00:00,1.150065,1.150245,1.149245,1.14972,2713
2026-03-29 22:15:00,1.149725,1.149985,1.14908,1.1491,1605
2026-03-29 22:30:00,1.149105,1.14943,1.148805,1.148885,2100
2026-03-29 22:45:00,1.1489,1.1492,1.148795,1.14886,1310
2026-03-29 23:00:00,1.148865,1.149415,1.14885,1.148945,1434
2026-03-29 23:15:00,1.14895,1.14945,1.14895,1.149255,855
2026-03-29 23:30:00,1.149255,1.149355,1.148995,1.149065,840
2026-03-29 23:45:00,1.14907,1.149205,1.148735,1.149165,2500
2026-03-30 00:00:00,1.149175,1.149745,1.148945,1.149405,2796
2026-03-30 00:15:00,1.14941,1.151075,1.14927,1.15073,6486
2026-03-30 00:30:00,1.150735,1.15128,1.150725,1.150835,2466
2026-03-30 00:45:00,1.15083,1.150895,1.150485,1.150685,1840
2026-03-30 01:00:00,1.150685,1.151105,1.150655,1.15084,2034
2026-03-30 01:15:00,1.150835,1.15086,1.15029,1.150645,1957
2026-03-30 01:30:00,1.150665,1.15091,1.15039,1.15056,1736
2026-03-30 01:45:00,1.15057,1.15068,1.150385,1.1505,1582
2026-03-30 02:00:00,1.150495,1.150865,1.150135,1.150855,1271
2026-03-30 02:15:00,1.150845,1.150865,1.15043,1.15064,1333
2026-03-30 02:30:00,1.150645,1.151335,1.150645,1.151265,1605
2026-03-30 02:45:00,1.151265,1.15152,1.150965,1.15114,1398
2026-03-30 03:00:00,1.15114,1.151685,1.151025,1.151585,1469
2026-03-30 03:15:00,1.151585,1.151875,1.15145,1.151735,927
2026-03-30 03:30:00,1.15174,1.151755,1.15152,1.15168,833
2026-03-30 03:45:00,1.151675,1.151695,1.15139,1.15158,936
2026-03-30 04:00:00,1.151585,1.151705,1.151485,1.15167,717
2026-03-30 04:15:00,1.151665,1.152125,1.15162,1.151905,514
2026-03-30 04:30:00,1.151905,1.15197,1.151745,1.15197,559
2026-03-30 04:45:00,1.151975,1.151985,1.151355,1.15136,842
2026-03-30 05:00:00,1.151365,1.15156,1.151225,1.15137,1306
2026-03-30 05:15:00,1.151375,1.151515,1.15122,1.15125,1078
2026-03-30 05:30:00,1.151255,1.151365,1.150955,1.15125,1362
2026-03-30 05:45:00,1.151255,1.15182,1.15121,1.15158,1078
2026-03-30 06:00:00,1.15156,1.151965,1.15148,1.15164,1854
2026-03-30 06:15:00,1.15163,1.151775,1.151155,1.15144,1928
2026-03-30 06:30:00,1.15143,1.15193,1.151245,1.151915,2328
2026-03-30 06:45:00,1.15192,1.152015,1.151165,1.151285,2148
2026-03-30 07:00:00,1.151275,1.151285,1.15028,1.150575,2869
2026-03-30 07:15:00,1.15057,1.15061,1.15003,1.150095,2580
2026-03-30 07:30:00,1.1501,1.150215,1.14942,1.149855,2583
2026-03-30 07:45:00,1.14985,1.149955,1.1494,1.149785,2272
2026-03-30 08:00:00,1.14979,1.14982,1.14922,1.149505,3011
2026-03-30 08:15:00,1.1495,1.149505,1.14906,1.14948,1829
2026-03-30 08:30:00,1.14947,1.14988,1.149305,1.14938,1877
2026-03-30 08:45:00,1.149375,1.149875,1.149275,1.149615,2107
2026-03-30 09:00:00,1.149605,1.149845,1.148755,1.148765,2165
2026-03-30 09:15:00,1.14876,1.14946,1.14839,1.14892,2451
2026-03-30 09:30:00,1.14891,1.14946,1.14845,1.14941,2224
2026-03-30 09:45:00,1.149415,1.149675,1.149265,1.149455,1688
2026-03-30 10:00:00,1.14946,1.149665,1.149105,1.149475,1545
2026-03-30 10:15:00,1.14947,1.14974,1.14912,1.149195,1810
2026-03-30 10:30:00,1.14919,1.14943,1.14881,1.149345,1532
2026-03-30 10:45:00,1.149345,1.149525,1.14888,1.14893,1616
2026-03-30 11:00:00,1.14892,1.149225,1.14878,1.149165,1698
2026-03-30 11:15:00,1.14916,1.150075,1.148755,1.149235,5065
2026-03-30 11:30:00,1.14924,1.14948,1.148675,1.148895,4777
2026-03-30 11:45:00,1.14889,1.14914,1.1484,1.14848,2424
2026-03-30 12:00:00,1.148495,1.148595,1.14753,1.147595,2864
2026-03-30 12:15:00,1.1476,1.14853,1.1473,1.14788,3435
2026-03-30 12:30:00,1.147875,1.14865,1.14778,1.14818,3063
2026-03-30 12:45:00,1.14818,1.1489,1.1478,1.148275,4119
2026-03-30 13:00:00,1.14827,1.14879,1.14793,1.148615,3733
2026-03-30 13:15:00,1.14861,1.148795,1.14781,1.147885,2882
2026-03-30 13:30:00,1.14789,1.148075,1.14672,1.14689,5373
2026-03-30 13:45:00,1.146885,1.146905,1.14621,1.146415,4809
2026-03-30 14:00:00,1.14642,1.1467,1.14599,1.146295,4692
2026-03-30 14:15:00,1.14629,1.14631,1.14548,1.145725,4237
2026-03-30 14:30:00,1.14572,1.14657,1.145655,1.14651,4112
2026-03-30 14:45:00,1.146515,1.147055,1.14625,1.146495,6338
2026-03-30 15:00:00,1.1465,1.146585,1.144605,1.144605,4077
2026-03-30 15:15:00,1.14461,1.145455,1.14431,1.144995,3699
2026-03-30 15:30:00,1.145,1.14587,1.14489,1.145765,3031
2026-03-30 15:45:00,1.14577,1.14581,1.145235,1.14538,3256
2026-03-30 16:00:00,1.14536,1.145505,1.145045,1.14521,3256
2026-03-30 16:15:00,1.145215,1.145485,1.14502,1.14505,1923
2026-03-30 16:30:00,1.145045,1.14578,1.14474,1.14577,2068
2026-03-30 16:45:00,1.14577,1.14613,1.145505,1.146,2090
2026-03-30 17:00:00,1.145995,1.146415,1.145645,1.145725,2304
2026-03-30 17:15:00,1.14573,1.14635,1.145585,1.14607,2000
2026-03-30 17:30:00,1.146065,1.14629,1.14579,1.146275,2258
2026-03-30 17:45:00,1.14627,1.14653,1.14563,1.145765,2185
2026-03-30 18:00:00,1.14576,1.14636,1.145685,1.146295,2103
2026-03-30 18:15:00,1.1463,1.146475,1.14609,1.146355,1402
2026-03-30 18:30:00,1.14635,1.146625,1.14629,1.14639,1407
2026-03-30 18:45:00,1.14639,1.1466,1.14602,1.1461,1940
2026-03-30 19:00:00,1.146095,1.146235,1.14538,1.14556,2172
2026-03-30 19:15:00,1.145555,1.14574,1.14548,1.14563,1378
2026-03-30 19:30:00,1.145625,1.14597,1.145605,1.14593,1180
2026-03-30 19:45:00,1.14593,1.14608,1.14578,1.14598,1227
2026-03-30 20:00:00,1.14596,1.146285,1.1459,1.146045,967
2026-03-30 20:15:00,1.14604,1.14608,1.145705,1.1458,871
2026-03-30 20:30:00,1.145805,1.14596,1.14572,1.145915,644
2026-03-30 20:45:00,1.14591,1.14657,1.145735,1.14656,1225
2026-03-30 21:00:00,1.146605,1.14684,1.145805,1.145835,3480
2026-03-30 21:15:00,1.145835,1.14593,1.14581,1.145905,106
2026-03-30 21:30:00,1.14591,1.14676,1.145875,1.146675,575
2026-03-30 21:45:00,1.14665,1.146675,1.146215,1.146275,660
2026-03-30 22:00:00,1.14628,1.146615,1.14623,1.14627,698
2026-03-30 22:15:00,1.146275,1.14643,1.14616,1.146295,378
2026-03-30 22:30:00,1.146295,1.146295,1.14614,1.146165,275
2026-03-30 22:45:00,1.146165,1.146235,1.145945,1.14596,692
2026-03-30 23:00:00,1.14595,1.14595,1.14523,1.14527,1089
2026-03-30 23:15:00,1.145275,1.145545,1.145275,1.145495,528
2026-03-30 23:30:00,1.1455,1.145705,1.145355,1.145695,529
2026-03-30 23:45:00,1.14569,1.145705,1.14546,1.145665,477
2026-03-31 00:00:00,1.14568,1.145945,1.14514,1.14516,2205
2026-03-31 00:15:00,1.145165,1.14536,1.144695,1.14531,1695
2026-03-31 00:30:00,1.145305,1.146425,1.145025,1.146345,4179
2026-03-31 00:45:00,1.14635,1.14763,1.14635,1.147495,5483
2026-03-31 01:00:00,1.14749,1.147755,1.14734,1.147745,2098
2026-03-31 01:15:00,1.14775,1.14897,1.1477,1.148935,2267
2026-03-31 01:30:00,1.148935,1.149085,1.14835,1.1484,3423
2026-03-31 01:45:00,1.148395,1.14846,1.147535,1.147605,2573
2026-03-31 02:00:00,1.147605,1.147745,1.147345,1.147635,1866
2026-03-31 02:15:00,1.147635,1.147795,1.147545,1.147665,905
2026-03-31 02:30:00,1.14766,1.147685,1.14731,1.14755,1459
2026-03-31 02:45:00,1.147545,1.14798,1.14747,1.14758,1813
2026-03-31 03:00:00,1.147585,1.147635,1.14735,1.14739,1221
2026-03-31 03:15:00,1.147385,1.14743,1.14709,1.147255,868
2026-03-31 03:30:00,1.14726,1.147365,1.147045,1.147095,958
2026-03-31 03:45:00,1.147095,1.14711,1.14664,1.14697,768
2026-03-31 04:00:00,1.146975,1.14714,1.146975,1.14706,775
2026-03-31 04:15:00,1.14706,1.147225,1.14702,1.14713,657
2026-03-31 04:30:00,1.147125,1.14729,1.147035,1.147065,762
2026-03-31 04:45:00,1.147065,1.14716,1.1469,1.1469,854
2026-03-31 05:00:00,1.146905,1.147145,1.14629,1.1463,1257
2026-03-31 05:15:00,1.146295,1.14696,1.14627,1.146805,1283
2026-03-31 05:30:00,1.146815,1.146995,1.1466,1.146645,1014
2026-03-31 05:45:00,1.14664,1.147065,1.146235,1.146455,2034
2026-03-31 06:00:00,1.14646,1.14663,1.14609,1.1465,2371
2026-03-31 06:15:00,1.146495,1.147155,1.146265,1.147025,1958
2026-03-31 06:30:00,1.14703,1.14716,1.146555,1.14673,2293
2026-03-31 06:45:00,1.146735,1.147445,1.146545,1.14721,1725
2026-03-31 07:00:00,1.1472,1.14743,1.146655,1.146665,2955
2026-03-31 07:15:00,1.146665,1.146875,1.146285,1.146695,2825
2026-03-31 07:30:00,1.14669,1.14706,1.14669,1.146925,2220
2026-03-31 07:45:00,1.14693,1.14724,1.146715,1.147235,2482
2026-03-31 08:00:00,1.14723,1.147385,1.146655,1.146715,2548
2026-03-31 08:15:00,1.14672,1.14684,1.146425,1.1468,2005
2026-03-31 08:30:00,1.146805,1.14731,1.14668,1.147295,2001
2026-03-31 08:45:00,1.1473,1.147585,1.146655,1.146725,2628
2026-03-31 09:00:00,1.14673,1.14689,1.146215,1.146855,2975
2026-03-31 09:15:00,1.146855,1.14733,1.146575,1.14722,2021
2026-03-31 09:30:00,1.147225,1.14723,1.14672,1.146895,1626
2026-03-31 09:45:00,1.146895,1.1469,1.14657,1.14682,1681
2026-03-31 10:00:00,1.146825,1.147,1.146555,1.14656,1700
2026-03-31 10:15:00,1.14656,1.146725,1.14636,1.146715,1367
2026-03-31 10:30:00,1.146715,1.14683,1.14645,1.146485,1707
2026-03-31 10:45:00,1.14648,1.14648,1.14581,1.1459,2042
2026-03-31 11:00:00,1.145895,1.14716,1.145765,1.146165,4294
2026-03-31 11:15:00,1.14617,1.148525,1.14606,1.147455,5023
2026-03-31 11:30:00,1.14746,1.148665,1.147205,1.148645,3342
2026-03-31 11:45:00,1.148655,1.149115,1.14826,1.149115,3726
2026-03-31 12:00:00,1.149115,1.150165,1.1487,1.1492,6032
2026-03-31 12:15:00,1.14921,1.150415,1.14896,1.1504,5183
2026-03-31 12:30:00,1.15041,1.151,1.15022,1.150785,3808
2026-03-31 12:45:00,1.150755,1.150965,1.15022,1.1503,2789
2026-03-31 13:00:00,1.150305,1.15138,1.15005,1.150965,3374
2026-03-31 13:15:00,1.15097,1.151935,1.15093,1.151435,3404
2026-03-31 13:30:00,1.15143,1.151865,1.151015,1.15165,4410
2026-03-31 13:45:00,1.151655,1.15327,1.151445,1.15326,5464
2026-03-31 14:00:00,1.153255,1.153355,1.15205,1.15255,6435
2026-03-31 14:15:00,1.152545,1.153465,1.152345,1.15346,5306
2026-03-31 14:30:00,1.153465,1.15407,1.15183,1.151915,5982
2026-03-31 14:45:00,1.15191,1.152955,1.15111,1.152025,11266
2026-03-31 15:00:00,1.15203,1.153215,1.15166,1.15307,9754
2026-03-31 15:15:00,1.153075,1.153295,1.152375,1.15247,5589
2026-03-31 15:30:00,1.15248,1.15256,1.15156,1.151575,4936
2026-03-31 15:45:00,1.15158,1.15246,1.15118,1.151735,4718
2026-03-31 16:00:00,1.151715,1.152605,1.151595,1.152025,3641
2026-03-31 16:15:00,1.15202,1.152295,1.151405,1.152245,3224
2026-03-31 16:30:00,1.15225,1.155995,1.15224,1.15469,10393
2026-03-31 16:45:00,1.154685,1.154875,1.15332,1.15405,14068
2026-03-31 17:00:00,1.154045,1.155415,1.154,1.155165,8358
2026-03-31 17:15:00,1.155175,1.155575,1.154685,1.154805,6567
2026-03-31 17:30:00,1.15481,1.155365,1.154365,1.15528,7604
2026-03-31 17:45:00,1.155275,1.15567,1.153885,1.153985,4398
2026-03-31 18:00:00,1.15398,1.15493,1.15384,1.15483,4709
2026-03-31 18:15:00,1.154825,1.155085,1.15424,1.15475,3481
2026-03-31 18:30:00,1.154755,1.154835,1.15406,1.15441,3698
2026-03-31 18:45:00,1.154415,1.15482,1.153845,1.15447,3351
2026-03-31 19:00:00,1.154465,1.154665,1.153885,1.1543,3179
2026-03-31 19:15:00,1.154305,1.154515,1.15415,1.1543,2127
2026-03-31 19:30:00,1.154305,1.155495,1.1543,1.155155,1944
2026-03-31 19:45:00,1.15515,1.155975,1.155105,1.155915,2734
2026-03-31 20:00:00,1.15591,1.156355,1.15574,1.155855,1995
2026-03-31 20:15:00,1.15585,1.155975,1.155675,1.15573,2939
2026-03-31 20:30:00,1.155725,1.155815,1.15537,1.15552,1339
2026-03-31 20:45:00,1.155515,1.15552,1.155205,1.155325,1044
2026-03-31 21:00:00,1.155325,1.15559,1.155325,1.15559,55
2026-03-31 21:15:00,1.15559,1.155595,1.155425,1.155455,85
2026-03-31 21:30:00,1.15544,1.155535,1.15526,1.155405,752
2026-03-31 21:45:00,1.155405,1.155645,1.155325,1.155645,500
2026-03-31 22:00:00,1.155655,1.155975,1.155265,1.155515,998
2026-03-31 22:15:00,1.15552,1.15569,1.15534,1.15552,433
2026-03-31 22:30:00,1.15551,1.155815,1.15546,1.15571,1603
2026-03-31 22:45:00,1.15571,1.15593,1.15561,1.15588,780
2026-03-31 23:00:00,1.155885,1.15611,1.15571,1.156075,1051
2026-03-31 23:15:00,1.15607,1.156785,1.15605,1.15665,861
2026-03-31 23:30:00,1.156645,1.156695,1.156495,1.1566,699
2026-03-31 23:45:00,1.1566,1.15745,1.15652,1.157385,1309
2026-04-01 00:00:00,1.157395,1.157445,1.15694,1.15737,2300
2026-04-01 00:15:00,1.157365,1.157885,1.157355,1.157665,1878
2026-04-01 00:30:00,1.15766,1.15778,1.157455,1.157645,1181
2026-04-01 00:45:00,1.157645,1.15765,1.157115,1.157455,1755
2026-04-01 01:00:00,1.15745,1.157565,1.155685,1.156555,3986
2026-04-01 01:15:00,1.15655,1.15657,1.15578,1.156365,2726
2026-04-01 01:30:00,1.156375,1.156555,1.155525,1.15568,1999
2026-04-01 01:45:00,1.155675,1.15621,1.155485,1.15618,1396
2026-04-01 02:00:00,1.156185,1.156645,1.156065,1.156515,1266
2026-04-01 02:15:00,1.15652,1.15669,1.15646,1.1565,1007
2026-04-01 02:30:00,1.1565,1.156735,1.156285,1.156645,1302
2026-04-01 02:45:00,1.156645,1.157115,1.156645,1.156875,1139
2026-04-01 03:00:00,1.15687,1.15687,1.156495,1.1567,985
2026-04-01 03:15:00,1.1567,1.156805,1.156505,1.156525,920
2026-04-01 03:30:00,1.156525,1.15658,1.156185,1.156235,932
2026-04-01 03:45:00,1.15624,1.156255,1.155915,1.156085,1037
2026-04-01 04:00:00,1.156085,1.15629,1.15597,1.1561,643
2026-04-01 04:15:00,1.156105,1.156245,1.155945,1.156245,567
2026-04-01 04:30:00,1.156245,1.15644,1.15611,1.15643,608
2026-04-01 04:45:00,1.15643,1.156645,1.156345,1.156535,787
2026-04-01 05:00:00,1.15654,1.156805,1.15648,1.15666,1329
2026-04-01 05:15:00,1.156635,1.157285,1.15658,1.157285,1330
2026-04-01 05:30:00,1.157295,1.15761,1.157205,1.157595,1436
2026-04-01 05:45:00,1.157595,1.15764,1.156775,1.156775,1706
2026-04-01 06:00:00,1.15678,1.15707,1.1562,1.15665,3402
2026-04-01 06:15:00,1.15666,1.158955,1.15662,1.158685,4259
2026-04-01 06:30:00,1.15869,1.159285,1.15793,1.15874,6120
2026-04-01 06:45:00,1.158745,1.159235,1.15802,1.15913,5458
2026-04-01 07:00:00,1.159135,1.159475,1.158245,1.15871,5855
2026-04-01 07:15:00,1.158705,1.15934,1.158565,1.15895,3874
2026-04-01 07:30:00,1.158945,1.159255,1.158255,1.15899,4575
2026-04-01 07:45:00,1.15898,1.15986,1.157715,1.15822,7092
2026-04-01 08:00:00,1.15821,1.159145,1.15775,1.158495,5170
2026-04-01 08:15:00,1.1585,1.159975,1.1583,1.15997,3586
2026-04-01 08:30:00,1.15998,1.16105,1.15992,1.16104,4269
2026-04-01 08:45:00,1.161035,1.161075,1.15941,1.159665,5513
2026-04-01 09:00:00,1.15966,1.16027,1.15914,1.159215,4716
2026-04-01 09:15:00,1.159215,1.15924,1.15814,1.158475,4349
2026-04-01 09:30:00,1.15847,1.158715,1.15809,1.158405,2759
2026-04-01 09:45:00,1.1584,1.15975,1.15834,1.159535,3599
2026-04-01 10:00:00,1.15954,1.160065,1.159345,1.159665,3439
2026-04-01 10:15:00,1.15966,1.160015,1.15946,1.159665,2886
2026-04-01 10:30:00,1.159665,1.16003,1.159585,1.159975,2107
2026-04-01 10:45:00,1.15997,1.16037,1.159535,1.15997,3188
2026-04-01 11:00:00,1.15997,1.16057,1.159805,1.16056,2803
2026-04-01 11:15:00,1.160555,1.160575,1.15983,1.159935,2569
2026-04-01 11:30:00,1.15994,1.160295,1.159795,1.160245,2550
2026-04-01 11:45:00,1.16025,1.16101,1.16022,1.160755,2398
2026-04-01 12:00:00,1.16076,1.161065,1.160195,1.16048,3066
2026-04-01 12:15:00,1.160465,1.16053,1.15947,1.15961,4387
2026-04-01 12:30:00,1.159625,1.16185,1.159385,1.161455,5624
2026-04-01 12:45:00,1.16146,1.16237,1.16018,1.16046,11784
2026-04-01 13:00:00,1.160465,1.16116,1.15987,1.161095,6424
2026-04-01 13:15:00,1.16109,1.161465,1.160695,1.16089,4842
2026-04-01 13:30:00,1.160885,1.16238,1.160605,1.161555,8198
2026-04-01 13:45:00,1.16155,1.161895,1.16105,1.16121,7747
2026-04-01 14:00:00,1.161195,1.161195,1.160465,1.16103,7721
2026-04-01 14:15:00,1.16102,1.16188,1.160965,1.16142,4811
2026-04-01 14:30:00,1.161415,1.162085,1.160715,1.161655,7112
2026-04-01 14:45:00,1.16165,1.162695,1.16128,1.16226,6254
2026-04-01 15:00:00,1.162255,1.16271,1.16143,1.16155,4281
2026-04-01 15:15:00,1.161555,1.161725,1.1606,1.160615,4029
2026-04-01 15:30:00,1.16062,1.16116,1.160515,1.161075,3740
2026-04-01 15:45:00,1.161085,1.16172,1.16093,1.161375,3223
2026-04-01 16:00:00,1.16136,1.161575,1.1606,1.16066,3119
2026-04-01 16:15:00,1.160665,1.16099,1.160455,1.16076,2894
2026-04-01 16:30:00,1.160765,1.16099,1.160495,1.1607,3247
2026-04-01 16:45:00,1.160705,1.161925,1.16064,1.16191,1949
2026-04-01 17:00:00,1.161905,1.162355,1.16135,1.161595,2677
2026-04-01 17:15:00,1.161595,1.161625,1.160725,1.16079,2099
2026-04-01 17:30:00,1.16079,1.16079,1.159755,1.16056,2424
2026-04-01 17:45:00,1.160555,1.16056,1.159385,1.159405,3072
2026-04-01 18:00:00,1.1594,1.15944,1.15881,1.15885,4130
2026-04-01 18:15:00,1.158845,1.159025,1.15832,1.158445,3777
2026-04-01 18:30:00,1.15845,1.158765,1.1577,1.158555,3251
2026-04-01 18:45:00,1.15856,1.15876,1.15781,1.157895,2974
2026-04-01 19:00:00,1.1579,1.158475,1.157625,1.15832,2900
2026-04-01 19:15:00,1.15832,1.158365,1.157865,1.158325,1304
2026-04-01 19:30:00,1.15833,1.158715,1.15818,1.158605,1717
2026-04-01 19:45:00,1.1586,1.15872,1.15813,1.158395,2676
2026-04-01 20:00:00,1.158385,1.15879,1.158365,1.15865,885
2026-04-01 20:15:00,1.15865,1.15875,1.158455,1.158715,660
2026-04-01 20:30:00,1.158705,1.15912,1.158705,1.159105,1224
2026-04-01 20:45:00,1.15911,1.159195,1.15887,1.158915,972
2026-04-01 21:00:00,1.158915,1.15897,1.158555,1.158565,229
2026-04-01 21:15:00,1.158595,1.158995,1.158545,1.158945,372
2026-04-01 21:30:00,1.158945,1.158985,1.15855,1.15896,2774
2026-04-01 21:45:00,1.15894,1.159145,1.158915,1.15903,1504
2026-04-01 22:00:00,1.159035,1.159345,1.15897,1.15922,874
2026-04-01 22:15:00,1.159225,1.159365,1.159075,1.15934,309
2026-04-01 22:30:00,1.159335,1.159335,1.159095,1.159235,627
2026-04-01 22:45:00,1.159235,1.15944,1.159015,1.15911,1082
2026-04-01 23:00:00,1.159115,1.159475,1.159115,1.15939,628
2026-04-01 23:15:00,1.15939,1.15939,1.159125,1.15917,576
2026-04-01 23:30:00,1.15917,1.15931,1.159065,1.159225,385
2026-04-01 23:45:00,1.15923,1.15923,1.1589,1.158975,640
2026-04-02 00:00:00,1.15898,1.159585,1.15884,1.159295,2083
2026-04-02 00:15:00,1.159295,1.1594,1.158685,1.158755,1341
2026-04-02 00:30:00,1.15875,1.15954,1.15873,1.159435,1672
2026-04-02 00:45:00,1.159425,1.159795,1.159295,1.159565,2026
2026-04-02 01:00:00,1.15956,1.16056,1.157945,1.159125,12234
2026-04-02 01:15:00,1.15912,1.159515,1.15602,1.15634,13220
2026-04-02 01:30:00,1.15633,1.156385,1.154735,1.155325,9432
2026-04-02 01:45:00,1.15532,1.15556,1.15455,1.155265,6284
2026-04-02 02:00:00,1.15526,1.15605,1.155175,1.1555,4825
2026-04-02 02:15:00,1.155495,1.155915,1.1548,1.1548,4458
2026-04-02 02:30:00,1.154795,1.15494,1.154395,1.154655,2767
2026-04-02 02:45:00,1.15465,1.15493,1.15463,1.154685,1783
2026-04-02 03:00:00,1.15468,1.15485,1.154405,1.15473,1776
2026-04-02 03:15:00,1.154735,1.15485,1.15446,1.15461,1684
2026-04-02 03:30:00,1.154615,1.1549,1.15459,1.154875,1437
2026-04-02 03:45:00,1.15488,1.1549,1.15377,1.15398,1748
2026-04-02 04:00:00,1.153985,1.1542,1.15377,1.153845,2154
2026-04-02 04:15:00,1.15384,1.15399,1.153495,1.153525,1487
2026-04-02 04:30:00,1.15353,1.153665,1.15329,1.15345,1207
2026-04-02 04:45:00,1.15345,1.1537,1.153215,1.153695,1209
2026-04-02 05:00:00,1.15369,1.153905,1.153405,1.15342,1531
2026-04-02 05:15:00,1.153415,1.153525,1.153135,1.153265,1773
2026-04-02 05:30:00,1.153255,1.15369,1.15319,1.15353,1368
2026-04-02 05:45:00,1.15353,1.153545,1.15249,1.152535,3235
2026-04-02 06:00:00,1.152545,1.1529,1.151665,1.151745,3356
2026-04-02 06:15:00,1.15173,1.152685,1.15152,1.152475,3554
2026-04-02 06:30:00,1.15247,1.153145,1.15234,1.153095,2359
2026-04-02 06:45:00,1.15309,1.153555,1.152905,1.153445,2589
2026-04-02 07:00:00,1.15344,1.15371,1.15264,1.15272,3386
2026-04-02 07:15:00,1.152725,1.153795,1.152685,1.152905,3729
2026-04-02 07:30:00,1.15289,1.153195,1.151875,1.152365,3237
2026-04-02 07:45:00,1.15237,1.15332,1.15236,1.153255,2565
2026-04-02 08:00:00,1.15325,1.153525,1.152805,1.153405,2676
2026-04-02 08:15:00,1.1534,1.15358,1.15249,1.15276,2112
2026-04-02 08:30:00,1.152755,1.15308,1.15246,1.152695,1993
2026-04-02 08:45:00,1.1527,1.152945,1.15243,1.152545,1654
2026-04-02 09:00:00,1.152545,1.152775,1.152325,1.15237,1563
2026-04-02 09:15:00,1.152365,1.15285,1.15217,1.152665,1702
2026-04-02 09:30:00,1.152655,1.153205,1.152575,1.152635,1484
2026-04-02 09:45:00,1.15263,1.15284,1.152365,1.152625,1773
2026-04-02 10:00:00,1.15264,1.15269,1.15155,1.15159,2274
2026-04-02 10:15:00,1.151585,1.15196,1.151355,1.15194,1655
2026-04-02 10:30:00,1.151945,1.152055,1.15137,1.151725,2507
2026-04-02 10:45:00,1.15173,1.151885,1.151115,1.15124,1732
2026-04-02 11:00:00,1.15124,1.15136,1.150915,1.151125,2046
2026-04-02 11:15:00,1.15112,1.15142,1.150935,1.151145,1636
2026-04-02 11:30:00,1.151125,1.15195,1.151045,1.151435,2078
2026-04-02 11:45:00,1.151435,1.151895,1.15122,1.15176,2109
2026-04-02 12:00:00,1.151765,1.152915,1.151695,1.15259,3267
2026-04-02 12:15:00,1.152595,1.152835,1.152065,1.15272,2987
2026-04-02 12:30:00,1.152715,1.152875,1.15234,1.15253,2946
2026-04-02 12:45:00,1.152535,1.15314,1.152255,1.15246,3443
2026-04-02 13:00:00,1.15245,1.152985,1.152035,1.15214,4082
2026-04-02 13:15:00,1.15215,1.15285,1.152085,1.15272,3077
2026-04-02 13:30:00,1.152725,1.153025,1.152035,1.15225,4894
2026-04-02 13:45:00,1.152255,1.15326,1.1522,1.153125,5795
2026-04-02 14:00:00,1.153115,1.15346,1.15272,1.15307,5691
2026-04-02 14:15:00,1.153075,1.15365,1.15288,1.15299,4458
2026-04-02 14:30:00,1.152985,1.1564,1.15267,1.1552,15142
2026-04-02 14:45:00,1.15521,1.155325,1.154235,1.155125,11013
2026-04-02 15:00:00,1.15513,1.15586,1.15484,1.15556,8299
2026-04-02 15:15:00,1.155555,1.15587,1.15415,1.155045,6963
2026-04-02 15:30:00,1.15505,1.155275,1.15466,1.154975,5620
2026-04-02 15:45:00,1.15498,1.15498,1.15427,1.15451,3887
2026-04-02 16:00:00,1.1545,1.15476,1.153955,1.15421,3348
2026-04-02 16:15:00,1.154205,1.15468,1.15389,1.1541,2937
2026-04-02 16:30:00,1.154095,1.154765,1.154,1.154615,4302
2026-04-02 16:45:00,1.15461,1.154805,1.15391,1.153925,2991
2026-04-02 17:00:00,1.15393,1.154635,1.153735,1.154575,2868
2026-04-02 17:15:00,1.15457,1.154925,1.154415,1.1545,2024
2026-04-02 17:30:00,1.154505,1.15451,1.15415,1.154365,1464
2026-04-02 17:45:00,1.15437,1.154385,1.15363,1.153755,1982
2026-04-02 18:00:00,1.153765,1.154005,1.15352,1.15373,1866
2026-04-02 18:15:00,1.153735,1.15381,1.153305,1.15337,1682
2026-04-02 18:30:00,1.153375,1.153815,1.15331,1.15373,1759
2026-04-02 18:45:00,1.153725,1.15399,1.153615,1.153615,1818
2026-04-02 19:00:00,1.15362,1.153985,1.15362,1.153715,1539
2026-04-02 19:15:00,1.15371,1.15438,1.153535,1.15394,1829
2026-04-02 19:30:00,1.15394,1.154065,1.153715,1.15374,1409
2026-04-02 19:45:00,1.153735,1.153845,1.15334,1.15347,1837
2026-04-02 20:00:00,1.153485,1.153735,1.15322,1.153725,1501
2026-04-02 20:15:00,1.15372,1.153835,1.15366,1.153795,561
2026-04-02 20:30:00,1.153795,1.153835,1.15365,1.1537,411
2026-04-02 20:45:00,1.153705,1.153975,1.15369,1.153865,1117
2026-04-02 21:00:00,1.15386,1.154035,1.153705,1.154035,65
2026-04-02 21:15:00,1.154035,1.154035,1.153745,1.15387,178
2026-04-02 21:30:00,1.15387,1.154135,1.153715,1.153955,504
2026-04-02 21:45:00,1.153955,1.154305,1.15379,1.154245,712
2026-04-02 22:00:00,1.154005,1.15408,1.15376,1.15391,446
2026-04-02 22:15:00,1.15391,1.15407,1.153875,1.153945,199
2026-04-02 22:30:00,1.153945,1.15405,1.15393,1.153985,265
2026-04-02 22:45:00,1.153985,1.15407,1.15394,1.154005,204
2026-04-02 23:00:00,1.154005,1.154105,1.153955,1.154055,219
2026-04-02 23:15:00,1.154055,1.154165,1.15401,1.154165,397
2026-04-02 23:30:00,1.154165,1.15431,1.154125,1.15415,231
2026-04-02 23:45:00,1.15415,1.1542,1.154095,1.154155,194
2026-04-03 00:00:00,1.15415,1.154525,1.15412,1.154205,561
2026-04-03 00:15:00,1.154205,1.15424,1.154065,1.15421,602
2026-04-03 00:30:00,1.154205,1.154425,1.15418,1.154305,915
2026-04-03 00:45:00,1.154305,1.15434,1.15381,1.15381,716
2026-04-03 01:00:00,1.153815,1.15399,1.15375,1.15385,1520
2026-04-03 01:15:00,1.153855,1.15397,1.15379,1.153875,804
2026-04-03 01:30:00,1.153875,1.153915,1.153545,1.153545,346
2026-04-03 01:45:00,1.15355,1.153665,1.15338,1.153505,321
2026-04-03 02:00:00,1.15351,1.15384,1.153445,1.1537,958
2026-04-03 02:15:00,1.1537,1.15371,1.153205,1.153215,617
2026-04-03 02:30:00,1.15322,1.153525,1.15322,1.153425,476
2026-04-03 02:45:00,1.153425,1.153715,1.15341,1.153605,348
2026-04-03 03:00:00,1.15361,1.153755,1.153595,1.153705,283
2026-04-03 03:15:00,1.15371,1.153715,1.15354,1.15361,141
2026-04-03 03:30:00,1.15361,1.15365,1.15356,1.153595,165
2026-04-03 03:45:00,1.153595,1.15367,1.15342,1.15363,265
2026-04-03 04:00:00,1.153635,1.153635,1.15344,1.153485,385
2026-04-03 04:15:00,1.153485,1.15362,1.15345,1.153505,277
2026-04-03 04:30:00,1.1535,1.153575,1.15344,1.153445,1369
2026-04-03 04:45:00,1.153445,1.15353,1.153385,1.153385,372
2026-04-03 05:00:00,1.15339,1.153455,1.153285,1.15329,136
2026-04-03 05:15:00,1.15328,1.153285,1.152935,1.153075,439
2026-04-03 05:30:00,1.15308,1.153605,1.153075,1.15359,1196
2026-04-03 05:45:00,1.1536,1.15382,1.15354,1.15381,352
2026-04-03 06:00:00,1.153805,1.15386,1.153695,1.15385,225
2026-04-03 06:15:00,1.153845,1.15391,1.153555,1.15356,292
2026-04-03 06:30:00,1.15356,1.15391,1.153505,1.153905,507
2026-04-03 06:45:00,1.153905,1.15407,1.153785,1.153965,764
2026-04-03 07:00:00,1.15397,1.154155,1.15395,1.15415,382
2026-04-03 07:15:00,1.15415,1.15465,1.1541,1.154405,477
2026-04-03 07:30:00,1.154395,1.154615,1.154245,1.154465,514
2026-04-03 07:45:00,1.154465,1.154525,1.154265,1.154285,423
2026-04-03 08:00:00,1.15429,1.15441,1.154125,1.154125,542
2026-04-03 08:15:00,1.154125,1.154275,1.15402,1.15427,316
2026-04-03 08:30:00,1.15427,1.15448,1.15425,1.154465,247
2026-04-03 08:45:00,1.15446,1.15454,1.15416,1.154305,441
2026-04-03 09:00:00,1.15431,1.154555,1.154205,1.15441,436
2026-04-03 09:15:00,1.154405,1.154515,1.15433,1.154505,660
2026-04-03 09:30:00,1.154505,1.154505,1.154245,1.15426,163
2026-04-03 09:45:00,1.15426,1.154375,1.154065,1.154315,449
2026-04-03 10:00:00,1.154315,1.15445,1.154255,1.154405,349
2026-04-03 10:15:00,1.1544,1.15452,1.154295,1.154465,289
2026-04-03 10:30:00,1.15447,1.15448,1.154195,1.154225,314
2026-04-03 10:45:00,1.154225,1.154925,1.154225,1.15449,461
2026-04-03 11:00:00,1.154485,1.154675,1.154415,1.15445,288
2026-04-03 11:15:00,1.15445,1.154535,1.15421,1.15431,628
2026-04-03 11:30:00,1.154315,1.154435,1.154095,1.154265,404
2026-04-03 11:45:00,1.154265,1.154535,1.154265,1.154435,467
2026-04-03 12:00:00,1.154445,1.15454,1.154105,1.15436,541
2026-04-03 12:15:00,1.15436,1.1546,1.154145,1.154285,1700
2026-04-03 12:30:00,1.15428,1.15431,1.151805,1.153205,6622
2026-04-03 12:45:00,1.153205,1.1534,1.15287,1.153095,2386
2026-04-03 13:00:00,1.1531,1.15383,1.15292,1.15371,1470
2026-04-03 13:15:00,1.153705,1.153875,1.153085,1.153115,884
2026-04-03 13:30:00,1.15311,1.15327,1.1528,1.15308,959
2026-04-03 13:45:00,1.153085,1.153575,1.15306,1.153485,1311
2026-04-03 14:00:00,1.15349,1.153655,1.15268,1.152745,1540
2026-04-03 14:15:00,1.152745,1.15283,1.152445,1.15266,896
2026-04-03 14:30:00,1.152665,1.152765,1.15248,1.15259,648
2026-04-03 14:45:00,1.152585,1.152625,1.152085,1.152115,688
2026-04-03 15:00:00,1.15211,1.15257,1.152065,1.152525,1217
2026-04-03 15:15:00,1.15252,1.15279,1.15246,1.152495,4260
2026-04-03 15:30:00,1.15249,1.15255,1.15226,1.15229,1634
2026-04-03 15:45:00,1.15228,1.15242,1.151995,1.152215,2427
2026-04-03 16:00:00,1.152225,1.152245,1.15191,1.152085,1990
2026-04-03 16:15:00,1.15208,1.15215,1.151885,1.15203,1216
2026-04-03 16:30:00,1.15202,1.15214,1.151945,1.152055,2497
2026-04-03 16:45:00,1.15205,1.152195,1.151905,1.151905,832
2026-04-03 17:00:00,1.1519,1.15209,1.15189,1.15193,1032
2026-04-03 17:15:00,1.15194,1.15207,1.15189,1.1519,1530
2026-04-03 17:30:00,1.151895,1.15219,1.151855,1.152075,766
2026-04-03 17:45:00,1.152085,1.152105,1.15185,1.152025,1469
2026-04-03 18:00:00,1.15202,1.152145,1.151865,1.151975,732
2026-04-03 18:15:00,1.151975,1.151985,1.15191,1.151935,238
2026-04-03 18:30:00,1.15192,1.15194,1.15144,1.15149,959
2026-04-03 18:45:00,1.151485,1.1517,1.151405,1.151465,714
2026-04-03 19:00:00,1.15145,1.1516,1.151425,1.151555,199
2026-04-03 19:15:00,1.151555,1.151565,1.151465,1.151475,208
2026-04-03 19:30:00,1.151475,1.15151,1.15146,1.15148,49
2026-04-03 19:45:00,1.15148,1.15149,1.15142,1.151455,118
2026-04-03 20:00:00,1.151455,1.15316,1.151425,1.15199,1065
2026-04-03 20:15:00,1.15204,1.15215,1.151495,1.151715,539
2026-04-03 20:30:00,1.151785,1.152055,1.151345,1.151665,378
2026-04-03 20:45:00,1.151615,1.15199,1.151475,1.151845,192
2026-04-05 21:00:00,1.151845,1.152405,1.151845,1.15227,39
2026-04-05 21:15:00,1.15227,1.15237,1.152195,1.152195,45
2026-04-05 21:30:00,1.15221,1.15233,1.152055,1.15208,441
2026-04-05 21:45:00,1.15208,1.152135,1.152,1.152105,91
2026-04-05 22:00:00,1.15211,1.15215,1.15051,1.151045,3682
2026-04-05 22:15:00,1.15104,1.15131,1.150845,1.151135,2821
2026-04-05 22:30:00,1.15113,1.1513,1.15098,1.151135,2594
2026-04-05 22:45:00,1.15114,1.151655,1.151125,1.151495,1794
2026-04-05 23:00:00,1.1515,1.1517,1.151145,1.15124,1383
2026-04-05 23:15:00,1.151245,1.151395,1.15092,1.150925,801
2026-04-05 23:30:00,1.15093,1.151185,1.15085,1.15093,898
2026-04-05 23:45:00,1.150935,1.15118,1.150915,1.150965,1133
2026-04-06 00:00:00,1.15097,1.151645,1.15094,1.151545,2803
2026-04-06 00:15:00,1.15155,1.151835,1.15138,1.15149,1949
2026-04-06 00:30:00,1.151485,1.15173,1.151395,1.151645,1240
2026-04-06 00:45:00,1.15164,1.151645,1.15107,1.151185,1277
2026-04-06 01:00:00,1.15118,1.151445,1.150795,1.15084,1782
2026-04-06 01:15:00,1.15085,1.151175,1.150805,1.151045,1523
2026-04-06 01:30:00,1.15105,1.15111,1.150805,1.15088,1345
2026-04-06 01:45:00,1.15088,1.15096,1.150635,1.150685,808
2026-04-06 02:00:00,1.15069,1.15231,1.15069,1.151935,3104
2026-04-06 02:15:00,1.15193,1.15289,1.15183,1.15242,3554
2026-04-06 02:30:00,1.152425,1.1526,1.152025,1.15208,1512
2026-04-06 02:45:00,1.152085,1.15229,1.15204,1.15207,1373
2026-04-06 03:00:00,1.15207,1.15227,1.152015,1.15215,1106
2026-04-06 03:15:00,1.152155,1.15232,1.15172,1.15215,1962
2026-04-06 03:30:00,1.15216,1.152185,1.151895,1.15201,1108
2026-04-06 03:45:00,1.152005,1.15203,1.151745,1.1519,856
2026-04-06 04:00:00,1.151905,1.152065,1.15185,1.152025,1047
2026-04-06 04:15:00,1.152025,1.15213,1.1519,1.15196,886
2026-04-06 04:30:00,1.151965,1.152375,1.15194,1.152245,920
2026-04-06 04:45:00,1.152245,1.152505,1.152175,1.152435,799
2026-04-06 05:00:00,1.15243,1.15262,1.152305,1.152605,1076
2026-04-06 05:15:00,1.152605,1.152965,1.1526,1.15272,1133
2026-04-06 05:30:00,1.152715,1.152765,1.152485,1.152505,1337
2026-04-06 05:45:00,1.1525,1.152725,1.152405,1.152535,1322
2026-04-06 06:00:00,1.15254,1.152775,1.152415,1.152665,1681
2026-04-06 06:15:00,1.152665,1.15271,1.1523,1.15236,1187
2026-04-06 06:30:00,1.152355,1.15267,1.152205,1.152635,1046
2026-04-06 06:45:00,1.15264,1.15377,1.152365,1.15331,5185
2026-04-06 07:00:00,1.1533,1.15346,1.152535,1.153015,3068
2026-04-06 07:15:00,1.15302,1.153475,1.15301,1.153445,2120
2026-04-06 07:30:00,1.153455,1.15536,1.153455,1.15522,3472
2026-04-06 07:45:00,1.155215,1.15688,1.15518,1.156435,5063
2026-04-06 08:00:00,1.15643,1.15686,1.15554,1.155905,4520
2026-04-06 08:15:00,1.155895,1.156315,1.15565,1.155905,2480
2026-04-06 08:30:00,1.1559,1.156225,1.15572,1.15575,1945
2026-04-06 08:45:00,1.155755,1.15588,1.155385,1.155535,1558
2026-04-06 09:00:00,1.15553,1.15584,1.155505,1.155565,1856
2026-04-06 09:15:00,1.15557,1.155785,1.15538,1.15559,1728
2026-04-06 09:30:00,1.155585,1.155765,1.15542,1.155545,2011
2026-04-06 09:45:00,1.155545,1.156045,1.15473,1.155035,3785
2026-04-06 10:00:00,1.155045,1.15544,1.15494,1.15512,2859
2026-04-06 10:15:00,1.155125,1.155155,1.154725,1.154795,1475
2026-04-06 10:30:00,1.1548,1.15517,1.154655,1.155105,1670
2026-04-06 10:45:00,1.1551,1.15512,1.15375,1.15481,4225
2026-04-06 11:00:00,1.154815,1.155,1.154225,1.1543,2319
2026-04-06 11:15:00,1.154295,1.154505,1.154025,1.154315,2482
2026-04-06 11:30:00,1.15431,1.154595,1.15418,1.15436,1414
2026-04-06 11:45:00,1.15436,1.15479,1.15436,1.15457,1908
2026-04-06 12:00:00,1.15456,1.154845,1.15444,1.15455,1777
2026-04-06 12:15:00,1.15456,1.154675,1.154265,1.154615,2218
2026-04-06 12:30:00,1.15461,1.155285,1.1546,1.15515,2169
2026-04-06 12:45:00,1.155145,1.155465,1.155135,1.155335,2152
2026-04-06 13:00:00,1.15533,1.155615,1.15494,1.15556,2519
2026-04-06 13:15:00,1.155565,1.155725,1.155395,1.155725,1727
2026-04-06 13:30:00,1.15573,1.15602,1.15556,1.155605,4189
2026-04-06 13:45:00,1.15561,1.15613,1.15551,1.156015,3942
2026-04-06 14:00:00,1.15602,1.156625,1.15543,1.15585,5033
2026-04-06 14:15:00,1.155845,1.156725,1.1558,1.156565,4799
2026-04-06 14:30:00,1.156565,1.15716,1.15532,1.156225,6569
2026-04-06 14:45:00,1.15622,1.15627,1.154245,1.154305,8489
2026-04-06 15:00:00,1.15431,1.15437,1.15374,1.153785,5693
2026-04-06 15:15:00,1.15378,1.15423,1.15355,1.154015,4473
2026-04-06 15:30:00,1.15401,1.154185,1.153655,1.154055,2283
2026-04-06 15:45:00,1.15405,1.15445,1.153875,1.15443,2619
2026-04-06 16:00:00,1.154435,1.15479,1.15441,1.15471,2565
2026-04-06 16:15:00,1.154705,1.15471,1.154245,1.15464,1662
2026-04-06 16:30:00,1.154635,1.154825,1.154385,1.154665,1700
2026-04-06 16:45:00,1.15467,1.15478,1.154265,1.154495,3183
2026-04-06 17:00:00,1.1545,1.15451,1.15351,1.15366,4300
2026-04-06 17:15:00,1.153665,1.154435,1.15342,1.154375,4310
2026-04-06 17:30:00,1.15437,1.154905,1.15409,1.15426,2995
2026-04-06 17:45:00,1.154255,1.15442,1.154025,1.15415,2015
2026-04-06 18:00:00,1.154145,1.155125,1.15397,1.15482,3789
2026-04-06 18:15:00,1.154825,1.15527,1.15479,1.15507,3455
2026-04-06 18:30:00,1.155065,1.15521,1.15445,1.154465,2606
2026-04-06 18:45:00,1.154465,1.15469,1.15438,1.15457,2438
2026-04-06 19:00:00,1.154575,1.15468,1.15434,1.15449,1704
2026-04-06 19:15:00,1.154485,1.154575,1.154175,1.154235,979
2026-04-06 19:30:00,1.154235,1.154395,1.154075,1.154385,829
2026-04-06 19:45:00,1.15438,1.154685,1.154275,1.154285,1269
2026-04-06 20:00:00,1.1543,1.15436,1.154095,1.15418,1073
2026-04-06 20:15:00,1.15418,1.154465,1.15417,1.15434,1133
2026-04-06 20:30:00,1.154345,1.1544,1.154225,1.154345,851
2026-04-06 20:45:00,1.15434,1.154405,1.154045,1.154125,1208
2026-04-06 21:00:00,1.154125,1.15435,1.154125,1.15435,264
2026-04-06 21:15:00,1.15434,1.154405,1.15413,1.154145,270
2026-04-06 21:30:00,1.154145,1.15445,1.154145,1.154425,397
2026-04-06 21:45:00,1.15444,1.15447,1.154085,1.154365,505
2026-04-06 22:00:00,1.154355,1.15479,1.154295,1.15453,535
2026-04-06 22:15:00,1.15453,1.15466,1.15431,1.154435,592
2026-04-06 22:30:00,1.154435,1.154535,1.154345,1.15435,2106
2026-04-06 22:45:00,1.15435,1.15444,1.15423,1.15427,790
2026-04-06 23:00:00,1.15427,1.154335,1.154225,1.154305,552
2026-04-06 23:15:00,1.1543,1.154315,1.154045,1.154065,255
2026-04-06 23:30:00,1.154065,1.154085,1.153885,1.154065,465
2026-04-06 23:45:00,1.154065,1.15424,1.154045,1.154085,524
2026-04-07 00:00:00,1.15408,1.154195,1.15381,1.154185,2083
2026-04-07 00:15:00,1.15418,1.154395,1.15399,1.154025,2265
2026-04-07 00:30:00,1.15402,1.1541,1.15366,1.1538,1378
2026-04-07 00:45:00,1.153805,1.153995,1.15375,1.15376,933
2026-04-07 01:00:00,1.153755,1.15402,1.15351,1.153585,1888
2026-04-07 01:15:00,1.15359,1.15377,1.153475,1.153635,1123
2026-04-07 01:30:00,1.15363,1.153685,1.153,1.15306,1674
2026-04-07 01:45:00,1.153065,1.153145,1.15274,1.15302,1664
2026-04-07 02:00:00,1.153015,1.153045,1.15241,1.152735,2303
2026-04-07 02:15:00,1.15274,1.15298,1.152605,1.152955,1189
2026-04-07 02:30:00,1.15296,1.15308,1.15286,1.153055,585
2026-04-07 02:45:00,1.153055,1.153215,1.152895,1.15299,507
2026-04-07 03:00:00,1.15299,1.15323,1.152975,1.153065,741
2026-04-07 03:15:00,1.153065,1.15312,1.152885,1.153085,980
2026-04-07 03:30:00,1.153085,1.15341,1.15305,1.15341,857
2026-04-07 03:45:00,1.1534,1.15348,1.15335,1.153445,382
2026-04-07 04:00:00,1.153445,1.15361,1.153295,1.153355,663
2026-04-07 04:15:00,1.15336,1.1535,1.15333,1.15346,677
2026-04-07 04:30:00,1.153465,1.153635,1.15342,1.15359,861
2026-04-07 04:45:00,1.153585,1.153885,1.153555,1.153835,611
2026-04-07 05:00:00,1.15383,1.15398,1.153685,1.15373,1011
2026-04-07 05:15:00,1.15373,1.153945,1.153535,1.153625,1111
2026-04-07 05:30:00,1.15362,1.15378,1.153055,1.15306,1877
2026-04-07 05:45:00,1.153055,1.153565,1.153025,1.153545,1389
2026-04-07 06:00:00,1.153555,1.15381,1.15341,1.153505,1727
2026-04-07 06:15:00,1.153505,1.15393,1.153265,1.15376,1801
2026-04-07 06:30:00,1.15375,1.15456,1.153685,1.154445,3023
2026-04-07 06:45:00,1.15444,1.15447,1.1541,1.15447,2492
2026-04-07 07:00:00,1.15448,1.154555,1.15368,1.15413,2856
2026-04-07 07:15:00,1.154135,1.15445,1.153845,1.153865,2816
2026-04-07 07:30:00,1.15387,1.15449,1.15387,1.154465,1985
2026-04-07 07:45:00,1.15446,1.15461,1.154,1.15429,2004
2026-04-07 08:00:00,1.154285,1.15682,1.154195,1.156605,8523
2026-04-07 08:15:00,1.1566,1.156605,1.155735,1.156105,5740
2026-04-07 08:30:00,1.15612,1.15685,1.15593,1.15674,3768
2026-04-07 08:45:00,1.156745,1.157565,1.15645,1.157365,3761
2026-04-07 09:00:00,1.15736,1.157545,1.156935,1.15695,2657
2026-04-07 09:15:00,1.156945,1.15736,1.156565,1.1569,3334
2026-04-07 09:30:00,1.15689,1.15729,1.156595,1.156595,3107
2026-04-07 09:45:00,1.1566,1.15661,1.156235,1.156285,2291
2026-04-07 10:00:00,1.15629,1.156375,1.155085,1.15608,5546
2026-04-07 10:15:00,1.15607,1.1563,1.15459,1.15552,6237
2026-04-07 10:30:00,1.155525,1.155875,1.154645,1.1553,4986
2026-04-07 10:45:00,1.155295,1.15546,1.15482,1.15543,4352
2026-04-07 11:00:00,1.155435,1.155435,1.154805,1.1549,2633
2026-04-07 11:15:00,1.154905,1.15568,1.1549,1.1554,2841
2026-04-07 11:30:00,1.155395,1.15621,1.15507,1.156205,3002
2026-04-07 11:45:00,1.1562,1.1562,1.155665,1.156,1720
2026-04-07 12:00:00,1.156005,1.15657,1.1554,1.155585,5493
2026-04-07 12:15:00,1.15558,1.15645,1.15539,1.156115,4019
2026-04-07 12:30:00,1.15611,1.15672,1.15603,1.156465,2427
2026-04-07 12:45:00,1.156465,1.15699,1.15576,1.15605,3330
2026-04-07 13:00:00,1.156055,1.156485,1.15586,1.1563,3630
2026-04-07 13:15:00,1.156305,1.156505,1.155915,1.15598,3443
2026-04-07 13:30:00,1.155985,1.15642,1.15559,1.156015,4911
2026-04-07 13:45:00,1.15602,1.156495,1.155955,1.156365,3323
2026-04-07 14:00:00,1.15636,1.15667,1.1559,1.156205,4118
2026-04-07 14:15:00,1.15621,1.15732,1.155855,1.157235,4107
2026-04-07 14:30:00,1.15724,1.15814,1.15712,1.15787,4850
2026-04-07 14:45:00,1.15787,1.15835,1.15712,1.157205,5260
2026-04-07 15:00:00,1.15719,1.15736,1.156595,1.157055,4605
2026-04-07 15:15:00,1.15704,1.157875,1.156935,1.157435,5380
2026-04-07 15:30:00,1.15743,1.15751,1.156785,1.15682,2874
2026-04-07 15:45:00,1.156825,1.15784,1.1568,1.157105,3708
2026-04-07 16:00:00,1.15711,1.15797,1.157075,1.157505,5160
2026-04-07 16:15:00,1.157505,1.157865,1.157115,1.15756,4911
2026-04-07 16:30:00,1.157555,1.157765,1.15735,1.15751,2548
2026-04-07 16:45:00,1.15751,1.157695,1.15697,1.15715,2302
2026-04-07 17:00:00,1.157145,1.15755,1.156785,1.15702,2485
2026-04-07 17:15:00,1.157025,1.15703,1.156645,1.156855,1761
2026-04-07 17:30:00,1.156855,1.157955,1.156855,1.157575,3926
2026-04-07 17:45:00,1.15757,1.157955,1.15733,1.157755,2179
2026-04-07 18:00:00,1.15776,1.15797,1.15771,1.15795,1861
2026-04-07 18:15:00,1.157945,1.158315,1.15784,1.15822,1825
2026-04-07 18:30:00,1.158215,1.15831,1.157665,1.15777,1573
2026-04-07 18:45:00,1.15777,1.157785,1.157145,1.15747,2474
2026-04-07 19:00:00,1.157475,1.15796,1.1573,1.157685,3226
2026-04-07 19:15:00,1.157685,1.15907,1.15764,1.15846,6334
2026-04-07 19:30:00,1.158455,1.159005,1.158285,1.15863,2592
2026-04-07 19:45:00,1.158635,1.16019,1.15856,1.159515,7654
2026-04-07 20:00:00,1.159515,1.160195,1.15925,1.16018,2902
2026-04-07 20:15:00,1.160185,1.160505,1.159925,1.15994,2788
2026-04-07 20:30:00,1.159945,1.160285,1.15969,1.159815,3824
2026-04-07 20:45:00,1.15981,1.159915,1.15943,1.159495,3459
2026-04-07 21:00:00,1.159495,1.16009,1.15948,1.159895,485
2026-04-07 21:15:00,1.15997,1.16006,1.15967,1.159915,322
2026-04-07 21:30:00,1.159925,1.160045,1.15984,1.15989,192
2026-04-07 21:45:00,1.15992,1.16004,1.159655,1.159885,222
2026-04-07 22:00:00,1.159895,1.16197,1.15976,1.16122,3063
2026-04-07 22:15:00,1.16122,1.161335,1.160945,1.161285,1710
2026-04-07 22:30:00,1.16129,1.1653,1.15895,1.164295,9148
2026-04-07 22:45:00,1.1643,1.166975,1.16382,1.166775,8896
2026-04-07 23:00:00,1.16678,1.167505,1.16615,1.166945,9682
2026-04-07 23:15:00,1.166955,1.16879,1.166655,1.16764,8891
2026-04-07 23:30:00,1.167645,1.16868,1.16717,1.168595,6325
2026-04-07 23:45:00,1.1686,1.16904,1.168185,1.168635,5992
2026-04-08 00:00:00,1.16864,1.16969,1.16755,1.167895,12403
2026-04-08 00:15:00,1.167905,1.167975,1.167,1.1675,7973
2026-04-08 00:30:00,1.167505,1.167705,1.166625,1.166665,6776
2026-04-08 00:45:00,1.16667,1.16766,1.1666,1.16718,5771
2026-04-08 01:00:00,1.167175,1.168375,1.167095,1.167845,6180
2026-04-08 01:15:00,1.16784,1.16884,1.167555,1.168665,4207
2026-04-08 01:30:00,1.16867,1.16867,1.1675,1.16805,4198
2026-04-08 01:45:00,1.168045,1.168465,1.16748,1.16755,2947
2026-04-08 02:00:00,1.167545,1.16823,1.16754,1.16764,3742
2026-04-08 02:15:00,1.16763,1.16769,1.16688,1.16738,3153
2026-04-08 02:30:00,1.16739,1.16755,1.167075,1.167155,3152
2026-04-08 02:45:00,1.16716,1.167385,1.166955,1.167365,2067
2026-04-08 03:00:00,1.167375,1.16749,1.167045,1.167435,2088
2026-04-08 03:15:00,1.16743,1.16759,1.16671,1.16691,2388
2026-04-08 03:30:00,1.166905,1.167225,1.166615,1.16702,2778
2026-04-08 03:45:00,1.16702,1.167245,1.16688,1.167065,2656
2026-04-08 04:00:00,1.167075,1.16789,1.167075,1.16785,2819
2026-04-08 04:15:00,1.16785,1.16812,1.1675,1.16779,2986
2026-04-08 04:30:00,1.167795,1.16808,1.167545,1.16775,2233
2026-04-08 04:45:00,1.167745,1.16792,1.16739,1.16763,2306
2026-04-08 05:00:00,1.167625,1.167935,1.16722,1.167755,4219
2026-04-08 05:15:00,1.16775,1.168765,1.167595,1.16858,4640
2026-04-08 05:30:00,1.16857,1.16916,1.1684,1.16892,3525
2026-04-08 05:45:00,1.168925,1.170865,1.168765,1.169145,5357
2026-04-08 06:00:00,1.169145,1.16919,1.16846,1.168955,5059
2026-04-08 06:15:00,1.168955,1.170485,1.16858,1.1703,5347
2026-04-08 06:30:00,1.170305,1.17086,1.169715,1.17046,5612
2026-04-08 06:45:00,1.170465,1.170785,1.169065,1.16963,5560
2026-04-08 07:00:00,1.169625,1.16973,1.167875,1.16817,6536
2026-04-08 07:15:00,1.16816,1.1697,1.167965,1.169515,3974
2026-04-08 07:30:00,1.16951,1.16953,1.168885,1.16946,3419
2026-04-08 07:45:00,1.16946,1.170025,1.169345,1.169575,3284
2026-04-08 08:00:00,1.16957,1.169925,1.16852,1.16868,4275
2026-04-08 08:15:00,1.168685,1.16912,1.16818,1.168485,3570
2026-04-08 08:30:00,1.16849,1.16865,1.166905,1.167765,6104
2026-04-08 08:45:00,1.16777,1.16845,1.16767,1.168125,4068
2026-04-08 09:00:00,1.16813,1.16875,1.168,1.16845,3348
2026-04-08 09:15:00,1.168455,1.168945,1.16794,1.168215,3104
2026-04-08 09:30:00,1.16822,1.168575,1.167805,1.167865,3282
2026-04-08 09:45:00,1.16787,1.16866,1.167795,1.16797,3723
2026-04-08 10:00:00,1.167965,1.168645,1.16775,1.16863,2898
2026-04-08 10:15:00,1.16863,1.16869,1.16831,1.168575,2273
2026-04-08 10:30:00,1.16858,1.168945,1.16841,1.168805,2609
2026-04-08 10:45:00,1.168805,1.16926,1.16847,1.16903,2731
2026-04-08 11:00:00,1.169025,1.16968,1.16854,1.16958,3607
2026-04-08 11:15:00,1.169585,1.17103,1.16949,1.17073,4094
2026-04-08 11:30:00,1.17072,1.17077,1.169435,1.16998,5463
2026-04-08 11:45:00,1.16997,1.170485,1.169865,1.170015,3552
2026-04-08 12:00:00,1.17002,1.17104,1.16997,1.17067,4388
2026-04-08 12:15:00,1.17068,1.17078,1.168835,1.17006,9814
2026-04-08 12:30:00,1.170055,1.17149,1.170055,1.171475,4296
2026-04-08 12:45:00,1.171465,1.17182,1.171295,1.171405,4129
2026-04-08 13:00:00,1.17141,1.172175,1.17101,1.171205,5357
2026-04-08 13:15:00,1.1712,1.17153,1.17027,1.17037,4792
2026-04-08 13:30:00,1.170365,1.170525,1.1687,1.16931,8528
2026-04-08 13:45:00,1.169315,1.169895,1.16886,1.16944,6822
2026-04-08 14:00:00,1.16943,1.17013,1.16903,1.16962,7244
2026-04-08 14:15:00,1.169615,1.17035,1.16931,1.169705,6303
2026-04-08 14:30:00,1.1697,1.1698,1.16901,1.16974,6754
2026-04-08 14:45:00,1.169745,1.17024,1.16895,1.169415,7465
2026-04-08 15:00:00,1.16942,1.16964,1.16843,1.16869,5119
2026-04-08 15:15:00,1.16868,1.16942,1.16854,1.16883,4784
2026-04-08 15:30:00,1.168825,1.16965,1.168735,1.16909,4489
2026-04-08 15:45:00,1.1691,1.1693,1.168565,1.168625,3533
2026-04-08 16:00:00,1.16863,1.168865,1.168075,1.16834,4000
2026-04-08 16:15:00,1.168345,1.168415,1.167865,1.168005,3830
2026-04-08 16:30:00,1.168,1.168225,1.16772,1.167915,3436
2026-04-08 16:45:00,1.16791,1.16829,1.167775,1.168175,2278
2026-04-08 17:00:00,1.16818,1.16852,1.16785,1.16851,1937
2026-04-08 17:15:00,1.168515,1.16854,1.167095,1.167565,2991
2026-04-08 17:30:00,1.16755,1.167665,1.166905,1.16742,2785
2026-04-08 17:45:00,1.167415,1.16749,1.167095,1.167485,1508
2026-04-08 18:00:00,1.16749,1.167885,1.167155,1.167865,2240
2026-04-08 18:15:00,1.16786,1.168025,1.166475,1.16657,6927
2026-04-08 18:30:00,1.16658,1.166845,1.165705,1.165815,3947
2026-04-08 18:45:00,1.165805,1.165805,1.164995,1.165035,3757
2026-04-08 19:00:00,1.16503,1.16529,1.16435,1.16529,4190
2026-04-08 19:15:00,1.165285,1.16539,1.16476,1.165245,3388
2026-04-08 19:30:00,1.16524,1.166445,1.16521,1.16602,3492
2026-04-08 19:45:00,1.166015,1.167045,1.165995,1.16678,2826
2026-04-08 20:00:00,1.166785,1.166945,1.16625,1.166395,1527
2026-04-08 20:15:00,1.1664,1.16644,1.16605,1.166245,820
2026-04-08 20:30:00,1.16624,1.166425,1.166175,1.1663,1027
2026-04-08 20:45:00,1.1663,1.16648,1.16612,1.166315,2164
2026-04-08 21:00:00,1.166345,1.16644,1.165935,1.16634,94
2026-04-08 21:15:00,1.166335,1.166585,1.16625,1.166325,103
2026-04-08 21:30:00,1.166295,1.16642,1.16623,1.16625,89
2026-04-08 21:45:00,1.166275,1.166705,1.16623,1.166545,340
2026-04-08 22:00:00,1.16655,1.166775,1.166405,1.166435,644
2026-04-08 22:15:00,1.166435,1.166455,1.166005,1.166305,671
2026-04-08 22:30:00,1.166305,1.166565,1.16611,1.1663,957
2026-04-08 22:45:00,1.1663,1.166325,1.166205,1.166225,616
2026-04-08 23:00:00,1.16623,1.166335,1.166105,1.166145,567
2026-04-08 23:15:00,1.166145,1.166205,1.165955,1.165995,453
2026-04-08 23:30:00,1.16599,1.16604,1.165805,1.16595,469
2026-04-08 23:45:00,1.16595,1.16609,1.16575,1.165915,677
2026-04-09 00:00:00,1.16592,1.16594,1.16529,1.165555,2589
2026-04-09 00:15:00,1.165555,1.165945,1.16549,1.16569,1476
2026-04-09 00:30:00,1.165695,1.166105,1.16568,1.1657,1302
2026-04-09 00:45:00,1.165705,1.165875,1.165605,1.16572,1647
2026-04-09 01:00:00,1.16572,1.16588,1.1654,1.16544,1814
2026-04-09 01:15:00,1.165445,1.16551,1.16504,1.165245,1782
2026-04-09 01:30:00,1.16525,1.165885,1.165245,1.16579,1656
2026-04-09 01:45:00,1.16579,1.16636,1.16555,1.166185,1459
2026-04-09 02:00:00,1.16619,1.166435,1.16593,1.166055,1454
2026-04-09 02:15:00,1.166055,1.16646,1.166055,1.16643,1090
2026-04-09 02:30:00,1.166425,1.16674,1.166415,1.166625,1058
2026-04-09 02:45:00,1.16662,1.16667,1.16646,1.166535,1099
2026-04-09 03:00:00,1.16653,1.16665,1.166335,1.16645,1130
2026-04-09 03:15:00,1.166445,1.16652,1.166255,1.16635,822
2026-04-09 03:30:00,1.16635,1.16669,1.166345,1.166645,742
2026-04-09 03:45:00,1.166645,1.166645,1.166055,1.166235,1687
2026-04-09 04:00:00,1.16624,1.166985,1.16619,1.16698,939
2026-04-09 04:15:00,1.166985,1.16699,1.166735,1.16682,615
2026-04-09 04:30:00,1.16682,1.167105,1.166755,1.16695,601
2026-04-09 04:45:00,1.16695,1.166965,1.166625,1.16664,998
2026-04-09 05:00:00,1.166645,1.166775,1.166205,1.16624,1509
2026-04-09 05:15:00,1.166245,1.16661,1.166215,1.16636,970
2026-04-09 05:30:00,1.16634,1.16641,1.16615,1.16628,981
2026-04-09 05:45:00,1.166285,1.16629,1.16593,1.16609,1295
2026-04-09 06:00:00,1.166095,1.166325,1.165925,1.165945,1918
2026-04-09 06:15:00,1.16595,1.166015,1.165425,1.165795,1859
2026-04-09 06:30:00,1.16579,1.16599,1.16565,1.165955,1700
2026-04-09 06:45:00,1.16595,1.16644,1.165825,1.16643,2640
2026-04-09 07:00:00,1.166435,1.16693,1.166375,1.16654,2254
2026-04-09 07:15:00,1.166535,1.166535,1.165745,1.166055,2747
2026-04-09 07:30:00,1.166065,1.166135,1.165545,1.166095,2314
2026-04-09 07:45:00,1.16608,1.166465,1.165915,1.1663,1826
2026-04-09 08:00:00,1.166295,1.166675,1.16597,1.16612,2163
2026-04-09 08:15:00,1.16611,1.16649,1.16597,1.166285,1545
2026-04-09 08:30:00,1.16628,1.166825,1.16625,1.16678,1791
2026-04-09 08:45:00,1.166785,1.167495,1.166605,1.16722,2072
2026-04-09 09:00:00,1.167215,1.167655,1.16685,1.167615,2195
2026-04-09 09:15:00,1.16763,1.167925,1.1674,1.167675,1732
2026-04-09 09:30:00,1.16766,1.167845,1.16753,1.16766,1189
2026-04-09 09:45:00,1.16766,1.16769,1.16724,1.167465,1680
2026-04-09 10:00:00,1.16747,1.16796,1.167425,1.16769,1853
2026-04-09 10:15:00,1.1677,1.16793,1.167465,1.167755,1722
2026-04-09 10:30:00,1.167755,1.16777,1.167465,1.16752,1285
2026-04-09 10:45:00,1.16752,1.167675,1.16712,1.167125,2045
2026-04-09 11:00:00,1.16711,1.167675,1.166955,1.16756,1915
2026-04-09 11:15:00,1.16756,1.168125,1.167555,1.168115,1652
2026-04-09 11:30:00,1.16812,1.16887,1.16803,1.16883,2106
2026-04-09 11:45:00,1.168825,1.168955,1.168515,1.16884,2044
2026-04-09 12:00:00,1.168835,1.16892,1.16831,1.16847,1952
2026-04-09 12:15:00,1.168475,1.168575,1.16803,1.16847,1779
2026-04-09 12:30:00,1.168465,1.169025,1.16792,1.168205,4344
2026-04-09 12:45:00,1.168205,1.16863,1.16791,1.16861,2592
2026-04-09 13:00:00,1.16862,1.16874,1.16833,1.168635,2788
2026-04-09 13:15:00,1.16863,1.16925,1.16861,1.1688,2080
2026-04-09 13:30:00,1.168805,1.169535,1.168785,1.169185,3206
2026-04-09 13:45:00,1.16918,1.169335,1.168115,1.168185,4830
2026-04-09 14:00:00,1.168175,1.16877,1.16805,1.16845,4245
2026-04-09 14:15:00,1.168445,1.168825,1.168055,1.16863,3014
2026-04-09 14:30:00,1.168625,1.168625,1.167425,1.167585,3402
2026-04-09 14:45:00,1.16758,1.168525,1.16744,1.168475,4175
2026-04-09 15:00:00,1.16847,1.168665,1.16777,1.1684,3454
2026-04-09 15:15:00,1.168405,1.16999,1.168405,1.16946,6907
2026-04-09 15:30:00,1.169465,1.170685,1.16941,1.169975,7378
2026-04-09 15:45:00,1.16998,1.17072,1.16974,1.17054,4628
2026-04-09 16:00:00,1.170535,1.171125,1.170225,1.17081,4147
2026-04-09 16:15:00,1.170805,1.1714,1.170775,1.17137,3293
2026-04-09 16:30:00,1.17137,1.171385,1.17078,1.17114,2684
2026-04-09 16:45:00,1.17114,1.17129,1.170855,1.17106,2053
2026-04-09 17:00:00,1.171055,1.17186,1.171005,1.17165,2449
2026-04-09 17:15:00,1.171645,1.172185,1.1716,1.17197,1968
2026-04-09 17:30:00,1.171975,1.17235,1.17164,1.17177,2386
2026-04-09 17:45:00,1.17177,1.171995,1.17123,1.171415,2031
2026-04-09 18:00:00,1.17142,1.171485,1.17023,1.1704,4519
2026-04-09 18:15:00,1.170395,1.17052,1.16984,1.170105,3616
2026-04-09 18:30:00,1.1701,1.170185,1.16974,1.1699,2551
2026-04-09 18:45:00,1.169905,1.17023,1.16983,1.16992,1954
2026-04-09 19:00:00,1.169915,1.170575,1.1698,1.17057,1903
2026-04-09 19:15:00,1.170575,1.17062,1.169945,1.17032,1904
2026-04-09 19:30:00,1.170325,1.170855,1.170315,1.17072,1437
2026-04-09 19:45:00,1.17071,1.17084,1.169985,1.17006,1518
2026-04-09 20:00:00,1.170065,1.17009,1.1697,1.16986,820
2026-04-09 20:15:00,1.16987,1.169885,1.16965,1.16981,624
2026-04-09 20:30:00,1.169805,1.169865,1.16953,1.16961,659
2026-04-09 20:45:00,1.169605,1.170005,1.16956,1.169895,1195
2026-04-09 21:00:00,1.16991,1.170175,1.16974,1.16982,108
2026-04-09 21:15:00,1.16982,1.16996,1.16967,1.169725,128
2026-04-09 21:30:00,1.169725,1.16995,1.16967,1.16972,2930
2026-04-09 21:45:00,1.16972,1.17023,1.16953,1.170225,773
2026-04-09 22:00:00,1.170235,1.17026,1.170065,1.17012,552
2026-04-09 22:15:00,1.17012,1.170255,1.169655,1.169655,779
2026-04-09 22:30:00,1.16966,1.169895,1.169345,1.1694,1394
2026-04-09 22:45:00,1.1694,1.16944,1.169265,1.169425,718
2026-04-09 23:00:00,1.16942,1.16962,1.169355,1.169405,549
2026-04-09 23:15:00,1.169405,1.16951,1.16931,1.169425,644
2026-04-09 23:30:00,1.169425,1.169565,1.169255,1.169265,710
2026-04-09 23:45:00,1.169265,1.169355,1.169035,1.16916,591
2026-04-10 00:00:00,1.169155,1.169165,1.16868,1.16882,943
2026-04-10 00:15:00,1.168815,1.168915,1.168625,1.168685,927
2026-04-10 00:30:00,1.168685,1.168905,1.168655,1.16876,883
2026-04-10 00:45:00,1.16876,1.16885,1.168555,1.168795,1251
2026-04-10 01:00:00,1.1688,1.16888,1.16865,1.168835,1134
2026-04-10 01:15:00,1.16883,1.16892,1.16861,1.168835,866
2026-04-10 01:30:00,1.168835,1.16937,1.168765,1.16915,957
2026-04-10 01:45:00,1.16915,1.16947,1.16904,1.169215,895
2026-04-10 02:00:00,1.169225,1.169425,1.168925,1.168925,963
2026-04-10 02:15:00,1.16892,1.169045,1.16868,1.16868,820
2026-04-10 02:30:00,1.16868,1.169145,1.168675,1.16914,699
2026-04-10 02:45:00,1.16914,1.1693,1.16903,1.169085,511
2026-04-10 03:00:00,1.169095,1.16918,1.16898,1.16915,551
2026-04-10 03:15:00,1.16915,1.16949,1.169125,1.16945,477
2026-04-10 03:30:00,1.169455,1.169635,1.169265,1.169355,489
2026-04-10 03:45:00,1.169355,1.169675,1.169335,1.169575,580
2026-04-10 04:00:00,1.169575,1.16967,1.16931,1.169455,657
2026-04-10 04:15:00,1.169455,1.169615,1.16943,1.16944,591
2026-04-10 04:30:00,1.169445,1.16953,1.16928,1.16928,674
2026-04-10 04:45:00,1.16927,1.16939,1.169105,1.1692,719
2026-04-10 05:00:00,1.1692,1.169275,1.168935,1.16898,813
2026-04-10 05:15:00,1.168975,1.16911,1.168755,1.16878,687
2026-04-10 05:30:00,1.168775,1.1692,1.168775,1.16899,832
2026-04-10 05:45:00,1.16899,1.169105,1.16893,1.169005,815
2026-04-10 06:00:00,1.169,1.16936,1.168745,1.168835,1380
2026-04-10 06:15:00,1.16884,1.16884,1.168425,1.16843,1448
2026-04-10 06:30:00,1.168435,1.16903,1.1683,1.168635,1887
2026-04-10 06:45:00,1.168635,1.16898,1.16843,1.168455,1369
2026-04-10 07:00:00,1.16845,1.1689,1.16824,1.168595,2307
2026-04-10 07:15:00,1.1686,1.16897,1.16835,1.16869,1836
2026-04-10 07:30:00,1.16869,1.16869,1.168155,1.168425,1526
2026-04-10 07:45:00,1.16842,1.168585,1.1679,1.16797,1616
2026-04-10 08:00:00,1.167975,1.168575,1.16774,1.168535,1876
2026-04-10 08:15:00,1.168535,1.16884,1.168345,1.16858,1432
2026-04-10 08:30:00,1.16859,1.168975,1.16858,1.16878,1342
2026-04-10 08:45:00,1.168785,1.168805,1.168425,1.16859,1324
2026-04-10 09:00:00,1.168595,1.16888,1.168475,1.16853,1420
2026-04-10 09:15:00,1.16853,1.17106,1.16848,1.169725,7218
2026-04-10 09:30:00,1.16972,1.17025,1.16955,1.17025,2612
2026-04-10 09:45:00,1.170245,1.1711,1.169995,1.17103,2651
2026-04-10 10:00:00,1.171035,1.17129,1.170765,1.170765,2209
2026-04-10 10:15:00,1.17076,1.171345,1.170585,1.17122,1753
2026-04-10 10:30:00,1.171215,1.17155,1.171025,1.17137,1735
2026-04-10 10:45:00,1.171365,1.171585,1.171215,1.17128,1448
2026-04-10 11:00:00,1.171285,1.17188,1.17123,1.1717,1672
2026-04-10 11:15:00,1.1717,1.17178,1.17122,1.171305,1266
2026-04-10 11:30:00,1.17131,1.171675,1.171085,1.17167,1261
2026-04-10 11:45:00,1.17167,1.171725,1.171275,1.1714,1707
2026-04-10 12:00:00,1.171405,1.171575,1.171075,1.171455,2227
2026-04-10 12:15:00,1.17146,1.171505,1.170955,1.171355,2577
2026-04-10 12:30:00,1.17135,1.17257,1.17132,1.171735,6286
2026-04-10 12:45:00,1.17174,1.17214,1.17127,1.172085,3711
2026-04-10 13:00:00,1.17208,1.172565,1.17186,1.17233,3774
2026-04-10 13:15:00,1.172335,1.17348,1.17216,1.173335,3242
2026-04-10 13:30:00,1.17334,1.173475,1.17246,1.17286,3922
2026-04-10 13:45:00,1.172865,1.17316,1.172485,1.172775,3802
2026-04-10 14:00:00,1.17277,1.173585,1.17265,1.17341,4282
2026-04-10 14:15:00,1.173405,1.17384,1.1732,1.17351,3106
2026-04-10 14:30:00,1.173515,1.17371,1.172565,1.172805,3557
2026-04-10 14:45:00,1.17281,1.172995,1.172005,1.172785,7579
2026-04-10 15:00:00,1.17277,1.17355,1.17267,1.173485,3703
2026-04-10 15:15:00,1.17349,1.17397,1.173195,1.17321,3533
2026-04-10 15:30:00,1.173205,1.17348,1.172675,1.172735,3899
2026-04-10 15:45:00,1.17273,1.17278,1.172175,1.17224,2979
2026-04-10 16:00:00,1.17223,1.17255,1.17201,1.17248,2508
2026-04-10 16:15:00,1.172475,1.172475,1.17208,1.1721,1911
2026-04-10 16:30:00,1.172105,1.17213,1.171355,1.171385,2793
2026-04-10 16:45:00,1.17138,1.17216,1.171365,1.172045,2238
2026-04-10 17:00:00,1.172045,1.17247,1.171885,1.17231,1829
2026-04-10 17:15:00,1.17231,1.172435,1.17205,1.172295,1384
2026-04-10 17:30:00,1.17229,1.17252,1.17213,1.172445,1491
2026-04-10 17:45:00,1.17245,1.17261,1.17217,1.172335,1649
2026-04-10 18:00:00,1.17234,1.1724,1.17188,1.172335,2153
2026-04-10 18:15:00,1.172345,1.172985,1.1723,1.172895,2192
2026-04-10 18:30:00,1.1729,1.17354,1.1729,1.173265,1963
2026-04-10 18:45:00,1.173255,1.17327,1.17288,1.173155,1563
2026-04-10 19:00:00,1.17315,1.173265,1.172775,1.17283,1653
2026-04-10 19:15:00,1.17283,1.173125,1.17276,1.17283,1091
2026-04-10 19:30:00,1.17282,1.173035,1.17273,1.172925,1185
2026-04-10 19:45:00,1.172915,1.172985,1.17272,1.172775,1188
2026-04-10 20:00:00,1.172775,1.172975,1.17269,1.172895,1145
2026-04-10 20:15:00,1.172905,1.172965,1.17282,1.172865,1566
2026-04-10 20:30:00,1.17287,1.17302,1.172835,1.17293,1826
2026-04-10 20:45:00,1.17293,1.173095,1.172285,1.172465,3554
2026-04-12 21:00:00,1.172465,1.172465,1.166525,1.167015,251
2026-04-12 21:15:00,1.167,1.168125,1.166995,1.168105,272
2026-04-12 21:30:00,1.16811,1.16816,1.167825,1.167885,642
2026-04-12 21:45:00,1.16789,1.16793,1.1672,1.16721,332
2026-04-12 22:00:00,1.167205,1.16788,1.166945,1.167505,3486
2026-04-12 22:15:00,1.167515,1.16774,1.166625,1.166805,4391
2026-04-12 22:30:00,1.166815,1.16719,1.166575,1.167175,3871
2026-04-12 22:45:00,1.16717,1.167355,1.16695,1.16724,1785
2026-04-12 23:00:00,1.167245,1.167395,1.16695,1.167075,1905
2026-04-12 23:15:00,1.16708,1.167085,1.16642,1.16683,1401
2026-04-12 23:30:00,1.166835,1.16723,1.16672,1.16706,937
2026-04-12 23:45:00,1.167055,1.16756,1.167055,1.167495,1666
2026-04-13 00:00:00,1.1675,1.16796,1.16711,1.16785,2870
2026-04-13 00:15:00,1.16785,1.16837,1.16776,1.168075,1878
2026-04-13 00:30:00,1.168075,1.168625,1.168065,1.168465,1248
2026-04-13 00:45:00,1.16847,1.168765,1.168405,1.168765,1289
2026-04-13 01:00:00,1.16877,1.168965,1.16836,1.168825,1981
2026-04-13 01:15:00,1.16882,1.168875,1.16835,1.16841,1525
2026-04-13 01:30:00,1.168405,1.16842,1.168045,1.168185,1119
2026-04-13 01:45:00,1.168185,1.16873,1.168065,1.168625,1272
2026-04-13 02:00:00,1.16863,1.16881,1.168535,1.168745,921
2026-04-13 02:15:00,1.168745,1.168875,1.16867,1.168745,544
2026-04-13 02:30:00,1.16875,1.169025,1.168615,1.16866,487
2026-04-13 02:45:00,1.16866,1.168905,1.16851,1.168845,821
2026-04-13 03:00:00,1.16885,1.16893,1.168625,1.16865,784
2026-04-13 03:15:00,1.168655,1.168775,1.16858,1.168655,442
2026-04-13 03:30:00,1.16866,1.168885,1.16862,1.168835,496
2026-04-13 03:45:00,1.16883,1.16885,1.168685,1.16881,563
2026-04-13 04:00:00,1.168805,1.16901,1.1687,1.168975,585
2026-04-13 04:15:00,1.16897,1.16902,1.16878,1.16887,657
2026-04-13 04:30:00,1.168865,1.168975,1.16863,1.168745,862
2026-04-13 04:45:00,1.168745,1.16888,1.16858,1.16862,769
2026-04-13 05:00:00,1.168615,1.168675,1.168315,1.16846,1164
2026-04-13 05:15:00,1.16846,1.16871,1.168425,1.16867,1265
2026-04-13 05:30:00,1.16867,1.16887,1.16863,1.16878,1045
2026-04-13 05:45:00,1.168775,1.168915,1.16864,1.168785,1400
2026-04-13 06:00:00,1.16879,1.169485,1.16877,1.168905,2827
2026-04-13 06:15:00,1.16891,1.16921,1.16875,1.16887,1818
2026-04-13 06:30:00,1.168875,1.169065,1.1678,1.16793,1988
2026-04-13 06:45:00,1.16792,1.16861,1.167795,1.168555,2474
2026-04-13 07:00:00,1.16856,1.16919,1.168555,1.16885,2736
2026-04-13 07:15:00,1.168855,1.16968,1.168765,1.169675,1906
2026-04-13 07:30:00,1.169675,1.17002,1.169515,1.16957,2312
2026-04-13 07:45:00,1.16956,1.169845,1.16931,1.16972,1495
2026-04-13 08:00:00,1.169725,1.169725,1.16906,1.16921,1889
2026-04-13 08:15:00,1.16921,1.169405,1.16903,1.169155,1939
2026-04-13 08:30:00,1.16916,1.16932,1.168555,1.1687,1559
2026-04-13 08:45:00,1.168695,1.168805,1.16835,1.16861,1829
2026-04-13 09:00:00,1.168615,1.169005,1.1684,1.168445,2456
2026-04-13 09:15:00,1.168445,1.168865,1.16837,1.168775,1300
2026-04-13 09:30:00,1.168785,1.16927,1.16872,1.16883,1850
2026-04-13 09:45:00,1.168825,1.16891,1.16859,1.168625,1200
2026-04-13 10:00:00,1.16862,1.168795,1.168415,1.168565,1496
2026-04-13 10:15:00,1.16855,1.16861,1.168255,1.168565,1490
2026-04-13 10:30:00,1.16857,1.168895,1.16841,1.16881,1464
2026-04-13 10:45:00,1.16881,1.169515,1.16881,1.169355,1628
2026-04-13 11:00:00,1.16936,1.16997,1.169355,1.169815,2357
2026-04-13 11:15:00,1.16981,1.16991,1.169605,1.169755,1164
2026-04-13 11:30:00,1.169755,1.169845,1.16901,1.16927,2285
2026-04-13 11:45:00,1.16927,1.16934,1.168095,1.16818,3167
2026-04-13 12:00:00,1.168175,1.168815,1.16806,1.168675,3418
2026-04-13 12:15:00,1.16868,1.16879,1.16839,1.168545,2353
2026-04-13 12:30:00,1.168555,1.169035,1.168425,1.168995,2443
2026-04-13 12:45:00,1.16899,1.169915,1.16899,1.16986,2750
2026-04-13 13:00:00,1.16985,1.16995,1.16964,1.169905,2090
2026-04-13 13:15:00,1.1699,1.170155,1.169645,1.16986,2339
2026-04-13 13:30:00,1.169865,1.17045,1.16972,1.170045,2791
2026-04-13 13:45:00,1.17005,1.17123,1.169885,1.17054,7155
2026-04-13 14:00:00,1.170545,1.17086,1.170045,1.170755,4862
2026-04-13 14:15:00,1.17076,1.171345,1.17009,1.171315,4561
2026-04-13 14:30:00,1.17131,1.17185,1.17114,1.1718,3182
2026-04-13 14:45:00,1.171805,1.17208,1.17098,1.17102,3391
2026-04-13 15:00:00,1.17102,1.171185,1.170425,1.170785,4015
2026-04-13 15:15:00,1.17079,1.170925,1.170435,1.17057,2951
2026-04-13 15:30:00,1.170565,1.17125,1.17026,1.17096,3430
2026-04-13 15:45:00,1.170955,1.171205,1.17079,1.17096,2000
2026-04-13 16:00:00,1.170965,1.17165,1.170705,1.17104,3485
2026-04-13 16:15:00,1.17104,1.17144,1.170835,1.17132,2381
2026-04-13 16:30:00,1.17133,1.172635,1.1713,1.172615,2817
2026-04-13 16:45:00,1.17262,1.173155,1.172435,1.172505,2668
2026-04-13 17:00:00,1.17251,1.17321,1.17248,1.173195,1618
2026-04-13 17:15:00,1.1732,1.173775,1.17315,1.173705,1714
2026-04-13 17:30:00,1.173705,1.17378,1.17342,1.173555,1373
2026-04-13 17:45:00,1.173555,1.1736,1.173285,1.17335,1495
2026-04-13 18:00:00,1.173355,1.17385,1.173355,1.17369,1363
2026-04-13 18:15:00,1.173685,1.17379,1.173545,1.17372,2046
2026-04-13 18:30:00,1.173715,1.17507,1.173665,1.175015,2991
2026-04-13 18:45:00,1.175015,1.17657,1.17491,1.17645,2325
2026-04-13 19:00:00,1.17644,1.1765,1.1754,1.17572,1868
2026-04-13 19:15:00,1.17572,1.176125,1.17563,1.176065,740
2026-04-13 19:30:00,1.17607,1.176155,1.175845,1.17597,1216
2026-04-13 19:45:00,1.175965,1.176255,1.175785,1.17602,1755
2026-04-13 20:00:00,1.176015,1.17631,1.176005,1.17615,1172
2026-04-13 20:15:00,1.176155,1.176275,1.175855,1.175955,490
2026-04-13 20:30:00,1.175955,1.176045,1.175865,1.17596,663
2026-04-13 20:45:00,1.175955,1.176005,1.175675,1.17591,1558
2026-04-13 21:00:00,1.17591,1.17591,1.175545,1.175595,94
2026-04-13 21:15:00,1.175595,1.176,1.175595,1.17599,162
2026-04-13 21:30:00,1.17602,1.176025,1.175705,1.17575,244
2026-04-13 21:45:00,1.175765,1.175865,1.17542,1.17578,933
2026-04-13 22:00:00,1.17577,1.176525,1.17571,1.176185,826
2026-04-13 22:15:00,1.17618,1.176205,1.175865,1.17605,461
2026-04-13 22:30:00,1.17605,1.176155,1.17592,1.17603,624
2026-04-13 22:45:00,1.176025,1.17618,1.176,1.17616,468
2026-04-13 23:00:00,1.176165,1.176485,1.1761,1.17632,525
2026-04-13 23:15:00,1.176315,1.176565,1.1763,1.176485,433
2026-04-13 23:30:00,1.176485,1.176575,1.17645,1.176485,668
2026-04-13 23:45:00,1.17649,1.176695,1.176465,1.176675,803
2026-04-14 00:00:00,1.17668,1.17672,1.176105,1.176385,1275
2026-04-14 00:15:00,1.176385,1.1768,1.176385,1.176525,957
2026-04-14 00:30:00,1.176535,1.17673,1.176375,1.17652,562
2026-04-14 00:45:00,1.17652,1.176645,1.17632,1.176645,792
2026-04-14 01:00:00,1.176645,1.176785,1.17643,1.176555,813
2026-04-14 01:15:00,1.176555,1.176555,1.176195,1.17647,862
2026-04-14 01:30:00,1.176465,1.176555,1.17623,1.176395,794
2026-04-14 01:45:00,1.17639,1.17639,1.175955,1.17601,1140
2026-04-14 02:00:00,1.176015,1.17623,1.17591,1.175955,988
2026-04-14 02:15:00,1.175955,1.175995,1.17572,1.175825,475
2026-04-14 02:30:00,1.175815,1.17604,1.17563,1.17598,509
2026-04-14 02:45:00,1.175985,1.176095,1.17581,1.17608,449
2026-04-14 03:00:00,1.176075,1.176105,1.175905,1.175935,518
2026-04-14 03:15:00,1.175935,1.17617,1.17593,1.176045,378
2026-04-14 03:30:00,1.176045,1.17654,1.176045,1.176375,628
2026-04-14 03:45:00,1.176375,1.176825,1.176375,1.17669,467
2026-04-14 04:00:00,1.17668,1.176705,1.17657,1.17657,137
2026-04-14 04:15:00,1.17657,1.176935,1.176475,1.176815,338
2026-04-14 04:30:00,1.176815,1.17684,1.17666,1.176735,246
2026-04-14 04:45:00,1.176735,1.176995,1.17668,1.17668,457
2026-04-14 05:00:00,1.176675,1.176965,1.176465,1.176535,1403
2026-04-14 05:15:00,1.17654,1.17659,1.176055,1.17614,875
2026-04-14 05:30:00,1.176135,1.176585,1.175955,1.17658,894
2026-04-14 05:45:00,1.17658,1.176635,1.17627,1.17643,1076
2026-04-14 06:00:00,1.17644,1.17711,1.17609,1.17612,1791
2026-04-14 06:15:00,1.176115,1.1764,1.17581,1.176345,1584
2026-04-14 06:30:00,1.17634,1.17678,1.176275,1.17676,1746
2026-04-14 06:45:00,1.176765,1.177835,1.176715,1.177805,2453
2026-04-14 07:00:00,1.177815,1.179675,1.177745,1.178575,5534
2026-04-14 07:15:00,1.17858,1.17868,1.17793,1.17831,2638
2026-04-14 07:30:00,1.178315,1.17923,1.178285,1.17877,2596
2026-04-14 07:45:00,1.178765,1.17915,1.17797,1.177995,2388
2026-04-14 08:00:00,1.177995,1.17815,1.17762,1.177705,2470
2026-04-14 08:15:00,1.17771,1.177975,1.177515,1.177925,1352
2026-04-14 08:30:00,1.177935,1.17845,1.17771,1.17838,1966
2026-04-14 08:45:00,1.178385,1.178395,1.178045,1.178265,1147
2026-04-14 09:00:00,1.17826,1.17906,1.178245,1.17879,1849
2026-04-14 09:15:00,1.178795,1.178915,1.17845,1.17845,1069
2026-04-14 09:30:00,1.178445,1.17926,1.178185,1.17899,1471
2026-04-14 09:45:00,1.178985,1.178985,1.17863,1.178875,1319
2026-04-14 10:00:00,1.178865,1.17989,1.178825,1.179805,1997
2026-04-14 10:15:00,1.179805,1.17982,1.179245,1.179265,1754
2026-04-14 10:30:00,1.17927,1.179635,1.17915,1.179355,1557
2026-04-14 10:45:00,1.179365,1.179825,1.17931,1.179665,1318
2026-04-14 11:00:00,1.17966,1.180055,1.179575,1.179965,1492
2026-04-14 11:15:00,1.179965,1.180195,1.1799,1.180145,1129
2026-04-14 11:30:00,1.18015,1.180195,1.179545,1.17989,1391
2026-04-14 11:45:00,1.17989,1.180615,1.17964,1.179955,2670
2026-04-14 12:00:00,1.179955,1.180055,1.179275,1.179655,3196
2026-04-14 12:15:00,1.17966,1.1803,1.179385,1.18004,3403
2026-04-14 12:30:00,1.180045,1.18057,1.17949,1.179635,4202
2026-04-14 12:45:00,1.179635,1.18049,1.179605,1.180465,2712
2026-04-14 13:00:00,1.18046,1.180765,1.18018,1.18053,2232
2026-04-14 13:15:00,1.180535,1.180535,1.17955,1.17962,2615
2026-04-14 13:30:00,1.17963,1.180525,1.179345,1.180355,3975
2026-04-14 13:45:00,1.180345,1.18037,1.179785,1.179925,2660
2026-04-14 14:00:00,1.179915,1.18026,1.17934,1.180105,4234
2026-04-14 14:15:00,1.180105,1.18067,1.18006,1.180295,2838
2026-04-14 14:30:00,1.18029,1.180825,1.180145,1.180705,2375
2026-04-14 14:45:00,1.180695,1.18112,1.180245,1.180885,2850
2026-04-14 15:00:00,1.180875,1.180875,1.17991,1.179935,3091
2026-04-14 15:15:00,1.179925,1.18018,1.17942,1.17975,3647
2026-04-14 15:30:00,1.179755,1.18029,1.179235,1.179235,3041
2026-04-14 15:45:00,1.17924,1.1793,1.178755,1.17904,1935
2026-04-14 16:00:00,1.179015,1.179235,1.178825,1.179215,1353
2026-04-14 16:15:00,1.179215,1.17959,1.179185,1.179535,1493
2026-04-14 16:30:00,1.179545,1.17972,1.179295,1.179555,1488
2026-04-14 16:45:00,1.17956,1.17957,1.17928,1.17941,1043
2026-04-14 17:00:00,1.179405,1.17956,1.179185,1.17949,1237
2026-04-14 17:15:00,1.179495,1.179945,1.179445,1.179795,1015
2026-04-14 17:30:00,1.179795,1.17994,1.17953,1.17988,1087
2026-04-14 17:45:00,1.17987,1.17993,1.17947,1.179565,823
2026-04-14 18:00:00,1.17957,1.17969,1.179425,1.1796,1084
2026-04-14 18:15:00,1.1796,1.179605,1.179255,1.179285,1305
2026-04-14 18:30:00,1.17928,1.179485,1.179125,1.17923,1827
2026-04-14 18:45:00,1.179225,1.179475,1.179065,1.179295,1120
2026-04-14 19:00:00,1.179295,1.17954,1.179115,1.17934,1096
2026-04-14 19:15:00,1.179335,1.179405,1.179195,1.17928,404
2026-04-14 19:30:00,1.179275,1.17938,1.179055,1.17919,702
2026-04-14 19:45:00,1.179185,1.179335,1.179115,1.179185,1309
2026-04-14 20:00:00,1.17919,1.179505,1.179135,1.17946,585
2026-04-14 20:15:00,1.179465,1.179535,1.17934,1.179535,315
2026-04-14 20:30:00,1.179535,1.179535,1.17938,1.17939,593
2026-04-14 20:45:00,1.179385,1.179645,1.179345,1.17962,1171
2026-04-14 21:00:00,1.17962,1.179765,1.17944,1.179455,120
2026-04-14 21:15:00,1.17946,1.17951,1.179085,1.179175,71
2026-04-14 21:30:00,1.17918,1.17924,1.17903,1.179135,156
2026-04-14 21:45:00,1.179135,1.179295,1.17913,1.179195,82
2026-04-14 22:00:00,1.179225,1.17954,1.179205,1.17953,746
2026-04-14 22:15:00,1.17953,1.179955,1.179525,1.17959,598
2026-04-14 22:30:00,1.17959,1.17959,1.179375,1.179455,553
2026-04-14 22:45:00,1.179455,1.17954,1.179355,1.179515,430
2026-04-14 23:00:00,1.17951,1.179605,1.179435,1.17948,426
2026-04-14 23:15:00,1.17948,1.179765,1.17948,1.179745,202
2026-04-14 23:30:00,1.179745,1.180185,1.17968,1.18,1683
2026-04-14 23:45:00,1.180005,1.18019,1.17976,1.179845,1046
2026-04-15 00:00:00,1.17984,1.17988,1.179205,1.17923,1855
2026-04-15 00:15:00,1.17923,1.179525,1.17922,1.179475,952
2026-04-15 00:30:00,1.17948,1.17953,1.178935,1.179075,1278
2026-04-15 00:45:00,1.17908,1.17948,1.17897,1.179415,1759
2026-04-15 01:00:00,1.17941,1.179685,1.178995,1.1795,1817
2026-04-15 01:15:00,1.179505,1.17951,1.179135,1.1793,1282
2026-04-15 01:30:00,1.179295,1.179345,1.17899,1.17903,1000
2026-04-15 01:45:00,1.179035,1.179285,1.178975,1.17908,1287
2026-04-15 02:00:00,1.17908,1.179095,1.17859,1.178635,861
2026-04-15 02:15:00,1.178635,1.17872,1.17824,1.17825,773
2026-04-15 02:30:00,1.17826,1.178385,1.177875,1.17837,1236
2026-04-15 02:45:00,1.17837,1.178425,1.178195,1.17834,866
2026-04-15 03:00:00,1.17835,1.178395,1.17803,1.17835,842
2026-04-15 03:15:00,1.178355,1.178755,1.17834,1.178755,707
2026-04-15 03:30:00,1.178755,1.17881,1.17854,1.1787,613
2026-04-15 03:45:00,1.178695,1.17893,1.17869,1.178725,676
2026-04-15 04:00:00,1.178715,1.178935,1.178635,1.178825,603
2026-04-15 04:15:00,1.178825,1.17886,1.178705,1.178805,491
2026-04-15 04:30:00,1.1788,1.17896,1.17869,1.178805,449
2026-04-15 04:45:00,1.178805,1.17891,1.17875,1.17886,530
2026-04-15 05:00:00,1.17886,1.17936,1.178835,1.179305,2035
2026-04-15 05:15:00,1.1793,1.17984,1.179195,1.179265,1467
2026-04-15 05:30:00,1.17927,1.17927,1.17892,1.179145,1259
2026-04-15 05:45:00,1.179145,1.17934,1.178955,1.179205,1462
2026-04-15 06:00:00,1.1792,1.179935,1.179145,1.179335,1878
2026-04-15 06:15:00,1.17934,1.17937,1.178865,1.179155,2003
2026-04-15 06:30:00,1.17915,1.17924,1.17853,1.17864,2001
2026-04-15 06:45:00,1.17864,1.178735,1.178385,1.17842,1920
2026-04-15 07:00:00,1.178415,1.17884,1.17837,1.178615,2872
2026-04-15 07:15:00,1.17862,1.178785,1.17828,1.178765,2292
2026-04-15 07:30:00,1.178765,1.17906,1.178535,1.178905,2018
2026-04-15 07:45:00,1.178905,1.17897,1.17842,1.178565,2404
2026-04-15 08:00:00,1.17856,1.179055,1.17853,1.17901,2284
2026-04-15 08:15:00,1.179005,1.179545,1.178985,1.17919,2033
2026-04-15 08:30:00,1.179195,1.179195,1.17872,1.17895,1795
2026-04-15 08:45:00,1.178945,1.179055,1.178605,1.178945,1559
2026-04-15 09:00:00,1.178945,1.179145,1.1775,1.1782,6490
2026-04-15 09:15:00,1.1782,1.17868,1.178145,1.178455,2924
2026-04-15 09:30:00,1.178455,1.17851,1.17794,1.1782,2214
2026-04-15 09:45:00,1.178195,1.17836,1.177835,1.17816,2003
2026-04-15 10:00:00,1.178155,1.178665,1.17786,1.178505,2475
2026-04-15 10:15:00,1.1785,1.17851,1.1773,1.17756,4501
2026-04-15 10:30:00,1.177555,1.17812,1.1772,1.177905,3705
2026-04-15 10:45:00,1.17791,1.17837,1.17768,1.177695,3413
2026-04-15 11:00:00,1.1777,1.17796,1.177485,1.177755,2047
2026-04-15 11:15:00,1.17775,1.17795,1.177545,1.17766,2094
2026-04-15 11:30:00,1.17767,1.17802,1.177545,1.17772,1886
2026-04-15 11:45:00,1.17772,1.17846,1.17732,1.178305,4103
2026-04-15 12:00:00,1.17831,1.17846,1.17772,1.17785,3140
2026-04-15 12:15:00,1.177855,1.17846,1.17781,1.178405,2782
2026-04-15 12:30:00,1.17841,1.178825,1.177975,1.178125,1886
2026-04-15 12:45:00,1.178125,1.17929,1.177915,1.17881,2901
2026-04-15 13:00:00,1.178815,1.179105,1.178545,1.17875,2437
2026-04-15 13:15:00,1.178755,1.179685,1.17864,1.17962,2428
2026-04-15 13:30:00,1.17963,1.17975,1.178435,1.17849,4179
2026-04-15 13:45:00,1.178485,1.178915,1.17841,1.178795,3151
2026-04-15 14:00:00,1.178795,1.17924,1.17844,1.17913,3136
2026-04-15 14:15:00,1.17913,1.179945,1.179055,1.17994,3479
2026-04-15 14:30:00,1.179945,1.18002,1.179195,1.179605,3314
2026-04-15 14:45:00,1.17961,1.17988,1.17937,1.17966,4008
2026-04-15 15:00:00,1.179665,1.180265,1.179455,1.180155,3901
2026-04-15 15:15:00,1.180145,1.18081,1.17991,1.180405,2932
2026-04-15 15:30:00,1.18041,1.18041,1.179795,1.180095,3422
2026-04-15 15:45:00,1.18009,1.180275,1.17981,1.179815,2061
2026-04-15 16:00:00,1.179805,1.18021,1.17975,1.1802,2615
2026-04-15 16:15:00,1.1802,1.180275,1.17987,1.18004,2673
2026-04-15 16:30:00,1.180045,1.18025,1.179745,1.18011,2066
2026-04-15 16:45:00,1.180115,1.180225,1.17993,1.18009,1995
2026-04-15 17:00:00,1.180085,1.18021,1.17996,1.18001,1452
2026-04-15 17:15:00,1.180005,1.180155,1.179835,1.179945,1177
2026-04-15 17:30:00,1.17994,1.179955,1.179405,1.1795,2041
2026-04-15 17:45:00,1.179505,1.179545,1.179265,1.179485,1217
2026-04-15 18:00:00,1.17949,1.18014,1.179365,1.180035,4146
2026-04-15 18:15:00,1.18003,1.180195,1.17993,1.17998,2017
2026-04-15 18:30:00,1.179985,1.180005,1.17966,1.179755,1134
2026-04-15 18:45:00,1.17976,1.18017,1.17971,1.18004,1570
2026-04-15 19:00:00,1.180035,1.18049,1.17987,1.17996,1569
2026-04-15 19:15:00,1.17996,1.18015,1.17986,1.180105,1053
2026-04-15 19:30:00,1.1801,1.180345,1.180085,1.18016,904
2026-04-15 19:45:00,1.18016,1.18029,1.179975,1.179985,850
2026-04-15 20:00:00,1.179985,1.18001,1.179535,1.179855,736
2026-04-15 20:15:00,1.17986,1.17986,1.179665,1.179775,1093
2026-04-15 20:30:00,1.179775,1.179805,1.179545,1.179745,1074
2026-04-15 20:45:00,1.17975,1.180095,1.17973,1.17989,1138
2026-04-15 21:00:00,1.17993,1.18017,1.17986,1.179895,79
2026-04-15 21:15:00,1.179895,1.179995,1.17988,1.1799,148
2026-04-15 21:30:00,1.1799,1.180325,1.179865,1.180205,631
2026-04-15 21:45:00,1.18021,1.18025,1.17981,1.17982,411
2026-04-15 22:00:00,1.17981,1.180335,1.17981,1.180235,588
2026-04-15 22:15:00,1.180235,1.180235,1.179975,1.180135,427
2026-04-15 22:30:00,1.180135,1.1802,1.180095,1.18015,455
2026-04-15 22:45:00,1.18015,1.180315,1.18014,1.18025,459
2026-04-15 23:00:00,1.18025,1.18047,1.18025,1.1804,486
2026-04-15 23:15:00,1.1804,1.180485,1.18034,1.180405,263
2026-04-15 23:30:00,1.180405,1.1807,1.180325,1.18068,361
2026-04-15 23:45:00,1.180675,1.180785,1.180655,1.180675,395
2026-04-16 00:00:00,1.180675,1.18086,1.18027,1.18037,1070
2026-04-16 00:15:00,1.180365,1.180665,1.18034,1.18048,736
2026-04-16 00:30:00,1.180485,1.18056,1.180315,1.18039,484
2026-04-16 00:45:00,1.18039,1.180755,1.180305,1.18075,841
2026-04-16 01:00:00,1.180745,1.18094,1.180655,1.180715,936
2026-04-16 01:15:00,1.18071,1.18072,1.18041,1.180415,862
2026-04-16 01:30:00,1.180415,1.1806,1.179685,1.180085,1097
2026-04-16 01:45:00,1.18008,1.180375,1.180065,1.180255,1215
2026-04-16 02:00:00,1.18025,1.180595,1.180205,1.180245,1130
2026-04-16 02:15:00,1.18025,1.18045,1.18023,1.18039,800
2026-04-16 02:30:00,1.18039,1.18175,1.18039,1.18165,1550
2026-04-16 02:45:00,1.181645,1.181765,1.181255,1.181715,1173
2026-04-16 03:00:00,1.18171,1.182385,1.18171,1.18189,1970
2026-04-16 03:15:00,1.181885,1.181965,1.18153,1.181555,876
2026-04-16 03:30:00,1.18155,1.18163,1.181215,1.18143,799
2026-04-16 03:45:00,1.18143,1.18161,1.18128,1.181305,728
2026-04-16 04:00:00,1.1813,1.18131,1.18105,1.18114,578
2026-04-16 04:15:00,1.18114,1.181315,1.181045,1.1811,563
2026-04-16 04:30:00,1.1811,1.18119,1.18099,1.18104,453
2026-04-16 04:45:00,1.18103,1.181055,1.18083,1.180945,529
2026-04-16 05:00:00,1.180935,1.181005,1.18076,1.18079,652
2026-04-16 05:15:00,1.18079,1.18085,1.180315,1.180445,773
2026-04-16 05:30:00,1.180445,1.180885,1.1803,1.18041,1152
2026-04-16 05:45:00,1.18041,1.18078,1.180405,1.180435,913
2026-04-16 06:00:00,1.180425,1.180705,1.18005,1.18015,1594
2026-04-16 06:15:00,1.18015,1.18021,1.17949,1.17973,1246
2026-04-16 06:30:00,1.179735,1.179865,1.17934,1.179855,1632
2026-04-16 06:45:00,1.179855,1.180555,1.179755,1.180325,1774
2026-04-16 07:00:00,1.18033,1.180475,1.179855,1.180105,2328
2026-04-16 07:15:00,1.18012,1.180135,1.179435,1.179835,1784
2026-04-16 07:30:00,1.17984,1.17984,1.179285,1.179645,1708
2026-04-16 07:45:00,1.179645,1.179645,1.1791,1.179155,1954
2026-04-16 08:00:00,1.17915,1.179395,1.1784,1.17843,1979
2026-04-16 08:15:00,1.178435,1.17867,1.17764,1.177975,2805
2026-04-16 08:30:00,1.177975,1.178445,1.17794,1.17836,1911
2026-04-16 08:45:00,1.178365,1.178845,1.17836,1.178625,1520
2026-04-16 09:00:00,1.1786,1.17877,1.178125,1.178175,1478
2026-04-16 09:15:00,1.178175,1.17839,1.177825,1.177905,1505
2026-04-16 09:30:00,1.177905,1.17854,1.17769,1.17799,1533
2026-04-16 09:45:00,1.177985,1.17824,1.177735,1.177955,1838
2026-04-16 10:00:00,1.17795,1.178035,1.1775,1.178025,1208
2026-04-16 10:15:00,1.17802,1.17802,1.177295,1.17733,759
2026-04-16 10:30:00,1.177325,1.17782,1.17725,1.17777,858
2026-04-16 10:45:00,1.177765,1.178015,1.17763,1.177985,1161
2026-04-16 11:00:00,1.17798,1.17885,1.17798,1.17861,1651
2026-04-16 11:15:00,1.178605,1.178875,1.17841,1.178595,963
2026-04-16 11:30:00,1.17859,1.178705,1.1782,1.178435,1368
2026-04-16 11:45:00,1.178435,1.178565,1.17803,1.178405,1788
2026-04-16 12:00:00,1.17842,1.17847,1.17775,1.178,2501
2026-04-16 12:15:00,1.178005,1.17827,1.1776,1.17817,1929
2026-04-16 12:30:00,1.17816,1.17838,1.177665,1.178365,2499
2026-04-16 12:45:00,1.17836,1.17846,1.17815,1.178155,1833
2026-04-16 13:00:00,1.178165,1.17834,1.17781,1.178115,1591
2026-04-16 13:15:00,1.178115,1.178355,1.178055,1.178105,1589
2026-04-16 13:30:00,1.178105,1.178155,1.17756,1.177785,2908
2026-04-16 13:45:00,1.17778,1.177985,1.17671,1.177245,4454
2026-04-16 14:00:00,1.17725,1.17781,1.176905,1.177695,3979
2026-04-16 14:15:00,1.177695,1.17786,1.1773,1.17784,4189
2026-04-16 14:30:00,1.177845,1.178075,1.177485,1.177985,3187
2026-04-16 14:45:00,1.177985,1.178215,1.176895,1.177165,3486
2026-04-16 15:00:00,1.17715,1.17797,1.17701,1.177845,2965
2026-04-16 15:15:00,1.17784,1.17806,1.17743,1.177475,2519
2026-04-16 15:30:00,1.17747,1.178155,1.17738,1.177755,3785
2026-04-16 15:45:00,1.177755,1.17822,1.177645,1.17821,2114
2026-04-16 16:00:00,1.178215,1.178555,1.177945,1.178545,1681
2026-04-16 16:15:00,1.17855,1.17872,1.178065,1.178095,1411
2026-04-16 16:30:00,1.178085,1.178135,1.176885,1.17746,3989
2026-04-16 16:45:00,1.177465,1.1776,1.17704,1.17749,2263
2026-04-16 17:00:00,1.177495,1.177555,1.176825,1.17684,1956
2026-04-16 17:15:00,1.17685,1.177325,1.17684,1.17714,1731
2026-04-16 17:30:00,1.17714,1.177545,1.17714,1.17739,1103
2026-04-16 17:45:00,1.177375,1.177415,1.17711,1.17735,1205
2026-04-16 18:00:00,1.177355,1.178105,1.17732,1.17767,2186
2026-04-16 18:15:00,1.177665,1.17785,1.177605,1.17782,1735
2026-04-16 18:30:00,1.177825,1.178085,1.177715,1.17782,1581
2026-04-16 18:45:00,1.177815,1.17808,1.17772,1.177965,1119
2026-04-16 19:00:00,1.17797,1.178305,1.17797,1.178115,1044
2026-04-16 19:15:00,1.17811,1.178465,1.178055,1.178345,1545
2026-04-16 19:30:00,1.178345,1.178575,1.178245,1.178245,947
2026-04-16 19:45:00,1.178245,1.17832,1.178075,1.17811,1570
2026-04-16 20:00:00,1.178115,1.17826,1.177955,1.178165,620
2026-04-16 20:15:00,1.178165,1.178195,1.177855,1.178065,811
2026-04-16 20:30:00,1.178065,1.178325,1.178065,1.178255,498
2026-04-16 20:45:00,1.178265,1.178335,1.178025,1.178025,647
2026-04-16 21:00:00,1.17801,1.178155,1.177905,1.17814,79
2026-04-16 21:15:00,1.178165,1.178225,1.178065,1.178135,75
2026-04-16 21:30:00,1.17814,1.178195,1.178045,1.178115,69
2026-04-16 21:45:00,1.17812,1.178155,1.17802,1.1781,67
2026-04-16 22:00:00,1.178085,1.178735,1.17802,1.178615,640
2026-04-16 22:15:00,1.17862,1.17862,1.17841,1.178605,373
2026-04-16 22:30:00,1.178605,1.178605,1.178455,1.178545,472
2026-04-16 22:45:00,1.178545,1.178565,1.17849,1.178525,478
2026-04-16 23:00:00,1.178515,1.178565,1.17834,1.17846,595
2026-04-16 23:15:00,1.17846,1.17864,1.178455,1.178565,417
2026-04-16 23:30:00,1.178565,1.17857,1.178355,1.178365,324
2026-04-16 23:45:00,1.178365,1.17838,1.17808,1.178105,538
2026-04-17 00:00:00,1.1781,1.1781,1.1777,1.17783,1173
2026-04-17 00:15:00,1.17783,1.178205,1.177765,1.17811,1043
2026-04-17 00:30:00,1.17811,1.178325,1.17806,1.178215,707
2026-04-17 00:45:00,1.178205,1.178285,1.177875,1.1779,1119
2026-04-17 01:00:00,1.177895,1.177985,1.17747,1.17771,1302
2026-04-17 01:15:00,1.177715,1.177855,1.17746,1.17755,854
2026-04-17 01:30:00,1.177555,1.177745,1.17748,1.17768,909
2026-04-17 01:45:00,1.17768,1.177805,1.177535,1.177605,901
2026-04-17 02:00:00,1.17761,1.177655,1.177305,1.177435,643
2026-04-17 02:15:00,1.177435,1.177625,1.17741,1.17756,532
2026-04-17 02:30:00,1.177565,1.177745,1.1775,1.17759,621
2026-04-17 02:45:00,1.17759,1.17779,1.17756,1.177715,587
2026-04-17 03:00:00,1.177705,1.177915,1.177705,1.17776,628
2026-04-17 03:15:00,1.17776,1.177775,1.177545,1.177595,637
2026-04-17 03:30:00,1.1776,1.178095,1.177565,1.17803,555
2026-04-17 03:45:00,1.17803,1.17853,1.17803,1.17834,527
2026-04-17 04:00:00,1.178335,1.17842,1.17826,1.178365,395
2026-04-17 04:15:00,1.17836,1.178375,1.178155,1.17826,665
2026-04-17 04:30:00,1.178265,1.17838,1.17815,1.178315,475
2026-04-17 04:45:00,1.178325,1.17843,1.1782,1.17826,658
2026-04-17 05:00:00,1.178265,1.178325,1.17799,1.17821,1149
2026-04-17 05:15:00,1.178205,1.17845,1.17815,1.17842,790
2026-04-17 05:30:00,1.17843,1.17844,1.17806,1.1782,874
2026-04-17 05:45:00,1.178205,1.178365,1.17806,1.17806,878
2026-04-17 06:00:00,1.178065,1.178325,1.17773,1.17782,1760
2026-04-17 06:15:00,1.177815,1.177865,1.17751,1.177525,1371
2026-04-17 06:30:00,1.17752,1.177585,1.177215,1.17732,1583
2026-04-17 06:45:00,1.177315,1.17783,1.177305,1.17749,1501
2026-04-17 07:00:00,1.1775,1.178055,1.177495,1.177795,2701
2026-04-17 07:15:00,1.17779,1.178205,1.1775,1.178015,2045
2026-04-17 07:30:00,1.17802,1.17813,1.177685,1.178015,1823
2026-04-17 07:45:00,1.17801,1.178325,1.177965,1.17823,1956
2026-04-17 08:00:00,1.17824,1.178435,1.17814,1.17826,1729
2026-04-17 08:15:00,1.178255,1.17841,1.178085,1.17838,1551
2026-04-17 08:30:00,1.17838,1.179145,1.17826,1.179135,1563
2026-04-17 08:45:00,1.179125,1.17956,1.179,1.179395,1680
2026-04-17 09:00:00,1.17939,1.17965,1.17913,1.17916,1796
2026-04-17 09:15:00,1.17916,1.17994,1.17915,1.17986,1351
2026-04-17 09:30:00,1.179855,1.17986,1.179345,1.179395,1261
2026-04-17 09:45:00,1.179395,1.179485,1.179105,1.179345,1617
2026-04-17 10:00:00,1.17935,1.17946,1.179135,1.17943,1549
2026-04-17 10:15:00,1.17943,1.179595,1.179385,1.179405,1318
2026-04-17 10:30:00,1.17942,1.1796,1.179195,1.17936,1127
2026-04-17 10:45:00,1.179365,1.17959,1.17925,1.17945,1388
2026-04-17 11:00:00,1.179455,1.179685,1.17921,1.179595,1248
2026-04-17 11:15:00,1.17959,1.17987,1.17953,1.17972,1508
2026-04-17 11:30:00,1.179725,1.179815,1.17947,1.179775,1431
2026-04-17 11:45:00,1.17977,1.179945,1.179205,1.179365,1981
2026-04-17 12:00:00,1.17937,1.18006,1.17934,1.17985,2257
2026-04-17 12:15:00,1.179855,1.180915,1.17969,1.18048,3888
2026-04-17 12:30:00,1.18049,1.181315,1.180405,1.18067,3840
2026-04-17 12:45:00,1.18068,1.18376,1.18064,1.183525,14360
2026-04-17 13:00:00,1.183535,1.18492,1.183055,1.18472,9690
2026-04-17 13:15:00,1.184715,1.18472,1.183005,1.18345,9627
2026-04-17 13:30:00,1.183445,1.18434,1.183085,1.183565,8802
2026-04-17 13:45:00,1.18358,1.183745,1.18242,1.183365,8615
2026-04-17 14:00:00,1.18337,1.18361,1.181955,1.182095,5798
2026-04-17 14:15:00,1.18209,1.183245,1.182035,1.18264,5439
2026-04-17 14:30:00,1.18265,1.183205,1.18176,1.18255,6374
2026-04-17 14:45:00,1.182555,1.18269,1.18132,1.18137,5978
2026-04-17 15:00:00,1.18136,1.181665,1.180785,1.18112,6568
2026-04-17 15:15:00,1.181125,1.181425,1.18002,1.180405,5168
2026-04-17 15:30:00,1.18041,1.18103,1.179975,1.18011,4341
2026-04-17 15:45:00,1.180115,1.18069,1.18001,1.18007,3555
2026-04-17 16:00:00,1.180075,1.180075,1.179185,1.179945,4104
2026-04-17 16:15:00,1.17995,1.18047,1.17983,1.17986,2615
2026-04-17 16:30:00,1.17987,1.18015,1.179785,1.180105,1681
2026-04-17 16:45:00,1.180105,1.1802,1.179795,1.17988,1551
2026-04-17 17:00:00,1.179875,1.17988,1.17849,1.178965,4316
2026-04-17 17:15:00,1.17897,1.179585,1.178675,1.17894,4152
2026-04-17 17:30:00,1.178945,1.17924,1.178855,1.178915,2406
2026-04-17 17:45:00,1.17891,1.1796,1.1789,1.179545,1548
2026-04-17 18:00:00,1.17955,1.1796,1.178935,1.178965,1436
2026-04-17 18:15:00,1.17897,1.179775,1.17897,1.17914,2438
2026-04-17 18:30:00,1.179135,1.179375,1.17844,1.178675,2755
2026-04-17 18:45:00,1.17868,1.17873,1.17743,1.177995,4023
2026-04-17 19:00:00,1.177985,1.178375,1.17782,1.1783,2013
2026-04-17 19:15:00,1.1783,1.178385,1.177525,1.177565,1661
2026-04-17 19:30:00,1.17757,1.177655,1.176905,1.17708,1426
2026-04-17 19:45:00,1.177065,1.17719,1.17671,1.176905,1619
2026-04-17 20:00:00,1.17691,1.177145,1.17666,1.177115,722
2026-04-17 20:15:00,1.177115,1.177195,1.176425,1.17643,758
2026-04-17 20:30:00,1.176435,1.17693,1.176435,1.176645,1004
2026-04-17 20:45:00,1.176595,1.176775,1.17605,1.1764,3134
2026-04-19 21:00:00,1.1764,1.1764,1.17385,1.174055,366
2026-04-19 21:15:00,1.17404,1.174205,1.173995,1.1741,305
2026-04-19 21:30:00,1.1741,1.1741,1.17312,1.173335,445
2026-04-19 21:45:00,1.173345,1.17356,1.17315,1.17315,561
2026-04-19 22:00:00,1.173155,1.17398,1.17289,1.17353,3312
2026-04-19 22:15:00,1.173525,1.17372,1.17293,1.173165,2618
2026-04-19 22:30:00,1.17317,1.173805,1.173165,1.173735,2567
2026-04-19 22:45:00,1.173745,1.17401,1.173745,1.174,1163
2026-04-19 23:00:00,1.173995,1.174465,1.17399,1.174445,1269
2026-04-19 23:15:00,1.17445,1.174565,1.17418,1.174195,1310
2026-04-19 23:30:00,1.1742,1.174545,1.17392,1.174045,1222
2026-04-19 23:45:00,1.17405,1.17409,1.173645,1.173885,1348
2026-04-20 00:00:00,1.173895,1.175105,1.173705,1.174905,2660
2026-04-20 00:15:00,1.174905,1.175475,1.174865,1.17545,2067
2026-04-20 00:30:00,1.175455,1.17568,1.17533,1.17563,1678
2026-04-20 00:45:00,1.175635,1.175695,1.17525,1.175455,1804
2026-04-20 01:00:00,1.17545,1.17568,1.17527,1.17537,2587
2026-04-20 01:15:00,1.175375,1.1754,1.17507,1.175145,1194
2026-04-20 01:30:00,1.17515,1.17596,1.175135,1.175785,1683
2026-04-20 01:45:00,1.17578,1.175995,1.17567,1.17568,1305
2026-04-20 02:00:00,1.17568,1.17591,1.17558,1.175825,1038
2026-04-20 02:15:00,1.175825,1.17602,1.175795,1.17602,882
2026-04-20 02:30:00,1.17601,1.176175,1.17575,1.175815,895
2026-04-20 02:45:00,1.175815,1.175875,1.17546,1.175695,784
2026-04-20 03:00:00,1.175695,1.17576,1.175465,1.175655,993
2026-04-20 03:15:00,1.175655,1.17596,1.17556,1.17592,768
2026-04-20 03:30:00,1.17592,1.17626,1.175885,1.176125,777
2026-04-20 03:45:00,1.17611,1.17614,1.17595,1.176025,640
2026-04-20 04:00:00,1.17602,1.17622,1.175935,1.17604,784
2026-04-20 04:15:00,1.176035,1.17604,1.17572,1.17583,841
2026-04-20 04:30:00,1.175825,1.175865,1.17563,1.17582,845
2026-04-20 04:45:00,1.175825,1.17611,1.175785,1.17592,947
2026-04-20 05:00:00,1.1759,1.176095,1.17572,1.17576,911
2026-04-20 05:15:00,1.175755,1.175885,1.1754,1.17543,1275
2026-04-20 05:30:00,1.175425,1.17548,1.17471,1.174745,2131
2026-04-20 05:45:00,1.17475,1.17548,1.17474,1.17533,1663
2026-04-20 06:00:00,1.175335,1.17545,1.175,1.17509,3259
2026-04-20 06:15:00,1.175085,1.17513,1.174755,1.17502,1918
2026-04-20 06:30:00,1.17503,1.17625,1.17503,1.176235,4056
2026-04-20 06:45:00,1.176235,1.17658,1.175755,1.1765,4258
2026-04-20 07:00:00,1.176495,1.17682,1.17623,1.176705,4788
2026-04-20 07:15:00,1.1767,1.1772,1.17646,1.17666,3315
2026-04-20 07:30:00,1.176655,1.17669,1.17604,1.17624,4156
2026-04-20 07:45:00,1.176245,1.17625,1.175375,1.175935,2407
2026-04-20 08:00:00,1.17593,1.176365,1.175675,1.1761,3030
2026-04-20 08:15:00,1.1761,1.17624,1.175725,1.176165,2803
2026-04-20 08:30:00,1.17617,1.176285,1.175945,1.176205,2178
2026-04-20 08:45:00,1.1762,1.176475,1.17584,1.176115,2334
2026-04-20 09:00:00,1.17611,1.176485,1.176075,1.17632,2242
2026-04-20 09:15:00,1.17632,1.17635,1.17552,1.175575,1885
2026-04-20 09:30:00,1.17558,1.176245,1.175565,1.17616,1552
2026-04-20 09:45:00,1.176165,1.176585,1.17606,1.176545,1669
2026-04-20 10:00:00,1.17655,1.176945,1.17645,1.17661,1985
2026-04-20 10:15:00,1.17661,1.176775,1.176235,1.176415,1553
2026-04-20 10:30:00,1.17642,1.176775,1.17636,1.17665,1317
2026-04-20 10:45:00,1.176655,1.177145,1.17652,1.17708,2046
2026-04-20 11:00:00,1.17707,1.1773,1.17687,1.1773,2358
2026-04-20 11:15:00,1.177295,1.177485,1.177205,1.17726,1209
2026-04-20 11:30:00,1.177255,1.1774,1.17696,1.17716,2216
2026-04-20 11:45:00,1.177165,1.177555,1.176535,1.176705,2838
2026-04-20 12:00:00,1.17671,1.176835,1.175585,1.17576,3285
2026-04-20 12:15:00,1.17577,1.17615,1.175605,1.1758,1893
2026-04-20 12:30:00,1.175805,1.176485,1.175765,1.17642,2278
2026-04-20 12:45:00,1.17642,1.176765,1.17614,1.176505,1960
2026-04-20 13:00:00,1.17651,1.177155,1.17611,1.17677,4917
2026-04-20 13:15:00,1.17676,1.17744,1.17656,1.17732,3053
2026-04-20 13:30:00,1.177325,1.17813,1.177045,1.178125,4138
2026-04-20 13:45:00,1.17811,1.178165,1.1774,1.177515,3603
2026-04-20 14:00:00,1.17751,1.177515,1.17669,1.177115,4031
2026-04-20 14:15:00,1.17711,1.1776,1.177045,1.177575,3753
2026-04-20 14:30:00,1.17758,1.177715,1.177175,1.17765,3185
2026-04-20 14:45:00,1.17764,1.17782,1.176255,1.17721,6878
2026-04-20 15:00:00,1.1772,1.17746,1.17684,1.17746,4792
2026-04-20 15:15:00,1.177465,1.178685,1.177225,1.178555,6581
2026-04-20 15:30:00,1.17855,1.178955,1.17815,1.178565,4053
2026-04-20 15:45:00,1.17856,1.17862,1.17821,1.17841,2569
2026-04-20 16:00:00,1.178415,1.178765,1.17838,1.178605,2449
2026-04-20 16:15:00,1.1786,1.178815,1.178405,1.17867,1695
2026-04-20 16:30:00,1.17867,1.178725,1.178195,1.17851,1658
2026-04-20 16:45:00,1.17851,1.17865,1.1783,1.17857,1631
2026-04-20 17:00:00,1.178575,1.179035,1.17855,1.17873,2185
2026-04-20 17:15:00,1.178735,1.178765,1.178245,1.17825,1298
2026-04-20 17:30:00,1.17825,1.17863,1.178135,1.178385,2338
2026-04-20 17:45:00,1.17838,1.178435,1.178205,1.17838,958
2026-04-20 18:00:00,1.178385,1.178935,1.178325,1.178905,1873
2026-04-20 18:15:00,1.178905,1.178975,1.178355,1.17847,2109
2026-04-20 18:30:00,1.178475,1.17858,1.178115,1.17822,2018
2026-04-20 18:45:00,1.178215,1.178315,1.17787,1.178015,1900
2026-04-20 19:00:00,1.17801,1.17878,1.177965,1.178755,1390
2026-04-20 19:15:00,1.178755,1.178825,1.178465,1.17862,728
2026-04-20 19:30:00,1.178625,1.178885,1.17857,1.17872,996
2026-04-20 19:45:00,1.178715,1.178795,1.17853,1.1786,1518
2026-04-20 20:00:00,1.178605,1.17887,1.17851,1.17872,906
2026-04-20 20:15:00,1.178715,1.17872,1.178475,1.17859,320
2026-04-20 20:30:00,1.178585,1.178675,1.17836,1.178565,726
2026-04-20 20:45:00,1.17856,1.17885,1.178525,1.17884,1145
2026-04-20 21:00:00,1.178845,1.17888,1.178535,1.178635,61
2026-04-20 21:15:00,1.178635,1.17873,1.1786,1.178725,94
2026-04-20 21:30:00,1.17872,1.178805,1.17869,1.178755,825
2026-04-20 21:45:00,1.178745,1.17879,1.178505,1.178695,809
2026-04-20 22:00:00,1.178685,1.17893,1.17861,1.17865,648
2026-04-20 22:15:00,1.17865,1.178715,1.17862,1.17867,199
2026-04-20 22:30:00,1.17867,1.17874,1.178565,1.17864,2640
2026-04-20 22:45:00,1.17865,1.17905,1.17865,1.17905,1711
2026-04-20 23:00:00,1.179055,1.179105,1.1786,1.17861,371
2026-04-20 23:15:00,1.17861,1.17862,1.17848,1.178525,190
2026-04-20 23:30:00,1.178525,1.178555,1.17832,1.17854,431
2026-04-20 23:45:00,1.178545,1.178555,1.178365,1.17842,506
2026-04-21 00:00:00,1.17843,1.1785,1.17817,1.17841,1436
2026-04-21 00:15:00,1.178415,1.178555,1.17821,1.17824,1447
2026-04-21 00:30:00,1.178235,1.178465,1.178075,1.17842,1190
2026-04-21 00:45:00,1.17842,1.17856,1.178145,1.17829,2279
2026-04-21 01:00:00,1.178285,1.1784,1.17816,1.17821,1528
2026-04-21 01:15:00,1.178215,1.17862,1.178195,1.17851,1401
2026-04-21 01:30:00,1.17851,1.178575,1.178275,1.17836,1313
2026-04-21 01:45:00,1.17836,1.178395,1.17796,1.17805,1053
2026-04-21 02:00:00,1.178055,1.17823,1.177905,1.17821,802
2026-04-21 02:15:00,1.17821,1.178215,1.177755,1.177995,853
2026-04-21 02:30:00,1.17799,1.17799,1.177705,1.177835,1098
2026-04-21 02:45:00,1.177835,1.17801,1.17777,1.17793,626
2026-04-21 03:00:00,1.177935,1.177965,1.17767,1.17777,1074
2026-04-21 03:15:00,1.17777,1.17779,1.177455,1.17768,947
2026-04-21 03:30:00,1.177685,1.17769,1.17733,1.17738,899
2026-04-21 03:45:00,1.17738,1.17769,1.17738,1.177565,757
2026-04-21 04:00:00,1.177565,1.17766,1.17743,1.17746,655
2026-04-21 04:15:00,1.177455,1.17762,1.177415,1.17761,428
2026-04-21 04:30:00,1.177615,1.177675,1.177475,1.17757,459
2026-04-21 04:45:00,1.177575,1.17766,1.1775,1.17756,672
2026-04-21 05:00:00,1.177565,1.178,1.177515,1.177925,1667
2026-04-21 05:15:00,1.17793,1.178225,1.1779,1.17814,1168
2026-04-21 05:30:00,1.17814,1.178215,1.17802,1.17803,1441
2026-04-21 05:45:00,1.178025,1.17808,1.17781,1.177835,1125
2026-04-21 06:00:00,1.17783,1.178015,1.17721,1.17767,3569
2026-04-21 06:15:00,1.177665,1.177675,1.177215,1.177455,1430
2026-04-21 06:30:00,1.17746,1.177645,1.1772,1.17757,1540
2026-04-21 06:45:00,1.17756,1.177675,1.17721,1.17747,1865
2026-04-21 07:00:00,1.177465,1.177705,1.177165,1.177405,2711
2026-04-21 07:15:00,1.17741,1.17767,1.17729,1.177485,2105
2026-04-21 07:30:00,1.177485,1.17752,1.17709,1.177185,1793
2026-04-21 07:45:00,1.177175,1.177415,1.176345,1.17642,2714
2026-04-21 08:00:00,1.176415,1.176625,1.17569,1.17575,4230
2026-04-21 08:15:00,1.175745,1.17657,1.175735,1.17634,2845
2026-04-21 08:30:00,1.17633,1.17671,1.17616,1.17659,2285
2026-04-21 08:45:00,1.176585,1.176625,1.176225,1.176535,1298
2026-04-21 09:00:00,1.17653,1.17654,1.1758,1.17589,2600
2026-04-21 09:15:00,1.175895,1.176235,1.175685,1.17579,1646
2026-04-21 09:30:00,1.175795,1.17606,1.17571,1.175985,1436
2026-04-21 09:45:00,1.17598,1.17626,1.175655,1.175955,1928
2026-04-21 10:00:00,1.17596,1.17615,1.175795,1.17591,1565
2026-04-21 10:15:00,1.175895,1.175955,1.17566,1.17579,1401
2026-04-21 10:30:00,1.17579,1.1761,1.175755,1.175975,1644
2026-04-21 10:45:00,1.17597,1.176155,1.17589,1.176105,1929
2026-04-21 11:00:00,1.17611,1.176295,1.17562,1.175865,3175
2026-04-21 11:15:00,1.17587,1.17663,1.175765,1.17663,2401
2026-04-21 11:30:00,1.176635,1.17685,1.17642,1.17646,1839
2026-04-21 11:45:00,1.176465,1.17677,1.17643,1.176715,1764
2026-04-21 12:00:00,1.17672,1.176825,1.176505,1.1768,2094
2026-04-21 12:15:00,1.176805,1.17683,1.17601,1.176075,2462
2026-04-21 12:30:00,1.17607,1.176385,1.175415,1.175845,5793
2026-04-21 12:45:00,1.175855,1.176105,1.175605,1.175925,3825
2026-04-21 13:00:00,1.17593,1.17636,1.175785,1.17622,2964
2026-04-21 13:15:00,1.176225,1.176725,1.176125,1.17671,2974
2026-04-21 13:30:00,1.1767,1.177165,1.17658,1.17677,4246
2026-04-21 13:45:00,1.176765,1.177025,1.17653,1.17657,3007
2026-04-21 14:00:00,1.176575,1.176935,1.176505,1.176815,3000
2026-04-21 14:15:00,1.17682,1.17705,1.17641,1.176575,3269
2026-04-21 14:30:00,1.17658,1.1776,1.17639,1.17716,4298
2026-04-21 14:45:00,1.177155,1.177155,1.17519,1.175245,7071
2026-04-21 15:00:00,1.17524,1.175925,1.17486,1.1758,6072
2026-04-21 15:15:00,1.175795,1.17598,1.17468,1.1747,4492
2026-04-21 15:30:00,1.174695,1.17495,1.17412,1.174765,4027
2026-04-21 15:45:00,1.174775,1.1752,1.17467,1.17515,2943
2026-04-21 16:00:00,1.175155,1.17558,1.17514,1.175265,3952
2026-04-21 16:15:00,1.17526,1.175295,1.174525,1.17456,2314
2026-04-21 16:30:00,1.174555,1.174835,1.174285,1.174355,2228
2026-04-21 16:45:00,1.17435,1.17448,1.174045,1.17415,1999
2026-04-21 17:00:00,1.174145,1.17423,1.172255,1.172535,6185
2026-04-21 17:15:00,1.17253,1.17325,1.172025,1.17322,4277
2026-04-21 17:30:00,1.173225,1.17638,1.17321,1.175865,7819
2026-04-21 17:45:00,1.17587,1.175945,1.17397,1.17429,4317
2026-04-21 18:00:00,1.17428,1.174725,1.17382,1.17384,3909
2026-04-21 18:15:00,1.173835,1.1741,1.17293,1.17321,4840
2026-04-21 18:30:00,1.173215,1.173745,1.17319,1.17331,4160
2026-04-21 18:45:00,1.173305,1.17439,1.17324,1.17407,5022
2026-04-21 19:00:00,1.174075,1.17524,1.174065,1.174745,5376
2026-04-21 19:15:00,1.17474,1.17513,1.17434,1.175,5263
2026-04-21 19:30:00,1.175005,1.175015,1.171895,1.172435,8093
2026-04-21 19:45:00,1.17243,1.17315,1.1723,1.17255,7881
2026-04-21 20:00:00,1.172545,1.17536,1.17234,1.17452,8287
2026-04-21 20:15:00,1.17453,1.17525,1.17421,1.174865,5022
2026-04-21 20:30:00,1.17487,1.174965,1.174405,1.174465,4129
2026-04-21 20:45:00,1.17446,1.174465,1.17408,1.174315,2555
2026-04-21 21:00:00,1.174305,1.17526,1.174235,1.174355,259
2026-04-21 21:15:00,1.174385,1.174385,1.17344,1.17354,396
2026-04-21 21:30:00,1.173545,1.174645,1.173535,1.174315,235
2026-04-21 21:45:00,1.174315,1.174335,1.173865,1.17408,456
2026-04-21 22:00:00,1.174075,1.174405,1.173955,1.17407,654
2026-04-21 22:15:00,1.174065,1.174145,1.173885,1.173925,603
2026-04-21 22:30:00,1.173925,1.174075,1.173895,1.17393,996
2026-04-21 22:45:00,1.173935,1.17396,1.17388,1.17389,339
2026-04-21 23:00:00,1.173885,1.17395,1.17374,1.17389,472
2026-04-21 23:15:00,1.173885,1.174155,1.173845,1.174095,477
2026-04-21 23:30:00,1.174095,1.1742,1.17402,1.174065,346
2026-04-21 23:45:00,1.174065,1.17442,1.174065,1.174405,615
2026-04-22 00:00:00,1.1744,1.17514,1.17437,1.174925,1563
2026-04-22 00:15:00,1.17493,1.175135,1.174675,1.17468,1206
2026-04-22 00:30:00,1.17469,1.17504,1.17467,1.17479,1191
2026-04-22 00:45:00,1.17479,1.174845,1.17431,1.17438,1702
2026-04-22 01:00:00,1.174375,1.1747,1.17386,1.17403,1764
2026-04-22 01:15:00,1.17403,1.17431,1.173935,1.174165,1083
2026-04-22 01:30:00,1.17416,1.1747,1.174135,1.17432,1277
2026-04-22 01:45:00,1.17432,1.17459,1.17428,1.174465,1054
2026-04-22 02:00:00,1.17447,1.17484,1.17447,1.17475,1326
2026-04-22 02:15:00,1.174755,1.174775,1.17449,1.17462,882
2026-04-22 02:30:00,1.174625,1.17468,1.174405,1.174405,759
2026-04-22 02:45:00,1.17441,1.17449,1.17398,1.174065,851
2026-04-22 03:00:00,1.17406,1.174255,1.17387,1.174055,844
2026-04-22 03:15:00,1.174055,1.174105,1.173975,1.17408,692
2026-04-22 03:30:00,1.174085,1.17424,1.173895,1.17402,677
2026-04-22 03:45:00,1.17402,1.174045,1.173765,1.17385,765
2026-04-22 04:00:00,1.173845,1.174075,1.17383,1.173985,689
2026-04-22 04:15:00,1.17399,1.174095,1.173915,1.174065,452
2026-04-22 04:30:00,1.17406,1.174185,1.17384,1.174145,648
2026-04-22 04:45:00,1.174145,1.17424,1.173875,1.17395,829
2026-04-22 05:00:00,1.173955,1.174345,1.173905,1.174255,1125
2026-04-22 05:15:00,1.17425,1.176265,1.17417,1.175705,5535
2026-04-22 05:30:00,1.17571,1.17574,1.175125,1.175275,2230
2026-04-22 05:45:00,1.17528,1.175415,1.17495,1.175065,1395
2026-04-22 06:00:00,1.17506,1.17524,1.174475,1.174915,2391
2026-04-22 06:15:00,1.17491,1.175385,1.17472,1.17536,1712
2026-04-22 06:30:00,1.175355,1.175515,1.17484,1.1749,1949
2026-04-22 06:45:00,1.174895,1.175215,1.174835,1.174935,1557
2026-04-22 07:00:00,1.17493,1.175215,1.17489,1.17509,2056
2026-04-22 07:15:00,1.175095,1.175095,1.174605,1.174895,2058
2026-04-22 07:30:00,1.17489,1.17535,1.174745,1.175285,1958
2026-04-22 07:45:00,1.17528,1.175635,1.17497,1.17554,2242
2026-04-22 08:00:00,1.175535,1.17581,1.175175,1.17571,2331
2026-04-22 08:15:00,1.175705,1.17592,1.17504,1.175315,2386
2026-04-22 08:30:00,1.17532,1.175445,1.17475,1.175035,2210
2026-04-22 08:45:00,1.175035,1.17545,1.175035,1.175375,1880
2026-04-22 09:00:00,1.17537,1.17575,1.175195,1.1756,2289
2026-04-22 09:15:00,1.175595,1.175595,1.17506,1.17519,1777
2026-04-22 09:30:00,1.175195,1.1754,1.175135,1.17522,1235
2026-04-22 09:45:00,1.175215,1.17526,1.174645,1.17477,1545
2026-04-22 10:00:00,1.17476,1.175085,1.174375,1.17459,2526
2026-04-22 10:15:00,1.174595,1.175055,1.17459,1.174975,1530
2026-04-22 10:30:00,1.17497,1.1752,1.17487,1.175015,1468
2026-04-22 10:45:00,1.17501,1.17533,1.17495,1.175145,1308
2026-04-22 11:00:00,1.17515,1.175155,1.17457,1.174585,1687
2026-04-22 11:15:00,1.17458,1.174825,1.17425,1.17443,1970
2026-04-22 11:30:00,1.17443,1.17458,1.173825,1.17385,2614
2026-04-22 11:45:00,1.173845,1.174075,1.1732,1.17347,2443
2026-04-22 12:00:00,1.17346,1.173775,1.173025,1.17323,2371
2026-04-22 12:15:00,1.17323,1.17372,1.17273,1.17278,2304
2026-04-22 12:30:00,1.17279,1.17291,1.17247,1.17262,3518
2026-04-22 12:45:00,1.172625,1.17305,1.172535,1.172765,2517
2026-04-22 13:00:00,1.17277,1.17345,1.172385,1.172585,3418
2026-04-22 13:15:00,1.172585,1.173865,1.17249,1.173245,5184
2026-04-22 13:30:00,1.17325,1.17415,1.17281,1.17406,4937
2026-04-22 13:45:00,1.17407,1.174335,1.17372,1.17408,3237
2026-04-22 14:00:00,1.17409,1.174325,1.173385,1.173445,2919
2026-04-22 14:15:00,1.17345,1.17402,1.17311,1.17338,3024
2026-04-22 14:30:00,1.173385,1.173495,1.17264,1.172885,4575
2026-04-22 14:45:00,1.172885,1.17318,1.17184,1.171845,3987
2026-04-22 15:00:00,1.17185,1.1722,1.17153,1.172,3980
2026-04-22 15:15:00,1.172,1.17232,1.171665,1.172185,2116
2026-04-22 15:30:00,1.172195,1.172405,1.17133,1.171385,2980
2026-04-22 15:45:00,1.17138,1.171675,1.171245,1.17133,2362
2026-04-22 16:00:00,1.17134,1.17155,1.17118,1.171435,2490
2026-04-22 16:15:00,1.171435,1.171455,1.17102,1.17126,1840
2026-04-22 16:30:00,1.171255,1.17157,1.17101,1.171345,1758
2026-04-22 16:45:00,1.17135,1.17155,1.171185,1.17127,1762
2026-04-22 17:00:00,1.171265,1.171695,1.17113,1.17132,2654
2026-04-22 17:15:00,1.171325,1.171685,1.1713,1.171505,1250
2026-04-22 17:30:00,1.17151,1.171695,1.17129,1.17148,1261
2026-04-22 17:45:00,1.17148,1.17154,1.171,1.17104,1412
2026-04-22 18:00:00,1.171035,1.1713,1.170875,1.171135,982
2026-04-22 18:15:00,1.171135,1.171135,1.17077,1.17091,969
2026-04-22 18:30:00,1.170905,1.171195,1.1708,1.171185,1267
2026-04-22 18:45:00,1.17118,1.171215,1.17079,1.170895,918
2026-04-22 19:00:00,1.1709,1.17101,1.17059,1.170945,1736
2026-04-22 19:15:00,1.17094,1.17112,1.17085,1.171035,1074
2026-04-22 19:30:00,1.171035,1.17104,1.17069,1.17077,857
2026-04-22 19:45:00,1.17077,1.17079,1.1705,1.17057,1267
2026-04-22 20:00:00,1.170565,1.17058,1.1703,1.170555,857
2026-04-22 20:15:00,1.170555,1.170675,1.17049,1.170665,799
2026-04-22 20:30:00,1.170675,1.17076,1.17032,1.170625,1417
2026-04-22 20:45:00,1.17062,1.170795,1.170465,1.170505,1984
2026-04-22 21:00:00,1.1705,1.17073,1.17047,1.170565,67
2026-04-22 21:15:00,1.170565,1.170635,1.17047,1.1705,114
2026-04-22 21:30:00,1.170495,1.17058,1.17043,1.170565,218
2026-04-22 21:45:00,1.170565,1.17091,1.17056,1.170815,342
2026-04-22 22:00:00,1.17084,1.170915,1.170615,1.170625,285
2026-04-22 22:15:00,1.17062,1.170725,1.17061,1.17066,312
2026-04-22 22:30:00,1.170655,1.17073,1.17053,1.170535,305
2026-04-22 22:45:00,1.170535,1.17072,1.170535,1.17064,303
2026-04-22 23:00:00,1.170645,1.17066,1.17047,1.170565,526
2026-04-22 23:15:00,1.170565,1.170655,1.170525,1.170655,198
2026-04-22 23:30:00,1.170655,1.17072,1.170575,1.170675,179
2026-04-22 23:45:00,1.170675,1.170725,1.17052,1.17057,826
2026-04-23 00:00:00,1.170565,1.17077,1.169785,1.16979,3596
2026-04-23 00:15:00,1.169785,1.1713,1.16924,1.17105,8581
2026-04-23 00:30:00,1.171045,1.17137,1.17099,1.1711,2890
2026-04-23 00:45:00,1.171095,1.1713,1.17096,1.17116,2186
2026-04-23 01:00:00,1.171165,1.171295,1.170905,1.17095,1896
2026-04-23 01:15:00,1.170955,1.1712,1.170775,1.17086,1618
2026-04-23 01:30:00,1.170865,1.17125,1.170815,1.171155,1677
2026-04-23 01:45:00,1.17116,1.17122,1.17081,1.170915,1778
2026-04-23 02:00:00,1.17092,1.171055,1.170445,1.170445,1875
2026-04-23 02:15:00,1.17045,1.17071,1.17031,1.170435,1835
2026-04-23 02:30:00,1.17044,1.17065,1.17034,1.170455,1609
2026-04-23 02:45:00,1.17045,1.170545,1.1696,1.16974,1562
2026-04-23 03:00:00,1.169745,1.170175,1.169515,1.1697,2574
2026-04-23 03:15:00,1.169695,1.16983,1.169595,1.16971,1591
2026-04-23 03:30:00,1.169715,1.169915,1.16966,1.1697,1478
2026-04-23 03:45:00,1.169695,1.16982,1.169495,1.16956,1289
2026-04-23 04:00:00,1.169575,1.1698,1.169515,1.169765,1551
2026-04-23 04:15:00,1.169765,1.16997,1.169755,1.169825,883
2026-04-23 04:30:00,1.169825,1.16997,1.16981,1.16994,590
2026-04-23 04:45:00,1.16994,1.17007,1.169905,1.170015,1000
2026-04-23 05:00:00,1.17001,1.170265,1.16996,1.17018,1143
2026-04-23 05:15:00,1.17018,1.17033,1.170175,1.17023,1073
2026-04-23 05:30:00,1.170225,1.17037,1.1701,1.17022,1403
2026-04-23 05:45:00,1.17022,1.170715,1.170215,1.17071,1354
2026-04-23 06:00:00,1.1707,1.170805,1.170385,1.170435,1539
2026-04-23 06:15:00,1.170435,1.17063,1.17019,1.17047,1573
2026-04-23 06:30:00,1.170475,1.17081,1.170425,1.17077,1614
2026-04-23 06:45:00,1.170765,1.17092,1.170285,1.170365,1834
2026-04-23 07:00:00,1.17037,1.17121,1.17004,1.17036,3028
2026-04-23 07:15:00,1.170355,1.17074,1.17003,1.17027,3411
2026-04-23 07:30:00,1.17026,1.17026,1.16955,1.169775,3090
2026-04-23 07:45:00,1.169785,1.170385,1.169785,1.170255,2077
2026-04-23 08:00:00,1.17026,1.170455,1.170035,1.17016,2040
2026-04-23 08:15:00,1.170165,1.17053,1.17006,1.17026,1877
2026-04-23 08:30:00,1.17028,1.170455,1.16965,1.16977,3054
2026-04-23 08:45:00,1.169765,1.17025,1.169745,1.17016,1556
2026-04-23 09:00:00,1.170155,1.17024,1.169465,1.16952,2730
2026-04-23 09:15:00,1.169515,1.17012,1.16936,1.16949,2320
2026-04-23 09:30:00,1.169495,1.169675,1.169045,1.169615,2121
2026-04-23 09:45:00,1.16961,1.169685,1.16919,1.16937,2051
2026-04-23 10:00:00,1.169365,1.16962,1.16848,1.16865,2493
2026-04-23 10:15:00,1.168655,1.168705,1.168225,1.168355,2084
2026-04-23 10:30:00,1.168355,1.168665,1.168165,1.16827,1852
2026-04-23 10:45:00,1.168255,1.168375,1.16798,1.168235,2549
2026-04-23 11:00:00,1.16824,1.168295,1.16793,1.1682,1565
2026-04-23 11:15:00,1.1682,1.168335,1.167925,1.16817,1678
2026-04-23 11:30:00,1.168165,1.16843,1.16791,1.168375,2603
2026-04-23 11:45:00,1.16837,1.169785,1.168355,1.16906,5003
2026-04-23 12:00:00,1.169065,1.16982,1.168675,1.169575,4924
2026-04-23 12:15:00,1.16957,1.169575,1.16861,1.16891,2883
2026-04-23 12:30:00,1.1689,1.16977,1.16877,1.169585,3737
2026-04-23 12:45:00,1.16959,1.169825,1.168635,1.169205,6096
2026-04-23 13:00:00,1.16921,1.169355,1.16822,1.168515,3133
2026-04-23 13:15:00,1.1685,1.169075,1.16839,1.168835,3374
2026-04-23 13:30:00,1.16883,1.16952,1.16881,1.169285,4058
2026-04-23 13:45:00,1.16928,1.16968,1.16862,1.16911,4604
2026-04-23 14:00:00,1.169105,1.169815,1.16874,1.169785,4378
2026-04-23 14:15:00,1.16979,1.170735,1.16968,1.17057,3380
2026-04-23 14:30:00,1.170575,1.17077,1.170295,1.17076,3040
2026-04-23 14:45:00,1.170755,1.17165,1.170745,1.17108,4815
2026-04-23 15:00:00,1.171075,1.171315,1.17058,1.170725,3606
2026-04-23 15:15:00,1.17073,1.171555,1.17061,1.171085,3401
2026-04-23 15:30:00,1.17108,1.171125,1.170285,1.170285,2820
2026-04-23 15:45:00,1.1703,1.17081,1.17008,1.17034,4059
2026-04-23 16:00:00,1.170335,1.170395,1.169845,1.169865,2505
2026-04-23 16:15:00,1.16986,1.1704,1.169845,1.17034,2145
2026-04-23 16:30:00,1.170335,1.170515,1.170035,1.17042,1681
2026-04-23 16:45:00,1.170425,1.17057,1.17002,1.17022,1850
2026-04-23 17:00:00,1.170225,1.17028,1.168195,1.16843,7041
2026-04-23 17:15:00,1.168425,1.168815,1.16782,1.16829,6337
2026-04-23 17:30:00,1.168295,1.168765,1.16707,1.16717,8373
2026-04-23 17:45:00,1.167175,1.169345,1.16692,1.16929,11504
2026-04-23 18:00:00,1.169285,1.17,1.169105,1.16958,8737
2026-04-23 18:15:00,1.169575,1.169855,1.169285,1.169545,4754
2026-04-23 18:30:00,1.169555,1.169855,1.169165,1.16943,3120
2026-04-23 18:45:00,1.16943,1.169505,1.168795,1.168925,2759
2026-04-23 19:00:00,1.16891,1.16903,1.168435,1.16862,3545
2026-04-23 19:15:00,1.168625,1.168775,1.16842,1.16854,2171
2026-04-23 19:30:00,1.168545,1.168625,1.16803,1.16825,3605
2026-04-23 19:45:00,1.168245,1.168785,1.16804,1.16866,3635
2026-04-23 20:00:00,1.16867,1.16869,1.168165,1.168215,2106
2026-04-23 20:15:00,1.16821,1.168515,1.168065,1.16834,941
2026-04-23 20:30:00,1.168345,1.16855,1.168335,1.168475,737
2026-04-23 20:45:00,1.16847,1.16851,1.168185,1.16833,999
2026-04-23 21:00:00,1.168365,1.168855,1.16826,1.16854,967
2026-04-23 21:15:00,1.16889,1.16905,1.16787,1.168555,2447
2026-04-23 21:30:00,1.16856,1.16887,1.16814,1.16834,1198
2026-04-23 21:45:00,1.16834,1.168625,1.16831,1.16859,129
2026-04-23 22:00:00,1.16858,1.168655,1.16851,1.168595,618
2026-04-23 22:15:00,1.1686,1.168625,1.16853,1.168585,239
2026-04-23 22:30:00,1.168595,1.168645,1.168525,1.16861,304
2026-04-23 22:45:00,1.168615,1.16867,1.168555,1.168605,236
2026-04-23 23:00:00,1.168605,1.168605,1.16834,1.168345,243
2026-04-23 23:15:00,1.16835,1.16842,1.1682,1.16841,270
2026-04-23 23:30:00,1.168415,1.16845,1.168355,1.168385,224
2026-04-23 23:45:00,1.16839,1.168435,1.168295,1.168355,606
2026-04-24 00:00:00,1.168365,1.168685,1.16819,1.16868,2254
2026-04-24 00:15:00,1.168685,1.16878,1.16851,1.16872,989
2026-04-24 00:30:00,1.16872,1.16886,1.16836,1.16846,1549
2026-04-24 00:45:00,1.168455,1.16862,1.168315,1.16854,1628
2026-04-24 01:00:00,1.168545,1.16869,1.16834,1.16859,1438
2026-04-24 01:15:00,1.168585,1.168745,1.16847,1.16847,1085
2026-04-24 01:30:00,1.16845,1.16878,1.16821,1.168455,1740
2026-04-24 01:45:00,1.16845,1.16887,1.16843,1.16886,993
2026-04-24 02:00:00,1.168855,1.16894,1.16836,1.168395,988
2026-04-24 02:15:00,1.168395,1.16847,1.16804,1.16804,937
2026-04-24 02:30:00,1.168045,1.168325,1.16802,1.168045,1084
2026-04-24 02:45:00,1.16804,1.16805,1.167805,1.167905,792
2026-04-24 03:00:00,1.1679,1.168005,1.16761,1.1677,905
2026-04-24 03:15:00,1.1677,1.16777,1.167535,1.16756,799
2026-04-24 03:30:00,1.167555,1.16775,1.16729,1.16765,954
2026-04-24 03:45:00,1.167645,1.167865,1.167645,1.167815,1012
2026-04-24 04:00:00,1.16781,1.16802,1.16765,1.16793,1048
2026-04-24 04:15:00,1.16794,1.16797,1.16773,1.167805,760
2026-04-24 04:30:00,1.1678,1.168005,1.167765,1.16784,967
2026-04-24 04:45:00,1.167845,1.168165,1.16784,1.16791,988
2026-04-24 05:00:00,1.167915,1.168035,1.167655,1.16786,1302
2026-04-24 05:15:00,1.167855,1.168065,1.16781,1.167935,1073
2026-04-24 05:30:00,1.16794,1.168315,1.16794,1.168205,1132
2026-04-24 05:45:00,1.1682,1.168315,1.168075,1.16821,640
2026-04-24 06:00:00,1.168215,1.168245,1.16798,1.168165,1526
2026-04-24 06:15:00,1.16816,1.168215,1.16781,1.16806,1233
2026-04-24 06:30:00,1.168055,1.16838,1.16788,1.16825,1698
2026-04-24 06:45:00,1.168245,1.16826,1.16775,1.16786,1634
2026-04-24 07:00:00,1.167855,1.16818,1.167615,1.168125,1897
2026-04-24 07:15:00,1.168115,1.168325,1.168025,1.16812,1597
2026-04-24 07:30:00,1.16811,1.168525,1.16789,1.168515,1295
2026-04-24 07:45:00,1.16852,1.169385,1.168475,1.169115,2134
2026-04-24 08:00:00,1.169095,1.16911,1.168395,1.16871,2293
2026-04-24 08:15:00,1.1687,1.169595,1.1687,1.169165,3897
2026-04-24 08:30:00,1.16916,1.16917,1.168665,1.168705,1661
2026-04-24 08:45:00,1.1687,1.169385,1.16868,1.16899,2013
2026-04-24 09:00:00,1.168995,1.169095,1.168645,1.1688,1468
2026-04-24 09:15:00,1.168795,1.168965,1.16844,1.168515,2130
2026-04-24 09:30:00,1.16851,1.16894,1.16841,1.16876,1344
2026-04-24 09:45:00,1.16876,1.168805,1.16856,1.16865,1159
2026-04-24 10:00:00,1.168645,1.169035,1.16855,1.168825,1283
2026-04-24 10:15:00,1.168825,1.16964,1.16881,1.169605,1479
2026-04-24 10:30:00,1.16961,1.170125,1.169405,1.17002,1326
2026-04-24 10:45:00,1.17002,1.17036,1.169795,1.17033,1684
2026-04-24 11:00:00,1.17034,1.171255,1.17028,1.170785,6126
2026-04-24 11:15:00,1.170775,1.17183,1.17037,1.171795,6770
2026-04-24 11:30:00,1.1718,1.171845,1.171155,1.17167,3587
2026-04-24 11:45:00,1.171675,1.171855,1.171285,1.17147,2801
2026-04-24 12:00:00,1.171475,1.17175,1.17113,1.171545,2935
2026-04-24 12:15:00,1.17155,1.17163,1.170965,1.17137,2970
2026-04-24 12:30:00,1.17138,1.17141,1.170675,1.17075,2576
2026-04-24 12:45:00,1.170755,1.17115,1.170275,1.17088,3636
2026-04-24 13:00:00,1.170885,1.17126,1.170615,1.17081,2939
2026-04-24 13:15:00,1.170815,1.170945,1.170185,1.170225,2999
2026-04-24 13:30:00,1.17023,1.170425,1.16986,1.17039,4612
2026-04-24 13:45:00,1.170395,1.170785,1.17029,1.17069,3282
2026-04-24 14:00:00,1.170685,1.171505,1.170025,1.17107,6490
2026-04-24 14:15:00,1.171065,1.171615,1.17075,1.17116,4193
2026-04-24 14:30:00,1.171165,1.17171,1.171125,1.17118,3755
2026-04-24 14:45:00,1.171185,1.171245,1.170315,1.170635,3779
2026-04-24 15:00:00,1.17063,1.1708,1.170405,1.17053,2941
2026-04-24 15:15:00,1.170535,1.170845,1.170315,1.170725,2331
2026-04-24 15:30:00,1.17073,1.171205,1.17006,1.17096,3743
2026-04-24 15:45:00,1.17099,1.17199,1.170965,1.171765,6407
2026-04-24 16:00:00,1.17177,1.171935,1.17133,1.171585,3140
2026-04-24 16:15:00,1.17158,1.17171,1.1713,1.171345,2259
2026-04-24 16:30:00,1.17135,1.17185,1.17135,1.171505,2413
2026-04-24 16:45:00,1.1715,1.17198,1.171495,1.17191,1837
2026-04-24 17:00:00,1.171905,1.172125,1.171805,1.17192,2162
2026-04-24 17:15:00,1.171925,1.171945,1.171515,1.171615,1569
2026-04-24 17:30:00,1.171605,1.17163,1.171215,1.171425,2750
2026-04-24 17:45:00,1.17143,1.17189,1.171265,1.17135,1824
2026-04-24 18:00:00,1.171355,1.17145,1.171115,1.17139,1431
2026-04-24 18:15:00,1.171385,1.171595,1.17124,1.171495,1602
2026-04-24 18:30:00,1.17149,1.171865,1.17135,1.17181,1169
2026-04-24 18:45:00,1.17181,1.17198,1.1716,1.17178,1288
2026-04-24 19:00:00,1.171785,1.172055,1.17173,1.172005,1223
2026-04-24 19:15:00,1.17201,1.172105,1.1717,1.17181,1101
2026-04-24 19:30:00,1.171805,1.17195,1.17171,1.17174,1829
2026-04-24 19:45:00,1.17173,1.171915,1.17154,1.171855,2083
2026-04-24 20:00:00,1.17184,1.172105,1.171685,1.172,1538
2026-04-24 20:15:00,1.172,1.17207,1.17174,1.17196,716
2026-04-24 20:30:00,1.171965,1.17211,1.171735,1.172095,668
2026-04-24 20:45:00,1.1721,1.17236,1.171705,1.17206,2306
2026-04-26 21:00:00,1.17206,1.17206,1.169375,1.17004,144
2026-04-26 21:15:00,1.170045,1.17037,1.17,1.170345,158
2026-04-26 21:30:00,1.170355,1.170915,1.17018,1.170805,483
2026-04-26 21:45:00,1.170815,1.170945,1.170775,1.170905,161
2026-04-26 22:00:00,1.17089,1.171245,1.17045,1.170695,1335
2026-04-26 22:15:00,1.1707,1.170815,1.170555,1.17071,633
2026-04-26 22:30:00,1.17071,1.17085,1.17058,1.17072,404
2026-04-26 22:45:00,1.170725,1.17084,1.170615,1.1708,438
2026-04-26 23:00:00,1.1708,1.170915,1.17077,1.170845,422
2026-04-26 23:15:00,1.170845,1.170965,1.17064,1.170665,293
2026-04-26 23:30:00,1.170665,1.170665,1.17056,1.17061,416
2026-04-26 23:45:00,1.17061,1.17076,1.170535,1.17056,793
2026-04-27 00:00:00,1.170565,1.17102,1.170565,1.17101,1728
2026-04-27 00:15:00,1.171015,1.17122,1.17081,1.17117,1008
2026-04-27 00:30:00,1.17117,1.1714,1.171115,1.17139,809
2026-04-27 00:45:00,1.171395,1.17173,1.17127,1.171605,1267
2026-04-27 01:00:00,1.17161,1.172675,1.17161,1.17201,3776
2026-04-27 01:15:00,1.17201,1.172685,1.172,1.172255,1834
2026-04-27 01:30:00,1.17226,1.172455,1.17209,1.172445,1503
2026-04-27 01:45:00,1.172445,1.17266,1.1723,1.172455,1364
2026-04-27 02:00:00,1.17245,1.17256,1.17196,1.17231,1055
2026-04-27 02:15:00,1.172305,1.172575,1.1722,1.1724,836
2026-04-27 02:30:00,1.172395,1.17282,1.172395,1.17268,964
2026-04-27 02:45:00,1.17268,1.17283,1.172585,1.17265,818
2026-04-27 03:00:00,1.172655,1.172955,1.17264,1.172865,1092
2026-04-27 03:15:00,1.17286,1.172925,1.172755,1.17286,768
2026-04-27 03:30:00,1.172865,1.17318,1.1728,1.17313,660
2026-04-27 03:45:00,1.173125,1.17326,1.172945,1.17295,750
2026-04-27 04:00:00,1.17294,1.172975,1.1728,1.17291,625
2026-04-27 04:15:00,1.17291,1.173075,1.17285,1.173065,809
2026-04-27 04:30:00,1.173065,1.173165,1.172945,1.173,566
2026-04-27 04:45:00,1.173,1.173,1.1725,1.172675,1004
2026-04-27 05:00:00,1.17268,1.172805,1.17242,1.17244,1114
2026-04-27 05:15:00,1.17244,1.17265,1.17239,1.1726,930
2026-04-27 05:30:00,1.172605,1.17261,1.17239,1.17256,964
2026-04-27 05:45:00,1.172555,1.172695,1.172215,1.17224,1015
2026-04-27 06:00:00,1.172245,1.172305,1.171845,1.171935,1718
2026-04-27 06:15:00,1.171935,1.172125,1.17166,1.17189,1851
2026-04-27 06:30:00,1.171895,1.17222,1.171745,1.172,1822
2026-04-27 06:45:00,1.171995,1.17298,1.171935,1.17297,1588
2026-04-27 07:00:00,1.17295,1.17364,1.172925,1.173395,1967
2026-04-27 07:15:00,1.17339,1.17347,1.172985,1.1731,1633
2026-04-27 07:30:00,1.173095,1.17341,1.17298,1.1733,1648
2026-04-27 07:45:00,1.173295,1.17453,1.17325,1.174395,2183
2026-04-27 08:00:00,1.17438,1.17477,1.17404,1.17436,2923
2026-04-27 08:15:00,1.17436,1.17461,1.173925,1.174395,2074
2026-04-27 08:30:00,1.1744,1.17458,1.17397,1.17454,1713
2026-04-27 08:45:00,1.174535,1.17509,1.174535,1.17485,1904
2026-04-27 09:00:00,1.17485,1.175095,1.17479,1.174955,1499
2026-04-27 09:15:00,1.174955,1.17497,1.17444,1.17445,1188
2026-04-27 09:30:00,1.17446,1.174615,1.174355,1.174455,1268
2026-04-27 09:45:00,1.17445,1.174595,1.174095,1.174225,1439
2026-04-27 10:00:00,1.17422,1.17443,1.174025,1.174055,1334
2026-04-27 10:15:00,1.17405,1.174255,1.173895,1.17425,1028
2026-04-27 10:30:00,1.174245,1.174435,1.17412,1.174345,1174
2026-04-27 10:45:00,1.17434,1.174785,1.17423,1.174605,1443
2026-04-27 11:00:00,1.174605,1.17471,1.17406,1.174095,1511
2026-04-27 11:15:00,1.17409,1.17449,1.17398,1.17438,1355
2026-04-27 11:30:00,1.174385,1.174435,1.173845,1.174055,1285
2026-04-27 11:45:00,1.17406,1.174185,1.173785,1.174135,1489
2026-04-27 12:00:00,1.17414,1.17519,1.174085,1.17515,2225
2026-04-27 12:15:00,1.175155,1.175495,1.17466,1.174935,2395
2026-04-27 12:30:00,1.17494,1.174985,1.17456,1.174805,2045
2026-04-27 12:45:00,1.17481,1.175035,1.17437,1.17444,2190
2026-04-27 13:00:00,1.174445,1.17533,1.174315,1.17496,3596
2026-04-27 13:15:00,1.174955,1.175405,1.174905,1.174905,2079
2026-04-27 13:30:00,1.17491,1.17496,1.17429,1.17435,2825
2026-04-27 13:45:00,1.174355,1.17439,1.173575,1.174,3305
2026-04-27 14:00:00,1.174005,1.1742,1.17359,1.1738,3121
2026-04-27 14:15:00,1.173805,1.17419,1.17376,1.173845,2015
2026-04-27 14:30:00,1.17385,1.174555,1.173755,1.174405,2890
2026-04-27 14:45:00,1.17441,1.17482,1.173325,1.173605,3363
2026-04-27 15:00:00,1.17361,1.17369,1.17316,1.173325,2561
2026-04-27 15:15:00,1.17333,1.17368,1.173,1.173365,2171
2026-04-27 15:30:00,1.173365,1.173565,1.173145,1.1734,1946
2026-04-27 15:45:00,1.17341,1.17347,1.172925,1.173075,2143
2026-04-27 16:00:00,1.173075,1.173395,1.172915,1.17304,1297
2026-04-27 16:15:00,1.173045,1.17326,1.17283,1.17291,1507
2026-04-27 16:30:00,1.17291,1.17306,1.17288,1.17294,1195
2026-04-27 16:45:00,1.172935,1.17325,1.17251,1.172615,1253
2026-04-27 17:00:00,1.172615,1.17272,1.172195,1.172495,1756
2026-04-27 17:15:00,1.1725,1.172535,1.172015,1.17227,2139
2026-04-27 17:30:00,1.17228,1.173005,1.172265,1.17259,1391
2026-04-27 17:45:00,1.17259,1.1726,1.17226,1.17232,856
2026-04-27 18:00:00,1.172315,1.17236,1.172095,1.17234,1055
2026-04-27 18:15:00,1.17234,1.172475,1.17223,1.17226,951
2026-04-27 18:30:00,1.17225,1.17237,1.172165,1.17222,598
2026-04-27 18:45:00,1.17222,1.17235,1.17189,1.172,1147
2026-04-27 19:00:00,1.171995,1.172265,1.171915,1.172255,952
2026-04-27 19:15:00,1.172255,1.172545,1.17217,1.172495,1023
2026-04-27 19:30:00,1.17249,1.17251,1.17225,1.17242,706
2026-04-27 19:45:00,1.172415,1.172595,1.172005,1.172045,1240
2026-04-27 20:00:00,1.17206,1.172315,1.17206,1.17217,529
2026-04-27 20:15:00,1.17217,1.17225,1.17206,1.172115,294
2026-04-27 20:30:00,1.172115,1.172325,1.172095,1.172325,384
2026-04-27 20:45:00,1.17232,1.17232,1.171995,1.1721,951
2026-04-27 21:00:00,1.1721,1.17255,1.1721,1.17224,36
2026-04-27 21:15:00,1.17224,1.17225,1.17218,1.1722,42
2026-04-27 21:30:00,1.1722,1.172295,1.172195,1.172285,73
2026-04-27 21:45:00,1.172255,1.172265,1.17199,1.17219,329
2026-04-27 22:00:00,1.172185,1.172275,1.17194,1.17223,623
2026-04-27 22:15:00,1.17223,1.172265,1.172105,1.172215,475
2026-04-27 22:30:00,1.172215,1.17231,1.172195,1.172245,543
2026-04-27 22:45:00,1.172245,1.17232,1.172205,1.172235,571
2026-04-27 23:00:00,1.172235,1.172315,1.17221,1.172265,428
2026-04-27 23:15:00,1.17226,1.17232,1.172145,1.1722,347
2026-04-27 23:30:00,1.1722,1.17224,1.17216,1.172235,192
2026-04-27 23:45:00,1.17224,1.17231,1.17219,1.17231,256
2026-04-28 00:00:00,1.172315,1.172695,1.17228,1.17238,1055
2026-04-28 00:15:00,1.172375,1.172435,1.17185,1.172015,1196
2026-04-28 00:30:00,1.17202,1.17221,1.171865,1.172065,1048
2026-04-28 00:45:00,1.172065,1.172195,1.171715,1.171885,974
2026-04-28 01:00:00,1.171875,1.171875,1.171415,1.17151,1378
2026-04-28 01:15:00,1.17151,1.171675,1.171385,1.171625,835
2026-04-28 01:30:00,1.171635,1.171845,1.171515,1.171565,948
2026-04-28 01:45:00,1.171565,1.171605,1.171235,1.17128,859
2026-04-28 02:00:00,1.171275,1.171365,1.171115,1.17125,1046
2026-04-28 02:15:00,1.17125,1.17131,1.17116,1.171265,781
2026-04-28 02:30:00,1.171265,1.17129,1.171025,1.17105,851
2026-04-28 02:45:00,1.17105,1.171095,1.170795,1.17084,776
2026-04-28 03:00:00,1.170845,1.17141,1.170805,1.171315,2469
2026-04-28 03:15:00,1.171315,1.171725,1.171265,1.17169,824
2026-04-28 03:30:00,1.171695,1.1718,1.17137,1.171405,776
2026-04-28 03:45:00,1.171405,1.17146,1.171255,1.17134,347
2026-04-28 04:00:00,1.17134,1.17137,1.171185,1.17136,662
2026-04-28 04:15:00,1.17136,1.171455,1.171335,1.17141,509
2026-04-28 04:30:00,1.171405,1.17163,1.171375,1.171615,702
2026-04-28 04:45:00,1.171615,1.171635,1.17119,1.171255,615
2026-04-28 05:00:00,1.171255,1.171335,1.170935,1.171065,881
2026-04-28 05:15:00,1.171065,1.17131,1.171005,1.17128,654
2026-04-28 05:30:00,1.171275,1.17128,1.17074,1.17079,1442
2026-04-28 05:45:00,1.17079,1.170925,1.17054,1.170605,943
2026-04-28 06:00:00,1.170575,1.170815,1.170155,1.17051,1694
2026-04-28 06:15:00,1.170505,1.17056,1.170105,1.170405,1461
2026-04-28 06:30:00,1.170395,1.17046,1.169945,1.170025,1919
2026-04-28 06:45:00,1.17002,1.17011,1.16871,1.168765,2967
2026-04-28 07:00:00,1.168755,1.16944,1.16859,1.16935,3557
2026-04-28 07:15:00,1.169345,1.170085,1.169315,1.16961,2135
2026-04-28 07:30:00,1.169605,1.169805,1.169335,1.169535,1897
2026-04-28 07:45:00,1.16954,1.169985,1.16927,1.169665,2477
2026-04-28 08:00:00,1.16967,1.170425,1.16949,1.17008,4271
2026-04-28 08:15:00,1.170085,1.17078,1.170085,1.17068,2336
2026-04-28 08:30:00,1.170685,1.17071,1.169935,1.17013,2386
2026-04-28 08:45:00,1.17012,1.170395,1.17003,1.17022,1935
2026-04-28 09:00:00,1.170215,1.17022,1.169785,1.170025,2552
2026-04-28 09:15:00,1.17002,1.170045,1.16948,1.16953,1735
2026-04-28 09:30:00,1.16954,1.169555,1.168635,1.16913,1947
2026-04-28 09:45:00,1.16913,1.16992,1.169045,1.16923,3063
2026-04-28 10:00:00,1.169225,1.16941,1.16905,1.16914,2000
2026-04-28 10:15:00,1.169135,1.169345,1.169045,1.16916,1825
2026-04-28 10:30:00,1.169155,1.169575,1.169145,1.169395,2199
2026-04-28 10:45:00,1.16939,1.169585,1.169115,1.169325,2237
2026-04-28 11:00:00,1.16932,1.169945,1.16926,1.169595,3056
2026-04-28 11:15:00,1.16959,1.169775,1.16931,1.169475,2537
2026-04-28 11:30:00,1.16947,1.16947,1.1688,1.169045,2506
2026-04-28 11:45:00,1.169045,1.169045,1.168215,1.168295,3651
2026-04-28 12:00:00,1.168305,1.16838,1.16774,1.168305,4200
2026-04-28 12:15:00,1.16831,1.169325,1.16825,1.168945,5817
2026-04-28 12:30:00,1.16895,1.16971,1.16856,1.169465,2427
2026-04-28 12:45:00,1.16947,1.169995,1.169455,1.169685,2498
2026-04-28 13:00:00,1.169715,1.16977,1.169345,1.16944,2859
2026-04-28 13:15:00,1.16944,1.169995,1.16883,1.169895,3506
2026-04-28 13:30:00,1.1699,1.170385,1.16914,1.17015,5358
2026-04-28 13:45:00,1.170145,1.170265,1.169675,1.16975,3528
2026-04-28 14:00:00,1.169755,1.169875,1.16905,1.16974,4090
2026-04-28 14:15:00,1.169735,1.16994,1.169375,1.169675,3537
2026-04-28 14:30:00,1.16967,1.17034,1.169495,1.169665,4026
2026-04-28 14:45:00,1.16967,1.1701,1.16928,1.17009,6830
2026-04-28 15:00:00,1.170095,1.170965,1.170095,1.17047,5339
2026-04-28 15:15:00,1.17046,1.171285,1.17033,1.17108,3109
2026-04-28 15:30:00,1.171075,1.171585,1.17078,1.171155,3038
2026-04-28 15:45:00,1.17115,1.17141,1.171,1.17137,2302
2026-04-28 16:00:00,1.17138,1.17171,1.17123,1.17131,2557
2026-04-28 16:15:00,1.171305,1.171315,1.170605,1.17066,2045
2026-04-28 16:30:00,1.170655,1.170965,1.170545,1.17091,1876
2026-04-28 16:45:00,1.170915,1.17122,1.170755,1.171065,2351
2026-04-28 17:00:00,1.17106,1.17119,1.17068,1.17102,1895
2026-04-28 17:15:00,1.171015,1.17108,1.17066,1.17097,1464
2026-04-28 17:30:00,1.170965,1.171455,1.170935,1.171265,1953
2026-04-28 17:45:00,1.17126,1.17178,1.17126,1.171365,2229
2026-04-28 18:00:00,1.17137,1.17158,1.171155,1.171265,1517
2026-04-28 18:15:00,1.171265,1.171595,1.17126,1.171545,1957
2026-04-28 18:30:00,1.171545,1.1716,1.171335,1.17158,1399
2026-04-28 18:45:00,1.17157,1.17162,1.17113,1.171165,1088
2026-04-28 19:00:00,1.17117,1.171525,1.17108,1.171105,892
2026-04-28 19:15:00,1.171105,1.171115,1.170855,1.170935,1257
2026-04-28 19:30:00,1.17093,1.171035,1.170835,1.170875,1234
2026-04-28 19:45:00,1.17088,1.171,1.17071,1.17098,789
2026-04-28 20:00:00,1.170985,1.171445,1.17094,1.17121,1025
2026-04-28 20:15:00,1.171205,1.171265,1.17114,1.17124,236
2026-04-28 20:30:00,1.171245,1.171515,1.171245,1.171435,707
2026-04-28 20:45:00,1.17144,1.171475,1.17123,1.171245,677
2026-04-28 21:00:00,1.171245,1.17147,1.171245,1.17139,64
2026-04-28 21:15:00,1.17139,1.171435,1.171335,1.171405,35
2026-04-28 21:30:00,1.1714,1.171435,1.171325,1.171385,93
2026-04-28 21:45:00,1.17136,1.171445,1.17134,1.171395,131
2026-04-28 22:00:00,1.171405,1.17184,1.171385,1.171755,787
2026-04-28 22:15:00,1.171755,1.171755,1.171455,1.171455,184
2026-04-28 22:30:00,1.171465,1.17161,1.171465,1.171585,348
2026-04-28 22:45:00,1.17158,1.171605,1.17155,1.171575,2283
2026-04-28 23:00:00,1.171575,1.17166,1.171545,1.17156,175
2026-04-28 23:15:00,1.17156,1.171655,1.171555,1.171575,168
2026-04-28 23:30:00,1.17158,1.171675,1.17153,1.17166,188
2026-04-28 23:45:00,1.171665,1.17177,1.171635,1.171765,395
2026-04-29 00:00:00,1.17176,1.17206,1.17176,1.171835,811
2026-04-29 00:15:00,1.171835,1.17187,1.17146,1.171565,774
2026-04-29 00:30:00,1.17157,1.17186,1.17156,1.17182,576
2026-04-29 00:45:00,1.171825,1.171835,1.17148,1.171555,1031
2026-04-29 01:00:00,1.17156,1.17162,1.170715,1.17074,2382
2026-04-29 01:15:00,1.170735,1.17115,1.170725,1.17107,1215
2026-04-29 01:30:00,1.171065,1.17159,1.17092,1.17149,1812
2026-04-29 01:45:00,1.171495,1.171495,1.171015,1.1712,1100
2026-04-29 02:00:00,1.171205,1.171685,1.171205,1.17148,756
2026-04-29 02:15:00,1.17149,1.171665,1.17125,1.171295,969
2026-04-29 02:30:00,1.1713,1.17132,1.170715,1.17081,854
2026-04-29 02:45:00,1.17081,1.17108,1.170745,1.17076,571
2026-04-29 03:00:00,1.17076,1.171065,1.17076,1.17092,679
2026-04-29 03:15:00,1.17092,1.171075,1.170855,1.170955,492
2026-04-29 03:30:00,1.170955,1.170955,1.17064,1.17066,434
2026-04-29 03:45:00,1.170655,1.17068,1.17051,1.17059,404
2026-04-29 04:00:00,1.170595,1.170745,1.170545,1.170685,419
2026-04-29 04:15:00,1.17068,1.17071,1.1705,1.170595,374
2026-04-29 04:30:00,1.170595,1.17078,1.170595,1.1706,354
2026-04-29 04:45:00,1.1706,1.170635,1.17045,1.170565,265
2026-04-29 05:00:00,1.17056,1.170585,1.170315,1.17032,616
2026-04-29 05:15:00,1.17032,1.170345,1.170105,1.170185,653
2026-04-29 05:30:00,1.17018,1.17032,1.169815,1.170055,726
2026-04-29 05:45:00,1.170055,1.170215,1.16987,1.170075,1258
2026-04-29 06:00:00,1.170075,1.170415,1.169735,1.169765,1306
2026-04-29 06:15:00,1.169735,1.16998,1.169675,1.16991,1091
2026-04-29 06:30:00,1.169905,1.170375,1.16964,1.17007,1067
2026-04-29 06:45:00,1.170065,1.170355,1.16983,1.16999,1287
2026-04-29 07:00:00,1.16996,1.170725,1.169815,1.17062,1939
2026-04-29 07:15:00,1.170625,1.170675,1.170265,1.17051,1206
2026-04-29 07:30:00,1.17051,1.170755,1.170425,1.170495,1262
2026-04-29 07:45:00,1.170495,1.170835,1.17042,1.170555,1390
2026-04-29 08:00:00,1.17056,1.170585,1.169365,1.169545,2634
2026-04-29 08:15:00,1.169535,1.17025,1.16951,1.16987,1904
2026-04-29 08:30:00,1.169865,1.169975,1.16955,1.169915,1370
2026-04-29 08:45:00,1.16992,1.170135,1.16983,1.17002,1054
2026-04-29 09:00:00,1.17002,1.17028,1.1699,1.169985,1178
2026-04-29 09:15:00,1.169975,1.17022,1.169715,1.170155,1524
2026-04-29 09:30:00,1.17015,1.17046,1.16994,1.169985,1252
2026-04-29 09:45:00,1.16998,1.1702,1.169605,1.169755,1657
2026-04-29 10:00:00,1.16975,1.170205,1.16964,1.17017,1384
2026-04-29 10:15:00,1.170165,1.1703,1.170005,1.170115,1075
2026-04-29 10:30:00,1.17012,1.170205,1.17002,1.170115,1048
2026-04-29 10:45:00,1.17011,1.17095,1.17009,1.170935,1379
2026-04-29 11:00:00,1.17094,1.170985,1.17046,1.170495,2004
2026-04-29 11:15:00,1.170495,1.170755,1.17036,1.17054,1428
2026-04-29 11:30:00,1.170535,1.17092,1.17032,1.170385,1706
2026-04-29 11:45:00,1.170375,1.170515,1.169975,1.17009,1188
2026-04-29 12:00:00,1.170095,1.170825,1.170025,1.170405,1716
2026-04-29 12:15:00,1.170405,1.17077,1.17013,1.17045,2323
2026-04-29 12:30:00,1.170445,1.17047,1.16968,1.16997,3051
2026-04-29 12:45:00,1.169965,1.170115,1.16934,1.16991,3797
2026-04-29 13:00:00,1.1699,1.170335,1.16982,1.169905,3481
2026-04-29 13:15:00,1.1699,1.1699,1.16897,1.169085,4035
2026-04-29 13:30:00,1.16908,1.169205,1.168245,1.168705,4574
2026-04-29 13:45:00,1.16871,1.16898,1.168425,1.168895,4694
2026-04-29 14:00:00,1.1689,1.16892,1.16838,1.16876,3763
2026-04-29 14:15:00,1.168755,1.1693,1.168725,1.169075,2862
2026-04-29 14:30:00,1.16907,1.16956,1.168985,1.169075,2822
2026-04-29 14:45:00,1.16908,1.170315,1.16875,1.1701,3750
2026-04-29 15:00:00,1.17011,1.17017,1.16948,1.16948,3413
2026-04-29 15:15:00,1.169485,1.169745,1.169065,1.16923,3135
2026-04-29 15:30:00,1.169235,1.170025,1.169165,1.169885,3316
2026-04-29 15:45:00,1.16988,1.17042,1.168745,1.16948,6435
2026-04-29 16:00:00,1.169485,1.16988,1.16912,1.16919,2822
2026-04-29 16:15:00,1.169185,1.169515,1.168925,1.169255,1870
2026-04-29 16:30:00,1.16925,1.16929,1.168655,1.168675,2667
2026-04-29 16:45:00,1.16868,1.168785,1.168375,1.16847,1842
2026-04-29 17:00:00,1.168475,1.168485,1.167985,1.16811,2011
2026-04-29 17:15:00,1.16811,1.16855,1.16803,1.16823,2544
2026-04-29 17:30:00,1.168225,1.16846,1.168045,1.168345,3094
2026-04-29 17:45:00,1.16835,1.168915,1.16834,1.168725,2414
2026-04-29 18:00:00,1.16873,1.16907,1.16715,1.1675,7039
2026-04-29 18:15:00,1.167495,1.16836,1.167415,1.167575,4548
2026-04-29 18:30:00,1.167565,1.16844,1.166375,1.1664,7139
2026-04-29 18:45:00,1.166395,1.16737,1.16612,1.167215,6485
2026-04-29 19:00:00,1.16722,1.16768,1.166705,1.16766,3630
2026-04-29 19:15:00,1.16765,1.168055,1.16736,1.16746,3393
2026-04-29 19:30:00,1.167455,1.167495,1.166765,1.167135,1870
2026-04-29 19:45:00,1.167135,1.167695,1.16708,1.16763,1996
2026-04-29 20:00:00,1.16761,1.16776,1.167175,1.167255,3068
2026-04-29 20:15:00,1.167255,1.167515,1.167095,1.167425,1084
2026-04-29 20:30:00,1.16744,1.167565,1.167255,1.16747,1427
2026-04-29 20:45:00,1.167475,1.167725,1.167165,1.167725,940
2026-04-29 21:00:00,1.167725,1.168065,1.167295,1.167505,58
2026-04-29 21:15:00,1.167425,1.16781,1.167325,1.167625,73
2026-04-29 21:30:00,1.167625,1.168015,1.16743,1.167705,1777
2026-04-29 21:45:00,1.167735,1.16798,1.167315,1.16736,1624
2026-04-29 22:00:00,1.16753,1.167685,1.16712,1.167255,858
2026-04-29 22:15:00,1.167255,1.167795,1.167225,1.167765,1026
2026-04-29 22:30:00,1.16776,1.16787,1.1677,1.16776,978
2026-04-29 22:45:00,1.16776,1.167865,1.167755,1.16778,625
2026-04-29 23:00:00,1.167775,1.167865,1.1676,1.167745,342
2026-04-29 23:15:00,1.167755,1.167955,1.16774,1.16795,404
2026-04-29 23:30:00,1.16795,1.168595,1.16788,1.168595,536
2026-04-29 23:45:00,1.168605,1.16865,1.16841,1.168465,541
2026-04-30 00:00:00,1.16847,1.16895,1.168445,1.168735,2207
2026-04-30 00:15:00,1.16874,1.16886,1.168535,1.168555,1727
2026-04-30 00:30:00,1.16856,1.16873,1.168175,1.168235,1345
2026-04-30 00:45:00,1.16823,1.16841,1.16792,1.167925,1413
2026-04-30 01:00:00,1.16792,1.168035,1.16775,1.16799,1390
2026-04-30 01:15:00,1.167995,1.168185,1.167895,1.167895,1089
2026-04-30 01:30:00,1.167905,1.168165,1.16749,1.167535,1921
2026-04-30 01:45:00,1.167535,1.16789,1.167325,1.167445,1045
2026-04-30 02:00:00,1.16745,1.1676,1.167235,1.167585,1371
2026-04-30 02:15:00,1.167575,1.16767,1.166995,1.167115,1051
2026-04-30 02:30:00,1.16711,1.16711,1.16643,1.16648,2941
2026-04-30 02:45:00,1.16648,1.1667,1.16624,1.16669,1357
2026-04-30 03:00:00,1.166685,1.16711,1.16656,1.166715,1369
2026-04-30 03:15:00,1.16673,1.167025,1.16666,1.16695,1111
2026-04-30 03:30:00,1.16695,1.167005,1.166605,1.166695,842
2026-04-30 03:45:00,1.16669,1.1667,1.166475,1.166595,593
2026-04-30 04:00:00,1.166595,1.166615,1.16624,1.16645,1182
2026-04-30 04:15:00,1.16645,1.166465,1.16576,1.16589,1178
2026-04-30 04:30:00,1.165885,1.165955,1.1655,1.165855,1602
2026-04-30 04:45:00,1.165855,1.1661,1.16581,1.166015,1079
2026-04-30 05:00:00,1.16603,1.166465,1.16602,1.166335,1266
2026-04-30 05:15:00,1.16634,1.166425,1.166055,1.166095,1027
2026-04-30 05:30:00,1.1661,1.166445,1.16603,1.166155,1487
2026-04-30 05:45:00,1.16615,1.16622,1.165895,1.16594,890
2026-04-30 06:00:00,1.165925,1.166525,1.165785,1.166065,1825
2026-04-30 06:15:00,1.16607,1.166605,1.165995,1.16655,1694
2026-04-30 06:30:00,1.166555,1.167035,1.16654,1.16677,2343
2026-04-30 06:45:00,1.166775,1.167065,1.166635,1.16704,1641
2026-04-30 07:00:00,1.167035,1.168095,1.167005,1.16806,2407
2026-04-30 07:15:00,1.168055,1.16814,1.167675,1.168125,2013
2026-04-30 07:30:00,1.16812,1.16814,1.167595,1.16788,1620
2026-04-30 07:45:00,1.167885,1.16839,1.167585,1.167955,2244
2026-04-30 08:00:00,1.167965,1.169755,1.167955,1.16903,4879
2026-04-30 08:15:00,1.169035,1.169135,1.168435,1.168725,3454
2026-04-30 08:30:00,1.168715,1.16909,1.16828,1.16863,3960
2026-04-30 08:45:00,1.168635,1.168645,1.16744,1.167985,3103
2026-04-30 09:00:00,1.167975,1.16815,1.167325,1.168045,4103
2026-04-30 09:15:00,1.168045,1.168665,1.16774,1.168665,3365
2026-04-30 09:30:00,1.16867,1.16955,1.168505,1.16908,5344
2026-04-30 09:45:00,1.169085,1.169745,1.16908,1.16944,2672
2026-04-30 10:00:00,1.169435,1.16961,1.1689,1.16897,3148
2026-04-30 10:15:00,1.168975,1.170735,1.16893,1.17065,4721
2026-04-30 10:30:00,1.170655,1.171175,1.17026,1.17086,11858
2026-04-30 10:45:00,1.170855,1.17153,1.17013,1.171485,8332
2026-04-30 11:00:00,1.17149,1.171965,1.17031,1.17082,7594
2026-04-30 11:15:00,1.170835,1.17192,1.170695,1.17168,7561
2026-04-30 11:30:00,1.171685,1.17195,1.171,1.171615,6883
2026-04-30 11:45:00,1.17161,1.17192,1.170345,1.170495,5840
2026-04-30 12:00:00,1.17049,1.170565,1.1698,1.17051,4526
2026-04-30 12:15:00,1.170555,1.170555,1.168985,1.169935,7287
2026-04-30 12:30:00,1.170035,1.17029,1.16897,1.169015,5159
2026-04-30 12:45:00,1.16901,1.169985,1.16895,1.16927,5569
2026-04-30 13:00:00,1.169265,1.170095,1.16852,1.16938,8655
2026-04-30 13:15:00,1.16938,1.1694,1.16818,1.169175,5034
2026-04-30 13:30:00,1.16917,1.16946,1.16834,1.169125,5649
2026-04-30 13:45:00,1.16912,1.169685,1.168915,1.169015,4983
2026-04-30 14:00:00,1.16902,1.170025,1.168765,1.16986,6094
2026-04-30 14:15:00,1.169855,1.17151,1.169795,1.17134,6092
2026-04-30 14:30:00,1.17133,1.171485,1.17048,1.17141,6949
2026-04-30 14:45:00,1.171415,1.173335,1.17133,1.172775,8309
2026-04-30 15:00:00,1.17278,1.17358,1.172275,1.17347,8327
2026-04-30 15:15:00,1.173475,1.17353,1.17255,1.17268,5037
2026-04-30 15:30:00,1.172685,1.17337,1.17249,1.17313,4176
2026-04-30 15:45:00,1.173125,1.173125,1.172325,1.172845,3029
2026-04-30 16:00:00,1.17285,1.173565,1.17268,1.17317,3373
2026-04-30 16:15:00,1.17317,1.173255,1.17246,1.172585,2957
2026-04-30 16:30:00,1.17258,1.17272,1.17238,1.17259,1982
2026-04-30 16:45:00,1.17259,1.17286,1.1723,1.17255,1806
2026-04-30 17:00:00,1.172545,1.17311,1.17244,1.17244,2803
2026-04-30 17:15:00,1.17244,1.172905,1.17221,1.172785,2035
2026-04-30 17:30:00,1.17278,1.17325,1.17266,1.172845,2659
2026-04-30 17:45:00,1.17285,1.172945,1.172475,1.172495,1237
2026-04-30 18:00:00,1.1725,1.172995,1.1725,1.17262,2083
2026-04-30 18:15:00,1.172625,1.173275,1.17259,1.17296,1844
2026-04-30 18:30:00,1.172965,1.1737,1.172965,1.173595,2286
2026-04-30 18:45:00,1.173595,1.174015,1.173555,1.173645,1419
2026-04-30 19:00:00,1.17365,1.174175,1.17361,1.17394,2292
2026-04-30 19:15:00,1.173945,1.17407,1.17323,1.17347,1634
2026-04-30 19:30:00,1.173475,1.1739,1.173325,1.17371,2144
2026-04-30 19:45:00,1.173715,1.17387,1.173355,1.173355,1957
2026-04-30 20:00:00,1.173365,1.17364,1.172955,1.1732,2253
2026-04-30 20:15:00,1.17321,1.173595,1.1732,1.17337,483
2026-04-30 20:30:00,1.17336,1.17364,1.173075,1.173095,1074
2026-04-30 20:45:00,1.17309,1.173305,1.173045,1.17312,1722
2026-04-30 21:00:00,1.17312,1.173335,1.173025,1.17323,95
2026-04-30 21:15:00,1.173225,1.173485,1.173095,1.173135,86
2026-04-30 21:30:00,1.17314,1.17318,1.173035,1.173065,208
2026-04-30 21:45:00,1.173065,1.173635,1.173065,1.17334,421
2026-04-30 22:00:00,1.173345,1.17361,1.173095,1.17312,477
2026-04-30 22:15:00,1.173115,1.17322,1.1731,1.173145,288
2026-04-30 22:30:00,1.17315,1.173195,1.17294,1.17309,587
2026-04-30 22:45:00,1.173095,1.173165,1.172995,1.173145,696
2026-04-30 23:00:00,1.17314,1.173325,1.17314,1.17316,774
2026-04-30 23:15:00,1.17316,1.173285,1.173145,1.173195,644
2026-04-30 23:30:00,1.173205,1.17329,1.17298,1.172985,543
2026-04-30 23:45:00,1.17297,1.173095,1.172835,1.172885,970
2026-05-01 00:00:00,1.17289,1.172985,1.172435,1.17257,2684
2026-05-01 00:15:00,1.172565,1.17276,1.172425,1.17274,1278
2026-05-01 00:30:00,1.17274,1.172935,1.172645,1.172915,1219
2026-05-01 00:45:00,1.172925,1.17298,1.17271,1.172765,1295
2026-05-01 01:00:00,1.172775,1.172805,1.17252,1.17279,1015
2026-05-01 01:15:00,1.172795,1.173035,1.172555,1.17291,767
2026-05-01 01:30:00,1.172905,1.17329,1.172905,1.173075,874
2026-05-01 01:45:00,1.173075,1.173205,1.17304,1.173115,972
2026-05-01 02:00:00,1.17311,1.17341,1.173055,1.17328,718
2026-05-01 02:15:00,1.17328,1.173405,1.173185,1.173285,447
2026-05-01 02:30:00,1.17329,1.173395,1.17313,1.173215,695
2026-05-01 02:45:00,1.17322,1.173405,1.172955,1.173365,779
2026-05-01 03:00:00,1.173375,1.173455,1.17326,1.173455,666
2026-05-01 03:15:00,1.173455,1.17364,1.17338,1.173585,529
2026-05-01 03:30:00,1.17359,1.173645,1.173225,1.17325,772
2026-05-01 03:45:00,1.173255,1.173355,1.173065,1.17312,622
2026-05-01 04:00:00,1.17313,1.173235,1.172765,1.172915,967
2026-05-01 04:15:00,1.172915,1.172945,1.172635,1.17265,770
2026-05-01 04:30:00,1.17265,1.1728,1.172595,1.172705,424
2026-05-01 04:45:00,1.172705,1.17276,1.172605,1.172675,528
2026-05-01 05:00:00,1.172665,1.17272,1.172505,1.17254,792
2026-05-01 05:15:00,1.172535,1.17256,1.1724,1.17245,595
2026-05-01 05:30:00,1.172445,1.172635,1.17241,1.17254,681
2026-05-01 05:45:00,1.17252,1.17252,1.172185,1.17225,670
2026-05-01 06:00:00,1.172255,1.172435,1.17214,1.172215,1094
2026-05-01 06:15:00,1.17222,1.17228,1.171945,1.172075,1079
2026-05-01 06:30:00,1.172075,1.172165,1.171885,1.17215,1314
2026-05-01 06:45:00,1.172145,1.17451,1.172145,1.173555,6831
2026-05-01 07:00:00,1.17355,1.173905,1.17318,1.173425,4354
2026-05-01 07:15:00,1.173415,1.174,1.173155,1.17396,2768
2026-05-01 07:30:00,1.173965,1.174,1.173255,1.173685,2424
2026-05-01 07:45:00,1.17368,1.174205,1.17315,1.173445,2672
2026-05-01 08:00:00,1.17344,1.17388,1.17319,1.173255,2761
2026-05-01 08:15:00,1.17326,1.17481,1.17321,1.174445,2171
2026-05-01 08:30:00,1.17444,1.174745,1.1742,1.174495,1827
2026-05-01 08:45:00,1.174495,1.174595,1.174195,1.174355,1745
2026-05-01 09:00:00,1.174355,1.174395,1.17368,1.173795,1783
2026-05-01 09:15:00,1.173795,1.17391,1.173285,1.173395,1332
2026-05-01 09:30:00,1.17339,1.173855,1.17335,1.173705,1186
2026-05-01 09:45:00,1.17368,1.17374,1.173085,1.173145,1204
2026-05-01 10:00:00,1.17314,1.174235,1.173095,1.174185,1713
2026-05-01 10:15:00,1.17418,1.174435,1.174095,1.174215,1212
2026-05-01 10:30:00,1.174215,1.17438,1.17393,1.17405,1155
2026-05-01 10:45:00,1.174045,1.174595,1.17404,1.17448,1327
2026-05-01 11:00:00,1.174485,1.175095,1.174405,1.175095,1738
2026-05-01 11:15:00,1.175085,1.175835,1.174995,1.175555,1886
2026-05-01 11:30:00,1.175555,1.175705,1.17475,1.174805,1282
2026-05-01 11:45:00,1.174815,1.175165,1.174575,1.17514,1161
2026-05-01 12:00:00,1.175145,1.176155,1.174825,1.175865,3241
2026-05-01 12:15:00,1.17585,1.176895,1.17575,1.176575,4387
2026-05-01 12:30:00,1.17656,1.176695,1.175945,1.175965,2894
2026-05-01 12:45:00,1.175965,1.176195,1.175655,1.17577,1836
2026-05-01 13:00:00,1.175755,1.176225,1.175655,1.17594,1936
2026-05-01 13:15:00,1.17594,1.17614,1.175305,1.175505,2104
2026-05-01 13:30:00,1.175495,1.175835,1.175265,1.175335,2889
2026-05-01 13:45:00,1.17534,1.176385,1.174395,1.17621,5151
2026-05-01 14:00:00,1.176205,1.178335,1.17602,1.17787,6426
2026-05-01 14:15:00,1.177885,1.178535,1.177605,1.177895,4243
2026-05-01 14:30:00,1.177915,1.178055,1.17676,1.177045,3437
2026-05-01 14:45:00,1.17706,1.177355,1.176425,1.176745,3607
2026-05-01 15:00:00,1.176755,1.177035,1.17644,1.176975,4079
2026-05-01 15:15:00,1.176975,1.177085,1.176245,1.176415,2714
2026-05-01 15:30:00,1.17642,1.176815,1.17613,1.176405,2670
2026-05-01 15:45:00,1.17641,1.17686,1.175335,1.175505,4967
2026-05-01 16:00:00,1.17549,1.17572,1.17508,1.175345,2508
2026-05-01 16:15:00,1.175355,1.17564,1.17466,1.174815,4167
2026-05-01 16:30:00,1.17481,1.174915,1.17424,1.174525,2655
2026-05-01 16:45:00,1.17452,1.17454,1.173765,1.173825,1626
2026-05-01 17:00:00,1.173825,1.174055,1.17353,1.173705,1388
2026-05-01 17:15:00,1.17371,1.17394,1.173475,1.17368,1387
2026-05-01 17:30:00,1.173675,1.17379,1.172925,1.17306,1491
2026-05-01 17:45:00,1.17306,1.173745,1.172945,1.173315,2158
2026-05-01 18:00:00,1.17332,1.17339,1.172365,1.172565,2203
2026-05-01 18:15:00,1.172565,1.172795,1.17197,1.1724,1899
2026-05-01 18:30:00,1.172405,1.17266,1.17196,1.17263,2899
2026-05-01 18:45:00,1.172625,1.172935,1.172445,1.172735,1812
2026-05-01 19:00:00,1.17274,1.17285,1.17237,1.172465,1659
2026-05-01 19:15:00,1.17246,1.172535,1.172275,1.172285,848
2026-05-01 19:30:00,1.17228,1.172355,1.172015,1.172065,1236
2026-05-01 19:45:00,1.17206,1.172105,1.171785,1.17196,1155
2026-05-01 20:00:00,1.17197,1.17226,1.171945,1.17205,1218
2026-05-01 20:15:00,1.17205,1.172075,1.17168,1.171685,679
2026-05-01 20:30:00,1.17169,1.17195,1.171555,1.171945,1011
2026-05-01 20:45:00,1.17194,1.172215,1.171675,1.17197,2801
2026-05-03 21:00:00,1.17197,1.17484,1.17197,1.17482,136
2026-05-03 21:15:00,1.174795,1.174975,1.17443,1.17493,334
2026-05-03 21:30:00,1.17493,1.174965,1.174755,1.17481,114
2026-05-03 21:45:00,1.1748,1.1748,1.17401,1.174155,376
2026-05-03 22:00:00,1.17415,1.174185,1.17335,1.173415,1591
2026-05-03 22:15:00,1.17341,1.17342,1.1727,1.173225,1067
2026-05-03 22:30:00,1.17322,1.17363,1.173195,1.17357,798
2026-05-03 22:45:00,1.173575,1.17362,1.17305,1.173325,442
2026-05-03 23:00:00,1.17333,1.173335,1.173045,1.17324,611
2026-05-03 23:15:00,1.17323,1.17324,1.17304,1.17308,363
2026-05-03 23:30:00,1.17308,1.17323,1.172665,1.172665,436
2026-05-03 23:45:00,1.17262,1.173005,1.1725,1.17259,1226
2026-05-04 00:00:00,1.172585,1.172895,1.172405,1.172555,1917
2026-05-04 00:15:00,1.172555,1.17269,1.17215,1.172355,1393
2026-05-04 00:30:00,1.172365,1.172615,1.17233,1.172465,1158
2026-05-04 00:45:00,1.17247,1.17275,1.172365,1.172715,1251
2026-05-04 01:00:00,1.17271,1.172725,1.17201,1.17226,1572
2026-05-04 01:15:00,1.172265,1.17295,1.172125,1.172245,2014
2026-05-04 01:30:00,1.17225,1.17258,1.17212,1.172555,1659
2026-05-04 01:45:00,1.172565,1.172645,1.172235,1.17251,1306
2026-05-04 02:00:00,1.172515,1.172795,1.172345,1.1727,1412
2026-05-04 02:15:00,1.172695,1.1727,1.17226,1.172265,1198
2026-05-04 02:30:00,1.17226,1.172645,1.17225,1.172585,1335
2026-05-04 02:45:00,1.17259,1.172875,1.17255,1.172745,1046
2026-05-04 03:00:00,1.172745,1.172855,1.172515,1.17271,752
2026-05-04 03:15:00,1.17271,1.17274,1.172525,1.172615,705
2026-05-04 03:30:00,1.172605,1.172665,1.17246,1.172595,941
2026-05-04 03:45:00,1.172615,1.173905,1.172615,1.17375,7091
2026-05-04 04:00:00,1.173755,1.173825,1.17333,1.17333,1650
2026-05-04 04:15:00,1.17333,1.173365,1.17291,1.172975,1066
2026-05-04 04:30:00,1.17297,1.173035,1.17276,1.172805,1123
2026-05-04 04:45:00,1.172805,1.17293,1.172775,1.172915,819
2026-05-04 05:00:00,1.172915,1.17314,1.172775,1.172825,1404
2026-05-04 05:15:00,1.17283,1.17324,1.17265,1.17267,2811
2026-05-04 05:30:00,1.172675,1.172925,1.17258,1.172885,1548
2026-05-04 05:45:00,1.172885,1.173195,1.17283,1.173075,1477
2026-05-04 06:00:00,1.17307,1.173575,1.17301,1.1735,2347
2026-05-04 06:15:00,1.173505,1.173725,1.173415,1.173555,1960
2026-05-04 06:30:00,1.17355,1.173675,1.172745,1.172825,2974
2026-05-04 06:45:00,1.17282,1.17316,1.172145,1.1729,3310
2026-05-04 07:00:00,1.172895,1.172925,1.17237,1.17262,3066
2026-05-04 07:15:00,1.172615,1.17285,1.172025,1.17208,2294
2026-05-04 07:30:00,1.172075,1.17245,1.17184,1.171865,2353
2026-05-04 07:45:00,1.171855,1.17217,1.17153,1.17179,1963
2026-05-04 08:00:00,1.171785,1.171785,1.17114,1.171595,3209
2026-05-04 08:15:00,1.17159,1.1719,1.17136,1.171835,2580
2026-05-04 08:30:00,1.17183,1.172195,1.171785,1.17204,1750
2026-05-04 08:45:00,1.172035,1.172325,1.171835,1.171905,1989
2026-05-04 09:00:00,1.171935,1.17238,1.17179,1.17196,2021
2026-05-04 09:15:00,1.171965,1.17208,1.17159,1.171875,2151
2026-05-04 09:30:00,1.17187,1.172135,1.171815,1.17205,1409
2026-05-04 09:45:00,1.17205,1.17206,1.17167,1.17174,1693
2026-05-04 10:00:00,1.171745,1.171745,1.169325,1.169655,10048
2026-05-04 10:15:00,1.16966,1.170395,1.16888,1.17029,7391
2026-05-04 10:30:00,1.17029,1.171455,1.17023,1.171025,7047
2026-05-04 10:45:00,1.17102,1.171285,1.170345,1.170505,2858
2026-05-04 11:00:00,1.17051,1.17087,1.16967,1.16967,4184
2026-05-04 11:15:00,1.169675,1.170215,1.16957,1.17008,2724
2026-05-04 11:30:00,1.170075,1.170145,1.16954,1.16996,3920
2026-05-04 11:45:00,1.169955,1.17005,1.169295,1.16933,2931
2026-05-04 12:00:00,1.16932,1.170225,1.16921,1.170195,2705
2026-05-04 12:15:00,1.1702,1.171,1.17008,1.17088,4200
2026-05-04 12:30:00,1.17087,1.171125,1.17054,1.170835,2889
2026-05-04 12:45:00,1.17083,1.171255,1.17072,1.17093,2419
2026-05-04 13:00:00,1.17094,1.1714,1.1702,1.17096,7109
2026-05-04 13:15:00,1.170945,1.171035,1.17052,1.17073,2783
2026-05-04 13:30:00,1.170735,1.171795,1.17063,1.17158,4794
2026-05-04 13:45:00,1.171575,1.17175,1.17132,1.17149,3088
2026-05-04 14:00:00,1.171495,1.1715,1.170685,1.17097,4274
2026-05-04 14:15:00,1.17096,1.17158,1.170915,1.17139,3445
2026-05-04 14:30:00,1.171385,1.17164,1.170845,1.170855,2616
2026-05-04 14:45:00,1.17086,1.171035,1.17044,1.170735,3876
2026-05-04 15:00:00,1.170725,1.171565,1.17047,1.171105,4672
2026-05-04 15:15:00,1.17111,1.17155,1.169665,1.1702,7380
2026-05-04 15:30:00,1.170195,1.17026,1.169645,1.170075,4691
2026-05-04 15:45:00,1.17007,1.170315,1.16941,1.16975,5595
2026-05-04 16:00:00,1.169755,1.170105,1.16852,1.168555,6617
2026-05-04 16:15:00,1.16855,1.16972,1.16844,1.169075,7090
2026-05-04 16:30:00,1.16907,1.16933,1.16837,1.168375,4316
2026-05-04 16:45:00,1.168365,1.16856,1.1681,1.16823,2873
2026-05-04 17:00:00,1.168235,1.169,1.16816,1.168905,3586
2026-05-04 17:15:00,1.1689,1.169605,1.16883,1.169535,3854
2026-05-04 17:30:00,1.16952,1.16972,1.16914,1.1693,2067
2026-05-04 17:45:00,1.169305,1.169475,1.16911,1.16935,1022
2026-05-04 18:00:00,1.169345,1.1697,1.16916,1.16945,1815
2026-05-04 18:15:00,1.16945,1.16945,1.168905,1.169155,1712
2026-05-04 18:30:00,1.16916,1.16929,1.169045,1.16908,1435
2026-05-04 18:45:00,1.16908,1.16978,1.168825,1.16973,2286
2026-05-04 19:00:00,1.169725,1.17007,1.16935,1.169775,3682
2026-05-04 19:15:00,1.16978,1.17024,1.169715,1.16998,2460
2026-05-04 19:30:00,1.169975,1.17009,1.16978,1.169895,1102
2026-05-04 19:45:00,1.169885,1.169895,1.16939,1.169505,1437
2026-05-04 20:00:00,1.16949,1.169505,1.16912,1.16912,762
2026-05-04 20:15:00,1.16912,1.169125,1.168715,1.16898,480
2026-05-04 20:30:00,1.16897,1.16922,1.168905,1.16918,925
2026-05-04 20:45:00,1.169175,1.169275,1.16905,1.169135,1122
2026-05-04 21:00:00,1.169135,1.169335,1.16883,1.169105,61
2026-05-04 21:15:00,1.169105,1.16926,1.168965,1.16926,85
2026-05-04 21:30:00,1.169255,1.169305,1.169125,1.169145,105
2026-05-04 21:45:00,1.169145,1.169175,1.168945,1.169045,207
2026-05-04 22:00:00,1.169025,1.16929,1.168885,1.16896,564
2026-05-04 22:15:00,1.168965,1.16911,1.168905,1.16909,248
2026-05-04 22:30:00,1.169095,1.169175,1.16907,1.169125,293
2026-05-04 22:45:00,1.169125,1.169125,1.169,1.169025,338
2026-05-04 23:00:00,1.169025,1.16914,1.168985,1.169115,362
2026-05-04 23:15:00,1.169105,1.16924,1.1691,1.169175,190
2026-05-04 23:30:00,1.169175,1.1693,1.16913,1.16918,288
2026-05-04 23:45:00,1.169175,1.16923,1.16913,1.169175,419
2026-05-05 00:00:00,1.16917,1.1694,1.169085,1.16931,1394
2026-05-05 00:15:00,1.169305,1.169305,1.16861,1.16872,998
2026-05-05 00:30:00,1.16871,1.16873,1.168505,1.16863,668
2026-05-05 00:45:00,1.168635,1.168895,1.16861,1.16864,719
2026-05-05 01:00:00,1.16865,1.16866,1.16842,1.16843,737
2026-05-05 01:15:00,1.168425,1.16853,1.16797,1.168175,900
2026-05-05 01:30:00,1.16818,1.16878,1.168115,1.168505,1528
2026-05-05 01:45:00,1.1685,1.16884,1.168475,1.16868,978
2026-05-05 02:00:00,1.168685,1.168845,1.16865,1.168675,864
2026-05-05 02:15:00,1.16868,1.16908,1.168635,1.168985,545
2026-05-05 02:30:00,1.16899,1.169135,1.16892,1.16911,481
2026-05-05 02:45:00,1.169105,1.169155,1.168725,1.168755,697
2026-05-05 03:00:00,1.16875,1.16876,1.16851,1.16871,566
2026-05-05 03:15:00,1.168705,1.16882,1.168665,1.16871,330
2026-05-05 03:30:00,1.16871,1.168725,1.168465,1.168535,270
2026-05-05 03:45:00,1.168535,1.16858,1.168365,1.168395,286
2026-05-05 04:00:00,1.16839,1.168595,1.168365,1.168575,376
2026-05-05 04:15:00,1.168575,1.168675,1.168565,1.16863,335
2026-05-05 04:30:00,1.168625,1.16874,1.168415,1.16844,1079
2026-05-05 04:45:00,1.16844,1.16844,1.16769,1.16778,1002
2026-05-05 05:00:00,1.167775,1.168015,1.167655,1.167915,800
2026-05-05 05:15:00,1.167915,1.168185,1.16775,1.16798,840
2026-05-05 05:30:00,1.167985,1.168445,1.16797,1.16837,1628
2026-05-05 05:45:00,1.16837,1.16846,1.168095,1.168315,1077
2026-05-05 06:00:00,1.16831,1.168745,1.16819,1.16856,2128
2026-05-05 06:15:00,1.16856,1.16865,1.16794,1.16848,1660
2026-05-05 06:30:00,1.16846,1.168965,1.16841,1.16874,1541
2026-05-05 06:45:00,1.168765,1.168825,1.168505,1.168595,1335
2026-05-05 07:00:00,1.16862,1.16932,1.168575,1.16897,2052
2026-05-05 07:15:00,1.168965,1.16913,1.16877,1.168775,1045
2026-05-05 07:30:00,1.16877,1.169685,1.168665,1.1692,2342
2026-05-05 07:45:00,1.169205,1.16933,1.168905,1.168905,1680
2026-05-05 08:00:00,1.1689,1.169335,1.16885,1.169155,1649
2026-05-05 08:15:00,1.169155,1.169685,1.169155,1.169435,1737
2026-05-05 08:30:00,1.16943,1.169495,1.168495,1.168725,1680
2026-05-05 08:45:00,1.168725,1.1691,1.168545,1.16888,1703
2026-05-05 09:00:00,1.168875,1.169045,1.168385,1.168635,2970
2026-05-05 09:15:00,1.168625,1.16869,1.168115,1.168645,1739
2026-05-05 09:30:00,1.168645,1.16917,1.168645,1.16913,2088
2026-05-05 09:45:00,1.169125,1.169295,1.168635,1.169055,1507
2026-05-05 10:00:00,1.169035,1.169065,1.168705,1.168945,1143
2026-05-05 10:15:00,1.16894,1.169555,1.16887,1.16946,1283
2026-05-05 10:30:00,1.169455,1.169775,1.16881,1.16893,1713
2026-05-05 10:45:00,1.168935,1.16898,1.168725,1.16896,1205
2026-05-05 11:00:00,1.16895,1.169025,1.168325,1.16859,2424
2026-05-05 11:15:00,1.168585,1.169375,1.168325,1.169275,2735
2026-05-05 11:30:00,1.16928,1.16947,1.16896,1.169025,1810
2026-05-05 11:45:00,1.169025,1.16916,1.168765,1.168915,1708
2026-05-05 12:00:00,1.16891,1.169245,1.16853,1.16907,4856
2026-05-05 12:15:00,1.16908,1.169805,1.16907,1.169635,3897
2026-05-05 12:30:00,1.16963,1.16972,1.16903,1.169085,2192
2026-05-05 12:45:00,1.169085,1.16931,1.16901,1.169245,1996
2026-05-05 13:00:00,1.169235,1.17037,1.169205,1.17008,2978
2026-05-05 13:15:00,1.170085,1.17047,1.17001,1.170095,2477
2026-05-05 13:30:00,1.1701,1.170345,1.169785,1.169825,3767
2026-05-05 13:45:00,1.16982,1.17009,1.16964,1.169775,3098
2026-05-05 14:00:00,1.16977,1.170595,1.16959,1.16981,5318
2026-05-05 14:15:00,1.169805,1.170455,1.16914,1.17022,6331
2026-05-05 14:30:00,1.170215,1.17042,1.169755,1.17027,4345
2026-05-05 14:45:00,1.170275,1.170595,1.169865,1.170575,3775
2026-05-05 15:00:00,1.17058,1.171065,1.17052,1.17061,3139
2026-05-05 15:15:00,1.17061,1.170625,1.17011,1.170585,2815
2026-05-05 15:30:00,1.17058,1.171365,1.170355,1.171185,3204
2026-05-05 15:45:00,1.17118,1.171365,1.170655,1.17066,2365
2026-05-05 16:00:00,1.17065,1.170895,1.170205,1.170205,1334
2026-05-05 16:15:00,1.170195,1.17022,1.169865,1.170045,1857
2026-05-05 16:30:00,1.170045,1.17032,1.16981,1.17029,1609
2026-05-05 16:45:00,1.17029,1.17035,1.169885,1.169945,1444
2026-05-05 17:00:00,1.16994,1.170165,1.16961,1.16974,1747
2026-05-05 17:15:00,1.16974,1.16998,1.169715,1.16993,1449
2026-05-05 17:30:00,1.169925,1.170425,1.16989,1.169975,2164
2026-05-05 17:45:00,1.16997,1.170145,1.16978,1.16988,1301
2026-05-05 18:00:00,1.169875,1.17006,1.16978,1.169865,955
2026-05-05 18:15:00,1.169865,1.170085,1.16983,1.16994,655
2026-05-05 18:30:00,1.169935,1.170005,1.169705,1.1699,1049
2026-05-05 18:45:00,1.1699,1.170095,1.169885,1.169995,901
2026-05-05 19:00:00,1.16999,1.170125,1.16976,1.169785,1008
2026-05-05 19:15:00,1.16978,1.169795,1.169495,1.16954,701
2026-05-05 19:30:00,1.169545,1.169685,1.16953,1.16957,646
2026-05-05 19:45:00,1.169565,1.1697,1.16943,1.16954,1258
2026-05-05 20:00:00,1.16952,1.16971,1.169495,1.169625,994
2026-05-05 20:15:00,1.16962,1.16962,1.169425,1.169475,491
2026-05-05 20:30:00,1.169465,1.169485,1.169255,1.16926,315
2026-05-05 20:45:00,1.169255,1.1695,1.169235,1.169315,729
2026-05-05 21:00:00,1.16929,1.16945,1.169195,1.16937,192
2026-05-05 21:15:00,1.16937,1.16938,1.1693,1.16935,88
2026-05-05 21:30:00,1.169345,1.169395,1.16933,1.169345,95
2026-05-05 21:45:00,1.169345,1.169425,1.16931,1.16935,71
2026-05-05 22:00:00,1.169365,1.16953,1.16935,1.16941,397
2026-05-05 22:15:00,1.16941,1.16941,1.169185,1.169285,251
2026-05-05 22:30:00,1.16929,1.16938,1.169205,1.169365,405
2026-05-05 22:45:00,1.169365,1.17096,1.16931,1.17057,3286
2026-05-05 23:00:00,1.170575,1.172455,1.170535,1.172335,2239
2026-05-05 23:15:00,1.17234,1.17256,1.171775,1.171775,1533
2026-05-05 23:30:00,1.17178,1.17215,1.171645,1.171655,1007
2026-05-05 23:45:00,1.171655,1.171785,1.17147,1.171485,981
2026-05-06 00:00:00,1.17148,1.17167,1.17123,1.171295,2679
2026-05-06 00:15:00,1.171295,1.171815,1.17113,1.171385,1742
2026-05-06 00:30:00,1.1714,1.172055,1.171335,1.171935,1396
2026-05-06 00:45:00,1.17192,1.17215,1.171715,1.172025,977
2026-05-06 01:00:00,1.17201,1.172165,1.17177,1.171955,1341
2026-05-06 01:15:00,1.171945,1.172535,1.171895,1.17225,1135
2026-05-06 01:30:00,1.172245,1.172335,1.171845,1.172325,1190
2026-05-06 01:45:00,1.17233,1.172615,1.172095,1.172135,1271
2026-05-06 02:00:00,1.172135,1.17249,1.17212,1.172145,1219
2026-05-06 02:15:00,1.172145,1.172345,1.17181,1.171845,862
2026-05-06 02:30:00,1.171855,1.17198,1.171635,1.17166,645
2026-05-06 02:45:00,1.171655,1.17184,1.171575,1.171745,676
2026-05-06 03:00:00,1.171735,1.172215,1.171695,1.172145,1034
2026-05-06 03:15:00,1.17214,1.172215,1.171875,1.172035,698
2026-05-06 03:30:00,1.172025,1.17231,1.171775,1.172055,993
2026-05-06 03:45:00,1.172055,1.172065,1.17164,1.17178,727
2026-05-06 04:00:00,1.171775,1.171845,1.17163,1.171815,488
2026-05-06 04:15:00,1.17184,1.172845,1.171745,1.172835,1703
2026-05-06 04:30:00,1.17284,1.173665,1.17265,1.17332,5993
2026-05-06 04:45:00,1.173315,1.174285,1.173075,1.1737,6023
2026-05-06 05:00:00,1.173695,1.17382,1.173375,1.17338,3052
2026-05-06 05:15:00,1.173375,1.17342,1.17301,1.173315,1716
2026-05-06 05:30:00,1.17331,1.173335,1.17313,1.17323,1145
2026-05-06 05:45:00,1.173225,1.173345,1.173075,1.17331,1129
2026-05-06 06:00:00,1.173305,1.173525,1.17306,1.17326,2035
2026-05-06 06:15:00,1.17326,1.173505,1.173055,1.17326,1860
2026-05-06 06:30:00,1.173255,1.173395,1.172835,1.173165,1761
2026-05-06 06:45:00,1.173165,1.17357,1.173115,1.173345,1173
2026-05-06 07:00:00,1.173365,1.17369,1.17283,1.172835,1979
2026-05-06 07:15:00,1.172835,1.1731,1.172705,1.173025,2098
2026-05-06 07:30:00,1.17302,1.173095,1.17244,1.1728,1882
2026-05-06 07:45:00,1.172795,1.17383,1.172795,1.173755,3137
2026-05-06 08:00:00,1.17375,1.173995,1.173325,1.17338,3539
2026-05-06 08:15:00,1.173375,1.173815,1.17327,1.17379,1757
2026-05-06 08:30:00,1.173795,1.17497,1.17373,1.174795,2597
2026-05-06 08:45:00,1.174795,1.177095,1.17474,1.17624,10212
2026-05-06 09:00:00,1.17623,1.17645,1.17562,1.175955,4232
2026-05-06 09:15:00,1.17596,1.176975,1.17591,1.176655,3495
2026-05-06 09:30:00,1.17665,1.177375,1.176505,1.177145,3122
2026-05-06 09:45:00,1.177145,1.177735,1.177095,1.17752,2582
2026-05-06 10:00:00,1.177525,1.177725,1.17689,1.1769,2322
2026-05-06 10:15:00,1.176895,1.177045,1.176655,1.176935,2237
2026-05-06 10:30:00,1.176935,1.17841,1.176935,1.178305,2639
2026-05-06 10:45:00,1.1783,1.179665,1.177965,1.1789,6090
2026-05-06 11:00:00,1.178905,1.179175,1.178265,1.17846,4681
2026-05-06 11:15:00,1.17846,1.178975,1.178215,1.178515,2842
2026-05-06 11:30:00,1.178525,1.178665,1.17742,1.17754,4004
2026-05-06 11:45:00,1.177545,1.177665,1.17682,1.177005,3847
2026-05-06 12:00:00,1.177005,1.177015,1.17523,1.17567,4224
2026-05-06 12:15:00,1.175715,1.17624,1.17516,1.176035,6690
2026-05-06 12:30:00,1.17603,1.17641,1.17558,1.17612,3593
2026-05-06 12:45:00,1.17611,1.17611,1.17528,1.175355,3510
2026-05-06 13:00:00,1.17535,1.17592,1.17464,1.17558,6013
2026-05-06 13:15:00,1.175575,1.175805,1.17496,1.175085,3688
2026-05-06 13:30:00,1.17508,1.175635,1.174725,1.17517,5192
2026-05-06 13:45:00,1.175175,1.17551,1.174965,1.175165,3477
2026-05-06 14:00:00,1.17516,1.17521,1.1745,1.174805,4140
2026-05-06 14:15:00,1.174815,1.1752,1.17457,1.174685,3784
2026-05-06 14:30:00,1.17469,1.176215,1.174645,1.176195,4591
2026-05-06 14:45:00,1.1762,1.176295,1.17548,1.17551,4963
2026-05-06 15:00:00,1.175505,1.17554,1.174855,1.17502,3302
2026-05-06 15:15:00,1.17501,1.175425,1.174965,1.17531,2636
2026-05-06 15:30:00,1.175315,1.17586,1.175195,1.175585,2993
2026-05-06 15:45:00,1.17558,1.17574,1.17524,1.17529,2291
2026-05-06 16:00:00,1.175285,1.17536,1.174925,1.17515,2574
2026-05-06 16:15:00,1.17514,1.175295,1.175,1.1751,1762
2026-05-06 16:30:00,1.1751,1.1753,1.174965,1.175045,1562
2026-05-06 16:45:00,1.17505,1.17505,1.174185,1.17444,3041
2026-05-06 17:00:00,1.174435,1.1753,1.17428,1.17516,1862
2026-05-06 17:15:00,1.175155,1.17556,1.17507,1.175355,1463
2026-05-06 17:30:00,1.17535,1.17539,1.17459,1.17471,1433
2026-05-06 17:45:00,1.174715,1.174845,1.17449,1.174825,1947
2026-05-06 18:00:00,1.17483,1.17497,1.17457,1.174615,2323
2026-05-06 18:15:00,1.17462,1.17486,1.17448,1.174575,1552
2026-05-06 18:30:00,1.17458,1.17482,1.17457,1.17471,1108
2026-05-06 18:45:00,1.17471,1.175165,1.17458,1.174945,1192
2026-05-06 19:00:00,1.174935,1.17544,1.17489,1.175355,1435
2026-05-06 19:15:00,1.175355,1.175565,1.175285,1.17535,1052
2026-05-06 19:30:00,1.175345,1.175345,1.174885,1.174895,1143
2026-05-06 19:45:00,1.174885,1.1752,1.174755,1.174765,1595
2026-05-06 20:00:00,1.174765,1.17503,1.17464,1.174955,923
2026-05-06 20:15:00,1.17496,1.175065,1.17482,1.17484,316
2026-05-06 20:30:00,1.174835,1.174865,1.174525,1.17457,616
2026-05-06 20:45:00,1.174575,1.17492,1.174485,1.174795,864
2026-05-06 21:00:00,1.174795,1.17483,1.174485,1.17483,130
2026-05-06 21:15:00,1.17483,1.174965,1.17474,1.174925,214
2026-05-06 21:30:00,1.17494,1.175095,1.17486,1.175075,172
2026-05-06 21:45:00,1.175085,1.175085,1.174985,1.17505,287
2026-05-06 22:00:00,1.175045,1.17509,1.174955,1.17507,298
2026-05-06 22:15:00,1.17507,1.175135,1.17496,1.17499,296
2026-05-06 22:30:00,1.17499,1.17514,1.17496,1.17513,313
2026-05-06 22:45:00,1.175135,1.17514,1.174975,1.175065,527
2026-05-06 23:00:00,1.17506,1.17521,1.175005,1.175135,314
2026-05-06 23:15:00,1.175135,1.17515,1.17488,1.174935,163
2026-05-06 23:30:00,1.174935,1.17494,1.17483,1.17487,230
2026-05-06 23:45:00,1.17487,1.17495,1.174645,1.174805,518
2026-05-07 00:00:00,1.17481,1.17541,1.17468,1.175405,2984
2026-05-07 00:15:00,1.175395,1.17541,1.17474,1.174865,1811
2026-05-07 00:30:00,1.174865,1.17509,1.17472,1.174845,1270
2026-05-07 00:45:00,1.174825,1.17495,1.174685,1.174865,1313
2026-05-07 01:00:00,1.17487,1.17561,1.174645,1.175415,1913
2026-05-07 01:15:00,1.175435,1.175785,1.1754,1.175695,1994
2026-05-07 01:30:00,1.175685,1.17628,1.17557,1.17626,1331
2026-05-07 01:45:00,1.176255,1.17635,1.175835,1.17591,1407
2026-05-07 02:00:00,1.175895,1.1761,1.17559,1.17565,1067
2026-05-07 02:15:00,1.175655,1.175735,1.17548,1.175665,751
2026-05-07 02:30:00,1.17566,1.17578,1.175455,1.17556,952
2026-05-07 02:45:00,1.175565,1.175795,1.175535,1.175655,948
2026-05-07 03:00:00,1.175635,1.175675,1.175295,1.175335,944
2026-05-07 03:15:00,1.175335,1.175545,1.175265,1.17527,720
2026-05-07 03:30:00,1.175265,1.175315,1.175025,1.175125,571
2026-05-07 03:45:00,1.175125,1.175135,1.17487,1.174895,790
2026-05-07 04:00:00,1.17488,1.1751,1.174785,1.175045,672
2026-05-07 04:15:00,1.175045,1.175295,1.175045,1.17524,466
2026-05-07 04:30:00,1.17523,1.175365,1.175135,1.17519,776
2026-05-07 04:45:00,1.175195,1.17527,1.175075,1.175095,949
2026-05-07 05:00:00,1.1751,1.175345,1.17507,1.17522,965
2026-05-07 05:15:00,1.175215,1.17525,1.175,1.175155,1486
2026-05-07 05:30:00,1.17516,1.175355,1.175155,1.17525,1206
2026-05-07 05:45:00,1.17525,1.175385,1.17509,1.17519,1021
2026-05-07 06:00:00,1.17518,1.17527,1.17494,1.175015,1331
2026-05-07 06:15:00,1.17501,1.1752,1.174785,1.17479,1480
2026-05-07 06:30:00,1.174785,1.175655,1.17452,1.17561,3454
2026-05-07 06:45:00,1.1756,1.175695,1.1745,1.174815,3132
2026-05-07 07:00:00,1.17481,1.17672,1.174805,1.176695,5421
2026-05-07 07:15:00,1.176705,1.17687,1.17595,1.17647,4802
2026-05-07 07:30:00,1.176465,1.17679,1.17615,1.17645,3912
2026-05-07 07:45:00,1.17645,1.17675,1.176205,1.1767,3526
2026-05-07 08:00:00,1.176705,1.176765,1.176495,1.176695,3307
2026-05-07 08:15:00,1.1767,1.17716,1.1763,1.17698,3556
2026-05-07 08:30:00,1.17698,1.17736,1.17681,1.17699,2236
2026-05-07 08:45:00,1.176985,1.177425,1.17696,1.177185,1898
2026-05-07 09:00:00,1.177175,1.1772,1.176585,1.176845,2896
2026-05-07 09:15:00,1.17685,1.177,1.176585,1.17686,2552
2026-05-07 09:30:00,1.176855,1.17773,1.176795,1.177675,2738
2026-05-07 09:45:00,1.17768,1.17783,1.17693,1.177035,2492
2026-05-07 10:00:00,1.177025,1.177615,1.176805,1.17754,2486
2026-05-07 10:15:00,1.177535,1.17763,1.177315,1.177495,2186
2026-05-07 10:30:00,1.177495,1.17758,1.17698,1.177185,2325
2026-05-07 10:45:00,1.177185,1.177265,1.1765,1.176715,2944
2026-05-07 11:00:00,1.17673,1.176865,1.17635,1.176375,2636
2026-05-07 11:15:00,1.17637,1.176675,1.17624,1.17643,2644
2026-05-07 11:30:00,1.176435,1.176805,1.1763,1.17657,2285
2026-05-07 11:45:00,1.17657,1.17703,1.1764,1.176995,2353
2026-05-07 12:00:00,1.17702,1.17723,1.17679,1.177115,2417
2026-05-07 12:15:00,1.17712,1.177345,1.17673,1.17701,2975
2026-05-07 12:30:00,1.17702,1.177485,1.17693,1.177455,2429
2026-05-07 12:45:00,1.17746,1.177805,1.17727,1.177295,3023
2026-05-07 13:00:00,1.17729,1.177445,1.17699,1.177275,3762
2026-05-07 13:15:00,1.17728,1.17772,1.177185,1.177545,2861
2026-05-07 13:30:00,1.177535,1.17756,1.176965,1.17735,3631
2026-05-07 13:45:00,1.177355,1.17749,1.176665,1.176855,4504
2026-05-07 14:00:00,1.17685,1.17703,1.176395,1.176905,4324
2026-05-07 14:15:00,1.1769,1.17734,1.176505,1.17695,3541
2026-05-07 14:30:00,1.17696,1.17725,1.176755,1.177015,3138
2026-05-07 14:45:00,1.17701,1.177735,1.177005,1.177585,3878
2026-05-07 15:00:00,1.177595,1.1778,1.17735,1.17737,3584
2026-05-07 15:15:00,1.177365,1.177555,1.176315,1.1765,4549
2026-05-07 15:30:00,1.17651,1.177135,1.17645,1.176845,3557
2026-05-07 15:45:00,1.17684,1.176895,1.176315,1.176375,3307
2026-05-07 16:00:00,1.17638,1.176605,1.17585,1.175985,3907
2026-05-07 16:15:00,1.17598,1.176395,1.175635,1.17633,3217
2026-05-07 16:30:00,1.176325,1.176475,1.176,1.176055,2526
2026-05-07 16:45:00,1.17606,1.176135,1.1757,1.17605,2477
2026-05-07 17:00:00,1.176045,1.176095,1.175675,1.17595,2919
2026-05-07 17:15:00,1.175945,1.175945,1.17468,1.17472,5125
2026-05-07 17:30:00,1.174735,1.174965,1.173575,1.17439,6789
2026-05-07 17:45:00,1.174385,1.17499,1.17434,1.17489,3955
2026-05-07 18:00:00,1.17488,1.175135,1.174625,1.174835,3249
2026-05-07 18:15:00,1.17483,1.175145,1.17479,1.17509,2135
2026-05-07 18:30:00,1.175095,1.17521,1.173975,1.17435,3596
2026-05-07 18:45:00,1.174355,1.17509,1.174045,1.17501,4872
2026-05-07 19:00:00,1.175015,1.17544,1.174565,1.174905,3279
2026-05-07 19:15:00,1.1749,1.175025,1.173655,1.174135,5326
2026-05-07 19:30:00,1.174145,1.174855,1.17412,1.17455,2714
2026-05-07 19:45:00,1.17454,1.1746,1.17335,1.17337,3986
2026-05-07 20:00:00,1.17338,1.17449,1.173335,1.17386,3558
2026-05-07 20:15:00,1.173865,1.173885,1.173385,1.1735,1095
2026-05-07 20:30:00,1.173495,1.173575,1.17293,1.172965,2684
2026-05-07 20:45:00,1.17297,1.173015,1.172305,1.17244,2211
2026-05-07 21:00:00,1.17244,1.172985,1.17244,1.17288,163
2026-05-07 21:15:00,1.172885,1.17314,1.17273,1.172935,163
2026-05-07 21:30:00,1.172915,1.172915,1.17245,1.172775,456
2026-05-07 21:45:00,1.17277,1.17279,1.172625,1.172715,173
2026-05-07 22:00:00,1.17261,1.17286,1.17229,1.17267,835
2026-05-07 22:15:00,1.172665,1.17318,1.17259,1.172895,1543
2026-05-07 22:30:00,1.1729,1.172995,1.17257,1.172715,1084
2026-05-07 22:45:00,1.17271,1.17277,1.17251,1.17252,485
2026-05-07 23:00:00,1.172515,1.172625,1.172455,1.172565,342
2026-05-07 23:15:00,1.172575,1.17278,1.172575,1.17276,285
2026-05-07 23:30:00,1.172765,1.17288,1.1727,1.172865,482
2026-05-07 23:45:00,1.17287,1.173165,1.17285,1.173065,652
2026-05-08 00:00:00,1.17307,1.17348,1.172965,1.173175,2132
2026-05-08 00:15:00,1.173175,1.17319,1.17265,1.17293,2006
2026-05-08 00:30:00,1.172935,1.173135,1.172855,1.17289,1665
2026-05-08 00:45:00,1.172895,1.173,1.172695,1.172695,1158
2026-05-08 01:00:00,1.1727,1.173205,1.1727,1.17309,1824
2026-05-08 01:15:00,1.173095,1.173375,1.172965,1.173205,1209
2026-05-08 01:30:00,1.173215,1.173325,1.172905,1.173015,1113
2026-05-08 01:45:00,1.173015,1.173285,1.173015,1.173255,889
2026-05-08 02:00:00,1.173255,1.173265,1.173005,1.17305,864
2026-05-08 02:15:00,1.173045,1.17321,1.172865,1.172975,1149
2026-05-08 02:30:00,1.172975,1.173035,1.172455,1.17248,1412
2026-05-08 02:45:00,1.172485,1.17303,1.17248,1.172745,989
2026-05-08 03:00:00,1.172745,1.17295,1.172685,1.17291,712
2026-05-08 03:15:00,1.172905,1.17299,1.17276,1.17289,667
2026-05-08 03:30:00,1.17289,1.17334,1.17289,1.17334,961
2026-05-08 03:45:00,1.173335,1.173385,1.172835,1.17284,940
2026-05-08 04:00:00,1.172845,1.17307,1.172835,1.172895,989
2026-05-08 04:15:00,1.172895,1.17302,1.1727,1.172935,926
2026-05-08 04:30:00,1.17294,1.17333,1.17289,1.17332,1000
2026-05-08 04:45:00,1.17332,1.173595,1.173295,1.17353,915
2026-05-08 05:00:00,1.173535,1.17368,1.173295,1.173395,1068
2026-05-08 05:15:00,1.173395,1.173645,1.173335,1.17364,722
2026-05-08 05:30:00,1.17364,1.17387,1.173435,1.173695,1640
2026-05-08 05:45:00,1.17369,1.17388,1.17351,1.17372,1117
2026-05-08 06:00:00,1.173725,1.17464,1.173705,1.174065,2611
2026-05-08 06:15:00,1.174045,1.174765,1.174045,1.174765,1670
2026-05-08 06:30:00,1.174765,1.17483,1.174305,1.17462,1656
2026-05-08 06:45:00,1.174625,1.174795,1.17441,1.17444,1641
2026-05-08 07:00:00,1.174435,1.1748,1.174265,1.174445,2689
2026-05-08 07:15:00,1.17445,1.174625,1.17424,1.17428,1982
2026-05-08 07:30:00,1.17428,1.174655,1.17424,1.174515,1552
2026-05-08 07:45:00,1.174515,1.174515,1.174185,1.17431,1257
2026-05-08 08:00:00,1.174305,1.1747,1.174205,1.17449,1848
2026-05-08 08:15:00,1.17449,1.175535,1.17449,1.175525,2197
2026-05-08 08:30:00,1.17552,1.176225,1.175505,1.17615,2250
2026-05-08 08:45:00,1.176145,1.176585,1.175835,1.17638,2266
2026-05-08 09:00:00,1.176375,1.177075,1.176335,1.176835,1913
2026-05-08 09:15:00,1.176835,1.177355,1.17681,1.17682,1317
2026-05-08 09:30:00,1.176825,1.177065,1.176775,1.1769,1206
2026-05-08 09:45:00,1.176905,1.177175,1.176665,1.17691,2073
2026-05-08 10:00:00,1.176905,1.177255,1.176825,1.177055,1384
2026-05-08 10:15:00,1.177055,1.17715,1.17689,1.176955,947
2026-05-08 10:30:00,1.17696,1.177225,1.17672,1.176725,1119
2026-05-08 10:45:00,1.17672,1.176855,1.176135,1.17641,1472
2026-05-08 11:00:00,1.1764,1.1766,1.176205,1.176455,1557
2026-05-08 11:15:00,1.17645,1.1768,1.176425,1.176695,1099
2026-05-08 11:30:00,1.176705,1.17688,1.176495,1.176495,1141
2026-05-08 11:45:00,1.1765,1.17674,1.17635,1.176535,1614
2026-05-08 12:00:00,1.17654,1.176555,1.17595,1.17601,2447
2026-05-08 12:15:00,1.176005,1.17672,1.17597,1.176555,2351
2026-05-08 12:30:00,1.17655,1.17789,1.17575,1.1777,7210
2026-05-08 12:45:00,1.17769,1.17784,1.177145,1.177415,4277
2026-05-08 13:00:00,1.17741,1.177505,1.17663,1.17678,4298
2026-05-08 13:15:00,1.176775,1.177895,1.176655,1.177765,3880
2026-05-08 13:30:00,1.17777,1.178715,1.17764,1.17821,5047
2026-05-08 13:45:00,1.178205,1.17846,1.17773,1.1779,3563
2026-05-08 14:00:00,1.177895,1.17798,1.176725,1.177355,4231
2026-05-08 14:15:00,1.17735,1.17762,1.176735,1.176745,4138
2026-05-08 14:30:00,1.17674,1.177595,1.17673,1.17733,3763
2026-05-08 14:45:00,1.177335,1.177665,1.177305,1.17743,3417
2026-05-08 15:00:00,1.177435,1.17785,1.17689,1.177015,4102
2026-05-08 15:15:00,1.17701,1.177285,1.176695,1.17726,3041
2026-05-08 15:30:00,1.177265,1.177665,1.17682,1.177355,3763
2026-05-08 15:45:00,1.17736,1.177855,1.177245,1.177285,3017
2026-05-08 16:00:00,1.17728,1.177865,1.177175,1.177485,2221
2026-05-08 16:15:00,1.177485,1.177745,1.177485,1.17766,1436
2026-05-08 16:30:00,1.177665,1.177755,1.177135,1.177245,1212
2026-05-08 16:45:00,1.17725,1.177435,1.177085,1.177125,1496
2026-05-08 17:00:00,1.17712,1.17737,1.17706,1.177125,1187
2026-05-08 17:15:00,1.177125,1.177545,1.177085,1.177425,1383
2026-05-08 17:30:00,1.177425,1.177565,1.177315,1.17744,709
2026-05-08 17:45:00,1.177435,1.177635,1.177175,1.17724,1406
2026-05-08 18:00:00,1.177235,1.17818,1.177075,1.17803,3167
2026-05-08 18:15:00,1.178035,1.17808,1.17773,1.177845,1469
2026-05-08 18:30:00,1.17784,1.17791,1.17767,1.17785,1146
2026-05-08 18:45:00,1.177845,1.17803,1.177535,1.17785,1853
2026-05-08 19:00:00,1.177855,1.178215,1.17778,1.17814,1443
2026-05-08 19:15:00,1.178135,1.178215,1.17807,1.17818,617
2026-05-08 19:30:00,1.17818,1.178325,1.178035,1.17823,1332
2026-05-08 19:45:00,1.178225,1.178255,1.17767,1.178025,1921
2026-05-08 20:00:00,1.178035,1.178365,1.177895,1.17834,1083
2026-05-08 20:15:00,1.178345,1.178505,1.1783,1.17839,450
2026-05-08 20:30:00,1.178395,1.17872,1.17834,1.178625,891
2026-05-08 20:45:00,1.17862,1.1788,1.17838,1.178615,1351
2026-05-10 21:00:00,1.178615,1.178615,1.174985,1.17537,310
2026-05-10 21:15:00,1.175375,1.17562,1.174845,1.17553,330
2026-05-10 21:30:00,1.175525,1.176955,1.17533,1.176885,458
2026-05-10 21:45:00,1.17691,1.176925,1.176145,1.176465,591
2026-05-10 22:00:00,1.17647,1.17664,1.1758,1.176135,1616
2026-05-10 22:15:00,1.17614,1.17635,1.175855,1.176345,1109
2026-05-10 22:30:00,1.17634,1.176455,1.176245,1.176405,788
2026-05-10 22:45:00,1.176405,1.17648,1.1763,1.1764,591
2026-05-10 23:00:00,1.176395,1.17656,1.17638,1.176455,523
2026-05-10 23:15:00,1.176455,1.176775,1.17645,1.176705,296
2026-05-10 23:30:00,1.176705,1.176955,1.176665,1.176945,384
2026-05-10 23:45:00,1.176945,1.177015,1.17667,1.17672,755
2026-05-11 00:00:00,1.176725,1.17715,1.17656,1.17682,1672
2026-05-11 00:15:00,1.176835,1.177145,1.17672,1.177065,846
2026-05-11 00:30:00,1.17707,1.177205,1.17694,1.17696,737
2026-05-11 00:45:00,1.176965,1.177045,1.17661,1.176995,1798
2026-05-11 01:00:00,1.17699,1.17712,1.176485,1.176795,1666
2026-05-11 01:15:00,1.176795,1.177005,1.17665,1.176905,1077
2026-05-11 01:30:00,1.1769,1.176965,1.176315,1.176505,1626
2026-05-11 01:45:00,1.1765,1.17653,1.176175,1.17629,1003
2026-05-11 02:00:00,1.176295,1.17657,1.17629,1.1764,1075
2026-05-11 02:15:00,1.176405,1.176555,1.17639,1.17652,605
2026-05-11 02:30:00,1.17651,1.176635,1.176175,1.17618,834
2026-05-11 02:45:00,1.17618,1.176235,1.175905,1.175925,861
2026-05-11 03:00:00,1.17592,1.17593,1.17571,1.175895,935
2026-05-11 03:15:00,1.1759,1.175935,1.17569,1.175725,592
2026-05-11 03:30:00,1.175725,1.17591,1.17569,1.17588,499
2026-05-11 03:45:00,1.17587,1.17592,1.17562,1.17567,754
2026-05-11 04:00:00,1.175665,1.175735,1.17544,1.175545,594
2026-05-11 04:15:00,1.175545,1.17558,1.17544,1.17544,319
2026-05-11 04:30:00,1.175445,1.17548,1.175205,1.17524,377
2026-05-11 04:45:00,1.175235,1.17535,1.175015,1.17505,426
2026-05-11 05:00:00,1.175045,1.17547,1.17503,1.175405,657
2026-05-11 05:15:00,1.175405,1.175435,1.17524,1.17524,511
2026-05-11 05:30:00,1.175235,1.175335,1.175065,1.1751,926
2026-05-11 05:45:00,1.175115,1.175155,1.174875,1.17501,940
2026-05-11 06:00:00,1.175015,1.17582,1.175015,1.17576,2567
2026-05-11 06:15:00,1.175755,1.175935,1.175485,1.175915,1476
2026-05-11 06:30:00,1.17592,1.176265,1.17589,1.17619,1550
2026-05-11 06:45:00,1.176195,1.17682,1.17611,1.17676,1662
2026-05-11 07:00:00,1.17677,1.176895,1.17646,1.176745,2187
2026-05-11 07:15:00,1.17675,1.177475,1.17673,1.177135,1810
2026-05-11 07:30:00,1.17712,1.17722,1.176725,1.177115,1702
2026-05-11 07:45:00,1.177115,1.17723,1.17683,1.177215,1368
2026-05-11 08:00:00,1.17722,1.177645,1.177155,1.17759,1823
2026-05-11 08:15:00,1.177585,1.178225,1.177585,1.17799,1730
2026-05-11 08:30:00,1.17799,1.178135,1.17753,1.17753,1368
2026-05-11 08:45:00,1.17754,1.177585,1.177125,1.17714,1717
2026-05-11 09:00:00,1.177145,1.17745,1.177095,1.17734,1102
2026-05-11 09:15:00,1.177335,1.177385,1.17708,1.177115,1075
2026-05-11 09:30:00,1.17711,1.177315,1.176955,1.177045,1266
2026-05-11 09:45:00,1.17705,1.177155,1.17673,1.176735,1147
2026-05-11 10:00:00,1.17673,1.17677,1.176465,1.176735,1163
2026-05-11 10:15:00,1.17673,1.17687,1.17659,1.176805,928
2026-05-11 10:30:00,1.17681,1.177165,1.176665,1.17716,1579
2026-05-11 10:45:00,1.17716,1.177415,1.176895,1.17691,1877
2026-05-11 11:00:00,1.176915,1.177375,1.17689,1.177365,2104
2026-05-11 11:15:00,1.17736,1.177465,1.17719,1.177405,1031
2026-05-11 11:30:00,1.177415,1.17746,1.177165,1.17723,1239
2026-05-11 11:45:00,1.17723,1.177425,1.17635,1.176835,1996
2026-05-11 12:00:00,1.17684,1.176885,1.176445,1.176685,1849
2026-05-11 12:15:00,1.176695,1.17746,1.17645,1.17718,2102
2026-05-11 12:30:00,1.177175,1.17746,1.176865,1.1773,1814
2026-05-11 12:45:00,1.1773,1.177445,1.17679,1.17744,2370
2026-05-11 13:00:00,1.177445,1.17853,1.177425,1.178335,3231
2026-05-11 13:15:00,1.17833,1.178485,1.177975,1.178335,2199
2026-05-11 13:30:00,1.17834,1.178635,1.1779,1.178625,2569
2026-05-11 13:45:00,1.17862,1.178775,1.17846,1.178535,2239
2026-05-11 14:00:00,1.17853,1.17862,1.17797,1.17855,2514
2026-05-11 14:15:00,1.178555,1.178765,1.178465,1.17857,2002
2026-05-11 14:30:00,1.17856,1.178785,1.178085,1.178685,3781
2026-05-11 14:45:00,1.17868,1.17869,1.177905,1.17795,2863
2026-05-11 15:00:00,1.17793,1.17835,1.17788,1.17813,2318
2026-05-11 15:15:00,1.17813,1.178545,1.17796,1.178145,1816
2026-05-11 15:30:00,1.17814,1.17829,1.17789,1.17796,1800
2026-05-11 15:45:00,1.177955,1.178175,1.17768,1.178,1949
2026-05-11 16:00:00,1.178005,1.17804,1.177785,1.17793,1407
2026-05-11 16:15:00,1.177935,1.17797,1.177585,1.17759,982
2026-05-11 16:30:00,1.17759,1.177905,1.17724,1.17755,2014
2026-05-11 16:45:00,1.177545,1.177695,1.17724,1.17733,1956
2026-05-11 17:00:00,1.177335,1.177495,1.177085,1.17749,1441
2026-05-11 17:15:00,1.17749,1.177745,1.17746,1.17761,1408
2026-05-11 17:30:00,1.177605,1.177855,1.17758,1.1777,836
2026-05-11 17:45:00,1.1777,1.17787,1.177685,1.177805,715
2026-05-11 18:00:00,1.177805,1.178015,1.177795,1.1779,1008
2026-05-11 18:15:00,1.1779,1.178055,1.17776,1.17794,1029
2026-05-11 18:30:00,1.17793,1.178005,1.177605,1.177605,914
2026-05-11 18:45:00,1.177605,1.177685,1.17745,1.1775,1226
2026-05-11 19:00:00,1.177505,1.17771,1.17744,1.1775,1314
2026-05-11 19:15:00,1.177505,1.177695,1.17748,1.177565,594
2026-05-11 19:30:00,1.17756,1.17775,1.17752,1.177655,984
2026-05-11 19:45:00,1.17765,1.17779,1.177455,1.17775,1178
2026-05-11 20:00:00,1.177745,1.177925,1.17739,1.177845,937
2026-05-11 20:15:00,1.17785,1.178115,1.17783,1.17806,618
2026-05-11 20:30:00,1.178065,1.17831,1.17806,1.17814,544
2026-05-11 20:45:00,1.178135,1.17834,1.178055,1.17834,777
2026-05-11 21:00:00,1.178325,1.17838,1.17789,1.17827,117
2026-05-11 21:15:00,1.17828,1.17842,1.17795,1.178335,167
2026-05-11 21:30:00,1.17835,1.17835,1.17824,1.17826,176
2026-05-11 21:45:00,1.17826,1.17847,1.178175,1.178465,570
2026-05-11 22:00:00,1.17846,1.17877,1.17845,1.178705,290
2026-05-11 22:15:00,1.178705,1.178775,1.178685,1.1787,254
2026-05-11 22:30:00,1.1787,1.17874,1.178655,1.17867,268
2026-05-11 22:45:00,1.178665,1.17868,1.178505,1.178535,395
2026-05-11 23:00:00,1.17854,1.178545,1.178435,1.17844,238
2026-05-11 23:15:00,1.17844,1.178445,1.17807,1.17808,175
2026-05-11 23:30:00,1.178085,1.17817,1.17777,1.177895,380
2026-05-11 23:45:00,1.177875,1.178055,1.17773,1.17785,587
2026-05-12 00:00:00,1.177845,1.177855,1.177385,1.177605,969
2026-05-12 00:15:00,1.1776,1.17772,1.177325,1.17749,847
2026-05-12 00:30:00,1.177495,1.177515,1.177195,1.177195,736
2026-05-12 00:45:00,1.1772,1.177355,1.176635,1.176705,1177
2026-05-12 01:00:00,1.176705,1.176905,1.176405,1.176485,1504
2026-05-12 01:15:00,1.17649,1.176575,1.176155,1.17621,1373
2026-05-12 01:30:00,1.17622,1.176645,1.175775,1.1761,2418
2026-05-12 01:45:00,1.176095,1.17637,1.17594,1.17615,1800
2026-05-12 02:00:00,1.176155,1.176335,1.176095,1.176185,995
2026-05-12 02:15:00,1.176195,1.176215,1.176,1.17611,633
2026-05-12 02:30:00,1.176105,1.17615,1.175945,1.176045,351
2026-05-12 02:45:00,1.17605,1.176475,1.176045,1.17625,956
2026-05-12 03:00:00,1.176245,1.176305,1.17579,1.175895,902
2026-05-12 03:15:00,1.175895,1.175925,1.17565,1.175705,599
2026-05-12 03:30:00,1.175695,1.17582,1.175675,1.175805,372
2026-05-12 03:45:00,1.175805,1.17583,1.175475,1.17564,741
2026-05-12 04:00:00,1.175635,1.175795,1.17556,1.17557,858
2026-05-12 04:15:00,1.17557,1.17577,1.17556,1.17559,395
2026-05-12 04:30:00,1.17559,1.17596,1.17559,1.17596,729
2026-05-12 04:45:00,1.175955,1.17598,1.17568,1.175715,1021
2026-05-12 05:00:00,1.17572,1.17585,1.175265,1.17539,1292
2026-05-12 05:15:00,1.17539,1.17561,1.175235,1.175495,1254
2026-05-12 05:30:00,1.1755,1.175615,1.17535,1.175595,1042
2026-05-12 05:45:00,1.175595,1.17682,1.175565,1.17624,2656
2026-05-12 06:00:00,1.176245,1.176605,1.175665,1.17575,3195
2026-05-12 06:15:00,1.17576,1.17585,1.175205,1.175505,2222
2026-05-12 06:30:00,1.17551,1.175895,1.17535,1.175495,1841
2026-05-12 06:45:00,1.1755,1.17554,1.174975,1.175035,1927
2026-05-12 07:00:00,1.17503,1.17506,1.17442,1.174715,2793
2026-05-12 07:15:00,1.17471,1.17534,1.174675,1.17497,2672
2026-05-12 07:30:00,1.174965,1.17505,1.174645,1.17465,2322
2026-05-12 07:45:00,1.174655,1.174785,1.17435,1.174785,2205
2026-05-12 08:00:00,1.17478,1.17486,1.174255,1.17439,2171
2026-05-12 08:15:00,1.174395,1.17505,1.17436,1.17471,2297
2026-05-12 08:30:00,1.174715,1.17477,1.17394,1.17421,2344
2026-05-12 08:45:00,1.174215,1.174825,1.17421,1.174465,3239
2026-05-12 09:00:00,1.174455,1.174805,1.17438,1.174625,2044
2026-05-12 09:15:00,1.174615,1.17475,1.174395,1.17459,1540
2026-05-12 09:30:00,1.174595,1.17517,1.17454,1.17455,2922
2026-05-12 09:45:00,1.174555,1.174955,1.174435,1.17476,1831
2026-05-12 10:00:00,1.17476,1.174905,1.17455,1.174865,1703
2026-05-12 10:15:00,1.174865,1.174865,1.17454,1.174825,1311
2026-05-12 10:30:00,1.17482,1.174915,1.174455,1.17459,1376
2026-05-12 10:45:00,1.17459,1.17465,1.174055,1.17407,1415
2026-05-12 11:00:00,1.17408,1.17448,1.17348,1.17417,3272
2026-05-12 11:15:00,1.17418,1.17441,1.17404,1.174165,1600
2026-05-12 11:30:00,1.17417,1.174765,1.174165,1.17464,1442
2026-05-12 11:45:00,1.174635,1.174835,1.17417,1.174385,2143
2026-05-12 12:00:00,1.17439,1.174455,1.17378,1.174195,2726
2026-05-12 12:15:00,1.1742,1.17442,1.1739,1.174065,2438
2026-05-12 12:30:00,1.174055,1.174765,1.17361,1.17473,5585
2026-05-12 12:45:00,1.17472,1.175,1.17435,1.174785,3604
2026-05-12 13:00:00,1.17478,1.175005,1.17406,1.17406,3040
2026-05-12 13:15:00,1.174065,1.17409,1.173365,1.17397,3513
2026-05-12 13:30:00,1.173955,1.17426,1.173615,1.173715,4448
2026-05-12 13:45:00,1.17371,1.17392,1.1727,1.173,3317
2026-05-12 14:00:00,1.17302,1.17356,1.172795,1.173525,4376
2026-05-12 14:15:00,1.17352,1.1736,1.173015,1.173335,2774
2026-05-12 14:30:00,1.173325,1.173525,1.17291,1.17329,3468
2026-05-12 14:45:00,1.173285,1.17362,1.17278,1.1736,4246
2026-05-12 15:00:00,1.173595,1.17367,1.17278,1.1728,4293
2026-05-12 15:15:00,1.172795,1.17292,1.17218,1.17241,3689
2026-05-12 15:30:00,1.172415,1.17323,1.1724,1.173145,3114
2026-05-12 15:45:00,1.173155,1.173375,1.17293,1.17326,2119
2026-05-12 16:00:00,1.173265,1.17374,1.173165,1.173705,2619
2026-05-12 16:15:00,1.1737,1.173875,1.173495,1.173605,1722
2026-05-12 16:30:00,1.1736,1.1736,1.17316,1.1732,1701
2026-05-12 16:45:00,1.173195,1.1732,1.17279,1.172835,1627
2026-05-12 17:00:00,1.17284,1.173295,1.17273,1.173085,2112
2026-05-12 17:15:00,1.17309,1.17333,1.172985,1.17306,1702
2026-05-12 17:30:00,1.17305,1.17326,1.173,1.17319,1084
2026-05-12 17:45:00,1.173185,1.17337,1.17302,1.173335,1475
2026-05-12 18:00:00,1.17334,1.17351,1.172895,1.173205,2007
2026-05-12 18:15:00,1.17321,1.173715,1.173155,1.173595,1620
2026-05-12 18:30:00,1.1736,1.173905,1.1736,1.17387,1613
2026-05-12 18:45:00,1.173865,1.17412,1.17367,1.17405,1270
2026-05-12 19:00:00,1.174055,1.174475,1.174005,1.174385,917
2026-05-12 19:15:00,1.17438,1.174435,1.17409,1.17424,1097
2026-05-12 19:30:00,1.174245,1.174695,1.17424,1.1743,1178
2026-05-12 19:45:00,1.174295,1.17436,1.17398,1.17402,1155
2026-05-12 20:00:00,1.174035,1.1741,1.17386,1.17391,519
2026-05-12 20:15:00,1.17391,1.173995,1.17387,1.173885,309
2026-05-12 20:30:00,1.17388,1.173895,1.17377,1.17382,426
2026-05-12 20:45:00,1.173815,1.174105,1.173775,1.17383,831
2026-05-12 21:00:00,1.17383,1.17383,1.1735,1.173575,84
2026-05-12 21:15:00,1.173575,1.174095,1.173575,1.173635,178
2026-05-12 21:30:00,1.17362,1.173785,1.1736,1.17375,151
2026-05-12 21:45:00,1.173735,1.174085,1.173725,1.17384,753
2026-05-12 22:00:00,1.173825,1.17402,1.173745,1.17377,292
2026-05-12 22:15:00,1.173785,1.173945,1.173785,1.173905,336
2026-05-12 22:30:00,1.173905,1.17396,1.17388,1.1739,235
2026-05-12 22:45:00,1.1739,1.174015,1.173895,1.173945,175
2026-05-12 23:00:00,1.17395,1.174135,1.173885,1.173885,279
2026-05-12 23:15:00,1.173885,1.17391,1.17371,1.17386,163
2026-05-12 23:30:00,1.17386,1.173915,1.17369,1.17371,180
2026-05-12 23:45:00,1.173715,1.17382,1.173455,1.17351,550
2026-05-13 00:00:00,1.173505,1.173815,1.1733,1.17335,1445
2026-05-13 00:15:00,1.173345,1.173745,1.173345,1.17355,1048
2026-05-13 00:30:00,1.17355,1.17367,1.173375,1.173595,674
2026-05-13 00:45:00,1.173585,1.173855,1.1733,1.17381,1130
2026-05-13 01:00:00,1.173805,1.173895,1.17339,1.1734,992
2026-05-13 01:15:00,1.173395,1.17385,1.173185,1.173735,1244
2026-05-13 01:30:00,1.17373,1.173935,1.17366,1.173795,762
2026-05-13 01:45:00,1.1738,1.17418,1.17378,1.173885,978
2026-05-13 02:00:00,1.17388,1.174175,1.173765,1.173785,732
2026-05-13 02:15:00,1.173775,1.17383,1.173705,1.173805,419
2026-05-13 02:30:00,1.17381,1.17383,1.17367,1.17368,443
2026-05-13 02:45:00,1.173685,1.173895,1.17363,1.173715,739
2026-05-13 03:00:00,1.173715,1.17377,1.17326,1.173445,1151
2026-05-13 03:15:00,1.17345,1.173595,1.173385,1.173555,899
2026-05-13 03:30:00,1.17356,1.17379,1.17353,1.17361,662
2026-05-13 03:45:00,1.173605,1.17368,1.17344,1.173455,486
2026-05-13 04:00:00,1.173465,1.173525,1.173415,1.17345,477
2026-05-13 04:15:00,1.17345,1.17353,1.17336,1.17338,458
2026-05-13 04:30:00,1.17338,1.173435,1.173225,1.17336,506
2026-05-13 04:45:00,1.17336,1.173475,1.173345,1.17345,516
2026-05-13 05:00:00,1.173455,1.173655,1.173425,1.173515,816
2026-05-13 05:15:00,1.17351,1.173705,1.17343,1.173655,567
2026-05-13 05:30:00,1.17365,1.173685,1.173285,1.17335,645
2026-05-13 05:45:00,1.173355,1.173535,1.173255,1.17341,637
2026-05-13 06:00:00,1.173405,1.173445,1.17263,1.17271,1627
2026-05-13 06:15:00,1.172705,1.172905,1.17247,1.172665,1162
2026-05-13 06:30:00,1.17266,1.17266,1.17224,1.172495,1508
2026-05-13 06:45:00,1.1725,1.17251,1.17181,1.171995,1943
2026-05-13 07:00:00,1.172,1.172335,1.171735,1.171845,2049
2026-05-13 07:15:00,1.17185,1.171965,1.1717,1.17172,1479
2026-05-13 07:30:00,1.171715,1.171755,1.171095,1.171255,1610
2026-05-13 07:45:00,1.171265,1.171475,1.170705,1.17071,1491
2026-05-13 08:00:00,1.1707,1.17096,1.17052,1.17086,1949
2026-05-13 08:15:00,1.17086,1.17117,1.17085,1.17107,1619
2026-05-13 08:30:00,1.171075,1.17116,1.17056,1.17064,1268
2026-05-13 08:45:00,1.170645,1.17066,1.170035,1.170315,2159
2026-05-13 09:00:00,1.170315,1.170435,1.169985,1.17001,2072
2026-05-13 09:15:00,1.170005,1.17013,1.16958,1.169585,1994
2026-05-13 09:30:00,1.16958,1.170145,1.16954,1.16997,1602
2026-05-13 09:45:00,1.169965,1.170685,1.16996,1.170615,1551
2026-05-13 10:00:00,1.17062,1.170665,1.17019,1.17051,2588
2026-05-13 10:15:00,1.170505,1.17072,1.170315,1.17052,2364
2026-05-13 10:30:00,1.170525,1.17099,1.170465,1.17092,1621
2026-05-13 10:45:00,1.170915,1.171455,1.17081,1.17127,2005
2026-05-13 11:00:00,1.171275,1.17153,1.17113,1.171425,1597
2026-05-13 11:15:00,1.171415,1.17151,1.1712,1.171355,1686
2026-05-13 11:30:00,1.17135,1.171725,1.17131,1.171705,1307
2026-05-13 11:45:00,1.171705,1.171725,1.171155,1.171215,1784
2026-05-13 12:00:00,1.17121,1.17162,1.17121,1.171245,1689
2026-05-13 12:15:00,1.17125,1.17125,1.170345,1.17037,2430
2026-05-13 12:30:00,1.170375,1.171075,1.169725,1.17052,5132
2026-05-13 12:45:00,1.170525,1.170565,1.16979,1.17019,2386
2026-05-13 13:00:00,1.170195,1.170555,1.170165,1.170385,2143
2026-05-13 13:15:00,1.17038,1.170465,1.170105,1.170355,1913
2026-05-13 13:30:00,1.17035,1.17092,1.170305,1.170915,3918
2026-05-13 13:45:00,1.1709,1.17123,1.170645,1.171025,3865
2026-05-13 14:00:00,1.17102,1.17127,1.170665,1.171055,3612
2026-05-13 14:15:00,1.17106,1.17113,1.170545,1.171025,2116
2026-05-13 14:30:00,1.17103,1.171165,1.17055,1.170585,2124
2026-05-13 14:45:00,1.17059,1.17103,1.17029,1.170765,2755
2026-05-13 15:00:00,1.17077,1.17118,1.17074,1.17087,2952
2026-05-13 15:15:00,1.170875,1.17134,1.17084,1.17111,1790
2026-05-13 15:30:00,1.171105,1.171635,1.170915,1.17147,2631
2026-05-13 15:45:00,1.17147,1.1715,1.171075,1.1711,1858
2026-05-13 16:00:00,1.17109,1.17132,1.17101,1.171215,1310
2026-05-13 16:15:00,1.171215,1.171765,1.170965,1.171675,2466
2026-05-13 16:30:00,1.17167,1.1718,1.171095,1.17111,2204
2026-05-13 16:45:00,1.17111,1.171305,1.1708,1.170865,1288
2026-05-13 17:00:00,1.17085,1.17107,1.170815,1.17097,1165
2026-05-13 17:15:00,1.170965,1.17108,1.170935,1.170995,740
2026-05-13 17:30:00,1.17099,1.171015,1.17067,1.17072,935
2026-05-13 17:45:00,1.170725,1.170825,1.1704,1.17043,1196
2026-05-13 18:00:00,1.170425,1.170765,1.170405,1.170595,1030
2026-05-13 18:15:00,1.1706,1.17078,1.17057,1.170665,1391
2026-05-13 18:30:00,1.17067,1.170935,1.17063,1.170865,1268
2026-05-13 18:45:00,1.17086,1.171055,1.170425,1.170775,1855
2026-05-13 19:00:00,1.17078,1.171035,1.17075,1.171005,1293
2026-05-13 19:15:00,1.171005,1.171115,1.1709,1.171115,1435
2026-05-13 19:30:00,1.17111,1.171315,1.171,1.17104,968
2026-05-13 19:45:00,1.171035,1.171165,1.170885,1.170975,1198
2026-05-13 20:00:00,1.170965,1.171235,1.1709,1.171195,997
2026-05-13 20:15:00,1.171195,1.17135,1.17114,1.17123,415
2026-05-13 20:30:00,1.17124,1.17135,1.171115,1.17132,418
2026-05-13 20:45:00,1.17133,1.17143,1.171085,1.171095,664
2026-05-13 21:00:00,1.17104,1.171565,1.17083,1.17156,176
2026-05-13 21:15:00,1.17156,1.17158,1.171535,1.171575,153
2026-05-13 21:30:00,1.171555,1.171725,1.171475,1.17157,233
2026-05-13 21:45:00,1.171565,1.17159,1.171435,1.171545,306
2026-05-13 22:00:00,1.17155,1.171775,1.17147,1.17174,325
2026-05-13 22:15:00,1.171745,1.171835,1.171695,1.17178,322
2026-05-13 22:30:00,1.17178,1.17187,1.171775,1.171835,247
2026-05-13 22:45:00,1.17183,1.171835,1.171695,1.17176,283
2026-05-13 23:00:00,1.171765,1.17183,1.171675,1.171735,329
2026-05-13 23:15:00,1.17173,1.17179,1.171675,1.171685,293
2026-05-13 23:30:00,1.17167,1.17168,1.171555,1.17159,303
2026-05-13 23:45:00,1.17159,1.17164,1.17154,1.17159,372
2026-05-14 00:00:00,1.171585,1.171795,1.171425,1.17178,1325
2026-05-14 00:15:00,1.171785,1.171855,1.17152,1.17165,1135
2026-05-14 00:30:00,1.171655,1.17179,1.17154,1.17161,632
2026-05-14 00:45:00,1.17161,1.17175,1.17153,1.17172,936
2026-05-14 01:00:00,1.17171,1.17174,1.17144,1.17155,1501
2026-05-14 01:15:00,1.171545,1.171665,1.171505,1.17161,926
2026-05-14 01:30:00,1.171605,1.17178,1.17151,1.1717,1213
2026-05-14 01:45:00,1.171695,1.171745,1.17126,1.17138,1020
2026-05-14 02:00:00,1.171385,1.171535,1.17132,1.171335,857
2026-05-14 02:15:00,1.17134,1.17142,1.17115,1.1714,791
2026-05-14 02:30:00,1.171405,1.17144,1.171315,1.171385,748
2026-05-14 02:45:00,1.171385,1.1714,1.17122,1.171235,853
2026-05-14 03:00:00,1.17124,1.17131,1.17097,1.171175,1049
2026-05-14 03:15:00,1.17117,1.17146,1.171165,1.17145,975
2026-05-14 03:30:00,1.171445,1.17152,1.17138,1.17141,855
2026-05-14 03:45:00,1.171405,1.1715,1.171225,1.17123,718
2026-05-14 04:00:00,1.171235,1.171655,1.17116,1.171475,1282
2026-05-14 04:15:00,1.17147,1.171625,1.17138,1.17153,763
2026-05-14 04:30:00,1.17153,1.171575,1.171455,1.17152,543
2026-05-14 04:45:00,1.17152,1.171735,1.17142,1.171445,650
2026-05-14 05:00:00,1.17145,1.17154,1.17121,1.171225,1239
2026-05-14 05:15:00,1.17123,1.17138,1.171225,1.171335,715
2026-05-14 05:30:00,1.171335,1.17137,1.17117,1.17129,1076
2026-05-14 05:45:00,1.171285,1.171615,1.171015,1.17103,1631
2026-05-14 06:00:00,1.17102,1.17126,1.170665,1.170775,1117
2026-05-14 06:15:00,1.17078,1.171495,1.170725,1.171335,2200
2026-05-14 06:30:00,1.17134,1.171565,1.17117,1.171495,1339
2026-05-14 06:45:00,1.17149,1.172155,1.171485,1.17183,2423
2026-05-14 07:00:00,1.171835,1.171855,1.17131,1.17138,2602
2026-05-14 07:15:00,1.17137,1.17137,1.170915,1.171135,2113
2026-05-14 07:30:00,1.17113,1.171625,1.17113,1.17138,1897
2026-05-14 07:45:00,1.17138,1.171585,1.1706,1.170755,1815
2026-05-14 08:00:00,1.17076,1.171,1.170495,1.170735,1986
2026-05-14 08:15:00,1.170735,1.171285,1.170735,1.17122,1732
2026-05-14 08:30:00,1.171215,1.17139,1.17087,1.170965,1546
2026-05-14 08:45:00,1.17096,1.171205,1.170915,1.171105,1389
2026-05-14 09:00:00,1.17111,1.171325,1.170915,1.171215,1728
2026-05-14 09:15:00,1.17121,1.171275,1.17096,1.171005,1302
2026-05-14 09:30:00,1.171,1.17106,1.17057,1.17089,1566
2026-05-14 09:45:00,1.17089,1.171165,1.170715,1.170745,1717
2026-05-14 10:00:00,1.17074,1.171305,1.170645,1.170925,2337
2026-05-14 10:15:00,1.17093,1.17104,1.17073,1.17099,1906
2026-05-14 10:30:00,1.17099,1.171105,1.17047,1.170625,1442
2026-05-14 10:45:00,1.17062,1.17103,1.17061,1.170865,2014
2026-05-14 11:00:00,1.17087,1.170895,1.170445,1.170765,1671
2026-05-14 11:15:00,1.170765,1.170775,1.17042,1.170465,1900
2026-05-14 11:30:00,1.17046,1.170555,1.16997,1.17007,1423
2026-05-14 11:45:00,1.170075,1.17041,1.169955,1.169975,1716
2026-05-14 12:00:00,1.16997,1.17055,1.16995,1.17054,2511
2026-05-14 12:15:00,1.170535,1.170555,1.17029,1.170485,1655
2026-05-14 12:30:00,1.17048,1.1705,1.16963,1.16964,1883
2026-05-14 12:45:00,1.169645,1.17013,1.169635,1.169725,1781
2026-05-14 13:00:00,1.16972,1.169885,1.16944,1.16973,2131
2026-05-14 13:15:00,1.16973,1.169755,1.16922,1.169485,1814
2026-05-14 13:30:00,1.16949,1.1695,1.168555,1.169345,4231
2026-05-14 13:45:00,1.16933,1.169965,1.168835,1.168965,5444
2026-05-14 14:00:00,1.16896,1.169645,1.168625,1.169605,3542
2026-05-14 14:15:00,1.16961,1.170015,1.169275,1.16963,2857
2026-05-14 14:30:00,1.169635,1.169655,1.16933,1.16955,2435
2026-05-14 14:45:00,1.169545,1.169665,1.16786,1.16787,5664
2026-05-14 15:00:00,1.167875,1.1681,1.1673,1.167525,4690
2026-05-14 15:15:00,1.16752,1.16762,1.16716,1.167535,2375
2026-05-14 15:30:00,1.16754,1.16787,1.167455,1.167595,2433
2026-05-14 15:45:00,1.167595,1.16781,1.167505,1.16774,1781
2026-05-14 16:00:00,1.167735,1.16785,1.16737,1.1678,2477
2026-05-14 16:15:00,1.16781,1.16816,1.16725,1.16742,2349
2026-05-14 16:30:00,1.16741,1.167545,1.167075,1.167305,2158
2026-05-14 16:45:00,1.1673,1.167655,1.167275,1.16764,1874
2026-05-14 17:00:00,1.167645,1.168015,1.1676,1.1677,1960
2026-05-14 17:15:00,1.167695,1.1679,1.1676,1.1678,2105
2026-05-14 17:30:00,1.167795,1.168055,1.16769,1.168,1671
2026-05-14 17:45:00,1.168,1.16808,1.16773,1.16779,1118
2026-05-14 18:00:00,1.167785,1.167805,1.167485,1.167795,1871
2026-05-14 18:15:00,1.1678,1.16785,1.167605,1.167675,1328
2026-05-14 18:30:00,1.16768,1.16774,1.16739,1.167505,955
2026-05-14 18:45:00,1.1675,1.16775,1.167435,1.167745,1137
2026-05-14 19:00:00,1.16775,1.16791,1.167665,1.167705,909
2026-05-14 19:15:00,1.16771,1.167735,1.16737,1.16738,1111
2026-05-14 19:30:00,1.16738,1.16749,1.167005,1.16703,1545
2026-05-14 19:45:00,1.16704,1.167095,1.16686,1.167095,1644
2026-05-14 20:00:00,1.16709,1.16721,1.16681,1.166845,920
2026-05-14 20:15:00,1.16684,1.166985,1.166585,1.16668,519
2026-05-14 20:30:00,1.166695,1.16684,1.16662,1.166715,675
2026-05-14 20:45:00,1.16672,1.16696,1.1667,1.166945,774
2026-05-14 21:00:00,1.16696,1.1672,1.1668,1.16681,106
2026-05-14 21:15:00,1.16681,1.16729,1.166805,1.167285,1090
2026-05-14 21:30:00,1.1673,1.16739,1.166945,1.166985,332
2026-05-14 21:45:00,1.166995,1.167085,1.166955,1.16703,655
2026-05-14 22:00:00,1.16704,1.167125,1.166905,1.166925,450
2026-05-14 22:15:00,1.16692,1.167065,1.16689,1.167005,302
2026-05-14 22:30:00,1.167,1.167115,1.166955,1.167115,1213
2026-05-14 22:45:00,1.16711,1.16711,1.166955,1.166975,225
2026-05-14 23:00:00,1.166975,1.166975,1.16629,1.166315,629
2026-05-14 23:15:00,1.166315,1.166425,1.16622,1.166415,630
2026-05-14 23:30:00,1.166415,1.166435,1.166235,1.16641,283
2026-05-14 23:45:00,1.166405,1.166515,1.166145,1.16619,498
2026-05-15 00:00:00,1.1662,1.166295,1.165705,1.166005,2102
2026-05-15 00:15:00,1.16601,1.166355,1.16589,1.165905,1093
2026-05-15 00:30:00,1.165905,1.16593,1.165275,1.165445,1033
2026-05-15 00:45:00,1.16545,1.16566,1.16522,1.16555,1097
2026-05-15 01:00:00,1.165545,1.16566,1.16537,1.165535,1190
2026-05-15 01:15:00,1.16555,1.16555,1.164915,1.164925,2017
2026-05-15 01:30:00,1.164935,1.165215,1.16461,1.16507,2084
2026-05-15 01:45:00,1.16507,1.165115,1.16467,1.16469,1359
2026-05-15 02:00:00,1.164685,1.164865,1.16457,1.164795,1306
2026-05-15 02:15:00,1.16479,1.16536,1.16475,1.165115,1046
2026-05-15 02:30:00,1.16511,1.165385,1.16504,1.16536,786
2026-05-15 02:45:00,1.165365,1.165765,1.1653,1.16536,1370
2026-05-15 03:00:00,1.165355,1.165505,1.165175,1.165195,967
2026-05-15 03:15:00,1.165195,1.16528,1.16506,1.165255,737
2026-05-15 03:30:00,1.165255,1.16537,1.165,1.165235,1528
2026-05-15 03:45:00,1.16523,1.165295,1.16515,1.165215,766
2026-05-15 04:00:00,1.16521,1.165265,1.165065,1.16526,574
2026-05-15 04:15:00,1.16526,1.16527,1.165135,1.16516,720
2026-05-15 04:30:00,1.16516,1.165205,1.164915,1.164935,752
2026-05-15 04:45:00,1.16492,1.16496,1.164655,1.164735,1070
2026-05-15 05:00:00,1.16474,1.16476,1.164285,1.16451,2316
2026-05-15 05:15:00,1.164515,1.164805,1.164345,1.16475,1419
2026-05-15 05:30:00,1.16474,1.16477,1.16442,1.16442,1709
2026-05-15 05:45:00,1.164415,1.164415,1.163265,1.163275,3511
2026-05-15 06:00:00,1.16327,1.164365,1.16324,1.164105,4236
2026-05-15 06:15:00,1.164115,1.16432,1.16378,1.163825,2829
2026-05-15 06:30:00,1.16383,1.16433,1.16371,1.163925,3008
2026-05-15 06:45:00,1.16392,1.16422,1.16329,1.163505,2632
2026-05-15 07:00:00,1.1635,1.164605,1.163195,1.164345,3641
2026-05-15 07:15:00,1.16434,1.1649,1.164175,1.164265,3118
2026-05-15 07:30:00,1.16427,1.164315,1.163885,1.164055,2007
2026-05-15 07:45:00,1.16405,1.16411,1.163585,1.16367,1946
2026-05-15 08:00:00,1.16368,1.16384,1.1633,1.16346,3059
2026-05-15 08:15:00,1.163455,1.163505,1.163105,1.16328,2804
2026-05-15 08:30:00,1.163275,1.163615,1.163095,1.16361,2427
2026-05-15 08:45:00,1.163605,1.163655,1.163055,1.163305,1951
2026-05-15 09:00:00,1.16331,1.16336,1.161995,1.162,3076
2026-05-15 09:15:00,1.162005,1.162665,1.161735,1.162515,3444
2026-05-15 09:30:00,1.16251,1.16265,1.162235,1.162335,2514
2026-05-15 09:45:00,1.162335,1.1629,1.1622,1.162805,3216
2026-05-15 10:00:00,1.16281,1.163595,1.162735,1.163525,2532
2026-05-15 10:15:00,1.16352,1.164075,1.163325,1.16374,2351
2026-05-15 10:30:00,1.163745,1.16451,1.16363,1.16449,2567
2026-05-15 10:45:00,1.16448,1.16555,1.164405,1.164925,6133
2026-05-15 11:00:00,1.164915,1.165015,1.16408,1.164605,3094
2026-05-15 11:15:00,1.164605,1.164705,1.16397,1.164,1871
2026-05-15 11:30:00,1.163995,1.16404,1.163305,1.163305,2168
2026-05-15 11:45:00,1.1633,1.163465,1.16292,1.16317,2226
2026-05-15 12:00:00,1.16316,1.163225,1.162615,1.16274,2670
2026-05-15 12:15:00,1.162735,1.16312,1.16265,1.16296,2791
2026-05-15 12:30:00,1.162965,1.162965,1.162025,1.16206,3015
2026-05-15 12:45:00,1.162055,1.162925,1.16189,1.16263,3030
2026-05-15 13:00:00,1.162635,1.16297,1.1623,1.16288,3309
2026-05-15 13:15:00,1.16288,1.16324,1.162615,1.16293,3234
2026-05-15 13:30:00,1.16292,1.163025,1.162335,1.16235,4770
2026-05-15 13:45:00,1.162345,1.162575,1.161895,1.162345,4832
2026-05-15 14:00:00,1.16234,1.163015,1.162135,1.16266,4524
2026-05-15 14:15:00,1.162665,1.163785,1.162655,1.16323,4965
2026-05-15 14:30:00,1.163235,1.16339,1.162705,1.16271,3678
2026-05-15 14:45:00,1.162705,1.163075,1.162345,1.16295,4408
2026-05-15 15:00:00,1.162945,1.163105,1.16246,1.16284,3953
2026-05-15 15:15:00,1.162835,1.16297,1.162065,1.16232,3258
2026-05-15 15:30:00,1.162325,1.162615,1.16221,1.16234,2838
2026-05-15 15:45:00,1.162335,1.162645,1.16208,1.162645,2751
2026-05-15 16:00:00,1.162655,1.16273,1.16231,1.16245,2509
2026-05-15 16:15:00,1.16245,1.16278,1.162395,1.162775,2058
2026-05-15 16:30:00,1.16277,1.16313,1.16268,1.1631,2152
2026-05-15 16:45:00,1.163105,1.16314,1.1627,1.162995,1980
2026-05-15 17:00:00,1.163,1.163405,1.16288,1.163395,1601
2026-05-15 17:15:00,1.16339,1.16357,1.163205,1.16325,1717
2026-05-15 17:30:00,1.163245,1.16334,1.162845,1.16285,1529
2026-05-15 17:45:00,1.162855,1.163015,1.16267,1.162685,1194
2026-05-15 18:00:00,1.16269,1.16273,1.162335,1.162505,1827
2026-05-15 18:15:00,1.1625,1.1625,1.162095,1.16217,1952
2026-05-15 18:30:00,1.162175,1.162195,1.161695,1.162045,1812
2026-05-15 18:45:00,1.16204,1.1624,1.161965,1.16219,1437
2026-05-15 19:00:00,1.162195,1.16226,1.16201,1.162015,1063
2026-05-15 19:15:00,1.162015,1.16222,1.16196,1.16215,849
2026-05-15 19:30:00,1.16215,1.16232,1.16192,1.161945,1461
2026-05-15 19:45:00,1.16194,1.162265,1.16193,1.162145,1622
2026-05-15 20:00:00,1.16214,1.162265,1.16193,1.16216,888
2026-05-15 20:15:00,1.162165,1.162275,1.162065,1.16211,631
2026-05-15 20:30:00,1.162115,1.162495,1.162115,1.162485,641
2026-05-15 20:45:00,1.162485,1.162585,1.16231,1.162535,1416
2026-05-17 21:00:00,1.162535,1.162535,1.161975,1.162135,103
2026-05-17 21:15:00,1.162145,1.162345,1.16204,1.162065,124
2026-05-17 21:30:00,1.16207,1.162135,1.16194,1.16198,242
2026-05-17 21:45:00,1.16198,1.162465,1.16197,1.16246,492
2026-05-17 22:00:00,1.16242,1.16255,1.162235,1.162325,850
2026-05-17 22:15:00,1.162335,1.16239,1.162085,1.16209,622
2026-05-17 22:30:00,1.162105,1.162375,1.162055,1.162375,726
2026-05-17 22:45:00,1.162375,1.162375,1.162255,1.162305,378
2026-05-17 23:00:00,1.1623,1.162365,1.16204,1.16211,800
2026-05-17 23:15:00,1.16211,1.1622,1.161915,1.161975,636
2026-05-17 23:30:00,1.16197,1.16197,1.16119,1.161455,1263
2026-05-17 23:45:00,1.161465,1.1615,1.161235,1.16137,1920
2026-05-18 00:00:00,1.161385,1.16211,1.161345,1.16155,2803
2026-05-18 00:15:00,1.16154,1.16177,1.1614,1.16151,2122
2026-05-18 00:30:00,1.161505,1.16161,1.161035,1.161065,1821
2026-05-18 00:45:00,1.161055,1.16128,1.16084,1.16117,1813
2026-05-18 01:00:00,1.16116,1.161375,1.160845,1.16113,2651
2026-05-18 01:15:00,1.161135,1.1614,1.161005,1.16129,2902
2026-05-18 01:30:00,1.161295,1.16167,1.16125,1.161445,2532
2026-05-18 01:45:00,1.161455,1.16189,1.16124,1.16174,1617
2026-05-18 02:00:00,1.161735,1.161735,1.16132,1.16166,1688
2026-05-18 02:15:00,1.161655,1.161845,1.161605,1.161785,974
2026-05-18 02:30:00,1.16178,1.161965,1.161595,1.161685,753
2026-05-18 02:45:00,1.161665,1.16176,1.16139,1.161555,1152
2026-05-18 03:00:00,1.16155,1.16178,1.161545,1.16175,841
2026-05-18 03:15:00,1.16175,1.162055,1.161695,1.16202,885
2026-05-18 03:30:00,1.162015,1.162165,1.161815,1.16216,1218
2026-05-18 03:45:00,1.162165,1.16227,1.16205,1.162195,886
2026-05-18 04:00:00,1.16219,1.16261,1.16216,1.162565,1339
2026-05-18 04:15:00,1.162555,1.162615,1.16208,1.16214,1193
2026-05-18 04:30:00,1.162135,1.16233,1.1621,1.16221,1038
2026-05-18 04:45:00,1.16221,1.162285,1.161915,1.162075,942
2026-05-18 05:00:00,1.162085,1.162205,1.161835,1.161855,1528
2026-05-18 05:15:00,1.161855,1.162095,1.161685,1.16202,1391
2026-05-18 05:30:00,1.162015,1.16221,1.16187,1.162025,1039
2026-05-18 05:45:00,1.162025,1.16233,1.16198,1.162325,1031
2026-05-18 06:00:00,1.16232,1.16282,1.162195,1.16282,1812
2026-05-18 06:15:00,1.162815,1.163375,1.162805,1.163075,1881
2026-05-18 06:30:00,1.163065,1.163635,1.163015,1.163505,1925
2026-05-18 06:45:00,1.163485,1.16366,1.1634,1.163575,1815
2026-05-18 07:00:00,1.163585,1.16368,1.163165,1.163295,1580
2026-05-18 07:15:00,1.163295,1.16396,1.16318,1.1637,1851
2026-05-18 07:30:00,1.163695,1.164035,1.163545,1.163605,2595
2026-05-18 07:45:00,1.1636,1.163675,1.16314,1.16319,2420
2026-05-18 08:00:00,1.16318,1.163375,1.162905,1.16337,2311
2026-05-18 08:15:00,1.163365,1.16379,1.163345,1.16379,1768
2026-05-18 08:30:00,1.163805,1.164525,1.163705,1.16379,2206
2026-05-18 08:45:00,1.163795,1.16454,1.16379,1.16416,2342
2026-05-18 09:00:00,1.164155,1.164275,1.163755,1.16386,2192
2026-05-18 09:15:00,1.163855,1.164005,1.16374,1.16396,1245
2026-05-18 09:30:00,1.16396,1.16412,1.163775,1.163875,1289
2026-05-18 09:45:00,1.163875,1.163915,1.163505,1.16351,1417
2026-05-18 10:00:00,1.1635,1.16368,1.163215,1.16354,1465
2026-05-18 10:15:00,1.16354,1.16365,1.16337,1.163615,1178
2026-05-18 10:30:00,1.163615,1.16365,1.163205,1.16342,1249
2026-05-18 10:45:00,1.163415,1.163445,1.16264,1.1627,1317
2026-05-18 11:00:00,1.16269,1.1631,1.16266,1.16297,2334
2026-05-18 11:15:00,1.162965,1.163365,1.16284,1.16308,1394
2026-05-18 11:30:00,1.16307,1.16497,1.16304,1.164925,5628
2026-05-18 11:45:00,1.16493,1.16495,1.16387,1.164175,4348
2026-05-18 12:00:00,1.16417,1.164925,1.1641,1.16476,2743
2026-05-18 12:15:00,1.164755,1.164755,1.164275,1.164665,2760
2026-05-18 12:30:00,1.164655,1.16547,1.16458,1.16536,4687
2026-05-18 12:45:00,1.16537,1.165735,1.16488,1.16514,4490
2026-05-18 13:00:00,1.165145,1.165395,1.164675,1.16504,4300
2026-05-18 13:15:00,1.165035,1.16504,1.16453,1.164995,2695
2026-05-18 13:30:00,1.16499,1.165055,1.16439,1.164665,4659
2026-05-18 13:45:00,1.16466,1.165615,1.16463,1.16512,4905
2026-05-18 14:00:00,1.16513,1.16533,1.16429,1.164545,5455
2026-05-18 14:15:00,1.164545,1.16473,1.16419,1.164555,4114
2026-05-18 14:30:00,1.16455,1.16476,1.16414,1.16428,4253
2026-05-18 14:45:00,1.164285,1.16471,1.164185,1.164185,3267
2026-05-18 15:00:00,1.16419,1.16423,1.163335,1.163965,5462
2026-05-18 15:15:00,1.16396,1.164265,1.163665,1.16406,3945
2026-05-18 15:30:00,1.164055,1.164925,1.16389,1.164745,3174
2026-05-18 15:45:00,1.16475,1.165305,1.16453,1.16485,3323
2026-05-18 16:00:00,1.164855,1.16543,1.164415,1.16543,3323
2026-05-18 16:15:00,1.165425,1.165625,1.16488,1.164975,3770
2026-05-18 16:30:00,1.16497,1.16541,1.164815,1.16506,2691
2026-05-18 16:45:00,1.165065,1.165445,1.165035,1.16515,2128
2026-05-18 17:00:00,1.165145,1.16533,1.164965,1.16499,2124
2026-05-18 17:15:00,1.164985,1.16535,1.16495,1.165145,1402
2026-05-18 17:30:00,1.16515,1.165335,1.16499,1.16516,1583
2026-05-18 17:45:00,1.16516,1.16521,1.16481,1.16481,1266
2026-05-18 18:00:00,1.164815,1.164885,1.16452,1.164575,1943
2026-05-18 18:15:00,1.16457,1.164585,1.163665,1.163895,2937
2026-05-18 18:30:00,1.16389,1.163995,1.163565,1.16373,2391
2026-05-18 18:45:00,1.16373,1.163735,1.162875,1.16294,1729
2026-05-18 19:00:00,1.162935,1.16565,1.162925,1.164605,8120
2026-05-18 19:15:00,1.16461,1.165135,1.16445,1.16476,3540
2026-05-18 19:30:00,1.164765,1.16526,1.164725,1.16517,2598
2026-05-18 19:45:00,1.165155,1.165555,1.16509,1.1651,2489
2026-05-18 20:00:00,1.165105,1.165755,1.165105,1.165735,1291
2026-05-18 20:15:00,1.16574,1.16609,1.16573,1.165925,653
2026-05-18 20:30:00,1.16593,1.165945,1.16547,1.165785,1237
2026-05-18 20:45:00,1.165775,1.165775,1.165465,1.165725,1266
2026-05-18 21:00:00,1.165715,1.16582,1.16517,1.16532,168
2026-05-18 21:15:00,1.16532,1.16539,1.16527,1.16534,39
2026-05-18 21:30:00,1.16534,1.165865,1.165305,1.165815,464
2026-05-18 21:45:00,1.16582,1.166115,1.16579,1.16596,414
2026-05-18 22:00:00,1.165955,1.16616,1.165875,1.16598,610
2026-05-18 22:15:00,1.165975,1.166025,1.165865,1.165915,428
2026-05-18 22:30:00,1.165915,1.16605,1.16586,1.165875,727
2026-05-18 22:45:00,1.16588,1.165905,1.16577,1.165785,326
2026-05-18 23:00:00,1.165785,1.165865,1.16567,1.165685,487
2026-05-18 23:15:00,1.165685,1.165835,1.16563,1.16581,857
2026-05-18 23:30:00,1.165805,1.165845,1.16561,1.16577,1220
2026-05-18 23:45:00,1.16577,1.16578,1.16547,1.165485,597
2026-05-19 00:00:00,1.16549,1.165605,1.16497,1.165085,2714
2026-05-19 00:15:00,1.16509,1.165415,1.1649,1.16507,2105
2026-05-19 00:30:00,1.165065,1.16509,1.16451,1.16458,1376
2026-05-19 00:45:00,1.16458,1.164655,1.164385,1.16446,1143
2026-05-19 01:00:00,1.164455,1.16461,1.16431,1.164505,1619
2026-05-19 01:15:00,1.16451,1.16472,1.164395,1.16463,1293
2026-05-19 01:30:00,1.16462,1.16528,1.16444,1.16523,1625
2026-05-19 01:45:00,1.16523,1.165235,1.164625,1.16464,1689
2026-05-19 02:00:00,1.164635,1.164635,1.164085,1.16433,1726
2026-05-19 02:15:00,1.164325,1.16471,1.16421,1.164515,1316
2026-05-19 02:30:00,1.16451,1.16467,1.164345,1.16447,1556
2026-05-19 02:45:00,1.16446,1.164565,1.16416,1.16432,1297
2026-05-19 03:00:00,1.164325,1.16437,1.164065,1.164295,1442
2026-05-19 03:15:00,1.164295,1.16457,1.164235,1.16448,951
2026-05-19 03:30:00,1.16448,1.16453,1.16437,1.16437,892
2026-05-19 03:45:00,1.16436,1.164365,1.16411,1.164115,1024
2026-05-19 04:00:00,1.16412,1.164315,1.16405,1.16423,1170
2026-05-19 04:15:00,1.16423,1.164325,1.16405,1.164115,1026
2026-05-19 04:30:00,1.16412,1.164235,1.163755,1.16376,1011
2026-05-19 04:45:00,1.163765,1.163835,1.16353,1.163645,1090
2026-05-19 05:00:00,1.16366,1.163965,1.16353,1.163865,1255
2026-05-19 05:15:00,1.16387,1.163905,1.163365,1.163545,1575
2026-05-19 05:30:00,1.16355,1.16395,1.163445,1.16385,1593
2026-05-19 05:45:00,1.163845,1.164315,1.16379,1.164215,1366
2026-05-19 06:00:00,1.16422,1.16427,1.16379,1.16405,2673
2026-05-19 06:15:00,1.164045,1.16458,1.164,1.16429,1916
2026-05-19 06:30:00,1.164285,1.164305,1.16385,1.16423,1708
2026-05-19 06:45:00,1.16423,1.164255,1.1636,1.16367,2076
2026-05-19 07:00:00,1.163655,1.16366,1.163065,1.163435,3180
2026-05-19 07:15:00,1.16344,1.163475,1.163,1.163175,2089
2026-05-19 07:30:00,1.16317,1.16338,1.163055,1.163115,2033
2026-05-19 07:45:00,1.16311,1.16376,1.163105,1.163485,2817
2026-05-19 08:00:00,1.16348,1.1636,1.16261,1.16281,2931
2026-05-19 08:15:00,1.16282,1.16324,1.16273,1.163025,2911
2026-05-19 08:30:00,1.16302,1.16338,1.162605,1.16273,2441
2026-05-19 08:45:00,1.16273,1.162845,1.16222,1.162345,2081
2026-05-19 09:00:00,1.16233,1.16233,1.16163,1.16175,2730
2026-05-19 09:15:00,1.161745,1.161965,1.1615,1.161785,2204
2026-05-19 09:30:00,1.16179,1.161975,1.16149,1.16181,2454
2026-05-19 09:45:00,1.161805,1.162055,1.16164,1.161945,1936
2026-05-19 10:00:00,1.16195,1.162605,1.161855,1.16255,1778
2026-05-19 10:15:00,1.162545,1.162665,1.162315,1.162485,1419
2026-05-19 10:30:00,1.16249,1.16254,1.1611,1.16125,3357
2026-05-19 10:45:00,1.161255,1.162355,1.16122,1.162215,3602
2026-05-19 11:00:00,1.16222,1.162245,1.16181,1.16183,2215
2026-05-19 11:15:00,1.161835,1.162035,1.161695,1.161895,1905
2026-05-19 11:30:00,1.161895,1.16226,1.161885,1.162175,1874
2026-05-19 11:45:00,1.162175,1.162235,1.16164,1.161665,2266
2026-05-19 12:00:00,1.16166,1.162305,1.161515,1.162205,3065
2026-05-19 12:15:00,1.1622,1.162395,1.16201,1.162205,1820
2026-05-19 12:30:00,1.1622,1.162365,1.16169,1.161825,3968
2026-05-19 12:45:00,1.16182,1.16218,1.16159,1.161665,2816
2026-05-19 13:00:00,1.161645,1.16181,1.16116,1.16148,4198
2026-05-19 13:15:00,1.161475,1.161525,1.160425,1.16056,4336
2026-05-19 13:30:00,1.160575,1.160985,1.160155,1.16093,6017
2026-05-19 13:45:00,1.160935,1.161575,1.160795,1.161375,6028
2026-05-19 14:00:00,1.161365,1.1617,1.160525,1.16053,6290
2026-05-19 14:15:00,1.160525,1.16065,1.159495,1.16008,5638
2026-05-19 14:30:00,1.160085,1.16015,1.1595,1.15962,5546
2026-05-19 14:45:00,1.159625,1.160105,1.15955,1.159555,4451
2026-05-19 15:00:00,1.15956,1.159815,1.159205,1.1595,4055
2026-05-19 15:15:00,1.159505,1.15983,1.15934,1.15959,3591
2026-05-19 15:30:00,1.15958,1.160305,1.159465,1.15999,2850
2026-05-19 15:45:00,1.15998,1.160295,1.159935,1.160195,1932
2026-05-19 16:00:00,1.16019,1.160255,1.15958,1.159895,3044
2026-05-19 16:15:00,1.15989,1.1606,1.159755,1.160525,2585
2026-05-19 16:30:00,1.16052,1.16096,1.16039,1.16085,2764
2026-05-19 16:45:00,1.16085,1.160895,1.16058,1.160705,2056
2026-05-19 17:00:00,1.1607,1.16123,1.160665,1.161175,1509
2026-05-19 17:15:00,1.161175,1.16121,1.16086,1.160945,1438
2026-05-19 17:30:00,1.16095,1.16107,1.160735,1.16103,1217
2026-05-19 17:45:00,1.161035,1.16116,1.16082,1.161065,1408
2026-05-19 18:00:00,1.16107,1.16149,1.161045,1.16123,1410
2026-05-19 18:15:00,1.161235,1.161275,1.160825,1.16085,1605
2026-05-19 18:30:00,1.160845,1.16097,1.160655,1.16092,2369
2026-05-19 18:45:00,1.16092,1.16092,1.160265,1.16033,2071
2026-05-19 19:00:00,1.160325,1.16067,1.160265,1.16055,1639
2026-05-19 19:15:00,1.160555,1.160625,1.160275,1.160475,1181
2026-05-19 19:30:00,1.16048,1.16081,1.16039,1.16078,1309
2026-05-19 19:45:00,1.16077,1.160785,1.160445,1.16064,1413
2026-05-19 20:00:00,1.16065,1.16066,1.16034,1.160435,730
2026-05-19 20:15:00,1.16043,1.1605,1.160345,1.160475,340
2026-05-19 20:30:00,1.16048,1.160695,1.16048,1.16054,434
2026-05-19 20:45:00,1.160535,1.160695,1.16044,1.16056,1029
2026-05-19 21:00:00,1.16057,1.160655,1.16016,1.160535,409
2026-05-19 21:15:00,1.160535,1.160795,1.160425,1.160785,191
2026-05-19 21:30:00,1.16078,1.16091,1.16076,1.16076,310
2026-05-19 21:45:00,1.16075,1.16085,1.160625,1.160765,256
2026-05-19 22:00:00,1.160745,1.160755,1.16064,1.1607,399
2026-05-19 22:15:00,1.160705,1.160835,1.1607,1.16082,377
2026-05-19 22:30:00,1.16082,1.160885,1.160665,1.16071,444
2026-05-19 22:45:00,1.16071,1.160895,1.16068,1.16088,471
2026-05-19 23:00:00,1.16088,1.16093,1.160765,1.16093,346
2026-05-19 23:15:00,1.16093,1.16106,1.160925,1.16104,238
2026-05-19 23:30:00,1.16104,1.1613,1.160995,1.16114,634
2026-05-19 23:45:00,1.161145,1.161145,1.16063,1.16068,700
2026-05-20 00:00:00,1.16067,1.1607,1.160315,1.16049,2690
2026-05-20 00:15:00,1.160495,1.16104,1.16038,1.160865,2033
2026-05-20 00:30:00,1.16086,1.161065,1.160375,1.160445,1889
2026-05-20 00:45:00,1.160445,1.160615,1.160085,1.16013,2013
2026-05-20 01:00:00,1.160125,1.160245,1.159825,1.15988,2806
2026-05-20 01:15:00,1.15988,1.160055,1.159525,1.159585,2074
2026-05-20 01:30:00,1.15958,1.15977,1.159355,1.159535,2432
2026-05-20 01:45:00,1.15954,1.16029,1.159435,1.159725,2793
2026-05-20 02:00:00,1.15973,1.16005,1.15969,1.16002,1649
2026-05-20 02:15:00,1.160025,1.1603,1.159845,1.15992,1596
2026-05-20 02:30:00,1.159915,1.159945,1.159435,1.15977,2745
2026-05-20 02:45:00,1.159765,1.159955,1.159695,1.159775,1665
2026-05-20 03:00:00,1.15978,1.15985,1.15954,1.159755,1285
2026-05-20 03:15:00,1.15975,1.160295,1.159725,1.16024,1410
2026-05-20 03:30:00,1.160235,1.160545,1.16013,1.16049,1712
2026-05-20 03:45:00,1.16049,1.16056,1.16018,1.16022,940
2026-05-20 04:00:00,1.160225,1.160685,1.16022,1.1605,1650
2026-05-20 04:15:00,1.1605,1.160515,1.16021,1.160305,1071
2026-05-20 04:30:00,1.16031,1.160315,1.1597,1.15986,1439
2026-05-20 04:45:00,1.159855,1.159965,1.159705,1.15972,1220
2026-05-20 05:00:00,1.159715,1.16016,1.15971,1.15986,1687
2026-05-20 05:15:00,1.15986,1.16009,1.159485,1.159505,1767
2026-05-20 05:30:00,1.1595,1.15994,1.15948,1.159575,2153
2026-05-20 05:45:00,1.159575,1.159575,1.15917,1.159545,1543
2026-05-20 06:00:00,1.15955,1.159855,1.159315,1.159835,2727
2026-05-20 06:15:00,1.15984,1.160605,1.15984,1.1605,2683
2026-05-20 06:30:00,1.160505,1.160505,1.159815,1.15997,2127
2026-05-20 06:45:00,1.15997,1.159995,1.159315,1.159665,1922
2026-05-20 07:00:00,1.159665,1.16015,1.1595,1.15984,2806
2026-05-20 07:15:00,1.159835,1.160045,1.15959,1.159735,2181
2026-05-20 07:30:00,1.15973,1.159805,1.15942,1.15943,2252
2026-05-20 07:45:00,1.159425,1.15948,1.159195,1.159315,1954
2026-05-20 08:00:00,1.15932,1.15951,1.158705,1.15877,2686
2026-05-20 08:15:00,1.158765,1.158985,1.158345,1.158895,2966
2026-05-20 08:30:00,1.1589,1.159445,1.15878,1.15934,2440
2026-05-20 08:45:00,1.15935,1.15944,1.15901,1.159045,1828
2026-05-20 09:00:00,1.15904,1.15946,1.158985,1.15932,1859
2026-05-20 09:15:00,1.159315,1.15946,1.15903,1.15914,1424
2026-05-20 09:30:00,1.15914,1.15929,1.15908,1.15911,1139
2026-05-20 09:45:00,1.15912,1.159225,1.158815,1.158825,1188
2026-05-20 10:00:00,1.15882,1.159365,1.158735,1.1593,1703
2026-05-20 10:15:00,1.159295,1.15967,1.159215,1.159505,1268
2026-05-20 10:30:00,1.159505,1.160265,1.15943,1.160045,1848
2026-05-20 10:45:00,1.16004,1.1603,1.159965,1.16011,1428
2026-05-20 11:00:00,1.1601,1.160105,1.15963,1.15982,1526
2026-05-20 11:15:00,1.159825,1.16024,1.15964,1.160225,1601
2026-05-20 11:30:00,1.160225,1.160555,1.16013,1.160195,1956
2026-05-20 11:45:00,1.160195,1.16033,1.1598,1.16009,2793
2026-05-20 12:00:00,1.1601,1.16043,1.159925,1.16017,2307
2026-05-20 12:15:00,1.160175,1.160255,1.15958,1.15988,2410
2026-05-20 12:30:00,1.159885,1.16017,1.159645,1.15986,2503
2026-05-20 12:45:00,1.159865,1.159995,1.159385,1.15954,1993
2026-05-20 13:00:00,1.159535,1.159555,1.159195,1.159325,2178
2026-05-20 13:15:00,1.15932,1.15939,1.159035,1.15909,1853
2026-05-20 13:30:00,1.15908,1.159365,1.15893,1.159295,3210
2026-05-20 13:45:00,1.15929,1.15971,1.15892,1.1591,3740
2026-05-20 14:00:00,1.15911,1.159135,1.158275,1.15887,4863
2026-05-20 14:15:00,1.158875,1.16204,1.158875,1.16131,12295
2026-05-20 14:30:00,1.161315,1.162415,1.16115,1.16169,8468
2026-05-20 14:45:00,1.161695,1.16241,1.16157,1.161815,7254
2026-05-20 15:00:00,1.16182,1.162295,1.16129,1.161485,4785
2026-05-20 15:15:00,1.16148,1.164535,1.161455,1.16253,12049
2026-05-20 15:30:00,1.162525,1.163465,1.16251,1.162695,5279
2026-05-20 15:45:00,1.162715,1.162905,1.1617,1.16192,4448
2026-05-20 16:00:00,1.161915,1.163065,1.16188,1.16286,3109
2026-05-20 16:15:00,1.16285,1.16309,1.162155,1.16238,4020
2026-05-20 16:30:00,1.16239,1.16276,1.161975,1.162755,3465
2026-05-20 16:45:00,1.16275,1.163025,1.162275,1.16256,4068
2026-05-20 17:00:00,1.162565,1.162655,1.16185,1.162395,3449
2026-05-20 17:15:00,1.162385,1.162595,1.16214,1.16246,3123
2026-05-20 17:30:00,1.162465,1.162705,1.161995,1.162,3323
2026-05-20 17:45:00,1.162005,1.162305,1.161815,1.161885,1836
2026-05-20 18:00:00,1.161895,1.1624,1.161605,1.162385,2858
2026-05-20 18:15:00,1.162375,1.16279,1.162315,1.16278,3032
2026-05-20 18:30:00,1.162785,1.16329,1.16268,1.162705,1966
2026-05-20 18:45:00,1.162715,1.163575,1.162665,1.1631,2281
2026-05-20 19:00:00,1.163095,1.16342,1.162975,1.16303,1944
2026-05-20 19:15:00,1.163025,1.163295,1.163005,1.16327,1207
2026-05-20 19:30:00,1.163275,1.16354,1.163035,1.163075,1233
2026-05-20 19:45:00,1.163065,1.16325,1.162765,1.162795,1399
2026-05-20 20:00:00,1.162785,1.16285,1.16268,1.162805,825
2026-05-20 20:15:00,1.16281,1.162855,1.16261,1.162715,1380
2026-05-20 20:30:00,1.16272,1.162745,1.162395,1.162415,840
2026-05-20 20:45:00,1.162425,1.162655,1.16232,1.162475,1247
2026-05-20 21:00:00,1.162475,1.162755,1.16232,1.162655,651
2026-05-20 21:15:00,1.162715,1.162725,1.162575,1.16268,66
2026-05-20 21:30:00,1.162655,1.162775,1.162635,1.162675,438
2026-05-20 21:45:00,1.162655,1.162725,1.162485,1.162515,259
2026-05-20 22:00:00,1.162525,1.16281,1.162425,1.1628,591
2026-05-20 22:15:00,1.1628,1.162805,1.162585,1.162645,361
2026-05-20 22:30:00,1.162645,1.162705,1.16256,1.162685,483
2026-05-20 22:45:00,1.162685,1.162705,1.1626,1.16264,223
2026-05-20 23:00:00,1.162645,1.16276,1.162605,1.16265,237
2026-05-20 23:15:00,1.16265,1.16266,1.16239,1.16245,229
2026-05-20 23:30:00,1.16245,1.16246,1.162295,1.162325,283
2026-05-20 23:45:00,1.162325,1.16271,1.162315,1.162475,528
2026-05-21 00:00:00,1.16248,1.162655,1.162285,1.162595,1862
2026-05-21 00:15:00,1.16259,1.162745,1.162205,1.162645,1411
2026-05-21 00:30:00,1.16264,1.16269,1.162465,1.16265,946
2026-05-21 00:45:00,1.162645,1.16291,1.162635,1.162865,1231
2026-05-21 01:00:00,1.162855,1.16346,1.162855,1.163315,967
2026-05-21 01:15:00,1.16333,1.16353,1.16322,1.163305,1098
2026-05-21 01:30:00,1.1633,1.163445,1.163005,1.163125,1903
2026-05-21 01:45:00,1.16312,1.163155,1.162295,1.16261,1679
2026-05-21 02:00:00,1.162615,1.16285,1.16251,1.16253,1064
2026-05-21 02:15:00,1.16253,1.162565,1.162085,1.16212,1154
2026-05-21 02:30:00,1.162125,1.162235,1.161845,1.162,1265
2026-05-21 02:45:00,1.161995,1.16203,1.16156,1.161765,1261
2026-05-21 03:00:00,1.161765,1.162085,1.16176,1.161905,556
2026-05-21 03:15:00,1.16191,1.16227,1.161835,1.16205,762
2026-05-21 03:30:00,1.162045,1.16217,1.16183,1.16211,677
2026-05-21 03:45:00,1.16211,1.162165,1.161875,1.161905,483
2026-05-21 04:00:00,1.161895,1.16211,1.161845,1.162085,524
2026-05-21 04:15:00,1.162085,1.16217,1.16199,1.162125,447
2026-05-21 04:30:00,1.162125,1.162155,1.16202,1.162145,386
2026-05-21 04:45:00,1.162145,1.16236,1.16209,1.162215,777
2026-05-21 05:00:00,1.16222,1.16235,1.162145,1.162185,574
2026-05-21 05:15:00,1.162185,1.162205,1.161845,1.161905,791
2026-05-21 05:30:00,1.16191,1.16216,1.16186,1.162085,1086
2026-05-21 05:45:00,1.162075,1.16223,1.161795,1.16219,1386
2026-05-21 06:00:00,1.162185,1.162665,1.162125,1.162565,1604
2026-05-21 06:15:00,1.162565,1.162675,1.161995,1.162505,2055
2026-05-21 06:30:00,1.162495,1.162575,1.161575,1.161705,1364
2026-05-21 06:45:00,1.161715,1.162045,1.16164,1.162035,1696
2026-05-21 07:00:00,1.16203,1.1621,1.161645,1.1618,2950
2026-05-21 07:15:00,1.16179,1.16179,1.15942,1.159735,8944
2026-05-21 07:30:00,1.15974,1.160415,1.1597,1.160355,6168
2026-05-21 07:45:00,1.16034,1.1609,1.160305,1.160755,2843
2026-05-21 08:00:00,1.160735,1.16262,1.160615,1.162605,3553
2026-05-21 08:15:00,1.1626,1.163565,1.16243,1.16337,4669
2026-05-21 08:30:00,1.16336,1.16336,1.16226,1.162305,2742
2026-05-21 08:45:00,1.162305,1.162875,1.162135,1.162375,2922
2026-05-21 09:00:00,1.16237,1.16288,1.16208,1.1628,2635
2026-05-21 09:15:00,1.16279,1.163205,1.16269,1.163185,1956
2026-05-21 09:30:00,1.163185,1.163355,1.162665,1.16273,1592
2026-05-21 09:45:00,1.16273,1.16296,1.1626,1.162745,1312
2026-05-21 10:00:00,1.162735,1.163035,1.16238,1.162445,1480
2026-05-21 10:15:00,1.16244,1.162525,1.160865,1.16135,3830
2026-05-21 10:30:00,1.161355,1.16138,1.16,1.160645,5454
2026-05-21 10:45:00,1.160645,1.16108,1.16036,1.160735,3802
2026-05-21 11:00:00,1.16073,1.161245,1.160615,1.160945,2043
2026-05-21 11:15:00,1.16094,1.161615,1.16085,1.1613,2636
2026-05-21 11:30:00,1.161295,1.16145,1.160705,1.160755,1466
2026-05-21 11:45:00,1.160755,1.160785,1.159605,1.159895,1981
2026-05-21 12:00:00,1.1599,1.160335,1.159525,1.15975,2452
2026-05-21 12:15:00,1.159755,1.159865,1.159335,1.159475,1919
2026-05-21 12:30:00,1.15948,1.16066,1.159465,1.160655,4246
2026-05-21 12:45:00,1.16065,1.16092,1.159715,1.159735,2583
2026-05-21 13:00:00,1.15971,1.160005,1.15929,1.159555,2773
2026-05-21 13:15:00,1.159555,1.159585,1.15874,1.15896,2352
2026-05-21 13:30:00,1.158975,1.159015,1.15764,1.15783,3555
2026-05-21 13:45:00,1.157825,1.16012,1.157795,1.159475,5645
2026-05-21 14:00:00,1.15948,1.159575,1.158825,1.159275,4705
2026-05-21 14:15:00,1.159265,1.159405,1.158425,1.15887,4422
2026-05-21 14:30:00,1.158885,1.159475,1.1586,1.159035,3256
2026-05-21 14:45:00,1.15904,1.159665,1.158985,1.15929,3364
2026-05-21 15:00:00,1.1593,1.159395,1.158235,1.15878,4568
2026-05-21 15:15:00,1.158785,1.158945,1.15851,1.15856,2768
2026-05-21 15:30:00,1.158545,1.158845,1.158295,1.158325,2212
2026-05-21 15:45:00,1.158335,1.15891,1.158315,1.158845,1789
2026-05-21 16:00:00,1.15885,1.15919,1.15845,1.158845,2827
2026-05-21 16:15:00,1.158855,1.15936,1.158655,1.159335,1873
2026-05-21 16:30:00,1.159335,1.159595,1.159235,1.159535,1205
2026-05-21 16:45:00,1.15954,1.15964,1.159375,1.159535,1290
2026-05-21 17:00:00,1.15954,1.160255,1.15928,1.16019,3499
2026-05-21 17:15:00,1.16021,1.16204,1.16021,1.161825,7425
2026-05-21 17:30:00,1.161815,1.16246,1.161465,1.162345,4047
2026-05-21 17:45:00,1.16234,1.163015,1.161975,1.16249,3189
2026-05-21 18:00:00,1.162485,1.163015,1.161885,1.16227,4777
2026-05-21 18:15:00,1.162275,1.162785,1.16207,1.162625,2100
2026-05-21 18:30:00,1.16263,1.162715,1.162365,1.162485,1662
2026-05-21 18:45:00,1.16249,1.16254,1.160705,1.161145,6360
2026-05-21 19:00:00,1.16114,1.161645,1.160975,1.16148,3275
2026-05-21 19:15:00,1.161485,1.162085,1.16148,1.16199,1737
2026-05-21 19:30:00,1.161985,1.16241,1.16181,1.16182,1535
2026-05-21 19:45:00,1.161815,1.16243,1.161415,1.162125,3094
2026-05-21 20:00:00,1.16213,1.162285,1.16165,1.16175,1210
2026-05-21 20:15:00,1.161745,1.16199,1.1616,1.161855,494
2026-05-21 20:30:00,1.161865,1.161865,1.161615,1.16175,503
2026-05-21 20:45:00,1.161745,1.16191,1.16165,1.161705,1149
2026-05-21 21:00:00,1.161705,1.16234,1.161705,1.16223,786
2026-05-21 21:15:00,1.16222,1.16224,1.16214,1.16218,119
2026-05-21 21:30:00,1.162115,1.162195,1.161815,1.161875,489
2026-05-21 21:45:00,1.161875,1.161985,1.161865,1.161925,588
2026-05-21 22:00:00,1.161935,1.16198,1.161525,1.16165,367
2026-05-21 22:15:00,1.161655,1.161725,1.16163,1.16168,198
2026-05-21 22:30:00,1.16168,1.161895,1.16167,1.161855,242
2026-05-21 22:45:00,1.161855,1.16191,1.161745,1.161745,260
2026-05-21 23:00:00,1.16175,1.16186,1.161735,1.161785,211
2026-05-21 23:15:00,1.16179,1.161805,1.1616,1.16173,222
2026-05-21 23:30:00,1.161725,1.161745,1.16167,1.161705,234
2026-05-21 23:45:00,1.161705,1.161915,1.1617,1.161795,242
2026-05-22 00:00:00,1.161805,1.16181,1.161345,1.16139,1424
2026-05-22 00:15:00,1.161395,1.161495,1.161305,1.161415,931
2026-05-22 00:30:00,1.161415,1.16151,1.161235,1.161495,697
2026-05-22 00:45:00,1.1615,1.161615,1.161345,1.161455,839
2026-05-22 01:00:00,1.161425,1.16155,1.161255,1.16145,906
2026-05-22 01:15:00,1.16145,1.161585,1.161225,1.1614,769
2026-05-22 01:30:00,1.161395,1.1615,1.16123,1.1614,1066
2026-05-22 01:45:00,1.1614,1.16157,1.160995,1.161005,932
2026-05-22 02:00:00,1.161,1.16118,1.160965,1.16108,755
2026-05-22 02:15:00,1.16108,1.161205,1.161035,1.16115,540
2026-05-22 02:30:00,1.161145,1.161435,1.16113,1.161355,418
2026-05-22 02:45:00,1.161355,1.161435,1.161005,1.16118,642
2026-05-22 03:00:00,1.161175,1.161305,1.160885,1.160925,630
2026-05-22 03:15:00,1.160925,1.1611,1.160865,1.16104,512
2026-05-22 03:30:00,1.161045,1.161165,1.161035,1.161155,659
2026-05-22 03:45:00,1.161155,1.16123,1.161075,1.1612,406
2026-05-22 04:00:00,1.161205,1.161435,1.161125,1.16141,545
2026-05-22 04:15:00,1.161415,1.161505,1.161325,1.16136,411
2026-05-22 04:30:00,1.16136,1.16141,1.16129,1.161345,319
2026-05-22 04:45:00,1.161345,1.161555,1.161335,1.161525,408
2026-05-22 05:00:00,1.16152,1.16169,1.16148,1.16151,710
2026-05-22 05:15:00,1.16151,1.161575,1.161435,1.16146,459
2026-05-22 05:30:00,1.161445,1.16156,1.16138,1.16148,544
2026-05-22 05:45:00,1.16147,1.1617,1.16072,1.160935,1429
2026-05-22 06:00:00,1.16093,1.161455,1.160735,1.161255,2015
2026-05-22 06:15:00,1.16125,1.1613,1.160935,1.16123,1783
2026-05-22 06:30:00,1.161235,1.16126,1.16053,1.160975,1630
2026-05-22 06:45:00,1.16097,1.1611,1.16058,1.160985,1418
2026-05-22 07:00:00,1.160985,1.160985,1.160125,1.160195,1602
2026-05-22 07:15:00,1.1602,1.16086,1.16019,1.16085,1096
2026-05-22 07:30:00,1.160845,1.16085,1.160465,1.16064,1432
2026-05-22 07:45:00,1.160645,1.160955,1.160525,1.160845,925
2026-05-22 08:00:00,1.16084,1.16106,1.16059,1.160625,1308
2026-05-22 08:15:00,1.160625,1.16159,1.160625,1.161135,2471
2026-05-22 08:30:00,1.161135,1.161225,1.16033,1.160735,2459
2026-05-22 08:45:00,1.160735,1.16103,1.1606,1.160785,1463
2026-05-22 09:00:00,1.16079,1.1608,1.159935,1.15998,1344
2026-05-22 09:15:00,1.15998,1.160095,1.15961,1.159935,1564
2026-05-22 09:30:00,1.15994,1.160405,1.15983,1.16023,1495
2026-05-22 09:45:00,1.160235,1.160585,1.160235,1.160415,1313
2026-05-22 10:00:00,1.16044,1.160785,1.16028,1.160365,945
2026-05-22 10:15:00,1.160355,1.16059,1.160025,1.16003,816
2026-05-22 10:30:00,1.160025,1.160135,1.15973,1.15985,1359
2026-05-22 10:45:00,1.159855,1.159955,1.159525,1.15974,1588
2026-05-22 11:00:00,1.159745,1.159775,1.159345,1.15955,1508
2026-05-22 11:15:00,1.159545,1.1597,1.159375,1.159395,847
2026-05-22 11:30:00,1.1594,1.15988,1.159345,1.15981,896
2026-05-22 11:45:00,1.159805,1.160215,1.159555,1.15965,2246
2026-05-22 12:00:00,1.159645,1.160685,1.159455,1.160465,3885
2026-05-22 12:15:00,1.16047,1.16071,1.159655,1.159855,3410
2026-05-22 12:30:00,1.159855,1.160115,1.159775,1.16001,1816
2026-05-22 12:45:00,1.16001,1.160495,1.16001,1.160425,1354
2026-05-22 13:00:00,1.160435,1.161845,1.160395,1.161295,4720
2026-05-22 13:15:00,1.161295,1.16141,1.160785,1.16111,2236
2026-05-22 13:30:00,1.16112,1.161165,1.160265,1.16042,3801
2026-05-22 13:45:00,1.160415,1.16058,1.15994,1.160375,2284
2026-05-22 14:00:00,1.160385,1.160395,1.158915,1.158995,4567
2026-05-22 14:15:00,1.15899,1.15967,1.15883,1.15967,2394
2026-05-22 14:30:00,1.15966,1.160185,1.15955,1.16008,2809
2026-05-22 14:45:00,1.160085,1.160235,1.159485,1.15978,2542
2026-05-22 15:00:00,1.159775,1.16049,1.159585,1.160345,2624
2026-05-22 15:15:00,1.160355,1.16056,1.15994,1.160285,1899
2026-05-22 15:30:00,1.16028,1.1604,1.159825,1.160105,2479
2026-05-22 15:45:00,1.16011,1.16045,1.159945,1.160275,1681
2026-05-22 16:00:00,1.16028,1.160775,1.159955,1.16068,2202
2026-05-22 16:15:00,1.160675,1.16093,1.16052,1.16093,1861
2026-05-22 16:30:00,1.160925,1.16108,1.160545,1.160675,1379
2026-05-22 16:45:00,1.160685,1.16112,1.160685,1.16112,1117
2026-05-22 17:00:00,1.161115,1.161535,1.161115,1.161365,1494
2026-05-22 17:15:00,1.161365,1.16174,1.16087,1.16163,3540
2026-05-22 17:30:00,1.161635,1.161925,1.161125,1.16133,3597
2026-05-22 17:45:00,1.16133,1.16152,1.161065,1.161335,1780
2026-05-22 18:00:00,1.161335,1.1615,1.160935,1.161175,1923
2026-05-22 18:15:00,1.16117,1.161235,1.161005,1.16105,1099
2026-05-22 18:30:00,1.161045,1.16155,1.160935,1.16118,1354
2026-05-22 18:45:00,1.161185,1.16141,1.161105,1.161175,939
2026-05-22 19:00:00,1.161175,1.16139,1.1608,1.16086,1929
2026-05-22 19:15:00,1.160855,1.16103,1.160815,1.160835,1014
2026-05-22 19:30:00,1.16084,1.160885,1.16067,1.160695,1225
2026-05-22 19:45:00,1.1607,1.160735,1.16052,1.160595,1020
2026-05-22 20:00:00,1.16059,1.160665,1.16041,1.160475,771
2026-05-22 20:15:00,1.160475,1.16059,1.16034,1.160395,350
2026-05-22 20:30:00,1.16039,1.16039,1.15998,1.160165,533
2026-05-22 20:45:00,1.16016,1.160385,1.159815,1.16028,1598
2026-05-24 21:00:00,1.16028,1.164205,1.16028,1.1639,227
2026-05-24 21:15:00,1.16386,1.164005,1.163535,1.163825,359
2026-05-24 21:30:00,1.163825,1.163825,1.16322,1.16341,271
2026-05-24 21:45:00,1.16338,1.16356,1.1631,1.163395,249
2026-05-24 22:00:00,1.163405,1.16376,1.163205,1.163625,1195
2026-05-24 22:15:00,1.16363,1.16419,1.16346,1.16408,1019
2026-05-24 22:30:00,1.164085,1.16441,1.16404,1.16438,1019
2026-05-24 22:45:00,1.16438,1.16449,1.164175,1.164315,570
2026-05-24 23:00:00,1.16432,1.16461,1.164315,1.164505,725
2026-05-24 23:15:00,1.164505,1.164585,1.16442,1.164535,295
2026-05-24 23:30:00,1.164525,1.164555,1.16441,1.164485,674
2026-05-24 23:45:00,1.164485,1.16456,1.16414,1.164185,1076
2026-05-25 00:00:00,1.16418,1.164235,1.1638,1.163915,1607
2026-05-25 00:15:00,1.163915,1.164245,1.163835,1.16419,1201
2026-05-25 00:30:00,1.164195,1.164335,1.163855,1.16394,671
2026-05-25 00:45:00,1.163945,1.164895,1.16353,1.16367,2363
2026-05-25 01:00:00,1.163675,1.16438,1.163555,1.164345,2364
2026-05-25 01:15:00,1.16435,1.16471,1.16429,1.16462,1620
2026-05-25 01:30:00,1.164625,1.164625,1.16396,1.164015,1632
2026-05-25 01:45:00,1.164015,1.16417,1.163835,1.163915,857
2026-05-25 02:00:00,1.16392,1.16426,1.1639,1.164045,795
2026-05-25 02:15:00,1.164055,1.16424,1.163965,1.164175,494
2026-05-25 02:30:00,1.16418,1.164195,1.163945,1.16405,488
2026-05-25 02:45:00,1.16405,1.164095,1.163675,1.163765,611
2026-05-25 03:00:00,1.163765,1.16396,1.16361,1.16374,971
2026-05-25 03:15:00,1.16374,1.163905,1.163625,1.163725,1103
2026-05-25 03:30:00,1.163735,1.16398,1.16373,1.16375,804
2026-05-25 03:45:00,1.163745,1.16377,1.16361,1.163725,817
2026-05-25 04:00:00,1.16373,1.163775,1.16356,1.163645,689
2026-05-25 04:15:00,1.163645,1.163725,1.1636,1.16371,699
2026-05-25 04:30:00,1.16371,1.164015,1.163705,1.164015,631
2026-05-25 04:45:00,1.164015,1.16438,1.164015,1.16421,440
2026-05-25 05:00:00,1.164215,1.164525,1.16411,1.164315,990
2026-05-25 05:15:00,1.164315,1.164365,1.16422,1.16432,492
2026-05-25 05:30:00,1.164325,1.16448,1.164185,1.16429,659
2026-05-25 05:45:00,1.164285,1.164395,1.163805,1.163915,691
2026-05-25 06:00:00,1.16391,1.16408,1.163815,1.164065,1218
2026-05-25 06:15:00,1.16407,1.16413,1.16377,1.163895,1194
2026-05-25 06:30:00,1.163885,1.16426,1.16375,1.164075,1096
2026-05-25 06:45:00,1.16407,1.16448,1.163985,1.164095,1450
2026-05-25 07:00:00,1.16411,1.1642,1.163575,1.16369,2233
2026-05-25 07:15:00,1.16369,1.16371,1.162965,1.16338,2623
2026-05-25 07:30:00,1.163385,1.16383,1.163355,1.16357,2480
2026-05-25 07:45:00,1.163565,1.163755,1.16339,1.163745,1476
2026-05-25 08:00:00,1.16374,1.164055,1.163305,1.16394,1611
2026-05-25 08:15:00,1.16394,1.164085,1.163835,1.164045,1200
2026-05-25 08:30:00,1.16405,1.164435,1.16402,1.164235,1575
2026-05-25 08:45:00,1.164235,1.16443,1.16421,1.164375,1439
2026-05-25 09:00:00,1.16438,1.164525,1.16413,1.164165,863
2026-05-25 09:15:00,1.164165,1.1644,1.164025,1.16423,769
2026-05-25 09:30:00,1.164235,1.16448,1.16421,1.164465,887
2026-05-25 09:45:00,1.164475,1.164475,1.16405,1.164155,866
2026-05-25 10:00:00,1.16415,1.16433,1.164135,1.16427,791
2026-05-25 10:15:00,1.16427,1.164435,1.16419,1.164195,789
2026-05-25 10:30:00,1.164195,1.16439,1.164145,1.164385,625
2026-05-25 10:45:00,1.164385,1.164405,1.164175,1.16429,649
2026-05-25 11:00:00,1.164295,1.164315,1.164035,1.16418,958
2026-05-25 11:15:00,1.164175,1.164475,1.164175,1.16445,793
2026-05-25 11:30:00,1.164445,1.165,1.16443,1.16498,1282
2026-05-25 11:45:00,1.164985,1.16507,1.164355,1.16439,1781
2026-05-25 12:00:00,1.164395,1.164635,1.16426,1.16458,1209
2026-05-25 12:15:00,1.164585,1.16471,1.164365,1.164415,1707
2026-05-25 12:30:00,1.16442,1.16506,1.16442,1.165035,1222
2026-05-25 12:45:00,1.165035,1.165285,1.164755,1.164825,1520
2026-05-25 13:00:00,1.16483,1.16498,1.164635,1.164715,1229
2026-05-25 13:15:00,1.164725,1.164735,1.164385,1.16441,1092
2026-05-25 13:30:00,1.164415,1.164455,1.16415,1.16418,1318
2026-05-25 13:45:00,1.16418,1.164305,1.16388,1.16388,894
2026-05-25 14:00:00,1.163875,1.164185,1.16384,1.16394,855
2026-05-25 14:15:00,1.16394,1.164295,1.16394,1.16413,700
2026-05-25 14:30:00,1.164125,1.164485,1.164025,1.164445,792
2026-05-25 14:45:00,1.164445,1.164645,1.164075,1.164205,1353
2026-05-25 15:00:00,1.1642,1.164865,1.163965,1.164435,2501
2026-05-25 15:15:00,1.16444,1.164785,1.164385,1.16456,1065
2026-05-25 15:30:00,1.16455,1.16459,1.16441,1.16452,573
2026-05-25 15:45:00,1.164515,1.16458,1.164205,1.16421,543
2026-05-25 16:00:00,1.164215,1.16427,1.16379,1.16399,799
2026-05-25 16:15:00,1.16399,1.164,1.16381,1.163835,608
2026-05-25 16:30:00,1.163835,1.163955,1.16367,1.16383,1165
2026-05-25 16:45:00,1.16383,1.164165,1.163825,1.16411,615
2026-05-25 17:00:00,1.164115,1.16425,1.16403,1.164205,409
2026-05-25 17:15:00,1.16421,1.16443,1.164205,1.164385,381
2026-05-25 17:30:00,1.16438,1.164405,1.164265,1.164325,544
2026-05-25 17:45:00,1.16433,1.16436,1.16417,1.16433,321
2026-05-25 18:00:00,1.16433,1.164395,1.16421,1.164345,251
2026-05-25 18:15:00,1.16434,1.16438,1.164255,1.164255,475
2026-05-25 18:30:00,1.164255,1.16433,1.164155,1.164205,261
2026-05-25 18:45:00,1.164205,1.164385,1.164205,1.164345,221
2026-05-25 19:00:00,1.16434,1.16436,1.164205,1.164245,242
2026-05-25 19:15:00,1.16425,1.164325,1.164225,1.1643,199
2026-05-25 19:30:00,1.164305,1.16437,1.164215,1.16429,267
2026-05-25 19:45:00,1.16429,1.16429,1.164175,1.164215,255
2026-05-25 20:00:00,1.16422,1.16432,1.16422,1.164305,217
2026-05-25 20:15:00,1.164305,1.164355,1.164195,1.16432,201
2026-05-25 20:30:00,1.164325,1.16434,1.16415,1.164265,550
2026-05-25 20:45:00,1.16427,1.16438,1.16425,1.164375,966
2026-05-25 21:00:00,1.164415,1.164415,1.16398,1.16412,3352
2026-05-25 21:15:00,1.16412,1.16424,1.163915,1.164115,112
2026-05-25 21:30:00,1.16412,1.16454,1.164005,1.164025,437
2026-05-25 21:45:00,1.16402,1.16407,1.16376,1.164025,526
2026-05-25 22:00:00,1.164035,1.16429,1.16385,1.164095,777
2026-05-25 22:15:00,1.1641,1.164125,1.16397,1.164,304
2026-05-25 22:30:00,1.164005,1.164135,1.163925,1.164125,248
2026-05-25 22:45:00,1.16412,1.164175,1.16408,1.164085,336
2026-05-25 23:00:00,1.164085,1.164275,1.164085,1.164245,344
2026-05-25 23:15:00,1.164245,1.16433,1.164065,1.164105,392
2026-05-25 23:30:00,1.1641,1.1641,1.163715,1.16375,436
2026-05-25 23:45:00,1.16375,1.163975,1.163575,1.16359,626
2026-05-26 00:00:00,1.163595,1.163985,1.163485,1.16383,1996
2026-05-26 00:15:00,1.16383,1.1639,1.163395,1.16357,1555
2026-05-26 00:30:00,1.16357,1.163665,1.1635,1.163595,789
2026-05-26 00:45:00,1.16359,1.163955,1.16353,1.163875,1457
2026-05-26 01:00:00,1.16387,1.163985,1.163505,1.163945,1694
2026-05-26 01:15:00,1.16394,1.16397,1.16362,1.16367,1111
2026-05-26 01:30:00,1.163675,1.163695,1.16303,1.16313,1422
2026-05-26 01:45:00,1.163135,1.16343,1.163085,1.16339,1022
2026-05-26 02:00:00,1.163395,1.163515,1.16324,1.16326,782
2026-05-26 02:15:00,1.163265,1.16339,1.16322,1.163305,549
2026-05-26 02:30:00,1.16331,1.163415,1.16316,1.163175,707
2026-05-26 02:45:00,1.163175,1.16345,1.16312,1.16339,589
2026-05-26 03:00:00,1.163395,1.16353,1.16337,1.16348,532
2026-05-26 03:15:00,1.163475,1.16373,1.163455,1.16346,416
2026-05-26 03:30:00,1.16347,1.163535,1.16344,1.1635,404
2026-05-26 03:45:00,1.163495,1.163625,1.16342,1.163595,525
2026-05-26 04:00:00,1.16359,1.163605,1.16333,1.16358,274
2026-05-26 04:15:00,1.163575,1.163575,1.163315,1.163315,303
2026-05-26 04:30:00,1.163315,1.16343,1.16322,1.163285,510
2026-05-26 04:45:00,1.163285,1.163325,1.162935,1.162965,614
2026-05-26 05:00:00,1.16297,1.163035,1.16286,1.1629,930
2026-05-26 05:15:00,1.16289,1.162985,1.162805,1.16296,655
2026-05-26 05:30:00,1.162945,1.16308,1.16289,1.162975,866
2026-05-26 05:45:00,1.16298,1.16299,1.162755,1.1628,908
2026-05-26 06:00:00,1.16279,1.163005,1.16272,1.16299,1160
2026-05-26 06:15:00,1.16299,1.163565,1.16288,1.16329,1843
2026-05-26 06:30:00,1.163285,1.16363,1.163265,1.163605,1726
2026-05-26 06:45:00,1.163615,1.16376,1.163395,1.163515,1641
2026-05-26 07:00:00,1.163525,1.163645,1.16241,1.16302,2717
2026-05-26 07:15:00,1.163025,1.163395,1.162905,1.163395,1415
2026-05-26 07:30:00,1.1634,1.16404,1.16327,1.16357,2555
2026-05-26 07:45:00,1.16357,1.163975,1.163345,1.163705,1719
2026-05-26 08:00:00,1.163715,1.16406,1.163505,1.163865,1890
2026-05-26 08:15:00,1.163865,1.164215,1.16375,1.163925,1291
2026-05-26 08:30:00,1.16392,1.164125,1.163475,1.16348,1515
2026-05-26 08:45:00,1.16348,1.16412,1.163425,1.16364,1490
2026-05-26 09:00:00,1.163645,1.16391,1.163245,1.1638,1788
2026-05-26 09:15:00,1.163795,1.16423,1.16369,1.164185,1967
2026-05-26 09:30:00,1.164185,1.164345,1.16398,1.164095,1266
2026-05-26 09:45:00,1.164095,1.164415,1.163995,1.164265,1227
2026-05-26 10:00:00,1.16427,1.16437,1.163975,1.164275,1438
2026-05-26 10:15:00,1.16428,1.16435,1.16408,1.164295,1316
2026-05-26 10:30:00,1.16429,1.164525,1.16377,1.164045,2511
2026-05-26 10:45:00,1.164045,1.16435,1.16393,1.164145,1536
2026-05-26 11:00:00,1.16415,1.164485,1.164035,1.164335,1265
2026-05-26 11:15:00,1.16434,1.164455,1.16398,1.164005,1431
2026-05-26 11:30:00,1.16401,1.16422,1.16349,1.163495,2181
2026-05-26 11:45:00,1.163495,1.16365,1.163345,1.163465,1681
2026-05-26 12:00:00,1.16347,1.16361,1.163115,1.16338,2277
2026-05-26 12:15:00,1.16338,1.163525,1.163225,1.163525,1539
2026-05-26 12:30:00,1.163525,1.163665,1.163325,1.1634,1584
2026-05-26 12:45:00,1.163395,1.16347,1.16316,1.163195,1893
2026-05-26 13:00:00,1.16319,1.163295,1.162845,1.16308,1968
2026-05-26 13:15:00,1.163085,1.163305,1.162655,1.16267,2316
2026-05-26 13:30:00,1.162675,1.16302,1.162545,1.16281,3657
2026-05-26 13:45:00,1.16281,1.16313,1.16173,1.16259,4369
2026-05-26 14:00:00,1.162575,1.16299,1.162205,1.16248,3078
2026-05-26 14:15:00,1.16249,1.162645,1.162135,1.16245,2567
2026-05-26 14:30:00,1.162445,1.162895,1.16228,1.1626,3549
2026-05-26 14:45:00,1.162595,1.16287,1.16238,1.162505,3217
2026-05-26 15:00:00,1.1625,1.16258,1.161985,1.16228,3306
2026-05-26 15:15:00,1.16228,1.1623,1.161745,1.16208,2573
2026-05-26 15:30:00,1.162085,1.162235,1.16163,1.16198,2631
2026-05-26 15:45:00,1.16198,1.16222,1.16189,1.16194,2562
2026-05-26 16:00:00,1.16195,1.16259,1.16195,1.162495,1530
2026-05-26 16:15:00,1.162495,1.162885,1.16246,1.162725,1401
2026-05-26 16:30:00,1.16272,1.16296,1.1625,1.162525,1331
2026-05-26 16:45:00,1.162525,1.16262,1.162245,1.16239,1688
2026-05-26 17:00:00,1.1624,1.162755,1.16229,1.162635,1221
2026-05-26 17:15:00,1.16263,1.162775,1.162405,1.162405,1351
2026-05-26 17:30:00,1.16241,1.162615,1.162225,1.162285,993
2026-05-26 17:45:00,1.162285,1.16242,1.162135,1.1624,963
2026-05-26 18:00:00,1.162405,1.16266,1.162335,1.1626,863
2026-05-26 18:15:00,1.1626,1.162745,1.16255,1.1627,794
2026-05-26 18:30:00,1.16271,1.16287,1.16264,1.16279,972
2026-05-26 18:45:00,1.16279,1.163095,1.162785,1.16295,875
2026-05-26 19:00:00,1.162945,1.16302,1.162735,1.16284,973
2026-05-26 19:15:00,1.162835,1.163055,1.16281,1.16294,784
2026-05-26 19:30:00,1.162945,1.16319,1.162945,1.163125,636
2026-05-26 19:45:00,1.163125,1.16327,1.163075,1.1632,979
2026-05-26 20:00:00,1.163195,1.16329,1.163135,1.163215,564
2026-05-26 20:15:00,1.16321,1.16325,1.16304,1.16304,358
2026-05-26 20:30:00,1.163035,1.16321,1.163035,1.163105,404
2026-05-26 20:45:00,1.16311,1.163235,1.16308,1.163105,699
2026-05-26 21:00:00,1.16306,1.16312,1.162475,1.16308,758
2026-05-26 21:15:00,1.16308,1.16319,1.163005,1.16316,465
2026-05-26 21:30:00,1.16316,1.163215,1.162995,1.163105,1770
2026-05-26 21:45:00,1.16311,1.163225,1.16301,1.163165,2386
2026-05-26 22:00:00,1.163145,1.16332,1.163135,1.1632,521
2026-05-26 22:15:00,1.16321,1.163305,1.16315,1.163235,390
2026-05-26 22:30:00,1.163235,1.163305,1.163195,1.163295,317
2026-05-26 22:45:00,1.163295,1.163345,1.163265,1.163335,238
2026-05-26 23:00:00,1.16334,1.163415,1.16331,1.16339,152
2026-05-26 23:15:00,1.16339,1.1637,1.16339,1.163685,305
2026-05-26 23:30:00,1.16368,1.163945,1.16363,1.16394,239
2026-05-26 23:45:00,1.163945,1.164,1.1636,1.16365,534
2026-05-27 00:00:00,1.163645,1.1639,1.163595,1.163875,1353
2026-05-27 00:15:00,1.16387,1.164045,1.16379,1.163935,988
2026-05-27 00:30:00,1.16394,1.16399,1.16376,1.163885,870
2026-05-27 00:45:00,1.16389,1.164055,1.163755,1.163795,1366
2026-05-27 01:00:00,1.16381,1.163935,1.16373,1.16388,1077
2026-05-27 01:15:00,1.16388,1.163935,1.163675,1.16371,716
2026-05-27 01:30:00,1.163705,1.16371,1.16327,1.16347,1607
2026-05-27 01:45:00,1.163465,1.163485,1.1633,1.16339,782
2026-05-27 02:00:00,1.163395,1.16383,1.16338,1.163595,1458
2026-05-27 02:15:00,1.163595,1.163715,1.16344,1.16348,644
2026-05-27 02:30:00,1.163475,1.16363,1.1634,1.16343,727
2026-05-27 02:45:00,1.16343,1.16385,1.16343,1.16384,707
2026-05-27 03:00:00,1.163845,1.164255,1.163825,1.163915,772
2026-05-27 03:15:00,1.163915,1.163975,1.16378,1.16391,470
2026-05-27 03:30:00,1.16391,1.16396,1.16368,1.163815,466
2026-05-27 03:45:00,1.16382,1.16393,1.163705,1.163875,523
2026-05-27 04:00:00,1.16386,1.164015,1.163825,1.163995,406
2026-05-27 04:15:00,1.163995,1.16409,1.163955,1.16396,463
2026-05-27 04:30:00,1.163955,1.16418,1.16393,1.16418,605
2026-05-27 04:45:00,1.164185,1.164235,1.164025,1.16413,632
2026-05-27 05:00:00,1.164125,1.16435,1.164085,1.16428,992
2026-05-27 05:15:00,1.16428,1.164445,1.164165,1.16439,759
2026-05-27 05:30:00,1.164385,1.16443,1.164075,1.164135,1262
2026-05-27 05:45:00,1.164135,1.16429,1.16387,1.16396,1387
2026-05-27 06:00:00,1.163955,1.16415,1.16373,1.163855,1849
2026-05-27 06:15:00,1.163855,1.1641,1.16378,1.16402,1707
2026-05-27 06:30:00,1.164015,1.164645,1.16388,1.16464,1954
2026-05-27 06:45:00,1.164645,1.164925,1.164425,1.164555,2003
2026-05-27 07:00:00,1.16456,1.1649,1.16443,1.16447,2827
2026-05-27 07:15:00,1.164475,1.164645,1.16422,1.16453,1880
2026-05-27 07:30:00,1.16453,1.164795,1.164375,1.16475,1680
2026-05-27 07:45:00,1.164755,1.164775,1.16402,1.16406,1658
2026-05-27 08:00:00,1.16407,1.16446,1.163825,1.16437,2788
2026-05-27 08:15:00,1.164365,1.16472,1.16425,1.164715,1814
2026-05-27 08:30:00,1.16472,1.164725,1.164345,1.16459,1561
2026-05-27 08:45:00,1.16458,1.164605,1.1643,1.164495,1444
2026-05-27 09:00:00,1.16449,1.16455,1.16425,1.164395,1939
2026-05-27 09:15:00,1.1644,1.1647,1.164385,1.164535,1908
2026-05-27 09:30:00,1.164525,1.164585,1.16435,1.16444,1201
2026-05-27 09:45:00,1.16444,1.164865,1.1644,1.164465,1218
2026-05-27 10:00:00,1.16446,1.16447,1.16428,1.16437,1316
2026-05-27 10:15:00,1.164365,1.16441,1.163655,1.16376,1344
2026-05-27 10:30:00,1.16375,1.164065,1.16361,1.16385,1687
2026-05-27 10:45:00,1.163855,1.16398,1.1636,1.163925,1656
2026-05-27 11:00:00,1.16393,1.16407,1.163625,1.164055,1966
2026-05-27 11:15:00,1.16405,1.164195,1.16368,1.16379,2043
2026-05-27 11:30:00,1.163795,1.16395,1.163585,1.16388,1820
2026-05-27 11:45:00,1.163875,1.163985,1.163295,1.163775,2651
2026-05-27 12:00:00,1.16378,1.16395,1.16361,1.16373,2582
2026-05-27 12:15:00,1.16374,1.16603,1.163455,1.165625,10841
2026-05-27 12:30:00,1.16562,1.166145,1.165365,1.16537,6593
2026-05-27 12:45:00,1.165375,1.16552,1.16418,1.16438,3740
2026-05-27 13:00:00,1.16437,1.16481,1.16427,1.164535,4788
2026-05-27 13:15:00,1.16453,1.164775,1.16398,1.164115,3825
2026-05-27 13:30:00,1.16411,1.164595,1.16392,1.16419,5012
2026-05-27 13:45:00,1.164195,1.164635,1.16377,1.16414,5085
2026-05-27 14:00:00,1.164145,1.164895,1.163665,1.16484,4381
2026-05-27 14:15:00,1.164845,1.16523,1.16438,1.16488,4145
2026-05-27 14:30:00,1.164875,1.165185,1.164155,1.16488,5437
2026-05-27 14:45:00,1.164875,1.16508,1.1625,1.16256,6603
2026-05-27 15:00:00,1.162555,1.1634,1.162245,1.16335,4584
2026-05-27 15:15:00,1.163355,1.16346,1.16293,1.16339,2933
2026-05-27 15:30:00,1.163395,1.163635,1.16302,1.16309,3241
2026-05-27 15:45:00,1.163085,1.163385,1.16264,1.16302,2990
2026-05-27 16:00:00,1.163025,1.16304,1.16241,1.16293,3282
2026-05-27 16:15:00,1.162935,1.16321,1.16281,1.162855,1537
2026-05-27 16:30:00,1.16285,1.16327,1.16276,1.163125,1622
2026-05-27 16:45:00,1.16313,1.16328,1.16304,1.16323,1301
2026-05-27 17:00:00,1.163235,1.163305,1.162295,1.16233,2214
2026-05-27 17:15:00,1.16234,1.16257,1.16222,1.16236,1507
2026-05-27 17:30:00,1.16236,1.16261,1.16223,1.16254,1566
2026-05-27 17:45:00,1.162545,1.16286,1.162535,1.16274,1145
2026-05-27 18:00:00,1.16273,1.16275,1.162305,1.16241,1169
2026-05-27 18:15:00,1.16241,1.16248,1.162265,1.162465,1356
2026-05-27 18:30:00,1.162465,1.162825,1.162395,1.16279,1321
2026-05-27 18:45:00,1.162785,1.16303,1.16266,1.162945,1265
2026-05-27 19:00:00,1.16295,1.16315,1.162835,1.163035,789
2026-05-27 19:15:00,1.163035,1.163205,1.162965,1.163095,847
2026-05-27 19:30:00,1.16309,1.16317,1.16289,1.162895,948
2026-05-27 19:45:00,1.1629,1.16299,1.16268,1.162895,846
2026-05-27 20:00:00,1.16288,1.16307,1.162805,1.16287,707
2026-05-27 20:15:00,1.162875,1.162935,1.16278,1.16281,388
2026-05-27 20:30:00,1.162805,1.16291,1.16264,1.162785,544
2026-05-27 20:45:00,1.16278,1.16279,1.16255,1.16257,1080
2026-05-27 21:00:00,1.162725,1.163065,1.16272,1.16301,450
2026-05-27 21:15:00,1.16299,1.16302,1.162855,1.16299,72
2026-05-27 21:30:00,1.16298,1.16304,1.16287,1.16291,641
2026-05-27 21:45:00,1.162905,1.16308,1.16262,1.16292,1036
2026-05-27 22:00:00,1.16291,1.163025,1.162765,1.162995,383
2026-05-27 22:15:00,1.163,1.16304,1.162795,1.162815,416
2026-05-27 22:30:00,1.16281,1.162955,1.162695,1.162715,496
2026-05-27 22:45:00,1.162715,1.162715,1.162595,1.16261,290
2026-05-27 23:00:00,1.162605,1.162815,1.16257,1.162775,315
2026-05-27 23:15:00,1.162775,1.162865,1.16216,1.162175,785
2026-05-27 23:30:00,1.16218,1.16227,1.162055,1.16221,650
2026-05-27 23:45:00,1.16221,1.16221,1.161605,1.16175,867
2026-05-28 00:00:00,1.161755,1.162085,1.16166,1.16201,1647
2026-05-28 00:15:00,1.162015,1.162335,1.161985,1.16232,1139
2026-05-28 00:30:00,1.162315,1.16236,1.161955,1.161985,1050
2026-05-28 00:45:00,1.161995,1.162135,1.161685,1.162065,1258
2026-05-28 01:00:00,1.16206,1.16212,1.16179,1.161945,1263
2026-05-28 01:15:00,1.16194,1.162035,1.16184,1.161855,1137
2026-05-28 01:30:00,1.16186,1.16197,1.161595,1.161615,1056
2026-05-28 01:45:00,1.161625,1.161625,1.16093,1.160995,1507
2026-05-28 02:00:00,1.161,1.16127,1.16095,1.161265,1220
2026-05-28 02:15:00,1.16126,1.161425,1.161205,1.16136,535
2026-05-28 02:30:00,1.16136,1.161525,1.16113,1.16118,918
2026-05-28 02:45:00,1.16118,1.16128,1.16104,1.16126,950
2026-05-28 03:00:00,1.16127,1.161395,1.160565,1.160575,1128
2026-05-28 03:15:00,1.16057,1.160575,1.160095,1.160115,1969
2026-05-28 03:30:00,1.16012,1.160125,1.15927,1.15931,3089
2026-05-28 03:45:00,1.15931,1.159435,1.158725,1.158725,2051
2026-05-28 04:00:00,1.15872,1.159135,1.15863,1.159105,1880
2026-05-28 04:15:00,1.159105,1.159175,1.1588,1.15882,1850
2026-05-28 04:30:00,1.158815,1.15928,1.15881,1.15917,1327
2026-05-28 04:45:00,1.159165,1.15924,1.15904,1.15919,1033
2026-05-28 05:00:00,1.159195,1.15933,1.158905,1.159095,1376
2026-05-28 05:15:00,1.15909,1.159515,1.159025,1.159445,1564
2026-05-28 05:30:00,1.15945,1.16002,1.15943,1.159975,2319
2026-05-28 05:45:00,1.15998,1.160215,1.159915,1.15992,1497
2026-05-28 06:00:00,1.159915,1.160495,1.15986,1.160425,2383
2026-05-28 06:15:00,1.16042,1.160935,1.160325,1.160705,2126
2026-05-28 06:30:00,1.1607,1.16098,1.16055,1.16078,1733
2026-05-28 06:45:00,1.16078,1.161225,1.16061,1.161025,1834
2026-05-28 07:00:00,1.16103,1.16178,1.16103,1.16171,2969
2026-05-28 07:15:00,1.161705,1.161715,1.161235,1.161255,2432
2026-05-28 07:30:00,1.16126,1.1614,1.16101,1.16125,2205
2026-05-28 07:45:00,1.161245,1.16139,1.161125,1.161175,1662
2026-05-28 08:00:00,1.16118,1.1616,1.16093,1.161115,2170
2026-05-28 08:15:00,1.16111,1.161215,1.160665,1.160955,1920
2026-05-28 08:30:00,1.16096,1.161225,1.160905,1.161085,1891
2026-05-28 08:45:00,1.16108,1.161695,1.16104,1.16157,1430
2026-05-28 09:00:00,1.161565,1.16182,1.16145,1.161815,1500
2026-05-28 09:15:00,1.16181,1.161925,1.16157,1.161785,1392
2026-05-28 09:30:00,1.161795,1.16185,1.161425,1.16167,1484
2026-05-28 09:45:00,1.16167,1.16179,1.1613,1.16131,1319
2026-05-28 10:00:00,1.1613,1.16141,1.160895,1.161295,1382
2026-05-28 10:15:00,1.16132,1.161565,1.160985,1.161465,1723
2026-05-28 10:30:00,1.16146,1.16147,1.160575,1.160625,1449
2026-05-28 10:45:00,1.16063,1.16108,1.160365,1.160365,2773
2026-05-28 11:00:00,1.160355,1.160825,1.16034,1.16079,1763
2026-05-28 11:15:00,1.16079,1.161125,1.16077,1.16109,1065
2026-05-28 11:30:00,1.161085,1.161195,1.16081,1.161135,1323
2026-05-28 11:45:00,1.161135,1.16228,1.161055,1.161705,2788
2026-05-28 12:00:00,1.1617,1.16198,1.161575,1.16193,2160
2026-05-28 12:15:00,1.16193,1.16257,1.16189,1.162415,2273
2026-05-28 12:30:00,1.16244,1.16344,1.162355,1.163255,4190
2026-05-28 12:45:00,1.16325,1.16384,1.16321,1.163655,3743
2026-05-28 13:00:00,1.16366,1.16432,1.163265,1.16328,3682
2026-05-28 13:15:00,1.16328,1.16355,1.16327,1.163295,2101
2026-05-28 13:30:00,1.1633,1.16386,1.16321,1.163745,3866
2026-05-28 13:45:00,1.16374,1.163855,1.16291,1.163065,3171
2026-05-28 14:00:00,1.16306,1.16541,1.162695,1.16464,6364
2026-05-28 14:15:00,1.164645,1.1658,1.16419,1.165425,9386
2026-05-28 14:30:00,1.16543,1.1657,1.164665,1.165205,6494
2026-05-28 14:45:00,1.165195,1.165555,1.164295,1.16476,6951
2026-05-28 15:00:00,1.16477,1.165535,1.164755,1.165365,4998
2026-05-28 15:15:00,1.16537,1.165465,1.16505,1.165305,3295
2026-05-28 15:30:00,1.165315,1.16569,1.16499,1.16512,3126
2026-05-28 15:45:00,1.165115,1.16538,1.16478,1.164815,2182
2026-05-28 16:00:00,1.16482,1.165075,1.16455,1.165035,2514
2026-05-28 16:15:00,1.16504,1.166135,1.16493,1.16573,3506
2026-05-28 16:30:00,1.165725,1.165965,1.1654,1.165655,2420
2026-05-28 16:45:00,1.16566,1.1659,1.16536,1.165685,2363
2026-05-28 17:00:00,1.16568,1.16575,1.165335,1.16549,1860
2026-05-28 17:15:00,1.165495,1.1655,1.165085,1.1651,1466
2026-05-28 17:30:00,1.165105,1.16539,1.16509,1.165135,1390
2026-05-28 17:45:00,1.16513,1.16544,1.16513,1.16534,1159
2026-05-28 18:00:00,1.16533,1.165495,1.16501,1.16522,1747
2026-05-28 18:15:00,1.165225,1.16554,1.16483,1.164905,3196
2026-05-28 18:30:00,1.16491,1.164935,1.16466,1.16475,1523
2026-05-28 18:45:00,1.164745,1.16502,1.16473,1.1648,1384
2026-05-28 19:00:00,1.164795,1.164915,1.16465,1.16473,1332
2026-05-28 19:15:00,1.16473,1.164915,1.16471,1.164895,875
2026-05-28 19:30:00,1.1649,1.165125,1.164895,1.165005,1124
2026-05-28 19:45:00,1.165,1.16517,1.16469,1.16477,1632
2026-05-28 20:00:00,1.164765,1.16482,1.164495,1.16472,730
2026-05-28 20:15:00,1.164725,1.16479,1.16462,1.16467,662
2026-05-28 20:30:00,1.164665,1.16484,1.164655,1.164765,617
2026-05-28 20:45:00,1.16477,1.16515,1.164765,1.165115,723
2026-05-28 21:00:00,1.16521,1.165365,1.16496,1.1652,96
2026-05-28 21:15:00,1.165195,1.165225,1.165145,1.165185,338
2026-05-28 21:30:00,1.165205,1.16522,1.16514,1.16517,669
2026-05-28 21:45:00,1.165155,1.16524,1.165125,1.165205,995
2026-05-28 22:00:00,1.1652,1.165215,1.165045,1.165205,617
2026-05-28 22:15:00,1.165205,1.16522,1.165135,1.16516,119
2026-05-28 22:30:00,1.16516,1.16517,1.16504,1.165075,285
2026-05-28 22:45:00,1.165075,1.16516,1.165,1.165015,222
2026-05-28 23:00:00,1.16502,1.16531,1.16502,1.16516,432
2026-05-28 23:15:00,1.16516,1.16522,1.16514,1.16516,155
2026-05-28 23:30:00,1.16516,1.16526,1.165075,1.16517,343
2026-05-28 23:45:00,1.165165,1.165325,1.165145,1.16525,425
2026-05-29 00:00:00,1.165245,1.165465,1.1652,1.16534,1384
2026-05-29 00:15:00,1.165345,1.165575,1.165235,1.165385,1246
2026-05-29 00:30:00,1.16539,1.16539,1.16498,1.16516,1108
2026-05-29 00:45:00,1.165155,1.165205,1.164745,1.16488,1101
2026-05-29 01:00:00,1.164885,1.1656,1.164785,1.16552,1599
2026-05-29 01:15:00,1.16552,1.165655,1.165375,1.1654,1328
2026-05-29 01:30:00,1.165395,1.1654,1.16493,1.164965,1172
2026-05-29 01:45:00,1.164965,1.164965,1.16434,1.164465,1577
2026-05-29 02:00:00,1.164465,1.16476,1.16436,1.16473,1337
2026-05-29 02:15:00,1.16473,1.164795,1.16457,1.16465,795
2026-05-29 02:30:00,1.164645,1.16494,1.164575,1.16487,769
2026-05-29 02:45:00,1.164875,1.16493,1.16448,1.16449,528
2026-05-29 03:00:00,1.164495,1.164515,1.16403,1.164085,868
2026-05-29 03:15:00,1.16409,1.16417,1.16397,1.164105,1083
2026-05-29 03:30:00,1.16411,1.164135,1.163625,1.163845,1047
2026-05-29 03:45:00,1.16384,1.163915,1.1636,1.16373,1067
2026-05-29 04:00:00,1.16372,1.163925,1.163695,1.16377,986
2026-05-29 04:15:00,1.163765,1.16382,1.16355,1.16358,1059
2026-05-29 04:30:00,1.163575,1.163935,1.163425,1.163895,912
2026-05-29 04:45:00,1.163895,1.163925,1.1637,1.163915,582
2026-05-29 05:00:00,1.16392,1.164265,1.16382,1.164235,1038
2026-05-29 05:15:00,1.16423,1.16437,1.16412,1.16416,641
2026-05-29 05:30:00,1.164155,1.164245,1.16396,1.16401,716
2026-05-29 05:45:00,1.16401,1.16429,1.16396,1.164215,702
2026-05-29 06:00:00,1.16421,1.16479,1.16421,1.164785,2043
2026-05-29 06:15:00,1.16478,1.16478,1.16453,1.164555,1667
2026-05-29 06:30:00,1.16456,1.165025,1.164505,1.16497,2173
2026-05-29 06:45:00,1.164965,1.16544,1.16488,1.165355,1732
2026-05-29 07:00:00,1.16533,1.165335,1.16486,1.16492,2254
2026-05-29 07:15:00,1.164915,1.165075,1.16415,1.164355,2496
2026-05-29 07:30:00,1.16436,1.164455,1.16378,1.16433,2246
2026-05-29 07:45:00,1.16433,1.16447,1.163955,1.164015,989
2026-05-29 08:00:00,1.164205,1.164205,1.16341,1.163505,3706
2026-05-29 08:15:00,1.163505,1.16391,1.163385,1.163885,2213
2026-05-29 08:30:00,1.16388,1.163975,1.16359,1.16374,2091
2026-05-29 08:45:00,1.16374,1.16374,1.1625,1.16283,2757
2026-05-29 09:00:00,1.162825,1.16364,1.162665,1.16363,2577
2026-05-29 09:15:00,1.163625,1.16386,1.163415,1.16366,2231
2026-05-29 09:30:00,1.163665,1.16373,1.163315,1.16368,1969
2026-05-29 09:45:00,1.16368,1.164285,1.163655,1.16417,2059
2026-05-29 10:00:00,1.164165,1.16452,1.16379,1.164495,1845
2026-05-29 10:15:00,1.164495,1.164515,1.164005,1.16426,1536
2026-05-29 10:30:00,1.164265,1.164445,1.164135,1.164265,1365
2026-05-29 10:45:00,1.164265,1.16442,1.16408,1.16432,1900
2026-05-29 11:00:00,1.164305,1.1645,1.16409,1.16423,1797
2026-05-29 11:15:00,1.16423,1.16437,1.163995,1.164345,1731
2026-05-29 11:30:00,1.164345,1.16469,1.16406,1.16457,1505
2026-05-29 11:45:00,1.164575,1.164825,1.16414,1.16478,2327
2026-05-29 12:00:00,1.164785,1.164865,1.16429,1.164585,2027
2026-05-29 12:15:00,1.16458,1.16472,1.16438,1.16465,1503
2026-05-29 12:30:00,1.164655,1.16471,1.164135,1.16454,2198
2026-05-29 12:45:00,1.164535,1.16491,1.164375,1.16489,2282
2026-05-29 13:00:00,1.164895,1.16495,1.16465,1.164735,3000
2026-05-29 13:15:00,1.16474,1.165325,1.16474,1.16499,2500
2026-05-29 13:30:00,1.164995,1.165225,1.164805,1.16508,2515
2026-05-29 13:45:00,1.165085,1.165125,1.164485,1.16474,3238
2026-05-29 14:00:00,1.164745,1.165105,1.164335,1.164355,3336
2026-05-29 14:15:00,1.16435,1.164625,1.164185,1.164605,3099
2026-05-29 14:30:00,1.1646,1.164825,1.16404,1.164775,4453
2026-05-29 14:45:00,1.16477,1.16745,1.16468,1.166865,10125
2026-05-29 15:00:00,1.16687,1.167805,1.166735,1.16765,6128
2026-05-29 15:15:00,1.167655,1.1682,1.167405,1.16752,4316
2026-05-29 15:30:00,1.167525,1.168585,1.167435,1.16761,5966
2026-05-29 15:45:00,1.167605,1.168045,1.16758,1.1678,3350
2026-05-29 16:00:00,1.16781,1.167915,1.166945,1.16696,2518
2026-05-29 16:15:00,1.166955,1.167115,1.16678,1.16698,1638
2026-05-29 16:30:00,1.166985,1.16747,1.166665,1.16709,2957
2026-05-29 16:45:00,1.16709,1.167245,1.166915,1.16722,2044
2026-05-29 17:00:00,1.167215,1.167345,1.16688,1.16692,1791
2026-05-29 17:15:00,1.16692,1.16706,1.16659,1.166785,1885
2026-05-29 17:30:00,1.166795,1.166825,1.166325,1.16645,1724
2026-05-29 17:45:00,1.16646,1.16657,1.16621,1.166235,1830
2026-05-29 18:00:00,1.16623,1.166425,1.166155,1.166415,1655
2026-05-29 18:15:00,1.166415,1.1666,1.166245,1.166465,1621
2026-05-29 18:30:00,1.16646,1.16687,1.166455,1.166525,1183
2026-05-29 18:45:00,1.16652,1.16679,1.16605,1.16642,2246
2026-05-29 19:00:00,1.16643,1.166915,1.166415,1.166805,1357
2026-05-29 19:15:00,1.1668,1.16695,1.166555,1.166805,1067
2026-05-29 19:30:00,1.166815,1.16689,1.166645,1.166755,1227
2026-05-29 19:45:00,1.16676,1.166795,1.166375,1.16647,2375
2026-05-29 20:00:00,1.166465,1.166495,1.16618,1.166305,1221
2026-05-29 20:15:00,1.166305,1.166305,1.166085,1.166145,561
2026-05-29 20:30:00,1.16614,1.166265,1.166045,1.16621,1058
2026-05-29 20:45:00,1.166205,1.166205,1.165815,1.165915,2029
2026-05-31 21:00:00,1.165915,1.165915,1.16532,1.16569,64
2026-05-31 21:15:00,1.16567,1.165735,1.165545,1.165615,70
2026-05-31 21:30:00,1.165615,1.16584,1.16558,1.165815,297
2026-05-31 21:45:00,1.165815,1.166155,1.165755,1.166105,353
2026-05-31 22:00:00,1.166075,1.166085,1.165165,1.16543,1242
2026-05-31 22:15:00,1.16543,1.16558,1.16537,1.165385,368
2026-05-31 22:30:00,1.165385,1.16543,1.165235,1.165365,919
2026-05-31 22:45:00,1.16537,1.16552,1.16536,1.16545,2356
2026-05-31 23:00:00,1.165445,1.165585,1.165355,1.16546,4071
2026-05-31 23:15:00,1.165455,1.16557,1.16535,1.165555,2071
2026-05-31 23:30:00,1.16556,1.16559,1.165385,1.165425,1985
2026-05-31 23:45:00,1.16543,1.165485,1.164855,1.164865,3480
2026-06-01 00:00:00,1.16486,1.16536,1.16475,1.16513,3662
2026-06-01 00:15:00,1.165125,1.165205,1.164555,1.16477,2610
2026-06-01 00:30:00,1.164765,1.164865,1.16461,1.164735,2073
2026-06-01 00:45:00,1.16474,1.16486,1.1645,1.164785,1183
2026-06-01 01:00:00,1.16478,1.164835,1.16441,1.164595,1614
2026-06-01 01:15:00,1.16459,1.164705,1.16437,1.164395,1043
2026-06-01 01:30:00,1.1644,1.16455,1.164245,1.16441,1303
2026-06-01 01:45:00,1.16441,1.16452,1.16419,1.164485,834
2026-06-01 02:00:00,1.164485,1.16452,1.16438,1.16446,772
2026-06-01 02:15:00,1.16446,1.16455,1.164435,1.16447,599
2026-06-01 02:30:00,1.164465,1.16458,1.164365,1.16444,920
2026-06-01 02:45:00,1.164435,1.16469,1.164435,1.164645,771
2026-06-01 03:00:00,1.16465,1.16491,1.164565,1.164575,993
2026-06-01 03:15:00,1.16457,1.164825,1.164345,1.16476,1341
2026-06-01 03:30:00,1.16476,1.164865,1.16416,1.16418,800
2026-06-01 03:45:00,1.164185,1.16443,1.164185,1.164395,580
2026-06-01 04:00:00,1.164395,1.164585,1.16435,1.164545,641
2026-06-01 04:15:00,1.164545,1.16475,1.164545,1.164735,563
2026-06-01 04:30:00,1.16473,1.16486,1.164655,1.16482,385
2026-06-01 04:45:00,1.164815,1.16483,1.16462,1.164815,737
2026-06-01 05:00:00,1.16482,1.165245,1.164795,1.16517,1276
2026-06-01 05:15:00,1.165175,1.16524,1.16513,1.165135,470
2026-06-01 05:30:00,1.16514,1.16521,1.16504,1.16521,607
2026-06-01 05:45:00,1.165215,1.16535,1.16509,1.165145,704
2026-06-01 06:00:00,1.16515,1.165615,1.16515,1.165475,2933
2026-06-01 06:15:00,1.16547,1.16557,1.165015,1.16516,1412
2026-06-01 06:30:00,1.165165,1.165425,1.16509,1.165395,1774
2026-06-01 06:45:00,1.16539,1.166485,1.165255,1.16647,3846
2026-06-01 07:00:00,1.166455,1.16648,1.16559,1.165865,2577
2026-06-01 07:15:00,1.165865,1.166125,1.165575,1.16585,2317
2026-06-01 07:30:00,1.165845,1.165905,1.165265,1.165355,1368
2026-06-01 07:45:00,1.165345,1.16591,1.16518,1.165665,1602
2026-06-01 08:00:00,1.16566,1.16589,1.165495,1.165825,1718
2026-06-01 08:15:00,1.165825,1.166025,1.1655,1.165885,1446
2026-06-01 08:30:00,1.16589,1.16596,1.165705,1.165915,1146
2026-06-01 08:45:00,1.16592,1.166015,1.16534,1.1658,1693
2026-06-01 09:00:00,1.165795,1.16606,1.16512,1.16522,1935
2026-06-01 09:15:00,1.165215,1.165465,1.16483,1.16498,1338
2026-06-01 09:30:00,1.164975,1.165115,1.16486,1.164865,1490
2026-06-01 09:45:00,1.16486,1.16515,1.16486,1.16508,1525
2026-06-01 10:00:00,1.16509,1.165115,1.164875,1.164915,962
2026-06-01 10:15:00,1.16492,1.164955,1.16473,1.16486,1155
2026-06-01 10:30:00,1.164855,1.165035,1.16473,1.16496,1058
2026-06-01 10:45:00,1.164965,1.16502,1.16461,1.164755,1058
2026-06-01 11:00:00,1.16475,1.164805,1.16417,1.164485,1666
2026-06-01 11:15:00,1.164485,1.164635,1.16445,1.16459,681
2026-06-01 11:30:00,1.16458,1.16458,1.164295,1.16454,544
2026-06-01 11:45:00,1.164535,1.16483,1.16444,1.16457,638
2026-06-01 12:00:00,1.16458,1.16484,1.16455,1.16457,1336
2026-06-01 12:15:00,1.16458,1.16502,1.16454,1.164995,1422
2026-06-01 12:30:00,1.165,1.16506,1.164515,1.16482,2581
2026-06-01 12:45:00,1.164815,1.164905,1.16456,1.164745,2000
2026-06-01 13:00:00,1.16474,1.164835,1.162775,1.16322,6479
2026-06-01 13:15:00,1.163225,1.163815,1.16255,1.162725,7621
2026-06-01 13:30:00,1.16274,1.162955,1.162045,1.162075,6968
2026-06-01 13:45:00,1.16207,1.162295,1.160995,1.161015,5392
2026-06-01 14:00:00,1.161005,1.16154,1.160685,1.161425,5696
2026-06-01 14:15:00,1.161415,1.161835,1.16112,1.161435,4835
2026-06-01 14:30:00,1.16143,1.161815,1.16126,1.16176,3721
2026-06-01 14:45:00,1.16176,1.161845,1.161105,1.16176,3330
2026-06-01 15:00:00,1.16177,1.16198,1.16153,1.16165,4070
2026-06-01 15:15:00,1.161655,1.16228,1.161625,1.16218,2856
2026-06-01 15:30:00,1.162175,1.162885,1.162165,1.16249,5113
2026-06-01 15:45:00,1.162495,1.16255,1.162155,1.16231,2002
2026-06-01 16:00:00,1.162315,1.16261,1.16173,1.16189,1999
2026-06-01 16:15:00,1.16189,1.16224,1.16165,1.16214,1667
2026-06-01 16:30:00,1.162145,1.16243,1.162065,1.162115,2163
2026-06-01 16:45:00,1.162115,1.163045,1.162105,1.162985,2641
2026-06-01 17:00:00,1.16299,1.16303,1.162515,1.16263,2184
2026-06-01 17:15:00,1.162625,1.1632,1.16251,1.163195,1957
2026-06-01 17:30:00,1.1632,1.16379,1.16297,1.163535,4125
2026-06-01 17:45:00,1.16353,1.163725,1.16337,1.16347,2057
2026-06-01 18:00:00,1.163465,1.163525,1.16333,1.16341,1033
2026-06-01 18:15:00,1.16341,1.16353,1.16329,1.163315,837
2026-06-01 18:30:00,1.16332,1.163475,1.16324,1.163455,802
2026-06-01 18:45:00,1.163455,1.163475,1.16306,1.16308,1022
2026-06-01 19:00:00,1.16307,1.16338,1.16296,1.16316,858
2026-06-01 19:15:00,1.16316,1.16335,1.163155,1.16321,497
2026-06-01 19:30:00,1.16321,1.163355,1.163175,1.163185,711
2026-06-01 19:45:00,1.163185,1.16325,1.16266,1.16317,2105
2026-06-01 20:00:00,1.16318,1.163385,1.163125,1.163185,469
2026-06-01 20:15:00,1.163185,1.163225,1.163055,1.163165,272
2026-06-01 20:30:00,1.163155,1.163315,1.163105,1.16329,541
2026-06-01 20:45:00,1.163285,1.163315,1.1631,1.163105,972
2026-06-01 21:00:00,1.163105,1.16329,1.16301,1.163025,67
2026-06-01 21:15:00,1.163035,1.163605,1.162995,1.163565,203
2026-06-01 21:30:00,1.163565,1.16363,1.163465,1.163585,201
2026-06-01 21:45:00,1.16358,1.163695,1.16345,1.163535,220
2026-06-01 22:00:00,1.163525,1.163535,1.163245,1.163385,458
2026-06-01 22:15:00,1.163385,1.163405,1.16331,1.16332,248
2026-06-01 22:30:00,1.16332,1.16342,1.163305,1.163385,298
2026-06-01 22:45:00,1.163385,1.163425,1.16335,1.163395,171
2026-06-01 23:00:00,1.1634,1.163585,1.1634,1.163495,355
2026-06-01 23:15:00,1.1635,1.163555,1.163475,1.163475,121
2026-06-01 23:30:00,1.16348,1.16362,1.16329,1.1636,537
2026-06-01 23:45:00,1.163595,1.163605,1.163485,1.16354,374
2026-06-02 00:00:00,1.163545,1.16356,1.16299,1.163325,1245
2026-06-02 00:15:00,1.163325,1.163445,1.163175,1.163315,706
2026-06-02 00:30:00,1.163315,1.16347,1.163185,1.16325,611
2026-06-02 00:45:00,1.163245,1.16329,1.162935,1.163135,1097
2026-06-02 01:00:00,1.163145,1.16369,1.16313,1.163595,1194
2026-06-02 01:15:00,1.163595,1.163595,1.163265,1.163365,874
2026-06-02 01:30:00,1.16337,1.16353,1.16324,1.1633,969
2026-06-02 01:45:00,1.163295,1.163295,1.162855,1.163055,956
2026-06-02 02:00:00,1.163055,1.16322,1.16302,1.16319,846
2026-06-02 02:15:00,1.16319,1.163415,1.163135,1.16338,555
2026-06-02 02:30:00,1.163385,1.163465,1.16303,1.16307,425
2026-06-02 02:45:00,1.163065,1.163165,1.16306,1.1631,370
2026-06-02 03:00:00,1.163095,1.16336,1.16308,1.163295,780
2026-06-02 03:15:00,1.16329,1.16337,1.16316,1.16331,493
2026-06-02 03:30:00,1.163305,1.16346,1.163265,1.1634,517
2026-06-02 03:45:00,1.1634,1.16352,1.16334,1.163415,352
2026-06-02 04:00:00,1.16341,1.16355,1.16341,1.16352,547
2026-06-02 04:15:00,1.163525,1.16365,1.16351,1.16359,492
2026-06-02 04:30:00,1.16359,1.16373,1.16359,1.16368,341
2026-06-02 04:45:00,1.16368,1.163885,1.163645,1.163785,652
2026-06-02 05:00:00,1.163785,1.163925,1.16378,1.16391,623
2026-06-02 05:15:00,1.163915,1.163975,1.163685,1.163765,612
2026-06-02 05:30:00,1.16377,1.163875,1.163765,1.163775,563
2026-06-02 05:45:00,1.16378,1.16378,1.163625,1.163715,421
2026-06-02 06:00:00,1.16372,1.164725,1.16371,1.164515,1876
2026-06-02 06:15:00,1.16452,1.16503,1.16447,1.164905,1957
2026-06-02 06:30:00,1.16491,1.165225,1.16481,1.16482,2201
2026-06-02 06:45:00,1.164815,1.165065,1.1648,1.165055,1785
2026-06-02 07:00:00,1.165045,1.16508,1.164645,1.16465,1777
2026-06-02 07:15:00,1.164655,1.164755,1.164485,1.16468,1512
2026-06-02 07:30:00,1.164675,1.16489,1.16458,1.16483,1453
2026-06-02 07:45:00,1.164825,1.16494,1.16469,1.16486,1675
2026-06-02 08:00:00,1.16487,1.16526,1.16463,1.16463,1688
2026-06-02 08:15:00,1.16463,1.16476,1.1645,1.164625,1253
2026-06-02 08:30:00,1.16463,1.16477,1.164515,1.16454,1167
2026-06-02 08:45:00,1.16454,1.16454,1.164205,1.16436,1118
2026-06-02 09:00:00,1.164355,1.16439,1.164025,1.16412,1297
2026-06-02 09:15:00,1.164125,1.16435,1.164045,1.164345,1599
2026-06-02 09:30:00,1.16434,1.16449,1.164255,1.164375,1468
2026-06-02 09:45:00,1.164375,1.16447,1.16411,1.16432,1288
2026-06-02 10:00:00,1.164325,1.16455,1.16413,1.16438,1592
2026-06-02 10:15:00,1.16438,1.164395,1.163845,1.16427,1244
2026-06-02 10:30:00,1.164275,1.164395,1.16417,1.164395,968
2026-06-02 10:45:00,1.16439,1.16461,1.164245,1.16437,1381
2026-06-02 11:00:00,1.164365,1.16459,1.16436,1.164425,1322
2026-06-02 11:15:00,1.16443,1.164685,1.164405,1.164685,1250
2026-06-02 11:30:00,1.16469,1.165045,1.164635,1.16503,1265
2026-06-02 11:45:00,1.16503,1.16528,1.16494,1.164945,1114
2026-06-02 12:00:00,1.16495,1.165125,1.164825,1.164885,1377
2026-06-02 12:15:00,1.16488,1.165405,1.164745,1.16523,1856
2026-06-02 12:30:00,1.165225,1.165575,1.16493,1.165105,2338
2026-06-02 12:45:00,1.16511,1.16524,1.16493,1.165045,1696
2026-06-02 13:00:00,1.16505,1.165245,1.16475,1.16485,3246
2026-06-02 13:15:00,1.164855,1.165035,1.16456,1.164575,2243
2026-06-02 13:30:00,1.16459,1.164805,1.164415,1.164435,3101
2026-06-02 13:45:00,1.16443,1.16452,1.163955,1.16433,2461
2026-06-02 14:00:00,1.164325,1.16433,1.16362,1.16417,3535
2026-06-02 14:15:00,1.16417,1.16437,1.163645,1.16398,2474
2026-06-02 14:30:00,1.16397,1.165,1.163935,1.16466,2786
2026-06-02 14:45:00,1.16466,1.16469,1.16423,1.16437,2720
2026-06-02 15:00:00,1.164365,1.164455,1.16386,1.164175,2893
2026-06-02 15:15:00,1.16417,1.16452,1.163545,1.16369,2118
2026-06-02 15:30:00,1.163695,1.16409,1.163635,1.164025,2158
2026-06-02 15:45:00,1.16402,1.164175,1.16392,1.16405,1632
2026-06-02 16:00:00,1.164055,1.164115,1.163575,1.16377,1491
2026-06-02 16:15:00,1.16377,1.16382,1.163045,1.16307,1276
2026-06-02 16:30:00,1.163075,1.16317,1.162685,1.162845,1246
2026-06-02 16:45:00,1.16284,1.162955,1.16269,1.162835,815
2026-06-02 17:00:00,1.16284,1.16298,1.16249,1.1626,1351
2026-06-02 17:15:00,1.162605,1.162715,1.16232,1.16244,1266
2026-06-02 17:30:00,1.162435,1.162525,1.162215,1.1623,908
2026-06-02 17:45:00,1.1623,1.1623,1.16203,1.16216,571
2026-06-02 18:00:00,1.162165,1.162275,1.16177,1.16185,1035
2026-06-02 18:15:00,1.161845,1.16213,1.161345,1.162065,1603
2026-06-02 18:30:00,1.16207,1.16261,1.16207,1.162485,1465
2026-06-02 18:45:00,1.16248,1.162995,1.162465,1.162845,1128
2026-06-02 19:00:00,1.16284,1.16323,1.16284,1.163225,866
2026-06-02 19:15:00,1.16323,1.16331,1.16307,1.163175,791
2026-06-02 19:30:00,1.16318,1.163255,1.163075,1.16314,619
2026-06-02 19:45:00,1.16314,1.163265,1.163075,1.163235,703
2026-06-02 20:00:00,1.163215,1.163485,1.163215,1.16335,471
2026-06-02 20:15:00,1.163355,1.16337,1.16315,1.16319,253
2026-06-02 20:30:00,1.163195,1.163245,1.163,1.16313,418
2026-06-02 20:45:00,1.163135,1.16321,1.163055,1.163175,1041
2026-06-02 21:00:00,1.163175,1.163275,1.16293,1.16324,11164
2026-06-02 21:15:00,1.16324,1.1633,1.163145,1.16317,107
2026-06-02 21:30:00,1.163205,1.16326,1.163085,1.16312,232
2026-06-02 21:45:00,1.16312,1.16324,1.16292,1.16296,145
2026-06-02 22:00:00,1.16298,1.16302,1.1627,1.16273,596
2026-06-02 22:15:00,1.16273,1.1629,1.16271,1.162875,233
2026-06-02 22:30:00,1.16288,1.162925,1.16283,1.162865,310
2026-06-02 22:45:00,1.162865,1.1629,1.16265,1.162675,534
2026-06-02 23:00:00,1.16267,1.16275,1.162475,1.16251,912
2026-06-02 23:15:00,1.16251,1.16255,1.16222,1.1623,910
2026-06-02 23:30:00,1.16231,1.162365,1.161985,1.162185,945
2026-06-02 23:45:00,1.162185,1.16221,1.16198,1.162125,530
2026-06-03 00:00:00,1.162115,1.162405,1.162045,1.16233,1234
2026-06-03 00:15:00,1.162335,1.16274,1.162245,1.16272,1060
2026-06-03 00:30:00,1.162715,1.163075,1.1627,1.162905,552
2026-06-03 00:45:00,1.162895,1.162935,1.162745,1.162875,727
2026-06-03 01:00:00,1.162885,1.16295,1.162615,1.162805,1162
2026-06-03 01:15:00,1.1628,1.1631,1.16271,1.163065,963
2026-06-03 01:30:00,1.163065,1.163245,1.162845,1.163185,1036
2026-06-03 01:45:00,1.16318,1.16335,1.162765,1.162955,773
2026-06-03 02:00:00,1.162955,1.16321,1.16294,1.163075,712
2026-06-03 02:15:00,1.163075,1.163085,1.162835,1.162855,367
2026-06-03 02:30:00,1.162865,1.162975,1.16272,1.16283,566
2026-06-03 02:45:00,1.162815,1.162865,1.162495,1.16282,1200
2026-06-03 03:00:00,1.162815,1.16296,1.162745,1.162845,844
2026-06-03 03:15:00,1.162845,1.16291,1.1627,1.162705,969
2026-06-03 03:30:00,1.16271,1.16295,1.16263,1.162845,810
2026-06-03 03:45:00,1.16285,1.1629,1.16267,1.16275,616
2026-06-03 04:00:00,1.162755,1.162815,1.16257,1.16259,455
2026-06-03 04:15:00,1.16259,1.162645,1.16248,1.162485,640
2026-06-03 04:30:00,1.16249,1.16259,1.162465,1.16258,473
2026-06-03 04:45:00,1.16258,1.162605,1.162445,1.16256,720
2026-06-03 05:00:00,1.162565,1.162705,1.16246,1.162635,917
2026-06-03 05:15:00,1.162635,1.162715,1.16218,1.16223,896
2026-06-03 05:30:00,1.162235,1.16242,1.162125,1.162195,1195
2026-06-03 05:45:00,1.162195,1.16233,1.161865,1.16187,1031
2026-06-03 06:00:00,1.161875,1.16225,1.16144,1.16175,2409
2026-06-03 06:15:00,1.161745,1.161855,1.16123,1.161605,2049
2026-06-03 06:30:00,1.1616,1.16187,1.16134,1.16143,2266
2026-06-03 06:45:00,1.161435,1.16174,1.16132,1.161635,1880
2026-06-03 07:00:00,1.16163,1.16208,1.16132,1.16184,2249
2026-06-03 07:15:00,1.161845,1.161975,1.16138,1.16139,1525
2026-06-03 07:30:00,1.161385,1.162455,1.16129,1.16218,4008
2026-06-03 07:45:00,1.16219,1.162235,1.161595,1.16162,2121
2026-06-03 08:00:00,1.16163,1.161645,1.16138,1.16138,753
2026-06-03 08:15:00,1.16138,1.16143,1.16127,1.16137,450
2026-06-03 08:30:00,1.16138,1.16155,1.16103,1.16109,1114
2026-06-03 08:45:00,1.1611,1.1613,1.16109,1.16118,570
2026-06-03 09:00:00,1.16118,1.16144,1.16117,1.16137,407
2026-06-03 09:15:00,1.16137,1.16159,1.16132,1.16139,527
2026-06-03 09:30:00,1.16139,1.16149,1.160985,1.161425,1215
2026-06-03 09:45:00,1.16142,1.161575,1.16108,1.16135,1487
2026-06-03 10:00:00,1.161355,1.162305,1.16128,1.161545,4308
2026-06-03 10:15:00,1.161545,1.1616,1.16134,1.16155,829
2026-06-03 10:30:00,1.16155,1.161785,1.1615,1.16162,912
2026-06-03 10:45:00,1.16162,1.16164,1.16149,1.16159,645
2026-06-03 11:00:00,1.1616,1.161895,1.161545,1.161825,1308
2026-06-03 11:15:00,1.161825,1.16203,1.16174,1.162015,1227
2026-06-03 11:30:00,1.16202,1.162085,1.16177,1.16181,1300
2026-06-03 11:45:00,1.16181,1.16226,1.16161,1.161785,1798
2026-06-03 12:00:00,1.16179,1.16186,1.16124,1.16149,1146
2026-06-03 12:15:00,1.16148,1.16149,1.16069,1.1607,2168
2026-06-03 12:30:00,1.16069,1.160695,1.15966,1.160525,3257
2026-06-03 12:45:00,1.160525,1.16054,1.159745,1.160055,2049
2026-06-03 13:00:00,1.16005,1.160355,1.159895,1.16015,3238
2026-06-03 13:15:00,1.160155,1.16048,1.15973,1.16041,2764
2026-06-03 13:30:00,1.16042,1.160635,1.16024,1.160305,3815
2026-06-03 13:45:00,1.1603,1.16049,1.15988,1.1603,4118
2026-06-03 14:00:00,1.16031,1.160875,1.16001,1.16065,4881
2026-06-03 14:15:00,1.160655,1.160785,1.15996,1.160385,4642
2026-06-03 14:30:00,1.16038,1.160445,1.15961,1.159635,3477
2026-06-03 14:45:00,1.15963,1.16123,1.15949,1.161225,5678
2026-06-03 15:00:00,1.16123,1.161305,1.16025,1.160715,3572
2026-06-03 15:15:00,1.16071,1.16114,1.16052,1.16075,3574
2026-06-03 15:30:00,1.160745,1.16104,1.160425,1.16064,2905
2026-06-03 15:45:00,1.16064,1.16076,1.160415,1.160485,2088
2026-06-03 16:00:00,1.16049,1.160505,1.159715,1.159835,2437
2026-06-03 16:15:00,1.15984,1.160025,1.15958,1.15995,2085
2026-06-03 16:30:00,1.159955,1.160015,1.15951,1.159645,1772
2026-06-03 16:45:00,1.15964,1.160185,1.159555,1.16001,1772
2026-06-03 17:00:00,1.160025,1.16037,1.159825,1.160035,1296
2026-06-03 17:15:00,1.16003,1.160055,1.15971,1.15974,1001
2026-06-03 17:30:00,1.159735,1.159975,1.159705,1.15983,590
2026-06-03 17:45:00,1.15983,1.159935,1.15969,1.15985,912
2026-06-03 18:00:00,1.159855,1.15994,1.1596,1.15964,805
2026-06-03 18:15:00,1.159645,1.15983,1.15953,1.159785,948
2026-06-03 18:30:00,1.159785,1.1598,1.15955,1.159725,1124
2026-06-03 18:45:00,1.159725,1.15999,1.1597,1.159845,990
2026-06-03 19:00:00,1.15985,1.160015,1.159795,1.159815,1002
2026-06-03 19:15:00,1.159815,1.160105,1.15972,1.159745,922
2026-06-03 19:30:00,1.15975,1.159925,1.159745,1.159815,551
2026-06-03 19:45:00,1.159815,1.159895,1.15974,1.159815,1010
2026-06-03 20:00:00,1.15982,1.15994,1.15971,1.15989,452
2026-06-03 20:15:00,1.159885,1.160055,1.159835,1.15996,523
2026-06-03 20:30:00,1.159955,1.16002,1.1598,1.159835,472
2026-06-03 20:45:00,1.15983,1.160025,1.159725,1.159785,684
2026-06-03 21:00:00,1.15977,1.16006,1.15976,1.15999,99
2026-06-03 21:15:00,1.15999,1.160035,1.1598,1.16001,91
2026-06-03 21:30:00,1.16002,1.16012,1.15983,1.16011,453
2026-06-03 21:45:00,1.16011,1.16011,1.159735,1.15985,378
2026-06-03 22:00:00,1.159835,1.15993,1.15949,1.159595,626
2026-06-03 22:15:00,1.159595,1.159745,1.15946,1.1597,398
2026-06-03 22:30:00,1.1597,1.159885,1.159685,1.159755,491
2026-06-03 22:45:00,1.159755,1.161245,1.15971,1.1606,1664
2026-06-03 23:00:00,1.160605,1.16086,1.16015,1.160505,1034
2026-06-03 23:15:00,1.16051,1.160615,1.160395,1.160535,631
2026-06-03 23:30:00,1.16054,1.16075,1.160495,1.160695,482
2026-06-03 23:45:00,1.1607,1.16109,1.160695,1.16091,653
2026-06-04 00:00:00,1.160915,1.161135,1.160555,1.16086,1812
2026-06-04 00:15:00,1.160855,1.161275,1.16077,1.160955,1263
2026-06-04 00:30:00,1.160955,1.1612,1.16082,1.16115,1192
2026-06-04 00:45:00,1.161155,1.161165,1.160595,1.160675,1075
2026-06-04 01:00:00,1.16068,1.16075,1.160395,1.160655,1525
2026-06-04 01:15:00,1.16064,1.16087,1.160535,1.160785,1031
2026-06-04 01:30:00,1.16079,1.161025,1.16072,1.16079,1124
2026-06-04 01:45:00,1.16079,1.161005,1.160745,1.160965,1043
2026-06-04 02:00:00,1.16097,1.161045,1.160765,1.160765,1175
2026-06-04 02:15:00,1.16077,1.16082,1.16063,1.160775,781
2026-06-04 02:30:00,1.16078,1.16097,1.16078,1.16094,623
2026-06-04 02:45:00,1.160945,1.161125,1.160945,1.16101,571
2026-06-04 03:00:00,1.16101,1.161015,1.160405,1.160455,728
2026-06-04 03:15:00,1.16045,1.160635,1.160255,1.160355,780
2026-06-04 03:30:00,1.160355,1.1605,1.160285,1.16034,808
2026-06-04 03:45:00,1.160335,1.160625,1.160275,1.16061,461
2026-06-04 04:00:00,1.160605,1.160625,1.160395,1.160455,481
2026-06-04 04:15:00,1.16046,1.160615,1.16045,1.160605,457
2026-06-04 04:30:00,1.160605,1.161305,1.160605,1.16112,1533
2026-06-04 04:45:00,1.16111,1.16127,1.160855,1.160975,817
2026-06-04 05:00:00,1.16097,1.16106,1.160745,1.160835,917
2026-06-04 05:15:00,1.160835,1.160925,1.160555,1.16058,885
2026-06-04 05:30:00,1.160585,1.160895,1.16053,1.160845,879
2026-06-04 05:45:00,1.160845,1.161055,1.16076,1.160985,1014
2026-06-04 06:00:00,1.16099,1.161265,1.160905,1.161235,1928
2026-06-04 06:15:00,1.16123,1.16129,1.16071,1.16105,1857
2026-06-04 06:30:00,1.161055,1.16151,1.160865,1.161315,2483
2026-06-04 06:45:00,1.16131,1.161315,1.1608,1.161075,1747
2026-06-04 07:00:00,1.16107,1.161275,1.16092,1.161045,2286
2026-06-04 07:15:00,1.161045,1.16116,1.160375,1.160635,2096
2026-06-04 07:30:00,1.16062,1.16073,1.159855,1.160145,2257
2026-06-04 07:45:00,1.16014,1.16045,1.16,1.1604,1993
2026-06-04 08:00:00,1.160395,1.16077,1.16036,1.160535,2117
2026-06-04 08:15:00,1.160535,1.1611,1.16053,1.16105,2195
2026-06-04 08:30:00,1.161055,1.161415,1.16067,1.16076,2494
2026-06-04 08:45:00,1.160765,1.161405,1.16075,1.161325,1636
2026-06-04 09:00:00,1.16133,1.162,1.16133,1.16189,2902
2026-06-04 09:15:00,1.161895,1.162255,1.16183,1.162065,1967
2026-06-04 09:30:00,1.16207,1.16274,1.16193,1.16267,2289
2026-06-04 09:45:00,1.16268,1.16284,1.162425,1.162585,1890
2026-06-04 10:00:00,1.162575,1.16307,1.16253,1.16298,2039
2026-06-04 10:15:00,1.162975,1.16306,1.162585,1.162885,1317
2026-06-04 10:30:00,1.16288,1.163355,1.162805,1.163245,1819
2026-06-04 10:45:00,1.16325,1.163425,1.16278,1.163045,2134
2026-06-04 11:00:00,1.16305,1.163695,1.16303,1.163525,2546
2026-06-04 11:15:00,1.16353,1.16435,1.163505,1.164065,3018
2026-06-04 11:30:00,1.164075,1.16442,1.1637,1.164385,2591
2026-06-04 11:45:00,1.164385,1.16454,1.1641,1.16418,2615
2026-06-04 12:00:00,1.16417,1.16453,1.163455,1.163785,4034
2026-06-04 12:15:00,1.16378,1.164005,1.163675,1.163845,2352
2026-06-04 12:30:00,1.16385,1.164135,1.16382,1.16399,2532
2026-06-04 12:45:00,1.163995,1.164345,1.163695,1.163695,2783
2026-06-04 13:00:00,1.16369,1.164,1.16342,1.16348,2249
2026-06-04 13:15:00,1.16347,1.163785,1.1634,1.16366,2200
2026-06-04 13:30:00,1.163665,1.16396,1.163485,1.16396,3530
2026-06-04 13:45:00,1.163955,1.16398,1.16353,1.16361,3191
2026-06-04 14:00:00,1.163605,1.16399,1.16323,1.16335,2458
2026-06-04 14:15:00,1.163345,1.163495,1.16314,1.163165,1963
2026-06-04 14:30:00,1.163165,1.163295,1.162915,1.16314,1815
2026-06-04 14:45:00,1.163145,1.163335,1.162945,1.16306,2310
2026-06-04 15:00:00,1.16305,1.163165,1.16236,1.16249,2814
2026-06-04 15:15:00,1.1625,1.16264,1.162245,1.162365,1903
2026-06-04 15:30:00,1.16236,1.16267,1.16224,1.16237,2073
2026-06-04 15:45:00,1.162365,1.163,1.162285,1.162835,1771
2026-06-04 16:00:00,1.16282,1.16292,1.16264,1.16276,1382
2026-06-04 16:15:00,1.16277,1.162985,1.162685,1.16282,1070
2026-06-04 16:30:00,1.162825,1.16289,1.16256,1.162635,1391
2026-06-04 16:45:00,1.162635,1.162635,1.162325,1.16234,965
2026-06-04 17:00:00,1.162335,1.162405,1.16211,1.16215,1054
2026-06-04 17:15:00,1.162145,1.162215,1.162,1.16202,828
2026-06-04 17:30:00,1.162025,1.162205,1.161995,1.162065,846
2026-06-04 17:45:00,1.162065,1.16213,1.161955,1.162085,457
2026-06-04 18:00:00,1.162085,1.16226,1.16198,1.16205,877
2026-06-04 18:15:00,1.162045,1.162065,1.16166,1.16166,608
2026-06-04 18:30:00,1.161655,1.161805,1.161505,1.161645,965
2026-06-04 18:45:00,1.161645,1.16175,1.16133,1.161505,765
2026-06-04 19:00:00,1.1615,1.16162,1.16113,1.161205,696
2026-06-04 19:15:00,1.16121,1.161305,1.161205,1.161245,675
2026-06-04 19:30:00,1.16124,1.16129,1.16109,1.16114,388
2026-06-04 19:45:00,1.161145,1.16132,1.161055,1.16125,649
2026-06-04 20:00:00,1.161255,1.161355,1.161025,1.161025,458
2026-06-04 20:15:00,1.16103,1.16114,1.16088,1.160935,349
2026-06-04 20:30:00,1.160925,1.16107,1.16081,1.161055,404
2026-06-04 20:45:00,1.161055,1.161215,1.161015,1.161035,820
2026-06-04 21:00:00,1.161035,1.16153,1.161035,1.16122,383
2026-06-04 21:15:00,1.16123,1.16151,1.161205,1.16148,125
2026-06-04 21:30:00,1.16148,1.16161,1.16116,1.161365,548
2026-06-04 21:45:00,1.161355,1.16157,1.161355,1.1614,228
2026-06-04 22:00:00,1.161415,1.161415,1.16122,1.161285,355
2026-06-04 22:15:00,1.161295,1.161305,1.16121,1.16129,141
2026-06-04 22:30:00,1.161285,1.161315,1.16114,1.161145,168
2026-06-04 22:45:00,1.16114,1.161215,1.161095,1.161215,249
2026-06-04 23:00:00,1.16121,1.16131,1.161205,1.1613,263
2026-06-04 23:15:00,1.1613,1.161385,1.161285,1.161305,306
2026-06-04 23:30:00,1.16131,1.16131,1.161205,1.16125,189
2026-06-04 23:45:00,1.16125,1.161355,1.161205,1.161235,305
2026-06-05 00:00:00,1.161245,1.161415,1.161105,1.161165,1396
2026-06-05 00:15:00,1.16116,1.16134,1.161105,1.161295,933
2026-06-05 00:30:00,1.1613,1.161345,1.16116,1.161165,897
2026-06-05 00:45:00,1.16115,1.16137,1.161105,1.16129,980
2026-06-05 01:00:00,1.161295,1.161405,1.16114,1.161195,1495
2026-06-05 01:15:00,1.161195,1.16134,1.160985,1.161175,1579
2026-06-05 01:30:00,1.161175,1.161415,1.161125,1.161365,1227
2026-06-05 01:45:00,1.161375,1.161495,1.161295,1.16136,974
2026-06-05 02:00:00,1.161365,1.161615,1.161245,1.161535,951
2026-06-05 02:15:00,1.161535,1.161665,1.16147,1.161615,744
2026-06-05 02:30:00,1.16159,1.161605,1.16135,1.161425,741
2026-06-05 02:45:00,1.16142,1.161545,1.16136,1.161405,670
2026-06-05 03:00:00,1.16141,1.1615,1.16137,1.161425,776
2026-06-05 03:15:00,1.161425,1.161575,1.161385,1.161465,649
2026-06-05 03:30:00,1.16147,1.16152,1.161385,1.161385,484
2026-06-05 03:45:00,1.1614,1.161495,1.161365,1.161495,421
2026-06-05 04:00:00,1.161495,1.16158,1.161435,1.16148,905
2026-06-05 04:15:00,1.161475,1.16166,1.16138,1.161385,907
2026-06-05 04:30:00,1.16139,1.161605,1.16139,1.16155,966
2026-06-05 04:45:00,1.161555,1.161715,1.161495,1.161605,799
2026-06-05 05:00:00,1.16161,1.16165,1.161485,1.161555,1019
2026-06-05 05:15:00,1.16156,1.16164,1.16153,1.1616,675
2026-06-05 05:30:00,1.161605,1.161945,1.1616,1.161705,751
2026-06-05 05:45:00,1.1617,1.16182,1.16154,1.161565,921
2026-06-05 06:00:00,1.16156,1.161605,1.161295,1.16149,1863
2026-06-05 06:15:00,1.161495,1.161805,1.161315,1.161795,1644
2026-06-05 06:30:00,1.16179,1.162195,1.161745,1.162185,1800
2026-06-05 06:45:00,1.16219,1.162285,1.16185,1.16223,1508
2026-06-05 07:00:00,1.162225,1.162725,1.162165,1.162615,2045
2026-06-05 07:15:00,1.162615,1.16302,1.1626,1.163015,1923
2026-06-05 07:30:00,1.16301,1.16372,1.16294,1.16332,2133
2026-06-05 07:45:00,1.163315,1.16361,1.1632,1.16321,1503
2026-06-05 08:00:00,1.163205,1.16395,1.163185,1.16394,1752
2026-06-05 08:15:00,1.163935,1.163985,1.163655,1.16379,1892
2026-06-05 08:30:00,1.163785,1.16398,1.16366,1.16378,1551
2026-06-05 08:45:00,1.163785,1.16391,1.16364,1.16367,1364
2026-06-05 09:00:00,1.163665,1.1644,1.163455,1.164225,2568
2026-06-05 09:15:00,1.164235,1.164445,1.16392,1.16395,2007
2026-06-05 09:30:00,1.163955,1.16404,1.163775,1.163845,1260
2026-06-05 09:45:00,1.16385,1.163975,1.163725,1.163875,1025
2026-06-05 10:00:00,1.163865,1.164045,1.16385,1.163995,1036
2026-06-05 10:15:00,1.164,1.164255,1.16393,1.164225,991
2026-06-05 10:30:00,1.16422,1.16443,1.164045,1.164115,1211
2026-06-05 10:45:00,1.164115,1.16426,1.16388,1.16404,898
2026-06-05 11:00:00,1.164035,1.16406,1.16354,1.1636,1211
2026-06-05 11:15:00,1.1636,1.16396,1.163535,1.1639,1390
2026-06-05 11:30:00,1.163895,1.163965,1.16344,1.163585,1644
2026-06-05 11:45:00,1.16359,1.164205,1.16356,1.16416,1578
2026-06-05 12:00:00,1.164155,1.164295,1.163865,1.16405,1903
2026-06-05 12:15:00,1.164055,1.16408,1.16348,1.16352,2299
2026-06-05 12:30:00,1.16354,1.163615,1.160535,1.16071,9888
2026-06-05 12:45:00,1.160715,1.16083,1.15863,1.15866,7042
2026-06-05 13:00:00,1.158665,1.15999,1.15841,1.159555,11436
2026-06-05 13:15:00,1.15955,1.159895,1.15839,1.15848,5238
2026-06-05 13:30:00,1.158485,1.15869,1.15768,1.15809,6862
2026-06-05 13:45:00,1.158095,1.158555,1.157185,1.157195,7020
2026-06-05 14:00:00,1.1572,1.15806,1.156105,1.15624,6949
2026-06-05 14:15:00,1.156235,1.15625,1.1554,1.155585,4877
2026-06-05 14:30:00,1.155595,1.15619,1.154955,1.155155,5078
2026-06-05 14:45:00,1.15515,1.156035,1.155145,1.155915,5099
2026-06-05 15:00:00,1.15591,1.15601,1.154615,1.15467,4525
2026-06-05 15:15:00,1.15467,1.155105,1.1544,1.154665,3417
2026-06-05 15:30:00,1.15467,1.154815,1.153465,1.153665,2931
2026-06-05 15:45:00,1.153665,1.153675,1.153155,1.153255,2513
2026-06-05 16:00:00,1.15326,1.153265,1.15264,1.152815,3623
2026-06-05 16:15:00,1.152805,1.15307,1.152325,1.152695,3462
2026-06-05 16:30:00,1.15269,1.15269,1.152245,1.15249,2370
2026-06-05 16:45:00,1.152485,1.15331,1.15246,1.153225,2467
2026-06-05 17:00:00,1.15323,1.15331,1.152675,1.15289,2445
2026-06-05 17:15:00,1.152895,1.152965,1.152605,1.152725,2281
2026-06-05 17:30:00,1.15272,1.152765,1.152225,1.15226,1905
2026-06-05 17:45:00,1.152265,1.15255,1.151935,1.15243,2269
2026-06-05 18:00:00,1.152425,1.152525,1.15195,1.15211,2289
2026-06-05 18:15:00,1.152105,1.1526,1.15203,1.15225,2156
2026-06-05 18:30:00,1.15224,1.15269,1.152195,1.152315,1748
2026-06-05 18:45:00,1.15231,1.152905,1.1521,1.152295,2581
2026-06-05 19:00:00,1.15229,1.15236,1.15188,1.152,1850
2026-06-05 19:15:00,1.151995,1.15225,1.15184,1.152195,1486
2026-06-05 19:30:00,1.15219,1.152495,1.152055,1.15242,1260
2026-06-05 19:45:00,1.152415,1.15275,1.152365,1.152525,1468
2026-06-05 20:00:00,1.15253,1.152545,1.1518,1.15182,1003
2026-06-05 20:15:00,1.15182,1.152415,1.151805,1.152365,554
2026-06-05 20:30:00,1.15237,1.15262,1.152175,1.152255,859
2026-06-05 20:45:00,1.15226,1.15252,1.15189,1.152205,1603
