timestamp,open,high,low,close,volume
2026-02-28 08:00:00,185.923045,186.197005,185.920855,186.168995,0
2026-02-28 09:00:00,186.168765,186.482305,186.051465,186.306985,0
2026-02-28 10:00:00,186.307145,186.573985,186.179655,186.498775,0
2026-02-28 11:00:00,186.498855,186.806855,186.468305,186.778905,0
2026-02-28 12:00:00,186.779545,187.333795,186.755245,187.202155,0
2026-02-28 13:00:00,187.202995,187.235665,186.696765,186.787765,0
2026-02-28 14:00:00,186.787735,186.937865,186.658325,186.907075,0
2026-02-28 15:00:00,186.907045,187.134645,186.738135,186.900595,0
2026-02-28 16:00:00,186.898985,186.981205,186.544685,186.857595,0
2026-02-28 17:00:00,186.857305,186.901915,186.546485,186.712985,0
2026-02-28 18:00:00,186.711895,187.158905,186.562445,186.716395,0
2026-02-28 19:00:00,186.717265,187.144885,186.640025,187.129465,0
2026-02-28 20:00:00,187.132555,187.391365,187.059405,187.087505,0
2026-02-28 21:00:00,187.085295,187.349815,186.876485,187.244135,0
2026-02-28 22:00:00,187.243945,187.612655,186.965605,187.173715,0
2026-02-28 23:00:00,187.172115,187.223805,186.795655,187.215905,0
2026-03-01 00:00:00,187.219615,187.555025,187.174505,187.349315,0
2026-03-01 01:00:00,187.348935,187.568465,186.971795,187.456295,0
2026-03-01 02:00:00,187.461915,187.569685,187.251095,187.392145,0
2026-03-01 03:00:00,187.394605,187.944075,187.380285,187.876575,0
2026-03-01 04:00:00,187.878975,187.879945,187.473795,187.838345,0
2026-03-01 05:00:00,187.838455,188.086425,187.747915,187.819855,0
2026-03-01 06:00:00,187.819035,187.838705,187.373565,187.489895,0
2026-03-01 07:00:00,187.487385,187.696825,187.344375,187.692295,0
2026-03-01 08:00:00,187.692755,187.868905,187.470745,187.555315,0
2026-03-01 09:00:00,187.556135,187.784865,187.308105,187.377935,0
2026-03-01 10:00:00,187.375705,187.655085,186.996735,187.077175,0
2026-03-01 11:00:00,187.076305,187.728125,186.993605,187.605735,0
2026-03-01 12:00:00,187.606955,187.733525,187.397315,187.435645,0
2026-03-01 13:00:00,187.434815,187.501355,186.794815,186.828765,0
2026-03-01 14:00:00,186.823345,187.094345,186.774605,186.951445,0
2026-03-01 15:00:00,186.952845,186.990145,186.709415,186.935885,0
2026-03-01 16:00:00,186.931235,186.965435,186.290525,186.338935,0
2026-03-01 17:00:00,186.338465,186.510915,186.123585,186.182995,0
2026-03-01 18:00:00,186.187395,186.529035,186.157485,186.354465,0
2026-03-01 19:00:00,186.357705,186.362595,185.720725,185.800535,0
2026-03-01 20:00:00,185.804575,185.983315,185.687135,185.815985,0
2026-03-01 21:00:00,185.817025,186.012245,185.653695,185.979315,0
2026-03-01 22:00:00,185.979395,186.025855,185.632925,185.782345,0
2026-03-01 23:00:00,185.772835,186.309895,185.743645,186.081665,0
2026-03-02 00:00:00,186.081705,186.272035,185.972705,186.045395,0
2026-03-02 01:00:00,186.045895,186.295425,185.943395,186.218755,0
2026-03-02 02:00:00,186.219215,186.792085,186.116025,186.604575,0
2026-03-02 03:00:00,186.601765,186.694295,186.359575,186.560095,0
2026-03-02 04:00:00,186.560095,186.560095,184.268815,184.442965,0
2026-03-02 05:00:00,184.442435,184.559225,184.190705,184.239255,0
2026-03-02 06:00:00,184.239975,184.389035,184.191685,184.316375,0
2026-03-02 07:00:00,184.317715,184.531875,184.112585,184.319365,0
2026-03-02 08:00:00,184.319435,184.367125,183.773015,184.025365,0
2026-03-02 09:00:00,184.026175,184.214315,183.617355,183.686435,0
2026-03-02 10:00:00,183.690355,183.926935,183.460915,183.776515,0
2026-03-02 11:00:00,183.776005,183.943075,183.665235,183.915275,0
2026-03-02 12:00:00,183.914295,184.054265,183.747095,183.957875,0
2026-03-02 13:00:00,183.958045,184.165965,183.803785,184.117815,0
2026-03-02 14:00:00,184.118225,184.221405,183.801565,183.841215,0
2026-03-02 15:00:00,183.843495,184.383025,183.796315,184.150015,0
2026-03-02 16:00:00,184.149515,184.301685,183.891025,184.056465,0
2026-03-02 17:00:00,184.054275,184.075985,183.802655,183.873625,0
2026-03-02 18:00:00,183.872835,184.340135,183.674075,184.300305,0
2026-03-02 19:00:00,184.298735,184.378545,183.750595,183.751225,0
2026-03-02 20:00:00,183.759045,183.853675,183.610615,183.706195,0
2026-03-02 21:00:00,183.706915,183.743015,183.353345,183.355755,0
2026-03-02 22:00:00,183.354925,183.556875,183.187005,183.499185,0
2026-03-02 23:00:00,183.499135,183.732155,183.373165,183.441875,0
2026-03-03 00:00:00,183.441065,183.744415,183.419045,183.716505,0
2026-03-03 01:00:00,183.718105,184.053295,183.621035,183.818985,0
2026-03-03 02:00:00,183.819745,183.961065,183.605825,183.786435,0
2026-03-03 03:00:00,183.785755,183.857525,183.594775,183.685115,0
2026-03-03 04:00:00,183.684145,183.700355,183.344015,183.483085,0
2026-03-03 05:00:00,183.480005,183.819045,183.366225,183.384595,0
2026-03-03 06:00:00,183.385765,183.420635,182.973735,183.022075,0
2026-03-03 07:00:00,183.023195,183.191125,182.816725,183.108585,0
2026-03-03 08:00:00,183.106175,183.389965,182.848625,183.376565,0
2026-03-03 09:00:00,183.374675,183.581855,183.069525,183.200595,0
2026-03-03 10:00:00,183.200605,183.203115,182.634565,182.690415,0
2026-03-03 11:00:00,182.690255,182.752525,182.449855,182.555345,0
2026-03-03 12:00:00,182.554655,182.568865,182.249845,182.559515,0
2026-03-03 13:00:00,182.558025,182.768845,182.085525,182.197055,0
2026-03-03 14:00:00,182.197315,182.226645,181.668295,181.687135,0
2026-03-03 15:00:00,181.684745,181.766025,181.378525,181.391945,0
2026-03-03 16:00:00,181.393475,181.517435,181.282665,181.385285,0
2026-03-03 17:00:00,181.385635,181.947315,181.358895,181.859905,0
2026-03-03 18:00:00,181.859135,181.977915,181.621325,181.700045,0
2026-03-03 19:00:00,181.702935,181.812305,181.459365,181.742675,0
2026-03-03 20:00:00,181.742415,181.956765,181.581925,181.745825,0
2026-03-03 21:00:00,181.745025,181.879845,181.162315,181.276965,0
2026-03-03 22:00:00,181.275115,181.497245,181.071785,181.440795,0
2026-03-03 23:00:00,181.438275,181.729295,181.378625,181.593765,0
2026-03-04 00:00:00,181.594525,181.614045,181.079125,181.345145,0
2026-03-04 01:00:00,181.340335,181.443355,181.112455,181.361205,0
2026-03-04 02:00:00,181.365365,181.490045,180.975675,181.309845,0
2026-03-04 03:00:00,181.308175,181.348715,180.958325,181.132855,0
2026-03-04 04:00:00,181.132855,182.730435,181.132855,182.532705,0
2026-03-04 05:00:00,182.528515,183.064555,182.419815,183.036725,0
2026-03-04 06:00:00,183.035595,183.249635,182.884605,183.203395,0
2026-03-04 07:00:00,183.203835,183.381935,182.981535,183.170705,0
2026-03-04 08:00:00,183.171055,183.266205,182.845965,182.864185,0
2026-03-04 09:00:00,182.874385,183.188045,182.819735,183.132115,0
2026-03-04 10:00:00,183.132335,183.169375,182.753155,182.883985,0
2026-03-04 11:00:00,182.889505,183.009465,182.552745,182.599865,0
2026-03-04 12:00:00,182.599475,182.916125,182.473915,182.709015,0
2026-03-04 13:00:00,182.708605,182.830015,182.487605,182.623885,0
2026-03-04 14:00:00,182.622375,182.710075,182.388815,182.684715,0
2026-03-04 15:00:00,182.683695,182.889495,182.570635,182.703155,0
2026-03-04 16:00:00,182.705965,183.001075,182.581225,182.631945,0
2026-03-04 17:00:00,182.624645,182.803945,182.564425,182.609585,0
2026-03-04 18:00:00,182.606085,182.816615,182.561615,182.629335,0
2026-03-04 19:00:00,182.629825,182.749085,182.538235,182.700945,0
2026-03-04 20:00:00,182.701225,182.732275,182.226165,182.270225,0
2026-03-04 21:00:00,182.270065,182.735815,182.158905,182.719895,0
2026-03-04 22:00:00,182.738805,182.777935,182.448085,182.683275,0
2026-03-04 23:00:00,182.689005,183.017055,182.686615,182.702355,0
2026-03-05 00:00:00,182.704615,183.061275,182.650685,182.662805,0
2026-03-05 01:00:00,182.664895,183.425875,182.623075,183.337795,0
2026-03-05 02:00:00,183.337435,183.591135,183.268845,183.374765,0
2026-03-05 03:00:00,183.374485,183.474235,183.032305,183.206845,0
2026-03-05 04:00:00,183.203275,183.633235,183.192875,183.628485,0
2026-03-05 05:00:00,183.627535,183.703915,183.422395,183.666145,0
2026-03-05 06:00:00,183.664575,183.738765,183.137775,183.177645,0
2026-03-05 07:00:00,183.177655,183.625245,183.160575,183.518285,0
2026-03-05 08:00:00,183.521035,183.546485,183.076355,183.286785,0
2026-03-05 09:00:00,183.285355,183.547855,183.226265,183.313305,0
2026-03-05 10:00:00,183.314065,183.400735,183.006895,183.098535,0
2026-03-05 11:00:00,183.097755,183.278735,182.709485,182.831845,0
2026-03-05 12:00:00,182.831575,182.922645,182.599545,182.873945,0
2026-03-05 13:00:00,182.874025,183.031115,182.660505,182.794665,0
2026-03-05 14:00:00,182.793895,183.037235,182.710765,182.763435,0
2026-03-05 15:00:00,182.763625,183.374765,182.753285,183.335225,0
2026-03-05 16:00:00,183.335915,183.677505,183.252075,183.539225,0
2026-03-05 17:00:00,183.538275,183.713725,183.405185,183.422605,0
2026-03-05 18:00:00,183.423595,183.577485,183.225335,183.380335,0
2026-03-05 19:00:00,183.377705,183.535695,183.269695,183.362935,0
2026-03-05 20:00:00,183.364395,183.446025,183.059975,183.429765,0
2026-03-05 21:00:00,183.432945,183.512805,183.301655,183.458255,0
2026-03-05 22:00:00,183.455465,183.621175,183.292335,183.429895,0
2026-03-05 23:00:00,183.429685,183.546515,183.252605,183.331485,0
2026-03-06 00:00:00,183.333975,183.578745,183.207215,183.297865,0
2026-03-06 01:00:00,183.292695,183.381545,182.884615,182.929335,0
2026-03-06 02:00:00,182.929465,183.144995,182.623435,183.122905,0
2026-03-06 03:00:00,183.121885,183.406625,183.018465,183.398695,0
2026-03-06 04:00:00,183.398695,183.398695,182.308145,182.308145,0
2026-03-06 05:00:00,182.300755,182.418745,181.794415,182.027875,0
2026-03-06 06:00:00,182.025795,182.462975,182.000225,182.333955,0
2026-03-06 07:00:00,182.333375,182.352555,181.941245,182.053055,0
2026-03-06 08:00:00,182.052635,182.280985,181.777815,182.239725,0
2026-03-06 09:00:00,182.240445,182.334925,181.840715,181.984565,0
2026-03-06 10:00:00,181.985575,182.139425,181.609305,181.778825,0
2026-03-06 11:00:00,181.780295,182.077965,181.740085,181.998695,0
2026-03-06 12:00:00,181.998415,182.194225,181.737585,181.836135,0
2026-03-06 13:00:00,181.836425,182.036585,181.719955,181.825335,0
2026-03-06 14:00:00,181.825495,181.837095,181.406905,181.485765,0
2026-03-06 15:00:00,181.485015,181.506845,181.110375,181.444075,0
2026-03-06 16:00:00,181.445425,181.591485,181.335345,181.527915,0
2026-03-06 17:00:00,181.527685,181.756455,181.301785,181.564235,0
2026-03-06 18:00:00,181.564355,181.958405,181.252295,181.305035,0
2026-03-06 19:00:00,181.299935,181.611675,181.068715,181.468935,0
2026-03-06 20:00:00,181.470325,181.671795,181.271475,181.664555,0
2026-03-06 21:00:00,181.664595,181.762005,181.525195,181.627165,0
2026-03-06 22:00:00,181.621335,181.809525,181.473055,181.703755,0
2026-03-06 23:00:00,181.704875,182.130535,181.698285,182.033475,0
2026-03-07 00:00:00,182.034325,182.268925,181.920345,182.051395,0
2026-03-07 01:00:00,182.051065,182.062415,181.585635,181.710465,0
2026-03-07 02:00:00,181.710675,181.859985,181.530425,181.805355,0
2026-03-07 03:00:00,181.804575,181.902475,181.676575,181.880245,0
2026-03-07 04:00:00,181.884945,181.916005,181.397875,181.740235,0
2026-03-07 05:00:00,181.737925,181.871285,181.286625,181.286625,0
2026-03-07 06:00:00,181.290435,181.411435,180.945775,181.225555,0
2026-03-07 07:00:00,181.225665,181.288935,180.996275,181.119795,0
2026-03-07 08:00:00,181.119625,181.370235,180.894245,180.928805,0
2026-03-07 09:00:00,180.923625,181.212405,180.864285,180.982865,0
2026-03-07 10:00:00,180.983105,181.026665,180.553455,180.575315,0
2026-03-07 11:00:00,180.575905,180.760145,180.354625,180.415625,0
2026-03-07 12:00:00,180.419985,180.538475,179.924115,180.002495,0
2026-03-07 13:00:00,180.003055,180.008635,179.713015,179.854635,0
2026-03-07 14:00:00,179.857265,180.041745,179.803455,179.962045,0
2026-03-07 15:00:00,179.962675,179.986965,179.605895,179.827285,0
2026-03-07 16:00:00,179.820775,180.107545,179.674785,179.693205,0
2026-03-07 17:00:00,179.697175,179.860215,179.464415,179.607925,0
2026-03-07 18:00:00,179.609255,179.889375,179.564735,179.865915,0
2026-03-07 19:00:00,179.867095,180.277195,179.779575,180.215445,0
2026-03-07 20:00:00,180.214995,180.270475,180.016045,180.112555,0
2026-03-07 21:00:00,180.113375,180.171645,179.764815,179.875105,0
2026-03-07 22:00:00,179.875405,180.032655,179.776155,179.866505,0
2026-03-07 23:00:00,179.865375,180.307435,179.738465,180.307435,0
2026-03-08 00:00:00,180.306035,180.548125,180.154795,180.243375,0
2026-03-08 01:00:00,180.245045,180.313935,180.005415,180.059785,0
2026-03-08 02:00:00,180.060465,180.302935,179.993695,180.099605,0
2026-03-08 03:00:00,180.098695,180.490065,179.897045,180.326765,0
2026-03-08 04:00:00,180.327485,180.592165,180.296875,180.515475,0
2026-03-08 05:00:00,180.514515,180.591975,180.134065,180.141105,0
2026-03-08 06:00:00,180.145565,180.457805,180.068165,180.419155,0
2026-03-08 07:00:00,180.422275,180.626335,180.100315,180.119745,0
2026-03-08 08:00:00,180.119985,180.319635,179.985065,180.197115,0
2026-03-08 09:00:00,180.196675,180.215125,179.861655,180.047245,0
2026-03-08 10:00:00,180.046675,180.190385,179.633815,179.647725,0
2026-03-08 11:00:00,179.647665,180.130955,179.612965,180.075055,0
2026-03-08 12:00:00,180.074275,180.081265,179.489905,179.601165,0
2026-03-08 13:00:00,179.602735,179.962375,179.587575,179.923855,0
2026-03-08 14:00:00,179.923955,180.270425,179.788965,180.078675,0
2026-03-08 15:00:00,180.078955,180.092285,179.622275,179.662845,0
2026-03-08 16:00:00,179.665365,180.044785,179.618245,179.900125,0
2026-03-08 17:00:00,179.899825,179.930315,179.647815,179.808945,0
2026-03-08 18:00:00,179.809185,180.027505,179.741465,179.797305,0
2026-03-08 19:00:00,179.798685,179.855995,179.563535,179.769865,0
2026-03-08 20:00:00,179.760605,179.844525,179.606515,179.668145,0
2026-03-08 21:00:00,179.668245,179.933345,179.665935,179.888965,0
2026-03-08 22:00:00,179.892375,179.961775,179.543045,179.764125,0
2026-03-08 23:00:00,179.764555,179.929685,179.402885,179.686585,0
2026-03-09 00:00:00,179.686715,179.730035,179.400965,179.414015,0
2026-03-09 01:00:00,179.414425,179.784225,179.337695,179.626025,0
2026-03-09 02:00:00,179.626215,179.656685,179.120815,179.539915,0
2026-03-09 03:00:00,179.540355,179.879585,179.382705,179.762125,0
2026-03-09 04:00:00,179.762125,183.137195,179.762125,182.565275,0
2026-03-09 05:00:00,182.567465,182.864265,182.547045,182.626485,0
2026-03-09 06:00:00,182.632285,183.069615,182.613955,183.052485,0
2026-03-09 07:00:00,183.054165,183.151305,182.837405,183.018425,0
2026-03-09 08:00:00,183.021015,183.119855,182.562075,182.830195,0
2026-03-09 09:00:00,182.826075,183.071805,182.729075,183.022905,0
2026-03-09 10:00:00,183.021875,183.473995,182.943455,183.365045,0
2026-03-09 11:00:00,183.364305,183.706645,183.161635,183.449225,0
2026-03-09 12:00:00,183.448915,183.706095,183.376525,183.430975,0
2026-03-09 13:00:00,183.428095,183.786995,183.383435,183.639585,0
2026-03-09 14:00:00,183.631965,183.784835,183.467775,183.655175,0
2026-03-09 15:00:00,183.655885,183.911455,183.437885,183.763035,0
2026-03-09 16:00:00,183.765165,183.815865,183.453745,183.485225,0
2026-03-09 17:00:00,183.485295,183.615295,183.207185,183.469005,0
2026-03-09 18:00:00,183.472645,183.658215,183.128675,183.464035,0
2026-03-09 19:00:00,183.464025,183.476965,183.187355,183.441435,0
2026-03-09 20:00:00,183.444385,183.868535,183.373865,183.849705,0
2026-03-09 21:00:00,183.852015,183.988345,183.664555,183.880405,0
2026-03-09 22:00:00,183.878745,184.358665,183.849185,184.322645,0
2026-03-09 23:00:00,184.326595,184.493845,184.166655,184.244145,0
2026-03-10 00:00:00,184.244185,184.454275,184.190135,184.324845,0
2026-03-10 01:00:00,184.317935,184.584585,184.262375,184.516435,0
2026-03-10 02:00:00,184.516125,184.746155,184.258495,184.343735,0
2026-03-10 03:00:00,184.337885,184.800335,184.218345,184.608505,0
2026-03-10 04:00:00,184.608115,184.729115,184.393475,184.486075,0
2026-03-10 05:00:00,184.486525,184.566045,184.194965,184.495185,0
2026-03-10 06:00:00,184.493375,184.504665,184.027345,184.174705,0
2026-03-10 07:00:00,184.175295,184.467825,184.168175,184.361845,0
2026-03-10 08:00:00,184.360655,184.448405,184.032595,184.091225,0
2026-03-10 09:00:00,184.092025,184.120135,183.589235,183.656335,0
2026-03-10 10:00:00,183.655485,183.679155,183.429695,183.608925,0
2026-03-10 11:00:00,183.610085,183.843345,183.597065,183.704195,0
2026-03-10 12:00:00,183.703675,184.083045,183.682415,183.905485,0
2026-03-10 13:00:00,183.899795,183.928925,183.437645,183.451385,0
2026-03-10 14:00:00,183.452045,183.665215,183.266395,183.590895,0
2026-03-10 15:00:00,183.589025,183.777565,183.295465,183.482205,0
2026-03-10 16:00:00,183.479455,183.554415,183.291905,183.477275,0
2026-03-10 17:00:00,183.473905,183.622005,183.183795,183.335665,0
2026-03-10 18:00:00,183.336015,183.344045,183.001275,183.167795,0
2026-03-10 19:00:00,183.166865,183.599185,183.138735,183.469085,0
2026-03-10 20:00:00,183.470235,183.762815,183.424485,183.725365,0
2026-03-10 21:00:00,183.727735,183.835115,183.417955,183.437935,0
2026-03-10 22:00:00,183.436425,183.704345,183.104125,183.244495,0
2026-03-10 23:00:00,183.247415,183.648395,183.241325,183.416535,0
2026-03-11 00:00:00,183.416115,183.687375,183.343215,183.474975,0
2026-03-11 01:00:00,183.477685,183.599165,183.151505,183.311705,0
2026-03-11 02:00:00,183.311215,183.540745,183.214115,183.463625,0
2026-03-11 03:00:00,183.462645,183.610955,183.084685,183.206395,0
2026-03-11 04:00:00,183.206395,184.287115,183.206395,184.109295,0
2026-03-11 05:00:00,184.110865,184.211305,183.866085,183.888355,0
2026-03-11 06:00:00,183.890875,184.284515,183.864495,183.948415,0
2026-03-11 07:00:00,183.949405,184.144485,183.866155,184.106905,0
2026-03-11 08:00:00,184.107315,184.233645,184.016495,184.199585,0
2026-03-11 09:00:00,184.193065,184.271575,183.801495,183.806885,0
2026-03-11 10:00:00,183.805935,183.899865,183.340205,183.393895,0
2026-03-11 11:00:00,183.390265,183.406755,183.179255,183.381465,0
2026-03-11 12:00:00,183.382255,183.654685,183.357745,183.612665,0
2026-03-11 13:00:00,183.609905,183.764785,183.508945,183.558745,0
2026-03-11 14:00:00,183.555965,183.874245,183.553225,183.873225,0
2026-03-11 15:00:00,183.873045,184.138855,183.748045,184.104915,0
2026-03-11 16:00:00,184.098245,184.342115,183.880945,183.996455,0
2026-03-11 17:00:00,183.998895,184.027065,183.629415,183.713705,0
2026-03-11 18:00:00,183.721255,184.069805,183.643145,183.997585,0
2026-03-11 19:00:00,183.996985,184.145405,183.887605,184.077135,0
2026-03-11 20:00:00,184.076115,184.517835,183.906825,184.517835,0
2026-03-11 21:00:00,184.517295,184.544915,183.994515,184.074035,0
2026-03-11 22:00:00,184.076805,184.281605,183.896445,183.931985,0
2026-03-11 23:00:00,183.932135,184.304395,183.894715,184.260715,0
2026-03-12 00:00:00,184.260885,184.974265,184.106235,184.896735,0
2026-03-12 01:00:00,184.900045,185.086745,184.602995,184.730005,0
2026-03-12 02:00:00,184.729875,185.028785,184.681155,184.842185,0
2026-03-12 03:00:00,184.841965,185.461565,184.825065,185.260095,0
2026-03-12 04:00:00,185.260465,185.495165,185.195135,185.364125,0
2026-03-12 05:00:00,185.363785,185.540515,185.110665,185.461965,0
2026-03-12 06:00:00,185.470115,185.559835,185.129955,185.275195,0
2026-03-12 07:00:00,185.277285,185.409375,185.144385,185.293535,0
2026-03-12 08:00:00,185.299335,185.483445,185.129705,185.253545,0
2026-03-12 09:00:00,185.254125,185.329895,184.722355,184.757635,0
2026-03-12 10:00:00,184.758245,184.976355,184.541215,184.570315,0
2026-03-12 11:00:00,184.570615,184.695055,184.218215,184.555035,0
2026-03-12 12:00:00,184.555455,184.604085,183.860945,183.861035,0
2026-03-12 13:00:00,183.861445,184.173775,183.836165,184.027075,0
2026-03-12 14:00:00,184.026805,184.428085,183.896905,184.376565,0
2026-03-12 15:00:00,184.382015,184.950925,184.307085,184.945525,0
2026-03-12 16:00:00,184.944985,185.239475,184.784915,185.168475,0
2026-03-12 17:00:00,185.166475,185.226015,184.871295,185.061535,0
2026-03-12 18:00:00,185.059685,185.335315,184.890175,185.056835,0
2026-03-12 19:00:00,185.055265,185.417395,184.951245,185.180035,0
2026-03-12 20:00:00,185.181095,185.434465,185.010995,185.031755,0
2026-03-12 21:00:00,185.033715,185.376785,184.956215,185.187735,0
2026-03-12 22:00:00,185.189445,185.226995,184.293605,184.380915,0
2026-03-12 23:00:00,184.380545,184.461645,184.114905,184.299415,0
2026-03-13 00:00:00,184.299665,184.818705,184.295415,184.696185,0
2026-03-13 01:00:00,184.697175,185.162485,184.606855,184.775965,0
2026-03-13 02:00:00,184.776475,184.820055,184.356705,184.457735,0
2026-03-13 03:00:00,184.453895,184.883635,184.444065,184.878815,0
2026-03-13 04:00:00,184.878815,184.878815,183.115765,183.289985,0
2026-03-13 05:00:00,183.289665,183.332515,182.882585,182.989445,0
2026-03-13 06:00:00,182.989655,183.089875,182.682625,182.936655,0
2026-03-13 07:00:00,182.935695,183.315305,182.670025,182.701785,0
2026-03-13 08:00:00,182.699465,182.828045,182.453595,182.469945,0
2026-03-13 09:00:00,182.468935,182.885255,182.424755,182.872325,0
2026-03-13 10:00:00,182.873545,182.977855,182.664675,182.977855,0
2026-03-13 11:00:00,182.978305,182.993475,182.751285,182.757005,0
2026-03-13 12:00:00,182.758775,182.803665,182.514435,182.575175,0
2026-03-13 13:00:00,182.580425,182.776415,182.452125,182.609325,0
2026-03-13 14:00:00,182.607465,182.640475,182.248815,182.364395,0
2026-03-13 15:00:00,182.364485,182.413515,182.002295,182.302335,0
2026-03-13 16:00:00,182.303405,182.533985,182.202515,182.276395,0
2026-03-13 17:00:00,182.280205,182.612955,182.129265,182.463665,0
2026-03-13 18:00:00,182.462695,182.527445,182.137425,182.327095,0
2026-03-13 19:00:00,182.328745,182.544225,182.136195,182.524325,0
2026-03-13 20:00:00,182.526075,182.538185,182.114115,182.259455,0
2026-03-13 21:00:00,182.258905,182.335575,181.912245,181.929365,0
2026-03-13 22:00:00,181.929265,181.957895,181.642215,181.684665,0
2026-03-13 23:00:00,181.685775,182.004865,181.637445,181.978345,0
2026-03-14 00:00:00,181.975955,182.058725,181.778345,181.972435,0
2026-03-14 01:00:00,181.972815,182.007965,181.690755,181.736745,0
2026-03-14 02:00:00,181.736355,182.168255,181.646775,182.134345,0
2026-03-14 03:00:00,182.134705,182.583365,182.107455,182.495085,0
2026-03-14 04:00:00,182.496005,182.946385,182.440775,182.682105,0
2026-03-14 05:00:00,182.683505,182.864685,182.581055,182.738605,0
2026-03-14 06:00:00,182.733065,182.789615,182.503815,182.787015,0
2026-03-14 07:00:00,182.786915,182.846105,182.522935,182.821735,0
2026-03-14 08:00:00,182.819215,182.866945,182.444445,182.444475,0
2026-03-14 09:00:00,182.442965,182.610525,182.051595,182.087795,0
2026-03-14 10:00:00,182.089405,182.123885,181.642215,181.646605,0
2026-03-14 11:00:00,181.646305,181.733655,181.376725,181.506735,0
2026-03-14 12:00:00,181.506035,181.599645,181.263005,181.380845,0
2026-03-14 13:00:00,181.382365,181.471055,181.049585,181.049585,0
2026-03-14 14:00:00,181.046795,181.069045,180.497485,180.755105,0
2026-03-14 15:00:00,180.755535,180.931355,180.702795,180.799785,0
2026-03-14 16:00:00,180.806055,180.878635,180.604405,180.690605,0
2026-03-14 17:00:00,180.687375,180.907365,180.399375,180.787755,0
2026-03-14 18:00:00,180.785335,181.082935,180.680535,180.718225,0
2026-03-14 19:00:00,180.723335,180.849415,180.462305,180.576875,0
2026-03-14 20:00:00,180.576665,180.882585,180.462775,180.834265,0
2026-03-14 21:00:00,180.834135,180.920085,180.550065,180.741695,0
2026-03-14 22:00:00,180.742145,180.746775,180.088905,180.238165,0
2026-03-14 23:00:00,180.236765,180.357245,179.947235,179.966285,0
2026-03-15 00:00:00,179.965405,180.416315,179.940585,180.364385,0
2026-03-15 01:00:00,180.365105,180.698325,180.169715,180.648275,0
2026-03-15 02:00:00,180.648415,181.386315,180.611285,181.384745,0
2026-03-15 03:00:00,181.386655,182.151525,181.349665,182.065645,0
2026-03-15 04:00:00,182.065385,182.489875,182.054195,182.275605,0
2026-03-15 05:00:00,182.276465,182.697645,182.260045,182.384055,0
2026-03-15 06:00:00,182.384875,182.417285,181.975645,182.071475,0
2026-03-15 07:00:00,182.070955,182.598955,182.056005,182.309195,0
2026-03-15 08:00:00,182.302185,182.656945,182.278335,182.323165,0
2026-03-15 09:00:00,182.323985,182.704335,182.303755,182.627175,0
2026-03-15 10:00:00,182.628765,182.779425,182.462045,182.700925,0
2026-03-15 11:00:00,182.700845,182.828615,182.533595,182.698355,0
2026-03-15 12:00:00,182.695705,182.835535,182.542425,182.813515,0
2026-03-15 13:00:00,182.812295,182.974285,182.645305,182.893965,0
2026-03-15 14:00:00,182.892655,182.962365,182.557355,182.944845,0
2026-03-15 15:00:00,182.946345,182.969115,182.703085,182.827085,0
2026-03-15 16:00:00,182.827355,182.830885,182.143215,182.207845,0
2026-03-15 17:00:00,182.208695,182.567935,182.095175,182.095765,0
2026-03-15 18:00:00,182.096095,182.329795,181.991075,182.278345,0
2026-03-15 19:00:00,182.273845,182.419295,182.039475,182.281685,0
2026-03-15 20:00:00,182.281175,182.894465,182.235645,182.664545,0
2026-03-15 21:00:00,182.664835,182.873945,182.519455,182.723495,0
2026-03-15 22:00:00,182.719965,182.749245,182.368305,182.582175,0
2026-03-15 23:00:00,182.582835,182.896615,182.528065,182.895255,0
2026-03-16 00:00:00,182.893805,183.413425,182.889025,182.992395,0
2026-03-16 01:00:00,182.991615,183.311275,182.962195,182.984725,0
2026-03-16 02:00:00,182.985255,183.056375,182.732275,182.943575,0
2026-03-16 03:00:00,182.942145,183.285655,182.929265,183.176555,0
2026-03-16 04:00:00,183.176555,183.176555,182.526735,182.952665,0
2026-03-16 05:00:00,182.949725,183.027185,182.717075,182.968275,0
2026-03-16 06:00:00,182.969885,183.146335,182.698565,182.985675,0
2026-03-16 07:00:00,182.985975,183.066725,182.610435,182.900865,0
2026-03-16 08:00:00,182.901575,183.306015,182.854285,183.066865,0
2026-03-16 09:00:00,183.065005,183.250485,182.539875,182.598735,0
2026-03-16 10:00:00,182.595805,182.826455,182.547795,182.821635,0
2026-03-16 11:00:00,182.819335,182.872435,182.441325,182.542605,0
2026-03-16 12:00:00,182.543555,182.968615,182.506815,182.936515,0
2026-03-16 13:00:00,182.933985,183.186605,182.748025,183.039595,0
2026-03-16 14:00:00,183.038205,183.168975,182.937665,183.091565,0
2026-03-16 15:00:00,183.090935,183.229445,182.735395,183.148655,0
2026-03-16 16:00:00,183.148745,183.312855,182.764555,182.806695,0
2026-03-16 17:00:00,182.806705,183.148925,182.636395,182.946465,0
2026-03-16 18:00:00,182.946545,182.959155,182.411475,182.507415,0
2026-03-16 19:00:00,182.507365,182.918805,182.486995,182.587885,0
2026-03-16 20:00:00,182.587465,182.782025,182.511875,182.603555,0
2026-03-16 21:00:00,182.606005,182.789075,182.489635,182.652975,0
2026-03-16 22:00:00,182.652445,182.740945,182.282895,182.343405,0
2026-03-16 23:00:00,182.349315,182.858745,182.346935,182.824225,0
2026-03-17 00:00:00,182.824335,183.157405,182.786535,182.861195,0
2026-03-17 01:00:00,182.861835,183.072875,182.648695,182.793245,0
2026-03-17 02:00:00,182.792895,182.998265,182.433845,182.590435,0
2026-03-17 03:00:00,182.589835,182.972715,182.543025,182.953695,0
2026-03-17 04:00:00,182.954705,182.957615,182.387645,182.507525,0
2026-03-17 05:00:00,182.501855,182.761435,182.484325,182.576585,0
2026-03-17 06:00:00,182.579865,182.628445,182.146985,182.187315,0
2026-03-17 07:00:00,182.186775,182.370525,182.079795,182.322045,0
2026-03-17 08:00:00,182.317285,182.451095,182.013715,182.118415,0
2026-03-17 09:00:00,182.119335,182.433575,181.888985,182.422755,0
2026-03-17 10:00:00,182.425745,182.994955,182.407805,182.888895,0
2026-03-17 11:00:00,182.887995,183.335145,182.820955,183.163295,0
2026-03-17 12:00:00,183.160965,183.205925,182.654225,182.685445,0
2026-03-17 13:00:00,182.685395,182.998995,182.685395,182.998995,0
2026-03-17 14:00:00,182.998825,183.628495,182.898925,183.557995,0
2026-03-17 15:00:00,183.559825,183.622005,183.244115,183.261175,0
2026-03-17 16:00:00,183.261085,183.389315,183.013325,183.153685,0
2026-03-17 17:00:00,183.154055,183.285235,182.986635,183.258305,0
2026-03-17 18:00:00,183.258315,183.312595,182.710945,182.771745,0
2026-03-17 19:00:00,182.771205,182.937745,182.645525,182.790735,0
2026-03-17 20:00:00,182.795085,183.078925,182.736445,182.760145,0
2026-03-17 21:00:00,182.759855,182.793925,182.463645,182.750355,0
2026-03-17 22:00:00,182.747665,183.040205,182.678775,182.981865,0
2026-03-17 23:00:00,182.980185,183.365455,182.859395,183.227925,0
2026-03-18 00:00:00,183.227425,183.593045,183.151995,183.395595,0
2026-03-18 01:00:00,183.399465,183.573105,182.803115,182.894295,0
2026-03-18 02:00:00,182.897555,182.906475,182.570915,182.634955,0
2026-03-18 03:00:00,182.634915,183.075795,182.485465,182.902365,0
2026-03-18 04:00:00,182.902365,183.734675,182.902365,183.394625,0
2026-03-18 05:00:00,183.396435,183.460665,183.029625,183.144375,0
2026-03-18 06:00:00,183.144785,183.168645,182.743925,182.771145,0
2026-03-18 07:00:00,182.771405,182.932535,182.667685,182.870115,0
2026-03-18 08:00:00,182.870775,183.005905,182.560555,182.744455,0
2026-03-18 09:00:00,182.744195,183.369985,182.738095,183.177255,0
2026-03-18 10:00:00,183.176715,183.424515,183.139785,183.347645,0
2026-03-18 11:00:00,183.347245,183.902195,183.312875,183.711875,0
2026-03-18 12:00:00,183.708205,183.732565,183.286695,183.365665,0
2026-03-18 13:00:00,183.364845,183.703025,183.356995,183.522055,0
2026-03-18 14:00:00,183.522385,183.640065,183.142705,183.317855,0
2026-03-18 15:00:00,183.317995,183.526995,183.167045,183.297235,0
2026-03-18 16:00:00,183.295135,183.456485,183.147675,183.301995,0
2026-03-18 17:00:00,183.301835,183.353265,183.044135,183.175895,0
2026-03-18 18:00:00,183.173705,183.536595,182.926075,182.991125,0
2026-03-18 19:00:00,182.990175,183.114865,182.827255,182.873855,0
2026-03-18 20:00:00,182.877265,183.370025,182.831585,183.324455,0
2026-03-18 21:00:00,183.325765,183.605655,183.210365,183.298905,0
2026-03-18 22:00:00,183.298015,183.787725,183.283505,183.641945,0
2026-03-18 23:00:00,183.642925,183.871645,183.493835,183.769295,0
2026-03-19 00:00:00,183.769645,183.974355,183.594875,183.629495,0
2026-03-19 01:00:00,183.629195,184.137415,183.517345,183.949635,0
2026-03-19 02:00:00,183.948465,184.187435,183.782335,183.922905,0
2026-03-19 03:00:00,183.923285,183.966125,183.439475,183.605605,0
2026-03-19 04:00:00,183.606995,183.969645,183.454425,183.598485,0
2026-03-19 05:00:00,183.599105,184.117365,183.522255,184.063165,0
2026-03-19 06:00:00,184.063515,184.074295,183.805805,183.876115,0
2026-03-19 07:00:00,183.875535,184.223535,183.786585,184.168565,0
2026-03-19 08:00:00,184.168975,184.219655,183.819705,183.961185,0
2026-03-19 09:00:00,183.961335,184.309375,183.865595,183.942465,0
2026-03-19 10:00:00,183.936775,184.037525,183.604255,183.746725,0
2026-03-19 11:00:00,183.746865,184.012225,183.455335,183.465765,0
2026-03-19 12:00:00,183.464705,183.472855,183.120685,183.265985,0
2026-03-19 13:00:00,183.265755,183.859115,183.263655,183.801805,0
2026-03-19 14:00:00,183.801745,183.821345,183.423305,183.469885,0
2026-03-19 15:00:00,183.469875,183.704615,183.294465,183.565145,0
2026-03-19 16:00:00,183.564995,183.592455,183.078405,183.163155,0
2026-03-19 17:00:00,183.163385,183.193355,182.831805,183.048485,0
2026-03-19 18:00:00,183.047445,183.088445,182.749005,182.783115,0
2026-03-19 19:00:00,182.783045,183.076655,182.664935,183.044765,0
2026-03-19 20:00:00,183.047205,183.181795,182.896615,183.176235,0
2026-03-19 21:00:00,183.176405,183.189635,182.618595,182.894405,0
2026-03-19 22:00:00,182.894775,183.090795,182.512925,183.052175,0
2026-03-19 23:00:00,183.052425,183.082175,182.589005,182.745785,0
2026-03-20 00:00:00,182.745305,182.899455,182.533635,182.899455,0
2026-03-20 01:00:00,182.902245,183.178175,182.762025,183.167425,0
2026-03-20 02:00:00,183.167145,183.322875,183.074975,183.127555,0
2026-03-20 03:00:00,183.125515,183.176815,182.651335,182.771165,0
2026-03-20 04:00:00,182.771165,183.090975,182.551945,182.702915,0
2026-03-20 05:00:00,182.701755,183.058005,182.583815,182.965515,0
2026-03-20 06:00:00,182.967115,183.055935,182.532055,182.605535,0
2026-03-20 07:00:00,182.604395,182.627785,182.060815,182.294705,0
2026-03-20 08:00:00,182.296015,182.314555,181.907525,182.139765,0
2026-03-20 09:00:00,182.139985,182.205245,181.512975,181.513615,0
2026-03-20 10:00:00,181.513975,181.962825,181.493325,181.929235,0
2026-03-20 11:00:00,181.930925,182.280215,181.907085,182.147715,0
2026-03-20 12:00:00,182.148085,182.771595,182.009285,182.694165,0
2026-03-20 13:00:00,182.694245,182.815925,182.524645,182.608955,0
2026-03-20 14:00:00,182.608925,182.625465,182.172935,182.228905,0
2026-03-20 15:00:00,182.238895,182.676735,182.232325,182.661295,0
2026-03-20 16:00:00,182.664975,182.864285,182.463655,182.587335,0
2026-03-20 17:00:00,182.587145,182.767805,182.355155,182.366675,0
2026-03-20 18:00:00,182.366295,182.371395,181.937945,182.203595,0
2026-03-20 19:00:00,182.205185,182.639135,182.144535,182.496635,0
2026-03-20 20:00:00,182.496755,182.723735,182.427845,182.629525,0
2026-03-20 21:00:00,182.629065,183.081825,182.619395,183.009935,0
2026-03-20 22:00:00,183.009205,183.013305,182.433145,182.537675,0
2026-03-20 23:00:00,182.541765,182.757145,182.487345,182.672895,0
2026-03-21 00:00:00,182.672495,182.973395,182.597295,182.636115,0
2026-03-21 01:00:00,182.635895,183.244945,182.583635,182.945135,0
2026-03-21 02:00:00,182.946985,183.113355,182.780105,182.984725,0
2026-03-21 03:00:00,182.986975,183.158155,182.919435,183.128305,0
2026-03-21 04:00:00,183.130845,183.437355,183.070365,183.374925,0
2026-03-21 05:00:00,183.373835,183.887585,183.211815,183.817545,0
2026-03-21 06:00:00,183.817855,184.058715,183.604715,183.903485,0
2026-03-21 07:00:00,183.903355,184.080345,183.646675,184.054005,0
2026-03-21 08:00:00,184.052785,184.506145,184.036005,184.486045,0
2026-03-21 09:00:00,184.485615,184.940225,184.456805,184.785865,0
2026-03-21 10:00:00,184.786385,184.856745,184.515085,184.775045,0
2026-03-21 11:00:00,184.775405,184.825365,184.362735,184.397465,0
2026-03-21 12:00:00,184.398385,184.588315,184.127365,184.142105,0
2026-03-21 13:00:00,184.144565,184.279015,183.883925,184.194005,0
2026-03-21 14:00:00,184.194485,184.254025,184.056585,184.134175,0
2026-03-21 15:00:00,184.134995,184.183235,183.788495,184.005105,0
2026-03-21 16:00:00,184.004715,184.304495,183.958515,184.134545,0
2026-03-21 17:00:00,184.135845,184.292865,183.962375,184.074535,0
2026-03-21 18:00:00,184.074415,184.498805,184.055675,184.293765,0
2026-03-21 19:00:00,184.293265,184.473965,183.961095,184.039705,0
2026-03-21 20:00:00,184.039375,184.332255,183.758985,183.941925,0
2026-03-21 21:00:00,183.940995,184.014175,183.634585,183.870745,0
2026-03-21 22:00:00,183.881655,183.906885,183.581735,183.622735,0
2026-03-21 23:00:00,183.622485,183.624665,183.297955,183.461815,0
2026-03-22 00:00:00,183.461605,183.513555,183.224635,183.458995,0
2026-03-22 01:00:00,183.455995,183.561575,183.228945,183.377795,0
2026-03-22 02:00:00,183.373935,183.685725,183.336285,183.672115,0
2026-03-22 03:00:00,183.671435,183.784555,183.476995,183.555175,0
2026-03-22 04:00:00,183.556625,184.094895,183.467315,184.091635,0
2026-03-22 05:00:00,184.091795,184.384575,184.088495,184.278705,0
2026-03-22 06:00:00,184.277875,184.586965,184.218965,184.396005,0
2026-03-22 07:00:00,184.394965,184.422325,183.855385,183.950975,0
2026-03-22 08:00:00,183.948765,184.087495,183.778725,184.027805,0
2026-03-22 09:00:00,184.026945,184.260555,183.943645,184.134975,0
2026-03-22 10:00:00,184.139965,184.267115,183.955475,184.134765,0
2026-03-22 11:00:00,184.138465,184.508125,184.091065,184.400235,0
2026-03-22 12:00:00,184.401485,184.569965,183.913115,183.961135,0
2026-03-22 13:00:00,183.960865,184.298735,183.885725,184.070645,0
2026-03-22 14:00:00,184.070535,184.290885,183.973435,184.215785,0
2026-03-22 15:00:00,184.216625,184.333645,183.985345,184.069295,0
2026-03-22 16:00:00,184.068775,184.457995,183.901305,184.453555,0
2026-03-22 17:00:00,184.449555,184.708365,184.305635,184.534805,0
2026-03-22 18:00:00,184.532245,184.709415,183.848295,184.052845,0
2026-03-22 19:00:00,184.052695,184.381465,183.992195,184.349245,0
2026-03-22 20:00:00,184.345545,184.792475,184.320695,184.418015,0
2026-03-22 21:00:00,184.416905,184.430865,183.876855,183.985325,0
2026-03-22 22:00:00,183.985055,184.298795,183.862645,183.899345,0
2026-03-22 23:00:00,183.899695,184.092035,183.748425,183.781985,0
2026-03-23 00:00:00,183.777465,184.351655,183.636225,184.220425,0
2026-03-23 01:00:00,184.219805,184.295785,183.941315,184.046395,0
2026-03-23 02:00:00,184.044365,184.162485,183.905215,184.153675,0
2026-03-23 03:00:00,184.151935,184.187775,183.539475,183.794675,0
2026-03-23 04:00:00,183.794675,184.337635,183.794675,184.208945,0
2026-03-23 05:00:00,184.207675,184.746575,184.086565,184.692065,0
2026-03-23 06:00:00,184.693495,185.278515,184.687485,185.224985,0
2026-03-23 07:00:00,185.226185,185.544055,185.193405,185.260075,0
2026-03-23 08:00:00,185.261585,185.301535,184.922315,184.936275,0
2026-03-23 09:00:00,184.938085,185.023455,184.657835,184.715365,0
2026-03-23 10:00:00,184.716185,184.810705,184.316115,184.362085,0
2026-03-23 11:00:00,184.362775,184.471945,183.971605,184.440685,0
2026-03-23 12:00:00,184.437875,184.469875,184.026745,184.086675,0
2026-03-23 13:00:00,184.077695,184.228435,183.943135,184.055735,0
2026-03-23 14:00:00,184.053755,184.433905,183.989175,184.269135,0
2026-03-23 15:00:00,184.269445,184.497635,184.195145,184.442095,0
2026-03-23 16:00:00,184.443365,184.754555,184.269925,184.579625,0
2026-03-23 17:00:00,184.580285,184.687995,184.161635,184.548505,0
2026-03-23 18:00:00,184.548405,184.716915,184.271295,184.347225,0
2026-03-23 19:00:00,184.346745,184.614965,184.301575,184.377545,0
2026-03-23 20:00:00,184.376585,184.437755,184.036125,184.085225,0
2026-03-23 21:00:00,184.085195,184.092045,183.478015,183.600885,0
2026-03-23 22:00:00,183.599905,183.628815,182.957395,183.239565,0
2026-03-23 23:00:00,183.241555,183.389215,183.076455,183.348115,0
2026-03-24 00:00:00,183.348495,183.547505,183.200215,183.326705,0
2026-03-24 01:00:00,183.334725,183.344555,182.986095,183.060685,0
2026-03-24 02:00:00,183.061205,183.113005,182.758335,182.961275,0
2026-03-24 03:00:00,182.960825,183.083625,182.719675,182.735705,0
2026-03-24 04:00:00,182.734035,182.740355,182.335065,182.412645,0
2026-03-24 05:00:00,182.412465,182.428125,181.748695,181.820445,0
2026-03-24 06:00:00,181.827735,182.032275,181.588585,181.693205,0
2026-03-24 07:00:00,181.692335,181.692925,181.199635,181.497925,0
2026-03-24 08:00:00,181.498475,181.582145,181.251005,181.368905,0
2026-03-24 09:00:00,181.364765,181.622675,181.251265,181.405135,0
2026-03-24 10:00:00,181.405145,181.536585,181.219625,181.526065,0
2026-03-24 11:00:00,181.528095,181.627065,181.301275,181.623805,0
2026-03-24 12:00:00,181.622985,181.823635,181.422665,181.555955,0
2026-03-24 13:00:00,181.554585,181.613345,181.235605,181.304895,0
2026-03-24 14:00:00,181.305385,181.455295,181.076325,181.276545,0
2026-03-24 15:00:00,181.273085,181.701715,181.234155,181.334835,0
2026-03-24 16:00:00,181.333435,181.336565,180.686535,180.686535,0
2026-03-24 17:00:00,180.685355,181.093845,180.671515,181.037365,0
2026-03-24 18:00:00,181.036495,181.048475,180.675735,180.703775,0
2026-03-24 19:00:00,180.705205,180.720265,180.208785,180.272845,0
2026-03-24 20:00:00,180.271855,180.365995,180.018845,180.138385,0
2026-03-24 21:00:00,180.136355,180.327025,179.905715,180.213855,0
2026-03-24 22:00:00,180.214305,180.925395,180.214305,180.815715,0
2026-03-24 23:00:00,180.817315,180.980845,180.688185,180.864965,0
2026-03-25 00:00:00,180.865485,181.044415,180.525325,180.553955,0
2026-03-25 01:00:00,180.554435,180.778725,180.407245,180.609535,0
2026-03-25 02:00:00,180.608815,180.652215,180.222825,180.393745,0
2026-03-25 03:00:00,180.395285,180.473755,180.153425,180.408095,0
2026-03-25 04:00:00,180.408095,184.568885,180.408095,184.427155,0
2026-03-25 05:00:00,184.430135,184.682395,184.305105,184.317945,0
2026-03-25 06:00:00,184.316985,184.586405,184.163175,184.195645,0
2026-03-25 07:00:00,184.194565,184.417895,184.062595,184.266035,0
2026-03-25 08:00:00,184.270855,184.355545,183.997645,184.053405,0
2026-03-25 09:00:00,184.052765,184.533575,184.052435,184.496475,0
2026-03-25 10:00:00,184.495855,184.749125,184.433955,184.519525,0
2026-03-25 11:00:00,184.516125,184.795335,184.469615,184.748825,0
2026-03-25 12:00:00,184.748705,185.008315,184.642145,184.854275,0
2026-03-25 13:00:00,184.854515,184.971445,184.483675,184.905135,0
2026-03-25 14:00:00,184.905955,185.093525,184.159115,184.191435,0
2026-03-25 15:00:00,184.191095,184.227875,183.882525,184.135285,0
2026-03-25 16:00:00,184.136715,185.068665,184.132515,185.023135,0
2026-03-25 17:00:00,185.022385,185.546595,184.854115,185.478205,0
2026-03-25 18:00:00,185.477385,185.581075,185.122125,185.214015,0
2026-03-25 19:00:00,185.215505,185.372055,184.990345,184.990345,0
2026-03-25 20:00:00,184.992875,185.072335,184.632245,184.709075,0
2026-03-25 21:00:00,184.712975,184.999165,184.478245,184.483005,0
2026-03-25 22:00:00,184.479605,184.593385,184.362815,184.582195,0
2026-03-25 23:00:00,184.582375,184.626345,184.345255,184.499965,0
2026-03-26 00:00:00,184.500005,184.914795,184.500005,184.795655,0
2026-03-26 01:00:00,184.795335,185.011845,184.671955,184.752395,0
2026-03-26 02:00:00,184.753655,184.849955,184.555775,184.604515,0
2026-03-26 03:00:00,184.605085,184.607435,184.211465,184.326205,0
2026-03-26 04:00:00,184.326025,185.050945,184.322475,184.952815,0
2026-03-26 05:00:00,184.946245,185.085345,184.705795,184.923645,0
2026-03-26 06:00:00,184.924405,185.132355,184.715225,185.090305,0
2026-03-26 07:00:00,185.091385,185.244615,184.870925,184.971635,0
2026-03-26 08:00:00,184.971275,185.119345,184.856085,184.965915,0
2026-03-26 09:00:00,184.967615,185.526345,184.918615,185.485575,0
2026-03-26 10:00:00,185.486365,186.095035,185.458715,185.990125,0
2026-03-26 11:00:00,185.992395,186.293845,185.846925,186.176455,0
2026-03-26 12:00:00,186.176335,186.302415,185.505335,185.596565,0
2026-03-26 13:00:00,185.599685,185.649695,185.099145,185.344945,0
2026-03-26 14:00:00,185.344955,185.349395,184.846275,185.256605,0
2026-03-26 15:00:00,185.255965,185.357245,185.025695,185.112935,0
2026-03-26 16:00:00,185.112445,185.239835,184.551105,184.594735,0
2026-03-26 17:00:00,184.594025,184.673325,184.326955,184.410795,0
2026-03-26 18:00:00,184.409845,184.454795,184.151955,184.344575,0
2026-03-26 19:00:00,184.345205,184.588665,184.154925,184.264835,0
2026-03-26 20:00:00,184.273175,184.720205,184.177755,184.587985,0
2026-03-26 21:00:00,184.585155,184.803775,184.480885,184.732635,0
2026-03-26 22:00:00,184.734765,184.806555,184.624575,184.646815,0
2026-03-26 23:00:00,184.641055,184.644415,183.929595,183.950335,0
2026-03-27 00:00:00,183.949735,184.202735,183.872635,183.977025,0
2026-03-27 01:00:00,183.976825,184.033225,183.629205,183.913585,0
2026-03-27 02:00:00,183.915995,184.132615,183.521985,183.571695,0
2026-03-27 03:00:00,183.566655,183.732955,183.336465,183.596135,0
2026-03-27 04:00:00,183.596135,184.240845,183.596135,184.012565,0
2026-03-27 05:00:00,184.012715,184.124315,183.637995,184.097265,0
2026-03-27 06:00:00,184.098675,184.288245,183.922405,184.228285,0
2026-03-27 07:00:00,184.228205,184.381675,183.814595,183.828975,0
2026-03-27 08:00:00,183.831875,184.091085,183.672325,183.926965,0
2026-03-27 09:00:00,183.929695,183.957775,183.666605,183.746105,0
2026-03-27 10:00:00,183.746705,183.753425,183.366895,183.464915,0
2026-03-27 11:00:00,183.464265,183.621005,183.198375,183.243775,0
2026-03-27 12:00:00,183.243905,183.395875,183.142685,183.222765,0
2026-03-27 13:00:00,183.221965,183.763365,183.192595,183.741615,0
2026-03-27 14:00:00,183.737195,184.022105,183.401975,183.973615,0
2026-03-27 15:00:00,183.976855,184.226675,183.766825,183.873195,0
2026-03-27 16:00:00,183.872035,184.347325,183.835765,184.248405,0
2026-03-27 17:00:00,184.248545,184.958525,184.221175,184.897555,0
2026-03-27 18:00:00,184.897565,184.994675,184.614505,184.961265,0
2026-03-27 19:00:00,184.961075,185.497205,184.907765,185.397185,0
2026-03-27 20:00:00,185.395445,185.425065,184.886905,184.982335,0
2026-03-27 21:00:00,184.981355,185.046175,184.788785,184.998625,0
2026-03-27 22:00:00,184.998275,185.127615,184.768235,184.849655,0
2026-03-27 23:00:00,184.849645,184.972995,184.468195,184.540925,0
2026-03-28 00:00:00,184.540165,184.777345,184.464735,184.666545,0
2026-03-28 01:00:00,184.657285,184.803095,184.405225,184.603095,0
2026-03-28 02:00:00,184.599885,184.723405,184.252445,184.343595,0
2026-03-28 03:00:00,184.344215,184.648355,184.312685,184.632985,0
2026-03-28 04:00:00,184.629825,184.713155,184.269405,184.369345,0
2026-03-28 05:00:00,184.373035,184.470895,183.717965,183.751845,0
2026-03-28 06:00:00,183.758855,183.802665,183.383715,183.627885,0
2026-03-28 07:00:00,183.627185,184.044505,183.528535,183.948115,0
2026-03-28 08:00:00,183.943255,184.225305,183.829735,184.202285,0
2026-03-28 09:00:00,184.202655,184.304915,183.945585,184.231275,0
2026-03-28 10:00:00,184.230535,184.307835,183.928195,183.988535,0
2026-03-28 11:00:00,183.988365,184.567295,183.974785,184.473845,0
2026-03-28 12:00:00,184.478205,184.662715,184.320975,184.358355,0
2026-03-28 13:00:00,184.358955,184.445845,184.153725,184.352275,0
2026-03-28 14:00:00,184.352125,184.828565,184.308005,184.762745,0
2026-03-28 15:00:00,184.763285,185.222175,184.733565,184.910065,0
2026-03-28 16:00:00,184.910785,185.563665,184.905535,185.562815,0
2026-03-28 17:00:00,185.561535,185.868685,185.560455,185.744475,0
2026-03-28 18:00:00,185.743095,186.253835,185.541955,186.251265,0
2026-03-28 19:00:00,186.253545,186.325385,185.961405,186.138565,0
2026-03-28 20:00:00,186.148395,186.793815,186.113905,186.741425,0
2026-03-28 21:00:00,186.740645,187.080745,186.464985,187.061835,0
2026-03-28 22:00:00,187.062515,187.163045,186.944935,187.020745,0
2026-03-28 23:00:00,187.028235,187.086305,186.440545,186.481545,0
2026-03-29 00:00:00,186.478975,186.581195,186.241235,186.462595,0
2026-03-29 01:00:00,186.459005,186.515635,186.245345,186.488685,0
2026-03-29 02:00:00,186.488955,186.639225,186.279705,186.373715,0
2026-03-29 03:00:00,186.373325,186.379425,185.785275,185.893835,0
2026-03-29 04:00:00,185.894405,186.395725,185.833505,186.309415,0
2026-03-29 05:00:00,186.308345,186.488935,185.974785,186.451995,0
2026-03-29 06:00:00,186.451845,186.639655,186.246395,186.338005,0
2026-03-29 07:00:00,186.337405,186.429255,186.131615,186.150625,0
2026-03-29 08:00:00,186.150525,186.222115,185.823805,186.093945,0
2026-03-29 09:00:00,186.092375,186.328665,185.918605,185.991325,0
2026-03-29 10:00:00,185.992065,186.397225,185.976085,186.151885,0
2026-03-29 11:00:00,186.152395,186.267085,185.983655,186.092875,0
2026-03-29 12:00:00,186.091835,186.138775,185.620495,185.741585,0
2026-03-29 13:00:00,185.739665,186.027925,185.718655,185.986955,0
2026-03-29 14:00:00,185.987405,186.384645,185.987405,186.322735,0
2026-03-29 15:00:00,186.322985,186.641925,186.299245,186.367085,0
2026-03-29 16:00:00,186.371905,186.606555,186.145255,186.490255,0
2026-03-29 17:00:00,186.491805,186.564175,186.240245,186.309615,0
2026-03-29 18:00:00,186.312725,186.421735,185.941615,186.001755,0
2026-03-29 19:00:00,185.999075,186.012115,185.661255,185.747345,0
2026-03-29 20:00:00,185.747645,186.255265,185.699515,186.013945,0
2026-03-29 21:00:00,186.013615,186.380315,185.998835,186.218865,0
2026-03-29 22:00:00,186.218755,186.437125,185.905965,185.927675,0
2026-03-29 23:00:00,185.928175,186.124475,185.804225,185.991995,0
2026-03-30 00:00:00,185.992345,186.179575,185.816005,186.099635,0
2026-03-30 01:00:00,186.099845,186.148405,185.800435,185.868925,0
2026-03-30 02:00:00,185.869835,186.185055,185.840785,185.992685,0
2026-03-30 03:00:00,185.992105,186.052995,185.734425,185.962295,0
2026-03-30 04:00:00,185.962295,185.962295,183.709455,183.852115,0
2026-03-30 05:00:00,183.851065,183.957245,183.307115,183.714445,0
2026-03-30 06:00:00,183.712735,183.730445,183.096745,183.220335,0
2026-03-30 07:00:00,183.217405,183.411575,183.058625,183.115435,0
2026-03-30 08:00:00,183.113765,183.121455,182.609275,182.749535,0
2026-03-30 09:00:00,182.747675,182.840495,182.456155,182.819285,0
2026-03-30 10:00:00,182.812175,183.086275,182.790605,183.010705,0
2026-03-30 11:00:00,183.010315,183.050475,182.750165,182.895835,0
2026-03-30 12:00:00,182.893755,183.082605,182.699885,183.020705,0
2026-03-30 13:00:00,183.021715,183.360905,182.960505,183.003425,0
2026-03-30 14:00:00,183.003045,183.932835,182.966045,183.878755,0
2026-03-30 15:00:00,183.882585,183.896225,183.419965,183.460855,0
2026-03-30 16:00:00,183.456135,183.762625,183.302855,183.744005,0
2026-03-30 17:00:00,183.743135,183.984345,183.496015,183.955115,0
2026-03-30 18:00:00,183.956185,184.180585,183.875485,184.132935,0
2026-03-30 19:00:00,184.130335,184.324015,184.034495,184.312635,0
2026-03-30 20:00:00,184.313195,184.369515,184.167225,184.235355,0
2026-03-30 21:00:00,184.234515,184.284445,183.760225,183.792955,0
2026-03-30 22:00:00,183.788565,184.136275,183.687285,183.766555,0
2026-03-30 23:00:00,183.766225,183.797715,183.293035,183.507605,0
2026-03-31 00:00:00,183.507715,183.612315,183.322965,183.493875,0
2026-03-31 01:00:00,183.494905,183.679825,183.304605,183.637535,0
2026-03-31 02:00:00,183.639705,184.124205,183.552085,184.028285,0
2026-03-31 03:00:00,184.029555,184.215945,183.715195,184.183815,0
2026-03-31 04:00:00,184.184465,184.484175,183.967435,183.994105,0
2026-03-31 05:00:00,183.992425,184.281235,183.943645,184.034045,0
2026-03-31 06:00:00,184.024705,184.174265,183.708335,183.826095,0
2026-03-31 07:00:00,183.826625,183.898795,183.439615,183.447575,0
2026-03-31 08:00:00,183.445375,183.678345,183.333995,183.358585,0
2026-03-31 09:00:00,183.356955,183.661855,183.286795,183.333515,0
2026-03-31 10:00:00,183.331665,183.751045,183.330595,183.455745,0
2026-03-31 11:00:00,183.454825,183.574715,183.319615,183.464705,0
2026-03-31 12:00:00,183.468535,183.471585,183.162185,183.360905,0
2026-03-31 13:00:00,183.360845,183.581515,183.108425,183.452615,0
2026-03-31 14:00:00,183.459275,183.527495,182.954345,182.994275,0
2026-03-31 15:00:00,182.994545,183.233965,182.882135,182.969855,0
2026-03-31 16:00:00,182.969615,183.581525,182.962435,183.537755,0
2026-03-31 17:00:00,183.538385,183.662675,183.249075,183.375665,0
2026-03-31 18:00:00,183.371065,183.677715,183.347325,183.444655,0
2026-03-31 19:00:00,183.444235,183.570305,183.003995,183.050385,0
2026-03-31 20:00:00,183.052175,183.263525,182.957415,183.162715,0
2026-03-31 21:00:00,183.162605,183.615335,183.066405,183.592705,0
2026-03-31 22:00:00,183.590535,183.841165,183.385215,183.768445,0
2026-03-31 23:00:00,183.774455,183.808365,183.420335,183.554135,0
2026-04-01 00:00:00,183.551815,183.809685,183.226795,183.244195,0
2026-04-01 01:00:00,183.242235,183.421575,183.100085,183.357455,0
2026-04-01 02:00:00,183.359085,183.669455,183.258255,183.493645,0
2026-04-01 03:00:00,183.493775,183.549035,183.170475,183.407425,0
2026-04-01 04:00:00,183.407425,183.901725,183.407425,183.768695,0
2026-04-01 05:00:00,183.766695,184.070775,183.525505,183.809275,0
2026-04-01 06:00:00,183.808525,183.973055,183.646265,183.801315,0
2026-04-01 07:00:00,183.803405,183.885945,183.581965,183.756205,0
2026-04-01 08:00:00,183.756105,183.920995,183.655035,183.835985,0
2026-04-01 09:00:00,183.829385,184.093465,183.657975,184.021745,0
2026-04-01 10:00:00,184.021755,184.123305,183.515805,183.678085,0
2026-04-01 11:00:00,183.678245,183.870185,183.442705,183.707435,0
2026-04-01 12:00:00,183.707905,184.235215,183.617725,184.153975,0
2026-04-01 13:00:00,184.154905,184.326745,183.998525,184.003465,0
2026-04-01 14:00:00,184.000985,184.515315,183.971485,184.468475,0
2026-04-01 15:00:00,184.463815,184.498225,184.023555,184.047995,0
2026-04-01 16:00:00,184.047575,184.154755,183.852165,184.018315,0
2026-04-01 17:00:00,184.017045,184.196495,183.753175,183.801065,0
2026-04-01 18:00:00,183.800035,183.803725,183.372235,183.543445,0
2026-04-01 19:00:00,183.543465,183.650835,183.135595,183.207505,0
2026-04-01 20:00:00,183.214465,183.482275,183.003855,183.295615,0
2026-04-01 21:00:00,183.296015,183.296015,182.998685,183.250345,0
2026-04-01 22:00:00,183.251355,183.522435,183.136885,183.369305,0
2026-04-01 23:00:00,183.368295,183.796205,183.356295,183.618395,0
2026-04-02 00:00:00,183.619195,183.903135,183.559715,183.808295,0
2026-04-02 01:00:00,183.801525,184.136665,183.723525,183.996435,0
2026-04-02 02:00:00,183.996395,184.204385,183.932535,184.073655,0
2026-04-02 03:00:00,184.080695,184.323295,183.943465,184.094445,0
2026-04-02 04:00:00,184.094585,184.196795,183.804905,183.881065,0
2026-04-02 05:00:00,183.880745,183.971525,183.705255,183.876865,0
2026-04-02 06:00:00,183.877345,184.047845,183.722105,183.756175,0
2026-04-02 07:00:00,183.756625,183.974365,183.653195,183.955535,0
2026-04-02 08:00:00,183.957315,184.176975,183.790615,183.839555,0
2026-04-02 09:00:00,183.836555,183.843705,183.356965,183.461285,0
2026-04-02 10:00:00,183.462305,184.059735,183.340525,183.996535,0
2026-04-02 11:00:00,183.996615,184.064105,183.748595,183.808135,0
2026-04-02 12:00:00,183.811525,183.811525,183.395665,183.430605,0
2026-04-02 13:00:00,183.427555,183.802515,183.401015,183.781725,0
2026-04-02 14:00:00,183.780065,183.816645,183.569875,183.692435,0
2026-04-02 15:00:00,183.695355,184.043735,183.620655,183.983705,0
2026-04-02 16:00:00,183.983295,184.071865,183.639235,183.792555,0
2026-04-02 17:00:00,183.793265,183.930095,183.673465,183.740305,0
2026-04-02 18:00:00,183.740765,184.142845,183.737035,184.077195,0
2026-04-02 19:00:00,184.077495,184.161385,183.560095,183.580925,0
2026-04-02 20:00:00,183.582475,183.636125,183.172545,183.467675,0
2026-04-02 21:00:00,183.468715,183.580925,183.169235,183.268195,0
2026-04-02 22:00:00,183.268415,183.322825,183.003765,183.079415,0
2026-04-02 23:00:00,183.078845,183.187625,182.379775,182.471505,0
2026-04-03 00:00:00,182.480215,182.495505,181.993325,182.215685,0
2026-04-03 01:00:00,182.214335,182.225635,181.912605,182.079825,0
2026-04-03 02:00:00,182.081645,182.447635,181.988225,182.262885,0
2026-04-03 03:00:00,182.262595,182.382915,182.081195,182.152935,0
2026-04-03 04:00:00,182.152935,184.442935,182.152935,184.415715,0
2026-04-03 05:00:00,184.416125,184.437505,183.985065,184.021655,0
2026-04-03 06:00:00,184.019525,184.374395,183.987855,184.337175,0
2026-04-03 07:00:00,184.337325,184.370235,184.087845,184.116425,0
2026-04-03 08:00:00,184.118705,184.365395,184.034785,184.198325,0
2026-04-03 09:00:00,184.198105,184.731075,184.182795,184.454665,0
2026-04-03 10:00:00,184.454585,184.972495,184.402655,184.703735,0
2026-04-03 11:00:00,184.703535,184.765185,184.238375,184.273225,0
2026-04-03 12:00:00,184.263465,184.675005,184.263465,184.591585,0
2026-04-03 13:00:00,184.592605,184.672865,184.241215,184.509005,0
2026-04-03 14:00:00,184.509495,184.644775,184.171495,184.252285,0
2026-04-03 15:00:00,184.253465,184.328845,183.930155,184.223945,0
2026-04-03 16:00:00,184.224475,184.263195,183.973565,184.088175,0
2026-04-03 17:00:00,184.089005,184.097825,183.487045,183.530465,0
2026-04-03 18:00:00,183.536785,183.995185,183.467175,183.748925,0
2026-04-03 19:00:00,183.746635,183.974085,183.676775,183.899845,0
2026-04-03 20:00:00,183.899445,184.489795,183.849595,184.260155,0
2026-04-03 21:00:00,184.265325,184.416065,184.140875,184.305695,0
2026-04-03 22:00:00,184.303755,184.969645,184.230185,184.903645,0
2026-04-03 23:00:00,184.902385,185.205875,184.883465,185.152425,0
2026-04-04 00:00:00,185.141825,185.252935,184.997185,185.128175,0
2026-04-04 01:00:00,185.130365,185.288395,184.876845,184.961745,0
2026-04-04 02:00:00,184.956095,185.120055,184.739335,184.957795,0
2026-04-04 03:00:00,184.957835,184.994995,184.353145,184.354685,0
2026-04-04 04:00:00,184.354675,184.421975,183.915205,184.126225,0
2026-04-04 05:00:00,184.127835,184.822705,184.079655,184.810785,0
2026-04-04 06:00:00,184.806545,184.901335,184.592295,184.728215,0
2026-04-04 07:00:00,184.725465,184.937415,184.583185,184.911955,0
2026-04-04 08:00:00,184.912635,185.070755,184.683585,185.057475,0
2026-04-04 09:00:00,185.057145,185.851235,185.038895,185.709735,0
2026-04-04 10:00:00,185.707745,185.821865,185.420245,185.562095,0
2026-04-04 11:00:00,185.562855,185.742695,185.374265,185.505035,0
2026-04-04 12:00:00,185.505415,185.776115,185.443555,185.694985,0
2026-04-04 13:00:00,185.697215,185.887935,185.523905,185.528815,0
2026-04-04 14:00:00,185.528225,185.796815,185.428055,185.550215,0
2026-04-04 15:00:00,185.549685,185.564235,185.246845,185.409975,0
2026-04-04 16:00:00,185.409615,185.852415,185.367195,185.774315,0
2026-04-04 17:00:00,185.773725,186.026695,185.216425,185.444715,0
2026-04-04 18:00:00,185.445105,185.678105,185.306495,185.617985,0
2026-04-04 19:00:00,185.628575,185.705905,185.425435,185.643735,0
2026-04-04 20:00:00,185.643535,185.964115,185.533045,185.782215,0
2026-04-04 21:00:00,185.782205,186.114055,185.750835,186.087855,0
2026-04-04 22:00:00,186.080965,186.137165,185.746315,185.955005,0
2026-04-04 23:00:00,185.957865,186.175695,185.912335,186.054705,0
2026-04-05 00:00:00,186.055725,186.425465,185.914675,186.296245,0
2026-04-05 01:00:00,186.295765,186.646175,186.202455,186.437665,0
2026-04-05 02:00:00,186.436725,186.543765,186.079465,186.271555,0
2026-04-05 03:00:00,186.273345,186.560765,186.204895,186.212915,0
2026-04-05 04:00:00,186.211955,186.458565,186.116995,186.321615,0
2026-04-05 05:00:00,186.316705,186.346705,185.840885,185.869715,0
2026-04-05 06:00:00,185.873215,185.874385,185.407255,185.808715,0
2026-04-05 07:00:00,185.807185,185.820155,185.529365,185.690775,0
2026-04-05 08:00:00,185.690275,185.999785,185.672245,185.902165,0
2026-04-05 09:00:00,185.902485,186.076895,185.505815,185.561965,0
2026-04-05 10:00:00,185.563545,186.153635,185.559155,186.147605,0
2026-04-05 11:00:00,186.146545,186.178165,185.832375,185.894035,0
2026-04-05 12:00:00,185.890845,185.894495,185.175755,185.242765,0
2026-04-05 13:00:00,185.244445,185.526775,185.097655,185.469415,0
2026-04-05 14:00:00,185.470355,185.832685,185.391865,185.658265,0
2026-04-05 15:00:00,185.655615,186.159445,185.579595,186.136905,0
2026-04-05 16:00:00,186.139355,186.273015,185.968495,186.104175,0
2026-04-05 17:00:00,186.109985,186.601365,186.075715,186.486845,0
2026-04-05 18:00:00,186.486505,186.695265,186.266075,186.668605,0
2026-04-05 19:00:00,186.666195,186.733855,186.353445,186.399635,0
2026-04-05 20:00:00,186.399185,186.422645,185.586765,185.791455,0
2026-04-05 21:00:00,185.791405,185.814515,185.407865,185.469335,0
2026-04-05 22:00:00,185.473575,185.616535,185.254165,185.523455,0
2026-04-05 23:00:00,185.524525,185.771065,185.349155,185.601485,0
2026-04-06 00:00:00,185.600065,185.958365,185.518495,185.657965,0
2026-04-06 01:00:00,185.657185,185.690975,185.113705,185.545705,0
2026-04-06 02:00:00,185.543105,185.565345,185.120775,185.219245,0
2026-04-06 03:00:00,185.218375,185.252385,184.864935,184.934045,0
2026-04-06 04:00:00,184.934045,184.934045,183.825075,184.184135,0
2026-04-06 05:00:00,184.182975,184.327925,183.856085,183.958555,0
2026-04-06 06:00:00,183.960005,183.984275,183.735405,183.877035,0
2026-04-06 07:00:00,183.878365,184.379105,183.876765,184.361765,0
2026-04-06 08:00:00,184.359815,184.359815,183.924185,184.232965,0
2026-04-06 09:00:00,184.233815,184.295405,183.827065,183.830065,0
2026-04-06 10:00:00,183.829115,183.982725,183.602535,183.615965,0
2026-04-06 11:00:00,183.615165,184.485335,183.546385,184.478215,0
2026-04-06 12:00:00,184.476935,184.954525,184.350115,184.717225,0
2026-04-06 13:00:00,184.718875,184.863775,184.614255,184.675885,0
2026-04-06 14:00:00,184.675285,184.880005,184.593155,184.846685,0
2026-04-06 15:00:00,184.852395,184.901715,184.369645,184.510515,0
2026-04-06 16:00:00,184.512085,184.620645,183.805005,183.805005,0
2026-04-06 17:00:00,183.805245,184.168395,183.720005,184.092175,0
2026-04-06 18:00:00,184.090795,184.256155,183.953765,184.078975,0
2026-04-06 19:00:00,184.078395,184.278615,184.027035,184.250945,0
2026-04-06 20:00:00,184.252525,184.278185,183.563335,183.692775,0
2026-04-06 21:00:00,183.693785,183.953015,183.457855,183.479685,0
2026-04-06 22:00:00,183.477565,183.683505,183.449055,183.586415,0
2026-04-06 23:00:00,183.586035,183.983345,183.507545,183.904605,0
2026-04-07 00:00:00,183.904555,184.205645,183.787645,184.119255,0
2026-04-07 01:00:00,184.117395,184.237645,183.808265,184.235765,0
2026-04-07 02:00:00,184.235595,184.341665,184.022695,184.335625,0
2026-04-07 03:00:00,184.335755,184.573125,184.288635,184.458705,0
2026-04-07 04:00:00,184.462695,184.598215,184.130795,184.497425,0
2026-04-07 05:00:00,184.496555,184.628215,184.247475,184.374255,0
2026-04-07 06:00:00,184.374695,184.621075,184.206165,184.368665,0
2026-04-07 07:00:00,184.367275,184.562445,184.063525,184.099855,0
2026-04-07 08:00:00,184.099905,184.367755,184.087615,184.209135,0
2026-04-07 09:00:00,184.209545,184.280745,183.947835,184.031935,0
2026-04-07 10:00:00,184.030755,184.293575,183.865155,184.237525,0
2026-04-07 11:00:00,184.239455,184.611705,184.227655,184.564305,0
2026-04-07 12:00:00,184.561385,184.852735,184.528915,184.805275,0
2026-04-07 13:00:00,184.805645,184.832115,184.269475,184.284545,0
2026-04-07 14:00:00,184.284945,184.752025,184.250805,184.487305,0
2026-04-07 15:00:00,184.488375,184.671345,184.357785,184.576355,0
2026-04-07 16:00:00,184.572235,185.028205,184.554935,184.957435,0
2026-04-07 17:00:00,184.956495,185.239365,184.933255,185.198135,0
2026-04-07 18:00:00,185.197405,185.945175,185.086515,185.937345,0
2026-04-07 19:00:00,185.936305,185.971585,185.690545,185.752615,0
2026-04-07 20:00:00,185.752965,186.232875,185.711765,186.215925,0
2026-04-07 21:00:00,186.215715,186.215715,185.868775,186.079275,0
2026-04-07 22:00:00,186.080875,186.233135,185.848805,185.932535,0
2026-04-07 23:00:00,185.942205,186.040895,185.806975,186.012495,0
2026-04-08 00:00:00,186.012395,186.349625,185.946675,186.021805,0
2026-04-08 01:00:00,186.020065,186.140265,185.798785,185.830635,0
2026-04-08 02:00:00,185.830255,185.849905,185.230335,185.231705,0
2026-04-08 03:00:00,185.234235,185.545945,185.143145,185.525565,0
2026-04-08 04:00:00,185.525565,185.525565,184.717515,184.766195,0
2026-04-08 05:00:00,184.765985,185.067715,184.765045,184.953625,0
2026-04-08 06:00:00,184.953775,184.972675,184.536905,184.688125,0
2026-04-08 07:00:00,184.688445,185.083825,184.581475,185.070345,0
2026-04-08 08:00:00,185.075985,185.288215,184.887265,185.045205,0
2026-04-08 09:00:00,185.045285,185.111145,184.605955,184.757065,0
2026-04-08 10:00:00,184.757385,184.923225,184.532725,184.668165,0
2026-04-08 11:00:00,184.665805,184.779695,184.268315,184.282165,0
2026-04-08 12:00:00,184.281705,184.572905,184.059035,184.504675,0
2026-04-08 13:00:00,184.497305,184.658305,184.362545,184.362545,0
2026-04-08 14:00:00,184.363485,184.854615,184.329715,184.835235,0
2026-04-08 15:00:00,184.836265,184.957295,184.593835,184.891585,0
2026-04-08 16:00:00,184.892745,184.972315,184.730555,184.751805,0
2026-04-08 17:00:00,184.754425,185.151415,184.718625,185.028225,0
2026-04-08 18:00:00,185.026125,185.211005,184.780975,185.078155,0
2026-04-08 19:00:00,185.076575,185.306615,184.884105,185.283075,0
2026-04-08 20:00:00,185.283595,185.586265,185.226335,185.335815,0
2026-04-08 21:00:00,185.336825,185.480985,185.150815,185.355075,0
2026-04-08 22:00:00,185.355785,185.612475,185.291915,185.302445,0
2026-04-08 23:00:00,185.303955,185.759145,185.266825,185.574695,0
2026-04-09 00:00:00,185.574415,186.121545,185.556035,186.034045,0
2026-04-09 01:00:00,186.034815,186.390265,185.952105,186.097985,0
2026-04-09 02:00:00,186.100715,186.242245,185.920155,186.064775,0
2026-04-09 03:00:00,186.063195,186.074775,185.603845,185.610885,0
2026-04-09 04:00:00,185.608085,185.707465,185.459235,185.464105,0
2026-04-09 05:00:00,185.463335,185.540765,184.948845,185.051195,0
2026-04-09 06:00:00,185.051645,185.655895,184.968485,185.594905,0
2026-04-09 07:00:00,185.594805,186.028325,185.540335,185.953845,0
2026-04-09 08:00:00,185.951745,186.086395,185.372255,185.386315,0
2026-04-09 09:00:00,185.385565,185.538115,185.150195,185.237115,0
2026-04-09 10:00:00,185.236695,185.515655,185.224235,185.326845,0
2026-04-09 11:00:00,185.321095,185.368325,185.136855,185.204135,0
2026-04-09 12:00:00,185.204605,185.460775,185.100155,185.369365,0
2026-04-09 13:00:00,185.370725,185.375255,185.092115,185.259515,0
2026-04-09 14:00:00,185.257985,185.597785,185.163785,185.343375,0
2026-04-09 15:00:00,185.343575,185.657245,185.319575,185.650085,0
2026-04-09 16:00:00,185.650245,185.677985,185.397275,185.666325,0
2026-04-09 17:00:00,185.664765,185.775175,185.334595,185.671255,0
2026-04-09 18:00:00,185.670505,186.111105,185.657035,186.069395,0
2026-04-09 19:00:00,186.068145,186.458885,186.022405,186.258245,0
2026-04-09 20:00:00,186.261395,186.296565,185.820035,185.979305,0
2026-04-09 21:00:00,185.981655,185.999215,185.617365,185.907795,0
2026-04-09 22:00:00,185.907415,185.909165,185.570585,185.758265,0
2026-04-09 23:00:00,185.748785,186.256735,185.726875,185.968595,0
2026-04-10 00:00:00,185.968365,186.152985,185.877775,185.974825,0
2026-04-10 01:00:00,185.975675,186.350405,185.943265,186.182425,0
2026-04-10 02:00:00,186.187085,186.324705,186.034935,186.196535,0
2026-04-10 03:00:00,186.195305,186.394395,185.918575,186.363335,0
2026-04-10 04:00:00,186.363335,186.363335,185.895575,185.983685,0
2026-04-10 05:00:00,185.983455,186.148705,185.877785,186.100125,0
2026-04-10 06:00:00,186.106375,186.225575,185.760655,185.838025,0
2026-04-10 07:00:00,185.837725,185.839395,185.415255,185.791055,0
2026-04-10 08:00:00,185.791315,186.456785,185.791315,186.396515,0
2026-04-10 09:00:00,186.397125,186.676685,186.255185,186.420495,0
2026-04-10 10:00:00,186.421295,186.815555,186.350915,186.764625,0
2026-04-10 11:00:00,186.765275,186.962755,186.679815,186.846455,0
2026-04-10 12:00:00,186.840425,187.134435,186.834085,186.968425,0
2026-04-10 13:00:00,186.968435,187.005035,186.781715,186.831805,0
2026-04-10 14:00:00,186.832155,186.836515,186.555335,186.710075,0
2026-04-10 15:00:00,186.709825,187.043595,186.566905,186.919985,0
2026-04-10 16:00:00,186.916125,186.941185,186.432645,186.589925,0
2026-04-10 17:00:00,186.591465,187.062675,186.558415,186.688515,0
2026-04-10 18:00:00,186.688385,186.937765,186.454155,186.473545,0
2026-04-10 19:00:00,186.472445,186.734445,186.336805,186.365995,0
2026-04-10 20:00:00,186.364645,186.521565,186.034835,186.152255,0
2026-04-10 21:00:00,186.155125,186.491285,186.050625,186.394705,0
2026-04-10 22:00:00,186.392525,186.960575,186.287915,186.849745,0
2026-04-10 23:00:00,186.846155,187.334695,186.745405,187.227835,0
2026-04-11 00:00:00,187.222445,187.420385,187.045385,187.133135,0
2026-04-11 01:00:00,187.128295,187.296525,187.014615,187.186985,0
2026-04-11 02:00:00,187.186175,187.622285,187.066985,187.542055,0
2026-04-11 03:00:00,187.538675,187.872145,187.455045,187.828045,0
2026-04-11 04:00:00,187.830935,188.054035,187.771945,187.961545,0
2026-04-11 05:00:00,187.960495,188.466455,187.926045,188.306045,0
2026-04-11 06:00:00,188.305495,188.571265,188.156705,188.240875,0
2026-04-11 07:00:00,188.240135,188.245255,187.913695,188.125535,0
2026-04-11 08:00:00,188.125895,188.500985,188.113375,188.312145,0
2026-04-11 09:00:00,188.313665,188.626405,188.285035,188.443185,0
2026-04-11 10:00:00,188.445385,188.644725,188.312785,188.565925,0
2026-04-11 11:00:00,188.564275,188.632295,188.125755,188.313705,0
2026-04-11 12:00:00,188.314905,188.733965,188.288745,188.532495,0
2026-04-11 13:00:00,188.531515,189.050425,188.419195,188.789175,0
2026-04-11 14:00:00,188.791635,188.980295,188.609835,188.643885,0
2026-04-11 15:00:00,188.643585,188.665475,188.269355,188.286865,0
2026-04-11 16:00:00,188.285165,188.354855,187.835685,188.242455,0
2026-04-11 17:00:00,188.241955,188.425725,188.084445,188.339445,0
2026-04-11 18:00:00,188.339475,188.492025,188.134545,188.441915,0
2026-04-11 19:00:00,188.442745,188.640745,188.350155,188.480505,0
2026-04-11 20:00:00,188.478525,188.760235,188.329565,188.489435,0
2026-04-11 21:00:00,188.487455,188.731105,188.237865,188.289125,0
2026-04-11 22:00:00,188.290645,188.617395,188.197225,188.413915,0
2026-04-11 23:00:00,188.411825,188.461505,187.870295,187.890495,0
2026-04-12 00:00:00,187.889155,188.115245,187.616985,187.742655,0
2026-04-12 01:00:00,187.742745,187.777865,187.231495,187.256435,0
2026-04-12 02:00:00,187.255975,187.313875,187.042885,187.248045,0
2026-04-12 03:00:00,187.248515,187.526745,187.137795,187.511245,0
2026-04-12 04:00:00,187.512425,187.979145,187.510945,187.884785,0
2026-04-12 05:00:00,187.884845,188.573865,187.884545,188.527425,0
2026-04-12 06:00:00,188.527505,188.546345,187.875755,187.897635,0
2026-04-12 07:00:00,187.899525,188.113875,187.771585,187.771585,0
2026-04-12 08:00:00,187.770395,187.787585,187.454905,187.579095,0
2026-04-12 09:00:00,187.578275,187.955515,187.566605,187.875235,0
2026-04-12 10:00:00,187.874175,188.092955,187.807465,188.017955,0
2026-04-12 11:00:00,188.017625,188.359455,187.856435,188.184305,0
2026-04-12 12:00:00,188.187245,188.343675,187.955885,188.322465,0
2026-04-12 13:00:00,188.322315,188.346475,187.949155,188.022175,0
2026-04-12 14:00:00,188.022535,188.036555,187.693215,187.893745,0
2026-04-12 15:00:00,187.893325,188.067745,187.765055,187.830805,0
2026-04-12 16:00:00,187.830725,187.856365,187.532955,187.735835,0
2026-04-12 17:00:00,187.736615,187.831255,187.467695,187.567545,0
2026-04-12 18:00:00,187.571685,187.905315,187.440765,187.734985,0
2026-04-12 19:00:00,187.736875,188.443195,187.679375,188.357435,0
2026-04-12 20:00:00,188.360905,188.441525,187.880425,187.945465,0
2026-04-12 21:00:00,187.944195,188.499415,187.895435,188.381775,0
2026-04-12 22:00:00,188.376005,188.679845,188.346235,188.592815,0
2026-04-12 23:00:00,188.591915,188.927465,188.476405,188.662085,0
2026-04-13 00:00:00,188.661235,188.735915,188.113495,188.195075,0
2026-04-13 01:00:00,188.195115,188.404975,188.073085,188.131555,0
2026-04-13 02:00:00,188.131285,188.773755,188.089325,188.487015,0
2026-04-13 03:00:00,188.488115,188.525805,188.211105,188.401275,0
2026-04-13 04:00:00,188.401275,188.401275,186.567565,187.146315,0
2026-04-13 05:00:00,187.147405,187.515525,186.952735,187.349805,0
2026-04-13 06:00:00,187.352775,187.939885,187.296085,187.567685,0
2026-04-13 07:00:00,187.567165,188.290205,187.526105,188.180255,0
2026-04-13 08:00:00,188.182035,188.282575,187.807435,188.092345,0
2026-04-13 09:00:00,188.093845,188.268885,187.803375,187.848985,0
2026-04-13 10:00:00,187.848735,187.887835,187.570235,187.675675,0
2026-04-13 11:00:00,187.673765,187.706415,187.172545,187.426635,0
2026-04-13 12:00:00,187.425585,187.509695,187.037995,187.143705,0
2026-04-13 13:00:00,187.143055,187.261895,186.459805,186.481875,0
2026-04-13 14:00:00,186.482935,186.620375,186.255595,186.470585,0
2026-04-13 15:00:00,186.468295,186.587925,185.839565,185.850415,0
2026-04-13 16:00:00,185.850035,185.858805,185.480635,185.717405,0
2026-04-13 17:00:00,185.716975,186.200185,185.660225,186.189035,0
2026-04-13 18:00:00,186.182615,186.598545,186.073675,186.558815,0
2026-04-13 19:00:00,186.554975,186.712295,186.230625,186.368205,0
2026-04-13 20:00:00,186.367405,186.394635,186.029305,186.121855,0
2026-04-13 21:00:00,186.124375,186.161025,185.819695,185.942015,0
2026-04-13 22:00:00,185.941595,186.236455,185.523015,185.596335,0
2026-04-13 23:00:00,185.593895,185.724545,185.423665,185.515395,0
2026-04-14 00:00:00,185.514205,185.610625,185.260155,185.335895,0
2026-04-14 01:00:00,185.331025,185.595965,185.296295,185.577225,0
2026-04-14 02:00:00,185.577405,185.886865,185.411905,185.471975,0
2026-04-14 03:00:00,185.470685,185.709495,185.291165,185.575325,0
2026-04-14 04:00:00,185.578785,185.806855,185.389505,185.439525,0
2026-04-14 05:00:00,185.439125,185.792635,185.371375,185.685565,0
2026-04-14 06:00:00,185.682295,185.929675,185.540055,185.871005,0
2026-04-14 07:00:00,185.872045,186.216175,185.833005,185.967305,0
2026-04-14 08:00:00,185.968365,186.208605,185.729615,186.150705,0
2026-04-14 09:00:00,186.150315,186.703085,186.148295,186.596725,0
2026-04-14 10:00:00,186.597675,186.898665,186.553285,186.657845,0
2026-04-14 11:00:00,186.658205,186.884275,186.509295,186.822315,0
2026-04-14 12:00:00,186.820205,186.902885,186.663385,186.764235,0
2026-04-14 13:00:00,186.762575,186.777095,186.090105,186.158995,0
2026-04-14 14:00:00,186.157495,186.500335,186.035715,186.442565,0
2026-04-14 15:00:00,186.442765,186.819655,186.366965,186.711365,0
2026-04-14 16:00:00,186.712495,186.731375,186.091855,186.188715,0
2026-04-14 17:00:00,186.188615,186.349275,185.837605,185.948065,0
2026-04-14 18:00:00,185.947585,185.958805,185.615955,185.700735,0
2026-04-14 19:00:00,185.702565,185.716505,185.152285,185.404905,0
2026-04-14 20:00:00,185.404165,185.907635,185.309885,185.796795,0
2026-04-14 21:00:00,185.796115,185.841325,185.618655,185.638735,0
2026-04-14 22:00:00,185.637145,185.664025,185.251505,185.360685,0
2026-04-14 23:00:00,185.354235,185.608895,185.315695,185.570125,0
2026-04-15 00:00:00,185.569965,185.620735,185.280845,185.409875,0
2026-04-15 01:00:00,185.409395,185.447925,185.071145,185.093465,0
2026-04-15 02:00:00,185.094515,185.321265,184.813985,185.171995,0
2026-04-15 03:00:00,185.173005,185.478015,185.065425,185.208275,0
2026-04-15 04:00:00,185.208275,187.604625,185.208275,187.334095,0
2026-04-15 05:00:00,187.334645,187.357565,187.046025,187.255955,0
2026-04-15 06:00:00,187.266955,187.296685,187.053755,187.134885,0
2026-04-15 07:00:00,187.134025,187.463425,187.056955,187.392155,0
2026-04-15 08:00:00,187.391155,187.424025,187.046895,187.096715,0
2026-04-15 09:00:00,187.102745,187.362735,187.059095,187.105535,0
2026-04-15 10:00:00,187.104945,187.739985,186.932455,187.689985,0
2026-04-15 11:00:00,187.684055,187.685865,187.387485,187.492665,0
2026-04-15 12:00:00,187.493225,187.866775,187.415805,187.441505,0
2026-04-15 13:00:00,187.441355,187.533155,187.110005,187.285665,0
2026-04-15 14:00:00,187.284515,188.102535,187.211735,188.018485,0
2026-04-15 15:00:00,188.018575,188.042395,187.638075,187.790955,0
2026-04-15 16:00:00,187.791075,187.882385,187.580015,187.767035,0
2026-04-15 17:00:00,187.767075,188.089855,187.724715,187.941985,0
2026-04-15 18:00:00,187.944105,188.151535,187.785775,188.015485,0
2026-04-15 19:00:00,188.015125,188.290445,187.905345,187.910755,0
2026-04-15 20:00:00,187.911255,188.032465,187.717955,187.871555,0
2026-04-15 21:00:00,187.872965,187.985615,187.601605,187.615825,0
2026-04-15 22:00:00,187.613215,187.796625,187.537145,187.683125,0
2026-04-15 23:00:00,187.684325,187.816735,187.343725,187.368625,0
2026-04-16 00:00:00,187.367945,187.705925,187.178155,187.673955,0
2026-04-16 01:00:00,187.673355,188.140225,187.604935,188.062515,0
2026-04-16 02:00:00,188.059855,188.625855,188.020985,188.605535,0
2026-04-16 03:00:00,188.604055,188.987495,188.544355,188.987495,0
2026-04-16 04:00:00,188.983995,189.223415,188.944525,189.010945,0
2026-04-16 05:00:00,189.011385,189.049095,188.731965,188.882205,0
2026-04-16 06:00:00,188.882875,189.072015,188.843395,189.029885,0
2026-04-16 07:00:00,189.028405,189.122445,188.663225,188.730935,0
2026-04-16 08:00:00,188.732405,189.623265,188.700805,189.435255,0
2026-04-16 09:00:00,189.435895,189.669315,189.334035,189.483435,0
2026-04-16 10:00:00,189.480505,189.722405,189.265215,189.619825,0
2026-04-16 11:00:00,189.619465,189.949085,189.584055,189.764785,0
2026-04-16 12:00:00,189.764685,190.154475,189.742145,189.967565,0
2026-04-16 13:00:00,189.968095,190.525855,189.932215,190.319215,0
2026-04-16 14:00:00,190.318785,190.577315,190.291205,190.373265,0
2026-04-16 15:00:00,190.372535,190.424265,190.082515,190.204815,0
2026-04-16 16:00:00,190.198625,190.376705,190.041325,190.083905,0
2026-04-16 17:00:00,190.080705,190.168815,189.913655,190.120585,0
2026-04-16 18:00:00,190.120755,190.391945,190.056545,190.333035,0
2026-04-16 19:00:00,190.335755,190.799435,190.283495,190.704785,0
2026-04-16 20:00:00,190.705015,190.763835,190.125925,190.283175,0
2026-04-16 21:00:00,190.283905,190.405225,190.009755,190.158875,0
2026-04-16 22:00:00,190.159455,190.481575,189.861155,190.458135,0
2026-04-16 23:00:00,190.457565,190.682195,190.277755,190.501735,0
2026-04-17 00:00:00,190.501045,190.527565,189.945195,190.009035,0
2026-04-17 01:00:00,190.008565,190.200245,189.704635,189.872915,0
2026-04-17 02:00:00,189.873675,190.092745,189.796355,189.954685,0
2026-04-17 03:00:00,189.952855,190.107815,189.697545,189.992935,0
2026-04-17 04:00:00,189.992935,189.992935,187.503725,187.539465,0
2026-04-17 05:00:00,187.546565,187.577435,186.977075,187.222635,0
2026-04-17 06:00:00,187.221605,187.924795,187.125415,187.850075,0
2026-04-17 07:00:00,187.847285,188.498055,187.830935,188.471225,0
2026-04-17 08:00:00,188.469825,188.721025,188.232565,188.283785,0
2026-04-17 09:00:00,188.290055,188.817925,188.160335,188.582475,0
2026-04-17 10:00:00,188.582165,188.678625,188.375625,188.628445,0
2026-04-17 11:00:00,188.634805,188.823845,188.485405,188.611265,0
2026-04-17 12:00:00,188.608745,188.643855,188.275815,188.368095,0
2026-04-17 13:00:00,188.365985,188.664355,188.232045,188.565665,0
2026-04-17 14:00:00,188.566695,189.068465,188.524995,189.052505,0
2026-04-17 15:00:00,189.051695,189.256995,188.932315,189.256995,0
2026-04-17 16:00:00,189.263765,189.332035,189.087335,189.289765,0
2026-04-17 17:00:00,189.289865,189.473015,188.806645,188.846015,0
2026-04-17 18:00:00,188.846195,188.877565,188.479855,188.498655,0
2026-04-17 19:00:00,188.498635,188.702805,188.403775,188.502315,0
2026-04-17 20:00:00,188.501295,188.911565,188.283195,188.755475,0
2026-04-17 21:00:00,188.755825,188.936915,188.481425,188.675055,0
2026-04-17 22:00:00,188.675265,189.283775,188.668755,188.885215,0
2026-04-17 23:00:00,188.882655,189.172385,188.767175,188.988215,0
2026-04-18 00:00:00,188.987145,189.132725,188.753585,188.883145,0
2026-04-18 01:00:00,188.882665,188.995875,188.720885,188.822215,0
2026-04-18 02:00:00,188.820895,188.883085,188.422195,188.441405,0
2026-04-18 03:00:00,188.440805,188.606185,188.345935,188.480925,0
2026-04-18 04:00:00,188.483865,188.601075,188.068475,188.266255,0
2026-04-18 05:00:00,188.268045,188.295035,187.765195,187.960195,0
2026-04-18 06:00:00,187.960185,187.968435,187.496785,187.901355,0
2026-04-18 07:00:00,187.897675,188.206475,187.895255,188.112955,0
2026-04-18 08:00:00,188.107655,188.276555,187.597265,187.813955,0
2026-04-18 09:00:00,187.814015,187.882395,187.449135,187.653105,0
2026-04-18 10:00:00,187.652385,187.748095,187.157865,187.713185,0
2026-04-18 11:00:00,187.711315,188.108515,187.471585,188.087915,0
2026-04-18 12:00:00,188.085635,188.159235,187.859875,188.010495,0
2026-04-18 13:00:00,188.008975,188.008975,187.466475,187.760425,0
2026-04-18 14:00:00,187.761625,188.312385,187.734565,187.971005,0
2026-04-18 15:00:00,187.969595,188.064335,187.604805,187.759995,0
2026-04-18 16:00:00,187.763815,187.831435,187.318065,187.410305,0
2026-04-18 17:00:00,187.411525,187.622275,187.256685,187.533475,0
2026-04-18 18:00:00,187.532635,187.556415,187.033715,187.102295,0
2026-04-18 19:00:00,187.101275,187.229775,186.824015,187.142285,0
2026-04-18 20:00:00,187.143555,187.568335,187.080515,187.283585,0
2026-04-18 21:00:00,187.282785,187.416395,187.067925,187.092845,0
2026-04-18 22:00:00,187.103305,187.282995,186.988565,187.092405,0
2026-04-18 23:00:00,187.087905,187.279455,186.884795,187.191025,0
2026-04-19 00:00:00,187.191455,187.286575,186.999525,187.062795,0
2026-04-19 01:00:00,187.062785,187.298585,186.844235,186.855245,0
2026-04-19 02:00:00,186.855045,187.074925,186.804655,186.989845,0
2026-04-19 03:00:00,186.983855,187.127715,186.689265,186.751905,0
2026-04-19 04:00:00,186.751225,187.018105,186.463235,186.961815,0
2026-04-19 05:00:00,186.962985,187.170255,186.832795,186.961965,0
2026-04-19 06:00:00,186.963645,187.572135,186.927075,187.363725,0
2026-04-19 07:00:00,187.363855,187.559015,187.188915,187.484005,0
2026-04-19 08:00:00,187.482675,187.648325,187.296275,187.473825,0
2026-04-19 09:00:00,187.472545,187.659285,187.162755,187.419135,0
2026-04-19 10:00:00,187.421105,187.794555,187.406995,187.772275,0
2026-04-19 11:00:00,187.773165,187.964165,187.391705,187.953965,0
2026-04-19 12:00:00,187.955225,187.963105,187.411465,187.527985,0
2026-04-19 13:00:00,187.528625,187.836905,187.501075,187.787635,0
2026-04-19 14:00:00,187.787655,187.874795,187.352905,187.364485,0
2026-04-19 15:00:00,187.363515,187.386905,186.962935,186.998305,0
2026-04-19 16:00:00,186.998605,187.457945,186.944795,187.339965,0
2026-04-19 17:00:00,187.341055,187.730765,187.129695,187.662325,0
2026-04-19 18:00:00,187.663865,187.814065,187.520835,187.769255,0
2026-04-19 19:00:00,187.780045,188.188965,187.560855,187.969005,0
2026-04-19 20:00:00,187.969135,188.430915,187.703035,187.893465,0
2026-04-19 21:00:00,187.893235,187.894005,187.461795,187.506625,0
2026-04-19 22:00:00,187.507035,187.509715,187.126025,187.303385,0
2026-04-19 23:00:00,187.302465,187.412905,186.955145,187.119215,0
2026-04-20 00:00:00,187.117915,187.482725,187.100815,187.301125,0
2026-04-20 01:00:00,187.299095,187.457655,187.139595,187.315995,0
2026-04-20 02:00:00,187.313895,187.462015,187.101655,187.313945,0
2026-04-20 03:00:00,187.312805,187.388795,186.922225,187.088685,0
2026-04-20 04:00:00,187.088685,187.088685,186.785875,186.966255,0
2026-04-20 05:00:00,186.962705,187.445455,186.874675,187.374545,0
2026-04-20 06:00:00,187.378895,187.534625,186.933405,187.076205,0
2026-04-20 07:00:00,187.076345,187.297105,187.001885,187.112055,0
2026-04-20 08:00:00,187.112125,187.599845,187.089445,187.372745,0
2026-04-20 09:00:00,187.370525,187.713865,187.304635,187.478465,0
2026-04-20 10:00:00,187.477795,187.575995,187.265595,187.497635,0
2026-04-20 11:00:00,187.493025,187.880135,187.354075,187.542315,0
2026-04-20 12:00:00,187.541815,187.614755,187.215925,187.312725,0
2026-04-20 13:00:00,187.313405,187.426075,187.130395,187.132355,0
2026-04-20 14:00:00,187.130275,187.204935,186.725435,186.726265,0
2026-04-20 15:00:00,186.728495,186.767885,186.413215,186.500395,0
2026-04-20 16:00:00,186.495885,186.739775,186.448065,186.551375,0
2026-04-20 17:00:00,186.552635,186.829055,186.382385,186.490025,0
2026-04-20 18:00:00,186.489815,186.494525,185.779335,185.834505,0
2026-04-20 19:00:00,185.835205,186.211095,185.778165,185.814815,0
2026-04-20 20:00:00,185.815395,186.067165,185.684265,186.036385,0
2026-04-20 21:00:00,186.036165,186.100815,185.394385,185.405065,0
2026-04-20 22:00:00,185.404765,185.672325,185.200545,185.329055,0
2026-04-20 23:00:00,185.327005,185.579255,185.124825,185.357635,0
2026-04-21 00:00:00,185.357725,185.775575,185.251885,185.576635,0
2026-04-21 01:00:00,185.567035,185.747815,185.174395,185.386545,0
2026-04-21 02:00:00,185.386425,185.561595,184.945655,184.996955,0
2026-04-21 03:00:00,184.990205,185.167635,184.896305,185.064335,0
2026-04-21 04:00:00,185.064205,185.573665,184.857705,185.456735,0
2026-04-21 05:00:00,185.460345,185.545755,185.225105,185.225615,0
2026-04-21 06:00:00,185.225335,185.491815,185.023805,185.283485,0
2026-04-21 07:00:00,185.284555,185.443815,184.947505,185.050365,0
2026-04-21 08:00:00,185.058315,185.466115,184.894225,185.385845,0
2026-04-21 09:00:00,185.384285,185.524365,185.186885,185.500705,0
2026-04-21 10:00:00,185.501815,185.590625,185.234215,185.539035,0
2026-04-21 11:00:00,185.538935,185.933645,185.468515,185.894115,0
2026-04-21 12:00:00,185.894315,186.182935,185.781125,186.158785,0
2026-04-21 13:00:00,186.157035,186.602915,186.126625,186.585665,0
2026-04-21 14:00:00,186.586895,186.919375,186.330025,186.756225,0
2026-04-21 15:00:00,186.757445,187.467095,186.572945,187.461495,0
2026-04-21 16:00:00,187.454785,187.596215,187.275375,187.591855,0
2026-04-21 17:00:00,187.586185,187.586285,187.233185,187.350075,0
2026-04-21 18:00:00,187.350745,187.670505,187.252975,187.342155,0
2026-04-21 19:00:00,187.345205,187.483645,186.969435,187.204655,0
2026-04-21 20:00:00,187.205065,187.325085,186.958255,187.196785,0
2026-04-21 21:00:00,187.193985,187.213805,186.842925,186.996635,0
2026-04-21 22:00:00,186.996765,187.274195,186.882475,187.162945,0
2026-04-21 23:00:00,187.163765,187.203695,186.761315,186.877765,0
2026-04-22 00:00:00,186.867825,186.943245,186.357055,186.380445,0
2026-04-22 01:00:00,186.378395,186.482945,186.211835,186.391165,0
2026-04-22 02:00:00,186.392845,186.433625,186.052885,186.244925,0
2026-04-22 03:00:00,186.242345,186.784155,186.231325,186.711995,0
2026-04-22 04:00:00,186.711995,187.211385,186.711995,186.945245,0
2026-04-22 05:00:00,186.943335,187.062555,186.703735,186.858575,0
2026-04-22 06:00:00,186.858065,186.961535,186.531755,186.961355,0
2026-04-22 07:00:00,186.960555,187.152435,186.830275,187.079525,0
2026-04-22 08:00:00,187.077945,187.093675,186.565745,186.645885,0
2026-04-22 09:00:00,186.645615,187.109245,186.615045,186.740485,0
2026-04-22 10:00:00,186.741705,187.339265,186.693465,187.250335,0
2026-04-22 11:00:00,187.249815,187.531965,187.107635,187.529255,0
2026-04-22 12:00:00,187.527575,187.534195,187.242735,187.406495,0
2026-04-22 13:00:00,187.408055,187.844645,187.241225,187.765945,0
2026-04-22 14:00:00,187.767745,188.418655,187.741675,188.304175,0
2026-04-22 15:00:00,188.303985,188.843095,188.224045,188.801865,0
2026-04-22 16:00:00,188.807605,189.046665,188.543995,188.570245,0
2026-04-22 17:00:00,188.572445,188.786585,188.461715,188.653805,0
2026-04-22 18:00:00,188.654725,189.020075,188.644225,189.015445,0
2026-04-22 19:00:00,189.012315,189.543445,189.002375,189.239665,0
2026-04-22 20:00:00,189.238745,189.352765,188.661095,188.759635,0
2026-04-22 21:00:00,188.759725,188.823915,188.269645,188.297505,0
2026-04-22 22:00:00,188.296045,188.307545,187.774955,187.821755,0
2026-04-22 23:00:00,187.819465,187.860655,187.482885,187.669495,0
2026-04-23 00:00:00,187.664965,187.694055,187.206655,187.462525,0
2026-04-23 01:00:00,187.463385,187.618145,186.831815,187.043195,0
2026-04-23 02:00:00,187.041465,187.253895,186.739175,186.971105,0
2026-04-23 03:00:00,186.970605,187.279695,186.817545,187.122925,0
2026-04-23 04:00:00,187.119805,187.125595,186.744105,186.873575,0
2026-04-23 05:00:00,186.874105,186.883235,186.641995,186.725785,0
2026-04-23 06:00:00,186.726265,186.771295,186.493685,186.730645,0
2026-04-23 07:00:00,186.730825,186.780385,186.312895,186.461275,0
2026-04-23 08:00:00,186.459775,186.471785,185.976355,186.185745,0
2026-04-23 09:00:00,186.184435,186.642715,185.966675,186.629625,0
2026-04-23 10:00:00,186.629305,186.861775,186.497145,186.621595,0
2026-04-23 11:00:00,186.622955,187.008625,186.547165,186.991165,0
2026-04-23 12:00:00,186.993295,187.094685,186.852645,186.933395,0
2026-04-23 13:00:00,186.931795,187.410255,186.894875,187.395835,0
2026-04-23 14:00:00,187.395995,187.712405,187.343875,187.485305,0
2026-04-23 15:00:00,187.484675,187.943385,187.415185,187.871195,0
2026-04-23 16:00:00,187.871615,188.016425,187.644305,187.732105,0
2026-04-23 17:00:00,187.730995,187.826715,187.197065,187.364315,0
2026-04-23 18:00:00,187.363795,187.547025,187.302595,187.419855,0
2026-04-23 19:00:00,187.419525,187.803235,187.374785,187.648715,0
2026-04-23 20:00:00,187.650145,187.798575,187.321295,187.350005,0
2026-04-23 21:00:00,187.345605,187.613785,187.135675,187.337995,0
2026-04-23 22:00:00,187.336765,187.476125,187.068255,187.135445,0
2026-04-23 23:00:00,187.136225,187.257055,186.910175,187.227655,0
2026-04-24 00:00:00,187.227245,187.260195,186.863585,186.867495,0
2026-04-24 01:00:00,186.862415,186.999415,186.630565,186.715385,0
2026-04-24 02:00:00,186.715835,186.794325,186.388685,186.640795,0
2026-04-24 03:00:00,186.639165,186.906025,186.578775,186.696755,0
2026-04-24 04:00:00,186.696755,186.696755,185.972155,186.046585,0
2026-04-24 05:00:00,186.040815,186.230375,185.958795,186.109135,0
2026-04-24 06:00:00,186.109345,186.185065,185.898525,186.058385,0
2026-04-24 07:00:00,186.057935,186.088495,185.707605,185.787225,0
2026-04-24 08:00:00,185.781055,185.822265,185.451975,185.786535,0
2026-04-24 09:00:00,185.787495,185.832055,185.500605,185.639025,0
2026-04-24 10:00:00,185.637235,185.742255,185.509255,185.691895,0
2026-04-24 11:00:00,185.691215,185.827525,185.583805,185.667655,0
2026-04-24 12:00:00,185.669055,185.779525,185.474495,185.688395,0
2026-04-24 13:00:00,185.688315,186.105015,185.555125,186.078945,0
2026-04-24 14:00:00,186.078745,186.160625,185.729175,185.908855,0
2026-04-24 15:00:00,185.909495,186.440285,185.906255,186.324985,0
2026-04-24 16:00:00,186.325095,186.632485,186.235855,186.371725,0
2026-04-24 17:00:00,186.370775,187.168205,186.318655,187.101175,0
2026-04-24 18:00:00,187.101545,187.132325,186.672105,186.987535,0
2026-04-24 19:00:00,186.987095,187.278345,186.880235,186.999895,0
2026-04-24 20:00:00,186.998895,187.111095,186.723175,186.993665,0
2026-04-24 21:00:00,186.993735,187.043665,186.435585,186.484115,0
2026-04-24 22:00:00,186.477195,186.551125,186.049995,186.174535,0
2026-04-24 23:00:00,186.172965,186.303945,185.957745,186.030935,0
2026-04-25 00:00:00,186.033605,186.343745,185.999235,186.301345,0
2026-04-25 01:00:00,186.301055,186.613025,186.250315,186.565065,0
2026-04-25 02:00:00,186.565875,186.699745,186.430895,186.612865,0
2026-04-25 03:00:00,186.613585,186.824275,186.448365,186.578945,0
2026-04-25 04:00:00,186.580175,186.597315,186.262875,186.333295,0
2026-04-25 05:00:00,186.334925,186.605595,186.333525,186.433355,0
2026-04-25 06:00:00,186.436615,186.457805,186.030225,186.086975,0
2026-04-25 07:00:00,186.085895,186.129985,185.741855,185.971955,0
2026-04-25 08:00:00,185.971415,186.131375,185.862965,185.959215,0
2026-04-25 09:00:00,185.958475,186.629815,185.749685,186.598055,0
2026-04-25 10:00:00,186.600945,187.262735,186.525945,187.240585,0
2026-04-25 11:00:00,187.241055,187.330265,186.962085,187.047875,0
2026-04-25 12:00:00,187.046045,187.696035,187.046045,187.594745,0
2026-04-25 13:00:00,187.596085,187.706605,187.401695,187.671215,0
2026-04-25 14:00:00,187.672365,187.968845,187.590075,187.897645,0
2026-04-25 15:00:00,187.896495,188.002585,187.270765,187.299935,0
2026-04-25 16:00:00,187.302935,187.323255,186.663565,186.695445,0
2026-04-25 17:00:00,186.692815,186.801255,186.583225,186.734905,0
2026-04-25 18:00:00,186.738985,187.222735,186.734105,187.150295,0
2026-04-25 19:00:00,187.152005,187.372705,187.112215,187.334445,0
2026-04-25 20:00:00,187.342515,187.454855,186.783765,186.799485,0
2026-04-25 21:00:00,186.798745,186.934545,186.566665,186.718725,0
2026-04-25 22:00:00,186.725605,187.043105,186.689195,186.824525,0
2026-04-25 23:00:00,186.822215,187.271985,186.651595,187.118605,0
2026-04-26 00:00:00,187.117675,187.238695,186.834035,187.024215,0
2026-04-26 01:00:00,187.024235,187.206125,186.925645,187.042595,0
2026-04-26 02:00:00,187.045015,187.336995,186.970775,187.327865,0
2026-04-26 03:00:00,187.327105,187.629205,186.781225,186.811065,0
2026-04-26 04:00:00,186.810275,187.039125,186.738585,186.904495,0
2026-04-26 05:00:00,186.903735,187.330825,186.848305,187.269735,0
2026-04-26 06:00:00,187.275375,187.555275,187.179285,187.435585,0
2026-04-26 07:00:00,187.435555,187.654775,187.396205,187.580515,0
2026-04-26 08:00:00,187.584295,188.240105,187.543805,188.132715,0
2026-04-26 09:00:00,188.132855,188.145275,187.631605,187.885665,0
2026-04-26 10:00:00,187.884975,187.967645,187.684405,187.792045,0
2026-04-26 11:00:00,187.793285,187.930165,187.587545,187.651135,0
2026-04-26 12:00:00,187.651655,188.319185,187.573005,188.217785,0
2026-04-26 13:00:00,188.217835,188.282995,187.712295,187.897515,0
2026-04-26 14:00:00,187.898515,187.967755,187.465875,187.568945,0
2026-04-26 15:00:00,187.568885,187.688685,187.319535,187.539475,0
2026-04-26 16:00:00,187.537475,187.877655,187.465965,187.717955,0
2026-04-26 17:00:00,187.717775,188.106525,187.688285,187.878495,0
2026-04-26 18:00:00,187.878915,188.388965,187.862435,188.324895,0
2026-04-26 19:00:00,188.324825,188.586405,188.211555,188.378135,0
2026-04-26 20:00:00,188.379235,188.521025,188.141975,188.149565,0
2026-04-26 21:00:00,188.148765,188.396765,187.892685,188.222095,0
2026-04-26 22:00:00,188.221925,188.593195,188.163115,188.290405,0
2026-04-26 23:00:00,188.290845,188.448955,188.190255,188.298175,0
2026-04-27 00:00:00,188.299815,188.383055,188.011785,188.087725,0
2026-04-27 01:00:00,188.088025,188.644495,187.999125,188.502925,0
2026-04-27 02:00:00,188.491365,188.949595,188.466995,188.868485,0
2026-04-27 03:00:00,188.868405,188.985625,188.669485,188.901805,0
2026-04-27 04:00:00,188.901805,188.901805,186.721445,186.897765,0
2026-04-27 05:00:00,186.899735,186.938895,186.447575,186.771195,0
2026-04-27 06:00:00,186.771915,186.967005,186.556065,186.936315,0
2026-04-27 07:00:00,186.936125,186.956485,186.425955,186.604205,0
2026-04-27 08:00:00,186.602685,186.796355,186.294815,186.361375,0
2026-04-27 09:00:00,186.360925,186.591825,186.278825,186.382015,0
2026-04-27 10:00:00,186.384495,186.508115,186.299015,186.368135,0
2026-04-27 11:00:00,186.368885,186.440125,186.125045,186.328065,0
2026-04-27 12:00:00,186.328555,186.386145,185.998815,186.162495,0
2026-04-27 13:00:00,186.163225,186.267345,185.925955,186.059005,0
2026-04-27 14:00:00,186.060855,186.060855,185.465185,185.596695,0
2026-04-27 15:00:00,185.596225,185.691375,185.376245,185.478215,0
2026-04-27 16:00:00,185.478635,185.760865,185.380135,185.643695,0
2026-04-27 17:00:00,185.643985,185.736245,185.228355,185.434465,0
2026-04-27 18:00:00,185.433625,185.648385,185.404705,185.467505,0
2026-04-27 19:00:00,185.466975,185.853965,185.219155,185.821535,0
2026-04-27 20:00:00,185.821735,186.254485,185.673885,185.929765,0
2026-04-27 21:00:00,185.931885,186.103205,185.650305,185.855465,0
2026-04-27 22:00:00,185.855225,186.193625,185.806195,186.069135,0
2026-04-27 23:00:00,186.072415,186.134615,185.769675,185.785155,0
2026-04-28 00:00:00,185.786685,185.827835,185.510755,185.755705,0
2026-04-28 01:00:00,185.755735,186.180905,185.684325,186.134865,0
2026-04-28 02:00:00,186.134925,186.143055,185.813155,185.839245,0
2026-04-28 03:00:00,185.839545,186.246885,185.629245,186.077855,0
2026-04-28 04:00:00,186.078065,186.483985,186.052755,186.290595,0
2026-04-28 05:00:00,186.290105,186.347805,185.951015,186.254325,0
2026-04-28 06:00:00,186.253945,186.629025,186.205755,186.585565,0
2026-04-28 07:00:00,186.586555,186.655195,186.355585,186.439025,0
2026-04-28 08:00:00,186.439275,186.547005,186.316305,186.511035,0
2026-04-28 09:00:00,186.511805,186.744935,186.437125,186.527155,0
2026-04-28 10:00:00,186.532185,186.770205,186.148925,186.202525,0
2026-04-28 11:00:00,186.212055,186.636015,186.084005,186.556315,0
2026-04-28 12:00:00,186.556885,186.671395,186.425755,186.666145,0
2026-04-28 13:00:00,186.665405,187.006285,186.593015,186.820315,0
2026-04-28 14:00:00,186.819145,186.955595,186.609775,186.851825,0
2026-04-28 15:00:00,186.851115,186.982665,186.709345,186.822275,0
2026-04-28 16:00:00,186.822495,187.515275,186.809425,187.513325,0
2026-04-28 17:00:00,187.512385,187.522175,187.019005,187.278785,0
2026-04-28 18:00:00,187.278895,187.360915,186.600365,186.691885,0
2026-04-28 19:00:00,186.687715,186.965675,186.581485,186.610155,0
2026-04-28 20:00:00,186.612715,187.054105,186.464475,186.957825,0
2026-04-28 21:00:00,186.958735,187.078285,186.623095,186.829545,0
2026-04-28 22:00:00,186.832595,186.882485,186.338115,186.491365,0
2026-04-28 23:00:00,186.491865,186.937595,186.425905,186.811065,0
2026-04-29 00:00:00,186.811635,187.128935,186.622585,186.861095,0
2026-04-29 01:00:00,186.861215,186.883335,186.329335,186.441235,0
2026-04-29 02:00:00,186.442405,186.549365,185.837615,186.130855,0
2026-04-29 03:00:00,186.129915,186.420455,185.953445,186.373185,0
2026-04-29 04:00:00,186.373185,187.152905,186.373185,187.081295,0
2026-04-29 05:00:00,187.079205,187.334565,186.967695,187.223065,0
2026-04-29 06:00:00,187.222425,187.227535,186.666945,186.947205,0
2026-04-29 07:00:00,186.941435,186.974225,186.462515,186.609655,0
2026-04-29 08:00:00,186.609265,187.178025,186.604555,187.134295,0
2026-04-29 09:00:00,187.133765,187.628525,187.059815,187.591625,0
2026-04-29 10:00:00,187.592475,187.630295,187.184895,187.624145,0
2026-04-29 11:00:00,187.624055,187.852895,187.500895,187.650615,0
2026-04-29 12:00:00,187.647565,187.674135,187.348605,187.410735,0
2026-04-29 13:00:00,187.401045,187.750685,187.314005,187.410155,0
2026-04-29 14:00:00,187.412265,187.892195,187.401585,187.714685,0
2026-04-29 15:00:00,187.713105,188.047085,187.677995,188.008205,0
2026-04-29 16:00:00,188.007415,188.331915,187.908195,188.041395,0
2026-04-29 17:00:00,188.041815,188.359725,188.016235,188.317275,0
2026-04-29 18:00:00,188.322065,188.471085,188.042525,188.058855,0
2026-04-29 19:00:00,188.054365,188.100915,187.592565,187.691155,0
2026-04-29 20:00:00,187.695085,187.718425,187.191495,187.407065,0
2026-04-29 21:00:00,187.406525,187.564795,187.282135,187.504865,0
2026-04-29 22:00:00,187.506295,187.883065,187.447335,187.717235,0
2026-04-29 23:00:00,187.716325,187.928005,187.298145,187.377215,0
2026-04-30 00:00:00,187.374475,187.706525,187.321945,187.470625,0
2026-04-30 01:00:00,187.472065,187.999715,187.439635,187.869825,0
2026-04-30 02:00:00,187.869735,188.183465,187.709625,188.173295,0
2026-04-30 03:00:00,188.179535,188.408085,188.070335,188.313245,0
2026-04-30 04:00:00,188.312485,188.445795,188.075965,188.157255,0
2026-04-30 05:00:00,188.157835,188.333825,187.913765,188.274755,0
2026-04-30 06:00:00,188.274745,188.379095,188.031395,188.063285,0
2026-04-30 07:00:00,188.063975,188.197965,187.834105,188.043385,0
2026-04-30 08:00:00,188.044395,188.249705,187.876205,187.922885,0
2026-04-30 09:00:00,187.923175,188.065185,187.801375,187.970335,0
2026-04-30 10:00:00,187.972005,188.064985,187.726275,187.794975,0
2026-04-30 11:00:00,187.794995,187.938705,187.417495,187.472565,0
2026-04-30 12:00:00,187.472805,187.803405,187.396585,187.465415,0
2026-04-30 13:00:00,187.466865,187.882235,187.443685,187.570735,0
2026-04-30 14:00:00,187.571065,188.057195,187.554845,188.007885,0
2026-04-30 15:00:00,188.007565,188.288335,187.743625,188.207185,0
2026-04-30 16:00:00,188.207305,188.251615,187.768395,187.807875,0
2026-04-30 17:00:00,187.807555,188.142995,187.725445,187.936715,0
2026-04-30 18:00:00,187.926615,188.258375,187.879835,188.090125,0
2026-04-30 19:00:00,188.090795,188.145425,187.833975,188.039455,0
2026-04-30 20:00:00,188.033905,188.287905,187.942275,188.148445,0
2026-04-30 21:00:00,188.147155,188.650095,188.139005,188.338135,0
2026-04-30 22:00:00,188.338575,188.650705,188.242935,188.644175,0
2026-04-30 23:00:00,188.643625,188.648055,188.049385,188.344795,0
2026-05-01 00:00:00,188.345295,188.497495,188.167325,188.252605,0
2026-05-01 01:00:00,188.250425,188.402625,187.734295,187.876945,0
2026-05-01 02:00:00,187.877045,187.978805,187.537825,187.686085,0
2026-05-01 03:00:00,187.687255,187.694385,187.117675,187.166945,0
2026-05-01 04:00:00,187.166945,187.166945,184.281235,184.600605,0
2026-05-01 05:00:00,184.601025,184.603505,184.089345,184.130205,0
2026-05-01 06:00:00,184.132545,184.138175,183.595365,183.602145,0
2026-05-01 07:00:00,183.601405,183.639925,183.163985,183.392585,0
2026-05-01 08:00:00,183.387735,183.974395,183.330555,183.919345,0
2026-05-01 09:00:00,183.921485,184.126855,183.512205,183.677265,0
2026-05-01 10:00:00,183.674635,184.023325,183.661755,183.673125,0
2026-05-01 11:00:00,183.672535,183.684935,183.087535,183.400495,0
2026-05-01 12:00:00,183.400625,183.515435,183.153295,183.255865,0
2026-05-01 13:00:00,183.255835,183.405115,183.044045,183.092085,0
2026-05-01 14:00:00,183.088265,183.298045,182.990355,183.140835,0
2026-05-01 15:00:00,183.141225,183.361385,182.999345,183.054675,0
2026-05-01 16:00:00,183.054545,183.388015,182.968865,183.255085,0
2026-05-01 17:00:00,183.255615,183.326155,183.070995,183.233925,0
2026-05-01 18:00:00,183.233545,183.401415,182.773695,182.851075,0
2026-05-01 19:00:00,182.851205,182.902745,182.500515,182.599635,0
2026-05-01 20:00:00,182.592735,182.982885,182.578325,182.830155,0
2026-05-01 21:00:00,182.832505,183.406645,182.695035,183.304905,0
2026-05-01 22:00:00,183.305405,183.469435,183.198475,183.383225,0
2026-05-01 23:00:00,183.386345,183.391995,183.022395,183.310765,0
2026-05-02 00:00:00,183.310085,183.552915,183.006305,183.526445,0
2026-05-02 01:00:00,183.532015,183.784125,183.340785,183.725975,0
2026-05-02 02:00:00,183.727275,183.729995,183.186055,183.576515,0
2026-05-02 03:00:00,183.575545,183.991445,183.539445,183.727095,0
2026-05-02 04:00:00,183.729985,183.830065,183.305885,183.396515,0
2026-05-02 05:00:00,183.397265,183.881715,183.317655,183.664025,0
2026-05-02 06:00:00,183.663685,183.993975,183.624655,183.662215,0
2026-05-02 07:00:00,183.660805,183.708035,183.252455,183.277865,0
2026-05-02 08:00:00,183.275335,183.341405,182.884435,183.043245,0
2026-05-02 09:00:00,183.043255,183.271155,182.895505,182.911935,0
2026-05-02 10:00:00,182.911755,183.231185,182.550285,182.571405,0
2026-05-02 11:00:00,182.569275,182.796475,182.431165,182.702605,0
2026-05-02 12:00:00,182.703605,182.922595,182.553445,182.566155,0
2026-05-02 13:00:00,182.573275,183.006365,182.569305,182.638085,0
2026-05-02 14:00:00,182.640105,182.900485,182.484875,182.836115,0
2026-05-02 15:00:00,182.836915,182.991505,182.669505,182.749605,0
2026-05-02 16:00:00,182.747085,183.170125,182.710145,183.169585,0
2026-05-02 17:00:00,183.169345,183.297805,182.889855,182.966005,0
2026-05-02 18:00:00,182.966125,183.044025,182.715435,182.719085,0
2026-05-02 19:00:00,182.719985,183.191245,182.682835,183.169155,0
2026-05-02 20:00:00,183.168775,183.326945,183.024175,183.121685,0
2026-05-02 21:00:00,183.120565,183.269555,182.916145,183.230635,0
2026-05-02 22:00:00,183.231005,183.340205,182.963285,183.146215,0
2026-05-02 23:00:00,183.145145,183.307125,182.640305,182.662285,0
2026-05-03 00:00:00,182.663165,182.712005,182.270455,182.546075,0
2026-05-03 01:00:00,182.548785,182.872965,182.360155,182.791935,0
2026-05-03 02:00:00,182.799935,182.910515,182.483885,182.528025,0
2026-05-03 03:00:00,182.532635,182.678815,182.067225,182.096595,0
2026-05-03 04:00:00,182.092935,182.138815,181.607365,181.650825,0
2026-05-03 05:00:00,181.651485,181.922185,181.524295,181.763025,0
2026-05-03 06:00:00,181.759155,181.918945,181.583375,181.699835,0
2026-05-03 07:00:00,181.699375,181.919135,181.486725,181.534025,0
2026-05-03 08:00:00,181.534205,181.590265,181.131925,181.420335,0
2026-05-03 09:00:00,181.419865,181.601615,181.168755,181.564325,0
2026-05-03 10:00:00,181.563895,181.630395,181.240445,181.477635,0
2026-05-03 11:00:00,181.477095,181.690275,181.398925,181.453595,0
2026-05-03 12:00:00,181.455375,181.766755,181.356325,181.540255,0
2026-05-03 13:00:00,181.540185,181.552805,181.001245,181.037985,0
2026-05-03 14:00:00,181.041925,181.226895,180.869855,180.892785,0
2026-05-03 15:00:00,180.893195,181.214605,180.834765,181.191875,0
2026-05-03 16:00:00,181.192965,181.591795,181.110735,181.254945,0
2026-05-03 17:00:00,181.252935,181.486665,181.000055,181.034045,0
2026-05-03 18:00:00,181.034965,181.507645,181.006375,181.208295,0
2026-05-03 19:00:00,181.208155,181.295055,180.913905,180.974275,0
2026-05-03 20:00:00,180.975665,181.028365,180.740355,180.872725,0
2026-05-03 21:00:00,180.870405,181.178305,180.674275,181.107505,0
2026-05-03 22:00:00,181.107895,181.410365,181.030685,181.119545,0
2026-05-03 23:00:00,181.120725,181.399175,181.036635,181.384005,0
2026-05-04 00:00:00,181.384655,181.438065,181.039405,181.065395,0
2026-05-04 01:00:00,181.068635,181.406585,180.868925,181.241335,0
2026-05-04 02:00:00,181.242595,181.640415,181.240625,181.631775,0
2026-05-04 03:00:00,181.633225,182.257755,181.568655,182.114615,0
2026-05-04 04:00:00,182.114615,183.790845,182.114615,183.441865,0
2026-05-04 05:00:00,183.443435,183.761785,183.441375,183.528715,0
2026-05-04 06:00:00,183.531825,183.968465,183.483395,183.760135,0
2026-05-04 07:00:00,183.760265,183.845725,183.564595,183.584975,0
2026-05-04 08:00:00,183.581885,183.972645,183.487425,183.579315,0
2026-05-04 09:00:00,183.578435,183.682935,183.304265,183.412915,0
2026-05-04 10:00:00,183.413225,183.545205,183.361245,183.386195,0
2026-05-04 11:00:00,183.382895,183.423435,183.137925,183.383955,0
2026-05-04 12:00:00,183.384375,183.642445,183.304975,183.637215,0
2026-05-04 13:00:00,183.641325,183.814405,183.361305,183.750175,0
2026-05-04 14:00:00,183.753295,184.258245,183.719885,184.045895,0
2026-05-04 15:00:00,184.047915,184.421905,183.906315,184.404615,0
2026-05-04 16:00:00,184.405015,184.459335,184.175275,184.341805,0
2026-05-04 17:00:00,184.341795,184.680065,184.234215,184.610595,0
2026-05-04 18:00:00,184.610025,184.904425,184.449615,184.731125,0
2026-05-04 19:00:00,184.733775,184.780055,184.500695,184.583375,0
2026-05-04 20:00:00,184.584095,184.734665,184.384235,184.469415,0
2026-05-04 21:00:00,184.469275,184.896765,184.449185,184.883565,0
2026-05-04 22:00:00,184.883485,185.093205,184.856545,184.865095,0
2026-05-04 23:00:00,184.864385,185.000935,184.668525,184.784785,0
2026-05-05 00:00:00,184.782365,185.064355,184.730665,185.060905,0
2026-05-05 01:00:00,185.067635,185.184865,184.967855,185.062625,0
2026-05-05 02:00:00,185.061985,185.106665,184.731325,184.813115,0
2026-05-05 03:00:00,184.812045,185.087365,184.786355,184.869975,0
2026-05-05 04:00:00,184.870185,185.117625,184.722235,184.975695,0
2026-05-05 05:00:00,184.975115,185.049365,184.496155,184.630465,0
2026-05-05 06:00:00,184.630405,185.029925,184.587975,184.646755,0
2026-05-05 07:00:00,184.646945,184.770295,184.452055,184.544065,0
2026-05-05 08:00:00,184.543595,185.046615,184.534165,184.653695,0
2026-05-05 09:00:00,184.656765,184.658565,184.237255,184.259785,0
2026-05-05 10:00:00,184.263005,184.433595,184.126495,184.143105,0
2026-05-05 11:00:00,184.143855,184.482105,183.966925,184.470295,0
2026-05-05 12:00:00,184.470485,184.683115,184.378915,184.510055,0
2026-05-05 13:00:00,184.509745,184.533625,184.103735,184.121955,0
2026-05-05 14:00:00,184.122365,184.171585,183.660645,183.955015,0
2026-05-05 15:00:00,183.951175,184.018735,183.600915,183.996415,0
2026-05-05 16:00:00,183.995065,184.189795,183.803475,184.176925,0
2026-05-05 17:00:00,184.176155,184.296315,184.059715,184.200565,0
2026-05-05 18:00:00,184.199485,184.200915,183.608785,183.743125,0
2026-05-05 19:00:00,183.742995,183.877205,183.449875,183.477755,0
2026-05-05 20:00:00,183.478015,183.991375,183.449705,183.793515,0
2026-05-05 21:00:00,183.797955,184.508035,183.797475,184.311445,0
2026-05-05 22:00:00,184.311755,184.437565,183.865075,183.897385,0
2026-05-05 23:00:00,183.897515,183.917055,183.508975,183.594695,0
2026-05-06 00:00:00,183.593595,183.756115,183.358715,183.440275,0
2026-05-06 01:00:00,183.438135,183.514695,183.096065,183.135715,0
2026-05-06 02:00:00,183.134155,183.523545,182.992025,183.260495,0
2026-05-06 03:00:00,183.254505,183.290255,182.705365,182.730645,0
2026-05-06 04:00:00,182.730645,185.131615,182.730645,184.945965,0
2026-05-06 05:00:00,184.945915,184.954645,184.611825,184.644905,0
2026-05-06 06:00:00,184.642785,185.098735,184.590365,184.919225,0
2026-05-06 07:00:00,184.919195,185.070085,184.724985,185.025375,0
2026-05-06 08:00:00,185.026695,185.029515,184.633305,184.652935,0
2026-05-06 09:00:00,184.660265,184.668025,184.330185,184.571275,0
2026-05-06 10:00:00,184.569895,184.835305,184.392855,184.448185,0
2026-05-06 11:00:00,184.450145,184.492495,184.041485,184.085905,0
2026-05-06 12:00:00,184.085515,184.211245,183.902745,184.150065,0
2026-05-06 13:00:00,184.150125,184.307165,184.051455,184.141235,0
2026-05-06 14:00:00,184.139755,184.500455,183.908255,184.323855,0
2026-05-06 15:00:00,184.326005,184.484455,184.234915,184.454845,0
2026-05-06 16:00:00,184.453065,184.589165,184.270175,184.452355,0
2026-05-06 17:00:00,184.454355,184.814405,184.314415,184.811435,0
2026-05-06 18:00:00,184.813065,184.974905,184.543205,184.921055,0
2026-05-06 19:00:00,184.921905,185.582495,184.908975,185.425755,0
2026-05-06 20:00:00,185.428475,185.479465,185.103745,185.387555,0
2026-05-06 21:00:00,185.385585,185.862155,185.377905,185.815275,0
2026-05-06 22:00:00,185.817705,185.912055,185.112925,185.168595,0
2026-05-06 23:00:00,185.168155,185.240315,184.947765,185.114875,0
2026-05-07 00:00:00,185.113775,185.149215,184.822725,184.975005,0
2026-05-07 01:00:00,184.976005,185.164595,184.689565,185.084845,0
2026-05-07 02:00:00,185.085195,185.296155,184.926235,185.143255,0
2026-05-07 03:00:00,185.143265,185.251485,184.953365,185.057425,0
2026-05-07 04:00:00,185.057525,185.091535,184.489455,184.496375,0
2026-05-07 05:00:00,184.498325,184.654205,184.091445,184.619885,0
2026-05-07 06:00:00,184.621505,184.747635,184.374945,184.738785,0
2026-05-07 07:00:00,184.736965,184.829085,184.394895,184.531175,0
2026-05-07 08:00:00,184.521215,184.562775,184.013225,184.218555,0
2026-05-07 09:00:00,184.220185,184.477535,184.053595,184.458975,0
2026-05-07 10:00:00,184.459025,184.701575,184.330835,184.631865,0
2026-05-07 11:00:00,184.634685,184.719565,184.343235,184.370845,0
2026-05-07 12:00:00,184.370455,184.500735,184.157375,184.363355,0
2026-05-07 13:00:00,184.362405,184.794555,184.309185,184.541735,0
2026-05-07 14:00:00,184.543255,184.866595,184.446645,184.762405,0
2026-05-07 15:00:00,184.763805,185.018055,184.659155,184.780675,0
2026-05-07 16:00:00,184.780785,184.894805,184.595575,184.672165,0
2026-05-07 17:00:00,184.674135,184.878925,184.448185,184.651675,0
2026-05-07 18:00:00,184.650415,184.850895,184.442735,184.567835,0
2026-05-07 19:00:00,184.566665,185.427835,184.513485,185.364505,0
2026-05-07 20:00:00,185.361765,185.495215,185.259135,185.391715,0
2026-05-07 21:00:00,185.391405,185.529575,185.201495,185.403005,0
2026-05-07 22:00:00,185.403355,185.490945,184.958405,185.088445,0
2026-05-07 23:00:00,185.088105,185.095745,184.707735,184.827175,0
2026-05-08 00:00:00,184.827125,184.830615,184.381155,184.675755,0
2026-05-08 01:00:00,184.673825,184.859845,184.408715,184.757325,0
2026-05-08 02:00:00,184.761545,184.797245,184.419435,184.585875,0
2026-05-08 03:00:00,184.585665,184.787405,184.365005,184.755525,0
2026-05-08 04:00:00,184.755525,184.755525,183.977425,184.270575,0
2026-05-08 05:00:00,184.271295,184.483965,184.053815,184.286835,0
2026-05-08 06:00:00,184.286635,184.506425,184.096045,184.204145,0
2026-05-08 07:00:00,184.202185,184.346455,184.099995,184.122555,0
2026-05-08 08:00:00,184.123305,184.125765,183.661325,183.760505,0
2026-05-08 09:00:00,183.761515,184.019075,183.566625,183.803915,0
2026-05-08 10:00:00,183.804085,184.191975,183.637905,184.174775,0
2026-05-08 11:00:00,184.172655,184.216755,184.021355,184.062185,0
2026-05-08 12:00:00,184.062165,184.082395,183.757075,184.078255,0
2026-05-08 13:00:00,184.077485,184.087655,183.681645,183.736105,0
2026-05-08 14:00:00,183.737405,183.965915,183.568315,183.920435,0
2026-05-08 15:00:00,183.920605,183.940355,183.635675,183.781195,0
2026-05-08 16:00:00,183.781675,184.199825,183.690445,184.159915,0
2026-05-08 17:00:00,184.161515,184.534545,184.032905,184.391495,0
2026-05-08 18:00:00,184.392425,184.481125,183.729985,183.775195,0
2026-05-08 19:00:00,183.773545,183.816065,183.327885,183.383105,0
2026-05-08 20:00:00,183.379705,183.987305,183.361565,183.861765,0
2026-05-08 21:00:00,183.859325,184.301325,183.851445,184.172585,0
2026-05-08 22:00:00,184.171825,184.548565,184.071395,184.382585,0
2026-05-08 23:00:00,184.382625,184.656115,184.320625,184.507985,0
2026-05-09 00:00:00,184.508355,184.519595,184.151225,184.380635,0
2026-05-09 01:00:00,184.384525,184.517345,184.195505,184.458895,0
2026-05-09 02:00:00,184.460885,184.542935,184.200005,184.285105,0
2026-05-09 03:00:00,184.286745,184.426855,184.148945,184.342955,0
2026-05-09 04:00:00,184.342775,184.704625,184.147775,184.619445,0
2026-05-09 05:00:00,184.618945,184.686525,184.252925,184.301695,0
2026-05-09 06:00:00,184.302155,184.685815,184.240585,184.621915,0
2026-05-09 07:00:00,184.623015,184.712635,184.367585,184.557505,0
2026-05-09 08:00:00,184.556595,184.686005,184.095505,184.165435,0
2026-05-09 09:00:00,184.169645,184.492865,184.158955,184.398265,0
2026-05-09 10:00:00,184.397765,184.518585,183.781565,183.784445,0
2026-05-09 11:00:00,183.785265,184.165325,183.761835,184.066415,0
2026-05-09 12:00:00,184.067885,184.183595,183.834945,184.121895,0
2026-05-09 13:00:00,184.122055,184.163185,183.740925,183.740925,0
2026-05-09 14:00:00,183.742915,184.171065,183.681575,184.134365,0
2026-05-09 15:00:00,184.134525,184.388595,184.047245,184.339225,0
2026-05-09 16:00:00,184.339545,184.396465,183.944205,184.110465,0
2026-05-09 17:00:00,184.109885,184.256235,183.693715,183.693715,0
2026-05-09 18:00:00,183.692595,183.863495,183.493785,183.821095,0
2026-05-09 19:00:00,183.819425,184.097645,183.645615,183.964285,0
2026-05-09 20:00:00,183.968585,184.037865,183.579775,183.625015,0
2026-05-09 21:00:00,183.623125,183.733995,183.232725,183.297255,0
2026-05-09 22:00:00,183.295865,183.995945,183.295865,183.924525,0
2026-05-09 23:00:00,183.922975,184.006205,183.297855,183.303375,0
2026-05-10 00:00:00,183.304885,183.749145,183.211025,183.430865,0
2026-05-10 01:00:00,183.430465,183.753465,183.424225,183.545125,0
2026-05-10 02:00:00,183.544605,183.561095,182.895575,182.895575,0
2026-05-10 03:00:00,182.893645,183.074405,182.689675,183.069535,0
2026-05-10 04:00:00,183.069075,183.195585,182.864865,182.998545,0
2026-05-10 05:00:00,182.998305,183.809415,182.996425,183.788845,0
2026-05-10 06:00:00,183.788545,184.169085,183.691715,183.778835,0
2026-05-10 07:00:00,183.780835,183.871445,183.149335,183.167615,0
2026-05-10 08:00:00,183.170795,183.206065,182.579085,182.706505,0
2026-05-10 09:00:00,182.702915,182.728105,182.338725,182.495975,0
2026-05-10 10:00:00,182.488985,182.538485,182.227575,182.373355,0
2026-05-10 11:00:00,182.373565,182.515465,182.209225,182.257745,0
2026-05-10 12:00:00,182.257575,182.570845,182.234515,182.388525,0
2026-05-10 13:00:00,182.388355,182.411025,182.134795,182.254725,0
2026-05-10 14:00:00,182.254685,182.355315,181.974905,182.285135,0
2026-05-10 15:00:00,182.284975,182.297075,181.644865,181.930055,0
2026-05-10 16:00:00,181.929735,182.037245,181.640215,181.847375,0
2026-05-10 17:00:00,181.847105,182.058905,181.765365,181.994715,0
2026-05-10 18:00:00,181.994865,182.055965,181.619145,181.656395,0
2026-05-10 19:00:00,181.656625,181.665925,181.242925,181.372415,0
2026-05-10 20:00:00,181.371285,181.448095,181.000585,181.144235,0
2026-05-10 21:00:00,181.145265,181.415705,181.056005,181.145275,0
2026-05-10 22:00:00,181.141785,181.315485,180.875205,181.218785,0
2026-05-10 23:00:00,181.216985,181.837765,181.183755,181.728155,0
2026-05-11 00:00:00,181.728375,181.977625,181.463475,181.472225,0
2026-05-11 01:00:00,181.470945,181.494315,181.276045,181.357535,0
2026-05-11 02:00:00,181.361215,181.422165,180.711695,180.836985,0
2026-05-11 03:00:00,180.836545,181.234315,180.806945,181.082485,0
2026-05-11 04:00:00,181.082485,184.963315,181.082485,184.909435,0
2026-05-11 05:00:00,184.909755,185.067025,184.617385,184.633215,0
2026-05-11 06:00:00,184.631855,185.063575,184.567645,184.988235,0
2026-05-11 07:00:00,184.987925,185.153245,184.689315,184.704095,0
2026-05-11 08:00:00,184.703485,184.805725,184.385945,184.433135,0
2026-05-11 09:00:00,184.442575,184.678995,184.320725,184.619375,0
2026-05-11 10:00:00,184.619735,185.046765,184.619735,184.976975,0
2026-05-11 11:00:00,184.976655,185.068345,184.789835,184.937665,0
2026-05-11 12:00:00,184.932815,185.097115,184.662645,184.914695,0
2026-05-11 13:00:00,184.914805,184.914845,184.382755,184.439005,0
2026-05-11 14:00:00,184.440365,184.481215,184.098825,184.205445,0
2026-05-11 15:00:00,184.205075,184.592505,184.092755,184.549225,0
2026-05-11 16:00:00,184.548185,184.843515,184.427285,184.722475,0
2026-05-11 17:00:00,184.724235,185.139005,184.638085,185.108445,0
2026-05-11 18:00:00,185.107835,185.259235,184.870845,185.225425,0
2026-05-11 19:00:00,185.226485,185.554705,185.134345,185.551485,0
2026-05-11 20:00:00,185.554715,186.173315,185.474135,186.123055,0
2026-05-11 21:00:00,186.123875,186.758465,186.048465,186.742665,0
2026-05-11 22:00:00,186.741745,186.970895,186.696225,186.712665,0
2026-05-11 23:00:00,186.714395,186.901575,186.374285,186.420815,0
2026-05-12 00:00:00,186.420055,186.611605,186.290935,186.341555,0
2026-05-12 01:00:00,186.342805,186.557645,186.240615,186.490285,0
2026-05-12 02:00:00,186.491125,186.660285,186.191455,186.363655,0
2026-05-12 03:00:00,186.365135,186.466645,185.991595,186.054415,0
2026-05-12 04:00:00,186.057735,186.458005,185.998745,186.222655,0
2026-05-12 05:00:00,186.222505,186.488965,186.194445,186.408325,0
2026-05-12 06:00:00,186.409375,186.450435,185.674345,185.675365,0
2026-05-12 07:00:00,185.677605,185.912625,185.449125,185.706565,0
2026-05-12 08:00:00,185.705515,185.957745,185.344535,185.358715,0
2026-05-12 09:00:00,185.358565,185.771855,185.358565,185.608245,0
2026-05-12 10:00:00,185.607355,185.882855,185.472395,185.821465,0
2026-05-12 11:00:00,185.826935,186.251655,185.816475,186.218875,0
2026-05-12 12:00:00,186.217755,186.241835,185.982945,186.172645,0
2026-05-12 13:00:00,186.174605,186.470605,186.003215,186.036405,0
2026-05-12 14:00:00,186.035725,186.173835,185.720425,186.096145,0
2026-05-12 15:00:00,186.096315,186.454865,186.061065,186.394875,0
2026-05-12 16:00:00,186.397055,186.403415,185.605625,185.786475,0
2026-05-12 17:00:00,185.786915,186.291415,185.782085,186.159005,0
2026-05-12 18:00:00,186.159175,186.167015,185.674705,185.770965,0
2026-05-12 19:00:00,185.771225,185.784795,185.476435,185.636905,0
2026-05-12 20:00:00,185.635545,185.762525,185.124625,185.164755,0
2026-05-12 21:00:00,185.164055,185.268655,185.005085,185.067695,0
2026-05-12 22:00:00,185.068255,185.270785,184.858835,184.888035,0
2026-05-12 23:00:00,184.886955,185.280225,184.840145,185.250675,0
2026-05-13 00:00:00,185.253275,185.417585,184.985145,185.013285,0
2026-05-13 01:00:00,185.010005,185.161155,184.871065,185.040235,0
2026-05-13 02:00:00,185.040325,185.495755,184.993495,185.463555,0
2026-05-13 03:00:00,185.462355,185.586505,185.205265,185.384285,0
2026-05-13 04:00:00,185.384285,185.384285,184.943405,185.043825,0
2026-05-13 05:00:00,185.042185,185.173875,184.858925,184.950295,0
2026-05-13 06:00:00,184.951555,184.976465,184.634025,184.721865,0
2026-05-13 07:00:00,184.722705,184.826565,184.382575,184.505665,0
2026-05-13 08:00:00,184.503335,184.853975,184.444065,184.663475,0
2026-05-13 09:00:00,184.663875,184.943105,184.633555,184.926635,0
2026-05-13 10:00:00,184.927345,185.028665,184.561935,184.682985,0
2026-05-13 11:00:00,184.684585,184.909565,184.391855,184.438715,0
2026-05-13 12:00:00,184.439255,184.648655,184.280245,184.359145,0
2026-05-13 13:00:00,184.361195,184.600685,184.266265,184.398165,0
2026-05-13 14:00:00,184.396605,184.625405,184.125455,184.261045,0
2026-05-13 15:00:00,184.261085,184.665765,184.236755,184.653625,0
2026-05-13 16:00:00,184.656785,184.860145,184.563165,184.736935,0
2026-05-13 17:00:00,184.736835,184.962045,184.561145,184.889315,0
2026-05-13 18:00:00,184.887035,185.248115,184.719385,185.146565,0
2026-05-13 19:00:00,185.140855,185.215615,184.651505,184.678365,0
2026-05-13 20:00:00,184.678295,185.389945,184.665115,185.304485,0
2026-05-13 21:00:00,185.305405,185.442995,184.970425,185.005605,0
2026-05-13 22:00:00,185.005885,185.178355,184.879535,185.124685,0
2026-05-13 23:00:00,185.124405,185.126855,184.657565,184.707485,0
2026-05-14 00:00:00,184.708535,184.949365,184.674665,184.882165,0
2026-05-14 01:00:00,184.883605,185.161155,184.701495,185.157965,0
2026-05-14 02:00:00,185.158205,185.225125,184.466275,184.526985,0
2026-05-14 03:00:00,184.526815,184.811655,184.399065,184.714215,0
2026-05-14 04:00:00,184.714285,184.978655,184.654635,184.665035,0
2026-05-14 05:00:00,184.669435,184.974965,184.449945,184.875095,0
2026-05-14 06:00:00,184.872025,185.231415,184.809315,185.083495,0
2026-05-14 07:00:00,185.082515,185.188015,184.463515,184.647775,0
2026-05-14 08:00:00,184.646985,184.781885,184.577915,184.598605,0
2026-05-14 09:00:00,184.600145,185.050485,184.575065,185.050485,0
2026-05-14 10:00:00,185.051145,185.135345,184.824795,185.030285,0
2026-05-14 11:00:00,185.029405,185.133105,184.662025,184.864865,0
2026-05-14 12:00:00,184.865405,185.100685,184.778855,184.782105,0
2026-05-14 13:00:00,184.782535,184.981015,184.699665,184.960565,0
2026-05-14 14:00:00,184.961905,185.669445,184.939245,185.660265,0
2026-05-14 15:00:00,185.659105,185.715665,185.184415,185.202865,0
2026-05-14 16:00:00,185.199895,185.369085,185.017295,185.034075,0
2026-05-14 17:00:00,185.034085,185.421425,185.003805,185.204525,0
2026-05-14 18:00:00,185.202035,185.479855,185.177305,185.297115,0
2026-05-14 19:00:00,185.296685,185.367035,184.699685,184.798405,0
2026-05-14 20:00:00,184.798055,185.013505,184.668905,184.844165,0
2026-05-14 21:00:00,184.845145,184.940085,184.640175,184.689195,0
2026-05-14 22:00:00,184.688085,185.654635,184.688085,185.636165,0
2026-05-14 23:00:00,185.635205,185.875145,185.580845,185.628055,0
2026-05-15 00:00:00,185.628305,185.628585,185.218635,185.445235,0
2026-05-15 01:00:00,185.446285,185.566485,184.889765,185.120395,0
2026-05-15 02:00:00,185.130225,185.314235,184.977325,185.060775,0
2026-05-15 03:00:00,185.061265,185.233295,184.829855,185.019085,0
2026-05-15 04:00:00,185.019085,185.019085,184.549965,184.809905,0
2026-05-15 05:00:00,184.809475,184.840775,184.445235,184.594905,0
2026-05-15 06:00:00,184.595865,184.778945,184.489765,184.658265,0
2026-05-15 07:00:00,184.655705,185.137905,184.486345,185.101785,0
2026-05-15 08:00:00,185.101515,185.201555,184.843255,185.065115,0
2026-05-15 09:00:00,185.065695,185.079585,184.735045,184.951965,0
2026-05-15 10:00:00,184.949685,185.299155,184.806785,184.820345,0
2026-05-15 11:00:00,184.820035,185.206665,184.807175,185.096815,0
2026-05-15 12:00:00,185.096295,185.437205,185.095385,185.216085,0
2026-05-15 13:00:00,185.216885,185.423135,185.109015,185.373485,0
2026-05-15 14:00:00,185.374045,185.557255,185.266745,185.390755,0
2026-05-15 15:00:00,185.390435,185.588665,185.358855,185.399955,0
2026-05-15 16:00:00,185.397555,185.536205,185.127575,185.209695,0
2026-05-15 17:00:00,185.209295,185.450725,185.006095,185.381005,0
2026-05-15 18:00:00,185.380275,185.794725,185.297645,185.637265,0
2026-05-15 19:00:00,185.637545,185.682395,185.306775,185.531225,0
2026-05-15 20:00:00,185.530135,185.609565,185.094645,185.396085,0
2026-05-15 21:00:00,185.391995,185.516805,184.885845,184.927655,0
2026-05-15 22:00:00,184.927525,185.276425,184.850335,185.177345,0
2026-05-15 23:00:00,185.176305,185.710975,185.149215,185.690905,0
2026-05-16 00:00:00,185.685975,185.765775,185.149045,185.218845,0
2026-05-16 01:00:00,185.219595,185.260965,184.803475,184.819885,0
2026-05-16 02:00:00,184.821175,184.830685,184.113065,184.308205,0
2026-05-16 03:00:00,184.307795,184.397815,184.130035,184.130035,0
2026-05-16 04:00:00,184.127365,184.127365,183.688975,183.966925,0
2026-05-16 05:00:00,183.965895,184.112745,183.609605,183.699495,0
2026-05-16 06:00:00,183.692625,183.992015,183.581945,183.664895,0
2026-05-16 07:00:00,183.665335,183.864135,183.566775,183.634265,0
2026-05-16 08:00:00,183.634415,183.663275,183.338215,183.372855,0
2026-05-16 09:00:00,183.372735,183.867065,183.352825,183.834515,0
2026-05-16 10:00:00,183.834415,184.373365,183.768145,184.334885,0
2026-05-16 11:00:00,184.335205,184.745535,184.227905,184.300595,0
2026-05-16 12:00:00,184.302025,184.665145,184.294495,184.558075,0
2026-05-16 13:00:00,184.556795,184.916445,184.454145,184.588625,0
2026-05-16 14:00:00,184.586225,185.025065,184.530525,184.904865,0
2026-05-16 15:00:00,184.901545,185.285095,184.891755,185.171895,0
2026-05-16 16:00:00,185.171055,185.552105,185.135985,185.422895,0
2026-05-16 17:00:00,185.423245,185.494095,185.071115,185.166775,0
2026-05-16 18:00:00,185.164725,185.479105,185.093085,185.465605,0
2026-05-16 19:00:00,185.463575,185.605275,185.218905,185.602605,0
2026-05-16 20:00:00,185.600785,185.702055,185.391225,185.483775,0
2026-05-16 21:00:00,185.481785,185.684965,185.281265,185.436575,0
2026-05-16 22:00:00,185.436285,185.897735,185.287325,185.749835,0
2026-05-16 23:00:00,185.751435,185.986985,185.702305,185.707455,0
2026-05-17 00:00:00,185.705945,185.829795,185.393265,185.760975,0
2026-05-17 01:00:00,185.760085,186.170535,185.731725,186.073815,0
2026-05-17 02:00:00,186.073445,186.403925,186.001615,186.188295,0
2026-05-17 03:00:00,186.188215,186.334195,185.818055,185.865525,0
2026-05-17 04:00:00,185.866415,186.170945,185.725735,185.969855,0
2026-05-17 05:00:00,185.968355,186.388505,185.963605,186.073225,0
2026-05-17 06:00:00,186.074225,186.525185,186.039665,186.383965,0
2026-05-17 07:00:00,186.383645,186.586215,186.268025,186.429705,0
2026-05-17 08:00:00,186.429235,186.574905,186.106795,186.237395,0
2026-05-17 09:00:00,186.234625,186.915875,186.175125,186.899765,0
2026-05-17 10:00:00,186.898645,187.019715,186.681015,186.911505,0
2026-05-17 11:00:00,186.910685,187.113215,186.702595,186.921475,0
2026-05-17 12:00:00,186.921215,186.969945,186.639475,186.824725,0
2026-05-17 13:00:00,186.821535,186.929245,186.498495,186.548895,0
2026-05-17 14:00:00,186.547545,186.570625,186.108875,186.342095,0
2026-05-17 15:00:00,186.342855,186.426795,185.808005,185.936235,0
2026-05-17 16:00:00,185.936785,186.300285,185.832105,186.001815,0
2026-05-17 17:00:00,186.001905,186.152525,185.890815,185.985505,0
2026-05-17 18:00:00,185.980175,186.456615,185.949185,186.317895,0
2026-05-17 19:00:00,186.318645,186.328515,185.650995,185.730965,0
2026-05-17 20:00:00,185.728595,185.791855,185.047345,185.120475,0
2026-05-17 21:00:00,185.121865,185.599215,185.060665,185.514855,0
2026-05-17 22:00:00,185.515825,185.724075,185.322865,185.368265,0
2026-05-17 23:00:00,185.367825,185.373295,184.972595,185.009995,0
2026-05-18 00:00:00,185.003655,185.311465,184.876695,184.926705,0
2026-05-18 01:00:00,184.932475,185.029335,184.620365,184.728955,0
2026-05-18 02:00:00,184.730105,184.968265,184.669845,184.732295,0
2026-05-18 03:00:00,184.732575,184.768315,184.325575,184.709105,0
2026-05-18 04:00:00,184.709105,184.959945,184.677975,184.861335,0
2026-05-18 05:00:00,184.863515,185.435995,184.821095,185.374215,0
2026-05-18 06:00:00,185.362745,185.450165,185.132165,185.132975,0
2026-05-18 07:00:00,185.132795,185.379985,184.987975,185.366955,0
2026-05-18 08:00:00,185.366265,185.438815,185.160615,185.256255,0
2026-05-18 09:00:00,185.251235,185.269325,184.849695,184.850455,0
2026-05-18 10:00:00,184.852535,184.992115,184.701705,184.850915,0
2026-05-18 11:00:00,184.851545,185.321945,184.768015,185.179895,0
2026-05-18 12:00:00,185.177155,185.228205,184.855675,184.936155,0
2026-05-18 13:00:00,184.936215,185.195665,184.813195,185.031325,0
2026-05-18 14:00:00,185.029185,185.041455,184.448835,184.654255,0
2026-05-18 15:00:00,184.654125,185.032285,184.586155,184.838365,0
2026-05-18 16:00:00,184.841245,185.130025,184.684675,184.735185,0
2026-05-18 17:00:00,184.734225,184.851175,184.510825,184.577565,0
2026-05-18 18:00:00,184.578055,184.626705,184.140175,184.250605,0
2026-05-18 19:00:00,184.254195,184.441875,184.091985,184.385005,0
2026-05-18 20:00:00,184.385015,184.656005,184.186815,184.561155,0
2026-05-18 21:00:00,184.558835,184.625325,183.937545,184.071485,0
2026-05-18 22:00:00,184.070285,184.128595,183.586925,183.723585,0
2026-05-18 23:00:00,183.724415,184.130805,183.696445,184.096995,0
2026-05-19 00:00:00,184.096375,184.154595,183.609075,183.719835,0
2026-05-19 01:00:00,183.720125,183.914025,183.581615,183.688035,0
2026-05-19 02:00:00,183.687585,183.926355,183.451515,183.874485,0
2026-05-19 03:00:00,183.869305,184.192875,183.857535,183.903395,0
2026-05-19 04:00:00,183.904105,184.084185,183.649795,183.662875,0
2026-05-19 05:00:00,183.668075,183.978045,183.452645,183.591545,0
2026-05-19 06:00:00,183.591095,183.698655,183.058615,183.087065,0
2026-05-19 07:00:00,183.085625,183.462605,182.959365,183.051365,0
2026-05-19 08:00:00,183.048725,183.156785,182.879045,183.105675,0
2026-05-19 09:00:00,183.102835,183.568775,183.077455,183.403935,0
2026-05-19 10:00:00,183.405865,183.458255,182.758625,182.765955,0
2026-05-19 11:00:00,182.763335,182.819665,182.329455,182.575985,0
2026-05-19 12:00:00,182.582435,183.016665,182.505585,183.015655,0
2026-05-19 13:00:00,183.015145,183.070075,182.649045,182.676825,0
2026-05-19 14:00:00,182.678875,183.177975,182.632675,183.091825,0
2026-05-19 15:00:00,183.091885,183.319575,182.937595,183.086405,0
2026-05-19 16:00:00,183.085945,183.279485,182.648875,182.797825,0
2026-05-19 17:00:00,182.796405,183.165955,182.687715,183.126435,0
2026-05-19 18:00:00,183.127345,183.572855,183.005235,183.412625,0
2026-05-19 19:00:00,183.412245,183.626255,183.308125,183.499295,0
2026-05-19 20:00:00,183.501485,183.917315,183.247395,183.339765,0
2026-05-19 21:00:00,183.340725,183.543695,182.936455,182.954175,0
2026-05-19 22:00:00,182.955635,183.308085,182.934915,183.213535,0
2026-05-19 23:00:00,183.213625,183.581255,183.176905,183.277125,0
2026-05-20 00:00:00,183.277015,183.387465,183.025835,183.322125,0
2026-05-20 01:00:00,183.323125,183.457585,183.179305,183.225035,0
2026-05-20 02:00:00,183.224275,183.272215,182.954165,183.260775,0
2026-05-20 03:00:00,183.260905,183.725925,183.218935,183.453895,0
2026-05-20 04:00:00,183.453895,184.438785,183.453895,184.348695,0
2026-05-20 05:00:00,184.343645,184.440285,183.808115,183.832015,0
2026-05-20 06:00:00,183.830285,183.939125,183.547375,183.582315,0
2026-05-20 07:00:00,183.581155,183.792435,183.394145,183.448885,0
2026-05-20 08:00:00,183.447195,183.765875,183.264605,183.723455,0
2026-05-20 09:00:00,183.732865,184.128775,183.589245,184.093895,0
2026-05-20 10:00:00,184.096205,184.547595,184.000715,184.490215,0
2026-05-20 11:00:00,184.489895,184.638465,184.252965,184.482315,0
2026-05-20 12:00:00,184.482295,184.638875,184.155485,184.228855,0
2026-05-20 13:00:00,184.229695,184.458535,184.075585,184.192835,0
2026-05-20 14:00:00,184.190875,184.303935,184.020405,184.209035,0
2026-05-20 15:00:00,184.207945,184.564585,184.164425,184.435715,0
2026-05-20 16:00:00,184.436465,184.747535,184.382055,184.429415,0
2026-05-20 17:00:00,184.428715,184.678315,184.305365,184.666765,0
2026-05-20 18:00:00,184.669185,185.235585,184.578295,185.162465,0
2026-05-20 19:00:00,185.162365,185.365275,185.021455,185.251525,0
2026-05-20 20:00:00,185.252205,185.308105,184.566765,184.759615,0
2026-05-20 21:00:00,184.760635,184.927785,184.264115,184.421805,0
2026-05-20 22:00:00,184.424395,184.567795,184.219905,184.422085,0
2026-05-20 23:00:00,184.424475,184.638375,184.311935,184.511095,0
2026-05-21 00:00:00,184.510765,185.322815,184.462885,185.263235,0
2026-05-21 01:00:00,185.263535,185.439695,185.148865,185.350325,0
2026-05-21 02:00:00,185.349845,185.476975,185.100245,185.366245,0
2026-05-21 03:00:00,185.369305,185.475475,185.264015,185.395225,0
2026-05-21 04:00:00,185.393175,185.418315,185.070055,185.272795,0
2026-05-21 05:00:00,185.274375,185.392635,185.045435,185.050345,0
2026-05-21 06:00:00,185.051745,185.407565,184.988045,185.392125,0
2026-05-21 07:00:00,185.393525,185.407345,185.122735,185.321815,0
2026-05-21 08:00:00,185.321785,185.377975,185.099185,185.309925,0
2026-05-21 09:00:00,185.316845,185.553275,185.097165,185.392685,0
2026-05-21 10:00:00,185.390155,185.485655,184.669735,184.727985,0
2026-05-21 11:00:00,184.727285,184.759675,184.444105,184.458785,0
2026-05-21 12:00:00,184.457975,184.726975,184.419855,184.552785,0
2026-05-21 13:00:00,184.552825,184.751855,184.251815,184.657955,0
2026-05-21 14:00:00,184.658215,184.717055,184.376875,184.463135,0
2026-05-21 15:00:00,184.463585,184.464535,184.028535,184.227255,0
2026-05-21 16:00:00,184.229125,184.355745,183.796085,183.811285,0
2026-05-21 17:00:00,183.811015,183.974655,183.534845,183.895585,0
2026-05-21 18:00:00,183.896185,183.947785,183.581665,183.631925,0
2026-05-21 19:00:00,183.631645,183.674735,183.231545,183.307165,0
2026-05-21 20:00:00,183.307305,183.388245,183.000895,183.118165,0
2026-05-21 21:00:00,183.123385,183.309315,183.063175,183.308495,0
2026-05-21 22:00:00,183.305385,183.333025,183.065565,183.280945,0
2026-05-21 23:00:00,183.282255,183.399625,183.058035,183.277785,0
2026-05-22 00:00:00,183.278335,183.487815,183.145225,183.347085,0
2026-05-22 01:00:00,183.345605,183.730225,183.213605,183.672865,0
2026-05-22 02:00:00,183.678495,184.043655,183.651385,183.920555,0
2026-05-22 03:00:00,183.920985,184.288575,183.840645,184.253655,0
2026-05-22 04:00:00,184.253655,184.661565,184.253655,184.638945,0
2026-05-22 05:00:00,184.640975,184.965135,184.612475,184.771295,0
2026-05-22 06:00:00,184.782485,184.984995,184.619555,184.857125,0
2026-05-22 07:00:00,184.856385,184.954105,184.804555,184.850545,0
2026-05-22 08:00:00,184.850355,185.163565,184.785935,185.056795,0
2026-05-22 09:00:00,185.056605,185.092955,184.620955,184.752545,0
2026-05-22 10:00:00,184.751055,184.816085,184.541125,184.591345,0
2026-05-22 11:00:00,184.593315,184.777715,184.408995,184.457605,0
2026-05-22 12:00:00,184.456945,184.959315,184.424385,184.861085,0
2026-05-22 13:00:00,184.861265,184.909635,184.568175,184.699955,0
2026-05-22 14:00:00,184.703675,185.080135,184.525465,185.022015,0
2026-05-22 15:00:00,185.022205,185.456955,184.849365,185.400445,0
2026-05-22 16:00:00,185.401465,185.504225,185.057925,185.354225,0
2026-05-22 17:00:00,185.356065,185.434695,185.166865,185.378635,0
2026-05-22 18:00:00,185.377735,185.967705,185.299165,185.931465,0
2026-05-22 19:00:00,185.930585,186.426325,185.907535,186.251475,0
2026-05-22 20:00:00,186.246155,186.334045,185.875355,186.189945,0
2026-05-22 21:00:00,186.190395,186.527295,186.142575,186.454695,0
2026-05-22 22:00:00,186.456875,186.490235,185.977945,186.263575,0
2026-05-22 23:00:00,186.263155,186.424585,186.109725,186.198745,0
2026-05-23 00:00:00,186.197675,186.392025,185.973065,186.135225,0
2026-05-23 01:00:00,186.133565,186.202545,185.866785,186.065115,0
2026-05-23 02:00:00,186.064505,186.204155,185.905355,186.135365,0
2026-05-23 03:00:00,186.134125,186.285925,185.821485,185.832225,0
2026-05-23 04:00:00,185.834645,186.199535,185.761795,186.017995,0
2026-05-23 05:00:00,186.017665,186.250185,185.800695,185.808335,0
2026-05-23 06:00:00,185.807915,185.852415,185.606585,185.644425,0
2026-05-23 07:00:00,185.642455,185.734585,185.266805,185.518565,0
2026-05-23 08:00:00,185.526535,185.580435,184.899755,184.986285,0
2026-05-23 09:00:00,184.986495,185.105955,184.675585,184.865335,0
2026-05-23 10:00:00,184.860885,184.953825,184.537375,184.585045,0
2026-05-23 11:00:00,184.584445,184.758785,184.387495,184.431945,0
2026-05-23 12:00:00,184.432445,184.684845,184.059465,184.592975,0
2026-05-23 13:00:00,184.591395,184.599695,183.954255,183.967885,0
2026-05-23 14:00:00,183.969385,184.018225,183.512685,183.587625,0
2026-05-23 15:00:00,183.587215,183.763245,183.356145,183.452365,0
2026-05-23 16:00:00,183.451135,183.617945,183.107505,183.130375,0
2026-05-23 17:00:00,183.130555,183.162265,182.933325,183.132165,0
2026-05-23 18:00:00,183.132885,183.371415,183.042045,183.089795,0
2026-05-23 19:00:00,183.090335,183.170645,182.797455,182.906265,0
2026-05-23 20:00:00,182.905935,183.268385,182.889385,183.157855,0
2026-05-23 21:00:00,183.159155,183.166335,182.854945,183.116735,0
2026-05-23 22:00:00,183.114645,183.208285,182.898495,183.190845,0
2026-05-23 23:00:00,183.191875,183.785075,183.132245,183.748005,0
2026-05-24 00:00:00,183.743515,184.150495,183.609095,184.095095,0
2026-05-24 01:00:00,184.094105,184.158455,183.535555,183.616105,0
2026-05-24 02:00:00,183.615025,183.932745,183.477815,183.525825,0
2026-05-24 03:00:00,183.525415,183.822735,183.475305,183.644095,0
2026-05-24 04:00:00,183.647165,183.846705,183.428295,183.843775,0
2026-05-24 05:00:00,183.844195,184.058915,183.701555,183.878575,0
2026-05-24 06:00:00,183.879715,184.268375,183.846235,184.133375,0
2026-05-24 07:00:00,184.127835,184.259465,183.867435,184.049065,0
2026-05-24 08:00:00,184.049375,184.328215,183.993165,184.189895,0
2026-05-24 09:00:00,184.190355,184.510465,184.143815,184.243725,0
2026-05-24 10:00:00,184.244235,184.344925,183.980955,184.043665,0
2026-05-24 11:00:00,184.043845,184.214205,183.833005,183.954165,0
2026-05-24 12:00:00,183.955575,184.205215,183.744615,184.096885,0
2026-05-24 13:00:00,184.094415,184.479505,184.060115,184.256165,0
2026-05-24 14:00:00,184.257025,184.390925,183.810205,183.937115,0
2026-05-24 15:00:00,183.936965,183.953595,183.494315,183.688495,0
2026-05-24 16:00:00,183.687985,183.826525,183.418595,183.443415,0
2026-05-24 17:00:00,183.444815,184.052565,183.394075,184.008245,0
2026-05-24 18:00:00,184.008345,184.354035,183.920405,184.160705,0
2026-05-24 19:00:00,184.162225,184.357045,183.950705,184.122975,0
2026-05-24 20:00:00,184.119305,184.204465,183.735825,183.852575,0
2026-05-24 21:00:00,183.855215,183.914025,183.494145,183.612275,0
2026-05-24 22:00:00,183.613165,183.912895,183.549875,183.632465,0
2026-05-24 23:00:00,183.632235,183.887075,183.513095,183.731625,0
2026-05-25 00:00:00,183.732015,183.778725,183.301805,183.560375,0
2026-05-25 01:00:00,183.553385,184.094815,183.513545,183.933955,0
2026-05-25 02:00:00,183.931295,184.323895,183.735345,184.250785,0
2026-05-25 03:00:00,184.250015,184.394925,183.916745,183.919415,0
2026-05-25 04:00:00,183.919415,184.938785,183.919415,184.774815,0
2026-05-25 05:00:00,184.785105,184.967275,184.584855,184.585335,0
2026-05-25 06:00:00,184.584995,184.643415,184.239435,184.285615,0
2026-05-25 07:00:00,184.284355,184.433495,184.038145,184.423815,0
2026-05-25 08:00:00,184.421175,184.423545,183.952165,184.161615,0
2026-05-25 09:00:00,184.160265,184.311115,183.873105,184.303015,0
2026-05-25 10:00:00,184.306115,184.473045,184.196345,184.236105,0
2026-05-25 11:00:00,184.239115,184.382045,183.936995,183.990715,0
2026-05-25 12:00:00,183.990125,184.093555,183.707935,183.865455,0
2026-05-25 13:00:00,183.868115,184.273385,183.865965,184.125665,0
2026-05-25 14:00:00,184.125315,184.457985,183.943395,184.281095,0
2026-05-25 15:00:00,184.282685,184.806605,184.168765,184.670435,0
2026-05-25 16:00:00,184.670425,184.998595,184.559015,184.689195,0
2026-05-25 17:00:00,184.689355,184.785645,184.449725,184.782145,0
2026-05-25 18:00:00,184.781535,185.103345,184.678695,184.719605,0
2026-05-25 19:00:00,184.719925,184.785115,184.461565,184.638145,0
2026-05-25 20:00:00,184.637145,184.937435,184.632425,184.685525,0
2026-05-25 21:00:00,184.685235,184.910525,184.617345,184.764685,0
2026-05-25 22:00:00,184.764535,184.948735,184.358845,184.517315,0
2026-05-25 23:00:00,184.520565,184.544775,184.085045,184.289545,0
2026-05-26 00:00:00,184.288275,184.614865,184.266475,184.583115,0
2026-05-26 01:00:00,184.579665,184.623335,184.032335,184.296905,0
2026-05-26 02:00:00,184.300865,184.351455,184.075135,184.279985,0
2026-05-26 03:00:00,184.272655,184.720105,184.269565,184.691045,0
2026-05-26 04:00:00,184.691115,184.901625,184.591385,184.738685,0
2026-05-26 05:00:00,184.738775,184.930855,184.625005,184.788315,0
2026-05-26 06:00:00,184.789815,185.128035,184.611005,184.925835,0
2026-05-26 07:00:00,184.924095,185.421235,184.857985,185.140695,0
2026-05-26 08:00:00,185.140185,185.249975,184.787065,184.888725,0
2026-05-26 09:00:00,184.888595,185.105405,184.794945,184.936005,0
2026-05-26 10:00:00,184.936445,185.389345,184.822185,185.339465,0
2026-05-26 11:00:00,185.339765,185.450625,185.082455,185.300375,0
2026-05-26 12:00:00,185.299895,185.591385,185.277235,185.431355,0
2026-05-26 13:00:00,185.434515,185.614875,185.241075,185.512165,0
2026-05-26 14:00:00,185.518425,185.518755,185.181245,185.328385,0
2026-05-26 15:00:00,185.327865,185.685325,185.317415,185.491115,0
2026-05-26 16:00:00,185.490025,185.870395,185.431155,185.786005,0
2026-05-26 17:00:00,185.786215,185.824045,185.546395,185.569755,0
2026-05-26 18:00:00,185.570605,185.823545,185.383415,185.597555,0
2026-05-26 19:00:00,185.596815,185.675405,185.458955,185.543195,0
2026-05-26 20:00:00,185.540705,185.796165,185.306285,185.777585,0
2026-05-26 21:00:00,185.777665,185.845775,185.564975,185.632705,0
2026-05-26 22:00:00,185.626745,185.696655,185.232175,185.576905,0
2026-05-26 23:00:00,185.578395,185.679565,185.440675,185.505315,0
2026-05-27 00:00:00,185.506205,185.940145,185.347675,185.815035,0
2026-05-27 01:00:00,185.814775,185.844745,185.292985,185.312675,0
2026-05-27 02:00:00,185.309455,185.318595,184.836245,184.861275,0
2026-05-27 03:00:00,184.860045,185.169575,184.791895,184.821205,0
2026-05-27 04:00:00,184.821205,185.389805,184.821205,185.333575,0
2026-05-27 05:00:00,185.331475,185.808595,185.244375,185.800535,0
2026-05-27 06:00:00,185.800405,185.892795,185.400405,185.508935,0
2026-05-27 07:00:00,185.509145,186.330225,185.480125,186.316515,0
2026-05-27 08:00:00,186.313895,186.419525,186.181635,186.369235,0
2026-05-27 09:00:00,186.371385,186.462405,186.092675,186.230945,0
2026-05-27 10:00:00,186.229855,186.490455,186.106515,186.395535,0
2026-05-27 11:00:00,186.396015,186.516345,186.215325,186.413835,0
2026-05-27 12:00:00,186.413515,186.473185,186.009965,186.012885,0
2026-05-27 13:00:00,186.014995,186.071575,185.589545,185.661115,0
2026-05-27 14:00:00,185.660335,185.849035,185.377215,185.844945,0
2026-05-27 15:00:00,185.846635,186.526325,185.776125,186.523555,0
2026-05-27 16:00:00,186.526655,186.709555,186.233525,186.305015,0
2026-05-27 17:00:00,186.305035,186.634755,186.214635,186.608535,0
2026-05-27 18:00:00,186.609745,187.238275,186.500635,186.933275,0
2026-05-27 19:00:00,186.932685,186.984735,186.696075,186.982635,0
2026-05-27 20:00:00,186.982405,187.109125,186.740665,186.923485,0
2026-05-27 21:00:00,186.925155,187.229065,186.886825,187.107975,0
2026-05-27 22:00:00,187.103705,187.172035,186.783865,186.883775,0
2026-05-27 23:00:00,186.879575,186.911315,186.524665,186.621805,0
2026-05-28 00:00:00,186.620885,186.674145,186.229645,186.339665,0
2026-05-28 01:00:00,186.342615,186.529685,186.187495,186.380675,0
2026-05-28 02:00:00,186.381285,186.945595,186.350215,186.943865,0
2026-05-28 03:00:00,186.947075,187.195985,186.877855,187.021265,0
2026-05-28 04:00:00,187.022585,187.098775,186.708645,186.757475,0
2026-05-28 05:00:00,186.757665,187.119155,186.685575,187.066195,0
2026-05-28 06:00:00,187.065875,187.079545,186.707235,186.742745,0
2026-05-28 07:00:00,186.742975,186.827975,186.311495,186.428455,0
2026-05-28 08:00:00,186.425995,186.602085,186.118915,186.221125,0
2026-05-28 09:00:00,186.222415,186.420165,186.149315,186.334035,0
2026-05-28 10:00:00,186.333845,186.592475,186.255565,186.439735,0
2026-05-28 11:00:00,186.436435,186.774495,186.391135,186.676225,0
2026-05-28 12:00:00,186.682045,186.849415,186.430775,186.623495,0
2026-05-28 13:00:00,186.624535,186.740755,186.431295,186.581625,0
2026-05-28 14:00:00,186.580515,187.029555,186.528545,186.894055,0
2026-05-28 15:00:00,186.892915,187.190095,186.892915,187.034595,0
2026-05-28 16:00:00,187.033885,187.058065,186.698845,186.789285,0
2026-05-28 17:00:00,186.784695,187.060685,186.783825,186.883805,0
2026-05-28 18:00:00,186.887045,187.045805,186.651565,186.968665,0
2026-05-28 19:00:00,186.969145,187.310625,186.965015,187.233005,0
2026-05-28 20:00:00,187.228745,187.298505,186.738115,186.745705,0
2026-05-28 21:00:00,186.747895,186.879195,186.593595,186.710265,0
2026-05-28 22:00:00,186.710535,186.769755,186.345925,186.427395,0
2026-05-28 23:00:00,186.424815,186.452455,185.934675,185.943445,0
2026-05-29 00:00:00,185.942605,186.453125,185.891165,186.452255,0
2026-05-29 01:00:00,186.451705,186.584585,186.154085,186.376545,0
2026-05-29 02:00:00,186.380065,186.380065,185.975195,186.070655,0
2026-05-29 03:00:00,186.070785,186.877835,186.026035,186.854935,0
2026-05-29 04:00:00,186.854935,186.854935,185.410175,185.524155,0
2026-05-29 05:00:00,185.522065,185.549775,185.245415,185.321395,0
2026-05-29 06:00:00,185.321425,185.449085,185.053415,185.252165,0
2026-05-29 07:00:00,185.252525,185.478705,185.129095,185.320005,0
2026-05-29 08:00:00,185.389425,185.608805,185.224355,185.380555,0
2026-05-29 09:00:00,185.387575,185.565525,185.184735,185.410375,0
2026-05-29 10:00:00,185.413045,185.587605,185.169295,185.508605,0
2026-05-29 11:00:00,185.508285,185.590635,184.977655,185.539395,0
2026-05-29 12:00:00,185.541875,185.596465,185.089475,185.233275,0
2026-05-29 13:00:00,185.233655,185.411925,185.147735,185.394815,0
2026-05-29 14:00:00,185.396625,185.787375,185.228005,185.619595,0
2026-05-29 15:00:00,185.620495,185.819415,185.373735,185.510205,0
2026-05-29 16:00:00,185.520525,185.595035,185.034595,185.073235,0
2026-05-29 17:00:00,185.075285,185.596035,185.036695,185.448915,0
2026-05-29 18:00:00,185.449625,185.528895,184.963775,185.057835,0
2026-05-29 19:00:00,185.056635,185.220345,184.996835,185.090125,0
2026-05-29 20:00:00,185.083165,185.533805,185.083165,185.181105,0
2026-05-29 21:00:00,185.181645,185.594405,185.058015,185.454805,0
2026-05-29 22:00:00,185.453875,185.682555,185.291505,185.342205,0
2026-05-29 23:00:00,185.342195,185.507605,185.264145,185.460175,0
2026-05-30 00:00:00,185.457445,185.569825,185.294265,185.499945,0
2026-05-30 01:00:00,185.500055,185.551275,185.148695,185.180845,0
2026-05-30 02:00:00,185.180325,185.197785,184.800715,185.123545,0
2026-05-30 03:00:00,185.123415,185.197325,184.963845,185.070155,0
2026-05-30 04:00:00,185.074125,185.165715,184.505825,184.656095,0
2026-05-30 05:00:00,184.657445,184.700515,184.176575,184.410015,0
2026-05-30 06:00:00,184.410595,184.574795,184.194655,184.435955,0
2026-05-30 07:00:00,184.445325,184.757235,184.315705,184.533505,0
2026-05-30 08:00:00,184.534285,184.564505,184.340185,184.489475,0
2026-05-30 09:00:00,184.484365,184.829355,184.398615,184.742125,0
2026-05-30 10:00:00,184.741945,184.851265,184.531775,184.630845,0
2026-05-30 11:00:00,184.628545,184.838795,184.211985,184.229945,0
2026-05-30 12:00:00,184.229515,184.289535,183.982405,184.006225,0
2026-05-30 13:00:00,184.006655,184.057955,183.398945,183.459845,0
2026-05-30 14:00:00,183.459955,183.514295,182.965535,183.134435,0
2026-05-30 15:00:00,183.133295,183.157325,182.838655,182.941085,0
2026-05-30 16:00:00,182.941025,182.947625,182.604495,182.692965,0
2026-05-30 17:00:00,182.698305,182.718055,182.053725,182.167925,0
2026-05-30 18:00:00,182.167705,182.845185,182.155105,182.835955,0
2026-05-30 19:00:00,182.838645,183.110815,182.723455,183.036355,0
2026-05-30 20:00:00,183.032895,183.132765,182.573665,182.700355,0
2026-05-30 21:00:00,182.702725,183.144005,182.554535,182.941545,0
2026-05-30 22:00:00,182.940015,183.587975,182.936435,183.394185,0
2026-05-30 23:00:00,183.393275,183.477215,182.868455,183.007135,0
2026-05-31 00:00:00,183.006285,183.508895,182.931625,183.502335,0
2026-05-31 01:00:00,183.502025,183.669645,183.394825,183.530695,0
2026-05-31 02:00:00,183.525395,183.641415,183.336175,183.453815,0
2026-05-31 03:00:00,183.452905,183.520625,183.115255,183.305055,0
2026-05-31 04:00:00,183.302005,183.930435,183.278795,183.644115,0
2026-05-31 05:00:00,183.646215,184.014365,183.631205,183.633925,0
2026-05-31 06:00:00,183.634465,183.768635,183.488145,183.583545,0
2026-05-31 07:00:00,183.581905,183.616505,183.239725,183.296085,0
2026-05-31 08:00:00,183.293535,183.425745,183.078015,183.088775,0
2026-05-31 09:00:00,183.081775,183.167045,182.875035,183.145225,0
2026-05-31 10:00:00,183.144525,183.144525,182.801385,182.896285,0
2026-05-31 11:00:00,182.896075,183.201365,182.774835,182.809045,0
2026-05-31 12:00:00,182.808565,182.939505,182.673455,182.835975,0
2026-05-31 13:00:00,182.834385,183.363905,182.731725,183.162435,0
2026-05-31 14:00:00,183.161665,183.622335,183.156785,183.591615,0
2026-05-31 15:00:00,183.594015,183.824015,183.506365,183.507005,0
2026-05-31 16:00:00,183.506265,183.815195,183.372175,183.561875,0
2026-05-31 17:00:00,183.561815,183.748995,183.477975,183.743375,0
2026-05-31 18:00:00,183.742715,183.809305,183.491405,183.539705,0
2026-05-31 19:00:00,183.538735,183.742775,183.336015,183.737925,0
2026-05-31 20:00:00,183.736015,183.869085,183.556115,183.814605,0
2026-05-31 21:00:00,183.813235,184.203085,183.657865,183.669895,0
2026-05-31 22:00:00,183.669885,183.683175,183.272235,183.334645,0
2026-05-31 23:00:00,183.334685,183.356145,183.013145,183.208615,0
2026-06-01 00:00:00,183.208725,183.927195,183.147555,183.925295,0
2026-06-01 01:00:00,183.924235,184.377465,183.920705,184.366245,0
2026-06-01 02:00:00,184.366705,184.388005,184.040475,184.369175,0
2026-06-01 03:00:00,184.368755,184.497045,184.021115,184.225615,0
2026-06-01 04:00:00,184.225615,186.073495,184.225615,186.069875,0
2026-06-01 05:00:00,186.069715,186.255985,185.879765,186.014385,0
2026-06-01 06:00:00,186.013905,186.178835,185.955345,185.971365,0
2026-06-01 07:00:00,185.972975,186.017015,185.614185,185.785375,0
2026-06-01 08:00:00,185.786135,185.869855,185.317865,185.375705,0
2026-06-01 09:00:00,185.375265,185.448865,185.209755,185.243795,0
2026-06-01 10:00:00,185.244045,185.244525,184.834875,184.994125,0
2026-06-01 11:00:00,184.997825,185.063415,184.750755,184.850715,0
2026-06-01 12:00:00,184.851715,184.858785,184.134285,184.153465,0
2026-06-01 13:00:00,184.153985,184.455845,184.112115,184.318945,0
2026-06-01 14:00:00,184.318395,184.318395,183.733605,183.821515,0
2026-06-01 15:00:00,183.820465,183.910075,183.525395,183.651305,0
2026-06-01 16:00:00,183.650505,183.716055,183.358125,183.508085,0
2026-06-01 17:00:00,183.508145,183.682975,183.481365,183.551815,0
2026-06-01 18:00:00,183.551595,184.247485,183.498825,184.209145,0
2026-06-01 19:00:00,184.208125,184.371915,184.013925,184.116465,0
2026-06-01 20:00:00,184.117275,184.146745,183.926685,184.076995,0
2026-06-01 21:00:00,184.078915,184.243695,183.917015,184.079605,0
2026-06-01 22:00:00,184.081665,184.180835,183.727665,183.947875,0
2026-06-01 23:00:00,183.947925,184.110615,183.683145,183.875375,0
2026-06-02 00:00:00,183.876525,183.913855,183.454545,183.557745,0
2026-06-02 01:00:00,183.556735,184.049165,183.410775,183.843035,0
2026-06-02 02:00:00,183.842465,184.129885,183.566445,183.638485,0
2026-06-02 03:00:00,183.636845,183.648125,183.163365,183.187145,0
2026-06-02 04:00:00,183.187185,183.446925,183.135855,183.236525,0
2026-06-02 05:00:00,183.237525,183.315435,183.059555,183.166515,0
2026-06-02 06:00:00,183.168115,183.237835,183.021105,183.203875,0
2026-06-02 07:00:00,183.204275,183.423695,182.922495,183.237105,0
2026-06-02 08:00:00,183.238395,184.020935,183.208955,183.995245,0
2026-06-02 09:00:00,183.993725,184.084055,183.745735,183.998095,0
2026-06-02 10:00:00,183.997735,184.458175,183.975985,184.230535,0
2026-06-02 11:00:00,184.229735,184.594825,184.197895,184.483245,0
2026-06-02 12:00:00,184.486215,184.870495,184.484895,184.855385,0
2026-06-02 13:00:00,184.849655,184.864435,184.543655,184.806495,0
2026-06-02 14:00:00,184.806685,185.073835,184.777275,184.907955,0
2026-06-02 15:00:00,184.901715,185.104195,184.719095,185.030155,0
2026-06-02 16:00:00,185.030175,185.280535,184.873265,185.252525,0
2026-06-02 17:00:00,185.252015,185.256425,184.641135,184.716775,0
2026-06-02 18:00:00,184.716435,185.176395,184.680525,185.170055,0
2026-06-02 19:00:00,185.165775,185.171285,184.586665,184.641565,0
2026-06-02 20:00:00,184.641445,184.709535,184.348455,184.481505,0
2026-06-02 21:00:00,184.481705,184.758465,184.427145,184.721475,0
2026-06-02 22:00:00,184.721775,185.017645,184.528815,184.811885,0
2026-06-02 23:00:00,184.810725,185.108335,184.530315,184.542235,0
2026-06-03 00:00:00,184.542455,184.724475,184.104845,184.321235,0
2026-06-03 01:00:00,184.322765,184.812625,184.230035,184.732625,0
2026-06-03 02:00:00,184.737475,185.201035,184.728775,184.937525,0
2026-06-03 03:00:00,184.939485,185.022625,184.393825,184.485455,0
2026-06-03 04:00:00,184.485455,185.940875,184.485455,185.651215,0
2026-06-03 05:00:00,185.642855,185.894515,185.594055,185.697335,0
2026-06-03 06:00:00,185.696075,186.056565,185.649625,186.052575,0
2026-06-03 07:00:00,186.052465,186.173125,185.789415,186.138825,0
2026-06-03 08:00:00,186.139495,186.261895,185.075115,185.104025,0
2026-06-03 09:00:00,185.104315,185.627445,185.094945,185.602245,0
2026-06-03 10:00:00,185.601535,186.022615,185.479125,186.022615,0
2026-06-03 11:00:00,186.022155,186.022545,185.613515,185.680765,0
2026-06-03 12:00:00,185.682705,186.117785,185.461735,186.117775,0
2026-06-03 13:00:00,186.117505,186.245935,186.011515,186.141605,0
2026-06-03 14:00:00,186.142635,186.556565,186.111065,186.472195,0
2026-06-03 15:00:00,186.472285,186.540415,186.015895,186.048885,0
2026-06-03 16:00:00,186.050415,186.060735,185.684795,185.816235,0
2026-06-03 17:00:00,185.820195,185.855935,185.650615,185.816675,0
2026-06-03 18:00:00,185.816425,186.004395,185.664925,185.940235,0
2026-06-03 19:00:00,185.937175,186.111085,185.714365,185.888175,0
2026-06-03 20:00:00,185.887415,186.146355,185.736025,186.123025,0
2026-06-03 21:00:00,186.124545,186.191535,185.854955,186.005795,0
2026-06-03 22:00:00,186.003535,186.690745,185.926125,186.382665,0
2026-06-03 23:00:00,186.381095,186.695875,186.353625,186.569965,0
2026-06-04 00:00:00,186.571655,186.696205,186.178955,186.317495,0
2026-06-04 01:00:00,186.319895,186.344735,185.504975,185.542085,0
2026-06-04 02:00:00,185.541415,185.604195,185.111965,185.124725,0
2026-06-04 03:00:00,185.126905,185.322075,184.964375,185.096845,0
2026-06-04 04:00:00,185.096745,185.535925,185.010265,185.396435,0
2026-06-04 05:00:00,185.396755,185.549995,185.169295,185.435455,0
2026-06-04 06:00:00,185.434105,185.439995,184.815835,184.864875,0
2026-06-04 07:00:00,184.865855,185.163485,184.763805,184.991905,0
2026-06-04 08:00:00,184.994015,185.063205,184.632495,184.704385,0
2026-06-04 09:00:00,184.705465,184.833935,184.425845,184.616375,0
2026-06-04 10:00:00,184.617825,184.805155,184.491835,184.523435,0
2026-06-04 11:00:00,184.523115,184.592165,184.080535,184.106645,0
2026-06-04 12:00:00,184.104395,184.166355,183.804845,183.804845,0
2026-06-04 13:00:00,183.807285,183.919885,183.487985,183.614445,0
2026-06-04 14:00:00,183.614695,183.683515,183.340175,183.374935,0
2026-06-04 15:00:00,183.374085,183.729615,183.248855,183.705575,0
2026-06-04 16:00:00,183.705595,183.863915,183.497115,183.749815,0
2026-06-04 17:00:00,183.750685,183.766815,183.540735,183.622125,0
2026-06-04 18:00:00,183.619485,184.068725,183.557655,183.896135,0
2026-06-04 19:00:00,183.899095,184.087905,183.779055,184.060945,0
2026-06-04 20:00:00,184.060985,184.406845,184.033695,184.278855,0
2026-06-04 21:00:00,184.280775,184.677885,184.269815,184.522055,0
2026-06-04 22:00:00,184.525765,184.744785,184.343335,184.356545,0
2026-06-04 23:00:00,184.356875,184.586235,184.335075,184.508055,0
2026-06-05 00:00:00,184.512545,184.578415,184.179515,184.241565,0
2026-06-05 01:00:00,184.249505,184.252115,183.684605,183.763685,0
2026-06-05 02:00:00,183.764845,184.301525,183.721475,184.211935,0
2026-06-05 03:00:00,184.212155,184.411945,183.991325,184.314665,0
2026-06-05 04:00:00,184.314665,185.892305,184.314665,185.741415,0
2026-06-05 05:00:00,185.744335,185.911435,185.622765,185.744225,0
2026-06-05 06:00:00,185.743495,185.944585,185.604835,185.747385,0
2026-06-05 07:00:00,185.746105,185.797995,185.508915,185.730985,0
2026-06-05 08:00:00,185.729035,185.877125,185.450945,185.575365,0
2026-06-05 09:00:00,185.574835,185.588585,185.202995,185.526315,0
2026-06-05 10:00:00,185.526265,185.719355,185.298905,185.427715,0
2026-06-05 11:00:00,185.428695,185.729185,185.371265,185.664795,0
2026-06-05 12:00:00,185.659065,185.838355,185.508935,185.780525,0
2026-06-05 13:00:00,185.780035,185.962255,185.387105,185.562725,0
2026-06-05 14:00:00,185.563585,185.981175,185.486105,185.869595,0
2026-06-05 15:00:00,185.868685,186.027365,185.625865,185.885045,0
2026-06-05 16:00:00,185.884705,186.251975,185.819385,185.944875,0
2026-06-05 17:00:00,185.944545,185.960245,185.246705,185.293135,0
2026-06-05 18:00:00,185.290095,185.384625,184.922355,184.970885,0
2026-06-05 19:00:00,184.969995,185.061825,184.511715,184.599115,0
2026-06-05 20:00:00,184.590125,184.790075,184.484495,184.570995,0
2026-06-05 21:00:00,184.567235,184.576925,184.120275,184.229465,0
2026-06-05 22:00:00,184.224615,184.368535,183.773655,183.777855,0
2026-06-05 23:00:00,183.776405,183.914495,183.670555,183.712235,0
2026-06-06 00:00:00,183.713415,184.065905,183.701945,183.903925,0
2026-06-06 01:00:00,183.899005,184.045265,183.498785,183.736165,0
2026-06-06 02:00:00,183.736945,183.762805,183.255765,183.568615,0
2026-06-06 03:00:00,183.571315,183.693685,183.359115,183.496735,0
2026-06-06 04:00:00,183.497115,183.503965,183.249875,183.444695,0
2026-06-06 05:00:00,183.441595,183.873265,183.419645,183.851635,0
2026-06-06 06:00:00,183.851965,184.027795,183.584555,183.746285,0
2026-06-06 07:00:00,183.742575,184.098625,183.570585,184.098625,0
2026-06-06 08:00:00,184.098675,184.169875,183.711875,183.713515,0
2026-06-06 09:00:00,183.712665,183.718525,183.265045,183.356625,0
2026-06-06 10:00:00,183.358735,183.584835,183.052985,183.071285,0
2026-06-06 11:00:00,183.069785,183.298905,182.951655,183.201405,0
2026-06-06 12:00:00,183.201275,183.239205,182.961175,183.033965,0
2026-06-06 13:00:00,183.031315,183.043905,182.594865,183.004975,0
2026-06-06 14:00:00,183.006515,183.652595,182.742135,183.419005,0
2026-06-06 15:00:00,183.412425,183.916605,183.381315,183.899025,0
2026-06-06 16:00:00,183.899965,184.349445,183.878755,184.138275,0
2026-06-06 17:00:00,184.137995,184.139275,183.841785,184.012345,0
2026-06-06 18:00:00,184.015405,184.061475,183.780485,183.877205,0
2026-06-06 19:00:00,183.883475,183.944265,183.131015,183.255385,0
2026-06-06 20:00:00,183.257835,183.529295,183.101315,183.529295,0
2026-06-06 21:00:00,183.529625,184.078255,183.463825,184.063945,0
2026-06-06 22:00:00,184.061085,184.348035,184.040675,184.206235,0
2026-06-06 23:00:00,184.203825,184.820995,184.203825,184.736805,0
2026-06-07 00:00:00,184.738385,184.868415,184.550855,184.744595,0
2026-06-07 01:00:00,184.745405,185.245695,184.693565,185.152785,0
2026-06-07 02:00:00,185.151245,185.304085,184.963235,185.280505,0
2026-06-07 03:00:00,185.281785,185.481565,185.180995,185.224515,0
2026-06-07 04:00:00,185.228225,185.461035,185.195265,185.374295,0
2026-06-07 05:00:00,185.374775,185.483265,185.151195,185.482025,0
2026-06-07 06:00:00,185.486625,185.647525,184.838705,184.851085,0
2026-06-07 07:00:00,184.846875,184.849185,184.541315,184.621945,0
2026-06-07 08:00:00,184.616235,184.984345,184.530125,184.949515,0
2026-06-07 09:00:00,184.949205,185.300395,184.626215,185.201635,0
2026-06-07 10:00:00,185.201595,185.234255,184.667855,184.766065,0
2026-06-07 11:00:00,184.767495,184.775705,184.070095,184.129785,0
2026-06-07 12:00:00,184.125125,184.420775,184.091905,184.387445,0
2026-06-07 13:00:00,184.384555,184.437795,184.074505,184.129355,0
2026-06-07 14:00:00,184.128965,184.408705,183.935435,184.174905,0
2026-06-07 15:00:00,184.172825,184.241675,184.152635,184.171685,0
