timestamp,close,regime,adx_score,volatility_ratio,confidence
2026-07-10 15:55:00,1.143775,TRENDING_UP,91.7283,0.000281,100
2026-07-10 15:55:00,1.143775,TRENDING_UP,92.1337,0.000284,100
2026-07-10 15:55:00,1.143775,TRENDING_UP,92.5102,0.000286,100
2026-07-10 16:00:00,1.14374,TRENDING_UP,92.8597,0.00028,100
2026-07-10 16:00:00,1.14374,TRENDING_UP,93.1843,0.000275,100
2026-07-10 16:00:00,1.14374,TRENDING_UP,93.4857,0.00027,100
2026-07-10 16:00:00,1.14374,TRENDING_UP,93.7656,0.000265,100
2026-07-10 16:00:00,1.14374,TRENDING_UP,94.0255,0.000261,100
2026-07-10 16:00:00,1.14374,TRENDING_UP,94.2668,0.000257,100
2026-07-10 16:00:00,1.14374,TRENDING_UP,94.4909,0.000253,100
2026-07-10 16:00:00,1.14374,TRENDING_UP,94.699,0.00025,100
2026-07-10 16:00:00,1.14374,TRENDING_UP,94.8922,0.000247,100
2026-07-10 16:00:00,1.14374,TRENDING_UP,95.0716,0.000244,100
2026-07-10 16:05:00,1.143835,TRENDING_UP,95.2589,0.000242,100
2026-07-10 16:05:00,1.143835,TRENDING_UP,95.4328,0.00024,100
2026-07-10 16:05:00,1.143835,TRENDING_UP,95.5944,0.000238,100
2026-07-10 16:05:00,1.143835,TRENDING_UP,95.7443,0.000236,100
2026-07-10 16:05:00,1.143835,TRENDING_UP,95.8836,0.000235,100
2026-07-10 16:05:00,1.143835,TRENDING_UP,96.0129,0.000233,100
2026-07-10 16:05:00,1.143835,TRENDING_UP,96.133,0.000232,100
2026-07-10 16:05:00,1.143835,TRENDING_UP,96.2445,0.000231,100
2026-07-10 16:05:00,1.143835,TRENDING_UP,96.348,0.000229,100
2026-07-10 16:05:00,1.143835,TRENDING_UP,96.4442,0.000228,100
2026-07-10 16:05:00,1.143835,TRENDING_UP,96.5335,0.000227,100
2026-07-10 16:10:00,1.143975,TRENDING_UP,96.7393,0.000233,100
2026-07-10 16:10:00,1.143975,TRENDING_UP,96.9305,0.000238,100
2026-07-10 16:10:00,1.143975,TRENDING_UP,97.108,0.000243,100
2026-07-10 16:10:00,1.143975,TRENDING_UP,97.2728,0.000247,100
2026-07-10 16:10:00,1.143975,TRENDING_UP,97.4259,0.000252,100
2026-07-10 16:10:00,1.143975,TRENDING_UP,97.568,0.000255,100
2026-07-10 16:10:00,1.143975,TRENDING_UP,97.7,0.000259,100
2026-07-10 16:10:00,1.143975,TRENDING_UP,97.8225,0.000262,100
2026-07-10 16:10:00,1.143975,TRENDING_UP,97.9363,0.000266,100
2026-07-10 16:10:00,1.143975,TRENDING_UP,98.0419,0.000268,100
2026-07-10 16:10:00,1.143975,TRENDING_UP,98.1401,0.000271,100
2026-07-10 16:10:00,1.143975,TRENDING_UP,98.2312,0.000274,100
2026-07-10 16:15:00,1.14373,TRENDING_UP,98.3347,0.000281,100
2026-07-10 16:15:00,1.14373,TRENDING_DOWN,98.4308,0.000287,100
2026-07-10 16:15:00,1.14373,TRENDING_DOWN,98.5201,0.000293,100
2026-07-10 16:15:00,1.14373,TRENDING_DOWN,98.603,0.000299,100
2026-07-10 16:15:00,1.14373,TRENDING_DOWN,98.68,0.000304,100
2026-07-10 16:15:00,1.14373,TRENDING_DOWN,98.7515,0.000309,100
2026-07-10 16:15:00,1.14373,TRENDING_DOWN,98.8179,0.000313,100
2026-07-10 16:15:00,1.14373,TRENDING_DOWN,98.8795,0.000317,100
2026-07-10 16:15:00,1.14373,TRENDING_DOWN,98.9367,0.000321,100
2026-07-10 16:15:00,1.14373,TRENDING_DOWN,98.9899,0.000325,100
2026-07-10 16:15:00,1.14373,TRENDING_DOWN,99.0392,0.000328,100
2026-07-10 16:15:00,1.14373,TRENDING_DOWN,99.085,0.000331,100
2026-07-10 16:15:00,1.14373,TRENDING_DOWN,99.1276,0.000334,100
2026-07-10 16:20:00,1.14383,TRENDING_DOWN,93.9251,0.000328,100
2026-07-10 16:20:00,1.14383,TRENDING_DOWN,89.0942,0.000322,100
2026-07-10 16:20:00,1.14383,TRENDING_DOWN,84.6084,0.000317,100
2026-07-10 16:20:00,1.14383,TRENDING_DOWN,80.443,0.000312,100
2026-07-10 16:20:00,1.14383,TRENDING_UP,76.5752,0.000308,100
2026-07-10 16:20:00,1.14383,TRENDING_UP,72.9836,0.000304,100
2026-07-10 16:20:00,1.14383,TRENDING_UP,69.6485,0.0003,100
2026-07-10 16:20:00,1.14383,TRENDING_UP,66.5517,0.000296,100
2026-07-10 16:20:00,1.14383,TRENDING_UP,63.6761,0.000293,100
2026-07-10 16:20:00,1.14383,TRENDING_UP,61.0059,0.00029,100
2026-07-10 16:20:00,1.14383,TRENDING_UP,58.5264,0.000287,100
2026-07-10 16:20:00,1.14383,TRENDING_UP,56.224,0.000284,100
2026-07-10 16:20:00,1.14383,TRENDING_UP,54.086,0.000282,100
2026-07-10 16:20:00,1.14383,TRENDING_UP,52.1008,0.000279,100
2026-07-10 16:25:00,1.143925,TRENDING_UP,51.4924,0.000268,100
2026-07-10 16:25:00,1.143925,TRENDING_UP,50.9275,0.000257,100
2026-07-10 16:25:00,1.143925,TRENDING_UP,50.4029,0.000247,100
2026-07-10 16:25:00,1.143925,TRENDING_UP,49.9158,0.000238,100
2026-07-10 16:25:00,1.143925,TRENDING_UP,49.4635,0.000229,100
2026-07-10 16:25:00,1.143925,TRENDING_UP,49.0434,0.000221,100
2026-07-10 16:25:00,1.143925,TRENDING_UP,48.6534,0.000214,100
2026-07-10 16:25:00,1.143925,TRENDING_UP,48.2913,0.000207,100
2026-07-10 16:25:00,1.143925,TRENDING_UP,47.955,0.000201,100
2026-07-10 16:25:00,1.143925,TRENDING_UP,47.6427,0.000195,100
2026-07-10 16:25:00,1.143925,TRENDING_UP,47.3528,0.000189,100
2026-07-10 16:25:00,1.143925,TRENDING_UP,47.0835,0.000184,100
2026-07-10 16:25:00,1.143925,TRENDING_UP,46.8335,0.00018,100
2026-07-10 16:25:00,1.143925,TRENDING_UP,46.6013,0.000175,100
2026-07-10 16:25:00,1.143925,TRENDING_UP,46.3858,0.000171,100
2026-07-10 16:30:00,1.14368,TRENDING_DOWN,47.6817,0.000176,100
2026-07-10 16:30:00,1.14368,TRENDING_DOWN,48.8851,0.00018,100
2026-07-10 16:30:00,1.14368,TRENDING_DOWN,50.0025,0.000184,100
2026-07-10 16:30:00,1.14368,TRENDING_DOWN,51.0401,0.000188,100
2026-07-10 16:30:00,1.14368,TRENDING_DOWN,52.0035,0.000191,100
2026-07-10 16:30:00,1.14368,TRENDING_DOWN,52.8982,0.000194,100
2026-07-10 16:30:00,1.14368,TRENDING_DOWN,53.729,0.000197,100
2026-07-10 16:30:00,1.14368,TRENDING_DOWN,54.5004,0.0002,100
2026-07-10 16:30:00,1.14368,TRENDING_DOWN,55.2167,0.000203,100
2026-07-10 16:30:00,1.14368,TRENDING_DOWN,55.8819,0.000205,100
2026-07-10 16:30:00,1.14368,TRENDING_DOWN,56.4995,0.000207,100
2026-07-10 16:30:00,1.14368,TRENDING_DOWN,57.073,0.000209,100
2026-07-10 16:30:00,1.14368,TRENDING_DOWN,57.6056,0.000211,100
2026-07-10 16:30:00,1.14368,TRENDING_DOWN,58.1001,0.000213,100
2026-07-10 16:30:00,1.14368,TRENDING_DOWN,58.5593,0.000215,100
2026-07-10 16:30:00,1.14368,TRENDING_DOWN,58.9857,0.000216,100
2026-07-10 16:35:00,1.143675,TRENDING_DOWN,60.9463,0.000213,100
2026-07-10 16:35:00,1.143675,TRENDING_DOWN,62.7668,0.000211,100
2026-07-10 16:35:00,1.143675,TRENDING_DOWN,64.4573,0.000208,100
2026-07-10 16:35:00,1.143675,TRENDING_DOWN,66.027,0.000206,100
2026-07-10 16:35:00,1.143675,TRENDING_DOWN,67.4846,0.000203,100
2026-07-10 16:35:00,1.143675,TRENDING_DOWN,68.8382,0.000201,100
2026-07-10 16:35:00,1.143675,TRENDING_DOWN,70.095,0.000199,100
2026-07-10 16:35:00,1.143675,TRENDING_DOWN,71.262,0.000198,100
2026-07-10 16:35:00,1.143675,TRENDING_DOWN,72.3457,0.000196,100
2026-07-10 16:35:00,1.143675,TRENDING_DOWN,73.352,0.000195,100
2026-07-10 16:35:00,1.143675,TRENDING_DOWN,74.2864,0.000193,100
2026-07-10 16:35:00,1.143675,TRENDING_DOWN,75.1541,0.000192,100
2026-07-10 16:35:00,1.143675,TRENDING_DOWN,75.9598,0.000191,100
2026-07-10 16:35:00,1.143675,TRENDING_DOWN,76.7079,0.00019,100
2026-07-10 16:35:00,1.143675,TRENDING_DOWN,77.4026,0.000188,100
2026-07-10 16:35:00,1.143675,TRENDING_DOWN,78.0477,0.000188,100
2026-07-10 16:35:00,1.143675,TRENDING_DOWN,78.6467,0.000187,100
2026-07-10 16:40:00,1.14346,TRENDING_DOWN,79.9135,0.000196,100
2026-07-10 16:40:00,1.14346,TRENDING_DOWN,81.0898,0.000204,100
2026-07-10 16:40:00,1.14346,TRENDING_DOWN,82.1821,0.000212,100
2026-07-10 16:40:00,1.14346,TRENDING_DOWN,83.1964,0.00022,100
2026-07-10 16:40:00,1.14346,TRENDING_DOWN,84.1382,0.000226,100
2026-07-10 16:40:00,1.14346,TRENDING_DOWN,85.0127,0.000233,100
2026-07-10 16:40:00,1.14346,TRENDING_DOWN,85.8248,0.000239,100
2026-07-10 16:40:00,1.14346,TRENDING_DOWN,86.5789,0.000244,100
2026-07-10 16:40:00,1.14346,TRENDING_DOWN,87.2791,0.000249,100
2026-07-10 16:40:00,1.14346,TRENDING_DOWN,87.9293,0.000254,100
2026-07-10 16:40:00,1.14346,TRENDING_DOWN,88.5331,0.000258,100
2026-07-10 16:40:00,1.14346,TRENDING_DOWN,89.0937,0.000262,100
2026-07-10 16:40:00,1.14346,TRENDING_DOWN,89.6143,0.000266,100
2026-07-10 16:40:00,1.14346,TRENDING_DOWN,90.0977,0.000269,100
2026-07-10 16:40:00,1.14346,TRENDING_DOWN,90.5466,0.000273,100
2026-07-10 16:40:00,1.14346,TRENDING_DOWN,90.9634,0.000276,100
2026-07-10 16:40:00,1.14346,TRENDING_DOWN,91.3504,0.000278,100
2026-07-10 16:40:00,1.14346,TRENDING_DOWN,91.7098,0.000281,100
2026-07-10 16:45:00,1.143395,TRENDING_DOWN,92.2183,0.000272,100
2026-07-10 16:45:00,1.143395,TRENDING_DOWN,92.6904,0.000263,100
2026-07-10 16:45:00,1.143395,TRENDING_DOWN,93.1288,0.000255,100
2026-07-10 16:45:00,1.143395,TRENDING_DOWN,93.5359,0.000247,100
2026-07-10 16:45:00,1.143395,TRENDING_DOWN,93.9139,0.00024,100
2026-07-10 16:45:00,1.143395,TRENDING_DOWN,94.265,0.000234,100
2026-07-10 16:45:00,1.143395,TRENDING_DOWN,94.5909,0.000227,100
2026-07-10 16:45:00,1.143395,TRENDING_DOWN,94.8936,0.000222,100
2026-07-10 16:45:00,1.143395,TRENDING_DOWN,95.1746,0.000217,100
2026-07-10 16:45:00,1.143395,TRENDING_DOWN,95.4356,0.000212,100
2026-07-10 16:45:00,1.143395,TRENDING_DOWN,95.6779,0.000207,100
2026-07-10 16:45:00,1.143395,TRENDING_DOWN,95.9029,0.000203,100
2026-07-10 16:45:00,1.143395,TRENDING_DOWN,96.1119,0.000199,100
2026-07-10 16:45:00,1.143395,TRENDING_DOWN,96.3059,0.000196,100
2026-07-10 16:45:00,1.143395,TRENDING_DOWN,96.4861,0.000192,100
2026-07-10 16:45:00,1.143395,TRENDING_DOWN,96.6534,0.000189,100
2026-07-10 16:45:00,1.143395,TRENDING_DOWN,96.8087,0.000186,100
2026-07-10 16:45:00,1.143395,TRENDING_DOWN,96.953,0.000184,100
2026-07-10 16:45:00,1.143395,TRENDING_DOWN,97.0869,0.000181,100
2026-07-10 16:50:00,1.14326,TRENDING_DOWN,97.2828,0.000192,100
2026-07-10 16:50:00,1.14326,TRENDING_DOWN,97.4646,0.000203,100
2026-07-10 16:50:00,1.14326,TRENDING_DOWN,97.6334,0.000212,100
2026-07-10 16:50:00,1.14326,TRENDING_DOWN,97.7902,0.000221,100
2026-07-10 16:50:00,1.14326,TRENDING_DOWN,97.9358,0.000229,100
2026-07-10 16:50:00,1.14326,TRENDING_DOWN,98.071,0.000237,100
2026-07-10 16:50:00,1.14326,TRENDING_DOWN,98.1966,0.000244,100
2026-07-10 16:50:00,1.14326,TRENDING_DOWN,98.3131,0.000251,100
2026-07-10 16:50:00,1.14326,TRENDING_DOWN,98.4214,0.000257,100
2026-07-10 16:50:00,1.14326,TRENDING_DOWN,98.5219,0.000263,100
2026-07-10 16:50:00,1.14326,TRENDING_DOWN,98.6152,0.000268,100
2026-07-10 16:50:00,1.14326,TRENDING_DOWN,98.7019,0.000273,100
2026-07-10 16:50:00,1.14326,TRENDING_DOWN,98.7824,0.000277,100
2026-07-10 16:50:00,1.14326,TRENDING_DOWN,98.8571,0.000282,100
2026-07-10 16:50:00,1.14326,TRENDING_DOWN,98.9265,0.000286,100
2026-07-10 16:50:00,1.14326,TRENDING_DOWN,98.9909,0.000289,100
2026-07-10 16:50:00,1.14326,TRENDING_DOWN,99.0508,0.000293,100
2026-07-10 16:50:00,1.14326,TRENDING_DOWN,99.1063,0.000296,100
2026-07-10 16:50:00,1.14326,TRENDING_DOWN,99.1579,0.000299,100
2026-07-10 16:55:00,1.142945,TRENDING_DOWN,99.2158,0.000301,100
2026-07-10 16:55:00,1.142945,TRENDING_DOWN,99.2695,0.000302,100
2026-07-10 16:55:00,1.142945,TRENDING_DOWN,99.3193,0.000304,100
2026-07-10 16:55:00,1.142945,TRENDING_DOWN,99.3657,0.000305,100
2026-07-10 16:55:00,1.142945,TRENDING_DOWN,99.4087,0.000306,100
2026-07-10 16:55:00,1.142945,TRENDING_DOWN,99.4486,0.000308,100
2026-07-10 16:55:00,1.142945,TRENDING_DOWN,99.4857,0.000309,100
2026-07-10 16:55:00,1.142945,TRENDING_DOWN,99.5201,0.00031,100
2026-07-10 16:55:00,1.142945,TRENDING_DOWN,99.5521,0.000311,100
2026-07-10 16:55:00,1.142945,TRENDING_DOWN,99.5818,0.000312,100
2026-07-10 16:55:00,1.142945,TRENDING_DOWN,99.6094,0.000313,100
2026-07-10 16:55:00,1.142945,TRENDING_DOWN,99.635,0.000313,100
2026-07-10 16:55:00,1.142945,TRENDING_DOWN,99.6587,0.000314,100
2026-07-10 16:55:00,1.142945,TRENDING_DOWN,99.6808,0.000315,100
2026-07-10 16:55:00,1.142945,TRENDING_DOWN,99.7013,0.000316,100
2026-07-10 16:55:00,1.142945,TRENDING_DOWN,99.7203,0.000316,100
2026-07-10 16:55:00,1.142945,TRENDING_DOWN,99.738,0.000317,100
2026-07-10 16:55:00,1.142945,TRENDING_DOWN,99.7544,0.000317,100
2026-07-10 16:55:00,1.142945,TRENDING_DOWN,99.7696,0.000318,100
2026-07-10 17:00:00,1.1428,TRENDING_DOWN,99.7854,0.000317,100
2026-07-10 17:00:00,1.1428,TRENDING_DOWN,99.8001,0.000317,100
2026-07-10 17:00:00,1.1428,TRENDING_DOWN,99.8137,0.000316,100
2026-07-10 17:00:00,1.1428,TRENDING_DOWN,99.8264,0.000316,100
2026-07-10 17:00:00,1.1428,TRENDING_DOWN,99.8381,0.000315,100
2026-07-10 17:00:00,1.1428,TRENDING_DOWN,99.849,0.000315,100
2026-07-10 17:00:00,1.1428,TRENDING_DOWN,99.8591,0.000315,100
2026-07-10 17:00:00,1.1428,TRENDING_DOWN,99.8685,0.000315,100
2026-07-10 17:00:00,1.1428,TRENDING_DOWN,99.8772,0.000314,100
2026-07-10 17:00:00,1.1428,TRENDING_DOWN,99.8854,0.000314,100
2026-07-10 17:00:00,1.1428,TRENDING_DOWN,99.8929,0.000314,100
2026-07-10 17:00:00,1.1428,TRENDING_DOWN,99.8999,0.000314,100
2026-07-10 17:00:00,1.1428,TRENDING_DOWN,99.9064,0.000313,100
2026-07-10 17:00:00,1.1428,TRENDING_DOWN,99.9124,0.000313,100
2026-07-10 17:00:00,1.1428,TRENDING_DOWN,99.918,0.000313,100
2026-07-10 17:00:00,1.1428,TRENDING_DOWN,99.9232,0.000313,100
2026-07-10 17:00:00,1.1428,TRENDING_DOWN,99.928,0.000313,100
2026-07-10 17:00:00,1.1428,TRENDING_DOWN,99.9325,0.000312,100
2026-07-10 17:00:00,1.1428,TRENDING_DOWN,99.9366,0.000312,100
2026-07-10 17:05:00,1.14264,TRENDING_DOWN,99.941,0.000305,100
2026-07-10 17:05:00,1.14264,TRENDING_DOWN,99.945,0.000298,100
2026-07-10 17:05:00,1.14264,TRENDING_DOWN,99.9487,0.000292,100
2026-07-10 17:05:00,1.14264,TRENDING_DOWN,99.9522,0.000286,100
2026-07-10 17:05:00,1.14264,TRENDING_DOWN,99.9555,0.000281,100
2026-07-10 17:05:00,1.14264,TRENDING_DOWN,99.9584,0.000276,100
2026-07-10 17:05:00,1.14264,TRENDING_DOWN,99.9612,0.000271,100
2026-07-10 17:05:00,1.14264,TRENDING_DOWN,99.9638,0.000267,100
2026-07-10 17:05:00,1.14264,TRENDING_DOWN,99.9662,0.000263,100
2026-07-10 17:05:00,1.14264,TRENDING_DOWN,99.9684,0.000259,100
2026-07-10 17:05:00,1.14264,TRENDING_DOWN,99.9705,0.000255,100
2026-07-10 17:05:00,1.14264,TRENDING_DOWN,99.9724,0.000252,100
2026-07-10 17:05:00,1.14264,TRENDING_DOWN,99.9742,0.000249,100
2026-07-10 17:05:00,1.14264,TRENDING_DOWN,99.9759,0.000246,100
2026-07-10 17:05:00,1.14264,TRENDING_DOWN,99.9774,0.000244,100
2026-07-10 17:05:00,1.14264,TRENDING_DOWN,99.9788,0.000241,100
2026-07-10 17:05:00,1.14264,TRENDING_DOWN,99.9802,0.000239,100
2026-07-10 17:05:00,1.14264,TRENDING_DOWN,99.9814,0.000237,100
2026-07-10 17:05:00,1.14264,TRENDING_DOWN,99.9825,0.000235,100
2026-07-10 17:10:00,1.142735,TRENDING_DOWN,99.9836,0.000232,100
2026-07-10 17:10:00,1.142735,TRENDING_DOWN,99.9846,0.000229,100
2026-07-10 17:10:00,1.142735,TRENDING_UP,99.9855,0.000226,100
2026-07-10 17:10:00,1.142735,TRENDING_UP,99.9864,0.000223,100
2026-07-10 17:10:00,1.142735,TRENDING_UP,99.9872,0.000221,100
2026-07-10 17:10:00,1.142735,TRENDING_UP,99.988,0.000218,100
2026-07-10 17:10:00,1.142735,TRENDING_UP,99.9886,0.000216,100
2026-07-10 17:10:00,1.142735,TRENDING_UP,99.9893,0.000214,100
2026-07-10 17:10:00,1.142735,TRENDING_UP,99.9899,0.000212,100
2026-07-10 17:10:00,1.142735,TRENDING_UP,99.9904,0.000211,100
2026-07-10 17:10:00,1.142735,TRENDING_UP,99.991,0.000209,100
2026-07-10 17:10:00,1.142735,TRENDING_UP,99.9914,0.000207,100
2026-07-10 17:10:00,1.142735,TRENDING_UP,99.9919,0.000206,100
2026-07-10 17:10:00,1.142735,TRENDING_UP,99.9923,0.000205,100
2026-07-10 17:10:00,1.142735,TRENDING_UP,99.9927,0.000204,100
2026-07-10 17:10:00,1.142735,TRENDING_UP,99.993,0.000202,100
2026-07-10 17:10:00,1.142735,TRENDING_UP,99.9933,0.000201,100
2026-07-10 17:10:00,1.142735,TRENDING_UP,99.9937,0.000201,100
2026-07-10 17:10:00,1.142735,TRENDING_UP,99.9939,0.0002,100
2026-07-10 17:15:00,1.14245,TRENDING_DOWN,99.9944,0.000208,100
2026-07-10 17:15:00,1.14245,TRENDING_DOWN,99.9948,0.000216,100
2026-07-10 17:15:00,1.14245,TRENDING_DOWN,99.9951,0.000223,100
2026-07-10 17:15:00,1.14245,TRENDING_DOWN,99.9955,0.000229,100
2026-07-10 17:15:00,1.14245,TRENDING_DOWN,99.9958,0.000235,100
2026-07-10 17:15:00,1.14245,TRENDING_DOWN,99.9961,0.000241,100
2026-07-10 17:15:00,1.14245,TRENDING_DOWN,99.9963,0.000246,100
2026-07-10 17:15:00,1.14245,TRENDING_DOWN,99.9966,0.000251,100
2026-07-10 17:15:00,1.14245,TRENDING_DOWN,99.9968,0.000256,100
2026-07-10 17:15:00,1.14245,TRENDING_DOWN,99.997,0.00026,100
2026-07-10 17:15:00,1.14245,TRENDING_DOWN,99.9972,0.000264,100
2026-07-10 17:15:00,1.14245,TRENDING_DOWN,99.9974,0.000268,100
2026-07-10 17:15:00,1.14245,TRENDING_DOWN,99.9976,0.000271,100
2026-07-10 17:15:00,1.14245,TRENDING_DOWN,99.9978,0.000274,100
2026-07-10 17:15:00,1.14245,TRENDING_DOWN,99.9979,0.000277,100
2026-07-10 17:15:00,1.14245,TRENDING_DOWN,99.998,0.00028,100
2026-07-10 17:15:00,1.14245,TRENDING_DOWN,99.9982,0.000282,100
2026-07-10 17:15:00,1.14245,TRENDING_DOWN,99.9983,0.000285,100
2026-07-10 17:15:00,1.14245,TRENDING_DOWN,99.9984,0.000287,100
2026-07-10 17:20:00,1.142295,TRENDING_DOWN,99.9985,0.00028,100
2026-07-10 17:20:00,1.142295,TRENDING_DOWN,99.9986,0.000273,100
2026-07-10 17:20:00,1.142295,TRENDING_DOWN,99.9987,0.000267,100
2026-07-10 17:20:00,1.142295,TRENDING_DOWN,99.9988,0.000262,100
2026-07-10 17:20:00,1.142295,TRENDING_DOWN,99.9989,0.000256,100
2026-07-10 17:20:00,1.142295,TRENDING_DOWN,99.999,0.000251,100
2026-07-10 17:20:00,1.142295,TRENDING_DOWN,99.999,0.000247,100
2026-07-10 17:20:00,1.142295,TRENDING_DOWN,99.9991,0.000243,100
2026-07-10 17:20:00,1.142295,TRENDING_DOWN,99.9992,0.000239,100
2026-07-10 17:20:00,1.142295,TRENDING_DOWN,99.9992,0.000235,100
2026-07-10 17:20:00,1.142295,TRENDING_DOWN,99.9993,0.000232,100
2026-07-10 17:20:00,1.142295,TRENDING_DOWN,99.9993,0.000229,100
2026-07-10 17:20:00,1.142295,TRENDING_DOWN,99.9994,0.000226,100
2026-07-10 17:20:00,1.142295,TRENDING_DOWN,99.9994,0.000223,100
2026-07-10 17:20:00,1.142295,TRENDING_DOWN,99.9994,0.000221,100
2026-07-10 17:20:00,1.142295,TRENDING_DOWN,99.9995,0.000218,100
2026-07-10 17:20:00,1.142295,TRENDING_DOWN,99.9995,0.000216,100
2026-07-10 17:20:00,1.142295,TRENDING_DOWN,99.9995,0.000214,100
2026-07-10 17:20:00,1.142295,TRENDING_DOWN,99.9996,0.000212,100
2026-07-10 17:25:00,1.14249,TRENDING_DOWN,99.9996,0.000213,100
2026-07-10 17:25:00,1.14249,TRENDING_UP,99.9996,0.000214,100
2026-07-10 17:25:00,1.14249,TRENDING_UP,99.9997,0.000215,100
2026-07-10 17:25:00,1.14249,TRENDING_UP,99.9997,0.000216,100
2026-07-10 17:25:00,1.14249,TRENDING_UP,99.9997,0.000217,100
2026-07-10 17:25:00,1.14249,TRENDING_UP,99.9997,0.000218,100
2026-07-10 17:25:00,1.14249,TRENDING_UP,99.9997,0.000218,100
2026-07-10 17:25:00,1.14249,TRENDING_UP,99.9998,0.000219,100
2026-07-10 17:25:00,1.14249,TRENDING_UP,99.9998,0.00022,100
2026-07-10 17:25:00,1.14249,TRENDING_UP,99.9998,0.00022,100
2026-07-10 17:25:00,1.14249,TRENDING_UP,99.9998,0.000221,100
2026-07-10 17:25:00,1.14249,TRENDING_UP,99.9998,0.000221,100
2026-07-10 17:25:00,1.14249,TRENDING_UP,99.9998,0.000222,100
2026-07-10 17:25:00,1.14249,TRENDING_UP,99.9998,0.000222,100
2026-07-10 17:25:00,1.14249,TRENDING_UP,99.9998,0.000223,100
2026-07-10 17:25:00,1.14249,TRENDING_UP,99.9999,0.000223,100
2026-07-10 17:25:00,1.14249,TRENDING_UP,99.9999,0.000223,100
2026-07-10 17:25:00,1.14249,TRENDING_UP,99.9999,0.000224,100
2026-07-10 17:25:00,1.14249,TRENDING_UP,99.9999,0.000224,100
2026-07-10 17:30:00,1.14231,TRENDING_UP,99.9999,0.000222,100
2026-07-10 17:30:00,1.14231,TRENDING_DOWN,99.9999,0.00022,100
2026-07-10 17:30:00,1.14231,TRENDING_DOWN,99.9999,0.000217,100
2026-07-10 17:30:00,1.14231,TRENDING_DOWN,99.9999,0.000215,100
2026-07-10 17:30:00,1.14231,TRENDING_DOWN,99.9999,0.000213,100
2026-07-10 17:30:00,1.14231,TRENDING_DOWN,99.9999,0.000212,100
2026-07-10 17:30:00,1.14231,TRENDING_DOWN,99.9999,0.00021,100
2026-07-10 17:30:00,1.14231,TRENDING_DOWN,99.9999,0.000208,100
2026-07-10 17:30:00,1.14231,TRENDING_DOWN,99.9999,0.000207,100
2026-07-10 17:30:00,1.14231,TRENDING_DOWN,99.9999,0.000206,100
2026-07-10 17:30:00,1.14231,TRENDING_DOWN,99.9999,0.000204,100
2026-07-10 17:30:00,1.14231,TRENDING_DOWN,99.9999,0.000203,100
2026-07-10 17:30:00,1.14231,TRENDING_DOWN,99.9999,0.000202,100
2026-07-10 17:30:00,1.14231,TRENDING_DOWN,99.9999,0.000201,100
2026-07-10 17:30:00,1.14231,TRENDING_DOWN,99.9999,0.0002,100
2026-07-10 17:30:00,1.14231,TRENDING_DOWN,100.0,0.000199,100
2026-07-10 17:30:00,1.14231,TRENDING_DOWN,100.0,0.000199,100
2026-07-10 17:30:00,1.14231,TRENDING_DOWN,100.0,0.000198,100
2026-07-10 17:30:00,1.14231,TRENDING_DOWN,100.0,0.000197,100
2026-07-10 17:35:00,1.14206,TRENDING_DOWN,100.0,0.000201,100
2026-07-10 17:35:00,1.14206,TRENDING_DOWN,100.0,0.000205,100
2026-07-10 17:35:00,1.14206,TRENDING_DOWN,100.0,0.000208,100
2026-07-10 17:35:00,1.14206,TRENDING_DOWN,100.0,0.000212,100
2026-07-10 17:35:00,1.14206,TRENDING_DOWN,100.0,0.000215,100
2026-07-10 17:35:00,1.14206,TRENDING_DOWN,100.0,0.000218,100
2026-07-10 17:35:00,1.14206,TRENDING_DOWN,100.0,0.00022,100
2026-07-10 17:35:00,1.14206,TRENDING_DOWN,100.0,0.000223,100
2026-07-10 17:35:00,1.14206,TRENDING_DOWN,100.0,0.000225,100
2026-07-10 17:35:00,1.14206,TRENDING_DOWN,100.0,0.000227,100
2026-07-10 17:35:00,1.14206,TRENDING_DOWN,100.0,0.000229,100
2026-07-10 17:35:00,1.14206,TRENDING_DOWN,100.0,0.000231,100
2026-07-10 17:35:00,1.14206,TRENDING_DOWN,100.0,0.000232,100
2026-07-10 17:35:00,1.14206,TRENDING_DOWN,100.0,0.000234,100
2026-07-10 17:35:00,1.14206,TRENDING_DOWN,100.0,0.000235,100
2026-07-10 17:35:00,1.14206,TRENDING_DOWN,100.0,0.000237,100
2026-07-10 17:35:00,1.14206,TRENDING_DOWN,100.0,0.000238,100
2026-07-10 17:35:00,1.14206,TRENDING_DOWN,100.0,0.000239,100
2026-07-10 17:35:00,1.14206,TRENDING_DOWN,100.0,0.00024,100
2026-07-10 17:40:00,1.142175,TRENDING_DOWN,100.0,0.000235,100
2026-07-10 17:40:00,1.142175,TRENDING_DOWN,100.0,0.000231,100
2026-07-10 17:40:00,1.142175,TRENDING_DOWN,100.0,0.000227,100
2026-07-10 17:40:00,1.142175,TRENDING_UP,100.0,0.000223,100
2026-07-10 17:40:00,1.142175,TRENDING_UP,100.0,0.00022,100
2026-07-10 17:40:00,1.142175,TRENDING_UP,100.0,0.000217,100
2026-07-10 17:40:00,1.142175,TRENDING_UP,100.0,0.000214,100
2026-07-10 17:40:00,1.142175,TRENDING_UP,100.0,0.000211,100
2026-07-10 17:40:00,1.142175,TRENDING_UP,100.0,0.000208,100
2026-07-10 17:40:00,1.142175,TRENDING_UP,100.0,0.000206,100
2026-07-10 17:40:00,1.142175,TRENDING_UP,100.0,0.000204,100
2026-07-10 17:40:00,1.142175,TRENDING_UP,100.0,0.000202,100
2026-07-10 17:40:00,1.142175,TRENDING_UP,100.0,0.0002,100
2026-07-10 17:40:00,1.142175,TRENDING_UP,100.0,0.000198,100
2026-07-10 17:40:00,1.142175,TRENDING_UP,100.0,0.000196,100
2026-07-10 17:40:00,1.142175,TRENDING_UP,100.0,0.000195,100
2026-07-10 17:40:00,1.142175,TRENDING_UP,100.0,0.000194,100
2026-07-10 17:40:00,1.142175,TRENDING_UP,100.0,0.000192,100
2026-07-10 17:40:00,1.142175,TRENDING_UP,100.0,0.000191,100
2026-07-10 17:45:00,1.142215,TRENDING_UP,96.7473,0.000185,100
2026-07-10 17:45:00,1.142215,TRENDING_UP,93.727,0.00018,100
2026-07-10 17:45:00,1.142215,TRENDING_UP,90.9224,0.000176,100
2026-07-10 17:45:00,1.142215,TRENDING_UP,88.3181,0.000171,100
2026-07-10 17:45:00,1.142215,TRENDING_UP,85.8998,0.000167,100
2026-07-10 17:45:00,1.142215,TRENDING_UP,83.6543,0.000163,100
2026-07-10 17:45:00,1.142215,TRENDING_UP,81.5692,0.00016,100
2026-07-10 17:45:00,1.142215,TRENDING_UP,79.633,0.000156,100
2026-07-10 17:45:00,1.142215,TRENDING_UP,77.8351,0.000153,100
2026-07-10 17:45:00,1.142215,TRENDING_UP,76.1656,0.000151,100
2026-07-10 17:45:00,1.142215,TRENDING_UP,74.6154,0.000148,100
2026-07-10 17:45:00,1.142215,TRENDING_UP,73.1759,0.000146,100
2026-07-10 17:45:00,1.142215,TRENDING_UP,71.8392,0.000143,100
2026-07-10 17:45:00,1.142215,TRENDING_UP,70.598,0.000141,100
2026-07-10 17:45:00,1.142215,TRENDING_UP,69.4455,0.000139,100
2026-07-10 17:45:00,1.142215,TRENDING_UP,68.3753,0.000137,100
2026-07-10 17:45:00,1.142215,TRENDING_UP,67.3815,0.000136,100
2026-07-10 17:45:00,1.142215,TRENDING_UP,66.4587,0.000134,100
2026-07-10 17:45:00,1.142215,TRENDING_UP,65.6019,0.000133,100
2026-07-10 17:50:00,1.142115,TRENDING_DOWN,66.2357,0.000136,100
2026-07-10 17:50:00,1.142115,TRENDING_DOWN,66.8242,0.000139,100
2026-07-10 17:50:00,1.142115,TRENDING_DOWN,67.3708,0.000141,100
2026-07-10 17:50:00,1.142115,TRENDING_DOWN,67.8782,0.000144,100
2026-07-10 17:50:00,1.142115,TRENDING_DOWN,68.3495,0.000146,100
2026-07-10 17:50:00,1.142115,TRENDING_DOWN,68.787,0.000148,100
2026-07-10 17:50:00,1.142115,TRENDING_DOWN,69.1933,0.00015,100
2026-07-10 17:50:00,1.142115,TRENDING_DOWN,69.5706,0.000152,100
2026-07-10 17:50:00,1.142115,TRENDING_DOWN,69.921,0.000153,100
2026-07-10 17:50:00,1.142115,TRENDING_DOWN,70.2463,0.000155,100
2026-07-10 17:50:00,1.142115,TRENDING_DOWN,70.5484,0.000156,100
2026-07-10 17:50:00,1.142115,TRENDING_DOWN,70.8289,0.000158,100
2026-07-10 17:50:00,1.142115,TRENDING_DOWN,71.0893,0.000159,100
2026-07-10 17:50:00,1.142115,TRENDING_DOWN,71.3312,0.00016,100
2026-07-10 17:50:00,1.142115,TRENDING_DOWN,71.5558,0.000161,100
2026-07-10 17:50:00,1.142115,TRENDING_DOWN,71.7643,0.000162,100
2026-07-10 17:50:00,1.142115,TRENDING_DOWN,71.958,0.000163,100
2026-07-10 17:50:00,1.142115,TRENDING_DOWN,72.1378,0.000164,100
2026-07-10 17:50:00,1.142115,TRENDING_DOWN,72.3048,0.000165,100
2026-07-10 17:55:00,1.14177,TRENDING_DOWN,74.1832,0.000184,100
2026-07-10 17:55:00,1.14177,TRENDING_DOWN,75.9275,0.000201,100
2026-07-10 17:55:00,1.14177,TRENDING_DOWN,77.5472,0.000217,100
2026-07-10 17:55:00,1.14177,TRENDING_DOWN,79.0512,0.000233,100
2026-07-10 17:55:00,1.14177,TRENDING_DOWN,80.4478,0.000247,100
2026-07-10 17:55:00,1.14177,TRENDING_DOWN,81.7446,0.00026,100
2026-07-10 17:55:00,1.14177,TRENDING_DOWN,82.9488,0.000272,100
2026-07-10 17:55:00,1.14177,TRENDING_DOWN,84.067,0.000283,100
2026-07-10 17:55:00,1.14177,TRENDING_DOWN,85.1053,0.000293,100
2026-07-10 17:55:00,1.14177,TRENDING_DOWN,86.0695,0.000303,100
2026-07-10 17:55:00,1.14177,TRENDING_DOWN,86.9647,0.000312,100
2026-07-10 17:55:00,1.14177,TRENDING_DOWN,87.7961,0.000321,100
2026-07-10 17:55:00,1.14177,TRENDING_DOWN,88.568,0.000328,100
2026-07-10 17:55:00,1.14177,TRENDING_DOWN,89.2848,0.000335,100
2026-07-10 17:55:00,1.14177,TRENDING_DOWN,89.9504,0.000342,100
2026-07-10 17:55:00,1.14177,TRENDING_DOWN,90.5685,0.000348,100
2026-07-10 17:55:00,1.14177,TRENDING_DOWN,91.1424,0.000354,100
2026-07-10 17:55:00,1.14177,TRENDING_DOWN,91.6753,0.00036,100
2026-07-10 17:55:00,1.14177,TRENDING_DOWN,92.1702,0.000364,100
2026-07-10 18:00:00,1.141705,TRENDING_DOWN,92.6679,0.000352,100
2026-07-10 18:00:00,1.141705,TRENDING_DOWN,93.1301,0.00034,100
2026-07-10 18:00:00,1.141705,TRENDING_DOWN,93.5592,0.000329,100
2026-07-10 18:00:00,1.141705,TRENDING_DOWN,93.9577,0.000319,100
2026-07-10 18:00:00,1.141705,TRENDING_DOWN,94.3277,0.00031,100
2026-07-10 18:00:00,1.141705,TRENDING_DOWN,94.6713,0.000301,100
2026-07-10 18:00:00,1.141705,TRENDING_DOWN,94.9903,0.000293,100
2026-07-10 18:00:00,1.141705,TRENDING_DOWN,95.2866,0.000286,100
2026-07-10 18:00:00,1.141705,TRENDING_DOWN,95.5617,0.000279,100
2026-07-10 18:00:00,1.141705,TRENDING_DOWN,95.8171,0.000272,100
2026-07-10 18:00:00,1.141705,TRENDING_DOWN,96.0543,0.000266,100
2026-07-10 18:00:00,1.141705,TRENDING_DOWN,96.2746,0.000261,100
2026-07-10 18:00:00,1.141705,TRENDING_DOWN,96.4791,0.000256,100
2026-07-10 18:00:00,1.141705,TRENDING_DOWN,96.669,0.000251,100
2026-07-10 18:00:00,1.141705,TRENDING_DOWN,96.8454,0.000246,100
2026-07-10 18:00:00,1.141705,TRENDING_DOWN,97.0092,0.000242,100
2026-07-10 18:00:00,1.141705,TRENDING_DOWN,97.1612,0.000238,100
2026-07-10 18:00:00,1.141705,TRENDING_DOWN,97.3024,0.000235,100
2026-07-10 18:00:00,1.141705,TRENDING_DOWN,97.4335,0.000231,100
2026-07-10 18:05:00,1.14163,TRENDING_DOWN,97.5784,0.000225,100
2026-07-10 18:05:00,1.14163,TRENDING_DOWN,97.7129,0.000219,100
2026-07-10 18:05:00,1.14163,TRENDING_DOWN,97.8379,0.000214,100
2026-07-10 18:05:00,1.14163,TRENDING_DOWN,97.9539,0.000209,100
2026-07-10 18:05:00,1.14163,TRENDING_DOWN,98.0616,0.000205,100
2026-07-10 18:05:00,1.14163,TRENDING_DOWN,98.1616,0.0002,100
2026-07-10 18:05:00,1.14163,TRENDING_DOWN,98.2545,0.000196,100
2026-07-10 18:05:00,1.14163,TRENDING_DOWN,98.3407,0.000193,100
2026-07-10 18:05:00,1.14163,TRENDING_DOWN,98.4208,0.000189,100
2026-07-10 18:05:00,1.14163,TRENDING_DOWN,98.4952,0.000186,100
2026-07-10 18:05:00,1.14163,TRENDING_DOWN,98.5642,0.000183,100
2026-07-10 18:05:00,1.14163,TRENDING_DOWN,98.6283,0.00018,100
2026-07-10 18:05:00,1.14163,TRENDING_DOWN,98.6879,0.000178,100
2026-07-10 18:05:00,1.14163,TRENDING_DOWN,98.7431,0.000175,100
2026-07-10 18:05:00,1.14163,TRENDING_DOWN,98.7945,0.000173,100
2026-07-10 18:05:00,1.14163,TRENDING_DOWN,98.8422,0.000171,100
2026-07-10 18:05:00,1.14163,TRENDING_DOWN,98.8864,0.000169,100
2026-07-10 18:05:00,1.14163,TRENDING_DOWN,98.9275,0.000167,100
2026-07-10 18:05:00,1.14163,TRENDING_DOWN,98.9657,0.000166,100
2026-07-10 18:10:00,1.141665,TRENDING_DOWN,96.3518,0.000166,100
2026-07-10 18:10:00,1.141665,TRENDING_DOWN,93.9245,0.000166,100
2026-07-10 18:10:00,1.141665,TRENDING_DOWN,91.6707,0.000166,100
2026-07-10 18:10:00,1.141665,TRENDING_DOWN,89.5778,0.000166,100
2026-07-10 18:10:00,1.141665,TRENDING_UP,87.6345,0.000166,100
2026-07-10 18:10:00,1.141665,TRENDING_UP,85.8299,0.000166,100
2026-07-10 18:10:00,1.141665,TRENDING_UP,84.1542,0.000166,100
2026-07-10 18:10:00,1.141665,TRENDING_UP,82.5983,0.000166,100
2026-07-10 18:10:00,1.141665,TRENDING_UP,81.1534,0.000166,100
2026-07-10 18:10:00,1.141665,TRENDING_UP,79.8118,0.000166,100
2026-07-10 18:10:00,1.141665,TRENDING_UP,78.566,0.000166,100
2026-07-10 18:10:00,1.141665,TRENDING_UP,77.4092,0.000166,100
2026-07-10 18:10:00,1.141665,TRENDING_UP,76.335,0.000166,100
2026-07-10 18:10:00,1.141665,TRENDING_UP,75.3376,0.000166,100
2026-07-10 18:10:00,1.141665,TRENDING_UP,74.4113,0.000166,100
2026-07-10 18:10:00,1.141665,TRENDING_UP,73.5513,0.000166,100
2026-07-10 18:10:00,1.141665,TRENDING_UP,72.7527,0.000166,100
2026-07-10 18:10:00,1.141665,TRENDING_UP,72.0111,0.000166,100
2026-07-10 18:10:00,1.141665,TRENDING_UP,71.3225,0.000166,100
2026-07-10 18:15:00,1.14162,TRENDING_DOWN,69.9285,0.000162,100
2026-07-10 18:15:00,1.14162,TRENDING_DOWN,68.634,0.000158,100
2026-07-10 18:15:00,1.14162,TRENDING_DOWN,67.432,0.000155,100
2026-07-10 18:15:00,1.14162,TRENDING_DOWN,66.3159,0.000152,100
2026-07-10 18:15:00,1.14162,TRENDING_DOWN,65.2795,0.000149,100
2026-07-10 18:15:00,1.14162,TRENDING_DOWN,64.3171,0.000146,100
2026-07-10 18:15:00,1.14162,TRENDING_DOWN,63.4235,0.000143,100
2026-07-10 18:15:00,1.14162,TRENDING_DOWN,62.5937,0.000141,100
2026-07-10 18:15:00,1.14162,TRENDING_DOWN,61.8231,0.000139,100
2026-07-10 18:15:00,1.14162,TRENDING_DOWN,61.1076,0.000137,100
2026-07-10 18:15:00,1.14162,TRENDING_DOWN,60.4433,0.000135,100
2026-07-10 18:15:00,1.14162,TRENDING_DOWN,59.8263,0.000133,100
2026-07-10 18:15:00,1.14162,TRENDING_DOWN,59.2535,0.000131,100
2026-07-10 18:15:00,1.14162,TRENDING_DOWN,58.7215,0.00013,100
2026-07-10 18:15:00,1.14162,TRENDING_DOWN,58.2276,0.000128,100
2026-07-10 18:15:00,1.14162,TRENDING_DOWN,57.7689,0.000127,100
2026-07-10 18:15:00,1.14162,TRENDING_DOWN,57.343,0.000126,100
2026-07-10 18:15:00,1.14162,TRENDING_DOWN,56.9475,0.000124,100
2026-07-10 18:15:00,1.14162,TRENDING_DOWN,56.5803,0.000123,100
2026-07-10 18:20:00,1.14143,TRENDING_DOWN,59.324,0.000133,100
2026-07-10 18:20:00,1.14143,TRENDING_DOWN,61.8717,0.000141,100
2026-07-10 18:20:00,1.14143,TRENDING_DOWN,64.2375,0.000149,100
2026-07-10 18:20:00,1.14143,TRENDING_DOWN,66.4342,0.000157,100
2026-07-10 18:20:00,1.14143,TRENDING_DOWN,68.4741,0.000164,100
2026-07-10 18:20:00,1.14143,TRENDING_DOWN,70.3682,0.00017,100
2026-07-10 18:20:00,1.14143,TRENDING_DOWN,72.1271,0.000176,100
2026-07-10 18:20:00,1.14143,TRENDING_DOWN,73.7603,0.000182,100
2026-07-10 18:20:00,1.14143,TRENDING_DOWN,75.2769,0.000187,100
2026-07-10 18:20:00,1.14143,TRENDING_DOWN,76.6851,0.000192,100
2026-07-10 18:20:00,1.14143,TRENDING_DOWN,77.9928,0.000196,100
2026-07-10 18:20:00,1.14143,TRENDING_DOWN,79.207,0.0002,100
2026-07-10 18:20:00,1.14143,TRENDING_DOWN,80.3345,0.000204,100
2026-07-10 18:20:00,1.14143,TRENDING_DOWN,81.3815,0.000208,100
2026-07-10 18:20:00,1.14143,TRENDING_DOWN,82.3537,0.000211,100
2026-07-10 18:20:00,1.14143,TRENDING_DOWN,83.2565,0.000214,100
2026-07-10 18:20:00,1.14143,TRENDING_DOWN,84.0947,0.000217,100
2026-07-10 18:20:00,1.14143,TRENDING_DOWN,84.8731,0.00022,100
2026-07-10 18:20:00,1.14143,TRENDING_DOWN,85.5959,0.000222,100
2026-07-10 18:25:00,1.14146,TRENDING_DOWN,86.2671,0.000223,100
2026-07-10 18:25:00,1.14146,TRENDING_DOWN,86.8903,0.000223,100
2026-07-10 18:25:00,1.14146,TRENDING_DOWN,87.469,0.000223,100
2026-07-10 18:25:00,1.14146,TRENDING_DOWN,88.0064,0.000224,100
2026-07-10 18:25:00,1.14146,TRENDING_DOWN,88.5054,0.000224,100
2026-07-10 18:25:00,1.14146,TRENDING_DOWN,88.9687,0.000224,100
2026-07-10 18:25:00,1.14146,TRENDING_DOWN,89.399,0.000224,100
2026-07-10 18:25:00,1.14146,TRENDING_DOWN,89.7985,0.000225,100
2026-07-10 18:25:00,1.14146,TRENDING_DOWN,90.1695,0.000225,100
2026-07-10 18:25:00,1.14146,TRENDING_DOWN,90.514,0.000225,100
2026-07-10 18:25:00,1.14146,TRENDING_DOWN,90.8338,0.000225,100
2026-07-10 18:25:00,1.14146,TRENDING_DOWN,91.1309,0.000225,100
2026-07-10 18:25:00,1.14146,TRENDING_DOWN,91.4067,0.000226,100
2026-07-10 18:25:00,1.14146,TRENDING_DOWN,91.6628,0.000226,100
2026-07-10 18:25:00,1.14146,TRENDING_DOWN,91.9006,0.000226,100
2026-07-10 18:25:00,1.14146,TRENDING_DOWN,92.1214,0.000226,100
2026-07-10 18:25:00,1.14146,TRENDING_DOWN,92.3265,0.000226,100
2026-07-10 18:25:00,1.14146,TRENDING_DOWN,92.5169,0.000226,100
2026-07-10 18:25:00,1.14146,TRENDING_DOWN,92.6937,0.000226,100
2026-07-10 18:30:00,1.141555,TRENDING_UP,93.1644,0.000225,100
2026-07-10 18:30:00,1.141555,TRENDING_UP,93.6015,0.000224,100
2026-07-10 18:30:00,1.141555,TRENDING_UP,94.0074,0.000222,100
2026-07-10 18:30:00,1.141555,TRENDING_UP,94.3842,0.000221,100
2026-07-10 18:30:00,1.141555,TRENDING_UP,94.7342,0.00022,100
2026-07-10 18:30:00,1.141555,TRENDING_UP,95.0592,0.000219,100
2026-07-10 18:30:00,1.141555,TRENDING_UP,95.3609,0.000218,100
2026-07-10 18:30:00,1.141555,TRENDING_UP,95.6411,0.000217,100
2026-07-10 18:30:00,1.141555,TRENDING_UP,95.9013,0.000216,100
2026-07-10 18:30:00,1.141555,TRENDING_UP,96.1429,0.000216,100
2026-07-10 18:30:00,1.141555,TRENDING_UP,96.3672,0.000215,100
2026-07-10 18:30:00,1.141555,TRENDING_UP,96.5755,0.000214,100
2026-07-10 18:30:00,1.141555,TRENDING_UP,96.769,0.000214,100
2026-07-10 18:30:00,1.141555,TRENDING_UP,96.9486,0.000213,100
2026-07-10 18:30:00,1.141555,TRENDING_UP,97.1154,0.000213,100
2026-07-10 18:30:00,1.141555,TRENDING_UP,97.2702,0.000212,100
2026-07-10 18:30:00,1.141555,TRENDING_UP,97.414,0.000212,100
2026-07-10 18:30:00,1.141555,TRENDING_UP,97.5476,0.000211,100
2026-07-10 18:30:00,1.141555,TRENDING_UP,97.6716,0.000211,100
2026-07-10 18:35:00,1.14142,TRENDING_DOWN,93.9137,0.000213,100
2026-07-10 18:35:00,1.14142,TRENDING_DOWN,90.4242,0.000216,100
2026-07-10 18:35:00,1.14142,TRENDING_DOWN,87.184,0.000218,100
2026-07-10 18:35:00,1.14142,TRENDING_DOWN,84.1752,0.00022,100
2026-07-10 18:35:00,1.14142,TRENDING_DOWN,81.3813,0.000222,100
2026-07-10 18:35:00,1.14142,TRENDING_DOWN,78.787,0.000223,100
2026-07-10 18:35:00,1.14142,TRENDING_DOWN,76.378,0.000225,100
2026-07-10 18:35:00,1.14142,TRENDING_DOWN,74.1411,0.000226,100
2026-07-10 18:35:00,1.14142,TRENDING_DOWN,72.064,0.000228,100
2026-07-10 18:35:00,1.14142,TRENDING_DOWN,70.1352,0.000229,100
2026-07-10 18:35:00,1.14142,TRENDING_DOWN,68.3442,0.00023,100
2026-07-10 18:35:00,1.14142,TRENDING_DOWN,66.6811,0.000231,100
2026-07-10 18:35:00,1.14142,TRENDING_DOWN,65.1368,0.000232,100
2026-07-10 18:35:00,1.14142,TRENDING_DOWN,63.7028,0.000233,100
2026-07-10 18:35:00,1.14142,TRENDING_DOWN,62.3713,0.000234,100
2026-07-10 18:35:00,1.14142,TRENDING_DOWN,61.1348,0.000235,100
2026-07-10 18:35:00,1.14142,TRENDING_DOWN,59.9867,0.000236,100
2026-07-10 18:35:00,1.14142,TRENDING_DOWN,58.9206,0.000236,100
2026-07-10 18:35:00,1.14142,TRENDING_DOWN,57.9306,0.000237,100
2026-07-10 18:40:00,1.141295,TRENDING_DOWN,60.1289,0.000235,100
2026-07-10 18:40:00,1.141295,TRENDING_DOWN,62.1701,0.000234,100
2026-07-10 18:40:00,1.141295,TRENDING_DOWN,64.0655,0.000232,100
2026-07-10 18:40:00,1.141295,TRENDING_DOWN,65.8255,0.000231,100
2026-07-10 18:40:00,1.141295,TRENDING_DOWN,67.4598,0.00023,100
2026-07-10 18:40:00,1.141295,TRENDING_DOWN,68.9774,0.000229,100
2026-07-10 18:40:00,1.141295,TRENDING_DOWN,70.3866,0.000228,100
2026-07-10 18:40:00,1.141295,TRENDING_DOWN,71.6951,0.000227,100
2026-07-10 18:40:00,1.141295,TRENDING_DOWN,72.9102,0.000226,100
2026-07-10 18:40:00,1.141295,TRENDING_DOWN,74.0384,0.000225,100
2026-07-10 18:40:00,1.141295,TRENDING_DOWN,75.0861,0.000225,100
2026-07-10 18:40:00,1.141295,TRENDING_DOWN,76.059,0.000224,100
2026-07-10 18:40:00,1.141295,TRENDING_DOWN,76.9623,0.000223,100
2026-07-10 18:40:00,1.141295,TRENDING_DOWN,77.8011,0.000223,100
2026-07-10 18:40:00,1.141295,TRENDING_DOWN,78.5801,0.000222,100
2026-07-10 18:40:00,1.141295,TRENDING_DOWN,79.3033,0.000221,100
2026-07-10 18:40:00,1.141295,TRENDING_DOWN,79.9749,0.000221,100
2026-07-10 18:40:00,1.141295,TRENDING_DOWN,80.5986,0.000221,100
2026-07-10 18:40:00,1.141295,TRENDING_DOWN,81.1777,0.00022,100
2026-07-10 18:45:00,1.141525,TRENDING_UP,78.4422,0.000219,100
2026-07-10 18:45:00,1.141525,TRENDING_UP,75.9021,0.000218,100
2026-07-10 18:45:00,1.141525,TRENDING_UP,73.5434,0.000218,100
2026-07-10 18:45:00,1.141525,TRENDING_UP,71.3532,0.000217,100
2026-07-10 18:45:00,1.141525,TRENDING_UP,69.3194,0.000216,100
2026-07-10 18:45:00,1.141525,TRENDING_UP,67.4309,0.000215,100
2026-07-10 18:45:00,1.141525,TRENDING_UP,65.6773,0.000215,100
2026-07-10 18:45:00,1.141525,TRENDING_UP,64.049,0.000214,100
2026-07-10 18:45:00,1.141525,TRENDING_UP,62.537,0.000213,100
2026-07-10 18:45:00,1.141525,TRENDING_UP,61.1329,0.000213,100
2026-07-10 18:45:00,1.141525,TRENDING_UP,59.8292,0.000212,100
2026-07-10 18:45:00,1.141525,TRENDING_UP,58.6186,0.000212,100
2026-07-10 18:45:00,1.141525,TRENDING_UP,57.4944,0.000211,100
2026-07-10 18:45:00,1.141525,TRENDING_UP,56.4506,0.000211,100
2026-07-10 18:45:00,1.141525,TRENDING_UP,55.4813,0.000211,100
2026-07-10 18:45:00,1.141525,TRENDING_UP,54.5812,0.00021,100
2026-07-10 18:45:00,1.141525,TRENDING_UP,53.7455,0.00021,100
2026-07-10 18:45:00,1.141525,TRENDING_UP,52.9694,0.00021,100
2026-07-10 18:45:00,1.141525,TRENDING_UP,52.2488,0.000209,100
2026-07-10 18:50:00,1.14155,TRENDING_UP,54.4352,0.000204,100
2026-07-10 18:50:00,1.14155,TRENDING_UP,56.4655,0.0002,100
2026-07-10 18:50:00,1.14155,TRENDING_UP,58.3507,0.000196,100
2026-07-10 18:50:00,1.14155,TRENDING_UP,60.1013,0.000192,100
2026-07-10 18:50:00,1.14155,TRENDING_UP,61.7268,0.000188,100
2026-07-10 18:50:00,1.14155,TRENDING_UP,63.2363,0.000185,100
2026-07-10 18:50:00,1.14155,TRENDING_UP,64.6379,0.000181,100
2026-07-10 18:50:00,1.14155,TRENDING_UP,65.9394,0.000178,100
2026-07-10 18:50:00,1.14155,TRENDING_UP,67.1479,0.000176,100
2026-07-10 18:50:00,1.14155,TRENDING_UP,68.2701,0.000173,100
2026-07-10 18:50:00,1.14155,TRENDING_UP,69.3122,0.000171,100
2026-07-10 18:50:00,1.14155,TRENDING_UP,70.2798,0.000169,100
2026-07-10 18:50:00,1.14155,TRENDING_UP,71.1783,0.000167,100
2026-07-10 18:50:00,1.14155,TRENDING_UP,72.0126,0.000165,100
2026-07-10 18:50:00,1.14155,TRENDING_UP,72.7874,0.000163,100
2026-07-10 18:50:00,1.14155,TRENDING_UP,73.5067,0.000161,100
2026-07-10 18:50:00,1.14155,TRENDING_UP,74.1748,0.00016,100
2026-07-10 18:50:00,1.14155,TRENDING_UP,74.795,0.000158,100
2026-07-10 18:50:00,1.14155,TRENDING_UP,75.371,0.000157,100
2026-07-10 18:55:00,1.141655,TRENDING_UP,72.3781,0.000162,100
2026-07-10 18:55:00,1.141655,TRENDING_UP,69.5989,0.000166,100
2026-07-10 18:55:00,1.141655,TRENDING_UP,67.0183,0.000169,100
2026-07-10 18:55:00,1.141655,TRENDING_UP,64.622,0.000173,100
2026-07-10 18:55:00,1.141655,TRENDING_UP,62.3968,0.000176,100
2026-07-10 18:55:00,1.141655,TRENDING_UP,60.3306,0.000179,100
2026-07-10 18:55:00,1.141655,TRENDING_UP,58.412,0.000182,100
2026-07-10 18:55:00,1.141655,TRENDING_UP,56.6304,0.000185,100
2026-07-10 18:55:00,1.141655,TRENDING_UP,54.9761,0.000187,100
2026-07-10 18:55:00,1.141655,TRENDING_UP,53.44,0.000189,100
2026-07-10 18:55:00,1.141655,TRENDING_UP,52.0135,0.000192,100
2026-07-10 18:55:00,1.141655,TRENDING_UP,50.689,0.000194,100
2026-07-10 18:55:00,1.141655,TRENDING_UP,49.4591,0.000195,100
2026-07-10 18:55:00,1.141655,TRENDING_UP,48.317,0.000197,100
2026-07-10 18:55:00,1.141655,TRENDING_UP,47.2565,0.000199,100
2026-07-10 18:55:00,1.141655,TRENDING_UP,46.2717,0.0002,100
2026-07-10 18:55:00,1.141655,TRENDING_UP,45.3573,0.000201,100
2026-07-10 18:55:00,1.141655,TRENDING_UP,44.5082,0.000203,100
2026-07-10 18:55:00,1.141655,TRENDING_UP,43.7198,0.000204,100
2026-07-10 19:00:00,1.14149,TRENDING_DOWN,42.9876,0.000201,100
2026-07-10 19:00:00,1.14149,TRENDING_DOWN,42.3078,0.000199,100
2026-07-10 19:00:00,1.14149,TRENDING_DOWN,41.6765,0.000196,100
2026-07-10 19:00:00,1.14149,TRENDING_DOWN,41.0904,0.000194,98
2026-07-10 19:00:00,1.14149,TRENDING_DOWN,40.546,0.000192,96
2026-07-10 19:00:00,1.14149,TRENDING_DOWN,40.0406,0.00019,95
2026-07-10 19:00:00,1.14149,TRENDING_DOWN,39.5713,0.000189,93
2026-07-10 19:00:00,1.14149,TRENDING_DOWN,39.1355,0.000187,92
2026-07-10 19:00:00,1.14149,TRENDING_DOWN,38.7308,0.000186,91
2026-07-10 19:00:00,1.14149,TRENDING_DOWN,38.355,0.000184,90
2026-07-10 19:00:00,1.14149,TRENDING_DOWN,38.0061,0.000183,89
2026-07-10 19:00:00,1.14149,TRENDING_DOWN,37.6821,0.000182,88
2026-07-10 19:00:00,1.14149,TRENDING_DOWN,37.3812,0.000181,87
2026-07-10 19:00:00,1.14149,TRENDING_DOWN,37.1018,0.00018,86
2026-07-10 19:00:00,1.14149,TRENDING_DOWN,36.8424,0.000179,85
2026-07-10 19:00:00,1.14149,TRENDING_DOWN,36.6015,0.000178,84
2026-07-10 19:00:00,1.14149,TRENDING_DOWN,36.3778,0.000177,84
2026-07-10 19:00:00,1.14149,TRENDING_DOWN,36.1701,0.000176,83
2026-07-10 19:00:00,1.14149,TRENDING_DOWN,35.9773,0.000176,82
2026-07-10 19:05:00,1.141515,TRENDING_DOWN,39.9384,0.000171,94
2026-07-10 19:05:00,1.141515,TRENDING_DOWN,43.6165,0.000166,100
2026-07-10 19:05:00,1.141515,TRENDING_DOWN,47.0319,0.000162,100
2026-07-10 19:05:00,1.141515,TRENDING_DOWN,50.2034,0.000158,100
2026-07-10 19:05:00,1.141515,TRENDING_DOWN,53.1483,0.000154,100
2026-07-10 19:05:00,1.141515,TRENDING_DOWN,55.8829,0.00015,100
2026-07-10 19:05:00,1.141515,TRENDING_DOWN,58.4222,0.000147,100
2026-07-10 19:05:00,1.141515,TRENDING_DOWN,60.7801,0.000144,100
2026-07-10 19:05:00,1.141515,TRENDING_DOWN,62.9695,0.000141,100
2026-07-10 19:05:00,1.141515,TRENDING_DOWN,65.0026,0.000139,100
2026-07-10 19:05:00,1.141515,TRENDING_DOWN,66.8905,0.000136,100
2026-07-10 19:05:00,1.141515,TRENDING_DOWN,68.6435,0.000134,100
2026-07-10 19:05:00,1.141515,TRENDING_DOWN,70.2712,0.000132,100
2026-07-10 19:05:00,1.141515,TRENDING_DOWN,71.7828,0.00013,100
2026-07-10 19:05:00,1.141515,TRENDING_DOWN,73.1863,0.000128,100
2026-07-10 19:05:00,1.141515,TRENDING_DOWN,74.4896,0.000127,100
2026-07-10 19:05:00,1.141515,TRENDING_DOWN,75.6998,0.000125,100
2026-07-10 19:05:00,1.141515,TRENDING_DOWN,76.8236,0.000124,100
2026-07-10 19:05:00,1.141515,TRENDING_DOWN,77.8671,0.000122,100
2026-07-10 19:10:00,1.141505,TRENDING_DOWN,79.3273,0.000122,100
2026-07-10 19:10:00,1.141505,TRENDING_DOWN,80.6832,0.000121,100
2026-07-10 19:10:00,1.141505,TRENDING_DOWN,81.9423,0.000121,100
2026-07-10 19:10:00,1.141505,TRENDING_DOWN,83.1115,0.00012,100
2026-07-10 19:10:00,1.141505,TRENDING_DOWN,84.1971,0.00012,100
2026-07-10 19:10:00,1.141505,TRENDING_DOWN,85.2052,0.000119,100
2026-07-10 19:10:00,1.141505,TRENDING_DOWN,86.1412,0.000119,100
2026-07-10 19:10:00,1.141505,TRENDING_DOWN,87.0105,0.000119,100
2026-07-10 19:10:00,1.141505,TRENDING_DOWN,87.8176,0.000118,100
2026-07-10 19:10:00,1.141505,TRENDING_DOWN,88.5671,0.000118,100
2026-07-10 19:10:00,1.141505,TRENDING_DOWN,89.263,0.000118,100
2026-07-10 19:10:00,1.141505,TRENDING_DOWN,89.9092,0.000117,100
2026-07-10 19:10:00,1.141505,TRENDING_DOWN,90.5093,0.000117,100
2026-07-10 19:10:00,1.141505,TRENDING_DOWN,91.0665,0.000117,100
2026-07-10 19:10:00,1.141505,TRENDING_DOWN,91.5839,0.000117,100
2026-07-10 19:10:00,1.141505,TRENDING_DOWN,92.0644,0.000116,100
2026-07-10 19:10:00,1.141505,TRENDING_DOWN,92.5105,0.000116,100
2026-07-10 19:10:00,1.141505,TRENDING_DOWN,92.9248,0.000116,100
2026-07-10 19:10:00,1.141505,TRENDING_DOWN,93.3095,0.000116,100
2026-07-10 19:15:00,1.141605,TRENDING_UP,92.5289,0.000119,100
2026-07-10 19:15:00,1.141605,TRENDING_UP,91.804,0.000121,100
2026-07-10 19:15:00,1.141605,TRENDING_UP,91.1309,0.000123,100
2026-07-10 19:15:00,1.141605,TRENDING_UP,90.5059,0.000126,100
2026-07-10 19:15:00,1.141605,TRENDING_UP,89.9256,0.000128,100
2026-07-10 19:15:00,1.141605,TRENDING_UP,89.3867,0.000129,100
2026-07-10 19:15:00,1.141605,TRENDING_UP,88.8862,0.000131,100
2026-07-10 19:15:00,1.141605,TRENDING_UP,88.4216,0.000133,100
2026-07-10 19:15:00,1.141605,TRENDING_UP,87.9901,0.000134,100
2026-07-10 19:15:00,1.141605,TRENDING_UP,87.5894,0.000135,100
2026-07-10 19:15:00,1.141605,TRENDING_UP,87.2174,0.000137,100
2026-07-10 19:15:00,1.141605,TRENDING_UP,86.8719,0.000138,100
2026-07-10 19:15:00,1.141605,TRENDING_UP,86.5511,0.000139,100
2026-07-10 19:15:00,1.141605,TRENDING_UP,86.2533,0.00014,100
2026-07-10 19:15:00,1.141605,TRENDING_UP,85.9767,0.000141,100
2026-07-10 19:15:00,1.141605,TRENDING_UP,85.7198,0.000142,100
2026-07-10 19:15:00,1.141605,TRENDING_UP,85.4813,0.000143,100
2026-07-10 19:15:00,1.141605,TRENDING_UP,85.2599,0.000143,100
2026-07-10 19:15:00,1.141605,TRENDING_UP,85.0542,0.000144,100
2026-07-10 19:20:00,1.141615,TRENDING_UP,84.8633,0.000139,100
2026-07-10 19:20:00,1.141615,TRENDING_UP,84.686,0.000135,100
2026-07-10 19:20:00,1.141615,TRENDING_UP,84.5213,0.000131,100
2026-07-10 19:20:00,1.141615,TRENDING_UP,84.3684,0.000127,100
2026-07-10 19:20:00,1.141615,TRENDING_UP,84.2265,0.000124,100
2026-07-10 19:20:00,1.141615,TRENDING_UP,84.0946,0.000121,100
2026-07-10 19:20:00,1.141615,TRENDING_UP,83.9722,0.000118,100
2026-07-10 19:20:00,1.141615,TRENDING_UP,83.8585,0.000115,100
2026-07-10 19:20:00,1.141615,TRENDING_UP,83.753,0.000112,100
2026-07-10 19:20:00,1.141615,TRENDING_UP,83.655,0.00011,100
2026-07-10 19:20:00,1.141615,TRENDING_UP,83.564,0.000108,100
2026-07-10 19:20:00,1.141615,TRENDING_UP,83.4795,0.000106,100
2026-07-10 19:20:00,1.141615,TRENDING_UP,83.401,0.000104,100
2026-07-10 19:20:00,1.141615,TRENDING_UP,83.3281,0.000102,100
2026-07-10 19:20:00,1.141615,TRENDING_UP,83.2605,0.0001,100
2026-07-10 19:20:00,1.141615,TRENDING_UP,83.1976,9.9e-05,100
2026-07-10 19:20:00,1.141615,TRENDING_UP,83.1393,9.7e-05,100
2026-07-10 19:20:00,1.141615,TRENDING_UP,83.0851,9.6e-05,100
2026-07-10 19:20:00,1.141615,TRENDING_UP,83.0348,9.5e-05,100
2026-07-10 19:25:00,1.141595,TRENDING_UP,78.3736,9.4e-05,100
2026-07-10 19:25:00,1.141595,TRENDING_DOWN,74.0453,9.4e-05,100
2026-07-10 19:25:00,1.141595,TRENDING_DOWN,70.0262,9.3e-05,100
2026-07-10 19:25:00,1.141595,TRENDING_DOWN,66.2942,9.3e-05,100
2026-07-10 19:25:00,1.141595,TRENDING_DOWN,62.8287,9.3e-05,100
2026-07-10 19:25:00,1.141595,TRENDING_DOWN,59.6108,9.2e-05,100
2026-07-10 19:25:00,1.141595,TRENDING_DOWN,56.6228,9.2e-05,100
2026-07-10 19:25:00,1.141595,TRENDING_DOWN,53.8481,9.2e-05,100
2026-07-10 19:25:00,1.141595,TRENDING_DOWN,51.2717,9.1e-05,100
2026-07-10 19:25:00,1.141595,TRENDING_DOWN,48.8792,9.1e-05,100
2026-07-10 19:25:00,1.141595,TRENDING_DOWN,46.6577,9.1e-05,100
2026-07-10 19:25:00,1.141595,TRENDING_DOWN,44.5949,9.1e-05,100
2026-07-10 19:25:00,1.141595,TRENDING_DOWN,42.6794,9e-05,100
2026-07-10 19:25:00,1.141595,TRENDING_DOWN,40.9007,9e-05,97
2026-07-10 19:25:00,1.141595,TRENDING_DOWN,39.249,9e-05,92
2026-07-10 19:25:00,1.141595,TRENDING_DOWN,37.7154,9e-05,88
2026-07-10 19:25:00,1.141595,TRENDING_DOWN,36.2913,9e-05,83
2026-07-10 19:25:00,1.141595,TRENDING_DOWN,34.9689,8.9e-05,79
2026-07-10 19:25:00,1.141595,TRENDING_DOWN,33.741,8.9e-05,76
2026-07-10 19:30:00,1.141515,TRENDING_DOWN,37.9342,9.6e-05,88
2026-07-10 19:30:00,1.141515,TRENDING_DOWN,41.8279,0.000102,100
2026-07-10 19:30:00,1.141515,TRENDING_DOWN,45.4436,0.000107,100
2026-07-10 19:30:00,1.141515,TRENDING_DOWN,48.8009,0.000113,100
2026-07-10 19:30:00,1.141515,TRENDING_DOWN,51.9185,0.000117,100
2026-07-10 19:30:00,1.141515,TRENDING_DOWN,54.8133,0.000122,100
2026-07-10 19:30:00,1.141515,TRENDING_DOWN,57.5014,0.000126,100
2026-07-10 19:30:00,1.141515,TRENDING_DOWN,59.9975,0.00013,100
2026-07-10 19:30:00,1.141515,TRENDING_DOWN,62.3153,0.000133,100
2026-07-10 19:30:00,1.141515,TRENDING_DOWN,64.4675,0.000137,100
2026-07-10 19:30:00,1.141515,TRENDING_DOWN,66.466,0.00014,100
2026-07-10 19:30:00,1.141515,TRENDING_DOWN,68.3218,0.000143,100
2026-07-10 19:30:00,1.141515,TRENDING_DOWN,70.045,0.000145,100
2026-07-10 19:30:00,1.141515,TRENDING_DOWN,71.6451,0.000148,100
2026-07-10 19:30:00,1.141515,TRENDING_DOWN,73.1309,0.00015,100
2026-07-10 19:30:00,1.141515,TRENDING_DOWN,74.5106,0.000152,100
2026-07-10 19:30:00,1.141515,TRENDING_DOWN,75.7917,0.000154,100
2026-07-10 19:30:00,1.141515,TRENDING_DOWN,76.9814,0.000156,100
2026-07-10 19:30:00,1.141515,TRENDING_DOWN,78.086,0.000158,100
2026-07-10 19:35:00,1.141485,TRENDING_DOWN,74.6812,0.000155,100
2026-07-10 19:35:00,1.141485,TRENDING_DOWN,71.5195,0.000152,100
2026-07-10 19:35:00,1.141485,TRENDING_DOWN,68.5837,0.00015,100
2026-07-10 19:35:00,1.141485,TRENDING_DOWN,65.8576,0.000147,100
2026-07-10 19:35:00,1.141485,TRENDING_DOWN,63.3262,0.000145,100
2026-07-10 19:35:00,1.141485,TRENDING_DOWN,60.9756,0.000143,100
2026-07-10 19:35:00,1.141485,TRENDING_DOWN,58.7929,0.000142,100
2026-07-10 19:35:00,1.141485,TRENDING_DOWN,56.7662,0.00014,100
2026-07-10 19:35:00,1.141485,TRENDING_DOWN,54.8842,0.000138,100
2026-07-10 19:35:00,1.141485,TRENDING_DOWN,53.1366,0.000137,100
2026-07-10 19:35:00,1.141485,TRENDING_DOWN,51.5139,0.000136,100
2026-07-10 19:35:00,1.141485,TRENDING_DOWN,50.007,0.000134,100
2026-07-10 19:35:00,1.141485,TRENDING_DOWN,48.6078,0.000133,100
2026-07-10 19:35:00,1.141485,TRENDING_DOWN,47.3085,0.000132,100
2026-07-10 19:35:00,1.141485,TRENDING_DOWN,46.1021,0.000131,100
2026-07-10 19:35:00,1.141485,TRENDING_DOWN,44.9818,0.00013,100
2026-07-10 19:35:00,1.141485,TRENDING_DOWN,43.9415,0.000129,100
2026-07-10 19:35:00,1.141485,TRENDING_DOWN,42.9756,0.000129,100
2026-07-10 19:35:00,1.141485,TRENDING_DOWN,42.0786,0.000128,100
2026-07-10 19:40:00,1.14149,TRENDING_DOWN,41.2342,0.000128,98
2026-07-10 19:40:00,1.14149,TRENDING_DOWN,40.4501,0.000128,96
2026-07-10 19:40:00,1.14149,TRENDING_DOWN,39.722,0.000129,94
2026-07-10 19:40:00,1.14149,TRENDING_DOWN,39.0459,0.000129,92
2026-07-10 19:40:00,1.14149,TRENDING_DOWN,38.4181,0.000129,90
2026-07-10 19:40:00,1.14149,TRENDING_DOWN,37.8351,0.000129,88
2026-07-10 19:40:00,1.14149,TRENDING_DOWN,37.2938,0.000129,86
2026-07-10 19:40:00,1.14149,TRENDING_DOWN,36.7911,0.000129,85
2026-07-10 19:40:00,1.14149,TRENDING_DOWN,36.3244,0.00013,83
2026-07-10 19:40:00,1.14149,TRENDING_DOWN,35.891,0.00013,82
2026-07-10 19:40:00,1.14149,TRENDING_DOWN,35.4885,0.00013,81
2026-07-10 19:40:00,1.14149,TRENDING_DOWN,35.1148,0.00013,80
2026-07-10 19:40:00,1.14149,TRENDING_DOWN,34.7678,0.00013,79
2026-07-10 19:40:00,1.14149,TRENDING_DOWN,34.4456,0.00013,78
2026-07-10 19:40:00,1.14149,TRENDING_DOWN,34.1463,0.00013,77
2026-07-10 19:40:00,1.14149,TRENDING_DOWN,33.8685,0.00013,76
2026-07-10 19:40:00,1.14149,TRENDING_DOWN,33.6105,0.00013,75
2026-07-10 19:40:00,1.14149,TRENDING_DOWN,33.3709,0.00013,75
2026-07-10 19:40:00,1.14149,TRENDING_DOWN,33.1485,0.000131,74
2026-07-10 19:45:00,1.14142,TRENDING_DOWN,37.3141,0.00013,86
2026-07-10 19:45:00,1.14142,TRENDING_DOWN,41.1821,0.000129,98
2026-07-10 19:45:00,1.14142,TRENDING_DOWN,44.7738,0.000129,100
2026-07-10 19:45:00,1.14142,TRENDING_DOWN,48.109,0.000129,100
2026-07-10 19:45:00,1.14142,TRENDING_DOWN,51.206,0.000128,100
2026-07-10 19:45:00,1.14142,TRENDING_DOWN,54.0817,0.000128,100
2026-07-10 19:45:00,1.14142,TRENDING_DOWN,56.752,0.000127,100
2026-07-10 19:45:00,1.14142,TRENDING_DOWN,59.2316,0.000127,100
2026-07-10 19:45:00,1.14142,TRENDING_DOWN,61.5341,0.000127,100
2026-07-10 19:45:00,1.14142,TRENDING_DOWN,63.6721,0.000126,100
2026-07-10 19:45:00,1.14142,TRENDING_DOWN,65.6574,0.000126,100
2026-07-10 19:45:00,1.14142,TRENDING_DOWN,67.5009,0.000126,100
2026-07-10 19:45:00,1.14142,TRENDING_DOWN,69.2128,0.000126,100
2026-07-10 19:45:00,1.14142,TRENDING_DOWN,70.8023,0.000125,100
2026-07-10 19:45:00,1.14142,TRENDING_DOWN,72.2783,0.000125,100
2026-07-10 19:45:00,1.14142,TRENDING_DOWN,73.6489,0.000125,100
2026-07-10 19:45:00,1.14142,TRENDING_DOWN,74.9216,0.000125,100
2026-07-10 19:45:00,1.14142,TRENDING_DOWN,76.1033,0.000125,100
2026-07-10 19:45:00,1.14142,TRENDING_DOWN,77.2007,0.000125,100
2026-07-10 19:50:00,1.141475,TRENDING_DOWN,78.2197,0.00012,100
2026-07-10 19:50:00,1.141475,TRENDING_UP,79.1659,0.000116,100
2026-07-10 19:50:00,1.141475,TRENDING_UP,80.0445,0.000113,100
2026-07-10 19:50:00,1.141475,TRENDING_UP,80.8603,0.000109,100
2026-07-10 19:50:00,1.141475,TRENDING_UP,81.6179,0.000106,100
2026-07-10 19:50:00,1.141475,TRENDING_UP,82.3214,0.000103,100
2026-07-10 19:50:00,1.141475,TRENDING_UP,82.9746,0.000101,100
2026-07-10 19:50:00,1.141475,TRENDING_UP,83.5811,9.8e-05,100
2026-07-10 19:50:00,1.141475,TRENDING_UP,84.1444,9.6e-05,100
2026-07-10 19:50:00,1.141475,TRENDING_UP,84.6674,9.4e-05,100
2026-07-10 19:50:00,1.141475,TRENDING_UP,85.153,9.2e-05,100
2026-07-10 19:50:00,1.141475,TRENDING_UP,85.604,9e-05,100
2026-07-10 19:50:00,1.141475,TRENDING_UP,86.0227,8.8e-05,100
2026-07-10 19:50:00,1.141475,TRENDING_UP,86.4116,8.7e-05,100
2026-07-10 19:50:00,1.141475,TRENDING_UP,86.7726,8.5e-05,100
2026-07-10 19:50:00,1.141475,TRENDING_UP,87.1079,8.4e-05,100
2026-07-10 19:50:00,1.141475,TRENDING_UP,87.4192,8.2e-05,100
2026-07-10 19:50:00,1.141475,TRENDING_UP,87.7083,8.1e-05,100
2026-07-10 19:50:00,1.141475,TRENDING_UP,87.9767,8e-05,100
2026-07-10 19:55:00,1.14158,TRENDING_UP,88.5068,8.8e-05,100
2026-07-10 19:55:00,1.14158,TRENDING_UP,88.999,9.6e-05,100
2026-07-10 19:55:00,1.14158,TRENDING_UP,89.4561,0.000103,100
2026-07-10 19:55:00,1.14158,TRENDING_UP,89.8805,0.00011,100
2026-07-10 19:55:00,1.14158,TRENDING_UP,90.2746,0.000116,100
2026-07-10 19:55:00,1.14158,TRENDING_UP,90.6405,0.000122,100
2026-07-10 19:55:00,1.14158,TRENDING_UP,90.9803,0.000127,100
2026-07-10 19:55:00,1.14158,TRENDING_UP,91.2959,0.000132,100
2026-07-10 19:55:00,1.14158,TRENDING_UP,91.5889,0.000137,100
2026-07-10 19:55:00,1.14158,TRENDING_UP,91.8609,0.000141,100
2026-07-10 19:55:00,1.14158,TRENDING_UP,92.1136,0.000145,100
2026-07-10 19:55:00,1.14158,TRENDING_UP,92.3482,0.000149,100
2026-07-10 19:55:00,1.14158,TRENDING_UP,92.566,0.000152,100
2026-07-10 19:55:00,1.14158,TRENDING_UP,92.7683,0.000156,100
2026-07-10 19:55:00,1.14158,TRENDING_UP,92.9561,0.000159,100
2026-07-10 19:55:00,1.14158,TRENDING_UP,93.1305,0.000161,100
2026-07-10 19:55:00,1.14158,TRENDING_UP,93.2925,0.000164,100
2026-07-10 19:55:00,1.14158,TRENDING_UP,93.4428,0.000166,100
2026-07-10 19:55:00,1.14158,TRENDING_UP,93.5825,0.000168,100
2026-07-10 20:00:00,1.14178,TRENDING_UP,93.9535,0.000172,100
2026-07-10 20:00:00,1.14178,TRENDING_UP,94.298,0.000175,100
2026-07-10 20:00:00,1.14178,TRENDING_UP,94.6179,0.000178,100
2026-07-10 20:00:00,1.14178,TRENDING_UP,94.915,0.00018,100
2026-07-10 20:00:00,1.14178,TRENDING_UP,95.1908,0.000183,100
2026-07-10 20:00:00,1.14178,TRENDING_UP,95.447,0.000185,100
2026-07-10 20:00:00,1.14178,TRENDING_UP,95.6848,0.000187,100
2026-07-10 20:00:00,1.14178,TRENDING_UP,95.9056,0.000189,100
2026-07-10 20:00:00,1.14178,TRENDING_UP,96.1107,0.000191,100
2026-07-10 20:00:00,1.14178,TRENDING_UP,96.3011,0.000193,100
2026-07-10 20:00:00,1.14178,TRENDING_UP,96.478,0.000194,100
2026-07-10 20:00:00,1.14178,TRENDING_UP,96.6422,0.000196,100
2026-07-10 20:00:00,1.14178,TRENDING_UP,96.7946,0.000197,100
2026-07-10 20:00:00,1.14178,TRENDING_UP,96.9362,0.000198,100
2026-07-10 20:00:00,1.14178,TRENDING_UP,97.0677,0.000199,100
2026-07-10 20:00:00,1.14178,TRENDING_UP,97.1898,0.0002,100
2026-07-10 20:00:00,1.14178,TRENDING_UP,97.3031,0.000201,100
2026-07-10 20:00:00,1.14178,TRENDING_UP,97.4084,0.000202,100
2026-07-10 20:00:00,1.14178,TRENDING_UP,97.5061,0.000203,100
2026-07-10 20:05:00,1.14143,TRENDING_DOWN,94.3226,0.000214,100
2026-07-10 20:05:00,1.14143,TRENDING_DOWN,91.3666,0.000223,100
2026-07-10 20:05:00,1.14143,TRENDING_DOWN,88.6216,0.000232,100
2026-07-10 20:05:00,1.14143,TRENDING_DOWN,86.0728,0.00024,100
2026-07-10 20:05:00,1.14143,TRENDING_DOWN,83.706,0.000248,100
2026-07-10 20:05:00,1.14143,TRENDING_DOWN,81.5083,0.000255,100
2026-07-10 20:05:00,1.14143,TRENDING_DOWN,79.4675,0.000261,100
2026-07-10 20:05:00,1.14143,TRENDING_DOWN,77.5725,0.000267,100
2026-07-10 20:05:00,1.14143,TRENDING_DOWN,75.8129,0.000273,100
2026-07-10 20:05:00,1.14143,TRENDING_DOWN,74.1789,0.000278,100
2026-07-10 20:05:00,1.14143,TRENDING_DOWN,72.6617,0.000283,100
2026-07-10 20:05:00,1.14143,TRENDING_DOWN,71.2528,0.000287,100
2026-07-10 20:05:00,1.14143,TRENDING_DOWN,69.9446,0.000292,100
2026-07-10 20:05:00,1.14143,TRENDING_DOWN,68.7298,0.000295,100
2026-07-10 20:05:00,1.14143,TRENDING_DOWN,67.6018,0.000299,100
2026-07-10 20:05:00,1.14143,TRENDING_DOWN,66.5544,0.000302,100
2026-07-10 20:05:00,1.14143,TRENDING_DOWN,65.5817,0.000306,100
2026-07-10 20:05:00,1.14143,TRENDING_DOWN,64.6786,0.000308,100
2026-07-10 20:05:00,1.14143,TRENDING_DOWN,63.84,0.000311,100
2026-07-10 20:10:00,1.141585,TRENDING_DOWN,63.0612,0.000299,100
2026-07-10 20:10:00,1.141585,TRENDING_DOWN,62.3381,0.000287,100
2026-07-10 20:10:00,1.141585,TRENDING_UP,61.6666,0.000276,100
2026-07-10 20:10:00,1.141585,TRENDING_UP,61.0431,0.000265,100
2026-07-10 20:10:00,1.141585,TRENDING_UP,60.4642,0.000256,100
2026-07-10 20:10:00,1.141585,TRENDING_UP,59.9266,0.000247,100
2026-07-10 20:10:00,1.141585,TRENDING_UP,59.4274,0.000239,100
2026-07-10 20:10:00,1.141585,TRENDING_UP,58.9638,0.000231,100
2026-07-10 20:10:00,1.141585,TRENDING_UP,58.5334,0.000224,100
2026-07-10 20:10:00,1.141585,TRENDING_UP,58.1337,0.000217,100
2026-07-10 20:10:00,1.141585,TRENDING_UP,57.7625,0.000211,100
2026-07-10 20:10:00,1.141585,TRENDING_UP,57.4179,0.000205,100
2026-07-10 20:10:00,1.141585,TRENDING_UP,57.0979,0.0002,100
2026-07-10 20:10:00,1.141585,TRENDING_UP,56.8007,0.000195,100
2026-07-10 20:10:00,1.141585,TRENDING_UP,56.5248,0.000191,100
2026-07-10 20:10:00,1.141585,TRENDING_UP,56.2686,0.000186,100
2026-07-10 20:10:00,1.141585,TRENDING_UP,56.0306,0.000182,100
2026-07-10 20:10:00,1.141585,TRENDING_UP,55.8097,0.000179,100
2026-07-10 20:10:00,1.141585,TRENDING_UP,55.6046,0.000175,100
2026-07-10 20:15:00,1.141665,TRENDING_UP,57.6606,0.000171,100
2026-07-10 20:15:00,1.141665,TRENDING_UP,59.5697,0.000168,100
2026-07-10 20:15:00,1.141665,TRENDING_UP,61.3425,0.000164,100
2026-07-10 20:15:00,1.141665,TRENDING_UP,62.9886,0.000161,100
2026-07-10 20:15:00,1.141665,TRENDING_UP,64.5172,0.000158,100
2026-07-10 20:15:00,1.141665,TRENDING_UP,65.9366,0.000155,100
2026-07-10 20:15:00,1.141665,TRENDING_UP,67.2546,0.000152,100
2026-07-10 20:15:00,1.141665,TRENDING_UP,68.4784,0.00015,100
2026-07-10 20:15:00,1.141665,TRENDING_UP,69.6149,0.000148,100
2026-07-10 20:15:00,1.141665,TRENDING_UP,70.6701,0.000145,100
2026-07-10 20:15:00,1.141665,TRENDING_UP,71.65,0.000144,100
2026-07-10 20:15:00,1.141665,TRENDING_UP,72.5599,0.000142,100
2026-07-10 20:15:00,1.141665,TRENDING_UP,73.4048,0.00014,100
2026-07-10 20:15:00,1.141665,TRENDING_UP,74.1894,0.000139,100
2026-07-10 20:15:00,1.141665,TRENDING_UP,74.9179,0.000137,100
2026-07-10 20:15:00,1.141665,TRENDING_UP,75.5944,0.000136,100
2026-07-10 20:15:00,1.141665,TRENDING_UP,76.2225,0.000134,100
2026-07-10 20:15:00,1.141665,TRENDING_UP,76.8058,0.000133,100
2026-07-10 20:15:00,1.141665,TRENDING_UP,77.3474,0.000132,100
2026-07-10 20:20:00,1.141595,TRENDING_UP,78.3225,0.000131,100
2026-07-10 20:20:00,1.141595,TRENDING_DOWN,79.2278,0.00013,100
2026-07-10 20:20:00,1.141595,TRENDING_DOWN,80.0685,0.000129,100
2026-07-10 20:20:00,1.141595,TRENDING_DOWN,80.8492,0.000128,100
2026-07-10 20:20:00,1.141595,TRENDING_DOWN,81.5741,0.000127,100
2026-07-10 20:20:00,1.141595,TRENDING_DOWN,82.2472,0.000126,100
2026-07-10 20:20:00,1.141595,TRENDING_DOWN,82.8722,0.000125,100
2026-07-10 20:20:00,1.141595,TRENDING_DOWN,83.4526,0.000124,100
2026-07-10 20:20:00,1.141595,TRENDING_DOWN,83.9915,0.000123,100
2026-07-10 20:20:00,1.141595,TRENDING_DOWN,84.4919,0.000123,100
2026-07-10 20:20:00,1.141595,TRENDING_DOWN,84.9566,0.000122,100
2026-07-10 20:20:00,1.141595,TRENDING_DOWN,85.3881,0.000121,100
2026-07-10 20:20:00,1.141595,TRENDING_DOWN,85.7888,0.000121,100
2026-07-10 20:20:00,1.141595,TRENDING_DOWN,86.1609,0.00012,100
2026-07-10 20:20:00,1.141595,TRENDING_DOWN,86.5063,0.00012,100
2026-07-10 20:20:00,1.141595,TRENDING_DOWN,86.8272,0.000119,100
2026-07-10 20:20:00,1.141595,TRENDING_DOWN,87.125,0.000119,100
2026-07-10 20:20:00,1.141595,TRENDING_DOWN,87.4017,0.000119,100
2026-07-10 20:20:00,1.141595,TRENDING_DOWN,87.6585,0.000118,100
2026-07-10 20:25:00,1.141465,TRENDING_DOWN,87.7379,0.000123,100
2026-07-10 20:25:00,1.141465,TRENDING_DOWN,87.8117,0.000126,100
2026-07-10 20:25:00,1.141465,TRENDING_DOWN,87.8801,0.000129,100
2026-07-10 20:25:00,1.141465,TRENDING_DOWN,87.9437,0.000132,100
2026-07-10 20:25:00,1.141465,TRENDING_DOWN,88.0028,0.000135,100
2026-07-10 20:25:00,1.141465,TRENDING_DOWN,88.0576,0.000138,100
2026-07-10 20:25:00,1.141465,TRENDING_DOWN,88.1085,0.00014,100
2026-07-10 20:25:00,1.141465,TRENDING_DOWN,88.1558,0.000142,100
2026-07-10 20:25:00,1.141465,TRENDING_DOWN,88.1997,0.000144,100
2026-07-10 20:25:00,1.141465,TRENDING_DOWN,88.2404,0.000146,100
2026-07-10 20:25:00,1.141465,TRENDING_DOWN,88.2783,0.000148,100
2026-07-10 20:25:00,1.141465,TRENDING_DOWN,88.3134,0.00015,100
2026-07-10 20:25:00,1.141465,TRENDING_DOWN,88.3461,0.000151,100
2026-07-10 20:25:00,1.141465,TRENDING_DOWN,88.3764,0.000152,100
2026-07-10 20:25:00,1.141465,TRENDING_DOWN,88.4045,0.000154,100
2026-07-10 20:25:00,1.141465,TRENDING_DOWN,88.4306,0.000155,100
2026-07-10 20:25:00,1.141465,TRENDING_DOWN,88.4549,0.000156,100
2026-07-10 20:25:00,1.141465,TRENDING_DOWN,88.4774,0.000157,100
2026-07-10 20:25:00,1.141465,TRENDING_DOWN,88.4984,0.000158,100
2026-07-10 20:30:00,1.141315,TRENDING_DOWN,89.0066,0.000156,100
2026-07-10 20:30:00,1.141315,TRENDING_DOWN,89.4785,0.000154,100
2026-07-10 20:30:00,1.141315,TRENDING_DOWN,89.9166,0.000151,100
2026-07-10 20:30:00,1.141315,TRENDING_DOWN,90.3235,0.000149,100
2026-07-10 20:30:00,1.141315,TRENDING_DOWN,90.7014,0.000147,100
2026-07-10 20:30:00,1.141315,TRENDING_DOWN,91.0522,0.000145,100
2026-07-10 20:30:00,1.141315,TRENDING_DOWN,91.378,0.000143,100
2026-07-10 20:30:00,1.141315,TRENDING_DOWN,91.6805,0.000141,100
2026-07-10 20:30:00,1.141315,TRENDING_DOWN,91.9614,0.000139,100
2026-07-10 20:30:00,1.141315,TRENDING_DOWN,92.2222,0.000138,100
2026-07-10 20:30:00,1.141315,TRENDING_DOWN,92.4645,0.000136,100
2026-07-10 20:30:00,1.141315,TRENDING_DOWN,92.6894,0.000135,100
2026-07-10 20:30:00,1.141315,TRENDING_DOWN,92.8982,0.000134,100
2026-07-10 20:30:00,1.141315,TRENDING_DOWN,93.0921,0.000133,100
2026-07-10 20:30:00,1.141315,TRENDING_DOWN,93.2722,0.000132,100
2026-07-10 20:30:00,1.141315,TRENDING_DOWN,93.4394,0.000131,100
2026-07-10 20:30:00,1.141315,TRENDING_DOWN,93.5947,0.00013,100
2026-07-10 20:30:00,1.141315,TRENDING_DOWN,93.7389,0.000129,100
2026-07-10 20:30:00,1.141315,TRENDING_DOWN,93.8727,0.000128,100
2026-07-10 20:35:00,1.141215,TRENDING_DOWN,94.2608,0.00013,100
2026-07-10 20:35:00,1.141215,TRENDING_DOWN,94.6211,0.000132,100
2026-07-10 20:35:00,1.141215,TRENDING_DOWN,94.9557,0.000133,100
2026-07-10 20:35:00,1.141215,TRENDING_DOWN,95.2664,0.000135,100
2026-07-10 20:35:00,1.141215,TRENDING_DOWN,95.5548,0.000136,100
2026-07-10 20:35:00,1.141215,TRENDING_DOWN,95.8227,0.000137,100
2026-07-10 20:35:00,1.141215,TRENDING_DOWN,96.0715,0.000138,100
2026-07-10 20:35:00,1.141215,TRENDING_DOWN,96.3025,0.00014,100
2026-07-10 20:35:00,1.141215,TRENDING_DOWN,96.5169,0.00014,100
2026-07-10 20:35:00,1.141215,TRENDING_DOWN,96.7161,0.000141,100
2026-07-10 20:35:00,1.141215,TRENDING_DOWN,96.901,0.000142,100
2026-07-10 20:35:00,1.141215,TRENDING_DOWN,97.0728,0.000143,100
2026-07-10 20:35:00,1.141215,TRENDING_DOWN,97.2322,0.000144,100
2026-07-10 20:35:00,1.141215,TRENDING_DOWN,97.3803,0.000144,100
2026-07-10 20:35:00,1.141215,TRENDING_DOWN,97.5178,0.000145,100
2026-07-10 20:35:00,1.141215,TRENDING_DOWN,97.6455,0.000146,100
2026-07-10 20:35:00,1.141215,TRENDING_DOWN,97.764,0.000146,100
2026-07-10 20:35:00,1.141215,TRENDING_DOWN,97.8741,0.000147,100
2026-07-10 20:35:00,1.141215,TRENDING_DOWN,97.9763,0.000147,100
2026-07-10 20:40:00,1.141295,TRENDING_DOWN,94.5993,0.000145,100
2026-07-10 20:40:00,1.141295,TRENDING_DOWN,91.4634,0.000144,100
2026-07-10 20:40:00,1.141295,TRENDING_UP,88.5516,0.000142,100
2026-07-10 20:40:00,1.141295,TRENDING_UP,85.8477,0.000141,100
2026-07-10 20:40:00,1.141295,TRENDING_UP,83.337,0.00014,100
2026-07-10 20:40:00,1.141295,TRENDING_UP,81.0056,0.000138,100
2026-07-10 20:40:00,1.141295,TRENDING_UP,78.8407,0.000137,100
2026-07-10 20:40:00,1.141295,TRENDING_UP,76.8305,0.000136,100
2026-07-10 20:40:00,1.141295,TRENDING_UP,74.9639,0.000135,100
2026-07-10 20:40:00,1.141295,TRENDING_UP,73.2305,0.000134,100
2026-07-10 20:40:00,1.141295,TRENDING_UP,71.621,0.000134,100
2026-07-10 20:40:00,1.141295,TRENDING_UP,70.1265,0.000133,100
2026-07-10 20:40:00,1.141295,TRENDING_UP,68.7387,0.000132,100
2026-07-10 20:40:00,1.141295,TRENDING_UP,67.4501,0.000131,100
2026-07-10 20:40:00,1.141295,TRENDING_UP,66.2534,0.000131,100
2026-07-10 20:40:00,1.141295,TRENDING_UP,65.1423,0.00013,100
2026-07-10 20:40:00,1.141295,TRENDING_UP,64.1105,0.00013,100
2026-07-10 20:40:00,1.141295,TRENDING_UP,63.1525,0.000129,100
2026-07-10 20:40:00,1.141295,TRENDING_UP,62.2628,0.000129,100
2026-07-10 20:45:00,1.14134,TRENDING_UP,63.4166,0.000129,100
2026-07-10 20:45:00,1.14134,TRENDING_UP,64.488,0.000129,100
2026-07-10 20:45:00,1.14134,TRENDING_UP,65.4829,0.000129,100
2026-07-10 20:45:00,1.14134,TRENDING_UP,66.4067,0.000129,100
2026-07-10 20:45:00,1.14134,TRENDING_UP,67.2646,0.00013,100
2026-07-10 20:45:00,1.14134,TRENDING_UP,68.0611,0.00013,100
2026-07-10 20:45:00,1.14134,TRENDING_UP,68.8008,0.00013,100
2026-07-10 20:45:00,1.14134,TRENDING_UP,69.4876,0.00013,100
2026-07-10 20:45:00,1.14134,TRENDING_UP,70.1254,0.00013,100
2026-07-10 20:45:00,1.14134,TRENDING_UP,70.7176,0.00013,100
2026-07-10 20:45:00,1.14134,TRENDING_UP,71.2675,0.00013,100
2026-07-10 20:45:00,1.14134,TRENDING_UP,71.7781,0.00013,100
2026-07-10 20:45:00,1.14134,TRENDING_UP,72.2523,0.00013,100
2026-07-10 20:45:00,1.14134,TRENDING_UP,72.6926,0.00013,100
2026-07-10 20:45:00,1.14134,TRENDING_UP,73.1014,0.000131,100
2026-07-10 20:45:00,1.14134,TRENDING_UP,73.481,0.000131,100
2026-07-10 20:45:00,1.14134,TRENDING_UP,73.8336,0.000131,100
2026-07-10 20:45:00,1.14134,TRENDING_UP,74.1609,0.000131,100
2026-07-10 20:45:00,1.14134,TRENDING_UP,74.4649,0.000131,100
2026-07-10 20:50:00,1.141435,TRENDING_UP,75.6858,0.000131,100
2026-07-10 20:50:00,1.141435,TRENDING_UP,76.8195,0.000131,100
2026-07-10 20:50:00,1.141435,TRENDING_UP,77.8722,0.000132,100
2026-07-10 20:50:00,1.141435,TRENDING_UP,78.8498,0.000132,100
2026-07-10 20:50:00,1.141435,TRENDING_UP,79.7575,0.000132,100
2026-07-10 20:50:00,1.141435,TRENDING_UP,80.6004,0.000133,100
2026-07-10 20:50:00,1.141435,TRENDING_UP,81.3831,0.000133,100
2026-07-10 20:50:00,1.141435,TRENDING_UP,82.1098,0.000133,100
2026-07-10 20:50:00,1.141435,TRENDING_UP,82.7847,0.000133,100
2026-07-10 20:50:00,1.141435,TRENDING_UP,83.4113,0.000133,100
2026-07-10 20:50:00,1.141435,TRENDING_UP,83.9932,0.000134,100
2026-07-10 20:50:00,1.141435,TRENDING_UP,84.5336,0.000134,100
2026-07-10 20:50:00,1.141435,TRENDING_UP,85.0353,0.000134,100
2026-07-10 20:50:00,1.141435,TRENDING_UP,85.5012,0.000134,100
2026-07-10 20:50:00,1.141435,TRENDING_UP,85.9338,0.000134,100
2026-07-10 20:50:00,1.141435,TRENDING_UP,86.3355,0.000134,100
2026-07-10 20:50:00,1.141435,TRENDING_UP,86.7086,0.000134,100
2026-07-10 20:50:00,1.141435,TRENDING_UP,87.0549,0.000134,100
2026-07-10 20:50:00,1.141435,TRENDING_UP,87.3766,0.000135,100
2026-07-10 20:55:00,1.141575,TRENDING_UP,88.1948,0.000137,100
2026-07-10 20:55:00,1.141575,TRENDING_UP,88.9545,0.00014,100
2026-07-10 20:55:00,1.141575,TRENDING_UP,89.66,0.000142,100
2026-07-10 20:55:00,1.141575,TRENDING_UP,90.3151,0.000144,100
2026-07-10 20:55:00,1.141575,TRENDING_UP,90.9233,0.000146,100
2026-07-10 20:55:00,1.141575,TRENDING_UP,91.4882,0.000148,100
2026-07-10 20:55:00,1.141575,TRENDING_UP,92.0127,0.000149,100
2026-07-10 20:55:00,1.141575,TRENDING_UP,92.4997,0.000151,100
2026-07-10 20:55:00,1.141575,TRENDING_UP,92.952,0.000152,100
2026-07-10 20:55:00,1.141575,TRENDING_UP,93.3719,0.000154,100
2026-07-10 20:55:00,1.141575,TRENDING_UP,93.7619,0.000155,100
2026-07-10 20:55:00,1.141575,TRENDING_UP,94.1239,0.000156,100
2026-07-10 20:55:00,1.141575,TRENDING_UP,94.4602,0.000157,100
2026-07-10 20:55:00,1.141575,TRENDING_UP,94.7724,0.000158,100
2026-07-10 20:55:00,1.141575,TRENDING_UP,95.0623,0.000159,100
2026-07-10 20:55:00,1.141575,TRENDING_UP,95.3315,0.00016,100
2026-07-10 20:55:00,1.141575,TRENDING_UP,95.5815,0.000161,100
2026-07-10 20:55:00,1.141575,TRENDING_UP,95.8136,0.000161,100
2026-07-10 20:55:00,1.141575,TRENDING_UP,96.0291,0.000162,100
2026-07-12 21:00:00,1.1403,TRENDING_DOWN,95.9791,0.000237,100
2026-07-12 21:00:00,1.1403,TRENDING_DOWN,95.9326,0.000226,100
2026-07-12 21:00:00,1.1403,TRENDING_DOWN,95.8894,0.000216,100
2026-07-12 21:00:00,1.1403,TRENDING_DOWN,95.8493,0.000207,100
2026-07-12 21:00:00,1.1403,TRENDING_DOWN,95.8121,0.000198,100
2026-07-12 21:00:00,1.1403,TRENDING_DOWN,95.7775,0.000191,100
2026-07-12 21:00:00,1.1403,TRENDING_DOWN,95.7454,0.000183,100
2026-07-12 21:00:00,1.1403,TRENDING_DOWN,95.7156,0.000176,100
2026-07-12 21:00:00,1.1403,TRENDING_DOWN,95.6879,0.00017,100
2026-07-12 21:00:00,1.1403,TRENDING_DOWN,95.6622,0.000164,100
2026-07-12 21:00:00,1.1403,TRENDING_DOWN,95.6384,0.000159,100
2026-07-12 21:00:00,1.1403,TRENDING_DOWN,95.6162,0.000154,100
2026-07-12 21:00:00,1.1403,TRENDING_DOWN,95.5956,0.000149,100
2026-07-12 21:00:00,1.1403,TRENDING_DOWN,95.5765,0.000145,100
2026-07-12 21:00:00,1.1403,TRENDING_DOWN,95.5588,0.00014,100
2026-07-12 21:00:00,1.1403,TRENDING_DOWN,95.5423,0.000137,100
2026-07-12 21:00:00,1.1403,TRENDING_DOWN,95.527,0.000133,100
2026-07-12 21:00:00,1.1403,TRENDING_DOWN,95.5128,0.00013,100
2026-07-12 21:00:00,1.1403,TRENDING_DOWN,95.4996,0.000127,100
2026-07-12 21:05:00,1.140305,TRENDING_DOWN,91.9605,0.000133,100
2026-07-12 21:05:00,1.140305,TRENDING_DOWN,88.6743,0.000138,100
2026-07-12 21:05:00,1.140305,TRENDING_DOWN,85.6227,0.000143,100
2026-07-12 21:05:00,1.140305,TRENDING_DOWN,82.7891,0.000147,100
2026-07-12 21:05:00,1.140305,TRENDING_DOWN,80.1579,0.000151,100
2026-07-12 21:05:00,1.140305,TRENDING_DOWN,77.7147,0.000155,100
2026-07-12 21:05:00,1.140305,TRENDING_DOWN,75.446,0.000159,100
2026-07-12 21:05:00,1.140305,TRENDING_DOWN,73.3393,0.000162,100
2026-07-12 21:05:00,1.140305,TRENDING_DOWN,71.3831,0.000165,100
2026-07-12 21:05:00,1.140305,TRENDING_DOWN,69.5666,0.000168,100
2026-07-12 21:05:00,1.140305,TRENDING_DOWN,67.8799,0.000171,100
2026-07-12 21:05:00,1.140305,TRENDING_DOWN,66.3137,0.000174,100
2026-07-12 21:05:00,1.140305,TRENDING_DOWN,64.8593,0.000176,100
2026-07-12 21:05:00,1.140305,TRENDING_DOWN,63.5088,0.000178,100
2026-07-12 21:05:00,1.140305,TRENDING_DOWN,62.2548,0.00018,100
2026-07-12 21:05:00,1.140305,TRENDING_DOWN,61.0904,0.000182,100
2026-07-12 21:05:00,1.140305,TRENDING_DOWN,60.0091,0.000184,100
2026-07-12 21:05:00,1.140305,TRENDING_DOWN,59.005,0.000185,100
2026-07-12 21:05:00,1.140305,TRENDING_DOWN,58.0727,0.000187,100
2026-07-12 21:10:00,1.140655,TRENDING_UP,58.8828,0.000202,100
2026-07-12 21:10:00,1.140655,TRENDING_UP,59.635,0.000217,100
2026-07-12 21:10:00,1.140655,TRENDING_UP,60.3335,0.00023,100
2026-07-12 21:10:00,1.140655,TRENDING_UP,60.982,0.000242,100
2026-07-12 21:10:00,1.140655,TRENDING_UP,61.5843,0.000254,100
2026-07-12 21:10:00,1.140655,TRENDING_UP,62.1435,0.000264,100
2026-07-12 21:10:00,1.140655,TRENDING_UP,62.6628,0.000274,100
2026-07-12 21:10:00,1.140655,TRENDING_UP,63.145,0.000284,100
2026-07-12 21:10:00,1.140655,TRENDING_UP,63.5928,0.000292,100
2026-07-12 21:10:00,1.140655,TRENDING_UP,64.0085,0.0003,100
2026-07-12 21:10:00,1.140655,TRENDING_UP,64.3946,0.000307,100
2026-07-12 21:10:00,1.140655,TRENDING_UP,64.7531,0.000314,100
2026-07-12 21:10:00,1.140655,TRENDING_UP,65.086,0.000321,100
2026-07-12 21:10:00,1.140655,TRENDING_UP,65.3951,0.000327,100
2026-07-12 21:10:00,1.140655,TRENDING_UP,65.6821,0.000332,100
2026-07-12 21:10:00,1.140655,TRENDING_UP,65.9487,0.000337,100
2026-07-12 21:10:00,1.140655,TRENDING_UP,66.1962,0.000342,100
2026-07-12 21:10:00,1.140655,TRENDING_UP,66.426,0.000346,100
2026-07-12 21:10:00,1.140655,TRENDING_UP,66.6394,0.00035,100
2026-07-12 21:15:00,1.14048,TRENDING_UP,66.8375,0.000338,100
2026-07-12 21:15:00,1.14048,TRENDING_UP,67.0215,0.000327,100
2026-07-12 21:15:00,1.14048,TRENDING_DOWN,67.1924,0.000317,100
2026-07-12 21:15:00,1.14048,TRENDING_DOWN,67.351,0.000308,100
2026-07-12 21:15:00,1.14048,TRENDING_DOWN,67.4984,0.000299,100
2026-07-12 21:15:00,1.14048,TRENDING_DOWN,67.6352,0.000291,100
2026-07-12 21:15:00,1.14048,TRENDING_DOWN,67.7622,0.000283,100
2026-07-12 21:15:00,1.14048,TRENDING_DOWN,67.8802,0.000276,100
2026-07-12 21:15:00,1.14048,TRENDING_DOWN,67.9897,0.000269,100
2026-07-12 21:15:00,1.14048,TRENDING_DOWN,68.0914,0.000263,100
2026-07-12 21:15:00,1.14048,TRENDING_DOWN,68.1858,0.000258,100
2026-07-12 21:15:00,1.14048,TRENDING_DOWN,68.2735,0.000252,100
2026-07-12 21:15:00,1.14048,TRENDING_DOWN,68.355,0.000248,100
2026-07-12 21:15:00,1.14048,TRENDING_DOWN,68.4306,0.000243,100
2026-07-12 21:15:00,1.14048,TRENDING_DOWN,68.5008,0.000239,100
2026-07-12 21:15:00,1.14048,TRENDING_DOWN,68.566,0.000235,100
2026-07-12 21:15:00,1.14048,TRENDING_DOWN,68.6265,0.000231,100
2026-07-12 21:15:00,1.14048,TRENDING_DOWN,68.6827,0.000228,100
2026-07-12 21:15:00,1.14048,TRENDING_DOWN,68.7349,0.000225,100
2026-07-12 21:20:00,1.1405,TRENDING_DOWN,65.1663,0.000212,100
2026-07-12 21:20:00,1.1405,TRENDING_DOWN,61.8526,0.0002,100
2026-07-12 21:20:00,1.1405,TRENDING_DOWN,58.7755,0.000189,100
2026-07-12 21:20:00,1.1405,TRENDING_DOWN,55.9183,0.000178,100
2026-07-12 21:20:00,1.1405,TRENDING_DOWN,53.2651,0.000169,100
2026-07-12 21:20:00,1.1405,TRENDING_DOWN,50.8015,0.00016,100
2026-07-12 21:20:00,1.1405,TRENDING_DOWN,48.5138,0.000152,100
2026-07-12 21:20:00,1.1405,TRENDING_DOWN,46.3895,0.000144,100
2026-07-12 21:20:00,1.1405,TRENDING_DOWN,44.417,0.000137,100
2026-07-12 21:20:00,1.1405,TRENDING_DOWN,42.5854,0.00013,100
2026-07-12 21:20:00,1.1405,TRENDING_DOWN,40.8846,0.000124,97
2026-07-12 21:20:00,1.1405,TRENDING_DOWN,39.3052,0.000118,92
2026-07-12 21:20:00,1.1405,TRENDING_DOWN,37.8387,0.000113,88
2026-07-12 21:20:00,1.1405,TRENDING_DOWN,36.477,0.000108,84
2026-07-12 21:20:00,1.1405,TRENDING_DOWN,35.2125,0.000103,80
2026-07-12 21:20:00,1.1405,TRENDING_DOWN,34.0383,9.9e-05,77
2026-07-12 21:20:00,1.1405,TRENDING_DOWN,32.948,9.5e-05,73
2026-07-12 21:20:00,1.1405,TRENDING_DOWN,31.9356,9.2e-05,70
2026-07-12 21:20:00,1.1405,TRENDING_DOWN,30.9955,8.8e-05,67
2026-07-12 21:25:00,1.14062,TRENDING_UP,35.1955,9.2e-05,80
2026-07-12 21:25:00,1.14062,TRENDING_UP,39.0955,9.5e-05,92
2026-07-12 21:25:00,1.14062,TRENDING_UP,42.717,9.8e-05,100
2026-07-12 21:25:00,1.14062,TRENDING_UP,46.0798,0.000101,100
2026-07-12 21:25:00,1.14062,TRENDING_UP,49.2024,0.000104,100
2026-07-12 21:25:00,1.14062,TRENDING_UP,52.1019,0.000107,100
2026-07-12 21:25:00,1.14062,TRENDING_UP,54.7943,0.000109,100
2026-07-12 21:25:00,1.14062,TRENDING_UP,57.2945,0.000111,100
2026-07-12 21:25:00,1.14062,TRENDING_UP,59.616,0.000113,100
2026-07-12 21:25:00,1.14062,TRENDING_UP,61.7717,0.000115,100
2026-07-12 21:25:00,1.14062,TRENDING_UP,63.7734,0.000117,100
2026-07-12 21:25:00,1.14062,TRENDING_UP,65.6322,0.000119,100
2026-07-12 21:25:00,1.14062,TRENDING_UP,67.3582,0.00012,100
2026-07-12 21:25:00,1.14062,TRENDING_UP,68.9609,0.000122,100
2026-07-12 21:25:00,1.14062,TRENDING_UP,70.4491,0.000123,100
2026-07-12 21:25:00,1.14062,TRENDING_UP,71.831,0.000124,100
2026-07-12 21:25:00,1.14062,TRENDING_UP,73.1142,0.000125,100
2026-07-12 21:25:00,1.14062,TRENDING_UP,74.3058,0.000127,100
2026-07-12 21:25:00,1.14062,TRENDING_UP,75.4122,0.000128,100
2026-07-12 21:30:00,1.1403,TRENDING_DOWN,74.8542,0.000139,100
2026-07-12 21:30:00,1.1403,TRENDING_DOWN,74.336,0.00015,100
2026-07-12 21:30:00,1.1403,TRENDING_DOWN,73.8548,0.00016,100
2026-07-12 21:30:00,1.1403,TRENDING_DOWN,73.408,0.000169,100
2026-07-12 21:30:00,1.1403,TRENDING_DOWN,72.9931,0.000178,100
2026-07-12 21:30:00,1.1403,TRENDING_DOWN,72.6079,0.000186,100
2026-07-12 21:30:00,1.1403,TRENDING_DOWN,72.2501,0.000193,100
2026-07-12 21:30:00,1.1403,TRENDING_DOWN,71.9179,0.0002,100
2026-07-12 21:30:00,1.1403,TRENDING_DOWN,71.6095,0.000206,100
2026-07-12 21:30:00,1.1403,TRENDING_DOWN,71.323,0.000212,100
2026-07-12 21:30:00,1.1403,TRENDING_DOWN,71.0571,0.000218,100
2026-07-12 21:30:00,1.1403,TRENDING_DOWN,70.8101,0.000223,100
2026-07-12 21:30:00,1.1403,TRENDING_DOWN,70.5808,0.000228,100
2026-07-12 21:30:00,1.1403,TRENDING_DOWN,70.3678,0.000232,100
2026-07-12 21:30:00,1.1403,TRENDING_DOWN,70.1701,0.000236,100
2026-07-12 21:30:00,1.1403,TRENDING_DOWN,69.9865,0.00024,100
2026-07-12 21:30:00,1.1403,TRENDING_DOWN,69.816,0.000243,100
2026-07-12 21:30:00,1.1403,TRENDING_DOWN,69.6577,0.000247,100
2026-07-12 21:30:00,1.1403,TRENDING_DOWN,69.5107,0.00025,100
2026-07-12 21:35:00,1.140355,TRENDING_DOWN,69.3741,0.000236,100
2026-07-12 21:35:00,1.140355,TRENDING_DOWN,69.2474,0.000223,100
2026-07-12 21:35:00,1.140355,TRENDING_DOWN,69.1297,0.000211,100
2026-07-12 21:35:00,1.140355,TRENDING_DOWN,69.0204,0.0002,100
2026-07-12 21:35:00,1.140355,TRENDING_DOWN,68.9189,0.00019,100
2026-07-12 21:35:00,1.140355,TRENDING_DOWN,68.8246,0.000181,100
2026-07-12 21:35:00,1.140355,TRENDING_DOWN,68.7371,0.000172,100
2026-07-12 21:35:00,1.140355,TRENDING_DOWN,68.6559,0.000164,100
2026-07-12 21:35:00,1.140355,TRENDING_DOWN,68.5804,0.000156,100
2026-07-12 21:35:00,1.140355,TRENDING_DOWN,68.5104,0.000149,100
2026-07-12 21:35:00,1.140355,TRENDING_DOWN,68.4453,0.000142,100
2026-07-12 21:35:00,1.140355,TRENDING_DOWN,68.3849,0.000136,100
2026-07-12 21:35:00,1.140355,TRENDING_DOWN,68.3288,0.000131,100
2026-07-12 21:35:00,1.140355,TRENDING_DOWN,68.2767,0.000125,100
2026-07-12 21:35:00,1.140355,TRENDING_DOWN,68.2283,0.00012,100
2026-07-12 21:35:00,1.140355,TRENDING_DOWN,68.1834,0.000116,100
2026-07-12 21:35:00,1.140355,TRENDING_UP,68.1417,0.000112,100
2026-07-12 21:35:00,1.140355,TRENDING_UP,68.103,0.000108,100
2026-07-12 21:35:00,1.140355,TRENDING_UP,68.067,0.000104,100
2026-07-12 21:40:00,1.140355,TRENDING_UP,68.0336,9.7e-05,100
2026-07-12 21:40:00,1.140355,TRENDING_UP,68.0026,9.1e-05,100
2026-07-12 21:40:00,1.140355,TRENDING_UP,67.9738,8.5e-05,100
2026-07-12 21:40:00,1.140355,TRENDING_UP,67.9471,8e-05,100
2026-07-12 21:40:00,1.140355,TRENDING_UP,67.9223,7.5e-05,100
2026-07-12 21:40:00,1.140355,TRENDING_UP,67.8992,7e-05,100
2026-07-12 21:40:00,1.140355,TRENDING_UP,67.8778,6.6e-05,100
2026-07-12 21:40:00,1.140355,TRENDING_UP,67.8579,6.1e-05,100
2026-07-12 21:40:00,1.140355,TRENDING_UP,67.8395,5.8e-05,100
2026-07-12 21:40:00,1.140355,TRENDING_UP,67.8223,5.4e-05,100
2026-07-12 21:40:00,1.140355,TRENDING_UP,67.8064,5.1e-05,100
2026-07-12 21:40:00,1.140355,TRENDING_UP,67.7916,4.8e-05,100
2026-07-12 21:40:00,1.140355,TRENDING_UP,67.7779,4.5e-05,100
2026-07-12 21:40:00,1.140355,TRENDING_UP,67.7652,4.3e-05,100
2026-07-12 21:40:00,1.140355,TRENDING_UP,67.7533,4e-05,100
2026-07-12 21:40:00,1.140355,TRENDING_UP,67.7423,3.8e-05,100
2026-07-12 21:40:00,1.140355,TRENDING_UP,67.7321,3.6e-05,100
2026-07-12 21:40:00,1.140355,TRENDING_UP,67.7227,3.4e-05,100
2026-07-12 21:40:00,1.140355,TRENDING_UP,67.7139,3.2e-05,100
2026-07-12 21:45:00,1.14068,TRENDING_UP,69.8964,5.1e-05,100
2026-07-12 21:45:00,1.14068,TRENDING_UP,71.9231,6.8e-05,100
2026-07-12 21:45:00,1.14068,TRENDING_UP,73.805,8.4e-05,100
2026-07-12 21:45:00,1.14068,TRENDING_UP,75.5525,9.9e-05,100
2026-07-12 21:45:00,1.14068,TRENDING_UP,77.1752,0.000113,100
2026-07-12 21:45:00,1.14068,TRENDING_UP,78.682,0.000126,100
2026-07-12 21:45:00,1.14068,TRENDING_UP,80.0811,0.000138,100
2026-07-12 21:45:00,1.14068,TRENDING_UP,81.3803,0.000149,100
2026-07-12 21:45:00,1.14068,TRENDING_UP,82.5867,0.000159,100
2026-07-12 21:45:00,1.14068,TRENDING_UP,83.707,0.000169,100
2026-07-12 21:45:00,1.14068,TRENDING_UP,84.7472,0.000178,100
2026-07-12 21:45:00,1.14068,TRENDING_UP,85.7131,0.000186,100
2026-07-12 21:45:00,1.14068,TRENDING_UP,86.61,0.000194,100
2026-07-12 21:45:00,1.14068,TRENDING_UP,87.4429,0.000201,100
2026-07-12 21:45:00,1.14068,TRENDING_UP,88.2162,0.000208,100
2026-07-12 21:45:00,1.14068,TRENDING_UP,88.9344,0.000214,100
2026-07-12 21:45:00,1.14068,TRENDING_UP,89.6012,0.000219,100
2026-07-12 21:45:00,1.14068,TRENDING_UP,90.2204,0.000225,100
2026-07-12 21:45:00,1.14068,TRENDING_UP,90.7953,0.00023,100
2026-07-12 21:50:00,1.14045,TRENDING_UP,91.3293,0.000228,100
2026-07-12 21:50:00,1.14045,TRENDING_DOWN,91.825,0.000227,100
2026-07-12 21:50:00,1.14045,TRENDING_DOWN,92.2854,0.000226,100
2026-07-12 21:50:00,1.14045,TRENDING_DOWN,92.7128,0.000225,100
2026-07-12 21:50:00,1.14045,TRENDING_DOWN,93.1098,0.000224,100
2026-07-12 21:50:00,1.14045,TRENDING_DOWN,93.4784,0.000223,100
2026-07-12 21:50:00,1.14045,TRENDING_DOWN,93.8206,0.000222,100
2026-07-12 21:50:00,1.14045,TRENDING_DOWN,94.1384,0.000221,100
2026-07-12 21:50:00,1.14045,TRENDING_DOWN,94.4335,0.00022,100
2026-07-12 21:50:00,1.14045,TRENDING_DOWN,94.7076,0.00022,100
2026-07-12 21:50:00,1.14045,TRENDING_DOWN,94.962,0.000219,100
2026-07-12 21:50:00,1.14045,TRENDING_DOWN,95.1983,0.000218,100
2026-07-12 21:50:00,1.14045,TRENDING_DOWN,95.4177,0.000218,100
2026-07-12 21:50:00,1.14045,TRENDING_DOWN,95.6214,0.000217,100
2026-07-12 21:50:00,1.14045,TRENDING_DOWN,95.8106,0.000217,100
2026-07-12 21:50:00,1.14045,TRENDING_DOWN,95.9863,0.000216,100
2026-07-12 21:50:00,1.14045,TRENDING_DOWN,96.1494,0.000216,100
2026-07-12 21:50:00,1.14045,TRENDING_DOWN,96.3009,0.000216,100
2026-07-12 21:50:00,1.14045,TRENDING_DOWN,96.4415,0.000215,100
2026-07-12 21:55:00,1.14038,TRENDING_DOWN,94.2375,0.000207,100
2026-07-12 21:55:00,1.14038,TRENDING_DOWN,92.191,0.000199,100
2026-07-12 21:55:00,1.14038,TRENDING_DOWN,90.2906,0.000192,100
2026-07-12 21:55:00,1.14038,TRENDING_DOWN,88.5259,0.000186,100
2026-07-12 21:55:00,1.14038,TRENDING_DOWN,86.8874,0.00018,100
2026-07-12 21:55:00,1.14038,TRENDING_DOWN,85.3658,0.000174,100
2026-07-12 21:55:00,1.14038,TRENDING_DOWN,83.9529,0.000169,100
2026-07-12 21:55:00,1.14038,TRENDING_DOWN,82.641,0.000164,100
2026-07-12 21:55:00,1.14038,TRENDING_DOWN,81.4227,0.00016,100
2026-07-12 21:55:00,1.14038,TRENDING_DOWN,80.2915,0.000155,100
2026-07-12 21:55:00,1.14038,TRENDING_DOWN,79.2411,0.000151,100
2026-07-12 21:55:00,1.14038,TRENDING_DOWN,78.2657,0.000148,100
2026-07-12 21:55:00,1.14038,TRENDING_DOWN,77.36,0.000144,100
2026-07-12 21:55:00,1.14038,TRENDING_DOWN,76.519,0.000141,100
2026-07-12 21:55:00,1.14038,TRENDING_DOWN,75.738,0.000138,100
2026-07-12 21:55:00,1.14038,TRENDING_DOWN,75.0128,0.000136,100
2026-07-12 21:55:00,1.14038,TRENDING_DOWN,74.3395,0.000133,100
2026-07-12 21:55:00,1.14038,TRENDING_DOWN,73.7142,0.000131,100
2026-07-12 21:55:00,1.14038,TRENDING_DOWN,73.1336,0.000129,100
2026-07-12 22:00:00,1.139695,TRENDING_DOWN,74.9908,0.000197,100
2026-07-12 22:00:00,1.139695,TRENDING_DOWN,76.7153,0.00026,100
2026-07-12 22:00:00,1.139695,TRENDING_DOWN,78.3167,0.000318,100
2026-07-12 22:00:00,1.139695,TRENDING_DOWN,79.8037,0.000373,100
2026-07-12 22:00:00,1.139695,TRENDING_DOWN,81.1845,0.000423,100
2026-07-12 22:00:00,1.139695,TRENDING_DOWN,82.4666,0.00047,100
2026-07-12 22:00:00,1.139695,TRENDING_DOWN,83.6572,0.000514,100
2026-07-12 22:00:00,1.139695,TRENDING_DOWN,84.7627,0.000554,100
2026-07-12 22:00:00,1.139695,TRENDING_DOWN,85.7893,0.000591,100
2026-07-12 22:00:00,1.139695,TRENDING_DOWN,86.7425,0.000626,100
2026-07-12 22:00:00,1.139695,TRENDING_DOWN,87.6276,0.000659,100
2026-07-12 22:00:00,1.139695,TRENDING_DOWN,88.4496,0.000689,100
2026-07-12 22:00:00,1.139695,TRENDING_DOWN,89.2128,0.000717,100
2026-07-12 22:00:00,1.139695,TRENDING_DOWN,89.9215,0.000742,100
2026-07-12 22:00:00,1.139695,TRENDING_DOWN,90.5795,0.000767,100
2026-07-12 22:00:00,1.139695,TRENDING_DOWN,91.1906,0.000789,100
2026-07-12 22:00:00,1.139695,TRENDING_DOWN,91.758,0.00081,100
2026-07-12 22:00:00,1.139695,TRENDING_DOWN,92.2849,0.000829,100
2026-07-12 22:00:00,1.139695,TRENDING_DOWN,92.7742,0.000847,100
2026-07-12 22:05:00,1.13926,TRENDING_DOWN,93.2606,0.000832,100
2026-07-12 22:05:00,1.13926,TRENDING_DOWN,93.7122,0.000816,100
2026-07-12 22:05:00,1.13926,TRENDING_DOWN,94.1316,0.0008,100
2026-07-12 22:05:00,1.13926,TRENDING_DOWN,94.521,0.000786,100
2026-07-12 22:05:00,1.13926,TRENDING_DOWN,94.8826,0.000773,100
2026-07-12 22:05:00,1.13926,TRENDING_DOWN,95.2184,0.000761,100
2026-07-12 22:05:00,1.13926,TRENDING_DOWN,95.5302,0.000749,100
2026-07-12 22:05:00,1.13926,TRENDING_DOWN,95.8197,0.000739,100
2026-07-12 22:05:00,1.13926,TRENDING_DOWN,96.0886,0.000729,100
2026-07-12 22:05:00,1.13926,TRENDING_DOWN,96.3382,0.00072,100
2026-07-12 22:05:00,1.13926,TRENDING_DOWN,96.5701,0.000711,100
2026-07-12 22:05:00,1.13926,TRENDING_DOWN,96.7853,0.000703,100
2026-07-12 22:05:00,1.13926,TRENDING_DOWN,96.9852,0.000696,100
2026-07-12 22:05:00,1.13926,TRENDING_DOWN,97.1708,0.000689,100
2026-07-12 22:05:00,1.13926,TRENDING_DOWN,97.3431,0.000683,100
2026-07-12 22:05:00,1.13926,TRENDING_DOWN,97.5032,0.000677,100
2026-07-12 22:05:00,1.13926,TRENDING_DOWN,97.6518,0.000672,100
2026-07-12 22:05:00,1.13926,TRENDING_DOWN,97.7898,0.000667,100
2026-07-12 22:05:00,1.13926,TRENDING_DOWN,97.9179,0.000662,100
2026-07-12 22:10:00,1.139035,TRENDING_DOWN,98.0509,0.00065,100
2026-07-12 22:10:00,1.139035,TRENDING_DOWN,98.1745,0.000638,100
2026-07-12 22:10:00,1.139035,TRENDING_DOWN,98.2892,0.000627,100
2026-07-12 22:10:00,1.139035,TRENDING_DOWN,98.3958,0.000617,100
2026-07-12 22:10:00,1.139035,TRENDING_DOWN,98.4947,0.000608,100
2026-07-12 22:10:00,1.139035,TRENDING_DOWN,98.5866,0.000599,100
2026-07-12 22:10:00,1.139035,TRENDING_DOWN,98.6718,0.000591,100
2026-07-12 22:10:00,1.139035,TRENDING_DOWN,98.7511,0.000584,100
2026-07-12 22:10:00,1.139035,TRENDING_DOWN,98.8246,0.000577,100
2026-07-12 22:10:00,1.139035,TRENDING_DOWN,98.8929,0.000571,100
2026-07-12 22:10:00,1.139035,TRENDING_DOWN,98.9563,0.000565,100
2026-07-12 22:10:00,1.139035,TRENDING_DOWN,99.0152,0.000559,100
2026-07-12 22:10:00,1.139035,TRENDING_DOWN,99.0699,0.000554,100
2026-07-12 22:10:00,1.139035,TRENDING_DOWN,99.1206,0.000549,100
2026-07-12 22:10:00,1.139035,TRENDING_DOWN,99.1678,0.000545,100
2026-07-12 22:10:00,1.139035,TRENDING_DOWN,99.2116,0.000541,100
2026-07-12 22:10:00,1.139035,TRENDING_DOWN,99.2522,0.000537,100
2026-07-12 22:10:00,1.139035,TRENDING_DOWN,99.29,0.000533,100
2026-07-12 22:10:00,1.139035,TRENDING_DOWN,99.325,0.00053,100
2026-07-12 22:15:00,1.13932,TRENDING_DOWN,99.3576,0.000521,100
2026-07-12 22:15:00,1.13932,TRENDING_UP,99.3878,0.000513,100
2026-07-12 22:15:00,1.13932,TRENDING_UP,99.4159,0.000505,100
2026-07-12 22:15:00,1.13932,TRENDING_UP,99.4419,0.000498,100
2026-07-12 22:15:00,1.13932,TRENDING_UP,99.4661,0.000491,100
2026-07-12 22:15:00,1.13932,TRENDING_UP,99.4886,0.000485,100
2026-07-12 22:15:00,1.13932,TRENDING_UP,99.5095,0.000479,100
2026-07-12 22:15:00,1.13932,TRENDING_UP,99.5288,0.000473,100
2026-07-12 22:15:00,1.13932,TRENDING_UP,99.5468,0.000469,100
2026-07-12 22:15:00,1.13932,TRENDING_UP,99.5635,0.000464,100
2026-07-12 22:15:00,1.13932,TRENDING_UP,99.579,0.00046,100
2026-07-12 22:15:00,1.13932,TRENDING_UP,99.5935,0.000456,100
2026-07-12 22:15:00,1.13932,TRENDING_UP,99.6068,0.000452,100
2026-07-12 22:15:00,1.13932,TRENDING_UP,99.6192,0.000448,100
2026-07-12 22:15:00,1.13932,TRENDING_UP,99.6308,0.000445,100
2026-07-12 22:15:00,1.13932,TRENDING_UP,99.6415,0.000442,100
2026-07-12 22:15:00,1.13932,TRENDING_UP,99.6514,0.00044,100
2026-07-12 22:15:00,1.13932,TRENDING_UP,99.6607,0.000437,100
2026-07-12 22:15:00,1.13932,TRENDING_UP,99.6692,0.000435,100
2026-07-12 22:20:00,1.13943,TRENDING_UP,95.9843,0.000412,100
2026-07-12 22:20:00,1.13943,TRENDING_UP,92.5625,0.000391,100
2026-07-12 22:20:00,1.13943,TRENDING_UP,89.3851,0.000372,100
2026-07-12 22:20:00,1.13943,TRENDING_UP,86.4347,0.000353,100
2026-07-12 22:20:00,1.13943,TRENDING_UP,83.6951,0.000337,100
2026-07-12 22:20:00,1.13943,TRENDING_UP,81.1511,0.000321,100
2026-07-12 22:20:00,1.13943,TRENDING_UP,78.7888,0.000307,100
2026-07-12 22:20:00,1.13943,TRENDING_UP,76.5953,0.000293,100
2026-07-12 22:20:00,1.13943,TRENDING_UP,74.5585,0.000281,100
2026-07-12 22:20:00,1.13943,TRENDING_UP,72.6671,0.000269,100
2026-07-12 22:20:00,1.13943,TRENDING_UP,70.9108,0.000258,100
2026-07-12 22:20:00,1.13943,TRENDING_UP,69.28,0.000248,100
2026-07-12 22:20:00,1.13943,TRENDING_UP,67.7657,0.000239,100
2026-07-12 22:20:00,1.13943,TRENDING_UP,66.3596,0.00023,100
2026-07-12 22:20:00,1.13943,TRENDING_UP,65.0538,0.000222,100
2026-07-12 22:20:00,1.13943,TRENDING_UP,63.8414,0.000215,100
2026-07-12 22:20:00,1.13943,TRENDING_UP,62.7155,0.000208,100
2026-07-12 22:20:00,1.13943,TRENDING_UP,61.6701,0.000202,100
2026-07-12 22:20:00,1.13943,TRENDING_UP,60.6993,0.000196,100
2026-07-12 22:25:00,1.13949,TRENDING_UP,63.2557,0.000197,100
2026-07-12 22:25:00,1.13949,TRENDING_UP,65.6294,0.000199,100
2026-07-12 22:25:00,1.13949,TRENDING_UP,67.8336,0.0002,100
2026-07-12 22:25:00,1.13949,TRENDING_UP,69.8803,0.000202,100
2026-07-12 22:25:00,1.13949,TRENDING_UP,71.7808,0.000203,100
2026-07-12 22:25:00,1.13949,TRENDING_UP,73.5456,0.000204,100
2026-07-12 22:25:00,1.13949,TRENDING_UP,75.1844,0.000205,100
2026-07-12 22:25:00,1.13949,TRENDING_UP,76.706,0.000206,100
2026-07-12 22:25:00,1.13949,TRENDING_UP,78.119,0.000207,100
2026-07-12 22:25:00,1.13949,TRENDING_UP,79.4311,0.000208,100
2026-07-12 22:25:00,1.13949,TRENDING_UP,80.6494,0.000209,100
2026-07-12 22:25:00,1.13949,TRENDING_UP,81.7807,0.00021,100
2026-07-12 22:25:00,1.13949,TRENDING_UP,82.8312,0.00021,100
2026-07-12 22:25:00,1.13949,TRENDING_UP,83.8067,0.000211,100
2026-07-12 22:25:00,1.13949,TRENDING_UP,84.7125,0.000212,100
2026-07-12 22:25:00,1.13949,TRENDING_UP,85.5536,0.000212,100
2026-07-12 22:25:00,1.13949,TRENDING_UP,86.3346,0.000213,100
2026-07-12 22:25:00,1.13949,TRENDING_UP,87.0599,0.000213,100
2026-07-12 22:25:00,1.13949,TRENDING_UP,87.7333,0.000214,100
2026-07-12 22:30:00,1.13947,TRENDING_UP,88.3586,0.00021,100
2026-07-12 22:30:00,1.13947,TRENDING_UP,88.9393,0.000207,100
2026-07-12 22:30:00,1.13947,TRENDING_UP,89.4785,0.000204,100
2026-07-12 22:30:00,1.13947,TRENDING_UP,89.9791,0.000202,100
2026-07-12 22:30:00,1.13947,TRENDING_UP,90.444,0.000199,100
2026-07-12 22:30:00,1.13947,TRENDING_UP,90.8757,0.000197,100
2026-07-12 22:30:00,1.13947,TRENDING_UP,91.2766,0.000195,100
2026-07-12 22:30:00,1.13947,TRENDING_UP,91.6488,0.000193,100
2026-07-12 22:30:00,1.13947,TRENDING_DOWN,91.9945,0.000191,100
2026-07-12 22:30:00,1.13947,TRENDING_DOWN,92.3154,0.000189,100
2026-07-12 22:30:00,1.13947,TRENDING_DOWN,92.6135,0.000187,100
2026-07-12 22:30:00,1.13947,TRENDING_DOWN,92.8902,0.000186,100
2026-07-12 22:30:00,1.13947,TRENDING_DOWN,93.1472,0.000185,100
2026-07-12 22:30:00,1.13947,TRENDING_DOWN,93.3858,0.000183,100
2026-07-12 22:30:00,1.13947,TRENDING_DOWN,93.6074,0.000182,100
2026-07-12 22:30:00,1.13947,TRENDING_DOWN,93.8131,0.000181,100
2026-07-12 22:30:00,1.13947,TRENDING_DOWN,94.0042,0.00018,100
2026-07-12 22:30:00,1.13947,TRENDING_DOWN,94.1816,0.000179,100
2026-07-12 22:30:00,1.13947,TRENDING_DOWN,94.3463,0.000178,100
2026-07-12 22:35:00,1.139455,TRENDING_DOWN,88.4385,0.000177,100
2026-07-12 22:35:00,1.139455,TRENDING_DOWN,82.9527,0.000175,100
2026-07-12 22:35:00,1.139455,TRENDING_DOWN,77.8588,0.000174,100
2026-07-12 22:35:00,1.139455,TRENDING_DOWN,73.1287,0.000173,100
2026-07-12 22:35:00,1.139455,TRENDING_DOWN,68.7364,0.000172,100
2026-07-12 22:35:00,1.139455,TRENDING_DOWN,64.6579,0.000171,100
2026-07-12 22:35:00,1.139455,TRENDING_DOWN,60.8707,0.00017,100
2026-07-12 22:35:00,1.139455,TRENDING_DOWN,57.354,0.000169,100
2026-07-12 22:35:00,1.139455,TRENDING_DOWN,54.0886,0.000168,100
2026-07-12 22:35:00,1.139455,TRENDING_DOWN,51.0563,0.000168,100
2026-07-12 22:35:00,1.139455,TRENDING_DOWN,48.2407,0.000167,100
2026-07-12 22:35:00,1.139455,TRENDING_DOWN,45.6262,0.000166,100
2026-07-12 22:35:00,1.139455,TRENDING_DOWN,43.1984,0.000166,100
2026-07-12 22:35:00,1.139455,TRENDING_DOWN,40.944,0.000165,97
2026-07-12 22:35:00,1.139455,TRENDING_DOWN,38.8507,0.000165,91
2026-07-12 22:35:00,1.139455,TRENDING_DOWN,36.9069,0.000164,85
2026-07-12 22:35:00,1.139455,TRENDING_DOWN,35.1019,0.000164,80
2026-07-12 22:35:00,1.139455,TRENDING_DOWN,33.4258,0.000163,75
2026-07-12 22:35:00,1.139455,TRENDING_DOWN,31.8695,0.000163,70
2026-07-12 22:40:00,1.13942,TRENDING_DOWN,33.8524,0.000158,76
2026-07-12 22:40:00,1.13942,TRENDING_DOWN,35.6936,0.000154,82
2026-07-12 22:40:00,1.13942,TRENDING_DOWN,37.4034,0.00015,87
2026-07-12 22:40:00,1.13942,TRENDING_DOWN,38.991,0.000146,91
2026-07-12 22:40:00,1.13942,TRENDING_DOWN,40.4652,0.000142,96
2026-07-12 22:40:00,1.13942,TRENDING_DOWN,41.8341,0.000139,100
2026-07-12 22:40:00,1.13942,TRENDING_DOWN,43.1052,0.000136,100
2026-07-12 22:40:00,1.13942,TRENDING_DOWN,44.2855,0.000133,100
2026-07-12 22:40:00,1.13942,TRENDING_DOWN,45.3815,0.000131,100
2026-07-12 22:40:00,1.13942,TRENDING_DOWN,46.3993,0.000128,100
2026-07-12 22:40:00,1.13942,TRENDING_DOWN,47.3443,0.000126,100
2026-07-12 22:40:00,1.13942,TRENDING_DOWN,48.2218,0.000124,100
2026-07-12 22:40:00,1.13942,TRENDING_DOWN,49.0367,0.000122,100
2026-07-12 22:40:00,1.13942,TRENDING_DOWN,49.7934,0.00012,100
2026-07-12 22:40:00,1.13942,TRENDING_DOWN,50.496,0.000118,100
2026-07-12 22:40:00,1.13942,TRENDING_DOWN,51.1484,0.000117,100
2026-07-12 22:40:00,1.13942,TRENDING_DOWN,51.7542,0.000115,100
2026-07-12 22:40:00,1.13942,TRENDING_DOWN,52.3167,0.000114,100
2026-07-12 22:40:00,1.13942,TRENDING_DOWN,52.8391,0.000113,100
2026-07-12 22:45:00,1.139565,TRENDING_UP,55.7421,0.000115,100
2026-07-12 22:45:00,1.139565,TRENDING_UP,58.4377,0.000117,100
2026-07-12 22:45:00,1.139565,TRENDING_UP,60.9408,0.000118,100
2026-07-12 22:45:00,1.139565,TRENDING_UP,63.2651,0.00012,100
2026-07-12 22:45:00,1.139565,TRENDING_UP,65.4234,0.000121,100
2026-07-12 22:45:00,1.139565,TRENDING_UP,67.4275,0.000123,100
2026-07-12 22:45:00,1.139565,TRENDING_UP,69.2885,0.000124,100
2026-07-12 22:45:00,1.139565,TRENDING_UP,71.0166,0.000125,100
2026-07-12 22:45:00,1.139565,TRENDING_UP,72.6212,0.000126,100
2026-07-12 22:45:00,1.139565,TRENDING_UP,74.1112,0.000127,100
2026-07-12 22:45:00,1.139565,TRENDING_UP,75.4947,0.000128,100
2026-07-12 22:45:00,1.139565,TRENDING_UP,76.7795,0.000129,100
2026-07-12 22:45:00,1.139565,TRENDING_UP,77.9724,0.00013,100
2026-07-12 22:45:00,1.139565,TRENDING_UP,79.0802,0.000131,100
2026-07-12 22:45:00,1.139565,TRENDING_UP,80.1088,0.000131,100
2026-07-12 22:45:00,1.139565,TRENDING_UP,81.064,0.000132,100
2026-07-12 22:45:00,1.139565,TRENDING_UP,81.9509,0.000133,100
2026-07-12 22:45:00,1.139565,TRENDING_UP,82.7745,0.000133,100
2026-07-12 22:45:00,1.139565,TRENDING_UP,83.5393,0.000134,100
2026-07-12 22:50:00,1.13949,TRENDING_UP,84.4662,0.000136,100
2026-07-12 22:50:00,1.13949,TRENDING_UP,85.3269,0.000139,100
2026-07-12 22:50:00,1.13949,TRENDING_DOWN,86.1262,0.000141,100
2026-07-12 22:50:00,1.13949,TRENDING_DOWN,86.8684,0.000143,100
2026-07-12 22:50:00,1.13949,TRENDING_DOWN,87.5575,0.000145,100
2026-07-12 22:50:00,1.13949,TRENDING_DOWN,88.1974,0.000147,100
2026-07-12 22:50:00,1.13949,TRENDING_DOWN,88.7916,0.000149,100
2026-07-12 22:50:00,1.13949,TRENDING_DOWN,89.3434,0.00015,100
2026-07-12 22:50:00,1.13949,TRENDING_DOWN,89.8558,0.000152,100
2026-07-12 22:50:00,1.13949,TRENDING_DOWN,90.3315,0.000153,100
2026-07-12 22:50:00,1.13949,TRENDING_DOWN,90.7733,0.000155,100
2026-07-12 22:50:00,1.13949,TRENDING_DOWN,91.1835,0.000156,100
2026-07-12 22:50:00,1.13949,TRENDING_DOWN,91.5645,0.000157,100
2026-07-12 22:50:00,1.13949,TRENDING_DOWN,91.9182,0.000158,100
2026-07-12 22:50:00,1.13949,TRENDING_DOWN,92.2466,0.000159,100
2026-07-12 22:50:00,1.13949,TRENDING_DOWN,92.5516,0.00016,100
2026-07-12 22:50:00,1.13949,TRENDING_DOWN,92.8348,0.00016,100
2026-07-12 22:50:00,1.13949,TRENDING_DOWN,93.0978,0.000161,100
2026-07-12 22:50:00,1.13949,TRENDING_DOWN,93.342,0.000162,100
2026-07-12 22:55:00,1.13947,TRENDING_DOWN,93.5687,0.000157,100
2026-07-12 22:55:00,1.13947,TRENDING_DOWN,93.7793,0.000152,100
2026-07-12 22:55:00,1.13947,TRENDING_DOWN,93.9748,0.000147,100
2026-07-12 22:55:00,1.13947,TRENDING_DOWN,94.1563,0.000143,100
2026-07-12 22:55:00,1.13947,TRENDING_DOWN,94.3249,0.000139,100
2026-07-12 22:55:00,1.13947,TRENDING_DOWN,94.4815,0.000135,100
2026-07-12 22:55:00,1.13947,TRENDING_DOWN,94.6268,0.000132,100
2026-07-12 22:55:00,1.13947,TRENDING_DOWN,94.7618,0.000129,100
2026-07-12 22:55:00,1.13947,TRENDING_DOWN,94.8871,0.000126,100
2026-07-12 22:55:00,1.13947,TRENDING_DOWN,95.0035,0.000123,100
2026-07-12 22:55:00,1.13947,TRENDING_DOWN,95.1116,0.000121,100
2026-07-12 22:55:00,1.13947,TRENDING_DOWN,95.2119,0.000118,100
2026-07-12 22:55:00,1.13947,TRENDING_DOWN,95.3051,0.000116,100
2026-07-12 22:55:00,1.13947,TRENDING_DOWN,95.3916,0.000114,100
2026-07-12 22:55:00,1.13947,TRENDING_DOWN,95.472,0.000112,100
2026-07-12 22:55:00,1.13947,TRENDING_DOWN,95.5466,0.00011,100
2026-07-12 22:55:00,1.13947,TRENDING_DOWN,95.6159,0.000109,100
2026-07-12 22:55:00,1.13947,TRENDING_DOWN,95.6802,0.000107,100
2026-07-12 22:55:00,1.13947,TRENDING_DOWN,95.7399,0.000106,100
2026-07-12 23:00:00,1.13938,TRENDING_DOWN,95.7373,0.000109,100
2026-07-12 23:00:00,1.13938,TRENDING_DOWN,95.7349,0.000111,100
2026-07-12 23:00:00,1.13938,TRENDING_DOWN,95.7327,0.000114,100
2026-07-12 23:00:00,1.13938,TRENDING_DOWN,95.7307,0.000116,100
2026-07-12 23:00:00,1.13938,TRENDING_DOWN,95.7288,0.000118,100
2026-07-12 23:00:00,1.13938,TRENDING_DOWN,95.727,0.00012,100
2026-07-12 23:00:00,1.13938,TRENDING_DOWN,95.7253,0.000122,100
2026-07-12 23:00:00,1.13938,TRENDING_DOWN,95.7238,0.000123,100
2026-07-12 23:00:00,1.13938,TRENDING_DOWN,95.7224,0.000125,100
2026-07-12 23:00:00,1.13938,TRENDING_DOWN,95.721,0.000126,100
2026-07-12 23:00:00,1.13938,TRENDING_DOWN,95.7198,0.000128,100
2026-07-12 23:00:00,1.13938,TRENDING_DOWN,95.7187,0.000129,100
2026-07-12 23:00:00,1.13938,TRENDING_DOWN,95.7176,0.00013,100
2026-07-12 23:00:00,1.13938,TRENDING_DOWN,95.7166,0.000131,100
2026-07-12 23:00:00,1.13938,TRENDING_DOWN,95.7157,0.000132,100
2026-07-12 23:00:00,1.13938,TRENDING_DOWN,95.7149,0.000133,100
2026-07-12 23:00:00,1.13938,TRENDING_DOWN,95.7141,0.000134,100
2026-07-12 23:00:00,1.13938,TRENDING_DOWN,95.7134,0.000135,100
2026-07-12 23:00:00,1.13938,TRENDING_DOWN,95.7127,0.000135,100
2026-07-12 23:05:00,1.1395,TRENDING_UP,90.5684,0.000135,100
2026-07-12 23:05:00,1.1395,TRENDING_UP,85.7915,0.000135,100
2026-07-12 23:05:00,1.1395,TRENDING_UP,81.3559,0.000135,100
2026-07-12 23:05:00,1.1395,TRENDING_UP,77.2371,0.000135,100
2026-07-12 23:05:00,1.1395,TRENDING_UP,73.4125,0.000136,100
2026-07-12 23:05:00,1.1395,TRENDING_UP,69.861,0.000136,100
2026-07-12 23:05:00,1.1395,TRENDING_UP,66.5633,0.000136,100
2026-07-12 23:05:00,1.1395,TRENDING_UP,63.5011,0.000136,100
2026-07-12 23:05:00,1.1395,TRENDING_UP,60.6576,0.000136,100
2026-07-12 23:05:00,1.1395,TRENDING_UP,58.0173,0.000136,100
2026-07-12 23:05:00,1.1395,TRENDING_UP,55.5655,0.000136,100
2026-07-12 23:05:00,1.1395,TRENDING_UP,53.2889,0.000136,100
2026-07-12 23:05:00,1.1395,TRENDING_UP,51.1748,0.000136,100
2026-07-12 23:05:00,1.1395,TRENDING_UP,49.2118,0.000136,100
2026-07-12 23:05:00,1.1395,TRENDING_UP,47.389,0.000136,100
2026-07-12 23:05:00,1.1395,TRENDING_UP,45.6964,0.000136,100
2026-07-12 23:05:00,1.1395,TRENDING_UP,44.1247,0.000136,100
2026-07-12 23:05:00,1.1395,TRENDING_UP,42.6652,0.000136,100
2026-07-12 23:05:00,1.1395,TRENDING_UP,41.3101,0.000136,98
2026-07-12 23:10:00,1.13969,TRENDING_UP,45.0512,0.000143,100
2026-07-12 23:10:00,1.13969,TRENDING_UP,48.525,0.000149,100
2026-07-12 23:10:00,1.13969,TRENDING_UP,51.7508,0.000155,100
2026-07-12 23:10:00,1.13969,TRENDING_UP,54.7461,0.000161,100
2026-07-12 23:10:00,1.13969,TRENDING_UP,57.5275,0.000166,100
2026-07-12 23:10:00,1.13969,TRENDING_UP,60.1102,0.000171,100
2026-07-12 23:10:00,1.13969,TRENDING_UP,62.5085,0.000175,100
2026-07-12 23:10:00,1.13969,TRENDING_UP,64.7354,0.000179,100
2026-07-12 23:10:00,1.13969,TRENDING_UP,66.8033,0.000183,100
2026-07-12 23:10:00,1.13969,TRENDING_UP,68.7234,0.000186,100
2026-07-12 23:10:00,1.13969,TRENDING_UP,70.5064,0.00019,100
2026-07-12 23:10:00,1.13969,TRENDING_UP,72.1621,0.000193,100
2026-07-12 23:10:00,1.13969,TRENDING_UP,73.6995,0.000196,100
2026-07-12 23:10:00,1.13969,TRENDING_UP,75.1271,0.000198,100
2026-07-12 23:10:00,1.13969,TRENDING_UP,76.4527,0.000201,100
2026-07-12 23:10:00,1.13969,TRENDING_UP,77.6836,0.000203,100
2026-07-12 23:10:00,1.13969,TRENDING_UP,78.8266,0.000205,100
2026-07-12 23:10:00,1.13969,TRENDING_UP,79.8879,0.000207,100
2026-07-12 23:10:00,1.13969,TRENDING_UP,80.8735,0.000209,100
2026-07-12 23:15:00,1.13974,TRENDING_UP,81.951,0.000201,100
2026-07-12 23:15:00,1.13974,TRENDING_UP,82.9515,0.000194,100
2026-07-12 23:15:00,1.13974,TRENDING_UP,83.8806,0.000187,100
2026-07-12 23:15:00,1.13974,TRENDING_UP,84.7433,0.000181,100
2026-07-12 23:15:00,1.13974,TRENDING_UP,85.5444,0.000175,100
2026-07-12 23:15:00,1.13974,TRENDING_UP,86.2883,0.00017,100
2026-07-12 23:15:00,1.13974,TRENDING_UP,86.979,0.000165,100
2026-07-12 23:15:00,1.13974,TRENDING_UP,87.6204,0.000161,100
2026-07-12 23:15:00,1.13974,TRENDING_UP,88.216,0.000156,100
2026-07-12 23:15:00,1.13974,TRENDING_UP,88.7691,0.000152,100
2026-07-12 23:15:00,1.13974,TRENDING_UP,89.2826,0.000149,100
2026-07-12 23:15:00,1.13974,TRENDING_UP,89.7595,0.000145,100
2026-07-12 23:15:00,1.13974,TRENDING_UP,90.2023,0.000142,100
2026-07-12 23:15:00,1.13974,TRENDING_UP,90.6134,0.000139,100
2026-07-12 23:15:00,1.13974,TRENDING_UP,90.9952,0.000136,100
2026-07-12 23:15:00,1.13974,TRENDING_UP,91.3498,0.000134,100
2026-07-12 23:15:00,1.13974,TRENDING_UP,91.679,0.000132,100
2026-07-12 23:15:00,1.13974,TRENDING_UP,91.9846,0.000129,100
2026-07-12 23:15:00,1.13974,TRENDING_UP,92.2685,0.000127,100
2026-07-12 23:20:00,1.1398,TRENDING_UP,92.7756,0.000125,100
2026-07-12 23:20:00,1.1398,TRENDING_UP,93.2465,0.000124,100
2026-07-12 23:20:00,1.1398,TRENDING_UP,93.6838,0.000122,100
2026-07-12 23:20:00,1.1398,TRENDING_UP,94.0898,0.000121,100
2026-07-12 23:20:00,1.1398,TRENDING_UP,94.4668,0.000119,100
2026-07-12 23:20:00,1.1398,TRENDING_UP,94.8169,0.000118,100
2026-07-12 23:20:00,1.1398,TRENDING_UP,95.142,0.000117,100
2026-07-12 23:20:00,1.1398,TRENDING_UP,95.4439,0.000115,100
2026-07-12 23:20:00,1.1398,TRENDING_UP,95.7242,0.000114,100
2026-07-12 23:20:00,1.1398,TRENDING_UP,95.9845,0.000113,100
2026-07-12 23:20:00,1.1398,TRENDING_UP,96.2261,0.000113,100
2026-07-12 23:20:00,1.1398,TRENDING_UP,96.4506,0.000112,100
2026-07-12 23:20:00,1.1398,TRENDING_UP,96.659,0.000111,100
2026-07-12 23:20:00,1.1398,TRENDING_UP,96.8525,0.00011,100
2026-07-12 23:20:00,1.1398,TRENDING_UP,97.0322,0.00011,100
2026-07-12 23:20:00,1.1398,TRENDING_UP,97.199,0.000109,100
2026-07-12 23:20:00,1.1398,TRENDING_UP,97.354,0.000108,100
2026-07-12 23:20:00,1.1398,TRENDING_UP,97.4978,0.000108,100
2026-07-12 23:20:00,1.1398,TRENDING_UP,97.6314,0.000107,100
2026-07-12 23:25:00,1.13984,TRENDING_UP,97.7555,0.000105,100
2026-07-12 23:25:00,1.13984,TRENDING_UP,97.8707,0.000103,100
2026-07-12 23:25:00,1.13984,TRENDING_UP,97.9776,0.000102,100
2026-07-12 23:25:00,1.13984,TRENDING_UP,98.0769,0.0001,100
2026-07-12 23:25:00,1.13984,TRENDING_UP,98.1692,9.9e-05,100
2026-07-12 23:25:00,1.13984,TRENDING_UP,98.2548,9.7e-05,100
2026-07-12 23:25:00,1.13984,TRENDING_UP,98.3343,9.6e-05,100
2026-07-12 23:25:00,1.13984,TRENDING_UP,98.4082,9.5e-05,100
2026-07-12 23:25:00,1.13984,TRENDING_UP,98.4767,9.4e-05,100
2026-07-12 23:25:00,1.13984,TRENDING_UP,98.5404,9.2e-05,100
2026-07-12 23:25:00,1.13984,TRENDING_UP,98.5995,9.2e-05,100
2026-07-12 23:25:00,1.13984,TRENDING_UP,98.6544,9.1e-05,100
2026-07-12 23:25:00,1.13984,TRENDING_UP,98.7054,9e-05,100
2026-07-12 23:25:00,1.13984,TRENDING_UP,98.7528,8.9e-05,100
2026-07-12 23:25:00,1.13984,TRENDING_UP,98.7967,8.8e-05,100
2026-07-12 23:25:00,1.13984,TRENDING_UP,98.8375,8.8e-05,100
2026-07-12 23:25:00,1.13984,TRENDING_UP,98.8754,8.7e-05,100
2026-07-12 23:25:00,1.13984,TRENDING_UP,98.9106,8.6e-05,100
2026-07-12 23:25:00,1.13984,TRENDING_UP,98.9433,8.6e-05,100
2026-07-12 23:30:00,1.139655,TRENDING_DOWN,98.2125,9.5e-05,100
2026-07-12 23:30:00,1.139655,TRENDING_DOWN,97.5339,0.000104,100
2026-07-12 23:30:00,1.139655,TRENDING_DOWN,96.9038,0.000112,100
2026-07-12 23:30:00,1.139655,TRENDING_DOWN,96.3187,0.000119,100
2026-07-12 23:30:00,1.139655,TRENDING_DOWN,95.7753,0.000126,100
2026-07-12 23:30:00,1.139655,TRENDING_DOWN,95.2708,0.000132,100
2026-07-12 23:30:00,1.139655,TRENDING_DOWN,94.8023,0.000138,100
2026-07-12 23:30:00,1.139655,TRENDING_DOWN,94.3673,0.000144,100
2026-07-12 23:30:00,1.139655,TRENDING_DOWN,93.9634,0.000149,100
2026-07-12 23:30:00,1.139655,TRENDING_DOWN,93.5883,0.000153,100
2026-07-12 23:30:00,1.139655,TRENDING_DOWN,93.24,0.000158,100
2026-07-12 23:30:00,1.139655,TRENDING_DOWN,92.9166,0.000162,100
2026-07-12 23:30:00,1.139655,TRENDING_DOWN,92.6162,0.000166,100
2026-07-12 23:30:00,1.139655,TRENDING_DOWN,92.3374,0.000169,100
2026-07-12 23:30:00,1.139655,TRENDING_DOWN,92.0784,0.000173,100
2026-07-12 23:30:00,1.139655,TRENDING_DOWN,91.838,0.000176,100
2026-07-12 23:30:00,1.139655,TRENDING_DOWN,91.6147,0.000178,100
2026-07-12 23:30:00,1.139655,TRENDING_DOWN,91.4074,0.000181,100
2026-07-12 23:30:00,1.139655,TRENDING_DOWN,91.2149,0.000183,100
2026-07-12 23:35:00,1.139765,TRENDING_DOWN,91.0361,0.000178,100
2026-07-12 23:35:00,1.139765,TRENDING_DOWN,90.8701,0.000174,100
2026-07-12 23:35:00,1.139765,TRENDING_UP,90.7159,0.00017,100
2026-07-12 23:35:00,1.139765,TRENDING_UP,90.5728,0.000166,100
2026-07-12 23:35:00,1.139765,TRENDING_UP,90.4399,0.000162,100
2026-07-12 23:35:00,1.139765,TRENDING_UP,90.3165,0.000159,100
2026-07-12 23:35:00,1.139765,TRENDING_UP,90.2019,0.000155,100
2026-07-12 23:35:00,1.139765,TRENDING_UP,90.0955,0.000152,100
2026-07-12 23:35:00,1.139765,TRENDING_UP,89.9967,0.00015,100
2026-07-12 23:35:00,1.139765,TRENDING_UP,89.9049,0.000147,100
2026-07-12 23:35:00,1.139765,TRENDING_UP,89.8197,0.000145,100
2026-07-12 23:35:00,1.139765,TRENDING_UP,89.7406,0.000143,100
2026-07-12 23:35:00,1.139765,TRENDING_UP,89.6671,0.000141,100
2026-07-12 23:35:00,1.139765,TRENDING_UP,89.5989,0.000139,100
2026-07-12 23:35:00,1.139765,TRENDING_UP,89.5356,0.000137,100
2026-07-12 23:35:00,1.139765,TRENDING_UP,89.4768,0.000135,100
2026-07-12 23:35:00,1.139765,TRENDING_UP,89.4221,0.000134,100
2026-07-12 23:35:00,1.139765,TRENDING_UP,89.3714,0.000132,100
2026-07-12 23:35:00,1.139765,TRENDING_UP,89.3243,0.000131,100
2026-07-12 23:40:00,1.139855,TRENDING_UP,89.3845,0.000132,100
2026-07-12 23:40:00,1.139855,TRENDING_UP,89.4404,0.000132,100
2026-07-12 23:40:00,1.139855,TRENDING_UP,89.4922,0.000133,100
2026-07-12 23:40:00,1.139855,TRENDING_UP,89.5404,0.000133,100
2026-07-12 23:40:00,1.139855,TRENDING_UP,89.5851,0.000134,100
2026-07-12 23:40:00,1.139855,TRENDING_UP,89.6267,0.000134,100
2026-07-12 23:40:00,1.139855,TRENDING_UP,89.6652,0.000135,100
2026-07-12 23:40:00,1.139855,TRENDING_UP,89.701,0.000135,100
2026-07-12 23:40:00,1.139855,TRENDING_UP,89.7343,0.000136,100
2026-07-12 23:40:00,1.139855,TRENDING_UP,89.7652,0.000136,100
2026-07-12 23:40:00,1.139855,TRENDING_UP,89.7938,0.000136,100
2026-07-12 23:40:00,1.139855,TRENDING_UP,89.8205,0.000137,100
2026-07-12 23:40:00,1.139855,TRENDING_UP,89.8452,0.000137,100
2026-07-12 23:40:00,1.139855,TRENDING_UP,89.8681,0.000137,100
2026-07-12 23:40:00,1.139855,TRENDING_UP,89.8894,0.000137,100
2026-07-12 23:40:00,1.139855,TRENDING_UP,89.9092,0.000138,100
2026-07-12 23:40:00,1.139855,TRENDING_UP,89.9276,0.000138,100
2026-07-12 23:40:00,1.139855,TRENDING_UP,89.9447,0.000138,100
2026-07-12 23:40:00,1.139855,TRENDING_UP,89.9605,0.000138,100
2026-07-12 23:45:00,1.140045,TRENDING_UP,90.6127,0.000156,100
2026-07-12 23:45:00,1.140045,TRENDING_UP,91.2183,0.000173,100
2026-07-12 23:45:00,1.140045,TRENDING_UP,91.7806,0.000189,100
2026-07-12 23:45:00,1.140045,TRENDING_UP,92.3028,0.000204,100
2026-07-12 23:45:00,1.140045,TRENDING_UP,92.7876,0.000218,100
2026-07-12 23:45:00,1.140045,TRENDING_UP,93.2379,0.00023,100
2026-07-12 23:45:00,1.140045,TRENDING_UP,93.656,0.000242,100
2026-07-12 23:45:00,1.140045,TRENDING_UP,94.0442,0.000253,100
2026-07-12 23:45:00,1.140045,TRENDING_UP,94.4046,0.000263,100
2026-07-12 23:45:00,1.140045,TRENDING_UP,94.7394,0.000272,100
2026-07-12 23:45:00,1.140045,TRENDING_UP,95.0502,0.000281,100
2026-07-12 23:45:00,1.140045,TRENDING_UP,95.3388,0.000289,100
2026-07-12 23:45:00,1.140045,TRENDING_UP,95.6068,0.000297,100
2026-07-12 23:45:00,1.140045,TRENDING_UP,95.8557,0.000304,100
2026-07-12 23:45:00,1.140045,TRENDING_UP,96.0868,0.00031,100
2026-07-12 23:45:00,1.140045,TRENDING_UP,96.3014,0.000316,100
2026-07-12 23:45:00,1.140045,TRENDING_UP,96.5006,0.000322,100
2026-07-12 23:45:00,1.140045,TRENDING_UP,96.6856,0.000327,100
2026-07-12 23:45:00,1.140045,TRENDING_UP,96.8574,0.000332,100
2026-07-12 23:50:00,1.140135,TRENDING_UP,97.017,0.00032,100
2026-07-12 23:50:00,1.140135,TRENDING_UP,97.1651,0.000309,100
2026-07-12 23:50:00,1.140135,TRENDING_UP,97.3027,0.000299,100
2026-07-12 23:50:00,1.140135,TRENDING_UP,97.4304,0.00029,100
2026-07-12 23:50:00,1.140135,TRENDING_UP,97.549,0.000281,100
2026-07-12 23:50:00,1.140135,TRENDING_UP,97.6591,0.000273,100
2026-07-12 23:50:00,1.140135,TRENDING_UP,97.7614,0.000265,100
2026-07-12 23:50:00,1.140135,TRENDING_UP,97.8564,0.000258,100
2026-07-12 23:50:00,1.140135,TRENDING_UP,97.9445,0.000251,100
2026-07-12 23:50:00,1.140135,TRENDING_UP,98.0264,0.000245,100
2026-07-12 23:50:00,1.140135,TRENDING_UP,98.1025,0.00024,100
2026-07-12 23:50:00,1.140135,TRENDING_UP,98.1731,0.000235,100
2026-07-12 23:50:00,1.140135,TRENDING_UP,98.2386,0.00023,100
2026-07-12 23:50:00,1.140135,TRENDING_UP,98.2995,0.000225,100
2026-07-12 23:50:00,1.140135,TRENDING_UP,98.356,0.000221,100
2026-07-12 23:50:00,1.140135,TRENDING_UP,98.4085,0.000217,100
2026-07-12 23:50:00,1.140135,TRENDING_UP,98.4573,0.000214,100
2026-07-12 23:50:00,1.140135,TRENDING_UP,98.5025,0.00021,100
2026-07-12 23:50:00,1.140135,TRENDING_UP,98.5445,0.000207,100
2026-07-12 23:55:00,1.140425,TRENDING_UP,98.6413,0.000219,100
2026-07-12 23:55:00,1.140425,TRENDING_UP,98.7311,0.000231,100
2026-07-12 23:55:00,1.140425,TRENDING_UP,98.8145,0.000242,100
2026-07-12 23:55:00,1.140425,TRENDING_UP,98.892,0.000252,100
2026-07-12 23:55:00,1.140425,TRENDING_UP,98.9639,0.000261,100
2026-07-12 23:55:00,1.140425,TRENDING_UP,99.0307,0.00027,100
2026-07-12 23:55:00,1.140425,TRENDING_UP,99.0927,0.000278,100
2026-07-12 23:55:00,1.140425,TRENDING_UP,99.1502,0.000285,100
2026-07-12 23:55:00,1.140425,TRENDING_UP,99.2037,0.000292,100
2026-07-12 23:55:00,1.140425,TRENDING_UP,99.2534,0.000298,100
2026-07-12 23:55:00,1.140425,TRENDING_UP,99.2995,0.000304,100
2026-07-12 23:55:00,1.140425,TRENDING_UP,99.3423,0.00031,100
2026-07-12 23:55:00,1.140425,TRENDING_UP,99.382,0.000315,100
2026-07-12 23:55:00,1.140425,TRENDING_UP,99.4189,0.00032,100
2026-07-12 23:55:00,1.140425,TRENDING_UP,99.4532,0.000324,100
2026-07-12 23:55:00,1.140425,TRENDING_UP,99.485,0.000328,100
2026-07-12 23:55:00,1.140425,TRENDING_UP,99.5146,0.000332,100
2026-07-12 23:55:00,1.140425,TRENDING_UP,99.542,0.000335,100
2026-07-12 23:55:00,1.140425,TRENDING_UP,99.5675,0.000339,100
2026-07-13 00:00:00,1.140285,TRENDING_UP,99.5942,0.000337,100
2026-07-13 00:00:00,1.140285,TRENDING_UP,99.619,0.000335,100
2026-07-13 00:00:00,1.140285,TRENDING_UP,99.642,0.000333,100
2026-07-13 00:00:00,1.140285,TRENDING_DOWN,99.6634,0.000332,100
2026-07-13 00:00:00,1.140285,TRENDING_DOWN,99.6833,0.00033,100
2026-07-13 00:00:00,1.140285,TRENDING_DOWN,99.7017,0.000329,100
2026-07-13 00:00:00,1.140285,TRENDING_DOWN,99.7188,0.000328,100
2026-07-13 00:00:00,1.140285,TRENDING_DOWN,99.7347,0.000327,100
2026-07-13 00:00:00,1.140285,TRENDING_DOWN,99.7495,0.000325,100
2026-07-13 00:00:00,1.140285,TRENDING_DOWN,99.7632,0.000324,100
2026-07-13 00:00:00,1.140285,TRENDING_DOWN,99.7759,0.000323,100
2026-07-13 00:00:00,1.140285,TRENDING_DOWN,99.7877,0.000323,100
2026-07-13 00:00:00,1.140285,TRENDING_DOWN,99.7987,0.000322,100
2026-07-13 00:00:00,1.140285,TRENDING_DOWN,99.8089,0.000321,100
2026-07-13 00:00:00,1.140285,TRENDING_DOWN,99.8184,0.00032,100
2026-07-13 00:00:00,1.140285,TRENDING_DOWN,99.8272,0.00032,100
2026-07-13 00:00:00,1.140285,TRENDING_DOWN,99.8353,0.000319,100
2026-07-13 00:00:00,1.140285,TRENDING_DOWN,99.8429,0.000319,100
2026-07-13 00:00:00,1.140285,TRENDING_DOWN,99.8499,0.000318,100
2026-07-13 00:05:00,1.14023,TRENDING_DOWN,99.8565,0.00031,100
2026-07-13 00:05:00,1.14023,TRENDING_DOWN,99.8625,0.000303,100
2026-07-13 00:05:00,1.14023,TRENDING_DOWN,99.8682,0.000297,100
2026-07-13 00:05:00,1.14023,TRENDING_DOWN,99.8734,0.00029,100
2026-07-13 00:05:00,1.14023,TRENDING_DOWN,99.8782,0.000285,100
2026-07-13 00:05:00,1.14023,TRENDING_DOWN,99.8828,0.000279,100
2026-07-13 00:05:00,1.14023,TRENDING_DOWN,99.8869,0.000275,100
2026-07-13 00:05:00,1.14023,TRENDING_DOWN,99.8908,0.00027,100
2026-07-13 00:05:00,1.14023,TRENDING_DOWN,99.8944,0.000266,100
2026-07-13 00:05:00,1.14023,TRENDING_DOWN,99.8978,0.000262,100
2026-07-13 00:05:00,1.14023,TRENDING_DOWN,99.9009,0.000258,100
2026-07-13 00:05:00,1.14023,TRENDING_DOWN,99.9038,0.000255,100
2026-07-13 00:05:00,1.14023,TRENDING_DOWN,99.9065,0.000252,100
2026-07-13 00:05:00,1.14023,TRENDING_DOWN,99.909,0.000249,100
2026-07-13 00:05:00,1.14023,TRENDING_DOWN,99.9113,0.000246,100
2026-07-13 00:05:00,1.14023,TRENDING_DOWN,99.9134,0.000243,100
2026-07-13 00:05:00,1.14023,TRENDING_DOWN,99.9154,0.000241,100
2026-07-13 00:05:00,1.14023,TRENDING_DOWN,99.9173,0.000239,100
2026-07-13 00:05:00,1.14023,TRENDING_DOWN,99.919,0.000237,100
2026-07-13 00:10:00,1.140075,TRENDING_DOWN,99.4624,0.000235,100
2026-07-13 00:10:00,1.140075,TRENDING_DOWN,99.0385,0.000234,100
2026-07-13 00:10:00,1.140075,TRENDING_DOWN,98.6448,0.000232,100
2026-07-13 00:10:00,1.140075,TRENDING_DOWN,98.2792,0.000231,100
2026-07-13 00:10:00,1.140075,TRENDING_DOWN,97.9398,0.00023,100
2026-07-13 00:10:00,1.140075,TRENDING_DOWN,97.6246,0.000229,100
2026-07-13 00:10:00,1.140075,TRENDING_DOWN,97.3319,0.000228,100
2026-07-13 00:10:00,1.140075,TRENDING_DOWN,97.0601,0.000227,100
2026-07-13 00:10:00,1.140075,TRENDING_DOWN,96.8077,0.000226,100
2026-07-13 00:10:00,1.140075,TRENDING_DOWN,96.5734,0.000225,100
2026-07-13 00:10:00,1.140075,TRENDING_DOWN,96.3558,0.000225,100
2026-07-13 00:10:00,1.140075,TRENDING_DOWN,96.1537,0.000224,100
2026-07-13 00:10:00,1.140075,TRENDING_DOWN,95.9661,0.000223,100
2026-07-13 00:10:00,1.140075,TRENDING_DOWN,95.7919,0.000223,100
2026-07-13 00:10:00,1.140075,TRENDING_DOWN,95.6301,0.000222,100
2026-07-13 00:10:00,1.140075,TRENDING_DOWN,95.4799,0.000222,100
2026-07-13 00:10:00,1.140075,TRENDING_DOWN,95.3404,0.000221,100
2026-07-13 00:10:00,1.140075,TRENDING_DOWN,95.2109,0.000221,100
2026-07-13 00:10:00,1.140075,TRENDING_DOWN,95.0906,0.00022,100
2026-07-13 00:15:00,1.139815,TRENDING_DOWN,95.3767,0.000227,100
2026-07-13 00:15:00,1.139815,TRENDING_DOWN,95.6424,0.000233,100
2026-07-13 00:15:00,1.139815,TRENDING_DOWN,95.8892,0.000239,100
2026-07-13 00:15:00,1.139815,TRENDING_DOWN,96.1183,0.000245,100
2026-07-13 00:15:00,1.139815,TRENDING_DOWN,96.331,0.00025,100
2026-07-13 00:15:00,1.139815,TRENDING_DOWN,96.5286,0.000255,100
2026-07-13 00:15:00,1.139815,TRENDING_DOWN,96.712,0.000259,100
2026-07-13 00:15:00,1.139815,TRENDING_DOWN,96.8824,0.000263,100
2026-07-13 00:15:00,1.139815,TRENDING_DOWN,97.0405,0.000267,100
2026-07-13 00:15:00,1.139815,TRENDING_DOWN,97.1874,0.00027,100
2026-07-13 00:15:00,1.139815,TRENDING_DOWN,97.3238,0.000274,100
2026-07-13 00:15:00,1.139815,TRENDING_DOWN,97.4504,0.000277,100
2026-07-13 00:15:00,1.139815,TRENDING_DOWN,97.568,0.000279,100
2026-07-13 00:15:00,1.139815,TRENDING_DOWN,97.6772,0.000282,100
2026-07-13 00:15:00,1.139815,TRENDING_DOWN,97.7786,0.000284,100
2026-07-13 00:15:00,1.139815,TRENDING_DOWN,97.8727,0.000287,100
2026-07-13 00:15:00,1.139815,TRENDING_DOWN,97.9602,0.000289,100
2026-07-13 00:15:00,1.139815,TRENDING_DOWN,98.0414,0.000291,100
2026-07-13 00:15:00,1.139815,TRENDING_DOWN,98.1167,0.000292,100
2026-07-13 00:20:00,1.140405,TRENDING_UP,96.0883,0.000317,100
2026-07-13 00:20:00,1.140405,TRENDING_UP,94.2048,0.000341,100
2026-07-13 00:20:00,1.140405,TRENDING_UP,92.4558,0.000362,100
2026-07-13 00:20:00,1.140405,TRENDING_UP,90.8317,0.000382,100
2026-07-13 00:20:00,1.140405,TRENDING_UP,89.3237,0.0004,100
2026-07-13 00:20:00,1.140405,TRENDING_UP,87.9233,0.000417,100
2026-07-13 00:20:00,1.140405,TRENDING_UP,86.623,0.000433,100
2026-07-13 00:20:00,1.140405,TRENDING_UP,85.4156,0.000448,100
2026-07-13 00:20:00,1.140405,TRENDING_UP,84.2944,0.000462,100
2026-07-13 00:20:00,1.140405,TRENDING_UP,83.2533,0.000475,100
2026-07-13 00:20:00,1.140405,TRENDING_UP,82.2865,0.000486,100
2026-07-13 00:20:00,1.140405,TRENDING_UP,81.3888,0.000497,100
2026-07-13 00:20:00,1.140405,TRENDING_UP,80.5553,0.000508,100
2026-07-13 00:20:00,1.140405,TRENDING_UP,79.7812,0.000517,100
2026-07-13 00:20:00,1.140405,TRENDING_UP,79.0625,0.000526,100
2026-07-13 00:20:00,1.140405,TRENDING_UP,78.3951,0.000534,100
2026-07-13 00:20:00,1.140405,TRENDING_UP,77.7754,0.000542,100
2026-07-13 00:20:00,1.140405,TRENDING_UP,77.1999,0.000549,100
2026-07-13 00:20:00,1.140405,TRENDING_UP,76.6655,0.000555,100
2026-07-13 00:25:00,1.140155,TRENDING_UP,76.1694,0.000532,100
2026-07-13 00:25:00,1.140155,TRENDING_UP,75.7086,0.00051,100
2026-07-13 00:25:00,1.140155,TRENDING_UP,75.2808,0.000489,100
2026-07-13 00:25:00,1.140155,TRENDING_DOWN,74.8835,0.00047,100
2026-07-13 00:25:00,1.140155,TRENDING_DOWN,74.5146,0.000453,100
2026-07-13 00:25:00,1.140155,TRENDING_DOWN,74.172,0.000436,100
2026-07-13 00:25:00,1.140155,TRENDING_DOWN,73.854,0.000421,100
2026-07-13 00:25:00,1.140155,TRENDING_DOWN,73.5586,0.000407,100
2026-07-13 00:25:00,1.140155,TRENDING_DOWN,73.2843,0.000394,100
2026-07-13 00:25:00,1.140155,TRENDING_DOWN,73.0296,0.000382,100
2026-07-13 00:25:00,1.140155,TRENDING_DOWN,72.7932,0.00037,100
2026-07-13 00:25:00,1.140155,TRENDING_DOWN,72.5736,0.00036,100
2026-07-13 00:25:00,1.140155,TRENDING_DOWN,72.3697,0.00035,100
2026-07-13 00:25:00,1.140155,TRENDING_DOWN,72.1803,0.000341,100
2026-07-13 00:25:00,1.140155,TRENDING_DOWN,72.0045,0.000333,100
2026-07-13 00:25:00,1.140155,TRENDING_DOWN,71.8412,0.000325,100
2026-07-13 00:25:00,1.140155,TRENDING_DOWN,71.6896,0.000318,100
2026-07-13 00:25:00,1.140155,TRENDING_DOWN,71.5489,0.000311,100
2026-07-13 00:25:00,1.140155,TRENDING_DOWN,71.4182,0.000305,100
2026-07-13 00:30:00,1.139925,TRENDING_DOWN,72.1271,0.000309,100
2026-07-13 00:30:00,1.139925,TRENDING_DOWN,72.7854,0.000313,100
2026-07-13 00:30:00,1.139925,TRENDING_DOWN,73.3967,0.000317,100
2026-07-13 00:30:00,1.139925,TRENDING_DOWN,73.9644,0.00032,100
2026-07-13 00:30:00,1.139925,TRENDING_DOWN,74.4915,0.000323,100
2026-07-13 00:30:00,1.139925,TRENDING_DOWN,74.9809,0.000326,100
2026-07-13 00:30:00,1.139925,TRENDING_DOWN,75.4354,0.000329,100
2026-07-13 00:30:00,1.139925,TRENDING_DOWN,75.8574,0.000331,100
2026-07-13 00:30:00,1.139925,TRENDING_DOWN,76.2493,0.000334,100
2026-07-13 00:30:00,1.139925,TRENDING_DOWN,76.6131,0.000336,100
2026-07-13 00:30:00,1.139925,TRENDING_DOWN,76.951,0.000338,100
2026-07-13 00:30:00,1.139925,TRENDING_DOWN,77.2648,0.00034,100
2026-07-13 00:30:00,1.139925,TRENDING_DOWN,77.5561,0.000341,100
2026-07-13 00:30:00,1.139925,TRENDING_DOWN,77.8267,0.000343,100
2026-07-13 00:30:00,1.139925,TRENDING_DOWN,78.0779,0.000345,100
2026-07-13 00:30:00,1.139925,TRENDING_DOWN,78.3111,0.000346,100
2026-07-13 00:30:00,1.139925,TRENDING_DOWN,78.5277,0.000347,100
2026-07-13 00:30:00,1.139925,TRENDING_DOWN,78.7289,0.000348,100
2026-07-13 00:30:00,1.139925,TRENDING_DOWN,78.9156,0.00035,100
2026-07-13 00:35:00,1.139645,TRENDING_DOWN,80.1847,0.000354,100
2026-07-13 00:35:00,1.139645,TRENDING_DOWN,81.3631,0.000357,100
2026-07-13 00:35:00,1.139645,TRENDING_DOWN,82.4574,0.00036,100
2026-07-13 00:35:00,1.139645,TRENDING_DOWN,83.4735,0.000364,100
2026-07-13 00:35:00,1.139645,TRENDING_DOWN,84.417,0.000366,100
2026-07-13 00:35:00,1.139645,TRENDING_DOWN,85.2931,0.000369,100
2026-07-13 00:35:00,1.139645,TRENDING_DOWN,86.1067,0.000372,100
2026-07-13 00:35:00,1.139645,TRENDING_DOWN,86.8621,0.000374,100
2026-07-13 00:35:00,1.139645,TRENDING_DOWN,87.5636,0.000376,100
2026-07-13 00:35:00,1.139645,TRENDING_DOWN,88.215,0.000378,100
2026-07-13 00:35:00,1.139645,TRENDING_DOWN,88.8198,0.00038,100
2026-07-13 00:35:00,1.139645,TRENDING_DOWN,89.3814,0.000381,100
2026-07-13 00:35:00,1.139645,TRENDING_DOWN,89.903,0.000383,100
2026-07-13 00:35:00,1.139645,TRENDING_DOWN,90.3872,0.000385,100
2026-07-13 00:35:00,1.139645,TRENDING_DOWN,90.8369,0.000386,100
2026-07-13 00:35:00,1.139645,TRENDING_DOWN,91.2545,0.000387,100
2026-07-13 00:35:00,1.139645,TRENDING_DOWN,91.6422,0.000388,100
2026-07-13 00:35:00,1.139645,TRENDING_DOWN,92.0022,0.000389,100
2026-07-13 00:35:00,1.139645,TRENDING_DOWN,92.3366,0.00039,100
2026-07-13 00:40:00,1.1397,TRENDING_DOWN,92.7459,0.000379,100
2026-07-13 00:40:00,1.1397,TRENDING_DOWN,93.126,0.000369,100
2026-07-13 00:40:00,1.1397,TRENDING_DOWN,93.4789,0.000359,100
2026-07-13 00:40:00,1.1397,TRENDING_DOWN,93.8067,0.00035,100
2026-07-13 00:40:00,1.1397,TRENDING_DOWN,94.111,0.000342,100
2026-07-13 00:40:00,1.1397,TRENDING_DOWN,94.3936,0.000334,100
2026-07-13 00:40:00,1.1397,TRENDING_DOWN,94.656,0.000327,100
2026-07-13 00:40:00,1.1397,TRENDING_DOWN,94.8996,0.00032,100
2026-07-13 00:40:00,1.1397,TRENDING_DOWN,95.1259,0.000314,100
2026-07-13 00:40:00,1.1397,TRENDING_DOWN,95.336,0.000308,100
2026-07-13 00:40:00,1.1397,TRENDING_DOWN,95.5311,0.000302,100
2026-07-13 00:40:00,1.1397,TRENDING_DOWN,95.7122,0.000297,100
2026-07-13 00:40:00,1.1397,TRENDING_DOWN,95.8804,0.000293,100
2026-07-13 00:40:00,1.1397,TRENDING_DOWN,96.0366,0.000288,100
2026-07-13 00:40:00,1.1397,TRENDING_DOWN,96.1817,0.000284,100
2026-07-13 00:40:00,1.1397,TRENDING_DOWN,96.3164,0.000281,100
2026-07-13 00:40:00,1.1397,TRENDING_DOWN,96.4414,0.000277,100
2026-07-13 00:40:00,1.1397,TRENDING_DOWN,96.5576,0.000274,100
2026-07-13 00:40:00,1.1397,TRENDING_DOWN,96.6654,0.000271,100
2026-07-13 00:45:00,1.139655,TRENDING_DOWN,91.1601,0.000263,100
2026-07-13 00:45:00,1.139655,TRENDING_DOWN,86.048,0.000256,100
2026-07-13 00:45:00,1.139655,TRENDING_DOWN,81.3011,0.000249,100
2026-07-13 00:45:00,1.139655,TRENDING_DOWN,76.8932,0.000242,100
2026-07-13 00:45:00,1.139655,TRENDING_DOWN,72.8002,0.000236,100
2026-07-13 00:45:00,1.139655,TRENDING_DOWN,68.9996,0.000231,100
2026-07-13 00:45:00,1.139655,TRENDING_DOWN,65.4704,0.000225,100
2026-07-13 00:45:00,1.139655,TRENDING_DOWN,62.1933,0.000221,100
2026-07-13 00:45:00,1.139655,TRENDING_DOWN,59.1503,0.000216,100
2026-07-13 00:45:00,1.139655,TRENDING_DOWN,56.3247,0.000212,100
2026-07-13 00:45:00,1.139655,TRENDING_DOWN,53.7008,0.000208,100
2026-07-13 00:45:00,1.139655,TRENDING_DOWN,51.2644,0.000204,100
2026-07-13 00:45:00,1.139655,TRENDING_DOWN,49.0021,0.000201,100
2026-07-13 00:45:00,1.139655,TRENDING_DOWN,46.9013,0.000198,100
2026-07-13 00:45:00,1.139655,TRENDING_DOWN,44.9506,0.000195,100
2026-07-13 00:45:00,1.139655,TRENDING_DOWN,43.1392,0.000193,100
2026-07-13 00:45:00,1.139655,TRENDING_DOWN,41.4572,0.00019,99
2026-07-13 00:45:00,1.139655,TRENDING_DOWN,39.8953,0.000188,94
2026-07-13 00:45:00,1.139655,TRENDING_DOWN,38.445,0.000186,90
2026-07-13 00:50:00,1.13964,TRENDING_DOWN,42.2322,0.000189,100
2026-07-13 00:50:00,1.13964,TRENDING_DOWN,45.749,0.000192,100
2026-07-13 00:50:00,1.13964,TRENDING_DOWN,49.0145,0.000195,100
2026-07-13 00:50:00,1.13964,TRENDING_DOWN,52.0467,0.000198,100
2026-07-13 00:50:00,1.13964,TRENDING_DOWN,54.8624,0.0002,100
2026-07-13 00:50:00,1.13964,TRENDING_DOWN,57.477,0.000202,100
2026-07-13 00:50:00,1.13964,TRENDING_DOWN,59.9048,0.000205,100
2026-07-13 00:50:00,1.13964,TRENDING_DOWN,62.1592,0.000207,100
2026-07-13 00:50:00,1.13964,TRENDING_DOWN,64.2525,0.000208,100
2026-07-13 00:50:00,1.13964,TRENDING_DOWN,66.1964,0.00021,100
2026-07-13 00:50:00,1.13964,TRENDING_DOWN,68.0014,0.000212,100
2026-07-13 00:50:00,1.13964,TRENDING_DOWN,69.6774,0.000213,100
2026-07-13 00:50:00,1.13964,TRENDING_DOWN,71.2338,0.000215,100
2026-07-13 00:50:00,1.13964,TRENDING_DOWN,72.6789,0.000216,100
2026-07-13 00:50:00,1.13964,TRENDING_DOWN,74.0209,0.000217,100
2026-07-13 00:50:00,1.13964,TRENDING_DOWN,75.267,0.000218,100
2026-07-13 00:50:00,1.13964,TRENDING_DOWN,76.4241,0.000219,100
2026-07-13 00:50:00,1.13964,TRENDING_DOWN,77.4985,0.00022,100
2026-07-13 00:50:00,1.13964,TRENDING_DOWN,78.4962,0.000221,100
2026-07-13 00:55:00,1.13955,TRENDING_DOWN,79.7788,0.000222,100
2026-07-13 00:55:00,1.13955,TRENDING_DOWN,80.9697,0.000223,100
2026-07-13 00:55:00,1.13955,TRENDING_DOWN,82.0756,0.000223,100
2026-07-13 00:55:00,1.13955,TRENDING_DOWN,83.1025,0.000224,100
2026-07-13 00:55:00,1.13955,TRENDING_DOWN,84.0561,0.000225,100
2026-07-13 00:55:00,1.13955,TRENDING_DOWN,84.9415,0.000225,100
2026-07-13 00:55:00,1.13955,TRENDING_DOWN,85.7637,0.000226,100
2026-07-13 00:55:00,1.13955,TRENDING_DOWN,86.5272,0.000226,100
2026-07-13 00:55:00,1.13955,TRENDING_DOWN,87.2361,0.000227,100
2026-07-13 00:55:00,1.13955,TRENDING_DOWN,87.8944,0.000227,100
2026-07-13 00:55:00,1.13955,TRENDING_DOWN,88.5057,0.000227,100
2026-07-13 00:55:00,1.13955,TRENDING_DOWN,89.0733,0.000228,100
2026-07-13 00:55:00,1.13955,TRENDING_DOWN,89.6004,0.000228,100
2026-07-13 00:55:00,1.13955,TRENDING_DOWN,90.0898,0.000228,100
2026-07-13 00:55:00,1.13955,TRENDING_DOWN,90.5443,0.000229,100
2026-07-13 00:55:00,1.13955,TRENDING_DOWN,90.9663,0.000229,100
2026-07-13 00:55:00,1.13955,TRENDING_DOWN,91.3581,0.000229,100
2026-07-13 00:55:00,1.13955,TRENDING_DOWN,91.722,0.00023,100
2026-07-13 00:55:00,1.13955,TRENDING_DOWN,92.0599,0.00023,100
2026-07-13 01:00:00,1.139245,TRENDING_DOWN,92.6094,0.000236,100
2026-07-13 01:00:00,1.139245,TRENDING_DOWN,93.1197,0.000242,100
2026-07-13 01:00:00,1.139245,TRENDING_DOWN,93.5935,0.000247,100
2026-07-13 01:00:00,1.139245,TRENDING_DOWN,94.0335,0.000252,100
2026-07-13 01:00:00,1.139245,TRENDING_DOWN,94.442,0.000256,100
2026-07-13 01:00:00,1.139245,TRENDING_DOWN,94.8214,0.000261,100
2026-07-13 01:00:00,1.139245,TRENDING_DOWN,95.1737,0.000265,100
2026-07-13 01:00:00,1.139245,TRENDING_DOWN,95.5008,0.000268,100
2026-07-13 01:00:00,1.139245,TRENDING_DOWN,95.8045,0.000272,100
2026-07-13 01:00:00,1.139245,TRENDING_DOWN,96.0866,0.000275,100
2026-07-13 01:00:00,1.139245,TRENDING_DOWN,96.3485,0.000278,100
2026-07-13 01:00:00,1.139245,TRENDING_DOWN,96.5917,0.000281,100
2026-07-13 01:00:00,1.139245,TRENDING_DOWN,96.8175,0.000283,100
2026-07-13 01:00:00,1.139245,TRENDING_DOWN,97.0272,0.000285,100
2026-07-13 01:00:00,1.139245,TRENDING_DOWN,97.2219,0.000288,100
2026-07-13 01:00:00,1.139245,TRENDING_DOWN,97.4027,0.00029,100
2026-07-13 01:00:00,1.139245,TRENDING_DOWN,97.5706,0.000292,100
2026-07-13 01:00:00,1.139245,TRENDING_DOWN,97.7265,0.000293,100
2026-07-13 01:00:00,1.139245,TRENDING_DOWN,97.8713,0.000295,100
2026-07-13 01:05:00,1.13909,TRENDING_DOWN,98.0174,0.00029,100
2026-07-13 01:05:00,1.13909,TRENDING_DOWN,98.1531,0.000285,100
2026-07-13 01:05:00,1.13909,TRENDING_DOWN,98.2791,0.000281,100
2026-07-13 01:05:00,1.13909,TRENDING_DOWN,98.396,0.000277,100
2026-07-13 01:05:00,1.13909,TRENDING_DOWN,98.5047,0.000273,100
2026-07-13 01:05:00,1.13909,TRENDING_DOWN,98.6056,0.000269,100
2026-07-13 01:05:00,1.13909,TRENDING_DOWN,98.6992,0.000266,100
2026-07-13 01:05:00,1.13909,TRENDING_DOWN,98.7862,0.000263,100
2026-07-13 01:05:00,1.13909,TRENDING_DOWN,98.867,0.00026,100
2026-07-13 01:05:00,1.13909,TRENDING_DOWN,98.942,0.000258,100
2026-07-13 01:05:00,1.13909,TRENDING_DOWN,99.0116,0.000255,100
2026-07-13 01:05:00,1.13909,TRENDING_DOWN,99.0763,0.000253,100
2026-07-13 01:05:00,1.13909,TRENDING_DOWN,99.1363,0.000251,100
2026-07-13 01:05:00,1.13909,TRENDING_DOWN,99.1921,0.000249,100
2026-07-13 01:05:00,1.13909,TRENDING_DOWN,99.2438,0.000247,100
2026-07-13 01:05:00,1.13909,TRENDING_DOWN,99.2919,0.000246,100
2026-07-13 01:05:00,1.13909,TRENDING_DOWN,99.3366,0.000244,100
2026-07-13 01:05:00,1.13909,TRENDING_DOWN,99.378,0.000243,100
2026-07-13 01:05:00,1.13909,TRENDING_DOWN,99.4165,0.000241,100
2026-07-13 01:10:00,1.139055,TRENDING_DOWN,99.4532,0.000234,100
2026-07-13 01:10:00,1.139055,TRENDING_DOWN,99.4872,0.000227,100
2026-07-13 01:10:00,1.139055,TRENDING_DOWN,99.5189,0.000221,100
2026-07-13 01:10:00,1.139055,TRENDING_DOWN,99.5482,0.000215,100
2026-07-13 01:10:00,1.139055,TRENDING_DOWN,99.5755,0.00021,100
2026-07-13 01:10:00,1.139055,TRENDING_DOWN,99.6008,0.000205,100
2026-07-13 01:10:00,1.139055,TRENDING_DOWN,99.6243,0.0002,100
2026-07-13 01:10:00,1.139055,TRENDING_DOWN,99.6462,0.000196,100
2026-07-13 01:10:00,1.139055,TRENDING_DOWN,99.6664,0.000192,100
2026-07-13 01:10:00,1.139055,TRENDING_DOWN,99.6853,0.000189,100
2026-07-13 01:10:00,1.139055,TRENDING_DOWN,99.7027,0.000185,100
2026-07-13 01:10:00,1.139055,TRENDING_DOWN,99.719,0.000182,100
2026-07-13 01:10:00,1.139055,TRENDING_DOWN,99.734,0.000179,100
2026-07-13 01:10:00,1.139055,TRENDING_DOWN,99.748,0.000176,100
2026-07-13 01:10:00,1.139055,TRENDING_DOWN,99.761,0.000174,100
2026-07-13 01:10:00,1.139055,TRENDING_DOWN,99.7731,0.000171,100
2026-07-13 01:10:00,1.139055,TRENDING_DOWN,99.7843,0.000169,100
2026-07-13 01:10:00,1.139055,TRENDING_DOWN,99.7947,0.000167,100
2026-07-13 01:10:00,1.139055,TRENDING_DOWN,99.8044,0.000165,100
2026-07-13 01:15:00,1.139135,TRENDING_DOWN,96.1548,0.000166,100
2026-07-13 01:15:00,1.139135,TRENDING_UP,92.7659,0.000167,100
2026-07-13 01:15:00,1.139135,TRENDING_UP,89.619,0.000167,100
2026-07-13 01:15:00,1.139135,TRENDING_UP,86.697,0.000168,100
2026-07-13 01:15:00,1.139135,TRENDING_UP,83.9836,0.000168,100
2026-07-13 01:15:00,1.139135,TRENDING_UP,81.4641,0.000169,100
2026-07-13 01:15:00,1.139135,TRENDING_UP,79.1245,0.000169,100
2026-07-13 01:15:00,1.139135,TRENDING_UP,76.952,0.00017,100
2026-07-13 01:15:00,1.139135,TRENDING_UP,74.9347,0.00017,100
2026-07-13 01:15:00,1.139135,TRENDING_UP,73.0615,0.000171,100
2026-07-13 01:15:00,1.139135,TRENDING_UP,71.3221,0.000171,100
2026-07-13 01:15:00,1.139135,TRENDING_UP,69.707,0.000171,100
2026-07-13 01:15:00,1.139135,TRENDING_UP,68.2072,0.000172,100
2026-07-13 01:15:00,1.139135,TRENDING_UP,66.8146,0.000172,100
2026-07-13 01:15:00,1.139135,TRENDING_UP,65.5214,0.000172,100
2026-07-13 01:15:00,1.139135,TRENDING_UP,64.3206,0.000172,100
2026-07-13 01:15:00,1.139135,TRENDING_UP,63.2055,0.000173,100
2026-07-13 01:15:00,1.139135,TRENDING_UP,62.1701,0.000173,100
2026-07-13 01:15:00,1.139135,TRENDING_UP,61.2087,0.000173,100
2026-07-13 01:20:00,1.13864,TRENDING_DOWN,63.7317,0.000208,100
2026-07-13 01:20:00,1.13864,TRENDING_DOWN,66.0746,0.000241,100
2026-07-13 01:20:00,1.13864,TRENDING_DOWN,68.2501,0.000272,100
2026-07-13 01:20:00,1.13864,TRENDING_DOWN,70.2702,0.0003,100
2026-07-13 01:20:00,1.13864,TRENDING_DOWN,72.146,0.000326,100
2026-07-13 01:20:00,1.13864,TRENDING_DOWN,73.8878,0.000351,100
2026-07-13 01:20:00,1.13864,TRENDING_DOWN,75.5052,0.000373,100
2026-07-13 01:20:00,1.13864,TRENDING_DOWN,77.0071,0.000394,100
2026-07-13 01:20:00,1.13864,TRENDING_DOWN,78.4017,0.000414,100
2026-07-13 01:20:00,1.13864,TRENDING_DOWN,79.6967,0.000432,100
2026-07-13 01:20:00,1.13864,TRENDING_DOWN,80.8992,0.000449,100
2026-07-13 01:20:00,1.13864,TRENDING_DOWN,82.0157,0.000464,100
2026-07-13 01:20:00,1.13864,TRENDING_DOWN,83.0526,0.000479,100
2026-07-13 01:20:00,1.13864,TRENDING_DOWN,84.0154,0.000492,100
2026-07-13 01:20:00,1.13864,TRENDING_DOWN,84.9094,0.000505,100
2026-07-13 01:20:00,1.13864,TRENDING_DOWN,85.7395,0.000516,100
2026-07-13 01:20:00,1.13864,TRENDING_DOWN,86.5104,0.000527,100
2026-07-13 01:20:00,1.13864,TRENDING_DOWN,87.2262,0.000537,100
2026-07-13 01:20:00,1.13864,TRENDING_DOWN,87.8908,0.000547,100
2026-07-13 01:25:00,1.13897,TRENDING_DOWN,88.508,0.000529,100
2026-07-13 01:25:00,1.13897,TRENDING_UP,89.0811,0.000513,100
2026-07-13 01:25:00,1.13897,TRENDING_UP,89.6133,0.000498,100
2026-07-13 01:25:00,1.13897,TRENDING_UP,90.1075,0.000484,100
2026-07-13 01:25:00,1.13897,TRENDING_UP,90.5663,0.000471,100
2026-07-13 01:25:00,1.13897,TRENDING_UP,90.9924,0.000459,100
2026-07-13 01:25:00,1.13897,TRENDING_UP,91.388,0.000448,100
2026-07-13 01:25:00,1.13897,TRENDING_UP,91.7554,0.000437,100
2026-07-13 01:25:00,1.13897,TRENDING_UP,92.0966,0.000428,100
2026-07-13 01:25:00,1.13897,TRENDING_UP,92.4134,0.000419,100
2026-07-13 01:25:00,1.13897,TRENDING_UP,92.7075,0.000411,100
2026-07-13 01:25:00,1.13897,TRENDING_UP,92.9806,0.000403,100
2026-07-13 01:25:00,1.13897,TRENDING_UP,93.2343,0.000396,100
2026-07-13 01:25:00,1.13897,TRENDING_UP,93.4698,0.000389,100
2026-07-13 01:25:00,1.13897,TRENDING_UP,93.6885,0.000383,100
2026-07-13 01:25:00,1.13897,TRENDING_UP,93.8916,0.000377,100
2026-07-13 01:25:00,1.13897,TRENDING_UP,94.0801,0.000372,100
2026-07-13 01:25:00,1.13897,TRENDING_UP,94.2552,0.000367,100
2026-07-13 01:25:00,1.13897,TRENDING_UP,94.4178,0.000362,100
2026-07-13 01:30:00,1.139025,TRENDING_UP,92.9322,0.000356,100
2026-07-13 01:30:00,1.139025,TRENDING_UP,91.5527,0.00035,100
2026-07-13 01:30:00,1.139025,TRENDING_UP,90.2717,0.000344,100
2026-07-13 01:30:00,1.139025,TRENDING_UP,89.0822,0.000339,100
2026-07-13 01:30:00,1.139025,TRENDING_UP,87.9777,0.000334,100
2026-07-13 01:30:00,1.139025,TRENDING_UP,86.9521,0.00033,100
2026-07-13 01:30:00,1.139025,TRENDING_UP,85.9997,0.000326,100
2026-07-13 01:30:00,1.139025,TRENDING_UP,85.1154,0.000322,100
2026-07-13 01:30:00,1.139025,TRENDING_UP,84.2942,0.000319,100
2026-07-13 01:30:00,1.139025,TRENDING_UP,83.5317,0.000315,100
2026-07-13 01:30:00,1.139025,TRENDING_UP,82.8237,0.000312,100
2026-07-13 01:30:00,1.139025,TRENDING_UP,82.1662,0.000309,100
2026-07-13 01:30:00,1.139025,TRENDING_UP,81.5557,0.000307,100
2026-07-13 01:30:00,1.139025,TRENDING_UP,80.9888,0.000304,100
2026-07-13 01:30:00,1.139025,TRENDING_UP,80.4624,0.000302,100
2026-07-13 01:30:00,1.139025,TRENDING_UP,79.9736,0.0003,100
2026-07-13 01:30:00,1.139025,TRENDING_UP,79.5197,0.000298,100
2026-07-13 01:30:00,1.139025,TRENDING_UP,79.0982,0.000296,100
2026-07-13 01:30:00,1.139025,TRENDING_UP,78.7068,0.000294,100
2026-07-13 01:35:00,1.13936,TRENDING_UP,79.8646,0.000305,100
2026-07-13 01:35:00,1.13936,TRENDING_UP,80.9398,0.000315,100
2026-07-13 01:35:00,1.13936,TRENDING_UP,81.9381,0.000324,100
2026-07-13 01:35:00,1.13936,TRENDING_UP,82.8651,0.000332,100
2026-07-13 01:35:00,1.13936,TRENDING_UP,83.7259,0.00034,100
2026-07-13 01:35:00,1.13936,TRENDING_UP,84.5252,0.000348,100
2026-07-13 01:35:00,1.13936,TRENDING_UP,85.2674,0.000354,100
2026-07-13 01:35:00,1.13936,TRENDING_UP,85.9566,0.000361,100
2026-07-13 01:35:00,1.13936,TRENDING_UP,86.5966,0.000367,100
2026-07-13 01:35:00,1.13936,TRENDING_UP,87.1909,0.000372,100
2026-07-13 01:35:00,1.13936,TRENDING_UP,87.7427,0.000377,100
2026-07-13 01:35:00,1.13936,TRENDING_UP,88.2551,0.000382,100
2026-07-13 01:35:00,1.13936,TRENDING_UP,88.7309,0.000386,100
2026-07-13 01:35:00,1.13936,TRENDING_UP,89.1727,0.00039,100
2026-07-13 01:35:00,1.13936,TRENDING_UP,89.583,0.000394,100
2026-07-13 01:35:00,1.13936,TRENDING_UP,89.9639,0.000398,100
2026-07-13 01:35:00,1.13936,TRENDING_UP,90.3177,0.000401,100
2026-07-13 01:35:00,1.13936,TRENDING_UP,90.6461,0.000404,100
2026-07-13 01:35:00,1.13936,TRENDING_UP,90.9511,0.000407,100
2026-07-13 01:40:00,1.139515,TRENDING_UP,91.2715,0.000392,100
2026-07-13 01:40:00,1.139515,TRENDING_UP,91.5689,0.000379,100
2026-07-13 01:40:00,1.139515,TRENDING_UP,91.8451,0.000367,100
2026-07-13 01:40:00,1.139515,TRENDING_UP,92.1016,0.000355,100
2026-07-13 01:40:00,1.139515,TRENDING_UP,92.3397,0.000345,100
2026-07-13 01:40:00,1.139515,TRENDING_UP,92.5609,0.000335,100
2026-07-13 01:40:00,1.139515,TRENDING_UP,92.7662,0.000326,100
2026-07-13 01:40:00,1.139515,TRENDING_UP,92.9569,0.000317,100
2026-07-13 01:40:00,1.139515,TRENDING_UP,93.134,0.000309,100
2026-07-13 01:40:00,1.139515,TRENDING_UP,93.2984,0.000302,100
2026-07-13 01:40:00,1.139515,TRENDING_UP,93.451,0.000295,100
2026-07-13 01:40:00,1.139515,TRENDING_UP,93.5928,0.000289,100
2026-07-13 01:40:00,1.139515,TRENDING_UP,93.7244,0.000283,100
2026-07-13 01:40:00,1.139515,TRENDING_UP,93.8467,0.000277,100
2026-07-13 01:40:00,1.139515,TRENDING_UP,93.9602,0.000272,100
2026-07-13 01:40:00,1.139515,TRENDING_UP,94.0656,0.000267,100
2026-07-13 01:40:00,1.139515,TRENDING_UP,94.1634,0.000263,100
2026-07-13 01:40:00,1.139515,TRENDING_UP,94.2543,0.000259,100
2026-07-13 01:40:00,1.139515,TRENDING_UP,94.3387,0.000255,100
2026-07-13 01:45:00,1.13971,TRENDING_UP,94.709,0.000253,100
2026-07-13 01:45:00,1.13971,TRENDING_UP,95.0528,0.00025,100
2026-07-13 01:45:00,1.13971,TRENDING_UP,95.3721,0.000248,100
2026-07-13 01:45:00,1.13971,TRENDING_UP,95.6686,0.000246,100
2026-07-13 01:45:00,1.13971,TRENDING_UP,95.9439,0.000244,100
2026-07-13 01:45:00,1.13971,TRENDING_UP,96.1995,0.000242,100
2026-07-13 01:45:00,1.13971,TRENDING_UP,96.4369,0.000241,100
2026-07-13 01:45:00,1.13971,TRENDING_UP,96.6573,0.000239,100
2026-07-13 01:45:00,1.13971,TRENDING_UP,96.8619,0.000238,100
2026-07-13 01:45:00,1.13971,TRENDING_UP,97.052,0.000236,100
2026-07-13 01:45:00,1.13971,TRENDING_UP,97.2285,0.000235,100
2026-07-13 01:45:00,1.13971,TRENDING_UP,97.3923,0.000234,100
2026-07-13 01:45:00,1.13971,TRENDING_UP,97.5445,0.000233,100
2026-07-13 01:45:00,1.13971,TRENDING_UP,97.6858,0.000232,100
2026-07-13 01:45:00,1.13971,TRENDING_UP,97.817,0.000231,100
2026-07-13 01:45:00,1.13971,TRENDING_UP,97.9389,0.00023,100
2026-07-13 01:45:00,1.13971,TRENDING_UP,98.052,0.00023,100
2026-07-13 01:45:00,1.13971,TRENDING_UP,98.157,0.000229,100
2026-07-13 01:45:00,1.13971,TRENDING_UP,98.2546,0.000228,100
2026-07-13 01:50:00,1.139475,TRENDING_UP,98.3452,0.000231,100
2026-07-13 01:50:00,1.139475,TRENDING_DOWN,98.4293,0.000234,100
2026-07-13 01:50:00,1.139475,TRENDING_DOWN,98.5074,0.000237,100
2026-07-13 01:50:00,1.139475,TRENDING_DOWN,98.5799,0.000239,100
2026-07-13 01:50:00,1.139475,TRENDING_DOWN,98.6472,0.000242,100
2026-07-13 01:50:00,1.139475,TRENDING_DOWN,98.7098,0.000244,100
2026-07-13 01:50:00,1.139475,TRENDING_DOWN,98.7678,0.000246,100
2026-07-13 01:50:00,1.139475,TRENDING_DOWN,98.8218,0.000248,100
2026-07-13 01:50:00,1.139475,TRENDING_DOWN,98.8718,0.00025,100
2026-07-13 01:50:00,1.139475,TRENDING_DOWN,98.9183,0.000251,100
2026-07-13 01:50:00,1.139475,TRENDING_DOWN,98.9615,0.000253,100
2026-07-13 01:50:00,1.139475,TRENDING_DOWN,99.0016,0.000254,100
2026-07-13 01:50:00,1.139475,TRENDING_DOWN,99.0388,0.000255,100
2026-07-13 01:50:00,1.139475,TRENDING_DOWN,99.0734,0.000257,100
2026-07-13 01:50:00,1.139475,TRENDING_DOWN,99.1054,0.000258,100
2026-07-13 01:50:00,1.139475,TRENDING_DOWN,99.1353,0.000259,100
2026-07-13 01:50:00,1.139475,TRENDING_DOWN,99.1629,0.00026,100
2026-07-13 01:50:00,1.139475,TRENDING_DOWN,99.1886,0.00026,100
2026-07-13 01:50:00,1.139475,TRENDING_DOWN,99.2125,0.000261,100
2026-07-13 01:55:00,1.139745,TRENDING_UP,97.2906,0.000267,100
2026-07-13 01:55:00,1.139745,TRENDING_UP,95.506,0.000273,100
2026-07-13 01:55:00,1.139745,TRENDING_UP,93.8489,0.000278,100
2026-07-13 01:55:00,1.139745,TRENDING_UP,92.3101,0.000283,100
2026-07-13 01:55:00,1.139745,TRENDING_UP,90.8812,0.000288,100
2026-07-13 01:55:00,1.139745,TRENDING_UP,89.5544,0.000292,100
2026-07-13 01:55:00,1.139745,TRENDING_UP,88.3224,0.000296,100
2026-07-13 01:55:00,1.139745,TRENDING_UP,87.1784,0.000299,100
2026-07-13 01:55:00,1.139745,TRENDING_UP,86.1161,0.000303,100
2026-07-13 01:55:00,1.139745,TRENDING_UP,85.1297,0.000306,100
2026-07-13 01:55:00,1.139745,TRENDING_UP,84.2137,0.000309,100
2026-07-13 01:55:00,1.139745,TRENDING_UP,83.3632,0.000312,100
2026-07-13 01:55:00,1.139745,TRENDING_UP,82.5734,0.000314,100
2026-07-13 01:55:00,1.139745,TRENDING_UP,81.84,0.000316,100
2026-07-13 01:55:00,1.139745,TRENDING_UP,81.159,0.000318,100
2026-07-13 01:55:00,1.139745,TRENDING_UP,80.5266,0.000321,100
2026-07-13 01:55:00,1.139745,TRENDING_UP,79.9395,0.000322,100
2026-07-13 01:55:00,1.139745,TRENDING_UP,79.3942,0.000324,100
2026-07-13 01:55:00,1.139745,TRENDING_UP,78.8879,0.000326,100
2026-07-13 02:00:00,1.13943,TRENDING_DOWN,77.3988,0.000333,100
2026-07-13 02:00:00,1.13943,TRENDING_DOWN,76.0159,0.00034,100
2026-07-13 02:00:00,1.13943,TRENDING_DOWN,74.7319,0.000347,100
2026-07-13 02:00:00,1.13943,TRENDING_DOWN,73.5396,0.000353,100
2026-07-13 02:00:00,1.13943,TRENDING_DOWN,72.4324,0.000358,100
2026-07-13 02:00:00,1.13943,TRENDING_DOWN,71.4044,0.000363,100
2026-07-13 02:00:00,1.13943,TRENDING_DOWN,70.4497,0.000368,100
2026-07-13 02:00:00,1.13943,TRENDING_DOWN,69.5633,0.000372,100
2026-07-13 02:00:00,1.13943,TRENDING_DOWN,68.7402,0.000377,100
2026-07-13 02:00:00,1.13943,TRENDING_DOWN,67.9758,0.00038,100
2026-07-13 02:00:00,1.13943,TRENDING_DOWN,67.2661,0.000384,100
2026-07-13 02:00:00,1.13943,TRENDING_DOWN,66.607,0.000387,100
2026-07-13 02:00:00,1.13943,TRENDING_DOWN,65.9951,0.00039,100
2026-07-13 02:00:00,1.13943,TRENDING_DOWN,65.4268,0.000393,100
2026-07-13 02:00:00,1.13943,TRENDING_DOWN,64.8991,0.000396,100
2026-07-13 02:00:00,1.13943,TRENDING_DOWN,64.4092,0.000398,100
2026-07-13 02:00:00,1.13943,TRENDING_DOWN,63.9542,0.0004,100
2026-07-13 02:00:00,1.13943,TRENDING_DOWN,63.5317,0.000403,100
2026-07-13 02:00:00,1.13943,TRENDING_DOWN,63.1394,0.000405,100
2026-07-13 02:05:00,1.139525,TRENDING_DOWN,62.7751,0.000386,100
2026-07-13 02:05:00,1.139525,TRENDING_DOWN,62.4368,0.000369,100
2026-07-13 02:05:00,1.139525,TRENDING_DOWN,62.1227,0.000353,100
2026-07-13 02:05:00,1.139525,TRENDING_DOWN,61.8311,0.000338,100
2026-07-13 02:05:00,1.139525,TRENDING_UP,61.5603,0.000324,100
2026-07-13 02:05:00,1.139525,TRENDING_UP,61.3088,0.000311,100
2026-07-13 02:05:00,1.139525,TRENDING_UP,61.0752,0.000299,100
2026-07-13 02:05:00,1.139525,TRENDING_UP,60.8584,0.000288,100
2026-07-13 02:05:00,1.139525,TRENDING_UP,60.657,0.000278,100
2026-07-13 02:05:00,1.139525,TRENDING_UP,60.4701,0.000269,100
2026-07-13 02:05:00,1.139525,TRENDING_UP,60.2965,0.00026,100
2026-07-13 02:05:00,1.139525,TRENDING_UP,60.1352,0.000252,100
2026-07-13 02:05:00,1.139525,TRENDING_UP,59.9855,0.000244,100
2026-07-13 02:05:00,1.139525,TRENDING_UP,59.8465,0.000237,100
2026-07-13 02:05:00,1.139525,TRENDING_UP,59.7175,0.00023,100
2026-07-13 02:05:00,1.139525,TRENDING_UP,59.5976,0.000224,100
2026-07-13 02:05:00,1.139525,TRENDING_UP,59.4863,0.000218,100
2026-07-13 02:05:00,1.139525,TRENDING_UP,59.383,0.000213,100
2026-07-13 02:05:00,1.139525,TRENDING_UP,59.287,0.000208,100
2026-07-13 02:10:00,1.1395,TRENDING_UP,61.079,0.000199,100
2026-07-13 02:10:00,1.1395,TRENDING_UP,62.7431,0.000191,100
2026-07-13 02:10:00,1.1395,TRENDING_DOWN,64.2883,0.000183,100
2026-07-13 02:10:00,1.1395,TRENDING_DOWN,65.7231,0.000175,100
2026-07-13 02:10:00,1.1395,TRENDING_DOWN,67.0554,0.000168,100
2026-07-13 02:10:00,1.1395,TRENDING_DOWN,68.2926,0.000162,100
2026-07-13 02:10:00,1.1395,TRENDING_DOWN,69.4414,0.000156,100
2026-07-13 02:10:00,1.1395,TRENDING_DOWN,70.5081,0.00015,100
2026-07-13 02:10:00,1.1395,TRENDING_DOWN,71.4986,0.000145,100
2026-07-13 02:10:00,1.1395,TRENDING_DOWN,72.4184,0.000141,100
2026-07-13 02:10:00,1.1395,TRENDING_DOWN,73.2725,0.000136,100
2026-07-13 02:10:00,1.1395,TRENDING_DOWN,74.0656,0.000132,100
2026-07-13 02:10:00,1.1395,TRENDING_DOWN,74.802,0.000128,100
2026-07-13 02:10:00,1.1395,TRENDING_DOWN,75.4859,0.000125,100
2026-07-13 02:10:00,1.1395,TRENDING_DOWN,76.1209,0.000122,100
2026-07-13 02:10:00,1.1395,TRENDING_DOWN,76.7105,0.000119,100
2026-07-13 02:10:00,1.1395,TRENDING_DOWN,77.258,0.000116,100
2026-07-13 02:10:00,1.1395,TRENDING_DOWN,77.7664,0.000113,100
2026-07-13 02:10:00,1.1395,TRENDING_DOWN,78.2385,0.000111,100
2026-07-13 02:15:00,1.13951,TRENDING_DOWN,78.9896,0.000114,100
2026-07-13 02:15:00,1.13951,TRENDING_DOWN,79.6871,0.000117,100
2026-07-13 02:15:00,1.13951,TRENDING_UP,80.3347,0.000119,100
2026-07-13 02:15:00,1.13951,TRENDING_UP,80.9361,0.000122,100
2026-07-13 02:15:00,1.13951,TRENDING_UP,81.4945,0.000124,100
2026-07-13 02:15:00,1.13951,TRENDING_UP,82.013,0.000126,100
2026-07-13 02:15:00,1.13951,TRENDING_UP,82.4945,0.000128,100
2026-07-13 02:15:00,1.13951,TRENDING_UP,82.9416,0.00013,100
2026-07-13 02:15:00,1.13951,TRENDING_UP,83.3568,0.000132,100
2026-07-13 02:15:00,1.13951,TRENDING_UP,83.7423,0.000133,100
2026-07-13 02:15:00,1.13951,TRENDING_UP,84.1003,0.000135,100
2026-07-13 02:15:00,1.13951,TRENDING_UP,84.4327,0.000136,100
2026-07-13 02:15:00,1.13951,TRENDING_UP,84.7414,0.000137,100
2026-07-13 02:15:00,1.13951,TRENDING_UP,85.028,0.000138,100
2026-07-13 02:15:00,1.13951,TRENDING_UP,85.2941,0.000139,100
2026-07-13 02:15:00,1.13951,TRENDING_UP,85.5412,0.00014,100
2026-07-13 02:15:00,1.13951,TRENDING_UP,85.7707,0.000141,100
2026-07-13 02:15:00,1.13951,TRENDING_UP,85.9838,0.000142,100
2026-07-13 02:15:00,1.13951,TRENDING_UP,86.1817,0.000143,100
2026-07-13 02:20:00,1.139515,TRENDING_UP,80.2887,0.000143,100
2026-07-13 02:20:00,1.139515,TRENDING_UP,74.8167,0.000143,100
2026-07-13 02:20:00,1.139515,TRENDING_UP,69.7355,0.000143,100
2026-07-13 02:20:00,1.139515,TRENDING_UP,65.0173,0.000144,100
2026-07-13 02:20:00,1.139515,TRENDING_UP,60.636,0.000144,100
2026-07-13 02:20:00,1.139515,TRENDING_UP,56.5678,0.000144,100
2026-07-13 02:20:00,1.139515,TRENDING_UP,52.7901,0.000144,100
2026-07-13 02:20:00,1.139515,TRENDING_UP,49.2822,0.000144,100
2026-07-13 02:20:00,1.139515,TRENDING_UP,46.0249,0.000144,100
2026-07-13 02:20:00,1.139515,TRENDING_UP,43.0003,0.000144,100
2026-07-13 02:20:00,1.139515,TRENDING_UP,40.1917,0.000144,95
2026-07-13 02:20:00,1.139515,TRENDING_UP,37.5838,0.000144,87
2026-07-13 02:20:00,1.139515,TRENDING_UP,35.1621,0.000144,80
2026-07-13 02:20:00,1.139515,TRENDING_UP,32.9134,0.000144,73
2026-07-13 02:20:00,1.139515,TRENDING_UP,30.8253,0.000144,67
2026-07-13 02:20:00,1.139515,TRENDING_UP,28.8864,0.000144,61
2026-07-13 02:20:00,1.139515,TRENDING_UP,27.0859,0.000144,56
2026-07-13 02:20:00,1.139515,TRENDING_UP,25.4141,0.000144,51
2026-07-13 02:20:00,1.139515,TRANSITIONING,23.8617,0.000144,30
2026-07-13 02:25:00,1.139545,TRENDING_UP,27.8201,0.000143,58
2026-07-13 02:25:00,1.139545,TRENDING_UP,31.4958,0.000143,69
2026-07-13 02:25:00,1.139545,TRENDING_UP,34.9089,0.000142,79
2026-07-13 02:25:00,1.139545,TRENDING_UP,38.0783,0.000141,89
2026-07-13 02:25:00,1.139545,TRENDING_UP,41.0213,0.00014,98
2026-07-13 02:25:00,1.139545,TRENDING_UP,43.754,0.00014,100
2026-07-13 02:25:00,1.139545,TRENDING_UP,46.2916,0.000139,100
2026-07-13 02:25:00,1.139545,TRENDING_UP,48.6479,0.000139,100
2026-07-13 02:25:00,1.139545,TRENDING_UP,50.8359,0.000138,100
2026-07-13 02:25:00,1.139545,TRENDING_UP,52.8676,0.000138,100
2026-07-13 02:25:00,1.139545,TRENDING_UP,54.7542,0.000137,100
2026-07-13 02:25:00,1.139545,TRENDING_UP,56.506,0.000137,100
2026-07-13 02:25:00,1.139545,TRENDING_UP,58.1327,0.000136,100
2026-07-13 02:25:00,1.139545,TRENDING_UP,59.6432,0.000136,100
2026-07-13 02:25:00,1.139545,TRENDING_UP,61.0458,0.000136,100
2026-07-13 02:25:00,1.139545,TRENDING_UP,62.3483,0.000136,100
2026-07-13 02:25:00,1.139545,TRENDING_UP,63.5577,0.000135,100
2026-07-13 02:25:00,1.139545,TRENDING_UP,64.6807,0.000135,100
2026-07-13 02:25:00,1.139545,TRENDING_UP,65.7235,0.000135,100
2026-07-13 02:30:00,1.139525,TRENDING_UP,62.0456,0.000135,100
2026-07-13 02:30:00,1.139525,TRENDING_UP,58.6305,0.000136,100
2026-07-13 02:30:00,1.139525,TRENDING_DOWN,55.4593,0.000136,100
2026-07-13 02:30:00,1.139525,TRENDING_DOWN,52.5147,0.000136,100
2026-07-13 02:30:00,1.139525,TRENDING_DOWN,49.7803,0.000137,100
2026-07-13 02:30:00,1.139525,TRENDING_DOWN,47.2413,0.000137,100
2026-07-13 02:30:00,1.139525,TRENDING_DOWN,44.8837,0.000137,100
2026-07-13 02:30:00,1.139525,TRENDING_DOWN,42.6944,0.000137,100
2026-07-13 02:30:00,1.139525,TRENDING_DOWN,40.6615,0.000138,96
2026-07-13 02:30:00,1.139525,TRENDING_DOWN,38.7738,0.000138,91
2026-07-13 02:30:00,1.139525,TRENDING_DOWN,37.021,0.000138,86
2026-07-13 02:30:00,1.139525,TRENDING_DOWN,35.3933,0.000138,81
2026-07-13 02:30:00,1.139525,TRENDING_DOWN,33.882,0.000138,76
2026-07-13 02:30:00,1.139525,TRENDING_DOWN,32.4785,0.000138,72
2026-07-13 02:30:00,1.139525,TRENDING_DOWN,31.1754,0.000139,68
2026-07-13 02:30:00,1.139525,TRENDING_DOWN,29.9653,0.000139,64
2026-07-13 02:30:00,1.139525,TRENDING_DOWN,28.8416,0.000139,61
2026-07-13 02:30:00,1.139525,TRENDING_DOWN,27.7982,0.000139,58
2026-07-13 02:30:00,1.139525,TRENDING_DOWN,26.8293,0.000139,55
2026-07-13 02:35:00,1.139855,TRENDING_UP,31.9725,0.000154,70
2026-07-13 02:35:00,1.139855,TRENDING_UP,36.7482,0.000167,85
2026-07-13 02:35:00,1.139855,TRENDING_UP,41.1829,0.000179,98
2026-07-13 02:35:00,1.139855,TRENDING_UP,45.3007,0.000191,100
2026-07-13 02:35:00,1.139855,TRENDING_UP,49.1245,0.000201,100
2026-07-13 02:35:00,1.139855,TRENDING_UP,52.6751,0.000211,100
2026-07-13 02:35:00,1.139855,TRENDING_UP,55.9721,0.00022,100
2026-07-13 02:35:00,1.139855,TRENDING_UP,59.0336,0.000228,100
2026-07-13 02:35:00,1.139855,TRENDING_UP,61.8764,0.000236,100
2026-07-13 02:35:00,1.139855,TRENDING_UP,64.5162,0.000244,100
2026-07-13 02:35:00,1.139855,TRENDING_UP,66.9674,0.00025,100
2026-07-13 02:35:00,1.139855,TRENDING_UP,69.2435,0.000256,100
2026-07-13 02:35:00,1.139855,TRENDING_UP,71.357,0.000262,100
2026-07-13 02:35:00,1.139855,TRENDING_UP,73.3196,0.000268,100
2026-07-13 02:35:00,1.139855,TRENDING_UP,75.142,0.000273,100
2026-07-13 02:35:00,1.139855,TRENDING_UP,76.8342,0.000277,100
2026-07-13 02:35:00,1.139855,TRENDING_UP,78.4056,0.000282,100
2026-07-13 02:35:00,1.139855,TRENDING_UP,79.8647,0.000286,100
2026-07-13 02:35:00,1.139855,TRENDING_UP,81.2196,0.000289,100
2026-07-13 02:40:00,1.13997,TRENDING_UP,82.5106,0.00028,100
2026-07-13 02:40:00,1.13997,TRENDING_UP,83.7094,0.000272,100
2026-07-13 02:40:00,1.13997,TRENDING_UP,84.8226,0.000264,100
2026-07-13 02:40:00,1.13997,TRENDING_UP,85.8562,0.000257,100
2026-07-13 02:40:00,1.13997,TRENDING_UP,86.816,0.00025,100
2026-07-13 02:40:00,1.13997,TRENDING_UP,87.7073,0.000244,100
2026-07-13 02:40:00,1.13997,TRENDING_UP,88.5349,0.000238,100
2026-07-13 02:40:00,1.13997,TRENDING_UP,89.3034,0.000233,100
2026-07-13 02:40:00,1.13997,TRENDING_UP,90.017,0.000228,100
2026-07-13 02:40:00,1.13997,TRENDING_UP,90.6796,0.000223,100
2026-07-13 02:40:00,1.13997,TRENDING_UP,91.2949,0.000219,100
2026-07-13 02:40:00,1.13997,TRENDING_UP,91.8663,0.000215,100
2026-07-13 02:40:00,1.13997,TRENDING_UP,92.3968,0.000211,100
2026-07-13 02:40:00,1.13997,TRENDING_UP,92.8894,0.000207,100
2026-07-13 02:40:00,1.13997,TRENDING_UP,93.3469,0.000204,100
2026-07-13 02:40:00,1.13997,TRENDING_UP,93.7717,0.000201,100
2026-07-13 02:40:00,1.13997,TRENDING_UP,94.1661,0.000198,100
2026-07-13 02:40:00,1.13997,TRENDING_UP,94.5324,0.000196,100
2026-07-13 02:40:00,1.13997,TRENDING_UP,94.8725,0.000193,100
2026-07-13 02:45:00,1.13971,TRENDING_DOWN,92.3695,0.0002,100
2026-07-13 02:45:00,1.13971,TRENDING_DOWN,90.0452,0.000205,100
2026-07-13 02:45:00,1.13971,TRENDING_DOWN,87.887,0.000211,100
2026-07-13 02:45:00,1.13971,TRENDING_DOWN,85.8829,0.000216,100
2026-07-13 02:45:00,1.13971,TRENDING_DOWN,84.022,0.00022,100
2026-07-13 02:45:00,1.13971,TRENDING_DOWN,82.2941,0.000225,100
2026-07-13 02:45:00,1.13971,TRENDING_DOWN,80.6895,0.000229,100
2026-07-13 02:45:00,1.13971,TRENDING_DOWN,79.1995,0.000232,100
2026-07-13 02:45:00,1.13971,TRENDING_DOWN,77.816,0.000236,100
2026-07-13 02:45:00,1.13971,TRENDING_DOWN,76.5313,0.000239,100
2026-07-13 02:45:00,1.13971,TRENDING_DOWN,75.3384,0.000242,100
2026-07-13 02:45:00,1.13971,TRENDING_DOWN,74.2307,0.000245,100
2026-07-13 02:45:00,1.13971,TRENDING_DOWN,73.2021,0.000247,100
2026-07-13 02:45:00,1.13971,TRENDING_DOWN,72.2469,0.00025,100
2026-07-13 02:45:00,1.13971,TRENDING_DOWN,71.36,0.000252,100
2026-07-13 02:45:00,1.13971,TRENDING_DOWN,70.5365,0.000254,100
2026-07-13 02:45:00,1.13971,TRENDING_DOWN,69.7717,0.000256,100
2026-07-13 02:45:00,1.13971,TRENDING_DOWN,69.0616,0.000258,100
2026-07-13 02:45:00,1.13971,TRENDING_DOWN,68.4022,0.000259,100
2026-07-13 02:50:00,1.13953,TRENDING_DOWN,70.1107,0.000255,100
2026-07-13 02:50:00,1.13953,TRENDING_DOWN,71.6972,0.000251,100
2026-07-13 02:50:00,1.13953,TRENDING_DOWN,73.1703,0.000246,100
2026-07-13 02:50:00,1.13953,TRENDING_DOWN,74.5382,0.000243,100
2026-07-13 02:50:00,1.13953,TRENDING_DOWN,75.8084,0.000239,100
2026-07-13 02:50:00,1.13953,TRENDING_DOWN,76.9879,0.000236,100
2026-07-13 02:50:00,1.13953,TRENDING_DOWN,78.0831,0.000233,100
2026-07-13 02:50:00,1.13953,TRENDING_DOWN,79.1001,0.00023,100
2026-07-13 02:50:00,1.13953,TRENDING_DOWN,80.0444,0.000227,100
2026-07-13 02:50:00,1.13953,TRENDING_DOWN,80.9213,0.000225,100
2026-07-13 02:50:00,1.13953,TRENDING_DOWN,81.7356,0.000223,100
2026-07-13 02:50:00,1.13953,TRENDING_DOWN,82.4917,0.00022,100
2026-07-13 02:50:00,1.13953,TRENDING_DOWN,83.1938,0.000219,100
2026-07-13 02:50:00,1.13953,TRENDING_DOWN,83.8457,0.000217,100
2026-07-13 02:50:00,1.13953,TRENDING_DOWN,84.4511,0.000215,100
2026-07-13 02:50:00,1.13953,TRENDING_DOWN,85.0132,0.000213,100
2026-07-13 02:50:00,1.13953,TRENDING_DOWN,85.5352,0.000212,100
2026-07-13 02:50:00,1.13953,TRENDING_DOWN,86.0199,0.000211,100
2026-07-13 02:50:00,1.13953,TRENDING_DOWN,86.47,0.000209,100
2026-07-13 02:55:00,1.13942,TRENDING_DOWN,87.1903,0.000205,100
2026-07-13 02:55:00,1.13942,TRENDING_DOWN,87.8591,0.000202,100
2026-07-13 02:55:00,1.13942,TRENDING_DOWN,88.4801,0.000198,100
2026-07-13 02:55:00,1.13942,TRENDING_DOWN,89.0568,0.000195,100
2026-07-13 02:55:00,1.13942,TRENDING_DOWN,89.5923,0.000192,100
2026-07-13 02:55:00,1.13942,TRENDING_DOWN,90.0895,0.000189,100
2026-07-13 02:55:00,1.13942,TRENDING_DOWN,90.5512,0.000187,100
2026-07-13 02:55:00,1.13942,TRENDING_DOWN,90.98,0.000184,100
2026-07-13 02:55:00,1.13942,TRENDING_DOWN,91.3781,0.000182,100
2026-07-13 02:55:00,1.13942,TRENDING_DOWN,91.7478,0.00018,100
2026-07-13 02:55:00,1.13942,TRENDING_DOWN,92.091,0.000178,100
2026-07-13 02:55:00,1.13942,TRENDING_DOWN,92.4098,0.000177,100
2026-07-13 02:55:00,1.13942,TRENDING_DOWN,92.7058,0.000175,100
2026-07-13 02:55:00,1.13942,TRENDING_DOWN,92.9806,0.000173,100
2026-07-13 02:55:00,1.13942,TRENDING_DOWN,93.2358,0.000172,100
2026-07-13 02:55:00,1.13942,TRENDING_DOWN,93.4728,0.000171,100
2026-07-13 02:55:00,1.13942,TRENDING_DOWN,93.6929,0.000169,100
2026-07-13 02:55:00,1.13942,TRENDING_DOWN,93.8972,0.000168,100
2026-07-13 02:55:00,1.13942,TRENDING_DOWN,94.087,0.000167,100
2026-07-13 03:00:00,1.139285,TRENDING_DOWN,94.4776,0.000175,100
2026-07-13 03:00:00,1.139285,TRENDING_DOWN,94.8403,0.000182,100
2026-07-13 03:00:00,1.139285,TRENDING_DOWN,95.1772,0.000188,100
2026-07-13 03:00:00,1.139285,TRENDING_DOWN,95.4899,0.000194,100
2026-07-13 03:00:00,1.139285,TRENDING_DOWN,95.7803,0.0002,100
2026-07-13 03:00:00,1.139285,TRENDING_DOWN,96.05,0.000205,100
2026-07-13 03:00:00,1.139285,TRENDING_DOWN,96.3004,0.00021,100
2026-07-13 03:00:00,1.139285,TRENDING_DOWN,96.533,0.000214,100
2026-07-13 03:00:00,1.139285,TRENDING_DOWN,96.7489,0.000218,100
2026-07-13 03:00:00,1.139285,TRENDING_DOWN,96.9494,0.000222,100
2026-07-13 03:00:00,1.139285,TRENDING_DOWN,97.1356,0.000226,100
2026-07-13 03:00:00,1.139285,TRENDING_DOWN,97.3084,0.000229,100
2026-07-13 03:00:00,1.139285,TRENDING_DOWN,97.469,0.000232,100
2026-07-13 03:00:00,1.139285,TRENDING_DOWN,97.618,0.000235,100
2026-07-13 03:00:00,1.139285,TRENDING_DOWN,97.7565,0.000238,100
2026-07-13 03:00:00,1.139285,TRENDING_DOWN,97.885,0.00024,100
2026-07-13 03:00:00,1.139285,TRENDING_DOWN,98.0043,0.000242,100
2026-07-13 03:00:00,1.139285,TRENDING_DOWN,98.1152,0.000244,100
2026-07-13 03:00:00,1.139285,TRENDING_DOWN,98.2181,0.000246,100
2026-07-13 03:05:00,1.13924,TRENDING_DOWN,98.3341,0.000239,100
2026-07-13 03:05:00,1.13924,TRENDING_DOWN,98.4419,0.000232,100
2026-07-13 03:05:00,1.13924,TRENDING_DOWN,98.542,0.000225,100
2026-07-13 03:05:00,1.13924,TRENDING_DOWN,98.6349,0.000219,100
2026-07-13 03:05:00,1.13924,TRENDING_DOWN,98.7212,0.000214,100
2026-07-13 03:05:00,1.13924,TRENDING_DOWN,98.8013,0.000208,100
2026-07-13 03:05:00,1.13924,TRENDING_DOWN,98.8757,0.000204,100
2026-07-13 03:05:00,1.13924,TRENDING_DOWN,98.9448,0.000199,100
2026-07-13 03:05:00,1.13924,TRENDING_DOWN,99.0089,0.000195,100
2026-07-13 03:05:00,1.13924,TRENDING_DOWN,99.0685,0.000191,100
2026-07-13 03:05:00,1.13924,TRENDING_DOWN,99.1238,0.000187,100
2026-07-13 03:05:00,1.13924,TRENDING_DOWN,99.1752,0.000184,100
2026-07-13 03:05:00,1.13924,TRENDING_DOWN,99.2228,0.000181,100
2026-07-13 03:05:00,1.13924,TRENDING_DOWN,99.2671,0.000178,100
2026-07-13 03:05:00,1.13924,TRENDING_DOWN,99.3083,0.000175,100
2026-07-13 03:05:00,1.13924,TRENDING_DOWN,99.3464,0.000173,100
2026-07-13 03:05:00,1.13924,TRENDING_DOWN,99.3819,0.000171,100
2026-07-13 03:05:00,1.13924,TRENDING_DOWN,99.4148,0.000168,100
2026-07-13 03:05:00,1.13924,TRENDING_DOWN,99.4454,0.000166,100
2026-07-13 03:10:00,1.139345,TRENDING_UP,99.4738,0.000172,100
2026-07-13 03:10:00,1.139345,TRENDING_UP,99.5002,0.000177,100
2026-07-13 03:10:00,1.139345,TRENDING_UP,99.5246,0.000182,100
2026-07-13 03:10:00,1.139345,TRENDING_UP,99.5474,0.000187,100
2026-07-13 03:10:00,1.139345,TRENDING_UP,99.5685,0.000191,100
2026-07-13 03:10:00,1.139345,TRENDING_UP,99.5881,0.000195,100
2026-07-13 03:10:00,1.139345,TRENDING_UP,99.6063,0.000198,100
2026-07-13 03:10:00,1.139345,TRENDING_UP,99.6232,0.000202,100
2026-07-13 03:10:00,1.139345,TRENDING_UP,99.6389,0.000205,100
2026-07-13 03:10:00,1.139345,TRENDING_UP,99.6534,0.000208,100
2026-07-13 03:10:00,1.139345,TRENDING_UP,99.667,0.000211,100
2026-07-13 03:10:00,1.139345,TRENDING_UP,99.6795,0.000213,100
2026-07-13 03:10:00,1.139345,TRENDING_UP,99.6912,0.000215,100
2026-07-13 03:10:00,1.139345,TRENDING_UP,99.702,0.000218,100
2026-07-13 03:10:00,1.139345,TRENDING_UP,99.7121,0.00022,100
2026-07-13 03:10:00,1.139345,TRENDING_UP,99.7214,0.000221,100
2026-07-13 03:10:00,1.139345,TRENDING_UP,99.7301,0.000223,100
2026-07-13 03:10:00,1.139345,TRENDING_UP,99.7381,0.000225,100
2026-07-13 03:10:00,1.139345,TRENDING_UP,99.7456,0.000226,100
2026-07-13 03:15:00,1.139485,TRENDING_UP,98.9828,0.000222,100
2026-07-13 03:15:00,1.139485,TRENDING_UP,98.2745,0.000219,100
2026-07-13 03:15:00,1.139485,TRENDING_UP,97.6168,0.000215,100
2026-07-13 03:15:00,1.139485,TRENDING_UP,97.006,0.000212,100
2026-07-13 03:15:00,1.139485,TRENDING_UP,96.4389,0.000209,100
2026-07-13 03:15:00,1.139485,TRENDING_UP,95.9123,0.000207,100
2026-07-13 03:15:00,1.139485,TRENDING_UP,95.4233,0.000204,100
2026-07-13 03:15:00,1.139485,TRENDING_UP,94.9692,0.000202,100
2026-07-13 03:15:00,1.139485,TRENDING_UP,94.5476,0.000199,100
2026-07-13 03:15:00,1.139485,TRENDING_UP,94.1561,0.000197,100
2026-07-13 03:15:00,1.139485,TRENDING_UP,93.7925,0.000196,100
2026-07-13 03:15:00,1.139485,TRENDING_UP,93.4549,0.000194,100
2026-07-13 03:15:00,1.139485,TRENDING_UP,93.1415,0.000192,100
2026-07-13 03:15:00,1.139485,TRENDING_UP,92.8504,0.000191,100
2026-07-13 03:15:00,1.139485,TRENDING_UP,92.5801,0.000189,100
2026-07-13 03:15:00,1.139485,TRENDING_UP,92.3291,0.000188,100
2026-07-13 03:15:00,1.139485,TRENDING_UP,92.096,0.000187,100
2026-07-13 03:15:00,1.139485,TRENDING_UP,91.8796,0.000186,100
2026-07-13 03:15:00,1.139485,TRENDING_UP,91.6787,0.000185,100
2026-07-13 03:20:00,1.13951,TRENDING_UP,91.9828,0.000178,100
2026-07-13 03:20:00,1.13951,TRENDING_UP,92.2652,0.000172,100
2026-07-13 03:20:00,1.13951,TRENDING_UP,92.5274,0.000166,100
2026-07-13 03:20:00,1.13951,TRENDING_UP,92.7709,0.000161,100
2026-07-13 03:20:00,1.13951,TRENDING_UP,92.997,0.000156,100
2026-07-13 03:20:00,1.13951,TRENDING_UP,93.207,0.000151,100
2026-07-13 03:20:00,1.13951,TRENDING_UP,93.402,0.000147,100
2026-07-13 03:20:00,1.13951,TRENDING_UP,93.583,0.000143,100
2026-07-13 03:20:00,1.13951,TRENDING_UP,93.7511,0.00014,100
2026-07-13 03:20:00,1.13951,TRENDING_UP,93.9072,0.000136,100
2026-07-13 03:20:00,1.13951,TRENDING_UP,94.0521,0.000133,100
2026-07-13 03:20:00,1.13951,TRENDING_UP,94.1867,0.00013,100
2026-07-13 03:20:00,1.13951,TRENDING_UP,94.3117,0.000127,100
2026-07-13 03:20:00,1.13951,TRENDING_UP,94.4277,0.000125,100
2026-07-13 03:20:00,1.13951,TRENDING_UP,94.5355,0.000123,100
2026-07-13 03:20:00,1.13951,TRENDING_UP,94.6356,0.00012,100
2026-07-13 03:20:00,1.13951,TRENDING_UP,94.7285,0.000118,100
2026-07-13 03:20:00,1.13951,TRENDING_UP,94.8148,0.000117,100
2026-07-13 03:20:00,1.13951,TRENDING_UP,94.8949,0.000115,100
2026-07-13 03:25:00,1.139525,TRENDING_UP,91.8618,0.000116,100
2026-07-13 03:25:00,1.139525,TRENDING_UP,89.0454,0.000117,100
2026-07-13 03:25:00,1.139525,TRENDING_UP,86.4301,0.000118,100
2026-07-13 03:25:00,1.139525,TRENDING_UP,84.0017,0.000119,100
2026-07-13 03:25:00,1.139525,TRENDING_UP,81.7467,0.00012,100
2026-07-13 03:25:00,1.139525,TRENDING_UP,79.6528,0.000121,100
2026-07-13 03:25:00,1.139525,TRENDING_UP,77.7085,0.000122,100
2026-07-13 03:25:00,1.139525,TRENDING_UP,75.903,0.000122,100
2026-07-13 03:25:00,1.139525,TRENDING_UP,74.2265,0.000123,100
2026-07-13 03:25:00,1.139525,TRENDING_UP,72.6697,0.000124,100
2026-07-13 03:25:00,1.139525,TRENDING_UP,71.2242,0.000124,100
2026-07-13 03:25:00,1.139525,TRENDING_UP,69.8819,0.000125,100
2026-07-13 03:25:00,1.139525,TRENDING_UP,68.6354,0.000125,100
2026-07-13 03:25:00,1.139525,TRENDING_UP,67.478,0.000126,100
2026-07-13 03:25:00,1.139525,TRENDING_UP,66.4033,0.000126,100
2026-07-13 03:25:00,1.139525,TRENDING_UP,65.4054,0.000126,100
2026-07-13 03:25:00,1.139525,TRENDING_UP,64.4787,0.000127,100
2026-07-13 03:25:00,1.139525,TRENDING_UP,63.6182,0.000127,100
2026-07-13 03:25:00,1.139525,TRENDING_UP,62.8192,0.000128,100
2026-07-13 03:30:00,1.13953,TRENDING_UP,63.9609,0.000133,100
2026-07-13 03:30:00,1.13953,TRENDING_UP,65.021,0.000138,100
2026-07-13 03:30:00,1.13953,TRENDING_UP,66.0054,0.000142,100
2026-07-13 03:30:00,1.13953,TRENDING_UP,66.9195,0.000147,100
2026-07-13 03:30:00,1.13953,TRENDING_UP,67.7683,0.000151,100
2026-07-13 03:30:00,1.13953,TRENDING_UP,68.5564,0.000154,100
2026-07-13 03:30:00,1.13953,TRENDING_UP,69.2883,0.000158,100
2026-07-13 03:30:00,1.13953,TRENDING_UP,69.9679,0.000161,100
2026-07-13 03:30:00,1.13953,TRENDING_UP,70.5989,0.000164,100
2026-07-13 03:30:00,1.13953,TRENDING_UP,71.1849,0.000166,100
2026-07-13 03:30:00,1.13953,TRENDING_UP,71.729,0.000169,100
2026-07-13 03:30:00,1.13953,TRENDING_UP,72.2343,0.000171,100
2026-07-13 03:30:00,1.13953,TRENDING_UP,72.7034,0.000173,100
2026-07-13 03:30:00,1.13953,TRENDING_UP,73.1391,0.000175,100
2026-07-13 03:30:00,1.13953,TRENDING_UP,73.5436,0.000177,100
2026-07-13 03:30:00,1.13953,TRENDING_UP,73.9193,0.000179,100
2026-07-13 03:30:00,1.13953,TRENDING_UP,74.2681,0.000181,100
2026-07-13 03:30:00,1.13953,TRENDING_UP,74.592,0.000182,100
2026-07-13 03:30:00,1.13953,TRENDING_UP,74.8927,0.000184,100
2026-07-13 03:35:00,1.13956,TRENDING_UP,75.172,0.000176,100
2026-07-13 03:35:00,1.13956,TRENDING_UP,75.4313,0.000169,100
2026-07-13 03:35:00,1.13956,TRENDING_UP,75.6721,0.000163,100
2026-07-13 03:35:00,1.13956,TRENDING_UP,75.8957,0.000157,100
2026-07-13 03:35:00,1.13956,TRENDING_UP,76.1034,0.000151,100
2026-07-13 03:35:00,1.13956,TRENDING_UP,76.2962,0.000146,100
2026-07-13 03:35:00,1.13956,TRENDING_UP,76.4752,0.000141,100
2026-07-13 03:35:00,1.13956,TRENDING_UP,76.6414,0.000137,100
2026-07-13 03:35:00,1.13956,TRENDING_UP,76.7958,0.000133,100
2026-07-13 03:35:00,1.13956,TRENDING_UP,76.9392,0.000129,100
2026-07-13 03:35:00,1.13956,TRENDING_UP,77.0723,0.000125,100
2026-07-13 03:35:00,1.13956,TRENDING_UP,77.1958,0.000122,100
2026-07-13 03:35:00,1.13956,TRENDING_UP,77.3106,0.000119,100
2026-07-13 03:35:00,1.13956,TRENDING_UP,77.4172,0.000116,100
2026-07-13 03:35:00,1.13956,TRENDING_UP,77.5161,0.000113,100
2026-07-13 03:35:00,1.13956,TRENDING_UP,77.608,0.000111,100
2026-07-13 03:35:00,1.13956,TRENDING_UP,77.6934,0.000109,100
2026-07-13 03:35:00,1.13956,TRENDING_UP,77.7726,0.000107,100
2026-07-13 03:35:00,1.13956,TRENDING_UP,77.8462,0.000105,100
2026-07-13 03:40:00,1.139615,TRENDING_UP,79.1392,0.000102,100
2026-07-13 03:40:00,1.139615,TRENDING_UP,80.3398,0.0001,100
2026-07-13 03:40:00,1.139615,TRENDING_UP,81.4547,9.9e-05,100
2026-07-13 03:40:00,1.139615,TRENDING_UP,82.49,9.7e-05,100
2026-07-13 03:40:00,1.139615,TRENDING_UP,83.4513,9.5e-05,100
2026-07-13 03:40:00,1.139615,TRENDING_UP,84.3439,9.4e-05,100
2026-07-13 03:40:00,1.139615,TRENDING_UP,85.1728,9.2e-05,100
2026-07-13 03:40:00,1.139615,TRENDING_UP,85.9425,9.1e-05,100
2026-07-13 03:40:00,1.139615,TRENDING_UP,86.6572,9e-05,100
2026-07-13 03:40:00,1.139615,TRENDING_UP,87.3208,8.9e-05,100
2026-07-13 03:40:00,1.139615,TRENDING_UP,87.9371,8.8e-05,100
2026-07-13 03:40:00,1.139615,TRENDING_UP,88.5093,8.7e-05,100
2026-07-13 03:40:00,1.139615,TRENDING_UP,89.0406,8.6e-05,100
2026-07-13 03:40:00,1.139615,TRENDING_UP,89.534,8.5e-05,100
2026-07-13 03:40:00,1.139615,TRENDING_UP,89.9922,8.4e-05,100
2026-07-13 03:40:00,1.139615,TRENDING_UP,90.4176,8.4e-05,100
2026-07-13 03:40:00,1.139615,TRENDING_UP,90.8127,8.3e-05,100
2026-07-13 03:40:00,1.139615,TRENDING_UP,91.1795,8.2e-05,100
2026-07-13 03:40:00,1.139615,TRENDING_UP,91.5201,8.2e-05,100
2026-07-13 03:45:00,1.139735,TRENDING_UP,92.0909,8.5e-05,100
2026-07-13 03:45:00,1.139735,TRENDING_UP,92.6208,8.7e-05,100
2026-07-13 03:45:00,1.139735,TRENDING_UP,93.1129,8.9e-05,100
2026-07-13 03:45:00,1.139735,TRENDING_UP,93.5699,9.1e-05,100
2026-07-13 03:45:00,1.139735,TRENDING_UP,93.9942,9.3e-05,100
2026-07-13 03:45:00,1.139735,TRENDING_UP,94.3882,9.5e-05,100
2026-07-13 03:45:00,1.139735,TRENDING_UP,94.7541,9.7e-05,100
2026-07-13 03:45:00,1.139735,TRENDING_UP,95.0938,9.8e-05,100
2026-07-13 03:45:00,1.139735,TRENDING_UP,95.4093,0.0001,100
2026-07-13 03:45:00,1.139735,TRENDING_UP,95.7022,0.000101,100
2026-07-13 03:45:00,1.139735,TRENDING_UP,95.9742,0.000102,100
2026-07-13 03:45:00,1.139735,TRENDING_UP,96.2268,0.000103,100
2026-07-13 03:45:00,1.139735,TRENDING_UP,96.4613,0.000105,100
2026-07-13 03:45:00,1.139735,TRENDING_UP,96.6791,0.000106,100
2026-07-13 03:45:00,1.139735,TRENDING_UP,96.8813,0.000106,100
2026-07-13 03:45:00,1.139735,TRENDING_UP,97.0691,0.000107,100
2026-07-13 03:45:00,1.139735,TRENDING_UP,97.2435,0.000108,100
2026-07-13 03:45:00,1.139735,TRENDING_UP,97.4054,0.000109,100
2026-07-13 03:45:00,1.139735,TRENDING_UP,97.5558,0.00011,100
2026-07-13 03:50:00,1.13963,TRENDING_UP,91.9614,0.000115,100
2026-07-13 03:50:00,1.13963,TRENDING_DOWN,86.7666,0.00012,100
2026-07-13 03:50:00,1.13963,TRENDING_DOWN,81.9429,0.000124,100
2026-07-13 03:50:00,1.13963,TRENDING_DOWN,77.4638,0.000129,100
2026-07-13 03:50:00,1.13963,TRENDING_DOWN,73.3045,0.000133,100
2026-07-13 03:50:00,1.13963,TRENDING_DOWN,69.4424,0.000136,100
2026-07-13 03:50:00,1.13963,TRENDING_DOWN,65.8561,0.00014,100
2026-07-13 03:50:00,1.13963,TRENDING_DOWN,62.526,0.000143,100
2026-07-13 03:50:00,1.13963,TRENDING_DOWN,59.4338,0.000146,100
2026-07-13 03:50:00,1.13963,TRENDING_DOWN,56.5624,0.000149,100
2026-07-13 03:50:00,1.13963,TRENDING_DOWN,53.8962,0.000151,100
2026-07-13 03:50:00,1.13963,TRENDING_DOWN,51.4203,0.000154,100
2026-07-13 03:50:00,1.13963,TRENDING_DOWN,49.1214,0.000156,100
2026-07-13 03:50:00,1.13963,TRENDING_DOWN,46.9866,0.000158,100
2026-07-13 03:50:00,1.13963,TRENDING_DOWN,45.0043,0.00016,100
2026-07-13 03:50:00,1.13963,TRENDING_DOWN,43.1636,0.000161,100
2026-07-13 03:50:00,1.13963,TRENDING_DOWN,41.4544,0.000163,99
2026-07-13 03:50:00,1.13963,TRENDING_DOWN,39.8673,0.000165,94
2026-07-13 03:50:00,1.13963,TRENDING_DOWN,38.3935,0.000166,90
2026-07-13 03:55:00,1.13989,TRENDING_UP,41.7332,0.000173,100
2026-07-13 03:55:00,1.13989,TRENDING_UP,44.8344,0.000179,100
2026-07-13 03:55:00,1.13989,TRENDING_UP,47.714,0.000185,100
2026-07-13 03:55:00,1.13989,TRENDING_UP,50.388,0.000191,100
2026-07-13 03:55:00,1.13989,TRENDING_UP,52.8709,0.000196,100
2026-07-13 03:55:00,1.13989,TRENDING_UP,55.1765,0.000201,100
2026-07-13 03:55:00,1.13989,TRENDING_UP,57.3175,0.000205,100
2026-07-13 03:55:00,1.13989,TRENDING_UP,59.3055,0.000209,100
2026-07-13 03:55:00,1.13989,TRENDING_UP,61.1514,0.000213,100
2026-07-13 03:55:00,1.13989,TRENDING_UP,62.8656,0.000217,100
2026-07-13 03:55:00,1.13989,TRENDING_UP,64.4573,0.00022,100
2026-07-13 03:55:00,1.13989,TRENDING_UP,65.9353,0.000223,100
2026-07-13 03:55:00,1.13989,TRENDING_UP,67.3077,0.000226,100
2026-07-13 03:55:00,1.13989,TRENDING_UP,68.5821,0.000229,100
2026-07-13 03:55:00,1.13989,TRENDING_UP,69.7655,0.000231,100
2026-07-13 03:55:00,1.13989,TRENDING_UP,70.8644,0.000233,100
2026-07-13 03:55:00,1.13989,TRENDING_UP,71.8847,0.000236,100
2026-07-13 03:55:00,1.13989,TRENDING_UP,72.8322,0.000238,100
2026-07-13 03:55:00,1.13989,TRENDING_UP,73.712,0.000239,100
2026-07-13 04:00:00,1.139735,TRENDING_UP,74.5289,0.000235,100
2026-07-13 04:00:00,1.139735,TRENDING_UP,75.2876,0.000231,100
2026-07-13 04:00:00,1.139735,TRENDING_DOWN,75.992,0.000227,100
2026-07-13 04:00:00,1.139735,TRENDING_DOWN,76.6461,0.000223,100
2026-07-13 04:00:00,1.139735,TRENDING_DOWN,77.2534,0.00022,100
2026-07-13 04:00:00,1.139735,TRENDING_DOWN,77.8174,0.000216,100
2026-07-13 04:00:00,1.139735,TRENDING_DOWN,78.3412,0.000214,100
2026-07-13 04:00:00,1.139735,TRENDING_DOWN,78.8275,0.000211,100
2026-07-13 04:00:00,1.139735,TRENDING_DOWN,79.279,0.000208,100
2026-07-13 04:00:00,1.139735,TRENDING_DOWN,79.6983,0.000206,100
2026-07-13 04:00:00,1.139735,TRENDING_DOWN,80.0877,0.000204,100
2026-07-13 04:00:00,1.139735,TRENDING_DOWN,80.4492,0.000202,100
2026-07-13 04:00:00,1.139735,TRENDING_DOWN,80.785,0.0002,100
2026-07-13 04:00:00,1.139735,TRENDING_DOWN,81.0967,0.000198,100
2026-07-13 04:00:00,1.139735,TRENDING_DOWN,81.3862,0.000197,100
2026-07-13 04:00:00,1.139735,TRENDING_DOWN,81.655,0.000195,100
2026-07-13 04:00:00,1.139735,TRENDING_DOWN,81.9046,0.000194,100
2026-07-13 04:00:00,1.139735,TRENDING_DOWN,82.1364,0.000192,100
2026-07-13 04:00:00,1.139735,TRENDING_DOWN,82.3516,0.000191,100
2026-07-13 04:05:00,1.139795,TRENDING_DOWN,77.3898,0.000188,100
2026-07-13 04:05:00,1.139795,TRENDING_DOWN,72.7825,0.000185,100
2026-07-13 04:05:00,1.139795,TRENDING_UP,68.5043,0.000182,100
2026-07-13 04:05:00,1.139795,TRENDING_UP,64.5316,0.000179,100
2026-07-13 04:05:00,1.139795,TRENDING_UP,60.8427,0.000177,100
2026-07-13 04:05:00,1.139795,TRENDING_UP,57.4173,0.000174,100
2026-07-13 04:05:00,1.139795,TRENDING_UP,54.2366,0.000172,100
2026-07-13 04:05:00,1.139795,TRENDING_UP,51.2831,0.00017,100
2026-07-13 04:05:00,1.139795,TRENDING_UP,48.5405,0.000169,100
2026-07-13 04:05:00,1.139795,TRENDING_UP,45.9939,0.000167,100
2026-07-13 04:05:00,1.139795,TRENDING_UP,43.6291,0.000165,100
2026-07-13 04:05:00,1.139795,TRENDING_UP,41.4332,0.000164,99
2026-07-13 04:05:00,1.139795,TRENDING_UP,39.3942,0.000162,93
2026-07-13 04:05:00,1.139795,TRENDING_UP,37.5009,0.000161,87
2026-07-13 04:05:00,1.139795,TRENDING_UP,35.7428,0.00016,82
2026-07-13 04:05:00,1.139795,TRENDING_UP,34.1102,0.000159,77
2026-07-13 04:05:00,1.139795,TRENDING_UP,32.5943,0.000158,72
2026-07-13 04:05:00,1.139795,TRENDING_UP,31.1866,0.000157,68
2026-07-13 04:05:00,1.139795,TRENDING_UP,29.8795,0.000156,64
2026-07-13 04:10:00,1.13992,TRENDING_UP,34.3889,0.000158,78
2026-07-13 04:10:00,1.13992,TRENDING_UP,38.5762,0.000161,90
2026-07-13 04:10:00,1.13992,TRENDING_UP,42.4644,0.000163,100
2026-07-13 04:10:00,1.13992,TRENDING_UP,46.0749,0.000164,100
2026-07-13 04:10:00,1.13992,TRENDING_UP,49.4275,0.000166,100
2026-07-13 04:10:00,1.13992,TRENDING_UP,52.5406,0.000168,100
2026-07-13 04:10:00,1.13992,TRENDING_UP,55.4313,0.000169,100
2026-07-13 04:10:00,1.13992,TRENDING_UP,58.1156,0.000171,100
2026-07-13 04:10:00,1.13992,TRENDING_UP,60.6081,0.000172,100
2026-07-13 04:10:00,1.13992,TRENDING_UP,62.9226,0.000173,100
2026-07-13 04:10:00,1.13992,TRENDING_UP,65.0718,0.000174,100
2026-07-13 04:10:00,1.13992,TRENDING_UP,67.0674,0.000175,100
2026-07-13 04:10:00,1.13992,TRENDING_UP,68.9205,0.000176,100
2026-07-13 04:10:00,1.13992,TRENDING_UP,70.6413,0.000177,100
2026-07-13 04:10:00,1.13992,TRENDING_UP,72.2391,0.000178,100
2026-07-13 04:10:00,1.13992,TRENDING_UP,73.7228,0.000179,100
2026-07-13 04:10:00,1.13992,TRENDING_UP,75.1006,0.000179,100
2026-07-13 04:10:00,1.13992,TRENDING_UP,76.3799,0.00018,100
2026-07-13 04:10:00,1.13992,TRENDING_UP,77.5678,0.000181,100
2026-07-13 04:15:00,1.139985,TRENDING_UP,79.0774,0.000178,100
2026-07-13 04:15:00,1.139985,TRENDING_UP,80.4791,0.000175,100
2026-07-13 04:15:00,1.139985,TRENDING_UP,81.7807,0.000173,100
2026-07-13 04:15:00,1.139985,TRENDING_UP,82.9893,0.00017,100
2026-07-13 04:15:00,1.139985,TRENDING_UP,84.1116,0.000168,100
2026-07-13 04:15:00,1.139985,TRENDING_UP,85.1538,0.000166,100
2026-07-13 04:15:00,1.139985,TRENDING_UP,86.1215,0.000164,100
2026-07-13 04:15:00,1.139985,TRENDING_UP,87.0201,0.000163,100
2026-07-13 04:15:00,1.139985,TRENDING_UP,87.8545,0.000161,100
2026-07-13 04:15:00,1.139985,TRENDING_UP,88.6292,0.00016,100
2026-07-13 04:15:00,1.139985,TRENDING_UP,89.3487,0.000158,100
2026-07-13 04:15:00,1.139985,TRENDING_UP,90.0168,0.000157,100
2026-07-13 04:15:00,1.139985,TRENDING_UP,90.6371,0.000156,100
2026-07-13 04:15:00,1.139985,TRENDING_UP,91.2131,0.000155,100
2026-07-13 04:15:00,1.139985,TRENDING_UP,91.748,0.000154,100
2026-07-13 04:15:00,1.139985,TRENDING_UP,92.2447,0.000153,100
2026-07-13 04:15:00,1.139985,TRENDING_UP,92.7059,0.000152,100
2026-07-13 04:15:00,1.139985,TRENDING_UP,93.1342,0.000151,100
2026-07-13 04:15:00,1.139985,TRENDING_UP,93.5319,0.00015,100
2026-07-13 04:20:00,1.13989,TRENDING_UP,93.9284,0.000149,100
2026-07-13 04:20:00,1.13989,TRENDING_DOWN,94.2966,0.000147,100
2026-07-13 04:20:00,1.13989,TRENDING_DOWN,94.6385,0.000146,100
2026-07-13 04:20:00,1.13989,TRENDING_DOWN,94.9559,0.000144,100
2026-07-13 04:20:00,1.13989,TRENDING_DOWN,95.2507,0.000143,100
2026-07-13 04:20:00,1.13989,TRENDING_DOWN,95.5245,0.000142,100
2026-07-13 04:20:00,1.13989,TRENDING_DOWN,95.7787,0.000141,100
2026-07-13 04:20:00,1.13989,TRENDING_DOWN,96.0147,0.00014,100
2026-07-13 04:20:00,1.13989,TRENDING_DOWN,96.2339,0.000139,100
2026-07-13 04:20:00,1.13989,TRENDING_DOWN,96.4374,0.000138,100
2026-07-13 04:20:00,1.13989,TRENDING_DOWN,96.6264,0.000137,100
2026-07-13 04:20:00,1.13989,TRENDING_DOWN,96.8018,0.000137,100
2026-07-13 04:20:00,1.13989,TRENDING_DOWN,96.9648,0.000136,100
2026-07-13 04:20:00,1.13989,TRENDING_DOWN,97.1161,0.000135,100
2026-07-13 04:20:00,1.13989,TRENDING_DOWN,97.2566,0.000135,100
2026-07-13 04:20:00,1.13989,TRENDING_DOWN,97.3871,0.000134,100
2026-07-13 04:20:00,1.13989,TRENDING_DOWN,97.5082,0.000134,100
2026-07-13 04:20:00,1.13989,TRENDING_DOWN,97.6207,0.000133,100
2026-07-13 04:20:00,1.13989,TRENDING_DOWN,97.7251,0.000133,100
2026-07-13 04:25:00,1.14015,TRENDING_UP,97.8841,0.00014,100
2026-07-13 04:25:00,1.14015,TRENDING_UP,98.0317,0.000146,100
2026-07-13 04:25:00,1.14015,TRENDING_UP,98.1687,0.000152,100
2026-07-13 04:25:00,1.14015,TRENDING_UP,98.2959,0.000157,100
2026-07-13 04:25:00,1.14015,TRENDING_UP,98.4141,0.000163,100
2026-07-13 04:25:00,1.14015,TRENDING_UP,98.5238,0.000167,100
2026-07-13 04:25:00,1.14015,TRENDING_UP,98.6257,0.000172,100
2026-07-13 04:25:00,1.14015,TRENDING_UP,98.7203,0.000176,100
2026-07-13 04:25:00,1.14015,TRENDING_UP,98.8082,0.000179,100
2026-07-13 04:25:00,1.14015,TRENDING_UP,98.8897,0.000183,100
2026-07-13 04:25:00,1.14015,TRENDING_UP,98.9655,0.000186,100
2026-07-13 04:25:00,1.14015,TRENDING_UP,99.0358,0.000189,100
2026-07-13 04:25:00,1.14015,TRENDING_UP,99.1011,0.000192,100
2026-07-13 04:25:00,1.14015,TRENDING_UP,99.1618,0.000194,100
2026-07-13 04:25:00,1.14015,TRENDING_UP,99.2181,0.000197,100
2026-07-13 04:25:00,1.14015,TRENDING_UP,99.2704,0.000199,100
2026-07-13 04:25:00,1.14015,TRENDING_UP,99.319,0.000201,100
2026-07-13 04:25:00,1.14015,TRENDING_UP,99.364,0.000203,100
2026-07-13 04:25:00,1.14015,TRENDING_UP,99.4059,0.000205,100
2026-07-13 04:30:00,1.140145,TRENDING_UP,99.4465,0.000196,100
2026-07-13 04:30:00,1.140145,TRENDING_UP,99.4842,0.000189,100
2026-07-13 04:30:00,1.140145,TRENDING_UP,99.5192,0.000181,100
2026-07-13 04:30:00,1.140145,TRENDING_UP,99.5517,0.000175,100
2026-07-13 04:30:00,1.140145,TRENDING_UP,99.5819,0.000169,100
2026-07-13 04:30:00,1.140145,TRENDING_UP,99.6099,0.000163,100
2026-07-13 04:30:00,1.140145,TRENDING_UP,99.6359,0.000157,100
2026-07-13 04:30:00,1.140145,TRENDING_UP,99.6601,0.000152,100
2026-07-13 04:30:00,1.140145,TRENDING_UP,99.6825,0.000148,100
2026-07-13 04:30:00,1.140145,TRENDING_UP,99.7034,0.000144,100
2026-07-13 04:30:00,1.140145,TRENDING_UP,99.7227,0.00014,100
2026-07-13 04:30:00,1.140145,TRENDING_UP,99.7407,0.000136,100
2026-07-13 04:30:00,1.140145,TRENDING_UP,99.7574,0.000132,100
2026-07-13 04:30:00,1.140145,TRENDING_UP,99.7729,0.000129,100
2026-07-13 04:30:00,1.140145,TRENDING_UP,99.7873,0.000126,100
2026-07-13 04:30:00,1.140145,TRENDING_UP,99.8006,0.000123,100
2026-07-13 04:30:00,1.140145,TRENDING_UP,99.813,0.000121,100
2026-07-13 04:30:00,1.140145,TRENDING_UP,99.8245,0.000119,100
2026-07-13 04:30:00,1.140145,TRENDING_UP,99.8352,0.000116,100
2026-07-13 04:35:00,1.14027,TRENDING_UP,99.8467,0.000118,100
2026-07-13 04:35:00,1.14027,TRENDING_UP,99.8573,0.000119,100
2026-07-13 04:35:00,1.14027,TRENDING_UP,99.8671,0.00012,100
2026-07-13 04:35:00,1.14027,TRENDING_UP,99.8763,0.000121,100
2026-07-13 04:35:00,1.14027,TRENDING_UP,99.8848,0.000122,100
2026-07-13 04:35:00,1.14027,TRENDING_UP,99.8927,0.000123,100
2026-07-13 04:35:00,1.14027,TRENDING_UP,99.9,0.000124,100
2026-07-13 04:35:00,1.14027,TRENDING_UP,99.9068,0.000125,100
2026-07-13 04:35:00,1.14027,TRENDING_UP,99.9132,0.000126,100
2026-07-13 04:35:00,1.14027,TRENDING_UP,99.919,0.000127,100
2026-07-13 04:35:00,1.14027,TRENDING_UP,99.9245,0.000127,100
2026-07-13 04:35:00,1.14027,TRENDING_UP,99.9295,0.000128,100
2026-07-13 04:35:00,1.14027,TRENDING_UP,99.9342,0.000128,100
2026-07-13 04:35:00,1.14027,TRENDING_UP,99.9386,0.000129,100
2026-07-13 04:35:00,1.14027,TRENDING_UP,99.9426,0.000129,100
2026-07-13 04:35:00,1.14027,TRENDING_UP,99.9464,0.00013,100
2026-07-13 04:35:00,1.14027,TRENDING_UP,99.9499,0.00013,100
2026-07-13 04:35:00,1.14027,TRENDING_UP,99.9531,0.000131,100
2026-07-13 04:35:00,1.14027,TRENDING_UP,99.9562,0.000131,100
2026-07-13 04:40:00,1.140115,TRENDING_UP,92.976,0.000133,100
2026-07-13 04:40:00,1.140115,TRENDING_DOWN,86.4945,0.000135,100
2026-07-13 04:40:00,1.140115,TRENDING_DOWN,80.4759,0.000136,100
2026-07-13 04:40:00,1.140115,TRENDING_DOWN,74.8873,0.000138,100
2026-07-13 04:40:00,1.140115,TRENDING_DOWN,69.6978,0.000139,100
2026-07-13 04:40:00,1.140115,TRENDING_DOWN,64.879,0.000141,100
2026-07-13 04:40:00,1.140115,TRENDING_DOWN,60.4044,0.000142,100
2026-07-13 04:40:00,1.140115,TRENDING_DOWN,56.2494,0.000143,100
2026-07-13 04:40:00,1.140115,TRENDING_DOWN,52.3912,0.000144,100
2026-07-13 04:40:00,1.140115,TRENDING_DOWN,48.8086,0.000145,100
2026-07-13 04:40:00,1.140115,TRENDING_DOWN,45.4819,0.000146,100
2026-07-13 04:40:00,1.140115,TRENDING_DOWN,42.3928,0.000147,100
2026-07-13 04:40:00,1.140115,TRENDING_DOWN,39.5243,0.000148,93
2026-07-13 04:40:00,1.140115,TRENDING_DOWN,36.8608,0.000148,85
2026-07-13 04:40:00,1.140115,TRENDING_DOWN,34.3875,0.000149,78
2026-07-13 04:40:00,1.140115,TRENDING_DOWN,32.0908,0.00015,71
2026-07-13 04:40:00,1.140115,TRENDING_DOWN,29.9582,0.00015,64
2026-07-13 04:40:00,1.140115,TRENDING_DOWN,27.978,0.000151,58
2026-07-13 04:40:00,1.140115,TRENDING_DOWN,26.1391,0.000151,53
2026-07-13 04:45:00,1.140115,TRANSITIONING,24.4317,0.000147,30
2026-07-13 04:45:00,1.140115,TRANSITIONING,22.8462,0.000144,30
2026-07-13 04:45:00,1.140115,TRANSITIONING,21.3739,0.00014,30
2026-07-13 04:45:00,1.140115,TRANSITIONING,20.0068,0.000137,30
2026-07-13 04:45:00,1.140115,TRANSITIONING,18.7374,0.000134,30
2026-07-13 04:45:00,1.140115,RANGING,17.5586,0.000132,69
2026-07-13 04:45:00,1.140115,RANGING,16.464,0.000129,74
2026-07-13 04:45:00,1.140115,RANGING,15.4476,0.000127,78
2026-07-13 04:45:00,1.140115,RANGING,14.5038,0.000125,81
2026-07-13 04:45:00,1.140115,RANGING,13.6274,0.000123,85
2026-07-13 04:45:00,1.140115,RANGING,12.8137,0.000121,88
2026-07-13 04:45:00,1.140115,RANGING,12.058,0.000119,91
2026-07-13 04:45:00,1.140115,RANGING,11.3563,0.000117,94
2026-07-13 04:45:00,1.140115,RANGING,10.7048,0.000116,97
2026-07-13 04:45:00,1.140115,RANGING,10.0998,0.000115,99
2026-07-13 04:45:00,1.140115,RANGING,9.538,0.000113,100
2026-07-13 04:45:00,1.140115,RANGING,9.0163,0.000112,100
2026-07-13 04:45:00,1.140115,RANGING,8.5319,0.000111,100
2026-07-13 04:45:00,1.140115,RANGING,8.0821,0.00011,100
2026-07-13 04:50:00,1.140315,RANGING,14.4806,0.000117,82
2026-07-13 04:50:00,1.140315,TRANSITIONING,20.422,0.000123,30
2026-07-13 04:50:00,1.140315,TRENDING_UP,25.9391,0.000129,52
2026-07-13 04:50:00,1.140315,TRENDING_UP,31.0621,0.000135,68
2026-07-13 04:50:00,1.140315,TRENDING_UP,35.8192,0.00014,82
2026-07-13 04:50:00,1.140315,TRENDING_UP,40.2365,0.000144,95
2026-07-13 04:50:00,1.140315,TRENDING_UP,44.3382,0.000149,100
2026-07-13 04:50:00,1.140315,TRENDING_UP,48.147,0.000153,100
2026-07-13 04:50:00,1.140315,TRENDING_UP,51.6837,0.000157,100
2026-07-13 04:50:00,1.140315,TRENDING_UP,54.9678,0.00016,100
2026-07-13 04:50:00,1.140315,TRENDING_UP,58.0174,0.000164,100
2026-07-13 04:50:00,1.140315,TRENDING_UP,60.8491,0.000167,100
2026-07-13 04:50:00,1.140315,TRENDING_UP,63.4785,0.000169,100
2026-07-13 04:50:00,1.140315,TRENDING_UP,65.9201,0.000172,100
2026-07-13 04:50:00,1.140315,TRENDING_UP,68.1873,0.000174,100
2026-07-13 04:50:00,1.140315,TRENDING_UP,70.2926,0.000177,100
2026-07-13 04:50:00,1.140315,TRENDING_UP,72.2475,0.000179,100
2026-07-13 04:50:00,1.140315,TRENDING_UP,74.0628,0.000181,100
2026-07-13 04:50:00,1.140315,TRENDING_UP,75.7484,0.000183,100
2026-07-13 04:55:00,1.14038,TRENDING_UP,77.4559,0.000182,100
2026-07-13 04:55:00,1.14038,TRENDING_UP,79.0414,0.000181,100
2026-07-13 04:55:00,1.14038,TRENDING_UP,80.5137,0.00018,100
2026-07-13 04:55:00,1.14038,TRENDING_UP,81.8809,0.00018,100
2026-07-13 04:55:00,1.14038,TRENDING_UP,83.1504,0.000179,100
2026-07-13 04:55:00,1.14038,TRENDING_UP,84.3292,0.000178,100
2026-07-13 04:55:00,1.14038,TRENDING_UP,85.4238,0.000178,100
2026-07-13 04:55:00,1.14038,TRENDING_UP,86.4402,0.000177,100
2026-07-13 04:55:00,1.14038,TRENDING_UP,87.384,0.000177,100
2026-07-13 04:55:00,1.14038,TRENDING_UP,88.2604,0.000176,100
2026-07-13 04:55:00,1.14038,TRENDING_UP,89.0742,0.000176,100
2026-07-13 04:55:00,1.14038,TRENDING_UP,89.8299,0.000176,100
2026-07-13 04:55:00,1.14038,TRENDING_UP,90.5316,0.000175,100
2026-07-13 04:55:00,1.14038,TRENDING_UP,91.1831,0.000175,100
2026-07-13 04:55:00,1.14038,TRENDING_UP,91.7882,0.000175,100
2026-07-13 04:55:00,1.14038,TRENDING_UP,92.35,0.000175,100
2026-07-13 04:55:00,1.14038,TRENDING_UP,92.8717,0.000174,100
2026-07-13 04:55:00,1.14038,TRENDING_UP,93.3561,0.000174,100
2026-07-13 04:55:00,1.14038,TRENDING_UP,93.8059,0.000174,100
2026-07-13 05:00:00,1.14054,TRENDING_UP,94.2344,0.000173,100
2026-07-13 05:00:00,1.14054,TRENDING_UP,94.6323,0.000173,100
2026-07-13 05:00:00,1.14054,TRENDING_UP,95.0017,0.000172,100
2026-07-13 05:00:00,1.14054,TRENDING_UP,95.3448,0.000172,100
2026-07-13 05:00:00,1.14054,TRENDING_UP,95.6634,0.000172,100
2026-07-13 05:00:00,1.14054,TRENDING_UP,95.9592,0.000171,100
2026-07-13 05:00:00,1.14054,TRENDING_UP,96.2339,0.000171,100
2026-07-13 05:00:00,1.14054,TRENDING_UP,96.4889,0.000171,100
2026-07-13 05:00:00,1.14054,TRENDING_UP,96.7258,0.00017,100
2026-07-13 05:00:00,1.14054,TRENDING_UP,96.9457,0.00017,100
2026-07-13 05:00:00,1.14054,TRENDING_UP,97.1499,0.00017,100
2026-07-13 05:00:00,1.14054,TRENDING_UP,97.3395,0.00017,100
2026-07-13 05:00:00,1.14054,TRENDING_UP,97.5156,0.000169,100
2026-07-13 05:00:00,1.14054,TRENDING_UP,97.6791,0.000169,100
2026-07-13 05:00:00,1.14054,TRENDING_UP,97.831,0.000169,100
2026-07-13 05:00:00,1.14054,TRENDING_UP,97.972,0.000169,100
2026-07-13 05:00:00,1.14054,TRENDING_UP,98.1029,0.000169,100
2026-07-13 05:00:00,1.14054,TRENDING_UP,98.2244,0.000168,100
2026-07-13 05:00:00,1.14054,TRENDING_UP,98.3373,0.000168,100
2026-07-13 05:05:00,1.140725,TRENDING_UP,98.4546,0.000172,100
2026-07-13 05:05:00,1.140725,TRENDING_UP,98.5634,0.000176,100
2026-07-13 05:05:00,1.140725,TRENDING_UP,98.6645,0.000179,100
2026-07-13 05:05:00,1.140725,TRENDING_UP,98.7584,0.000182,100
2026-07-13 05:05:00,1.140725,TRENDING_UP,98.8456,0.000185,100
2026-07-13 05:05:00,1.140725,TRENDING_UP,98.9265,0.000188,100
2026-07-13 05:05:00,1.140725,TRENDING_UP,99.0017,0.000191,100
2026-07-13 05:05:00,1.140725,TRENDING_UP,99.0715,0.000193,100
2026-07-13 05:05:00,1.140725,TRENDING_UP,99.1363,0.000195,100
2026-07-13 05:05:00,1.140725,TRENDING_UP,99.1965,0.000197,100
2026-07-13 05:05:00,1.140725,TRENDING_UP,99.2524,0.000199,100
2026-07-13 05:05:00,1.140725,TRENDING_UP,99.3043,0.000201,100
2026-07-13 05:05:00,1.140725,TRENDING_UP,99.3525,0.000202,100
2026-07-13 05:05:00,1.140725,TRENDING_UP,99.3972,0.000204,100
2026-07-13 05:05:00,1.140725,TRENDING_UP,99.4388,0.000205,100
2026-07-13 05:05:00,1.140725,TRENDING_UP,99.4773,0.000207,100
2026-07-13 05:05:00,1.140725,TRENDING_UP,99.5132,0.000208,100
2026-07-13 05:05:00,1.140725,TRENDING_UP,99.5464,0.000209,100
2026-07-13 05:05:00,1.140725,TRENDING_UP,99.5773,0.00021,100
2026-07-13 05:10:00,1.140815,TRENDING_UP,99.6072,0.000212,100
2026-07-13 05:10:00,1.140815,TRENDING_UP,99.6349,0.000214,100
2026-07-13 05:10:00,1.140815,TRENDING_UP,99.6607,0.000215,100
2026-07-13 05:10:00,1.140815,TRENDING_UP,99.6846,0.000217,100
2026-07-13 05:10:00,1.140815,TRENDING_UP,99.7068,0.000218,100
2026-07-13 05:10:00,1.140815,TRENDING_UP,99.7274,0.00022,100
2026-07-13 05:10:00,1.140815,TRENDING_UP,99.7466,0.000221,100
2026-07-13 05:10:00,1.140815,TRENDING_UP,99.7643,0.000222,100
2026-07-13 05:10:00,1.140815,TRENDING_UP,99.7808,0.000223,100
2026-07-13 05:10:00,1.140815,TRENDING_UP,99.7962,0.000224,100
2026-07-13 05:10:00,1.140815,TRENDING_UP,99.8104,0.000225,100
2026-07-13 05:10:00,1.140815,TRENDING_UP,99.8236,0.000226,100
2026-07-13 05:10:00,1.140815,TRENDING_UP,99.8359,0.000227,100
2026-07-13 05:10:00,1.140815,TRENDING_UP,99.8473,0.000227,100
2026-07-13 05:10:00,1.140815,TRENDING_UP,99.8579,0.000228,100
2026-07-13 05:10:00,1.140815,TRENDING_UP,99.8677,0.000229,100
2026-07-13 05:10:00,1.140815,TRENDING_UP,99.8768,0.000229,100
2026-07-13 05:10:00,1.140815,TRENDING_UP,99.8853,0.00023,100
2026-07-13 05:10:00,1.140815,TRENDING_UP,99.8932,0.00023,100
2026-07-13 05:15:00,1.140495,TRENDING_DOWN,96.1162,0.000236,100
2026-07-13 05:15:00,1.140495,TRENDING_DOWN,92.6089,0.000241,100
2026-07-13 05:15:00,1.140495,TRENDING_DOWN,89.3522,0.000246,100
2026-07-13 05:15:00,1.140495,TRENDING_DOWN,86.3281,0.00025,100
2026-07-13 05:15:00,1.140495,TRENDING_DOWN,83.52,0.000254,100
2026-07-13 05:15:00,1.140495,TRENDING_DOWN,80.9125,0.000258,100
2026-07-13 05:15:00,1.140495,TRENDING_DOWN,78.4912,0.000261,100
2026-07-13 05:15:00,1.140495,TRENDING_DOWN,76.2429,0.000265,100
2026-07-13 05:15:00,1.140495,TRENDING_DOWN,74.1552,0.000268,100
2026-07-13 05:15:00,1.140495,TRENDING_DOWN,72.2166,0.00027,100
2026-07-13 05:15:00,1.140495,TRENDING_DOWN,70.4165,0.000273,100
2026-07-13 05:15:00,1.140495,TRENDING_DOWN,68.7449,0.000275,100
2026-07-13 05:15:00,1.140495,TRENDING_DOWN,67.1928,0.000278,100
2026-07-13 05:15:00,1.140495,TRENDING_DOWN,65.7515,0.00028,100
2026-07-13 05:15:00,1.140495,TRENDING_DOWN,64.4132,0.000282,100
2026-07-13 05:15:00,1.140495,TRENDING_DOWN,63.1705,0.000283,100
2026-07-13 05:15:00,1.140495,TRENDING_DOWN,62.0165,0.000285,100
2026-07-13 05:15:00,1.140495,TRENDING_DOWN,60.9449,0.000287,100
2026-07-13 05:15:00,1.140495,TRENDING_DOWN,59.9499,0.000288,100
2026-07-13 05:20:00,1.140285,TRENDING_DOWN,62.2149,0.000288,100
2026-07-13 05:20:00,1.140285,TRENDING_DOWN,64.3181,0.000288,100
2026-07-13 05:20:00,1.140285,TRENDING_DOWN,66.271,0.000288,100
2026-07-13 05:20:00,1.140285,TRENDING_DOWN,68.0844,0.000288,100
2026-07-13 05:20:00,1.140285,TRENDING_DOWN,69.7684,0.000289,100
2026-07-13 05:20:00,1.140285,TRENDING_DOWN,71.332,0.000289,100
2026-07-13 05:20:00,1.140285,TRENDING_DOWN,72.7839,0.000289,100
2026-07-13 05:20:00,1.140285,TRENDING_DOWN,74.1322,0.000289,100
2026-07-13 05:20:00,1.140285,TRENDING_DOWN,75.3841,0.000289,100
2026-07-13 05:20:00,1.140285,TRENDING_DOWN,76.5466,0.000289,100
2026-07-13 05:20:00,1.140285,TRENDING_DOWN,77.6261,0.000289,100
2026-07-13 05:20:00,1.140285,TRENDING_DOWN,78.6285,0.000289,100
2026-07-13 05:20:00,1.140285,TRENDING_DOWN,79.5592,0.000289,100
2026-07-13 05:20:00,1.140285,TRENDING_DOWN,80.4235,0.000289,100
2026-07-13 05:20:00,1.140285,TRENDING_DOWN,81.2261,0.000289,100
2026-07-13 05:20:00,1.140285,TRENDING_DOWN,81.9713,0.000289,100
2026-07-13 05:20:00,1.140285,TRENDING_DOWN,82.6633,0.000289,100
2026-07-13 05:20:00,1.140285,TRENDING_DOWN,83.3059,0.000289,100
2026-07-13 05:20:00,1.140285,TRENDING_DOWN,83.9025,0.000289,100
2026-07-13 05:25:00,1.140155,TRENDING_DOWN,84.7826,0.000284,100
2026-07-13 05:25:00,1.140155,TRENDING_DOWN,85.5998,0.000278,100
2026-07-13 05:25:00,1.140155,TRENDING_DOWN,86.3586,0.000273,100
2026-07-13 05:25:00,1.140155,TRENDING_DOWN,87.0633,0.000269,100
2026-07-13 05:25:00,1.140155,TRENDING_DOWN,87.7176,0.000265,100
2026-07-13 05:25:00,1.140155,TRENDING_DOWN,88.3251,0.000261,100
2026-07-13 05:25:00,1.140155,TRENDING_DOWN,88.8893,0.000257,100
2026-07-13 05:25:00,1.140155,TRENDING_DOWN,89.4132,0.000254,100
2026-07-13 05:25:00,1.140155,TRENDING_DOWN,89.8996,0.000251,100
2026-07-13 05:25:00,1.140155,TRENDING_DOWN,90.3513,0.000248,100
2026-07-13 05:25:00,1.140155,TRENDING_DOWN,90.7708,0.000245,100
2026-07-13 05:25:00,1.140155,TRENDING_DOWN,91.1602,0.000243,100
2026-07-13 05:25:00,1.140155,TRENDING_DOWN,91.5219,0.000241,100
2026-07-13 05:25:00,1.140155,TRENDING_DOWN,91.8577,0.000238,100
2026-07-13 05:25:00,1.140155,TRENDING_DOWN,92.1696,0.000236,100
2026-07-13 05:25:00,1.140155,TRENDING_DOWN,92.4591,0.000235,100
2026-07-13 05:25:00,1.140155,TRENDING_DOWN,92.728,0.000233,100
2026-07-13 05:25:00,1.140155,TRENDING_DOWN,92.9777,0.000231,100
2026-07-13 05:25:00,1.140155,TRENDING_DOWN,93.2095,0.00023,100
2026-07-13 05:30:00,1.14023,TRENDING_DOWN,93.631,0.000232,100
2026-07-13 05:30:00,1.14023,TRENDING_DOWN,94.0224,0.000234,100
2026-07-13 05:30:00,1.14023,TRENDING_DOWN,94.3858,0.000236,100
2026-07-13 05:30:00,1.14023,TRENDING_UP,94.7232,0.000238,100
2026-07-13 05:30:00,1.14023,TRENDING_UP,95.0366,0.00024,100
2026-07-13 05:30:00,1.14023,TRENDING_UP,95.3275,0.000242,100
2026-07-13 05:30:00,1.14023,TRENDING_UP,95.5977,0.000243,100
2026-07-13 05:30:00,1.14023,TRENDING_UP,95.8486,0.000245,100
2026-07-13 05:30:00,1.14023,TRENDING_UP,96.0816,0.000246,100
2026-07-13 05:30:00,1.14023,TRENDING_UP,96.2979,0.000247,100
2026-07-13 05:30:00,1.14023,TRENDING_UP,96.4988,0.000248,100
2026-07-13 05:30:00,1.14023,TRENDING_UP,96.6853,0.000249,100
2026-07-13 05:30:00,1.14023,TRENDING_UP,96.8585,0.00025,100
2026-07-13 05:30:00,1.14023,TRENDING_UP,97.0193,0.000251,100
2026-07-13 05:30:00,1.14023,TRENDING_UP,97.1687,0.000252,100
2026-07-13 05:30:00,1.14023,TRENDING_UP,97.3073,0.000253,100
2026-07-13 05:30:00,1.14023,TRENDING_UP,97.4361,0.000254,100
2026-07-13 05:30:00,1.14023,TRENDING_UP,97.5557,0.000254,100
2026-07-13 05:30:00,1.14023,TRENDING_UP,97.6667,0.000255,100
2026-07-13 05:35:00,1.140255,TRENDING_UP,92.995,0.000246,100
2026-07-13 05:35:00,1.140255,TRENDING_UP,88.657,0.000238,100
2026-07-13 05:35:00,1.140255,TRENDING_UP,84.6288,0.00023,100
2026-07-13 05:35:00,1.140255,TRENDING_UP,80.8884,0.000223,100
2026-07-13 05:35:00,1.140255,TRENDING_UP,77.4152,0.000217,100
2026-07-13 05:35:00,1.140255,TRENDING_UP,74.19,0.000211,100
2026-07-13 05:35:00,1.140255,TRENDING_UP,71.1952,0.000205,100
2026-07-13 05:35:00,1.140255,TRENDING_UP,68.4143,0.0002,100
2026-07-13 05:35:00,1.140255,TRENDING_UP,65.8321,0.000195,100
2026-07-13 05:35:00,1.140255,TRENDING_UP,63.4343,0.00019,100
2026-07-13 05:35:00,1.140255,TRENDING_UP,61.2078,0.000186,100
2026-07-13 05:35:00,1.140255,TRENDING_UP,59.1403,0.000182,100
2026-07-13 05:35:00,1.140255,TRENDING_UP,57.2204,0.000179,100
2026-07-13 05:35:00,1.140255,TRENDING_UP,55.4378,0.000175,100
2026-07-13 05:35:00,1.140255,TRENDING_UP,53.7824,0.000172,100
2026-07-13 05:35:00,1.140255,TRENDING_UP,52.2453,0.000169,100
2026-07-13 05:35:00,1.140255,TRENDING_UP,50.818,0.000167,100
2026-07-13 05:35:00,1.140255,TRENDING_UP,49.4926,0.000164,100
2026-07-13 05:35:00,1.140255,TRENDING_UP,48.2619,0.000162,100
2026-07-13 05:40:00,1.14012,TRENDING_DOWN,49.5018,0.000163,100
2026-07-13 05:40:00,1.14012,TRENDING_DOWN,50.6531,0.000165,100
2026-07-13 05:40:00,1.14012,TRENDING_DOWN,51.7222,0.000166,100
2026-07-13 05:40:00,1.14012,TRENDING_DOWN,52.7149,0.000168,100
2026-07-13 05:40:00,1.14012,TRENDING_DOWN,53.6367,0.000169,100
2026-07-13 05:40:00,1.14012,TRENDING_DOWN,54.4927,0.00017,100
2026-07-13 05:40:00,1.14012,TRENDING_DOWN,55.2875,0.000171,100
2026-07-13 05:40:00,1.14012,TRENDING_DOWN,56.0255,0.000172,100
2026-07-13 05:40:00,1.14012,TRENDING_DOWN,56.7108,0.000173,100
2026-07-13 05:40:00,1.14012,TRENDING_DOWN,57.3472,0.000173,100
2026-07-13 05:40:00,1.14012,TRENDING_DOWN,57.9381,0.000174,100
2026-07-13 05:40:00,1.14012,TRENDING_DOWN,58.4869,0.000175,100
2026-07-13 05:40:00,1.14012,TRENDING_DOWN,58.9964,0.000176,100
2026-07-13 05:40:00,1.14012,TRENDING_DOWN,59.4695,0.000176,100
2026-07-13 05:40:00,1.14012,TRENDING_DOWN,59.9088,0.000177,100
2026-07-13 05:40:00,1.14012,TRENDING_DOWN,60.3168,0.000177,100
2026-07-13 05:40:00,1.14012,TRENDING_DOWN,60.6956,0.000178,100
2026-07-13 05:40:00,1.14012,TRENDING_DOWN,61.0473,0.000178,100
2026-07-13 05:40:00,1.14012,TRENDING_DOWN,61.374,0.000179,100
2026-07-13 05:45:00,1.14031,TRENDING_UP,63.4705,0.000185,100
2026-07-13 05:45:00,1.14031,TRENDING_UP,65.4173,0.000191,100
2026-07-13 05:45:00,1.14031,TRENDING_UP,67.225,0.000196,100
2026-07-13 05:45:00,1.14031,TRENDING_UP,68.9036,0.000201,100
2026-07-13 05:45:00,1.14031,TRENDING_UP,70.4623,0.000206,100
2026-07-13 05:45:00,1.14031,TRENDING_UP,71.9097,0.000211,100
2026-07-13 05:45:00,1.14031,TRENDING_UP,73.2537,0.000215,100
2026-07-13 05:45:00,1.14031,TRENDING_UP,74.5017,0.000218,100
2026-07-13 05:45:00,1.14031,TRENDING_UP,75.6605,0.000222,100
2026-07-13 05:45:00,1.14031,TRENDING_UP,76.7366,0.000225,100
2026-07-13 05:45:00,1.14031,TRENDING_UP,77.7358,0.000228,100
2026-07-13 05:45:00,1.14031,TRENDING_UP,78.6636,0.000231,100
2026-07-13 05:45:00,1.14031,TRENDING_UP,79.5252,0.000234,100
2026-07-13 05:45:00,1.14031,TRENDING_UP,80.3252,0.000236,100
2026-07-13 05:45:00,1.14031,TRENDING_UP,81.0681,0.000238,100
2026-07-13 05:45:00,1.14031,TRENDING_UP,81.7579,0.00024,100
2026-07-13 05:45:00,1.14031,TRENDING_UP,82.3984,0.000242,100
2026-07-13 05:45:00,1.14031,TRENDING_UP,82.9932,0.000244,100
2026-07-13 05:45:00,1.14031,TRENDING_UP,83.5455,0.000246,100
2026-07-13 05:50:00,1.14003,TRENDING_DOWN,81.4466,0.000256,100
2026-07-13 05:50:00,1.14003,TRENDING_DOWN,79.4977,0.000266,100
2026-07-13 05:50:00,1.14003,TRENDING_DOWN,77.6879,0.000275,100
2026-07-13 05:50:00,1.14003,TRENDING_DOWN,76.0074,0.000283,100
2026-07-13 05:50:00,1.14003,TRENDING_DOWN,74.447,0.000291,100
2026-07-13 05:50:00,1.14003,TRENDING_DOWN,72.998,0.000298,100
2026-07-13 05:50:00,1.14003,TRENDING_DOWN,71.6525,0.000304,100
2026-07-13 05:50:00,1.14003,TRENDING_DOWN,70.4031,0.00031,100
2026-07-13 05:50:00,1.14003,TRENDING_DOWN,69.243,0.000316,100
2026-07-13 05:50:00,1.14003,TRENDING_DOWN,68.1657,0.000321,100
2026-07-13 05:50:00,1.14003,TRENDING_DOWN,67.1654,0.000326,100
2026-07-13 05:50:00,1.14003,TRENDING_DOWN,66.2365,0.000331,100
2026-07-13 05:50:00,1.14003,TRENDING_DOWN,65.374,0.000335,100
2026-07-13 05:50:00,1.14003,TRENDING_DOWN,64.5731,0.000339,100
2026-07-13 05:50:00,1.14003,TRENDING_DOWN,63.8293,0.000343,100
2026-07-13 05:50:00,1.14003,TRENDING_DOWN,63.1388,0.000346,100
2026-07-13 05:50:00,1.14003,TRENDING_DOWN,62.4975,0.000349,100
2026-07-13 05:50:00,1.14003,TRENDING_DOWN,61.902,0.000352,100
2026-07-13 05:50:00,1.14003,TRENDING_DOWN,61.3491,0.000355,100
2026-07-13 05:55:00,1.13985,TRENDING_DOWN,63.0935,0.000355,100
2026-07-13 05:55:00,1.13985,TRENDING_DOWN,64.7133,0.000355,100
2026-07-13 05:55:00,1.13985,TRENDING_DOWN,66.2174,0.000355,100
2026-07-13 05:55:00,1.13985,TRENDING_DOWN,67.6141,0.000355,100
2026-07-13 05:55:00,1.13985,TRENDING_DOWN,68.911,0.000355,100
2026-07-13 05:55:00,1.13985,TRENDING_DOWN,70.1152,0.000355,100
2026-07-13 05:55:00,1.13985,TRENDING_DOWN,71.2335,0.000355,100
2026-07-13 05:55:00,1.13985,TRENDING_DOWN,72.2718,0.000355,100
2026-07-13 05:55:00,1.13985,TRENDING_DOWN,73.236,0.000355,100
2026-07-13 05:55:00,1.13985,TRENDING_DOWN,74.1314,0.000355,100
2026-07-13 05:55:00,1.13985,TRENDING_DOWN,74.9627,0.000355,100
2026-07-13 05:55:00,1.13985,TRENDING_DOWN,75.7347,0.000355,100
2026-07-13 05:55:00,1.13985,TRENDING_DOWN,76.4516,0.000355,100
2026-07-13 05:55:00,1.13985,TRENDING_DOWN,77.1172,0.000355,100
2026-07-13 05:55:00,1.13985,TRENDING_DOWN,77.7353,0.000355,100
2026-07-13 05:55:00,1.13985,TRENDING_DOWN,78.3093,0.000355,100
2026-07-13 05:55:00,1.13985,TRENDING_DOWN,78.8422,0.000355,100
2026-07-13 05:55:00,1.13985,TRENDING_DOWN,79.3371,0.000355,100
2026-07-13 05:55:00,1.13985,TRENDING_DOWN,79.7967,0.000355,100
2026-07-13 06:00:00,1.1398,TRENDING_DOWN,80.5989,0.000349,100
2026-07-13 06:00:00,1.1398,TRENDING_DOWN,81.3438,0.000343,100
2026-07-13 06:00:00,1.1398,TRENDING_DOWN,82.0355,0.000338,100
2026-07-13 06:00:00,1.1398,TRENDING_DOWN,82.6778,0.000333,100
2026-07-13 06:00:00,1.1398,TRENDING_DOWN,83.2742,0.000328,100
2026-07-13 06:00:00,1.1398,TRENDING_DOWN,83.828,0.000324,100
2026-07-13 06:00:00,1.1398,TRENDING_DOWN,84.3422,0.00032,100
2026-07-13 06:00:00,1.1398,TRENDING_DOWN,84.8198,0.000316,100
2026-07-13 06:00:00,1.1398,TRENDING_DOWN,85.2632,0.000313,100
2026-07-13 06:00:00,1.1398,TRENDING_DOWN,85.6749,0.000309,100
2026-07-13 06:00:00,1.1398,TRENDING_DOWN,86.0572,0.000306,100
2026-07-13 06:00:00,1.1398,TRENDING_DOWN,86.4123,0.000304,100
2026-07-13 06:00:00,1.1398,TRENDING_DOWN,86.7419,0.000301,100
2026-07-13 06:00:00,1.1398,TRENDING_DOWN,87.048,0.000299,100
2026-07-13 06:00:00,1.1398,TRENDING_DOWN,87.3323,0.000296,100
2026-07-13 06:00:00,1.1398,TRENDING_DOWN,87.5962,0.000294,100
2026-07-13 06:00:00,1.1398,TRENDING_DOWN,87.8413,0.000292,100
2026-07-13 06:00:00,1.1398,TRENDING_DOWN,88.0689,0.000291,100
2026-07-13 06:00:00,1.1398,TRENDING_DOWN,88.2802,0.000289,100
2026-07-13 06:05:00,1.139745,TRENDING_DOWN,88.9047,0.000289,100
2026-07-13 06:05:00,1.139745,TRENDING_DOWN,89.4846,0.000289,100
2026-07-13 06:05:00,1.139745,TRENDING_DOWN,90.023,0.000289,100
2026-07-13 06:05:00,1.139745,TRENDING_DOWN,90.523,0.000289,100
2026-07-13 06:05:00,1.139745,TRENDING_DOWN,90.9873,0.000289,100
2026-07-13 06:05:00,1.139745,TRENDING_DOWN,91.4184,0.000289,100
2026-07-13 06:05:00,1.139745,TRENDING_DOWN,91.8187,0.000289,100
2026-07-13 06:05:00,1.139745,TRENDING_DOWN,92.1904,0.000289,100
2026-07-13 06:05:00,1.139745,TRENDING_DOWN,92.5356,0.000289,100
2026-07-13 06:05:00,1.139745,TRENDING_DOWN,92.8561,0.000289,100
2026-07-13 06:05:00,1.139745,TRENDING_DOWN,93.1537,0.000289,100
2026-07-13 06:05:00,1.139745,TRENDING_DOWN,93.4301,0.000289,100
2026-07-13 06:05:00,1.139745,TRENDING_DOWN,93.6867,0.000289,100
2026-07-13 06:05:00,1.139745,TRENDING_DOWN,93.925,0.000289,100
2026-07-13 06:05:00,1.139745,TRENDING_DOWN,94.1463,0.000289,100
2026-07-13 06:05:00,1.139745,TRENDING_DOWN,94.3517,0.000289,100
2026-07-13 06:05:00,1.139745,TRENDING_DOWN,94.5425,0.000289,100
2026-07-13 06:05:00,1.139745,TRENDING_DOWN,94.7197,0.000289,100
2026-07-13 06:05:00,1.139745,TRENDING_DOWN,94.8842,0.000289,100
2026-07-13 06:10:00,1.13966,TRENDING_DOWN,95.0764,0.000289,100
2026-07-13 06:10:00,1.13966,TRENDING_DOWN,95.2548,0.000289,100
2026-07-13 06:10:00,1.13966,TRENDING_DOWN,95.4205,0.000289,100
2026-07-13 06:10:00,1.13966,TRENDING_DOWN,95.5744,0.000289,100
2026-07-13 06:10:00,1.13966,TRENDING_DOWN,95.7173,0.000289,100
2026-07-13 06:10:00,1.13966,TRENDING_DOWN,95.85,0.000289,100
2026-07-13 06:10:00,1.13966,TRENDING_DOWN,95.9732,0.000289,100
2026-07-13 06:10:00,1.13966,TRENDING_DOWN,96.0876,0.000289,100
2026-07-13 06:10:00,1.13966,TRENDING_DOWN,96.1938,0.000289,100
2026-07-13 06:10:00,1.13966,TRENDING_DOWN,96.2924,0.00029,100
2026-07-13 06:10:00,1.13966,TRENDING_DOWN,96.384,0.00029,100
2026-07-13 06:10:00,1.13966,TRENDING_DOWN,96.4691,0.00029,100
2026-07-13 06:10:00,1.13966,TRENDING_DOWN,96.5481,0.00029,100
2026-07-13 06:10:00,1.13966,TRENDING_DOWN,96.6214,0.00029,100
2026-07-13 06:10:00,1.13966,TRENDING_DOWN,96.6895,0.00029,100
2026-07-13 06:10:00,1.13966,TRENDING_DOWN,96.7527,0.00029,100
2026-07-13 06:10:00,1.13966,TRENDING_DOWN,96.8115,0.00029,100
2026-07-13 06:10:00,1.13966,TRENDING_DOWN,96.866,0.00029,100
2026-07-13 06:10:00,1.13966,TRENDING_DOWN,96.9166,0.00029,100
2026-07-13 06:15:00,1.13999,TRENDING_UP,96.2206,0.000291,100
2026-07-13 06:15:00,1.13999,TRENDING_UP,95.5742,0.000292,100
2026-07-13 06:15:00,1.13999,TRENDING_UP,94.9741,0.000293,100
2026-07-13 06:15:00,1.13999,TRENDING_UP,94.4168,0.000294,100
2026-07-13 06:15:00,1.13999,TRENDING_UP,93.8993,0.000295,100
2026-07-13 06:15:00,1.13999,TRENDING_UP,93.4188,0.000296,100
2026-07-13 06:15:00,1.13999,TRENDING_UP,92.9726,0.000297,100
2026-07-13 06:15:00,1.13999,TRENDING_UP,92.5583,0.000297,100
2026-07-13 06:15:00,1.13999,TRENDING_UP,92.1735,0.000298,100
2026-07-13 06:15:00,1.13999,TRENDING_UP,91.8163,0.000299,100
2026-07-13 06:15:00,1.13999,TRENDING_UP,91.4845,0.000299,100
2026-07-13 06:15:00,1.13999,TRENDING_UP,91.1765,0.0003,100
2026-07-13 06:15:00,1.13999,TRENDING_UP,90.8905,0.0003,100
2026-07-13 06:15:00,1.13999,TRENDING_UP,90.6249,0.000301,100
2026-07-13 06:15:00,1.13999,TRENDING_UP,90.3782,0.000301,100
2026-07-13 06:15:00,1.13999,TRENDING_UP,90.1492,0.000302,100
2026-07-13 06:15:00,1.13999,TRENDING_UP,89.9366,0.000302,100
2026-07-13 06:15:00,1.13999,TRENDING_UP,89.7391,0.000302,100
2026-07-13 06:15:00,1.13999,TRENDING_UP,89.5557,0.000303,100
2026-07-13 06:20:00,1.14009,TRENDING_UP,90.2189,0.000301,100
2026-07-13 06:20:00,1.14009,TRENDING_UP,90.8347,0.0003,100
2026-07-13 06:20:00,1.14009,TRENDING_UP,91.4065,0.000299,100
2026-07-13 06:20:00,1.14009,TRENDING_UP,91.9375,0.000298,100
2026-07-13 06:20:00,1.14009,TRENDING_UP,92.4305,0.000297,100
2026-07-13 06:20:00,1.14009,TRENDING_UP,92.8883,0.000296,100
2026-07-13 06:20:00,1.14009,TRENDING_UP,93.3135,0.000296,100
2026-07-13 06:20:00,1.14009,TRENDING_UP,93.7082,0.000295,100
2026-07-13 06:20:00,1.14009,TRENDING_UP,94.0748,0.000294,100
2026-07-13 06:20:00,1.14009,TRENDING_UP,94.4152,0.000293,100
2026-07-13 06:20:00,1.14009,TRENDING_UP,94.7312,0.000293,100
2026-07-13 06:20:00,1.14009,TRENDING_UP,95.0247,0.000292,100
2026-07-13 06:20:00,1.14009,TRENDING_UP,95.2972,0.000292,100
2026-07-13 06:20:00,1.14009,TRENDING_UP,95.5503,0.000291,100
2026-07-13 06:20:00,1.14009,TRENDING_UP,95.7853,0.000291,100
2026-07-13 06:20:00,1.14009,TRENDING_UP,96.0035,0.00029,100
2026-07-13 06:20:00,1.14009,TRENDING_UP,96.2061,0.00029,100
2026-07-13 06:20:00,1.14009,TRENDING_UP,96.3942,0.00029,100
2026-07-13 06:20:00,1.14009,TRENDING_UP,96.5689,0.000289,100
2026-07-13 06:25:00,1.14037,TRENDING_UP,96.7871,0.000288,100
2026-07-13 06:25:00,1.14037,TRENDING_UP,96.9898,0.000286,100
2026-07-13 06:25:00,1.14037,TRENDING_UP,97.1779,0.000285,100
2026-07-13 06:25:00,1.14037,TRENDING_UP,97.3526,0.000284,100
2026-07-13 06:25:00,1.14037,TRENDING_UP,97.5148,0.000283,100
2026-07-13 06:25:00,1.14037,TRENDING_UP,97.6654,0.000281,100
2026-07-13 06:25:00,1.14037,TRENDING_UP,97.8053,0.00028,100
2026-07-13 06:25:00,1.14037,TRENDING_UP,97.9352,0.00028,100
2026-07-13 06:25:00,1.14037,TRENDING_UP,98.0558,0.000279,100
2026-07-13 06:25:00,1.14037,TRENDING_UP,98.1678,0.000278,100
2026-07-13 06:25:00,1.14037,TRENDING_UP,98.2718,0.000277,100
2026-07-13 06:25:00,1.14037,TRENDING_UP,98.3684,0.000276,100
2026-07-13 06:25:00,1.14037,TRENDING_UP,98.458,0.000276,100
2026-07-13 06:25:00,1.14037,TRENDING_UP,98.5413,0.000275,100
2026-07-13 06:25:00,1.14037,TRENDING_UP,98.6186,0.000275,100
2026-07-13 06:25:00,1.14037,TRENDING_UP,98.6904,0.000274,100
2026-07-13 06:25:00,1.14037,TRENDING_UP,98.757,0.000274,100
2026-07-13 06:25:00,1.14037,TRENDING_UP,98.819,0.000273,100
2026-07-13 06:25:00,1.14037,TRENDING_UP,98.8764,0.000273,100
2026-07-13 06:30:00,1.140495,TRENDING_UP,98.9534,0.000283,100
2026-07-13 06:30:00,1.140495,TRENDING_UP,99.0248,0.000293,100
2026-07-13 06:30:00,1.140495,TRENDING_UP,99.0911,0.000302,100
2026-07-13 06:30:00,1.140495,TRENDING_UP,99.1527,0.000311,100
2026-07-13 06:30:00,1.140495,TRENDING_UP,99.2099,0.000319,100
2026-07-13 06:30:00,1.140495,TRENDING_UP,99.2631,0.000326,100
2026-07-13 06:30:00,1.140495,TRENDING_UP,99.3124,0.000333,100
2026-07-13 06:30:00,1.140495,TRENDING_UP,99.3582,0.000339,100
2026-07-13 06:30:00,1.140495,TRENDING_UP,99.4007,0.000345,100
2026-07-13 06:30:00,1.140495,TRENDING_UP,99.4402,0.00035,100
2026-07-13 06:30:00,1.140495,TRENDING_UP,99.4769,0.000355,100
2026-07-13 06:30:00,1.140495,TRENDING_UP,99.5109,0.00036,100
2026-07-13 06:30:00,1.140495,TRENDING_UP,99.5425,0.000364,100
2026-07-13 06:30:00,1.140495,TRENDING_UP,99.5719,0.000368,100
2026-07-13 06:30:00,1.140495,TRENDING_UP,99.5992,0.000372,100
2026-07-13 06:30:00,1.140495,TRENDING_UP,99.6245,0.000376,100
2026-07-13 06:30:00,1.140495,TRENDING_UP,99.648,0.000379,100
2026-07-13 06:30:00,1.140495,TRENDING_UP,99.6698,0.000382,100
2026-07-13 06:30:00,1.140495,TRENDING_UP,99.6901,0.000385,100
2026-07-13 06:35:00,1.140705,TRENDING_UP,99.7089,0.000374,100
2026-07-13 06:35:00,1.140705,TRENDING_UP,99.7264,0.000365,100
2026-07-13 06:35:00,1.140705,TRENDING_UP,99.7426,0.000356,100
2026-07-13 06:35:00,1.140705,TRENDING_UP,99.7577,0.000348,100
2026-07-13 06:35:00,1.140705,TRENDING_UP,99.7717,0.00034,100
2026-07-13 06:35:00,1.140705,TRENDING_UP,99.7846,0.000333,100
2026-07-13 06:35:00,1.140705,TRENDING_UP,99.7967,0.000326,100
2026-07-13 06:35:00,1.140705,TRENDING_UP,99.8079,0.00032,100
2026-07-13 06:35:00,1.140705,TRENDING_UP,99.8183,0.000315,100
2026-07-13 06:35:00,1.140705,TRENDING_UP,99.828,0.000309,100
2026-07-13 06:35:00,1.140705,TRENDING_UP,99.8369,0.000305,100
2026-07-13 06:35:00,1.140705,TRENDING_UP,99.8453,0.0003,100
2026-07-13 06:35:00,1.140705,TRENDING_UP,99.853,0.000296,100
2026-07-13 06:35:00,1.140705,TRENDING_UP,99.8602,0.000292,100
2026-07-13 06:35:00,1.140705,TRENDING_UP,99.8669,0.000288,100
2026-07-13 06:35:00,1.140705,TRENDING_UP,99.873,0.000285,100
2026-07-13 06:35:00,1.140705,TRENDING_UP,99.8788,0.000282,100
2026-07-13 06:35:00,1.140705,TRENDING_UP,99.8841,0.000279,100
2026-07-13 06:35:00,1.140705,TRENDING_UP,99.8891,0.000276,100
2026-07-13 06:40:00,1.140485,TRENDING_UP,94.8522,0.000278,100
2026-07-13 06:40:00,1.140485,TRENDING_DOWN,90.1751,0.00028,100
2026-07-13 06:40:00,1.140485,TRENDING_DOWN,85.832,0.000281,100
2026-07-13 06:40:00,1.140485,TRENDING_DOWN,81.7992,0.000283,100
2026-07-13 06:40:00,1.140485,TRENDING_DOWN,78.0545,0.000284,100
2026-07-13 06:40:00,1.140485,TRENDING_DOWN,74.5772,0.000286,100
2026-07-13 06:40:00,1.140485,TRENDING_DOWN,71.3483,0.000287,100
2026-07-13 06:40:00,1.140485,TRENDING_DOWN,68.35,0.000288,100
2026-07-13 06:40:00,1.140485,TRENDING_DOWN,65.5659,0.000289,100
2026-07-13 06:40:00,1.140485,TRENDING_DOWN,62.9807,0.00029,100
2026-07-13 06:40:00,1.140485,TRENDING_DOWN,60.5801,0.000291,100
2026-07-13 06:40:00,1.140485,TRENDING_DOWN,58.351,0.000292,100
2026-07-13 06:40:00,1.140485,TRENDING_DOWN,56.2811,0.000292,100
2026-07-13 06:40:00,1.140485,TRENDING_DOWN,54.359,0.000293,100
2026-07-13 06:40:00,1.140485,TRENDING_DOWN,52.5743,0.000294,100
2026-07-13 06:40:00,1.140485,TRENDING_DOWN,50.917,0.000294,100
2026-07-13 06:40:00,1.140485,TRENDING_DOWN,49.3781,0.000295,100
2026-07-13 06:40:00,1.140485,TRENDING_DOWN,47.9492,0.000296,100
2026-07-13 06:40:00,1.140485,TRENDING_DOWN,46.6223,0.000296,100
2026-07-13 06:45:00,1.14052,TRENDING_DOWN,49.759,0.00029,100
2026-07-13 06:45:00,1.14052,TRENDING_DOWN,52.6717,0.000284,100
2026-07-13 06:45:00,1.14052,TRENDING_DOWN,55.3763,0.000278,100
2026-07-13 06:45:00,1.14052,TRENDING_DOWN,57.8878,0.000273,100
2026-07-13 06:45:00,1.14052,TRENDING_DOWN,60.2198,0.000268,100
2026-07-13 06:45:00,1.14052,TRENDING_DOWN,62.3853,0.000264,100
2026-07-13 06:45:00,1.14052,TRENDING_DOWN,64.3961,0.00026,100
2026-07-13 06:45:00,1.14052,TRENDING_DOWN,66.2633,0.000256,100
2026-07-13 06:45:00,1.14052,TRENDING_DOWN,67.9971,0.000252,100
2026-07-13 06:45:00,1.14052,TRENDING_DOWN,69.607,0.000249,100
2026-07-13 06:45:00,1.14052,TRENDING_DOWN,71.102,0.000246,100
2026-07-13 06:45:00,1.14052,TRENDING_DOWN,72.4902,0.000243,100
2026-07-13 06:45:00,1.14052,TRENDING_DOWN,73.7792,0.00024,100
2026-07-13 06:45:00,1.14052,TRENDING_UP,74.9762,0.000238,100
2026-07-13 06:45:00,1.14052,TRENDING_UP,76.0876,0.000236,100
2026-07-13 06:45:00,1.14052,TRENDING_UP,77.1197,0.000234,100
2026-07-13 06:45:00,1.14052,TRENDING_UP,78.078,0.000232,100
2026-07-13 06:45:00,1.14052,TRENDING_UP,78.9679,0.00023,100
2026-07-13 06:45:00,1.14052,TRENDING_UP,79.7943,0.000228,100
2026-07-13 06:50:00,1.140315,TRENDING_DOWN,78.9021,0.000244,100
2026-07-13 06:50:00,1.140315,TRENDING_DOWN,78.0737,0.000258,100
2026-07-13 06:50:00,1.140315,TRENDING_DOWN,77.3045,0.000272,100
2026-07-13 06:50:00,1.140315,TRENDING_DOWN,76.5902,0.000284,100
2026-07-13 06:50:00,1.140315,TRENDING_DOWN,75.9269,0.000296,100
2026-07-13 06:50:00,1.140315,TRENDING_DOWN,75.311,0.000307,100
2026-07-13 06:50:00,1.140315,TRENDING_DOWN,74.7391,0.000317,100
2026-07-13 06:50:00,1.140315,TRENDING_DOWN,74.2081,0.000326,100
2026-07-13 06:50:00,1.140315,TRENDING_DOWN,73.7149,0.000335,100
2026-07-13 06:50:00,1.140315,TRENDING_DOWN,73.257,0.000343,100
2026-07-13 06:50:00,1.140315,TRENDING_DOWN,72.8318,0.00035,100
2026-07-13 06:50:00,1.140315,TRENDING_DOWN,72.437,0.000357,100
2026-07-13 06:50:00,1.140315,TRENDING_DOWN,72.0704,0.000364,100
2026-07-13 06:50:00,1.140315,TRENDING_DOWN,71.73,0.00037,100
2026-07-13 06:50:00,1.140315,TRENDING_DOWN,71.4139,0.000375,100
2026-07-13 06:50:00,1.140315,TRENDING_DOWN,71.1203,0.00038,100
2026-07-13 06:50:00,1.140315,TRENDING_DOWN,70.8478,0.000385,100
2026-07-13 06:50:00,1.140315,TRENDING_DOWN,70.5947,0.00039,100
2026-07-13 06:50:00,1.140315,TRENDING_DOWN,70.3596,0.000394,100
2026-07-13 06:55:00,1.1401,TRENDING_DOWN,70.0067,0.000385,100
2026-07-13 06:55:00,1.1401,TRENDING_DOWN,69.679,0.000376,100
2026-07-13 06:55:00,1.1401,TRENDING_DOWN,69.3747,0.000369,100
2026-07-13 06:55:00,1.1401,TRENDING_DOWN,69.0922,0.000361,100
2026-07-13 06:55:00,1.1401,TRENDING_DOWN,68.8298,0.000355,100
2026-07-13 06:55:00,1.1401,TRENDING_DOWN,68.5862,0.000348,100
2026-07-13 06:55:00,1.1401,TRENDING_DOWN,68.3599,0.000343,100
2026-07-13 06:55:00,1.1401,TRENDING_DOWN,68.1498,0.000337,100
2026-07-13 06:55:00,1.1401,TRENDING_DOWN,67.9548,0.000332,100
2026-07-13 06:55:00,1.1401,TRENDING_DOWN,67.7736,0.000328,100
2026-07-13 06:55:00,1.1401,TRENDING_DOWN,67.6054,0.000323,100
2026-07-13 06:55:00,1.1401,TRENDING_DOWN,67.4493,0.000319,100
2026-07-13 06:55:00,1.1401,TRENDING_DOWN,67.3042,0.000316,100
2026-07-13 06:55:00,1.1401,TRENDING_DOWN,67.1696,0.000312,100
2026-07-13 06:55:00,1.1401,TRENDING_DOWN,67.0445,0.000309,100
2026-07-13 06:55:00,1.1401,TRENDING_DOWN,66.9284,0.000306,100
2026-07-13 06:55:00,1.1401,TRENDING_DOWN,66.8206,0.000303,100
2026-07-13 06:55:00,1.1401,TRENDING_DOWN,66.7205,0.000301,100
2026-07-13 06:55:00,1.1401,TRENDING_DOWN,66.6275,0.000298,100
2026-07-13 07:00:00,1.140575,TRENDING_UP,67.3022,0.00031,100
2026-07-13 07:00:00,1.140575,TRENDING_UP,67.9288,0.000322,100
2026-07-13 07:00:00,1.140575,TRENDING_UP,68.5106,0.000332,100
2026-07-13 07:00:00,1.140575,TRENDING_UP,69.0508,0.000342,100
2026-07-13 07:00:00,1.140575,TRENDING_UP,69.5524,0.000351,100
2026-07-13 07:00:00,1.140575,TRENDING_UP,70.0183,0.00036,100
2026-07-13 07:00:00,1.140575,TRENDING_UP,70.4508,0.000367,100
2026-07-13 07:00:00,1.140575,TRENDING_UP,70.8525,0.000375,100
2026-07-13 07:00:00,1.140575,TRENDING_UP,71.2254,0.000381,100
2026-07-13 07:00:00,1.140575,TRENDING_UP,71.5717,0.000388,100
2026-07-13 07:00:00,1.140575,TRENDING_UP,71.8933,0.000393,100
2026-07-13 07:00:00,1.140575,TRENDING_UP,72.1919,0.000399,100
2026-07-13 07:00:00,1.140575,TRENDING_UP,72.4692,0.000404,100
2026-07-13 07:00:00,1.140575,TRENDING_UP,72.7267,0.000409,100
2026-07-13 07:00:00,1.140575,TRENDING_UP,72.9658,0.000413,100
2026-07-13 07:00:00,1.140575,TRENDING_UP,73.1878,0.000417,100
2026-07-13 07:00:00,1.140575,TRENDING_UP,73.3939,0.000421,100
2026-07-13 07:00:00,1.140575,TRENDING_UP,73.5853,0.000424,100
2026-07-13 07:00:00,1.140575,TRENDING_UP,73.7631,0.000427,100
2026-07-13 07:05:00,1.14078,TRENDING_UP,75.1123,0.000423,100
2026-07-13 07:05:00,1.14078,TRENDING_UP,76.3651,0.000419,100
2026-07-13 07:05:00,1.14078,TRENDING_UP,77.5284,0.000415,100
2026-07-13 07:05:00,1.14078,TRENDING_UP,78.6086,0.000412,100
2026-07-13 07:05:00,1.14078,TRENDING_UP,79.6117,0.000409,100
2026-07-13 07:05:00,1.14078,TRENDING_UP,80.5431,0.000406,100
2026-07-13 07:05:00,1.14078,TRENDING_UP,81.408,0.000403,100
2026-07-13 07:05:00,1.14078,TRENDING_UP,82.2111,0.000401,100
2026-07-13 07:05:00,1.14078,TRENDING_UP,82.9568,0.000398,100
2026-07-13 07:05:00,1.14078,TRENDING_UP,83.6493,0.000396,100
2026-07-13 07:05:00,1.14078,TRENDING_UP,84.2923,0.000394,100
2026-07-13 07:05:00,1.14078,TRENDING_UP,84.8894,0.000392,100
2026-07-13 07:05:00,1.14078,TRENDING_UP,85.4439,0.000391,100
2026-07-13 07:05:00,1.14078,TRENDING_UP,85.9587,0.000389,100
2026-07-13 07:05:00,1.14078,TRENDING_UP,86.4367,0.000388,100
2026-07-13 07:05:00,1.14078,TRENDING_UP,86.8807,0.000386,100
2026-07-13 07:05:00,1.14078,TRENDING_UP,87.2929,0.000385,100
2026-07-13 07:05:00,1.14078,TRENDING_UP,87.6756,0.000384,100
2026-07-13 07:05:00,1.14078,TRENDING_UP,88.031,0.000383,100
2026-07-13 07:10:00,1.140825,TRENDING_UP,88.7627,0.000378,100
2026-07-13 07:10:00,1.140825,TRENDING_UP,89.4421,0.000373,100
2026-07-13 07:10:00,1.140825,TRENDING_UP,90.0729,0.000369,100
2026-07-13 07:10:00,1.140825,TRENDING_UP,90.6587,0.000365,100
2026-07-13 07:10:00,1.140825,TRENDING_UP,91.2026,0.000362,100
2026-07-13 07:10:00,1.140825,TRENDING_UP,91.7077,0.000359,100
2026-07-13 07:10:00,1.140825,TRENDING_UP,92.1767,0.000355,100
2026-07-13 07:10:00,1.140825,TRENDING_UP,92.6122,0.000353,100
2026-07-13 07:10:00,1.140825,TRENDING_UP,93.0167,0.00035,100
2026-07-13 07:10:00,1.140825,TRENDING_UP,93.3922,0.000348,100
2026-07-13 07:10:00,1.140825,TRENDING_UP,93.7409,0.000345,100
2026-07-13 07:10:00,1.140825,TRENDING_UP,94.0647,0.000343,100
2026-07-13 07:10:00,1.140825,TRENDING_UP,94.3653,0.000341,100
2026-07-13 07:10:00,1.140825,TRENDING_UP,94.6445,0.000339,100
2026-07-13 07:10:00,1.140825,TRENDING_UP,94.9037,0.000338,100
2026-07-13 07:10:00,1.140825,TRENDING_UP,95.1445,0.000336,100
2026-07-13 07:10:00,1.140825,TRENDING_UP,95.368,0.000335,100
2026-07-13 07:10:00,1.140825,TRENDING_UP,95.5756,0.000333,100
2026-07-13 07:10:00,1.140825,TRENDING_UP,95.7683,0.000332,100
2026-07-13 07:15:00,1.14075,TRENDING_UP,90.9577,0.00032,100
2026-07-13 07:15:00,1.14075,TRENDING_DOWN,86.4906,0.000309,100
2026-07-13 07:15:00,1.14075,TRENDING_DOWN,82.3427,0.000299,100
2026-07-13 07:15:00,1.14075,TRENDING_DOWN,78.491,0.00029,100
2026-07-13 07:15:00,1.14075,TRENDING_DOWN,74.9145,0.000281,100
2026-07-13 07:15:00,1.14075,TRENDING_DOWN,71.5934,0.000273,100
2026-07-13 07:15:00,1.14075,TRENDING_DOWN,68.5095,0.000265,100
2026-07-13 07:15:00,1.14075,TRENDING_DOWN,65.6459,0.000258,100
2026-07-13 07:15:00,1.14075,TRENDING_DOWN,62.9869,0.000251,100
2026-07-13 07:15:00,1.14075,TRENDING_DOWN,60.5178,0.000245,100
2026-07-13 07:15:00,1.14075,TRENDING_DOWN,58.225,0.00024,100
2026-07-13 07:15:00,1.14075,TRENDING_DOWN,56.0961,0.000235,100
2026-07-13 07:15:00,1.14075,TRENDING_DOWN,54.1191,0.00023,100
2026-07-13 07:15:00,1.14075,TRENDING_DOWN,52.2834,0.000225,100
2026-07-13 07:15:00,1.14075,TRENDING_DOWN,50.5789,0.000221,100
2026-07-13 07:15:00,1.14075,TRENDING_DOWN,48.996,0.000217,100
2026-07-13 07:15:00,1.14075,TRENDING_DOWN,47.5263,0.000213,100
2026-07-13 07:15:00,1.14075,TRENDING_DOWN,46.1615,0.00021,100
2026-07-13 07:15:00,1.14075,TRENDING_DOWN,44.8942,0.000207,100
2026-07-13 07:20:00,1.14081,TRENDING_DOWN,47.7608,0.00021,100
2026-07-13 07:20:00,1.14081,TRENDING_UP,50.4227,0.000212,100
2026-07-13 07:20:00,1.14081,TRENDING_UP,52.8944,0.000215,100
2026-07-13 07:20:00,1.14081,TRENDING_UP,55.1896,0.000217,100
2026-07-13 07:20:00,1.14081,TRENDING_UP,57.3209,0.000219,100
2026-07-13 07:20:00,1.14081,TRENDING_UP,59.2999,0.000221,100
2026-07-13 07:20:00,1.14081,TRENDING_UP,61.1375,0.000223,100
2026-07-13 07:20:00,1.14081,TRENDING_UP,62.8439,0.000224,100
2026-07-13 07:20:00,1.14081,TRENDING_UP,64.4284,0.000226,100
2026-07-13 07:20:00,1.14081,TRENDING_UP,65.8998,0.000227,100
2026-07-13 07:20:00,1.14081,TRENDING_UP,67.266,0.000228,100
2026-07-13 07:20:00,1.14081,TRENDING_UP,68.5346,0.00023,100
2026-07-13 07:20:00,1.14081,TRENDING_UP,69.7127,0.000231,100
2026-07-13 07:20:00,1.14081,TRENDING_UP,70.8065,0.000232,100
2026-07-13 07:20:00,1.14081,TRENDING_UP,71.8223,0.000233,100
2026-07-13 07:20:00,1.14081,TRENDING_UP,72.7655,0.000234,100
2026-07-13 07:20:00,1.14081,TRENDING_UP,73.6413,0.000235,100
2026-07-13 07:20:00,1.14081,TRENDING_UP,74.4546,0.000235,100
2026-07-13 07:20:00,1.14081,TRENDING_UP,75.2098,0.000236,100
2026-07-13 07:25:00,1.140925,TRENDING_UP,71.7356,0.000236,100
2026-07-13 07:25:00,1.140925,TRENDING_UP,68.5096,0.000237,100
2026-07-13 07:25:00,1.140925,TRENDING_UP,65.514,0.000237,100
2026-07-13 07:25:00,1.140925,TRENDING_UP,62.7324,0.000237,100
2026-07-13 07:25:00,1.140925,TRENDING_UP,60.1495,0.000238,100
2026-07-13 07:25:00,1.140925,TRENDING_UP,57.751,0.000238,100
2026-07-13 07:25:00,1.140925,TRENDING_UP,55.5239,0.000238,100
2026-07-13 07:25:00,1.140925,TRENDING_UP,53.4559,0.000238,100
2026-07-13 07:25:00,1.140925,TRENDING_UP,51.5356,0.000238,100
2026-07-13 07:25:00,1.140925,TRENDING_UP,49.7524,0.000239,100
2026-07-13 07:25:00,1.140925,TRENDING_UP,48.0966,0.000239,100
2026-07-13 07:25:00,1.140925,TRENDING_UP,46.5591,0.000239,100
2026-07-13 07:25:00,1.140925,TRENDING_UP,45.1314,0.000239,100
2026-07-13 07:25:00,1.140925,TRENDING_UP,43.8057,0.000239,100
2026-07-13 07:25:00,1.140925,TRENDING_UP,42.5747,0.000239,100
2026-07-13 07:25:00,1.140925,TRENDING_UP,41.4316,0.000239,99
2026-07-13 07:25:00,1.140925,TRENDING_UP,40.3701,0.00024,96
2026-07-13 07:25:00,1.140925,TRENDING_UP,39.3845,0.00024,93
2026-07-13 07:25:00,1.140925,TRENDING_UP,38.4693,0.00024,90
2026-07-13 07:30:00,1.14103,TRENDING_UP,42.4489,0.000247,100
2026-07-13 07:30:00,1.14103,TRENDING_UP,46.1442,0.000253,100
2026-07-13 07:30:00,1.14103,TRENDING_UP,49.5755,0.000259,100
2026-07-13 07:30:00,1.14103,TRENDING_UP,52.7618,0.000265,100
2026-07-13 07:30:00,1.14103,TRENDING_UP,55.7205,0.00027,100
2026-07-13 07:30:00,1.14103,TRENDING_UP,58.4678,0.000275,100
2026-07-13 07:30:00,1.14103,TRENDING_UP,61.0189,0.000279,100
2026-07-13 07:30:00,1.14103,TRENDING_UP,63.3878,0.000283,100
2026-07-13 07:30:00,1.14103,TRENDING_UP,65.5875,0.000287,100
2026-07-13 07:30:00,1.14103,TRENDING_UP,67.63,0.000291,100
2026-07-13 07:30:00,1.14103,TRENDING_UP,69.5267,0.000294,100
2026-07-13 07:30:00,1.14103,TRENDING_UP,71.2879,0.000297,100
2026-07-13 07:30:00,1.14103,TRENDING_UP,72.9233,0.0003,100
2026-07-13 07:30:00,1.14103,TRENDING_UP,74.4418,0.000303,100
2026-07-13 07:30:00,1.14103,TRENDING_UP,75.8519,0.000305,100
2026-07-13 07:30:00,1.14103,TRENDING_UP,77.1613,0.000308,100
2026-07-13 07:30:00,1.14103,TRENDING_UP,78.3772,0.00031,100
2026-07-13 07:30:00,1.14103,TRENDING_UP,79.5062,0.000312,100
2026-07-13 07:30:00,1.14103,TRENDING_UP,80.5545,0.000314,100
2026-07-13 07:35:00,1.141965,TRENDING_UP,81.9309,0.000366,100
2026-07-13 07:35:00,1.141965,TRENDING_UP,83.209,0.000415,100
2026-07-13 07:35:00,1.141965,TRENDING_UP,84.3958,0.00046,100
2026-07-13 07:35:00,1.141965,TRENDING_UP,85.4978,0.000502,100
2026-07-13 07:35:00,1.141965,TRENDING_UP,86.5211,0.000542,100
2026-07-13 07:35:00,1.141965,TRENDING_UP,87.4713,0.000578,100
2026-07-13 07:35:00,1.141965,TRENDING_UP,88.3537,0.000612,100
2026-07-13 07:35:00,1.141965,TRENDING_UP,89.173,0.000643,100
2026-07-13 07:35:00,1.141965,TRENDING_UP,89.9338,0.000672,100
2026-07-13 07:35:00,1.141965,TRENDING_UP,90.6402,0.000699,100
2026-07-13 07:35:00,1.141965,TRENDING_UP,91.2962,0.000724,100
2026-07-13 07:35:00,1.141965,TRENDING_UP,91.9054,0.000748,100
2026-07-13 07:35:00,1.141965,TRENDING_UP,92.471,0.000769,100
2026-07-13 07:35:00,1.141965,TRENDING_UP,92.9962,0.000789,100
2026-07-13 07:35:00,1.141965,TRENDING_UP,93.4839,0.000808,100
2026-07-13 07:35:00,1.141965,TRENDING_UP,93.9368,0.000825,100
2026-07-13 07:35:00,1.141965,TRENDING_UP,94.3573,0.000842,100
2026-07-13 07:35:00,1.141965,TRENDING_UP,94.7478,0.000857,100
2026-07-13 07:35:00,1.141965,TRENDING_UP,95.1104,0.00087,100
2026-07-13 07:40:00,1.141675,TRENDING_UP,95.4471,0.000831,100
2026-07-13 07:40:00,1.141675,TRENDING_UP,95.7597,0.000794,100
2026-07-13 07:40:00,1.141675,TRENDING_UP,96.05,0.000759,100
2026-07-13 07:40:00,1.141675,TRENDING_UP,96.3196,0.000727,100
2026-07-13 07:40:00,1.141675,TRENDING_UP,96.5699,0.000697,100
2026-07-13 07:40:00,1.141675,TRENDING_DOWN,96.8024,0.00067,100
2026-07-13 07:40:00,1.141675,TRENDING_DOWN,97.0182,0.000644,100
2026-07-13 07:40:00,1.141675,TRENDING_DOWN,97.2186,0.00062,100
2026-07-13 07:40:00,1.141675,TRENDING_DOWN,97.4047,0.000598,100
2026-07-13 07:40:00,1.141675,TRENDING_DOWN,97.5775,0.000578,100
2026-07-13 07:40:00,1.141675,TRENDING_DOWN,97.738,0.000559,100
2026-07-13 07:40:00,1.141675,TRENDING_DOWN,97.887,0.000541,100
2026-07-13 07:40:00,1.141675,TRENDING_DOWN,98.0254,0.000525,100
2026-07-13 07:40:00,1.141675,TRENDING_DOWN,98.1538,0.000509,100
2026-07-13 07:40:00,1.141675,TRENDING_DOWN,98.2732,0.000495,100
2026-07-13 07:40:00,1.141675,TRENDING_DOWN,98.3839,0.000482,100
2026-07-13 07:40:00,1.141675,TRENDING_DOWN,98.4868,0.00047,100
2026-07-13 07:40:00,1.141675,TRENDING_DOWN,98.5823,0.000458,100
2026-07-13 07:40:00,1.141675,TRENDING_DOWN,98.671,0.000448,100
2026-07-13 07:45:00,1.142195,TRENDING_UP,98.7633,0.000453,100
2026-07-13 07:45:00,1.142195,TRENDING_UP,98.849,0.000458,100
2026-07-13 07:45:00,1.142195,TRENDING_UP,98.9285,0.000462,100
2026-07-13 07:45:00,1.142195,TRENDING_UP,99.0024,0.000466,100
2026-07-13 07:45:00,1.142195,TRENDING_UP,99.071,0.00047,100
2026-07-13 07:45:00,1.142195,TRENDING_UP,99.1347,0.000474,100
2026-07-13 07:45:00,1.142195,TRENDING_UP,99.1939,0.000477,100
2026-07-13 07:45:00,1.142195,TRENDING_UP,99.2488,0.00048,100
2026-07-13 07:45:00,1.142195,TRENDING_UP,99.2998,0.000483,100
2026-07-13 07:45:00,1.142195,TRENDING_UP,99.3472,0.000486,100
2026-07-13 07:45:00,1.142195,TRENDING_UP,99.3911,0.000488,100
2026-07-13 07:45:00,1.142195,TRENDING_UP,99.432,0.000491,100
2026-07-13 07:45:00,1.142195,TRENDING_UP,99.4699,0.000493,100
2026-07-13 07:45:00,1.142195,TRENDING_UP,99.5051,0.000495,100
2026-07-13 07:45:00,1.142195,TRENDING_UP,99.5378,0.000497,100
2026-07-13 07:45:00,1.142195,TRENDING_UP,99.5682,0.000499,100
2026-07-13 07:45:00,1.142195,TRENDING_UP,99.5964,0.0005,100
2026-07-13 07:45:00,1.142195,TRENDING_UP,99.6225,0.000502,100
2026-07-13 07:45:00,1.142195,TRENDING_UP,99.6468,0.000503,100
2026-07-13 07:50:00,1.142565,TRENDING_UP,99.6716,0.000498,100
2026-07-13 07:50:00,1.142565,TRENDING_UP,99.6946,0.000494,100
2026-07-13 07:50:00,1.142565,TRENDING_UP,99.7159,0.000491,100
2026-07-13 07:50:00,1.142565,TRENDING_UP,99.7357,0.000487,100
2026-07-13 07:50:00,1.142565,TRENDING_UP,99.7541,0.000484,100
2026-07-13 07:50:00,1.142565,TRENDING_UP,99.7712,0.000481,100
2026-07-13 07:50:00,1.142565,TRENDING_UP,99.787,0.000478,100
2026-07-13 07:50:00,1.142565,TRENDING_UP,99.8018,0.000476,100
2026-07-13 07:50:00,1.142565,TRENDING_UP,99.8154,0.000473,100
2026-07-13 07:50:00,1.142565,TRENDING_UP,99.8281,0.000471,100
2026-07-13 07:50:00,1.142565,TRENDING_UP,99.8399,0.000469,100
2026-07-13 07:50:00,1.142565,TRENDING_UP,99.8509,0.000467,100
2026-07-13 07:50:00,1.142565,TRENDING_UP,99.8611,0.000465,100
2026-07-13 07:50:00,1.142565,TRENDING_UP,99.8705,0.000464,100
2026-07-13 07:50:00,1.142565,TRENDING_UP,99.8793,0.000462,100
2026-07-13 07:50:00,1.142565,TRENDING_UP,99.8874,0.000461,100
2026-07-13 07:50:00,1.142565,TRENDING_UP,99.895,0.000459,100
2026-07-13 07:50:00,1.142565,TRENDING_UP,99.902,0.000458,100
2026-07-13 07:50:00,1.142565,TRENDING_UP,99.9085,0.000457,100
2026-07-13 07:55:00,1.14247,TRENDING_UP,99.9146,0.000443,100
2026-07-13 07:55:00,1.14247,TRENDING_UP,99.9202,0.000431,100
2026-07-13 07:55:00,1.14247,TRENDING_UP,99.9254,0.000419,100
2026-07-13 07:55:00,1.14247,TRENDING_UP,99.9302,0.000408,100
2026-07-13 07:55:00,1.14247,TRENDING_UP,99.9347,0.000398,100
2026-07-13 07:55:00,1.14247,TRENDING_UP,99.9389,0.000389,100
2026-07-13 07:55:00,1.14247,TRENDING_UP,99.9428,0.00038,100
2026-07-13 07:55:00,1.14247,TRENDING_UP,99.9464,0.000372,100
2026-07-13 07:55:00,1.14247,TRENDING_UP,99.9498,0.000364,100
2026-07-13 07:55:00,1.14247,TRENDING_UP,99.9529,0.000357,100
2026-07-13 07:55:00,1.14247,TRENDING_UP,99.9557,0.000351,100
2026-07-13 07:55:00,1.14247,TRENDING_DOWN,99.9584,0.000345,100
2026-07-13 07:55:00,1.14247,TRENDING_DOWN,99.9609,0.000339,100
2026-07-13 07:55:00,1.14247,TRENDING_DOWN,99.9632,0.000334,100
2026-07-13 07:55:00,1.14247,TRENDING_DOWN,99.9654,0.000329,100
2026-07-13 07:55:00,1.14247,TRENDING_DOWN,99.9674,0.000325,100
2026-07-13 07:55:00,1.14247,TRENDING_DOWN,99.9692,0.000321,100
2026-07-13 07:55:00,1.14247,TRENDING_DOWN,99.9709,0.000317,100
2026-07-13 07:55:00,1.14247,TRENDING_DOWN,99.9725,0.000313,100
2026-07-13 08:00:00,1.14283,TRENDING_UP,99.9744,0.00032,100
2026-07-13 08:00:00,1.14283,TRENDING_UP,99.9762,0.000327,100
2026-07-13 08:00:00,1.14283,TRENDING_UP,99.9779,0.000333,100
2026-07-13 08:00:00,1.14283,TRENDING_UP,99.9794,0.000338,100
2026-07-13 08:00:00,1.14283,TRENDING_UP,99.9808,0.000344,100
2026-07-13 08:00:00,1.14283,TRENDING_UP,99.9822,0.000348,100
2026-07-13 08:00:00,1.14283,TRENDING_UP,99.9834,0.000353,100
2026-07-13 08:00:00,1.14283,TRENDING_UP,99.9845,0.000357,100
2026-07-13 08:00:00,1.14283,TRENDING_UP,99.9856,0.000361,100
2026-07-13 08:00:00,1.14283,TRENDING_UP,99.9866,0.000365,100
2026-07-13 08:00:00,1.14283,TRENDING_UP,99.9875,0.000368,100
2026-07-13 08:00:00,1.14283,TRENDING_UP,99.9883,0.000371,100
2026-07-13 08:00:00,1.14283,TRENDING_UP,99.9891,0.000374,100
2026-07-13 08:00:00,1.14283,TRENDING_UP,99.9899,0.000377,100
2026-07-13 08:00:00,1.14283,TRENDING_UP,99.9905,0.000379,100
2026-07-13 08:00:00,1.14283,TRENDING_UP,99.9912,0.000381,100
2026-07-13 08:00:00,1.14283,TRENDING_UP,99.9918,0.000383,100
2026-07-13 08:00:00,1.14283,TRENDING_UP,99.9923,0.000385,100
2026-07-13 08:00:00,1.14283,TRENDING_UP,99.9928,0.000387,100
2026-07-13 08:05:00,1.14353,TRENDING_UP,99.9933,0.00041,100
2026-07-13 08:05:00,1.14353,TRENDING_UP,99.9938,0.000432,100
2026-07-13 08:05:00,1.14353,TRENDING_UP,99.9942,0.000452,100
2026-07-13 08:05:00,1.14353,TRENDING_UP,99.9946,0.000471,100
2026-07-13 08:05:00,1.14353,TRENDING_UP,99.995,0.000488,100
2026-07-13 08:05:00,1.14353,TRENDING_UP,99.9954,0.000504,100
2026-07-13 08:05:00,1.14353,TRENDING_UP,99.9957,0.000519,100
2026-07-13 08:05:00,1.14353,TRENDING_UP,99.996,0.000533,100
2026-07-13 08:05:00,1.14353,TRENDING_UP,99.9963,0.000546,100
2026-07-13 08:05:00,1.14353,TRENDING_UP,99.9965,0.000558,100
2026-07-13 08:05:00,1.14353,TRENDING_UP,99.9968,0.000569,100
2026-07-13 08:05:00,1.14353,TRENDING_UP,99.997,0.000579,100
2026-07-13 08:05:00,1.14353,TRENDING_UP,99.9972,0.000588,100
2026-07-13 08:05:00,1.14353,TRENDING_UP,99.9974,0.000597,100
2026-07-13 08:05:00,1.14353,TRENDING_UP,99.9976,0.000606,100
2026-07-13 08:05:00,1.14353,TRENDING_UP,99.9978,0.000613,100
2026-07-13 08:05:00,1.14353,TRENDING_UP,99.9979,0.00062,100
2026-07-13 08:05:00,1.14353,TRENDING_UP,99.9981,0.000627,100
2026-07-13 08:05:00,1.14353,TRENDING_UP,99.9982,0.000633,100
2026-07-13 08:10:00,1.14397,TRENDING_UP,99.9983,0.000645,100
2026-07-13 08:10:00,1.14397,TRENDING_UP,99.9984,0.000656,100
2026-07-13 08:10:00,1.14397,TRENDING_UP,99.9986,0.000667,100
2026-07-13 08:10:00,1.14397,TRENDING_UP,99.9987,0.000677,100
2026-07-13 08:10:00,1.14397,TRENDING_UP,99.9988,0.000686,100
2026-07-13 08:10:00,1.14397,TRENDING_UP,99.9988,0.000694,100
2026-07-13 08:10:00,1.14397,TRENDING_UP,99.9989,0.000702,100
2026-07-13 08:10:00,1.14397,TRENDING_UP,99.999,0.000709,100
2026-07-13 08:10:00,1.14397,TRENDING_UP,99.9991,0.000716,100
2026-07-13 08:10:00,1.14397,TRENDING_UP,99.9991,0.000723,100
2026-07-13 08:10:00,1.14397,TRENDING_UP,99.9992,0.000728,100
2026-07-13 08:10:00,1.14397,TRENDING_UP,99.9993,0.000734,100
2026-07-13 08:10:00,1.14397,TRENDING_UP,99.9993,0.000739,100
2026-07-13 08:10:00,1.14397,TRENDING_UP,99.9994,0.000743,100
2026-07-13 08:10:00,1.14397,TRENDING_UP,99.9994,0.000748,100
2026-07-13 08:10:00,1.14397,TRENDING_UP,99.9994,0.000752,100
2026-07-13 08:10:00,1.14397,TRENDING_UP,99.9995,0.000756,100
2026-07-13 08:10:00,1.14397,TRENDING_UP,99.9995,0.000759,100
2026-07-13 08:10:00,1.14397,TRENDING_UP,99.9996,0.000762,100
2026-07-13 08:15:00,1.144165,TRENDING_UP,99.9996,0.000747,100
2026-07-13 08:15:00,1.144165,TRENDING_UP,99.9996,0.000733,100
2026-07-13 08:15:00,1.144165,TRENDING_UP,99.9996,0.00072,100
2026-07-13 08:15:00,1.144165,TRENDING_UP,99.9997,0.000708,100
2026-07-13 08:15:00,1.144165,TRENDING_UP,99.9997,0.000697,100
2026-07-13 08:15:00,1.144165,TRENDING_UP,99.9997,0.000686,100
2026-07-13 08:15:00,1.144165,TRENDING_UP,99.9997,0.000677,100
2026-07-13 08:15:00,1.144165,TRENDING_UP,99.9997,0.000668,100
2026-07-13 08:15:00,1.144165,TRENDING_UP,99.9998,0.000659,100
2026-07-13 08:15:00,1.144165,TRENDING_UP,99.9998,0.000651,100
2026-07-13 08:15:00,1.144165,TRENDING_UP,99.9998,0.000644,100
2026-07-13 08:15:00,1.144165,TRENDING_UP,99.9998,0.000638,100
2026-07-13 08:15:00,1.144165,TRENDING_UP,99.9998,0.000631,100
2026-07-13 08:15:00,1.144165,TRENDING_UP,99.9998,0.000626,100
2026-07-13 08:15:00,1.144165,TRENDING_UP,99.9998,0.00062,100
2026-07-13 08:15:00,1.144165,TRENDING_UP,99.9999,0.000615,100
2026-07-13 08:15:00,1.144165,TRENDING_UP,99.9999,0.000611,100
2026-07-13 08:15:00,1.144165,TRENDING_UP,99.9999,0.000606,100
2026-07-13 08:15:00,1.144165,TRENDING_UP,99.9999,0.000602,100
2026-07-13 08:20:00,1.143995,TRENDING_UP,99.9999,0.000575,100
2026-07-13 08:20:00,1.143995,TRENDING_UP,99.9999,0.00055,100
2026-07-13 08:20:00,1.143995,TRENDING_DOWN,99.9999,0.000526,100
2026-07-13 08:20:00,1.143995,TRENDING_DOWN,99.9999,0.000504,100
2026-07-13 08:20:00,1.143995,TRENDING_DOWN,99.9999,0.000484,100
2026-07-13 08:20:00,1.143995,TRENDING_DOWN,99.9999,0.000465,100
2026-07-13 08:20:00,1.143995,TRENDING_DOWN,99.9999,0.000447,100
2026-07-13 08:20:00,1.143995,TRENDING_DOWN,99.9999,0.000431,100
2026-07-13 08:20:00,1.143995,TRENDING_DOWN,99.9999,0.000416,100
2026-07-13 08:20:00,1.143995,TRENDING_DOWN,99.9999,0.000402,100
2026-07-13 08:20:00,1.143995,TRENDING_DOWN,99.9999,0.000388,100
2026-07-13 08:20:00,1.143995,TRENDING_DOWN,99.9999,0.000376,100
2026-07-13 08:20:00,1.143995,TRENDING_DOWN,100.0,0.000365,100
2026-07-13 08:20:00,1.143995,TRENDING_DOWN,100.0,0.000355,100
2026-07-13 08:20:00,1.143995,TRENDING_DOWN,100.0,0.000345,100
2026-07-13 08:20:00,1.143995,TRENDING_DOWN,100.0,0.000336,100
2026-07-13 08:20:00,1.143995,TRENDING_DOWN,100.0,0.000327,100
2026-07-13 08:20:00,1.143995,TRENDING_DOWN,100.0,0.00032,100
2026-07-13 08:20:00,1.143995,TRENDING_DOWN,100.0,0.000312,100
2026-07-13 08:25:00,1.143845,TRENDING_DOWN,98.6398,0.000314,100
2026-07-13 08:25:00,1.143845,TRENDING_DOWN,97.3768,0.000315,100
2026-07-13 08:25:00,1.143845,TRENDING_DOWN,96.204,0.000316,100
2026-07-13 08:25:00,1.143845,TRENDING_DOWN,95.1149,0.000316,100
2026-07-13 08:25:00,1.143845,TRENDING_DOWN,94.1037,0.000317,100
2026-07-13 08:25:00,1.143845,TRENDING_DOWN,93.1647,0.000318,100
2026-07-13 08:25:00,1.143845,TRENDING_DOWN,92.2927,0.000319,100
2026-07-13 08:25:00,1.143845,TRENDING_DOWN,91.4831,0.000319,100
2026-07-13 08:25:00,1.143845,TRENDING_DOWN,90.7312,0.00032,100
2026-07-13 08:25:00,1.143845,TRENDING_DOWN,90.0331,0.000321,100
2026-07-13 08:25:00,1.143845,TRENDING_DOWN,89.3849,0.000321,100
2026-07-13 08:25:00,1.143845,TRENDING_DOWN,88.7829,0.000322,100
2026-07-13 08:25:00,1.143845,TRENDING_DOWN,88.2239,0.000322,100
2026-07-13 08:25:00,1.143845,TRENDING_DOWN,87.7049,0.000322,100
2026-07-13 08:25:00,1.143845,TRENDING_DOWN,87.223,0.000323,100
2026-07-13 08:25:00,1.143845,TRENDING_DOWN,86.7754,0.000323,100
2026-07-13 08:25:00,1.143845,TRENDING_DOWN,86.3599,0.000323,100
2026-07-13 08:25:00,1.143845,TRENDING_DOWN,85.974,0.000324,100
2026-07-13 08:25:00,1.143845,TRENDING_DOWN,85.6156,0.000324,100
2026-07-13 08:30:00,1.14382,TRENDING_DOWN,85.9425,0.000322,100
2026-07-13 08:30:00,1.14382,TRENDING_DOWN,86.246,0.00032,100
2026-07-13 08:30:00,1.14382,TRENDING_DOWN,86.5279,0.000319,100
2026-07-13 08:30:00,1.14382,TRENDING_DOWN,86.7896,0.000317,100
2026-07-13 08:30:00,1.14382,TRENDING_DOWN,87.0326,0.000316,100
2026-07-13 08:30:00,1.14382,TRENDING_DOWN,87.2583,0.000314,100
2026-07-13 08:30:00,1.14382,TRENDING_DOWN,87.4678,0.000313,100
2026-07-13 08:30:00,1.14382,TRENDING_DOWN,87.6624,0.000312,100
2026-07-13 08:30:00,1.14382,TRENDING_DOWN,87.8431,0.000311,100
2026-07-13 08:30:00,1.14382,TRENDING_DOWN,88.0108,0.00031,100
2026-07-13 08:30:00,1.14382,TRENDING_DOWN,88.1666,0.000309,100
2026-07-13 08:30:00,1.14382,TRENDING_DOWN,88.3113,0.000308,100
2026-07-13 08:30:00,1.14382,TRENDING_DOWN,88.4456,0.000307,100
2026-07-13 08:30:00,1.14382,TRENDING_DOWN,88.5703,0.000307,100
2026-07-13 08:30:00,1.14382,TRENDING_DOWN,88.6862,0.000306,100
2026-07-13 08:30:00,1.14382,TRENDING_DOWN,88.7937,0.000305,100
2026-07-13 08:30:00,1.14382,TRENDING_DOWN,88.8936,0.000305,100
2026-07-13 08:30:00,1.14382,TRENDING_DOWN,88.9863,0.000304,100
2026-07-13 08:30:00,1.14382,TRENDING_DOWN,89.0724,0.000304,100
2026-07-13 08:35:00,1.143805,TRENDING_DOWN,89.6181,0.0003,100
2026-07-13 08:35:00,1.143805,TRENDING_DOWN,90.1247,0.000296,100
2026-07-13 08:35:00,1.143805,TRENDING_DOWN,90.5952,0.000292,100
2026-07-13 08:35:00,1.143805,TRENDING_DOWN,91.0321,0.000289,100
2026-07-13 08:35:00,1.143805,TRENDING_DOWN,91.4377,0.000286,100
2026-07-13 08:35:00,1.143805,TRENDING_DOWN,91.8144,0.000283,100
2026-07-13 08:35:00,1.143805,TRENDING_DOWN,92.1642,0.00028,100
2026-07-13 08:35:00,1.143805,TRENDING_DOWN,92.489,0.000277,100
2026-07-13 08:35:00,1.143805,TRENDING_DOWN,92.7906,0.000275,100
2026-07-13 08:35:00,1.143805,TRENDING_DOWN,93.0706,0.000273,100
2026-07-13 08:35:00,1.143805,TRENDING_DOWN,93.3307,0.000271,100
2026-07-13 08:35:00,1.143805,TRENDING_DOWN,93.5722,0.000269,100
2026-07-13 08:35:00,1.143805,TRENDING_DOWN,93.7964,0.000267,100
2026-07-13 08:35:00,1.143805,TRENDING_DOWN,94.0046,0.000266,100
2026-07-13 08:35:00,1.143805,TRENDING_DOWN,94.1979,0.000264,100
2026-07-13 08:35:00,1.143805,TRENDING_DOWN,94.3775,0.000263,100
2026-07-13 08:35:00,1.143805,TRENDING_DOWN,94.5442,0.000262,100
2026-07-13 08:35:00,1.143805,TRENDING_DOWN,94.699,0.00026,100
2026-07-13 08:35:00,1.143805,TRENDING_DOWN,94.8427,0.000259,100
2026-07-13 08:40:00,1.14394,TRENDING_UP,93.7383,0.000261,100
2026-07-13 08:40:00,1.14394,TRENDING_UP,92.7127,0.000263,100
2026-07-13 08:40:00,1.14394,TRENDING_UP,91.7604,0.000264,100
2026-07-13 08:40:00,1.14394,TRENDING_UP,90.8761,0.000266,100
2026-07-13 08:40:00,1.14394,TRENDING_UP,90.055,0.000267,100
2026-07-13 08:40:00,1.14394,TRENDING_UP,89.2925,0.000268,100
2026-07-13 08:40:00,1.14394,TRENDING_UP,88.5845,0.000269,100
2026-07-13 08:40:00,1.14394,TRENDING_UP,87.9271,0.00027,100
2026-07-13 08:40:00,1.14394,TRENDING_UP,87.3166,0.000271,100
2026-07-13 08:40:00,1.14394,TRENDING_UP,86.7497,0.000272,100
2026-07-13 08:40:00,1.14394,TRENDING_UP,86.2234,0.000273,100
2026-07-13 08:40:00,1.14394,TRENDING_UP,85.7346,0.000274,100
2026-07-13 08:40:00,1.14394,TRENDING_UP,85.2807,0.000275,100
2026-07-13 08:40:00,1.14394,TRENDING_UP,84.8593,0.000275,100
2026-07-13 08:40:00,1.14394,TRENDING_UP,84.4679,0.000276,100
2026-07-13 08:40:00,1.14394,TRENDING_UP,84.1045,0.000276,100
2026-07-13 08:40:00,1.14394,TRENDING_UP,83.7671,0.000277,100
2026-07-13 08:40:00,1.14394,TRENDING_UP,83.4538,0.000278,100
2026-07-13 08:40:00,1.14394,TRENDING_UP,83.1628,0.000278,100
2026-07-13 08:45:00,1.14395,TRENDING_UP,82.8926,0.00027,100
2026-07-13 08:45:00,1.14395,TRENDING_UP,82.6418,0.000262,100
2026-07-13 08:45:00,1.14395,TRENDING_UP,82.4088,0.000255,100
2026-07-13 08:45:00,1.14395,TRENDING_UP,82.1925,0.000248,100
2026-07-13 08:45:00,1.14395,TRENDING_UP,81.9916,0.000242,100
2026-07-13 08:45:00,1.14395,TRENDING_UP,81.8051,0.000236,100
2026-07-13 08:45:00,1.14395,TRENDING_UP,81.6319,0.000231,100
2026-07-13 08:45:00,1.14395,TRENDING_UP,81.4711,0.000226,100
2026-07-13 08:45:00,1.14395,TRENDING_UP,81.3218,0.000221,100
2026-07-13 08:45:00,1.14395,TRENDING_UP,81.1831,0.000217,100
2026-07-13 08:45:00,1.14395,TRENDING_UP,81.0543,0.000213,100
2026-07-13 08:45:00,1.14395,TRENDING_UP,80.9348,0.00021,100
2026-07-13 08:45:00,1.14395,TRENDING_UP,80.8237,0.000206,100
2026-07-13 08:45:00,1.14395,TRENDING_UP,80.7207,0.000203,100
2026-07-13 08:45:00,1.14395,TRENDING_UP,80.6249,0.0002,100
2026-07-13 08:45:00,1.14395,TRENDING_UP,80.536,0.000197,100
2026-07-13 08:45:00,1.14395,TRENDING_UP,80.4535,0.000195,100
2026-07-13 08:45:00,1.14395,TRENDING_UP,80.3768,0.000192,100
2026-07-13 08:45:00,1.14395,TRENDING_UP,80.3057,0.00019,100
2026-07-13 08:50:00,1.143865,TRENDING_DOWN,79.9948,0.000193,100
2026-07-13 08:50:00,1.143865,TRENDING_DOWN,79.7062,0.000195,100
2026-07-13 08:50:00,1.143865,TRENDING_DOWN,79.4382,0.000198,100
2026-07-13 08:50:00,1.143865,TRENDING_DOWN,79.1894,0.0002,100
2026-07-13 08:50:00,1.143865,TRENDING_DOWN,78.9583,0.000202,100
2026-07-13 08:50:00,1.143865,TRENDING_DOWN,78.7437,0.000204,100
2026-07-13 08:50:00,1.143865,TRENDING_DOWN,78.5444,0.000205,100
2026-07-13 08:50:00,1.143865,TRENDING_DOWN,78.3594,0.000207,100
2026-07-13 08:50:00,1.143865,TRENDING_DOWN,78.1876,0.000208,100
2026-07-13 08:50:00,1.143865,TRENDING_DOWN,78.0281,0.00021,100
2026-07-13 08:50:00,1.143865,TRENDING_DOWN,77.88,0.000211,100
2026-07-13 08:50:00,1.143865,TRENDING_DOWN,77.7424,0.000212,100
2026-07-13 08:50:00,1.143865,TRENDING_DOWN,77.6147,0.000213,100
2026-07-13 08:50:00,1.143865,TRENDING_DOWN,77.4961,0.000214,100
2026-07-13 08:50:00,1.143865,TRENDING_DOWN,77.3859,0.000215,100
2026-07-13 08:50:00,1.143865,TRENDING_DOWN,77.2837,0.000216,100
2026-07-13 08:50:00,1.143865,TRENDING_DOWN,77.1887,0.000217,100
2026-07-13 08:50:00,1.143865,TRENDING_DOWN,77.1005,0.000218,100
2026-07-13 08:50:00,1.143865,TRENDING_DOWN,77.0186,0.000218,100
2026-07-13 08:55:00,1.143595,TRENDING_DOWN,78.3754,0.000221,100
2026-07-13 08:55:00,1.143595,TRENDING_DOWN,79.6352,0.000224,100
2026-07-13 08:55:00,1.143595,TRENDING_DOWN,80.805,0.000227,100
2026-07-13 08:55:00,1.143595,TRENDING_DOWN,81.8912,0.00023,100
2026-07-13 08:55:00,1.143595,TRENDING_DOWN,82.8999,0.000232,100
2026-07-13 08:55:00,1.143595,TRENDING_DOWN,83.8365,0.000234,100
2026-07-13 08:55:00,1.143595,TRENDING_DOWN,84.7063,0.000236,100
2026-07-13 08:55:00,1.143595,TRENDING_DOWN,85.5139,0.000238,100
2026-07-13 08:55:00,1.143595,TRENDING_DOWN,86.2638,0.00024,100
2026-07-13 08:55:00,1.143595,TRENDING_DOWN,86.9601,0.000241,100
2026-07-13 08:55:00,1.143595,TRENDING_DOWN,87.6067,0.000243,100
2026-07-13 08:55:00,1.143595,TRENDING_DOWN,88.2071,0.000244,100
2026-07-13 08:55:00,1.143595,TRENDING_DOWN,88.7647,0.000246,100
2026-07-13 08:55:00,1.143595,TRENDING_DOWN,89.2824,0.000247,100
2026-07-13 08:55:00,1.143595,TRENDING_DOWN,89.7631,0.000248,100
2026-07-13 08:55:00,1.143595,TRENDING_DOWN,90.2095,0.000249,100
2026-07-13 08:55:00,1.143595,TRENDING_DOWN,90.624,0.00025,100
2026-07-13 08:55:00,1.143595,TRENDING_DOWN,91.0089,0.000251,100
2026-07-13 08:55:00,1.143595,TRENDING_DOWN,91.3663,0.000252,100
2026-07-13 09:00:00,1.143635,TRENDING_DOWN,91.9317,0.00025,100
2026-07-13 09:00:00,1.143635,TRENDING_DOWN,92.4566,0.000249,100
2026-07-13 09:00:00,1.143635,TRENDING_DOWN,92.9441,0.000248,100
2026-07-13 09:00:00,1.143635,TRENDING_DOWN,93.3968,0.000248,100
2026-07-13 09:00:00,1.143635,TRENDING_DOWN,93.8171,0.000247,100
2026-07-13 09:00:00,1.143635,TRENDING_DOWN,94.2074,0.000246,100
2026-07-13 09:00:00,1.143635,TRENDING_DOWN,94.5698,0.000245,100
2026-07-13 09:00:00,1.143635,TRENDING_DOWN,94.9063,0.000245,100
2026-07-13 09:00:00,1.143635,TRENDING_DOWN,95.2188,0.000244,100
2026-07-13 09:00:00,1.143635,TRENDING_DOWN,95.509,0.000243,100
2026-07-13 09:00:00,1.143635,TRENDING_DOWN,95.7784,0.000243,100
2026-07-13 09:00:00,1.143635,TRENDING_DOWN,96.0286,0.000242,100
2026-07-13 09:00:00,1.143635,TRENDING_DOWN,96.2609,0.000242,100
2026-07-13 09:00:00,1.143635,TRENDING_DOWN,96.4766,0.000242,100
2026-07-13 09:00:00,1.143635,TRENDING_DOWN,96.677,0.000241,100
2026-07-13 09:00:00,1.143635,TRENDING_DOWN,96.863,0.000241,100
2026-07-13 09:00:00,1.143635,TRENDING_DOWN,97.0357,0.00024,100
2026-07-13 09:00:00,1.143635,TRENDING_DOWN,97.1961,0.00024,100
2026-07-13 09:00:00,1.143635,TRENDING_DOWN,97.345,0.00024,100
2026-07-13 09:05:00,1.143355,TRENDING_DOWN,91.5944,0.000247,100
2026-07-13 09:05:00,1.143355,TRENDING_DOWN,86.2545,0.000254,100
2026-07-13 09:05:00,1.143355,TRENDING_DOWN,81.296,0.00026,100
2026-07-13 09:05:00,1.143355,TRENDING_DOWN,76.6917,0.000266,100
2026-07-13 09:05:00,1.143355,TRENDING_DOWN,72.4163,0.000271,100
2026-07-13 09:05:00,1.143355,TRENDING_DOWN,68.4463,0.000276,100
2026-07-13 09:05:00,1.143355,TRENDING_DOWN,64.7599,0.000281,100
2026-07-13 09:05:00,1.143355,TRENDING_DOWN,61.3367,0.000285,100
2026-07-13 09:05:00,1.143355,TRENDING_DOWN,58.1581,0.000289,100
2026-07-13 09:05:00,1.143355,TRENDING_DOWN,55.2065,0.000293,100
2026-07-13 09:05:00,1.143355,TRENDING_DOWN,52.4658,0.000296,100
2026-07-13 09:05:00,1.143355,TRENDING_DOWN,49.9208,0.0003,100
2026-07-13 09:05:00,1.143355,TRENDING_DOWN,47.5576,0.000302,100
2026-07-13 09:05:00,1.143355,TRENDING_DOWN,45.3632,0.000305,100
2026-07-13 09:05:00,1.143355,TRENDING_DOWN,43.3255,0.000308,100
2026-07-13 09:05:00,1.143355,TRENDING_DOWN,41.4334,0.00031,99
2026-07-13 09:05:00,1.143355,TRENDING_DOWN,39.6765,0.000312,94
2026-07-13 09:05:00,1.143355,TRENDING_DOWN,38.045,0.000314,89
2026-07-13 09:05:00,1.143355,TRENDING_DOWN,36.5301,0.000316,84
2026-07-13 09:10:00,1.14315,TRENDING_DOWN,40.1302,0.000312,95
2026-07-13 09:10:00,1.14315,TRENDING_DOWN,43.4731,0.000308,100
2026-07-13 09:10:00,1.14315,TRENDING_DOWN,46.5772,0.000305,100
2026-07-13 09:10:00,1.14315,TRENDING_DOWN,49.4596,0.000301,100
2026-07-13 09:10:00,1.14315,TRENDING_DOWN,52.1362,0.000298,100
2026-07-13 09:10:00,1.14315,TRENDING_DOWN,54.6215,0.000295,100
2026-07-13 09:10:00,1.14315,TRENDING_DOWN,56.9293,0.000293,100
2026-07-13 09:10:00,1.14315,TRENDING_DOWN,59.0723,0.00029,100
2026-07-13 09:10:00,1.14315,TRENDING_DOWN,61.0622,0.000288,100
2026-07-13 09:10:00,1.14315,TRENDING_DOWN,62.91,0.000286,100
2026-07-13 09:10:00,1.14315,TRENDING_DOWN,64.6258,0.000284,100
2026-07-13 09:10:00,1.14315,TRENDING_DOWN,66.219,0.000282,100
2026-07-13 09:10:00,1.14315,TRENDING_DOWN,67.6984,0.00028,100
2026-07-13 09:10:00,1.14315,TRENDING_DOWN,69.0722,0.000279,100
2026-07-13 09:10:00,1.14315,TRENDING_DOWN,70.3478,0.000277,100
2026-07-13 09:10:00,1.14315,TRENDING_DOWN,71.5323,0.000276,100
2026-07-13 09:10:00,1.14315,TRENDING_DOWN,72.6322,0.000275,100
2026-07-13 09:10:00,1.14315,TRENDING_DOWN,73.6536,0.000273,100
2026-07-13 09:10:00,1.14315,TRENDING_DOWN,74.602,0.000272,100
2026-07-13 09:15:00,1.143105,TRENDING_DOWN,69.2811,0.000279,100
2026-07-13 09:15:00,1.143105,TRENDING_DOWN,64.3403,0.000285,100
2026-07-13 09:15:00,1.143105,TRENDING_DOWN,59.7525,0.00029,100
2026-07-13 09:15:00,1.143105,TRENDING_DOWN,55.4923,0.000296,100
2026-07-13 09:15:00,1.143105,TRENDING_DOWN,51.5364,0.0003,100
2026-07-13 09:15:00,1.143105,TRENDING_DOWN,47.8631,0.000305,100
2026-07-13 09:15:00,1.143105,TRENDING_DOWN,44.4522,0.000309,100
2026-07-13 09:15:00,1.143105,TRENDING_DOWN,41.2849,0.000313,98
2026-07-13 09:15:00,1.143105,TRENDING_DOWN,38.3438,0.000316,90
2026-07-13 09:15:00,1.143105,TRENDING_DOWN,35.6129,0.00032,81
2026-07-13 09:15:00,1.143105,TRENDING_DOWN,33.0769,0.000323,74
2026-07-13 09:15:00,1.143105,TRENDING_DOWN,30.7222,0.000326,67
2026-07-13 09:15:00,1.143105,TRENDING_DOWN,28.5356,0.000328,60
2026-07-13 09:15:00,1.143105,TRENDING_DOWN,26.5052,0.000331,54
2026-07-13 09:15:00,1.143105,TRANSITIONING,24.6198,0.000333,30
2026-07-13 09:15:00,1.143105,TRANSITIONING,22.8691,0.000335,30
2026-07-13 09:15:00,1.143105,TRANSITIONING,21.2435,0.000337,30
2026-07-13 09:15:00,1.143105,TRANSITIONING,19.734,0.000339,30
2026-07-13 09:15:00,1.143105,TRANSITIONING,18.3323,0.000341,30
2026-07-13 09:20:00,1.14296,TRANSITIONING,23.1247,0.000335,30
2026-07-13 09:20:00,1.14296,TRENDING_DOWN,27.5748,0.00033,57
2026-07-13 09:20:00,1.14296,TRENDING_DOWN,31.707,0.000325,70
2026-07-13 09:20:00,1.14296,TRENDING_DOWN,35.5441,0.000321,81
2026-07-13 09:20:00,1.14296,TRENDING_DOWN,39.1071,0.000317,92
2026-07-13 09:20:00,1.14296,TRENDING_DOWN,42.4156,0.000313,100
2026-07-13 09:20:00,1.14296,TRENDING_DOWN,45.4878,0.000309,100
2026-07-13 09:20:00,1.14296,TRENDING_DOWN,48.3405,0.000306,100
2026-07-13 09:20:00,1.14296,TRENDING_DOWN,50.9895,0.000303,100
2026-07-13 09:20:00,1.14296,TRENDING_DOWN,53.4492,0.0003,100
2026-07-13 09:20:00,1.14296,TRENDING_DOWN,55.7333,0.000297,100
2026-07-13 09:20:00,1.14296,TRENDING_DOWN,57.8542,0.000295,100
2026-07-13 09:20:00,1.14296,TRENDING_DOWN,59.8236,0.000292,100
2026-07-13 09:20:00,1.14296,TRENDING_DOWN,61.6524,0.00029,100
2026-07-13 09:20:00,1.14296,TRENDING_DOWN,63.3505,0.000288,100
2026-07-13 09:20:00,1.14296,TRENDING_DOWN,64.9273,0.000286,100
2026-07-13 09:20:00,1.14296,TRENDING_DOWN,66.3915,0.000285,100
2026-07-13 09:20:00,1.14296,TRENDING_DOWN,67.7511,0.000283,100
2026-07-13 09:20:00,1.14296,TRENDING_DOWN,69.0136,0.000282,100
2026-07-13 09:25:00,1.143175,TRENDING_UP,67.1711,0.000283,100
2026-07-13 09:25:00,1.143175,TRENDING_UP,65.4603,0.000285,100
2026-07-13 09:25:00,1.143175,TRENDING_UP,63.8716,0.000287,100
2026-07-13 09:25:00,1.143175,TRENDING_UP,62.3964,0.000288,100
2026-07-13 09:25:00,1.143175,TRENDING_UP,61.0266,0.000289,100
2026-07-13 09:25:00,1.143175,TRENDING_UP,59.7546,0.00029,100
2026-07-13 09:25:00,1.143175,TRENDING_UP,58.5735,0.000292,100
2026-07-13 09:25:00,1.143175,TRENDING_UP,57.4768,0.000293,100
2026-07-13 09:25:00,1.143175,TRENDING_UP,56.4584,0.000294,100
2026-07-13 09:25:00,1.143175,TRENDING_UP,55.5127,0.000294,100
2026-07-13 09:25:00,1.143175,TRENDING_UP,54.6346,0.000295,100
2026-07-13 09:25:00,1.143175,TRENDING_UP,53.8192,0.000296,100
2026-07-13 09:25:00,1.143175,TRENDING_UP,53.062,0.000297,100
2026-07-13 09:25:00,1.143175,TRENDING_UP,52.359,0.000297,100
2026-07-13 09:25:00,1.143175,TRENDING_UP,51.7061,0.000298,100
2026-07-13 09:25:00,1.143175,TRENDING_UP,51.0999,0.000299,100
2026-07-13 09:25:00,1.143175,TRENDING_UP,50.537,0.000299,100
2026-07-13 09:25:00,1.143175,TRENDING_UP,50.0143,0.0003,100
2026-07-13 09:25:00,1.143175,TRENDING_UP,49.5289,0.0003,100
2026-07-13 09:30:00,1.143005,TRENDING_UP,51.1685,0.0003,100
2026-07-13 09:30:00,1.143005,TRENDING_DOWN,52.6911,0.000299,100
2026-07-13 09:30:00,1.143005,TRENDING_DOWN,54.1048,0.000299,100
2026-07-13 09:30:00,1.143005,TRENDING_DOWN,55.4176,0.000298,100
2026-07-13 09:30:00,1.143005,TRENDING_DOWN,56.6367,0.000298,100
2026-07-13 09:30:00,1.143005,TRENDING_DOWN,57.7686,0.000298,100
2026-07-13 09:30:00,1.143005,TRENDING_DOWN,58.8197,0.000297,100
2026-07-13 09:30:00,1.143005,TRENDING_DOWN,59.7957,0.000297,100
2026-07-13 09:30:00,1.143005,TRENDING_DOWN,60.702,0.000297,100
2026-07-13 09:30:00,1.143005,TRENDING_DOWN,61.5436,0.000296,100
2026-07-13 09:30:00,1.143005,TRENDING_DOWN,62.3251,0.000296,100
2026-07-13 09:30:00,1.143005,TRENDING_DOWN,63.0507,0.000296,100
2026-07-13 09:30:00,1.143005,TRENDING_DOWN,63.7245,0.000296,100
2026-07-13 09:30:00,1.143005,TRENDING_DOWN,64.3502,0.000296,100
2026-07-13 09:30:00,1.143005,TRENDING_DOWN,64.9312,0.000295,100
2026-07-13 09:30:00,1.143005,TRENDING_DOWN,65.4707,0.000295,100
2026-07-13 09:30:00,1.143005,TRENDING_DOWN,65.9716,0.000295,100
2026-07-13 09:30:00,1.143005,TRENDING_DOWN,66.4368,0.000295,100
2026-07-13 09:30:00,1.143005,TRENDING_DOWN,66.8687,0.000295,100
2026-07-13 09:35:00,1.142845,TRENDING_DOWN,67.6535,0.000286,100
2026-07-13 09:35:00,1.142845,TRENDING_DOWN,68.3822,0.000278,100
2026-07-13 09:35:00,1.142845,TRENDING_DOWN,69.0589,0.00027,100
2026-07-13 09:35:00,1.142845,TRENDING_DOWN,69.6872,0.000263,100
2026-07-13 09:35:00,1.142845,TRENDING_DOWN,70.2707,0.000256,100
2026-07-13 09:35:00,1.142845,TRENDING_DOWN,70.8125,0.00025,100
2026-07-13 09:35:00,1.142845,TRENDING_DOWN,71.3156,0.000245,100
2026-07-13 09:35:00,1.142845,TRENDING_DOWN,71.7827,0.000239,100
2026-07-13 09:35:00,1.142845,TRENDING_DOWN,72.2165,0.000234,100
2026-07-13 09:35:00,1.142845,TRENDING_DOWN,72.6193,0.00023,100
2026-07-13 09:35:00,1.142845,TRENDING_DOWN,72.9933,0.000226,100
2026-07-13 09:35:00,1.142845,TRENDING_DOWN,73.3406,0.000222,100
2026-07-13 09:35:00,1.142845,TRENDING_DOWN,73.6631,0.000218,100
2026-07-13 09:35:00,1.142845,TRENDING_DOWN,73.9626,0.000215,100
2026-07-13 09:35:00,1.142845,TRENDING_DOWN,74.2406,0.000212,100
2026-07-13 09:35:00,1.142845,TRENDING_DOWN,74.4989,0.000209,100
2026-07-13 09:35:00,1.142845,TRENDING_DOWN,74.7386,0.000206,100
2026-07-13 09:35:00,1.142845,TRENDING_DOWN,74.9613,0.000203,100
2026-07-13 09:35:00,1.142845,TRENDING_DOWN,75.168,0.000201,100
2026-07-13 09:40:00,1.14296,TRENDING_DOWN,76.3854,0.000206,100
2026-07-13 09:40:00,1.14296,TRENDING_DOWN,77.5158,0.00021,100
2026-07-13 09:40:00,1.14296,TRENDING_UP,78.5654,0.000214,100
2026-07-13 09:40:00,1.14296,TRENDING_UP,79.5401,0.000218,100
2026-07-13 09:40:00,1.14296,TRENDING_UP,80.4451,0.000221,100
2026-07-13 09:40:00,1.14296,TRENDING_UP,81.2856,0.000225,100
2026-07-13 09:40:00,1.14296,TRENDING_UP,82.0659,0.000228,100
2026-07-13 09:40:00,1.14296,TRENDING_UP,82.7906,0.00023,100
2026-07-13 09:40:00,1.14296,TRENDING_UP,83.4635,0.000233,100
2026-07-13 09:40:00,1.14296,TRENDING_UP,84.0883,0.000235,100
2026-07-13 09:40:00,1.14296,TRENDING_UP,84.6685,0.000238,100
2026-07-13 09:40:00,1.14296,TRENDING_UP,85.2072,0.00024,100
2026-07-13 09:40:00,1.14296,TRENDING_UP,85.7075,0.000242,100
2026-07-13 09:40:00,1.14296,TRENDING_UP,86.172,0.000244,100
2026-07-13 09:40:00,1.14296,TRENDING_UP,86.6034,0.000245,100
2026-07-13 09:40:00,1.14296,TRENDING_UP,87.0039,0.000247,100
2026-07-13 09:40:00,1.14296,TRENDING_UP,87.3758,0.000248,100
2026-07-13 09:40:00,1.14296,TRENDING_UP,87.7212,0.00025,100
2026-07-13 09:40:00,1.14296,TRENDING_UP,88.0419,0.000251,100
2026-07-13 09:45:00,1.14288,TRENDING_UP,83.5952,0.000252,100
2026-07-13 09:45:00,1.14288,TRENDING_DOWN,79.4662,0.000253,100
2026-07-13 09:45:00,1.14288,TRENDING_DOWN,75.6321,0.000254,100
2026-07-13 09:45:00,1.14288,TRENDING_DOWN,72.0718,0.000255,100
2026-07-13 09:45:00,1.14288,TRENDING_DOWN,68.7659,0.000256,100
2026-07-13 09:45:00,1.14288,TRENDING_DOWN,65.6961,0.000257,100
2026-07-13 09:45:00,1.14288,TRENDING_DOWN,62.8455,0.000257,100
2026-07-13 09:45:00,1.14288,TRENDING_DOWN,60.1986,0.000258,100
2026-07-13 09:45:00,1.14288,TRENDING_DOWN,57.7407,0.000259,100
2026-07-13 09:45:00,1.14288,TRENDING_DOWN,55.4584,0.000259,100
2026-07-13 09:45:00,1.14288,TRENDING_DOWN,53.3392,0.00026,100
2026-07-13 09:45:00,1.14288,TRENDING_DOWN,51.3713,0.00026,100
2026-07-13 09:45:00,1.14288,TRENDING_DOWN,49.5439,0.000261,100
2026-07-13 09:45:00,1.14288,TRENDING_DOWN,47.8471,0.000261,100
2026-07-13 09:45:00,1.14288,TRENDING_DOWN,46.2715,0.000262,100
2026-07-13 09:45:00,1.14288,TRENDING_DOWN,44.8084,0.000262,100
2026-07-13 09:45:00,1.14288,TRENDING_DOWN,43.4499,0.000262,100
2026-07-13 09:45:00,1.14288,TRENDING_DOWN,42.1884,0.000263,100
2026-07-13 09:45:00,1.14288,TRENDING_DOWN,41.0169,0.000263,98
2026-07-13 09:50:00,1.14296,TRENDING_DOWN,43.4964,0.000259,100
2026-07-13 09:50:00,1.14296,TRENDING_UP,45.7987,0.000256,100
2026-07-13 09:50:00,1.14296,TRENDING_UP,47.9366,0.000252,100
2026-07-13 09:50:00,1.14296,TRENDING_UP,49.9218,0.000249,100
2026-07-13 09:50:00,1.14296,TRENDING_UP,51.7652,0.000247,100
2026-07-13 09:50:00,1.14296,TRENDING_UP,53.4769,0.000244,100
2026-07-13 09:50:00,1.14296,TRENDING_UP,55.0664,0.000241,100
2026-07-13 09:50:00,1.14296,TRENDING_UP,56.5423,0.000239,100
2026-07-13 09:50:00,1.14296,TRENDING_UP,57.9128,0.000237,100
2026-07-13 09:50:00,1.14296,TRENDING_UP,59.1854,0.000235,100
2026-07-13 09:50:00,1.14296,TRENDING_UP,60.3671,0.000233,100
2026-07-13 09:50:00,1.14296,TRENDING_UP,61.4644,0.000232,100
2026-07-13 09:50:00,1.14296,TRENDING_UP,62.4833,0.00023,100
2026-07-13 09:50:00,1.14296,TRENDING_UP,63.4295,0.000229,100
2026-07-13 09:50:00,1.14296,TRENDING_UP,64.308,0.000227,100
2026-07-13 09:50:00,1.14296,TRENDING_UP,65.1238,0.000226,100
2026-07-13 09:50:00,1.14296,TRENDING_UP,65.8814,0.000225,100
2026-07-13 09:50:00,1.14296,TRENDING_UP,66.5848,0.000224,100
2026-07-13 09:50:00,1.14296,TRENDING_UP,67.238,0.000223,100
2026-07-13 09:55:00,1.14315,TRENDING_UP,68.1706,0.000219,100
2026-07-13 09:55:00,1.14315,TRENDING_UP,69.0367,0.000216,100
2026-07-13 09:55:00,1.14315,TRENDING_UP,69.8409,0.000212,100
2026-07-13 09:55:00,1.14315,TRENDING_UP,70.5876,0.000209,100
2026-07-13 09:55:00,1.14315,TRENDING_UP,71.281,0.000207,100
2026-07-13 09:55:00,1.14315,TRENDING_UP,71.9249,0.000204,100
2026-07-13 09:55:00,1.14315,TRENDING_UP,72.5228,0.000202,100
2026-07-13 09:55:00,1.14315,TRENDING_UP,73.0779,0.000199,100
2026-07-13 09:55:00,1.14315,TRENDING_UP,73.5935,0.000197,100
2026-07-13 09:55:00,1.14315,TRENDING_UP,74.0722,0.000196,100
2026-07-13 09:55:00,1.14315,TRENDING_UP,74.5167,0.000194,100
2026-07-13 09:55:00,1.14315,TRENDING_UP,74.9294,0.000192,100
2026-07-13 09:55:00,1.14315,TRENDING_UP,75.3127,0.000191,100
2026-07-13 09:55:00,1.14315,TRENDING_UP,75.6686,0.000189,100
2026-07-13 09:55:00,1.14315,TRENDING_UP,75.9991,0.000188,100
2026-07-13 09:55:00,1.14315,TRENDING_UP,76.3059,0.000187,100
2026-07-13 09:55:00,1.14315,TRENDING_UP,76.5909,0.000185,100
2026-07-13 09:55:00,1.14315,TRENDING_UP,76.8555,0.000184,100
2026-07-13 09:55:00,1.14315,TRENDING_UP,77.1012,0.000183,100
2026-07-13 10:00:00,1.143265,TRENDING_UP,78.3481,0.000184,100
2026-07-13 10:00:00,1.143265,TRENDING_UP,79.506,0.000185,100
2026-07-13 10:00:00,1.143265,TRENDING_UP,80.5812,0.000186,100
2026-07-13 10:00:00,1.143265,TRENDING_UP,81.5796,0.000187,100
2026-07-13 10:00:00,1.143265,TRENDING_UP,82.5067,0.000188,100
2026-07-13 10:00:00,1.143265,TRENDING_UP,83.3676,0.000188,100
2026-07-13 10:00:00,1.143265,TRENDING_UP,84.1669,0.000189,100
2026-07-13 10:00:00,1.143265,TRENDING_UP,84.9092,0.000189,100
2026-07-13 10:00:00,1.143265,TRENDING_UP,85.5985,0.00019,100
2026-07-13 10:00:00,1.143265,TRENDING_UP,86.2385,0.00019,100
2026-07-13 10:00:00,1.143265,TRENDING_UP,86.8328,0.000191,100
2026-07-13 10:00:00,1.143265,TRENDING_UP,87.3846,0.000191,100
2026-07-13 10:00:00,1.143265,TRENDING_UP,87.8971,0.000192,100
2026-07-13 10:00:00,1.143265,TRENDING_UP,88.3729,0.000192,100
2026-07-13 10:00:00,1.143265,TRENDING_UP,88.8148,0.000192,100
2026-07-13 10:00:00,1.143265,TRENDING_UP,89.225,0.000193,100
2026-07-13 10:00:00,1.143265,TRENDING_UP,89.606,0.000193,100
2026-07-13 10:00:00,1.143265,TRENDING_UP,89.9598,0.000193,100
2026-07-13 10:00:00,1.143265,TRENDING_UP,90.2883,0.000194,100
2026-07-13 10:05:00,1.14338,TRENDING_UP,90.912,0.000204,100
2026-07-13 10:05:00,1.14338,TRENDING_UP,91.4911,0.000214,100
2026-07-13 10:05:00,1.14338,TRENDING_UP,92.0289,0.000223,100
2026-07-13 10:05:00,1.14338,TRENDING_UP,92.5283,0.000231,100
2026-07-13 10:05:00,1.14338,TRENDING_UP,92.992,0.000239,100
2026-07-13 10:05:00,1.14338,TRENDING_UP,93.4226,0.000246,100
2026-07-13 10:05:00,1.14338,TRENDING_UP,93.8224,0.000253,100
2026-07-13 10:05:00,1.14338,TRENDING_UP,94.1936,0.00026,100
2026-07-13 10:05:00,1.14338,TRENDING_UP,94.5384,0.000265,100
2026-07-13 10:05:00,1.14338,TRENDING_UP,94.8585,0.000271,100
2026-07-13 10:05:00,1.14338,TRENDING_UP,95.1557,0.000276,100
2026-07-13 10:05:00,1.14338,TRENDING_UP,95.4318,0.00028,100
2026-07-13 10:05:00,1.14338,TRENDING_UP,95.6881,0.000285,100
2026-07-13 10:05:00,1.14338,TRENDING_UP,95.9261,0.000289,100
2026-07-13 10:05:00,1.14338,TRENDING_UP,96.1471,0.000293,100
2026-07-13 10:05:00,1.14338,TRENDING_UP,96.3523,0.000296,100
2026-07-13 10:05:00,1.14338,TRENDING_UP,96.5428,0.000299,100
2026-07-13 10:05:00,1.14338,TRENDING_UP,96.7198,0.000302,100
2026-07-13 10:05:00,1.14338,TRENDING_UP,96.8841,0.000305,100
2026-07-13 10:10:00,1.14318,TRENDING_DOWN,97.0367,0.0003,100
2026-07-13 10:10:00,1.14318,TRENDING_DOWN,97.1783,0.000296,100
2026-07-13 10:10:00,1.14318,TRENDING_DOWN,97.3099,0.000292,100
2026-07-13 10:10:00,1.14318,TRENDING_DOWN,97.432,0.000288,100
2026-07-13 10:10:00,1.14318,TRENDING_DOWN,97.5455,0.000285,100
2026-07-13 10:10:00,1.14318,TRENDING_DOWN,97.6508,0.000282,100
2026-07-13 10:10:00,1.14318,TRENDING_DOWN,97.7486,0.000279,100
2026-07-13 10:10:00,1.14318,TRENDING_DOWN,97.8394,0.000276,100
2026-07-13 10:10:00,1.14318,TRENDING_DOWN,97.9237,0.000274,100
2026-07-13 10:10:00,1.14318,TRENDING_DOWN,98.002,0.000271,100
2026-07-13 10:10:00,1.14318,TRENDING_DOWN,98.0748,0.000269,100
2026-07-13 10:10:00,1.14318,TRENDING_DOWN,98.1423,0.000267,100
2026-07-13 10:10:00,1.14318,TRENDING_DOWN,98.205,0.000265,100
2026-07-13 10:10:00,1.14318,TRENDING_DOWN,98.2632,0.000263,100
2026-07-13 10:10:00,1.14318,TRENDING_DOWN,98.3173,0.000262,100
2026-07-13 10:10:00,1.14318,TRENDING_DOWN,98.3675,0.00026,100
2026-07-13 10:10:00,1.14318,TRENDING_DOWN,98.4141,0.000259,100
2026-07-13 10:10:00,1.14318,TRENDING_DOWN,98.4574,0.000258,100
2026-07-13 10:10:00,1.14318,TRENDING_DOWN,98.4975,0.000256,100
2026-07-13 10:15:00,1.14303,TRENDING_DOWN,97.7204,0.000253,100
2026-07-13 10:15:00,1.14303,TRENDING_DOWN,96.9987,0.00025,100
2026-07-13 10:15:00,1.14303,TRENDING_DOWN,96.3286,0.000247,100
2026-07-13 10:15:00,1.14303,TRENDING_DOWN,95.7063,0.000244,100
2026-07-13 10:15:00,1.14303,TRENDING_DOWN,95.1285,0.000242,100
2026-07-13 10:15:00,1.14303,TRENDING_DOWN,94.592,0.00024,100
2026-07-13 10:15:00,1.14303,TRENDING_DOWN,94.0938,0.000238,100
2026-07-13 10:15:00,1.14303,TRENDING_DOWN,93.6311,0.000236,100
2026-07-13 10:15:00,1.14303,TRENDING_DOWN,93.2016,0.000234,100
2026-07-13 10:15:00,1.14303,TRENDING_DOWN,92.8027,0.000232,100
2026-07-13 10:15:00,1.14303,TRENDING_DOWN,92.4323,0.000231,100
2026-07-13 10:15:00,1.14303,TRENDING_DOWN,92.0883,0.000229,100
2026-07-13 10:15:00,1.14303,TRENDING_DOWN,91.7689,0.000228,100
2026-07-13 10:15:00,1.14303,TRENDING_DOWN,91.4724,0.000226,100
2026-07-13 10:15:00,1.14303,TRENDING_DOWN,91.197,0.000225,100
2026-07-13 10:15:00,1.14303,TRENDING_DOWN,90.9413,0.000224,100
2026-07-13 10:15:00,1.14303,TRENDING_DOWN,90.7038,0.000223,100
2026-07-13 10:15:00,1.14303,TRENDING_DOWN,90.4833,0.000222,100
2026-07-13 10:15:00,1.14303,TRENDING_DOWN,90.2786,0.000221,100
2026-07-13 10:20:00,1.14296,TRENDING_DOWN,90.3569,0.000214,100
2026-07-13 10:20:00,1.14296,TRENDING_DOWN,90.4296,0.000207,100
2026-07-13 10:20:00,1.14296,TRENDING_DOWN,90.4971,0.0002,100
2026-07-13 10:20:00,1.14296,TRENDING_DOWN,90.5598,0.000194,100
2026-07-13 10:20:00,1.14296,TRENDING_DOWN,90.618,0.000188,100
2026-07-13 10:20:00,1.14296,TRENDING_DOWN,90.672,0.000183,100
2026-07-13 10:20:00,1.14296,TRENDING_DOWN,90.7222,0.000178,100
2026-07-13 10:20:00,1.14296,TRENDING_DOWN,90.7688,0.000173,100
2026-07-13 10:20:00,1.14296,TRENDING_DOWN,90.8121,0.000169,100
2026-07-13 10:20:00,1.14296,TRENDING_DOWN,90.8522,0.000165,100
2026-07-13 10:20:00,1.14296,TRENDING_DOWN,90.8895,0.000161,100
2026-07-13 10:20:00,1.14296,TRENDING_DOWN,90.9242,0.000158,100
2026-07-13 10:20:00,1.14296,TRENDING_DOWN,90.9564,0.000155,100
2026-07-13 10:20:00,1.14296,TRENDING_DOWN,90.9862,0.000152,100
2026-07-13 10:20:00,1.14296,TRENDING_DOWN,91.014,0.000149,100
2026-07-13 10:20:00,1.14296,TRENDING_DOWN,91.0397,0.000147,100
2026-07-13 10:20:00,1.14296,TRENDING_DOWN,91.0637,0.000144,100
2026-07-13 10:20:00,1.14296,TRENDING_DOWN,91.0859,0.000142,100
2026-07-13 10:20:00,1.14296,TRENDING_DOWN,91.1065,0.00014,100
2026-07-13 10:25:00,1.142915,TRENDING_DOWN,91.6617,0.000149,100
2026-07-13 10:25:00,1.142915,TRENDING_DOWN,92.1773,0.000157,100
2026-07-13 10:25:00,1.142915,TRENDING_DOWN,92.656,0.000164,100
2026-07-13 10:25:00,1.142915,TRENDING_DOWN,93.1006,0.000171,100
2026-07-13 10:25:00,1.142915,TRENDING_DOWN,93.5133,0.000178,100
2026-07-13 10:25:00,1.142915,TRENDING_DOWN,93.8966,0.000184,100
2026-07-13 10:25:00,1.142915,TRENDING_DOWN,94.2526,0.00019,100
2026-07-13 10:25:00,1.142915,TRENDING_DOWN,94.5831,0.000195,100
2026-07-13 10:25:00,1.142915,TRENDING_DOWN,94.89,0.0002,100
2026-07-13 10:25:00,1.142915,TRENDING_DOWN,95.1749,0.000204,100
2026-07-13 10:25:00,1.142915,TRENDING_DOWN,95.4396,0.000208,100
2026-07-13 10:25:00,1.142915,TRENDING_DOWN,95.6853,0.000212,100
2026-07-13 10:25:00,1.142915,TRENDING_DOWN,95.9134,0.000216,100
2026-07-13 10:25:00,1.142915,TRENDING_DOWN,96.1253,0.000219,100
2026-07-13 10:25:00,1.142915,TRENDING_DOWN,96.3221,0.000222,100
2026-07-13 10:25:00,1.142915,TRENDING_DOWN,96.5047,0.000225,100
2026-07-13 10:25:00,1.142915,TRENDING_DOWN,96.6744,0.000228,100
2026-07-13 10:25:00,1.142915,TRENDING_DOWN,96.8319,0.00023,100
2026-07-13 10:25:00,1.142915,TRENDING_DOWN,96.9782,0.000233,100
2026-07-13 10:30:00,1.142755,TRENDING_DOWN,97.1524,0.000232,100
2026-07-13 10:30:00,1.142755,TRENDING_DOWN,97.3141,0.000231,100
2026-07-13 10:30:00,1.142755,TRENDING_DOWN,97.4643,0.000231,100
2026-07-13 10:30:00,1.142755,TRENDING_DOWN,97.6038,0.00023,100
2026-07-13 10:30:00,1.142755,TRENDING_DOWN,97.7334,0.00023,100
2026-07-13 10:30:00,1.142755,TRENDING_DOWN,97.8536,0.000229,100
2026-07-13 10:30:00,1.142755,TRENDING_DOWN,97.9653,0.000229,100
2026-07-13 10:30:00,1.142755,TRENDING_DOWN,98.069,0.000228,100
2026-07-13 10:30:00,1.142755,TRENDING_DOWN,98.1653,0.000228,100
2026-07-13 10:30:00,1.142755,TRENDING_DOWN,98.2547,0.000228,100
2026-07-13 10:30:00,1.142755,TRENDING_DOWN,98.3377,0.000227,100
2026-07-13 10:30:00,1.142755,TRENDING_DOWN,98.4148,0.000227,100
2026-07-13 10:30:00,1.142755,TRENDING_DOWN,98.4864,0.000227,100
2026-07-13 10:30:00,1.142755,TRENDING_DOWN,98.5529,0.000226,100
2026-07-13 10:30:00,1.142755,TRENDING_DOWN,98.6146,0.000226,100
2026-07-13 10:30:00,1.142755,TRENDING_DOWN,98.672,0.000226,100
2026-07-13 10:30:00,1.142755,TRENDING_DOWN,98.7252,0.000226,100
2026-07-13 10:30:00,1.142755,TRENDING_DOWN,98.7746,0.000226,100
2026-07-13 10:30:00,1.142755,TRENDING_DOWN,98.8205,0.000225,100
2026-07-13 10:35:00,1.14299,TRENDING_UP,98.9003,0.000236,100
2026-07-13 10:35:00,1.14299,TRENDING_UP,98.9745,0.000245,100
2026-07-13 10:35:00,1.14299,TRENDING_UP,99.0433,0.000254,100
2026-07-13 10:35:00,1.14299,TRENDING_UP,99.1072,0.000262,100
2026-07-13 10:35:00,1.14299,TRENDING_UP,99.1665,0.000269,100
2026-07-13 10:35:00,1.14299,TRENDING_UP,99.2216,0.000276,100
2026-07-13 10:35:00,1.14299,TRENDING_UP,99.2728,0.000283,100
2026-07-13 10:35:00,1.14299,TRENDING_UP,99.3203,0.000289,100
2026-07-13 10:35:00,1.14299,TRENDING_UP,99.3644,0.000295,100
2026-07-13 10:35:00,1.14299,TRENDING_UP,99.4054,0.0003,100
2026-07-13 10:35:00,1.14299,TRENDING_UP,99.4435,0.000305,100
2026-07-13 10:35:00,1.14299,TRENDING_UP,99.4788,0.000309,100
2026-07-13 10:35:00,1.14299,TRENDING_UP,99.5116,0.000313,100
2026-07-13 10:35:00,1.14299,TRENDING_UP,99.5421,0.000317,100
2026-07-13 10:35:00,1.14299,TRENDING_UP,99.5703,0.000321,100
2026-07-13 10:35:00,1.14299,TRENDING_UP,99.5966,0.000324,100
2026-07-13 10:35:00,1.14299,TRENDING_UP,99.621,0.000327,100
2026-07-13 10:35:00,1.14299,TRENDING_UP,99.6436,0.00033,100
2026-07-13 10:35:00,1.14299,TRENDING_UP,99.6647,0.000333,100
2026-07-13 10:40:00,1.14291,TRENDING_UP,96.5371,0.000325,100
2026-07-13 10:40:00,1.14291,TRENDING_UP,93.6329,0.000318,100
2026-07-13 10:40:00,1.14291,TRENDING_UP,90.9362,0.000312,100
2026-07-13 10:40:00,1.14291,TRENDING_DOWN,88.4321,0.000306,100
2026-07-13 10:40:00,1.14291,TRENDING_DOWN,86.1069,0.0003,100
2026-07-13 10:40:00,1.14291,TRENDING_DOWN,83.9477,0.000295,100
2026-07-13 10:40:00,1.14291,TRENDING_DOWN,81.9428,0.00029,100
2026-07-13 10:40:00,1.14291,TRENDING_DOWN,80.0811,0.000286,100
2026-07-13 10:40:00,1.14291,TRENDING_DOWN,78.3523,0.000282,100
2026-07-13 10:40:00,1.14291,TRENDING_DOWN,76.7471,0.000278,100
2026-07-13 10:40:00,1.14291,TRENDING_DOWN,75.2565,0.000274,100
2026-07-13 10:40:00,1.14291,TRENDING_DOWN,73.8724,0.000271,100
2026-07-13 10:40:00,1.14291,TRENDING_DOWN,72.5871,0.000268,100
2026-07-13 10:40:00,1.14291,TRENDING_DOWN,71.3936,0.000265,100
2026-07-13 10:40:00,1.14291,TRENDING_DOWN,70.2854,0.000262,100
2026-07-13 10:40:00,1.14291,TRENDING_DOWN,69.2564,0.00026,100
2026-07-13 10:40:00,1.14291,TRENDING_DOWN,68.3008,0.000257,100
2026-07-13 10:40:00,1.14291,TRENDING_DOWN,67.4135,0.000255,100
2026-07-13 10:40:00,1.14291,TRENDING_DOWN,66.5896,0.000253,100
2026-07-13 10:45:00,1.143315,TRENDING_UP,68.2607,0.000265,100
2026-07-13 10:45:00,1.143315,TRENDING_UP,69.8125,0.000277,100
2026-07-13 10:45:00,1.143315,TRENDING_UP,71.2534,0.000287,100
2026-07-13 10:45:00,1.143315,TRENDING_UP,72.5914,0.000297,100
2026-07-13 10:45:00,1.143315,TRENDING_UP,73.8338,0.000306,100
2026-07-13 10:45:00,1.143315,TRENDING_UP,74.9875,0.000315,100
2026-07-13 10:45:00,1.143315,TRENDING_UP,76.0587,0.000322,100
2026-07-13 10:45:00,1.143315,TRENDING_UP,77.0535,0.00033,100
2026-07-13 10:45:00,1.143315,TRENDING_UP,77.9772,0.000336,100
2026-07-13 10:45:00,1.143315,TRENDING_UP,78.8349,0.000343,100
2026-07-13 10:45:00,1.143315,TRENDING_UP,79.6313,0.000349,100
2026-07-13 10:45:00,1.143315,TRENDING_UP,80.3709,0.000354,100
2026-07-13 10:45:00,1.143315,TRENDING_UP,81.0576,0.000359,100
2026-07-13 10:45:00,1.143315,TRENDING_UP,81.6953,0.000364,100
2026-07-13 10:45:00,1.143315,TRENDING_UP,82.2874,0.000368,100
2026-07-13 10:45:00,1.143315,TRENDING_UP,82.8373,0.000372,100
2026-07-13 10:45:00,1.143315,TRENDING_UP,83.3478,0.000376,100
2026-07-13 10:45:00,1.143315,TRENDING_UP,83.8219,0.000379,100
2026-07-13 10:45:00,1.143315,TRENDING_UP,84.2622,0.000382,100
2026-07-13 10:50:00,1.14344,TRENDING_UP,85.2261,0.00037,100
2026-07-13 10:50:00,1.14344,TRENDING_UP,86.1212,0.000358,100
2026-07-13 10:50:00,1.14344,TRENDING_UP,86.9524,0.000347,100
2026-07-13 10:50:00,1.14344,TRENDING_UP,87.7242,0.000337,100
2026-07-13 10:50:00,1.14344,TRENDING_UP,88.4408,0.000328,100
2026-07-13 10:50:00,1.14344,TRENDING_UP,89.1063,0.000319,100
2026-07-13 10:50:00,1.14344,TRENDING_UP,89.7242,0.000311,100
2026-07-13 10:50:00,1.14344,TRENDING_UP,90.298,0.000303,100
2026-07-13 10:50:00,1.14344,TRENDING_UP,90.8309,0.000296,100
2026-07-13 10:50:00,1.14344,TRENDING_UP,91.3256,0.00029,100
2026-07-13 10:50:00,1.14344,TRENDING_UP,91.785,0.000284,100
2026-07-13 10:50:00,1.14344,TRENDING_UP,92.2116,0.000278,100
2026-07-13 10:50:00,1.14344,TRENDING_UP,92.6078,0.000273,100
2026-07-13 10:50:00,1.14344,TRENDING_UP,92.9756,0.000268,100
2026-07-13 10:50:00,1.14344,TRENDING_UP,93.3172,0.000264,100
2026-07-13 10:50:00,1.14344,TRENDING_UP,93.6343,0.00026,100
2026-07-13 10:50:00,1.14344,TRENDING_UP,93.9288,0.000256,100
2026-07-13 10:50:00,1.14344,TRENDING_UP,94.2023,0.000252,100
2026-07-13 10:50:00,1.14344,TRENDING_UP,94.4563,0.000249,100
2026-07-13 10:55:00,1.14356,TRENDING_UP,94.788,0.000243,100
2026-07-13 10:55:00,1.14356,TRENDING_UP,95.096,0.000239,100
2026-07-13 10:55:00,1.14356,TRENDING_UP,95.3821,0.000234,100
2026-07-13 10:55:00,1.14356,TRENDING_UP,95.6477,0.00023,100
2026-07-13 10:55:00,1.14356,TRENDING_UP,95.8943,0.000226,100
2026-07-13 10:55:00,1.14356,TRENDING_UP,96.1233,0.000222,100
2026-07-13 10:55:00,1.14356,TRENDING_UP,96.336,0.000219,100
2026-07-13 10:55:00,1.14356,TRENDING_UP,96.5334,0.000216,100
2026-07-13 10:55:00,1.14356,TRENDING_UP,96.7168,0.000213,100
2026-07-13 10:55:00,1.14356,TRENDING_UP,96.887,0.00021,100
2026-07-13 10:55:00,1.14356,TRENDING_UP,97.0451,0.000208,100
2026-07-13 10:55:00,1.14356,TRENDING_UP,97.192,0.000205,100
2026-07-13 10:55:00,1.14356,TRENDING_UP,97.3283,0.000203,100
2026-07-13 10:55:00,1.14356,TRENDING_UP,97.4549,0.000201,100
2026-07-13 10:55:00,1.14356,TRENDING_UP,97.5724,0.000199,100
2026-07-13 10:55:00,1.14356,TRENDING_UP,97.6816,0.000197,100
2026-07-13 10:55:00,1.14356,TRENDING_UP,97.7829,0.000196,100
2026-07-13 10:55:00,1.14356,TRENDING_UP,97.877,0.000194,100
2026-07-13 10:55:00,1.14356,TRENDING_UP,97.9644,0.000193,100
2026-07-13 11:00:00,1.143495,TRENDING_UP,95.2531,0.000201,100
2026-07-13 11:00:00,1.143495,TRENDING_UP,92.7355,0.000209,100
2026-07-13 11:00:00,1.143495,TRENDING_UP,90.3977,0.000216,100
2026-07-13 11:00:00,1.143495,TRENDING_DOWN,88.2269,0.000223,100
2026-07-13 11:00:00,1.143495,TRENDING_DOWN,86.2112,0.000229,100
2026-07-13 11:00:00,1.143495,TRENDING_DOWN,84.3394,0.000235,100
2026-07-13 11:00:00,1.143495,TRENDING_DOWN,82.6013,0.000241,100
2026-07-13 11:00:00,1.143495,TRENDING_DOWN,80.9874,0.000246,100
2026-07-13 11:00:00,1.143495,TRENDING_DOWN,79.4888,0.00025,100
2026-07-13 11:00:00,1.143495,TRENDING_DOWN,78.0972,0.000254,100
2026-07-13 11:00:00,1.143495,TRENDING_DOWN,76.805,0.000258,100
2026-07-13 11:00:00,1.143495,TRENDING_DOWN,75.6051,0.000262,100
2026-07-13 11:00:00,1.143495,TRENDING_DOWN,74.4909,0.000266,100
2026-07-13 11:00:00,1.143495,TRENDING_DOWN,73.4563,0.000269,100
2026-07-13 11:00:00,1.143495,TRENDING_DOWN,72.4956,0.000272,100
2026-07-13 11:00:00,1.143495,TRENDING_DOWN,71.6035,0.000275,100
2026-07-13 11:00:00,1.143495,TRENDING_DOWN,70.7751,0.000277,100
2026-07-13 11:00:00,1.143495,TRENDING_DOWN,70.0059,0.00028,100
2026-07-13 11:00:00,1.143495,TRENDING_DOWN,69.2917,0.000282,100
2026-07-13 11:05:00,1.143015,TRENDING_DOWN,71.0788,0.000308,100
2026-07-13 11:05:00,1.143015,TRENDING_DOWN,72.7383,0.000333,100
2026-07-13 11:05:00,1.143015,TRENDING_DOWN,74.2793,0.000356,100
2026-07-13 11:05:00,1.143015,TRENDING_DOWN,75.7102,0.000377,100
2026-07-13 11:05:00,1.143015,TRENDING_DOWN,77.0389,0.000396,100
2026-07-13 11:05:00,1.143015,TRENDING_DOWN,78.2727,0.000415,100
2026-07-13 11:05:00,1.143015,TRENDING_DOWN,79.4183,0.000432,100
2026-07-13 11:05:00,1.143015,TRENDING_DOWN,80.4822,0.000447,100
2026-07-13 11:05:00,1.143015,TRENDING_DOWN,81.47,0.000462,100
2026-07-13 11:05:00,1.143015,TRENDING_DOWN,82.3873,0.000475,100
2026-07-13 11:05:00,1.143015,TRENDING_DOWN,83.239,0.000488,100
2026-07-13 11:05:00,1.143015,TRENDING_DOWN,84.0299,0.0005,100
2026-07-13 11:05:00,1.143015,TRENDING_DOWN,84.7644,0.000511,100
2026-07-13 11:05:00,1.143015,TRENDING_DOWN,85.4463,0.000521,100
2026-07-13 11:05:00,1.143015,TRENDING_DOWN,86.0796,0.00053,100
2026-07-13 11:05:00,1.143015,TRENDING_DOWN,86.6676,0.000539,100
2026-07-13 11:05:00,1.143015,TRENDING_DOWN,87.2136,0.000547,100
2026-07-13 11:05:00,1.143015,TRENDING_DOWN,87.7206,0.000554,100
2026-07-13 11:05:00,1.143015,TRENDING_DOWN,88.1914,0.000561,100
2026-07-13 11:10:00,1.143005,TRENDING_DOWN,88.9433,0.000538,100
2026-07-13 11:10:00,1.143005,TRENDING_DOWN,89.6414,0.000517,100
2026-07-13 11:10:00,1.143005,TRENDING_DOWN,90.2897,0.000496,100
2026-07-13 11:10:00,1.143005,TRENDING_DOWN,90.8916,0.000478,100
2026-07-13 11:10:00,1.143005,TRENDING_DOWN,91.4506,0.000461,100
2026-07-13 11:10:00,1.143005,TRENDING_DOWN,91.9696,0.000445,100
2026-07-13 11:10:00,1.143005,TRENDING_DOWN,92.4516,0.00043,100
2026-07-13 11:10:00,1.143005,TRENDING_DOWN,92.8991,0.000416,100
2026-07-13 11:10:00,1.143005,TRENDING_DOWN,93.3147,0.000403,100
2026-07-13 11:10:00,1.143005,TRENDING_DOWN,93.7005,0.000391,100
2026-07-13 11:10:00,1.143005,TRENDING_DOWN,94.0589,0.00038,100
2026-07-13 11:10:00,1.143005,TRENDING_DOWN,94.3916,0.00037,100
2026-07-13 11:10:00,1.143005,TRENDING_DOWN,94.7005,0.00036,100
2026-07-13 11:10:00,1.143005,TRENDING_DOWN,94.9874,0.000351,100
2026-07-13 11:10:00,1.143005,TRENDING_DOWN,95.2538,0.000343,100
2026-07-13 11:10:00,1.143005,TRENDING_DOWN,95.5012,0.000336,100
2026-07-13 11:10:00,1.143005,TRENDING_DOWN,95.7309,0.000328,100
2026-07-13 11:10:00,1.143005,TRENDING_DOWN,95.9442,0.000322,100
2026-07-13 11:10:00,1.143005,TRENDING_DOWN,96.1423,0.000316,100
2026-07-13 11:15:00,1.142675,TRENDING_DOWN,96.3845,0.000318,100
2026-07-13 11:15:00,1.142675,TRENDING_DOWN,96.6094,0.000319,100
2026-07-13 11:15:00,1.142675,TRENDING_DOWN,96.8183,0.000321,100
2026-07-13 11:15:00,1.142675,TRENDING_DOWN,97.0123,0.000322,100
2026-07-13 11:15:00,1.142675,TRENDING_DOWN,97.1924,0.000324,100
2026-07-13 11:15:00,1.142675,TRENDING_DOWN,97.3596,0.000325,100
2026-07-13 11:15:00,1.142675,TRENDING_DOWN,97.5149,0.000326,100
2026-07-13 11:15:00,1.142675,TRENDING_DOWN,97.6591,0.000327,100
2026-07-13 11:15:00,1.142675,TRENDING_DOWN,97.793,0.000328,100
2026-07-13 11:15:00,1.142675,TRENDING_DOWN,97.9173,0.000329,100
2026-07-13 11:15:00,1.142675,TRENDING_DOWN,98.0328,0.00033,100
2026-07-13 11:15:00,1.142675,TRENDING_DOWN,98.14,0.000331,100
2026-07-13 11:15:00,1.142675,TRENDING_DOWN,98.2395,0.000332,100
2026-07-13 11:15:00,1.142675,TRENDING_DOWN,98.332,0.000332,100
2026-07-13 11:15:00,1.142675,TRENDING_DOWN,98.4178,0.000333,100
2026-07-13 11:15:00,1.142675,TRENDING_DOWN,98.4975,0.000334,100
2026-07-13 11:15:00,1.142675,TRENDING_DOWN,98.5715,0.000334,100
2026-07-13 11:15:00,1.142675,TRENDING_DOWN,98.6403,0.000335,100
2026-07-13 11:15:00,1.142675,TRENDING_DOWN,98.7041,0.000335,100
2026-07-13 11:20:00,1.14274,TRENDING_DOWN,98.7869,0.000326,100
2026-07-13 11:20:00,1.14274,TRENDING_DOWN,98.8637,0.000318,100
2026-07-13 11:20:00,1.14274,TRENDING_DOWN,98.9351,0.00031,100
2026-07-13 11:20:00,1.14274,TRENDING_DOWN,99.0014,0.000303,100
2026-07-13 11:20:00,1.14274,TRENDING_DOWN,99.0629,0.000296,100
2026-07-13 11:20:00,1.14274,TRENDING_DOWN,99.12,0.00029,100
2026-07-13 11:20:00,1.14274,TRENDING_DOWN,99.1731,0.000284,100
2026-07-13 11:20:00,1.14274,TRENDING_DOWN,99.2224,0.000279,100
2026-07-13 11:20:00,1.14274,TRENDING_DOWN,99.2681,0.000274,100
2026-07-13 11:20:00,1.14274,TRENDING_DOWN,99.3106,0.00027,100
2026-07-13 11:20:00,1.14274,TRENDING_DOWN,99.3501,0.000265,100
2026-07-13 11:20:00,1.14274,TRENDING_DOWN,99.3867,0.000261,100
2026-07-13 11:20:00,1.14274,TRENDING_DOWN,99.4207,0.000258,100
2026-07-13 11:20:00,1.14274,TRENDING_DOWN,99.4523,0.000254,100
2026-07-13 11:20:00,1.14274,TRENDING_DOWN,99.4816,0.000251,100
2026-07-13 11:20:00,1.14274,TRENDING_UP,99.5089,0.000248,100
2026-07-13 11:20:00,1.14274,TRENDING_UP,99.5342,0.000245,100
2026-07-13 11:20:00,1.14274,TRENDING_UP,99.5576,0.000243,100
2026-07-13 11:20:00,1.14274,TRENDING_UP,99.5795,0.000241,100
2026-07-13 11:25:00,1.1429,TRENDING_UP,97.7921,0.000243,100
2026-07-13 11:25:00,1.1429,TRENDING_UP,96.1324,0.000245,100
2026-07-13 11:25:00,1.1429,TRENDING_UP,94.5912,0.000248,100
2026-07-13 11:25:00,1.1429,TRENDING_UP,93.1601,0.00025,100
2026-07-13 11:25:00,1.1429,TRENDING_UP,91.8313,0.000251,100
2026-07-13 11:25:00,1.1429,TRENDING_UP,90.5974,0.000253,100
2026-07-13 11:25:00,1.1429,TRENDING_UP,89.4516,0.000255,100
2026-07-13 11:25:00,1.1429,TRENDING_UP,88.3876,0.000256,100
2026-07-13 11:25:00,1.1429,TRENDING_UP,87.3996,0.000258,100
2026-07-13 11:25:00,1.1429,TRENDING_UP,86.4822,0.000259,100
2026-07-13 11:25:00,1.1429,TRENDING_UP,85.6304,0.00026,100
2026-07-13 11:25:00,1.1429,TRENDING_UP,84.8394,0.000261,100
2026-07-13 11:25:00,1.1429,TRENDING_UP,84.1049,0.000262,100
2026-07-13 11:25:00,1.1429,TRENDING_UP,83.4228,0.000263,100
2026-07-13 11:25:00,1.1429,TRENDING_UP,82.7895,0.000264,100
2026-07-13 11:25:00,1.1429,TRENDING_UP,82.2014,0.000265,100
2026-07-13 11:25:00,1.1429,TRENDING_UP,81.6553,0.000266,100
2026-07-13 11:25:00,1.1429,TRENDING_UP,81.1482,0.000266,100
2026-07-13 11:25:00,1.1429,TRENDING_UP,80.6774,0.000267,100
2026-07-13 11:30:00,1.14301,TRENDING_UP,81.0197,0.000263,100
2026-07-13 11:30:00,1.14301,TRENDING_UP,81.3375,0.00026,100
2026-07-13 11:30:00,1.14301,TRENDING_UP,81.6326,0.000257,100
2026-07-13 11:30:00,1.14301,TRENDING_UP,81.9067,0.000254,100
2026-07-13 11:30:00,1.14301,TRENDING_UP,82.1612,0.000251,100
2026-07-13 11:30:00,1.14301,TRENDING_UP,82.3975,0.000248,100
2026-07-13 11:30:00,1.14301,TRENDING_UP,82.6169,0.000246,100
2026-07-13 11:30:00,1.14301,TRENDING_UP,82.8207,0.000243,100
2026-07-13 11:30:00,1.14301,TRENDING_UP,83.0099,0.000241,100
2026-07-13 11:30:00,1.14301,TRENDING_UP,83.1856,0.000239,100
2026-07-13 11:30:00,1.14301,TRENDING_UP,83.3487,0.000238,100
2026-07-13 11:30:00,1.14301,TRENDING_UP,83.5002,0.000236,100
2026-07-13 11:30:00,1.14301,TRENDING_UP,83.6409,0.000234,100
2026-07-13 11:30:00,1.14301,TRENDING_UP,83.7715,0.000233,100
2026-07-13 11:30:00,1.14301,TRENDING_UP,83.8928,0.000232,100
2026-07-13 11:30:00,1.14301,TRENDING_UP,84.0054,0.00023,100
2026-07-13 11:30:00,1.14301,TRENDING_UP,84.11,0.000229,100
2026-07-13 11:30:00,1.14301,TRENDING_UP,84.2071,0.000228,100
2026-07-13 11:30:00,1.14301,TRENDING_UP,84.2973,0.000227,100
2026-07-13 11:35:00,1.142705,TRENDING_DOWN,83.3027,0.000233,100
2026-07-13 11:35:00,1.142705,TRENDING_DOWN,82.3792,0.000238,100
2026-07-13 11:35:00,1.142705,TRENDING_DOWN,81.5216,0.000242,100
2026-07-13 11:35:00,1.142705,TRENDING_DOWN,80.7253,0.000246,100
2026-07-13 11:35:00,1.142705,TRENDING_DOWN,79.9859,0.00025,100
2026-07-13 11:35:00,1.142705,TRENDING_DOWN,79.2993,0.000254,100
2026-07-13 11:35:00,1.142705,TRENDING_DOWN,78.6617,0.000257,100
2026-07-13 11:35:00,1.142705,TRENDING_DOWN,78.0697,0.000261,100
2026-07-13 11:35:00,1.142705,TRENDING_DOWN,77.52,0.000264,100
2026-07-13 11:35:00,1.142705,TRENDING_DOWN,77.0095,0.000266,100
2026-07-13 11:35:00,1.142705,TRENDING_DOWN,76.5355,0.000269,100
2026-07-13 11:35:00,1.142705,TRENDING_DOWN,76.0953,0.000271,100
2026-07-13 11:35:00,1.142705,TRENDING_DOWN,75.6866,0.000273,100
2026-07-13 11:35:00,1.142705,TRENDING_DOWN,75.3071,0.000275,100
2026-07-13 11:35:00,1.142705,TRENDING_DOWN,74.9547,0.000277,100
2026-07-13 11:35:00,1.142705,TRENDING_DOWN,74.6275,0.000279,100
2026-07-13 11:35:00,1.142705,TRENDING_DOWN,74.3236,0.000281,100
2026-07-13 11:35:00,1.142705,TRENDING_DOWN,74.0415,0.000282,100
2026-07-13 11:35:00,1.142705,TRENDING_DOWN,73.7795,0.000284,100
2026-07-13 11:40:00,1.14301,TRENDING_DOWN,72.4761,0.000283,100
2026-07-13 11:40:00,1.14301,TRENDING_UP,71.2659,0.000283,100
2026-07-13 11:40:00,1.14301,TRENDING_UP,70.1421,0.000283,100
2026-07-13 11:40:00,1.14301,TRENDING_UP,69.0986,0.000283,100
2026-07-13 11:40:00,1.14301,TRENDING_UP,68.1297,0.000282,100
2026-07-13 11:40:00,1.14301,TRENDING_UP,67.2299,0.000282,100
2026-07-13 11:40:00,1.14301,TRENDING_UP,66.3944,0.000282,100
2026-07-13 11:40:00,1.14301,TRENDING_UP,65.6186,0.000282,100
2026-07-13 11:40:00,1.14301,TRENDING_UP,64.8982,0.000282,100
2026-07-13 11:40:00,1.14301,TRENDING_UP,64.2293,0.000282,100
2026-07-13 11:40:00,1.14301,TRENDING_UP,63.6081,0.000282,100
2026-07-13 11:40:00,1.14301,TRENDING_UP,63.0313,0.000281,100
2026-07-13 11:40:00,1.14301,TRENDING_UP,62.4957,0.000281,100
2026-07-13 11:40:00,1.14301,TRENDING_UP,61.9984,0.000281,100
2026-07-13 11:40:00,1.14301,TRENDING_UP,61.5366,0.000281,100
2026-07-13 11:40:00,1.14301,TRENDING_UP,61.1078,0.000281,100
2026-07-13 11:40:00,1.14301,TRENDING_UP,60.7096,0.000281,100
2026-07-13 11:40:00,1.14301,TRENDING_UP,60.3398,0.000281,100
2026-07-13 11:40:00,1.14301,TRENDING_UP,59.9965,0.000281,100
2026-07-13 11:45:00,1.14297,TRENDING_UP,59.6777,0.000272,100
2026-07-13 11:45:00,1.14297,TRENDING_UP,59.3816,0.000264,100
2026-07-13 11:45:00,1.14297,TRENDING_UP,59.1067,0.000256,100
2026-07-13 11:45:00,1.14297,TRENDING_UP,58.8515,0.000249,100
2026-07-13 11:45:00,1.14297,TRENDING_UP,58.6144,0.000243,100
2026-07-13 11:45:00,1.14297,TRENDING_UP,58.3943,0.000237,100
2026-07-13 11:45:00,1.14297,TRENDING_UP,58.19,0.000231,100
2026-07-13 11:45:00,1.14297,TRENDING_UP,58.0002,0.000226,100
2026-07-13 11:45:00,1.14297,TRENDING_UP,57.824,0.000221,100
2026-07-13 11:45:00,1.14297,TRENDING_UP,57.6603,0.000216,100
2026-07-13 11:45:00,1.14297,TRENDING_UP,57.5084,0.000212,100
2026-07-13 11:45:00,1.14297,TRENDING_UP,57.3673,0.000208,100
2026-07-13 11:45:00,1.14297,TRENDING_UP,57.2363,0.000205,100
2026-07-13 11:45:00,1.14297,TRENDING_UP,57.1146,0.000201,100
2026-07-13 11:45:00,1.14297,TRENDING_UP,57.0016,0.000198,100
2026-07-13 11:45:00,1.14297,TRENDING_UP,56.8967,0.000195,100
2026-07-13 11:45:00,1.14297,TRENDING_UP,56.7993,0.000192,100
2026-07-13 11:45:00,1.14297,TRENDING_UP,56.7089,0.00019,100
2026-07-13 11:45:00,1.14297,TRENDING_UP,56.6249,0.000188,100
2026-07-13 11:50:00,1.142825,TRENDING_DOWN,59.5924,0.00019,100
2026-07-13 11:50:00,1.142825,TRENDING_DOWN,62.3479,0.000192,100
2026-07-13 11:50:00,1.142825,TRENDING_DOWN,64.9065,0.000194,100
2026-07-13 11:50:00,1.142825,TRENDING_DOWN,67.2825,0.000196,100
2026-07-13 11:50:00,1.142825,TRENDING_DOWN,69.4887,0.000197,100
2026-07-13 11:50:00,1.142825,TRENDING_DOWN,71.5373,0.000199,100
2026-07-13 11:50:00,1.142825,TRENDING_DOWN,73.4396,0.0002,100
2026-07-13 11:50:00,1.142825,TRENDING_DOWN,75.206,0.000202,100
2026-07-13 11:50:00,1.142825,TRENDING_DOWN,76.8462,0.000203,100
2026-07-13 11:50:00,1.142825,TRENDING_DOWN,78.3693,0.000204,100
2026-07-13 11:50:00,1.142825,TRENDING_DOWN,79.7836,0.000205,100
2026-07-13 11:50:00,1.142825,TRENDING_DOWN,81.0969,0.000206,100
2026-07-13 11:50:00,1.142825,TRENDING_DOWN,82.3163,0.000207,100
2026-07-13 11:50:00,1.142825,TRENDING_DOWN,83.4487,0.000208,100
2026-07-13 11:50:00,1.142825,TRENDING_DOWN,84.5002,0.000209,100
2026-07-13 11:50:00,1.142825,TRENDING_DOWN,85.4765,0.000209,100
2026-07-13 11:50:00,1.142825,TRENDING_DOWN,86.3832,0.00021,100
2026-07-13 11:50:00,1.142825,TRENDING_DOWN,87.2251,0.000211,100
2026-07-13 11:50:00,1.142825,TRENDING_DOWN,88.0068,0.000211,100
2026-07-13 11:55:00,1.14275,TRENDING_DOWN,88.8403,0.00021,100
2026-07-13 11:55:00,1.14275,TRENDING_DOWN,89.6143,0.000208,100
2026-07-13 11:55:00,1.14275,TRENDING_DOWN,90.333,0.000207,100
2026-07-13 11:55:00,1.14275,TRENDING_DOWN,91.0004,0.000205,100
2026-07-13 11:55:00,1.14275,TRENDING_DOWN,91.6201,0.000204,100
2026-07-13 11:55:00,1.14275,TRENDING_DOWN,92.1955,0.000203,100
2026-07-13 11:55:00,1.14275,TRENDING_DOWN,92.7299,0.000202,100
2026-07-13 11:55:00,1.14275,TRENDING_DOWN,93.2261,0.000201,100
2026-07-13 11:55:00,1.14275,TRENDING_DOWN,93.6868,0.0002,100
2026-07-13 11:55:00,1.14275,TRENDING_DOWN,94.1146,0.000199,100
2026-07-13 11:55:00,1.14275,TRENDING_DOWN,94.5119,0.000198,100
2026-07-13 11:55:00,1.14275,TRENDING_DOWN,94.8807,0.000198,100
2026-07-13 11:55:00,1.14275,TRENDING_DOWN,95.2233,0.000197,100
2026-07-13 11:55:00,1.14275,TRENDING_DOWN,95.5414,0.000196,100
2026-07-13 11:55:00,1.14275,TRENDING_DOWN,95.8367,0.000196,100
2026-07-13 11:55:00,1.14275,TRENDING_DOWN,96.111,0.000195,100
2026-07-13 11:55:00,1.14275,TRENDING_DOWN,96.3656,0.000195,100
2026-07-13 11:55:00,1.14275,TRENDING_DOWN,96.6021,0.000194,100
2026-07-13 11:55:00,1.14275,TRENDING_DOWN,96.8217,0.000194,100
2026-07-13 12:00:00,1.142705,TRENDING_DOWN,95.1604,0.000207,100
2026-07-13 12:00:00,1.142705,TRENDING_DOWN,93.6177,0.00022,100
2026-07-13 12:00:00,1.142705,TRENDING_DOWN,92.1852,0.000231,100
2026-07-13 12:00:00,1.142705,TRENDING_DOWN,90.8551,0.000242,100
2026-07-13 12:00:00,1.142705,TRENDING_DOWN,89.62,0.000252,100
2026-07-13 12:00:00,1.142705,TRENDING_DOWN,88.4731,0.000261,100
2026-07-13 12:00:00,1.142705,TRENDING_DOWN,87.4081,0.000269,100
2026-07-13 12:00:00,1.142705,TRENDING_DOWN,86.4191,0.000277,100
2026-07-13 12:00:00,1.142705,TRENDING_DOWN,85.5009,0.000285,100
2026-07-13 12:00:00,1.142705,TRENDING_DOWN,84.6482,0.000292,100
2026-07-13 12:00:00,1.142705,TRENDING_DOWN,83.8564,0.000298,100
2026-07-13 12:00:00,1.142705,TRENDING_DOWN,83.1212,0.000304,100
2026-07-13 12:00:00,1.142705,TRENDING_DOWN,82.4385,0.000309,100
2026-07-13 12:00:00,1.142705,TRENDING_DOWN,81.8045,0.000314,100
2026-07-13 12:00:00,1.142705,TRENDING_DOWN,81.2158,0.000319,100
2026-07-13 12:00:00,1.142705,TRENDING_DOWN,80.6692,0.000324,100
2026-07-13 12:00:00,1.142705,TRENDING_DOWN,80.1617,0.000328,100
2026-07-13 12:00:00,1.142745,TRENDING_DOWN,79.6903,0.000331,100
2026-07-13 12:00:00,1.142705,TRENDING_DOWN,79.2527,0.000335,100
2026-07-13 12:05:00,1.14235,TRENDING_DOWN,79.4207,0.000348,100
2026-07-13 12:05:00,1.14235,TRENDING_DOWN,79.5768,0.000361,100
2026-07-13 12:05:00,1.14235,TRENDING_DOWN,79.7217,0.000372,100
2026-07-13 12:05:00,1.14235,TRENDING_DOWN,79.8562,0.000383,100
2026-07-13 12:05:00,1.14235,TRENDING_DOWN,79.9811,0.000393,100
2026-07-13 12:05:00,1.14235,TRENDING_DOWN,80.0971,0.000402,100
2026-07-13 12:05:00,1.14235,TRENDING_DOWN,80.2049,0.00041,100
2026-07-13 12:05:00,1.14235,TRENDING_DOWN,80.3049,0.000418,100
2026-07-13 12:05:00,1.14235,TRENDING_DOWN,80.3978,0.000425,100
2026-07-13 12:05:00,1.14235,TRENDING_DOWN,80.484,0.000432,100
2026-07-13 12:05:00,1.14235,TRENDING_DOWN,80.5641,0.000439,100
2026-07-13 12:05:00,1.14235,TRENDING_DOWN,80.6385,0.000445,100
2026-07-13 12:05:00,1.14235,TRENDING_DOWN,80.7075,0.00045,100
2026-07-13 12:05:00,1.14235,TRENDING_DOWN,80.7717,0.000455,100
2026-07-13 12:05:00,1.14235,TRENDING_DOWN,80.8312,0.00046,100
2026-07-13 12:05:00,1.14235,TRENDING_DOWN,80.8865,0.000464,100
2026-07-13 12:05:00,1.14235,TRENDING_DOWN,80.9378,0.000468,100
2026-07-13 12:10:00,1.142235,TRENDING_DOWN,81.6549,0.000472,100
2026-07-13 12:10:00,1.142235,TRENDING_DOWN,82.3207,0.000475,100
2026-07-13 12:10:00,1.142235,TRENDING_DOWN,82.9389,0.000479,100
2026-07-13 12:10:00,1.142235,TRENDING_DOWN,83.513,0.000482,100
2026-07-13 12:10:00,1.142235,TRENDING_DOWN,84.0461,0.000485,100
2026-07-13 12:10:00,1.142235,TRENDING_DOWN,84.5411,0.000487,100
2026-07-13 12:10:00,1.142235,TRENDING_DOWN,85.0008,0.00049,100
2026-07-13 12:10:00,1.142235,TRENDING_DOWN,85.4276,0.000492,100
2026-07-13 12:10:00,1.142235,TRENDING_DOWN,85.824,0.000494,100
2026-07-13 12:10:00,1.142235,TRENDING_DOWN,86.192,0.000496,100
2026-07-13 12:10:00,1.142235,TRENDING_DOWN,86.5337,0.000498,100
2026-07-13 12:10:00,1.142235,TRENDING_DOWN,86.851,0.000499,100
2026-07-13 12:10:00,1.142235,TRENDING_DOWN,87.1457,0.000501,100
2026-07-13 12:10:00,1.142235,TRENDING_DOWN,87.4193,0.000502,100
2026-07-13 12:10:00,1.142235,TRENDING_DOWN,87.6734,0.000504,100
2026-07-13 12:10:00,1.142235,TRENDING_DOWN,87.9093,0.000505,100
2026-07-13 12:15:00,1.14231,TRENDING_DOWN,88.1284,0.000483,100
2026-07-13 12:15:00,1.14231,TRENDING_DOWN,88.3318,0.000464,100
2026-07-13 12:15:00,1.14231,TRENDING_DOWN,88.5207,0.000445,100
2026-07-13 12:15:00,1.14231,TRENDING_DOWN,88.6961,0.000428,100
2026-07-13 12:15:00,1.14231,TRENDING_DOWN,88.859,0.000412,100
2026-07-13 12:15:00,1.14231,TRENDING_UP,89.0102,0.000397,100
2026-07-13 12:15:00,1.14231,TRENDING_UP,89.1506,0.000384,100
2026-07-13 12:15:00,1.14231,TRENDING_UP,89.281,0.000371,100
2026-07-13 12:15:00,1.14231,TRENDING_UP,89.4021,0.000359,100
2026-07-13 12:15:00,1.14231,TRENDING_UP,89.5146,0.000348,100
2026-07-13 12:15:00,1.14231,TRENDING_UP,89.619,0.000338,100
2026-07-13 12:15:00,1.14231,TRENDING_UP,89.7159,0.000329,100
2026-07-13 12:15:00,1.14231,TRENDING_UP,89.8059,0.00032,100
2026-07-13 12:15:00,1.14231,TRENDING_UP,89.8895,0.000312,100
2026-07-13 12:15:00,1.14231,TRENDING_UP,89.9672,0.000304,100
2026-07-13 12:20:00,1.14244,TRENDING_UP,90.5458,0.000305,100
2026-07-13 12:20:00,1.14244,TRENDING_UP,91.083,0.000306,100
2026-07-13 12:20:00,1.14244,TRENDING_UP,91.5819,0.000306,100
2026-07-13 12:20:00,1.14244,TRENDING_UP,92.0452,0.000307,100
2026-07-13 12:20:00,1.14244,TRENDING_UP,92.4754,0.000307,100
2026-07-13 12:20:00,1.14244,TRENDING_UP,92.8748,0.000308,100
2026-07-13 12:20:00,1.14244,TRENDING_UP,93.2457,0.000309,100
2026-07-13 12:20:00,1.14244,TRENDING_UP,93.5902,0.000309,100
2026-07-13 12:20:00,1.14244,TRENDING_UP,93.91,0.000309,100
2026-07-13 12:20:00,1.14244,TRENDING_UP,94.207,0.00031,100
2026-07-13 12:20:00,1.14244,TRENDING_UP,94.4827,0.00031,100
2026-07-13 12:20:00,1.14244,TRENDING_UP,94.7388,0.000311,100
2026-07-13 12:20:00,1.14244,TRENDING_UP,94.9766,0.000311,100
2026-07-13 12:20:00,1.14244,TRENDING_UP,95.1974,0.000311,100
2026-07-13 12:25:00,1.14241,TRENDING_UP,90.2806,0.000314,100
2026-07-13 12:25:00,1.14241,TRENDING_UP,85.715,0.000317,100
2026-07-13 12:25:00,1.14241,TRENDING_UP,81.4756,0.000319,100
2026-07-13 12:25:00,1.14241,TRENDING_UP,77.539,0.000321,100
2026-07-13 12:25:00,1.14241,TRENDING_UP,73.8835,0.000323,100
2026-07-13 12:25:00,1.14241,TRENDING_UP,70.4892,0.000325,100
2026-07-13 12:25:00,1.14241,TRENDING_UP,67.3373,0.000327,100
2026-07-13 12:25:00,1.14241,TRENDING_UP,64.4106,0.000329,100
2026-07-13 12:25:00,1.14241,TRENDING_UP,61.6929,0.00033,100
2026-07-13 12:25:00,1.14241,TRENDING_UP,59.1693,0.000332,100
2026-07-13 12:25:00,1.14241,TRENDING_UP,56.826,0.000333,100
2026-07-13 12:25:00,1.14241,TRENDING_UP,54.65,0.000334,100
2026-07-13 12:25:00,1.14241,TRENDING_UP,52.6295,0.000335,100
2026-07-13 12:30:00,1.142675,TRENDING_UP,54.7261,0.000335,100
2026-07-13 12:30:00,1.142675,TRENDING_UP,56.673,0.000334,100
2026-07-13 12:30:00,1.142675,TRENDING_UP,58.4808,0.000334,100
2026-07-13 12:30:00,1.142675,TRENDING_UP,60.1594,0.000333,100
2026-07-13 12:30:00,1.142675,TRENDING_UP,61.7182,0.000333,100
2026-07-13 12:30:00,1.142675,TRENDING_UP,63.1656,0.000333,100
2026-07-13 12:30:00,1.142675,TRENDING_UP,64.5096,0.000332,100
2026-07-13 12:30:00,1.142675,TRENDING_UP,65.7576,0.000332,100
2026-07-13 12:30:00,1.142675,TRENDING_UP,66.9165,0.000332,100
2026-07-13 12:30:00,1.142675,TRENDING_UP,67.9926,0.000332,100
2026-07-13 12:30:00,1.142675,TRENDING_UP,68.9918,0.000331,100
2026-07-13 12:30:00,1.142675,TRENDING_UP,69.9197,0.000331,100
2026-07-13 12:35:00,1.142655,TRENDING_UP,71.6743,0.000323,100
2026-07-13 12:35:00,1.142655,TRENDING_UP,73.3036,0.000316,100
2026-07-13 12:35:00,1.142655,TRENDING_UP,74.8166,0.00031,100
2026-07-13 12:35:00,1.142655,TRENDING_UP,76.2214,0.000303,100
2026-07-13 12:35:00,1.142655,TRENDING_UP,77.5259,0.000298,100
2026-07-13 12:35:00,1.142655,TRENDING_UP,78.7373,0.000292,100
2026-07-13 12:35:00,1.142655,TRENDING_UP,79.8621,0.000287,100
2026-07-13 12:35:00,1.142655,TRENDING_UP,80.9065,0.000283,100
2026-07-13 12:35:00,1.142655,TRENDING_UP,81.8764,0.000279,100
2026-07-13 12:35:00,1.142655,TRENDING_UP,82.777,0.000275,100
2026-07-13 12:35:00,1.142655,TRENDING_UP,83.6132,0.000271,100
2026-07-13 12:40:00,1.14254,TRENDING_UP,78.7767,0.000273,100
2026-07-13 12:40:00,1.14254,TRENDING_DOWN,74.2855,0.000274,100
2026-07-13 12:40:00,1.14254,TRENDING_DOWN,70.1152,0.000275,100
2026-07-13 12:40:00,1.14254,TRENDING_DOWN,66.2428,0.000277,100
2026-07-13 12:40:00,1.14254,TRENDING_DOWN,62.647,0.000278,100
2026-07-13 12:40:00,1.14254,TRENDING_DOWN,59.308,0.000279,100
2026-07-13 12:40:00,1.14254,TRENDING_DOWN,56.2075,0.00028,100
2026-07-13 12:40:00,1.14254,TRENDING_DOWN,53.3285,0.000281,100
2026-07-13 12:40:00,1.14254,TRENDING_DOWN,50.6551,0.000282,100
2026-07-13 12:40:00,1.14254,TRENDING_DOWN,48.1726,0.000283,100
2026-07-13 12:45:00,1.142605,TRENDING_DOWN,45.8358,0.000284,100
2026-07-13 12:45:00,1.142605,TRENDING_DOWN,43.6659,0.000285,100
2026-07-13 12:45:00,1.142605,TRENDING_DOWN,41.651,0.000286,99
2026-07-13 12:45:00,1.142605,TRENDING_DOWN,39.78,0.000286,94
2026-07-13 12:45:00,1.142605,TRENDING_UP,38.0426,0.000287,89
2026-07-13 12:45:00,1.142605,TRENDING_UP,36.4293,0.000288,84
2026-07-13 12:45:00,1.142605,TRENDING_UP,34.9313,0.000289,79
2026-07-13 12:45:00,1.142605,TRENDING_UP,33.5403,0.000289,75
2026-07-13 12:45:00,1.142605,TRENDING_UP,32.2486,0.00029,71
2026-07-13 12:50:00,1.142525,TRENDING_DOWN,36.0367,0.000298,83
2026-07-13 12:50:00,1.142525,TRENDING_DOWN,39.5542,0.000305,93
2026-07-13 12:50:00,1.142525,TRENDING_DOWN,42.8205,0.000311,100
2026-07-13 12:50:00,1.142525,TRENDING_DOWN,45.8535,0.000318,100
2026-07-13 12:50:00,1.142525,TRENDING_DOWN,48.6698,0.000323,100
2026-07-13 12:50:00,1.142525,TRENDING_DOWN,51.285,0.000329,100
2026-07-13 12:50:00,1.142525,TRENDING_DOWN,53.7133,0.000334,100
2026-07-13 12:50:00,1.142525,TRENDING_DOWN,55.9683,0.000338,100
2026-07-13 12:55:00,1.143085,TRENDING_UP,54.923,0.000349,100
2026-07-13 12:55:00,1.143085,TRENDING_UP,53.9524,0.000359,100
2026-07-13 12:55:00,1.143085,TRENDING_UP,53.0512,0.000368,100
2026-07-13 12:55:00,1.143085,TRENDING_UP,52.2143,0.000376,100
2026-07-13 12:55:00,1.143085,TRENDING_UP,51.4372,0.000384,100
2026-07-13 12:55:00,1.143085,TRENDING_UP,50.7156,0.000391,100
2026-07-13 12:55:00,1.143085,TRENDING_UP,50.0456,0.000398,100
2026-07-13 13:00:00,1.143085,TRENDING_UP,51.0442,0.000393,100
2026-07-13 13:00:00,1.143085,TRENDING_UP,51.9715,0.000388,100
2026-07-13 13:00:00,1.143085,TRENDING_UP,52.8326,0.000383,100
2026-07-13 13:00:00,1.143085,TRENDING_UP,53.6321,0.000379,100
2026-07-13 13:00:00,1.143085,TRENDING_UP,54.3746,0.000375,100
2026-07-13 13:00:00,1.143085,TRENDING_UP,55.064,0.000371,100
2026-07-13 13:05:00,1.143,TRENDING_UP,53.9084,0.000359,100
2026-07-13 13:05:00,1.143,TRENDING_UP,52.8354,0.000347,100
2026-07-13 13:05:00,1.143,TRENDING_UP,51.839,0.000337,100
2026-07-13 13:05:00,1.143,TRENDING_UP,50.9138,0.000327,100
2026-07-13 13:05:00,1.143,TRENDING_UP,50.0547,0.000317,100
2026-07-13 13:10:00,1.14265,TRENDING_UP,48.3679,0.000323,100
2026-07-13 13:10:00,1.14265,TRENDING_DOWN,46.8016,0.000329,100
2026-07-13 13:10:00,1.14265,TRENDING_DOWN,45.3472,0.000334,100
2026-07-13 13:10:00,1.14265,TRENDING_DOWN,43.9967,0.000338,100
2026-07-13 13:15:00,1.14255,TRENDING_DOWN,43.6951,0.000328,100
2026-07-13 13:15:00,1.14255,TRENDING_DOWN,43.4151,0.000319,100
2026-07-13 13:15:00,1.14255,TRENDING_DOWN,43.1551,0.00031,100
2026-07-13 13:20:00,1.142525,TRENDING_DOWN,42.403,0.000303,100
2026-07-13 13:20:00,1.142525,TRENDING_DOWN,41.7046,0.000297,100
2026-07-13 13:25:00,1.14245,TRENDING_DOWN,42.6819,0.000296,100
